t,type,level,bytes
-29.888,flush_begin,0,0
-29.878,flush_end,0,2686930
-29.868,flush_begin,0,0
-29.858,flush_end,0,2686931
-29.849,flush_begin,0,0
-29.838,flush_end,0,2686931
-29.829,flush_begin,0,0
-29.818,flush_end,0,2686931
-29.807,flush_begin,0,0
-29.797,flush_end,0,2686931
-29.787,flush_begin,0,0
-29.777,flush_end,0,2686930
-29.767,flush_begin,0,0
-29.757,flush_end,0,2686932
-29.747,flush_begin,0,0
-29.736,flush_end,0,2686930
-29.726,flush_begin,0,0
-29.716,flush_end,0,2686932
-29.706,flush_begin,0,0
-29.695,flush_end,0,2686930
-29.685,flush_begin,0,0
-29.674,flush_end,0,2686931
-29.664,flush_begin,0,0
-29.653,flush_end,0,2686931
-29.643,flush_begin,0,0
-29.633,flush_end,0,2686930
-29.623,flush_begin,0,0
-29.614,flush_end,0,2686932
-29.604,flush_begin,0,0
-29.594,flush_end,0,2686930
-29.584,flush_begin,0,0
-29.574,flush_end,0,2686931
-29.564,flush_begin,0,0
-29.554,flush_end,0,2686931
-29.543,flush_begin,0,0
-29.533,flush_end,0,2686931
-29.523,flush_begin,0,0
-29.513,flush_end,0,2686931
-29.503,flush_begin,0,0
-29.493,flush_end,0,2686931
-29.483,flush_begin,0,0
-29.473,flush_end,0,2686930
-29.463,flush_begin,0,0
-29.453,flush_end,0,2686933
-29.443,flush_begin,0,0
-29.433,flush_end,0,2686930
-29.423,flush_begin,0,0
-29.413,flush_end,0,2686932
-29.403,flush_begin,0,0
-29.393,flush_end,0,2686930
-29.383,flush_begin,0,0
-29.373,flush_end,0,2686930
-29.363,flush_begin,0,0
-29.353,flush_end,0,2686932
-29.343,flush_begin,0,0
-29.333,flush_end,0,2686930
-29.322,flush_begin,0,0
-29.311,flush_end,0,2686932
-29.301,flush_begin,0,0
-29.289,flush_end,0,2686930
-29.279,flush_begin,0,0
-29.269,flush_end,0,2686931
-29.260,flush_begin,0,0
-29.250,flush_end,0,2686931
-29.240,flush_begin,0,0
-29.230,flush_end,0,2686931
-29.220,flush_begin,0,0
-29.210,flush_end,0,2686931
-29.200,flush_begin,0,0
-29.190,flush_end,0,2686931
-29.179,flush_begin,0,0
-29.169,flush_end,0,2686930
-29.158,flush_begin,0,0
-29.148,flush_end,0,2686932
-29.138,flush_begin,0,0
-29.128,flush_end,0,2686930
-29.118,flush_begin,0,0
-29.108,flush_end,0,2686931
-29.099,flush_begin,0,0
-29.089,flush_end,0,2686931
-29.074,trivial_move,3,2686930
-29.072,flush_begin,0,0
-29.062,flush_end,0,2686930
-29.047,trivial_move,3,2686931
-29.045,flush_begin,0,0
-29.034,flush_end,0,2686932
-29.018,trivial_move,3,2686931
-29.016,flush_begin,0,0
-29.006,flush_end,0,2686930
-28.992,trivial_move,3,2686931
-28.990,flush_begin,0,0
-28.978,flush_end,0,2686933
-28.961,trivial_move,3,2686931
-28.960,flush_begin,0,0
-28.947,flush_end,0,2686930
-28.932,trivial_move,3,2686930
-28.930,flush_begin,0,0
-28.918,flush_end,0,2686931
-28.903,trivial_move,3,2686932
-28.901,flush_begin,0,0
-28.888,flush_end,0,2686931
-28.873,trivial_move,3,2686930
-28.870,flush_begin,0,0
-28.858,flush_end,0,2686931
-28.842,trivial_move,3,2686932
-28.840,flush_begin,0,0
-28.829,flush_end,0,2686931
-28.815,trivial_move,3,2686930
-28.812,flush_begin,0,0
-28.801,flush_end,0,2686930
-28.785,trivial_move,3,2686931
-28.782,flush_begin,0,0
-28.770,flush_end,0,2686930
-28.754,trivial_move,3,2686931
-28.751,flush_begin,0,0
-28.739,flush_end,0,2686931
-28.723,trivial_move,3,2686930
-28.720,flush_begin,0,0
-28.707,flush_end,0,2686931
-28.692,trivial_move,3,2686932
-28.689,flush_begin,0,0
-28.677,flush_end,0,2686931
-28.661,trivial_move,3,2686930
-28.659,flush_begin,0,0
-28.646,flush_end,0,2686931
-28.630,trivial_move,3,2686931
-28.626,flush_begin,0,0
-28.612,flush_end,0,2686930
-28.597,trivial_move,3,2686931
-28.594,flush_begin,0,0
-28.581,flush_end,0,2686932
-28.565,trivial_move,3,2686931
-28.563,flush_begin,0,0
-28.549,flush_end,0,2686930
-28.534,trivial_move,3,2686931
-28.530,flush_begin,0,0
-28.516,flush_end,0,2686932
-28.501,trivial_move,3,2686931
-28.497,flush_begin,0,0
-28.484,flush_end,0,2686930
-28.468,trivial_move,3,2686930
-28.465,flush_begin,0,0
-28.452,flush_end,0,2686931
-28.436,trivial_move,3,2686933
-28.432,flush_begin,0,0
-28.419,flush_end,0,2686931
-28.403,trivial_move,3,2686930
-28.400,flush_begin,0,0
-28.386,flush_end,0,2686930
-28.370,trivial_move,3,2686932
-28.367,flush_begin,0,0
-28.353,flush_end,0,2686932
-28.338,trivial_move,3,2686930
-28.334,flush_begin,0,0
-28.321,flush_end,0,2686930
-28.304,trivial_move,3,2686930
-28.301,flush_begin,0,0
-28.286,flush_end,0,2686932
-28.271,trivial_move,3,2686932
-28.268,flush_begin,0,0
-28.255,flush_end,0,2686931
-28.239,trivial_move,3,2686930
-28.236,flush_begin,0,0
-28.224,flush_end,0,2686931
-28.208,trivial_move,3,2686932
-28.205,flush_begin,0,0
-28.191,flush_end,0,2686931
-28.176,trivial_move,3,2686930
-28.173,flush_begin,0,0
-28.159,flush_end,0,2686931
-28.144,trivial_move,3,2686931
-28.141,flush_begin,0,0
-28.126,flush_end,0,2686930
-28.111,trivial_move,3,2686931
-28.108,flush_begin,0,0
-28.096,flush_end,0,2686932
-28.080,trivial_move,3,2686931
-28.076,flush_begin,0,0
-28.063,flush_end,0,2686930
-28.047,trivial_move,3,2686931
-28.044,flush_begin,0,0
-28.030,flush_end,0,2686932
-28.014,trivial_move,3,2686931
-28.012,flush_begin,0,0
-27.999,flush_end,0,2686930
-27.984,trivial_move,3,2686930
-27.981,flush_begin,0,0
-27.968,flush_end,0,2686930
-27.953,trivial_move,3,2686932
-27.950,flush_begin,0,0
-27.936,flush_end,0,2686932
-27.920,trivial_move,3,2686930
-27.918,flush_begin,0,0
-27.905,flush_end,0,2686930
-27.889,trivial_move,3,2686931
-27.886,flush_begin,0,0
-27.871,flush_end,0,2686932
-27.856,trivial_move,3,2686931
-27.853,flush_begin,0,0
-27.838,flush_end,0,2686930
-27.822,trivial_move,3,2686930
-27.819,flush_begin,0,0
-27.806,flush_end,0,2686931
-27.790,trivial_move,3,2686932
-27.786,flush_begin,0,0
-27.772,flush_end,0,2686931
-27.756,trivial_move,3,2686930
-27.754,flush_begin,0,0
-27.741,flush_end,0,2686931
-27.724,trivial_move,3,2686933
-27.722,flush_begin,0,0
-27.708,flush_end,0,2686931
-27.692,trivial_move,3,2686930
-27.682,flush_begin,0,0
-27.668,flush_end,0,2686931
-27.652,trivial_move,3,2686931
-27.650,flush_begin,0,0
-27.634,flush_end,0,2686930
-27.618,trivial_move,3,2686931
-27.615,flush_begin,0,0
-27.600,flush_end,0,2686933
-27.584,trivial_move,3,2686931
-27.582,flush_begin,0,0
-27.568,flush_end,0,2686930
-27.552,trivial_move,3,2686931
-27.549,flush_begin,0,0
-27.536,flush_end,0,2686931
-27.520,trivial_move,3,2686930
-27.517,flush_begin,0,0
-27.504,flush_end,0,2686931
-27.492,trivial_move,3,2686930
-27.490,flush_begin,0,0
-27.477,flush_end,0,2686930
-27.462,trivial_move,3,2686931
-27.459,flush_begin,0,0
-27.446,flush_end,0,2686932
-27.431,trivial_move,3,2686931
-27.428,flush_begin,0,0
-27.415,flush_end,0,2686930
-27.400,trivial_move,3,2686931
-27.397,flush_begin,0,0
-27.385,flush_end,0,2686932
-27.370,trivial_move,3,2686931
-27.367,flush_begin,0,0
-27.355,flush_end,0,2686930
-27.339,trivial_move,3,2686930
-27.336,flush_begin,0,0
-27.324,flush_end,0,2686931
-27.309,trivial_move,3,2686932
-27.306,flush_begin,0,0
-27.294,flush_end,0,2686931
-27.277,trivial_move,3,2686930
-27.275,flush_begin,0,0
-27.262,flush_end,0,2686931
-27.246,trivial_move,3,2686932
-27.245,flush_begin,0,0
-27.232,flush_end,0,2686931
-27.216,trivial_move,3,2686930
-27.214,flush_begin,0,0
-27.201,flush_end,0,2686930
-27.185,trivial_move,3,2686931
-27.183,flush_begin,0,0
-27.171,flush_end,0,2686930
-27.155,trivial_move,3,2686931
-27.152,flush_begin,0,0
-27.141,flush_end,0,2686931
-27.124,trivial_move,3,2686930
-27.122,flush_begin,0,0
-27.110,flush_end,0,2686931
-27.093,trivial_move,3,2686932
-27.091,flush_begin,0,0
-27.079,flush_end,0,2686931
-27.063,trivial_move,3,2686930
-27.060,flush_begin,0,0
-27.048,flush_end,0,2686931
-27.032,trivial_move,3,2686932
-27.029,flush_begin,0,0
-27.015,flush_end,0,2686930
-26.999,trivial_move,3,2686931
-26.997,flush_begin,0,0
-26.984,flush_end,0,2686932
-26.969,trivial_move,3,2686931
-26.966,flush_begin,0,0
-26.953,flush_end,0,2686930
-26.937,trivial_move,3,2686931
-26.934,flush_begin,0,0
-26.920,flush_end,0,2686933
-26.904,trivial_move,3,2686931
-26.902,flush_begin,0,0
-26.888,flush_end,0,2686930
-26.871,trivial_move,3,2686930
-26.870,flush_begin,0,0
-26.856,flush_end,0,2686931
-26.841,trivial_move,3,2686932
-26.838,flush_begin,0,0
-26.825,flush_end,0,2686931
-26.809,trivial_move,3,2686930
-26.807,flush_begin,0,0
-26.793,flush_end,0,2686930
-26.778,trivial_move,3,2686932
-26.775,flush_begin,0,0
-26.763,flush_end,0,2686932
-26.747,trivial_move,3,2686930
-26.745,flush_begin,0,0
-26.732,flush_end,0,2686930
-26.717,trivial_move,3,2686930
-26.714,flush_begin,0,0
-26.702,flush_end,0,2686931
-26.688,trivial_move,3,2686932
-26.686,flush_begin,0,0
-26.674,flush_end,0,2686931
-26.658,trivial_move,3,2686930
-26.655,flush_begin,0,0
-26.643,flush_end,0,2686931
-26.627,trivial_move,3,2686932
-26.625,flush_begin,0,0
-26.613,flush_end,0,2686931
-26.597,trivial_move,3,2686930
-26.594,flush_begin,0,0
-26.581,flush_end,0,2686931
-26.565,trivial_move,3,2686931
-26.563,flush_begin,0,0
-26.550,flush_end,0,2686930
-26.534,trivial_move,3,2686931
-26.532,flush_begin,0,0
-26.520,flush_end,0,2686932
-26.504,trivial_move,3,2686931
-26.501,flush_begin,0,0
-26.489,flush_end,0,2686930
-26.474,trivial_move,3,2686931
-26.471,flush_begin,0,0
-26.459,flush_end,0,2686932
-26.442,trivial_move,3,2686931
-26.440,flush_begin,0,0
-26.428,flush_end,0,2686930
-26.412,trivial_move,3,2686930
-26.409,flush_begin,0,0
-26.397,flush_end,0,2686930
-26.382,trivial_move,3,2686933
-26.379,flush_begin,0,0
-26.368,flush_end,0,2686932
-26.351,trivial_move,3,2686930
-26.349,flush_begin,0,0
-26.337,flush_end,0,2686930
-26.321,trivial_move,3,2686931
-26.318,flush_begin,0,0
-26.306,flush_end,0,2686932
-26.289,trivial_move,3,2686931
-26.287,flush_begin,0,0
-26.274,flush_end,0,2686930
-26.258,trivial_move,3,2686930
-26.256,flush_begin,0,0
-26.243,flush_end,0,2686932
-26.227,trivial_move,3,2686932
-26.226,flush_begin,0,0
-26.212,flush_end,0,2686931
-26.197,trivial_move,3,2686930
-26.195,flush_begin,0,0
-26.183,flush_end,0,2686931
-26.167,trivial_move,3,2686932
-26.164,flush_begin,0,0
-26.152,flush_end,0,2686931
-26.136,trivial_move,3,2686930
-26.133,flush_begin,0,0
-26.120,flush_end,0,2686931
-26.104,trivial_move,3,2686931
-26.102,flush_begin,0,0
-26.090,flush_end,0,2686930
-26.074,trivial_move,3,2686931
-26.071,flush_begin,0,0
-26.057,flush_end,0,2686932
-26.041,trivial_move,3,2686931
-26.039,flush_begin,0,0
-26.025,flush_end,0,2686930
-26.010,trivial_move,3,2686931
-26.007,flush_begin,0,0
-25.994,flush_end,0,2686931
-25.978,trivial_move,3,2686930
-25.975,flush_begin,0,0
-25.962,flush_end,0,2686931
-25.945,trivial_move,3,2686930
-25.942,flush_begin,0,0
-25.928,flush_end,0,2686930
-25.913,trivial_move,3,2686931
-25.910,flush_begin,0,0
-25.896,flush_end,0,2686932
-25.881,trivial_move,3,2686931
-25.879,flush_begin,0,0
-25.867,flush_end,0,2686930
-25.851,trivial_move,3,2686931
-25.849,flush_begin,0,0
-25.836,flush_end,0,2686932
-25.821,trivial_move,3,2686931
-25.819,flush_begin,0,0
-25.804,flush_end,0,2686930
-25.789,trivial_move,3,2686930
-25.787,flush_begin,0,0
-25.773,flush_end,0,2686931
-25.759,trivial_move,3,2686932
-25.756,flush_begin,0,0
-25.743,flush_end,0,2686931
-25.727,trivial_move,3,2686930
-25.725,flush_begin,0,0
-25.711,flush_end,0,2686931
-25.696,trivial_move,3,2686933
-25.694,flush_begin,0,0
-25.681,flush_end,0,2686931
-25.665,trivial_move,3,2686930
-25.663,flush_begin,0,0
-25.650,flush_end,0,2686930
-25.633,trivial_move,3,2686931
-25.631,flush_begin,0,0
-25.617,flush_end,0,2686930
-25.602,trivial_move,3,2686931
-25.599,flush_begin,0,0
-25.585,flush_end,0,2686931
-25.570,trivial_move,3,2686930
-25.568,flush_begin,0,0
-25.554,flush_end,0,2686932
-25.538,trivial_move,3,2686932
-25.537,flush_begin,0,0
-25.526,flush_end,0,2686931
-25.510,trivial_move,3,2686930
-25.510,flush_begin,0,0
-25.499,flush_end,0,2686931
-25.482,trivial_move,3,2686931
-25.482,flush_begin,0,0
-25.472,flush_end,0,2686930
-25.456,trivial_move,3,2686931
-25.456,flush_begin,0,0
-25.445,flush_end,0,2686932
-25.429,trivial_move,3,2686931
-25.429,flush_begin,0,0
-25.418,flush_end,0,2686930
-25.402,trivial_move,3,2686931
-25.401,flush_begin,0,0
-25.390,flush_end,0,2686932
-25.374,trivial_move,3,2686931
-25.373,flush_begin,0,0
-25.361,flush_end,0,2686930
-25.345,trivial_move,3,2686930
-25.344,flush_begin,0,0
-25.333,flush_end,0,2686931
-25.318,trivial_move,3,2686932
-25.317,flush_begin,0,0
-25.305,flush_end,0,2686931
-25.288,trivial_move,3,2686930
-25.287,flush_begin,0,0
-25.276,flush_end,0,2686930
-25.260,trivial_move,3,2686932
-25.258,flush_begin,0,0
-25.246,flush_end,0,2686932
-25.230,trivial_move,3,2686930
-25.229,flush_begin,0,0
-25.217,flush_end,0,2686930
-25.200,trivial_move,3,2686930
-25.199,flush_begin,0,0
-25.187,flush_end,0,2686931
-25.171,trivial_move,3,2686932
-25.169,flush_begin,0,0
-25.157,flush_end,0,2686931
-25.141,trivial_move,3,2686930
-25.139,flush_begin,0,0
-25.126,flush_end,0,2686931
-25.109,trivial_move,3,2686932
-25.108,flush_begin,0,0
-25.095,flush_end,0,2686931
-25.079,trivial_move,3,2686930
-25.077,flush_begin,0,0
-25.064,flush_end,0,2686931
-25.048,trivial_move,3,2686932
-25.046,flush_begin,0,0
-25.032,flush_end,0,2686930
-25.016,trivial_move,3,2686931
-25.014,flush_begin,0,0
-25.001,flush_end,0,2686932
-24.985,trivial_move,3,2686931
-24.983,flush_begin,0,0
-24.969,flush_end,0,2686930
-24.954,trivial_move,3,2686931
-24.952,flush_begin,0,0
-24.937,flush_end,0,2686933
-24.921,trivial_move,3,2686931
-24.919,flush_begin,0,0
-24.905,flush_end,0,2686930
-24.890,trivial_move,3,2686930
-24.888,flush_begin,0,0
-24.875,flush_end,0,2686930
-24.858,trivial_move,3,2686932
-24.857,flush_begin,0,0
-24.843,flush_end,0,2686932
-24.826,trivial_move,3,2686930
-24.824,flush_begin,0,0
-24.811,flush_end,0,2686930
-24.795,trivial_move,3,2686931
-24.793,flush_begin,0,0
-24.779,flush_end,0,2686932
-24.764,trivial_move,3,2686931
-24.761,flush_begin,0,0
-24.746,flush_end,0,2686930
-24.730,trivial_move,3,2686930
-24.729,flush_begin,0,0
-24.716,flush_end,0,2686931
-24.700,trivial_move,3,2686932
-24.697,flush_begin,0,0
-24.684,flush_end,0,2686931
-24.668,trivial_move,3,2686930
-24.666,flush_begin,0,0
-24.652,flush_end,0,2686931
-24.635,trivial_move,3,2686932
-24.633,flush_begin,0,0
-24.618,flush_end,0,2686931
-24.603,trivial_move,3,2686930
-24.600,flush_begin,0,0
-24.585,flush_end,0,2686931
-24.570,trivial_move,3,2686931
-24.568,flush_begin,0,0
-24.554,flush_end,0,2686930
-24.538,trivial_move,3,2686931
-24.537,flush_begin,0,0
-24.522,flush_end,0,2686932
-24.507,trivial_move,3,2686931
-24.504,flush_begin,0,0
-24.491,flush_end,0,2686930
-24.475,trivial_move,3,2686931
-24.473,flush_begin,0,0
-24.458,flush_end,0,2686931
-24.442,trivial_move,3,2686930
-24.441,flush_begin,0,0
-24.427,flush_end,0,2686931
-24.411,trivial_move,3,2686930
-24.408,flush_begin,0,0
-24.393,flush_end,0,2686930
-24.378,trivial_move,3,2686931
-24.376,flush_begin,0,0
-24.364,flush_end,0,2686932
-24.347,trivial_move,3,2686932
-24.346,flush_begin,0,0
-24.333,flush_end,0,2686930
-24.316,trivial_move,3,2686931
-24.314,flush_begin,0,0
-24.301,flush_end,0,2686932
-24.285,trivial_move,3,2686931
-24.283,flush_begin,0,0
-24.268,flush_end,0,2686930
-24.253,trivial_move,3,2686930
-24.251,flush_begin,0,0
-24.237,flush_end,0,2686932
-24.222,trivial_move,3,2686932
-24.220,flush_begin,0,0
-24.206,flush_end,0,2686931
-24.191,trivial_move,3,2686930
-24.189,flush_begin,0,0
-24.174,flush_end,0,2686931
-24.158,trivial_move,3,2686932
-24.157,flush_begin,0,0
-24.144,flush_end,0,2686931
-24.128,trivial_move,3,2686930
-24.125,flush_begin,0,0
-24.111,flush_end,0,2686930
-24.095,trivial_move,3,2686931
-24.092,flush_begin,0,0
-24.078,flush_end,0,2686930
-24.063,trivial_move,3,2686931
-24.060,flush_begin,0,0
-24.047,flush_end,0,2686931
-24.031,trivial_move,3,2686930
-24.028,flush_begin,0,0
-24.016,flush_end,0,2686931
-24.000,trivial_move,3,2686932
-23.997,flush_begin,0,0
-23.984,flush_end,0,2686931
-23.969,trivial_move,3,2686930
-23.966,flush_begin,0,0
-23.952,flush_end,0,2686931
-23.937,trivial_move,3,2686931
-23.934,flush_begin,0,0
-23.921,flush_end,0,2686930
-23.904,trivial_move,3,2686931
-23.902,flush_begin,0,0
-23.888,flush_end,0,2686932
-23.873,trivial_move,3,2686931
-23.870,flush_begin,0,0
-23.858,flush_end,0,2686930
-23.842,trivial_move,3,2686931
-23.839,flush_begin,0,0
-23.826,flush_end,0,2686932
-23.810,trivial_move,3,2686931
-23.808,flush_begin,0,0
-23.795,flush_end,0,2686930
-23.779,trivial_move,3,2686930
-23.776,flush_begin,0,0
-23.763,flush_end,0,2686931
-23.747,trivial_move,3,2686932
-23.744,flush_begin,0,0
-23.731,flush_end,0,2686931
-23.715,trivial_move,3,2686930
-23.712,flush_begin,0,0
-23.699,flush_end,0,2686930
-23.683,trivial_move,3,2686933
-23.680,flush_begin,0,0
-23.667,flush_end,0,2686932
-23.651,trivial_move,3,2686930
-23.648,flush_begin,0,0
-23.635,flush_end,0,2686930
-23.619,trivial_move,3,2686930
-23.616,flush_begin,0,0
-23.602,flush_end,0,2686931
-23.587,trivial_move,3,2686932
-23.584,flush_begin,0,0
-23.571,flush_end,0,2686931
-23.555,trivial_move,3,2686930
-23.552,flush_begin,0,0
-23.539,flush_end,0,2686933
-23.523,trivial_move,3,2686932
-23.521,flush_begin,0,0
-23.509,flush_end,0,2686931
-23.493,trivial_move,3,2686930
-23.490,flush_begin,0,0
-23.477,flush_end,0,2686931
-23.462,trivial_move,3,2686931
-23.459,flush_begin,0,0
-23.447,flush_end,0,2686930
-23.431,trivial_move,3,2686931
-23.428,flush_begin,0,0
-23.416,flush_end,0,2686932
-23.403,trivial_move,3,2686931
-23.400,flush_begin,0,0
-23.389,flush_end,0,2686930
-23.373,trivial_move,3,2686931
-23.371,flush_begin,0,0
-23.359,flush_end,0,2686932
-23.342,trivial_move,3,2686931
-23.340,flush_begin,0,0
-23.328,flush_end,0,2686930
-23.312,trivial_move,3,2686930
-23.310,flush_begin,0,0
-23.298,flush_end,0,2686930
-23.283,trivial_move,3,2686932
-23.280,flush_begin,0,0
-23.268,flush_end,0,2686932
-23.252,trivial_move,3,2686930
-23.249,flush_begin,0,0
-23.237,flush_end,0,2686930
-23.221,trivial_move,3,2686931
-23.218,flush_begin,0,0
-23.206,flush_end,0,2686932
-23.190,trivial_move,3,2686931
-23.187,flush_begin,0,0
-23.174,flush_end,0,2686930
-23.157,trivial_move,3,2686930
-23.155,flush_begin,0,0
-23.141,flush_end,0,2686931
-23.125,trivial_move,3,2686932
-23.122,flush_begin,0,0
-23.109,flush_end,0,2686931
-23.093,trivial_move,3,2686930
-23.090,flush_begin,0,0
-23.076,flush_end,0,2686931
-23.060,trivial_move,3,2686932
-23.057,flush_begin,0,0
-23.044,flush_end,0,2686931
-23.028,trivial_move,3,2686930
-23.025,flush_begin,0,0
-23.012,flush_end,0,2686931
-22.997,trivial_move,3,2686932
-22.994,flush_begin,0,0
-22.980,flush_end,0,2686930
-22.964,trivial_move,3,2686931
-22.960,flush_begin,0,0
-22.947,flush_end,0,2686932
-22.931,trivial_move,3,2686931
-22.928,flush_begin,0,0
-22.913,flush_end,0,2686930
-22.898,trivial_move,3,2686931
-22.895,flush_begin,0,0
-22.880,flush_end,0,2686931
-22.865,trivial_move,3,2686930
-22.862,flush_begin,0,0
-22.849,flush_end,0,2686932
-22.833,trivial_move,3,2686930
-22.830,flush_begin,0,0
-22.817,flush_end,0,2686930
-22.801,trivial_move,3,2686931
-22.798,flush_begin,0,0
-22.785,flush_end,0,2686932
-22.769,trivial_move,3,2686931
-22.766,flush_begin,0,0
-22.751,flush_end,0,2686930
-22.736,trivial_move,3,2686931
-22.733,flush_begin,0,0
-22.720,flush_end,0,2686932
-22.703,trivial_move,3,2686931
-22.701,flush_begin,0,0
-22.685,flush_end,0,2686930
-22.670,trivial_move,3,2686930
-22.667,flush_begin,0,0
-22.653,flush_end,0,2686931
-22.637,trivial_move,3,2686932
-22.634,flush_begin,0,0
-22.620,flush_end,0,2686931
-22.603,trivial_move,3,2686930
-22.601,flush_begin,0,0
-22.588,flush_end,0,2686931
-22.573,trivial_move,3,2686932
-22.570,flush_begin,0,0
-22.557,flush_end,0,2686931
-22.541,trivial_move,3,2686930
-22.538,flush_begin,0,0
-22.525,flush_end,0,2686930
-22.509,trivial_move,3,2686931
-22.506,flush_begin,0,0
-22.493,flush_end,0,2686930
-22.477,trivial_move,3,2686931
-22.474,flush_begin,0,0
-22.460,flush_end,0,2686931
-22.445,trivial_move,3,2686930
-22.442,flush_begin,0,0
-22.428,flush_end,0,2686931
-22.413,trivial_move,3,2686932
-22.410,flush_begin,0,0
-22.396,flush_end,0,2686931
-22.381,trivial_move,3,2686930
-22.378,flush_begin,0,0
-22.366,flush_end,0,2686931
-22.350,trivial_move,3,2686931
-22.347,flush_begin,0,0
-22.334,flush_end,0,2686930
-22.318,trivial_move,3,2686931
-22.315,flush_begin,0,0
-22.302,flush_end,0,2686932
-22.287,trivial_move,3,2686933
-22.284,flush_begin,0,0
-22.271,flush_end,0,2686930
-22.255,trivial_move,3,2686931
-22.252,flush_begin,0,0
-22.238,flush_end,0,2686932
-22.221,trivial_move,3,2686931
-22.219,flush_begin,0,0
-22.206,flush_end,0,2686930
-22.190,trivial_move,3,2686930
-22.187,flush_begin,0,0
-22.174,flush_end,0,2686932
-22.158,trivial_move,3,2686932
-22.155,flush_begin,0,0
-22.142,flush_end,0,2686931
-22.126,trivial_move,3,2686930
-22.124,flush_begin,0,0
-22.111,flush_end,0,2686930
-22.095,trivial_move,3,2686932
-22.092,flush_begin,0,0
-22.080,flush_end,0,2686932
-22.068,trivial_move,3,2686930
-22.066,flush_begin,0,0
-22.053,flush_end,0,2686930
-22.038,trivial_move,3,2686930
-22.035,flush_begin,0,0
-22.022,flush_end,0,2686931
-22.007,trivial_move,3,2686932
-22.004,flush_begin,0,0
-21.992,flush_end,0,2686931
-21.976,trivial_move,3,2686930
-21.973,flush_begin,0,0
-21.962,flush_end,0,2686931
-21.946,trivial_move,3,2686932
-21.944,flush_begin,0,0
-21.932,flush_end,0,2686931
-21.917,trivial_move,3,2686930
-21.915,flush_begin,0,0
-21.903,flush_end,0,2686931
-21.888,trivial_move,3,2686931
-21.886,flush_begin,0,0
-21.874,flush_end,0,2686930
-21.858,trivial_move,3,2686931
-21.856,flush_begin,0,0
-21.844,flush_end,0,2686932
-21.829,trivial_move,3,2686931
-21.827,flush_begin,0,0
-21.815,flush_end,0,2686930
-21.799,trivial_move,3,2686931
-21.797,flush_begin,0,0
-21.784,flush_end,0,2686932
-21.768,trivial_move,3,2686931
-21.766,flush_begin,0,0
-21.754,flush_end,0,2686930
-21.739,trivial_move,3,2686930
-21.737,flush_begin,0,0
-21.724,flush_end,0,2686930
-21.708,trivial_move,3,2686932
-21.706,flush_begin,0,0
-21.692,flush_end,0,2686932
-21.676,trivial_move,3,2686930
-21.673,flush_begin,0,0
-21.660,flush_end,0,2686930
-21.644,trivial_move,3,2686931
-21.641,flush_begin,0,0
-21.627,flush_end,0,2686932
-21.612,trivial_move,3,2686932
-21.609,flush_begin,0,0
-21.595,flush_end,0,2686930
-21.580,trivial_move,3,2686930
-21.577,flush_begin,0,0
-21.564,flush_end,0,2686931
-21.548,trivial_move,3,2686932
-21.545,flush_begin,0,0
-21.532,flush_end,0,2686931
-21.516,trivial_move,3,2686930
-21.513,flush_begin,0,0
-21.500,flush_end,0,2686932
-21.484,trivial_move,3,2686932
-21.482,flush_begin,0,0
-21.469,flush_end,0,2686931
-21.454,trivial_move,3,2686930
-21.451,flush_begin,0,0
-21.439,flush_end,0,2686931
-21.424,trivial_move,3,2686931
-21.421,flush_begin,0,0
-21.409,flush_end,0,2686930
-21.392,trivial_move,3,2686931
-21.390,flush_begin,0,0
-21.378,flush_end,0,2686932
-21.362,trivial_move,3,2686931
-21.359,flush_begin,0,0
-21.347,flush_end,0,2686930
-21.331,trivial_move,3,2686931
-21.329,flush_begin,0,0
-21.316,flush_end,0,2686931
-21.300,trivial_move,3,2686930
-21.297,flush_begin,0,0
-21.285,flush_end,0,2686931
-21.269,trivial_move,3,2686930
-21.266,flush_begin,0,0
-21.253,flush_end,0,2686930
-21.237,trivial_move,3,2686931
-21.234,flush_begin,0,0
-21.221,flush_end,0,2686932
-21.204,trivial_move,3,2686931
-21.202,flush_begin,0,0
-21.189,flush_end,0,2686930
-21.173,trivial_move,3,2686931
-21.170,flush_begin,0,0
-21.157,flush_end,0,2686932
-21.139,trivial_move,3,2686931
-21.136,flush_begin,0,0
-21.124,flush_end,0,2686930
-21.108,trivial_move,3,2686930
-21.105,flush_begin,0,0
-21.092,flush_end,0,2686931
-21.076,trivial_move,3,2686932
-21.073,flush_begin,0,0
-21.061,flush_end,0,2686931
-21.045,trivial_move,3,2686930
-21.043,flush_begin,0,0
-21.030,flush_end,0,2686931
-21.014,trivial_move,3,2686932
-21.011,flush_begin,0,0
-20.999,flush_end,0,2686931
-20.983,trivial_move,3,2686930
-20.980,flush_begin,0,0
-20.967,flush_end,0,2686930
-20.951,trivial_move,3,2686932
-20.948,flush_begin,0,0
-20.936,flush_end,0,2686930
-20.920,trivial_move,3,2686931
-20.917,flush_begin,0,0
-20.903,flush_end,0,2686931
-20.887,trivial_move,3,2686930
-20.884,flush_begin,0,0
-20.871,flush_end,0,2686931
-20.856,trivial_move,3,2686932
-20.853,flush_begin,0,0
-20.840,flush_end,0,2686931
-20.824,trivial_move,3,2686930
-20.822,flush_begin,0,0
-20.809,flush_end,0,2686932
-20.793,trivial_move,3,2686931
-20.790,flush_begin,0,0
-20.776,flush_end,0,2686930
-20.761,trivial_move,3,2686931
-20.758,flush_begin,0,0
-20.745,flush_end,0,2686932
-20.729,trivial_move,3,2686931
-20.726,flush_begin,0,0
-20.713,flush_end,0,2686930
-20.697,trivial_move,3,2686931
-20.694,flush_begin,0,0
-20.681,flush_end,0,2686932
-20.664,trivial_move,3,2686931
-20.662,flush_begin,0,0
-20.648,flush_end,0,2686930
-20.632,trivial_move,3,2686930
-20.629,flush_begin,0,0
-20.615,flush_end,0,2686931
-20.600,trivial_move,3,2686932
-20.596,flush_begin,0,0
-20.583,flush_end,0,2686931
-20.567,trivial_move,3,2686930
-20.564,flush_begin,0,0
-20.550,flush_end,0,2686930
-20.534,trivial_move,3,2686932
-20.531,flush_begin,0,0
-20.516,flush_end,0,2686932
-20.501,trivial_move,3,2686930
-20.498,flush_begin,0,0
-20.484,flush_end,0,2686930
-20.467,trivial_move,3,2686930
-20.464,flush_begin,0,0
-20.450,flush_end,0,2686931
-20.435,trivial_move,3,2686932
-20.432,flush_begin,0,0
-20.418,flush_end,0,2686931
-20.402,trivial_move,3,2686930
-20.399,flush_begin,0,0
-20.385,flush_end,0,2686931
-20.369,trivial_move,3,2686932
-20.367,flush_begin,0,0
-20.353,flush_end,0,2686931
-20.338,trivial_move,3,2686930
-20.335,flush_begin,0,0
-20.322,flush_end,0,2686931
-20.306,trivial_move,3,2686931
-20.303,flush_begin,0,0
-20.290,flush_end,0,2686930
-20.273,trivial_move,3,2686931
-20.271,flush_begin,0,0
-20.257,flush_end,0,2686932
-20.242,trivial_move,3,2686932
-20.239,flush_begin,0,0
-20.227,flush_end,0,2686930
-20.211,trivial_move,3,2686931
-20.208,flush_begin,0,0
-20.196,flush_end,0,2686932
-20.181,trivial_move,3,2686931
-20.178,flush_begin,0,0
-20.166,flush_end,0,2686930
-20.151,trivial_move,3,2686930
-20.148,flush_begin,0,0
-20.136,flush_end,0,2686930
-20.121,trivial_move,3,2686932
-20.118,flush_begin,0,0
-20.105,flush_end,0,2686933
-20.090,trivial_move,3,2686930
-20.088,flush_begin,0,0
-20.075,flush_end,0,2686930
-20.060,trivial_move,3,2686931
-20.057,flush_begin,0,0
-20.045,flush_end,0,2686932
-20.030,trivial_move,3,2686931
-20.027,flush_begin,0,0
-20.014,flush_end,0,2686930
-19.999,trivial_move,3,2686930
-19.996,flush_begin,0,0
-19.983,flush_end,0,2686931
-19.968,trivial_move,3,2686932
-19.965,flush_begin,0,0
-19.953,flush_end,0,2686931
-19.937,trivial_move,3,2686930
-19.934,flush_begin,0,0
-19.922,flush_end,0,2686931
-19.907,trivial_move,3,2686932
-19.904,flush_begin,0,0
-19.892,flush_end,0,2686931
-19.876,trivial_move,3,2686930
-19.873,flush_begin,0,0
-19.861,flush_end,0,2686931
-19.845,trivial_move,3,2686931
-19.842,flush_begin,0,0
-19.828,flush_end,0,2686930
-19.812,trivial_move,3,2686931
-19.809,flush_begin,0,0
-19.796,flush_end,0,2686932
-19.780,trivial_move,3,2686931
-19.777,flush_begin,0,0
-19.765,flush_end,0,2686930
-19.749,trivial_move,3,2686931
-19.746,flush_begin,0,0
-19.733,flush_end,0,2686931
-19.717,trivial_move,3,2686930
-19.714,flush_begin,0,0
-19.701,flush_end,0,2686931
-19.685,trivial_move,3,2686930
-19.682,flush_begin,0,0
-19.670,flush_end,0,2686930
-19.653,trivial_move,3,2686931
-19.650,flush_begin,0,0
-19.638,flush_end,0,2686932
-19.622,trivial_move,3,2686931
-19.620,flush_begin,0,0
-19.607,flush_end,0,2686930
-19.591,trivial_move,3,2686931
-19.588,flush_begin,0,0
-19.575,flush_end,0,2686932
-19.558,trivial_move,3,2686932
-19.556,flush_begin,0,0
-19.544,flush_end,0,2686930
-19.528,trivial_move,3,2686930
-19.525,flush_begin,0,0
-19.512,flush_end,0,2686931
-19.496,trivial_move,3,2686932
-19.493,flush_begin,0,0
-19.481,flush_end,0,2686931
-19.465,trivial_move,3,2686930
-19.462,flush_begin,0,0
-19.450,flush_end,0,2686932
-19.434,trivial_move,3,2686932
-19.431,flush_begin,0,0
-19.419,flush_end,0,2686931
-19.403,trivial_move,3,2686930
-19.400,flush_begin,0,0
-19.388,flush_end,0,2686930
-19.372,trivial_move,3,2686931
-19.369,flush_begin,0,0
-19.357,flush_end,0,2686930
-19.341,trivial_move,3,2686931
-19.338,flush_begin,0,0
-19.325,flush_end,0,2686931
-19.309,trivial_move,3,2686930
-19.306,flush_begin,0,0
-19.294,flush_end,0,2686931
-19.277,trivial_move,3,2686932
-19.274,flush_begin,0,0
-19.262,flush_end,0,2686931
-19.246,trivial_move,3,2686930
-19.243,flush_begin,0,0
-19.230,flush_end,0,2686931
-19.214,trivial_move,3,2686931
-19.211,flush_begin,0,0
-19.198,flush_end,0,2686930
-19.181,trivial_move,3,2686931
-19.178,flush_begin,0,0
-19.164,flush_end,0,2686932
-19.149,trivial_move,3,2686931
-19.145,flush_begin,0,0
-19.132,flush_end,0,2686930
-19.116,trivial_move,3,2686931
-19.113,flush_begin,0,0
-19.098,flush_end,0,2686932
-19.083,trivial_move,3,2686931
-19.080,flush_begin,0,0
-19.065,flush_end,0,2686930
-19.050,trivial_move,3,2686930
-19.047,flush_begin,0,0
-19.032,flush_end,0,2686931
-19.017,trivial_move,3,2686932
-19.014,flush_begin,0,0
-18.999,flush_end,0,2686931
-18.983,trivial_move,3,2686930
-18.980,flush_begin,0,0
-18.967,flush_end,0,2686930
-18.951,trivial_move,3,2686932
-18.948,flush_begin,0,0
-18.934,flush_end,0,2686932
-18.918,trivial_move,3,2686930
-18.915,flush_begin,0,0
-18.901,flush_end,0,2686930
-18.886,trivial_move,3,2686930
-18.882,flush_begin,0,0
-18.869,flush_end,0,2686931
-18.853,trivial_move,3,2686933
-18.850,flush_begin,0,0
-18.838,flush_end,0,2686931
-18.822,trivial_move,3,2686930
-18.819,flush_begin,0,0
-18.807,flush_end,0,2686931
-18.791,trivial_move,3,2686932
-18.788,flush_begin,0,0
-18.775,flush_end,0,2686931
-18.758,trivial_move,3,2686930
-18.756,flush_begin,0,0
-18.743,flush_end,0,2686932
-18.727,trivial_move,3,2686931
-18.724,flush_begin,0,0
-18.711,flush_end,0,2686930
-18.695,trivial_move,3,2686931
-18.692,flush_begin,0,0
-18.679,flush_end,0,2686932
-18.663,trivial_move,3,2686931
-18.660,flush_begin,0,0
-18.647,flush_end,0,2686930
-18.631,trivial_move,3,2686931
-18.628,flush_begin,0,0
-18.615,flush_end,0,2686932
-18.599,trivial_move,3,2686931
-18.596,flush_begin,0,0
-18.582,flush_end,0,2686930
-18.566,trivial_move,3,2686930
-18.563,flush_begin,0,0
-18.550,flush_end,0,2686930
-18.534,trivial_move,3,2686932
-18.531,flush_begin,0,0
-18.518,flush_end,0,2686932
-18.502,trivial_move,3,2686930
-18.499,flush_begin,0,0
-18.486,flush_end,0,2686930
-18.470,trivial_move,3,2686931
-18.467,flush_begin,0,0
-18.454,flush_end,0,2686932
-18.439,trivial_move,3,2686931
-18.436,flush_begin,0,0
-18.423,flush_end,0,2686930
-18.408,trivial_move,3,2686930
-18.405,flush_begin,0,0
-18.391,flush_end,0,2686931
-18.375,trivial_move,3,2686932
-18.372,flush_begin,0,0
-18.359,flush_end,0,2686931
-18.343,trivial_move,3,2686930
-18.340,flush_begin,0,0
-18.327,flush_end,0,2686931
-18.311,trivial_move,3,2686932
-18.308,flush_begin,0,0
-18.295,flush_end,0,2686931
-18.279,trivial_move,3,2686930
-18.276,flush_begin,0,0
-18.262,flush_end,0,2686931
-18.247,trivial_move,3,2686931
-18.244,flush_begin,0,0
-18.231,flush_end,0,2686930
-18.215,trivial_move,3,2686931
-18.212,flush_begin,0,0
-18.199,flush_end,0,2686932
-18.183,trivial_move,3,2686932
-18.180,flush_begin,0,0
-18.167,flush_end,0,2686930
-18.151,trivial_move,3,2686931
-18.148,flush_begin,0,0
-18.133,flush_end,0,2686931
-18.118,trivial_move,3,2686930
-18.115,flush_begin,0,0
-18.102,flush_end,0,2686931
-18.086,trivial_move,3,2686930
-18.083,flush_begin,0,0
-18.070,flush_end,0,2686930
-18.054,trivial_move,3,2686931
-18.051,flush_begin,0,0
-18.038,flush_end,0,2686933
-18.022,trivial_move,3,2686931
-18.019,flush_begin,0,0
-18.005,flush_end,0,2686930
-17.990,trivial_move,3,2686931
-17.987,flush_begin,0,0
-17.974,flush_end,0,2686932
-17.958,trivial_move,3,2686931
-17.955,flush_begin,0,0
-17.942,flush_end,0,2686930
-17.926,trivial_move,3,2686930
-17.923,flush_begin,0,0
-17.909,flush_end,0,2686931
-17.894,trivial_move,3,2686932
-17.891,flush_begin,0,0
-17.878,flush_end,0,2686931
-17.862,trivial_move,3,2686930
-17.859,flush_begin,0,0
-17.846,flush_end,0,2686931
-17.830,trivial_move,3,2686932
-17.827,flush_begin,0,0
-17.815,flush_end,0,2686931
-17.799,trivial_move,3,2686930
-17.796,flush_begin,0,0
-17.783,flush_end,0,2686930
-17.767,trivial_move,3,2686931
-17.764,flush_begin,0,0
-17.751,flush_end,0,2686930
-17.735,trivial_move,3,2686931
-17.732,flush_begin,0,0
-17.720,flush_end,0,2686931
-17.704,trivial_move,3,2686930
-17.701,flush_begin,0,0
-17.689,flush_end,0,2686931
-17.674,trivial_move,3,2686932
-17.671,flush_begin,0,0
-17.659,flush_end,0,2686931
-17.643,trivial_move,3,2686930
-17.640,flush_begin,0,0
-17.628,flush_end,0,2686931
-17.612,trivial_move,3,2686931
-17.610,flush_begin,0,0
-17.597,flush_end,0,2686930
-17.582,trivial_move,3,2686931
-17.579,flush_begin,0,0
-17.567,flush_end,0,2686932
-17.550,trivial_move,3,2686931
-17.547,flush_begin,0,0
-17.535,flush_end,0,2686930
-17.519,trivial_move,3,2686931
-17.516,flush_begin,0,0
-17.503,flush_end,0,2686932
-17.488,trivial_move,3,2686932
-17.485,flush_begin,0,0
-17.472,flush_end,0,2686930
-17.456,trivial_move,3,2686930
-17.453,flush_begin,0,0
-17.439,flush_end,0,2686931
-17.424,trivial_move,3,2686932
-17.421,flush_begin,0,0
-17.408,flush_end,0,2686931
-17.392,trivial_move,3,2686930
-17.389,flush_begin,0,0
-17.375,flush_end,0,2686930
-17.360,trivial_move,3,2686932
-17.357,flush_begin,0,0
-17.344,flush_end,0,2686933
-17.328,trivial_move,3,2686930
-17.325,flush_begin,0,0
-17.313,flush_end,0,2686930
-17.297,trivial_move,3,2686930
-17.294,flush_begin,0,0
-17.281,flush_end,0,2686931
-17.265,trivial_move,3,2686932
-17.262,flush_begin,0,0
-17.249,flush_end,0,2686931
-17.233,trivial_move,3,2686930
-17.230,flush_begin,0,0
-17.218,flush_end,0,2686931
-17.202,trivial_move,3,2686932
-17.199,flush_begin,0,0
-17.186,flush_end,0,2686931
-17.170,trivial_move,3,2686930
-17.167,flush_begin,0,0
-17.154,flush_end,0,2686931
-17.138,trivial_move,3,2686931
-17.135,flush_begin,0,0
-17.121,flush_end,0,2686930
-17.106,trivial_move,3,2686931
-17.103,flush_begin,0,0
-17.089,flush_end,0,2686932
-17.073,trivial_move,3,2686931
-17.070,flush_begin,0,0
-17.057,flush_end,0,2686930
-17.041,trivial_move,3,2686931
-17.037,flush_begin,0,0
-17.023,flush_end,0,2686932
-17.008,trivial_move,3,2686931
-17.005,flush_begin,0,0
-16.992,flush_end,0,2686930
-16.976,trivial_move,3,2686930
-16.973,flush_begin,0,0
-16.959,flush_end,0,2686930
-16.944,trivial_move,3,2686932
-16.941,flush_begin,0,0
-16.928,flush_end,0,2686932
-16.912,trivial_move,3,2686930
-16.909,flush_begin,0,0
-16.896,flush_end,0,2686930
-16.880,trivial_move,3,2686931
-16.877,flush_begin,0,0
-16.864,flush_end,0,2686932
-16.849,trivial_move,3,2686931
-16.846,flush_begin,0,0
-16.834,flush_end,0,2686930
-16.816,trivial_move,3,2686930
-16.808,trivial_move,4,2686930
-16.806,flush_begin,0,0
-16.791,flush_end,0,2686931
-16.776,trivial_move,3,2686933
-16.768,trivial_move,4,2686931
-16.767,flush_begin,0,0
-16.757,flush_end,0,2686931
-16.741,trivial_move,3,2686930
-16.733,trivial_move,4,2686931
-16.732,flush_begin,0,0
-16.722,flush_end,0,2686931
-16.706,trivial_move,3,2686932
-16.698,trivial_move,4,2686931
-16.697,flush_begin,0,0
-16.686,flush_end,0,2686931
-16.670,trivial_move,3,2686930
-16.662,trivial_move,4,2686931
-16.660,flush_begin,0,0
-16.649,flush_end,0,2686933
-16.636,trivial_move,3,2686931
-16.630,trivial_move,4,2686930
-16.629,flush_begin,0,0
-16.616,flush_end,0,2686930
-16.603,trivial_move,3,2686931
-16.595,trivial_move,4,2686932
-16.593,flush_begin,0,0
-16.582,flush_end,0,2686932
-16.567,trivial_move,3,2686931
-16.558,trivial_move,4,2686930
-16.556,flush_begin,0,0
-16.545,flush_end,0,2686930
-16.529,trivial_move,3,2686931
-16.521,trivial_move,4,2686932
-16.519,flush_begin,0,0
-16.505,flush_end,0,2686931
-16.490,trivial_move,3,2686930
-16.482,trivial_move,4,2686930
-16.479,flush_begin,0,0
-16.466,flush_end,0,2686931
-16.451,trivial_move,3,2686930
-16.443,trivial_move,4,2686931
-16.440,flush_begin,0,0
-16.425,flush_end,0,2686930
-16.410,trivial_move,3,2686931
-16.402,trivial_move,4,2686931
-16.399,flush_begin,0,0
-16.383,flush_end,0,2686932
-16.368,trivial_move,3,2686931
-16.360,trivial_move,4,2686930
-16.357,flush_begin,0,0
-16.341,flush_end,0,2686930
-16.326,trivial_move,3,2686931
-16.318,trivial_move,4,2686932
-16.315,flush_begin,0,0
-16.298,flush_end,0,2686932
-16.283,trivial_move,3,2686931
-16.275,trivial_move,4,2686930
-16.272,flush_begin,0,0
-16.257,flush_end,0,2686930
-16.242,trivial_move,3,2686930
-16.234,trivial_move,4,2686931
-16.231,flush_begin,0,0
-16.215,flush_end,0,2686931
-16.200,trivial_move,3,2686932
-16.192,trivial_move,4,2686931
-16.189,flush_begin,0,0
-16.175,flush_end,0,2686931
-16.160,trivial_move,3,2686930
-16.152,trivial_move,4,2686931
-16.149,flush_begin,0,0
-16.135,flush_end,0,2686931
-16.119,trivial_move,3,2686932
-16.111,trivial_move,4,2686931
-16.109,flush_begin,0,0
-16.094,flush_end,0,2686931
-16.079,trivial_move,3,2686930
-16.071,trivial_move,4,2686931
-16.068,flush_begin,0,0
-16.053,flush_end,0,2686930
-16.038,trivial_move,3,2686931
-16.030,trivial_move,4,2686930
-16.027,flush_begin,0,0
-16.010,flush_end,0,2686930
-15.995,trivial_move,3,2686931
-15.987,trivial_move,4,2686933
-15.985,flush_begin,0,0
-15.969,flush_end,0,2686931
-15.954,trivial_move,3,2686930
-15.946,trivial_move,4,2686930
-15.943,flush_begin,0,0
-15.927,flush_end,0,2686931
-15.912,trivial_move,3,2686933
-15.904,trivial_move,4,2686932
-15.901,flush_begin,0,0
-15.885,flush_end,0,2686931
-15.870,trivial_move,3,2686930
-15.862,trivial_move,4,2686930
-15.859,flush_begin,0,0
-15.843,flush_end,0,2686931
-15.828,trivial_move,3,2686931
-15.820,trivial_move,4,2686930
-15.817,flush_begin,0,0
-15.801,flush_end,0,2686930
-15.786,trivial_move,3,2686931
-15.778,trivial_move,4,2686932
-15.775,flush_begin,0,0
-15.758,flush_end,0,2686933
-15.743,trivial_move,3,2686931
-15.735,trivial_move,4,2686930
-15.732,flush_begin,0,0
-15.716,flush_end,0,2686930
-15.701,trivial_move,3,2686931
-15.693,trivial_move,4,2686932
-15.690,flush_begin,0,0
-15.674,flush_end,0,2686932
-15.658,trivial_move,3,2686931
-15.651,trivial_move,4,2686930
-15.648,flush_begin,0,0
-15.631,flush_end,0,2686930
-15.616,trivial_move,3,2686930
-15.608,trivial_move,4,2686931
-15.605,flush_begin,0,0
-15.588,flush_end,0,2686931
-15.573,trivial_move,3,2686932
-15.565,trivial_move,4,2686931
-15.561,flush_begin,0,0
-15.545,flush_end,0,2686931
-15.529,trivial_move,3,2686930
-15.520,trivial_move,4,2686931
-15.518,flush_begin,0,0
-15.502,flush_end,0,2686930
-15.486,trivial_move,3,2686932
-15.478,trivial_move,4,2686931
-15.475,flush_begin,0,0
-15.459,flush_end,0,2686932
-15.444,trivial_move,3,2686930
-15.436,trivial_move,4,2686931
-15.433,flush_begin,0,0
-15.415,flush_end,0,2686930
-15.400,trivial_move,3,2686930
-15.392,trivial_move,4,2686930
-15.389,flush_begin,0,0
-15.372,flush_end,0,2686931
-15.357,trivial_move,3,2686932
-15.349,trivial_move,4,2686932
-15.345,flush_begin,0,0
-15.328,flush_end,0,2686931
-15.312,trivial_move,3,2686930
-15.304,trivial_move,4,2686930
-15.300,flush_begin,0,0
-15.283,flush_end,0,2686931
-15.268,trivial_move,3,2686932
-15.260,trivial_move,4,2686931
-15.257,flush_begin,0,0
-15.241,flush_end,0,2686931
-15.225,trivial_move,3,2686930
-15.217,trivial_move,4,2686931
-15.214,flush_begin,0,0
-15.198,flush_end,0,2686931
-15.182,trivial_move,3,2686931
-15.174,trivial_move,4,2686930
-15.171,flush_begin,0,0
-15.154,flush_end,0,2686930
-15.139,trivial_move,3,2686931
-15.131,trivial_move,4,2686932
-15.128,flush_begin,0,0
-15.109,flush_end,0,2686932
-15.094,trivial_move,3,2686931
-15.086,trivial_move,4,2686930
-15.082,flush_begin,0,0
-15.065,flush_end,0,2686930
-15.050,trivial_move,3,2686931
-15.042,trivial_move,4,2686933
-15.039,flush_begin,0,0
-15.023,flush_end,0,2686932
-15.008,trivial_move,3,2686933
-15.000,trivial_move,4,2686930
-14.997,flush_begin,0,0
-14.981,flush_end,0,2686930
-14.965,trivial_move,3,2686930
-14.957,trivial_move,4,2686931
-14.954,flush_begin,0,0
-14.938,flush_end,0,2686930
-14.923,trivial_move,3,2686932
-14.915,trivial_move,4,2686931
-14.912,flush_begin,0,0
-14.896,flush_end,0,2686932
-14.881,trivial_move,3,2686930
-14.873,trivial_move,4,2686931
-14.870,flush_begin,0,0
-14.854,flush_end,0,2686930
-14.838,trivial_move,3,2686931
-14.830,trivial_move,4,2686931
-14.827,flush_begin,0,0
-14.810,flush_end,0,2686933
-14.795,trivial_move,3,2686931
-14.787,trivial_move,4,2686930
-14.784,flush_begin,0,0
-14.767,flush_end,0,2686930
-14.752,trivial_move,3,2686930
-14.744,trivial_move,4,2686930
-14.741,flush_begin,0,0
-14.724,flush_end,0,2686931
-14.709,trivial_move,3,2686932
-14.701,trivial_move,4,2686931
-14.698,flush_begin,0,0
-14.682,flush_end,0,2686931
-14.668,trivial_move,3,2686930
-14.660,trivial_move,4,2686931
-14.657,flush_begin,0,0
-14.641,flush_end,0,2686931
-14.626,trivial_move,3,2686932
-14.618,trivial_move,4,2686931
-14.615,flush_begin,0,0
-14.599,flush_end,0,2686931
-14.584,trivial_move,3,2686930
-14.576,trivial_move,4,2686931
-14.573,flush_begin,0,0
-14.557,flush_end,0,2686931
-14.541,trivial_move,3,2686931
-14.534,trivial_move,4,2686930
-14.531,flush_begin,0,0
-14.514,flush_end,0,2686930
-14.499,trivial_move,3,2686931
-14.491,trivial_move,4,2686932
-14.487,flush_begin,0,0
-14.470,flush_end,0,2686932
-14.454,trivial_move,3,2686931
-14.446,trivial_move,4,2686930
-14.442,flush_begin,0,0
-14.425,flush_end,0,2686930
-14.410,trivial_move,3,2686931
-14.402,trivial_move,4,2686932
-14.398,flush_begin,0,0
-14.382,flush_end,0,2686931
-14.367,trivial_move,3,2686930
-14.359,trivial_move,4,2686930
-14.356,flush_begin,0,0
-14.339,flush_end,0,2686931
-14.324,trivial_move,3,2686930
-14.317,trivial_move,4,2686931
-14.314,flush_begin,0,0
-14.298,flush_end,0,2686930
-14.283,trivial_move,3,2686931
-14.275,trivial_move,4,2686931
-14.272,flush_begin,0,0
-14.256,flush_end,0,2686932
-14.242,trivial_move,3,2686931
-14.234,trivial_move,4,2686930
-14.231,flush_begin,0,0
-14.216,flush_end,0,2686930
-14.200,trivial_move,3,2686931
-14.192,trivial_move,4,2686932
-14.189,flush_begin,0,0
-14.173,flush_end,0,2686932
-14.157,trivial_move,3,2686931
-14.149,trivial_move,4,2686930
-14.146,flush_begin,0,0
-14.129,flush_end,0,2686930
-14.114,trivial_move,3,2686930
-14.106,trivial_move,4,2686932
-14.104,flush_begin,0,0
-14.088,flush_end,0,2686931
-14.073,trivial_move,3,2686933
-14.065,trivial_move,4,2686931
-14.062,flush_begin,0,0
-14.046,flush_end,0,2686931
-14.031,trivial_move,3,2686930
-14.023,trivial_move,4,2686931
-14.020,flush_begin,0,0
-14.004,flush_end,0,2686931
-13.989,trivial_move,3,2686932
-13.981,trivial_move,4,2686931
-13.978,flush_begin,0,0
-13.962,flush_end,0,2686931
-13.947,trivial_move,3,2686930
-13.939,trivial_move,4,2686931
-13.936,flush_begin,0,0
-13.919,flush_end,0,2686930
-13.903,trivial_move,3,2686931
-13.896,trivial_move,4,2686930
-13.893,flush_begin,0,0
-13.877,flush_end,0,2686930
-13.862,trivial_move,3,2686931
-13.854,trivial_move,4,2686932
-13.851,flush_begin,0,0
-13.834,flush_end,0,2686931
-13.819,trivial_move,3,2686930
-13.811,trivial_move,4,2686930
-13.808,flush_begin,0,0
-13.792,flush_end,0,2686931
-13.777,trivial_move,3,2686932
-13.769,trivial_move,4,2686932
-13.766,flush_begin,0,0
-13.749,flush_end,0,2686931
-13.734,trivial_move,3,2686930
-13.726,trivial_move,4,2686930
-13.723,flush_begin,0,0
-13.706,flush_end,0,2686931
-13.691,trivial_move,3,2686931
-13.682,trivial_move,4,2686930
-13.680,flush_begin,0,0
-13.663,flush_end,0,2686930
-13.648,trivial_move,3,2686931
-13.640,trivial_move,4,2686932
-13.637,flush_begin,0,0
-13.620,flush_end,0,2686932
-13.605,trivial_move,3,2686931
-13.597,trivial_move,4,2686930
-13.594,flush_begin,0,0
-13.578,flush_end,0,2686930
-13.563,trivial_move,3,2686931
-13.555,trivial_move,4,2686932
-13.552,flush_begin,0,0
-13.535,flush_end,0,2686932
-13.520,trivial_move,3,2686931
-13.512,trivial_move,4,2686930
-13.509,flush_begin,0,0
-13.491,flush_end,0,2686930
-13.471,trivial_move,3,2686930
-13.463,trivial_move,4,2686931
-13.460,flush_begin,0,0
-13.443,flush_end,0,2686931
-13.426,trivial_move,3,2686932
-13.419,trivial_move,4,2686931
-13.416,flush_begin,0,0
-13.398,flush_end,0,2686931
-13.381,trivial_move,3,2686930
-13.372,trivial_move,4,2686931
-13.372,flush_begin,0,0
-13.355,flush_end,0,2686930
-13.339,trivial_move,3,2686932
-13.331,trivial_move,4,2686931
-13.329,flush_begin,0,0
-13.312,flush_end,0,2686932
-13.297,trivial_move,3,2686930
-13.289,trivial_move,4,2686931
-13.287,flush_begin,0,0
-13.271,flush_end,0,2686930
-13.256,trivial_move,3,2686930
-13.248,trivial_move,4,2686930
-13.245,flush_begin,0,0
-13.229,flush_end,0,2686931
-13.213,trivial_move,3,2686932
-13.205,trivial_move,4,2686933
-13.203,flush_begin,0,0
-13.186,flush_end,0,2686931
-13.170,trivial_move,3,2686930
-13.162,trivial_move,4,2686930
-13.159,flush_begin,0,0
-13.141,flush_end,0,2686931
-13.124,trivial_move,3,2686933
-13.116,trivial_move,4,2686931
-13.113,flush_begin,0,0
-13.096,flush_end,0,2686931
-13.080,trivial_move,3,2686930
-13.072,trivial_move,4,2686931
-13.070,flush_begin,0,0
-13.054,flush_end,0,2686931
-13.038,trivial_move,3,2686931
-13.030,trivial_move,4,2686930
-13.028,flush_begin,0,0
-13.011,flush_end,0,2686930
-12.996,trivial_move,3,2686931
-12.988,trivial_move,4,2686932
-12.986,flush_begin,0,0
-12.970,flush_end,0,2686933
-12.955,trivial_move,3,2686931
-12.946,trivial_move,4,2686930
-12.945,flush_begin,0,0
-12.928,flush_end,0,2686930
-12.913,trivial_move,3,2686931
-12.905,trivial_move,4,2686932
-12.903,flush_begin,0,0
-12.887,flush_end,0,2686932
-12.871,trivial_move,3,2686931
-12.863,trivial_move,4,2686930
-12.862,flush_begin,0,0
-12.845,flush_end,0,2686930
-12.830,trivial_move,3,2686930
-12.822,trivial_move,4,2686931
-12.820,flush_begin,0,0
-12.804,flush_end,0,2686930
-12.788,trivial_move,3,2686932
-12.780,trivial_move,4,2686931
-12.778,flush_begin,0,0
-12.762,flush_end,0,2686932
-12.747,trivial_move,3,2686930
-12.740,trivial_move,4,2686931
-12.738,flush_begin,0,0
-12.722,flush_end,0,2686930
-12.707,trivial_move,3,2686931
-12.699,trivial_move,4,2686931
-12.697,flush_begin,0,0
-12.682,flush_end,0,2686932
-12.666,trivial_move,3,2686931
-12.658,trivial_move,4,2686930
-12.656,flush_begin,0,0
-12.640,flush_end,0,2686930
-12.625,trivial_move,3,2686930
-12.618,trivial_move,4,2686930
-12.616,flush_begin,0,0
-12.601,flush_end,0,2686931
-12.586,trivial_move,3,2686932
-12.578,trivial_move,4,2686931
-12.577,flush_begin,0,0
-12.560,flush_end,0,2686931
-12.544,trivial_move,3,2686930
-12.536,trivial_move,4,2686931
-12.535,flush_begin,0,0
-12.520,flush_end,0,2686931
-12.505,trivial_move,3,2686932
-12.497,trivial_move,4,2686931
-12.495,flush_begin,0,0
-12.479,flush_end,0,2686931
-12.464,trivial_move,3,2686930
-12.456,trivial_move,4,2686931
-12.455,flush_begin,0,0
-12.438,flush_end,0,2686931
-12.423,trivial_move,3,2686931
-12.415,trivial_move,4,2686930
-12.413,flush_begin,0,0
-12.396,flush_end,0,2686930
-12.381,trivial_move,3,2686931
-12.373,trivial_move,4,2686932
-12.372,flush_begin,0,0
-12.355,flush_end,0,2686932
-12.339,trivial_move,3,2686931
-12.331,trivial_move,4,2686930
-12.328,flush_begin,0,0
-12.312,flush_end,0,2686930
-12.296,trivial_move,3,2686931
-12.288,trivial_move,4,2686933
-12.285,flush_begin,0,0
-12.267,flush_end,0,2686931
-12.251,trivial_move,3,2686930
-12.243,trivial_move,4,2686930
-12.240,flush_begin,0,0
-12.222,flush_end,0,2686931
-12.206,trivial_move,3,2686930
-12.198,trivial_move,4,2686931
-12.194,flush_begin,0,0
-12.176,flush_end,0,2686930
-12.159,trivial_move,3,2686931
-12.151,trivial_move,4,2686931
-12.150,flush_begin,0,0
-12.133,flush_end,0,2686932
-12.118,trivial_move,3,2686931
-12.110,trivial_move,4,2686930
-12.108,flush_begin,0,0
-12.091,flush_end,0,2686930
-12.074,trivial_move,3,2686931
-12.066,trivial_move,4,2686932
-12.064,flush_begin,0,0
-12.045,flush_end,0,2686933
-12.028,trivial_move,3,2686931
-12.020,trivial_move,4,2686930
-12.019,flush_begin,0,0
-12.001,flush_end,0,2686930
-11.984,trivial_move,3,2686930
-11.976,trivial_move,4,2686931
-11.975,flush_begin,0,0
-11.957,flush_end,0,2686931
-11.940,trivial_move,3,2686932
-11.932,trivial_move,4,2686931
-11.930,flush_begin,0,0
-11.914,flush_end,0,2686931
-11.898,trivial_move,3,2686930
-11.890,trivial_move,4,2686931
-11.889,flush_begin,0,0
-11.873,flush_end,0,2686931
-11.858,trivial_move,3,2686932
-11.850,trivial_move,4,2686931
-11.848,flush_begin,0,0
-11.833,flush_end,0,2686931
-11.817,trivial_move,3,2686930
-11.809,trivial_move,4,2686931
-11.808,flush_begin,0,0
-11.794,flush_end,0,2686930
-11.778,trivial_move,3,2686931
-11.770,trivial_move,4,2686930
-11.769,flush_begin,0,0
-11.755,flush_end,0,2686930
-11.739,trivial_move,3,2686931
-11.731,trivial_move,4,2686932
-11.730,flush_begin,0,0
-11.715,flush_end,0,2686931
-11.698,trivial_move,3,2686930
-11.690,trivial_move,4,2686930
-11.689,flush_begin,0,0
-11.672,flush_end,0,2686931
-11.657,trivial_move,3,2686932
-11.649,trivial_move,4,2686932
-11.648,flush_begin,0,0
-11.631,flush_end,0,2686931
-11.616,trivial_move,3,2686930
-11.608,trivial_move,4,2686930
-11.605,flush_begin,0,0
-11.589,flush_end,0,2686931
-11.574,trivial_move,3,2686931
-11.566,trivial_move,4,2686930
-11.564,flush_begin,0,0
-11.548,flush_end,0,2686930
-11.532,trivial_move,3,2686931
-11.524,trivial_move,4,2686932
-11.522,flush_begin,0,0
-11.506,flush_end,0,2686932
-11.490,trivial_move,3,2686931
-11.482,trivial_move,4,2686930
-11.481,flush_begin,0,0
-11.464,flush_end,0,2686930
-11.448,trivial_move,3,2686931
-11.440,trivial_move,4,2686932
-11.438,flush_begin,0,0
-11.422,flush_end,0,2686932
-11.406,trivial_move,3,2686931
-11.398,trivial_move,4,2686930
-11.396,flush_begin,0,0
-11.378,flush_end,0,2686930
-11.362,trivial_move,3,2686930
-11.354,trivial_move,4,2686932
-11.351,flush_begin,0,0
-11.334,flush_end,0,2686931
-11.319,trivial_move,3,2686933
-11.311,trivial_move,4,2686931
-11.309,flush_begin,0,0
-11.291,flush_end,0,2686931
-11.275,trivial_move,3,2686930
-11.267,trivial_move,4,2686931
-11.263,flush_begin,0,0
-11.246,flush_end,0,2686930
-11.230,trivial_move,3,2686932
-11.222,trivial_move,4,2686931
-11.221,flush_begin,0,0
-11.204,flush_end,0,2686932
-11.187,trivial_move,3,2686930
-11.179,trivial_move,4,2686931
-11.177,flush_begin,0,0
-11.159,flush_end,0,2686930
-11.143,trivial_move,3,2686930
-11.135,trivial_move,4,2686930
-11.133,flush_begin,0,0
-11.116,flush_end,0,2686932
-11.100,trivial_move,3,2686932
-11.092,trivial_move,4,2686932
-11.089,flush_begin,0,0
-11.072,flush_end,0,2686931
-11.056,trivial_move,3,2686930
-11.048,trivial_move,4,2686930
-11.046,flush_begin,0,0
-11.029,flush_end,0,2686931
-11.013,trivial_move,3,2686932
-11.005,trivial_move,4,2686931
-11.003,flush_begin,0,0
-10.986,flush_end,0,2686931
-10.970,trivial_move,3,2686930
-10.962,trivial_move,4,2686931
-10.959,flush_begin,0,0
-10.941,flush_end,0,2686931
-10.925,trivial_move,3,2686931
-10.917,trivial_move,4,2686930
-10.915,flush_begin,0,0
-10.898,flush_end,0,2686930
-10.882,trivial_move,3,2686931
-10.874,trivial_move,4,2686932
-10.872,flush_begin,0,0
-10.855,flush_end,0,2686932
-10.840,trivial_move,3,2686931
-10.832,trivial_move,4,2686930
-10.831,flush_begin,0,0
-10.815,flush_end,0,2686930
-10.794,trivial_move,3,2686931
-10.787,trivial_move,4,2686932
-10.785,flush_begin,0,0
-10.769,flush_end,0,2686932
-10.752,trivial_move,3,2686931
-10.744,trivial_move,4,2686930
-10.743,flush_begin,0,0
-10.726,flush_end,0,2686930
-10.710,trivial_move,3,2686930
-10.702,trivial_move,4,2686931
-10.699,flush_begin,0,0
-10.682,flush_end,0,2686930
-10.666,trivial_move,3,2686932
-10.657,trivial_move,4,2686931
-10.655,flush_begin,0,0
-10.638,flush_end,0,2686932
-10.622,trivial_move,3,2686930
-10.614,trivial_move,4,2686931
-10.611,flush_begin,0,0
-10.594,flush_end,0,2686930
-10.578,trivial_move,3,2686931
-10.570,trivial_move,4,2686931
-10.570,flush_begin,0,0
-10.552,flush_end,0,2686932
-10.536,trivial_move,3,2686931
-10.528,trivial_move,4,2686930
-10.525,flush_begin,0,0
-10.508,flush_end,0,2686930
-10.492,trivial_move,3,2686930
-10.484,trivial_move,4,2686930
-10.481,flush_begin,0,0
-10.464,flush_end,0,2686931
-10.448,trivial_move,3,2686932
-10.440,trivial_move,4,2686931
-10.438,flush_begin,0,0
-10.420,flush_end,0,2686931
-10.404,trivial_move,3,2686930
-10.396,trivial_move,4,2686932
-10.393,flush_begin,0,0
-10.376,flush_end,0,2686931
-10.360,trivial_move,3,2686933
-10.352,trivial_move,4,2686931
-10.350,flush_begin,0,0
-10.333,flush_end,0,2686931
-10.316,trivial_move,3,2686930
-10.308,trivial_move,4,2686931
-10.306,flush_begin,0,0
-10.288,flush_end,0,2686931
-10.271,trivial_move,3,2686931
-10.263,trivial_move,4,2686930
-10.261,flush_begin,0,0
-10.242,flush_end,0,2686930
-10.225,trivial_move,3,2686931
-10.216,trivial_move,4,2686932
-10.216,flush_begin,0,0
-10.199,flush_end,0,2686933
-10.182,trivial_move,3,2686931
-10.174,trivial_move,4,2686930
-10.174,flush_begin,0,0
-10.157,flush_end,0,2686930
-10.139,trivial_move,3,2686931
-10.132,trivial_move,4,2686932
-10.131,flush_begin,0,0
-10.113,flush_end,0,2686931
-10.097,trivial_move,3,2686930
-10.088,trivial_move,4,2686930
-10.088,flush_begin,0,0
-10.072,flush_end,0,2686931
-10.055,trivial_move,3,2686930
-10.047,trivial_move,4,2686931
-10.045,flush_begin,0,0
-10.027,flush_end,0,2686930
-10.011,trivial_move,3,2686931
-10.003,trivial_move,4,2686931
-10.001,flush_begin,0,0
-9.984,flush_end,0,2686932
-9.967,trivial_move,3,2686931
-9.959,trivial_move,4,2686930
-9.958,flush_begin,0,0
-9.939,flush_end,0,2686930
-9.922,trivial_move,3,2686931
-9.914,trivial_move,4,2686932
-9.912,flush_begin,0,0
-9.895,flush_end,0,2686932
-9.879,trivial_move,3,2686931
-9.871,trivial_move,4,2686930
-9.869,flush_begin,0,0
-9.852,flush_end,0,2686930
-9.835,trivial_move,3,2686930
-9.827,trivial_move,4,2686931
-9.826,flush_begin,0,0
-9.808,flush_end,0,2686931
-9.791,trivial_move,3,2686932
-9.783,trivial_move,4,2686931
-9.781,flush_begin,0,0
-9.763,flush_end,0,2686931
-9.747,trivial_move,3,2686930
-9.739,trivial_move,4,2686931
-9.737,flush_begin,0,0
-9.717,flush_end,0,2686931
-9.701,trivial_move,3,2686932
-9.693,trivial_move,4,2686931
-9.691,flush_begin,0,0
-9.674,flush_end,0,2686931
-9.657,trivial_move,3,2686930
-9.649,trivial_move,4,2686931
-9.649,flush_begin,0,0
-9.632,flush_end,0,2686930
-9.616,trivial_move,3,2686931
-9.608,trivial_move,4,2686930
-9.605,flush_begin,0,0
-9.587,flush_end,0,2686930
-9.570,trivial_move,3,2686931
-9.562,trivial_move,4,2686932
-9.562,flush_begin,0,0
-9.543,flush_end,0,2686931
-9.526,trivial_move,3,2686930
-9.517,trivial_move,4,2686930
-9.516,flush_begin,0,0
-9.499,flush_end,0,2686931
-9.482,trivial_move,3,2686932
-9.473,trivial_move,4,2686933
-9.473,flush_begin,0,0
-9.455,flush_end,0,2686931
-9.438,trivial_move,3,2686930
-9.430,trivial_move,4,2686930
-9.428,flush_begin,0,0
-9.410,flush_end,0,2686931
-9.393,trivial_move,3,2686932
-9.384,trivial_move,4,2686930
-9.384,flush_begin,0,0
-9.367,flush_end,0,2686930
-9.350,trivial_move,3,2686931
-9.342,trivial_move,4,2686932
-9.340,flush_begin,0,0
-9.322,flush_end,0,2686932
-9.305,trivial_move,3,2686931
-9.297,trivial_move,4,2686930
-9.296,flush_begin,0,0
-9.278,flush_end,0,2686930
-9.263,trivial_move,3,2686931
-9.255,trivial_move,4,2686932
-9.252,flush_begin,0,0
-9.235,flush_end,0,2686933
-9.218,trivial_move,3,2686931
-9.211,trivial_move,4,2686930
-9.211,flush_begin,0,0
-9.194,flush_end,0,2686930
-9.177,trivial_move,3,2686930
-9.168,trivial_move,4,2686931
-9.167,flush_begin,0,0
-9.150,flush_end,0,2686931
-9.134,trivial_move,3,2686932
-9.126,trivial_move,4,2686931
-9.124,flush_begin,0,0
-9.108,flush_end,0,2686931
-9.092,trivial_move,3,2686930
-9.084,trivial_move,4,2686931
-9.083,flush_begin,0,0
-9.066,flush_end,0,2686930
-9.050,trivial_move,3,2686932
-9.042,trivial_move,4,2686931
-9.039,flush_begin,0,0
-9.022,flush_end,0,2686932
-9.006,trivial_move,3,2686930
-8.998,trivial_move,4,2686931
-8.996,flush_begin,0,0
-8.979,flush_end,0,2686930
-8.963,trivial_move,3,2686930
-8.955,trivial_move,4,2686930
-8.953,flush_begin,0,0
-8.936,flush_end,0,2686931
-8.920,trivial_move,3,2686932
-8.912,trivial_move,4,2686932
-8.910,flush_begin,0,0
-8.893,flush_end,0,2686931
-8.877,trivial_move,3,2686930
-8.869,trivial_move,4,2686930
-8.868,flush_begin,0,0
-8.850,flush_end,0,2686931
-8.835,trivial_move,3,2686932
-8.827,trivial_move,4,2686931
-8.827,flush_begin,0,0
-8.814,flush_end,0,2686931
-8.798,trivial_move,3,2686930
-8.798,flush_begin,0,0
-8.786,flush_end,0,2686931
-8.770,trivial_move,3,2686931
-8.763,trivial_move,4,2686931
-8.763,flush_begin,0,0
-8.751,flush_end,0,2686930
-8.735,trivial_move,3,2686931
-8.727,trivial_move,4,2686930
-8.719,trivial_move,4,2686932
-8.719,flush_begin,0,0
-8.705,flush_end,0,2686932
-8.689,trivial_move,3,2686931
-8.681,trivial_move,4,2686930
-8.681,flush_begin,0,0
-8.669,flush_end,0,2686930
-8.653,trivial_move,3,2686931
-8.645,trivial_move,4,2686932
-8.645,flush_begin,0,0
-8.633,flush_end,0,2686932
-8.617,trivial_move,3,2686931
-8.610,trivial_move,4,2686930
-8.608,flush_begin,0,0
-8.595,flush_end,0,2686930
-8.579,trivial_move,3,2686930
-8.571,trivial_move,4,2686932
-8.570,flush_begin,0,0
-8.555,flush_end,0,2686930
-8.540,trivial_move,3,2686933
-8.532,trivial_move,4,2686931
-8.530,flush_begin,0,0
-8.516,flush_end,0,2686932
-8.499,trivial_move,3,2686930
-8.491,trivial_move,4,2686931
-8.489,flush_begin,0,0
-8.475,flush_end,0,2686930
-8.459,trivial_move,3,2686931
-8.451,trivial_move,4,2686931
-8.450,flush_begin,0,0
-8.434,flush_end,0,2686932
-8.419,trivial_move,3,2686931
-8.411,trivial_move,4,2686930
-8.410,flush_begin,0,0
-8.394,flush_end,0,2686930
-8.380,trivial_move,3,2686930
-8.372,trivial_move,4,2686930
-8.370,flush_begin,0,0
-8.354,flush_end,0,2686932
-8.338,trivial_move,3,2686932
-8.330,trivial_move,4,2686931
-8.329,flush_begin,0,0
-8.313,flush_end,0,2686931
-8.298,trivial_move,3,2686930
-8.290,trivial_move,4,2686931
-8.289,flush_begin,0,0
-8.273,flush_end,0,2686931
-8.257,trivial_move,3,2686932
-8.248,trivial_move,4,2686931
-8.248,flush_begin,0,0
-8.233,flush_end,0,2686931
-8.217,trivial_move,3,2686930
-8.209,trivial_move,4,2686931
-8.207,flush_begin,0,0
-8.191,flush_end,0,2686931
-8.175,trivial_move,3,2686931
-8.167,trivial_move,4,2686930
-8.165,flush_begin,0,0
-8.146,flush_end,0,2686930
-8.131,trivial_move,3,2686931
-8.123,trivial_move,4,2686932
-8.120,flush_begin,0,0
-8.104,flush_end,0,2686932
-8.089,trivial_move,3,2686931
-8.081,trivial_move,4,2686930
-8.080,flush_begin,0,0
-8.062,flush_end,0,2686930
-8.046,trivial_move,3,2686931
-8.038,trivial_move,4,2686932
-8.036,flush_begin,0,0
-8.019,flush_end,0,2686931
-8.003,trivial_move,3,2686930
-7.995,trivial_move,4,2686930
-7.993,flush_begin,0,0
-7.976,flush_end,0,2686931
-7.960,trivial_move,3,2686930
-7.952,trivial_move,4,2686931
-7.951,flush_begin,0,0
-7.934,flush_end,0,2686930
-7.917,trivial_move,3,2686931
-7.908,trivial_move,4,2686931
-7.908,flush_begin,0,0
-7.890,flush_end,0,2686932
-7.873,trivial_move,3,2686931
-7.864,trivial_move,4,2686930
-7.864,flush_begin,0,0
-7.846,flush_end,0,2686930
-7.830,trivial_move,3,2686931
-7.822,trivial_move,4,2686932
-7.820,flush_begin,0,0
-7.802,flush_end,0,2686932
-7.786,trivial_move,3,2686931
-7.778,trivial_move,4,2686930
-7.776,flush_begin,0,0
-7.758,flush_end,0,2686930
-7.742,trivial_move,3,2686930
-7.734,trivial_move,4,2686931
-7.730,flush_begin,0,0
-7.713,flush_end,0,2686931
-7.697,trivial_move,3,2686932
-7.689,trivial_move,4,2686931
-7.687,flush_begin,0,0
-7.669,flush_end,0,2686931
-7.653,trivial_move,3,2686930
-7.645,trivial_move,4,2686933
-7.643,flush_begin,0,0
-7.625,flush_end,0,2686931
-7.609,trivial_move,3,2686933
-7.601,trivial_move,4,2686931
-7.597,flush_begin,0,0
-7.581,flush_end,0,2686931
-7.565,trivial_move,3,2686930
-7.556,trivial_move,4,2686931
-7.554,flush_begin,0,0
-7.535,flush_end,0,2686930
-7.518,trivial_move,3,2686931
-7.510,trivial_move,4,2686930
-7.508,flush_begin,0,0
-7.491,flush_end,0,2686930
-7.474,trivial_move,3,2686931
-7.465,trivial_move,4,2686932
-7.465,flush_begin,0,0
-7.447,flush_end,0,2686931
-7.431,trivial_move,3,2686930
-7.423,trivial_move,4,2686930
-7.422,flush_begin,0,0
-7.404,flush_end,0,2686933
-7.388,trivial_move,3,2686932
-7.380,trivial_move,4,2686932
-7.379,flush_begin,0,0
-7.362,flush_end,0,2686931
-7.345,trivial_move,3,2686930
-7.337,trivial_move,4,2686930
-7.335,flush_begin,0,0
-7.317,flush_end,0,2686931
-7.300,trivial_move,3,2686931
-7.292,trivial_move,4,2686930
-7.289,flush_begin,0,0
-7.273,flush_end,0,2686930
-7.257,trivial_move,3,2686931
-7.249,trivial_move,4,2686932
-7.246,flush_begin,0,0
-7.227,flush_end,0,2686932
-7.210,trivial_move,3,2686931
-7.202,trivial_move,4,2686930
-7.200,flush_begin,0,0
-7.182,flush_end,0,2686930
-7.165,trivial_move,3,2686931
-7.157,trivial_move,4,2686932
-7.155,flush_begin,0,0
-7.138,flush_end,0,2686932
-7.121,trivial_move,3,2686931
-7.113,trivial_move,4,2686930
-7.111,flush_begin,0,0
-7.092,flush_end,0,2686930
-7.076,trivial_move,3,2686930
-7.068,trivial_move,4,2686931
-7.065,flush_begin,0,0
-7.047,flush_end,0,2686931
-7.030,trivial_move,3,2686932
-7.021,trivial_move,4,2686931
-7.021,flush_begin,0,0
-7.002,flush_end,0,2686931
-6.985,trivial_move,3,2686930
-6.977,trivial_move,4,2686931
-6.977,flush_begin,0,0
-6.958,flush_end,0,2686930
-6.942,trivial_move,3,2686932
-6.934,trivial_move,4,2686931
-6.932,flush_begin,0,0
-6.915,flush_end,0,2686932
-6.899,trivial_move,3,2686930
-6.891,trivial_move,4,2686931
-6.889,flush_begin,0,0
-6.873,flush_end,0,2686930
-6.856,trivial_move,3,2686930
-6.849,trivial_move,4,2686930
-6.848,flush_begin,0,0
-6.832,flush_end,0,2686931
-6.816,trivial_move,3,2686932
-6.808,trivial_move,4,2686932
-6.807,flush_begin,0,0
-6.792,flush_end,0,2686931
-6.776,trivial_move,3,2686930
-6.768,trivial_move,4,2686930
-6.766,flush_begin,0,0
-6.749,flush_end,0,2686931
-6.734,trivial_move,3,2686932
-6.726,trivial_move,4,2686931
-6.724,flush_begin,0,0
-6.707,flush_end,0,2686931
-6.691,trivial_move,3,2686930
-6.683,trivial_move,4,2686932
-6.682,flush_begin,0,0
-6.665,flush_end,0,2686931
-6.649,trivial_move,3,2686932
-6.641,trivial_move,4,2686930
-6.640,flush_begin,0,0
-6.625,flush_end,0,2686930
-6.608,trivial_move,3,2686931
-6.600,trivial_move,4,2686932
-6.598,flush_begin,0,0
-6.580,flush_end,0,2686932
-6.564,trivial_move,3,2686931
-6.556,trivial_move,4,2686930
-6.554,flush_begin,0,0
-6.537,flush_end,0,2686930
-6.520,trivial_move,3,2686931
-6.512,trivial_move,4,2686932
-6.509,flush_begin,0,0
-6.492,flush_end,0,2686933
-6.476,trivial_move,3,2686931
-6.468,trivial_move,4,2686930
-6.466,flush_begin,0,0
-6.448,flush_end,0,2686930
-6.431,trivial_move,3,2686930
-6.423,trivial_move,4,2686931
-6.421,flush_begin,0,0
-6.401,flush_end,0,2686930
-6.384,trivial_move,3,2686932
-6.376,trivial_move,4,2686931
-6.376,flush_begin,0,0
-6.357,flush_end,0,2686932
-6.340,trivial_move,3,2686930
-6.332,trivial_move,4,2686931
-6.331,flush_begin,0,0
-6.313,flush_end,0,2686930
-6.297,trivial_move,3,2686931
-6.289,trivial_move,4,2686931
-6.287,flush_begin,0,0
-6.270,flush_end,0,2686932
-6.253,trivial_move,3,2686931
-6.245,trivial_move,4,2686930
-6.241,flush_begin,0,0
-6.223,flush_end,0,2686930
-6.206,trivial_move,3,2686930
-6.198,trivial_move,4,2686930
-6.196,flush_begin,0,0
-6.179,flush_end,0,2686931
-6.162,trivial_move,3,2686932
-6.154,trivial_move,4,2686931
-6.153,flush_begin,0,0
-6.136,flush_end,0,2686931
-6.121,trivial_move,3,2686930
-6.113,trivial_move,4,2686931
-6.111,flush_begin,0,0
-6.091,flush_end,0,2686931
-6.074,trivial_move,3,2686932
-6.067,trivial_move,4,2686931
-6.067,flush_begin,0,0
-6.048,flush_end,0,2686931
-6.032,trivial_move,3,2686930
-6.024,trivial_move,4,2686931
-6.022,flush_begin,0,0
-6.005,flush_end,0,2686931
-5.989,trivial_move,3,2686931
-5.981,trivial_move,4,2686930
-5.979,flush_begin,0,0
-5.963,flush_end,0,2686930
-5.947,trivial_move,3,2686931
-5.940,trivial_move,4,2686932
-5.938,flush_begin,0,0
-5.921,flush_end,0,2686932
-5.905,trivial_move,3,2686931
-5.897,trivial_move,4,2686930
-5.895,flush_begin,0,0
-5.877,flush_end,0,2686930
-5.861,trivial_move,3,2686931
-5.853,trivial_move,4,2686932
-5.850,flush_begin,0,0
-5.832,flush_end,0,2686931
-5.816,trivial_move,3,2686930
-5.808,trivial_move,4,2686930
-5.805,flush_begin,0,0
-5.788,flush_end,0,2686931
-5.772,trivial_move,3,2686930
-5.764,trivial_move,4,2686932
-5.762,flush_begin,0,0
-5.745,flush_end,0,2686930
-5.729,trivial_move,3,2686931
-5.721,trivial_move,4,2686931
-5.719,flush_begin,0,0
-5.702,flush_end,0,2686932
-5.686,trivial_move,3,2686933
-5.677,trivial_move,4,2686930
-5.677,flush_begin,0,0
-5.661,flush_end,0,2686930
-5.645,trivial_move,3,2686931
-5.637,trivial_move,4,2686932
-5.635,flush_begin,0,0
-5.619,flush_end,0,2686932
-5.603,trivial_move,3,2686931
-5.595,trivial_move,4,2686930
-5.593,flush_begin,0,0
-5.575,flush_end,0,2686930
-5.558,trivial_move,3,2686930
-5.550,trivial_move,4,2686931
-5.548,flush_begin,0,0
-5.533,flush_end,0,2686932
-5.516,trivial_move,3,2686932
-5.508,trivial_move,4,2686931
-5.505,flush_begin,0,0
-5.489,flush_end,0,2686931
-5.473,trivial_move,3,2686930
-5.465,trivial_move,4,2686931
-5.462,flush_begin,0,0
-5.444,flush_end,0,2686931
-5.428,trivial_move,3,2686932
-5.420,trivial_move,4,2686931
-5.419,flush_begin,0,0
-5.401,flush_end,0,2686931
-5.385,trivial_move,3,2686930
-5.377,trivial_move,4,2686931
-5.375,flush_begin,0,0
-5.358,flush_end,0,2686930
-5.342,trivial_move,3,2686931
-5.334,trivial_move,4,2686930
-5.332,flush_begin,0,0
-5.315,flush_end,0,2686930
-5.299,trivial_move,3,2686931
-5.291,trivial_move,4,2686932
-5.289,flush_begin,0,0
-5.271,flush_end,0,2686931
-5.255,trivial_move,3,2686930
-5.247,trivial_move,4,2686930
-5.243,flush_begin,0,0
-5.226,flush_end,0,2686931
-5.209,trivial_move,3,2686932
-5.201,trivial_move,4,2686932
-5.200,flush_begin,0,0
-5.182,flush_end,0,2686931
-5.166,trivial_move,3,2686930
-5.158,trivial_move,4,2686930
-5.155,flush_begin,0,0
-5.138,flush_end,0,2686931
-5.121,trivial_move,3,2686931
-5.113,trivial_move,4,2686930
-5.111,flush_begin,0,0
-5.093,flush_end,0,2686930
-5.076,trivial_move,3,2686931
-5.068,trivial_move,4,2686932
-5.067,flush_begin,0,0
-5.049,flush_end,0,2686932
-5.032,trivial_move,3,2686931
-5.024,trivial_move,4,2686930
-5.022,flush_begin,0,0
-5.004,flush_end,0,2686930
-4.988,trivial_move,3,2686931
-4.980,trivial_move,4,2686932
-4.978,flush_begin,0,0
-4.960,flush_end,0,2686932
-4.942,trivial_move,3,2686931
-4.934,trivial_move,4,2686930
-4.932,flush_begin,0,0
-4.916,flush_end,0,2686930
-4.899,trivial_move,3,2686930
-4.891,trivial_move,4,2686931
-4.889,flush_begin,0,0
-4.872,flush_end,0,2686931
-4.856,trivial_move,3,2686932
-4.848,trivial_move,4,2686931
-4.846,flush_begin,0,0
-4.829,flush_end,0,2686931
-4.813,trivial_move,3,2686930
-4.805,trivial_move,4,2686932
-4.804,flush_begin,0,0
-4.788,flush_end,0,2686930
-4.772,trivial_move,3,2686933
-4.764,trivial_move,4,2686931
-4.762,flush_begin,0,0
-4.745,flush_end,0,2686932
-4.728,trivial_move,3,2686930
-4.720,trivial_move,4,2686931
-4.718,flush_begin,0,0
-4.701,flush_end,0,2686930
-4.685,trivial_move,3,2686930
-4.677,trivial_move,4,2686930
-4.675,flush_begin,0,0
-4.658,flush_end,0,2686931
-4.642,trivial_move,3,2686932
-4.634,trivial_move,4,2686932
-4.632,flush_begin,0,0
-4.615,flush_end,0,2686931
-4.599,trivial_move,3,2686930
-4.591,trivial_move,4,2686930
-4.588,flush_begin,0,0
-4.571,flush_end,0,2686932
-4.554,trivial_move,3,2686932
-4.546,trivial_move,4,2686931
-4.543,flush_begin,0,0
-4.526,flush_end,0,2686931
-4.510,trivial_move,3,2686930
-4.502,trivial_move,4,2686931
-4.499,flush_begin,0,0
-4.482,flush_end,0,2686931
-4.466,trivial_move,3,2686931
-4.458,trivial_move,4,2686930
-4.456,flush_begin,0,0
-4.438,flush_end,0,2686930
-4.421,trivial_move,3,2686931
-4.413,trivial_move,4,2686932
-4.412,flush_begin,0,0
-4.394,flush_end,0,2686932
-4.377,trivial_move,3,2686931
-4.369,trivial_move,4,2686930
-4.368,flush_begin,0,0
-4.349,flush_end,0,2686930
-4.332,trivial_move,3,2686931
-4.324,trivial_move,4,2686932
-4.322,flush_begin,0,0
-4.303,flush_end,0,2686932
-4.286,trivial_move,3,2686931
-4.278,trivial_move,4,2686930
-4.278,flush_begin,0,0
-4.260,flush_end,0,2686930
-4.243,trivial_move,3,2686930
-4.235,trivial_move,4,2686931
-4.233,flush_begin,0,0
-4.214,flush_end,0,2686930
-4.197,trivial_move,3,2686932
-4.189,trivial_move,4,2686931
-4.188,flush_begin,0,0
-4.168,flush_end,0,2686932
-4.152,trivial_move,3,2686930
-4.144,trivial_move,4,2686931
-4.143,flush_begin,0,0
-4.124,flush_end,0,2686930
-4.107,trivial_move,3,2686931
-4.099,trivial_move,4,2686931
-4.097,flush_begin,0,0
-4.078,flush_end,0,2686932
-4.061,trivial_move,3,2686931
-4.053,trivial_move,4,2686930
-4.051,flush_begin,0,0
-4.034,flush_end,0,2686930
-4.017,trivial_move,3,2686930
-4.009,trivial_move,4,2686930
-4.008,flush_begin,0,0
-3.988,flush_end,0,2686931
-3.972,trivial_move,3,2686932
-3.964,trivial_move,4,2686931
-3.963,flush_begin,0,0
-3.944,flush_end,0,2686931
-3.927,trivial_move,3,2686930
-3.918,trivial_move,4,2686931
-3.918,flush_begin,0,0
-3.903,flush_end,0,2686931
-3.886,trivial_move,3,2686932
-3.878,trivial_move,4,2686931
-3.877,flush_begin,0,0
-3.860,flush_end,0,2686931
-3.844,trivial_move,3,2686930
-3.836,trivial_move,4,2686932
-3.834,flush_begin,0,0
-3.816,flush_end,0,2686931
-3.800,trivial_move,3,2686932
-3.792,trivial_move,4,2686930
-3.790,flush_begin,0,0
-3.774,flush_end,0,2686930
-3.759,trivial_move,3,2686931
-3.751,trivial_move,4,2686932
-3.748,flush_begin,0,0
-3.731,flush_end,0,2686932
-3.716,trivial_move,3,2686931
-3.708,trivial_move,4,2686930
-3.706,flush_begin,0,0
-3.689,flush_end,0,2686930
-3.673,trivial_move,3,2686931
-3.665,trivial_move,4,2686932
-3.663,flush_begin,0,0
-3.646,flush_end,0,2686931
-3.630,trivial_move,3,2686930
-3.622,trivial_move,4,2686930
-3.619,flush_begin,0,0
-3.602,flush_end,0,2686932
-3.586,trivial_move,3,2686930
-3.578,trivial_move,4,2686931
-3.576,flush_begin,0,0
-3.558,flush_end,0,2686930
-3.541,trivial_move,3,2686931
-3.533,trivial_move,4,2686931
-3.529,flush_begin,0,0
-3.511,flush_end,0,2686932
-3.495,trivial_move,3,2686931
-3.487,trivial_move,4,2686930
-3.485,flush_begin,0,0
-3.467,flush_end,0,2686930
-3.451,trivial_move,3,2686931
-3.443,trivial_move,4,2686932
-3.440,flush_begin,0,0
-3.421,flush_end,0,2686932
-3.405,trivial_move,3,2686931
-3.397,trivial_move,4,2686930
-3.394,flush_begin,0,0
-3.377,flush_end,0,2686930
-3.360,trivial_move,3,2686930
-3.352,trivial_move,4,2686931
-3.350,flush_begin,0,0
-3.332,flush_end,0,2686931
-3.315,trivial_move,3,2686932
-3.307,trivial_move,4,2686931
-3.306,flush_begin,0,0
-3.288,flush_end,0,2686931
-3.271,trivial_move,3,2686930
-3.263,trivial_move,4,2686931
-3.262,flush_begin,0,0
-3.244,flush_end,0,2686931
-3.227,trivial_move,3,2686932
-3.219,trivial_move,4,2686931
-3.217,flush_begin,0,0
-3.198,flush_end,0,2686931
-3.182,trivial_move,3,2686930
-3.174,trivial_move,4,2686931
-3.173,flush_begin,0,0
-3.154,flush_end,0,2686930
-3.137,trivial_move,3,2686931
-3.129,trivial_move,4,2686930
-3.127,flush_begin,0,0
-3.108,flush_end,0,2686930
-3.091,trivial_move,3,2686931
-3.082,trivial_move,4,2686932
-3.082,flush_begin,0,0
-3.063,flush_end,0,2686931
-3.046,trivial_move,3,2686930
-3.037,trivial_move,4,2686930
-3.037,flush_begin,0,0
-3.020,flush_end,0,2686931
-3.003,trivial_move,3,2686932
-2.995,trivial_move,4,2686932
-2.994,flush_begin,0,0
-2.976,flush_end,0,2686931
-2.959,trivial_move,3,2686930
-2.950,trivial_move,4,2686930
-2.950,flush_begin,0,0
-2.931,flush_end,0,2686931
-2.914,trivial_move,3,2686931
-2.906,trivial_move,4,2686930
-2.904,flush_begin,0,0
-2.885,flush_end,0,2686930
-2.869,trivial_move,3,2686931
-2.861,trivial_move,4,2686933
-2.859,flush_begin,0,0
-2.840,flush_end,0,2686932
-2.823,trivial_move,3,2686932
-2.815,trivial_move,4,2686930
-2.815,flush_begin,0,0
-2.797,flush_end,0,2686930
-2.780,trivial_move,3,2686931
-2.772,trivial_move,4,2686932
-2.769,flush_begin,0,0
-2.751,flush_end,0,2686932
-2.734,trivial_move,3,2686931
-2.726,trivial_move,4,2686930
-2.726,flush_begin,0,0
-2.707,flush_end,0,2686930
-2.690,trivial_move,3,2686930
-2.682,trivial_move,4,2686931
-2.680,flush_begin,0,0
-2.662,flush_end,0,2686932
-2.645,trivial_move,3,2686932
-2.637,trivial_move,4,2686931
-2.636,flush_begin,0,0
-2.618,flush_end,0,2686931
-2.601,trivial_move,3,2686930
-2.593,trivial_move,4,2686931
-2.591,flush_begin,0,0
-2.573,flush_end,0,2686930
-2.556,trivial_move,3,2686932
-2.548,trivial_move,4,2686931
-2.546,flush_begin,0,0
-2.527,flush_end,0,2686932
-2.511,trivial_move,3,2686930
-2.503,trivial_move,4,2686931
-2.501,flush_begin,0,0
-2.483,flush_end,0,2686930
-2.466,trivial_move,3,2686930
-2.458,trivial_move,4,2686930
-2.458,flush_begin,0,0
-2.439,flush_end,0,2686931
-2.421,trivial_move,3,2686932
-2.413,trivial_move,4,2686932
-2.412,flush_begin,0,0
-2.392,flush_end,0,2686931
-2.376,trivial_move,3,2686930
-2.368,trivial_move,4,2686930
-2.366,flush_begin,0,0
-2.349,flush_end,0,2686931
-2.332,trivial_move,3,2686932
-2.324,trivial_move,4,2686931
-2.323,flush_begin,0,0
-2.304,flush_end,0,2686931
-2.287,trivial_move,3,2686930
-2.279,trivial_move,4,2686931
-2.279,flush_begin,0,0
-2.259,flush_end,0,2686931
-2.243,trivial_move,3,2686931
-2.235,trivial_move,4,2686930
-2.233,flush_begin,0,0
-2.215,flush_end,0,2686930
-2.198,trivial_move,3,2686931
-2.190,trivial_move,4,2686932
-2.189,flush_begin,0,0
-2.171,flush_end,0,2686932
-2.154,trivial_move,3,2686931
-2.146,trivial_move,4,2686930
-2.144,flush_begin,0,0
-2.125,flush_end,0,2686930
-2.108,trivial_move,3,2686931
-2.101,trivial_move,4,2686932
-2.101,flush_begin,0,0
-2.082,flush_end,0,2686932
-2.065,trivial_move,3,2686931
-2.056,trivial_move,4,2686930
-2.056,flush_begin,0,0
-2.037,flush_end,0,2686930
-2.020,trivial_move,3,2686930
-2.012,trivial_move,4,2686931
-2.010,flush_begin,0,0
-1.993,flush_end,0,2686930
-1.976,trivial_move,3,2686932
-1.968,trivial_move,4,2686931
-1.966,flush_begin,0,0
-1.948,flush_end,0,2686932
-1.931,trivial_move,3,2686930
-1.923,trivial_move,4,2686932
-1.923,flush_begin,0,0
-1.906,flush_end,0,2686930
-1.890,trivial_move,3,2686931
-1.882,trivial_move,4,2686931
-1.880,flush_begin,0,0
-1.864,flush_end,0,2686932
-1.847,trivial_move,3,2686932
-1.839,trivial_move,4,2686930
-1.837,flush_begin,0,0
-1.822,flush_end,0,2686930
-1.805,trivial_move,3,2686930
-1.797,trivial_move,4,2686930
-1.795,flush_begin,0,0
-1.780,flush_end,0,2686931
-1.764,trivial_move,3,2686932
-1.756,trivial_move,4,2686931
-1.754,flush_begin,0,0
-1.737,flush_end,0,2686931
-1.720,trivial_move,3,2686930
-1.712,trivial_move,4,2686931
-1.710,flush_begin,0,0
-1.694,flush_end,0,2686932
-1.678,trivial_move,3,2686932
-1.670,trivial_move,4,2686931
-1.669,flush_begin,0,0
-1.652,flush_end,0,2686931
-1.636,trivial_move,3,2686930
-1.628,trivial_move,4,2686931
-1.626,flush_begin,0,0
-1.609,flush_end,0,2686931
-1.593,trivial_move,3,2686931
-1.585,trivial_move,4,2686930
-1.584,flush_begin,0,0
-1.567,flush_end,0,2686930
-1.551,trivial_move,3,2686931
-1.543,trivial_move,4,2686932
-1.541,flush_begin,0,0
-1.525,flush_end,0,2686932
-1.508,trivial_move,3,2686931
-1.500,trivial_move,4,2686930
-1.497,flush_begin,0,0
-1.480,flush_end,0,2686930
-1.464,trivial_move,3,2686931
-1.456,trivial_move,4,2686932
-1.454,flush_begin,0,0
-1.436,flush_end,0,2686931
-1.420,trivial_move,3,2686930
-1.412,trivial_move,4,2686930
-1.410,flush_begin,0,0
-1.393,flush_end,0,2686931
-1.376,trivial_move,3,2686930
-1.368,trivial_move,4,2686931
-1.366,flush_begin,0,0
-1.349,flush_end,0,2686930
-1.332,trivial_move,3,2686931
-1.324,trivial_move,4,2686931
-1.323,flush_begin,0,0
-1.306,flush_end,0,2686932
-1.289,trivial_move,3,2686931
-1.281,trivial_move,4,2686930
-1.280,flush_begin,0,0
-1.263,flush_end,0,2686930
-1.247,trivial_move,3,2686931
-1.239,trivial_move,4,2686932
-1.236,flush_begin,0,0
-1.219,flush_end,0,2686932
-1.204,trivial_move,3,2686931
-1.196,trivial_move,4,2686930
-1.195,flush_begin,0,0
-1.181,flush_end,0,2686930
-1.165,trivial_move,3,2686930
-1.157,trivial_move,4,2686931
-1.156,flush_begin,0,0
-1.140,flush_end,0,2686931
-1.124,trivial_move,3,2686932
-1.116,trivial_move,4,2686931
-1.115,flush_begin,0,0
-1.100,flush_end,0,2686931
-1.083,trivial_move,3,2686930
-1.075,trivial_move,4,2686931
-1.073,flush_begin,0,0
-1.058,flush_end,0,2686931
-1.042,trivial_move,3,2686932
-1.034,trivial_move,4,2686931
-1.033,flush_begin,0,0
-1.017,flush_end,0,2686931
-1.000,trivial_move,3,2686930
-0.993,trivial_move,4,2686932
-0.991,flush_begin,0,0
-0.975,flush_end,0,2686930
-0.958,trivial_move,3,2686932
-0.950,trivial_move,4,2686930
-0.948,flush_begin,0,0
-0.931,flush_end,0,2686930
-0.915,trivial_move,3,2686931
-0.907,trivial_move,4,2686932
-0.906,flush_begin,0,0
-0.889,flush_end,0,2686931
-0.873,trivial_move,3,2686930
-0.865,trivial_move,4,2686930
-0.864,flush_begin,0,0
-0.846,flush_end,0,2686931
-0.830,trivial_move,3,2686932
-0.822,trivial_move,4,2686932
-0.820,flush_begin,0,0
-0.802,flush_end,0,2686931
-0.786,trivial_move,3,2686930
-0.778,trivial_move,4,2686930
-0.776,flush_begin,0,0
-0.759,flush_end,0,2686932
-0.743,trivial_move,3,2686931
-0.735,trivial_move,4,2686930
-0.732,flush_begin,0,0
-0.714,flush_end,0,2686930
-0.698,trivial_move,3,2686931
-0.690,trivial_move,4,2686932
-0.688,flush_begin,0,0
-0.670,flush_end,0,2686932
-0.654,trivial_move,3,2686931
-0.646,trivial_move,4,2686930
-0.644,flush_begin,0,0
-0.628,flush_end,0,2686930
-0.613,trivial_move,3,2686931
-0.605,trivial_move,4,2686932
-0.602,flush_begin,0,0
-0.585,flush_end,0,2686932
-0.569,trivial_move,3,2686931
-0.561,trivial_move,4,2686930
-0.559,flush_begin,0,0
-0.541,flush_end,0,2686930
-0.525,trivial_move,3,2686930
-0.517,trivial_move,4,2686931
-0.515,flush_begin,0,0
-0.498,flush_end,0,2686931
-0.482,trivial_move,3,2686932
-0.474,trivial_move,4,2686931
-0.471,flush_begin,0,0
-0.455,flush_end,0,2686931
-0.440,trivial_move,3,2686930
-0.432,trivial_move,4,2686931
-0.429,flush_begin,0,0
-0.412,flush_end,0,2686930
-0.396,trivial_move,3,2686932
-0.388,trivial_move,4,2686931
-0.387,flush_begin,0,0
-0.370,flush_end,0,2686932
-0.354,trivial_move,3,2686930
-0.346,trivial_move,4,2686931
-0.344,flush_begin,0,0
-0.327,flush_end,0,2686930
-0.311,trivial_move,3,2686930
-0.303,trivial_move,4,2686930
-0.299,flush_begin,0,0
-0.283,flush_end,0,2686931
-0.266,trivial_move,3,2686932
-0.258,trivial_move,4,2686932
-0.254,flush_begin,0,0
-0.236,flush_end,0,2686931
-0.220,trivial_move,3,2686930
-0.212,trivial_move,4,2686930
-0.211,flush_begin,0,0
-0.194,flush_end,0,2686931
-0.178,trivial_move,3,2686932
-0.170,trivial_move,4,2686931
-0.168,flush_begin,0,0
-0.151,flush_end,0,2686931
-0.135,trivial_move,3,2686930
-0.127,trivial_move,4,2686931
-0.124,flush_begin,0,0
-0.108,flush_end,0,2686931
-0.091,trivial_move,3,2686931
-0.083,trivial_move,4,2686930
-0.081,flush_begin,0,0
-0.063,flush_end,0,2686930
-0.047,trivial_move,3,2686931
-0.039,trivial_move,4,2686933
-0.037,flush_begin,0,0
-0.020,flush_end,0,2686932
-0.004,trivial_move,3,2686932
0.004,trivial_move,4,2686930
0.006,flush_begin,0,0
0.023,flush_end,0,2686930
0.039,trivial_move,3,2686931
0.047,trivial_move,4,2686932
0.048,flush_begin,0,0
0.066,flush_end,0,2686932
0.082,trivial_move,3,2686931
0.090,trivial_move,4,2686930
0.092,flush_begin,0,0
0.109,flush_end,0,2686930
0.125,trivial_move,3,2686930
0.133,trivial_move,4,2686931
0.135,flush_begin,0,0
0.152,flush_end,0,2686930
0.168,trivial_move,3,2686932
0.176,trivial_move,4,2686931
0.178,flush_begin,0,0
0.195,flush_end,0,2686933
0.211,trivial_move,3,2686930
0.219,trivial_move,4,2686931
0.220,flush_begin,0,0
0.238,flush_end,0,2686930
0.254,trivial_move,3,2686931
0.262,trivial_move,4,2686931
0.264,flush_begin,0,0
0.282,flush_end,0,2686932
0.297,trivial_move,3,2686931
0.305,trivial_move,4,2686930
0.307,flush_begin,0,0
0.324,flush_end,0,2686930
0.340,trivial_move,3,2686930
0.348,trivial_move,4,2686930
0.350,flush_begin,0,0
0.367,flush_end,0,2686931
0.382,trivial_move,3,2686932
0.390,trivial_move,4,2686931
0.393,flush_begin,0,0
0.410,flush_end,0,2686931
0.426,trivial_move,3,2686930
0.434,trivial_move,4,2686931
0.436,flush_begin,0,0
0.453,flush_end,0,2686931
0.469,trivial_move,3,2686932
0.477,trivial_move,4,2686931
0.479,flush_begin,0,0
0.496,flush_end,0,2686931
0.512,trivial_move,3,2686930
0.520,trivial_move,4,2686931
0.522,flush_begin,0,0
0.540,flush_end,0,2686931
0.556,trivial_move,3,2686931
0.564,trivial_move,4,2686930
0.567,flush_begin,0,0
0.584,flush_end,0,2686930
0.600,trivial_move,3,2686931
0.608,trivial_move,4,2686932
0.610,flush_begin,0,0
0.627,flush_end,0,2686932
0.644,trivial_move,3,2686931
0.652,trivial_move,4,2686930
0.654,flush_begin,0,0
0.672,flush_end,0,2686930
0.688,trivial_move,3,2686931
0.696,trivial_move,4,2686932
0.698,flush_begin,0,0
0.716,flush_end,0,2686931
0.733,trivial_move,3,2686930
0.741,trivial_move,4,2686930
0.744,flush_begin,0,0
0.761,flush_end,0,2686931
0.777,trivial_move,3,2686930
0.785,trivial_move,4,2686931
0.788,flush_begin,0,0
0.805,flush_end,0,2686930
0.822,trivial_move,3,2686931
0.831,trivial_move,4,2686931
0.831,flush_begin,0,0
0.849,flush_end,0,2686932
0.866,trivial_move,3,2686931
0.875,trivial_move,4,2686930
0.875,flush_begin,0,0
0.891,flush_end,0,2686930
0.907,trivial_move,3,2686931
0.915,trivial_move,4,2686933
0.917,flush_begin,0,0
0.931,flush_end,0,2686932
0.948,trivial_move,3,2686932
0.956,trivial_move,4,2686930
0.958,flush_begin,0,0
0.974,flush_end,0,2686930
0.990,trivial_move,3,2686930
0.998,trivial_move,4,2686931
1.000,flush_begin,0,0
1.017,flush_end,0,2686931
1.033,trivial_move,3,2686932
1.042,trivial_move,4,2686931
1.043,flush_begin,0,0
1.060,flush_end,0,2686931
1.077,trivial_move,3,2686930
1.086,trivial_move,4,2686931
1.088,flush_begin,0,0
1.105,flush_end,0,2686932
1.122,trivial_move,3,2686932
1.130,trivial_move,4,2686931
1.133,flush_begin,0,0
1.151,flush_end,0,2686931
1.168,trivial_move,3,2686930
1.176,trivial_move,4,2686931
1.178,flush_begin,0,0
1.196,flush_end,0,2686930
1.213,trivial_move,3,2686931
1.221,trivial_move,4,2686930
1.223,flush_begin,0,0
1.240,flush_end,0,2686930
1.253,trivial_move,3,2686931
1.266,trivial_move,4,2686932
1.268,flush_begin,0,0
1.285,flush_end,0,2686931
1.301,trivial_move,3,2686930
1.309,trivial_move,4,2686930
1.310,flush_begin,0,0
1.328,flush_end,0,2686931
1.345,trivial_move,3,2686932
1.353,trivial_move,4,2686932
1.355,flush_begin,0,0
1.371,flush_end,0,2686931
1.388,trivial_move,3,2686930
1.396,trivial_move,4,2686930
1.399,flush_begin,0,0
1.418,flush_end,0,2686931
1.434,trivial_move,3,2686931
1.442,trivial_move,4,2686930
1.443,flush_begin,0,0
1.462,flush_end,0,2686930
1.479,trivial_move,3,2686931
1.487,trivial_move,4,2686932
1.488,flush_begin,0,0
1.506,flush_end,0,2686932
1.523,trivial_move,3,2686931
1.531,trivial_move,4,2686930
1.533,flush_begin,0,0
1.551,flush_end,0,2686930
1.568,trivial_move,3,2686931
1.576,trivial_move,4,2686932
1.577,flush_begin,0,0
1.596,flush_end,0,2686932
1.613,trivial_move,3,2686931
1.622,trivial_move,4,2686930
1.622,flush_begin,0,0
1.642,flush_end,0,2686930
1.658,trivial_move,3,2686930
1.667,trivial_move,4,2686931
1.667,flush_begin,0,0
1.686,flush_end,0,2686931
1.703,trivial_move,3,2686932
1.711,trivial_move,4,2686931
1.712,flush_begin,0,0
1.732,flush_end,0,2686931
1.748,trivial_move,3,2686930
1.756,trivial_move,4,2686931
1.756,flush_begin,0,0
1.776,flush_end,0,2686930
1.793,trivial_move,3,2686932
1.801,trivial_move,4,2686931
1.803,flush_begin,0,0
1.823,flush_end,0,2686932
1.839,trivial_move,3,2686930
1.847,trivial_move,4,2686933
1.848,flush_begin,0,0
1.867,flush_end,0,2686930
1.884,trivial_move,3,2686930
1.892,trivial_move,4,2686930
1.893,flush_begin,0,0
1.912,flush_end,0,2686931
1.928,trivial_move,3,2686933
1.936,trivial_move,4,2686932
1.937,flush_begin,0,0
1.957,flush_end,0,2686931
1.973,trivial_move,3,2686930
1.981,trivial_move,4,2686930
1.982,flush_begin,0,0
2.001,flush_end,0,2686931
2.018,trivial_move,3,2686932
2.026,trivial_move,4,2686931
2.027,flush_begin,0,0
2.049,flush_end,0,2686931
2.065,trivial_move,3,2686930
2.073,trivial_move,4,2686931
2.074,flush_begin,0,0
2.095,flush_end,0,2686933
2.112,trivial_move,3,2686931
2.120,trivial_move,4,2686930
2.121,flush_begin,0,0
2.140,flush_end,0,2686930
2.157,trivial_move,3,2686931
2.165,trivial_move,4,2686932
2.166,flush_begin,0,0
2.186,flush_end,0,2686932
2.202,trivial_move,3,2686931
2.210,trivial_move,4,2686930
2.211,flush_begin,0,0
2.232,flush_end,0,2686930
2.248,trivial_move,3,2686931
2.256,trivial_move,4,2686932
2.258,flush_begin,0,0
2.278,flush_end,0,2686932
2.295,trivial_move,3,2686931
2.304,trivial_move,4,2686930
2.304,flush_begin,0,0
2.323,flush_end,0,2686930
2.341,trivial_move,3,2686930
2.350,trivial_move,4,2686931
2.351,flush_begin,0,0
2.370,flush_end,0,2686930
2.386,trivial_move,3,2686932
2.394,trivial_move,4,2686931
2.397,flush_begin,0,0
2.415,flush_end,0,2686932
2.432,trivial_move,3,2686930
2.441,trivial_move,4,2686931
2.443,flush_begin,0,0
2.462,flush_end,0,2686930
2.479,trivial_move,3,2686931
2.487,trivial_move,4,2686931
2.488,flush_begin,0,0
2.507,flush_end,0,2686932
2.524,trivial_move,3,2686931
2.532,trivial_move,4,2686930
2.534,flush_begin,0,0
2.551,flush_end,0,2686930
2.568,trivial_move,3,2686930
2.576,trivial_move,4,2686930
2.576,flush_begin,0,0
2.593,flush_end,0,2686931
2.610,trivial_move,3,2686932
2.618,trivial_move,4,2686931
2.619,flush_begin,0,0
2.638,flush_end,0,2686931
2.655,trivial_move,3,2686930
2.666,trivial_move,4,2686931
2.666,flush_begin,0,0
2.684,flush_end,0,2686931
2.701,trivial_move,3,2686932
2.709,trivial_move,4,2686931
2.710,flush_begin,0,0
2.729,flush_end,0,2686931
2.745,trivial_move,3,2686930
2.753,trivial_move,4,2686931
2.755,flush_begin,0,0
2.774,flush_end,0,2686931
2.790,trivial_move,3,2686931
2.798,trivial_move,4,2686930
2.799,flush_begin,0,0
2.819,flush_end,0,2686930
2.836,trivial_move,3,2686931
2.843,trivial_move,4,2686933
2.843,flush_begin,0,0
2.861,flush_end,0,2686932
2.877,trivial_move,3,2686932
2.885,trivial_move,4,2686930
2.887,flush_begin,0,0
2.904,flush_end,0,2686930
2.921,trivial_move,3,2686931
2.929,trivial_move,4,2686932
2.930,flush_begin,0,0
2.948,flush_end,0,2686931
2.965,trivial_move,3,2686930
2.973,trivial_move,4,2686930
2.974,flush_begin,0,0
2.993,flush_end,0,2686931
3.010,trivial_move,3,2686930
3.018,trivial_move,4,2686931
3.018,flush_begin,0,0
3.038,flush_end,0,2686930
3.055,trivial_move,3,2686931
3.063,trivial_move,4,2686931
3.064,flush_begin,0,0
3.086,flush_end,0,2686933
3.102,trivial_move,3,2686931
3.111,trivial_move,4,2686930
3.111,flush_begin,0,0
3.128,flush_end,0,2686930
3.145,trivial_move,3,2686931
3.153,trivial_move,4,2686932
3.155,flush_begin,0,0
3.175,flush_end,0,2686932
3.192,trivial_move,3,2686931
3.200,trivial_move,4,2686930
3.200,flush_begin,0,0
3.217,flush_end,0,2686930
3.234,trivial_move,3,2686930
3.242,trivial_move,4,2686931
3.245,flush_begin,0,0
3.261,flush_end,0,2686931
3.277,trivial_move,3,2686932
3.285,trivial_move,4,2686931
3.288,flush_begin,0,0
3.304,flush_end,0,2686931
3.321,trivial_move,3,2686930
3.329,trivial_move,4,2686931
3.332,flush_begin,0,0
3.349,flush_end,0,2686931
3.366,trivial_move,3,2686932
3.374,trivial_move,4,2686931
3.376,flush_begin,0,0
3.394,flush_end,0,2686931
3.411,trivial_move,3,2686930
3.419,trivial_move,4,2686931
3.422,flush_begin,0,0
3.441,flush_end,0,2686930
3.457,trivial_move,3,2686931
3.465,trivial_move,4,2686930
3.468,flush_begin,0,0
3.485,flush_end,0,2686930
3.502,trivial_move,3,2686931
3.510,trivial_move,4,2686932
3.513,flush_begin,0,0
3.531,flush_end,0,2686931
3.547,trivial_move,3,2686930
3.555,trivial_move,4,2686930
3.557,flush_begin,0,0
3.575,flush_end,0,2686931
3.592,trivial_move,3,2686932
3.600,trivial_move,4,2686932
3.602,flush_begin,0,0
3.621,flush_end,0,2686931
3.637,trivial_move,3,2686930
3.645,trivial_move,4,2686930
3.647,flush_begin,0,0
3.664,flush_end,0,2686931
3.680,trivial_move,3,2686931
3.688,trivial_move,4,2686930
3.690,flush_begin,0,0
3.708,flush_end,0,2686930
3.724,trivial_move,3,2686931
3.732,trivial_move,4,2686932
3.736,flush_begin,0,0
3.753,flush_end,0,2686932
3.769,trivial_move,3,2686931
3.777,trivial_move,4,2686930
3.781,flush_begin,0,0
3.797,flush_end,0,2686930
3.813,trivial_move,3,2686931
3.821,trivial_move,4,2686933
3.824,flush_begin,0,0
3.842,flush_end,0,2686932
3.858,trivial_move,3,2686933
3.866,trivial_move,4,2686930
3.869,flush_begin,0,0
3.888,flush_end,0,2686930
3.904,trivial_move,3,2686930
3.912,trivial_move,4,2686931
3.915,flush_begin,0,0
3.933,flush_end,0,2686931
3.949,trivial_move,3,2686932
3.957,trivial_move,4,2686931
3.960,flush_begin,0,0
3.976,flush_end,0,2686931
3.993,trivial_move,3,2686930
4.001,trivial_move,4,2686931
4.004,flush_begin,0,0
4.022,flush_end,0,2686930
4.042,trivial_move,3,2686932
4.050,trivial_move,4,2686931
4.052,flush_begin,0,0
4.069,flush_end,0,2686933
4.084,trivial_move,3,2686930
4.092,trivial_move,4,2686931
4.094,flush_begin,0,0
4.111,flush_end,0,2686930
4.126,trivial_move,3,2686930
4.134,trivial_move,4,2686930
4.137,flush_begin,0,0
4.152,flush_end,0,2686931
4.168,trivial_move,3,2686932
4.176,trivial_move,4,2686932
4.179,flush_begin,0,0
4.195,flush_end,0,2686931
4.210,trivial_move,3,2686930
4.218,trivial_move,4,2686930
4.221,flush_begin,0,0
4.236,flush_end,0,2686931
4.253,trivial_move,3,2686932
4.261,trivial_move,4,2686931
4.264,flush_begin,0,0
4.280,flush_end,0,2686931
4.296,trivial_move,3,2686930
4.304,trivial_move,4,2686931
4.307,flush_begin,0,0
4.324,flush_end,0,2686931
4.339,trivial_move,3,2686931
4.347,trivial_move,4,2686930
4.350,flush_begin,0,0
4.367,flush_end,0,2686930
4.383,trivial_move,3,2686931
4.392,trivial_move,4,2686932
4.396,flush_begin,0,0
4.415,flush_end,0,2686932
4.430,trivial_move,3,2686931
4.438,trivial_move,4,2686930
4.442,flush_begin,0,0
4.458,flush_end,0,2686930
4.474,trivial_move,3,2686931
4.482,trivial_move,4,2686932
4.485,flush_begin,0,0
4.500,flush_end,0,2686932
4.516,trivial_move,3,2686931
4.524,trivial_move,4,2686930
4.527,flush_begin,0,0
4.543,flush_end,0,2686930
4.558,trivial_move,3,2686930
4.566,trivial_move,4,2686931
4.569,flush_begin,0,0
4.586,flush_end,0,2686930
4.603,trivial_move,3,2686932
4.611,trivial_move,4,2686931
4.614,flush_begin,0,0
4.631,flush_end,0,2686932
4.646,trivial_move,3,2686930
4.654,trivial_move,4,2686931
4.657,flush_begin,0,0
4.672,flush_end,0,2686930
4.689,trivial_move,3,2686931
4.697,trivial_move,4,2686931
4.700,flush_begin,0,0
4.717,flush_end,0,2686932
4.733,trivial_move,3,2686931
4.741,trivial_move,4,2686930
4.744,flush_begin,0,0
4.760,flush_end,0,2686930
4.776,trivial_move,3,2686930
4.784,trivial_move,4,2686930
4.787,flush_begin,0,0
4.804,flush_end,0,2686931
4.820,trivial_move,3,2686933
4.828,trivial_move,4,2686931
4.831,flush_begin,0,0
4.848,flush_end,0,2686931
4.865,trivial_move,3,2686930
4.873,trivial_move,4,2686931
4.876,flush_begin,0,0
4.894,flush_end,0,2686931
4.910,trivial_move,3,2686932
4.918,trivial_move,4,2686931
4.921,flush_begin,0,0
4.938,flush_end,0,2686931
4.955,trivial_move,3,2686930
4.963,trivial_move,4,2686931
4.966,flush_begin,0,0
4.982,flush_end,0,2686932
4.998,trivial_move,3,2686931
5.006,trivial_move,4,2686930
5.009,flush_begin,0,0
5.027,flush_end,0,2686930
5.042,trivial_move,3,2686931
5.050,trivial_move,4,2686932
5.054,flush_begin,0,0
5.072,flush_end,0,2686932
5.088,trivial_move,3,2686931
5.096,trivial_move,4,2686930
5.098,flush_begin,0,0
5.115,flush_end,0,2686930
5.132,trivial_move,3,2686931
5.140,trivial_move,4,2686932
5.142,flush_begin,0,0
5.159,flush_end,0,2686931
5.174,trivial_move,3,2686930
5.182,trivial_move,4,2686930
5.184,flush_begin,0,0
5.200,flush_end,0,2686931
5.216,trivial_move,3,2686930
5.224,trivial_move,4,2686931
5.227,flush_begin,0,0
5.243,flush_end,0,2686930
5.260,trivial_move,3,2686931
5.268,trivial_move,4,2686931
5.271,flush_begin,0,0
5.289,flush_end,0,2686932
5.305,trivial_move,3,2686931
5.313,trivial_move,4,2686930
5.313,flush_begin,0,0
5.330,flush_end,0,2686930
5.347,trivial_move,3,2686931
5.355,trivial_move,4,2686932
5.356,flush_begin,0,0
5.373,flush_end,0,2686932
5.389,trivial_move,3,2686931
5.397,trivial_move,4,2686930
5.399,flush_begin,0,0
5.417,flush_end,0,2686930
5.434,trivial_move,3,2686930
5.442,trivial_move,4,2686931
5.443,flush_begin,0,0
5.462,flush_end,0,2686931
5.478,trivial_move,3,2686932
5.486,trivial_move,4,2686931
5.489,flush_begin,0,0
5.505,flush_end,0,2686931
5.522,trivial_move,3,2686930
5.530,trivial_move,4,2686931
5.531,flush_begin,0,0
5.549,flush_end,0,2686931
5.565,trivial_move,3,2686932
5.573,trivial_move,4,2686931
5.575,flush_begin,0,0
5.593,flush_end,0,2686931
5.610,trivial_move,3,2686930
5.618,trivial_move,4,2686931
5.620,flush_begin,0,0
5.637,flush_end,0,2686930
5.654,trivial_move,3,2686931
5.662,trivial_move,4,2686930
5.663,flush_begin,0,0
5.680,flush_end,0,2686930
5.697,trivial_move,3,2686931
5.705,trivial_move,4,2686933
5.706,flush_begin,0,0
5.725,flush_end,0,2686931
5.742,trivial_move,3,2686930
5.750,trivial_move,4,2686930
5.752,flush_begin,0,0
5.771,flush_end,0,2686931
5.788,trivial_move,3,2686933
5.796,trivial_move,4,2686932
5.798,flush_begin,0,0
5.817,flush_end,0,2686931
5.834,trivial_move,3,2686930
5.842,trivial_move,4,2686930
5.843,flush_begin,0,0
5.860,flush_end,0,2686931
5.876,trivial_move,3,2686931
5.884,trivial_move,4,2686930
5.886,flush_begin,0,0
5.902,flush_end,0,2686930
5.918,trivial_move,3,2686931
5.926,trivial_move,4,2686932
5.928,flush_begin,0,0
5.944,flush_end,0,2686933
5.961,trivial_move,3,2686931
5.969,trivial_move,4,2686930
5.971,flush_begin,0,0
5.987,flush_end,0,2686930
6.003,trivial_move,3,2686931
6.011,trivial_move,4,2686932
6.012,flush_begin,0,0
6.030,flush_end,0,2686932
6.046,trivial_move,3,2686931
6.054,trivial_move,4,2686930
6.055,flush_begin,0,0
6.070,flush_end,0,2686930
6.088,trivial_move,3,2686930
6.096,trivial_move,4,2686931
6.097,flush_begin,0,0
6.113,flush_end,0,2686931
6.129,trivial_move,3,2686932
6.137,trivial_move,4,2686931
6.139,flush_begin,0,0
6.155,flush_end,0,2686931
6.172,trivial_move,3,2686930
6.180,trivial_move,4,2686931
6.181,flush_begin,0,0
6.198,flush_end,0,2686930
6.215,trivial_move,3,2686932
6.223,trivial_move,4,2686931
6.224,flush_begin,0,0
6.239,flush_end,0,2686932
6.256,trivial_move,3,2686930
6.264,trivial_move,4,2686931
6.266,flush_begin,0,0
6.284,flush_end,0,2686930
6.301,trivial_move,3,2686930
6.309,trivial_move,4,2686930
6.311,flush_begin,0,0
6.329,flush_end,0,2686931
6.345,trivial_move,3,2686932
6.353,trivial_move,4,2686932
6.356,flush_begin,0,0
6.372,flush_end,0,2686931
6.389,trivial_move,3,2686930
6.397,trivial_move,4,2686930
6.399,flush_begin,0,0
6.417,flush_end,0,2686931
6.433,trivial_move,3,2686932
6.442,trivial_move,4,2686931
6.443,flush_begin,0,0
6.461,flush_end,0,2686931
6.477,trivial_move,3,2686930
6.485,trivial_move,4,2686931
6.486,flush_begin,0,0
6.504,flush_end,0,2686931
6.520,trivial_move,3,2686931
6.528,trivial_move,4,2686930
6.530,flush_begin,0,0
6.548,flush_end,0,2686930
6.564,trivial_move,3,2686931
6.572,trivial_move,4,2686932
6.573,flush_begin,0,0
6.590,flush_end,0,2686932
6.607,trivial_move,3,2686931
6.615,trivial_move,4,2686930
6.617,flush_begin,0,0
6.635,flush_end,0,2686930
6.651,trivial_move,3,2686931
6.659,trivial_move,4,2686933
6.662,flush_begin,0,0
6.679,flush_end,0,2686932
6.696,trivial_move,3,2686932
6.704,trivial_move,4,2686930
6.706,flush_begin,0,0
6.722,flush_end,0,2686930
6.737,trivial_move,3,2686930
6.745,trivial_move,4,2686931
6.748,flush_begin,0,0
6.766,flush_end,0,2686930
6.783,trivial_move,3,2686932
6.791,trivial_move,4,2686931
6.793,flush_begin,0,0
6.811,flush_end,0,2686932
6.827,trivial_move,3,2686930
6.835,trivial_move,4,2686931
6.837,flush_begin,0,0
6.854,flush_end,0,2686930
6.871,trivial_move,3,2686931
6.879,trivial_move,4,2686931
6.882,flush_begin,0,0
6.901,flush_end,0,2686933
6.918,trivial_move,3,2686931
6.926,trivial_move,4,2686930
6.926,flush_begin,0,0
6.944,flush_end,0,2686930
6.961,trivial_move,3,2686930
6.969,trivial_move,4,2686930
6.971,flush_begin,0,0
6.989,flush_end,0,2686931
7.006,trivial_move,3,2686932
7.014,trivial_move,4,2686931
7.016,flush_begin,0,0
7.035,flush_end,0,2686931
7.052,trivial_move,3,2686930
7.060,trivial_move,4,2686931
7.062,flush_begin,0,0
7.083,flush_end,0,2686931
7.099,trivial_move,3,2686932
7.107,trivial_move,4,2686931
7.109,flush_begin,0,0
7.127,flush_end,0,2686931
7.144,trivial_move,3,2686930
7.151,trivial_move,4,2686931
7.151,flush_begin,0,0
7.169,flush_end,0,2686931
7.186,trivial_move,3,2686931
7.195,trivial_move,4,2686930
7.195,flush_begin,0,0
7.213,flush_end,0,2686930
7.230,trivial_move,3,2686931
7.238,trivial_move,4,2686932
7.239,flush_begin,0,0
7.258,flush_end,0,2686932
7.275,trivial_move,3,2686931
7.283,trivial_move,4,2686930
7.285,flush_begin,0,0
7.304,flush_end,0,2686930
7.321,trivial_move,3,2686931
7.329,trivial_move,4,2686932
7.329,flush_begin,0,0
7.346,flush_end,0,2686931
7.368,trivial_move,3,2686930
7.375,trivial_move,4,2686930
7.376,flush_begin,0,0
7.394,flush_end,0,2686931
7.409,trivial_move,3,2686930
7.417,trivial_move,4,2686931
7.418,flush_begin,0,0
7.430,flush_end,0,2686930
7.447,trivial_move,3,2686931
7.447,flush_begin,0,0
7.459,flush_end,0,2686932
7.476,trivial_move,3,2686931
7.484,trivial_move,4,2686931
7.484,flush_begin,0,0
7.497,flush_end,0,2686930
7.514,trivial_move,3,2686931
7.514,flush_begin,0,0
7.526,flush_end,0,2686932
7.543,trivial_move,3,2686931
7.551,trivial_move,4,2686930
7.551,flush_begin,0,0
7.564,flush_end,0,2686930
7.581,trivial_move,3,2686930
7.589,trivial_move,4,2686932
7.589,flush_begin,0,0
7.603,flush_end,0,2686931
7.620,trivial_move,3,2686933
7.628,trivial_move,4,2686930
7.636,trivial_move,4,2686932
7.636,flush_begin,0,0
7.651,flush_end,0,2686931
7.668,trivial_move,3,2686930
7.676,trivial_move,4,2686931
7.684,trivial_move,4,2686931
7.684,flush_begin,0,0
7.700,flush_end,0,2686931
7.717,trivial_move,3,2686932
7.725,trivial_move,4,2686931
7.726,flush_begin,0,0
7.742,flush_end,0,2686931
7.758,trivial_move,3,2686930
7.766,trivial_move,4,2686931
7.768,flush_begin,0,0
7.785,flush_end,0,2686930
7.801,trivial_move,3,2686931
7.809,trivial_move,4,2686930
7.811,flush_begin,0,0
7.828,flush_end,0,2686930
7.844,trivial_move,3,2686931
7.852,trivial_move,4,2686932
7.854,flush_begin,0,0
7.870,flush_end,0,2686931
7.887,trivial_move,3,2686930
7.895,trivial_move,4,2686930
7.897,flush_begin,0,0
7.914,flush_end,0,2686931
7.930,trivial_move,3,2686932
7.938,trivial_move,4,2686932
7.939,flush_begin,0,0
7.957,flush_end,0,2686931
7.973,trivial_move,3,2686930
7.981,trivial_move,4,2686930
7.984,flush_begin,0,0
8.002,flush_end,0,2686931
8.019,trivial_move,3,2686931
8.027,trivial_move,4,2686930
8.029,flush_begin,0,0
8.046,flush_end,0,2686930
8.063,trivial_move,3,2686931
8.071,trivial_move,4,2686932
8.074,flush_begin,0,0
8.093,flush_end,0,2686932
8.110,trivial_move,3,2686931
8.118,trivial_move,4,2686930
8.119,flush_begin,0,0
8.138,flush_end,0,2686930
8.155,trivial_move,3,2686931
8.163,trivial_move,4,2686932
8.164,flush_begin,0,0
8.183,flush_end,0,2686932
8.200,trivial_move,3,2686931
8.209,trivial_move,4,2686930
8.209,flush_begin,0,0
8.226,flush_end,0,2686930
8.243,trivial_move,3,2686930
8.251,trivial_move,4,2686931
8.253,flush_begin,0,0
8.270,flush_end,0,2686931
8.286,trivial_move,3,2686932
8.294,trivial_move,4,2686931
8.296,flush_begin,0,0
8.314,flush_end,0,2686931
8.330,trivial_move,3,2686930
8.338,trivial_move,4,2686931
8.340,flush_begin,0,0
8.359,flush_end,0,2686930
8.375,trivial_move,3,2686932
8.383,trivial_move,4,2686931
8.386,flush_begin,0,0
8.405,flush_end,0,2686932
8.422,trivial_move,3,2686930
8.430,trivial_move,4,2686931
8.433,flush_begin,0,0
8.451,flush_end,0,2686930
8.468,trivial_move,3,2686930
8.476,trivial_move,4,2686930
8.478,flush_begin,0,0
8.496,flush_end,0,2686931
8.513,trivial_move,3,2686932
8.521,trivial_move,4,2686933
8.523,flush_begin,0,0
8.541,flush_end,0,2686931
8.558,trivial_move,3,2686930
8.566,trivial_move,4,2686930
8.568,flush_begin,0,0
8.587,flush_end,0,2686931
8.604,trivial_move,3,2686933
8.612,trivial_move,4,2686931
8.614,flush_begin,0,0
8.633,flush_end,0,2686931
8.650,trivial_move,3,2686930
8.658,trivial_move,4,2686931
8.659,flush_begin,0,0
8.678,flush_end,0,2686931
8.696,trivial_move,3,2686931
8.704,trivial_move,4,2686930
8.705,flush_begin,0,0
8.724,flush_end,0,2686930
8.741,trivial_move,3,2686931
8.749,trivial_move,4,2686932
8.750,flush_begin,0,0
8.769,flush_end,0,2686933
8.786,trivial_move,3,2686931
8.794,trivial_move,4,2686930
8.796,flush_begin,0,0
8.816,flush_end,0,2686930
8.833,trivial_move,3,2686931
8.841,trivial_move,4,2686932
8.842,flush_begin,0,0
8.860,flush_end,0,2686932
8.877,trivial_move,3,2686931
8.884,trivial_move,4,2686930
8.884,flush_begin,0,0
8.898,flush_end,0,2686930
8.915,trivial_move,3,2686930
8.923,trivial_move,4,2686931
8.923,flush_begin,0,0
8.938,flush_end,0,2686930
8.955,trivial_move,3,2686932
8.963,trivial_move,4,2686931
8.964,flush_begin,0,0
8.979,flush_end,0,2686932
8.996,trivial_move,3,2686930
9.004,trivial_move,4,2686931
9.005,flush_begin,0,0
9.020,flush_end,0,2686930
9.037,trivial_move,3,2686931
9.045,trivial_move,4,2686931
9.046,flush_begin,0,0
9.061,flush_end,0,2686932
9.078,trivial_move,3,2686931
9.086,trivial_move,4,2686930
9.088,flush_begin,0,0
9.103,flush_end,0,2686930
9.120,trivial_move,3,2686930
9.128,trivial_move,4,2686930
9.129,flush_begin,0,0
9.146,flush_end,0,2686931
9.162,trivial_move,3,2686932
9.170,trivial_move,4,2686931
9.170,flush_begin,0,0
9.187,flush_end,0,2686931
9.203,trivial_move,3,2686930
9.211,trivial_move,4,2686931
9.213,flush_begin,0,0
9.231,flush_end,0,2686931
9.247,trivial_move,3,2686932
9.255,trivial_move,4,2686931
9.256,flush_begin,0,0
9.274,flush_end,0,2686931
9.290,trivial_move,3,2686930
9.298,trivial_move,4,2686931
9.299,flush_begin,0,0
9.317,flush_end,0,2686931
9.334,trivial_move,3,2686931
9.342,trivial_move,4,2686930
9.345,flush_begin,0,0
9.363,flush_end,0,2686930
9.380,trivial_move,3,2686931
9.388,trivial_move,4,2686932
9.390,flush_begin,0,0
9.408,flush_end,0,2686932
9.424,trivial_move,3,2686931
9.432,trivial_move,4,2686930
9.434,flush_begin,0,0
9.452,flush_end,0,2686930
9.470,trivial_move,3,2686931
9.478,trivial_move,4,2686933
9.480,flush_begin,0,0
9.499,flush_end,0,2686931
9.516,trivial_move,3,2686930
9.524,trivial_move,4,2686930
9.524,flush_begin,0,0
9.544,flush_end,0,2686931
9.560,trivial_move,3,2686930
9.568,trivial_move,4,2686931
9.570,flush_begin,0,0
9.588,flush_end,0,2686930
9.605,trivial_move,3,2686931
9.613,trivial_move,4,2686931
9.613,flush_begin,0,0
9.631,flush_end,0,2686932
9.648,trivial_move,3,2686931
9.656,trivial_move,4,2686930
9.657,flush_begin,0,0
9.675,flush_end,0,2686930
9.692,trivial_move,3,2686931
9.700,trivial_move,4,2686932
9.700,flush_begin,0,0
9.719,flush_end,0,2686933
9.736,trivial_move,3,2686931
9.745,trivial_move,4,2686930
9.745,flush_begin,0,0
9.763,flush_end,0,2686930
9.780,trivial_move,3,2686930
9.788,trivial_move,4,2686931
9.789,flush_begin,0,0
9.806,flush_end,0,2686931
9.822,trivial_move,3,2686932
9.830,trivial_move,4,2686931
9.831,flush_begin,0,0
9.848,flush_end,0,2686931
9.865,trivial_move,3,2686930
9.873,trivial_move,4,2686931
9.875,flush_begin,0,0
9.891,flush_end,0,2686931
9.908,trivial_move,3,2686932
9.916,trivial_move,4,2686931
9.917,flush_begin,0,0
9.935,flush_end,0,2686931
9.950,trivial_move,3,2686930
9.958,trivial_move,4,2686931
9.959,flush_begin,0,0
9.977,flush_end,0,2686930
9.993,trivial_move,3,2686931
10.001,trivial_move,4,2686930
10.002,flush_begin,0,0
10.019,flush_end,0,2686930
10.036,trivial_move,3,2686931
10.044,trivial_move,4,2686932
10.046,flush_begin,0,0
10.065,flush_end,0,2686931
10.082,trivial_move,3,2686930
10.090,trivial_move,4,2686930
10.090,flush_begin,0,0
10.109,flush_end,0,2686931
10.126,trivial_move,3,2686932
10.134,trivial_move,4,2686932
10.136,flush_begin,0,0
10.156,flush_end,0,2686931
10.173,trivial_move,3,2686930
10.180,trivial_move,4,2686930
10.180,flush_begin,0,0
10.198,flush_end,0,2686931
10.215,trivial_move,3,2686931
10.224,trivial_move,4,2686930
10.224,flush_begin,0,0
10.242,flush_end,0,2686930
10.259,trivial_move,3,2686931
10.267,trivial_move,4,2686932
10.269,flush_begin,0,0
10.288,flush_end,0,2686932
10.305,trivial_move,3,2686931
10.313,trivial_move,4,2686930
10.314,flush_begin,0,0
10.332,flush_end,0,2686930
10.349,trivial_move,3,2686931
10.357,trivial_move,4,2686932
10.358,flush_begin,0,0
10.377,flush_end,0,2686932
10.394,trivial_move,3,2686931
10.402,trivial_move,4,2686930
10.404,flush_begin,0,0
10.423,flush_end,0,2686930
10.442,trivial_move,3,2686930
10.451,trivial_move,4,2686932
10.451,flush_begin,0,0
10.469,flush_end,0,2686931
10.487,trivial_move,3,2686933
10.496,trivial_move,4,2686931
10.497,flush_begin,0,0
10.515,flush_end,0,2686931
10.532,trivial_move,3,2686930
10.540,trivial_move,4,2686931
10.542,flush_begin,0,0
10.561,flush_end,0,2686930
10.578,trivial_move,3,2686932
10.586,trivial_move,4,2686931
10.587,flush_begin,0,0
10.606,flush_end,0,2686932
10.623,trivial_move,3,2686930
10.631,trivial_move,4,2686931
10.632,flush_begin,0,0
10.652,flush_end,0,2686930
10.669,trivial_move,3,2686930
10.677,trivial_move,4,2686930
10.678,flush_begin,0,0
10.699,flush_end,0,2686932
10.715,trivial_move,3,2686932
10.723,trivial_move,4,2686932
10.723,flush_begin,0,0
10.742,flush_end,0,2686931
10.759,trivial_move,3,2686930
10.767,trivial_move,4,2686930
10.769,flush_begin,0,0
10.789,flush_end,0,2686931
10.807,trivial_move,3,2686932
10.816,trivial_move,4,2686931
10.816,flush_begin,0,0
10.835,flush_end,0,2686931
10.852,trivial_move,3,2686930
10.861,trivial_move,4,2686931
10.861,flush_begin,0,0
10.878,flush_end,0,2686931
10.895,trivial_move,3,2686931
10.903,trivial_move,4,2686930
10.905,flush_begin,0,0
10.925,flush_end,0,2686930
10.943,trivial_move,3,2686931
10.952,trivial_move,4,2686932
10.952,flush_begin,0,0
10.970,flush_end,0,2686932
10.987,trivial_move,3,2686931
10.995,trivial_move,4,2686930
10.996,flush_begin,0,0
11.013,flush_end,0,2686930
11.030,trivial_move,3,2686931
11.038,trivial_move,4,2686932
11.040,flush_begin,0,0
11.058,flush_end,0,2686932
11.075,trivial_move,3,2686931
11.083,trivial_move,4,2686930
11.083,flush_begin,0,0
11.101,flush_end,0,2686930
11.118,trivial_move,3,2686930
11.126,trivial_move,4,2686931
11.128,flush_begin,0,0
11.147,flush_end,0,2686930
11.165,trivial_move,3,2686932
11.174,trivial_move,4,2686931
11.174,flush_begin,0,0
11.193,flush_end,0,2686932
11.210,trivial_move,3,2686930
11.218,trivial_move,4,2686931
11.221,flush_begin,0,0
11.238,flush_end,0,2686930
11.254,trivial_move,3,2686931
11.262,trivial_move,4,2686931
11.263,flush_begin,0,0
11.281,flush_end,0,2686932
11.298,trivial_move,3,2686931
11.306,trivial_move,4,2686930
11.307,flush_begin,0,0
11.324,flush_end,0,2686930
11.341,trivial_move,3,2686930
11.349,trivial_move,4,2686930
11.351,flush_begin,0,0
11.368,flush_end,0,2686931
11.384,trivial_move,3,2686932
11.392,trivial_move,4,2686931
11.394,flush_begin,0,0
11.410,flush_end,0,2686931
11.427,trivial_move,3,2686930
11.435,trivial_move,4,2686933
11.437,flush_begin,0,0
11.455,flush_end,0,2686931
11.471,trivial_move,3,2686933
11.479,trivial_move,4,2686931
11.481,flush_begin,0,0
11.499,flush_end,0,2686931
11.515,trivial_move,3,2686930
11.523,trivial_move,4,2686931
11.525,flush_begin,0,0
11.542,flush_end,0,2686931
11.558,trivial_move,3,2686931
11.566,trivial_move,4,2686930
11.568,flush_begin,0,0
11.586,flush_end,0,2686930
11.602,trivial_move,3,2686931
11.610,trivial_move,4,2686932
11.611,flush_begin,0,0
11.629,flush_end,0,2570063
11.646,trivial_move,3,2686931
11.654,trivial_move,4,2686930
11.655,compaction_begin,2,0
11.692,compaction_end,2,5374078
11.710,trivial_move,4,2686932
11.710,compaction_begin,2,0
11.745,compaction_end,2,5374077
11.763,trivial_move,4,2686930
11.763,compaction_begin,2,0
11.796,compaction_end,2,5374079
11.814,trivial_move,4,2686931
11.814,compaction_begin,2,0
11.847,compaction_end,2,5374079
11.865,trivial_move,4,2686931
11.865,compaction_begin,2,0
11.896,compaction_end,2,5374079
11.914,trivial_move,4,2686930
11.914,compaction_begin,2,0
11.942,compaction_end,2,5374079
11.959,trivial_move,4,2686932
11.959,compaction_begin,2,0
11.986,compaction_end,2,5374078
12.003,trivial_move,4,2686930
12.003,compaction_begin,2,0
12.030,compaction_end,2,5374079
12.047,trivial_move,4,2686931
12.047,compaction_begin,2,0
12.073,compaction_end,2,5374080
12.090,trivial_move,4,2686931
12.090,compaction_begin,2,0
12.116,compaction_end,2,5374079
12.133,trivial_move,4,2686931
12.133,compaction_begin,2,0
12.159,compaction_end,2,5374079
12.176,trivial_move,4,2686931
12.176,compaction_begin,2,0
12.203,compaction_end,2,5374078
12.220,trivial_move,4,2686931
12.220,compaction_begin,2,0
12.246,compaction_end,2,5374079
12.263,trivial_move,4,2686930
12.263,compaction_begin,2,0
12.289,compaction_end,2,5374078
12.306,trivial_move,4,2686932
12.306,compaction_begin,2,0
12.333,compaction_end,2,5374079
12.350,trivial_move,4,2686930
12.350,compaction_begin,2,0
12.376,compaction_end,2,5374079
12.394,trivial_move,4,2686933
12.394,compaction_begin,2,0
12.421,compaction_end,2,5374078
12.438,trivial_move,4,2686930
12.438,compaction_begin,2,0
12.464,compaction_end,2,5374079
12.481,trivial_move,4,2686930
12.481,compaction_begin,2,0
12.507,compaction_end,2,5374079
12.524,trivial_move,4,2686932
12.524,compaction_begin,2,0
12.537,compaction_end,2,2570063
12.554,trivial_move,4,2686930
12.562,trivial_move,4,2686932
12.562,compaction_begin,3,0
12.590,compaction_end,3,5374079
12.607,trivial_move,4,2686931
12.607,compaction_begin,3,0
12.636,compaction_end,3,5374079
12.653,trivial_move,4,2686931
12.653,compaction_begin,3,0
12.682,compaction_end,3,5374077
12.699,trivial_move,4,2686930
12.699,compaction_begin,3,0
12.727,compaction_end,3,5374079
12.744,trivial_move,4,2686930
12.744,compaction_begin,3,0
12.772,compaction_end,3,5374079
12.789,trivial_move,4,2686932
12.789,compaction_begin,3,0
12.816,compaction_end,3,5374080
12.834,trivial_move,4,2686931
12.834,compaction_begin,3,0
12.864,compaction_end,3,5374079
12.873,compaction_begin,3,0
12.900,compaction_end,3,5374079
12.909,compaction_begin,3,0
12.934,compaction_end,3,5374079
12.943,compaction_begin,3,0
12.968,compaction_end,3,5374079
12.977,compaction_begin,3,0
13.001,compaction_end,3,5374078
13.010,compaction_begin,3,0
13.033,compaction_end,3,5374079
13.042,compaction_begin,3,0
13.065,compaction_end,3,5374079
13.074,compaction_begin,3,0
13.095,compaction_end,3,5374078
13.104,compaction_begin,3,0
13.126,compaction_end,3,5374079
13.135,compaction_begin,3,0
13.157,compaction_end,3,5374078
13.167,compaction_begin,3,0
13.189,compaction_end,3,5374080
13.198,compaction_begin,3,0
13.220,compaction_end,3,5374079
13.229,compaction_begin,3,0
13.253,compaction_end,3,5374079
13.262,compaction_begin,3,0
13.285,compaction_end,3,5374079
13.294,compaction_begin,3,0
13.316,compaction_end,3,5374078
13.325,compaction_begin,3,0
13.347,compaction_end,3,5374079
13.356,compaction_begin,3,0
13.378,compaction_end,3,5374079
13.388,compaction_begin,3,0
13.410,compaction_end,3,5374079
13.419,compaction_begin,3,0
13.442,compaction_end,3,5374079
13.451,compaction_begin,3,0
13.474,compaction_end,3,5374077
13.483,compaction_begin,3,0
13.506,compaction_end,3,5374078
13.515,compaction_begin,3,0
13.537,compaction_end,3,5374080
13.546,compaction_begin,3,0
13.568,compaction_end,3,5374079
13.577,compaction_begin,3,0
13.599,compaction_end,3,5374079
13.608,compaction_begin,3,0
13.630,compaction_end,3,5374078
13.639,compaction_begin,3,0
13.662,compaction_end,3,5374079
13.672,compaction_begin,3,0
13.695,compaction_end,3,5374079
13.704,compaction_begin,3,0
13.727,compaction_end,3,5374079
13.736,compaction_begin,3,0
13.758,compaction_end,3,5374079
13.767,compaction_begin,3,0
13.790,compaction_end,3,5374078
13.799,compaction_begin,3,0
13.822,compaction_end,3,5374079
13.831,compaction_begin,3,0
13.854,compaction_end,3,5374080
13.863,compaction_begin,3,0
13.886,compaction_end,3,5374078
13.895,compaction_begin,3,0
13.918,compaction_end,3,5374079
13.926,compaction_begin,3,0
13.955,compaction_end,3,5374078
13.963,compaction_begin,3,0
13.985,compaction_end,3,5374079
13.994,compaction_begin,3,0
14.016,compaction_end,3,5374079
14.025,compaction_begin,3,0
14.047,compaction_end,3,5374079
14.056,compaction_begin,3,0
14.078,compaction_end,3,5374079
14.087,compaction_begin,3,0
14.109,compaction_end,3,5374078
14.118,compaction_begin,3,0
14.140,compaction_end,3,5374079
14.149,compaction_begin,3,0
14.171,compaction_end,3,5374079
14.180,compaction_begin,3,0
14.202,compaction_end,3,5374080
14.211,compaction_begin,3,0
14.234,compaction_end,3,5374079
14.243,compaction_begin,3,0
14.265,compaction_end,3,5374077
14.274,compaction_begin,3,0
14.297,compaction_end,3,5374078
14.306,compaction_begin,3,0
14.328,compaction_end,3,5374079
14.337,compaction_begin,3,0
14.360,compaction_end,3,5374079
14.369,compaction_begin,3,0
14.391,compaction_end,3,5374079
14.400,compaction_begin,3,0
14.422,compaction_end,3,5374078
14.431,compaction_begin,3,0
14.453,compaction_end,3,5374079
14.462,compaction_begin,3,0
14.485,compaction_end,3,5374079
14.494,compaction_begin,3,0
14.516,compaction_end,3,5374079
14.525,compaction_begin,3,0
14.547,compaction_end,3,5374080
14.556,compaction_begin,3,0
14.579,compaction_end,3,5374078
14.588,compaction_begin,3,0
14.610,compaction_end,3,5374079
14.619,compaction_begin,3,0
14.642,compaction_end,3,5374079
14.651,compaction_begin,3,0
14.674,compaction_end,3,5374078
14.683,compaction_begin,3,0
14.705,compaction_end,3,5374079
14.714,compaction_begin,3,0
14.735,compaction_end,3,5374078
14.744,compaction_begin,3,0
14.766,compaction_end,3,5374079
14.775,compaction_begin,3,0
14.797,compaction_end,3,5374079
14.806,compaction_begin,3,0
14.828,compaction_end,3,5374079
14.837,compaction_begin,3,0
14.859,compaction_end,3,5374079
14.868,compaction_begin,3,0
14.890,compaction_end,3,5374079
14.899,compaction_begin,3,0
14.922,compaction_end,3,5374079
14.931,compaction_begin,3,0
14.954,compaction_end,3,5374079
14.963,compaction_begin,3,0
14.986,compaction_end,3,5374079
14.995,compaction_begin,3,0
15.017,compaction_end,3,5374079
15.026,compaction_begin,3,0
15.049,compaction_end,3,5374077
15.058,compaction_begin,3,0
15.081,compaction_end,3,5374078
15.090,compaction_begin,3,0
15.111,compaction_end,3,5374079
15.120,compaction_begin,3,0
15.141,compaction_end,3,5374079
15.150,compaction_begin,3,0
15.172,compaction_end,3,5374079
15.181,compaction_begin,3,0
15.203,compaction_end,3,5374078
15.212,compaction_begin,3,0
15.233,compaction_end,3,5374080
15.242,compaction_begin,3,0
15.264,compaction_end,3,5374079
15.273,compaction_begin,3,0
15.295,compaction_end,3,5374079
15.304,compaction_begin,3,0
15.326,compaction_end,3,5374079
15.335,compaction_begin,3,0
15.358,compaction_end,3,5374078
15.367,compaction_begin,3,0
15.390,compaction_end,3,5374079
15.400,compaction_begin,3,0
15.422,compaction_end,3,5374079
15.431,compaction_begin,3,0
15.453,compaction_end,3,5374078
15.463,compaction_begin,3,0
15.485,compaction_end,3,5374079
15.494,compaction_begin,3,0
15.516,compaction_end,3,5374078
15.525,compaction_begin,3,0
15.547,compaction_end,3,5374079
15.556,compaction_begin,3,0
15.578,compaction_end,3,5374081
15.588,compaction_begin,3,0
15.610,compaction_end,3,5374079
15.619,compaction_begin,3,0
15.641,compaction_end,3,5374079
15.650,compaction_begin,3,0
15.672,compaction_end,3,5374078
15.681,compaction_begin,3,0
15.703,compaction_end,3,5374079
15.712,compaction_begin,3,0
15.734,compaction_end,3,5374079
15.743,compaction_begin,3,0
15.765,compaction_end,3,5374079
15.774,compaction_begin,3,0
15.796,compaction_end,3,5374079
15.805,compaction_begin,3,0
15.827,compaction_end,3,5374077
15.837,compaction_begin,3,0
15.859,compaction_end,3,5374078
15.868,compaction_begin,3,0
15.890,compaction_end,3,5374079
15.899,compaction_begin,3,0
15.921,compaction_end,3,5374080
15.930,compaction_begin,3,0
15.952,compaction_end,3,5374079
15.962,compaction_begin,3,0
15.984,compaction_end,3,5374078
15.993,compaction_begin,3,0
16.015,compaction_end,3,5374079
16.024,compaction_begin,3,0
16.047,compaction_end,3,5374079
16.056,compaction_begin,3,0
16.078,compaction_end,3,5374079
16.087,compaction_begin,3,0
16.110,compaction_end,3,5374079
16.119,compaction_begin,3,0
16.143,compaction_end,3,5374078
16.152,compaction_begin,3,0
16.174,compaction_end,3,5374079
16.183,compaction_begin,3,0
16.205,compaction_end,3,5374079
16.215,compaction_begin,3,0
16.237,compaction_end,3,5374078
16.246,compaction_begin,3,0
16.267,compaction_end,3,5374080
16.276,compaction_begin,3,0
16.298,compaction_end,3,5374078
16.307,compaction_begin,3,0
16.330,compaction_end,3,5374079
16.339,compaction_begin,3,0
16.363,compaction_end,3,5374079
16.372,compaction_begin,3,0
16.395,compaction_end,3,5374079
16.404,compaction_begin,3,0
16.428,compaction_end,3,5374079
16.437,compaction_begin,3,0
16.462,compaction_end,3,5374078
16.471,compaction_begin,3,0
16.494,compaction_end,3,5374079
16.503,compaction_begin,3,0
16.526,compaction_end,3,5374079
16.535,compaction_begin,3,0
16.559,compaction_end,3,5374079
16.568,compaction_begin,3,0
16.590,compaction_end,3,5374080
16.599,compaction_begin,3,0
16.621,compaction_end,3,5374077
16.630,compaction_begin,3,0
16.652,compaction_end,3,5374078
16.661,compaction_begin,3,0
16.682,compaction_end,3,5374079
16.691,compaction_begin,3,0
16.714,compaction_end,3,5374079
16.724,compaction_begin,3,0
16.749,compaction_end,3,5374079
16.758,compaction_begin,3,0
16.782,compaction_end,3,5374078
16.791,compaction_begin,3,0
16.815,compaction_end,3,5374079
16.824,compaction_begin,3,0
16.846,compaction_end,3,5374079
16.855,compaction_begin,3,0
16.879,compaction_end,3,5374079
16.888,compaction_begin,3,0
16.911,compaction_end,3,5374079
16.920,compaction_begin,3,0
16.942,compaction_end,3,5374079
16.951,compaction_begin,3,0
16.974,compaction_end,3,5374079
16.983,compaction_begin,3,0
17.008,compaction_end,3,5374079
17.016,compaction_begin,3,0
17.039,compaction_end,3,5374078
17.048,compaction_begin,3,0
17.071,compaction_end,3,5374079
17.080,compaction_begin,3,0
17.103,compaction_end,3,5374078
17.113,compaction_begin,3,0
17.139,compaction_end,3,5374079
17.148,compaction_begin,3,0
17.170,compaction_end,3,5374079
17.179,compaction_begin,3,0
17.202,compaction_end,3,5374079
17.211,compaction_begin,3,0
17.233,compaction_end,3,5374079
17.242,compaction_begin,3,0
17.266,compaction_end,3,5374078
17.275,compaction_begin,3,0
17.297,compaction_end,3,5374080
17.306,compaction_begin,3,0
17.330,compaction_end,3,5374079
17.339,compaction_begin,3,0
17.363,compaction_end,3,5374079
17.372,compaction_begin,3,0
17.394,compaction_end,3,5374079
17.403,compaction_begin,3,0
17.426,compaction_end,3,5374077
17.435,compaction_begin,3,0
17.459,compaction_end,3,5374078
17.468,compaction_begin,3,0
17.492,compaction_end,3,5374079
17.501,compaction_begin,3,0
17.524,compaction_end,3,5374079
17.533,compaction_begin,3,0
17.554,compaction_end,3,5374079
17.563,compaction_begin,3,0
17.587,compaction_end,3,5374078
17.596,compaction_begin,3,0
17.619,compaction_end,3,5374079
17.628,compaction_begin,3,0
17.651,compaction_end,3,5374080
17.660,compaction_begin,3,0
17.682,compaction_end,3,5374079
17.691,compaction_begin,3,0
17.715,compaction_end,3,5374079
17.724,compaction_begin,3,0
17.747,compaction_end,3,5374078
17.756,compaction_begin,3,0
17.779,compaction_end,3,5374079
17.788,compaction_begin,3,0
17.812,compaction_end,3,5374079
17.821,compaction_begin,3,0
17.844,compaction_end,3,5374078
17.853,compaction_begin,3,0
17.874,compaction_end,3,5374079
17.883,compaction_begin,3,0
17.908,compaction_end,3,5374078
17.917,compaction_begin,3,0
17.940,compaction_end,3,5374079
17.949,compaction_begin,3,0
17.970,compaction_end,3,5374079
17.979,compaction_begin,3,0
18.002,compaction_end,3,5374080
18.011,compaction_begin,3,0
18.036,compaction_end,3,5374079
18.045,compaction_begin,3,0
18.067,compaction_end,3,5374078
18.076,compaction_begin,3,0
18.098,compaction_end,3,5374079
18.107,compaction_begin,3,0
18.129,compaction_end,3,5374079
18.138,compaction_begin,3,0
18.160,compaction_end,3,5374079
18.169,compaction_begin,3,0
18.192,compaction_end,3,5374079
18.201,compaction_begin,3,0
18.224,compaction_end,3,5374077
18.236,compaction_begin,3,0
18.257,compaction_end,3,5374078
18.266,compaction_begin,3,0
18.288,compaction_end,3,5374079
18.297,compaction_begin,3,0
18.318,compaction_end,3,5374079
18.327,compaction_begin,3,0
18.349,compaction_end,3,5374080
18.358,compaction_begin,3,0
18.379,compaction_end,3,5374078
18.388,compaction_begin,3,0
18.413,compaction_end,3,7023641
18.422,compaction_begin,3,0
18.444,compaction_end,3,5374083
18.453,compaction_begin,3,0
18.475,compaction_end,3,5374083
18.485,compaction_begin,3,0
18.508,compaction_end,3,5374083
18.517,compaction_begin,3,0
18.540,compaction_end,3,5374084
18.549,compaction_begin,3,0
18.571,compaction_end,3,5374083
18.580,compaction_begin,3,0
18.603,compaction_end,3,5374082
18.613,compaction_begin,3,0
18.636,compaction_end,3,5374083
18.645,compaction_begin,3,0
18.667,compaction_end,3,5374084
18.676,compaction_begin,3,0
18.698,compaction_end,3,5374084
18.707,compaction_begin,3,0
18.729,compaction_end,3,5374083
18.738,compaction_begin,3,0
18.759,compaction_end,3,5374082
18.768,compaction_begin,3,0
18.790,compaction_end,3,5374083
18.799,compaction_begin,3,0
18.820,compaction_end,3,5374083
18.829,compaction_begin,3,0
18.850,compaction_end,3,5374084
18.859,compaction_begin,3,0
18.880,compaction_end,3,5374082
18.889,compaction_begin,3,0
18.911,compaction_end,3,5374083
18.920,compaction_begin,3,0
18.943,compaction_end,3,5374083
18.952,compaction_begin,3,0
18.974,compaction_end,3,5374083
18.983,compaction_begin,3,0
18.996,compaction_end,3,3607587
24.437,flush_begin,0,0
24.451,flush_end,0,2744505
24.461,compaction_begin,2,0
24.789,compaction_end,2,2675329
24.805,compaction_begin,3,0
25.012,compaction_end,3,42992648
25.024,compaction_begin,3,0
25.442,compaction_end,3,42992649
25.455,compaction_begin,3,0
25.739,compaction_end,3,42992649
25.752,compaction_begin,3,0
26.285,compaction_end,3,42992649
26.297,compaction_begin,3,0
26.478,compaction_end,3,42992652
26.491,compaction_begin,3,0
26.674,compaction_end,3,42992651
26.687,compaction_begin,3,0
26.867,compaction_end,3,42992650
26.878,compaction_begin,3,0
27.050,compaction_end,3,43605021
27.061,compaction_begin,3,0
27.238,compaction_end,3,42992653
27.248,compaction_begin,3,0
27.778,compaction_end,3,42992649
27.790,compaction_begin,3,0
27.979,compaction_end,3,45679539
27.990,compaction_begin,3,0
28.156,compaction_end,3,42992652
28.167,compaction_begin,3,0
28.330,compaction_end,3,42992653
28.340,compaction_begin,3,0
28.510,compaction_end,3,42992650
28.521,compaction_begin,3,0
29.224,compaction_end,3,42992648
29.235,compaction_begin,3,0
29.404,compaction_end,3,42992653
29.415,compaction_begin,3,0
29.897,flush_begin,0,0
29.909,flush_end,0,2744938
30.193,compaction_end,3,42992649
30.203,compaction_begin,2,0
30.505,compaction_end,2,2961795
30.518,compaction_begin,3,0
30.705,compaction_end,3,42992648
30.717,compaction_begin,3,0
30.880,compaction_end,3,42992649
30.892,compaction_begin,3,0
31.053,compaction_end,3,42992649
31.065,compaction_begin,3,0
31.228,compaction_end,3,42992649
31.240,compaction_begin,3,0
31.486,compaction_end,3,44404455
31.500,compaction_begin,3,0
31.662,compaction_end,3,42992654
31.673,compaction_begin,3,0
31.837,compaction_end,3,42992653
31.848,compaction_begin,3,0
32.010,compaction_end,3,42992653
32.021,compaction_begin,3,0
32.182,compaction_end,3,42992653
32.193,compaction_begin,3,0
32.411,compaction_end,3,42992653
32.422,compaction_begin,3,0
32.586,compaction_end,3,42992654
32.597,compaction_begin,3,0
32.759,compaction_end,3,42992653
32.770,compaction_begin,3,0
32.948,compaction_end,3,45305110
32.959,compaction_begin,3,0
33.685,compaction_end,3,42992648
33.696,compaction_begin,3,0
33.998,compaction_end,3,41955150
34.009,compaction_begin,3,0
34.732,compaction_end,3,42992650
34.743,compaction_begin,3,0
34.909,compaction_end,3,42992648
34.919,compaction_begin,3,0
35.083,compaction_end,3,42992650
35.093,compaction_begin,3,0
35.257,compaction_end,3,43367082
35.268,compaction_begin,3,0
35.380,flush_begin,0,0
35.392,flush_end,0,2744412
35.503,compaction_end,3,45679536
35.514,compaction_begin,2,0
35.818,compaction_end,2,3136193
35.832,compaction_begin,3,0
36.013,compaction_end,3,42992648
36.024,compaction_begin,3,0
36.183,compaction_end,3,42992649
36.200,compaction_begin,3,0
36.360,compaction_end,3,42992649
36.374,compaction_begin,3,0
36.536,compaction_end,3,42992653
36.547,compaction_begin,3,0
36.709,compaction_end,3,43367081
36.720,compaction_begin,3,0
36.879,compaction_end,3,42992650
36.890,compaction_begin,3,0
37.049,compaction_end,3,42992653
37.060,compaction_begin,3,0
37.224,compaction_end,3,43367082
37.235,compaction_begin,3,0
37.396,compaction_end,3,42992653
37.407,compaction_begin,3,0
37.573,compaction_end,3,42992655
37.585,compaction_begin,3,0
37.747,compaction_end,3,42992653
37.755,compaction_begin,3,0
37.926,compaction_end,3,43230496
37.939,compaction_begin,3,0
38.102,compaction_end,3,42992654
38.114,compaction_begin,3,0
38.275,compaction_end,3,42992650
38.286,compaction_begin,3,0
38.449,compaction_end,3,42992654
38.460,compaction_begin,3,0
38.629,compaction_end,3,44030065
38.641,compaction_begin,3,0
39.339,compaction_end,3,42992648
39.349,compaction_begin,3,0
39.512,compaction_end,3,42992653
39.524,compaction_begin,3,0
39.686,compaction_end,3,42992652
39.697,compaction_begin,3,0
39.860,compaction_end,3,42992653
39.871,compaction_begin,3,0
40.580,compaction_end,3,42992648
40.590,compaction_begin,3,0
40.752,compaction_end,3,42992648
40.762,compaction_begin,3,0
40.835,flush_begin,0,0
40.846,flush_end,0,2744384
40.954,compaction_end,3,45305111
40.965,compaction_begin,2,0
41.260,compaction_end,2,3233554
41.274,compaction_begin,3,0
41.455,compaction_end,3,42992648
41.468,compaction_begin,3,0
41.630,compaction_end,3,43655660
41.643,compaction_begin,3,0
41.797,compaction_end,3,42992649
41.809,compaction_begin,3,0
41.970,compaction_end,3,42992653
41.980,compaction_begin,3,0
42.138,compaction_end,3,43367081
42.150,compaction_begin,3,0
42.309,compaction_end,3,42992654
42.320,compaction_begin,3,0
42.482,compaction_end,3,43230496
42.493,compaction_begin,3,0
42.651,compaction_end,3,41955150
42.662,compaction_begin,3,0
42.823,compaction_end,3,42992650
42.835,compaction_begin,3,0
42.996,compaction_end,3,43367080
43.007,compaction_begin,3,0
43.169,compaction_end,3,42992648
43.180,compaction_begin,3,0
43.341,compaction_end,3,43367078
43.353,compaction_begin,3,0
43.516,compaction_end,3,42992648
43.526,compaction_begin,3,0
44.198,compaction_end,3,42992648
44.209,compaction_begin,3,0
44.371,compaction_end,3,42992653
44.383,compaction_begin,3,0
44.540,compaction_end,3,42992650
44.554,compaction_begin,3,0
44.716,compaction_end,3,42992648
44.726,compaction_begin,3,0
44.846,compaction_end,3,31515311
44.856,compaction_begin,3,0
45.556,compaction_end,3,42992651
45.567,compaction_begin,3,0
46.279,compaction_end,3,42992650
46.287,flush_begin,0,0
46.299,flush_end,0,2744623
46.309,compaction_begin,2,0
46.629,compaction_end,2,3330190
46.643,compaction_begin,3,0
46.837,compaction_end,3,43281145
46.849,compaction_begin,3,0
47.011,compaction_end,3,43367082
47.023,compaction_begin,3,0
47.183,compaction_end,3,42992649
47.194,compaction_begin,3,0
47.358,compaction_end,3,43367081
47.370,compaction_begin,3,0
47.534,compaction_end,3,43367078
47.546,compaction_begin,3,0
47.714,compaction_end,3,42992654
47.724,compaction_begin,3,0
47.885,compaction_end,3,42992648
47.896,compaction_begin,3,0
48.055,compaction_end,3,42992650
48.065,compaction_begin,3,0
48.225,compaction_end,3,42992653
48.236,compaction_begin,3,0
48.904,compaction_end,3,42992650
48.916,compaction_begin,3,0
49.078,compaction_end,3,43367078
49.089,compaction_begin,3,0
49.251,compaction_end,3,43230496
49.259,compaction_begin,3,0
49.422,compaction_end,3,43367080
49.435,compaction_begin,3,0
49.596,compaction_end,3,42992653
49.607,compaction_begin,3,0
49.769,compaction_end,3,43367080
49.780,compaction_begin,3,0
49.942,compaction_end,3,42992652
49.953,compaction_begin,3,0
50.115,compaction_end,3,42992648
50.125,compaction_begin,3,0
50.334,compaction_end,3,45679535
50.345,compaction_begin,3,0
50.509,compaction_end,3,43367082
50.520,compaction_begin,3,0
51.196,compaction_end,3,42992648
51.209,compaction_begin,3,0
51.368,compaction_end,3,42992655
51.377,compaction_begin,3,0
51.537,compaction_end,3,42992650
51.545,compaction_begin,3,0
51.704,compaction_end,3,42992648
51.717,compaction_begin,3,0
51.771,flush_begin,0,0
51.783,flush_end,0,2745171
51.904,compaction_end,3,42992651
51.915,compaction_begin,2,0
52.220,compaction_end,2,3374749
52.235,compaction_begin,3,0
52.424,compaction_end,3,43281145
52.437,compaction_begin,3,0
52.594,compaction_end,3,43367082
52.606,compaction_begin,3,0
52.767,compaction_end,3,42992649
52.779,compaction_begin,3,0
52.942,compaction_end,3,43367078
52.954,compaction_begin,3,0
53.118,compaction_end,3,43367081
53.130,compaction_begin,3,0
53.290,compaction_end,3,42992653
53.301,compaction_begin,3,0
53.462,compaction_end,3,42992653
53.472,compaction_begin,3,0
53.633,compaction_end,3,42992653
53.644,compaction_begin,3,0
53.804,compaction_end,3,42992654
53.815,compaction_begin,3,0
53.977,compaction_end,3,42992653
53.987,compaction_begin,3,0
54.160,compaction_end,3,45305111
54.171,compaction_begin,3,0
54.330,compaction_end,3,42992650
54.341,compaction_begin,3,0
54.504,compaction_end,3,42992651
54.515,compaction_begin,3,0
54.675,compaction_end,3,42992648
54.686,compaction_begin,3,0
54.846,compaction_end,3,42992653
54.857,compaction_begin,3,0
55.017,compaction_end,3,43230496
55.029,compaction_begin,3,0
55.190,compaction_end,3,42992652
55.201,compaction_begin,3,0
55.362,compaction_end,3,42992650
55.373,compaction_begin,3,0
56.090,compaction_end,3,44404453
56.101,compaction_begin,3,0
56.267,compaction_end,3,42992654
56.279,compaction_begin,3,0
56.454,compaction_end,3,43367082
56.465,compaction_begin,3,0
57.199,compaction_end,3,42992649
57.210,compaction_begin,3,0
57.213,flush_begin,0,0
57.224,flush_end,0,2744984
57.392,compaction_end,3,43367080
57.403,compaction_begin,2,0
57.708,compaction_end,2,3484884
57.722,compaction_begin,3,0
57.903,compaction_end,3,43281145
57.916,compaction_begin,3,0
58.071,compaction_end,3,43367082
58.079,compaction_begin,3,0
58.238,compaction_end,3,43367078
58.254,compaction_begin,3,0
58.417,compaction_end,3,43367081
58.428,compaction_begin,3,0
58.584,compaction_end,3,42992649
58.596,compaction_begin,3,0
58.757,compaction_end,3,42992648
58.766,compaction_begin,3,0
58.927,compaction_end,3,43367079
58.940,compaction_begin,3,0
59.100,compaction_end,3,42992648
59.111,compaction_begin,3,0
59.269,compaction_end,3,42992652
59.279,compaction_begin,3,0
59.442,compaction_end,3,43367077
59.453,compaction_begin,3,0
59.613,compaction_end,3,42992653
59.624,compaction_begin,3,0
59.843,compaction_end,3,41955150
59.854,compaction_begin,3,0
60.012,compaction_end,3,42992648
60.023,compaction_begin,3,0
60.141,compaction_end,3,31515311
60.151,compaction_begin,3,0
60.310,compaction_end,3,42992654
60.321,compaction_begin,3,0
60.481,compaction_end,3,42992650
60.492,compaction_begin,3,0
60.653,compaction_end,3,42992650
60.664,compaction_begin,3,0
60.823,compaction_end,3,42992653
60.834,compaction_begin,3,0
60.992,compaction_end,3,42992653
61.003,compaction_begin,3,0
61.165,compaction_end,3,43367083
61.176,compaction_begin,3,0
61.347,compaction_end,3,44267905
61.359,compaction_begin,3,0
61.522,compaction_end,3,42992650
61.533,compaction_begin,3,0
61.695,compaction_end,3,42992654
61.706,compaction_begin,3,0
61.865,compaction_end,3,43367082
61.876,compaction_begin,3,0
62.037,compaction_end,3,42992648
62.047,compaction_begin,3,0
62.696,flush_begin,0,0
62.707,flush_end,0,2744556
62.792,compaction_end,3,42992648
62.803,compaction_begin,2,0
63.110,compaction_end,2,3539904
63.124,compaction_begin,3,0
63.305,compaction_end,3,43281145
63.317,compaction_begin,3,0
63.475,compaction_end,3,43367082
63.487,compaction_begin,3,0
63.645,compaction_end,3,42992649
63.656,compaction_begin,3,0
63.814,compaction_end,3,43367081
63.822,compaction_begin,3,0
63.982,compaction_end,3,42992648
63.996,compaction_begin,3,0
64.156,compaction_end,3,42992650
64.167,compaction_begin,3,0
64.326,compaction_end,3,42992648
64.337,compaction_begin,3,0
64.503,compaction_end,3,43367079
64.515,compaction_begin,3,0
64.679,compaction_end,3,42992648
64.689,compaction_begin,3,0
64.851,compaction_end,3,42992653
64.859,compaction_begin,3,0
65.033,compaction_end,3,43367078
65.048,compaction_begin,3,0
65.216,compaction_end,3,42992648
65.227,compaction_begin,3,0
65.397,compaction_end,3,42992653
65.408,compaction_begin,3,0
65.577,compaction_end,3,42992648
65.588,compaction_begin,3,0
65.757,compaction_end,3,42992653
65.768,compaction_begin,3,0
65.938,compaction_end,3,42992651
65.949,compaction_begin,3,0
66.121,compaction_end,3,42992648
66.132,compaction_begin,3,0
66.303,compaction_end,3,42992652
66.316,compaction_begin,3,0
66.490,compaction_end,3,43367078
66.500,compaction_begin,3,0
66.667,compaction_end,3,42992654
66.678,compaction_begin,3,0
66.846,compaction_end,3,42992653
66.857,compaction_begin,3,0
67.116,compaction_end,3,43367078
67.127,compaction_begin,3,0
67.293,compaction_end,3,42992654
67.304,compaction_begin,3,0
68.039,compaction_end,3,44267908
68.050,compaction_begin,3,0
68.169,flush_begin,0,0
68.180,flush_end,0,2744659
68.771,compaction_end,3,44930723
68.782,compaction_begin,2,0
69.088,compaction_end,2,3573142
69.102,compaction_begin,3,0
69.299,compaction_end,3,43281145
69.311,compaction_begin,3,0
69.479,compaction_end,3,43367082
69.491,compaction_begin,3,0
69.659,compaction_end,3,42992649
69.671,compaction_begin,3,0
69.844,compaction_end,3,43367081
69.856,compaction_begin,3,0
70.024,compaction_end,3,43367078
70.036,compaction_begin,3,0
70.204,compaction_end,3,43367079
70.215,compaction_begin,3,0
70.344,compaction_end,3,32415986
70.354,compaction_begin,3,0
70.523,compaction_end,3,42992648
70.535,compaction_begin,3,0
70.702,compaction_end,3,42992653
70.712,compaction_begin,3,0
70.882,compaction_end,3,42992648
70.893,compaction_begin,3,0
71.063,compaction_end,3,43367080
71.074,compaction_begin,3,0
71.242,compaction_end,3,42992653
71.253,compaction_begin,3,0
71.423,compaction_end,3,42992653
71.434,compaction_begin,3,0
71.602,compaction_end,3,42992654
71.612,compaction_begin,3,0
71.776,compaction_end,3,42992648
71.787,compaction_begin,3,0
71.971,compaction_end,3,44556330
71.983,compaction_begin,3,0
72.158,compaction_end,3,42992648
72.169,compaction_begin,3,0
72.344,compaction_end,3,42992653
72.355,compaction_begin,3,0
72.514,compaction_end,3,42992649
72.524,compaction_begin,3,0
72.682,compaction_end,3,42992653
72.692,compaction_begin,3,0
72.854,compaction_end,3,42992654
72.865,compaction_begin,3,0
73.027,compaction_end,3,43367078
73.038,compaction_begin,3,0
73.198,compaction_end,3,42992650
73.209,compaction_begin,3,0
73.666,flush_begin,0,0
73.678,flush_end,0,2744461
73.960,compaction_end,3,42992648
73.972,compaction_begin,2,0
74.277,compaction_end,2,3714401
74.291,compaction_begin,3,0
74.483,compaction_end,3,43281145
74.495,compaction_begin,3,0
74.652,compaction_end,3,43367082
74.664,compaction_begin,3,0
74.820,compaction_end,3,42992649
74.832,compaction_begin,3,0
74.991,compaction_end,3,42992653
74.999,compaction_begin,3,0
75.159,compaction_end,3,42992648
75.173,compaction_begin,3,0
75.333,compaction_end,3,42992648
75.344,compaction_begin,3,0
75.500,compaction_end,3,43367078
75.512,compaction_begin,3,0
75.668,compaction_end,3,43367081
75.680,compaction_begin,3,0
75.838,compaction_end,3,42992653
75.849,compaction_begin,3,0
76.010,compaction_end,3,43367081
76.021,compaction_begin,3,0
76.195,compaction_end,3,43367083
76.206,compaction_begin,3,0
76.365,compaction_end,3,42992650
76.376,compaction_begin,3,0
76.539,compaction_end,3,43367079
76.549,compaction_begin,3,0
76.670,compaction_end,3,32415986
76.680,compaction_begin,3,0
76.838,compaction_end,3,42992648
76.849,compaction_begin,3,0
77.007,compaction_end,3,42992648
77.018,compaction_begin,3,0
77.176,compaction_end,3,42992650
77.187,compaction_begin,3,0
77.345,compaction_end,3,42992652
77.356,compaction_begin,3,0
77.516,compaction_end,3,42992648
77.528,compaction_begin,3,0
77.686,compaction_end,3,43367078
77.696,compaction_begin,3,0
77.854,compaction_end,3,42992653
77.865,compaction_begin,3,0
78.024,compaction_end,3,42992653
78.034,compaction_begin,3,0
78.192,compaction_end,3,42992654
78.203,compaction_begin,3,0
78.362,compaction_end,3,42992651
78.373,compaction_begin,3,0
78.533,compaction_end,3,43144571
78.544,compaction_begin,3,0
78.704,compaction_end,3,42992654
78.714,compaction_begin,3,0
78.873,compaction_end,3,42992653
78.889,compaction_begin,3,0
79.050,compaction_end,3,43367078
79.060,compaction_begin,3,0
79.150,flush_begin,0,0
79.161,flush_end,0,2744490
79.239,compaction_end,3,43367080
79.251,compaction_begin,2,0
79.555,compaction_end,2,3787296
79.572,compaction_begin,3,0
79.760,compaction_end,3,43281145
79.768,compaction_begin,3,0
79.930,compaction_end,3,43367082
79.946,compaction_begin,3,0
80.111,compaction_end,3,42992654
80.121,compaction_begin,3,0
80.280,compaction_end,3,42992649
80.292,compaction_begin,3,0
80.450,compaction_end,3,43367078
80.462,compaction_begin,3,0
80.621,compaction_end,3,42992648
80.631,compaction_begin,3,0
80.792,compaction_end,3,42992648
80.803,compaction_begin,3,0
80.962,compaction_end,3,42992653
80.972,compaction_begin,3,0
81.130,compaction_end,3,42992648
81.141,compaction_begin,3,0
81.297,compaction_end,3,42992653
81.307,compaction_begin,3,0
81.467,compaction_end,3,42992653
81.479,compaction_begin,3,0
81.640,compaction_end,3,42992648
81.651,compaction_begin,3,0
81.811,compaction_end,3,43367083
81.821,compaction_begin,3,0
81.977,compaction_end,3,42992648
81.988,compaction_begin,3,0
82.148,compaction_end,3,42992653
82.159,compaction_begin,3,0
82.842,compaction_end,3,42992648
82.853,compaction_begin,3,0
83.010,compaction_end,3,43367081
83.022,compaction_begin,3,0
83.179,compaction_end,3,42992650
83.189,compaction_begin,3,0
83.347,compaction_end,3,43367078
83.357,compaction_begin,3,0
83.516,compaction_end,3,42992648
83.526,compaction_begin,3,0
83.934,compaction_end,3,43367082
83.944,compaction_begin,3,0
84.104,compaction_end,3,43367081
84.114,compaction_begin,3,0
84.272,compaction_end,3,42992650
84.283,compaction_begin,3,0
84.441,compaction_end,3,42992653
84.452,compaction_begin,3,0
84.611,compaction_end,3,42992652
84.621,compaction_begin,3,0
84.625,flush_begin,0,0
84.637,flush_end,0,2745140
84.765,compaction_end,3,32415986
84.775,compaction_begin,2,0
85.081,compaction_end,2,3840392
85.095,compaction_begin,3,0
85.275,compaction_end,3,43281145
85.287,compaction_begin,3,0
85.442,compaction_end,3,42992649
85.454,compaction_begin,3,0
85.609,compaction_end,3,43367082
85.621,compaction_begin,3,0
85.779,compaction_end,3,43367081
85.790,compaction_begin,3,0
85.948,compaction_end,3,42992653
85.958,compaction_begin,3,0
86.115,compaction_end,3,42992651
86.126,compaction_begin,3,0
86.287,compaction_end,3,42992654
86.297,compaction_begin,3,0
86.455,compaction_end,3,42992653
86.465,compaction_begin,3,0
87.117,compaction_end,3,42992653
87.127,compaction_begin,3,0
87.289,compaction_end,3,43367078
87.299,compaction_begin,3,0
87.459,compaction_end,3,42992648
87.469,compaction_begin,3,0
87.629,compaction_end,3,42992654
87.640,compaction_begin,3,0
87.798,compaction_end,3,42992648
87.809,compaction_begin,3,0
87.969,compaction_end,3,42992653
87.981,compaction_begin,3,0
88.141,compaction_end,3,43367083
88.151,compaction_begin,3,0
88.314,compaction_end,3,42992648
88.325,compaction_begin,3,0
88.496,compaction_end,3,43367079
88.508,compaction_begin,3,0
88.667,compaction_end,3,42992653
88.678,compaction_begin,3,0
88.837,compaction_end,3,43367081
88.847,compaction_begin,3,0
88.969,compaction_end,3,32415986
88.979,compaction_begin,3,0
89.139,compaction_end,3,42992648
89.150,compaction_begin,3,0
89.309,compaction_end,3,43367078
89.321,compaction_begin,3,0
89.480,compaction_end,3,42992648
89.491,compaction_begin,3,0
89.650,compaction_end,3,42992648
89.661,compaction_begin,3,0
89.822,compaction_end,3,42992649
89.833,compaction_begin,3,0
90.057,flush_begin,0,0
90.069,flush_end,0,2744901
90.585,compaction_end,3,42992648
90.596,compaction_begin,2,0
90.931,compaction_end,2,3880568
90.947,compaction_begin,3,0
91.136,compaction_end,3,43281145
91.150,compaction_begin,3,0
91.309,compaction_end,3,43367079
91.321,compaction_begin,3,0
91.481,compaction_end,3,42992650
91.489,compaction_begin,3,0
91.651,compaction_end,3,43367081
91.665,compaction_begin,3,0
91.823,compaction_end,3,42992653
91.834,compaction_begin,3,0
91.993,compaction_end,3,42992653
92.003,compaction_begin,3,0
92.202,compaction_end,3,42005795
92.213,compaction_begin,3,0
92.393,compaction_end,3,43367082
92.405,compaction_begin,3,0
92.568,compaction_end,3,42992654
92.579,compaction_begin,3,0
92.741,compaction_end,3,42992654
92.752,compaction_begin,3,0
92.877,compaction_end,3,32415986
92.887,compaction_begin,3,0
93.047,compaction_end,3,42992653
93.058,compaction_begin,3,0
93.217,compaction_end,3,42992653
93.228,compaction_begin,3,0
93.390,compaction_end,3,42992652
93.401,compaction_begin,3,0
93.560,compaction_end,3,42992652
93.570,compaction_begin,3,0
93.782,compaction_end,3,43367083
93.795,compaction_begin,3,0
93.954,compaction_end,3,42992653
93.965,compaction_begin,3,0
94.119,compaction_end,3,42992653
94.129,compaction_begin,3,0
94.283,compaction_end,3,42992653
94.294,compaction_begin,3,0
94.448,compaction_end,3,42992652
94.458,compaction_begin,3,0
94.613,compaction_end,3,42992654
94.624,compaction_begin,3,0
94.858,compaction_end,3,44030063
94.869,compaction_begin,3,0
95.028,compaction_end,3,42992652
95.039,compaction_begin,3,0
95.247,compaction_end,3,42618171
95.258,compaction_begin,3,0
95.419,compaction_end,3,43367078
95.430,compaction_begin,3,0
95.511,flush_begin,0,0
95.524,flush_end,0,2744574
96.127,compaction_end,3,43367078
96.137,compaction_begin,2,0
96.443,compaction_end,2,3918883
96.457,compaction_begin,3,0
96.647,compaction_end,3,43367080
96.655,compaction_begin,3,0
96.816,compaction_end,3,43281144
96.832,compaction_begin,3,0
96.994,compaction_end,3,43367082
97.007,compaction_begin,3,0
97.166,compaction_end,3,42618171
97.177,compaction_begin,3,0
97.812,compaction_end,3,43367085
97.823,compaction_begin,3,0
97.982,compaction_end,3,43367081
97.993,compaction_begin,3,0
98.680,compaction_end,3,43893495
98.690,compaction_begin,3,0
98.849,compaction_end,3,42992649
98.859,compaction_begin,3,0
99.019,compaction_end,3,43367079
99.030,compaction_begin,3,0
99.188,compaction_end,3,43367078
99.200,compaction_begin,3,0
99.358,compaction_end,3,42992654
99.369,compaction_begin,3,0
99.528,compaction_end,3,42992653
99.539,compaction_begin,3,0
99.663,compaction_end,3,32415986
99.673,compaction_begin,3,0
99.832,compaction_end,3,42992649
99.843,compaction_begin,3,0
100.002,compaction_end,3,43367077
100.013,compaction_begin,3,0
100.173,compaction_end,3,43367080
100.183,compaction_begin,3,0
100.340,compaction_end,3,42992650
100.350,compaction_begin,3,0
100.508,compaction_end,3,42992651
100.520,compaction_begin,3,0
100.679,compaction_end,3,43367082
100.689,compaction_begin,3,0
100.846,compaction_end,3,42992653
100.857,compaction_begin,3,0
100.975,flush_begin,0,0
100.986,flush_end,0,2744340
101.033,compaction_end,3,42992654
101.043,compaction_begin,2,0
101.350,compaction_end,2,4009923
101.367,compaction_begin,3,0
101.543,compaction_end,3,43367080
101.555,compaction_begin,3,0
101.713,compaction_end,3,43367082
101.725,compaction_begin,3,0
101.882,compaction_end,3,43281144
101.890,compaction_begin,3,0
102.051,compaction_end,3,42992654
102.065,compaction_begin,3,0
102.225,compaction_end,3,43367078
102.236,compaction_begin,3,0
102.396,compaction_end,3,43367079
102.407,compaction_begin,3,0
102.566,compaction_end,3,42618171
102.576,compaction_begin,3,0
102.732,compaction_end,3,43367081
102.743,compaction_begin,3,0
102.902,compaction_end,3,42992653
102.913,compaction_begin,3,0
103.069,compaction_end,3,43367082
103.079,compaction_begin,3,0
103.234,compaction_end,3,42992653
103.245,compaction_begin,3,0
103.402,compaction_end,3,42992653
103.413,compaction_begin,3,0
103.572,compaction_end,3,42992648
103.583,compaction_begin,3,0
103.742,compaction_end,3,42992653
103.753,compaction_begin,3,0
103.913,compaction_end,3,42992651
103.923,compaction_begin,3,0
104.083,compaction_end,3,43367079
104.093,compaction_begin,3,0
104.252,compaction_end,3,42992654
104.262,compaction_begin,3,0
104.424,compaction_end,3,43367080
104.434,compaction_begin,3,0
104.593,compaction_end,3,42992649
104.605,compaction_begin,3,0
104.767,compaction_end,3,43367078
104.779,compaction_begin,3,0
104.940,compaction_end,3,43367079
104.951,compaction_begin,3,0
105.117,compaction_end,3,42992648
105.127,compaction_begin,3,0
105.287,compaction_end,3,43367077
105.297,compaction_begin,3,0
105.455,compaction_end,3,42992649
105.465,compaction_begin,3,0
105.626,compaction_end,3,42992653
105.636,compaction_begin,3,0
105.796,compaction_end,3,42992649
105.807,compaction_begin,3,0
105.966,compaction_end,3,43367085
105.976,compaction_begin,3,0
106.134,compaction_end,3,42992653
106.145,compaction_begin,3,0
106.265,compaction_end,3,32415986
106.275,compaction_begin,3,0
106.412,flush_begin,0,0
106.424,flush_end,0,2744608
106.983,compaction_end,3,44930720
106.994,compaction_begin,2,0
107.302,compaction_end,2,3995860
107.318,compaction_begin,3,0
107.508,compaction_end,3,43367080
107.520,compaction_begin,3,0
107.675,compaction_end,3,43367082
107.689,compaction_begin,3,0
107.846,compaction_end,3,43281144
107.858,compaction_begin,3,0
108.016,compaction_end,3,42992651
108.026,compaction_begin,3,0
108.184,compaction_end,3,42992648
108.193,compaction_begin,3,0
108.350,compaction_end,3,42992653
108.358,compaction_begin,3,0
108.516,compaction_end,3,42992649
108.529,compaction_begin,3,0
108.688,compaction_end,3,43367081
108.699,compaction_begin,3,0
108.856,compaction_end,3,43367078
108.867,compaction_begin,3,0
109.025,compaction_end,3,43367077
109.035,compaction_begin,3,0
109.193,compaction_end,3,42992653
109.203,compaction_begin,3,0
109.361,compaction_end,3,42992653
109.371,compaction_begin,3,0
109.530,compaction_end,3,42992654
109.541,compaction_begin,3,0
109.702,compaction_end,3,43367079
109.712,compaction_begin,3,0
109.870,compaction_end,3,42992653
109.880,compaction_begin,3,0
110.039,compaction_end,3,43367078
110.049,compaction_begin,3,0
110.207,compaction_end,3,42992653
110.217,compaction_begin,3,0
110.337,compaction_end,3,32415986
110.347,compaction_begin,3,0
110.502,compaction_end,3,43367079
110.514,compaction_begin,3,0
110.670,compaction_end,3,42992653
110.679,compaction_begin,3,0
111.372,compaction_end,3,43367078
111.383,compaction_begin,3,0
111.539,compaction_end,3,43367080
111.549,compaction_begin,3,0
111.885,flush_begin,0,0
111.904,flush_end,0,2744625
112.338,compaction_end,3,42992655
112.350,compaction_begin,2,0
112.686,compaction_end,2,4126397
112.703,compaction_begin,3,0
112.901,compaction_end,3,43367080
112.914,compaction_begin,3,0
113.073,compaction_end,3,43367082
113.085,compaction_begin,3,0
113.243,compaction_end,3,43281144
113.255,compaction_begin,3,0
113.417,compaction_end,3,43367078
113.429,compaction_begin,3,0
113.591,compaction_end,3,43367081
113.602,compaction_begin,3,0
113.766,compaction_end,3,42992654
113.778,compaction_begin,3,0
113.951,compaction_end,3,43367078
113.961,compaction_begin,3,0
114.124,compaction_end,3,43367077
114.135,compaction_begin,3,0
114.296,compaction_end,3,42992653
114.307,compaction_begin,3,0
114.467,compaction_end,3,43367079
114.478,compaction_begin,3,0
114.638,compaction_end,3,42992648
114.649,compaction_begin,3,0
114.810,compaction_end,3,42992653
114.821,compaction_begin,3,0
115.535,compaction_end,3,42243696
115.545,compaction_begin,3,0
115.707,compaction_end,3,42992653
115.719,compaction_begin,3,0
115.879,compaction_end,3,42992649
115.890,compaction_begin,3,0
116.014,compaction_end,3,32415986
116.024,compaction_begin,3,0
116.732,compaction_end,3,43367082
116.751,compaction_begin,3,0
116.914,compaction_end,3,42992653
116.925,compaction_begin,3,0
117.340,flush_begin,0,0
117.352,flush_end,0,2744979
117.628,compaction_end,3,42992649
117.640,compaction_begin,2,0
117.989,compaction_end,2,4284745
118.010,compaction_begin,3,0
118.206,compaction_end,3,43367080
118.218,compaction_begin,3,0
118.377,compaction_end,3,43367082
118.389,compaction_begin,3,0
118.564,compaction_end,3,43281144
118.576,compaction_begin,3,0
118.744,compaction_end,3,43367078
118.758,compaction_begin,3,0
119.450,compaction_end,3,42992649
119.461,compaction_begin,3,0
119.625,compaction_end,3,43367080
119.635,compaction_begin,3,0
119.803,compaction_end,3,43367077
119.814,compaction_begin,3,0
119.938,compaction_end,3,32415986
119.948,compaction_begin,3,0
120.123,compaction_end,3,43367082
120.133,compaction_begin,3,0
120.292,compaction_end,3,42992648
120.304,compaction_begin,3,0
120.472,compaction_end,3,42992653
120.484,compaction_begin,3,0
120.660,compaction_end,3,42992649
120.672,compaction_begin,3,0
120.839,compaction_end,3,42992653
120.849,compaction_begin,3,0
121.614,compaction_end,3,42992652
121.625,compaction_begin,3,0
121.794,compaction_end,3,43367081
121.807,compaction_begin,3,0
122.552,compaction_end,3,42992653
122.564,compaction_begin,3,0
122.825,flush_begin,0,0
122.838,flush_end,0,2744562
123.340,compaction_end,3,43367080
123.350,compaction_begin,2,0
123.711,compaction_end,2,4375024
123.728,compaction_begin,3,0
123.925,compaction_end,3,43367080
123.937,compaction_begin,3,0
124.101,compaction_end,3,43367082
124.113,compaction_begin,3,0
124.273,compaction_end,3,43281144
124.285,compaction_begin,3,0
124.448,compaction_end,3,43367078
124.460,compaction_begin,3,0
124.623,compaction_end,3,43367079
124.634,compaction_begin,3,0
124.796,compaction_end,3,42992653
124.807,compaction_begin,3,0
124.979,compaction_end,3,43367082
124.989,compaction_begin,3,0
125.639,compaction_end,3,42992651
125.649,compaction_begin,3,0
126.289,compaction_end,3,42992653
126.300,compaction_begin,3,0
126.984,compaction_end,3,42992653
126.996,compaction_begin,3,0
127.158,compaction_end,3,42992653
127.169,compaction_begin,3,0
127.333,compaction_end,3,42992649
127.344,compaction_begin,3,0
127.470,compaction_end,3,32415986
127.480,compaction_begin,3,0
127.641,compaction_end,3,43367081
127.653,compaction_begin,3,0
128.265,flush_begin,0,0
128.277,flush_end,0,2744423
128.402,compaction_end,3,42618171
128.414,compaction_begin,2,0
128.733,compaction_end,2,4460841
128.749,compaction_begin,3,0
128.926,compaction_end,3,43367080
128.939,compaction_begin,3,0
129.097,compaction_end,3,43281144
129.110,compaction_begin,3,0
129.269,compaction_end,3,43367082
129.281,compaction_begin,3,0
129.442,compaction_end,3,43367077
129.452,compaction_begin,3,0
129.610,compaction_end,3,43367078
129.622,compaction_begin,3,0
129.777,compaction_end,3,42992649
129.788,compaction_begin,3,0
129.947,compaction_end,3,43367079
129.957,compaction_begin,3,0
130.116,compaction_end,3,42992653
130.127,compaction_begin,3,0
130.287,compaction_end,3,42992653
130.298,compaction_begin,3,0
130.459,compaction_end,3,43367081
130.471,compaction_begin,3,0
130.593,compaction_end,3,32415986
130.604,compaction_begin,3,0
130.765,compaction_end,3,42992651
130.775,compaction_begin,3,0
130.937,compaction_end,3,42243696
130.947,compaction_begin,3,0
131.651,compaction_end,3,43367081
131.662,compaction_begin,3,0
131.824,compaction_end,3,42992653
131.835,compaction_begin,3,0
132.572,compaction_end,3,42992650
132.582,compaction_begin,3,0
132.746,compaction_end,3,42992653
132.757,compaction_begin,3,0
133.443,compaction_end,3,42992653
133.454,compaction_begin,3,0
133.618,compaction_end,3,42992649
133.630,compaction_begin,3,0
133.711,flush_begin,0,0
133.722,flush_end,0,2744968
133.808,compaction_end,3,42992648
133.818,compaction_begin,2,0
134.135,compaction_end,2,4523547
134.149,compaction_begin,3,0
134.332,compaction_end,3,43367080
134.346,compaction_begin,3,0
134.503,compaction_end,3,43367082
134.515,compaction_begin,3,0
134.671,compaction_end,3,43281144
134.684,compaction_begin,3,0
134.844,compaction_end,3,42992653
134.854,compaction_begin,3,0
135.016,compaction_end,3,42992649
135.026,compaction_begin,3,0
135.188,compaction_end,3,42992648
135.199,compaction_begin,3,0
135.361,compaction_end,3,43367077
135.372,compaction_begin,3,0
135.531,compaction_end,3,42992649
135.541,compaction_begin,3,0
135.702,compaction_end,3,43367078
135.715,compaction_begin,3,0
135.878,compaction_end,3,43367081
135.891,compaction_begin,3,0
136.027,compaction_end,3,32415986
136.037,compaction_begin,3,0
136.198,compaction_end,3,42992653
136.210,compaction_begin,3,0
136.916,compaction_end,3,42992652
136.926,compaction_begin,3,0
137.089,compaction_end,3,42992653
137.101,compaction_begin,3,0
137.261,compaction_end,3,42992651
137.272,compaction_begin,3,0
137.435,compaction_end,3,42992653
137.447,compaction_begin,3,0
137.619,compaction_end,3,42992653
137.630,compaction_begin,3,0
137.791,compaction_end,3,43367080
137.802,compaction_begin,3,0
137.964,compaction_end,3,43367079
137.974,compaction_begin,3,0
138.142,compaction_end,3,43367082
138.154,compaction_begin,3,0
138.860,compaction_end,3,43367079
138.870,compaction_begin,3,0
139.135,flush_begin,0,0
139.146,flush_end,0,2744808
139.588,compaction_end,3,42992650
139.599,compaction_begin,2,0
139.937,compaction_end,2,4597672
139.951,compaction_begin,3,0
140.154,compaction_end,3,43367080
140.166,compaction_begin,3,0
140.323,compaction_end,3,43367082
140.335,compaction_begin,3,0
140.499,compaction_end,3,43281144
140.510,compaction_begin,3,0
140.667,compaction_end,3,43367078
140.678,compaction_begin,3,0
140.842,compaction_end,3,42992653
140.853,compaction_begin,3,0
141.013,compaction_end,3,42992651
141.024,compaction_begin,3,0
141.184,compaction_end,3,43367081
141.196,compaction_begin,3,0
141.902,compaction_end,3,43367085
141.916,compaction_begin,3,0
142.079,compaction_end,3,43367081
142.090,compaction_begin,3,0
142.253,compaction_end,3,42992650
142.263,compaction_begin,3,0
142.423,compaction_end,3,42992648
142.435,compaction_begin,3,0
142.600,compaction_end,3,42992653
142.611,compaction_begin,3,0
143.329,compaction_end,3,43367078
143.339,compaction_begin,3,0
143.506,compaction_end,3,42992653
143.517,compaction_begin,3,0
143.679,compaction_end,3,42992653
143.689,compaction_begin,3,0
143.853,compaction_end,3,42992649
143.865,compaction_begin,3,0
144.025,compaction_end,3,42992653
144.037,compaction_begin,3,0
144.595,flush_begin,0,0
144.606,flush_end,0,2744636
144.743,compaction_end,3,42618171
144.754,compaction_begin,2,0
145.090,compaction_end,2,4677356
145.106,compaction_begin,3,0
145.300,compaction_end,3,43367080
145.312,compaction_begin,3,0
145.473,compaction_end,3,43367082
145.485,compaction_begin,3,0
145.643,compaction_end,3,43281144
145.657,compaction_begin,3,0
145.819,compaction_end,3,43367081
145.831,compaction_begin,3,0
145.993,compaction_end,3,42992648
146.004,compaction_begin,3,0
146.168,compaction_end,3,42618171
146.178,compaction_begin,3,0
146.346,compaction_end,3,43367078
146.358,compaction_begin,3,0
146.488,compaction_end,3,32415986
146.498,compaction_begin,3,0
146.671,compaction_end,3,42992653
146.683,compaction_begin,3,0
146.847,compaction_end,3,43367085
146.858,compaction_begin,3,0
147.558,compaction_end,3,42992649
147.567,compaction_begin,3,0
147.731,compaction_end,3,42992650
147.745,compaction_begin,3,0
148.418,compaction_end,3,42992649
148.428,compaction_begin,3,0
148.592,compaction_end,3,42992651
148.603,compaction_begin,3,0
148.765,compaction_end,3,43367079
148.775,compaction_begin,3,0
149.478,compaction_end,3,42992654
149.489,compaction_begin,3,0
149.654,compaction_end,3,43367080
149.664,compaction_begin,3,0
149.829,compaction_end,3,42992653
149.839,compaction_begin,3,0
150.003,compaction_end,3,42992649
150.013,compaction_begin,3,0
150.049,flush_begin,0,0
150.060,flush_end,0,2744088
150.690,compaction_end,3,42992654
150.702,compaction_begin,2,0
151.039,compaction_end,2,4673796
151.060,compaction_begin,3,0
151.259,compaction_end,3,43367080
151.272,compaction_begin,3,0
151.434,compaction_end,3,43281144
151.446,compaction_begin,3,0
151.607,compaction_end,3,43367078
151.618,compaction_begin,3,0
151.778,compaction_end,3,43367082
151.790,compaction_begin,3,0
151.952,compaction_end,3,42992653
151.963,compaction_begin,3,0
152.123,compaction_end,3,42992654
152.134,compaction_begin,3,0
152.302,compaction_end,3,43367081
152.314,compaction_begin,3,0
152.490,compaction_end,3,42992653
152.501,compaction_begin,3,0
152.667,compaction_end,3,43367085
152.678,compaction_begin,3,0
152.839,compaction_end,3,42992653
152.850,compaction_begin,3,0
153.017,compaction_end,3,42992649
153.030,compaction_begin,3,0
153.194,compaction_end,3,42992649
153.204,compaction_begin,3,0
153.365,compaction_end,3,42992648
153.377,compaction_begin,3,0
153.543,compaction_end,3,42992653
153.554,compaction_begin,3,0
153.821,compaction_end,3,42992653
153.833,compaction_begin,3,0
154.001,compaction_end,3,42992651
154.011,compaction_begin,3,0
154.750,compaction_end,3,42992653
154.761,compaction_begin,3,0
155.479,compaction_end,3,42992652
155.490,compaction_begin,3,0
155.514,flush_begin,0,0
155.526,flush_end,0,2744616
155.675,compaction_end,3,42992650
155.686,compaction_begin,2,0
155.993,compaction_end,2,4810093
156.008,compaction_begin,3,0
156.182,compaction_end,3,43367080
156.195,compaction_begin,3,0
156.355,compaction_end,3,43367082
156.368,compaction_begin,3,0
156.526,compaction_end,3,43281144
156.539,compaction_begin,3,0
156.701,compaction_end,3,42992649
156.712,compaction_begin,3,0
156.875,compaction_end,3,43367078
156.888,compaction_begin,3,0
157.054,compaction_end,3,42992649
157.066,compaction_begin,3,0
157.234,compaction_end,3,43367079
157.245,compaction_begin,3,0
157.953,compaction_end,3,43367078
157.963,compaction_begin,3,0
158.126,compaction_end,3,42992653
158.138,compaction_begin,3,0
158.301,compaction_end,3,43367081
158.312,compaction_begin,3,0
159.029,compaction_end,3,42618171
159.040,compaction_begin,3,0
159.207,compaction_end,3,42992651
159.218,compaction_begin,3,0
159.386,compaction_end,3,42992654
159.398,compaction_begin,3,0
159.563,compaction_end,3,42992654
159.574,compaction_begin,3,0
159.739,compaction_end,3,42992650
159.749,compaction_begin,3,0
160.477,compaction_end,3,43367078
160.488,compaction_begin,3,0
160.654,compaction_end,3,42992653
160.665,compaction_begin,3,0
161.010,flush_begin,0,0
161.022,flush_end,0,2744579
161.384,compaction_end,3,43367077
161.395,compaction_begin,2,0
161.736,compaction_end,2,4902311
161.758,compaction_begin,3,0
161.958,compaction_end,3,43367080
161.971,compaction_begin,3,0
162.129,compaction_end,3,43281144
162.140,compaction_begin,3,0
162.303,compaction_end,3,42992649
162.314,compaction_begin,3,0
162.478,compaction_end,3,42992649
162.489,compaction_begin,3,0
162.651,compaction_end,3,43367082
162.663,compaction_begin,3,0
162.827,compaction_end,3,42992653
162.838,compaction_begin,3,0
163.009,compaction_end,3,42992652
163.020,compaction_begin,3,0
163.189,compaction_end,3,43367078
163.201,compaction_begin,3,0
163.374,compaction_end,3,43367078
163.387,compaction_begin,3,0
164.146,compaction_end,3,43519104
164.157,compaction_begin,3,0
164.331,compaction_end,3,42992653
164.341,compaction_begin,3,0
164.518,compaction_end,3,42992648
164.528,compaction_begin,3,0
164.700,compaction_end,3,43367081
164.712,compaction_begin,3,0
164.877,compaction_end,3,42992654
164.888,compaction_begin,3,0
165.052,compaction_end,3,42992654
165.064,compaction_begin,3,0
165.227,compaction_end,3,42992653
165.238,compaction_begin,3,0
165.979,compaction_end,3,42992649
165.989,compaction_begin,3,0
166.438,flush_begin,0,0
166.450,flush_end,0,2745048
166.737,compaction_end,3,43367079
166.749,compaction_begin,2,0
167.065,compaction_end,2,4875304
167.081,compaction_begin,3,0
167.270,compaction_end,3,43367080
167.283,compaction_begin,3,0
167.444,compaction_end,3,43367079
167.457,compaction_begin,3,0
167.676,compaction_end,3,43281143
167.689,compaction_begin,3,0
167.856,compaction_end,3,42992653
167.868,compaction_begin,3,0
168.037,compaction_end,3,43367081
168.048,compaction_begin,3,0
168.211,compaction_end,3,43367082
168.222,compaction_begin,3,0
168.442,compaction_end,3,42992653
168.454,compaction_begin,3,0
168.623,compaction_end,3,43367079
168.634,compaction_begin,3,0
169.369,compaction_end,3,43367081
169.380,compaction_begin,3,0
169.548,compaction_end,3,42992648
169.558,compaction_begin,3,0
170.029,compaction_end,3,28079277
170.038,compaction_begin,3,0
170.259,compaction_end,3,43367078
170.270,compaction_begin,3,0
170.434,compaction_end,3,42992649
170.444,compaction_begin,3,0
171.147,compaction_end,3,43367079
171.158,compaction_begin,3,0
171.322,compaction_end,3,42992650
171.332,compaction_begin,3,0
171.548,compaction_end,3,43367081
171.558,compaction_begin,3,0
171.895,flush_begin,0,0
171.907,flush_end,0,2745050
172.274,compaction_end,3,42618171
172.284,compaction_begin,2,0
172.614,compaction_end,2,4977122
172.630,compaction_begin,3,0
172.815,compaction_end,3,43367080
172.828,compaction_begin,3,0
172.988,compaction_end,3,43367082
173.001,compaction_begin,3,0
173.157,compaction_end,3,43367079
173.169,compaction_begin,3,0
173.331,compaction_end,3,43367078
173.342,compaction_begin,3,0
173.504,compaction_end,3,43367078
173.514,compaction_begin,3,0
173.680,compaction_end,3,42992653
173.688,compaction_begin,3,0
173.847,compaction_end,3,42618175
173.861,compaction_begin,3,0
174.025,compaction_end,3,43367079
174.036,compaction_begin,3,0
174.734,compaction_end,3,42992653
174.744,compaction_begin,3,0
174.903,compaction_end,3,42992649
174.914,compaction_begin,3,0
175.073,compaction_end,3,42992654
175.084,compaction_begin,3,0
175.245,compaction_end,3,43367077
175.256,compaction_begin,3,0
175.417,compaction_end,3,42992648
175.428,compaction_begin,3,0
175.645,compaction_end,3,43367081
175.656,compaction_begin,3,0
175.819,compaction_end,3,43367085
175.830,compaction_begin,3,0
176.481,compaction_end,3,42992651
176.491,compaction_begin,3,0
176.651,compaction_end,3,42992649
176.662,compaction_begin,3,0
176.823,compaction_end,3,43367081
176.835,compaction_begin,3,0
177.349,flush_begin,0,0
177.361,flush_end,0,2744836
177.578,compaction_end,3,42992649
177.589,compaction_begin,2,0
177.921,compaction_end,2,5009098
177.939,compaction_begin,3,0
178.135,compaction_end,3,43367080
178.147,compaction_begin,3,0
178.306,compaction_end,3,43367082
178.318,compaction_begin,3,0
178.476,compaction_end,3,43367079
178.489,compaction_begin,3,0
178.650,compaction_end,3,42992653
178.660,compaction_begin,3,0
178.819,compaction_end,3,42992649
178.830,compaction_begin,3,0
178.989,compaction_end,3,43367078
179.001,compaction_begin,3,0
179.160,compaction_end,3,42992648
179.171,compaction_begin,3,0
179.331,compaction_end,3,42618171
179.342,compaction_begin,3,0
179.509,compaction_end,3,43367079
179.521,compaction_begin,3,0
179.735,compaction_end,3,43367077
179.746,compaction_begin,3,0
179.920,compaction_end,3,42992651
179.931,compaction_begin,3,0
180.646,compaction_end,3,43367081
180.657,compaction_begin,3,0
180.816,compaction_end,3,42992649
180.827,compaction_begin,3,0
180.990,compaction_end,3,43367081
181.001,compaction_begin,3,0
181.773,compaction_end,3,44556335
181.784,compaction_begin,3,0
181.945,compaction_end,3,42618175
181.958,compaction_begin,3,0
182.120,compaction_end,3,42992653
182.131,compaction_begin,3,0
182.305,compaction_end,3,43367085
182.319,compaction_begin,3,0
182.491,compaction_end,3,43367077
182.502,compaction_begin,3,0
182.779,flush_begin,0,0
182.790,flush_end,0,2744433
183.257,compaction_end,3,42992653
183.269,compaction_begin,2,0
183.596,compaction_end,2,5093571
183.611,compaction_begin,3,0
183.788,compaction_end,3,43367080
183.800,compaction_begin,3,0
183.959,compaction_end,3,43367079
183.972,compaction_begin,3,0
184.132,compaction_end,3,42618175
184.143,compaction_begin,3,0
184.304,compaction_end,3,43367078
184.316,compaction_begin,3,0
184.506,compaction_end,3,43367082
184.518,compaction_begin,3,0
184.639,compaction_end,3,32415986
184.649,compaction_begin,3,0
184.809,compaction_end,3,42992649
184.820,compaction_begin,3,0
184.979,compaction_end,3,42992651
184.990,compaction_begin,3,0
185.151,compaction_end,3,43367078
185.163,compaction_begin,3,0
185.322,compaction_end,3,42618171
185.333,compaction_begin,3,0
185.494,compaction_end,3,42992649
185.506,compaction_begin,3,0
186.007,compaction_end,3,43367081
186.019,compaction_begin,3,0
186.181,compaction_end,3,42992654
186.191,compaction_begin,3,0
186.355,compaction_end,3,42992653
186.367,compaction_begin,3,0
186.528,compaction_end,3,43367081
186.539,compaction_begin,3,0
186.698,compaction_end,3,42992648
186.709,compaction_begin,3,0
186.874,compaction_end,3,43367079
186.885,compaction_begin,3,0
187.050,compaction_end,3,43367079
187.061,compaction_begin,3,0
187.761,compaction_end,3,43144571
187.771,compaction_begin,3,0
187.916,compaction_end,3,39030373
187.927,compaction_begin,3,0
188.217,flush_begin,0,0
188.229,flush_end,0,2744547
188.650,compaction_end,3,43367083
188.661,compaction_begin,2,0
188.995,compaction_end,2,4945962
189.010,compaction_begin,3,0
189.206,compaction_end,3,43367080
189.218,compaction_begin,3,0
189.379,compaction_end,3,43367079
189.391,compaction_begin,3,0
189.552,compaction_end,3,43367082
189.565,compaction_begin,3,0
189.725,compaction_end,3,42618175
189.734,compaction_begin,3,0
189.896,compaction_end,3,42992651
189.910,compaction_begin,3,0
190.074,compaction_end,3,43367081
190.085,compaction_begin,3,0
190.786,compaction_end,3,43367079
190.797,compaction_begin,3,0
190.970,compaction_end,3,42992653
190.980,compaction_begin,3,0
191.102,compaction_end,3,32415986
191.112,compaction_begin,3,0
191.274,compaction_end,3,43367081
191.285,compaction_begin,3,0
191.885,compaction_end,3,42992653
191.896,compaction_begin,3,0
192.058,compaction_end,3,43367078
192.070,compaction_begin,3,0
192.232,compaction_end,3,43367081
192.244,compaction_begin,3,0
192.405,compaction_end,3,42992649
192.416,compaction_begin,3,0
192.576,compaction_end,3,42992654
192.587,compaction_begin,3,0
192.747,compaction_end,3,42992648
192.757,compaction_begin,3,0
192.919,compaction_end,3,43367078
192.930,compaction_begin,3,0
193.094,compaction_end,3,43144571
193.105,compaction_begin,3,0
193.674,flush_begin,0,0
193.685,flush_end,0,2744199
193.833,compaction_end,3,43367080
193.844,compaction_begin,2,0
194.172,compaction_end,2,5057513
194.187,compaction_begin,3,0
194.375,compaction_end,3,43367080
194.388,compaction_begin,3,0
194.544,compaction_end,3,43367082
194.557,compaction_begin,3,0
194.713,compaction_end,3,43367079
194.725,compaction_begin,3,0
194.886,compaction_end,3,43367081
194.898,compaction_begin,3,0
195.059,compaction_end,3,43367078
195.071,compaction_begin,3,0
195.752,compaction_end,3,43367081
195.763,compaction_begin,3,0
195.926,compaction_end,3,42618175
195.937,compaction_begin,3,0
196.099,compaction_end,3,43367079
196.110,compaction_begin,3,0
196.269,compaction_end,3,43144571
196.279,compaction_begin,3,0
196.440,compaction_end,3,42992648
196.450,compaction_begin,3,0
197.140,compaction_end,3,42992649
197.151,compaction_begin,3,0
197.313,compaction_end,3,43367081
197.324,compaction_begin,3,0
198.015,compaction_end,3,43367077
198.027,compaction_begin,3,0
198.188,compaction_end,3,42992651
198.199,compaction_begin,3,0
198.358,compaction_end,3,42992649
198.369,compaction_begin,3,0
198.529,compaction_end,3,43367079
198.540,compaction_begin,3,0
198.662,compaction_end,3,32415986
198.672,compaction_begin,3,0
198.834,compaction_end,3,43367080
198.844,compaction_begin,3,0
199.006,compaction_end,3,42992653
199.016,compaction_begin,3,0
199.093,flush_begin,0,0
199.104,flush_end,0,2744670
199.198,compaction_end,3,43367083
199.209,compaction_begin,2,0
199.532,compaction_end,2,5129135
199.547,compaction_begin,3,0
199.729,compaction_end,3,43367080
199.742,compaction_begin,3,0
199.899,compaction_end,3,43367079
199.911,compaction_begin,3,0
200.067,compaction_end,3,43367082
200.079,compaction_begin,3,0
200.241,compaction_end,3,43367081
200.252,compaction_begin,3,0
200.416,compaction_end,3,43367078
200.427,compaction_begin,3,0
200.589,compaction_end,3,42618175
200.600,compaction_begin,3,0
200.764,compaction_end,3,43367079
200.773,compaction_begin,3,0
200.944,compaction_end,3,43367078
200.956,compaction_begin,3,0
201.118,compaction_end,3,43367077
201.128,compaction_begin,3,0
201.289,compaction_end,3,43367079
201.300,compaction_begin,3,0
201.464,compaction_end,3,43144571
201.474,compaction_begin,3,0
201.635,compaction_end,3,43367081
201.647,compaction_begin,3,0
201.810,compaction_end,3,42618171
201.822,compaction_begin,3,0
201.986,compaction_end,3,42992649
201.997,compaction_begin,3,0
202.158,compaction_end,3,43367083
202.169,compaction_begin,3,0
202.333,compaction_end,3,43367081
202.344,compaction_begin,3,0
202.470,compaction_end,3,32415986
202.480,compaction_begin,3,0
202.642,compaction_end,3,43367081
202.653,compaction_begin,3,0
203.015,compaction_end,3,42992649
203.026,compaction_begin,3,0
203.184,compaction_end,3,42992653
203.195,compaction_begin,3,0
203.354,compaction_end,3,42992651
203.365,compaction_begin,3,0
203.524,compaction_end,3,42992653
203.535,compaction_begin,3,0
203.694,compaction_end,3,42992654
203.705,compaction_begin,3,0
203.866,compaction_end,3,43367079
203.877,compaction_begin,3,0
204.040,compaction_end,3,42992648
204.051,compaction_begin,3,0
204.502,flush_begin,0,0
204.514,flush_end,0,2744702
204.787,compaction_end,3,43367077
204.797,compaction_begin,2,0
205.136,compaction_end,2,5147753
205.154,compaction_begin,3,0
205.348,compaction_end,3,43367080
205.362,compaction_begin,3,0
205.521,compaction_end,3,43367082
205.533,compaction_begin,3,0
205.694,compaction_end,3,43367079
205.706,compaction_begin,3,0
205.868,compaction_end,3,42992648
205.879,compaction_begin,3,0
206.040,compaction_end,3,42992653
206.051,compaction_begin,3,0
206.210,compaction_end,3,43367078
206.218,compaction_begin,3,0
206.380,compaction_end,3,43367083
206.395,compaction_begin,3,0
206.556,compaction_end,3,43367079
206.567,compaction_begin,3,0
206.724,compaction_end,3,43367081
206.736,compaction_begin,3,0
206.895,compaction_end,3,42618175
206.908,compaction_begin,3,0
207.066,compaction_end,3,43367080
207.074,compaction_begin,3,0
207.237,compaction_end,3,43367077
207.251,compaction_begin,3,0
207.413,compaction_end,3,42992649
207.424,compaction_begin,3,0
207.584,compaction_end,3,42992653
207.595,compaction_begin,3,0
207.718,compaction_end,3,32415986
207.728,compaction_begin,3,0
207.890,compaction_end,3,42992651
207.901,compaction_begin,3,0
208.062,compaction_end,3,43367081
208.073,compaction_begin,3,0
208.232,compaction_end,3,42618171
208.243,compaction_begin,3,0
208.407,compaction_end,3,43367078
208.418,compaction_begin,3,0
208.579,compaction_end,3,42992649
208.590,compaction_begin,3,0
208.754,compaction_end,3,43367081
208.766,compaction_begin,3,0
209.498,compaction_end,3,42992649
209.509,compaction_begin,3,0
209.954,flush_begin,0,0
209.966,flush_end,0,2744628
210.187,compaction_end,3,42618173
210.198,compaction_begin,2,0
210.508,compaction_end,2,5134096
210.523,compaction_begin,3,0
210.701,compaction_end,3,43367080
210.714,compaction_begin,3,0
210.872,compaction_end,3,43367079
210.884,compaction_begin,3,0
211.045,compaction_end,3,43367082
211.057,compaction_begin,3,0
211.219,compaction_end,3,43367081
211.230,compaction_begin,3,0
211.395,compaction_end,3,42992653
211.406,compaction_begin,3,0
211.567,compaction_end,3,43367078
211.579,compaction_begin,3,0
211.740,compaction_end,3,43367079
211.751,compaction_begin,3,0
211.913,compaction_end,3,43367078
211.924,compaction_begin,3,0
212.085,compaction_end,3,42992649
212.096,compaction_begin,3,0
212.264,compaction_end,3,42992653
212.275,compaction_begin,3,0
212.445,compaction_end,3,43367081
212.455,compaction_begin,3,0
213.149,compaction_end,3,43367085
213.161,compaction_begin,3,0
213.320,compaction_end,3,42618171
213.331,compaction_begin,3,0
213.492,compaction_end,3,42992649
213.503,compaction_begin,3,0
213.666,compaction_end,3,43367080
213.677,compaction_begin,3,0
213.840,compaction_end,3,43367081
213.852,compaction_begin,3,0
214.016,compaction_end,3,42992648
214.027,compaction_begin,3,0
214.188,compaction_end,3,43367083
214.199,compaction_begin,3,0
214.890,compaction_end,3,42992650
214.901,compaction_begin,3,0
215.066,compaction_end,3,43367079
215.077,compaction_begin,3,0
215.237,compaction_end,3,42618175
215.248,compaction_begin,3,0
215.362,flush_begin,0,0
215.375,flush_end,0,2744431
215.432,compaction_end,3,43367077
215.444,compaction_begin,2,0
215.778,compaction_end,2,5238433
215.801,compaction_begin,3,0
215.995,compaction_end,3,43367080
216.007,compaction_begin,3,0
216.166,compaction_end,3,43367079
216.175,compaction_begin,3,0
216.331,compaction_end,3,43367082
216.346,compaction_begin,3,0
216.509,compaction_end,3,43367078
216.521,compaction_begin,3,0
216.683,compaction_end,3,42992650
216.694,compaction_begin,3,0
216.854,compaction_end,3,42618175
216.865,compaction_begin,3,0
217.025,compaction_end,3,42992653
217.036,compaction_begin,3,0
217.203,compaction_end,3,42992649
217.214,compaction_begin,3,0
217.378,compaction_end,3,42992651
217.389,compaction_begin,3,0
217.569,compaction_end,3,43367081
217.580,compaction_begin,3,0
218.273,compaction_end,3,42992649
218.284,compaction_begin,3,0
218.443,compaction_end,3,42618173
218.454,compaction_begin,3,0
218.623,compaction_end,3,43367081
218.635,compaction_begin,3,0
218.817,compaction_end,3,42992648
218.829,compaction_begin,3,0
218.992,compaction_end,3,43367079
219.003,compaction_begin,3,0
219.700,compaction_end,3,42906744
219.711,compaction_begin,3,0
219.872,compaction_end,3,43367078
219.883,compaction_begin,3,0
220.048,compaction_end,3,42618171
220.059,compaction_begin,3,0
220.763,compaction_end,3,43144571
220.773,compaction_begin,3,0
220.775,flush_begin,0,0
220.788,flush_end,0,2745295
220.956,compaction_end,3,42992649
220.966,compaction_begin,2,0
221.295,compaction_end,2,5303815
221.313,compaction_begin,3,0
221.505,compaction_end,3,43367080
221.517,compaction_begin,3,0
221.675,compaction_end,3,43367079
221.687,compaction_begin,3,0
221.854,compaction_end,3,43367081
221.865,compaction_begin,3,0
222.024,compaction_end,3,43367082
222.036,compaction_begin,3,0
222.194,compaction_end,3,42618175
222.206,compaction_begin,3,0
222.364,compaction_end,3,43367078
222.376,compaction_begin,3,0
222.538,compaction_end,3,43367079
222.548,compaction_begin,3,0
222.706,compaction_end,3,42618173
222.717,compaction_begin,3,0
222.875,compaction_end,3,43367081
222.887,compaction_begin,3,0
223.045,compaction_end,3,42992649
223.056,compaction_begin,3,0
223.214,compaction_end,3,42992653
223.225,compaction_begin,3,0
223.385,compaction_end,3,42992649
223.396,compaction_begin,3,0
223.557,compaction_end,3,43367085
223.568,compaction_begin,3,0
223.730,compaction_end,3,43367081
223.742,compaction_begin,3,0
224.449,compaction_end,3,43367082
224.460,compaction_begin,3,0
224.625,compaction_end,3,43367078
224.636,compaction_begin,3,0
224.800,compaction_end,3,42992649
224.811,compaction_begin,3,0
224.971,compaction_end,3,42992653
224.982,compaction_begin,3,0
225.144,compaction_end,3,43367083
225.155,compaction_begin,3,0
225.318,compaction_end,3,43367077
225.330,compaction_begin,3,0
225.494,compaction_end,3,42992648
225.505,compaction_begin,3,0
226.198,compaction_end,3,43367079
226.209,flush_begin,0,0
226.221,flush_end,0,2744660
226.231,compaction_begin,2,0
226.562,compaction_end,2,5347975
226.577,compaction_begin,3,0
226.763,compaction_end,3,43367080
226.776,compaction_begin,3,0
226.934,compaction_end,3,43367079
226.947,compaction_begin,3,0
227.105,compaction_end,3,43367082
227.117,compaction_begin,3,0
227.276,compaction_end,3,43367081
227.287,compaction_begin,3,0
227.447,compaction_end,3,43367078
227.459,compaction_begin,3,0
227.619,compaction_end,3,42992649
227.630,compaction_begin,3,0
227.794,compaction_end,3,42992651
227.805,compaction_begin,3,0
227.974,compaction_end,3,43367077
227.985,compaction_begin,3,0
228.146,compaction_end,3,42618173
228.157,compaction_begin,3,0
228.329,compaction_end,3,43367079
228.339,compaction_begin,3,0
228.503,compaction_end,3,43367085
228.514,compaction_begin,3,0
229.210,compaction_end,3,42992653
229.221,compaction_begin,3,0
229.384,compaction_end,3,43367081
229.395,compaction_begin,3,0
229.556,compaction_end,3,42618175
229.567,compaction_begin,3,0
229.730,compaction_end,3,42992649
229.741,compaction_begin,3,0
229.903,compaction_end,3,42992653
229.914,compaction_begin,3,0
230.077,compaction_end,3,43367079
230.088,compaction_begin,3,0
230.775,compaction_end,3,42992650
230.786,compaction_begin,3,0
230.950,compaction_end,3,43367078
230.961,compaction_begin,3,0
231.121,compaction_end,3,42618171
231.132,compaction_begin,3,0
231.630,flush_begin,0,0
231.641,flush_end,0,2744660
231.668,compaction_end,3,32415986
231.678,compaction_begin,2,0
231.999,compaction_end,2,5426448
232.015,compaction_begin,3,0
232.203,compaction_end,3,43367080
232.215,compaction_begin,3,0
232.373,compaction_end,3,43367082
232.386,compaction_begin,3,0
232.542,compaction_end,3,43367079
232.554,compaction_begin,3,0
232.714,compaction_end,3,43367078
232.726,compaction_begin,3,0
232.886,compaction_end,3,43367081
232.898,compaction_begin,3,0
233.055,compaction_end,3,42618171
233.065,compaction_begin,3,0
233.225,compaction_end,3,42992653
233.236,compaction_begin,3,0
233.361,compaction_end,3,32415986
233.371,compaction_begin,3,0
233.533,compaction_end,3,42992649
233.544,compaction_begin,3,0
233.708,compaction_end,3,43367081
233.719,compaction_begin,3,0
233.882,compaction_end,3,42992650
233.893,compaction_begin,3,0
234.609,compaction_end,3,43367083
234.621,compaction_begin,3,0
235.334,compaction_end,3,43367078
235.344,compaction_begin,3,0
235.511,compaction_end,3,42618175
235.526,compaction_begin,3,0
235.684,compaction_end,3,42992648
235.695,compaction_begin,3,0
235.857,compaction_end,3,42992649
235.868,compaction_begin,3,0
236.032,compaction_end,3,43367079
236.044,compaction_begin,3,0
236.205,compaction_end,3,43367081
236.216,compaction_begin,3,0
236.378,compaction_end,3,43367082
236.389,compaction_begin,3,0
236.552,compaction_end,3,42618173
236.563,compaction_begin,3,0
236.723,compaction_end,3,42992653
236.734,compaction_begin,3,0
237.074,flush_begin,0,0
237.085,flush_end,0,2744439
237.452,compaction_end,3,42992654
237.462,compaction_begin,2,0
237.788,compaction_end,2,5447485
237.804,compaction_begin,3,0
237.990,compaction_end,3,43367080
238.002,compaction_begin,3,0
238.163,compaction_end,3,43367082
238.175,compaction_begin,3,0
238.336,compaction_end,3,43367079
238.348,compaction_begin,3,0
238.512,compaction_end,3,42992649
238.523,compaction_begin,3,0
238.694,compaction_end,3,43367078
238.706,compaction_begin,3,0
238.867,compaction_end,3,43367081
238.879,compaction_begin,3,0
239.043,compaction_end,3,43367079
239.054,compaction_begin,3,0
239.215,compaction_end,3,42992649
239.226,compaction_begin,3,0
239.388,compaction_end,3,42992653
239.399,compaction_begin,3,0
239.560,compaction_end,3,42992649
239.571,compaction_begin,3,0
239.731,compaction_end,3,43367077
239.742,compaction_begin,3,0
239.905,compaction_end,3,42992654
239.916,compaction_begin,3,0
240.077,compaction_end,3,42618175
240.088,compaction_begin,3,0
240.251,compaction_end,3,42992650
240.262,compaction_begin,3,0
240.426,compaction_end,3,43367078
240.437,compaction_begin,3,0
241.130,compaction_end,3,42906744
241.141,compaction_begin,3,0
241.303,compaction_end,3,43367081
241.314,compaction_begin,3,0
242.034,compaction_end,3,42992649
242.044,compaction_begin,3,0
242.208,compaction_end,3,43367083
242.220,compaction_begin,3,0
242.393,compaction_end,3,42992648
242.404,compaction_begin,3,0
242.527,compaction_end,3,32415986
242.537,compaction_begin,3,0
242.555,flush_begin,0,0
242.566,flush_end,0,2744656
242.718,compaction_end,3,43367081
242.729,compaction_begin,2,0
243.054,compaction_end,2,5582117
243.070,compaction_begin,3,0
243.262,compaction_end,3,43367080
243.275,compaction_begin,3,0
243.435,compaction_end,3,43367079
243.448,compaction_begin,3,0
243.609,compaction_end,3,43367082
243.622,compaction_begin,3,0
243.783,compaction_end,3,43367078
243.795,compaction_begin,3,0
243.959,compaction_end,3,43367077
243.969,compaction_begin,3,0
244.133,compaction_end,3,43367081
244.144,compaction_begin,3,0
244.858,compaction_end,3,42992648
244.869,compaction_begin,3,0
245.032,compaction_end,3,42618175
245.043,compaction_begin,3,0
245.205,compaction_end,3,43367081
245.217,compaction_begin,3,0
245.380,compaction_end,3,42992649
245.391,compaction_begin,3,0
245.548,compaction_end,3,42618173
245.559,compaction_begin,3,0
246.247,compaction_end,3,43367085
246.257,compaction_begin,3,0
246.420,compaction_end,3,42992648
246.431,compaction_begin,3,0
246.553,compaction_end,3,32415986
246.563,compaction_begin,3,0
246.723,compaction_end,3,42992649
246.734,compaction_begin,3,0
246.897,compaction_end,3,43367079
246.908,compaction_begin,3,0
247.070,compaction_end,3,43367081
247.081,compaction_begin,3,0
247.241,compaction_end,3,43367083
247.252,compaction_begin,3,0
247.414,compaction_end,3,42992653
247.425,compaction_begin,3,0
248.020,flush_begin,0,0
248.032,flush_end,0,2744860
248.181,compaction_end,3,42992649
248.192,compaction_begin,2,0
248.540,compaction_end,2,5336386
248.559,compaction_begin,3,0
248.759,compaction_end,3,43367080
248.772,compaction_begin,3,0
248.932,compaction_end,3,43367079
248.944,compaction_begin,3,0
249.103,compaction_end,3,43367079
249.115,compaction_begin,3,0
249.277,compaction_end,3,42618174
249.288,compaction_begin,3,0
249.450,compaction_end,3,43367081
249.462,compaction_begin,3,0
249.676,compaction_end,3,42618173
249.687,compaction_begin,3,0
249.847,compaction_end,3,43367082
249.859,compaction_begin,3,0
250.024,compaction_end,3,43367083
250.035,compaction_begin,3,0
250.198,compaction_end,3,43367078
250.209,compaction_begin,3,0
250.895,compaction_end,3,42992651
250.906,compaction_begin,3,0
251.123,compaction_end,3,42906742
251.135,compaction_begin,3,0
251.807,compaction_end,3,42618171
251.818,compaction_begin,3,0
251.981,compaction_end,3,42992649
251.992,compaction_begin,3,0
252.242,compaction_end,3,42992654
252.254,compaction_begin,3,0
252.417,compaction_end,3,43367083
252.428,compaction_begin,3,0
253.096,compaction_end,3,42992651
253.109,compaction_begin,3,0
253.286,compaction_end,3,42992648
253.297,compaction_begin,3,0
253.468,flush_begin,0,0
253.479,flush_end,0,2745281
253.559,compaction_end,3,42992653
253.570,compaction_begin,2,0
253.890,compaction_end,2,5194628
253.907,compaction_begin,3,0
254.102,compaction_end,3,43367080
254.115,compaction_begin,3,0
254.274,compaction_end,3,43367079
254.286,compaction_begin,3,0
254.447,compaction_end,3,43367082
254.459,compaction_begin,3,0
254.621,compaction_end,3,43367078
254.633,compaction_begin,3,0
254.804,compaction_end,3,43367081
254.815,compaction_begin,3,0
254.984,compaction_end,3,42618171
254.994,compaction_begin,3,0
255.165,compaction_end,3,43367079
255.176,compaction_begin,3,0
255.339,compaction_end,3,43367078
255.350,compaction_begin,3,0
255.515,compaction_end,3,43367081
255.525,compaction_begin,3,0
255.688,compaction_end,3,42992649
255.698,compaction_begin,3,0
256.083,compaction_end,3,42992650
256.094,compaction_begin,3,0
256.256,compaction_end,3,42992651
256.267,compaction_begin,3,0
256.431,compaction_end,3,43367081
256.442,compaction_begin,3,0
257.137,compaction_end,3,43367079
257.147,compaction_begin,3,0
257.309,compaction_end,3,42992648
257.320,compaction_begin,3,0
257.480,compaction_end,3,42992651
257.491,compaction_begin,3,0
257.653,compaction_end,3,42992649
257.664,compaction_begin,3,0
258.318,compaction_end,3,42906745
258.328,compaction_begin,3,0
258.487,compaction_end,3,42992649
258.498,compaction_begin,3,0
258.663,compaction_end,3,43367080
258.672,compaction_begin,3,0
258.839,compaction_end,3,43367077
258.853,compaction_begin,3,0
258.936,flush_begin,0,0
258.947,flush_end,0,2744481
259.570,compaction_end,3,43367079
259.580,compaction_begin,2,0
259.908,compaction_end,2,5225116
259.923,compaction_begin,3,0
260.113,compaction_end,3,43367080
260.125,compaction_begin,3,0
260.286,compaction_end,3,43367079
260.298,compaction_begin,3,0
260.458,compaction_end,3,43367082
260.471,compaction_begin,3,0
260.632,compaction_end,3,43367078
260.644,compaction_begin,3,0
260.807,compaction_end,3,43367079
260.818,compaction_begin,3,0
260.980,compaction_end,3,43367081
260.992,compaction_begin,3,0
261.156,compaction_end,3,43367080
261.167,compaction_begin,3,0
261.328,compaction_end,3,42992650
261.338,compaction_begin,3,0
262.007,compaction_end,3,42243697
262.017,compaction_begin,3,0
262.184,compaction_end,3,43367081
262.195,compaction_begin,3,0
262.357,compaction_end,3,42906745
262.368,compaction_begin,3,0
262.530,compaction_end,3,42992649
262.541,compaction_begin,3,0
263.251,compaction_end,3,42992650
263.261,compaction_begin,3,0
263.423,compaction_end,3,43367079
263.434,compaction_begin,3,0
263.593,compaction_end,3,42992648
263.603,compaction_begin,3,0
263.766,compaction_end,3,42618171
263.777,compaction_begin,3,0
263.938,compaction_end,3,42618171
263.949,compaction_begin,3,0
264.109,compaction_end,3,43367080
264.121,compaction_begin,3,0
264.281,compaction_end,3,42992651
264.292,compaction_begin,3,0
264.373,flush_begin,0,0
264.387,flush_end,0,2744659
265.021,compaction_end,3,43144571
265.033,compaction_begin,2,0
265.363,compaction_end,2,5231632
265.379,compaction_begin,3,0
265.575,compaction_end,3,43367080
265.588,compaction_begin,3,0
265.746,compaction_end,3,43367082
265.758,compaction_begin,3,0
265.918,compaction_end,3,43367079
265.931,compaction_begin,3,0
266.094,compaction_end,3,43367078
266.106,compaction_begin,3,0
266.269,compaction_end,3,43367081
266.280,compaction_begin,3,0
266.440,compaction_end,3,43367081
266.451,compaction_begin,3,0
266.610,compaction_end,3,42992649
266.620,compaction_begin,3,0
266.783,compaction_end,3,43367079
266.793,compaction_begin,3,0
266.953,compaction_end,3,43144571
266.963,compaction_begin,3,0
267.124,compaction_end,3,43367079
267.135,compaction_begin,3,0
267.298,compaction_end,3,43367077
267.309,compaction_begin,3,0
267.475,compaction_end,3,42992648
267.487,compaction_begin,3,0
267.648,compaction_end,3,42992651
267.660,compaction_begin,3,0
267.821,compaction_end,3,43367079
267.833,compaction_begin,3,0
268.001,compaction_end,3,43367078
268.012,compaction_begin,3,0
268.176,compaction_end,3,42906745
268.187,compaction_begin,3,0
268.350,compaction_end,3,43367080
268.362,compaction_begin,3,0
268.524,compaction_end,3,42618171
268.535,compaction_begin,3,0
269.192,compaction_end,3,42992649
269.203,compaction_begin,3,0
269.364,compaction_end,3,43367081
269.375,compaction_begin,3,0
269.794,flush_begin,0,0
269.806,flush_end,0,2744667
270.111,compaction_end,3,43367078
270.121,compaction_begin,2,0
270.436,compaction_end,2,5281869
270.454,compaction_begin,3,0
270.643,compaction_end,3,43367080
270.655,compaction_begin,3,0
270.817,compaction_end,3,43367082
270.830,compaction_begin,3,0
270.992,compaction_end,3,43367079
271.006,compaction_begin,3,0
271.175,compaction_end,3,43367079
271.186,compaction_begin,3,0
271.353,compaction_end,3,43367078
271.365,compaction_begin,3,0
271.528,compaction_end,3,42992649
271.539,compaction_begin,3,0
271.705,compaction_end,3,43367077
271.718,compaction_begin,3,0
271.881,compaction_end,3,43367081
271.893,compaction_begin,3,0
272.622,compaction_end,3,43367079
272.633,compaction_begin,3,0
272.795,compaction_end,3,42992649
272.806,compaction_begin,3,0
272.968,compaction_end,3,42906745
272.980,compaction_begin,3,0
273.141,compaction_end,3,43367079
273.152,compaction_begin,3,0
273.313,compaction_end,3,42618171
273.324,compaction_begin,3,0
273.487,compaction_end,3,43367081
273.499,compaction_begin,3,0
274.174,compaction_end,3,42992653
274.185,compaction_begin,3,0
274.899,compaction_end,3,43367078
274.909,compaction_begin,3,0
275.225,flush_begin,0,0
275.238,flush_end,0,2744326
275.643,compaction_end,3,43367083
275.653,compaction_begin,2,0
275.981,compaction_end,2,5323704
275.996,compaction_begin,3,0
276.190,compaction_end,3,43367080
276.202,compaction_begin,3,0
276.362,compaction_end,3,43367082
276.374,compaction_begin,3,0
276.535,compaction_end,3,43367079
276.549,compaction_begin,3,0
276.713,compaction_end,3,43367080
276.724,compaction_begin,3,0
276.887,compaction_end,3,43367078
276.899,compaction_begin,3,0
277.061,compaction_end,3,42992649
277.071,compaction_begin,3,0
277.233,compaction_end,3,42992648
277.244,compaction_begin,3,0
277.408,compaction_end,3,43144571
277.420,compaction_begin,3,0
277.581,compaction_end,3,42618171
277.592,compaction_begin,3,0
277.754,compaction_end,3,42992653
277.765,compaction_begin,3,0
277.930,compaction_end,3,42992649
277.938,compaction_begin,3,0
278.100,compaction_end,3,42992651
278.113,compaction_begin,3,0
278.276,compaction_end,3,42992649
278.287,compaction_begin,3,0
278.453,compaction_end,3,43367083
278.463,compaction_begin,3,0
278.624,compaction_end,3,43367081
278.636,compaction_begin,3,0
278.803,compaction_end,3,43367079
278.815,compaction_begin,3,0
278.983,compaction_end,3,43367077
278.994,compaction_begin,3,0
279.167,compaction_end,3,42618171
279.177,compaction_begin,3,0
279.900,compaction_end,3,42992652
279.910,compaction_begin,3,0
280.568,compaction_end,3,42992649
280.579,compaction_begin,3,0
280.640,flush_begin,0,0
280.651,flush_end,0,2744948
281.296,compaction_end,3,42992654
281.306,compaction_begin,2,0
281.640,compaction_end,2,5308143
281.660,compaction_begin,3,0
281.858,compaction_end,3,43367080
281.870,compaction_begin,3,0
282.032,compaction_end,3,43367079
282.044,compaction_begin,3,0
282.204,compaction_end,3,43367082
282.216,compaction_begin,3,0
282.379,compaction_end,3,43367081
282.390,compaction_begin,3,0
282.553,compaction_end,3,43367078
282.565,compaction_begin,3,0
282.729,compaction_end,3,43367079
282.741,compaction_begin,3,0
282.903,compaction_end,3,43367081
282.916,compaction_begin,3,0
283.079,compaction_end,3,43367083
283.089,compaction_begin,3,0
283.634,compaction_end,3,43367081
283.645,compaction_begin,3,0
283.808,compaction_end,3,43367079
283.819,compaction_begin,3,0
283.978,compaction_end,3,42992651
283.988,compaction_begin,3,0
284.146,compaction_end,3,42618171
284.157,compaction_begin,3,0
284.318,compaction_end,3,42906745
284.330,compaction_begin,3,0
285.034,compaction_end,3,42992653
285.044,compaction_begin,3,0
285.207,compaction_end,3,42992649
285.218,compaction_begin,3,0
285.381,compaction_end,3,42992649
285.392,compaction_begin,3,0
286.035,flush_begin,0,0
286.047,flush_end,0,2744551
286.112,compaction_end,3,42992648
286.124,compaction_begin,2,0
286.452,compaction_end,2,5337064
286.467,compaction_begin,3,0
286.659,compaction_end,3,43367080
286.671,compaction_begin,3,0
286.831,compaction_end,3,43367082
286.843,compaction_begin,3,0
287.006,compaction_end,3,43367081
287.019,compaction_begin,3,0
287.177,compaction_end,3,43367079
287.186,compaction_begin,3,0
287.355,compaction_end,3,43367078
287.370,compaction_begin,3,0
287.530,compaction_end,3,43367079
287.540,compaction_begin,3,0
287.703,compaction_end,3,42992653
287.713,compaction_begin,3,0
287.878,compaction_end,3,43367079
287.890,compaction_begin,3,0
288.053,compaction_end,3,43367078
288.063,compaction_begin,3,0
288.226,compaction_end,3,42992651
288.238,compaction_begin,3,0
288.924,compaction_end,3,43367078
288.936,compaction_begin,3,0
289.098,compaction_end,3,42992649
289.109,compaction_begin,3,0
289.271,compaction_end,3,42618171
289.282,compaction_begin,3,0
289.673,compaction_end,3,43367079
289.685,compaction_begin,3,0
290.393,compaction_end,3,42243697
290.403,compaction_begin,3,0
290.572,compaction_end,3,43367083
290.583,compaction_begin,3,0
290.748,compaction_end,3,42992649
290.759,compaction_begin,3,0
290.931,compaction_end,3,42992649
290.943,compaction_begin,3,0
291.105,compaction_end,3,43367081
291.116,compaction_begin,3,0
291.474,flush_begin,0,0
291.488,flush_end,0,2745051
291.543,compaction_end,3,42992648
291.559,compaction_begin,2,0
291.906,compaction_end,2,5447830
291.926,compaction_begin,3,0
292.123,compaction_end,3,43367080
292.136,compaction_begin,3,0
292.295,compaction_end,3,43367082
292.307,compaction_begin,3,0
292.466,compaction_end,3,43367079
292.474,compaction_begin,3,0
292.636,compaction_end,3,43367079
292.650,compaction_begin,3,0
292.814,compaction_end,3,43367081
292.826,compaction_begin,3,0
292.985,compaction_end,3,43367081
292.996,compaction_begin,3,0
293.158,compaction_end,3,42992648
293.168,compaction_begin,3,0
293.329,compaction_end,3,42992649
293.337,compaction_begin,3,0
293.695,compaction_end,3,42992649
293.709,compaction_begin,3,0
293.868,compaction_end,3,43367078
293.880,compaction_begin,3,0
294.040,compaction_end,3,42618171
294.050,compaction_begin,3,0
294.213,compaction_end,3,43367081
294.224,compaction_begin,3,0
294.385,compaction_end,3,42992651
294.396,compaction_begin,3,0
294.557,compaction_end,3,42992653
294.567,compaction_begin,3,0
294.726,compaction_end,3,42992649
294.737,compaction_begin,3,0
294.897,compaction_end,3,42992649
294.908,compaction_begin,3,0
295.070,compaction_end,3,42992653
295.081,compaction_begin,3,0
295.244,compaction_end,3,43367078
295.252,compaction_begin,3,0
295.413,compaction_end,3,42992648
295.426,compaction_begin,3,0
295.590,compaction_end,3,43367079
295.601,compaction_begin,3,0
296.285,compaction_end,3,42992650
296.295,compaction_begin,3,0
296.893,flush_begin,0,0
296.905,flush_end,0,2744749
296.993,compaction_end,3,42992651
297.003,compaction_begin,2,0
297.327,compaction_end,2,5512323
297.343,compaction_begin,3,0
297.530,compaction_end,3,43367080
297.543,compaction_begin,3,0
297.702,compaction_end,3,43367079
297.715,compaction_begin,3,0
297.873,compaction_end,3,43367082
297.885,compaction_begin,3,0
298.044,compaction_end,3,43367081
298.056,compaction_begin,3,0
298.219,compaction_end,3,43367078
298.229,compaction_begin,3,0
298.935,compaction_end,3,43367080
298.945,compaction_begin,3,0
299.109,compaction_end,3,43367079
299.119,compaction_begin,3,0
299.282,compaction_end,3,43367079
299.293,compaction_begin,3,0
299.457,compaction_end,3,42992648
299.467,compaction_begin,3,0
299.628,compaction_end,3,42618171
299.638,compaction_begin,3,0
299.802,compaction_end,3,42992649
299.810,compaction_begin,3,0
300.513,compaction_end,3,43367079
300.526,compaction_begin,3,0
301.047,compaction_end,3,32415986
301.057,compaction_begin,3,0
301.226,compaction_end,3,43367078
301.238,compaction_begin,3,0
301.401,compaction_end,3,43367083
301.411,compaction_begin,3,0
301.572,compaction_end,3,42992653
301.583,compaction_begin,3,0
301.744,compaction_end,3,42243697
301.754,compaction_begin,3,0
301.919,compaction_end,3,42992649
301.931,compaction_begin,3,0
302.092,compaction_end,3,42906745
302.103,compaction_begin,3,0
302.276,compaction_end,3,43367078
302.288,compaction_begin,3,0
302.309,flush_begin,0,0
302.321,flush_end,0,2744581
302.479,compaction_end,3,42992649
302.490,compaction_begin,2,0
302.818,compaction_end,2,5564242
302.836,compaction_begin,3,0
303.024,compaction_end,3,43367080
303.032,compaction_begin,3,0
303.190,compaction_end,3,43367079
303.206,compaction_begin,3,0
303.368,compaction_end,3,43367081
303.379,compaction_begin,3,0
303.538,compaction_end,3,43367082
303.551,compaction_begin,3,0
303.712,compaction_end,3,43367081
303.722,compaction_begin,3,0
303.885,compaction_end,3,43367081
303.894,compaction_begin,3,0
304.054,compaction_end,3,42992653
304.067,compaction_begin,3,0
304.229,compaction_end,3,43367078
304.241,compaction_begin,3,0
304.401,compaction_end,3,42992649
304.412,compaction_begin,3,0
304.578,compaction_end,3,42992650
304.589,compaction_begin,3,0
304.752,compaction_end,3,43367078
304.762,compaction_begin,3,0
304.922,compaction_end,3,42243697
304.933,compaction_begin,3,0
305.093,compaction_end,3,43367079
305.103,compaction_begin,3,0
305.774,compaction_end,3,42618171
305.785,compaction_begin,3,0
305.948,compaction_end,3,42992648
305.959,compaction_begin,3,0
306.120,compaction_end,3,42992649
306.131,compaction_begin,3,0
306.291,compaction_end,3,42992649
306.302,compaction_begin,3,0
306.463,compaction_end,3,43367079
306.475,compaction_begin,3,0
306.635,compaction_end,3,42992653
306.645,compaction_begin,3,0
307.358,compaction_end,3,42992654
307.370,compaction_begin,3,0
307.531,compaction_end,3,42992648
307.541,compaction_begin,3,0
307.703,compaction_end,3,43367079
307.714,compaction_begin,3,0
307.736,flush_begin,0,0
307.748,flush_end,0,2744258
308.463,compaction_end,3,43367083
308.473,compaction_begin,2,0
308.807,compaction_end,2,5503777
308.822,compaction_begin,3,0
309.009,compaction_end,3,43367080
309.022,compaction_begin,3,0
309.182,compaction_end,3,43367079
309.194,compaction_begin,3,0
309.352,compaction_end,3,43367082
309.365,compaction_begin,3,0
309.528,compaction_end,3,42992653
309.538,compaction_begin,3,0
309.705,compaction_end,3,43367079
309.717,compaction_begin,3,0
309.882,compaction_end,3,42992648
309.893,compaction_begin,3,0
310.064,compaction_end,3,43367078
310.076,compaction_begin,3,0
310.238,compaction_end,3,43367078
310.249,compaction_begin,3,0
310.412,compaction_end,3,42992649
310.423,compaction_begin,3,0
310.586,compaction_end,3,43367081
310.598,compaction_begin,3,0
310.760,compaction_end,3,43367081
310.771,compaction_begin,3,0
311.453,compaction_end,3,42992651
311.464,compaction_begin,3,0
311.627,compaction_end,3,43367079
311.638,compaction_begin,3,0
312.341,compaction_end,3,42618171
312.351,compaction_begin,3,0
312.515,compaction_end,3,42992649
312.526,compaction_begin,3,0
312.688,compaction_end,3,42992649
312.698,compaction_begin,3,0
312.864,compaction_end,3,43367079
312.876,compaction_begin,3,0
313.230,flush_begin,0,0
313.243,flush_end,0,2744620
313.606,compaction_end,3,43367077
313.617,compaction_begin,2,0
313.957,compaction_end,2,5518837
313.973,compaction_begin,3,0
314.165,compaction_end,3,43367080
314.177,compaction_begin,3,0
314.334,compaction_end,3,43367079
314.347,compaction_begin,3,0
314.558,compaction_end,3,43367079
314.570,compaction_begin,3,0
314.730,compaction_end,3,43367082
314.742,compaction_begin,3,0
314.903,compaction_end,3,42992648
314.914,compaction_begin,3,0
315.075,compaction_end,3,42992655
315.085,compaction_begin,3,0
315.247,compaction_end,3,43367081
315.259,compaction_begin,3,0
315.474,compaction_end,3,43367082
315.485,compaction_begin,3,0
315.720,compaction_end,3,43367082
315.731,compaction_begin,3,0
315.895,compaction_end,3,43367079
315.905,compaction_begin,3,0
316.545,compaction_end,3,42992654
316.556,compaction_begin,3,0
316.772,compaction_end,3,43367081
316.784,compaction_begin,3,0
316.950,compaction_end,3,42992648
316.962,compaction_begin,3,0
317.124,compaction_end,3,42992651
317.134,compaction_begin,3,0
317.804,compaction_end,3,42618169
317.813,compaction_begin,3,0
317.973,compaction_end,3,42618171
317.986,compaction_begin,3,0
318.144,compaction_end,3,42992650
318.155,compaction_begin,3,0
318.315,compaction_end,3,42992649
318.325,compaction_begin,3,0
318.564,compaction_end,3,44556332
318.575,compaction_begin,3,0
318.662,flush_begin,0,0
318.673,flush_end,0,2745206
318.750,compaction_end,3,42992649
318.761,compaction_begin,2,0
319.068,compaction_end,2,5632130
319.084,compaction_begin,3,0
319.269,compaction_end,3,43367080
319.282,compaction_begin,3,0
319.442,compaction_end,3,43367079
319.455,compaction_begin,3,0
319.617,compaction_end,3,43367079
319.628,compaction_begin,3,0
319.790,compaction_end,3,43367082
319.803,compaction_begin,3,0
319.967,compaction_end,3,43367078
319.979,compaction_begin,3,0
320.144,compaction_end,3,43367079
320.155,compaction_begin,3,0
320.324,compaction_end,3,42992648
320.335,compaction_begin,3,0
320.496,compaction_end,3,43367082
320.507,compaction_begin,3,0
320.669,compaction_end,3,42992649
320.680,compaction_begin,3,0
320.842,compaction_end,3,43367078
320.853,compaction_begin,3,0
321.506,compaction_end,3,42992651
321.517,compaction_begin,3,0
321.680,compaction_end,3,42992648
321.691,compaction_begin,3,0
322.350,compaction_end,3,43367080
322.361,compaction_begin,3,0
322.580,compaction_end,3,43367083
322.591,compaction_begin,3,0
322.751,compaction_end,3,43367081
322.762,compaction_begin,3,0
323.458,compaction_end,3,43367085
323.469,compaction_begin,3,0
323.631,compaction_end,3,42992649
323.642,compaction_begin,3,0
323.804,compaction_end,3,42992648
323.813,compaction_begin,3,0
323.977,compaction_end,3,42992649
323.991,compaction_begin,3,0
324.082,flush_begin,0,0
324.093,flush_end,0,2744544
324.707,compaction_end,3,42243696
324.717,compaction_begin,2,0
325.034,compaction_end,2,5474383
325.049,compaction_begin,3,0
325.221,compaction_end,3,43367080
325.234,compaction_begin,3,0
325.390,compaction_end,3,43367082
325.403,compaction_begin,3,0
325.561,compaction_end,3,43367079
325.574,compaction_begin,3,0
325.733,compaction_end,3,42992648
325.743,compaction_begin,3,0
325.904,compaction_end,3,43367078
325.915,compaction_begin,3,0
326.075,compaction_end,3,42992651
326.086,compaction_begin,3,0
326.247,compaction_end,3,43367079
326.257,compaction_begin,3,0
326.419,compaction_end,3,42992648
326.429,compaction_begin,3,0
326.646,compaction_end,3,43367083
326.656,compaction_begin,3,0
326.818,compaction_end,3,43367078
326.829,compaction_begin,3,0
326.992,compaction_end,3,43367080
327.003,compaction_begin,3,0
327.161,compaction_end,3,43367081
327.172,compaction_begin,3,0
327.335,compaction_end,3,43367079
327.345,compaction_begin,3,0
327.504,compaction_end,3,43367082
327.514,compaction_begin,3,0
327.676,compaction_end,3,43367079
327.687,compaction_begin,3,0
327.851,compaction_end,3,43367085
327.861,compaction_begin,3,0
328.022,compaction_end,3,43367078
328.033,compaction_begin,3,0
328.193,compaction_end,3,42992649
328.204,compaction_begin,3,0
328.363,compaction_end,3,43367079
328.375,compaction_begin,3,0
328.534,compaction_end,3,42992649
328.545,compaction_begin,3,0
329.272,compaction_end,3,42992650
329.283,compaction_begin,3,0
329.444,compaction_end,3,42992648
329.457,flush_begin,0,0
329.468,flush_end,0,2744741
329.477,compaction_begin,2,0
329.801,compaction_end,2,5532042
329.819,compaction_begin,3,0
330.012,compaction_end,3,43367080
330.025,compaction_begin,3,0
330.193,compaction_end,3,43367082
330.204,compaction_begin,3,0
330.362,compaction_end,3,43367079
330.375,compaction_begin,3,0
330.535,compaction_end,3,43367079
330.547,compaction_begin,3,0
330.705,compaction_end,3,43367078
330.717,compaction_begin,3,0
330.878,compaction_end,3,43367081
330.890,compaction_begin,3,0
331.050,compaction_end,3,42992651
331.061,compaction_begin,3,0
331.222,compaction_end,3,42992648
331.233,compaction_begin,3,0
331.395,compaction_end,3,43367079
331.406,compaction_begin,3,0
331.566,compaction_end,3,42992649
331.577,compaction_begin,3,0
331.738,compaction_end,3,42992650
331.749,compaction_begin,3,0
331.912,compaction_end,3,43367078
331.923,compaction_begin,3,0
332.084,compaction_end,3,42992649
332.095,compaction_begin,3,0
332.323,compaction_end,3,43367083
332.334,compaction_begin,3,0
332.503,compaction_end,3,42992651
332.513,compaction_begin,3,0
332.670,compaction_end,3,42243696
332.681,compaction_begin,3,0
332.839,compaction_end,3,43367083
332.849,compaction_begin,3,0
333.010,compaction_end,3,42992648
333.020,compaction_begin,3,0
333.178,compaction_end,3,43367078
333.189,compaction_begin,3,0
333.348,compaction_end,3,42992648
333.359,compaction_begin,3,0
333.521,compaction_end,3,43367079
333.531,compaction_begin,3,0
333.692,compaction_end,3,43367082
333.703,compaction_begin,3,0
334.432,compaction_end,3,43519107
334.441,compaction_begin,3,0
334.603,compaction_end,3,43367079
334.616,compaction_begin,3,0
334.903,flush_begin,0,0
334.916,flush_end,0,2744461
335.323,compaction_end,3,43367077
335.334,compaction_begin,2,0
335.654,compaction_end,2,5439669
335.671,compaction_begin,3,0
335.861,compaction_end,3,43367080
335.874,compaction_begin,3,0
336.032,compaction_end,3,43367079
336.045,compaction_begin,3,0
336.200,compaction_end,3,43367082
336.213,compaction_begin,3,0
336.371,compaction_end,3,43367078
336.383,compaction_begin,3,0
336.543,compaction_end,3,43367081
336.556,compaction_begin,3,0
336.718,compaction_end,3,43367079
336.729,compaction_begin,3,0
336.889,compaction_end,3,43367078
336.900,compaction_begin,3,0
337.599,compaction_end,3,43144571
337.609,compaction_begin,3,0
338.281,compaction_end,3,42992647
338.292,compaction_begin,3,0
338.988,compaction_end,3,42992649
338.999,compaction_begin,3,0
339.160,compaction_end,3,42992651
339.171,compaction_begin,3,0
339.332,compaction_end,3,43367078
339.343,compaction_begin,3,0
339.504,compaction_end,3,42992649
339.515,compaction_begin,3,0
339.678,compaction_end,3,43367079
339.687,compaction_begin,3,0
339.850,compaction_end,3,43367077
339.865,compaction_begin,3,0
340.028,compaction_end,3,42992649
340.039,compaction_begin,3,0
340.214,compaction_end,3,43367079
340.224,compaction_begin,3,0
340.396,compaction_end,3,43367082
340.407,flush_begin,0,0
340.420,flush_end,0,2744705
340.430,compaction_begin,2,0
340.755,compaction_end,2,5549007
340.773,compaction_begin,3,0
340.977,compaction_end,3,43367080
340.990,compaction_begin,3,0
341.159,compaction_end,3,43367082
341.171,compaction_begin,3,0
341.340,compaction_end,3,43367079
341.351,compaction_begin,3,0
341.522,compaction_end,3,42992649
341.533,compaction_begin,3,0
341.704,compaction_end,3,43367081
341.716,compaction_begin,3,0
341.887,compaction_end,3,43367078
341.899,compaction_begin,3,0
342.070,compaction_end,3,43367079
342.081,compaction_begin,3,0
342.250,compaction_end,3,43144571
342.261,compaction_begin,3,0
342.429,compaction_end,3,43367082
342.439,compaction_begin,3,0
342.604,compaction_end,3,42992651
342.615,compaction_begin,3,0
342.782,compaction_end,3,42992649
342.793,compaction_begin,3,0
342.961,compaction_end,3,43367079
342.972,compaction_begin,3,0
343.139,compaction_end,3,43367078
343.151,compaction_begin,3,0
343.317,compaction_end,3,42992648
343.330,compaction_begin,3,0
343.500,compaction_end,3,42992647
343.511,compaction_begin,3,0
343.679,compaction_end,3,42992650
343.690,compaction_begin,3,0
343.867,compaction_end,3,42992651
343.879,compaction_begin,3,0
344.068,compaction_end,3,43367078
344.080,compaction_begin,3,0
344.773,compaction_end,3,42618171
344.784,compaction_begin,3,0
344.965,compaction_end,3,42992648
344.975,compaction_begin,3,0
345.411,compaction_end,3,42992649
345.422,compaction_begin,3,0
345.604,compaction_end,3,43367079
345.615,compaction_begin,3,0
345.793,compaction_end,3,42992649
345.803,compaction_begin,3,0
345.829,flush_begin,0,0
345.841,flush_end,0,2744697
346.008,compaction_end,3,43367083
346.019,compaction_begin,2,0
346.342,compaction_end,2,5604436
346.359,compaction_begin,3,0
346.570,compaction_end,3,43367080
346.582,compaction_begin,3,0
346.758,compaction_end,3,43367079
346.770,compaction_begin,3,0
346.950,compaction_end,3,43367081
346.961,compaction_begin,3,0
347.138,compaction_end,3,43367082
347.149,compaction_begin,3,0
347.326,compaction_end,3,43367078
347.335,compaction_begin,3,0
347.514,compaction_end,3,43367079
347.525,compaction_begin,3,0
347.691,compaction_end,3,42992648
347.702,compaction_begin,3,0
347.873,compaction_end,3,42992650
347.885,compaction_begin,3,0
348.054,compaction_end,3,42992649
348.065,compaction_begin,3,0
348.232,compaction_end,3,42992648
348.243,compaction_begin,3,0
348.414,compaction_end,3,43367078
348.425,compaction_begin,3,0
348.604,compaction_end,3,42992651
348.618,compaction_begin,3,0
348.801,compaction_end,3,43367077
348.814,compaction_begin,3,0
348.978,compaction_end,3,43144571
348.989,compaction_begin,3,0
