t,type,level,bytes
-29.870,flush_begin,0,0
-29.859,flush_end,0,2686930
-29.849,flush_begin,0,0
-29.838,flush_end,0,2686931
-29.828,flush_begin,0,0
-29.818,flush_end,0,2686931
-29.809,flush_begin,0,0
-29.799,flush_end,0,2686931
-29.789,flush_begin,0,0
-29.778,flush_end,0,2686931
-29.770,flush_begin,0,0
-29.759,flush_end,0,2686930
-29.750,flush_begin,0,0
-29.739,flush_end,0,2686932
-29.730,flush_begin,0,0
-29.720,flush_end,0,2686930
-29.710,flush_begin,0,0
-29.700,flush_end,0,2686932
-29.690,flush_begin,0,0
-29.680,flush_end,0,2686930
-29.670,flush_begin,0,0
-29.659,flush_end,0,2686931
-29.648,flush_begin,0,0
-29.635,flush_end,0,2686931
-29.625,flush_begin,0,0
-29.615,flush_end,0,2686930
-29.606,flush_begin,0,0
-29.595,flush_end,0,2686932
-29.585,flush_begin,0,0
-29.574,flush_end,0,2686930
-29.565,flush_begin,0,0
-29.554,flush_end,0,2686931
-29.545,flush_begin,0,0
-29.534,flush_end,0,2686931
-29.524,flush_begin,0,0
-29.513,flush_end,0,2686931
-29.503,flush_begin,0,0
-29.492,flush_end,0,2686931
-29.483,flush_begin,0,0
-29.472,flush_end,0,2686931
-29.463,flush_begin,0,0
-29.452,flush_end,0,2686930
-29.443,flush_begin,0,0
-29.433,flush_end,0,2686933
-29.424,flush_begin,0,0
-29.414,flush_end,0,2686930
-29.405,flush_begin,0,0
-29.395,flush_end,0,2686932
-29.386,flush_begin,0,0
-29.376,flush_end,0,2686930
-29.367,flush_begin,0,0
-29.357,flush_end,0,2686930
-29.348,flush_begin,0,0
-29.338,flush_end,0,2686932
-29.329,flush_begin,0,0
-29.319,flush_end,0,2686930
-29.310,flush_begin,0,0
-29.301,flush_end,0,2686932
-29.292,flush_begin,0,0
-29.281,flush_end,0,2686930
-29.271,flush_begin,0,0
-29.261,flush_end,0,2686931
-29.252,flush_begin,0,0
-29.241,flush_end,0,2686931
-29.232,flush_begin,0,0
-29.222,flush_end,0,2686931
-29.213,flush_begin,0,0
-29.202,flush_end,0,2686931
-29.193,flush_begin,0,0
-29.182,flush_end,0,2686931
-29.173,flush_begin,0,0
-29.162,flush_end,0,2686930
-29.153,flush_begin,0,0
-29.143,flush_end,0,2686932
-29.132,flush_begin,0,0
-29.121,flush_end,0,2686930
-29.112,flush_begin,0,0
-29.102,flush_end,0,2686931
-29.092,flush_begin,0,0
-29.082,flush_end,0,2686931
-29.066,trivial_move,3,2686930
-29.065,flush_begin,0,0
-29.053,flush_end,0,2686930
-29.037,trivial_move,3,2686931
-29.035,flush_begin,0,0
-29.024,flush_end,0,2686932
-29.008,trivial_move,3,2686931
-29.007,flush_begin,0,0
-28.996,flush_end,0,2686930
-28.980,trivial_move,3,2686931
-28.979,flush_begin,0,0
-28.967,flush_end,0,2686933
-28.951,trivial_move,3,2686931
-28.949,flush_begin,0,0
-28.938,flush_end,0,2686930
-28.921,trivial_move,3,2686930
-28.920,flush_begin,0,0
-28.907,flush_end,0,2686931
-28.891,trivial_move,3,2686932
-28.890,flush_begin,0,0
-28.877,flush_end,0,2686931
-28.861,trivial_move,3,2686930
-28.859,flush_begin,0,0
-28.847,flush_end,0,2686931
-28.831,trivial_move,3,2686932
-28.829,flush_begin,0,0
-28.817,flush_end,0,2686931
-28.801,trivial_move,3,2686930
-28.799,flush_begin,0,0
-28.786,flush_end,0,2686930
-28.770,trivial_move,3,2686931
-28.768,flush_begin,0,0
-28.755,flush_end,0,2686930
-28.739,trivial_move,3,2686931
-28.737,flush_begin,0,0
-28.723,flush_end,0,2686931
-28.707,trivial_move,3,2686930
-28.704,flush_begin,0,0
-28.690,flush_end,0,2686931
-28.675,trivial_move,3,2686932
-28.672,flush_begin,0,0
-28.659,flush_end,0,2686931
-28.643,trivial_move,3,2686930
-28.641,flush_begin,0,0
-28.627,flush_end,0,2686931
-28.610,trivial_move,3,2686931
-28.608,flush_begin,0,0
-28.595,flush_end,0,2686930
-28.579,trivial_move,3,2686931
-28.576,flush_begin,0,0
-28.562,flush_end,0,2686932
-28.546,trivial_move,3,2686931
-28.543,flush_begin,0,0
-28.528,flush_end,0,2686930
-28.513,trivial_move,3,2686931
-28.510,flush_begin,0,0
-28.497,flush_end,0,2686932
-28.482,trivial_move,3,2686931
-28.479,flush_begin,0,0
-28.467,flush_end,0,2686930
-28.451,trivial_move,3,2686930
-28.449,flush_begin,0,0
-28.437,flush_end,0,2686931
-28.420,trivial_move,3,2686933
-28.419,flush_begin,0,0
-28.405,flush_end,0,2686931
-28.390,trivial_move,3,2686930
-28.388,flush_begin,0,0
-28.374,flush_end,0,2686930
-28.358,trivial_move,3,2686932
-28.356,flush_begin,0,0
-28.342,flush_end,0,2686932
-28.326,trivial_move,3,2686930
-28.325,flush_begin,0,0
-28.312,flush_end,0,2686930
-28.296,trivial_move,3,2686930
-28.294,flush_begin,0,0
-28.280,flush_end,0,2686932
-28.264,trivial_move,3,2686932
-28.262,flush_begin,0,0
-28.248,flush_end,0,2686931
-28.233,trivial_move,3,2686930
-28.231,flush_begin,0,0
-28.218,flush_end,0,2686931
-28.202,trivial_move,3,2686932
-28.199,flush_begin,0,0
-28.186,flush_end,0,2686931
-28.170,trivial_move,3,2686930
-28.168,flush_begin,0,0
-28.154,flush_end,0,2686931
-28.138,trivial_move,3,2686931
-28.136,flush_begin,0,0
-28.122,flush_end,0,2686930
-28.106,trivial_move,3,2686931
-28.104,flush_begin,0,0
-28.091,flush_end,0,2686932
-28.074,trivial_move,3,2686931
-28.072,flush_begin,0,0
-28.059,flush_end,0,2686930
-28.043,trivial_move,3,2686931
-28.040,flush_begin,0,0
-28.026,flush_end,0,2686932
-28.010,trivial_move,3,2686931
-28.007,flush_begin,0,0
-27.993,flush_end,0,2686930
-27.977,trivial_move,3,2686930
-27.974,flush_begin,0,0
-27.959,flush_end,0,2686930
-27.944,trivial_move,3,2686932
-27.941,flush_begin,0,0
-27.926,flush_end,0,2686932
-27.910,trivial_move,3,2686930
-27.908,flush_begin,0,0
-27.893,flush_end,0,2686930
-27.877,trivial_move,3,2686931
-27.874,flush_begin,0,0
-27.859,flush_end,0,2686932
-27.843,trivial_move,3,2686931
-27.841,flush_begin,0,0
-27.825,flush_end,0,2686930
-27.809,trivial_move,3,2686930
-27.807,flush_begin,0,0
-27.791,flush_end,0,2686931
-27.776,trivial_move,3,2686932
-27.773,flush_begin,0,0
-27.758,flush_end,0,2686931
-27.743,trivial_move,3,2686930
-27.740,flush_begin,0,0
-27.725,flush_end,0,2686931
-27.709,trivial_move,3,2686933
-27.706,flush_begin,0,0
-27.692,flush_end,0,2686931
-27.673,trivial_move,3,2686930
-27.670,flush_begin,0,0
-27.657,flush_end,0,2686931
-27.641,trivial_move,3,2686931
-27.638,flush_begin,0,0
-27.622,flush_end,0,2686930
-27.607,trivial_move,3,2686931
-27.604,flush_begin,0,0
-27.591,flush_end,0,2686933
-27.575,trivial_move,3,2686931
-27.572,flush_begin,0,0
-27.559,flush_end,0,2686930
-27.542,trivial_move,3,2686931
-27.540,flush_begin,0,0
-27.527,flush_end,0,2686931
-27.511,trivial_move,3,2686930
-27.508,flush_begin,0,0
-27.496,flush_end,0,2686931
-27.480,trivial_move,3,2686930
-27.477,flush_begin,0,0
-27.464,flush_end,0,2686930
-27.447,trivial_move,3,2686931
-27.446,flush_begin,0,0
-27.432,flush_end,0,2686932
-27.416,trivial_move,3,2686931
-27.414,flush_begin,0,0
-27.400,flush_end,0,2686930
-27.384,trivial_move,3,2686931
-27.382,flush_begin,0,0
-27.370,flush_end,0,2686932
-27.353,trivial_move,3,2686931
-27.352,flush_begin,0,0
-27.340,flush_end,0,2686930
-27.324,trivial_move,3,2686930
-27.322,flush_begin,0,0
-27.309,flush_end,0,2686931
-27.293,trivial_move,3,2686932
-27.291,flush_begin,0,0
-27.277,flush_end,0,2686931
-27.260,trivial_move,3,2686930
-27.259,flush_begin,0,0
-27.245,flush_end,0,2686931
-27.230,trivial_move,3,2686932
-27.228,flush_begin,0,0
-27.215,flush_end,0,2686931
-27.199,trivial_move,3,2686930
-27.196,flush_begin,0,0
-27.183,flush_end,0,2686930
-27.167,trivial_move,3,2686931
-27.164,flush_begin,0,0
-27.149,flush_end,0,2686930
-27.134,trivial_move,3,2686931
-27.132,flush_begin,0,0
-27.119,flush_end,0,2686931
-27.103,trivial_move,3,2686930
-27.101,flush_begin,0,0
-27.088,flush_end,0,2686931
-27.071,trivial_move,3,2686932
-27.070,flush_begin,0,0
-27.056,flush_end,0,2686931
-27.041,trivial_move,3,2686930
-27.039,flush_begin,0,0
-27.025,flush_end,0,2686931
-27.010,trivial_move,3,2686932
-27.008,flush_begin,0,0
-26.994,flush_end,0,2686930
-26.978,trivial_move,3,2686931
-26.977,flush_begin,0,0
-26.963,flush_end,0,2686932
-26.948,trivial_move,3,2686931
-26.946,flush_begin,0,0
-26.932,flush_end,0,2686930
-26.917,trivial_move,3,2686931
-26.915,flush_begin,0,0
-26.901,flush_end,0,2686933
-26.885,trivial_move,3,2686931
-26.884,flush_begin,0,0
-26.871,flush_end,0,2686930
-26.856,trivial_move,3,2686930
-26.854,flush_begin,0,0
-26.840,flush_end,0,2686931
-26.825,trivial_move,3,2686932
-26.823,flush_begin,0,0
-26.809,flush_end,0,2686931
-26.793,trivial_move,3,2686930
-26.792,flush_begin,0,0
-26.777,flush_end,0,2686930
-26.762,trivial_move,3,2686932
-26.759,flush_begin,0,0
-26.745,flush_end,0,2686932
-26.730,trivial_move,3,2686930
-26.727,flush_begin,0,0
-26.713,flush_end,0,2686930
-26.697,trivial_move,3,2686930
-26.695,flush_begin,0,0
-26.681,flush_end,0,2686931
-26.666,trivial_move,3,2686932
-26.664,flush_begin,0,0
-26.649,flush_end,0,2686931
-26.634,trivial_move,3,2686930
-26.631,flush_begin,0,0
-26.618,flush_end,0,2686931
-26.601,trivial_move,3,2686932
-26.600,flush_begin,0,0
-26.587,flush_end,0,2686931
-26.571,trivial_move,3,2686930
-26.569,flush_begin,0,0
-26.554,flush_end,0,2686931
-26.539,trivial_move,3,2686931
-26.537,flush_begin,0,0
-26.524,flush_end,0,2686930
-26.507,trivial_move,3,2686931
-26.506,flush_begin,0,0
-26.492,flush_end,0,2686932
-26.477,trivial_move,3,2686931
-26.474,flush_begin,0,0
-26.459,flush_end,0,2686930
-26.444,trivial_move,3,2686931
-26.442,flush_begin,0,0
-26.428,flush_end,0,2686932
-26.412,trivial_move,3,2686931
-26.409,flush_begin,0,0
-26.395,flush_end,0,2686930
-26.380,trivial_move,3,2686930
-26.377,flush_begin,0,0
-26.363,flush_end,0,2686930
-26.348,trivial_move,3,2686933
-26.345,flush_begin,0,0
-26.331,flush_end,0,2686932
-26.316,trivial_move,3,2686930
-26.313,flush_begin,0,0
-26.299,flush_end,0,2686930
-26.284,trivial_move,3,2686931
-26.281,flush_begin,0,0
-26.266,flush_end,0,2686932
-26.250,trivial_move,3,2686931
-26.248,flush_begin,0,0
-26.233,flush_end,0,2686930
-26.218,trivial_move,3,2686930
-26.215,flush_begin,0,0
-26.201,flush_end,0,2686932
-26.186,trivial_move,3,2686932
-26.183,flush_begin,0,0
-26.168,flush_end,0,2686931
-26.153,trivial_move,3,2686930
-26.151,flush_begin,0,0
-26.136,flush_end,0,2686931
-26.121,trivial_move,3,2686932
-26.118,flush_begin,0,0
-26.103,flush_end,0,2686931
-26.087,trivial_move,3,2686930
-26.084,flush_begin,0,0
-26.070,flush_end,0,2686931
-26.055,trivial_move,3,2686931
-26.053,flush_begin,0,0
-26.039,flush_end,0,2686930
-26.024,trivial_move,3,2686931
-26.021,flush_begin,0,0
-26.006,flush_end,0,2686932
-25.991,trivial_move,3,2686931
-25.989,flush_begin,0,0
-25.974,flush_end,0,2686930
-25.959,trivial_move,3,2686931
-25.957,flush_begin,0,0
-25.943,flush_end,0,2686931
-25.927,trivial_move,3,2686930
-25.924,flush_begin,0,0
-25.909,flush_end,0,2686931
-25.894,trivial_move,3,2686930
-25.890,flush_begin,0,0
-25.875,flush_end,0,2686930
-25.860,trivial_move,3,2686931
-25.857,flush_begin,0,0
-25.843,flush_end,0,2686932
-25.828,trivial_move,3,2686931
-25.825,flush_begin,0,0
-25.811,flush_end,0,2686930
-25.796,trivial_move,3,2686931
-25.794,flush_begin,0,0
-25.780,flush_end,0,2686932
-25.765,trivial_move,3,2686931
-25.763,flush_begin,0,0
-25.748,flush_end,0,2686930
-25.733,trivial_move,3,2686930
-25.730,flush_begin,0,0
-25.716,flush_end,0,2686931
-25.701,trivial_move,3,2686932
-25.699,flush_begin,0,0
-25.684,flush_end,0,2686931
-25.669,trivial_move,3,2686930
-25.667,flush_begin,0,0
-25.654,flush_end,0,2686931
-25.638,trivial_move,3,2686933
-25.636,flush_begin,0,0
-25.622,flush_end,0,2686931
-25.607,trivial_move,3,2686930
-25.605,flush_begin,0,0
-25.592,flush_end,0,2686930
-25.576,trivial_move,3,2686931
-25.574,flush_begin,0,0
-25.559,flush_end,0,2686930
-25.544,trivial_move,3,2686931
-25.541,flush_begin,0,0
-25.526,flush_end,0,2686931
-25.511,trivial_move,3,2686930
-25.508,flush_begin,0,0
-25.495,flush_end,0,2686932
-25.479,trivial_move,3,2686932
-25.477,flush_begin,0,0
-25.463,flush_end,0,2686931
-25.447,trivial_move,3,2686930
-25.445,flush_begin,0,0
-25.432,flush_end,0,2686931
-25.416,trivial_move,3,2686931
-25.413,flush_begin,0,0
-25.399,flush_end,0,2686930
-25.384,trivial_move,3,2686931
-25.382,flush_begin,0,0
-25.369,flush_end,0,2686932
-25.353,trivial_move,3,2686931
-25.351,flush_begin,0,0
-25.336,flush_end,0,2686930
-25.321,trivial_move,3,2686931
-25.319,flush_begin,0,0
-25.306,flush_end,0,2686932
-25.290,trivial_move,3,2686931
-25.288,flush_begin,0,0
-25.276,flush_end,0,2686930
-25.260,trivial_move,3,2686930
-25.259,flush_begin,0,0
-25.246,flush_end,0,2686931
-25.231,trivial_move,3,2686932
-25.229,flush_begin,0,0
-25.216,flush_end,0,2686931
-25.201,trivial_move,3,2686930
-25.200,flush_begin,0,0
-25.187,flush_end,0,2686930
-25.172,trivial_move,3,2686932
-25.170,flush_begin,0,0
-25.157,flush_end,0,2686932
-25.142,trivial_move,3,2686930
-25.139,flush_begin,0,0
-25.126,flush_end,0,2686930
-25.111,trivial_move,3,2686930
-25.109,flush_begin,0,0
-25.097,flush_end,0,2686931
-25.081,trivial_move,3,2686932
-25.079,flush_begin,0,0
-25.066,flush_end,0,2686931
-25.051,trivial_move,3,2686930
-25.049,flush_begin,0,0
-25.035,flush_end,0,2686931
-25.020,trivial_move,3,2686932
-25.018,flush_begin,0,0
-25.004,flush_end,0,2686931
-24.989,trivial_move,3,2686930
-24.987,flush_begin,0,0
-24.972,flush_end,0,2686931
-24.956,trivial_move,3,2686932
-24.955,flush_begin,0,0
-24.941,flush_end,0,2686930
-24.926,trivial_move,3,2686931
-24.924,flush_begin,0,0
-24.910,flush_end,0,2686932
-24.895,trivial_move,3,2686931
-24.893,flush_begin,0,0
-24.879,flush_end,0,2686930
-24.864,trivial_move,3,2686931
-24.861,flush_begin,0,0
-24.848,flush_end,0,2686933
-24.831,trivial_move,3,2686931
-24.830,flush_begin,0,0
-24.816,flush_end,0,2686930
-24.801,trivial_move,3,2686930
-24.799,flush_begin,0,0
-24.785,flush_end,0,2686930
-24.770,trivial_move,3,2686932
-24.768,flush_begin,0,0
-24.753,flush_end,0,2686932
-24.738,trivial_move,3,2686930
-24.736,flush_begin,0,0
-24.722,flush_end,0,2686930
-24.707,trivial_move,3,2686931
-24.706,flush_begin,0,0
-24.691,flush_end,0,2686932
-24.675,trivial_move,3,2686931
-24.674,flush_begin,0,0
-24.660,flush_end,0,2686930
-24.644,trivial_move,3,2686930
-24.643,flush_begin,0,0
-24.628,flush_end,0,2686931
-24.612,trivial_move,3,2686932
-24.610,flush_begin,0,0
-24.597,flush_end,0,2686931
-24.581,trivial_move,3,2686930
-24.580,flush_begin,0,0
-24.567,flush_end,0,2686931
-24.551,trivial_move,3,2686932
-24.549,flush_begin,0,0
-24.535,flush_end,0,2686931
-24.519,trivial_move,3,2686930
-24.517,flush_begin,0,0
-24.504,flush_end,0,2686931
-24.488,trivial_move,3,2686931
-24.487,flush_begin,0,0
-24.473,flush_end,0,2686930
-24.457,trivial_move,3,2686931
-24.456,flush_begin,0,0
-24.442,flush_end,0,2686932
-24.426,trivial_move,3,2686931
-24.425,flush_begin,0,0
-24.411,flush_end,0,2686930
-24.395,trivial_move,3,2686931
-24.394,flush_begin,0,0
-24.380,flush_end,0,2686931
-24.364,trivial_move,3,2686930
-24.363,flush_begin,0,0
-24.349,flush_end,0,2686931
-24.333,trivial_move,3,2686930
-24.332,flush_begin,0,0
-24.318,flush_end,0,2686930
-24.301,trivial_move,3,2686931
-24.300,flush_begin,0,0
-24.286,flush_end,0,2686932
-24.270,trivial_move,3,2686932
-24.268,flush_begin,0,0
-24.254,flush_end,0,2686930
-24.238,trivial_move,3,2686931
-24.237,flush_begin,0,0
-24.223,flush_end,0,2686932
-24.208,trivial_move,3,2686931
-24.206,flush_begin,0,0
-24.192,flush_end,0,2686930
-24.176,trivial_move,3,2686930
-24.175,flush_begin,0,0
-24.161,flush_end,0,2686932
-24.146,trivial_move,3,2686932
-24.144,flush_begin,0,0
-24.130,flush_end,0,2686931
-24.115,trivial_move,3,2686930
-24.112,flush_begin,0,0
-24.097,flush_end,0,2686931
-24.081,trivial_move,3,2686932
-24.079,flush_begin,0,0
-24.064,flush_end,0,2686931
-24.049,trivial_move,3,2686930
-24.047,flush_begin,0,0
-24.032,flush_end,0,2686930
-24.017,trivial_move,3,2686931
-24.014,flush_begin,0,0
-23.998,flush_end,0,2686930
-23.983,trivial_move,3,2686931
-23.980,flush_begin,0,0
-23.965,flush_end,0,2686931
-23.950,trivial_move,3,2686930
-23.946,flush_begin,0,0
-23.932,flush_end,0,2686931
-23.917,trivial_move,3,2686932
-23.914,flush_begin,0,0
-23.900,flush_end,0,2686931
-23.883,trivial_move,3,2686930
-23.881,flush_begin,0,0
-23.866,flush_end,0,2686931
-23.849,trivial_move,3,2686931
-23.846,flush_begin,0,0
-23.832,flush_end,0,2686930
-23.817,trivial_move,3,2686931
-23.814,flush_begin,0,0
-23.799,flush_end,0,2686932
-23.784,trivial_move,3,2686931
-23.781,flush_begin,0,0
-23.767,flush_end,0,2686930
-23.752,trivial_move,3,2686931
-23.750,flush_begin,0,0
-23.735,flush_end,0,2686932
-23.720,trivial_move,3,2686931
-23.718,flush_begin,0,0
-23.703,flush_end,0,2686930
-23.688,trivial_move,3,2686930
-23.686,flush_begin,0,0
-23.671,flush_end,0,2686931
-23.656,trivial_move,3,2686932
-23.653,flush_begin,0,0
-23.639,flush_end,0,2686931
-23.624,trivial_move,3,2686930
-23.622,flush_begin,0,0
-23.609,flush_end,0,2686930
-23.592,trivial_move,3,2686933
-23.591,flush_begin,0,0
-23.577,flush_end,0,2686932
-23.562,trivial_move,3,2686930
-23.561,flush_begin,0,0
-23.548,flush_end,0,2686930
-23.531,trivial_move,3,2686930
-23.530,flush_begin,0,0
-23.516,flush_end,0,2686931
-23.500,trivial_move,3,2686932
-23.498,flush_begin,0,0
-23.484,flush_end,0,2686931
-23.469,trivial_move,3,2686930
-23.468,flush_begin,0,0
-23.455,flush_end,0,2686933
-23.439,trivial_move,3,2686932
-23.437,flush_begin,0,0
-23.423,flush_end,0,2686931
-23.407,trivial_move,3,2686930
-23.405,flush_begin,0,0
-23.392,flush_end,0,2686931
-23.376,trivial_move,3,2686931
-23.375,flush_begin,0,0
-23.362,flush_end,0,2686930
-23.345,trivial_move,3,2686931
-23.343,flush_begin,0,0
-23.329,flush_end,0,2686932
-23.312,trivial_move,3,2686931
-23.310,flush_begin,0,0
-23.296,flush_end,0,2686930
-23.280,trivial_move,3,2686931
-23.278,flush_begin,0,0
-23.264,flush_end,0,2686932
-23.248,trivial_move,3,2686931
-23.245,flush_begin,0,0
-23.230,flush_end,0,2686930
-23.215,trivial_move,3,2686930
-23.212,flush_begin,0,0
-23.198,flush_end,0,2686930
-23.182,trivial_move,3,2686932
-23.180,flush_begin,0,0
-23.166,flush_end,0,2686932
-23.150,trivial_move,3,2686930
-23.148,flush_begin,0,0
-23.133,flush_end,0,2686930
-23.118,trivial_move,3,2686931
-23.116,flush_begin,0,0
-23.102,flush_end,0,2686932
-23.086,trivial_move,3,2686931
-23.085,flush_begin,0,0
-23.070,flush_end,0,2686930
-23.055,trivial_move,3,2686930
-23.052,flush_begin,0,0
-23.037,flush_end,0,2686931
-23.021,trivial_move,3,2686932
-23.019,flush_begin,0,0
-23.004,flush_end,0,2686931
-22.988,trivial_move,3,2686930
-22.985,flush_begin,0,0
-22.970,flush_end,0,2686931
-22.954,trivial_move,3,2686932
-22.952,flush_begin,0,0
-22.937,flush_end,0,2686931
-22.921,trivial_move,3,2686930
-22.919,flush_begin,0,0
-22.905,flush_end,0,2686931
-22.889,trivial_move,3,2686932
-22.886,flush_begin,0,0
-22.871,flush_end,0,2686930
-22.856,trivial_move,3,2686931
-22.854,flush_begin,0,0
-22.840,flush_end,0,2686932
-22.825,trivial_move,3,2686931
-22.822,flush_begin,0,0
-22.808,flush_end,0,2686930
-22.787,trivial_move,3,2686931
-22.785,flush_begin,0,0
-22.771,flush_end,0,2686931
-22.755,trivial_move,3,2686930
-22.753,flush_begin,0,0
-22.739,flush_end,0,2686932
-22.724,trivial_move,3,2686930
-22.722,flush_begin,0,0
-22.708,flush_end,0,2686930
-22.691,trivial_move,3,2686931
-22.690,flush_begin,0,0
-22.675,flush_end,0,2686932
-22.659,trivial_move,3,2686931
-22.657,flush_begin,0,0
-22.642,flush_end,0,2686930
-22.627,trivial_move,3,2686931
-22.624,flush_begin,0,0
-22.608,flush_end,0,2686932
-22.592,trivial_move,3,2686931
-22.589,flush_begin,0,0
-22.575,flush_end,0,2686930
-22.560,trivial_move,3,2686930
-22.558,flush_begin,0,0
-22.543,flush_end,0,2686931
-22.527,trivial_move,3,2686932
-22.525,flush_begin,0,0
-22.510,flush_end,0,2686931
-22.493,trivial_move,3,2686930
-22.491,flush_begin,0,0
-22.476,flush_end,0,2686931
-22.459,trivial_move,3,2686932
-22.458,flush_begin,0,0
-22.443,flush_end,0,2686931
-22.427,trivial_move,3,2686930
-22.425,flush_begin,0,0
-22.410,flush_end,0,2686930
-22.393,trivial_move,3,2686931
-22.391,flush_begin,0,0
-22.377,flush_end,0,2686930
-22.361,trivial_move,3,2686931
-22.359,flush_begin,0,0
-22.345,flush_end,0,2686931
-22.329,trivial_move,3,2686930
-22.326,flush_begin,0,0
-22.311,flush_end,0,2686931
-22.294,trivial_move,3,2686932
-22.291,flush_begin,0,0
-22.276,flush_end,0,2686931
-22.260,trivial_move,3,2686930
-22.258,flush_begin,0,0
-22.243,flush_end,0,2686931
-22.226,trivial_move,3,2686931
-22.224,flush_begin,0,0
-22.208,flush_end,0,2686930
-22.191,trivial_move,3,2686931
-22.189,flush_begin,0,0
-22.174,flush_end,0,2686932
-22.157,trivial_move,3,2686933
-22.155,flush_begin,0,0
-22.140,flush_end,0,2686930
-22.124,trivial_move,3,2686931
-22.122,flush_begin,0,0
-22.108,flush_end,0,2686932
-22.091,trivial_move,3,2686931
-22.090,flush_begin,0,0
-22.075,flush_end,0,2686930
-22.060,trivial_move,3,2686930
-22.058,flush_begin,0,0
-22.044,flush_end,0,2686932
-22.025,trivial_move,3,2686932
-22.023,flush_begin,0,0
-22.009,flush_end,0,2686931
-21.994,trivial_move,3,2686930
-21.993,flush_begin,0,0
-21.979,flush_end,0,2686930
-21.963,trivial_move,3,2686932
-21.961,flush_begin,0,0
-21.947,flush_end,0,2686932
-21.931,trivial_move,3,2686930
-21.929,flush_begin,0,0
-21.915,flush_end,0,2686930
-21.899,trivial_move,3,2686930
-21.897,flush_begin,0,0
-21.882,flush_end,0,2686931
-21.865,trivial_move,3,2686932
-21.863,flush_begin,0,0
-21.849,flush_end,0,2686931
-21.833,trivial_move,3,2686930
-21.832,flush_begin,0,0
-21.818,flush_end,0,2686931
-21.802,trivial_move,3,2686932
-21.801,flush_begin,0,0
-21.787,flush_end,0,2686931
-21.772,trivial_move,3,2686930
-21.770,flush_begin,0,0
-21.757,flush_end,0,2686931
-21.740,trivial_move,3,2686931
-21.740,flush_begin,0,0
-21.727,flush_end,0,2686930
-21.711,trivial_move,3,2686931
-21.710,flush_begin,0,0
-21.697,flush_end,0,2686932
-21.681,trivial_move,3,2686931
-21.680,flush_begin,0,0
-21.668,flush_end,0,2686930
-21.651,trivial_move,3,2686931
-21.650,flush_begin,0,0
-21.635,flush_end,0,2686932
-21.619,trivial_move,3,2686931
-21.618,flush_begin,0,0
-21.604,flush_end,0,2686930
-21.588,trivial_move,3,2686930
-21.586,flush_begin,0,0
-21.572,flush_end,0,2686930
-21.556,trivial_move,3,2686932
-21.555,flush_begin,0,0
-21.540,flush_end,0,2686932
-21.523,trivial_move,3,2686930
-21.522,flush_begin,0,0
-21.508,flush_end,0,2686930
-21.492,trivial_move,3,2686931
-21.490,flush_begin,0,0
-21.475,flush_end,0,2686932
-21.458,trivial_move,3,2686932
-21.456,flush_begin,0,0
-21.441,flush_end,0,2686930
-21.425,trivial_move,3,2686930
-21.424,flush_begin,0,0
-21.409,flush_end,0,2686931
-21.393,trivial_move,3,2686932
-21.391,flush_begin,0,0
-21.376,flush_end,0,2686931
-21.360,trivial_move,3,2686930
-21.358,flush_begin,0,0
-21.343,flush_end,0,2686932
-21.327,trivial_move,3,2686932
-21.325,flush_begin,0,0
-21.311,flush_end,0,2686931
-21.295,trivial_move,3,2686930
-21.293,flush_begin,0,0
-21.278,flush_end,0,2686931
-21.262,trivial_move,3,2686931
-21.261,flush_begin,0,0
-21.247,flush_end,0,2686930
-21.231,trivial_move,3,2686931
-21.229,flush_begin,0,0
-21.214,flush_end,0,2686932
-21.198,trivial_move,3,2686931
-21.197,flush_begin,0,0
-21.183,flush_end,0,2686930
-21.167,trivial_move,3,2686931
-21.166,flush_begin,0,0
-21.152,flush_end,0,2686931
-21.136,trivial_move,3,2686930
-21.134,flush_begin,0,0
-21.120,flush_end,0,2686931
-21.104,trivial_move,3,2686930
-21.103,flush_begin,0,0
-21.089,flush_end,0,2686930
-21.072,trivial_move,3,2686931
-21.071,flush_begin,0,0
-21.057,flush_end,0,2686932
-21.041,trivial_move,3,2686931
-21.039,flush_begin,0,0
-21.026,flush_end,0,2686930
-21.010,trivial_move,3,2686931
-21.008,flush_begin,0,0
-20.995,flush_end,0,2686932
-20.979,trivial_move,3,2686931
-20.977,flush_begin,0,0
-20.964,flush_end,0,2686930
-20.949,trivial_move,3,2686930
-20.947,flush_begin,0,0
-20.933,flush_end,0,2686931
-20.917,trivial_move,3,2686932
-20.915,flush_begin,0,0
-20.901,flush_end,0,2686931
-20.885,trivial_move,3,2686930
-20.883,flush_begin,0,0
-20.870,flush_end,0,2686931
-20.854,trivial_move,3,2686932
-20.852,flush_begin,0,0
-20.839,flush_end,0,2686931
-20.823,trivial_move,3,2686930
-20.821,flush_begin,0,0
-20.808,flush_end,0,2686930
-20.792,trivial_move,3,2686932
-20.790,flush_begin,0,0
-20.776,flush_end,0,2686930
-20.760,trivial_move,3,2686931
-20.759,flush_begin,0,0
-20.745,flush_end,0,2686931
-20.729,trivial_move,3,2686930
-20.727,flush_begin,0,0
-20.714,flush_end,0,2686931
-20.698,trivial_move,3,2686932
-20.696,flush_begin,0,0
-20.683,flush_end,0,2686931
-20.667,trivial_move,3,2686930
-20.665,flush_begin,0,0
-20.652,flush_end,0,2686932
-20.636,trivial_move,3,2686931
-20.635,flush_begin,0,0
-20.621,flush_end,0,2686930
-20.606,trivial_move,3,2686931
-20.605,flush_begin,0,0
-20.591,flush_end,0,2686932
-20.575,trivial_move,3,2686931
-20.574,flush_begin,0,0
-20.561,flush_end,0,2686930
-20.545,trivial_move,3,2686931
-20.543,flush_begin,0,0
-20.529,flush_end,0,2686932
-20.513,trivial_move,3,2686931
-20.511,flush_begin,0,0
-20.498,flush_end,0,2686930
-20.482,trivial_move,3,2686930
-20.480,flush_begin,0,0
-20.466,flush_end,0,2686931
-20.451,trivial_move,3,2686932
-20.449,flush_begin,0,0
-20.434,flush_end,0,2686931
-20.418,trivial_move,3,2686930
-20.416,flush_begin,0,0
-20.402,flush_end,0,2686930
-20.386,trivial_move,3,2686932
-20.384,flush_begin,0,0
-20.370,flush_end,0,2686932
-20.354,trivial_move,3,2686930
-20.353,flush_begin,0,0
-20.339,flush_end,0,2686930
-20.323,trivial_move,3,2686930
-20.321,flush_begin,0,0
-20.308,flush_end,0,2686931
-20.291,trivial_move,3,2686932
-20.290,flush_begin,0,0
-20.276,flush_end,0,2686931
-20.260,trivial_move,3,2686930
-20.259,flush_begin,0,0
-20.246,flush_end,0,2686931
-20.230,trivial_move,3,2686932
-20.229,flush_begin,0,0
-20.216,flush_end,0,2686931
-20.199,trivial_move,3,2686930
-20.198,flush_begin,0,0
-20.184,flush_end,0,2686931
-20.169,trivial_move,3,2686931
-20.167,flush_begin,0,0
-20.153,flush_end,0,2686930
-20.138,trivial_move,3,2686931
-20.136,flush_begin,0,0
-20.122,flush_end,0,2686932
-20.106,trivial_move,3,2686932
-20.104,flush_begin,0,0
-20.091,flush_end,0,2686930
-20.074,trivial_move,3,2686931
-20.072,flush_begin,0,0
-20.058,flush_end,0,2686932
-20.042,trivial_move,3,2686931
-20.040,flush_begin,0,0
-20.026,flush_end,0,2686930
-20.010,trivial_move,3,2686930
-20.008,flush_begin,0,0
-19.994,flush_end,0,2686930
-19.978,trivial_move,3,2686932
-19.977,flush_begin,0,0
-19.963,flush_end,0,2686933
-19.947,trivial_move,3,2686930
-19.945,flush_begin,0,0
-19.932,flush_end,0,2686930
-19.916,trivial_move,3,2686931
-19.915,flush_begin,0,0
-19.901,flush_end,0,2686932
-19.885,trivial_move,3,2686931
-19.884,flush_begin,0,0
-19.870,flush_end,0,2686930
-19.854,trivial_move,3,2686930
-19.852,flush_begin,0,0
-19.838,flush_end,0,2686931
-19.822,trivial_move,3,2686932
-19.820,flush_begin,0,0
-19.806,flush_end,0,2686931
-19.791,trivial_move,3,2686930
-19.789,flush_begin,0,0
-19.775,flush_end,0,2686931
-19.759,trivial_move,3,2686932
-19.757,flush_begin,0,0
-19.744,flush_end,0,2686931
-19.728,trivial_move,3,2686930
-19.726,flush_begin,0,0
-19.712,flush_end,0,2686931
-19.696,trivial_move,3,2686931
-19.695,flush_begin,0,0
-19.681,flush_end,0,2686930
-19.665,trivial_move,3,2686931
-19.663,flush_begin,0,0
-19.650,flush_end,0,2686932
-19.635,trivial_move,3,2686931
-19.634,flush_begin,0,0
-19.623,flush_end,0,2686930
-19.607,trivial_move,3,2686931
-19.606,flush_begin,0,0
-19.597,flush_end,0,2686931
-19.580,trivial_move,3,2686930
-19.580,flush_begin,0,0
-19.570,flush_end,0,2686931
-19.553,trivial_move,3,2686930
-19.553,flush_begin,0,0
-19.543,flush_end,0,2686930
-19.526,trivial_move,3,2686931
-19.526,flush_begin,0,0
-19.516,flush_end,0,2686932
-19.500,trivial_move,3,2686931
-19.500,flush_begin,0,0
-19.488,flush_end,0,2686930
-19.473,trivial_move,3,2686931
-19.472,flush_begin,0,0
-19.461,flush_end,0,2686932
-19.444,trivial_move,3,2686932
-19.444,flush_begin,0,0
-19.434,flush_end,0,2686930
-19.417,trivial_move,3,2686930
-19.417,flush_begin,0,0
-19.406,flush_end,0,2686931
-19.388,trivial_move,3,2686932
-19.388,flush_begin,0,0
-19.376,flush_end,0,2686931
-19.360,trivial_move,3,2686930
-19.360,flush_begin,0,0
-19.349,flush_end,0,2686932
-19.332,trivial_move,3,2686932
-19.331,flush_begin,0,0
-19.318,flush_end,0,2686931
-19.301,trivial_move,3,2686930
-19.300,flush_begin,0,0
-19.287,flush_end,0,2686930
-19.271,trivial_move,3,2686931
-19.270,flush_begin,0,0
-19.257,flush_end,0,2686930
-19.241,trivial_move,3,2686931
-19.240,flush_begin,0,0
-19.226,flush_end,0,2686931
-19.209,trivial_move,3,2686930
-19.207,flush_begin,0,0
-19.194,flush_end,0,2686931
-19.178,trivial_move,3,2686932
-19.176,flush_begin,0,0
-19.162,flush_end,0,2686931
-19.146,trivial_move,3,2686930
-19.144,flush_begin,0,0
-19.128,flush_end,0,2686931
-19.111,trivial_move,3,2686931
-19.109,flush_begin,0,0
-19.095,flush_end,0,2686930
-19.079,trivial_move,3,2686931
-19.077,flush_begin,0,0
-19.063,flush_end,0,2686932
-19.046,trivial_move,3,2686931
-19.044,flush_begin,0,0
-19.030,flush_end,0,2686930
-19.013,trivial_move,3,2686931
-19.011,flush_begin,0,0
-18.997,flush_end,0,2686932
-18.981,trivial_move,3,2686931
-18.979,flush_begin,0,0
-18.964,flush_end,0,2686930
-18.948,trivial_move,3,2686930
-18.946,flush_begin,0,0
-18.931,flush_end,0,2686931
-18.914,trivial_move,3,2686932
-18.912,flush_begin,0,0
-18.897,flush_end,0,2686931
-18.881,trivial_move,3,2686930
-18.879,flush_begin,0,0
-18.864,flush_end,0,2686930
-18.848,trivial_move,3,2686932
-18.846,flush_begin,0,0
-18.831,flush_end,0,2686932
-18.815,trivial_move,3,2686930
-18.813,flush_begin,0,0
-18.798,flush_end,0,2686930
-18.782,trivial_move,3,2686930
-18.780,flush_begin,0,0
-18.765,flush_end,0,2686931
-18.749,trivial_move,3,2686933
-18.747,flush_begin,0,0
-18.731,flush_end,0,2686931
-18.714,trivial_move,3,2686930
-18.712,flush_begin,0,0
-18.697,flush_end,0,2686931
-18.681,trivial_move,3,2686932
-18.679,flush_begin,0,0
-18.665,flush_end,0,2686931
-18.649,trivial_move,3,2686930
-18.647,flush_begin,0,0
-18.633,flush_end,0,2686932
-18.617,trivial_move,3,2686931
-18.615,flush_begin,0,0
-18.601,flush_end,0,2686930
-18.585,trivial_move,3,2686931
-18.582,flush_begin,0,0
-18.568,flush_end,0,2686932
-18.552,trivial_move,3,2686931
-18.550,flush_begin,0,0
-18.536,flush_end,0,2686930
-18.520,trivial_move,3,2686931
-18.518,flush_begin,0,0
-18.503,flush_end,0,2686932
-18.487,trivial_move,3,2686931
-18.485,flush_begin,0,0
-18.470,flush_end,0,2686930
-18.454,trivial_move,3,2686930
-18.453,flush_begin,0,0
-18.439,flush_end,0,2686930
-18.423,trivial_move,3,2686932
-18.421,flush_begin,0,0
-18.407,flush_end,0,2686932
-18.391,trivial_move,3,2686930
-18.389,flush_begin,0,0
-18.375,flush_end,0,2686930
-18.359,trivial_move,3,2686931
-18.357,flush_begin,0,0
-18.343,flush_end,0,2686932
-18.326,trivial_move,3,2686931
-18.324,flush_begin,0,0
-18.309,flush_end,0,2686930
-18.293,trivial_move,3,2686930
-18.291,flush_begin,0,0
-18.275,flush_end,0,2686931
-18.259,trivial_move,3,2686932
-18.257,flush_begin,0,0
-18.243,flush_end,0,2686931
-18.226,trivial_move,3,2686930
-18.223,flush_begin,0,0
-18.209,flush_end,0,2686931
-18.193,trivial_move,3,2686932
-18.191,flush_begin,0,0
-18.176,flush_end,0,2686931
-18.160,trivial_move,3,2686930
-18.159,flush_begin,0,0
-18.144,flush_end,0,2686931
-18.128,trivial_move,3,2686931
-18.127,flush_begin,0,0
-18.113,flush_end,0,2686930
-18.098,trivial_move,3,2686931
-18.096,flush_begin,0,0
-18.081,flush_end,0,2686932
-18.064,trivial_move,3,2686932
-18.062,flush_begin,0,0
-18.049,flush_end,0,2686930
-18.033,trivial_move,3,2686931
-18.030,flush_begin,0,0
-18.016,flush_end,0,2686931
-18.000,trivial_move,3,2686930
-17.998,flush_begin,0,0
-17.984,flush_end,0,2686931
-17.968,trivial_move,3,2686930
-17.966,flush_begin,0,0
-17.952,flush_end,0,2686930
-17.935,trivial_move,3,2686931
-17.933,flush_begin,0,0
-17.919,flush_end,0,2686933
-17.903,trivial_move,3,2686931
-17.901,flush_begin,0,0
-17.887,flush_end,0,2686930
-17.871,trivial_move,3,2686931
-17.870,flush_begin,0,0
-17.856,flush_end,0,2686932
-17.839,trivial_move,3,2686931
-17.837,flush_begin,0,0
-17.824,flush_end,0,2686930
-17.808,trivial_move,3,2686930
-17.807,flush_begin,0,0
-17.794,flush_end,0,2686931
-17.778,trivial_move,3,2686932
-17.776,flush_begin,0,0
-17.763,flush_end,0,2686931
-17.746,trivial_move,3,2686930
-17.744,flush_begin,0,0
-17.731,flush_end,0,2686931
-17.715,trivial_move,3,2686932
-17.713,flush_begin,0,0
-17.699,flush_end,0,2686931
-17.683,trivial_move,3,2686930
-17.682,flush_begin,0,0
-17.668,flush_end,0,2686930
-17.652,trivial_move,3,2686931
-17.650,flush_begin,0,0
-17.636,flush_end,0,2686930
-17.620,trivial_move,3,2686931
-17.619,flush_begin,0,0
-17.606,flush_end,0,2686931
-17.590,trivial_move,3,2686930
-17.588,flush_begin,0,0
-17.575,flush_end,0,2686931
-17.559,trivial_move,3,2686932
-17.558,flush_begin,0,0
-17.545,flush_end,0,2686931
-17.529,trivial_move,3,2686930
-17.527,flush_begin,0,0
-17.513,flush_end,0,2686931
-17.497,trivial_move,3,2686931
-17.496,flush_begin,0,0
-17.482,flush_end,0,2686930
-17.466,trivial_move,3,2686931
-17.465,flush_begin,0,0
-17.451,flush_end,0,2686932
-17.435,trivial_move,3,2686931
-17.434,flush_begin,0,0
-17.421,flush_end,0,2686930
-17.405,trivial_move,3,2686931
-17.403,flush_begin,0,0
-17.389,flush_end,0,2686932
-17.373,trivial_move,3,2686932
-17.372,flush_begin,0,0
-17.359,flush_end,0,2686930
-17.343,trivial_move,3,2686930
-17.342,flush_begin,0,0
-17.329,flush_end,0,2686931
-17.313,trivial_move,3,2686932
-17.312,flush_begin,0,0
-17.299,flush_end,0,2686931
-17.283,trivial_move,3,2686930
-17.281,flush_begin,0,0
-17.267,flush_end,0,2686930
-17.251,trivial_move,3,2686932
-17.249,flush_begin,0,0
-17.236,flush_end,0,2686933
-17.220,trivial_move,3,2686930
-17.218,flush_begin,0,0
-17.204,flush_end,0,2686930
-17.188,trivial_move,3,2686930
-17.186,flush_begin,0,0
-17.171,flush_end,0,2686931
-17.155,trivial_move,3,2686932
-17.153,flush_begin,0,0
-17.138,flush_end,0,2686931
-17.122,trivial_move,3,2686930
-17.120,flush_begin,0,0
-17.106,flush_end,0,2686931
-17.090,trivial_move,3,2686932
-17.088,flush_begin,0,0
-17.074,flush_end,0,2686931
-17.058,trivial_move,3,2686930
-17.057,flush_begin,0,0
-17.044,flush_end,0,2686931
-17.028,trivial_move,3,2686931
-17.027,flush_begin,0,0
-17.013,flush_end,0,2686930
-16.996,trivial_move,3,2686931
-16.995,flush_begin,0,0
-16.982,flush_end,0,2686932
-16.966,trivial_move,3,2686931
-16.965,flush_begin,0,0
-16.952,flush_end,0,2686930
-16.936,trivial_move,3,2686931
-16.935,flush_begin,0,0
-16.922,flush_end,0,2686932
-16.906,trivial_move,3,2686931
-16.905,flush_begin,0,0
-16.892,flush_end,0,2686930
-16.876,trivial_move,3,2686930
-16.875,flush_begin,0,0
-16.862,flush_end,0,2686930
-16.846,trivial_move,3,2686932
-16.845,flush_begin,0,0
-16.831,flush_end,0,2686932
-16.815,trivial_move,3,2686930
-16.813,flush_begin,0,0
-16.799,flush_end,0,2686930
-16.783,trivial_move,3,2686931
-16.782,flush_begin,0,0
-16.768,flush_end,0,2686932
-16.751,trivial_move,3,2686931
-16.749,flush_begin,0,0
-16.735,flush_end,0,2686930
-16.718,trivial_move,3,2686930
-16.710,trivial_move,4,2686930
-16.709,flush_begin,0,0
-16.695,flush_end,0,2686931
-16.678,trivial_move,3,2686933
-16.670,trivial_move,4,2686931
-16.669,flush_begin,0,0
-16.654,flush_end,0,2686931
-16.638,trivial_move,3,2686930
-16.630,trivial_move,4,2686931
-16.628,flush_begin,0,0
-16.612,flush_end,0,2686931
-16.596,trivial_move,3,2686932
-16.588,trivial_move,4,2686931
-16.586,flush_begin,0,0
-16.570,flush_end,0,2686931
-16.553,trivial_move,3,2686930
-16.545,trivial_move,4,2686931
-16.543,flush_begin,0,0
-16.526,flush_end,0,2686933
-16.508,trivial_move,3,2686931
-16.501,trivial_move,4,2686930
-16.498,flush_begin,0,0
-16.483,flush_end,0,2686930
-16.470,trivial_move,3,2686931
-16.458,trivial_move,4,2686932
-16.456,flush_begin,0,0
-16.440,flush_end,0,2686932
-16.424,trivial_move,3,2686931
-16.417,trivial_move,4,2686930
-16.415,flush_begin,0,0
-16.399,flush_end,0,2686930
-16.383,trivial_move,3,2686931
-16.375,trivial_move,4,2686932
-16.374,flush_begin,0,0
-16.357,flush_end,0,2686931
-16.340,trivial_move,3,2686930
-16.332,trivial_move,4,2686930
-16.331,flush_begin,0,0
-16.315,flush_end,0,2686931
-16.299,trivial_move,3,2686930
-16.291,trivial_move,4,2686931
-16.289,flush_begin,0,0
-16.274,flush_end,0,2686930
-16.257,trivial_move,3,2686931
-16.249,trivial_move,4,2686931
-16.248,flush_begin,0,0
-16.232,flush_end,0,2686932
-16.215,trivial_move,3,2686931
-16.207,trivial_move,4,2686930
-16.205,flush_begin,0,0
-16.188,flush_end,0,2686930
-16.171,trivial_move,3,2686931
-16.163,trivial_move,4,2686932
-16.161,flush_begin,0,0
-16.143,flush_end,0,2686932
-16.128,trivial_move,3,2686931
-16.120,trivial_move,4,2686930
-16.118,flush_begin,0,0
-16.102,flush_end,0,2686930
-16.085,trivial_move,3,2686930
-16.076,trivial_move,4,2686931
-16.075,flush_begin,0,0
-16.058,flush_end,0,2686931
-16.041,trivial_move,3,2686932
-16.033,trivial_move,4,2686931
-16.031,flush_begin,0,0
-16.015,flush_end,0,2686931
-15.998,trivial_move,3,2686930
-15.990,trivial_move,4,2686931
-15.989,flush_begin,0,0
-15.972,flush_end,0,2686931
-15.955,trivial_move,3,2686932
-15.947,trivial_move,4,2686931
-15.946,flush_begin,0,0
-15.930,flush_end,0,2686931
-15.914,trivial_move,3,2686930
-15.906,trivial_move,4,2686931
-15.905,flush_begin,0,0
-15.888,flush_end,0,2686930
-15.871,trivial_move,3,2686931
-15.863,trivial_move,4,2686930
-15.861,flush_begin,0,0
-15.846,flush_end,0,2686930
-15.829,trivial_move,3,2686931
-15.821,trivial_move,4,2686933
-15.819,flush_begin,0,0
-15.802,flush_end,0,2686931
-15.786,trivial_move,3,2686930
-15.778,trivial_move,4,2686930
-15.776,flush_begin,0,0
-15.760,flush_end,0,2686931
-15.744,trivial_move,3,2686933
-15.736,trivial_move,4,2686932
-15.734,flush_begin,0,0
-15.718,flush_end,0,2686931
-15.701,trivial_move,3,2686930
-15.693,trivial_move,4,2686930
-15.690,flush_begin,0,0
-15.673,flush_end,0,2686931
-15.656,trivial_move,3,2686931
-15.648,trivial_move,4,2686930
-15.646,flush_begin,0,0
-15.628,flush_end,0,2686930
-15.611,trivial_move,3,2686931
-15.603,trivial_move,4,2686932
-15.601,flush_begin,0,0
-15.582,flush_end,0,2686933
-15.565,trivial_move,3,2686931
-15.557,trivial_move,4,2686930
-15.556,flush_begin,0,0
-15.538,flush_end,0,2686930
-15.521,trivial_move,3,2686931
-15.513,trivial_move,4,2686932
-15.513,flush_begin,0,0
-15.495,flush_end,0,2686932
-15.479,trivial_move,3,2686931
-15.471,trivial_move,4,2686930
-15.470,flush_begin,0,0
-15.453,flush_end,0,2686930
-15.436,trivial_move,3,2686930
-15.428,trivial_move,4,2686931
-15.427,flush_begin,0,0
-15.409,flush_end,0,2686931
-15.392,trivial_move,3,2686932
-15.384,trivial_move,4,2686931
-15.383,flush_begin,0,0
-15.365,flush_end,0,2686931
-15.349,trivial_move,3,2686930
-15.341,trivial_move,4,2686931
-15.340,flush_begin,0,0
-15.322,flush_end,0,2686930
-15.305,trivial_move,3,2686932
-15.297,trivial_move,4,2686931
-15.296,flush_begin,0,0
-15.276,flush_end,0,2686932
-15.259,trivial_move,3,2686930
-15.251,trivial_move,4,2686931
-15.251,flush_begin,0,0
-15.233,flush_end,0,2686930
-15.216,trivial_move,3,2686930
-15.208,trivial_move,4,2686930
-15.207,flush_begin,0,0
-15.190,flush_end,0,2686931
-15.173,trivial_move,3,2686932
-15.165,trivial_move,4,2686932
-15.165,flush_begin,0,0
-15.146,flush_end,0,2686931
-15.128,trivial_move,3,2686930
-15.120,trivial_move,4,2686930
-15.120,flush_begin,0,0
-15.101,flush_end,0,2686931
-15.084,trivial_move,3,2686932
-15.076,trivial_move,4,2686931
-15.076,flush_begin,0,0
-15.057,flush_end,0,2686931
-15.040,trivial_move,3,2686930
-15.032,trivial_move,4,2686931
-15.031,flush_begin,0,0
-15.014,flush_end,0,2686931
-14.997,trivial_move,3,2686931
-14.989,trivial_move,4,2686930
-14.989,flush_begin,0,0
-14.971,flush_end,0,2686930
-14.955,trivial_move,3,2686931
-14.947,trivial_move,4,2686932
-14.946,flush_begin,0,0
-14.927,flush_end,0,2686932
-14.911,trivial_move,3,2686931
-14.903,trivial_move,4,2686930
-14.903,flush_begin,0,0
-14.885,flush_end,0,2686930
-14.868,trivial_move,3,2686931
-14.860,trivial_move,4,2686933
-14.860,flush_begin,0,0
-14.842,flush_end,0,2686932
-14.826,trivial_move,3,2686933
-14.818,trivial_move,4,2686930
-14.816,flush_begin,0,0
-14.796,flush_end,0,2686930
-14.779,trivial_move,3,2686930
-14.771,trivial_move,4,2686931
-14.770,flush_begin,0,0
-14.751,flush_end,0,2686930
-14.735,trivial_move,3,2686932
-14.727,trivial_move,4,2686931
-14.727,flush_begin,0,0
-14.708,flush_end,0,2686932
-14.692,trivial_move,3,2686930
-14.683,trivial_move,4,2686931
-14.683,flush_begin,0,0
-14.667,flush_end,0,2686930
-14.649,trivial_move,3,2686931
-14.641,trivial_move,4,2686931
-14.641,flush_begin,0,0
-14.623,flush_end,0,2686933
-14.606,trivial_move,3,2686931
-14.598,trivial_move,4,2686930
-14.597,flush_begin,0,0
-14.580,flush_end,0,2686930
-14.564,trivial_move,3,2686930
-14.556,trivial_move,4,2686930
-14.555,flush_begin,0,0
-14.538,flush_end,0,2686931
-14.521,trivial_move,3,2686932
-14.513,trivial_move,4,2686931
-14.512,flush_begin,0,0
-14.495,flush_end,0,2686931
-14.479,trivial_move,3,2686930
-14.472,trivial_move,4,2686931
-14.471,flush_begin,0,0
-14.456,flush_end,0,2686931
-14.440,trivial_move,3,2686932
-14.432,trivial_move,4,2686931
-14.431,flush_begin,0,0
-14.416,flush_end,0,2686931
-14.400,trivial_move,3,2686930
-14.392,trivial_move,4,2686931
-14.390,flush_begin,0,0
-14.376,flush_end,0,2686931
-14.360,trivial_move,3,2686931
-14.352,trivial_move,4,2686930
-14.351,flush_begin,0,0
-14.336,flush_end,0,2686930
-14.320,trivial_move,3,2686931
-14.312,trivial_move,4,2686932
-14.310,flush_begin,0,0
-14.294,flush_end,0,2686932
-14.278,trivial_move,3,2686931
-14.270,trivial_move,4,2686930
-14.269,flush_begin,0,0
-14.253,flush_end,0,2686930
-14.237,trivial_move,3,2686931
-14.229,trivial_move,4,2686932
-14.228,flush_begin,0,0
-14.210,flush_end,0,2686931
-14.194,trivial_move,3,2686930
-14.186,trivial_move,4,2686930
-14.184,flush_begin,0,0
-14.168,flush_end,0,2686931
-14.152,trivial_move,3,2686930
-14.144,trivial_move,4,2686931
-14.143,flush_begin,0,0
-14.128,flush_end,0,2686930
-14.112,trivial_move,3,2686931
-14.104,trivial_move,4,2686931
-14.103,flush_begin,0,0
-14.088,flush_end,0,2686932
-14.072,trivial_move,3,2686931
-14.064,trivial_move,4,2686930
-14.063,flush_begin,0,0
-14.048,flush_end,0,2686930
-14.032,trivial_move,3,2686931
-14.024,trivial_move,4,2686932
-14.023,flush_begin,0,0
-14.008,flush_end,0,2686932
-13.992,trivial_move,3,2686931
-13.984,trivial_move,4,2686930
-13.984,flush_begin,0,0
-13.968,flush_end,0,2686930
-13.951,trivial_move,3,2686930
-13.943,trivial_move,4,2686932
-13.941,flush_begin,0,0
-13.925,flush_end,0,2686931
-13.909,trivial_move,3,2686933
-13.901,trivial_move,4,2686931
-13.900,flush_begin,0,0
-13.884,flush_end,0,2686931
-13.868,trivial_move,3,2686930
-13.860,trivial_move,4,2686931
-13.858,flush_begin,0,0
-13.842,flush_end,0,2686931
-13.825,trivial_move,3,2686932
-13.817,trivial_move,4,2686931
-13.816,flush_begin,0,0
-13.799,flush_end,0,2686931
-13.783,trivial_move,3,2686930
-13.775,trivial_move,4,2686931
-13.773,flush_begin,0,0
-13.757,flush_end,0,2686930
-13.740,trivial_move,3,2686931
-13.732,trivial_move,4,2686930
-13.730,flush_begin,0,0
-13.713,flush_end,0,2686930
-13.697,trivial_move,3,2686931
-13.689,trivial_move,4,2686932
-13.687,flush_begin,0,0
-13.671,flush_end,0,2686931
-13.655,trivial_move,3,2686930
-13.647,trivial_move,4,2686930
-13.646,flush_begin,0,0
-13.627,flush_end,0,2686931
-13.610,trivial_move,3,2686932
-13.602,trivial_move,4,2686932
-13.600,flush_begin,0,0
-13.584,flush_end,0,2686931
-13.566,trivial_move,3,2686930
-13.558,trivial_move,4,2686930
-13.556,flush_begin,0,0
-13.540,flush_end,0,2686931
-13.523,trivial_move,3,2686931
-13.515,trivial_move,4,2686930
-13.513,flush_begin,0,0
-13.495,flush_end,0,2686930
-13.479,trivial_move,3,2686931
-13.471,trivial_move,4,2686932
-13.469,flush_begin,0,0
-13.451,flush_end,0,2686932
-13.434,trivial_move,3,2686931
-13.426,trivial_move,4,2686930
-13.424,flush_begin,0,0
-13.408,flush_end,0,2686930
-13.392,trivial_move,3,2686931
-13.384,trivial_move,4,2686932
-13.381,flush_begin,0,0
-13.364,flush_end,0,2686932
-13.347,trivial_move,3,2686931
-13.339,trivial_move,4,2686930
-13.336,flush_begin,0,0
-13.319,flush_end,0,2686930
-13.301,trivial_move,3,2686930
-13.293,trivial_move,4,2686931
-13.292,flush_begin,0,0
-13.273,flush_end,0,2686931
-13.256,trivial_move,3,2686932
-13.248,trivial_move,4,2686931
-13.246,flush_begin,0,0
-13.229,flush_end,0,2686931
-13.212,trivial_move,3,2686930
-13.204,trivial_move,4,2686931
-13.203,flush_begin,0,0
-13.187,flush_end,0,2686930
-13.169,trivial_move,3,2686932
-13.161,trivial_move,4,2686931
-13.160,flush_begin,0,0
-13.142,flush_end,0,2686932
-13.125,trivial_move,3,2686930
-13.117,trivial_move,4,2686931
-13.116,flush_begin,0,0
-13.100,flush_end,0,2686930
-13.083,trivial_move,3,2686930
-13.075,trivial_move,4,2686930
-13.073,flush_begin,0,0
-13.057,flush_end,0,2686931
-13.040,trivial_move,3,2686932
-13.031,trivial_move,4,2686933
-13.030,flush_begin,0,0
-13.013,flush_end,0,2686931
-12.996,trivial_move,3,2686930
-12.988,trivial_move,4,2686930
-12.985,flush_begin,0,0
-12.967,flush_end,0,2686931
-12.950,trivial_move,3,2686933
-12.942,trivial_move,4,2686931
-12.940,flush_begin,0,0
-12.924,flush_end,0,2686931
-12.907,trivial_move,3,2686930
-12.899,trivial_move,4,2686931
-12.898,flush_begin,0,0
-12.881,flush_end,0,2686931
-12.864,trivial_move,3,2686931
-12.856,trivial_move,4,2686930
-12.855,flush_begin,0,0
-12.837,flush_end,0,2686930
-12.819,trivial_move,3,2686931
-12.811,trivial_move,4,2686932
-12.810,flush_begin,0,0
-12.791,flush_end,0,2686933
-12.773,trivial_move,3,2686931
-12.765,trivial_move,4,2686930
-12.764,flush_begin,0,0
-12.746,flush_end,0,2686930
-12.729,trivial_move,3,2686931
-12.721,trivial_move,4,2686932
-12.719,flush_begin,0,0
-12.700,flush_end,0,2686932
-12.683,trivial_move,3,2686931
-12.675,trivial_move,4,2686930
-12.675,flush_begin,0,0
-12.655,flush_end,0,2686930
-12.638,trivial_move,3,2686930
-12.630,trivial_move,4,2686931
-12.628,flush_begin,0,0
-12.610,flush_end,0,2686930
-12.594,trivial_move,3,2686932
-12.586,trivial_move,4,2686931
-12.586,flush_begin,0,0
-12.567,flush_end,0,2686932
-12.550,trivial_move,3,2686930
-12.542,trivial_move,4,2686931
-12.542,flush_begin,0,0
-12.524,flush_end,0,2686930
-12.507,trivial_move,3,2686931
-12.499,trivial_move,4,2686931
-12.499,flush_begin,0,0
-12.480,flush_end,0,2686932
-12.464,trivial_move,3,2686931
-12.456,trivial_move,4,2686930
-12.456,flush_begin,0,0
-12.439,flush_end,0,2686930
-12.423,trivial_move,3,2686930
-12.415,trivial_move,4,2686930
-12.413,flush_begin,0,0
-12.396,flush_end,0,2686931
-12.380,trivial_move,3,2686932
-12.372,trivial_move,4,2686931
-12.370,flush_begin,0,0
-12.354,flush_end,0,2686931
-12.337,trivial_move,3,2686930
-12.329,trivial_move,4,2686931
-12.327,flush_begin,0,0
-12.311,flush_end,0,2686931
-12.293,trivial_move,3,2686932
-12.285,trivial_move,4,2686931
-12.285,flush_begin,0,0
-12.268,flush_end,0,2686931
-12.251,trivial_move,3,2686930
-12.243,trivial_move,4,2686931
-12.242,flush_begin,0,0
-12.224,flush_end,0,2686931
-12.207,trivial_move,3,2686931
-12.199,trivial_move,4,2686930
-12.198,flush_begin,0,0
-12.180,flush_end,0,2686930
-12.163,trivial_move,3,2686931
-12.155,trivial_move,4,2686932
-12.155,flush_begin,0,0
-12.137,flush_end,0,2686932
-12.120,trivial_move,3,2686931
-12.112,trivial_move,4,2686930
-12.112,flush_begin,0,0
-12.095,flush_end,0,2686930
-12.078,trivial_move,3,2686931
-12.070,trivial_move,4,2686933
-12.068,flush_begin,0,0
-12.052,flush_end,0,2686931
-12.036,trivial_move,3,2686930
-12.028,trivial_move,4,2686930
-12.027,flush_begin,0,0
-12.010,flush_end,0,2686931
-11.993,trivial_move,3,2686930
-11.985,trivial_move,4,2686931
-11.982,flush_begin,0,0
-11.966,flush_end,0,2686930
-11.949,trivial_move,3,2686931
-11.941,trivial_move,4,2686931
-11.939,flush_begin,0,0
-11.923,flush_end,0,2686932
-11.906,trivial_move,3,2686931
-11.898,trivial_move,4,2686930
-11.897,flush_begin,0,0
-11.880,flush_end,0,2686930
-11.863,trivial_move,3,2686931
-11.855,trivial_move,4,2686932
-11.853,flush_begin,0,0
-11.837,flush_end,0,2686933
-11.820,trivial_move,3,2686931
-11.812,trivial_move,4,2686930
-11.810,flush_begin,0,0
-11.793,flush_end,0,2686930
-11.777,trivial_move,3,2686930
-11.769,trivial_move,4,2686931
-11.767,flush_begin,0,0
-11.751,flush_end,0,2686931
-11.734,trivial_move,3,2686932
-11.726,trivial_move,4,2686931
-11.724,flush_begin,0,0
-11.708,flush_end,0,2686931
-11.691,trivial_move,3,2686930
-11.683,trivial_move,4,2686931
-11.681,flush_begin,0,0
-11.663,flush_end,0,2686931
-11.646,trivial_move,3,2686932
-11.638,trivial_move,4,2686931
-11.636,flush_begin,0,0
-11.619,flush_end,0,2686931
-11.602,trivial_move,3,2686930
-11.594,trivial_move,4,2686931
-11.592,flush_begin,0,0
-11.574,flush_end,0,2686930
-11.557,trivial_move,3,2686931
-11.549,trivial_move,4,2686930
-11.548,flush_begin,0,0
-11.530,flush_end,0,2686930
-11.513,trivial_move,3,2686931
-11.505,trivial_move,4,2686932
-11.504,flush_begin,0,0
-11.487,flush_end,0,2686931
-11.470,trivial_move,3,2686930
-11.462,trivial_move,4,2686930
-11.461,flush_begin,0,0
-11.444,flush_end,0,2686931
-11.427,trivial_move,3,2686932
-11.419,trivial_move,4,2686932
-11.417,flush_begin,0,0
-11.400,flush_end,0,2686931
-11.383,trivial_move,3,2686930
-11.375,trivial_move,4,2686930
-11.373,flush_begin,0,0
-11.357,flush_end,0,2686931
-11.340,trivial_move,3,2686931
-11.332,trivial_move,4,2686930
-11.330,flush_begin,0,0
-11.313,flush_end,0,2686930
-11.297,trivial_move,3,2686931
-11.289,trivial_move,4,2686932
-11.287,flush_begin,0,0
-11.270,flush_end,0,2686932
-11.253,trivial_move,3,2686931
-11.245,trivial_move,4,2686930
-11.244,flush_begin,0,0
-11.228,flush_end,0,2686930
-11.211,trivial_move,3,2686931
-11.203,trivial_move,4,2686932
-11.201,flush_begin,0,0
-11.183,flush_end,0,2686932
-11.167,trivial_move,3,2686931
-11.159,trivial_move,4,2686930
-11.158,flush_begin,0,0
-11.145,flush_end,0,2686930
-11.130,trivial_move,3,2686930
-11.122,trivial_move,4,2686932
-11.122,flush_begin,0,0
-11.111,flush_end,0,2686931
-11.095,trivial_move,3,2686933
-11.087,trivial_move,4,2686931
-11.087,flush_begin,0,0
-11.075,flush_end,0,2686931
-11.059,trivial_move,3,2686930
-11.059,flush_begin,0,0
-11.047,flush_end,0,2686930
-11.031,trivial_move,3,2686932
-11.023,trivial_move,4,2686931
-11.023,flush_begin,0,0
-11.010,flush_end,0,2686932
-10.993,trivial_move,3,2686930
-10.984,trivial_move,4,2686931
-10.976,trivial_move,4,2686931
-10.976,flush_begin,0,0
-10.962,flush_end,0,2686930
-10.945,trivial_move,3,2686930
-10.937,trivial_move,4,2686930
-10.937,flush_begin,0,0
-10.922,flush_end,0,2686932
-10.905,trivial_move,3,2686932
-10.897,trivial_move,4,2686932
-10.896,flush_begin,0,0
-10.879,flush_end,0,2686931
-10.862,trivial_move,3,2686930
-10.854,trivial_move,4,2686930
-10.853,flush_begin,0,0
-10.836,flush_end,0,2686931
-10.819,trivial_move,3,2686932
-10.811,trivial_move,4,2686931
-10.809,flush_begin,0,0
-10.793,flush_end,0,2686931
-10.776,trivial_move,3,2686930
-10.768,trivial_move,4,2686931
-10.767,flush_begin,0,0
-10.751,flush_end,0,2686931
-10.734,trivial_move,3,2686931
-10.726,trivial_move,4,2686930
-10.723,flush_begin,0,0
-10.706,flush_end,0,2686930
-10.689,trivial_move,3,2686931
-10.681,trivial_move,4,2686932
-10.679,flush_begin,0,0
-10.662,flush_end,0,2686932
-10.645,trivial_move,3,2686931
-10.637,trivial_move,4,2686930
-10.635,flush_begin,0,0
-10.615,flush_end,0,2686930
-10.598,trivial_move,3,2686931
-10.590,trivial_move,4,2686932
-10.588,flush_begin,0,0
-10.571,flush_end,0,2686932
-10.558,trivial_move,3,2686931
-10.546,trivial_move,4,2686930
-10.544,flush_begin,0,0
-10.527,flush_end,0,2686930
-10.510,trivial_move,3,2686930
-10.502,trivial_move,4,2686931
-10.500,flush_begin,0,0
-10.484,flush_end,0,2686930
-10.467,trivial_move,3,2686932
-10.459,trivial_move,4,2686931
-10.457,flush_begin,0,0
-10.441,flush_end,0,2686932
-10.424,trivial_move,3,2686930
-10.416,trivial_move,4,2686931
-10.414,flush_begin,0,0
-10.398,flush_end,0,2686930
-10.381,trivial_move,3,2686931
-10.373,trivial_move,4,2686931
-10.371,flush_begin,0,0
-10.355,flush_end,0,2686932
-10.338,trivial_move,3,2686931
-10.330,trivial_move,4,2686930
-10.327,flush_begin,0,0
-10.310,flush_end,0,2686930
-10.293,trivial_move,3,2686930
-10.285,trivial_move,4,2686930
-10.283,flush_begin,0,0
-10.267,flush_end,0,2686931
-10.250,trivial_move,3,2686932
-10.242,trivial_move,4,2686931
-10.239,flush_begin,0,0
-10.223,flush_end,0,2686931
-10.206,trivial_move,3,2686930
-10.198,trivial_move,4,2686932
-10.197,flush_begin,0,0
-10.179,flush_end,0,2686931
-10.162,trivial_move,3,2686933
-10.154,trivial_move,4,2686931
-10.153,flush_begin,0,0
-10.133,flush_end,0,2686931
-10.116,trivial_move,3,2686930
-10.108,trivial_move,4,2686931
-10.107,flush_begin,0,0
-10.089,flush_end,0,2686931
-10.072,trivial_move,3,2686931
-10.064,trivial_move,4,2686930
-10.062,flush_begin,0,0
-10.043,flush_end,0,2686930
-10.026,trivial_move,3,2686931
-10.018,trivial_move,4,2686932
-10.017,flush_begin,0,0
-9.999,flush_end,0,2686933
-9.982,trivial_move,3,2686931
-9.974,trivial_move,4,2686930
-9.973,flush_begin,0,0
-9.954,flush_end,0,2686930
-9.937,trivial_move,3,2686931
-9.929,trivial_move,4,2686932
-9.929,flush_begin,0,0
-9.909,flush_end,0,2686931
-9.892,trivial_move,3,2686930
-9.884,trivial_move,4,2686930
-9.883,flush_begin,0,0
-9.866,flush_end,0,2686931
-9.849,trivial_move,3,2686930
-9.841,trivial_move,4,2686931
-9.840,flush_begin,0,0
-9.822,flush_end,0,2686930
-9.806,trivial_move,3,2686931
-9.798,trivial_move,4,2686931
-9.797,flush_begin,0,0
-9.777,flush_end,0,2686932
-9.759,trivial_move,3,2686931
-9.751,trivial_move,4,2686930
-9.750,flush_begin,0,0
-9.731,flush_end,0,2686930
-9.714,trivial_move,3,2686931
-9.706,trivial_move,4,2686932
-9.705,flush_begin,0,0
-9.686,flush_end,0,2686932
-9.670,trivial_move,3,2686931
-9.662,trivial_move,4,2686930
-9.662,flush_begin,0,0
-9.644,flush_end,0,2686930
-9.627,trivial_move,3,2686930
-9.619,trivial_move,4,2686931
-9.619,flush_begin,0,0
-9.600,flush_end,0,2686931
-9.583,trivial_move,3,2686932
-9.575,trivial_move,4,2686931
-9.575,flush_begin,0,0
-9.558,flush_end,0,2686931
-9.540,trivial_move,3,2686930
-9.532,trivial_move,4,2686931
-9.531,flush_begin,0,0
-9.514,flush_end,0,2686931
-9.497,trivial_move,3,2686932
-9.489,trivial_move,4,2686931
-9.487,flush_begin,0,0
-9.468,flush_end,0,2686931
-9.452,trivial_move,3,2686930
-9.443,trivial_move,4,2686931
-9.441,flush_begin,0,0
-9.426,flush_end,0,2686930
-9.409,trivial_move,3,2686931
-9.401,trivial_move,4,2686930
-9.400,flush_begin,0,0
-9.384,flush_end,0,2686930
-9.368,trivial_move,3,2686931
-9.360,trivial_move,4,2686932
-9.358,flush_begin,0,0
-9.342,flush_end,0,2686931
-9.326,trivial_move,3,2686930
-9.318,trivial_move,4,2686930
-9.315,flush_begin,0,0
-9.299,flush_end,0,2686931
-9.282,trivial_move,3,2686932
-9.274,trivial_move,4,2686933
-9.272,flush_begin,0,0
-9.256,flush_end,0,2686931
-9.239,trivial_move,3,2686930
-9.231,trivial_move,4,2686930
-9.229,flush_begin,0,0
-9.214,flush_end,0,2686931
-9.197,trivial_move,3,2686932
-9.188,trivial_move,4,2686930
-9.186,flush_begin,0,0
-9.169,flush_end,0,2686930
-9.152,trivial_move,3,2686931
-9.144,trivial_move,4,2686932
-9.143,flush_begin,0,0
-9.128,flush_end,0,2686932
-9.112,trivial_move,3,2686931
-9.104,trivial_move,4,2686930
-9.103,flush_begin,0,0
-9.089,flush_end,0,2686930
-9.072,trivial_move,3,2686931
-9.064,trivial_move,4,2686932
-9.062,flush_begin,0,0
-9.047,flush_end,0,2686933
-9.031,trivial_move,3,2686931
-9.023,trivial_move,4,2686930
-9.021,flush_begin,0,0
-9.005,flush_end,0,2686930
-8.988,trivial_move,3,2686930
-8.980,trivial_move,4,2686931
-8.980,flush_begin,0,0
-8.964,flush_end,0,2686931
-8.947,trivial_move,3,2686932
-8.939,trivial_move,4,2686931
-8.938,flush_begin,0,0
-8.922,flush_end,0,2686931
-8.905,trivial_move,3,2686930
-8.897,trivial_move,4,2686931
-8.894,flush_begin,0,0
-8.876,flush_end,0,2686930
-8.859,trivial_move,3,2686932
-8.851,trivial_move,4,2686931
-8.849,flush_begin,0,0
-8.832,flush_end,0,2686932
-8.816,trivial_move,3,2686930
-8.807,trivial_move,4,2686931
-8.805,flush_begin,0,0
-8.788,flush_end,0,2686930
-8.771,trivial_move,3,2686930
-8.763,trivial_move,4,2686930
-8.761,flush_begin,0,0
-8.745,flush_end,0,2686931
-8.728,trivial_move,3,2686932
-8.720,trivial_move,4,2686932
-8.718,flush_begin,0,0
-8.701,flush_end,0,2686931
-8.684,trivial_move,3,2686930
-8.676,trivial_move,4,2686930
-8.674,flush_begin,0,0
-8.658,flush_end,0,2686931
-8.641,trivial_move,3,2686932
-8.633,trivial_move,4,2686931
-8.631,flush_begin,0,0
-8.615,flush_end,0,2686931
-8.598,trivial_move,3,2686930
-8.590,trivial_move,4,2686931
-8.589,flush_begin,0,0
-8.572,flush_end,0,2686931
-8.555,trivial_move,3,2686931
-8.547,trivial_move,4,2686930
-8.546,flush_begin,0,0
-8.530,flush_end,0,2686930
-8.513,trivial_move,3,2686931
-8.505,trivial_move,4,2686932
-8.503,flush_begin,0,0
-8.488,flush_end,0,2686932
-8.471,trivial_move,3,2686931
-8.463,trivial_move,4,2686930
-8.462,flush_begin,0,0
-8.446,flush_end,0,2686930
-8.430,trivial_move,3,2686931
-8.422,trivial_move,4,2686932
-8.421,flush_begin,0,0
-8.405,flush_end,0,2686932
-8.388,trivial_move,3,2686931
-8.380,trivial_move,4,2686930
-8.378,flush_begin,0,0
-8.362,flush_end,0,2686930
-8.345,trivial_move,3,2686930
-8.337,trivial_move,4,2686932
-8.335,flush_begin,0,0
-8.318,flush_end,0,2686930
-8.301,trivial_move,3,2686933
-8.293,trivial_move,4,2686931
-8.292,flush_begin,0,0
-8.275,flush_end,0,2686932
-8.258,trivial_move,3,2686930
-8.250,trivial_move,4,2686931
-8.248,flush_begin,0,0
-8.232,flush_end,0,2686930
-8.215,trivial_move,3,2686931
-8.207,trivial_move,4,2686931
-8.205,flush_begin,0,0
-8.188,flush_end,0,2686932
-8.171,trivial_move,3,2686931
-8.163,trivial_move,4,2686930
-8.160,flush_begin,0,0
-8.144,flush_end,0,2686930
-8.127,trivial_move,3,2686930
-8.119,trivial_move,4,2686930
-8.116,flush_begin,0,0
-8.099,flush_end,0,2686932
-8.082,trivial_move,3,2686932
-8.074,trivial_move,4,2686931
-8.072,flush_begin,0,0
-8.056,flush_end,0,2686931
-8.039,trivial_move,3,2686930
-8.031,trivial_move,4,2686931
-8.029,flush_begin,0,0
-8.014,flush_end,0,2686931
-7.996,trivial_move,3,2686932
-7.988,trivial_move,4,2686931
-7.986,flush_begin,0,0
-7.970,flush_end,0,2686931
-7.953,trivial_move,3,2686930
-7.945,trivial_move,4,2686931
-7.943,flush_begin,0,0
-7.927,flush_end,0,2686931
-7.910,trivial_move,3,2686931
-7.902,trivial_move,4,2686930
-7.900,flush_begin,0,0
-7.883,flush_end,0,2686930
-7.867,trivial_move,3,2686931
-7.859,trivial_move,4,2686932
-7.857,flush_begin,0,0
-7.841,flush_end,0,2686932
-7.824,trivial_move,3,2686931
-7.816,trivial_move,4,2686930
-7.814,flush_begin,0,0
-7.798,flush_end,0,2686930
-7.781,trivial_move,3,2686931
-7.773,trivial_move,4,2686932
-7.771,flush_begin,0,0
-7.755,flush_end,0,2686931
-7.738,trivial_move,3,2686930
-7.730,trivial_move,4,2686930
-7.727,flush_begin,0,0
-7.710,flush_end,0,2686931
-7.693,trivial_move,3,2686930
-7.685,trivial_move,4,2686931
-7.682,flush_begin,0,0
-7.664,flush_end,0,2686930
-7.648,trivial_move,3,2686931
-7.640,trivial_move,4,2686931
-7.637,flush_begin,0,0
-7.619,flush_end,0,2686932
-7.602,trivial_move,3,2686931
-7.594,trivial_move,4,2686930
-7.592,flush_begin,0,0
-7.573,flush_end,0,2686930
-7.556,trivial_move,3,2686931
-7.548,trivial_move,4,2686932
-7.546,flush_begin,0,0
-7.528,flush_end,0,2686932
-7.511,trivial_move,3,2686931
-7.503,trivial_move,4,2686930
-7.502,flush_begin,0,0
-7.483,flush_end,0,2686930
-7.466,trivial_move,3,2686930
-7.458,trivial_move,4,2686931
-7.457,flush_begin,0,0
-7.437,flush_end,0,2686931
-7.379,trivial_move,3,2686932
-7.371,trivial_move,4,2686931
-7.371,flush_begin,0,0
-7.359,flush_end,0,2686931
-7.343,trivial_move,3,2686930
-7.335,trivial_move,4,2686933
-7.334,flush_begin,0,0
-7.315,flush_end,0,2686931
-7.297,trivial_move,3,2686933
-7.289,trivial_move,4,2686931
-7.283,flush_begin,0,0
-7.255,flush_end,0,2686931
-7.238,trivial_move,3,2686930
-7.230,trivial_move,4,2686931
-7.228,flush_begin,0,0
-7.206,flush_end,0,2686930
-7.190,trivial_move,3,2686931
-7.182,trivial_move,4,2686930
-7.181,flush_begin,0,0
-7.161,flush_end,0,2686930
-7.144,trivial_move,3,2686931
-7.136,trivial_move,4,2686932
-7.134,flush_begin,0,0
-7.114,flush_end,0,2686931
-7.096,trivial_move,3,2686930
-7.088,trivial_move,4,2686930
-7.086,flush_begin,0,0
-7.067,flush_end,0,2686933
-7.050,trivial_move,3,2686932
-7.042,trivial_move,4,2686932
-7.040,flush_begin,0,0
-7.021,flush_end,0,2686931
-7.004,trivial_move,3,2686930
-6.996,trivial_move,4,2686930
-6.995,flush_begin,0,0
-6.976,flush_end,0,2686931
-6.959,trivial_move,3,2686931
-6.951,trivial_move,4,2686930
-6.950,flush_begin,0,0
-6.931,flush_end,0,2686930
-6.916,trivial_move,3,2686931
-6.908,trivial_move,4,2686932
-6.907,flush_begin,0,0
-6.888,flush_end,0,2686932
-6.871,trivial_move,3,2686931
-6.863,trivial_move,4,2686930
-6.862,flush_begin,0,0
-6.843,flush_end,0,2686930
-6.825,trivial_move,3,2686931
-6.817,trivial_move,4,2686932
-6.817,flush_begin,0,0
-6.798,flush_end,0,2686932
-6.781,trivial_move,3,2686931
-6.772,trivial_move,4,2686930
-6.772,flush_begin,0,0
-6.753,flush_end,0,2686930
-6.736,trivial_move,3,2686930
-6.727,trivial_move,4,2686931
-6.727,flush_begin,0,0
-6.710,flush_end,0,2686931
-6.693,trivial_move,3,2686932
-6.685,trivial_move,4,2686931
-6.684,flush_begin,0,0
-6.666,flush_end,0,2686931
-6.649,trivial_move,3,2686930
-6.641,trivial_move,4,2686931
-6.640,flush_begin,0,0
-6.620,flush_end,0,2686930
-6.603,trivial_move,3,2686932
-6.595,trivial_move,4,2686931
-6.594,flush_begin,0,0
-6.576,flush_end,0,2686932
-6.559,trivial_move,3,2686930
-6.551,trivial_move,4,2686931
-6.550,flush_begin,0,0
-6.530,flush_end,0,2686930
-6.513,trivial_move,3,2686930
-6.505,trivial_move,4,2686930
-6.503,flush_begin,0,0
-6.485,flush_end,0,2686931
-6.469,trivial_move,3,2686932
-6.461,trivial_move,4,2686932
-6.460,flush_begin,0,0
-6.443,flush_end,0,2686931
-6.426,trivial_move,3,2686930
-6.418,trivial_move,4,2686930
-6.416,flush_begin,0,0
-6.398,flush_end,0,2686931
-6.381,trivial_move,3,2686932
-6.373,trivial_move,4,2686931
-6.372,flush_begin,0,0
-6.355,flush_end,0,2686931
-6.338,trivial_move,3,2686930
-6.330,trivial_move,4,2686932
-6.329,flush_begin,0,0
-6.311,flush_end,0,2686931
-6.294,trivial_move,3,2686932
-6.286,trivial_move,4,2686930
-6.285,flush_begin,0,0
-6.268,flush_end,0,2686930
-6.251,trivial_move,3,2686931
-6.242,trivial_move,4,2686932
-6.242,flush_begin,0,0
-6.226,flush_end,0,2686932
-6.209,trivial_move,3,2686931
-6.201,trivial_move,4,2686930
-6.200,flush_begin,0,0
-6.184,flush_end,0,2686930
-6.168,trivial_move,3,2686931
-6.160,trivial_move,4,2686932
-6.158,flush_begin,0,0
-6.144,flush_end,0,2686933
-6.127,trivial_move,3,2686931
-6.119,trivial_move,4,2686930
-6.118,flush_begin,0,0
-6.104,flush_end,0,2686930
-6.087,trivial_move,3,2686930
-6.079,trivial_move,4,2686931
-6.078,flush_begin,0,0
-6.063,flush_end,0,2686930
-6.046,trivial_move,3,2686932
-6.038,trivial_move,4,2686931
-6.037,flush_begin,0,0
-6.022,flush_end,0,2686932
-6.006,trivial_move,3,2686930
-5.998,trivial_move,4,2686931
-5.997,flush_begin,0,0
-5.981,flush_end,0,2686930
-5.965,trivial_move,3,2686931
-5.957,trivial_move,4,2686931
-5.956,flush_begin,0,0
-5.939,flush_end,0,2686932
-5.922,trivial_move,3,2686931
-5.914,trivial_move,4,2686930
-5.913,flush_begin,0,0
-5.897,flush_end,0,2686930
-5.880,trivial_move,3,2686930
-5.872,trivial_move,4,2686930
-5.870,flush_begin,0,0
-5.854,flush_end,0,2686931
-5.837,trivial_move,3,2686932
-5.829,trivial_move,4,2686931
-5.828,flush_begin,0,0
-5.811,flush_end,0,2686931
-5.794,trivial_move,3,2686930
-5.786,trivial_move,4,2686931
-5.784,flush_begin,0,0
-5.767,flush_end,0,2686931
-5.750,trivial_move,3,2686932
-5.742,trivial_move,4,2686931
-5.740,flush_begin,0,0
-5.720,flush_end,0,2686931
-5.704,trivial_move,3,2686930
-5.696,trivial_move,4,2686931
-5.694,flush_begin,0,0
-5.676,flush_end,0,2686931
-5.659,trivial_move,3,2686931
-5.651,trivial_move,4,2686930
-5.651,flush_begin,0,0
-5.631,flush_end,0,2686930
-5.614,trivial_move,3,2686931
-5.606,trivial_move,4,2686932
-5.604,flush_begin,0,0
-5.585,flush_end,0,2686932
-5.568,trivial_move,3,2686931
-5.560,trivial_move,4,2686930
-5.559,flush_begin,0,0
-5.541,flush_end,0,2686930
-5.524,trivial_move,3,2686931
-5.516,trivial_move,4,2686932
-5.515,flush_begin,0,0
-5.496,flush_end,0,2686931
-5.479,trivial_move,3,2686930
-5.471,trivial_move,4,2686930
-5.470,flush_begin,0,0
-5.452,flush_end,0,2686931
-5.435,trivial_move,3,2686930
-5.427,trivial_move,4,2686932
-5.426,flush_begin,0,0
-5.410,flush_end,0,2686930
-5.393,trivial_move,3,2686931
-5.385,trivial_move,4,2686931
-5.383,flush_begin,0,0
-5.366,flush_end,0,2686932
-5.349,trivial_move,3,2686933
-5.341,trivial_move,4,2686930
-5.339,flush_begin,0,0
-5.322,flush_end,0,2686930
-5.305,trivial_move,3,2686931
-5.297,trivial_move,4,2686932
-5.294,flush_begin,0,0
-5.278,flush_end,0,2686932
-5.261,trivial_move,3,2686931
-5.253,trivial_move,4,2686930
-5.252,flush_begin,0,0
-5.236,flush_end,0,2686930
-5.219,trivial_move,3,2686930
-5.211,trivial_move,4,2686931
-5.209,flush_begin,0,0
-5.191,flush_end,0,2686932
-5.166,trivial_move,3,2686932
-5.158,trivial_move,4,2686931
-5.158,flush_begin,0,0
-5.141,flush_end,0,2686931
-5.124,trivial_move,3,2686930
-5.116,trivial_move,4,2686931
-5.113,flush_begin,0,0
-5.095,flush_end,0,2686931
-5.076,trivial_move,3,2686932
-5.068,trivial_move,4,2686931
-5.067,flush_begin,0,0
-5.050,flush_end,0,2686931
-5.033,trivial_move,3,2686930
-5.025,trivial_move,4,2686931
-5.024,flush_begin,0,0
-5.006,flush_end,0,2686930
-4.989,trivial_move,3,2686931
-4.981,trivial_move,4,2686930
-4.980,flush_begin,0,0
-4.961,flush_end,0,2686930
-4.944,trivial_move,3,2686931
-4.936,trivial_move,4,2686932
-4.936,flush_begin,0,0
-4.919,flush_end,0,2686931
-4.902,trivial_move,3,2686930
-4.894,trivial_move,4,2686930
-4.892,flush_begin,0,0
-4.872,flush_end,0,2686931
-4.856,trivial_move,3,2686932
-4.848,trivial_move,4,2686932
-4.846,flush_begin,0,0
-4.827,flush_end,0,2686931
-4.810,trivial_move,3,2686930
-4.802,trivial_move,4,2686930
-4.801,flush_begin,0,0
-4.782,flush_end,0,2686931
-4.765,trivial_move,3,2686931
-4.757,trivial_move,4,2686930
-4.755,flush_begin,0,0
-4.738,flush_end,0,2686930
-4.721,trivial_move,3,2686931
-4.712,trivial_move,4,2686932
-4.712,flush_begin,0,0
-4.694,flush_end,0,2686932
-4.677,trivial_move,3,2686931
-4.669,trivial_move,4,2686930
-4.669,flush_begin,0,0
-4.649,flush_end,0,2686930
-4.629,trivial_move,3,2686931
-4.618,trivial_move,4,2686932
-4.618,flush_begin,0,0
-4.601,flush_end,0,2686932
-4.584,trivial_move,3,2686931
-4.576,trivial_move,4,2686930
-4.575,flush_begin,0,0
-4.557,flush_end,0,2686930
-4.540,trivial_move,3,2686930
-4.532,trivial_move,4,2686931
-4.531,flush_begin,0,0
-4.514,flush_end,0,2686931
-4.497,trivial_move,3,2686932
-4.489,trivial_move,4,2686931
-4.487,flush_begin,0,0
-4.470,flush_end,0,2686931
-4.453,trivial_move,3,2686930
-4.445,trivial_move,4,2686932
-4.444,flush_begin,0,0
-4.427,flush_end,0,2686930
-4.408,trivial_move,3,2686933
-4.400,trivial_move,4,2686931
-4.400,flush_begin,0,0
-4.383,flush_end,0,2686932
-4.365,trivial_move,3,2686930
-4.357,trivial_move,4,2686931
-4.354,flush_begin,0,0
-4.336,flush_end,0,2686930
-4.320,trivial_move,3,2686930
-4.312,trivial_move,4,2686930
-4.310,flush_begin,0,0
-4.293,flush_end,0,2686931
-4.277,trivial_move,3,2686932
-4.269,trivial_move,4,2686932
-4.267,flush_begin,0,0
-4.249,flush_end,0,2686931
-4.232,trivial_move,3,2686930
-4.223,trivial_move,4,2686930
-4.221,flush_begin,0,0
-4.201,flush_end,0,2686932
-4.182,trivial_move,3,2686932
-4.174,trivial_move,4,2686931
-4.174,flush_begin,0,0
-4.157,flush_end,0,2686931
-4.140,trivial_move,3,2686930
-4.132,trivial_move,4,2686931
-4.131,flush_begin,0,0
-4.114,flush_end,0,2686931
-4.097,trivial_move,3,2686931
-4.089,trivial_move,4,2686930
-4.087,flush_begin,0,0
-4.070,flush_end,0,2686930
-4.053,trivial_move,3,2686931
-4.045,trivial_move,4,2686932
-4.043,flush_begin,0,0
-4.026,flush_end,0,2686932
-4.009,trivial_move,3,2686931
-4.001,trivial_move,4,2686930
-3.999,flush_begin,0,0
-3.981,flush_end,0,2686930
-3.964,trivial_move,3,2686931
-3.956,trivial_move,4,2686932
-3.955,flush_begin,0,0
-3.937,flush_end,0,2686932
-3.920,trivial_move,3,2686931
-3.912,trivial_move,4,2686930
-3.910,flush_begin,0,0
-3.893,flush_end,0,2686930
-3.876,trivial_move,3,2686930
-3.868,trivial_move,4,2686931
-3.866,flush_begin,0,0
-3.848,flush_end,0,2686930
-3.831,trivial_move,3,2686932
-3.823,trivial_move,4,2686931
-3.823,flush_begin,0,0
-3.807,flush_end,0,2686932
-3.791,trivial_move,3,2686930
-3.783,trivial_move,4,2686931
-3.781,flush_begin,0,0
-3.764,flush_end,0,2686930
-3.747,trivial_move,3,2686931
-3.739,trivial_move,4,2686931
-3.738,flush_begin,0,0
-3.722,flush_end,0,2686932
-3.705,trivial_move,3,2686931
-3.697,trivial_move,4,2686930
-3.695,flush_begin,0,0
-3.679,flush_end,0,2686930
-3.662,trivial_move,3,2686930
-3.654,trivial_move,4,2686930
-3.653,flush_begin,0,0
-3.635,flush_end,0,2686931
-3.618,trivial_move,3,2686932
-3.610,trivial_move,4,2686931
-3.607,flush_begin,0,0
-3.590,flush_end,0,2686931
-3.573,trivial_move,3,2686930
-3.565,trivial_move,4,2686931
-3.562,flush_begin,0,0
-3.544,flush_end,0,2686931
-3.527,trivial_move,3,2686932
-3.519,trivial_move,4,2686931
-3.517,flush_begin,0,0
-3.499,flush_end,0,2686931
-3.482,trivial_move,3,2686930
-3.474,trivial_move,4,2686932
-3.472,flush_begin,0,0
-3.455,flush_end,0,2686931
-3.438,trivial_move,3,2686932
-3.430,trivial_move,4,2686930
-3.430,flush_begin,0,0
-3.413,flush_end,0,2686930
-3.396,trivial_move,3,2686931
-3.388,trivial_move,4,2686932
-3.386,flush_begin,0,0
-3.370,flush_end,0,2686932
-3.353,trivial_move,3,2686931
-3.345,trivial_move,4,2686930
-3.344,flush_begin,0,0
-3.328,flush_end,0,2686930
-3.311,trivial_move,3,2686931
-3.303,trivial_move,4,2686932
-3.301,flush_begin,0,0
-3.284,flush_end,0,2686931
-3.268,trivial_move,3,2686930
-3.260,trivial_move,4,2686930
-3.259,flush_begin,0,0
-3.243,flush_end,0,2686932
-3.226,trivial_move,3,2686930
-3.218,trivial_move,4,2686931
-3.216,flush_begin,0,0
-3.200,flush_end,0,2686930
-3.183,trivial_move,3,2686931
-3.175,trivial_move,4,2686931
-3.173,flush_begin,0,0
-3.157,flush_end,0,2686932
-3.140,trivial_move,3,2686931
-3.132,trivial_move,4,2686930
-3.130,flush_begin,0,0
-3.112,flush_end,0,2686930
-3.095,trivial_move,3,2686931
-3.087,trivial_move,4,2686932
-3.085,flush_begin,0,0
-3.067,flush_end,0,2686932
-3.051,trivial_move,3,2686931
-3.043,trivial_move,4,2686930
-3.040,flush_begin,0,0
-3.022,flush_end,0,2686930
-3.005,trivial_move,3,2686930
-2.997,trivial_move,4,2686931
-2.995,flush_begin,0,0
-2.978,flush_end,0,2686931
-2.961,trivial_move,3,2686932
-2.953,trivial_move,4,2686931
-2.952,flush_begin,0,0
-2.934,flush_end,0,2686931
-2.917,trivial_move,3,2686930
-2.909,trivial_move,4,2686931
-2.908,flush_begin,0,0
-2.890,flush_end,0,2686931
-2.873,trivial_move,3,2686932
-2.865,trivial_move,4,2686931
-2.864,flush_begin,0,0
-2.846,flush_end,0,2686931
-2.829,trivial_move,3,2686930
-2.822,trivial_move,4,2686931
-2.822,flush_begin,0,0
-2.809,flush_end,0,2686930
-2.793,trivial_move,3,2686931
-2.785,trivial_move,4,2686930
-2.785,flush_begin,0,0
-2.774,flush_end,0,2686930
-2.758,trivial_move,3,2686931
-2.758,flush_begin,0,0
-2.746,flush_end,0,2686931
-2.729,trivial_move,3,2686930
-2.721,trivial_move,4,2686932
-2.721,flush_begin,0,0
-2.709,flush_end,0,2686931
-2.692,trivial_move,3,2686932
-2.692,flush_begin,0,0
-2.680,flush_end,0,2686931
-2.663,trivial_move,3,2686930
-2.655,trivial_move,4,2686930
-2.647,trivial_move,4,2686932
-2.647,flush_begin,0,0
-2.633,flush_end,0,2686931
-2.616,trivial_move,3,2686931
-2.608,trivial_move,4,2686930
-2.600,trivial_move,4,2686930
-2.600,flush_begin,0,0
-2.586,flush_end,0,2686930
-2.569,trivial_move,3,2686931
-2.561,trivial_move,4,2686933
-2.560,flush_begin,0,0
-2.543,flush_end,0,2686932
-2.527,trivial_move,3,2686932
-2.519,trivial_move,4,2686930
-2.517,flush_begin,0,0
-2.502,flush_end,0,2686930
-2.485,trivial_move,3,2686931
-2.477,trivial_move,4,2686932
-2.475,flush_begin,0,0
-2.458,flush_end,0,2686932
-2.442,trivial_move,3,2686931
-2.434,trivial_move,4,2686930
-2.432,flush_begin,0,0
-2.415,flush_end,0,2686930
-2.399,trivial_move,3,2686930
-2.391,trivial_move,4,2686931
-2.389,flush_begin,0,0
-2.372,flush_end,0,2686932
-2.356,trivial_move,3,2686932
-2.348,trivial_move,4,2686931
-2.346,flush_begin,0,0
-2.329,flush_end,0,2686931
-2.313,trivial_move,3,2686930
-2.305,trivial_move,4,2686931
-2.303,flush_begin,0,0
-2.286,flush_end,0,2686930
-2.269,trivial_move,3,2686932
-2.261,trivial_move,4,2686931
-2.260,flush_begin,0,0
-2.240,flush_end,0,2686932
-2.223,trivial_move,3,2686930
-2.215,trivial_move,4,2686931
-2.214,flush_begin,0,0
-2.195,flush_end,0,2686930
-2.178,trivial_move,3,2686930
-2.170,trivial_move,4,2686930
-2.169,flush_begin,0,0
-2.151,flush_end,0,2686931
-2.134,trivial_move,3,2686932
-2.126,trivial_move,4,2686932
-2.125,flush_begin,0,0
-2.105,flush_end,0,2686931
-2.088,trivial_move,3,2686930
-2.080,trivial_move,4,2686930
-2.080,flush_begin,0,0
-2.063,flush_end,0,2686931
-2.046,trivial_move,3,2686932
-2.038,trivial_move,4,2686931
-2.037,flush_begin,0,0
-2.019,flush_end,0,2686931
-2.002,trivial_move,3,2686930
-1.994,trivial_move,4,2686931
-1.993,flush_begin,0,0
-1.979,flush_end,0,2686931
-1.962,trivial_move,3,2686931
-1.955,trivial_move,4,2686930
-1.954,flush_begin,0,0
-1.939,flush_end,0,2686930
-1.922,trivial_move,3,2686931
-1.914,trivial_move,4,2686932
-1.912,flush_begin,0,0
-1.897,flush_end,0,2686932
-1.880,trivial_move,3,2686931
-1.872,trivial_move,4,2686930
-1.870,flush_begin,0,0
-1.854,flush_end,0,2686930
-1.837,trivial_move,3,2686931
-1.829,trivial_move,4,2686932
-1.828,flush_begin,0,0
-1.812,flush_end,0,2686932
-1.795,trivial_move,3,2686931
-1.787,trivial_move,4,2686930
-1.786,flush_begin,0,0
-1.770,flush_end,0,2686930
-1.753,trivial_move,3,2686930
-1.745,trivial_move,4,2686931
-1.743,flush_begin,0,0
-1.727,flush_end,0,2686930
-1.710,trivial_move,3,2686932
-1.702,trivial_move,4,2686931
-1.700,flush_begin,0,0
-1.684,flush_end,0,2686932
-1.667,trivial_move,3,2686930
-1.659,trivial_move,4,2686932
-1.657,flush_begin,0,0
-1.639,flush_end,0,2686930
-1.623,trivial_move,3,2686931
-1.615,trivial_move,4,2686931
-1.615,flush_begin,0,0
-1.597,flush_end,0,2686932
-1.581,trivial_move,3,2686932
-1.573,trivial_move,4,2686930
-1.572,flush_begin,0,0
-1.553,flush_end,0,2686930
-1.536,trivial_move,3,2686930
-1.528,trivial_move,4,2686930
-1.527,flush_begin,0,0
-1.508,flush_end,0,2686931
-1.491,trivial_move,3,2686932
-1.483,trivial_move,4,2686931
-1.482,flush_begin,0,0
-1.464,flush_end,0,2686931
-1.447,trivial_move,3,2686930
-1.439,trivial_move,4,2686931
-1.438,flush_begin,0,0
-1.420,flush_end,0,2686932
-1.403,trivial_move,3,2686932
-1.395,trivial_move,4,2686931
-1.393,flush_begin,0,0
-1.375,flush_end,0,2686931
-1.358,trivial_move,3,2686930
-1.350,trivial_move,4,2686931
-1.349,flush_begin,0,0
-1.332,flush_end,0,2686931
-1.315,trivial_move,3,2686931
-1.307,trivial_move,4,2686930
-1.304,flush_begin,0,0
-1.284,flush_end,0,2686930
-1.267,trivial_move,3,2686931
-1.259,trivial_move,4,2686932
-1.257,flush_begin,0,0
-1.239,flush_end,0,2686932
-1.223,trivial_move,3,2686931
-1.215,trivial_move,4,2686930
-1.212,flush_begin,0,0
-1.193,flush_end,0,2686930
-1.176,trivial_move,3,2686931
-1.167,trivial_move,4,2686932
-1.167,flush_begin,0,0
-1.142,flush_end,0,2686931
-1.124,trivial_move,3,2686930
-1.116,trivial_move,4,2686930
-1.112,flush_begin,0,0
-1.093,flush_end,0,2686931
-1.076,trivial_move,3,2686930
-1.068,trivial_move,4,2686931
-1.068,flush_begin,0,0
-1.050,flush_end,0,2686930
-1.033,trivial_move,3,2686931
-1.025,trivial_move,4,2686931
-1.024,flush_begin,0,0
-1.005,flush_end,0,2686932
-0.988,trivial_move,3,2686931
-0.980,trivial_move,4,2686930
-0.979,flush_begin,0,0
-0.959,flush_end,0,2686930
-0.942,trivial_move,3,2686931
-0.934,trivial_move,4,2686932
-0.933,flush_begin,0,0
-0.914,flush_end,0,2686932
-0.897,trivial_move,3,2686931
-0.889,trivial_move,4,2686930
-0.888,flush_begin,0,0
-0.869,flush_end,0,2686930
-0.852,trivial_move,3,2686930
-0.844,trivial_move,4,2686931
-0.843,flush_begin,0,0
-0.824,flush_end,0,2686931
-0.807,trivial_move,3,2686932
-0.799,trivial_move,4,2686931
-0.799,flush_begin,0,0
-0.779,flush_end,0,2686931
-0.762,trivial_move,3,2686930
-0.754,trivial_move,4,2686931
-0.753,flush_begin,0,0
-0.736,flush_end,0,2686931
-0.719,trivial_move,3,2686932
-0.711,trivial_move,4,2686931
-0.709,flush_begin,0,0
-0.689,flush_end,0,2686931
-0.672,trivial_move,3,2686930
-0.664,trivial_move,4,2686932
-0.663,flush_begin,0,0
-0.645,flush_end,0,2686930
-0.628,trivial_move,3,2686932
-0.620,trivial_move,4,2686930
-0.620,flush_begin,0,0
-0.604,flush_end,0,2686930
-0.587,trivial_move,3,2686931
-0.579,trivial_move,4,2686932
-0.578,flush_begin,0,0
-0.561,flush_end,0,2686931
-0.544,trivial_move,3,2686930
-0.536,trivial_move,4,2686930
-0.534,flush_begin,0,0
-0.517,flush_end,0,2686931
-0.500,trivial_move,3,2686932
-0.492,trivial_move,4,2686932
-0.491,flush_begin,0,0
-0.474,flush_end,0,2686931
-0.457,trivial_move,3,2686930
-0.449,trivial_move,4,2686930
-0.448,flush_begin,0,0
-0.430,flush_end,0,2686932
-0.413,trivial_move,3,2686931
-0.405,trivial_move,4,2686930
-0.403,flush_begin,0,0
-0.385,flush_end,0,2686930
-0.368,trivial_move,3,2686931
-0.360,trivial_move,4,2686932
-0.357,flush_begin,0,0
-0.339,flush_end,0,2686932
-0.323,trivial_move,3,2686931
-0.315,trivial_move,4,2686930
-0.314,flush_begin,0,0
-0.296,flush_end,0,2686930
-0.278,trivial_move,3,2686931
-0.270,trivial_move,4,2686932
-0.269,flush_begin,0,0
-0.250,flush_end,0,2686932
-0.233,trivial_move,3,2686931
-0.225,trivial_move,4,2686930
-0.225,flush_begin,0,0
-0.207,flush_end,0,2686930
-0.190,trivial_move,3,2686930
-0.182,trivial_move,4,2686931
-0.181,flush_begin,0,0
-0.165,flush_end,0,2686931
-0.148,trivial_move,3,2686932
-0.140,trivial_move,4,2686931
-0.139,flush_begin,0,0
-0.123,flush_end,0,2686931
-0.106,trivial_move,3,2686930
-0.098,trivial_move,4,2686931
-0.096,flush_begin,0,0
-0.075,flush_end,0,2686930
-0.058,trivial_move,3,2686932
-0.050,trivial_move,4,2686931
-0.048,flush_begin,0,0
-0.031,flush_end,0,2686932
-0.014,trivial_move,3,2686930
-0.006,trivial_move,4,2686931
-0.003,flush_begin,0,0
0.015,flush_end,0,2686930
0.033,trivial_move,3,2686930
0.041,trivial_move,4,2686930
0.042,flush_begin,0,0
0.060,flush_end,0,2686931
0.077,trivial_move,3,2686932
0.085,trivial_move,4,2686932
0.086,flush_begin,0,0
0.104,flush_end,0,2686931
0.121,trivial_move,3,2686930
0.130,trivial_move,4,2686930
0.130,flush_begin,0,0
0.149,flush_end,0,2686931
0.166,trivial_move,3,2686932
0.174,trivial_move,4,2686931
0.174,flush_begin,0,0
0.193,flush_end,0,2686931
0.210,trivial_move,3,2686930
0.218,trivial_move,4,2686931
0.219,flush_begin,0,0
0.237,flush_end,0,2686931
0.254,trivial_move,3,2686931
0.262,trivial_move,4,2686930
0.263,flush_begin,0,0
0.280,flush_end,0,2686930
0.297,trivial_move,3,2686931
0.305,trivial_move,4,2686933
0.306,flush_begin,0,0
0.324,flush_end,0,2686932
0.341,trivial_move,3,2686932
0.349,trivial_move,4,2686930
0.350,flush_begin,0,0
0.369,flush_end,0,2686930
0.386,trivial_move,3,2686931
0.394,trivial_move,4,2686932
0.394,flush_begin,0,0
0.412,flush_end,0,2686932
0.429,trivial_move,3,2686931
0.437,trivial_move,4,2686930
0.437,flush_begin,0,0
0.455,flush_end,0,2686930
0.472,trivial_move,3,2686930
0.480,trivial_move,4,2686931
0.482,flush_begin,0,0
0.499,flush_end,0,2686930
0.516,trivial_move,3,2686932
0.524,trivial_move,4,2686931
0.525,flush_begin,0,0
0.543,flush_end,0,2686933
0.559,trivial_move,3,2686930
0.567,trivial_move,4,2686931
0.570,flush_begin,0,0
0.588,flush_end,0,2686930
0.604,trivial_move,3,2686931
0.612,trivial_move,4,2686931
0.613,flush_begin,0,0
0.631,flush_end,0,2686932
0.647,trivial_move,3,2686931
0.655,trivial_move,4,2686930
0.657,flush_begin,0,0
0.674,flush_end,0,2686930
0.691,trivial_move,3,2686930
0.699,trivial_move,4,2686930
0.699,flush_begin,0,0
0.716,flush_end,0,2686931
0.733,trivial_move,3,2686932
0.741,trivial_move,4,2686931
0.742,flush_begin,0,0
0.761,flush_end,0,2686931
0.777,trivial_move,3,2686930
0.785,trivial_move,4,2686931
0.786,flush_begin,0,0
0.802,flush_end,0,2686931
0.819,trivial_move,3,2686932
0.827,trivial_move,4,2686931
0.828,flush_begin,0,0
0.845,flush_end,0,2686931
0.863,trivial_move,3,2686930
0.871,trivial_move,4,2686931
0.874,flush_begin,0,0
0.891,flush_end,0,2686931
0.908,trivial_move,3,2686931
0.916,trivial_move,4,2686930
0.919,flush_begin,0,0
0.937,flush_end,0,2686930
0.954,trivial_move,3,2686931
0.962,trivial_move,4,2686932
0.964,flush_begin,0,0
0.982,flush_end,0,2686932
0.999,trivial_move,3,2686931
1.007,trivial_move,4,2686930
1.008,flush_begin,0,0
1.025,flush_end,0,2686930
1.042,trivial_move,3,2686931
1.050,trivial_move,4,2686932
1.051,flush_begin,0,0
1.070,flush_end,0,2686931
1.088,trivial_move,3,2686930
1.096,trivial_move,4,2686930
1.096,flush_begin,0,0
1.116,flush_end,0,2686931
1.133,trivial_move,3,2686930
1.141,trivial_move,4,2686931
1.143,flush_begin,0,0
1.162,flush_end,0,2686930
1.179,trivial_move,3,2686931
1.187,trivial_move,4,2686931
1.187,flush_begin,0,0
1.206,flush_end,0,2686932
1.223,trivial_move,3,2686931
1.231,trivial_move,4,2686930
1.232,flush_begin,0,0
1.251,flush_end,0,2686930
1.268,trivial_move,3,2686931
1.276,trivial_move,4,2686933
1.277,flush_begin,0,0
1.298,flush_end,0,2686932
1.315,trivial_move,3,2686932
1.323,trivial_move,4,2686930
1.324,flush_begin,0,0
1.344,flush_end,0,2686930
1.360,trivial_move,3,2686930
1.368,trivial_move,4,2686931
1.370,flush_begin,0,0
1.391,flush_end,0,2686931
1.408,trivial_move,3,2686932
1.416,trivial_move,4,2686931
1.417,flush_begin,0,0
1.439,flush_end,0,2686931
1.456,trivial_move,3,2686930
1.464,trivial_move,4,2686931
1.465,flush_begin,0,0
1.485,flush_end,0,2686932
1.502,trivial_move,3,2686932
1.510,trivial_move,4,2686931
1.511,flush_begin,0,0
1.530,flush_end,0,2686931
1.547,trivial_move,3,2686930
1.555,trivial_move,4,2686931
1.556,flush_begin,0,0
1.575,flush_end,0,2686930
1.592,trivial_move,3,2686931
1.600,trivial_move,4,2686930
1.601,flush_begin,0,0
1.621,flush_end,0,2686930
1.638,trivial_move,3,2686931
1.645,trivial_move,4,2686932
1.646,flush_begin,0,0
1.664,flush_end,0,2686931
1.685,trivial_move,3,2686930
1.691,trivial_move,4,2686930
1.691,flush_begin,0,0
1.709,flush_end,0,2686931
1.726,trivial_move,3,2686932
1.734,trivial_move,4,2686932
1.735,flush_begin,0,0
1.753,flush_end,0,2686931
1.770,trivial_move,3,2686930
1.778,trivial_move,4,2686930
1.778,flush_begin,0,0
1.797,flush_end,0,2686931
1.814,trivial_move,3,2686931
1.822,trivial_move,4,2686930
1.822,flush_begin,0,0
1.841,flush_end,0,2686930
1.858,trivial_move,3,2686931
1.866,trivial_move,4,2686932
1.867,flush_begin,0,0
1.881,flush_end,0,2686932
1.898,trivial_move,3,2686931
1.906,trivial_move,4,2686930
1.907,flush_begin,0,0
1.924,flush_end,0,2686930
1.941,trivial_move,3,2686931
1.949,trivial_move,4,2686932
1.950,flush_begin,0,0
1.965,flush_end,0,2686932
1.982,trivial_move,3,2686931
1.990,trivial_move,4,2686930
1.991,flush_begin,0,0
2.007,flush_end,0,2686930
2.025,trivial_move,3,2686930
2.033,trivial_move,4,2686931
2.034,flush_begin,0,0
2.050,flush_end,0,2686931
2.067,trivial_move,3,2686932
2.075,trivial_move,4,2686931
2.077,flush_begin,0,0
2.092,flush_end,0,2686931
2.109,trivial_move,3,2686930
2.117,trivial_move,4,2686931
2.118,flush_begin,0,0
2.135,flush_end,0,2686930
2.152,trivial_move,3,2686932
2.160,trivial_move,4,2686931
2.161,flush_begin,0,0
2.178,flush_end,0,2686932
2.195,trivial_move,3,2686930
2.204,trivial_move,4,2686933
2.205,flush_begin,0,0
2.223,flush_end,0,2686930
2.240,trivial_move,3,2686930
2.248,trivial_move,4,2686930
2.250,flush_begin,0,0
2.268,flush_end,0,2686931
2.285,trivial_move,3,2686933
2.293,trivial_move,4,2686932
2.295,flush_begin,0,0
2.313,flush_end,0,2686931
2.329,trivial_move,3,2686930
2.337,trivial_move,4,2686930
2.338,flush_begin,0,0
2.353,flush_end,0,2686931
2.370,trivial_move,3,2686932
2.378,trivial_move,4,2686931
2.379,flush_begin,0,0
2.395,flush_end,0,2686931
2.412,trivial_move,3,2686930
2.420,trivial_move,4,2686931
2.422,flush_begin,0,0
2.438,flush_end,0,2686933
2.455,trivial_move,3,2686931
2.463,trivial_move,4,2686930
2.465,flush_begin,0,0
2.481,flush_end,0,2686930
2.498,trivial_move,3,2686931
2.506,trivial_move,4,2686932
2.507,flush_begin,0,0
2.526,flush_end,0,2686932
2.542,trivial_move,3,2686931
2.550,trivial_move,4,2686930
2.552,flush_begin,0,0
2.569,flush_end,0,2686930
2.586,trivial_move,3,2686931
2.595,trivial_move,4,2686932
2.597,flush_begin,0,0
2.615,flush_end,0,2686932
2.632,trivial_move,3,2686931
2.640,trivial_move,4,2686930
2.643,flush_begin,0,0
2.661,flush_end,0,2686930
2.678,trivial_move,3,2686930
2.686,trivial_move,4,2686931
2.688,flush_begin,0,0
2.706,flush_end,0,2686930
2.724,trivial_move,3,2686932
2.732,trivial_move,4,2686931
2.734,flush_begin,0,0
2.752,flush_end,0,2686932
2.769,trivial_move,3,2686930
2.777,trivial_move,4,2686931
2.778,flush_begin,0,0
2.797,flush_end,0,2686930
2.814,trivial_move,3,2686931
2.822,trivial_move,4,2686931
2.822,flush_begin,0,0
2.842,flush_end,0,2686932
2.859,trivial_move,3,2686931
2.867,trivial_move,4,2686930
2.867,flush_begin,0,0
2.887,flush_end,0,2686930
2.903,trivial_move,3,2686930
2.911,trivial_move,4,2686930
2.912,flush_begin,0,0
2.931,flush_end,0,2686931
2.948,trivial_move,3,2686932
2.956,trivial_move,4,2686931
2.956,flush_begin,0,0
2.974,flush_end,0,2686931
2.991,trivial_move,3,2686930
2.999,trivial_move,4,2686931
2.999,flush_begin,0,0
3.018,flush_end,0,2686931
3.035,trivial_move,3,2686932
3.043,trivial_move,4,2686931
3.044,flush_begin,0,0
3.063,flush_end,0,2686931
3.080,trivial_move,3,2686930
3.088,trivial_move,4,2686931
3.089,flush_begin,0,0
3.109,flush_end,0,2686931
3.126,trivial_move,3,2686931
3.134,trivial_move,4,2686930
3.135,flush_begin,0,0
3.156,flush_end,0,2686930
3.173,trivial_move,3,2686931
3.181,trivial_move,4,2686933
3.181,flush_begin,0,0
3.199,flush_end,0,2686932
3.216,trivial_move,3,2686932
3.224,trivial_move,4,2686930
3.225,flush_begin,0,0
3.243,flush_end,0,2686930
3.260,trivial_move,3,2686931
3.268,trivial_move,4,2686932
3.269,flush_begin,0,0
3.288,flush_end,0,2686931
3.304,trivial_move,3,2686930
3.312,trivial_move,4,2686930
3.313,flush_begin,0,0
3.333,flush_end,0,2686931
3.350,trivial_move,3,2686930
3.358,trivial_move,4,2686931
3.360,flush_begin,0,0
3.380,flush_end,0,2686930
3.397,trivial_move,3,2686931
3.405,trivial_move,4,2686931
3.406,flush_begin,0,0
3.425,flush_end,0,2686933
3.442,trivial_move,3,2686931
3.450,trivial_move,4,2686930
3.451,flush_begin,0,0
3.473,flush_end,0,2686930
3.490,trivial_move,3,2686931
3.498,trivial_move,4,2686932
3.499,flush_begin,0,0
3.519,flush_end,0,2686932
3.536,trivial_move,3,2686931
3.544,trivial_move,4,2686930
3.545,flush_begin,0,0
3.564,flush_end,0,2686930
3.581,trivial_move,3,2686930
3.589,trivial_move,4,2686931
3.589,flush_begin,0,0
3.607,flush_end,0,2686931
3.624,trivial_move,3,2686932
3.632,trivial_move,4,2686931
3.632,flush_begin,0,0
3.651,flush_end,0,2686931
3.668,trivial_move,3,2686930
3.676,trivial_move,4,2686931
3.677,flush_begin,0,0
3.696,flush_end,0,2686931
3.713,trivial_move,3,2686932
3.721,trivial_move,4,2686931
3.722,flush_begin,0,0
3.739,flush_end,0,2686931
3.756,trivial_move,3,2686930
3.764,trivial_move,4,2686931
3.765,flush_begin,0,0
3.784,flush_end,0,2686930
3.801,trivial_move,3,2686931
3.809,trivial_move,4,2686930
3.809,flush_begin,0,0
3.828,flush_end,0,2686930
3.845,trivial_move,3,2686931
3.853,trivial_move,4,2686932
3.855,flush_begin,0,0
3.872,flush_end,0,2686931
3.889,trivial_move,3,2686930
3.897,trivial_move,4,2686930
3.898,flush_begin,0,0
3.917,flush_end,0,2686931
3.934,trivial_move,3,2686932
3.942,trivial_move,4,2686932
3.944,flush_begin,0,0
3.963,flush_end,0,2686931
3.980,trivial_move,3,2686930
3.988,trivial_move,4,2686930
3.989,flush_begin,0,0
4.008,flush_end,0,2686931
4.025,trivial_move,3,2686931
4.033,trivial_move,4,2686930
4.034,flush_begin,0,0
4.052,flush_end,0,2686930
4.069,trivial_move,3,2686931
4.077,trivial_move,4,2686932
4.078,flush_begin,0,0
4.097,flush_end,0,2686932
4.114,trivial_move,3,2686931
4.122,trivial_move,4,2686930
4.122,flush_begin,0,0
4.139,flush_end,0,2686930
4.156,trivial_move,3,2686931
4.164,trivial_move,4,2686933
4.165,flush_begin,0,0
4.185,flush_end,0,2686932
4.202,trivial_move,3,2686933
4.210,trivial_move,4,2686930
4.211,flush_begin,0,0
4.230,flush_end,0,2686930
4.247,trivial_move,3,2686930
4.255,trivial_move,4,2686931
4.256,flush_begin,0,0
4.275,flush_end,0,2686931
4.292,trivial_move,3,2686932
4.299,trivial_move,4,2686931
4.299,flush_begin,0,0
4.318,flush_end,0,2686931
4.334,trivial_move,3,2686930
4.343,trivial_move,4,2686931
4.344,flush_begin,0,0
4.365,flush_end,0,2686930
4.381,trivial_move,3,2686932
4.389,trivial_move,4,2686931
4.390,flush_begin,0,0
4.411,flush_end,0,2686933
4.427,trivial_move,3,2686930
4.435,trivial_move,4,2686931
4.436,flush_begin,0,0
4.455,flush_end,0,2686930
4.472,trivial_move,3,2686930
4.480,trivial_move,4,2686930
4.481,flush_begin,0,0
4.500,flush_end,0,2686931
4.516,trivial_move,3,2686932
4.523,trivial_move,4,2686932
4.524,flush_begin,0,0
4.544,flush_end,0,2686931
4.561,trivial_move,3,2686930
4.569,trivial_move,4,2686930
4.570,flush_begin,0,0
4.589,flush_end,0,2686931
4.606,trivial_move,3,2686932
4.614,trivial_move,4,2686931
4.614,flush_begin,0,0
4.635,flush_end,0,2686931
4.651,trivial_move,3,2686930
4.659,trivial_move,4,2686931
4.659,flush_begin,0,0
4.678,flush_end,0,2686931
4.695,trivial_move,3,2686931
4.703,trivial_move,4,2686930
4.704,flush_begin,0,0
4.722,flush_end,0,2686930
4.739,trivial_move,3,2686931
4.747,trivial_move,4,2686932
4.748,flush_begin,0,0
4.767,flush_end,0,2686932
4.784,trivial_move,3,2686931
4.792,trivial_move,4,2686930
4.793,flush_begin,0,0
4.812,flush_end,0,2686930
4.829,trivial_move,3,2686931
4.837,trivial_move,4,2686932
4.838,flush_begin,0,0
4.857,flush_end,0,2686932
4.874,trivial_move,3,2686931
4.882,trivial_move,4,2686930
4.883,flush_begin,0,0
4.903,flush_end,0,2686930
4.920,trivial_move,3,2686930
4.927,trivial_move,4,2686931
4.928,flush_begin,0,0
4.947,flush_end,0,2686930
4.964,trivial_move,3,2686932
4.971,trivial_move,4,2686931
4.971,flush_begin,0,0
4.988,flush_end,0,2686932
5.005,trivial_move,3,2686930
5.013,trivial_move,4,2686931
5.014,flush_begin,0,0
5.032,flush_end,0,2686930
5.049,trivial_move,3,2686931
5.057,trivial_move,4,2686931
5.057,flush_begin,0,0
5.075,flush_end,0,2686932
5.092,trivial_move,3,2686931
5.100,trivial_move,4,2686930
5.100,flush_begin,0,0
5.118,flush_end,0,2686930
5.135,trivial_move,3,2686930
5.143,trivial_move,4,2686930
5.144,flush_begin,0,0
5.161,flush_end,0,2686931
5.178,trivial_move,3,2686933
5.186,trivial_move,4,2686931
5.187,flush_begin,0,0
5.205,flush_end,0,2686931
5.222,trivial_move,3,2686930
5.230,trivial_move,4,2686931
5.231,flush_begin,0,0
5.249,flush_end,0,2686931
5.266,trivial_move,3,2686932
5.274,trivial_move,4,2686931
5.275,flush_begin,0,0
5.294,flush_end,0,2686931
5.311,trivial_move,3,2686930
5.319,trivial_move,4,2686931
5.320,flush_begin,0,0
5.338,flush_end,0,2686932
5.355,trivial_move,3,2686931
5.363,trivial_move,4,2686930
5.365,flush_begin,0,0
5.381,flush_end,0,2686930
5.398,trivial_move,3,2686931
5.406,trivial_move,4,2686932
5.408,flush_begin,0,0
5.424,flush_end,0,2686932
5.441,trivial_move,3,2686931
5.449,trivial_move,4,2686930
5.451,flush_begin,0,0
5.467,flush_end,0,2686930
5.483,trivial_move,3,2686931
5.491,trivial_move,4,2686932
5.493,flush_begin,0,0
5.509,flush_end,0,2686931
5.526,trivial_move,3,2686930
5.534,trivial_move,4,2686930
5.535,flush_begin,0,0
5.551,flush_end,0,2686931
5.567,trivial_move,3,2686930
5.575,trivial_move,4,2686931
5.577,flush_begin,0,0
5.592,flush_end,0,2686930
5.609,trivial_move,3,2686931
5.617,trivial_move,4,2686931
5.618,flush_begin,0,0
5.634,flush_end,0,2686932
5.650,trivial_move,3,2686931
5.658,trivial_move,4,2686930
5.659,flush_begin,0,0
5.674,flush_end,0,2686930
5.691,trivial_move,3,2686931
5.699,trivial_move,4,2686932
5.700,flush_begin,0,0
5.715,flush_end,0,2686932
5.732,trivial_move,3,2686931
5.740,trivial_move,4,2686930
5.741,flush_begin,0,0
5.758,flush_end,0,2686930
5.775,trivial_move,3,2686930
5.783,trivial_move,4,2686931
5.784,flush_begin,0,0
5.801,flush_end,0,2686931
5.818,trivial_move,3,2686932
5.826,trivial_move,4,2686931
5.827,flush_begin,0,0
5.844,flush_end,0,2686931
5.860,trivial_move,3,2686930
5.868,trivial_move,4,2686931
5.871,flush_begin,0,0
5.889,flush_end,0,2686931
5.905,trivial_move,3,2686932
5.913,trivial_move,4,2686931
5.915,flush_begin,0,0
5.934,flush_end,0,2686931
5.950,trivial_move,3,2686930
5.958,trivial_move,4,2686931
5.959,flush_begin,0,0
5.976,flush_end,0,2686930
5.992,trivial_move,3,2686931
6.000,trivial_move,4,2686930
6.003,flush_begin,0,0
6.020,flush_end,0,2686930
6.038,trivial_move,3,2686931
6.046,trivial_move,4,2686933
6.047,flush_begin,0,0
6.065,flush_end,0,2686931
6.081,trivial_move,3,2686930
6.089,trivial_move,4,2686930
6.091,flush_begin,0,0
6.109,flush_end,0,2686931
6.126,trivial_move,3,2686933
6.134,trivial_move,4,2686932
6.137,flush_begin,0,0
6.154,flush_end,0,2686931
6.170,trivial_move,3,2686930
6.178,trivial_move,4,2686930
6.180,flush_begin,0,0
6.197,flush_end,0,2686931
6.214,trivial_move,3,2686931
6.223,trivial_move,4,2686930
6.223,flush_begin,0,0
6.237,flush_end,0,2686930
6.253,trivial_move,3,2686931
6.261,trivial_move,4,2686932
6.261,flush_begin,0,0
6.272,flush_end,0,2686933
6.289,trivial_move,3,2686931
6.289,flush_begin,0,0
6.301,flush_end,0,2686930
6.318,trivial_move,3,2686931
6.318,flush_begin,0,0
6.330,flush_end,0,2686932
6.347,trivial_move,3,2686931
6.356,trivial_move,4,2686930
6.356,flush_begin,0,0
6.369,flush_end,0,2686930
6.386,trivial_move,3,2686930
6.386,flush_begin,0,0
6.399,flush_end,0,2686931
6.416,trivial_move,3,2686932
6.424,trivial_move,4,2686932
6.424,flush_begin,0,0
6.438,flush_end,0,2686931
6.455,trivial_move,3,2686930
6.463,trivial_move,4,2686930
6.471,trivial_move,4,2686931
6.471,flush_begin,0,0
6.486,flush_end,0,2686930
6.503,trivial_move,3,2686932
6.511,trivial_move,4,2686931
6.511,flush_begin,0,0
6.526,flush_end,0,2686932
6.543,trivial_move,3,2686930
6.551,trivial_move,4,2686931
6.559,trivial_move,4,2686931
6.559,flush_begin,0,0
6.575,flush_end,0,2686930
6.592,trivial_move,3,2686930
6.600,trivial_move,4,2686931
6.608,trivial_move,4,2686930
6.608,flush_begin,0,0
6.626,flush_end,0,2686931
6.642,trivial_move,3,2686932
6.650,trivial_move,4,2686932
6.651,flush_begin,0,0
6.668,flush_end,0,2686931
6.685,trivial_move,3,2686930
6.693,trivial_move,4,2686930
6.694,flush_begin,0,0
6.710,flush_end,0,2686931
6.727,trivial_move,3,2686932
6.735,trivial_move,4,2686931
6.737,flush_begin,0,0
6.755,flush_end,0,2686931
6.771,trivial_move,3,2686930
6.779,trivial_move,4,2686931
6.782,flush_begin,0,0
6.799,flush_end,0,2686931
6.815,trivial_move,3,2686931
6.823,trivial_move,4,2686930
6.825,flush_begin,0,0
6.842,flush_end,0,2686930
6.859,trivial_move,3,2686931
6.867,trivial_move,4,2686932
6.869,flush_begin,0,0
6.887,flush_end,0,2686932
6.904,trivial_move,3,2686931
6.912,trivial_move,4,2686930
6.913,flush_begin,0,0
6.931,flush_end,0,2686930
6.948,trivial_move,3,2686931
6.957,trivial_move,4,2686933
6.957,flush_begin,0,0
6.975,flush_end,0,2686932
6.992,trivial_move,3,2686932
7.001,trivial_move,4,2686930
7.001,flush_begin,0,0
7.019,flush_end,0,2686930
7.036,trivial_move,3,2686930
7.045,trivial_move,4,2686931
7.045,flush_begin,0,0
7.063,flush_end,0,2686930
7.080,trivial_move,3,2686932
7.088,trivial_move,4,2686931
7.089,flush_begin,0,0
7.107,flush_end,0,2686932
7.124,trivial_move,3,2686930
7.131,trivial_move,4,2686931
7.131,flush_begin,0,0
7.149,flush_end,0,2686930
7.166,trivial_move,3,2686931
7.174,trivial_move,4,2686931
7.175,flush_begin,0,0
7.194,flush_end,0,2686933
7.211,trivial_move,3,2686931
7.219,trivial_move,4,2686930
7.220,flush_begin,0,0
7.239,flush_end,0,2686930
7.256,trivial_move,3,2686930
7.264,trivial_move,4,2686930
7.265,flush_begin,0,0
7.283,flush_end,0,2686931
7.299,trivial_move,3,2686932
7.308,trivial_move,4,2686931
7.308,flush_begin,0,0
7.324,flush_end,0,2686931
7.340,trivial_move,3,2686930
7.348,trivial_move,4,2686931
7.350,flush_begin,0,0
7.368,flush_end,0,2686931
7.385,trivial_move,3,2686932
7.394,trivial_move,4,2686931
7.394,flush_begin,0,0
7.411,flush_end,0,2686931
7.428,trivial_move,3,2686930
7.436,trivial_move,4,2686931
7.437,flush_begin,0,0
7.453,flush_end,0,2686931
7.470,trivial_move,3,2686931
7.478,trivial_move,4,2686930
7.479,flush_begin,0,0
7.496,flush_end,0,2686930
7.513,trivial_move,3,2686931
7.521,trivial_move,4,2686932
7.523,flush_begin,0,0
7.540,flush_end,0,2686932
7.557,trivial_move,3,2686931
7.565,trivial_move,4,2686930
7.567,flush_begin,0,0
7.583,flush_end,0,2686930
7.600,trivial_move,3,2686931
7.609,trivial_move,4,2686932
7.610,flush_begin,0,0
7.626,flush_end,0,2686931
7.643,trivial_move,3,2686930
7.651,trivial_move,4,2686930
7.653,flush_begin,0,0
7.670,flush_end,0,2686931
7.686,trivial_move,3,2686930
7.694,trivial_move,4,2686931
7.696,flush_begin,0,0
7.714,flush_end,0,2686930
7.731,trivial_move,3,2686931
7.739,trivial_move,4,2686931
7.742,flush_begin,0,0
7.761,flush_end,0,2686932
7.774,trivial_move,3,2686931
7.787,trivial_move,4,2686930
7.787,flush_begin,0,0
7.804,flush_end,0,2686930
7.821,trivial_move,3,2686931
7.829,trivial_move,4,2686932
7.830,flush_begin,0,0
7.849,flush_end,0,2686932
7.866,trivial_move,3,2686931
7.875,trivial_move,4,2686930
7.875,flush_begin,0,0
7.894,flush_end,0,2686930
7.911,trivial_move,3,2686930
7.920,trivial_move,4,2686932
7.921,flush_begin,0,0
7.940,flush_end,0,2686931
7.957,trivial_move,3,2686933
7.965,trivial_move,4,2686931
7.965,flush_begin,0,0
7.985,flush_end,0,2686931
8.002,trivial_move,3,2686930
8.009,trivial_move,4,2686931
8.009,flush_begin,0,0
8.027,flush_end,0,2686931
8.044,trivial_move,3,2686932
8.052,trivial_move,4,2686931
8.053,flush_begin,0,0
8.072,flush_end,0,2686931
8.089,trivial_move,3,2686930
8.097,trivial_move,4,2686931
8.098,flush_begin,0,0
8.117,flush_end,0,2686930
8.134,trivial_move,3,2686931
8.142,trivial_move,4,2686930
8.144,flush_begin,0,0
8.162,flush_end,0,2686930
8.179,trivial_move,3,2686931
8.187,trivial_move,4,2686932
8.187,flush_begin,0,0
8.205,flush_end,0,2686931
8.222,trivial_move,3,2686930
8.230,trivial_move,4,2686930
8.230,flush_begin,0,0
8.248,flush_end,0,2686931
8.265,trivial_move,3,2686932
8.273,trivial_move,4,2686932
8.273,flush_begin,0,0
8.292,flush_end,0,2686931
8.309,trivial_move,3,2686930
8.317,trivial_move,4,2686930
8.317,flush_begin,0,0
8.337,flush_end,0,2686931
8.354,trivial_move,3,2686931
8.363,trivial_move,4,2686930
8.363,flush_begin,0,0
8.382,flush_end,0,2686930
8.398,trivial_move,3,2686931
8.406,trivial_move,4,2686932
8.408,flush_begin,0,0
8.427,flush_end,0,2686932
8.444,trivial_move,3,2686931
8.452,trivial_move,4,2686930
8.453,flush_begin,0,0
8.472,flush_end,0,2686930
8.489,trivial_move,3,2686931
8.497,trivial_move,4,2686932
8.497,flush_begin,0,0
8.516,flush_end,0,2686932
8.533,trivial_move,3,2686931
8.541,trivial_move,4,2686930
8.543,flush_begin,0,0
8.562,flush_end,0,2686930
8.579,trivial_move,3,2686930
8.587,trivial_move,4,2686931
8.588,flush_begin,0,0
8.606,flush_end,0,2686931
8.623,trivial_move,3,2686932
8.631,trivial_move,4,2686931
8.632,flush_begin,0,0
8.650,flush_end,0,2686931
8.667,trivial_move,3,2686930
8.675,trivial_move,4,2686931
8.675,flush_begin,0,0
8.695,flush_end,0,2686930
8.711,trivial_move,3,2686932
8.718,trivial_move,4,2686931
8.718,flush_begin,0,0
8.737,flush_end,0,2686932
8.754,trivial_move,3,2686930
8.762,trivial_move,4,2686931
8.764,flush_begin,0,0
8.783,flush_end,0,2686930
8.800,trivial_move,3,2686930
8.808,trivial_move,4,2686930
8.809,flush_begin,0,0
8.828,flush_end,0,2686931
8.845,trivial_move,3,2686932
8.853,trivial_move,4,2686933
8.853,flush_begin,0,0
8.873,flush_end,0,2686931
8.890,trivial_move,3,2686930
8.898,trivial_move,4,2686930
8.899,flush_begin,0,0
8.916,flush_end,0,2686931
8.933,trivial_move,3,2686933
8.941,trivial_move,4,2686931
8.943,flush_begin,0,0
8.960,flush_end,0,2686931
8.977,trivial_move,3,2686930
8.986,trivial_move,4,2686931
8.986,flush_begin,0,0
9.004,flush_end,0,2686931
9.020,trivial_move,3,2686931
9.028,trivial_move,4,2686930
9.029,flush_begin,0,0
9.047,flush_end,0,2686930
9.064,trivial_move,3,2686931
9.073,trivial_move,4,2686932
9.073,flush_begin,0,0
9.090,flush_end,0,2686933
9.107,trivial_move,3,2686931
9.115,trivial_move,4,2686930
9.116,flush_begin,0,0
9.134,flush_end,0,2686930
9.152,trivial_move,3,2686931
9.209,trivial_move,4,2686932
9.210,flush_begin,0,0
9.224,flush_end,0,2686932
9.240,trivial_move,3,2686931
9.249,trivial_move,4,2686930
9.249,flush_begin,0,0
9.267,flush_end,0,2686930
9.285,trivial_move,3,2686930
9.293,trivial_move,4,2686931
9.297,flush_begin,0,0
9.319,flush_end,0,2686930
9.335,trivial_move,3,2686932
9.343,trivial_move,4,2686931
9.345,flush_begin,0,0
9.366,flush_end,0,2686932
9.382,trivial_move,3,2686930
9.390,trivial_move,4,2686931
9.391,flush_begin,0,0
9.412,flush_end,0,2686930
9.428,trivial_move,3,2686931
9.436,trivial_move,4,2686931
9.437,flush_begin,0,0
9.455,flush_end,0,2686932
9.473,trivial_move,3,2686931
9.481,trivial_move,4,2686930
9.482,flush_begin,0,0
9.500,flush_end,0,2686930
9.517,trivial_move,3,2686930
9.525,trivial_move,4,2686930
9.526,flush_begin,0,0
9.543,flush_end,0,2686931
9.560,trivial_move,3,2686932
9.568,trivial_move,4,2686931
9.569,flush_begin,0,0
9.587,flush_end,0,2686931
9.604,trivial_move,3,2686930
9.612,trivial_move,4,2686931
9.613,flush_begin,0,0
9.631,flush_end,0,2686931
9.648,trivial_move,3,2686932
9.656,trivial_move,4,2686931
9.656,flush_begin,0,0
9.677,flush_end,0,2686931
9.694,trivial_move,3,2686930
9.702,trivial_move,4,2686931
9.703,flush_begin,0,0
9.722,flush_end,0,2686931
9.739,trivial_move,3,2686931
9.747,trivial_move,4,2686930
9.747,flush_begin,0,0
9.762,flush_end,0,2686930
9.779,trivial_move,3,2686931
9.787,trivial_move,4,2686932
9.788,flush_begin,0,0
9.803,flush_end,0,2686932
9.820,trivial_move,3,2686931
9.828,trivial_move,4,2686930
9.829,flush_begin,0,0
9.846,flush_end,0,2686930
9.862,trivial_move,3,2686931
9.870,trivial_move,4,2686933
9.871,flush_begin,0,0
9.889,flush_end,0,2686931
9.905,trivial_move,3,2686930
9.913,trivial_move,4,2686930
9.915,flush_begin,0,0
9.932,flush_end,0,2686931
9.949,trivial_move,3,2686930
9.957,trivial_move,4,2686931
9.959,flush_begin,0,0
9.977,flush_end,0,2686930
9.994,trivial_move,3,2686931
10.002,trivial_move,4,2686931
10.002,flush_begin,0,0
10.020,flush_end,0,2686932
10.037,trivial_move,3,2686931
10.045,trivial_move,4,2686930
10.045,flush_begin,0,0
10.064,flush_end,0,2686930
10.082,trivial_move,3,2686931
10.090,trivial_move,4,2686932
10.090,flush_begin,0,0
10.108,flush_end,0,2686933
10.125,trivial_move,3,2686931
10.133,trivial_move,4,2686930
10.133,flush_begin,0,0
10.152,flush_end,0,2686930
10.169,trivial_move,3,2686930
10.177,trivial_move,4,2686931
10.178,flush_begin,0,0
10.197,flush_end,0,2686931
10.214,trivial_move,3,2686932
10.222,trivial_move,4,2686931
10.224,flush_begin,0,0
10.242,flush_end,0,2686931
10.259,trivial_move,3,2686930
10.267,trivial_move,4,2686931
10.268,flush_begin,0,0
10.288,flush_end,0,2686931
10.305,trivial_move,3,2686932
10.313,trivial_move,4,2686931
10.314,flush_begin,0,0
10.331,flush_end,0,2686931
10.347,trivial_move,3,2686930
10.355,trivial_move,4,2686931
10.356,flush_begin,0,0
10.375,flush_end,0,2686930
10.393,trivial_move,3,2686931
10.401,trivial_move,4,2686930
10.403,flush_begin,0,0
10.417,flush_end,0,2686930
10.434,trivial_move,3,2686931
10.442,trivial_move,4,2686932
10.443,flush_begin,0,0
10.457,flush_end,0,2686931
10.474,trivial_move,3,2686930
10.482,trivial_move,4,2686930
10.484,flush_begin,0,0
10.500,flush_end,0,2686931
10.517,trivial_move,3,2686932
10.525,trivial_move,4,2686932
10.526,flush_begin,0,0
10.544,flush_end,0,2686931
10.560,trivial_move,3,2686930
10.568,trivial_move,4,2686930
10.570,flush_begin,0,0
10.589,flush_end,0,2686931
10.605,trivial_move,3,2686931
10.613,trivial_move,4,2686930
10.614,flush_begin,0,0
10.628,flush_end,0,2686930
10.645,trivial_move,3,2686931
10.653,trivial_move,4,2686932
10.655,flush_begin,0,0
10.670,flush_end,0,2686932
10.687,trivial_move,3,2686931
10.695,trivial_move,4,2686930
10.696,flush_begin,0,0
10.713,flush_end,0,2686930
10.729,trivial_move,3,2686931
10.737,trivial_move,4,2686932
10.737,flush_begin,0,0
10.755,flush_end,0,2686932
10.771,trivial_move,3,2686931
10.779,trivial_move,4,2686930
10.782,flush_begin,0,0
10.799,flush_end,0,2686930
10.815,trivial_move,3,2686930
10.823,trivial_move,4,2686932
10.825,flush_begin,0,0
10.843,flush_end,0,2686931
10.859,trivial_move,3,2686933
10.867,trivial_move,4,2686931
10.868,flush_begin,0,0
10.888,flush_end,0,2686931
10.905,trivial_move,3,2686930
10.913,trivial_move,4,2686931
10.915,flush_begin,0,0
10.934,flush_end,0,2686930
10.951,trivial_move,3,2686932
10.959,trivial_move,4,2686931
10.960,flush_begin,0,0
10.977,flush_end,0,2686932
10.995,trivial_move,3,2686930
11.002,trivial_move,4,2686931
11.002,flush_begin,0,0
11.020,flush_end,0,2686930
11.037,trivial_move,3,2686930
11.045,trivial_move,4,2686930
11.045,flush_begin,0,0
11.064,flush_end,0,2686932
11.080,trivial_move,3,2686932
11.088,trivial_move,4,2686932
11.088,flush_begin,0,0
11.106,flush_end,0,2686931
11.123,trivial_move,3,2686930
11.134,trivial_move,4,2686930
11.134,flush_begin,0,0
11.152,flush_end,0,2686931
11.169,trivial_move,3,2686932
11.177,trivial_move,4,2686931
11.178,flush_begin,0,0
11.196,flush_end,0,2686931
11.213,trivial_move,3,2686930
11.221,trivial_move,4,2686931
11.223,flush_begin,0,0
11.242,flush_end,0,2686931
11.259,trivial_move,3,2686931
11.267,trivial_move,4,2686930
11.268,flush_begin,0,0
11.287,flush_end,0,2686930
11.304,trivial_move,3,2686931
11.312,trivial_move,4,2686932
11.313,flush_begin,0,0
11.331,flush_end,0,2686932
11.348,trivial_move,3,2686931
11.356,trivial_move,4,2686930
11.357,flush_begin,0,0
11.378,flush_end,0,2686930
11.394,trivial_move,3,2686931
11.402,trivial_move,4,2686932
11.404,flush_begin,0,0
11.423,flush_end,0,2686932
11.441,trivial_move,3,2686931
11.449,trivial_move,4,2686930
11.450,flush_begin,0,0
11.468,flush_end,0,2686930
11.484,trivial_move,3,2686930
11.492,trivial_move,4,2686931
11.493,flush_begin,0,0
11.513,flush_end,0,2686930
11.530,trivial_move,3,2686932
11.538,trivial_move,4,2686931
11.540,flush_begin,0,0
11.559,flush_end,0,2686932
11.575,trivial_move,3,2686930
11.583,trivial_move,4,2686931
11.583,flush_begin,0,0
11.601,flush_end,0,2686930
11.617,trivial_move,3,2686931
11.625,trivial_move,4,2686931
11.627,flush_begin,0,0
11.643,flush_end,0,2686932
11.660,trivial_move,3,2686931
11.668,trivial_move,4,2686930
11.671,flush_begin,0,0
11.689,flush_end,0,2686930
11.705,trivial_move,3,2686930
11.713,trivial_move,4,2686930
11.715,flush_begin,0,0
11.733,flush_end,0,2686931
11.749,trivial_move,3,2686932
11.757,trivial_move,4,2686931
11.759,flush_begin,0,0
11.776,flush_end,0,2686931
11.793,trivial_move,3,2686930
11.801,trivial_move,4,2686933
11.804,flush_begin,0,0
11.822,flush_end,0,2686931
11.839,trivial_move,3,2686933
11.847,trivial_move,4,2686931
11.849,flush_begin,0,0
11.867,flush_end,0,2686931
11.884,trivial_move,3,2686930
11.893,trivial_move,4,2686931
11.893,flush_begin,0,0
11.911,flush_end,0,2686931
11.929,trivial_move,3,2686931
11.937,trivial_move,4,2686930
11.938,flush_begin,0,0
11.956,flush_end,0,2686930
11.972,trivial_move,3,2686931
11.980,trivial_move,4,2686932
11.981,flush_begin,0,0
11.998,flush_end,0,2570063
12.015,trivial_move,3,2686931
12.023,trivial_move,4,2686930
12.023,compaction_begin,2,0
12.060,compaction_end,2,5374078
12.078,trivial_move,4,2686932
12.078,compaction_begin,2,0
12.112,compaction_end,2,5374077
12.130,trivial_move,4,2686930
12.130,compaction_begin,2,0
12.162,compaction_end,2,5374079
12.180,trivial_move,4,2686931
12.180,compaction_begin,2,0
12.209,compaction_end,2,5374079
12.226,trivial_move,4,2686931
12.226,compaction_begin,2,0
12.255,compaction_end,2,5374079
12.272,trivial_move,4,2686930
12.272,compaction_begin,2,0
12.301,compaction_end,2,5374079
12.318,trivial_move,4,2686932
12.318,compaction_begin,2,0
12.347,compaction_end,2,5374078
12.364,trivial_move,4,2686930
12.364,compaction_begin,2,0
12.393,compaction_end,2,5374079
12.410,trivial_move,4,2686931
12.410,compaction_begin,2,0
12.439,compaction_end,2,5374080
12.456,trivial_move,4,2686931
12.456,compaction_begin,2,0
12.484,compaction_end,2,5374079
12.501,trivial_move,4,2686931
12.501,compaction_begin,2,0
12.528,compaction_end,2,5374079
12.545,trivial_move,4,2686931
12.545,compaction_begin,2,0
12.572,compaction_end,2,5374078
12.589,trivial_move,4,2686931
12.589,compaction_begin,2,0
12.616,compaction_end,2,5374079
12.633,trivial_move,4,2686930
12.633,compaction_begin,2,0
12.660,compaction_end,2,5374078
12.684,trivial_move,4,2686932
12.684,compaction_begin,2,0
12.711,compaction_end,2,5374079
12.728,trivial_move,4,2686930
12.728,compaction_begin,2,0
12.754,compaction_end,2,5374079
12.772,trivial_move,4,2686933
12.772,compaction_begin,2,0
12.797,compaction_end,2,5374078
12.814,trivial_move,4,2686930
12.814,compaction_begin,2,0
12.840,compaction_end,2,5374079
12.857,trivial_move,4,2686930
12.857,compaction_begin,2,0
12.883,compaction_end,2,5374079
12.900,trivial_move,4,2686932
12.900,compaction_begin,2,0
12.913,compaction_end,2,2570063
12.930,trivial_move,4,2686930
12.938,trivial_move,4,2686932
12.938,compaction_begin,3,0
12.966,compaction_end,3,5374079
12.983,trivial_move,4,2686931
12.983,compaction_begin,3,0
13.011,compaction_end,3,5374079
13.028,trivial_move,4,2686931
13.029,compaction_begin,3,0
13.056,compaction_end,3,5374077
13.073,trivial_move,4,2686930
13.073,compaction_begin,3,0
13.102,compaction_end,3,5374079
13.119,trivial_move,4,2686930
13.119,compaction_begin,3,0
13.147,compaction_end,3,5374079
13.165,trivial_move,4,2686932
13.165,compaction_begin,3,0
13.192,compaction_end,3,5374080
13.209,trivial_move,4,2686931
13.209,compaction_begin,3,0
13.237,compaction_end,3,5374079
13.246,compaction_begin,3,0
13.273,compaction_end,3,5374079
13.282,compaction_begin,3,0
13.309,compaction_end,3,5374079
13.318,compaction_begin,3,0
13.343,compaction_end,3,5374079
13.352,compaction_begin,3,0
13.376,compaction_end,3,5374078
13.385,compaction_begin,3,0
13.408,compaction_end,3,5374079
13.417,compaction_begin,3,0
13.442,compaction_end,3,5374079
13.451,compaction_begin,3,0
13.474,compaction_end,3,5374078
13.483,compaction_begin,3,0
13.505,compaction_end,3,5374079
13.514,compaction_begin,3,0
13.536,compaction_end,3,5374078
13.545,compaction_begin,3,0
13.568,compaction_end,3,5374080
13.577,compaction_begin,3,0
13.600,compaction_end,3,5374079
13.609,compaction_begin,3,0
13.631,compaction_end,3,5374079
13.640,compaction_begin,3,0
13.662,compaction_end,3,5374079
13.671,compaction_begin,3,0
13.695,compaction_end,3,5374078
13.704,compaction_begin,3,0
13.726,compaction_end,3,5374079
13.735,compaction_begin,3,0
13.758,compaction_end,3,5374079
13.767,compaction_begin,3,0
13.790,compaction_end,3,5374079
13.799,compaction_begin,3,0
13.822,compaction_end,3,5374079
13.831,compaction_begin,3,0
13.852,compaction_end,3,5374077
13.861,compaction_begin,3,0
13.882,compaction_end,3,5374078
13.891,compaction_begin,3,0
13.913,compaction_end,3,5374080
13.922,compaction_begin,3,0
13.944,compaction_end,3,5374079
13.953,compaction_begin,3,0
13.975,compaction_end,3,5374079
13.984,compaction_begin,3,0
14.007,compaction_end,3,5374078
14.016,compaction_begin,3,0
14.039,compaction_end,3,5374079
14.048,compaction_begin,3,0
14.072,compaction_end,3,5374079
14.080,compaction_begin,3,0
14.102,compaction_end,3,5374079
14.111,compaction_begin,3,0
14.133,compaction_end,3,5374079
14.142,compaction_begin,3,0
14.163,compaction_end,3,5374078
14.172,compaction_begin,3,0
14.195,compaction_end,3,5374079
14.204,compaction_begin,3,0
14.229,compaction_end,3,5374080
14.240,compaction_begin,3,0
14.264,compaction_end,3,5374078
14.272,compaction_begin,3,0
14.295,compaction_end,3,5374079
14.304,compaction_begin,3,0
14.327,compaction_end,3,5374078
14.336,compaction_begin,3,0
14.360,compaction_end,3,5374079
14.369,compaction_begin,3,0
14.393,compaction_end,3,5374079
14.402,compaction_begin,3,0
14.427,compaction_end,3,5374079
14.436,compaction_begin,3,0
14.459,compaction_end,3,5374079
14.468,compaction_begin,3,0
14.491,compaction_end,3,5374078
14.499,compaction_begin,3,0
14.533,compaction_end,3,5374079
14.542,compaction_begin,3,0
14.566,compaction_end,3,5374079
14.575,compaction_begin,3,0
14.600,compaction_end,3,5374080
14.610,compaction_begin,3,0
14.633,compaction_end,3,5374079
14.642,compaction_begin,3,0
14.666,compaction_end,3,5374077
14.675,compaction_begin,3,0
14.701,compaction_end,3,5374078
14.712,compaction_begin,3,0
14.736,compaction_end,3,5374079
14.745,compaction_begin,3,0
14.768,compaction_end,3,5374079
14.777,compaction_begin,3,0
14.799,compaction_end,3,5374079
14.808,compaction_begin,3,0
14.833,compaction_end,3,5374078
14.842,compaction_begin,3,0
14.866,compaction_end,3,5374079
14.875,compaction_begin,3,0
14.898,compaction_end,3,5374079
14.907,compaction_begin,3,0
14.929,compaction_end,3,5374079
14.938,compaction_begin,3,0
14.962,compaction_end,3,5374080
14.971,compaction_begin,3,0
14.993,compaction_end,3,5374078
15.002,compaction_begin,3,0
15.025,compaction_end,3,5374079
15.033,compaction_begin,3,0
15.056,compaction_end,3,5374079
15.065,compaction_begin,3,0
15.089,compaction_end,3,5374078
15.098,compaction_begin,3,0
15.121,compaction_end,3,5374079
15.130,compaction_begin,3,0
15.153,compaction_end,3,5374078
15.163,compaction_begin,3,0
15.186,compaction_end,3,5374079
15.195,compaction_begin,3,0
15.218,compaction_end,3,5374079
15.227,compaction_begin,3,0
15.250,compaction_end,3,5374079
15.259,compaction_begin,3,0
15.281,compaction_end,3,5374079
15.290,compaction_begin,3,0
15.313,compaction_end,3,5374079
15.323,compaction_begin,3,0
15.346,compaction_end,3,5374079
15.355,compaction_begin,3,0
15.379,compaction_end,3,5374079
15.389,compaction_begin,3,0
15.412,compaction_end,3,5374079
15.422,compaction_begin,3,0
15.445,compaction_end,3,5374079
15.455,compaction_begin,3,0
15.478,compaction_end,3,5374077
15.487,compaction_begin,3,0
15.509,compaction_end,3,5374078
15.518,compaction_begin,3,0
15.539,compaction_end,3,5374079
15.548,compaction_begin,3,0
15.571,compaction_end,3,5374079
15.580,compaction_begin,3,0
15.602,compaction_end,3,5374079
15.611,compaction_begin,3,0
15.633,compaction_end,3,5374078
15.642,compaction_begin,3,0
15.664,compaction_end,3,5374080
15.672,compaction_begin,3,0
15.694,compaction_end,3,5374079
15.703,compaction_begin,3,0
15.726,compaction_end,3,5374079
15.735,compaction_begin,3,0
15.757,compaction_end,3,5374079
15.766,compaction_begin,3,0
15.788,compaction_end,3,5374078
15.797,compaction_begin,3,0
15.818,compaction_end,3,5374079
15.827,compaction_begin,3,0
15.849,compaction_end,3,5374079
15.858,compaction_begin,3,0
15.880,compaction_end,3,5374078
15.889,compaction_begin,3,0
15.911,compaction_end,3,5374079
15.921,compaction_begin,3,0
15.943,compaction_end,3,5374078
15.952,compaction_begin,3,0
15.974,compaction_end,3,5374079
15.983,compaction_begin,3,0
16.005,compaction_end,3,5374081
16.014,compaction_begin,3,0
16.036,compaction_end,3,5374079
16.045,compaction_begin,3,0
16.067,compaction_end,3,5374079
16.076,compaction_begin,3,0
16.098,compaction_end,3,5374078
16.107,compaction_begin,3,0
16.129,compaction_end,3,5374079
16.138,compaction_begin,3,0
16.160,compaction_end,3,5374079
16.169,compaction_begin,3,0
16.192,compaction_end,3,5374079
16.201,compaction_begin,3,0
16.224,compaction_end,3,5374079
16.233,compaction_begin,3,0
16.255,compaction_end,3,5374077
16.264,compaction_begin,3,0
16.286,compaction_end,3,5374078
16.295,compaction_begin,3,0
16.317,compaction_end,3,5374079
16.326,compaction_begin,3,0
16.349,compaction_end,3,5374080
16.358,compaction_begin,3,0
16.380,compaction_end,3,5374079
16.389,compaction_begin,3,0
16.411,compaction_end,3,5374078
16.420,compaction_begin,3,0
16.442,compaction_end,3,5374079
16.451,compaction_begin,3,0
16.473,compaction_end,3,5374079
16.482,compaction_begin,3,0
16.504,compaction_end,3,5374079
16.513,compaction_begin,3,0
16.535,compaction_end,3,5374079
16.544,compaction_begin,3,0
16.566,compaction_end,3,5374078
16.575,compaction_begin,3,0
16.597,compaction_end,3,5374079
16.606,compaction_begin,3,0
16.628,compaction_end,3,5374079
16.637,compaction_begin,3,0
16.658,compaction_end,3,5374078
16.667,compaction_begin,3,0
16.688,compaction_end,3,5374080
16.697,compaction_begin,3,0
16.719,compaction_end,3,5374078
16.728,compaction_begin,3,0
16.751,compaction_end,3,5374079
16.760,compaction_begin,3,0
16.782,compaction_end,3,5374079
16.791,compaction_begin,3,0
16.813,compaction_end,3,5374079
16.822,compaction_begin,3,0
16.845,compaction_end,3,5374079
16.854,compaction_begin,3,0
16.876,compaction_end,3,5374078
16.885,compaction_begin,3,0
16.908,compaction_end,3,5374079
16.917,compaction_begin,3,0
16.939,compaction_end,3,5374079
16.948,compaction_begin,3,0
16.971,compaction_end,3,5374079
16.980,compaction_begin,3,0
17.002,compaction_end,3,5374080
17.011,compaction_begin,3,0
17.032,compaction_end,3,5374077
17.041,compaction_begin,3,0
17.063,compaction_end,3,5374078
17.072,compaction_begin,3,0
17.094,compaction_end,3,5374079
17.103,compaction_begin,3,0
17.124,compaction_end,3,5374079
17.133,compaction_begin,3,0
17.155,compaction_end,3,5374079
17.164,compaction_begin,3,0
17.186,compaction_end,3,5374078
17.195,compaction_begin,3,0
17.216,compaction_end,3,5374079
17.225,compaction_begin,3,0
17.247,compaction_end,3,5374079
17.256,compaction_begin,3,0
17.279,compaction_end,3,5374079
17.288,compaction_begin,3,0
17.311,compaction_end,3,5374079
17.320,compaction_begin,3,0
17.342,compaction_end,3,5374079
17.351,compaction_begin,3,0
17.373,compaction_end,3,5374079
17.382,compaction_begin,3,0
17.404,compaction_end,3,5374079
17.413,compaction_begin,3,0
17.434,compaction_end,3,5374078
17.443,compaction_begin,3,0
17.465,compaction_end,3,5374079
17.474,compaction_begin,3,0
17.497,compaction_end,3,5374078
17.506,compaction_begin,3,0
17.528,compaction_end,3,5374079
17.537,compaction_begin,3,0
17.559,compaction_end,3,5374079
17.568,compaction_begin,3,0
17.590,compaction_end,3,5374079
17.599,compaction_begin,3,0
17.621,compaction_end,3,5374079
17.630,compaction_begin,3,0
17.652,compaction_end,3,5374078
17.661,compaction_begin,3,0
17.683,compaction_end,3,5374080
17.692,compaction_begin,3,0
17.714,compaction_end,3,5374079
17.723,compaction_begin,3,0
17.745,compaction_end,3,5374079
17.754,compaction_begin,3,0
17.775,compaction_end,3,5374079
17.784,compaction_begin,3,0
17.805,compaction_end,3,5374077
17.814,compaction_begin,3,0
17.835,compaction_end,3,5374078
17.844,compaction_begin,3,0
17.866,compaction_end,3,5374079
17.875,compaction_begin,3,0
17.896,compaction_end,3,5374079
17.905,compaction_begin,3,0
17.928,compaction_end,3,5374079
17.937,compaction_begin,3,0
17.958,compaction_end,3,5374078
17.967,compaction_begin,3,0
17.988,compaction_end,3,5374079
17.997,compaction_begin,3,0
18.018,compaction_end,3,5374080
18.027,compaction_begin,3,0
18.048,compaction_end,3,5374079
18.057,compaction_begin,3,0
18.078,compaction_end,3,5374079
18.087,compaction_begin,3,0
18.109,compaction_end,3,5374078
18.118,compaction_begin,3,0
18.140,compaction_end,3,5374079
18.149,compaction_begin,3,0
18.170,compaction_end,3,5374079
18.179,compaction_begin,3,0
18.200,compaction_end,3,5374078
18.209,compaction_begin,3,0
18.231,compaction_end,3,5374079
18.240,compaction_begin,3,0
18.261,compaction_end,3,5374078
18.270,compaction_begin,3,0
18.291,compaction_end,3,5374079
18.300,compaction_begin,3,0
18.322,compaction_end,3,5374079
18.331,compaction_begin,3,0
18.352,compaction_end,3,5374080
18.361,compaction_begin,3,0
18.383,compaction_end,3,5374079
18.392,compaction_begin,3,0
18.413,compaction_end,3,5374078
18.422,compaction_begin,3,0
18.444,compaction_end,3,5374079
18.453,compaction_begin,3,0
18.475,compaction_end,3,5374079
18.484,compaction_begin,3,0
18.505,compaction_end,3,5374079
18.517,compaction_begin,3,0
18.538,compaction_end,3,5374079
18.547,compaction_begin,3,0
18.569,compaction_end,3,5374077
18.578,compaction_begin,3,0
18.600,compaction_end,3,5374078
18.608,compaction_begin,3,0
18.630,compaction_end,3,5374079
18.639,compaction_begin,3,0
18.660,compaction_end,3,5374079
18.669,compaction_begin,3,0
18.691,compaction_end,3,5374080
18.700,compaction_begin,3,0
18.722,compaction_end,3,5374078
18.731,compaction_begin,3,0
18.757,compaction_end,3,7023641
18.766,compaction_begin,3,0
18.788,compaction_end,3,5374083
18.798,compaction_begin,3,0
18.821,compaction_end,3,5374083
18.830,compaction_begin,3,0
18.852,compaction_end,3,5374083
18.861,compaction_begin,3,0
18.883,compaction_end,3,5374084
18.892,compaction_begin,3,0
18.914,compaction_end,3,5374083
18.924,compaction_begin,3,0
18.947,compaction_end,3,5374082
18.956,compaction_begin,3,0
18.979,compaction_end,3,5374083
18.988,compaction_begin,3,0
19.012,compaction_end,3,5374084
19.021,compaction_begin,3,0
19.045,compaction_end,3,5374084
19.054,compaction_begin,3,0
19.076,compaction_end,3,5374083
19.085,compaction_begin,3,0
19.107,compaction_end,3,5374082
19.116,compaction_begin,3,0
19.138,compaction_end,3,5374083
19.147,compaction_begin,3,0
19.170,compaction_end,3,5374083
19.180,compaction_begin,3,0
19.202,compaction_end,3,5374084
19.211,compaction_begin,3,0
19.233,compaction_end,3,5374082
19.242,compaction_begin,3,0
19.263,compaction_end,3,5374083
19.272,compaction_begin,3,0
19.294,compaction_end,3,5374083
19.303,compaction_begin,3,0
19.325,compaction_end,3,5374083
19.334,compaction_begin,3,0
19.347,compaction_end,3,3607587
24.818,flush_begin,0,0
24.831,flush_end,0,2744284
24.841,compaction_begin,2,0
25.137,compaction_end,2,2673379
25.150,compaction_begin,3,0
25.341,compaction_end,3,42992648
25.352,compaction_begin,3,0
25.727,compaction_end,3,42992648
25.739,compaction_begin,3,0
26.042,compaction_end,3,42992649
26.054,compaction_begin,3,0
26.596,compaction_end,3,42992650
26.607,compaction_begin,3,0
26.769,compaction_end,3,41955151
26.779,compaction_begin,3,0
27.277,compaction_end,3,42992648
27.289,compaction_begin,3,0
27.450,compaction_end,3,42992653
27.460,compaction_begin,3,0
27.622,compaction_end,3,42992655
27.633,compaction_begin,3,0
27.796,compaction_end,3,42992652
27.807,compaction_begin,3,0
27.971,compaction_end,3,42992653
27.981,compaction_begin,3,0
28.145,compaction_end,3,42992653
28.157,compaction_begin,3,0
28.318,compaction_end,3,42992654
28.329,compaction_begin,3,0
28.498,compaction_end,3,42992652
28.508,compaction_begin,3,0
28.670,compaction_end,3,42992653
28.681,compaction_begin,3,0
29.434,compaction_end,3,42992650
29.444,compaction_begin,3,0
29.607,compaction_end,3,42992653
29.618,compaction_begin,3,0
29.739,compaction_end,3,31515311
29.749,compaction_begin,3,0
30.233,flush_begin,0,0
30.244,flush_end,0,2744929
30.423,compaction_end,3,41955150
30.434,compaction_begin,2,0
30.725,compaction_end,2,2940914
30.739,compaction_begin,3,0
30.917,compaction_end,3,42992648
30.929,compaction_begin,3,0
31.087,compaction_end,3,42992649
31.100,compaction_begin,3,0
31.259,compaction_end,3,42992648
31.270,compaction_begin,3,0
31.432,compaction_end,3,42992653
31.442,compaction_begin,3,0
31.601,compaction_end,3,42992650
31.612,compaction_begin,3,0
31.774,compaction_end,3,42992648
31.785,compaction_begin,3,0
31.941,compaction_end,3,42992652
31.952,compaction_begin,3,0
32.651,compaction_end,3,42992648
32.662,compaction_begin,3,0
32.824,compaction_end,3,42992654
32.834,compaction_begin,3,0
32.995,compaction_end,3,42992652
33.006,compaction_begin,3,0
33.166,compaction_end,3,42992653
33.177,compaction_begin,3,0
33.849,compaction_end,3,42992648
33.860,compaction_begin,3,0
34.021,compaction_end,3,42992653
34.031,compaction_begin,3,0
34.706,compaction_end,3,42992648
34.717,compaction_begin,3,0
35.430,compaction_end,3,42992650
35.440,compaction_begin,3,0
35.677,flush_begin,0,0
35.689,flush_end,0,2745141
36.203,compaction_end,3,42992649
36.213,compaction_begin,2,0
36.511,compaction_end,2,3141002
36.526,compaction_begin,3,0
36.712,compaction_end,3,42992648
36.725,compaction_begin,3,0
36.885,compaction_end,3,42992648
36.897,compaction_begin,3,0
37.054,compaction_end,3,42992649
37.066,compaction_begin,3,0
37.228,compaction_end,3,42992653
37.238,compaction_begin,3,0
37.401,compaction_end,3,42992648
37.413,compaction_begin,3,0
37.574,compaction_end,3,42992648
37.585,compaction_begin,3,0
37.745,compaction_end,3,42992650
37.756,compaction_begin,3,0
37.917,compaction_end,3,42992654
37.927,compaction_begin,3,0
38.644,compaction_end,3,42992653
38.654,compaction_begin,3,0
38.816,compaction_end,3,42992650
38.826,compaction_begin,3,0
39.508,compaction_end,3,42992648
39.520,compaction_begin,3,0
39.678,compaction_end,3,42992654
39.690,compaction_begin,3,0
39.811,compaction_end,3,31515311
39.822,compaction_begin,3,0
39.986,compaction_end,3,42992653
39.997,compaction_begin,3,0
40.170,compaction_end,3,44642301
40.181,compaction_begin,3,0
40.342,compaction_end,3,41955150
40.353,compaction_begin,3,0
41.030,compaction_end,3,42992650
41.041,compaction_begin,3,0
41.141,flush_begin,0,0
41.152,flush_end,0,2744775
41.220,compaction_end,3,42992655
41.230,compaction_begin,2,0
41.536,compaction_end,2,3304228
41.550,compaction_begin,3,0
41.722,compaction_end,3,42992648
41.734,compaction_begin,3,0
41.893,compaction_end,3,42992648
41.905,compaction_begin,3,0
42.062,compaction_end,3,42992649
42.074,compaction_begin,3,0
42.235,compaction_end,3,42992650
42.246,compaction_begin,3,0
42.408,compaction_end,3,42992648
42.419,compaction_begin,3,0
42.580,compaction_end,3,42992650
42.590,compaction_begin,3,0
42.711,compaction_end,3,31515311
42.721,compaction_begin,3,0
43.412,compaction_end,3,42992648
43.423,compaction_begin,3,0
43.582,compaction_end,3,42992655
43.592,compaction_begin,3,0
43.759,compaction_end,3,44267905
43.770,compaction_begin,3,0
43.928,compaction_end,3,42992653
43.938,compaction_begin,3,0
44.095,compaction_end,3,42992654
44.105,compaction_begin,3,0
44.262,compaction_end,3,42992648
44.273,compaction_begin,3,0
44.969,compaction_end,3,42992647
44.979,compaction_begin,3,0
45.139,compaction_end,3,42992653
45.150,compaction_begin,3,0
45.309,compaction_end,3,42992653
45.319,compaction_begin,3,0
45.478,compaction_end,3,42992648
45.490,compaction_begin,3,0
45.653,compaction_end,3,42992648
45.664,compaction_begin,3,0
46.369,compaction_end,3,42992649
46.379,compaction_begin,3,0
46.540,compaction_end,3,42992649
46.551,compaction_begin,3,0
46.641,flush_begin,0,0
46.652,flush_end,0,2744877
46.779,compaction_end,3,45679537
46.789,compaction_begin,2,0
47.087,compaction_end,2,3381697
47.103,compaction_begin,3,0
47.289,compaction_end,3,42992648
47.301,compaction_begin,3,0
47.457,compaction_end,3,42992648
47.468,compaction_begin,3,0
47.619,compaction_end,3,42992648
47.631,compaction_begin,3,0
47.787,compaction_end,3,42992649
47.800,compaction_begin,3,0
47.957,compaction_end,3,42992650
47.965,compaction_begin,3,0
48.124,compaction_end,3,42992653
48.137,compaction_begin,3,0
48.295,compaction_end,3,42992648
48.305,compaction_begin,3,0
48.511,compaction_end,3,45679536
48.522,compaction_begin,3,0
48.679,compaction_end,3,42992648
48.689,compaction_begin,3,0
48.850,compaction_end,3,42992654
48.860,compaction_begin,3,0
49.017,compaction_end,3,42992648
49.027,compaction_begin,3,0
49.186,compaction_end,3,42992649
49.197,compaction_begin,3,0
49.917,compaction_end,3,42992650
49.927,compaction_begin,3,0
50.089,compaction_end,3,42992648
50.101,compaction_begin,3,0
50.269,compaction_end,3,42992650
50.279,compaction_begin,3,0
50.438,compaction_end,3,42992653
50.449,compaction_begin,3,0
50.608,compaction_end,3,42992649
50.620,compaction_begin,3,0
50.776,compaction_end,3,42992648
50.787,compaction_begin,3,0
50.948,compaction_end,3,43367078
50.959,compaction_begin,3,0
51.119,compaction_end,3,43367083
51.129,compaction_begin,3,0
51.290,compaction_end,3,42992647
51.301,compaction_begin,3,0
51.459,compaction_end,3,42992653
51.470,compaction_begin,3,0
52.074,flush_begin,0,0
52.085,flush_end,0,2744801
52.184,compaction_end,3,42992652
52.194,compaction_begin,2,0
52.500,compaction_end,2,3519906
52.515,compaction_begin,3,0
52.690,compaction_end,3,42992648
52.702,compaction_begin,3,0
52.859,compaction_end,3,42992648
52.872,compaction_begin,3,0
53.028,compaction_end,3,42992649
53.040,compaction_begin,3,0
53.196,compaction_end,3,42992648
53.208,compaction_begin,3,0
53.870,compaction_end,3,42618172
53.881,compaction_begin,3,0
54.036,compaction_end,3,42992650
54.047,compaction_begin,3,0
54.203,compaction_end,3,42992653
54.213,compaction_begin,3,0
54.372,compaction_end,3,42992647
54.382,compaction_begin,3,0
54.541,compaction_end,3,42992653
54.552,compaction_begin,3,0
54.711,compaction_end,3,42992648
54.722,compaction_begin,3,0
54.879,compaction_end,3,42992648
54.890,compaction_begin,3,0
55.582,compaction_end,3,42992653
55.592,compaction_begin,3,0
55.777,compaction_end,3,42992654
55.788,compaction_begin,3,0
55.947,compaction_end,3,42992650
55.958,compaction_begin,3,0
56.115,compaction_end,3,42992648
56.126,compaction_begin,3,0
56.285,compaction_end,3,43367083
56.296,compaction_begin,3,0
57.032,compaction_end,3,44642300
57.043,compaction_begin,3,0
57.532,flush_begin,0,0
57.543,flush_end,0,2744890
57.758,compaction_end,3,42992652
57.769,compaction_begin,2,0
58.063,compaction_end,2,3602497
58.078,compaction_begin,3,0
58.251,compaction_end,3,42992651
58.263,compaction_begin,3,0
58.500,compaction_end,3,44030062
58.513,compaction_begin,3,0
58.668,compaction_end,3,42992654
58.680,compaction_begin,3,0
58.856,compaction_end,3,42992653
58.868,compaction_begin,3,0
59.023,compaction_end,3,42992654
59.035,compaction_begin,3,0
59.194,compaction_end,3,42992648
59.205,compaction_begin,3,0
59.363,compaction_end,3,42992653
59.373,compaction_begin,3,0
59.535,compaction_end,3,42992648
59.546,compaction_begin,3,0
59.706,compaction_end,3,42992648
59.717,compaction_begin,3,0
59.877,compaction_end,3,42992648
59.888,compaction_begin,3,0
60.049,compaction_end,3,42992653
60.060,compaction_begin,3,0
60.731,compaction_end,3,42992653
60.742,compaction_begin,3,0
60.899,compaction_end,3,42992650
60.911,compaction_begin,3,0
61.069,compaction_end,3,42992654
61.080,compaction_begin,3,0
61.389,compaction_end,3,42992648
61.400,compaction_begin,3,0
61.558,compaction_end,3,42992652
61.569,compaction_begin,3,0
62.283,compaction_end,3,42992647
62.293,compaction_begin,3,0
62.955,flush_begin,0,0
62.966,flush_end,0,2744710
63.043,compaction_end,3,42992649
63.052,compaction_begin,2,0
63.354,compaction_end,2,3736866
63.369,compaction_begin,3,0
63.554,compaction_end,3,42992648
63.566,compaction_begin,3,0
63.721,compaction_end,3,42992650
63.734,compaction_begin,3,0
63.891,compaction_end,3,42992651
63.903,compaction_begin,3,0
64.062,compaction_end,3,42992649
64.074,compaction_begin,3,0
64.231,compaction_end,3,43367081
64.243,compaction_begin,3,0
64.400,compaction_end,3,42992648
64.411,compaction_begin,3,0
64.569,compaction_end,3,43367081
64.579,compaction_begin,3,0
64.737,compaction_end,3,42992648
64.747,compaction_begin,3,0
65.275,compaction_end,3,36752696
65.285,compaction_begin,3,0
65.491,compaction_end,3,42992650
65.502,compaction_begin,3,0
65.659,compaction_end,3,42992650
65.670,compaction_begin,3,0
65.828,compaction_end,3,42992648
65.839,compaction_begin,3,0
66.509,compaction_end,3,44030065
66.520,compaction_begin,3,0
66.680,compaction_end,3,42992648
66.691,compaction_begin,3,0
66.850,compaction_end,3,42992647
66.861,compaction_begin,3,0
67.581,compaction_end,3,42992649
67.592,compaction_begin,3,0
67.753,compaction_end,3,42992652
67.764,compaction_begin,3,0
67.923,compaction_end,3,42992649
67.934,compaction_begin,3,0
68.414,flush_begin,0,0
68.425,flush_end,0,2744963
68.667,compaction_end,3,42618172
68.677,compaction_begin,2,0
68.984,compaction_end,2,3872733
68.999,compaction_begin,3,0
69.182,compaction_end,3,42992648
69.194,compaction_begin,3,0
69.350,compaction_end,3,42992650
69.362,compaction_begin,3,0
69.520,compaction_end,3,42992651
69.532,compaction_begin,3,0
69.692,compaction_end,3,42992649
69.703,compaction_begin,3,0
69.863,compaction_end,3,43367081
69.875,compaction_begin,3,0
70.032,compaction_end,3,42992649
70.044,compaction_begin,3,0
70.204,compaction_end,3,42992648
70.215,compaction_begin,3,0
70.375,compaction_end,3,42992650
70.385,compaction_begin,3,0
70.522,compaction_end,3,36752696
70.533,compaction_begin,3,0
70.747,compaction_end,3,43367078
70.758,compaction_begin,3,0
70.917,compaction_end,3,42992648
70.928,compaction_begin,3,0
71.089,compaction_end,3,42992648
71.100,compaction_begin,3,0
71.265,compaction_end,3,42992648
71.276,compaction_begin,3,0
71.961,compaction_end,3,42992648
71.971,compaction_begin,3,0
72.134,compaction_end,3,42992647
72.145,compaction_begin,3,0
72.868,compaction_end,3,42992649
72.878,compaction_begin,3,0
73.038,compaction_end,3,42992648
73.049,compaction_begin,3,0
73.207,compaction_end,3,42618172
73.218,compaction_begin,3,0
73.375,compaction_end,3,42992652
73.386,compaction_begin,3,0
73.854,flush_begin,0,0
73.866,flush_end,0,2744654
74.106,compaction_end,3,42992648
74.117,compaction_begin,2,0
74.425,compaction_end,2,3947850
74.443,compaction_begin,3,0
74.630,compaction_end,3,42992648
74.643,compaction_begin,3,0
74.800,compaction_end,3,42992651
74.812,compaction_begin,3,0
74.966,compaction_end,3,42992650
74.978,compaction_begin,3,0
75.136,compaction_end,3,42992648
75.147,compaction_begin,3,0
75.302,compaction_end,3,42992650
75.313,compaction_begin,3,0
75.468,compaction_end,3,42992649
75.480,compaction_begin,3,0
76.100,compaction_end,3,42992649
76.111,compaction_begin,3,0
76.270,compaction_end,3,43367078
76.281,compaction_begin,3,0
76.775,compaction_end,3,44404454
76.786,compaction_begin,3,0
76.944,compaction_end,3,43367081
76.956,compaction_begin,3,0
77.114,compaction_end,3,42992648
77.125,compaction_begin,3,0
77.283,compaction_end,3,42992649
77.294,compaction_begin,3,0
77.453,compaction_end,3,42992648
77.464,compaction_begin,3,0
77.621,compaction_end,3,42992649
77.633,compaction_begin,3,0
77.792,compaction_end,3,42992652
77.804,compaction_begin,3,0
77.965,compaction_end,3,43367081
77.974,compaction_begin,3,0
78.134,compaction_end,3,42992648
78.147,compaction_begin,3,0
78.810,compaction_end,3,42618171
78.821,compaction_begin,3,0
78.979,compaction_end,3,42992647
78.990,compaction_begin,3,0
79.147,compaction_end,3,42992648
79.158,compaction_begin,3,0
79.301,flush_begin,0,0
79.312,flush_end,0,2744821
79.332,compaction_end,3,42992648
79.343,compaction_begin,2,0
79.629,compaction_end,2,3987965
79.640,compaction_begin,3,0
79.792,compaction_end,3,42992648
79.804,compaction_begin,3,0
79.962,compaction_end,3,43367081
79.973,compaction_begin,3,0
80.128,compaction_end,3,42992651
80.140,compaction_begin,3,0
80.294,compaction_end,3,42992650
80.307,compaction_begin,3,0
80.467,compaction_end,3,42992648
80.478,compaction_begin,3,0
80.635,compaction_end,3,42992649
80.646,compaction_begin,3,0
81.351,compaction_end,3,42618172
81.362,compaction_begin,3,0
81.521,compaction_end,3,42992652
81.532,compaction_begin,3,0
81.689,compaction_end,3,42992650
81.700,compaction_begin,3,0
81.869,compaction_end,3,42992649
81.881,compaction_begin,3,0
82.039,compaction_end,3,42992649
82.049,compaction_begin,3,0
82.207,compaction_end,3,43367084
82.218,compaction_begin,3,0
82.379,compaction_end,3,42992650
82.390,compaction_begin,3,0
83.109,compaction_end,3,45679535
83.120,compaction_begin,3,0
83.279,compaction_end,3,42992648
83.290,compaction_begin,3,0
83.450,compaction_end,3,42992648
83.461,compaction_begin,3,0
83.619,compaction_end,3,42992647
83.630,compaction_begin,3,0
83.791,compaction_end,3,43367078
83.801,compaction_begin,3,0
83.961,compaction_end,3,42992648
83.972,compaction_begin,3,0
84.128,compaction_end,3,42618172
84.139,compaction_begin,3,0
84.296,compaction_end,3,42992648
84.307,compaction_begin,3,0
84.465,compaction_end,3,42618171
84.475,compaction_begin,3,0
84.632,compaction_end,3,42992648
84.643,compaction_begin,3,0
84.720,flush_begin,0,0
84.731,flush_end,0,2744963
85.390,compaction_end,3,42992650
85.401,compaction_begin,2,0
85.705,compaction_end,2,4031537
85.720,compaction_begin,3,0
85.902,compaction_end,3,42992648
85.914,compaction_begin,3,0
86.069,compaction_end,3,42992651
86.081,compaction_begin,3,0
86.234,compaction_end,3,42992650
86.246,compaction_begin,3,0
86.406,compaction_end,3,42992648
86.417,compaction_begin,3,0
86.575,compaction_end,3,42992648
86.586,compaction_begin,3,0
86.744,compaction_end,3,43367081
86.756,compaction_begin,3,0
86.913,compaction_end,3,42992649
86.925,compaction_begin,3,0
87.084,compaction_end,3,42992649
87.094,compaction_begin,3,0
87.254,compaction_end,3,42992648
87.265,compaction_begin,3,0
87.424,compaction_end,3,42992649
87.435,compaction_begin,3,0
87.593,compaction_end,3,42992650
87.604,compaction_begin,3,0
87.760,compaction_end,3,42992647
87.771,compaction_begin,3,0
87.931,compaction_end,3,43367078
87.941,compaction_begin,3,0
88.100,compaction_end,3,42618171
88.110,compaction_begin,3,0
88.268,compaction_end,3,42992648
88.279,compaction_begin,3,0
88.437,compaction_end,3,42992652
88.448,compaction_begin,3,0
88.608,compaction_end,3,42992648
88.619,compaction_begin,3,0
89.329,compaction_end,3,43367079
89.340,compaction_begin,3,0
89.498,compaction_end,3,42618172
89.509,compaction_begin,3,0
89.666,compaction_end,3,42992648
89.678,compaction_begin,3,0
89.837,compaction_end,3,43367084
89.848,compaction_begin,3,0
90.008,compaction_end,3,42992650
90.019,compaction_begin,3,0
90.137,flush_begin,0,0
90.150,flush_end,0,2744406
90.667,compaction_end,3,42992650
90.678,compaction_begin,2,0
90.978,compaction_end,2,4055397
90.993,compaction_begin,3,0
91.182,compaction_end,3,42992648
91.190,compaction_begin,3,0
91.345,compaction_end,3,42992651
91.361,compaction_begin,3,0
91.517,compaction_end,3,42992650
91.530,compaction_begin,3,0
91.687,compaction_end,3,42992649
91.699,compaction_begin,3,0
91.859,compaction_end,3,42992647
91.870,compaction_begin,3,0
92.031,compaction_end,3,42992652
92.040,compaction_begin,3,0
92.198,compaction_end,3,42992648
92.210,compaction_begin,3,0
92.371,compaction_end,3,43367081
92.383,compaction_begin,3,0
92.610,compaction_end,3,43367078
92.621,compaction_begin,3,0
92.779,compaction_end,3,42992648
92.790,compaction_begin,3,0
92.950,compaction_end,3,42992649
92.960,compaction_begin,3,0
93.118,compaction_end,3,42992650
93.129,compaction_begin,3,0
93.289,compaction_end,3,42992650
93.299,compaction_begin,3,0
93.456,compaction_end,3,43367079
93.467,compaction_begin,3,0
93.623,compaction_end,3,43367081
93.633,compaction_begin,3,0
93.790,compaction_end,3,42992648
93.798,compaction_begin,3,0
94.485,compaction_end,3,42618170
94.498,compaction_begin,3,0
94.657,compaction_end,3,42992648
94.667,compaction_begin,3,0
94.821,compaction_end,3,42618172
94.832,compaction_begin,3,0
94.987,compaction_end,3,42992648
94.998,compaction_begin,3,0
95.156,compaction_end,3,42992649
95.167,compaction_begin,3,0
95.608,flush_begin,0,0
95.619,flush_end,0,2744528
95.877,compaction_end,3,42618169
95.887,compaction_begin,2,0
96.189,compaction_end,2,4084959
96.204,compaction_begin,3,0
96.392,compaction_end,3,42992648
96.405,compaction_begin,3,0
96.559,compaction_end,3,42992651
96.571,compaction_begin,3,0
96.728,compaction_end,3,42992650
96.739,compaction_begin,3,0
96.898,compaction_end,3,42992648
96.909,compaction_begin,3,0
97.066,compaction_end,3,42618169
97.077,compaction_begin,3,0
97.232,compaction_end,3,43367081
97.244,compaction_begin,3,0
97.402,compaction_end,3,42992650
97.413,compaction_begin,3,0
97.572,compaction_end,3,42992648
97.583,compaction_begin,3,0
97.740,compaction_end,3,42992648
97.750,compaction_begin,3,0
97.909,compaction_end,3,42992648
97.920,compaction_begin,3,0
98.079,compaction_end,3,42992647
98.091,compaction_begin,3,0
98.248,compaction_end,3,43367079
98.258,compaction_begin,3,0
98.417,compaction_end,3,42992650
98.428,compaction_begin,3,0
98.587,compaction_end,3,43367078
98.598,compaction_begin,3,0
98.757,compaction_end,3,42992650
98.767,compaction_begin,3,0
99.457,compaction_end,3,42992649
99.467,compaction_begin,3,0
100.160,compaction_end,3,43367082
100.170,compaction_begin,3,0
100.336,compaction_end,3,42992649
100.348,compaction_begin,3,0
100.506,compaction_end,3,42618171
100.517,compaction_begin,3,0
100.675,compaction_end,3,42992648
100.686,compaction_begin,3,0
100.845,compaction_end,3,42992649
100.856,compaction_begin,3,0
101.018,compaction_end,3,43367084
101.028,compaction_begin,3,0
101.092,flush_begin,0,0
101.103,flush_end,0,2744563
101.204,compaction_end,3,42618170
101.215,compaction_begin,2,0
101.527,compaction_end,2,4166429
101.541,compaction_begin,3,0
101.727,compaction_end,3,42992648
101.739,compaction_begin,3,0
101.895,compaction_end,3,42992650
101.908,compaction_begin,3,0
102.063,compaction_end,3,42992651
102.075,compaction_begin,3,0
102.234,compaction_end,3,42992650
102.244,compaction_begin,3,0
102.405,compaction_end,3,42992649
102.416,compaction_begin,3,0
102.572,compaction_end,3,43367081
102.584,compaction_begin,3,0
102.739,compaction_end,3,42618172
102.749,compaction_begin,3,0
102.907,compaction_end,3,42992647
102.918,compaction_begin,3,0
103.076,compaction_end,3,42992650
103.087,compaction_begin,3,0
103.247,compaction_end,3,43367078
103.257,compaction_begin,3,0
103.414,compaction_end,3,42618169
103.428,compaction_begin,3,0
104.136,compaction_end,3,42992651
104.146,compaction_begin,3,0
104.303,compaction_end,3,42992648
104.314,compaction_begin,3,0
104.473,compaction_end,3,42992650
104.483,compaction_begin,3,0
104.642,compaction_end,3,42992648
104.654,compaction_begin,3,0
104.814,compaction_end,3,43367081
104.825,compaction_begin,3,0
104.985,compaction_end,3,42618170
104.996,compaction_begin,3,0
105.652,compaction_end,3,42992649
105.662,compaction_begin,3,0
105.821,compaction_end,3,42992648
105.833,compaction_begin,3,0
106.531,compaction_end,3,44404453
106.541,compaction_begin,3,0
106.543,flush_begin,0,0
106.554,flush_end,0,2744680
107.220,compaction_end,3,42992648
107.230,compaction_begin,2,0
107.529,compaction_end,2,4157845
107.539,compaction_begin,3,0
107.717,compaction_end,3,42992648
107.731,compaction_begin,3,0
107.887,compaction_end,3,42992650
107.899,compaction_begin,3,0
108.054,compaction_end,3,42992651
108.065,compaction_begin,3,0
108.221,compaction_end,3,43367081
108.232,compaction_begin,3,0
108.392,compaction_end,3,42992648
108.401,compaction_begin,3,0
108.557,compaction_end,3,42992649
108.570,compaction_begin,3,0
108.726,compaction_end,3,42992649
108.737,compaction_begin,3,0
108.895,compaction_end,3,42992648
108.905,compaction_begin,3,0
109.066,compaction_end,3,43367079
109.076,compaction_begin,3,0
109.235,compaction_end,3,42992648
109.243,compaction_begin,3,0
109.402,compaction_end,3,42992647
109.414,compaction_begin,3,0
109.579,compaction_end,3,42618169
109.589,compaction_begin,3,0
109.748,compaction_end,3,42992648
109.758,compaction_begin,3,0
109.917,compaction_end,3,43367079
109.928,compaction_begin,3,0
110.086,compaction_end,3,42992650
110.097,compaction_begin,3,0
110.256,compaction_end,3,42992651
110.266,compaction_begin,3,0
110.426,compaction_end,3,42618172
110.436,compaction_begin,3,0
110.595,compaction_end,3,42992648
110.605,compaction_begin,3,0
110.764,compaction_end,3,42618170
110.774,compaction_begin,3,0
110.932,compaction_end,3,42992649
110.941,compaction_begin,3,0
111.101,compaction_end,3,42992650
111.114,compaction_begin,3,0
111.274,compaction_end,3,43367081
111.284,compaction_begin,3,0
111.443,compaction_end,3,42992650
111.454,compaction_begin,3,0
111.610,compaction_end,3,42992649
111.620,compaction_begin,3,0
111.779,compaction_end,3,43367084
111.789,compaction_begin,3,0
111.962,flush_begin,0,0
111.972,flush_end,0,2744845
112.510,compaction_end,3,42992649
112.520,compaction_begin,2,0
112.817,compaction_end,2,4276554
112.831,compaction_begin,3,0
113.009,compaction_end,3,42992648
113.021,compaction_begin,3,0
113.174,compaction_end,3,42992649
113.187,compaction_begin,3,0
113.395,compaction_end,3,42992649
113.407,compaction_begin,3,0
113.567,compaction_end,3,43367083
113.578,compaction_begin,3,0
113.737,compaction_end,3,42992648
113.747,compaction_begin,3,0
113.904,compaction_end,3,42992650
113.915,compaction_begin,3,0
114.075,compaction_end,3,42992650
114.085,compaction_begin,3,0
114.243,compaction_end,3,42992648
114.254,compaction_begin,3,0
114.414,compaction_end,3,42992649
114.424,compaction_begin,3,0
114.583,compaction_end,3,42992648
114.593,compaction_begin,3,0
114.751,compaction_end,3,42992650
114.761,compaction_begin,3,0
114.980,compaction_end,3,42618172
114.996,compaction_begin,3,0
115.645,compaction_end,3,43367083
115.655,compaction_begin,3,0
115.817,compaction_end,3,42992648
115.827,compaction_begin,3,0
115.987,compaction_end,3,42992648
115.997,compaction_begin,3,0
116.158,compaction_end,3,43367082
116.169,compaction_begin,3,0
116.328,compaction_end,3,42992650
116.339,compaction_begin,3,0
116.573,compaction_end,3,42992652
116.586,compaction_begin,3,0
116.747,compaction_end,3,42992648
116.758,compaction_begin,3,0
116.971,compaction_end,3,42618174
116.981,compaction_begin,3,0
117.394,flush_begin,0,0
117.406,flush_end,0,2744365
117.684,compaction_end,3,43367079
117.694,compaction_begin,2,0
118.005,compaction_end,2,4330662
118.022,compaction_begin,3,0
118.217,compaction_end,3,42992652
118.230,compaction_begin,3,0
118.452,compaction_end,3,43367081
118.463,compaction_begin,3,0
118.618,compaction_end,3,42992652
118.630,compaction_begin,3,0
118.797,compaction_end,3,42992653
118.811,compaction_begin,3,0
118.972,compaction_end,3,43367079
118.983,compaction_begin,3,0
119.142,compaction_end,3,43367079
119.154,compaction_begin,3,0
119.315,compaction_end,3,42992649
119.325,compaction_begin,3,0
119.486,compaction_end,3,42992648
119.497,compaction_begin,3,0
119.656,compaction_end,3,43367078
119.666,compaction_begin,3,0
119.826,compaction_end,3,43367083
119.837,compaction_begin,3,0
119.996,compaction_end,3,42992650
120.007,compaction_begin,3,0
120.166,compaction_end,3,42992648
120.177,compaction_begin,3,0
120.336,compaction_end,3,42992648
120.347,compaction_begin,3,0
120.505,compaction_end,3,42992652
120.516,compaction_begin,3,0
120.672,compaction_end,3,42992648
120.683,compaction_begin,3,0
120.917,compaction_end,3,44404453
120.929,compaction_begin,3,0
121.086,compaction_end,3,42618172
121.096,compaction_begin,3,0
121.728,compaction_end,3,42618173
121.740,compaction_begin,3,0
121.901,compaction_end,3,43367078
121.912,compaction_begin,3,0
122.473,compaction_end,3,42618169
122.483,compaction_begin,3,0
122.644,compaction_end,3,43367078
122.655,compaction_begin,3,0
122.870,flush_begin,0,0
122.881,flush_end,0,2744500
123.399,compaction_end,3,42992651
123.409,compaction_begin,2,0
123.723,compaction_end,2,4408996
123.738,compaction_begin,3,0
123.920,compaction_end,3,42992648
123.932,compaction_begin,3,0
124.090,compaction_end,3,43367083
124.102,compaction_begin,3,0
124.257,compaction_end,3,42992651
124.269,compaction_begin,3,0
124.424,compaction_end,3,42618172
124.436,compaction_begin,3,0
124.598,compaction_end,3,43367081
124.608,compaction_begin,3,0
124.840,compaction_end,3,44030062
124.850,compaction_begin,3,0
125.010,compaction_end,3,43367081
125.020,compaction_begin,3,0
125.178,compaction_end,3,42992654
125.189,compaction_begin,3,0
125.350,compaction_end,3,43367083
125.361,compaction_begin,3,0
125.519,compaction_end,3,43367079
125.531,compaction_begin,3,0
125.689,compaction_end,3,42992650
125.700,compaction_begin,3,0
125.933,compaction_end,3,44030061
125.944,compaction_begin,3,0
126.658,compaction_end,3,42992647
126.669,compaction_begin,3,0
126.826,compaction_end,3,42618174
126.837,compaction_begin,3,0
126.997,compaction_end,3,42992653
127.008,compaction_begin,3,0
127.166,compaction_end,3,43367078
127.177,compaction_begin,3,0
127.390,compaction_end,3,42618173
127.401,compaction_begin,3,0
127.610,compaction_end,3,42992649
127.621,compaction_begin,3,0
127.788,compaction_end,3,42992649
127.799,compaction_begin,3,0
128.336,flush_begin,0,0
128.348,flush_end,0,2744812
128.466,compaction_end,3,43367081
128.476,compaction_begin,2,0
128.781,compaction_end,2,4444935
128.798,compaction_begin,3,0
128.990,compaction_end,3,42992651
128.998,compaction_begin,3,0
129.159,compaction_end,3,42992652
129.175,compaction_begin,3,0
129.331,compaction_end,3,43367082
129.343,compaction_begin,3,0
129.502,compaction_end,3,43367079
129.513,compaction_begin,3,0
129.670,compaction_end,3,42992650
129.681,compaction_begin,3,0
129.840,compaction_end,3,43367081
129.848,compaction_begin,3,0
130.007,compaction_end,3,42992652
130.021,compaction_begin,3,0
130.176,compaction_end,3,42618169
130.187,compaction_begin,3,0
130.344,compaction_end,3,42992648
130.355,compaction_begin,3,0
130.513,compaction_end,3,42992649
130.524,compaction_begin,3,0
131.186,compaction_end,3,42618172
131.196,compaction_begin,3,0
131.432,compaction_end,3,44030064
131.443,compaction_begin,3,0
131.599,compaction_end,3,43367078
131.610,compaction_begin,3,0
131.768,compaction_end,3,43367081
131.779,compaction_begin,3,0
131.939,compaction_end,3,42992649
131.949,compaction_begin,3,0
132.106,compaction_end,3,42618171
132.118,compaction_begin,3,0
132.274,compaction_end,3,42618171
132.285,compaction_begin,3,0
132.499,compaction_end,3,42992653
132.510,compaction_begin,3,0
132.721,compaction_end,3,43367079
132.732,compaction_begin,3,0
132.942,compaction_end,3,43367081
132.950,compaction_begin,3,0
133.109,compaction_end,3,43367079
133.122,compaction_begin,3,0
133.284,compaction_end,3,43367080
133.295,compaction_begin,3,0
133.452,compaction_end,3,43367083
133.463,compaction_begin,3,0
133.618,compaction_end,3,42618174
133.628,compaction_begin,3,0
133.787,compaction_end,3,42992647
133.797,flush_begin,0,0
133.809,flush_end,0,2744428
133.818,compaction_begin,2,0
134.119,compaction_end,2,4518056
134.134,compaction_begin,3,0
134.317,compaction_end,3,42992651
134.329,compaction_begin,3,0
134.487,compaction_end,3,43367082
134.499,compaction_begin,3,0
134.653,compaction_end,3,42992652
134.665,compaction_begin,3,0
134.821,compaction_end,3,42992648
134.831,compaction_begin,3,0
134.989,compaction_end,3,43367081
134.999,compaction_begin,3,0
135.155,compaction_end,3,43367081
135.166,compaction_begin,3,0
135.322,compaction_end,3,43367079
135.334,compaction_begin,3,0
135.491,compaction_end,3,42992652
135.501,compaction_begin,3,0
135.658,compaction_end,3,42618171
135.669,compaction_begin,3,0
135.829,compaction_end,3,43367083
135.840,compaction_begin,3,0
136.001,compaction_end,3,42992650
136.012,compaction_begin,3,0
136.182,compaction_end,3,43367081
136.193,compaction_begin,3,0
136.350,compaction_end,3,42992649
136.361,compaction_begin,3,0
136.520,compaction_end,3,42618169
136.531,compaction_begin,3,0
136.686,compaction_end,3,42618171
136.697,compaction_begin,3,0
136.858,compaction_end,3,43367079
136.869,compaction_begin,3,0
137.574,compaction_end,3,42992653
137.585,compaction_begin,3,0
138.204,compaction_end,3,42992654
138.215,compaction_begin,3,0
138.376,compaction_end,3,43367083
138.387,compaction_begin,3,0
138.548,compaction_end,3,43367079
138.559,compaction_begin,3,0
138.717,compaction_end,3,43367078
138.728,compaction_begin,3,0
138.889,compaction_end,3,43367080
138.900,compaction_begin,3,0
139.059,compaction_end,3,43367083
139.070,compaction_begin,3,0
139.206,flush_begin,0,0
139.218,flush_end,0,2744846
139.250,compaction_end,3,42992653
139.261,compaction_begin,2,0
139.564,compaction_end,2,4596464
139.580,compaction_begin,3,0
139.763,compaction_end,3,42992651
139.775,compaction_begin,3,0
139.929,compaction_end,3,43367082
139.941,compaction_begin,3,0
140.095,compaction_end,3,42992652
140.107,compaction_begin,3,0
140.265,compaction_end,3,42618171
140.276,compaction_begin,3,0
140.436,compaction_end,3,43367079
140.448,compaction_begin,3,0
140.606,compaction_end,3,43367079
140.617,compaction_begin,3,0
140.775,compaction_end,3,43367081
140.787,compaction_begin,3,0
140.946,compaction_end,3,43367078
140.957,compaction_begin,3,0
141.582,compaction_end,3,42618174
141.593,compaction_begin,3,0
141.754,compaction_end,3,43367079
141.765,compaction_begin,3,0
141.924,compaction_end,3,42992649
141.935,compaction_begin,3,0
142.094,compaction_end,3,42992649
142.105,compaction_begin,3,0
142.263,compaction_end,3,43367078
142.275,compaction_begin,3,0
142.433,compaction_end,3,42992652
142.444,compaction_begin,3,0
142.599,compaction_end,3,42618172
142.608,compaction_begin,3,0
143.122,compaction_end,3,33453457
143.134,compaction_begin,3,0
143.294,compaction_end,3,42992654
143.305,compaction_begin,3,0
143.462,compaction_end,3,43367081
143.473,compaction_begin,3,0
144.128,compaction_end,3,42618171
144.139,compaction_begin,3,0
144.350,compaction_end,3,43367079
144.361,compaction_begin,3,0
144.521,compaction_end,3,43367083
144.532,compaction_begin,3,0
144.677,flush_begin,0,0
144.689,flush_end,0,2744661
144.713,compaction_end,3,43367080
144.724,compaction_begin,2,0
145.033,compaction_end,2,4593498
145.048,compaction_begin,3,0
145.229,compaction_end,3,42992651
145.242,compaction_begin,3,0
145.399,compaction_end,3,42992652
145.411,compaction_begin,3,0
145.567,compaction_end,3,43367082
145.579,compaction_begin,3,0
145.744,compaction_end,3,42618171
145.754,compaction_begin,3,0
145.915,compaction_end,3,43367081
145.926,compaction_begin,3,0
146.085,compaction_end,3,42618172
146.096,compaction_begin,3,0
146.254,compaction_end,3,42992649
146.266,compaction_begin,3,0
146.427,compaction_end,3,43367081
146.439,compaction_begin,3,0
146.597,compaction_end,3,43367079
146.609,compaction_begin,3,0
146.765,compaction_end,3,42992652
146.776,compaction_begin,3,0
146.935,compaction_end,3,42618171
146.947,compaction_begin,3,0
147.105,compaction_end,3,42992648
147.115,compaction_begin,3,0
147.274,compaction_end,3,42992650
147.285,compaction_begin,3,0
147.445,compaction_end,3,43367078
147.456,compaction_begin,3,0
147.580,compaction_end,3,33453457
147.590,compaction_begin,3,0
147.747,compaction_end,3,42992653
147.758,compaction_begin,3,0
147.915,compaction_end,3,42992649
147.926,compaction_begin,3,0
148.623,compaction_end,3,43367083
148.633,compaction_begin,3,0
148.809,compaction_end,3,42992653
148.819,compaction_begin,3,0
148.979,compaction_end,3,42992654
148.990,compaction_begin,3,0
149.148,compaction_end,3,43367081
149.159,compaction_begin,3,0
149.318,compaction_end,3,42618174
149.330,compaction_begin,3,0
149.489,compaction_end,3,43367078
149.500,compaction_begin,3,0
149.657,compaction_end,3,43367079
149.667,compaction_begin,3,0
149.825,compaction_end,3,43367080
149.833,compaction_begin,3,0
149.992,compaction_end,3,42618171
150.005,compaction_begin,3,0
150.135,flush_begin,0,0
150.146,flush_end,0,2744847
150.713,compaction_end,3,41955152
150.724,compaction_begin,2,0
151.032,compaction_end,2,4532277
151.049,compaction_begin,3,0
151.236,compaction_end,3,42992651
151.249,compaction_begin,3,0
151.409,compaction_end,3,42992652
151.421,compaction_begin,3,0
151.580,compaction_end,3,43367082
151.593,compaction_begin,3,0
151.757,compaction_end,3,43367079
151.769,compaction_begin,3,0
151.931,compaction_end,3,42618172
151.942,compaction_begin,3,0
152.107,compaction_end,3,43367079
152.118,compaction_begin,3,0
152.282,compaction_end,3,43367078
152.293,compaction_begin,3,0
152.457,compaction_end,3,42618171
152.467,compaction_begin,3,0
152.633,compaction_end,3,42992650
152.644,compaction_begin,3,0
152.806,compaction_end,3,42618171
152.817,compaction_begin,3,0
152.983,compaction_end,3,43367079
152.994,compaction_begin,3,0
153.157,compaction_end,3,42992648
153.168,compaction_begin,3,0
153.331,compaction_end,3,42618169
153.342,compaction_begin,3,0
153.508,compaction_end,3,43367083
153.519,compaction_begin,3,0
153.685,compaction_end,3,42992652
153.696,compaction_begin,3,0
153.826,compaction_end,3,33453457
153.836,compaction_begin,3,0
154.012,compaction_end,3,43367078
154.023,compaction_begin,3,0
154.189,compaction_end,3,43367083
154.200,compaction_begin,3,0
154.361,compaction_end,3,43367081
154.373,compaction_begin,3,0
154.538,compaction_end,3,42992649
154.549,compaction_begin,3,0
154.713,compaction_end,3,43367080
154.724,compaction_begin,3,0
154.890,compaction_end,3,42992654
154.901,compaction_begin,3,0
155.064,compaction_end,3,42618171
155.075,compaction_begin,3,0
155.605,flush_begin,0,0
155.616,flush_end,0,2744274
155.774,compaction_end,3,42618173
155.785,compaction_begin,2,0
156.086,compaction_end,2,4628965
156.101,compaction_begin,3,0
156.283,compaction_end,3,42992651
156.296,compaction_begin,3,0
156.457,compaction_end,3,42992652
156.469,compaction_begin,3,0
156.629,compaction_end,3,43367082
156.641,compaction_begin,3,0
156.804,compaction_end,3,43367079
156.815,compaction_begin,3,0
156.977,compaction_end,3,43367078
156.988,compaction_begin,3,0
157.148,compaction_end,3,43367081
157.159,compaction_begin,3,0
157.320,compaction_end,3,42618171
157.331,compaction_begin,3,0
157.496,compaction_end,3,43367078
157.506,compaction_begin,3,0
157.634,compaction_end,3,33453457
157.644,compaction_begin,3,0
157.805,compaction_end,3,42992649
157.816,compaction_begin,3,0
157.978,compaction_end,3,42618172
157.989,compaction_begin,3,0
158.149,compaction_end,3,42618173
158.160,compaction_begin,3,0
158.321,compaction_end,3,42992649
158.334,compaction_begin,3,0
158.499,compaction_end,3,43367081
158.511,compaction_begin,3,0
158.673,compaction_end,3,42618171
158.683,compaction_begin,3,0
158.848,compaction_end,3,42618169
158.860,compaction_begin,3,0
159.557,compaction_end,3,42992651
159.567,compaction_begin,3,0
159.730,compaction_end,3,42992652
159.741,compaction_begin,3,0
159.901,compaction_end,3,42992648
159.912,compaction_begin,3,0
160.076,compaction_end,3,43367083
160.087,compaction_begin,3,0
160.249,compaction_end,3,43367079
160.260,compaction_begin,3,0
160.424,compaction_end,3,42618171
160.435,compaction_begin,3,0
161.061,flush_begin,0,0
161.073,flush_end,0,2744595
161.156,compaction_end,3,44030065
161.167,compaction_begin,2,0
161.478,compaction_end,2,4660620
161.495,compaction_begin,3,0
161.685,compaction_end,3,42992651
161.698,compaction_begin,3,0
161.854,compaction_end,3,43367082
161.867,compaction_begin,3,0
162.026,compaction_end,3,42992652
162.034,compaction_begin,3,0
162.195,compaction_end,3,43367079
162.209,compaction_begin,3,0
162.375,compaction_end,3,43367078
162.385,compaction_begin,3,0
162.547,compaction_end,3,43367081
162.558,compaction_begin,3,0
162.718,compaction_end,3,43367083
162.729,compaction_begin,3,0
162.899,compaction_end,3,43367079
162.910,compaction_begin,3,0
163.069,compaction_end,3,42618173
163.080,compaction_begin,3,0
163.244,compaction_end,3,43367081
163.255,compaction_begin,3,0
163.945,compaction_end,3,42618173
163.955,compaction_begin,3,0
164.116,compaction_end,3,42992649
164.127,compaction_begin,3,0
164.290,compaction_end,3,43367079
164.302,compaction_begin,3,0
164.464,compaction_end,3,42992649
164.475,compaction_begin,3,0
164.636,compaction_end,3,43367084
164.647,compaction_begin,3,0
164.806,compaction_end,3,42618169
164.817,compaction_begin,3,0
164.976,compaction_end,3,43367081
164.988,compaction_begin,3,0
165.115,compaction_end,3,33453457
165.125,compaction_begin,3,0
165.284,compaction_end,3,42618174
165.294,compaction_begin,3,0
165.454,compaction_end,3,42618171
165.465,compaction_begin,3,0
166.173,compaction_end,3,42992649
166.182,compaction_begin,3,0
166.345,compaction_end,3,42992650
166.357,compaction_begin,3,0
166.500,flush_begin,0,0
166.511,flush_end,0,2744759
166.534,compaction_end,3,42992648
166.545,compaction_begin,2,0
166.845,compaction_end,2,4705492
166.861,compaction_begin,3,0
167.047,compaction_end,3,42992651
167.060,compaction_begin,3,0
167.220,compaction_end,3,43367082
167.233,compaction_begin,3,0
167.390,compaction_end,3,42992652
167.401,compaction_begin,3,0
167.563,compaction_end,3,43367081
167.575,compaction_begin,3,0
167.739,compaction_end,3,43367079
167.749,compaction_begin,3,0
167.909,compaction_end,3,43367079
167.921,compaction_begin,3,0
168.082,compaction_end,3,43367078
168.092,compaction_begin,3,0
168.255,compaction_end,3,43367083
168.266,compaction_begin,3,0
168.428,compaction_end,3,43367084
168.438,compaction_begin,3,0
168.600,compaction_end,3,42992649
168.610,compaction_begin,3,0
168.771,compaction_end,3,43367083
168.783,compaction_begin,3,0
168.941,compaction_end,3,42618174
168.952,compaction_begin,3,0
169.112,compaction_end,3,43367081
169.123,compaction_begin,3,0
169.283,compaction_end,3,42992654
169.294,compaction_begin,3,0
169.452,compaction_end,3,42618171
169.462,compaction_begin,3,0
170.127,compaction_end,3,43367081
170.138,compaction_begin,3,0
170.295,compaction_end,3,42618171
170.306,compaction_begin,3,0
170.466,compaction_end,3,42992648
170.476,compaction_begin,3,0
170.634,compaction_end,3,43367081
170.645,compaction_begin,3,0
170.803,compaction_end,3,42992651
170.815,compaction_begin,3,0
170.973,compaction_end,3,42618171
170.984,compaction_begin,3,0
171.145,compaction_end,3,42992650
171.156,compaction_begin,3,0
171.860,compaction_end,3,42992647
171.871,compaction_begin,3,0
171.954,flush_begin,0,0
171.966,flush_end,0,2744308
172.018,compaction_end,3,33453457
172.029,compaction_begin,2,0
172.340,compaction_end,2,4733295
172.355,compaction_begin,3,0
172.537,compaction_end,3,42992651
172.550,compaction_begin,3,0
172.705,compaction_end,3,42992652
172.718,compaction_begin,3,0
172.874,compaction_end,3,43367082
172.887,compaction_begin,3,0
173.046,compaction_end,3,43367081
173.057,compaction_begin,3,0
173.216,compaction_end,3,43367078
173.227,compaction_begin,3,0
173.385,compaction_end,3,43367079
173.397,compaction_begin,3,0
173.556,compaction_end,3,42618171
173.566,compaction_begin,3,0
173.725,compaction_end,3,43367081
173.736,compaction_begin,3,0
173.898,compaction_end,3,42618172
173.909,compaction_begin,3,0
174.334,compaction_end,3,43367078
174.344,compaction_begin,3,0
174.504,compaction_end,3,42992648
174.514,compaction_begin,3,0
175.178,compaction_end,3,42618171
175.189,compaction_begin,3,0
175.349,compaction_end,3,43367084
175.360,compaction_begin,3,0
175.517,compaction_end,3,42992649
175.528,compaction_begin,3,0
175.684,compaction_end,3,42618171
175.695,compaction_begin,3,0
176.418,compaction_end,3,42992648
176.429,compaction_begin,3,0
176.588,compaction_end,3,43367079
176.599,compaction_begin,3,0
176.756,compaction_end,3,42618174
176.767,compaction_begin,3,0
176.893,compaction_end,3,33453457
176.903,compaction_begin,3,0
177.061,compaction_end,3,42992650
177.073,compaction_begin,3,0
177.231,compaction_end,3,42992649
177.240,compaction_begin,3,0
177.359,flush_begin,0,0
177.371,flush_end,0,2744552
177.424,compaction_end,3,43367081
177.435,compaction_begin,2,0
177.741,compaction_end,2,4607240
177.757,compaction_begin,3,0
177.947,compaction_end,3,42992651
177.960,compaction_begin,3,0
178.114,compaction_end,3,42992652
178.126,compaction_begin,3,0
178.281,compaction_end,3,43367082
178.294,compaction_begin,3,0
178.452,compaction_end,3,43367079
178.464,compaction_begin,3,0
178.622,compaction_end,3,42992648
178.632,compaction_begin,3,0
178.823,compaction_end,3,43367081
178.834,compaction_begin,3,0
178.990,compaction_end,3,42618171
179.001,compaction_begin,3,0
179.157,compaction_end,3,43367081
179.167,compaction_begin,3,0
179.324,compaction_end,3,42992654
179.335,compaction_begin,3,0
179.490,compaction_end,3,42618169
179.500,compaction_begin,3,0
179.656,compaction_end,3,42992647
179.666,compaction_begin,3,0
179.824,compaction_end,3,42992649
179.834,compaction_begin,3,0
179.989,compaction_end,3,42618171
180.000,compaction_begin,3,0
180.161,compaction_end,3,43367079
180.171,compaction_begin,3,0
180.332,compaction_end,3,43367081
180.342,compaction_begin,3,0
180.504,compaction_end,3,43367078
180.515,compaction_begin,3,0
180.681,compaction_end,3,42618171
180.691,compaction_begin,3,0
180.849,compaction_end,3,42618171
180.859,compaction_begin,3,0
181.019,compaction_end,3,42992650
181.029,compaction_begin,3,0
181.701,compaction_end,3,42618173
181.711,compaction_begin,3,0
182.453,compaction_end,3,46205926
182.463,compaction_begin,3,0
182.624,compaction_end,3,43367078
182.634,compaction_begin,3,0
182.780,flush_begin,0,0
182.791,flush_end,0,2744457
182.814,compaction_end,3,43367083
182.825,compaction_begin,2,0
183.142,compaction_end,2,4660398
183.156,compaction_begin,3,0
183.339,compaction_end,3,42992651
183.352,compaction_begin,3,0
183.510,compaction_end,3,43367082
183.522,compaction_begin,3,0
183.680,compaction_end,3,43367079
183.692,compaction_begin,3,0
183.848,compaction_end,3,42992652
183.861,compaction_begin,3,0
184.019,compaction_end,3,43367081
184.030,compaction_begin,3,0
184.186,compaction_end,3,43367081
184.196,compaction_begin,3,0
184.353,compaction_end,3,42618171
184.363,compaction_begin,3,0
185.034,compaction_end,3,42992652
185.044,compaction_begin,3,0
185.204,compaction_end,3,43367084
185.214,compaction_begin,3,0
185.376,compaction_end,3,42992648
185.387,compaction_begin,3,0
185.548,compaction_end,3,43367078
185.558,compaction_begin,3,0
185.719,compaction_end,3,43367081
185.730,compaction_begin,3,0
185.891,compaction_end,3,42992654
185.901,compaction_begin,3,0
186.062,compaction_end,3,43367080
186.073,compaction_begin,3,0
186.236,compaction_end,3,43367081
186.246,compaction_begin,3,0
186.405,compaction_end,3,42992649
186.416,compaction_begin,3,0
186.576,compaction_end,3,42618171
186.587,compaction_begin,3,0
186.774,compaction_end,3,43367083
186.784,compaction_begin,3,0
186.943,compaction_end,3,42992650
186.955,compaction_begin,3,0
187.114,compaction_end,3,42992647
187.125,compaction_begin,3,0
187.284,compaction_end,3,42618174
187.294,compaction_begin,3,0
187.999,compaction_end,3,42992655
188.009,compaction_begin,3,0
188.169,compaction_end,3,43367079
188.180,compaction_begin,3,0
188.253,flush_begin,0,0
188.264,flush_end,0,2744754
188.324,compaction_end,3,33453457
188.334,compaction_begin,2,0
188.641,compaction_end,2,4705222
188.656,compaction_begin,3,0
188.845,compaction_end,3,42992651
188.857,compaction_begin,3,0
189.017,compaction_end,3,42992652
189.029,compaction_begin,3,0
189.182,compaction_end,3,43367082
189.195,compaction_begin,3,0
189.363,compaction_end,3,43367081
189.374,compaction_begin,3,0
189.535,compaction_end,3,43367079
189.546,compaction_begin,3,0
189.707,compaction_end,3,43367081
189.717,compaction_begin,3,0
189.877,compaction_end,3,42992654
189.885,compaction_begin,3,0
190.050,compaction_end,3,42618171
190.060,compaction_begin,3,0
190.220,compaction_end,3,43367084
190.230,compaction_begin,3,0
190.391,compaction_end,3,43367078
190.402,compaction_begin,3,0
190.565,compaction_end,3,42992650
190.575,compaction_begin,3,0
190.735,compaction_end,3,43367078
190.746,compaction_begin,3,0
191.438,compaction_end,3,43367079
191.448,compaction_begin,3,0
191.635,compaction_end,3,42618171
191.648,compaction_begin,3,0
191.820,compaction_end,3,43367079
191.830,compaction_begin,3,0
192.002,compaction_end,3,43367083
192.013,compaction_begin,3,0
192.410,compaction_end,3,42618172
192.420,compaction_begin,3,0
192.579,compaction_end,3,42992649
192.589,compaction_begin,3,0
192.750,compaction_end,3,42992648
192.761,compaction_begin,3,0
192.919,compaction_end,3,42618171
192.930,compaction_begin,3,0
193.090,compaction_end,3,42992647
193.100,compaction_begin,3,0
193.750,flush_begin,0,0
193.761,flush_end,0,2744280
193.834,compaction_end,3,42992649
193.844,compaction_begin,2,0
194.148,compaction_end,2,4705567
194.165,compaction_begin,3,0
194.355,compaction_end,3,42992651
194.368,compaction_begin,3,0
194.524,compaction_end,3,43367082
194.536,compaction_begin,3,0
194.691,compaction_end,3,42992652
194.703,compaction_begin,3,0
194.863,compaction_end,3,43367079
194.874,compaction_begin,3,0
195.033,compaction_end,3,42992650
195.043,compaction_begin,3,0
195.201,compaction_end,3,43367081
195.212,compaction_begin,3,0
195.372,compaction_end,3,43367084
195.382,compaction_begin,3,0
195.542,compaction_end,3,43367081
195.553,compaction_begin,3,0
195.709,compaction_end,3,42618171
195.719,compaction_begin,3,0
195.878,compaction_end,3,43367078
195.889,compaction_begin,3,0
196.048,compaction_end,3,43367081
196.058,compaction_begin,3,0
196.217,compaction_end,3,42992649
196.228,compaction_begin,3,0
196.385,compaction_end,3,42618171
196.395,compaction_begin,3,0
196.554,compaction_end,3,43367081
196.564,compaction_begin,3,0
196.725,compaction_end,3,42992649
196.735,compaction_begin,3,0
196.894,compaction_end,3,42618173
196.904,compaction_begin,3,0
197.065,compaction_end,3,43367079
197.075,compaction_begin,3,0
197.236,compaction_end,3,42992652
197.247,compaction_begin,3,0
197.914,compaction_end,3,43367079
197.925,compaction_begin,3,0
198.602,compaction_end,3,42618173
198.612,compaction_begin,3,0
198.772,compaction_end,3,42618172
198.783,compaction_begin,3,0
198.945,compaction_end,3,43367079
198.956,compaction_begin,3,0
199.189,flush_begin,0,0
199.200,flush_end,0,2744691
199.670,compaction_end,3,43367080
199.680,compaction_begin,2,0
199.985,compaction_end,2,4673725
200.000,compaction_begin,3,0
200.181,compaction_end,3,42992651
200.193,compaction_begin,3,0
200.350,compaction_end,3,43367079
200.362,compaction_begin,3,0
200.522,compaction_end,3,43367081
200.533,compaction_begin,3,0
200.692,compaction_end,3,42992648
200.702,compaction_begin,3,0
200.862,compaction_end,3,42992652
200.874,compaction_begin,3,0
201.032,compaction_end,3,43367082
201.044,compaction_begin,3,0
201.205,compaction_end,3,43367081
201.215,compaction_begin,3,0
201.375,compaction_end,3,42992649
201.386,compaction_begin,3,0
201.545,compaction_end,3,43367078
201.557,compaction_begin,3,0
202.243,compaction_end,3,43367083
202.253,compaction_begin,3,0
202.415,compaction_end,3,43367081
202.426,compaction_begin,3,0
202.584,compaction_end,3,43367079
202.594,compaction_begin,3,0
202.754,compaction_end,3,42618173
202.765,compaction_begin,3,0
202.923,compaction_end,3,42618171
202.934,compaction_begin,3,0
203.058,compaction_end,3,33453457
203.068,compaction_begin,3,0
203.226,compaction_end,3,43367079
203.237,compaction_begin,3,0
203.395,compaction_end,3,42992652
203.405,compaction_begin,3,0
203.562,compaction_end,3,42618173
203.572,compaction_begin,3,0
203.728,compaction_end,3,42618171
203.739,compaction_begin,3,0
203.896,compaction_end,3,42992649
203.907,compaction_begin,3,0
204.642,compaction_end,3,45305111
204.652,compaction_begin,3,0
204.663,flush_begin,0,0
204.674,flush_end,0,2744268
205.364,compaction_end,3,42992649
205.374,compaction_begin,2,0
205.685,compaction_end,2,4605928
205.700,compaction_begin,3,0
205.888,compaction_end,3,42992651
205.900,compaction_begin,3,0
206.058,compaction_end,3,42992652
206.067,compaction_begin,3,0
206.225,compaction_end,3,42618171
206.239,compaction_begin,3,0
206.397,compaction_end,3,43367082
206.408,compaction_begin,3,0
206.568,compaction_end,3,43367081
206.579,compaction_begin,3,0
207.169,compaction_end,3,43367079
207.179,compaction_begin,3,0
207.338,compaction_end,3,43367080
207.349,compaction_begin,3,0
207.509,compaction_end,3,42992651
207.520,compaction_begin,3,0
207.679,compaction_end,3,42618171
207.689,compaction_begin,3,0
207.849,compaction_end,3,43367081
207.860,compaction_begin,3,0
208.018,compaction_end,3,43367077
208.028,compaction_begin,3,0
208.187,compaction_end,3,43367079
208.200,compaction_begin,3,0
208.357,compaction_end,3,42618172
208.369,compaction_begin,3,0
208.527,compaction_end,3,43367082
208.537,compaction_begin,3,0
208.772,compaction_end,3,42992649
208.803,compaction_begin,3,0
208.965,compaction_end,3,43367081
208.977,compaction_begin,3,0
209.147,compaction_end,3,43367084
209.158,compaction_begin,3,0
209.319,compaction_end,3,43367079
209.330,compaction_begin,3,0
209.489,compaction_end,3,42992649
209.500,compaction_begin,3,0
209.657,compaction_end,3,42992648
209.668,compaction_begin,3,0
210.123,flush_begin,0,0
210.135,flush_end,0,2744792
210.384,compaction_end,3,43367082
210.394,compaction_begin,2,0
210.701,compaction_end,2,4561611
210.715,compaction_begin,3,0
210.898,compaction_end,3,42992651
210.911,compaction_begin,3,0
211.067,compaction_end,3,42992652
211.079,compaction_begin,3,0
211.240,compaction_end,3,43367082
211.254,compaction_begin,3,0
211.417,compaction_end,3,43367081
211.428,compaction_begin,3,0
211.585,compaction_end,3,43367079
211.596,compaction_begin,3,0
211.757,compaction_end,3,43367080
211.768,compaction_begin,3,0
211.926,compaction_end,3,42618172
211.937,compaction_begin,3,0
212.093,compaction_end,3,42618171
212.104,compaction_begin,3,0
212.263,compaction_end,3,43367080
212.271,compaction_begin,3,0
212.429,compaction_end,3,42618171
212.443,compaction_begin,3,0
212.600,compaction_end,3,42618173
212.610,compaction_begin,3,0
212.771,compaction_end,3,43367079
212.782,compaction_begin,3,0
212.942,compaction_end,3,43367079
212.953,compaction_begin,3,0
213.113,compaction_end,3,43367083
213.124,compaction_begin,3,0
213.283,compaction_end,3,43367078
213.294,compaction_begin,3,0
213.454,compaction_end,3,42992649
213.464,compaction_begin,3,0
213.773,compaction_end,3,44930721
213.781,compaction_begin,3,0
213.941,compaction_end,3,43367080
213.954,compaction_begin,3,0
214.116,compaction_end,3,43367079
214.127,compaction_begin,3,0
214.289,compaction_end,3,43367081
214.300,compaction_begin,3,0
214.460,compaction_end,3,43367081
214.472,compaction_begin,3,0
214.633,compaction_end,3,43367082
214.644,compaction_begin,3,0
214.802,compaction_end,3,42243695
214.813,compaction_begin,3,0
214.970,compaction_end,3,42992652
214.981,compaction_begin,3,0
215.250,compaction_end,3,43367083
215.261,compaction_begin,3,0
215.561,flush_begin,0,0
215.571,flush_end,0,2744472
215.954,compaction_end,3,42992654
215.965,compaction_begin,2,0
216.269,compaction_end,2,4632931
216.284,compaction_begin,3,0
216.468,compaction_end,3,42992651
216.480,compaction_begin,3,0
216.635,compaction_end,3,42992652
216.648,compaction_begin,3,0
216.809,compaction_end,3,43367080
216.819,compaction_begin,3,0
216.974,compaction_end,3,43367082
216.986,compaction_begin,3,0
217.145,compaction_end,3,43367081
217.157,compaction_begin,3,0
217.319,compaction_end,3,43367080
217.331,compaction_begin,3,0
217.492,compaction_end,3,43367079
217.503,compaction_begin,3,0
217.669,compaction_end,3,43367079
217.681,compaction_begin,3,0
217.837,compaction_end,3,42618171
217.848,compaction_begin,3,0
217.973,compaction_end,3,33453457
217.983,compaction_begin,3,0
218.645,compaction_end,3,42618169
218.656,compaction_begin,3,0
218.816,compaction_end,3,42992649
218.827,compaction_begin,3,0
218.985,compaction_end,3,42618171
218.997,compaction_begin,3,0
219.157,compaction_end,3,43367083
219.166,compaction_begin,3,0
219.325,compaction_end,3,43367081
219.338,compaction_begin,3,0
219.498,compaction_end,3,42992648
219.509,compaction_begin,3,0
220.215,compaction_end,3,42992648
220.225,compaction_begin,3,0
220.386,compaction_end,3,42992652
220.397,compaction_begin,3,0
220.964,flush_begin,0,0
220.976,flush_end,0,2744178
221.119,compaction_end,3,43367082
221.129,compaction_begin,2,0
221.438,compaction_end,2,4724335
221.453,compaction_begin,3,0
221.634,compaction_end,3,42992651
221.646,compaction_begin,3,0
221.799,compaction_end,3,43367082
221.811,compaction_begin,3,0
221.965,compaction_end,3,42992652
221.977,compaction_begin,3,0
222.133,compaction_end,3,42618171
222.143,compaction_begin,3,0
222.302,compaction_end,3,43367079
222.314,compaction_begin,3,0
222.475,compaction_end,3,43367079
222.486,compaction_begin,3,0
222.643,compaction_end,3,42992649
222.655,compaction_begin,3,0
222.812,compaction_end,3,42618173
222.821,compaction_begin,3,0
222.981,compaction_end,3,43367081
222.994,compaction_begin,3,0
223.151,compaction_end,3,43367081
223.163,compaction_begin,3,0
223.322,compaction_end,3,43367078
223.334,compaction_begin,3,0
223.493,compaction_end,3,42992652
223.503,compaction_begin,3,0
223.661,compaction_end,3,43367081
223.672,compaction_begin,3,0
223.828,compaction_end,3,43367079
223.839,compaction_begin,3,0
223.997,compaction_end,3,42618171
224.007,compaction_begin,3,0
224.676,compaction_end,3,42618174
224.688,compaction_begin,3,0
224.845,compaction_end,3,43367080
224.856,compaction_begin,3,0
224.977,compaction_end,3,33453457
224.987,compaction_begin,3,0
225.146,compaction_end,3,43367080
225.157,compaction_begin,3,0
225.316,compaction_end,3,43367082
225.327,compaction_begin,3,0
225.482,compaction_end,3,42243695
225.493,compaction_begin,3,0
225.649,compaction_end,3,43367080
225.660,compaction_begin,3,0
226.350,compaction_end,3,41955152
226.361,compaction_begin,3,0
226.384,flush_begin,0,0
226.395,flush_end,0,2744683
226.541,compaction_end,3,42992648
226.552,compaction_begin,2,0
226.864,compaction_end,2,4731119
226.882,compaction_begin,3,0
227.070,compaction_end,3,42992651
227.083,compaction_begin,3,0
227.243,compaction_end,3,42992652
227.257,compaction_begin,3,0
227.425,compaction_end,3,43367082
227.437,compaction_begin,3,0
227.593,compaction_end,3,43367081
227.604,compaction_begin,3,0
227.772,compaction_end,3,42618169
227.783,compaction_begin,3,0
227.940,compaction_end,3,42618171
227.950,compaction_begin,3,0
228.109,compaction_end,3,43367080
228.120,compaction_begin,3,0
228.275,compaction_end,3,42618171
228.286,compaction_begin,3,0
228.412,compaction_end,3,33453457
228.422,compaction_begin,3,0
228.581,compaction_end,3,43367081
228.592,compaction_begin,3,0
228.751,compaction_end,3,43367080
228.762,compaction_begin,3,0
228.922,compaction_end,3,43367079
228.933,compaction_begin,3,0
229.094,compaction_end,3,43367079
229.104,compaction_begin,3,0
229.264,compaction_end,3,43367082
229.275,compaction_begin,3,0
229.437,compaction_end,3,43367078
229.448,compaction_begin,3,0
229.603,compaction_end,3,43367079
229.614,compaction_begin,3,0
229.771,compaction_end,3,42618174
229.782,compaction_begin,3,0
229.937,compaction_end,3,43367079
229.948,compaction_begin,3,0
230.650,compaction_end,3,44556332
230.661,compaction_begin,3,0
230.816,compaction_end,3,42992649
230.827,compaction_begin,3,0
230.986,compaction_end,3,42992654
230.997,compaction_begin,3,0
231.155,compaction_end,3,42992648
231.166,compaction_begin,3,0
231.322,compaction_end,3,42992652
231.334,compaction_begin,3,0
231.492,compaction_end,3,42618173
231.503,compaction_begin,3,0
231.661,compaction_end,3,43367083
231.672,compaction_begin,3,0
231.839,flush_begin,0,0
231.850,flush_end,0,2744726
232.397,compaction_end,3,43367083
232.407,compaction_begin,2,0
232.718,compaction_end,2,4778341
232.733,compaction_begin,3,0
232.924,compaction_end,3,42992651
232.937,compaction_begin,3,0
233.102,compaction_end,3,43367081
233.114,compaction_begin,3,0
233.271,compaction_end,3,42992652
233.283,compaction_begin,3,0
233.443,compaction_end,3,43367082
233.455,compaction_begin,3,0
233.614,compaction_end,3,42618171
233.625,compaction_begin,3,0
233.789,compaction_end,3,43367081
233.800,compaction_begin,3,0
233.962,compaction_end,3,43367079
233.973,compaction_begin,3,0
234.134,compaction_end,3,43367083
234.145,compaction_begin,3,0
234.304,compaction_end,3,43367082
234.315,compaction_begin,3,0
234.479,compaction_end,3,43367080
234.490,compaction_begin,3,0
234.652,compaction_end,3,42992652
234.664,compaction_begin,3,0
234.823,compaction_end,3,43367079
234.834,compaction_begin,3,0
234.993,compaction_end,3,42618169
235.004,compaction_begin,3,0
235.164,compaction_end,3,43367080
235.175,compaction_begin,3,0
235.860,compaction_end,3,43367078
235.870,compaction_begin,3,0
236.035,compaction_end,3,42992648
236.047,compaction_begin,3,0
236.799,compaction_end,3,46205928
236.808,compaction_begin,3,0
236.976,compaction_end,3,43367081
236.985,compaction_begin,3,0
237.282,flush_begin,0,0
237.293,flush_end,0,2744594
237.736,compaction_end,3,42992648
237.747,compaction_begin,2,0
238.061,compaction_end,2,4833235
238.078,compaction_begin,3,0
238.270,compaction_end,3,42992651
238.283,compaction_begin,3,0
238.443,compaction_end,3,43367082
238.456,compaction_begin,3,0
238.614,compaction_end,3,42618171
238.625,compaction_begin,3,0
238.794,compaction_end,3,42992652
238.817,compaction_begin,3,0
238.988,compaction_end,3,43367081
238.999,compaction_begin,3,0
239.163,compaction_end,3,43367079
239.174,compaction_begin,3,0
239.336,compaction_end,3,43367078
239.347,compaction_begin,3,0
239.509,compaction_end,3,43367079
239.521,compaction_begin,3,0
239.679,compaction_end,3,42618169
239.690,compaction_begin,3,0
239.850,compaction_end,3,42992648
239.861,compaction_begin,3,0
240.526,compaction_end,3,42618172
240.537,compaction_begin,3,0
240.697,compaction_end,3,43367078
240.709,compaction_begin,3,0
240.870,compaction_end,3,43367080
240.881,compaction_begin,3,0
241.044,compaction_end,3,42618171
241.055,compaction_begin,3,0
241.216,compaction_end,3,43367079
241.228,compaction_begin,3,0
241.387,compaction_end,3,43367081
241.396,compaction_begin,3,0
241.559,compaction_end,3,42992649
241.573,compaction_begin,3,0
241.744,compaction_end,3,43367080
241.756,compaction_begin,3,0
241.914,compaction_end,3,42618174
241.926,compaction_begin,3,0
242.054,compaction_end,3,33453457
242.064,compaction_begin,3,0
242.224,compaction_end,3,42618173
242.234,compaction_begin,3,0
242.396,compaction_end,3,43367083
242.407,compaction_begin,3,0
242.568,compaction_end,3,42992654
242.579,compaction_begin,3,0
242.739,compaction_end,3,43367082
242.750,compaction_begin,3,0
242.766,flush_begin,0,0
242.778,flush_end,0,2744656
243.456,compaction_end,3,42618175
243.467,compaction_begin,2,0
243.776,compaction_end,2,4686710
243.790,compaction_begin,3,0
243.972,compaction_end,3,42992651
243.985,compaction_begin,3,0
244.142,compaction_end,3,43367082
244.155,compaction_begin,3,0
244.312,compaction_end,3,42992652
244.324,compaction_begin,3,0
244.486,compaction_end,3,43367079
244.498,compaction_begin,3,0
244.660,compaction_end,3,43367079
244.671,compaction_begin,3,0
244.836,compaction_end,3,43367080
244.846,compaction_begin,3,0
245.003,compaction_end,3,42618171
245.013,compaction_begin,3,0
245.175,compaction_end,3,43367081
245.187,compaction_begin,3,0
245.346,compaction_end,3,42618171
245.357,compaction_begin,3,0
245.516,compaction_end,3,42992652
245.526,compaction_begin,3,0
245.697,compaction_end,3,43367078
245.708,compaction_begin,3,0
245.864,compaction_end,3,42618172
245.875,compaction_begin,3,0
246.033,compaction_end,3,42618174
246.044,compaction_begin,3,0
246.205,compaction_end,3,43367078
246.215,compaction_begin,3,0
246.909,compaction_end,3,43367081
246.920,compaction_begin,3,0
247.564,compaction_end,3,42243695
247.575,compaction_begin,3,0
247.735,compaction_end,3,42992649
247.746,compaction_begin,3,0
247.905,compaction_end,3,43367083
247.916,compaction_begin,3,0
248.219,flush_begin,0,0
248.230,flush_end,0,2744598
248.605,compaction_end,3,42618171
248.615,compaction_begin,2,0
248.936,compaction_end,2,4741725
248.952,compaction_begin,3,0
249.138,compaction_end,3,42992651
249.150,compaction_begin,3,0
249.305,compaction_end,3,42992652
249.317,compaction_begin,3,0
249.472,compaction_end,3,43367082
249.484,compaction_begin,3,0
249.642,compaction_end,3,43367079
249.653,compaction_begin,3,0
249.810,compaction_end,3,43367078
249.820,compaction_begin,3,0
249.976,compaction_end,3,43367079
249.988,compaction_begin,3,0
250.147,compaction_end,3,42618171
250.158,compaction_begin,3,0
250.315,compaction_end,3,43367078
250.326,compaction_begin,3,0
251.029,compaction_end,3,43367082
251.039,compaction_begin,3,0
251.197,compaction_end,3,42618171
251.209,compaction_begin,3,0
251.370,compaction_end,3,43367080
251.380,compaction_begin,3,0
251.540,compaction_end,3,43367081
251.551,compaction_begin,3,0
251.708,compaction_end,3,42618174
251.719,compaction_begin,3,0
251.878,compaction_end,3,42992648
251.888,compaction_begin,3,0
252.047,compaction_end,3,43367080
252.059,compaction_begin,3,0
252.216,compaction_end,3,43367081
252.228,compaction_begin,3,0
252.389,compaction_end,3,42992649
252.400,compaction_begin,3,0
253.069,compaction_end,3,43367079
253.080,compaction_begin,3,0
253.644,flush_begin,0,0
253.655,flush_end,0,2744667
253.791,compaction_end,3,42618173
253.803,compaction_begin,2,0
254.101,compaction_end,2,4854743
254.112,compaction_begin,3,0
254.270,compaction_end,3,42992651
254.283,compaction_begin,3,0
254.495,compaction_end,3,42992652
254.507,compaction_begin,3,0
254.662,compaction_end,3,43367080
254.675,compaction_begin,3,0
254.834,compaction_end,3,43367083
254.846,compaction_begin,3,0
255.004,compaction_end,3,43367079
255.016,compaction_begin,3,0
255.175,compaction_end,3,43367080
255.186,compaction_begin,3,0
255.342,compaction_end,3,42992654
255.354,compaction_begin,3,0
255.514,compaction_end,3,42618171
255.524,compaction_begin,3,0
255.684,compaction_end,3,43367078
255.695,compaction_begin,3,0
255.853,compaction_end,3,42618175
255.864,compaction_begin,3,0
256.028,compaction_end,3,42243695
256.038,compaction_begin,3,0
256.197,compaction_end,3,43367080
256.208,compaction_begin,3,0
256.371,compaction_end,3,42992649
256.382,compaction_begin,3,0
256.544,compaction_end,3,43367079
256.554,compaction_begin,3,0
256.714,compaction_end,3,43367079
256.725,compaction_begin,3,0
256.881,compaction_end,3,42618173
256.892,compaction_begin,3,0
257.052,compaction_end,3,43367083
257.062,compaction_begin,3,0
257.274,compaction_end,3,42618174
257.284,compaction_begin,3,0
257.444,compaction_end,3,42992648
257.456,compaction_begin,3,0
257.616,compaction_end,3,42992652
257.626,compaction_begin,3,0
257.786,compaction_end,3,43367082
257.796,compaction_begin,3,0
257.923,compaction_end,3,33453457
257.933,compaction_begin,3,0
258.090,compaction_end,3,42618173
258.100,compaction_begin,3,0
258.258,compaction_end,3,43367081
258.268,compaction_begin,3,0
258.425,compaction_end,3,42618171
258.435,compaction_begin,3,0
259.059,flush_begin,0,0
259.069,flush_end,0,2744288
259.091,compaction_end,3,43367081
259.102,compaction_begin,2,0
259.417,compaction_end,2,4814854
259.431,compaction_begin,3,0
259.610,compaction_end,3,43367078
259.622,compaction_begin,3,0
259.778,compaction_end,3,43367082
259.791,compaction_begin,3,0
259.949,compaction_end,3,42992652
259.961,compaction_begin,3,0
260.121,compaction_end,3,43367079
260.132,compaction_begin,3,0
260.293,compaction_end,3,43367078
260.303,compaction_begin,3,0
260.464,compaction_end,3,43367081
260.475,compaction_begin,3,0
260.636,compaction_end,3,43367079
260.646,compaction_begin,3,0
260.803,compaction_end,3,42618172
260.814,compaction_begin,3,0
260.975,compaction_end,3,43367082
260.986,compaction_begin,3,0
261.145,compaction_end,3,42992649
261.156,compaction_begin,3,0
261.318,compaction_end,3,43367082
261.328,compaction_begin,3,0
261.488,compaction_end,3,43367083
261.498,compaction_begin,3,0
261.657,compaction_end,3,43367083
261.667,compaction_begin,3,0
261.824,compaction_end,3,42618175
261.834,compaction_begin,3,0
261.957,compaction_end,3,33453457
261.968,compaction_begin,3,0
262.125,compaction_end,3,42992654
262.136,compaction_begin,3,0
262.293,compaction_end,3,42992648
262.304,compaction_begin,3,0
262.462,compaction_end,3,42618171
262.473,compaction_begin,3,0
262.631,compaction_end,3,43367080
262.641,compaction_begin,3,0
262.798,compaction_end,3,42618173
262.808,compaction_begin,3,0
263.485,compaction_end,3,43367084
263.495,compaction_begin,3,0
263.655,compaction_end,3,42243695
263.665,compaction_begin,3,0
263.826,compaction_end,3,42618171
263.837,compaction_begin,3,0
263.998,compaction_end,3,43367079
264.008,compaction_begin,3,0
264.178,compaction_end,3,43367082
264.188,compaction_begin,3,0
264.346,compaction_end,3,42618171
264.357,compaction_begin,3,0
264.476,flush_begin,0,0
264.487,flush_end,0,2744355
264.589,compaction_end,3,43367079
264.600,compaction_begin,2,0
264.910,compaction_end,2,4826426
264.924,compaction_begin,3,0
265.111,compaction_end,3,43367078
265.123,compaction_begin,3,0
265.281,compaction_end,3,43367081
265.292,compaction_begin,3,0
265.450,compaction_end,3,42992652
265.462,compaction_begin,3,0
265.620,compaction_end,3,43367078
265.630,compaction_begin,3,0
265.789,compaction_end,3,43367082
265.797,compaction_begin,3,0
265.960,compaction_end,3,43367079
265.974,compaction_begin,3,0
266.132,compaction_end,3,42618171
266.142,compaction_begin,3,0
266.301,compaction_end,3,43367079
266.313,compaction_begin,3,0
266.477,compaction_end,3,43367082
266.487,compaction_begin,3,0
266.645,compaction_end,3,43367079
266.655,compaction_begin,3,0
266.811,compaction_end,3,42618171
266.821,compaction_begin,3,0
266.980,compaction_end,3,43367083
266.991,compaction_begin,3,0
267.120,compaction_end,3,33453457
267.130,compaction_begin,3,0
267.288,compaction_end,3,43367084
267.298,compaction_begin,3,0
267.457,compaction_end,3,43367080
267.468,compaction_begin,3,0
267.625,compaction_end,3,42992652
267.637,compaction_begin,3,0
267.794,compaction_end,3,43367080
267.804,compaction_begin,3,0
267.961,compaction_end,3,42992654
267.972,compaction_begin,3,0
268.130,compaction_end,3,42992649
268.140,compaction_begin,3,0
268.300,compaction_end,3,43367082
268.310,compaction_begin,3,0
268.471,compaction_end,3,42618175
268.481,compaction_begin,3,0
268.643,compaction_end,3,43367083
268.653,compaction_begin,3,0
268.838,compaction_end,3,42618171
268.848,compaction_begin,3,0
269.009,compaction_end,3,43367081
269.020,compaction_begin,3,0
269.258,compaction_end,3,43367081
269.269,compaction_begin,3,0
269.890,compaction_end,3,43367078
269.901,compaction_begin,3,0
269.929,flush_begin,0,0
269.940,flush_end,0,2744533
270.537,compaction_end,3,42618169
270.547,compaction_begin,2,0
270.857,compaction_end,2,4893314
270.871,compaction_begin,3,0
271.057,compaction_end,3,43367078
271.069,compaction_begin,3,0
271.225,compaction_end,3,42992652
271.237,compaction_begin,3,0
271.391,compaction_end,3,43367082
271.403,compaction_begin,3,0
271.563,compaction_end,3,42992648
271.573,compaction_begin,3,0
271.729,compaction_end,3,42618171
271.740,compaction_begin,3,0
271.901,compaction_end,3,42618172
271.912,compaction_begin,3,0
272.074,compaction_end,3,43367079
272.085,compaction_begin,3,0
272.253,compaction_end,3,43367078
272.264,compaction_begin,3,0
272.421,compaction_end,3,42618171
272.431,compaction_begin,3,0
272.598,compaction_end,3,43367080
272.609,compaction_begin,3,0
272.766,compaction_end,3,43367081
272.778,compaction_begin,3,0
272.937,compaction_end,3,43367079
272.949,compaction_begin,3,0
273.112,compaction_end,3,43367081
273.122,compaction_begin,3,0
273.287,compaction_end,3,43367079
273.299,compaction_begin,3,0
273.460,compaction_end,3,43367084
273.468,compaction_begin,3,0
273.631,compaction_end,3,42618171
273.645,compaction_begin,3,0
274.320,compaction_end,3,43367081
274.330,compaction_begin,3,0
274.496,compaction_end,3,43367078
274.506,compaction_begin,3,0
274.666,compaction_end,3,42243695
274.678,compaction_begin,3,0
274.838,compaction_end,3,42992654
274.848,compaction_begin,3,0
275.016,compaction_end,3,43367079
275.027,compaction_begin,3,0
275.300,flush_begin,0,0
275.314,flush_end,0,2744643
275.747,compaction_end,3,43367083
275.757,compaction_begin,2,0
276.060,compaction_end,2,4961035
276.075,compaction_begin,3,0
276.265,compaction_end,3,43367078
276.278,compaction_begin,3,0
276.440,compaction_end,3,43367082
276.452,compaction_begin,3,0
276.612,compaction_end,3,42992652
276.624,compaction_begin,3,0
276.784,compaction_end,3,43367079
276.796,compaction_begin,3,0
276.958,compaction_end,3,42618171
276.968,compaction_begin,3,0
277.134,compaction_end,3,43367082
277.144,compaction_begin,3,0
277.309,compaction_end,3,43367081
277.319,compaction_begin,3,0
277.486,compaction_end,3,42992652
277.497,compaction_begin,3,0
277.660,compaction_end,3,43367084
277.668,compaction_begin,3,0
277.833,compaction_end,3,43367083
277.845,compaction_begin,3,0
278.005,compaction_end,3,43367085
278.016,compaction_begin,3,0
278.179,compaction_end,3,43367081
278.206,compaction_begin,3,0
278.367,compaction_end,3,43367084
278.378,compaction_begin,3,0
279.083,compaction_end,3,42618173
279.093,compaction_begin,3,0
279.256,compaction_end,3,42992649
279.268,compaction_begin,3,0
279.430,compaction_end,3,42618171
279.441,compaction_begin,3,0
279.601,compaction_end,3,43367080
279.612,compaction_begin,3,0
279.773,compaction_end,3,42992648
279.784,compaction_begin,3,0
280.494,compaction_end,3,43367082
280.504,compaction_begin,3,0
280.670,compaction_end,3,43367081
280.683,compaction_begin,3,0
280.739,flush_begin,0,0
280.750,flush_end,0,2744828
280.862,compaction_end,3,43367079
280.873,compaction_begin,2,0
281.187,compaction_end,2,5041345
281.201,compaction_begin,3,0
281.376,compaction_end,3,43367078
281.389,compaction_begin,3,0
281.550,compaction_end,3,43367082
281.560,compaction_begin,3,0
281.733,compaction_end,3,42992652
281.741,compaction_begin,3,0
281.912,compaction_end,3,43367081
281.927,compaction_begin,3,0
282.096,compaction_end,3,43367080
282.107,compaction_begin,3,0
282.286,compaction_end,3,43367078
282.297,compaction_begin,3,0
282.463,compaction_end,3,42243697
282.474,compaction_begin,3,0
282.644,compaction_end,3,43367079
282.655,compaction_begin,3,0
282.824,compaction_end,3,43367082
282.835,compaction_begin,3,0
283.005,compaction_end,3,43367079
283.017,compaction_begin,3,0
283.188,compaction_end,3,43367079
283.198,compaction_begin,3,0
283.369,compaction_end,3,43367079
283.380,compaction_begin,3,0
283.548,compaction_end,3,42618169
283.559,compaction_begin,3,0
283.723,compaction_end,3,42992654
283.735,compaction_begin,3,0
284.432,compaction_end,3,42992650
284.442,compaction_begin,3,0
284.606,compaction_end,3,42243695
284.617,compaction_begin,3,0
284.781,compaction_end,3,42992652
284.792,compaction_begin,3,0
284.958,compaction_end,3,42618171
284.969,compaction_begin,3,0
285.134,compaction_end,3,42618171
285.146,compaction_begin,3,0
285.313,compaction_end,3,42618171
285.324,compaction_begin,3,0
285.540,compaction_end,3,42992649
285.550,compaction_begin,3,0
285.720,compaction_end,3,43367078
285.731,compaction_begin,3,0
285.903,compaction_end,3,43367084
285.914,compaction_begin,3,0
286.200,flush_begin,0,0
286.211,flush_end,0,2744525
286.644,compaction_end,3,42992649
286.654,compaction_begin,2,0
286.961,compaction_end,2,4994823
286.977,compaction_begin,3,0
287.176,compaction_end,3,43367078
287.184,compaction_begin,3,0
287.358,compaction_end,3,43367079
287.375,compaction_begin,3,0
287.541,compaction_end,3,43367082
287.549,compaction_begin,3,0
287.715,compaction_end,3,42992652
287.730,compaction_begin,3,0
287.897,compaction_end,3,42618171
287.907,compaction_begin,3,0
288.074,compaction_end,3,43367079
288.085,compaction_begin,3,0
288.254,compaction_end,3,43367081
288.265,compaction_begin,3,0
288.437,compaction_end,3,43367078
288.449,compaction_begin,3,0
288.624,compaction_end,3,42992654
288.635,compaction_begin,3,0
288.808,compaction_end,3,43367079
288.817,compaction_begin,3,0
288.988,compaction_end,3,42992652
288.998,compaction_begin,3,0
289.155,compaction_end,3,42243695
289.165,compaction_begin,3,0
289.326,compaction_end,3,43367079
289.334,compaction_begin,3,0
289.497,compaction_end,3,43367084
289.510,compaction_begin,3,0
289.671,compaction_end,3,43367081
289.682,compaction_begin,3,0
289.844,compaction_end,3,42992650
289.856,compaction_begin,3,0
290.019,compaction_end,3,43367078
290.029,compaction_begin,3,0
290.191,compaction_end,3,42618169
290.199,compaction_begin,3,0
290.360,compaction_end,3,42243697
290.373,compaction_begin,3,0
290.538,compaction_end,3,42618171
290.549,compaction_begin,3,0
290.712,compaction_end,3,43367080
290.723,compaction_begin,3,0
290.882,compaction_end,3,42992649
290.893,compaction_begin,3,0
291.551,compaction_end,3,45542952
291.561,compaction_begin,3,0
291.627,flush_begin,0,0
291.639,flush_end,0,2744704
291.802,compaction_end,3,43367083
291.813,compaction_begin,2,0
292.113,compaction_end,2,5153701
292.124,compaction_begin,3,0
292.282,compaction_end,3,43367078
292.294,compaction_begin,3,0
292.458,compaction_end,3,43367082
292.470,compaction_begin,3,0
292.627,compaction_end,3,42992652
292.639,compaction_begin,3,0
292.800,compaction_end,3,43367079
292.812,compaction_begin,3,0
292.974,compaction_end,3,43367080
292.985,compaction_begin,3,0
293.145,compaction_end,3,43367079
293.157,compaction_begin,3,0
293.316,compaction_end,3,43367079
293.327,compaction_begin,3,0
293.485,compaction_end,3,43367081
293.498,compaction_begin,3,0
293.655,compaction_end,3,42243697
293.665,compaction_begin,3,0
293.823,compaction_end,3,42618171
293.834,compaction_begin,3,0
293.995,compaction_end,3,43367083
294.005,compaction_begin,3,0
294.165,compaction_end,3,43367079
294.176,compaction_begin,3,0
294.336,compaction_end,3,43367078
294.347,compaction_begin,3,0
294.507,compaction_end,3,42992654
294.518,compaction_begin,3,0
294.734,compaction_end,3,43367081
294.745,compaction_begin,3,0
294.915,compaction_end,3,45542957
294.927,compaction_begin,3,0
295.616,compaction_end,3,43367080
295.627,compaction_begin,3,0
295.789,compaction_end,3,43367081
295.800,compaction_begin,3,0
295.959,compaction_end,3,42618171
295.970,compaction_begin,3,0
296.666,compaction_end,3,42618172
296.677,compaction_begin,3,0
297.045,flush_begin,0,0
297.056,flush_end,0,2744452
297.403,compaction_end,3,42618174
297.413,compaction_begin,2,0
297.721,compaction_end,2,5119411
297.738,compaction_begin,3,0
297.931,compaction_end,3,43367078
297.942,compaction_begin,3,0
298.102,compaction_end,3,42992652
298.114,compaction_begin,3,0
298.281,compaction_end,3,43367082
298.293,compaction_begin,3,0
298.456,compaction_end,3,43367079
298.468,compaction_begin,3,0
299.178,compaction_end,3,42992648
299.189,compaction_begin,3,0
299.350,compaction_end,3,43367081
299.362,compaction_begin,3,0
299.525,compaction_end,3,43367078
299.536,compaction_begin,3,0
299.699,compaction_end,3,43367078
299.710,compaction_begin,3,0
299.873,compaction_end,3,43367084
299.885,compaction_begin,3,0
300.048,compaction_end,3,43367079
300.059,compaction_begin,3,0
300.221,compaction_end,3,43367081
300.232,compaction_begin,3,0
300.392,compaction_end,3,42243695
300.403,compaction_begin,3,0
300.565,compaction_end,3,43367080
300.576,compaction_begin,3,0
300.733,compaction_end,3,42618171
300.744,compaction_begin,3,0
300.905,compaction_end,3,43367080
300.916,compaction_begin,3,0
301.078,compaction_end,3,43367083
301.089,compaction_begin,3,0
301.246,compaction_end,3,42618171
301.257,compaction_begin,3,0
301.418,compaction_end,3,43367079
301.425,compaction_begin,3,0
301.584,compaction_end,3,42618171
301.597,compaction_begin,3,0
302.286,compaction_end,3,42618175
302.296,compaction_begin,3,0
302.458,compaction_end,3,42243697
302.469,flush_begin,0,0
302.480,flush_end,0,2744627
302.490,compaction_begin,2,0
302.803,compaction_end,2,5224128
302.820,compaction_begin,3,0
303.011,compaction_end,3,43367078
303.024,compaction_begin,3,0
303.183,compaction_end,3,42992652
303.195,compaction_begin,3,0
303.351,compaction_end,3,43367082
303.364,compaction_begin,3,0
303.529,compaction_end,3,42992648
303.539,compaction_begin,3,0
303.698,compaction_end,3,42618169
303.710,compaction_begin,3,0
303.869,compaction_end,3,43367081
303.881,compaction_begin,3,0
304.041,compaction_end,3,43367080
304.052,compaction_begin,3,0
304.213,compaction_end,3,43367078
304.224,compaction_begin,3,0
304.927,compaction_end,3,43367080
304.938,compaction_begin,3,0
305.096,compaction_end,3,43367079
305.109,compaction_begin,3,0
305.268,compaction_end,3,43367082
305.279,compaction_begin,3,0
305.986,compaction_end,3,42992653
305.996,compaction_begin,3,0
306.156,compaction_end,3,42618171
306.167,compaction_begin,3,0
306.330,compaction_end,3,43367084
306.341,compaction_begin,3,0
306.519,compaction_end,3,45542955
306.530,compaction_begin,3,0
306.697,compaction_end,3,43367078
306.708,compaction_begin,3,0
306.887,compaction_end,3,43367081
306.900,compaction_begin,3,0
307.076,compaction_end,3,43367079
307.089,compaction_begin,3,0
307.806,compaction_end,3,42992655
307.817,compaction_begin,3,0
307.925,flush_begin,0,0
307.936,flush_end,0,2744795
308.004,compaction_end,3,42618171
308.015,compaction_begin,2,0
308.335,compaction_end,2,5121597
308.350,compaction_begin,3,0
308.522,compaction_end,3,43367078
308.535,compaction_begin,3,0
308.696,compaction_end,3,43367082
308.708,compaction_begin,3,0
308.869,compaction_end,3,42992652
308.881,compaction_begin,3,0
309.553,compaction_end,3,43367081
309.563,compaction_begin,3,0
309.726,compaction_end,3,43367078
309.737,compaction_begin,3,0
309.898,compaction_end,3,43367080
309.907,compaction_begin,3,0
310.070,compaction_end,3,43367079
310.084,compaction_begin,3,0
310.245,compaction_end,3,43367081
310.257,compaction_begin,3,0
310.421,compaction_end,3,42618175
310.431,compaction_begin,3,0
310.593,compaction_end,3,43367084
310.604,compaction_begin,3,0
310.766,compaction_end,3,43367079
310.777,compaction_begin,3,0
310.936,compaction_end,3,43367078
310.947,compaction_begin,3,0
311.107,compaction_end,3,42618171
311.117,compaction_begin,3,0
311.277,compaction_end,3,42618171
311.288,compaction_begin,3,0
311.984,compaction_end,3,42992650
311.994,compaction_begin,3,0
312.156,compaction_end,3,43367081
312.167,compaction_begin,3,0
312.325,compaction_end,3,43367077
312.335,compaction_begin,3,0
312.493,compaction_end,3,42243697
312.504,compaction_begin,3,0
312.666,compaction_end,3,43367080
312.677,compaction_begin,3,0
312.836,compaction_end,3,42992653
312.847,compaction_begin,3,0
313.006,compaction_end,3,42618169
313.017,compaction_begin,3,0
313.180,compaction_end,3,43367082
313.190,compaction_begin,3,0
313.351,compaction_end,3,43367080
313.359,flush_begin,0,0
313.370,flush_end,0,2744820
313.381,compaction_begin,2,0
313.696,compaction_end,2,5193683
313.713,compaction_begin,3,0
313.904,compaction_end,3,43367078
313.916,compaction_begin,3,0
314.072,compaction_end,3,43367082
314.085,compaction_begin,3,0
314.243,compaction_end,3,42992652
314.255,compaction_begin,3,0
314.416,compaction_end,3,43367079
314.427,compaction_begin,3,0
314.587,compaction_end,3,43367078
314.598,compaction_begin,3,0
314.757,compaction_end,3,43367079
314.769,compaction_begin,3,0
314.928,compaction_end,3,42243695
314.938,compaction_begin,3,0
315.094,compaction_end,3,42618169
315.105,compaction_begin,3,0
315.267,compaction_end,3,42992650
315.278,compaction_begin,3,0
315.437,compaction_end,3,43367081
315.449,compaction_begin,3,0
315.605,compaction_end,3,42243697
315.616,compaction_begin,3,0
315.772,compaction_end,3,42618171
315.783,compaction_begin,3,0
315.943,compaction_end,3,42992648
315.954,compaction_begin,3,0
316.667,compaction_end,3,42992654
316.677,compaction_begin,3,0
316.840,compaction_end,3,43367080
316.851,compaction_begin,3,0
317.013,compaction_end,3,42618171
317.024,compaction_begin,3,0
317.191,compaction_end,3,43367078
317.202,compaction_begin,3,0
317.362,compaction_end,3,43367082
317.371,compaction_begin,3,0
317.532,compaction_end,3,43367079
317.545,compaction_begin,3,0
318.222,compaction_end,3,42992652
318.232,compaction_begin,3,0
318.394,compaction_end,3,43367081
318.406,compaction_begin,3,0
318.567,compaction_end,3,43367081
318.578,compaction_begin,3,0
318.740,compaction_end,3,43367079
318.751,compaction_begin,3,0
318.770,flush_begin,0,0
318.781,flush_end,0,2744418
318.935,compaction_end,3,42992655
318.947,compaction_begin,2,0
319.265,compaction_end,2,5110201
319.280,compaction_begin,3,0
319.460,compaction_end,3,43367078
319.473,compaction_begin,3,0
319.630,compaction_end,3,43367082
319.642,compaction_begin,3,0
319.797,compaction_end,3,42992652
319.809,compaction_begin,3,0
319.970,compaction_end,3,43367081
319.981,compaction_begin,3,0
320.142,compaction_end,3,43367078
320.153,compaction_begin,3,0
320.311,compaction_end,3,43367081
320.323,compaction_begin,3,0
320.484,compaction_end,3,43367081
320.495,compaction_begin,3,0
320.655,compaction_end,3,43367079
320.666,compaction_begin,3,0
320.826,compaction_end,3,43367084
320.837,compaction_begin,3,0
321.000,compaction_end,3,42992648
321.011,compaction_begin,3,0
321.169,compaction_end,3,42618171
321.180,compaction_begin,3,0
321.340,compaction_end,3,42992654
321.350,compaction_begin,3,0
321.514,compaction_end,3,43367079
321.525,compaction_begin,3,0
321.684,compaction_end,3,43367079
321.696,compaction_begin,3,0
321.860,compaction_end,3,43367080
321.872,compaction_begin,3,0
322.029,compaction_end,3,42618169
322.040,compaction_begin,3,0
322.200,compaction_end,3,43367082
322.211,compaction_begin,3,0
322.371,compaction_end,3,42618171
322.382,compaction_begin,3,0
323.094,compaction_end,3,42992649
323.105,compaction_begin,3,0
323.804,compaction_end,3,43367083
323.814,compaction_begin,3,0
323.973,compaction_end,3,43367078
323.984,compaction_begin,3,0
324.143,compaction_end,3,42992650
324.154,compaction_begin,3,0
324.178,flush_begin,0,0
324.190,flush_end,0,2744241
324.338,compaction_end,3,42992652
324.350,compaction_begin,2,0
324.664,compaction_end,2,5267588
324.682,compaction_begin,3,0
324.873,compaction_end,3,43367078
324.885,compaction_begin,3,0
325.045,compaction_end,3,43367081
325.057,compaction_begin,3,0
325.213,compaction_end,3,42992652
325.226,compaction_begin,3,0
325.388,compaction_end,3,42992652
325.398,compaction_begin,3,0
325.557,compaction_end,3,43367082
325.570,compaction_begin,3,0
325.732,compaction_end,3,43367079
325.744,compaction_begin,3,0
325.907,compaction_end,3,43367079
325.918,compaction_begin,3,0
326.082,compaction_end,3,42243695
326.092,compaction_begin,3,0
326.255,compaction_end,3,43367078
326.265,compaction_begin,3,0
326.426,compaction_end,3,43367080
326.437,compaction_begin,3,0
326.597,compaction_end,3,42618171
326.610,compaction_begin,3,0
326.774,compaction_end,3,42243697
326.784,compaction_begin,3,0
326.947,compaction_end,3,43367081
326.958,compaction_begin,3,0
327.673,compaction_end,3,43367083
327.684,compaction_begin,3,0
327.845,compaction_end,3,42992648
327.855,compaction_begin,3,0
328.016,compaction_end,3,43367079
328.027,compaction_begin,3,0
328.187,compaction_end,3,42618171
328.198,compaction_begin,3,0
328.943,compaction_end,3,43367082
328.953,compaction_begin,3,0
329.115,compaction_end,3,43367078
329.127,compaction_begin,3,0
329.286,compaction_end,3,42992649
329.297,compaction_begin,3,0
329.627,flush_begin,0,0
329.638,flush_end,0,2744798
329.990,compaction_end,3,43367080
330.001,compaction_begin,2,0
330.315,compaction_end,2,5243300
330.331,compaction_begin,3,0
330.522,compaction_end,3,43367078
330.535,compaction_begin,3,0
330.692,compaction_end,3,42992652
330.703,compaction_begin,3,0
330.859,compaction_end,3,43367082
330.872,compaction_begin,3,0
331.030,compaction_end,3,42243697
331.040,compaction_begin,3,0
331.200,compaction_end,3,43367078
331.211,compaction_begin,3,0
331.371,compaction_end,3,43367081
331.384,compaction_begin,3,0
331.545,compaction_end,3,43367079
331.556,compaction_begin,3,0
331.715,compaction_end,3,42243695
331.726,compaction_begin,3,0
331.884,compaction_end,3,43367079
331.895,compaction_begin,3,0
332.564,compaction_end,3,42618171
332.575,compaction_begin,3,0
332.737,compaction_end,3,43367081
332.748,compaction_begin,3,0
332.911,compaction_end,3,43367078
332.921,compaction_begin,3,0
333.602,compaction_end,3,42992654
333.613,compaction_begin,3,0
333.770,compaction_end,3,42618171
333.781,compaction_begin,3,0
333.941,compaction_end,3,42618171
333.951,compaction_begin,3,0
334.110,compaction_end,3,43367080
334.121,compaction_begin,3,0
334.283,compaction_end,3,43367079
334.294,compaction_begin,3,0
335.007,compaction_end,3,43367082
335.017,compaction_begin,3,0
335.060,flush_begin,0,0
335.072,flush_end,0,2744664
335.198,compaction_end,3,43367079
335.208,compaction_begin,2,0
335.523,compaction_end,2,5330287
335.539,compaction_begin,3,0
335.726,compaction_end,3,43367078
335.739,compaction_begin,3,0
335.899,compaction_end,3,42992652
335.911,compaction_begin,3,0
336.072,compaction_end,3,43367082
336.080,compaction_begin,3,0
336.244,compaction_end,3,43367081
336.258,compaction_begin,3,0
336.431,compaction_end,3,43367080
336.441,compaction_begin,3,0
336.601,compaction_end,3,42618171
336.611,compaction_begin,3,0
336.771,compaction_end,3,43367079
336.783,compaction_begin,3,0
336.943,compaction_end,3,42618169
336.953,compaction_begin,3,0
337.110,compaction_end,3,43367079
337.122,compaction_begin,3,0
337.282,compaction_end,3,42992648
337.293,compaction_begin,3,0
337.453,compaction_end,3,43367078
337.464,compaction_begin,3,0
337.624,compaction_end,3,43367079
337.635,compaction_begin,3,0
337.794,compaction_end,3,43367078
337.805,compaction_begin,3,0
337.965,compaction_end,3,42992650
337.975,compaction_begin,3,0
338.137,compaction_end,3,42992652
338.147,compaction_begin,3,0
338.308,compaction_end,3,43367081
338.319,compaction_begin,3,0
338.480,compaction_end,3,42243697
338.490,compaction_begin,3,0
339.190,compaction_end,3,43367080
339.200,compaction_begin,3,0
339.354,compaction_end,3,42618171
339.365,compaction_begin,3,0
340.063,compaction_end,3,43367081
340.073,compaction_begin,3,0
340.266,compaction_end,3,43367082
340.276,compaction_begin,3,0
340.488,flush_begin,0,0
340.499,flush_end,0,2744473
341.035,compaction_end,3,42992648
341.045,compaction_begin,2,0
341.362,compaction_end,2,5344432
341.379,compaction_begin,3,0
341.567,compaction_end,3,43367081
341.579,compaction_begin,3,0
341.739,compaction_end,3,43367080
341.751,compaction_begin,3,0
341.910,compaction_end,3,42992650
341.918,compaction_begin,3,0
342.082,compaction_end,3,43367082
342.097,compaction_begin,3,0
342.259,compaction_end,3,43367080
342.271,compaction_begin,3,0
342.429,compaction_end,3,42243697
342.439,compaction_begin,3,0
342.598,compaction_end,3,43367083
342.610,compaction_begin,3,0
342.827,compaction_end,3,43367081
342.837,compaction_begin,3,0
342.995,compaction_end,3,43367079
343.008,compaction_begin,3,0
343.228,compaction_end,3,43367081
343.238,compaction_begin,3,0
343.396,compaction_end,3,42243695
343.407,compaction_begin,3,0
344.047,compaction_end,3,43367077
344.057,compaction_begin,3,0
344.274,compaction_end,3,42992652
344.284,compaction_begin,3,0
344.978,compaction_end,3,42618175
344.989,compaction_begin,3,0
345.203,compaction_end,3,42618172
345.213,compaction_begin,3,0
345.376,compaction_end,3,43367080
345.386,compaction_begin,3,0
345.546,compaction_end,3,42618173
345.556,compaction_begin,3,0
345.910,flush_begin,0,0
345.922,flush_end,0,2744672
346.271,compaction_end,3,43367083
346.281,compaction_begin,2,0
346.610,compaction_end,2,5416495
346.626,compaction_begin,3,0
346.815,compaction_end,3,43367078
346.827,compaction_begin,3,0
346.990,compaction_end,3,43367082
347.002,compaction_begin,3,0
347.160,compaction_end,3,43367079
347.171,compaction_begin,3,0
347.329,compaction_end,3,43367081
347.341,compaction_begin,3,0
347.501,compaction_end,3,43367078
347.511,compaction_begin,3,0
347.670,compaction_end,3,42618173
347.680,compaction_begin,3,0
347.838,compaction_end,3,42618171
347.848,compaction_begin,3,0
348.537,compaction_end,3,43367077
348.547,compaction_begin,3,0
348.708,compaction_end,3,42992648
348.719,compaction_begin,3,0
348.883,compaction_end,3,43367080
348.893,compaction_begin,3,0
349.057,compaction_end,3,43367077
349.068,compaction_begin,3,0
349.226,compaction_end,3,43367081
349.237,compaction_begin,3,0
