t,type,level,bytes
-29.821,flush_begin,0,0
-29.811,flush_end,0,2686930
-29.802,flush_begin,0,0
-29.791,flush_end,0,2686931
-29.782,flush_begin,0,0
-29.771,flush_end,0,2686931
-29.762,flush_begin,0,0
-29.752,flush_end,0,2686931
-29.743,flush_begin,0,0
-29.733,flush_end,0,2686931
-29.723,flush_begin,0,0
-29.712,flush_end,0,2686930
-29.702,flush_begin,0,0
-29.692,flush_end,0,2686932
-29.682,flush_begin,0,0
-29.672,flush_end,0,2686930
-29.663,flush_begin,0,0
-29.653,flush_end,0,2686932
-29.644,flush_begin,0,0
-29.633,flush_end,0,2686930
-29.624,flush_begin,0,0
-29.614,flush_end,0,2686931
-29.605,flush_begin,0,0
-29.595,flush_end,0,2686931
-29.586,flush_begin,0,0
-29.576,flush_end,0,2686930
-29.567,flush_begin,0,0
-29.556,flush_end,0,2686932
-29.547,flush_begin,0,0
-29.537,flush_end,0,2686930
-29.528,flush_begin,0,0
-29.518,flush_end,0,2686931
-29.508,flush_begin,0,0
-29.498,flush_end,0,2686931
-29.489,flush_begin,0,0
-29.479,flush_end,0,2686931
-29.470,flush_begin,0,0
-29.461,flush_end,0,2686931
-29.452,flush_begin,0,0
-29.440,flush_end,0,2686931
-29.430,flush_begin,0,0
-29.420,flush_end,0,2686930
-29.411,flush_begin,0,0
-29.401,flush_end,0,2686933
-29.393,flush_begin,0,0
-29.382,flush_end,0,2686930
-29.372,flush_begin,0,0
-29.362,flush_end,0,2686932
-29.353,flush_begin,0,0
-29.343,flush_end,0,2686930
-29.334,flush_begin,0,0
-29.324,flush_end,0,2686930
-29.315,flush_begin,0,0
-29.305,flush_end,0,2686932
-29.296,flush_begin,0,0
-29.286,flush_end,0,2686930
-29.276,flush_begin,0,0
-29.266,flush_end,0,2686932
-29.256,flush_begin,0,0
-29.246,flush_end,0,2686930
-29.236,flush_begin,0,0
-29.226,flush_end,0,2686931
-29.217,flush_begin,0,0
-29.207,flush_end,0,2686931
-29.198,flush_begin,0,0
-29.187,flush_end,0,2686931
-29.178,flush_begin,0,0
-29.167,flush_end,0,2686931
-29.158,flush_begin,0,0
-29.148,flush_end,0,2686931
-29.139,flush_begin,0,0
-29.129,flush_end,0,2686930
-29.120,flush_begin,0,0
-29.109,flush_end,0,2686932
-29.100,flush_begin,0,0
-29.089,flush_end,0,2686930
-29.080,flush_begin,0,0
-29.070,flush_end,0,2686931
-29.061,flush_begin,0,0
-29.050,flush_end,0,2686931
-29.034,trivial_move,3,2686930
-29.034,flush_begin,0,0
-29.022,flush_end,0,2686930
-29.007,trivial_move,3,2686931
-29.006,flush_begin,0,0
-28.995,flush_end,0,2686932
-28.979,trivial_move,3,2686931
-28.979,flush_begin,0,0
-28.968,flush_end,0,2686930
-28.952,trivial_move,3,2686931
-28.952,flush_begin,0,0
-28.941,flush_end,0,2686933
-28.925,trivial_move,3,2686931
-28.925,flush_begin,0,0
-28.913,flush_end,0,2686930
-28.897,trivial_move,3,2686930
-28.897,flush_begin,0,0
-28.885,flush_end,0,2686931
-28.869,trivial_move,3,2686932
-28.869,flush_begin,0,0
-28.857,flush_end,0,2686931
-28.841,trivial_move,3,2686930
-28.840,flush_begin,0,0
-28.827,flush_end,0,2686931
-28.810,trivial_move,3,2686932
-28.810,flush_begin,0,0
-28.798,flush_end,0,2686931
-28.782,trivial_move,3,2686930
-28.782,flush_begin,0,0
-28.768,flush_end,0,2686930
-28.751,trivial_move,3,2686931
-28.751,flush_begin,0,0
-28.737,flush_end,0,2686930
-28.720,trivial_move,3,2686931
-28.720,flush_begin,0,0
-28.707,flush_end,0,2686931
-28.691,trivial_move,3,2686930
-28.691,flush_begin,0,0
-28.677,flush_end,0,2686931
-28.660,trivial_move,3,2686932
-28.660,flush_begin,0,0
-28.647,flush_end,0,2686931
-28.630,trivial_move,3,2686930
-28.630,flush_begin,0,0
-28.617,flush_end,0,2686931
-28.601,trivial_move,3,2686931
-28.600,flush_begin,0,0
-28.586,flush_end,0,2686930
-28.570,trivial_move,3,2686931
-28.569,flush_begin,0,0
-28.555,flush_end,0,2686932
-28.539,trivial_move,3,2686931
-28.538,flush_begin,0,0
-28.526,flush_end,0,2686930
-28.510,trivial_move,3,2686931
-28.508,flush_begin,0,0
-28.494,flush_end,0,2686932
-28.478,trivial_move,3,2686931
-28.477,flush_begin,0,0
-28.463,flush_end,0,2686930
-28.447,trivial_move,3,2686930
-28.446,flush_begin,0,0
-28.432,flush_end,0,2686931
-28.416,trivial_move,3,2686933
-28.415,flush_begin,0,0
-28.401,flush_end,0,2686931
-28.385,trivial_move,3,2686930
-28.383,flush_begin,0,0
-28.370,flush_end,0,2686930
-28.352,trivial_move,3,2686932
-28.350,flush_begin,0,0
-28.336,flush_end,0,2686932
-28.320,trivial_move,3,2686930
-28.319,flush_begin,0,0
-28.305,flush_end,0,2686930
-28.289,trivial_move,3,2686930
-28.287,flush_begin,0,0
-28.275,flush_end,0,2686932
-28.259,trivial_move,3,2686932
-28.258,flush_begin,0,0
-28.245,flush_end,0,2686931
-28.229,trivial_move,3,2686930
-28.227,flush_begin,0,0
-28.215,flush_end,0,2686931
-28.199,trivial_move,3,2686932
-28.199,flush_begin,0,0
-28.186,flush_end,0,2686931
-28.170,trivial_move,3,2686930
-28.169,flush_begin,0,0
-28.157,flush_end,0,2686931
-28.141,trivial_move,3,2686931
-28.139,flush_begin,0,0
-28.127,flush_end,0,2686930
-28.110,trivial_move,3,2686931
-28.109,flush_begin,0,0
-28.096,flush_end,0,2686932
-28.080,trivial_move,3,2686931
-28.080,flush_begin,0,0
-28.067,flush_end,0,2686930
-28.051,trivial_move,3,2686931
-28.050,flush_begin,0,0
-28.037,flush_end,0,2686932
-28.021,trivial_move,3,2686931
-28.021,flush_begin,0,0
-28.008,flush_end,0,2686930
-27.992,trivial_move,3,2686930
-27.991,flush_begin,0,0
-27.979,flush_end,0,2686930
-27.963,trivial_move,3,2686932
-27.962,flush_begin,0,0
-27.951,flush_end,0,2686932
-27.935,trivial_move,3,2686930
-27.933,flush_begin,0,0
-27.921,flush_end,0,2686930
-27.905,trivial_move,3,2686931
-27.904,flush_begin,0,0
-27.892,flush_end,0,2686932
-27.876,trivial_move,3,2686931
-27.875,flush_begin,0,0
-27.862,flush_end,0,2686930
-27.846,trivial_move,3,2686930
-27.844,flush_begin,0,0
-27.831,flush_end,0,2686931
-27.815,trivial_move,3,2686932
-27.814,flush_begin,0,0
-27.801,flush_end,0,2686931
-27.785,trivial_move,3,2686930
-27.784,flush_begin,0,0
-27.771,flush_end,0,2686931
-27.755,trivial_move,3,2686933
-27.753,flush_begin,0,0
-27.741,flush_end,0,2686931
-27.725,trivial_move,3,2686930
-27.723,flush_begin,0,0
-27.710,flush_end,0,2686931
-27.694,trivial_move,3,2686931
-27.692,flush_begin,0,0
-27.681,flush_end,0,2686930
-27.664,trivial_move,3,2686931
-27.662,flush_begin,0,0
-27.650,flush_end,0,2686933
-27.634,trivial_move,3,2686931
-27.633,flush_begin,0,0
-27.620,flush_end,0,2686930
-27.605,trivial_move,3,2686931
-27.603,flush_begin,0,0
-27.591,flush_end,0,2686931
-27.575,trivial_move,3,2686930
-27.573,flush_begin,0,0
-27.561,flush_end,0,2686931
-27.545,trivial_move,3,2686930
-27.544,flush_begin,0,0
-27.531,flush_end,0,2686930
-27.515,trivial_move,3,2686931
-27.514,flush_begin,0,0
-27.501,flush_end,0,2686932
-27.485,trivial_move,3,2686931
-27.484,flush_begin,0,0
-27.472,flush_end,0,2686930
-27.455,trivial_move,3,2686931
-27.453,flush_begin,0,0
-27.440,flush_end,0,2686932
-27.424,trivial_move,3,2686931
-27.423,flush_begin,0,0
-27.410,flush_end,0,2686930
-27.394,trivial_move,3,2686930
-27.393,flush_begin,0,0
-27.381,flush_end,0,2686931
-27.364,trivial_move,3,2686932
-27.363,flush_begin,0,0
-27.350,flush_end,0,2686931
-27.334,trivial_move,3,2686930
-27.332,flush_begin,0,0
-27.319,flush_end,0,2686931
-27.303,trivial_move,3,2686932
-27.302,flush_begin,0,0
-27.290,flush_end,0,2686931
-27.274,trivial_move,3,2686930
-27.272,flush_begin,0,0
-27.260,flush_end,0,2686930
-27.244,trivial_move,3,2686931
-27.243,flush_begin,0,0
-27.230,flush_end,0,2686930
-27.215,trivial_move,3,2686931
-27.214,flush_begin,0,0
-27.202,flush_end,0,2686931
-27.187,trivial_move,3,2686930
-27.185,flush_begin,0,0
-27.173,flush_end,0,2686931
-27.157,trivial_move,3,2686932
-27.156,flush_begin,0,0
-27.143,flush_end,0,2686931
-27.127,trivial_move,3,2686930
-27.126,flush_begin,0,0
-27.112,flush_end,0,2686931
-27.094,trivial_move,3,2686932
-27.094,flush_begin,0,0
-27.079,flush_end,0,2686930
-27.063,trivial_move,3,2686931
-27.061,flush_begin,0,0
-27.048,flush_end,0,2686932
-27.032,trivial_move,3,2686931
-27.031,flush_begin,0,0
-27.018,flush_end,0,2686930
-27.003,trivial_move,3,2686931
-27.001,flush_begin,0,0
-26.988,flush_end,0,2686933
-26.972,trivial_move,3,2686931
-26.971,flush_begin,0,0
-26.959,flush_end,0,2686930
-26.943,trivial_move,3,2686930
-26.943,flush_begin,0,0
-26.930,flush_end,0,2686931
-26.914,trivial_move,3,2686932
-26.913,flush_begin,0,0
-26.901,flush_end,0,2686931
-26.885,trivial_move,3,2686930
-26.884,flush_begin,0,0
-26.872,flush_end,0,2686930
-26.857,trivial_move,3,2686932
-26.855,flush_begin,0,0
-26.844,flush_end,0,2686932
-26.828,trivial_move,3,2686930
-26.828,flush_begin,0,0
-26.816,flush_end,0,2686930
-26.800,trivial_move,3,2686930
-26.799,flush_begin,0,0
-26.787,flush_end,0,2686931
-26.771,trivial_move,3,2686932
-26.770,flush_begin,0,0
-26.758,flush_end,0,2686931
-26.742,trivial_move,3,2686930
-26.741,flush_begin,0,0
-26.729,flush_end,0,2686931
-26.713,trivial_move,3,2686932
-26.712,flush_begin,0,0
-26.700,flush_end,0,2686931
-26.684,trivial_move,3,2686930
-26.683,flush_begin,0,0
-26.668,flush_end,0,2686931
-26.651,trivial_move,3,2686931
-26.650,flush_begin,0,0
-26.636,flush_end,0,2686930
-26.620,trivial_move,3,2686931
-26.619,flush_begin,0,0
-26.606,flush_end,0,2686932
-26.590,trivial_move,3,2686931
-26.589,flush_begin,0,0
-26.576,flush_end,0,2686930
-26.560,trivial_move,3,2686931
-26.559,flush_begin,0,0
-26.545,flush_end,0,2686932
-26.529,trivial_move,3,2686931
-26.529,flush_begin,0,0
-26.516,flush_end,0,2686930
-26.500,trivial_move,3,2686930
-26.498,flush_begin,0,0
-26.485,flush_end,0,2686930
-26.469,trivial_move,3,2686933
-26.468,flush_begin,0,0
-26.455,flush_end,0,2686932
-26.439,trivial_move,3,2686930
-26.438,flush_begin,0,0
-26.424,flush_end,0,2686930
-26.404,trivial_move,3,2686931
-26.403,flush_begin,0,0
-26.390,flush_end,0,2686932
-26.373,trivial_move,3,2686931
-26.372,flush_begin,0,0
-26.358,flush_end,0,2686930
-26.342,trivial_move,3,2686930
-26.341,flush_begin,0,0
-26.328,flush_end,0,2686932
-26.312,trivial_move,3,2686932
-26.311,flush_begin,0,0
-26.297,flush_end,0,2686931
-26.281,trivial_move,3,2686930
-26.280,flush_begin,0,0
-26.267,flush_end,0,2686931
-26.251,trivial_move,3,2686932
-26.250,flush_begin,0,0
-26.238,flush_end,0,2686931
-26.222,trivial_move,3,2686930
-26.220,flush_begin,0,0
-26.207,flush_end,0,2686931
-26.191,trivial_move,3,2686931
-26.190,flush_begin,0,0
-26.178,flush_end,0,2686930
-26.161,trivial_move,3,2686931
-26.160,flush_begin,0,0
-26.147,flush_end,0,2686932
-26.131,trivial_move,3,2686931
-26.130,flush_begin,0,0
-26.117,flush_end,0,2686930
-26.101,trivial_move,3,2686931
-26.100,flush_begin,0,0
-26.088,flush_end,0,2686931
-26.072,trivial_move,3,2686930
-26.072,flush_begin,0,0
-26.060,flush_end,0,2686931
-26.044,trivial_move,3,2686930
-26.044,flush_begin,0,0
-26.031,flush_end,0,2686930
-26.015,trivial_move,3,2686931
-26.014,flush_begin,0,0
-26.002,flush_end,0,2686932
-25.985,trivial_move,3,2686931
-25.984,flush_begin,0,0
-25.972,flush_end,0,2686930
-25.956,trivial_move,3,2686931
-25.956,flush_begin,0,0
-25.943,flush_end,0,2686932
-25.927,trivial_move,3,2686931
-25.926,flush_begin,0,0
-25.914,flush_end,0,2686930
-25.898,trivial_move,3,2686930
-25.897,flush_begin,0,0
-25.885,flush_end,0,2686931
-25.869,trivial_move,3,2686932
-25.868,flush_begin,0,0
-25.856,flush_end,0,2686931
-25.840,trivial_move,3,2686930
-25.839,flush_begin,0,0
-25.826,flush_end,0,2686931
-25.810,trivial_move,3,2686933
-25.809,flush_begin,0,0
-25.795,flush_end,0,2686931
-25.779,trivial_move,3,2686930
-25.778,flush_begin,0,0
-25.765,flush_end,0,2686930
-25.749,trivial_move,3,2686931
-25.748,flush_begin,0,0
-25.735,flush_end,0,2686930
-25.719,trivial_move,3,2686931
-25.718,flush_begin,0,0
-25.705,flush_end,0,2686931
-25.689,trivial_move,3,2686930
-25.688,flush_begin,0,0
-25.675,flush_end,0,2686932
-25.657,trivial_move,3,2686932
-25.655,flush_begin,0,0
-25.642,flush_end,0,2686931
-25.625,trivial_move,3,2686930
-25.624,flush_begin,0,0
-25.611,flush_end,0,2686931
-25.595,trivial_move,3,2686931
-25.594,flush_begin,0,0
-25.581,flush_end,0,2686930
-25.565,trivial_move,3,2686931
-25.564,flush_begin,0,0
-25.551,flush_end,0,2686932
-25.535,trivial_move,3,2686931
-25.534,flush_begin,0,0
-25.521,flush_end,0,2686930
-25.505,trivial_move,3,2686931
-25.504,flush_begin,0,0
-25.490,flush_end,0,2686932
-25.473,trivial_move,3,2686931
-25.471,flush_begin,0,0
-25.457,flush_end,0,2686930
-25.441,trivial_move,3,2686930
-25.440,flush_begin,0,0
-25.426,flush_end,0,2686931
-25.410,trivial_move,3,2686932
-25.409,flush_begin,0,0
-25.395,flush_end,0,2686931
-25.379,trivial_move,3,2686930
-25.377,flush_begin,0,0
-25.363,flush_end,0,2686930
-25.347,trivial_move,3,2686932
-25.346,flush_begin,0,0
-25.332,flush_end,0,2686932
-25.317,trivial_move,3,2686930
-25.315,flush_begin,0,0
-25.301,flush_end,0,2686930
-25.286,trivial_move,3,2686930
-25.284,flush_begin,0,0
-25.271,flush_end,0,2686931
-25.255,trivial_move,3,2686932
-25.254,flush_begin,0,0
-25.241,flush_end,0,2686931
-25.225,trivial_move,3,2686930
-25.224,flush_begin,0,0
-25.211,flush_end,0,2686931
-25.195,trivial_move,3,2686932
-25.194,flush_begin,0,0
-25.181,flush_end,0,2686931
-25.165,trivial_move,3,2686930
-25.163,flush_begin,0,0
-25.150,flush_end,0,2686931
-25.134,trivial_move,3,2686932
-25.132,flush_begin,0,0
-25.119,flush_end,0,2686930
-25.103,trivial_move,3,2686931
-25.102,flush_begin,0,0
-25.089,flush_end,0,2686932
-25.073,trivial_move,3,2686931
-25.072,flush_begin,0,0
-25.058,flush_end,0,2686930
-25.042,trivial_move,3,2686931
-25.040,flush_begin,0,0
-25.027,flush_end,0,2686933
-25.011,trivial_move,3,2686931
-25.009,flush_begin,0,0
-24.996,flush_end,0,2686930
-24.980,trivial_move,3,2686930
-24.979,flush_begin,0,0
-24.965,flush_end,0,2686930
-24.949,trivial_move,3,2686932
-24.948,flush_begin,0,0
-24.934,flush_end,0,2686932
-24.918,trivial_move,3,2686930
-24.917,flush_begin,0,0
-24.903,flush_end,0,2686930
-24.887,trivial_move,3,2686931
-24.886,flush_begin,0,0
-24.872,flush_end,0,2686932
-24.856,trivial_move,3,2686931
-24.854,flush_begin,0,0
-24.840,flush_end,0,2686930
-24.824,trivial_move,3,2686930
-24.822,flush_begin,0,0
-24.808,flush_end,0,2686931
-24.791,trivial_move,3,2686932
-24.789,flush_begin,0,0
-24.776,flush_end,0,2686931
-24.759,trivial_move,3,2686930
-24.757,flush_begin,0,0
-24.742,flush_end,0,2686931
-24.724,trivial_move,3,2686932
-24.724,flush_begin,0,0
-24.709,flush_end,0,2686931
-24.693,trivial_move,3,2686930
-24.692,flush_begin,0,0
-24.678,flush_end,0,2686931
-24.662,trivial_move,3,2686931
-24.661,flush_begin,0,0
-24.648,flush_end,0,2686930
-24.632,trivial_move,3,2686931
-24.631,flush_begin,0,0
-24.617,flush_end,0,2686932
-24.600,trivial_move,3,2686931
-24.599,flush_begin,0,0
-24.586,flush_end,0,2686930
-24.569,trivial_move,3,2686931
-24.568,flush_begin,0,0
-24.553,flush_end,0,2686931
-24.537,trivial_move,3,2686930
-24.535,flush_begin,0,0
-24.521,flush_end,0,2686931
-24.504,trivial_move,3,2686930
-24.503,flush_begin,0,0
-24.489,flush_end,0,2686930
-24.472,trivial_move,3,2686931
-24.470,flush_begin,0,0
-24.455,flush_end,0,2686932
-24.438,trivial_move,3,2686932
-24.438,flush_begin,0,0
-24.424,flush_end,0,2686930
-24.407,trivial_move,3,2686931
-24.406,flush_begin,0,0
-24.391,flush_end,0,2686932
-24.373,trivial_move,3,2686931
-24.372,flush_begin,0,0
-24.358,flush_end,0,2686930
-24.342,trivial_move,3,2686930
-24.341,flush_begin,0,0
-24.327,flush_end,0,2686932
-24.311,trivial_move,3,2686932
-24.310,flush_begin,0,0
-24.296,flush_end,0,2686931
-24.280,trivial_move,3,2686930
-24.278,flush_begin,0,0
-24.265,flush_end,0,2686931
-24.249,trivial_move,3,2686932
-24.247,flush_begin,0,0
-24.234,flush_end,0,2686931
-24.219,trivial_move,3,2686930
-24.217,flush_begin,0,0
-24.204,flush_end,0,2686930
-24.185,trivial_move,3,2686931
-24.183,flush_begin,0,0
-24.169,flush_end,0,2686930
-24.153,trivial_move,3,2686931
-24.151,flush_begin,0,0
-24.138,flush_end,0,2686931
-24.122,trivial_move,3,2686930
-24.122,flush_begin,0,0
-24.108,flush_end,0,2686931
-24.092,trivial_move,3,2686932
-24.091,flush_begin,0,0
-24.077,flush_end,0,2686931
-24.061,trivial_move,3,2686930
-24.060,flush_begin,0,0
-24.046,flush_end,0,2686931
-24.030,trivial_move,3,2686931
-24.028,flush_begin,0,0
-24.015,flush_end,0,2686930
-23.999,trivial_move,3,2686931
-23.997,flush_begin,0,0
-23.984,flush_end,0,2686932
-23.968,trivial_move,3,2686931
-23.967,flush_begin,0,0
-23.953,flush_end,0,2686930
-23.937,trivial_move,3,2686931
-23.936,flush_begin,0,0
-23.922,flush_end,0,2686932
-23.906,trivial_move,3,2686931
-23.904,flush_begin,0,0
-23.891,flush_end,0,2686930
-23.875,trivial_move,3,2686930
-23.874,flush_begin,0,0
-23.861,flush_end,0,2686931
-23.845,trivial_move,3,2686932
-23.843,flush_begin,0,0
-23.830,flush_end,0,2686931
-23.814,trivial_move,3,2686930
-23.813,flush_begin,0,0
-23.799,flush_end,0,2686930
-23.783,trivial_move,3,2686933
-23.782,flush_begin,0,0
-23.768,flush_end,0,2686932
-23.752,trivial_move,3,2686930
-23.750,flush_begin,0,0
-23.738,flush_end,0,2686930
-23.721,trivial_move,3,2686930
-23.719,flush_begin,0,0
-23.705,flush_end,0,2686931
-23.688,trivial_move,3,2686932
-23.686,flush_begin,0,0
-23.673,flush_end,0,2686931
-23.657,trivial_move,3,2686930
-23.655,flush_begin,0,0
-23.642,flush_end,0,2686933
-23.626,trivial_move,3,2686932
-23.624,flush_begin,0,0
-23.610,flush_end,0,2686931
-23.594,trivial_move,3,2686930
-23.592,flush_begin,0,0
-23.578,flush_end,0,2686931
-23.562,trivial_move,3,2686931
-23.560,flush_begin,0,0
-23.547,flush_end,0,2686930
-23.531,trivial_move,3,2686931
-23.529,flush_begin,0,0
-23.516,flush_end,0,2686932
-23.499,trivial_move,3,2686931
-23.498,flush_begin,0,0
-23.487,flush_end,0,2686930
-23.471,trivial_move,3,2686931
-23.469,flush_begin,0,0
-23.457,flush_end,0,2686932
-23.441,trivial_move,3,2686931
-23.440,flush_begin,0,0
-23.428,flush_end,0,2686930
-23.412,trivial_move,3,2686930
-23.411,flush_begin,0,0
-23.400,flush_end,0,2686930
-23.382,trivial_move,3,2686932
-23.381,flush_begin,0,0
-23.369,flush_end,0,2686932
-23.353,trivial_move,3,2686930
-23.352,flush_begin,0,0
-23.340,flush_end,0,2686930
-23.324,trivial_move,3,2686931
-23.323,flush_begin,0,0
-23.310,flush_end,0,2686932
-23.293,trivial_move,3,2686931
-23.293,flush_begin,0,0
-23.281,flush_end,0,2686930
-23.265,trivial_move,3,2686930
-23.264,flush_begin,0,0
-23.252,flush_end,0,2686931
-23.236,trivial_move,3,2686932
-23.235,flush_begin,0,0
-23.223,flush_end,0,2686931
-23.207,trivial_move,3,2686930
-23.206,flush_begin,0,0
-23.194,flush_end,0,2686931
-23.178,trivial_move,3,2686932
-23.178,flush_begin,0,0
-23.166,flush_end,0,2686931
-23.150,trivial_move,3,2686930
-23.149,flush_begin,0,0
-23.137,flush_end,0,2686931
-23.120,trivial_move,3,2686932
-23.119,flush_begin,0,0
-23.107,flush_end,0,2686930
-23.091,trivial_move,3,2686931
-23.090,flush_begin,0,0
-23.078,flush_end,0,2686932
-23.061,trivial_move,3,2686931
-23.059,flush_begin,0,0
-23.046,flush_end,0,2686930
-23.030,trivial_move,3,2686931
-23.029,flush_begin,0,0
-23.016,flush_end,0,2686931
-23.000,trivial_move,3,2686930
-22.998,flush_begin,0,0
-22.986,flush_end,0,2686932
-22.970,trivial_move,3,2686930
-22.968,flush_begin,0,0
-22.955,flush_end,0,2686930
-22.939,trivial_move,3,2686931
-22.938,flush_begin,0,0
-22.925,flush_end,0,2686932
-22.909,trivial_move,3,2686931
-22.909,flush_begin,0,0
-22.897,flush_end,0,2686930
-22.881,trivial_move,3,2686931
-22.880,flush_begin,0,0
-22.868,flush_end,0,2686932
-22.852,trivial_move,3,2686931
-22.852,flush_begin,0,0
-22.839,flush_end,0,2686930
-22.822,trivial_move,3,2686930
-22.821,flush_begin,0,0
-22.809,flush_end,0,2686931
-22.793,trivial_move,3,2686932
-22.792,flush_begin,0,0
-22.780,flush_end,0,2686931
-22.764,trivial_move,3,2686930
-22.763,flush_begin,0,0
-22.751,flush_end,0,2686931
-22.734,trivial_move,3,2686932
-22.733,flush_begin,0,0
-22.721,flush_end,0,2686931
-22.704,trivial_move,3,2686930
-22.704,flush_begin,0,0
-22.691,flush_end,0,2686930
-22.675,trivial_move,3,2686931
-22.674,flush_begin,0,0
-22.662,flush_end,0,2686930
-22.646,trivial_move,3,2686931
-22.645,flush_begin,0,0
-22.632,flush_end,0,2686931
-22.616,trivial_move,3,2686930
-22.615,flush_begin,0,0
-22.603,flush_end,0,2686931
-22.587,trivial_move,3,2686932
-22.587,flush_begin,0,0
-22.574,flush_end,0,2686931
-22.558,trivial_move,3,2686930
-22.557,flush_begin,0,0
-22.545,flush_end,0,2686931
-22.529,trivial_move,3,2686931
-22.528,flush_begin,0,0
-22.514,flush_end,0,2686930
-22.497,trivial_move,3,2686931
-22.496,flush_begin,0,0
-22.483,flush_end,0,2686932
-22.466,trivial_move,3,2686933
-22.465,flush_begin,0,0
-22.452,flush_end,0,2686930
-22.436,trivial_move,3,2686931
-22.434,flush_begin,0,0
-22.418,flush_end,0,2686932
-22.402,trivial_move,3,2686931
-22.402,flush_begin,0,0
-22.388,flush_end,0,2686930
-22.372,trivial_move,3,2686930
-22.369,flush_begin,0,0
-22.355,flush_end,0,2686932
-22.338,trivial_move,3,2686932
-22.338,flush_begin,0,0
-22.323,flush_end,0,2686931
-22.307,trivial_move,3,2686930
-22.305,flush_begin,0,0
-22.290,flush_end,0,2686930
-22.274,trivial_move,3,2686932
-22.272,flush_begin,0,0
-22.258,flush_end,0,2686932
-22.241,trivial_move,3,2686930
-22.239,flush_begin,0,0
-22.226,flush_end,0,2686930
-22.209,trivial_move,3,2686930
-22.207,flush_begin,0,0
-22.193,flush_end,0,2686931
-22.177,trivial_move,3,2686932
-22.175,flush_begin,0,0
-22.162,flush_end,0,2686931
-22.145,trivial_move,3,2686930
-22.144,flush_begin,0,0
-22.130,flush_end,0,2686931
-22.113,trivial_move,3,2686932
-22.112,flush_begin,0,0
-22.098,flush_end,0,2686931
-22.082,trivial_move,3,2686930
-22.081,flush_begin,0,0
-22.067,flush_end,0,2686931
-22.051,trivial_move,3,2686931
-22.049,flush_begin,0,0
-22.036,flush_end,0,2686930
-22.020,trivial_move,3,2686931
-22.019,flush_begin,0,0
-22.005,flush_end,0,2686932
-21.989,trivial_move,3,2686931
-21.988,flush_begin,0,0
-21.975,flush_end,0,2686930
-21.958,trivial_move,3,2686931
-21.956,flush_begin,0,0
-21.943,flush_end,0,2686932
-21.927,trivial_move,3,2686931
-21.926,flush_begin,0,0
-21.912,flush_end,0,2686930
-21.896,trivial_move,3,2686930
-21.895,flush_begin,0,0
-21.882,flush_end,0,2686930
-21.866,trivial_move,3,2686932
-21.865,flush_begin,0,0
-21.852,flush_end,0,2686932
-21.835,trivial_move,3,2686930
-21.834,flush_begin,0,0
-21.821,flush_end,0,2686930
-21.805,trivial_move,3,2686931
-21.804,flush_begin,0,0
-21.791,flush_end,0,2686932
-21.774,trivial_move,3,2686932
-21.773,flush_begin,0,0
-21.759,flush_end,0,2686930
-21.742,trivial_move,3,2686930
-21.742,flush_begin,0,0
-21.729,flush_end,0,2686931
-21.713,trivial_move,3,2686932
-21.712,flush_begin,0,0
-21.699,flush_end,0,2686931
-21.682,trivial_move,3,2686930
-21.680,flush_begin,0,0
-21.667,flush_end,0,2686932
-21.651,trivial_move,3,2686932
-21.649,flush_begin,0,0
-21.636,flush_end,0,2686931
-21.618,trivial_move,3,2686930
-21.617,flush_begin,0,0
-21.604,flush_end,0,2686931
-21.587,trivial_move,3,2686931
-21.586,flush_begin,0,0
-21.573,flush_end,0,2686930
-21.557,trivial_move,3,2686931
-21.555,flush_begin,0,0
-21.543,flush_end,0,2686932
-21.527,trivial_move,3,2686931
-21.525,flush_begin,0,0
-21.512,flush_end,0,2686930
-21.495,trivial_move,3,2686931
-21.494,flush_begin,0,0
-21.481,flush_end,0,2686931
-21.464,trivial_move,3,2686930
-21.463,flush_begin,0,0
-21.449,flush_end,0,2686931
-21.432,trivial_move,3,2686930
-21.431,flush_begin,0,0
-21.417,flush_end,0,2686930
-21.400,trivial_move,3,2686931
-21.399,flush_begin,0,0
-21.386,flush_end,0,2686932
-21.369,trivial_move,3,2686931
-21.368,flush_begin,0,0
-21.354,flush_end,0,2686930
-21.338,trivial_move,3,2686931
-21.337,flush_begin,0,0
-21.323,flush_end,0,2686932
-21.306,trivial_move,3,2686931
-21.304,flush_begin,0,0
-21.290,flush_end,0,2686930
-21.273,trivial_move,3,2686930
-21.271,flush_begin,0,0
-21.257,flush_end,0,2686931
-21.240,trivial_move,3,2686932
-21.239,flush_begin,0,0
-21.226,flush_end,0,2686931
-21.209,trivial_move,3,2686930
-21.207,flush_begin,0,0
-21.193,flush_end,0,2686931
-21.176,trivial_move,3,2686932
-21.174,flush_begin,0,0
-21.160,flush_end,0,2686931
-21.144,trivial_move,3,2686930
-21.142,flush_begin,0,0
-21.129,flush_end,0,2686930
-21.112,trivial_move,3,2686932
-21.110,flush_begin,0,0
-21.097,flush_end,0,2686930
-21.080,trivial_move,3,2686931
-21.079,flush_begin,0,0
-21.064,flush_end,0,2686931
-21.047,trivial_move,3,2686930
-21.047,flush_begin,0,0
-21.032,flush_end,0,2686931
-21.016,trivial_move,3,2686932
-21.014,flush_begin,0,0
-21.001,flush_end,0,2686931
-20.985,trivial_move,3,2686930
-20.984,flush_begin,0,0
-20.971,flush_end,0,2686932
-20.955,trivial_move,3,2686931
-20.954,flush_begin,0,0
-20.941,flush_end,0,2686930
-20.925,trivial_move,3,2686931
-20.924,flush_begin,0,0
-20.910,flush_end,0,2686932
-20.894,trivial_move,3,2686931
-20.893,flush_begin,0,0
-20.879,flush_end,0,2686930
-20.863,trivial_move,3,2686931
-20.862,flush_begin,0,0
-20.848,flush_end,0,2686932
-20.832,trivial_move,3,2686931
-20.831,flush_begin,0,0
-20.818,flush_end,0,2686930
-20.802,trivial_move,3,2686930
-20.801,flush_begin,0,0
-20.788,flush_end,0,2686931
-20.771,trivial_move,3,2686932
-20.770,flush_begin,0,0
-20.756,flush_end,0,2686931
-20.741,trivial_move,3,2686930
-20.739,flush_begin,0,0
-20.725,flush_end,0,2686930
-20.709,trivial_move,3,2686932
-20.708,flush_begin,0,0
-20.695,flush_end,0,2686932
-20.679,trivial_move,3,2686930
-20.678,flush_begin,0,0
-20.664,flush_end,0,2686930
-20.648,trivial_move,3,2686930
-20.647,flush_begin,0,0
-20.633,flush_end,0,2686931
-20.617,trivial_move,3,2686932
-20.616,flush_begin,0,0
-20.602,flush_end,0,2686931
-20.586,trivial_move,3,2686930
-20.585,flush_begin,0,0
-20.571,flush_end,0,2686931
-20.555,trivial_move,3,2686932
-20.553,flush_begin,0,0
-20.540,flush_end,0,2686931
-20.525,trivial_move,3,2686930
-20.523,flush_begin,0,0
-20.509,flush_end,0,2686931
-20.493,trivial_move,3,2686931
-20.492,flush_begin,0,0
-20.479,flush_end,0,2686930
-20.463,trivial_move,3,2686931
-20.463,flush_begin,0,0
-20.449,flush_end,0,2686932
-20.433,trivial_move,3,2686932
-20.432,flush_begin,0,0
-20.419,flush_end,0,2686930
-20.403,trivial_move,3,2686931
-20.402,flush_begin,0,0
-20.389,flush_end,0,2686932
-20.373,trivial_move,3,2686931
-20.372,flush_begin,0,0
-20.359,flush_end,0,2686930
-20.343,trivial_move,3,2686930
-20.342,flush_begin,0,0
-20.329,flush_end,0,2686930
-20.313,trivial_move,3,2686932
-20.312,flush_begin,0,0
-20.298,flush_end,0,2686933
-20.283,trivial_move,3,2686930
-20.281,flush_begin,0,0
-20.268,flush_end,0,2686930
-20.252,trivial_move,3,2686931
-20.252,flush_begin,0,0
-20.239,flush_end,0,2686932
-20.223,trivial_move,3,2686931
-20.222,flush_begin,0,0
-20.209,flush_end,0,2686930
-20.193,trivial_move,3,2686930
-20.192,flush_begin,0,0
-20.179,flush_end,0,2686931
-20.163,trivial_move,3,2686932
-20.162,flush_begin,0,0
-20.149,flush_end,0,2686931
-20.133,trivial_move,3,2686930
-20.132,flush_begin,0,0
-20.117,flush_end,0,2686931
-20.101,trivial_move,3,2686932
-20.101,flush_begin,0,0
-20.090,flush_end,0,2686931
-20.074,trivial_move,3,2686930
-20.073,flush_begin,0,0
-20.060,flush_end,0,2686931
-20.044,trivial_move,3,2686931
-20.044,flush_begin,0,0
-20.031,flush_end,0,2686930
-20.015,trivial_move,3,2686931
-20.015,flush_begin,0,0
-20.001,flush_end,0,2686932
-19.985,trivial_move,3,2686931
-19.984,flush_begin,0,0
-19.970,flush_end,0,2686930
-19.954,trivial_move,3,2686931
-19.954,flush_begin,0,0
-19.941,flush_end,0,2686931
-19.925,trivial_move,3,2686930
-19.924,flush_begin,0,0
-19.911,flush_end,0,2686931
-19.895,trivial_move,3,2686930
-19.894,flush_begin,0,0
-19.880,flush_end,0,2686930
-19.864,trivial_move,3,2686931
-19.864,flush_begin,0,0
-19.852,flush_end,0,2686932
-19.836,trivial_move,3,2686931
-19.835,flush_begin,0,0
-19.822,flush_end,0,2686930
-19.806,trivial_move,3,2686931
-19.804,flush_begin,0,0
-19.791,flush_end,0,2686932
-19.774,trivial_move,3,2686932
-19.773,flush_begin,0,0
-19.759,flush_end,0,2686930
-19.743,trivial_move,3,2686930
-19.742,flush_begin,0,0
-19.730,flush_end,0,2686931
-19.713,trivial_move,3,2686932
-19.712,flush_begin,0,0
-19.697,flush_end,0,2686931
-19.679,trivial_move,3,2686930
-19.679,flush_begin,0,0
-19.666,flush_end,0,2686932
-19.650,trivial_move,3,2686932
-19.648,flush_begin,0,0
-19.634,flush_end,0,2686931
-19.618,trivial_move,3,2686930
-19.616,flush_begin,0,0
-19.603,flush_end,0,2686930
-19.587,trivial_move,3,2686931
-19.586,flush_begin,0,0
-19.574,flush_end,0,2686930
-19.558,trivial_move,3,2686931
-19.558,flush_begin,0,0
-19.546,flush_end,0,2686931
-19.530,trivial_move,3,2686930
-19.530,flush_begin,0,0
-19.518,flush_end,0,2686931
-19.502,trivial_move,3,2686932
-19.501,flush_begin,0,0
-19.488,flush_end,0,2686931
-19.472,trivial_move,3,2686930
-19.471,flush_begin,0,0
-19.458,flush_end,0,2686931
-19.442,trivial_move,3,2686931
-19.441,flush_begin,0,0
-19.428,flush_end,0,2686930
-19.413,trivial_move,3,2686931
-19.412,flush_begin,0,0
-19.399,flush_end,0,2686932
-19.383,trivial_move,3,2686931
-19.382,flush_begin,0,0
-19.368,flush_end,0,2686930
-19.351,trivial_move,3,2686931
-19.350,flush_begin,0,0
-19.337,flush_end,0,2686932
-19.321,trivial_move,3,2686931
-19.321,flush_begin,0,0
-19.308,flush_end,0,2686930
-19.292,trivial_move,3,2686930
-19.291,flush_begin,0,0
-19.277,flush_end,0,2686931
-19.260,trivial_move,3,2686932
-19.260,flush_begin,0,0
-19.247,flush_end,0,2686931
-19.230,trivial_move,3,2686930
-19.229,flush_begin,0,0
-19.215,flush_end,0,2686930
-19.199,trivial_move,3,2686932
-19.198,flush_begin,0,0
-19.184,flush_end,0,2686932
-19.167,trivial_move,3,2686930
-19.165,flush_begin,0,0
-19.152,flush_end,0,2686930
-19.135,trivial_move,3,2686930
-19.133,flush_begin,0,0
-19.118,flush_end,0,2686931
-19.101,trivial_move,3,2686933
-19.100,flush_begin,0,0
-19.086,flush_end,0,2686931
-19.070,trivial_move,3,2686930
-19.069,flush_begin,0,0
-19.055,flush_end,0,2686931
-19.038,trivial_move,3,2686932
-19.037,flush_begin,0,0
-19.024,flush_end,0,2686931
-19.008,trivial_move,3,2686930
-19.006,flush_begin,0,0
-18.992,flush_end,0,2686932
-18.975,trivial_move,3,2686931
-18.974,flush_begin,0,0
-18.961,flush_end,0,2686930
-18.945,trivial_move,3,2686931
-18.944,flush_begin,0,0
-18.931,flush_end,0,2686932
-18.914,trivial_move,3,2686931
-18.913,flush_begin,0,0
-18.900,flush_end,0,2686930
-18.883,trivial_move,3,2686931
-18.882,flush_begin,0,0
-18.870,flush_end,0,2686932
-18.854,trivial_move,3,2686931
-18.853,flush_begin,0,0
-18.840,flush_end,0,2686930
-18.825,trivial_move,3,2686930
-18.823,flush_begin,0,0
-18.810,flush_end,0,2686930
-18.790,trivial_move,3,2686932
-18.789,flush_begin,0,0
-18.776,flush_end,0,2686932
-18.759,trivial_move,3,2686930
-18.758,flush_begin,0,0
-18.745,flush_end,0,2686930
-18.729,trivial_move,3,2686931
-18.728,flush_begin,0,0
-18.714,flush_end,0,2686932
-18.697,trivial_move,3,2686931
-18.696,flush_begin,0,0
-18.683,flush_end,0,2686930
-18.667,trivial_move,3,2686930
-18.665,flush_begin,0,0
-18.652,flush_end,0,2686931
-18.636,trivial_move,3,2686932
-18.635,flush_begin,0,0
-18.622,flush_end,0,2686931
-18.606,trivial_move,3,2686930
-18.605,flush_begin,0,0
-18.592,flush_end,0,2686931
-18.576,trivial_move,3,2686932
-18.574,flush_begin,0,0
-18.562,flush_end,0,2686931
-18.546,trivial_move,3,2686930
-18.544,flush_begin,0,0
-18.532,flush_end,0,2686931
-18.516,trivial_move,3,2686931
-18.515,flush_begin,0,0
-18.501,flush_end,0,2686930
-18.485,trivial_move,3,2686931
-18.484,flush_begin,0,0
-18.470,flush_end,0,2686932
-18.454,trivial_move,3,2686932
-18.452,flush_begin,0,0
-18.439,flush_end,0,2686930
-18.423,trivial_move,3,2686931
-18.421,flush_begin,0,0
-18.408,flush_end,0,2686931
-18.392,trivial_move,3,2686930
-18.391,flush_begin,0,0
-18.378,flush_end,0,2686931
-18.360,trivial_move,3,2686930
-18.359,flush_begin,0,0
-18.346,flush_end,0,2686930
-18.329,trivial_move,3,2686931
-18.328,flush_begin,0,0
-18.315,flush_end,0,2686933
-18.299,trivial_move,3,2686931
-18.297,flush_begin,0,0
-18.284,flush_end,0,2686930
-18.267,trivial_move,3,2686931
-18.266,flush_begin,0,0
-18.253,flush_end,0,2686932
-18.237,trivial_move,3,2686931
-18.236,flush_begin,0,0
-18.223,flush_end,0,2686930
-18.207,trivial_move,3,2686930
-18.206,flush_begin,0,0
-18.193,flush_end,0,2686931
-18.177,trivial_move,3,2686932
-18.177,flush_begin,0,0
-18.164,flush_end,0,2686931
-18.148,trivial_move,3,2686930
-18.148,flush_begin,0,0
-18.135,flush_end,0,2686931
-18.119,trivial_move,3,2686932
-18.118,flush_begin,0,0
-18.104,flush_end,0,2686931
-18.088,trivial_move,3,2686930
-18.087,flush_begin,0,0
-18.074,flush_end,0,2686930
-18.057,trivial_move,3,2686931
-18.055,flush_begin,0,0
-18.042,flush_end,0,2686930
-18.025,trivial_move,3,2686931
-18.024,flush_begin,0,0
-18.011,flush_end,0,2686931
-17.995,trivial_move,3,2686930
-17.994,flush_begin,0,0
-17.981,flush_end,0,2686931
-17.964,trivial_move,3,2686932
-17.964,flush_begin,0,0
-17.951,flush_end,0,2686931
-17.935,trivial_move,3,2686930
-17.934,flush_begin,0,0
-17.921,flush_end,0,2686931
-17.905,trivial_move,3,2686931
-17.904,flush_begin,0,0
-17.891,flush_end,0,2686930
-17.875,trivial_move,3,2686931
-17.875,flush_begin,0,0
-17.861,flush_end,0,2686932
-17.845,trivial_move,3,2686931
-17.843,flush_begin,0,0
-17.830,flush_end,0,2686930
-17.813,trivial_move,3,2686931
-17.812,flush_begin,0,0
-17.799,flush_end,0,2686932
-17.783,trivial_move,3,2686932
-17.782,flush_begin,0,0
-17.771,flush_end,0,2686930
-17.754,trivial_move,3,2686930
-17.754,flush_begin,0,0
-17.741,flush_end,0,2686931
-17.725,trivial_move,3,2686932
-17.724,flush_begin,0,0
-17.712,flush_end,0,2686931
-17.696,trivial_move,3,2686930
-17.695,flush_begin,0,0
-17.683,flush_end,0,2686930
-17.667,trivial_move,3,2686932
-17.666,flush_begin,0,0
-17.655,flush_end,0,2686933
-17.639,trivial_move,3,2686930
-17.638,flush_begin,0,0
-17.626,flush_end,0,2686930
-17.610,trivial_move,3,2686930
-17.609,flush_begin,0,0
-17.597,flush_end,0,2686931
-17.581,trivial_move,3,2686932
-17.580,flush_begin,0,0
-17.568,flush_end,0,2686931
-17.551,trivial_move,3,2686930
-17.550,flush_begin,0,0
-17.538,flush_end,0,2686931
-17.522,trivial_move,3,2686932
-17.522,flush_begin,0,0
-17.510,flush_end,0,2686931
-17.494,trivial_move,3,2686930
-17.493,flush_begin,0,0
-17.481,flush_end,0,2686931
-17.465,trivial_move,3,2686931
-17.464,flush_begin,0,0
-17.450,flush_end,0,2686930
-17.434,trivial_move,3,2686931
-17.433,flush_begin,0,0
-17.420,flush_end,0,2686932
-17.404,trivial_move,3,2686931
-17.403,flush_begin,0,0
-17.390,flush_end,0,2686930
-17.373,trivial_move,3,2686931
-17.372,flush_begin,0,0
-17.358,flush_end,0,2686932
-17.341,trivial_move,3,2686931
-17.340,flush_begin,0,0
-17.327,flush_end,0,2686930
-17.311,trivial_move,3,2686930
-17.310,flush_begin,0,0
-17.297,flush_end,0,2686930
-17.282,trivial_move,3,2686932
-17.280,flush_begin,0,0
-17.266,flush_end,0,2686932
-17.250,trivial_move,3,2686930
-17.249,flush_begin,0,0
-17.236,flush_end,0,2686930
-17.220,trivial_move,3,2686931
-17.219,flush_begin,0,0
-17.206,flush_end,0,2686932
-17.190,trivial_move,3,2686931
-17.189,flush_begin,0,0
-17.175,flush_end,0,2686930
-17.158,trivial_move,3,2686930
-17.150,trivial_move,4,2686930
-17.149,flush_begin,0,0
-17.136,flush_end,0,2686931
-17.119,trivial_move,3,2686933
-17.111,trivial_move,4,2686931
-17.111,flush_begin,0,0
-17.097,flush_end,0,2686931
-17.081,trivial_move,3,2686930
-17.073,trivial_move,4,2686931
-17.073,flush_begin,0,0
-17.058,flush_end,0,2686931
-17.042,trivial_move,3,2686932
-17.034,trivial_move,4,2686931
-17.034,flush_begin,0,0
-17.022,flush_end,0,2686931
-17.006,trivial_move,3,2686930
-16.998,trivial_move,4,2686931
-16.998,flush_begin,0,0
-16.986,flush_end,0,2686933
-16.970,trivial_move,3,2686931
-16.962,trivial_move,4,2686930
-16.961,flush_begin,0,0
-16.948,flush_end,0,2686930
-16.932,trivial_move,3,2686931
-16.924,trivial_move,4,2686932
-16.924,flush_begin,0,0
-16.911,flush_end,0,2686932
-16.895,trivial_move,3,2686931
-16.887,trivial_move,4,2686930
-16.887,flush_begin,0,0
-16.873,flush_end,0,2686930
-16.857,trivial_move,3,2686931
-16.849,trivial_move,4,2686932
-16.848,flush_begin,0,0
-16.833,flush_end,0,2686931
-16.817,trivial_move,3,2686930
-16.809,trivial_move,4,2686930
-16.808,flush_begin,0,0
-16.793,flush_end,0,2686931
-16.777,trivial_move,3,2686930
-16.769,trivial_move,4,2686931
-16.768,flush_begin,0,0
-16.753,flush_end,0,2686930
-16.737,trivial_move,3,2686931
-16.730,trivial_move,4,2686931
-16.729,flush_begin,0,0
-16.715,flush_end,0,2686932
-16.698,trivial_move,3,2686931
-16.690,trivial_move,4,2686930
-16.689,flush_begin,0,0
-16.673,flush_end,0,2686930
-16.657,trivial_move,3,2686931
-16.649,trivial_move,4,2686932
-16.648,flush_begin,0,0
-16.633,flush_end,0,2686932
-16.617,trivial_move,3,2686931
-16.609,trivial_move,4,2686930
-16.608,flush_begin,0,0
-16.593,flush_end,0,2686930
-16.577,trivial_move,3,2686930
-16.569,trivial_move,4,2686931
-16.567,flush_begin,0,0
-16.551,flush_end,0,2686931
-16.535,trivial_move,3,2686932
-16.527,trivial_move,4,2686931
-16.525,flush_begin,0,0
-16.510,flush_end,0,2686931
-16.494,trivial_move,3,2686930
-16.486,trivial_move,4,2686931
-16.484,flush_begin,0,0
-16.468,flush_end,0,2686931
-16.451,trivial_move,3,2686932
-16.443,trivial_move,4,2686931
-16.441,flush_begin,0,0
-16.426,flush_end,0,2686931
-16.409,trivial_move,3,2686930
-16.401,trivial_move,4,2686931
-16.400,flush_begin,0,0
-16.382,flush_end,0,2686930
-16.364,trivial_move,3,2686931
-16.356,trivial_move,4,2686930
-16.355,flush_begin,0,0
-16.339,flush_end,0,2686930
-16.323,trivial_move,3,2686931
-16.315,trivial_move,4,2686933
-16.314,flush_begin,0,0
-16.299,flush_end,0,2686931
-16.283,trivial_move,3,2686930
-16.275,trivial_move,4,2686930
-16.273,flush_begin,0,0
-16.258,flush_end,0,2686931
-16.242,trivial_move,3,2686933
-16.234,trivial_move,4,2686932
-16.233,flush_begin,0,0
-16.218,flush_end,0,2686931
-16.201,trivial_move,3,2686930
-16.193,trivial_move,4,2686930
-16.191,flush_begin,0,0
-16.176,flush_end,0,2686931
-16.159,trivial_move,3,2686931
-16.151,trivial_move,4,2686930
-16.150,flush_begin,0,0
-16.135,flush_end,0,2686930
-16.118,trivial_move,3,2686931
-16.110,trivial_move,4,2686932
-16.109,flush_begin,0,0
-16.092,flush_end,0,2686933
-16.075,trivial_move,3,2686931
-16.067,trivial_move,4,2686930
-16.067,flush_begin,0,0
-16.054,flush_end,0,2686930
-16.038,trivial_move,3,2686931
-16.030,trivial_move,4,2686932
-16.030,flush_begin,0,0
-16.016,flush_end,0,2686932
-15.999,trivial_move,3,2686931
-15.992,trivial_move,4,2686930
-15.992,flush_begin,0,0
-15.978,flush_end,0,2686930
-15.961,trivial_move,3,2686930
-15.953,trivial_move,4,2686931
-15.953,flush_begin,0,0
-15.940,flush_end,0,2686931
-15.923,trivial_move,3,2686932
-15.915,trivial_move,4,2686931
-15.915,flush_begin,0,0
-15.900,flush_end,0,2686931
-15.884,trivial_move,3,2686930
-15.876,trivial_move,4,2686931
-15.876,flush_begin,0,0
-15.862,flush_end,0,2686930
-15.846,trivial_move,3,2686932
-15.838,trivial_move,4,2686931
-15.837,flush_begin,0,0
-15.822,flush_end,0,2686932
-15.806,trivial_move,3,2686930
-15.798,trivial_move,4,2686931
-15.797,flush_begin,0,0
-15.783,flush_end,0,2686930
-15.767,trivial_move,3,2686930
-15.759,trivial_move,4,2686930
-15.759,flush_begin,0,0
-15.747,flush_end,0,2686931
-15.731,trivial_move,3,2686932
-15.725,trivial_move,4,2686932
-15.725,flush_begin,0,0
-15.710,flush_end,0,2686931
-15.693,trivial_move,3,2686930
-15.685,trivial_move,4,2686930
-15.683,flush_begin,0,0
-15.668,flush_end,0,2686931
-15.652,trivial_move,3,2686932
-15.644,trivial_move,4,2686931
-15.641,flush_begin,0,0
-15.624,flush_end,0,2686931
-15.607,trivial_move,3,2686930
-15.599,trivial_move,4,2686931
-15.597,flush_begin,0,0
-15.581,flush_end,0,2686931
-15.564,trivial_move,3,2686931
-15.556,trivial_move,4,2686930
-15.555,flush_begin,0,0
-15.539,flush_end,0,2686930
-15.522,trivial_move,3,2686931
-15.514,trivial_move,4,2686932
-15.513,flush_begin,0,0
-15.497,flush_end,0,2686932
-15.480,trivial_move,3,2686931
-15.472,trivial_move,4,2686930
-15.469,flush_begin,0,0
-15.453,flush_end,0,2686930
-15.436,trivial_move,3,2686931
-15.428,trivial_move,4,2686933
-15.427,flush_begin,0,0
-15.411,flush_end,0,2686932
-15.394,trivial_move,3,2686933
-15.386,trivial_move,4,2686930
-15.385,flush_begin,0,0
-15.369,flush_end,0,2686930
-15.352,trivial_move,3,2686930
-15.344,trivial_move,4,2686931
-15.343,flush_begin,0,0
-15.328,flush_end,0,2686930
-15.311,trivial_move,3,2686932
-15.303,trivial_move,4,2686931
-15.302,flush_begin,0,0
-15.287,flush_end,0,2686932
-15.272,trivial_move,3,2686930
-15.264,trivial_move,4,2686931
-15.262,flush_begin,0,0
-15.247,flush_end,0,2686930
-15.231,trivial_move,3,2686931
-15.223,trivial_move,4,2686931
-15.222,flush_begin,0,0
-15.207,flush_end,0,2686933
-15.185,trivial_move,3,2686931
-15.177,trivial_move,4,2686930
-15.176,flush_begin,0,0
-15.161,flush_end,0,2686930
-15.144,trivial_move,3,2686930
-15.136,trivial_move,4,2686930
-15.134,flush_begin,0,0
-15.118,flush_end,0,2686931
-15.101,trivial_move,3,2686932
-15.093,trivial_move,4,2686931
-15.092,flush_begin,0,0
-15.077,flush_end,0,2686931
-15.060,trivial_move,3,2686930
-15.052,trivial_move,4,2686931
-15.050,flush_begin,0,0
-15.035,flush_end,0,2686931
-15.019,trivial_move,3,2686932
-15.011,trivial_move,4,2686931
-15.010,flush_begin,0,0
-14.996,flush_end,0,2686931
-14.981,trivial_move,3,2686930
-14.973,trivial_move,4,2686931
-14.972,flush_begin,0,0
-14.957,flush_end,0,2686931
-14.941,trivial_move,3,2686931
-14.933,trivial_move,4,2686930
-14.932,flush_begin,0,0
-14.918,flush_end,0,2686930
-14.902,trivial_move,3,2686931
-14.895,trivial_move,4,2686932
-14.894,flush_begin,0,0
-14.883,flush_end,0,2686932
-14.867,trivial_move,3,2686931
-14.867,flush_begin,0,0
-14.856,flush_end,0,2686930
-14.839,trivial_move,3,2686931
-14.831,trivial_move,4,2686930
-14.831,flush_begin,0,0
-14.820,flush_end,0,2686931
-14.804,trivial_move,3,2686930
-14.796,trivial_move,4,2686932
-14.796,flush_begin,0,0
-14.785,flush_end,0,2686931
-14.768,trivial_move,3,2686930
-14.768,flush_begin,0,0
-14.755,flush_end,0,2686930
-14.739,trivial_move,3,2686931
-14.731,trivial_move,4,2686930
-14.723,trivial_move,4,2686931
-14.723,flush_begin,0,0
-14.710,flush_end,0,2686932
-14.693,trivial_move,3,2686931
-14.685,trivial_move,4,2686931
-14.685,flush_begin,0,0
-14.671,flush_end,0,2686930
-14.654,trivial_move,3,2686931
-14.646,trivial_move,4,2686930
-14.638,trivial_move,4,2686932
-14.638,flush_begin,0,0
-14.623,flush_end,0,2686932
-14.606,trivial_move,3,2686931
-14.598,trivial_move,4,2686930
-14.597,flush_begin,0,0
-14.581,flush_end,0,2686930
-14.564,trivial_move,3,2686930
-14.556,trivial_move,4,2686932
-14.555,flush_begin,0,0
-14.539,flush_end,0,2686931
-14.523,trivial_move,3,2686933
-14.515,trivial_move,4,2686931
-14.513,flush_begin,0,0
-14.498,flush_end,0,2686931
-14.482,trivial_move,3,2686930
-14.474,trivial_move,4,2686931
-14.473,flush_begin,0,0
-14.457,flush_end,0,2686931
-14.440,trivial_move,3,2686932
-14.432,trivial_move,4,2686931
-14.431,flush_begin,0,0
-14.416,flush_end,0,2686931
-14.399,trivial_move,3,2686930
-14.391,trivial_move,4,2686931
-14.390,flush_begin,0,0
-14.374,flush_end,0,2686930
-14.357,trivial_move,3,2686931
-14.349,trivial_move,4,2686930
-14.347,flush_begin,0,0
-14.332,flush_end,0,2686930
-14.315,trivial_move,3,2686931
-14.307,trivial_move,4,2686932
-14.303,flush_begin,0,0
-14.287,flush_end,0,2686931
-14.271,trivial_move,3,2686930
-14.263,trivial_move,4,2686930
-14.260,flush_begin,0,0
-14.245,flush_end,0,2686931
-14.229,trivial_move,3,2686932
-14.221,trivial_move,4,2686932
-14.220,flush_begin,0,0
-14.205,flush_end,0,2686931
-14.189,trivial_move,3,2686930
-14.181,trivial_move,4,2686930
-14.179,flush_begin,0,0
-14.163,flush_end,0,2686931
-14.146,trivial_move,3,2686931
-14.138,trivial_move,4,2686930
-14.137,flush_begin,0,0
-14.122,flush_end,0,2686930
-14.105,trivial_move,3,2686931
-14.097,trivial_move,4,2686932
-14.096,flush_begin,0,0
-14.081,flush_end,0,2686932
-14.064,trivial_move,3,2686931
-14.056,trivial_move,4,2686930
-14.055,flush_begin,0,0
-14.040,flush_end,0,2686930
-14.024,trivial_move,3,2686931
-14.016,trivial_move,4,2686932
-14.015,flush_begin,0,0
-14.000,flush_end,0,2686932
-13.984,trivial_move,3,2686931
-13.976,trivial_move,4,2686930
-13.975,flush_begin,0,0
-13.960,flush_end,0,2686930
-13.944,trivial_move,3,2686930
-13.936,trivial_move,4,2686931
-13.936,flush_begin,0,0
-13.922,flush_end,0,2686931
-13.906,trivial_move,3,2686932
-13.898,trivial_move,4,2686931
-13.897,flush_begin,0,0
-13.880,flush_end,0,2686931
-13.864,trivial_move,3,2686930
-13.856,trivial_move,4,2686931
-13.855,flush_begin,0,0
-13.840,flush_end,0,2686930
-13.823,trivial_move,3,2686932
-13.815,trivial_move,4,2686931
-13.814,flush_begin,0,0
-13.799,flush_end,0,2686932
-13.782,trivial_move,3,2686930
-13.774,trivial_move,4,2686931
-13.773,flush_begin,0,0
-13.757,flush_end,0,2686930
-13.741,trivial_move,3,2686930
-13.733,trivial_move,4,2686930
-13.731,flush_begin,0,0
-13.716,flush_end,0,2686931
-13.700,trivial_move,3,2686932
-13.692,trivial_move,4,2686933
-13.691,flush_begin,0,0
-13.676,flush_end,0,2686931
-13.659,trivial_move,3,2686930
-13.651,trivial_move,4,2686930
-13.650,flush_begin,0,0
-13.634,flush_end,0,2686931
-13.617,trivial_move,3,2686933
-13.609,trivial_move,4,2686931
-13.608,flush_begin,0,0
-13.591,flush_end,0,2686931
-13.574,trivial_move,3,2686930
-13.566,trivial_move,4,2686931
-13.563,flush_begin,0,0
-13.547,flush_end,0,2686931
-13.530,trivial_move,3,2686931
-13.522,trivial_move,4,2686930
-13.519,flush_begin,0,0
-13.503,flush_end,0,2686930
-13.486,trivial_move,3,2686931
-13.478,trivial_move,4,2686932
-13.476,flush_begin,0,0
-13.460,flush_end,0,2686933
-13.443,trivial_move,3,2686931
-13.435,trivial_move,4,2686930
-13.434,flush_begin,0,0
-13.418,flush_end,0,2686930
-13.401,trivial_move,3,2686931
-13.393,trivial_move,4,2686932
-13.392,flush_begin,0,0
-13.376,flush_end,0,2686932
-13.359,trivial_move,3,2686931
-13.351,trivial_move,4,2686930
-13.350,flush_begin,0,0
-13.335,flush_end,0,2686930
-13.318,trivial_move,3,2686930
-13.310,trivial_move,4,2686931
-13.309,flush_begin,0,0
-13.293,flush_end,0,2686930
-13.276,trivial_move,3,2686932
-13.268,trivial_move,4,2686931
-13.266,flush_begin,0,0
-13.252,flush_end,0,2686932
-13.238,trivial_move,3,2686930
-13.226,trivial_move,4,2686931
-13.224,flush_begin,0,0
-13.209,flush_end,0,2686930
-13.193,trivial_move,3,2686931
-13.185,trivial_move,4,2686931
-13.183,flush_begin,0,0
-13.166,flush_end,0,2686932
-13.150,trivial_move,3,2686931
-13.142,trivial_move,4,2686930
-13.140,flush_begin,0,0
-13.124,flush_end,0,2686930
-13.107,trivial_move,3,2686930
-13.099,trivial_move,4,2686930
-13.097,flush_begin,0,0
-13.081,flush_end,0,2686931
-13.064,trivial_move,3,2686932
-13.056,trivial_move,4,2686931
-13.053,flush_begin,0,0
-13.037,flush_end,0,2686931
-13.020,trivial_move,3,2686930
-13.012,trivial_move,4,2686931
-13.009,flush_begin,0,0
-12.992,flush_end,0,2686931
-12.975,trivial_move,3,2686932
-12.967,trivial_move,4,2686931
-12.965,flush_begin,0,0
-12.948,flush_end,0,2686931
-12.931,trivial_move,3,2686930
-12.923,trivial_move,4,2686931
-12.922,flush_begin,0,0
-12.906,flush_end,0,2686931
-12.889,trivial_move,3,2686931
-12.881,trivial_move,4,2686930
-12.879,flush_begin,0,0
-12.861,flush_end,0,2686930
-12.844,trivial_move,3,2686931
-12.836,trivial_move,4,2686932
-12.834,flush_begin,0,0
-12.818,flush_end,0,2686932
-12.801,trivial_move,3,2686931
-12.793,trivial_move,4,2686930
-12.791,flush_begin,0,0
-12.774,flush_end,0,2686930
-12.757,trivial_move,3,2686931
-12.749,trivial_move,4,2686933
-12.747,flush_begin,0,0
-12.731,flush_end,0,2686931
-12.713,trivial_move,3,2686930
-12.705,trivial_move,4,2686930
-12.704,flush_begin,0,0
-12.691,flush_end,0,2686931
-12.674,trivial_move,3,2686930
-12.666,trivial_move,4,2686931
-12.665,flush_begin,0,0
-12.652,flush_end,0,2686930
-12.635,trivial_move,3,2686931
-12.627,trivial_move,4,2686931
-12.626,flush_begin,0,0
-12.612,flush_end,0,2686932
-12.595,trivial_move,3,2686931
-12.587,trivial_move,4,2686930
-12.586,flush_begin,0,0
-12.571,flush_end,0,2686930
-12.554,trivial_move,3,2686931
-12.546,trivial_move,4,2686932
-12.545,flush_begin,0,0
-12.530,flush_end,0,2686933
-12.514,trivial_move,3,2686931
-12.506,trivial_move,4,2686930
-12.505,flush_begin,0,0
-12.490,flush_end,0,2686930
-12.474,trivial_move,3,2686930
-12.466,trivial_move,4,2686931
-12.464,flush_begin,0,0
-12.449,flush_end,0,2686931
-12.432,trivial_move,3,2686932
-12.424,trivial_move,4,2686931
-12.423,flush_begin,0,0
-12.408,flush_end,0,2686931
-12.391,trivial_move,3,2686930
-12.383,trivial_move,4,2686931
-12.382,flush_begin,0,0
-12.368,flush_end,0,2686931
-12.351,trivial_move,3,2686932
-12.343,trivial_move,4,2686931
-12.342,flush_begin,0,0
-12.327,flush_end,0,2686931
-12.310,trivial_move,3,2686930
-12.302,trivial_move,4,2686931
-12.301,flush_begin,0,0
-12.287,flush_end,0,2686930
-12.271,trivial_move,3,2686931
-12.263,trivial_move,4,2686930
-12.261,flush_begin,0,0
-12.246,flush_end,0,2686930
-12.230,trivial_move,3,2686931
-12.222,trivial_move,4,2686932
-12.220,flush_begin,0,0
-12.203,flush_end,0,2686931
-12.186,trivial_move,3,2686930
-12.178,trivial_move,4,2686930
-12.176,flush_begin,0,0
-12.160,flush_end,0,2686931
-12.143,trivial_move,3,2686932
-12.135,trivial_move,4,2686932
-12.134,flush_begin,0,0
-12.118,flush_end,0,2686931
-12.101,trivial_move,3,2686930
-12.093,trivial_move,4,2686930
-12.092,flush_begin,0,0
-12.076,flush_end,0,2686931
-12.059,trivial_move,3,2686931
-12.051,trivial_move,4,2686930
-12.049,flush_begin,0,0
-12.034,flush_end,0,2686930
-12.018,trivial_move,3,2686931
-12.010,trivial_move,4,2686932
-12.007,flush_begin,0,0
-11.990,flush_end,0,2686932
-11.973,trivial_move,3,2686931
-11.965,trivial_move,4,2686930
-11.964,flush_begin,0,0
-11.948,flush_end,0,2686930
-11.931,trivial_move,3,2686931
-11.923,trivial_move,4,2686932
-11.921,flush_begin,0,0
-11.904,flush_end,0,2686932
-11.887,trivial_move,3,2686931
-11.879,trivial_move,4,2686930
-11.877,flush_begin,0,0
-11.862,flush_end,0,2686930
-11.845,trivial_move,3,2686930
-11.837,trivial_move,4,2686932
-11.835,flush_begin,0,0
-11.819,flush_end,0,2686931
-11.802,trivial_move,3,2686933
-11.794,trivial_move,4,2686931
-11.793,flush_begin,0,0
-11.777,flush_end,0,2686931
-11.760,trivial_move,3,2686930
-11.752,trivial_move,4,2686931
-11.751,flush_begin,0,0
-11.736,flush_end,0,2686930
-11.719,trivial_move,3,2686932
-11.711,trivial_move,4,2686931
-11.710,flush_begin,0,0
-11.694,flush_end,0,2686932
-11.678,trivial_move,3,2686930
-11.670,trivial_move,4,2686931
-11.668,flush_begin,0,0
-11.653,flush_end,0,2686930
-11.636,trivial_move,3,2686930
-11.628,trivial_move,4,2686930
-11.627,flush_begin,0,0
-11.610,flush_end,0,2686932
-11.593,trivial_move,3,2686932
-11.585,trivial_move,4,2686932
-11.584,flush_begin,0,0
-11.568,flush_end,0,2686931
-11.551,trivial_move,3,2686930
-11.543,trivial_move,4,2686930
-11.542,flush_begin,0,0
-11.526,flush_end,0,2686931
-11.510,trivial_move,3,2686932
-11.502,trivial_move,4,2686931
-11.501,flush_begin,0,0
-11.485,flush_end,0,2686931
-11.468,trivial_move,3,2686930
-11.460,trivial_move,4,2686931
-11.458,flush_begin,0,0
-11.442,flush_end,0,2686931
-11.426,trivial_move,3,2686931
-11.418,trivial_move,4,2686930
-11.417,flush_begin,0,0
-11.403,flush_end,0,2686930
-11.386,trivial_move,3,2686931
-11.378,trivial_move,4,2686932
-11.377,flush_begin,0,0
-11.365,flush_end,0,2686932
-11.348,trivial_move,3,2686931
-11.340,trivial_move,4,2686930
-11.340,flush_begin,0,0
-11.326,flush_end,0,2686930
-11.309,trivial_move,3,2686931
-11.301,trivial_move,4,2686932
-11.301,flush_begin,0,0
-11.287,flush_end,0,2686932
-11.271,trivial_move,3,2686931
-11.263,trivial_move,4,2686930
-11.262,flush_begin,0,0
-11.248,flush_end,0,2686930
-11.232,trivial_move,3,2686930
-11.224,trivial_move,4,2686931
-11.224,flush_begin,0,0
-11.209,flush_end,0,2686930
-11.192,trivial_move,3,2686932
-11.184,trivial_move,4,2686931
-11.182,flush_begin,0,0
-11.168,flush_end,0,2686932
-11.152,trivial_move,3,2686930
-11.144,trivial_move,4,2686931
-11.143,flush_begin,0,0
-11.129,flush_end,0,2686930
-11.115,trivial_move,3,2686931
-11.107,trivial_move,4,2686931
-11.106,flush_begin,0,0
-11.093,flush_end,0,2686932
-11.078,trivial_move,3,2686931
-11.072,trivial_move,4,2686930
-11.072,flush_begin,0,0
-11.062,flush_end,0,2686930
-11.047,trivial_move,3,2686930
-11.047,flush_begin,0,0
-11.039,flush_end,0,2686931
-11.023,trivial_move,3,2686932
-11.023,flush_begin,0,0
-11.015,flush_end,0,2686931
-10.998,trivial_move,3,2686930
-10.991,trivial_move,4,2686930
-10.991,flush_begin,0,0
-10.980,flush_end,0,2686931
-10.964,trivial_move,3,2686933
-10.964,flush_begin,0,0
-10.954,flush_end,0,2686931
-10.937,trivial_move,3,2686930
-10.937,flush_begin,0,0
-10.927,flush_end,0,2686931
-10.910,trivial_move,3,2686931
-10.910,flush_begin,0,0
-10.900,flush_end,0,2686930
-10.882,trivial_move,3,2686931
-10.882,flush_begin,0,0
-10.871,flush_end,0,2686933
-10.853,trivial_move,3,2686931
-10.853,flush_begin,0,0
-10.841,flush_end,0,2686930
-10.825,trivial_move,3,2686931
-10.825,flush_begin,0,0
-10.814,flush_end,0,2686931
-10.797,trivial_move,3,2686930
-10.789,trivial_move,4,2686931
-10.789,flush_begin,0,0
-10.777,flush_end,0,2686931
-10.761,trivial_move,3,2686930
-10.753,trivial_move,4,2686932
-10.753,flush_begin,0,0
-10.741,flush_end,0,2686930
-10.725,trivial_move,3,2686931
-10.717,trivial_move,4,2686931
-10.717,flush_begin,0,0
-10.703,flush_end,0,2686932
-10.686,trivial_move,3,2686931
-10.678,trivial_move,4,2686931
-10.670,trivial_move,4,2686930
-10.670,flush_begin,0,0
-10.656,flush_end,0,2686930
-10.640,trivial_move,3,2686931
-10.632,trivial_move,4,2686932
-10.632,flush_begin,0,0
-10.616,flush_end,0,2686932
-10.600,trivial_move,3,2686931
-10.592,trivial_move,4,2686930
-10.584,trivial_move,4,2686932
-10.584,flush_begin,0,0
-10.572,flush_end,0,2686930
-10.556,trivial_move,3,2686930
-10.556,flush_begin,0,0
-10.547,flush_end,0,2686931
-10.531,trivial_move,3,2686932
-10.523,trivial_move,4,2686930
-10.523,flush_begin,0,0
-10.513,flush_end,0,2686931
-10.497,trivial_move,3,2686930
-10.497,flush_begin,0,0
-10.487,flush_end,0,2686931
-10.471,trivial_move,3,2686932
-10.471,flush_begin,0,0
-10.461,flush_end,0,2686931
-10.445,trivial_move,3,2686930
-10.436,trivial_move,4,2686931
-10.436,flush_begin,0,0
-10.425,flush_end,0,2686930
-10.408,trivial_move,3,2686931
-10.408,flush_begin,0,0
-10.397,flush_end,0,2686930
-10.381,trivial_move,4,2686931
-10.381,flush_begin,0,0
-10.369,flush_end,0,2686931
-10.353,trivial_move,3,2686931
-10.345,trivial_move,4,2686930
-10.345,flush_begin,0,0
-10.333,flush_end,0,2686931
-10.317,trivial_move,3,2686930
-10.309,trivial_move,3,2686932
-10.301,trivial_move,4,2686932
-10.301,flush_begin,0,0
-10.288,flush_end,0,2686931
-10.271,trivial_move,4,2686930
-10.263,trivial_move,3,2686930
-10.263,flush_begin,0,0
-10.248,flush_end,0,2686931
-10.232,trivial_move,3,2686932
-10.224,trivial_move,4,2686931
-10.224,flush_begin,0,0
-10.210,flush_end,0,2686930
-10.194,trivial_move,4,2686931
-10.186,trivial_move,3,2686931
-10.178,trivial_move,4,2686931
-10.178,flush_begin,0,0
-10.163,flush_end,0,2686932
-10.146,trivial_move,3,2686931
-10.138,trivial_move,4,2686931
-10.138,flush_begin,0,0
-10.123,flush_end,0,2686930
-10.106,trivial_move,3,2686931
-10.098,trivial_move,4,2686931
-10.090,trivial_move,4,2686930
-10.090,flush_begin,0,0
-10.074,flush_end,0,2686933
-10.057,trivial_move,3,2686931
-10.049,trivial_move,4,2686932
-10.041,trivial_move,4,2686930
-10.033,trivial_move,4,2686933
-10.025,trivial_move,4,2686930
-10.025,flush_begin,0,0
-10.008,flush_end,0,2686930
-9.991,trivial_move,3,2686930
-9.983,trivial_move,4,2686930
-9.975,trivial_move,4,2686932
-9.967,trivial_move,4,2686930
-9.959,trivial_move,4,2686932
-9.951,trivial_move,4,2686930
-9.951,flush_begin,0,0
-9.933,flush_end,0,2686931
-9.916,trivial_move,3,2686932
-9.908,trivial_move,4,2686931
-9.900,trivial_move,4,2686931
-9.898,flush_begin,0,0
-9.880,flush_end,0,2686931
-9.863,trivial_move,3,2686930
-9.855,trivial_move,4,2686931
-9.851,flush_begin,0,0
-9.834,flush_end,0,2686930
-9.817,trivial_move,3,2686932
-9.809,trivial_move,4,2686931
-9.808,flush_begin,0,0
-9.792,flush_end,0,2686932
-9.775,trivial_move,3,2686930
-9.767,trivial_move,4,2686931
-9.766,flush_begin,0,0
-9.749,flush_end,0,2686930
-9.732,trivial_move,3,2686930
-9.724,trivial_move,4,2686930
-9.721,flush_begin,0,0
-9.705,flush_end,0,2686931
-9.688,trivial_move,3,2686932
-9.680,trivial_move,4,2686932
-9.680,flush_begin,0,0
-9.662,flush_end,0,2686931
-9.644,trivial_move,3,2686930
-9.636,trivial_move,4,2686930
-9.634,flush_begin,0,0
-9.618,flush_end,0,2686931
-9.601,trivial_move,3,2686932
-9.593,trivial_move,4,2686931
-9.593,flush_begin,0,0
-9.576,flush_end,0,2686931
-9.559,trivial_move,3,2686930
-9.551,trivial_move,4,2686931
-9.549,flush_begin,0,0
-9.533,flush_end,0,2686931
-9.516,trivial_move,3,2686931
-9.508,trivial_move,4,2686930
-9.505,flush_begin,0,0
-9.489,flush_end,0,2686930
-9.473,trivial_move,3,2686931
-9.465,trivial_move,4,2686932
-9.464,flush_begin,0,0
-9.446,flush_end,0,2686932
-9.429,trivial_move,3,2686931
-9.421,trivial_move,4,2686930
-9.420,flush_begin,0,0
-9.405,flush_end,0,2686930
-9.389,trivial_move,3,2686931
-9.381,trivial_move,4,2686932
-9.380,flush_begin,0,0
-9.364,flush_end,0,2686932
-9.347,trivial_move,3,2686931
-9.339,trivial_move,4,2686930
-9.338,flush_begin,0,0
-9.323,flush_end,0,2686930
-9.307,trivial_move,3,2686930
-9.299,trivial_move,4,2686932
-9.298,flush_begin,0,0
-9.282,flush_end,0,2686930
-9.266,trivial_move,3,2686933
-9.258,trivial_move,4,2686931
-9.256,flush_begin,0,0
-9.241,flush_end,0,2686932
-9.225,trivial_move,3,2686930
-9.217,trivial_move,4,2686931
-9.215,flush_begin,0,0
-9.199,flush_end,0,2686930
-9.182,trivial_move,3,2686931
-9.174,trivial_move,4,2686931
-9.173,flush_begin,0,0
-9.156,flush_end,0,2686932
-9.139,trivial_move,3,2686931
-9.131,trivial_move,4,2686930
-9.128,flush_begin,0,0
-9.112,flush_end,0,2686930
-9.095,trivial_move,3,2686930
-9.087,trivial_move,4,2686930
-9.086,flush_begin,0,0
-9.069,flush_end,0,2686932
-9.051,trivial_move,3,2686932
-9.043,trivial_move,4,2686931
-9.041,flush_begin,0,0
-9.026,flush_end,0,2686931
-9.009,trivial_move,3,2686930
-9.001,trivial_move,4,2686931
-8.998,flush_begin,0,0
-8.982,flush_end,0,2686931
-8.965,trivial_move,3,2686932
-8.957,trivial_move,4,2686931
-8.956,flush_begin,0,0
-8.940,flush_end,0,2686931
-8.924,trivial_move,3,2686930
-8.916,trivial_move,4,2686931
-8.914,flush_begin,0,0
-8.898,flush_end,0,2686931
-8.881,trivial_move,3,2686931
-8.873,trivial_move,4,2686930
-8.871,flush_begin,0,0
-8.854,flush_end,0,2686930
-8.837,trivial_move,3,2686931
-8.829,trivial_move,4,2686932
-8.827,flush_begin,0,0
-8.811,flush_end,0,2686932
-8.794,trivial_move,3,2686931
-8.786,trivial_move,4,2686930
-8.784,flush_begin,0,0
-8.768,flush_end,0,2686930
-8.750,trivial_move,3,2686931
-8.742,trivial_move,4,2686932
-8.741,flush_begin,0,0
-8.725,flush_end,0,2686931
-8.708,trivial_move,3,2686930
-8.700,trivial_move,4,2686930
-8.699,flush_begin,0,0
-8.683,flush_end,0,2686931
-8.666,trivial_move,3,2686930
-8.658,trivial_move,4,2686931
-8.657,flush_begin,0,0
-8.641,flush_end,0,2686930
-8.624,trivial_move,3,2686931
-8.616,trivial_move,4,2686931
-8.615,flush_begin,0,0
-8.599,flush_end,0,2686932
-8.581,trivial_move,3,2686931
-8.573,trivial_move,4,2686930
-8.572,flush_begin,0,0
-8.555,flush_end,0,2686930
-8.539,trivial_move,3,2686931
-8.531,trivial_move,4,2686932
-8.529,flush_begin,0,0
-8.514,flush_end,0,2686932
-8.497,trivial_move,3,2686931
-8.489,trivial_move,4,2686930
-8.488,flush_begin,0,0
-8.472,flush_end,0,2686930
-8.455,trivial_move,3,2686930
-8.447,trivial_move,4,2686931
-8.445,flush_begin,0,0
-8.429,flush_end,0,2686931
-8.412,trivial_move,3,2686932
-8.404,trivial_move,4,2686931
-8.404,flush_begin,0,0
-8.389,flush_end,0,2686931
-8.371,trivial_move,3,2686930
-8.363,trivial_move,4,2686933
-8.361,flush_begin,0,0
-8.345,flush_end,0,2686931
-8.328,trivial_move,3,2686933
-8.320,trivial_move,4,2686931
-8.319,flush_begin,0,0
-8.303,flush_end,0,2686931
-8.286,trivial_move,3,2686930
-8.278,trivial_move,4,2686931
-8.276,flush_begin,0,0
-8.259,flush_end,0,2686930
-8.242,trivial_move,3,2686931
-8.234,trivial_move,4,2686930
-8.232,flush_begin,0,0
-8.216,flush_end,0,2686930
-8.199,trivial_move,3,2686931
-8.191,trivial_move,4,2686932
-8.189,flush_begin,0,0
-8.173,flush_end,0,2686931
-8.156,trivial_move,3,2686930
-8.148,trivial_move,4,2686930
-8.146,flush_begin,0,0
-8.129,flush_end,0,2686933
-8.112,trivial_move,3,2686932
-8.104,trivial_move,4,2686932
-8.102,flush_begin,0,0
-8.085,flush_end,0,2686931
-8.068,trivial_move,3,2686930
-8.060,trivial_move,4,2686930
-8.058,flush_begin,0,0
-8.041,flush_end,0,2686931
-8.024,trivial_move,3,2686931
-8.016,trivial_move,4,2686930
-8.014,flush_begin,0,0
-7.996,flush_end,0,2686930
-7.978,trivial_move,3,2686931
-7.970,trivial_move,4,2686932
-7.968,flush_begin,0,0
-7.951,flush_end,0,2686932
-7.934,trivial_move,3,2686931
-7.926,trivial_move,4,2686930
-7.925,flush_begin,0,0
-7.909,flush_end,0,2686930
-7.892,trivial_move,3,2686931
-7.884,trivial_move,4,2686932
-7.882,flush_begin,0,0
-7.867,flush_end,0,2686932
-7.850,trivial_move,3,2686931
-7.842,trivial_move,4,2686930
-7.841,flush_begin,0,0
-7.827,flush_end,0,2686930
-7.810,trivial_move,3,2686930
-7.802,trivial_move,4,2686931
-7.801,flush_begin,0,0
-7.785,flush_end,0,2686931
-7.768,trivial_move,3,2686932
-7.760,trivial_move,4,2686931
-7.760,flush_begin,0,0
-7.745,flush_end,0,2686931
-7.729,trivial_move,3,2686930
-7.721,trivial_move,4,2686931
-7.718,flush_begin,0,0
-7.704,flush_end,0,2686930
-7.687,trivial_move,3,2686932
-7.679,trivial_move,4,2686931
-7.678,flush_begin,0,0
-7.662,flush_end,0,2686932
-7.645,trivial_move,3,2686930
-7.637,trivial_move,4,2686931
-7.636,flush_begin,0,0
-7.620,flush_end,0,2686930
-7.604,trivial_move,3,2686930
-7.596,trivial_move,4,2686930
-7.596,flush_begin,0,0
-7.585,flush_end,0,2686931
-7.568,trivial_move,3,2686932
-7.560,trivial_move,4,2686932
-7.560,flush_begin,0,0
-7.548,flush_end,0,2686931
-7.533,trivial_move,3,2686930
-7.533,flush_begin,0,0
-7.521,flush_end,0,2686931
-7.502,trivial_move,3,2686932
-7.493,trivial_move,4,2686930
-7.493,flush_begin,0,0
-7.481,flush_end,0,2686931
-7.464,trivial_move,3,2686930
-7.464,flush_begin,0,0
-7.451,flush_end,0,2686931
-7.434,trivial_move,3,2686932
-7.426,trivial_move,4,2686931
-7.418,trivial_move,4,2686932
-7.418,flush_begin,0,0
-7.405,flush_end,0,2686930
-7.389,trivial_move,3,2686931
-7.381,trivial_move,4,2686930
-7.373,trivial_move,4,2686932
-7.373,flush_begin,0,0
-7.359,flush_end,0,2686932
-7.343,trivial_move,3,2686931
-7.335,trivial_move,4,2686930
-7.334,flush_begin,0,0
-7.319,flush_end,0,2686930
-7.303,trivial_move,3,2686931
-7.295,trivial_move,4,2686932
-7.294,flush_begin,0,0
-7.278,flush_end,0,2686933
-7.262,trivial_move,3,2686931
-7.254,trivial_move,4,2686930
-7.253,flush_begin,0,0
-7.239,flush_end,0,2686930
-7.223,trivial_move,3,2686930
-7.215,trivial_move,4,2686931
-7.214,flush_begin,0,0
-7.199,flush_end,0,2686930
-7.182,trivial_move,3,2686932
-7.174,trivial_move,4,2686931
-7.173,flush_begin,0,0
-7.159,flush_end,0,2686932
-7.142,trivial_move,3,2686930
-7.134,trivial_move,4,2686931
-7.134,flush_begin,0,0
-7.118,flush_end,0,2686930
-7.101,trivial_move,3,2686931
-7.093,trivial_move,4,2686931
-7.092,flush_begin,0,0
-7.078,flush_end,0,2686932
-7.061,trivial_move,3,2686931
-7.053,trivial_move,4,2686930
-7.052,flush_begin,0,0
-7.038,flush_end,0,2686930
-7.021,trivial_move,3,2686930
-7.013,trivial_move,4,2686930
-7.012,flush_begin,0,0
-6.997,flush_end,0,2686931
-6.980,trivial_move,3,2686932
-6.972,trivial_move,4,2686931
-6.971,flush_begin,0,0
-6.957,flush_end,0,2686931
-6.941,trivial_move,3,2686930
-6.933,trivial_move,4,2686931
-6.932,flush_begin,0,0
-6.918,flush_end,0,2686931
-6.902,trivial_move,3,2686932
-6.894,trivial_move,4,2686931
-6.894,flush_begin,0,0
-6.879,flush_end,0,2686931
-6.862,trivial_move,3,2686930
-6.854,trivial_move,4,2686931
-6.852,flush_begin,0,0
-6.837,flush_end,0,2686931
-6.820,trivial_move,3,2686931
-6.812,trivial_move,4,2686930
-6.811,flush_begin,0,0
-6.797,flush_end,0,2686930
-6.780,trivial_move,3,2686931
-6.772,trivial_move,4,2686932
-6.771,flush_begin,0,0
-6.755,flush_end,0,2686932
-6.738,trivial_move,3,2686931
-6.730,trivial_move,4,2686930
-6.729,flush_begin,0,0
-6.713,flush_end,0,2686930
-6.697,trivial_move,3,2686931
-6.689,trivial_move,4,2686932
-6.688,flush_begin,0,0
-6.672,flush_end,0,2686931
-6.655,trivial_move,3,2686930
-6.647,trivial_move,4,2686930
-6.646,flush_begin,0,0
-6.631,flush_end,0,2686931
-6.613,trivial_move,3,2686930
-6.605,trivial_move,4,2686932
-6.604,flush_begin,0,0
-6.588,flush_end,0,2686930
-6.571,trivial_move,3,2686931
-6.563,trivial_move,4,2686931
-6.562,flush_begin,0,0
-6.546,flush_end,0,2686932
-6.530,trivial_move,3,2686933
-6.522,trivial_move,4,2686930
-6.520,flush_begin,0,0
-6.506,flush_end,0,2686930
-6.489,trivial_move,3,2686931
-6.481,trivial_move,4,2686932
-6.480,flush_begin,0,0
-6.465,flush_end,0,2686932
-6.448,trivial_move,3,2686931
-6.440,trivial_move,4,2686930
-6.439,flush_begin,0,0
-6.422,flush_end,0,2686930
-6.405,trivial_move,3,2686930
-6.397,trivial_move,4,2686931
-6.396,flush_begin,0,0
-6.379,flush_end,0,2686932
-6.362,trivial_move,3,2686932
-6.354,trivial_move,4,2686931
-6.351,flush_begin,0,0
-6.335,flush_end,0,2686931
-6.318,trivial_move,3,2686930
-6.310,trivial_move,4,2686931
-6.309,flush_begin,0,0
-6.293,flush_end,0,2686931
-6.276,trivial_move,3,2686932
-6.268,trivial_move,4,2686931
-6.267,flush_begin,0,0
-6.251,flush_end,0,2686931
-6.234,trivial_move,3,2686930
-6.226,trivial_move,4,2686931
-6.223,flush_begin,0,0
-6.207,flush_end,0,2686930
-6.190,trivial_move,3,2686931
-6.182,trivial_move,4,2686930
-6.180,flush_begin,0,0
-6.169,flush_end,0,2686930
-6.153,trivial_move,3,2686931
-6.146,trivial_move,4,2686932
-6.146,flush_begin,0,0
-6.135,flush_end,0,2686931
-6.119,trivial_move,3,2686930
-6.111,trivial_move,4,2686930
-6.111,flush_begin,0,0
-6.102,flush_end,0,2686931
-6.086,trivial_move,3,2686932
-6.086,flush_begin,0,0
-6.076,flush_end,0,2686931
-6.060,trivial_move,3,2686930
-6.052,trivial_move,4,2686932
-6.052,flush_begin,0,0
-6.043,flush_end,0,2686931
-6.025,trivial_move,3,2686931
-6.017,trivial_move,4,2686930
-6.017,flush_begin,0,0
-6.007,flush_end,0,2686930
-5.991,trivial_move,3,2686931
-5.991,flush_begin,0,0
-5.982,flush_end,0,2686932
-5.965,trivial_move,3,2686931
-5.965,flush_begin,0,0
-5.955,flush_end,0,2686930
-5.938,trivial_move,3,2686931
-5.938,flush_begin,0,0
-5.928,flush_end,0,2686932
-5.910,trivial_move,3,2686931
-5.910,flush_begin,0,0
-5.900,flush_end,0,2686930
-5.882,trivial_move,3,2686930
-5.882,flush_begin,0,0
-5.871,flush_end,0,2686931
-5.854,trivial_move,3,2686932
-5.854,flush_begin,0,0
-5.845,flush_end,0,2686931
-5.837,flush_begin,0,0
-5.827,flush_end,0,2686930
-5.810,trivial_move,3,2686930
-5.802,trivial_move,3,2686933
-5.802,flush_begin,0,0
-5.793,flush_end,0,2686932
-5.775,trivial_move,3,2686930
-5.775,flush_begin,0,0
-5.766,flush_end,0,2686930
-5.750,trivial_move,4,2686930
-5.742,trivial_move,3,2686930
-5.742,flush_begin,0,0
-5.733,flush_end,0,2686931
-5.716,trivial_move,4,2686932
-5.716,flush_begin,0,0
-5.707,flush_end,0,2686931
-5.690,trivial_move,3,2686932
-5.690,flush_begin,0,0
-5.680,flush_end,0,2686932
-5.664,trivial_move,3,2686930
-5.664,flush_begin,0,0
-5.654,flush_end,0,2686931
-5.638,trivial_move,3,2686932
-5.630,trivial_move,4,2686930
-5.630,flush_begin,0,0
-5.620,flush_end,0,2686931
-5.603,trivial_move,3,2686930
-5.603,flush_begin,0,0
-5.592,flush_end,0,2686930
-5.576,trivial_move,3,2686931
-5.576,flush_begin,0,0
-5.565,flush_end,0,2686932
-5.549,trivial_move,3,2686931
-5.549,flush_begin,0,0
-5.538,flush_end,0,2686930
-5.522,trivial_move,3,2686931
-5.514,trivial_move,4,2686932
-5.514,flush_begin,0,0
-5.502,flush_end,0,2686932
-5.486,trivial_move,3,2686931
-5.478,trivial_move,4,2686930
-5.478,flush_begin,0,0
-5.466,flush_end,0,2686930
-5.449,trivial_move,3,2686931
-5.440,trivial_move,4,2686931
-5.440,flush_begin,0,0
-5.426,flush_end,0,2686930
-5.410,trivial_move,3,2686930
-5.402,trivial_move,4,2686931
-5.394,trivial_move,4,2686932
-5.394,flush_begin,0,0
-5.380,flush_end,0,2686932
-5.363,trivial_move,3,2686932
-5.355,trivial_move,4,2686931
-5.347,trivial_move,4,2686931
-5.347,flush_begin,0,0
-5.332,flush_end,0,2686930
-5.315,trivial_move,3,2686930
-5.307,trivial_move,4,2686930
-5.299,trivial_move,4,2686932
-5.291,trivial_move,4,2686930
-5.291,flush_begin,0,0
-5.275,flush_end,0,2686932
-5.258,trivial_move,3,2686931
-5.250,trivial_move,4,2686931
-5.242,trivial_move,3,2686931
-5.234,trivial_move,4,2686931
-5.226,trivial_move,4,2686930
-5.218,trivial_move,4,2686932
-5.218,flush_begin,0,0
-5.198,flush_end,0,2686930
-5.181,trivial_move,3,2686930
-5.173,trivial_move,4,2686930
-5.165,trivial_move,4,2686932
-5.157,trivial_move,4,2686930
-5.149,trivial_move,4,2686931
-5.141,trivial_move,4,2686931
-5.141,flush_begin,0,0
-5.119,flush_end,0,2686931
-5.102,trivial_move,3,2686932
-5.094,trivial_move,4,2686931
-5.086,trivial_move,4,2686931
-5.078,trivial_move,4,2686930
-5.070,trivial_move,4,2686930
-5.070,flush_begin,0,0
-5.046,flush_end,0,2686931
-5.029,trivial_move,3,2686930
-5.021,trivial_move,4,2686931
-5.013,trivial_move,4,2686931
-5.009,flush_begin,0,0
-4.990,flush_end,0,2686931
-4.973,trivial_move,3,2686932
-4.964,trivial_move,4,2686931
-4.961,flush_begin,0,0
-4.945,flush_end,0,2686931
-4.928,trivial_move,3,2686930
-4.920,trivial_move,4,2686932
-4.918,flush_begin,0,0
-4.901,flush_end,0,2686931
-4.884,trivial_move,3,2686932
-4.876,trivial_move,4,2686930
-4.874,flush_begin,0,0
-4.859,flush_end,0,2686930
-4.842,trivial_move,3,2686931
-4.834,trivial_move,4,2686932
-4.832,flush_begin,0,0
-4.815,flush_end,0,2686932
-4.798,trivial_move,3,2686931
-4.790,trivial_move,4,2686930
-4.790,flush_begin,0,0
-4.774,flush_end,0,2686930
-4.757,trivial_move,3,2686931
-4.749,trivial_move,4,2686932
-4.748,flush_begin,0,0
-4.731,flush_end,0,2686931
-4.713,trivial_move,3,2686930
-4.705,trivial_move,4,2686930
-4.703,flush_begin,0,0
-4.688,flush_end,0,2686932
-4.672,trivial_move,3,2686930
-4.664,trivial_move,4,2686931
-4.663,flush_begin,0,0
-4.648,flush_end,0,2686930
-4.631,trivial_move,3,2686931
-4.623,trivial_move,4,2686931
-4.621,flush_begin,0,0
-4.605,flush_end,0,2686932
-4.588,trivial_move,3,2686931
-4.580,trivial_move,4,2686930
-4.579,flush_begin,0,0
-4.564,flush_end,0,2686930
-4.547,trivial_move,3,2686931
-4.539,trivial_move,4,2686932
-4.538,flush_begin,0,0
-4.521,flush_end,0,2686932
-4.504,trivial_move,3,2686931
-4.495,trivial_move,4,2686930
-4.493,flush_begin,0,0
-4.477,flush_end,0,2686930
-4.460,trivial_move,3,2686930
-4.452,trivial_move,4,2686931
-4.450,flush_begin,0,0
-4.435,flush_end,0,2686931
-4.419,trivial_move,3,2686932
-4.411,trivial_move,4,2686931
-4.409,flush_begin,0,0
-4.397,flush_end,0,2686931
-4.380,trivial_move,3,2686930
-4.380,flush_begin,0,0
-4.370,flush_end,0,2686931
-4.350,trivial_move,3,2686932
-4.350,flush_begin,0,0
-4.339,flush_end,0,2686931
-4.323,trivial_move,3,2686930
-4.323,flush_begin,0,0
-4.313,flush_end,0,2686930
-4.296,trivial_move,3,2686931
-4.288,trivial_move,4,2686931
-4.280,trivial_move,4,2686931
-4.280,flush_begin,0,0
-4.269,flush_end,0,2686930
-4.252,trivial_move,3,2686931
-4.252,flush_begin,0,0
-4.242,flush_end,0,2686931
-4.226,trivial_move,3,2686930
-4.218,trivial_move,4,2686931
-4.218,flush_begin,0,0
-4.207,flush_end,0,2686931
-4.188,trivial_move,3,2686932
-4.188,flush_begin,0,0
-4.172,flush_end,0,2686931
-4.146,trivial_move,3,2686930
-4.146,flush_begin,0,0
-4.126,flush_end,0,2686931
-4.110,trivial_move,3,2686931
-4.110,flush_begin,0,0
-4.101,flush_end,0,2686930
-4.084,trivial_move,3,2686931
-4.084,flush_begin,0,0
-4.074,flush_end,0,2686932
-4.057,trivial_move,3,2686932
-4.057,flush_begin,0,0
-4.047,flush_end,0,2686930
-4.031,trivial_move,3,2686931
-4.031,flush_begin,0,0
-4.021,flush_end,0,2686932
-4.003,trivial_move,3,2686931
-3.994,trivial_move,4,2686930
-3.994,flush_begin,0,0
-3.983,flush_end,0,2686930
-3.967,trivial_move,3,2686930
-3.967,flush_begin,0,0
-3.957,flush_end,0,2686932
-3.939,trivial_move,3,2686932
-3.939,flush_begin,0,0
-3.928,flush_end,0,2686931
-3.911,trivial_move,4,2686932
-3.903,trivial_move,4,2686930
-3.903,flush_begin,0,0
-3.891,flush_end,0,2686930
-3.874,trivial_move,3,2686930
-3.866,trivial_move,4,2686932
-3.856,trivial_move,3,2686932
-3.856,flush_begin,0,0
-3.843,flush_end,0,2686932
-3.827,trivial_move,4,2686930
-3.819,trivial_move,3,2686930
-3.811,trivial_move,4,2686930
-3.811,flush_begin,0,0
-3.797,flush_end,0,2686930
-3.779,trivial_move,3,2686930
-3.771,trivial_move,4,2686933
-3.771,flush_begin,0,0
-3.757,flush_end,0,2686931
-3.741,trivial_move,3,2686932
-3.733,trivial_move,4,2686930
-3.733,flush_begin,0,0
-3.721,flush_end,0,2686931
-3.704,trivial_move,3,2686930
-3.695,trivial_move,4,2686932
-3.695,flush_begin,0,0
-3.682,flush_end,0,2686931
-3.665,trivial_move,3,2686932
-3.657,trivial_move,4,2686930
-3.649,trivial_move,4,2686931
-3.649,flush_begin,0,0
-3.636,flush_end,0,2686931
-3.619,trivial_move,3,2686930
-3.611,trivial_move,4,2686931
-3.611,flush_begin,0,0
-3.597,flush_end,0,2686931
-3.580,trivial_move,3,2686931
-3.572,trivial_move,4,2686931
-3.564,trivial_move,4,2686931
-3.564,flush_begin,0,0
-3.549,flush_end,0,2686930
-3.532,trivial_move,3,2686931
-3.524,trivial_move,4,2686931
-3.516,trivial_move,4,2686930
-3.516,flush_begin,0,0
-3.500,flush_end,0,2686932
-3.483,trivial_move,3,2686931
-3.475,trivial_move,4,2686932
-3.467,trivial_move,4,2686930
-3.459,trivial_move,4,2686931
-3.451,trivial_move,4,2686931
-3.451,flush_begin,0,0
-3.433,flush_end,0,2686930
-3.416,trivial_move,3,2686931
-3.408,trivial_move,4,2686930
-3.400,trivial_move,4,2686932
-3.392,trivial_move,4,2686930
-3.384,trivial_move,4,2686932
-3.384,flush_begin,0,0
-3.364,flush_end,0,2686932
-3.347,trivial_move,3,2686931
-3.339,trivial_move,4,2686930
-3.335,flush_begin,0,0
-3.318,flush_end,0,2686930
-3.301,trivial_move,3,2686930
-3.293,trivial_move,4,2686931
-3.291,flush_begin,0,0
-3.275,flush_end,0,2686930
-3.258,trivial_move,3,2686932
-3.250,trivial_move,4,2686931
-3.249,flush_begin,0,0
-3.233,flush_end,0,2686932
-3.216,trivial_move,3,2686930
-3.208,trivial_move,4,2686932
-3.206,flush_begin,0,0
-3.190,flush_end,0,2686930
-3.174,trivial_move,3,2686931
-3.166,trivial_move,4,2686931
-3.165,flush_begin,0,0
-3.150,flush_end,0,2686932
-3.134,trivial_move,3,2686932
-3.126,trivial_move,4,2686930
-3.125,flush_begin,0,0
-3.110,flush_end,0,2686930
-3.093,trivial_move,3,2686930
-3.085,trivial_move,4,2686930
-3.082,flush_begin,0,0
-3.067,flush_end,0,2686931
-3.051,trivial_move,3,2686932
-3.043,trivial_move,4,2686931
-3.041,flush_begin,0,0
-3.025,flush_end,0,2686931
-3.008,trivial_move,3,2686930
-2.999,trivial_move,4,2686931
-2.998,flush_begin,0,0
-2.982,flush_end,0,2686932
-2.965,trivial_move,3,2686932
-2.957,trivial_move,4,2686931
-2.956,flush_begin,0,0
-2.941,flush_end,0,2686931
-2.924,trivial_move,3,2686930
-2.916,trivial_move,4,2686931
-2.915,flush_begin,0,0
-2.900,flush_end,0,2686931
-2.883,trivial_move,3,2686931
-2.875,trivial_move,4,2686930
-2.874,flush_begin,0,0
-2.860,flush_end,0,2686930
-2.843,trivial_move,3,2686931
-2.835,trivial_move,4,2686932
-2.833,flush_begin,0,0
-2.819,flush_end,0,2686932
-2.802,trivial_move,3,2686931
-2.794,trivial_move,4,2686930
-2.792,flush_begin,0,0
-2.779,flush_end,0,2686930
-2.762,trivial_move,3,2686931
-2.753,trivial_move,4,2686932
-2.753,flush_begin,0,0
-2.742,flush_end,0,2686931
-2.725,trivial_move,3,2686930
-2.717,trivial_move,4,2686930
-2.717,flush_begin,0,0
-2.701,flush_end,0,2686931
-2.684,trivial_move,3,2686930
-2.676,trivial_move,4,2686931
-2.673,flush_begin,0,0
-2.658,flush_end,0,2686930
-2.642,trivial_move,3,2686931
-2.634,trivial_move,4,2686931
-2.631,flush_begin,0,0
-2.615,flush_end,0,2686932
-2.598,trivial_move,3,2686931
-2.590,trivial_move,4,2686930
-2.588,flush_begin,0,0
-2.571,flush_end,0,2686930
-2.554,trivial_move,3,2686931
-2.546,trivial_move,4,2686932
-2.544,flush_begin,0,0
-2.529,flush_end,0,2686932
-2.512,trivial_move,3,2686931
-2.504,trivial_move,4,2686930
-2.502,flush_begin,0,0
-2.488,flush_end,0,2686930
-2.472,trivial_move,3,2686930
-2.464,trivial_move,4,2686931
-2.464,flush_begin,0,0
-2.450,flush_end,0,2686931
-2.433,trivial_move,3,2686932
-2.425,trivial_move,4,2686931
-2.423,flush_begin,0,0
-2.408,flush_end,0,2686931
-2.391,trivial_move,3,2686930
-2.383,trivial_move,4,2686931
-2.380,flush_begin,0,0
-2.365,flush_end,0,2686931
-2.349,trivial_move,3,2686932
-2.341,trivial_move,4,2686931
-2.338,flush_begin,0,0
-2.326,flush_end,0,2686931
-2.310,trivial_move,3,2686930
-2.302,trivial_move,4,2686932
-2.301,flush_begin,0,0
-2.286,flush_end,0,2686930
-2.269,trivial_move,3,2686932
-2.261,trivial_move,4,2686930
-2.258,flush_begin,0,0
-2.244,flush_end,0,2686930
-2.227,trivial_move,3,2686931
-2.219,trivial_move,4,2686932
-2.216,flush_begin,0,0
-2.201,flush_end,0,2686931
-2.184,trivial_move,3,2686930
-2.176,trivial_move,4,2686930
-2.174,flush_begin,0,0
-2.159,flush_end,0,2686931
-2.142,trivial_move,3,2686932
-2.134,trivial_move,4,2686932
-2.133,flush_begin,0,0
-2.119,flush_end,0,2686931
-2.102,trivial_move,3,2686930
-2.094,trivial_move,4,2686930
-2.092,flush_begin,0,0
-2.078,flush_end,0,2686932
-2.061,trivial_move,3,2686931
-2.053,trivial_move,4,2686930
-2.052,flush_begin,0,0
-2.038,flush_end,0,2686930
-2.020,trivial_move,3,2686931
-2.012,trivial_move,4,2686932
-2.009,flush_begin,0,0
-1.994,flush_end,0,2686932
-1.978,trivial_move,3,2686931
-1.970,trivial_move,4,2686930
-1.969,flush_begin,0,0
-1.954,flush_end,0,2686930
-1.937,trivial_move,3,2686931
-1.929,trivial_move,4,2686932
-1.927,flush_begin,0,0
-1.911,flush_end,0,2686932
-1.895,trivial_move,3,2686931
-1.888,trivial_move,4,2686930
-1.885,flush_begin,0,0
-1.870,flush_end,0,2686930
-1.854,trivial_move,3,2686930
-1.846,trivial_move,4,2686931
-1.846,flush_begin,0,0
-1.834,flush_end,0,2686931
-1.817,trivial_move,3,2686932
-1.809,trivial_move,4,2686931
-1.808,flush_begin,0,0
-1.796,flush_end,0,2686931
-1.779,trivial_move,3,2686930
-1.771,trivial_move,4,2686931
-1.771,flush_begin,0,0
-1.757,flush_end,0,2686930
-1.741,trivial_move,3,2686932
-1.733,trivial_move,4,2686931
-1.732,flush_begin,0,0
-1.722,flush_end,0,2686932
-1.704,trivial_move,3,2686930
-1.704,flush_begin,0,0
-1.693,flush_end,0,2686930
-1.675,trivial_move,3,2686930
-1.667,trivial_move,4,2686931
-1.659,trivial_move,4,2686930
-1.659,flush_begin,0,0
-1.643,flush_end,0,2686931
-1.627,trivial_move,3,2686932
-1.619,trivial_move,4,2686932
-1.617,flush_begin,0,0
-1.601,flush_end,0,2686931
-1.584,trivial_move,3,2686930
-1.576,trivial_move,4,2686930
-1.575,flush_begin,0,0
-1.558,flush_end,0,2686931
-1.541,trivial_move,3,2686932
-1.533,trivial_move,4,2686931
-1.531,flush_begin,0,0
-1.514,flush_end,0,2686931
-1.496,trivial_move,3,2686930
-1.488,trivial_move,4,2686931
-1.487,flush_begin,0,0
-1.470,flush_end,0,2686931
-1.452,trivial_move,3,2686931
-1.444,trivial_move,4,2686930
-1.443,flush_begin,0,0
-1.425,flush_end,0,2686930
-1.407,trivial_move,3,2686931
-1.399,trivial_move,4,2686933
-1.399,flush_begin,0,0
-1.382,flush_end,0,2686932
-1.364,trivial_move,3,2686932
-1.356,trivial_move,4,2686930
-1.355,flush_begin,0,0
-1.337,flush_end,0,2686930
-1.320,trivial_move,3,2686931
-1.312,trivial_move,4,2686932
-1.309,flush_begin,0,0
-1.293,flush_end,0,2686932
-1.276,trivial_move,3,2686931
-1.268,trivial_move,4,2686930
-1.265,flush_begin,0,0
-1.247,flush_end,0,2686930
-1.230,trivial_move,3,2686930
-1.222,trivial_move,4,2686931
-1.221,flush_begin,0,0
-1.205,flush_end,0,2686930
-1.188,trivial_move,3,2686932
-1.180,trivial_move,4,2686931
-1.179,flush_begin,0,0
-1.164,flush_end,0,2686933
-1.147,trivial_move,3,2686930
-1.139,trivial_move,4,2686931
-1.138,flush_begin,0,0
-1.122,flush_end,0,2686930
-1.105,trivial_move,3,2686931
-1.097,trivial_move,4,2686931
-1.096,flush_begin,0,0
-1.081,flush_end,0,2686932
-1.064,trivial_move,3,2686931
-1.056,trivial_move,4,2686930
-1.055,flush_begin,0,0
-1.041,flush_end,0,2686930
-1.024,trivial_move,3,2686930
-1.016,trivial_move,4,2686930
-1.015,flush_begin,0,0
-1.001,flush_end,0,2686931
-0.984,trivial_move,3,2686932
-0.976,trivial_move,4,2686931
-0.974,flush_begin,0,0
-0.960,flush_end,0,2686931
-0.943,trivial_move,3,2686930
-0.935,trivial_move,4,2686931
-0.934,flush_begin,0,0
-0.921,flush_end,0,2686931
-0.905,trivial_move,3,2686932
-0.897,trivial_move,4,2686931
-0.896,flush_begin,0,0
-0.882,flush_end,0,2686931
-0.866,trivial_move,3,2686930
-0.858,trivial_move,4,2686931
-0.857,flush_begin,0,0
-0.841,flush_end,0,2686931
-0.824,trivial_move,3,2686931
-0.816,trivial_move,4,2686930
-0.815,flush_begin,0,0
-0.800,flush_end,0,2686930
-0.783,trivial_move,3,2686931
-0.775,trivial_move,4,2686932
-0.774,flush_begin,0,0
-0.759,flush_end,0,2686932
-0.742,trivial_move,3,2686931
-0.734,trivial_move,4,2686930
-0.733,flush_begin,0,0
-0.721,flush_end,0,2686930
-0.704,trivial_move,3,2686931
-0.696,trivial_move,4,2686932
-0.695,flush_begin,0,0
-0.679,flush_end,0,2686931
-0.662,trivial_move,3,2686930
-0.654,trivial_move,4,2686930
-0.654,flush_begin,0,0
-0.639,flush_end,0,2686931
-0.622,trivial_move,3,2686930
-0.614,trivial_move,4,2686931
-0.613,flush_begin,0,0
-0.597,flush_end,0,2686930
-0.580,trivial_move,3,2686931
-0.572,trivial_move,4,2686931
-0.571,flush_begin,0,0
-0.555,flush_end,0,2686932
-0.538,trivial_move,3,2686931
-0.530,trivial_move,4,2686930
-0.528,flush_begin,0,0
-0.513,flush_end,0,2686930
-0.496,trivial_move,3,2686931
-0.485,trivial_move,4,2686933
-0.485,flush_begin,0,0
-0.470,flush_end,0,2686932
-0.453,trivial_move,3,2686932
-0.445,trivial_move,4,2686930
-0.444,flush_begin,0,0
-0.429,flush_end,0,2686930
-0.412,trivial_move,3,2686930
-0.404,trivial_move,4,2686931
-0.404,flush_begin,0,0
-0.387,flush_end,0,2686931
-0.370,trivial_move,3,2686932
-0.362,trivial_move,4,2686931
-0.360,flush_begin,0,0
-0.345,flush_end,0,2686931
-0.328,trivial_move,3,2686930
-0.320,trivial_move,4,2686931
-0.319,flush_begin,0,0
-0.302,flush_end,0,2686932
-0.285,trivial_move,3,2686932
-0.277,trivial_move,4,2686931
-0.276,flush_begin,0,0
-0.261,flush_end,0,2686931
-0.243,trivial_move,3,2686930
-0.235,trivial_move,4,2686931
-0.234,flush_begin,0,0
-0.219,flush_end,0,2686930
-0.202,trivial_move,3,2686931
-0.194,trivial_move,4,2686930
-0.193,flush_begin,0,0
-0.177,flush_end,0,2686930
-0.160,trivial_move,3,2686931
-0.152,trivial_move,4,2686932
-0.152,flush_begin,0,0
-0.141,flush_end,0,2686931
-0.125,trivial_move,3,2686930
-0.125,flush_begin,0,0
-0.115,flush_end,0,2686931
-0.097,trivial_move,3,2686932
-0.097,flush_begin,0,0
-0.087,flush_end,0,2686931
-0.069,trivial_move,3,2686930
-0.069,flush_begin,0,0
-0.059,flush_end,0,2686931
-0.042,trivial_move,3,2686931
-0.042,flush_begin,0,0
-0.032,flush_end,0,2686930
-0.016,trivial_move,3,2686931
-0.016,flush_begin,0,0
-0.005,flush_end,0,2686932
0.004,flush_begin,0,0
0.014,flush_end,0,2686930
0.030,trivial_move,3,2686931
0.039,trivial_move,3,2686931
0.039,flush_begin,0,0
0.050,flush_end,0,2686932
0.066,trivial_move,3,2686931
0.066,flush_begin,0,0
0.078,flush_end,0,2686930
0.094,trivial_move,3,2686930
0.102,trivial_move,4,2686930
0.102,flush_begin,0,0
0.114,flush_end,0,2686931
0.131,trivial_move,3,2686932
0.139,trivial_move,4,2686932
0.139,flush_begin,0,0
0.151,flush_end,0,2686931
0.168,trivial_move,3,2686930
0.176,trivial_move,4,2686930
0.176,flush_begin,0,0
0.188,flush_end,0,2686930
0.205,trivial_move,3,2686932
0.213,trivial_move,4,2686930
0.213,flush_begin,0,0
0.227,flush_end,0,2686932
0.243,trivial_move,3,2686930
0.251,trivial_move,4,2686932
0.259,trivial_move,4,2686930
0.269,trivial_move,4,2686932
0.269,flush_begin,0,0
0.284,flush_end,0,2686930
0.304,trivial_move,3,2686930
0.314,trivial_move,4,2686930
0.322,trivial_move,4,2686931
0.330,trivial_move,4,2686931
0.330,flush_begin,0,0
0.347,flush_end,0,2686931
0.364,trivial_move,3,2686933
0.372,trivial_move,4,2686931
0.380,trivial_move,4,2686931
0.388,trivial_move,4,2686933
0.396,trivial_move,4,2686930
0.396,flush_begin,0,0
0.413,flush_end,0,2686931
0.430,trivial_move,3,2686930
0.438,trivial_move,4,2686932
0.446,trivial_move,4,2686930
0.449,flush_begin,0,0
0.466,flush_end,0,2686931
0.483,trivial_move,3,2686932
0.491,trivial_move,4,2686931
0.494,flush_begin,0,0
0.512,flush_end,0,2686931
0.529,trivial_move,3,2686930
0.537,trivial_move,4,2686931
0.539,flush_begin,0,0
0.556,flush_end,0,2686933
0.573,trivial_move,3,2686931
0.581,trivial_move,4,2686930
0.582,flush_begin,0,0
0.596,flush_end,0,2686930
0.612,trivial_move,3,2686931
0.620,trivial_move,4,2686932
0.621,flush_begin,0,0
0.634,flush_end,0,2686932
0.651,trivial_move,3,2686931
0.659,trivial_move,4,2686930
0.660,flush_begin,0,0
0.676,flush_end,0,2686930
0.693,trivial_move,3,2686931
0.701,trivial_move,4,2686932
0.701,flush_begin,0,0
0.716,flush_end,0,2686932
0.732,trivial_move,3,2686931
0.740,trivial_move,4,2686930
0.741,flush_begin,0,0
0.756,flush_end,0,2686930
0.773,trivial_move,3,2686930
0.781,trivial_move,4,2686931
0.782,flush_begin,0,0
0.795,flush_end,0,2686930
0.812,trivial_move,3,2686932
0.820,trivial_move,4,2686931
0.821,flush_begin,0,0
0.834,flush_end,0,2686932
0.851,trivial_move,3,2686930
0.859,trivial_move,4,2686931
0.860,flush_begin,0,0
0.874,flush_end,0,2686930
0.890,trivial_move,3,2686931
0.898,trivial_move,4,2686931
0.900,flush_begin,0,0
0.914,flush_end,0,2686932
0.931,trivial_move,3,2686931
0.939,trivial_move,4,2686930
0.939,flush_begin,0,0
0.955,flush_end,0,2686930
0.972,trivial_move,3,2686930
0.980,trivial_move,4,2686930
0.980,flush_begin,0,0
0.995,flush_end,0,2686931
1.012,trivial_move,3,2686932
1.020,trivial_move,4,2686931
1.021,flush_begin,0,0
1.037,flush_end,0,2686931
1.060,trivial_move,3,2686930
1.068,trivial_move,4,2686931
1.069,flush_begin,0,0
1.086,flush_end,0,2686931
1.103,trivial_move,3,2686932
1.111,trivial_move,4,2686931
1.111,flush_begin,0,0
1.123,flush_end,0,2686931
1.139,trivial_move,3,2686930
1.139,flush_begin,0,0
1.149,flush_end,0,2686931
1.166,trivial_move,3,2686931
1.166,flush_begin,0,0
1.176,flush_end,0,2686930
1.192,trivial_move,3,2686931
1.192,flush_begin,0,0
1.202,flush_end,0,2686932
1.210,flush_begin,0,0
1.220,flush_end,0,2686930
1.236,trivial_move,3,2686932
1.236,flush_begin,0,0
1.246,flush_end,0,2686931
1.262,trivial_move,3,2686931
1.262,flush_begin,0,0
1.272,flush_end,0,2686931
1.288,trivial_move,3,2686930
1.288,flush_begin,0,0
1.298,flush_end,0,2686930
1.316,trivial_move,3,2686930
1.316,flush_begin,0,0
1.326,flush_end,0,2686933
1.342,trivial_move,3,2686931
1.342,flush_begin,0,0
1.352,flush_end,0,2686930
1.370,trivial_move,3,2686931
1.370,flush_begin,0,0
1.380,flush_end,0,2686932
1.396,trivial_move,3,2686931
1.396,flush_begin,0,0
1.407,flush_end,0,2686930
1.424,trivial_move,3,2686931
1.432,trivial_move,4,2686931
1.432,flush_begin,0,0
1.443,flush_end,0,2686931
1.460,trivial_move,3,2686930
1.460,flush_begin,0,0
1.472,flush_end,0,2686931
1.487,trivial_move,3,2686932
1.495,trivial_move,4,2686930
1.495,flush_begin,0,0
1.507,flush_end,0,2686931
1.524,trivial_move,3,2686930
1.532,trivial_move,4,2686933
1.532,flush_begin,0,0
1.544,flush_end,0,2686931
1.561,trivial_move,3,2686932
1.569,trivial_move,4,2686930
1.569,flush_begin,0,0
1.583,flush_end,0,2686930
1.600,trivial_move,3,2686930
1.608,trivial_move,4,2686932
1.608,flush_begin,0,0
1.621,flush_end,0,2686930
1.638,trivial_move,3,2686931
1.646,trivial_move,4,2686930
1.654,trivial_move,4,2686931
1.654,flush_begin,0,0
1.668,flush_end,0,2686931
1.685,trivial_move,3,2686931
1.693,trivial_move,4,2686931
1.701,trivial_move,3,2686930
1.701,flush_begin,0,0
1.717,flush_end,0,2686931
1.734,trivial_move,4,2686930
1.742,trivial_move,3,2686932
1.750,trivial_move,4,2686932
1.750,flush_begin,0,0
1.765,flush_end,0,2686931
1.782,trivial_move,3,2686930
1.790,trivial_move,4,2686930
1.798,trivial_move,4,2686931
1.806,trivial_move,4,2686931
1.814,trivial_move,4,2686931
1.822,trivial_move,4,2686931
1.822,flush_begin,0,0
1.841,flush_end,0,2686931
1.858,trivial_move,3,2686931
1.866,trivial_move,4,2686931
1.874,trivial_move,4,2686930
1.882,trivial_move,4,2686932
1.890,trivial_move,4,2686930
1.890,flush_begin,0,0
1.911,flush_end,0,2686930
1.928,trivial_move,3,2686931
1.936,trivial_move,4,2686932
1.944,trivial_move,4,2686930
1.952,trivial_move,4,2686930
1.960,trivial_move,4,2686932
1.961,flush_begin,0,0
1.983,flush_end,0,2686932
2.000,trivial_move,3,2686931
2.008,trivial_move,4,2686930
2.012,flush_begin,0,0
2.031,flush_end,0,2686930
2.048,trivial_move,3,2686931
2.056,trivial_move,4,2686933
2.057,flush_begin,0,0
2.073,flush_end,0,2686932
2.090,trivial_move,3,2686933
2.098,trivial_move,4,2686930
2.100,flush_begin,0,0
2.117,flush_end,0,2686930
2.134,trivial_move,3,2686930
2.142,trivial_move,4,2686931
2.144,flush_begin,0,0
2.160,flush_end,0,2686931
2.177,trivial_move,3,2686932
2.185,trivial_move,4,2686931
2.185,flush_begin,0,0
2.202,flush_end,0,2686931
2.219,trivial_move,3,2686930
2.227,trivial_move,4,2686931
2.229,flush_begin,0,0
2.246,flush_end,0,2686930
2.263,trivial_move,3,2686932
2.271,trivial_move,4,2686931
2.272,flush_begin,0,0
2.288,flush_end,0,2686933
2.305,trivial_move,3,2686930
2.313,trivial_move,4,2686931
2.315,flush_begin,0,0
2.330,flush_end,0,2686930
2.347,trivial_move,3,2686930
2.355,trivial_move,4,2686930
2.356,flush_begin,0,0
2.372,flush_end,0,2686931
2.389,trivial_move,3,2686932
2.397,trivial_move,4,2686932
2.398,flush_begin,0,0
2.414,flush_end,0,2686931
2.431,trivial_move,3,2686930
2.439,trivial_move,4,2686930
2.440,flush_begin,0,0
2.456,flush_end,0,2686931
2.473,trivial_move,3,2686932
2.481,trivial_move,4,2686931
2.482,flush_begin,0,0
2.499,flush_end,0,2686931
2.515,trivial_move,3,2686930
2.523,trivial_move,4,2686931
2.524,flush_begin,0,0
2.537,flush_end,0,2686931
2.554,trivial_move,3,2686931
2.561,trivial_move,4,2686930
2.561,flush_begin,0,0
2.571,flush_end,0,2686930
2.585,trivial_move,3,2686931
2.593,trivial_move,4,2686932
2.595,flush_begin,0,0
2.610,flush_end,0,2686932
2.627,trivial_move,3,2686931
2.635,trivial_move,4,2686930
2.638,flush_begin,0,0
2.652,flush_end,0,2686930
2.669,trivial_move,3,2686931
2.677,trivial_move,4,2686932
2.678,flush_begin,0,0
2.693,flush_end,0,2686932
2.710,trivial_move,3,2686931
2.718,trivial_move,4,2686930
2.720,flush_begin,0,0
2.737,flush_end,0,2686930
2.754,trivial_move,3,2686930
2.762,trivial_move,4,2686931
2.763,flush_begin,0,0
2.779,flush_end,0,2686930
2.796,trivial_move,3,2686932
2.804,trivial_move,4,2686931
2.806,flush_begin,0,0
2.822,flush_end,0,2686932
2.839,trivial_move,3,2686930
2.847,trivial_move,4,2686931
2.850,flush_begin,0,0
2.867,flush_end,0,2686930
2.885,trivial_move,3,2686931
2.893,trivial_move,4,2686931
2.893,flush_begin,0,0
2.909,flush_end,0,2686932
2.926,trivial_move,3,2686931
2.934,trivial_move,4,2686930
2.936,flush_begin,0,0
2.952,flush_end,0,2686930
2.969,trivial_move,3,2686930
2.977,trivial_move,4,2686930
2.977,flush_begin,0,0
2.994,flush_end,0,2686931
3.011,trivial_move,3,2686933
3.019,trivial_move,4,2686931
3.019,flush_begin,0,0
3.035,flush_end,0,2686931
3.052,trivial_move,3,2686930
3.060,trivial_move,4,2686931
3.061,flush_begin,0,0
3.077,flush_end,0,2686931
3.094,trivial_move,3,2686932
3.102,trivial_move,4,2686931
3.103,flush_begin,0,0
3.120,flush_end,0,2686931
3.137,trivial_move,3,2686930
3.145,trivial_move,4,2686931
3.146,flush_begin,0,0
3.162,flush_end,0,2686932
3.179,trivial_move,3,2686931
3.187,trivial_move,4,2686930
3.189,flush_begin,0,0
3.205,flush_end,0,2686930
3.222,trivial_move,3,2686931
3.230,trivial_move,4,2686932
3.231,flush_begin,0,0
3.248,flush_end,0,2686932
3.265,trivial_move,3,2686931
3.273,trivial_move,4,2686930
3.273,flush_begin,0,0
3.289,flush_end,0,2686930
3.306,trivial_move,3,2686931
3.314,trivial_move,4,2686932
3.315,flush_begin,0,0
3.331,flush_end,0,2686931
3.348,trivial_move,3,2686930
3.356,trivial_move,4,2686930
3.356,flush_begin,0,0
3.372,flush_end,0,2686931
3.389,trivial_move,3,2686930
3.397,trivial_move,4,2686931
3.398,flush_begin,0,0
3.413,flush_end,0,2686930
3.430,trivial_move,3,2686931
3.438,trivial_move,4,2686931
3.441,flush_begin,0,0
3.456,flush_end,0,2686932
3.473,trivial_move,3,2686931
3.481,trivial_move,4,2686930
3.482,flush_begin,0,0
3.497,flush_end,0,2686930
3.514,trivial_move,3,2686931
3.522,trivial_move,4,2686932
3.523,flush_begin,0,0
3.540,flush_end,0,2686932
3.557,trivial_move,3,2686931
3.565,trivial_move,4,2686930
3.566,flush_begin,0,0
3.583,flush_end,0,2686930
3.600,trivial_move,3,2686930
3.608,trivial_move,4,2686931
3.609,flush_begin,0,0
3.627,flush_end,0,2686931
3.644,trivial_move,3,2686932
3.652,trivial_move,4,2686931
3.653,flush_begin,0,0
3.669,flush_end,0,2686931
3.686,trivial_move,3,2686930
3.694,trivial_move,4,2686931
3.697,flush_begin,0,0
3.714,flush_end,0,2686931
3.731,trivial_move,3,2686932
3.739,trivial_move,4,2686931
3.741,flush_begin,0,0
3.756,flush_end,0,2686931
3.773,trivial_move,3,2686930
3.781,trivial_move,4,2686931
3.783,flush_begin,0,0
3.800,flush_end,0,2686930
3.817,trivial_move,3,2686931
3.825,trivial_move,4,2686930
3.827,flush_begin,0,0
3.842,flush_end,0,2686930
3.862,trivial_move,3,2686931
3.871,trivial_move,4,2686933
3.871,flush_begin,0,0
3.886,flush_end,0,2686931
3.903,trivial_move,3,2686930
3.911,trivial_move,4,2686930
3.912,flush_begin,0,0
3.929,flush_end,0,2686931
3.947,trivial_move,3,2686933
3.955,trivial_move,4,2686932
3.956,flush_begin,0,0
3.971,flush_end,0,2686931
3.987,trivial_move,3,2686930
3.995,trivial_move,4,2686930
3.996,flush_begin,0,0
4.012,flush_end,0,2686931
4.029,trivial_move,3,2686931
4.037,trivial_move,4,2686930
4.038,flush_begin,0,0
4.053,flush_end,0,2686930
4.070,trivial_move,3,2686931
4.078,trivial_move,4,2686932
4.080,flush_begin,0,0
4.096,flush_end,0,2686933
4.113,trivial_move,3,2686931
4.121,trivial_move,4,2686930
4.122,flush_begin,0,0
4.137,flush_end,0,2686930
4.154,trivial_move,3,2686931
4.162,trivial_move,4,2686932
4.164,flush_begin,0,0
4.178,flush_end,0,2686932
4.195,trivial_move,3,2686931
4.203,trivial_move,4,2686930
4.203,flush_begin,0,0
4.220,flush_end,0,2686930
4.237,trivial_move,3,2686930
4.245,trivial_move,4,2686931
4.247,flush_begin,0,0
4.262,flush_end,0,2686931
4.279,trivial_move,3,2686932
4.287,trivial_move,4,2686931
4.289,flush_begin,0,0
4.302,flush_end,0,2686931
4.319,trivial_move,3,2686930
4.327,trivial_move,4,2686931
4.328,flush_begin,0,0
4.341,flush_end,0,2686930
4.358,trivial_move,3,2686932
4.366,trivial_move,4,2686931
4.367,flush_begin,0,0
4.383,flush_end,0,2686932
4.400,trivial_move,3,2686930
4.408,trivial_move,4,2686931
4.409,flush_begin,0,0
4.423,flush_end,0,2686930
4.440,trivial_move,3,2686930
4.448,trivial_move,4,2686930
4.450,flush_begin,0,0
4.464,flush_end,0,2686931
4.482,trivial_move,3,2686932
4.490,trivial_move,4,2686932
4.491,flush_begin,0,0
4.506,flush_end,0,2686931
4.523,trivial_move,3,2686930
4.531,trivial_move,4,2686930
4.533,flush_begin,0,0
4.548,flush_end,0,2686931
4.565,trivial_move,3,2686932
4.573,trivial_move,4,2686931
4.574,flush_begin,0,0
4.590,flush_end,0,2686931
4.607,trivial_move,3,2686930
4.615,trivial_move,4,2686931
4.617,flush_begin,0,0
4.634,flush_end,0,2686931
4.651,trivial_move,3,2686931
4.659,trivial_move,4,2686930
4.661,flush_begin,0,0
4.678,flush_end,0,2686930
4.695,trivial_move,3,2686931
4.703,trivial_move,4,2686932
4.706,flush_begin,0,0
4.723,flush_end,0,2686932
4.740,trivial_move,3,2686931
4.748,trivial_move,4,2686930
4.749,flush_begin,0,0
4.765,flush_end,0,2686930
4.782,trivial_move,3,2686931
4.791,trivial_move,4,2686933
4.792,flush_begin,0,0
4.807,flush_end,0,2686932
4.824,trivial_move,3,2686932
4.832,trivial_move,4,2686930
4.833,flush_begin,0,0
4.848,flush_end,0,2686930
4.865,trivial_move,3,2686930
4.873,trivial_move,4,2686931
4.874,flush_begin,0,0
4.890,flush_end,0,2686930
4.907,trivial_move,3,2686932
4.915,trivial_move,4,2686931
4.916,flush_begin,0,0
4.931,flush_end,0,2686932
4.948,trivial_move,3,2686930
4.956,trivial_move,4,2686931
4.958,flush_begin,0,0
4.975,flush_end,0,2686930
4.992,trivial_move,3,2686931
5.000,trivial_move,4,2686931
5.001,flush_begin,0,0
5.018,flush_end,0,2686933
5.035,trivial_move,3,2686931
5.043,trivial_move,4,2686930
5.044,flush_begin,0,0
5.060,flush_end,0,2686930
5.078,trivial_move,3,2686930
5.086,trivial_move,4,2686930
5.087,flush_begin,0,0
5.103,flush_end,0,2686931
5.120,trivial_move,3,2686932
5.128,trivial_move,4,2686931
5.129,flush_begin,0,0
5.144,flush_end,0,2686931
5.161,trivial_move,3,2686930
5.169,trivial_move,4,2686931
5.170,flush_begin,0,0
5.186,flush_end,0,2686931
5.203,trivial_move,3,2686932
5.211,trivial_move,4,2686931
5.213,flush_begin,0,0
5.228,flush_end,0,2686931
5.245,trivial_move,3,2686930
5.253,trivial_move,4,2686931
5.256,flush_begin,0,0
5.273,flush_end,0,2686931
5.291,trivial_move,3,2686931
5.299,trivial_move,4,2686930
5.300,flush_begin,0,0
5.317,flush_end,0,2686930
5.335,trivial_move,3,2686931
5.345,trivial_move,4,2686932
5.346,flush_begin,0,0
5.364,flush_end,0,2686932
5.382,trivial_move,3,2686931
5.390,trivial_move,4,2686930
5.390,flush_begin,0,0
5.406,flush_end,0,2686930
5.423,trivial_move,3,2686931
5.432,trivial_move,4,2686932
5.436,flush_begin,0,0
5.452,flush_end,0,2686931
5.469,trivial_move,3,2686930
5.477,trivial_move,4,2686930
5.479,flush_begin,0,0
5.494,flush_end,0,2686931
5.511,trivial_move,3,2686930
5.519,trivial_move,4,2686931
5.519,flush_begin,0,0
5.535,flush_end,0,2686930
5.552,trivial_move,3,2686931
5.560,trivial_move,4,2686931
5.562,flush_begin,0,0
5.578,flush_end,0,2686932
5.595,trivial_move,3,2686931
5.603,trivial_move,4,2686930
5.604,flush_begin,0,0
5.620,flush_end,0,2686930
5.637,trivial_move,3,2686931
5.645,trivial_move,4,2686932
5.645,flush_begin,0,0
5.662,flush_end,0,2686932
5.679,trivial_move,3,2686931
5.687,trivial_move,4,2686930
5.689,flush_begin,0,0
5.705,flush_end,0,2686930
5.722,trivial_move,3,2686930
5.730,trivial_move,4,2686932
5.731,flush_begin,0,0
5.746,flush_end,0,2686931
5.763,trivial_move,3,2686933
5.771,trivial_move,4,2686931
5.773,flush_begin,0,0
5.789,flush_end,0,2686931
5.806,trivial_move,3,2686930
5.814,trivial_move,4,2686931
5.814,flush_begin,0,0
5.830,flush_end,0,2686931
5.846,trivial_move,3,2686932
5.854,trivial_move,4,2686931
5.855,flush_begin,0,0
5.871,flush_end,0,2686931
5.888,trivial_move,3,2686930
5.896,trivial_move,4,2686931
5.896,flush_begin,0,0
5.912,flush_end,0,2686930
5.929,trivial_move,3,2686931
5.937,trivial_move,4,2686930
5.939,flush_begin,0,0
5.956,flush_end,0,2686930
5.973,trivial_move,3,2686931
5.981,trivial_move,4,2686932
5.983,flush_begin,0,0
5.999,flush_end,0,2686931
6.016,trivial_move,3,2686930
6.024,trivial_move,4,2686930
6.025,flush_begin,0,0
6.042,flush_end,0,2686931
6.060,trivial_move,3,2686932
6.068,trivial_move,4,2686932
6.070,flush_begin,0,0
6.085,flush_end,0,2686931
6.102,trivial_move,3,2686930
6.110,trivial_move,4,2686930
6.112,flush_begin,0,0
6.129,flush_end,0,2686931
6.146,trivial_move,3,2686931
6.155,trivial_move,4,2686930
6.157,flush_begin,0,0
6.174,flush_end,0,2686930
6.191,trivial_move,3,2686931
6.199,trivial_move,4,2686932
6.200,flush_begin,0,0
6.216,flush_end,0,2686932
6.233,trivial_move,3,2686931
6.241,trivial_move,4,2686930
6.243,flush_begin,0,0
6.260,flush_end,0,2686930
6.277,trivial_move,3,2686931
6.285,trivial_move,4,2686932
6.287,flush_begin,0,0
6.303,flush_end,0,2686932
6.320,trivial_move,3,2686931
6.328,trivial_move,4,2686930
6.330,flush_begin,0,0
6.346,flush_end,0,2686930
6.363,trivial_move,3,2686930
6.371,trivial_move,4,2686931
6.372,flush_begin,0,0
6.388,flush_end,0,2686931
6.405,trivial_move,3,2686932
6.413,trivial_move,4,2686931
6.414,flush_begin,0,0
6.430,flush_end,0,2686931
6.447,trivial_move,3,2686930
6.455,trivial_move,4,2686931
6.457,flush_begin,0,0
6.473,flush_end,0,2686930
6.490,trivial_move,3,2686932
6.498,trivial_move,4,2686931
6.500,flush_begin,0,0
6.515,flush_end,0,2686932
6.532,trivial_move,3,2686930
6.540,trivial_move,4,2686931
6.541,flush_begin,0,0
6.556,flush_end,0,2686930
6.573,trivial_move,3,2686930
6.581,trivial_move,4,2686930
6.583,flush_begin,0,0
6.599,flush_end,0,2686931
6.616,trivial_move,3,2686932
6.624,trivial_move,4,2686933
6.625,flush_begin,0,0
6.640,flush_end,0,2686931
6.658,trivial_move,3,2686930
6.666,trivial_move,4,2686930
6.668,flush_begin,0,0
6.683,flush_end,0,2686931
6.700,trivial_move,3,2686933
6.708,trivial_move,4,2686931
6.709,flush_begin,0,0
6.725,flush_end,0,2686931
6.742,trivial_move,3,2686930
6.750,trivial_move,4,2686931
6.751,flush_begin,0,0
6.767,flush_end,0,2686931
6.784,trivial_move,3,2686931
6.792,trivial_move,4,2686930
6.794,flush_begin,0,0
6.810,flush_end,0,2686930
6.827,trivial_move,3,2686931
6.835,trivial_move,4,2686932
6.836,flush_begin,0,0
6.853,flush_end,0,2686933
6.870,trivial_move,3,2686931
6.878,trivial_move,4,2686930
6.880,flush_begin,0,0
6.895,flush_end,0,2686930
6.912,trivial_move,3,2686931
6.920,trivial_move,4,2686932
6.922,flush_begin,0,0
6.937,flush_end,0,2686932
6.954,trivial_move,3,2686931
6.962,trivial_move,4,2686930
6.963,flush_begin,0,0
6.978,flush_end,0,2686930
6.995,trivial_move,3,2686930
7.003,trivial_move,4,2686931
7.005,flush_begin,0,0
7.020,flush_end,0,2686930
7.037,trivial_move,3,2686932
7.045,trivial_move,4,2686931
7.046,flush_begin,0,0
7.061,flush_end,0,2686932
7.078,trivial_move,3,2686930
7.086,trivial_move,4,2686931
7.087,flush_begin,0,0
7.103,flush_end,0,2686930
7.120,trivial_move,3,2686931
7.128,trivial_move,4,2686931
7.129,flush_begin,0,0
7.146,flush_end,0,2686932
7.163,trivial_move,3,2686931
7.171,trivial_move,4,2686930
7.172,flush_begin,0,0
7.186,flush_end,0,2686930
7.203,trivial_move,3,2686930
7.211,trivial_move,4,2686930
7.212,flush_begin,0,0
7.225,flush_end,0,2686931
7.242,trivial_move,3,2686932
7.250,trivial_move,4,2686931
7.251,flush_begin,0,0
7.263,flush_end,0,2686931
7.281,trivial_move,3,2686930
7.289,trivial_move,4,2686931
7.289,flush_begin,0,0
7.302,flush_end,0,2686931
7.319,trivial_move,3,2686932
7.328,trivial_move,4,2686931
7.328,flush_begin,0,0
7.342,flush_end,0,2686931
7.359,trivial_move,3,2686930
7.367,trivial_move,4,2686931
7.367,flush_begin,0,0
7.382,flush_end,0,2686931
7.399,trivial_move,3,2686931
7.407,trivial_move,4,2686930
7.407,flush_begin,0,0
7.421,flush_end,0,2686930
7.438,trivial_move,3,2686931
7.446,trivial_move,4,2686932
7.447,flush_begin,0,0
7.461,flush_end,0,2686932
7.478,trivial_move,3,2686931
7.486,trivial_move,4,2686930
7.488,flush_begin,0,0
7.502,flush_end,0,2686930
7.519,trivial_move,3,2686931
7.527,trivial_move,4,2686933
7.529,flush_begin,0,0
7.545,flush_end,0,2686931
7.562,trivial_move,3,2686930
7.570,trivial_move,4,2686930
7.571,flush_begin,0,0
7.586,flush_end,0,2686931
7.603,trivial_move,3,2686930
7.611,trivial_move,4,2686931
7.613,flush_begin,0,0
7.628,flush_end,0,2686930
7.645,trivial_move,3,2686931
7.653,trivial_move,4,2686931
7.655,flush_begin,0,0
7.670,flush_end,0,2686932
7.687,trivial_move,3,2686931
7.695,trivial_move,4,2686930
7.696,flush_begin,0,0
7.711,flush_end,0,2686930
7.728,trivial_move,3,2686931
7.736,trivial_move,4,2686932
7.737,flush_begin,0,0
7.754,flush_end,0,2686933
7.771,trivial_move,3,2686931
7.779,trivial_move,4,2686930
7.780,flush_begin,0,0
7.795,flush_end,0,2686930
7.812,trivial_move,3,2686930
7.820,trivial_move,4,2686931
7.821,flush_begin,0,0
7.837,flush_end,0,2686931
7.854,trivial_move,3,2686932
7.862,trivial_move,4,2686931
7.863,flush_begin,0,0
7.879,flush_end,0,2686931
7.896,trivial_move,3,2686930
7.904,trivial_move,4,2686931
7.905,flush_begin,0,0
7.920,flush_end,0,2686931
7.937,trivial_move,3,2686932
7.945,trivial_move,4,2686931
7.947,flush_begin,0,0
7.964,flush_end,0,2686931
7.981,trivial_move,3,2686930
7.989,trivial_move,4,2686931
7.992,flush_begin,0,0
8.007,flush_end,0,2686930
8.024,trivial_move,3,2686931
8.032,trivial_move,4,2686930
8.034,flush_begin,0,0
8.050,flush_end,0,2686930
8.067,trivial_move,3,2686931
8.075,trivial_move,4,2686932
8.077,flush_begin,0,0
8.092,flush_end,0,2686931
8.109,trivial_move,3,2686930
8.117,trivial_move,4,2686930
8.118,flush_begin,0,0
8.133,flush_end,0,2686931
8.150,trivial_move,3,2686932
8.158,trivial_move,4,2686932
8.159,flush_begin,0,0
8.175,flush_end,0,2686931
8.192,trivial_move,3,2686930
8.200,trivial_move,4,2686930
8.202,flush_begin,0,0
8.218,flush_end,0,2686931
8.235,trivial_move,3,2686931
8.243,trivial_move,4,2686930
8.244,flush_begin,0,0
8.259,flush_end,0,2686930
8.276,trivial_move,3,2686931
8.284,trivial_move,4,2686932
8.286,flush_begin,0,0
8.299,flush_end,0,2686932
8.316,trivial_move,3,2686931
8.324,trivial_move,4,2686930
8.324,flush_begin,0,0
8.336,flush_end,0,2686930
8.352,trivial_move,3,2686931
8.360,trivial_move,4,2686932
8.361,flush_begin,0,0
8.375,flush_end,0,2686932
8.392,trivial_move,3,2686931
8.400,trivial_move,4,2686930
8.402,flush_begin,0,0
8.419,flush_end,0,2686930
8.436,trivial_move,3,2686930
8.444,trivial_move,4,2686932
8.446,flush_begin,0,0
8.462,flush_end,0,2686931
8.479,trivial_move,3,2686933
8.487,trivial_move,4,2686931
8.490,flush_begin,0,0
8.507,flush_end,0,2686931
8.524,trivial_move,3,2686930
8.532,trivial_move,4,2686931
8.535,flush_begin,0,0
8.551,flush_end,0,2686930
8.568,trivial_move,3,2686932
8.576,trivial_move,4,2686931
8.578,flush_begin,0,0
8.591,flush_end,0,2686932
8.608,trivial_move,3,2686930
8.616,trivial_move,4,2686931
8.618,flush_begin,0,0
8.633,flush_end,0,2686930
8.650,trivial_move,3,2686930
8.658,trivial_move,4,2686930
8.658,flush_begin,0,0
8.675,flush_end,0,2686932
8.692,trivial_move,3,2686932
8.700,trivial_move,4,2686932
8.701,flush_begin,0,0
8.717,flush_end,0,2686931
8.734,trivial_move,3,2686930
8.742,trivial_move,4,2686930
8.744,flush_begin,0,0
8.760,flush_end,0,2686931
8.777,trivial_move,3,2686932
8.785,trivial_move,4,2686931
8.787,flush_begin,0,0
8.805,flush_end,0,2686931
8.822,trivial_move,3,2686930
8.830,trivial_move,4,2686931
8.833,flush_begin,0,0
8.853,flush_end,0,2686931
8.869,trivial_move,3,2686931
8.877,trivial_move,4,2686930
8.879,flush_begin,0,0
8.890,flush_end,0,2686930
8.906,trivial_move,3,2686931
8.914,trivial_move,4,2686932
8.916,flush_begin,0,0
8.928,flush_end,0,2686932
8.945,trivial_move,3,2686931
8.953,trivial_move,4,2686930
8.955,flush_begin,0,0
8.969,flush_end,0,2686930
8.986,trivial_move,3,2686931
8.994,trivial_move,4,2686932
8.994,flush_begin,0,0
9.009,flush_end,0,2686932
9.026,trivial_move,3,2686931
9.034,trivial_move,4,2686930
9.035,flush_begin,0,0
9.051,flush_end,0,2686930
9.068,trivial_move,3,2686930
9.076,trivial_move,4,2686931
9.077,flush_begin,0,0
9.094,flush_end,0,2686930
9.111,trivial_move,3,2686932
9.119,trivial_move,4,2686931
9.121,flush_begin,0,0
9.137,flush_end,0,2686932
9.154,trivial_move,3,2686930
9.162,trivial_move,4,2686931
9.163,flush_begin,0,0
9.179,flush_end,0,2686930
9.196,trivial_move,3,2686931
9.204,trivial_move,4,2686931
9.205,flush_begin,0,0
9.220,flush_end,0,2686932
9.238,trivial_move,3,2686931
9.246,trivial_move,4,2686930
9.246,flush_begin,0,0
9.261,flush_end,0,2686930
9.278,trivial_move,3,2686930
9.286,trivial_move,4,2686930
9.286,flush_begin,0,0
9.301,flush_end,0,2686931
9.318,trivial_move,3,2686932
9.327,trivial_move,4,2686931
9.329,flush_begin,0,0
9.344,flush_end,0,2686931
9.361,trivial_move,3,2686930
9.369,trivial_move,4,2686933
9.371,flush_begin,0,0
9.385,flush_end,0,2686931
9.402,trivial_move,3,2686933
9.410,trivial_move,4,2686931
9.410,flush_begin,0,0
9.423,flush_end,0,2686931
9.440,trivial_move,3,2686930
9.448,trivial_move,4,2686931
9.450,flush_begin,0,0
9.464,flush_end,0,2686931
9.481,trivial_move,3,2686931
9.489,trivial_move,4,2686930
9.490,flush_begin,0,0
9.505,flush_end,0,2686930
9.522,trivial_move,3,2686931
9.530,trivial_move,4,2686932
9.530,flush_begin,0,0
9.544,flush_end,0,2570063
9.562,trivial_move,3,2686931
9.570,trivial_move,4,2686930
9.570,compaction_begin,2,0
9.604,compaction_end,2,5374078
9.622,trivial_move,4,2686932
9.623,compaction_begin,2,0
9.655,compaction_end,2,5374077
9.672,trivial_move,4,2686930
9.672,compaction_begin,2,0
9.708,compaction_end,2,5374079
9.725,trivial_move,4,2686931
9.725,compaction_begin,2,0
9.756,compaction_end,2,5374079
9.773,trivial_move,4,2686931
9.773,compaction_begin,2,0
9.800,compaction_end,2,5374079
9.817,trivial_move,4,2686930
9.817,compaction_begin,2,0
9.845,compaction_end,2,5374079
9.862,trivial_move,4,2686932
9.862,compaction_begin,2,0
9.889,compaction_end,2,5374078
9.909,trivial_move,4,2686930
9.909,compaction_begin,2,0
9.935,compaction_end,2,5374079
9.952,trivial_move,4,2686931
9.952,compaction_begin,2,0
9.978,compaction_end,2,5374080
9.995,trivial_move,4,2686931
9.995,compaction_begin,2,0
10.022,compaction_end,2,5374079
10.039,trivial_move,4,2686931
10.039,compaction_begin,2,0
10.065,compaction_end,2,5374079
10.082,trivial_move,4,2686931
10.082,compaction_begin,2,0
10.109,compaction_end,2,5374078
10.126,trivial_move,4,2686931
10.126,compaction_begin,2,0
10.152,compaction_end,2,5374079
10.169,trivial_move,4,2686930
10.169,compaction_begin,2,0
10.195,compaction_end,2,5374078
10.212,trivial_move,4,2686932
10.212,compaction_begin,2,0
10.237,compaction_end,2,5374079
10.253,trivial_move,4,2686930
10.253,compaction_begin,2,0
10.279,compaction_end,2,5374079
10.296,trivial_move,4,2686933
10.296,compaction_begin,2,0
10.324,compaction_end,2,5374078
10.341,trivial_move,4,2686930
10.341,compaction_begin,2,0
10.367,compaction_end,2,5374079
10.384,trivial_move,4,2686930
10.384,compaction_begin,2,0
10.409,compaction_end,2,5374079
10.426,trivial_move,4,2686932
10.426,compaction_begin,2,0
10.438,compaction_end,2,2570063
10.455,trivial_move,4,2686930
10.463,trivial_move,4,2686932
10.463,compaction_begin,3,0
10.488,compaction_end,3,5374079
10.505,trivial_move,4,2686931
10.505,compaction_begin,3,0
10.530,compaction_end,3,5374079
10.548,trivial_move,4,2686931
10.548,compaction_begin,3,0
10.574,compaction_end,3,5374077
10.591,trivial_move,4,2686930
10.591,compaction_begin,3,0
10.616,compaction_end,3,5374079
10.633,trivial_move,4,2686930
10.633,compaction_begin,3,0
10.658,compaction_end,3,5374079
10.675,trivial_move,4,2686932
10.675,compaction_begin,3,0
10.699,compaction_end,3,5374080
10.716,trivial_move,4,2686931
10.716,compaction_begin,3,0
10.741,compaction_end,3,5374079
10.749,compaction_begin,3,0
10.773,compaction_end,3,5374079
10.782,compaction_begin,3,0
10.804,compaction_end,3,5374079
10.813,compaction_begin,3,0
10.836,compaction_end,3,5374079
10.844,compaction_begin,3,0
10.866,compaction_end,3,5374078
10.875,compaction_begin,3,0
10.896,compaction_end,3,5374079
10.905,compaction_begin,3,0
10.927,compaction_end,3,5374079
10.936,compaction_begin,3,0
10.958,compaction_end,3,5374078
10.967,compaction_begin,3,0
10.988,compaction_end,3,5374079
10.997,compaction_begin,3,0
11.018,compaction_end,3,5374078
11.027,compaction_begin,3,0
11.048,compaction_end,3,5374080
11.057,compaction_begin,3,0
11.078,compaction_end,3,5374079
11.087,compaction_begin,3,0
11.108,compaction_end,3,5374079
11.116,compaction_begin,3,0
11.138,compaction_end,3,5374079
11.147,compaction_begin,3,0
11.169,compaction_end,3,5374078
11.177,compaction_begin,3,0
11.199,compaction_end,3,5374079
11.208,compaction_begin,3,0
11.229,compaction_end,3,5374079
11.238,compaction_begin,3,0
11.260,compaction_end,3,5374079
11.269,compaction_begin,3,0
11.291,compaction_end,3,5374079
11.300,compaction_begin,3,0
11.322,compaction_end,3,5374077
11.331,compaction_begin,3,0
11.352,compaction_end,3,5374078
11.361,compaction_begin,3,0
11.383,compaction_end,3,5374080
11.393,compaction_begin,3,0
11.414,compaction_end,3,5374079
11.423,compaction_begin,3,0
11.445,compaction_end,3,5374079
11.454,compaction_begin,3,0
11.475,compaction_end,3,5374078
11.484,compaction_begin,3,0
11.506,compaction_end,3,5374079
11.515,compaction_begin,3,0
11.537,compaction_end,3,5374079
11.546,compaction_begin,3,0
11.567,compaction_end,3,5374079
11.576,compaction_begin,3,0
11.597,compaction_end,3,5374079
11.606,compaction_begin,3,0
11.627,compaction_end,3,5374078
11.637,compaction_begin,3,0
11.658,compaction_end,3,5374079
11.668,compaction_begin,3,0
11.690,compaction_end,3,5374080
11.699,compaction_begin,3,0
11.720,compaction_end,3,5374078
11.729,compaction_begin,3,0
11.750,compaction_end,3,5374079
11.760,compaction_begin,3,0
11.781,compaction_end,3,5374078
11.790,compaction_begin,3,0
11.812,compaction_end,3,5374079
11.821,compaction_begin,3,0
11.842,compaction_end,3,5374079
11.851,compaction_begin,3,0
11.872,compaction_end,3,5374079
11.881,compaction_begin,3,0
11.903,compaction_end,3,5374079
11.912,compaction_begin,3,0
11.933,compaction_end,3,5374078
11.942,compaction_begin,3,0
11.963,compaction_end,3,5374079
11.972,compaction_begin,3,0
11.993,compaction_end,3,5374079
12.001,compaction_begin,3,0
12.023,compaction_end,3,5374080
12.032,compaction_begin,3,0
12.053,compaction_end,3,5374079
12.062,compaction_begin,3,0
12.083,compaction_end,3,5374077
12.092,compaction_begin,3,0
12.113,compaction_end,3,5374078
12.121,compaction_begin,3,0
12.144,compaction_end,3,5374079
12.152,compaction_begin,3,0
12.175,compaction_end,3,5374079
12.184,compaction_begin,3,0
12.205,compaction_end,3,5374079
12.213,compaction_begin,3,0
12.235,compaction_end,3,5374078
12.244,compaction_begin,3,0
12.265,compaction_end,3,5374079
12.273,compaction_begin,3,0
12.295,compaction_end,3,5374079
12.304,compaction_begin,3,0
12.325,compaction_end,3,5374079
12.333,compaction_begin,3,0
12.355,compaction_end,3,5374080
12.364,compaction_begin,3,0
12.385,compaction_end,3,5374078
12.393,compaction_begin,3,0
12.415,compaction_end,3,5374079
12.423,compaction_begin,3,0
12.445,compaction_end,3,5374079
12.453,compaction_begin,3,0
12.475,compaction_end,3,5374078
12.483,compaction_begin,3,0
12.505,compaction_end,3,5374079
12.513,compaction_begin,3,0
12.535,compaction_end,3,5374078
12.543,compaction_begin,3,0
12.565,compaction_end,3,5374079
12.574,compaction_begin,3,0
12.595,compaction_end,3,5374079
12.605,compaction_begin,3,0
12.626,compaction_end,3,5374079
12.634,compaction_begin,3,0
12.657,compaction_end,3,5374079
12.665,compaction_begin,3,0
12.688,compaction_end,3,5374079
12.697,compaction_begin,3,0
12.718,compaction_end,3,5374079
12.726,compaction_begin,3,0
12.748,compaction_end,3,5374079
12.757,compaction_begin,3,0
12.778,compaction_end,3,5374079
12.786,compaction_begin,3,0
12.807,compaction_end,3,5374079
12.816,compaction_begin,3,0
12.837,compaction_end,3,5374077
12.846,compaction_begin,3,0
12.867,compaction_end,3,5374078
12.876,compaction_begin,3,0
12.896,compaction_end,3,5374079
12.904,compaction_begin,3,0
12.928,compaction_end,3,5374079
12.937,compaction_begin,3,0
12.960,compaction_end,3,5374079
12.970,compaction_begin,3,0
12.992,compaction_end,3,5374078
13.001,compaction_begin,3,0
13.022,compaction_end,3,5374080
13.031,compaction_begin,3,0
13.052,compaction_end,3,5374079
13.061,compaction_begin,3,0
13.083,compaction_end,3,5374079
13.092,compaction_begin,3,0
13.114,compaction_end,3,5374079
13.123,compaction_begin,3,0
13.144,compaction_end,3,5374078
13.155,compaction_begin,3,0
13.176,compaction_end,3,5374079
13.186,compaction_begin,3,0
13.206,compaction_end,3,5374079
13.216,compaction_begin,3,0
13.237,compaction_end,3,5374078
13.246,compaction_begin,3,0
13.267,compaction_end,3,5374079
13.276,compaction_begin,3,0
13.297,compaction_end,3,5374078
13.306,compaction_begin,3,0
13.327,compaction_end,3,5374079
13.337,compaction_begin,3,0
13.358,compaction_end,3,5374081
13.367,compaction_begin,3,0
13.388,compaction_end,3,5374079
13.397,compaction_begin,3,0
13.418,compaction_end,3,5374079
13.428,compaction_begin,3,0
13.450,compaction_end,3,5374078
13.459,compaction_begin,3,0
13.480,compaction_end,3,5374079
13.489,compaction_begin,3,0
13.510,compaction_end,3,5374079
13.518,compaction_begin,3,0
13.540,compaction_end,3,5374079
13.549,compaction_begin,3,0
13.572,compaction_end,3,5374079
13.581,compaction_begin,3,0
13.601,compaction_end,3,5374077
13.610,compaction_begin,3,0
13.631,compaction_end,3,5374078
13.640,compaction_begin,3,0
13.660,compaction_end,3,5374079
13.669,compaction_begin,3,0
13.691,compaction_end,3,5374080
13.700,compaction_begin,3,0
13.721,compaction_end,3,5374079
13.729,compaction_begin,3,0
13.751,compaction_end,3,5374078
13.760,compaction_begin,3,0
13.781,compaction_end,3,5374079
13.790,compaction_begin,3,0
13.812,compaction_end,3,5374079
13.820,compaction_begin,3,0
13.842,compaction_end,3,5374079
13.851,compaction_begin,3,0
13.872,compaction_end,3,5374079
13.881,compaction_begin,3,0
13.902,compaction_end,3,5374078
13.912,compaction_begin,3,0
13.935,compaction_end,3,5374079
13.944,compaction_begin,3,0
13.967,compaction_end,3,5374079
13.975,compaction_begin,3,0
13.997,compaction_end,3,5374078
14.006,compaction_begin,3,0
14.028,compaction_end,3,5374080
14.037,compaction_begin,3,0
14.059,compaction_end,3,5374078
14.068,compaction_begin,3,0
14.088,compaction_end,3,5374079
14.097,compaction_begin,3,0
14.118,compaction_end,3,5374079
14.127,compaction_begin,3,0
14.148,compaction_end,3,5374079
14.157,compaction_begin,3,0
14.179,compaction_end,3,5374079
14.188,compaction_begin,3,0
14.210,compaction_end,3,5374078
14.222,compaction_begin,3,0
14.246,compaction_end,3,5374079
14.255,compaction_begin,3,0
14.277,compaction_end,3,5374079
14.286,compaction_begin,3,0
14.308,compaction_end,3,5374079
14.317,compaction_begin,3,0
14.338,compaction_end,3,5374080
14.347,compaction_begin,3,0
14.368,compaction_end,3,5374077
14.376,compaction_begin,3,0
14.398,compaction_end,3,5374078
14.407,compaction_begin,3,0
14.428,compaction_end,3,5374079
14.436,compaction_begin,3,0
14.458,compaction_end,3,5374079
14.466,compaction_begin,3,0
14.488,compaction_end,3,5374079
14.497,compaction_begin,3,0
14.517,compaction_end,3,5374078
14.526,compaction_begin,3,0
14.547,compaction_end,3,5374079
14.556,compaction_begin,3,0
14.577,compaction_end,3,5374079
14.586,compaction_begin,3,0
14.607,compaction_end,3,5374079
14.616,compaction_begin,3,0
14.638,compaction_end,3,5374079
14.647,compaction_begin,3,0
14.668,compaction_end,3,5374079
14.677,compaction_begin,3,0
14.698,compaction_end,3,5374079
14.706,compaction_begin,3,0
14.728,compaction_end,3,5374079
14.737,compaction_begin,3,0
14.759,compaction_end,3,5374078
14.768,compaction_begin,3,0
14.789,compaction_end,3,5374079
14.797,compaction_begin,3,0
14.819,compaction_end,3,5374078
14.827,compaction_begin,3,0
14.849,compaction_end,3,5374079
14.858,compaction_begin,3,0
14.879,compaction_end,3,5374079
14.888,compaction_begin,3,0
14.909,compaction_end,3,5374079
14.917,compaction_begin,3,0
14.939,compaction_end,3,5374079
14.947,compaction_begin,3,0
14.969,compaction_end,3,5374078
14.978,compaction_begin,3,0
14.999,compaction_end,3,5374080
15.008,compaction_begin,3,0
15.029,compaction_end,3,5374079
15.037,compaction_begin,3,0
15.059,compaction_end,3,5374079
15.068,compaction_begin,3,0
15.089,compaction_end,3,5374079
15.098,compaction_begin,3,0
15.120,compaction_end,3,5374077
15.129,compaction_begin,3,0
15.150,compaction_end,3,5374078
15.159,compaction_begin,3,0
15.180,compaction_end,3,5374079
15.189,compaction_begin,3,0
15.209,compaction_end,3,5374079
15.218,compaction_begin,3,0
15.240,compaction_end,3,5374079
15.248,compaction_begin,3,0
15.270,compaction_end,3,5374078
15.279,compaction_begin,3,0
15.300,compaction_end,3,5374079
15.309,compaction_begin,3,0
15.330,compaction_end,3,5374080
15.339,compaction_begin,3,0
15.361,compaction_end,3,5374079
15.370,compaction_begin,3,0
15.390,compaction_end,3,5374079
15.398,compaction_begin,3,0
15.420,compaction_end,3,5374078
15.428,compaction_begin,3,0
15.449,compaction_end,3,5374079
15.458,compaction_begin,3,0
15.479,compaction_end,3,5374079
15.488,compaction_begin,3,0
15.507,compaction_end,3,5374078
15.516,compaction_begin,3,0
15.537,compaction_end,3,5374079
15.546,compaction_begin,3,0
15.568,compaction_end,3,5374078
15.577,compaction_begin,3,0
15.597,compaction_end,3,5374079
15.606,compaction_begin,3,0
15.627,compaction_end,3,5374079
15.636,compaction_begin,3,0
15.657,compaction_end,3,5374080
15.666,compaction_begin,3,0
15.687,compaction_end,3,5374079
15.697,compaction_begin,3,0
15.718,compaction_end,3,5374078
15.727,compaction_begin,3,0
15.749,compaction_end,3,5374079
15.757,compaction_begin,3,0
15.779,compaction_end,3,5374079
15.788,compaction_begin,3,0
15.809,compaction_end,3,5374079
15.818,compaction_begin,3,0
15.839,compaction_end,3,5374079
15.848,compaction_begin,3,0
15.869,compaction_end,3,5374077
15.878,compaction_begin,3,0
15.899,compaction_end,3,5374078
15.908,compaction_begin,3,0
15.929,compaction_end,3,5374079
15.939,compaction_begin,3,0
15.960,compaction_end,3,5374079
15.968,compaction_begin,3,0
15.990,compaction_end,3,5374080
15.999,compaction_begin,3,0
16.020,compaction_end,3,5374078
16.029,compaction_begin,3,0
16.055,compaction_end,3,7023641
16.064,compaction_begin,3,0
16.085,compaction_end,3,5374083
16.094,compaction_begin,3,0
16.114,compaction_end,3,5374083
16.122,compaction_begin,3,0
16.144,compaction_end,3,5374083
16.153,compaction_begin,3,0
16.175,compaction_end,3,5374084
16.183,compaction_begin,3,0
16.205,compaction_end,3,5374083
16.214,compaction_begin,3,0
16.235,compaction_end,3,5374082
16.244,compaction_begin,3,0
16.265,compaction_end,3,5374083
16.274,compaction_begin,3,0
16.295,compaction_end,3,5374084
16.304,compaction_begin,3,0
16.326,compaction_end,3,5374084
16.335,compaction_begin,3,0
16.356,compaction_end,3,5374083
16.365,compaction_begin,3,0
16.387,compaction_end,3,5374082
16.395,compaction_begin,3,0
16.418,compaction_end,3,5374083
16.427,compaction_begin,3,0
16.449,compaction_end,3,5374083
16.458,compaction_begin,3,0
16.479,compaction_end,3,5374084
16.488,compaction_begin,3,0
16.509,compaction_end,3,5374082
16.518,compaction_begin,3,0
16.541,compaction_end,3,5374083
16.550,compaction_begin,3,0
16.571,compaction_end,3,5374083
16.580,compaction_begin,3,0
16.601,compaction_end,3,5374083
16.610,compaction_begin,3,0
16.624,compaction_end,3,3607587
22.043,flush_begin,0,0
22.073,flush_end,0,2744578
22.083,compaction_begin,2,0
22.424,compaction_end,2,2678475
22.436,compaction_begin,3,0
22.659,compaction_end,3,42992648
22.667,compaction_begin,3,0
22.839,compaction_end,3,42992650
22.850,compaction_begin,3,0
23.015,compaction_end,3,42992648
23.025,compaction_begin,3,0
23.181,compaction_end,3,42992650
23.193,compaction_begin,3,0
23.357,compaction_end,3,42992649
23.366,compaction_begin,3,0
23.534,compaction_end,3,42992653
23.542,compaction_begin,3,0
23.706,compaction_end,3,41955150
23.717,compaction_begin,3,0
23.884,compaction_end,3,42992652
23.893,compaction_begin,3,0
24.063,compaction_end,3,42992654
24.072,compaction_begin,3,0
24.241,compaction_end,3,41955151
24.250,compaction_begin,3,0
24.412,compaction_end,3,42992654
24.421,compaction_begin,3,0
24.589,compaction_end,3,42992654
24.598,compaction_begin,3,0
24.766,compaction_end,3,42992649
24.775,compaction_begin,3,0
24.885,compaction_end,3,26141394
24.894,compaction_begin,3,0
25.058,compaction_end,3,42992653
25.066,compaction_begin,3,0
25.232,compaction_end,3,42992652
25.241,compaction_begin,3,0
25.417,compaction_end,3,42992649
25.428,compaction_begin,3,0
25.608,compaction_end,3,42992652
25.618,compaction_begin,3,0
25.801,compaction_end,3,42992655
25.813,compaction_begin,3,0
25.995,compaction_end,3,42992649
26.005,compaction_begin,3,0
26.175,compaction_end,3,42992652
26.185,compaction_begin,3,0
26.360,compaction_end,3,42992649
26.369,compaction_begin,3,0
26.552,compaction_end,3,42992650
26.561,compaction_begin,3,0
26.712,compaction_end,3,40305588
26.721,compaction_begin,3,0
26.882,compaction_end,3,42992650
26.891,compaction_begin,3,0
27.050,compaction_end,3,42992649
27.060,compaction_begin,3,0
27.222,compaction_end,3,42992650
27.231,compaction_begin,3,0
27.394,compaction_end,3,42992650
27.403,compaction_begin,3,0
27.521,flush_begin,0,0
27.531,flush_end,0,2744150
27.579,compaction_end,3,42992647
27.588,compaction_begin,2,0
27.872,compaction_end,2,2860483
27.894,compaction_begin,3,0
28.090,compaction_end,3,42992652
28.098,compaction_begin,3,0
28.256,compaction_end,3,42992652
28.265,compaction_begin,3,0
28.426,compaction_end,3,42992651
28.436,compaction_begin,3,0
28.589,compaction_end,3,42992653
28.598,compaction_begin,3,0
28.754,compaction_end,3,42992650
28.764,compaction_begin,3,0
28.918,compaction_end,3,42992654
28.927,compaction_begin,3,0
29.085,compaction_end,3,43367079
29.094,compaction_begin,3,0
29.260,compaction_end,3,45679536
29.269,compaction_begin,3,0
29.426,compaction_end,3,42754755
29.435,compaction_begin,3,0
29.590,compaction_end,3,42992648
29.600,compaction_begin,3,0
29.755,compaction_end,3,42992648
29.764,compaction_begin,3,0
29.925,compaction_end,3,44030064
29.935,compaction_begin,3,0
30.090,compaction_end,3,42992650
30.099,compaction_begin,3,0
30.251,compaction_end,3,42992649
30.260,compaction_begin,3,0
30.417,compaction_end,3,42992647
30.426,compaction_begin,3,0
30.589,compaction_end,3,44404452
30.599,compaction_begin,3,0
30.759,compaction_end,3,44404451
30.768,compaction_begin,3,0
30.921,compaction_end,3,42992649
30.930,compaction_begin,3,0
31.086,compaction_end,3,42992649
31.095,compaction_begin,3,0
31.248,compaction_end,3,42992651
31.257,compaction_begin,3,0
31.410,compaction_end,3,42992650
31.419,compaction_begin,3,0
31.583,compaction_end,3,45917432
31.593,compaction_begin,3,0
31.744,compaction_end,3,41580725
31.753,compaction_begin,3,0
31.906,compaction_end,3,42992649
31.915,compaction_begin,3,0
32.067,compaction_end,3,42992653
32.077,compaction_begin,3,0
32.234,compaction_end,3,42992650
32.242,compaction_begin,3,0
32.398,compaction_end,3,42992649
32.408,compaction_begin,3,0
32.571,compaction_end,3,44404453
32.580,compaction_begin,3,0
32.733,compaction_end,3,42992649
32.742,compaction_begin,3,0
32.899,compaction_end,3,42618171
32.909,compaction_begin,3,0
32.965,flush_begin,0,0
32.975,flush_end,0,2744615
33.084,compaction_end,3,42992650
33.093,compaction_begin,2,0
33.377,compaction_end,2,2932023
33.391,compaction_begin,3,0
33.582,compaction_end,3,42992652
33.591,compaction_begin,3,0
33.744,compaction_end,3,42992652
33.753,compaction_begin,3,0
33.903,compaction_end,3,42992651
33.912,compaction_begin,3,0
34.063,compaction_end,3,42992654
34.072,compaction_begin,3,0
34.234,compaction_end,3,44030064
34.243,compaction_begin,3,0
34.396,compaction_end,3,43367081
34.405,compaction_begin,3,0
34.564,compaction_end,3,44030065
34.574,compaction_begin,3,0
34.726,compaction_end,3,42992650
34.735,compaction_begin,3,0
34.889,compaction_end,3,42992649
34.898,compaction_begin,3,0
35.053,compaction_end,3,42992649
35.062,compaction_begin,3,0
35.218,compaction_end,3,42992648
35.227,compaction_begin,3,0
35.388,compaction_end,3,42992653
35.397,compaction_begin,3,0
35.555,compaction_end,3,43367077
35.565,compaction_begin,3,0
35.718,compaction_end,3,42992648
35.727,compaction_begin,3,0
35.885,compaction_end,3,43230498
35.895,compaction_begin,3,0
36.052,compaction_end,3,42992650
36.062,compaction_begin,3,0
36.215,compaction_end,3,42618174
36.224,compaction_begin,3,0
36.377,compaction_end,3,42992649
36.386,compaction_begin,3,0
36.540,compaction_end,3,42754755
36.549,compaction_begin,3,0
36.714,compaction_end,3,45305111
36.724,compaction_begin,3,0
36.880,compaction_end,3,43367081
36.888,compaction_begin,3,0
37.004,compaction_end,3,31019938
37.013,compaction_begin,3,0
37.166,compaction_end,3,42992648
37.176,compaction_begin,3,0
37.329,compaction_end,3,42992650
37.339,compaction_begin,3,0
37.493,compaction_end,3,42992649
37.502,compaction_begin,3,0
37.654,compaction_end,3,42618171
37.663,compaction_begin,3,0
37.816,compaction_end,3,42992650
37.825,compaction_begin,3,0
37.972,compaction_end,3,41580725
37.980,compaction_begin,3,0
38.140,compaction_end,3,44267905
38.150,compaction_begin,3,0
38.304,compaction_end,3,42992653
38.313,compaction_begin,3,0
38.384,flush_begin,0,0
38.393,flush_end,0,2744701
38.484,compaction_end,3,43367080
38.493,compaction_begin,2,0
38.781,compaction_end,2,2995567
38.795,compaction_begin,3,0
38.980,compaction_end,3,42992649
38.989,compaction_begin,3,0
39.140,compaction_end,3,42618171
39.148,compaction_begin,3,0
39.299,compaction_end,3,42992649
39.309,compaction_begin,3,0
39.463,compaction_end,3,42992648
39.472,compaction_begin,3,0
39.636,compaction_end,3,44030069
39.645,compaction_begin,3,0
39.800,compaction_end,3,42992650
39.809,compaction_begin,3,0
39.961,compaction_end,3,41955151
39.971,compaction_begin,3,0
40.134,compaction_end,3,45305108
40.143,compaction_begin,3,0
40.299,compaction_end,3,42992653
40.307,compaction_begin,3,0
40.462,compaction_end,3,42992653
40.471,compaction_begin,3,0
40.628,compaction_end,3,43367082
40.637,compaction_begin,3,0
40.799,compaction_end,3,44030063
40.808,compaction_begin,3,0
40.962,compaction_end,3,43367083
40.971,compaction_begin,3,0
41.125,compaction_end,3,42992655
41.134,compaction_begin,3,0
41.288,compaction_end,3,43179900
41.297,compaction_begin,3,0
41.451,compaction_end,3,43367082
41.460,compaction_begin,3,0
41.611,compaction_end,3,43367080
41.620,compaction_begin,3,0
41.788,compaction_end,3,44030062
41.799,compaction_begin,3,0
41.956,compaction_end,3,43179900
41.966,compaction_begin,3,0
42.128,compaction_end,3,44030065
42.137,compaction_begin,3,0
42.308,compaction_end,3,45254452
42.318,compaction_begin,3,0
42.474,compaction_end,3,43367078
42.484,compaction_begin,3,0
42.647,compaction_end,3,42992653
42.657,compaction_begin,3,0
42.820,compaction_end,3,42992650
42.830,compaction_begin,3,0
42.986,compaction_end,3,43367080
42.995,compaction_begin,3,0
43.151,compaction_end,3,42992655
43.161,compaction_begin,3,0
43.317,compaction_end,3,42618173
43.326,compaction_begin,3,0
43.478,compaction_end,3,41955150
43.488,compaction_begin,3,0
43.655,compaction_end,3,46054016
43.665,compaction_begin,3,0
43.822,compaction_end,3,42992651
43.831,compaction_begin,3,0
43.867,flush_begin,0,0
43.877,flush_end,0,2744994
44.003,compaction_end,3,42992653
44.012,compaction_begin,2,0
44.294,compaction_end,2,2980720
44.308,compaction_begin,3,0
44.491,compaction_end,3,42992651
44.500,compaction_begin,3,0
44.651,compaction_end,3,42992651
44.660,compaction_begin,3,0
44.813,compaction_end,3,42005797
44.822,compaction_begin,3,0
44.984,compaction_end,3,44030066
44.994,compaction_begin,3,0
45.156,compaction_end,3,44030065
45.166,compaction_begin,3,0
45.318,compaction_end,3,42992650
45.327,compaction_begin,3,0
45.491,compaction_end,3,45305114
45.500,compaction_begin,3,0
45.656,compaction_end,3,43367079
45.666,compaction_begin,3,0
45.823,compaction_end,3,43367080
45.832,compaction_begin,3,0
45.987,compaction_end,3,42992651
45.997,compaction_begin,3,0
46.164,compaction_end,3,46054017
46.174,compaction_begin,3,0
46.326,compaction_end,3,42992651
46.336,compaction_begin,3,0
46.489,compaction_end,3,42992655
46.498,compaction_begin,3,0
46.650,compaction_end,3,42992651
46.659,compaction_begin,3,0
46.811,compaction_end,3,42618173
46.821,compaction_begin,3,0
46.976,compaction_end,3,43179899
46.985,compaction_begin,3,0
47.139,compaction_end,3,43367078
47.148,compaction_begin,3,0
47.307,compaction_end,3,44030069
47.316,compaction_begin,3,0
47.468,compaction_end,3,42992650
47.477,compaction_begin,3,0
47.630,compaction_end,3,42992649
47.639,compaction_begin,3,0
47.800,compaction_end,3,44030068
47.809,compaction_begin,3,0
47.961,compaction_end,3,42618171
47.970,compaction_begin,3,0
48.122,compaction_end,3,41955150
48.131,compaction_begin,3,0
48.283,compaction_end,3,42992653
48.292,compaction_begin,3,0
48.445,compaction_end,3,43367083
48.454,compaction_begin,3,0
48.616,compaction_end,3,44217248
48.626,compaction_begin,3,0
48.790,compaction_end,3,44267910
48.800,compaction_begin,3,0
48.967,compaction_end,3,43655658
48.977,compaction_begin,3,0
49.139,compaction_end,3,42992650
49.148,compaction_begin,3,0
49.306,compaction_end,3,44030069
49.316,flush_begin,0,0
49.326,flush_end,0,2744552
49.335,compaction_begin,2,0
49.628,compaction_end,2,3043833
49.645,compaction_begin,3,0
49.842,compaction_end,3,42992650
49.851,compaction_begin,3,0
50.001,compaction_end,3,42992652
50.011,compaction_begin,3,0
50.165,compaction_end,3,42992652
50.174,compaction_begin,3,0
50.341,compaction_end,3,46054013
50.351,compaction_begin,3,0
50.506,compaction_end,3,43367077
50.515,compaction_begin,3,0
50.677,compaction_end,3,43367078
50.686,compaction_begin,3,0
50.838,compaction_end,3,42243695
50.847,compaction_begin,3,0
51.009,compaction_end,3,44404452
51.019,compaction_begin,3,0
51.172,compaction_end,3,42618171
51.181,compaction_begin,3,0
51.332,compaction_end,3,43367081
51.342,compaction_begin,3,0
51.499,compaction_end,3,42992651
51.509,compaction_begin,3,0
51.662,compaction_end,3,43367080
51.671,compaction_begin,3,0
51.831,compaction_end,3,44030062
51.840,compaction_begin,3,0
52.001,compaction_end,3,44030062
52.010,compaction_begin,3,0
52.176,compaction_end,3,45542955
52.185,compaction_begin,3,0
52.338,compaction_end,3,43367079
52.347,compaction_begin,3,0
52.510,compaction_end,3,44318546
52.520,compaction_begin,3,0
52.673,compaction_end,3,43179902
52.682,compaction_begin,3,0
52.837,compaction_end,3,43367079
52.846,compaction_begin,3,0
53.011,compaction_end,3,44642301
53.020,compaction_begin,3,0
53.181,compaction_end,3,44404451
53.191,compaction_begin,3,0
53.346,compaction_end,3,43367083
53.355,compaction_begin,3,0
53.507,compaction_end,3,43179900
53.517,compaction_begin,3,0
53.666,compaction_end,3,41955152
53.676,compaction_begin,3,0
53.713,compaction_end,3,9457379
53.722,compaction_begin,3,0
53.883,compaction_end,3,43655656
53.893,compaction_begin,3,0
54.046,compaction_end,3,43367082
54.055,compaction_begin,3,0
54.209,compaction_end,3,42992653
54.218,compaction_begin,3,0
54.372,compaction_end,3,43367083
54.382,compaction_begin,3,0
54.546,compaction_end,3,45917433
54.555,compaction_begin,3,0
54.707,compaction_end,3,43367083
54.717,compaction_begin,3,0
54.789,flush_begin,0,0
54.799,flush_end,0,2744360
54.888,compaction_end,3,42992650
54.896,compaction_begin,2,0
55.186,compaction_end,2,3042659
55.203,compaction_begin,3,0
55.394,compaction_end,3,42992650
55.404,compaction_begin,3,0
55.555,compaction_end,3,42992652
55.565,compaction_begin,3,0
55.720,compaction_end,3,42992652
55.732,compaction_begin,3,0
55.913,compaction_end,3,45679538
55.923,compaction_begin,3,0
56.085,compaction_end,3,43367081
56.095,compaction_begin,3,0
56.254,compaction_end,3,43367079
56.263,compaction_begin,3,0
56.432,compaction_end,3,44930718
56.442,compaction_begin,3,0
56.599,compaction_end,3,42243695
56.609,compaction_begin,3,0
56.776,compaction_end,3,44030064
56.786,compaction_begin,3,0
56.945,compaction_end,3,43367077
56.953,compaction_begin,3,0
57.112,compaction_end,3,42380275
57.122,compaction_begin,3,0
57.285,compaction_end,3,43367082
57.294,compaction_begin,3,0
57.461,compaction_end,3,44217247
57.471,compaction_begin,3,0
57.629,compaction_end,3,42992653
57.639,compaction_begin,3,0
57.796,compaction_end,3,42992650
57.804,compaction_begin,3,0
57.970,compaction_end,3,44455090
57.980,compaction_begin,3,0
58.136,compaction_end,3,43367078
58.145,compaction_begin,3,0
58.303,compaction_end,3,42992651
58.313,compaction_begin,3,0
58.482,compaction_end,3,45542957
58.492,compaction_begin,3,0
58.650,compaction_end,3,43367081
58.659,compaction_begin,3,0
58.818,compaction_end,3,43367080
58.828,compaction_begin,3,0
58.984,compaction_end,3,42618171
58.994,compaction_begin,3,0
59.161,compaction_end,3,43893495
59.171,compaction_begin,3,0
59.331,compaction_end,3,43367079
59.341,compaction_begin,3,0
59.509,compaction_end,3,44404453
59.518,compaction_begin,3,0
59.678,compaction_end,3,43367078
59.688,compaction_begin,3,0
59.847,compaction_end,3,43367077
59.857,compaction_begin,3,0
60.015,compaction_end,3,43367077
60.024,compaction_begin,3,0
60.183,compaction_end,3,43367083
60.192,compaction_begin,3,0
60.232,flush_begin,0,0
60.242,flush_end,0,2744992
60.370,compaction_end,3,43367081
60.379,compaction_begin,2,0
60.664,compaction_end,2,3053733
60.678,compaction_begin,3,0
60.867,compaction_end,3,42992650
60.877,compaction_begin,3,0
61.036,compaction_end,3,43367082
61.045,compaction_begin,3,0
61.216,compaction_end,3,45305109
61.226,compaction_begin,3,0
61.383,compaction_end,3,42992652
61.392,compaction_begin,3,0
61.556,compaction_end,3,43367078
61.566,compaction_begin,3,0
61.737,compaction_end,3,44030061
61.747,compaction_begin,3,0
61.908,compaction_end,3,43367079
61.917,compaction_begin,3,0
62.077,compaction_end,3,44217249
62.087,compaction_begin,3,0
62.250,compaction_end,3,44455092
62.260,compaction_begin,3,0
62.421,compaction_end,3,43842862
62.431,compaction_begin,3,0
62.584,compaction_end,3,43367077
62.594,compaction_begin,3,0
62.747,compaction_end,3,43367079
62.757,compaction_begin,3,0
62.909,compaction_end,3,42243695
62.918,compaction_begin,3,0
63.072,compaction_end,3,43367081
63.082,compaction_begin,3,0
63.236,compaction_end,3,43367079
63.246,compaction_begin,3,0
63.400,compaction_end,3,43367083
63.410,compaction_begin,3,0
63.563,compaction_end,3,43367082
63.572,compaction_begin,3,0
63.731,compaction_end,3,43367079
63.740,compaction_begin,3,0
63.895,compaction_end,3,43367078
63.904,compaction_begin,3,0
64.057,compaction_end,3,43367079
64.067,compaction_begin,3,0
64.224,compaction_end,3,43367080
64.232,compaction_begin,3,0
64.391,compaction_end,3,43893496
64.401,compaction_begin,3,0
64.554,compaction_end,3,43367083
64.563,compaction_begin,3,0
64.713,compaction_end,3,42618171
64.722,compaction_begin,3,0
64.882,compaction_end,3,44930719
64.892,compaction_begin,3,0
65.047,compaction_end,3,42992655
65.057,compaction_begin,3,0
65.208,compaction_end,3,42992653
65.218,compaction_begin,3,0
65.383,compaction_end,3,45168562
65.393,compaction_begin,3,0
65.547,compaction_end,3,42992650
65.556,compaction_begin,3,0
65.681,flush_begin,0,0
65.690,flush_end,0,2744376
65.741,compaction_end,3,45917434
65.751,compaction_begin,2,0
66.043,compaction_end,2,3072356
66.058,compaction_begin,3,0
66.259,compaction_end,3,44930721
66.269,compaction_begin,3,0
66.420,compaction_end,3,42992652
66.429,compaction_begin,3,0
66.579,compaction_end,3,43367079
66.589,compaction_begin,3,0
66.745,compaction_end,3,43367077
66.754,compaction_begin,3,0
66.910,compaction_end,3,43367082
66.919,compaction_begin,3,0
67.075,compaction_end,3,43367080
67.084,compaction_begin,3,0
67.239,compaction_end,3,43367078
67.249,compaction_begin,3,0
67.405,compaction_end,3,43367077
67.414,compaction_begin,3,0
67.570,compaction_end,3,43367077
67.580,compaction_begin,3,0
67.734,compaction_end,3,43367077
67.743,compaction_begin,3,0
67.896,compaction_end,3,43367078
67.905,compaction_begin,3,0
68.060,compaction_end,3,43367079
68.069,compaction_begin,3,0
68.221,compaction_end,3,42243695
68.231,compaction_begin,3,0
68.386,compaction_end,3,43367079
68.395,compaction_begin,3,0
68.558,compaction_end,3,43468469
68.567,compaction_begin,3,0
68.728,compaction_end,3,43807604
68.741,compaction_begin,3,0
68.896,compaction_end,3,43367083
68.905,compaction_begin,3,0
69.058,compaction_end,3,43367080
69.068,compaction_begin,3,0
69.223,compaction_end,3,42618171
69.232,compaction_begin,3,0
69.392,compaction_end,3,43893498
69.402,compaction_begin,3,0
69.557,compaction_end,3,43367079
69.567,compaction_begin,3,0
69.728,compaction_end,3,45168564
69.738,compaction_begin,3,0
69.889,compaction_end,3,42992650
69.899,compaction_begin,3,0
70.062,compaction_end,3,44404454
70.070,compaction_begin,3,0
70.226,compaction_end,3,43367082
70.235,compaction_begin,3,0
70.393,compaction_end,3,43367079
70.402,compaction_begin,3,0
70.554,compaction_end,3,43367081
70.564,compaction_begin,3,0
70.716,compaction_end,3,41955159
70.726,compaction_begin,3,0
70.878,compaction_end,3,42380275
70.888,compaction_begin,3,0
71.041,compaction_end,3,43367078
71.051,compaction_begin,3,0
71.166,flush_begin,0,0
71.175,flush_end,0,2744623
71.221,compaction_end,3,43367081
71.231,compaction_begin,2,0
71.518,compaction_end,2,3134275
71.534,compaction_begin,3,0
71.728,compaction_end,3,43367081
71.737,compaction_begin,3,0
71.886,compaction_end,3,43367079
71.896,compaction_begin,3,0
72.055,compaction_end,3,44556331
72.065,compaction_begin,3,0
72.219,compaction_end,3,43367082
72.227,compaction_begin,3,0
72.377,compaction_end,3,43367077
72.387,compaction_begin,3,0
72.535,compaction_end,3,40902200
72.544,compaction_begin,3,0
72.699,compaction_end,3,43367078
72.709,compaction_begin,3,0
72.867,compaction_end,3,43367084
72.876,compaction_begin,3,0
73.031,compaction_end,3,42618171
73.039,compaction_begin,3,0
73.193,compaction_end,3,42992650
73.202,compaction_begin,3,0
73.355,compaction_end,3,43367083
73.364,compaction_begin,3,0
73.519,compaction_end,3,43367077
73.529,compaction_begin,3,0
73.685,compaction_end,3,43367085
73.694,compaction_begin,3,0
73.848,compaction_end,3,43367083
73.858,compaction_begin,3,0
74.012,compaction_end,3,43367078
74.021,compaction_begin,3,0
74.182,compaction_end,3,44404456
74.192,compaction_begin,3,0
74.352,compaction_end,3,43893495
74.362,compaction_begin,3,0
74.515,compaction_end,3,43367078
74.524,compaction_begin,3,0
74.687,compaction_end,3,45168563
74.697,compaction_begin,3,0
74.853,compaction_end,3,43367080
74.863,compaction_begin,3,0
75.018,compaction_end,3,42992650
75.027,compaction_begin,3,0
75.180,compaction_end,3,43367079
75.189,compaction_begin,3,0
75.343,compaction_end,3,43367079
75.352,compaction_begin,3,0
75.519,compaction_end,3,45917429
75.528,compaction_begin,3,0
75.692,compaction_end,3,43367079
75.701,compaction_begin,3,0
75.855,compaction_end,3,43367079
75.865,compaction_begin,3,0
76.018,compaction_end,3,42992648
76.028,compaction_begin,3,0
76.180,compaction_end,3,43367082
76.189,compaction_begin,3,0
76.350,compaction_end,3,44217247
76.359,compaction_begin,3,0
76.523,compaction_end,3,44642299
76.532,compaction_begin,3,0
76.672,flush_begin,0,0
76.682,flush_end,0,2744368
76.715,compaction_end,3,44981354
76.724,compaction_begin,2,0
77.015,compaction_end,2,3157867
77.027,compaction_begin,3,0
77.209,compaction_end,3,43367081
77.218,compaction_begin,3,0
77.371,compaction_end,3,43367079
77.381,compaction_begin,3,0
77.535,compaction_end,3,43367077
77.544,compaction_begin,3,0
77.698,compaction_end,3,43367078
77.707,compaction_begin,3,0
77.864,compaction_end,3,43367079
77.873,compaction_begin,3,0
78.026,compaction_end,3,43367082
78.035,compaction_begin,3,0
78.185,compaction_end,3,42992648
78.195,compaction_begin,3,0
78.349,compaction_end,3,43367079
78.358,compaction_begin,3,0
78.514,compaction_end,3,43367079
78.523,compaction_begin,3,0
78.678,compaction_end,3,42992650
78.687,compaction_begin,3,0
78.843,compaction_end,3,43367080
78.852,compaction_begin,3,0
79.007,compaction_end,3,43367084
79.017,compaction_begin,3,0
79.175,compaction_end,3,43367079
79.184,compaction_begin,3,0
79.337,compaction_end,3,43367077
79.347,compaction_begin,3,0
79.503,compaction_end,3,43367077
79.512,compaction_begin,3,0
79.672,compaction_end,3,44217251
79.682,compaction_begin,3,0
79.838,compaction_end,3,42754753
79.847,compaction_begin,3,0
80.001,compaction_end,3,43367078
80.011,compaction_begin,3,0
80.169,compaction_end,3,44267906
80.179,compaction_begin,3,0
80.334,compaction_end,3,43367082
80.343,compaction_begin,3,0
80.496,compaction_end,3,43367078
80.505,compaction_begin,3,0
80.664,compaction_end,3,43433217
80.673,compaction_begin,3,0
80.828,compaction_end,3,43367081
80.836,compaction_begin,3,0
80.992,compaction_end,3,43367080
81.001,compaction_begin,3,0
81.157,compaction_end,3,42618171
81.166,compaction_begin,3,0
81.317,compaction_end,3,43367078
81.326,compaction_begin,3,0
81.487,compaction_end,3,43433217
81.495,compaction_begin,3,0
81.649,compaction_end,3,43367081
81.658,compaction_begin,3,0
81.812,compaction_end,3,43367080
81.821,compaction_begin,3,0
81.973,compaction_end,3,43367083
81.983,compaction_begin,3,0
82.109,flush_begin,0,0
82.119,flush_end,0,2744913
82.158,compaction_end,3,43367080
82.167,compaction_begin,2,0
82.458,compaction_end,2,3127630
82.474,compaction_begin,3,0
82.678,compaction_end,3,43367081
82.687,compaction_begin,3,0
82.842,compaction_end,3,43367078
82.851,compaction_begin,3,0
83.003,compaction_end,3,43367079
83.012,compaction_begin,3,0
83.170,compaction_end,3,43367079
83.180,compaction_begin,3,0
83.337,compaction_end,3,43367084
83.346,compaction_begin,3,0
83.504,compaction_end,3,43367077
83.513,compaction_begin,3,0
83.670,compaction_end,3,43367080
83.679,compaction_begin,3,0
83.838,compaction_end,3,43367082
83.847,compaction_begin,3,0
84.003,compaction_end,3,43367080
84.012,compaction_begin,3,0
84.169,compaction_end,3,43367079
84.178,compaction_begin,3,0
84.332,compaction_end,3,43367078
84.341,compaction_begin,3,0
84.493,compaction_end,3,42618171
84.502,compaction_begin,3,0
84.659,compaction_end,3,43367077
84.668,compaction_begin,3,0
84.823,compaction_end,3,43367083
84.832,compaction_begin,3,0
84.986,compaction_end,3,43367081
84.996,compaction_begin,3,0
85.149,compaction_end,3,43367078
85.159,compaction_begin,3,0
85.312,compaction_end,3,43367079
85.321,compaction_begin,3,0
85.474,compaction_end,3,43367081
85.484,compaction_begin,3,0
85.640,compaction_end,3,43367085
85.649,compaction_begin,3,0
85.829,compaction_end,3,44217247
85.838,compaction_begin,3,0
85.994,compaction_end,3,43367080
86.003,compaction_begin,3,0
86.171,compaction_end,3,44981360
86.180,compaction_begin,3,0
86.336,compaction_end,3,43367079
86.345,compaction_begin,3,0
86.503,compaction_end,3,42992651
86.512,compaction_begin,3,0
86.668,compaction_end,3,42992648
86.677,compaction_begin,3,0
86.831,compaction_end,3,42380275
86.840,compaction_begin,3,0
86.996,compaction_end,3,42618172
87.005,compaction_begin,3,0
87.161,compaction_end,3,43367078
87.170,compaction_begin,3,0
87.326,compaction_end,3,43367082
87.335,compaction_begin,3,0
87.491,compaction_end,3,43367079
87.500,compaction_begin,3,0
87.576,flush_begin,0,0
87.588,flush_end,0,2744643
87.674,compaction_end,3,43367082
87.683,compaction_begin,2,0
87.969,compaction_end,2,3208740
87.983,compaction_begin,3,0
88.173,compaction_end,3,43367081
88.183,compaction_begin,3,0
88.336,compaction_end,3,43367077
88.346,compaction_begin,3,0
88.499,compaction_end,3,43367079
88.509,compaction_begin,3,0
88.664,compaction_end,3,43367078
88.673,compaction_begin,3,0
88.824,compaction_end,3,43367082
88.834,compaction_begin,3,0
88.988,compaction_end,3,43367078
88.997,compaction_begin,3,0
89.155,compaction_end,3,43367080
89.164,compaction_begin,3,0
89.322,compaction_end,3,43367078
89.331,compaction_begin,3,0
89.490,compaction_end,3,42992650
89.499,compaction_begin,3,0
89.666,compaction_end,3,43367079
89.675,compaction_begin,3,0
89.830,compaction_end,3,43367080
89.839,compaction_begin,3,0
89.990,compaction_end,3,42380275
90.000,compaction_begin,3,0
90.160,compaction_end,3,43367079
90.169,compaction_begin,3,0
90.325,compaction_end,3,43367080
90.334,compaction_begin,3,0
90.489,compaction_end,3,43367081
90.499,compaction_begin,3,0
90.661,compaction_end,3,43893494
90.670,compaction_begin,3,0
90.830,compaction_end,3,43367084
90.839,compaction_begin,3,0
90.995,compaction_end,3,43367080
91.004,compaction_begin,3,0
91.160,compaction_end,3,43367081
91.169,compaction_begin,3,0
91.321,compaction_end,3,43367080
91.331,compaction_begin,3,0
91.484,compaction_end,3,42618171
91.493,compaction_begin,3,0
91.648,compaction_end,3,43367080
91.657,compaction_begin,3,0
91.812,compaction_end,3,43367083
91.821,compaction_begin,3,0
91.975,compaction_end,3,43367081
91.985,compaction_begin,3,0
92.142,compaction_end,3,43367077
92.151,compaction_begin,3,0
92.319,compaction_end,3,43367083
92.328,compaction_begin,3,0
92.483,compaction_end,3,42992650
92.492,compaction_begin,3,0
92.657,compaction_end,3,44404454
92.666,compaction_begin,3,0
92.819,compaction_end,3,43367085
92.828,compaction_begin,3,0
92.979,compaction_end,3,42157762
92.989,compaction_begin,3,0
92.998,flush_begin,0,0
93.009,flush_end,0,2744715
93.163,compaction_end,3,43367078
93.172,compaction_begin,2,0
93.455,compaction_end,2,3241501
93.466,compaction_begin,3,0
93.657,compaction_end,3,43367081
93.666,compaction_begin,3,0
93.816,compaction_end,3,43367079
93.825,compaction_begin,3,0
93.977,compaction_end,3,43367078
93.986,compaction_begin,3,0
94.139,compaction_end,3,43367080
94.148,compaction_begin,3,0
94.304,compaction_end,3,43367078
94.313,compaction_begin,3,0
94.467,compaction_end,3,43367077
94.476,compaction_begin,3,0
94.629,compaction_end,3,43367079
94.639,compaction_begin,3,0
94.791,compaction_end,3,43367079
94.801,compaction_begin,3,0
94.964,compaction_end,3,44404455
94.972,compaction_begin,3,0
95.124,compaction_end,3,42754753
95.133,compaction_begin,3,0
95.286,compaction_end,3,43367082
95.295,compaction_begin,3,0
95.445,compaction_end,3,42380275
95.454,compaction_begin,3,0
95.618,compaction_end,3,43893495
95.627,compaction_begin,3,0
95.789,compaction_end,3,43367083
95.798,compaction_begin,3,0
95.952,compaction_end,3,43367085
95.961,compaction_begin,3,0
96.116,compaction_end,3,43367080
96.126,compaction_begin,3,0
96.281,compaction_end,3,42618171
96.290,compaction_begin,3,0
96.447,compaction_end,3,42243694
96.455,compaction_begin,3,0
96.617,compaction_end,3,43367084
96.626,compaction_begin,3,0
96.791,compaction_end,3,43468468
96.800,compaction_begin,3,0
96.956,compaction_end,3,43367081
96.965,compaction_begin,3,0
97.123,compaction_end,3,43367083
97.132,compaction_begin,3,0
97.287,compaction_end,3,43367078
97.296,compaction_begin,3,0
97.454,compaction_end,3,43367080
97.463,compaction_begin,3,0
97.621,compaction_end,3,43367081
97.630,compaction_begin,3,0
97.791,compaction_end,3,44708261
97.800,compaction_begin,3,0
97.967,compaction_end,3,45254453
97.976,compaction_begin,3,0
98.133,compaction_end,3,43367080
98.142,compaction_begin,3,0
98.297,compaction_end,3,43367079
98.306,compaction_begin,3,0
98.468,compaction_end,3,42992648
98.477,flush_begin,0,0
98.487,flush_end,0,2744309
98.496,compaction_begin,2,0
98.787,compaction_end,2,3206608
98.803,compaction_begin,3,0
98.998,compaction_end,3,43367081
99.007,compaction_begin,3,0
99.158,compaction_end,3,43367079
99.167,compaction_begin,3,0
99.319,compaction_end,3,43367082
99.328,compaction_begin,3,0
99.483,compaction_end,3,43367078
99.492,compaction_begin,3,0
99.661,compaction_end,3,43367079
99.670,compaction_begin,3,0
99.836,compaction_end,3,43367080
99.845,compaction_begin,3,0
100.003,compaction_end,3,43367079
100.012,compaction_begin,3,0
100.172,compaction_end,3,43367078
100.181,compaction_begin,3,0
100.340,compaction_end,3,43367081
100.349,compaction_begin,3,0
100.523,compaction_end,3,46054017
100.533,compaction_begin,3,0
100.692,compaction_end,3,43367081
100.701,compaction_begin,3,0
100.859,compaction_end,3,43367078
100.867,compaction_begin,3,0
101.023,compaction_end,3,43367079
101.033,compaction_begin,3,0
101.187,compaction_end,3,42992651
101.197,compaction_begin,3,0
101.355,compaction_end,3,43367079
101.364,compaction_begin,3,0
101.518,compaction_end,3,43367083
101.528,compaction_begin,3,0
101.687,compaction_end,3,43367082
101.696,compaction_begin,3,0
101.852,compaction_end,3,43367080
101.861,compaction_begin,3,0
102.016,compaction_end,3,42992648
102.025,compaction_begin,3,0
102.180,compaction_end,3,43367081
102.189,compaction_begin,3,0
102.344,compaction_end,3,43367077
102.353,compaction_begin,3,0
102.526,compaction_end,3,44404451
102.535,compaction_begin,3,0
102.700,compaction_end,3,43367080
102.709,compaction_begin,3,0
102.875,compaction_end,3,43367084
102.884,compaction_begin,3,0
103.039,compaction_end,3,42754753
103.048,compaction_begin,3,0
103.208,compaction_end,3,43367081
103.217,compaction_begin,3,0
103.382,compaction_end,3,43367079
103.391,compaction_begin,3,0
103.556,compaction_end,3,43367083
103.566,compaction_begin,3,0
103.724,compaction_end,3,43367078
103.733,compaction_begin,3,0
103.886,compaction_end,3,42618171
103.895,compaction_begin,3,0
103.930,flush_begin,0,0
103.940,flush_end,0,2744646
104.070,compaction_end,3,42992650
104.079,compaction_begin,2,0
104.375,compaction_end,2,3162224
104.391,compaction_begin,3,0
104.581,compaction_end,3,43367081
104.590,compaction_begin,3,0
104.750,compaction_end,3,43367078
104.759,compaction_begin,3,0
104.912,compaction_end,3,43367079
104.921,compaction_begin,3,0
105.080,compaction_end,3,43367082
105.090,compaction_begin,3,0
105.249,compaction_end,3,43367078
105.258,compaction_begin,3,0
105.415,compaction_end,3,42618171
105.424,compaction_begin,3,0
105.594,compaction_end,3,46054013
105.603,compaction_begin,3,0
105.761,compaction_end,3,43367083
105.770,compaction_begin,3,0
105.926,compaction_end,3,43367083
105.935,compaction_begin,3,0
106.086,compaction_end,3,42992650
106.095,compaction_begin,3,0
106.249,compaction_end,3,42243694
106.258,compaction_begin,3,0
106.414,compaction_end,3,43367078
106.423,compaction_begin,3,0
106.577,compaction_end,3,42992648
106.585,compaction_begin,3,0
106.741,compaction_end,3,43367078
106.750,compaction_begin,3,0
106.911,compaction_end,3,43433213
106.921,compaction_begin,3,0
107.077,compaction_end,3,43367079
107.086,compaction_begin,3,0
107.241,compaction_end,3,43367080
107.250,compaction_begin,3,0
107.406,compaction_end,3,43367082
107.416,compaction_begin,3,0
107.573,compaction_end,3,43367077
107.582,compaction_begin,3,0
107.745,compaction_end,3,44404456
107.754,compaction_begin,3,0
107.908,compaction_end,3,43367079
107.917,compaction_begin,3,0
108.074,compaction_end,3,43367078
108.083,compaction_begin,3,0
108.236,compaction_end,3,43367079
108.246,compaction_begin,3,0
108.403,compaction_end,3,43367083
108.412,compaction_begin,3,0
108.567,compaction_end,3,43367078
108.576,compaction_begin,3,0
108.744,compaction_end,3,45254456
108.752,compaction_begin,3,0
108.909,compaction_end,3,43367080
108.918,compaction_begin,3,0
109.076,compaction_end,3,43367079
109.085,compaction_begin,3,0
109.250,compaction_end,3,43367078
109.259,compaction_begin,3,0
109.415,compaction_end,3,43367082
109.424,flush_begin,0,0
109.434,flush_end,0,2744803
109.443,compaction_begin,2,0
109.732,compaction_end,2,3204351
109.745,compaction_begin,3,0
109.934,compaction_end,3,43367079
109.943,compaction_begin,3,0
110.126,compaction_end,3,43367081
110.136,compaction_begin,3,0
110.312,compaction_end,3,43367076
110.320,compaction_begin,3,0
110.487,compaction_end,3,43367078
110.497,compaction_begin,3,0
110.676,compaction_end,3,44404453
110.684,compaction_begin,3,0
110.846,compaction_end,3,43367081
110.855,compaction_begin,3,0
111.026,compaction_end,3,46054016
111.034,compaction_begin,3,0
111.195,compaction_end,3,43367079
111.205,compaction_begin,3,0
111.362,compaction_end,3,43367081
111.371,compaction_begin,3,0
111.527,compaction_end,3,43367083
111.536,compaction_begin,3,0
111.699,compaction_end,3,44030064
111.708,compaction_begin,3,0
111.860,compaction_end,3,43367078
111.869,compaction_begin,3,0
112.025,compaction_end,3,43367080
112.034,compaction_begin,3,0
112.189,compaction_end,3,43367077
112.198,compaction_begin,3,0
112.350,compaction_end,3,43367083
112.359,compaction_begin,3,0
112.517,compaction_end,3,42992650
112.526,compaction_begin,3,0
112.681,compaction_end,3,43367078
112.690,compaction_begin,3,0
112.846,compaction_end,3,43367079
112.856,compaction_begin,3,0
113.014,compaction_end,3,43433216
113.023,compaction_begin,3,0
113.188,compaction_end,3,45254452
113.197,compaction_begin,3,0
113.349,compaction_end,3,43367078
113.358,compaction_begin,3,0
113.510,compaction_end,3,42992648
113.519,compaction_begin,3,0
113.675,compaction_end,3,43367078
113.684,compaction_begin,3,0
113.836,compaction_end,3,43367078
113.845,compaction_begin,3,0
113.996,compaction_end,3,43367081
114.005,compaction_begin,3,0
114.158,compaction_end,3,42754753
114.167,compaction_begin,3,0
114.321,compaction_end,3,43367078
114.330,compaction_begin,3,0
114.487,compaction_end,3,43367080
114.496,compaction_begin,3,0
114.659,compaction_end,3,44267911
114.668,compaction_begin,3,0
114.827,compaction_end,3,43367082
114.836,compaction_begin,3,0
114.890,flush_begin,0,0
114.900,flush_end,0,2744517
115.009,compaction_end,3,42481599
115.018,compaction_begin,2,0
115.316,compaction_end,2,3193664
115.331,compaction_begin,3,0
115.523,compaction_end,3,43367080
115.532,compaction_begin,3,0
115.687,compaction_end,3,43367082
115.696,compaction_begin,3,0
115.883,compaction_end,3,46054015
115.892,compaction_begin,3,0
116.051,compaction_end,3,43367082
116.060,compaction_begin,3,0
116.215,compaction_end,3,43367078
116.224,compaction_begin,3,0
116.377,compaction_end,3,43367077
116.385,compaction_begin,3,0
116.550,compaction_end,3,45254453
116.560,compaction_begin,3,0
116.719,compaction_end,3,43367085
116.728,compaction_begin,3,0
116.879,compaction_end,3,42481597
116.888,compaction_begin,3,0
117.053,compaction_end,3,43367077
117.062,compaction_begin,3,0
117.220,compaction_end,3,43367079
117.229,compaction_begin,3,0
117.385,compaction_end,3,43367081
117.394,compaction_begin,3,0
117.555,compaction_end,3,42754754
117.563,compaction_begin,3,0
117.717,compaction_end,3,43367079
117.727,compaction_begin,3,0
117.882,compaction_end,3,43367083
117.891,compaction_begin,3,0
118.047,compaction_end,3,43367079
118.056,compaction_begin,3,0
118.214,compaction_end,3,43367077
118.223,compaction_begin,3,0
118.381,compaction_end,3,42992650
118.391,compaction_begin,3,0
118.545,compaction_end,3,42992651
118.554,compaction_begin,3,0
118.718,compaction_end,3,44981359
118.727,compaction_begin,3,0
118.889,compaction_end,3,44030065
118.898,compaction_begin,3,0
119.055,compaction_end,3,43367084
119.064,compaction_begin,3,0
119.223,compaction_end,3,43367078
119.232,compaction_begin,3,0
119.386,compaction_end,3,43367083
119.395,compaction_begin,3,0
119.550,compaction_end,3,43367078
119.559,compaction_begin,3,0
119.725,compaction_end,3,44404452
119.734,compaction_begin,3,0
119.884,compaction_end,3,43367078
119.894,compaction_begin,3,0
119.934,compaction_end,3,10545245
119.944,compaction_begin,3,0
120.097,compaction_end,3,43367078
120.106,compaction_begin,3,0
120.261,compaction_end,3,43367081
120.270,compaction_begin,3,0
120.374,flush_begin,0,0
120.384,flush_end,0,2744807
120.445,compaction_end,3,42992650
120.454,compaction_begin,2,0
120.743,compaction_end,2,3233116
120.756,compaction_begin,3,0
120.927,compaction_end,3,43367081
120.937,compaction_begin,3,0
121.092,compaction_end,3,43367078
121.101,compaction_begin,3,0
121.265,compaction_end,3,46054012
121.274,compaction_begin,3,0
121.428,compaction_end,3,43367076
121.437,compaction_begin,3,0
121.593,compaction_end,3,43367079
121.602,compaction_begin,3,0
121.757,compaction_end,3,42992648
121.766,compaction_begin,3,0
121.920,compaction_end,3,43367081
121.929,compaction_begin,3,0
122.082,compaction_end,3,43367080
122.091,compaction_begin,3,0
122.256,compaction_end,3,43367082
122.265,compaction_begin,3,0
122.433,compaction_end,3,43367081
122.442,compaction_begin,3,0
122.604,compaction_end,3,43367084
122.613,compaction_begin,3,0
122.769,compaction_end,3,43367078
122.778,compaction_begin,3,0
122.938,compaction_end,3,43367080
122.947,compaction_begin,3,0
123.095,compaction_end,3,42243694
123.104,compaction_begin,3,0
123.259,compaction_end,3,42992650
123.267,compaction_begin,3,0
123.424,compaction_end,3,43367078
123.433,compaction_begin,3,0
123.590,compaction_end,3,43367082
123.599,compaction_begin,3,0
123.753,compaction_end,3,43367077
123.762,compaction_begin,3,0
123.916,compaction_end,3,42618171
123.925,compaction_begin,3,0
124.083,compaction_end,3,43367078
124.092,compaction_begin,3,0
124.257,compaction_end,3,45254455
124.265,compaction_begin,3,0
124.428,compaction_end,3,43367082
124.438,compaction_begin,3,0
124.593,compaction_end,3,43367081
124.602,compaction_begin,3,0
124.755,compaction_end,3,42243693
124.764,compaction_begin,3,0
124.919,compaction_end,3,43367083
124.928,compaction_begin,3,0
125.083,compaction_end,3,43367081
125.092,compaction_begin,3,0
125.248,compaction_end,3,43367078
125.257,compaction_begin,3,0
125.412,compaction_end,3,43367078
125.421,compaction_begin,3,0
125.575,compaction_end,3,42754760
125.584,compaction_begin,3,0
125.738,compaction_end,3,43367082
125.747,compaction_begin,3,0
125.886,flush_begin,0,0
125.897,flush_end,0,2744908
125.921,compaction_end,3,43367080
125.929,compaction_begin,2,0
126.215,compaction_end,2,3161442
126.231,compaction_begin,3,0
126.430,compaction_end,3,46054016
126.439,compaction_begin,3,0
126.619,compaction_end,3,43367079
126.631,compaction_begin,3,0
126.820,compaction_end,3,43367078
126.828,compaction_begin,3,0
126.979,compaction_end,3,43367084
126.988,compaction_begin,3,0
127.147,compaction_end,3,43367077
127.155,compaction_begin,3,0
127.309,compaction_end,3,43367081
127.319,compaction_begin,3,0
127.475,compaction_end,3,43367081
127.483,compaction_begin,3,0
127.640,compaction_end,3,43367081
127.649,compaction_begin,3,0
127.805,compaction_end,3,43367076
127.814,compaction_begin,3,0
127.966,compaction_end,3,43367079
127.975,compaction_begin,3,0
128.129,compaction_end,3,43367084
128.138,compaction_begin,3,0
128.292,compaction_end,3,43367081
128.301,compaction_begin,3,0
128.457,compaction_end,3,43367082
128.466,compaction_begin,3,0
128.621,compaction_end,3,42243694
128.630,compaction_begin,3,0
128.780,compaction_end,3,42243698
128.789,compaction_begin,3,0
128.944,compaction_end,3,43367082
128.953,compaction_begin,3,0
129.109,compaction_end,3,43367079
129.118,compaction_begin,3,0
129.267,compaction_end,3,41955151
129.276,compaction_begin,3,0
129.443,compaction_end,3,44404453
129.452,compaction_begin,3,0
129.609,compaction_end,3,43367077
129.618,compaction_begin,3,0
129.774,compaction_end,3,43367078
129.782,compaction_begin,3,0
129.839,compaction_end,3,14881952
129.848,compaction_begin,3,0
130.007,compaction_end,3,42157762
130.015,compaction_begin,3,0
130.171,compaction_end,3,42992650
130.180,compaction_begin,3,0
130.342,compaction_end,3,43367080
130.352,compaction_begin,3,0
130.519,compaction_end,3,43367083
130.528,compaction_begin,3,0
130.689,compaction_end,3,43367078
130.698,compaction_begin,3,0
130.860,compaction_end,3,43367076
130.869,compaction_begin,3,0
131.024,compaction_end,3,43367081
131.033,compaction_begin,3,0
131.196,compaction_end,3,43367083
131.206,compaction_begin,3,0
131.350,flush_begin,0,0
131.360,flush_end,0,2744423
131.379,compaction_end,3,43367077
131.388,compaction_begin,2,0
131.681,compaction_end,2,3140403
131.692,compaction_begin,3,0
131.892,compaction_end,3,43367078
131.903,compaction_begin,3,0
132.070,compaction_end,3,46054015
132.079,compaction_begin,3,0
132.231,compaction_end,3,43367079
132.240,compaction_begin,3,0
132.395,compaction_end,3,43367076
132.404,compaction_begin,3,0
132.564,compaction_end,3,43367078
132.574,compaction_begin,3,0
132.732,compaction_end,3,43367077
132.741,compaction_begin,3,0
132.896,compaction_end,3,43367079
132.905,compaction_begin,3,0
133.061,compaction_end,3,43367078
133.070,compaction_begin,3,0
133.223,compaction_end,3,42481595
133.232,compaction_begin,3,0
133.386,compaction_end,3,43367084
133.395,compaction_begin,3,0
133.549,compaction_end,3,43367080
133.558,compaction_begin,3,0
133.712,compaction_end,3,43367078
133.721,compaction_begin,3,0
133.874,compaction_end,3,43367076
133.882,compaction_begin,3,0
134.036,compaction_end,3,43367083
134.045,compaction_begin,3,0
134.197,compaction_end,3,42754760
134.205,compaction_begin,3,0
134.360,compaction_end,3,43367079
134.370,compaction_begin,3,0
134.425,compaction_end,3,14881952
134.434,compaction_begin,3,0
134.590,compaction_end,3,43367082
134.599,compaction_begin,3,0
134.753,compaction_end,3,43367081
134.762,compaction_begin,3,0
134.916,compaction_end,3,42618171
134.926,compaction_begin,3,0
135.080,compaction_end,3,42243694
135.089,compaction_begin,3,0
135.248,compaction_end,3,43367080
135.257,compaction_begin,3,0
135.423,compaction_end,3,44708261
135.432,compaction_begin,3,0
135.587,compaction_end,3,43367081
135.596,compaction_begin,3,0
135.752,compaction_end,3,43367083
135.761,compaction_begin,3,0
135.920,compaction_end,3,43367079
135.929,compaction_begin,3,0
136.085,compaction_end,3,43367082
136.094,compaction_begin,3,0
136.252,compaction_end,3,43367081
136.261,compaction_begin,3,0
136.414,compaction_end,3,43367082
136.423,compaction_begin,3,0
136.590,compaction_end,3,46018679
136.599,compaction_begin,3,0
136.754,compaction_end,3,43367078
136.763,compaction_begin,3,0
136.795,flush_begin,0,0
136.805,flush_end,0,2744683
136.944,compaction_end,3,44404455
136.953,compaction_begin,2,0
137.245,compaction_end,2,3138092
137.259,compaction_begin,3,0
137.442,compaction_end,3,43367078
137.451,compaction_begin,3,0
137.607,compaction_end,3,43367081
137.616,compaction_begin,3,0
137.769,compaction_end,3,43367079
137.778,compaction_begin,3,0
137.936,compaction_end,3,43367076
137.944,compaction_begin,3,0
138.106,compaction_end,3,43367084
138.115,compaction_begin,3,0
138.269,compaction_end,3,43367081
138.278,compaction_begin,3,0
138.433,compaction_end,3,42481595
138.442,compaction_begin,3,0
138.601,compaction_end,3,43367077
138.610,compaction_begin,3,0
138.766,compaction_end,3,43367080
138.775,compaction_begin,3,0
138.932,compaction_end,3,43367082
138.941,compaction_begin,3,0
139.097,compaction_end,3,42618171
139.106,compaction_begin,3,0
139.270,compaction_end,3,44030062
139.279,compaction_begin,3,0
139.433,compaction_end,3,43367079
139.442,compaction_begin,3,0
139.609,compaction_end,3,46054014
139.618,compaction_begin,3,0
139.775,compaction_end,3,43367078
139.784,compaction_begin,3,0
139.940,compaction_end,3,43367081
139.949,compaction_begin,3,0
140.101,compaction_end,3,42243698
140.110,compaction_begin,3,0
140.273,compaction_end,3,45254453
140.282,compaction_begin,3,0
140.435,compaction_end,3,42992648
140.444,compaction_begin,3,0
140.596,compaction_end,3,43367076
140.605,compaction_begin,3,0
140.756,compaction_end,3,43367078
140.765,compaction_begin,3,0
140.919,compaction_end,3,43367080
140.928,compaction_begin,3,0
141.087,compaction_end,3,43519107
141.096,compaction_begin,3,0
141.251,compaction_end,3,43367079
141.260,compaction_begin,3,0
141.412,compaction_end,3,43367078
141.421,compaction_begin,3,0
141.576,compaction_end,3,43367079
141.585,compaction_begin,3,0
141.738,compaction_end,3,43367077
141.747,compaction_begin,3,0
141.901,compaction_end,3,43367081
141.910,compaction_begin,3,0
142.062,compaction_end,3,42157762
142.071,compaction_begin,3,0
142.227,compaction_end,3,43367080
142.236,flush_begin,0,0
142.248,flush_end,0,2744707
142.257,compaction_begin,2,0
142.537,compaction_end,2,3183166
142.550,compaction_begin,3,0
142.735,compaction_end,3,43367078
142.744,compaction_begin,3,0
142.897,compaction_end,3,43367079
142.907,compaction_begin,3,0
143.058,compaction_end,3,43367081
143.067,compaction_begin,3,0
143.220,compaction_end,3,43367084
143.229,compaction_begin,3,0
143.385,compaction_end,3,43367076
143.394,compaction_begin,3,0
143.548,compaction_end,3,43367080
143.556,compaction_begin,3,0
143.713,compaction_end,3,43367079
143.723,compaction_begin,3,0
143.877,compaction_end,3,43367077
143.886,compaction_begin,3,0
144.043,compaction_end,3,43367079
144.052,compaction_begin,3,0
144.205,compaction_end,3,43367080
144.214,compaction_begin,3,0
144.368,compaction_end,3,43367081
144.377,compaction_begin,3,0
144.533,compaction_end,3,43367077
144.542,compaction_begin,3,0
144.599,compaction_end,3,14881952
144.608,compaction_begin,3,0
144.770,compaction_end,3,43367083
144.778,compaction_begin,3,0
144.933,compaction_end,3,43367078
144.941,compaction_begin,3,0
145.102,compaction_end,3,43367082
145.111,compaction_begin,3,0
145.263,compaction_end,3,42481595
145.272,compaction_begin,3,0
145.430,compaction_end,3,43367081
145.439,compaction_begin,3,0
145.602,compaction_end,3,42992648
145.611,compaction_begin,3,0
145.783,compaction_end,3,43367083
145.792,compaction_begin,3,0
145.960,compaction_end,3,43367077
145.969,compaction_begin,3,0
146.126,compaction_end,3,43367078
146.135,compaction_begin,3,0
146.295,compaction_end,3,42618171
146.304,compaction_begin,3,0
146.464,compaction_end,3,43367078
146.472,compaction_begin,3,0
146.629,compaction_end,3,42992650
146.638,compaction_begin,3,0
146.795,compaction_end,3,43367082
146.804,compaction_begin,3,0
146.961,compaction_end,3,43367084
146.970,compaction_begin,3,0
147.126,compaction_end,3,43367081
147.135,compaction_begin,3,0
147.291,compaction_end,3,43367078
147.300,compaction_begin,3,0
147.452,compaction_end,3,42992650
147.461,compaction_begin,3,0
147.617,compaction_end,3,43367082
147.626,compaction_begin,3,0
147.708,flush_begin,0,0
147.718,flush_end,0,2744721
147.801,compaction_end,3,43367079
147.810,compaction_begin,2,0
148.100,compaction_end,2,3200505
148.113,compaction_begin,3,0
148.305,compaction_end,3,43367078
148.314,compaction_begin,3,0
148.465,compaction_end,3,43367079
148.474,compaction_begin,3,0
148.629,compaction_end,3,43367081
148.638,compaction_begin,3,0
148.795,compaction_end,3,43367076
148.804,compaction_begin,3,0
148.961,compaction_end,3,43367077
148.970,compaction_begin,3,0
149.129,compaction_end,3,43367082
149.138,compaction_begin,3,0
149.296,compaction_end,3,42992650
149.305,compaction_begin,3,0
149.473,compaction_end,3,46054014
149.482,compaction_begin,3,0
149.635,compaction_end,3,43367077
149.644,compaction_begin,3,0
149.798,compaction_end,3,43367078
149.807,compaction_begin,3,0
149.963,compaction_end,3,43367081
149.972,compaction_begin,3,0
150.126,compaction_end,3,42992648
150.135,compaction_begin,3,0
150.287,compaction_end,3,43367084
150.297,compaction_begin,3,0
150.455,compaction_end,3,43367083
150.464,compaction_begin,3,0
150.630,compaction_end,3,44708264
150.639,compaction_begin,3,0
150.794,compaction_end,3,42481595
150.803,compaction_begin,3,0
150.959,compaction_end,3,42618171
150.968,compaction_begin,3,0
151.122,compaction_end,3,43367084
151.131,compaction_begin,3,0
151.288,compaction_end,3,43367078
151.297,compaction_begin,3,0
151.453,compaction_end,3,43367079
151.462,compaction_begin,3,0
151.623,compaction_end,3,43367081
151.632,compaction_begin,3,0
151.789,compaction_end,3,43367080
151.798,compaction_begin,3,0
151.962,compaction_end,3,43367080
151.971,compaction_begin,3,0
152.126,compaction_end,3,43367077
152.135,compaction_begin,3,0
152.302,compaction_end,3,45254457
152.311,compaction_begin,3,0
152.468,compaction_end,3,43367083
152.477,compaction_begin,3,0
152.631,compaction_end,3,43367079
152.640,compaction_begin,3,0
152.797,compaction_end,3,43367081
152.806,compaction_begin,3,0
152.964,compaction_end,3,43367078
152.973,compaction_begin,3,0
153.128,compaction_end,3,42243694
153.138,compaction_begin,3,0
153.171,flush_begin,0,0
153.181,flush_end,0,2744782
153.312,compaction_end,3,43367079
153.322,compaction_begin,2,0
153.617,compaction_end,2,3209788
153.632,compaction_begin,3,0
153.828,compaction_end,3,43367078
153.837,compaction_begin,3,0
154.000,compaction_end,3,43367079
154.009,compaction_begin,3,0
154.167,compaction_end,3,43367081
154.176,compaction_begin,3,0
154.331,compaction_end,3,43367076
154.339,compaction_begin,3,0
154.489,compaction_end,3,43367084
154.498,compaction_begin,3,0
154.651,compaction_end,3,43367077
154.660,compaction_begin,3,0
154.816,compaction_end,3,43367079
154.825,compaction_begin,3,0
154.979,compaction_end,3,43367081
154.988,compaction_begin,3,0
155.148,compaction_end,3,43367078
155.157,compaction_begin,3,0
155.312,compaction_end,3,43367083
155.321,compaction_begin,3,0
155.484,compaction_end,3,43367078
155.493,compaction_begin,3,0
155.655,compaction_end,3,43367079
155.665,compaction_begin,3,0
155.822,compaction_end,3,43367080
155.831,compaction_begin,3,0
155.989,compaction_end,3,43367084
155.998,compaction_begin,3,0
156.156,compaction_end,3,42992650
156.165,compaction_begin,3,0
156.330,compaction_end,3,44708260
156.339,compaction_begin,3,0
156.496,compaction_end,3,43367083
156.505,compaction_begin,3,0
156.657,compaction_end,3,43367077
156.666,compaction_begin,3,0
156.820,compaction_end,3,43367080
156.829,compaction_begin,3,0
156.981,compaction_end,3,43367078
156.990,compaction_begin,3,0
157.146,compaction_end,3,42992648
157.155,compaction_begin,3,0
157.316,compaction_end,3,43367079
157.325,compaction_begin,3,0
157.488,compaction_end,3,42906743
157.498,compaction_begin,3,0
157.675,compaction_end,3,43367081
157.684,compaction_begin,3,0
157.840,compaction_end,3,43367082
157.849,compaction_begin,3,0
158.004,compaction_end,3,43367080
158.013,compaction_begin,3,0
158.168,compaction_end,3,43367081
158.177,compaction_begin,3,0
158.331,compaction_end,3,43367079
158.340,compaction_begin,3,0
158.498,compaction_end,3,43367078
158.507,compaction_begin,3,0
158.620,flush_begin,0,0
158.630,flush_end,0,2744710
158.684,compaction_end,3,43367081
158.693,compaction_begin,2,0
158.988,compaction_end,2,3288259
159.004,compaction_begin,3,0
159.200,compaction_end,3,43367078
159.210,compaction_begin,3,0
159.361,compaction_end,3,43367079
159.370,compaction_begin,3,0
159.524,compaction_end,3,43367081
159.533,compaction_begin,3,0
159.689,compaction_end,3,43367080
159.698,compaction_begin,3,0
159.853,compaction_end,3,43367083
159.862,compaction_begin,3,0
160.016,compaction_end,3,43367081
160.025,compaction_begin,3,0
160.183,compaction_end,3,43367079
160.192,compaction_begin,3,0
160.347,compaction_end,3,43367082
160.357,compaction_begin,3,0
160.516,compaction_end,3,43367080
160.525,compaction_begin,3,0
160.680,compaction_end,3,43367076
160.689,compaction_begin,3,0
160.844,compaction_end,3,43367078
160.852,compaction_begin,3,0
161.007,compaction_end,3,42992651
161.017,compaction_begin,3,0
161.172,compaction_end,3,43367078
161.181,compaction_begin,3,0
161.334,compaction_end,3,43367084
161.343,compaction_begin,3,0
161.498,compaction_end,3,43367078
161.507,compaction_begin,3,0
161.663,compaction_end,3,42992648
161.671,compaction_begin,3,0
161.825,compaction_end,3,43367078
161.834,compaction_begin,3,0
161.995,compaction_end,3,43367078
162.006,compaction_begin,3,0
162.161,compaction_end,3,43367081
162.169,compaction_begin,3,0
162.326,compaction_end,3,43519108
162.335,compaction_begin,3,0
162.486,compaction_end,3,42618171
162.495,compaction_begin,3,0
162.654,compaction_end,3,43367083
162.663,compaction_begin,3,0
162.819,compaction_end,3,43367078
162.828,compaction_begin,3,0
162.986,compaction_end,3,43367077
162.995,compaction_begin,3,0
163.160,compaction_end,3,44895445
163.170,compaction_begin,3,0
163.325,compaction_end,3,43367079
163.335,compaction_begin,3,0
163.498,compaction_end,3,44708262
163.507,compaction_begin,3,0
163.660,compaction_end,3,43367080
163.669,compaction_begin,3,0
163.821,compaction_end,3,42992650
163.830,compaction_begin,3,0
163.989,compaction_end,3,43367078
163.998,compaction_begin,3,0
164.097,flush_begin,0,0
164.107,flush_end,0,2744403
164.169,compaction_end,3,43367080
164.178,compaction_begin,2,0
164.465,compaction_end,2,3278869
164.479,compaction_begin,3,0
164.668,compaction_end,3,43367078
164.678,compaction_begin,3,0
164.829,compaction_end,3,43367079
164.843,compaction_begin,3,0
164.995,compaction_end,3,43367081
165.004,compaction_begin,3,0
165.162,compaction_end,3,43367084
165.171,compaction_begin,3,0
165.334,compaction_end,3,43367082
165.342,compaction_begin,3,0
165.501,compaction_end,3,43367077
165.510,compaction_begin,3,0
165.670,compaction_end,3,43367078
165.679,compaction_begin,3,0
165.839,compaction_end,3,43367080
165.848,compaction_begin,3,0
166.011,compaction_end,3,42992648
166.020,compaction_begin,3,0
166.172,compaction_end,3,43367080
166.181,compaction_begin,3,0
166.333,compaction_end,3,42618171
166.342,compaction_begin,3,0
166.496,compaction_end,3,42992650
166.505,compaction_begin,3,0
166.659,compaction_end,3,42906743
166.668,compaction_begin,3,0
166.824,compaction_end,3,43367079
166.833,compaction_begin,3,0
166.990,compaction_end,3,43367077
166.999,compaction_begin,3,0
167.155,compaction_end,3,43367079
167.164,compaction_begin,3,0
167.324,compaction_end,3,43519104
167.334,compaction_begin,3,0
167.492,compaction_end,3,43367082
167.502,compaction_begin,3,0
167.656,compaction_end,3,43367081
167.665,compaction_begin,3,0
167.821,compaction_end,3,43367078
167.830,compaction_begin,3,0
167.987,compaction_end,3,43367079
167.996,compaction_begin,3,0
168.148,compaction_end,3,42754760
168.157,compaction_begin,3,0
168.308,compaction_end,3,43367081
168.317,compaction_begin,3,0
168.469,compaction_end,3,43367080
168.478,compaction_begin,3,0
168.631,compaction_end,3,43367078
168.640,compaction_begin,3,0
168.793,compaction_end,3,43367080
168.802,compaction_begin,3,0
168.964,compaction_end,3,45254455
168.973,compaction_begin,3,0
169.130,compaction_end,3,43367080
169.139,compaction_begin,3,0
169.300,compaction_end,3,43367079
169.309,compaction_begin,3,0
169.468,compaction_end,3,43367081
169.476,compaction_begin,3,0
169.617,flush_begin,0,0
169.628,flush_end,0,2744476
169.654,compaction_end,3,43367079
169.664,compaction_begin,2,0
169.962,compaction_end,2,3291341
169.976,compaction_begin,3,0
170.170,compaction_end,3,43367078
170.180,compaction_begin,3,0
170.331,compaction_end,3,43367079
170.341,compaction_begin,3,0
170.494,compaction_end,3,43367081
170.503,compaction_begin,3,0
170.655,compaction_end,3,43367081
170.664,compaction_begin,3,0
170.815,compaction_end,3,43367081
170.824,compaction_begin,3,0
170.981,compaction_end,3,43367081
170.990,compaction_begin,3,0
171.142,compaction_end,3,43367081
171.152,compaction_begin,3,0
171.303,compaction_end,3,43367077
171.312,compaction_begin,3,0
171.466,compaction_end,3,43367078
171.475,compaction_begin,3,0
171.639,compaction_end,3,43519108
171.648,compaction_begin,3,0
171.803,compaction_end,3,42992648
171.812,compaction_begin,3,0
171.967,compaction_end,3,43367078
171.976,compaction_begin,3,0
172.130,compaction_end,3,43367078
172.139,compaction_begin,3,0
172.295,compaction_end,3,43367079
172.304,compaction_begin,3,0
172.462,compaction_end,3,43367078
172.471,compaction_begin,3,0
172.629,compaction_end,3,43367078
172.638,compaction_begin,3,0
172.792,compaction_end,3,43367078
172.799,compaction_begin,3,0
172.958,compaction_end,3,43367082
172.967,compaction_begin,3,0
173.125,compaction_end,3,43367079
173.133,compaction_begin,3,0
173.295,compaction_end,3,43483851
173.304,compaction_begin,3,0
173.465,compaction_end,3,43367080
173.474,compaction_begin,3,0
173.632,compaction_end,3,43367082
173.642,compaction_begin,3,0
173.800,compaction_end,3,43367079
173.809,compaction_begin,3,0
173.962,compaction_end,3,43367080
173.971,compaction_begin,3,0
174.124,compaction_end,3,43367083
174.133,compaction_begin,3,0
174.298,compaction_end,3,44708263
174.308,compaction_begin,3,0
174.462,compaction_end,3,43367079
174.471,compaction_begin,3,0
174.623,compaction_end,3,43367080
174.631,compaction_begin,3,0
174.784,compaction_end,3,43367080
174.794,compaction_begin,3,0
174.946,compaction_end,3,43367080
174.955,compaction_begin,3,0
175.106,compaction_end,3,42243694
175.115,flush_begin,0,0
175.125,flush_end,0,2744813
175.134,compaction_begin,2,0
175.423,compaction_end,2,3275390
175.436,compaction_begin,3,0
175.621,compaction_end,3,43367082
175.630,compaction_begin,3,0
175.785,compaction_end,3,43367080
175.799,compaction_begin,3,0
175.960,compaction_end,3,43367077
175.969,compaction_begin,3,0
176.123,compaction_end,3,43367083
176.132,compaction_begin,3,0
176.287,compaction_end,3,43367079
176.296,compaction_begin,3,0
176.450,compaction_end,3,43367080
176.459,compaction_begin,3,0
176.621,compaction_end,3,43519107
176.631,compaction_begin,3,0
176.811,compaction_end,3,43367081
176.821,compaction_begin,3,0
176.982,compaction_end,3,43367080
176.992,compaction_begin,3,0
177.153,compaction_end,3,43367078
177.162,compaction_begin,3,0
177.320,compaction_end,3,43367084
177.328,compaction_begin,3,0
177.486,compaction_end,3,43367081
177.496,compaction_begin,3,0
177.651,compaction_end,3,43367084
177.659,compaction_begin,3,0
177.812,compaction_end,3,43367079
177.821,compaction_begin,3,0
177.974,compaction_end,3,43367079
177.983,compaction_begin,3,0
178.134,compaction_end,3,43367079
178.144,compaction_begin,3,0
178.299,compaction_end,3,43367080
178.308,compaction_begin,3,0
178.461,compaction_end,3,42992650
178.470,compaction_begin,3,0
178.625,compaction_end,3,42992650
178.634,compaction_begin,3,0
178.785,compaction_end,3,43367079
178.795,compaction_begin,3,0
178.945,compaction_end,3,43367083
178.954,compaction_begin,3,0
179.107,compaction_end,3,43367077
179.116,compaction_begin,3,0
179.269,compaction_end,3,43367079
179.277,compaction_begin,3,0
179.438,compaction_end,3,43433215
179.448,compaction_begin,3,0
179.604,compaction_end,3,43367082
179.613,compaction_begin,3,0
179.775,compaction_end,3,43367079
179.785,compaction_begin,3,0
179.937,compaction_end,3,42992648
179.946,compaction_begin,3,0
180.098,compaction_end,3,43367082
180.107,compaction_begin,3,0
180.262,compaction_end,3,43367081
180.271,compaction_begin,3,0
180.425,compaction_end,3,43367077
180.435,compaction_begin,3,0
180.588,compaction_end,3,43367082
180.598,compaction_begin,3,0
180.622,flush_begin,0,0
180.631,flush_end,0,2744831
180.770,compaction_end,3,43367081
180.780,compaction_begin,2,0
181.067,compaction_end,2,3211431
181.079,compaction_begin,3,0
181.269,compaction_end,3,43367078
181.278,compaction_begin,3,0
181.436,compaction_end,3,43519108
181.446,compaction_begin,3,0
181.602,compaction_end,3,43367081
181.611,compaction_begin,3,0
181.766,compaction_end,3,43367081
181.774,compaction_begin,3,0
181.928,compaction_end,3,43367079
181.937,compaction_begin,3,0
182.090,compaction_end,3,43367080
182.099,compaction_begin,3,0
182.251,compaction_end,3,43367079
182.259,compaction_begin,3,0
182.412,compaction_end,3,43367080
182.421,compaction_begin,3,0
182.572,compaction_end,3,42618171
182.582,compaction_begin,3,0
182.735,compaction_end,3,43367083
182.745,compaction_begin,3,0
182.898,compaction_end,3,43367082
182.908,compaction_begin,3,0
183.061,compaction_end,3,43367080
183.070,compaction_begin,3,0
183.223,compaction_end,3,42992648
183.233,compaction_begin,3,0
183.393,compaction_end,3,43367077
183.403,compaction_begin,3,0
183.561,compaction_end,3,43367081
183.569,compaction_begin,3,0
183.723,compaction_end,3,42992651
183.732,compaction_begin,3,0
183.887,compaction_end,3,42481595
183.896,compaction_begin,3,0
184.050,compaction_end,3,43367082
184.059,compaction_begin,3,0
184.213,compaction_end,3,43367078
184.221,compaction_begin,3,0
184.373,compaction_end,3,43367083
184.383,compaction_begin,3,0
184.534,compaction_end,3,43367082
184.544,compaction_begin,3,0
184.699,compaction_end,3,43367078
184.709,compaction_begin,3,0
184.863,compaction_end,3,43367077
184.872,compaction_begin,3,0
185.024,compaction_end,3,42992650
185.034,compaction_begin,3,0
185.189,compaction_end,3,43367083
185.199,compaction_begin,3,0
185.353,compaction_end,3,43367078
185.362,compaction_begin,3,0
185.517,compaction_end,3,43367078
185.527,compaction_begin,3,0
185.683,compaction_end,3,42754760
185.693,compaction_begin,3,0
185.847,compaction_end,3,43367079
185.857,compaction_begin,3,0
186.013,compaction_end,3,43367079
186.023,compaction_begin,3,0
186.101,flush_begin,0,0
186.111,flush_end,0,2744868
186.196,compaction_end,3,43367082
186.205,compaction_begin,2,0
186.488,compaction_end,2,3159473
186.500,compaction_begin,3,0
186.674,compaction_end,3,43519104
186.684,compaction_begin,3,0
186.834,compaction_end,3,43367081
186.844,compaction_begin,3,0
186.999,compaction_end,3,43367081
187.009,compaction_begin,3,0
187.161,compaction_end,3,43367081
187.171,compaction_begin,3,0
187.326,compaction_end,3,43367080
187.335,compaction_begin,3,0
187.489,compaction_end,3,43367079
187.499,compaction_begin,3,0
187.656,compaction_end,3,43367081
187.665,compaction_begin,3,0
187.818,compaction_end,3,43367083
187.828,compaction_begin,3,0
187.983,compaction_end,3,43367078
187.992,compaction_begin,3,0
188.151,compaction_end,3,43367080
188.160,compaction_begin,3,0
188.314,compaction_end,3,42754760
188.324,compaction_begin,3,0
188.480,compaction_end,3,43367082
188.488,compaction_begin,3,0
188.649,compaction_end,3,43367078
188.659,compaction_begin,3,0
188.817,compaction_end,3,43367082
188.827,compaction_begin,3,0
188.988,compaction_end,3,42992650
188.996,compaction_begin,3,0
189.152,compaction_end,3,43367080
189.162,compaction_begin,3,0
189.317,compaction_end,3,43367078
189.327,compaction_begin,3,0
189.483,compaction_end,3,43367083
189.491,compaction_begin,3,0
189.648,compaction_end,3,42906743
189.657,compaction_begin,3,0
189.811,compaction_end,3,43367078
189.821,compaction_begin,3,0
189.974,compaction_end,3,43367077
189.984,compaction_begin,3,0
190.138,compaction_end,3,43367078
190.148,compaction_begin,3,0
190.306,compaction_end,3,43367080
190.316,compaction_begin,3,0
190.472,compaction_end,3,43367082
190.482,compaction_begin,3,0
190.580,compaction_end,3,43367081
190.589,compaction_begin,3,0
190.751,compaction_end,3,43367083
190.760,compaction_begin,3,0
190.920,compaction_end,3,43367081
190.929,compaction_begin,3,0
191.083,compaction_end,3,43367081
191.094,compaction_begin,3,0
191.258,compaction_end,3,44708263
191.267,compaction_begin,3,0
191.422,compaction_end,3,42481595
191.431,compaction_begin,3,0
191.513,flush_begin,0,0
191.523,flush_end,0,2744217
191.606,compaction_end,3,43367081
191.616,compaction_begin,2,0
191.919,compaction_end,2,3193447
191.932,compaction_begin,3,0
192.111,compaction_end,3,43367079
192.120,compaction_begin,3,0
192.272,compaction_end,3,43367080
192.281,compaction_begin,3,0
192.432,compaction_end,3,43367081
192.441,compaction_begin,3,0
192.598,compaction_end,3,43367082
192.607,compaction_begin,3,0
192.765,compaction_end,3,43519106
192.773,compaction_begin,3,0
192.927,compaction_end,3,43367079
192.937,compaction_begin,3,0
193.094,compaction_end,3,42992650
193.104,compaction_begin,3,0
193.262,compaction_end,3,43367077
193.271,compaction_begin,3,0
193.429,compaction_end,3,43367081
193.437,compaction_begin,3,0
193.601,compaction_end,3,43367081
193.610,compaction_begin,3,0
193.769,compaction_end,3,43367078
193.778,compaction_begin,3,0
193.931,compaction_end,3,43367081
193.940,compaction_begin,3,0
194.096,compaction_end,3,42618171
194.105,compaction_begin,3,0
194.261,compaction_end,3,43367083
194.270,compaction_begin,3,0
194.423,compaction_end,3,42992648
194.432,compaction_begin,3,0
194.584,compaction_end,3,43367081
194.592,compaction_begin,3,0
194.744,compaction_end,3,43367080
194.754,compaction_begin,3,0
194.909,compaction_end,3,43367083
194.918,compaction_begin,3,0
195.073,compaction_end,3,43367082
195.083,compaction_begin,3,0
195.236,compaction_end,3,43367081
195.246,compaction_begin,3,0
195.401,compaction_end,3,43367081
195.410,compaction_begin,3,0
195.562,compaction_end,3,42481595
195.572,compaction_begin,3,0
195.726,compaction_end,3,43367078
195.735,compaction_begin,3,0
195.887,compaction_end,3,43367078
195.896,compaction_begin,3,0
196.048,compaction_end,3,43367082
196.057,compaction_begin,3,0
196.210,compaction_end,3,43367078
196.219,compaction_begin,3,0
196.371,compaction_end,3,42992650
196.379,compaction_begin,3,0
196.532,compaction_end,3,43367077
196.542,compaction_begin,3,0
196.695,compaction_end,3,43367080
196.705,compaction_begin,3,0
196.857,compaction_end,3,43367080
196.866,compaction_begin,3,0
196.981,flush_begin,0,0
196.992,flush_end,0,2744553
197.042,compaction_end,3,43367079
197.050,compaction_begin,2,0
197.334,compaction_end,2,3251352
197.348,compaction_begin,3,0
197.529,compaction_end,3,43367079
197.538,compaction_begin,3,0
197.693,compaction_end,3,43367081
197.702,compaction_begin,3,0
197.854,compaction_end,3,43367081
197.863,compaction_begin,3,0
198.015,compaction_end,3,43367080
198.024,compaction_begin,3,0
198.177,compaction_end,3,43367078
198.187,compaction_begin,3,0
198.339,compaction_end,3,43367079
198.348,compaction_begin,3,0
198.502,compaction_end,3,43367081
198.511,compaction_begin,3,0
198.664,compaction_end,3,43367081
198.673,compaction_begin,3,0
198.827,compaction_end,3,43367082
198.836,compaction_begin,3,0
198.989,compaction_end,3,43367081
198.998,compaction_begin,3,0
199.155,compaction_end,3,43367078
199.164,compaction_begin,3,0
199.320,compaction_end,3,43367083
199.329,compaction_begin,3,0
199.488,compaction_end,3,43367083
199.497,compaction_begin,3,0
199.647,compaction_end,3,42992650
199.656,compaction_begin,3,0
199.806,compaction_end,3,42992650
199.815,compaction_begin,3,0
199.976,compaction_end,3,43367081
199.985,compaction_begin,3,0
200.143,compaction_end,3,43367079
200.152,compaction_begin,3,0
200.310,compaction_end,3,43367081
200.319,compaction_begin,3,0
200.478,compaction_end,3,43367078
200.487,compaction_begin,3,0
200.639,compaction_end,3,43367077
200.648,compaction_begin,3,0
200.801,compaction_end,3,43367081
200.810,compaction_begin,3,0
200.962,compaction_end,3,43367080
200.971,compaction_begin,3,0
201.129,compaction_end,3,43367082
201.138,compaction_begin,3,0
201.293,compaction_end,3,43367079
201.302,compaction_begin,3,0
201.455,compaction_end,3,42481595
201.464,compaction_begin,3,0
201.621,compaction_end,3,43367080
201.630,compaction_begin,3,0
201.786,compaction_end,3,43367078
201.795,compaction_begin,3,0
201.950,compaction_end,3,43367078
201.959,compaction_begin,3,0
202.112,compaction_end,3,43367078
202.121,compaction_begin,3,0
202.272,compaction_end,3,43367078
202.281,compaction_begin,3,0
202.387,flush_begin,0,0
202.398,flush_end,0,2744851
202.452,compaction_end,3,43367078
202.461,compaction_begin,2,0
202.753,compaction_end,2,3258317
202.773,compaction_begin,3,0
202.969,compaction_end,3,43367079
202.981,compaction_begin,3,0
203.134,compaction_end,3,43367081
203.144,compaction_begin,3,0
203.296,compaction_end,3,43367081
203.306,compaction_begin,3,0
203.462,compaction_end,3,43367080
203.472,compaction_begin,3,0
203.630,compaction_end,3,43367081
203.639,compaction_begin,3,0
203.795,compaction_end,3,43367077
203.805,compaction_begin,3,0
203.963,compaction_end,3,42992648
203.972,compaction_begin,3,0
204.135,compaction_end,3,43367082
204.145,compaction_begin,3,0
204.304,compaction_end,3,43367083
204.313,compaction_begin,3,0
204.469,compaction_end,3,43367081
204.478,compaction_begin,3,0
204.637,compaction_end,3,43367079
204.646,compaction_begin,3,0
204.805,compaction_end,3,43367078
204.815,compaction_begin,3,0
204.977,compaction_end,3,43367080
204.986,compaction_begin,3,0
205.145,compaction_end,3,43367078
205.155,compaction_begin,3,0
205.313,compaction_end,3,43367081
205.322,compaction_begin,3,0
205.481,compaction_end,3,43367079
205.491,compaction_begin,3,0
205.650,compaction_end,3,43367078
205.659,compaction_begin,3,0
205.838,compaction_end,3,43367080
205.846,compaction_begin,3,0
206.006,compaction_end,3,43367078
206.016,compaction_begin,3,0
206.177,compaction_end,3,43367082
206.186,compaction_begin,3,0
206.346,compaction_end,3,43367078
206.356,compaction_begin,3,0
206.515,compaction_end,3,43367077
206.524,compaction_begin,3,0
206.682,compaction_end,3,43367079
206.691,compaction_begin,3,0
206.848,compaction_end,3,42481595
206.857,compaction_begin,3,0
207.014,compaction_end,3,42618171
207.023,compaction_begin,3,0
207.180,compaction_end,3,43367081
207.190,compaction_begin,3,0
207.353,compaction_end,3,43367081
207.363,compaction_begin,3,0
207.522,compaction_end,3,43367080
207.531,compaction_begin,3,0
207.686,compaction_end,3,42309750
207.696,compaction_begin,3,0
207.857,flush_begin,0,0
207.868,flush_end,0,2744576
207.888,compaction_end,3,46054014
207.897,compaction_begin,2,0
208.203,compaction_end,2,3290145
208.216,compaction_begin,3,0
208.404,compaction_end,3,43367079
208.412,compaction_begin,3,0
208.566,compaction_end,3,43367081
208.577,compaction_begin,3,0
208.730,compaction_end,3,43367081
208.739,compaction_begin,3,0
208.896,compaction_end,3,43367078
208.905,compaction_begin,3,0
209.064,compaction_end,3,43367080
209.073,compaction_begin,3,0
209.230,compaction_end,3,43367077
209.240,compaction_begin,3,0
209.406,compaction_end,3,43367081
209.416,compaction_begin,3,0
209.575,compaction_end,3,43367080
209.585,compaction_begin,3,0
209.739,compaction_end,3,43367081
209.748,compaction_begin,3,0
209.901,compaction_end,3,43367078
209.910,compaction_begin,3,0
210.064,compaction_end,3,43367077
210.074,compaction_begin,3,0
210.225,compaction_end,3,43367082
210.235,compaction_begin,3,0
210.391,compaction_end,3,43367081
210.400,compaction_begin,3,0
210.557,compaction_end,3,42992648
210.568,compaction_begin,3,0
210.721,compaction_end,3,43367081
210.731,compaction_begin,3,0
210.884,compaction_end,3,43367079
210.893,compaction_begin,3,0
211.048,compaction_end,3,43367078
211.057,compaction_begin,3,0
211.214,compaction_end,3,43367080
211.223,compaction_begin,3,0
211.379,compaction_end,3,43367081
211.388,compaction_begin,3,0
211.546,compaction_end,3,43367078
211.555,compaction_begin,3,0
211.714,compaction_end,3,43367079
211.723,compaction_begin,3,0
211.875,compaction_end,3,43367078
211.884,compaction_begin,3,0
212.039,compaction_end,3,43367079
212.049,compaction_begin,3,0
212.203,compaction_end,3,43367083
212.213,compaction_begin,3,0
212.366,compaction_end,3,42157762
212.375,compaction_begin,3,0
212.537,compaction_end,3,44996740
212.547,compaction_begin,3,0
212.702,compaction_end,3,43367079
212.711,compaction_begin,3,0
212.864,compaction_end,3,42481595
212.874,compaction_begin,3,0
213.030,compaction_end,3,43367081
213.039,compaction_begin,3,0
213.196,compaction_end,3,43367080
213.205,compaction_begin,3,0
213.346,flush_begin,0,0
213.358,flush_end,0,2744491
213.380,compaction_end,3,42992650
213.388,compaction_begin,2,0
213.674,compaction_end,2,3311837
213.686,compaction_begin,3,0
213.867,compaction_end,3,43367081
213.876,compaction_begin,3,0
214.030,compaction_end,3,43367081
214.039,compaction_begin,3,0
214.193,compaction_end,3,43367081
214.203,compaction_begin,3,0
214.360,compaction_end,3,43367079
214.370,compaction_begin,3,0
214.525,compaction_end,3,43367083
214.535,compaction_begin,3,0
214.692,compaction_end,3,43367078
214.702,compaction_begin,3,0
214.859,compaction_end,3,43367080
214.868,compaction_begin,3,0
215.025,compaction_end,3,43367078
215.034,compaction_begin,3,0
215.191,compaction_end,3,43367078
215.200,compaction_begin,3,0
215.351,compaction_end,3,42754760
215.361,compaction_begin,3,0
215.516,compaction_end,3,43367082
215.525,compaction_begin,3,0
215.679,compaction_end,3,43367081
215.688,compaction_begin,3,0
215.844,compaction_end,3,42992650
215.854,compaction_begin,3,0
216.010,compaction_end,3,43367083
216.020,compaction_begin,3,0
216.172,compaction_end,3,43367083
216.181,compaction_begin,3,0
216.335,compaction_end,3,43367078
216.345,compaction_begin,3,0
216.498,compaction_end,3,43367079
216.508,compaction_begin,3,0
216.659,compaction_end,3,43367080
216.669,compaction_begin,3,0
216.820,compaction_end,3,43367081
216.830,compaction_begin,3,0
216.983,compaction_end,3,43367079
216.993,compaction_begin,3,0
217.151,compaction_end,3,43367080
217.161,compaction_begin,3,0
217.319,compaction_end,3,43367078
217.328,compaction_begin,3,0
217.494,compaction_end,3,44996738
217.504,compaction_begin,3,0
217.666,compaction_end,3,43519106
217.676,compaction_begin,3,0
217.828,compaction_end,3,43367077
217.838,compaction_begin,3,0
217.989,compaction_end,3,43367081
217.999,compaction_begin,3,0
218.151,compaction_end,3,43367081
218.161,compaction_begin,3,0
218.316,compaction_end,3,43367078
218.325,compaction_begin,3,0
218.478,compaction_end,3,43367082
218.487,compaction_begin,3,0
218.645,compaction_end,3,43109301
218.654,compaction_begin,3,0
218.807,compaction_end,3,43367078
218.816,compaction_begin,3,0
218.824,flush_begin,0,0
218.834,flush_end,0,2744453
218.988,compaction_end,3,43367080
218.998,compaction_begin,2,0
219.280,compaction_end,2,3286789
219.291,compaction_begin,3,0
219.443,compaction_end,3,43367079
219.453,compaction_begin,3,0
219.605,compaction_end,3,43367081
219.615,compaction_begin,3,0
219.770,compaction_end,3,43367081
219.780,compaction_begin,3,0
219.936,compaction_end,3,43367082
219.946,compaction_begin,3,0
220.103,compaction_end,3,43367083
220.113,compaction_begin,3,0
220.268,compaction_end,3,43367078
220.277,compaction_begin,3,0
220.429,compaction_end,3,43367083
220.438,compaction_begin,3,0
220.596,compaction_end,3,43367077
220.606,compaction_begin,3,0
220.761,compaction_end,3,43367079
220.770,compaction_begin,3,0
220.939,compaction_end,3,43367080
220.949,compaction_begin,3,0
221.109,compaction_end,3,43367080
221.119,compaction_begin,3,0
221.279,compaction_end,3,43367081
221.289,compaction_begin,3,0
221.447,compaction_end,3,43367079
221.457,compaction_begin,3,0
221.612,compaction_end,3,43367078
221.622,compaction_begin,3,0
221.779,compaction_end,3,43367078
221.789,compaction_begin,3,0
221.943,compaction_end,3,43367081
221.953,compaction_begin,3,0
222.108,compaction_end,3,42481595
222.118,compaction_begin,3,0
222.284,compaction_end,3,43367080
222.293,compaction_begin,3,0
222.457,compaction_end,3,43367078
222.466,compaction_begin,3,0
222.627,compaction_end,3,42906743
222.637,compaction_begin,3,0
222.801,compaction_end,3,43367081
222.811,compaction_begin,3,0
222.866,compaction_end,3,14881952
222.875,compaction_begin,3,0
223.033,compaction_end,3,43367077
223.043,compaction_begin,3,0
223.198,compaction_end,3,43367080
223.207,compaction_begin,3,0
223.364,compaction_end,3,43367078
223.374,compaction_begin,3,0
223.528,compaction_end,3,43367078
223.538,compaction_begin,3,0
223.689,compaction_end,3,42992650
223.699,compaction_begin,3,0
223.853,compaction_end,3,43367082
223.862,compaction_begin,3,0
224.022,compaction_end,3,42992650
224.031,compaction_begin,3,0
224.185,compaction_end,3,43367078
224.195,compaction_begin,3,0
224.263,flush_begin,0,0
224.273,flush_end,0,2744540
224.366,compaction_end,3,43367080
224.375,compaction_begin,2,0
224.668,compaction_end,2,3268840
224.686,compaction_begin,3,0
224.869,compaction_end,3,43367080
224.878,compaction_begin,3,0
225.045,compaction_end,3,43367077
225.054,compaction_begin,3,0
225.212,compaction_end,3,43367080
225.222,compaction_begin,3,0
225.378,compaction_end,3,43367084
225.387,compaction_begin,3,0
225.545,compaction_end,3,43367082
225.554,compaction_begin,3,0
225.709,compaction_end,3,43367077
225.719,compaction_begin,3,0
225.872,compaction_end,3,43367081
225.881,compaction_begin,3,0
226.033,compaction_end,3,43367077
226.042,compaction_begin,3,0
226.194,compaction_end,3,43367083
226.203,compaction_begin,3,0
226.356,compaction_end,3,43367082
226.366,compaction_begin,3,0
226.521,compaction_end,3,43367079
226.531,compaction_begin,3,0
226.683,compaction_end,3,43367079
226.693,compaction_begin,3,0
226.848,compaction_end,3,43367081
226.858,compaction_begin,3,0
227.012,compaction_end,3,43367080
227.022,compaction_begin,3,0
227.180,compaction_end,3,43519106
227.190,compaction_begin,3,0
227.343,compaction_end,3,43367083
227.353,compaction_begin,3,0
227.506,compaction_end,3,43367079
227.516,compaction_begin,3,0
227.670,compaction_end,3,43367079
227.679,compaction_begin,3,0
227.842,compaction_end,3,44708263
227.852,compaction_begin,3,0
228.005,compaction_end,3,43367083
228.015,compaction_begin,3,0
228.175,compaction_end,3,43367084
228.184,compaction_begin,3,0
228.337,compaction_end,3,43367082
228.346,compaction_begin,3,0
228.501,compaction_end,3,43367081
228.510,compaction_begin,3,0
228.665,compaction_end,3,43367081
228.674,compaction_begin,3,0
228.826,compaction_end,3,42754755
228.836,compaction_begin,3,0
228.990,compaction_end,3,43367081
229.000,compaction_begin,3,0
229.158,compaction_end,3,43367081
229.168,compaction_begin,3,0
229.326,compaction_end,3,43367079
229.336,compaction_begin,3,0
229.494,compaction_end,3,43367078
229.504,compaction_begin,3,0
229.662,compaction_end,3,43367078
229.672,compaction_begin,3,0
229.722,flush_begin,0,0
229.731,flush_end,0,2744562
229.847,compaction_end,3,43367081
229.857,compaction_begin,2,0
230.145,compaction_end,2,3272483
230.158,compaction_begin,3,0
230.342,compaction_end,3,43367079
230.352,compaction_begin,3,0
230.502,compaction_end,3,43367081
230.511,compaction_begin,3,0
230.664,compaction_end,3,43367078
230.673,compaction_begin,3,0
230.825,compaction_end,3,43367081
230.835,compaction_begin,3,0
230.989,compaction_end,3,43367078
230.999,compaction_begin,3,0
231.155,compaction_end,3,43367079
231.164,compaction_begin,3,0
231.319,compaction_end,3,43367080
231.328,compaction_begin,3,0
231.481,compaction_end,3,43367081
231.491,compaction_begin,3,0
231.646,compaction_end,3,43367080
231.656,compaction_begin,3,0
231.808,compaction_end,3,43367081
231.818,compaction_begin,3,0
231.970,compaction_end,3,43367082
231.979,compaction_begin,3,0
232.131,compaction_end,3,42992650
232.142,compaction_begin,3,0
232.296,compaction_end,3,43367081
232.305,compaction_begin,3,0
232.458,compaction_end,3,43367082
232.468,compaction_begin,3,0
232.621,compaction_end,3,43367083
232.631,compaction_begin,3,0
232.784,compaction_end,3,43367080
232.794,compaction_begin,3,0
232.947,compaction_end,3,43367077
232.955,compaction_begin,3,0
233.113,compaction_end,3,43367083
233.121,compaction_begin,3,0
233.275,compaction_end,3,43367081
233.284,compaction_begin,3,0
233.450,compaction_end,3,44996739
233.460,compaction_begin,3,0
233.620,compaction_end,3,43367081
233.629,compaction_begin,3,0
233.784,compaction_end,3,42754757
233.794,compaction_begin,3,0
233.957,compaction_end,3,44930721
233.967,compaction_begin,3,0
234.120,compaction_end,3,42481595
234.129,compaction_begin,3,0
234.287,compaction_end,3,43367080
234.297,compaction_begin,3,0
234.449,compaction_end,3,43367078
234.458,compaction_begin,3,0
234.612,compaction_end,3,43367079
234.621,compaction_begin,3,0
234.776,compaction_end,3,43367081
234.786,compaction_begin,3,0
234.937,compaction_end,3,42992650
234.947,compaction_begin,3,0
235.107,compaction_end,3,43367079
235.116,compaction_begin,3,0
235.205,flush_begin,0,0
235.216,flush_end,0,2744935
235.296,compaction_end,3,43367079
235.306,compaction_begin,2,0
235.596,compaction_end,2,3243026
235.611,compaction_begin,3,0
235.815,compaction_end,3,43367079
235.824,compaction_begin,3,0
235.979,compaction_end,3,43367081
235.988,compaction_begin,3,0
236.146,compaction_end,3,43367081
236.155,compaction_begin,3,0
236.317,compaction_end,3,43367077
236.327,compaction_begin,3,0
236.488,compaction_end,3,43367080
236.497,compaction_begin,3,0
236.657,compaction_end,3,43367080
236.666,compaction_begin,3,0
236.826,compaction_end,3,43367082
236.835,compaction_begin,3,0
236.995,compaction_end,3,43367083
237.003,compaction_begin,3,0
237.166,compaction_end,3,43367083
237.174,compaction_begin,3,0
237.333,compaction_end,3,43367078
237.343,compaction_begin,3,0
237.503,compaction_end,3,43367079
237.512,compaction_begin,3,0
237.673,compaction_end,3,43367082
237.682,compaction_begin,3,0
237.841,compaction_end,3,43367078
237.850,compaction_begin,3,0
238.008,compaction_end,3,42906743
238.017,compaction_begin,3,0
238.177,compaction_end,3,43367081
238.185,compaction_begin,3,0
238.345,compaction_end,3,43367080
238.354,compaction_begin,3,0
238.514,compaction_end,3,43367079
238.523,compaction_begin,3,0
238.683,compaction_end,3,43367078
238.692,compaction_begin,3,0
238.851,compaction_end,3,42992651
238.860,compaction_begin,3,0
239.018,compaction_end,3,43367080
239.026,compaction_begin,3,0
239.182,compaction_end,3,43367081
239.191,compaction_begin,3,0
239.350,compaction_end,3,43367078
239.359,compaction_begin,3,0
239.519,compaction_end,3,43367081
239.528,compaction_begin,3,0
239.688,compaction_end,3,43367083
239.697,compaction_begin,3,0
239.856,compaction_end,3,43367076
239.865,compaction_begin,3,0
240.025,compaction_end,3,43367083
240.034,compaction_begin,3,0
240.193,compaction_end,3,43367082
240.202,compaction_begin,3,0
240.362,compaction_end,3,43367081
240.372,compaction_begin,3,0
240.532,compaction_end,3,43367080
240.541,compaction_begin,3,0
240.670,flush_begin,0,0
240.680,flush_end,0,2744434
240.720,compaction_end,3,43367077
240.729,compaction_begin,2,0
241.025,compaction_end,2,3289000
241.039,compaction_begin,3,0
241.228,compaction_end,3,43367079
241.237,compaction_begin,3,0
241.388,compaction_end,3,43367081
241.398,compaction_begin,3,0
241.551,compaction_end,3,43367081
241.560,compaction_begin,3,0
241.717,compaction_end,3,43367083
241.726,compaction_begin,3,0
241.881,compaction_end,3,43367077
241.890,compaction_begin,3,0
242.043,compaction_end,3,43367080
242.052,compaction_begin,3,0
242.204,compaction_end,3,43367078
242.213,compaction_begin,3,0
242.368,compaction_end,3,43367077
242.377,compaction_begin,3,0
242.533,compaction_end,3,43367078
242.542,compaction_begin,3,0
242.698,compaction_end,3,43367078
242.707,compaction_begin,3,0
242.863,compaction_end,3,43367080
242.873,compaction_begin,3,0
243.027,compaction_end,3,43367082
243.036,compaction_begin,3,0
243.198,compaction_end,3,44384508
243.208,compaction_begin,3,0
243.360,compaction_end,3,43367079
243.369,compaction_begin,3,0
243.524,compaction_end,3,43367081
243.532,compaction_begin,3,0
243.683,compaction_end,3,42481595
243.692,compaction_begin,3,0
243.846,compaction_end,3,43367083
243.855,compaction_begin,3,0
244.008,compaction_end,3,43367081
244.017,compaction_begin,3,0
244.170,compaction_end,3,43367080
244.179,compaction_begin,3,0
244.331,compaction_end,3,43367083
244.340,compaction_begin,3,0
244.495,compaction_end,3,43367078
244.504,compaction_begin,3,0
244.657,compaction_end,3,43367082
244.667,compaction_begin,3,0
244.817,compaction_end,3,43367078
244.827,compaction_begin,3,0
244.981,compaction_end,3,42992648
244.991,compaction_begin,3,0
245.145,compaction_end,3,43367081
245.154,compaction_begin,3,0
245.310,compaction_end,3,43367077
245.318,compaction_begin,3,0
245.474,compaction_end,3,43367079
245.483,compaction_begin,3,0
245.639,compaction_end,3,42618171
245.648,compaction_begin,3,0
245.801,compaction_end,3,42992650
245.810,compaction_begin,3,0
245.962,compaction_end,3,43367079
245.971,compaction_begin,3,0
246.124,compaction_end,3,43367078
246.134,flush_begin,0,0
246.144,flush_end,0,2744873
246.153,compaction_begin,2,0
246.446,compaction_end,2,3226315
246.460,compaction_begin,3,0
246.656,compaction_end,3,43367079
246.666,compaction_begin,3,0
246.820,compaction_end,3,43367081
246.829,compaction_begin,3,0
246.981,compaction_end,3,43367081
246.990,compaction_begin,3,0
247.145,compaction_end,3,43367078
247.154,compaction_begin,3,0
247.309,compaction_end,3,43367082
247.318,compaction_begin,3,0
247.474,compaction_end,3,43367081
247.483,compaction_begin,3,0
247.637,compaction_end,3,42992648
247.647,compaction_begin,3,0
247.807,compaction_end,3,43367080
247.816,compaction_begin,3,0
247.985,compaction_end,3,44384504
247.994,compaction_begin,3,0
248.149,compaction_end,3,42618171
248.158,compaction_begin,3,0
248.312,compaction_end,3,43367077
248.321,compaction_begin,3,0
248.474,compaction_end,3,43367081
248.482,compaction_begin,3,0
248.635,compaction_end,3,43367083
248.644,compaction_begin,3,0
248.798,compaction_end,3,43367079
248.808,compaction_begin,3,0
248.963,compaction_end,3,43367081
248.972,compaction_begin,3,0
249.126,compaction_end,3,42481595
249.136,compaction_begin,3,0
249.296,compaction_end,3,43367077
249.304,compaction_begin,3,0
249.470,compaction_end,3,44622348
249.479,compaction_begin,3,0
249.645,compaction_end,3,43519108
249.655,compaction_begin,3,0
249.828,compaction_end,3,43367080
249.838,compaction_begin,3,0
250.011,compaction_end,3,43367078
250.019,compaction_begin,3,0
250.185,compaction_end,3,45254453
250.192,compaction_begin,3,0
250.349,compaction_end,3,43367078
250.358,compaction_begin,3,0
250.513,compaction_end,3,43367077
250.522,compaction_begin,3,0
250.674,compaction_end,3,42992650
250.683,compaction_begin,3,0
250.836,compaction_end,3,43367082
250.845,compaction_begin,3,0
250.998,compaction_end,3,42992650
251.007,compaction_begin,3,0
251.161,compaction_end,3,43367078
251.170,compaction_begin,3,0
251.324,compaction_end,3,43367082
251.332,compaction_begin,3,0
251.485,compaction_end,3,43367083
251.494,compaction_begin,3,0
251.561,flush_begin,0,0
251.571,flush_end,0,2744729
251.668,compaction_end,3,43367080
251.677,compaction_begin,2,0
251.973,compaction_end,2,3168662
251.987,compaction_begin,3,0
252.181,compaction_end,3,43367079
252.190,compaction_begin,3,0
252.343,compaction_end,3,43367081
252.352,compaction_begin,3,0
252.506,compaction_end,3,43367080
252.515,compaction_begin,3,0
252.668,compaction_end,3,43367081
252.676,compaction_begin,3,0
252.829,compaction_end,3,43367077
252.839,compaction_begin,3,0
252.993,compaction_end,3,43367081
253.002,compaction_begin,3,0
253.156,compaction_end,3,43367079
253.165,compaction_begin,3,0
253.322,compaction_end,3,43367078
253.331,compaction_begin,3,0
253.488,compaction_end,3,43367078
253.498,compaction_begin,3,0
253.670,compaction_end,3,43367083
253.679,compaction_begin,3,0
253.833,compaction_end,3,43367077
253.842,compaction_begin,3,0
254.001,compaction_end,3,43367077
254.010,compaction_begin,3,0
254.163,compaction_end,3,43367081
254.172,compaction_begin,3,0
254.327,compaction_end,3,43367082
254.336,compaction_begin,3,0
254.493,compaction_end,3,43367083
254.501,compaction_begin,3,0
254.665,compaction_end,3,43367082
254.675,compaction_begin,3,0
254.829,compaction_end,3,43367078
254.837,compaction_begin,3,0
254.989,compaction_end,3,43367080
254.999,compaction_begin,3,0
255.154,compaction_end,3,43367079
255.164,compaction_begin,3,0
255.218,compaction_end,3,14881952
255.227,compaction_begin,3,0
255.381,compaction_end,3,43367078
255.390,compaction_begin,3,0
255.547,compaction_end,3,43367080
255.556,compaction_begin,3,0
255.710,compaction_end,3,43367080
255.719,compaction_begin,3,0
255.872,compaction_end,3,43367081
255.881,compaction_begin,3,0
256.032,compaction_end,3,43367081
256.041,compaction_begin,3,0
256.197,compaction_end,3,43367076
256.206,compaction_begin,3,0
256.360,compaction_end,3,43367078
256.369,compaction_begin,3,0
256.525,compaction_end,3,43367079
256.534,compaction_begin,3,0
256.688,compaction_end,3,43367082
256.697,compaction_begin,3,0
256.859,compaction_end,3,44384510
256.867,compaction_begin,3,0
257.019,flush_begin,0,0
257.029,flush_end,0,2744967
257.044,compaction_end,3,43367079
257.052,compaction_begin,2,0
257.337,compaction_end,2,3156592
257.352,compaction_begin,3,0
257.541,compaction_end,3,43367079
257.550,compaction_begin,3,0
257.703,compaction_end,3,43367081
257.712,compaction_begin,3,0
257.865,compaction_end,3,43367081
257.874,compaction_begin,3,0
258.027,compaction_end,3,43367081
258.036,compaction_begin,3,0
258.190,compaction_end,3,43367083
258.199,compaction_begin,3,0
258.356,compaction_end,3,43367078
258.365,compaction_begin,3,0
258.519,compaction_end,3,42992648
258.528,compaction_begin,3,0
258.682,compaction_end,3,43367080
258.691,compaction_begin,3,0
258.846,compaction_end,3,43367083
258.855,compaction_begin,3,0
259.007,compaction_end,3,43367078
259.016,compaction_begin,3,0
259.171,compaction_end,3,43367078
259.180,compaction_begin,3,0
259.332,compaction_end,3,43367081
259.341,compaction_begin,3,0
259.495,compaction_end,3,43367080
259.504,compaction_begin,3,0
259.658,compaction_end,3,43367082
259.667,compaction_begin,3,0
259.825,compaction_end,3,43367081
259.833,compaction_begin,3,0
259.986,compaction_end,3,43367082
259.996,compaction_begin,3,0
260.148,compaction_end,3,43367079
260.157,compaction_begin,3,0
260.312,compaction_end,3,43367080
260.321,compaction_begin,3,0
260.474,compaction_end,3,43367077
260.483,compaction_begin,3,0
260.637,compaction_end,3,43367078
260.646,compaction_begin,3,0
260.800,compaction_end,3,43367083
260.809,compaction_begin,3,0
260.961,compaction_end,3,43367077
260.970,compaction_begin,3,0
261.125,compaction_end,3,43367079
261.134,compaction_begin,3,0
261.292,compaction_end,3,43367078
261.301,compaction_begin,3,0
261.460,compaction_end,3,43367079
261.469,compaction_begin,3,0
261.632,compaction_end,3,43367081
261.641,compaction_begin,3,0
261.794,compaction_end,3,42992650
261.803,compaction_begin,3,0
261.957,compaction_end,3,43367083
261.966,compaction_begin,3,0
262.122,compaction_end,3,43367078
262.131,compaction_begin,3,0
262.286,compaction_end,3,43367083
262.295,compaction_begin,3,0
262.450,compaction_end,3,43367077
262.459,flush_begin,0,0
262.469,flush_end,0,2744656
262.478,compaction_begin,2,0
262.772,compaction_end,2,3217471
262.784,compaction_begin,3,0
262.955,compaction_end,3,43367079
262.963,compaction_begin,3,0
263.116,compaction_end,3,43367081
263.126,compaction_begin,3,0
263.277,compaction_end,3,43367081
263.286,compaction_begin,3,0
263.441,compaction_end,3,43367080
263.450,compaction_begin,3,0
263.606,compaction_end,3,43367082
263.615,compaction_begin,3,0
263.767,compaction_end,3,43367078
263.776,compaction_begin,3,0
263.930,compaction_end,3,43367079
263.939,compaction_begin,3,0
264.093,compaction_end,3,43367078
264.102,compaction_begin,3,0
264.255,compaction_end,3,43367081
264.264,compaction_begin,3,0
264.418,compaction_end,3,43367082
264.427,compaction_begin,3,0
264.587,compaction_end,3,43499181
264.596,compaction_begin,3,0
264.750,compaction_end,3,43367081
264.759,compaction_begin,3,0
264.913,compaction_end,3,43367076
264.922,compaction_begin,3,0
265.083,compaction_end,3,43519104
265.092,compaction_begin,3,0
265.251,compaction_end,3,43367078
265.260,compaction_begin,3,0
265.417,compaction_end,3,43367083
265.426,compaction_begin,3,0
265.583,compaction_end,3,43367078
265.592,compaction_begin,3,0
265.765,compaction_end,3,43367082
265.774,compaction_begin,3,0
265.931,compaction_end,3,43367080
265.940,compaction_begin,3,0
266.096,compaction_end,3,43367081
266.105,compaction_begin,3,0
266.261,compaction_end,3,43367080
266.270,compaction_begin,3,0
266.422,compaction_end,3,42992650
266.431,compaction_begin,3,0
266.585,compaction_end,3,43367077
266.594,compaction_begin,3,0
266.749,compaction_end,3,43367079
266.757,compaction_begin,3,0
266.911,compaction_end,3,43367081
266.921,compaction_begin,3,0
267.086,compaction_end,3,43367081
267.094,compaction_begin,3,0
267.250,compaction_end,3,43367083
267.260,compaction_begin,3,0
267.411,compaction_end,3,43367077
267.420,compaction_begin,3,0
267.574,compaction_end,3,43367078
267.583,compaction_begin,3,0
267.737,compaction_end,3,43367083
267.746,compaction_begin,3,0
267.886,flush_begin,0,0
267.896,flush_end,0,2744482
267.920,compaction_end,3,43367078
267.929,compaction_begin,2,0
268.220,compaction_end,2,3211871
268.234,compaction_begin,3,0
268.430,compaction_end,3,43367079
268.439,compaction_begin,3,0
268.604,compaction_end,3,43367081
268.613,compaction_begin,3,0
268.766,compaction_end,3,43367081
268.775,compaction_begin,3,0
268.928,compaction_end,3,43367082
268.937,compaction_begin,3,0
269.093,compaction_end,3,43367083
269.102,compaction_begin,3,0
269.258,compaction_end,3,43367080
269.267,compaction_begin,3,0
269.425,compaction_end,3,43367078
269.434,compaction_begin,3,0
269.590,compaction_end,3,43367079
269.599,compaction_begin,3,0
269.755,compaction_end,3,43367080
269.764,compaction_begin,3,0
269.917,compaction_end,3,43367080
269.926,compaction_begin,3,0
270.081,compaction_end,3,43367082
270.090,compaction_begin,3,0
270.247,compaction_end,3,43367081
270.256,compaction_begin,3,0
270.407,compaction_end,3,42618171
270.416,compaction_begin,3,0
270.568,compaction_end,3,43367078
270.577,compaction_begin,3,0
270.731,compaction_end,3,43367078
270.740,compaction_begin,3,0
270.893,compaction_end,3,42992650
270.902,compaction_begin,3,0
271.056,compaction_end,3,43367082
271.065,compaction_begin,3,0
271.219,compaction_end,3,43367081
271.228,compaction_begin,3,0
271.283,compaction_end,3,14881952
271.292,compaction_begin,3,0
271.443,compaction_end,3,43367077
271.452,compaction_begin,3,0
271.603,compaction_end,3,42992650
271.612,compaction_begin,3,0
271.763,compaction_end,3,42992648
271.772,compaction_begin,3,0
271.927,compaction_end,3,43367082
271.936,compaction_begin,3,0
272.092,compaction_end,3,43367083
272.101,compaction_begin,3,0
272.255,compaction_end,3,43367081
272.264,compaction_begin,3,0
272.430,compaction_end,3,43367078
272.440,compaction_begin,3,0
272.594,compaction_end,3,43367080
272.603,compaction_begin,3,0
272.758,compaction_end,3,43367079
272.767,compaction_begin,3,0
272.923,compaction_end,3,43367078
272.932,compaction_begin,3,0
273.092,compaction_end,3,43367083
273.101,compaction_begin,3,0
273.259,compaction_end,3,43367076
273.268,compaction_begin,3,0
273.332,flush_begin,0,0
273.343,flush_end,0,2744654
273.442,compaction_end,3,43367079
273.451,compaction_begin,2,0
273.738,compaction_end,2,3284137
273.752,compaction_begin,3,0
273.942,compaction_end,3,43367079
273.951,compaction_begin,3,0
274.103,compaction_end,3,43367081
274.112,compaction_begin,3,0
274.267,compaction_end,3,43367081
274.277,compaction_begin,3,0
274.442,compaction_end,3,43367078
274.451,compaction_begin,3,0
274.604,compaction_end,3,43367082
274.613,compaction_begin,3,0
274.765,compaction_end,3,43367081
274.774,compaction_begin,3,0
274.930,compaction_end,3,43367079
274.939,compaction_begin,3,0
275.095,compaction_end,3,43367081
275.104,compaction_begin,3,0
275.261,compaction_end,3,43367080
275.270,compaction_begin,3,0
275.434,compaction_end,3,43367082
275.443,compaction_begin,3,0
275.600,compaction_end,3,43367080
275.609,compaction_begin,3,0
275.760,compaction_end,3,43367079
275.769,compaction_begin,3,0
275.925,compaction_end,3,43367080
275.934,compaction_begin,3,0
276.090,compaction_end,3,42992648
276.099,compaction_begin,3,0
276.254,compaction_end,3,43367081
276.263,compaction_begin,3,0
276.419,compaction_end,3,43367081
276.428,compaction_begin,3,0
276.584,compaction_end,3,43367082
276.593,compaction_begin,3,0
276.749,compaction_end,3,43367078
276.758,compaction_begin,3,0
276.914,compaction_end,3,43367079
276.923,compaction_begin,3,0
277.080,compaction_end,3,43367083
277.089,compaction_begin,3,0
277.246,compaction_end,3,43367078
277.255,compaction_begin,3,0
277.412,compaction_end,3,43367080
277.421,compaction_begin,3,0
277.579,compaction_end,3,43367082
277.588,compaction_begin,3,0
277.744,compaction_end,3,43367083
277.753,compaction_begin,3,0
277.906,compaction_end,3,43367081
277.915,compaction_begin,3,0
278.075,compaction_end,3,44247958
278.084,compaction_begin,3,0
278.236,compaction_end,3,43367078
278.245,compaction_begin,3,0
278.399,compaction_end,3,43367078
278.408,compaction_begin,3,0
278.562,compaction_end,3,43367077
278.570,compaction_begin,3,0
278.725,compaction_end,3,43367083
278.734,compaction_begin,3,0
278.752,flush_begin,0,0
278.762,flush_end,0,2744774
278.907,compaction_end,3,43367078
278.916,compaction_begin,2,0
279.206,compaction_end,2,3316650
279.221,compaction_begin,3,0
279.406,compaction_end,3,43367079
279.415,compaction_begin,3,0
279.569,compaction_end,3,43367081
279.578,compaction_begin,3,0
279.732,compaction_end,3,43367081
279.741,compaction_begin,3,0
279.899,compaction_end,3,43367081
279.908,compaction_begin,3,0
280.066,compaction_end,3,43367082
280.075,compaction_begin,3,0
280.233,compaction_end,3,43367077
280.243,compaction_begin,3,0
280.398,compaction_end,3,43367080
280.407,compaction_begin,3,0
280.566,compaction_end,3,43367083
280.576,compaction_begin,3,0
280.729,compaction_end,3,43367081
280.738,compaction_begin,3,0
280.894,compaction_end,3,43367081
280.903,compaction_begin,3,0
281.061,compaction_end,3,43367083
281.070,compaction_begin,3,0
281.228,compaction_end,3,43367083
281.237,compaction_begin,3,0
281.396,compaction_end,3,43367077
281.405,compaction_begin,3,0
281.563,compaction_end,3,43367078
281.572,compaction_begin,3,0
281.731,compaction_end,3,43367081
281.739,compaction_begin,3,0
281.896,compaction_end,3,43367082
281.906,compaction_begin,3,0
282.063,compaction_end,3,43367078
282.072,compaction_begin,3,0
282.229,compaction_end,3,43367078
282.238,compaction_begin,3,0
282.400,compaction_end,3,43367080
282.409,compaction_begin,3,0
282.561,compaction_end,3,43367078
282.570,compaction_begin,3,0
282.731,compaction_end,3,43499182
282.740,compaction_begin,3,0
282.896,compaction_end,3,43367081
282.905,compaction_begin,3,0
283.062,compaction_end,3,43367079
283.071,compaction_begin,3,0
283.232,compaction_end,3,43367079
283.241,compaction_begin,3,0
283.395,compaction_end,3,43367079
283.404,compaction_begin,3,0
283.560,compaction_end,3,43367080
283.569,compaction_begin,3,0
283.725,compaction_end,3,43367078
283.734,compaction_begin,3,0
283.891,compaction_end,3,43367082
283.900,compaction_begin,3,0
284.058,compaction_end,3,42992651
284.067,compaction_begin,3,0
284.108,compaction_end,3,10545245
284.117,compaction_begin,3,0
284.242,flush_begin,0,0
284.252,flush_end,0,2744440
284.292,compaction_end,3,43367079
284.301,compaction_begin,2,0
284.596,compaction_end,2,3173331
284.610,compaction_begin,3,0
284.791,compaction_end,3,43367081
284.801,compaction_begin,3,0
284.951,compaction_end,3,43367079
284.959,compaction_begin,3,0
285.113,compaction_end,3,43367081
285.123,compaction_begin,3,0
285.280,compaction_end,3,43367080
285.290,compaction_begin,3,0
285.450,compaction_end,3,43367078
285.459,compaction_begin,3,0
285.616,compaction_end,3,43367081
285.625,compaction_begin,3,0
285.779,compaction_end,3,43367078
285.788,compaction_begin,3,0
285.944,compaction_end,3,43367083
285.953,compaction_begin,3,0
286.108,compaction_end,3,43367081
286.117,compaction_begin,3,0
286.271,compaction_end,3,43367081
286.280,compaction_begin,3,0
286.435,compaction_end,3,43367079
286.444,compaction_begin,3,0
286.599,compaction_end,3,43367080
286.608,compaction_begin,3,0
286.764,compaction_end,3,43367076
286.773,compaction_begin,3,0
286.927,compaction_end,3,43367080
286.936,compaction_begin,3,0
287.094,compaction_end,3,43367077
287.103,compaction_begin,3,0
287.259,compaction_end,3,43367078
287.267,compaction_begin,3,0
287.420,compaction_end,3,43367081
287.430,compaction_begin,3,0
287.585,compaction_end,3,43367083
287.594,compaction_begin,3,0
287.747,compaction_end,3,43367081
287.755,compaction_begin,3,0
287.908,compaction_end,3,43367080
287.918,compaction_begin,3,0
288.072,compaction_end,3,43367083
288.081,compaction_begin,3,0
288.235,compaction_end,3,43367078
288.244,compaction_begin,3,0
288.396,compaction_end,3,43367077
288.405,compaction_begin,3,0
288.568,compaction_end,3,44247964
288.576,compaction_begin,3,0
288.730,compaction_end,3,43367079
288.741,compaction_begin,3,0
288.896,compaction_end,3,43367078
288.905,compaction_begin,3,0
289.061,compaction_end,3,43367081
289.070,compaction_begin,3,0
289.229,compaction_end,3,43367078
289.238,compaction_begin,3,0
289.405,compaction_end,3,43109301
289.414,compaction_begin,3,0
289.573,compaction_end,3,42992650
289.582,compaction_begin,3,0
289.667,flush_begin,0,0
289.677,flush_end,0,2744424
289.759,compaction_end,3,43367082
289.768,compaction_begin,2,0
290.058,compaction_end,2,3181686
290.072,compaction_begin,3,0
290.268,compaction_end,3,43367079
290.277,compaction_begin,3,0
290.430,compaction_end,3,43367081
290.439,compaction_begin,3,0
290.595,compaction_end,3,43367081
290.604,compaction_begin,3,0
290.761,compaction_end,3,43367081
290.770,compaction_begin,3,0
290.930,compaction_end,3,43367078
290.939,compaction_begin,3,0
291.092,compaction_end,3,43367080
291.101,compaction_begin,3,0
291.257,compaction_end,3,43367081
291.266,compaction_begin,3,0
291.422,compaction_end,3,43367083
291.431,compaction_begin,3,0
291.585,compaction_end,3,42992650
291.593,compaction_begin,3,0
291.744,compaction_end,3,43367078
291.754,compaction_begin,3,0
291.908,compaction_end,3,43367082
291.917,compaction_begin,3,0
292.071,compaction_end,3,43367082
292.080,compaction_begin,3,0
292.233,compaction_end,3,42992648
292.242,compaction_begin,3,0
292.393,compaction_end,3,43367076
292.403,compaction_begin,3,0
292.557,compaction_end,3,43367078
292.566,compaction_begin,3,0
292.718,compaction_end,3,43367079
292.728,compaction_begin,3,0
292.882,compaction_end,3,43367083
292.891,compaction_begin,3,0
293.046,compaction_end,3,43367080
293.055,compaction_begin,3,0
293.212,compaction_end,3,42992650
293.222,compaction_begin,3,0
293.380,compaction_end,3,42992651
293.390,compaction_begin,3,0
293.548,compaction_end,3,43367078
293.557,compaction_begin,3,0
293.715,compaction_end,3,43367083
293.724,compaction_begin,3,0
293.876,compaction_end,3,43367083
293.885,compaction_begin,3,0
294.039,compaction_end,3,43367079
294.048,compaction_begin,3,0
294.204,compaction_end,3,43367079
294.213,compaction_begin,3,0
294.368,compaction_end,3,43367078
294.377,compaction_begin,3,0
294.531,compaction_end,3,43367080
294.540,compaction_begin,3,0
294.695,compaction_end,3,43367077
294.704,compaction_begin,3,0
294.858,compaction_end,3,43367081
294.867,compaction_begin,3,0
295.023,compaction_end,3,43367082
295.032,compaction_begin,3,0
295.148,flush_begin,0,0
295.158,flush_end,0,2744525
295.208,compaction_end,3,43367077
295.217,compaction_begin,2,0
295.502,compaction_end,2,3242892
295.514,compaction_begin,3,0
295.706,compaction_end,3,43367079
295.715,compaction_begin,3,0
295.882,compaction_end,3,43367081
295.891,compaction_begin,3,0
296.047,compaction_end,3,43367081
296.056,compaction_begin,3,0
296.218,compaction_end,3,43367080
296.227,compaction_begin,3,0
296.378,compaction_end,3,43367081
296.387,compaction_begin,3,0
296.544,compaction_end,3,43367078
296.553,compaction_begin,3,0
296.712,compaction_end,3,43367078
296.722,compaction_begin,3,0
296.884,compaction_end,3,43367078
296.893,compaction_begin,3,0
297.053,compaction_end,3,43367080
297.062,compaction_begin,3,0
297.222,compaction_end,3,43367082
297.231,compaction_begin,3,0
297.389,compaction_end,3,43367077
297.398,compaction_begin,3,0
297.556,compaction_end,3,43367082
297.565,compaction_begin,3,0
297.727,compaction_end,3,43367081
297.736,compaction_begin,3,0
297.895,compaction_end,3,43367083
297.904,compaction_begin,3,0
298.060,compaction_end,3,43367081
298.069,compaction_begin,3,0
298.226,compaction_end,3,43367083
298.235,compaction_begin,3,0
298.390,compaction_end,3,43367078
298.399,compaction_begin,3,0
298.553,compaction_end,3,43367082
298.562,compaction_begin,3,0
298.713,compaction_end,3,43367080
298.723,compaction_begin,3,0
298.876,compaction_end,3,42992651
298.885,compaction_begin,3,0
299.038,compaction_end,3,43367079
299.049,compaction_begin,3,0
299.202,compaction_end,3,42992648
299.212,compaction_begin,3,0
299.366,compaction_end,3,43367082
299.376,compaction_begin,3,0
299.532,compaction_end,3,43367079
299.541,compaction_begin,3,0
299.697,compaction_end,3,43367080
299.706,compaction_begin,3,0
299.857,compaction_end,3,42618171
299.867,compaction_begin,3,0
300.023,compaction_end,3,43367081
300.032,compaction_begin,3,0
300.190,compaction_end,3,43367079
300.199,compaction_begin,3,0
300.355,compaction_end,3,43367078
300.363,compaction_begin,3,0
300.516,compaction_end,3,43367081
300.526,compaction_begin,3,0
300.592,flush_begin,0,0
300.602,flush_end,0,2744447
300.699,compaction_end,3,42992650
300.707,compaction_begin,2,0
300.993,compaction_end,2,3194998
301.011,compaction_begin,3,0
301.200,compaction_end,3,43367079
301.210,compaction_begin,3,0
301.365,compaction_end,3,43367081
301.374,compaction_begin,3,0
301.525,compaction_end,3,43367081
301.534,compaction_begin,3,0
301.691,compaction_end,3,43367080
301.701,compaction_begin,3,0
301.855,compaction_end,3,43367081
301.865,compaction_begin,3,0
302.017,compaction_end,3,43367078
302.027,compaction_begin,3,0
302.182,compaction_end,3,43367082
302.191,compaction_begin,3,0
302.346,compaction_end,3,43367078
302.356,compaction_begin,3,0
302.517,compaction_end,3,43367080
302.526,compaction_begin,3,0
302.684,compaction_end,3,43367079
302.693,compaction_begin,3,0
302.856,compaction_end,3,43367078
302.865,compaction_begin,3,0
303.025,compaction_end,3,43367083
303.034,compaction_begin,3,0
303.202,compaction_end,3,42992651
303.211,compaction_begin,3,0
303.368,compaction_end,3,43367077
303.377,compaction_begin,3,0
303.531,compaction_end,3,43367081
303.541,compaction_begin,3,0
303.697,compaction_end,3,43367081
303.706,compaction_begin,3,0
303.861,compaction_end,3,43367080
303.871,compaction_begin,3,0
304.029,compaction_end,3,43367083
304.038,compaction_begin,3,0
304.193,compaction_end,3,43367082
304.203,compaction_begin,3,0
304.357,compaction_end,3,43367080
304.366,compaction_begin,3,0
304.524,compaction_end,3,43367081
304.533,compaction_begin,3,0
304.692,compaction_end,3,43367079
304.701,compaction_begin,3,0
304.859,compaction_end,3,43367080
304.868,compaction_begin,3,0
305.026,compaction_end,3,43367078
305.034,compaction_begin,3,0
305.190,compaction_end,3,43367076
305.200,compaction_begin,3,0
305.355,compaction_end,3,43367080
305.365,compaction_begin,3,0
305.520,compaction_end,3,42992650
305.530,compaction_begin,3,0
305.681,compaction_end,3,43367081
305.691,compaction_begin,3,0
305.841,compaction_end,3,43367080
305.851,compaction_begin,3,0
306.004,compaction_end,3,43367077
306.014,compaction_begin,3,0
306.053,flush_begin,0,0
306.062,flush_end,0,2744554
306.188,compaction_end,3,43367081
306.197,compaction_begin,2,0
306.481,compaction_end,2,3190321
306.497,compaction_begin,3,0
306.688,compaction_end,3,43367079
306.698,compaction_begin,3,0
306.848,compaction_end,3,43367081
306.858,compaction_begin,3,0
307.012,compaction_end,3,43367081
307.022,compaction_begin,3,0
307.180,compaction_end,3,43367078
307.189,compaction_begin,3,0
307.345,compaction_end,3,43367080
307.355,compaction_begin,3,0
307.511,compaction_end,3,43367078
307.520,compaction_begin,3,0
307.673,compaction_end,3,43367081
307.683,compaction_begin,3,0
307.839,compaction_end,3,43367079
307.849,compaction_begin,3,0
308.002,compaction_end,3,43367080
308.012,compaction_begin,3,0
308.165,compaction_end,3,43367079
308.174,compaction_begin,3,0
308.329,compaction_end,3,43367078
308.339,compaction_begin,3,0
308.394,compaction_end,3,14881952
308.403,compaction_begin,3,0
308.555,compaction_end,3,43367081
308.565,compaction_begin,3,0
308.716,compaction_end,3,43367082
308.726,compaction_begin,3,0
308.880,compaction_end,3,43367077
308.888,compaction_begin,3,0
309.039,compaction_end,3,43367078
309.050,compaction_begin,3,0
309.204,compaction_end,3,43367082
309.214,compaction_begin,3,0
309.369,compaction_end,3,43367079
309.379,compaction_begin,3,0
309.535,compaction_end,3,43367080
309.545,compaction_begin,3,0
309.702,compaction_end,3,43367081
309.711,compaction_begin,3,0
309.869,compaction_end,3,43367079
309.879,compaction_begin,3,0
310.043,compaction_end,3,43873573
310.052,compaction_begin,3,0
310.213,compaction_end,3,43367082
310.223,compaction_begin,3,0
310.375,compaction_end,3,43367077
310.385,compaction_begin,3,0
310.539,compaction_end,3,42992650
310.549,compaction_begin,3,0
310.703,compaction_end,3,43367083
310.712,compaction_begin,3,0
310.869,compaction_end,3,43367080
310.879,compaction_begin,3,0
311.029,compaction_end,3,42992650
311.038,compaction_begin,3,0
311.201,compaction_end,3,43499183
311.210,compaction_begin,3,0
311.361,compaction_end,3,42618171
311.371,compaction_begin,3,0
311.481,flush_begin,0,0
311.491,flush_end,0,2744749
311.545,compaction_end,3,43367083
311.555,compaction_begin,2,0
311.851,compaction_end,2,3197223
311.868,compaction_begin,3,0
312.060,compaction_end,3,43367079
312.069,compaction_begin,3,0
312.224,compaction_end,3,43367081
312.234,compaction_begin,3,0
312.397,compaction_end,3,43367081
312.407,compaction_begin,3,0
312.570,compaction_end,3,43367077
312.579,compaction_begin,3,0
312.738,compaction_end,3,43367081
312.747,compaction_begin,3,0
312.909,compaction_end,3,43367080
312.919,compaction_begin,3,0
313.073,compaction_end,3,42992650
313.083,compaction_begin,3,0
313.239,compaction_end,3,43367078
313.249,compaction_begin,3,0
313.408,compaction_end,3,43367081
313.418,compaction_begin,3,0
313.573,compaction_end,3,43367082
313.582,compaction_begin,3,0
313.741,compaction_end,3,43367080
313.751,compaction_begin,3,0
313.910,compaction_end,3,43367083
313.919,compaction_begin,3,0
314.077,compaction_end,3,43367080
314.086,compaction_begin,3,0
314.245,compaction_end,3,43367079
314.255,compaction_begin,3,0
314.411,compaction_end,3,43367078
314.420,compaction_begin,3,0
314.572,compaction_end,3,42992648
314.582,compaction_begin,3,0
314.735,compaction_end,3,43367077
314.746,compaction_begin,3,0
314.899,compaction_end,3,43367083
314.909,compaction_begin,3,0
315.063,compaction_end,3,43367079
315.073,compaction_begin,3,0
315.126,compaction_end,3,14881952
315.135,compaction_begin,3,0
315.288,compaction_end,3,43367082
315.298,compaction_begin,3,0
315.449,compaction_end,3,43367078
315.458,compaction_begin,3,0
315.612,compaction_end,3,43367082
315.621,compaction_begin,3,0
315.776,compaction_end,3,43367078
315.785,compaction_begin,3,0
315.935,compaction_end,3,43367081
315.945,compaction_begin,3,0
316.103,compaction_end,3,43367078
316.112,compaction_begin,3,0
316.265,compaction_end,3,43367079
316.275,compaction_begin,3,0
316.428,compaction_end,3,43367078
316.438,compaction_begin,3,0
316.593,compaction_end,3,43367080
316.603,compaction_begin,3,0
316.757,compaction_end,3,43367079
316.767,compaction_begin,3,0
316.893,flush_begin,0,0
316.904,flush_end,0,2744838
316.940,compaction_end,3,43367078
316.950,compaction_begin,2,0
317.245,compaction_end,2,3252592
317.260,compaction_begin,3,0
317.456,compaction_end,3,43367079
317.466,compaction_begin,3,0
317.618,compaction_end,3,43367081
317.626,compaction_begin,3,0
317.779,compaction_end,3,43367081
317.788,compaction_begin,3,0
317.943,compaction_end,3,43367080
317.953,compaction_begin,3,0
318.108,compaction_end,3,43367080
318.117,compaction_begin,3,0
318.273,compaction_end,3,43367078
318.282,compaction_begin,3,0
318.440,compaction_end,3,43367081
318.448,compaction_begin,3,0
318.605,compaction_end,3,43367080
318.615,compaction_begin,3,0
318.769,compaction_end,3,43367078
318.778,compaction_begin,3,0
318.936,compaction_end,3,43367078
318.944,compaction_begin,3,0
319.101,compaction_end,3,43367081
319.111,compaction_begin,3,0
319.270,compaction_end,3,43367082
319.279,compaction_begin,3,0
319.442,compaction_end,3,43367079
319.451,compaction_begin,3,0
319.608,compaction_end,3,43367083
319.617,compaction_begin,3,0
319.774,compaction_end,3,42992650
319.783,compaction_begin,3,0
319.938,compaction_end,3,43367078
319.947,compaction_begin,3,0
320.103,compaction_end,3,43367082
320.112,compaction_begin,3,0
320.272,compaction_end,3,43367081
320.282,compaction_begin,3,0
320.438,compaction_end,3,43367079
320.447,compaction_begin,3,0
320.607,compaction_end,3,42992648
320.617,compaction_begin,3,0
320.774,compaction_end,3,43367082
320.784,compaction_begin,3,0
320.940,compaction_end,3,43367079
320.949,compaction_begin,3,0
321.106,compaction_end,3,43367080
321.116,compaction_begin,3,0
321.272,compaction_end,3,43367083
321.282,compaction_begin,3,0
321.440,compaction_end,3,43367077
321.450,compaction_begin,3,0
321.610,compaction_end,3,43499183
321.620,compaction_begin,3,0
321.789,compaction_end,3,43367077
321.799,compaction_begin,3,0
321.958,compaction_end,3,43367080
321.967,compaction_begin,3,0
322.124,compaction_end,3,43124687
322.134,compaction_begin,3,0
322.288,compaction_end,3,43367082
322.297,compaction_begin,3,0
322.375,flush_begin,0,0
322.384,flush_end,0,2744525
322.468,compaction_end,3,43367080
322.478,compaction_begin,2,0
322.773,compaction_end,2,3300188
322.788,compaction_begin,3,0
322.985,compaction_end,3,43367081
322.995,compaction_begin,3,0
323.146,compaction_end,3,43367079
323.155,compaction_begin,3,0
323.310,compaction_end,3,43367081
323.319,compaction_begin,3,0
323.474,compaction_end,3,43367082
323.484,compaction_begin,3,0
323.639,compaction_end,3,43367081
323.649,compaction_begin,3,0
323.807,compaction_end,3,43367078
323.817,compaction_begin,3,0
323.976,compaction_end,3,43367080
323.984,compaction_begin,3,0
324.148,compaction_end,3,43367078
324.158,compaction_begin,3,0
324.312,compaction_end,3,43367078
324.321,compaction_begin,3,0
324.478,compaction_end,3,43367078
324.487,compaction_begin,3,0
324.640,compaction_end,3,43124687
324.650,compaction_begin,3,0
324.806,compaction_end,3,43367080
324.815,compaction_begin,3,0
324.970,compaction_end,3,43367083
324.979,compaction_begin,3,0
325.133,compaction_end,3,43367080
325.142,compaction_begin,3,0
325.300,compaction_end,3,43367082
325.310,compaction_begin,3,0
325.467,compaction_end,3,43367080
325.477,compaction_begin,3,0
325.631,compaction_end,3,42992650
325.640,compaction_begin,3,0
325.809,compaction_end,3,43367081
325.818,compaction_begin,3,0
325.971,compaction_end,3,43367080
325.980,compaction_begin,3,0
326.136,compaction_end,3,43367078
326.145,compaction_begin,3,0
326.303,compaction_end,3,43367081
326.312,compaction_begin,3,0
326.468,compaction_end,3,43109301
326.478,compaction_begin,3,0
326.632,compaction_end,3,43367082
326.641,compaction_begin,3,0
326.794,compaction_end,3,43367080
326.803,compaction_begin,3,0
326.958,compaction_end,3,43367083
326.967,compaction_begin,3,0
327.121,compaction_end,3,43367077
327.130,compaction_begin,3,0
327.283,compaction_end,3,42906743
327.292,compaction_begin,3,0
327.446,compaction_end,3,43367082
327.455,compaction_begin,3,0
327.607,compaction_end,3,43367079
327.616,compaction_begin,3,0
327.773,compaction_end,3,43367081
327.783,compaction_begin,3,0
327.815,flush_begin,0,0
327.825,flush_end,0,2744118
327.956,compaction_end,3,43367083
327.966,compaction_begin,2,0
328.259,compaction_end,2,3301670
328.274,compaction_begin,3,0
328.471,compaction_end,3,43367079
328.480,compaction_begin,3,0
328.633,compaction_end,3,43367081
328.642,compaction_begin,3,0
328.794,compaction_end,3,43367081
328.804,compaction_begin,3,0
328.956,compaction_end,3,43367083
328.965,compaction_begin,3,0
329.120,compaction_end,3,43367080
329.129,compaction_begin,3,0
329.283,compaction_end,3,43367080
329.292,compaction_begin,3,0
329.448,compaction_end,3,43367079
329.457,compaction_begin,3,0
329.613,compaction_end,3,43367081
329.622,compaction_begin,3,0
329.776,compaction_end,3,43367081
329.786,compaction_begin,3,0
329.939,compaction_end,3,43367077
329.948,compaction_begin,3,0
330.101,compaction_end,3,42992650
330.110,compaction_begin,3,0
330.263,compaction_end,3,42992650
330.272,compaction_begin,3,0
330.425,compaction_end,3,43367082
330.434,compaction_begin,3,0
330.588,compaction_end,3,43124687
330.598,compaction_begin,3,0
330.755,compaction_end,3,43367081
330.764,compaction_begin,3,0
330.918,compaction_end,3,43367079
330.926,compaction_begin,3,0
331.086,compaction_end,3,43367082
331.096,compaction_begin,3,0
331.249,compaction_end,3,43367078
331.258,compaction_begin,3,0
331.412,compaction_end,3,43367078
331.421,compaction_begin,3,0
331.576,compaction_end,3,43367083
331.585,compaction_begin,3,0
331.737,compaction_end,3,43367081
331.747,compaction_begin,3,0
331.907,compaction_end,3,43519106
331.917,compaction_begin,3,0
332.081,compaction_end,3,45254455
332.091,compaction_begin,3,0
332.245,compaction_end,3,43367077
332.254,compaction_begin,3,0
332.409,compaction_end,3,43367083
332.418,compaction_begin,3,0
332.574,compaction_end,3,43367080
332.583,compaction_begin,3,0
332.738,compaction_end,3,43367079
332.747,compaction_begin,3,0
332.899,compaction_end,3,43367081
332.909,compaction_begin,3,0
333.063,compaction_end,3,43367082
333.072,compaction_begin,3,0
333.226,compaction_end,3,43367078
333.235,compaction_begin,3,0
333.282,flush_begin,0,0
333.292,flush_end,0,2744788
333.408,compaction_end,3,43367080
333.418,compaction_begin,2,0
333.705,compaction_end,2,3321413
333.720,compaction_begin,3,0
333.914,compaction_end,3,43367079
333.923,compaction_begin,3,0
334.074,compaction_end,3,43367081
334.083,compaction_begin,3,0
334.237,compaction_end,3,43367080
334.246,compaction_begin,3,0
334.399,compaction_end,3,43367079
334.408,compaction_begin,3,0
334.564,compaction_end,3,43367079
334.573,compaction_begin,3,0
334.726,compaction_end,3,43367081
334.735,compaction_begin,3,0
334.880,compaction_end,3,39030370
334.889,compaction_begin,3,0
335.046,compaction_end,3,43367078
335.055,compaction_begin,3,0
335.211,compaction_end,3,43367080
335.220,compaction_begin,3,0
335.376,compaction_end,3,43367077
335.385,compaction_begin,3,0
335.541,compaction_end,3,43367082
335.550,compaction_begin,3,0
335.703,compaction_end,3,43367083
335.712,compaction_begin,3,0
335.866,compaction_end,3,43367081
335.875,compaction_begin,3,0
336.029,compaction_end,3,43124687
336.038,compaction_begin,3,0
336.190,compaction_end,3,43367082
336.199,compaction_begin,3,0
336.353,compaction_end,3,43367080
336.362,compaction_begin,3,0
336.513,compaction_end,3,43367081
336.522,compaction_begin,3,0
336.675,compaction_end,3,43367080
336.684,compaction_begin,3,0
336.837,compaction_end,3,43367082
336.846,compaction_begin,3,0
337.001,compaction_end,3,43367080
337.010,compaction_begin,3,0
337.165,compaction_end,3,43367079
337.174,compaction_begin,3,0
337.328,compaction_end,3,43367080
337.337,compaction_begin,3,0
337.493,compaction_end,3,43367081
337.502,compaction_begin,3,0
337.659,compaction_end,3,42992648
337.669,compaction_begin,3,0
337.827,compaction_end,3,43367077
337.836,compaction_begin,3,0
338.002,compaction_end,3,43367078
338.010,compaction_begin,3,0
338.165,compaction_end,3,43367080
338.174,compaction_begin,3,0
338.329,compaction_end,3,43367080
338.338,compaction_begin,3,0
338.495,compaction_end,3,43367078
338.504,compaction_begin,3,0
338.663,compaction_end,3,43367079
338.672,compaction_begin,3,0
338.753,flush_begin,0,0
338.763,flush_end,0,2744508
338.849,compaction_end,3,42992650
338.858,compaction_begin,2,0
339.157,compaction_end,2,3295929
339.169,compaction_begin,3,0
339.346,compaction_end,3,43367077
339.355,compaction_begin,3,0
339.510,compaction_end,3,43367080
339.519,compaction_begin,3,0
339.674,compaction_end,3,43367084
339.683,compaction_begin,3,0
339.839,compaction_end,3,43367080
339.848,compaction_begin,3,0
340.006,compaction_end,3,43367079
340.015,compaction_begin,3,0
340.170,compaction_end,3,43367079
340.179,compaction_begin,3,0
340.332,compaction_end,3,43367082
340.341,compaction_begin,3,0
340.493,compaction_end,3,43367080
340.502,compaction_begin,3,0
340.657,compaction_end,3,43367078
340.666,compaction_begin,3,0
340.819,compaction_end,3,42992649
340.828,compaction_begin,3,0
340.983,compaction_end,3,43367084
340.992,compaction_begin,3,0
341.145,compaction_end,3,43367081
341.154,compaction_begin,3,0
341.308,compaction_end,3,43367081
341.317,compaction_begin,3,0
341.479,compaction_end,3,43367080
341.488,compaction_begin,3,0
341.644,compaction_end,3,43367081
341.653,compaction_begin,3,0
341.810,compaction_end,3,43367078
341.819,compaction_begin,3,0
341.974,compaction_end,3,43367077
341.983,compaction_begin,3,0
342.144,compaction_end,3,43367079
342.153,compaction_begin,3,0
342.308,compaction_end,3,43367079
342.317,compaction_begin,3,0
342.474,compaction_end,3,43367076
342.483,compaction_begin,3,0
342.636,compaction_end,3,43367078
342.645,compaction_begin,3,0
342.801,compaction_end,3,43367084
342.810,compaction_begin,3,0
342.964,compaction_end,3,43367077
342.973,compaction_begin,3,0
343.131,compaction_end,3,43367082
343.139,compaction_begin,3,0
343.294,compaction_end,3,43367078
343.303,compaction_begin,3,0
343.456,compaction_end,3,43367081
343.465,compaction_begin,3,0
343.621,compaction_end,3,43367078
343.630,compaction_begin,3,0
343.785,compaction_end,3,43367083
343.794,compaction_begin,3,0
343.946,compaction_end,3,43367082
343.955,compaction_begin,3,0
344.108,compaction_end,3,43367082
344.117,compaction_begin,3,0
344.229,flush_begin,0,0
344.239,flush_end,0,2744465
344.289,compaction_end,3,43367079
344.297,compaction_begin,2,0
344.580,compaction_end,2,3281877
344.590,compaction_begin,3,0
344.753,compaction_end,3,43367079
344.762,compaction_begin,3,0
344.921,compaction_end,3,43367081
344.930,compaction_begin,3,0
345.084,compaction_end,3,43367081
345.093,compaction_begin,3,0
345.262,compaction_end,3,43367078
345.271,compaction_begin,3,0
345.429,compaction_end,3,43367079
345.438,compaction_begin,3,0
345.596,compaction_end,3,43367082
345.605,compaction_begin,3,0
345.762,compaction_end,3,43367081
345.772,compaction_begin,3,0
345.928,compaction_end,3,43367081
345.937,compaction_begin,3,0
346.094,compaction_end,3,43367080
346.103,compaction_begin,3,0
346.261,compaction_end,3,43367079
346.270,compaction_begin,3,0
346.427,compaction_end,3,43367077
346.436,compaction_begin,3,0
346.600,compaction_end,3,43367082
346.610,compaction_begin,3,0
