t,type,level,bytes
-29.871,flush_begin,0,0
-29.860,flush_end,0,2686930
-29.850,flush_begin,0,0
-29.840,flush_end,0,2686931
-29.831,flush_begin,0,0
-29.821,flush_end,0,2686931
-29.812,flush_begin,0,0
-29.802,flush_end,0,2686931
-29.794,flush_begin,0,0
-29.784,flush_end,0,2686931
-29.775,flush_begin,0,0
-29.764,flush_end,0,2686930
-29.755,flush_begin,0,0
-29.744,flush_end,0,2686932
-29.735,flush_begin,0,0
-29.725,flush_end,0,2686930
-29.716,flush_begin,0,0
-29.706,flush_end,0,2686932
-29.697,flush_begin,0,0
-29.687,flush_end,0,2686930
-29.678,flush_begin,0,0
-29.668,flush_end,0,2686931
-29.658,flush_begin,0,0
-29.647,flush_end,0,2686931
-29.637,flush_begin,0,0
-29.626,flush_end,0,2686930
-29.616,flush_begin,0,0
-29.605,flush_end,0,2686932
-29.596,flush_begin,0,0
-29.586,flush_end,0,2686930
-29.576,flush_begin,0,0
-29.565,flush_end,0,2686931
-29.556,flush_begin,0,0
-29.546,flush_end,0,2686931
-29.536,flush_begin,0,0
-29.526,flush_end,0,2686931
-29.517,flush_begin,0,0
-29.507,flush_end,0,2686931
-29.499,flush_begin,0,0
-29.488,flush_end,0,2686931
-29.479,flush_begin,0,0
-29.469,flush_end,0,2686930
-29.460,flush_begin,0,0
-29.450,flush_end,0,2686933
-29.440,flush_begin,0,0
-29.429,flush_end,0,2686930
-29.419,flush_begin,0,0
-29.409,flush_end,0,2686932
-29.399,flush_begin,0,0
-29.389,flush_end,0,2686930
-29.380,flush_begin,0,0
-29.370,flush_end,0,2686930
-29.360,flush_begin,0,0
-29.350,flush_end,0,2686932
-29.341,flush_begin,0,0
-29.330,flush_end,0,2686930
-29.320,flush_begin,0,0
-29.309,flush_end,0,2686932
-29.300,flush_begin,0,0
-29.289,flush_end,0,2686930
-29.280,flush_begin,0,0
-29.269,flush_end,0,2686931
-29.259,flush_begin,0,0
-29.249,flush_end,0,2686931
-29.239,flush_begin,0,0
-29.228,flush_end,0,2686931
-29.218,flush_begin,0,0
-29.208,flush_end,0,2686931
-29.199,flush_begin,0,0
-29.188,flush_end,0,2686931
-29.178,flush_begin,0,0
-29.167,flush_end,0,2686930
-29.158,flush_begin,0,0
-29.148,flush_end,0,2686932
-29.139,flush_begin,0,0
-29.128,flush_end,0,2686930
-29.118,flush_begin,0,0
-29.108,flush_end,0,2686931
-29.098,flush_begin,0,0
-29.088,flush_end,0,2686931
-29.073,trivial_move,3,2686930
-29.072,flush_begin,0,0
-29.061,flush_end,0,2686930
-29.046,trivial_move,3,2686931
-29.045,flush_begin,0,0
-29.034,flush_end,0,2686932
-29.019,trivial_move,3,2686931
-29.018,flush_begin,0,0
-29.007,flush_end,0,2686930
-28.992,trivial_move,3,2686931
-28.991,flush_begin,0,0
-28.979,flush_end,0,2686933
-28.964,trivial_move,3,2686931
-28.963,flush_begin,0,0
-28.951,flush_end,0,2686930
-28.935,trivial_move,3,2686930
-28.934,flush_begin,0,0
-28.922,flush_end,0,2686931
-28.900,trivial_move,3,2686932
-28.899,flush_begin,0,0
-28.886,flush_end,0,2686931
-28.870,trivial_move,3,2686930
-28.868,flush_begin,0,0
-28.856,flush_end,0,2686931
-28.840,trivial_move,3,2686932
-28.839,flush_begin,0,0
-28.827,flush_end,0,2686931
-28.810,trivial_move,3,2686930
-28.809,flush_begin,0,0
-28.796,flush_end,0,2686930
-28.780,trivial_move,3,2686931
-28.778,flush_begin,0,0
-28.765,flush_end,0,2686930
-28.749,trivial_move,3,2686931
-28.747,flush_begin,0,0
-28.734,flush_end,0,2686931
-28.717,trivial_move,3,2686930
-28.715,flush_begin,0,0
-28.700,flush_end,0,2686931
-28.685,trivial_move,3,2686932
-28.684,flush_begin,0,0
-28.669,flush_end,0,2686931
-28.654,trivial_move,3,2686930
-28.653,flush_begin,0,0
-28.639,flush_end,0,2686931
-28.623,trivial_move,3,2686931
-28.620,flush_begin,0,0
-28.607,flush_end,0,2686930
-28.591,trivial_move,3,2686931
-28.588,flush_begin,0,0
-28.575,flush_end,0,2686932
-28.559,trivial_move,3,2686931
-28.557,flush_begin,0,0
-28.543,flush_end,0,2686930
-28.527,trivial_move,3,2686931
-28.524,flush_begin,0,0
-28.510,flush_end,0,2686932
-28.494,trivial_move,3,2686931
-28.491,flush_begin,0,0
-28.478,flush_end,0,2686930
-28.462,trivial_move,3,2686930
-28.459,flush_begin,0,0
-28.446,flush_end,0,2686931
-28.429,trivial_move,3,2686933
-28.428,flush_begin,0,0
-28.414,flush_end,0,2686931
-28.398,trivial_move,3,2686930
-28.396,flush_begin,0,0
-28.382,flush_end,0,2686930
-28.366,trivial_move,3,2686932
-28.364,flush_begin,0,0
-28.351,flush_end,0,2686932
-28.334,trivial_move,3,2686930
-28.332,flush_begin,0,0
-28.319,flush_end,0,2686930
-28.303,trivial_move,3,2686930
-28.301,flush_begin,0,0
-28.288,flush_end,0,2686932
-28.272,trivial_move,3,2686932
-28.270,flush_begin,0,0
-28.257,flush_end,0,2686931
-28.240,trivial_move,3,2686930
-28.238,flush_begin,0,0
-28.225,flush_end,0,2686931
-28.209,trivial_move,3,2686932
-28.207,flush_begin,0,0
-28.194,flush_end,0,2686931
-28.178,trivial_move,3,2686930
-28.176,flush_begin,0,0
-28.162,flush_end,0,2686931
-28.146,trivial_move,3,2686931
-28.145,flush_begin,0,0
-28.132,flush_end,0,2686930
-28.116,trivial_move,3,2686931
-28.114,flush_begin,0,0
-28.100,flush_end,0,2686932
-28.084,trivial_move,3,2686931
-28.082,flush_begin,0,0
-28.068,flush_end,0,2686930
-28.051,trivial_move,3,2686931
-28.050,flush_begin,0,0
-28.035,flush_end,0,2686932
-28.020,trivial_move,3,2686931
-28.017,flush_begin,0,0
-28.002,flush_end,0,2686930
-27.987,trivial_move,3,2686930
-27.985,flush_begin,0,0
-27.971,flush_end,0,2686930
-27.955,trivial_move,3,2686932
-27.952,flush_begin,0,0
-27.938,flush_end,0,2686932
-27.922,trivial_move,3,2686930
-27.919,flush_begin,0,0
-27.905,flush_end,0,2686930
-27.889,trivial_move,3,2686931
-27.887,flush_begin,0,0
-27.872,flush_end,0,2686932
-27.856,trivial_move,3,2686931
-27.854,flush_begin,0,0
-27.840,flush_end,0,2686930
-27.824,trivial_move,3,2686930
-27.822,flush_begin,0,0
-27.809,flush_end,0,2686931
-27.793,trivial_move,3,2686932
-27.790,flush_begin,0,0
-27.777,flush_end,0,2686931
-27.760,trivial_move,3,2686930
-27.758,flush_begin,0,0
-27.745,flush_end,0,2686931
-27.728,trivial_move,3,2686933
-27.727,flush_begin,0,0
-27.714,flush_end,0,2686931
-27.698,trivial_move,3,2686930
-27.696,flush_begin,0,0
-27.683,flush_end,0,2686931
-27.667,trivial_move,3,2686931
-27.665,flush_begin,0,0
-27.652,flush_end,0,2686930
-27.636,trivial_move,3,2686931
-27.634,flush_begin,0,0
-27.621,flush_end,0,2686933
-27.605,trivial_move,3,2686931
-27.603,flush_begin,0,0
-27.590,flush_end,0,2686930
-27.573,trivial_move,3,2686931
-27.572,flush_begin,0,0
-27.558,flush_end,0,2686931
-27.543,trivial_move,3,2686930
-27.541,flush_begin,0,0
-27.527,flush_end,0,2686931
-27.511,trivial_move,3,2686930
-27.509,flush_begin,0,0
-27.496,flush_end,0,2686930
-27.480,trivial_move,3,2686931
-27.478,flush_begin,0,0
-27.465,flush_end,0,2686932
-27.449,trivial_move,3,2686931
-27.447,flush_begin,0,0
-27.434,flush_end,0,2686930
-27.418,trivial_move,3,2686931
-27.416,flush_begin,0,0
-27.402,flush_end,0,2686932
-27.385,trivial_move,3,2686931
-27.383,flush_begin,0,0
-27.370,flush_end,0,2686930
-27.354,trivial_move,3,2686930
-27.352,flush_begin,0,0
-27.338,flush_end,0,2686931
-27.321,trivial_move,3,2686932
-27.319,flush_begin,0,0
-27.306,flush_end,0,2686931
-27.289,trivial_move,3,2686930
-27.288,flush_begin,0,0
-27.274,flush_end,0,2686931
-27.258,trivial_move,3,2686932
-27.256,flush_begin,0,0
-27.242,flush_end,0,2686931
-27.226,trivial_move,3,2686930
-27.224,flush_begin,0,0
-27.209,flush_end,0,2686930
-27.192,trivial_move,3,2686931
-27.190,flush_begin,0,0
-27.177,flush_end,0,2686930
-27.161,trivial_move,3,2686931
-27.159,flush_begin,0,0
-27.145,flush_end,0,2686931
-27.130,trivial_move,3,2686930
-27.128,flush_begin,0,0
-27.115,flush_end,0,2686931
-27.098,trivial_move,3,2686932
-27.097,flush_begin,0,0
-27.082,flush_end,0,2686931
-27.066,trivial_move,3,2686930
-27.064,flush_begin,0,0
-27.049,flush_end,0,2686931
-27.034,trivial_move,3,2686932
-27.032,flush_begin,0,0
-27.017,flush_end,0,2686930
-27.001,trivial_move,3,2686931
-27.000,flush_begin,0,0
-26.985,flush_end,0,2686932
-26.970,trivial_move,3,2686931
-26.969,flush_begin,0,0
-26.956,flush_end,0,2686930
-26.943,trivial_move,3,2686931
-26.942,flush_begin,0,0
-26.928,flush_end,0,2686933
-26.912,trivial_move,3,2686931
-26.910,flush_begin,0,0
-26.895,flush_end,0,2686930
-26.880,trivial_move,3,2686930
-26.878,flush_begin,0,0
-26.863,flush_end,0,2686931
-26.848,trivial_move,3,2686932
-26.846,flush_begin,0,0
-26.831,flush_end,0,2686931
-26.816,trivial_move,3,2686930
-26.814,flush_begin,0,0
-26.799,flush_end,0,2686930
-26.784,trivial_move,3,2686932
-26.781,flush_begin,0,0
-26.766,flush_end,0,2686932
-26.751,trivial_move,3,2686930
-26.748,flush_begin,0,0
-26.732,flush_end,0,2686930
-26.716,trivial_move,3,2686930
-26.714,flush_begin,0,0
-26.698,flush_end,0,2686931
-26.683,trivial_move,3,2686932
-26.680,flush_begin,0,0
-26.664,flush_end,0,2686931
-26.649,trivial_move,3,2686930
-26.646,flush_begin,0,0
-26.631,flush_end,0,2686931
-26.615,trivial_move,3,2686932
-26.613,flush_begin,0,0
-26.598,flush_end,0,2686931
-26.583,trivial_move,3,2686930
-26.581,flush_begin,0,0
-26.564,flush_end,0,2686931
-26.549,trivial_move,3,2686931
-26.547,flush_begin,0,0
-26.531,flush_end,0,2686930
-26.515,trivial_move,3,2686931
-26.514,flush_begin,0,0
-26.501,flush_end,0,2686932
-26.485,trivial_move,3,2686931
-26.483,flush_begin,0,0
-26.470,flush_end,0,2686930
-26.454,trivial_move,3,2686931
-26.452,flush_begin,0,0
-26.438,flush_end,0,2686932
-26.421,trivial_move,3,2686931
-26.419,flush_begin,0,0
-26.405,flush_end,0,2686930
-26.390,trivial_move,3,2686930
-26.388,flush_begin,0,0
-26.375,flush_end,0,2686930
-26.359,trivial_move,3,2686933
-26.357,flush_begin,0,0
-26.344,flush_end,0,2686932
-26.327,trivial_move,3,2686930
-26.325,flush_begin,0,0
-26.312,flush_end,0,2686930
-26.297,trivial_move,3,2686931
-26.295,flush_begin,0,0
-26.283,flush_end,0,2686932
-26.267,trivial_move,3,2686931
-26.265,flush_begin,0,0
-26.252,flush_end,0,2686930
-26.236,trivial_move,3,2686930
-26.235,flush_begin,0,0
-26.221,flush_end,0,2686932
-26.206,trivial_move,3,2686932
-26.204,flush_begin,0,0
-26.191,flush_end,0,2686931
-26.175,trivial_move,3,2686930
-26.173,flush_begin,0,0
-26.159,flush_end,0,2686931
-26.143,trivial_move,3,2686932
-26.142,flush_begin,0,0
-26.127,flush_end,0,2686931
-26.112,trivial_move,3,2686930
-26.109,flush_begin,0,0
-26.095,flush_end,0,2686931
-26.080,trivial_move,3,2686931
-26.078,flush_begin,0,0
-26.064,flush_end,0,2686930
-26.047,trivial_move,3,2686931
-26.045,flush_begin,0,0
-26.031,flush_end,0,2686932
-26.016,trivial_move,3,2686931
-26.013,flush_begin,0,0
-25.998,flush_end,0,2686930
-25.983,trivial_move,3,2686931
-25.981,flush_begin,0,0
-25.966,flush_end,0,2686931
-25.951,trivial_move,3,2686930
-25.948,flush_begin,0,0
-25.933,flush_end,0,2686931
-25.917,trivial_move,3,2686930
-25.915,flush_begin,0,0
-25.899,flush_end,0,2686930
-25.884,trivial_move,3,2686931
-25.882,flush_begin,0,0
-25.868,flush_end,0,2686932
-25.851,trivial_move,3,2686931
-25.850,flush_begin,0,0
-25.835,flush_end,0,2686930
-25.820,trivial_move,3,2686931
-25.818,flush_begin,0,0
-25.804,flush_end,0,2686932
-25.789,trivial_move,3,2686931
-25.787,flush_begin,0,0
-25.774,flush_end,0,2686930
-25.757,trivial_move,3,2686930
-25.756,flush_begin,0,0
-25.742,flush_end,0,2686931
-25.727,trivial_move,3,2686932
-25.725,flush_begin,0,0
-25.712,flush_end,0,2686931
-25.696,trivial_move,3,2686930
-25.694,flush_begin,0,0
-25.680,flush_end,0,2686931
-25.663,trivial_move,3,2686933
-25.662,flush_begin,0,0
-25.649,flush_end,0,2686931
-25.633,trivial_move,3,2686930
-25.632,flush_begin,0,0
-25.619,flush_end,0,2686930
-25.603,trivial_move,3,2686931
-25.603,flush_begin,0,0
-25.590,flush_end,0,2686930
-25.573,trivial_move,3,2686931
-25.573,flush_begin,0,0
-25.561,flush_end,0,2686931
-25.546,trivial_move,3,2686930
-25.545,flush_begin,0,0
-25.533,flush_end,0,2686932
-25.517,trivial_move,3,2686932
-25.516,flush_begin,0,0
-25.503,flush_end,0,2686931
-25.487,trivial_move,3,2686930
-25.485,flush_begin,0,0
-25.473,flush_end,0,2686931
-25.455,trivial_move,3,2686931
-25.453,flush_begin,0,0
-25.441,flush_end,0,2686930
-25.425,trivial_move,3,2686931
-25.423,flush_begin,0,0
-25.409,flush_end,0,2686932
-25.393,trivial_move,3,2686931
-25.392,flush_begin,0,0
-25.377,flush_end,0,2686930
-25.362,trivial_move,3,2686931
-25.360,flush_begin,0,0
-25.345,flush_end,0,2686932
-25.329,trivial_move,3,2686931
-25.328,flush_begin,0,0
-25.312,flush_end,0,2686930
-25.296,trivial_move,3,2686930
-25.294,flush_begin,0,0
-25.279,flush_end,0,2686931
-25.264,trivial_move,3,2686932
-25.261,flush_begin,0,0
-25.246,flush_end,0,2686931
-25.231,trivial_move,3,2686930
-25.228,flush_begin,0,0
-25.213,flush_end,0,2686930
-25.198,trivial_move,3,2686932
-25.195,flush_begin,0,0
-25.181,flush_end,0,2686932
-25.166,trivial_move,3,2686930
-25.164,flush_begin,0,0
-25.149,flush_end,0,2686930
-25.134,trivial_move,3,2686930
-25.132,flush_begin,0,0
-25.118,flush_end,0,2686931
-25.103,trivial_move,3,2686932
-25.101,flush_begin,0,0
-25.086,flush_end,0,2686931
-25.071,trivial_move,3,2686930
-25.069,flush_begin,0,0
-25.055,flush_end,0,2686931
-25.034,trivial_move,3,2686932
-25.032,flush_begin,0,0
-25.018,flush_end,0,2686931
-25.002,trivial_move,3,2686930
-25.000,flush_begin,0,0
-24.985,flush_end,0,2686931
-24.970,trivial_move,3,2686932
-24.968,flush_begin,0,0
-24.955,flush_end,0,2686930
-24.938,trivial_move,3,2686931
-24.937,flush_begin,0,0
-24.923,flush_end,0,2686932
-24.909,trivial_move,3,2686931
-24.907,flush_begin,0,0
-24.893,flush_end,0,2686930
-24.878,trivial_move,3,2686931
-24.877,flush_begin,0,0
-24.864,flush_end,0,2686933
-24.847,trivial_move,3,2686931
-24.846,flush_begin,0,0
-24.834,flush_end,0,2686930
-24.818,trivial_move,3,2686930
-24.816,flush_begin,0,0
-24.803,flush_end,0,2686930
-24.787,trivial_move,3,2686932
-24.786,flush_begin,0,0
-24.774,flush_end,0,2686932
-24.757,trivial_move,3,2686930
-24.756,flush_begin,0,0
-24.744,flush_end,0,2686930
-24.728,trivial_move,3,2686931
-24.727,flush_begin,0,0
-24.714,flush_end,0,2686932
-24.698,trivial_move,3,2686931
-24.696,flush_begin,0,0
-24.684,flush_end,0,2686930
-24.667,trivial_move,3,2686930
-24.666,flush_begin,0,0
-24.653,flush_end,0,2686931
-24.637,trivial_move,3,2686932
-24.635,flush_begin,0,0
-24.622,flush_end,0,2686931
-24.607,trivial_move,3,2686930
-24.605,flush_begin,0,0
-24.592,flush_end,0,2686931
-24.575,trivial_move,3,2686932
-24.574,flush_begin,0,0
-24.560,flush_end,0,2686931
-24.545,trivial_move,3,2686930
-24.543,flush_begin,0,0
-24.530,flush_end,0,2686931
-24.514,trivial_move,3,2686931
-24.513,flush_begin,0,0
-24.498,flush_end,0,2686930
-24.482,trivial_move,3,2686931
-24.481,flush_begin,0,0
-24.467,flush_end,0,2686932
-24.452,trivial_move,3,2686931
-24.450,flush_begin,0,0
-24.436,flush_end,0,2686930
-24.421,trivial_move,3,2686931
-24.419,flush_begin,0,0
-24.406,flush_end,0,2686931
-24.390,trivial_move,3,2686930
-24.388,flush_begin,0,0
-24.374,flush_end,0,2686931
-24.359,trivial_move,3,2686930
-24.357,flush_begin,0,0
-24.342,flush_end,0,2686930
-24.327,trivial_move,3,2686931
-24.325,flush_begin,0,0
-24.312,flush_end,0,2686932
-24.295,trivial_move,3,2686932
-24.294,flush_begin,0,0
-24.280,flush_end,0,2686930
-24.265,trivial_move,3,2686931
-24.263,flush_begin,0,0
-24.249,flush_end,0,2686932
-24.234,trivial_move,3,2686931
-24.232,flush_begin,0,0
-24.218,flush_end,0,2686930
-24.201,trivial_move,3,2686930
-24.200,flush_begin,0,0
-24.187,flush_end,0,2686932
-24.171,trivial_move,3,2686932
-24.169,flush_begin,0,0
-24.156,flush_end,0,2686931
-24.140,trivial_move,3,2686930
-24.138,flush_begin,0,0
-24.125,flush_end,0,2686931
-24.108,trivial_move,3,2686932
-24.107,flush_begin,0,0
-24.094,flush_end,0,2686931
-24.078,trivial_move,3,2686930
-24.076,flush_begin,0,0
-24.063,flush_end,0,2686930
-24.048,trivial_move,3,2686931
-24.047,flush_begin,0,0
-24.034,flush_end,0,2686930
-24.017,trivial_move,3,2686931
-24.016,flush_begin,0,0
-24.002,flush_end,0,2686931
-23.987,trivial_move,3,2686930
-23.985,flush_begin,0,0
-23.971,flush_end,0,2686931
-23.955,trivial_move,3,2686932
-23.953,flush_begin,0,0
-23.940,flush_end,0,2686931
-23.923,trivial_move,3,2686930
-23.921,flush_begin,0,0
-23.907,flush_end,0,2686931
-23.892,trivial_move,3,2686931
-23.890,flush_begin,0,0
-23.875,flush_end,0,2686930
-23.860,trivial_move,3,2686931
-23.858,flush_begin,0,0
-23.845,flush_end,0,2686932
-23.828,trivial_move,3,2686931
-23.827,flush_begin,0,0
-23.813,flush_end,0,2686930
-23.797,trivial_move,3,2686931
-23.795,flush_begin,0,0
-23.782,flush_end,0,2686932
-23.766,trivial_move,3,2686931
-23.764,flush_begin,0,0
-23.749,flush_end,0,2686930
-23.733,trivial_move,3,2686930
-23.731,flush_begin,0,0
-23.716,flush_end,0,2686931
-23.701,trivial_move,3,2686932
-23.699,flush_begin,0,0
-23.686,flush_end,0,2686931
-23.670,trivial_move,3,2686930
-23.668,flush_begin,0,0
-23.654,flush_end,0,2686930
-23.638,trivial_move,3,2686933
-23.636,flush_begin,0,0
-23.623,flush_end,0,2686932
-23.607,trivial_move,3,2686930
-23.604,flush_begin,0,0
-23.591,flush_end,0,2686930
-23.575,trivial_move,3,2686930
-23.573,flush_begin,0,0
-23.560,flush_end,0,2686931
-23.543,trivial_move,3,2686932
-23.542,flush_begin,0,0
-23.529,flush_end,0,2686931
-23.513,trivial_move,3,2686930
-23.512,flush_begin,0,0
-23.498,flush_end,0,2686933
-23.482,trivial_move,3,2686932
-23.480,flush_begin,0,0
-23.466,flush_end,0,2686931
-23.450,trivial_move,3,2686930
-23.448,flush_begin,0,0
-23.434,flush_end,0,2686931
-23.419,trivial_move,3,2686931
-23.417,flush_begin,0,0
-23.404,flush_end,0,2686930
-23.388,trivial_move,3,2686931
-23.386,flush_begin,0,0
-23.373,flush_end,0,2686932
-23.356,trivial_move,3,2686931
-23.355,flush_begin,0,0
-23.340,flush_end,0,2686930
-23.324,trivial_move,3,2686931
-23.322,flush_begin,0,0
-23.307,flush_end,0,2686932
-23.291,trivial_move,3,2686931
-23.288,flush_begin,0,0
-23.274,flush_end,0,2686930
-23.257,trivial_move,3,2686930
-23.255,flush_begin,0,0
-23.242,flush_end,0,2686930
-23.226,trivial_move,3,2686932
-23.223,flush_begin,0,0
-23.210,flush_end,0,2686932
-23.194,trivial_move,3,2686930
-23.192,flush_begin,0,0
-23.178,flush_end,0,2686930
-23.161,trivial_move,3,2686931
-23.160,flush_begin,0,0
-23.147,flush_end,0,2686932
-23.131,trivial_move,3,2686931
-23.130,flush_begin,0,0
-23.117,flush_end,0,2686930
-23.101,trivial_move,3,2686930
-23.099,flush_begin,0,0
-23.085,flush_end,0,2686931
-23.068,trivial_move,3,2686932
-23.066,flush_begin,0,0
-23.054,flush_end,0,2686931
-23.038,trivial_move,3,2686930
-23.036,flush_begin,0,0
-23.023,flush_end,0,2686931
-23.007,trivial_move,3,2686932
-23.005,flush_begin,0,0
-22.992,flush_end,0,2686931
-22.975,trivial_move,3,2686930
-22.973,flush_begin,0,0
-22.961,flush_end,0,2686931
-22.945,trivial_move,3,2686932
-22.943,flush_begin,0,0
-22.929,flush_end,0,2686930
-22.914,trivial_move,3,2686931
-22.912,flush_begin,0,0
-22.898,flush_end,0,2686932
-22.881,trivial_move,3,2686931
-22.880,flush_begin,0,0
-22.866,flush_end,0,2686930
-22.850,trivial_move,3,2686931
-22.848,flush_begin,0,0
-22.834,flush_end,0,2686931
-22.819,trivial_move,3,2686930
-22.817,flush_begin,0,0
-22.802,flush_end,0,2686932
-22.785,trivial_move,3,2686930
-22.784,flush_begin,0,0
-22.769,flush_end,0,2686930
-22.754,trivial_move,3,2686931
-22.752,flush_begin,0,0
-22.736,flush_end,0,2686932
-22.720,trivial_move,3,2686931
-22.717,flush_begin,0,0
-22.702,flush_end,0,2686930
-22.686,trivial_move,3,2686931
-22.684,flush_begin,0,0
-22.668,flush_end,0,2686932
-22.653,trivial_move,3,2686931
-22.651,flush_begin,0,0
-22.636,flush_end,0,2686930
-22.621,trivial_move,3,2686930
-22.618,flush_begin,0,0
-22.604,flush_end,0,2686931
-22.588,trivial_move,3,2686932
-22.587,flush_begin,0,0
-22.572,flush_end,0,2686931
-22.556,trivial_move,3,2686930
-22.555,flush_begin,0,0
-22.544,flush_end,0,2686931
-22.528,trivial_move,3,2686932
-22.527,flush_begin,0,0
-22.517,flush_end,0,2686931
-22.500,trivial_move,3,2686930
-22.500,flush_begin,0,0
-22.490,flush_end,0,2686930
-22.474,trivial_move,3,2686931
-22.474,flush_begin,0,0
-22.463,flush_end,0,2686930
-22.447,trivial_move,3,2686931
-22.447,flush_begin,0,0
-22.436,flush_end,0,2686931
-22.420,trivial_move,3,2686930
-22.419,flush_begin,0,0
-22.408,flush_end,0,2686931
-22.392,trivial_move,3,2686932
-22.391,flush_begin,0,0
-22.380,flush_end,0,2686931
-22.364,trivial_move,3,2686930
-22.363,flush_begin,0,0
-22.351,flush_end,0,2686931
-22.336,trivial_move,3,2686931
-22.334,flush_begin,0,0
-22.322,flush_end,0,2686930
-22.306,trivial_move,3,2686931
-22.304,flush_begin,0,0
-22.292,flush_end,0,2686932
-22.276,trivial_move,3,2686933
-22.274,flush_begin,0,0
-22.262,flush_end,0,2686930
-22.245,trivial_move,3,2686931
-22.244,flush_begin,0,0
-22.231,flush_end,0,2686932
-22.215,trivial_move,3,2686931
-22.213,flush_begin,0,0
-22.201,flush_end,0,2686930
-22.185,trivial_move,3,2686930
-22.183,flush_begin,0,0
-22.169,flush_end,0,2686932
-22.154,trivial_move,3,2686932
-22.152,flush_begin,0,0
-22.139,flush_end,0,2686931
-22.123,trivial_move,3,2686930
-22.121,flush_begin,0,0
-22.109,flush_end,0,2686930
-22.093,trivial_move,3,2686932
-22.091,flush_begin,0,0
-22.077,flush_end,0,2686932
-22.062,trivial_move,3,2686930
-22.060,flush_begin,0,0
-22.047,flush_end,0,2686930
-22.031,trivial_move,3,2686930
-22.030,flush_begin,0,0
-22.017,flush_end,0,2686931
-22.001,trivial_move,3,2686932
-22.000,flush_begin,0,0
-21.986,flush_end,0,2686931
-21.971,trivial_move,3,2686930
-21.970,flush_begin,0,0
-21.956,flush_end,0,2686931
-21.940,trivial_move,3,2686932
-21.939,flush_begin,0,0
-21.924,flush_end,0,2686931
-21.909,trivial_move,3,2686930
-21.907,flush_begin,0,0
-21.892,flush_end,0,2686931
-21.877,trivial_move,3,2686931
-21.876,flush_begin,0,0
-21.861,flush_end,0,2686930
-21.846,trivial_move,3,2686931
-21.844,flush_begin,0,0
-21.829,flush_end,0,2686932
-21.814,trivial_move,3,2686931
-21.812,flush_begin,0,0
-21.798,flush_end,0,2686930
-21.782,trivial_move,3,2686931
-21.781,flush_begin,0,0
-21.766,flush_end,0,2686932
-21.751,trivial_move,3,2686931
-21.749,flush_begin,0,0
-21.733,flush_end,0,2686930
-21.717,trivial_move,3,2686930
-21.715,flush_begin,0,0
-21.700,flush_end,0,2686930
-21.684,trivial_move,3,2686932
-21.682,flush_begin,0,0
-21.667,flush_end,0,2686932
-21.651,trivial_move,3,2686930
-21.649,flush_begin,0,0
-21.634,flush_end,0,2686930
-21.618,trivial_move,3,2686931
-21.616,flush_begin,0,0
-21.601,flush_end,0,2686932
-21.585,trivial_move,3,2686932
-21.584,flush_begin,0,0
-21.568,flush_end,0,2686930
-21.553,trivial_move,3,2686930
-21.551,flush_begin,0,0
-21.536,flush_end,0,2686931
-21.520,trivial_move,3,2686932
-21.518,flush_begin,0,0
-21.503,flush_end,0,2686931
-21.487,trivial_move,3,2686930
-21.486,flush_begin,0,0
-21.472,flush_end,0,2686932
-21.457,trivial_move,3,2686932
-21.455,flush_begin,0,0
-21.441,flush_end,0,2686931
-21.422,trivial_move,3,2686930
-21.420,flush_begin,0,0
-21.407,flush_end,0,2686931
-21.391,trivial_move,3,2686931
-21.389,flush_begin,0,0
-21.375,flush_end,0,2686930
-21.359,trivial_move,3,2686931
-21.358,flush_begin,0,0
-21.345,flush_end,0,2686932
-21.329,trivial_move,3,2686931
-21.328,flush_begin,0,0
-21.316,flush_end,0,2686930
-21.299,trivial_move,3,2686931
-21.299,flush_begin,0,0
-21.286,flush_end,0,2686931
-21.270,trivial_move,3,2686930
-21.268,flush_begin,0,0
-21.256,flush_end,0,2686931
-21.240,trivial_move,3,2686930
-21.238,flush_begin,0,0
-21.225,flush_end,0,2686930
-21.209,trivial_move,3,2686931
-21.208,flush_begin,0,0
-21.194,flush_end,0,2686932
-21.179,trivial_move,3,2686931
-21.178,flush_begin,0,0
-21.166,flush_end,0,2686930
-21.150,trivial_move,3,2686931
-21.148,flush_begin,0,0
-21.136,flush_end,0,2686932
-21.119,trivial_move,3,2686931
-21.118,flush_begin,0,0
-21.105,flush_end,0,2686930
-21.090,trivial_move,3,2686930
-21.088,flush_begin,0,0
-21.075,flush_end,0,2686931
-21.059,trivial_move,3,2686932
-21.057,flush_begin,0,0
-21.043,flush_end,0,2686931
-21.027,trivial_move,3,2686930
-21.026,flush_begin,0,0
-21.013,flush_end,0,2686931
-20.996,trivial_move,3,2686932
-20.994,flush_begin,0,0
-20.980,flush_end,0,2686931
-20.965,trivial_move,3,2686930
-20.963,flush_begin,0,0
-20.949,flush_end,0,2686930
-20.933,trivial_move,3,2686932
-20.932,flush_begin,0,0
-20.918,flush_end,0,2686930
-20.903,trivial_move,3,2686931
-20.901,flush_begin,0,0
-20.886,flush_end,0,2686931
-20.870,trivial_move,3,2686930
-20.869,flush_begin,0,0
-20.855,flush_end,0,2686931
-20.838,trivial_move,3,2686932
-20.837,flush_begin,0,0
-20.823,flush_end,0,2686931
-20.808,trivial_move,3,2686930
-20.806,flush_begin,0,0
-20.794,flush_end,0,2686932
-20.778,trivial_move,3,2686931
-20.776,flush_begin,0,0
-20.762,flush_end,0,2686930
-20.746,trivial_move,3,2686931
-20.745,flush_begin,0,0
-20.731,flush_end,0,2686932
-20.716,trivial_move,3,2686931
-20.714,flush_begin,0,0
-20.701,flush_end,0,2686930
-20.685,trivial_move,3,2686931
-20.684,flush_begin,0,0
-20.670,flush_end,0,2686932
-20.654,trivial_move,3,2686931
-20.653,flush_begin,0,0
-20.639,flush_end,0,2686930
-20.624,trivial_move,3,2686930
-20.623,flush_begin,0,0
-20.609,flush_end,0,2686931
-20.594,trivial_move,3,2686932
-20.592,flush_begin,0,0
-20.578,flush_end,0,2686931
-20.562,trivial_move,3,2686930
-20.560,flush_begin,0,0
-20.546,flush_end,0,2686930
-20.531,trivial_move,3,2686932
-20.529,flush_begin,0,0
-20.515,flush_end,0,2686932
-20.499,trivial_move,3,2686930
-20.498,flush_begin,0,0
-20.482,flush_end,0,2686930
-20.466,trivial_move,3,2686930
-20.464,flush_begin,0,0
-20.449,flush_end,0,2686931
-20.434,trivial_move,3,2686932
-20.432,flush_begin,0,0
-20.417,flush_end,0,2686931
-20.402,trivial_move,3,2686930
-20.399,flush_begin,0,0
-20.383,flush_end,0,2686931
-20.366,trivial_move,3,2686932
-20.364,flush_begin,0,0
-20.349,flush_end,0,2686931
-20.333,trivial_move,3,2686930
-20.330,flush_begin,0,0
-20.315,flush_end,0,2686931
-20.300,trivial_move,3,2686931
-20.297,flush_begin,0,0
-20.280,flush_end,0,2686930
-20.265,trivial_move,3,2686931
-20.262,flush_begin,0,0
-20.246,flush_end,0,2686932
-20.231,trivial_move,3,2686932
-20.229,flush_begin,0,0
-20.213,flush_end,0,2686930
-20.197,trivial_move,3,2686931
-20.194,flush_begin,0,0
-20.179,flush_end,0,2686932
-20.163,trivial_move,3,2686931
-20.161,flush_begin,0,0
-20.146,flush_end,0,2686930
-20.131,trivial_move,3,2686930
-20.129,flush_begin,0,0
-20.114,flush_end,0,2686930
-20.099,trivial_move,3,2686932
-20.098,flush_begin,0,0
-20.083,flush_end,0,2686933
-20.068,trivial_move,3,2686930
-20.065,flush_begin,0,0
-20.051,flush_end,0,2686930
-20.035,trivial_move,3,2686931
-20.033,flush_begin,0,0
-20.018,flush_end,0,2686932
-20.003,trivial_move,3,2686931
-20.001,flush_begin,0,0
-19.987,flush_end,0,2686930
-19.971,trivial_move,3,2686930
-19.971,flush_begin,0,0
-19.957,flush_end,0,2686931
-19.942,trivial_move,3,2686932
-19.940,flush_begin,0,0
-19.926,flush_end,0,2686931
-19.910,trivial_move,3,2686930
-19.909,flush_begin,0,0
-19.895,flush_end,0,2686931
-19.879,trivial_move,3,2686932
-19.878,flush_begin,0,0
-19.863,flush_end,0,2686931
-19.848,trivial_move,3,2686930
-19.845,flush_begin,0,0
-19.830,flush_end,0,2686931
-19.814,trivial_move,3,2686931
-19.813,flush_begin,0,0
-19.799,flush_end,0,2686930
-19.783,trivial_move,3,2686931
-19.780,flush_begin,0,0
-19.765,flush_end,0,2686932
-19.748,trivial_move,3,2686931
-19.746,flush_begin,0,0
-19.731,flush_end,0,2686930
-19.715,trivial_move,3,2686931
-19.714,flush_begin,0,0
-19.699,flush_end,0,2686931
-19.683,trivial_move,3,2686930
-19.681,flush_begin,0,0
-19.666,flush_end,0,2686931
-19.650,trivial_move,3,2686930
-19.647,flush_begin,0,0
-19.633,flush_end,0,2686930
-19.616,trivial_move,3,2686931
-19.614,flush_begin,0,0
-19.599,flush_end,0,2686932
-19.583,trivial_move,3,2686931
-19.581,flush_begin,0,0
-19.565,flush_end,0,2686930
-19.550,trivial_move,3,2686931
-19.547,flush_begin,0,0
-19.533,flush_end,0,2686932
-19.516,trivial_move,3,2686932
-19.514,flush_begin,0,0
-19.500,flush_end,0,2686930
-19.484,trivial_move,3,2686930
-19.482,flush_begin,0,0
-19.467,flush_end,0,2686931
-19.451,trivial_move,3,2686932
-19.448,flush_begin,0,0
-19.435,flush_end,0,2686931
-19.418,trivial_move,3,2686930
-19.417,flush_begin,0,0
-19.403,flush_end,0,2686932
-19.387,trivial_move,3,2686932
-19.385,flush_begin,0,0
-19.370,flush_end,0,2686931
-19.355,trivial_move,3,2686930
-19.353,flush_begin,0,0
-19.339,flush_end,0,2686930
-19.323,trivial_move,3,2686931
-19.321,flush_begin,0,0
-19.306,flush_end,0,2686930
-19.291,trivial_move,3,2686931
-19.289,flush_begin,0,0
-19.275,flush_end,0,2686931
-19.260,trivial_move,3,2686930
-19.258,flush_begin,0,0
-19.243,flush_end,0,2686931
-19.227,trivial_move,3,2686932
-19.226,flush_begin,0,0
-19.212,flush_end,0,2686931
-19.197,trivial_move,3,2686930
-19.195,flush_begin,0,0
-19.181,flush_end,0,2686931
-19.165,trivial_move,3,2686931
-19.163,flush_begin,0,0
-19.149,flush_end,0,2686930
-19.132,trivial_move,3,2686931
-19.131,flush_begin,0,0
-19.116,flush_end,0,2686932
-19.101,trivial_move,3,2686931
-19.098,flush_begin,0,0
-19.083,flush_end,0,2686930
-19.068,trivial_move,3,2686931
-19.066,flush_begin,0,0
-19.052,flush_end,0,2686932
-19.036,trivial_move,3,2686931
-19.034,flush_begin,0,0
-19.019,flush_end,0,2686930
-19.004,trivial_move,3,2686930
-19.003,flush_begin,0,0
-18.989,flush_end,0,2686931
-18.972,trivial_move,3,2686932
-18.971,flush_begin,0,0
-18.956,flush_end,0,2686931
-18.939,trivial_move,3,2686930
-18.938,flush_begin,0,0
-18.924,flush_end,0,2686930
-18.908,trivial_move,3,2686932
-18.907,flush_begin,0,0
-18.893,flush_end,0,2686932
-18.877,trivial_move,3,2686930
-18.875,flush_begin,0,0
-18.861,flush_end,0,2686930
-18.845,trivial_move,3,2686930
-18.844,flush_begin,0,0
-18.830,flush_end,0,2686931
-18.815,trivial_move,3,2686933
-18.813,flush_begin,0,0
-18.798,flush_end,0,2686931
-18.783,trivial_move,3,2686930
-18.781,flush_begin,0,0
-18.767,flush_end,0,2686931
-18.750,trivial_move,3,2686932
-18.749,flush_begin,0,0
-18.733,flush_end,0,2686931
-18.718,trivial_move,3,2686930
-18.715,flush_begin,0,0
-18.700,flush_end,0,2686932
-18.685,trivial_move,3,2686931
-18.683,flush_begin,0,0
-18.667,flush_end,0,2686930
-18.651,trivial_move,3,2686931
-18.649,flush_begin,0,0
-18.634,flush_end,0,2686932
-18.618,trivial_move,3,2686931
-18.617,flush_begin,0,0
-18.601,flush_end,0,2686930
-18.586,trivial_move,3,2686931
-18.584,flush_begin,0,0
-18.569,flush_end,0,2686932
-18.553,trivial_move,3,2686931
-18.552,flush_begin,0,0
-18.537,flush_end,0,2686930
-18.521,trivial_move,3,2686930
-18.519,flush_begin,0,0
-18.504,flush_end,0,2686930
-18.489,trivial_move,3,2686932
-18.487,flush_begin,0,0
-18.472,flush_end,0,2686932
-18.456,trivial_move,3,2686930
-18.454,flush_begin,0,0
-18.439,flush_end,0,2686930
-18.424,trivial_move,3,2686931
-18.421,flush_begin,0,0
-18.406,flush_end,0,2686932
-18.390,trivial_move,3,2686931
-18.388,flush_begin,0,0
-18.373,flush_end,0,2686930
-18.357,trivial_move,3,2686930
-18.356,flush_begin,0,0
-18.341,flush_end,0,2686931
-18.323,trivial_move,3,2686932
-18.322,flush_begin,0,0
-18.307,flush_end,0,2686931
-18.291,trivial_move,3,2686930
-18.290,flush_begin,0,0
-18.275,flush_end,0,2686931
-18.259,trivial_move,3,2686932
-18.258,flush_begin,0,0
-18.243,flush_end,0,2686931
-18.228,trivial_move,3,2686930
-18.226,flush_begin,0,0
-18.211,flush_end,0,2686931
-18.195,trivial_move,3,2686931
-18.194,flush_begin,0,0
-18.180,flush_end,0,2686930
-18.163,trivial_move,3,2686931
-18.162,flush_begin,0,0
-18.148,flush_end,0,2686932
-18.132,trivial_move,3,2686932
-18.131,flush_begin,0,0
-18.116,flush_end,0,2686930
-18.101,trivial_move,3,2686931
-18.099,flush_begin,0,0
-18.084,flush_end,0,2686931
-18.068,trivial_move,3,2686930
-18.066,flush_begin,0,0
-18.052,flush_end,0,2686931
-18.036,trivial_move,3,2686930
-18.034,flush_begin,0,0
-18.019,flush_end,0,2686930
-18.004,trivial_move,3,2686931
-18.002,flush_begin,0,0
-17.988,flush_end,0,2686933
-17.972,trivial_move,3,2686931
-17.970,flush_begin,0,0
-17.956,flush_end,0,2686930
-17.941,trivial_move,3,2686931
-17.938,flush_begin,0,0
-17.923,flush_end,0,2686932
-17.908,trivial_move,3,2686931
-17.905,flush_begin,0,0
-17.890,flush_end,0,2686930
-17.875,trivial_move,3,2686930
-17.873,flush_begin,0,0
-17.858,flush_end,0,2686931
-17.843,trivial_move,3,2686932
-17.841,flush_begin,0,0
-17.827,flush_end,0,2686931
-17.812,trivial_move,3,2686930
-17.810,flush_begin,0,0
-17.795,flush_end,0,2686931
-17.779,trivial_move,3,2686932
-17.778,flush_begin,0,0
-17.764,flush_end,0,2686931
-17.749,trivial_move,3,2686930
-17.747,flush_begin,0,0
-17.732,flush_end,0,2686930
-17.717,trivial_move,3,2686931
-17.715,flush_begin,0,0
-17.702,flush_end,0,2686930
-17.685,trivial_move,3,2686931
-17.684,flush_begin,0,0
-17.670,flush_end,0,2686931
-17.655,trivial_move,3,2686930
-17.653,flush_begin,0,0
-17.639,flush_end,0,2686931
-17.623,trivial_move,3,2686932
-17.622,flush_begin,0,0
-17.607,flush_end,0,2686931
-17.591,trivial_move,3,2686930
-17.589,flush_begin,0,0
-17.574,flush_end,0,2686931
-17.558,trivial_move,3,2686931
-17.556,flush_begin,0,0
-17.540,flush_end,0,2686930
-17.525,trivial_move,3,2686931
-17.523,flush_begin,0,0
-17.509,flush_end,0,2686932
-17.492,trivial_move,3,2686931
-17.491,flush_begin,0,0
-17.478,flush_end,0,2686930
-17.463,trivial_move,3,2686931
-17.461,flush_begin,0,0
-17.447,flush_end,0,2686932
-17.432,trivial_move,3,2686932
-17.431,flush_begin,0,0
-17.418,flush_end,0,2686930
-17.401,trivial_move,3,2686930
-17.401,flush_begin,0,0
-17.387,flush_end,0,2686931
-17.371,trivial_move,3,2686932
-17.369,flush_begin,0,0
-17.354,flush_end,0,2686931
-17.339,trivial_move,3,2686930
-17.337,flush_begin,0,0
-17.322,flush_end,0,2686930
-17.306,trivial_move,3,2686932
-17.304,flush_begin,0,0
-17.289,flush_end,0,2686933
-17.275,trivial_move,3,2686930
-17.273,flush_begin,0,0
-17.258,flush_end,0,2686930
-17.243,trivial_move,3,2686930
-17.241,flush_begin,0,0
-17.225,flush_end,0,2686931
-17.209,trivial_move,3,2686932
-17.207,flush_begin,0,0
-17.192,flush_end,0,2686931
-17.177,trivial_move,3,2686930
-17.174,flush_begin,0,0
-17.159,flush_end,0,2686931
-17.144,trivial_move,3,2686932
-17.141,flush_begin,0,0
-17.125,flush_end,0,2686931
-17.109,trivial_move,3,2686930
-17.107,flush_begin,0,0
-17.091,flush_end,0,2686931
-17.075,trivial_move,3,2686931
-17.073,flush_begin,0,0
-17.057,flush_end,0,2686930
-17.042,trivial_move,3,2686931
-17.039,flush_begin,0,0
-17.024,flush_end,0,2686932
-17.008,trivial_move,3,2686931
-17.007,flush_begin,0,0
-16.992,flush_end,0,2686930
-16.977,trivial_move,3,2686931
-16.975,flush_begin,0,0
-16.960,flush_end,0,2686932
-16.945,trivial_move,3,2686931
-16.944,flush_begin,0,0
-16.929,flush_end,0,2686930
-16.913,trivial_move,3,2686930
-16.911,flush_begin,0,0
-16.897,flush_end,0,2686930
-16.880,trivial_move,3,2686932
-16.879,flush_begin,0,0
-16.865,flush_end,0,2686932
-16.848,trivial_move,3,2686930
-16.846,flush_begin,0,0
-16.831,flush_end,0,2686930
-16.814,trivial_move,3,2686931
-16.813,flush_begin,0,0
-16.798,flush_end,0,2686932
-16.783,trivial_move,3,2686931
-16.781,flush_begin,0,0
-16.766,flush_end,0,2686930
-16.751,trivial_move,3,2686930
-16.743,trivial_move,4,2686930
-16.742,flush_begin,0,0
-16.728,flush_end,0,2686931
-16.713,trivial_move,3,2686933
-16.705,trivial_move,4,2686931
-16.704,flush_begin,0,0
-16.688,flush_end,0,2686931
-16.672,trivial_move,3,2686930
-16.664,trivial_move,4,2686931
-16.663,flush_begin,0,0
-16.646,flush_end,0,2686931
-16.631,trivial_move,3,2686932
-16.622,trivial_move,4,2686931
-16.622,flush_begin,0,0
-16.607,flush_end,0,2686931
-16.592,trivial_move,3,2686930
-16.584,trivial_move,4,2686931
-16.582,flush_begin,0,0
-16.567,flush_end,0,2686933
-16.552,trivial_move,3,2686931
-16.543,trivial_move,4,2686930
-16.542,flush_begin,0,0
-16.527,flush_end,0,2686930
-16.512,trivial_move,3,2686931
-16.504,trivial_move,4,2686932
-16.504,flush_begin,0,0
-16.488,flush_end,0,2686932
-16.473,trivial_move,3,2686931
-16.465,trivial_move,4,2686930
-16.464,flush_begin,0,0
-16.448,flush_end,0,2686930
-16.432,trivial_move,3,2686931
-16.424,trivial_move,4,2686932
-16.422,flush_begin,0,0
-16.406,flush_end,0,2686931
-16.390,trivial_move,3,2686930
-16.381,trivial_move,4,2686930
-16.380,flush_begin,0,0
-16.363,flush_end,0,2686931
-16.347,trivial_move,3,2686930
-16.339,trivial_move,4,2686931
-16.337,flush_begin,0,0
-16.320,flush_end,0,2686930
-16.305,trivial_move,3,2686931
-16.296,trivial_move,4,2686931
-16.295,flush_begin,0,0
-16.279,flush_end,0,2686932
-16.263,trivial_move,3,2686931
-16.255,trivial_move,4,2686930
-16.253,flush_begin,0,0
-16.237,flush_end,0,2686930
-16.219,trivial_move,3,2686931
-16.211,trivial_move,4,2686932
-16.209,flush_begin,0,0
-16.193,flush_end,0,2686932
-16.176,trivial_move,3,2686931
-16.168,trivial_move,4,2686930
-16.167,flush_begin,0,0
-16.151,flush_end,0,2686930
-16.134,trivial_move,3,2686930
-16.126,trivial_move,4,2686931
-16.125,flush_begin,0,0
-16.108,flush_end,0,2686931
-16.092,trivial_move,3,2686932
-16.084,trivial_move,4,2686931
-16.082,flush_begin,0,0
-16.066,flush_end,0,2686931
-16.049,trivial_move,3,2686930
-16.041,trivial_move,4,2686931
-16.039,flush_begin,0,0
-16.021,flush_end,0,2686931
-16.004,trivial_move,3,2686932
-15.995,trivial_move,4,2686931
-15.994,flush_begin,0,0
-15.976,flush_end,0,2686931
-15.959,trivial_move,3,2686930
-15.951,trivial_move,4,2686931
-15.949,flush_begin,0,0
-15.932,flush_end,0,2686930
-15.914,trivial_move,3,2686931
-15.906,trivial_move,4,2686930
-15.905,flush_begin,0,0
-15.887,flush_end,0,2686930
-15.869,trivial_move,3,2686931
-15.861,trivial_move,4,2686933
-15.860,flush_begin,0,0
-15.839,flush_end,0,2686931
-15.822,trivial_move,3,2686930
-15.814,trivial_move,4,2686930
-15.814,flush_begin,0,0
-15.797,flush_end,0,2686931
-15.784,trivial_move,3,2686933
-15.771,trivial_move,4,2686932
-15.771,flush_begin,0,0
-15.753,flush_end,0,2686931
-15.738,trivial_move,3,2686930
-15.731,trivial_move,4,2686930
-15.731,flush_begin,0,0
-15.714,flush_end,0,2686931
-15.698,trivial_move,3,2686931
-15.689,trivial_move,4,2686930
-15.689,flush_begin,0,0
-15.671,flush_end,0,2686930
-15.655,trivial_move,3,2686931
-15.646,trivial_move,4,2686932
-15.646,flush_begin,0,0
-15.627,flush_end,0,2686933
-15.612,trivial_move,3,2686931
-15.604,trivial_move,4,2686930
-15.602,flush_begin,0,0
-15.583,flush_end,0,2686930
-15.567,trivial_move,3,2686931
-15.559,trivial_move,4,2686932
-15.557,flush_begin,0,0
-15.539,flush_end,0,2686932
-15.521,trivial_move,3,2686931
-15.514,trivial_move,4,2686930
-15.513,flush_begin,0,0
-15.493,flush_end,0,2686930
-15.477,trivial_move,3,2686930
-15.470,trivial_move,4,2686931
-15.468,flush_begin,0,0
-15.449,flush_end,0,2686931
-15.434,trivial_move,3,2686932
-15.425,trivial_move,4,2686931
-15.425,flush_begin,0,0
-15.407,flush_end,0,2686931
-15.390,trivial_move,3,2686930
-15.382,trivial_move,4,2686931
-15.380,flush_begin,0,0
-15.360,flush_end,0,2686930
-15.345,trivial_move,3,2686932
-15.336,trivial_move,4,2686931
-15.335,flush_begin,0,0
-15.315,flush_end,0,2686932
-15.298,trivial_move,3,2686930
-15.291,trivial_move,4,2686931
-15.290,flush_begin,0,0
-15.272,flush_end,0,2686930
-15.254,trivial_move,3,2686930
-15.247,trivial_move,4,2686930
-15.246,flush_begin,0,0
-15.228,flush_end,0,2686931
-15.211,trivial_move,3,2686932
-15.204,trivial_move,4,2686932
-15.203,flush_begin,0,0
-15.184,flush_end,0,2686931
-15.167,trivial_move,3,2686930
-15.158,trivial_move,4,2686930
-15.158,flush_begin,0,0
-15.140,flush_end,0,2686931
-15.125,trivial_move,3,2686932
-15.116,trivial_move,4,2686931
-15.116,flush_begin,0,0
-15.096,flush_end,0,2686931
-15.080,trivial_move,3,2686930
-15.071,trivial_move,4,2686931
-15.071,flush_begin,0,0
-15.052,flush_end,0,2686931
-15.035,trivial_move,3,2686931
-15.026,trivial_move,4,2686930
-15.026,flush_begin,0,0
-15.009,flush_end,0,2686930
-14.994,trivial_move,3,2686931
-14.985,trivial_move,4,2686932
-14.985,flush_begin,0,0
-14.967,flush_end,0,2686932
-14.951,trivial_move,3,2686931
-14.943,trivial_move,4,2686930
-14.943,flush_begin,0,0
-14.924,flush_end,0,2686930
-14.909,trivial_move,3,2686931
-14.900,trivial_move,4,2686933
-14.900,flush_begin,0,0
-14.882,flush_end,0,2686932
-14.865,trivial_move,3,2686933
-14.857,trivial_move,4,2686930
-14.855,flush_begin,0,0
-14.836,flush_end,0,2686930
-14.819,trivial_move,3,2686930
-14.813,trivial_move,4,2686931
-14.813,flush_begin,0,0
-14.794,flush_end,0,2686930
-14.778,trivial_move,3,2686932
-14.770,trivial_move,4,2686931
-14.769,flush_begin,0,0
-14.750,flush_end,0,2686932
-14.734,trivial_move,3,2686930
-14.726,trivial_move,4,2686931
-14.726,flush_begin,0,0
-14.707,flush_end,0,2686930
-14.692,trivial_move,3,2686931
-14.684,trivial_move,4,2686931
-14.683,flush_begin,0,0
-14.663,flush_end,0,2686933
-14.648,trivial_move,3,2686931
-14.640,trivial_move,4,2686930
-14.638,flush_begin,0,0
-14.619,flush_end,0,2686930
-14.604,trivial_move,3,2686930
-14.594,trivial_move,4,2686930
-14.593,flush_begin,0,0
-14.574,flush_end,0,2686931
-14.558,trivial_move,3,2686932
-14.550,trivial_move,4,2686931
-14.550,flush_begin,0,0
-14.531,flush_end,0,2686931
-14.514,trivial_move,3,2686930
-14.507,trivial_move,4,2686931
-14.505,flush_begin,0,0
-14.484,flush_end,0,2686931
-14.466,trivial_move,3,2686932
-14.458,trivial_move,4,2686931
-14.456,flush_begin,0,0
-14.437,flush_end,0,2686931
-14.420,trivial_move,3,2686930
-14.414,trivial_move,4,2686931
-14.414,flush_begin,0,0
-14.396,flush_end,0,2686931
-14.379,trivial_move,3,2686931
-14.371,trivial_move,4,2686930
-14.371,flush_begin,0,0
-14.353,flush_end,0,2686930
-14.337,trivial_move,3,2686931
-14.328,trivial_move,4,2686932
-14.327,flush_begin,0,0
-14.309,flush_end,0,2686932
-14.293,trivial_move,3,2686931
-14.284,trivial_move,4,2686930
-14.283,flush_begin,0,0
-14.265,flush_end,0,2686930
-14.249,trivial_move,3,2686931
-14.241,trivial_move,4,2686932
-14.239,flush_begin,0,0
-14.221,flush_end,0,2686931
-14.204,trivial_move,3,2686930
-14.197,trivial_move,4,2686930
-14.197,flush_begin,0,0
-14.180,flush_end,0,2686931
-14.163,trivial_move,3,2686930
-14.155,trivial_move,4,2686931
-14.153,flush_begin,0,0
-14.137,flush_end,0,2686930
-14.119,trivial_move,3,2686931
-14.111,trivial_move,4,2686931
-14.111,flush_begin,0,0
-14.098,flush_end,0,2686932
-14.082,trivial_move,3,2686931
-14.074,trivial_move,4,2686930
-14.073,flush_begin,0,0
-14.063,flush_end,0,2686930
-14.046,trivial_move,3,2686931
-14.046,flush_begin,0,0
-14.035,flush_end,0,2686932
-14.019,trivial_move,3,2686931
-14.019,flush_begin,0,0
-14.007,flush_end,0,2686930
-13.991,trivial_move,3,2686930
-13.991,flush_begin,0,0
-13.980,flush_end,0,2686931
-13.963,trivial_move,3,2686933
-13.956,trivial_move,4,2686932
-13.956,flush_begin,0,0
-13.944,flush_end,0,2686931
-13.926,trivial_move,3,2686930
-13.926,flush_begin,0,0
-13.915,flush_end,0,2686931
-13.899,trivial_move,3,2686932
-13.891,trivial_move,4,2686930
-13.891,flush_begin,0,0
-13.878,flush_end,0,2686931
-13.863,trivial_move,3,2686930
-13.855,trivial_move,4,2686932
-13.855,flush_begin,0,0
-13.842,flush_end,0,2686930
-13.825,trivial_move,3,2686931
-13.825,flush_begin,0,0
-13.812,flush_end,0,2686930
-13.796,trivial_move,3,2686931
-13.788,trivial_move,4,2686931
-13.788,flush_begin,0,0
-13.774,flush_end,0,2686931
-13.758,trivial_move,3,2686930
-13.750,trivial_move,4,2686931
-13.742,trivial_move,4,2686931
-13.742,flush_begin,0,0
-13.726,flush_end,0,2686931
-13.711,trivial_move,3,2686932
-13.703,trivial_move,4,2686931
-13.703,flush_begin,0,0
-13.687,flush_end,0,2686931
-13.672,trivial_move,3,2686930
-13.664,trivial_move,4,2686930
-13.656,trivial_move,4,2686932
-13.656,flush_begin,0,0
-13.639,flush_end,0,2686931
-13.623,trivial_move,3,2686931
-13.615,trivial_move,4,2686930
-13.607,trivial_move,4,2686932
-13.607,flush_begin,0,0
-13.589,flush_end,0,2686930
-13.574,trivial_move,3,2686931
-13.566,trivial_move,4,2686930
-13.557,trivial_move,4,2686930
-13.557,flush_begin,0,0
-13.541,flush_end,0,2686932
-13.525,trivial_move,3,2686931
-13.517,trivial_move,4,2686932
-13.509,trivial_move,4,2686930
-13.507,flush_begin,0,0
-13.490,flush_end,0,2686930
-13.474,trivial_move,3,2686931
-13.466,trivial_move,4,2686932
-13.465,flush_begin,0,0
-13.449,flush_end,0,2686932
-13.432,trivial_move,3,2686931
-13.425,trivial_move,4,2686930
-13.424,flush_begin,0,0
-13.407,flush_end,0,2686930
-13.391,trivial_move,3,2686930
-13.383,trivial_move,4,2686931
-13.381,flush_begin,0,0
-13.362,flush_end,0,2686931
-13.347,trivial_move,3,2686932
-13.339,trivial_move,4,2686931
-13.337,flush_begin,0,0
-13.317,flush_end,0,2686931
-13.302,trivial_move,3,2686930
-13.293,trivial_move,4,2686931
-13.293,flush_begin,0,0
-13.275,flush_end,0,2686930
-13.258,trivial_move,3,2686932
-13.250,trivial_move,4,2686931
-13.248,flush_begin,0,0
-13.230,flush_end,0,2686932
-13.214,trivial_move,3,2686930
-13.206,trivial_move,4,2686931
-13.205,flush_begin,0,0
-13.186,flush_end,0,2686930
-13.171,trivial_move,3,2686930
-13.162,trivial_move,4,2686930
-13.162,flush_begin,0,0
-13.142,flush_end,0,2686931
-13.126,trivial_move,3,2686932
-13.118,trivial_move,4,2686933
-13.117,flush_begin,0,0
-13.097,flush_end,0,2686931
-13.081,trivial_move,3,2686930
-13.074,trivial_move,4,2686930
-13.072,flush_begin,0,0
-13.052,flush_end,0,2686931
-13.037,trivial_move,3,2686933
-13.028,trivial_move,4,2686931
-13.027,flush_begin,0,0
-13.005,flush_end,0,2686931
-12.990,trivial_move,3,2686930
-12.982,trivial_move,4,2686931
-12.980,flush_begin,0,0
-12.959,flush_end,0,2686931
-12.944,trivial_move,3,2686931
-12.936,trivial_move,4,2686930
-12.934,flush_begin,0,0
-12.916,flush_end,0,2686930
-12.901,trivial_move,3,2686931
-12.893,trivial_move,4,2686932
-12.892,flush_begin,0,0
-12.871,flush_end,0,2686933
-12.855,trivial_move,3,2686931
-12.847,trivial_move,4,2686930
-12.845,flush_begin,0,0
-12.826,flush_end,0,2686930
-12.811,trivial_move,3,2686931
-12.802,trivial_move,4,2686932
-12.802,flush_begin,0,0
-12.783,flush_end,0,2686932
-12.768,trivial_move,3,2686931
-12.759,trivial_move,4,2686930
-12.759,flush_begin,0,0
-12.741,flush_end,0,2686930
-12.726,trivial_move,3,2686930
-12.717,trivial_move,4,2686931
-12.716,flush_begin,0,0
-12.695,flush_end,0,2686930
-12.680,trivial_move,3,2686932
-12.672,trivial_move,4,2686931
-12.671,flush_begin,0,0
-12.652,flush_end,0,2686932
-12.636,trivial_move,3,2686930
-12.627,trivial_move,4,2686931
-12.627,flush_begin,0,0
-12.607,flush_end,0,2686930
-12.591,trivial_move,3,2686931
-12.584,trivial_move,4,2686931
-12.582,flush_begin,0,0
-12.563,flush_end,0,2686932
-12.548,trivial_move,3,2686931
-12.539,trivial_move,4,2686930
-12.539,flush_begin,0,0
-12.519,flush_end,0,2686930
-12.503,trivial_move,3,2686930
-12.496,trivial_move,4,2686930
-12.494,flush_begin,0,0
-12.477,flush_end,0,2686931
-12.460,trivial_move,3,2686932
-12.452,trivial_move,4,2686931
-12.451,flush_begin,0,0
-12.435,flush_end,0,2686931
-12.418,trivial_move,3,2686930
-12.410,trivial_move,4,2686931
-12.409,flush_begin,0,0
-12.392,flush_end,0,2686931
-12.375,trivial_move,3,2686932
-12.367,trivial_move,4,2686931
-12.366,flush_begin,0,0
-12.349,flush_end,0,2686931
-12.333,trivial_move,3,2686930
-12.323,trivial_move,4,2686931
-12.321,flush_begin,0,0
-12.305,flush_end,0,2686931
-12.288,trivial_move,3,2686931
-12.280,trivial_move,4,2686930
-12.278,flush_begin,0,0
-12.260,flush_end,0,2686930
-12.243,trivial_move,3,2686931
-12.235,trivial_move,4,2686932
-12.233,flush_begin,0,0
-12.215,flush_end,0,2686932
-12.198,trivial_move,3,2686931
-12.189,trivial_move,4,2686930
-12.188,flush_begin,0,0
-12.169,flush_end,0,2686930
-12.152,trivial_move,3,2686931
-12.144,trivial_move,4,2686933
-12.144,flush_begin,0,0
-12.127,flush_end,0,2686931
-12.110,trivial_move,3,2686930
-12.102,trivial_move,4,2686930
-12.102,flush_begin,0,0
-12.083,flush_end,0,2686931
-12.066,trivial_move,3,2686930
-12.058,trivial_move,4,2686931
-12.057,flush_begin,0,0
-12.038,flush_end,0,2686930
-12.020,trivial_move,3,2686931
-12.011,trivial_move,4,2686931
-12.011,flush_begin,0,0
-11.994,flush_end,0,2686932
-11.977,trivial_move,3,2686931
-11.969,trivial_move,4,2686930
-11.969,flush_begin,0,0
-11.952,flush_end,0,2686930
-11.935,trivial_move,3,2686931
-11.927,trivial_move,4,2686932
-11.924,flush_begin,0,0
-11.907,flush_end,0,2686933
-11.890,trivial_move,3,2686931
-11.880,trivial_move,4,2686930
-11.879,flush_begin,0,0
-11.859,flush_end,0,2686930
-11.843,trivial_move,3,2686930
-11.836,trivial_move,4,2686931
-11.834,flush_begin,0,0
-11.815,flush_end,0,2686931
-11.800,trivial_move,3,2686932
-11.792,trivial_move,4,2686931
-11.791,flush_begin,0,0
-11.770,flush_end,0,2686931
-11.754,trivial_move,3,2686930
-11.746,trivial_move,4,2686931
-11.745,flush_begin,0,0
-11.730,flush_end,0,2686931
-11.714,trivial_move,3,2686932
-11.706,trivial_move,4,2686931
-11.706,flush_begin,0,0
-11.690,flush_end,0,2686931
-11.674,trivial_move,3,2686930
-11.666,trivial_move,4,2686931
-11.665,flush_begin,0,0
-11.649,flush_end,0,2686930
-11.633,trivial_move,3,2686931
-11.624,trivial_move,4,2686930
-11.623,flush_begin,0,0
-11.607,flush_end,0,2686930
-11.591,trivial_move,3,2686931
-11.583,trivial_move,4,2686932
-11.582,flush_begin,0,0
-11.564,flush_end,0,2686931
-11.548,trivial_move,3,2686930
-11.540,trivial_move,4,2686930
-11.538,flush_begin,0,0
-11.521,flush_end,0,2686931
-11.506,trivial_move,3,2686932
-11.498,trivial_move,4,2686932
-11.496,flush_begin,0,0
-11.479,flush_end,0,2686931
-11.463,trivial_move,3,2686930
-11.455,trivial_move,4,2686930
-11.452,flush_begin,0,0
-11.435,flush_end,0,2686931
-11.418,trivial_move,3,2686931
-11.409,trivial_move,4,2686930
-11.407,flush_begin,0,0
-11.390,flush_end,0,2686930
-11.372,trivial_move,3,2686931
-11.364,trivial_move,4,2686932
-11.363,flush_begin,0,0
-11.344,flush_end,0,2686932
-11.327,trivial_move,3,2686931
-11.319,trivial_move,4,2686930
-11.318,flush_begin,0,0
-11.301,flush_end,0,2686930
-11.285,trivial_move,3,2686931
-11.277,trivial_move,4,2686932
-11.276,flush_begin,0,0
-11.256,flush_end,0,2686932
-11.241,trivial_move,3,2686931
-11.232,trivial_move,4,2686930
-11.231,flush_begin,0,0
-11.211,flush_end,0,2686930
-11.196,trivial_move,3,2686930
-11.187,trivial_move,4,2686932
-11.187,flush_begin,0,0
-11.168,flush_end,0,2686931
-11.152,trivial_move,3,2686933
-11.144,trivial_move,4,2686931
-11.143,flush_begin,0,0
-11.123,flush_end,0,2686931
-11.107,trivial_move,3,2686930
-11.099,trivial_move,4,2686931
-11.099,flush_begin,0,0
-11.078,flush_end,0,2686930
-11.063,trivial_move,3,2686932
-11.054,trivial_move,4,2686931
-11.054,flush_begin,0,0
-11.036,flush_end,0,2686932
-11.020,trivial_move,3,2686930
-11.012,trivial_move,4,2686931
-11.011,flush_begin,0,0
-10.991,flush_end,0,2686930
-10.976,trivial_move,3,2686930
-10.967,trivial_move,4,2686930
-10.966,flush_begin,0,0
-10.945,flush_end,0,2686932
-10.928,trivial_move,3,2686932
-10.920,trivial_move,4,2686932
-10.920,flush_begin,0,0
-10.902,flush_end,0,2686931
-10.884,trivial_move,3,2686930
-10.877,trivial_move,4,2686930
-10.874,flush_begin,0,0
-10.855,flush_end,0,2686931
-10.838,trivial_move,3,2686932
-10.829,trivial_move,4,2686931
-10.829,flush_begin,0,0
-10.812,flush_end,0,2686931
-10.796,trivial_move,3,2686930
-10.788,trivial_move,4,2686931
-10.788,flush_begin,0,0
-10.771,flush_end,0,2686931
-10.755,trivial_move,3,2686931
-10.746,trivial_move,4,2686930
-10.745,flush_begin,0,0
-10.729,flush_end,0,2686930
-10.713,trivial_move,3,2686931
-10.705,trivial_move,4,2686932
-10.703,flush_begin,0,0
-10.686,flush_end,0,2686932
-10.670,trivial_move,3,2686931
-10.661,trivial_move,4,2686930
-10.660,flush_begin,0,0
-10.644,flush_end,0,2686930
-10.627,trivial_move,3,2686931
-10.619,trivial_move,4,2686932
-10.618,flush_begin,0,0
-10.602,flush_end,0,2686932
-10.586,trivial_move,3,2686931
-10.578,trivial_move,4,2686930
-10.577,flush_begin,0,0
-10.561,flush_end,0,2686930
-10.545,trivial_move,3,2686930
-10.536,trivial_move,4,2686931
-10.536,flush_begin,0,0
-10.519,flush_end,0,2686930
-10.503,trivial_move,3,2686932
-10.495,trivial_move,4,2686931
-10.493,flush_begin,0,0
-10.477,flush_end,0,2686932
-10.461,trivial_move,3,2686930
-10.452,trivial_move,4,2686931
-10.451,flush_begin,0,0
-10.433,flush_end,0,2686930
-10.417,trivial_move,3,2686931
-10.408,trivial_move,4,2686931
-10.406,flush_begin,0,0
-10.388,flush_end,0,2686932
-10.371,trivial_move,3,2686931
-10.364,trivial_move,4,2686930
-10.362,flush_begin,0,0
-10.345,flush_end,0,2686930
-10.328,trivial_move,3,2686930
-10.319,trivial_move,4,2686930
-10.318,flush_begin,0,0
-10.301,flush_end,0,2686931
-10.286,trivial_move,3,2686932
-10.278,trivial_move,4,2686931
-10.276,flush_begin,0,0
-10.258,flush_end,0,2686931
-10.240,trivial_move,3,2686930
-10.232,trivial_move,4,2686932
-10.232,flush_begin,0,0
-10.213,flush_end,0,2686931
-10.195,trivial_move,3,2686933
-10.186,trivial_move,4,2686931
-10.186,flush_begin,0,0
-10.166,flush_end,0,2686931
-10.149,trivial_move,3,2686930
-10.143,trivial_move,4,2686931
-10.143,flush_begin,0,0
-10.122,flush_end,0,2686931
-10.105,trivial_move,3,2686931
-10.097,trivial_move,4,2686930
-10.097,flush_begin,0,0
-10.077,flush_end,0,2686930
-10.060,trivial_move,3,2686931
-10.052,trivial_move,4,2686932
-10.052,flush_begin,0,0
-10.034,flush_end,0,2686933
-10.016,trivial_move,3,2686931
-10.008,trivial_move,4,2686930
-10.008,flush_begin,0,0
-9.989,flush_end,0,2686930
-9.972,trivial_move,3,2686931
-9.964,trivial_move,4,2686932
-9.963,flush_begin,0,0
-9.944,flush_end,0,2686931
-9.927,trivial_move,3,2686930
-9.917,trivial_move,4,2686930
-9.917,flush_begin,0,0
-9.900,flush_end,0,2686931
-9.882,trivial_move,3,2686930
-9.874,trivial_move,4,2686931
-9.874,flush_begin,0,0
-9.855,flush_end,0,2686930
-9.837,trivial_move,3,2686931
-9.828,trivial_move,4,2686931
-9.828,flush_begin,0,0
-9.810,flush_end,0,2686932
-9.792,trivial_move,3,2686931
-9.784,trivial_move,4,2686930
-9.784,flush_begin,0,0
-9.768,flush_end,0,2686930
-9.753,trivial_move,3,2686931
-9.746,trivial_move,4,2686932
-9.744,flush_begin,0,0
-9.725,flush_end,0,2686932
-9.708,trivial_move,3,2686931
-9.699,trivial_move,4,2686930
-9.699,flush_begin,0,0
-9.682,flush_end,0,2686930
-9.666,trivial_move,3,2686930
-9.657,trivial_move,4,2686931
-9.657,flush_begin,0,0
-9.640,flush_end,0,2686931
-9.623,trivial_move,3,2686932
-9.615,trivial_move,4,2686931
-9.614,flush_begin,0,0
-9.595,flush_end,0,2686931
-9.579,trivial_move,3,2686930
-9.570,trivial_move,4,2686931
-9.569,flush_begin,0,0
-9.550,flush_end,0,2686931
-9.534,trivial_move,3,2686932
-9.525,trivial_move,4,2686931
-9.524,flush_begin,0,0
-9.505,flush_end,0,2686931
-9.488,trivial_move,3,2686930
-9.480,trivial_move,4,2686931
-9.480,flush_begin,0,0
-9.464,flush_end,0,2686930
-9.447,trivial_move,3,2686931
-9.439,trivial_move,4,2686930
-9.439,flush_begin,0,0
-9.423,flush_end,0,2686930
-9.408,trivial_move,3,2686931
-9.399,trivial_move,4,2686932
-9.398,flush_begin,0,0
-9.381,flush_end,0,2686931
-9.365,trivial_move,3,2686930
-9.358,trivial_move,4,2686930
-9.356,flush_begin,0,0
-9.340,flush_end,0,2686931
-9.322,trivial_move,3,2686932
-9.314,trivial_move,4,2686933
-9.313,flush_begin,0,0
-9.296,flush_end,0,2686931
-9.280,trivial_move,3,2686930
-9.272,trivial_move,4,2686930
-9.271,flush_begin,0,0
-9.255,flush_end,0,2686931
-9.238,trivial_move,3,2686932
-9.231,trivial_move,4,2686930
-9.229,flush_begin,0,0
-9.212,flush_end,0,2686930
-9.196,trivial_move,3,2686931
-9.187,trivial_move,4,2686932
-9.186,flush_begin,0,0
-9.168,flush_end,0,2686932
-9.151,trivial_move,3,2686931
-9.144,trivial_move,4,2686930
-9.142,flush_begin,0,0
-9.124,flush_end,0,2686930
-9.107,trivial_move,3,2686931
-9.099,trivial_move,4,2686932
-9.098,flush_begin,0,0
-9.080,flush_end,0,2686933
-9.062,trivial_move,3,2686931
-9.054,trivial_move,4,2686930
-9.052,flush_begin,0,0
-9.034,flush_end,0,2686930
-9.017,trivial_move,3,2686930
-9.009,trivial_move,4,2686931
-9.009,flush_begin,0,0
-8.991,flush_end,0,2686931
-8.974,trivial_move,3,2686932
-8.966,trivial_move,4,2686931
-8.966,flush_begin,0,0
-8.947,flush_end,0,2686931
-8.929,trivial_move,3,2686930
-8.921,trivial_move,4,2686931
-8.921,flush_begin,0,0
-8.903,flush_end,0,2686930
-8.886,trivial_move,3,2686932
-8.878,trivial_move,4,2686931
-8.876,flush_begin,0,0
-8.858,flush_end,0,2686932
-8.840,trivial_move,3,2686930
-8.832,trivial_move,4,2686931
-8.832,flush_begin,0,0
-8.812,flush_end,0,2686930
-8.795,trivial_move,3,2686930
-8.788,trivial_move,4,2686930
-8.786,flush_begin,0,0
-8.766,flush_end,0,2686931
-8.749,trivial_move,3,2686932
-8.741,trivial_move,4,2686932
-8.740,flush_begin,0,0
-8.721,flush_end,0,2686931
-8.704,trivial_move,3,2686930
-8.696,trivial_move,4,2686930
-8.696,flush_begin,0,0
-8.678,flush_end,0,2686931
-8.661,trivial_move,3,2686932
-8.653,trivial_move,4,2686931
-8.653,flush_begin,0,0
-8.635,flush_end,0,2686931
-8.618,trivial_move,3,2686930
-8.610,trivial_move,4,2686931
-8.610,flush_begin,0,0
-8.590,flush_end,0,2686931
-8.574,trivial_move,3,2686931
-8.566,trivial_move,4,2686930
-8.565,flush_begin,0,0
-8.547,flush_end,0,2686930
-8.530,trivial_move,3,2686931
-8.522,trivial_move,4,2686932
-8.521,flush_begin,0,0
-8.502,flush_end,0,2686932
-8.484,trivial_move,3,2686931
-8.476,trivial_move,4,2686930
-8.475,flush_begin,0,0
-8.455,flush_end,0,2686930
-8.438,trivial_move,3,2686931
-8.430,trivial_move,4,2686932
-8.430,flush_begin,0,0
-8.411,flush_end,0,2686932
-8.394,trivial_move,3,2686931
-8.386,trivial_move,4,2686930
-8.385,flush_begin,0,0
-8.365,flush_end,0,2686930
-8.348,trivial_move,3,2686930
-8.340,trivial_move,4,2686932
-8.339,flush_begin,0,0
-8.319,flush_end,0,2686930
-8.302,trivial_move,3,2686933
-8.294,trivial_move,4,2686931
-8.294,flush_begin,0,0
-8.275,flush_end,0,2686932
-8.258,trivial_move,3,2686930
-8.250,trivial_move,4,2686931
-8.250,flush_begin,0,0
-8.233,flush_end,0,2686930
-8.216,trivial_move,3,2686931
-8.208,trivial_move,4,2686931
-8.207,flush_begin,0,0
-8.191,flush_end,0,2686932
-8.175,trivial_move,3,2686931
-8.167,trivial_move,4,2686930
-8.166,flush_begin,0,0
-8.149,flush_end,0,2686930
-8.134,trivial_move,3,2686930
-8.125,trivial_move,4,2686930
-8.124,flush_begin,0,0
-8.108,flush_end,0,2686932
-8.091,trivial_move,3,2686932
-8.083,trivial_move,4,2686931
-8.082,flush_begin,0,0
-8.065,flush_end,0,2686931
-8.048,trivial_move,3,2686930
-8.040,trivial_move,4,2686931
-8.039,flush_begin,0,0
-8.022,flush_end,0,2686931
-8.005,trivial_move,3,2686932
-7.998,trivial_move,4,2686931
-7.995,flush_begin,0,0
-7.977,flush_end,0,2686931
-7.960,trivial_move,3,2686930
-7.952,trivial_move,4,2686931
-7.951,flush_begin,0,0
-7.934,flush_end,0,2686931
-7.916,trivial_move,3,2686931
-7.908,trivial_move,4,2686930
-7.907,flush_begin,0,0
-7.890,flush_end,0,2686930
-7.873,trivial_move,3,2686931
-7.866,trivial_move,4,2686932
-7.863,flush_begin,0,0
-7.845,flush_end,0,2686932
-7.827,trivial_move,3,2686931
-7.819,trivial_move,4,2686930
-7.817,flush_begin,0,0
-7.800,flush_end,0,2686930
-7.783,trivial_move,3,2686931
-7.775,trivial_move,4,2686932
-7.772,flush_begin,0,0
-7.756,flush_end,0,2686931
-7.740,trivial_move,3,2686930
-7.732,trivial_move,4,2686930
-7.731,flush_begin,0,0
-7.714,flush_end,0,2686931
-7.698,trivial_move,3,2686930
-7.689,trivial_move,4,2686931
-7.688,flush_begin,0,0
-7.671,flush_end,0,2686930
-7.655,trivial_move,3,2686931
-7.647,trivial_move,4,2686931
-7.645,flush_begin,0,0
-7.628,flush_end,0,2686932
-7.612,trivial_move,3,2686931
-7.603,trivial_move,4,2686930
-7.602,flush_begin,0,0
-7.584,flush_end,0,2686930
-7.569,trivial_move,3,2686931
-7.561,trivial_move,4,2686932
-7.559,flush_begin,0,0
-7.541,flush_end,0,2686932
-7.526,trivial_move,3,2686931
-7.518,trivial_move,4,2686930
-7.516,flush_begin,0,0
-7.499,flush_end,0,2686930
-7.482,trivial_move,3,2686930
-7.475,trivial_move,4,2686931
-7.473,flush_begin,0,0
-7.456,flush_end,0,2686931
-7.435,trivial_move,3,2686932
-7.427,trivial_move,4,2686931
-7.426,flush_begin,0,0
-7.409,flush_end,0,2686931
-7.393,trivial_move,3,2686930
-7.384,trivial_move,4,2686933
-7.382,flush_begin,0,0
-7.365,flush_end,0,2686931
-7.348,trivial_move,3,2686933
-7.340,trivial_move,4,2686931
-7.338,flush_begin,0,0
-7.320,flush_end,0,2686931
-7.303,trivial_move,3,2686930
-7.295,trivial_move,4,2686931
-7.294,flush_begin,0,0
-7.274,flush_end,0,2686930
-7.258,trivial_move,3,2686931
-7.250,trivial_move,4,2686930
-7.247,flush_begin,0,0
-7.227,flush_end,0,2686930
-7.211,trivial_move,3,2686931
-7.202,trivial_move,4,2686932
-7.201,flush_begin,0,0
-7.181,flush_end,0,2686931
-7.165,trivial_move,3,2686930
-7.156,trivial_move,4,2686930
-7.155,flush_begin,0,0
-7.136,flush_end,0,2686933
-7.119,trivial_move,3,2686932
-7.111,trivial_move,4,2686932
-7.110,flush_begin,0,0
-7.091,flush_end,0,2686931
-7.074,trivial_move,3,2686930
-7.066,trivial_move,4,2686930
-7.065,flush_begin,0,0
-7.046,flush_end,0,2686931
-7.029,trivial_move,3,2686931
-7.021,trivial_move,4,2686930
-7.020,flush_begin,0,0
-7.002,flush_end,0,2686930
-6.985,trivial_move,3,2686931
-6.977,trivial_move,4,2686932
-6.976,flush_begin,0,0
-6.958,flush_end,0,2686932
-6.940,trivial_move,3,2686931
-6.932,trivial_move,4,2686930
-6.932,flush_begin,0,0
-6.914,flush_end,0,2686930
-6.897,trivial_move,3,2686931
-6.889,trivial_move,4,2686932
-6.888,flush_begin,0,0
-6.870,flush_end,0,2686932
-6.853,trivial_move,3,2686931
-6.846,trivial_move,4,2686930
-6.844,flush_begin,0,0
-6.827,flush_end,0,2686930
-6.810,trivial_move,3,2686930
-6.802,trivial_move,4,2686931
-6.800,flush_begin,0,0
-6.783,flush_end,0,2686931
-6.766,trivial_move,3,2686932
-6.758,trivial_move,4,2686931
-6.756,flush_begin,0,0
-6.739,flush_end,0,2686931
-6.722,trivial_move,3,2686930
-6.714,trivial_move,4,2686931
-6.713,flush_begin,0,0
-6.695,flush_end,0,2686930
-6.678,trivial_move,3,2686932
-6.670,trivial_move,4,2686931
-6.669,flush_begin,0,0
-6.651,flush_end,0,2686932
-6.634,trivial_move,3,2686930
-6.626,trivial_move,4,2686931
-6.624,flush_begin,0,0
-6.606,flush_end,0,2686930
-6.588,trivial_move,3,2686930
-6.580,trivial_move,4,2686930
-6.578,flush_begin,0,0
-6.561,flush_end,0,2686931
-6.543,trivial_move,3,2686932
-6.535,trivial_move,4,2686932
-6.535,flush_begin,0,0
-6.517,flush_end,0,2686931
-6.499,trivial_move,3,2686930
-6.491,trivial_move,4,2686930
-6.490,flush_begin,0,0
-6.472,flush_end,0,2686931
-6.454,trivial_move,3,2686932
-6.446,trivial_move,4,2686931
-6.445,flush_begin,0,0
-6.426,flush_end,0,2686931
-6.409,trivial_move,3,2686930
-6.401,trivial_move,4,2686932
-6.400,flush_begin,0,0
-6.380,flush_end,0,2686931
-6.364,trivial_move,3,2686932
-6.356,trivial_move,4,2686930
-6.356,flush_begin,0,0
-6.337,flush_end,0,2686930
-6.320,trivial_move,3,2686931
-6.312,trivial_move,4,2686932
-6.312,flush_begin,0,0
-6.292,flush_end,0,2686932
-6.276,trivial_move,3,2686931
-6.268,trivial_move,4,2686930
-6.267,flush_begin,0,0
-6.249,flush_end,0,2686930
-6.233,trivial_move,3,2686931
-6.225,trivial_move,4,2686932
-6.225,flush_begin,0,0
-6.206,flush_end,0,2686933
-6.189,trivial_move,3,2686931
-6.181,trivial_move,4,2686930
-6.181,flush_begin,0,0
-6.162,flush_end,0,2686930
-6.146,trivial_move,3,2686930
-6.138,trivial_move,4,2686931
-6.137,flush_begin,0,0
-6.121,flush_end,0,2686930
-6.103,trivial_move,3,2686932
-6.094,trivial_move,4,2686931
-6.094,flush_begin,0,0
-6.076,flush_end,0,2686932
-6.059,trivial_move,3,2686930
-6.051,trivial_move,4,2686931
-6.051,flush_begin,0,0
-6.034,flush_end,0,2686930
-6.016,trivial_move,3,2686931
-6.008,trivial_move,4,2686931
-6.007,flush_begin,0,0
-5.988,flush_end,0,2686932
-5.971,trivial_move,3,2686931
-5.964,trivial_move,4,2686930
-5.962,flush_begin,0,0
-5.944,flush_end,0,2686930
-5.927,trivial_move,3,2686930
-5.920,trivial_move,4,2686930
-5.920,flush_begin,0,0
-5.902,flush_end,0,2686931
-5.885,trivial_move,3,2686932
-5.876,trivial_move,4,2686931
-5.876,flush_begin,0,0
-5.859,flush_end,0,2686931
-5.841,trivial_move,3,2686930
-5.834,trivial_move,4,2686931
-5.832,flush_begin,0,0
-5.815,flush_end,0,2686931
-5.798,trivial_move,3,2686932
-5.790,trivial_move,4,2686931
-5.790,flush_begin,0,0
-5.772,flush_end,0,2686931
-5.754,trivial_move,3,2686930
-5.746,trivial_move,4,2686931
-5.746,flush_begin,0,0
-5.728,flush_end,0,2686931
-5.710,trivial_move,3,2686931
-5.701,trivial_move,4,2686930
-5.701,flush_begin,0,0
-5.684,flush_end,0,2686930
-5.667,trivial_move,3,2686931
-5.660,trivial_move,4,2686932
-5.660,flush_begin,0,0
-5.642,flush_end,0,2686932
-5.625,trivial_move,3,2686931
-5.617,trivial_move,4,2686930
-5.617,flush_begin,0,0
-5.600,flush_end,0,2686930
-5.583,trivial_move,3,2686931
-5.575,trivial_move,4,2686932
-5.574,flush_begin,0,0
-5.558,flush_end,0,2686931
-5.541,trivial_move,3,2686930
-5.533,trivial_move,4,2686930
-5.532,flush_begin,0,0
-5.515,flush_end,0,2686931
-5.500,trivial_move,3,2686930
-5.491,trivial_move,4,2686932
-5.491,flush_begin,0,0
-5.477,flush_end,0,2686930
-5.460,trivial_move,3,2686931
-5.452,trivial_move,4,2686931
-5.452,flush_begin,0,0
-5.437,flush_end,0,2686932
-5.420,trivial_move,3,2686933
-5.412,trivial_move,4,2686930
-5.412,flush_begin,0,0
-5.397,flush_end,0,2686930
-5.380,trivial_move,3,2686931
-5.372,trivial_move,4,2686932
-5.372,flush_begin,0,0
-5.355,flush_end,0,2686932
-5.338,trivial_move,3,2686931
-5.330,trivial_move,4,2686930
-5.329,flush_begin,0,0
-5.313,flush_end,0,2686930
-5.297,trivial_move,3,2686930
-5.289,trivial_move,4,2686931
-5.288,flush_begin,0,0
-5.271,flush_end,0,2686932
-5.255,trivial_move,3,2686932
-5.247,trivial_move,4,2686931
-5.246,flush_begin,0,0
-5.229,flush_end,0,2686931
-5.211,trivial_move,3,2686930
-5.203,trivial_move,4,2686931
-5.202,flush_begin,0,0
-5.185,flush_end,0,2686931
-5.168,trivial_move,3,2686932
-5.160,trivial_move,4,2686931
-5.159,flush_begin,0,0
-5.143,flush_end,0,2686931
-5.127,trivial_move,3,2686930
-5.119,trivial_move,4,2686931
-5.118,flush_begin,0,0
-5.101,flush_end,0,2686930
-5.084,trivial_move,3,2686931
-5.076,trivial_move,4,2686930
-5.074,flush_begin,0,0
-5.056,flush_end,0,2686930
-5.039,trivial_move,3,2686931
-5.031,trivial_move,4,2686932
-5.029,flush_begin,0,0
-5.010,flush_end,0,2686931
-4.993,trivial_move,3,2686930
-4.984,trivial_move,4,2686930
-4.982,flush_begin,0,0
-4.965,flush_end,0,2686931
-4.948,trivial_move,3,2686932
-4.939,trivial_move,4,2686932
-4.939,flush_begin,0,0
-4.920,flush_end,0,2686931
-4.902,trivial_move,3,2686930
-4.894,trivial_move,4,2686930
-4.893,flush_begin,0,0
-4.875,flush_end,0,2686931
-4.857,trivial_move,3,2686931
-4.849,trivial_move,4,2686930
-4.848,flush_begin,0,0
-4.829,flush_end,0,2686930
-4.812,trivial_move,3,2686931
-4.804,trivial_move,4,2686932
-4.803,flush_begin,0,0
-4.784,flush_end,0,2686932
-4.767,trivial_move,3,2686931
-4.759,trivial_move,4,2686930
-4.759,flush_begin,0,0
-4.739,flush_end,0,2686930
-4.722,trivial_move,3,2686931
-4.714,trivial_move,4,2686932
-4.713,flush_begin,0,0
-4.695,flush_end,0,2686932
-4.679,trivial_move,3,2686931
-4.671,trivial_move,4,2686930
-4.671,flush_begin,0,0
-4.651,flush_end,0,2686930
-4.635,trivial_move,3,2686930
-4.627,trivial_move,4,2686931
-4.626,flush_begin,0,0
-4.607,flush_end,0,2686931
-4.590,trivial_move,3,2686932
-4.582,trivial_move,4,2686931
-4.581,flush_begin,0,0
-4.561,flush_end,0,2686931
-4.544,trivial_move,3,2686930
-4.536,trivial_move,4,2686932
-4.535,flush_begin,0,0
-4.515,flush_end,0,2686930
-4.498,trivial_move,3,2686933
-4.490,trivial_move,4,2686931
-4.489,flush_begin,0,0
-4.470,flush_end,0,2686932
-4.453,trivial_move,3,2686930
-4.445,trivial_move,4,2686931
-4.444,flush_begin,0,0
-4.424,flush_end,0,2686930
-4.407,trivial_move,3,2686930
-4.399,trivial_move,4,2686930
-4.399,flush_begin,0,0
-4.378,flush_end,0,2686931
-4.361,trivial_move,3,2686932
-4.353,trivial_move,4,2686932
-4.352,flush_begin,0,0
-4.333,flush_end,0,2686931
-4.317,trivial_move,3,2686930
-4.309,trivial_move,4,2686930
-4.309,flush_begin,0,0
-4.289,flush_end,0,2686932
-4.272,trivial_move,3,2686932
-4.264,trivial_move,4,2686931
-4.264,flush_begin,0,0
-4.244,flush_end,0,2686931
-4.228,trivial_move,3,2686930
-4.220,trivial_move,4,2686931
-4.220,flush_begin,0,0
-4.201,flush_end,0,2686931
-4.185,trivial_move,3,2686931
-4.176,trivial_move,4,2686930
-4.176,flush_begin,0,0
-4.157,flush_end,0,2686930
-4.139,trivial_move,3,2686931
-4.131,trivial_move,4,2686932
-4.131,flush_begin,0,0
-4.112,flush_end,0,2686932
-4.094,trivial_move,3,2686931
-4.088,trivial_move,4,2686930
-4.088,flush_begin,0,0
-4.068,flush_end,0,2686930
-4.050,trivial_move,3,2686931
-4.042,trivial_move,4,2686932
-4.041,flush_begin,0,0
-4.021,flush_end,0,2686932
-4.004,trivial_move,3,2686931
-3.996,trivial_move,4,2686930
-3.996,flush_begin,0,0
-3.976,flush_end,0,2686930
-3.958,trivial_move,3,2686930
-3.950,trivial_move,4,2686931
-3.950,flush_begin,0,0
-3.930,flush_end,0,2686930
-3.913,trivial_move,3,2686932
-3.907,trivial_move,4,2686931
-3.907,flush_begin,0,0
-3.888,flush_end,0,2686932
-3.871,trivial_move,3,2686930
-3.863,trivial_move,4,2686931
-3.861,flush_begin,0,0
-3.841,flush_end,0,2686930
-3.824,trivial_move,3,2686931
-3.816,trivial_move,4,2686931
-3.815,flush_begin,0,0
-3.797,flush_end,0,2686932
-3.780,trivial_move,3,2686931
-3.772,trivial_move,4,2686930
-3.772,flush_begin,0,0
-3.753,flush_end,0,2686930
-3.736,trivial_move,3,2686930
-3.728,trivial_move,4,2686930
-3.728,flush_begin,0,0
-3.710,flush_end,0,2686931
-3.693,trivial_move,3,2686932
-3.684,trivial_move,4,2686931
-3.684,flush_begin,0,0
-3.669,flush_end,0,2686931
-3.653,trivial_move,3,2686930
-3.644,trivial_move,4,2686931
-3.644,flush_begin,0,0
-3.631,flush_end,0,2686931
-3.611,trivial_move,3,2686932
-3.602,trivial_move,4,2686931
-3.602,flush_begin,0,0
-3.587,flush_end,0,2686931
-3.570,trivial_move,3,2686930
-3.562,trivial_move,4,2686932
-3.561,flush_begin,0,0
-3.545,flush_end,0,2686931
-3.528,trivial_move,3,2686932
-3.520,trivial_move,4,2686930
-3.519,flush_begin,0,0
-3.503,flush_end,0,2686930
-3.486,trivial_move,3,2686931
-3.478,trivial_move,4,2686932
-3.476,flush_begin,0,0
-3.460,flush_end,0,2686932
-3.443,trivial_move,3,2686931
-3.435,trivial_move,4,2686930
-3.434,flush_begin,0,0
-3.417,flush_end,0,2686930
-3.399,trivial_move,3,2686931
-3.391,trivial_move,4,2686932
-3.390,flush_begin,0,0
-3.371,flush_end,0,2686931
-3.354,trivial_move,3,2686930
-3.346,trivial_move,4,2686930
-3.344,flush_begin,0,0
-3.325,flush_end,0,2686932
-3.308,trivial_move,3,2686930
-3.300,trivial_move,4,2686931
-3.300,flush_begin,0,0
-3.282,flush_end,0,2686930
-3.265,trivial_move,3,2686931
-3.257,trivial_move,4,2686931
-3.255,flush_begin,0,0
-3.237,flush_end,0,2686932
-3.220,trivial_move,3,2686931
-3.212,trivial_move,4,2686930
-3.212,flush_begin,0,0
-3.195,flush_end,0,2686930
-3.177,trivial_move,3,2686931
-3.169,trivial_move,4,2686932
-3.168,flush_begin,0,0
-3.150,flush_end,0,2686932
-3.133,trivial_move,3,2686931
-3.125,trivial_move,4,2686930
-3.125,flush_begin,0,0
-3.108,flush_end,0,2686930
-3.090,trivial_move,3,2686930
-3.082,trivial_move,4,2686931
-3.081,flush_begin,0,0
-3.062,flush_end,0,2686931
-3.045,trivial_move,3,2686932
-3.037,trivial_move,4,2686931
-3.036,flush_begin,0,0
-3.017,flush_end,0,2686931
-2.999,trivial_move,3,2686930
-2.991,trivial_move,4,2686931
-2.990,flush_begin,0,0
-2.972,flush_end,0,2686931
-2.955,trivial_move,3,2686932
-2.947,trivial_move,4,2686931
-2.947,flush_begin,0,0
-2.928,flush_end,0,2686931
-2.911,trivial_move,3,2686930
-2.903,trivial_move,4,2686931
-2.903,flush_begin,0,0
-2.885,flush_end,0,2686930
-2.867,trivial_move,3,2686931
-2.859,trivial_move,4,2686930
-2.857,flush_begin,0,0
-2.837,flush_end,0,2686930
-2.820,trivial_move,3,2686931
-2.812,trivial_move,4,2686932
-2.812,flush_begin,0,0
-2.793,flush_end,0,2686931
-2.776,trivial_move,3,2686930
-2.768,trivial_move,4,2686930
-2.768,flush_begin,0,0
-2.751,flush_end,0,2686931
-2.733,trivial_move,3,2686932
-2.726,trivial_move,4,2686932
-2.725,flush_begin,0,0
-2.707,flush_end,0,2686931
-2.690,trivial_move,3,2686930
-2.681,trivial_move,4,2686930
-2.681,flush_begin,0,0
-2.664,flush_end,0,2686931
-2.645,trivial_move,3,2686931
-2.635,trivial_move,4,2686930
-2.635,flush_begin,0,0
-2.618,flush_end,0,2686930
-2.600,trivial_move,3,2686931
-2.592,trivial_move,4,2686933
-2.590,flush_begin,0,0
-2.571,flush_end,0,2686932
-2.553,trivial_move,3,2686932
-2.545,trivial_move,4,2686930
-2.545,flush_begin,0,0
-2.527,flush_end,0,2686930
-2.508,trivial_move,3,2686931
-2.500,trivial_move,4,2686932
-2.499,flush_begin,0,0
-2.479,flush_end,0,2686932
-2.462,trivial_move,3,2686931
-2.454,trivial_move,4,2686930
-2.454,flush_begin,0,0
-2.435,flush_end,0,2686930
-2.417,trivial_move,3,2686930
-2.409,trivial_move,4,2686931
-2.408,flush_begin,0,0
-2.388,flush_end,0,2686932
-2.371,trivial_move,3,2686932
-2.363,trivial_move,4,2686931
-2.363,flush_begin,0,0
-2.345,flush_end,0,2686931
-2.328,trivial_move,3,2686930
-2.320,trivial_move,4,2686931
-2.320,flush_begin,0,0
-2.300,flush_end,0,2686930
-2.283,trivial_move,3,2686932
-2.275,trivial_move,4,2686931
-2.275,flush_begin,0,0
-2.254,flush_end,0,2686932
-2.238,trivial_move,3,2686930
-2.230,trivial_move,4,2686931
-2.229,flush_begin,0,0
-2.209,flush_end,0,2686930
-2.192,trivial_move,3,2686930
-2.184,trivial_move,4,2686930
-2.184,flush_begin,0,0
-2.163,flush_end,0,2686931
-2.146,trivial_move,3,2686932
-2.138,trivial_move,4,2686932
-2.137,flush_begin,0,0
-2.116,flush_end,0,2686931
-2.099,trivial_move,3,2686930
-2.091,trivial_move,4,2686930
-2.091,flush_begin,0,0
-2.073,flush_end,0,2686931
-2.056,trivial_move,3,2686932
-2.048,trivial_move,4,2686931
-2.048,flush_begin,0,0
-2.029,flush_end,0,2686931
-2.012,trivial_move,3,2686930
-2.012,flush_begin,0,0
-1.995,flush_end,0,2686931
-1.976,trivial_move,3,2686931
-1.968,trivial_move,4,2686931
-1.968,flush_begin,0,0
-1.951,flush_end,0,2686930
-1.935,trivial_move,3,2686931
-1.926,trivial_move,4,2686930
-1.917,trivial_move,4,2686932
-1.917,flush_begin,0,0
-1.899,flush_end,0,2686932
-1.882,trivial_move,3,2686931
-1.873,trivial_move,4,2686930
-1.872,flush_begin,0,0
-1.855,flush_end,0,2686930
-1.838,trivial_move,3,2686931
-1.830,trivial_move,4,2686932
-1.828,flush_begin,0,0
-1.811,flush_end,0,2686932
-1.793,trivial_move,3,2686931
-1.785,trivial_move,4,2686930
-1.785,flush_begin,0,0
-1.766,flush_end,0,2686930
-1.747,trivial_move,3,2686930
-1.739,trivial_move,4,2686931
-1.739,flush_begin,0,0
-1.720,flush_end,0,2686930
-1.702,trivial_move,3,2686932
-1.694,trivial_move,4,2686931
-1.694,flush_begin,0,0
-1.677,flush_end,0,2686932
-1.659,trivial_move,3,2686930
-1.651,trivial_move,4,2686932
-1.650,flush_begin,0,0
-1.631,flush_end,0,2686930
-1.614,trivial_move,3,2686931
-1.606,trivial_move,4,2686931
-1.606,flush_begin,0,0
-1.587,flush_end,0,2686932
-1.570,trivial_move,3,2686932
-1.562,trivial_move,4,2686930
-1.562,flush_begin,0,0
-1.544,flush_end,0,2686930
-1.526,trivial_move,3,2686930
-1.519,trivial_move,4,2686930
-1.518,flush_begin,0,0
-1.498,flush_end,0,2686931
-1.481,trivial_move,3,2686932
-1.473,trivial_move,4,2686931
-1.473,flush_begin,0,0
-1.454,flush_end,0,2686931
-1.438,trivial_move,3,2686930
-1.429,trivial_move,4,2686931
-1.429,flush_begin,0,0
-1.411,flush_end,0,2686932
-1.393,trivial_move,3,2686932
-1.385,trivial_move,4,2686931
-1.385,flush_begin,0,0
-1.365,flush_end,0,2686931
-1.348,trivial_move,3,2686930
-1.341,trivial_move,4,2686931
-1.339,flush_begin,0,0
-1.319,flush_end,0,2686931
-1.303,trivial_move,3,2686931
-1.294,trivial_move,4,2686930
-1.294,flush_begin,0,0
-1.274,flush_end,0,2686930
-1.257,trivial_move,3,2686931
-1.249,trivial_move,4,2686932
-1.249,flush_begin,0,0
-1.230,flush_end,0,2686932
-1.214,trivial_move,3,2686931
-1.206,trivial_move,4,2686930
-1.206,flush_begin,0,0
-1.187,flush_end,0,2686930
-1.170,trivial_move,3,2686931
-1.162,trivial_move,4,2686932
-1.162,flush_begin,0,0
-1.144,flush_end,0,2686931
-1.126,trivial_move,3,2686930
-1.118,trivial_move,4,2686930
-1.118,flush_begin,0,0
-1.100,flush_end,0,2686931
-1.083,trivial_move,3,2686930
-1.075,trivial_move,4,2686931
-1.075,flush_begin,0,0
-1.057,flush_end,0,2686930
-1.040,trivial_move,3,2686931
-1.032,trivial_move,4,2686931
-1.031,flush_begin,0,0
-1.014,flush_end,0,2686932
-0.997,trivial_move,3,2686931
-0.989,trivial_move,4,2686930
-0.988,flush_begin,0,0
-0.970,flush_end,0,2686930
-0.953,trivial_move,3,2686931
-0.943,trivial_move,4,2686932
-0.943,flush_begin,0,0
-0.928,flush_end,0,2686932
-0.911,trivial_move,3,2686931
-0.903,trivial_move,4,2686930
-0.903,flush_begin,0,0
-0.886,flush_end,0,2686930
-0.869,trivial_move,3,2686930
-0.861,trivial_move,4,2686931
-0.861,flush_begin,0,0
-0.844,flush_end,0,2686931
-0.827,trivial_move,3,2686932
-0.819,trivial_move,4,2686931
-0.819,flush_begin,0,0
-0.802,flush_end,0,2686931
-0.787,trivial_move,3,2686930
-0.778,trivial_move,4,2686931
-0.778,flush_begin,0,0
-0.762,flush_end,0,2686931
-0.745,trivial_move,3,2686932
-0.737,trivial_move,4,2686931
-0.736,flush_begin,0,0
-0.720,flush_end,0,2686931
-0.703,trivial_move,3,2686930
-0.695,trivial_move,4,2686932
-0.694,flush_begin,0,0
-0.678,flush_end,0,2686930
-0.662,trivial_move,3,2686932
-0.653,trivial_move,4,2686930
-0.652,flush_begin,0,0
-0.635,flush_end,0,2686930
-0.618,trivial_move,3,2686931
-0.610,trivial_move,4,2686932
-0.610,flush_begin,0,0
-0.594,flush_end,0,2686931
-0.577,trivial_move,3,2686930
-0.569,trivial_move,4,2686930
-0.569,flush_begin,0,0
-0.553,flush_end,0,2686931
-0.536,trivial_move,3,2686932
-0.528,trivial_move,4,2686932
-0.528,flush_begin,0,0
-0.511,flush_end,0,2686931
-0.494,trivial_move,3,2686930
-0.486,trivial_move,4,2686930
-0.485,flush_begin,0,0
-0.468,flush_end,0,2686932
-0.451,trivial_move,3,2686931
-0.443,trivial_move,4,2686930
-0.441,flush_begin,0,0
-0.424,flush_end,0,2686930
-0.407,trivial_move,3,2686931
-0.399,trivial_move,4,2686932
-0.396,flush_begin,0,0
-0.379,flush_end,0,2686932
-0.361,trivial_move,3,2686931
-0.353,trivial_move,4,2686930
-0.352,flush_begin,0,0
-0.333,flush_end,0,2686930
-0.314,trivial_move,3,2686931
-0.306,trivial_move,4,2686932
-0.306,flush_begin,0,0
-0.288,flush_end,0,2686932
-0.271,trivial_move,3,2686931
-0.263,trivial_move,4,2686930
-0.261,flush_begin,0,0
-0.244,flush_end,0,2686930
-0.225,trivial_move,3,2686930
-0.217,trivial_move,4,2686931
-0.216,flush_begin,0,0
-0.199,flush_end,0,2686931
-0.182,trivial_move,3,2686932
-0.174,trivial_move,4,2686931
-0.172,flush_begin,0,0
-0.156,flush_end,0,2686931
-0.138,trivial_move,3,2686930
-0.130,trivial_move,4,2686931
-0.129,flush_begin,0,0
-0.112,flush_end,0,2686930
-0.094,trivial_move,3,2686932
-0.086,trivial_move,4,2686931
-0.085,flush_begin,0,0
-0.068,flush_end,0,2686932
-0.050,trivial_move,3,2686930
-0.042,trivial_move,4,2686931
-0.041,flush_begin,0,0
-0.020,flush_end,0,2686930
-0.003,trivial_move,3,2686930
0.005,trivial_move,4,2686930
0.005,flush_begin,0,0
0.025,flush_end,0,2686931
0.042,trivial_move,3,2686932
0.051,trivial_move,4,2686932
0.051,flush_begin,0,0
0.070,flush_end,0,2686931
0.087,trivial_move,3,2686930
0.096,trivial_move,4,2686930
0.096,flush_begin,0,0
0.113,flush_end,0,2686931
0.131,trivial_move,3,2686932
0.139,trivial_move,4,2686931
0.139,flush_begin,0,0
0.158,flush_end,0,2686931
0.175,trivial_move,3,2686930
0.183,trivial_move,4,2686931
0.184,flush_begin,0,0
0.205,flush_end,0,2686931
0.223,trivial_move,3,2686931
0.231,trivial_move,4,2686930
0.233,flush_begin,0,0
0.251,flush_end,0,2686930
0.272,trivial_move,3,2686931
0.280,trivial_move,4,2686933
0.281,flush_begin,0,0
0.300,flush_end,0,2686932
0.318,trivial_move,3,2686932
0.326,trivial_move,4,2686930
0.326,flush_begin,0,0
0.344,flush_end,0,2686930
0.361,trivial_move,3,2686931
0.369,trivial_move,4,2686932
0.370,flush_begin,0,0
0.389,flush_end,0,2686932
0.406,trivial_move,3,2686931
0.414,trivial_move,4,2686930
0.415,flush_begin,0,0
0.434,flush_end,0,2686930
0.451,trivial_move,3,2686930
0.459,trivial_move,4,2686931
0.459,flush_begin,0,0
0.479,flush_end,0,2686930
0.496,trivial_move,3,2686932
0.505,trivial_move,4,2686931
0.505,flush_begin,0,0
0.520,flush_end,0,2686933
0.537,trivial_move,3,2686930
0.544,trivial_move,4,2686931
0.544,flush_begin,0,0
0.560,flush_end,0,2686930
0.576,trivial_move,3,2686931
0.584,trivial_move,4,2686931
0.585,flush_begin,0,0
0.601,flush_end,0,2686932
0.618,trivial_move,3,2686931
0.626,trivial_move,4,2686930
0.627,flush_begin,0,0
0.643,flush_end,0,2686930
0.661,trivial_move,3,2686930
0.668,trivial_move,4,2686930
0.670,flush_begin,0,0
0.686,flush_end,0,2686931
0.703,trivial_move,3,2686932
0.711,trivial_move,4,2686931
0.712,flush_begin,0,0
0.729,flush_end,0,2686931
0.746,trivial_move,3,2686930
0.754,trivial_move,4,2686931
0.755,flush_begin,0,0
0.771,flush_end,0,2686931
0.788,trivial_move,3,2686932
0.796,trivial_move,4,2686931
0.797,flush_begin,0,0
0.814,flush_end,0,2686931
0.830,trivial_move,3,2686930
0.838,trivial_move,4,2686931
0.839,flush_begin,0,0
0.856,flush_end,0,2686931
0.873,trivial_move,3,2686931
0.881,trivial_move,4,2686930
0.882,flush_begin,0,0
0.898,flush_end,0,2686930
0.915,trivial_move,3,2686931
0.923,trivial_move,4,2686932
0.924,flush_begin,0,0
0.942,flush_end,0,2686932
0.959,trivial_move,3,2686931
0.967,trivial_move,4,2686930
0.968,flush_begin,0,0
0.985,flush_end,0,2686930
1.002,trivial_move,3,2686931
1.011,trivial_move,4,2686932
1.011,flush_begin,0,0
1.028,flush_end,0,2686931
1.045,trivial_move,3,2686930
1.053,trivial_move,4,2686930
1.054,flush_begin,0,0
1.071,flush_end,0,2686931
1.089,trivial_move,3,2686930
1.097,trivial_move,4,2686931
1.098,flush_begin,0,0
1.117,flush_end,0,2686930
1.135,trivial_move,3,2686931
1.143,trivial_move,4,2686931
1.144,flush_begin,0,0
1.161,flush_end,0,2686932
1.178,trivial_move,3,2686931
1.186,trivial_move,4,2686930
1.188,flush_begin,0,0
1.205,flush_end,0,2686930
1.224,trivial_move,3,2686931
1.232,trivial_move,4,2686933
1.233,flush_begin,0,0
1.251,flush_end,0,2686932
1.269,trivial_move,3,2686932
1.277,trivial_move,4,2686930
1.277,flush_begin,0,0
1.296,flush_end,0,2686930
1.313,trivial_move,3,2686930
1.321,trivial_move,4,2686931
1.321,flush_begin,0,0
1.340,flush_end,0,2686931
1.357,trivial_move,3,2686932
1.365,trivial_move,4,2686931
1.365,flush_begin,0,0
1.382,flush_end,0,2686931
1.399,trivial_move,3,2686930
1.407,trivial_move,4,2686931
1.407,flush_begin,0,0
1.427,flush_end,0,2686932
1.444,trivial_move,3,2686932
1.452,trivial_move,4,2686931
1.452,flush_begin,0,0
1.470,flush_end,0,2686931
1.487,trivial_move,3,2686930
1.495,trivial_move,4,2686931
1.496,flush_begin,0,0
1.515,flush_end,0,2686930
1.531,trivial_move,3,2686931
1.539,trivial_move,4,2686930
1.539,flush_begin,0,0
1.559,flush_end,0,2686930
1.576,trivial_move,3,2686931
1.584,trivial_move,4,2686932
1.584,flush_begin,0,0
1.604,flush_end,0,2686931
1.621,trivial_move,3,2686930
1.629,trivial_move,4,2686930
1.629,flush_begin,0,0
1.648,flush_end,0,2686931
1.665,trivial_move,3,2686932
1.673,trivial_move,4,2686932
1.673,flush_begin,0,0
1.692,flush_end,0,2686931
1.709,trivial_move,3,2686930
1.717,trivial_move,4,2686930
1.717,flush_begin,0,0
1.738,flush_end,0,2686931
1.755,trivial_move,3,2686931
1.764,trivial_move,4,2686930
1.765,flush_begin,0,0
1.785,flush_end,0,2686930
1.802,trivial_move,3,2686931
1.810,trivial_move,4,2686932
1.810,flush_begin,0,0
1.830,flush_end,0,2686932
1.848,trivial_move,3,2686931
1.856,trivial_move,4,2686930
1.857,flush_begin,0,0
1.877,flush_end,0,2686930
1.894,trivial_move,3,2686931
1.902,trivial_move,4,2686932
1.903,flush_begin,0,0
1.922,flush_end,0,2686932
1.940,trivial_move,3,2686931
1.948,trivial_move,4,2686930
1.949,flush_begin,0,0
1.967,flush_end,0,2686930
1.984,trivial_move,3,2686930
1.992,trivial_move,4,2686931
1.992,flush_begin,0,0
2.011,flush_end,0,2686931
2.029,trivial_move,3,2686932
2.037,trivial_move,4,2686931
2.038,flush_begin,0,0
2.059,flush_end,0,2686931
2.076,trivial_move,3,2686930
2.076,flush_begin,0,0
2.094,flush_end,0,2686930
2.111,trivial_move,3,2686932
2.119,trivial_move,4,2686931
2.127,trivial_move,4,2686931
2.127,flush_begin,0,0
2.145,flush_end,0,2686932
2.163,trivial_move,3,2686930
2.171,trivial_move,4,2686933
2.174,flush_begin,0,0
2.191,flush_end,0,2686930
2.208,trivial_move,3,2686930
2.216,trivial_move,4,2686930
2.216,flush_begin,0,0
2.233,flush_end,0,2686931
2.251,trivial_move,3,2686933
2.259,trivial_move,4,2686932
2.260,flush_begin,0,0
2.278,flush_end,0,2686931
2.295,trivial_move,3,2686930
2.303,trivial_move,4,2686930
2.304,flush_begin,0,0
2.322,flush_end,0,2686931
2.339,trivial_move,3,2686932
2.347,trivial_move,4,2686931
2.348,flush_begin,0,0
2.367,flush_end,0,2686931
2.384,trivial_move,3,2686930
2.392,trivial_move,4,2686931
2.392,flush_begin,0,0
2.411,flush_end,0,2686933
2.428,trivial_move,3,2686931
2.437,trivial_move,4,2686930
2.437,flush_begin,0,0
2.454,flush_end,0,2686930
2.472,trivial_move,3,2686931
2.481,trivial_move,4,2686932
2.481,flush_begin,0,0
2.499,flush_end,0,2686932
2.515,trivial_move,3,2686931
2.523,trivial_move,4,2686930
2.524,flush_begin,0,0
2.547,flush_end,0,2686930
2.563,trivial_move,3,2686931
2.571,trivial_move,4,2686932
2.573,flush_begin,0,0
2.590,flush_end,0,2686932
2.608,trivial_move,3,2686931
2.616,trivial_move,4,2686930
2.617,flush_begin,0,0
2.634,flush_end,0,2686930
2.652,trivial_move,3,2686930
2.660,trivial_move,4,2686931
2.660,flush_begin,0,0
2.680,flush_end,0,2686930
2.698,trivial_move,3,2686932
2.706,trivial_move,4,2686931
2.706,flush_begin,0,0
2.724,flush_end,0,2686932
2.741,trivial_move,3,2686930
2.750,trivial_move,4,2686931
2.750,flush_begin,0,0
2.768,flush_end,0,2686930
2.785,trivial_move,3,2686931
2.793,trivial_move,4,2686931
2.793,flush_begin,0,0
2.812,flush_end,0,2686932
2.829,trivial_move,3,2686931
2.837,trivial_move,4,2686930
2.837,flush_begin,0,0
2.856,flush_end,0,2686930
2.873,trivial_move,3,2686930
2.881,trivial_move,4,2686930
2.881,flush_begin,0,0
2.900,flush_end,0,2686931
2.917,trivial_move,3,2686932
2.925,trivial_move,4,2686931
2.925,flush_begin,0,0
2.943,flush_end,0,2686931
2.960,trivial_move,3,2686930
2.968,trivial_move,4,2686931
2.968,flush_begin,0,0
2.987,flush_end,0,2686931
3.004,trivial_move,3,2686932
3.012,trivial_move,4,2686931
3.013,flush_begin,0,0
3.032,flush_end,0,2686931
3.049,trivial_move,3,2686930
3.057,trivial_move,4,2686931
3.057,flush_begin,0,0
3.075,flush_end,0,2686931
3.093,trivial_move,3,2686931
3.102,trivial_move,4,2686930
3.102,flush_begin,0,0
3.119,flush_end,0,2686930
3.137,trivial_move,3,2686931
3.145,trivial_move,4,2686933
3.145,flush_begin,0,0
3.164,flush_end,0,2686932
3.181,trivial_move,3,2686932
3.189,trivial_move,4,2686930
3.190,flush_begin,0,0
3.209,flush_end,0,2686930
3.226,trivial_move,3,2686931
3.234,trivial_move,4,2686932
3.236,flush_begin,0,0
3.253,flush_end,0,2686931
3.270,trivial_move,3,2686930
3.278,trivial_move,4,2686930
3.280,flush_begin,0,0
3.298,flush_end,0,2686931
3.315,trivial_move,3,2686930
3.323,trivial_move,4,2686931
3.323,flush_begin,0,0
3.341,flush_end,0,2686930
3.359,trivial_move,3,2686931
3.367,trivial_move,4,2686931
3.367,flush_begin,0,0
3.386,flush_end,0,2686933
3.404,trivial_move,3,2686931
3.412,trivial_move,4,2686930
3.413,flush_begin,0,0
3.432,flush_end,0,2686930
3.449,trivial_move,3,2686931
3.457,trivial_move,4,2686932
3.458,flush_begin,0,0
3.476,flush_end,0,2686932
3.494,trivial_move,3,2686931
3.502,trivial_move,4,2686930
3.502,flush_begin,0,0
3.520,flush_end,0,2686930
3.537,trivial_move,3,2686930
3.545,trivial_move,4,2686931
3.546,flush_begin,0,0
3.566,flush_end,0,2686931
3.583,trivial_move,3,2686932
3.591,trivial_move,4,2686931
3.591,flush_begin,0,0
3.610,flush_end,0,2686931
3.628,trivial_move,3,2686930
3.636,trivial_move,4,2686931
3.637,flush_begin,0,0
3.656,flush_end,0,2686931
3.673,trivial_move,3,2686932
3.681,trivial_move,4,2686931
3.681,flush_begin,0,0
3.700,flush_end,0,2686931
3.717,trivial_move,3,2686930
3.717,flush_begin,0,0
3.735,flush_end,0,2686930
3.753,trivial_move,3,2686931
3.762,trivial_move,4,2686931
3.762,flush_begin,0,0
3.780,flush_end,0,2686930
3.798,trivial_move,3,2686931
3.806,trivial_move,4,2686930
3.806,flush_begin,0,0
3.824,flush_end,0,2686931
3.840,trivial_move,3,2686930
3.849,trivial_move,4,2686932
3.857,trivial_move,4,2686930
3.857,flush_begin,0,0
3.875,flush_end,0,2686931
3.893,trivial_move,3,2686932
3.901,trivial_move,4,2686932
3.904,flush_begin,0,0
3.922,flush_end,0,2686931
3.940,trivial_move,3,2686930
3.948,trivial_move,4,2686930
3.949,flush_begin,0,0
3.968,flush_end,0,2686931
3.986,trivial_move,3,2686931
3.994,trivial_move,4,2686930
3.995,flush_begin,0,0
4.012,flush_end,0,2686930
4.029,trivial_move,3,2686931
4.037,trivial_move,4,2686932
4.037,flush_begin,0,0
4.056,flush_end,0,2686932
4.073,trivial_move,3,2686931
4.081,trivial_move,4,2686930
4.082,flush_begin,0,0
4.099,flush_end,0,2686930
4.118,trivial_move,3,2686931
4.128,trivial_move,4,2686933
4.128,flush_begin,0,0
4.147,flush_end,0,2686932
4.164,trivial_move,3,2686933
4.172,trivial_move,4,2686930
4.173,flush_begin,0,0
4.191,flush_end,0,2686930
4.209,trivial_move,3,2686930
4.217,trivial_move,4,2686931
4.217,flush_begin,0,0
4.236,flush_end,0,2686931
4.253,trivial_move,3,2686932
4.261,trivial_move,4,2686931
4.261,flush_begin,0,0
4.278,flush_end,0,2686931
4.295,trivial_move,3,2686930
4.303,trivial_move,4,2686931
4.304,flush_begin,0,0
4.322,flush_end,0,2686930
4.339,trivial_move,3,2686932
4.347,trivial_move,4,2686931
4.349,flush_begin,0,0
4.367,flush_end,0,2686933
4.385,trivial_move,3,2686930
4.393,trivial_move,4,2686931
4.393,flush_begin,0,0
4.409,flush_end,0,2686930
4.428,trivial_move,3,2686930
4.436,trivial_move,4,2686930
4.436,flush_begin,0,0
4.452,flush_end,0,2686931
4.469,trivial_move,3,2686932
4.478,trivial_move,4,2686932
4.479,flush_begin,0,0
4.496,flush_end,0,2686931
4.514,trivial_move,3,2686930
4.523,trivial_move,4,2686930
4.524,flush_begin,0,0
4.540,flush_end,0,2686931
4.558,trivial_move,3,2686932
4.566,trivial_move,4,2686931
4.567,flush_begin,0,0
4.584,flush_end,0,2686931
4.601,trivial_move,3,2686930
4.609,trivial_move,4,2686931
4.611,flush_begin,0,0
4.629,flush_end,0,2686931
4.646,trivial_move,3,2686931
4.654,trivial_move,4,2686930
4.655,flush_begin,0,0
4.674,flush_end,0,2686930
4.691,trivial_move,3,2686931
4.699,trivial_move,4,2686932
4.701,flush_begin,0,0
4.720,flush_end,0,2686932
4.738,trivial_move,3,2686931
4.746,trivial_move,4,2686930
4.747,flush_begin,0,0
4.765,flush_end,0,2686930
4.782,trivial_move,3,2686931
4.790,trivial_move,4,2686932
4.790,flush_begin,0,0
4.807,flush_end,0,2686932
4.824,trivial_move,3,2686931
4.831,trivial_move,4,2686930
4.833,flush_begin,0,0
4.850,flush_end,0,2686930
4.867,trivial_move,3,2686930
4.875,trivial_move,4,2686931
4.876,flush_begin,0,0
4.892,flush_end,0,2686930
4.909,trivial_move,3,2686932
4.917,trivial_move,4,2686931
4.918,flush_begin,0,0
4.935,flush_end,0,2686932
4.951,trivial_move,3,2686930
4.960,trivial_move,4,2686931
4.962,flush_begin,0,0
4.977,flush_end,0,2686930
4.994,trivial_move,3,2686931
5.002,trivial_move,4,2686931
5.002,flush_begin,0,0
5.017,flush_end,0,2686932
5.034,trivial_move,3,2686931
5.042,trivial_move,4,2686930
5.042,flush_begin,0,0
5.058,flush_end,0,2686930
5.075,trivial_move,3,2686930
5.083,trivial_move,4,2686930
5.084,flush_begin,0,0
5.100,flush_end,0,2686931
5.117,trivial_move,3,2686933
5.125,trivial_move,4,2686931
5.125,flush_begin,0,0
5.138,flush_end,0,2686931
5.156,trivial_move,3,2686930
5.156,flush_begin,0,0
5.169,flush_end,0,2686931
5.187,trivial_move,3,2686932
5.195,trivial_move,4,2686931
5.204,trivial_move,4,2686931
5.204,flush_begin,0,0
5.218,flush_end,0,2686931
5.235,trivial_move,3,2686930
5.243,trivial_move,4,2686931
5.243,flush_begin,0,0
5.257,flush_end,0,2686932
5.274,trivial_move,3,2686931
5.282,trivial_move,4,2686930
5.282,flush_begin,0,0
5.297,flush_end,0,2686930
5.314,trivial_move,3,2686931
5.322,trivial_move,4,2686932
5.322,flush_begin,0,0
5.337,flush_end,0,2686932
5.354,trivial_move,3,2686931
5.362,trivial_move,4,2686930
5.363,flush_begin,0,0
5.379,flush_end,0,2686930
5.396,trivial_move,3,2686931
5.404,trivial_move,4,2686932
5.405,flush_begin,0,0
5.422,flush_end,0,2686931
5.439,trivial_move,3,2686930
5.447,trivial_move,4,2686930
5.449,flush_begin,0,0
5.466,flush_end,0,2686931
5.484,trivial_move,3,2686930
5.492,trivial_move,4,2686931
5.494,flush_begin,0,0
5.512,flush_end,0,2686930
5.530,trivial_move,3,2686931
5.538,trivial_move,4,2686931
5.540,flush_begin,0,0
5.558,flush_end,0,2686932
5.576,trivial_move,3,2686931
5.584,trivial_move,4,2686930
5.584,flush_begin,0,0
5.603,flush_end,0,2686930
5.622,trivial_move,3,2686931
5.630,trivial_move,4,2686932
5.630,flush_begin,0,0
5.648,flush_end,0,2686932
5.665,trivial_move,3,2686931
5.673,trivial_move,4,2686930
5.674,flush_begin,0,0
5.692,flush_end,0,2686930
5.710,trivial_move,3,2686930
5.718,trivial_move,4,2686931
5.718,flush_begin,0,0
5.736,flush_end,0,2686931
5.753,trivial_move,3,2686932
5.761,trivial_move,4,2686931
5.761,flush_begin,0,0
5.781,flush_end,0,2686931
5.798,trivial_move,3,2686930
5.806,trivial_move,4,2686931
5.806,flush_begin,0,0
5.826,flush_end,0,2686931
5.843,trivial_move,3,2686932
5.851,trivial_move,4,2686931
5.852,flush_begin,0,0
5.872,flush_end,0,2686931
5.889,trivial_move,3,2686930
5.897,trivial_move,4,2686931
5.897,flush_begin,0,0
5.917,flush_end,0,2686930
5.935,trivial_move,3,2686931
5.943,trivial_move,4,2686930
5.943,flush_begin,0,0
5.961,flush_end,0,2686930
5.980,trivial_move,3,2686931
5.980,flush_begin,0,0
5.995,flush_end,0,2686931
6.012,trivial_move,3,2686930
6.020,trivial_move,4,2686933
6.029,trivial_move,4,2686930
6.029,flush_begin,0,0
6.045,flush_end,0,2686931
6.063,trivial_move,3,2686933
6.071,trivial_move,4,2686932
6.071,flush_begin,0,0
6.089,flush_end,0,2686931
6.107,trivial_move,3,2686930
6.115,trivial_move,4,2686930
6.116,flush_begin,0,0
6.133,flush_end,0,2686931
6.150,trivial_move,3,2686931
6.158,trivial_move,4,2686930
6.159,flush_begin,0,0
6.177,flush_end,0,2686930
6.194,trivial_move,3,2686931
6.202,trivial_move,4,2686932
6.204,flush_begin,0,0
6.221,flush_end,0,2686933
6.238,trivial_move,3,2686931
6.246,trivial_move,4,2686930
6.248,flush_begin,0,0
6.268,flush_end,0,2686930
6.285,trivial_move,3,2686931
6.293,trivial_move,4,2686932
6.294,flush_begin,0,0
6.312,flush_end,0,2686932
6.330,trivial_move,3,2686931
6.338,trivial_move,4,2686930
6.339,flush_begin,0,0
6.358,flush_end,0,2686930
6.375,trivial_move,3,2686930
6.383,trivial_move,4,2686931
6.383,flush_begin,0,0
6.401,flush_end,0,2686931
6.418,trivial_move,3,2686932
6.426,trivial_move,4,2686931
6.426,flush_begin,0,0
6.445,flush_end,0,2686931
6.462,trivial_move,3,2686930
6.470,trivial_move,4,2686931
6.471,flush_begin,0,0
6.489,flush_end,0,2686930
6.506,trivial_move,3,2686932
6.514,trivial_move,4,2686931
6.515,flush_begin,0,0
6.534,flush_end,0,2686932
6.551,trivial_move,3,2686930
6.560,trivial_move,4,2686931
6.561,flush_begin,0,0
6.582,flush_end,0,2686930
6.599,trivial_move,3,2686930
6.607,trivial_move,4,2686930
6.608,flush_begin,0,0
6.627,flush_end,0,2686931
6.644,trivial_move,3,2686932
6.652,trivial_move,4,2686932
6.653,flush_begin,0,0
6.673,flush_end,0,2686931
6.691,trivial_move,3,2686930
6.699,trivial_move,4,2686930
6.699,flush_begin,0,0
6.719,flush_end,0,2686931
6.736,trivial_move,3,2686932
6.744,trivial_move,4,2686931
6.744,flush_begin,0,0
6.764,flush_end,0,2686931
6.781,trivial_move,3,2686930
6.789,trivial_move,4,2686931
6.789,flush_begin,0,0
6.807,flush_end,0,2686931
6.824,trivial_move,3,2686931
6.832,trivial_move,4,2686930
6.832,flush_begin,0,0
6.852,flush_end,0,2686930
6.869,trivial_move,3,2686931
6.877,trivial_move,4,2686932
6.878,flush_begin,0,0
6.898,flush_end,0,2686932
6.916,trivial_move,3,2686931
6.924,trivial_move,4,2686930
6.925,flush_begin,0,0
6.945,flush_end,0,2686930
6.962,trivial_move,3,2686931
6.970,trivial_move,4,2686933
6.971,flush_begin,0,0
6.990,flush_end,0,2686932
7.007,trivial_move,3,2686932
7.015,trivial_move,4,2686930
7.016,flush_begin,0,0
7.032,flush_end,0,2686930
7.049,trivial_move,3,2686930
7.057,trivial_move,4,2686931
7.057,flush_begin,0,0
7.074,flush_end,0,2686930
7.090,trivial_move,3,2686932
7.098,trivial_move,4,2686931
7.099,flush_begin,0,0
7.116,flush_end,0,2686932
7.133,trivial_move,3,2686930
7.141,trivial_move,4,2686931
7.142,flush_begin,0,0
7.159,flush_end,0,2686930
7.176,trivial_move,3,2686931
7.184,trivial_move,4,2686931
7.185,flush_begin,0,0
7.203,flush_end,0,2686933
7.220,trivial_move,3,2686931
7.228,trivial_move,4,2686930
7.230,flush_begin,0,0
7.248,flush_end,0,2686930
7.265,trivial_move,3,2686930
7.273,trivial_move,4,2686930
7.276,flush_begin,0,0
7.292,flush_end,0,2686931
7.309,trivial_move,3,2686932
7.317,trivial_move,4,2686931
7.318,flush_begin,0,0
7.335,flush_end,0,2686931
7.352,trivial_move,3,2686930
7.360,trivial_move,4,2686931
7.361,flush_begin,0,0
7.378,flush_end,0,2686931
7.395,trivial_move,3,2686932
7.403,trivial_move,4,2686931
7.404,flush_begin,0,0
7.422,flush_end,0,2686931
7.439,trivial_move,3,2686930
7.447,trivial_move,4,2686931
7.448,flush_begin,0,0
7.465,flush_end,0,2686931
7.482,trivial_move,3,2686931
7.490,trivial_move,4,2686930
7.491,flush_begin,0,0
7.509,flush_end,0,2686930
7.527,trivial_move,3,2686931
7.535,trivial_move,4,2686932
7.536,flush_begin,0,0
7.553,flush_end,0,2686932
7.570,trivial_move,3,2686931
7.578,trivial_move,4,2686930
7.579,flush_begin,0,0
7.596,flush_end,0,2686930
7.614,trivial_move,3,2686931
7.622,trivial_move,4,2686932
7.622,flush_begin,0,0
7.640,flush_end,0,2686931
7.658,trivial_move,3,2686930
7.666,trivial_move,4,2686930
7.667,flush_begin,0,0
7.687,flush_end,0,2686931
7.704,trivial_move,3,2686930
7.712,trivial_move,4,2686931
7.713,flush_begin,0,0
7.733,flush_end,0,2686930
7.750,trivial_move,3,2686931
7.758,trivial_move,4,2686931
7.759,flush_begin,0,0
7.779,flush_end,0,2686932
7.796,trivial_move,3,2686931
7.804,trivial_move,4,2686930
7.804,flush_begin,0,0
7.825,flush_end,0,2686930
7.842,trivial_move,3,2686931
7.850,trivial_move,4,2686932
7.850,flush_begin,0,0
7.869,flush_end,0,2686932
7.886,trivial_move,3,2686931
7.894,trivial_move,4,2686930
7.895,flush_begin,0,0
7.913,flush_end,0,2686930
7.930,trivial_move,3,2686930
7.938,trivial_move,4,2686932
7.939,flush_begin,0,0
7.959,flush_end,0,2686931
7.976,trivial_move,3,2686933
7.984,trivial_move,4,2686931
7.985,flush_begin,0,0
8.004,flush_end,0,2686931
8.021,trivial_move,3,2686930
8.031,trivial_move,4,2686931
8.031,flush_begin,0,0
8.049,flush_end,0,2686931
8.067,trivial_move,3,2686932
8.075,trivial_move,4,2686931
8.075,flush_begin,0,0
8.094,flush_end,0,2686931
8.111,trivial_move,3,2686930
8.119,trivial_move,4,2686931
8.119,flush_begin,0,0
8.137,flush_end,0,2686930
8.154,trivial_move,3,2686931
8.162,trivial_move,4,2686930
8.164,flush_begin,0,0
8.181,flush_end,0,2686930
8.199,trivial_move,3,2686931
8.207,trivial_move,4,2686932
8.208,flush_begin,0,0
8.227,flush_end,0,2686931
8.245,trivial_move,3,2686930
8.253,trivial_move,4,2686930
8.253,flush_begin,0,0
8.272,flush_end,0,2686931
8.290,trivial_move,3,2686932
8.298,trivial_move,4,2686932
8.299,flush_begin,0,0
8.317,flush_end,0,2686931
8.334,trivial_move,3,2686930
8.342,trivial_move,4,2686930
8.342,flush_begin,0,0
8.360,flush_end,0,2686931
8.378,trivial_move,3,2686931
8.387,trivial_move,4,2686930
8.387,flush_begin,0,0
8.405,flush_end,0,2686930
8.422,trivial_move,3,2686931
8.431,trivial_move,4,2686932
8.431,flush_begin,0,0
8.449,flush_end,0,2686932
8.466,trivial_move,3,2686931
8.474,trivial_move,4,2686930
8.474,flush_begin,0,0
8.493,flush_end,0,2686930
8.510,trivial_move,3,2686931
8.518,trivial_move,4,2686932
8.519,flush_begin,0,0
8.538,flush_end,0,2686932
8.555,trivial_move,3,2686931
8.564,trivial_move,4,2686930
8.564,flush_begin,0,0
8.583,flush_end,0,2686930
8.600,trivial_move,3,2686930
8.608,trivial_move,4,2686931
8.608,flush_begin,0,0
8.628,flush_end,0,2686931
8.645,trivial_move,3,2686932
8.653,trivial_move,4,2686931
8.654,flush_begin,0,0
8.675,flush_end,0,2686931
8.692,trivial_move,3,2686930
8.700,trivial_move,4,2686931
8.701,flush_begin,0,0
8.721,flush_end,0,2686930
8.736,trivial_move,3,2686932
8.743,trivial_move,4,2686931
8.744,flush_begin,0,0
8.764,flush_end,0,2686932
8.778,trivial_move,3,2686930
8.786,trivial_move,4,2686931
8.786,flush_begin,0,0
8.805,flush_end,0,2686930
8.822,trivial_move,3,2686930
8.831,trivial_move,4,2686930
8.831,flush_begin,0,0
8.845,flush_end,0,2686931
8.862,trivial_move,3,2686932
8.870,trivial_move,4,2686933
8.870,flush_begin,0,0
8.884,flush_end,0,2686931
8.901,trivial_move,3,2686930
8.909,trivial_move,4,2686930
8.909,flush_begin,0,0
8.924,flush_end,0,2686931
8.941,trivial_move,3,2686933
8.949,trivial_move,4,2686931
8.950,flush_begin,0,0
8.966,flush_end,0,2686931
8.983,trivial_move,3,2686930
8.991,trivial_move,4,2686931
8.992,flush_begin,0,0
9.008,flush_end,0,2686931
9.025,trivial_move,3,2686931
9.033,trivial_move,4,2686930
9.034,flush_begin,0,0
9.050,flush_end,0,2686930
9.067,trivial_move,3,2686931
9.075,trivial_move,4,2686932
9.076,flush_begin,0,0
9.094,flush_end,0,2686933
9.112,trivial_move,3,2686931
9.120,trivial_move,4,2686930
9.122,flush_begin,0,0
9.140,flush_end,0,2686930
9.157,trivial_move,3,2686931
9.165,trivial_move,4,2686932
9.166,flush_begin,0,0
9.183,flush_end,0,2686932
9.201,trivial_move,3,2686931
9.209,trivial_move,4,2686930
9.211,flush_begin,0,0
9.228,flush_end,0,2686930
9.246,trivial_move,3,2686930
9.254,trivial_move,4,2686931
9.255,flush_begin,0,0
9.270,flush_end,0,2686930
9.288,trivial_move,3,2686932
9.296,trivial_move,4,2686931
9.297,flush_begin,0,0
9.316,flush_end,0,2686932
9.334,trivial_move,3,2686930
9.342,trivial_move,4,2686931
9.342,flush_begin,0,0
9.359,flush_end,0,2686930
9.377,trivial_move,3,2686931
9.385,trivial_move,4,2686931
9.386,flush_begin,0,0
9.404,flush_end,0,2686932
9.421,trivial_move,3,2686931
9.429,trivial_move,4,2686930
9.430,flush_begin,0,0
9.447,flush_end,0,2686930
9.464,trivial_move,3,2686930
9.472,trivial_move,4,2686930
9.472,flush_begin,0,0
9.490,flush_end,0,2686931
9.507,trivial_move,3,2686932
9.515,trivial_move,4,2686931
9.515,flush_begin,0,0
9.533,flush_end,0,2686931
9.550,trivial_move,3,2686930
9.558,trivial_move,4,2686931
9.560,flush_begin,0,0
9.576,flush_end,0,2686931
9.594,trivial_move,3,2686932
9.602,trivial_move,4,2686931
9.604,flush_begin,0,0
9.621,flush_end,0,2686931
9.639,trivial_move,3,2686930
9.647,trivial_move,4,2686931
9.648,flush_begin,0,0
9.665,flush_end,0,2686931
9.682,trivial_move,3,2686931
9.691,trivial_move,4,2686930
9.691,flush_begin,0,0
9.708,flush_end,0,2686930
9.725,trivial_move,3,2686931
9.733,trivial_move,4,2686932
9.734,flush_begin,0,0
9.753,flush_end,0,2686932
9.770,trivial_move,3,2686931
9.778,trivial_move,4,2686930
9.779,flush_begin,0,0
9.799,flush_end,0,2686930
9.816,trivial_move,3,2686931
9.824,trivial_move,4,2686933
9.825,flush_begin,0,0
9.845,flush_end,0,2686931
9.862,trivial_move,3,2686930
9.870,trivial_move,4,2686930
9.870,flush_begin,0,0
9.889,flush_end,0,2686931
9.906,trivial_move,3,2686930
9.913,trivial_move,4,2686931
9.913,flush_begin,0,0
9.931,flush_end,0,2686930
9.948,trivial_move,3,2686931
9.956,trivial_move,4,2686931
9.957,flush_begin,0,0
9.975,flush_end,0,2686932
9.992,trivial_move,3,2686931
10.000,trivial_move,4,2686930
10.001,flush_begin,0,0
10.020,flush_end,0,2686930
10.037,trivial_move,3,2686931
10.045,trivial_move,4,2686932
10.045,flush_begin,0,0
10.065,flush_end,0,2686933
10.082,trivial_move,3,2686931
10.090,trivial_move,4,2686930
10.091,flush_begin,0,0
10.110,flush_end,0,2686930
10.127,trivial_move,3,2686930
10.136,trivial_move,4,2686931
10.136,flush_begin,0,0
10.155,flush_end,0,2686931
10.172,trivial_move,3,2686932
10.180,trivial_move,4,2686931
10.181,flush_begin,0,0
10.199,flush_end,0,2686931
10.216,trivial_move,3,2686930
10.224,trivial_move,4,2686931
10.225,flush_begin,0,0
10.243,flush_end,0,2686931
10.260,trivial_move,3,2686932
10.268,trivial_move,4,2686931
10.268,flush_begin,0,0
10.287,flush_end,0,2686931
10.310,trivial_move,3,2686930
10.318,trivial_move,4,2686931
10.319,flush_begin,0,0
10.338,flush_end,0,2686930
10.355,trivial_move,3,2686931
10.363,trivial_move,4,2686930
10.364,flush_begin,0,0
10.383,flush_end,0,2686930
10.400,trivial_move,3,2686931
10.408,trivial_move,4,2686932
10.408,flush_begin,0,0
10.428,flush_end,0,2686931
10.445,trivial_move,3,2686930
10.453,trivial_move,4,2686930
10.453,flush_begin,0,0
10.473,flush_end,0,2686931
10.490,trivial_move,3,2686932
10.498,trivial_move,4,2686932
10.498,flush_begin,0,0
10.517,flush_end,0,2686931
10.535,trivial_move,3,2686930
10.543,trivial_move,4,2686930
10.543,flush_begin,0,0
10.556,flush_end,0,2686931
10.572,trivial_move,3,2686931
10.580,trivial_move,4,2686930
10.580,flush_begin,0,0
10.591,flush_end,0,2686930
10.609,trivial_move,3,2686931
10.609,flush_begin,0,0
10.621,flush_end,0,2686932
10.639,trivial_move,3,2686931
10.639,flush_begin,0,0
10.652,flush_end,0,2686930
10.670,trivial_move,3,2686931
10.670,flush_begin,0,0
10.683,flush_end,0,2686932
10.700,trivial_move,3,2686931
10.700,flush_begin,0,0
10.713,flush_end,0,2686930
10.730,trivial_move,3,2686930
10.739,trivial_move,4,2686932
10.739,flush_begin,0,0
10.752,flush_end,0,2686931
10.769,trivial_move,3,2686933
10.778,trivial_move,4,2686930
10.778,flush_begin,0,0
10.792,flush_end,0,2686931
10.809,trivial_move,3,2686930
10.817,trivial_move,4,2686932
10.817,flush_begin,0,0
10.832,flush_end,0,2686930
10.849,trivial_move,3,2686932
10.857,trivial_move,4,2686930
10.857,flush_begin,0,0
10.872,flush_end,0,2686932
10.889,trivial_move,3,2686930
10.897,trivial_move,4,2686932
10.897,flush_begin,0,0
10.913,flush_end,0,2686930
10.930,trivial_move,3,2686930
10.938,trivial_move,4,2686931
10.946,trivial_move,4,2686931
10.946,flush_begin,0,0
10.962,flush_end,0,2686932
10.979,trivial_move,3,2686932
10.987,trivial_move,4,2686931
10.995,trivial_move,4,2686931
11.003,trivial_move,4,2686930
11.003,flush_begin,0,0
11.020,flush_end,0,2686931
11.037,trivial_move,3,2686930
11.045,trivial_move,4,2686932
11.053,trivial_move,4,2686930
11.054,flush_begin,0,0
11.072,flush_end,0,2686931
11.089,trivial_move,3,2686932
11.097,trivial_move,4,2686931
11.097,flush_begin,0,0
11.116,flush_end,0,2686931
11.134,trivial_move,3,2686930
11.142,trivial_move,4,2686931
11.142,flush_begin,0,0
11.161,flush_end,0,2686931
11.179,trivial_move,3,2686931
11.179,flush_begin,0,0
11.196,flush_end,0,2686930
11.214,trivial_move,3,2686931
11.222,trivial_move,4,2686930
11.222,flush_begin,0,0
11.239,flush_end,0,2686932
11.257,trivial_move,3,2686931
11.265,trivial_move,4,2686932
11.273,trivial_move,4,2686930
11.273,flush_begin,0,0
11.292,flush_end,0,2686930
11.309,trivial_move,3,2686931
11.317,trivial_move,4,2686932
11.317,flush_begin,0,0
11.337,flush_end,0,2686932
11.354,trivial_move,3,2686931
11.362,trivial_move,4,2686930
11.362,flush_begin,0,0
11.381,flush_end,0,2686930
11.398,trivial_move,3,2686930
11.407,trivial_move,4,2686931
11.407,flush_begin,0,0
11.425,flush_end,0,2686930
11.442,trivial_move,3,2686932
11.451,trivial_move,4,2686931
11.451,flush_begin,0,0
11.469,flush_end,0,2686932
11.486,trivial_move,3,2686930
11.494,trivial_move,4,2686931
11.494,flush_begin,0,0
11.512,flush_end,0,2686930
11.529,trivial_move,3,2686931
11.537,trivial_move,4,2686931
11.538,flush_begin,0,0
11.556,flush_end,0,2686932
11.573,trivial_move,3,2686931
11.581,trivial_move,4,2686930
11.581,flush_begin,0,0
11.600,flush_end,0,2686930
11.617,trivial_move,3,2686930
11.625,trivial_move,4,2686930
11.626,flush_begin,0,0
11.645,flush_end,0,2686931
11.662,trivial_move,3,2686932
11.670,trivial_move,4,2686931
11.671,flush_begin,0,0
11.690,flush_end,0,2686931
11.707,trivial_move,3,2686930
11.715,trivial_move,4,2686933
11.715,flush_begin,0,0
11.736,flush_end,0,2686931
11.753,trivial_move,3,2686933
11.762,trivial_move,4,2686931
11.762,flush_begin,0,0
11.779,flush_end,0,2686931
11.796,trivial_move,3,2686930
11.804,trivial_move,4,2686931
11.805,flush_begin,0,0
11.823,flush_end,0,2686931
11.840,trivial_move,3,2686931
11.848,trivial_move,4,2686930
11.850,flush_begin,0,0
11.868,flush_end,0,2686930
11.885,trivial_move,3,2686931
11.893,trivial_move,4,2686932
11.894,flush_begin,0,0
11.910,flush_end,0,2570063
11.927,trivial_move,3,2686931
11.935,trivial_move,4,2686930
11.935,compaction_begin,2,0
11.969,compaction_end,2,5374078
11.987,trivial_move,4,2686932
11.987,compaction_begin,2,0
12.021,compaction_end,2,5374077
12.039,trivial_move,4,2686930
12.039,compaction_begin,2,0
12.070,compaction_end,2,5374079
12.089,trivial_move,4,2686931
12.089,compaction_begin,2,0
12.119,compaction_end,2,5374079
12.137,trivial_move,4,2686931
12.137,compaction_begin,2,0
12.167,compaction_end,2,5374079
12.184,trivial_move,4,2686930
12.184,compaction_begin,2,0
12.212,compaction_end,2,5374079
12.229,trivial_move,4,2686932
12.229,compaction_begin,2,0
12.257,compaction_end,2,5374078
12.274,trivial_move,4,2686930
12.274,compaction_begin,2,0
12.301,compaction_end,2,5374079
12.318,trivial_move,4,2686931
12.318,compaction_begin,2,0
12.345,compaction_end,2,5374080
12.362,trivial_move,4,2686931
12.362,compaction_begin,2,0
12.390,compaction_end,2,5374079
12.407,trivial_move,4,2686931
12.407,compaction_begin,2,0
12.434,compaction_end,2,5374079
12.451,trivial_move,4,2686931
12.451,compaction_begin,2,0
12.478,compaction_end,2,5374078
12.495,trivial_move,4,2686931
12.495,compaction_begin,2,0
12.522,compaction_end,2,5374079
12.539,trivial_move,4,2686930
12.539,compaction_begin,2,0
12.565,compaction_end,2,5374078
12.583,trivial_move,4,2686932
12.583,compaction_begin,2,0
12.609,compaction_end,2,5374079
12.626,trivial_move,4,2686930
12.626,compaction_begin,2,0
12.653,compaction_end,2,5374079
12.670,trivial_move,4,2686933
12.670,compaction_begin,2,0
12.696,compaction_end,2,5374078
12.713,trivial_move,4,2686930
12.713,compaction_begin,2,0
12.741,compaction_end,2,5374079
12.758,trivial_move,4,2686930
12.758,compaction_begin,2,0
12.785,compaction_end,2,5374079
12.802,trivial_move,4,2686932
12.802,compaction_begin,2,0
12.815,compaction_end,2,2570063
12.832,trivial_move,4,2686930
12.840,trivial_move,4,2686932
12.840,compaction_begin,3,0
12.869,compaction_end,3,5374079
12.886,trivial_move,4,2686931
12.886,compaction_begin,3,0
12.915,compaction_end,3,5374079
12.932,trivial_move,4,2686931
12.932,compaction_begin,3,0
12.961,compaction_end,3,5374077
12.978,trivial_move,4,2686930
12.978,compaction_begin,3,0
13.008,compaction_end,3,5374079
13.025,trivial_move,4,2686930
13.025,compaction_begin,3,0
13.055,compaction_end,3,5374079
13.072,trivial_move,4,2686932
13.072,compaction_begin,3,0
13.102,compaction_end,3,5374080
13.119,trivial_move,4,2686931
13.119,compaction_begin,3,0
13.147,compaction_end,3,5374079
13.156,compaction_begin,3,0
13.183,compaction_end,3,5374079
13.192,compaction_begin,3,0
13.217,compaction_end,3,5374079
13.226,compaction_begin,3,0
13.251,compaction_end,3,5374079
13.260,compaction_begin,3,0
13.284,compaction_end,3,5374078
13.293,compaction_begin,3,0
13.317,compaction_end,3,5374079
13.326,compaction_begin,3,0
13.350,compaction_end,3,5374079
13.358,compaction_begin,3,0
13.383,compaction_end,3,5374078
13.392,compaction_begin,3,0
13.415,compaction_end,3,5374079
13.424,compaction_begin,3,0
13.447,compaction_end,3,5374078
13.455,compaction_begin,3,0
13.478,compaction_end,3,5374080
13.486,compaction_begin,3,0
13.509,compaction_end,3,5374079
13.517,compaction_begin,3,0
13.540,compaction_end,3,5374079
13.549,compaction_begin,3,0
13.571,compaction_end,3,5374079
13.579,compaction_begin,3,0
13.602,compaction_end,3,5374078
13.610,compaction_begin,3,0
13.633,compaction_end,3,5374079
13.641,compaction_begin,3,0
13.663,compaction_end,3,5374079
13.672,compaction_begin,3,0
13.694,compaction_end,3,5374079
13.702,compaction_begin,3,0
13.725,compaction_end,3,5374079
13.733,compaction_begin,3,0
13.756,compaction_end,3,5374077
13.764,compaction_begin,3,0
13.787,compaction_end,3,5374078
13.796,compaction_begin,3,0
13.818,compaction_end,3,5374080
13.826,compaction_begin,3,0
13.849,compaction_end,3,5374079
13.858,compaction_begin,3,0
13.880,compaction_end,3,5374079
13.889,compaction_begin,3,0
13.911,compaction_end,3,5374078
13.920,compaction_begin,3,0
13.942,compaction_end,3,5374079
13.951,compaction_begin,3,0
13.974,compaction_end,3,5374079
13.983,compaction_begin,3,0
14.006,compaction_end,3,5374079
14.014,compaction_begin,3,0
14.038,compaction_end,3,5374079
14.047,compaction_begin,3,0
14.069,compaction_end,3,5374078
14.077,compaction_begin,3,0
14.101,compaction_end,3,5374079
14.110,compaction_begin,3,0
14.132,compaction_end,3,5374080
14.141,compaction_begin,3,0
14.164,compaction_end,3,5374078
14.173,compaction_begin,3,0
14.196,compaction_end,3,5374079
14.205,compaction_begin,3,0
14.228,compaction_end,3,5374078
14.237,compaction_begin,3,0
14.260,compaction_end,3,5374079
14.268,compaction_begin,3,0
14.291,compaction_end,3,5374079
14.300,compaction_begin,3,0
14.322,compaction_end,3,5374079
14.330,compaction_begin,3,0
14.352,compaction_end,3,5374079
14.360,compaction_begin,3,0
14.383,compaction_end,3,5374078
14.391,compaction_begin,3,0
14.414,compaction_end,3,5374079
14.423,compaction_begin,3,0
14.445,compaction_end,3,5374079
14.453,compaction_begin,3,0
14.476,compaction_end,3,5374080
14.484,compaction_begin,3,0
14.507,compaction_end,3,5374079
14.515,compaction_begin,3,0
14.539,compaction_end,3,5374077
14.548,compaction_begin,3,0
14.570,compaction_end,3,5374078
14.578,compaction_begin,3,0
14.600,compaction_end,3,5374079
14.608,compaction_begin,3,0
14.630,compaction_end,3,5374079
14.638,compaction_begin,3,0
14.661,compaction_end,3,5374079
14.669,compaction_begin,3,0
14.691,compaction_end,3,5374078
14.699,compaction_begin,3,0
14.723,compaction_end,3,5374079
14.732,compaction_begin,3,0
14.754,compaction_end,3,5374079
14.763,compaction_begin,3,0
14.785,compaction_end,3,5374079
14.794,compaction_begin,3,0
14.816,compaction_end,3,5374080
14.825,compaction_begin,3,0
14.848,compaction_end,3,5374078
14.857,compaction_begin,3,0
14.880,compaction_end,3,5374079
14.888,compaction_begin,3,0
14.912,compaction_end,3,5374079
14.921,compaction_begin,3,0
14.945,compaction_end,3,5374078
14.954,compaction_begin,3,0
14.977,compaction_end,3,5374079
14.985,compaction_begin,3,0
15.009,compaction_end,3,5374078
15.017,compaction_begin,3,0
15.041,compaction_end,3,5374079
15.050,compaction_begin,3,0
15.074,compaction_end,3,5374079
15.083,compaction_begin,3,0
15.106,compaction_end,3,5374079
15.115,compaction_begin,3,0
15.138,compaction_end,3,5374079
15.147,compaction_begin,3,0
15.170,compaction_end,3,5374079
15.179,compaction_begin,3,0
15.202,compaction_end,3,5374079
15.210,compaction_begin,3,0
15.233,compaction_end,3,5374079
15.242,compaction_begin,3,0
15.264,compaction_end,3,5374079
15.273,compaction_begin,3,0
15.295,compaction_end,3,5374079
15.304,compaction_begin,3,0
15.326,compaction_end,3,5374077
15.335,compaction_begin,3,0
15.357,compaction_end,3,5374078
15.365,compaction_begin,3,0
15.389,compaction_end,3,5374079
15.398,compaction_begin,3,0
15.420,compaction_end,3,5374079
15.429,compaction_begin,3,0
15.454,compaction_end,3,5374079
15.464,compaction_begin,3,0
15.488,compaction_end,3,5374078
15.497,compaction_begin,3,0
15.521,compaction_end,3,5374080
15.530,compaction_begin,3,0
15.554,compaction_end,3,5374079
15.571,compaction_begin,3,0
15.600,compaction_end,3,5374079
15.608,compaction_begin,3,0
15.640,compaction_end,3,5374079
15.648,compaction_begin,3,0
15.672,compaction_end,3,5374078
15.682,compaction_begin,3,0
15.705,compaction_end,3,5374079
15.714,compaction_begin,3,0
15.738,compaction_end,3,5374079
15.747,compaction_begin,3,0
15.771,compaction_end,3,5374078
15.779,compaction_begin,3,0
15.804,compaction_end,3,5374079
15.814,compaction_begin,3,0
15.837,compaction_end,3,5374078
15.845,compaction_begin,3,0
15.869,compaction_end,3,5374079
15.878,compaction_begin,3,0
15.902,compaction_end,3,5374081
15.910,compaction_begin,3,0
15.935,compaction_end,3,5374079
15.945,compaction_begin,3,0
15.968,compaction_end,3,5374079
15.977,compaction_begin,3,0
16.000,compaction_end,3,5374078
16.009,compaction_begin,3,0
16.031,compaction_end,3,5374079
16.040,compaction_begin,3,0
16.063,compaction_end,3,5374079
16.071,compaction_begin,3,0
16.094,compaction_end,3,5374079
16.103,compaction_begin,3,0
16.126,compaction_end,3,5374079
16.135,compaction_begin,3,0
16.157,compaction_end,3,5374077
16.165,compaction_begin,3,0
16.188,compaction_end,3,5374078
16.198,compaction_begin,3,0
16.220,compaction_end,3,5374079
16.229,compaction_begin,3,0
16.251,compaction_end,3,5374080
16.260,compaction_begin,3,0
16.282,compaction_end,3,5374079
16.290,compaction_begin,3,0
16.314,compaction_end,3,5374078
16.324,compaction_begin,3,0
16.347,compaction_end,3,5374079
16.355,compaction_begin,3,0
16.378,compaction_end,3,5374079
16.387,compaction_begin,3,0
16.409,compaction_end,3,5374079
16.417,compaction_begin,3,0
16.439,compaction_end,3,5374079
16.447,compaction_begin,3,0
16.470,compaction_end,3,5374078
16.479,compaction_begin,3,0
16.502,compaction_end,3,5374079
16.511,compaction_begin,3,0
16.533,compaction_end,3,5374079
16.541,compaction_begin,3,0
16.564,compaction_end,3,5374078
16.574,compaction_begin,3,0
16.596,compaction_end,3,5374080
16.605,compaction_begin,3,0
16.628,compaction_end,3,5374078
16.637,compaction_begin,3,0
16.658,compaction_end,3,5374079
16.666,compaction_begin,3,0
16.689,compaction_end,3,5374079
16.698,compaction_begin,3,0
16.720,compaction_end,3,5374079
16.729,compaction_begin,3,0
16.751,compaction_end,3,5374079
16.759,compaction_begin,3,0
16.782,compaction_end,3,5374078
16.791,compaction_begin,3,0
16.814,compaction_end,3,5374079
16.824,compaction_begin,3,0
16.848,compaction_end,3,5374079
16.857,compaction_begin,3,0
16.880,compaction_end,3,5374079
16.889,compaction_begin,3,0
16.912,compaction_end,3,5374080
16.921,compaction_begin,3,0
16.943,compaction_end,3,5374077
16.954,compaction_begin,3,0
16.976,compaction_end,3,5374078
16.985,compaction_begin,3,0
17.007,compaction_end,3,5374079
17.016,compaction_begin,3,0
17.037,compaction_end,3,5374079
17.046,compaction_begin,3,0
17.068,compaction_end,3,5374079
17.077,compaction_begin,3,0
17.098,compaction_end,3,5374078
17.107,compaction_begin,3,0
17.130,compaction_end,3,5374079
17.139,compaction_begin,3,0
17.161,compaction_end,3,5374079
17.170,compaction_begin,3,0
17.192,compaction_end,3,5374079
17.202,compaction_begin,3,0
17.224,compaction_end,3,5374079
17.233,compaction_begin,3,0
17.254,compaction_end,3,5374079
17.263,compaction_begin,3,0
17.284,compaction_end,3,5374079
17.293,compaction_begin,3,0
17.315,compaction_end,3,5374079
17.324,compaction_begin,3,0
17.347,compaction_end,3,5374078
17.357,compaction_begin,3,0
17.380,compaction_end,3,5374079
17.389,compaction_begin,3,0
17.410,compaction_end,3,5374078
17.418,compaction_begin,3,0
17.441,compaction_end,3,5374079
17.451,compaction_begin,3,0
17.472,compaction_end,3,5374079
17.481,compaction_begin,3,0
17.503,compaction_end,3,5374079
17.511,compaction_begin,3,0
17.535,compaction_end,3,5374079
17.544,compaction_begin,3,0
17.567,compaction_end,3,5374078
17.577,compaction_begin,3,0
17.600,compaction_end,3,5374080
17.609,compaction_begin,3,0
17.632,compaction_end,3,5374079
17.641,compaction_begin,3,0
17.664,compaction_end,3,5374079
17.673,compaction_begin,3,0
17.696,compaction_end,3,5374079
17.706,compaction_begin,3,0
17.730,compaction_end,3,5374077
17.739,compaction_begin,3,0
17.761,compaction_end,3,5374078
17.770,compaction_begin,3,0
17.792,compaction_end,3,5374079
17.801,compaction_begin,3,0
17.823,compaction_end,3,5374079
17.832,compaction_begin,3,0
17.854,compaction_end,3,5374079
17.863,compaction_begin,3,0
17.885,compaction_end,3,5374078
17.894,compaction_begin,3,0
17.916,compaction_end,3,5374079
17.925,compaction_begin,3,0
17.948,compaction_end,3,5374080
17.957,compaction_begin,3,0
17.979,compaction_end,3,5374079
17.988,compaction_begin,3,0
18.010,compaction_end,3,5374079
18.019,compaction_begin,3,0
18.041,compaction_end,3,5374078
18.050,compaction_begin,3,0
18.072,compaction_end,3,5374079
18.081,compaction_begin,3,0
18.102,compaction_end,3,5374079
18.111,compaction_begin,3,0
18.132,compaction_end,3,5374078
18.141,compaction_begin,3,0
18.162,compaction_end,3,5374079
18.171,compaction_begin,3,0
18.192,compaction_end,3,5374078
18.201,compaction_begin,3,0
18.222,compaction_end,3,5374079
18.230,compaction_begin,3,0
18.252,compaction_end,3,5374079
18.260,compaction_begin,3,0
18.282,compaction_end,3,5374080
18.291,compaction_begin,3,0
18.312,compaction_end,3,5374079
18.321,compaction_begin,3,0
18.342,compaction_end,3,5374078
18.351,compaction_begin,3,0
18.372,compaction_end,3,5374079
18.381,compaction_begin,3,0
18.402,compaction_end,3,5374079
18.413,compaction_begin,3,0
18.435,compaction_end,3,5374079
18.443,compaction_begin,3,0
18.465,compaction_end,3,5374079
18.474,compaction_begin,3,0
18.495,compaction_end,3,5374077
18.504,compaction_begin,3,0
18.525,compaction_end,3,5374078
18.534,compaction_begin,3,0
18.556,compaction_end,3,5374079
18.565,compaction_begin,3,0
18.587,compaction_end,3,5374079
18.596,compaction_begin,3,0
18.617,compaction_end,3,5374080
18.626,compaction_begin,3,0
18.647,compaction_end,3,5374078
18.656,compaction_begin,3,0
18.682,compaction_end,3,7023641
18.690,compaction_begin,3,0
18.714,compaction_end,3,5374083
18.722,compaction_begin,3,0
18.744,compaction_end,3,5374083
18.753,compaction_begin,3,0
18.775,compaction_end,3,5374083
18.783,compaction_begin,3,0
18.807,compaction_end,3,5374084
18.815,compaction_begin,3,0
18.837,compaction_end,3,5374083
18.845,compaction_begin,3,0
18.867,compaction_end,3,5374082
18.876,compaction_begin,3,0
18.898,compaction_end,3,5374083
18.907,compaction_begin,3,0
18.929,compaction_end,3,5374084
18.937,compaction_begin,3,0
18.960,compaction_end,3,5374084
18.969,compaction_begin,3,0
18.991,compaction_end,3,5374083
18.999,compaction_begin,3,0
19.022,compaction_end,3,5374082
19.030,compaction_begin,3,0
19.053,compaction_end,3,5374083
19.061,compaction_begin,3,0
19.084,compaction_end,3,5374083
19.092,compaction_begin,3,0
19.115,compaction_end,3,5374084
19.124,compaction_begin,3,0
19.146,compaction_end,3,5374082
19.155,compaction_begin,3,0
19.177,compaction_end,3,5374083
19.185,compaction_begin,3,0
19.208,compaction_end,3,5374083
19.217,compaction_begin,3,0
19.239,compaction_end,3,5374083
19.248,compaction_begin,3,0
19.261,compaction_end,3,3607587
24.811,flush_begin,0,0
24.826,flush_end,0,2744471
24.835,compaction_begin,2,0
25.126,compaction_end,2,2672774
25.138,compaction_begin,3,0
25.330,compaction_end,3,42992649
25.342,compaction_begin,3,0
25.686,compaction_end,3,42992648
25.699,compaction_begin,3,0
26.253,compaction_end,3,42992649
26.265,compaction_begin,3,0
26.997,compaction_end,3,42992648
27.008,compaction_begin,3,0
27.175,compaction_end,3,42992652
27.186,compaction_begin,3,0
27.527,compaction_end,3,42992649
27.539,compaction_begin,3,0
28.113,compaction_end,3,42992650
28.125,compaction_begin,3,0
28.289,compaction_end,3,42992653
28.301,compaction_begin,3,0
28.472,compaction_end,3,44642301
28.483,compaction_begin,3,0
28.647,compaction_end,3,42992653
28.654,compaction_begin,3,0
28.816,compaction_end,3,42992653
28.830,compaction_begin,3,0
28.991,compaction_end,3,42992654
29.002,compaction_begin,3,0
29.164,compaction_end,3,42992652
29.175,compaction_begin,3,0
29.908,compaction_end,3,42992649
29.919,compaction_begin,3,0
30.079,compaction_end,3,42992653
30.087,compaction_begin,3,0
30.248,compaction_end,3,42992654
30.262,compaction_begin,3,0
30.276,flush_begin,0,0
30.288,flush_end,0,2744300
30.988,compaction_end,3,42992648
31.000,compaction_begin,2,0
31.298,compaction_end,2,2937147
31.313,compaction_begin,3,0
31.489,compaction_end,3,42992649
31.501,compaction_begin,3,0
31.664,compaction_end,3,42992649
31.674,compaction_begin,3,0
31.860,compaction_end,3,42992648
31.877,compaction_begin,3,0
32.055,compaction_end,3,42992654
32.066,compaction_begin,3,0
32.243,compaction_end,3,44642297
32.251,compaction_begin,3,0
32.415,compaction_end,3,42992648
32.428,compaction_begin,3,0
32.593,compaction_end,3,42992652
32.604,compaction_begin,3,0
32.766,compaction_end,3,42992649
32.778,compaction_begin,3,0
32.944,compaction_end,3,42992650
32.956,compaction_begin,3,0
33.274,compaction_end,3,42992653
33.285,compaction_begin,3,0
34.004,compaction_end,3,42992648
34.015,compaction_begin,3,0
34.179,compaction_end,3,42992648
34.190,compaction_begin,3,0
34.355,compaction_end,3,42992649
34.366,compaction_begin,3,0
34.529,compaction_end,3,42992653
34.540,compaction_begin,3,0
34.698,compaction_end,3,41955151
34.709,compaction_begin,3,0
34.870,compaction_end,3,42992653
34.881,compaction_begin,3,0
35.045,compaction_end,3,42992654
35.054,compaction_begin,3,0
35.218,compaction_end,3,42992653
35.229,compaction_begin,3,0
35.747,flush_begin,0,0
35.759,flush_end,0,2744584
35.982,compaction_end,3,42992650
35.993,compaction_begin,2,0
36.281,compaction_end,2,3181795
36.296,compaction_begin,3,0
36.479,compaction_end,3,42992649
36.492,compaction_begin,3,0
36.651,compaction_end,3,42992648
36.662,compaction_begin,3,0
36.820,compaction_end,3,42992649
36.832,compaction_begin,3,0
36.995,compaction_end,3,42992653
37.006,compaction_begin,3,0
37.166,compaction_end,3,42992650
37.178,compaction_begin,3,0
37.338,compaction_end,3,42992653
37.350,compaction_begin,3,0
37.511,compaction_end,3,42992648
37.522,compaction_begin,3,0
37.681,compaction_end,3,42992653
37.691,compaction_begin,3,0
37.851,compaction_end,3,42992653
37.862,compaction_begin,3,0
38.023,compaction_end,3,42992649
38.035,compaction_begin,3,0
38.198,compaction_end,3,42992652
38.209,compaction_begin,3,0
38.905,compaction_end,3,42992648
38.916,compaction_begin,3,0
39.077,compaction_end,3,42992654
39.088,compaction_begin,3,0
39.229,compaction_end,3,36752696
39.240,compaction_begin,3,0
39.954,compaction_end,3,42992650
39.966,compaction_begin,3,0
40.641,compaction_end,3,42992650
40.651,compaction_begin,3,0
40.818,compaction_end,3,42992649
40.829,compaction_begin,3,0
40.997,compaction_end,3,42992652
41.008,compaction_begin,3,0
41.178,compaction_end,3,43367078
41.189,compaction_begin,3,0
41.204,flush_begin,0,0
41.216,flush_end,0,2744886
41.916,compaction_end,3,42992651
41.927,compaction_begin,2,0
42.224,compaction_end,2,3255449
42.240,compaction_begin,3,0
42.433,compaction_end,3,42992649
42.445,compaction_begin,3,0
42.609,compaction_end,3,42992649
42.621,compaction_begin,3,0
42.789,compaction_end,3,42992648
42.801,compaction_begin,3,0
42.969,compaction_end,3,42992649
42.981,compaction_begin,3,0
43.147,compaction_end,3,42992650
43.158,compaction_begin,3,0
43.324,compaction_end,3,42992650
43.335,compaction_begin,3,0
43.501,compaction_end,3,42992650
43.512,compaction_begin,3,0
43.678,compaction_end,3,42992648
43.689,compaction_begin,3,0
43.854,compaction_end,3,42992653
43.864,compaction_begin,3,0
44.032,compaction_end,3,43367078
44.043,compaction_begin,3,0
44.206,compaction_end,3,42992654
44.218,compaction_begin,3,0
44.383,compaction_end,3,42992653
44.393,compaction_begin,3,0
44.559,compaction_end,3,42992650
44.570,compaction_begin,3,0
44.730,compaction_end,3,42992654
44.741,compaction_begin,3,0
44.903,compaction_end,3,42992648
44.913,compaction_begin,3,0
45.078,compaction_end,3,42992654
45.089,compaction_begin,3,0
45.251,compaction_end,3,42992652
45.262,compaction_begin,3,0
45.433,compaction_end,3,44404454
45.445,compaction_begin,3,0
45.623,compaction_end,3,42992653
45.634,compaction_begin,3,0
45.796,compaction_end,3,42992653
45.807,compaction_begin,3,0
46.534,compaction_end,3,42992649
46.545,compaction_begin,3,0
46.688,flush_begin,0,0
46.699,flush_end,0,2744645
47.245,compaction_end,3,42992654
47.256,compaction_begin,2,0
47.553,compaction_end,2,3384027
47.568,compaction_begin,3,0
47.752,compaction_end,3,42992649
47.766,compaction_begin,3,0
47.924,compaction_end,3,42992648
47.936,compaction_begin,3,0
48.092,compaction_end,3,42992649
48.104,compaction_begin,3,0
48.265,compaction_end,3,42992653
48.276,compaction_begin,3,0
48.439,compaction_end,3,42992654
48.450,compaction_begin,3,0
48.609,compaction_end,3,42992653
48.619,compaction_begin,3,0
48.777,compaction_end,3,42992650
48.788,compaction_begin,3,0
48.948,compaction_end,3,42992651
48.959,compaction_begin,3,0
49.119,compaction_end,3,42992649
49.131,compaction_begin,3,0
49.851,compaction_end,3,42992651
49.861,compaction_begin,3,0
50.032,compaction_end,3,44404453
50.043,compaction_begin,3,0
50.712,compaction_end,3,42992648
50.724,compaction_begin,3,0
50.882,compaction_end,3,42992648
50.893,compaction_begin,3,0
51.054,compaction_end,3,42992653
51.065,compaction_begin,3,0
51.231,compaction_end,3,42992652
51.241,compaction_begin,3,0
51.401,compaction_end,3,42992649
51.411,compaction_begin,3,0
51.583,compaction_end,3,42992654
51.594,compaction_begin,3,0
51.753,compaction_end,3,42992654
51.764,compaction_begin,3,0
51.922,compaction_end,3,42992648
51.933,compaction_begin,3,0
52.094,compaction_end,3,42992653
52.105,compaction_begin,3,0
52.144,flush_begin,0,0
52.155,flush_end,0,2744517
52.286,compaction_end,3,42992654
52.297,compaction_begin,2,0
52.602,compaction_end,2,3497646
52.619,compaction_begin,3,0
52.808,compaction_end,3,42992649
52.821,compaction_begin,3,0
52.978,compaction_end,3,42992648
52.990,compaction_begin,3,0
53.150,compaction_end,3,42992649
53.163,compaction_begin,3,0
53.324,compaction_end,3,42992648
53.335,compaction_begin,3,0
53.492,compaction_end,3,42992650
53.503,compaction_begin,3,0
53.664,compaction_end,3,42992650
53.675,compaction_begin,3,0
53.833,compaction_end,3,42992649
53.845,compaction_begin,3,0
54.004,compaction_end,3,42992652
54.012,compaction_begin,3,0
54.169,compaction_end,3,42992654
54.181,compaction_begin,3,0
54.340,compaction_end,3,42992650
54.351,compaction_begin,3,0
54.512,compaction_end,3,42992654
54.523,compaction_begin,3,0
54.683,compaction_end,3,42992648
54.694,compaction_begin,3,0
54.854,compaction_end,3,42992652
54.864,compaction_begin,3,0
55.024,compaction_end,3,42992649
55.035,compaction_begin,3,0
55.196,compaction_end,3,42992648
55.207,compaction_begin,3,0
55.922,compaction_end,3,42992648
55.933,compaction_begin,3,0
56.094,compaction_end,3,42992650
56.106,compaction_begin,3,0
56.267,compaction_end,3,42992654
56.278,compaction_begin,3,0
56.438,compaction_end,3,42992654
56.449,compaction_begin,3,0
57.178,compaction_end,3,42992649
57.190,compaction_begin,3,0
57.634,flush_begin,0,0
57.646,flush_end,0,2744647
57.917,compaction_end,3,42992650
57.927,compaction_begin,2,0
58.220,compaction_end,2,3627605
58.234,compaction_begin,3,0
58.421,compaction_end,3,42992653
58.434,compaction_begin,3,0
58.590,compaction_end,3,42992653
58.602,compaction_begin,3,0
58.835,compaction_end,3,44030063
58.847,compaction_begin,3,0
59.004,compaction_end,3,42992653
59.016,compaction_begin,3,0
59.255,compaction_end,3,44030063
59.266,compaction_begin,3,0
59.503,compaction_end,3,44030065
59.514,compaction_begin,3,0
59.674,compaction_end,3,42992650
59.685,compaction_begin,3,0
59.846,compaction_end,3,42992654
59.856,compaction_begin,3,0
60.012,compaction_end,3,42992654
60.024,compaction_begin,3,0
60.185,compaction_end,3,42992652
60.195,compaction_begin,3,0
60.806,compaction_end,3,42992654
60.817,compaction_begin,3,0
60.981,compaction_end,3,42992651
60.994,compaction_begin,3,0
61.162,compaction_end,3,42992654
61.172,compaction_begin,3,0
61.332,compaction_end,3,42992650
61.343,compaction_begin,3,0
61.514,compaction_end,3,43367083
61.524,compaction_begin,3,0
61.738,compaction_end,3,42992654
61.748,compaction_begin,3,0
61.908,compaction_end,3,42992648
61.920,compaction_begin,3,0
62.080,compaction_end,3,42992653
62.090,compaction_begin,3,0
62.248,compaction_end,3,42992651
62.259,compaction_begin,3,0
62.878,compaction_end,3,41955152
62.888,compaction_begin,3,0
63.055,compaction_end,3,42992648
63.066,compaction_begin,3,0
63.109,flush_begin,0,0
63.120,flush_end,0,2744741
63.250,compaction_end,3,42992653
63.261,compaction_begin,2,0
63.573,compaction_end,2,3697655
63.588,compaction_begin,3,0
63.771,compaction_end,3,42992650
63.783,compaction_begin,3,0
63.943,compaction_end,3,42992649
63.955,compaction_begin,3,0
64.112,compaction_end,3,42992648
64.124,compaction_begin,3,0
64.284,compaction_end,3,42992648
64.294,compaction_begin,3,0
64.453,compaction_end,3,42992649
64.464,compaction_begin,3,0
64.622,compaction_end,3,42992650
64.634,compaction_begin,3,0
64.794,compaction_end,3,43367081
64.805,compaction_begin,3,0
64.965,compaction_end,3,42992650
64.976,compaction_begin,3,0
65.142,compaction_end,3,42992649
65.155,compaction_begin,3,0
65.316,compaction_end,3,42992649
65.326,compaction_begin,3,0
65.485,compaction_end,3,42992651
65.496,compaction_begin,3,0
65.656,compaction_end,3,42992648
65.667,compaction_begin,3,0
65.831,compaction_end,3,43367082
65.841,compaction_begin,3,0
66.476,compaction_end,3,42618176
66.487,compaction_begin,3,0
66.650,compaction_end,3,43367082
66.661,compaction_begin,3,0
66.819,compaction_end,3,42992651
66.830,compaction_begin,3,0
66.989,compaction_end,3,42992648
67.000,compaction_begin,3,0
67.597,compaction_end,3,37790165
67.607,compaction_begin,3,0
67.765,compaction_end,3,41955158
67.776,compaction_begin,3,0
67.938,compaction_end,3,43367080
67.950,compaction_begin,3,0
68.110,compaction_end,3,42992648
68.121,compaction_begin,3,0
68.279,compaction_end,3,42992650
68.289,compaction_begin,3,0
68.525,compaction_end,3,44404453
68.533,compaction_begin,3,0
68.570,flush_begin,0,0
68.580,flush_end,0,2744597
68.715,compaction_end,3,42992648
68.727,compaction_begin,2,0
69.029,compaction_end,2,3794673
69.044,compaction_begin,3,0
69.217,compaction_end,3,42992650
69.230,compaction_begin,3,0
69.387,compaction_end,3,42992648
69.399,compaction_begin,3,0
69.558,compaction_end,3,42992649
69.571,compaction_begin,3,0
69.732,compaction_end,3,42992649
69.743,compaction_begin,3,0
69.912,compaction_end,3,42992649
69.922,compaction_begin,3,0
70.084,compaction_end,3,43367081
70.095,compaction_begin,3,0
70.254,compaction_end,3,42992648
70.264,compaction_begin,3,0
70.423,compaction_end,3,42992650
70.434,compaction_begin,3,0
70.596,compaction_end,3,42992650
70.606,compaction_begin,3,0
70.767,compaction_end,3,42992648
70.778,compaction_begin,3,0
71.421,compaction_end,3,42618171
71.431,compaction_begin,3,0
71.590,compaction_end,3,42992648
71.600,compaction_begin,3,0
71.763,compaction_end,3,42992651
71.773,compaction_begin,3,0
71.936,compaction_end,3,42992651
71.948,compaction_begin,3,0
72.108,compaction_end,3,42992651
72.119,compaction_begin,3,0
72.280,compaction_end,3,42992649
72.290,compaction_begin,3,0
72.452,compaction_end,3,43367079
72.462,compaction_begin,3,0
73.127,compaction_end,3,42992648
73.138,compaction_begin,3,0
73.774,compaction_end,3,42618174
73.784,compaction_begin,3,0
73.944,compaction_end,3,42992649
73.954,compaction_begin,3,0
74.052,flush_begin,0,0
74.063,flush_end,0,2744960
74.117,compaction_end,3,37790165
74.127,compaction_begin,2,0
74.431,compaction_end,2,3855533
74.445,compaction_begin,3,0
74.621,compaction_end,3,42992650
74.634,compaction_begin,3,0
74.788,compaction_end,3,42992649
74.800,compaction_begin,3,0
74.957,compaction_end,3,42992648
74.969,compaction_begin,3,0
75.130,compaction_end,3,42992650
75.142,compaction_begin,3,0
75.303,compaction_end,3,43367081
75.314,compaction_begin,3,0
75.466,compaction_end,3,37790165
75.477,compaction_begin,3,0
75.653,compaction_end,3,42992648
75.664,compaction_begin,3,0
75.826,compaction_end,3,42618171
75.836,compaction_begin,3,0
75.997,compaction_end,3,43367079
76.008,compaction_begin,3,0
76.169,compaction_end,3,42992648
76.180,compaction_begin,3,0
76.855,compaction_end,3,42992648
76.865,compaction_begin,3,0
77.026,compaction_end,3,42992648
77.036,compaction_begin,3,0
77.199,compaction_end,3,42992649
77.210,compaction_begin,3,0
77.368,compaction_end,3,42992651
77.380,compaction_begin,3,0
77.542,compaction_end,3,43367082
77.550,compaction_begin,3,0
77.710,compaction_end,3,42618176
77.722,compaction_begin,3,0
77.883,compaction_end,3,42992649
77.894,compaction_begin,3,0
78.053,compaction_end,3,42992650
78.065,compaction_begin,3,0
78.228,compaction_end,3,42992651
78.239,compaction_begin,3,0
78.950,compaction_end,3,42992649
78.960,compaction_begin,3,0
79.175,compaction_end,3,42992650
79.185,compaction_begin,3,0
79.347,compaction_end,3,42992648
79.358,compaction_begin,3,0
79.489,flush_begin,0,0
79.500,flush_end,0,2744706
79.540,compaction_end,3,42992649
79.550,compaction_begin,2,0
79.866,compaction_end,2,3930779
79.880,compaction_begin,3,0
80.062,compaction_end,3,42992650
80.074,compaction_begin,3,0
80.232,compaction_end,3,42992648
80.244,compaction_begin,3,0
80.407,compaction_end,3,42992650
80.417,compaction_begin,3,0
80.571,compaction_end,3,42992649
80.583,compaction_begin,3,0
80.742,compaction_end,3,43367081
80.754,compaction_begin,3,0
80.914,compaction_end,3,42992648
80.924,compaction_begin,3,0
81.081,compaction_end,3,42992650
81.092,compaction_begin,3,0
81.256,compaction_end,3,42992649
81.266,compaction_begin,3,0
81.426,compaction_end,3,42618174
81.436,compaction_begin,3,0
81.595,compaction_end,3,42992649
81.607,compaction_begin,3,0
81.767,compaction_end,3,42992650
81.778,compaction_begin,3,0
81.939,compaction_end,3,43367082
81.951,compaction_begin,3,0
82.111,compaction_end,3,42992649
82.121,compaction_begin,3,0
82.277,compaction_end,3,42992649
82.287,compaction_begin,3,0
82.441,compaction_end,3,42618171
82.452,compaction_begin,3,0
82.616,compaction_end,3,42992648
82.626,compaction_begin,3,0
82.787,compaction_end,3,42992648
82.799,compaction_begin,3,0
82.938,compaction_end,3,37790165
82.949,compaction_begin,3,0
83.639,compaction_end,3,42992648
83.649,compaction_begin,3,0
83.809,compaction_end,3,42992651
83.819,compaction_begin,3,0
83.978,compaction_end,3,42992648
83.989,compaction_begin,3,0
84.149,compaction_end,3,42992649
84.160,compaction_begin,3,0
84.320,compaction_end,3,43367079
84.331,compaction_begin,3,0
84.492,compaction_end,3,42992648
84.503,compaction_begin,3,0
84.666,compaction_end,3,42992648
84.676,compaction_begin,3,0
84.837,compaction_end,3,42992651
84.848,compaction_begin,3,0
84.973,flush_begin,0,0
84.985,flush_end,0,2744731
85.545,compaction_end,3,43367079
85.555,compaction_begin,2,0
85.857,compaction_end,2,3907766
85.872,compaction_begin,3,0
86.057,compaction_end,3,42992650
86.069,compaction_begin,3,0
86.226,compaction_end,3,42992648
86.237,compaction_begin,3,0
86.392,compaction_end,3,42992649
86.404,compaction_begin,3,0
86.560,compaction_end,3,42992650
86.572,compaction_begin,3,0
86.731,compaction_end,3,42992648
86.742,compaction_begin,3,0
86.952,compaction_end,3,42992648
86.964,compaction_begin,3,0
87.121,compaction_end,3,42992649
87.132,compaction_begin,3,0
87.292,compaction_end,3,42992648
87.302,compaction_begin,3,0
87.463,compaction_end,3,42992648
87.473,compaction_begin,3,0
87.636,compaction_end,3,42992651
87.646,compaction_begin,3,0
87.806,compaction_end,3,43367081
87.818,compaction_begin,3,0
87.984,compaction_end,3,43367082
87.996,compaction_begin,3,0
88.154,compaction_end,3,42992650
88.165,compaction_begin,3,0
88.327,compaction_end,3,42992651
88.337,compaction_begin,3,0
88.498,compaction_end,3,42992649
88.510,compaction_begin,3,0
88.673,compaction_end,3,42992649
88.684,compaction_begin,3,0
88.845,compaction_end,3,42992648
88.855,compaction_begin,3,0
89.016,compaction_end,3,42992648
89.026,compaction_begin,3,0
89.742,compaction_end,3,42992654
89.752,compaction_begin,3,0
89.915,compaction_end,3,43367079
89.927,compaction_begin,3,0
90.087,compaction_end,3,42618171
90.098,compaction_begin,3,0
90.260,compaction_end,3,42992648
90.271,compaction_begin,3,0
90.404,flush_begin,0,0
90.415,flush_end,0,2744753
90.450,compaction_end,3,42992650
90.461,compaction_begin,2,0
90.777,compaction_end,2,4056460
90.794,compaction_begin,3,0
90.983,compaction_end,3,42992650
90.995,compaction_begin,3,0
91.150,compaction_end,3,42992648
91.163,compaction_begin,3,0
91.319,compaction_end,3,42992649
91.331,compaction_begin,3,0
91.490,compaction_end,3,43367081
91.501,compaction_begin,3,0
91.666,compaction_end,3,43367079
91.676,compaction_begin,3,0
91.835,compaction_end,3,42992648
91.846,compaction_begin,3,0
92.005,compaction_end,3,42992650
92.016,compaction_begin,3,0
92.177,compaction_end,3,42992649
92.187,compaction_begin,3,0
92.347,compaction_end,3,42992649
92.359,compaction_begin,3,0
92.519,compaction_end,3,42992649
92.530,compaction_begin,3,0
93.260,compaction_end,3,44642301
93.271,compaction_begin,3,0
93.430,compaction_end,3,42992650
93.442,compaction_begin,3,0
93.601,compaction_end,3,42992651
93.611,compaction_begin,3,0
93.771,compaction_end,3,42992648
93.782,compaction_begin,3,0
93.939,compaction_end,3,42618171
93.950,compaction_begin,3,0
94.108,compaction_end,3,42992648
94.118,compaction_begin,3,0
94.281,compaction_end,3,42992648
94.292,compaction_begin,3,0
94.453,compaction_end,3,42992651
94.463,compaction_begin,3,0
94.623,compaction_end,3,42992651
94.633,compaction_begin,3,0
94.792,compaction_end,3,42992648
94.803,compaction_begin,3,0
94.971,compaction_end,3,43367082
94.982,compaction_begin,3,0
95.684,compaction_end,3,42992648
95.694,compaction_begin,3,0
95.855,compaction_end,3,42992654
95.865,compaction_begin,3,0
95.873,flush_begin,0,0
95.885,flush_end,0,2744842
96.585,compaction_end,3,43367080
96.595,compaction_begin,2,0
96.910,compaction_end,2,4090217
96.928,compaction_begin,3,0
97.094,compaction_end,3,42992650
97.107,compaction_begin,3,0
97.265,compaction_end,3,42992648
97.275,compaction_begin,3,0
97.444,compaction_end,3,42992649
97.456,compaction_begin,3,0
97.624,compaction_end,3,42992649
97.634,compaction_begin,3,0
97.789,compaction_end,3,37790165
97.799,compaction_begin,3,0
97.966,compaction_end,3,42992650
97.978,compaction_begin,3,0
98.145,compaction_end,3,42992651
98.156,compaction_begin,3,0
98.322,compaction_end,3,42992650
98.333,compaction_begin,3,0
98.501,compaction_end,3,43367081
98.513,compaction_begin,3,0
98.687,compaction_end,3,42992648
98.699,compaction_begin,3,0
98.869,compaction_end,3,42992648
98.880,compaction_begin,3,0
99.048,compaction_end,3,42992648
99.059,compaction_begin,3,0
99.229,compaction_end,3,42992649
99.240,compaction_begin,3,0
99.406,compaction_end,3,42992649
99.418,compaction_begin,3,0
99.583,compaction_end,3,42992651
99.593,compaction_begin,3,0
99.758,compaction_end,3,42992650
99.770,compaction_begin,3,0
99.936,compaction_end,3,42992648
99.947,compaction_begin,3,0
100.115,compaction_end,3,43367082
100.127,compaction_begin,3,0
100.293,compaction_end,3,42992648
100.304,compaction_begin,3,0
100.993,compaction_end,3,42618173
101.004,compaction_begin,3,0
101.337,flush_begin,0,0
101.348,flush_end,0,2744819
101.691,compaction_end,3,42992653
101.701,compaction_begin,2,0
102.017,compaction_end,2,4127914
102.033,compaction_begin,3,0
102.226,compaction_end,3,42992650
102.238,compaction_begin,3,0
102.400,compaction_end,3,42992649
102.412,compaction_begin,3,0
102.574,compaction_end,3,42992648
102.586,compaction_begin,3,0
102.752,compaction_end,3,42992648
102.762,compaction_begin,3,0
102.930,compaction_end,3,43367081
102.941,compaction_begin,3,0
103.113,compaction_end,3,43367079
103.124,compaction_begin,3,0
103.843,compaction_end,3,42992651
103.854,compaction_begin,3,0
104.021,compaction_end,3,42618171
104.031,compaction_begin,3,0
104.198,compaction_end,3,42992650
104.210,compaction_begin,3,0
104.375,compaction_end,3,42992649
104.386,compaction_begin,3,0
104.555,compaction_end,3,43367080
104.566,compaction_begin,3,0
105.283,compaction_end,3,42992652
105.294,compaction_begin,3,0
105.469,compaction_end,3,42992648
105.480,compaction_begin,3,0
105.683,compaction_end,3,42992649
105.697,compaction_begin,3,0
105.867,compaction_end,3,42992648
105.878,compaction_begin,3,0
106.042,compaction_end,3,42992648
106.054,compaction_begin,3,0
106.215,compaction_end,3,42992649
106.226,compaction_begin,3,0
106.388,compaction_end,3,42992648
106.399,compaction_begin,3,0
106.766,flush_begin,0,0
106.777,flush_end,0,2744560
107.124,compaction_end,3,43367082
107.135,compaction_begin,2,0
107.447,compaction_end,2,4188670
107.464,compaction_begin,3,0
107.651,compaction_end,3,42992650
107.663,compaction_begin,3,0
107.822,compaction_end,3,42992649
107.834,compaction_begin,3,0
107.994,compaction_end,3,42992650
108.005,compaction_begin,3,0
108.164,compaction_end,3,42992648
108.176,compaction_begin,3,0
108.336,compaction_end,3,42992648
108.346,compaction_begin,3,0
108.508,compaction_end,3,42992648
108.519,compaction_begin,3,0
108.681,compaction_end,3,42992648
108.691,compaction_begin,3,0
108.851,compaction_end,3,42992651
108.862,compaction_begin,3,0
109.023,compaction_end,3,43367081
109.035,compaction_begin,3,0
109.196,compaction_end,3,42992649
109.207,compaction_begin,3,0
109.367,compaction_end,3,43367082
109.378,compaction_begin,3,0
110.078,compaction_end,3,42992648
110.089,compaction_begin,3,0
110.251,compaction_end,3,42992649
110.262,compaction_begin,3,0
110.422,compaction_end,3,42992653
110.433,compaction_begin,3,0
110.591,compaction_end,3,42618171
110.601,compaction_begin,3,0
110.763,compaction_end,3,42992648
110.775,compaction_begin,3,0
110.935,compaction_end,3,42992650
110.946,compaction_begin,3,0
111.107,compaction_end,3,42992651
111.118,compaction_begin,3,0
111.277,compaction_end,3,42618173
111.288,compaction_begin,3,0
111.449,compaction_end,3,43367080
111.460,compaction_begin,3,0
111.619,compaction_end,3,42992648
111.630,compaction_begin,3,0
111.788,compaction_end,3,42992648
111.799,compaction_begin,3,0
111.958,compaction_end,3,42992654
111.969,compaction_begin,3,0
112.129,compaction_end,3,42992650
112.140,compaction_begin,3,0
112.215,flush_begin,0,0
112.226,flush_end,0,2744366
112.303,compaction_end,3,37790165
112.313,compaction_begin,2,0
112.616,compaction_end,2,4170451
112.633,compaction_begin,3,0
112.821,compaction_end,3,42992650
112.833,compaction_begin,3,0
112.990,compaction_end,3,42992648
113.002,compaction_begin,3,0
113.161,compaction_end,3,42992649
113.173,compaction_begin,3,0
113.334,compaction_end,3,42992650
113.344,compaction_begin,3,0
113.504,compaction_end,3,43367081
113.515,compaction_begin,3,0
113.678,compaction_end,3,42992648
113.689,compaction_begin,3,0
113.851,compaction_end,3,42992650
113.863,compaction_begin,3,0
114.031,compaction_end,3,42992648
114.042,compaction_begin,3,0
114.201,compaction_end,3,42992653
114.213,compaction_begin,3,0
114.372,compaction_end,3,42992648
114.382,compaction_begin,3,0
114.543,compaction_end,3,42992649
114.554,compaction_begin,3,0
114.715,compaction_end,3,42992649
114.726,compaction_begin,3,0
114.888,compaction_end,3,42992648
114.898,compaction_begin,3,0
115.060,compaction_end,3,42992649
115.071,compaction_begin,3,0
115.231,compaction_end,3,42618173
115.241,compaction_begin,3,0
115.402,compaction_end,3,42992650
115.413,compaction_begin,3,0
115.576,compaction_end,3,43367082
115.587,compaction_begin,3,0
115.746,compaction_end,3,42992651
115.757,compaction_begin,3,0
115.915,compaction_end,3,42992651
115.926,compaction_begin,3,0
116.087,compaction_end,3,42992648
116.098,compaction_begin,3,0
116.260,compaction_end,3,42992648
116.271,compaction_begin,3,0
116.431,compaction_end,3,42992648
116.441,compaction_begin,3,0
117.143,compaction_end,3,43367084
117.153,compaction_begin,3,0
117.314,compaction_end,3,43367080
117.324,compaction_begin,3,0
117.484,compaction_end,3,43367079
117.495,compaction_begin,3,0
117.634,compaction_end,3,37790165
117.642,compaction_begin,3,0
117.654,flush_begin,0,0
117.665,flush_end,0,2744729
117.825,compaction_end,3,42992648
117.836,compaction_begin,2,0
118.143,compaction_end,2,4249878
118.158,compaction_begin,3,0
118.333,compaction_end,3,42992650
118.345,compaction_begin,3,0
118.503,compaction_end,3,42992648
118.516,compaction_begin,3,0
118.676,compaction_end,3,42992649
118.688,compaction_begin,3,0
118.848,compaction_end,3,42992650
118.860,compaction_begin,3,0
119.021,compaction_end,3,42992653
119.029,compaction_begin,3,0
119.190,compaction_end,3,42992648
119.203,compaction_begin,3,0
119.344,compaction_end,3,37790165
119.354,compaction_begin,3,0
119.513,compaction_end,3,42992648
119.521,compaction_begin,3,0
119.679,compaction_end,3,42992649
119.692,compaction_begin,3,0
120.365,compaction_end,3,43367079
120.376,compaction_begin,3,0
120.536,compaction_end,3,43367084
120.546,compaction_begin,3,0
120.706,compaction_end,3,42992651
120.716,compaction_begin,3,0
120.878,compaction_end,3,42992648
120.889,compaction_begin,3,0
121.046,compaction_end,3,42992649
121.058,compaction_begin,3,0
121.218,compaction_end,3,43367081
121.230,compaction_begin,3,0
121.951,compaction_end,3,44642298
121.961,compaction_begin,3,0
122.122,compaction_end,3,42992648
122.133,compaction_begin,3,0
122.296,compaction_end,3,42992649
122.307,compaction_begin,3,0
122.469,compaction_end,3,42992648
122.480,compaction_begin,3,0
122.643,compaction_end,3,42992650
122.654,compaction_begin,3,0
122.821,compaction_end,3,43367082
122.832,compaction_begin,3,0
122.991,compaction_end,3,42992650
123.002,compaction_begin,3,0
123.097,flush_begin,0,0
123.108,flush_end,0,2744427
123.185,compaction_end,3,42992648
123.196,compaction_begin,2,0
123.510,compaction_end,2,4315091
123.525,compaction_begin,3,0
123.710,compaction_end,3,42992650
123.722,compaction_begin,3,0
123.881,compaction_end,3,42992648
123.893,compaction_begin,3,0
124.047,compaction_end,3,42992649
124.059,compaction_begin,3,0
124.219,compaction_end,3,42992650
124.231,compaction_begin,3,0
124.393,compaction_end,3,42992649
124.404,compaction_begin,3,0
124.564,compaction_end,3,42992649
124.575,compaction_begin,3,0
124.736,compaction_end,3,43367081
124.748,compaction_begin,3,0
124.908,compaction_end,3,42992651
124.919,compaction_begin,3,0
125.078,compaction_end,3,42992648
125.089,compaction_begin,3,0
125.250,compaction_end,3,42992653
125.261,compaction_begin,3,0
125.398,compaction_end,3,37790165
125.408,compaction_begin,3,0
125.570,compaction_end,3,43367079
125.582,compaction_begin,3,0
125.739,compaction_end,3,42992650
125.751,compaction_begin,3,0
125.909,compaction_end,3,42618173
125.921,compaction_begin,3,0
126.083,compaction_end,3,42992648
126.094,compaction_begin,3,0
126.253,compaction_end,3,42992648
126.264,compaction_begin,3,0
126.424,compaction_end,3,42992651
126.435,compaction_begin,3,0
126.593,compaction_end,3,42992648
126.604,compaction_begin,3,0
126.762,compaction_end,3,42618171
126.773,compaction_begin,3,0
126.933,compaction_end,3,42992648
126.943,compaction_begin,3,0
127.661,compaction_end,3,42992653
127.672,compaction_begin,3,0
127.835,compaction_end,3,42992649
127.846,compaction_begin,3,0
128.540,flush_begin,0,0
128.551,flush_end,0,2745133
128.572,compaction_end,3,42992652
128.582,compaction_begin,2,0
128.895,compaction_end,2,4407007
128.912,compaction_begin,3,0
129.105,compaction_end,3,42992650
129.117,compaction_begin,3,0
129.276,compaction_end,3,42992649
129.288,compaction_begin,3,0
129.445,compaction_end,3,42992648
129.458,compaction_begin,3,0
129.618,compaction_end,3,42992649
129.629,compaction_begin,3,0
129.789,compaction_end,3,42992648
129.800,compaction_begin,3,0
129.959,compaction_end,3,42992653
129.970,compaction_begin,3,0
130.130,compaction_end,3,43367081
130.142,compaction_begin,3,0
130.303,compaction_end,3,42992648
130.314,compaction_begin,3,0
130.475,compaction_end,3,42992651
130.487,compaction_begin,3,0
130.647,compaction_end,3,42992649
130.658,compaction_begin,3,0
130.823,compaction_end,3,42992648
130.834,compaction_begin,3,0
130.997,compaction_end,3,42992648
131.008,compaction_begin,3,0
131.178,compaction_end,3,42992651
131.189,compaction_begin,3,0
131.347,compaction_end,3,42992650
131.359,compaction_begin,3,0
131.514,compaction_end,3,42992650
131.526,compaction_begin,3,0
131.686,compaction_end,3,42992648
131.697,compaction_begin,3,0
132.405,compaction_end,3,42992650
132.416,compaction_begin,3,0
132.579,compaction_end,3,43367079
132.590,compaction_begin,3,0
132.751,compaction_end,3,42992648
132.763,compaction_begin,3,0
133.462,compaction_end,3,42618170
133.474,compaction_begin,3,0
133.636,compaction_end,3,43367082
133.647,compaction_begin,3,0
133.980,flush_begin,0,0
133.992,flush_end,0,2744516
134.391,compaction_end,3,42992649
134.400,compaction_begin,2,0
134.711,compaction_end,2,4334203
134.726,compaction_begin,3,0
134.910,compaction_end,3,42992650
134.921,compaction_begin,3,0
135.081,compaction_end,3,42992648
135.093,compaction_begin,3,0
135.247,compaction_end,3,42992649
135.259,compaction_begin,3,0
135.415,compaction_end,3,42992650
135.427,compaction_begin,3,0
135.601,compaction_end,3,43367079
135.612,compaction_begin,3,0
135.770,compaction_end,3,43367081
135.782,compaction_begin,3,0
135.941,compaction_end,3,42992651
135.952,compaction_begin,3,0
136.116,compaction_end,3,42992648
136.126,compaction_begin,3,0
136.286,compaction_end,3,42992648
136.297,compaction_begin,3,0
136.457,compaction_end,3,43367082
136.468,compaction_begin,3,0
136.632,compaction_end,3,42992648
136.643,compaction_begin,3,0
136.804,compaction_end,3,42618171
136.815,compaction_begin,3,0
136.974,compaction_end,3,42992648
136.985,compaction_begin,3,0
137.148,compaction_end,3,42992649
137.159,compaction_begin,3,0
137.319,compaction_end,3,42992650
137.332,compaction_begin,3,0
137.491,compaction_end,3,42992648
137.502,compaction_begin,3,0
137.642,compaction_end,3,37790165
137.652,compaction_begin,3,0
137.807,compaction_end,3,42992649
137.816,compaction_begin,3,0
138.497,compaction_end,3,42992650
138.510,compaction_begin,3,0
138.671,compaction_end,3,42992649
138.682,compaction_begin,3,0
138.847,compaction_end,3,42992651
138.857,compaction_begin,3,0
139.467,flush_begin,0,0
139.479,flush_end,0,2744778
139.559,compaction_end,3,42992648
139.570,compaction_begin,2,0
139.882,compaction_end,2,4384101
139.898,compaction_begin,3,0
140.086,compaction_end,3,42992650
140.098,compaction_begin,3,0
140.256,compaction_end,3,42992649
140.268,compaction_begin,3,0
140.427,compaction_end,3,42992648
140.441,compaction_begin,3,0
140.603,compaction_end,3,42992650
140.614,compaction_begin,3,0
140.781,compaction_end,3,42992648
140.792,compaction_begin,3,0
140.962,compaction_end,3,43367079
140.972,compaction_begin,3,0
141.131,compaction_end,3,42992650
141.143,compaction_begin,3,0
141.302,compaction_end,3,42992648
141.313,compaction_begin,3,0
141.472,compaction_end,3,42992649
141.484,compaction_begin,3,0
141.644,compaction_end,3,42992649
141.656,compaction_begin,3,0
141.817,compaction_end,3,42992650
141.828,compaction_begin,3,0
141.990,compaction_end,3,42618170
142.001,compaction_begin,3,0
142.162,compaction_end,3,42992651
142.172,compaction_begin,3,0
142.334,compaction_end,3,43367081
142.345,compaction_begin,3,0
142.506,compaction_end,3,43367082
142.517,compaction_begin,3,0
142.678,compaction_end,3,42992652
142.688,compaction_begin,3,0
143.366,compaction_end,3,43367079
143.378,compaction_begin,3,0
143.537,compaction_end,3,42992650
143.548,compaction_begin,3,0
143.708,compaction_end,3,42992648
143.719,compaction_begin,3,0
143.879,compaction_end,3,42992648
143.890,compaction_begin,3,0
144.030,compaction_end,3,37790165
144.040,compaction_begin,3,0
144.198,compaction_end,3,42992653
144.209,compaction_begin,3,0
144.369,compaction_end,3,42992648
144.380,compaction_begin,3,0
144.535,compaction_end,3,42992648
144.546,compaction_begin,3,0
144.708,compaction_end,3,42992648
144.718,compaction_begin,3,0
144.875,compaction_end,3,42992651
144.886,flush_begin,0,0
144.897,flush_end,0,2744756
144.906,compaction_begin,2,0
145.222,compaction_end,2,4491014
145.236,compaction_begin,3,0
145.412,compaction_end,3,42992650
145.424,compaction_begin,3,0
145.581,compaction_end,3,42992648
145.593,compaction_begin,3,0
145.753,compaction_end,3,42992649
145.764,compaction_begin,3,0
145.924,compaction_end,3,42992650
145.936,compaction_begin,3,0
146.097,compaction_end,3,43367081
146.109,compaction_begin,3,0
146.267,compaction_end,3,42992653
146.278,compaction_begin,3,0
146.436,compaction_end,3,42992648
146.446,compaction_begin,3,0
146.604,compaction_end,3,42992651
146.615,compaction_begin,3,0
146.773,compaction_end,3,42992650
146.784,compaction_begin,3,0
146.943,compaction_end,3,42992649
146.954,compaction_begin,3,0
147.117,compaction_end,3,42992648
147.128,compaction_begin,3,0
147.290,compaction_end,3,43367079
147.301,compaction_begin,3,0
147.461,compaction_end,3,42992651
147.472,compaction_begin,3,0
147.631,compaction_end,3,42992650
147.642,compaction_begin,3,0
147.804,compaction_end,3,43367079
147.816,compaction_begin,3,0
147.977,compaction_end,3,42992649
147.987,compaction_begin,3,0
148.149,compaction_end,3,42992650
148.160,compaction_begin,3,0
148.321,compaction_end,3,42992649
148.332,compaction_begin,3,0
148.493,compaction_end,3,42992648
148.504,compaction_begin,3,0
148.674,compaction_end,3,42992653
148.684,compaction_begin,3,0
148.848,compaction_end,3,43367082
148.859,compaction_begin,3,0
149.021,compaction_end,3,42992649
149.031,compaction_begin,3,0
149.191,compaction_end,3,42618171
149.202,compaction_begin,3,0
149.370,compaction_end,3,42992648
149.381,compaction_begin,3,0
149.543,compaction_end,3,42992648
149.553,compaction_begin,3,0
150.242,compaction_end,3,42992648
150.253,compaction_begin,3,0
150.292,flush_begin,0,0
150.303,flush_end,0,2744565
150.431,compaction_end,3,42618170
150.442,compaction_begin,2,0
150.760,compaction_end,2,4528231
150.775,compaction_begin,3,0
150.967,compaction_end,3,42992650
150.980,compaction_begin,3,0
151.138,compaction_end,3,42992649
151.151,compaction_begin,3,0
151.311,compaction_end,3,42992650
151.322,compaction_begin,3,0
151.481,compaction_end,3,42992648
151.493,compaction_begin,3,0
151.652,compaction_end,3,42992648
151.662,compaction_begin,3,0
151.821,compaction_end,3,43367079
151.833,compaction_begin,3,0
151.991,compaction_end,3,42992649
152.001,compaction_begin,3,0
152.163,compaction_end,3,42992648
152.173,compaction_begin,3,0
152.332,compaction_end,3,42992648
152.343,compaction_begin,3,0
152.499,compaction_end,3,42992648
152.510,compaction_begin,3,0
152.763,compaction_end,3,42992651
152.774,compaction_begin,3,0
152.935,compaction_end,3,43367081
152.947,compaction_begin,3,0
153.108,compaction_end,3,42992650
153.118,compaction_begin,3,0
153.821,compaction_end,3,42618172
153.831,compaction_begin,3,0
154.529,compaction_end,3,43367080
154.540,compaction_begin,3,0
154.703,compaction_end,3,42992648
154.715,compaction_begin,3,0
154.874,compaction_end,3,42992649
154.885,compaction_begin,3,0
155.045,compaction_end,3,42992648
155.056,compaction_begin,3,0
155.220,compaction_end,3,43367082
155.231,compaction_begin,3,0
155.393,compaction_end,3,42992651
155.404,compaction_begin,3,0
155.563,compaction_end,3,42992648
155.575,compaction_begin,3,0
155.735,compaction_end,3,42992650
155.746,flush_begin,0,0
155.758,flush_end,0,2744620
155.767,compaction_begin,2,0
156.078,compaction_end,2,4485472
156.095,compaction_begin,3,0
156.279,compaction_end,3,42992650
156.292,compaction_begin,3,0
156.445,compaction_end,3,42992649
156.457,compaction_begin,3,0
156.613,compaction_end,3,42992648
156.625,compaction_begin,3,0
156.784,compaction_end,3,43367081
156.796,compaction_begin,3,0
156.954,compaction_end,3,42992650
156.966,compaction_begin,3,0
157.127,compaction_end,3,42992651
157.138,compaction_begin,3,0
157.300,compaction_end,3,42992650
157.310,compaction_begin,3,0
157.474,compaction_end,3,43367082
157.485,compaction_begin,3,0
157.652,compaction_end,3,42992650
157.663,compaction_begin,3,0
157.822,compaction_end,3,42992648
157.833,compaction_begin,3,0
157.990,compaction_end,3,42618170
158.000,compaction_begin,3,0
158.160,compaction_end,3,42992648
158.171,compaction_begin,3,0
158.332,compaction_end,3,42992649
158.343,compaction_begin,3,0
159.045,compaction_end,3,43367084
159.056,compaction_begin,3,0
159.220,compaction_end,3,42992648
159.231,compaction_begin,3,0
159.392,compaction_end,3,42618172
159.402,compaction_begin,3,0
159.756,compaction_end,3,42992653
159.767,compaction_begin,3,0
159.930,compaction_end,3,42992648
159.941,compaction_begin,3,0
160.100,compaction_end,3,42618171
160.110,compaction_begin,3,0
160.271,compaction_end,3,42992650
160.282,compaction_begin,3,0
160.445,compaction_end,3,43367079
160.455,compaction_begin,3,0
160.617,compaction_end,3,42992648
160.628,compaction_begin,3,0
160.787,compaction_end,3,42992649
160.797,compaction_begin,3,0
161.178,flush_begin,0,0
161.189,flush_end,0,2744520
161.509,compaction_end,3,42618173
161.519,compaction_begin,2,0
161.826,compaction_end,2,4577911
161.842,compaction_begin,3,0
162.028,compaction_end,3,42992650
162.040,compaction_begin,3,0
162.196,compaction_end,3,42992648
162.208,compaction_begin,3,0
162.363,compaction_end,3,42992649
162.375,compaction_begin,3,0
162.533,compaction_end,3,42992650
162.545,compaction_begin,3,0
162.706,compaction_end,3,42992649
162.714,compaction_begin,3,0
162.876,compaction_end,3,43367081
162.889,compaction_begin,3,0
163.052,compaction_end,3,42992650
163.062,compaction_begin,3,0
163.229,compaction_end,3,42992648
163.240,compaction_begin,3,0
163.400,compaction_end,3,42992648
163.410,compaction_begin,3,0
163.571,compaction_end,3,42992648
163.579,compaction_begin,3,0
163.737,compaction_end,3,43367079
163.750,compaction_begin,3,0
163.913,compaction_end,3,42992649
163.924,compaction_begin,3,0
164.083,compaction_end,3,42992649
164.093,compaction_begin,3,0
164.809,compaction_end,3,42992650
164.821,compaction_begin,3,0
164.982,compaction_end,3,42618172
164.992,compaction_begin,3,0
165.633,compaction_end,3,37790165
165.643,compaction_begin,3,0
165.805,compaction_end,3,43367082
165.816,compaction_begin,3,0
166.522,compaction_end,3,42992649
166.532,compaction_begin,3,0
166.619,flush_begin,0,0
166.629,flush_end,0,2744506
166.711,compaction_end,3,42992653
166.722,compaction_begin,2,0
167.033,compaction_end,2,4604763
167.048,compaction_begin,3,0
167.236,compaction_end,3,42992650
167.248,compaction_begin,3,0
167.406,compaction_end,3,42992649
167.418,compaction_begin,3,0
167.586,compaction_end,3,42992648
167.595,compaction_begin,3,0
167.754,compaction_end,3,43367081
167.769,compaction_begin,3,0
167.928,compaction_end,3,42992650
167.939,compaction_begin,3,0
168.101,compaction_end,3,42992648
168.112,compaction_begin,3,0
168.276,compaction_end,3,43367080
168.286,compaction_begin,3,0
168.448,compaction_end,3,42992648
168.459,compaction_begin,3,0
168.619,compaction_end,3,43367084
168.629,compaction_begin,3,0
168.789,compaction_end,3,42992648
168.800,compaction_begin,3,0
169.477,compaction_end,3,42992648
169.487,compaction_begin,3,0
169.646,compaction_end,3,42992649
169.657,compaction_begin,3,0
169.817,compaction_end,3,42992650
169.825,compaction_begin,3,0
169.989,compaction_end,3,42992649
170.002,compaction_begin,3,0
170.164,compaction_end,3,43367082
170.174,compaction_begin,3,0
170.334,compaction_end,3,43367079
170.343,compaction_begin,3,0
170.501,compaction_end,3,42992648
170.513,compaction_begin,3,0
170.671,compaction_end,3,42992649
170.687,compaction_begin,3,0
171.351,compaction_end,3,42992649
171.361,compaction_begin,3,0
172.058,flush_begin,0,0
172.070,flush_end,0,2744670
172.085,compaction_end,3,42992652
172.096,compaction_begin,2,0
172.402,compaction_end,2,4592446
172.417,compaction_begin,3,0
172.602,compaction_end,3,42992650
172.614,compaction_begin,3,0
172.772,compaction_end,3,42992648
172.784,compaction_begin,3,0
172.941,compaction_end,3,42992649
172.953,compaction_begin,3,0
173.111,compaction_end,3,42992648
173.122,compaction_begin,3,0
173.283,compaction_end,3,43367081
173.295,compaction_begin,3,0
173.457,compaction_end,3,42992650
173.467,compaction_begin,3,0
173.627,compaction_end,3,42992649
173.637,compaction_begin,3,0
173.794,compaction_end,3,42992650
173.806,compaction_begin,3,0
173.966,compaction_end,3,42992649
173.975,compaction_begin,3,0
174.134,compaction_end,3,42992649
174.146,compaction_begin,3,0
174.306,compaction_end,3,42992648
174.318,compaction_begin,3,0
175.016,compaction_end,3,42992649
175.026,compaction_begin,3,0
175.169,compaction_end,3,37790165
175.179,compaction_begin,3,0
175.344,compaction_end,3,43367079
175.355,compaction_begin,3,0
175.517,compaction_end,3,43367079
175.527,compaction_begin,3,0
175.689,compaction_end,3,42992649
175.700,compaction_begin,3,0
175.859,compaction_end,3,42992648
175.872,compaction_begin,3,0
176.590,compaction_end,3,42992648
176.600,compaction_begin,3,0
177.289,compaction_end,3,42992651
177.300,compaction_begin,3,0
177.464,compaction_end,3,42992649
177.475,compaction_begin,3,0
177.579,flush_begin,0,0
177.591,flush_end,0,2744784
177.661,compaction_end,3,42992653
177.672,compaction_begin,2,0
177.993,compaction_end,2,4574784
178.007,compaction_begin,3,0
178.191,compaction_end,3,42992650
178.204,compaction_begin,3,0
178.364,compaction_end,3,42992648
178.376,compaction_begin,3,0
178.536,compaction_end,3,42992649
178.548,compaction_begin,3,0
178.709,compaction_end,3,43367081
178.720,compaction_begin,3,0
178.881,compaction_end,3,42992649
178.891,compaction_begin,3,0
179.033,compaction_end,3,37790165
179.044,compaction_begin,3,0
179.209,compaction_end,3,42992648
179.219,compaction_begin,3,0
179.381,compaction_end,3,42992653
179.392,compaction_begin,3,0
180.091,compaction_end,3,42618170
180.101,compaction_begin,3,0
180.266,compaction_end,3,42618172
180.276,compaction_begin,3,0
180.437,compaction_end,3,42992648
180.447,compaction_begin,3,0
180.604,compaction_end,3,42992650
180.616,compaction_begin,3,0
181.299,compaction_end,3,42992648
181.309,compaction_begin,3,0
181.470,compaction_end,3,42992651
181.480,compaction_begin,3,0
181.642,compaction_end,3,43367079
181.651,compaction_begin,3,0
181.813,compaction_end,3,42992648
181.826,compaction_begin,3,0
181.986,compaction_end,3,42992649
181.996,compaction_begin,3,0
182.156,compaction_end,3,42992650
182.167,compaction_begin,3,0
182.329,compaction_end,3,42992648
182.339,compaction_begin,3,0
182.499,compaction_end,3,42992649
182.512,compaction_begin,3,0
182.674,compaction_end,3,43367084
182.685,compaction_begin,3,0
182.844,compaction_end,3,43367079
182.855,compaction_begin,3,0
182.990,flush_begin,0,0
183.002,flush_end,0,2744738
183.042,compaction_end,3,43367082
183.053,compaction_begin,2,0
183.371,compaction_end,2,4687024
183.386,compaction_begin,3,0
183.574,compaction_end,3,42992650
183.586,compaction_begin,3,0
183.742,compaction_end,3,42992649
183.754,compaction_begin,3,0
183.908,compaction_end,3,42992648
183.920,compaction_begin,3,0
184.079,compaction_end,3,42992650
184.090,compaction_begin,3,0
184.250,compaction_end,3,42992653
184.262,compaction_begin,3,0
184.422,compaction_end,3,43367081
184.433,compaction_begin,3,0
184.593,compaction_end,3,42992648
184.603,compaction_begin,3,0
184.764,compaction_end,3,42992650
184.774,compaction_begin,3,0
184.933,compaction_end,3,42992651
184.943,compaction_begin,3,0
185.108,compaction_end,3,42992649
185.119,compaction_begin,3,0
185.281,compaction_end,3,43367080
185.291,compaction_begin,3,0
185.451,compaction_end,3,42992648
185.461,compaction_begin,3,0
185.621,compaction_end,3,43367079
185.631,compaction_begin,3,0
185.793,compaction_end,3,43367079
185.804,compaction_begin,3,0
185.964,compaction_end,3,42992648
185.976,compaction_begin,3,0
186.139,compaction_end,3,42992648
186.150,compaction_begin,3,0
186.310,compaction_end,3,42992650
186.319,compaction_begin,3,0
186.485,compaction_end,3,42992649
186.495,compaction_begin,3,0
187.178,compaction_end,3,42992648
187.188,compaction_begin,3,0
187.889,compaction_end,3,43367079
187.901,compaction_begin,3,0
188.439,flush_begin,0,0
188.450,flush_end,0,2744575
188.658,compaction_end,3,42992648
188.668,compaction_begin,2,0
188.987,compaction_end,2,4694368
189.002,compaction_begin,3,0
189.190,compaction_end,3,42992648
189.202,compaction_begin,3,0
189.363,compaction_end,3,42992649
189.371,compaction_begin,3,0
189.529,compaction_end,3,42992650
189.544,compaction_begin,3,0
189.709,compaction_end,3,43367082
189.720,compaction_begin,3,0
189.935,compaction_end,3,43367083
189.945,compaction_begin,3,0
190.106,compaction_end,3,42992649
190.117,compaction_begin,3,0
190.278,compaction_end,3,42992651
190.289,compaction_begin,3,0
190.447,compaction_end,3,42992651
190.457,compaction_begin,3,0
190.619,compaction_end,3,43367083
190.629,compaction_begin,3,0
190.844,compaction_end,3,42992654
190.854,compaction_begin,3,0
191.012,compaction_end,3,42992651
191.024,compaction_begin,3,0
191.681,compaction_end,3,42992653
191.691,compaction_begin,3,0
191.908,compaction_end,3,43367081
191.918,compaction_begin,3,0
192.135,compaction_end,3,43367083
192.146,compaction_begin,3,0
192.310,compaction_end,3,43367081
192.321,compaction_begin,3,0
192.486,compaction_end,3,42992650
192.497,compaction_begin,3,0
192.658,compaction_end,3,42992649
192.668,compaction_begin,3,0
192.884,compaction_end,3,42992654
192.896,compaction_begin,3,0
193.556,compaction_end,3,42992648
193.567,compaction_begin,3,0
193.729,compaction_end,3,42992648
193.740,compaction_begin,3,0
193.861,flush_begin,0,0
193.872,flush_end,0,2744364
193.997,compaction_end,3,44267908
194.008,compaction_begin,2,0
194.317,compaction_end,2,4766073
194.332,compaction_begin,3,0
194.517,compaction_end,3,42992651
194.530,compaction_begin,3,0
194.690,compaction_end,3,42992652
194.702,compaction_begin,3,0
194.860,compaction_end,3,42992653
194.872,compaction_begin,3,0
195.033,compaction_end,3,43367078
195.044,compaction_begin,3,0
195.756,compaction_end,3,42992649
195.767,compaction_begin,3,0
195.930,compaction_end,3,43367081
195.941,compaction_begin,3,0
196.103,compaction_end,3,42992650
196.114,compaction_begin,3,0
196.274,compaction_end,3,43367078
196.286,compaction_begin,3,0
196.450,compaction_end,3,43367080
196.460,compaction_begin,3,0
196.626,compaction_end,3,43367082
196.637,compaction_begin,3,0
196.799,compaction_end,3,42992648
196.810,compaction_begin,3,0
196.972,compaction_end,3,42992651
196.983,compaction_begin,3,0
197.658,compaction_end,3,43893493
197.668,compaction_begin,3,0
197.829,compaction_end,3,43367079
197.840,compaction_begin,3,0
197.997,compaction_end,3,42992648
198.008,compaction_begin,3,0
198.171,compaction_end,3,42992648
198.179,compaction_begin,3,0
198.342,compaction_end,3,42992650
198.355,compaction_begin,3,0
198.520,compaction_end,3,42992648
198.532,compaction_begin,3,0
199.247,compaction_end,3,42992649
199.257,compaction_begin,3,0
199.324,flush_begin,0,0
199.336,flush_end,0,2744611
199.499,compaction_end,3,43367081
199.510,compaction_begin,2,0
199.826,compaction_end,2,4774670
199.841,compaction_begin,3,0
200.019,compaction_end,3,42992651
200.031,compaction_begin,3,0
200.194,compaction_end,3,43367081
200.205,compaction_begin,3,0
200.363,compaction_end,3,42992652
200.375,compaction_begin,3,0
200.537,compaction_end,3,42992649
200.548,compaction_begin,3,0
200.705,compaction_end,3,42992653
200.717,compaction_begin,3,0
200.874,compaction_end,3,43367078
200.885,compaction_begin,3,0
201.047,compaction_end,3,42992648
201.058,compaction_begin,3,0
201.219,compaction_end,3,42618174
201.229,compaction_begin,3,0
201.388,compaction_end,3,42618174
201.399,compaction_begin,3,0
201.556,compaction_end,3,42992648
201.566,compaction_begin,3,0
201.727,compaction_end,3,43367078
201.738,compaction_begin,3,0
201.897,compaction_end,3,42992648
201.908,compaction_begin,3,0
202.069,compaction_end,3,42992650
202.080,compaction_begin,3,0
202.243,compaction_end,3,43367079
202.254,compaction_begin,3,0
202.415,compaction_end,3,42992648
202.426,compaction_begin,3,0
203.062,compaction_end,3,42618174
203.072,compaction_begin,3,0
203.764,compaction_end,3,42618171
203.774,compaction_begin,3,0
203.995,compaction_end,3,43367084
204.006,compaction_begin,3,0
204.223,compaction_end,3,43367079
204.234,compaction_begin,3,0
204.776,flush_begin,0,0
204.787,flush_end,0,2744427
204.965,compaction_end,3,43367080
204.975,compaction_begin,2,0
205.271,compaction_end,2,4718194
205.285,compaction_begin,3,0
205.449,compaction_end,3,42992651
205.461,compaction_begin,3,0
205.619,compaction_end,3,42992653
205.631,compaction_begin,3,0
205.788,compaction_end,3,42992652
205.800,compaction_begin,3,0
205.960,compaction_end,3,42992650
205.971,compaction_begin,3,0
206.137,compaction_end,3,43367078
206.148,compaction_begin,3,0
206.307,compaction_end,3,42992648
206.320,compaction_begin,3,0
206.480,compaction_end,3,43367078
206.492,compaction_begin,3,0
207.188,compaction_end,3,42243695
207.198,compaction_begin,3,0
207.363,compaction_end,3,43367081
207.374,compaction_begin,3,0
207.536,compaction_end,3,42992648
207.547,compaction_begin,3,0
207.736,compaction_end,3,43367079
207.751,compaction_begin,3,0
207.937,compaction_end,3,43367082
207.951,compaction_begin,3,0
208.135,compaction_end,3,42992650
208.149,compaction_begin,3,0
208.332,compaction_end,3,42618174
208.346,compaction_begin,3,0
208.534,compaction_end,3,42992650
208.548,compaction_begin,3,0
208.727,compaction_end,3,42992648
208.739,compaction_begin,3,0
210.236,flush_begin,0,0
210.251,flush_end,0,2744576
210.904,compaction_end,3,37790165
210.914,compaction_begin,2,0
211.298,compaction_end,2,4835464
211.324,compaction_begin,3,0
211.524,compaction_end,3,42992651
211.538,compaction_begin,3,0
211.710,compaction_end,3,42992652
211.725,compaction_begin,3,0
211.896,compaction_end,3,42992653
211.910,compaction_begin,3,0
212.090,compaction_end,3,42992649
212.104,compaction_begin,3,0
212.293,compaction_end,3,43367078
212.304,compaction_begin,3,0
212.489,compaction_end,3,43367081
212.505,compaction_begin,3,0
212.685,compaction_end,3,42992650
212.698,compaction_begin,3,0
212.880,compaction_end,3,42992648
212.893,compaction_begin,3,0
213.074,compaction_end,3,42992648
213.089,compaction_begin,3,0
213.273,compaction_end,3,42992648
213.286,compaction_begin,3,0
213.448,compaction_end,3,37790165
213.462,compaction_begin,3,0
213.645,compaction_end,3,43367080
213.658,compaction_begin,3,0
213.839,compaction_end,3,43367080
213.852,compaction_begin,3,0
214.026,compaction_end,3,42992650
214.039,compaction_begin,3,0
214.216,compaction_end,3,42618174
214.232,compaction_begin,3,0
214.450,compaction_end,3,42618174
214.466,compaction_begin,3,0
215.677,flush_begin,0,0
215.692,flush_end,0,2744635
217.286,compaction_end,3,43367079
217.298,compaction_begin,2,0
217.613,compaction_end,2,5008859
217.629,compaction_begin,3,0
217.805,compaction_end,3,42992651
217.817,compaction_begin,3,0
217.971,compaction_end,3,42992653
217.983,compaction_begin,3,0
218.141,compaction_end,3,42992652
218.153,compaction_begin,3,0
218.315,compaction_end,3,42992649
218.325,compaction_begin,3,0
218.486,compaction_end,3,42992648
218.497,compaction_begin,3,0
218.657,compaction_end,3,43367079
218.669,compaction_begin,3,0
218.830,compaction_end,3,43367078
218.841,compaction_begin,3,0
219.000,compaction_end,3,42618174
219.011,compaction_begin,3,0
219.172,compaction_end,3,43367078
219.184,compaction_begin,3,0
219.344,compaction_end,3,43367084
219.355,compaction_begin,3,0
219.515,compaction_end,3,43367081
219.527,compaction_begin,3,0
219.690,compaction_end,3,42992648
219.701,compaction_begin,3,0
220.376,compaction_end,3,42992648
220.387,compaction_begin,3,0
220.548,compaction_end,3,42992650
220.557,compaction_begin,3,0
221.098,flush_begin,0,0
221.110,flush_end,0,2744882
221.245,compaction_end,3,42992648
221.256,compaction_begin,2,0
221.565,compaction_end,2,5099128
221.581,compaction_begin,3,0
221.774,compaction_end,3,42992651
221.786,compaction_begin,3,0
221.954,compaction_end,3,42992653
221.966,compaction_begin,3,0
222.135,compaction_end,3,43367078
222.147,compaction_begin,3,0
222.312,compaction_end,3,42992652
222.324,compaction_begin,3,0
222.497,compaction_end,3,42992648
222.508,compaction_begin,3,0
222.676,compaction_end,3,43367081
222.688,compaction_begin,3,0
222.854,compaction_end,3,42992650
222.865,compaction_begin,3,0
223.032,compaction_end,3,42992650
223.043,compaction_begin,3,0
223.210,compaction_end,3,43367080
223.221,compaction_begin,3,0
223.365,compaction_end,3,37790165
223.376,compaction_begin,3,0
223.544,compaction_end,3,43367079
223.555,compaction_begin,3,0
223.723,compaction_end,3,42992650
223.734,compaction_begin,3,0
223.899,compaction_end,3,42618174
223.910,compaction_begin,3,0
224.076,compaction_end,3,42992648
224.087,compaction_begin,3,0
224.258,compaction_end,3,43367084
224.269,compaction_begin,3,0
224.439,compaction_end,3,43367080
224.450,compaction_begin,3,0
224.618,compaction_end,3,42618174
224.629,compaction_begin,3,0
224.800,compaction_end,3,43367078
224.811,compaction_begin,3,0
224.980,compaction_end,3,42992648
224.991,compaction_begin,3,0
225.711,compaction_end,3,42992650
225.722,compaction_begin,3,0
225.890,compaction_end,3,42992648
225.901,compaction_begin,3,0
226.069,compaction_end,3,43367079
226.079,compaction_begin,3,0
226.247,compaction_end,3,43367082
226.258,compaction_begin,3,0
226.428,compaction_end,3,42992648
226.440,compaction_begin,3,0
226.528,flush_begin,0,0
226.540,flush_end,0,2745083
226.630,compaction_end,3,43367080
226.641,compaction_begin,2,0
226.960,compaction_end,2,5044213
226.978,compaction_begin,3,0
227.177,compaction_end,3,42992651
227.190,compaction_begin,3,0
227.353,compaction_end,3,42992653
227.365,compaction_begin,3,0
227.533,compaction_end,3,42992652
227.545,compaction_begin,3,0
227.720,compaction_end,3,43367078
227.731,compaction_begin,3,0
227.902,compaction_end,3,42992648
227.913,compaction_begin,3,0
228.072,compaction_end,3,42992650
228.083,compaction_begin,3,0
228.242,compaction_end,3,42992650
228.253,compaction_begin,3,0
228.954,compaction_end,3,43367082
228.965,compaction_begin,3,0
229.134,compaction_end,3,42992648
229.144,compaction_begin,3,0
229.305,compaction_end,3,42618174
229.316,compaction_begin,3,0
229.476,compaction_end,3,42992648
229.487,compaction_begin,3,0
229.648,compaction_end,3,43367078
229.660,compaction_begin,3,0
229.824,compaction_end,3,43367081
229.836,compaction_begin,3,0
230.000,compaction_end,3,42992648
230.010,compaction_begin,3,0
230.171,compaction_end,3,42992650
230.182,compaction_begin,3,0
230.345,compaction_end,3,43367079
230.356,compaction_begin,3,0
230.516,compaction_end,3,42992648
230.527,compaction_begin,3,0
230.689,compaction_end,3,42992649
230.700,compaction_begin,3,0
230.860,compaction_end,3,43367079
230.871,compaction_begin,3,0
231.031,compaction_end,3,43367080
231.042,compaction_begin,3,0
231.202,compaction_end,3,42992648
231.213,compaction_begin,3,0
231.374,compaction_end,3,43367082
231.385,compaction_begin,3,0
231.525,compaction_end,3,37790165
231.534,compaction_begin,3,0
231.982,flush_begin,0,0
231.993,flush_end,0,2744488
232.251,compaction_end,3,42992650
232.261,compaction_begin,2,0
232.572,compaction_end,2,5046184
232.589,compaction_begin,3,0
232.771,compaction_end,3,42992651
232.784,compaction_begin,3,0
232.939,compaction_end,3,42992653
232.951,compaction_begin,3,0
233.113,compaction_end,3,42992652
233.126,compaction_begin,3,0
233.289,compaction_end,3,43367078
233.301,compaction_begin,3,0
233.460,compaction_end,3,42992648
233.471,compaction_begin,3,0
233.629,compaction_end,3,42992650
233.640,compaction_begin,3,0
233.806,compaction_end,3,43367082
233.817,compaction_begin,3,0
233.977,compaction_end,3,43367079
233.988,compaction_begin,3,0
234.143,compaction_end,3,42992648
234.153,compaction_begin,3,0
234.311,compaction_end,3,43367081
234.323,compaction_begin,3,0
234.482,compaction_end,3,42992648
234.493,compaction_begin,3,0
234.651,compaction_end,3,42992648
234.661,compaction_begin,3,0
234.818,compaction_end,3,42243695
234.829,compaction_begin,3,0
234.986,compaction_end,3,42992649
234.997,compaction_begin,3,0
235.158,compaction_end,3,42992648
235.168,compaction_begin,3,0
235.327,compaction_end,3,42992650
235.338,compaction_begin,3,0
235.498,compaction_end,3,43367080
235.508,compaction_begin,3,0
235.672,compaction_end,3,43367079
235.683,compaction_begin,3,0
236.373,compaction_end,3,42992651
236.384,compaction_begin,3,0
237.100,compaction_end,3,42992649
237.111,compaction_begin,3,0
237.283,compaction_end,3,42618174
237.294,compaction_begin,3,0
237.455,compaction_end,3,43367080
237.466,flush_begin,0,0
237.479,flush_end,0,2744845
237.488,compaction_begin,2,0
237.813,compaction_end,2,4985623
237.829,compaction_begin,3,0
238.014,compaction_end,3,42992651
238.026,compaction_begin,3,0
238.180,compaction_end,3,42992653
238.192,compaction_begin,3,0
238.348,compaction_end,3,42992652
238.361,compaction_begin,3,0
238.519,compaction_end,3,43367078
238.531,compaction_begin,3,0
238.692,compaction_end,3,42992648
238.703,compaction_begin,3,0
238.862,compaction_end,3,42618174
238.873,compaction_begin,3,0
239.032,compaction_end,3,43367081
239.044,compaction_begin,3,0
239.207,compaction_end,3,42992648
239.218,compaction_begin,3,0
239.917,compaction_end,3,43367081
239.927,compaction_begin,3,0
240.089,compaction_end,3,42992649
240.100,compaction_begin,3,0
240.261,compaction_end,3,43367080
240.272,compaction_begin,3,0
240.429,compaction_end,3,42992650
240.440,compaction_begin,3,0
240.601,compaction_end,3,43367079
240.611,compaction_begin,3,0
240.768,compaction_end,3,42992648
240.779,compaction_begin,3,0
240.936,compaction_end,3,43367078
240.948,compaction_begin,3,0
241.674,compaction_end,3,42992649
241.685,compaction_begin,3,0
241.844,compaction_end,3,42992648
241.857,compaction_begin,3,0
241.998,compaction_end,3,37790165
242.009,compaction_begin,3,0
242.710,compaction_end,3,42992649
242.721,compaction_begin,3,0
242.881,compaction_end,3,42992648
242.891,compaction_begin,3,0
242.942,flush_begin,0,0
242.954,flush_end,0,2744540
243.076,compaction_end,3,43367080
243.086,compaction_begin,2,0
243.415,compaction_end,2,5061113
243.432,compaction_begin,3,0
243.618,compaction_end,3,42992651
243.631,compaction_begin,3,0
243.786,compaction_end,3,42992653
243.798,compaction_begin,3,0
243.952,compaction_end,3,42992652
243.964,compaction_begin,3,0
244.123,compaction_end,3,43367078
244.135,compaction_begin,3,0
244.295,compaction_end,3,42992648
244.306,compaction_begin,3,0
244.466,compaction_end,3,42992648
244.477,compaction_begin,3,0
244.640,compaction_end,3,43367079
244.650,compaction_begin,3,0
244.810,compaction_end,3,43367081
244.822,compaction_begin,3,0
244.981,compaction_end,3,42992649
244.991,compaction_begin,3,0
245.153,compaction_end,3,42992648
245.164,compaction_begin,3,0
245.310,compaction_end,3,37790165
245.321,compaction_begin,3,0
245.479,compaction_end,3,42992650
245.490,compaction_begin,3,0
245.653,compaction_end,3,42992648
245.665,compaction_begin,3,0
245.827,compaction_end,3,43367082
245.838,compaction_begin,3,0
246.002,compaction_end,3,43367078
246.012,compaction_begin,3,0
246.179,compaction_end,3,42992650
246.190,compaction_begin,3,0
246.348,compaction_end,3,42618174
246.360,compaction_begin,3,0
246.517,compaction_end,3,42992650
246.528,compaction_begin,3,0
247.206,compaction_end,3,42992650
247.218,compaction_begin,3,0
247.380,compaction_end,3,42992648
247.391,compaction_begin,3,0
247.551,compaction_end,3,42618174
247.563,compaction_begin,3,0
247.722,compaction_end,3,42992648
247.732,compaction_begin,3,0
247.893,compaction_end,3,42992648
247.904,compaction_begin,3,0
248.378,flush_begin,0,0
248.390,flush_end,0,2744676
248.620,compaction_end,3,42992649
248.632,compaction_begin,2,0
248.947,compaction_end,2,5090091
248.965,compaction_begin,3,0
249.155,compaction_end,3,42992651
249.168,compaction_begin,3,0
249.324,compaction_end,3,42992653
249.337,compaction_begin,3,0
249.493,compaction_end,3,42992652
249.505,compaction_begin,3,0
249.663,compaction_end,3,42992650
249.674,compaction_begin,3,0
249.831,compaction_end,3,42618174
249.842,compaction_begin,3,0
250.004,compaction_end,3,43367082
250.015,compaction_begin,3,0
250.172,compaction_end,3,43367081
250.184,compaction_begin,3,0
250.342,compaction_end,3,42992648
250.353,compaction_begin,3,0
250.511,compaction_end,3,42992648
250.522,compaction_begin,3,0
250.683,compaction_end,3,43367078
250.694,compaction_begin,3,0
250.855,compaction_end,3,42992648
250.866,compaction_begin,3,0
251.027,compaction_end,3,42992648
251.038,compaction_begin,3,0
251.199,compaction_end,3,42992649
251.209,compaction_begin,3,0
251.352,compaction_end,3,37790165
251.363,compaction_begin,3,0
251.522,compaction_end,3,42618174
251.533,compaction_begin,3,0
251.693,compaction_end,3,42992648
251.704,compaction_begin,3,0
251.863,compaction_end,3,42992650
251.874,compaction_begin,3,0
252.580,compaction_end,3,43519109
252.592,compaction_begin,3,0
252.754,compaction_end,3,42992650
252.765,compaction_begin,3,0
252.926,compaction_end,3,43367078
252.938,compaction_begin,3,0
253.097,compaction_end,3,42992648
253.109,compaction_begin,3,0
253.272,compaction_end,3,43367079
253.282,compaction_begin,3,0
253.772,flush_begin,0,0
253.783,flush_end,0,2744418
253.978,compaction_end,3,42992650
253.988,compaction_begin,2,0
254.307,compaction_end,2,5075319
254.318,compaction_begin,3,0
254.506,compaction_end,3,42992651
254.521,compaction_begin,3,0
254.679,compaction_end,3,42992653
254.691,compaction_begin,3,0
254.848,compaction_end,3,42992652
254.860,compaction_begin,3,0
255.023,compaction_end,3,42992650
255.033,compaction_begin,3,0
255.199,compaction_end,3,43367081
255.210,compaction_begin,3,0
255.373,compaction_end,3,42992649
255.384,compaction_begin,3,0
255.584,compaction_end,3,42992650
255.595,compaction_begin,3,0
255.756,compaction_end,3,42618174
255.767,compaction_begin,3,0
255.929,compaction_end,3,43367078
255.941,compaction_begin,3,0
256.104,compaction_end,3,42992648
256.114,compaction_begin,3,0
256.277,compaction_end,3,42992650
256.287,compaction_begin,3,0
256.447,compaction_end,3,42992648
256.458,compaction_begin,3,0
256.622,compaction_end,3,43367080
256.634,compaction_begin,3,0
257.329,compaction_end,3,43367079
257.340,compaction_begin,3,0
257.503,compaction_end,3,42992649
257.513,compaction_begin,3,0
257.676,compaction_end,3,43367081
257.686,compaction_begin,3,0
257.845,compaction_end,3,42992650
257.856,compaction_begin,3,0
258.019,compaction_end,3,43367079
258.030,compaction_begin,3,0
258.190,compaction_end,3,42992648
258.200,compaction_begin,3,0
258.902,compaction_end,3,42618171
258.912,compaction_begin,3,0
259.075,compaction_end,3,42992648
259.086,compaction_begin,3,0
259.223,flush_begin,0,0
259.235,flush_end,0,2744999
259.274,compaction_end,3,43367082
259.285,compaction_begin,2,0
259.602,compaction_end,2,5175597
259.619,compaction_begin,3,0
259.810,compaction_end,3,42992651
259.822,compaction_begin,3,0
259.982,compaction_end,3,43367078
259.994,compaction_begin,3,0
260.157,compaction_end,3,43367078
260.167,compaction_begin,3,0
260.324,compaction_end,3,42992652
260.337,compaction_begin,3,0
260.495,compaction_end,3,42992653
260.508,compaction_begin,3,0
260.670,compaction_end,3,43367081
260.681,compaction_begin,3,0
260.843,compaction_end,3,43367079
260.854,compaction_begin,3,0
261.018,compaction_end,3,42992650
261.028,compaction_begin,3,0
261.189,compaction_end,3,42992648
261.199,compaction_begin,3,0
261.359,compaction_end,3,42992648
261.369,compaction_begin,3,0
261.530,compaction_end,3,43367080
261.540,compaction_begin,3,0
261.700,compaction_end,3,42992650
261.710,compaction_begin,3,0
262.242,compaction_end,3,43367080
262.252,compaction_begin,3,0
262.393,compaction_end,3,37790165
262.403,compaction_begin,3,0
262.561,compaction_end,3,42618171
262.571,compaction_begin,3,0
262.731,compaction_end,3,42992648
262.741,compaction_begin,3,0
262.900,compaction_end,3,42992650
262.910,compaction_begin,3,0
263.183,compaction_end,3,43367079
263.194,compaction_begin,3,0
263.354,compaction_end,3,42992648
263.365,compaction_begin,3,0
263.523,compaction_end,3,42618174
263.534,compaction_begin,3,0
263.698,compaction_end,3,42992648
263.709,compaction_begin,3,0
263.874,compaction_end,3,43367082
263.884,compaction_begin,3,0
264.046,compaction_end,3,42992648
264.056,compaction_begin,3,0
264.219,compaction_end,3,42992649
264.229,compaction_begin,3,0
264.663,flush_begin,0,0
264.675,flush_end,0,2744525
264.946,compaction_end,3,42992650
264.956,compaction_begin,2,0
265.270,compaction_end,2,5109272
265.286,compaction_begin,3,0
265.476,compaction_end,3,42992651
265.488,compaction_begin,3,0
265.646,compaction_end,3,42992653
265.658,compaction_begin,3,0
265.819,compaction_end,3,43367081
265.831,compaction_begin,3,0
265.992,compaction_end,3,42992650
266.003,compaction_begin,3,0
266.161,compaction_end,3,42992652
266.173,compaction_begin,3,0
266.333,compaction_end,3,43367078
266.344,compaction_begin,3,0
266.507,compaction_end,3,43367079
266.518,compaction_begin,3,0
266.679,compaction_end,3,42992648
266.690,compaction_begin,3,0
266.851,compaction_end,3,42992650
266.861,compaction_begin,3,0
267.562,compaction_end,3,43367082
267.572,compaction_begin,3,0
267.735,compaction_end,3,42992648
267.745,compaction_begin,3,0
267.904,compaction_end,3,42992648
267.915,compaction_begin,3,0
268.074,compaction_end,3,43367078
268.085,compaction_begin,3,0
268.226,compaction_end,3,37790165
268.236,compaction_begin,3,0
268.397,compaction_end,3,43367082
268.407,compaction_begin,3,0
268.566,compaction_end,3,42992649
268.577,compaction_begin,3,0
268.738,compaction_end,3,43367080
268.749,compaction_begin,3,0
268.909,compaction_end,3,42618174
268.919,compaction_begin,3,0
269.080,compaction_end,3,42992650
269.091,compaction_begin,3,0
269.252,compaction_end,3,42992650
269.264,compaction_begin,3,0
269.426,compaction_end,3,42992648
269.436,compaction_begin,3,0
269.598,compaction_end,3,43367079
269.610,compaction_begin,3,0
269.770,compaction_end,3,42992650
269.780,compaction_begin,3,0
269.941,compaction_end,3,42992649
269.951,compaction_begin,3,0
270.111,compaction_end,3,42992648
270.122,flush_begin,0,0
270.133,flush_end,0,2744899
270.144,compaction_begin,2,0
270.450,compaction_end,2,5226762
270.466,compaction_begin,3,0
270.660,compaction_end,3,42992651
270.672,compaction_begin,3,0
270.828,compaction_end,3,42992653
270.840,compaction_begin,3,0
271.001,compaction_end,3,43367081
271.012,compaction_begin,3,0
271.169,compaction_end,3,42992652
271.181,compaction_begin,3,0
271.343,compaction_end,3,43367078
271.353,compaction_begin,3,0
271.514,compaction_end,3,42992648
271.524,compaction_begin,3,0
271.664,compaction_end,3,37790165
271.674,compaction_begin,3,0
272.360,compaction_end,3,43367079
272.370,compaction_begin,3,0
272.533,compaction_end,3,43367082
272.541,compaction_begin,3,0
272.703,compaction_end,3,42992650
272.716,compaction_begin,3,0
272.880,compaction_end,3,43367079
272.890,compaction_begin,3,0
273.122,compaction_end,3,42992648
273.134,compaction_begin,3,0
273.304,compaction_end,3,42992650
273.315,compaction_begin,3,0
273.475,compaction_end,3,42992650
273.483,compaction_begin,3,0
273.643,compaction_end,3,42992649
273.656,compaction_begin,3,0
273.818,compaction_end,3,42992650
273.829,compaction_begin,3,0
273.990,compaction_end,3,42992648
274.000,compaction_begin,3,0
274.158,compaction_end,3,43367078
274.171,compaction_begin,3,0
274.854,compaction_end,3,42618173
274.862,compaction_begin,3,0
275.028,compaction_end,3,43367079
275.040,compaction_begin,3,0
275.202,compaction_end,3,42992648
275.213,compaction_begin,3,0
275.558,flush_begin,0,0
275.569,flush_end,0,2744680
275.900,compaction_end,3,42992651
275.911,compaction_begin,2,0
276.223,compaction_end,2,5134007
276.239,compaction_begin,3,0
276.432,compaction_end,3,42992651
276.444,compaction_begin,3,0
276.600,compaction_end,3,42992652
276.612,compaction_begin,3,0
276.767,compaction_end,3,42992653
276.779,compaction_begin,3,0
276.939,compaction_end,3,43367081
276.950,compaction_begin,3,0
277.111,compaction_end,3,43367078
277.122,compaction_begin,3,0
277.284,compaction_end,3,43367078
277.295,compaction_begin,3,0
277.455,compaction_end,3,42992649
277.464,compaction_begin,3,0
277.624,compaction_end,3,42992651
277.636,compaction_begin,3,0
277.796,compaction_end,3,42992648
277.809,compaction_begin,3,0
277.968,compaction_end,3,42992648
277.982,compaction_begin,3,0
278.142,compaction_end,3,42992649
278.153,compaction_begin,3,0
278.325,compaction_end,3,43367079
278.336,compaction_begin,3,0
278.499,compaction_end,3,42618174
278.510,compaction_begin,3,0
278.671,compaction_end,3,42992650
278.682,compaction_begin,3,0
279.344,compaction_end,3,43367079
279.354,compaction_begin,3,0
279.515,compaction_end,3,42992650
279.527,compaction_begin,3,0
279.688,compaction_end,3,42992650
279.698,compaction_begin,3,0
280.376,compaction_end,3,42618174
280.386,compaction_begin,3,0
280.551,compaction_end,3,43367082
280.562,compaction_begin,3,0
280.999,flush_begin,0,0
281.011,flush_end,0,2744699
281.244,compaction_end,3,42618174
281.254,compaction_begin,2,0
281.567,compaction_end,2,5194646
281.584,compaction_begin,3,0
281.770,compaction_end,3,42992651
281.782,compaction_begin,3,0
281.939,compaction_end,3,42992652
281.951,compaction_begin,3,0
282.110,compaction_end,3,43367081
282.121,compaction_begin,3,0
282.279,compaction_end,3,42992653
282.291,compaction_begin,3,0
282.453,compaction_end,3,43367078
282.464,compaction_begin,3,0
282.626,compaction_end,3,42618174
282.636,compaction_begin,3,0
283.318,compaction_end,3,42992651
283.329,compaction_begin,3,0
283.501,compaction_end,3,42992648
283.511,compaction_begin,3,0
283.672,compaction_end,3,43367079
283.684,compaction_begin,3,0
283.843,compaction_end,3,43367078
283.855,compaction_begin,3,0
284.014,compaction_end,3,42618173
284.025,compaction_begin,3,0
284.184,compaction_end,3,42992649
284.195,compaction_begin,3,0
284.356,compaction_end,3,42992648
284.367,compaction_begin,3,0
284.509,compaction_end,3,37790165
284.519,compaction_begin,3,0
284.680,compaction_end,3,42992648
284.691,compaction_begin,3,0
284.861,compaction_end,3,42992650
284.872,compaction_begin,3,0
285.043,compaction_end,3,42992648
285.055,compaction_begin,3,0
285.225,compaction_end,3,42992651
285.236,compaction_begin,3,0
285.407,compaction_end,3,42992650
285.419,compaction_begin,3,0
285.607,compaction_end,3,43367079
285.618,compaction_begin,3,0
285.787,compaction_end,3,42618174
285.797,compaction_begin,3,0
285.966,compaction_end,3,43367079
285.977,compaction_begin,3,0
286.459,flush_begin,0,0
286.470,flush_end,0,2744550
286.710,compaction_end,3,43367079
286.720,compaction_begin,2,0
287.033,compaction_end,2,5111997
287.048,compaction_begin,3,0
287.237,compaction_end,3,42992651
287.249,compaction_begin,3,0
287.415,compaction_end,3,42992653
287.427,compaction_begin,3,0
287.592,compaction_end,3,42992652
287.604,compaction_begin,3,0
287.772,compaction_end,3,43367078
287.783,compaction_begin,3,0
287.954,compaction_end,3,42992650
287.964,compaction_begin,3,0
288.134,compaction_end,3,42992650
288.145,compaction_begin,3,0
288.828,compaction_end,3,42992648
288.839,compaction_begin,3,0
289.008,compaction_end,3,42992650
289.019,compaction_begin,3,0
289.186,compaction_end,3,42992648
289.197,compaction_begin,3,0
289.362,compaction_end,3,42992649
289.373,compaction_begin,3,0
289.538,compaction_end,3,43367081
289.549,compaction_begin,3,0
289.716,compaction_end,3,42992651
289.727,compaction_begin,3,0
289.894,compaction_end,3,42992648
289.906,compaction_begin,3,0
290.067,compaction_end,3,42618174
290.078,compaction_begin,3,0
290.242,compaction_end,3,43367079
290.253,compaction_begin,3,0
290.823,compaction_end,3,43367079
290.833,compaction_begin,3,0
290.995,compaction_end,3,43367078
291.006,compaction_begin,3,0
291.171,compaction_end,3,42992651
291.182,compaction_begin,3,0
291.343,compaction_end,3,42992648
291.354,compaction_begin,3,0
291.906,flush_begin,0,0
291.917,flush_end,0,2744685
292.059,compaction_end,3,42992648
292.069,compaction_begin,2,0
292.390,compaction_end,2,5095111
292.405,compaction_begin,3,0
292.596,compaction_end,3,42992651
292.608,compaction_begin,3,0
292.772,compaction_end,3,42992652
292.784,compaction_begin,3,0
292.949,compaction_end,3,42992653
292.961,compaction_begin,3,0
293.123,compaction_end,3,43367081
293.135,compaction_begin,3,0
293.297,compaction_end,3,42992649
293.308,compaction_begin,3,0
293.468,compaction_end,3,42992651
293.478,compaction_begin,3,0
293.638,compaction_end,3,43367078
293.650,compaction_begin,3,0
293.810,compaction_end,3,42618174
293.822,compaction_begin,3,0
293.980,compaction_end,3,42618174
293.991,compaction_begin,3,0
294.152,compaction_end,3,42618173
294.163,compaction_begin,3,0
294.323,compaction_end,3,42992650
294.334,compaction_begin,3,0
294.497,compaction_end,3,43367079
294.507,compaction_begin,3,0
295.149,compaction_end,3,42992648
295.160,compaction_begin,3,0
295.324,compaction_end,3,43367079
295.335,compaction_begin,3,0
295.496,compaction_end,3,43367078
295.507,compaction_begin,3,0
295.668,compaction_end,3,42992650
295.679,compaction_begin,3,0
295.838,compaction_end,3,42992648
295.848,compaction_begin,3,0
296.008,compaction_end,3,42992648
296.019,compaction_begin,3,0
296.179,compaction_end,3,43367079
296.189,compaction_begin,3,0
296.349,compaction_end,3,42618174
296.360,compaction_begin,3,0
297.047,compaction_end,3,42992651
297.057,compaction_begin,3,0
297.327,flush_begin,0,0
297.340,flush_end,0,2744543
297.783,compaction_end,3,42992650
297.793,compaction_begin,2,0
298.116,compaction_end,2,5064996
298.131,compaction_begin,3,0
298.318,compaction_end,3,42992651
298.330,compaction_begin,3,0
298.488,compaction_end,3,42992653
298.500,compaction_begin,3,0
298.659,compaction_end,3,42992652
298.671,compaction_begin,3,0
298.832,compaction_end,3,42992648
298.843,compaction_begin,3,0
299.005,compaction_end,3,43367081
299.017,compaction_begin,3,0
299.178,compaction_end,3,43367078
299.189,compaction_begin,3,0
299.348,compaction_end,3,42992651
299.359,compaction_begin,3,0
299.519,compaction_end,3,43367079
299.527,compaction_begin,3,0
299.687,compaction_end,3,42992650
299.700,compaction_begin,3,0
299.859,compaction_end,3,42992649
299.870,compaction_begin,3,0
300.030,compaction_end,3,43367078
300.041,compaction_begin,3,0
300.199,compaction_end,3,42992651
300.210,compaction_begin,3,0
300.378,compaction_end,3,43367079
300.389,compaction_begin,3,0
300.547,compaction_end,3,43367079
300.558,compaction_begin,3,0
300.717,compaction_end,3,42618174
300.728,compaction_begin,3,0
300.888,compaction_end,3,42618174
300.899,compaction_begin,3,0
301.058,compaction_end,3,42992648
301.069,compaction_begin,3,0
301.766,compaction_end,3,42618170
301.776,compaction_begin,3,0
301.939,compaction_end,3,42992650
301.950,compaction_begin,3,0
302.110,compaction_end,3,42992650
302.122,compaction_begin,3,0
302.292,compaction_end,3,43367079
302.303,compaction_begin,3,0
302.751,flush_begin,0,0
302.762,flush_end,0,2745006
303.024,compaction_end,3,43367082
303.035,compaction_begin,2,0
303.351,compaction_end,2,5125356
303.369,compaction_begin,3,0
303.562,compaction_end,3,42992651
303.574,compaction_begin,3,0
303.731,compaction_end,3,42992652
303.743,compaction_begin,3,0
303.901,compaction_end,3,42992653
303.913,compaction_begin,3,0
304.074,compaction_end,3,43367078
304.086,compaction_begin,3,0
304.246,compaction_end,3,43367081
304.257,compaction_begin,3,0
304.419,compaction_end,3,43367079
304.431,compaction_begin,3,0
305.118,compaction_end,3,42992650
305.129,compaction_begin,3,0
305.292,compaction_end,3,42992648
305.303,compaction_begin,3,0
305.463,compaction_end,3,42992648
305.474,compaction_begin,3,0
305.634,compaction_end,3,42992648
305.645,compaction_begin,3,0
305.804,compaction_end,3,42992651
305.814,compaction_begin,3,0
305.974,compaction_end,3,42992651
305.985,compaction_begin,3,0
306.145,compaction_end,3,42992649
306.156,compaction_begin,3,0
306.858,compaction_end,3,43367081
306.868,compaction_begin,3,0
307.027,compaction_end,3,42992650
307.038,compaction_begin,3,0
307.199,compaction_end,3,42992648
307.210,compaction_begin,3,0
307.371,compaction_end,3,42992651
307.382,compaction_begin,3,0
308.085,compaction_end,3,43367080
308.095,compaction_begin,3,0
308.177,flush_begin,0,0
308.188,flush_end,0,2744727
308.274,compaction_end,3,43367078
308.285,compaction_begin,2,0
308.596,compaction_end,2,5206030
308.612,compaction_begin,3,0
308.803,compaction_end,3,42992651
308.815,compaction_begin,3,0
308.972,compaction_end,3,42992653
308.984,compaction_begin,3,0
309.141,compaction_end,3,42992652
309.153,compaction_begin,3,0
309.314,compaction_end,3,42992650
309.324,compaction_begin,3,0
309.480,compaction_end,3,43367078
309.492,compaction_begin,3,0
309.652,compaction_end,3,43367081
309.664,compaction_begin,3,0
309.823,compaction_end,3,43367079
309.834,compaction_begin,3,0
309.993,compaction_end,3,42992651
310.001,compaction_begin,3,0
310.682,compaction_end,3,42618173
310.694,compaction_begin,3,0
310.853,compaction_end,3,42992649
310.864,compaction_begin,3,0
311.022,compaction_end,3,42992648
311.033,compaction_begin,3,0
311.194,compaction_end,3,42992648
311.205,compaction_begin,3,0
311.361,compaction_end,3,42618174
311.373,compaction_begin,3,0
311.533,compaction_end,3,42992648
311.544,compaction_begin,3,0
311.705,compaction_end,3,43367078
311.715,compaction_begin,3,0
311.875,compaction_end,3,43367082
311.887,compaction_begin,3,0
312.048,compaction_end,3,42992650
312.058,compaction_begin,3,0
312.226,compaction_end,3,42992650
312.236,compaction_begin,3,0
312.395,compaction_end,3,42992651
312.406,compaction_begin,3,0
312.566,compaction_end,3,43367081
312.578,compaction_begin,3,0
312.738,compaction_end,3,42618174
312.749,compaction_begin,3,0
313.419,compaction_end,3,42992648
313.430,compaction_begin,3,0
313.591,compaction_end,3,43367079
313.602,compaction_begin,3,0
313.621,flush_begin,0,0
313.632,flush_end,0,2744916
313.780,compaction_end,3,42992648
313.792,compaction_begin,2,0
314.112,compaction_end,2,5297721
314.128,compaction_begin,3,0
314.317,compaction_end,3,42992651
314.329,compaction_begin,3,0
314.487,compaction_end,3,42992652
314.499,compaction_begin,3,0
314.660,compaction_end,3,42992648
314.670,compaction_begin,3,0
314.826,compaction_end,3,42992653
314.838,compaction_begin,3,0
314.998,compaction_end,3,43367081
315.010,compaction_begin,3,0
315.167,compaction_end,3,43367078
315.179,compaction_begin,3,0
315.338,compaction_end,3,42992648
315.349,compaction_begin,3,0
315.520,compaction_end,3,42992649
315.532,compaction_begin,3,0
315.714,compaction_end,3,42992650
315.725,compaction_begin,3,0
315.885,compaction_end,3,42992648
315.896,compaction_begin,3,0
316.054,compaction_end,3,42618174
316.065,compaction_begin,3,0
316.738,compaction_end,3,42992648
316.749,compaction_begin,3,0
317.448,compaction_end,3,43367084
317.458,compaction_begin,3,0
317.618,compaction_end,3,42992651
317.629,compaction_begin,3,0
317.788,compaction_end,3,42618174
317.799,compaction_begin,3,0
317.959,compaction_end,3,43367079
317.970,compaction_begin,3,0
318.130,compaction_end,3,42992648
318.141,compaction_begin,3,0
318.866,compaction_end,3,42992650
318.876,compaction_begin,3,0
319.056,flush_begin,0,0
319.069,flush_end,0,2744675
319.594,compaction_end,3,42618171
319.604,compaction_begin,2,0
319.911,compaction_end,2,5307555
319.928,compaction_begin,3,0
320.116,compaction_end,3,42992651
320.129,compaction_begin,3,0
320.286,compaction_end,3,42992652
320.297,compaction_begin,3,0
320.458,compaction_end,3,43367081
320.470,compaction_begin,3,0
320.631,compaction_end,3,42992649
320.641,compaction_begin,3,0
320.798,compaction_end,3,42992653
320.809,compaction_begin,3,0
320.967,compaction_end,3,42992650
320.978,compaction_begin,3,0
321.137,compaction_end,3,43367078
321.149,compaction_begin,3,0
321.308,compaction_end,3,42992648
321.318,compaction_begin,3,0
321.477,compaction_end,3,42992650
321.488,compaction_begin,3,0
321.651,compaction_end,3,42992651
321.661,compaction_begin,3,0
321.821,compaction_end,3,42618171
321.830,compaction_begin,3,0
321.997,compaction_end,3,42992648
322.010,compaction_begin,3,0
322.168,compaction_end,3,42992648
322.179,compaction_begin,3,0
322.336,compaction_end,3,42618174
322.347,compaction_begin,3,0
322.508,compaction_end,3,43367082
322.519,compaction_begin,3,0
322.679,compaction_end,3,43367078
322.689,compaction_begin,3,0
322.850,compaction_end,3,42992651
322.860,compaction_begin,3,0
323.073,compaction_end,3,43367081
323.084,compaction_begin,3,0
323.246,compaction_end,3,42992650
323.257,compaction_begin,3,0
323.418,compaction_end,3,42618173
323.428,compaction_begin,3,0
323.589,compaction_end,3,43367081
323.600,compaction_begin,3,0
323.762,compaction_end,3,42992648
323.772,compaction_begin,3,0
324.468,compaction_end,3,42992650
324.480,compaction_begin,3,0
324.515,flush_begin,0,0
324.526,flush_end,0,2744735
324.662,compaction_end,3,42992648
324.672,compaction_begin,2,0
324.990,compaction_end,2,5424851
325.004,compaction_begin,3,0
325.182,compaction_end,3,42992651
325.195,compaction_begin,3,0
325.350,compaction_end,3,42992652
325.361,compaction_begin,3,0
325.517,compaction_end,3,42992653
325.529,compaction_begin,3,0
325.691,compaction_end,3,43367078
325.702,compaction_begin,3,0
325.860,compaction_end,3,42992648
325.871,compaction_begin,3,0
326.031,compaction_end,3,42992649
326.042,compaction_begin,3,0
326.203,compaction_end,3,42992650
326.213,compaction_begin,3,0
326.373,compaction_end,3,42992648
326.384,compaction_begin,3,0
326.544,compaction_end,3,42992648
326.555,compaction_begin,3,0
326.716,compaction_end,3,42992648
326.727,compaction_begin,3,0
326.889,compaction_end,3,43367078
326.900,compaction_begin,3,0
327.061,compaction_end,3,43367081
327.072,compaction_begin,3,0
327.233,compaction_end,3,43367079
327.244,compaction_begin,3,0
327.402,compaction_end,3,43367081
327.412,compaction_begin,3,0
327.571,compaction_end,3,43367079
327.582,compaction_begin,3,0
327.743,compaction_end,3,42992651
327.753,compaction_begin,3,0
327.913,compaction_end,3,43367080
327.923,compaction_begin,3,0
328.081,compaction_end,3,42992650
328.091,compaction_begin,3,0
328.792,compaction_end,3,43367081
328.801,compaction_begin,3,0
328.962,compaction_end,3,42992648
328.973,compaction_begin,3,0
329.707,compaction_end,3,42992649
329.718,compaction_begin,3,0
329.905,flush_begin,0,0
329.916,flush_end,0,2744300
330.436,compaction_end,3,42992649
330.446,compaction_begin,2,0
330.767,compaction_end,2,5415665
330.783,compaction_begin,3,0
330.972,compaction_end,3,42992649
330.986,compaction_begin,3,0
331.144,compaction_end,3,42992649
331.157,compaction_begin,3,0
331.369,compaction_end,3,42992648
331.381,compaction_begin,3,0
331.550,compaction_end,3,42992648
331.560,compaction_begin,3,0
331.721,compaction_end,3,43367082
331.733,compaction_begin,3,0
331.894,compaction_end,3,43367083
331.905,compaction_begin,3,0
332.063,compaction_end,3,43367081
332.075,compaction_begin,3,0
332.237,compaction_end,3,42992648
332.248,compaction_begin,3,0
332.410,compaction_end,3,42992649
332.421,compaction_begin,3,0
332.581,compaction_end,3,43367081
332.592,compaction_begin,3,0
332.755,compaction_end,3,43367082
332.766,compaction_begin,3,0
332.980,compaction_end,3,42992650
332.990,compaction_begin,3,0
333.154,compaction_end,3,42992648
333.164,compaction_begin,3,0
333.841,compaction_end,3,42992650
333.852,compaction_begin,3,0
334.014,compaction_end,3,43367077
334.024,compaction_begin,3,0
334.183,compaction_end,3,42992648
334.193,compaction_begin,3,0
334.404,compaction_end,3,42992647
334.415,compaction_begin,3,0
334.753,compaction_end,3,42618173
334.764,compaction_begin,3,0
335.308,flush_begin,0,0
335.318,flush_end,0,2744687
335.389,compaction_end,3,42618171
335.399,compaction_begin,2,0
335.713,compaction_end,2,5543455
335.730,compaction_begin,3,0
335.920,compaction_end,3,42992652
335.933,compaction_begin,3,0
336.091,compaction_end,3,43367082
336.102,compaction_begin,3,0
336.257,compaction_end,3,42992652
336.269,compaction_begin,3,0
336.432,compaction_end,3,43367081
336.444,compaction_begin,3,0
336.605,compaction_end,3,43367078
336.617,compaction_begin,3,0
336.778,compaction_end,3,42618171
336.789,compaction_begin,3,0
337.193,compaction_end,3,42618175
337.204,compaction_begin,3,0
337.364,compaction_end,3,42992648
337.375,compaction_begin,3,0
337.535,compaction_end,3,42992650
337.546,compaction_begin,3,0
337.706,compaction_end,3,42992650
337.717,compaction_begin,3,0
337.877,compaction_end,3,42992648
337.888,compaction_begin,3,0
338.581,compaction_end,3,42618173
338.592,compaction_begin,3,0
338.803,compaction_end,3,43367082
338.813,compaction_begin,3,0
338.974,compaction_end,3,42992648
338.986,compaction_begin,3,0
339.149,compaction_end,3,42992647
339.160,compaction_begin,3,0
339.842,compaction_end,3,42992648
339.853,compaction_begin,3,0
340.501,compaction_end,3,43367083
340.512,compaction_begin,3,0
340.671,compaction_end,3,42992649
340.683,compaction_begin,3,0
340.718,flush_begin,0,0
340.729,flush_end,0,2744629
340.864,compaction_end,3,43367082
340.874,compaction_begin,2,0
341.191,compaction_end,2,5636064
341.208,compaction_begin,3,0
341.399,compaction_end,3,42992652
341.407,compaction_begin,3,0
341.566,compaction_end,3,42992652
341.581,compaction_begin,3,0
341.744,compaction_end,3,43367078
341.756,compaction_begin,3,0
341.922,compaction_end,3,43367082
341.935,compaction_begin,3,0
342.094,compaction_end,3,42992648
342.105,compaction_begin,3,0
342.264,compaction_end,3,42992648
342.276,compaction_begin,3,0
342.585,compaction_end,3,42992648
342.596,compaction_begin,3,0
343.302,compaction_end,3,43367082
343.312,compaction_begin,3,0
343.473,compaction_end,3,43367081
343.484,compaction_begin,3,0
343.647,compaction_end,3,42992650
343.658,compaction_begin,3,0
343.819,compaction_end,3,43367082
343.830,compaction_begin,3,0
343.990,compaction_end,3,42992650
344.002,compaction_begin,3,0
344.164,compaction_end,3,42992649
344.174,compaction_begin,3,0
344.861,compaction_end,3,46205928
344.870,compaction_begin,3,0
345.564,compaction_end,3,42618174
345.577,compaction_begin,3,0
345.751,compaction_end,3,42992647
345.761,compaction_begin,3,0
345.922,compaction_end,3,42992649
345.932,compaction_begin,3,0
346.090,compaction_end,3,42992648
346.100,compaction_begin,3,0
346.151,flush_begin,0,0
346.162,flush_end,0,2744572
346.279,compaction_end,3,42992648
346.289,compaction_begin,2,0
346.605,compaction_end,2,5590548
346.619,compaction_begin,3,0
346.791,compaction_end,3,42992652
346.803,compaction_begin,3,0
346.958,compaction_end,3,42992652
346.971,compaction_begin,3,0
347.129,compaction_end,3,43367082
347.141,compaction_begin,3,0
347.300,compaction_end,3,43367078
347.313,compaction_begin,3,0
347.476,compaction_end,3,43367081
347.488,compaction_begin,3,0
347.647,compaction_end,3,42992648
347.658,compaction_begin,3,0
347.819,compaction_end,3,43367081
347.830,compaction_begin,3,0
347.991,compaction_end,3,42992649
348.001,compaction_begin,3,0
348.159,compaction_end,3,42992648
348.170,compaction_begin,3,0
348.329,compaction_end,3,42992648
348.338,compaction_begin,3,0
348.498,compaction_end,3,42992647
348.509,compaction_begin,3,0
348.670,compaction_end,3,43367082
348.680,compaction_begin,3,0
348.840,compaction_end,3,42992648
348.850,compaction_begin,3,0
349.010,compaction_end,3,42992648
349.020,compaction_begin,3,0
349.180,compaction_end,3,42992648
349.191,compaction_begin,3,0
