t,type,level,bytes
-29.867,flush_begin,0,0
-29.857,flush_end,0,2686930
-29.848,flush_begin,0,0
-29.837,flush_end,0,2686931
-29.828,flush_begin,0,0
-29.818,flush_end,0,2686931
-29.809,flush_begin,0,0
-29.799,flush_end,0,2686931
-29.790,flush_begin,0,0
-29.780,flush_end,0,2686931
-29.772,flush_begin,0,0
-29.762,flush_end,0,2686930
-29.753,flush_begin,0,0
-29.743,flush_end,0,2686932
-29.735,flush_begin,0,0
-29.725,flush_end,0,2686930
-29.715,flush_begin,0,0
-29.705,flush_end,0,2686932
-29.695,flush_begin,0,0
-29.685,flush_end,0,2686930
-29.676,flush_begin,0,0
-29.665,flush_end,0,2686931
-29.655,flush_begin,0,0
-29.645,flush_end,0,2686931
-29.636,flush_begin,0,0
-29.625,flush_end,0,2686930
-29.616,flush_begin,0,0
-29.605,flush_end,0,2686932
-29.595,flush_begin,0,0
-29.585,flush_end,0,2686930
-29.576,flush_begin,0,0
-29.566,flush_end,0,2686931
-29.557,flush_begin,0,0
-29.547,flush_end,0,2686931
-29.537,flush_begin,0,0
-29.527,flush_end,0,2686931
-29.519,flush_begin,0,0
-29.508,flush_end,0,2686931
-29.499,flush_begin,0,0
-29.488,flush_end,0,2686931
-29.478,flush_begin,0,0
-29.468,flush_end,0,2686930
-29.459,flush_begin,0,0
-29.448,flush_end,0,2686933
-29.439,flush_begin,0,0
-29.429,flush_end,0,2686930
-29.420,flush_begin,0,0
-29.409,flush_end,0,2686932
-29.400,flush_begin,0,0
-29.389,flush_end,0,2686930
-29.380,flush_begin,0,0
-29.370,flush_end,0,2686930
-29.359,flush_begin,0,0
-29.348,flush_end,0,2686932
-29.339,flush_begin,0,0
-29.329,flush_end,0,2686930
-29.319,flush_begin,0,0
-29.309,flush_end,0,2686932
-29.299,flush_begin,0,0
-29.289,flush_end,0,2686930
-29.279,flush_begin,0,0
-29.268,flush_end,0,2686931
-29.259,flush_begin,0,0
-29.248,flush_end,0,2686931
-29.238,flush_begin,0,0
-29.228,flush_end,0,2686931
-29.219,flush_begin,0,0
-29.208,flush_end,0,2686931
-29.198,flush_begin,0,0
-29.187,flush_end,0,2686931
-29.178,flush_begin,0,0
-29.167,flush_end,0,2686930
-29.158,flush_begin,0,0
-29.147,flush_end,0,2686932
-29.137,flush_begin,0,0
-29.126,flush_end,0,2686930
-29.117,flush_begin,0,0
-29.106,flush_end,0,2686931
-29.097,flush_begin,0,0
-29.087,flush_end,0,2686931
-29.072,trivial_move,3,2686930
-29.071,flush_begin,0,0
-29.059,flush_end,0,2686930
-29.044,trivial_move,3,2686931
-29.043,flush_begin,0,0
-29.032,flush_end,0,2686932
-29.017,trivial_move,3,2686931
-29.016,flush_begin,0,0
-29.005,flush_end,0,2686930
-28.990,trivial_move,3,2686931
-28.988,flush_begin,0,0
-28.977,flush_end,0,2686933
-28.961,trivial_move,3,2686931
-28.959,flush_begin,0,0
-28.948,flush_end,0,2686930
-28.932,trivial_move,3,2686930
-28.931,flush_begin,0,0
-28.919,flush_end,0,2686931
-28.904,trivial_move,3,2686932
-28.903,flush_begin,0,0
-28.890,flush_end,0,2686931
-28.874,trivial_move,3,2686930
-28.872,flush_begin,0,0
-28.860,flush_end,0,2686931
-28.844,trivial_move,3,2686932
-28.843,flush_begin,0,0
-28.831,flush_end,0,2686931
-28.815,trivial_move,3,2686930
-28.813,flush_begin,0,0
-28.801,flush_end,0,2686930
-28.786,trivial_move,3,2686931
-28.784,flush_begin,0,0
-28.772,flush_end,0,2686930
-28.756,trivial_move,3,2686931
-28.754,flush_begin,0,0
-28.742,flush_end,0,2686931
-28.726,trivial_move,3,2686930
-28.724,flush_begin,0,0
-28.712,flush_end,0,2686931
-28.696,trivial_move,3,2686932
-28.695,flush_begin,0,0
-28.683,flush_end,0,2686931
-28.667,trivial_move,3,2686930
-28.665,flush_begin,0,0
-28.652,flush_end,0,2686931
-28.636,trivial_move,3,2686931
-28.634,flush_begin,0,0
-28.621,flush_end,0,2686930
-28.605,trivial_move,3,2686931
-28.602,flush_begin,0,0
-28.589,flush_end,0,2686932
-28.573,trivial_move,3,2686931
-28.571,flush_begin,0,0
-28.558,flush_end,0,2686930
-28.542,trivial_move,3,2686931
-28.539,flush_begin,0,0
-28.527,flush_end,0,2686932
-28.512,trivial_move,3,2686931
-28.510,flush_begin,0,0
-28.496,flush_end,0,2686930
-28.480,trivial_move,3,2686930
-28.478,flush_begin,0,0
-28.465,flush_end,0,2686931
-28.449,trivial_move,3,2686933
-28.446,flush_begin,0,0
-28.434,flush_end,0,2686931
-28.418,trivial_move,3,2686930
-28.416,flush_begin,0,0
-28.403,flush_end,0,2686930
-28.387,trivial_move,3,2686932
-28.385,flush_begin,0,0
-28.372,flush_end,0,2686932
-28.357,trivial_move,3,2686930
-28.353,flush_begin,0,0
-28.341,flush_end,0,2686930
-28.325,trivial_move,3,2686930
-28.323,flush_begin,0,0
-28.311,flush_end,0,2686932
-28.296,trivial_move,3,2686932
-28.294,flush_begin,0,0
-28.281,flush_end,0,2686931
-28.265,trivial_move,3,2686930
-28.263,flush_begin,0,0
-28.250,flush_end,0,2686931
-28.234,trivial_move,3,2686932
-28.232,flush_begin,0,0
-28.220,flush_end,0,2686931
-28.204,trivial_move,3,2686930
-28.202,flush_begin,0,0
-28.190,flush_end,0,2686931
-28.174,trivial_move,3,2686931
-28.171,flush_begin,0,0
-28.159,flush_end,0,2686930
-28.143,trivial_move,3,2686931
-28.140,flush_begin,0,0
-28.127,flush_end,0,2686932
-28.111,trivial_move,3,2686931
-28.109,flush_begin,0,0
-28.097,flush_end,0,2686930
-28.081,trivial_move,3,2686931
-28.078,flush_begin,0,0
-28.065,flush_end,0,2686932
-28.049,trivial_move,3,2686931
-28.047,flush_begin,0,0
-28.033,flush_end,0,2686930
-28.017,trivial_move,3,2686930
-28.015,flush_begin,0,0
-28.002,flush_end,0,2686930
-27.986,trivial_move,3,2686932
-27.983,flush_begin,0,0
-27.970,flush_end,0,2686932
-27.954,trivial_move,3,2686930
-27.951,flush_begin,0,0
-27.938,flush_end,0,2686930
-27.922,trivial_move,3,2686931
-27.919,flush_begin,0,0
-27.905,flush_end,0,2686932
-27.889,trivial_move,3,2686931
-27.886,flush_begin,0,0
-27.873,flush_end,0,2686930
-27.858,trivial_move,3,2686930
-27.855,flush_begin,0,0
-27.841,flush_end,0,2686931
-27.825,trivial_move,3,2686932
-27.822,flush_begin,0,0
-27.810,flush_end,0,2686931
-27.794,trivial_move,3,2686930
-27.791,flush_begin,0,0
-27.777,flush_end,0,2686931
-27.761,trivial_move,3,2686933
-27.759,flush_begin,0,0
-27.746,flush_end,0,2686931
-27.730,trivial_move,3,2686930
-27.728,flush_begin,0,0
-27.715,flush_end,0,2686931
-27.699,trivial_move,3,2686931
-27.697,flush_begin,0,0
-27.683,flush_end,0,2686930
-27.667,trivial_move,3,2686931
-27.665,flush_begin,0,0
-27.651,flush_end,0,2686933
-27.635,trivial_move,3,2686931
-27.631,flush_begin,0,0
-27.618,flush_end,0,2686930
-27.602,trivial_move,3,2686931
-27.599,flush_begin,0,0
-27.585,flush_end,0,2686931
-27.569,trivial_move,3,2686930
-27.567,flush_begin,0,0
-27.554,flush_end,0,2686931
-27.538,trivial_move,3,2686930
-27.534,flush_begin,0,0
-27.521,flush_end,0,2686930
-27.505,trivial_move,3,2686931
-27.501,flush_begin,0,0
-27.488,flush_end,0,2686932
-27.472,trivial_move,3,2686931
-27.469,flush_begin,0,0
-27.456,flush_end,0,2686930
-27.440,trivial_move,3,2686931
-27.438,flush_begin,0,0
-27.425,flush_end,0,2686932
-27.409,trivial_move,3,2686931
-27.407,flush_begin,0,0
-27.393,flush_end,0,2686930
-27.377,trivial_move,3,2686930
-27.374,flush_begin,0,0
-27.361,flush_end,0,2686931
-27.345,trivial_move,3,2686932
-27.342,flush_begin,0,0
-27.328,flush_end,0,2686931
-27.312,trivial_move,3,2686930
-27.309,flush_begin,0,0
-27.295,flush_end,0,2686931
-27.279,trivial_move,3,2686932
-27.277,flush_begin,0,0
-27.263,flush_end,0,2686931
-27.247,trivial_move,3,2686930
-27.244,flush_begin,0,0
-27.230,flush_end,0,2686930
-27.214,trivial_move,3,2686931
-27.211,flush_begin,0,0
-27.197,flush_end,0,2686930
-27.181,trivial_move,3,2686931
-27.179,flush_begin,0,0
-27.165,flush_end,0,2686931
-27.149,trivial_move,3,2686930
-27.147,flush_begin,0,0
-27.134,flush_end,0,2686931
-27.118,trivial_move,3,2686932
-27.115,flush_begin,0,0
-27.101,flush_end,0,2686931
-27.085,trivial_move,3,2686930
-27.082,flush_begin,0,0
-27.070,flush_end,0,2686931
-27.054,trivial_move,3,2686932
-27.052,flush_begin,0,0
-27.039,flush_end,0,2686930
-27.024,trivial_move,3,2686931
-27.022,flush_begin,0,0
-27.009,flush_end,0,2686932
-26.993,trivial_move,3,2686931
-26.990,flush_begin,0,0
-26.977,flush_end,0,2686930
-26.961,trivial_move,3,2686931
-26.959,flush_begin,0,0
-26.945,flush_end,0,2686933
-26.929,trivial_move,3,2686931
-26.927,flush_begin,0,0
-26.915,flush_end,0,2686930
-26.899,trivial_move,3,2686930
-26.898,flush_begin,0,0
-26.887,flush_end,0,2686931
-26.871,trivial_move,3,2686932
-26.870,flush_begin,0,0
-26.860,flush_end,0,2686931
-26.844,trivial_move,3,2686930
-26.843,flush_begin,0,0
-26.833,flush_end,0,2686930
-26.817,trivial_move,3,2686932
-26.816,flush_begin,0,0
-26.805,flush_end,0,2686932
-26.789,trivial_move,3,2686930
-26.788,flush_begin,0,0
-26.776,flush_end,0,2686930
-26.761,trivial_move,3,2686930
-26.760,flush_begin,0,0
-26.749,flush_end,0,2686931
-26.733,trivial_move,3,2686932
-26.731,flush_begin,0,0
-26.719,flush_end,0,2686931
-26.703,trivial_move,3,2686930
-26.702,flush_begin,0,0
-26.690,flush_end,0,2686931
-26.674,trivial_move,3,2686932
-26.672,flush_begin,0,0
-26.660,flush_end,0,2686931
-26.644,trivial_move,3,2686930
-26.642,flush_begin,0,0
-26.630,flush_end,0,2686931
-26.614,trivial_move,3,2686931
-26.612,flush_begin,0,0
-26.599,flush_end,0,2686930
-26.583,trivial_move,3,2686931
-26.581,flush_begin,0,0
-26.569,flush_end,0,2686932
-26.553,trivial_move,3,2686931
-26.551,flush_begin,0,0
-26.538,flush_end,0,2686930
-26.522,trivial_move,3,2686931
-26.520,flush_begin,0,0
-26.507,flush_end,0,2686932
-26.491,trivial_move,3,2686931
-26.489,flush_begin,0,0
-26.475,flush_end,0,2686930
-26.459,trivial_move,3,2686930
-26.456,flush_begin,0,0
-26.443,flush_end,0,2686930
-26.428,trivial_move,3,2686933
-26.426,flush_begin,0,0
-26.412,flush_end,0,2686932
-26.396,trivial_move,3,2686930
-26.394,flush_begin,0,0
-26.380,flush_end,0,2686930
-26.365,trivial_move,3,2686931
-26.362,flush_begin,0,0
-26.349,flush_end,0,2686932
-26.333,trivial_move,3,2686931
-26.331,flush_begin,0,0
-26.318,flush_end,0,2686930
-26.302,trivial_move,3,2686930
-26.300,flush_begin,0,0
-26.287,flush_end,0,2686932
-26.271,trivial_move,3,2686932
-26.269,flush_begin,0,0
-26.255,flush_end,0,2686931
-26.239,trivial_move,3,2686930
-26.236,flush_begin,0,0
-26.222,flush_end,0,2686931
-26.206,trivial_move,3,2686932
-26.203,flush_begin,0,0
-26.190,flush_end,0,2686931
-26.174,trivial_move,3,2686930
-26.172,flush_begin,0,0
-26.159,flush_end,0,2686931
-26.143,trivial_move,3,2686931
-26.141,flush_begin,0,0
-26.128,flush_end,0,2686930
-26.112,trivial_move,3,2686931
-26.110,flush_begin,0,0
-26.097,flush_end,0,2686932
-26.081,trivial_move,3,2686931
-26.079,flush_begin,0,0
-26.066,flush_end,0,2686930
-26.050,trivial_move,3,2686931
-26.048,flush_begin,0,0
-26.035,flush_end,0,2686931
-26.019,trivial_move,3,2686930
-26.017,flush_begin,0,0
-26.005,flush_end,0,2686931
-25.989,trivial_move,3,2686930
-25.986,flush_begin,0,0
-25.973,flush_end,0,2686930
-25.957,trivial_move,3,2686931
-25.955,flush_begin,0,0
-25.942,flush_end,0,2686932
-25.926,trivial_move,3,2686931
-25.924,flush_begin,0,0
-25.911,flush_end,0,2686930
-25.895,trivial_move,3,2686931
-25.893,flush_begin,0,0
-25.881,flush_end,0,2686932
-25.865,trivial_move,3,2686931
-25.864,flush_begin,0,0
-25.852,flush_end,0,2686930
-25.836,trivial_move,3,2686930
-25.834,flush_begin,0,0
-25.822,flush_end,0,2686931
-25.806,trivial_move,3,2686932
-25.805,flush_begin,0,0
-25.793,flush_end,0,2686931
-25.777,trivial_move,3,2686930
-25.775,flush_begin,0,0
-25.763,flush_end,0,2686931
-25.746,trivial_move,3,2686933
-25.744,flush_begin,0,0
-25.731,flush_end,0,2686931
-25.715,trivial_move,3,2686930
-25.713,flush_begin,0,0
-25.700,flush_end,0,2686930
-25.684,trivial_move,3,2686931
-25.682,flush_begin,0,0
-25.670,flush_end,0,2686930
-25.654,trivial_move,3,2686931
-25.652,flush_begin,0,0
-25.639,flush_end,0,2686931
-25.623,trivial_move,3,2686930
-25.621,flush_begin,0,0
-25.609,flush_end,0,2686932
-25.593,trivial_move,3,2686932
-25.591,flush_begin,0,0
-25.578,flush_end,0,2686931
-25.562,trivial_move,3,2686930
-25.559,flush_begin,0,0
-25.546,flush_end,0,2686931
-25.530,trivial_move,3,2686931
-25.528,flush_begin,0,0
-25.517,flush_end,0,2686930
-25.497,trivial_move,3,2686931
-25.495,flush_begin,0,0
-25.483,flush_end,0,2686932
-25.468,trivial_move,3,2686931
-25.467,flush_begin,0,0
-25.454,flush_end,0,2686930
-25.438,trivial_move,3,2686931
-25.436,flush_begin,0,0
-25.424,flush_end,0,2686932
-25.408,trivial_move,3,2686931
-25.407,flush_begin,0,0
-25.394,flush_end,0,2686930
-25.378,trivial_move,3,2686930
-25.376,flush_begin,0,0
-25.363,flush_end,0,2686931
-25.347,trivial_move,3,2686932
-25.345,flush_begin,0,0
-25.332,flush_end,0,2686931
-25.316,trivial_move,3,2686930
-25.314,flush_begin,0,0
-25.301,flush_end,0,2686930
-25.285,trivial_move,3,2686932
-25.283,flush_begin,0,0
-25.269,flush_end,0,2686932
-25.253,trivial_move,3,2686930
-25.251,flush_begin,0,0
-25.238,flush_end,0,2686930
-25.222,trivial_move,3,2686930
-25.219,flush_begin,0,0
-25.206,flush_end,0,2686931
-25.190,trivial_move,3,2686932
-25.187,flush_begin,0,0
-25.173,flush_end,0,2686931
-25.157,trivial_move,3,2686930
-25.155,flush_begin,0,0
-25.141,flush_end,0,2686931
-25.125,trivial_move,3,2686932
-25.122,flush_begin,0,0
-25.109,flush_end,0,2686931
-25.093,trivial_move,3,2686930
-25.091,flush_begin,0,0
-25.078,flush_end,0,2686931
-25.062,trivial_move,3,2686932
-25.059,flush_begin,0,0
-25.046,flush_end,0,2686930
-25.030,trivial_move,3,2686931
-25.028,flush_begin,0,0
-25.015,flush_end,0,2686932
-24.999,trivial_move,3,2686931
-24.996,flush_begin,0,0
-24.984,flush_end,0,2686930
-24.968,trivial_move,3,2686931
-24.966,flush_begin,0,0
-24.953,flush_end,0,2686933
-24.937,trivial_move,3,2686931
-24.935,flush_begin,0,0
-24.922,flush_end,0,2686930
-24.906,trivial_move,3,2686930
-24.904,flush_begin,0,0
-24.891,flush_end,0,2686930
-24.875,trivial_move,3,2686932
-24.873,flush_begin,0,0
-24.861,flush_end,0,2686932
-24.845,trivial_move,3,2686930
-24.843,flush_begin,0,0
-24.830,flush_end,0,2686930
-24.814,trivial_move,3,2686931
-24.812,flush_begin,0,0
-24.799,flush_end,0,2686932
-24.783,trivial_move,3,2686931
-24.780,flush_begin,0,0
-24.766,flush_end,0,2686930
-24.749,trivial_move,3,2686930
-24.747,flush_begin,0,0
-24.734,flush_end,0,2686931
-24.718,trivial_move,3,2686932
-24.716,flush_begin,0,0
-24.702,flush_end,0,2686931
-24.686,trivial_move,3,2686930
-24.684,flush_begin,0,0
-24.670,flush_end,0,2686931
-24.654,trivial_move,3,2686932
-24.651,flush_begin,0,0
-24.638,flush_end,0,2686931
-24.622,trivial_move,3,2686930
-24.619,flush_begin,0,0
-24.606,flush_end,0,2686931
-24.590,trivial_move,3,2686931
-24.588,flush_begin,0,0
-24.575,flush_end,0,2686930
-24.559,trivial_move,3,2686931
-24.556,flush_begin,0,0
-24.544,flush_end,0,2686932
-24.528,trivial_move,3,2686931
-24.525,flush_begin,0,0
-24.512,flush_end,0,2686930
-24.496,trivial_move,3,2686931
-24.493,flush_begin,0,0
-24.479,flush_end,0,2686931
-24.463,trivial_move,3,2686930
-24.461,flush_begin,0,0
-24.447,flush_end,0,2686931
-24.431,trivial_move,3,2686930
-24.428,flush_begin,0,0
-24.414,flush_end,0,2686930
-24.398,trivial_move,3,2686931
-24.395,flush_begin,0,0
-24.382,flush_end,0,2686932
-24.366,trivial_move,3,2686932
-24.363,flush_begin,0,0
-24.350,flush_end,0,2686930
-24.334,trivial_move,3,2686931
-24.332,flush_begin,0,0
-24.319,flush_end,0,2686932
-24.303,trivial_move,3,2686931
-24.301,flush_begin,0,0
-24.289,flush_end,0,2686930
-24.273,trivial_move,3,2686930
-24.272,flush_begin,0,0
-24.259,flush_end,0,2686932
-24.243,trivial_move,3,2686932
-24.241,flush_begin,0,0
-24.229,flush_end,0,2686931
-24.213,trivial_move,3,2686930
-24.211,flush_begin,0,0
-24.199,flush_end,0,2686931
-24.183,trivial_move,3,2686932
-24.182,flush_begin,0,0
-24.169,flush_end,0,2686931
-24.153,trivial_move,3,2686930
-24.151,flush_begin,0,0
-24.138,flush_end,0,2686930
-24.123,trivial_move,3,2686931
-24.122,flush_begin,0,0
-24.109,flush_end,0,2686930
-24.093,trivial_move,3,2686931
-24.091,flush_begin,0,0
-24.079,flush_end,0,2686931
-24.063,trivial_move,3,2686930
-24.061,flush_begin,0,0
-24.049,flush_end,0,2686931
-24.033,trivial_move,3,2686932
-24.031,flush_begin,0,0
-24.018,flush_end,0,2686931
-24.002,trivial_move,3,2686930
-23.999,flush_begin,0,0
-23.987,flush_end,0,2686931
-23.971,trivial_move,3,2686931
-23.968,flush_begin,0,0
-23.954,flush_end,0,2686930
-23.938,trivial_move,3,2686931
-23.935,flush_begin,0,0
-23.922,flush_end,0,2686932
-23.906,trivial_move,3,2686931
-23.903,flush_begin,0,0
-23.890,flush_end,0,2686930
-23.874,trivial_move,3,2686931
-23.872,flush_begin,0,0
-23.859,flush_end,0,2686932
-23.844,trivial_move,3,2686931
-23.842,flush_begin,0,0
-23.829,flush_end,0,2686930
-23.813,trivial_move,3,2686930
-23.811,flush_begin,0,0
-23.798,flush_end,0,2686931
-23.783,trivial_move,3,2686932
-23.781,flush_begin,0,0
-23.768,flush_end,0,2686931
-23.752,trivial_move,3,2686930
-23.750,flush_begin,0,0
-23.737,flush_end,0,2686930
-23.721,trivial_move,3,2686933
-23.719,flush_begin,0,0
-23.707,flush_end,0,2686932
-23.691,trivial_move,3,2686930
-23.689,flush_begin,0,0
-23.677,flush_end,0,2686930
-23.661,trivial_move,3,2686930
-23.659,flush_begin,0,0
-23.646,flush_end,0,2686931
-23.630,trivial_move,3,2686932
-23.627,flush_begin,0,0
-23.613,flush_end,0,2686931
-23.597,trivial_move,3,2686930
-23.595,flush_begin,0,0
-23.582,flush_end,0,2686933
-23.566,trivial_move,3,2686932
-23.563,flush_begin,0,0
-23.550,flush_end,0,2686931
-23.534,trivial_move,3,2686930
-23.531,flush_begin,0,0
-23.517,flush_end,0,2686931
-23.501,trivial_move,3,2686931
-23.498,flush_begin,0,0
-23.485,flush_end,0,2686930
-23.469,trivial_move,3,2686931
-23.466,flush_begin,0,0
-23.453,flush_end,0,2686932
-23.437,trivial_move,3,2686931
-23.435,flush_begin,0,0
-23.422,flush_end,0,2686930
-23.406,trivial_move,3,2686931
-23.404,flush_begin,0,0
-23.391,flush_end,0,2686932
-23.375,trivial_move,3,2686931
-23.373,flush_begin,0,0
-23.360,flush_end,0,2686930
-23.344,trivial_move,3,2686930
-23.341,flush_begin,0,0
-23.327,flush_end,0,2686930
-23.311,trivial_move,3,2686932
-23.308,flush_begin,0,0
-23.295,flush_end,0,2686932
-23.279,trivial_move,3,2686930
-23.277,flush_begin,0,0
-23.264,flush_end,0,2686930
-23.248,trivial_move,3,2686931
-23.246,flush_begin,0,0
-23.232,flush_end,0,2686932
-23.217,trivial_move,3,2686931
-23.215,flush_begin,0,0
-23.202,flush_end,0,2686930
-23.186,trivial_move,3,2686930
-23.184,flush_begin,0,0
-23.170,flush_end,0,2686931
-23.155,trivial_move,3,2686932
-23.153,flush_begin,0,0
-23.139,flush_end,0,2686931
-23.123,trivial_move,3,2686930
-23.120,flush_begin,0,0
-23.107,flush_end,0,2686931
-23.091,trivial_move,3,2686932
-23.089,flush_begin,0,0
-23.077,flush_end,0,2686931
-23.061,trivial_move,3,2686930
-23.058,flush_begin,0,0
-23.045,flush_end,0,2686931
-23.029,trivial_move,3,2686932
-23.026,flush_begin,0,0
-23.013,flush_end,0,2686930
-22.997,trivial_move,3,2686931
-22.994,flush_begin,0,0
-22.981,flush_end,0,2686932
-22.965,trivial_move,3,2686931
-22.962,flush_begin,0,0
-22.949,flush_end,0,2686930
-22.933,trivial_move,3,2686931
-22.930,flush_begin,0,0
-22.917,flush_end,0,2686931
-22.901,trivial_move,3,2686930
-22.898,flush_begin,0,0
-22.885,flush_end,0,2686932
-22.869,trivial_move,3,2686930
-22.867,flush_begin,0,0
-22.854,flush_end,0,2686930
-22.838,trivial_move,3,2686931
-22.836,flush_begin,0,0
-22.824,flush_end,0,2686932
-22.808,trivial_move,3,2686931
-22.806,flush_begin,0,0
-22.793,flush_end,0,2686930
-22.777,trivial_move,3,2686931
-22.775,flush_begin,0,0
-22.762,flush_end,0,2686932
-22.746,trivial_move,3,2686931
-22.743,flush_begin,0,0
-22.730,flush_end,0,2686930
-22.714,trivial_move,3,2686930
-22.712,flush_begin,0,0
-22.698,flush_end,0,2686931
-22.682,trivial_move,3,2686932
-22.680,flush_begin,0,0
-22.666,flush_end,0,2686931
-22.649,trivial_move,3,2686930
-22.647,flush_begin,0,0
-22.633,flush_end,0,2686931
-22.617,trivial_move,3,2686932
-22.615,flush_begin,0,0
-22.602,flush_end,0,2686931
-22.586,trivial_move,3,2686930
-22.584,flush_begin,0,0
-22.571,flush_end,0,2686930
-22.555,trivial_move,3,2686931
-22.553,flush_begin,0,0
-22.540,flush_end,0,2686930
-22.524,trivial_move,3,2686931
-22.521,flush_begin,0,0
-22.508,flush_end,0,2686931
-22.492,trivial_move,3,2686930
-22.488,flush_begin,0,0
-22.474,flush_end,0,2686931
-22.458,trivial_move,3,2686932
-22.454,flush_begin,0,0
-22.440,flush_end,0,2686931
-22.424,trivial_move,3,2686930
-22.421,flush_begin,0,0
-22.408,flush_end,0,2686931
-22.392,trivial_move,3,2686931
-22.390,flush_begin,0,0
-22.377,flush_end,0,2686930
-22.361,trivial_move,3,2686931
-22.358,flush_begin,0,0
-22.345,flush_end,0,2686932
-22.329,trivial_move,3,2686933
-22.327,flush_begin,0,0
-22.314,flush_end,0,2686930
-22.298,trivial_move,3,2686931
-22.295,flush_begin,0,0
-22.280,flush_end,0,2686932
-22.264,trivial_move,3,2686931
-22.261,flush_begin,0,0
-22.248,flush_end,0,2686930
-22.232,trivial_move,3,2686930
-22.230,flush_begin,0,0
-22.215,flush_end,0,2686932
-22.200,trivial_move,3,2686932
-22.198,flush_begin,0,0
-22.185,flush_end,0,2686931
-22.168,trivial_move,3,2686930
-22.166,flush_begin,0,0
-22.153,flush_end,0,2686930
-22.137,trivial_move,3,2686932
-22.135,flush_begin,0,0
-22.122,flush_end,0,2686932
-22.106,trivial_move,3,2686930
-22.104,flush_begin,0,0
-22.091,flush_end,0,2686930
-22.074,trivial_move,3,2686930
-22.072,flush_begin,0,0
-22.059,flush_end,0,2686931
-22.043,trivial_move,3,2686932
-22.040,flush_begin,0,0
-22.027,flush_end,0,2686931
-22.011,trivial_move,3,2686930
-22.009,flush_begin,0,0
-21.995,flush_end,0,2686931
-21.978,trivial_move,3,2686932
-21.976,flush_begin,0,0
-21.962,flush_end,0,2686931
-21.946,trivial_move,3,2686930
-21.943,flush_begin,0,0
-21.930,flush_end,0,2686931
-21.914,trivial_move,3,2686931
-21.912,flush_begin,0,0
-21.899,flush_end,0,2686930
-21.882,trivial_move,3,2686931
-21.880,flush_begin,0,0
-21.867,flush_end,0,2686932
-21.851,trivial_move,3,2686931
-21.848,flush_begin,0,0
-21.835,flush_end,0,2686930
-21.819,trivial_move,3,2686931
-21.817,flush_begin,0,0
-21.804,flush_end,0,2686932
-21.788,trivial_move,3,2686931
-21.786,flush_begin,0,0
-21.774,flush_end,0,2686930
-21.758,trivial_move,3,2686930
-21.755,flush_begin,0,0
-21.743,flush_end,0,2686930
-21.727,trivial_move,3,2686932
-21.725,flush_begin,0,0
-21.713,flush_end,0,2686932
-21.696,trivial_move,3,2686930
-21.693,flush_begin,0,0
-21.681,flush_end,0,2686930
-21.665,trivial_move,3,2686931
-21.663,flush_begin,0,0
-21.650,flush_end,0,2686932
-21.634,trivial_move,3,2686932
-21.631,flush_begin,0,0
-21.619,flush_end,0,2686930
-21.603,trivial_move,3,2686930
-21.600,flush_begin,0,0
-21.588,flush_end,0,2686931
-21.572,trivial_move,3,2686932
-21.570,flush_begin,0,0
-21.558,flush_end,0,2686931
-21.542,trivial_move,3,2686930
-21.539,flush_begin,0,0
-21.527,flush_end,0,2686932
-21.510,trivial_move,3,2686932
-21.508,flush_begin,0,0
-21.496,flush_end,0,2686931
-21.480,trivial_move,3,2686930
-21.478,flush_begin,0,0
-21.465,flush_end,0,2686931
-21.449,trivial_move,3,2686931
-21.447,flush_begin,0,0
-21.434,flush_end,0,2686930
-21.417,trivial_move,3,2686931
-21.415,flush_begin,0,0
-21.401,flush_end,0,2686932
-21.385,trivial_move,3,2686931
-21.383,flush_begin,0,0
-21.370,flush_end,0,2686930
-21.354,trivial_move,3,2686931
-21.351,flush_begin,0,0
-21.338,flush_end,0,2686931
-21.322,trivial_move,3,2686930
-21.319,flush_begin,0,0
-21.306,flush_end,0,2686931
-21.290,trivial_move,3,2686930
-21.288,flush_begin,0,0
-21.274,flush_end,0,2686930
-21.258,trivial_move,3,2686931
-21.256,flush_begin,0,0
-21.243,flush_end,0,2686932
-21.226,trivial_move,3,2686931
-21.224,flush_begin,0,0
-21.210,flush_end,0,2686930
-21.194,trivial_move,3,2686931
-21.191,flush_begin,0,0
-21.178,flush_end,0,2686932
-21.162,trivial_move,3,2686931
-21.159,flush_begin,0,0
-21.146,flush_end,0,2686930
-21.130,trivial_move,3,2686930
-21.128,flush_begin,0,0
-21.115,flush_end,0,2686931
-21.099,trivial_move,3,2686932
-21.097,flush_begin,0,0
-21.085,flush_end,0,2686931
-21.069,trivial_move,3,2686930
-21.067,flush_begin,0,0
-21.054,flush_end,0,2686931
-21.038,trivial_move,3,2686932
-21.035,flush_begin,0,0
-21.023,flush_end,0,2686931
-21.007,trivial_move,3,2686930
-21.004,flush_begin,0,0
-20.992,flush_end,0,2686930
-20.976,trivial_move,3,2686932
-20.974,flush_begin,0,0
-20.962,flush_end,0,2686930
-20.945,trivial_move,3,2686931
-20.943,flush_begin,0,0
-20.931,flush_end,0,2686931
-20.915,trivial_move,3,2686930
-20.913,flush_begin,0,0
-20.900,flush_end,0,2686931
-20.884,trivial_move,3,2686932
-20.881,flush_begin,0,0
-20.868,flush_end,0,2686931
-20.852,trivial_move,3,2686930
-20.849,flush_begin,0,0
-20.835,flush_end,0,2686932
-20.819,trivial_move,3,2686931
-20.816,flush_begin,0,0
-20.803,flush_end,0,2686930
-20.787,trivial_move,3,2686931
-20.784,flush_begin,0,0
-20.771,flush_end,0,2686932
-20.755,trivial_move,3,2686931
-20.752,flush_begin,0,0
-20.740,flush_end,0,2686930
-20.724,trivial_move,3,2686931
-20.722,flush_begin,0,0
-20.709,flush_end,0,2686932
-20.693,trivial_move,3,2686931
-20.691,flush_begin,0,0
-20.678,flush_end,0,2686930
-20.662,trivial_move,3,2686930
-20.660,flush_begin,0,0
-20.647,flush_end,0,2686931
-20.631,trivial_move,3,2686932
-20.629,flush_begin,0,0
-20.615,flush_end,0,2686931
-20.599,trivial_move,3,2686930
-20.596,flush_begin,0,0
-20.583,flush_end,0,2686930
-20.566,trivial_move,3,2686932
-20.562,flush_begin,0,0
-20.549,flush_end,0,2686932
-20.533,trivial_move,3,2686930
-20.530,flush_begin,0,0
-20.516,flush_end,0,2686930
-20.500,trivial_move,3,2686930
-20.497,flush_begin,0,0
-20.484,flush_end,0,2686931
-20.467,trivial_move,3,2686932
-20.465,flush_begin,0,0
-20.451,flush_end,0,2686931
-20.435,trivial_move,3,2686930
-20.432,flush_begin,0,0
-20.420,flush_end,0,2686931
-20.404,trivial_move,3,2686932
-20.401,flush_begin,0,0
-20.389,flush_end,0,2686931
-20.373,trivial_move,3,2686930
-20.370,flush_begin,0,0
-20.357,flush_end,0,2686931
-20.342,trivial_move,3,2686931
-20.340,flush_begin,0,0
-20.327,flush_end,0,2686930
-20.311,trivial_move,3,2686931
-20.309,flush_begin,0,0
-20.297,flush_end,0,2686932
-20.280,trivial_move,3,2686932
-20.278,flush_begin,0,0
-20.265,flush_end,0,2686930
-20.249,trivial_move,3,2686931
-20.246,flush_begin,0,0
-20.233,flush_end,0,2686932
-20.217,trivial_move,3,2686931
-20.215,flush_begin,0,0
-20.202,flush_end,0,2686930
-20.185,trivial_move,3,2686930
-20.182,flush_begin,0,0
-20.169,flush_end,0,2686930
-20.153,trivial_move,3,2686932
-20.151,flush_begin,0,0
-20.138,flush_end,0,2686933
-20.122,trivial_move,3,2686930
-20.119,flush_begin,0,0
-20.106,flush_end,0,2686930
-20.089,trivial_move,3,2686931
-20.086,flush_begin,0,0
-20.073,flush_end,0,2686932
-20.057,trivial_move,3,2686931
-20.054,flush_begin,0,0
-20.041,flush_end,0,2686930
-20.025,trivial_move,3,2686930
-20.023,flush_begin,0,0
-20.010,flush_end,0,2686931
-19.993,trivial_move,3,2686932
-19.991,flush_begin,0,0
-19.978,flush_end,0,2686931
-19.962,trivial_move,3,2686930
-19.961,flush_begin,0,0
-19.948,flush_end,0,2686931
-19.929,trivial_move,3,2686932
-19.928,flush_begin,0,0
-19.915,flush_end,0,2686931
-19.899,trivial_move,3,2686930
-19.895,flush_begin,0,0
-19.883,flush_end,0,2686931
-19.867,trivial_move,3,2686931
-19.864,flush_begin,0,0
-19.851,flush_end,0,2686930
-19.836,trivial_move,3,2686931
-19.833,flush_begin,0,0
-19.820,flush_end,0,2686932
-19.804,trivial_move,3,2686931
-19.802,flush_begin,0,0
-19.788,flush_end,0,2686930
-19.772,trivial_move,3,2686931
-19.770,flush_begin,0,0
-19.755,flush_end,0,2686931
-19.739,trivial_move,3,2686930
-19.737,flush_begin,0,0
-19.724,flush_end,0,2686931
-19.708,trivial_move,3,2686930
-19.705,flush_begin,0,0
-19.693,flush_end,0,2686930
-19.677,trivial_move,3,2686931
-19.673,flush_begin,0,0
-19.660,flush_end,0,2686932
-19.644,trivial_move,3,2686931
-19.642,flush_begin,0,0
-19.628,flush_end,0,2686930
-19.609,trivial_move,3,2686931
-19.607,flush_begin,0,0
-19.594,flush_end,0,2686932
-19.578,trivial_move,3,2686932
-19.575,flush_begin,0,0
-19.562,flush_end,0,2686930
-19.546,trivial_move,3,2686930
-19.543,flush_begin,0,0
-19.530,flush_end,0,2686931
-19.514,trivial_move,3,2686932
-19.511,flush_begin,0,0
-19.498,flush_end,0,2686931
-19.481,trivial_move,3,2686930
-19.479,flush_begin,0,0
-19.465,flush_end,0,2686932
-19.449,trivial_move,3,2686932
-19.446,flush_begin,0,0
-19.433,flush_end,0,2686931
-19.417,trivial_move,3,2686930
-19.415,flush_begin,0,0
-19.402,flush_end,0,2686930
-19.386,trivial_move,3,2686931
-19.384,flush_begin,0,0
-19.372,flush_end,0,2686930
-19.356,trivial_move,3,2686931
-19.354,flush_begin,0,0
-19.343,flush_end,0,2686931
-19.327,trivial_move,3,2686930
-19.326,flush_begin,0,0
-19.314,flush_end,0,2686931
-19.298,trivial_move,3,2686932
-19.296,flush_begin,0,0
-19.284,flush_end,0,2686931
-19.267,trivial_move,3,2686930
-19.266,flush_begin,0,0
-19.254,flush_end,0,2686931
-19.237,trivial_move,3,2686931
-19.236,flush_begin,0,0
-19.225,flush_end,0,2686930
-19.209,trivial_move,3,2686931
-19.207,flush_begin,0,0
-19.196,flush_end,0,2686932
-19.180,trivial_move,3,2686931
-19.177,flush_begin,0,0
-19.166,flush_end,0,2686930
-19.149,trivial_move,3,2686931
-19.147,flush_begin,0,0
-19.136,flush_end,0,2686932
-19.121,trivial_move,3,2686931
-19.119,flush_begin,0,0
-19.107,flush_end,0,2686930
-19.091,trivial_move,3,2686930
-19.089,flush_begin,0,0
-19.077,flush_end,0,2686931
-19.061,trivial_move,3,2686932
-19.059,flush_begin,0,0
-19.047,flush_end,0,2686931
-19.031,trivial_move,3,2686930
-19.029,flush_begin,0,0
-19.016,flush_end,0,2686930
-19.000,trivial_move,3,2686932
-18.997,flush_begin,0,0
-18.984,flush_end,0,2686932
-18.968,trivial_move,3,2686930
-18.965,flush_begin,0,0
-18.952,flush_end,0,2686930
-18.936,trivial_move,3,2686930
-18.935,flush_begin,0,0
-18.922,flush_end,0,2686931
-18.906,trivial_move,3,2686933
-18.904,flush_begin,0,0
-18.891,flush_end,0,2686931
-18.875,trivial_move,3,2686930
-18.873,flush_begin,0,0
-18.859,flush_end,0,2686931
-18.844,trivial_move,3,2686932
-18.841,flush_begin,0,0
-18.828,flush_end,0,2686931
-18.812,trivial_move,3,2686930
-18.809,flush_begin,0,0
-18.795,flush_end,0,2686932
-18.779,trivial_move,3,2686931
-18.776,flush_begin,0,0
-18.762,flush_end,0,2686930
-18.745,trivial_move,3,2686931
-18.742,flush_begin,0,0
-18.729,flush_end,0,2686932
-18.713,trivial_move,3,2686931
-18.710,flush_begin,0,0
-18.697,flush_end,0,2686930
-18.681,trivial_move,3,2686931
-18.677,flush_begin,0,0
-18.664,flush_end,0,2686932
-18.648,trivial_move,3,2686931
-18.645,flush_begin,0,0
-18.632,flush_end,0,2686930
-18.616,trivial_move,3,2686930
-18.614,flush_begin,0,0
-18.601,flush_end,0,2686930
-18.585,trivial_move,3,2686932
-18.582,flush_begin,0,0
-18.569,flush_end,0,2686932
-18.553,trivial_move,3,2686930
-18.550,flush_begin,0,0
-18.537,flush_end,0,2686930
-18.521,trivial_move,3,2686931
-18.518,flush_begin,0,0
-18.505,flush_end,0,2686932
-18.489,trivial_move,3,2686931
-18.486,flush_begin,0,0
-18.473,flush_end,0,2686930
-18.457,trivial_move,3,2686930
-18.453,flush_begin,0,0
-18.439,flush_end,0,2686931
-18.423,trivial_move,3,2686932
-18.420,flush_begin,0,0
-18.406,flush_end,0,2686931
-18.390,trivial_move,3,2686930
-18.387,flush_begin,0,0
-18.374,flush_end,0,2686931
-18.358,trivial_move,3,2686932
-18.355,flush_begin,0,0
-18.342,flush_end,0,2686931
-18.321,trivial_move,3,2686930
-18.318,flush_begin,0,0
-18.304,flush_end,0,2686931
-18.288,trivial_move,3,2686931
-18.285,flush_begin,0,0
-18.272,flush_end,0,2686930
-18.256,trivial_move,3,2686931
-18.253,flush_begin,0,0
-18.240,flush_end,0,2686932
-18.224,trivial_move,3,2686932
-18.222,flush_begin,0,0
-18.210,flush_end,0,2686930
-18.194,trivial_move,3,2686931
-18.192,flush_begin,0,0
-18.180,flush_end,0,2686931
-18.164,trivial_move,3,2686930
-18.163,flush_begin,0,0
-18.150,flush_end,0,2686931
-18.134,trivial_move,3,2686930
-18.132,flush_begin,0,0
-18.119,flush_end,0,2686930
-18.103,trivial_move,3,2686931
-18.101,flush_begin,0,0
-18.089,flush_end,0,2686933
-18.073,trivial_move,3,2686931
-18.071,flush_begin,0,0
-18.057,flush_end,0,2686930
-18.041,trivial_move,3,2686931
-18.039,flush_begin,0,0
-18.025,flush_end,0,2686932
-18.009,trivial_move,3,2686931
-18.007,flush_begin,0,0
-17.994,flush_end,0,2686930
-17.978,trivial_move,3,2686930
-17.976,flush_begin,0,0
-17.963,flush_end,0,2686931
-17.947,trivial_move,3,2686932
-17.945,flush_begin,0,0
-17.931,flush_end,0,2686931
-17.915,trivial_move,3,2686930
-17.912,flush_begin,0,0
-17.899,flush_end,0,2686931
-17.883,trivial_move,3,2686932
-17.881,flush_begin,0,0
-17.867,flush_end,0,2686931
-17.851,trivial_move,3,2686930
-17.848,flush_begin,0,0
-17.835,flush_end,0,2686930
-17.819,trivial_move,3,2686931
-17.816,flush_begin,0,0
-17.803,flush_end,0,2686930
-17.787,trivial_move,3,2686931
-17.785,flush_begin,0,0
-17.771,flush_end,0,2686931
-17.755,trivial_move,3,2686930
-17.752,flush_begin,0,0
-17.738,flush_end,0,2686931
-17.722,trivial_move,3,2686932
-17.720,flush_begin,0,0
-17.707,flush_end,0,2686931
-17.691,trivial_move,3,2686930
-17.688,flush_begin,0,0
-17.675,flush_end,0,2686931
-17.659,trivial_move,3,2686931
-17.656,flush_begin,0,0
-17.642,flush_end,0,2686930
-17.626,trivial_move,3,2686931
-17.623,flush_begin,0,0
-17.610,flush_end,0,2686932
-17.594,trivial_move,3,2686931
-17.591,flush_begin,0,0
-17.578,flush_end,0,2686930
-17.562,trivial_move,3,2686931
-17.559,flush_begin,0,0
-17.545,flush_end,0,2686932
-17.529,trivial_move,3,2686932
-17.527,flush_begin,0,0
-17.513,flush_end,0,2686930
-17.497,trivial_move,3,2686930
-17.494,flush_begin,0,0
-17.480,flush_end,0,2686931
-17.464,trivial_move,3,2686932
-17.461,flush_begin,0,0
-17.448,flush_end,0,2686931
-17.432,trivial_move,3,2686930
-17.430,flush_begin,0,0
-17.416,flush_end,0,2686930
-17.400,trivial_move,3,2686932
-17.398,flush_begin,0,0
-17.385,flush_end,0,2686933
-17.369,trivial_move,3,2686930
-17.367,flush_begin,0,0
-17.353,flush_end,0,2686930
-17.337,trivial_move,3,2686930
-17.335,flush_begin,0,0
-17.322,flush_end,0,2686931
-17.306,trivial_move,3,2686932
-17.304,flush_begin,0,0
-17.290,flush_end,0,2686931
-17.274,trivial_move,3,2686930
-17.271,flush_begin,0,0
-17.258,flush_end,0,2686931
-17.243,trivial_move,3,2686932
-17.242,flush_begin,0,0
-17.230,flush_end,0,2686931
-17.214,trivial_move,3,2686930
-17.213,flush_begin,0,0
-17.200,flush_end,0,2686931
-17.184,trivial_move,3,2686931
-17.183,flush_begin,0,0
-17.170,flush_end,0,2686930
-17.152,trivial_move,3,2686931
-17.150,flush_begin,0,0
-17.138,flush_end,0,2686932
-17.122,trivial_move,3,2686931
-17.120,flush_begin,0,0
-17.107,flush_end,0,2686930
-17.091,trivial_move,3,2686931
-17.089,flush_begin,0,0
-17.075,flush_end,0,2686932
-17.059,trivial_move,3,2686931
-17.057,flush_begin,0,0
-17.044,flush_end,0,2686930
-17.028,trivial_move,3,2686930
-17.026,flush_begin,0,0
-17.014,flush_end,0,2686930
-16.998,trivial_move,3,2686932
-16.995,flush_begin,0,0
-16.982,flush_end,0,2686932
-16.966,trivial_move,3,2686930
-16.963,flush_begin,0,0
-16.951,flush_end,0,2686930
-16.935,trivial_move,3,2686931
-16.932,flush_begin,0,0
-16.919,flush_end,0,2686932
-16.903,trivial_move,3,2686931
-16.901,flush_begin,0,0
-16.888,flush_end,0,2686930
-16.872,trivial_move,3,2686930
-16.864,trivial_move,4,2686930
-16.862,flush_begin,0,0
-16.849,flush_end,0,2686931
-16.832,trivial_move,3,2686933
-16.824,trivial_move,4,2686931
-16.822,flush_begin,0,0
-16.808,flush_end,0,2686931
-16.792,trivial_move,3,2686930
-16.784,trivial_move,4,2686931
-16.782,flush_begin,0,0
-16.767,flush_end,0,2686931
-16.751,trivial_move,3,2686932
-16.743,trivial_move,4,2686931
-16.742,flush_begin,0,0
-16.726,flush_end,0,2686931
-16.710,trivial_move,3,2686930
-16.702,trivial_move,4,2686931
-16.699,flush_begin,0,0
-16.682,flush_end,0,2686933
-16.666,trivial_move,3,2686931
-16.658,trivial_move,4,2686930
-16.655,flush_begin,0,0
-16.639,flush_end,0,2686930
-16.623,trivial_move,3,2686931
-16.615,trivial_move,4,2686932
-16.612,flush_begin,0,0
-16.596,flush_end,0,2686932
-16.580,trivial_move,3,2686931
-16.572,trivial_move,4,2686930
-16.569,flush_begin,0,0
-16.552,flush_end,0,2686930
-16.536,trivial_move,3,2686931
-16.528,trivial_move,4,2686932
-16.525,flush_begin,0,0
-16.509,flush_end,0,2686931
-16.492,trivial_move,3,2686930
-16.484,trivial_move,4,2686930
-16.479,flush_begin,0,0
-16.462,flush_end,0,2686931
-16.447,trivial_move,3,2686930
-16.439,trivial_move,4,2686931
-16.436,flush_begin,0,0
-16.419,flush_end,0,2686930
-16.404,trivial_move,3,2686931
-16.396,trivial_move,4,2686931
-16.393,flush_begin,0,0
-16.377,flush_end,0,2686932
-16.361,trivial_move,3,2686931
-16.353,trivial_move,4,2686930
-16.350,flush_begin,0,0
-16.335,flush_end,0,2686930
-16.319,trivial_move,3,2686931
-16.311,trivial_move,4,2686932
-16.308,flush_begin,0,0
-16.293,flush_end,0,2686932
-16.277,trivial_move,3,2686931
-16.269,trivial_move,4,2686930
-16.267,flush_begin,0,0
-16.253,flush_end,0,2686930
-16.237,trivial_move,3,2686930
-16.229,trivial_move,4,2686931
-16.226,flush_begin,0,0
-16.212,flush_end,0,2686931
-16.196,trivial_move,3,2686932
-16.188,trivial_move,4,2686931
-16.186,flush_begin,0,0
-16.171,flush_end,0,2686931
-16.155,trivial_move,3,2686930
-16.147,trivial_move,4,2686931
-16.145,flush_begin,0,0
-16.130,flush_end,0,2686931
-16.114,trivial_move,3,2686932
-16.106,trivial_move,4,2686931
-16.104,flush_begin,0,0
-16.088,flush_end,0,2686931
-16.073,trivial_move,3,2686930
-16.065,trivial_move,4,2686931
-16.062,flush_begin,0,0
-16.047,flush_end,0,2686930
-16.031,trivial_move,3,2686931
-16.023,trivial_move,4,2686930
-16.021,flush_begin,0,0
-16.006,flush_end,0,2686930
-15.991,trivial_move,3,2686931
-15.983,trivial_move,4,2686933
-15.980,flush_begin,0,0
-15.964,flush_end,0,2686931
-15.948,trivial_move,3,2686930
-15.940,trivial_move,4,2686930
-15.937,flush_begin,0,0
-15.922,flush_end,0,2686931
-15.906,trivial_move,3,2686933
-15.898,trivial_move,4,2686932
-15.896,flush_begin,0,0
-15.880,flush_end,0,2686931
-15.864,trivial_move,3,2686930
-15.856,trivial_move,4,2686930
-15.853,flush_begin,0,0
-15.838,flush_end,0,2686931
-15.823,trivial_move,3,2686931
-15.815,trivial_move,4,2686930
-15.812,flush_begin,0,0
-15.795,flush_end,0,2686930
-15.779,trivial_move,3,2686931
-15.771,trivial_move,4,2686932
-15.768,flush_begin,0,0
-15.752,flush_end,0,2686933
-15.735,trivial_move,3,2686931
-15.727,trivial_move,4,2686930
-15.725,flush_begin,0,0
-15.710,flush_end,0,2686930
-15.694,trivial_move,3,2686931
-15.686,trivial_move,4,2686932
-15.684,flush_begin,0,0
-15.669,flush_end,0,2686932
-15.653,trivial_move,3,2686931
-15.645,trivial_move,4,2686930
-15.643,flush_begin,0,0
-15.628,flush_end,0,2686930
-15.612,trivial_move,3,2686930
-15.604,trivial_move,4,2686931
-15.602,flush_begin,0,0
-15.586,flush_end,0,2686931
-15.571,trivial_move,3,2686932
-15.563,trivial_move,4,2686931
-15.560,flush_begin,0,0
-15.544,flush_end,0,2686931
-15.528,trivial_move,3,2686930
-15.520,trivial_move,4,2686931
-15.518,flush_begin,0,0
-15.500,flush_end,0,2686930
-15.485,trivial_move,3,2686932
-15.477,trivial_move,4,2686931
-15.475,flush_begin,0,0
-15.459,flush_end,0,2686932
-15.443,trivial_move,3,2686930
-15.435,trivial_move,4,2686931
-15.432,flush_begin,0,0
-15.415,flush_end,0,2686930
-15.400,trivial_move,3,2686930
-15.392,trivial_move,4,2686930
-15.389,flush_begin,0,0
-15.373,flush_end,0,2686931
-15.358,trivial_move,3,2686932
-15.350,trivial_move,4,2686932
-15.349,flush_begin,0,0
-15.332,flush_end,0,2686931
-15.316,trivial_move,3,2686930
-15.308,trivial_move,4,2686930
-15.305,flush_begin,0,0
-15.289,flush_end,0,2686931
-15.274,trivial_move,3,2686932
-15.266,trivial_move,4,2686931
-15.263,flush_begin,0,0
-15.247,flush_end,0,2686931
-15.232,trivial_move,3,2686930
-15.224,trivial_move,4,2686931
-15.222,flush_begin,0,0
-15.204,flush_end,0,2686931
-15.188,trivial_move,3,2686931
-15.180,trivial_move,4,2686930
-15.178,flush_begin,0,0
-15.162,flush_end,0,2686930
-15.144,trivial_move,3,2686931
-15.136,trivial_move,4,2686932
-15.134,flush_begin,0,0
-15.117,flush_end,0,2686932
-15.102,trivial_move,3,2686931
-15.094,trivial_move,4,2686930
-15.091,flush_begin,0,0
-15.075,flush_end,0,2686930
-15.059,trivial_move,3,2686931
-15.051,trivial_move,4,2686933
-15.047,flush_begin,0,0
-15.029,flush_end,0,2686932
-15.014,trivial_move,3,2686933
-15.006,trivial_move,4,2686930
-15.004,flush_begin,0,0
-14.987,flush_end,0,2686930
-14.972,trivial_move,3,2686930
-14.964,trivial_move,4,2686931
-14.962,flush_begin,0,0
-14.945,flush_end,0,2686930
-14.930,trivial_move,3,2686932
-14.922,trivial_move,4,2686931
-14.920,flush_begin,0,0
-14.903,flush_end,0,2686932
-14.887,trivial_move,3,2686930
-14.879,trivial_move,4,2686931
-14.876,flush_begin,0,0
-14.859,flush_end,0,2686930
-14.843,trivial_move,3,2686931
-14.835,trivial_move,4,2686931
-14.831,flush_begin,0,0
-14.814,flush_end,0,2686933
-14.798,trivial_move,3,2686931
-14.790,trivial_move,4,2686930
-14.786,flush_begin,0,0
-14.771,flush_end,0,2686930
-14.755,trivial_move,3,2686930
-14.747,trivial_move,4,2686930
-14.745,flush_begin,0,0
-14.728,flush_end,0,2686931
-14.712,trivial_move,3,2686932
-14.704,trivial_move,4,2686931
-14.701,flush_begin,0,0
-14.685,flush_end,0,2686931
-14.669,trivial_move,3,2686930
-14.661,trivial_move,4,2686931
-14.659,flush_begin,0,0
-14.645,flush_end,0,2686931
-14.628,trivial_move,3,2686932
-14.620,trivial_move,4,2686931
-14.618,flush_begin,0,0
-14.602,flush_end,0,2686931
-14.586,trivial_move,3,2686930
-14.578,trivial_move,4,2686931
-14.575,flush_begin,0,0
-14.560,flush_end,0,2686931
-14.543,trivial_move,3,2686931
-14.535,trivial_move,4,2686930
-14.533,flush_begin,0,0
-14.517,flush_end,0,2686930
-14.502,trivial_move,3,2686931
-14.494,trivial_move,4,2686932
-14.490,flush_begin,0,0
-14.475,flush_end,0,2686932
-14.460,trivial_move,3,2686931
-14.452,trivial_move,4,2686930
-14.448,flush_begin,0,0
-14.433,flush_end,0,2686930
-14.416,trivial_move,3,2686931
-14.408,trivial_move,4,2686932
-14.406,flush_begin,0,0
-14.391,flush_end,0,2686931
-14.374,trivial_move,3,2686930
-14.366,trivial_move,4,2686930
-14.363,flush_begin,0,0
-14.346,flush_end,0,2686931
-14.331,trivial_move,3,2686930
-14.323,trivial_move,4,2686931
-14.321,flush_begin,0,0
-14.305,flush_end,0,2686930
-14.289,trivial_move,3,2686931
-14.281,trivial_move,4,2686931
-14.278,flush_begin,0,0
-14.265,flush_end,0,2686932
-14.252,trivial_move,3,2686931
-14.239,trivial_move,4,2686930
-14.237,flush_begin,0,0
-14.223,flush_end,0,2686930
-14.207,trivial_move,3,2686931
-14.199,trivial_move,4,2686932
-14.197,flush_begin,0,0
-14.183,flush_end,0,2686932
-14.167,trivial_move,3,2686931
-14.158,trivial_move,4,2686930
-14.157,flush_begin,0,0
-14.143,flush_end,0,2686930
-14.127,trivial_move,3,2686930
-14.119,trivial_move,4,2686932
-14.118,flush_begin,0,0
-14.103,flush_end,0,2686931
-14.087,trivial_move,3,2686933
-14.079,trivial_move,4,2686931
-14.078,flush_begin,0,0
-14.064,flush_end,0,2686931
-14.047,trivial_move,3,2686930
-14.039,trivial_move,4,2686931
-14.036,flush_begin,0,0
-14.021,flush_end,0,2686931
-14.005,trivial_move,3,2686932
-13.997,trivial_move,4,2686931
-13.994,flush_begin,0,0
-13.980,flush_end,0,2686931
-13.963,trivial_move,3,2686930
-13.955,trivial_move,4,2686931
-13.952,flush_begin,0,0
-13.937,flush_end,0,2686930
-13.921,trivial_move,3,2686931
-13.913,trivial_move,4,2686930
-13.911,flush_begin,0,0
-13.896,flush_end,0,2686930
-13.880,trivial_move,3,2686931
-13.872,trivial_move,4,2686932
-13.868,flush_begin,0,0
-13.852,flush_end,0,2686931
-13.835,trivial_move,3,2686930
-13.827,trivial_move,4,2686930
-13.825,flush_begin,0,0
-13.809,flush_end,0,2686931
-13.792,trivial_move,3,2686932
-13.784,trivial_move,4,2686932
-13.781,flush_begin,0,0
-13.764,flush_end,0,2686931
-13.748,trivial_move,3,2686930
-13.740,trivial_move,4,2686930
-13.737,flush_begin,0,0
-13.721,flush_end,0,2686931
-13.705,trivial_move,3,2686931
-13.697,trivial_move,4,2686930
-13.695,flush_begin,0,0
-13.680,flush_end,0,2686930
-13.664,trivial_move,3,2686931
-13.656,trivial_move,4,2686932
-13.653,flush_begin,0,0
-13.638,flush_end,0,2686932
-13.621,trivial_move,3,2686931
-13.613,trivial_move,4,2686930
-13.611,flush_begin,0,0
-13.595,flush_end,0,2686930
-13.578,trivial_move,3,2686931
-13.570,trivial_move,4,2686932
-13.568,flush_begin,0,0
-13.551,flush_end,0,2686932
-13.535,trivial_move,3,2686931
-13.527,trivial_move,4,2686930
-13.524,flush_begin,0,0
-13.507,flush_end,0,2686930
-13.491,trivial_move,3,2686930
-13.483,trivial_move,4,2686931
-13.480,flush_begin,0,0
-13.463,flush_end,0,2686931
-13.447,trivial_move,3,2686932
-13.439,trivial_move,4,2686931
-13.437,flush_begin,0,0
-13.420,flush_end,0,2686931
-13.404,trivial_move,3,2686930
-13.396,trivial_move,4,2686931
-13.393,flush_begin,0,0
-13.376,flush_end,0,2686930
-13.361,trivial_move,3,2686932
-13.353,trivial_move,4,2686931
-13.349,flush_begin,0,0
-13.332,flush_end,0,2686932
-13.316,trivial_move,3,2686930
-13.308,trivial_move,4,2686931
-13.304,flush_begin,0,0
-13.287,flush_end,0,2686930
-13.271,trivial_move,3,2686930
-13.263,trivial_move,4,2686930
-13.261,flush_begin,0,0
-13.244,flush_end,0,2686931
-13.227,trivial_move,3,2686932
-13.219,trivial_move,4,2686933
-13.217,flush_begin,0,0
-13.197,flush_end,0,2686931
-13.180,trivial_move,3,2686930
-13.172,trivial_move,4,2686930
-13.171,flush_begin,0,0
-13.153,flush_end,0,2686931
-13.137,trivial_move,3,2686933
-13.129,trivial_move,4,2686931
-13.128,flush_begin,0,0
-13.110,flush_end,0,2686931
-13.093,trivial_move,3,2686930
-13.085,trivial_move,4,2686931
-13.084,flush_begin,0,0
-13.067,flush_end,0,2686931
-13.051,trivial_move,3,2686931
-13.043,trivial_move,4,2686930
-13.040,flush_begin,0,0
-13.023,flush_end,0,2686930
-13.008,trivial_move,3,2686931
-13.000,trivial_move,4,2686932
-12.997,flush_begin,0,0
-12.979,flush_end,0,2686933
-12.963,trivial_move,3,2686931
-12.955,trivial_move,4,2686930
-12.952,flush_begin,0,0
-12.934,flush_end,0,2686930
-12.918,trivial_move,3,2686931
-12.910,trivial_move,4,2686932
-12.907,flush_begin,0,0
-12.890,flush_end,0,2686932
-12.874,trivial_move,3,2686931
-12.866,trivial_move,4,2686930
-12.863,flush_begin,0,0
-12.847,flush_end,0,2686930
-12.831,trivial_move,3,2686930
-12.823,trivial_move,4,2686931
-12.820,flush_begin,0,0
-12.804,flush_end,0,2686930
-12.787,trivial_move,3,2686932
-12.779,trivial_move,4,2686931
-12.776,flush_begin,0,0
-12.760,flush_end,0,2686932
-12.743,trivial_move,3,2686930
-12.735,trivial_move,4,2686931
-12.733,flush_begin,0,0
-12.718,flush_end,0,2686930
-12.702,trivial_move,3,2686931
-12.694,trivial_move,4,2686931
-12.692,flush_begin,0,0
-12.676,flush_end,0,2686932
-12.659,trivial_move,3,2686931
-12.651,trivial_move,4,2686930
-12.648,flush_begin,0,0
-12.631,flush_end,0,2686930
-12.616,trivial_move,3,2686930
-12.608,trivial_move,4,2686930
-12.605,flush_begin,0,0
-12.588,flush_end,0,2686931
-12.572,trivial_move,3,2686932
-12.564,trivial_move,4,2686931
-12.562,flush_begin,0,0
-12.547,flush_end,0,2686931
-12.530,trivial_move,3,2686930
-12.522,trivial_move,4,2686931
-12.519,flush_begin,0,0
-12.504,flush_end,0,2686931
-12.487,trivial_move,3,2686932
-12.479,trivial_move,4,2686931
-12.475,flush_begin,0,0
-12.458,flush_end,0,2686931
-12.442,trivial_move,3,2686930
-12.434,trivial_move,4,2686931
-12.432,flush_begin,0,0
-12.416,flush_end,0,2686931
-12.399,trivial_move,3,2686931
-12.391,trivial_move,4,2686930
-12.389,flush_begin,0,0
-12.372,flush_end,0,2686930
-12.357,trivial_move,3,2686931
-12.349,trivial_move,4,2686932
-12.346,flush_begin,0,0
-12.330,flush_end,0,2686932
-12.314,trivial_move,3,2686931
-12.306,trivial_move,4,2686930
-12.304,flush_begin,0,0
-12.287,flush_end,0,2686930
-12.271,trivial_move,3,2686931
-12.263,trivial_move,4,2686933
-12.262,flush_begin,0,0
-12.246,flush_end,0,2686931
-12.230,trivial_move,3,2686930
-12.222,trivial_move,4,2686930
-12.220,flush_begin,0,0
-12.204,flush_end,0,2686931
-12.187,trivial_move,3,2686930
-12.179,trivial_move,4,2686931
-12.177,flush_begin,0,0
-12.160,flush_end,0,2686930
-12.144,trivial_move,3,2686931
-12.136,trivial_move,4,2686931
-12.133,flush_begin,0,0
-12.117,flush_end,0,2686932
-12.102,trivial_move,3,2686931
-12.094,trivial_move,4,2686930
-12.091,flush_begin,0,0
-12.076,flush_end,0,2686930
-12.060,trivial_move,3,2686931
-12.052,trivial_move,4,2686932
-12.050,flush_begin,0,0
-12.035,flush_end,0,2686933
-12.019,trivial_move,3,2686931
-12.011,trivial_move,4,2686930
-12.009,flush_begin,0,0
-11.993,flush_end,0,2686930
-11.977,trivial_move,3,2686930
-11.969,trivial_move,4,2686931
-11.967,flush_begin,0,0
-11.952,flush_end,0,2686931
-11.936,trivial_move,3,2686932
-11.928,trivial_move,4,2686931
-11.926,flush_begin,0,0
-11.911,flush_end,0,2686931
-11.895,trivial_move,3,2686930
-11.887,trivial_move,4,2686931
-11.886,flush_begin,0,0
-11.871,flush_end,0,2686931
-11.857,trivial_move,3,2686932
-11.850,trivial_move,4,2686931
-11.848,flush_begin,0,0
-11.837,flush_end,0,2686931
-11.821,trivial_move,3,2686930
-11.813,trivial_move,4,2686931
-11.812,flush_begin,0,0
-11.800,flush_end,0,2686930
-11.784,trivial_move,3,2686931
-11.776,trivial_move,4,2686930
-11.775,flush_begin,0,0
-11.763,flush_end,0,2686930
-11.746,trivial_move,3,2686931
-11.739,trivial_move,4,2686932
-11.738,flush_begin,0,0
-11.723,flush_end,0,2686931
-11.708,trivial_move,3,2686930
-11.700,trivial_move,4,2686930
-11.699,flush_begin,0,0
-11.687,flush_end,0,2686931
-11.671,trivial_move,3,2686932
-11.663,trivial_move,4,2686932
-11.662,flush_begin,0,0
-11.648,flush_end,0,2686931
-11.631,trivial_move,3,2686930
-11.623,trivial_move,4,2686930
-11.621,flush_begin,0,0
-11.607,flush_end,0,2686931
-11.590,trivial_move,3,2686931
-11.582,trivial_move,4,2686930
-11.579,flush_begin,0,0
-11.565,flush_end,0,2686930
-11.548,trivial_move,3,2686931
-11.540,trivial_move,4,2686932
-11.537,flush_begin,0,0
-11.522,flush_end,0,2686932
-11.506,trivial_move,3,2686931
-11.498,trivial_move,4,2686930
-11.497,flush_begin,0,0
-11.483,flush_end,0,2686930
-11.467,trivial_move,3,2686931
-11.459,trivial_move,4,2686932
-11.457,flush_begin,0,0
-11.440,flush_end,0,2686932
-11.424,trivial_move,3,2686931
-11.416,trivial_move,4,2686930
-11.414,flush_begin,0,0
-11.400,flush_end,0,2686930
-11.384,trivial_move,3,2686930
-11.376,trivial_move,4,2686932
-11.373,flush_begin,0,0
-11.358,flush_end,0,2686931
-11.341,trivial_move,3,2686933
-11.333,trivial_move,4,2686931
-11.331,flush_begin,0,0
-11.314,flush_end,0,2686931
-11.298,trivial_move,3,2686930
-11.290,trivial_move,4,2686931
-11.287,flush_begin,0,0
-11.271,flush_end,0,2686930
-11.255,trivial_move,3,2686932
-11.247,trivial_move,4,2686931
-11.244,flush_begin,0,0
-11.227,flush_end,0,2686932
-11.211,trivial_move,3,2686930
-11.203,trivial_move,4,2686931
-11.201,flush_begin,0,0
-11.184,flush_end,0,2686930
-11.168,trivial_move,3,2686930
-11.160,trivial_move,4,2686930
-11.158,flush_begin,0,0
-11.138,flush_end,0,2686932
-11.121,trivial_move,3,2686932
-11.113,trivial_move,4,2686932
-11.110,flush_begin,0,0
-11.092,flush_end,0,2686931
-11.076,trivial_move,3,2686930
-11.068,trivial_move,4,2686930
-11.064,flush_begin,0,0
-11.046,flush_end,0,2686931
-11.029,trivial_move,3,2686932
-11.021,trivial_move,4,2686931
-11.019,flush_begin,0,0
-11.002,flush_end,0,2686931
-10.986,trivial_move,3,2686930
-10.978,trivial_move,4,2686931
-10.977,flush_begin,0,0
-10.960,flush_end,0,2686931
-10.944,trivial_move,3,2686931
-10.936,trivial_move,4,2686930
-10.933,flush_begin,0,0
-10.917,flush_end,0,2686930
-10.901,trivial_move,3,2686931
-10.893,trivial_move,4,2686932
-10.890,flush_begin,0,0
-10.872,flush_end,0,2686932
-10.857,trivial_move,3,2686931
-10.849,trivial_move,4,2686930
-10.847,flush_begin,0,0
-10.830,flush_end,0,2686930
-10.813,trivial_move,3,2686931
-10.805,trivial_move,4,2686932
-10.804,flush_begin,0,0
-10.789,flush_end,0,2686932
-10.774,trivial_move,3,2686931
-10.766,trivial_move,4,2686930
-10.764,flush_begin,0,0
-10.750,flush_end,0,2686930
-10.733,trivial_move,3,2686930
-10.725,trivial_move,4,2686931
-10.724,flush_begin,0,0
-10.710,flush_end,0,2686930
-10.693,trivial_move,3,2686932
-10.685,trivial_move,4,2686931
-10.684,flush_begin,0,0
-10.669,flush_end,0,2686932
-10.653,trivial_move,3,2686930
-10.645,trivial_move,4,2686931
-10.642,flush_begin,0,0
-10.627,flush_end,0,2686930
-10.611,trivial_move,3,2686931
-10.603,trivial_move,4,2686931
-10.600,flush_begin,0,0
-10.584,flush_end,0,2686932
-10.568,trivial_move,3,2686931
-10.560,trivial_move,4,2686930
-10.558,flush_begin,0,0
-10.541,flush_end,0,2686930
-10.525,trivial_move,3,2686930
-10.517,trivial_move,4,2686930
-10.514,flush_begin,0,0
-10.496,flush_end,0,2686931
-10.480,trivial_move,3,2686932
-10.472,trivial_move,4,2686931
-10.469,flush_begin,0,0
-10.454,flush_end,0,2686931
-10.438,trivial_move,3,2686930
-10.430,trivial_move,4,2686932
-10.427,flush_begin,0,0
-10.412,flush_end,0,2686931
-10.395,trivial_move,3,2686933
-10.387,trivial_move,4,2686931
-10.384,flush_begin,0,0
-10.368,flush_end,0,2686931
-10.353,trivial_move,3,2686930
-10.345,trivial_move,4,2686931
-10.342,flush_begin,0,0
-10.325,flush_end,0,2686931
-10.309,trivial_move,3,2686931
-10.301,trivial_move,4,2686930
-10.299,flush_begin,0,0
-10.281,flush_end,0,2686930
-10.266,trivial_move,3,2686931
-10.258,trivial_move,4,2686932
-10.254,flush_begin,0,0
-10.235,flush_end,0,2686933
-10.219,trivial_move,3,2686931
-10.211,trivial_move,4,2686930
-10.209,flush_begin,0,0
-10.192,flush_end,0,2686930
-10.176,trivial_move,3,2686931
-10.168,trivial_move,4,2686932
-10.165,flush_begin,0,0
-10.148,flush_end,0,2686931
-10.132,trivial_move,3,2686930
-10.124,trivial_move,4,2686930
-10.122,flush_begin,0,0
-10.104,flush_end,0,2686931
-10.087,trivial_move,3,2686930
-10.079,trivial_move,4,2686931
-10.078,flush_begin,0,0
-10.062,flush_end,0,2686930
-10.045,trivial_move,3,2686931
-10.037,trivial_move,4,2686931
-10.035,flush_begin,0,0
-10.017,flush_end,0,2686932
-10.001,trivial_move,3,2686931
-9.993,trivial_move,4,2686930
-9.989,flush_begin,0,0
-9.972,flush_end,0,2686930
-9.956,trivial_move,3,2686931
-9.948,trivial_move,4,2686932
-9.945,flush_begin,0,0
-9.927,flush_end,0,2686932
-9.910,trivial_move,3,2686931
-9.902,trivial_move,4,2686930
-9.899,flush_begin,0,0
-9.881,flush_end,0,2686930
-9.865,trivial_move,3,2686930
-9.857,trivial_move,4,2686931
-9.854,flush_begin,0,0
-9.838,flush_end,0,2686931
-9.821,trivial_move,3,2686932
-9.813,trivial_move,4,2686931
-9.811,flush_begin,0,0
-9.794,flush_end,0,2686931
-9.777,trivial_move,3,2686930
-9.769,trivial_move,4,2686931
-9.766,flush_begin,0,0
-9.749,flush_end,0,2686931
-9.732,trivial_move,3,2686932
-9.724,trivial_move,4,2686931
-9.721,flush_begin,0,0
-9.704,flush_end,0,2686931
-9.688,trivial_move,3,2686930
-9.680,trivial_move,4,2686931
-9.677,flush_begin,0,0
-9.659,flush_end,0,2686930
-9.643,trivial_move,3,2686931
-9.635,trivial_move,4,2686930
-9.632,flush_begin,0,0
-9.614,flush_end,0,2686930
-9.598,trivial_move,3,2686931
-9.590,trivial_move,4,2686932
-9.586,flush_begin,0,0
-9.569,flush_end,0,2686931
-9.553,trivial_move,3,2686930
-9.545,trivial_move,4,2686930
-9.543,flush_begin,0,0
-9.525,flush_end,0,2686931
-9.508,trivial_move,3,2686932
-9.500,trivial_move,4,2686933
-9.497,flush_begin,0,0
-9.480,flush_end,0,2686931
-9.463,trivial_move,3,2686930
-9.455,trivial_move,4,2686930
-9.454,flush_begin,0,0
-9.437,flush_end,0,2686931
-9.420,trivial_move,3,2686932
-9.412,trivial_move,4,2686930
-9.410,flush_begin,0,0
-9.393,flush_end,0,2686930
-9.376,trivial_move,3,2686931
-9.368,trivial_move,4,2686932
-9.365,flush_begin,0,0
-9.347,flush_end,0,2686932
-9.330,trivial_move,3,2686931
-9.322,trivial_move,4,2686930
-9.320,flush_begin,0,0
-9.303,flush_end,0,2686930
-9.287,trivial_move,3,2686931
-9.279,trivial_move,4,2686932
-9.276,flush_begin,0,0
-9.260,flush_end,0,2686933
-9.244,trivial_move,3,2686931
-9.236,trivial_move,4,2686930
-9.234,flush_begin,0,0
-9.219,flush_end,0,2686930
-9.202,trivial_move,3,2686930
-9.194,trivial_move,4,2686931
-9.191,flush_begin,0,0
-9.176,flush_end,0,2686931
-9.160,trivial_move,3,2686932
-9.152,trivial_move,4,2686931
-9.149,flush_begin,0,0
-9.133,flush_end,0,2686931
-9.117,trivial_move,3,2686930
-9.109,trivial_move,4,2686931
-9.107,flush_begin,0,0
-9.092,flush_end,0,2686930
-9.076,trivial_move,3,2686932
-9.068,trivial_move,4,2686931
-9.065,flush_begin,0,0
-9.048,flush_end,0,2686932
-9.032,trivial_move,3,2686930
-9.024,trivial_move,4,2686931
-9.021,flush_begin,0,0
-9.004,flush_end,0,2686930
-8.989,trivial_move,3,2686930
-8.981,trivial_move,4,2686930
-8.978,flush_begin,0,0
-8.961,flush_end,0,2686931
-8.945,trivial_move,3,2686932
-8.937,trivial_move,4,2686932
-8.935,flush_begin,0,0
-8.918,flush_end,0,2686931
-8.902,trivial_move,3,2686930
-8.894,trivial_move,4,2686930
-8.892,flush_begin,0,0
-8.874,flush_end,0,2686931
-8.859,trivial_move,3,2686932
-8.851,trivial_move,4,2686931
-8.847,flush_begin,0,0
-8.831,flush_end,0,2686931
-8.814,trivial_move,3,2686930
-8.806,trivial_move,4,2686931
-8.804,flush_begin,0,0
-8.787,flush_end,0,2686931
-8.771,trivial_move,3,2686931
-8.763,trivial_move,4,2686930
-8.761,flush_begin,0,0
-8.743,flush_end,0,2686930
-8.727,trivial_move,3,2686931
-8.719,trivial_move,4,2686932
-8.716,flush_begin,0,0
-8.698,flush_end,0,2686932
-8.682,trivial_move,3,2686931
-8.674,trivial_move,4,2686930
-8.672,flush_begin,0,0
-8.655,flush_end,0,2686930
-8.639,trivial_move,3,2686931
-8.631,trivial_move,4,2686932
-8.628,flush_begin,0,0
-8.612,flush_end,0,2686932
-8.596,trivial_move,3,2686931
-8.588,trivial_move,4,2686930
-8.585,flush_begin,0,0
-8.567,flush_end,0,2686930
-8.552,trivial_move,3,2686930
-8.544,trivial_move,4,2686932
-8.542,flush_begin,0,0
-8.526,flush_end,0,2686930
-8.510,trivial_move,3,2686933
-8.502,trivial_move,4,2686931
-8.499,flush_begin,0,0
-8.483,flush_end,0,2686932
-8.467,trivial_move,3,2686930
-8.459,trivial_move,4,2686931
-8.456,flush_begin,0,0
-8.441,flush_end,0,2686930
-8.424,trivial_move,3,2686931
-8.416,trivial_move,4,2686931
-8.414,flush_begin,0,0
-8.396,flush_end,0,2686932
-8.380,trivial_move,3,2686931
-8.372,trivial_move,4,2686930
-8.369,flush_begin,0,0
-8.354,flush_end,0,2686930
-8.341,trivial_move,3,2686930
-8.334,trivial_move,4,2686930
-8.331,flush_begin,0,0
-8.315,flush_end,0,2686932
-8.299,trivial_move,3,2686932
-8.291,trivial_move,4,2686931
-8.288,flush_begin,0,0
-8.272,flush_end,0,2686931
-8.256,trivial_move,3,2686930
-8.248,trivial_move,4,2686931
-8.246,flush_begin,0,0
-8.228,flush_end,0,2686931
-8.212,trivial_move,3,2686932
-8.204,trivial_move,4,2686931
-8.201,flush_begin,0,0
-8.185,flush_end,0,2686931
-8.170,trivial_move,3,2686930
-8.162,trivial_move,4,2686931
-8.160,flush_begin,0,0
-8.143,flush_end,0,2686931
-8.127,trivial_move,3,2686931
-8.119,trivial_move,4,2686930
-8.117,flush_begin,0,0
-8.102,flush_end,0,2686930
-8.085,trivial_move,3,2686931
-8.077,trivial_move,4,2686932
-8.074,flush_begin,0,0
-8.059,flush_end,0,2686932
-8.042,trivial_move,3,2686931
-8.034,trivial_move,4,2686930
-8.031,flush_begin,0,0
-8.014,flush_end,0,2686930
-7.998,trivial_move,3,2686931
-7.990,trivial_move,4,2686932
-7.987,flush_begin,0,0
-7.972,flush_end,0,2686931
-7.955,trivial_move,3,2686930
-7.947,trivial_move,4,2686930
-7.943,flush_begin,0,0
-7.928,flush_end,0,2686931
-7.911,trivial_move,3,2686930
-7.903,trivial_move,4,2686931
-7.898,flush_begin,0,0
-7.883,flush_end,0,2686930
-7.867,trivial_move,3,2686931
-7.859,trivial_move,4,2686931
-7.855,flush_begin,0,0
-7.841,flush_end,0,2686932
-7.824,trivial_move,3,2686931
-7.816,trivial_move,4,2686930
-7.812,flush_begin,0,0
-7.798,flush_end,0,2686930
-7.781,trivial_move,3,2686931
-7.773,trivial_move,4,2686932
-7.770,flush_begin,0,0
-7.755,flush_end,0,2686932
-7.738,trivial_move,3,2686931
-7.730,trivial_move,4,2686930
-7.727,flush_begin,0,0
-7.711,flush_end,0,2686930
-7.694,trivial_move,3,2686930
-7.686,trivial_move,4,2686931
-7.683,flush_begin,0,0
-7.668,flush_end,0,2686931
-7.652,trivial_move,3,2686932
-7.644,trivial_move,4,2686931
-7.640,flush_begin,0,0
-7.626,flush_end,0,2686931
-7.609,trivial_move,3,2686930
-7.601,trivial_move,4,2686933
-7.597,flush_begin,0,0
-7.582,flush_end,0,2686931
-7.566,trivial_move,3,2686933
-7.558,trivial_move,4,2686931
-7.553,flush_begin,0,0
-7.538,flush_end,0,2686931
-7.521,trivial_move,3,2686930
-7.513,trivial_move,4,2686931
-7.510,flush_begin,0,0
-7.495,flush_end,0,2686930
-7.478,trivial_move,3,2686931
-7.470,trivial_move,4,2686930
-7.467,flush_begin,0,0
-7.452,flush_end,0,2686930
-7.435,trivial_move,3,2686931
-7.427,trivial_move,4,2686932
-7.425,flush_begin,0,0
-7.408,flush_end,0,2686931
-7.389,trivial_move,3,2686930
-7.381,trivial_move,4,2686930
-7.378,flush_begin,0,0
-7.364,flush_end,0,2686933
-7.347,trivial_move,3,2686932
-7.339,trivial_move,4,2686932
-7.336,flush_begin,0,0
-7.322,flush_end,0,2686931
-7.305,trivial_move,3,2686930
-7.297,trivial_move,4,2686930
-7.293,flush_begin,0,0
-7.278,flush_end,0,2686931
-7.262,trivial_move,3,2686931
-7.254,trivial_move,4,2686930
-7.250,flush_begin,0,0
-7.236,flush_end,0,2686930
-7.219,trivial_move,3,2686931
-7.211,trivial_move,4,2686932
-7.207,flush_begin,0,0
-7.192,flush_end,0,2686932
-7.175,trivial_move,3,2686931
-7.167,trivial_move,4,2686930
-7.163,flush_begin,0,0
-7.149,flush_end,0,2686930
-7.132,trivial_move,3,2686931
-7.124,trivial_move,4,2686932
-7.121,flush_begin,0,0
-7.108,flush_end,0,2686932
-7.092,trivial_move,3,2686931
-7.084,trivial_move,4,2686930
-7.080,flush_begin,0,0
-7.066,flush_end,0,2686930
-7.049,trivial_move,3,2686930
-7.041,trivial_move,4,2686931
-7.037,flush_begin,0,0
-7.023,flush_end,0,2686931
-7.007,trivial_move,3,2686932
-6.999,trivial_move,4,2686931
-6.994,flush_begin,0,0
-6.980,flush_end,0,2686931
-6.963,trivial_move,3,2686930
-6.955,trivial_move,4,2686931
-6.952,flush_begin,0,0
-6.938,flush_end,0,2686930
-6.921,trivial_move,3,2686932
-6.913,trivial_move,4,2686931
-6.910,flush_begin,0,0
-6.895,flush_end,0,2686932
-6.878,trivial_move,3,2686930
-6.870,trivial_move,4,2686931
-6.866,flush_begin,0,0
-6.852,flush_end,0,2686930
-6.835,trivial_move,3,2686930
-6.827,trivial_move,4,2686930
-6.823,flush_begin,0,0
-6.808,flush_end,0,2686931
-6.791,trivial_move,3,2686932
-6.783,trivial_move,4,2686932
-6.778,flush_begin,0,0
-6.763,flush_end,0,2686931
-6.746,trivial_move,3,2686930
-6.738,trivial_move,4,2686930
-6.734,flush_begin,0,0
-6.720,flush_end,0,2686931
-6.703,trivial_move,3,2686932
-6.695,trivial_move,4,2686931
-6.691,flush_begin,0,0
-6.677,flush_end,0,2686931
-6.660,trivial_move,3,2686930
-6.652,trivial_move,4,2686932
-6.648,flush_begin,0,0
-6.634,flush_end,0,2686931
-6.617,trivial_move,3,2686932
-6.609,trivial_move,4,2686930
-6.605,flush_begin,0,0
-6.591,flush_end,0,2686930
-6.574,trivial_move,3,2686931
-6.566,trivial_move,4,2686932
-6.562,flush_begin,0,0
-6.548,flush_end,0,2686932
-6.531,trivial_move,3,2686931
-6.523,trivial_move,4,2686930
-6.520,flush_begin,0,0
-6.506,flush_end,0,2686930
-6.489,trivial_move,3,2686931
-6.481,trivial_move,4,2686932
-6.477,flush_begin,0,0
-6.464,flush_end,0,2686933
-6.447,trivial_move,3,2686931
-6.439,trivial_move,4,2686930
-6.436,flush_begin,0,0
-6.423,flush_end,0,2686930
-6.406,trivial_move,3,2686930
-6.398,trivial_move,4,2686931
-6.395,flush_begin,0,0
-6.381,flush_end,0,2686930
-6.365,trivial_move,3,2686932
-6.357,trivial_move,4,2686931
-6.353,flush_begin,0,0
-6.339,flush_end,0,2686932
-6.323,trivial_move,3,2686930
-6.315,trivial_move,4,2686931
-6.312,flush_begin,0,0
-6.298,flush_end,0,2686930
-6.282,trivial_move,3,2686931
-6.274,trivial_move,4,2686931
-6.270,flush_begin,0,0
-6.256,flush_end,0,2686932
-6.239,trivial_move,3,2686931
-6.231,trivial_move,4,2686930
-6.227,flush_begin,0,0
-6.212,flush_end,0,2686930
-6.195,trivial_move,3,2686930
-6.187,trivial_move,4,2686930
-6.183,flush_begin,0,0
-6.168,flush_end,0,2686931
-6.152,trivial_move,3,2686932
-6.144,trivial_move,4,2686931
-6.140,flush_begin,0,0
-6.125,flush_end,0,2686931
-6.109,trivial_move,3,2686930
-6.101,trivial_move,4,2686931
-6.098,flush_begin,0,0
-6.084,flush_end,0,2686931
-6.067,trivial_move,3,2686932
-6.059,trivial_move,4,2686931
-6.056,flush_begin,0,0
-6.042,flush_end,0,2686931
-6.026,trivial_move,3,2686930
-6.018,trivial_move,4,2686931
-6.015,flush_begin,0,0
-6.000,flush_end,0,2686931
-5.984,trivial_move,3,2686931
-5.976,trivial_move,4,2686930
-5.972,flush_begin,0,0
-5.958,flush_end,0,2686930
-5.941,trivial_move,3,2686931
-5.933,trivial_move,4,2686932
-5.929,flush_begin,0,0
-5.915,flush_end,0,2686932
-5.899,trivial_move,3,2686931
-5.891,trivial_move,4,2686930
-5.888,flush_begin,0,0
-5.875,flush_end,0,2686930
-5.859,trivial_move,3,2686931
-5.851,trivial_move,4,2686932
-5.846,flush_begin,0,0
-5.833,flush_end,0,2686931
-5.817,trivial_move,3,2686930
-5.809,trivial_move,4,2686930
-5.806,flush_begin,0,0
-5.791,flush_end,0,2686931
-5.774,trivial_move,3,2686930
-5.766,trivial_move,4,2686932
-5.763,flush_begin,0,0
-5.749,flush_end,0,2686930
-5.732,trivial_move,3,2686931
-5.724,trivial_move,4,2686931
-5.720,flush_begin,0,0
-5.705,flush_end,0,2686932
-5.688,trivial_move,3,2686933
-5.680,trivial_move,4,2686930
-5.676,flush_begin,0,0
-5.662,flush_end,0,2686930
-5.645,trivial_move,3,2686931
-5.637,trivial_move,4,2686932
-5.633,flush_begin,0,0
-5.619,flush_end,0,2686932
-5.602,trivial_move,3,2686931
-5.594,trivial_move,4,2686930
-5.590,flush_begin,0,0
-5.576,flush_end,0,2686930
-5.559,trivial_move,3,2686930
-5.551,trivial_move,4,2686931
-5.547,flush_begin,0,0
-5.532,flush_end,0,2686932
-5.515,trivial_move,3,2686932
-5.507,trivial_move,4,2686931
-5.503,flush_begin,0,0
-5.488,flush_end,0,2686931
-5.471,trivial_move,3,2686930
-5.463,trivial_move,4,2686931
-5.459,flush_begin,0,0
-5.445,flush_end,0,2686931
-5.429,trivial_move,3,2686932
-5.421,trivial_move,4,2686931
-5.417,flush_begin,0,0
-5.400,flush_end,0,2686931
-5.383,trivial_move,3,2686930
-5.375,trivial_move,4,2686931
-5.369,flush_begin,0,0
-5.355,flush_end,0,2686930
-5.338,trivial_move,3,2686931
-5.330,trivial_move,4,2686930
-5.325,flush_begin,0,0
-5.310,flush_end,0,2686930
-5.293,trivial_move,3,2686931
-5.285,trivial_move,4,2686932
-5.281,flush_begin,0,0
-5.265,flush_end,0,2686931
-5.249,trivial_move,3,2686930
-5.241,trivial_move,4,2686930
-5.236,flush_begin,0,0
-5.221,flush_end,0,2686931
-5.204,trivial_move,3,2686932
-5.196,trivial_move,4,2686932
-5.193,flush_begin,0,0
-5.178,flush_end,0,2686931
-5.161,trivial_move,3,2686930
-5.153,trivial_move,4,2686930
-5.149,flush_begin,0,0
-5.134,flush_end,0,2686931
-5.117,trivial_move,3,2686931
-5.109,trivial_move,4,2686930
-5.105,flush_begin,0,0
-5.088,flush_end,0,2686930
-5.072,trivial_move,3,2686931
-5.064,trivial_move,4,2686932
-5.060,flush_begin,0,0
-5.045,flush_end,0,2686932
-5.028,trivial_move,3,2686931
-5.020,trivial_move,4,2686930
-5.015,flush_begin,0,0
-5.000,flush_end,0,2686930
-4.984,trivial_move,3,2686931
-4.976,trivial_move,4,2686932
-4.970,flush_begin,0,0
-4.955,flush_end,0,2686932
-4.938,trivial_move,3,2686931
-4.930,trivial_move,4,2686930
-4.927,flush_begin,0,0
-4.912,flush_end,0,2686930
-4.895,trivial_move,3,2686930
-4.887,trivial_move,4,2686931
-4.884,flush_begin,0,0
-4.869,flush_end,0,2686931
-4.853,trivial_move,3,2686932
-4.845,trivial_move,4,2686931
-4.841,flush_begin,0,0
-4.827,flush_end,0,2686931
-4.810,trivial_move,3,2686930
-4.802,trivial_move,4,2686932
-4.799,flush_begin,0,0
-4.782,flush_end,0,2686930
-4.766,trivial_move,3,2686933
-4.758,trivial_move,4,2686931
-4.754,flush_begin,0,0
-4.741,flush_end,0,2686932
-4.723,trivial_move,3,2686930
-4.715,trivial_move,4,2686931
-4.711,flush_begin,0,0
-4.698,flush_end,0,2686930
-4.681,trivial_move,3,2686930
-4.673,trivial_move,4,2686930
-4.669,flush_begin,0,0
-4.657,flush_end,0,2686931
-4.641,trivial_move,3,2686932
-4.633,trivial_move,4,2686932
-4.630,flush_begin,0,0
-4.617,flush_end,0,2686931
-4.600,trivial_move,3,2686930
-4.592,trivial_move,4,2686930
-4.589,flush_begin,0,0
-4.576,flush_end,0,2686932
-4.559,trivial_move,3,2686932
-4.551,trivial_move,4,2686931
-4.548,flush_begin,0,0
-4.535,flush_end,0,2686931
-4.518,trivial_move,3,2686930
-4.510,trivial_move,4,2686931
-4.506,flush_begin,0,0
-4.492,flush_end,0,2686931
-4.475,trivial_move,3,2686931
-4.467,trivial_move,4,2686930
-4.463,flush_begin,0,0
-4.449,flush_end,0,2686930
-4.432,trivial_move,3,2686931
-4.424,trivial_move,4,2686932
-4.421,flush_begin,0,0
-4.407,flush_end,0,2686932
-4.390,trivial_move,3,2686931
-4.382,trivial_move,4,2686930
-4.378,flush_begin,0,0
-4.364,flush_end,0,2686930
-4.346,trivial_move,3,2686931
-4.338,trivial_move,4,2686932
-4.335,flush_begin,0,0
-4.321,flush_end,0,2686932
-4.304,trivial_move,3,2686931
-4.296,trivial_move,4,2686930
-4.293,flush_begin,0,0
-4.280,flush_end,0,2686930
-4.264,trivial_move,3,2686930
-4.257,trivial_move,4,2686931
-4.254,flush_begin,0,0
-4.242,flush_end,0,2686930
-4.225,trivial_move,3,2686932
-4.217,trivial_move,4,2686931
-4.215,flush_begin,0,0
-4.201,flush_end,0,2686932
-4.184,trivial_move,3,2686930
-4.176,trivial_move,4,2686931
-4.173,flush_begin,0,0
-4.160,flush_end,0,2686930
-4.143,trivial_move,3,2686931
-4.135,trivial_move,4,2686931
-4.132,flush_begin,0,0
-4.119,flush_end,0,2686932
-4.102,trivial_move,3,2686931
-4.094,trivial_move,4,2686930
-4.091,flush_begin,0,0
-4.078,flush_end,0,2686930
-4.061,trivial_move,3,2686930
-4.053,trivial_move,4,2686930
-4.050,flush_begin,0,0
-4.037,flush_end,0,2686931
-4.020,trivial_move,3,2686932
-4.012,trivial_move,4,2686931
-4.009,flush_begin,0,0
-3.995,flush_end,0,2686931
-3.978,trivial_move,3,2686930
-3.970,trivial_move,4,2686931
-3.966,flush_begin,0,0
-3.953,flush_end,0,2686931
-3.936,trivial_move,3,2686932
-3.928,trivial_move,4,2686931
-3.925,flush_begin,0,0
-3.911,flush_end,0,2686931
-3.894,trivial_move,3,2686930
-3.886,trivial_move,4,2686932
-3.883,flush_begin,0,0
-3.871,flush_end,0,2686931
-3.858,trivial_move,3,2686932
-3.850,trivial_move,4,2686930
-3.847,flush_begin,0,0
-3.837,flush_end,0,2686930
-3.821,trivial_move,3,2686931
-3.813,trivial_move,4,2686932
-3.812,flush_begin,0,0
-3.802,flush_end,0,2686932
-3.786,trivial_move,3,2686931
-3.778,trivial_move,4,2686930
-3.777,flush_begin,0,0
-3.766,flush_end,0,2686930
-3.750,trivial_move,3,2686931
-3.742,trivial_move,4,2686932
-3.740,flush_begin,0,0
-3.728,flush_end,0,2686931
-3.712,trivial_move,3,2686930
-3.704,trivial_move,4,2686930
-3.702,flush_begin,0,0
-3.690,flush_end,0,2686932
-3.674,trivial_move,3,2686930
-3.666,trivial_move,4,2686931
-3.664,flush_begin,0,0
-3.650,flush_end,0,2686930
-3.634,trivial_move,3,2686931
-3.626,trivial_move,4,2686931
-3.623,flush_begin,0,0
-3.610,flush_end,0,2686932
-3.593,trivial_move,3,2686931
-3.585,trivial_move,4,2686930
-3.582,flush_begin,0,0
-3.569,flush_end,0,2686930
-3.552,trivial_move,3,2686931
-3.544,trivial_move,4,2686932
-3.541,flush_begin,0,0
-3.528,flush_end,0,2686932
-3.511,trivial_move,3,2686931
-3.503,trivial_move,4,2686930
-3.500,flush_begin,0,0
-3.486,flush_end,0,2686930
-3.469,trivial_move,3,2686930
-3.461,trivial_move,4,2686931
-3.456,flush_begin,0,0
-3.442,flush_end,0,2686931
-3.426,trivial_move,3,2686932
-3.418,trivial_move,4,2686931
-3.415,flush_begin,0,0
-3.401,flush_end,0,2686931
-3.384,trivial_move,3,2686930
-3.376,trivial_move,4,2686931
-3.373,flush_begin,0,0
-3.357,flush_end,0,2686931
-3.341,trivial_move,3,2686932
-3.333,trivial_move,4,2686931
-3.329,flush_begin,0,0
-3.315,flush_end,0,2686931
-3.298,trivial_move,3,2686930
-3.290,trivial_move,4,2686931
-3.285,flush_begin,0,0
-3.271,flush_end,0,2686930
-3.254,trivial_move,3,2686931
-3.246,trivial_move,4,2686930
-3.242,flush_begin,0,0
-3.228,flush_end,0,2686930
-3.211,trivial_move,3,2686931
-3.203,trivial_move,4,2686932
-3.199,flush_begin,0,0
-3.185,flush_end,0,2686931
-3.168,trivial_move,3,2686930
-3.160,trivial_move,4,2686930
-3.157,flush_begin,0,0
-3.142,flush_end,0,2686931
-3.126,trivial_move,3,2686932
-3.118,trivial_move,4,2686932
-3.115,flush_begin,0,0
-3.102,flush_end,0,2686931
-3.086,trivial_move,3,2686930
-3.078,trivial_move,4,2686930
-3.075,flush_begin,0,0
-3.059,flush_end,0,2686931
-3.042,trivial_move,3,2686931
-3.034,trivial_move,4,2686930
-3.033,flush_begin,0,0
-3.020,flush_end,0,2686930
-3.004,trivial_move,3,2686931
-2.996,trivial_move,4,2686933
-2.991,flush_begin,0,0
-2.976,flush_end,0,2686932
-2.960,trivial_move,3,2686932
-2.952,trivial_move,4,2686930
-2.949,flush_begin,0,0
-2.933,flush_end,0,2686930
-2.917,trivial_move,3,2686931
-2.909,trivial_move,4,2686932
-2.906,flush_begin,0,0
-2.891,flush_end,0,2686932
-2.875,trivial_move,3,2686931
-2.867,trivial_move,4,2686930
-2.865,flush_begin,0,0
-2.850,flush_end,0,2686930
-2.833,trivial_move,3,2686930
-2.825,trivial_move,4,2686931
-2.823,flush_begin,0,0
-2.806,flush_end,0,2686932
-2.790,trivial_move,3,2686932
-2.782,trivial_move,4,2686931
-2.779,flush_begin,0,0
-2.762,flush_end,0,2686931
-2.746,trivial_move,3,2686930
-2.738,trivial_move,4,2686931
-2.734,flush_begin,0,0
-2.718,flush_end,0,2686930
-2.702,trivial_move,3,2686932
-2.694,trivial_move,4,2686931
-2.691,flush_begin,0,0
-2.674,flush_end,0,2686932
-2.657,trivial_move,3,2686930
-2.650,trivial_move,4,2686931
-2.647,flush_begin,0,0
-2.630,flush_end,0,2686930
-2.614,trivial_move,3,2686930
-2.606,trivial_move,4,2686930
-2.605,flush_begin,0,0
-2.588,flush_end,0,2686931
-2.572,trivial_move,3,2686932
-2.564,trivial_move,4,2686932
-2.561,flush_begin,0,0
-2.545,flush_end,0,2686931
-2.528,trivial_move,3,2686930
-2.520,trivial_move,4,2686930
-2.518,flush_begin,0,0
-2.503,flush_end,0,2686931
-2.483,trivial_move,3,2686932
-2.475,trivial_move,4,2686931
-2.473,flush_begin,0,0
-2.456,flush_end,0,2686931
-2.440,trivial_move,3,2686930
-2.432,trivial_move,4,2686931
-2.429,flush_begin,0,0
-2.413,flush_end,0,2686931
-2.397,trivial_move,3,2686931
-2.389,trivial_move,4,2686930
-2.387,flush_begin,0,0
-2.371,flush_end,0,2686930
-2.356,trivial_move,3,2686931
-2.348,trivial_move,4,2686932
-2.345,flush_begin,0,0
-2.329,flush_end,0,2686932
-2.313,trivial_move,3,2686931
-2.305,trivial_move,4,2686930
-2.303,flush_begin,0,0
-2.286,flush_end,0,2686930
-2.270,trivial_move,3,2686931
-2.262,trivial_move,4,2686932
-2.260,flush_begin,0,0
-2.243,flush_end,0,2686932
-2.227,trivial_move,3,2686931
-2.219,trivial_move,4,2686930
-2.216,flush_begin,0,0
-2.199,flush_end,0,2686930
-2.183,trivial_move,3,2686930
-2.175,trivial_move,4,2686931
-2.172,flush_begin,0,0
-2.155,flush_end,0,2686930
-2.139,trivial_move,3,2686932
-2.131,trivial_move,4,2686931
-2.129,flush_begin,0,0
-2.113,flush_end,0,2686932
-2.096,trivial_move,3,2686930
-2.088,trivial_move,4,2686932
-2.086,flush_begin,0,0
-2.069,flush_end,0,2686930
-2.053,trivial_move,3,2686931
-2.045,trivial_move,4,2686931
-2.043,flush_begin,0,0
-2.026,flush_end,0,2686932
-2.010,trivial_move,3,2686932
-2.002,trivial_move,4,2686930
-1.999,flush_begin,0,0
-1.982,flush_end,0,2686930
-1.966,trivial_move,3,2686930
-1.958,trivial_move,4,2686930
-1.955,flush_begin,0,0
-1.937,flush_end,0,2686931
-1.921,trivial_move,3,2686932
-1.913,trivial_move,4,2686931
-1.910,flush_begin,0,0
-1.893,flush_end,0,2686931
-1.877,trivial_move,3,2686930
-1.869,trivial_move,4,2686931
-1.866,flush_begin,0,0
-1.850,flush_end,0,2686932
-1.833,trivial_move,3,2686932
-1.825,trivial_move,4,2686931
-1.823,flush_begin,0,0
-1.806,flush_end,0,2686931
-1.790,trivial_move,3,2686930
-1.782,trivial_move,4,2686931
-1.779,flush_begin,0,0
-1.763,flush_end,0,2686931
-1.748,trivial_move,3,2686931
-1.740,trivial_move,4,2686930
-1.737,flush_begin,0,0
-1.720,flush_end,0,2686930
-1.704,trivial_move,3,2686931
-1.696,trivial_move,4,2686932
-1.693,flush_begin,0,0
-1.677,flush_end,0,2686932
-1.661,trivial_move,3,2686931
-1.653,trivial_move,4,2686930
-1.651,flush_begin,0,0
-1.634,flush_end,0,2686930
-1.618,trivial_move,3,2686931
-1.610,trivial_move,4,2686932
-1.607,flush_begin,0,0
-1.590,flush_end,0,2686931
-1.576,trivial_move,3,2686930
-1.568,trivial_move,4,2686930
-1.564,flush_begin,0,0
-1.548,flush_end,0,2686931
-1.532,trivial_move,3,2686930
-1.524,trivial_move,4,2686931
-1.521,flush_begin,0,0
-1.505,flush_end,0,2686930
-1.490,trivial_move,3,2686931
-1.482,trivial_move,4,2686931
-1.479,flush_begin,0,0
-1.462,flush_end,0,2686932
-1.446,trivial_move,3,2686931
-1.438,trivial_move,4,2686930
-1.435,flush_begin,0,0
-1.418,flush_end,0,2686930
-1.402,trivial_move,3,2686931
-1.394,trivial_move,4,2686932
-1.391,flush_begin,0,0
-1.374,flush_end,0,2686932
-1.359,trivial_move,3,2686931
-1.351,trivial_move,4,2686930
-1.348,flush_begin,0,0
-1.330,flush_end,0,2686930
-1.314,trivial_move,3,2686930
-1.306,trivial_move,4,2686931
-1.303,flush_begin,0,0
-1.286,flush_end,0,2686931
-1.270,trivial_move,3,2686932
-1.262,trivial_move,4,2686931
-1.259,flush_begin,0,0
-1.242,flush_end,0,2686931
-1.226,trivial_move,3,2686930
-1.218,trivial_move,4,2686931
-1.215,flush_begin,0,0
-1.197,flush_end,0,2686931
-1.181,trivial_move,3,2686932
-1.173,trivial_move,4,2686931
-1.169,flush_begin,0,0
-1.152,flush_end,0,2686931
-1.136,trivial_move,3,2686930
-1.128,trivial_move,4,2686932
-1.125,flush_begin,0,0
-1.109,flush_end,0,2686930
-1.089,trivial_move,3,2686932
-1.081,trivial_move,4,2686930
-1.078,flush_begin,0,0
-1.062,flush_end,0,2686930
-1.046,trivial_move,3,2686931
-1.038,trivial_move,4,2686932
-1.035,flush_begin,0,0
-1.018,flush_end,0,2686931
-1.002,trivial_move,3,2686930
-0.994,trivial_move,4,2686930
-0.990,flush_begin,0,0
-0.974,flush_end,0,2686931
-0.958,trivial_move,3,2686932
-0.950,trivial_move,4,2686932
-0.947,flush_begin,0,0
-0.931,flush_end,0,2686931
-0.915,trivial_move,3,2686930
-0.907,trivial_move,4,2686930
-0.904,flush_begin,0,0
-0.888,flush_end,0,2686932
-0.872,trivial_move,3,2686931
-0.864,trivial_move,4,2686930
-0.861,flush_begin,0,0
-0.844,flush_end,0,2686930
-0.828,trivial_move,3,2686931
-0.820,trivial_move,4,2686932
-0.817,flush_begin,0,0
-0.801,flush_end,0,2686932
-0.785,trivial_move,3,2686931
-0.777,trivial_move,4,2686930
-0.775,flush_begin,0,0
-0.758,flush_end,0,2686930
-0.742,trivial_move,3,2686931
-0.734,trivial_move,4,2686932
-0.731,flush_begin,0,0
-0.714,flush_end,0,2686932
-0.698,trivial_move,3,2686931
-0.690,trivial_move,4,2686930
-0.687,flush_begin,0,0
-0.671,flush_end,0,2686930
-0.655,trivial_move,3,2686930
-0.647,trivial_move,4,2686931
-0.644,flush_begin,0,0
-0.626,flush_end,0,2686931
-0.610,trivial_move,3,2686932
-0.602,trivial_move,4,2686931
-0.599,flush_begin,0,0
-0.581,flush_end,0,2686931
-0.565,trivial_move,3,2686930
-0.557,trivial_move,4,2686931
-0.553,flush_begin,0,0
-0.536,flush_end,0,2686930
-0.519,trivial_move,3,2686932
-0.511,trivial_move,4,2686931
-0.509,flush_begin,0,0
-0.492,flush_end,0,2686932
-0.476,trivial_move,3,2686930
-0.468,trivial_move,4,2686931
-0.465,flush_begin,0,0
-0.448,flush_end,0,2686930
-0.432,trivial_move,3,2686930
-0.424,trivial_move,4,2686930
-0.421,flush_begin,0,0
-0.402,flush_end,0,2686931
-0.386,trivial_move,3,2686932
-0.378,trivial_move,4,2686932
-0.375,flush_begin,0,0
-0.359,flush_end,0,2686931
-0.342,trivial_move,3,2686930
-0.334,trivial_move,4,2686930
-0.331,flush_begin,0,0
-0.315,flush_end,0,2686931
-0.299,trivial_move,3,2686932
-0.291,trivial_move,4,2686931
-0.288,flush_begin,0,0
-0.272,flush_end,0,2686931
-0.256,trivial_move,3,2686930
-0.248,trivial_move,4,2686931
-0.245,flush_begin,0,0
-0.230,flush_end,0,2686931
-0.213,trivial_move,3,2686931
-0.205,trivial_move,4,2686930
-0.202,flush_begin,0,0
-0.186,flush_end,0,2686930
-0.170,trivial_move,3,2686931
-0.162,trivial_move,4,2686933
-0.159,flush_begin,0,0
-0.144,flush_end,0,2686932
-0.127,trivial_move,3,2686932
-0.119,trivial_move,4,2686930
-0.116,flush_begin,0,0
-0.099,flush_end,0,2686930
-0.083,trivial_move,3,2686931
-0.075,trivial_move,4,2686932
-0.072,flush_begin,0,0
-0.055,flush_end,0,2686932
-0.039,trivial_move,3,2686931
-0.031,trivial_move,4,2686930
-0.028,flush_begin,0,0
-0.011,flush_end,0,2686930
0.005,trivial_move,3,2686930
0.013,trivial_move,4,2686931
0.016,flush_begin,0,0
0.033,flush_end,0,2686930
0.049,trivial_move,3,2686932
0.057,trivial_move,4,2686931
0.060,flush_begin,0,0
0.077,flush_end,0,2686933
0.093,trivial_move,3,2686930
0.101,trivial_move,4,2686931
0.105,flush_begin,0,0
0.122,flush_end,0,2686930
0.137,trivial_move,3,2686931
0.145,trivial_move,4,2686931
0.148,flush_begin,0,0
0.163,flush_end,0,2686932
0.179,trivial_move,3,2686931
0.187,trivial_move,4,2686930
0.191,flush_begin,0,0
0.209,flush_end,0,2686930
0.226,trivial_move,3,2686930
0.234,trivial_move,4,2686930
0.239,flush_begin,0,0
0.255,flush_end,0,2686931
0.271,trivial_move,3,2686932
0.279,trivial_move,4,2686931
0.281,flush_begin,0,0
0.298,flush_end,0,2686931
0.314,trivial_move,3,2686930
0.322,trivial_move,4,2686931
0.325,flush_begin,0,0
0.341,flush_end,0,2686931
0.357,trivial_move,3,2686932
0.365,trivial_move,4,2686931
0.368,flush_begin,0,0
0.385,flush_end,0,2686931
0.401,trivial_move,3,2686930
0.409,trivial_move,4,2686931
0.412,flush_begin,0,0
0.430,flush_end,0,2686931
0.446,trivial_move,3,2686931
0.454,trivial_move,4,2686930
0.458,flush_begin,0,0
0.474,flush_end,0,2686930
0.490,trivial_move,3,2686931
0.498,trivial_move,4,2686932
0.502,flush_begin,0,0
0.521,flush_end,0,2686932
0.538,trivial_move,3,2686931
0.546,trivial_move,4,2686930
0.548,flush_begin,0,0
0.566,flush_end,0,2686930
0.581,trivial_move,3,2686931
0.589,trivial_move,4,2686932
0.592,flush_begin,0,0
0.608,flush_end,0,2686931
0.624,trivial_move,3,2686930
0.632,trivial_move,4,2686930
0.635,flush_begin,0,0
0.651,flush_end,0,2686931
0.667,trivial_move,3,2686930
0.675,trivial_move,4,2686931
0.678,flush_begin,0,0
0.693,flush_end,0,2686930
0.709,trivial_move,3,2686931
0.717,trivial_move,4,2686931
0.720,flush_begin,0,0
0.735,flush_end,0,2686932
0.750,trivial_move,3,2686931
0.758,trivial_move,4,2686930
0.760,flush_begin,0,0
0.775,flush_end,0,2686930
0.791,trivial_move,3,2686931
0.799,trivial_move,4,2686933
0.801,flush_begin,0,0
0.817,flush_end,0,2686932
0.833,trivial_move,3,2686932
0.842,trivial_move,4,2686930
0.844,flush_begin,0,0
0.860,flush_end,0,2686930
0.876,trivial_move,3,2686930
0.884,trivial_move,4,2686931
0.886,flush_begin,0,0
0.902,flush_end,0,2686931
0.918,trivial_move,3,2686932
0.926,trivial_move,4,2686931
0.928,flush_begin,0,0
0.944,flush_end,0,2686931
0.960,trivial_move,3,2686930
0.968,trivial_move,4,2686931
0.971,flush_begin,0,0
0.987,flush_end,0,2686932
1.002,trivial_move,3,2686932
1.010,trivial_move,4,2686931
1.013,flush_begin,0,0
1.029,flush_end,0,2686931
1.045,trivial_move,3,2686930
1.053,trivial_move,4,2686931
1.056,flush_begin,0,0
1.073,flush_end,0,2686930
1.089,trivial_move,3,2686931
1.097,trivial_move,4,2686930
1.101,flush_begin,0,0
1.119,flush_end,0,2686930
1.135,trivial_move,3,2686931
1.143,trivial_move,4,2686932
1.146,flush_begin,0,0
1.163,flush_end,0,2686931
1.179,trivial_move,3,2686930
1.187,trivial_move,4,2686930
1.190,flush_begin,0,0
1.208,flush_end,0,2686931
1.224,trivial_move,3,2686932
1.232,trivial_move,4,2686932
1.235,flush_begin,0,0
1.252,flush_end,0,2686931
1.268,trivial_move,3,2686930
1.276,trivial_move,4,2686930
1.280,flush_begin,0,0
1.298,flush_end,0,2686931
1.314,trivial_move,3,2686931
1.322,trivial_move,4,2686930
1.325,flush_begin,0,0
1.342,flush_end,0,2686930
1.358,trivial_move,3,2686931
1.366,trivial_move,4,2686932
1.369,flush_begin,0,0
1.384,flush_end,0,2686932
1.401,trivial_move,3,2686931
1.409,trivial_move,4,2686930
1.412,flush_begin,0,0
1.430,flush_end,0,2686930
1.446,trivial_move,3,2686931
1.454,trivial_move,4,2686932
1.457,flush_begin,0,0
1.474,flush_end,0,2686932
1.490,trivial_move,3,2686931
1.498,trivial_move,4,2686930
1.501,flush_begin,0,0
1.519,flush_end,0,2686930
1.535,trivial_move,3,2686930
1.543,trivial_move,4,2686931
1.547,flush_begin,0,0
1.564,flush_end,0,2686931
1.580,trivial_move,3,2686932
1.588,trivial_move,4,2686931
1.591,flush_begin,0,0
1.608,flush_end,0,2686931
1.624,trivial_move,3,2686930
1.632,trivial_move,4,2686931
1.635,flush_begin,0,0
1.653,flush_end,0,2686930
1.669,trivial_move,3,2686932
1.677,trivial_move,4,2686931
1.679,flush_begin,0,0
1.696,flush_end,0,2686932
1.712,trivial_move,3,2686930
1.720,trivial_move,4,2686933
1.722,flush_begin,0,0
1.739,flush_end,0,2686930
1.755,trivial_move,3,2686930
1.763,trivial_move,4,2686930
1.766,flush_begin,0,0
1.783,flush_end,0,2686931
1.799,trivial_move,3,2686933
1.807,trivial_move,4,2686932
1.809,flush_begin,0,0
1.826,flush_end,0,2686931
1.843,trivial_move,3,2686930
1.851,trivial_move,4,2686930
1.854,flush_begin,0,0
1.872,flush_end,0,2686931
1.888,trivial_move,3,2686932
1.896,trivial_move,4,2686931
1.899,flush_begin,0,0
1.917,flush_end,0,2686931
1.933,trivial_move,3,2686930
1.941,trivial_move,4,2686931
1.944,flush_begin,0,0
1.961,flush_end,0,2686933
1.977,trivial_move,3,2686931
1.986,trivial_move,4,2686930
1.989,flush_begin,0,0
2.006,flush_end,0,2686930
2.022,trivial_move,3,2686931
2.030,trivial_move,4,2686932
2.032,flush_begin,0,0
2.050,flush_end,0,2686932
2.066,trivial_move,3,2686931
2.074,trivial_move,4,2686930
2.077,flush_begin,0,0
2.094,flush_end,0,2686930
2.110,trivial_move,3,2686931
2.118,trivial_move,4,2686932
2.121,flush_begin,0,0
2.138,flush_end,0,2686932
2.154,trivial_move,3,2686931
2.162,trivial_move,4,2686930
2.164,flush_begin,0,0
2.181,flush_end,0,2686930
2.197,trivial_move,3,2686930
2.205,trivial_move,4,2686931
2.208,flush_begin,0,0
2.226,flush_end,0,2686930
2.242,trivial_move,3,2686932
2.250,trivial_move,4,2686931
2.253,flush_begin,0,0
2.270,flush_end,0,2686932
2.285,trivial_move,3,2686930
2.293,trivial_move,4,2686931
2.295,flush_begin,0,0
2.311,flush_end,0,2686930
2.327,trivial_move,3,2686931
2.335,trivial_move,4,2686931
2.338,flush_begin,0,0
2.353,flush_end,0,2686932
2.369,trivial_move,3,2686931
2.377,trivial_move,4,2686930
2.379,flush_begin,0,0
2.394,flush_end,0,2686930
2.409,trivial_move,3,2686930
2.417,trivial_move,4,2686930
2.420,flush_begin,0,0
2.435,flush_end,0,2686931
2.451,trivial_move,3,2686932
2.459,trivial_move,4,2686931
2.460,flush_begin,0,0
2.476,flush_end,0,2686931
2.492,trivial_move,3,2686930
2.500,trivial_move,4,2686931
2.502,flush_begin,0,0
2.518,flush_end,0,2686931
2.534,trivial_move,3,2686932
2.543,trivial_move,4,2686931
2.544,flush_begin,0,0
2.561,flush_end,0,2686931
2.577,trivial_move,3,2686930
2.584,trivial_move,4,2686931
2.587,flush_begin,0,0
2.604,flush_end,0,2686931
2.620,trivial_move,3,2686931
2.628,trivial_move,4,2686930
2.631,flush_begin,0,0
2.648,flush_end,0,2686930
2.664,trivial_move,3,2686931
2.672,trivial_move,4,2686933
2.675,flush_begin,0,0
2.692,flush_end,0,2686932
2.708,trivial_move,3,2686932
2.716,trivial_move,4,2686930
2.719,flush_begin,0,0
2.735,flush_end,0,2686930
2.751,trivial_move,3,2686931
2.759,trivial_move,4,2686932
2.762,flush_begin,0,0
2.778,flush_end,0,2686931
2.794,trivial_move,3,2686930
2.802,trivial_move,4,2686930
2.805,flush_begin,0,0
2.822,flush_end,0,2686931
2.838,trivial_move,3,2686930
2.847,trivial_move,4,2686931
2.851,flush_begin,0,0
2.868,flush_end,0,2686930
2.884,trivial_move,3,2686931
2.892,trivial_move,4,2686931
2.895,flush_begin,0,0
2.912,flush_end,0,2686933
2.928,trivial_move,3,2686931
2.936,trivial_move,4,2686930
2.938,flush_begin,0,0
2.956,flush_end,0,2686930
2.972,trivial_move,3,2686931
2.980,trivial_move,4,2686932
2.983,flush_begin,0,0
2.999,flush_end,0,2686932
3.015,trivial_move,3,2686931
3.023,trivial_move,4,2686930
3.026,flush_begin,0,0
3.044,flush_end,0,2686930
3.060,trivial_move,3,2686930
3.068,trivial_move,4,2686931
3.072,flush_begin,0,0
3.089,flush_end,0,2686931
3.105,trivial_move,3,2686932
3.113,trivial_move,4,2686931
3.116,flush_begin,0,0
3.132,flush_end,0,2686931
3.148,trivial_move,3,2686930
3.156,trivial_move,4,2686931
3.160,flush_begin,0,0
3.177,flush_end,0,2686931
3.193,trivial_move,3,2686932
3.201,trivial_move,4,2686931
3.203,flush_begin,0,0
3.220,flush_end,0,2686931
3.236,trivial_move,3,2686930
3.244,trivial_move,4,2686931
3.247,flush_begin,0,0
3.266,flush_end,0,2686930
3.282,trivial_move,3,2686931
3.290,trivial_move,4,2686930
3.293,flush_begin,0,0
3.309,flush_end,0,2686930
3.325,trivial_move,3,2686931
3.333,trivial_move,4,2686932
3.336,flush_begin,0,0
3.353,flush_end,0,2686931
3.370,trivial_move,3,2686930
3.378,trivial_move,4,2686930
3.381,flush_begin,0,0
3.398,flush_end,0,2686931
3.414,trivial_move,3,2686932
3.422,trivial_move,4,2686932
3.424,flush_begin,0,0
3.441,flush_end,0,2686931
3.457,trivial_move,3,2686930
3.465,trivial_move,4,2686930
3.468,flush_begin,0,0
3.485,flush_end,0,2686931
3.501,trivial_move,3,2686931
3.509,trivial_move,4,2686930
3.511,flush_begin,0,0
3.535,flush_end,0,2686930
3.552,trivial_move,3,2686931
3.559,trivial_move,4,2686932
3.562,flush_begin,0,0
3.580,flush_end,0,2686932
3.596,trivial_move,3,2686931
3.604,trivial_move,4,2686930
3.607,flush_begin,0,0
3.624,flush_end,0,2686930
3.640,trivial_move,3,2686931
3.648,trivial_move,4,2686933
3.651,flush_begin,0,0
3.669,flush_end,0,2686932
3.685,trivial_move,3,2686933
3.693,trivial_move,4,2686930
3.695,flush_begin,0,0
3.714,flush_end,0,2686930
3.730,trivial_move,3,2686930
3.738,trivial_move,4,2686931
3.742,flush_begin,0,0
3.759,flush_end,0,2686931
3.776,trivial_move,3,2686932
3.784,trivial_move,4,2686931
3.787,flush_begin,0,0
3.804,flush_end,0,2686931
3.821,trivial_move,3,2686930
3.829,trivial_move,4,2686931
3.831,flush_begin,0,0
3.849,flush_end,0,2686930
3.866,trivial_move,3,2686932
3.874,trivial_move,4,2686931
3.876,flush_begin,0,0
3.894,flush_end,0,2686933
3.911,trivial_move,3,2686930
3.919,trivial_move,4,2686931
3.922,flush_begin,0,0
3.938,flush_end,0,2686930
3.955,trivial_move,3,2686930
3.963,trivial_move,4,2686930
3.964,flush_begin,0,0
3.976,flush_end,0,2686931
3.993,trivial_move,3,2686932
4.002,trivial_move,4,2686932
4.002,flush_begin,0,0
4.014,flush_end,0,2686931
4.031,trivial_move,3,2686930
4.040,trivial_move,4,2686930
4.040,flush_begin,0,0
4.052,flush_end,0,2686931
4.069,trivial_move,3,2686932
4.077,trivial_move,4,2686931
4.078,flush_begin,0,0
4.092,flush_end,0,2686931
4.108,trivial_move,3,2686930
4.116,trivial_move,4,2686931
4.118,flush_begin,0,0
4.131,flush_end,0,2686931
4.146,trivial_move,3,2686931
4.154,trivial_move,4,2686930
4.156,flush_begin,0,0
4.169,flush_end,0,2686930
4.186,trivial_move,3,2686931
4.194,trivial_move,4,2686932
4.195,flush_begin,0,0
4.210,flush_end,0,2686932
4.225,trivial_move,3,2686931
4.233,trivial_move,4,2686930
4.235,flush_begin,0,0
4.250,flush_end,0,2686930
4.266,trivial_move,3,2686931
4.274,trivial_move,4,2686932
4.276,flush_begin,0,0
4.291,flush_end,0,2686932
4.307,trivial_move,3,2686931
4.315,trivial_move,4,2686930
4.318,flush_begin,0,0
4.333,flush_end,0,2686930
4.349,trivial_move,3,2686930
4.357,trivial_move,4,2686931
4.358,flush_begin,0,0
4.374,flush_end,0,2686930
4.390,trivial_move,3,2686932
4.398,trivial_move,4,2686931
4.401,flush_begin,0,0
4.417,flush_end,0,2686932
4.433,trivial_move,3,2686930
4.441,trivial_move,4,2686931
4.444,flush_begin,0,0
4.460,flush_end,0,2686930
4.476,trivial_move,3,2686931
4.485,trivial_move,4,2686931
4.487,flush_begin,0,0
4.503,flush_end,0,2686932
4.519,trivial_move,3,2686931
4.527,trivial_move,4,2686930
4.530,flush_begin,0,0
4.547,flush_end,0,2686930
4.563,trivial_move,3,2686930
4.571,trivial_move,4,2686930
4.574,flush_begin,0,0
4.591,flush_end,0,2686931
4.608,trivial_move,3,2686933
4.616,trivial_move,4,2686931
4.619,flush_begin,0,0
4.636,flush_end,0,2686931
4.652,trivial_move,3,2686930
4.660,trivial_move,4,2686931
4.664,flush_begin,0,0
4.680,flush_end,0,2686931
4.697,trivial_move,3,2686932
4.705,trivial_move,4,2686931
4.707,flush_begin,0,0
4.723,flush_end,0,2686931
4.739,trivial_move,3,2686930
4.747,trivial_move,4,2686931
4.749,flush_begin,0,0
4.765,flush_end,0,2686932
4.781,trivial_move,3,2686931
4.789,trivial_move,4,2686930
4.792,flush_begin,0,0
4.809,flush_end,0,2686930
4.825,trivial_move,3,2686931
4.833,trivial_move,4,2686932
4.836,flush_begin,0,0
4.852,flush_end,0,2686932
4.868,trivial_move,3,2686931
4.876,trivial_move,4,2686930
4.879,flush_begin,0,0
4.896,flush_end,0,2686930
4.912,trivial_move,3,2686931
4.920,trivial_move,4,2686932
4.923,flush_begin,0,0
4.939,flush_end,0,2686931
4.955,trivial_move,3,2686930
4.963,trivial_move,4,2686930
4.965,flush_begin,0,0
4.982,flush_end,0,2686931
4.997,trivial_move,3,2686930
5.005,trivial_move,4,2686931
5.008,flush_begin,0,0
5.026,flush_end,0,2686930
5.042,trivial_move,3,2686931
5.050,trivial_move,4,2686931
5.052,flush_begin,0,0
5.069,flush_end,0,2686932
5.085,trivial_move,3,2686931
5.093,trivial_move,4,2686930
5.095,flush_begin,0,0
5.112,flush_end,0,2686930
5.128,trivial_move,3,2686931
5.136,trivial_move,4,2686932
5.140,flush_begin,0,0
5.158,flush_end,0,2686932
5.175,trivial_move,3,2686931
5.183,trivial_move,4,2686930
5.185,flush_begin,0,0
5.204,flush_end,0,2686930
5.221,trivial_move,3,2686930
5.229,trivial_move,4,2686931
5.232,flush_begin,0,0
5.248,flush_end,0,2686931
5.264,trivial_move,3,2686932
5.272,trivial_move,4,2686931
5.274,flush_begin,0,0
5.290,flush_end,0,2686931
5.306,trivial_move,3,2686930
5.314,trivial_move,4,2686931
5.317,flush_begin,0,0
5.334,flush_end,0,2686931
5.350,trivial_move,3,2686932
5.358,trivial_move,4,2686931
5.359,flush_begin,0,0
5.376,flush_end,0,2686931
5.392,trivial_move,3,2686930
5.400,trivial_move,4,2686931
5.403,flush_begin,0,0
5.419,flush_end,0,2686930
5.435,trivial_move,3,2686931
5.443,trivial_move,4,2686930
5.445,flush_begin,0,0
5.461,flush_end,0,2686930
5.477,trivial_move,3,2686931
5.485,trivial_move,4,2686933
5.488,flush_begin,0,0
5.505,flush_end,0,2686931
5.521,trivial_move,3,2686930
5.529,trivial_move,4,2686930
5.532,flush_begin,0,0
5.548,flush_end,0,2686931
5.564,trivial_move,3,2686933
5.572,trivial_move,4,2686932
5.575,flush_begin,0,0
5.592,flush_end,0,2686931
5.608,trivial_move,3,2686930
5.616,trivial_move,4,2686930
5.619,flush_begin,0,0
5.635,flush_end,0,2686931
5.651,trivial_move,3,2686931
5.659,trivial_move,4,2686930
5.662,flush_begin,0,0
5.680,flush_end,0,2686930
5.696,trivial_move,3,2686931
5.704,trivial_move,4,2686932
5.706,flush_begin,0,0
5.723,flush_end,0,2686933
5.739,trivial_move,3,2686931
5.747,trivial_move,4,2686930
5.750,flush_begin,0,0
5.766,flush_end,0,2686930
5.782,trivial_move,3,2686931
5.790,trivial_move,4,2686932
5.792,flush_begin,0,0
5.809,flush_end,0,2686932
5.825,trivial_move,3,2686931
5.833,trivial_move,4,2686930
5.835,flush_begin,0,0
5.851,flush_end,0,2686930
5.867,trivial_move,3,2686930
5.875,trivial_move,4,2686931
5.878,flush_begin,0,0
5.894,flush_end,0,2686931
5.910,trivial_move,3,2686932
5.918,trivial_move,4,2686931
5.921,flush_begin,0,0
5.938,flush_end,0,2686931
5.954,trivial_move,3,2686930
5.962,trivial_move,4,2686931
5.965,flush_begin,0,0
5.982,flush_end,0,2686930
5.998,trivial_move,3,2686932
6.006,trivial_move,4,2686931
6.010,flush_begin,0,0
6.028,flush_end,0,2686932
6.045,trivial_move,3,2686930
6.053,trivial_move,4,2686931
6.057,flush_begin,0,0
6.073,flush_end,0,2686930
6.090,trivial_move,3,2686930
6.098,trivial_move,4,2686930
6.101,flush_begin,0,0
6.120,flush_end,0,2686931
6.137,trivial_move,3,2686932
6.145,trivial_move,4,2686932
6.147,flush_begin,0,0
6.164,flush_end,0,2686931
6.181,trivial_move,3,2686930
6.189,trivial_move,4,2686930
6.192,flush_begin,0,0
6.209,flush_end,0,2686931
6.226,trivial_move,3,2686932
6.234,trivial_move,4,2686931
6.235,flush_begin,0,0
6.253,flush_end,0,2686931
6.270,trivial_move,3,2686930
6.278,trivial_move,4,2686931
6.280,flush_begin,0,0
6.298,flush_end,0,2686931
6.315,trivial_move,3,2686931
6.323,trivial_move,4,2686930
6.325,flush_begin,0,0
6.343,flush_end,0,2686930
6.360,trivial_move,3,2686931
6.368,trivial_move,4,2686932
6.369,flush_begin,0,0
6.387,flush_end,0,2686932
6.404,trivial_move,3,2686931
6.412,trivial_move,4,2686930
6.414,flush_begin,0,0
6.434,flush_end,0,2686930
6.451,trivial_move,3,2686931
6.459,trivial_move,4,2686933
6.460,flush_begin,0,0
6.479,flush_end,0,2686932
6.496,trivial_move,3,2686932
6.504,trivial_move,4,2686930
6.507,flush_begin,0,0
6.526,flush_end,0,2686930
6.543,trivial_move,3,2686930
6.551,trivial_move,4,2686931
6.553,flush_begin,0,0
6.571,flush_end,0,2686930
6.588,trivial_move,3,2686932
6.596,trivial_move,4,2686931
6.598,flush_begin,0,0
6.615,flush_end,0,2686932
6.632,trivial_move,3,2686930
6.640,trivial_move,4,2686931
6.644,flush_begin,0,0
6.662,flush_end,0,2686930
6.678,trivial_move,3,2686931
6.686,trivial_move,4,2686931
6.689,flush_begin,0,0
6.707,flush_end,0,2686933
6.724,trivial_move,3,2686931
6.732,trivial_move,4,2686930
6.734,flush_begin,0,0
6.752,flush_end,0,2686930
6.769,trivial_move,3,2686930
6.777,trivial_move,4,2686930
6.779,flush_begin,0,0
6.797,flush_end,0,2686931
6.814,trivial_move,3,2686932
6.822,trivial_move,4,2686931
6.824,flush_begin,0,0
6.841,flush_end,0,2686931
6.857,trivial_move,3,2686930
6.865,trivial_move,4,2686931
6.868,flush_begin,0,0
6.884,flush_end,0,2686931
6.900,trivial_move,3,2686932
6.908,trivial_move,4,2686931
6.911,flush_begin,0,0
6.927,flush_end,0,2686931
6.943,trivial_move,3,2686930
6.951,trivial_move,4,2686931
6.954,flush_begin,0,0
6.970,flush_end,0,2686931
6.986,trivial_move,3,2686931
6.994,trivial_move,4,2686930
6.997,flush_begin,0,0
7.014,flush_end,0,2686930
7.030,trivial_move,3,2686931
7.038,trivial_move,4,2686932
7.041,flush_begin,0,0
7.059,flush_end,0,2686932
7.075,trivial_move,3,2686931
7.083,trivial_move,4,2686930
7.086,flush_begin,0,0
7.102,flush_end,0,2686930
7.118,trivial_move,3,2686931
7.126,trivial_move,4,2686932
7.129,flush_begin,0,0
7.144,flush_end,0,2686931
7.162,trivial_move,3,2686930
7.170,trivial_move,4,2686930
7.173,flush_begin,0,0
7.191,flush_end,0,2686931
7.207,trivial_move,3,2686930
7.215,trivial_move,4,2686931
7.217,flush_begin,0,0
7.234,flush_end,0,2686930
7.250,trivial_move,3,2686931
7.258,trivial_move,4,2686931
7.261,flush_begin,0,0
7.277,flush_end,0,2686932
7.293,trivial_move,3,2686931
7.301,trivial_move,4,2686930
7.303,flush_begin,0,0
7.320,flush_end,0,2686930
7.336,trivial_move,3,2686931
7.344,trivial_move,4,2686932
7.347,flush_begin,0,0
7.364,flush_end,0,2686932
7.380,trivial_move,3,2686931
7.388,trivial_move,4,2686930
7.390,flush_begin,0,0
7.407,flush_end,0,2686930
7.423,trivial_move,3,2686930
7.431,trivial_move,4,2686932
7.434,flush_begin,0,0
7.451,flush_end,0,2686931
7.467,trivial_move,3,2686933
7.475,trivial_move,4,2686931
7.478,flush_begin,0,0
7.494,flush_end,0,2686931
7.510,trivial_move,3,2686930
7.518,trivial_move,4,2686931
7.521,flush_begin,0,0
7.538,flush_end,0,2686931
7.554,trivial_move,3,2686932
7.562,trivial_move,4,2686931
7.564,flush_begin,0,0
7.581,flush_end,0,2686931
7.596,trivial_move,3,2686930
7.604,trivial_move,4,2686931
7.607,flush_begin,0,0
7.624,flush_end,0,2686930
7.640,trivial_move,3,2686931
7.648,trivial_move,4,2686930
7.651,flush_begin,0,0
7.669,flush_end,0,2686930
7.685,trivial_move,3,2686931
7.693,trivial_move,4,2686932
7.696,flush_begin,0,0
7.712,flush_end,0,2686931
7.728,trivial_move,3,2686930
7.736,trivial_move,4,2686930
7.738,flush_begin,0,0
7.756,flush_end,0,2686931
7.772,trivial_move,3,2686932
7.780,trivial_move,4,2686932
7.783,flush_begin,0,0
7.801,flush_end,0,2686931
7.817,trivial_move,3,2686930
7.825,trivial_move,4,2686930
7.828,flush_begin,0,0
7.844,flush_end,0,2686931
7.861,trivial_move,3,2686931
7.869,trivial_move,4,2686930
7.872,flush_begin,0,0
7.889,flush_end,0,2686930
7.906,trivial_move,3,2686931
7.914,trivial_move,4,2686932
7.916,flush_begin,0,0
7.933,flush_end,0,2686932
7.950,trivial_move,3,2686931
7.958,trivial_move,4,2686930
7.959,flush_begin,0,0
7.977,flush_end,0,2686930
7.993,trivial_move,3,2686931
8.001,trivial_move,4,2686932
8.004,flush_begin,0,0
8.021,flush_end,0,2686932
8.037,trivial_move,3,2686931
8.045,trivial_move,4,2686930
8.048,flush_begin,0,0
8.066,flush_end,0,2686930
8.083,trivial_move,3,2686930
8.091,trivial_move,4,2686931
8.095,flush_begin,0,0
8.111,flush_end,0,2686931
8.127,trivial_move,3,2686932
8.135,trivial_move,4,2686931
8.139,flush_begin,0,0
8.156,flush_end,0,2686931
8.172,trivial_move,3,2686930
8.180,trivial_move,4,2686931
8.183,flush_begin,0,0
8.201,flush_end,0,2686930
8.217,trivial_move,3,2686932
8.225,trivial_move,4,2686931
8.228,flush_begin,0,0
8.245,flush_end,0,2686932
8.262,trivial_move,3,2686930
8.270,trivial_move,4,2686931
8.273,flush_begin,0,0
8.292,flush_end,0,2686930
8.308,trivial_move,3,2686930
8.316,trivial_move,4,2686930
8.319,flush_begin,0,0
8.336,flush_end,0,2686931
8.352,trivial_move,3,2686932
8.360,trivial_move,4,2686933
8.362,flush_begin,0,0
8.380,flush_end,0,2686931
8.396,trivial_move,3,2686930
8.404,trivial_move,4,2686930
8.407,flush_begin,0,0
8.424,flush_end,0,2686931
8.440,trivial_move,3,2686933
8.448,trivial_move,4,2686931
8.451,flush_begin,0,0
8.468,flush_end,0,2686931
8.484,trivial_move,3,2686930
8.492,trivial_move,4,2686931
8.495,flush_begin,0,0
8.511,flush_end,0,2686931
8.527,trivial_move,3,2686931
8.535,trivial_move,4,2686930
8.538,flush_begin,0,0
8.556,flush_end,0,2686930
8.572,trivial_move,3,2686931
8.580,trivial_move,4,2686932
8.583,flush_begin,0,0
8.602,flush_end,0,2686933
8.618,trivial_move,3,2686931
8.626,trivial_move,4,2686930
8.629,flush_begin,0,0
8.647,flush_end,0,2686930
8.664,trivial_move,3,2686931
8.672,trivial_move,4,2686932
8.674,flush_begin,0,0
8.690,flush_end,0,2686932
8.707,trivial_move,3,2686931
8.715,trivial_move,4,2686930
8.718,flush_begin,0,0
8.735,flush_end,0,2686930
8.751,trivial_move,3,2686930
8.759,trivial_move,4,2686931
8.762,flush_begin,0,0
8.780,flush_end,0,2686930
8.796,trivial_move,3,2686932
8.804,trivial_move,4,2686931
8.806,flush_begin,0,0
8.824,flush_end,0,2686932
8.839,trivial_move,3,2686930
8.847,trivial_move,4,2686931
8.849,flush_begin,0,0
8.867,flush_end,0,2686930
8.883,trivial_move,3,2686931
8.891,trivial_move,4,2686931
8.895,flush_begin,0,0
8.912,flush_end,0,2686932
8.929,trivial_move,3,2686931
8.937,trivial_move,4,2686930
8.940,flush_begin,0,0
8.957,flush_end,0,2686930
8.973,trivial_move,3,2686930
8.981,trivial_move,4,2686930
8.983,flush_begin,0,0
8.999,flush_end,0,2686931
9.015,trivial_move,3,2686932
9.023,trivial_move,4,2686931
9.026,flush_begin,0,0
9.043,flush_end,0,2686931
9.059,trivial_move,3,2686930
9.067,trivial_move,4,2686931
9.069,flush_begin,0,0
9.085,flush_end,0,2686931
9.101,trivial_move,3,2686932
9.109,trivial_move,4,2686931
9.111,flush_begin,0,0
9.128,flush_end,0,2686931
9.144,trivial_move,3,2686930
9.152,trivial_move,4,2686931
9.155,flush_begin,0,0
9.171,flush_end,0,2686931
9.187,trivial_move,3,2686931
9.195,trivial_move,4,2686930
9.197,flush_begin,0,0
9.215,flush_end,0,2686930
9.231,trivial_move,3,2686931
9.239,trivial_move,4,2686932
9.241,flush_begin,0,0
9.258,flush_end,0,2686932
9.274,trivial_move,3,2686931
9.282,trivial_move,4,2686930
9.285,flush_begin,0,0
9.302,flush_end,0,2686930
9.318,trivial_move,3,2686931
9.326,trivial_move,4,2686933
9.329,flush_begin,0,0
9.346,flush_end,0,2686931
9.362,trivial_move,3,2686930
9.370,trivial_move,4,2686930
9.372,flush_begin,0,0
9.388,flush_end,0,2686931
9.404,trivial_move,3,2686930
9.412,trivial_move,4,2686931
9.415,flush_begin,0,0
9.431,flush_end,0,2686930
9.448,trivial_move,3,2686931
9.456,trivial_move,4,2686931
9.458,flush_begin,0,0
9.475,flush_end,0,2686932
9.491,trivial_move,3,2686931
9.499,trivial_move,4,2686930
9.504,flush_begin,0,0
9.522,flush_end,0,2686930
9.539,trivial_move,3,2686931
9.547,trivial_move,4,2686932
9.550,flush_begin,0,0
9.566,flush_end,0,2686933
9.580,trivial_move,3,2686931
9.592,trivial_move,4,2686930
9.594,flush_begin,0,0
9.611,flush_end,0,2686930
9.627,trivial_move,3,2686930
9.635,trivial_move,4,2686931
9.638,flush_begin,0,0
9.655,flush_end,0,2686931
9.671,trivial_move,3,2686932
9.679,trivial_move,4,2686931
9.682,flush_begin,0,0
9.698,flush_end,0,2686931
9.714,trivial_move,3,2686930
9.722,trivial_move,4,2686931
9.725,flush_begin,0,0
9.742,flush_end,0,2686931
9.758,trivial_move,3,2686932
9.766,trivial_move,4,2686931
9.770,flush_begin,0,0
9.787,flush_end,0,2686931
9.803,trivial_move,3,2686930
9.811,trivial_move,4,2686931
9.814,flush_begin,0,0
9.831,flush_end,0,2686930
9.847,trivial_move,3,2686931
9.855,trivial_move,4,2686930
9.859,flush_begin,0,0
9.876,flush_end,0,2686930
9.893,trivial_move,3,2686931
9.901,trivial_move,4,2686932
9.904,flush_begin,0,0
9.921,flush_end,0,2686931
9.938,trivial_move,3,2686930
9.946,trivial_move,4,2686930
9.948,flush_begin,0,0
9.965,flush_end,0,2686931
9.982,trivial_move,3,2686932
9.990,trivial_move,4,2686932
9.992,flush_begin,0,0
10.010,flush_end,0,2686931
10.030,trivial_move,3,2686930
10.038,trivial_move,4,2686930
10.040,flush_begin,0,0
10.058,flush_end,0,2686931
10.074,trivial_move,3,2686931
10.082,trivial_move,4,2686930
10.085,flush_begin,0,0
10.102,flush_end,0,2686930
10.118,trivial_move,3,2686931
10.126,trivial_move,4,2686932
10.131,flush_begin,0,0
10.149,flush_end,0,2686932
10.165,trivial_move,3,2686931
10.173,trivial_move,4,2686930
10.175,flush_begin,0,0
10.192,flush_end,0,2686930
10.208,trivial_move,3,2686931
10.216,trivial_move,4,2686932
10.220,flush_begin,0,0
10.237,flush_end,0,2686932
10.253,trivial_move,3,2686931
10.262,trivial_move,4,2686930
10.264,flush_begin,0,0
10.281,flush_end,0,2686930
10.297,trivial_move,3,2686930
10.305,trivial_move,4,2686932
10.308,flush_begin,0,0
10.324,flush_end,0,2686931
10.340,trivial_move,3,2686933
10.348,trivial_move,4,2686931
10.350,flush_begin,0,0
10.368,flush_end,0,2686931
10.384,trivial_move,3,2686930
10.393,trivial_move,4,2686931
10.395,flush_begin,0,0
10.411,flush_end,0,2686930
10.427,trivial_move,3,2686932
10.435,trivial_move,4,2686931
10.437,flush_begin,0,0
10.454,flush_end,0,2686932
10.470,trivial_move,3,2686930
10.478,trivial_move,4,2686931
10.481,flush_begin,0,0
10.497,flush_end,0,2686930
10.513,trivial_move,3,2686930
10.521,trivial_move,4,2686930
10.525,flush_begin,0,0
10.542,flush_end,0,2686932
10.558,trivial_move,3,2686932
10.566,trivial_move,4,2686932
10.570,flush_begin,0,0
10.587,flush_end,0,2686931
10.603,trivial_move,3,2686930
10.611,trivial_move,4,2686930
10.615,flush_begin,0,0
10.632,flush_end,0,2686931
10.648,trivial_move,3,2686932
10.656,trivial_move,4,2686931
10.659,flush_begin,0,0
10.677,flush_end,0,2686931
10.693,trivial_move,3,2686930
10.701,trivial_move,4,2686931
10.704,flush_begin,0,0
10.720,flush_end,0,2686931
10.737,trivial_move,3,2686931
10.745,trivial_move,4,2686930
10.748,flush_begin,0,0
10.765,flush_end,0,2686930
10.781,trivial_move,3,2686931
10.789,trivial_move,4,2686932
10.792,flush_begin,0,0
10.808,flush_end,0,2686932
10.825,trivial_move,3,2686931
10.833,trivial_move,4,2686930
10.836,flush_begin,0,0
10.851,flush_end,0,2686930
10.867,trivial_move,3,2686931
10.875,trivial_move,4,2686932
10.878,flush_begin,0,0
10.894,flush_end,0,2686932
10.910,trivial_move,3,2686931
10.918,trivial_move,4,2686930
10.921,flush_begin,0,0
10.937,flush_end,0,2686930
10.954,trivial_move,3,2686930
10.962,trivial_move,4,2686931
10.965,flush_begin,0,0
10.982,flush_end,0,2686930
10.999,trivial_move,3,2686932
11.007,trivial_move,4,2686931
11.010,flush_begin,0,0
11.026,flush_end,0,2686932
11.042,trivial_move,3,2686930
11.050,trivial_move,4,2686931
11.053,flush_begin,0,0
11.069,flush_end,0,2686930
11.084,trivial_move,3,2686931
11.092,trivial_move,4,2686931
11.095,flush_begin,0,0
11.110,flush_end,0,2686932
11.126,trivial_move,3,2686931
11.134,trivial_move,4,2686930
11.137,flush_begin,0,0
11.153,flush_end,0,2686930
11.169,trivial_move,3,2686930
11.177,trivial_move,4,2686930
11.180,flush_begin,0,0
11.196,flush_end,0,2686931
11.211,trivial_move,3,2686932
11.219,trivial_move,4,2686931
11.221,flush_begin,0,0
11.233,flush_end,0,2686931
11.250,trivial_move,3,2686930
11.258,trivial_move,4,2686933
11.259,flush_begin,0,0
11.274,flush_end,0,2686931
11.289,trivial_move,3,2686933
11.298,trivial_move,4,2686931
11.299,flush_begin,0,0
11.313,flush_end,0,2686931
11.329,trivial_move,3,2686930
11.337,trivial_move,4,2686931
11.338,flush_begin,0,0
11.353,flush_end,0,2686931
11.369,trivial_move,3,2686931
11.377,trivial_move,4,2686930
11.380,flush_begin,0,0
11.395,flush_end,0,2686930
11.411,trivial_move,3,2686931
11.419,trivial_move,4,2686932
11.420,flush_begin,0,0
11.435,flush_end,0,2570063
11.451,trivial_move,3,2686931
11.459,trivial_move,4,2686930
11.459,compaction_begin,2,0
11.494,compaction_end,2,5374078
11.510,trivial_move,4,2686932
11.510,compaction_begin,2,0
11.543,compaction_end,2,5374077
11.561,trivial_move,4,2686930
11.562,compaction_begin,2,0
11.595,compaction_end,2,5374079
11.614,trivial_move,4,2686931
11.614,compaction_begin,2,0
11.645,compaction_end,2,5374079
11.663,trivial_move,4,2686931
11.663,compaction_begin,2,0
11.694,compaction_end,2,5374079
11.710,trivial_move,4,2686930
11.710,compaction_begin,2,0
11.739,compaction_end,2,5374079
11.755,trivial_move,4,2686932
11.756,compaction_begin,2,0
11.784,compaction_end,2,5374078
11.801,trivial_move,4,2686930
11.801,compaction_begin,2,0
11.831,compaction_end,2,5374079
11.847,trivial_move,4,2686931
11.847,compaction_begin,2,0
11.876,compaction_end,2,5374080
11.893,trivial_move,4,2686931
11.893,compaction_begin,2,0
11.921,compaction_end,2,5374079
11.937,trivial_move,4,2686931
11.937,compaction_begin,2,0
11.963,compaction_end,2,5374079
11.979,trivial_move,4,2686931
11.979,compaction_begin,2,0
12.002,compaction_end,2,5374078
12.019,trivial_move,4,2686931
12.019,compaction_begin,2,0
12.042,compaction_end,2,5374079
12.058,trivial_move,4,2686930
12.058,compaction_begin,2,0
12.083,compaction_end,2,5374078
12.099,trivial_move,4,2686932
12.099,compaction_begin,2,0
12.124,compaction_end,2,5374079
12.140,trivial_move,4,2686930
12.140,compaction_begin,2,0
12.166,compaction_end,2,5374079
12.182,trivial_move,4,2686933
12.182,compaction_begin,2,0
12.208,compaction_end,2,5374078
12.224,trivial_move,4,2686930
12.224,compaction_begin,2,0
12.252,compaction_end,2,5374079
12.268,trivial_move,4,2686930
12.268,compaction_begin,2,0
12.296,compaction_end,2,5374079
12.312,trivial_move,4,2686932
12.312,compaction_begin,2,0
12.324,compaction_end,2,2570063
12.341,trivial_move,4,2686930
12.349,trivial_move,4,2686932
12.349,compaction_begin,3,0
12.377,compaction_end,3,5374079
12.394,trivial_move,4,2686931
12.394,compaction_begin,3,0
12.421,compaction_end,3,5374079
12.437,trivial_move,4,2686931
12.437,compaction_begin,3,0
12.465,compaction_end,3,5374077
12.481,trivial_move,4,2686930
12.481,compaction_begin,3,0
12.509,compaction_end,3,5374079
12.526,trivial_move,4,2686930
12.526,compaction_begin,3,0
12.552,compaction_end,3,5374079
12.568,trivial_move,4,2686932
12.568,compaction_begin,3,0
12.595,compaction_end,3,5374080
12.611,trivial_move,4,2686931
12.611,compaction_begin,3,0
12.636,compaction_end,3,5374079
12.644,compaction_begin,3,0
12.670,compaction_end,3,5374079
12.678,compaction_begin,3,0
12.704,compaction_end,3,5374079
12.712,compaction_begin,3,0
12.737,compaction_end,3,5374079
12.745,compaction_begin,3,0
12.770,compaction_end,3,5374078
12.778,compaction_begin,3,0
12.803,compaction_end,3,5374079
12.811,compaction_begin,3,0
12.834,compaction_end,3,5374079
12.843,compaction_begin,3,0
12.866,compaction_end,3,5374078
12.874,compaction_begin,3,0
12.898,compaction_end,3,5374079
12.906,compaction_begin,3,0
12.930,compaction_end,3,5374078
12.938,compaction_begin,3,0
12.961,compaction_end,3,5374080
12.969,compaction_begin,3,0
12.993,compaction_end,3,5374079
13.001,compaction_begin,3,0
13.024,compaction_end,3,5374079
13.032,compaction_begin,3,0
13.056,compaction_end,3,5374079
13.064,compaction_begin,3,0
13.088,compaction_end,3,5374078
13.096,compaction_begin,3,0
13.120,compaction_end,3,5374079
13.128,compaction_begin,3,0
13.153,compaction_end,3,5374079
13.161,compaction_begin,3,0
13.184,compaction_end,3,5374079
13.192,compaction_begin,3,0
13.217,compaction_end,3,5374079
13.225,compaction_begin,3,0
13.250,compaction_end,3,5374077
13.259,compaction_begin,3,0
13.284,compaction_end,3,5374078
13.292,compaction_begin,3,0
13.317,compaction_end,3,5374080
13.325,compaction_begin,3,0
13.348,compaction_end,3,5374079
13.356,compaction_begin,3,0
13.380,compaction_end,3,5374079
13.388,compaction_begin,3,0
13.412,compaction_end,3,5374078
13.420,compaction_begin,3,0
13.445,compaction_end,3,5374079
13.453,compaction_begin,3,0
13.478,compaction_end,3,5374079
13.486,compaction_begin,3,0
13.510,compaction_end,3,5374079
13.518,compaction_begin,3,0
13.543,compaction_end,3,5374079
13.552,compaction_begin,3,0
13.576,compaction_end,3,5374078
13.584,compaction_begin,3,0
13.609,compaction_end,3,5374079
13.617,compaction_begin,3,0
13.641,compaction_end,3,5374080
13.649,compaction_begin,3,0
13.673,compaction_end,3,5374078
13.681,compaction_begin,3,0
13.705,compaction_end,3,5374079
13.713,compaction_begin,3,0
13.737,compaction_end,3,5374078
13.745,compaction_begin,3,0
13.770,compaction_end,3,5374079
13.778,compaction_begin,3,0
13.802,compaction_end,3,5374079
13.810,compaction_begin,3,0
13.833,compaction_end,3,5374079
13.841,compaction_begin,3,0
13.865,compaction_end,3,5374079
13.873,compaction_begin,3,0
13.897,compaction_end,3,5374078
13.905,compaction_begin,3,0
13.930,compaction_end,3,5374079
13.938,compaction_begin,3,0
13.963,compaction_end,3,5374079
13.971,compaction_begin,3,0
13.996,compaction_end,3,5374080
14.004,compaction_begin,3,0
14.028,compaction_end,3,5374079
14.036,compaction_begin,3,0
14.060,compaction_end,3,5374077
14.068,compaction_begin,3,0
14.092,compaction_end,3,5374078
14.100,compaction_begin,3,0
14.124,compaction_end,3,5374079
14.132,compaction_begin,3,0
14.157,compaction_end,3,5374079
14.165,compaction_begin,3,0
14.190,compaction_end,3,5374079
14.198,compaction_begin,3,0
14.223,compaction_end,3,5374078
14.231,compaction_begin,3,0
14.255,compaction_end,3,5374079
14.263,compaction_begin,3,0
14.287,compaction_end,3,5374079
14.295,compaction_begin,3,0
14.320,compaction_end,3,5374079
14.329,compaction_begin,3,0
14.354,compaction_end,3,5374080
14.362,compaction_begin,3,0
14.386,compaction_end,3,5374078
14.395,compaction_begin,3,0
14.419,compaction_end,3,5374079
14.427,compaction_begin,3,0
14.452,compaction_end,3,5374079
14.460,compaction_begin,3,0
14.484,compaction_end,3,5374078
14.492,compaction_begin,3,0
14.515,compaction_end,3,5374079
14.523,compaction_begin,3,0
14.546,compaction_end,3,5374078
14.554,compaction_begin,3,0
14.578,compaction_end,3,5374079
14.586,compaction_begin,3,0
14.610,compaction_end,3,5374079
14.618,compaction_begin,3,0
14.641,compaction_end,3,5374079
14.649,compaction_begin,3,0
14.672,compaction_end,3,5374079
14.680,compaction_begin,3,0
14.703,compaction_end,3,5374079
14.711,compaction_begin,3,0
14.736,compaction_end,3,5374079
14.744,compaction_begin,3,0
14.768,compaction_end,3,5374079
14.776,compaction_begin,3,0
14.800,compaction_end,3,5374079
14.808,compaction_begin,3,0
14.831,compaction_end,3,5374079
14.839,compaction_begin,3,0
14.863,compaction_end,3,5374077
14.871,compaction_begin,3,0
14.895,compaction_end,3,5374078
14.903,compaction_begin,3,0
14.926,compaction_end,3,5374079
14.934,compaction_begin,3,0
14.958,compaction_end,3,5374079
14.966,compaction_begin,3,0
14.990,compaction_end,3,5374079
14.998,compaction_begin,3,0
15.022,compaction_end,3,5374078
15.031,compaction_begin,3,0
15.055,compaction_end,3,5374080
15.063,compaction_begin,3,0
15.088,compaction_end,3,5374079
15.096,compaction_begin,3,0
15.120,compaction_end,3,5374079
15.128,compaction_begin,3,0
15.153,compaction_end,3,5374079
15.161,compaction_begin,3,0
15.186,compaction_end,3,5374078
15.194,compaction_begin,3,0
15.219,compaction_end,3,5374079
15.227,compaction_begin,3,0
15.252,compaction_end,3,5374079
15.260,compaction_begin,3,0
15.284,compaction_end,3,5374078
15.292,compaction_begin,3,0
15.317,compaction_end,3,5374079
15.325,compaction_begin,3,0
15.350,compaction_end,3,5374078
15.358,compaction_begin,3,0
15.382,compaction_end,3,5374079
15.390,compaction_begin,3,0
15.414,compaction_end,3,5374081
15.422,compaction_begin,3,0
15.445,compaction_end,3,5374079
15.454,compaction_begin,3,0
15.479,compaction_end,3,5374079
15.487,compaction_begin,3,0
15.512,compaction_end,3,5374078
15.520,compaction_begin,3,0
15.545,compaction_end,3,5374079
15.553,compaction_begin,3,0
15.578,compaction_end,3,5374079
15.586,compaction_begin,3,0
15.611,compaction_end,3,5374079
15.619,compaction_begin,3,0
15.643,compaction_end,3,5374079
15.652,compaction_begin,3,0
15.676,compaction_end,3,5374077
15.684,compaction_begin,3,0
15.709,compaction_end,3,5374078
15.717,compaction_begin,3,0
15.741,compaction_end,3,5374079
15.749,compaction_begin,3,0
15.774,compaction_end,3,5374080
15.782,compaction_begin,3,0
15.807,compaction_end,3,5374079
15.815,compaction_begin,3,0
15.840,compaction_end,3,5374078
15.848,compaction_begin,3,0
15.872,compaction_end,3,5374079
15.880,compaction_begin,3,0
15.905,compaction_end,3,5374079
15.913,compaction_begin,3,0
15.937,compaction_end,3,5374079
15.945,compaction_begin,3,0
15.969,compaction_end,3,5374079
15.977,compaction_begin,3,0
16.000,compaction_end,3,5374078
16.008,compaction_begin,3,0
16.033,compaction_end,3,5374079
16.041,compaction_begin,3,0
16.065,compaction_end,3,5374079
16.073,compaction_begin,3,0
16.097,compaction_end,3,5374078
16.105,compaction_begin,3,0
16.129,compaction_end,3,5374080
16.137,compaction_begin,3,0
16.162,compaction_end,3,5374078
16.171,compaction_begin,3,0
16.196,compaction_end,3,5374079
16.204,compaction_begin,3,0
16.228,compaction_end,3,5374079
16.236,compaction_begin,3,0
16.260,compaction_end,3,5374079
16.268,compaction_begin,3,0
16.292,compaction_end,3,5374079
16.300,compaction_begin,3,0
16.325,compaction_end,3,5374078
16.333,compaction_begin,3,0
16.358,compaction_end,3,5374079
16.366,compaction_begin,3,0
16.389,compaction_end,3,5374079
16.397,compaction_begin,3,0
16.421,compaction_end,3,5374079
16.429,compaction_begin,3,0
16.453,compaction_end,3,5374080
16.461,compaction_begin,3,0
16.485,compaction_end,3,5374077
16.493,compaction_begin,3,0
16.516,compaction_end,3,5374078
16.524,compaction_begin,3,0
16.549,compaction_end,3,5374079
16.557,compaction_begin,3,0
16.581,compaction_end,3,5374079
16.589,compaction_begin,3,0
16.612,compaction_end,3,5374079
16.620,compaction_begin,3,0
16.643,compaction_end,3,5374078
16.651,compaction_begin,3,0
16.675,compaction_end,3,5374079
16.683,compaction_begin,3,0
16.707,compaction_end,3,5374079
16.714,compaction_begin,3,0
16.745,compaction_end,3,5374079
16.753,compaction_begin,3,0
16.778,compaction_end,3,5374079
16.786,compaction_begin,3,0
16.810,compaction_end,3,5374079
16.818,compaction_begin,3,0
16.841,compaction_end,3,5374079
16.849,compaction_begin,3,0
16.874,compaction_end,3,5374079
16.882,compaction_begin,3,0
16.908,compaction_end,3,5374078
16.917,compaction_begin,3,0
16.942,compaction_end,3,5374079
16.950,compaction_begin,3,0
16.973,compaction_end,3,5374078
16.981,compaction_begin,3,0
17.004,compaction_end,3,5374079
17.012,compaction_begin,3,0
17.038,compaction_end,3,5374079
17.046,compaction_begin,3,0
17.069,compaction_end,3,5374079
17.077,compaction_begin,3,0
17.101,compaction_end,3,5374079
17.109,compaction_begin,3,0
17.131,compaction_end,3,5374078
17.139,compaction_begin,3,0
17.163,compaction_end,3,5374080
17.171,compaction_begin,3,0
17.195,compaction_end,3,5374079
17.203,compaction_begin,3,0
17.227,compaction_end,3,5374079
17.235,compaction_begin,3,0
17.259,compaction_end,3,5374079
17.267,compaction_begin,3,0
17.291,compaction_end,3,5374077
17.299,compaction_begin,3,0
17.323,compaction_end,3,5374078
17.331,compaction_begin,3,0
17.355,compaction_end,3,5374079
17.363,compaction_begin,3,0
17.387,compaction_end,3,5374079
17.395,compaction_begin,3,0
17.419,compaction_end,3,5374079
17.427,compaction_begin,3,0
17.452,compaction_end,3,5374078
17.460,compaction_begin,3,0
17.483,compaction_end,3,5374079
17.491,compaction_begin,3,0
17.516,compaction_end,3,5374080
17.524,compaction_begin,3,0
17.548,compaction_end,3,5374079
17.556,compaction_begin,3,0
17.580,compaction_end,3,5374079
17.588,compaction_begin,3,0
17.611,compaction_end,3,5374078
17.619,compaction_begin,3,0
17.642,compaction_end,3,5374079
17.652,compaction_begin,3,0
17.676,compaction_end,3,5374079
17.684,compaction_begin,3,0
17.708,compaction_end,3,5374078
17.716,compaction_begin,3,0
17.739,compaction_end,3,5374079
17.747,compaction_begin,3,0
17.771,compaction_end,3,5374078
17.779,compaction_begin,3,0
17.803,compaction_end,3,5374079
17.811,compaction_begin,3,0
17.835,compaction_end,3,5374079
17.844,compaction_begin,3,0
17.867,compaction_end,3,5374080
17.880,compaction_begin,3,0
17.905,compaction_end,3,5374079
17.913,compaction_begin,3,0
17.937,compaction_end,3,5374078
17.945,compaction_begin,3,0
17.970,compaction_end,3,5374079
17.978,compaction_begin,3,0
18.002,compaction_end,3,5374079
18.010,compaction_begin,3,0
18.035,compaction_end,3,5374079
18.044,compaction_begin,3,0
18.068,compaction_end,3,5374079
18.076,compaction_begin,3,0
18.101,compaction_end,3,5374077
18.109,compaction_begin,3,0
18.133,compaction_end,3,5374078
18.141,compaction_begin,3,0
18.165,compaction_end,3,5374079
18.173,compaction_begin,3,0
18.198,compaction_end,3,5374079
18.206,compaction_begin,3,0
18.231,compaction_end,3,5374080
18.239,compaction_begin,3,0
18.264,compaction_end,3,5374078
18.272,compaction_begin,3,0
18.301,compaction_end,3,7023641
18.310,compaction_begin,3,0
18.334,compaction_end,3,5374083
18.343,compaction_begin,3,0
18.368,compaction_end,3,5374083
18.376,compaction_begin,3,0
18.399,compaction_end,3,5374083
18.407,compaction_begin,3,0
18.431,compaction_end,3,5374084
18.440,compaction_begin,3,0
18.464,compaction_end,3,5374083
18.472,compaction_begin,3,0
18.495,compaction_end,3,5374082
18.503,compaction_begin,3,0
18.527,compaction_end,3,5374083
18.535,compaction_begin,3,0
18.558,compaction_end,3,5374084
18.566,compaction_begin,3,0
18.589,compaction_end,3,5374084
18.597,compaction_begin,3,0
18.621,compaction_end,3,5374083
18.629,compaction_begin,3,0
18.652,compaction_end,3,5374082
18.660,compaction_begin,3,0
18.683,compaction_end,3,5374083
18.691,compaction_begin,3,0
18.715,compaction_end,3,5374083
18.723,compaction_begin,3,0
18.747,compaction_end,3,5374084
18.755,compaction_begin,3,0
18.778,compaction_end,3,5374082
18.786,compaction_begin,3,0
18.810,compaction_end,3,5374083
18.819,compaction_begin,3,0
18.842,compaction_end,3,5374083
18.851,compaction_begin,3,0
18.874,compaction_end,3,5374083
18.882,compaction_begin,3,0
18.896,compaction_end,3,3607587
24.314,flush_begin,0,0
24.346,flush_end,0,2744571
24.355,compaction_begin,2,0
24.709,compaction_end,2,2678846
24.722,compaction_begin,3,0
24.936,compaction_end,3,42992648
24.948,compaction_begin,3,0
25.111,compaction_end,3,42992649
25.122,compaction_begin,3,0
25.286,compaction_end,3,42992650
25.298,compaction_begin,3,0
25.467,compaction_end,3,42992652
25.478,compaction_begin,3,0
25.648,compaction_end,3,42992647
25.658,compaction_begin,3,0
25.828,compaction_end,3,42992649
25.838,compaction_begin,3,0
26.007,compaction_end,3,42992648
26.017,compaction_begin,3,0
26.189,compaction_end,3,42992652
26.199,compaction_begin,3,0
26.367,compaction_end,3,41955150
26.377,compaction_begin,3,0
26.550,compaction_end,3,42992652
26.560,compaction_begin,3,0
26.732,compaction_end,3,42992649
26.742,compaction_begin,3,0
26.915,compaction_end,3,42992648
26.925,compaction_begin,3,0
27.098,compaction_end,3,42992650
27.108,compaction_begin,3,0
27.276,compaction_end,3,42992650
27.286,compaction_begin,3,0
27.456,compaction_end,3,42992649
27.466,compaction_begin,3,0
27.637,compaction_end,3,42992648
27.647,compaction_begin,3,0
27.812,compaction_end,3,41955151
27.822,compaction_begin,3,0
27.992,compaction_end,3,41955151
28.002,compaction_begin,3,0
28.176,compaction_end,3,42992654
28.186,compaction_begin,3,0
28.357,compaction_end,3,42992653
28.367,compaction_begin,3,0
28.537,compaction_end,3,42992652
28.547,compaction_begin,3,0
28.718,compaction_end,3,42992654
28.728,compaction_begin,3,0
28.896,compaction_end,3,42992649
28.907,compaction_begin,3,0
29.080,compaction_end,3,42992650
29.090,compaction_begin,3,0
29.264,compaction_end,3,42992649
29.275,compaction_begin,3,0
29.450,compaction_end,3,42992654
29.460,compaction_begin,3,0
29.637,compaction_end,3,42992650
29.647,compaction_begin,3,0
29.796,flush_begin,0,0
29.809,flush_end,0,2744200
29.850,compaction_end,3,42992650
29.860,compaction_begin,2,0
30.153,compaction_end,2,2839378
30.171,compaction_begin,3,0
30.384,compaction_end,3,42992652
30.396,compaction_begin,3,0
30.563,compaction_end,3,42992651
30.575,compaction_begin,3,0
30.740,compaction_end,3,42992652
30.751,compaction_begin,3,0
30.921,compaction_end,3,42992653
30.931,compaction_begin,3,0
31.103,compaction_end,3,42992648
31.113,compaction_begin,3,0
31.282,compaction_end,3,42992653
31.292,compaction_begin,3,0
31.465,compaction_end,3,42992652
31.475,compaction_begin,3,0
31.650,compaction_end,3,42992649
31.660,compaction_begin,3,0
31.829,compaction_end,3,42992652
31.839,compaction_begin,3,0
32.010,compaction_end,3,42992652
32.020,compaction_begin,3,0
32.201,compaction_end,3,44642301
32.211,compaction_begin,3,0
32.382,compaction_end,3,42992650
32.392,compaction_begin,3,0
32.560,compaction_end,3,42992654
32.570,compaction_begin,3,0
32.740,compaction_end,3,42992648
32.750,compaction_begin,3,0
32.929,compaction_end,3,44404453
32.939,compaction_begin,3,0
33.122,compaction_end,3,45679536
33.132,compaction_begin,3,0
33.304,compaction_end,3,42992650
33.314,compaction_begin,3,0
33.486,compaction_end,3,42992649
33.496,compaction_begin,3,0
33.667,compaction_end,3,42992652
33.677,compaction_begin,3,0
33.849,compaction_end,3,43230498
33.859,compaction_begin,3,0
34.031,compaction_end,3,42754752
34.041,compaction_begin,3,0
34.214,compaction_end,3,42754753
34.224,compaction_begin,3,0
34.388,compaction_end,3,40305588
34.398,compaction_begin,3,0
34.568,compaction_end,3,42992649
34.578,compaction_begin,3,0
34.749,compaction_end,3,42992653
34.759,compaction_begin,3,0
34.929,compaction_end,3,42992650
34.939,compaction_begin,3,0
35.108,compaction_end,3,42754753
35.118,compaction_begin,3,0
35.241,flush_begin,0,0
35.252,flush_end,0,2744515
35.311,compaction_end,3,42992647
35.321,compaction_begin,2,0
35.610,compaction_end,2,2938507
35.623,compaction_begin,3,0
35.822,compaction_end,3,42992647
35.834,compaction_begin,3,0
36.003,compaction_end,3,42992651
36.014,compaction_begin,3,0
36.180,compaction_end,3,42992649
36.191,compaction_begin,3,0
36.359,compaction_end,3,42992652
36.368,compaction_begin,3,0
36.538,compaction_end,3,42992647
36.548,compaction_begin,3,0
36.719,compaction_end,3,43367079
36.729,compaction_begin,3,0
36.900,compaction_end,3,42992654
36.910,compaction_begin,3,0
37.085,compaction_end,3,42992649
37.095,compaction_begin,3,0
37.276,compaction_end,3,44267906
37.286,compaction_begin,3,0
37.464,compaction_end,3,42754754
37.474,compaction_begin,3,0
37.645,compaction_end,3,42992648
37.655,compaction_begin,3,0
37.828,compaction_end,3,42992655
37.838,compaction_begin,3,0
38.011,compaction_end,3,42992653
38.021,compaction_begin,3,0
38.196,compaction_end,3,42992654
38.206,compaction_begin,3,0
38.382,compaction_end,3,42992650
38.392,compaction_begin,3,0
38.562,compaction_end,3,42992650
38.572,compaction_begin,3,0
38.744,compaction_end,3,42992650
38.754,compaction_begin,3,0
38.925,compaction_end,3,42992649
38.935,compaction_begin,3,0
39.107,compaction_end,3,42754756
39.117,compaction_begin,3,0
39.289,compaction_end,3,42992653
39.299,compaction_begin,3,0
39.479,compaction_end,3,44267907
39.489,compaction_begin,3,0
39.662,compaction_end,3,42992652
39.672,compaction_begin,3,0
39.845,compaction_end,3,42992649
39.853,compaction_begin,3,0
40.021,compaction_end,3,42992652
40.033,compaction_begin,3,0
40.211,compaction_end,3,44030064
40.221,compaction_begin,3,0
40.393,compaction_end,3,43367081
40.403,compaction_begin,3,0
40.571,compaction_end,3,41955150
40.581,compaction_begin,3,0
40.656,flush_begin,0,0
40.669,flush_end,0,2744625
40.779,compaction_end,3,44030062
40.789,compaction_begin,2,0
41.076,compaction_end,2,3034561
41.092,compaction_begin,3,0
41.301,compaction_end,3,42992652
41.313,compaction_begin,3,0
41.484,compaction_end,3,42992651
41.495,compaction_begin,3,0
41.668,compaction_end,3,42992649
41.678,compaction_begin,3,0
41.848,compaction_end,3,42992650
41.859,compaction_begin,3,0
42.031,compaction_end,3,43367077
42.041,compaction_begin,3,0
42.213,compaction_end,3,42992651
42.223,compaction_begin,3,0
42.397,compaction_end,3,43367081
42.407,compaction_begin,3,0
42.579,compaction_end,3,43367079
42.589,compaction_begin,3,0
42.761,compaction_end,3,42992653
42.771,compaction_begin,3,0
42.941,compaction_end,3,42992652
42.951,compaction_begin,3,0
43.123,compaction_end,3,42618170
43.133,compaction_begin,3,0
43.304,compaction_end,3,42754759
43.314,compaction_begin,3,0
43.486,compaction_end,3,43367080
43.496,compaction_begin,3,0
43.668,compaction_end,3,42992652
43.681,compaction_begin,3,0
43.852,compaction_end,3,42992652
43.862,compaction_begin,3,0
44.031,compaction_end,3,42992650
44.041,compaction_begin,3,0
44.215,compaction_end,3,43367078
44.225,compaction_begin,3,0
44.396,compaction_end,3,42992649
44.405,compaction_begin,3,0
44.582,compaction_end,3,42992650
44.592,compaction_begin,3,0
44.764,compaction_end,3,42992654
44.774,compaction_begin,3,0
44.948,compaction_end,3,42992654
44.958,compaction_begin,3,0
45.138,compaction_end,3,43367080
45.148,compaction_begin,3,0
45.320,compaction_end,3,42992649
45.330,compaction_begin,3,0
45.502,compaction_end,3,43367079
45.512,compaction_begin,3,0
45.696,compaction_end,3,45679537
45.706,compaction_begin,3,0
45.890,compaction_end,3,43655660
45.900,compaction_begin,3,0
46.077,compaction_end,3,42992653
46.087,compaction_begin,3,0
46.143,flush_begin,0,0
46.155,flush_end,0,2744972
46.284,compaction_end,3,42992649
46.294,compaction_begin,2,0
46.585,compaction_end,2,3111184
46.602,compaction_begin,3,0
46.810,compaction_end,3,42992652
46.822,compaction_begin,3,0
46.990,compaction_end,3,42992650
47.001,compaction_begin,3,0
47.169,compaction_end,3,42992652
47.177,compaction_begin,3,0
47.346,compaction_end,3,42992651
47.359,compaction_begin,3,0
47.528,compaction_end,3,42992654
47.538,compaction_begin,3,0
47.716,compaction_end,3,45305110
47.726,compaction_begin,3,0
47.896,compaction_end,3,42992653
47.906,compaction_begin,3,0
48.074,compaction_end,3,41955155
48.084,compaction_begin,3,0
48.254,compaction_end,3,42754759
48.264,compaction_begin,3,0
48.435,compaction_end,3,42992650
48.445,compaction_begin,3,0
48.616,compaction_end,3,42992655
48.626,compaction_begin,3,0
48.794,compaction_end,3,42992651
48.805,compaction_begin,3,0
48.975,compaction_end,3,42992653
48.985,compaction_begin,3,0
49.093,compaction_end,3,27042050
49.102,compaction_begin,3,0
49.275,compaction_end,3,42992652
49.285,compaction_begin,3,0
49.459,compaction_end,3,42992649
49.469,compaction_begin,3,0
49.656,compaction_end,3,45679536
49.664,compaction_begin,3,0
49.835,compaction_end,3,43367079
49.848,compaction_begin,3,0
50.021,compaction_end,3,43281146
50.031,compaction_begin,3,0
50.202,compaction_end,3,42992649
50.212,compaction_begin,3,0
50.384,compaction_end,3,42992648
50.394,compaction_begin,3,0
50.568,compaction_end,3,42992652
50.578,compaction_begin,3,0
50.749,compaction_end,3,42992648
50.759,compaction_begin,3,0
50.933,compaction_end,3,42992651
50.942,compaction_begin,3,0
51.113,compaction_end,3,42856075
51.123,compaction_begin,3,0
51.298,compaction_end,3,43367077
51.308,compaction_begin,3,0
51.493,compaction_end,3,45917433
51.503,compaction_begin,3,0
51.582,flush_begin,0,0
51.593,flush_end,0,2744498
51.693,compaction_end,3,42992649
51.703,compaction_begin,2,0
51.988,compaction_end,2,3124967
52.002,compaction_begin,3,0
52.206,compaction_end,3,42992652
52.218,compaction_begin,3,0
52.386,compaction_end,3,42992650
52.398,compaction_begin,3,0
52.578,compaction_end,3,42992651
52.585,compaction_begin,3,0
52.763,compaction_end,3,42992651
52.776,compaction_begin,3,0
52.948,compaction_end,3,43367078
52.958,compaction_begin,3,0
53.129,compaction_end,3,42992649
53.139,compaction_begin,3,0
53.314,compaction_end,3,42754759
53.325,compaction_begin,3,0
53.507,compaction_end,3,45542957
53.517,compaction_begin,3,0
53.690,compaction_end,3,42992649
53.700,compaction_begin,3,0
53.872,compaction_end,3,43367081
53.880,compaction_begin,3,0
54.052,compaction_end,3,42992653
54.064,compaction_begin,3,0
54.235,compaction_end,3,42618170
54.244,compaction_begin,3,0
54.418,compaction_end,3,43367082
54.428,compaction_begin,3,0
54.598,compaction_end,3,42992651
54.608,compaction_begin,3,0
54.782,compaction_end,3,43367079
54.792,compaction_begin,3,0
54.962,compaction_end,3,42992652
54.972,compaction_begin,3,0
55.143,compaction_end,3,42992649
55.153,compaction_begin,3,0
55.322,compaction_end,3,43367077
55.332,compaction_begin,3,0
55.511,compaction_end,3,44930721
55.521,compaction_begin,3,0
55.693,compaction_end,3,42992649
55.703,compaction_begin,3,0
55.874,compaction_end,3,42856069
55.884,compaction_begin,3,0
56.060,compaction_end,3,43367078
56.070,compaction_begin,3,0
56.241,compaction_end,3,42992648
56.251,compaction_begin,3,0
56.423,compaction_end,3,43367079
56.433,compaction_begin,3,0
56.606,compaction_end,3,42992654
56.616,compaction_begin,3,0
56.786,compaction_end,3,42992654
56.796,compaction_begin,3,0
56.972,compaction_end,3,43281146
56.982,compaction_begin,3,0
57.063,flush_begin,0,0
57.074,flush_end,0,2744376
57.174,compaction_end,3,42992652
57.182,compaction_begin,2,0
57.475,compaction_end,2,3127569
57.499,compaction_begin,3,0
57.708,compaction_end,3,42992652
57.720,compaction_begin,3,0
57.887,compaction_end,3,42992650
57.899,compaction_begin,3,0
58.066,compaction_end,3,42992651
58.077,compaction_begin,3,0
58.249,compaction_end,3,42992654
58.259,compaction_begin,3,0
58.430,compaction_end,3,42754759
58.441,compaction_begin,3,0
58.612,compaction_end,3,42992651
58.622,compaction_begin,3,0
58.792,compaction_end,3,42992652
58.802,compaction_begin,3,0
58.974,compaction_end,3,42992649
58.984,compaction_begin,3,0
59.157,compaction_end,3,42618170
59.165,compaction_begin,3,0
59.345,compaction_end,3,44404454
59.357,compaction_begin,3,0
59.528,compaction_end,3,42992652
59.538,compaction_begin,3,0
59.709,compaction_end,3,43281146
59.719,compaction_begin,3,0
59.898,compaction_end,3,43367078
59.908,compaction_begin,3,0
60.082,compaction_end,3,42856069
60.090,compaction_begin,3,0
60.271,compaction_end,3,42992652
60.283,compaction_begin,3,0
60.453,compaction_end,3,42618171
60.463,compaction_begin,3,0
60.635,compaction_end,3,43367080
60.645,compaction_begin,3,0
60.816,compaction_end,3,43367082
60.826,compaction_begin,3,0
61.014,compaction_end,3,43367077
61.024,compaction_begin,3,0
61.203,compaction_end,3,43367079
61.214,compaction_begin,3,0
61.396,compaction_end,3,45168568
61.405,compaction_begin,3,0
61.577,compaction_end,3,42992649
61.587,compaction_begin,3,0
61.757,compaction_end,3,42992648
61.767,compaction_begin,3,0
61.939,compaction_end,3,43367081
61.949,compaction_begin,3,0
62.125,compaction_end,3,42992653
62.135,compaction_begin,3,0
62.308,compaction_end,3,42992652
62.318,compaction_begin,3,0
62.490,compaction_end,3,42992650
62.499,compaction_begin,3,0
62.504,flush_begin,0,0
62.516,flush_end,0,2744969
62.697,compaction_end,3,42992650
62.707,compaction_begin,2,0
62.995,compaction_end,2,3148092
63.008,compaction_begin,3,0
63.195,compaction_end,3,42992652
63.207,compaction_begin,3,0
63.370,compaction_end,3,42992650
63.382,compaction_begin,3,0
63.546,compaction_end,3,42992651
63.557,compaction_begin,3,0
63.723,compaction_end,3,42992651
63.734,compaction_begin,3,0
63.903,compaction_end,3,42992652
63.913,compaction_begin,3,0
64.087,compaction_end,3,42754759
64.095,compaction_begin,3,0
64.271,compaction_end,3,42992650
64.283,compaction_begin,3,0
64.395,compaction_end,3,27042050
64.405,compaction_begin,3,0
64.578,compaction_end,3,42992652
64.586,compaction_begin,3,0
64.759,compaction_end,3,42992649
64.771,compaction_begin,3,0
64.941,compaction_end,3,43367080
64.951,compaction_begin,3,0
65.132,compaction_end,3,44404453
65.142,compaction_begin,3,0
65.310,compaction_end,3,42992649
65.320,compaction_begin,3,0
65.490,compaction_end,3,42992653
65.500,compaction_begin,3,0
65.671,compaction_end,3,42992652
65.681,compaction_begin,3,0
65.859,compaction_end,3,43367077
65.870,compaction_begin,3,0
66.045,compaction_end,3,43281146
66.054,compaction_begin,3,0
66.235,compaction_end,3,43367082
66.245,compaction_begin,3,0
66.441,compaction_end,3,44556333
66.451,compaction_begin,3,0
66.631,compaction_end,3,42992648
66.641,compaction_begin,3,0
66.835,compaction_end,3,44556331
66.846,compaction_begin,3,0
67.028,compaction_end,3,42992654
67.041,compaction_begin,3,0
67.230,compaction_end,3,43367079
67.239,compaction_begin,3,0
67.442,compaction_end,3,45168565
67.452,compaction_begin,3,0
67.636,compaction_end,3,43367080
67.646,compaction_begin,3,0
67.829,compaction_end,3,43367081
67.838,compaction_begin,3,0
67.952,flush_begin,0,0
67.963,flush_end,0,2744406
68.071,compaction_end,3,45441661
68.081,compaction_begin,2,0
68.370,compaction_end,2,3188298
68.385,compaction_begin,3,0
68.598,compaction_end,3,42992652
68.610,compaction_begin,3,0
68.790,compaction_end,3,42992650
68.797,compaction_begin,3,0
68.979,compaction_end,3,42992651
68.995,compaction_begin,3,0
69.179,compaction_end,3,43281146
69.189,compaction_begin,3,0
69.371,compaction_end,3,42754759
69.382,compaction_begin,3,0
69.571,compaction_end,3,43367077
69.580,compaction_begin,3,0
69.751,compaction_end,3,43367081
69.760,compaction_begin,3,0
69.931,compaction_end,3,42992651
69.941,compaction_begin,3,0
70.116,compaction_end,3,43367079
70.125,compaction_begin,3,0
70.318,compaction_end,3,43367079
70.327,compaction_begin,3,0
70.524,compaction_end,3,42992652
70.542,compaction_begin,3,0
70.713,compaction_end,3,42618170
70.723,compaction_begin,3,0
70.893,compaction_end,3,43367081
70.903,compaction_begin,3,0
71.077,compaction_end,3,43367078
71.086,compaction_begin,3,0
71.253,compaction_end,3,42992652
71.261,compaction_begin,3,0
71.372,compaction_end,3,27042050
71.384,compaction_begin,3,0
71.560,compaction_end,3,42992649
71.571,compaction_begin,3,0
71.748,compaction_end,3,44181999
71.758,compaction_begin,3,0
71.930,compaction_end,3,43367078
71.940,compaction_begin,3,0
72.112,compaction_end,3,43367079
72.122,compaction_begin,3,0
72.301,compaction_end,3,41955153
72.310,compaction_begin,3,0
72.485,compaction_end,3,42992648
72.495,compaction_begin,3,0
72.668,compaction_end,3,43367081
72.678,compaction_begin,3,0
72.849,compaction_end,3,43367082
72.859,compaction_begin,3,0
73.035,compaction_end,3,43367081
73.046,compaction_begin,3,0
73.217,compaction_end,3,42992648
73.226,compaction_begin,3,0
73.394,compaction_end,3,42992653
73.404,compaction_begin,3,0
73.431,flush_begin,0,0
73.443,flush_end,0,2744611
73.603,compaction_end,3,43367078
73.612,compaction_begin,2,0
73.902,compaction_end,2,3223314
73.919,compaction_begin,3,0
74.127,compaction_end,3,42992652
74.139,compaction_begin,3,0
74.306,compaction_end,3,42992651
74.317,compaction_begin,3,0
74.482,compaction_end,3,42992650
74.493,compaction_begin,3,0
74.660,compaction_end,3,42992652
74.669,compaction_begin,3,0
74.852,compaction_end,3,42754759
74.863,compaction_begin,3,0
75.038,compaction_end,3,42992652
75.049,compaction_begin,3,0
75.220,compaction_end,3,43367078
75.230,compaction_begin,3,0
75.405,compaction_end,3,43367082
75.414,compaction_begin,3,0
75.599,compaction_end,3,42992651
75.609,compaction_begin,3,0
75.782,compaction_end,3,42992648
75.792,compaction_begin,3,0
75.971,compaction_end,3,42992649
75.981,compaction_begin,3,0
76.068,compaction_end,3,21683536
76.076,compaction_begin,3,0
76.251,compaction_end,3,42992654
76.261,compaction_begin,3,0
76.439,compaction_end,3,43367081
76.448,compaction_begin,3,0
76.620,compaction_end,3,42992650
76.630,compaction_begin,3,0
76.809,compaction_end,3,42992649
76.816,compaction_begin,3,0
76.995,compaction_end,3,42992648
77.006,compaction_begin,3,0
77.187,compaction_end,3,43367078
77.200,compaction_begin,3,0
77.380,compaction_end,3,42992649
77.390,compaction_begin,3,0
77.565,compaction_end,3,43367082
77.576,compaction_begin,3,0
77.749,compaction_end,3,42992653
77.758,compaction_begin,3,0
77.944,compaction_end,3,43367079
77.953,compaction_begin,3,0
78.150,compaction_end,3,44794178
78.160,compaction_begin,3,0
78.337,compaction_end,3,42992652
78.347,compaction_begin,3,0
78.525,compaction_end,3,42992650
78.535,compaction_begin,3,0
78.702,compaction_end,3,43367082
78.712,compaction_begin,3,0
78.884,compaction_end,3,42856069
78.894,compaction_begin,3,0
78.936,flush_begin,0,0
78.947,flush_end,0,2744353
79.091,compaction_end,3,43367081
79.100,compaction_begin,2,0
79.389,compaction_end,2,3223893
79.405,compaction_begin,3,0
79.621,compaction_end,3,42992652
79.634,compaction_begin,3,0
79.814,compaction_end,3,42992651
79.826,compaction_begin,3,0
80.018,compaction_end,3,42992650
80.030,compaction_begin,3,0
80.219,compaction_end,3,43367079
80.227,compaction_begin,3,0
80.419,compaction_end,3,42992653
80.432,compaction_begin,3,0
80.617,compaction_end,3,42992652
80.628,compaction_begin,3,0
80.818,compaction_end,3,43367081
80.828,compaction_begin,3,0
81.018,compaction_end,3,42992653
81.028,compaction_begin,3,0
81.209,compaction_end,3,42754759
81.220,compaction_begin,3,0
81.410,compaction_end,3,42992649
81.420,compaction_begin,3,0
81.609,compaction_end,3,42992651
81.619,compaction_begin,3,0
81.794,compaction_end,3,43367080
81.804,compaction_begin,3,0
81.980,compaction_end,3,43367082
81.989,compaction_begin,3,0
82.164,compaction_end,3,42992651
82.172,compaction_begin,3,0
82.360,compaction_end,3,43367079
82.373,compaction_begin,3,0
82.563,compaction_end,3,42992650
82.573,compaction_begin,3,0
82.754,compaction_end,3,44267907
82.765,compaction_begin,3,0
82.936,compaction_end,3,43367081
82.946,compaction_begin,3,0
83.116,compaction_end,3,43367082
83.126,compaction_begin,3,0
83.297,compaction_end,3,42618171
83.306,compaction_begin,3,0
83.480,compaction_end,3,43281146
83.490,compaction_begin,3,0
83.662,compaction_end,3,42992652
83.672,compaction_begin,3,0
83.849,compaction_end,3,42992649
83.859,compaction_begin,3,0
84.032,compaction_end,3,43367077
84.041,compaction_begin,3,0
84.215,compaction_end,3,43367081
84.224,compaction_begin,3,0
84.380,flush_begin,0,0
84.392,flush_end,0,2744827
84.414,compaction_end,3,42992650
84.425,compaction_begin,2,0
84.721,compaction_end,2,3270910
84.740,compaction_begin,3,0
84.949,compaction_end,3,42992652
84.960,compaction_begin,3,0
85.126,compaction_end,3,42992650
85.138,compaction_begin,3,0
85.303,compaction_end,3,42992651
85.313,compaction_begin,3,0
85.481,compaction_end,3,43367078
85.490,compaction_begin,3,0
85.657,compaction_end,3,42992651
85.667,compaction_begin,3,0
85.775,compaction_end,3,27042050
85.785,compaction_begin,3,0
85.954,compaction_end,3,42992651
85.965,compaction_begin,3,0
86.136,compaction_end,3,42754759
86.147,compaction_begin,3,0
86.313,compaction_end,3,42992649
86.323,compaction_begin,3,0
86.491,compaction_end,3,43367077
86.501,compaction_begin,3,0
86.668,compaction_end,3,42992652
86.677,compaction_begin,3,0
86.845,compaction_end,3,42992651
86.855,compaction_begin,3,0
87.026,compaction_end,3,43281146
87.035,compaction_begin,3,0
87.205,compaction_end,3,42770164
87.216,compaction_begin,3,0
87.388,compaction_end,3,42992650
87.398,compaction_begin,3,0
87.569,compaction_end,3,42618170
87.579,compaction_begin,3,0
87.750,compaction_end,3,42992647
87.760,compaction_begin,3,0
87.933,compaction_end,3,43367079
87.943,compaction_begin,3,0
88.113,compaction_end,3,43367078
88.122,compaction_begin,3,0
88.291,compaction_end,3,42618175
88.301,compaction_begin,3,0
88.471,compaction_end,3,42992649
88.482,compaction_begin,3,0
88.654,compaction_end,3,42992650
88.661,compaction_begin,3,0
88.830,compaction_end,3,43367082
88.841,compaction_begin,3,0
89.012,compaction_end,3,43367081
89.022,compaction_begin,3,0
89.190,compaction_end,3,43367079
89.200,compaction_begin,3,0
89.370,compaction_end,3,42992652
89.380,compaction_begin,3,0
89.551,compaction_end,3,43367080
89.559,compaction_begin,3,0
89.725,compaction_end,3,41955153
89.737,compaction_begin,3,0
89.848,flush_begin,0,0
89.860,flush_end,0,2744680
89.929,compaction_end,3,43367082
89.939,compaction_begin,2,0
90.230,compaction_end,2,3301917
90.249,compaction_begin,3,0
90.460,compaction_end,3,42992652
90.471,compaction_begin,3,0
90.632,compaction_end,3,42992650
90.644,compaction_begin,3,0
90.807,compaction_end,3,42992651
90.819,compaction_begin,3,0
90.986,compaction_end,3,42754759
90.996,compaction_begin,3,0
91.168,compaction_end,3,43281146
91.178,compaction_begin,3,0
91.355,compaction_end,3,43367081
91.365,compaction_begin,3,0
91.534,compaction_end,3,42992651
91.544,compaction_begin,3,0
91.711,compaction_end,3,43367082
91.721,compaction_begin,3,0
91.892,compaction_end,3,42992649
91.902,compaction_begin,3,0
92.067,compaction_end,3,41955153
92.077,compaction_begin,3,0
92.249,compaction_end,3,43367079
92.258,compaction_begin,3,0
92.430,compaction_end,3,43367080
92.439,compaction_begin,3,0
92.609,compaction_end,3,43367082
92.620,compaction_begin,3,0
92.788,compaction_end,3,42992652
92.799,compaction_begin,3,0
92.969,compaction_end,3,43367081
92.978,compaction_begin,3,0
93.150,compaction_end,3,43367082
93.159,compaction_begin,3,0
93.330,compaction_end,3,43367079
93.339,compaction_begin,3,0
93.508,compaction_end,3,43367078
93.518,compaction_begin,3,0
93.687,compaction_end,3,42992654
93.698,compaction_begin,3,0
93.864,compaction_end,3,43367082
93.874,compaction_begin,3,0
94.043,compaction_end,3,43367077
94.051,compaction_begin,3,0
94.219,compaction_end,3,43367078
94.228,compaction_begin,3,0
94.395,compaction_end,3,42992652
94.404,compaction_begin,3,0
94.573,compaction_end,3,43367077
94.582,compaction_begin,3,0
94.750,compaction_end,3,42992650
94.760,compaction_begin,3,0
94.929,compaction_end,3,42992651
94.939,compaction_begin,3,0
95.108,compaction_end,3,42770164
95.116,compaction_begin,3,0
95.270,flush_begin,0,0
95.281,flush_end,0,2744474
95.308,compaction_end,3,42992653
95.318,compaction_begin,2,0
95.627,compaction_end,2,3302227
95.645,compaction_begin,3,0
95.857,compaction_end,3,42992652
95.869,compaction_begin,3,0
96.035,compaction_end,3,42992651
96.046,compaction_begin,3,0
96.211,compaction_end,3,42992651
96.221,compaction_begin,3,0
96.382,compaction_end,3,42992650
96.390,compaction_begin,3,0
96.557,compaction_end,3,42992649
96.571,compaction_begin,3,0
96.739,compaction_end,3,42754759
96.750,compaction_begin,3,0
96.917,compaction_end,3,43367079
96.926,compaction_begin,3,0
97.096,compaction_end,3,43367082
97.104,compaction_begin,3,0
97.269,compaction_end,3,42992649
97.279,compaction_begin,3,0
97.449,compaction_end,3,42992651
97.460,compaction_begin,3,0
97.630,compaction_end,3,43281146
97.641,compaction_begin,3,0
97.808,compaction_end,3,42992647
97.817,compaction_begin,3,0
97.984,compaction_end,3,42992649
97.993,compaction_begin,3,0
98.163,compaction_end,3,42992652
98.173,compaction_begin,3,0
98.344,compaction_end,3,43367078
98.353,compaction_begin,3,0
98.522,compaction_end,3,42992649
98.534,compaction_begin,3,0
98.705,compaction_end,3,43367077
98.715,compaction_begin,3,0
98.891,compaction_end,3,42992650
98.901,compaction_begin,3,0
99.071,compaction_end,3,43367081
99.081,compaction_begin,3,0
99.251,compaction_end,3,42992654
99.260,compaction_begin,3,0
99.369,compaction_end,3,27042050
99.378,compaction_begin,3,0
99.548,compaction_end,3,42992650
99.558,compaction_begin,3,0
99.735,compaction_end,3,44419769
99.745,compaction_begin,3,0
99.914,compaction_end,3,42992649
99.923,compaction_begin,3,0
100.094,compaction_end,3,42992652
100.103,compaction_begin,3,0
100.276,compaction_end,3,43367080
100.285,compaction_begin,3,0
100.456,compaction_end,3,43367082
100.465,compaction_begin,3,0
100.636,compaction_end,3,43367077
100.646,compaction_begin,3,0
100.743,flush_begin,0,0
100.754,flush_end,0,2744370
100.845,compaction_end,3,44404453
100.853,compaction_begin,2,0
101.138,compaction_end,2,3264184
101.158,compaction_begin,3,0
101.346,compaction_end,3,42992652
101.358,compaction_begin,3,0
101.520,compaction_end,3,42992650
101.532,compaction_begin,3,0
101.694,compaction_end,3,42992651
101.705,compaction_begin,3,0
101.868,compaction_end,3,42992651
101.879,compaction_begin,3,0
102.046,compaction_end,3,43367077
102.055,compaction_begin,3,0
102.223,compaction_end,3,43367079
102.234,compaction_begin,3,0
102.401,compaction_end,3,42992649
102.411,compaction_begin,3,0
102.581,compaction_end,3,42992651
102.591,compaction_begin,3,0
102.760,compaction_end,3,43367079
102.769,compaction_begin,3,0
102.939,compaction_end,3,43367080
102.949,compaction_begin,3,0
103.119,compaction_end,3,42754759
103.129,compaction_begin,3,0
103.297,compaction_end,3,42856069
103.308,compaction_begin,3,0
103.479,compaction_end,3,42992649
103.488,compaction_begin,3,0
103.660,compaction_end,3,43367078
103.669,compaction_begin,3,0
103.839,compaction_end,3,43367081
103.850,compaction_begin,3,0
104.016,compaction_end,3,42770164
104.027,compaction_begin,3,0
104.195,compaction_end,3,42992649
104.206,compaction_begin,3,0
104.373,compaction_end,3,42992652
104.383,compaction_begin,3,0
104.552,compaction_end,3,43367079
104.562,compaction_begin,3,0
104.730,compaction_end,3,43367077
104.739,compaction_begin,3,0
104.911,compaction_end,3,43367078
104.921,compaction_begin,3,0
105.089,compaction_end,3,43367080
105.099,compaction_begin,3,0
105.267,compaction_end,3,43367083
105.277,compaction_begin,3,0
105.443,compaction_end,3,42618171
105.454,compaction_begin,3,0
105.624,compaction_end,3,43367082
105.634,compaction_begin,3,0
105.805,compaction_end,3,43367082
105.815,compaction_begin,3,0
105.986,compaction_end,3,42992649
105.996,compaction_begin,3,0
106.169,compaction_end,3,42992648
106.179,compaction_begin,3,0
106.202,flush_begin,0,0
106.214,flush_end,0,2744496
106.375,compaction_end,3,42992647
106.384,compaction_begin,2,0
106.670,compaction_end,2,3254306
106.687,compaction_begin,3,0
106.898,compaction_end,3,42992652
106.910,compaction_begin,3,0
107.080,compaction_end,3,42992651
107.091,compaction_begin,3,0
107.261,compaction_end,3,42992650
107.272,compaction_begin,3,0
107.445,compaction_end,3,43367079
107.455,compaction_begin,3,0
107.630,compaction_end,3,43367082
107.640,compaction_begin,3,0
107.814,compaction_end,3,42754759
107.824,compaction_begin,3,0
107.998,compaction_end,3,43367081
108.009,compaction_begin,3,0
108.184,compaction_end,3,43367082
108.195,compaction_begin,3,0
108.370,compaction_end,3,43367077
108.381,compaction_begin,3,0
108.551,compaction_end,3,42992651
108.562,compaction_begin,3,0
108.733,compaction_end,3,42992650
108.742,compaction_begin,3,0
108.916,compaction_end,3,43367078
108.927,compaction_begin,3,0
109.100,compaction_end,3,43367082
109.110,compaction_begin,3,0
109.281,compaction_end,3,42992651
109.291,compaction_begin,3,0
109.462,compaction_end,3,42992654
109.472,compaction_begin,3,0
109.643,compaction_end,3,42618170
109.653,compaction_begin,3,0
109.827,compaction_end,3,43281146
109.838,compaction_begin,3,0
110.012,compaction_end,3,42992649
110.022,compaction_begin,3,0
110.198,compaction_end,3,42992648
110.207,compaction_begin,3,0
110.381,compaction_end,3,42992650
110.389,compaction_begin,3,0
110.570,compaction_end,3,44404455
110.582,compaction_begin,3,0
110.756,compaction_end,3,42992651
110.766,compaction_begin,3,0
110.938,compaction_end,3,43367079
110.946,compaction_begin,3,0
111.119,compaction_end,3,42992650
111.131,compaction_begin,3,0
111.306,compaction_end,3,42992653
111.316,compaction_begin,3,0
111.488,compaction_end,3,42992648
111.498,compaction_begin,3,0
111.672,compaction_end,3,42992649
111.682,compaction_begin,3,0
111.684,flush_begin,0,0
111.695,flush_end,0,2744666
111.878,compaction_end,3,44045447
111.889,compaction_begin,2,0
112.185,compaction_end,2,3239569
112.203,compaction_begin,3,0
112.429,compaction_end,3,42992652
112.442,compaction_begin,3,0
112.628,compaction_end,3,42992651
112.639,compaction_begin,3,0
112.816,compaction_end,3,42992650
112.829,compaction_begin,3,0
112.999,compaction_end,3,42992651
113.009,compaction_begin,3,0
113.178,compaction_end,3,43367079
113.189,compaction_begin,3,0
113.358,compaction_end,3,42992654
113.369,compaction_begin,3,0
113.540,compaction_end,3,43367077
113.550,compaction_begin,3,0
113.722,compaction_end,3,42992649
113.732,compaction_begin,3,0
113.903,compaction_end,3,42992650
113.912,compaction_begin,3,0
114.085,compaction_end,3,43367079
114.096,compaction_begin,3,0
114.267,compaction_end,3,43367081
114.277,compaction_begin,3,0
114.451,compaction_end,3,42754759
114.461,compaction_begin,3,0
114.631,compaction_end,3,42992649
114.641,compaction_begin,3,0
114.818,compaction_end,3,42992650
114.828,compaction_begin,3,0
115.009,compaction_end,3,43367078
115.021,compaction_begin,3,0
115.195,compaction_end,3,42992651
115.205,compaction_begin,3,0
115.375,compaction_end,3,43367081
115.385,compaction_begin,3,0
115.560,compaction_end,3,43671061
115.570,compaction_begin,3,0
115.741,compaction_end,3,43367077
115.752,compaction_begin,3,0
115.933,compaction_end,3,42992650
115.943,compaction_begin,3,0
116.121,compaction_end,3,42992649
116.131,compaction_begin,3,0
116.304,compaction_end,3,43367081
116.314,compaction_begin,3,0
116.491,compaction_end,3,42992648
116.501,compaction_begin,3,0
116.596,compaction_end,3,22705340
116.605,compaction_begin,3,0
116.782,compaction_end,3,43367082
116.792,compaction_begin,3,0
116.963,compaction_end,3,42992651
116.973,compaction_begin,3,0
117.154,compaction_end,3,43367082
117.164,flush_begin,0,0
117.175,flush_end,0,2744591
117.185,compaction_begin,2,0
117.471,compaction_end,2,3238907
117.487,compaction_begin,3,0
117.704,compaction_end,3,42992652
117.716,compaction_begin,3,0
117.882,compaction_end,3,42992650
117.890,compaction_begin,3,0
118.054,compaction_end,3,42992651
118.069,compaction_begin,3,0
118.235,compaction_end,3,42992649
118.246,compaction_begin,3,0
118.431,compaction_end,3,43367081
118.442,compaction_begin,3,0
118.613,compaction_end,3,42992649
118.624,compaction_begin,3,0
118.804,compaction_end,3,43367081
118.814,compaction_begin,3,0
118.987,compaction_end,3,43367082
118.997,compaction_begin,3,0
119.178,compaction_end,3,43367082
119.186,compaction_begin,3,0
119.359,compaction_end,3,42754759
119.371,compaction_begin,3,0
119.556,compaction_end,3,42856069
119.564,compaction_begin,3,0
119.739,compaction_end,3,42992651
119.752,compaction_begin,3,0
119.944,compaction_end,3,43367081
119.954,compaction_begin,3,0
120.143,compaction_end,3,43367081
120.154,compaction_begin,3,0
120.342,compaction_end,3,43367079
120.350,compaction_begin,3,0
120.560,compaction_end,3,42992651
120.572,compaction_begin,3,0
120.771,compaction_end,3,43367078
120.781,compaction_begin,3,0
120.966,compaction_end,3,42992650
120.976,compaction_begin,3,0
121.183,compaction_end,3,45441656
121.193,compaction_begin,3,0
121.381,compaction_end,3,43367081
121.391,compaction_begin,3,0
121.583,compaction_end,3,42992649
121.595,compaction_begin,3,0
121.793,compaction_end,3,44404455
121.803,compaction_begin,3,0
121.995,compaction_end,3,43367079
122.005,compaction_begin,3,0
122.198,compaction_end,3,43367077
122.208,compaction_begin,3,0
122.376,compaction_end,3,43367078
122.386,compaction_begin,3,0
122.554,compaction_end,3,42618170
122.564,compaction_begin,3,0
122.650,flush_begin,0,0
122.662,flush_end,0,2744806
122.750,compaction_end,3,43367079
122.761,compaction_begin,2,0
123.057,compaction_end,2,3265918
123.072,compaction_begin,3,0
123.279,compaction_end,3,42992652
123.291,compaction_begin,3,0
123.452,compaction_end,3,42992651
123.463,compaction_begin,3,0
123.622,compaction_end,3,42992650
123.634,compaction_begin,3,0
123.800,compaction_end,3,43281146
123.810,compaction_begin,3,0
123.974,compaction_end,3,42754759
123.984,compaction_begin,3,0
124.151,compaction_end,3,42992649
124.161,compaction_begin,3,0
124.329,compaction_end,3,43367078
124.339,compaction_begin,3,0
124.507,compaction_end,3,42992649
124.515,compaction_begin,3,0
124.685,compaction_end,3,43367081
124.697,compaction_begin,3,0
124.863,compaction_end,3,42992651
124.873,compaction_begin,3,0
125.042,compaction_end,3,43367081
125.052,compaction_begin,3,0
125.220,compaction_end,3,43367081
125.230,compaction_begin,3,0
125.397,compaction_end,3,43367081
125.408,compaction_begin,3,0
125.579,compaction_end,3,43367079
125.587,compaction_begin,3,0
125.753,compaction_end,3,43367079
125.765,compaction_begin,3,0
125.931,compaction_end,3,43367080
125.941,compaction_begin,3,0
126.111,compaction_end,3,43367081
126.119,compaction_begin,3,0
126.290,compaction_end,3,43367083
126.300,compaction_begin,3,0
126.480,compaction_end,3,45441657
126.492,compaction_begin,3,0
126.659,compaction_end,3,42992647
126.669,compaction_begin,3,0
126.837,compaction_end,3,43367079
126.847,compaction_begin,3,0
127.016,compaction_end,3,43367082
127.026,compaction_begin,3,0
127.204,compaction_end,3,44404454
127.214,compaction_begin,3,0
127.384,compaction_end,3,42992649
127.394,compaction_begin,3,0
127.559,compaction_end,3,41955153
127.570,compaction_begin,3,0
127.739,compaction_end,3,43367079
127.749,compaction_begin,3,0
127.921,compaction_end,3,42992649
127.931,compaction_begin,3,0
128.103,compaction_end,3,42992650
128.113,compaction_begin,3,0
128.150,flush_begin,0,0
128.162,flush_end,0,2744822
128.312,compaction_end,3,43367077
128.322,compaction_begin,2,0
128.608,compaction_end,2,3223846
128.623,compaction_begin,3,0
128.827,compaction_end,3,42992652
128.839,compaction_begin,3,0
129.004,compaction_end,3,42992650
129.015,compaction_begin,3,0
129.180,compaction_end,3,42992651
129.191,compaction_begin,3,0
129.356,compaction_end,3,42992647
129.366,compaction_begin,3,0
129.535,compaction_end,3,43367081
129.545,compaction_begin,3,0
129.712,compaction_end,3,42992651
129.722,compaction_begin,3,0
129.895,compaction_end,3,43367077
129.906,compaction_begin,3,0
130.074,compaction_end,3,42992650
130.084,compaction_begin,3,0
130.254,compaction_end,3,42992649
130.264,compaction_begin,3,0
130.434,compaction_end,3,42992649
130.444,compaction_begin,3,0
130.614,compaction_end,3,43367081
130.624,compaction_begin,3,0
130.795,compaction_end,3,42992649
130.805,compaction_begin,3,0
130.971,compaction_end,3,42992649
130.981,compaction_begin,3,0
131.153,compaction_end,3,43367082
131.163,compaction_begin,3,0
131.332,compaction_end,3,41955153
131.343,compaction_begin,3,0
131.515,compaction_end,3,42754759
131.525,compaction_begin,3,0
131.697,compaction_end,3,43367079
131.707,compaction_begin,3,0
131.878,compaction_end,3,43367079
131.888,compaction_begin,3,0
132.056,compaction_end,3,43367081
132.066,compaction_begin,3,0
132.246,compaction_end,3,45441662
132.256,compaction_begin,3,0
132.425,compaction_end,3,42618170
132.435,compaction_begin,3,0
132.607,compaction_end,3,43367082
132.617,compaction_begin,3,0
132.789,compaction_end,3,43367080
132.799,compaction_begin,3,0
132.968,compaction_end,3,42992648
132.978,compaction_begin,3,0
133.147,compaction_end,3,42992648
133.158,compaction_begin,3,0
133.324,compaction_end,3,42856069
133.334,compaction_begin,3,0
133.504,compaction_end,3,43296550
133.515,compaction_begin,3,0
133.620,flush_begin,0,0
133.631,flush_end,0,2744294
133.705,compaction_end,3,42992648
133.715,compaction_begin,2,0
134.015,compaction_end,2,3220496
134.032,compaction_begin,3,0
134.239,compaction_end,3,42992652
134.251,compaction_begin,3,0
134.416,compaction_end,3,42992650
134.427,compaction_begin,3,0
134.592,compaction_end,3,42992651
134.600,compaction_begin,3,0
134.777,compaction_end,3,45441657
134.790,compaction_begin,3,0
134.957,compaction_end,3,43367079
134.967,compaction_begin,3,0
135.134,compaction_end,3,42754759
135.144,compaction_begin,3,0
135.318,compaction_end,3,43367081
135.328,compaction_begin,3,0
135.500,compaction_end,3,43367081
135.510,compaction_begin,3,0
135.684,compaction_end,3,43367079
135.694,compaction_begin,3,0
135.880,compaction_end,3,44181989
135.890,compaction_begin,3,0
136.059,compaction_end,3,42992649
136.069,compaction_begin,3,0
136.242,compaction_end,3,42992650
136.252,compaction_begin,3,0
136.422,compaction_end,3,43367082
136.432,compaction_begin,3,0
136.603,compaction_end,3,43367077
136.613,compaction_begin,3,0
136.784,compaction_end,3,42992647
136.794,compaction_begin,3,0
136.967,compaction_end,3,43367083
136.977,compaction_begin,3,0
137.148,compaction_end,3,42992651
137.158,compaction_begin,3,0
137.329,compaction_end,3,43367078
137.339,compaction_begin,3,0
137.510,compaction_end,3,43367082
137.521,compaction_begin,3,0
137.689,compaction_end,3,42992648
137.699,compaction_begin,3,0
137.867,compaction_end,3,42618171
137.877,compaction_begin,3,0
138.047,compaction_end,3,42992650
138.057,compaction_begin,3,0
138.226,compaction_end,3,42992649
138.236,compaction_begin,3,0
138.403,compaction_end,3,42856069
138.413,compaction_begin,3,0
138.582,compaction_end,3,43367080
138.592,compaction_begin,3,0
138.761,compaction_end,3,42992649
138.771,compaction_begin,3,0
138.938,compaction_end,3,43367080
138.948,compaction_begin,3,0
139.072,flush_begin,0,0
139.083,flush_end,0,2744725
139.137,compaction_end,3,42992649
139.147,compaction_begin,2,0
139.433,compaction_end,2,3199246
139.447,compaction_begin,3,0
139.648,compaction_end,3,42992652
139.660,compaction_begin,3,0
139.822,compaction_end,3,42992651
139.833,compaction_begin,3,0
139.997,compaction_end,3,42754759
140.007,compaction_begin,3,0
140.176,compaction_end,3,43281146
140.186,compaction_begin,3,0
140.349,compaction_end,3,42992650
140.363,compaction_begin,3,0
140.528,compaction_end,3,43367079
140.539,compaction_begin,3,0
140.705,compaction_end,3,42992651
140.715,compaction_begin,3,0
140.885,compaction_end,3,43367082
140.895,compaction_begin,3,0
141.063,compaction_end,3,42992647
141.073,compaction_begin,3,0
141.243,compaction_end,3,42992649
141.253,compaction_begin,3,0
141.421,compaction_end,3,42992650
141.430,compaction_begin,3,0
141.597,compaction_end,3,43367080
141.609,compaction_begin,3,0
141.777,compaction_end,3,43367077
141.787,compaction_begin,3,0
141.954,compaction_end,3,42992653
141.964,compaction_begin,3,0
142.133,compaction_end,3,43367079
142.143,compaction_begin,3,0
142.314,compaction_end,3,43367081
142.324,compaction_begin,3,0
142.500,compaction_end,3,42856069
142.510,compaction_begin,3,0
142.687,compaction_end,3,42992649
142.697,compaction_begin,3,0
142.869,compaction_end,3,42992649
142.879,compaction_begin,3,0
143.053,compaction_end,3,43367078
143.063,compaction_begin,3,0
143.236,compaction_end,3,43367077
143.247,compaction_begin,3,0
143.423,compaction_end,3,43367078
143.433,compaction_begin,3,0
143.605,compaction_end,3,43367081
143.615,compaction_begin,3,0
143.797,compaction_end,3,45441662
143.807,compaction_begin,3,0
143.976,compaction_end,3,42992649
143.987,compaction_begin,3,0
144.158,compaction_end,3,43367080
144.168,compaction_begin,3,0
144.337,compaction_end,3,42992648
144.345,compaction_begin,3,0
144.502,flush_begin,0,0
144.514,flush_end,0,2744559
144.536,compaction_end,3,42992650
144.546,compaction_begin,2,0
144.837,compaction_end,2,3281962
144.854,compaction_begin,3,0
145.063,compaction_end,3,42992652
145.075,compaction_begin,3,0
145.237,compaction_end,3,42992651
145.248,compaction_begin,3,0
145.414,compaction_end,3,43367082
145.424,compaction_begin,3,0
145.589,compaction_end,3,42992650
145.600,compaction_begin,3,0
145.766,compaction_end,3,43367081
145.776,compaction_begin,3,0
145.940,compaction_end,3,42992651
145.950,compaction_begin,3,0
146.115,compaction_end,3,42992649
146.125,compaction_begin,3,0
146.294,compaction_end,3,43367077
146.304,compaction_begin,3,0
146.472,compaction_end,3,43367081
146.482,compaction_begin,3,0
146.650,compaction_end,3,43367079
146.661,compaction_begin,3,0
146.828,compaction_end,3,43367077
146.838,compaction_begin,3,0
147.005,compaction_end,3,43367081
147.015,compaction_begin,3,0
147.183,compaction_end,3,42754759
147.191,compaction_begin,3,0
147.360,compaction_end,3,43367079
147.373,compaction_begin,3,0
147.544,compaction_end,3,43367083
147.554,compaction_begin,3,0
147.721,compaction_end,3,42992649
147.731,compaction_begin,3,0
147.898,compaction_end,3,42992649
147.909,compaction_begin,3,0
148.079,compaction_end,3,42992647
148.089,compaction_begin,3,0
148.257,compaction_end,3,43367079
148.267,compaction_begin,3,0
148.433,compaction_end,3,43367081
148.443,compaction_begin,3,0
148.608,compaction_end,3,42618171
148.618,compaction_begin,3,0
148.784,compaction_end,3,43367080
148.794,compaction_begin,3,0
148.962,compaction_end,3,43367081
148.970,compaction_begin,3,0
149.136,compaction_end,3,42992650
149.148,compaction_begin,3,0
149.313,compaction_end,3,42992653
149.321,compaction_begin,3,0
149.489,compaction_end,3,43281146
149.501,compaction_begin,3,0
149.669,compaction_end,3,43367079
149.679,compaction_begin,3,0
149.849,compaction_end,3,43367078
149.859,compaction_begin,3,0
149.988,flush_begin,0,0
149.999,flush_end,0,2744631
150.045,compaction_end,3,42243698
150.053,compaction_begin,2,0
150.354,compaction_end,2,3233055
150.382,compaction_begin,3,0
150.588,compaction_end,3,42992652
150.600,compaction_begin,3,0
150.775,compaction_end,3,42992651
150.786,compaction_begin,3,0
150.953,compaction_end,3,42992650
150.964,compaction_begin,3,0
151.131,compaction_end,3,42992649
151.141,compaction_begin,3,0
151.312,compaction_end,3,42992649
151.320,compaction_begin,3,0
151.498,compaction_end,3,42754759
151.511,compaction_begin,3,0
151.685,compaction_end,3,43367078
151.695,compaction_begin,3,0
151.875,compaction_end,3,43367081
151.885,compaction_begin,3,0
152.073,compaction_end,3,42992649
152.083,compaction_begin,3,0
152.252,compaction_end,3,42992651
152.262,compaction_begin,3,0
152.437,compaction_end,3,42992649
152.448,compaction_begin,3,0
152.621,compaction_end,3,43367079
152.629,compaction_begin,3,0
152.747,compaction_end,3,27042050
152.758,compaction_begin,3,0
152.938,compaction_end,3,43367079
152.948,compaction_begin,3,0
153.121,compaction_end,3,43367083
153.131,compaction_begin,3,0
153.304,compaction_end,3,43367077
153.314,compaction_begin,3,0
153.487,compaction_end,3,43367079
153.497,compaction_begin,3,0
153.675,compaction_end,3,43367078
153.683,compaction_begin,3,0
153.859,compaction_end,3,43367080
153.871,compaction_begin,3,0
154.049,compaction_end,3,43367080
154.059,compaction_begin,3,0
154.230,compaction_end,3,43367078
154.240,compaction_begin,3,0
154.411,compaction_end,3,42992650
154.421,compaction_begin,3,0
154.594,compaction_end,3,41955153
154.604,compaction_begin,3,0
154.781,compaction_end,3,43367081
154.791,compaction_begin,3,0
154.970,compaction_end,3,43367080
154.980,compaction_begin,3,0
155.151,compaction_end,3,43367082
155.161,compaction_begin,3,0
155.334,compaction_end,3,43367081
155.344,compaction_begin,3,0
155.449,flush_begin,0,0
155.461,flush_end,0,2744680
155.546,compaction_end,3,45441662
155.556,compaction_begin,2,0
155.850,compaction_end,2,3214920
155.870,compaction_begin,3,0
156.077,compaction_end,3,42992652
156.085,compaction_begin,3,0
156.265,compaction_end,3,42992650
156.280,compaction_begin,3,0
156.450,compaction_end,3,42992651
156.461,compaction_begin,3,0
156.634,compaction_end,3,43367081
156.644,compaction_begin,3,0
156.817,compaction_end,3,43367081
156.827,compaction_begin,3,0
157.000,compaction_end,3,42992649
157.010,compaction_begin,3,0
157.184,compaction_end,3,43367082
157.195,compaction_begin,3,0
157.366,compaction_end,3,42754759
157.376,compaction_begin,3,0
157.545,compaction_end,3,42992651
157.555,compaction_begin,3,0
157.735,compaction_end,3,43807604
157.745,compaction_begin,3,0
157.918,compaction_end,3,43281146
157.929,compaction_begin,3,0
158.107,compaction_end,3,42992649
158.117,compaction_begin,3,0
158.294,compaction_end,3,42618170
158.302,compaction_begin,3,0
158.480,compaction_end,3,43367083
158.493,compaction_begin,3,0
158.677,compaction_end,3,42992650
158.688,compaction_begin,3,0
158.875,compaction_end,3,43367081
158.883,compaction_begin,3,0
159.074,compaction_end,3,42992649
159.086,compaction_begin,3,0
159.286,compaction_end,3,42992649
159.296,compaction_begin,3,0
159.426,compaction_end,3,27042050
159.436,compaction_begin,3,0
159.638,compaction_end,3,43367077
159.648,compaction_begin,3,0
159.845,compaction_end,3,42992650
159.855,compaction_begin,3,0
160.053,compaction_end,3,43367078
160.063,compaction_begin,3,0
160.262,compaction_end,3,43367079
160.272,compaction_begin,3,0
160.479,compaction_end,3,43807607
160.489,compaction_begin,3,0
160.689,compaction_end,3,42992649
160.699,compaction_begin,3,0
160.888,flush_begin,0,0
160.899,flush_end,0,2744835
160.915,compaction_end,3,43367081
160.925,compaction_begin,2,0
161.209,compaction_end,2,3278910
161.224,compaction_begin,3,0
161.430,compaction_end,3,42992652
161.442,compaction_begin,3,0
161.610,compaction_end,3,42992651
161.621,compaction_begin,3,0
161.788,compaction_end,3,42992650
161.799,compaction_begin,3,0
161.968,compaction_end,3,42992651
161.978,compaction_begin,3,0
162.153,compaction_end,3,43367081
162.163,compaction_begin,3,0
162.334,compaction_end,3,42856069
162.344,compaction_begin,3,0
162.521,compaction_end,3,43367079
162.532,compaction_begin,3,0
162.707,compaction_end,3,43367081
162.717,compaction_begin,3,0
162.889,compaction_end,3,42754759
162.899,compaction_begin,3,0
163.073,compaction_end,3,43367078
163.081,compaction_begin,3,0
163.253,compaction_end,3,42992648
163.265,compaction_begin,3,0
163.437,compaction_end,3,42992649
163.445,compaction_begin,3,0
163.620,compaction_end,3,43367082
163.632,compaction_begin,3,0
163.807,compaction_end,3,43367082
163.817,compaction_begin,3,0
163.991,compaction_end,3,43367078
164.001,compaction_begin,3,0
164.176,compaction_end,3,43367077
164.186,compaction_begin,3,0
164.358,compaction_end,3,43367083
164.368,compaction_begin,3,0
164.539,compaction_end,3,43367079
164.549,compaction_begin,3,0
164.723,compaction_end,3,43367083
164.731,compaction_begin,3,0
164.907,compaction_end,3,43367077
164.919,compaction_begin,3,0
165.100,compaction_end,3,43367079
165.110,compaction_begin,3,0
165.286,compaction_end,3,43433215
165.296,compaction_begin,3,0
165.462,compaction_end,3,42992651
165.472,compaction_begin,3,0
165.641,compaction_end,3,42992649
165.651,compaction_begin,3,0
165.819,compaction_end,3,42992653
165.829,compaction_begin,3,0
165.997,compaction_end,3,43367079
166.007,compaction_begin,3,0
166.180,compaction_end,3,43367083
166.190,compaction_begin,3,0
166.360,compaction_end,3,43367081
166.370,flush_begin,0,0
166.382,flush_end,0,2744437
166.391,compaction_begin,2,0
166.687,compaction_end,2,3300075
166.706,compaction_begin,3,0
166.915,compaction_end,3,42992652
166.927,compaction_begin,3,0
167.090,compaction_end,3,42992651
167.101,compaction_begin,3,0
167.264,compaction_end,3,42992650
167.276,compaction_begin,3,0
167.439,compaction_end,3,42992651
167.450,compaction_begin,3,0
167.615,compaction_end,3,43367079
167.625,compaction_begin,3,0
167.790,compaction_end,3,43367077
167.800,compaction_begin,3,0
167.964,compaction_end,3,42754759
167.974,compaction_begin,3,0
168.144,compaction_end,3,43367082
168.153,compaction_begin,3,0
168.321,compaction_end,3,42992650
168.331,compaction_begin,3,0
168.501,compaction_end,3,43367083
168.511,compaction_begin,3,0
168.679,compaction_end,3,42992649
168.689,compaction_begin,3,0
168.857,compaction_end,3,43281146
168.867,compaction_begin,3,0
169.035,compaction_end,3,43367082
169.045,compaction_begin,3,0
169.217,compaction_end,3,43367078
169.227,compaction_begin,3,0
169.396,compaction_end,3,43367079
169.406,compaction_begin,3,0
169.575,compaction_end,3,43367081
169.585,compaction_begin,3,0
169.755,compaction_end,3,43367078
169.765,compaction_begin,3,0
169.933,compaction_end,3,42992649
169.943,compaction_begin,3,0
170.110,compaction_end,3,42992647
170.120,compaction_begin,3,0
170.290,compaction_end,3,43367083
170.300,compaction_begin,3,0
170.467,compaction_end,3,42992649
170.477,compaction_begin,3,0
170.647,compaction_end,3,43367081
170.657,compaction_begin,3,0
170.826,compaction_end,3,43367081
170.836,compaction_begin,3,0
171.004,compaction_end,3,42618171
171.014,compaction_begin,3,0
171.185,compaction_end,3,43367079
171.195,compaction_begin,3,0
171.369,compaction_end,3,43367078
171.379,compaction_begin,3,0
171.550,compaction_end,3,42992653
171.558,compaction_begin,3,0
171.665,compaction_end,3,27042050
171.676,compaction_begin,3,0
171.847,compaction_end,3,43367082
171.857,compaction_begin,3,0
171.886,flush_begin,0,0
171.897,flush_end,0,2744459
172.043,compaction_end,3,43367081
172.053,compaction_begin,2,0
172.343,compaction_end,2,3287945
172.361,compaction_begin,3,0
172.588,compaction_end,3,42992652
172.595,compaction_begin,3,0
172.759,compaction_end,3,42992650
172.774,compaction_begin,3,0
172.937,compaction_end,3,42992651
172.947,compaction_begin,3,0
173.110,compaction_end,3,42992651
173.122,compaction_begin,3,0
173.289,compaction_end,3,43367077
173.299,compaction_begin,3,0
173.466,compaction_end,3,43367078
173.476,compaction_begin,3,0
173.645,compaction_end,3,43367079
173.655,compaction_begin,3,0
173.820,compaction_end,3,42992649
173.830,compaction_begin,3,0
173.998,compaction_end,3,43367081
174.008,compaction_begin,3,0
174.178,compaction_end,3,43367079
174.188,compaction_begin,3,0
174.357,compaction_end,3,42754759
174.367,compaction_begin,3,0
174.535,compaction_end,3,41955153
174.545,compaction_begin,3,0
174.717,compaction_end,3,43367082
174.727,compaction_begin,3,0
174.897,compaction_end,3,42992648
174.907,compaction_begin,3,0
175.078,compaction_end,3,43367079
175.088,compaction_begin,3,0
175.256,compaction_end,3,42992650
175.266,compaction_begin,3,0
175.433,compaction_end,3,43367078
175.443,compaction_begin,3,0
175.612,compaction_end,3,43367078
175.622,compaction_begin,3,0
175.790,compaction_end,3,42992649
175.800,compaction_begin,3,0
175.970,compaction_end,3,43367081
175.980,compaction_begin,3,0
176.150,compaction_end,3,43367079
176.160,compaction_begin,3,0
176.329,compaction_end,3,43367080
176.339,compaction_begin,3,0
176.507,compaction_end,3,43367078
176.517,compaction_begin,3,0
176.683,compaction_end,3,42618171
176.693,compaction_begin,3,0
176.862,compaction_end,3,42992649
176.872,compaction_begin,3,0
177.042,compaction_end,3,42992651
177.052,compaction_begin,3,0
177.222,compaction_end,3,43367083
177.230,compaction_begin,3,0
177.391,flush_begin,0,0
177.402,flush_end,0,2745018
177.423,compaction_end,3,42992648
177.433,compaction_begin,2,0
177.725,compaction_end,2,3284026
177.745,compaction_begin,3,0
177.955,compaction_end,3,42992652
177.967,compaction_begin,3,0
178.136,compaction_end,3,42992651
178.146,compaction_begin,3,0
178.315,compaction_end,3,42992650
178.323,compaction_begin,3,0
178.492,compaction_end,3,42992651
178.506,compaction_begin,3,0
178.673,compaction_end,3,43367077
178.683,compaction_begin,3,0
178.860,compaction_end,3,43367082
178.870,compaction_begin,3,0
179.049,compaction_end,3,43367081
179.059,compaction_begin,3,0
179.250,compaction_end,3,43367081
179.260,compaction_begin,3,0
179.430,compaction_end,3,42992649
179.440,compaction_begin,3,0
179.612,compaction_end,3,42754759
179.623,compaction_begin,3,0
179.806,compaction_end,3,43367078
179.816,compaction_begin,3,0
179.995,compaction_end,3,43367083
180.006,compaction_begin,3,0
180.183,compaction_end,3,43367079
180.193,compaction_begin,3,0
180.369,compaction_end,3,43367080
180.379,compaction_begin,3,0
180.561,compaction_end,3,43367078
180.571,compaction_begin,3,0
180.752,compaction_end,3,43367079
180.763,compaction_begin,3,0
180.954,compaction_end,3,45441659
180.963,compaction_begin,3,0
181.142,compaction_end,3,42992650
181.152,compaction_begin,3,0
181.324,compaction_end,3,43367081
181.334,compaction_begin,3,0
181.512,compaction_end,3,42992649
181.523,compaction_begin,3,0
181.698,compaction_end,3,42992650
181.708,compaction_begin,3,0
181.888,compaction_end,3,43367077
181.898,compaction_begin,3,0
182.081,compaction_end,3,43367082
182.090,compaction_begin,3,0
182.266,compaction_end,3,43367078
182.276,compaction_begin,3,0
182.456,compaction_end,3,42992650
182.466,compaction_begin,3,0
182.638,compaction_end,3,42618170
182.648,compaction_begin,3,0
182.826,compaction_end,3,43367079
182.836,compaction_begin,3,0
182.892,flush_begin,0,0
182.903,flush_end,0,2744788
183.035,compaction_end,3,43281146
183.045,compaction_begin,2,0
183.336,compaction_end,2,3297317
183.354,compaction_begin,3,0
183.572,compaction_end,3,42992652
183.584,compaction_begin,3,0
183.756,compaction_end,3,42992651
183.767,compaction_begin,3,0
183.944,compaction_end,3,42992650
183.956,compaction_begin,3,0
184.123,compaction_end,3,42992648
184.134,compaction_begin,3,0
184.302,compaction_end,3,42992651
184.313,compaction_begin,3,0
184.487,compaction_end,3,43367081
184.497,compaction_begin,3,0
184.676,compaction_end,3,42754759
184.686,compaction_begin,3,0
184.857,compaction_end,3,43367083
184.867,compaction_begin,3,0
185.060,compaction_end,3,43367082
185.070,compaction_begin,3,0
185.260,compaction_end,3,42618170
185.270,compaction_begin,3,0
185.370,compaction_end,3,22705340
185.379,compaction_begin,3,0
185.571,compaction_end,3,43367077
185.581,compaction_begin,3,0
185.772,compaction_end,3,43367079
185.782,compaction_begin,3,0
185.972,compaction_end,3,42992649
185.982,compaction_begin,3,0
186.173,compaction_end,3,43367079
186.183,compaction_begin,3,0
186.374,compaction_end,3,43367083
186.384,compaction_begin,3,0
186.575,compaction_end,3,43367077
186.585,compaction_begin,3,0
186.769,compaction_end,3,43367080
186.779,compaction_begin,3,0
186.949,compaction_end,3,43367078
186.959,compaction_begin,3,0
187.131,compaction_end,3,43367081
187.141,compaction_begin,3,0
187.313,compaction_end,3,43367079
187.323,compaction_begin,3,0
187.490,compaction_end,3,42618171
187.500,compaction_begin,3,0
187.672,compaction_end,3,43367083
187.682,compaction_begin,3,0
187.852,compaction_end,3,43281146
187.863,compaction_begin,3,0
188.030,compaction_end,3,42992648
188.040,compaction_begin,3,0
188.217,compaction_end,3,42992650
188.227,compaction_begin,3,0
188.379,flush_begin,0,0
188.391,flush_end,0,2744736
188.418,compaction_end,3,43367078
188.428,compaction_begin,2,0
188.723,compaction_end,2,3375228
188.744,compaction_begin,3,0
188.947,compaction_end,3,42992652
188.959,compaction_begin,3,0
189.123,compaction_end,3,42992650
189.135,compaction_begin,3,0
189.300,compaction_end,3,42992649
189.310,compaction_begin,3,0
189.479,compaction_end,3,43367082
189.489,compaction_begin,3,0
189.657,compaction_end,3,42992651
189.667,compaction_begin,3,0
189.834,compaction_end,3,43367077
189.844,compaction_begin,3,0
190.010,compaction_end,3,42992651
190.020,compaction_begin,3,0
190.187,compaction_end,3,42856069
190.197,compaction_begin,3,0
190.363,compaction_end,3,42992649
190.373,compaction_begin,3,0
190.542,compaction_end,3,42754759
190.552,compaction_begin,3,0
190.716,compaction_end,3,42992650
190.726,compaction_begin,3,0
190.894,compaction_end,3,43367077
190.904,compaction_begin,3,0
191.071,compaction_end,3,43367078
191.081,compaction_begin,3,0
191.249,compaction_end,3,43367082
191.259,compaction_begin,3,0
191.427,compaction_end,3,43367080
191.437,compaction_begin,3,0
191.608,compaction_end,3,43367081
191.618,compaction_begin,3,0
191.786,compaction_end,3,43367080
191.795,compaction_begin,3,0
191.962,compaction_end,3,43367081
191.972,compaction_begin,3,0
192.143,compaction_end,3,42992650
192.153,compaction_begin,3,0
192.322,compaction_end,3,43367079
192.331,compaction_begin,3,0
192.502,compaction_end,3,43367079
192.510,compaction_begin,3,0
192.686,compaction_end,3,43893497
192.698,compaction_begin,3,0
192.867,compaction_end,3,42992649
192.878,compaction_begin,3,0
193.041,compaction_end,3,41955153
193.051,compaction_begin,3,0
193.218,compaction_end,3,43367081
193.228,compaction_begin,3,0
193.398,compaction_end,3,43367081
193.407,compaction_begin,3,0
193.576,compaction_end,3,43367078
193.586,compaction_begin,3,0
193.756,compaction_end,3,43367082
193.766,compaction_begin,3,0
193.804,flush_begin,0,0
193.815,flush_end,0,2744314
193.956,compaction_end,3,42992649
193.966,compaction_begin,2,0
194.253,compaction_end,2,3261384
194.268,compaction_begin,3,0
194.471,compaction_end,3,42992652
194.483,compaction_begin,3,0
194.646,compaction_end,3,42992650
194.658,compaction_begin,3,0
194.821,compaction_end,3,42992651
194.832,compaction_begin,3,0
194.995,compaction_end,3,42992651
195.007,compaction_begin,3,0
195.173,compaction_end,3,43367078
195.182,compaction_begin,3,0
195.353,compaction_end,3,43367079
195.362,compaction_begin,3,0
195.533,compaction_end,3,43367077
195.542,compaction_begin,3,0
195.715,compaction_end,3,43367081
195.725,compaction_begin,3,0
195.895,compaction_end,3,42992650
195.905,compaction_begin,3,0
196.074,compaction_end,3,43367083
196.084,compaction_begin,3,0
196.255,compaction_end,3,43367082
196.264,compaction_begin,3,0
196.434,compaction_end,3,42618170
196.444,compaction_begin,3,0
196.539,compaction_end,3,22705340
196.548,compaction_begin,3,0
196.715,compaction_end,3,42754759
196.726,compaction_begin,3,0
196.894,compaction_end,3,43367077
196.904,compaction_begin,3,0
197.087,compaction_end,3,46205930
197.098,compaction_begin,3,0
197.267,compaction_end,3,42992653
197.277,compaction_begin,3,0
197.448,compaction_end,3,43367078
197.458,compaction_begin,3,0
197.628,compaction_end,3,42992649
197.638,compaction_begin,3,0
197.804,compaction_end,3,42992649
197.814,compaction_begin,3,0
197.985,compaction_end,3,43367081
197.994,compaction_begin,3,0
198.163,compaction_end,3,42992654
198.173,compaction_begin,3,0
198.341,compaction_end,3,42992650
198.351,compaction_begin,3,0
198.518,compaction_end,3,43281146
198.528,compaction_begin,3,0
198.694,compaction_end,3,43367080
198.704,compaction_begin,3,0
198.869,compaction_end,3,41955153
198.879,compaction_begin,3,0
199.046,compaction_end,3,43367082
199.055,compaction_begin,3,0
199.225,compaction_end,3,43367077
199.235,compaction_begin,3,0
199.256,flush_begin,0,0
199.268,flush_end,0,2744667
199.428,compaction_end,3,43367081
199.437,compaction_begin,2,0
199.730,compaction_end,2,3261106
199.748,compaction_begin,3,0
199.954,compaction_end,3,42992652
199.966,compaction_begin,3,0
200.129,compaction_end,3,42992651
200.141,compaction_begin,3,0
200.306,compaction_end,3,42992651
200.317,compaction_begin,3,0
200.483,compaction_end,3,42992650
200.495,compaction_begin,3,0
200.661,compaction_end,3,42992649
200.671,compaction_begin,3,0
200.836,compaction_end,3,42992649
200.845,compaction_begin,3,0
201.010,compaction_end,3,43367077
201.023,compaction_begin,3,0
201.193,compaction_end,3,43367079
201.200,compaction_begin,3,0
201.368,compaction_end,3,43367081
201.380,compaction_begin,3,0
201.549,compaction_end,3,43367077
201.559,compaction_begin,3,0
201.726,compaction_end,3,43367083
201.735,compaction_begin,3,0
201.903,compaction_end,3,43367078
201.913,compaction_begin,3,0
202.080,compaction_end,3,43367081
202.090,compaction_begin,3,0
202.183,compaction_end,3,22705340
202.192,compaction_begin,3,0
202.361,compaction_end,3,43367078
202.371,compaction_begin,3,0
202.547,compaction_end,3,43281146
202.567,compaction_begin,3,0
202.737,compaction_end,3,43367082
202.748,compaction_begin,3,0
202.922,compaction_end,3,43367080
202.932,compaction_begin,3,0
203.117,compaction_end,3,43433215
203.127,compaction_begin,3,0
203.295,compaction_end,3,42684154
203.305,compaction_begin,3,0
203.478,compaction_end,3,43367083
203.487,compaction_begin,3,0
203.653,compaction_end,3,42754759
203.664,compaction_begin,3,0
203.833,compaction_end,3,43367078
203.842,compaction_begin,3,0
204.015,compaction_end,3,43367079
204.024,compaction_begin,3,0
204.194,compaction_end,3,43367082
204.204,compaction_begin,3,0
204.375,compaction_end,3,42992651
204.384,compaction_begin,3,0
204.553,compaction_end,3,43367077
204.563,compaction_begin,3,0
204.650,flush_begin,0,0
204.661,flush_end,0,2744868
204.751,compaction_end,3,42992650
204.761,compaction_begin,2,0
205.056,compaction_end,2,3270539
205.076,compaction_begin,3,0
205.280,compaction_end,3,42992652
205.292,compaction_begin,3,0
205.470,compaction_end,3,42992650
205.483,compaction_begin,3,0
205.644,compaction_end,3,42992651
205.656,compaction_begin,3,0
205.819,compaction_end,3,43367078
205.829,compaction_begin,3,0
205.996,compaction_end,3,42992651
206.007,compaction_begin,3,0
206.176,compaction_end,3,43367081
206.187,compaction_begin,3,0
206.361,compaction_end,3,43367082
206.371,compaction_begin,3,0
206.539,compaction_end,3,43367081
206.549,compaction_begin,3,0
206.717,compaction_end,3,42992649
206.726,compaction_begin,3,0
206.896,compaction_end,3,43367081
206.906,compaction_begin,3,0
207.075,compaction_end,3,42754759
207.086,compaction_begin,3,0
207.255,compaction_end,3,43367079
207.266,compaction_begin,3,0
207.433,compaction_end,3,43367078
207.443,compaction_begin,3,0
207.617,compaction_end,3,43367077
207.627,compaction_begin,3,0
207.796,compaction_end,3,42992649
207.806,compaction_begin,3,0
207.973,compaction_end,3,42992649
207.983,compaction_begin,3,0
208.156,compaction_end,3,43367081
208.166,compaction_begin,3,0
208.335,compaction_end,3,43367084
208.345,compaction_begin,3,0
208.514,compaction_end,3,42856069
208.524,compaction_begin,3,0
208.692,compaction_end,3,43367079
208.701,compaction_begin,3,0
208.870,compaction_end,3,43367079
208.879,compaction_begin,3,0
209.048,compaction_end,3,43367082
209.057,compaction_begin,3,0
209.227,compaction_end,3,43367078
209.236,compaction_begin,3,0
209.406,compaction_end,3,43367083
209.417,compaction_begin,3,0
209.588,compaction_end,3,43367081
209.597,compaction_begin,3,0
209.766,compaction_end,3,43367080
209.776,compaction_begin,3,0
209.944,compaction_end,3,42992652
209.954,compaction_begin,3,0
210.123,compaction_end,3,43367083
210.134,compaction_begin,3,0
210.137,flush_begin,0,0
210.148,flush_end,0,2744702
210.327,compaction_end,3,43367081
210.337,compaction_begin,2,0
210.631,compaction_end,2,3275900
210.652,compaction_begin,3,0
210.857,compaction_end,3,42992652
210.869,compaction_begin,3,0
211.040,compaction_end,3,42992651
211.051,compaction_begin,3,0
211.215,compaction_end,3,42992650
211.226,compaction_begin,3,0
211.396,compaction_end,3,43367079
211.406,compaction_begin,3,0
211.576,compaction_end,3,43367077
211.585,compaction_begin,3,0
211.753,compaction_end,3,42754759
211.764,compaction_begin,3,0
211.933,compaction_end,3,43367082
211.943,compaction_begin,3,0
212.113,compaction_end,3,42992650
212.124,compaction_begin,3,0
212.293,compaction_end,3,42992649
212.303,compaction_begin,3,0
212.472,compaction_end,3,42992651
212.482,compaction_begin,3,0
212.648,compaction_end,3,42992649
212.658,compaction_begin,3,0
212.827,compaction_end,3,43367082
212.836,compaction_begin,3,0
213.009,compaction_end,3,43367078
213.020,compaction_begin,3,0
213.213,compaction_end,3,43367079
213.223,compaction_begin,3,0
213.404,compaction_end,3,43367081
213.414,compaction_begin,3,0
213.581,compaction_end,3,42856069
213.592,compaction_begin,3,0
213.757,compaction_end,3,42992650
213.765,compaction_begin,3,0
213.931,compaction_end,3,42992648
213.943,compaction_begin,3,0
214.111,compaction_end,3,42992649
214.120,compaction_begin,3,0
214.287,compaction_end,3,42684154
214.298,compaction_begin,3,0
214.465,compaction_end,3,43367082
214.476,compaction_begin,3,0
214.641,compaction_end,3,42992648
214.650,compaction_begin,3,0
214.821,compaction_end,3,43367077
214.832,compaction_begin,3,0
214.999,compaction_end,3,43367079
215.009,compaction_begin,3,0
215.179,compaction_end,3,42618170
215.190,compaction_begin,3,0
215.361,compaction_end,3,43367078
215.371,compaction_begin,3,0
215.541,compaction_end,3,43367083
215.550,compaction_begin,3,0
215.621,flush_begin,0,0
215.632,flush_end,0,2744371
215.740,compaction_end,3,42992652
215.750,compaction_begin,2,0
216.032,compaction_end,2,3303848
216.045,compaction_begin,3,0
216.233,compaction_end,3,42992652
216.245,compaction_begin,3,0
216.409,compaction_end,3,42992653
216.420,compaction_begin,3,0
216.583,compaction_end,3,42992650
216.595,compaction_begin,3,0
216.759,compaction_end,3,43367077
216.770,compaction_begin,3,0
216.932,compaction_end,3,42992654
216.943,compaction_begin,3,0
217.110,compaction_end,3,43367079
217.120,compaction_begin,3,0
217.288,compaction_end,3,43367079
217.298,compaction_begin,3,0
217.468,compaction_end,3,43367080
217.478,compaction_begin,3,0
217.646,compaction_end,3,42754753
217.657,compaction_begin,3,0
217.829,compaction_end,3,42992650
217.838,compaction_begin,3,0
218.011,compaction_end,3,43367077
218.022,compaction_begin,3,0
218.198,compaction_end,3,42992650
218.206,compaction_begin,3,0
218.377,compaction_end,3,43367078
218.388,compaction_begin,3,0
218.560,compaction_end,3,43367078
218.570,compaction_begin,3,0
218.743,compaction_end,3,42992648
218.755,compaction_begin,3,0
218.931,compaction_end,3,43367081
218.941,compaction_begin,3,0
219.114,compaction_end,3,43367082
219.124,compaction_begin,3,0
219.300,compaction_end,3,43433219
219.311,compaction_begin,3,0
219.481,compaction_end,3,42856074
219.491,compaction_begin,3,0
219.664,compaction_end,3,43367081
219.675,compaction_begin,3,0
219.845,compaction_end,3,43281146
219.856,compaction_begin,3,0
220.030,compaction_end,3,43367083
220.041,compaction_begin,3,0
220.216,compaction_end,3,43367081
220.227,compaction_begin,3,0
220.399,compaction_end,3,43367077
220.410,compaction_begin,3,0
220.580,compaction_end,3,42992652
220.590,compaction_begin,3,0
220.755,compaction_end,3,43367080
220.765,compaction_begin,3,0
220.929,compaction_end,3,42992654
220.939,compaction_begin,3,0
221.108,compaction_end,3,43367080
221.119,flush_begin,0,0
221.130,flush_end,0,2744531
221.139,compaction_begin,2,0
221.439,compaction_end,2,3280488
221.459,compaction_begin,3,0
221.668,compaction_end,3,42992650
221.681,compaction_begin,3,0
221.849,compaction_end,3,42992650
221.860,compaction_begin,3,0
222.034,compaction_end,3,42754758
222.045,compaction_begin,3,0
222.216,compaction_end,3,42992649
222.227,compaction_begin,3,0
222.395,compaction_end,3,43367079
222.403,compaction_begin,3,0
222.572,compaction_end,3,42992649
222.585,compaction_begin,3,0
222.755,compaction_end,3,43367079
222.765,compaction_begin,3,0
222.935,compaction_end,3,43367078
222.945,compaction_begin,3,0
223.114,compaction_end,3,43367082
223.123,compaction_begin,3,0
223.294,compaction_end,3,43367083
223.304,compaction_begin,3,0
223.476,compaction_end,3,43058651
223.486,compaction_begin,3,0
223.655,compaction_end,3,43367079
223.664,compaction_begin,3,0
223.834,compaction_end,3,42618173
223.844,compaction_begin,3,0
224.016,compaction_end,3,43367081
224.026,compaction_begin,3,0
224.198,compaction_end,3,43367083
224.205,compaction_begin,3,0
224.376,compaction_end,3,43367082
224.388,compaction_begin,3,0
224.555,compaction_end,3,42618170
224.565,compaction_begin,3,0
224.736,compaction_end,3,43367081
224.746,compaction_begin,3,0
224.915,compaction_end,3,43367081
224.925,compaction_begin,3,0
225.098,compaction_end,3,43367079
225.108,compaction_begin,3,0
225.280,compaction_end,3,43367077
225.291,compaction_begin,3,0
225.464,compaction_end,3,43367079
225.474,compaction_begin,3,0
225.646,compaction_end,3,43367078
225.656,compaction_begin,3,0
225.832,compaction_end,3,43367080
225.842,compaction_begin,3,0
226.011,compaction_end,3,43367078
226.021,compaction_begin,3,0
226.193,compaction_end,3,43367082
226.203,compaction_begin,3,0
226.376,compaction_end,3,43281144
226.386,compaction_begin,3,0
226.533,flush_begin,0,0
226.544,flush_end,0,2744387
226.576,compaction_end,3,42992650
226.586,compaction_begin,2,0
226.876,compaction_end,2,3209595
226.891,compaction_begin,3,0
227.095,compaction_end,3,42992650
227.106,compaction_begin,3,0
227.271,compaction_end,3,42992650
227.283,compaction_begin,3,0
227.452,compaction_end,3,42992649
227.463,compaction_begin,3,0
227.633,compaction_end,3,43367081
227.643,compaction_begin,3,0
227.814,compaction_end,3,43367077
227.825,compaction_begin,3,0
227.995,compaction_end,3,43367079
228.006,compaction_begin,3,0
228.173,compaction_end,3,42754758
228.184,compaction_begin,3,0
228.353,compaction_end,3,43281144
228.363,compaction_begin,3,0
228.531,compaction_end,3,42992649
228.539,compaction_begin,3,0
228.711,compaction_end,3,43367081
228.721,compaction_begin,3,0
228.895,compaction_end,3,43367081
228.903,compaction_begin,3,0
229.073,compaction_end,3,43367081
229.085,compaction_begin,3,0
229.257,compaction_end,3,43367080
229.267,compaction_begin,3,0
229.438,compaction_end,3,43367079
229.448,compaction_begin,3,0
229.618,compaction_end,3,42618173
229.628,compaction_begin,3,0
229.801,compaction_end,3,43367079
229.811,compaction_begin,3,0
229.983,compaction_end,3,43367079
229.993,compaction_begin,3,0
230.165,compaction_end,3,43367079
230.175,compaction_begin,3,0
230.346,compaction_end,3,43058651
230.356,compaction_begin,3,0
230.534,compaction_end,3,43367081
230.544,compaction_begin,3,0
230.716,compaction_end,3,43367083
230.726,compaction_begin,3,0
230.897,compaction_end,3,43367078
230.905,compaction_begin,3,0
231.078,compaction_end,3,43367079
231.090,compaction_begin,3,0
231.262,compaction_end,3,43367081
231.272,compaction_begin,3,0
231.444,compaction_end,3,43367080
231.454,compaction_begin,3,0
231.625,compaction_end,3,42856072
231.635,compaction_begin,3,0
231.806,compaction_end,3,43367081
231.816,compaction_begin,3,0
231.986,compaction_end,3,42992651
231.997,flush_begin,0,0
232.008,flush_end,0,2744847
232.017,compaction_begin,2,0
232.309,compaction_end,2,3290872
232.326,compaction_begin,3,0
232.541,compaction_end,3,42992650
232.556,compaction_begin,3,0
232.724,compaction_end,3,42992650
232.733,compaction_begin,3,0
232.906,compaction_end,3,43367079
232.920,compaction_begin,3,0
233.085,compaction_end,3,42992649
233.097,compaction_begin,3,0
233.273,compaction_end,3,43367079
233.283,compaction_begin,3,0
233.452,compaction_end,3,43367081
233.462,compaction_begin,3,0
233.630,compaction_end,3,42754758
233.641,compaction_begin,3,0
233.813,compaction_end,3,43367081
233.823,compaction_begin,3,0
233.999,compaction_end,3,43367081
234.009,compaction_begin,3,0
234.179,compaction_end,3,43367081
234.190,compaction_begin,3,0
234.361,compaction_end,3,43367080
234.369,compaction_begin,3,0
234.540,compaction_end,3,43367082
234.552,compaction_begin,3,0
234.723,compaction_end,3,42684154
234.733,compaction_begin,3,0
234.904,compaction_end,3,43367077
234.914,compaction_begin,3,0
235.086,compaction_end,3,43367078
235.096,compaction_begin,3,0
235.267,compaction_end,3,43281144
235.278,compaction_begin,3,0
235.447,compaction_end,3,42618173
235.457,compaction_begin,3,0
235.629,compaction_end,3,43367077
235.640,compaction_begin,3,0
235.809,compaction_end,3,43367079
235.819,compaction_begin,3,0
235.986,compaction_end,3,43367081
235.995,compaction_begin,3,0
236.162,compaction_end,3,43058651
236.173,compaction_begin,3,0
236.339,compaction_end,3,41955153
236.350,compaction_begin,3,0
236.522,compaction_end,3,43367082
236.532,compaction_begin,3,0
236.703,compaction_end,3,43367079
236.713,compaction_begin,3,0
236.884,compaction_end,3,43367083
236.893,compaction_begin,3,0
237.062,compaction_end,3,42618171
237.073,compaction_begin,3,0
237.243,compaction_end,3,43367081
237.253,compaction_begin,3,0
237.425,compaction_end,3,43367079
237.435,compaction_begin,3,0
237.477,flush_begin,0,0
237.488,flush_end,0,2744839
237.627,compaction_end,3,42992649
237.637,compaction_begin,2,0
237.937,compaction_end,2,3347937
237.954,compaction_begin,3,0
238.161,compaction_end,3,42992650
238.173,compaction_begin,3,0
238.338,compaction_end,3,42992650
238.349,compaction_begin,3,0
238.517,compaction_end,3,42992649
238.529,compaction_begin,3,0
238.723,compaction_end,3,43367078
238.734,compaction_begin,3,0
238.938,compaction_end,3,43367077
238.948,compaction_begin,3,0
239.121,compaction_end,3,42618173
239.131,compaction_begin,3,0
239.305,compaction_end,3,43367079
239.316,compaction_begin,3,0
239.495,compaction_end,3,43367079
239.505,compaction_begin,3,0
239.681,compaction_end,3,43367081
239.691,compaction_begin,3,0
239.866,compaction_end,3,43367081
239.877,compaction_begin,3,0
240.053,compaction_end,3,43367079
240.064,compaction_begin,3,0
240.262,compaction_end,3,43367077
240.273,compaction_begin,3,0
240.495,compaction_end,3,43367079
240.507,compaction_begin,3,0
240.715,compaction_end,3,43058651
240.727,compaction_begin,3,0
240.934,compaction_end,3,43367081
240.945,compaction_begin,3,0
241.136,compaction_end,3,43281144
241.146,compaction_begin,3,0
241.339,compaction_end,3,43367079
241.349,compaction_begin,3,0
241.541,compaction_end,3,42754758
241.553,compaction_begin,3,0
241.747,compaction_end,3,42992649
241.757,compaction_begin,3,0
241.948,compaction_end,3,43367081
241.958,compaction_begin,3,0
242.146,compaction_end,3,42684154
242.156,compaction_begin,3,0
242.355,compaction_end,3,43367079
242.366,compaction_begin,3,0
242.558,compaction_end,3,43367080
242.569,compaction_begin,3,0
242.760,compaction_end,3,42856072
242.771,compaction_begin,3,0
242.928,flush_begin,0,0
242.940,flush_end,0,2744546
242.987,compaction_end,3,43367078
242.998,compaction_begin,2,0
243.310,compaction_end,2,3419875
243.328,compaction_begin,3,0
243.550,compaction_end,3,42992650
243.563,compaction_begin,3,0
243.745,compaction_end,3,42992650
243.757,compaction_begin,3,0
243.943,compaction_end,3,42992649
243.953,compaction_begin,3,0
244.143,compaction_end,3,43367081
244.153,compaction_begin,3,0
244.344,compaction_end,3,42992649
244.355,compaction_begin,3,0
244.546,compaction_end,3,43367081
244.556,compaction_begin,3,0
244.748,compaction_end,3,43367082
244.758,compaction_begin,3,0
244.950,compaction_end,3,43367081
244.960,compaction_begin,3,0
245.154,compaction_end,3,43367079
245.166,compaction_begin,3,0
245.359,compaction_end,3,43367081
245.370,compaction_begin,3,0
245.568,compaction_end,3,43367078
245.578,compaction_begin,3,0
245.770,compaction_end,3,42754758
245.780,compaction_begin,3,0
245.972,compaction_end,3,42992648
245.982,compaction_begin,3,0
246.182,compaction_end,3,43367081
246.192,compaction_begin,3,0
246.390,compaction_end,3,43367081
246.401,compaction_begin,3,0
246.596,compaction_end,3,43367079
246.606,compaction_begin,3,0
246.799,compaction_end,3,42856072
246.809,compaction_begin,3,0
247.002,compaction_end,3,42618173
247.012,compaction_begin,3,0
247.205,compaction_end,3,42992650
247.217,compaction_begin,3,0
247.408,compaction_end,3,43367079
247.419,compaction_begin,3,0
247.609,compaction_end,3,43367077
247.620,compaction_begin,3,0
247.805,compaction_end,3,43367077
247.815,compaction_begin,3,0
248.005,compaction_end,3,43367080
248.015,compaction_begin,3,0
248.209,compaction_end,3,43519105
248.220,compaction_begin,3,0
248.399,flush_begin,0,0
248.411,flush_end,0,2744753
248.429,compaction_end,3,43281144
248.439,compaction_begin,2,0
248.772,compaction_end,2,3463241
248.795,compaction_begin,3,0
249.024,compaction_end,3,42992650
249.037,compaction_begin,3,0
249.230,compaction_end,3,42992649
249.242,compaction_begin,3,0
249.425,compaction_end,3,42992650
249.438,compaction_begin,3,0
249.628,compaction_end,3,43367082
249.638,compaction_begin,3,0
249.831,compaction_end,3,42992652
249.842,compaction_begin,3,0
250.036,compaction_end,3,42992649
250.047,compaction_begin,3,0
250.247,compaction_end,3,43367079
250.258,compaction_begin,3,0
250.457,compaction_end,3,43367079
250.467,compaction_begin,3,0
250.656,compaction_end,3,43367079
250.667,compaction_begin,3,0
250.857,compaction_end,3,43281144
250.867,compaction_begin,3,0
251.059,compaction_end,3,43367078
251.069,compaction_begin,3,0
251.261,compaction_end,3,43058651
251.271,compaction_begin,3,0
251.461,compaction_end,3,43367077
251.472,compaction_begin,3,0
251.658,compaction_end,3,43367077
251.668,compaction_begin,3,0
251.858,compaction_end,3,42992650
251.869,compaction_begin,3,0
252.063,compaction_end,3,43367081
252.073,compaction_begin,3,0
252.260,compaction_end,3,43367078
252.270,compaction_begin,3,0
252.457,compaction_end,3,43367081
252.467,compaction_begin,3,0
252.653,compaction_end,3,43367081
252.664,compaction_begin,3,0
252.850,compaction_end,3,43367083
252.861,compaction_begin,3,0
253.052,compaction_end,3,42618171
253.062,compaction_begin,3,0
253.248,compaction_end,3,42754758
253.259,compaction_begin,3,0
253.450,compaction_end,3,43367081
253.460,compaction_begin,3,0
253.656,compaction_end,3,43367077
253.667,compaction_begin,3,0
253.835,flush_begin,0,0
253.849,flush_end,0,2744807
253.886,compaction_end,3,43367082
253.897,compaction_begin,2,0
254.219,compaction_end,2,3486126
254.239,compaction_begin,3,0
254.467,compaction_end,3,42992650
254.479,compaction_begin,3,0
254.663,compaction_end,3,42992650
254.675,compaction_begin,3,0
254.860,compaction_end,3,42992649
254.872,compaction_begin,3,0
255.055,compaction_end,3,42754758
255.065,compaction_begin,3,0
255.249,compaction_end,3,43367081
255.259,compaction_begin,3,0
255.444,compaction_end,3,42992649
255.455,compaction_begin,3,0
255.647,compaction_end,3,43367081
255.657,compaction_begin,3,0
255.848,compaction_end,3,43367081
255.858,compaction_begin,3,0
256.042,compaction_end,3,42618172
256.054,compaction_begin,3,0
256.242,compaction_end,3,43367081
256.253,compaction_begin,3,0
256.444,compaction_end,3,43367079
256.455,compaction_begin,3,0
256.645,compaction_end,3,43367079
256.655,compaction_begin,3,0
256.841,compaction_end,3,42684154
256.853,compaction_begin,3,0
257.044,compaction_end,3,43367083
257.055,compaction_begin,3,0
257.249,compaction_end,3,43367077
257.260,compaction_begin,3,0
257.452,compaction_end,3,43367081
257.462,compaction_begin,3,0
257.660,compaction_end,3,43367077
257.670,compaction_begin,3,0
257.861,compaction_end,3,43367079
257.872,compaction_begin,3,0
258.060,compaction_end,3,43367078
258.070,compaction_begin,3,0
258.260,compaction_end,3,43367082
258.270,compaction_begin,3,0
258.458,compaction_end,3,43367078
258.469,compaction_begin,3,0
258.661,compaction_end,3,43367082
258.672,compaction_begin,3,0
258.858,compaction_end,3,43367078
258.868,compaction_begin,3,0
259.051,compaction_end,3,43281144
259.061,compaction_begin,3,0
259.248,compaction_end,3,43058651
259.258,compaction_begin,3,0
259.282,flush_begin,0,0
259.293,flush_end,0,2744708
259.451,compaction_end,3,43367081
259.461,compaction_begin,2,0
259.768,compaction_end,2,3454442
259.789,compaction_begin,3,0
259.997,compaction_end,3,42992650
260.009,compaction_begin,3,0
260.173,compaction_end,3,42992650
260.185,compaction_begin,3,0
260.351,compaction_end,3,43367081
260.359,compaction_begin,3,0
260.524,compaction_end,3,43367079
260.536,compaction_begin,3,0
260.701,compaction_end,3,42992649
260.712,compaction_begin,3,0
260.881,compaction_end,3,43367082
260.891,compaction_begin,3,0
261.061,compaction_end,3,43367083
261.071,compaction_begin,3,0
261.241,compaction_end,3,42856072
261.251,compaction_begin,3,0
261.426,compaction_end,3,43367081
261.436,compaction_begin,3,0
261.607,compaction_end,3,43367077
261.617,compaction_begin,3,0
261.786,compaction_end,3,42754758
261.796,compaction_begin,3,0
261.968,compaction_end,3,43367081
261.978,compaction_begin,3,0
262.150,compaction_end,3,43367077
262.160,compaction_begin,3,0
262.330,compaction_end,3,43367080
262.341,compaction_begin,3,0
262.520,compaction_end,3,43367081
262.531,compaction_begin,3,0
262.717,compaction_end,3,42992649
262.727,compaction_begin,3,0
262.897,compaction_end,3,42992653
262.907,compaction_begin,3,0
263.077,compaction_end,3,43281144
263.087,compaction_begin,3,0
263.256,compaction_end,3,43367077
263.266,compaction_begin,3,0
263.438,compaction_end,3,43367078
263.449,compaction_begin,3,0
263.616,compaction_end,3,41955153
263.626,compaction_begin,3,0
263.794,compaction_end,3,43367083
263.804,compaction_begin,3,0
263.972,compaction_end,3,42992648
263.982,compaction_begin,3,0
264.155,compaction_end,3,43367079
264.165,compaction_begin,3,0
264.337,compaction_end,3,43367080
264.347,compaction_begin,3,0
264.520,compaction_end,3,43367081
264.530,compaction_begin,3,0
264.697,compaction_end,3,43367081
264.707,compaction_begin,3,0
264.711,flush_begin,0,0
264.722,flush_end,0,2744768
264.897,compaction_end,3,42992651
264.907,compaction_begin,2,0
265.208,compaction_end,2,3395366
265.225,compaction_begin,3,0
265.439,compaction_end,3,42992650
265.447,compaction_begin,3,0
265.613,compaction_end,3,42992650
265.628,compaction_begin,3,0
265.789,compaction_end,3,42992649
265.798,compaction_begin,3,0
265.964,compaction_end,3,42992649
265.977,compaction_begin,3,0
266.146,compaction_end,3,43367081
266.156,compaction_begin,3,0
266.324,compaction_end,3,42992652
266.334,compaction_begin,3,0
266.503,compaction_end,3,42754758
266.513,compaction_begin,3,0
266.683,compaction_end,3,43367077
266.693,compaction_begin,3,0
266.861,compaction_end,3,43367079
266.871,compaction_begin,3,0
267.044,compaction_end,3,43367081
267.054,compaction_begin,3,0
267.225,compaction_end,3,43367082
267.235,compaction_begin,3,0
267.406,compaction_end,3,43367081
267.416,compaction_begin,3,0
267.588,compaction_end,3,42618173
267.598,compaction_begin,3,0
267.771,compaction_end,3,43367079
267.781,compaction_begin,3,0
267.951,compaction_end,3,43367081
267.961,compaction_begin,3,0
268.125,compaction_end,3,43367081
268.136,compaction_begin,3,0
268.304,compaction_end,3,42992648
268.314,compaction_begin,3,0
268.484,compaction_end,3,43367079
268.494,compaction_begin,3,0
268.666,compaction_end,3,43367079
268.676,compaction_begin,3,0
268.848,compaction_end,3,43367082
268.859,compaction_begin,3,0
269.028,compaction_end,3,43367078
269.038,compaction_begin,3,0
269.209,compaction_end,3,43367081
269.220,compaction_begin,3,0
269.391,compaction_end,3,42992650
269.401,compaction_begin,3,0
269.494,compaction_end,3,22705340
269.504,compaction_begin,3,0
269.675,compaction_end,3,43367078
269.685,compaction_begin,3,0
269.855,compaction_end,3,43281144
269.865,compaction_begin,3,0
270.035,compaction_end,3,43367077
270.045,compaction_begin,3,0
270.149,flush_begin,0,0
270.160,flush_end,0,2744530
270.237,compaction_end,3,43367081
270.248,compaction_begin,2,0
270.549,compaction_end,2,3340567
270.565,compaction_begin,3,0
270.771,compaction_end,3,42992650
270.783,compaction_begin,3,0
270.949,compaction_end,3,42992651
270.962,compaction_begin,3,0
271.128,compaction_end,3,42992649
271.139,compaction_begin,3,0
271.305,compaction_end,3,42754757
271.316,compaction_begin,3,0
271.485,compaction_end,3,43367081
271.495,compaction_begin,3,0
271.662,compaction_end,3,43367080
271.672,compaction_begin,3,0
271.841,compaction_end,3,43367077
271.851,compaction_begin,3,0
272.025,compaction_end,3,43367080
272.035,compaction_begin,3,0
272.204,compaction_end,3,43367083
272.215,compaction_begin,3,0
272.388,compaction_end,3,43367079
272.398,compaction_begin,3,0
272.571,compaction_end,3,43281143
272.581,compaction_begin,3,0
272.750,compaction_end,3,42618174
272.760,compaction_begin,3,0
272.939,compaction_end,3,43367079
272.949,compaction_begin,3,0
273.118,compaction_end,3,43367077
273.128,compaction_begin,3,0
273.298,compaction_end,3,42992651
273.308,compaction_begin,3,0
273.480,compaction_end,3,43367077
273.490,compaction_begin,3,0
273.659,compaction_end,3,42856070
273.669,compaction_begin,3,0
273.838,compaction_end,3,42992653
273.848,compaction_begin,3,0
274.018,compaction_end,3,43367083
274.028,compaction_begin,3,0
274.198,compaction_end,3,43367078
274.209,compaction_begin,3,0
274.380,compaction_end,3,43367081
274.391,compaction_begin,3,0
274.564,compaction_end,3,43367079
274.574,compaction_begin,3,0
274.748,compaction_end,3,43367085
274.758,compaction_begin,3,0
274.926,compaction_end,3,42992652
274.936,compaction_begin,3,0
275.105,compaction_end,3,43367077
275.115,compaction_begin,3,0
275.285,compaction_end,3,42684156
275.295,compaction_begin,3,0
275.465,compaction_end,3,43367078
275.474,compaction_begin,3,0
275.602,flush_begin,0,0
275.614,flush_end,0,2744599
275.675,compaction_end,3,45831450
275.686,compaction_begin,2,0
275.980,compaction_end,2,3349385
275.997,compaction_begin,3,0
276.204,compaction_end,3,42992652
276.216,compaction_begin,3,0
276.382,compaction_end,3,42992650
276.393,compaction_begin,3,0
276.557,compaction_end,3,42754754
276.568,compaction_begin,3,0
276.733,compaction_end,3,43367079
276.744,compaction_begin,3,0
276.915,compaction_end,3,43367081
276.925,compaction_begin,3,0
277.095,compaction_end,3,43367082
277.105,compaction_begin,3,0
277.277,compaction_end,3,43367081
277.286,compaction_begin,3,0
277.458,compaction_end,3,43367081
277.470,compaction_begin,3,0
277.641,compaction_end,3,43367077
277.652,compaction_begin,3,0
277.822,compaction_end,3,43367079
277.832,compaction_begin,3,0
278.001,compaction_end,3,43367077
278.011,compaction_begin,3,0
278.183,compaction_end,3,43367081
278.194,compaction_begin,3,0
278.361,compaction_end,3,42618172
278.369,compaction_begin,3,0
278.549,compaction_end,3,45608938
278.562,compaction_begin,3,0
278.734,compaction_end,3,43367081
278.744,compaction_begin,3,0
278.913,compaction_end,3,42992651
278.921,compaction_begin,3,0
279.090,compaction_end,3,43367079
279.100,compaction_begin,3,0
279.270,compaction_end,3,43367079
279.282,compaction_begin,3,0
279.451,compaction_end,3,43367083
279.461,compaction_begin,3,0
279.632,compaction_end,3,43367080
279.642,compaction_begin,3,0
279.812,compaction_end,3,43367079
279.822,compaction_begin,3,0
279.995,compaction_end,3,43367082
280.005,compaction_begin,3,0
280.177,compaction_end,3,43367083
280.188,compaction_begin,3,0
280.360,compaction_end,3,43367080
280.370,compaction_begin,3,0
280.551,compaction_end,3,43058651
280.561,compaction_begin,3,0
280.732,compaction_end,3,42992652
280.742,compaction_begin,3,0
280.916,compaction_end,3,43367079
280.926,compaction_begin,3,0
281.038,flush_begin,0,0
281.050,flush_end,0,2744814
281.115,compaction_end,3,43367079
281.125,compaction_begin,2,0
281.420,compaction_end,2,3444613
281.436,compaction_begin,3,0
281.646,compaction_end,3,42992652
281.658,compaction_begin,3,0
281.823,compaction_end,3,42754754
281.834,compaction_begin,3,0
282.002,compaction_end,3,42992650
282.014,compaction_begin,3,0
282.180,compaction_end,3,42992651
282.190,compaction_begin,3,0
282.364,compaction_end,3,43367077
282.374,compaction_begin,3,0
282.545,compaction_end,3,43367082
282.556,compaction_begin,3,0
282.724,compaction_end,3,43367083
282.734,compaction_begin,3,0
282.906,compaction_end,3,43367079
282.916,compaction_begin,3,0
283.085,compaction_end,3,43367080
283.095,compaction_begin,3,0
283.265,compaction_end,3,43367079
283.275,compaction_begin,3,0
283.446,compaction_end,3,43367081
283.456,compaction_begin,3,0
283.626,compaction_end,3,43367081
283.636,compaction_begin,3,0
283.805,compaction_end,3,43367081
283.815,compaction_begin,3,0
283.983,compaction_end,3,43367083
283.993,compaction_begin,3,0
284.162,compaction_end,3,43367079
284.173,compaction_begin,3,0
284.344,compaction_end,3,43367078
284.354,compaction_begin,3,0
284.523,compaction_end,3,43367080
284.533,compaction_begin,3,0
284.701,compaction_end,3,43367077
284.711,compaction_begin,3,0
284.886,compaction_end,3,43058651
284.896,compaction_begin,3,0
285.064,compaction_end,3,43367082
285.072,compaction_begin,3,0
285.239,compaction_end,3,43367081
285.251,compaction_begin,3,0
285.420,compaction_end,3,43367078
285.430,compaction_begin,3,0
285.601,compaction_end,3,43367079
285.609,compaction_begin,3,0
285.779,compaction_end,3,43367082
285.791,compaction_begin,3,0
285.961,compaction_end,3,43367081
285.969,compaction_begin,3,0
286.138,compaction_end,3,43367081
286.150,compaction_begin,3,0
286.320,compaction_end,3,42992650
286.330,compaction_begin,3,0
286.501,compaction_end,3,43367077
286.510,compaction_begin,3,0
286.517,flush_begin,0,0
286.529,flush_end,0,2744461
286.701,compaction_end,3,43367082
286.711,compaction_begin,2,0
287.010,compaction_end,2,3450606
287.028,compaction_begin,3,0
287.238,compaction_end,3,42992652
287.250,compaction_begin,3,0
287.416,compaction_end,3,43367082
287.427,compaction_begin,3,0
287.597,compaction_end,3,43367079
287.607,compaction_begin,3,0
287.776,compaction_end,3,42754754
287.788,compaction_begin,3,0
287.953,compaction_end,3,42992650
287.964,compaction_begin,3,0
288.137,compaction_end,3,43367081
288.147,compaction_begin,3,0
288.316,compaction_end,3,43367082
288.326,compaction_begin,3,0
288.491,compaction_end,3,43367078
288.501,compaction_begin,3,0
288.673,compaction_end,3,43367079
288.683,compaction_begin,3,0
288.854,compaction_end,3,43367083
288.864,compaction_begin,3,0
289.034,compaction_end,3,42906743
289.044,compaction_begin,3,0
289.216,compaction_end,3,43367079
289.226,compaction_begin,3,0
289.399,compaction_end,3,43367083
289.409,compaction_begin,3,0
289.579,compaction_end,3,42992651
289.589,compaction_begin,3,0
289.760,compaction_end,3,43367081
289.771,compaction_begin,3,0
289.942,compaction_end,3,43367079
289.952,compaction_begin,3,0
290.123,compaction_end,3,42992650
290.133,compaction_begin,3,0
290.306,compaction_end,3,43367081
290.316,compaction_begin,3,0
290.485,compaction_end,3,42618172
290.495,compaction_begin,3,0
290.665,compaction_end,3,43367080
290.675,compaction_begin,3,0
290.853,compaction_end,3,45608938
290.861,compaction_begin,3,0
291.032,compaction_end,3,43367081
291.044,compaction_begin,3,0
291.212,compaction_end,3,43367077
291.222,compaction_begin,3,0
291.391,compaction_end,3,43367079
291.401,compaction_begin,3,0
291.575,compaction_end,3,43367077
291.585,compaction_begin,3,0
291.756,compaction_end,3,43367082
291.766,compaction_begin,3,0
291.937,compaction_end,3,43367077
291.945,flush_begin,0,0
291.958,flush_end,0,2744513
291.968,compaction_begin,2,0
292.268,compaction_end,2,3466929
292.286,compaction_begin,3,0
292.501,compaction_end,3,42992652
292.514,compaction_begin,3,0
292.687,compaction_end,3,42754754
292.699,compaction_begin,3,0
292.864,compaction_end,3,42992651
292.874,compaction_begin,3,0
293.044,compaction_end,3,43367082
293.055,compaction_begin,3,0
293.222,compaction_end,3,43367079
293.232,compaction_begin,3,0
293.401,compaction_end,3,43367081
293.411,compaction_begin,3,0
293.580,compaction_end,3,42992650
293.591,compaction_begin,3,0
293.760,compaction_end,3,43367079
293.770,compaction_begin,3,0
293.937,compaction_end,3,43367081
293.947,compaction_begin,3,0
294.115,compaction_end,3,43367079
294.125,compaction_begin,3,0
294.296,compaction_end,3,43367083
294.306,compaction_begin,3,0
294.476,compaction_end,3,43367080
294.486,compaction_begin,3,0
294.655,compaction_end,3,43367079
294.665,compaction_begin,3,0
294.835,compaction_end,3,42618171
294.845,compaction_begin,3,0
295.015,compaction_end,3,42906743
295.025,compaction_begin,3,0
295.195,compaction_end,3,43367080
295.205,compaction_begin,3,0
295.375,compaction_end,3,43367079
295.385,compaction_begin,3,0
295.555,compaction_end,3,43367079
295.562,compaction_begin,3,0
295.743,compaction_end,3,43367079
295.755,compaction_begin,3,0
295.929,compaction_end,3,43367078
295.939,compaction_begin,3,0
296.113,compaction_end,3,43367080
296.121,compaction_begin,3,0
296.298,compaction_end,3,43367080
296.310,compaction_begin,3,0
296.496,compaction_end,3,45441661
296.507,compaction_begin,3,0
296.683,compaction_end,3,43367081
296.693,compaction_begin,3,0
296.868,compaction_end,3,43367082
296.879,compaction_begin,3,0
297.055,compaction_end,3,43367083
297.065,compaction_begin,3,0
297.241,compaction_end,3,43367081
297.251,compaction_begin,3,0
297.428,compaction_end,3,43367081
297.438,flush_begin,0,0
297.450,flush_end,0,2744621
297.459,compaction_begin,2,0
297.757,compaction_end,2,3412818
297.776,compaction_begin,3,0
298.001,compaction_end,3,42992652
298.013,compaction_begin,3,0
298.186,compaction_end,3,42992650
298.197,compaction_begin,3,0
298.374,compaction_end,3,42992652
298.384,compaction_begin,3,0
298.558,compaction_end,3,42754754
298.570,compaction_begin,3,0
298.747,compaction_end,3,43367082
298.758,compaction_begin,3,0
298.945,compaction_end,3,43367079
298.957,compaction_begin,3,0
299.141,compaction_end,3,43367077
299.151,compaction_begin,3,0
299.331,compaction_end,3,42618171
299.341,compaction_begin,3,0
299.525,compaction_end,3,43367081
299.535,compaction_begin,3,0
299.719,compaction_end,3,43367081
299.729,compaction_begin,3,0
299.909,compaction_end,3,43367079
299.919,compaction_begin,3,0
300.100,compaction_end,3,43367082
300.110,compaction_begin,3,0
300.293,compaction_end,3,43367079
300.303,compaction_begin,3,0
300.485,compaction_end,3,43367079
300.495,compaction_begin,3,0
300.677,compaction_end,3,43367079
300.687,compaction_begin,3,0
300.869,compaction_end,3,43367082
300.879,compaction_begin,3,0
301.055,compaction_end,3,42618172
301.065,compaction_begin,3,0
301.245,compaction_end,3,43367079
301.253,compaction_begin,3,0
301.434,compaction_end,3,43367081
301.446,compaction_begin,3,0
301.509,compaction_end,3,14031926
301.518,compaction_begin,3,0
301.704,compaction_end,3,43367081
301.715,compaction_begin,3,0
301.898,compaction_end,3,43367080
301.908,compaction_begin,3,0
302.097,compaction_end,3,43367081
302.107,compaction_begin,3,0
302.284,compaction_end,3,43367081
302.294,compaction_begin,3,0
302.466,compaction_end,3,42906743
302.476,compaction_begin,3,0
302.650,compaction_end,3,42992650
302.660,compaction_begin,3,0
302.836,compaction_end,3,43367079
302.847,compaction_begin,3,0
302.866,flush_begin,0,0
302.878,flush_end,0,2744663
303.050,compaction_end,3,43367081
303.060,compaction_begin,2,0
303.375,compaction_end,2,3463238
303.396,compaction_begin,3,0
303.612,compaction_end,3,42992652
303.624,compaction_begin,3,0
303.790,compaction_end,3,42754754
303.801,compaction_begin,3,0
303.970,compaction_end,3,43367079
303.981,compaction_begin,3,0
304.148,compaction_end,3,42992650
304.160,compaction_begin,3,0
304.327,compaction_end,3,43367081
304.337,compaction_begin,3,0
304.508,compaction_end,3,43367079
304.518,compaction_begin,3,0
304.686,compaction_end,3,42992650
304.696,compaction_begin,3,0
304.866,compaction_end,3,43367081
304.876,compaction_begin,3,0
305.047,compaction_end,3,43367081
305.057,compaction_begin,3,0
305.227,compaction_end,3,43367082
305.237,compaction_begin,3,0
305.405,compaction_end,3,43367082
305.416,compaction_begin,3,0
305.585,compaction_end,3,43367079
305.595,compaction_begin,3,0
305.766,compaction_end,3,43367079
305.776,compaction_begin,3,0
305.950,compaction_end,3,43367082
305.961,compaction_begin,3,0
306.134,compaction_end,3,42107111
306.144,compaction_begin,3,0
306.318,compaction_end,3,42992648
306.328,compaction_begin,3,0
306.504,compaction_end,3,43367082
306.515,compaction_begin,3,0
306.686,compaction_end,3,43367077
306.696,compaction_begin,3,0
306.867,compaction_end,3,43367081
306.877,compaction_begin,3,0
307.046,compaction_end,3,42618171
307.056,compaction_begin,3,0
307.229,compaction_end,3,43367077
307.241,compaction_begin,3,0
307.415,compaction_end,3,43367077
307.425,compaction_begin,3,0
307.602,compaction_end,3,43367081
307.613,compaction_begin,3,0
307.794,compaction_end,3,43367079
307.804,compaction_begin,3,0
307.983,compaction_end,3,43367083
307.993,compaction_begin,3,0
308.172,compaction_end,3,43367083
308.182,compaction_begin,3,0
308.319,flush_begin,0,0
308.330,flush_end,0,2744363
308.380,compaction_end,3,43367079
308.391,compaction_begin,2,0
308.693,compaction_end,2,3502221
308.714,compaction_begin,3,0
308.936,compaction_end,3,42992652
308.949,compaction_begin,3,0
309.111,compaction_end,3,42754754
309.123,compaction_begin,3,0
309.293,compaction_end,3,43367082
309.304,compaction_begin,3,0
309.474,compaction_end,3,43367082
309.484,compaction_begin,3,0
309.653,compaction_end,3,42992650
309.663,compaction_begin,3,0
309.843,compaction_end,3,42992650
309.853,compaction_begin,3,0
310.040,compaction_end,3,43367079
310.051,compaction_begin,3,0
310.233,compaction_end,3,42992650
310.243,compaction_begin,3,0
310.422,compaction_end,3,43367080
310.432,compaction_begin,3,0
310.613,compaction_end,3,43367079
310.623,compaction_begin,3,0
310.810,compaction_end,3,43367081
310.821,compaction_begin,3,0
311.004,compaction_end,3,43367079
311.014,compaction_begin,3,0
311.196,compaction_end,3,43367081
311.206,compaction_begin,3,0
311.388,compaction_end,3,43367081
311.399,compaction_begin,3,0
311.581,compaction_end,3,43367082
311.592,compaction_begin,3,0
311.773,compaction_end,3,43367079
311.782,compaction_begin,3,0
311.958,compaction_end,3,43367082
311.968,compaction_begin,3,0
312.147,compaction_end,3,43367078
312.157,compaction_begin,3,0
312.336,compaction_end,3,43367077
312.346,compaction_begin,3,0
312.532,compaction_end,3,43367079
312.543,compaction_begin,3,0
312.731,compaction_end,3,43367079
312.741,compaction_begin,3,0
312.922,compaction_end,3,43367081
312.931,compaction_begin,3,0
313.111,compaction_end,3,42618171
313.121,compaction_begin,3,0
313.306,compaction_end,3,43367079
313.316,compaction_begin,3,0
313.508,compaction_end,3,43367077
313.519,compaction_begin,3,0
313.703,compaction_end,3,43367078
313.714,compaction_begin,3,0
313.745,flush_begin,0,0
313.757,flush_end,0,2744777
313.920,compaction_end,3,43367081
313.930,compaction_begin,2,0
314.227,compaction_end,2,3527819
314.236,compaction_begin,3,0
314.451,compaction_end,3,42992652
314.465,compaction_begin,3,0
314.645,compaction_end,3,42754754
314.657,compaction_begin,3,0
314.836,compaction_end,3,42992650
314.848,compaction_begin,3,0
315.023,compaction_end,3,43367077
315.033,compaction_begin,3,0
315.218,compaction_end,3,43367079
315.228,compaction_begin,3,0
315.410,compaction_end,3,43367081
315.420,compaction_begin,3,0
315.610,compaction_end,3,43367081
315.621,compaction_begin,3,0
315.808,compaction_end,3,43367082
315.819,compaction_begin,3,0
316.002,compaction_end,3,43367082
316.012,compaction_begin,3,0
316.201,compaction_end,3,43367082
316.210,compaction_begin,3,0
316.405,compaction_end,3,43367079
316.415,compaction_begin,3,0
316.590,compaction_end,3,43367081
316.600,compaction_begin,3,0
316.781,compaction_end,3,43367081
316.789,compaction_begin,3,0
316.967,compaction_end,3,43367079
316.979,compaction_begin,3,0
317.154,compaction_end,3,43367081
317.163,compaction_begin,3,0
317.343,compaction_end,3,42906743
317.353,compaction_begin,3,0
317.536,compaction_end,3,43367080
317.545,compaction_begin,3,0
317.729,compaction_end,3,43367080
317.737,compaction_begin,3,0
317.913,compaction_end,3,43367081
317.923,compaction_begin,3,0
318.100,compaction_end,3,43367077
318.109,compaction_begin,3,0
318.283,compaction_end,3,42992650
318.293,compaction_begin,3,0
318.486,compaction_end,3,43367080
318.496,compaction_begin,3,0
318.671,compaction_end,3,42992650
318.681,compaction_begin,3,0
318.855,compaction_end,3,43367079
318.865,compaction_begin,3,0
319.037,compaction_end,3,43367077
319.047,compaction_begin,3,0
319.190,flush_begin,0,0
319.203,flush_end,0,2744812
319.250,compaction_end,3,42618171
319.260,compaction_begin,2,0
319.564,compaction_end,2,3551433
319.582,compaction_begin,3,0
319.808,compaction_end,3,42992652
319.821,compaction_begin,3,0
320.003,compaction_end,3,42992650
320.015,compaction_begin,3,0
320.203,compaction_end,3,43367082
320.214,compaction_begin,3,0
320.403,compaction_end,3,42754754
320.416,compaction_begin,3,0
320.608,compaction_end,3,43367082
320.619,compaction_begin,3,0
320.812,compaction_end,3,43367079
320.823,compaction_begin,3,0
321.018,compaction_end,3,43367081
321.028,compaction_begin,3,0
321.213,compaction_end,3,43367079
321.224,compaction_begin,3,0
321.399,compaction_end,3,43367080
321.409,compaction_begin,3,0
321.585,compaction_end,3,43367081
321.595,compaction_begin,3,0
321.780,compaction_end,3,43367077
321.789,compaction_begin,3,0
321.963,compaction_end,3,43367079
321.972,compaction_begin,3,0
322.149,compaction_end,3,43367078
322.159,compaction_begin,3,0
322.344,compaction_end,3,42992650
322.354,compaction_begin,3,0
322.532,compaction_end,3,43367079
322.543,compaction_begin,3,0
322.731,compaction_end,3,43367082
322.741,compaction_begin,3,0
322.914,compaction_end,3,43367077
322.923,compaction_begin,3,0
323.095,compaction_end,3,43367082
323.105,compaction_begin,3,0
323.277,compaction_end,3,43367078
323.288,compaction_begin,3,0
323.457,compaction_end,3,43367079
323.468,compaction_begin,3,0
323.641,compaction_end,3,43367080
323.652,compaction_begin,3,0
323.823,compaction_end,3,43367080
323.834,compaction_begin,3,0
324.007,compaction_end,3,43367080
324.018,compaction_begin,3,0
324.187,compaction_end,3,42618173
324.195,compaction_begin,3,0
324.373,compaction_end,3,43367081
324.384,compaction_begin,3,0
324.566,compaction_end,3,45457041
324.577,compaction_begin,3,0
324.640,flush_begin,0,0
324.652,flush_end,0,2744561
324.769,compaction_end,3,43367078
324.780,compaction_begin,2,0
325.088,compaction_end,2,3464707
325.108,compaction_begin,3,0
325.316,compaction_end,3,42992652
325.328,compaction_begin,3,0
325.493,compaction_end,3,42992650
325.504,compaction_begin,3,0
325.666,compaction_end,3,42754754
325.678,compaction_begin,3,0
325.845,compaction_end,3,43367079
325.856,compaction_begin,3,0
326.024,compaction_end,3,43367082
326.035,compaction_begin,3,0
326.202,compaction_end,3,43367078
326.213,compaction_begin,3,0
326.382,compaction_end,3,43367082
326.389,compaction_begin,3,0
326.559,compaction_end,3,43367082
326.570,compaction_begin,3,0
326.741,compaction_end,3,43367079
326.749,compaction_begin,3,0
326.915,compaction_end,3,43367077
326.927,compaction_begin,3,0
327.096,compaction_end,3,43367078
327.106,compaction_begin,3,0
327.277,compaction_end,3,43367079
327.287,compaction_begin,3,0
327.456,compaction_end,3,43367081
327.465,compaction_begin,3,0
327.638,compaction_end,3,43367081
327.649,compaction_begin,3,0
327.818,compaction_end,3,43367079
327.828,compaction_begin,3,0
327.997,compaction_end,3,43367080
328.005,compaction_begin,3,0
328.186,compaction_end,3,43367079
328.198,compaction_begin,3,0
328.374,compaction_end,3,43367082
328.384,compaction_begin,3,0
328.560,compaction_end,3,43367081
328.571,compaction_begin,3,0
328.745,compaction_end,3,43367081
328.755,compaction_begin,3,0
328.930,compaction_end,3,43367077
328.940,compaction_begin,3,0
329.122,compaction_end,3,43367080
329.133,compaction_begin,3,0
329.309,compaction_end,3,43367078
329.321,compaction_begin,3,0
329.495,compaction_end,3,43367080
329.505,compaction_begin,3,0
329.684,compaction_end,3,42992650
329.694,compaction_begin,3,0
329.873,compaction_end,3,43367083
329.884,compaction_begin,3,0
330.061,compaction_end,3,43367077
330.069,compaction_begin,3,0
330.095,flush_begin,0,0
330.108,flush_end,0,2744101
330.270,compaction_end,3,43367081
330.281,compaction_begin,2,0
330.584,compaction_end,2,3490684
330.604,compaction_begin,3,0
330.816,compaction_end,3,42992652
330.828,compaction_begin,3,0
330.993,compaction_end,3,42754754
331.005,compaction_begin,3,0
331.170,compaction_end,3,42992650
331.181,compaction_begin,3,0
331.351,compaction_end,3,43367082
331.361,compaction_begin,3,0
331.533,compaction_end,3,43367079
331.544,compaction_begin,3,0
331.713,compaction_end,3,43367082
331.722,compaction_begin,3,0
331.898,compaction_end,3,43367081
331.908,compaction_begin,3,0
332.079,compaction_end,3,43058651
332.088,compaction_begin,3,0
332.258,compaction_end,3,43367081
332.268,compaction_begin,3,0
332.438,compaction_end,3,42906743
332.448,compaction_begin,3,0
332.618,compaction_end,3,43367081
332.628,compaction_begin,3,0
332.704,compaction_end,3,18368633
332.712,compaction_begin,3,0
332.884,compaction_end,3,43367081
332.894,compaction_begin,3,0
333.065,compaction_end,3,43367077
333.074,compaction_begin,3,0
333.245,compaction_end,3,43367079
333.256,compaction_begin,3,0
333.457,compaction_end,3,43367082
333.468,compaction_begin,3,0
333.643,compaction_end,3,43367081
333.654,compaction_begin,3,0
333.824,compaction_end,3,43367078
333.834,compaction_begin,3,0
334.006,compaction_end,3,43367079
334.017,compaction_begin,3,0
334.189,compaction_end,3,43367078
334.199,compaction_begin,3,0
334.371,compaction_end,3,43367079
334.381,compaction_begin,3,0
334.551,compaction_end,3,42992650
334.561,compaction_begin,3,0
334.731,compaction_end,3,43367077
334.738,compaction_begin,3,0
334.908,compaction_end,3,43367082
334.921,compaction_begin,3,0
335.093,compaction_end,3,43367079
335.103,compaction_begin,3,0
335.276,compaction_end,3,43367081
335.286,compaction_begin,3,0
335.457,compaction_end,3,43367080
335.467,compaction_begin,3,0
335.554,flush_begin,0,0
335.565,flush_end,0,2744801
335.659,compaction_end,3,43367080
335.669,compaction_begin,2,0
335.960,compaction_end,2,3530510
335.975,compaction_begin,3,0
336.183,compaction_end,3,42992652
336.196,compaction_begin,3,0
336.362,compaction_end,3,42754754
336.374,compaction_begin,3,0
336.543,compaction_end,3,43367079
336.553,compaction_begin,3,0
336.721,compaction_end,3,42992650
336.732,compaction_begin,3,0
336.899,compaction_end,3,43367081
336.909,compaction_begin,3,0
337.081,compaction_end,3,43367079
337.090,compaction_begin,3,0
337.261,compaction_end,3,43367082
337.271,compaction_begin,3,0
337.439,compaction_end,3,43367082
337.449,compaction_begin,3,0
337.620,compaction_end,3,43367082
337.631,compaction_begin,3,0
337.801,compaction_end,3,43367077
337.809,compaction_begin,3,0
337.980,compaction_end,3,43367083
337.991,compaction_begin,3,0
338.163,compaction_end,3,43367079
338.170,compaction_begin,3,0
338.338,compaction_end,3,42906743
338.349,compaction_begin,3,0
338.520,compaction_end,3,43367079
338.531,compaction_begin,3,0
338.702,compaction_end,3,43367082
338.713,compaction_begin,3,0
338.886,compaction_end,3,43367081
338.896,compaction_begin,3,0
339.069,compaction_end,3,43367079
339.077,compaction_begin,3,0
339.250,compaction_end,3,43367080
339.263,compaction_begin,3,0
339.440,compaction_end,3,43367078
339.451,compaction_begin,3,0
339.621,compaction_end,3,43367081
339.630,compaction_begin,3,0
339.800,compaction_end,3,42992652
339.811,compaction_begin,3,0
339.985,compaction_end,3,43367083
339.995,compaction_begin,3,0
340.166,compaction_end,3,42992653
340.176,compaction_begin,3,0
340.348,compaction_end,3,43367079
340.358,compaction_begin,3,0
340.526,compaction_end,3,43367080
340.536,compaction_begin,3,0
340.707,compaction_end,3,43367079
340.717,compaction_begin,3,0
340.888,compaction_end,3,43367081
340.898,compaction_begin,3,0
341.030,flush_begin,0,0
341.042,flush_end,0,2744658
341.093,compaction_end,3,43367078
341.103,compaction_begin,2,0
341.390,compaction_end,2,3463422
341.403,compaction_begin,3,0
341.593,compaction_end,3,42754756
341.605,compaction_begin,3,0
341.768,compaction_end,3,42992649
341.779,compaction_begin,3,0
341.941,compaction_end,3,42992651
341.953,compaction_begin,3,0
342.122,compaction_end,3,43367080
342.132,compaction_begin,3,0
342.299,compaction_end,3,43367078
342.306,compaction_begin,3,0
342.478,compaction_end,3,42992649
342.489,compaction_begin,3,0
342.659,compaction_end,3,42906741
342.670,compaction_begin,3,0
342.842,compaction_end,3,43367082
342.853,compaction_begin,3,0
343.023,compaction_end,3,43367079
343.033,compaction_begin,3,0
343.201,compaction_end,3,43367080
343.209,compaction_begin,3,0
343.380,compaction_end,3,42992656
343.392,compaction_begin,3,0
343.562,compaction_end,3,43367079
343.569,compaction_begin,3,0
343.739,compaction_end,3,43367077
343.752,compaction_begin,3,0
343.811,compaction_end,3,14031926
343.819,compaction_begin,3,0
343.989,compaction_end,3,43367079
343.999,compaction_begin,3,0
344.168,compaction_end,3,42618172
344.178,compaction_begin,3,0
344.351,compaction_end,3,43367080
344.361,compaction_begin,3,0
344.532,compaction_end,3,43367077
344.542,compaction_begin,3,0
344.714,compaction_end,3,43367083
344.723,compaction_begin,3,0
344.896,compaction_end,3,43367080
344.906,compaction_begin,3,0
345.078,compaction_end,3,43367077
345.088,compaction_begin,3,0
345.259,compaction_end,3,43367084
345.269,compaction_begin,3,0
345.442,compaction_end,3,43367078
345.452,compaction_begin,3,0
345.622,compaction_end,3,43367081
345.633,compaction_begin,3,0
345.801,compaction_end,3,43367080
345.811,compaction_begin,3,0
345.981,compaction_end,3,43367081
345.991,compaction_begin,3,0
346.160,compaction_end,3,43367077
346.170,compaction_begin,3,0
346.341,compaction_end,3,43367082
346.351,compaction_begin,3,0
346.509,flush_begin,0,0
346.520,flush_end,0,2744463
346.546,compaction_end,3,43367081
346.556,compaction_begin,2,0
346.849,compaction_end,2,3411818
346.862,compaction_begin,3,0
347.073,compaction_end,3,42754757
347.085,compaction_begin,3,0
347.255,compaction_end,3,43367079
347.266,compaction_begin,3,0
347.439,compaction_end,3,43367079
347.449,compaction_begin,3,0
347.621,compaction_end,3,42992652
347.633,compaction_begin,3,0
347.806,compaction_end,3,43367082
347.815,compaction_begin,3,0
347.988,compaction_end,3,43367082
348.000,compaction_begin,3,0
348.175,compaction_end,3,43367080
348.185,compaction_begin,3,0
348.361,compaction_end,3,43367082
348.371,compaction_begin,3,0
348.548,compaction_end,3,43367081
348.558,compaction_begin,3,0
348.730,compaction_end,3,42618172
348.740,compaction_begin,3,0
348.916,compaction_end,3,43367081
348.923,compaction_begin,3,0
349.095,compaction_end,3,43367079
349.106,compaction_begin,3,0
349.279,compaction_end,3,43367079
349.289,compaction_begin,3,0
349.460,compaction_end,3,42992649
349.470,compaction_begin,3,0
349.644,compaction_end,3,43367079
349.654,compaction_begin,3,0
349.826,compaction_end,3,43367081
349.835,compaction_begin,3,0
350.008,compaction_end,3,43367080
350.017,compaction_begin,3,0
