t,type,level,bytes
-29.796,flush_begin,0,0
-29.786,flush_end,0,2686930
-29.775,flush_begin,0,0
-29.766,flush_end,0,2686931
-29.755,flush_begin,0,0
-29.746,flush_end,0,2686931
-29.736,flush_begin,0,0
-29.727,flush_end,0,2686931
-29.716,flush_begin,0,0
-29.706,flush_end,0,2686931
-29.695,flush_begin,0,0
-29.686,flush_end,0,2686930
-29.676,flush_begin,0,0
-29.666,flush_end,0,2686932
-29.655,flush_begin,0,0
-29.646,flush_end,0,2686930
-29.635,flush_begin,0,0
-29.626,flush_end,0,2686932
-29.615,flush_begin,0,0
-29.605,flush_end,0,2686930
-29.595,flush_begin,0,0
-29.586,flush_end,0,2686931
-29.576,flush_begin,0,0
-29.566,flush_end,0,2686931
-29.555,flush_begin,0,0
-29.545,flush_end,0,2686930
-29.535,flush_begin,0,0
-29.525,flush_end,0,2686932
-29.515,flush_begin,0,0
-29.504,flush_end,0,2686930
-29.491,flush_begin,0,0
-29.481,flush_end,0,2686931
-29.471,flush_begin,0,0
-29.461,flush_end,0,2686931
-29.451,flush_begin,0,0
-29.441,flush_end,0,2686931
-29.431,flush_begin,0,0
-29.422,flush_end,0,2686931
-29.411,flush_begin,0,0
-29.402,flush_end,0,2686931
-29.392,flush_begin,0,0
-29.383,flush_end,0,2686930
-29.373,flush_begin,0,0
-29.364,flush_end,0,2686933
-29.353,flush_begin,0,0
-29.344,flush_end,0,2686930
-29.333,flush_begin,0,0
-29.324,flush_end,0,2686932
-29.314,flush_begin,0,0
-29.305,flush_end,0,2686930
-29.295,flush_begin,0,0
-29.285,flush_end,0,2686930
-29.275,flush_begin,0,0
-29.265,flush_end,0,2686932
-29.254,flush_begin,0,0
-29.244,flush_end,0,2686930
-29.234,flush_begin,0,0
-29.224,flush_end,0,2686932
-29.214,flush_begin,0,0
-29.204,flush_end,0,2686930
-29.194,flush_begin,0,0
-29.184,flush_end,0,2686931
-29.174,flush_begin,0,0
-29.165,flush_end,0,2686931
-29.154,flush_begin,0,0
-29.145,flush_end,0,2686931
-29.135,flush_begin,0,0
-29.125,flush_end,0,2686931
-29.114,flush_begin,0,0
-29.104,flush_end,0,2686931
-29.093,flush_begin,0,0
-29.084,flush_end,0,2686930
-29.073,flush_begin,0,0
-29.064,flush_end,0,2686932
-29.053,flush_begin,0,0
-29.043,flush_end,0,2686930
-29.032,flush_begin,0,0
-29.023,flush_end,0,2686931
-29.013,flush_begin,0,0
-29.004,flush_end,0,2686931
-28.989,trivial_move,3,2686930
-28.986,flush_begin,0,0
-28.977,flush_end,0,2686930
-28.961,trivial_move,3,2686931
-28.959,flush_begin,0,0
-28.950,flush_end,0,2686932
-28.934,trivial_move,3,2686931
-28.933,flush_begin,0,0
-28.923,flush_end,0,2686930
-28.907,trivial_move,3,2686931
-28.906,flush_begin,0,0
-28.896,flush_end,0,2686933
-28.880,trivial_move,3,2686931
-28.879,flush_begin,0,0
-28.869,flush_end,0,2686930
-28.853,trivial_move,3,2686930
-28.851,flush_begin,0,0
-28.841,flush_end,0,2686931
-28.825,trivial_move,3,2686932
-28.823,flush_begin,0,0
-28.813,flush_end,0,2686931
-28.797,trivial_move,3,2686930
-28.795,flush_begin,0,0
-28.785,flush_end,0,2686931
-28.769,trivial_move,3,2686932
-28.766,flush_begin,0,0
-28.755,flush_end,0,2686931
-28.739,trivial_move,3,2686930
-28.736,flush_begin,0,0
-28.725,flush_end,0,2686930
-28.710,trivial_move,3,2686931
-28.707,flush_begin,0,0
-28.698,flush_end,0,2686930
-28.682,trivial_move,3,2686931
-28.680,flush_begin,0,0
-28.671,flush_end,0,2686931
-28.655,trivial_move,3,2686930
-28.654,flush_begin,0,0
-28.645,flush_end,0,2686931
-28.629,trivial_move,3,2686932
-28.628,flush_begin,0,0
-28.618,flush_end,0,2686931
-28.602,trivial_move,3,2686930
-28.600,flush_begin,0,0
-28.591,flush_end,0,2686931
-28.575,trivial_move,3,2686931
-28.574,flush_begin,0,0
-28.564,flush_end,0,2686930
-28.548,trivial_move,3,2686931
-28.546,flush_begin,0,0
-28.535,flush_end,0,2686932
-28.519,trivial_move,3,2686931
-28.517,flush_begin,0,0
-28.506,flush_end,0,2686930
-28.490,trivial_move,3,2686931
-28.488,flush_begin,0,0
-28.478,flush_end,0,2686932
-28.459,trivial_move,3,2686931
-28.457,flush_begin,0,0
-28.446,flush_end,0,2686930
-28.430,trivial_move,3,2686930
-28.428,flush_begin,0,0
-28.417,flush_end,0,2686931
-28.401,trivial_move,3,2686933
-28.399,flush_begin,0,0
-28.388,flush_end,0,2686931
-28.372,trivial_move,3,2686930
-28.369,flush_begin,0,0
-28.359,flush_end,0,2686930
-28.343,trivial_move,3,2686932
-28.340,flush_begin,0,0
-28.329,flush_end,0,2686932
-28.313,trivial_move,3,2686930
-28.310,flush_begin,0,0
-28.299,flush_end,0,2686930
-28.283,trivial_move,3,2686930
-28.281,flush_begin,0,0
-28.270,flush_end,0,2686932
-28.254,trivial_move,3,2686932
-28.251,flush_begin,0,0
-28.240,flush_end,0,2686931
-28.224,trivial_move,3,2686930
-28.222,flush_begin,0,0
-28.210,flush_end,0,2686931
-28.194,trivial_move,3,2686932
-28.191,flush_begin,0,0
-28.180,flush_end,0,2686931
-28.164,trivial_move,3,2686930
-28.162,flush_begin,0,0
-28.151,flush_end,0,2686931
-28.135,trivial_move,3,2686931
-28.132,flush_begin,0,0
-28.121,flush_end,0,2686930
-28.104,trivial_move,3,2686931
-28.101,flush_begin,0,0
-28.089,flush_end,0,2686932
-28.073,trivial_move,3,2686931
-28.069,flush_begin,0,0
-28.057,flush_end,0,2686930
-28.041,trivial_move,3,2686931
-28.038,flush_begin,0,0
-28.027,flush_end,0,2686932
-28.011,trivial_move,3,2686931
-28.009,flush_begin,0,0
-27.997,flush_end,0,2686930
-27.981,trivial_move,3,2686930
-27.978,flush_begin,0,0
-27.967,flush_end,0,2686930
-27.951,trivial_move,3,2686932
-27.948,flush_begin,0,0
-27.936,flush_end,0,2686932
-27.920,trivial_move,3,2686930
-27.917,flush_begin,0,0
-27.906,flush_end,0,2686930
-27.890,trivial_move,3,2686931
-27.886,flush_begin,0,0
-27.875,flush_end,0,2686932
-27.859,trivial_move,3,2686931
-27.856,flush_begin,0,0
-27.844,flush_end,0,2686930
-27.828,trivial_move,3,2686930
-27.825,flush_begin,0,0
-27.814,flush_end,0,2686931
-27.799,trivial_move,3,2686932
-27.795,flush_begin,0,0
-27.784,flush_end,0,2686931
-27.768,trivial_move,3,2686930
-27.765,flush_begin,0,0
-27.753,flush_end,0,2686931
-27.737,trivial_move,3,2686933
-27.734,flush_begin,0,0
-27.723,flush_end,0,2686931
-27.707,trivial_move,3,2686930
-27.704,flush_begin,0,0
-27.692,flush_end,0,2686931
-27.676,trivial_move,3,2686931
-27.673,flush_begin,0,0
-27.661,flush_end,0,2686930
-27.645,trivial_move,3,2686931
-27.642,flush_begin,0,0
-27.631,flush_end,0,2686933
-27.615,trivial_move,3,2686931
-27.612,flush_begin,0,0
-27.600,flush_end,0,2686930
-27.584,trivial_move,3,2686931
-27.582,flush_begin,0,0
-27.570,flush_end,0,2686931
-27.554,trivial_move,3,2686930
-27.551,flush_begin,0,0
-27.539,flush_end,0,2686931
-27.523,trivial_move,3,2686930
-27.520,flush_begin,0,0
-27.508,flush_end,0,2686930
-27.492,trivial_move,3,2686931
-27.490,flush_begin,0,0
-27.479,flush_end,0,2686932
-27.463,trivial_move,3,2686931
-27.460,flush_begin,0,0
-27.449,flush_end,0,2686930
-27.433,trivial_move,3,2686931
-27.430,flush_begin,0,0
-27.418,flush_end,0,2686932
-27.402,trivial_move,3,2686931
-27.399,flush_begin,0,0
-27.388,flush_end,0,2686930
-27.372,trivial_move,3,2686930
-27.370,flush_begin,0,0
-27.359,flush_end,0,2686931
-27.343,trivial_move,3,2686932
-27.341,flush_begin,0,0
-27.330,flush_end,0,2686931
-27.314,trivial_move,3,2686930
-27.312,flush_begin,0,0
-27.301,flush_end,0,2686931
-27.285,trivial_move,3,2686932
-27.282,flush_begin,0,0
-27.271,flush_end,0,2686931
-27.255,trivial_move,3,2686930
-27.252,flush_begin,0,0
-27.242,flush_end,0,2686930
-27.226,trivial_move,3,2686931
-27.223,flush_begin,0,0
-27.212,flush_end,0,2686930
-27.196,trivial_move,3,2686931
-27.194,flush_begin,0,0
-27.183,flush_end,0,2686931
-27.167,trivial_move,3,2686930
-27.165,flush_begin,0,0
-27.154,flush_end,0,2686931
-27.138,trivial_move,3,2686932
-27.136,flush_begin,0,0
-27.125,flush_end,0,2686931
-27.109,trivial_move,3,2686930
-27.107,flush_begin,0,0
-27.096,flush_end,0,2686931
-27.081,trivial_move,3,2686932
-27.078,flush_begin,0,0
-27.068,flush_end,0,2686930
-27.052,trivial_move,3,2686931
-27.049,flush_begin,0,0
-27.038,flush_end,0,2686932
-27.022,trivial_move,3,2686931
-27.019,flush_begin,0,0
-27.008,flush_end,0,2686930
-26.992,trivial_move,3,2686931
-26.989,flush_begin,0,0
-26.978,flush_end,0,2686933
-26.962,trivial_move,3,2686931
-26.960,flush_begin,0,0
-26.949,flush_end,0,2686930
-26.933,trivial_move,3,2686930
-26.931,flush_begin,0,0
-26.920,flush_end,0,2686931
-26.904,trivial_move,3,2686932
-26.901,flush_begin,0,0
-26.890,flush_end,0,2686931
-26.874,trivial_move,3,2686930
-26.871,flush_begin,0,0
-26.860,flush_end,0,2686930
-26.844,trivial_move,3,2686932
-26.841,flush_begin,0,0
-26.830,flush_end,0,2686932
-26.814,trivial_move,3,2686930
-26.811,flush_begin,0,0
-26.800,flush_end,0,2686930
-26.784,trivial_move,3,2686930
-26.781,flush_begin,0,0
-26.770,flush_end,0,2686931
-26.754,trivial_move,3,2686932
-26.751,flush_begin,0,0
-26.740,flush_end,0,2686931
-26.724,trivial_move,3,2686930
-26.721,flush_begin,0,0
-26.710,flush_end,0,2686931
-26.694,trivial_move,3,2686932
-26.691,flush_begin,0,0
-26.680,flush_end,0,2686931
-26.664,trivial_move,3,2686930
-26.662,flush_begin,0,0
-26.650,flush_end,0,2686931
-26.634,trivial_move,3,2686931
-26.631,flush_begin,0,0
-26.620,flush_end,0,2686930
-26.604,trivial_move,3,2686931
-26.602,flush_begin,0,0
-26.591,flush_end,0,2686932
-26.575,trivial_move,3,2686931
-26.572,flush_begin,0,0
-26.561,flush_end,0,2686930
-26.545,trivial_move,3,2686931
-26.542,flush_begin,0,0
-26.531,flush_end,0,2686932
-26.515,trivial_move,3,2686931
-26.512,flush_begin,0,0
-26.500,flush_end,0,2686930
-26.484,trivial_move,3,2686930
-26.481,flush_begin,0,0
-26.469,flush_end,0,2686930
-26.453,trivial_move,3,2686933
-26.450,flush_begin,0,0
-26.438,flush_end,0,2686932
-26.423,trivial_move,3,2686930
-26.420,flush_begin,0,0
-26.408,flush_end,0,2686930
-26.392,trivial_move,3,2686931
-26.389,flush_begin,0,0
-26.378,flush_end,0,2686932
-26.362,trivial_move,3,2686931
-26.359,flush_begin,0,0
-26.347,flush_end,0,2686930
-26.331,trivial_move,3,2686930
-26.328,flush_begin,0,0
-26.317,flush_end,0,2686932
-26.301,trivial_move,3,2686932
-26.299,flush_begin,0,0
-26.288,flush_end,0,2686931
-26.272,trivial_move,3,2686930
-26.270,flush_begin,0,0
-26.258,flush_end,0,2686931
-26.242,trivial_move,3,2686932
-26.239,flush_begin,0,0
-26.228,flush_end,0,2686931
-26.212,trivial_move,3,2686930
-26.209,flush_begin,0,0
-26.198,flush_end,0,2686931
-26.182,trivial_move,3,2686931
-26.179,flush_begin,0,0
-26.167,flush_end,0,2686930
-26.151,trivial_move,3,2686931
-26.149,flush_begin,0,0
-26.137,flush_end,0,2686932
-26.121,trivial_move,3,2686931
-26.118,flush_begin,0,0
-26.107,flush_end,0,2686930
-26.091,trivial_move,3,2686931
-26.088,flush_begin,0,0
-26.077,flush_end,0,2686931
-26.061,trivial_move,3,2686930
-26.059,flush_begin,0,0
-26.048,flush_end,0,2686931
-26.032,trivial_move,3,2686930
-26.029,flush_begin,0,0
-26.018,flush_end,0,2686930
-26.002,trivial_move,3,2686931
-26.000,flush_begin,0,0
-25.989,flush_end,0,2686932
-25.973,trivial_move,3,2686931
-25.971,flush_begin,0,0
-25.960,flush_end,0,2686930
-25.944,trivial_move,3,2686931
-25.942,flush_begin,0,0
-25.931,flush_end,0,2686932
-25.915,trivial_move,3,2686931
-25.913,flush_begin,0,0
-25.902,flush_end,0,2686930
-25.886,trivial_move,3,2686930
-25.882,flush_begin,0,0
-25.871,flush_end,0,2686931
-25.850,trivial_move,3,2686932
-25.849,flush_begin,0,0
-25.837,flush_end,0,2686931
-25.821,trivial_move,3,2686930
-25.818,flush_begin,0,0
-25.806,flush_end,0,2686931
-25.790,trivial_move,3,2686933
-25.788,flush_begin,0,0
-25.777,flush_end,0,2686931
-25.761,trivial_move,3,2686930
-25.758,flush_begin,0,0
-25.747,flush_end,0,2686930
-25.731,trivial_move,3,2686931
-25.728,flush_begin,0,0
-25.717,flush_end,0,2686930
-25.701,trivial_move,3,2686931
-25.699,flush_begin,0,0
-25.688,flush_end,0,2686931
-25.672,trivial_move,3,2686930
-25.669,flush_begin,0,0
-25.657,flush_end,0,2686932
-25.641,trivial_move,3,2686932
-25.638,flush_begin,0,0
-25.627,flush_end,0,2686931
-25.611,trivial_move,3,2686930
-25.608,flush_begin,0,0
-25.597,flush_end,0,2686931
-25.581,trivial_move,3,2686931
-25.578,flush_begin,0,0
-25.567,flush_end,0,2686930
-25.551,trivial_move,3,2686931
-25.548,flush_begin,0,0
-25.537,flush_end,0,2686932
-25.521,trivial_move,3,2686931
-25.519,flush_begin,0,0
-25.508,flush_end,0,2686930
-25.492,trivial_move,3,2686931
-25.489,flush_begin,0,0
-25.478,flush_end,0,2686932
-25.462,trivial_move,3,2686931
-25.459,flush_begin,0,0
-25.448,flush_end,0,2686930
-25.432,trivial_move,3,2686930
-25.429,flush_begin,0,0
-25.418,flush_end,0,2686931
-25.402,trivial_move,3,2686932
-25.399,flush_begin,0,0
-25.388,flush_end,0,2686931
-25.372,trivial_move,3,2686930
-25.369,flush_begin,0,0
-25.357,flush_end,0,2686930
-25.341,trivial_move,3,2686932
-25.338,flush_begin,0,0
-25.327,flush_end,0,2686932
-25.311,trivial_move,3,2686930
-25.309,flush_begin,0,0
-25.298,flush_end,0,2686930
-25.282,trivial_move,3,2686930
-25.279,flush_begin,0,0
-25.268,flush_end,0,2686931
-25.252,trivial_move,3,2686932
-25.249,flush_begin,0,0
-25.238,flush_end,0,2686931
-25.222,trivial_move,3,2686930
-25.220,flush_begin,0,0
-25.209,flush_end,0,2686931
-25.193,trivial_move,3,2686932
-25.191,flush_begin,0,0
-25.180,flush_end,0,2686931
-25.164,trivial_move,3,2686930
-25.162,flush_begin,0,0
-25.151,flush_end,0,2686931
-25.135,trivial_move,3,2686932
-25.132,flush_begin,0,0
-25.122,flush_end,0,2686930
-25.106,trivial_move,3,2686931
-25.103,flush_begin,0,0
-25.092,flush_end,0,2686932
-25.076,trivial_move,3,2686931
-25.073,flush_begin,0,0
-25.063,flush_end,0,2686930
-25.047,trivial_move,3,2686931
-25.044,flush_begin,0,0
-25.033,flush_end,0,2686933
-25.017,trivial_move,3,2686931
-25.014,flush_begin,0,0
-25.003,flush_end,0,2686930
-24.987,trivial_move,3,2686930
-24.985,flush_begin,0,0
-24.974,flush_end,0,2686930
-24.958,trivial_move,3,2686932
-24.956,flush_begin,0,0
-24.944,flush_end,0,2686932
-24.928,trivial_move,3,2686930
-24.926,flush_begin,0,0
-24.915,flush_end,0,2686930
-24.899,trivial_move,3,2686931
-24.897,flush_begin,0,0
-24.886,flush_end,0,2686932
-24.870,trivial_move,3,2686931
-24.868,flush_begin,0,0
-24.857,flush_end,0,2686930
-24.840,trivial_move,3,2686930
-24.838,flush_begin,0,0
-24.826,flush_end,0,2686931
-24.810,trivial_move,3,2686932
-24.808,flush_begin,0,0
-24.797,flush_end,0,2686931
-24.781,trivial_move,3,2686930
-24.778,flush_begin,0,0
-24.768,flush_end,0,2686931
-24.752,trivial_move,3,2686932
-24.750,flush_begin,0,0
-24.738,flush_end,0,2686931
-24.722,trivial_move,3,2686930
-24.719,flush_begin,0,0
-24.708,flush_end,0,2686931
-24.692,trivial_move,3,2686931
-24.690,flush_begin,0,0
-24.679,flush_end,0,2686930
-24.662,trivial_move,3,2686931
-24.659,flush_begin,0,0
-24.648,flush_end,0,2686932
-24.632,trivial_move,3,2686931
-24.630,flush_begin,0,0
-24.619,flush_end,0,2686930
-24.603,trivial_move,3,2686931
-24.601,flush_begin,0,0
-24.591,flush_end,0,2686931
-24.575,trivial_move,3,2686930
-24.573,flush_begin,0,0
-24.563,flush_end,0,2686931
-24.547,trivial_move,3,2686930
-24.544,flush_begin,0,0
-24.534,flush_end,0,2686930
-24.518,trivial_move,3,2686931
-24.516,flush_begin,0,0
-24.505,flush_end,0,2686932
-24.489,trivial_move,3,2686932
-24.487,flush_begin,0,0
-24.476,flush_end,0,2686930
-24.460,trivial_move,3,2686931
-24.457,flush_begin,0,0
-24.446,flush_end,0,2686932
-24.430,trivial_move,3,2686931
-24.427,flush_begin,0,0
-24.416,flush_end,0,2686930
-24.399,trivial_move,3,2686930
-24.396,flush_begin,0,0
-24.385,flush_end,0,2686932
-24.369,trivial_move,3,2686932
-24.366,flush_begin,0,0
-24.355,flush_end,0,2686931
-24.339,trivial_move,3,2686930
-24.336,flush_begin,0,0
-24.326,flush_end,0,2686931
-24.311,trivial_move,3,2686932
-24.308,flush_begin,0,0
-24.297,flush_end,0,2686931
-24.281,trivial_move,3,2686930
-24.279,flush_begin,0,0
-24.268,flush_end,0,2686930
-24.252,trivial_move,3,2686931
-24.250,flush_begin,0,0
-24.239,flush_end,0,2686930
-24.223,trivial_move,3,2686931
-24.221,flush_begin,0,0
-24.210,flush_end,0,2686931
-24.194,trivial_move,3,2686930
-24.191,flush_begin,0,0
-24.180,flush_end,0,2686931
-24.164,trivial_move,3,2686932
-24.161,flush_begin,0,0
-24.150,flush_end,0,2686931
-24.133,trivial_move,3,2686930
-24.130,flush_begin,0,0
-24.120,flush_end,0,2686931
-24.105,trivial_move,3,2686931
-24.102,flush_begin,0,0
-24.091,flush_end,0,2686930
-24.075,trivial_move,3,2686931
-24.073,flush_begin,0,0
-24.062,flush_end,0,2686932
-24.045,trivial_move,3,2686931
-24.042,flush_begin,0,0
-24.031,flush_end,0,2686930
-24.015,trivial_move,3,2686931
-24.012,flush_begin,0,0
-24.001,flush_end,0,2686932
-23.985,trivial_move,3,2686931
-23.982,flush_begin,0,0
-23.970,flush_end,0,2686930
-23.953,trivial_move,3,2686930
-23.950,flush_begin,0,0
-23.939,flush_end,0,2686931
-23.923,trivial_move,3,2686932
-23.920,flush_begin,0,0
-23.909,flush_end,0,2686931
-23.893,trivial_move,3,2686930
-23.890,flush_begin,0,0
-23.879,flush_end,0,2686930
-23.863,trivial_move,3,2686933
-23.860,flush_begin,0,0
-23.849,flush_end,0,2686932
-23.833,trivial_move,3,2686930
-23.831,flush_begin,0,0
-23.819,flush_end,0,2686930
-23.803,trivial_move,3,2686930
-23.800,flush_begin,0,0
-23.789,flush_end,0,2686931
-23.775,trivial_move,3,2686932
-23.772,flush_begin,0,0
-23.761,flush_end,0,2686931
-23.745,trivial_move,3,2686930
-23.742,flush_begin,0,0
-23.732,flush_end,0,2686933
-23.716,trivial_move,3,2686932
-23.714,flush_begin,0,0
-23.703,flush_end,0,2686931
-23.687,trivial_move,3,2686930
-23.685,flush_begin,0,0
-23.674,flush_end,0,2686931
-23.659,trivial_move,3,2686931
-23.657,flush_begin,0,0
-23.646,flush_end,0,2686930
-23.630,trivial_move,3,2686931
-23.627,flush_begin,0,0
-23.616,flush_end,0,2686932
-23.599,trivial_move,3,2686931
-23.597,flush_begin,0,0
-23.587,flush_end,0,2686930
-23.571,trivial_move,3,2686931
-23.568,flush_begin,0,0
-23.557,flush_end,0,2686932
-23.541,trivial_move,3,2686931
-23.539,flush_begin,0,0
-23.528,flush_end,0,2686930
-23.511,trivial_move,3,2686930
-23.508,flush_begin,0,0
-23.497,flush_end,0,2686930
-23.481,trivial_move,3,2686932
-23.478,flush_begin,0,0
-23.468,flush_end,0,2686932
-23.452,trivial_move,3,2686930
-23.450,flush_begin,0,0
-23.439,flush_end,0,2686930
-23.423,trivial_move,3,2686931
-23.420,flush_begin,0,0
-23.409,flush_end,0,2686932
-23.393,trivial_move,3,2686931
-23.391,flush_begin,0,0
-23.380,flush_end,0,2686930
-23.364,trivial_move,3,2686930
-23.361,flush_begin,0,0
-23.350,flush_end,0,2686931
-23.334,trivial_move,3,2686932
-23.331,flush_begin,0,0
-23.320,flush_end,0,2686931
-23.304,trivial_move,3,2686930
-23.301,flush_begin,0,0
-23.290,flush_end,0,2686931
-23.274,trivial_move,3,2686932
-23.271,flush_begin,0,0
-23.260,flush_end,0,2686931
-23.244,trivial_move,3,2686930
-23.242,flush_begin,0,0
-23.231,flush_end,0,2686931
-23.216,trivial_move,3,2686932
-23.213,flush_begin,0,0
-23.196,flush_end,0,2686930
-23.181,trivial_move,3,2686931
-23.179,flush_begin,0,0
-23.168,flush_end,0,2686932
-23.152,trivial_move,3,2686931
-23.150,flush_begin,0,0
-23.139,flush_end,0,2686930
-23.123,trivial_move,3,2686931
-23.120,flush_begin,0,0
-23.109,flush_end,0,2686931
-23.093,trivial_move,3,2686930
-23.090,flush_begin,0,0
-23.080,flush_end,0,2686932
-23.064,trivial_move,3,2686930
-23.061,flush_begin,0,0
-23.050,flush_end,0,2686930
-23.034,trivial_move,3,2686931
-23.032,flush_begin,0,0
-23.021,flush_end,0,2686932
-23.005,trivial_move,3,2686931
-23.002,flush_begin,0,0
-22.991,flush_end,0,2686930
-22.975,trivial_move,3,2686931
-22.973,flush_begin,0,0
-22.962,flush_end,0,2686932
-22.946,trivial_move,3,2686931
-22.944,flush_begin,0,0
-22.932,flush_end,0,2686930
-22.916,trivial_move,3,2686930
-22.914,flush_begin,0,0
-22.903,flush_end,0,2686931
-22.887,trivial_move,3,2686932
-22.884,flush_begin,0,0
-22.874,flush_end,0,2686931
-22.858,trivial_move,3,2686930
-22.855,flush_begin,0,0
-22.844,flush_end,0,2686931
-22.828,trivial_move,3,2686932
-22.825,flush_begin,0,0
-22.814,flush_end,0,2686931
-22.799,trivial_move,3,2686930
-22.795,flush_begin,0,0
-22.784,flush_end,0,2686930
-22.768,trivial_move,3,2686931
-22.765,flush_begin,0,0
-22.754,flush_end,0,2686930
-22.738,trivial_move,3,2686931
-22.736,flush_begin,0,0
-22.724,flush_end,0,2686931
-22.708,trivial_move,3,2686930
-22.706,flush_begin,0,0
-22.695,flush_end,0,2686931
-22.679,trivial_move,3,2686932
-22.677,flush_begin,0,0
-22.666,flush_end,0,2686931
-22.650,trivial_move,3,2686930
-22.648,flush_begin,0,0
-22.636,flush_end,0,2686931
-22.619,trivial_move,3,2686931
-22.616,flush_begin,0,0
-22.605,flush_end,0,2686930
-22.589,trivial_move,3,2686931
-22.586,flush_begin,0,0
-22.575,flush_end,0,2686932
-22.559,trivial_move,3,2686933
-22.557,flush_begin,0,0
-22.545,flush_end,0,2686930
-22.528,trivial_move,3,2686931
-22.525,flush_begin,0,0
-22.514,flush_end,0,2686932
-22.498,trivial_move,3,2686931
-22.495,flush_begin,0,0
-22.484,flush_end,0,2686930
-22.468,trivial_move,3,2686930
-22.465,flush_begin,0,0
-22.453,flush_end,0,2686932
-22.437,trivial_move,3,2686932
-22.434,flush_begin,0,0
-22.423,flush_end,0,2686931
-22.407,trivial_move,3,2686930
-22.404,flush_begin,0,0
-22.392,flush_end,0,2686930
-22.376,trivial_move,3,2686932
-22.373,flush_begin,0,0
-22.362,flush_end,0,2686932
-22.345,trivial_move,3,2686930
-22.343,flush_begin,0,0
-22.331,flush_end,0,2686930
-22.315,trivial_move,3,2686930
-22.312,flush_begin,0,0
-22.300,flush_end,0,2686931
-22.284,trivial_move,3,2686932
-22.281,flush_begin,0,0
-22.270,flush_end,0,2686931
-22.253,trivial_move,3,2686930
-22.250,flush_begin,0,0
-22.238,flush_end,0,2686931
-22.222,trivial_move,3,2686932
-22.219,flush_begin,0,0
-22.208,flush_end,0,2686931
-22.192,trivial_move,3,2686930
-22.189,flush_begin,0,0
-22.177,flush_end,0,2686931
-22.161,trivial_move,3,2686931
-22.158,flush_begin,0,0
-22.146,flush_end,0,2686930
-22.130,trivial_move,3,2686931
-22.127,flush_begin,0,0
-22.115,flush_end,0,2686932
-22.099,trivial_move,3,2686931
-22.096,flush_begin,0,0
-22.084,flush_end,0,2686930
-22.067,trivial_move,3,2686931
-22.064,flush_begin,0,0
-22.053,flush_end,0,2686932
-22.037,trivial_move,3,2686931
-22.033,flush_begin,0,0
-22.021,flush_end,0,2686930
-22.005,trivial_move,3,2686930
-22.002,flush_begin,0,0
-21.990,flush_end,0,2686930
-21.974,trivial_move,3,2686932
-21.971,flush_begin,0,0
-21.959,flush_end,0,2686932
-21.943,trivial_move,3,2686930
-21.940,flush_begin,0,0
-21.928,flush_end,0,2686930
-21.912,trivial_move,3,2686931
-21.909,flush_begin,0,0
-21.897,flush_end,0,2686932
-21.881,trivial_move,3,2686932
-21.878,flush_begin,0,0
-21.867,flush_end,0,2686930
-21.851,trivial_move,3,2686930
-21.848,flush_begin,0,0
-21.837,flush_end,0,2686931
-21.821,trivial_move,3,2686932
-21.818,flush_begin,0,0
-21.807,flush_end,0,2686931
-21.790,trivial_move,3,2686930
-21.788,flush_begin,0,0
-21.777,flush_end,0,2686932
-21.761,trivial_move,3,2686932
-21.758,flush_begin,0,0
-21.747,flush_end,0,2686931
-21.731,trivial_move,3,2686930
-21.728,flush_begin,0,0
-21.716,flush_end,0,2686931
-21.700,trivial_move,3,2686931
-21.697,flush_begin,0,0
-21.686,flush_end,0,2686930
-21.670,trivial_move,3,2686931
-21.667,flush_begin,0,0
-21.656,flush_end,0,2686932
-21.640,trivial_move,3,2686931
-21.636,flush_begin,0,0
-21.624,flush_end,0,2686930
-21.608,trivial_move,3,2686931
-21.605,flush_begin,0,0
-21.593,flush_end,0,2686931
-21.577,trivial_move,3,2686930
-21.574,flush_begin,0,0
-21.563,flush_end,0,2686931
-21.547,trivial_move,3,2686930
-21.543,flush_begin,0,0
-21.531,flush_end,0,2686930
-21.514,trivial_move,3,2686931
-21.511,flush_begin,0,0
-21.499,flush_end,0,2686932
-21.483,trivial_move,3,2686931
-21.480,flush_begin,0,0
-21.468,flush_end,0,2686930
-21.452,trivial_move,3,2686931
-21.449,flush_begin,0,0
-21.437,flush_end,0,2686932
-21.422,trivial_move,3,2686931
-21.419,flush_begin,0,0
-21.407,flush_end,0,2686930
-21.391,trivial_move,3,2686930
-21.388,flush_begin,0,0
-21.377,flush_end,0,2686931
-21.361,trivial_move,3,2686932
-21.359,flush_begin,0,0
-21.348,flush_end,0,2686931
-21.332,trivial_move,3,2686930
-21.328,flush_begin,0,0
-21.317,flush_end,0,2686931
-21.301,trivial_move,3,2686932
-21.297,flush_begin,0,0
-21.286,flush_end,0,2686931
-21.270,trivial_move,3,2686930
-21.267,flush_begin,0,0
-21.256,flush_end,0,2686930
-21.240,trivial_move,3,2686932
-21.237,flush_begin,0,0
-21.226,flush_end,0,2686930
-21.210,trivial_move,3,2686931
-21.207,flush_begin,0,0
-21.197,flush_end,0,2686931
-21.181,trivial_move,3,2686930
-21.178,flush_begin,0,0
-21.166,flush_end,0,2686931
-21.150,trivial_move,3,2686932
-21.147,flush_begin,0,0
-21.136,flush_end,0,2686931
-21.120,trivial_move,3,2686930
-21.117,flush_begin,0,0
-21.106,flush_end,0,2686932
-21.090,trivial_move,3,2686931
-21.088,flush_begin,0,0
-21.077,flush_end,0,2686930
-21.062,trivial_move,3,2686931
-21.059,flush_begin,0,0
-21.048,flush_end,0,2686932
-21.032,trivial_move,3,2686931
-21.029,flush_begin,0,0
-21.019,flush_end,0,2686930
-21.003,trivial_move,3,2686931
-21.001,flush_begin,0,0
-20.990,flush_end,0,2686932
-20.974,trivial_move,3,2686931
-20.971,flush_begin,0,0
-20.960,flush_end,0,2686930
-20.944,trivial_move,3,2686930
-20.941,flush_begin,0,0
-20.930,flush_end,0,2686931
-20.914,trivial_move,3,2686932
-20.911,flush_begin,0,0
-20.900,flush_end,0,2686931
-20.883,trivial_move,3,2686930
-20.880,flush_begin,0,0
-20.869,flush_end,0,2686930
-20.853,trivial_move,3,2686932
-20.850,flush_begin,0,0
-20.839,flush_end,0,2686932
-20.823,trivial_move,3,2686930
-20.820,flush_begin,0,0
-20.810,flush_end,0,2686930
-20.793,trivial_move,3,2686930
-20.790,flush_begin,0,0
-20.779,flush_end,0,2686931
-20.763,trivial_move,3,2686932
-20.761,flush_begin,0,0
-20.749,flush_end,0,2686931
-20.733,trivial_move,3,2686930
-20.731,flush_begin,0,0
-20.720,flush_end,0,2686931
-20.703,trivial_move,3,2686932
-20.701,flush_begin,0,0
-20.689,flush_end,0,2686931
-20.673,trivial_move,3,2686930
-20.671,flush_begin,0,0
-20.660,flush_end,0,2686931
-20.644,trivial_move,3,2686931
-20.641,flush_begin,0,0
-20.631,flush_end,0,2686930
-20.614,trivial_move,3,2686931
-20.611,flush_begin,0,0
-20.600,flush_end,0,2686932
-20.584,trivial_move,3,2686932
-20.581,flush_begin,0,0
-20.570,flush_end,0,2686930
-20.554,trivial_move,3,2686931
-20.551,flush_begin,0,0
-20.540,flush_end,0,2686932
-20.523,trivial_move,3,2686931
-20.520,flush_begin,0,0
-20.508,flush_end,0,2686930
-20.492,trivial_move,3,2686930
-20.489,flush_begin,0,0
-20.477,flush_end,0,2686930
-20.461,trivial_move,3,2686932
-20.458,flush_begin,0,0
-20.446,flush_end,0,2686933
-20.429,trivial_move,3,2686930
-20.426,flush_begin,0,0
-20.414,flush_end,0,2686930
-20.398,trivial_move,3,2686931
-20.394,flush_begin,0,0
-20.382,flush_end,0,2686932
-20.366,trivial_move,3,2686931
-20.363,flush_begin,0,0
-20.352,flush_end,0,2686930
-20.335,trivial_move,3,2686930
-20.331,flush_begin,0,0
-20.320,flush_end,0,2686931
-20.304,trivial_move,3,2686932
-20.301,flush_begin,0,0
-20.289,flush_end,0,2686931
-20.273,trivial_move,3,2686930
-20.271,flush_begin,0,0
-20.261,flush_end,0,2686931
-20.245,trivial_move,3,2686932
-20.243,flush_begin,0,0
-20.234,flush_end,0,2686931
-20.218,trivial_move,3,2686930
-20.217,flush_begin,0,0
-20.208,flush_end,0,2686931
-20.192,trivial_move,3,2686931
-20.190,flush_begin,0,0
-20.181,flush_end,0,2686930
-20.164,trivial_move,3,2686931
-20.162,flush_begin,0,0
-20.152,flush_end,0,2686932
-20.136,trivial_move,3,2686931
-20.134,flush_begin,0,0
-20.124,flush_end,0,2686930
-20.108,trivial_move,3,2686931
-20.106,flush_begin,0,0
-20.095,flush_end,0,2686931
-20.078,trivial_move,3,2686930
-20.076,flush_begin,0,0
-20.066,flush_end,0,2686931
-20.050,trivial_move,3,2686930
-20.048,flush_begin,0,0
-20.037,flush_end,0,2686930
-20.021,trivial_move,3,2686931
-20.019,flush_begin,0,0
-20.008,flush_end,0,2686932
-19.991,trivial_move,3,2686931
-19.989,flush_begin,0,0
-19.978,flush_end,0,2686930
-19.962,trivial_move,3,2686931
-19.960,flush_begin,0,0
-19.950,flush_end,0,2686932
-19.934,trivial_move,3,2686932
-19.931,flush_begin,0,0
-19.921,flush_end,0,2686930
-19.904,trivial_move,3,2686930
-19.902,flush_begin,0,0
-19.893,flush_end,0,2686931
-19.877,trivial_move,3,2686932
-19.875,flush_begin,0,0
-19.865,flush_end,0,2686931
-19.849,trivial_move,3,2686930
-19.846,flush_begin,0,0
-19.836,flush_end,0,2686932
-19.819,trivial_move,3,2686932
-19.817,flush_begin,0,0
-19.807,flush_end,0,2686931
-19.791,trivial_move,3,2686930
-19.789,flush_begin,0,0
-19.778,flush_end,0,2686930
-19.762,trivial_move,3,2686931
-19.760,flush_begin,0,0
-19.749,flush_end,0,2686930
-19.733,trivial_move,3,2686931
-19.730,flush_begin,0,0
-19.719,flush_end,0,2686931
-19.703,trivial_move,3,2686930
-19.700,flush_begin,0,0
-19.689,flush_end,0,2686931
-19.673,trivial_move,3,2686932
-19.671,flush_begin,0,0
-19.659,flush_end,0,2686931
-19.644,trivial_move,3,2686930
-19.642,flush_begin,0,0
-19.632,flush_end,0,2686931
-19.616,trivial_move,3,2686931
-19.615,flush_begin,0,0
-19.606,flush_end,0,2686930
-19.590,trivial_move,3,2686931
-19.588,flush_begin,0,0
-19.579,flush_end,0,2686932
-19.564,trivial_move,3,2686931
-19.562,flush_begin,0,0
-19.553,flush_end,0,2686930
-19.537,trivial_move,3,2686931
-19.536,flush_begin,0,0
-19.526,flush_end,0,2686932
-19.512,trivial_move,3,2686931
-19.511,flush_begin,0,0
-19.501,flush_end,0,2686930
-19.484,trivial_move,3,2686930
-19.482,flush_begin,0,0
-19.472,flush_end,0,2686931
-19.456,trivial_move,3,2686932
-19.455,flush_begin,0,0
-19.445,flush_end,0,2686931
-19.429,trivial_move,3,2686930
-19.428,flush_begin,0,0
-19.418,flush_end,0,2686930
-19.401,trivial_move,3,2686932
-19.399,flush_begin,0,0
-19.389,flush_end,0,2686932
-19.373,trivial_move,3,2686930
-19.372,flush_begin,0,0
-19.361,flush_end,0,2686930
-19.345,trivial_move,3,2686930
-19.344,flush_begin,0,0
-19.333,flush_end,0,2686931
-19.316,trivial_move,3,2686933
-19.313,flush_begin,0,0
-19.303,flush_end,0,2686931
-19.287,trivial_move,3,2686930
-19.285,flush_begin,0,0
-19.274,flush_end,0,2686931
-19.258,trivial_move,3,2686932
-19.256,flush_begin,0,0
-19.245,flush_end,0,2686931
-19.229,trivial_move,3,2686930
-19.227,flush_begin,0,0
-19.216,flush_end,0,2686932
-19.200,trivial_move,3,2686931
-19.197,flush_begin,0,0
-19.187,flush_end,0,2686930
-19.171,trivial_move,3,2686931
-19.168,flush_begin,0,0
-19.158,flush_end,0,2686932
-19.141,trivial_move,3,2686931
-19.139,flush_begin,0,0
-19.128,flush_end,0,2686930
-19.112,trivial_move,3,2686931
-19.110,flush_begin,0,0
-19.099,flush_end,0,2686932
-19.083,trivial_move,3,2686931
-19.081,flush_begin,0,0
-19.071,flush_end,0,2686930
-19.055,trivial_move,3,2686930
-19.053,flush_begin,0,0
-19.042,flush_end,0,2686930
-19.026,trivial_move,3,2686932
-19.024,flush_begin,0,0
-19.014,flush_end,0,2686932
-18.998,trivial_move,3,2686930
-18.995,flush_begin,0,0
-18.985,flush_end,0,2686930
-18.969,trivial_move,3,2686931
-18.967,flush_begin,0,0
-18.957,flush_end,0,2686932
-18.941,trivial_move,3,2686931
-18.939,flush_begin,0,0
-18.928,flush_end,0,2686930
-18.912,trivial_move,3,2686930
-18.910,flush_begin,0,0
-18.899,flush_end,0,2686931
-18.882,trivial_move,3,2686932
-18.880,flush_begin,0,0
-18.869,flush_end,0,2686931
-18.853,trivial_move,3,2686930
-18.850,flush_begin,0,0
-18.839,flush_end,0,2686931
-18.823,trivial_move,3,2686932
-18.820,flush_begin,0,0
-18.810,flush_end,0,2686931
-18.793,trivial_move,3,2686930
-18.791,flush_begin,0,0
-18.780,flush_end,0,2686931
-18.764,trivial_move,3,2686931
-18.761,flush_begin,0,0
-18.750,flush_end,0,2686930
-18.733,trivial_move,3,2686931
-18.731,flush_begin,0,0
-18.720,flush_end,0,2686932
-18.703,trivial_move,3,2686932
-18.701,flush_begin,0,0
-18.690,flush_end,0,2686930
-18.674,trivial_move,3,2686931
-18.671,flush_begin,0,0
-18.660,flush_end,0,2686931
-18.645,trivial_move,3,2686930
-18.643,flush_begin,0,0
-18.632,flush_end,0,2686931
-18.616,trivial_move,3,2686930
-18.613,flush_begin,0,0
-18.603,flush_end,0,2686930
-18.587,trivial_move,3,2686931
-18.585,flush_begin,0,0
-18.574,flush_end,0,2686933
-18.558,trivial_move,3,2686931
-18.556,flush_begin,0,0
-18.545,flush_end,0,2686930
-18.529,trivial_move,3,2686931
-18.527,flush_begin,0,0
-18.516,flush_end,0,2686932
-18.500,trivial_move,3,2686931
-18.498,flush_begin,0,0
-18.487,flush_end,0,2686930
-18.471,trivial_move,3,2686930
-18.468,flush_begin,0,0
-18.457,flush_end,0,2686931
-18.441,trivial_move,3,2686932
-18.439,flush_begin,0,0
-18.428,flush_end,0,2686931
-18.412,trivial_move,3,2686930
-18.410,flush_begin,0,0
-18.399,flush_end,0,2686931
-18.383,trivial_move,3,2686932
-18.381,flush_begin,0,0
-18.370,flush_end,0,2686931
-18.354,trivial_move,3,2686930
-18.352,flush_begin,0,0
-18.341,flush_end,0,2686930
-18.325,trivial_move,3,2686931
-18.322,flush_begin,0,0
-18.311,flush_end,0,2686930
-18.295,trivial_move,3,2686931
-18.292,flush_begin,0,0
-18.281,flush_end,0,2686931
-18.265,trivial_move,3,2686930
-18.262,flush_begin,0,0
-18.251,flush_end,0,2686931
-18.235,trivial_move,3,2686932
-18.232,flush_begin,0,0
-18.220,flush_end,0,2686931
-18.204,trivial_move,3,2686930
-18.201,flush_begin,0,0
-18.190,flush_end,0,2686931
-18.173,trivial_move,3,2686931
-18.170,flush_begin,0,0
-18.159,flush_end,0,2686930
-18.143,trivial_move,3,2686931
-18.141,flush_begin,0,0
-18.129,flush_end,0,2686932
-18.112,trivial_move,3,2686931
-18.109,flush_begin,0,0
-18.098,flush_end,0,2686930
-18.082,trivial_move,3,2686931
-18.079,flush_begin,0,0
-18.068,flush_end,0,2686932
-18.052,trivial_move,3,2686932
-18.049,flush_begin,0,0
-18.037,flush_end,0,2686930
-18.020,trivial_move,3,2686930
-18.018,flush_begin,0,0
-18.006,flush_end,0,2686931
-17.990,trivial_move,3,2686932
-17.988,flush_begin,0,0
-17.977,flush_end,0,2686931
-17.961,trivial_move,3,2686930
-17.958,flush_begin,0,0
-17.940,flush_end,0,2686930
-17.924,trivial_move,3,2686932
-17.921,flush_begin,0,0
-17.909,flush_end,0,2686933
-17.893,trivial_move,3,2686930
-17.891,flush_begin,0,0
-17.879,flush_end,0,2686930
-17.863,trivial_move,3,2686930
-17.860,flush_begin,0,0
-17.849,flush_end,0,2686931
-17.833,trivial_move,3,2686932
-17.830,flush_begin,0,0
-17.818,flush_end,0,2686931
-17.801,trivial_move,3,2686930
-17.799,flush_begin,0,0
-17.787,flush_end,0,2686931
-17.771,trivial_move,3,2686932
-17.768,flush_begin,0,0
-17.757,flush_end,0,2686931
-17.741,trivial_move,3,2686930
-17.738,flush_begin,0,0
-17.727,flush_end,0,2686931
-17.710,trivial_move,3,2686931
-17.707,flush_begin,0,0
-17.696,flush_end,0,2686930
-17.680,trivial_move,3,2686931
-17.678,flush_begin,0,0
-17.666,flush_end,0,2686932
-17.650,trivial_move,3,2686931
-17.648,flush_begin,0,0
-17.636,flush_end,0,2686930
-17.619,trivial_move,3,2686931
-17.616,flush_begin,0,0
-17.605,flush_end,0,2686932
-17.589,trivial_move,3,2686931
-17.586,flush_begin,0,0
-17.574,flush_end,0,2686930
-17.558,trivial_move,3,2686930
-17.554,flush_begin,0,0
-17.543,flush_end,0,2686930
-17.526,trivial_move,3,2686932
-17.523,flush_begin,0,0
-17.511,flush_end,0,2686932
-17.495,trivial_move,3,2686930
-17.492,flush_begin,0,0
-17.480,flush_end,0,2686930
-17.464,trivial_move,3,2686931
-17.461,flush_begin,0,0
-17.449,flush_end,0,2686932
-17.433,trivial_move,3,2686931
-17.430,flush_begin,0,0
-17.420,flush_end,0,2686930
-17.405,trivial_move,3,2686930
-17.397,trivial_move,4,2686930
-17.395,flush_begin,0,0
-17.385,flush_end,0,2686931
-17.370,trivial_move,3,2686933
-17.362,trivial_move,4,2686931
-17.361,flush_begin,0,0
-17.351,flush_end,0,2686931
-17.335,trivial_move,3,2686930
-17.327,trivial_move,4,2686931
-17.326,flush_begin,0,0
-17.316,flush_end,0,2686931
-17.299,trivial_move,3,2686932
-17.291,trivial_move,4,2686931
-17.291,flush_begin,0,0
-17.280,flush_end,0,2686931
-17.264,trivial_move,3,2686930
-17.256,trivial_move,4,2686931
-17.256,flush_begin,0,0
-17.246,flush_end,0,2686933
-17.231,trivial_move,3,2686931
-17.223,trivial_move,4,2686930
-17.222,flush_begin,0,0
-17.212,flush_end,0,2686930
-17.197,trivial_move,3,2686931
-17.189,trivial_move,4,2686932
-17.189,flush_begin,0,0
-17.178,flush_end,0,2686932
-17.162,trivial_move,3,2686931
-17.154,trivial_move,4,2686930
-17.154,flush_begin,0,0
-17.143,flush_end,0,2686930
-17.127,trivial_move,3,2686931
-17.119,trivial_move,4,2686932
-17.119,flush_begin,0,0
-17.107,flush_end,0,2686931
-17.091,trivial_move,3,2686930
-17.083,trivial_move,4,2686930
-17.082,flush_begin,0,0
-17.073,flush_end,0,2686931
-17.057,trivial_move,3,2686930
-17.049,trivial_move,4,2686931
-17.048,flush_begin,0,0
-17.038,flush_end,0,2686930
-17.022,trivial_move,3,2686931
-17.014,trivial_move,4,2686931
-17.013,flush_begin,0,0
-17.004,flush_end,0,2686932
-16.988,trivial_move,3,2686931
-16.980,trivial_move,4,2686930
-16.980,flush_begin,0,0
-16.970,flush_end,0,2686930
-16.954,trivial_move,3,2686931
-16.946,trivial_move,4,2686932
-16.945,flush_begin,0,0
-16.936,flush_end,0,2686932
-16.920,trivial_move,3,2686931
-16.912,trivial_move,4,2686930
-16.912,flush_begin,0,0
-16.902,flush_end,0,2686930
-16.886,trivial_move,3,2686930
-16.878,trivial_move,4,2686931
-16.877,flush_begin,0,0
-16.866,flush_end,0,2686931
-16.850,trivial_move,3,2686932
-16.842,trivial_move,4,2686931
-16.841,flush_begin,0,0
-16.831,flush_end,0,2686931
-16.815,trivial_move,3,2686930
-16.807,trivial_move,4,2686931
-16.806,flush_begin,0,0
-16.795,flush_end,0,2686931
-16.779,trivial_move,3,2686932
-16.771,trivial_move,4,2686931
-16.770,flush_begin,0,0
-16.759,flush_end,0,2686931
-16.743,trivial_move,3,2686930
-16.735,trivial_move,4,2686931
-16.734,flush_begin,0,0
-16.724,flush_end,0,2686930
-16.708,trivial_move,3,2686931
-16.700,trivial_move,4,2686930
-16.698,flush_begin,0,0
-16.687,flush_end,0,2686930
-16.671,trivial_move,3,2686931
-16.663,trivial_move,4,2686933
-16.662,flush_begin,0,0
-16.652,flush_end,0,2686931
-16.636,trivial_move,3,2686930
-16.628,trivial_move,4,2686930
-16.627,flush_begin,0,0
-16.615,flush_end,0,2686931
-16.599,trivial_move,3,2686933
-16.591,trivial_move,4,2686932
-16.589,flush_begin,0,0
-16.578,flush_end,0,2686931
-16.562,trivial_move,3,2686930
-16.554,trivial_move,4,2686930
-16.551,flush_begin,0,0
-16.539,flush_end,0,2686931
-16.523,trivial_move,3,2686931
-16.515,trivial_move,4,2686930
-16.513,flush_begin,0,0
-16.501,flush_end,0,2686930
-16.485,trivial_move,3,2686931
-16.477,trivial_move,4,2686932
-16.474,flush_begin,0,0
-16.462,flush_end,0,2686933
-16.446,trivial_move,3,2686931
-16.438,trivial_move,4,2686930
-16.436,flush_begin,0,0
-16.424,flush_end,0,2686930
-16.407,trivial_move,3,2686931
-16.399,trivial_move,4,2686932
-16.397,flush_begin,0,0
-16.384,flush_end,0,2686932
-16.368,trivial_move,3,2686931
-16.360,trivial_move,4,2686930
-16.358,flush_begin,0,0
-16.344,flush_end,0,2686930
-16.327,trivial_move,3,2686930
-16.319,trivial_move,4,2686931
-16.316,flush_begin,0,0
-16.303,flush_end,0,2686931
-16.286,trivial_move,3,2686932
-16.278,trivial_move,4,2686931
-16.275,flush_begin,0,0
-16.262,flush_end,0,2686931
-16.246,trivial_move,3,2686930
-16.238,trivial_move,4,2686931
-16.234,flush_begin,0,0
-16.220,flush_end,0,2686930
-16.204,trivial_move,3,2686932
-16.196,trivial_move,4,2686931
-16.193,flush_begin,0,0
-16.180,flush_end,0,2686932
-16.164,trivial_move,3,2686930
-16.157,trivial_move,4,2686931
-16.154,flush_begin,0,0
-16.141,flush_end,0,2686930
-16.125,trivial_move,3,2686930
-16.116,trivial_move,4,2686930
-16.114,flush_begin,0,0
-16.101,flush_end,0,2686931
-16.085,trivial_move,3,2686932
-16.077,trivial_move,4,2686932
-16.075,flush_begin,0,0
-16.061,flush_end,0,2686931
-16.045,trivial_move,3,2686930
-16.037,trivial_move,4,2686930
-16.033,flush_begin,0,0
-16.020,flush_end,0,2686931
-16.004,trivial_move,3,2686932
-15.996,trivial_move,4,2686931
-15.994,flush_begin,0,0
-15.982,flush_end,0,2686931
-15.966,trivial_move,3,2686930
-15.958,trivial_move,4,2686931
-15.955,flush_begin,0,0
-15.943,flush_end,0,2686931
-15.927,trivial_move,3,2686931
-15.919,trivial_move,4,2686930
-15.916,flush_begin,0,0
-15.903,flush_end,0,2686930
-15.887,trivial_move,3,2686931
-15.879,trivial_move,4,2686932
-15.877,flush_begin,0,0
-15.864,flush_end,0,2686932
-15.851,trivial_move,3,2686931
-15.843,trivial_move,4,2686930
-15.840,flush_begin,0,0
-15.828,flush_end,0,2686930
-15.811,trivial_move,3,2686931
-15.803,trivial_move,4,2686933
-15.800,flush_begin,0,0
-15.786,flush_end,0,2686932
-15.770,trivial_move,3,2686933
-15.762,trivial_move,4,2686930
-15.760,flush_begin,0,0
-15.747,flush_end,0,2686930
-15.731,trivial_move,3,2686930
-15.723,trivial_move,4,2686931
-15.720,flush_begin,0,0
-15.707,flush_end,0,2686930
-15.691,trivial_move,3,2686932
-15.683,trivial_move,4,2686931
-15.680,flush_begin,0,0
-15.667,flush_end,0,2686932
-15.651,trivial_move,3,2686930
-15.643,trivial_move,4,2686931
-15.640,flush_begin,0,0
-15.627,flush_end,0,2686930
-15.611,trivial_move,3,2686931
-15.603,trivial_move,4,2686931
-15.601,flush_begin,0,0
-15.587,flush_end,0,2686933
-15.570,trivial_move,3,2686931
-15.562,trivial_move,4,2686930
-15.558,flush_begin,0,0
-15.544,flush_end,0,2686930
-15.528,trivial_move,3,2686930
-15.520,trivial_move,4,2686930
-15.517,flush_begin,0,0
-15.502,flush_end,0,2686931
-15.486,trivial_move,3,2686932
-15.478,trivial_move,4,2686931
-15.475,flush_begin,0,0
-15.461,flush_end,0,2686931
-15.444,trivial_move,3,2686930
-15.436,trivial_move,4,2686931
-15.434,flush_begin,0,0
-15.420,flush_end,0,2686931
-15.403,trivial_move,3,2686932
-15.395,trivial_move,4,2686931
-15.392,flush_begin,0,0
-15.379,flush_end,0,2686931
-15.363,trivial_move,3,2686930
-15.355,trivial_move,4,2686931
-15.352,flush_begin,0,0
-15.338,flush_end,0,2686931
-15.322,trivial_move,3,2686931
-15.314,trivial_move,4,2686930
-15.310,flush_begin,0,0
-15.296,flush_end,0,2686930
-15.280,trivial_move,3,2686931
-15.272,trivial_move,4,2686932
-15.269,flush_begin,0,0
-15.256,flush_end,0,2686932
-15.240,trivial_move,3,2686931
-15.232,trivial_move,4,2686930
-15.229,flush_begin,0,0
-15.214,flush_end,0,2686930
-15.198,trivial_move,3,2686931
-15.190,trivial_move,4,2686932
-15.188,flush_begin,0,0
-15.174,flush_end,0,2686931
-15.157,trivial_move,3,2686930
-15.149,trivial_move,4,2686930
-15.147,flush_begin,0,0
-15.133,flush_end,0,2686931
-15.116,trivial_move,3,2686930
-15.108,trivial_move,4,2686931
-15.105,flush_begin,0,0
-15.091,flush_end,0,2686930
-15.075,trivial_move,3,2686931
-15.067,trivial_move,4,2686931
-15.064,flush_begin,0,0
-15.053,flush_end,0,2686932
-15.037,trivial_move,3,2686931
-15.029,trivial_move,4,2686930
-15.028,flush_begin,0,0
-15.018,flush_end,0,2686930
-15.002,trivial_move,3,2686931
-14.994,trivial_move,4,2686932
-14.993,flush_begin,0,0
-14.984,flush_end,0,2686932
-14.967,trivial_move,3,2686931
-14.959,trivial_move,4,2686930
-14.959,flush_begin,0,0
-14.946,flush_end,0,2686930
-14.930,trivial_move,3,2686930
-14.922,trivial_move,4,2686932
-14.921,flush_begin,0,0
-14.911,flush_end,0,2686931
-14.895,trivial_move,3,2686933
-14.887,trivial_move,4,2686931
-14.886,flush_begin,0,0
-14.877,flush_end,0,2686931
-14.861,trivial_move,3,2686930
-14.853,trivial_move,4,2686931
-14.851,flush_begin,0,0
-14.841,flush_end,0,2686931
-14.825,trivial_move,3,2686932
-14.817,trivial_move,4,2686931
-14.816,flush_begin,0,0
-14.806,flush_end,0,2686931
-14.790,trivial_move,3,2686930
-14.782,trivial_move,4,2686931
-14.780,flush_begin,0,0
-14.770,flush_end,0,2686930
-14.754,trivial_move,3,2686931
-14.746,trivial_move,4,2686930
-14.745,flush_begin,0,0
-14.736,flush_end,0,2686930
-14.720,trivial_move,3,2686931
-14.712,trivial_move,4,2686932
-14.711,flush_begin,0,0
-14.701,flush_end,0,2686931
-14.684,trivial_move,3,2686930
-14.676,trivial_move,4,2686930
-14.675,flush_begin,0,0
-14.665,flush_end,0,2686931
-14.649,trivial_move,3,2686932
-14.641,trivial_move,4,2686932
-14.640,flush_begin,0,0
-14.629,flush_end,0,2686931
-14.613,trivial_move,3,2686930
-14.605,trivial_move,4,2686930
-14.604,flush_begin,0,0
-14.593,flush_end,0,2686931
-14.577,trivial_move,3,2686931
-14.569,trivial_move,4,2686930
-14.567,flush_begin,0,0
-14.555,flush_end,0,2686930
-14.539,trivial_move,3,2686931
-14.531,trivial_move,4,2686932
-14.529,flush_begin,0,0
-14.517,flush_end,0,2686932
-14.501,trivial_move,3,2686931
-14.494,trivial_move,4,2686930
-14.491,flush_begin,0,0
-14.479,flush_end,0,2686930
-14.463,trivial_move,3,2686931
-14.455,trivial_move,4,2686932
-14.452,flush_begin,0,0
-14.439,flush_end,0,2686932
-14.423,trivial_move,3,2686931
-14.415,trivial_move,4,2686930
-14.412,flush_begin,0,0
-14.400,flush_end,0,2686930
-14.384,trivial_move,3,2686930
-14.376,trivial_move,4,2686931
-14.373,flush_begin,0,0
-14.361,flush_end,0,2686931
-14.344,trivial_move,3,2686932
-14.336,trivial_move,4,2686931
-14.333,flush_begin,0,0
-14.320,flush_end,0,2686931
-14.304,trivial_move,3,2686930
-14.296,trivial_move,4,2686931
-14.294,flush_begin,0,0
-14.281,flush_end,0,2686930
-14.265,trivial_move,3,2686932
-14.257,trivial_move,4,2686931
-14.254,flush_begin,0,0
-14.241,flush_end,0,2686932
-14.225,trivial_move,3,2686930
-14.217,trivial_move,4,2686931
-14.215,flush_begin,0,0
-14.201,flush_end,0,2686930
-14.185,trivial_move,3,2686930
-14.177,trivial_move,4,2686930
-14.174,flush_begin,0,0
-14.160,flush_end,0,2686931
-14.144,trivial_move,3,2686932
-14.136,trivial_move,4,2686933
-14.133,flush_begin,0,0
-14.120,flush_end,0,2686931
-14.104,trivial_move,3,2686930
-14.096,trivial_move,4,2686930
-14.093,flush_begin,0,0
-14.080,flush_end,0,2686931
-14.064,trivial_move,3,2686933
-14.056,trivial_move,4,2686931
-14.052,flush_begin,0,0
-14.038,flush_end,0,2686931
-14.021,trivial_move,3,2686930
-14.013,trivial_move,4,2686931
-14.009,flush_begin,0,0
-13.995,flush_end,0,2686931
-13.979,trivial_move,3,2686931
-13.971,trivial_move,4,2686930
-13.967,flush_begin,0,0
-13.954,flush_end,0,2686930
-13.938,trivial_move,3,2686931
-13.930,trivial_move,4,2686932
-13.928,flush_begin,0,0
-13.915,flush_end,0,2686933
-13.899,trivial_move,3,2686931
-13.891,trivial_move,4,2686930
-13.888,flush_begin,0,0
-13.874,flush_end,0,2686930
-13.858,trivial_move,3,2686931
-13.850,trivial_move,4,2686932
-13.848,flush_begin,0,0
-13.835,flush_end,0,2686932
-13.818,trivial_move,3,2686931
-13.810,trivial_move,4,2686930
-13.808,flush_begin,0,0
-13.794,flush_end,0,2686930
-13.778,trivial_move,3,2686930
-13.770,trivial_move,4,2686931
-13.767,flush_begin,0,0
-13.755,flush_end,0,2686930
-13.738,trivial_move,3,2686932
-13.730,trivial_move,4,2686931
-13.727,flush_begin,0,0
-13.714,flush_end,0,2686932
-13.698,trivial_move,3,2686930
-13.690,trivial_move,4,2686931
-13.687,flush_begin,0,0
-13.674,flush_end,0,2686930
-13.657,trivial_move,3,2686931
-13.649,trivial_move,4,2686931
-13.647,flush_begin,0,0
-13.635,flush_end,0,2686932
-13.618,trivial_move,3,2686931
-13.610,trivial_move,4,2686930
-13.608,flush_begin,0,0
-13.594,flush_end,0,2686930
-13.578,trivial_move,3,2686930
-13.570,trivial_move,4,2686930
-13.566,flush_begin,0,0
-13.553,flush_end,0,2686931
-13.537,trivial_move,3,2686932
-13.529,trivial_move,4,2686931
-13.527,flush_begin,0,0
-13.514,flush_end,0,2686931
-13.498,trivial_move,3,2686930
-13.490,trivial_move,4,2686931
-13.487,flush_begin,0,0
-13.474,flush_end,0,2686931
-13.458,trivial_move,3,2686932
-13.450,trivial_move,4,2686931
-13.447,flush_begin,0,0
-13.434,flush_end,0,2686931
-13.418,trivial_move,3,2686930
-13.410,trivial_move,4,2686931
-13.407,flush_begin,0,0
-13.393,flush_end,0,2686931
-13.377,trivial_move,3,2686931
-13.369,trivial_move,4,2686930
-13.367,flush_begin,0,0
-13.353,flush_end,0,2686930
-13.337,trivial_move,3,2686931
-13.329,trivial_move,4,2686932
-13.325,flush_begin,0,0
-13.310,flush_end,0,2686932
-13.293,trivial_move,3,2686931
-13.285,trivial_move,4,2686930
-13.282,flush_begin,0,0
-13.268,flush_end,0,2686930
-13.252,trivial_move,3,2686931
-13.244,trivial_move,4,2686933
-13.240,flush_begin,0,0
-13.226,flush_end,0,2686931
-13.209,trivial_move,3,2686930
-13.201,trivial_move,4,2686930
-13.198,flush_begin,0,0
-13.185,flush_end,0,2686931
-13.168,trivial_move,3,2686930
-13.160,trivial_move,4,2686931
-13.158,flush_begin,0,0
-13.144,flush_end,0,2686930
-13.128,trivial_move,3,2686931
-13.120,trivial_move,4,2686931
-13.116,flush_begin,0,0
-13.102,flush_end,0,2686932
-13.086,trivial_move,3,2686931
-13.078,trivial_move,4,2686930
-13.076,flush_begin,0,0
-13.063,flush_end,0,2686930
-13.047,trivial_move,3,2686931
-13.039,trivial_move,4,2686932
-13.037,flush_begin,0,0
-13.022,flush_end,0,2686933
-13.006,trivial_move,3,2686931
-12.998,trivial_move,4,2686930
-12.994,flush_begin,0,0
-12.980,flush_end,0,2686930
-12.965,trivial_move,3,2686930
-12.957,trivial_move,4,2686931
-12.954,flush_begin,0,0
-12.941,flush_end,0,2686931
-12.925,trivial_move,3,2686932
-12.917,trivial_move,4,2686931
-12.915,flush_begin,0,0
-12.901,flush_end,0,2686931
-12.885,trivial_move,3,2686930
-12.877,trivial_move,4,2686931
-12.873,flush_begin,0,0
-12.859,flush_end,0,2686931
-12.842,trivial_move,3,2686932
-12.834,trivial_move,4,2686931
-12.831,flush_begin,0,0
-12.818,flush_end,0,2686931
-12.802,trivial_move,3,2686930
-12.794,trivial_move,4,2686931
-12.790,flush_begin,0,0
-12.777,flush_end,0,2686930
-12.761,trivial_move,3,2686931
-12.753,trivial_move,4,2686930
-12.750,flush_begin,0,0
-12.734,flush_end,0,2686930
-12.716,trivial_move,3,2686931
-12.708,trivial_move,4,2686932
-12.704,flush_begin,0,0
-12.690,flush_end,0,2686931
-12.674,trivial_move,3,2686930
-12.666,trivial_move,4,2686930
-12.663,flush_begin,0,0
-12.649,flush_end,0,2686931
-12.632,trivial_move,3,2686932
-12.624,trivial_move,4,2686932
-12.622,flush_begin,0,0
-12.608,flush_end,0,2686931
-12.592,trivial_move,3,2686930
-12.584,trivial_move,4,2686930
-12.580,flush_begin,0,0
-12.560,flush_end,0,2686931
-12.544,trivial_move,3,2686931
-12.536,trivial_move,4,2686930
-12.532,flush_begin,0,0
-12.518,flush_end,0,2686930
-12.502,trivial_move,3,2686931
-12.494,trivial_move,4,2686932
-12.491,flush_begin,0,0
-12.476,flush_end,0,2686932
-12.460,trivial_move,3,2686931
-12.452,trivial_move,4,2686930
-12.448,flush_begin,0,0
-12.434,flush_end,0,2686930
-12.417,trivial_move,3,2686931
-12.409,trivial_move,4,2686932
-12.406,flush_begin,0,0
-12.392,flush_end,0,2686932
-12.375,trivial_move,3,2686931
-12.367,trivial_move,4,2686930
-12.363,flush_begin,0,0
-12.349,flush_end,0,2686930
-12.333,trivial_move,3,2686930
-12.325,trivial_move,4,2686932
-12.321,flush_begin,0,0
-12.307,flush_end,0,2686931
-12.291,trivial_move,3,2686933
-12.283,trivial_move,4,2686931
-12.280,flush_begin,0,0
-12.267,flush_end,0,2686931
-12.251,trivial_move,3,2686930
-12.243,trivial_move,4,2686931
-12.240,flush_begin,0,0
-12.227,flush_end,0,2686930
-12.211,trivial_move,3,2686932
-12.204,trivial_move,4,2686931
-12.201,flush_begin,0,0
-12.188,flush_end,0,2686932
-12.171,trivial_move,3,2686930
-12.163,trivial_move,4,2686931
-12.160,flush_begin,0,0
-12.148,flush_end,0,2686930
-12.132,trivial_move,3,2686930
-12.124,trivial_move,4,2686930
-12.120,flush_begin,0,0
-12.107,flush_end,0,2686932
-12.090,trivial_move,3,2686932
-12.082,trivial_move,4,2686932
-12.079,flush_begin,0,0
-12.066,flush_end,0,2686931
-12.049,trivial_move,3,2686930
-12.040,trivial_move,4,2686930
-12.037,flush_begin,0,0
-12.024,flush_end,0,2686931
-12.007,trivial_move,3,2686932
-11.999,trivial_move,4,2686931
-11.996,flush_begin,0,0
-11.982,flush_end,0,2686931
-11.966,trivial_move,3,2686930
-11.958,trivial_move,4,2686931
-11.954,flush_begin,0,0
-11.939,flush_end,0,2686931
-11.923,trivial_move,3,2686931
-11.915,trivial_move,4,2686930
-11.912,flush_begin,0,0
-11.900,flush_end,0,2686930
-11.884,trivial_move,3,2686931
-11.877,trivial_move,4,2686932
-11.875,flush_begin,0,0
-11.866,flush_end,0,2686932
-11.850,trivial_move,3,2686931
-11.842,trivial_move,4,2686930
-11.842,flush_begin,0,0
-11.832,flush_end,0,2686930
-11.816,trivial_move,3,2686931
-11.808,trivial_move,4,2686932
-11.807,flush_begin,0,0
-11.797,flush_end,0,2686932
-11.781,trivial_move,3,2686931
-11.773,trivial_move,4,2686930
-11.772,flush_begin,0,0
-11.762,flush_end,0,2686930
-11.745,trivial_move,3,2686930
-11.737,trivial_move,4,2686931
-11.736,flush_begin,0,0
-11.725,flush_end,0,2686930
-11.708,trivial_move,3,2686932
-11.700,trivial_move,4,2686931
-11.699,flush_begin,0,0
-11.686,flush_end,0,2686932
-11.670,trivial_move,3,2686930
-11.662,trivial_move,4,2686931
-11.660,flush_begin,0,0
-11.648,flush_end,0,2686930
-11.632,trivial_move,3,2686931
-11.624,trivial_move,4,2686931
-11.622,flush_begin,0,0
-11.609,flush_end,0,2686932
-11.593,trivial_move,3,2686931
-11.585,trivial_move,4,2686930
-11.583,flush_begin,0,0
-11.571,flush_end,0,2686930
-11.555,trivial_move,3,2686930
-11.547,trivial_move,4,2686930
-11.544,flush_begin,0,0
-11.531,flush_end,0,2686931
-11.515,trivial_move,3,2686932
-11.507,trivial_move,4,2686931
-11.504,flush_begin,0,0
-11.492,flush_end,0,2686931
-11.476,trivial_move,3,2686930
-11.468,trivial_move,4,2686932
-11.466,flush_begin,0,0
-11.453,flush_end,0,2686931
-11.437,trivial_move,3,2686933
-11.429,trivial_move,4,2686931
-11.427,flush_begin,0,0
-11.410,flush_end,0,2686931
-11.394,trivial_move,3,2686930
-11.386,trivial_move,4,2686931
-11.384,flush_begin,0,0
-11.370,flush_end,0,2686931
-11.353,trivial_move,3,2686931
-11.344,trivial_move,4,2686930
-11.342,flush_begin,0,0
-11.327,flush_end,0,2686930
-11.309,trivial_move,3,2686931
-11.301,trivial_move,4,2686932
-11.298,flush_begin,0,0
-11.284,flush_end,0,2686933
-11.267,trivial_move,3,2686931
-11.259,trivial_move,4,2686930
-11.256,flush_begin,0,0
-11.241,flush_end,0,2686930
-11.224,trivial_move,3,2686931
-11.216,trivial_move,4,2686932
-11.214,flush_begin,0,0
-11.199,flush_end,0,2686931
-11.182,trivial_move,3,2686930
-11.174,trivial_move,4,2686930
-11.171,flush_begin,0,0
-11.156,flush_end,0,2686931
-11.140,trivial_move,3,2686930
-11.132,trivial_move,4,2686931
-11.129,flush_begin,0,0
-11.113,flush_end,0,2686930
-11.098,trivial_move,3,2686931
-11.090,trivial_move,4,2686931
-11.086,flush_begin,0,0
-11.071,flush_end,0,2686932
-11.055,trivial_move,3,2686931
-11.048,trivial_move,4,2686930
-11.043,flush_begin,0,0
-11.029,flush_end,0,2686930
-11.013,trivial_move,3,2686931
-11.005,trivial_move,4,2686932
-11.002,flush_begin,0,0
-10.988,flush_end,0,2686932
-10.971,trivial_move,3,2686931
-10.963,trivial_move,4,2686930
-10.961,flush_begin,0,0
-10.947,flush_end,0,2686930
-10.930,trivial_move,3,2686930
-10.922,trivial_move,4,2686931
-10.919,flush_begin,0,0
-10.905,flush_end,0,2686931
-10.888,trivial_move,3,2686932
-10.880,trivial_move,4,2686931
-10.877,flush_begin,0,0
-10.864,flush_end,0,2686931
-10.847,trivial_move,3,2686930
-10.839,trivial_move,4,2686931
-10.836,flush_begin,0,0
-10.821,flush_end,0,2686931
-10.804,trivial_move,3,2686932
-10.796,trivial_move,4,2686931
-10.793,flush_begin,0,0
-10.780,flush_end,0,2686931
-10.763,trivial_move,3,2686930
-10.755,trivial_move,4,2686931
-10.750,flush_begin,0,0
-10.736,flush_end,0,2686930
-10.719,trivial_move,3,2686931
-10.711,trivial_move,4,2686930
-10.708,flush_begin,0,0
-10.694,flush_end,0,2686930
-10.678,trivial_move,3,2686931
-10.670,trivial_move,4,2686932
-10.667,flush_begin,0,0
-10.653,flush_end,0,2686931
-10.637,trivial_move,3,2686930
-10.629,trivial_move,4,2686930
-10.626,flush_begin,0,0
-10.613,flush_end,0,2686931
-10.596,trivial_move,3,2686932
-10.588,trivial_move,4,2686933
-10.585,flush_begin,0,0
-10.571,flush_end,0,2686931
-10.555,trivial_move,3,2686930
-10.547,trivial_move,4,2686930
-10.544,flush_begin,0,0
-10.529,flush_end,0,2686931
-10.513,trivial_move,3,2686932
-10.505,trivial_move,4,2686930
-10.503,flush_begin,0,0
-10.489,flush_end,0,2686930
-10.473,trivial_move,3,2686931
-10.465,trivial_move,4,2686932
-10.462,flush_begin,0,0
-10.448,flush_end,0,2686932
-10.432,trivial_move,3,2686931
-10.424,trivial_move,4,2686930
-10.421,flush_begin,0,0
-10.407,flush_end,0,2686930
-10.391,trivial_move,3,2686931
-10.383,trivial_move,4,2686932
-10.380,flush_begin,0,0
-10.367,flush_end,0,2686933
-10.351,trivial_move,3,2686931
-10.343,trivial_move,4,2686930
-10.340,flush_begin,0,0
-10.327,flush_end,0,2686930
-10.312,trivial_move,3,2686930
-10.304,trivial_move,4,2686931
-10.300,flush_begin,0,0
-10.288,flush_end,0,2686931
-10.272,trivial_move,3,2686932
-10.264,trivial_move,4,2686931
-10.261,flush_begin,0,0
-10.247,flush_end,0,2686931
-10.230,trivial_move,3,2686930
-10.222,trivial_move,4,2686931
-10.219,flush_begin,0,0
-10.206,flush_end,0,2686930
-10.190,trivial_move,3,2686932
-10.182,trivial_move,4,2686931
-10.179,flush_begin,0,0
-10.166,flush_end,0,2686932
-10.149,trivial_move,3,2686930
-10.141,trivial_move,4,2686931
-10.139,flush_begin,0,0
-10.126,flush_end,0,2686930
-10.109,trivial_move,3,2686930
-10.101,trivial_move,4,2686930
-10.098,flush_begin,0,0
-10.084,flush_end,0,2686931
-10.067,trivial_move,3,2686932
-10.059,trivial_move,4,2686932
-10.057,flush_begin,0,0
-10.044,flush_end,0,2686931
-10.028,trivial_move,3,2686930
-10.020,trivial_move,4,2686930
-10.018,flush_begin,0,0
-10.004,flush_end,0,2686931
-9.988,trivial_move,3,2686932
-9.980,trivial_move,4,2686931
-9.976,flush_begin,0,0
-9.963,flush_end,0,2686931
-9.947,trivial_move,3,2686930
-9.939,trivial_move,4,2686931
-9.935,flush_begin,0,0
-9.922,flush_end,0,2686931
-9.906,trivial_move,3,2686931
-9.898,trivial_move,4,2686930
-9.895,flush_begin,0,0
-9.882,flush_end,0,2686930
-9.867,trivial_move,3,2686931
-9.859,trivial_move,4,2686932
-9.856,flush_begin,0,0
-9.842,flush_end,0,2686932
-9.825,trivial_move,3,2686931
-9.817,trivial_move,4,2686930
-9.814,flush_begin,0,0
-9.800,flush_end,0,2686930
-9.783,trivial_move,3,2686931
-9.775,trivial_move,4,2686932
-9.772,flush_begin,0,0
-9.759,flush_end,0,2686932
-9.743,trivial_move,3,2686931
-9.735,trivial_move,4,2686930
-9.732,flush_begin,0,0
-9.719,flush_end,0,2686930
-9.703,trivial_move,3,2686930
-9.695,trivial_move,4,2686932
-9.691,flush_begin,0,0
-9.676,flush_end,0,2686930
-9.660,trivial_move,3,2686933
-9.652,trivial_move,4,2686931
-9.649,flush_begin,0,0
-9.636,flush_end,0,2686932
-9.619,trivial_move,3,2686930
-9.611,trivial_move,4,2686931
-9.609,flush_begin,0,0
-9.595,flush_end,0,2686930
-9.578,trivial_move,3,2686931
-9.570,trivial_move,4,2686931
-9.567,flush_begin,0,0
-9.554,flush_end,0,2686932
-9.537,trivial_move,3,2686931
-9.529,trivial_move,4,2686930
-9.526,flush_begin,0,0
-9.512,flush_end,0,2686930
-9.495,trivial_move,3,2686930
-9.482,trivial_move,4,2686930
-9.479,flush_begin,0,0
-9.466,flush_end,0,2686932
-9.450,trivial_move,3,2686932
-9.442,trivial_move,4,2686931
-9.438,flush_begin,0,0
-9.425,flush_end,0,2686931
-9.408,trivial_move,3,2686930
-9.400,trivial_move,4,2686931
-9.397,flush_begin,0,0
-9.380,flush_end,0,2686931
-9.365,trivial_move,3,2686932
-9.357,trivial_move,4,2686931
-9.354,flush_begin,0,0
-9.340,flush_end,0,2686931
-9.323,trivial_move,3,2686930
-9.315,trivial_move,4,2686931
-9.311,flush_begin,0,0
-9.298,flush_end,0,2686931
-9.282,trivial_move,3,2686931
-9.274,trivial_move,4,2686930
-9.271,flush_begin,0,0
-9.256,flush_end,0,2686930
-9.239,trivial_move,3,2686931
-9.231,trivial_move,4,2686932
-9.228,flush_begin,0,0
-9.214,flush_end,0,2686932
-9.198,trivial_move,3,2686931
-9.190,trivial_move,4,2686930
-9.186,flush_begin,0,0
-9.172,flush_end,0,2686930
-9.155,trivial_move,3,2686931
-9.147,trivial_move,4,2686932
-9.144,flush_begin,0,0
-9.131,flush_end,0,2686931
-9.115,trivial_move,3,2686930
-9.107,trivial_move,4,2686930
-9.104,flush_begin,0,0
-9.090,flush_end,0,2686931
-9.074,trivial_move,3,2686930
-9.066,trivial_move,4,2686931
-9.062,flush_begin,0,0
-9.049,flush_end,0,2686930
-9.033,trivial_move,3,2686931
-9.025,trivial_move,4,2686931
-9.022,flush_begin,0,0
-9.009,flush_end,0,2686932
-8.992,trivial_move,3,2686931
-8.984,trivial_move,4,2686930
-8.980,flush_begin,0,0
-8.966,flush_end,0,2686930
-8.949,trivial_move,3,2686931
-8.941,trivial_move,4,2686932
-8.937,flush_begin,0,0
-8.923,flush_end,0,2686932
-8.907,trivial_move,3,2686931
-8.899,trivial_move,4,2686930
-8.896,flush_begin,0,0
-8.883,flush_end,0,2686930
-8.867,trivial_move,3,2686930
-8.859,trivial_move,4,2686931
-8.855,flush_begin,0,0
-8.843,flush_end,0,2686931
-8.828,trivial_move,3,2686932
-8.820,trivial_move,4,2686931
-8.815,flush_begin,0,0
-8.801,flush_end,0,2686931
-8.784,trivial_move,3,2686930
-8.776,trivial_move,4,2686933
-8.773,flush_begin,0,0
-8.760,flush_end,0,2686931
-8.743,trivial_move,3,2686933
-8.735,trivial_move,4,2686931
-8.731,flush_begin,0,0
-8.717,flush_end,0,2686931
-8.700,trivial_move,3,2686930
-8.692,trivial_move,4,2686931
-8.689,flush_begin,0,0
-8.676,flush_end,0,2686930
-8.660,trivial_move,3,2686931
-8.652,trivial_move,4,2686930
-8.647,flush_begin,0,0
-8.634,flush_end,0,2686930
-8.619,trivial_move,3,2686931
-8.611,trivial_move,4,2686932
-8.608,flush_begin,0,0
-8.595,flush_end,0,2686931
-8.578,trivial_move,3,2686930
-8.570,trivial_move,4,2686930
-8.568,flush_begin,0,0
-8.554,flush_end,0,2686933
-8.537,trivial_move,3,2686932
-8.529,trivial_move,4,2686932
-8.526,flush_begin,0,0
-8.512,flush_end,0,2686931
-8.495,trivial_move,3,2686930
-8.488,trivial_move,4,2686930
-8.485,flush_begin,0,0
-8.472,flush_end,0,2686931
-8.455,trivial_move,3,2686931
-8.447,trivial_move,4,2686930
-8.444,flush_begin,0,0
-8.431,flush_end,0,2686930
-8.415,trivial_move,3,2686931
-8.407,trivial_move,4,2686932
-8.404,flush_begin,0,0
-8.391,flush_end,0,2686932
-8.374,trivial_move,3,2686931
-8.366,trivial_move,4,2686930
-8.363,flush_begin,0,0
-8.351,flush_end,0,2686930
-8.335,trivial_move,3,2686931
-8.327,trivial_move,4,2686932
-8.323,flush_begin,0,0
-8.311,flush_end,0,2686932
-8.294,trivial_move,3,2686931
-8.286,trivial_move,4,2686930
-8.283,flush_begin,0,0
-8.270,flush_end,0,2686930
-8.254,trivial_move,3,2686930
-8.246,trivial_move,4,2686931
-8.243,flush_begin,0,0
-8.229,flush_end,0,2686931
-8.213,trivial_move,3,2686932
-8.205,trivial_move,4,2686931
-8.202,flush_begin,0,0
-8.188,flush_end,0,2686931
-8.171,trivial_move,3,2686930
-8.163,trivial_move,4,2686931
-8.159,flush_begin,0,0
-8.146,flush_end,0,2686930
-8.130,trivial_move,3,2686932
-8.122,trivial_move,4,2686931
-8.119,flush_begin,0,0
-8.106,flush_end,0,2686932
-8.090,trivial_move,3,2686930
-8.082,trivial_move,4,2686931
-8.079,flush_begin,0,0
-8.066,flush_end,0,2686930
-8.050,trivial_move,3,2686930
-8.042,trivial_move,4,2686930
-8.038,flush_begin,0,0
-8.024,flush_end,0,2686931
-8.007,trivial_move,3,2686932
-7.999,trivial_move,4,2686932
-7.995,flush_begin,0,0
-7.981,flush_end,0,2686931
-7.964,trivial_move,3,2686930
-7.956,trivial_move,4,2686930
-7.952,flush_begin,0,0
-7.937,flush_end,0,2686931
-7.920,trivial_move,3,2686932
-7.912,trivial_move,4,2686931
-7.909,flush_begin,0,0
-7.895,flush_end,0,2686931
-7.879,trivial_move,3,2686930
-7.871,trivial_move,4,2686932
-7.867,flush_begin,0,0
-7.854,flush_end,0,2686931
-7.838,trivial_move,3,2686932
-7.830,trivial_move,4,2686930
-7.827,flush_begin,0,0
-7.814,flush_end,0,2686930
-7.797,trivial_move,3,2686931
-7.789,trivial_move,4,2686932
-7.786,flush_begin,0,0
-7.772,flush_end,0,2686932
-7.756,trivial_move,3,2686931
-7.748,trivial_move,4,2686930
-7.744,flush_begin,0,0
-7.730,flush_end,0,2686930
-7.713,trivial_move,3,2686931
-7.705,trivial_move,4,2686932
-7.701,flush_begin,0,0
-7.687,flush_end,0,2686933
-7.670,trivial_move,3,2686931
-7.662,trivial_move,4,2686930
-7.659,flush_begin,0,0
-7.643,flush_end,0,2686930
-7.626,trivial_move,3,2686930
-7.618,trivial_move,4,2686931
-7.615,flush_begin,0,0
-7.600,flush_end,0,2686930
-7.583,trivial_move,3,2686932
-7.575,trivial_move,4,2686931
-7.572,flush_begin,0,0
-7.558,flush_end,0,2686932
-7.542,trivial_move,3,2686930
-7.534,trivial_move,4,2686931
-7.529,flush_begin,0,0
-7.515,flush_end,0,2686930
-7.498,trivial_move,3,2686931
-7.490,trivial_move,4,2686931
-7.486,flush_begin,0,0
-7.471,flush_end,0,2686932
-7.454,trivial_move,3,2686931
-7.446,trivial_move,4,2686930
-7.443,flush_begin,0,0
-7.428,flush_end,0,2686930
-7.412,trivial_move,3,2686930
-7.404,trivial_move,4,2686930
-7.401,flush_begin,0,0
-7.386,flush_end,0,2686931
-7.369,trivial_move,3,2686932
-7.361,trivial_move,4,2686931
-7.358,flush_begin,0,0
-7.343,flush_end,0,2686931
-7.326,trivial_move,3,2686930
-7.318,trivial_move,4,2686931
-7.313,flush_begin,0,0
-7.298,flush_end,0,2686931
-7.282,trivial_move,3,2686932
-7.274,trivial_move,4,2686931
-7.271,flush_begin,0,0
-7.257,flush_end,0,2686931
-7.240,trivial_move,3,2686930
-7.232,trivial_move,4,2686931
-7.227,flush_begin,0,0
-7.212,flush_end,0,2686931
-7.196,trivial_move,3,2686931
-7.188,trivial_move,4,2686930
-7.184,flush_begin,0,0
-7.169,flush_end,0,2686930
-7.152,trivial_move,3,2686931
-7.144,trivial_move,4,2686932
-7.141,flush_begin,0,0
-7.126,flush_end,0,2686932
-7.109,trivial_move,3,2686931
-7.101,trivial_move,4,2686930
-7.098,flush_begin,0,0
-7.085,flush_end,0,2686930
-7.069,trivial_move,3,2686931
-7.061,trivial_move,4,2686932
-7.056,flush_begin,0,0
-7.040,flush_end,0,2686931
-7.024,trivial_move,3,2686930
-7.016,trivial_move,4,2686930
-7.013,flush_begin,0,0
-6.998,flush_end,0,2686931
-6.982,trivial_move,3,2686930
-6.974,trivial_move,4,2686932
-6.971,flush_begin,0,0
-6.957,flush_end,0,2686930
-6.940,trivial_move,3,2686931
-6.932,trivial_move,4,2686931
-6.929,flush_begin,0,0
-6.914,flush_end,0,2686932
-6.899,trivial_move,3,2686933
-6.891,trivial_move,4,2686930
-6.889,flush_begin,0,0
-6.868,flush_end,0,2686930
-6.854,trivial_move,3,2686931
-6.846,trivial_move,4,2686932
-6.843,flush_begin,0,0
-6.830,flush_end,0,2686932
-6.813,trivial_move,3,2686931
-6.805,trivial_move,4,2686930
-6.803,flush_begin,0,0
-6.789,flush_end,0,2686930
-6.772,trivial_move,3,2686930
-6.764,trivial_move,4,2686931
-6.762,flush_begin,0,0
-6.747,flush_end,0,2686932
-6.730,trivial_move,3,2686932
-6.722,trivial_move,4,2686931
-6.719,flush_begin,0,0
-6.705,flush_end,0,2686931
-6.688,trivial_move,3,2686930
-6.680,trivial_move,4,2686931
-6.677,flush_begin,0,0
-6.663,flush_end,0,2686931
-6.646,trivial_move,3,2686932
-6.638,trivial_move,4,2686931
-6.635,flush_begin,0,0
-6.620,flush_end,0,2686931
-6.603,trivial_move,3,2686930
-6.595,trivial_move,4,2686931
-6.592,flush_begin,0,0
-6.578,flush_end,0,2686930
-6.561,trivial_move,3,2686931
-6.553,trivial_move,4,2686930
-6.550,flush_begin,0,0
-6.535,flush_end,0,2686930
-6.518,trivial_move,3,2686931
-6.510,trivial_move,4,2686932
-6.506,flush_begin,0,0
-6.492,flush_end,0,2686931
-6.476,trivial_move,3,2686930
-6.468,trivial_move,4,2686930
-6.464,flush_begin,0,0
-6.449,flush_end,0,2686931
-6.432,trivial_move,3,2686932
-6.424,trivial_move,4,2686932
-6.421,flush_begin,0,0
-6.407,flush_end,0,2686931
-6.390,trivial_move,3,2686930
-6.382,trivial_move,4,2686930
-6.379,flush_begin,0,0
-6.365,flush_end,0,2686931
-6.348,trivial_move,3,2686931
-6.340,trivial_move,4,2686930
-6.335,flush_begin,0,0
-6.321,flush_end,0,2686930
-6.304,trivial_move,3,2686931
-6.296,trivial_move,4,2686932
-6.292,flush_begin,0,0
-6.278,flush_end,0,2686932
-6.261,trivial_move,3,2686931
-6.253,trivial_move,4,2686930
-6.250,flush_begin,0,0
-6.234,flush_end,0,2686930
-6.217,trivial_move,3,2686931
-6.209,trivial_move,4,2686932
-6.205,flush_begin,0,0
-6.190,flush_end,0,2686932
-6.174,trivial_move,3,2686931
-6.166,trivial_move,4,2686930
-6.163,flush_begin,0,0
-6.149,flush_end,0,2686930
-6.132,trivial_move,3,2686930
-6.124,trivial_move,4,2686931
-6.121,flush_begin,0,0
-6.106,flush_end,0,2686931
-6.089,trivial_move,3,2686932
-6.081,trivial_move,4,2686931
-6.078,flush_begin,0,0
-6.064,flush_end,0,2686931
-6.047,trivial_move,3,2686930
-6.039,trivial_move,4,2686932
-6.036,flush_begin,0,0
-6.022,flush_end,0,2686930
-6.005,trivial_move,3,2686933
-5.997,trivial_move,4,2686931
-5.993,flush_begin,0,0
-5.979,flush_end,0,2686932
-5.963,trivial_move,3,2686930
-5.955,trivial_move,4,2686931
-5.951,flush_begin,0,0
-5.936,flush_end,0,2686930
-5.920,trivial_move,3,2686930
-5.912,trivial_move,4,2686930
-5.908,flush_begin,0,0
-5.894,flush_end,0,2686931
-5.878,trivial_move,3,2686932
-5.870,trivial_move,4,2686932
-5.866,flush_begin,0,0
-5.852,flush_end,0,2686931
-5.836,trivial_move,3,2686930
-5.828,trivial_move,4,2686930
-5.825,flush_begin,0,0
-5.811,flush_end,0,2686932
-5.794,trivial_move,3,2686932
-5.786,trivial_move,4,2686931
-5.783,flush_begin,0,0
-5.769,flush_end,0,2686931
-5.753,trivial_move,3,2686930
-5.745,trivial_move,4,2686931
-5.742,flush_begin,0,0
-5.728,flush_end,0,2686931
-5.712,trivial_move,3,2686931
-5.704,trivial_move,4,2686930
-5.701,flush_begin,0,0
-5.687,flush_end,0,2686930
-5.670,trivial_move,3,2686931
-5.662,trivial_move,4,2686932
-5.659,flush_begin,0,0
-5.643,flush_end,0,2686932
-5.627,trivial_move,3,2686931
-5.619,trivial_move,4,2686930
-5.615,flush_begin,0,0
-5.601,flush_end,0,2686930
-5.584,trivial_move,3,2686931
-5.576,trivial_move,4,2686932
-5.573,flush_begin,0,0
-5.559,flush_end,0,2686932
-5.542,trivial_move,3,2686931
-5.534,trivial_move,4,2686930
-5.530,flush_begin,0,0
-5.516,flush_end,0,2686930
-5.499,trivial_move,3,2686930
-5.491,trivial_move,4,2686931
-5.488,flush_begin,0,0
-5.473,flush_end,0,2686930
-5.456,trivial_move,3,2686932
-5.448,trivial_move,4,2686931
-5.445,flush_begin,0,0
-5.431,flush_end,0,2686932
-5.414,trivial_move,3,2686930
-5.406,trivial_move,4,2686931
-5.403,flush_begin,0,0
-5.388,flush_end,0,2686930
-5.371,trivial_move,3,2686931
-5.363,trivial_move,4,2686931
-5.360,flush_begin,0,0
-5.345,flush_end,0,2686932
-5.329,trivial_move,3,2686931
-5.321,trivial_move,4,2686930
-5.318,flush_begin,0,0
-5.304,flush_end,0,2686930
-5.287,trivial_move,3,2686930
-5.279,trivial_move,4,2686930
-5.276,flush_begin,0,0
-5.261,flush_end,0,2686931
-5.245,trivial_move,3,2686932
-5.237,trivial_move,4,2686931
-5.234,flush_begin,0,0
-5.221,flush_end,0,2686931
-5.204,trivial_move,3,2686930
-5.196,trivial_move,4,2686931
-5.193,flush_begin,0,0
-5.180,flush_end,0,2686931
-5.163,trivial_move,3,2686932
-5.155,trivial_move,4,2686931
-5.152,flush_begin,0,0
-5.139,flush_end,0,2686931
-5.122,trivial_move,3,2686930
-5.113,trivial_move,4,2686932
-5.110,flush_begin,0,0
-5.097,flush_end,0,2686931
-5.081,trivial_move,3,2686932
-5.073,trivial_move,4,2686930
-5.069,flush_begin,0,0
-5.054,flush_end,0,2686930
-5.038,trivial_move,3,2686931
-5.030,trivial_move,4,2686932
-5.027,flush_begin,0,0
-5.013,flush_end,0,2686932
-4.996,trivial_move,3,2686931
-4.988,trivial_move,4,2686930
-4.985,flush_begin,0,0
-4.971,flush_end,0,2686930
-4.954,trivial_move,3,2686931
-4.946,trivial_move,4,2686932
-4.943,flush_begin,0,0
-4.929,flush_end,0,2686931
-4.913,trivial_move,3,2686930
-4.906,trivial_move,4,2686930
-4.903,flush_begin,0,0
-4.889,flush_end,0,2686932
-4.873,trivial_move,3,2686930
-4.866,trivial_move,4,2686931
-4.863,flush_begin,0,0
-4.850,flush_end,0,2686930
-4.834,trivial_move,3,2686931
-4.826,trivial_move,4,2686931
-4.821,flush_begin,0,0
-4.807,flush_end,0,2686932
-4.790,trivial_move,3,2686931
-4.782,trivial_move,4,2686930
-4.779,flush_begin,0,0
-4.764,flush_end,0,2686930
-4.748,trivial_move,3,2686931
-4.740,trivial_move,4,2686932
-4.737,flush_begin,0,0
-4.723,flush_end,0,2686932
-4.706,trivial_move,3,2686931
-4.698,trivial_move,4,2686930
-4.695,flush_begin,0,0
-4.681,flush_end,0,2686930
-4.664,trivial_move,3,2686930
-4.656,trivial_move,4,2686931
-4.653,flush_begin,0,0
-4.639,flush_end,0,2686931
-4.622,trivial_move,3,2686932
-4.614,trivial_move,4,2686931
-4.610,flush_begin,0,0
-4.596,flush_end,0,2686931
-4.579,trivial_move,3,2686930
-4.571,trivial_move,4,2686931
-4.568,flush_begin,0,0
-4.553,flush_end,0,2686931
-4.536,trivial_move,3,2686932
-4.528,trivial_move,4,2686931
-4.525,flush_begin,0,0
-4.510,flush_end,0,2686931
-4.493,trivial_move,3,2686930
-4.485,trivial_move,4,2686931
-4.482,flush_begin,0,0
-4.467,flush_end,0,2686930
-4.450,trivial_move,3,2686931
-4.442,trivial_move,4,2686930
-4.438,flush_begin,0,0
-4.424,flush_end,0,2686930
-4.407,trivial_move,3,2686931
-4.399,trivial_move,4,2686932
-4.396,flush_begin,0,0
-4.383,flush_end,0,2686931
-4.366,trivial_move,3,2686930
-4.358,trivial_move,4,2686930
-4.356,flush_begin,0,0
-4.342,flush_end,0,2686931
-4.325,trivial_move,3,2686932
-4.317,trivial_move,4,2686932
-4.314,flush_begin,0,0
-4.301,flush_end,0,2686931
-4.285,trivial_move,3,2686930
-4.276,trivial_move,4,2686930
-4.274,flush_begin,0,0
-4.260,flush_end,0,2686931
-4.244,trivial_move,3,2686931
-4.236,trivial_move,4,2686930
-4.232,flush_begin,0,0
-4.219,flush_end,0,2686930
-4.202,trivial_move,3,2686931
-4.194,trivial_move,4,2686933
-4.191,flush_begin,0,0
-4.176,flush_end,0,2686932
-4.159,trivial_move,3,2686932
-4.151,trivial_move,4,2686930
-4.148,flush_begin,0,0
-4.133,flush_end,0,2686930
-4.116,trivial_move,3,2686931
-4.108,trivial_move,4,2686932
-4.105,flush_begin,0,0
-4.090,flush_end,0,2686932
-4.073,trivial_move,3,2686931
-4.065,trivial_move,4,2686930
-4.062,flush_begin,0,0
-4.047,flush_end,0,2686930
-4.031,trivial_move,3,2686930
-4.017,trivial_move,4,2686931
-4.014,flush_begin,0,0
-3.998,flush_end,0,2686932
-3.981,trivial_move,3,2686932
-3.973,trivial_move,4,2686931
-3.971,flush_begin,0,0
-3.956,flush_end,0,2686931
-3.939,trivial_move,3,2686930
-3.931,trivial_move,4,2686931
-3.927,flush_begin,0,0
-3.912,flush_end,0,2686930
-3.895,trivial_move,3,2686932
-3.887,trivial_move,4,2686931
-3.884,flush_begin,0,0
-3.870,flush_end,0,2686932
-3.853,trivial_move,3,2686930
-3.845,trivial_move,4,2686931
-3.842,flush_begin,0,0
-3.829,flush_end,0,2686930
-3.813,trivial_move,3,2686930
-3.805,trivial_move,4,2686930
-3.802,flush_begin,0,0
-3.787,flush_end,0,2686931
-3.769,trivial_move,3,2686932
-3.761,trivial_move,4,2686932
-3.759,flush_begin,0,0
-3.745,flush_end,0,2686931
-3.729,trivial_move,3,2686930
-3.721,trivial_move,4,2686930
-3.717,flush_begin,0,0
-3.703,flush_end,0,2686931
-3.686,trivial_move,3,2686932
-3.678,trivial_move,4,2686931
-3.676,flush_begin,0,0
-3.663,flush_end,0,2686931
-3.646,trivial_move,3,2686930
-3.637,trivial_move,4,2686931
-3.634,flush_begin,0,0
-3.620,flush_end,0,2686931
-3.603,trivial_move,3,2686931
-3.595,trivial_move,4,2686930
-3.592,flush_begin,0,0
-3.577,flush_end,0,2686930
-3.562,trivial_move,3,2686931
-3.554,trivial_move,4,2686932
-3.551,flush_begin,0,0
-3.537,flush_end,0,2686932
-3.521,trivial_move,3,2686931
-3.513,trivial_move,4,2686930
-3.510,flush_begin,0,0
-3.498,flush_end,0,2686930
-3.482,trivial_move,3,2686931
-3.474,trivial_move,4,2686932
-3.470,flush_begin,0,0
-3.456,flush_end,0,2686932
-3.439,trivial_move,3,2686931
-3.431,trivial_move,4,2686930
-3.429,flush_begin,0,0
-3.415,flush_end,0,2686930
-3.398,trivial_move,3,2686930
-3.390,trivial_move,4,2686931
-3.387,flush_begin,0,0
-3.374,flush_end,0,2686930
-3.357,trivial_move,3,2686932
-3.349,trivial_move,4,2686931
-3.346,flush_begin,0,0
-3.333,flush_end,0,2686932
-3.316,trivial_move,3,2686930
-3.308,trivial_move,4,2686932
-3.305,flush_begin,0,0
-3.291,flush_end,0,2686930
-3.274,trivial_move,3,2686931
-3.266,trivial_move,4,2686931
-3.263,flush_begin,0,0
-3.250,flush_end,0,2686932
-3.233,trivial_move,3,2686932
-3.225,trivial_move,4,2686930
-3.222,flush_begin,0,0
-3.209,flush_end,0,2686930
-3.193,trivial_move,3,2686930
-3.185,trivial_move,4,2686930
-3.182,flush_begin,0,0
-3.169,flush_end,0,2686931
-3.153,trivial_move,3,2686932
-3.145,trivial_move,4,2686931
-3.141,flush_begin,0,0
-3.128,flush_end,0,2686931
-3.111,trivial_move,3,2686930
-3.103,trivial_move,4,2686931
-3.101,flush_begin,0,0
-3.088,flush_end,0,2686932
-3.072,trivial_move,3,2686932
-3.064,trivial_move,4,2686931
-3.061,flush_begin,0,0
-3.048,flush_end,0,2686931
-3.032,trivial_move,3,2686930
-3.024,trivial_move,4,2686931
-3.022,flush_begin,0,0
-3.008,flush_end,0,2686931
-2.991,trivial_move,3,2686931
-2.983,trivial_move,4,2686930
-2.981,flush_begin,0,0
-2.968,flush_end,0,2686930
-2.951,trivial_move,3,2686931
-2.943,trivial_move,4,2686932
-2.942,flush_begin,0,0
-2.928,flush_end,0,2686932
-2.911,trivial_move,3,2686931
-2.903,trivial_move,4,2686930
-2.900,flush_begin,0,0
-2.886,flush_end,0,2686930
-2.870,trivial_move,3,2686931
-2.862,trivial_move,4,2686932
-2.859,flush_begin,0,0
-2.846,flush_end,0,2686931
-2.830,trivial_move,3,2686930
-2.822,trivial_move,4,2686930
-2.818,flush_begin,0,0
-2.804,flush_end,0,2686931
-2.787,trivial_move,3,2686930
-2.779,trivial_move,4,2686931
-2.776,flush_begin,0,0
-2.761,flush_end,0,2686930
-2.745,trivial_move,3,2686931
-2.738,trivial_move,4,2686931
-2.736,flush_begin,0,0
-2.721,flush_end,0,2686932
-2.705,trivial_move,3,2686931
-2.697,trivial_move,4,2686930
-2.694,flush_begin,0,0
-2.680,flush_end,0,2686930
-2.664,trivial_move,3,2686931
-2.656,trivial_move,4,2686932
-2.654,flush_begin,0,0
-2.640,flush_end,0,2686932
-2.623,trivial_move,3,2686931
-2.615,trivial_move,4,2686930
-2.612,flush_begin,0,0
-2.598,flush_end,0,2686930
-2.581,trivial_move,3,2686930
-2.573,trivial_move,4,2686931
-2.570,flush_begin,0,0
-2.556,flush_end,0,2686931
-2.539,trivial_move,3,2686932
-2.531,trivial_move,4,2686931
-2.528,flush_begin,0,0
-2.514,flush_end,0,2686931
-2.498,trivial_move,3,2686930
-2.490,trivial_move,4,2686931
-2.486,flush_begin,0,0
-2.472,flush_end,0,2686931
-2.455,trivial_move,3,2686932
-2.447,trivial_move,4,2686931
-2.444,flush_begin,0,0
-2.429,flush_end,0,2686931
-2.412,trivial_move,3,2686930
-2.404,trivial_move,4,2686932
-2.401,flush_begin,0,0
-2.386,flush_end,0,2686930
-2.369,trivial_move,3,2686932
-2.361,trivial_move,4,2686930
-2.358,flush_begin,0,0
-2.344,flush_end,0,2686930
-2.328,trivial_move,3,2686931
-2.320,trivial_move,4,2686932
-2.317,flush_begin,0,0
-2.302,flush_end,0,2686931
-2.285,trivial_move,3,2686930
-2.277,trivial_move,4,2686930
-2.273,flush_begin,0,0
-2.259,flush_end,0,2686931
-2.243,trivial_move,3,2686932
-2.235,trivial_move,4,2686932
-2.234,flush_begin,0,0
-2.223,flush_end,0,2686931
-2.206,trivial_move,3,2686930
-2.198,trivial_move,4,2686930
-2.197,flush_begin,0,0
-2.187,flush_end,0,2686932
-2.171,trivial_move,3,2686931
-2.163,trivial_move,4,2686930
-2.162,flush_begin,0,0
-2.151,flush_end,0,2686930
-2.134,trivial_move,3,2686931
-2.126,trivial_move,4,2686932
-2.124,flush_begin,0,0
-2.113,flush_end,0,2686932
-2.097,trivial_move,3,2686931
-2.089,trivial_move,4,2686930
-2.088,flush_begin,0,0
-2.076,flush_end,0,2686930
-2.060,trivial_move,3,2686931
-2.052,trivial_move,4,2686932
-2.050,flush_begin,0,0
-2.037,flush_end,0,2686932
-2.020,trivial_move,3,2686931
-2.012,trivial_move,4,2686930
-2.010,flush_begin,0,0
-1.997,flush_end,0,2686930
-1.981,trivial_move,3,2686930
-1.973,trivial_move,4,2686931
-1.970,flush_begin,0,0
-1.957,flush_end,0,2686931
-1.941,trivial_move,3,2686932
-1.933,trivial_move,4,2686931
-1.930,flush_begin,0,0
-1.917,flush_end,0,2686931
-1.900,trivial_move,3,2686930
-1.892,trivial_move,4,2686931
-1.889,flush_begin,0,0
-1.874,flush_end,0,2686930
-1.859,trivial_move,3,2686932
-1.851,trivial_move,4,2686931
-1.848,flush_begin,0,0
-1.835,flush_end,0,2686932
-1.819,trivial_move,3,2686930
-1.811,trivial_move,4,2686931
-1.808,flush_begin,0,0
-1.795,flush_end,0,2686930
-1.779,trivial_move,3,2686930
-1.771,trivial_move,4,2686930
-1.769,flush_begin,0,0
-1.757,flush_end,0,2686931
-1.741,trivial_move,3,2686932
-1.733,trivial_move,4,2686932
-1.731,flush_begin,0,0
-1.720,flush_end,0,2686931
-1.703,trivial_move,3,2686930
-1.695,trivial_move,4,2686930
-1.693,flush_begin,0,0
-1.681,flush_end,0,2686931
-1.665,trivial_move,3,2686932
-1.657,trivial_move,4,2686931
-1.655,flush_begin,0,0
-1.642,flush_end,0,2686931
-1.625,trivial_move,3,2686930
-1.617,trivial_move,4,2686931
-1.614,flush_begin,0,0
-1.600,flush_end,0,2686931
-1.584,trivial_move,3,2686931
-1.576,trivial_move,4,2686930
-1.573,flush_begin,0,0
-1.558,flush_end,0,2686930
-1.542,trivial_move,3,2686931
-1.534,trivial_move,4,2686933
-1.532,flush_begin,0,0
-1.518,flush_end,0,2686932
-1.501,trivial_move,3,2686932
-1.493,trivial_move,4,2686930
-1.491,flush_begin,0,0
-1.477,flush_end,0,2686930
-1.460,trivial_move,3,2686931
-1.452,trivial_move,4,2686932
-1.449,flush_begin,0,0
-1.435,flush_end,0,2686932
-1.418,trivial_move,3,2686931
-1.410,trivial_move,4,2686930
-1.407,flush_begin,0,0
-1.393,flush_end,0,2686930
-1.376,trivial_move,3,2686930
-1.368,trivial_move,4,2686931
-1.365,flush_begin,0,0
-1.350,flush_end,0,2686930
-1.334,trivial_move,3,2686932
-1.326,trivial_move,4,2686931
-1.323,flush_begin,0,0
-1.307,flush_end,0,2686933
-1.291,trivial_move,3,2686930
-1.283,trivial_move,4,2686931
-1.280,flush_begin,0,0
-1.265,flush_end,0,2686930
-1.248,trivial_move,3,2686931
-1.240,trivial_move,4,2686931
-1.237,flush_begin,0,0
-1.223,flush_end,0,2686932
-1.206,trivial_move,3,2686931
-1.198,trivial_move,4,2686930
-1.195,flush_begin,0,0
-1.181,flush_end,0,2686930
-1.165,trivial_move,3,2686930
-1.159,trivial_move,4,2686930
-1.156,flush_begin,0,0
-1.135,flush_end,0,2686931
-1.117,trivial_move,3,2686932
-1.110,trivial_move,4,2686931
-1.107,flush_begin,0,0
-1.092,flush_end,0,2686931
-1.075,trivial_move,3,2686930
-1.067,trivial_move,4,2686931
-1.063,flush_begin,0,0
-1.049,flush_end,0,2686931
-1.032,trivial_move,3,2686932
-1.024,trivial_move,4,2686931
-1.020,flush_begin,0,0
-1.004,flush_end,0,2686931
-0.987,trivial_move,3,2686930
-0.979,trivial_move,4,2686931
-0.975,flush_begin,0,0
-0.960,flush_end,0,2686931
-0.943,trivial_move,3,2686931
-0.935,trivial_move,4,2686930
-0.932,flush_begin,0,0
-0.916,flush_end,0,2686930
-0.900,trivial_move,3,2686931
-0.892,trivial_move,4,2686932
-0.889,flush_begin,0,0
-0.875,flush_end,0,2686932
-0.858,trivial_move,3,2686931
-0.850,trivial_move,4,2686930
-0.847,flush_begin,0,0
-0.833,flush_end,0,2686930
-0.816,trivial_move,3,2686931
-0.808,trivial_move,4,2686932
-0.805,flush_begin,0,0
-0.791,flush_end,0,2686931
-0.774,trivial_move,3,2686930
-0.766,trivial_move,4,2686930
-0.764,flush_begin,0,0
-0.749,flush_end,0,2686931
-0.732,trivial_move,3,2686930
-0.724,trivial_move,4,2686931
-0.721,flush_begin,0,0
-0.706,flush_end,0,2686930
-0.690,trivial_move,3,2686931
-0.682,trivial_move,4,2686931
-0.678,flush_begin,0,0
-0.663,flush_end,0,2686932
-0.646,trivial_move,3,2686931
-0.638,trivial_move,4,2686930
-0.636,flush_begin,0,0
-0.622,flush_end,0,2686930
-0.605,trivial_move,3,2686931
-0.597,trivial_move,4,2686933
-0.593,flush_begin,0,0
-0.579,flush_end,0,2686932
-0.562,trivial_move,3,2686932
-0.554,trivial_move,4,2686930
-0.551,flush_begin,0,0
-0.538,flush_end,0,2686930
-0.521,trivial_move,3,2686930
-0.513,trivial_move,4,2686931
-0.510,flush_begin,0,0
-0.496,flush_end,0,2686931
-0.480,trivial_move,3,2686932
-0.472,trivial_move,4,2686931
-0.467,flush_begin,0,0
-0.454,flush_end,0,2686931
-0.438,trivial_move,3,2686930
-0.430,trivial_move,4,2686931
-0.425,flush_begin,0,0
-0.411,flush_end,0,2686932
-0.395,trivial_move,3,2686932
-0.387,trivial_move,4,2686931
-0.382,flush_begin,0,0
-0.369,flush_end,0,2686931
-0.354,trivial_move,3,2686930
-0.346,trivial_move,4,2686931
-0.342,flush_begin,0,0
-0.329,flush_end,0,2686930
-0.313,trivial_move,3,2686931
-0.305,trivial_move,4,2686930
-0.302,flush_begin,0,0
-0.289,flush_end,0,2686930
-0.272,trivial_move,3,2686931
-0.264,trivial_move,4,2686932
-0.261,flush_begin,0,0
-0.247,flush_end,0,2686931
-0.231,trivial_move,3,2686930
-0.223,trivial_move,4,2686930
-0.220,flush_begin,0,0
-0.207,flush_end,0,2686931
-0.191,trivial_move,3,2686932
-0.183,trivial_move,4,2686932
-0.180,flush_begin,0,0
-0.167,flush_end,0,2686931
-0.150,trivial_move,3,2686930
-0.142,trivial_move,4,2686930
-0.139,flush_begin,0,0
-0.124,flush_end,0,2686931
-0.108,trivial_move,3,2686931
-0.100,trivial_move,4,2686930
-0.097,flush_begin,0,0
-0.084,flush_end,0,2686930
-0.067,trivial_move,3,2686931
-0.059,trivial_move,4,2686932
-0.057,flush_begin,0,0
-0.043,flush_end,0,2686932
-0.026,trivial_move,3,2686931
-0.018,trivial_move,4,2686930
-0.014,flush_begin,0,0
-0.001,flush_end,0,2686930
0.016,trivial_move,3,2686931
0.024,trivial_move,4,2686932
0.027,flush_begin,0,0
0.041,flush_end,0,2686932
0.057,trivial_move,3,2686931
0.065,trivial_move,4,2686930
0.068,flush_begin,0,0
0.082,flush_end,0,2686930
0.098,trivial_move,3,2686930
0.106,trivial_move,4,2686931
0.109,flush_begin,0,0
0.123,flush_end,0,2686931
0.139,trivial_move,3,2686932
0.147,trivial_move,4,2686931
0.150,flush_begin,0,0
0.164,flush_end,0,2686931
0.181,trivial_move,3,2686930
0.189,trivial_move,4,2686931
0.193,flush_begin,0,0
0.207,flush_end,0,2686930
0.224,trivial_move,3,2686932
0.232,trivial_move,4,2686931
0.235,flush_begin,0,0
0.249,flush_end,0,2686932
0.266,trivial_move,3,2686930
0.274,trivial_move,4,2686933
0.277,flush_begin,0,0
0.290,flush_end,0,2686930
0.307,trivial_move,3,2686930
0.315,trivial_move,4,2686930
0.318,flush_begin,0,0
0.332,flush_end,0,2686931
0.349,trivial_move,3,2686933
0.357,trivial_move,4,2686932
0.360,flush_begin,0,0
0.374,flush_end,0,2686931
0.396,trivial_move,3,2686930
0.406,trivial_move,4,2686930
0.409,flush_begin,0,0
0.425,flush_end,0,2686931
0.441,trivial_move,3,2686932
0.449,trivial_move,4,2686931
0.452,flush_begin,0,0
0.468,flush_end,0,2686931
0.485,trivial_move,3,2686930
0.493,trivial_move,4,2686931
0.497,flush_begin,0,0
0.512,flush_end,0,2686933
0.535,trivial_move,3,2686931
0.545,trivial_move,4,2686930
0.550,flush_begin,0,0
0.572,flush_end,0,2686930
0.589,trivial_move,3,2686931
0.597,trivial_move,4,2686932
0.600,flush_begin,0,0
0.615,flush_end,0,2686932
0.632,trivial_move,3,2686931
0.640,trivial_move,4,2686930
0.643,flush_begin,0,0
0.660,flush_end,0,2686930
0.676,trivial_move,3,2686931
0.684,trivial_move,4,2686932
0.688,flush_begin,0,0
0.703,flush_end,0,2686932
0.720,trivial_move,3,2686931
0.728,trivial_move,4,2686930
0.731,flush_begin,0,0
0.746,flush_end,0,2686930
0.761,trivial_move,3,2686930
0.768,trivial_move,4,2686931
0.771,flush_begin,0,0
0.783,flush_end,0,2686930
0.800,trivial_move,3,2686932
0.807,trivial_move,4,2686931
0.809,flush_begin,0,0
0.821,flush_end,0,2686932
0.838,trivial_move,3,2686930
0.846,trivial_move,4,2686931
0.848,flush_begin,0,0
0.861,flush_end,0,2686930
0.878,trivial_move,3,2686931
0.887,trivial_move,4,2686931
0.890,flush_begin,0,0
0.903,flush_end,0,2686932
0.920,trivial_move,3,2686931
0.928,trivial_move,4,2686930
0.930,flush_begin,0,0
0.943,flush_end,0,2686930
0.960,trivial_move,3,2686930
0.968,trivial_move,4,2686930
0.970,flush_begin,0,0
0.983,flush_end,0,2686931
1.000,trivial_move,3,2686932
1.008,trivial_move,4,2686931
1.011,flush_begin,0,0
1.024,flush_end,0,2686931
1.041,trivial_move,3,2686930
1.049,trivial_move,4,2686931
1.052,flush_begin,0,0
1.066,flush_end,0,2686931
1.082,trivial_move,3,2686932
1.090,trivial_move,4,2686931
1.094,flush_begin,0,0
1.107,flush_end,0,2686931
1.124,trivial_move,3,2686930
1.132,trivial_move,4,2686931
1.134,flush_begin,0,0
1.148,flush_end,0,2686931
1.164,trivial_move,3,2686931
1.172,trivial_move,4,2686930
1.176,flush_begin,0,0
1.189,flush_end,0,2686930
1.205,trivial_move,3,2686931
1.213,trivial_move,4,2686933
1.215,flush_begin,0,0
1.229,flush_end,0,2686932
1.246,trivial_move,3,2686932
1.254,trivial_move,4,2686930
1.257,flush_begin,0,0
1.270,flush_end,0,2686930
1.287,trivial_move,3,2686931
1.295,trivial_move,4,2686932
1.298,flush_begin,0,0
1.312,flush_end,0,2686931
1.329,trivial_move,3,2686930
1.337,trivial_move,4,2686930
1.340,flush_begin,0,0
1.353,flush_end,0,2686931
1.370,trivial_move,3,2686930
1.378,trivial_move,4,2686931
1.382,flush_begin,0,0
1.396,flush_end,0,2686930
1.413,trivial_move,3,2686931
1.421,trivial_move,4,2686931
1.424,flush_begin,0,0
1.438,flush_end,0,2686933
1.455,trivial_move,3,2686931
1.463,trivial_move,4,2686930
1.467,flush_begin,0,0
1.481,flush_end,0,2686930
1.498,trivial_move,3,2686931
1.506,trivial_move,4,2686932
1.508,flush_begin,0,0
1.523,flush_end,0,2686932
1.540,trivial_move,3,2686931
1.548,trivial_move,4,2686930
1.552,flush_begin,0,0
1.566,flush_end,0,2686930
1.583,trivial_move,3,2686930
1.591,trivial_move,4,2686931
1.594,flush_begin,0,0
1.607,flush_end,0,2686931
1.624,trivial_move,3,2686932
1.632,trivial_move,4,2686931
1.635,flush_begin,0,0
1.649,flush_end,0,2686931
1.666,trivial_move,3,2686930
1.674,trivial_move,4,2686931
1.679,flush_begin,0,0
1.693,flush_end,0,2686931
1.710,trivial_move,3,2686932
1.718,trivial_move,4,2686931
1.721,flush_begin,0,0
1.736,flush_end,0,2686931
1.753,trivial_move,3,2686930
1.761,trivial_move,4,2686931
1.765,flush_begin,0,0
1.779,flush_end,0,2686930
1.796,trivial_move,3,2686931
1.804,trivial_move,4,2686930
1.807,flush_begin,0,0
1.823,flush_end,0,2686930
1.839,trivial_move,3,2686931
1.847,trivial_move,4,2686932
1.851,flush_begin,0,0
1.865,flush_end,0,2686931
1.883,trivial_move,3,2686930
1.890,trivial_move,4,2686930
1.894,flush_begin,0,0
1.909,flush_end,0,2686931
1.926,trivial_move,3,2686932
1.934,trivial_move,4,2686932
1.936,flush_begin,0,0
1.951,flush_end,0,2686931
1.968,trivial_move,3,2686930
1.976,trivial_move,4,2686930
1.979,flush_begin,0,0
1.993,flush_end,0,2686931
2.010,trivial_move,3,2686931
2.018,trivial_move,4,2686930
2.021,flush_begin,0,0
2.035,flush_end,0,2686930
2.052,trivial_move,3,2686931
2.060,trivial_move,4,2686932
2.063,flush_begin,0,0
2.077,flush_end,0,2686932
2.094,trivial_move,3,2686931
2.102,trivial_move,4,2686930
2.105,flush_begin,0,0
2.120,flush_end,0,2686930
2.137,trivial_move,3,2686931
2.145,trivial_move,4,2686933
2.147,flush_begin,0,0
2.161,flush_end,0,2686932
2.178,trivial_move,3,2686933
2.186,trivial_move,4,2686930
2.189,flush_begin,0,0
2.203,flush_end,0,2686930
2.220,trivial_move,3,2686930
2.228,trivial_move,4,2686931
2.231,flush_begin,0,0
2.245,flush_end,0,2686931
2.262,trivial_move,3,2686932
2.270,trivial_move,4,2686931
2.273,flush_begin,0,0
2.288,flush_end,0,2686931
2.305,trivial_move,3,2686930
2.314,trivial_move,4,2686931
2.317,flush_begin,0,0
2.331,flush_end,0,2686930
2.348,trivial_move,3,2686932
2.356,trivial_move,4,2686931
2.359,flush_begin,0,0
2.374,flush_end,0,2686933
2.391,trivial_move,3,2686930
2.399,trivial_move,4,2686931
2.402,flush_begin,0,0
2.417,flush_end,0,2686930
2.434,trivial_move,3,2686930
2.442,trivial_move,4,2686930
2.446,flush_begin,0,0
2.461,flush_end,0,2686931
2.478,trivial_move,3,2686932
2.486,trivial_move,4,2686932
2.489,flush_begin,0,0
2.503,flush_end,0,2686931
2.520,trivial_move,3,2686930
2.528,trivial_move,4,2686930
2.531,flush_begin,0,0
2.544,flush_end,0,2686931
2.561,trivial_move,3,2686932
2.569,trivial_move,4,2686931
2.572,flush_begin,0,0
2.586,flush_end,0,2686931
2.603,trivial_move,3,2686930
2.611,trivial_move,4,2686931
2.614,flush_begin,0,0
2.628,flush_end,0,2686931
2.645,trivial_move,3,2686931
2.653,trivial_move,4,2686930
2.656,flush_begin,0,0
2.670,flush_end,0,2686930
2.686,trivial_move,3,2686931
2.694,trivial_move,4,2686932
2.697,flush_begin,0,0
2.712,flush_end,0,2686932
2.729,trivial_move,3,2686931
2.737,trivial_move,4,2686930
2.739,flush_begin,0,0
2.754,flush_end,0,2686930
2.770,trivial_move,3,2686931
2.778,trivial_move,4,2686932
2.782,flush_begin,0,0
2.796,flush_end,0,2686932
2.812,trivial_move,3,2686931
2.820,trivial_move,4,2686930
2.823,flush_begin,0,0
2.838,flush_end,0,2686930
2.855,trivial_move,3,2686930
2.863,trivial_move,4,2686931
2.867,flush_begin,0,0
2.881,flush_end,0,2686930
2.898,trivial_move,3,2686932
2.906,trivial_move,4,2686931
2.909,flush_begin,0,0
2.923,flush_end,0,2686932
2.939,trivial_move,3,2686930
2.947,trivial_move,4,2686931
2.951,flush_begin,0,0
2.964,flush_end,0,2686930
2.981,trivial_move,3,2686931
2.989,trivial_move,4,2686931
2.993,flush_begin,0,0
3.007,flush_end,0,2686932
3.023,trivial_move,3,2686931
3.031,trivial_move,4,2686930
3.034,flush_begin,0,0
3.048,flush_end,0,2686930
3.065,trivial_move,3,2686930
3.073,trivial_move,4,2686930
3.076,flush_begin,0,0
3.090,flush_end,0,2686931
3.107,trivial_move,3,2686933
3.115,trivial_move,4,2686931
3.118,flush_begin,0,0
3.131,flush_end,0,2686931
3.148,trivial_move,3,2686930
3.156,trivial_move,4,2686931
3.159,flush_begin,0,0
3.173,flush_end,0,2686931
3.190,trivial_move,3,2686932
3.198,trivial_move,4,2686931
3.201,flush_begin,0,0
3.214,flush_end,0,2686931
3.231,trivial_move,3,2686930
3.239,trivial_move,4,2686931
3.242,flush_begin,0,0
3.256,flush_end,0,2686932
3.273,trivial_move,3,2686931
3.281,trivial_move,4,2686930
3.284,flush_begin,0,0
3.299,flush_end,0,2686930
3.315,trivial_move,3,2686931
3.323,trivial_move,4,2686932
3.326,flush_begin,0,0
3.339,flush_end,0,2686932
3.356,trivial_move,3,2686931
3.364,trivial_move,4,2686930
3.366,flush_begin,0,0
3.378,flush_end,0,2686930
3.395,trivial_move,3,2686931
3.403,trivial_move,4,2686932
3.406,flush_begin,0,0
3.419,flush_end,0,2686931
3.436,trivial_move,3,2686930
3.444,trivial_move,4,2686930
3.447,flush_begin,0,0
3.460,flush_end,0,2686931
3.476,trivial_move,3,2686930
3.484,trivial_move,4,2686931
3.487,flush_begin,0,0
3.500,flush_end,0,2686930
3.517,trivial_move,3,2686931
3.525,trivial_move,4,2686931
3.528,flush_begin,0,0
3.542,flush_end,0,2686932
3.559,trivial_move,3,2686931
3.567,trivial_move,4,2686930
3.571,flush_begin,0,0
3.586,flush_end,0,2686930
3.603,trivial_move,3,2686931
3.611,trivial_move,4,2686932
3.614,flush_begin,0,0
3.627,flush_end,0,2686932
3.644,trivial_move,3,2686931
3.651,trivial_move,4,2686930
3.654,flush_begin,0,0
3.667,flush_end,0,2686930
3.683,trivial_move,3,2686930
3.691,trivial_move,4,2686931
3.692,flush_begin,0,0
3.702,flush_end,0,2686931
3.716,trivial_move,3,2686932
3.724,trivial_move,4,2686931
3.725,flush_begin,0,0
3.734,flush_end,0,2686931
3.750,trivial_move,3,2686930
3.759,trivial_move,4,2686931
3.759,flush_begin,0,0
3.768,flush_end,0,2686931
3.783,trivial_move,3,2686932
3.791,trivial_move,4,2686931
3.792,flush_begin,0,0
3.802,flush_end,0,2686931
3.817,trivial_move,3,2686930
3.824,trivial_move,4,2686931
3.825,flush_begin,0,0
3.835,flush_end,0,2686930
3.851,trivial_move,3,2686931
3.860,trivial_move,4,2686930
3.860,flush_begin,0,0
3.869,flush_end,0,2686930
3.885,trivial_move,3,2686931
3.893,trivial_move,4,2686933
3.893,flush_begin,0,0
3.903,flush_end,0,2686931
3.920,trivial_move,3,2686930
3.928,trivial_move,4,2686930
3.929,flush_begin,0,0
3.939,flush_end,0,2686931
3.955,trivial_move,3,2686933
3.963,trivial_move,4,2686932
3.964,flush_begin,0,0
3.975,flush_end,0,2686931
3.991,trivial_move,3,2686930
3.999,trivial_move,4,2686930
4.001,flush_begin,0,0
4.012,flush_end,0,2686931
4.028,trivial_move,3,2686931
4.036,trivial_move,4,2686930
4.038,flush_begin,0,0
4.050,flush_end,0,2686930
4.066,trivial_move,3,2686931
4.074,trivial_move,4,2686932
4.076,flush_begin,0,0
4.090,flush_end,0,2686933
4.106,trivial_move,3,2686931
4.114,trivial_move,4,2686930
4.117,flush_begin,0,0
4.130,flush_end,0,2686930
4.147,trivial_move,3,2686931
4.155,trivial_move,4,2686932
4.157,flush_begin,0,0
4.170,flush_end,0,2686932
4.187,trivial_move,3,2686931
4.195,trivial_move,4,2686930
4.198,flush_begin,0,0
4.211,flush_end,0,2686930
4.228,trivial_move,3,2686930
4.236,trivial_move,4,2686931
4.239,flush_begin,0,0
4.252,flush_end,0,2686931
4.269,trivial_move,3,2686932
4.277,trivial_move,4,2686931
4.280,flush_begin,0,0
4.294,flush_end,0,2686931
4.311,trivial_move,3,2686930
4.319,trivial_move,4,2686931
4.322,flush_begin,0,0
4.336,flush_end,0,2686930
4.353,trivial_move,3,2686932
4.361,trivial_move,4,2686931
4.364,flush_begin,0,0
4.379,flush_end,0,2686932
4.396,trivial_move,3,2686930
4.404,trivial_move,4,2686931
4.407,flush_begin,0,0
4.421,flush_end,0,2686930
4.438,trivial_move,3,2686930
4.446,trivial_move,4,2686930
4.449,flush_begin,0,0
4.464,flush_end,0,2686931
4.481,trivial_move,3,2686932
4.489,trivial_move,4,2686932
4.492,flush_begin,0,0
4.507,flush_end,0,2686931
4.524,trivial_move,3,2686930
4.532,trivial_move,4,2686930
4.535,flush_begin,0,0
4.557,flush_end,0,2686931
4.573,trivial_move,3,2686932
4.581,trivial_move,4,2686931
4.584,flush_begin,0,0
4.598,flush_end,0,2686931
4.615,trivial_move,3,2686930
4.623,trivial_move,4,2686931
4.627,flush_begin,0,0
4.642,flush_end,0,2686931
4.659,trivial_move,3,2686931
4.667,trivial_move,4,2686930
4.670,flush_begin,0,0
4.685,flush_end,0,2686930
4.702,trivial_move,3,2686931
4.710,trivial_move,4,2686932
4.713,flush_begin,0,0
4.728,flush_end,0,2686932
4.745,trivial_move,3,2686931
4.753,trivial_move,4,2686930
4.756,flush_begin,0,0
4.771,flush_end,0,2686930
4.788,trivial_move,3,2686931
4.796,trivial_move,4,2686933
4.800,flush_begin,0,0
4.815,flush_end,0,2686932
4.832,trivial_move,3,2686932
4.840,trivial_move,4,2686930
4.843,flush_begin,0,0
4.858,flush_end,0,2686930
4.875,trivial_move,3,2686930
4.884,trivial_move,4,2686931
4.887,flush_begin,0,0
4.902,flush_end,0,2686930
4.919,trivial_move,3,2686932
4.927,trivial_move,4,2686931
4.930,flush_begin,0,0
4.945,flush_end,0,2686932
4.962,trivial_move,3,2686930
4.970,trivial_move,4,2686931
4.974,flush_begin,0,0
4.989,flush_end,0,2686930
5.006,trivial_move,3,2686931
5.014,trivial_move,4,2686931
5.017,flush_begin,0,0
5.032,flush_end,0,2686933
5.049,trivial_move,3,2686931
5.057,trivial_move,4,2686930
5.061,flush_begin,0,0
5.076,flush_end,0,2686930
5.093,trivial_move,3,2686930
5.101,trivial_move,4,2686930
5.104,flush_begin,0,0
5.119,flush_end,0,2686931
5.136,trivial_move,3,2686932
5.144,trivial_move,4,2686931
5.148,flush_begin,0,0
5.162,flush_end,0,2686931
5.179,trivial_move,3,2686930
5.187,trivial_move,4,2686931
5.191,flush_begin,0,0
5.207,flush_end,0,2686931
5.223,trivial_move,3,2686932
5.231,trivial_move,4,2686931
5.234,flush_begin,0,0
5.248,flush_end,0,2686931
5.265,trivial_move,3,2686930
5.273,trivial_move,4,2686931
5.276,flush_begin,0,0
5.290,flush_end,0,2686931
5.307,trivial_move,3,2686931
5.315,trivial_move,4,2686930
5.318,flush_begin,0,0
5.332,flush_end,0,2686930
5.349,trivial_move,3,2686931
5.357,trivial_move,4,2686932
5.360,flush_begin,0,0
5.375,flush_end,0,2686932
5.392,trivial_move,3,2686931
5.401,trivial_move,4,2686930
5.404,flush_begin,0,0
5.418,flush_end,0,2686930
5.435,trivial_move,3,2686931
5.443,trivial_move,4,2686932
5.446,flush_begin,0,0
5.460,flush_end,0,2686931
5.477,trivial_move,3,2686930
5.485,trivial_move,4,2686930
5.488,flush_begin,0,0
5.505,flush_end,0,2686931
5.521,trivial_move,3,2686930
5.529,trivial_move,4,2686931
5.532,flush_begin,0,0
5.547,flush_end,0,2686930
5.564,trivial_move,3,2686931
5.572,trivial_move,4,2686931
5.575,flush_begin,0,0
5.589,flush_end,0,2686932
5.606,trivial_move,3,2686931
5.614,trivial_move,4,2686930
5.618,flush_begin,0,0
5.633,flush_end,0,2686930
5.650,trivial_move,3,2686931
5.658,trivial_move,4,2686932
5.661,flush_begin,0,0
5.675,flush_end,0,2686932
5.691,trivial_move,3,2686931
5.699,trivial_move,4,2686930
5.703,flush_begin,0,0
5.718,flush_end,0,2686930
5.735,trivial_move,3,2686930
5.743,trivial_move,4,2686932
5.747,flush_begin,0,0
5.761,flush_end,0,2686931
5.778,trivial_move,3,2686933
5.786,trivial_move,4,2686931
5.790,flush_begin,0,0
5.807,flush_end,0,2686931
5.823,trivial_move,3,2686930
5.831,trivial_move,4,2686931
5.834,flush_begin,0,0
5.848,flush_end,0,2686931
5.865,trivial_move,3,2686932
5.873,trivial_move,4,2686931
5.876,flush_begin,0,0
5.890,flush_end,0,2686931
5.907,trivial_move,3,2686930
5.915,trivial_move,4,2686931
5.918,flush_begin,0,0
5.933,flush_end,0,2686930
5.950,trivial_move,3,2686931
5.958,trivial_move,4,2686930
5.961,flush_begin,0,0
5.976,flush_end,0,2686930
5.993,trivial_move,3,2686931
6.001,trivial_move,4,2686932
6.004,flush_begin,0,0
6.018,flush_end,0,2686931
6.034,trivial_move,3,2686930
6.042,trivial_move,4,2686930
6.045,flush_begin,0,0
6.059,flush_end,0,2686931
6.076,trivial_move,3,2686932
6.084,trivial_move,4,2686932
6.088,flush_begin,0,0
6.103,flush_end,0,2686931
6.119,trivial_move,3,2686930
6.127,trivial_move,4,2686930
6.131,flush_begin,0,0
6.144,flush_end,0,2686931
6.161,trivial_move,3,2686931
6.169,trivial_move,4,2686930
6.172,flush_begin,0,0
6.185,flush_end,0,2686930
6.201,trivial_move,3,2686931
6.209,trivial_move,4,2686932
6.210,flush_begin,0,0
6.220,flush_end,0,2686932
6.237,trivial_move,3,2686931
6.245,trivial_move,4,2686930
6.245,flush_begin,0,0
6.255,flush_end,0,2686930
6.272,trivial_move,3,2686931
6.280,trivial_move,4,2686932
6.282,flush_begin,0,0
6.292,flush_end,0,2686932
6.309,trivial_move,3,2686931
6.317,trivial_move,4,2686930
6.318,flush_begin,0,0
6.330,flush_end,0,2686930
6.347,trivial_move,3,2686930
6.355,trivial_move,4,2686931
6.357,flush_begin,0,0
6.371,flush_end,0,2686931
6.387,trivial_move,3,2686932
6.395,trivial_move,4,2686931
6.396,flush_begin,0,0
6.408,flush_end,0,2686931
6.425,trivial_move,3,2686930
6.433,trivial_move,4,2686931
6.436,flush_begin,0,0
6.448,flush_end,0,2686930
6.465,trivial_move,3,2686932
6.473,trivial_move,4,2686931
6.475,flush_begin,0,0
6.488,flush_end,0,2686932
6.505,trivial_move,3,2686930
6.513,trivial_move,4,2686931
6.515,flush_begin,0,0
6.528,flush_end,0,2686930
6.544,trivial_move,3,2686930
6.550,trivial_move,4,2686930
6.553,flush_begin,0,0
6.564,flush_end,0,2686931
6.577,trivial_move,3,2686932
6.583,trivial_move,4,2686933
6.585,flush_begin,0,0
6.595,flush_end,0,2686931
6.608,trivial_move,3,2686930
6.615,trivial_move,4,2686930
6.617,flush_begin,0,0
6.628,flush_end,0,2686931
6.644,trivial_move,3,2686933
6.651,trivial_move,4,2686931
6.651,flush_begin,0,0
6.661,flush_end,0,2686931
6.677,trivial_move,3,2686930
6.685,trivial_move,4,2686931
6.686,flush_begin,0,0
6.696,flush_end,0,2686931
6.712,trivial_move,3,2686931
6.720,trivial_move,4,2686930
6.720,flush_begin,0,0
6.731,flush_end,0,2686930
6.746,trivial_move,3,2686931
6.754,trivial_move,4,2686932
6.755,flush_begin,0,0
6.766,flush_end,0,2686933
6.783,trivial_move,3,2686931
6.791,trivial_move,4,2686930
6.793,flush_begin,0,0
6.804,flush_end,0,2686930
6.821,trivial_move,3,2686931
6.829,trivial_move,4,2686932
6.830,flush_begin,0,0
6.842,flush_end,0,2686932
6.859,trivial_move,3,2686931
6.866,trivial_move,4,2686930
6.867,flush_begin,0,0
6.879,flush_end,0,2686930
6.895,trivial_move,3,2686930
6.903,trivial_move,4,2686931
6.903,flush_begin,0,0
6.912,flush_end,0,2686930
6.927,trivial_move,3,2686932
6.934,trivial_move,4,2686931
6.935,flush_begin,0,0
6.944,flush_end,0,2686932
6.958,trivial_move,3,2686930
6.966,trivial_move,4,2686931
6.967,flush_begin,0,0
6.976,flush_end,0,2686930
6.991,trivial_move,3,2686931
6.999,trivial_move,4,2686931
6.999,flush_begin,0,0
7.008,flush_end,0,2686932
7.024,trivial_move,3,2686931
7.032,trivial_move,4,2686930
7.033,flush_begin,0,0
7.043,flush_end,0,2686930
7.060,trivial_move,3,2686930
7.068,trivial_move,4,2686930
7.069,flush_begin,0,0
7.079,flush_end,0,2686931
7.095,trivial_move,3,2686932
7.103,trivial_move,4,2686931
7.103,flush_begin,0,0
7.114,flush_end,0,2686931
7.131,trivial_move,3,2686930
7.140,trivial_move,4,2686931
7.140,flush_begin,0,0
7.150,flush_end,0,2686931
7.166,trivial_move,3,2686932
7.179,trivial_move,4,2686931
7.181,flush_begin,0,0
7.192,flush_end,0,2686931
7.209,trivial_move,3,2686930
7.218,trivial_move,4,2686931
7.218,flush_begin,0,0
7.230,flush_end,0,2686931
7.246,trivial_move,3,2686931
7.254,trivial_move,4,2686930
7.256,flush_begin,0,0
7.268,flush_end,0,2686930
7.284,trivial_move,3,2686931
7.292,trivial_move,4,2686932
7.294,flush_begin,0,0
7.307,flush_end,0,2686932
7.324,trivial_move,3,2686931
7.332,trivial_move,4,2686930
7.334,flush_begin,0,0
7.347,flush_end,0,2686930
7.364,trivial_move,3,2686931
7.372,trivial_move,4,2686933
7.374,flush_begin,0,0
7.387,flush_end,0,2686931
7.404,trivial_move,3,2686930
7.412,trivial_move,4,2686930
7.415,flush_begin,0,0
7.428,flush_end,0,2686931
7.445,trivial_move,3,2686930
7.453,trivial_move,4,2686931
7.456,flush_begin,0,0
7.470,flush_end,0,2686930
7.487,trivial_move,3,2686931
7.495,trivial_move,4,2686931
7.498,flush_begin,0,0
7.512,flush_end,0,2686932
7.528,trivial_move,3,2686931
7.536,trivial_move,4,2686930
7.540,flush_begin,0,0
7.553,flush_end,0,2686930
7.570,trivial_move,3,2686931
7.578,trivial_move,4,2686932
7.581,flush_begin,0,0
7.596,flush_end,0,2686933
7.613,trivial_move,3,2686931
7.621,trivial_move,4,2686930
7.624,flush_begin,0,0
7.638,flush_end,0,2686930
7.655,trivial_move,3,2686930
7.663,trivial_move,4,2686931
7.667,flush_begin,0,0
7.681,flush_end,0,2686931
7.698,trivial_move,3,2686932
7.706,trivial_move,4,2686931
7.710,flush_begin,0,0
7.725,flush_end,0,2686931
7.742,trivial_move,3,2686930
7.750,trivial_move,4,2686931
7.753,flush_begin,0,0
7.767,flush_end,0,2686931
7.784,trivial_move,3,2686932
7.792,trivial_move,4,2686931
7.796,flush_begin,0,0
7.810,flush_end,0,2686931
7.827,trivial_move,3,2686930
7.835,trivial_move,4,2686931
7.838,flush_begin,0,0
7.853,flush_end,0,2686930
7.870,trivial_move,3,2686931
7.878,trivial_move,4,2686930
7.880,flush_begin,0,0
7.896,flush_end,0,2686930
7.911,trivial_move,3,2686931
7.919,trivial_move,4,2686932
7.923,flush_begin,0,0
7.937,flush_end,0,2686931
7.954,trivial_move,3,2686930
7.962,trivial_move,4,2686930
7.965,flush_begin,0,0
7.979,flush_end,0,2686931
7.996,trivial_move,3,2686932
8.004,trivial_move,4,2686932
8.007,flush_begin,0,0
8.020,flush_end,0,2686931
8.037,trivial_move,3,2686930
8.045,trivial_move,4,2686930
8.050,flush_begin,0,0
8.064,flush_end,0,2686931
8.081,trivial_move,3,2686931
8.089,trivial_move,4,2686930
8.092,flush_begin,0,0
8.106,flush_end,0,2686930
8.123,trivial_move,3,2686931
8.131,trivial_move,4,2686932
8.135,flush_begin,0,0
8.149,flush_end,0,2686932
8.166,trivial_move,3,2686931
8.174,trivial_move,4,2686930
8.178,flush_begin,0,0
8.193,flush_end,0,2686930
8.209,trivial_move,3,2686931
8.217,trivial_move,4,2686932
8.220,flush_begin,0,0
8.234,flush_end,0,2686932
8.250,trivial_move,3,2686931
8.258,trivial_move,4,2686930
8.263,flush_begin,0,0
8.277,flush_end,0,2686930
8.294,trivial_move,3,2686930
8.302,trivial_move,4,2686932
8.305,flush_begin,0,0
8.320,flush_end,0,2686931
8.337,trivial_move,3,2686933
8.345,trivial_move,4,2686931
8.348,flush_begin,0,0
8.362,flush_end,0,2686931
8.378,trivial_move,3,2686930
8.386,trivial_move,4,2686931
8.390,flush_begin,0,0
8.404,flush_end,0,2686930
8.421,trivial_move,3,2686932
8.429,trivial_move,4,2686931
8.432,flush_begin,0,0
8.446,flush_end,0,2686932
8.463,trivial_move,3,2686930
8.471,trivial_move,4,2686931
8.475,flush_begin,0,0
8.490,flush_end,0,2686930
8.507,trivial_move,3,2686930
8.515,trivial_move,4,2686930
8.518,flush_begin,0,0
8.532,flush_end,0,2686932
8.549,trivial_move,3,2686932
8.557,trivial_move,4,2686932
8.560,flush_begin,0,0
8.574,flush_end,0,2686931
8.591,trivial_move,3,2686930
8.599,trivial_move,4,2686930
8.602,flush_begin,0,0
8.616,flush_end,0,2686931
8.633,trivial_move,3,2686932
8.641,trivial_move,4,2686931
8.644,flush_begin,0,0
8.658,flush_end,0,2686931
8.675,trivial_move,3,2686930
8.684,trivial_move,4,2686931
8.687,flush_begin,0,0
8.701,flush_end,0,2686931
8.718,trivial_move,3,2686931
8.726,trivial_move,4,2686930
8.730,flush_begin,0,0
8.743,flush_end,0,2686930
8.760,trivial_move,3,2686931
8.768,trivial_move,4,2686932
8.771,flush_begin,0,0
8.786,flush_end,0,2686932
8.803,trivial_move,3,2686931
8.811,trivial_move,4,2686930
8.814,flush_begin,0,0
8.828,flush_end,0,2686930
8.845,trivial_move,3,2686931
8.853,trivial_move,4,2686932
8.856,flush_begin,0,0
8.871,flush_end,0,2686932
8.887,trivial_move,3,2686931
8.895,trivial_move,4,2686930
8.897,flush_begin,0,0
8.908,flush_end,0,2686930
8.924,trivial_move,3,2686930
8.932,trivial_move,4,2686931
8.934,flush_begin,0,0
8.943,flush_end,0,2686930
8.959,trivial_move,3,2686932
8.967,trivial_move,4,2686931
8.968,flush_begin,0,0
8.977,flush_end,0,2686932
8.992,trivial_move,3,2686930
9.000,trivial_move,4,2686931
9.001,flush_begin,0,0
9.011,flush_end,0,2686930
9.027,trivial_move,3,2686931
9.035,trivial_move,4,2686931
9.036,flush_begin,0,0
9.047,flush_end,0,2686932
9.063,trivial_move,3,2686931
9.071,trivial_move,4,2686930
9.072,flush_begin,0,0
9.081,flush_end,0,2686930
9.097,trivial_move,3,2686930
9.105,trivial_move,4,2686930
9.106,flush_begin,0,0
9.116,flush_end,0,2686931
9.132,trivial_move,3,2686932
9.140,trivial_move,4,2686931
9.141,flush_begin,0,0
9.151,flush_end,0,2686931
9.167,trivial_move,3,2686930
9.175,trivial_move,4,2686933
9.176,flush_begin,0,0
9.186,flush_end,0,2686931
9.202,trivial_move,3,2686933
9.210,trivial_move,4,2686931
9.211,flush_begin,0,0
9.220,flush_end,0,2686931
9.236,trivial_move,3,2686930
9.244,trivial_move,4,2686931
9.245,flush_begin,0,0
9.255,flush_end,0,2686931
9.271,trivial_move,3,2686931
9.279,trivial_move,4,2686930
9.280,flush_begin,0,0
9.292,flush_end,0,2686930
9.308,trivial_move,3,2686931
9.316,trivial_move,4,2686932
9.316,flush_begin,0,0
9.326,flush_end,0,2570063
9.344,trivial_move,3,2686931
9.352,trivial_move,4,2686930
9.352,compaction_begin,2,0
9.388,compaction_end,2,5374078
9.405,trivial_move,4,2686932
9.405,compaction_begin,2,0
9.436,compaction_end,2,5374077
9.453,trivial_move,4,2686930
9.453,compaction_begin,2,0
9.483,compaction_end,2,5374079
9.499,trivial_move,4,2686931
9.499,compaction_begin,2,0
9.528,compaction_end,2,5374079
9.545,trivial_move,4,2686931
9.545,compaction_begin,2,0
9.572,compaction_end,2,5374079
9.589,trivial_move,4,2686930
9.589,compaction_begin,2,0
9.617,compaction_end,2,5374079
9.634,trivial_move,4,2686932
9.634,compaction_begin,2,0
9.659,compaction_end,2,5374078
9.677,trivial_move,4,2686930
9.677,compaction_begin,2,0
9.702,compaction_end,2,5374079
9.719,trivial_move,4,2686931
9.719,compaction_begin,2,0
9.745,compaction_end,2,5374080
9.762,trivial_move,4,2686931
9.762,compaction_begin,2,0
9.788,compaction_end,2,5374079
9.806,trivial_move,4,2686931
9.806,compaction_begin,2,0
9.832,compaction_end,2,5374079
9.848,trivial_move,4,2686931
9.849,compaction_begin,2,0
9.874,compaction_end,2,5374078
9.890,trivial_move,4,2686931
9.890,compaction_begin,2,0
9.916,compaction_end,2,5374079
9.932,trivial_move,4,2686930
9.932,compaction_begin,2,0
9.956,compaction_end,2,5374078
9.973,trivial_move,4,2686932
9.973,compaction_begin,2,0
9.999,compaction_end,2,5374079
10.015,trivial_move,4,2686930
10.015,compaction_begin,2,0
10.040,compaction_end,2,5374079
10.057,trivial_move,4,2686933
10.057,compaction_begin,2,0
10.081,compaction_end,2,5374078
10.096,trivial_move,4,2686930
10.096,compaction_begin,2,0
10.119,compaction_end,2,5374079
10.136,trivial_move,4,2686930
10.136,compaction_begin,2,0
10.160,compaction_end,2,5374079
10.177,trivial_move,4,2686932
10.177,compaction_begin,2,0
10.187,compaction_end,2,2570063
10.204,trivial_move,4,2686930
10.213,trivial_move,4,2686932
10.213,compaction_begin,3,0
10.298,compaction_end,3,5374079
10.314,trivial_move,4,2686931
10.314,compaction_begin,3,0
10.398,compaction_end,3,5374079
10.415,trivial_move,4,2686931
10.415,compaction_begin,3,0
10.497,compaction_end,3,5374077
10.514,trivial_move,4,2686930
10.514,compaction_begin,3,0
10.596,compaction_end,3,5374079
10.615,trivial_move,4,2686930
10.615,compaction_begin,3,0
10.697,compaction_end,3,5374079
10.714,trivial_move,4,2686932
10.714,compaction_begin,3,0
10.796,compaction_end,3,5374080
10.813,trivial_move,4,2686931
10.813,compaction_begin,3,0
10.896,compaction_end,3,5374079
10.905,compaction_begin,3,0
10.991,compaction_end,3,5374079
10.999,compaction_begin,3,0
11.084,compaction_end,3,5374079
11.092,compaction_begin,3,0
11.172,compaction_end,3,5374079
11.181,compaction_begin,3,0
11.260,compaction_end,3,5374078
11.269,compaction_begin,3,0
11.348,compaction_end,3,5374079
11.357,compaction_begin,3,0
11.437,compaction_end,3,5374079
11.446,compaction_begin,3,0
11.525,compaction_end,3,5374078
11.534,compaction_begin,3,0
11.613,compaction_end,3,5374079
11.623,compaction_begin,3,0
11.702,compaction_end,3,5374078
11.711,compaction_begin,3,0
11.790,compaction_end,3,5374080
11.798,compaction_begin,3,0
11.876,compaction_end,3,5374079
11.885,compaction_begin,3,0
11.962,compaction_end,3,5374079
11.971,compaction_begin,3,0
12.049,compaction_end,3,5374079
12.057,compaction_begin,3,0
12.134,compaction_end,3,5374078
12.143,compaction_begin,3,0
12.221,compaction_end,3,5374079
12.229,compaction_begin,3,0
12.306,compaction_end,3,5374079
12.314,compaction_begin,3,0
12.390,compaction_end,3,5374079
12.398,compaction_begin,3,0
12.474,compaction_end,3,5374079
12.482,compaction_begin,3,0
12.558,compaction_end,3,5374077
12.567,compaction_begin,3,0
12.642,compaction_end,3,5374078
12.650,compaction_begin,3,0
12.727,compaction_end,3,5374080
12.735,compaction_begin,3,0
12.811,compaction_end,3,5374079
12.819,compaction_begin,3,0
12.895,compaction_end,3,5374079
12.903,compaction_begin,3,0
12.978,compaction_end,3,5374078
12.986,compaction_begin,3,0
13.059,compaction_end,3,5374079
13.068,compaction_begin,3,0
13.142,compaction_end,3,5374079
13.151,compaction_begin,3,0
13.225,compaction_end,3,5374079
13.233,compaction_begin,3,0
13.306,compaction_end,3,5374079
13.315,compaction_begin,3,0
13.390,compaction_end,3,5374078
13.400,compaction_begin,3,0
13.472,compaction_end,3,5374079
13.481,compaction_begin,3,0
13.554,compaction_end,3,5374080
13.562,compaction_begin,3,0
13.636,compaction_end,3,5374078
13.644,compaction_begin,3,0
13.717,compaction_end,3,5374079
13.725,compaction_begin,3,0
13.797,compaction_end,3,5374078
13.805,compaction_begin,3,0
13.877,compaction_end,3,5374079
13.885,compaction_begin,3,0
13.955,compaction_end,3,5374079
13.964,compaction_begin,3,0
14.035,compaction_end,3,5374079
14.044,compaction_begin,3,0
14.114,compaction_end,3,5374079
14.123,compaction_begin,3,0
14.195,compaction_end,3,5374078
14.203,compaction_begin,3,0
14.274,compaction_end,3,5374079
14.282,compaction_begin,3,0
14.352,compaction_end,3,5374079
14.362,compaction_begin,3,0
14.433,compaction_end,3,5374080
14.441,compaction_begin,3,0
14.510,compaction_end,3,5374079
14.518,compaction_begin,3,0
14.587,compaction_end,3,5374077
14.596,compaction_begin,3,0
14.666,compaction_end,3,5374078
14.675,compaction_begin,3,0
14.744,compaction_end,3,5374079
14.752,compaction_begin,3,0
14.820,compaction_end,3,5374079
14.829,compaction_begin,3,0
14.898,compaction_end,3,5374079
14.907,compaction_begin,3,0
14.975,compaction_end,3,5374078
14.983,compaction_begin,3,0
15.052,compaction_end,3,5374079
15.060,compaction_begin,3,0
15.130,compaction_end,3,5374079
15.138,compaction_begin,3,0
15.204,compaction_end,3,5374079
15.213,compaction_begin,3,0
15.280,compaction_end,3,5374080
15.289,compaction_begin,3,0
15.358,compaction_end,3,5374078
15.366,compaction_begin,3,0
15.433,compaction_end,3,5374079
15.442,compaction_begin,3,0
15.508,compaction_end,3,5374079
15.516,compaction_begin,3,0
15.581,compaction_end,3,5374078
15.590,compaction_begin,3,0
15.656,compaction_end,3,5374079
15.664,compaction_begin,3,0
15.729,compaction_end,3,5374078
15.738,compaction_begin,3,0
15.803,compaction_end,3,5374079
15.811,compaction_begin,3,0
15.876,compaction_end,3,5374079
15.885,compaction_begin,3,0
15.949,compaction_end,3,5374079
15.958,compaction_begin,3,0
16.022,compaction_end,3,5374079
16.030,compaction_begin,3,0
16.095,compaction_end,3,5374079
16.103,compaction_begin,3,0
16.167,compaction_end,3,5374079
16.176,compaction_begin,3,0
16.241,compaction_end,3,5374079
16.249,compaction_begin,3,0
16.313,compaction_end,3,5374079
16.321,compaction_begin,3,0
16.383,compaction_end,3,5374079
16.391,compaction_begin,3,0
16.456,compaction_end,3,5374077
16.465,compaction_begin,3,0
16.528,compaction_end,3,5374078
16.536,compaction_begin,3,0
16.598,compaction_end,3,5374079
16.606,compaction_begin,3,0
16.666,compaction_end,3,5374079
16.674,compaction_begin,3,0
16.734,compaction_end,3,5374079
16.744,compaction_begin,3,0
16.803,compaction_end,3,5374078
16.812,compaction_begin,3,0
16.884,compaction_end,3,5374080
16.893,compaction_begin,3,0
16.952,compaction_end,3,5374079
16.961,compaction_begin,3,0
17.020,compaction_end,3,5374079
17.029,compaction_begin,3,0
17.087,compaction_end,3,5374079
17.096,compaction_begin,3,0
17.154,compaction_end,3,5374078
17.163,compaction_begin,3,0
17.220,compaction_end,3,5374079
17.229,compaction_begin,3,0
17.286,compaction_end,3,5374079
17.296,compaction_begin,3,0
17.352,compaction_end,3,5374078
17.361,compaction_begin,3,0
17.417,compaction_end,3,5374079
17.426,compaction_begin,3,0
17.483,compaction_end,3,5374078
17.491,compaction_begin,3,0
17.547,compaction_end,3,5374079
17.557,compaction_begin,3,0
17.612,compaction_end,3,5374081
17.621,compaction_begin,3,0
17.677,compaction_end,3,5374079
17.685,compaction_begin,3,0
17.741,compaction_end,3,5374079
17.749,compaction_begin,3,0
17.806,compaction_end,3,5374078
17.814,compaction_begin,3,0
17.868,compaction_end,3,5374079
17.877,compaction_begin,3,0
17.931,compaction_end,3,5374079
17.940,compaction_begin,3,0
17.994,compaction_end,3,5374079
18.003,compaction_begin,3,0
18.058,compaction_end,3,5374079
18.066,compaction_begin,3,0
18.119,compaction_end,3,5374077
18.127,compaction_begin,3,0
18.180,compaction_end,3,5374078
18.189,compaction_begin,3,0
18.242,compaction_end,3,5374079
18.250,compaction_begin,3,0
18.303,compaction_end,3,5374080
18.311,compaction_begin,3,0
18.365,compaction_end,3,5374079
18.373,compaction_begin,3,0
18.424,compaction_end,3,5374078
18.433,compaction_begin,3,0
18.485,compaction_end,3,5374079
18.493,compaction_begin,3,0
18.545,compaction_end,3,5374079
18.554,compaction_begin,3,0
18.605,compaction_end,3,5374079
18.614,compaction_begin,3,0
18.663,compaction_end,3,5374079
18.672,compaction_begin,3,0
18.722,compaction_end,3,5374078
18.731,compaction_begin,3,0
18.781,compaction_end,3,5374079
18.789,compaction_begin,3,0
18.840,compaction_end,3,5374079
18.848,compaction_begin,3,0
18.897,compaction_end,3,5374078
18.906,compaction_begin,3,0
18.955,compaction_end,3,5374080
18.964,compaction_begin,3,0
19.012,compaction_end,3,5374078
19.021,compaction_begin,3,0
19.070,compaction_end,3,5374079
19.078,compaction_begin,3,0
19.125,compaction_end,3,5374079
19.134,compaction_begin,3,0
19.183,compaction_end,3,5374079
19.191,compaction_begin,3,0
19.238,compaction_end,3,5374079
19.248,compaction_begin,3,0
19.296,compaction_end,3,5374078
19.304,compaction_begin,3,0
19.352,compaction_end,3,5374079
19.360,compaction_begin,3,0
19.407,compaction_end,3,5374079
19.416,compaction_begin,3,0
19.463,compaction_end,3,5374079
19.472,compaction_begin,3,0
19.518,compaction_end,3,5374080
19.527,compaction_begin,3,0
19.574,compaction_end,3,5374077
19.582,compaction_begin,3,0
19.629,compaction_end,3,5374078
19.638,compaction_begin,3,0
19.684,compaction_end,3,5374079
19.693,compaction_begin,3,0
19.738,compaction_end,3,5374079
19.747,compaction_begin,3,0
19.791,compaction_end,3,5374079
19.800,compaction_begin,3,0
19.845,compaction_end,3,5374078
19.853,compaction_begin,3,0
19.897,compaction_end,3,5374079
19.905,compaction_begin,3,0
19.949,compaction_end,3,5374079
19.957,compaction_begin,3,0
20.000,compaction_end,3,5374079
20.009,compaction_begin,3,0
20.052,compaction_end,3,5374079
20.060,compaction_begin,3,0
20.103,compaction_end,3,5374079
20.112,compaction_begin,3,0
20.155,compaction_end,3,5374079
20.164,compaction_begin,3,0
20.207,compaction_end,3,5374079
20.215,compaction_begin,3,0
20.258,compaction_end,3,5374078
20.266,compaction_begin,3,0
20.308,compaction_end,3,5374079
20.316,compaction_begin,3,0
20.357,compaction_end,3,5374078
20.365,compaction_begin,3,0
20.406,compaction_end,3,5374079
20.414,compaction_begin,3,0
20.454,compaction_end,3,5374079
20.462,compaction_begin,3,0
20.502,compaction_end,3,5374079
20.511,compaction_begin,3,0
20.551,compaction_end,3,5374079
20.560,compaction_begin,3,0
20.599,compaction_end,3,5374078
20.608,compaction_begin,3,0
20.649,compaction_end,3,5374080
20.657,compaction_begin,3,0
20.697,compaction_end,3,5374079
20.706,compaction_begin,3,0
20.745,compaction_end,3,5374079
20.753,compaction_begin,3,0
20.791,compaction_end,3,5374079
20.800,compaction_begin,3,0
20.839,compaction_end,3,5374077
20.848,compaction_begin,3,0
20.886,compaction_end,3,5374078
20.895,compaction_begin,3,0
20.932,compaction_end,3,5374079
20.940,compaction_begin,3,0
20.977,compaction_end,3,5374079
20.985,compaction_begin,3,0
21.023,compaction_end,3,5374079
21.031,compaction_begin,3,0
21.067,compaction_end,3,5374078
21.076,compaction_begin,3,0
21.112,compaction_end,3,5374079
21.121,compaction_begin,3,0
21.158,compaction_end,3,5374080
21.166,compaction_begin,3,0
21.203,compaction_end,3,5374079
21.211,compaction_begin,3,0
21.247,compaction_end,3,5374079
21.256,compaction_begin,3,0
21.290,compaction_end,3,5374078
21.299,compaction_begin,3,0
21.333,compaction_end,3,5374079
21.342,compaction_begin,3,0
21.375,compaction_end,3,5374079
21.384,compaction_begin,3,0
21.418,compaction_end,3,5374078
21.427,compaction_begin,3,0
21.461,compaction_end,3,5374079
21.469,compaction_begin,3,0
21.503,compaction_end,3,5374078
21.511,compaction_begin,3,0
21.544,compaction_end,3,5374079
21.553,compaction_begin,3,0
21.587,compaction_end,3,5374079
21.595,compaction_begin,3,0
21.627,compaction_end,3,5374080
21.636,compaction_begin,3,0
21.668,compaction_end,3,5374079
21.676,compaction_begin,3,0
21.708,compaction_end,3,5374078
21.717,compaction_begin,3,0
21.749,compaction_end,3,5374079
21.757,compaction_begin,3,0
21.788,compaction_end,3,5374079
21.796,compaction_begin,3,0
21.827,compaction_end,3,5374079
21.835,compaction_begin,3,0
21.865,compaction_end,3,5374079
21.874,compaction_begin,3,0
21.904,compaction_end,3,5374077
21.914,compaction_begin,3,0
21.946,compaction_end,3,5374078
21.954,compaction_begin,3,0
21.984,compaction_end,3,5374079
21.992,compaction_begin,3,0
22.022,compaction_end,3,5374079
22.030,compaction_begin,3,0
22.060,compaction_end,3,5374080
22.068,compaction_begin,3,0
22.097,compaction_end,3,5374078
22.105,compaction_begin,3,0
22.137,compaction_end,3,7023641
22.146,compaction_begin,3,0
22.175,compaction_end,3,5374083
22.183,compaction_begin,3,0
22.213,compaction_end,3,5374083
22.221,compaction_begin,3,0
22.248,compaction_end,3,5374083
22.257,compaction_begin,3,0
22.285,compaction_end,3,5374084
22.293,compaction_begin,3,0
22.320,compaction_end,3,5374083
22.328,compaction_begin,3,0
22.357,compaction_end,3,5374082
22.365,compaction_begin,3,0
22.391,compaction_end,3,5374083
22.399,compaction_begin,3,0
22.424,compaction_end,3,5374084
22.433,compaction_begin,3,0
22.459,compaction_end,3,5374084
22.467,compaction_begin,3,0
22.493,compaction_end,3,5374083
22.501,compaction_begin,3,0
22.526,compaction_end,3,5374082
22.534,compaction_begin,3,0
22.559,compaction_end,3,5374083
22.567,compaction_begin,3,0
22.590,compaction_end,3,5374083
22.599,compaction_begin,3,0
22.624,compaction_end,3,5374084
22.632,compaction_begin,3,0
22.656,compaction_end,3,5374082
22.664,compaction_begin,3,0
22.688,compaction_end,3,5374083
22.696,compaction_begin,3,0
22.719,compaction_end,3,5374083
22.727,compaction_begin,3,0
22.750,compaction_end,3,5374083
22.758,compaction_begin,3,0
22.772,compaction_end,3,3607587
28.190,flush_begin,0,0
28.336,flush_end,0,2744468
28.345,compaction_begin,2,0
28.817,compaction_end,2,2678488
28.827,compaction_begin,3,0
29.108,compaction_end,3,42992648
29.121,compaction_begin,3,0
29.400,compaction_end,3,42992649
29.411,compaction_begin,3,0
29.587,compaction_end,3,42992653
29.597,compaction_begin,3,0
29.877,compaction_end,3,42992650
29.889,compaction_begin,3,0
30.261,compaction_end,3,42992650
30.272,compaction_begin,3,0
30.584,compaction_end,3,42992648
30.596,compaction_begin,3,0
30.814,compaction_end,3,42992654
30.825,compaction_begin,3,0
31.097,compaction_end,3,42992648
31.107,compaction_begin,3,0
31.402,compaction_end,3,42992650
31.413,compaction_begin,3,0
31.792,compaction_end,3,42992648
31.804,compaction_begin,3,0
32.171,compaction_end,3,42992647
32.180,compaction_begin,3,0
32.511,compaction_end,3,42992647
32.524,compaction_begin,3,0
32.895,compaction_end,3,42992649
32.906,compaction_begin,3,0
33.135,compaction_end,3,42992655
33.146,compaction_begin,3,0
33.366,compaction_end,3,42992654
33.377,compaction_begin,3,0
33.564,compaction_end,3,42992652
33.575,compaction_begin,3,0
33.664,flush_begin,0,0
33.789,flush_end,0,2744127
33.883,compaction_end,3,44642301
33.894,compaction_begin,2,0
34.405,compaction_end,2,2940594
34.421,compaction_begin,3,0
34.730,compaction_end,3,42992652
34.742,compaction_begin,3,0
35.024,compaction_end,3,42992652
35.036,compaction_begin,3,0
35.217,compaction_end,3,42618170
35.228,compaction_begin,3,0
35.515,compaction_end,3,42992651
35.527,compaction_begin,3,0
35.646,compaction_end,3,31515311
35.656,compaction_begin,3,0
35.955,compaction_end,3,42754754
35.963,compaction_begin,3,0
36.159,compaction_end,3,44404453
36.173,compaction_begin,3,0
36.515,compaction_end,3,42992650
36.526,compaction_begin,3,0
36.722,compaction_end,3,42992653
36.733,compaction_begin,3,0
37.116,compaction_end,3,44267906
37.127,compaction_begin,3,0
37.520,compaction_end,3,42992648
37.531,compaction_begin,3,0
37.789,compaction_end,3,42992650
37.799,compaction_begin,3,0
37.978,compaction_end,3,43367080
37.988,compaction_begin,3,0
38.210,compaction_end,3,43367081
38.220,compaction_begin,3,0
38.474,compaction_end,3,42992650
38.485,compaction_begin,3,0
38.870,compaction_end,3,42992648
38.881,compaction_begin,3,0
39.114,flush_begin,0,0
39.238,flush_end,0,2744625
39.258,compaction_end,3,42992652
39.269,compaction_begin,2,0
39.787,compaction_end,2,3132942
39.804,compaction_begin,3,0
40.119,compaction_end,3,42992652
40.133,compaction_begin,3,0
40.419,compaction_end,3,42992652
40.431,compaction_begin,3,0
40.720,compaction_end,3,42992651
40.732,compaction_begin,3,0
40.924,compaction_end,3,43367083
40.932,compaction_begin,3,0
41.234,compaction_end,3,42754754
41.247,compaction_begin,3,0
41.454,compaction_end,3,42992654
41.465,compaction_begin,3,0
41.769,compaction_end,3,42992654
41.778,compaction_begin,3,0
41.975,compaction_end,3,43367080
41.988,compaction_begin,3,0
42.216,compaction_end,3,43367081
42.226,compaction_begin,3,0
42.600,compaction_end,3,42618173
42.611,compaction_begin,3,0
42.868,compaction_end,3,41955150
42.879,compaction_begin,3,0
43.111,compaction_end,3,42618172
43.122,compaction_begin,3,0
43.325,compaction_end,3,43655652
43.336,compaction_begin,3,0
43.516,compaction_end,3,43230496
43.527,compaction_begin,3,0
43.847,compaction_end,3,42992650
43.857,compaction_begin,3,0
44.080,compaction_end,3,42618171
44.091,compaction_begin,3,0
44.487,compaction_end,3,43367079
44.498,compaction_begin,3,0
44.721,flush_begin,0,0
44.846,flush_end,0,2744651
45.025,compaction_end,3,44404454
45.036,compaction_begin,2,0
45.559,compaction_end,2,3208062
45.576,compaction_begin,3,0
45.886,compaction_end,3,42992652
45.898,compaction_begin,3,0
46.089,compaction_end,3,42992653
46.100,compaction_begin,3,0
46.387,compaction_end,3,42992651
46.399,compaction_begin,3,0
46.682,compaction_end,3,42992652
46.694,compaction_begin,3,0
46.986,compaction_end,3,42992654
46.998,compaction_begin,3,0
47.163,compaction_end,3,43230496
47.174,compaction_begin,3,0
47.532,compaction_end,3,45679536
47.543,compaction_begin,3,0
47.914,compaction_end,3,42618173
47.925,compaction_begin,3,0
48.308,compaction_end,3,43367079
48.319,compaction_begin,3,0
48.641,compaction_end,3,42992648
48.652,compaction_begin,3,0
48.893,compaction_end,3,42992655
48.903,compaction_begin,3,0
49.205,compaction_end,3,42754754
49.216,compaction_begin,3,0
49.559,compaction_end,3,42992648
49.570,compaction_begin,3,0
49.956,compaction_end,3,42992648
49.966,compaction_begin,3,0
50.162,flush_begin,0,0
50.287,flush_end,0,2744999
50.452,compaction_end,3,42992651
50.462,compaction_begin,2,0
50.986,compaction_end,2,3399430
51.003,compaction_begin,3,0
51.312,compaction_end,3,42992652
51.324,compaction_begin,3,0
51.613,compaction_end,3,42992651
51.622,compaction_begin,3,0
51.908,compaction_end,3,42992652
51.923,compaction_begin,3,0
52.217,compaction_end,3,42992654
52.228,compaction_begin,3,0
52.526,compaction_end,3,42754754
52.537,compaction_begin,3,0
52.734,compaction_end,3,42992654
52.745,compaction_begin,3,0
53.127,compaction_end,3,42992648
53.138,compaction_begin,3,0
53.323,compaction_end,3,43367083
53.334,compaction_begin,3,0
53.589,compaction_end,3,42992650
53.600,compaction_begin,3,0
53.960,compaction_end,3,42992649
53.972,compaction_begin,3,0
54.149,compaction_end,3,44404453
54.159,compaction_begin,3,0
54.346,compaction_end,3,43655658
54.356,compaction_begin,3,0
54.600,compaction_end,3,42992655
54.611,compaction_begin,3,0
54.990,compaction_end,3,43367079
55.001,compaction_begin,3,0
55.126,compaction_end,3,31515311
55.136,compaction_begin,3,0
55.458,flush_begin,0,0
55.698,flush_end,0,2744458
55.794,compaction_end,3,42992647
55.804,compaction_begin,2,0
56.443,compaction_end,2,3561482
56.460,compaction_begin,3,0
56.835,compaction_end,3,42992652
56.847,compaction_begin,3,0
57.196,compaction_end,3,42992652
57.208,compaction_begin,3,0
57.558,compaction_end,3,42992651
57.570,compaction_begin,3,0
57.821,compaction_end,3,43367081
57.833,compaction_begin,3,0
58.191,compaction_end,3,42992654
58.203,compaction_begin,3,0
58.566,compaction_end,3,42754754
58.578,compaction_begin,3,0
58.781,compaction_end,3,43367083
58.791,compaction_begin,3,0
59.218,compaction_end,3,43367079
59.228,compaction_begin,3,0
59.714,compaction_end,3,42992648
59.725,compaction_begin,3,0
60.033,compaction_end,3,42992650
60.044,compaction_begin,3,0
60.322,compaction_end,3,42992652
60.332,compaction_begin,3,0
60.621,compaction_end,3,42992652
60.632,compaction_begin,3,0
60.937,flush_begin,0,0
61.173,flush_end,0,2744454
61.264,compaction_end,3,42992648
61.274,compaction_begin,2,0
61.912,compaction_end,2,3746533
61.929,compaction_begin,3,0
62.297,compaction_end,3,42992652
62.310,compaction_begin,3,0
62.652,compaction_end,3,42992652
62.664,compaction_begin,3,0
63.013,compaction_end,3,42992651
63.026,compaction_begin,3,0
63.147,compaction_end,3,31515311
63.158,compaction_begin,3,0
63.642,compaction_end,3,44404455
63.653,compaction_begin,3,0
63.859,compaction_end,3,42992653
63.870,compaction_begin,3,0
64.302,compaction_end,3,42992650
64.312,compaction_begin,3,0
64.669,compaction_end,3,42992654
64.681,compaction_begin,3,0
65.176,compaction_end,3,42992648
65.187,compaction_begin,3,0
65.362,compaction_end,3,43367083
65.373,compaction_begin,3,0
65.655,compaction_end,3,42992652
65.665,compaction_begin,3,0
66.158,compaction_end,3,42992648
66.169,compaction_begin,3,0
66.466,flush_begin,0,0
66.706,flush_end,0,2745005
66.870,compaction_end,3,42992649
66.881,compaction_begin,2,0
67.527,compaction_end,2,3923624
67.542,compaction_begin,3,0
67.913,compaction_end,3,42992652
67.925,compaction_begin,3,0
68.277,compaction_end,3,42992651
68.289,compaction_begin,3,0
68.636,compaction_end,3,42992652
68.649,compaction_begin,3,0
68.954,compaction_end,3,45679539
68.965,compaction_begin,3,0
69.324,compaction_end,3,42992654
69.335,compaction_begin,3,0
69.793,compaction_end,3,42992649
69.804,compaction_begin,3,0
69.982,compaction_end,3,43367083
69.993,compaction_begin,3,0
70.254,compaction_end,3,42618172
70.265,compaction_begin,3,0
70.698,compaction_end,3,45305110
70.709,compaction_begin,3,0
71.171,compaction_end,3,42992650
71.181,compaction_begin,3,0
71.546,compaction_end,3,42754754
71.558,compaction_begin,3,0
71.736,compaction_end,3,44267905
71.747,compaction_begin,3,0
71.979,flush_begin,0,0
72.225,flush_end,0,2744334
72.390,compaction_end,3,42992648
72.401,compaction_begin,2,0
73.051,compaction_end,2,3961236
73.070,compaction_begin,3,0
73.449,compaction_end,3,42992652
73.461,compaction_begin,3,0
73.887,compaction_end,3,42992652
73.898,compaction_begin,3,0
74.326,compaction_end,3,42992651
74.338,compaction_begin,3,0
74.559,compaction_end,3,43367083
74.570,compaction_begin,3,0
74.919,compaction_end,3,45305110
74.930,compaction_begin,3,0
75.373,compaction_end,3,42754754
75.384,compaction_begin,3,0
75.747,compaction_end,3,42992654
75.758,compaction_begin,3,0
76.220,compaction_end,3,42992650
76.231,compaction_begin,3,0
76.511,compaction_end,3,42992652
76.522,compaction_begin,3,0
77.046,compaction_end,3,43367078
77.057,compaction_begin,3,0
77.431,flush_begin,0,0
77.796,flush_end,0,2744620
77.960,compaction_end,3,43367079
77.971,compaction_begin,2,0
78.760,compaction_end,2,4203680
78.779,compaction_begin,3,0
79.232,compaction_end,3,42992652
79.244,compaction_begin,3,0
79.666,compaction_end,3,42992652
79.678,compaction_begin,3,0
80.106,compaction_end,3,42992651
80.118,compaction_begin,3,0
80.641,compaction_end,3,43367078
80.651,compaction_begin,3,0
81.089,compaction_end,3,42992654
81.100,compaction_begin,3,0
81.706,compaction_end,3,43367079
81.717,compaction_begin,3,0
82.157,compaction_end,3,42754754
82.168,compaction_begin,3,0
82.745,compaction_end,3,42992650
82.756,compaction_begin,3,0
82.990,flush_begin,0,0
83.355,flush_end,0,2744350
83.518,compaction_end,3,42754754
83.529,compaction_begin,2,0
84.313,compaction_end,2,4466599
84.330,compaction_begin,3,0
84.781,compaction_end,3,42992652
84.794,compaction_begin,3,0
85.220,compaction_end,3,42992651
85.232,compaction_begin,3,0
85.653,compaction_end,3,42992652
85.665,compaction_begin,3,0
86.106,compaction_end,3,42754754
86.114,compaction_begin,3,0
86.412,compaction_end,3,42618172
86.425,compaction_begin,3,0
86.777,compaction_end,3,41955150
86.788,compaction_begin,3,0
87.272,compaction_end,3,42992650
87.283,compaction_begin,3,0
87.603,compaction_end,3,42992653
87.613,compaction_begin,3,0
87.989,compaction_end,3,42992650
88.000,compaction_begin,3,0
88.387,flush_begin,0,0
88.753,flush_end,0,2744837
88.918,compaction_end,3,42992651
88.929,compaction_begin,2,0
89.715,compaction_end,2,4688534
89.733,compaction_begin,3,0
90.184,compaction_end,3,42992652
90.197,compaction_begin,3,0
90.627,compaction_end,3,42992651
90.639,compaction_begin,3,0
91.066,compaction_end,3,42992652
91.078,compaction_begin,3,0
91.524,compaction_end,3,42754754
91.535,compaction_begin,3,0
91.972,compaction_end,3,42992654
91.984,compaction_begin,3,0
92.606,compaction_end,3,42992648
92.617,compaction_begin,3,0
93.218,compaction_end,3,43367079
93.229,compaction_begin,3,0
93.411,compaction_end,3,43367083
93.421,compaction_begin,3,0
93.802,flush_begin,0,0
94.171,flush_end,0,2744468
94.335,compaction_end,3,43367079
94.346,compaction_begin,2,0
95.122,compaction_end,2,4812357
95.139,compaction_begin,3,0
95.588,compaction_end,3,42992652
95.600,compaction_begin,3,0
96.025,compaction_end,3,42992652
96.037,compaction_begin,3,0
96.467,compaction_end,3,42992651
96.475,compaction_begin,3,0
97.074,compaction_end,3,43367079
97.088,compaction_begin,3,0
97.683,compaction_end,3,43655658
97.694,compaction_begin,3,0
98.133,compaction_end,3,42992654
98.146,compaction_begin,3,0
98.381,compaction_end,3,42992653
98.391,compaction_begin,3,0
99.013,compaction_end,3,42992648
99.024,compaction_begin,3,0
99.165,flush_begin,0,0
99.533,flush_end,0,2744586
99.696,compaction_end,3,42618172
99.706,compaction_begin,2,0
100.493,compaction_end,2,4972726
100.509,compaction_begin,3,0
100.954,compaction_end,3,42992652
100.966,compaction_begin,3,0
101.402,compaction_end,3,42992654
101.413,compaction_begin,3,0
101.840,compaction_end,3,42992652
101.851,compaction_begin,3,0
102.284,compaction_end,3,42992651
102.296,compaction_begin,3,0
102.818,compaction_end,3,43367078
102.829,compaction_begin,3,0
103.249,compaction_end,3,42992650
103.257,compaction_begin,3,0
103.505,compaction_end,3,42992652
103.517,compaction_begin,3,0
103.965,compaction_end,3,42754754
103.976,compaction_begin,3,0
104.213,compaction_end,3,42992653
104.224,compaction_begin,3,0
104.476,compaction_end,3,42992653
104.486,compaction_begin,3,0
104.627,flush_begin,0,0
104.990,flush_end,0,2744282
105.153,compaction_end,3,42618172
105.164,compaction_begin,2,0
105.935,compaction_end,2,5092673
105.946,compaction_begin,3,0
106.379,compaction_end,3,42992652
106.391,compaction_begin,3,0
106.822,compaction_end,3,42992651
106.834,compaction_begin,3,0
107.409,compaction_end,3,42992649
107.420,compaction_begin,3,0
107.916,compaction_end,3,42992649
107.927,compaction_begin,3,0
108.364,compaction_end,3,42992652
108.376,compaction_begin,3,0
108.917,compaction_end,3,43367079
108.927,compaction_begin,3,0
109.370,compaction_end,3,42992654
109.381,compaction_begin,3,0
109.826,compaction_end,3,42754754
109.838,compaction_begin,3,0
110.312,flush_begin,0,0
110.677,flush_end,0,2744458
110.860,compaction_end,3,42992648
110.870,compaction_begin,2,0
111.662,compaction_end,2,5244122
111.680,compaction_begin,3,0
112.151,compaction_end,3,42992652
112.164,compaction_begin,3,0
112.593,compaction_end,3,42992651
112.601,compaction_begin,3,0
113.045,compaction_end,3,42754754
113.059,compaction_begin,3,0
113.631,compaction_end,3,42992649
113.642,compaction_begin,3,0
114.069,compaction_end,3,42992652
114.080,compaction_begin,3,0
114.517,compaction_end,3,42992654
114.529,compaction_begin,3,0
114.741,compaction_end,3,43367077
114.752,compaction_begin,3,0
115.031,compaction_end,3,42992649
115.041,compaction_begin,3,0
115.398,compaction_end,3,42992650
115.409,compaction_begin,3,0
115.663,flush_begin,0,0
116.034,flush_end,0,2744609
116.198,compaction_end,3,42992648
116.209,compaction_begin,2,0
116.996,compaction_end,2,5258512
117.013,compaction_begin,3,0
117.465,compaction_end,3,42992652
117.478,compaction_begin,3,0
117.901,compaction_end,3,42992652
117.913,compaction_begin,3,0
118.342,compaction_end,3,42992651
118.355,compaction_begin,3,0
118.668,compaction_end,3,44404451
118.679,compaction_begin,3,0
119.299,compaction_end,3,42992648
119.310,compaction_begin,3,0
119.435,compaction_end,3,32415986
119.445,compaction_begin,3,0
119.881,compaction_end,3,42992654
119.892,compaction_begin,3,0
120.433,compaction_end,3,42992650
120.443,compaction_begin,3,0
121.036,flush_begin,0,0
121.400,flush_end,0,2744600
121.435,compaction_end,3,43367079
121.446,compaction_begin,2,0
122.232,compaction_end,2,5341123
122.249,compaction_begin,3,0
122.718,compaction_end,3,42992652
122.733,compaction_begin,3,0
123.161,compaction_end,3,42992652
123.173,compaction_begin,3,0
123.598,compaction_end,3,42992651
123.610,compaction_begin,3,0
123.822,compaction_end,3,43367077
123.833,compaction_begin,3,0
124.169,compaction_end,3,43367080
124.179,compaction_begin,3,0
124.779,compaction_end,3,43367079
124.789,compaction_begin,3,0
125.229,compaction_end,3,42754754
125.240,compaction_begin,3,0
125.503,compaction_end,3,41955151
125.515,compaction_begin,3,0
125.738,compaction_end,3,43367083
125.749,compaction_begin,3,0
126.289,compaction_end,3,43367079
126.300,compaction_begin,3,0
126.523,flush_begin,0,0
126.887,flush_end,0,2744870
127.031,compaction_end,3,42992650
127.042,compaction_begin,2,0
127.840,compaction_end,2,5352805
127.858,compaction_begin,3,0
128.314,compaction_end,3,42992652
128.327,compaction_begin,3,0
128.561,compaction_end,3,42992653
128.572,compaction_begin,3,0
129.001,compaction_end,3,42992651
129.013,compaction_begin,3,0
129.451,compaction_end,3,42992654
129.462,compaction_begin,3,0
130.046,compaction_end,3,43281145
130.056,compaction_begin,3,0
130.483,compaction_end,3,42992652
130.494,compaction_begin,3,0
131.085,compaction_end,3,43367082
131.096,compaction_begin,3,0
131.537,compaction_end,3,42754754
131.549,compaction_begin,3,0
132.029,flush_begin,0,0
132.397,flush_end,0,2744946
132.551,compaction_end,3,42992648
132.562,compaction_begin,2,0
133.348,compaction_end,2,5361987
133.363,compaction_begin,3,0
133.803,compaction_end,3,42992652
133.811,compaction_begin,3,0
134.244,compaction_end,3,42992651
134.259,compaction_begin,3,0
134.684,compaction_end,3,42992652
134.696,compaction_begin,3,0
135.137,compaction_end,3,42754754
135.148,compaction_begin,3,0
135.583,compaction_end,3,42992654
135.595,compaction_begin,3,0
135.901,compaction_end,3,43367081
135.911,compaction_begin,3,0
136.114,compaction_end,3,43367078
136.125,compaction_begin,3,0
136.308,compaction_end,3,43367083
136.319,compaction_begin,3,0
136.864,compaction_end,3,42992650
136.874,compaction_begin,3,0
137.219,compaction_end,3,43367080
137.230,compaction_begin,3,0
137.501,flush_begin,0,0
137.866,flush_end,0,2744370
138.000,compaction_end,3,43230497
138.011,compaction_begin,2,0
138.811,compaction_end,2,5349118
138.830,compaction_begin,3,0
139.300,compaction_end,3,42992652
139.312,compaction_begin,3,0
139.737,compaction_end,3,42992652
139.749,compaction_begin,3,0
140.192,compaction_end,3,42754754
140.204,compaction_begin,3,0
140.524,compaction_end,3,42992655
140.534,compaction_begin,3,0
140.963,compaction_end,3,42992651
140.975,compaction_begin,3,0
141.553,compaction_end,3,43281145
141.564,compaction_begin,3,0
141.770,compaction_end,3,43367078
141.780,compaction_begin,3,0
141.963,compaction_end,3,43367083
141.974,compaction_begin,3,0
142.490,compaction_end,3,45679536
142.501,compaction_begin,3,0
142.755,compaction_end,3,42992653
142.765,compaction_begin,3,0
143.023,flush_begin,0,0
143.391,flush_end,0,2744671
143.553,compaction_end,3,42992650
143.563,compaction_begin,2,0
144.364,compaction_end,2,5520994
144.382,compaction_begin,3,0
144.845,compaction_end,3,42992652
144.857,compaction_begin,3,0
145.287,compaction_end,3,42992651
145.299,compaction_begin,3,0
145.721,compaction_end,3,42992652
145.733,compaction_begin,3,0
146.117,compaction_end,3,43230497
146.127,compaction_begin,3,0
146.421,compaction_end,3,43367081
146.431,compaction_begin,3,0
146.878,compaction_end,3,42754754
146.890,compaction_begin,3,0
147.114,compaction_end,3,43367083
147.125,compaction_begin,3,0
147.558,compaction_end,3,42992654
147.570,compaction_begin,3,0
148.166,compaction_end,3,43367082
148.177,compaction_begin,3,0
148.638,flush_begin,0,0
149.002,flush_end,0,2744696
149.166,compaction_end,3,42992648
149.178,compaction_begin,2,0
149.968,compaction_end,2,5467353
149.988,compaction_begin,3,0
150.447,compaction_end,3,42992652
150.460,compaction_begin,3,0
150.890,compaction_end,3,42992651
150.902,compaction_begin,3,0
151.424,compaction_end,3,43367078
151.435,compaction_begin,3,0
151.857,compaction_end,3,42992652
151.869,compaction_begin,3,0
152.110,compaction_end,3,42992654
152.121,compaction_begin,3,0
152.564,compaction_end,3,42754754
152.576,compaction_begin,3,0
153.012,compaction_end,3,42992654
153.024,compaction_begin,3,0
153.632,compaction_end,3,43367079
153.643,compaction_begin,3,0
154.104,flush_begin,0,0
154.469,flush_end,0,2744705
154.632,compaction_end,3,42992648
154.643,compaction_begin,2,0
155.440,compaction_end,2,5562733
155.460,compaction_begin,3,0
155.914,compaction_end,3,42992652
155.926,compaction_begin,3,0
156.358,compaction_end,3,42992651
156.370,compaction_begin,3,0
156.809,compaction_end,3,42992654
156.820,compaction_begin,3,0
157.047,compaction_end,3,43367083
157.055,compaction_begin,3,0
157.483,compaction_end,3,42992652
157.498,compaction_begin,3,0
157.942,compaction_end,3,42754754
157.953,compaction_begin,3,0
158.187,compaction_end,3,42992653
158.198,compaction_begin,3,0
158.787,compaction_end,3,43367082
158.798,compaction_begin,3,0
159.103,compaction_end,3,43655654
159.114,compaction_begin,3,0
159.557,flush_begin,0,0
159.924,flush_end,0,2744844
160.091,compaction_end,3,43367079
160.102,compaction_begin,2,0
160.894,compaction_end,2,5579105
160.910,compaction_begin,3,0
161.361,compaction_end,3,42992652
161.373,compaction_begin,3,0
161.803,compaction_end,3,42992651
161.816,compaction_begin,3,0
162.254,compaction_end,3,42992654
162.266,compaction_begin,3,0
162.805,compaction_end,3,42992650
162.815,compaction_begin,3,0
163.157,compaction_end,3,44930720
163.168,compaction_begin,3,0
163.470,compaction_end,3,43655659
163.480,compaction_begin,3,0
163.932,compaction_end,3,42754754
163.944,compaction_begin,3,0
164.538,compaction_end,3,43367082
164.549,compaction_begin,3,0
164.822,flush_begin,0,0
165.190,flush_end,0,2744856
165.353,compaction_end,3,42992652
165.364,compaction_begin,2,0
166.152,compaction_end,2,5820625
166.169,compaction_begin,3,0
166.626,compaction_end,3,42992652
166.639,compaction_begin,3,0
167.071,compaction_end,3,42992652
167.083,compaction_begin,3,0
167.531,compaction_end,3,42754754
167.543,compaction_begin,3,0
167.979,compaction_end,3,42992651
167.991,compaction_begin,3,0
168.431,compaction_end,3,42992654
168.443,compaction_begin,3,0
169.038,compaction_end,3,43367082
169.049,compaction_begin,3,0
169.459,compaction_end,3,42992649
169.468,compaction_begin,3,0
169.887,compaction_end,3,42992650
169.900,compaction_begin,3,0
170.242,flush_begin,0,0
170.606,flush_end,0,2744476
170.750,compaction_end,3,42992648
170.760,compaction_begin,2,0
171.556,compaction_end,2,6009554
171.576,compaction_begin,3,0
172.035,compaction_end,3,42992652
172.048,compaction_begin,3,0
172.483,compaction_end,3,42992651
172.495,compaction_begin,3,0
172.925,compaction_end,3,42992652
172.937,compaction_begin,3,0
173.384,compaction_end,3,42754754
173.396,compaction_begin,3,0
173.693,compaction_end,3,43367080
173.704,compaction_begin,3,0
174.328,compaction_end,3,42992648
174.339,compaction_begin,3,0
174.578,compaction_end,3,42992653
174.589,compaction_begin,3,0
175.204,compaction_end,3,43367079
175.215,compaction_begin,3,0
175.655,compaction_end,3,42992654
175.667,compaction_begin,3,0
175.895,flush_begin,0,0
176.259,flush_end,0,2744492
176.427,compaction_end,3,43230497
176.438,compaction_begin,2,0
177.235,compaction_end,2,6164315
177.254,compaction_begin,3,0
177.710,compaction_end,3,42992652
177.723,compaction_begin,3,0
178.153,compaction_end,3,42992652
178.165,compaction_begin,3,0
178.601,compaction_end,3,42992651
178.610,compaction_begin,3,0
179.032,compaction_end,3,42992650
179.044,compaction_begin,3,0
179.483,compaction_end,3,42992654
179.496,compaction_begin,3,0
180.132,compaction_end,3,42992648
180.143,compaction_begin,3,0
180.444,compaction_end,3,43367080
180.455,compaction_begin,3,0
180.734,compaction_end,3,42618171
180.745,compaction_begin,3,0
181.212,compaction_end,3,42992648
181.223,compaction_begin,3,0
181.511,flush_begin,0,0
181.879,flush_end,0,2744910
182.040,compaction_end,3,42754754
182.052,compaction_begin,2,0
182.854,compaction_end,2,6247487
182.874,compaction_begin,3,0
183.326,compaction_end,3,42992652
183.338,compaction_begin,3,0
183.766,compaction_end,3,42992651
183.778,compaction_begin,3,0
184.203,compaction_end,3,42992652
184.214,compaction_begin,3,0
184.566,compaction_end,3,41955150
184.577,compaction_begin,3,0
185.169,compaction_end,3,43367082
185.180,compaction_begin,3,0
185.354,compaction_end,3,43367078
185.365,compaction_begin,3,0
185.807,compaction_end,3,42754754
185.818,compaction_begin,3,0
186.044,compaction_end,3,43367083
186.055,compaction_begin,3,0
186.390,compaction_end,3,44556335
186.399,compaction_begin,3,0
186.767,flush_begin,0,0
187.132,flush_end,0,2744785
187.209,compaction_end,3,42992654
187.221,compaction_begin,2,0
188.007,compaction_end,2,6177442
188.025,compaction_begin,3,0
188.476,compaction_end,3,42992652
188.489,compaction_begin,3,0
188.913,compaction_end,3,42992652
188.925,compaction_begin,3,0
189.170,compaction_end,3,42992653
189.180,compaction_begin,3,0
189.617,compaction_end,3,42992651
189.630,compaction_begin,3,0
189.982,compaction_end,3,43367082
189.992,compaction_begin,3,0
190.452,compaction_end,3,42754754
190.463,compaction_begin,3,0
191.075,compaction_end,3,43367079
191.085,compaction_begin,3,0
191.292,compaction_end,3,43367078
191.304,compaction_begin,3,0
191.695,compaction_end,3,43230497
191.706,compaction_begin,3,0
192.135,compaction_end,3,43230497
192.146,compaction_begin,3,0
192.313,flush_begin,0,0
192.677,flush_end,0,2744802
192.841,compaction_end,3,43367083
192.851,compaction_begin,2,0
193.650,compaction_end,2,6063412
193.669,compaction_begin,3,0
194.123,compaction_end,3,42992652
194.136,compaction_begin,3,0
194.575,compaction_end,3,42754754
194.586,compaction_begin,3,0
195.014,compaction_end,3,42992651
195.027,compaction_begin,3,0
195.450,compaction_end,3,42992652
195.462,compaction_begin,3,0
195.898,compaction_end,3,42992654
195.910,compaction_begin,3,0
196.501,compaction_end,3,43367082
196.512,compaction_begin,3,0
197.122,compaction_end,3,43367079
197.132,compaction_begin,3,0
197.522,compaction_end,3,42754754
197.532,compaction_begin,3,0
197.657,flush_begin,0,0
198.022,flush_end,0,2744230
198.150,compaction_end,3,42992654
198.161,compaction_begin,2,0
198.961,compaction_end,2,6151732
198.979,compaction_begin,3,0
199.437,compaction_end,3,42992652
199.450,compaction_begin,3,0
199.880,compaction_end,3,42992651
199.892,compaction_begin,3,0
200.319,compaction_end,3,42992652
200.331,compaction_begin,3,0
200.565,compaction_end,3,42992653
200.576,compaction_begin,3,0
200.783,compaction_end,3,43367078
200.794,compaction_begin,3,0
201.237,compaction_end,3,42754754
201.249,compaction_begin,3,0
201.684,compaction_end,3,42992654
201.696,compaction_begin,3,0
202.305,compaction_end,3,43367079
202.316,compaction_begin,3,0
202.683,compaction_end,3,42992650
202.694,compaction_begin,3,0
203.104,compaction_end,3,42992648
203.115,compaction_begin,3,0
203.154,flush_begin,0,0
203.520,flush_end,0,2744496
203.684,compaction_end,3,42906745
203.695,compaction_begin,2,0
204.485,compaction_end,2,6098889
204.503,compaction_begin,3,0
204.955,compaction_end,3,42992652
204.967,compaction_begin,3,0
205.189,compaction_end,3,43367083
205.200,compaction_begin,3,0
205.622,compaction_end,3,42992652
205.630,compaction_begin,3,0
206.060,compaction_end,3,42992651
206.076,compaction_begin,3,0
206.248,compaction_end,3,43367078
206.259,compaction_begin,3,0
206.559,compaction_end,3,43367078
206.569,compaction_begin,3,0
207.091,compaction_end,3,43367078
207.101,compaction_begin,3,0
207.316,compaction_end,3,43367077
207.326,compaction_begin,3,0
207.529,compaction_end,3,43367078
207.540,compaction_begin,3,0
207.909,compaction_end,3,42992650
207.921,compaction_begin,3,0
208.454,compaction_end,3,43367079
208.464,compaction_begin,3,0
208.542,flush_begin,0,0
208.908,flush_end,0,2744833
209.069,compaction_end,3,42992653
209.080,compaction_begin,2,0
209.869,compaction_end,2,6018386
209.888,compaction_begin,3,0
210.338,compaction_end,3,42992652
210.351,compaction_begin,3,0
210.582,compaction_end,3,43367083
210.593,compaction_begin,3,0
211.026,compaction_end,3,42992651
211.038,compaction_begin,3,0
211.463,compaction_end,3,42992652
211.474,compaction_begin,3,0
212.108,compaction_end,3,42992648
212.119,compaction_begin,3,0
212.534,compaction_end,3,42992650
212.544,compaction_begin,3,0
213.071,compaction_end,3,43367078
213.081,compaction_begin,3,0
213.680,compaction_end,3,43367079
213.691,compaction_begin,3,0
213.818,compaction_end,3,32415986
213.828,compaction_begin,3,0
214.055,flush_begin,0,0
214.422,flush_end,0,2744600
214.584,compaction_end,3,43230497
214.594,compaction_begin,2,0
215.388,compaction_end,2,6208673
215.406,compaction_begin,3,0
215.859,compaction_end,3,42992652
215.867,compaction_begin,3,0
216.292,compaction_end,3,42992652
216.307,compaction_begin,3,0
216.744,compaction_end,3,42992651
216.756,compaction_begin,3,0
217.189,compaction_end,3,42992654
217.201,compaction_begin,3,0
217.606,compaction_end,3,42992648
217.616,compaction_begin,3,0
217.963,compaction_end,3,41955150
217.974,compaction_begin,3,0
218.580,compaction_end,3,43281145
218.591,compaction_begin,3,0
218.884,compaction_end,3,43367078
218.895,compaction_begin,3,0
219.226,compaction_end,3,43367080
219.236,compaction_begin,3,0
219.595,flush_begin,0,0
219.958,flush_end,0,2744445
220.116,compaction_end,3,42243694
220.127,compaction_begin,2,0
220.939,compaction_end,2,5983583
220.961,compaction_begin,3,0
221.413,compaction_end,3,42992652
221.425,compaction_begin,3,0
221.852,compaction_end,3,42992652
221.864,compaction_begin,3,0
222.292,compaction_end,3,42992651
222.304,compaction_begin,3,0
222.748,compaction_end,3,42754754
222.760,compaction_begin,3,0
223.192,compaction_end,3,42992654
223.204,compaction_begin,3,0
223.376,compaction_end,3,43367078
223.387,compaction_begin,3,0
223.895,compaction_end,3,42243694
223.906,compaction_begin,3,0
224.242,compaction_end,3,43367080
224.253,compaction_begin,3,0
224.732,compaction_end,3,42992648
224.743,compaction_begin,3,0
225.193,flush_begin,0,0
225.556,flush_end,0,2744503
225.720,compaction_end,3,43367079
225.731,compaction_begin,2,0
226.526,compaction_end,2,5947145
226.544,compaction_begin,3,0
226.996,compaction_end,3,42992652
227.008,compaction_begin,3,0
227.436,compaction_end,3,42992651
227.448,compaction_begin,3,0
227.868,compaction_end,3,42992652
227.880,compaction_begin,3,0
228.324,compaction_end,3,42754754
228.335,compaction_begin,3,0
228.859,compaction_end,3,43367078
228.869,compaction_begin,3,0
229.496,compaction_end,3,42992648
229.507,compaction_begin,3,0
229.890,compaction_end,3,43230497
229.899,compaction_begin,3,0
230.409,flush_begin,0,0
230.773,flush_end,0,2744384
230.908,compaction_end,3,42992648
230.919,compaction_begin,2,0
231.722,compaction_end,2,6243489
231.740,compaction_begin,3,0
232.188,compaction_end,3,42992652
232.201,compaction_begin,3,0
232.630,compaction_end,3,42992651
232.642,compaction_begin,3,0
233.066,compaction_end,3,42992652
233.074,compaction_begin,3,0
233.304,compaction_end,3,42992653
233.317,compaction_begin,3,0
233.934,compaction_end,3,42992648
233.945,compaction_begin,3,0
234.465,compaction_end,3,43367078
234.476,compaction_begin,3,0
234.772,compaction_end,3,43367078
234.783,compaction_begin,3,0
234.964,compaction_end,3,43367083
234.975,compaction_begin,3,0
235.339,compaction_end,3,42992650
235.349,compaction_begin,3,0
235.866,flush_begin,0,0
236.230,flush_end,0,2744735
236.328,compaction_end,3,43367079
236.339,compaction_begin,2,0
237.133,compaction_end,2,6256394
237.152,compaction_begin,3,0
237.604,compaction_end,3,42992652
237.616,compaction_begin,3,0
238.044,compaction_end,3,42992651
238.057,compaction_begin,3,0
238.429,compaction_end,3,42992650
238.440,compaction_begin,3,0
238.879,compaction_end,3,42754754
238.890,compaction_begin,3,0
239.315,compaction_end,3,42992652
239.327,compaction_begin,3,0
239.625,compaction_end,3,43367078
239.637,compaction_begin,3,0
239.919,compaction_end,3,43281147
239.930,compaction_begin,3,0
240.153,compaction_end,3,43367083
240.162,compaction_begin,3,0
240.728,compaction_end,3,42992649
240.742,compaction_begin,3,0
241.249,compaction_end,3,43367081
241.259,compaction_begin,3,0
241.719,flush_begin,0,0
242.082,flush_end,0,2744944
242.243,compaction_end,3,42992648
242.254,compaction_begin,2,0
243.039,compaction_end,2,5748555
243.058,compaction_begin,3,0
243.509,compaction_end,3,42992652
243.521,compaction_begin,3,0
243.954,compaction_end,3,42992654
243.965,compaction_begin,3,0
244.388,compaction_end,3,42992652
244.401,compaction_begin,3,0
244.828,compaction_end,3,42992651
244.840,compaction_begin,3,0
245.284,compaction_end,3,42754754
245.295,compaction_begin,3,0
245.817,compaction_end,3,43367078
245.828,compaction_begin,3,0
246.008,compaction_end,3,43367083
246.019,compaction_begin,3,0
246.626,compaction_end,3,43367079
246.638,compaction_begin,3,0
247.096,flush_begin,0,0
247.459,flush_end,0,2744502
247.624,compaction_end,3,42992648
247.635,compaction_begin,2,0
248.428,compaction_end,2,5855865
248.445,compaction_begin,3,0
248.897,compaction_end,3,42992652
248.909,compaction_begin,3,0
249.336,compaction_end,3,42992651
249.348,compaction_begin,3,0
249.474,compaction_end,3,32415986
249.485,compaction_begin,3,0
249.908,compaction_end,3,42992652
249.919,compaction_begin,3,0
250.211,compaction_end,3,43367080
250.222,compaction_begin,3,0
250.453,compaction_end,3,42992653
250.462,compaction_begin,3,0
250.988,compaction_end,3,43367079
251.001,compaction_begin,3,0
251.377,compaction_end,3,42992650
251.387,compaction_begin,3,0
251.777,compaction_end,3,42754754
251.788,compaction_begin,3,0
252.278,flush_begin,0,0
252.640,flush_end,0,2744895
252.663,compaction_end,3,43367081
252.672,compaction_begin,2,0
253.474,compaction_end,2,5979943
253.502,compaction_begin,3,0
253.962,compaction_end,3,42992652
253.974,compaction_begin,3,0
254.418,compaction_end,3,42992652
254.430,compaction_begin,3,0
254.674,compaction_end,3,42992654
254.684,compaction_begin,3,0
255.120,compaction_end,3,42992651
255.132,compaction_begin,3,0
255.738,compaction_end,3,43367079
255.749,compaction_begin,3,0
255.970,compaction_end,3,43367083
255.980,compaction_begin,3,0
256.463,compaction_end,3,42992650
256.474,compaction_begin,3,0
256.705,compaction_end,3,42992653
256.716,compaction_begin,3,0
257.162,compaction_end,3,42754754
257.170,compaction_begin,3,0
257.663,compaction_end,3,42992649
257.677,compaction_begin,3,0
257.958,flush_begin,0,0
258.319,flush_end,0,2744735
258.496,compaction_end,3,42992654
258.504,compaction_begin,2,0
259.294,compaction_end,2,5696331
259.322,compaction_begin,3,0
259.778,compaction_end,3,42992652
259.791,compaction_begin,3,0
260.242,compaction_end,3,42754754
260.253,compaction_begin,3,0
260.689,compaction_end,3,42992651
260.702,compaction_begin,3,0
260.934,compaction_end,3,43367083
260.946,compaction_begin,3,0
261.554,compaction_end,3,43367079
261.564,compaction_begin,3,0
261.989,compaction_end,3,42992652
262.001,compaction_begin,3,0
262.523,compaction_end,3,43367078
262.533,compaction_begin,3,0
262.765,compaction_end,3,42992653
262.774,compaction_begin,3,0
263.153,flush_begin,0,0
263.518,flush_end,0,2745058
263.585,compaction_end,3,42992654
263.597,compaction_begin,2,0
264.391,compaction_end,2,5972626
264.410,compaction_begin,3,0
264.865,compaction_end,3,42992652
264.878,compaction_begin,3,0
265.466,compaction_end,3,43367082
265.478,compaction_begin,3,0
265.747,compaction_end,3,42618171
265.756,compaction_begin,3,0
266.155,compaction_end,3,42992651
266.165,compaction_begin,3,0
266.595,compaction_end,3,42992651
266.607,compaction_begin,3,0
266.994,compaction_end,3,43230497
267.005,compaction_begin,3,0
267.444,compaction_end,3,42754754
267.456,compaction_begin,3,0
267.883,compaction_end,3,42992652
267.894,compaction_begin,3,0
268.098,compaction_end,3,43367078
268.110,compaction_begin,3,0
268.545,compaction_end,3,42992654
268.557,compaction_begin,3,0
269.039,flush_begin,0,0
269.404,flush_end,0,2744585
269.574,compaction_end,3,42992648
269.585,compaction_begin,2,0
270.369,compaction_end,2,5683389
270.388,compaction_begin,3,0
270.843,compaction_end,3,42992652
270.856,compaction_begin,3,0
271.297,compaction_end,3,42754754
271.309,compaction_begin,3,0
271.737,compaction_end,3,42992652
271.749,compaction_begin,3,0
272.178,compaction_end,3,42992651
272.190,compaction_begin,3,0
272.593,compaction_end,3,42992651
272.603,compaction_begin,3,0
273.208,compaction_end,3,43367079
273.220,compaction_begin,3,0
273.725,compaction_end,3,45305110
273.736,compaction_begin,3,0
274.177,flush_begin,0,0
274.543,flush_end,0,2744427
274.706,compaction_end,3,43367079
274.717,compaction_begin,2,0
275.501,compaction_end,2,5932499
275.520,compaction_begin,3,0
275.971,compaction_end,3,42992652
275.983,compaction_begin,3,0
276.413,compaction_end,3,42992651
276.426,compaction_begin,3,0
276.850,compaction_end,3,42992652
276.862,compaction_begin,3,0
277.302,compaction_end,3,42754754
277.314,compaction_begin,3,0
277.738,compaction_end,3,43230497
277.748,compaction_begin,3,0
277.941,compaction_end,3,42906745
277.951,compaction_begin,3,0
278.370,compaction_end,3,42992650
278.381,compaction_begin,3,0
278.815,compaction_end,3,42992654
278.826,compaction_begin,3,0
279.431,compaction_end,3,43367079
279.442,compaction_begin,3,0
279.790,flush_begin,0,0
280.155,flush_end,0,2744660
280.318,compaction_end,3,43367081
280.328,compaction_begin,2,0
281.088,compaction_end,2,5979471
281.101,compaction_begin,3,0
281.533,compaction_end,3,42992652
281.545,compaction_begin,3,0
281.976,compaction_end,3,42992651
281.988,compaction_begin,3,0
282.412,compaction_end,3,42992652
282.424,compaction_begin,3,0
282.994,compaction_end,3,42992649
283.005,compaction_begin,3,0
283.212,compaction_end,3,43367078
283.224,compaction_begin,3,0
283.677,compaction_end,3,42754754
283.689,compaction_begin,3,0
284.124,compaction_end,3,42992654
284.133,compaction_begin,3,0
284.730,compaction_end,3,43367079
284.744,compaction_begin,3,0
284.962,flush_begin,0,0
285.327,flush_end,0,2744837
285.493,compaction_end,3,42992650
285.504,compaction_begin,2,0
286.299,compaction_end,2,6174037
286.318,compaction_begin,3,0
286.768,compaction_end,3,42992652
286.780,compaction_begin,3,0
287.201,compaction_end,3,42992652
287.213,compaction_begin,3,0
287.422,compaction_end,3,43367077
287.431,compaction_begin,3,0
287.607,compaction_end,3,43367083
287.620,compaction_begin,3,0
288.048,compaction_end,3,42992651
288.061,compaction_begin,3,0
288.418,compaction_end,3,42992650
288.428,compaction_begin,3,0
288.774,compaction_end,3,43367082
288.784,compaction_begin,3,0
289.392,compaction_end,3,43367079
289.403,compaction_begin,3,0
289.767,compaction_end,3,42992650
289.778,compaction_begin,3,0
289.967,compaction_end,3,42906745
289.978,compaction_begin,3,0
290.454,flush_begin,0,0
290.819,flush_end,0,2744314
290.984,compaction_end,3,42992648
290.996,compaction_begin,2,0
291.800,compaction_end,2,6051340
291.822,compaction_begin,3,0
292.276,compaction_end,3,42992652
292.289,compaction_begin,3,0
292.721,compaction_end,3,42992654
292.733,compaction_begin,3,0
293.161,compaction_end,3,42992651
293.173,compaction_begin,3,0
293.597,compaction_end,3,42992652
293.609,compaction_begin,3,0
294.049,compaction_end,3,42754754
294.061,compaction_begin,3,0
294.656,compaction_end,3,43367079
294.667,compaction_begin,3,0
294.879,compaction_end,3,43367077
294.890,compaction_begin,3,0
295.261,compaction_end,3,42992650
295.272,compaction_begin,3,0
295.496,compaction_end,3,43367083
295.507,compaction_begin,3,0
295.634,compaction_end,3,32415986
295.644,compaction_begin,3,0
296.101,flush_begin,0,0
296.469,flush_end,0,2744473
296.633,compaction_end,3,43367079
296.644,compaction_begin,2,0
297.426,compaction_end,2,6040140
297.437,compaction_begin,3,0
297.866,compaction_end,3,42992652
297.880,compaction_begin,3,0
298.314,compaction_end,3,42992652
298.326,compaction_begin,3,0
298.753,compaction_end,3,42992651
298.765,compaction_begin,3,0
299.328,compaction_end,3,42992649
299.339,compaction_begin,3,0
299.954,compaction_end,3,42992648
299.964,compaction_begin,3,0
300.403,compaction_end,3,42754754
300.414,compaction_begin,3,0
300.999,compaction_end,3,43367082
301.010,compaction_begin,3,0
301.366,flush_begin,0,0
301.730,flush_end,0,2744619
301.893,compaction_end,3,42243694
301.904,compaction_begin,2,0
302.700,compaction_end,2,6142900
302.721,compaction_begin,3,0
303.176,compaction_end,3,42992652
303.188,compaction_begin,3,0
303.411,compaction_end,3,43367083
303.422,compaction_begin,3,0
303.848,compaction_end,3,42992652
303.860,compaction_begin,3,0
304.299,compaction_end,3,42754754
304.310,compaction_begin,3,0
304.546,compaction_end,3,42992654
304.556,compaction_begin,3,0
304.984,compaction_end,3,42992651
304.997,compaction_begin,3,0
305.292,compaction_end,3,43367078
305.302,compaction_begin,3,0
305.644,compaction_end,3,43367082
305.655,compaction_begin,3,0
306.036,compaction_end,3,43230497
306.047,compaction_begin,3,0
306.278,compaction_end,3,42992653
306.289,compaction_begin,3,0
306.725,compaction_end,3,42992654
306.736,compaction_begin,3,0
306.916,flush_begin,0,0
307.284,flush_end,0,2744604
307.448,compaction_end,3,43367080
307.458,compaction_begin,2,0
308.246,compaction_end,2,5917786
308.261,compaction_begin,3,0
308.717,compaction_end,3,42992652
308.729,compaction_begin,3,0
309.162,compaction_end,3,42992651
309.174,compaction_begin,3,0
309.598,compaction_end,3,42992652
309.610,compaction_begin,3,0
310.052,compaction_end,3,42992654
310.064,compaction_begin,3,0
310.558,compaction_end,3,43367078
310.569,compaction_begin,3,0
310.842,compaction_end,3,43281147
310.851,compaction_begin,3,0
311.223,compaction_end,3,42992650
311.236,compaction_begin,3,0
311.679,compaction_end,3,42754754
311.691,compaction_begin,3,0
312.074,compaction_end,3,43230497
312.084,compaction_begin,3,0
312.318,flush_begin,0,0
312.684,flush_end,0,2744498
312.844,compaction_end,3,42754754
312.854,compaction_begin,2,0
313.638,compaction_end,2,6122980
313.654,compaction_begin,3,0
314.113,compaction_end,3,42992652
314.126,compaction_begin,3,0
314.551,compaction_end,3,42992652
314.562,compaction_begin,3,0
314.990,compaction_end,3,42992651
315.002,compaction_begin,3,0
315.269,compaction_end,3,42618171
315.280,compaction_begin,3,0
315.504,compaction_end,3,43367083
315.516,compaction_begin,3,0
316.037,compaction_end,3,43367078
316.048,compaction_begin,3,0
316.423,compaction_end,3,42992650
316.434,compaction_begin,3,0
316.741,compaction_end,3,43367081
316.751,compaction_begin,3,0
317.252,compaction_end,3,43367078
317.262,compaction_begin,3,0
317.721,flush_begin,0,0
318.088,flush_end,0,2744810
318.252,compaction_end,3,42992648
318.264,compaction_begin,2,0
319.054,compaction_end,2,6255189
319.072,compaction_begin,3,0
319.523,compaction_end,3,42992652
319.535,compaction_begin,3,0
319.959,compaction_end,3,42992652
319.970,compaction_begin,3,0
320.401,compaction_end,3,42992651
320.413,compaction_begin,3,0
320.620,compaction_end,3,43367078
320.631,compaction_begin,3,0
321.258,compaction_end,3,42992648
321.269,compaction_begin,3,0
321.482,compaction_end,3,43367077
321.493,compaction_begin,3,0
322.077,compaction_end,3,43367082
322.088,compaction_begin,3,0
322.528,compaction_end,3,42992654
322.540,compaction_begin,3,0
322.916,compaction_end,3,42992650
322.927,compaction_begin,3,0
323.214,flush_begin,0,0
323.579,flush_end,0,2744701
323.738,compaction_end,3,42754754
323.746,compaction_begin,2,0
324.548,compaction_end,2,6242543
324.579,compaction_begin,3,0
325.030,compaction_end,3,42992652
325.042,compaction_begin,3,0
325.465,compaction_end,3,42992652
325.477,compaction_begin,3,0
325.906,compaction_end,3,42992651
325.919,compaction_begin,3,0
326.132,compaction_end,3,43367077
326.142,compaction_begin,3,0
326.583,compaction_end,3,42754754
326.594,compaction_begin,3,0
327.033,compaction_end,3,42992654
327.045,compaction_begin,3,0
327.307,compaction_end,3,41955151
327.317,compaction_begin,3,0
327.550,compaction_end,3,42992653
327.562,compaction_begin,3,0
327.952,compaction_end,3,43230497
327.963,compaction_begin,3,0
328.319,compaction_end,3,42992650
328.330,compaction_begin,3,0
328.569,flush_begin,0,0
328.934,flush_end,0,2744452
329.099,compaction_end,3,42992651
329.110,compaction_begin,2,0
329.899,compaction_end,2,6362411
329.915,compaction_begin,3,0
330.358,compaction_end,3,42992652
330.371,compaction_begin,3,0
330.803,compaction_end,3,42992651
330.815,compaction_begin,3,0
331.240,compaction_end,3,42992652
331.252,compaction_begin,3,0
331.695,compaction_end,3,42754754
331.706,compaction_begin,3,0
332.145,compaction_end,3,42992654
332.157,compaction_begin,3,0
332.732,compaction_end,3,42992649
332.743,compaction_begin,3,0
333.347,compaction_end,3,43367079
333.358,compaction_begin,3,0
333.964,flush_begin,0,0
334.329,flush_end,0,2744256
334.346,compaction_end,3,43367079
334.357,compaction_begin,2,0
335.144,compaction_end,2,6482593
335.160,compaction_begin,3,0
335.616,compaction_end,3,42992652
335.629,compaction_begin,3,0
336.052,compaction_end,3,42992652
336.064,compaction_begin,3,0
336.492,compaction_end,3,42992651
336.504,compaction_begin,3,0
336.685,compaction_end,3,43367083
336.695,compaction_begin,3,0
337.134,compaction_end,3,42992654
337.145,compaction_begin,3,0
337.550,compaction_end,3,42992648
337.561,compaction_begin,3,0
338.148,compaction_end,3,43367082
338.159,compaction_begin,3,0
338.772,compaction_end,3,42992648
338.783,compaction_begin,3,0
339.113,compaction_end,3,43367077
339.121,compaction_begin,3,0
339.543,flush_begin,0,0
339.908,flush_end,0,2744796
340.075,compaction_end,3,43281145
340.084,compaction_begin,2,0
340.886,compaction_end,2,6376250
340.910,compaction_begin,3,0
341.354,compaction_end,3,42992652
341.367,compaction_begin,3,0
341.793,compaction_end,3,42992651
341.805,compaction_begin,3,0
342.228,compaction_end,3,42992652
342.239,compaction_begin,3,0
342.677,compaction_end,3,42754754
342.689,compaction_begin,3,0
343.216,compaction_end,3,43367078
343.226,compaction_begin,3,0
343.662,compaction_end,3,42992654
343.674,compaction_begin,3,0
344.068,compaction_end,3,42992651
344.079,compaction_begin,3,0
344.677,compaction_end,3,43367079
344.688,compaction_begin,3,0
344.907,flush_begin,0,0
345.275,flush_end,0,2744631
345.383,compaction_end,3,43367083
345.393,compaction_begin,2,0
346.197,compaction_end,2,6503135
346.213,compaction_begin,3,0
346.651,compaction_end,3,42992652
346.664,compaction_begin,3,0
347.090,compaction_end,3,42992652
347.098,compaction_begin,3,0
347.712,compaction_end,3,43367079
347.727,compaction_begin,3,0
347.957,compaction_end,3,42992653
347.968,compaction_begin,3,0
348.410,compaction_end,3,42992651
348.423,compaction_begin,3,0
348.756,compaction_end,3,43367077
348.767,compaction_begin,3,0
349.063,compaction_end,3,43367078
349.074,compaction_begin,3,0
349.676,compaction_end,3,43367079
349.687,compaction_begin,3,0
350.254,compaction_end,3,42992649
350.265,compaction_begin,3,0
350.550,flush_begin,0,0
350.914,flush_end,0,2744410
351.073,compaction_end,3,42754754
351.084,compaction_begin,2,0
351.895,compaction_end,2,6683892
351.914,compaction_begin,3,0
352.365,compaction_end,3,42992652
352.377,compaction_begin,3,0
352.805,compaction_end,3,42992651
352.817,compaction_begin,3,0
353.252,compaction_end,3,42992654
353.264,compaction_begin,3,0
353.688,compaction_end,3,42992652
353.699,compaction_begin,3,0
353.986,compaction_end,3,43367080
353.996,compaction_begin,3,0
354.433,compaction_end,3,42754754
354.445,compaction_begin,3,0
354.676,compaction_end,3,42992653
354.688,compaction_begin,3,0
354.916,compaction_end,3,43367083
354.927,compaction_begin,3,0
355.204,compaction_end,3,43281147
355.212,compaction_begin,3,0
355.799,compaction_end,3,43367082
355.812,compaction_begin,3,0
355.913,flush_begin,0,0
356.278,flush_end,0,2744698
356.443,compaction_end,3,42992652
356.453,compaction_begin,2,0
357.252,compaction_end,2,6446265
357.271,compaction_begin,3,0
357.723,compaction_end,3,42992652
357.735,compaction_begin,3,0
358.159,compaction_end,3,42992652
358.171,compaction_begin,3,0
358.768,compaction_end,3,43367079
358.779,compaction_begin,3,0
359.207,compaction_end,3,42992651
359.220,compaction_begin,3,0
359.515,compaction_end,3,43367078
359.525,compaction_begin,3,0
360.003,compaction_end,3,42992650
360.013,compaction_begin,3,0
360.615,compaction_end,3,43367082
360.625,compaction_begin,3,0
361.059,compaction_end,3,42992654
361.071,compaction_begin,3,0
361.284,compaction_end,3,43367077
361.295,compaction_begin,3,0
361.514,flush_begin,0,0
361.878,flush_end,0,2744479
362.042,compaction_end,3,42992650
362.053,compaction_begin,2,0
362.855,compaction_end,2,6619826
362.872,compaction_begin,3,0
363.318,compaction_end,3,42992652
363.330,compaction_begin,3,0
363.759,compaction_end,3,42992651
363.771,compaction_begin,3,0
364.194,compaction_end,3,42992652
364.206,compaction_begin,3,0
364.640,compaction_end,3,42992654
364.651,compaction_begin,3,0
364.870,compaction_end,3,43367077
364.880,compaction_begin,3,0
365.299,compaction_end,3,42992650
365.308,compaction_begin,3,0
365.755,compaction_end,3,42754754
365.769,compaction_begin,3,0
366.089,compaction_end,3,43367083
366.099,compaction_begin,3,0
366.705,compaction_end,3,43367079
366.715,compaction_begin,3,0
366.800,flush_begin,0,0
367.163,flush_end,0,2744267
367.324,compaction_end,3,42992654
367.335,compaction_begin,2,0
368.131,compaction_end,2,6701567
368.150,compaction_begin,3,0
368.603,compaction_end,3,42992652
368.616,compaction_begin,3,0
369.040,compaction_end,3,42992652
369.052,compaction_begin,3,0
369.479,compaction_end,3,42992651
369.491,compaction_begin,3,0
369.927,compaction_end,3,42992654
369.939,compaction_begin,3,0
370.224,compaction_end,3,43281147
370.234,compaction_begin,3,0
370.529,compaction_end,3,43367078
370.540,compaction_begin,3,0
370.762,compaction_end,3,43367083
370.773,compaction_begin,3,0
371.213,compaction_end,3,42754754
371.225,compaction_begin,3,0
371.473,compaction_end,3,42992653
371.483,compaction_begin,3,0
372.015,compaction_end,3,42992650
372.026,compaction_begin,3,0
372.153,compaction_end,3,32415986
372.163,compaction_begin,3,0
372.625,flush_begin,0,0
372.990,flush_end,0,2744825
373.154,compaction_end,3,42992648
373.164,compaction_begin,2,0
373.958,compaction_end,2,6568489
373.979,compaction_begin,3,0
374.434,compaction_end,3,42992647
374.447,compaction_begin,3,0
374.872,compaction_end,3,42992651
374.880,compaction_begin,3,0
375.308,compaction_end,3,42992649
375.324,compaction_begin,3,0
375.855,compaction_end,3,43367081
375.863,compaction_begin,3,0
376.296,compaction_end,3,42992650
376.310,compaction_begin,3,0
376.918,compaction_end,3,43367079
376.929,compaction_begin,3,0
377.369,compaction_end,3,42754754
377.381,compaction_begin,3,0
377.702,flush_begin,0,0
378.068,flush_end,0,2744721
378.178,compaction_end,3,43230498
378.186,compaction_begin,2,0
378.977,compaction_end,2,6668532
379.000,compaction_begin,3,0
379.448,compaction_end,3,42992652
379.460,compaction_begin,3,0
379.881,compaction_end,3,42992651
379.893,compaction_begin,3,0
380.320,compaction_end,3,42992650
380.332,compaction_begin,3,0
