t,type,level,bytes
-29.879,flush_begin,0,0
-29.868,flush_end,0,2686930
-29.857,flush_begin,0,0
-29.845,flush_end,0,2686931
-29.836,flush_begin,0,0
-29.826,flush_end,0,2686931
-29.816,flush_begin,0,0
-29.804,flush_end,0,2686931
-29.795,flush_begin,0,0
-29.784,flush_end,0,2686931
-29.775,flush_begin,0,0
-29.764,flush_end,0,2686930
-29.755,flush_begin,0,0
-29.744,flush_end,0,2686932
-29.735,flush_begin,0,0
-29.724,flush_end,0,2686930
-29.714,flush_begin,0,0
-29.703,flush_end,0,2686932
-29.694,flush_begin,0,0
-29.683,flush_end,0,2686930
-29.673,flush_begin,0,0
-29.662,flush_end,0,2686931
-29.652,flush_begin,0,0
-29.640,flush_end,0,2686931
-29.631,flush_begin,0,0
-29.620,flush_end,0,2686930
-29.610,flush_begin,0,0
-29.598,flush_end,0,2686932
-29.589,flush_begin,0,0
-29.578,flush_end,0,2686930
-29.568,flush_begin,0,0
-29.556,flush_end,0,2686931
-29.547,flush_begin,0,0
-29.535,flush_end,0,2686931
-29.526,flush_begin,0,0
-29.514,flush_end,0,2686931
-29.505,flush_begin,0,0
-29.491,flush_end,0,2686931
-29.482,flush_begin,0,0
-29.471,flush_end,0,2686931
-29.461,flush_begin,0,0
-29.450,flush_end,0,2686930
-29.440,flush_begin,0,0
-29.429,flush_end,0,2686933
-29.419,flush_begin,0,0
-29.408,flush_end,0,2686930
-29.398,flush_begin,0,0
-29.384,flush_end,0,2686932
-29.373,flush_begin,0,0
-29.360,flush_end,0,2686930
-29.348,flush_begin,0,0
-29.336,flush_end,0,2686930
-29.325,flush_begin,0,0
-29.312,flush_end,0,2686932
-29.301,flush_begin,0,0
-29.285,flush_end,0,2686930
-29.272,flush_begin,0,0
-29.256,flush_end,0,2686932
-29.244,flush_begin,0,0
-29.230,flush_end,0,2686930
-29.218,flush_begin,0,0
-29.201,flush_end,0,2686931
-29.188,flush_begin,0,0
-29.174,flush_end,0,2686931
-29.162,flush_begin,0,0
-29.145,flush_end,0,2686931
-29.134,flush_begin,0,0
-29.117,flush_end,0,2686931
-29.103,flush_begin,0,0
-29.088,flush_end,0,2686931
-29.076,flush_begin,0,0
-29.060,flush_end,0,2686930
-29.048,flush_begin,0,0
-29.032,flush_end,0,2686932
-29.019,flush_begin,0,0
-29.004,flush_end,0,2686930
-28.990,flush_begin,0,0
-28.972,flush_end,0,2686931
-28.958,flush_begin,0,0
-28.941,flush_end,0,2686931
-28.920,trivial_move,3,2686930
-28.920,flush_begin,0,0
-28.903,flush_end,0,2686930
-28.883,trivial_move,3,2686931
-28.883,flush_begin,0,0
-28.866,flush_end,0,2686932
-28.854,flush_begin,0,0
-28.831,flush_end,0,2686930
-28.809,trivial_move,3,2686931
-28.809,flush_begin,0,0
-28.795,flush_end,0,2686933
-28.779,trivial_move,3,2686931
-28.770,trivial_move,3,2686931
-28.770,flush_begin,0,0
-28.755,flush_end,0,2686930
-28.740,trivial_move,3,2686930
-28.737,flush_begin,0,0
-28.724,flush_end,0,2686931
-28.707,trivial_move,3,2686932
-28.705,flush_begin,0,0
-28.690,flush_end,0,2686931
-28.674,trivial_move,3,2686930
-28.672,flush_begin,0,0
-28.657,flush_end,0,2686931
-28.642,trivial_move,3,2686932
-28.640,flush_begin,0,0
-28.625,flush_end,0,2686931
-28.609,trivial_move,3,2686930
-28.607,flush_begin,0,0
-28.593,flush_end,0,2686930
-28.577,trivial_move,3,2686931
-28.575,flush_begin,0,0
-28.560,flush_end,0,2686930
-28.543,trivial_move,3,2686931
-28.541,flush_begin,0,0
-28.526,flush_end,0,2686931
-28.510,trivial_move,3,2686930
-28.508,flush_begin,0,0
-28.493,flush_end,0,2686931
-28.477,trivial_move,3,2686932
-28.475,flush_begin,0,0
-28.462,flush_end,0,2686931
-28.447,trivial_move,3,2686930
-28.445,flush_begin,0,0
-28.430,flush_end,0,2686931
-28.414,trivial_move,3,2686931
-28.412,flush_begin,0,0
-28.398,flush_end,0,2686930
-28.382,trivial_move,3,2686931
-28.380,flush_begin,0,0
-28.366,flush_end,0,2686932
-28.348,trivial_move,3,2686931
-28.347,flush_begin,0,0
-28.333,flush_end,0,2686930
-28.317,trivial_move,3,2686931
-28.315,flush_begin,0,0
-28.301,flush_end,0,2686932
-28.285,trivial_move,3,2686931
-28.283,flush_begin,0,0
-28.269,flush_end,0,2686930
-28.253,trivial_move,3,2686930
-28.251,flush_begin,0,0
-28.237,flush_end,0,2686931
-28.221,trivial_move,3,2686933
-28.220,flush_begin,0,0
-28.205,flush_end,0,2686931
-28.189,trivial_move,3,2686930
-28.187,flush_begin,0,0
-28.173,flush_end,0,2686930
-28.158,trivial_move,3,2686932
-28.156,flush_begin,0,0
-28.133,flush_end,0,2686932
-28.118,trivial_move,3,2686930
-28.116,flush_begin,0,0
-28.100,flush_end,0,2686930
-28.084,trivial_move,3,2686930
-28.082,flush_begin,0,0
-28.066,flush_end,0,2686932
-28.050,trivial_move,3,2686932
-28.048,flush_begin,0,0
-28.034,flush_end,0,2686931
-28.018,trivial_move,3,2686930
-28.016,flush_begin,0,0
-28.000,flush_end,0,2686931
-27.984,trivial_move,3,2686932
-27.982,flush_begin,0,0
-27.967,flush_end,0,2686931
-27.951,trivial_move,3,2686930
-27.949,flush_begin,0,0
-27.934,flush_end,0,2686931
-27.919,trivial_move,3,2686931
-27.918,flush_begin,0,0
-27.904,flush_end,0,2686930
-27.888,trivial_move,3,2686931
-27.886,flush_begin,0,0
-27.871,flush_end,0,2686932
-27.856,trivial_move,3,2686931
-27.854,flush_begin,0,0
-27.840,flush_end,0,2686930
-27.823,trivial_move,3,2686931
-27.822,flush_begin,0,0
-27.808,flush_end,0,2686932
-27.792,trivial_move,3,2686931
-27.791,flush_begin,0,0
-27.776,flush_end,0,2686930
-27.761,trivial_move,3,2686930
-27.759,flush_begin,0,0
-27.745,flush_end,0,2686930
-27.728,trivial_move,3,2686932
-27.726,flush_begin,0,0
-27.711,flush_end,0,2686932
-27.694,trivial_move,3,2686930
-27.693,flush_begin,0,0
-27.677,flush_end,0,2686930
-27.661,trivial_move,3,2686931
-27.659,flush_begin,0,0
-27.644,flush_end,0,2686932
-27.628,trivial_move,3,2686931
-27.626,flush_begin,0,0
-27.611,flush_end,0,2686930
-27.594,trivial_move,3,2686930
-27.592,flush_begin,0,0
-27.577,flush_end,0,2686931
-27.561,trivial_move,3,2686932
-27.559,flush_begin,0,0
-27.544,flush_end,0,2686931
-27.528,trivial_move,3,2686930
-27.525,flush_begin,0,0
-27.510,flush_end,0,2686931
-27.495,trivial_move,3,2686933
-27.492,flush_begin,0,0
-27.477,flush_end,0,2686931
-27.461,trivial_move,3,2686930
-27.459,flush_begin,0,0
-27.445,flush_end,0,2686931
-27.430,trivial_move,3,2686931
-27.427,flush_begin,0,0
-27.412,flush_end,0,2686930
-27.396,trivial_move,3,2686931
-27.394,flush_begin,0,0
-27.380,flush_end,0,2686933
-27.364,trivial_move,3,2686931
-27.363,flush_begin,0,0
-27.348,flush_end,0,2686930
-27.333,trivial_move,3,2686931
-27.331,flush_begin,0,0
-27.316,flush_end,0,2686931
-27.299,trivial_move,3,2686930
-27.297,flush_begin,0,0
-27.282,flush_end,0,2686931
-27.265,trivial_move,3,2686930
-27.262,flush_begin,0,0
-27.247,flush_end,0,2686930
-27.230,trivial_move,3,2686931
-27.229,flush_begin,0,0
-27.214,flush_end,0,2686932
-27.197,trivial_move,3,2686931
-27.195,flush_begin,0,0
-27.180,flush_end,0,2686930
-27.163,trivial_move,3,2686931
-27.162,flush_begin,0,0
-27.147,flush_end,0,2686932
-27.131,trivial_move,3,2686931
-27.129,flush_begin,0,0
-27.114,flush_end,0,2686930
-27.098,trivial_move,3,2686930
-27.096,flush_begin,0,0
-27.081,flush_end,0,2686931
-27.059,trivial_move,3,2686932
-27.057,flush_begin,0,0
-27.042,flush_end,0,2686931
-27.027,trivial_move,3,2686930
-27.024,flush_begin,0,0
-27.009,flush_end,0,2686931
-26.993,trivial_move,3,2686932
-26.991,flush_begin,0,0
-26.974,flush_end,0,2686931
-26.958,trivial_move,3,2686930
-26.957,flush_begin,0,0
-26.941,flush_end,0,2686930
-26.924,trivial_move,3,2686931
-26.922,flush_begin,0,0
-26.906,flush_end,0,2686930
-26.890,trivial_move,3,2686931
-26.888,flush_begin,0,0
-26.874,flush_end,0,2686931
-26.858,trivial_move,3,2686930
-26.857,flush_begin,0,0
-26.842,flush_end,0,2686931
-26.825,trivial_move,3,2686932
-26.823,flush_begin,0,0
-26.808,flush_end,0,2686931
-26.792,trivial_move,3,2686930
-26.790,flush_begin,0,0
-26.775,flush_end,0,2686931
-26.759,trivial_move,3,2686932
-26.758,flush_begin,0,0
-26.743,flush_end,0,2686930
-26.727,trivial_move,3,2686931
-26.725,flush_begin,0,0
-26.710,flush_end,0,2686932
-26.693,trivial_move,3,2686931
-26.691,flush_begin,0,0
-26.677,flush_end,0,2686930
-26.661,trivial_move,3,2686931
-26.660,flush_begin,0,0
-26.647,flush_end,0,2686933
-26.631,trivial_move,3,2686931
-26.630,flush_begin,0,0
-26.616,flush_end,0,2686930
-26.600,trivial_move,3,2686930
-26.600,flush_begin,0,0
-26.585,flush_end,0,2686931
-26.569,trivial_move,3,2686932
-26.568,flush_begin,0,0
-26.553,flush_end,0,2686931
-26.537,trivial_move,3,2686930
-26.536,flush_begin,0,0
-26.521,flush_end,0,2686930
-26.505,trivial_move,3,2686932
-26.504,flush_begin,0,0
-26.489,flush_end,0,2686932
-26.472,trivial_move,3,2686930
-26.470,flush_begin,0,0
-26.456,flush_end,0,2686930
-26.440,trivial_move,3,2686930
-26.438,flush_begin,0,0
-26.423,flush_end,0,2686931
-26.407,trivial_move,3,2686932
-26.405,flush_begin,0,0
-26.390,flush_end,0,2686931
-26.375,trivial_move,3,2686930
-26.373,flush_begin,0,0
-26.358,flush_end,0,2686931
-26.342,trivial_move,3,2686932
-26.340,flush_begin,0,0
-26.326,flush_end,0,2686931
-26.310,trivial_move,3,2686930
-26.309,flush_begin,0,0
-26.294,flush_end,0,2686931
-26.278,trivial_move,3,2686931
-26.277,flush_begin,0,0
-26.262,flush_end,0,2686930
-26.246,trivial_move,3,2686931
-26.245,flush_begin,0,0
-26.230,flush_end,0,2686932
-26.214,trivial_move,3,2686931
-26.213,flush_begin,0,0
-26.199,flush_end,0,2686930
-26.183,trivial_move,3,2686931
-26.181,flush_begin,0,0
-26.166,flush_end,0,2686932
-26.150,trivial_move,3,2686931
-26.148,flush_begin,0,0
-26.133,flush_end,0,2686930
-26.118,trivial_move,3,2686930
-26.115,flush_begin,0,0
-26.100,flush_end,0,2686930
-26.085,trivial_move,3,2686933
-26.082,flush_begin,0,0
-26.066,flush_end,0,2686932
-26.051,trivial_move,3,2686930
-26.048,flush_begin,0,0
-26.033,flush_end,0,2686930
-26.018,trivial_move,3,2686931
-26.015,flush_begin,0,0
-26.000,flush_end,0,2686932
-25.985,trivial_move,3,2686931
-25.982,flush_begin,0,0
-25.967,flush_end,0,2686930
-25.951,trivial_move,3,2686930
-25.949,flush_begin,0,0
-25.934,flush_end,0,2686932
-25.918,trivial_move,3,2686932
-25.916,flush_begin,0,0
-25.901,flush_end,0,2686931
-25.886,trivial_move,3,2686930
-25.883,flush_begin,0,0
-25.869,flush_end,0,2686931
-25.853,trivial_move,3,2686932
-25.851,flush_begin,0,0
-25.835,flush_end,0,2686931
-25.820,trivial_move,3,2686930
-25.819,flush_begin,0,0
-25.804,flush_end,0,2686931
-25.788,trivial_move,3,2686931
-25.787,flush_begin,0,0
-25.772,flush_end,0,2686930
-25.756,trivial_move,3,2686931
-25.754,flush_begin,0,0
-25.739,flush_end,0,2686932
-25.723,trivial_move,3,2686931
-25.722,flush_begin,0,0
-25.707,flush_end,0,2686930
-25.691,trivial_move,3,2686931
-25.689,flush_begin,0,0
-25.675,flush_end,0,2686931
-25.658,trivial_move,3,2686930
-25.656,flush_begin,0,0
-25.642,flush_end,0,2686931
-25.627,trivial_move,3,2686930
-25.625,flush_begin,0,0
-25.610,flush_end,0,2686930
-25.595,trivial_move,3,2686931
-25.593,flush_begin,0,0
-25.579,flush_end,0,2686932
-25.563,trivial_move,3,2686931
-25.562,flush_begin,0,0
-25.546,flush_end,0,2686930
-25.529,trivial_move,3,2686931
-25.528,flush_begin,0,0
-25.512,flush_end,0,2686932
-25.496,trivial_move,3,2686931
-25.494,flush_begin,0,0
-25.479,flush_end,0,2686930
-25.464,trivial_move,3,2686930
-25.462,flush_begin,0,0
-25.446,flush_end,0,2686931
-25.431,trivial_move,3,2686932
-25.428,flush_begin,0,0
-25.414,flush_end,0,2686931
-25.399,trivial_move,3,2686930
-25.397,flush_begin,0,0
-25.382,flush_end,0,2686931
-25.366,trivial_move,3,2686933
-25.365,flush_begin,0,0
-25.350,flush_end,0,2686931
-25.334,trivial_move,3,2686930
-25.332,flush_begin,0,0
-25.318,flush_end,0,2686930
-25.302,trivial_move,3,2686931
-25.301,flush_begin,0,0
-25.287,flush_end,0,2686930
-25.271,trivial_move,3,2686931
-25.269,flush_begin,0,0
-25.255,flush_end,0,2686931
-25.239,trivial_move,3,2686930
-25.238,flush_begin,0,0
-25.223,flush_end,0,2686932
-25.207,trivial_move,3,2686932
-25.206,flush_begin,0,0
-25.192,flush_end,0,2686931
-25.175,trivial_move,3,2686930
-25.174,flush_begin,0,0
-25.160,flush_end,0,2686931
-25.144,trivial_move,3,2686931
-25.143,flush_begin,0,0
-25.130,flush_end,0,2686930
-25.113,trivial_move,3,2686931
-25.112,flush_begin,0,0
-25.098,flush_end,0,2686932
-25.081,trivial_move,3,2686931
-25.080,flush_begin,0,0
-25.064,flush_end,0,2686930
-25.047,trivial_move,3,2686931
-25.045,flush_begin,0,0
-25.029,flush_end,0,2686932
-25.013,trivial_move,3,2686931
-25.011,flush_begin,0,0
-24.996,flush_end,0,2686930
-24.980,trivial_move,3,2686930
-24.979,flush_begin,0,0
-24.964,flush_end,0,2686931
-24.948,trivial_move,3,2686932
-24.947,flush_begin,0,0
-24.932,flush_end,0,2686931
-24.916,trivial_move,3,2686930
-24.915,flush_begin,0,0
-24.900,flush_end,0,2686930
-24.885,trivial_move,3,2686932
-24.883,flush_begin,0,0
-24.870,flush_end,0,2686932
-24.852,trivial_move,3,2686930
-24.852,flush_begin,0,0
-24.838,flush_end,0,2686930
-24.823,trivial_move,3,2686930
-24.822,flush_begin,0,0
-24.809,flush_end,0,2686931
-24.793,trivial_move,3,2686932
-24.792,flush_begin,0,0
-24.778,flush_end,0,2686931
-24.762,trivial_move,3,2686930
-24.761,flush_begin,0,0
-24.747,flush_end,0,2686931
-24.731,trivial_move,3,2686932
-24.729,flush_begin,0,0
-24.715,flush_end,0,2686931
-24.699,trivial_move,3,2686930
-24.699,flush_begin,0,0
-24.685,flush_end,0,2686931
-24.668,trivial_move,3,2686932
-24.667,flush_begin,0,0
-24.652,flush_end,0,2686930
-24.636,trivial_move,3,2686931
-24.634,flush_begin,0,0
-24.619,flush_end,0,2686932
-24.602,trivial_move,3,2686931
-24.601,flush_begin,0,0
-24.587,flush_end,0,2686930
-24.571,trivial_move,3,2686931
-24.569,flush_begin,0,0
-24.554,flush_end,0,2686933
-24.538,trivial_move,3,2686931
-24.535,flush_begin,0,0
-24.520,flush_end,0,2686930
-24.503,trivial_move,3,2686930
-24.501,flush_begin,0,0
-24.487,flush_end,0,2686930
-24.470,trivial_move,3,2686932
-24.468,flush_begin,0,0
-24.453,flush_end,0,2686932
-24.437,trivial_move,3,2686930
-24.435,flush_begin,0,0
-24.420,flush_end,0,2686930
-24.403,trivial_move,3,2686931
-24.402,flush_begin,0,0
-24.386,flush_end,0,2686932
-24.369,trivial_move,3,2686931
-24.368,flush_begin,0,0
-24.352,flush_end,0,2686930
-24.336,trivial_move,3,2686930
-24.334,flush_begin,0,0
-24.318,flush_end,0,2686931
-24.303,trivial_move,3,2686932
-24.300,flush_begin,0,0
-24.285,flush_end,0,2686931
-24.269,trivial_move,3,2686930
-24.267,flush_begin,0,0
-24.252,flush_end,0,2686931
-24.237,trivial_move,3,2686932
-24.235,flush_begin,0,0
-24.220,flush_end,0,2686931
-24.204,trivial_move,3,2686930
-24.203,flush_begin,0,0
-24.188,flush_end,0,2686931
-24.172,trivial_move,3,2686931
-24.170,flush_begin,0,0
-24.155,flush_end,0,2686930
-24.139,trivial_move,3,2686931
-24.137,flush_begin,0,0
-24.122,flush_end,0,2686932
-24.107,trivial_move,3,2686931
-24.105,flush_begin,0,0
-24.090,flush_end,0,2686930
-24.075,trivial_move,3,2686931
-24.073,flush_begin,0,0
-24.058,flush_end,0,2686931
-24.042,trivial_move,3,2686930
-24.041,flush_begin,0,0
-24.026,flush_end,0,2686931
-24.010,trivial_move,3,2686930
-24.009,flush_begin,0,0
-23.993,flush_end,0,2686930
-23.977,trivial_move,3,2686931
-23.976,flush_begin,0,0
-23.960,flush_end,0,2686932
-23.944,trivial_move,3,2686932
-23.942,flush_begin,0,0
-23.926,flush_end,0,2686930
-23.911,trivial_move,3,2686931
-23.909,flush_begin,0,0
-23.894,flush_end,0,2686932
-23.877,trivial_move,3,2686931
-23.876,flush_begin,0,0
-23.862,flush_end,0,2686930
-23.846,trivial_move,3,2686930
-23.845,flush_begin,0,0
-23.830,flush_end,0,2686932
-23.814,trivial_move,3,2686932
-23.813,flush_begin,0,0
-23.798,flush_end,0,2686931
-23.782,trivial_move,3,2686930
-23.781,flush_begin,0,0
-23.765,flush_end,0,2686931
-23.749,trivial_move,3,2686932
-23.748,flush_begin,0,0
-23.733,flush_end,0,2686931
-23.716,trivial_move,3,2686930
-23.715,flush_begin,0,0
-23.699,flush_end,0,2686930
-23.682,trivial_move,3,2686931
-23.681,flush_begin,0,0
-23.665,flush_end,0,2686930
-23.648,trivial_move,3,2686931
-23.647,flush_begin,0,0
-23.633,flush_end,0,2686931
-23.617,trivial_move,3,2686930
-23.616,flush_begin,0,0
-23.602,flush_end,0,2686931
-23.586,trivial_move,3,2686932
-23.585,flush_begin,0,0
-23.570,flush_end,0,2686931
-23.554,trivial_move,3,2686930
-23.553,flush_begin,0,0
-23.538,flush_end,0,2686931
-23.523,trivial_move,3,2686931
-23.521,flush_begin,0,0
-23.506,flush_end,0,2686930
-23.491,trivial_move,3,2686931
-23.488,flush_begin,0,0
-23.473,flush_end,0,2686932
-23.456,trivial_move,3,2686931
-23.454,flush_begin,0,0
-23.439,flush_end,0,2686930
-23.423,trivial_move,3,2686931
-23.421,flush_begin,0,0
-23.406,flush_end,0,2686932
-23.390,trivial_move,3,2686931
-23.388,flush_begin,0,0
-23.374,flush_end,0,2686930
-23.357,trivial_move,3,2686930
-23.355,flush_begin,0,0
-23.340,flush_end,0,2686931
-23.324,trivial_move,3,2686932
-23.322,flush_begin,0,0
-23.307,flush_end,0,2686931
-23.291,trivial_move,3,2686930
-23.288,flush_begin,0,0
-23.273,flush_end,0,2686930
-23.257,trivial_move,3,2686933
-23.256,flush_begin,0,0
-23.240,flush_end,0,2686932
-23.223,trivial_move,3,2686930
-23.221,flush_begin,0,0
-23.206,flush_end,0,2686930
-23.189,trivial_move,3,2686930
-23.187,flush_begin,0,0
-23.172,flush_end,0,2686931
-23.156,trivial_move,3,2686932
-23.154,flush_begin,0,0
-23.139,flush_end,0,2686931
-23.123,trivial_move,3,2686930
-23.120,flush_begin,0,0
-23.105,flush_end,0,2686933
-23.089,trivial_move,3,2686932
-23.087,flush_begin,0,0
-23.071,flush_end,0,2686931
-23.055,trivial_move,3,2686930
-23.054,flush_begin,0,0
-23.039,flush_end,0,2686931
-23.023,trivial_move,3,2686931
-23.021,flush_begin,0,0
-23.006,flush_end,0,2686930
-22.990,trivial_move,3,2686931
-22.988,flush_begin,0,0
-22.973,flush_end,0,2686932
-22.957,trivial_move,3,2686931
-22.956,flush_begin,0,0
-22.942,flush_end,0,2686930
-22.926,trivial_move,3,2686931
-22.924,flush_begin,0,0
-22.909,flush_end,0,2686932
-22.893,trivial_move,3,2686931
-22.891,flush_begin,0,0
-22.876,flush_end,0,2686930
-22.860,trivial_move,3,2686930
-22.858,flush_begin,0,0
-22.843,flush_end,0,2686930
-22.826,trivial_move,3,2686932
-22.825,flush_begin,0,0
-22.809,flush_end,0,2686932
-22.793,trivial_move,3,2686930
-22.791,flush_begin,0,0
-22.776,flush_end,0,2686930
-22.759,trivial_move,3,2686931
-22.757,flush_begin,0,0
-22.742,flush_end,0,2686932
-22.726,trivial_move,3,2686931
-22.724,flush_begin,0,0
-22.708,flush_end,0,2686930
-22.691,trivial_move,3,2686930
-22.689,flush_begin,0,0
-22.673,flush_end,0,2686931
-22.657,trivial_move,3,2686932
-22.655,flush_begin,0,0
-22.640,flush_end,0,2686931
-22.623,trivial_move,3,2686930
-22.621,flush_begin,0,0
-22.606,flush_end,0,2686931
-22.590,trivial_move,3,2686932
-22.588,flush_begin,0,0
-22.573,flush_end,0,2686931
-22.556,trivial_move,3,2686930
-22.555,flush_begin,0,0
-22.540,flush_end,0,2686931
-22.523,trivial_move,3,2686932
-22.521,flush_begin,0,0
-22.507,flush_end,0,2686930
-22.489,trivial_move,3,2686931
-22.488,flush_begin,0,0
-22.473,flush_end,0,2686932
-22.456,trivial_move,3,2686931
-22.454,flush_begin,0,0
-22.440,flush_end,0,2686930
-22.424,trivial_move,3,2686931
-22.423,flush_begin,0,0
-22.408,flush_end,0,2686931
-22.392,trivial_move,3,2686930
-22.390,flush_begin,0,0
-22.376,flush_end,0,2686932
-22.360,trivial_move,3,2686930
-22.358,flush_begin,0,0
-22.335,flush_end,0,2686930
-22.320,trivial_move,3,2686931
-22.319,flush_begin,0,0
-22.305,flush_end,0,2686932
-22.289,trivial_move,3,2686931
-22.288,flush_begin,0,0
-22.273,flush_end,0,2686930
-22.258,trivial_move,3,2686931
-22.255,flush_begin,0,0
-22.240,flush_end,0,2686932
-22.224,trivial_move,3,2686931
-22.223,flush_begin,0,0
-22.207,flush_end,0,2686930
-22.190,trivial_move,3,2686930
-22.189,flush_begin,0,0
-22.174,flush_end,0,2686931
-22.158,trivial_move,3,2686932
-22.157,flush_begin,0,0
-22.141,flush_end,0,2686931
-22.125,trivial_move,3,2686930
-22.123,flush_begin,0,0
-22.107,flush_end,0,2686931
-22.090,trivial_move,3,2686932
-22.088,flush_begin,0,0
-22.074,flush_end,0,2686931
-22.059,trivial_move,3,2686930
-22.057,flush_begin,0,0
-22.045,flush_end,0,2686930
-22.029,trivial_move,3,2686931
-22.029,flush_begin,0,0
-22.019,flush_end,0,2686930
-22.003,trivial_move,3,2686931
-22.003,flush_begin,0,0
-21.993,flush_end,0,2686931
-21.975,trivial_move,3,2686930
-21.975,flush_begin,0,0
-21.964,flush_end,0,2686931
-21.948,trivial_move,3,2686932
-21.948,flush_begin,0,0
-21.936,flush_end,0,2686931
-21.920,trivial_move,3,2686930
-21.920,flush_begin,0,0
-21.910,flush_end,0,2686931
-21.893,trivial_move,3,2686931
-21.893,flush_begin,0,0
-21.882,flush_end,0,2686930
-21.866,trivial_move,3,2686931
-21.866,flush_begin,0,0
-21.853,flush_end,0,2686932
-21.837,trivial_move,3,2686933
-21.837,flush_begin,0,0
-21.825,flush_end,0,2686930
-21.809,trivial_move,3,2686931
-21.809,flush_begin,0,0
-21.796,flush_end,0,2686932
-21.780,trivial_move,3,2686931
-21.779,flush_begin,0,0
-21.766,flush_end,0,2686930
-21.750,trivial_move,3,2686930
-21.749,flush_begin,0,0
-21.736,flush_end,0,2686932
-21.719,trivial_move,3,2686932
-21.718,flush_begin,0,0
-21.704,flush_end,0,2686931
-21.688,trivial_move,3,2686930
-21.687,flush_begin,0,0
-21.673,flush_end,0,2686930
-21.657,trivial_move,3,2686932
-21.656,flush_begin,0,0
-21.642,flush_end,0,2686932
-21.625,trivial_move,3,2686930
-21.623,flush_begin,0,0
-21.608,flush_end,0,2686930
-21.592,trivial_move,3,2686930
-21.591,flush_begin,0,0
-21.576,flush_end,0,2686931
-21.560,trivial_move,3,2686932
-21.559,flush_begin,0,0
-21.544,flush_end,0,2686931
-21.528,trivial_move,3,2686930
-21.526,flush_begin,0,0
-21.512,flush_end,0,2686931
-21.495,trivial_move,3,2686932
-21.494,flush_begin,0,0
-21.480,flush_end,0,2686931
-21.464,trivial_move,3,2686930
-21.463,flush_begin,0,0
-21.449,flush_end,0,2686931
-21.431,trivial_move,3,2686931
-21.430,flush_begin,0,0
-21.416,flush_end,0,2686930
-21.400,trivial_move,3,2686931
-21.399,flush_begin,0,0
-21.384,flush_end,0,2686932
-21.368,trivial_move,3,2686931
-21.367,flush_begin,0,0
-21.351,flush_end,0,2686930
-21.335,trivial_move,3,2686931
-21.334,flush_begin,0,0
-21.318,flush_end,0,2686932
-21.303,trivial_move,3,2686931
-21.300,flush_begin,0,0
-21.285,flush_end,0,2686930
-21.269,trivial_move,3,2686930
-21.267,flush_begin,0,0
-21.253,flush_end,0,2686930
-21.236,trivial_move,3,2686932
-21.234,flush_begin,0,0
-21.220,flush_end,0,2686932
-21.204,trivial_move,3,2686930
-21.203,flush_begin,0,0
-21.189,flush_end,0,2686930
-21.173,trivial_move,3,2686931
-21.172,flush_begin,0,0
-21.157,flush_end,0,2686932
-21.141,trivial_move,3,2686932
-21.140,flush_begin,0,0
-21.125,flush_end,0,2686930
-21.109,trivial_move,3,2686930
-21.107,flush_begin,0,0
-21.092,flush_end,0,2686931
-21.075,trivial_move,3,2686932
-21.073,flush_begin,0,0
-21.059,flush_end,0,2686931
-21.043,trivial_move,3,2686930
-21.042,flush_begin,0,0
-21.029,flush_end,0,2686932
-21.013,trivial_move,3,2686932
-21.012,flush_begin,0,0
-20.999,flush_end,0,2686931
-20.982,trivial_move,3,2686930
-20.981,flush_begin,0,0
-20.968,flush_end,0,2686931
-20.952,trivial_move,3,2686931
-20.951,flush_begin,0,0
-20.938,flush_end,0,2686930
-20.922,trivial_move,3,2686931
-20.921,flush_begin,0,0
-20.907,flush_end,0,2686932
-20.890,trivial_move,3,2686931
-20.889,flush_begin,0,0
-20.875,flush_end,0,2686930
-20.859,trivial_move,3,2686931
-20.858,flush_begin,0,0
-20.843,flush_end,0,2686931
-20.827,trivial_move,3,2686930
-20.826,flush_begin,0,0
-20.810,flush_end,0,2686931
-20.794,trivial_move,3,2686930
-20.792,flush_begin,0,0
-20.776,flush_end,0,2686930
-20.760,trivial_move,3,2686931
-20.758,flush_begin,0,0
-20.743,flush_end,0,2686932
-20.727,trivial_move,3,2686931
-20.725,flush_begin,0,0
-20.709,flush_end,0,2686930
-20.693,trivial_move,3,2686931
-20.691,flush_begin,0,0
-20.675,flush_end,0,2686932
-20.659,trivial_move,3,2686931
-20.657,flush_begin,0,0
-20.642,flush_end,0,2686930
-20.626,trivial_move,3,2686930
-20.623,flush_begin,0,0
-20.608,flush_end,0,2686931
-20.591,trivial_move,3,2686932
-20.589,flush_begin,0,0
-20.573,flush_end,0,2686931
-20.558,trivial_move,3,2686930
-20.555,flush_begin,0,0
-20.540,flush_end,0,2686931
-20.523,trivial_move,3,2686932
-20.521,flush_begin,0,0
-20.505,flush_end,0,2686931
-20.489,trivial_move,3,2686930
-20.487,flush_begin,0,0
-20.473,flush_end,0,2686930
-20.457,trivial_move,3,2686932
-20.456,flush_begin,0,0
-20.441,flush_end,0,2686930
-20.425,trivial_move,3,2686931
-20.423,flush_begin,0,0
-20.409,flush_end,0,2686931
-20.394,trivial_move,3,2686930
-20.392,flush_begin,0,0
-20.377,flush_end,0,2686931
-20.361,trivial_move,3,2686932
-20.359,flush_begin,0,0
-20.344,flush_end,0,2686931
-20.327,trivial_move,3,2686930
-20.327,flush_begin,0,0
-20.311,flush_end,0,2686932
-20.295,trivial_move,3,2686931
-20.293,flush_begin,0,0
-20.278,flush_end,0,2686930
-20.262,trivial_move,3,2686931
-20.260,flush_begin,0,0
-20.245,flush_end,0,2686932
-20.229,trivial_move,3,2686931
-20.228,flush_begin,0,0
-20.213,flush_end,0,2686930
-20.197,trivial_move,3,2686931
-20.196,flush_begin,0,0
-20.181,flush_end,0,2686932
-20.165,trivial_move,3,2686931
-20.164,flush_begin,0,0
-20.149,flush_end,0,2686930
-20.133,trivial_move,3,2686930
-20.132,flush_begin,0,0
-20.117,flush_end,0,2686931
-20.100,trivial_move,3,2686932
-20.098,flush_begin,0,0
-20.083,flush_end,0,2686931
-20.067,trivial_move,3,2686930
-20.065,flush_begin,0,0
-20.050,flush_end,0,2686930
-20.034,trivial_move,3,2686932
-20.032,flush_begin,0,0
-20.017,flush_end,0,2686932
-20.001,trivial_move,3,2686930
-19.999,flush_begin,0,0
-19.984,flush_end,0,2686930
-19.968,trivial_move,3,2686930
-19.966,flush_begin,0,0
-19.951,flush_end,0,2686931
-19.935,trivial_move,3,2686932
-19.933,flush_begin,0,0
-19.918,flush_end,0,2686931
-19.902,trivial_move,3,2686930
-19.900,flush_begin,0,0
-19.886,flush_end,0,2686931
-19.871,trivial_move,3,2686932
-19.869,flush_begin,0,0
-19.855,flush_end,0,2686931
-19.839,trivial_move,3,2686930
-19.838,flush_begin,0,0
-19.824,flush_end,0,2686931
-19.808,trivial_move,3,2686931
-19.806,flush_begin,0,0
-19.792,flush_end,0,2686930
-19.776,trivial_move,3,2686931
-19.775,flush_begin,0,0
-19.761,flush_end,0,2686932
-19.745,trivial_move,3,2686932
-19.744,flush_begin,0,0
-19.728,flush_end,0,2686930
-19.712,trivial_move,3,2686931
-19.710,flush_begin,0,0
-19.696,flush_end,0,2686932
-19.680,trivial_move,3,2686931
-19.679,flush_begin,0,0
-19.664,flush_end,0,2686930
-19.648,trivial_move,3,2686930
-19.647,flush_begin,0,0
-19.632,flush_end,0,2686930
-19.616,trivial_move,3,2686932
-19.614,flush_begin,0,0
-19.599,flush_end,0,2686933
-19.582,trivial_move,3,2686930
-19.580,flush_begin,0,0
-19.565,flush_end,0,2686930
-19.549,trivial_move,3,2686931
-19.547,flush_begin,0,0
-19.532,flush_end,0,2686932
-19.510,trivial_move,3,2686931
-19.507,flush_begin,0,0
-19.490,flush_end,0,2686930
-19.473,trivial_move,3,2686930
-19.473,flush_begin,0,0
-19.457,flush_end,0,2686931
-19.440,trivial_move,3,2686932
-19.439,flush_begin,0,0
-19.423,flush_end,0,2686931
-19.407,trivial_move,3,2686930
-19.407,flush_begin,0,0
-19.391,flush_end,0,2686931
-19.371,trivial_move,3,2686932
-19.370,flush_begin,0,0
-19.346,flush_end,0,2686931
-19.328,trivial_move,3,2686930
-19.327,flush_begin,0,0
-19.311,flush_end,0,2686931
-19.295,trivial_move,3,2686931
-19.293,flush_begin,0,0
-19.278,flush_end,0,2686930
-19.261,trivial_move,3,2686931
-19.259,flush_begin,0,0
-19.244,flush_end,0,2686932
-19.227,trivial_move,3,2686931
-19.225,flush_begin,0,0
-19.210,flush_end,0,2686930
-19.194,trivial_move,3,2686931
-19.192,flush_begin,0,0
-19.177,flush_end,0,2686931
-19.161,trivial_move,3,2686930
-19.159,flush_begin,0,0
-19.144,flush_end,0,2686931
-19.128,trivial_move,3,2686930
-19.127,flush_begin,0,0
-19.112,flush_end,0,2686930
-19.095,trivial_move,3,2686931
-19.093,flush_begin,0,0
-19.078,flush_end,0,2686932
-19.061,trivial_move,3,2686931
-19.060,flush_begin,0,0
-19.046,flush_end,0,2686930
-19.030,trivial_move,3,2686931
-19.029,flush_begin,0,0
-19.015,flush_end,0,2686932
-18.999,trivial_move,3,2686932
-18.997,flush_begin,0,0
-18.983,flush_end,0,2686930
-18.967,trivial_move,3,2686930
-18.966,flush_begin,0,0
-18.951,flush_end,0,2686931
-18.934,trivial_move,3,2686932
-18.932,flush_begin,0,0
-18.918,flush_end,0,2686931
-18.901,trivial_move,3,2686930
-18.900,flush_begin,0,0
-18.886,flush_end,0,2686932
-18.870,trivial_move,3,2686932
-18.868,flush_begin,0,0
-18.854,flush_end,0,2686931
-18.838,trivial_move,3,2686930
-18.837,flush_begin,0,0
-18.823,flush_end,0,2686930
-18.806,trivial_move,3,2686931
-18.805,flush_begin,0,0
-18.790,flush_end,0,2686930
-18.774,trivial_move,3,2686931
-18.773,flush_begin,0,0
-18.758,flush_end,0,2686931
-18.741,trivial_move,3,2686930
-18.740,flush_begin,0,0
-18.726,flush_end,0,2686931
-18.709,trivial_move,3,2686932
-18.707,flush_begin,0,0
-18.692,flush_end,0,2686931
-18.675,trivial_move,3,2686930
-18.673,flush_begin,0,0
-18.658,flush_end,0,2686931
-18.642,trivial_move,3,2686931
-18.640,flush_begin,0,0
-18.626,flush_end,0,2686930
-18.610,trivial_move,3,2686931
-18.608,flush_begin,0,0
-18.593,flush_end,0,2686932
-18.576,trivial_move,3,2686931
-18.573,flush_begin,0,0
-18.557,flush_end,0,2686930
-18.541,trivial_move,3,2686931
-18.539,flush_begin,0,0
-18.524,flush_end,0,2686932
-18.508,trivial_move,3,2686931
-18.506,flush_begin,0,0
-18.491,flush_end,0,2686930
-18.475,trivial_move,3,2686930
-18.474,flush_begin,0,0
-18.459,flush_end,0,2686931
-18.442,trivial_move,3,2686932
-18.441,flush_begin,0,0
-18.427,flush_end,0,2686931
-18.411,trivial_move,3,2686930
-18.410,flush_begin,0,0
-18.395,flush_end,0,2686930
-18.379,trivial_move,3,2686932
-18.377,flush_begin,0,0
-18.362,flush_end,0,2686932
-18.346,trivial_move,3,2686930
-18.345,flush_begin,0,0
-18.329,flush_end,0,2686930
-18.312,trivial_move,3,2686930
-18.310,flush_begin,0,0
-18.295,flush_end,0,2686931
-18.279,trivial_move,3,2686933
-18.278,flush_begin,0,0
-18.264,flush_end,0,2686931
-18.246,trivial_move,3,2686930
-18.245,flush_begin,0,0
-18.231,flush_end,0,2686931
-18.215,trivial_move,3,2686932
-18.214,flush_begin,0,0
-18.199,flush_end,0,2686931
-18.182,trivial_move,3,2686930
-18.181,flush_begin,0,0
-18.166,flush_end,0,2686932
-18.150,trivial_move,3,2686931
-18.149,flush_begin,0,0
-18.134,flush_end,0,2686930
-18.118,trivial_move,3,2686931
-18.117,flush_begin,0,0
-18.102,flush_end,0,2686932
-18.086,trivial_move,3,2686931
-18.084,flush_begin,0,0
-18.069,flush_end,0,2686930
-18.053,trivial_move,3,2686931
-18.051,flush_begin,0,0
-18.036,flush_end,0,2686932
-18.020,trivial_move,3,2686931
-18.019,flush_begin,0,0
-18.004,flush_end,0,2686930
-17.988,trivial_move,3,2686930
-17.986,flush_begin,0,0
-17.972,flush_end,0,2686930
-17.956,trivial_move,3,2686932
-17.954,flush_begin,0,0
-17.940,flush_end,0,2686932
-17.924,trivial_move,3,2686930
-17.923,flush_begin,0,0
-17.909,flush_end,0,2686930
-17.893,trivial_move,3,2686931
-17.891,flush_begin,0,0
-17.877,flush_end,0,2686932
-17.861,trivial_move,3,2686931
-17.860,flush_begin,0,0
-17.844,flush_end,0,2686930
-17.828,trivial_move,3,2686930
-17.827,flush_begin,0,0
-17.812,flush_end,0,2686931
-17.796,trivial_move,3,2686932
-17.794,flush_begin,0,0
-17.780,flush_end,0,2686931
-17.764,trivial_move,3,2686930
-17.762,flush_begin,0,0
-17.747,flush_end,0,2686931
-17.730,trivial_move,3,2686932
-17.729,flush_begin,0,0
-17.715,flush_end,0,2686931
-17.699,trivial_move,3,2686930
-17.698,flush_begin,0,0
-17.684,flush_end,0,2686931
-17.668,trivial_move,3,2686931
-17.667,flush_begin,0,0
-17.653,flush_end,0,2686930
-17.637,trivial_move,3,2686931
-17.635,flush_begin,0,0
-17.621,flush_end,0,2686932
-17.605,trivial_move,3,2686932
-17.603,flush_begin,0,0
-17.588,flush_end,0,2686930
-17.572,trivial_move,3,2686931
-17.570,flush_begin,0,0
-17.556,flush_end,0,2686931
-17.540,trivial_move,3,2686930
-17.538,flush_begin,0,0
-17.524,flush_end,0,2686931
-17.508,trivial_move,3,2686930
-17.507,flush_begin,0,0
-17.492,flush_end,0,2686930
-17.478,trivial_move,3,2686931
-17.475,flush_begin,0,0
-17.461,flush_end,0,2686933
-17.445,trivial_move,3,2686931
-17.444,flush_begin,0,0
-17.429,flush_end,0,2686930
-17.413,trivial_move,3,2686931
-17.412,flush_begin,0,0
-17.398,flush_end,0,2686932
-17.381,trivial_move,3,2686931
-17.380,flush_begin,0,0
-17.365,flush_end,0,2686930
-17.349,trivial_move,3,2686930
-17.347,flush_begin,0,0
-17.332,flush_end,0,2686931
-17.316,trivial_move,3,2686932
-17.314,flush_begin,0,0
-17.300,flush_end,0,2686931
-17.283,trivial_move,3,2686930
-17.282,flush_begin,0,0
-17.267,flush_end,0,2686931
-17.251,trivial_move,3,2686932
-17.250,flush_begin,0,0
-17.235,flush_end,0,2686931
-17.219,trivial_move,3,2686930
-17.218,flush_begin,0,0
-17.204,flush_end,0,2686930
-17.188,trivial_move,3,2686931
-17.187,flush_begin,0,0
-17.172,flush_end,0,2686930
-17.156,trivial_move,3,2686931
-17.154,flush_begin,0,0
-17.139,flush_end,0,2686931
-17.123,trivial_move,3,2686930
-17.121,flush_begin,0,0
-17.106,flush_end,0,2686931
-17.089,trivial_move,3,2686932
-17.088,flush_begin,0,0
-17.073,flush_end,0,2686931
-17.057,trivial_move,3,2686930
-17.055,flush_begin,0,0
-17.039,flush_end,0,2686931
-17.022,trivial_move,3,2686931
-17.020,flush_begin,0,0
-17.004,flush_end,0,2686930
-16.987,trivial_move,3,2686931
-16.985,flush_begin,0,0
-16.971,flush_end,0,2686932
-16.954,trivial_move,3,2686931
-16.952,flush_begin,0,0
-16.937,flush_end,0,2686930
-16.919,trivial_move,3,2686931
-16.917,flush_begin,0,0
-16.901,flush_end,0,2686932
-16.884,trivial_move,3,2686932
-16.882,flush_begin,0,0
-16.866,flush_end,0,2686930
-16.849,trivial_move,3,2686930
-16.847,flush_begin,0,0
-16.832,flush_end,0,2686931
-16.815,trivial_move,3,2686932
-16.813,flush_begin,0,0
-16.798,flush_end,0,2686931
-16.781,trivial_move,3,2686930
-16.779,flush_begin,0,0
-16.764,flush_end,0,2686930
-16.748,trivial_move,3,2686932
-16.746,flush_begin,0,0
-16.732,flush_end,0,2686933
-16.716,trivial_move,3,2686930
-16.714,flush_begin,0,0
-16.699,flush_end,0,2686930
-16.683,trivial_move,3,2686930
-16.680,flush_begin,0,0
-16.666,flush_end,0,2686931
-16.648,trivial_move,3,2686932
-16.646,flush_begin,0,0
-16.631,flush_end,0,2686931
-16.615,trivial_move,3,2686930
-16.614,flush_begin,0,0
-16.598,flush_end,0,2686931
-16.582,trivial_move,3,2686932
-16.581,flush_begin,0,0
-16.566,flush_end,0,2686931
-16.550,trivial_move,3,2686930
-16.548,flush_begin,0,0
-16.534,flush_end,0,2686931
-16.518,trivial_move,3,2686931
-16.516,flush_begin,0,0
-16.501,flush_end,0,2686930
-16.482,trivial_move,3,2686931
-16.480,flush_begin,0,0
-16.465,flush_end,0,2686932
-16.448,trivial_move,3,2686931
-16.447,flush_begin,0,0
-16.433,flush_end,0,2686930
-16.417,trivial_move,3,2686931
-16.416,flush_begin,0,0
-16.401,flush_end,0,2686932
-16.386,trivial_move,3,2686931
-16.384,flush_begin,0,0
-16.370,flush_end,0,2686930
-16.354,trivial_move,3,2686930
-16.352,flush_begin,0,0
-16.338,flush_end,0,2686930
-16.322,trivial_move,3,2686932
-16.321,flush_begin,0,0
-16.307,flush_end,0,2686932
-16.291,trivial_move,3,2686930
-16.289,flush_begin,0,0
-16.275,flush_end,0,2686930
-16.259,trivial_move,3,2686931
-16.258,flush_begin,0,0
-16.244,flush_end,0,2686932
-16.228,trivial_move,3,2686931
-16.226,flush_begin,0,0
-16.212,flush_end,0,2686930
-16.196,trivial_move,3,2686930
-16.188,trivial_move,4,2686930
-16.188,flush_begin,0,0
-16.173,flush_end,0,2686931
-16.156,trivial_move,3,2686933
-16.148,trivial_move,4,2686931
-16.147,flush_begin,0,0
-16.131,flush_end,0,2686931
-16.114,trivial_move,3,2686930
-16.106,trivial_move,4,2686931
-16.105,flush_begin,0,0
-16.089,flush_end,0,2686931
-16.073,trivial_move,3,2686932
-16.065,trivial_move,4,2686931
-16.064,flush_begin,0,0
-16.047,flush_end,0,2686931
-16.030,trivial_move,3,2686930
-16.022,trivial_move,4,2686931
-16.021,flush_begin,0,0
-16.005,flush_end,0,2686933
-15.989,trivial_move,3,2686931
-15.981,trivial_move,4,2686930
-15.980,flush_begin,0,0
-15.963,flush_end,0,2686930
-15.946,trivial_move,3,2686931
-15.938,trivial_move,4,2686932
-15.937,flush_begin,0,0
-15.919,flush_end,0,2686932
-15.902,trivial_move,3,2686931
-15.894,trivial_move,4,2686930
-15.892,flush_begin,0,0
-15.875,flush_end,0,2686930
-15.857,trivial_move,3,2686931
-15.849,trivial_move,4,2686932
-15.847,flush_begin,0,0
-15.828,flush_end,0,2686931
-15.812,trivial_move,3,2686930
-15.804,trivial_move,4,2686930
-15.802,flush_begin,0,0
-15.785,flush_end,0,2686931
-15.769,trivial_move,3,2686930
-15.761,trivial_move,4,2686931
-15.759,flush_begin,0,0
-15.742,flush_end,0,2686930
-15.725,trivial_move,3,2686931
-15.717,trivial_move,4,2686931
-15.716,flush_begin,0,0
-15.699,flush_end,0,2686932
-15.681,trivial_move,3,2686931
-15.673,trivial_move,4,2686930
-15.673,flush_begin,0,0
-15.654,flush_end,0,2686930
-15.637,trivial_move,3,2686931
-15.629,trivial_move,4,2686932
-15.629,flush_begin,0,0
-15.610,flush_end,0,2686932
-15.593,trivial_move,3,2686931
-15.585,trivial_move,4,2686930
-15.585,flush_begin,0,0
-15.566,flush_end,0,2686930
-15.550,trivial_move,3,2686930
-15.542,trivial_move,4,2686931
-15.542,flush_begin,0,0
-15.522,flush_end,0,2686931
-15.506,trivial_move,3,2686932
-15.498,trivial_move,4,2686931
-15.497,flush_begin,0,0
-15.478,flush_end,0,2686931
-15.461,trivial_move,3,2686930
-15.453,trivial_move,4,2686931
-15.452,flush_begin,0,0
-15.435,flush_end,0,2686931
-15.418,trivial_move,3,2686932
-15.410,trivial_move,4,2686931
-15.408,flush_begin,0,0
-15.389,flush_end,0,2686931
-15.372,trivial_move,3,2686930
-15.364,trivial_move,4,2686931
-15.364,flush_begin,0,0
-15.346,flush_end,0,2686930
-15.329,trivial_move,3,2686931
-15.321,trivial_move,4,2686930
-15.320,flush_begin,0,0
-15.302,flush_end,0,2686930
-15.285,trivial_move,3,2686931
-15.277,trivial_move,4,2686933
-15.276,flush_begin,0,0
-15.256,flush_end,0,2686931
-15.239,trivial_move,3,2686930
-15.231,trivial_move,4,2686930
-15.231,flush_begin,0,0
-15.211,flush_end,0,2686931
-15.194,trivial_move,3,2686933
-15.186,trivial_move,4,2686932
-15.185,flush_begin,0,0
-15.167,flush_end,0,2686931
-15.150,trivial_move,3,2686930
-15.142,trivial_move,4,2686930
-15.142,flush_begin,0,0
-15.124,flush_end,0,2686931
-15.107,trivial_move,3,2686931
-15.099,trivial_move,4,2686930
-15.099,flush_begin,0,0
-15.081,flush_end,0,2686930
-15.064,trivial_move,3,2686931
-15.056,trivial_move,4,2686932
-15.056,flush_begin,0,0
-15.037,flush_end,0,2686933
-15.020,trivial_move,3,2686931
-15.012,trivial_move,4,2686930
-15.012,flush_begin,0,0
-14.993,flush_end,0,2686930
-14.975,trivial_move,3,2686931
-14.967,trivial_move,4,2686932
-14.966,flush_begin,0,0
-14.948,flush_end,0,2686932
-14.931,trivial_move,3,2686931
-14.922,trivial_move,4,2686930
-14.922,flush_begin,0,0
-14.905,flush_end,0,2686930
-14.887,trivial_move,3,2686930
-14.879,trivial_move,4,2686931
-14.879,flush_begin,0,0
-14.861,flush_end,0,2686931
-14.844,trivial_move,3,2686932
-14.836,trivial_move,4,2686931
-14.834,flush_begin,0,0
-14.817,flush_end,0,2686931
-14.800,trivial_move,3,2686930
-14.792,trivial_move,4,2686931
-14.790,flush_begin,0,0
-14.772,flush_end,0,2686930
-14.755,trivial_move,3,2686932
-14.747,trivial_move,4,2686931
-14.746,flush_begin,0,0
-14.726,flush_end,0,2686932
-14.710,trivial_move,3,2686930
-14.702,trivial_move,4,2686931
-14.702,flush_begin,0,0
-14.681,flush_end,0,2686930
-14.665,trivial_move,3,2686930
-14.657,trivial_move,4,2686930
-14.657,flush_begin,0,0
-14.638,flush_end,0,2686931
-14.622,trivial_move,3,2686932
-14.614,trivial_move,4,2686932
-14.614,flush_begin,0,0
-14.595,flush_end,0,2686931
-14.579,trivial_move,3,2686930
-14.571,trivial_move,4,2686930
-14.570,flush_begin,0,0
-14.551,flush_end,0,2686931
-14.535,trivial_move,3,2686932
-14.526,trivial_move,4,2686931
-14.525,flush_begin,0,0
-14.505,flush_end,0,2686931
-14.488,trivial_move,3,2686930
-14.480,trivial_move,4,2686931
-14.479,flush_begin,0,0
-14.459,flush_end,0,2686931
-14.443,trivial_move,3,2686931
-14.436,trivial_move,4,2686930
-14.434,flush_begin,0,0
-14.416,flush_end,0,2686930
-14.400,trivial_move,3,2686931
-14.392,trivial_move,4,2686932
-14.392,flush_begin,0,0
-14.371,flush_end,0,2686932
-14.355,trivial_move,3,2686931
-14.347,trivial_move,4,2686930
-14.345,flush_begin,0,0
-14.326,flush_end,0,2686930
-14.310,trivial_move,3,2686931
-14.302,trivial_move,4,2686933
-14.302,flush_begin,0,0
-14.283,flush_end,0,2686932
-14.267,trivial_move,3,2686933
-14.259,trivial_move,4,2686930
-14.259,flush_begin,0,0
-14.241,flush_end,0,2686930
-14.225,trivial_move,3,2686930
-14.217,trivial_move,4,2686931
-14.217,flush_begin,0,0
-14.198,flush_end,0,2686930
-14.182,trivial_move,3,2686932
-14.174,trivial_move,4,2686931
-14.174,flush_begin,0,0
-14.155,flush_end,0,2686932
-14.139,trivial_move,3,2686930
-14.131,trivial_move,4,2686931
-14.130,flush_begin,0,0
-14.110,flush_end,0,2686930
-14.094,trivial_move,3,2686931
-14.087,trivial_move,4,2686931
-14.087,flush_begin,0,0
-14.067,flush_end,0,2686933
-14.050,trivial_move,3,2686931
-14.050,flush_begin,0,0
-14.034,flush_end,0,2686930
-14.018,trivial_move,3,2686930
-14.010,trivial_move,4,2686930
-14.003,trivial_move,4,2686930
-14.003,flush_begin,0,0
-13.987,flush_end,0,2686931
-13.970,trivial_move,3,2686932
-13.962,trivial_move,4,2686931
-13.961,flush_begin,0,0
-13.945,flush_end,0,2686931
-13.928,trivial_move,3,2686930
-13.920,trivial_move,4,2686931
-13.919,flush_begin,0,0
-13.902,flush_end,0,2686931
-13.885,trivial_move,3,2686932
-13.877,trivial_move,4,2686931
-13.876,flush_begin,0,0
-13.858,flush_end,0,2686931
-13.841,trivial_move,3,2686930
-13.834,trivial_move,4,2686931
-13.833,flush_begin,0,0
-13.817,flush_end,0,2686931
-13.800,trivial_move,3,2686931
-13.792,trivial_move,4,2686930
-13.791,flush_begin,0,0
-13.774,flush_end,0,2686930
-13.756,trivial_move,3,2686931
-13.748,trivial_move,4,2686932
-13.746,flush_begin,0,0
-13.728,flush_end,0,2686932
-13.711,trivial_move,3,2686931
-13.703,trivial_move,4,2686930
-13.701,flush_begin,0,0
-13.683,flush_end,0,2686930
-13.665,trivial_move,3,2686931
-13.657,trivial_move,4,2686932
-13.656,flush_begin,0,0
-13.638,flush_end,0,2686931
-13.621,trivial_move,3,2686930
-13.613,trivial_move,4,2686930
-13.613,flush_begin,0,0
-13.598,flush_end,0,2686931
-13.583,trivial_move,3,2686930
-13.575,trivial_move,4,2686931
-13.575,flush_begin,0,0
-13.561,flush_end,0,2686930
-13.545,trivial_move,3,2686931
-13.537,trivial_move,4,2686931
-13.537,flush_begin,0,0
-13.524,flush_end,0,2686932
-13.508,trivial_move,3,2686931
-13.499,trivial_move,4,2686930
-13.499,flush_begin,0,0
-13.485,flush_end,0,2686930
-13.468,trivial_move,3,2686931
-13.460,trivial_move,4,2686932
-13.460,flush_begin,0,0
-13.446,flush_end,0,2686932
-13.430,trivial_move,3,2686931
-13.422,trivial_move,4,2686930
-13.422,flush_begin,0,0
-13.407,flush_end,0,2686930
-13.389,trivial_move,3,2686930
-13.381,trivial_move,4,2686932
-13.381,flush_begin,0,0
-13.365,flush_end,0,2686931
-13.349,trivial_move,3,2686933
-13.341,trivial_move,4,2686931
-13.340,flush_begin,0,0
-13.323,flush_end,0,2686931
-13.307,trivial_move,3,2686930
-13.299,trivial_move,4,2686931
-13.298,flush_begin,0,0
-13.282,flush_end,0,2686931
-13.265,trivial_move,3,2686932
-13.257,trivial_move,4,2686931
-13.255,flush_begin,0,0
-13.238,flush_end,0,2686931
-13.221,trivial_move,3,2686930
-13.213,trivial_move,4,2686931
-13.211,flush_begin,0,0
-13.194,flush_end,0,2686930
-13.177,trivial_move,3,2686931
-13.169,trivial_move,4,2686930
-13.168,flush_begin,0,0
-13.150,flush_end,0,2686930
-13.133,trivial_move,3,2686931
-13.125,trivial_move,4,2686932
-13.123,flush_begin,0,0
-13.106,flush_end,0,2686931
-13.089,trivial_move,3,2686930
-13.081,trivial_move,4,2686930
-13.079,flush_begin,0,0
-13.061,flush_end,0,2686931
-13.043,trivial_move,3,2686932
-13.035,trivial_move,4,2686932
-13.034,flush_begin,0,0
-13.016,flush_end,0,2686931
-12.998,trivial_move,3,2686930
-12.989,trivial_move,4,2686930
-12.989,flush_begin,0,0
-12.972,flush_end,0,2686931
-12.955,trivial_move,3,2686931
-12.947,trivial_move,4,2686930
-12.946,flush_begin,0,0
-12.927,flush_end,0,2686930
-12.910,trivial_move,3,2686931
-12.903,trivial_move,4,2686932
-12.900,flush_begin,0,0
-12.884,flush_end,0,2686932
-12.868,trivial_move,3,2686931
-12.860,trivial_move,4,2686930
-12.859,flush_begin,0,0
-12.842,flush_end,0,2686930
-12.824,trivial_move,3,2686931
-12.816,trivial_move,4,2686932
-12.815,flush_begin,0,0
-12.797,flush_end,0,2686932
-12.779,trivial_move,3,2686931
-12.771,trivial_move,4,2686930
-12.769,flush_begin,0,0
-12.751,flush_end,0,2686930
-12.733,trivial_move,3,2686930
-12.725,trivial_move,4,2686931
-12.723,flush_begin,0,0
-12.706,flush_end,0,2686931
-12.689,trivial_move,3,2686932
-12.681,trivial_move,4,2686931
-12.681,flush_begin,0,0
-12.663,flush_end,0,2686931
-12.645,trivial_move,3,2686930
-12.637,trivial_move,4,2686931
-12.636,flush_begin,0,0
-12.617,flush_end,0,2686930
-12.601,trivial_move,3,2686932
-12.593,trivial_move,4,2686931
-12.592,flush_begin,0,0
-12.573,flush_end,0,2686932
-12.556,trivial_move,3,2686930
-12.548,trivial_move,4,2686931
-12.548,flush_begin,0,0
-12.528,flush_end,0,2686930
-12.512,trivial_move,3,2686930
-12.504,trivial_move,4,2686930
-12.504,flush_begin,0,0
-12.485,flush_end,0,2686931
-12.469,trivial_move,3,2686932
-12.461,trivial_move,4,2686933
-12.461,flush_begin,0,0
-12.443,flush_end,0,2686931
-12.426,trivial_move,3,2686930
-12.418,trivial_move,4,2686930
-12.417,flush_begin,0,0
-12.399,flush_end,0,2686931
-12.381,trivial_move,3,2686933
-12.373,trivial_move,4,2686931
-12.372,flush_begin,0,0
-12.354,flush_end,0,2686931
-12.335,trivial_move,3,2686930
-12.325,trivial_move,4,2686931
-12.325,flush_begin,0,0
-12.311,flush_end,0,2686931
-12.294,trivial_move,3,2686931
-12.286,trivial_move,4,2686930
-12.286,flush_begin,0,0
-12.270,flush_end,0,2686930
-12.254,trivial_move,3,2686931
-12.246,trivial_move,4,2686932
-12.244,flush_begin,0,0
-12.226,flush_end,0,2686933
-12.209,trivial_move,3,2686931
-12.201,trivial_move,4,2686930
-12.200,flush_begin,0,0
-12.183,flush_end,0,2686930
-12.165,trivial_move,3,2686931
-12.157,trivial_move,4,2686932
-12.154,flush_begin,0,0
-12.137,flush_end,0,2686932
-12.120,trivial_move,3,2686931
-12.112,trivial_move,4,2686930
-12.110,flush_begin,0,0
-12.094,flush_end,0,2686930
-12.077,trivial_move,3,2686930
-12.069,trivial_move,4,2686931
-12.068,flush_begin,0,0
-12.052,flush_end,0,2686930
-12.034,trivial_move,3,2686932
-12.026,trivial_move,4,2686931
-12.025,flush_begin,0,0
-12.006,flush_end,0,2686932
-11.988,trivial_move,3,2686930
-11.980,trivial_move,4,2686931
-11.978,flush_begin,0,0
-11.960,flush_end,0,2686930
-11.942,trivial_move,3,2686931
-11.934,trivial_move,4,2686931
-11.934,flush_begin,0,0
-11.914,flush_end,0,2686932
-11.897,trivial_move,3,2686931
-11.889,trivial_move,4,2686930
-11.888,flush_begin,0,0
-11.870,flush_end,0,2686930
-11.852,trivial_move,3,2686930
-11.844,trivial_move,4,2686930
-11.844,flush_begin,0,0
-11.830,flush_end,0,2686931
-11.814,trivial_move,3,2686932
-11.806,trivial_move,4,2686931
-11.806,flush_begin,0,0
-11.791,flush_end,0,2686931
-11.774,trivial_move,3,2686930
-11.766,trivial_move,4,2686931
-11.765,flush_begin,0,0
-11.750,flush_end,0,2686931
-11.733,trivial_move,3,2686932
-11.725,trivial_move,4,2686931
-11.725,flush_begin,0,0
-11.709,flush_end,0,2686931
-11.693,trivial_move,3,2686930
-11.685,trivial_move,4,2686931
-11.684,flush_begin,0,0
-11.668,flush_end,0,2686931
-11.652,trivial_move,3,2686931
-11.644,trivial_move,4,2686930
-11.643,flush_begin,0,0
-11.627,flush_end,0,2686930
-11.609,trivial_move,3,2686931
-11.601,trivial_move,4,2686932
-11.600,flush_begin,0,0
-11.583,flush_end,0,2686932
-11.566,trivial_move,3,2686931
-11.558,trivial_move,4,2686930
-11.556,flush_begin,0,0
-11.539,flush_end,0,2686930
-11.522,trivial_move,3,2686931
-11.514,trivial_move,4,2686933
-11.512,flush_begin,0,0
-11.494,flush_end,0,2686931
-11.476,trivial_move,3,2686930
-11.468,trivial_move,4,2686930
-11.467,flush_begin,0,0
-11.449,flush_end,0,2686931
-11.432,trivial_move,3,2686930
-11.424,trivial_move,4,2686931
-11.423,flush_begin,0,0
-11.405,flush_end,0,2686930
-11.388,trivial_move,3,2686931
-11.380,trivial_move,4,2686931
-11.377,flush_begin,0,0
-11.361,flush_end,0,2686932
-11.343,trivial_move,3,2686931
-11.335,trivial_move,4,2686930
-11.334,flush_begin,0,0
-11.317,flush_end,0,2686930
-11.298,trivial_move,3,2686931
-11.290,trivial_move,4,2686932
-11.289,flush_begin,0,0
-11.270,flush_end,0,2686933
-11.253,trivial_move,3,2686931
-11.245,trivial_move,4,2686930
-11.245,flush_begin,0,0
-11.227,flush_end,0,2686930
-11.210,trivial_move,3,2686930
-11.202,trivial_move,4,2686931
-11.202,flush_begin,0,0
-11.183,flush_end,0,2686931
-11.165,trivial_move,3,2686932
-11.157,trivial_move,4,2686931
-11.157,flush_begin,0,0
-11.138,flush_end,0,2686931
-11.121,trivial_move,3,2686930
-11.113,trivial_move,4,2686931
-11.113,flush_begin,0,0
-11.093,flush_end,0,2686931
-11.076,trivial_move,3,2686932
-11.068,trivial_move,4,2686931
-11.067,flush_begin,0,0
-11.048,flush_end,0,2686931
-11.031,trivial_move,3,2686930
-11.023,trivial_move,4,2686931
-11.021,flush_begin,0,0
-11.005,flush_end,0,2686930
-10.989,trivial_move,3,2686931
-10.981,trivial_move,4,2686930
-10.980,flush_begin,0,0
-10.963,flush_end,0,2686930
-10.946,trivial_move,3,2686931
-10.938,trivial_move,4,2686932
-10.937,flush_begin,0,0
-10.918,flush_end,0,2686931
-10.901,trivial_move,3,2686930
-10.893,trivial_move,4,2686930
-10.891,flush_begin,0,0
-10.873,flush_end,0,2686931
-10.855,trivial_move,3,2686932
-10.847,trivial_move,4,2686932
-10.846,flush_begin,0,0
-10.828,flush_end,0,2686931
-10.811,trivial_move,3,2686930
-10.799,trivial_move,4,2686930
-10.798,flush_begin,0,0
-10.780,flush_end,0,2686931
-10.763,trivial_move,3,2686931
-10.754,trivial_move,4,2686930
-10.752,flush_begin,0,0
-10.734,flush_end,0,2686930
-10.716,trivial_move,3,2686931
-10.707,trivial_move,4,2686932
-10.705,flush_begin,0,0
-10.687,flush_end,0,2686932
-10.670,trivial_move,3,2686931
-10.661,trivial_move,4,2686930
-10.660,flush_begin,0,0
-10.645,flush_end,0,2686930
-10.630,trivial_move,3,2686931
-10.622,trivial_move,4,2686932
-10.620,flush_begin,0,0
-10.598,flush_end,0,2686932
-10.582,trivial_move,3,2686931
-10.573,trivial_move,4,2686930
-10.572,flush_begin,0,0
-10.556,flush_end,0,2686930
-10.540,trivial_move,3,2686930
-10.532,trivial_move,4,2686932
-10.531,flush_begin,0,0
-10.513,flush_end,0,2686931
-10.495,trivial_move,3,2686933
-10.486,trivial_move,4,2686931
-10.484,flush_begin,0,0
-10.467,flush_end,0,2686931
-10.449,trivial_move,3,2686930
-10.441,trivial_move,4,2686931
-10.440,flush_begin,0,0
-10.422,flush_end,0,2686930
-10.406,trivial_move,3,2686932
-10.398,trivial_move,4,2686931
-10.395,flush_begin,0,0
-10.378,flush_end,0,2686932
-10.361,trivial_move,3,2686930
-10.353,trivial_move,4,2686931
-10.351,flush_begin,0,0
-10.333,flush_end,0,2686930
-10.315,trivial_move,3,2686930
-10.307,trivial_move,4,2686930
-10.305,flush_begin,0,0
-10.288,flush_end,0,2686932
-10.270,trivial_move,3,2686932
-10.262,trivial_move,4,2686932
-10.261,flush_begin,0,0
-10.242,flush_end,0,2686931
-10.225,trivial_move,3,2686930
-10.217,trivial_move,4,2686930
-10.217,flush_begin,0,0
-10.197,flush_end,0,2686931
-10.179,trivial_move,3,2686932
-10.171,trivial_move,4,2686931
-10.169,flush_begin,0,0
-10.150,flush_end,0,2686931
-10.132,trivial_move,3,2686930
-10.124,trivial_move,4,2686931
-10.124,flush_begin,0,0
-10.105,flush_end,0,2686931
-10.088,trivial_move,3,2686931
-10.080,trivial_move,4,2686930
-10.080,flush_begin,0,0
-10.061,flush_end,0,2686930
-10.043,trivial_move,3,2686931
-10.035,trivial_move,4,2686932
-10.035,flush_begin,0,0
-10.016,flush_end,0,2686932
-9.999,trivial_move,3,2686931
-9.991,trivial_move,4,2686930
-9.990,flush_begin,0,0
-9.971,flush_end,0,2686930
-9.955,trivial_move,3,2686931
-9.947,trivial_move,4,2686932
-9.947,flush_begin,0,0
-9.925,flush_end,0,2686932
-9.908,trivial_move,3,2686931
-9.900,trivial_move,4,2686930
-9.899,flush_begin,0,0
-9.880,flush_end,0,2686930
-9.863,trivial_move,3,2686930
-9.855,trivial_move,4,2686931
-9.854,flush_begin,0,0
-9.836,flush_end,0,2686930
-9.817,trivial_move,3,2686932
-9.809,trivial_move,4,2686931
-9.808,flush_begin,0,0
-9.790,flush_end,0,2686932
-9.773,trivial_move,3,2686930
-9.765,trivial_move,4,2686931
-9.764,flush_begin,0,0
-9.745,flush_end,0,2686930
-9.729,trivial_move,3,2686931
-9.721,trivial_move,4,2686931
-9.721,flush_begin,0,0
-9.701,flush_end,0,2686932
-9.685,trivial_move,3,2686931
-9.677,trivial_move,4,2686930
-9.677,flush_begin,0,0
-9.658,flush_end,0,2686930
-9.641,trivial_move,3,2686930
-9.633,trivial_move,4,2686930
-9.632,flush_begin,0,0
-9.611,flush_end,0,2686931
-9.594,trivial_move,3,2686932
-9.586,trivial_move,4,2686931
-9.586,flush_begin,0,0
-9.567,flush_end,0,2686931
-9.551,trivial_move,3,2686930
-9.543,trivial_move,4,2686932
-9.543,flush_begin,0,0
-9.526,flush_end,0,2686931
-9.508,trivial_move,3,2686933
-9.499,trivial_move,4,2686931
-9.498,flush_begin,0,0
-9.481,flush_end,0,2686931
-9.464,trivial_move,3,2686930
-9.456,trivial_move,4,2686931
-9.455,flush_begin,0,0
-9.438,flush_end,0,2686931
-9.421,trivial_move,3,2686931
-9.413,trivial_move,4,2686930
-9.412,flush_begin,0,0
-9.396,flush_end,0,2686930
-9.379,trivial_move,3,2686931
-9.370,trivial_move,4,2686932
-9.369,flush_begin,0,0
-9.352,flush_end,0,2686933
-9.335,trivial_move,3,2686931
-9.327,trivial_move,4,2686930
-9.326,flush_begin,0,0
-9.308,flush_end,0,2686930
-9.291,trivial_move,3,2686931
-9.282,trivial_move,4,2686932
-9.280,flush_begin,0,0
-9.263,flush_end,0,2686931
-9.246,trivial_move,3,2686930
-9.238,trivial_move,4,2686930
-9.237,flush_begin,0,0
-9.218,flush_end,0,2686931
-9.200,trivial_move,3,2686930
-9.192,trivial_move,4,2686931
-9.190,flush_begin,0,0
-9.173,flush_end,0,2686930
-9.154,trivial_move,3,2686931
-9.146,trivial_move,4,2686931
-9.145,flush_begin,0,0
-9.127,flush_end,0,2686932
-9.109,trivial_move,3,2686931
-9.101,trivial_move,4,2686930
-9.100,flush_begin,0,0
-9.081,flush_end,0,2686930
-9.064,trivial_move,3,2686931
-9.056,trivial_move,4,2686932
-9.055,flush_begin,0,0
-9.038,flush_end,0,2686932
-9.021,trivial_move,3,2686931
-9.008,trivial_move,4,2686930
-9.007,flush_begin,0,0
-8.986,flush_end,0,2686930
-8.969,trivial_move,3,2686930
-8.961,trivial_move,4,2686931
-8.959,flush_begin,0,0
-8.940,flush_end,0,2686931
-8.923,trivial_move,3,2686932
-8.915,trivial_move,4,2686931
-8.915,flush_begin,0,0
-8.897,flush_end,0,2686931
-8.880,trivial_move,3,2686930
-8.871,trivial_move,4,2686931
-8.871,flush_begin,0,0
-8.851,flush_end,0,2686931
-8.834,trivial_move,3,2686932
-8.826,trivial_move,4,2686931
-8.826,flush_begin,0,0
-8.810,flush_end,0,2686931
-8.793,trivial_move,3,2686930
-8.785,trivial_move,4,2686931
-8.783,flush_begin,0,0
-8.766,flush_end,0,2686930
-8.750,trivial_move,3,2686931
-8.742,trivial_move,4,2686930
-8.740,flush_begin,0,0
-8.723,flush_end,0,2686930
-8.706,trivial_move,3,2686931
-8.698,trivial_move,4,2686932
-8.697,flush_begin,0,0
-8.679,flush_end,0,2686931
-8.662,trivial_move,3,2686930
-8.654,trivial_move,4,2686930
-8.653,flush_begin,0,0
-8.636,flush_end,0,2686931
-8.619,trivial_move,3,2686932
-8.611,trivial_move,4,2686933
-8.609,flush_begin,0,0
-8.592,flush_end,0,2686931
-8.575,trivial_move,3,2686930
-8.567,trivial_move,4,2686930
-8.565,flush_begin,0,0
-8.548,flush_end,0,2686931
-8.530,trivial_move,3,2686932
-8.522,trivial_move,4,2686930
-8.522,flush_begin,0,0
-8.505,flush_end,0,2686930
-8.488,trivial_move,3,2686931
-8.480,trivial_move,4,2686932
-8.479,flush_begin,0,0
-8.462,flush_end,0,2686932
-8.445,trivial_move,3,2686931
-8.438,trivial_move,4,2686930
-8.437,flush_begin,0,0
-8.421,flush_end,0,2686930
-8.404,trivial_move,3,2686931
-8.396,trivial_move,4,2686932
-8.394,flush_begin,0,0
-8.377,flush_end,0,2686933
-8.360,trivial_move,3,2686931
-8.352,trivial_move,4,2686930
-8.351,flush_begin,0,0
-8.334,flush_end,0,2686930
-8.317,trivial_move,3,2686930
-8.309,trivial_move,4,2686931
-8.308,flush_begin,0,0
-8.292,flush_end,0,2686931
-8.275,trivial_move,3,2686932
-8.267,trivial_move,4,2686931
-8.265,flush_begin,0,0
-8.248,flush_end,0,2686931
-8.231,trivial_move,3,2686930
-8.223,trivial_move,4,2686931
-8.222,flush_begin,0,0
-8.206,flush_end,0,2686930
-8.189,trivial_move,3,2686932
-8.181,trivial_move,4,2686931
-8.180,flush_begin,0,0
-8.163,flush_end,0,2686932
-8.146,trivial_move,3,2686930
-8.138,trivial_move,4,2686931
-8.136,flush_begin,0,0
-8.119,flush_end,0,2686930
-8.102,trivial_move,3,2686930
-8.094,trivial_move,4,2686930
-8.093,flush_begin,0,0
-8.075,flush_end,0,2686931
-8.057,trivial_move,3,2686932
-8.049,trivial_move,4,2686932
-8.048,flush_begin,0,0
-8.031,flush_end,0,2686931
-8.013,trivial_move,3,2686930
-8.005,trivial_move,4,2686930
-8.005,flush_begin,0,0
-7.987,flush_end,0,2686931
-7.969,trivial_move,3,2686932
-7.961,trivial_move,4,2686931
-7.961,flush_begin,0,0
-7.942,flush_end,0,2686931
-7.925,trivial_move,3,2686930
-7.917,trivial_move,4,2686931
-7.917,flush_begin,0,0
-7.899,flush_end,0,2686931
-7.882,trivial_move,3,2686931
-7.874,trivial_move,4,2686930
-7.874,flush_begin,0,0
-7.857,flush_end,0,2686930
-7.840,trivial_move,3,2686931
-7.832,trivial_move,4,2686932
-7.830,flush_begin,0,0
-7.813,flush_end,0,2686932
-7.795,trivial_move,3,2686931
-7.787,trivial_move,4,2686930
-7.786,flush_begin,0,0
-7.767,flush_end,0,2686930
-7.750,trivial_move,3,2686931
-7.743,trivial_move,4,2686932
-7.743,flush_begin,0,0
-7.725,flush_end,0,2686932
-7.707,trivial_move,3,2686931
-7.699,trivial_move,4,2686930
-7.699,flush_begin,0,0
-7.679,flush_end,0,2686930
-7.662,trivial_move,3,2686930
-7.654,trivial_move,4,2686932
-7.653,flush_begin,0,0
-7.634,flush_end,0,2686930
-7.617,trivial_move,3,2686933
-7.609,trivial_move,4,2686931
-7.608,flush_begin,0,0
-7.589,flush_end,0,2686932
-7.571,trivial_move,3,2686930
-7.563,trivial_move,4,2686931
-7.562,flush_begin,0,0
-7.544,flush_end,0,2686930
-7.527,trivial_move,3,2686931
-7.519,trivial_move,4,2686931
-7.519,flush_begin,0,0
-7.500,flush_end,0,2686932
-7.482,trivial_move,3,2686931
-7.474,trivial_move,4,2686930
-7.474,flush_begin,0,0
-7.453,flush_end,0,2686930
-7.436,trivial_move,3,2686930
-7.426,trivial_move,4,2686930
-7.426,flush_begin,0,0
-7.407,flush_end,0,2686932
-7.389,trivial_move,3,2686932
-7.381,trivial_move,4,2686931
-7.381,flush_begin,0,0
-7.362,flush_end,0,2686931
-7.344,trivial_move,3,2686930
-7.336,trivial_move,4,2686931
-7.336,flush_begin,0,0
-7.319,flush_end,0,2686931
-7.301,trivial_move,3,2686932
-7.292,trivial_move,4,2686931
-7.289,flush_begin,0,0
-7.272,flush_end,0,2686931
-7.254,trivial_move,3,2686930
-7.246,trivial_move,4,2686931
-7.245,flush_begin,0,0
-7.227,flush_end,0,2686931
-7.208,trivial_move,3,2686931
-7.200,trivial_move,4,2686930
-7.199,flush_begin,0,0
-7.181,flush_end,0,2686930
-7.164,trivial_move,3,2686931
-7.156,trivial_move,4,2686932
-7.156,flush_begin,0,0
-7.138,flush_end,0,2686932
-7.121,trivial_move,3,2686931
-7.113,trivial_move,4,2686930
-7.113,flush_begin,0,0
-7.093,flush_end,0,2686930
-7.076,trivial_move,3,2686931
-7.068,trivial_move,4,2686932
-7.067,flush_begin,0,0
-7.047,flush_end,0,2686931
-7.030,trivial_move,3,2686930
-7.022,trivial_move,4,2686930
-7.021,flush_begin,0,0
-7.003,flush_end,0,2686931
-6.986,trivial_move,3,2686930
-6.978,trivial_move,4,2686931
-6.977,flush_begin,0,0
-6.958,flush_end,0,2686930
-6.942,trivial_move,3,2686931
-6.934,trivial_move,4,2686931
-6.933,flush_begin,0,0
-6.913,flush_end,0,2686932
-6.896,trivial_move,3,2686931
-6.888,trivial_move,4,2686930
-6.888,flush_begin,0,0
-6.869,flush_end,0,2686930
-6.852,trivial_move,3,2686931
-6.843,trivial_move,4,2686932
-6.843,flush_begin,0,0
-6.825,flush_end,0,2686932
-6.807,trivial_move,3,2686931
-6.799,trivial_move,4,2686930
-6.798,flush_begin,0,0
-6.779,flush_end,0,2686930
-6.762,trivial_move,3,2686930
-6.754,trivial_move,4,2686931
-6.752,flush_begin,0,0
-6.734,flush_end,0,2686931
-6.717,trivial_move,3,2686932
-6.709,trivial_move,4,2686931
-6.707,flush_begin,0,0
-6.690,flush_end,0,2686931
-6.671,trivial_move,3,2686930
-6.663,trivial_move,4,2686933
-6.662,flush_begin,0,0
-6.644,flush_end,0,2686931
-6.626,trivial_move,3,2686933
-6.618,trivial_move,4,2686931
-6.618,flush_begin,0,0
-6.599,flush_end,0,2686931
-6.581,trivial_move,3,2686930
-6.573,trivial_move,4,2686931
-6.573,flush_begin,0,0
-6.556,flush_end,0,2686930
-6.539,trivial_move,3,2686931
-6.531,trivial_move,4,2686930
-6.529,flush_begin,0,0
-6.514,flush_end,0,2686930
-6.498,trivial_move,3,2686931
-6.490,trivial_move,4,2686932
-6.488,flush_begin,0,0
-6.472,flush_end,0,2686931
-6.455,trivial_move,3,2686930
-6.447,trivial_move,4,2686930
-6.445,flush_begin,0,0
-6.429,flush_end,0,2686933
-6.412,trivial_move,3,2686932
-6.404,trivial_move,4,2686932
-6.402,flush_begin,0,0
-6.386,flush_end,0,2686931
-6.370,trivial_move,3,2686930
-6.362,trivial_move,4,2686930
-6.360,flush_begin,0,0
-6.344,flush_end,0,2686931
-6.327,trivial_move,3,2686931
-6.319,trivial_move,4,2686930
-6.318,flush_begin,0,0
-6.302,flush_end,0,2686930
-6.285,trivial_move,3,2686931
-6.277,trivial_move,4,2686932
-6.276,flush_begin,0,0
-6.258,flush_end,0,2686932
-6.240,trivial_move,3,2686931
-6.232,trivial_move,4,2686930
-6.231,flush_begin,0,0
-6.213,flush_end,0,2686930
-6.196,trivial_move,3,2686931
-6.188,trivial_move,4,2686932
-6.187,flush_begin,0,0
-6.168,flush_end,0,2686932
-6.150,trivial_move,3,2686931
-6.142,trivial_move,4,2686930
-6.140,flush_begin,0,0
-6.124,flush_end,0,2686930
-6.106,trivial_move,3,2686930
-6.098,trivial_move,4,2686931
-6.098,flush_begin,0,0
-6.081,flush_end,0,2686931
-6.062,trivial_move,3,2686932
-6.054,trivial_move,4,2686931
-6.054,flush_begin,0,0
-6.035,flush_end,0,2686931
-6.018,trivial_move,3,2686930
-6.009,trivial_move,4,2686931
-6.009,flush_begin,0,0
-5.990,flush_end,0,2686930
-5.973,trivial_move,3,2686932
-5.965,trivial_move,4,2686931
-5.965,flush_begin,0,0
-5.945,flush_end,0,2686932
-5.928,trivial_move,3,2686930
-5.920,trivial_move,4,2686931
-5.920,flush_begin,0,0
-5.901,flush_end,0,2686930
-5.883,trivial_move,3,2686930
-5.875,trivial_move,4,2686930
-5.874,flush_begin,0,0
-5.857,flush_end,0,2686931
-5.839,trivial_move,3,2686932
-5.830,trivial_move,4,2686932
-5.830,flush_begin,0,0
-5.814,flush_end,0,2686931
-5.797,trivial_move,3,2686930
-5.788,trivial_move,4,2686930
-5.786,flush_begin,0,0
-5.770,flush_end,0,2686931
-5.752,trivial_move,3,2686932
-5.744,trivial_move,4,2686931
-5.742,flush_begin,0,0
-5.724,flush_end,0,2686931
-5.704,trivial_move,3,2686930
-5.694,trivial_move,4,2686932
-5.692,flush_begin,0,0
-5.675,flush_end,0,2686931
-5.658,trivial_move,3,2686932
-5.650,trivial_move,4,2686930
-5.649,flush_begin,0,0
-5.630,flush_end,0,2686930
-5.613,trivial_move,3,2686931
-5.605,trivial_move,4,2686932
-5.602,flush_begin,0,0
-5.584,flush_end,0,2686932
-5.567,trivial_move,3,2686931
-5.559,trivial_move,4,2686930
-5.558,flush_begin,0,0
-5.540,flush_end,0,2686930
-5.522,trivial_move,3,2686931
-5.513,trivial_move,4,2686932
-5.513,flush_begin,0,0
-5.496,flush_end,0,2686933
-5.478,trivial_move,3,2686931
-5.470,trivial_move,4,2686930
-5.469,flush_begin,0,0
-5.452,flush_end,0,2686930
-5.435,trivial_move,3,2686930
-5.426,trivial_move,4,2686931
-5.424,flush_begin,0,0
-5.408,flush_end,0,2686930
-5.390,trivial_move,3,2686932
-5.382,trivial_move,4,2686931
-5.380,flush_begin,0,0
-5.363,flush_end,0,2686932
-5.344,trivial_move,3,2686930
-5.335,trivial_move,4,2686931
-5.334,flush_begin,0,0
-5.314,flush_end,0,2686930
-5.297,trivial_move,3,2686931
-5.289,trivial_move,4,2686931
-5.288,flush_begin,0,0
-5.271,flush_end,0,2686932
-5.253,trivial_move,3,2686931
-5.245,trivial_move,4,2686930
-5.244,flush_begin,0,0
-5.226,flush_end,0,2686930
-5.207,trivial_move,3,2686930
-5.199,trivial_move,4,2686930
-5.199,flush_begin,0,0
-5.181,flush_end,0,2686931
-5.164,trivial_move,3,2686932
-5.156,trivial_move,4,2686931
-5.156,flush_begin,0,0
-5.138,flush_end,0,2686931
-5.121,trivial_move,3,2686930
-5.113,trivial_move,4,2686931
-5.113,flush_begin,0,0
-5.093,flush_end,0,2686931
-5.076,trivial_move,3,2686932
-5.068,trivial_move,4,2686931
-5.067,flush_begin,0,0
-5.048,flush_end,0,2686931
-5.031,trivial_move,3,2686930
-5.023,trivial_move,4,2686931
-5.023,flush_begin,0,0
-5.003,flush_end,0,2686931
-4.986,trivial_move,3,2686931
-4.978,trivial_move,4,2686930
-4.977,flush_begin,0,0
-4.957,flush_end,0,2686930
-4.940,trivial_move,3,2686931
-4.932,trivial_move,4,2686932
-4.932,flush_begin,0,0
-4.914,flush_end,0,2686932
-4.897,trivial_move,3,2686931
-4.889,trivial_move,4,2686930
-4.889,flush_begin,0,0
-4.870,flush_end,0,2686930
-4.853,trivial_move,3,2686931
-4.844,trivial_move,4,2686932
-4.844,flush_begin,0,0
-4.827,flush_end,0,2686931
-4.810,trivial_move,3,2686930
-4.802,trivial_move,4,2686930
-4.801,flush_begin,0,0
-4.783,flush_end,0,2686931
-4.765,trivial_move,3,2686930
-4.757,trivial_move,4,2686932
-4.757,flush_begin,0,0
-4.738,flush_end,0,2686930
-4.721,trivial_move,3,2686931
-4.713,trivial_move,4,2686931
-4.712,flush_begin,0,0
-4.692,flush_end,0,2686932
-4.675,trivial_move,3,2686933
-4.667,trivial_move,4,2686930
-4.666,flush_begin,0,0
-4.648,flush_end,0,2686930
-4.631,trivial_move,3,2686931
-4.623,trivial_move,4,2686932
-4.623,flush_begin,0,0
-4.605,flush_end,0,2686932
-4.589,trivial_move,3,2686931
-4.581,trivial_move,4,2686930
-4.580,flush_begin,0,0
-4.561,flush_end,0,2686930
-4.544,trivial_move,3,2686930
-4.536,trivial_move,4,2686931
-4.535,flush_begin,0,0
-4.515,flush_end,0,2686932
-4.498,trivial_move,3,2686932
-4.490,trivial_move,4,2686931
-4.488,flush_begin,0,0
-4.468,flush_end,0,2686931
-4.451,trivial_move,3,2686930
-4.443,trivial_move,4,2686931
-4.443,flush_begin,0,0
-4.426,flush_end,0,2686931
-4.412,trivial_move,3,2686932
-4.400,trivial_move,4,2686931
-4.400,flush_begin,0,0
-4.381,flush_end,0,2686931
-4.364,trivial_move,3,2686930
-4.356,trivial_move,4,2686931
-4.356,flush_begin,0,0
-4.336,flush_end,0,2686930
-4.319,trivial_move,3,2686931
-4.311,trivial_move,4,2686930
-4.311,flush_begin,0,0
-4.292,flush_end,0,2686930
-4.274,trivial_move,3,2686931
-4.266,trivial_move,4,2686932
-4.266,flush_begin,0,0
-4.246,flush_end,0,2686931
-4.229,trivial_move,3,2686930
-4.220,trivial_move,4,2686930
-4.220,flush_begin,0,0
-4.201,flush_end,0,2686931
-4.184,trivial_move,3,2686932
-4.174,trivial_move,4,2686932
-4.174,flush_begin,0,0
-4.156,flush_end,0,2686931
-4.139,trivial_move,3,2686930
-4.131,trivial_move,4,2686930
-4.131,flush_begin,0,0
-4.109,flush_end,0,2686931
-4.092,trivial_move,3,2686931
-4.084,trivial_move,4,2686930
-4.084,flush_begin,0,0
-4.066,flush_end,0,2686930
-4.050,trivial_move,3,2686931
-4.042,trivial_move,4,2686932
-4.042,flush_begin,0,0
-4.023,flush_end,0,2686932
-4.006,trivial_move,3,2686931
-3.998,trivial_move,4,2686930
-3.998,flush_begin,0,0
-3.979,flush_end,0,2686930
-3.962,trivial_move,3,2686931
-3.953,trivial_move,4,2686932
-3.953,flush_begin,0,0
-3.935,flush_end,0,2686932
-3.916,trivial_move,3,2686931
-3.908,trivial_move,4,2686930
-3.908,flush_begin,0,0
-3.890,flush_end,0,2686930
-3.873,trivial_move,3,2686930
-3.865,trivial_move,4,2686931
-3.863,flush_begin,0,0
-3.844,flush_end,0,2686931
-3.825,trivial_move,3,2686932
-3.815,trivial_move,4,2686931
-3.815,flush_begin,0,0
-3.798,flush_end,0,2686931
-3.781,trivial_move,3,2686930
-3.771,trivial_move,4,2686932
-3.771,flush_begin,0,0
-3.755,flush_end,0,2686930
-3.738,trivial_move,3,2686933
-3.730,trivial_move,4,2686931
-3.730,flush_begin,0,0
-3.714,flush_end,0,2686932
-3.697,trivial_move,3,2686930
-3.689,trivial_move,4,2686931
-3.688,flush_begin,0,0
-3.672,flush_end,0,2686930
-3.655,trivial_move,3,2686930
-3.647,trivial_move,4,2686930
-3.646,flush_begin,0,0
-3.629,flush_end,0,2686931
-3.612,trivial_move,3,2686932
-3.604,trivial_move,4,2686932
-3.603,flush_begin,0,0
-3.586,flush_end,0,2686931
-3.569,trivial_move,3,2686930
-3.561,trivial_move,4,2686930
-3.560,flush_begin,0,0
-3.544,flush_end,0,2686932
-3.527,trivial_move,3,2686932
-3.519,trivial_move,4,2686931
-3.518,flush_begin,0,0
-3.502,flush_end,0,2686931
-3.484,trivial_move,3,2686930
-3.476,trivial_move,4,2686931
-3.475,flush_begin,0,0
-3.459,flush_end,0,2686931
-3.441,trivial_move,3,2686931
-3.433,trivial_move,4,2686930
-3.431,flush_begin,0,0
-3.414,flush_end,0,2686930
-3.396,trivial_move,3,2686931
-3.388,trivial_move,4,2686932
-3.387,flush_begin,0,0
-3.369,flush_end,0,2686932
-3.352,trivial_move,3,2686931
-3.344,trivial_move,4,2686930
-3.341,flush_begin,0,0
-3.323,flush_end,0,2686930
-3.306,trivial_move,3,2686931
-3.298,trivial_move,4,2686932
-3.296,flush_begin,0,0
-3.279,flush_end,0,2686932
-3.262,trivial_move,3,2686931
-3.254,trivial_move,4,2686930
-3.253,flush_begin,0,0
-3.238,flush_end,0,2686930
-3.221,trivial_move,3,2686930
-3.213,trivial_move,4,2686931
-3.212,flush_begin,0,0
-3.196,flush_end,0,2686930
-3.178,trivial_move,3,2686932
-3.170,trivial_move,4,2686931
-3.168,flush_begin,0,0
-3.153,flush_end,0,2686932
-3.136,trivial_move,3,2686930
-3.128,trivial_move,4,2686931
-3.127,flush_begin,0,0
-3.110,flush_end,0,2686930
-3.092,trivial_move,3,2686931
-3.084,trivial_move,4,2686931
-3.082,flush_begin,0,0
-3.065,flush_end,0,2686932
-3.047,trivial_move,3,2686931
-3.039,trivial_move,4,2686930
-3.037,flush_begin,0,0
-3.020,flush_end,0,2686930
-3.002,trivial_move,3,2686930
-2.994,trivial_move,4,2686930
-2.992,flush_begin,0,0
-2.974,flush_end,0,2686931
-2.956,trivial_move,3,2686932
-2.948,trivial_move,4,2686931
-2.946,flush_begin,0,0
-2.928,flush_end,0,2686931
-2.911,trivial_move,3,2686930
-2.903,trivial_move,4,2686931
-2.902,flush_begin,0,0
-2.882,flush_end,0,2686931
-2.865,trivial_move,3,2686932
-2.856,trivial_move,4,2686931
-2.856,flush_begin,0,0
-2.839,flush_end,0,2686931
-2.822,trivial_move,3,2686930
-2.814,trivial_move,4,2686932
-2.813,flush_begin,0,0
-2.794,flush_end,0,2686931
-2.775,trivial_move,3,2686932
-2.765,trivial_move,4,2686930
-2.764,flush_begin,0,0
-2.747,flush_end,0,2686930
-2.729,trivial_move,3,2686931
-2.721,trivial_move,4,2686932
-2.719,flush_begin,0,0
-2.702,flush_end,0,2686932
-2.684,trivial_move,3,2686931
-2.676,trivial_move,4,2686930
-2.675,flush_begin,0,0
-2.656,flush_end,0,2686930
-2.639,trivial_move,3,2686931
-2.631,trivial_move,4,2686932
-2.630,flush_begin,0,0
-2.611,flush_end,0,2686931
-2.594,trivial_move,3,2686930
-2.586,trivial_move,4,2686930
-2.585,flush_begin,0,0
-2.565,flush_end,0,2686932
-2.548,trivial_move,3,2686930
-2.539,trivial_move,4,2686931
-2.539,flush_begin,0,0
-2.521,flush_end,0,2686930
-2.504,trivial_move,3,2686931
-2.496,trivial_move,4,2686931
-2.495,flush_begin,0,0
-2.477,flush_end,0,2686932
-2.460,trivial_move,3,2686931
-2.452,trivial_move,4,2686930
-2.451,flush_begin,0,0
-2.434,flush_end,0,2686930
-2.417,trivial_move,3,2686931
-2.409,trivial_move,4,2686932
-2.409,flush_begin,0,0
-2.391,flush_end,0,2686932
-2.374,trivial_move,3,2686931
-2.362,trivial_move,4,2686930
-2.362,flush_begin,0,0
-2.341,flush_end,0,2686930
-2.324,trivial_move,3,2686930
-2.316,trivial_move,4,2686931
-2.316,flush_begin,0,0
-2.296,flush_end,0,2686931
-2.278,trivial_move,3,2686932
-2.270,trivial_move,4,2686931
-2.269,flush_begin,0,0
-2.251,flush_end,0,2686931
-2.234,trivial_move,3,2686930
-2.225,trivial_move,4,2686931
-2.225,flush_begin,0,0
-2.209,flush_end,0,2686931
-2.192,trivial_move,3,2686932
-2.184,trivial_move,4,2686931
-2.184,flush_begin,0,0
-2.168,flush_end,0,2686931
-2.152,trivial_move,3,2686930
-2.144,trivial_move,4,2686931
-2.143,flush_begin,0,0
-2.127,flush_end,0,2686930
-2.111,trivial_move,3,2686931
-2.103,trivial_move,4,2686930
-2.102,flush_begin,0,0
-2.085,flush_end,0,2686930
-2.067,trivial_move,3,2686931
-2.059,trivial_move,4,2686932
-2.058,flush_begin,0,0
-2.041,flush_end,0,2686931
-2.024,trivial_move,3,2686930
-2.016,trivial_move,4,2686930
-2.015,flush_begin,0,0
-1.999,flush_end,0,2686931
-1.982,trivial_move,3,2686932
-1.974,trivial_move,4,2686932
-1.972,flush_begin,0,0
-1.956,flush_end,0,2686931
-1.939,trivial_move,3,2686930
-1.931,trivial_move,4,2686930
-1.929,flush_begin,0,0
-1.912,flush_end,0,2686931
-1.895,trivial_move,3,2686931
-1.887,trivial_move,4,2686930
-1.886,flush_begin,0,0
-1.869,flush_end,0,2686930
-1.852,trivial_move,3,2686931
-1.844,trivial_move,4,2686933
-1.843,flush_begin,0,0
-1.825,flush_end,0,2686932
-1.808,trivial_move,3,2686932
-1.800,trivial_move,4,2686930
-1.800,flush_begin,0,0
-1.783,flush_end,0,2686930
-1.766,trivial_move,3,2686931
-1.758,trivial_move,4,2686932
-1.756,flush_begin,0,0
-1.739,flush_end,0,2686932
-1.721,trivial_move,3,2686931
-1.713,trivial_move,4,2686930
-1.711,flush_begin,0,0
-1.693,flush_end,0,2686930
-1.675,trivial_move,3,2686930
-1.667,trivial_move,4,2686931
-1.666,flush_begin,0,0
-1.648,flush_end,0,2686932
-1.631,trivial_move,3,2686932
-1.623,trivial_move,4,2686931
-1.623,flush_begin,0,0
-1.605,flush_end,0,2686931
-1.588,trivial_move,3,2686930
-1.580,trivial_move,4,2686931
-1.579,flush_begin,0,0
-1.560,flush_end,0,2686930
-1.543,trivial_move,3,2686932
-1.535,trivial_move,4,2686931
-1.534,flush_begin,0,0
-1.514,flush_end,0,2686932
-1.496,trivial_move,3,2686930
-1.488,trivial_move,4,2686931
-1.487,flush_begin,0,0
-1.469,flush_end,0,2686930
-1.452,trivial_move,3,2686930
-1.444,trivial_move,4,2686930
-1.444,flush_begin,0,0
-1.426,flush_end,0,2686931
-1.409,trivial_move,3,2686932
-1.401,trivial_move,4,2686932
-1.401,flush_begin,0,0
-1.384,flush_end,0,2686931
-1.367,trivial_move,3,2686930
-1.359,trivial_move,4,2686930
-1.358,flush_begin,0,0
-1.342,flush_end,0,2686931
-1.325,trivial_move,3,2686932
-1.317,trivial_move,4,2686931
-1.316,flush_begin,0,0
-1.299,flush_end,0,2686931
-1.282,trivial_move,3,2686930
-1.274,trivial_move,4,2686931
-1.272,flush_begin,0,0
-1.256,flush_end,0,2686931
-1.239,trivial_move,3,2686931
-1.231,trivial_move,4,2686930
-1.230,flush_begin,0,0
-1.213,flush_end,0,2686930
-1.196,trivial_move,3,2686931
-1.188,trivial_move,4,2686932
-1.187,flush_begin,0,0
-1.169,flush_end,0,2686932
-1.151,trivial_move,3,2686931
-1.143,trivial_move,4,2686930
-1.142,flush_begin,0,0
-1.127,flush_end,0,2686930
-1.110,trivial_move,3,2686931
-1.101,trivial_move,4,2686932
-1.100,flush_begin,0,0
-1.085,flush_end,0,2686932
-1.068,trivial_move,3,2686931
-1.060,trivial_move,4,2686930
-1.058,flush_begin,0,0
-1.042,flush_end,0,2686930
-1.025,trivial_move,3,2686930
-1.017,trivial_move,4,2686931
-1.016,flush_begin,0,0
-0.998,flush_end,0,2686930
-0.981,trivial_move,3,2686932
-0.973,trivial_move,4,2686931
-0.971,flush_begin,0,0
-0.954,flush_end,0,2686932
-0.938,trivial_move,3,2686930
-0.930,trivial_move,4,2686932
-0.928,flush_begin,0,0
-0.911,flush_end,0,2686930
-0.894,trivial_move,3,2686931
-0.886,trivial_move,4,2686931
-0.885,flush_begin,0,0
-0.867,flush_end,0,2686932
-0.850,trivial_move,3,2686932
-0.842,trivial_move,4,2686930
-0.840,flush_begin,0,0
-0.823,flush_end,0,2686930
-0.805,trivial_move,3,2686930
-0.796,trivial_move,4,2686930
-0.794,flush_begin,0,0
-0.776,flush_end,0,2686931
-0.760,trivial_move,3,2686932
-0.752,trivial_move,4,2686931
-0.750,flush_begin,0,0
-0.733,flush_end,0,2686931
-0.716,trivial_move,3,2686930
-0.708,trivial_move,4,2686931
-0.706,flush_begin,0,0
-0.687,flush_end,0,2686932
-0.670,trivial_move,3,2686932
-0.662,trivial_move,4,2686931
-0.660,flush_begin,0,0
-0.642,flush_end,0,2686931
-0.625,trivial_move,3,2686930
-0.617,trivial_move,4,2686931
-0.617,flush_begin,0,0
-0.600,flush_end,0,2686931
-0.582,trivial_move,3,2686931
-0.573,trivial_move,4,2686930
-0.573,flush_begin,0,0
-0.555,flush_end,0,2686930
-0.537,trivial_move,3,2686931
-0.529,trivial_move,4,2686932
-0.529,flush_begin,0,0
-0.511,flush_end,0,2686932
-0.494,trivial_move,3,2686931
-0.484,trivial_move,4,2686930
-0.484,flush_begin,0,0
-0.466,flush_end,0,2686930
-0.449,trivial_move,3,2686931
-0.440,trivial_move,4,2686932
-0.440,flush_begin,0,0
-0.423,flush_end,0,2686931
-0.406,trivial_move,3,2686930
-0.398,trivial_move,4,2686930
-0.397,flush_begin,0,0
-0.380,flush_end,0,2686931
-0.362,trivial_move,3,2686930
-0.354,trivial_move,4,2686931
-0.353,flush_begin,0,0
-0.336,flush_end,0,2686930
-0.319,trivial_move,3,2686931
-0.311,trivial_move,4,2686931
-0.309,flush_begin,0,0
-0.291,flush_end,0,2686932
-0.274,trivial_move,3,2686931
-0.266,trivial_move,4,2686930
-0.265,flush_begin,0,0
-0.246,flush_end,0,2686930
-0.229,trivial_move,3,2686931
-0.221,trivial_move,4,2686932
-0.221,flush_begin,0,0
-0.202,flush_end,0,2686932
-0.185,trivial_move,3,2686931
-0.177,trivial_move,4,2686930
-0.176,flush_begin,0,0
-0.157,flush_end,0,2686930
-0.140,trivial_move,3,2686930
-0.132,trivial_move,4,2686931
-0.132,flush_begin,0,0
-0.113,flush_end,0,2686931
-0.097,trivial_move,3,2686932
-0.089,trivial_move,4,2686931
-0.088,flush_begin,0,0
-0.069,flush_end,0,2686931
-0.052,trivial_move,3,2686930
-0.044,trivial_move,4,2686931
-0.044,flush_begin,0,0
-0.024,flush_end,0,2686931
-0.007,trivial_move,3,2686932
0.001,trivial_move,4,2686931
0.002,flush_begin,0,0
0.021,flush_end,0,2686931
0.038,trivial_move,3,2686930
0.046,trivial_move,4,2686932
0.046,flush_begin,0,0
0.063,flush_end,0,2686930
0.081,trivial_move,3,2686932
0.089,trivial_move,4,2686930
0.089,flush_begin,0,0
0.109,flush_end,0,2686930
0.126,trivial_move,3,2686931
0.134,trivial_move,4,2686932
0.134,flush_begin,0,0
0.155,flush_end,0,2686931
0.172,trivial_move,3,2686930
0.180,trivial_move,4,2686930
0.180,flush_begin,0,0
0.200,flush_end,0,2686931
0.217,trivial_move,3,2686932
0.225,trivial_move,4,2686932
0.226,flush_begin,0,0
0.246,flush_end,0,2686931
0.264,trivial_move,3,2686930
0.272,trivial_move,4,2686930
0.272,flush_begin,0,0
0.290,flush_end,0,2686932
0.307,trivial_move,3,2686931
0.315,trivial_move,4,2686930
0.315,flush_begin,0,0
0.334,flush_end,0,2686930
0.351,trivial_move,3,2686931
0.359,trivial_move,4,2686932
0.359,flush_begin,0,0
0.379,flush_end,0,2686932
0.397,trivial_move,3,2686931
0.405,trivial_move,4,2686930
0.405,flush_begin,0,0
0.424,flush_end,0,2686930
0.441,trivial_move,3,2686931
0.449,trivial_move,4,2686932
0.449,flush_begin,0,0
0.469,flush_end,0,2686932
0.486,trivial_move,3,2686931
0.494,trivial_move,4,2686930
0.495,flush_begin,0,0
0.514,flush_end,0,2686930
0.531,trivial_move,3,2686930
0.539,trivial_move,4,2686931
0.540,flush_begin,0,0
0.559,flush_end,0,2686931
0.576,trivial_move,3,2686932
0.584,trivial_move,4,2686931
0.584,flush_begin,0,0
0.602,flush_end,0,2686931
0.619,trivial_move,3,2686930
0.627,trivial_move,4,2686931
0.628,flush_begin,0,0
0.648,flush_end,0,2686930
0.665,trivial_move,3,2686932
0.673,trivial_move,4,2686931
0.673,flush_begin,0,0
0.692,flush_end,0,2686932
0.709,trivial_move,3,2686930
0.717,trivial_move,4,2686931
0.718,flush_begin,0,0
0.738,flush_end,0,2686930
0.755,trivial_move,3,2686930
0.763,trivial_move,4,2686930
0.763,flush_begin,0,0
0.783,flush_end,0,2686931
0.800,trivial_move,3,2686932
0.808,trivial_move,4,2686932
0.809,flush_begin,0,0
0.828,flush_end,0,2686931
0.845,trivial_move,3,2686930
0.853,trivial_move,4,2686930
0.854,flush_begin,0,0
0.874,flush_end,0,2686931
0.892,trivial_move,3,2686932
0.900,trivial_move,4,2686931
0.901,flush_begin,0,0
0.921,flush_end,0,2686931
0.938,trivial_move,3,2686930
0.946,trivial_move,4,2686931
0.947,flush_begin,0,0
0.967,flush_end,0,2686931
0.983,trivial_move,3,2686931
0.991,trivial_move,4,2686930
0.992,flush_begin,0,0
1.012,flush_end,0,2686930
1.029,trivial_move,3,2686931
1.037,trivial_move,4,2686933
1.037,flush_begin,0,0
1.056,flush_end,0,2686932
1.073,trivial_move,3,2686932
1.081,trivial_move,4,2686930
1.082,flush_begin,0,0
1.102,flush_end,0,2686930
1.119,trivial_move,3,2686931
1.127,trivial_move,4,2686932
1.128,flush_begin,0,0
1.147,flush_end,0,2686932
1.164,trivial_move,3,2686931
1.172,trivial_move,4,2686930
1.172,flush_begin,0,0
1.189,flush_end,0,2686930
1.207,trivial_move,3,2686930
1.215,trivial_move,4,2686931
1.216,flush_begin,0,0
1.232,flush_end,0,2686930
1.249,trivial_move,3,2686932
1.257,trivial_move,4,2686931
1.259,flush_begin,0,0
1.274,flush_end,0,2686933
1.291,trivial_move,3,2686930
1.299,trivial_move,4,2686931
1.300,flush_begin,0,0
1.316,flush_end,0,2686930
1.333,trivial_move,3,2686931
1.341,trivial_move,4,2686931
1.342,flush_begin,0,0
1.358,flush_end,0,2686932
1.375,trivial_move,3,2686931
1.383,trivial_move,4,2686930
1.384,flush_begin,0,0
1.403,flush_end,0,2686930
1.420,trivial_move,3,2686930
1.428,trivial_move,4,2686930
1.430,flush_begin,0,0
1.447,flush_end,0,2686931
1.465,trivial_move,3,2686932
1.473,trivial_move,4,2686931
1.474,flush_begin,0,0
1.490,flush_end,0,2686931
1.507,trivial_move,3,2686930
1.515,trivial_move,4,2686931
1.517,flush_begin,0,0
1.533,flush_end,0,2686931
1.550,trivial_move,3,2686932
1.558,trivial_move,4,2686931
1.560,flush_begin,0,0
1.577,flush_end,0,2686931
1.594,trivial_move,3,2686930
1.602,trivial_move,4,2686931
1.604,flush_begin,0,0
1.622,flush_end,0,2686931
1.639,trivial_move,3,2686931
1.647,trivial_move,4,2686930
1.649,flush_begin,0,0
1.668,flush_end,0,2686930
1.685,trivial_move,3,2686931
1.693,trivial_move,4,2686932
1.695,flush_begin,0,0
1.715,flush_end,0,2686932
1.732,trivial_move,3,2686931
1.740,trivial_move,4,2686930
1.741,flush_begin,0,0
1.759,flush_end,0,2686930
1.774,trivial_move,3,2686931
1.788,trivial_move,4,2686932
1.789,flush_begin,0,0
1.807,flush_end,0,2686931
1.824,trivial_move,3,2686930
1.832,trivial_move,4,2686930
1.832,flush_begin,0,0
1.851,flush_end,0,2686931
1.868,trivial_move,3,2686930
1.876,trivial_move,4,2686931
1.876,flush_begin,0,0
1.895,flush_end,0,2686930
1.912,trivial_move,3,2686931
1.920,trivial_move,4,2686931
1.921,flush_begin,0,0
1.944,flush_end,0,2686932
1.961,trivial_move,3,2686931
1.969,trivial_move,4,2686930
1.970,flush_begin,0,0
1.987,flush_end,0,2686930
2.004,trivial_move,3,2686931
2.012,trivial_move,4,2686933
2.013,flush_begin,0,0
2.032,flush_end,0,2686932
2.049,trivial_move,3,2686932
2.057,trivial_move,4,2686930
2.058,flush_begin,0,0
2.078,flush_end,0,2686930
2.095,trivial_move,3,2686930
2.103,trivial_move,4,2686931
2.103,flush_begin,0,0
2.123,flush_end,0,2686931
2.140,trivial_move,3,2686932
2.148,trivial_move,4,2686931
2.149,flush_begin,0,0
2.169,flush_end,0,2686931
2.186,trivial_move,3,2686930
2.194,trivial_move,4,2686931
2.195,flush_begin,0,0
2.215,flush_end,0,2686932
2.234,trivial_move,3,2686932
2.242,trivial_move,4,2686931
2.242,flush_begin,0,0
2.266,flush_end,0,2686931
2.283,trivial_move,3,2686930
2.291,trivial_move,4,2686931
2.291,flush_begin,0,0
2.311,flush_end,0,2686930
2.329,trivial_move,3,2686931
2.337,trivial_move,4,2686930
2.337,flush_begin,0,0
2.357,flush_end,0,2686930
2.374,trivial_move,3,2686931
2.382,trivial_move,4,2686932
2.382,flush_begin,0,0
2.406,flush_end,0,2686931
2.422,trivial_move,3,2686930
2.430,trivial_move,4,2686930
2.430,flush_begin,0,0
2.450,flush_end,0,2686931
2.467,trivial_move,3,2686932
2.475,trivial_move,4,2686932
2.476,flush_begin,0,0
2.498,flush_end,0,2686931
2.516,trivial_move,3,2686930
2.524,trivial_move,4,2686930
2.526,flush_begin,0,0
2.548,flush_end,0,2686931
2.566,trivial_move,3,2686931
2.574,trivial_move,4,2686930
2.575,flush_begin,0,0
2.597,flush_end,0,2686930
2.614,trivial_move,3,2686931
2.622,trivial_move,4,2686932
2.623,flush_begin,0,0
2.641,flush_end,0,2686932
2.658,trivial_move,3,2686931
2.666,trivial_move,4,2686930
2.666,flush_begin,0,0
2.684,flush_end,0,2686930
2.701,trivial_move,3,2686931
2.710,trivial_move,4,2686932
2.711,flush_begin,0,0
2.730,flush_end,0,2686932
2.747,trivial_move,3,2686931
2.755,trivial_move,4,2686930
2.755,flush_begin,0,0
2.774,flush_end,0,2686930
2.791,trivial_move,3,2686930
2.799,trivial_move,4,2686931
2.800,flush_begin,0,0
2.818,flush_end,0,2686931
2.836,trivial_move,3,2686932
2.844,trivial_move,4,2686931
2.844,flush_begin,0,0
2.864,flush_end,0,2686931
2.881,trivial_move,3,2686930
2.889,trivial_move,4,2686931
2.890,flush_begin,0,0
2.911,flush_end,0,2686930
2.928,trivial_move,3,2686932
2.936,trivial_move,4,2686931
2.936,flush_begin,0,0
2.955,flush_end,0,2686932
2.972,trivial_move,3,2686930
2.980,trivial_move,4,2686933
2.981,flush_begin,0,0
2.998,flush_end,0,2686930
3.015,trivial_move,3,2686930
3.023,trivial_move,4,2686930
3.024,flush_begin,0,0
3.042,flush_end,0,2686931
3.059,trivial_move,3,2686933
3.067,trivial_move,4,2686932
3.068,flush_begin,0,0
3.090,flush_end,0,2686931
3.108,trivial_move,3,2686930
3.116,trivial_move,4,2686930
3.117,flush_begin,0,0
3.139,flush_end,0,2686931
3.158,trivial_move,3,2686932
3.166,trivial_move,4,2686931
3.167,flush_begin,0,0
3.185,flush_end,0,2686931
3.202,trivial_move,3,2686930
3.210,trivial_move,4,2686931
3.211,flush_begin,0,0
3.231,flush_end,0,2686933
3.247,trivial_move,3,2686931
3.255,trivial_move,4,2686930
3.256,flush_begin,0,0
3.277,flush_end,0,2686930
3.294,trivial_move,3,2686931
3.302,trivial_move,4,2686932
3.303,flush_begin,0,0
3.324,flush_end,0,2686932
3.341,trivial_move,3,2686931
3.349,trivial_move,4,2686930
3.350,flush_begin,0,0
3.373,flush_end,0,2686930
3.390,trivial_move,3,2686931
3.398,trivial_move,4,2686932
3.399,flush_begin,0,0
3.418,flush_end,0,2686932
3.436,trivial_move,3,2686931
3.444,trivial_move,4,2686930
3.445,flush_begin,0,0
3.465,flush_end,0,2686930
3.482,trivial_move,3,2686930
3.490,trivial_move,4,2686931
3.490,flush_begin,0,0
3.509,flush_end,0,2686930
3.526,trivial_move,3,2686932
3.534,trivial_move,4,2686931
3.534,flush_begin,0,0
3.552,flush_end,0,2686932
3.569,trivial_move,3,2686930
3.579,trivial_move,4,2686931
3.579,flush_begin,0,0
3.597,flush_end,0,2686930
3.614,trivial_move,3,2686931
3.622,trivial_move,4,2686931
3.622,flush_begin,0,0
3.643,flush_end,0,2686932
3.660,trivial_move,3,2686931
3.668,trivial_move,4,2686930
3.668,flush_begin,0,0
3.690,flush_end,0,2686930
3.707,trivial_move,3,2686930
3.715,trivial_move,4,2686930
3.716,flush_begin,0,0
3.735,flush_end,0,2686931
3.752,trivial_move,3,2686932
3.760,trivial_move,4,2686931
3.761,flush_begin,0,0
3.785,flush_end,0,2686931
3.803,trivial_move,3,2686930
3.811,trivial_move,4,2686931
3.811,flush_begin,0,0
3.833,flush_end,0,2686931
3.849,trivial_move,3,2686932
3.857,trivial_move,4,2686931
3.858,flush_begin,0,0
3.881,flush_end,0,2686931
3.898,trivial_move,3,2686930
3.906,trivial_move,4,2686931
3.907,flush_begin,0,0
3.928,flush_end,0,2686931
3.945,trivial_move,3,2686931
3.953,trivial_move,4,2686930
3.954,flush_begin,0,0
3.972,flush_end,0,2686930
3.987,trivial_move,3,2686931
3.995,trivial_move,4,2686933
3.995,flush_begin,0,0
4.014,flush_end,0,2686932
4.031,trivial_move,3,2686932
4.039,trivial_move,4,2686930
4.039,flush_begin,0,0
4.058,flush_end,0,2686930
4.075,trivial_move,3,2686931
4.083,trivial_move,4,2686932
4.083,flush_begin,0,0
4.102,flush_end,0,2686931
4.119,trivial_move,3,2686930
4.127,trivial_move,4,2686930
4.127,flush_begin,0,0
4.149,flush_end,0,2686931
4.166,trivial_move,3,2686930
4.174,trivial_move,4,2686931
4.175,flush_begin,0,0
4.195,flush_end,0,2686930
4.213,trivial_move,3,2686931
4.221,trivial_move,4,2686931
4.221,flush_begin,0,0
4.239,flush_end,0,2686933
4.256,trivial_move,3,2686931
4.264,trivial_move,4,2686930
4.264,flush_begin,0,0
4.282,flush_end,0,2686930
4.300,trivial_move,3,2686931
4.308,trivial_move,4,2686932
4.308,flush_begin,0,0
4.328,flush_end,0,2686932
4.345,trivial_move,3,2686931
4.353,trivial_move,4,2686930
4.354,flush_begin,0,0
4.372,flush_end,0,2686930
4.389,trivial_move,3,2686930
4.397,trivial_move,4,2686931
4.398,flush_begin,0,0
4.416,flush_end,0,2686931
4.434,trivial_move,3,2686932
4.442,trivial_move,4,2686931
4.442,flush_begin,0,0
4.462,flush_end,0,2686931
4.479,trivial_move,3,2686930
4.487,trivial_move,4,2686931
4.488,flush_begin,0,0
4.509,flush_end,0,2686931
4.527,trivial_move,3,2686932
4.535,trivial_move,4,2686931
4.536,flush_begin,0,0
4.555,flush_end,0,2686931
4.572,trivial_move,3,2686930
4.578,trivial_move,4,2686931
4.578,flush_begin,0,0
4.596,flush_end,0,2686930
4.614,trivial_move,3,2686931
4.622,trivial_move,4,2686930
4.622,flush_begin,0,0
4.642,flush_end,0,2686930
4.659,trivial_move,3,2686931
4.667,trivial_move,4,2686932
4.667,flush_begin,0,0
4.686,flush_end,0,2686931
4.703,trivial_move,3,2686930
4.711,trivial_move,4,2686930
4.712,flush_begin,0,0
4.732,flush_end,0,2686931
4.749,trivial_move,3,2686932
4.757,trivial_move,4,2686932
4.758,flush_begin,0,0
4.777,flush_end,0,2686931
4.794,trivial_move,3,2686930
4.802,trivial_move,4,2686930
4.803,flush_begin,0,0
4.821,flush_end,0,2686931
4.838,trivial_move,3,2686931
4.846,trivial_move,4,2686930
4.846,flush_begin,0,0
4.866,flush_end,0,2686930
4.883,trivial_move,3,2686931
4.891,trivial_move,4,2686932
4.891,flush_begin,0,0
4.910,flush_end,0,2686932
4.927,trivial_move,3,2686931
4.936,trivial_move,4,2686930
4.937,flush_begin,0,0
4.958,flush_end,0,2686930
4.975,trivial_move,3,2686931
4.983,trivial_move,4,2686933
4.984,flush_begin,0,0
5.006,flush_end,0,2686932
5.023,trivial_move,3,2686933
5.031,trivial_move,4,2686930
5.032,flush_begin,0,0
5.054,flush_end,0,2686930
5.071,trivial_move,3,2686930
5.079,trivial_move,4,2686931
5.079,flush_begin,0,0
5.097,flush_end,0,2686931
5.114,trivial_move,3,2686932
5.123,trivial_move,4,2686931
5.124,flush_begin,0,0
5.140,flush_end,0,2686931
5.157,trivial_move,3,2686930
5.165,trivial_move,4,2686931
5.167,flush_begin,0,0
5.183,flush_end,0,2686930
5.201,trivial_move,3,2686932
5.209,trivial_move,4,2686931
5.212,flush_begin,0,0
5.228,flush_end,0,2686933
5.245,trivial_move,3,2686930
5.253,trivial_move,4,2686931
5.254,flush_begin,0,0
5.271,flush_end,0,2686930
5.288,trivial_move,3,2686930
5.296,trivial_move,4,2686930
5.297,flush_begin,0,0
5.314,flush_end,0,2686931
5.331,trivial_move,3,2686932
5.339,trivial_move,4,2686932
5.340,flush_begin,0,0
5.356,flush_end,0,2686931
5.373,trivial_move,3,2686930
5.382,trivial_move,4,2686930
5.384,flush_begin,0,0
5.401,flush_end,0,2686931
5.418,trivial_move,3,2686932
5.426,trivial_move,4,2686931
5.428,flush_begin,0,0
5.447,flush_end,0,2686931
5.464,trivial_move,3,2686930
5.474,trivial_move,4,2686931
5.474,flush_begin,0,0
5.492,flush_end,0,2686931
5.510,trivial_move,3,2686931
5.518,trivial_move,4,2686930
5.518,flush_begin,0,0
5.539,flush_end,0,2686930
5.556,trivial_move,3,2686931
5.564,trivial_move,4,2686932
5.565,flush_begin,0,0
5.584,flush_end,0,2686932
5.601,trivial_move,3,2686931
5.609,trivial_move,4,2686930
5.609,flush_begin,0,0
5.628,flush_end,0,2686930
5.645,trivial_move,3,2686931
5.653,trivial_move,4,2686932
5.654,flush_begin,0,0
5.673,flush_end,0,2686932
5.690,trivial_move,3,2686931
5.698,trivial_move,4,2686930
5.700,flush_begin,0,0
5.717,flush_end,0,2686930
5.735,trivial_move,3,2686930
5.743,trivial_move,4,2686931
5.744,flush_begin,0,0
5.762,flush_end,0,2686930
5.779,trivial_move,3,2686932
5.787,trivial_move,4,2686931
5.789,flush_begin,0,0
5.808,flush_end,0,2686932
5.825,trivial_move,3,2686930
5.833,trivial_move,4,2686931
5.833,flush_begin,0,0
5.851,flush_end,0,2686930
5.868,trivial_move,3,2686931
5.876,trivial_move,4,2686931
5.876,flush_begin,0,0
5.895,flush_end,0,2686932
5.912,trivial_move,3,2686931
5.920,trivial_move,4,2686930
5.920,flush_begin,0,0
5.938,flush_end,0,2686930
5.955,trivial_move,3,2686930
5.963,trivial_move,4,2686930
5.963,flush_begin,0,0
5.982,flush_end,0,2686931
5.999,trivial_move,3,2686933
6.005,trivial_move,4,2686931
6.005,flush_begin,0,0
6.025,flush_end,0,2686931
6.042,trivial_move,3,2686930
6.049,trivial_move,4,2686931
6.049,flush_begin,0,0
6.066,flush_end,0,2686931
6.083,trivial_move,3,2686932
6.090,trivial_move,4,2686931
6.090,flush_begin,0,0
6.107,flush_end,0,2686931
6.124,trivial_move,3,2686930
6.132,trivial_move,4,2686931
6.132,flush_begin,0,0
6.150,flush_end,0,2686932
6.169,trivial_move,3,2686931
6.177,trivial_move,4,2686930
6.178,flush_begin,0,0
6.198,flush_end,0,2686930
6.215,trivial_move,3,2686931
6.223,trivial_move,4,2686932
6.224,flush_begin,0,0
6.240,flush_end,0,2686932
6.257,trivial_move,3,2686931
6.265,trivial_move,4,2686930
6.266,flush_begin,0,0
6.282,flush_end,0,2686930
6.299,trivial_move,3,2686931
6.307,trivial_move,4,2686932
6.308,flush_begin,0,0
6.323,flush_end,0,2686931
6.340,trivial_move,3,2686930
6.348,trivial_move,4,2686930
6.349,flush_begin,0,0
6.367,flush_end,0,2686931
6.384,trivial_move,3,2686930
6.392,trivial_move,4,2686931
6.393,flush_begin,0,0
6.410,flush_end,0,2686930
6.427,trivial_move,3,2686931
6.435,trivial_move,4,2686931
6.436,flush_begin,0,0
6.452,flush_end,0,2686932
6.469,trivial_move,3,2686931
6.477,trivial_move,4,2686930
6.478,flush_begin,0,0
6.497,flush_end,0,2686930
6.514,trivial_move,3,2686931
6.522,trivial_move,4,2686932
6.524,flush_begin,0,0
6.542,flush_end,0,2686932
6.560,trivial_move,3,2686931
6.568,trivial_move,4,2686930
6.569,flush_begin,0,0
6.588,flush_end,0,2686930
6.605,trivial_move,3,2686930
6.613,trivial_move,4,2686931
6.617,flush_begin,0,0
6.634,flush_end,0,2686931
6.652,trivial_move,3,2686932
6.660,trivial_move,4,2686931
6.662,flush_begin,0,0
6.680,flush_end,0,2686931
6.697,trivial_move,3,2686930
6.705,trivial_move,4,2686931
6.707,flush_begin,0,0
6.723,flush_end,0,2686931
6.741,trivial_move,3,2686932
6.749,trivial_move,4,2686931
6.750,flush_begin,0,0
6.768,flush_end,0,2686931
6.785,trivial_move,3,2686930
6.796,trivial_move,4,2686931
6.796,flush_begin,0,0
6.815,flush_end,0,2686930
6.832,trivial_move,3,2686931
6.839,trivial_move,4,2686930
6.839,flush_begin,0,0
6.858,flush_end,0,2686930
6.875,trivial_move,3,2686931
6.883,trivial_move,4,2686933
6.884,flush_begin,0,0
6.902,flush_end,0,2686931
6.919,trivial_move,3,2686930
6.927,trivial_move,4,2686930
6.928,flush_begin,0,0
6.945,flush_end,0,2686931
6.962,trivial_move,3,2686933
6.970,trivial_move,4,2686932
6.970,flush_begin,0,0
6.988,flush_end,0,2686931
7.005,trivial_move,3,2686930
7.013,trivial_move,4,2686930
7.014,flush_begin,0,0
7.030,flush_end,0,2686931
7.047,trivial_move,3,2686931
7.055,trivial_move,4,2686930
7.056,flush_begin,0,0
7.074,flush_end,0,2686930
7.092,trivial_move,3,2686931
7.100,trivial_move,4,2686932
7.102,flush_begin,0,0
7.119,flush_end,0,2686933
7.136,trivial_move,3,2686931
7.144,trivial_move,4,2686930
7.146,flush_begin,0,0
7.164,flush_end,0,2686930
7.182,trivial_move,3,2686931
7.192,trivial_move,4,2686932
7.194,flush_begin,0,0
7.211,flush_end,0,2686932
7.228,trivial_move,3,2686931
7.236,trivial_move,4,2686930
7.236,flush_begin,0,0
7.254,flush_end,0,2686930
7.271,trivial_move,3,2686930
7.279,trivial_move,4,2686931
7.280,flush_begin,0,0
7.299,flush_end,0,2686931
7.316,trivial_move,3,2686932
7.324,trivial_move,4,2686931
7.325,flush_begin,0,0
7.345,flush_end,0,2686931
7.362,trivial_move,3,2686930
7.370,trivial_move,4,2686931
7.371,flush_begin,0,0
7.394,flush_end,0,2686930
7.411,trivial_move,3,2686932
7.419,trivial_move,4,2686931
7.420,flush_begin,0,0
7.441,flush_end,0,2686932
7.458,trivial_move,3,2686930
7.466,trivial_move,4,2686931
7.467,flush_begin,0,0
7.487,flush_end,0,2686930
7.504,trivial_move,3,2686930
7.512,trivial_move,4,2686930
7.513,flush_begin,0,0
7.533,flush_end,0,2686931
7.550,trivial_move,3,2686932
7.558,trivial_move,4,2686932
7.559,flush_begin,0,0
7.580,flush_end,0,2686931
7.597,trivial_move,3,2686930
7.605,trivial_move,4,2686930
7.606,flush_begin,0,0
7.627,flush_end,0,2686931
7.645,trivial_move,3,2686932
7.653,trivial_move,4,2686931
7.653,flush_begin,0,0
7.671,flush_end,0,2686931
7.688,trivial_move,3,2686930
7.696,trivial_move,4,2686931
7.698,flush_begin,0,0
7.718,flush_end,0,2686931
7.735,trivial_move,3,2686931
7.743,trivial_move,4,2686930
7.745,flush_begin,0,0
7.763,flush_end,0,2686930
7.782,trivial_move,3,2686931
7.790,trivial_move,4,2686932
7.792,flush_begin,0,0
7.810,flush_end,0,2686932
7.829,trivial_move,3,2686931
7.837,trivial_move,4,2686930
7.838,flush_begin,0,0
7.857,flush_end,0,2686930
7.874,trivial_move,3,2686931
7.882,trivial_move,4,2686933
7.883,flush_begin,0,0
7.902,flush_end,0,2686932
7.919,trivial_move,3,2686932
7.927,trivial_move,4,2686930
7.928,flush_begin,0,0
7.946,flush_end,0,2686930
7.963,trivial_move,3,2686930
7.971,trivial_move,4,2686931
7.972,flush_begin,0,0
7.990,flush_end,0,2686930
8.007,trivial_move,3,2686932
8.015,trivial_move,4,2686931
8.016,flush_begin,0,0
8.039,flush_end,0,2686932
8.056,trivial_move,3,2686930
8.064,trivial_move,4,2686931
8.065,flush_begin,0,0
8.084,flush_end,0,2686930
8.097,trivial_move,3,2686931
8.109,trivial_move,4,2686931
8.110,flush_begin,0,0
8.132,flush_end,0,2686933
8.149,trivial_move,3,2686931
8.157,trivial_move,4,2686930
8.157,flush_begin,0,0
8.179,flush_end,0,2686930
8.196,trivial_move,3,2686930
8.204,trivial_move,4,2686930
8.205,flush_begin,0,0
8.225,flush_end,0,2686931
8.241,trivial_move,3,2686932
8.249,trivial_move,4,2686931
8.250,flush_begin,0,0
8.272,flush_end,0,2686931
8.289,trivial_move,3,2686930
8.297,trivial_move,4,2686931
8.298,flush_begin,0,0
8.318,flush_end,0,2686931
8.335,trivial_move,3,2686932
8.343,trivial_move,4,2686931
8.344,flush_begin,0,0
8.366,flush_end,0,2686931
8.383,trivial_move,3,2686930
8.391,trivial_move,4,2686931
8.392,flush_begin,0,0
8.416,flush_end,0,2686931
8.433,trivial_move,3,2686931
8.441,trivial_move,4,2686930
8.442,flush_begin,0,0
8.466,flush_end,0,2686930
8.484,trivial_move,3,2686931
8.492,trivial_move,4,2686932
8.493,flush_begin,0,0
8.516,flush_end,0,2686932
8.533,trivial_move,3,2686931
8.542,trivial_move,4,2686930
8.542,flush_begin,0,0
8.558,flush_end,0,2686930
8.574,trivial_move,3,2686931
8.583,trivial_move,4,2686932
8.584,flush_begin,0,0
8.600,flush_end,0,2686931
8.618,trivial_move,3,2686930
8.626,trivial_move,4,2686930
8.627,flush_begin,0,0
8.644,flush_end,0,2686931
8.663,trivial_move,3,2686930
8.671,trivial_move,4,2686931
8.672,flush_begin,0,0
8.689,flush_end,0,2686930
8.707,trivial_move,3,2686931
8.716,trivial_move,4,2686931
8.718,flush_begin,0,0
8.738,flush_end,0,2686932
8.755,trivial_move,3,2686931
8.763,trivial_move,4,2686930
8.764,flush_begin,0,0
8.781,flush_end,0,2686930
8.798,trivial_move,3,2686931
8.808,trivial_move,4,2686932
8.808,flush_begin,0,0
8.828,flush_end,0,2686932
8.845,trivial_move,3,2686931
8.853,trivial_move,4,2686930
8.853,flush_begin,0,0
8.874,flush_end,0,2686930
8.891,trivial_move,3,2686930
8.899,trivial_move,4,2686932
8.899,flush_begin,0,0
8.917,flush_end,0,2686931
8.934,trivial_move,3,2686933
8.941,trivial_move,4,2686931
8.941,flush_begin,0,0
8.959,flush_end,0,2686931
8.976,trivial_move,3,2686930
8.984,trivial_move,4,2686931
8.984,flush_begin,0,0
9.010,flush_end,0,2686931
9.028,trivial_move,3,2686932
9.036,trivial_move,4,2686931
9.038,flush_begin,0,0
9.063,flush_end,0,2686931
9.080,trivial_move,3,2686930
9.088,trivial_move,4,2686931
9.090,flush_begin,0,0
9.112,flush_end,0,2686930
9.129,trivial_move,3,2686931
9.137,trivial_move,4,2686930
9.138,flush_begin,0,0
9.165,flush_end,0,2686930
9.183,trivial_move,3,2686931
9.191,trivial_move,4,2686932
9.192,flush_begin,0,0
9.213,flush_end,0,2686931
9.229,trivial_move,3,2686930
9.237,trivial_move,4,2686930
9.237,flush_begin,0,0
9.256,flush_end,0,2686931
9.274,trivial_move,3,2686932
9.282,trivial_move,4,2686932
9.283,flush_begin,0,0
9.301,flush_end,0,2686931
9.318,trivial_move,3,2686930
9.326,trivial_move,4,2686930
9.327,flush_begin,0,0
9.346,flush_end,0,2686931
9.363,trivial_move,3,2686931
9.371,trivial_move,4,2686930
9.372,flush_begin,0,0
9.394,flush_end,0,2686930
9.410,trivial_move,3,2686931
9.418,trivial_move,4,2686932
9.419,flush_begin,0,0
9.439,flush_end,0,2686932
9.456,trivial_move,3,2686931
9.464,trivial_move,4,2686930
9.465,flush_begin,0,0
9.487,flush_end,0,2686930
9.504,trivial_move,3,2686931
9.512,trivial_move,4,2686932
9.513,flush_begin,0,0
9.531,flush_end,0,2686932
9.548,trivial_move,3,2686931
9.556,trivial_move,4,2686930
9.557,flush_begin,0,0
9.576,flush_end,0,2686930
9.593,trivial_move,3,2686930
9.601,trivial_move,4,2686931
9.602,flush_begin,0,0
9.621,flush_end,0,2686931
9.638,trivial_move,3,2686932
9.646,trivial_move,4,2686931
9.647,flush_begin,0,0
9.667,flush_end,0,2686931
9.686,trivial_move,3,2686930
9.695,trivial_move,4,2686931
9.696,flush_begin,0,0
9.716,flush_end,0,2686930
9.733,trivial_move,3,2686932
9.741,trivial_move,4,2686931
9.741,flush_begin,0,0
9.762,flush_end,0,2686932
9.779,trivial_move,3,2686930
9.787,trivial_move,4,2686931
9.788,flush_begin,0,0
9.809,flush_end,0,2686930
9.826,trivial_move,3,2686930
9.834,trivial_move,4,2686930
9.834,flush_begin,0,0
9.855,flush_end,0,2686931
9.872,trivial_move,3,2686932
9.880,trivial_move,4,2686933
9.880,flush_begin,0,0
9.902,flush_end,0,2686931
9.919,trivial_move,3,2686930
9.927,trivial_move,4,2686930
9.928,flush_begin,0,0
9.948,flush_end,0,2686931
9.965,trivial_move,3,2686933
9.973,trivial_move,4,2686931
9.973,flush_begin,0,0
9.992,flush_end,0,2686931
10.010,trivial_move,3,2686930
10.018,trivial_move,4,2686931
10.019,flush_begin,0,0
10.040,flush_end,0,2686931
10.057,trivial_move,3,2686931
10.065,trivial_move,4,2686930
10.066,flush_begin,0,0
10.086,flush_end,0,2686930
10.103,trivial_move,3,2686931
10.111,trivial_move,4,2686932
10.112,flush_begin,0,0
10.133,flush_end,0,2686933
10.152,trivial_move,3,2686931
10.160,trivial_move,4,2686930
10.161,flush_begin,0,0
10.181,flush_end,0,2686930
10.198,trivial_move,3,2686931
10.206,trivial_move,4,2686932
10.208,flush_begin,0,0
10.228,flush_end,0,2686932
10.249,trivial_move,3,2686931
10.249,flush_begin,0,0
10.265,flush_end,0,2686930
10.282,trivial_move,3,2686930
10.290,trivial_move,4,2686930
10.290,flush_begin,0,0
10.302,flush_end,0,2686930
10.318,trivial_move,3,2686932
10.318,flush_begin,0,0
10.331,flush_end,0,2686932
10.348,trivial_move,3,2686930
10.356,trivial_move,4,2686931
10.356,flush_begin,0,0
10.369,flush_end,0,2686930
10.386,trivial_move,3,2686931
10.393,trivial_move,4,2686931
10.401,trivial_move,4,2686931
10.401,flush_begin,0,0
10.416,flush_end,0,2686932
10.434,trivial_move,3,2686931
10.443,trivial_move,4,2686931
10.443,flush_begin,0,0
10.458,flush_end,0,2686930
10.475,trivial_move,3,2686930
10.483,trivial_move,4,2686930
10.491,trivial_move,4,2686930
10.491,flush_begin,0,0
10.509,flush_end,0,2686931
10.526,trivial_move,3,2686932
10.533,trivial_move,4,2686931
10.533,flush_begin,0,0
10.554,flush_end,0,2686931
10.572,trivial_move,3,2686930
10.580,trivial_move,4,2686931
10.580,flush_begin,0,0
10.599,flush_end,0,2686931
10.617,trivial_move,3,2686932
10.627,trivial_move,4,2686931
10.627,flush_begin,0,0
10.645,flush_end,0,2686931
10.662,trivial_move,3,2686930
10.670,trivial_move,4,2686931
10.672,flush_begin,0,0
10.689,flush_end,0,2686931
10.706,trivial_move,3,2686931
10.714,trivial_move,4,2686930
10.715,flush_begin,0,0
10.735,flush_end,0,2686930
10.753,trivial_move,3,2686931
10.762,trivial_move,4,2686932
10.762,flush_begin,0,0
10.781,flush_end,0,2686932
10.798,trivial_move,3,2686931
10.806,trivial_move,4,2686930
10.808,flush_begin,0,0
10.827,flush_end,0,2686930
10.845,trivial_move,3,2686931
10.853,trivial_move,4,2686933
10.853,flush_begin,0,0
10.874,flush_end,0,2686931
10.891,trivial_move,3,2686930
10.899,trivial_move,4,2686930
10.900,flush_begin,0,0
10.918,flush_end,0,2686931
10.935,trivial_move,3,2686930
10.943,trivial_move,4,2686931
10.943,flush_begin,0,0
10.966,flush_end,0,2686930
10.983,trivial_move,3,2686931
10.991,trivial_move,4,2686931
10.992,flush_begin,0,0
11.013,flush_end,0,2686932
11.029,trivial_move,3,2686931
11.037,trivial_move,4,2686930
11.038,flush_begin,0,0
11.057,flush_end,0,2686930
11.074,trivial_move,3,2686931
11.082,trivial_move,4,2686932
11.082,flush_begin,0,0
11.103,flush_end,0,2686933
11.120,trivial_move,3,2686931
11.128,trivial_move,4,2686930
11.128,flush_begin,0,0
11.149,flush_end,0,2686930
11.166,trivial_move,3,2686930
11.174,trivial_move,4,2686931
11.174,flush_begin,0,0
11.192,flush_end,0,2686931
11.209,trivial_move,3,2686932
11.217,trivial_move,4,2686931
11.219,flush_begin,0,0
11.239,flush_end,0,2686931
11.256,trivial_move,3,2686930
11.265,trivial_move,4,2686931
11.265,flush_begin,0,0
11.283,flush_end,0,2686931
11.300,trivial_move,3,2686932
11.309,trivial_move,4,2686931
11.311,flush_begin,0,0
11.330,flush_end,0,2686931
11.347,trivial_move,3,2686930
11.355,trivial_move,4,2686931
11.357,flush_begin,0,0
11.375,flush_end,0,2686930
11.393,trivial_move,3,2686931
11.402,trivial_move,4,2686930
11.403,flush_begin,0,0
11.421,flush_end,0,2686930
11.438,trivial_move,3,2686931
11.448,trivial_move,4,2686932
11.451,flush_begin,0,0
11.467,flush_end,0,2686931
11.485,trivial_move,3,2686930
11.493,trivial_move,4,2686930
11.494,flush_begin,0,0
11.513,flush_end,0,2686931
11.530,trivial_move,3,2686932
11.538,trivial_move,4,2686932
11.539,flush_begin,0,0
11.556,flush_end,0,2686931
11.573,trivial_move,3,2686930
11.581,trivial_move,4,2686930
11.582,flush_begin,0,0
11.601,flush_end,0,2686931
11.617,trivial_move,3,2686931
11.625,trivial_move,4,2686930
11.627,flush_begin,0,0
11.645,flush_end,0,2686930
11.662,trivial_move,3,2686931
11.670,trivial_move,4,2686932
11.672,flush_begin,0,0
11.689,flush_end,0,2686932
11.707,trivial_move,3,2686931
11.716,trivial_move,4,2686930
11.718,flush_begin,0,0
11.736,flush_end,0,2686930
11.754,trivial_move,3,2686931
11.762,trivial_move,4,2686932
11.764,flush_begin,0,0
11.782,flush_end,0,2686932
11.799,trivial_move,3,2686931
11.809,trivial_move,4,2686930
11.809,flush_begin,0,0
11.827,flush_end,0,2686930
11.847,trivial_move,3,2686930
11.855,trivial_move,4,2686932
11.855,flush_begin,0,0
11.875,flush_end,0,2686931
11.892,trivial_move,3,2686933
11.900,trivial_move,4,2686931
11.901,flush_begin,0,0
11.920,flush_end,0,2686931
11.939,trivial_move,3,2686930
11.947,trivial_move,4,2686931
11.948,flush_begin,0,0
11.967,flush_end,0,2686930
11.984,trivial_move,3,2686932
11.992,trivial_move,4,2686931
11.992,flush_begin,0,0
12.011,flush_end,0,2686932
12.029,trivial_move,3,2686930
12.037,trivial_move,4,2686931
12.038,flush_begin,0,0
12.058,flush_end,0,2686930
12.075,trivial_move,3,2686930
12.083,trivial_move,4,2686930
12.084,flush_begin,0,0
12.102,flush_end,0,2686932
12.119,trivial_move,3,2686932
12.127,trivial_move,4,2686932
12.127,flush_begin,0,0
12.151,flush_end,0,2686931
12.169,trivial_move,3,2686930
12.177,trivial_move,4,2686930
12.178,flush_begin,0,0
12.198,flush_end,0,2686931
12.215,trivial_move,3,2686932
12.223,trivial_move,4,2686931
12.224,flush_begin,0,0
12.245,flush_end,0,2686931
12.262,trivial_move,3,2686930
12.270,trivial_move,4,2686931
12.271,flush_begin,0,0
12.292,flush_end,0,2686931
12.309,trivial_move,3,2686931
12.317,trivial_move,4,2686930
12.319,flush_begin,0,0
12.341,flush_end,0,2686930
12.358,trivial_move,3,2686931
12.366,trivial_move,4,2686932
12.367,flush_begin,0,0
12.386,flush_end,0,2686932
12.403,trivial_move,3,2686931
12.411,trivial_move,4,2686930
12.411,flush_begin,0,0
12.432,flush_end,0,2686930
12.449,trivial_move,3,2686931
12.457,trivial_move,4,2686932
12.458,flush_begin,0,0
12.481,flush_end,0,2686932
12.498,trivial_move,3,2686931
12.506,trivial_move,4,2686930
12.506,flush_begin,0,0
12.528,flush_end,0,2686930
12.545,trivial_move,3,2686930
12.553,trivial_move,4,2686931
12.554,flush_begin,0,0
12.573,flush_end,0,2686930
12.591,trivial_move,3,2686932
12.591,flush_begin,0,0
12.610,flush_end,0,2686932
12.627,trivial_move,3,2686930
12.635,trivial_move,4,2686931
12.643,trivial_move,4,2686931
12.644,flush_begin,0,0
12.665,flush_end,0,2686930
12.682,trivial_move,3,2686931
12.690,trivial_move,4,2686931
12.692,flush_begin,0,0
12.713,flush_end,0,2686932
12.730,trivial_move,3,2686931
12.738,trivial_move,4,2686930
12.738,flush_begin,0,0
12.758,flush_end,0,2686930
12.776,trivial_move,3,2686930
12.784,trivial_move,4,2686930
12.784,flush_begin,0,0
12.805,flush_end,0,2686931
12.823,trivial_move,3,2686932
12.831,trivial_move,4,2686931
12.832,flush_begin,0,0
12.851,flush_end,0,2686931
12.868,trivial_move,3,2686930
12.876,trivial_move,4,2686933
12.876,flush_begin,0,0
12.896,flush_end,0,2686931
12.913,trivial_move,3,2686933
12.921,trivial_move,4,2686931
12.921,flush_begin,0,0
12.941,flush_end,0,2686931
12.958,trivial_move,3,2686930
12.966,trivial_move,4,2686931
12.967,flush_begin,0,0
12.986,flush_end,0,2686931
13.003,trivial_move,3,2686931
13.011,trivial_move,4,2686930
13.011,flush_begin,0,0
13.031,flush_end,0,2686930
13.048,trivial_move,3,2686931
13.055,trivial_move,4,2686932
13.055,flush_begin,0,0
13.074,flush_end,0,2570063
13.091,trivial_move,3,2686931
13.099,trivial_move,4,2686930
13.099,compaction_begin,2,0
13.147,compaction_end,2,5374078
13.167,trivial_move,4,2686932
13.167,compaction_begin,2,0
13.203,compaction_end,2,5374077
13.222,trivial_move,4,2686930
13.222,compaction_begin,2,0
13.256,compaction_end,2,5374079
13.273,trivial_move,4,2686931
13.273,compaction_begin,2,0
13.306,compaction_end,2,5374079
13.323,trivial_move,4,2686931
13.323,compaction_begin,2,0
13.353,compaction_end,2,5374079
13.371,trivial_move,4,2686930
13.371,compaction_begin,2,0
13.401,compaction_end,2,5374079
13.418,trivial_move,4,2686932
13.418,compaction_begin,2,0
13.448,compaction_end,2,5374078
13.466,trivial_move,4,2686930
13.466,compaction_begin,2,0
13.496,compaction_end,2,5374079
13.515,trivial_move,4,2686931
13.515,compaction_begin,2,0
13.545,compaction_end,2,5374080
13.562,trivial_move,4,2686931
13.562,compaction_begin,2,0
13.593,compaction_end,2,5374079
13.612,trivial_move,4,2686931
13.612,compaction_begin,2,0
13.642,compaction_end,2,5374079
13.660,trivial_move,4,2686931
13.660,compaction_begin,2,0
13.690,compaction_end,2,5374078
13.710,trivial_move,4,2686931
13.710,compaction_begin,2,0
13.740,compaction_end,2,5374079
13.760,trivial_move,4,2686930
13.760,compaction_begin,2,0
13.789,compaction_end,2,5374078
13.808,trivial_move,4,2686932
13.808,compaction_begin,2,0
13.839,compaction_end,2,5374079
13.858,trivial_move,4,2686930
13.858,compaction_begin,2,0
13.890,compaction_end,2,5374079
13.910,trivial_move,4,2686933
13.910,compaction_begin,2,0
13.943,compaction_end,2,5374078
13.962,trivial_move,4,2686930
13.962,compaction_begin,2,0
13.994,compaction_end,2,5374079
14.012,trivial_move,4,2686930
14.012,compaction_begin,2,0
14.043,compaction_end,2,5374079
14.063,trivial_move,4,2686932
14.063,compaction_begin,2,0
14.079,compaction_end,2,2570063
14.096,trivial_move,4,2686930
14.105,trivial_move,4,2686932
14.105,compaction_begin,3,0
14.214,compaction_end,3,5374079
14.231,trivial_move,4,2686931
14.231,compaction_begin,3,0
14.297,compaction_end,3,5374079
14.316,trivial_move,4,2686931
14.316,compaction_begin,3,0
14.382,compaction_end,3,5374077
14.400,trivial_move,4,2686930
14.400,compaction_begin,3,0
14.472,compaction_end,3,5374079
14.492,trivial_move,4,2686930
14.492,compaction_begin,3,0
14.560,compaction_end,3,5374079
14.580,trivial_move,4,2686932
14.580,compaction_begin,3,0
14.647,compaction_end,3,5374080
14.665,trivial_move,4,2686931
14.665,compaction_begin,3,0
14.747,compaction_end,3,5374079
14.757,compaction_begin,3,0
14.816,compaction_end,3,5374079
14.826,compaction_begin,3,0
14.873,compaction_end,3,5374079
14.882,compaction_begin,3,0
14.956,compaction_end,3,5374079
14.966,compaction_begin,3,0
15.032,compaction_end,3,5374078
15.042,compaction_begin,3,0
15.136,compaction_end,3,5374079
15.146,compaction_begin,3,0
15.226,compaction_end,3,5374079
15.237,compaction_begin,3,0
15.308,compaction_end,3,5374078
15.318,compaction_begin,3,0
15.392,compaction_end,3,5374079
15.403,compaction_begin,3,0
15.473,compaction_end,3,5374078
15.483,compaction_begin,3,0
15.545,compaction_end,3,5374080
15.555,compaction_begin,3,0
15.601,compaction_end,3,5374079
15.611,compaction_begin,3,0
15.660,compaction_end,3,5374079
15.670,compaction_begin,3,0
15.719,compaction_end,3,5374079
15.728,compaction_begin,3,0
15.812,compaction_end,3,5374078
15.822,compaction_begin,3,0
15.869,compaction_end,3,5374079
15.878,compaction_begin,3,0
15.932,compaction_end,3,5374079
15.941,compaction_begin,3,0
15.987,compaction_end,3,5374079
15.997,compaction_begin,3,0
16.073,compaction_end,3,5374079
16.081,compaction_begin,3,0
16.145,compaction_end,3,5374077
16.155,compaction_begin,3,0
16.205,compaction_end,3,5374078
16.215,compaction_begin,3,0
16.262,compaction_end,3,5374080
16.272,compaction_begin,3,0
16.318,compaction_end,3,5374079
16.328,compaction_begin,3,0
16.410,compaction_end,3,5374079
16.420,compaction_begin,3,0
16.468,compaction_end,3,5374078
16.478,compaction_begin,3,0
16.563,compaction_end,3,5374079
16.572,compaction_begin,3,0
16.634,compaction_end,3,5374079
16.644,compaction_begin,3,0
16.718,compaction_end,3,5374079
16.728,compaction_begin,3,0
16.786,compaction_end,3,5374079
16.796,compaction_begin,3,0
16.843,compaction_end,3,5374078
16.853,compaction_begin,3,0
16.899,compaction_end,3,5374079
16.909,compaction_begin,3,0
16.956,compaction_end,3,5374080
16.966,compaction_begin,3,0
17.052,compaction_end,3,5374078
17.062,compaction_begin,3,0
17.113,compaction_end,3,5374079
17.123,compaction_begin,3,0
17.172,compaction_end,3,5374078
17.181,compaction_begin,3,0
17.228,compaction_end,3,5374079
17.238,compaction_begin,3,0
17.284,compaction_end,3,5374079
17.293,compaction_begin,3,0
17.375,compaction_end,3,5374079
17.384,compaction_begin,3,0
17.432,compaction_end,3,5374079
17.441,compaction_begin,3,0
17.494,compaction_end,3,5374078
17.503,compaction_begin,3,0
17.556,compaction_end,3,5374079
17.565,compaction_begin,3,0
17.612,compaction_end,3,5374079
17.621,compaction_begin,3,0
17.706,compaction_end,3,5374080
17.718,compaction_begin,3,0
17.764,compaction_end,3,5374079
17.773,compaction_begin,3,0
17.820,compaction_end,3,5374077
17.829,compaction_begin,3,0
17.875,compaction_end,3,5374078
17.884,compaction_begin,3,0
17.933,compaction_end,3,5374079
17.943,compaction_begin,3,0
18.025,compaction_end,3,5374079
18.034,compaction_begin,3,0
18.080,compaction_end,3,5374079
18.089,compaction_begin,3,0
18.135,compaction_end,3,5374078
18.145,compaction_begin,3,0
18.194,compaction_end,3,5374079
18.203,compaction_begin,3,0
18.252,compaction_end,3,5374079
18.262,compaction_begin,3,0
18.334,compaction_end,3,5374079
18.343,compaction_begin,3,0
18.396,compaction_end,3,5374080
18.406,compaction_begin,3,0
18.452,compaction_end,3,5374078
18.462,compaction_begin,3,0
18.510,compaction_end,3,5374079
18.520,compaction_begin,3,0
18.566,compaction_end,3,5374079
18.576,compaction_begin,3,0
18.621,compaction_end,3,5374078
18.631,compaction_begin,3,0
18.712,compaction_end,3,5374079
18.721,compaction_begin,3,0
18.767,compaction_end,3,5374078
18.777,compaction_begin,3,0
18.823,compaction_end,3,5374079
18.833,compaction_begin,3,0
18.878,compaction_end,3,5374079
18.888,compaction_begin,3,0
18.933,compaction_end,3,5374079
18.943,compaction_begin,3,0
19.016,compaction_end,3,5374079
19.025,compaction_begin,3,0
19.084,compaction_end,3,5374079
19.093,compaction_begin,3,0
19.141,compaction_end,3,5374079
19.150,compaction_begin,3,0
19.196,compaction_end,3,5374079
19.206,compaction_begin,3,0
19.252,compaction_end,3,5374079
19.262,compaction_begin,3,0
19.308,compaction_end,3,5374079
19.318,compaction_begin,3,0
19.406,compaction_end,3,5374077
19.415,compaction_begin,3,0
19.461,compaction_end,3,5374078
19.471,compaction_begin,3,0
19.516,compaction_end,3,5374079
19.526,compaction_begin,3,0
19.574,compaction_end,3,5374079
19.583,compaction_begin,3,0
19.628,compaction_end,3,5374079
19.638,compaction_begin,3,0
19.733,compaction_end,3,5374078
19.743,compaction_begin,3,0
19.805,compaction_end,3,5374080
19.814,compaction_begin,3,0
19.859,compaction_end,3,5374079
19.869,compaction_begin,3,0
19.916,compaction_end,3,5374079
19.925,compaction_begin,3,0
19.972,compaction_end,3,5374079
19.981,compaction_begin,3,0
20.029,compaction_end,3,5374078
20.039,compaction_begin,3,0
20.120,compaction_end,3,5374079
20.129,compaction_begin,3,0
20.180,compaction_end,3,5374079
20.191,compaction_begin,3,0
20.241,compaction_end,3,5374078
20.250,compaction_begin,3,0
20.294,compaction_end,3,5374079
20.304,compaction_begin,3,0
20.349,compaction_end,3,5374078
20.359,compaction_begin,3,0
20.431,compaction_end,3,5374079
20.441,compaction_begin,3,0
20.504,compaction_end,3,5374081
20.515,compaction_begin,3,0
20.561,compaction_end,3,5374079
20.570,compaction_begin,3,0
20.618,compaction_end,3,5374079
20.627,compaction_begin,3,0
20.676,compaction_end,3,5374078
20.686,compaction_begin,3,0
20.733,compaction_end,3,5374079
20.743,compaction_begin,3,0
20.823,compaction_end,3,5374079
20.832,compaction_begin,3,0
20.877,compaction_end,3,5374079
20.887,compaction_begin,3,0
20.931,compaction_end,3,5374079
20.941,compaction_begin,3,0
20.986,compaction_end,3,5374077
20.996,compaction_begin,3,0
21.046,compaction_end,3,5374078
21.056,compaction_begin,3,0
21.102,compaction_end,3,5374079
21.112,compaction_begin,3,0
21.198,compaction_end,3,5374080
21.208,compaction_begin,3,0
21.254,compaction_end,3,5374079
21.264,compaction_begin,3,0
21.310,compaction_end,3,5374078
21.319,compaction_begin,3,0
21.364,compaction_end,3,5374079
21.374,compaction_begin,3,0
21.418,compaction_end,3,5374079
21.428,compaction_begin,3,0
21.473,compaction_end,3,5374079
21.483,compaction_begin,3,0
21.562,compaction_end,3,5374079
21.572,compaction_begin,3,0
21.618,compaction_end,3,5374078
21.628,compaction_begin,3,0
21.676,compaction_end,3,5374079
21.686,compaction_begin,3,0
21.731,compaction_end,3,5374079
21.741,compaction_begin,3,0
21.787,compaction_end,3,5374078
21.797,compaction_begin,3,0
21.843,compaction_end,3,5374080
21.855,compaction_begin,3,0
21.940,compaction_end,3,5374078
21.950,compaction_begin,3,0
21.996,compaction_end,3,5374079
22.006,compaction_begin,3,0
22.052,compaction_end,3,5374079
22.061,compaction_begin,3,0
22.108,compaction_end,3,5374079
22.118,compaction_begin,3,0
22.169,compaction_end,3,5374079
22.178,compaction_begin,3,0
22.226,compaction_end,3,5374078
22.236,compaction_begin,3,0
22.332,compaction_end,3,5374079
22.341,compaction_begin,3,0
22.416,compaction_end,3,5374079
22.426,compaction_begin,3,0
22.498,compaction_end,3,5374079
22.508,compaction_begin,3,0
22.575,compaction_end,3,5374080
22.585,compaction_begin,3,0
22.632,compaction_end,3,5374077
22.641,compaction_begin,3,0
22.689,compaction_end,3,5374078
22.698,compaction_begin,3,0
22.771,compaction_end,3,5374079
22.781,compaction_begin,3,0
22.841,compaction_end,3,5374079
22.851,compaction_begin,3,0
22.897,compaction_end,3,5374079
22.907,compaction_begin,3,0
22.956,compaction_end,3,5374078
22.966,compaction_begin,3,0
23.014,compaction_end,3,5374079
23.023,compaction_begin,3,0
23.068,compaction_end,3,5374079
23.080,compaction_begin,3,0
23.125,compaction_end,3,5374079
23.135,compaction_begin,3,0
23.210,compaction_end,3,5374079
23.219,compaction_begin,3,0
23.283,compaction_end,3,5374079
23.293,compaction_begin,3,0
23.339,compaction_end,3,5374079
23.349,compaction_begin,3,0
23.398,compaction_end,3,5374079
23.407,compaction_begin,3,0
23.454,compaction_end,3,5374078
23.463,compaction_begin,3,0
23.509,compaction_end,3,5374079
23.515,compaction_begin,3,0
23.560,compaction_end,3,5374078
23.569,compaction_begin,3,0
23.642,compaction_end,3,5374079
23.651,compaction_begin,3,0
23.713,compaction_end,3,5374079
23.722,compaction_begin,3,0
23.769,compaction_end,3,5374079
23.778,compaction_begin,3,0
23.825,compaction_end,3,5374079
23.834,compaction_begin,3,0
23.880,compaction_end,3,5374078
23.890,compaction_begin,3,0
23.936,compaction_end,3,5374080
23.946,compaction_begin,3,0
23.993,compaction_end,3,5374079
24.003,compaction_begin,3,0
24.048,compaction_end,3,5374079
24.057,compaction_begin,3,0
24.142,compaction_end,3,5374079
24.151,compaction_begin,3,0
24.202,compaction_end,3,5374077
24.211,compaction_begin,3,0
24.260,compaction_end,3,5374078
24.269,compaction_begin,3,0
24.315,compaction_end,3,5374079
24.326,compaction_begin,3,0
24.373,compaction_end,3,5374079
24.382,compaction_begin,3,0
24.427,compaction_end,3,5374079
24.436,compaction_begin,3,0
24.481,compaction_end,3,5374078
24.490,compaction_begin,3,0
24.565,compaction_end,3,5374079
24.574,compaction_begin,3,0
24.630,compaction_end,3,5374080
24.639,compaction_begin,3,0
24.688,compaction_end,3,5374079
24.697,compaction_begin,3,0
24.745,compaction_end,3,5374079
24.754,compaction_begin,3,0
24.801,compaction_end,3,5374078
24.810,compaction_begin,3,0
24.857,compaction_end,3,5374079
24.866,compaction_begin,3,0
24.914,compaction_end,3,5374079
24.923,compaction_begin,3,0
24.974,compaction_end,3,5374078
24.983,compaction_begin,3,0
25.052,compaction_end,3,5374079
25.061,compaction_begin,3,0
25.121,compaction_end,3,5374078
25.130,compaction_begin,3,0
25.180,compaction_end,3,5374079
25.189,compaction_begin,3,0
25.239,compaction_end,3,5374079
25.248,compaction_begin,3,0
25.292,compaction_end,3,5374080
25.302,compaction_begin,3,0
25.360,compaction_end,3,5374079
25.369,compaction_begin,3,0
25.450,compaction_end,3,5374078
25.460,compaction_begin,3,0
25.522,compaction_end,3,5374079
25.531,compaction_begin,3,0
25.629,compaction_end,3,5374079
25.638,compaction_begin,3,0
25.711,compaction_end,3,5374079
25.721,compaction_begin,3,0
25.768,compaction_end,3,5374079
25.777,compaction_begin,3,0
25.823,compaction_end,3,5374077
25.832,compaction_begin,3,0
25.878,compaction_end,3,5374078
25.887,compaction_begin,3,0
25.936,compaction_end,3,5374079
25.945,compaction_begin,3,0
25.994,compaction_end,3,5374079
26.004,compaction_begin,3,0
26.050,compaction_end,3,5374080
26.060,compaction_begin,3,0
26.142,compaction_end,3,5374078
26.152,compaction_begin,3,0
26.250,compaction_end,3,7023641
26.259,compaction_begin,3,0
26.316,compaction_end,3,5374083
26.326,compaction_begin,3,0
26.420,compaction_end,3,5374083
26.429,compaction_begin,3,0
26.485,compaction_end,3,5374083
26.495,compaction_begin,3,0
26.551,compaction_end,3,5374084
26.561,compaction_begin,3,0
26.620,compaction_end,3,5374083
26.629,compaction_begin,3,0
26.688,compaction_end,3,5374082
26.697,compaction_begin,3,0
26.754,compaction_end,3,5374083
26.763,compaction_begin,3,0
26.821,compaction_end,3,5374084
26.830,compaction_begin,3,0
26.923,compaction_end,3,5374084
26.933,compaction_begin,3,0
26.994,compaction_end,3,5374083
27.003,compaction_begin,3,0
27.060,compaction_end,3,5374082
27.069,compaction_begin,3,0
27.125,compaction_end,3,5374083
27.134,compaction_begin,3,0
27.230,compaction_end,3,5374083
27.240,compaction_begin,3,0
27.296,compaction_end,3,5374084
27.305,compaction_begin,3,0
27.398,compaction_end,3,5374082
27.406,compaction_begin,3,0
27.465,compaction_end,3,5374083
27.474,compaction_begin,3,0
27.531,compaction_end,3,5374083
27.541,compaction_begin,3,0
27.598,compaction_end,3,5374083
27.606,compaction_begin,3,0
27.672,compaction_end,3,3607587
33.177,flush_begin,0,0
33.190,flush_end,0,2744462
33.200,compaction_begin,2,0
33.507,compaction_end,2,2673873
33.519,compaction_begin,3,0
33.716,compaction_end,3,42992648
33.728,compaction_begin,3,0
34.160,compaction_end,3,42992649
34.171,compaction_begin,3,0
34.487,compaction_end,3,42992649
34.499,compaction_begin,3,0
35.134,compaction_end,3,42992649
35.146,compaction_begin,3,0
35.899,compaction_end,3,42992653
35.910,compaction_begin,3,0
36.589,compaction_end,3,42992649
36.600,compaction_begin,3,0
37.356,compaction_end,3,42992652
37.366,compaction_begin,3,0
38.151,compaction_end,3,42992649
38.161,compaction_begin,3,0
38.277,compaction_end,3,26141394
38.286,compaction_begin,3,0
38.628,flush_begin,0,0
38.640,flush_end,0,2744480
39.068,compaction_end,3,42992649
39.078,compaction_begin,2,0
39.393,compaction_end,2,2999439
39.408,compaction_begin,3,0
39.626,compaction_end,3,42992648
39.638,compaction_begin,3,0
39.809,compaction_end,3,42992649
39.820,compaction_begin,3,0
40.267,compaction_end,3,42992649
40.279,compaction_begin,3,0
40.673,compaction_end,3,42992649
40.684,compaction_begin,3,0
40.860,compaction_end,3,42992649
40.871,compaction_begin,3,0
41.656,compaction_end,3,42992649
41.667,compaction_begin,3,0
42.310,compaction_end,3,45679536
42.321,compaction_begin,3,0
42.551,compaction_end,3,45679536
42.564,compaction_begin,3,0
43.335,compaction_end,3,42992653
43.345,compaction_begin,3,0
44.057,flush_begin,0,0
44.068,flush_end,0,2744493
44.150,compaction_end,3,42992648
44.161,compaction_begin,2,0
44.480,compaction_end,2,3319088
44.495,compaction_begin,3,0
44.685,compaction_end,3,42992648
44.696,compaction_begin,3,0
44.871,compaction_end,3,42992649
44.883,compaction_begin,3,0
45.057,compaction_end,3,43367081
45.067,compaction_begin,3,0
45.415,compaction_end,3,42992649
45.426,compaction_begin,3,0
45.721,compaction_end,3,45305111
45.732,compaction_begin,3,0
46.480,compaction_end,3,42992654
46.492,compaction_begin,3,0
47.271,compaction_end,3,42992650
47.281,compaction_begin,3,0
48.039,compaction_end,3,42992652
48.050,compaction_begin,3,0
48.826,compaction_end,3,42992650
48.837,compaction_begin,3,0
49.502,flush_begin,0,0
49.513,flush_end,0,2744481
49.658,compaction_end,3,45679537
49.669,compaction_begin,2,0
49.983,compaction_end,2,3571443
49.999,compaction_begin,3,0
50.203,compaction_end,3,42992648
50.214,compaction_begin,3,0
50.397,compaction_end,3,44930721
50.409,compaction_begin,3,0
50.838,compaction_end,3,42992649
50.849,compaction_begin,3,0
51.049,compaction_end,3,43367081
51.060,compaction_begin,3,0
51.317,compaction_end,3,43367079
51.328,compaction_begin,3,0
51.504,compaction_end,3,42992650
51.514,compaction_begin,3,0
52.283,compaction_end,3,42992653
52.294,compaction_begin,3,0
53.090,compaction_end,3,42992648
53.101,compaction_begin,3,0
53.875,compaction_end,3,42992652
53.886,compaction_begin,3,0
54.677,compaction_end,3,42992654
54.687,compaction_begin,3,0
54.904,flush_begin,0,0
54.917,flush_end,0,2744384
55.482,compaction_end,3,43367079
55.493,compaction_begin,2,0
55.841,compaction_end,2,3763095
55.856,compaction_begin,3,0
56.080,compaction_end,3,44556329
56.092,compaction_begin,3,0
56.467,compaction_end,3,43367082
56.479,compaction_begin,3,0
56.917,compaction_end,3,42992649
56.928,compaction_begin,3,0
57.104,compaction_end,3,43367079
57.116,compaction_begin,3,0
57.891,compaction_end,3,42992650
57.902,compaction_begin,3,0
58.078,compaction_end,3,42992652
58.090,compaction_begin,3,0
58.674,compaction_end,3,42992653
58.684,compaction_begin,3,0
58.862,compaction_end,3,42992648
58.872,compaction_begin,3,0
59.641,compaction_end,3,42992648
59.652,compaction_begin,3,0
60.339,flush_begin,0,0
60.351,flush_end,0,2744539
60.427,compaction_end,3,42992650
60.438,compaction_begin,2,0
60.760,compaction_end,2,4067638
60.775,compaction_begin,3,0
60.962,compaction_end,3,43367078
60.974,compaction_begin,3,0
61.143,compaction_end,3,43367082
61.154,compaction_begin,3,0
61.334,compaction_end,3,44181992
61.345,compaction_begin,3,0
61.519,compaction_end,3,43367079
61.530,compaction_begin,3,0
61.704,compaction_end,3,42992653
61.714,compaction_begin,3,0
61.886,compaction_end,3,42992648
61.896,compaction_begin,3,0
62.071,compaction_end,3,42992650
62.082,compaction_begin,3,0
62.259,compaction_end,3,42992650
62.269,compaction_begin,3,0
62.444,compaction_end,3,42992648
62.455,compaction_begin,3,0
63.176,compaction_end,3,43367081
63.186,compaction_begin,3,0
63.937,compaction_end,3,42618171
63.947,compaction_begin,3,0
64.709,compaction_end,3,42992655
64.721,compaction_begin,3,0
65.470,compaction_end,3,42992649
65.480,compaction_begin,3,0
65.770,flush_begin,0,0
65.782,flush_end,0,2744811
66.254,compaction_end,3,43367082
66.264,compaction_begin,2,0
66.627,compaction_end,2,4190135
66.642,compaction_begin,3,0
66.858,compaction_end,3,43367078
66.869,compaction_begin,3,0
67.241,compaction_end,3,43367082
67.252,compaction_begin,3,0
67.676,compaction_end,3,43367081
67.687,compaction_begin,3,0
68.430,compaction_end,3,42618173
68.440,compaction_begin,3,0
68.614,compaction_end,3,43367081
68.625,compaction_begin,3,0
68.801,compaction_end,3,43367082
68.811,compaction_begin,3,0
69.551,compaction_end,3,41955151
69.561,compaction_begin,3,0
70.336,compaction_end,3,42992648
70.346,compaction_begin,3,0
71.138,compaction_end,3,42992652
71.149,compaction_begin,3,0
71.241,flush_begin,0,0
71.253,flush_end,0,2744303
71.941,compaction_end,3,44404454
71.951,compaction_begin,2,0
72.281,compaction_end,2,4348888
72.296,compaction_begin,3,0
72.494,compaction_end,3,43367078
72.506,compaction_begin,3,0
72.678,compaction_end,3,43367082
72.691,compaction_begin,3,0
72.860,compaction_end,3,43367081
72.871,compaction_begin,3,0
73.047,compaction_end,3,43367081
73.058,compaction_begin,3,0
73.801,compaction_end,3,42992650
73.811,compaction_begin,3,0
74.172,compaction_end,3,42992649
74.183,compaction_begin,3,0
74.924,compaction_end,3,42992654
74.934,compaction_begin,3,0
75.710,compaction_end,3,44404452
75.720,compaction_begin,3,0
76.471,compaction_end,3,43367082
76.482,compaction_begin,3,0
76.694,flush_begin,0,0
76.705,flush_end,0,2744534
77.279,compaction_end,3,42992650
77.291,compaction_begin,2,0
77.622,compaction_end,2,4547211
77.639,compaction_begin,3,0
77.839,compaction_end,3,43367078
77.852,compaction_begin,3,0
78.021,compaction_end,3,43367082
78.033,compaction_begin,3,0
78.205,compaction_end,3,43367081
78.217,compaction_begin,3,0
78.387,compaction_end,3,42992650
78.397,compaction_begin,3,0
79.124,compaction_end,3,42618173
79.134,compaction_begin,3,0
79.807,compaction_end,3,43367079
79.818,compaction_begin,3,0
79.992,compaction_end,3,43367081
80.003,compaction_begin,3,0
80.176,compaction_end,3,43367082
80.186,compaction_begin,3,0
80.960,compaction_end,3,42992648
80.970,compaction_begin,3,0
81.704,compaction_end,3,42992653
81.716,compaction_begin,3,0
82.133,flush_begin,0,0
82.145,flush_end,0,2744802
82.511,compaction_end,3,42992647
82.522,compaction_begin,2,0
82.848,compaction_end,2,4586111
82.864,compaction_begin,3,0
83.054,compaction_end,3,43367078
83.066,compaction_begin,3,0
83.237,compaction_end,3,43367082
83.249,compaction_begin,3,0
83.420,compaction_end,3,43367081
83.431,compaction_begin,3,0
83.602,compaction_end,3,43367079
83.613,compaction_begin,3,0
83.787,compaction_end,3,42992648
83.797,compaction_begin,3,0
83.970,compaction_end,3,42992653
83.980,compaction_begin,3,0
84.730,compaction_end,3,42992652
84.740,compaction_begin,3,0
84.919,compaction_end,3,43367081
84.930,compaction_begin,3,0
85.105,compaction_end,3,43367082
85.115,compaction_begin,3,0
85.859,compaction_end,3,43367079
85.869,compaction_begin,3,0
86.618,compaction_end,3,43367082
86.628,compaction_begin,3,0
87.366,compaction_end,3,42992654
87.378,compaction_begin,3,0
87.604,flush_begin,0,0
87.615,flush_end,0,2744442
88.174,compaction_end,3,42992652
88.184,compaction_begin,2,0
88.515,compaction_end,2,4726835
88.528,compaction_begin,3,0
88.710,compaction_end,3,43367081
88.722,compaction_begin,3,0
88.894,compaction_end,3,43367082
88.904,compaction_begin,3,0
89.080,compaction_end,3,43367078
89.092,compaction_begin,3,0
89.264,compaction_end,3,42992654
89.275,compaction_begin,3,0
89.450,compaction_end,3,43367081
89.461,compaction_begin,3,0
89.638,compaction_end,3,43367079
89.649,compaction_begin,3,0
89.825,compaction_end,3,43367079
89.835,compaction_begin,3,0
90.610,compaction_end,3,42992648
90.620,compaction_begin,3,0
90.826,compaction_end,3,43367082
90.837,compaction_begin,3,0
91.647,compaction_end,3,45679536
91.657,compaction_begin,3,0
91.837,compaction_end,3,42992652
91.849,compaction_begin,3,0
92.608,compaction_end,3,42992653
92.619,compaction_begin,3,0
93.027,flush_begin,0,0
93.039,flush_end,0,2744901
93.367,compaction_end,3,42992653
93.377,compaction_begin,2,0
93.698,compaction_end,2,4755445
93.715,compaction_begin,3,0
93.907,compaction_end,3,43367078
93.919,compaction_begin,3,0
94.086,compaction_end,3,43367081
94.097,compaction_begin,3,0
94.268,compaction_end,3,43367079
94.279,compaction_begin,3,0
94.448,compaction_end,3,43367082
94.459,compaction_begin,3,0
94.631,compaction_end,3,43367081
94.642,compaction_begin,3,0
95.406,compaction_end,3,42992648
95.416,compaction_begin,3,0
96.165,compaction_end,3,42992652
96.176,compaction_begin,3,0
96.937,compaction_end,3,42992648
96.948,compaction_begin,3,0
97.138,compaction_end,3,42992648
97.148,compaction_begin,3,0
97.892,compaction_end,3,43367082
97.903,compaction_begin,3,0
98.469,flush_begin,0,0
98.480,flush_end,0,2744663
98.659,compaction_end,3,42618173
98.669,compaction_begin,2,0
99.000,compaction_end,2,4725868
99.016,compaction_begin,3,0
99.213,compaction_end,3,43367078
99.225,compaction_begin,3,0
99.397,compaction_end,3,43367081
99.408,compaction_begin,3,0
99.578,compaction_end,3,43367082
99.590,compaction_begin,3,0
100.320,compaction_end,3,42992648
100.331,compaction_begin,3,0
100.519,compaction_end,3,43367081
100.530,compaction_begin,3,0
100.722,compaction_end,3,42618173
100.733,compaction_begin,3,0
100.907,compaction_end,3,43367079
100.918,compaction_begin,3,0
101.094,compaction_end,3,42992648
101.103,compaction_begin,3,0
101.853,compaction_end,3,42992654
101.863,compaction_begin,3,0
102.044,compaction_end,3,42992648
102.054,compaction_begin,3,0
102.801,compaction_end,3,43367082
102.811,compaction_begin,3,0
102.988,compaction_end,3,42992648
102.998,compaction_begin,3,0
103.744,compaction_end,3,42992653
103.755,compaction_begin,3,0
103.935,flush_begin,0,0
103.948,flush_end,0,2744203
104.331,compaction_end,3,31515311
104.342,compaction_begin,2,0
104.685,compaction_end,2,4649022
104.703,compaction_begin,3,0
104.915,compaction_end,3,43367078
104.929,compaction_begin,3,0
105.110,compaction_end,3,43367081
105.124,compaction_begin,3,0
105.307,compaction_end,3,43367082
105.320,compaction_begin,3,0
105.506,compaction_end,3,43367079
105.518,compaction_begin,3,0
105.703,compaction_end,3,43367081
105.720,compaction_begin,3,0
105.907,compaction_end,3,42992648
105.919,compaction_begin,3,0
106.106,compaction_end,3,43367082
106.118,compaction_begin,3,0
106.308,compaction_end,3,42992648
106.320,compaction_begin,3,0
106.510,compaction_end,3,42992648
106.523,compaction_begin,3,0
106.707,compaction_end,3,42618173
106.719,compaction_begin,3,0
106.909,compaction_end,3,42992654
106.920,compaction_begin,3,0
109.366,flush_begin,0,0
109.380,flush_end,0,2744732
109.589,compaction_end,3,42992648
109.600,compaction_begin,2,0
109.980,compaction_end,2,4895515
109.997,compaction_begin,3,0
110.206,compaction_end,3,43367078
110.219,compaction_begin,3,0
110.397,compaction_end,3,43367082
110.410,compaction_begin,3,0
110.592,compaction_end,3,43367079
110.605,compaction_begin,3,0
110.790,compaction_end,3,43367081
110.803,compaction_begin,3,0
110.991,compaction_end,3,42992648
111.006,compaction_begin,3,0
114.375,compaction_end,3,45305111
114.387,compaction_begin,3,0
114.818,flush_begin,0,0
114.830,flush_end,0,2744769
117.548,compaction_end,3,43807602
117.567,compaction_begin,2,0
117.971,compaction_end,2,5174200
117.991,compaction_begin,3,0
118.205,compaction_end,3,43367078
118.219,compaction_begin,3,0
118.403,compaction_end,3,43367082
118.417,compaction_begin,3,0
118.602,compaction_end,3,43367081
118.615,compaction_begin,3,0
120.262,flush_begin,0,0
120.277,flush_end,0,2744679
121.131,compaction_end,3,43367081
121.146,compaction_begin,2,0
121.561,compaction_end,2,5550578
121.580,compaction_begin,3,0
121.789,compaction_end,3,43367078
121.804,compaction_begin,3,0
121.985,compaction_end,3,43367081
121.997,compaction_begin,3,0
122.179,compaction_end,3,43367082
122.193,compaction_begin,3,0
122.380,compaction_end,3,43367079
122.393,compaction_begin,3,0
122.580,compaction_end,3,43367079
122.592,compaction_begin,3,0
125.531,compaction_end,3,42992648
125.545,compaction_begin,3,0
125.707,flush_begin,0,0
125.720,flush_end,0,2744568
125.763,compaction_end,3,42992648
125.774,compaction_begin,2,0
126.971,compaction_end,2,5840349
127.034,compaction_begin,3,0
127.775,compaction_end,3,43367078
127.788,compaction_begin,3,0
127.986,compaction_end,3,43367082
127.997,compaction_begin,3,0
128.175,compaction_end,3,43367081
128.186,compaction_begin,3,0
128.360,compaction_end,3,43367079
128.371,compaction_begin,3,0
128.547,compaction_end,3,43367079
128.558,compaction_begin,3,0
129.296,compaction_end,3,42992653
129.307,compaction_begin,3,0
129.483,compaction_end,3,43367081
129.494,compaction_begin,3,0
130.225,compaction_end,3,42992653
130.235,compaction_begin,3,0
130.414,compaction_end,3,43367079
130.424,compaction_begin,3,0
131.142,flush_begin,0,0
131.154,flush_end,0,2744640
131.222,compaction_end,3,43655653
131.231,compaction_begin,2,0
131.574,compaction_end,2,5841671
131.596,compaction_begin,3,0
131.787,compaction_end,3,43367078
131.800,compaction_begin,3,0
131.971,compaction_end,3,43367081
131.982,compaction_begin,3,0
132.154,compaction_end,3,43367082
132.166,compaction_begin,3,0
132.341,compaction_end,3,43367081
132.351,compaction_begin,3,0
133.079,compaction_end,3,42992650
133.090,compaction_begin,3,0
133.822,compaction_end,3,43367082
133.832,compaction_begin,3,0
134.570,compaction_end,3,42992648
134.581,compaction_begin,3,0
134.757,compaction_end,3,43367079
134.767,compaction_begin,3,0
134.940,compaction_end,3,42992653
134.950,compaction_begin,3,0
135.693,compaction_end,3,43367079
135.704,compaction_begin,3,0
135.880,compaction_end,3,43367078
135.891,compaction_begin,3,0
136.623,flush_begin,0,0
136.634,flush_end,0,2744694
136.669,compaction_end,3,42992652
136.680,compaction_begin,2,0
137.072,compaction_end,2,5843490
137.088,compaction_begin,3,0
137.287,compaction_end,3,43367078
137.300,compaction_begin,3,0
137.471,compaction_end,3,43367082
137.483,compaction_begin,3,0
137.657,compaction_end,3,43367081
137.668,compaction_begin,3,0
137.843,compaction_end,3,42992653
137.853,compaction_begin,3,0
138.029,compaction_end,3,43367079
138.040,compaction_begin,3,0
138.217,compaction_end,3,43367079
138.227,compaction_begin,3,0
138.540,compaction_end,3,43367081
138.552,compaction_begin,3,0
139.296,compaction_end,3,43367079
139.306,compaction_begin,3,0
140.025,compaction_end,3,42618173
140.035,compaction_begin,3,0
140.790,compaction_end,3,42992650
140.800,compaction_begin,3,0
141.533,compaction_end,3,43367082
141.544,compaction_begin,3,0
142.061,flush_begin,0,0
142.073,flush_end,0,2744906
142.299,compaction_end,3,42992650
142.309,compaction_begin,2,0
142.660,compaction_end,2,5912327
142.680,compaction_begin,3,0
142.888,compaction_end,3,43367078
142.900,compaction_begin,3,0
143.072,compaction_end,3,43367081
143.084,compaction_begin,3,0
143.265,compaction_end,3,43367082
143.276,compaction_begin,3,0
143.451,compaction_end,3,43367079
143.462,compaction_begin,3,0
143.636,compaction_end,3,42992653
143.646,compaction_begin,3,0
143.822,compaction_end,3,43367082
143.833,compaction_begin,3,0
144.013,compaction_end,3,42992650
144.023,compaction_begin,3,0
144.206,compaction_end,3,43367081
144.217,compaction_begin,3,0
144.763,compaction_end,3,42992652
144.773,compaction_begin,3,0
144.952,compaction_end,3,43367079
144.962,compaction_begin,3,0
145.136,compaction_end,3,42992650
145.148,compaction_begin,3,0
145.888,compaction_end,3,42992652
145.898,compaction_begin,3,0
146.644,compaction_end,3,43367079
146.654,compaction_begin,3,0
147.428,compaction_end,3,44642301
147.439,compaction_begin,3,0
147.498,flush_begin,0,0
147.509,flush_end,0,2744762
148.176,compaction_end,3,42618173
148.187,compaction_begin,2,0
148.606,compaction_end,2,5952410
148.622,compaction_begin,3,0
148.843,compaction_end,3,43367078
148.855,compaction_begin,3,0
149.054,compaction_end,3,43367082
149.066,compaction_begin,3,0
149.237,compaction_end,3,42992653
149.248,compaction_begin,3,0
149.680,compaction_end,3,43367081
149.692,compaction_begin,3,0
149.890,compaction_end,3,43367082
149.899,compaction_begin,3,0
150.075,compaction_end,3,43367079
150.086,compaction_begin,3,0
150.264,compaction_end,3,43367081
150.275,compaction_begin,3,0
150.988,compaction_end,3,42992650
150.999,compaction_begin,3,0
151.177,compaction_end,3,42618173
151.187,compaction_begin,3,0
151.865,compaction_end,3,43367079
151.875,compaction_begin,3,0
152.638,compaction_end,3,42992649
152.648,compaction_begin,3,0
152.938,flush_begin,0,0
152.950,flush_end,0,2744390
153.398,compaction_end,3,42992648
153.408,compaction_begin,2,0
153.748,compaction_end,2,6083880
153.765,compaction_begin,3,0
153.957,compaction_end,3,43367081
153.969,compaction_begin,3,0
154.199,compaction_end,3,43367078
154.211,compaction_begin,3,0
154.382,compaction_end,3,43367080
154.394,compaction_begin,3,0
155.117,compaction_end,3,42992648
155.127,compaction_begin,3,0
155.302,compaction_end,3,43367079
155.314,compaction_begin,3,0
155.487,compaction_end,3,43367083
155.497,compaction_begin,3,0
156.218,compaction_end,3,41955154
156.228,compaction_begin,3,0
156.462,compaction_end,3,42992653
156.473,compaction_begin,3,0
157.238,compaction_end,3,42992651
157.249,compaction_begin,3,0
158.009,compaction_end,3,42992648
158.021,compaction_begin,3,0
158.378,flush_begin,0,0
158.389,flush_end,0,2744345
158.788,compaction_end,3,43367080
158.798,compaction_begin,2,0
159.122,compaction_end,2,6040269
159.137,compaction_begin,3,0
159.325,compaction_end,3,43367078
159.340,compaction_begin,3,0
159.513,compaction_end,3,43367081
159.525,compaction_begin,3,0
159.694,compaction_end,3,43367082
159.706,compaction_begin,3,0
159.881,compaction_end,3,43367079
159.891,compaction_begin,3,0
160.632,compaction_end,3,42992653
160.643,compaction_begin,3,0
160.879,compaction_end,3,43367081
160.890,compaction_begin,3,0
161.664,compaction_end,3,44642301
161.674,compaction_begin,3,0
161.853,compaction_end,3,42992651
161.864,compaction_begin,3,0
162.603,compaction_end,3,42992650
162.613,compaction_begin,3,0
163.344,compaction_end,3,42992648
163.354,compaction_begin,3,0
163.824,flush_begin,0,0
163.836,flush_end,0,2744214
164.111,compaction_end,3,42992648
164.122,compaction_begin,2,0
164.468,compaction_end,2,6016271
164.484,compaction_begin,3,0
164.673,compaction_end,3,43367081
164.685,compaction_begin,3,0
164.857,compaction_end,3,43367083
164.868,compaction_begin,3,0
165.037,compaction_end,3,43367080
165.049,compaction_begin,3,0
165.219,compaction_end,3,43367079
165.230,compaction_begin,3,0
165.458,compaction_end,3,43367078
165.469,compaction_begin,3,0
165.641,compaction_end,3,42992653
165.651,compaction_begin,3,0
166.391,compaction_end,3,42992655
166.401,compaction_begin,3,0
167.163,compaction_end,3,44030068
167.174,compaction_begin,3,0
167.903,compaction_end,3,42992653
167.913,compaction_begin,3,0
168.658,compaction_end,3,44642299
168.669,compaction_begin,3,0
168.847,compaction_end,3,42992648
168.857,compaction_begin,3,0
169.060,compaction_end,3,44267909
169.070,compaction_begin,3,0
169.270,flush_begin,0,0
169.281,flush_end,0,2744665
169.824,compaction_end,3,42992653
169.834,compaction_begin,2,0
170.165,compaction_end,2,5950143
170.181,compaction_begin,3,0
170.374,compaction_end,3,43367078
170.386,compaction_begin,3,0
170.555,compaction_end,3,43367081
170.566,compaction_begin,3,0
170.799,compaction_end,3,43367081
170.810,compaction_begin,3,0
170.982,compaction_end,3,43367082
170.994,compaction_begin,3,0
171.166,compaction_end,3,43367079
171.177,compaction_begin,3,0
171.352,compaction_end,3,43367083
171.363,compaction_begin,3,0
171.536,compaction_end,3,42992648
171.546,compaction_begin,3,0
172.273,compaction_end,3,42618173
172.283,compaction_begin,3,0
173.021,compaction_end,3,43367082
173.032,compaction_begin,3,0
173.745,compaction_end,3,42992653
173.755,compaction_begin,3,0
174.496,compaction_end,3,43367078
174.506,compaction_begin,3,0
174.683,flush_begin,0,0
174.695,flush_end,0,2744777
175.285,compaction_end,3,42992649
175.295,compaction_begin,2,0
175.629,compaction_end,2,5965877
175.646,compaction_begin,3,0
175.838,compaction_end,3,43367078
175.850,compaction_begin,3,0
176.020,compaction_end,3,43367081
176.032,compaction_begin,3,0
176.204,compaction_end,3,43367082
176.217,compaction_begin,3,0
176.390,compaction_end,3,43367079
176.401,compaction_begin,3,0
177.129,compaction_end,3,42992648
177.139,compaction_begin,3,0
177.315,compaction_end,3,42992653
177.325,compaction_begin,3,0
178.066,compaction_end,3,43367080
178.076,compaction_begin,3,0
178.254,compaction_end,3,43367081
178.265,compaction_begin,3,0
178.441,compaction_end,3,42618173
178.452,compaction_begin,3,0
178.630,compaction_end,3,43367082
178.640,compaction_begin,3,0
179.378,compaction_end,3,43367082
179.392,compaction_begin,3,0
179.570,compaction_end,3,43367078
179.581,compaction_begin,3,0
180.145,flush_begin,0,0
180.157,flush_end,0,2744878
180.339,compaction_end,3,42992648
180.348,compaction_begin,2,0
180.684,compaction_end,2,5999376
180.701,compaction_begin,3,0
180.897,compaction_end,3,43367078
180.909,compaction_begin,3,0
181.079,compaction_end,3,43367081
181.092,compaction_begin,3,0
181.267,compaction_end,3,43367081
181.278,compaction_begin,3,0
181.451,compaction_end,3,42992653
181.461,compaction_begin,3,0
181.634,compaction_end,3,43367082
181.647,compaction_begin,3,0
181.821,compaction_end,3,43367079
181.833,compaction_begin,3,0
182.008,compaction_end,3,42992648
182.019,compaction_begin,3,0
182.759,compaction_end,3,42992650
182.769,compaction_begin,3,0
182.950,compaction_end,3,42618173
182.961,compaction_begin,3,0
183.371,compaction_end,3,42992648
183.381,compaction_begin,3,0
183.560,compaction_end,3,43367078
183.570,compaction_begin,3,0
183.747,compaction_end,3,43367082
183.757,compaction_begin,3,0
184.516,compaction_end,3,42992648
184.526,compaction_begin,3,0
185.260,compaction_end,3,42992648
185.270,compaction_begin,3,0
185.573,flush_begin,0,0
185.584,flush_end,0,2744598
186.039,compaction_end,3,43655658
186.049,compaction_begin,2,0
186.442,compaction_end,2,6064744
186.455,compaction_begin,3,0
186.666,compaction_end,3,43367078
186.679,compaction_begin,3,0
187.102,compaction_end,3,43367081
187.113,compaction_begin,3,0
187.286,compaction_end,3,43367082
187.298,compaction_begin,3,0
188.010,compaction_end,3,42992654
188.020,compaction_begin,3,0
188.200,compaction_end,3,43367079
188.211,compaction_begin,3,0
188.878,compaction_end,3,43367081
188.889,compaction_begin,3,0
189.066,compaction_end,3,42992650
189.076,compaction_begin,3,0
189.256,compaction_end,3,43367078
189.266,compaction_begin,3,0
189.455,compaction_end,3,43367078
189.465,compaction_begin,3,0
190.205,compaction_end,3,42992648
190.216,compaction_begin,3,0
190.400,compaction_end,3,42992648
190.413,compaction_begin,3,0
190.992,flush_begin,0,0
191.004,flush_end,0,2744516
191.198,compaction_end,3,42992648
191.208,compaction_begin,2,0
191.546,compaction_end,2,6052812
191.562,compaction_begin,3,0
191.758,compaction_end,3,43367078
191.770,compaction_begin,3,0
191.944,compaction_end,3,43367081
191.956,compaction_begin,3,0
192.127,compaction_end,3,43367082
192.136,compaction_begin,3,0
192.880,compaction_end,3,43367079
192.893,compaction_begin,3,0
193.068,compaction_end,3,42992648
193.078,compaction_begin,3,0
193.253,compaction_end,3,43367081
193.264,compaction_begin,3,0
193.441,compaction_end,3,42992648
193.451,compaction_begin,3,0
193.627,compaction_end,3,42992650
193.638,compaction_begin,3,0
194.377,compaction_end,3,42992648
194.387,compaction_begin,3,0
194.560,compaction_end,3,42992648
194.570,compaction_begin,3,0
195.307,compaction_end,3,42618172
195.317,compaction_begin,3,0
195.495,compaction_end,3,43367078
195.505,compaction_begin,3,0
196.179,compaction_end,3,43367079
196.190,compaction_begin,3,0
196.443,flush_begin,0,0
196.454,flush_end,0,2744804
196.975,compaction_end,3,42992648
196.988,compaction_begin,2,0
197.400,compaction_end,2,6026577
197.417,compaction_begin,3,0
197.637,compaction_end,3,43367078
197.649,compaction_begin,3,0
197.820,compaction_end,3,43367079
197.832,compaction_begin,3,0
198.100,compaction_end,3,43367082
198.111,compaction_begin,3,0
198.539,compaction_end,3,43367081
198.551,compaction_begin,3,0
198.727,compaction_end,3,43367081
198.737,compaction_begin,3,0
199.465,compaction_end,3,42992653
199.475,compaction_begin,3,0
199.649,compaction_end,3,42992648
199.660,compaction_begin,3,0
200.397,compaction_end,3,43367083
200.407,compaction_begin,3,0
200.645,compaction_end,3,42992648
200.656,compaction_begin,3,0
201.379,compaction_end,3,42992654
201.388,compaction_begin,3,0
201.917,flush_begin,0,0
201.929,flush_end,0,2744668
202.133,compaction_end,3,42618173
202.142,compaction_begin,2,0
202.487,compaction_end,2,6046720
202.504,compaction_begin,3,0
202.704,compaction_end,3,43367078
202.716,compaction_begin,3,0
202.885,compaction_end,3,43367081
202.897,compaction_begin,3,0
203.067,compaction_end,3,43367082
203.078,compaction_begin,3,0
203.252,compaction_end,3,43367081
203.263,compaction_begin,3,0
203.441,compaction_end,3,43367079
203.452,compaction_begin,3,0
204.194,compaction_end,3,43367081
204.204,compaction_begin,3,0
204.949,compaction_end,3,43367079
204.958,compaction_begin,3,0
205.139,compaction_end,3,42992648
205.150,compaction_begin,3,0
205.323,compaction_end,3,42618173
205.334,compaction_begin,3,0
205.508,compaction_end,3,42992653
205.518,compaction_begin,3,0
205.695,compaction_end,3,42992654
205.706,compaction_begin,3,0
206.448,compaction_end,3,42992650
206.457,compaction_begin,3,0
206.638,compaction_end,3,43367083
206.649,compaction_begin,3,0
207.374,flush_begin,0,0
207.386,flush_end,0,2744556
207.410,compaction_end,3,42992648
207.422,compaction_begin,2,0
207.824,compaction_end,2,6171839
207.844,compaction_begin,3,0
208.059,compaction_end,3,43367078
208.071,compaction_begin,3,0
208.244,compaction_end,3,43367082
208.255,compaction_begin,3,0
208.645,compaction_end,3,43367081
208.656,compaction_begin,3,0
209.394,compaction_end,3,42992648
209.404,compaction_begin,3,0
209.579,compaction_end,3,43367079
209.590,compaction_begin,3,0
209.764,compaction_end,3,42992653
209.775,compaction_begin,3,0
210.525,compaction_end,3,43230499
210.536,compaction_begin,3,0
210.720,compaction_end,3,42992648
210.731,compaction_begin,3,0
211.417,compaction_end,3,43367081
211.427,compaction_begin,3,0
211.602,compaction_end,3,43367083
211.613,compaction_begin,3,0
212.350,compaction_end,3,43367079
212.360,compaction_begin,3,0
212.827,flush_begin,0,0
212.838,flush_end,0,2744491
213.098,compaction_end,3,42618173
213.108,compaction_begin,2,0
213.444,compaction_end,2,6167389
213.458,compaction_begin,3,0
213.649,compaction_end,3,43367078
213.662,compaction_begin,3,0
213.834,compaction_end,3,43367082
213.845,compaction_begin,3,0
214.017,compaction_end,3,43367081
214.028,compaction_begin,3,0
214.204,compaction_end,3,43367079
214.214,compaction_begin,3,0
214.389,compaction_end,3,43367081
214.399,compaction_begin,3,0
214.575,compaction_end,3,43367083
214.585,compaction_begin,3,0
214.760,compaction_end,3,42992648
214.770,compaction_begin,3,0
214.945,compaction_end,3,43367079
214.956,compaction_begin,3,0
215.695,compaction_end,3,42992648
215.704,compaction_begin,3,0
215.881,compaction_end,3,43230499
215.892,compaction_begin,3,0
216.066,compaction_end,3,42992653
216.077,compaction_begin,3,0
216.255,compaction_end,3,42992648
216.266,compaction_begin,3,0
216.442,compaction_end,3,42618173
216.452,compaction_begin,3,0
217.189,compaction_end,3,42992648
217.200,compaction_begin,3,0
217.944,compaction_end,3,43367080
217.954,compaction_begin,3,0
218.253,flush_begin,0,0
218.266,flush_end,0,2745269
218.716,compaction_end,3,43367082
218.726,compaction_begin,2,0
219.136,compaction_end,2,6245463
219.151,compaction_begin,3,0
219.393,compaction_end,3,43367078
219.405,compaction_begin,3,0
219.778,compaction_end,3,43367082
219.790,compaction_begin,3,0
220.218,compaction_end,3,43367081
220.230,compaction_begin,3,0
220.417,compaction_end,3,43367081
220.428,compaction_begin,3,0
221.141,compaction_end,3,43367079
221.152,compaction_begin,3,0
221.337,compaction_end,3,42992648
221.347,compaction_begin,3,0
221.533,compaction_end,3,43367079
221.543,compaction_begin,3,0
222.319,compaction_end,3,42992649
222.330,compaction_begin,3,0
223.091,compaction_end,3,43433215
223.102,compaction_begin,3,0
223.288,compaction_end,3,42992648
223.299,compaction_begin,3,0
223.736,flush_begin,0,0
223.749,flush_end,0,2744580
224.060,compaction_end,3,42992648
224.069,compaction_begin,2,0
224.402,compaction_end,2,6290704
224.418,compaction_begin,3,0
224.619,compaction_end,3,43367078
224.631,compaction_begin,3,0
224.811,compaction_end,3,43367081
224.822,compaction_begin,3,0
225.001,compaction_end,3,43367082
225.014,compaction_begin,3,0
225.195,compaction_end,3,43367081
225.206,compaction_begin,3,0
225.951,compaction_end,3,42992654
225.961,compaction_begin,3,0
226.146,compaction_end,3,42992648
226.157,compaction_begin,3,0
226.346,compaction_end,3,43367079
226.357,compaction_begin,3,0
226.545,compaction_end,3,43367079
226.553,compaction_begin,3,0
226.740,compaction_end,3,43367082
226.753,compaction_begin,3,0
227.486,compaction_end,3,42992653
227.496,compaction_begin,3,0
228.232,compaction_end,3,42992653
228.243,compaction_begin,3,0
228.426,compaction_end,3,42992648
228.436,compaction_begin,3,0
229.126,flush_begin,0,0
229.137,flush_end,0,2744435
229.204,compaction_end,3,43367078
229.214,compaction_begin,2,0
229.554,compaction_end,2,6232806
229.570,compaction_begin,3,0
229.778,compaction_end,3,43367078
229.790,compaction_begin,3,0
229.970,compaction_end,3,43367082
229.982,compaction_begin,3,0
230.163,compaction_end,3,43367081
230.175,compaction_begin,3,0
230.359,compaction_end,3,43367079
230.371,compaction_begin,3,0
230.559,compaction_end,3,43367081
230.570,compaction_begin,3,0
231.318,compaction_end,3,43367079
231.328,compaction_begin,3,0
231.513,compaction_end,3,42992648
231.524,compaction_begin,3,0
231.699,compaction_end,3,42992648
231.709,compaction_begin,3,0
231.883,compaction_end,3,42992648
231.894,compaction_begin,3,0
232.070,compaction_end,3,43367079
232.080,compaction_begin,3,0
232.830,compaction_end,3,43367078
232.840,compaction_begin,3,0
233.565,compaction_end,3,42618173
233.575,compaction_begin,3,0
234.322,compaction_end,3,43230499
234.333,compaction_begin,3,0
234.560,flush_begin,0,0
234.571,flush_end,0,2744906
235.082,compaction_end,3,42992648
235.092,compaction_begin,2,0
235.429,compaction_end,2,6325685
235.446,compaction_begin,3,0
235.645,compaction_end,3,43367078
235.657,compaction_begin,3,0
235.828,compaction_end,3,43367081
235.840,compaction_begin,3,0
236.014,compaction_end,3,43367079
236.025,compaction_begin,3,0
236.197,compaction_end,3,43367082
236.209,compaction_begin,3,0
236.379,compaction_end,3,43367081
236.389,compaction_begin,3,0
236.568,compaction_end,3,43367079
236.578,compaction_begin,3,0
236.752,compaction_end,3,42992648
236.761,compaction_begin,3,0
237.500,compaction_end,3,43367080
237.511,compaction_begin,3,0
237.690,compaction_end,3,42992648
237.701,compaction_begin,3,0
238.429,compaction_end,3,42992648
238.439,compaction_begin,3,0
239.175,compaction_end,3,42992650
239.185,compaction_begin,3,0
239.902,compaction_end,3,42992654
239.912,compaction_begin,3,0
240.010,flush_begin,0,0
240.022,flush_end,0,2744475
240.669,compaction_end,3,43367081
240.680,compaction_begin,2,0
241.018,compaction_end,2,6372176
241.033,compaction_begin,3,0
241.222,compaction_end,3,43367078
241.234,compaction_begin,3,0
241.403,compaction_end,3,43367081
241.414,compaction_begin,3,0
241.588,compaction_end,3,43367079
241.599,compaction_begin,3,0
241.772,compaction_end,3,43367082
241.783,compaction_begin,3,0
241.955,compaction_end,3,42992648
241.965,compaction_begin,3,0
242.142,compaction_end,3,43367081
242.153,compaction_begin,3,0
242.328,compaction_end,3,43367081
242.339,compaction_begin,3,0
243.080,compaction_end,3,43367082
243.091,compaction_begin,3,0
243.267,compaction_end,3,42992648
243.278,compaction_begin,3,0
243.454,compaction_end,3,43367079
243.464,compaction_begin,3,0
243.833,compaction_end,3,42992648
243.844,compaction_begin,3,0
244.584,compaction_end,3,43367083
244.594,compaction_begin,3,0
244.770,compaction_end,3,42992650
244.780,compaction_begin,3,0
245.457,flush_begin,0,0
245.469,flush_end,0,2744632
245.535,compaction_end,3,42992649
245.545,compaction_begin,2,0
245.881,compaction_end,2,6492822
245.898,compaction_begin,3,0
246.103,compaction_end,3,43367081
246.115,compaction_begin,3,0
246.296,compaction_end,3,43367080
246.308,compaction_begin,3,0
246.491,compaction_end,3,43367083
246.502,compaction_begin,3,0
246.745,compaction_end,3,43367078
246.756,compaction_begin,3,0
246.996,compaction_end,3,42992649
247.006,compaction_begin,3,0
247.192,compaction_end,3,43367079
247.203,compaction_begin,3,0
247.389,compaction_end,3,43367079
247.399,compaction_begin,3,0
247.585,compaction_end,3,42992648
247.595,compaction_begin,3,0
247.782,compaction_end,3,42992648
247.792,compaction_begin,3,0
248.557,compaction_end,3,43433217
248.567,compaction_begin,3,0
248.809,compaction_end,3,42992655
248.819,compaction_begin,3,0
249.544,compaction_end,3,42992653
249.554,compaction_begin,3,0
249.736,compaction_end,3,42992648
249.746,compaction_begin,3,0
250.436,compaction_end,3,42992649
250.446,compaction_begin,3,0
250.924,flush_begin,0,0
250.935,flush_end,0,2744457
251.243,compaction_end,3,43367081
251.254,compaction_begin,2,0
251.654,compaction_end,2,6600780
251.668,compaction_begin,3,0
251.891,compaction_end,3,43367078
251.903,compaction_begin,3,0
252.234,compaction_end,3,43367082
252.245,compaction_begin,3,0
252.432,compaction_end,3,43367081
252.444,compaction_begin,3,0
252.682,compaction_end,3,43367079
252.694,compaction_begin,3,0
253.361,compaction_end,3,43367081
253.371,compaction_begin,3,0
253.556,compaction_end,3,42992648
253.566,compaction_begin,3,0
254.297,compaction_end,3,42992654
254.307,compaction_begin,3,0
255.056,compaction_end,3,42992655
255.068,compaction_begin,3,0
255.465,compaction_end,3,42992648
255.475,compaction_begin,3,0
255.720,compaction_end,3,43367080
255.730,compaction_begin,3,0
255.915,compaction_end,3,42992648
255.926,compaction_begin,3,0
256.109,compaction_end,3,42992653
256.119,compaction_begin,3,0
256.367,flush_begin,0,0
256.378,flush_end,0,2744586
256.893,compaction_end,3,43367081
256.903,compaction_begin,2,0
257.243,compaction_end,2,6701083
257.258,compaction_begin,3,0
257.462,compaction_end,3,43367078
257.474,compaction_begin,3,0
257.660,compaction_end,3,43367082
257.672,compaction_begin,3,0
257.860,compaction_end,3,43367081
257.872,compaction_begin,3,0
258.045,compaction_end,3,42992654
258.056,compaction_begin,3,0
258.783,compaction_end,3,42992648
258.793,compaction_begin,3,0
258.973,compaction_end,3,43367079
258.984,compaction_begin,3,0
259.161,compaction_end,3,43367081
259.172,compaction_begin,3,0
259.349,compaction_end,3,42992648
259.359,compaction_begin,3,0
260.091,compaction_end,3,42992654
260.102,compaction_begin,3,0
260.850,compaction_end,3,43058651
260.860,compaction_begin,3,0
261.599,compaction_end,3,42992651
261.609,compaction_begin,3,0
261.789,compaction_end,3,43367080
261.799,compaction_begin,3,0
261.801,flush_begin,0,0
261.813,flush_end,0,2744441
261.999,compaction_end,3,43367081
262.009,compaction_begin,2,0
262.355,compaction_end,2,6813452
262.372,compaction_begin,3,0
262.569,compaction_end,3,43367078
262.581,compaction_begin,3,0
262.752,compaction_end,3,43367082
262.763,compaction_begin,3,0
262.933,compaction_end,3,43367081
262.944,compaction_begin,3,0
263.118,compaction_end,3,43367081
263.128,compaction_begin,3,0
263.297,compaction_end,3,43367081
263.310,compaction_begin,3,0
263.483,compaction_end,3,43367079
263.494,compaction_begin,3,0
263.669,compaction_end,3,42992648
263.679,compaction_begin,3,0
263.855,compaction_end,3,43367080
263.865,compaction_begin,3,0
264.615,compaction_end,3,43367082
264.625,compaction_begin,3,0
264.807,compaction_end,3,42992653
264.817,compaction_begin,3,0
265.558,compaction_end,3,43367079
265.568,compaction_begin,3,0
266.311,compaction_end,3,43367078
266.322,compaction_begin,3,0
266.811,compaction_end,3,28079277
266.821,compaction_begin,3,0
267.271,flush_begin,0,0
267.283,flush_end,0,2745006
267.582,compaction_end,3,42992654
267.592,compaction_begin,2,0
267.936,compaction_end,2,6727462
267.953,compaction_begin,3,0
268.147,compaction_end,3,43367078
268.160,compaction_begin,3,0
268.330,compaction_end,3,43367082
268.342,compaction_begin,3,0
268.516,compaction_end,3,43367079
268.527,compaction_begin,3,0
268.701,compaction_end,3,43367081
268.712,compaction_begin,3,0
268.887,compaction_end,3,43367081
268.898,compaction_begin,3,0
269.073,compaction_end,3,42992648
269.083,compaction_begin,3,0
269.828,compaction_end,3,43367081
269.837,compaction_begin,3,0
270.015,compaction_end,3,43367081
270.025,compaction_begin,3,0
270.202,compaction_end,3,43367078
270.212,compaction_begin,3,0
270.387,compaction_end,3,42992653
270.397,compaction_begin,3,0
271.138,compaction_end,3,43367078
271.148,compaction_begin,3,0
271.878,compaction_end,3,42992648
271.888,compaction_begin,3,0
272.068,compaction_end,3,42992654
272.078,compaction_begin,3,0
272.735,flush_begin,0,0
272.747,flush_end,0,2744688
272.855,compaction_end,3,43367082
272.865,compaction_begin,2,0
273.203,compaction_end,2,6861881
273.221,compaction_begin,3,0
273.419,compaction_end,3,43367078
273.431,compaction_begin,3,0
273.603,compaction_end,3,43367082
273.615,compaction_begin,3,0
273.788,compaction_end,3,43367081
273.800,compaction_begin,3,0
273.975,compaction_end,3,43367081
273.986,compaction_begin,3,0
274.729,compaction_end,3,43367077
274.739,compaction_begin,3,0
274.916,compaction_end,3,42992653
274.926,compaction_begin,3,0
275.691,compaction_end,3,42992651
275.701,compaction_begin,3,0
276.434,compaction_end,3,42992654
276.444,compaction_begin,3,0
277.177,compaction_end,3,42243696
277.187,compaction_begin,3,0
277.948,compaction_end,3,42992651
277.959,compaction_begin,3,0
278.155,flush_begin,0,0
278.167,flush_end,0,2744572
278.728,compaction_end,3,43367080
278.738,compaction_begin,2,0
279.074,compaction_end,2,6647582
279.091,compaction_begin,3,0
279.286,compaction_end,3,43367078
279.298,compaction_begin,3,0
279.465,compaction_end,3,43367081
279.477,compaction_begin,3,0
279.648,compaction_end,3,43367082
279.660,compaction_begin,3,0
280.312,compaction_end,3,43367079
280.323,compaction_begin,3,0
280.504,compaction_end,3,43367081
280.515,compaction_begin,3,0
280.701,compaction_end,3,42992654
280.712,compaction_begin,3,0
281.436,compaction_end,3,42618173
281.445,compaction_begin,3,0
282.189,compaction_end,3,43367081
282.199,compaction_begin,3,0
282.965,compaction_end,3,44404452
282.975,compaction_begin,3,0
283.154,compaction_end,3,43367080
283.164,compaction_begin,3,0
283.561,flush_begin,0,0
283.573,flush_end,0,2744808
283.921,compaction_end,3,42992652
283.931,compaction_begin,2,0
284.262,compaction_end,2,6405209
284.276,compaction_begin,3,0
284.454,compaction_end,3,43367078
284.467,compaction_begin,3,0
284.642,compaction_end,3,43367081
284.653,compaction_begin,3,0
284.825,compaction_end,3,43367082
284.837,compaction_begin,3,0
285.008,compaction_end,3,43367081
285.019,compaction_begin,3,0
285.192,compaction_end,3,43367079
285.203,compaction_begin,3,0
285.937,compaction_end,3,43367082
285.947,compaction_begin,3,0
286.689,compaction_end,3,43367077
286.699,compaction_begin,3,0
286.873,compaction_end,3,42618173
286.883,compaction_begin,3,0
287.612,compaction_end,3,43367079
287.622,compaction_begin,3,0
287.801,compaction_end,3,43367081
287.812,compaction_begin,3,0
287.989,compaction_end,3,42992652
287.999,compaction_begin,3,0
288.746,compaction_end,3,43367082
288.756,compaction_begin,3,0
288.980,flush_begin,0,0
288.991,flush_end,0,2744597
289.527,compaction_end,3,43367079
289.537,compaction_begin,2,0
289.874,compaction_end,2,6338104
289.890,compaction_begin,3,0
290.089,compaction_end,3,43367078
290.101,compaction_begin,3,0
290.273,compaction_end,3,43367081
290.285,compaction_begin,3,0
290.459,compaction_end,3,43367082
290.471,compaction_begin,3,0
290.645,compaction_end,3,43367079
290.656,compaction_begin,3,0
291.366,compaction_end,3,42992653
291.376,compaction_begin,3,0
291.550,compaction_end,3,42618173
291.561,compaction_begin,3,0
291.741,compaction_end,3,43367082
291.751,compaction_begin,3,0
291.931,compaction_end,3,43367077
291.942,compaction_begin,3,0
292.120,compaction_end,3,43367079
292.129,compaction_begin,3,0
292.306,compaction_end,3,43367079
292.317,compaction_begin,3,0
293.065,compaction_end,3,42992651
293.075,compaction_begin,3,0
293.251,compaction_end,3,43367082
293.261,compaction_begin,3,0
294.030,compaction_end,3,42992650
294.040,compaction_begin,3,0
294.214,compaction_end,3,42992652
294.223,compaction_begin,3,0
294.389,flush_begin,0,0
294.401,flush_end,0,2744608
294.974,compaction_end,3,42992654
294.984,compaction_begin,2,0
295.381,compaction_end,2,6517212
295.395,compaction_begin,3,0
295.614,compaction_end,3,43367078
295.625,compaction_begin,3,0
295.794,compaction_end,3,43367082
295.805,compaction_begin,3,0
295.978,compaction_end,3,42618173
295.989,compaction_begin,3,0
296.420,compaction_end,3,43367081
296.431,compaction_begin,3,0
297.094,compaction_end,3,43367079
297.105,compaction_begin,3,0
297.770,compaction_end,3,43367081
297.781,compaction_begin,3,0
297.956,compaction_end,3,42992654
297.966,compaction_begin,3,0
298.704,compaction_end,3,43367082
298.715,compaction_begin,3,0
299.469,compaction_end,3,42992648
299.479,compaction_begin,3,0
299.655,compaction_end,3,43367082
299.665,compaction_begin,3,0
299.845,flush_begin,0,0
299.857,flush_end,0,2744578
300.423,compaction_end,3,42992649
300.435,compaction_begin,2,0
300.774,compaction_end,2,6622705
300.790,compaction_begin,3,0
300.983,compaction_end,3,43367078
300.996,compaction_begin,3,0
301.167,compaction_end,3,43367081
301.179,compaction_begin,3,0
301.352,compaction_end,3,43367079
301.362,compaction_begin,3,0
301.534,compaction_end,3,43367082
301.542,compaction_begin,3,0
301.719,compaction_end,3,43367081
301.732,compaction_begin,3,0
301.907,compaction_end,3,43367082
301.918,compaction_begin,3,0
302.094,compaction_end,3,42618173
302.104,compaction_begin,3,0
302.845,compaction_end,3,42992654
302.855,compaction_begin,3,0
303.034,compaction_end,3,43367082
303.044,compaction_begin,3,0
303.790,compaction_end,3,43367083
303.801,compaction_begin,3,0
304.527,compaction_end,3,42992648
304.536,compaction_begin,3,0
304.711,compaction_end,3,42992654
304.722,compaction_begin,3,0
305.276,flush_begin,0,0
305.287,flush_end,0,2744892
305.481,compaction_end,3,42992649
305.490,compaction_begin,2,0
305.831,compaction_end,2,6559814
305.848,compaction_begin,3,0
306.046,compaction_end,3,43367078
306.057,compaction_begin,3,0
306.226,compaction_end,3,43367082
306.238,compaction_begin,3,0
306.408,compaction_end,3,43367081
306.420,compaction_begin,3,0
306.595,compaction_end,3,43367079
306.606,compaction_begin,3,0
306.783,compaction_end,3,43367081
306.794,compaction_begin,3,0
306.967,compaction_end,3,42992654
306.978,compaction_begin,3,0
307.719,compaction_end,3,43367077
307.728,compaction_begin,3,0
307.905,compaction_end,3,43367082
307.915,compaction_begin,3,0
308.089,compaction_end,3,43367083
308.099,compaction_begin,3,0
308.843,compaction_end,3,43367078
308.853,compaction_begin,3,0
309.588,compaction_end,3,42992647
309.597,compaction_begin,3,0
310.344,compaction_end,3,43367078
310.353,compaction_begin,3,0
310.698,flush_begin,0,0
310.709,flush_end,0,2744976
311.177,compaction_end,3,42992648
311.187,compaction_begin,2,0
311.507,compaction_end,2,6613862
311.523,compaction_begin,3,0
311.722,compaction_end,3,43367078
311.734,compaction_begin,3,0
311.907,compaction_end,3,43367082
311.919,compaction_begin,3,0
312.092,compaction_end,3,43367081
312.104,compaction_begin,3,0
312.279,compaction_end,3,43367079
312.290,compaction_begin,3,0
312.466,compaction_end,3,43367083
312.476,compaction_begin,3,0
313.210,compaction_end,3,42992648
313.219,compaction_begin,3,0
313.941,compaction_end,3,42618173
313.951,compaction_begin,3,0
314.125,compaction_end,3,43367078
314.135,compaction_begin,3,0
314.876,compaction_end,3,42992648
314.886,compaction_begin,3,0
315.063,compaction_end,3,43367078
315.073,compaction_begin,3,0
315.754,compaction_end,3,43367081
315.765,compaction_begin,3,0
316.132,flush_begin,0,0
316.144,flush_end,0,2744636
316.514,compaction_end,3,42992648
316.525,compaction_begin,2,0
316.844,compaction_end,2,6700531
316.859,compaction_begin,3,0
317.047,compaction_end,3,43367078
317.058,compaction_begin,3,0
317.227,compaction_end,3,43367081
317.238,compaction_begin,3,0
317.411,compaction_end,3,43367079
317.421,compaction_begin,3,0
317.594,compaction_end,3,43367082
317.606,compaction_begin,3,0
317.777,compaction_end,3,42992648
317.789,compaction_begin,3,0
317.972,compaction_end,3,42992648
317.982,compaction_begin,3,0
318.712,compaction_end,3,42992654
318.722,compaction_begin,3,0
318.898,compaction_end,3,43367081
318.909,compaction_begin,3,0
319.645,compaction_end,3,43367078
319.656,compaction_begin,3,0
319.835,compaction_end,3,42618173
319.846,compaction_begin,3,0
320.586,compaction_end,3,42992651
320.596,compaction_begin,3,0
321.336,compaction_end,3,42992654
321.346,compaction_begin,3,0
321.545,flush_begin,0,0
321.557,flush_end,0,2744775
322.100,compaction_end,3,43367082
322.111,compaction_begin,2,0
322.455,compaction_end,2,6825434
322.469,compaction_begin,3,0
322.654,compaction_end,3,43367078
322.667,compaction_begin,3,0
322.836,compaction_end,3,43367082
322.847,compaction_begin,3,0
323.019,compaction_end,3,43367081
323.031,compaction_begin,3,0
323.204,compaction_end,3,43367079
323.216,compaction_begin,3,0
323.387,compaction_end,3,42618173
323.397,compaction_begin,3,0
324.113,compaction_end,3,42992653
324.123,compaction_begin,3,0
324.296,compaction_end,3,42992654
324.306,compaction_begin,3,0
324.480,compaction_end,3,43367078
324.490,compaction_begin,3,0
324.665,compaction_end,3,42992654
324.675,compaction_begin,3,0
324.849,compaction_end,3,42992651
324.859,compaction_begin,3,0
325.597,compaction_end,3,43367081
325.607,compaction_begin,3,0
325.783,compaction_end,3,43367081
325.794,compaction_begin,3,0
326.536,compaction_end,3,42992649
326.546,compaction_begin,3,0
326.969,flush_begin,0,0
326.980,flush_end,0,2744444
327.297,compaction_end,3,42992648
327.307,compaction_begin,2,0
327.648,compaction_end,2,6835332
327.665,compaction_begin,3,0
327.868,compaction_end,3,43367078
327.881,compaction_begin,3,0
328.051,compaction_end,3,43367082
328.063,compaction_begin,3,0
328.232,compaction_end,3,43367081
328.243,compaction_begin,3,0
328.416,compaction_end,3,42992653
328.426,compaction_begin,3,0
328.801,compaction_end,3,43367079
328.811,compaction_begin,3,0
328.984,compaction_end,3,42992654
328.995,compaction_begin,3,0
329.172,compaction_end,3,43367081
329.182,compaction_begin,3,0
329.922,compaction_end,3,43367080
329.932,compaction_begin,3,0
330.676,compaction_end,3,42992653
330.687,compaction_begin,3,0
331.445,compaction_end,3,42992648
331.456,compaction_begin,3,0
331.631,compaction_end,3,43367081
331.643,compaction_begin,3,0
332.381,compaction_end,3,42992654
332.391,compaction_begin,3,0
332.395,flush_begin,0,0
332.406,flush_end,0,2744640
333.158,compaction_end,3,42992654
333.167,compaction_begin,2,0
333.517,compaction_end,2,6707658
333.534,compaction_begin,3,0
333.733,compaction_end,3,43367078
333.746,compaction_begin,3,0
333.929,compaction_end,3,43367081
333.940,compaction_begin,3,0
334.299,compaction_end,3,43367082
334.310,compaction_begin,3,0
334.481,compaction_end,3,42992654
334.491,compaction_begin,3,0
334.669,compaction_end,3,43367079
334.680,compaction_begin,3,0
334.856,compaction_end,3,43367081
334.866,compaction_begin,3,0
335.046,compaction_end,3,43367081
335.056,compaction_begin,3,0
335.233,compaction_end,3,42992653
335.243,compaction_begin,3,0
336.008,compaction_end,3,44267909
336.018,compaction_begin,3,0
336.763,compaction_end,3,43058651
336.773,compaction_begin,3,0
337.520,compaction_end,3,43367080
337.530,compaction_begin,3,0
337.837,flush_begin,0,0
337.848,flush_end,0,2744893
338.273,compaction_end,3,42992648
338.283,compaction_begin,2,0
338.612,compaction_end,2,6839485
338.629,compaction_begin,3,0
338.818,compaction_end,3,43367078
338.830,compaction_begin,3,0
338.997,compaction_end,3,43367081
339.009,compaction_begin,3,0
339.177,compaction_end,3,43367082
339.188,compaction_begin,3,0
339.904,compaction_end,3,42992648
339.914,compaction_begin,3,0
340.089,compaction_end,3,43367079
340.099,compaction_begin,3,0
340.276,compaction_end,3,43367081
340.286,compaction_begin,3,0
340.463,compaction_end,3,43367081
340.475,compaction_begin,3,0
340.684,compaction_end,3,43058651
340.701,compaction_begin,3,0
341.441,compaction_end,3,43367078
341.451,compaction_begin,3,0
341.761,compaction_end,3,42992654
341.771,compaction_begin,3,0
342.022,compaction_end,3,42992653
342.033,compaction_begin,3,0
342.213,compaction_end,3,43367080
342.224,compaction_begin,3,0
342.963,compaction_end,3,42992653
342.973,compaction_begin,3,0
343.262,flush_begin,0,0
343.273,flush_end,0,2744440
343.730,compaction_end,3,42992648
343.740,compaction_begin,2,0
344.062,compaction_end,2,6918836
344.074,compaction_begin,3,0
344.252,compaction_end,3,43367081
344.263,compaction_begin,3,0
344.438,compaction_end,3,43367080
344.450,compaction_begin,3,0
344.770,compaction_end,3,43367078
344.781,compaction_begin,3,0
344.955,compaction_end,3,43367083
344.966,compaction_begin,3,0
345.186,compaction_end,3,43367079
345.198,compaction_begin,3,0
345.370,compaction_end,3,42992648
345.381,compaction_begin,3,0
346.106,compaction_end,3,42618173
346.116,compaction_begin,3,0
346.291,compaction_end,3,42992654
346.301,compaction_begin,3,0
347.039,compaction_end,3,43367079
347.050,compaction_begin,3,0
347.790,compaction_end,3,43367082
347.800,compaction_begin,3,0
348.545,compaction_end,3,43367080
348.556,compaction_begin,3,0
348.719,flush_begin,0,0
348.731,flush_end,0,2744448
349.317,compaction_end,3,42992653
349.327,compaction_begin,2,0
349.670,compaction_end,2,6883820
349.687,compaction_begin,3,0
349.882,compaction_end,3,43367078
349.894,compaction_begin,3,0
350.066,compaction_end,3,43367082
350.077,compaction_begin,3,0
350.250,compaction_end,3,43367081
350.262,compaction_begin,3,0
350.436,compaction_end,3,42992648
350.446,compaction_begin,3,0
350.619,compaction_end,3,43367079
350.629,compaction_begin,3,0
350.880,compaction_end,3,43367081
350.892,compaction_begin,3,0
351.069,compaction_end,3,43367079
351.080,compaction_begin,3,0
351.260,compaction_end,3,42992654
351.270,compaction_begin,3,0
352.011,compaction_end,3,43367083
352.022,compaction_begin,3,0
352.761,compaction_end,3,42992648
352.771,compaction_begin,3,0
353.502,compaction_end,3,43367082
353.512,compaction_begin,3,0
354.146,flush_begin,0,0
354.158,flush_end,0,2744766
354.254,compaction_end,3,42992648
354.264,compaction_begin,2,0
354.597,compaction_end,2,6978600
354.615,compaction_begin,3,0
354.806,compaction_end,3,43367078
354.817,compaction_begin,3,0
354.984,compaction_end,3,43367082
354.997,compaction_begin,3,0
355.166,compaction_end,3,43367081
355.178,compaction_begin,3,0
355.352,compaction_end,3,43367079
355.362,compaction_begin,3,0
355.535,compaction_end,3,43367079
355.546,compaction_begin,3,0
355.719,compaction_end,3,42992654
355.729,compaction_begin,3,0
355.904,compaction_end,3,43367083
355.914,compaction_begin,3,0
356.090,compaction_end,3,43367081
356.101,compaction_begin,3,0
356.873,compaction_end,3,44267910
356.883,compaction_begin,3,0
357.060,compaction_end,3,43367082
357.070,compaction_begin,3,0
