t,type,level,bytes
-29.853,flush_begin,0,0
-29.843,flush_end,0,2686930
-29.831,flush_begin,0,0
-29.822,flush_end,0,2686931
-29.812,flush_begin,0,0
-29.802,flush_end,0,2686931
-29.792,flush_begin,0,0
-29.782,flush_end,0,2686931
-29.771,flush_begin,0,0
-29.761,flush_end,0,2686931
-29.750,flush_begin,0,0
-29.741,flush_end,0,2686930
-29.730,flush_begin,0,0
-29.721,flush_end,0,2686932
-29.711,flush_begin,0,0
-29.701,flush_end,0,2686930
-29.691,flush_begin,0,0
-29.681,flush_end,0,2686932
-29.671,flush_begin,0,0
-29.662,flush_end,0,2686930
-29.652,flush_begin,0,0
-29.642,flush_end,0,2686931
-29.631,flush_begin,0,0
-29.622,flush_end,0,2686931
-29.612,flush_begin,0,0
-29.603,flush_end,0,2686930
-29.592,flush_begin,0,0
-29.582,flush_end,0,2686932
-29.571,flush_begin,0,0
-29.562,flush_end,0,2686930
-29.551,flush_begin,0,0
-29.542,flush_end,0,2686931
-29.530,flush_begin,0,0
-29.521,flush_end,0,2686931
-29.511,flush_begin,0,0
-29.502,flush_end,0,2686931
-29.491,flush_begin,0,0
-29.482,flush_end,0,2686931
-29.473,flush_begin,0,0
-29.463,flush_end,0,2686931
-29.452,flush_begin,0,0
-29.441,flush_end,0,2686930
-29.430,flush_begin,0,0
-29.421,flush_end,0,2686933
-29.410,flush_begin,0,0
-29.401,flush_end,0,2686930
-29.389,flush_begin,0,0
-29.381,flush_end,0,2686932
-29.369,flush_begin,0,0
-29.360,flush_end,0,2686930
-29.348,flush_begin,0,0
-29.339,flush_end,0,2686930
-29.329,flush_begin,0,0
-29.320,flush_end,0,2686932
-29.308,flush_begin,0,0
-29.300,flush_end,0,2686930
-29.289,flush_begin,0,0
-29.280,flush_end,0,2686932
-29.270,flush_begin,0,0
-29.261,flush_end,0,2686930
-29.250,flush_begin,0,0
-29.241,flush_end,0,2686931
-29.229,flush_begin,0,0
-29.220,flush_end,0,2686931
-29.209,flush_begin,0,0
-29.200,flush_end,0,2686931
-29.188,flush_begin,0,0
-29.179,flush_end,0,2686931
-29.168,flush_begin,0,0
-29.159,flush_end,0,2686931
-29.147,flush_begin,0,0
-29.138,flush_end,0,2686930
-29.127,flush_begin,0,0
-29.118,flush_end,0,2686932
-29.107,flush_begin,0,0
-29.098,flush_end,0,2686930
-29.086,flush_begin,0,0
-29.077,flush_end,0,2686931
-29.066,flush_begin,0,0
-29.057,flush_end,0,2686931
-29.042,trivial_move,3,2686930
-29.039,flush_begin,0,0
-29.030,flush_end,0,2686930
-29.014,trivial_move,3,2686931
-29.011,flush_begin,0,0
-29.002,flush_end,0,2686932
-28.986,trivial_move,3,2686931
-28.983,flush_begin,0,0
-28.971,flush_end,0,2686930
-28.955,trivial_move,3,2686931
-28.951,flush_begin,0,0
-28.942,flush_end,0,2686933
-28.926,trivial_move,3,2686931
-28.923,flush_begin,0,0
-28.910,flush_end,0,2686930
-28.895,trivial_move,3,2686930
-28.891,flush_begin,0,0
-28.879,flush_end,0,2686931
-28.863,trivial_move,3,2686932
-28.859,flush_begin,0,0
-28.849,flush_end,0,2686931
-28.835,trivial_move,3,2686930
-28.831,flush_begin,0,0
-28.812,flush_end,0,2686931
-28.798,trivial_move,3,2686932
-28.794,flush_begin,0,0
-28.783,flush_end,0,2686931
-28.767,trivial_move,3,2686930
-28.763,flush_begin,0,0
-28.751,flush_end,0,2686930
-28.736,trivial_move,3,2686931
-28.732,flush_begin,0,0
-28.722,flush_end,0,2686930
-28.706,trivial_move,3,2686931
-28.701,flush_begin,0,0
-28.691,flush_end,0,2686931
-28.675,trivial_move,3,2686930
-28.671,flush_begin,0,0
-28.660,flush_end,0,2686931
-28.644,trivial_move,3,2686932
-28.640,flush_begin,0,0
-28.630,flush_end,0,2686931
-28.614,trivial_move,3,2686930
-28.610,flush_begin,0,0
-28.599,flush_end,0,2686931
-28.583,trivial_move,3,2686931
-28.579,flush_begin,0,0
-28.568,flush_end,0,2686930
-28.552,trivial_move,3,2686931
-28.548,flush_begin,0,0
-28.538,flush_end,0,2686932
-28.522,trivial_move,3,2686931
-28.518,flush_begin,0,0
-28.508,flush_end,0,2686930
-28.492,trivial_move,3,2686931
-28.488,flush_begin,0,0
-28.478,flush_end,0,2686932
-28.462,trivial_move,3,2686931
-28.458,flush_begin,0,0
-28.448,flush_end,0,2686930
-28.432,trivial_move,3,2686930
-28.428,flush_begin,0,0
-28.418,flush_end,0,2686931
-28.402,trivial_move,3,2686933
-28.398,flush_begin,0,0
-28.388,flush_end,0,2686931
-28.373,trivial_move,3,2686930
-28.369,flush_begin,0,0
-28.358,flush_end,0,2686930
-28.342,trivial_move,3,2686932
-28.339,flush_begin,0,0
-28.329,flush_end,0,2686932
-28.313,trivial_move,3,2686930
-28.309,flush_begin,0,0
-28.299,flush_end,0,2686930
-28.283,trivial_move,3,2686930
-28.279,flush_begin,0,0
-28.268,flush_end,0,2686932
-28.253,trivial_move,3,2686932
-28.249,flush_begin,0,0
-28.238,flush_end,0,2686931
-28.223,trivial_move,3,2686930
-28.219,flush_begin,0,0
-28.208,flush_end,0,2686931
-28.192,trivial_move,3,2686932
-28.188,flush_begin,0,0
-28.178,flush_end,0,2686931
-28.162,trivial_move,3,2686930
-28.158,flush_begin,0,0
-28.147,flush_end,0,2686931
-28.131,trivial_move,3,2686931
-28.127,flush_begin,0,0
-28.113,flush_end,0,2686930
-28.097,trivial_move,3,2686931
-28.093,flush_begin,0,0
-28.082,flush_end,0,2686932
-28.066,trivial_move,3,2686931
-28.062,flush_begin,0,0
-28.051,flush_end,0,2686930
-28.035,trivial_move,3,2686931
-28.030,flush_begin,0,0
-28.020,flush_end,0,2686932
-28.005,trivial_move,3,2686931
-28.001,flush_begin,0,0
-27.990,flush_end,0,2686930
-27.974,trivial_move,3,2686930
-27.970,flush_begin,0,0
-27.958,flush_end,0,2686930
-27.943,trivial_move,3,2686932
-27.939,flush_begin,0,0
-27.928,flush_end,0,2686932
-27.913,trivial_move,3,2686930
-27.908,flush_begin,0,0
-27.897,flush_end,0,2686930
-27.881,trivial_move,3,2686931
-27.876,flush_begin,0,0
-27.865,flush_end,0,2686932
-27.849,trivial_move,3,2686931
-27.844,flush_begin,0,0
-27.833,flush_end,0,2686930
-27.817,trivial_move,3,2686930
-27.812,flush_begin,0,0
-27.801,flush_end,0,2686931
-27.785,trivial_move,3,2686932
-27.781,flush_begin,0,0
-27.770,flush_end,0,2686931
-27.754,trivial_move,3,2686930
-27.750,flush_begin,0,0
-27.738,flush_end,0,2686931
-27.723,trivial_move,3,2686933
-27.719,flush_begin,0,0
-27.708,flush_end,0,2686931
-27.692,trivial_move,3,2686930
-27.687,flush_begin,0,0
-27.676,flush_end,0,2686931
-27.660,trivial_move,3,2686931
-27.655,flush_begin,0,0
-27.643,flush_end,0,2686930
-27.628,trivial_move,3,2686931
-27.623,flush_begin,0,0
-27.612,flush_end,0,2686933
-27.596,trivial_move,3,2686931
-27.591,flush_begin,0,0
-27.580,flush_end,0,2686930
-27.564,trivial_move,3,2686931
-27.559,flush_begin,0,0
-27.548,flush_end,0,2686931
-27.532,trivial_move,3,2686930
-27.528,flush_begin,0,0
-27.517,flush_end,0,2686931
-27.501,trivial_move,3,2686930
-27.497,flush_begin,0,0
-27.485,flush_end,0,2686930
-27.469,trivial_move,3,2686931
-27.465,flush_begin,0,0
-27.453,flush_end,0,2686932
-27.438,trivial_move,3,2686931
-27.434,flush_begin,0,0
-27.423,flush_end,0,2686930
-27.408,trivial_move,3,2686931
-27.404,flush_begin,0,0
-27.392,flush_end,0,2686932
-27.377,trivial_move,3,2686931
-27.372,flush_begin,0,0
-27.359,flush_end,0,2686930
-27.344,trivial_move,3,2686930
-27.340,flush_begin,0,0
-27.329,flush_end,0,2686931
-27.314,trivial_move,3,2686932
-27.310,flush_begin,0,0
-27.299,flush_end,0,2686931
-27.282,trivial_move,3,2686930
-27.279,flush_begin,0,0
-27.268,flush_end,0,2686931
-27.253,trivial_move,3,2686932
-27.248,flush_begin,0,0
-27.238,flush_end,0,2686931
-27.222,trivial_move,3,2686930
-27.217,flush_begin,0,0
-27.207,flush_end,0,2686930
-27.191,trivial_move,3,2686931
-27.187,flush_begin,0,0
-27.174,flush_end,0,2686930
-27.157,trivial_move,3,2686931
-27.154,flush_begin,0,0
-27.142,flush_end,0,2686931
-27.127,trivial_move,3,2686930
-27.123,flush_begin,0,0
-27.112,flush_end,0,2686931
-27.096,trivial_move,3,2686932
-27.092,flush_begin,0,0
-27.081,flush_end,0,2686931
-27.065,trivial_move,3,2686930
-27.060,flush_begin,0,0
-27.048,flush_end,0,2686931
-27.032,trivial_move,3,2686932
-27.027,flush_begin,0,0
-27.016,flush_end,0,2686930
-27.000,trivial_move,3,2686931
-26.996,flush_begin,0,0
-26.984,flush_end,0,2686932
-26.968,trivial_move,3,2686931
-26.964,flush_begin,0,0
-26.953,flush_end,0,2686930
-26.938,trivial_move,3,2686931
-26.934,flush_begin,0,0
-26.923,flush_end,0,2686933
-26.908,trivial_move,3,2686931
-26.904,flush_begin,0,0
-26.893,flush_end,0,2686930
-26.877,trivial_move,3,2686930
-26.873,flush_begin,0,0
-26.862,flush_end,0,2686931
-26.846,trivial_move,3,2686932
-26.841,flush_begin,0,0
-26.831,flush_end,0,2686931
-26.814,trivial_move,3,2686930
-26.810,flush_begin,0,0
-26.799,flush_end,0,2686930
-26.785,trivial_move,3,2686932
-26.781,flush_begin,0,0
-26.770,flush_end,0,2686932
-26.754,trivial_move,3,2686930
-26.750,flush_begin,0,0
-26.740,flush_end,0,2686930
-26.725,trivial_move,3,2686930
-26.721,flush_begin,0,0
-26.711,flush_end,0,2686931
-26.696,trivial_move,3,2686932
-26.692,flush_begin,0,0
-26.682,flush_end,0,2686931
-26.668,trivial_move,3,2686930
-26.664,flush_begin,0,0
-26.653,flush_end,0,2686931
-26.638,trivial_move,3,2686932
-26.634,flush_begin,0,0
-26.623,flush_end,0,2686931
-26.607,trivial_move,3,2686930
-26.603,flush_begin,0,0
-26.593,flush_end,0,2686931
-26.577,trivial_move,3,2686931
-26.573,flush_begin,0,0
-26.562,flush_end,0,2686930
-26.547,trivial_move,3,2686931
-26.543,flush_begin,0,0
-26.532,flush_end,0,2686932
-26.515,trivial_move,3,2686931
-26.511,flush_begin,0,0
-26.501,flush_end,0,2686930
-26.486,trivial_move,3,2686931
-26.481,flush_begin,0,0
-26.471,flush_end,0,2686932
-26.455,trivial_move,3,2686931
-26.451,flush_begin,0,0
-26.440,flush_end,0,2686930
-26.423,trivial_move,3,2686930
-26.419,flush_begin,0,0
-26.408,flush_end,0,2686930
-26.393,trivial_move,3,2686933
-26.389,flush_begin,0,0
-26.378,flush_end,0,2686932
-26.362,trivial_move,3,2686930
-26.358,flush_begin,0,0
-26.347,flush_end,0,2686930
-26.330,trivial_move,3,2686931
-26.327,flush_begin,0,0
-26.314,flush_end,0,2686932
-26.299,trivial_move,3,2686931
-26.295,flush_begin,0,0
-26.283,flush_end,0,2686930
-26.267,trivial_move,3,2686930
-26.263,flush_begin,0,0
-26.252,flush_end,0,2686932
-26.235,trivial_move,3,2686932
-26.232,flush_begin,0,0
-26.222,flush_end,0,2686931
-26.206,trivial_move,3,2686930
-26.202,flush_begin,0,0
-26.191,flush_end,0,2686931
-26.175,trivial_move,3,2686932
-26.171,flush_begin,0,0
-26.161,flush_end,0,2686931
-26.144,trivial_move,3,2686930
-26.141,flush_begin,0,0
-26.131,flush_end,0,2686931
-26.115,trivial_move,3,2686931
-26.111,flush_begin,0,0
-26.101,flush_end,0,2686930
-26.085,trivial_move,3,2686931
-26.080,flush_begin,0,0
-26.070,flush_end,0,2686932
-26.053,trivial_move,3,2686931
-26.049,flush_begin,0,0
-26.039,flush_end,0,2686930
-26.023,trivial_move,3,2686931
-26.019,flush_begin,0,0
-26.008,flush_end,0,2686931
-25.992,trivial_move,3,2686930
-25.988,flush_begin,0,0
-25.978,flush_end,0,2686931
-25.962,trivial_move,3,2686930
-25.958,flush_begin,0,0
-25.947,flush_end,0,2686930
-25.931,trivial_move,3,2686931
-25.927,flush_begin,0,0
-25.916,flush_end,0,2686932
-25.900,trivial_move,3,2686931
-25.896,flush_begin,0,0
-25.885,flush_end,0,2686930
-25.868,trivial_move,3,2686931
-25.864,flush_begin,0,0
-25.853,flush_end,0,2686932
-25.836,trivial_move,3,2686931
-25.832,flush_begin,0,0
-25.820,flush_end,0,2686930
-25.804,trivial_move,3,2686930
-25.800,flush_begin,0,0
-25.788,flush_end,0,2686931
-25.772,trivial_move,3,2686932
-25.768,flush_begin,0,0
-25.757,flush_end,0,2686931
-25.741,trivial_move,3,2686930
-25.736,flush_begin,0,0
-25.725,flush_end,0,2686931
-25.709,trivial_move,3,2686933
-25.704,flush_begin,0,0
-25.693,flush_end,0,2686931
-25.678,trivial_move,3,2686930
-25.673,flush_begin,0,0
-25.662,flush_end,0,2686930
-25.646,trivial_move,3,2686931
-25.641,flush_begin,0,0
-25.631,flush_end,0,2686930
-25.613,trivial_move,3,2686931
-25.608,flush_begin,0,0
-25.597,flush_end,0,2686931
-25.581,trivial_move,3,2686930
-25.577,flush_begin,0,0
-25.566,flush_end,0,2686932
-25.550,trivial_move,3,2686932
-25.545,flush_begin,0,0
-25.535,flush_end,0,2686931
-25.519,trivial_move,3,2686930
-25.515,flush_begin,0,0
-25.504,flush_end,0,2686931
-25.488,trivial_move,3,2686931
-25.483,flush_begin,0,0
-25.473,flush_end,0,2686930
-25.457,trivial_move,3,2686931
-25.452,flush_begin,0,0
-25.441,flush_end,0,2686932
-25.426,trivial_move,3,2686931
-25.422,flush_begin,0,0
-25.410,flush_end,0,2686930
-25.393,trivial_move,3,2686931
-25.389,flush_begin,0,0
-25.377,flush_end,0,2686932
-25.362,trivial_move,3,2686931
-25.358,flush_begin,0,0
-25.347,flush_end,0,2686930
-25.331,trivial_move,3,2686930
-25.326,flush_begin,0,0
-25.315,flush_end,0,2686931
-25.299,trivial_move,3,2686932
-25.294,flush_begin,0,0
-25.283,flush_end,0,2686931
-25.268,trivial_move,3,2686930
-25.263,flush_begin,0,0
-25.252,flush_end,0,2686930
-25.235,trivial_move,3,2686932
-25.231,flush_begin,0,0
-25.219,flush_end,0,2686932
-25.203,trivial_move,3,2686930
-25.198,flush_begin,0,0
-25.187,flush_end,0,2686930
-25.171,trivial_move,3,2686930
-25.166,flush_begin,0,0
-25.155,flush_end,0,2686931
-25.139,trivial_move,3,2686932
-25.134,flush_begin,0,0
-25.122,flush_end,0,2686931
-25.106,trivial_move,3,2686930
-25.101,flush_begin,0,0
-25.090,flush_end,0,2686931
-25.074,trivial_move,3,2686932
-25.069,flush_begin,0,0
-25.058,flush_end,0,2686931
-25.041,trivial_move,3,2686930
-25.037,flush_begin,0,0
-25.026,flush_end,0,2686931
-25.011,trivial_move,3,2686932
-25.007,flush_begin,0,0
-24.993,flush_end,0,2686930
-24.979,trivial_move,3,2686931
-24.974,flush_begin,0,0
-24.961,flush_end,0,2686932
-24.945,trivial_move,3,2686931
-24.941,flush_begin,0,0
-24.929,flush_end,0,2686930
-24.913,trivial_move,3,2686931
-24.908,flush_begin,0,0
-24.894,flush_end,0,2686933
-24.879,trivial_move,3,2686931
-24.874,flush_begin,0,0
-24.862,flush_end,0,2686930
-24.846,trivial_move,3,2686930
-24.841,flush_begin,0,0
-24.829,flush_end,0,2686930
-24.813,trivial_move,3,2686932
-24.808,flush_begin,0,0
-24.797,flush_end,0,2686932
-24.781,trivial_move,3,2686930
-24.776,flush_begin,0,0
-24.762,flush_end,0,2686930
-24.747,trivial_move,3,2686931
-24.742,flush_begin,0,0
-24.731,flush_end,0,2686932
-24.716,trivial_move,3,2686931
-24.712,flush_begin,0,0
-24.700,flush_end,0,2686930
-24.685,trivial_move,3,2686930
-24.680,flush_begin,0,0
-24.668,flush_end,0,2686931
-24.651,trivial_move,3,2686932
-24.647,flush_begin,0,0
-24.636,flush_end,0,2686931
-24.620,trivial_move,3,2686930
-24.616,flush_begin,0,0
-24.605,flush_end,0,2686931
-24.590,trivial_move,3,2686932
-24.585,flush_begin,0,0
-24.575,flush_end,0,2686931
-24.560,trivial_move,3,2686930
-24.557,flush_begin,0,0
-24.546,flush_end,0,2686931
-24.530,trivial_move,3,2686931
-24.526,flush_begin,0,0
-24.515,flush_end,0,2686930
-24.499,trivial_move,3,2686931
-24.495,flush_begin,0,0
-24.483,flush_end,0,2686932
-24.467,trivial_move,3,2686931
-24.463,flush_begin,0,0
-24.452,flush_end,0,2686930
-24.436,trivial_move,3,2686931
-24.432,flush_begin,0,0
-24.421,flush_end,0,2686931
-24.405,trivial_move,3,2686930
-24.401,flush_begin,0,0
-24.390,flush_end,0,2686931
-24.373,trivial_move,3,2686930
-24.370,flush_begin,0,0
-24.358,flush_end,0,2686930
-24.342,trivial_move,3,2686931
-24.339,flush_begin,0,0
-24.329,flush_end,0,2686932
-24.313,trivial_move,3,2686932
-24.309,flush_begin,0,0
-24.297,flush_end,0,2686930
-24.280,trivial_move,3,2686931
-24.276,flush_begin,0,0
-24.266,flush_end,0,2686932
-24.250,trivial_move,3,2686931
-24.246,flush_begin,0,0
-24.235,flush_end,0,2686930
-24.219,trivial_move,3,2686930
-24.215,flush_begin,0,0
-24.203,flush_end,0,2686932
-24.187,trivial_move,3,2686932
-24.183,flush_begin,0,0
-24.169,flush_end,0,2686931
-24.154,trivial_move,3,2686930
-24.149,flush_begin,0,0
-24.138,flush_end,0,2686931
-24.122,trivial_move,3,2686932
-24.117,flush_begin,0,0
-24.105,flush_end,0,2686931
-24.089,trivial_move,3,2686930
-24.084,flush_begin,0,0
-24.073,flush_end,0,2686930
-24.058,trivial_move,3,2686931
-24.053,flush_begin,0,0
-24.042,flush_end,0,2686930
-24.026,trivial_move,3,2686931
-24.021,flush_begin,0,0
-24.010,flush_end,0,2686931
-23.994,trivial_move,3,2686930
-23.990,flush_begin,0,0
-23.978,flush_end,0,2686931
-23.962,trivial_move,3,2686932
-23.958,flush_begin,0,0
-23.947,flush_end,0,2686931
-23.931,trivial_move,3,2686930
-23.926,flush_begin,0,0
-23.916,flush_end,0,2686931
-23.900,trivial_move,3,2686931
-23.895,flush_begin,0,0
-23.885,flush_end,0,2686930
-23.870,trivial_move,3,2686931
-23.866,flush_begin,0,0
-23.856,flush_end,0,2686932
-23.840,trivial_move,3,2686931
-23.836,flush_begin,0,0
-23.825,flush_end,0,2686930
-23.810,trivial_move,3,2686931
-23.806,flush_begin,0,0
-23.796,flush_end,0,2686932
-23.780,trivial_move,3,2686931
-23.776,flush_begin,0,0
-23.764,flush_end,0,2686930
-23.749,trivial_move,3,2686930
-23.745,flush_begin,0,0
-23.734,flush_end,0,2686931
-23.719,trivial_move,3,2686932
-23.715,flush_begin,0,0
-23.704,flush_end,0,2686931
-23.687,trivial_move,3,2686930
-23.684,flush_begin,0,0
-23.670,flush_end,0,2686930
-23.654,trivial_move,3,2686933
-23.650,flush_begin,0,0
-23.639,flush_end,0,2686932
-23.622,trivial_move,3,2686930
-23.619,flush_begin,0,0
-23.608,flush_end,0,2686930
-23.592,trivial_move,3,2686930
-23.588,flush_begin,0,0
-23.576,flush_end,0,2686931
-23.560,trivial_move,3,2686932
-23.556,flush_begin,0,0
-23.543,flush_end,0,2686931
-23.528,trivial_move,3,2686930
-23.524,flush_begin,0,0
-23.513,flush_end,0,2686933
-23.497,trivial_move,3,2686932
-23.493,flush_begin,0,0
-23.482,flush_end,0,2686931
-23.466,trivial_move,3,2686930
-23.462,flush_begin,0,0
-23.451,flush_end,0,2686931
-23.436,trivial_move,3,2686931
-23.432,flush_begin,0,0
-23.412,flush_end,0,2686930
-23.399,trivial_move,3,2686931
-23.395,flush_begin,0,0
-23.384,flush_end,0,2686932
-23.368,trivial_move,3,2686931
-23.364,flush_begin,0,0
-23.353,flush_end,0,2686930
-23.336,trivial_move,3,2686931
-23.332,flush_begin,0,0
-23.321,flush_end,0,2686932
-23.307,trivial_move,3,2686931
-23.303,flush_begin,0,0
-23.292,flush_end,0,2686930
-23.276,trivial_move,3,2686930
-23.272,flush_begin,0,0
-23.260,flush_end,0,2686930
-23.245,trivial_move,3,2686932
-23.241,flush_begin,0,0
-23.226,flush_end,0,2686932
-23.210,trivial_move,3,2686930
-23.208,flush_begin,0,0
-23.197,flush_end,0,2686930
-23.180,trivial_move,3,2686931
-23.177,flush_begin,0,0
-23.165,flush_end,0,2686932
-23.149,trivial_move,3,2686931
-23.146,flush_begin,0,0
-23.132,flush_end,0,2686930
-23.116,trivial_move,3,2686930
-23.112,flush_begin,0,0
-23.100,flush_end,0,2686931
-23.083,trivial_move,3,2686932
-23.080,flush_begin,0,0
-23.067,flush_end,0,2686931
-23.051,trivial_move,3,2686930
-23.048,flush_begin,0,0
-23.035,flush_end,0,2686931
-23.020,trivial_move,3,2686932
-23.017,flush_begin,0,0
-23.005,flush_end,0,2686931
-22.988,trivial_move,3,2686930
-22.985,flush_begin,0,0
-22.973,flush_end,0,2686931
-22.958,trivial_move,3,2686932
-22.955,flush_begin,0,0
-22.941,flush_end,0,2686930
-22.924,trivial_move,3,2686931
-22.920,flush_begin,0,0
-22.908,flush_end,0,2686932
-22.890,trivial_move,3,2686931
-22.887,flush_begin,0,0
-22.876,flush_end,0,2686930
-22.860,trivial_move,3,2686931
-22.856,flush_begin,0,0
-22.843,flush_end,0,2686931
-22.828,trivial_move,3,2686930
-22.824,flush_begin,0,0
-22.812,flush_end,0,2686932
-22.795,trivial_move,3,2686930
-22.791,flush_begin,0,0
-22.777,flush_end,0,2686930
-22.761,trivial_move,3,2686931
-22.757,flush_begin,0,0
-22.744,flush_end,0,2686932
-22.728,trivial_move,3,2686931
-22.724,flush_begin,0,0
-22.713,flush_end,0,2686930
-22.696,trivial_move,3,2686931
-22.692,flush_begin,0,0
-22.681,flush_end,0,2686932
-22.665,trivial_move,3,2686931
-22.661,flush_begin,0,0
-22.650,flush_end,0,2686930
-22.634,trivial_move,3,2686930
-22.630,flush_begin,0,0
-22.618,flush_end,0,2686931
-22.603,trivial_move,3,2686932
-22.600,flush_begin,0,0
-22.588,flush_end,0,2686931
-22.573,trivial_move,3,2686930
-22.571,flush_begin,0,0
-22.558,flush_end,0,2686931
-22.542,trivial_move,3,2686932
-22.538,flush_begin,0,0
-22.527,flush_end,0,2686931
-22.510,trivial_move,3,2686930
-22.506,flush_begin,0,0
-22.495,flush_end,0,2686930
-22.479,trivial_move,3,2686931
-22.476,flush_begin,0,0
-22.463,flush_end,0,2686930
-22.447,trivial_move,3,2686931
-22.444,flush_begin,0,0
-22.432,flush_end,0,2686931
-22.416,trivial_move,3,2686930
-22.413,flush_begin,0,0
-22.398,flush_end,0,2686931
-22.383,trivial_move,3,2686932
-22.380,flush_begin,0,0
-22.366,flush_end,0,2686931
-22.350,trivial_move,3,2686930
-22.346,flush_begin,0,0
-22.335,flush_end,0,2686931
-22.317,trivial_move,3,2686931
-22.314,flush_begin,0,0
-22.303,flush_end,0,2686930
-22.287,trivial_move,3,2686931
-22.284,flush_begin,0,0
-22.272,flush_end,0,2686932
-22.257,trivial_move,3,2686933
-22.253,flush_begin,0,0
-22.241,flush_end,0,2686930
-22.224,trivial_move,3,2686931
-22.221,flush_begin,0,0
-22.209,flush_end,0,2686932
-22.194,trivial_move,3,2686931
-22.190,flush_begin,0,0
-22.176,flush_end,0,2686930
-22.157,trivial_move,3,2686930
-22.154,flush_begin,0,0
-22.142,flush_end,0,2686932
-22.126,trivial_move,3,2686932
-22.122,flush_begin,0,0
-22.109,flush_end,0,2686931
-22.094,trivial_move,3,2686930
-22.091,flush_begin,0,0
-22.079,flush_end,0,2686930
-22.063,trivial_move,3,2686932
-22.060,flush_begin,0,0
-22.047,flush_end,0,2686932
-22.032,trivial_move,3,2686930
-22.028,flush_begin,0,0
-22.017,flush_end,0,2686930
-22.001,trivial_move,3,2686930
-21.998,flush_begin,0,0
-21.986,flush_end,0,2686931
-21.970,trivial_move,3,2686932
-21.967,flush_begin,0,0
-21.954,flush_end,0,2686931
-21.939,trivial_move,3,2686930
-21.936,flush_begin,0,0
-21.923,flush_end,0,2686931
-21.906,trivial_move,3,2686932
-21.903,flush_begin,0,0
-21.891,flush_end,0,2686931
-21.874,trivial_move,3,2686930
-21.871,flush_begin,0,0
-21.857,flush_end,0,2686931
-21.841,trivial_move,3,2686931
-21.837,flush_begin,0,0
-21.824,flush_end,0,2686930
-21.808,trivial_move,3,2686931
-21.804,flush_begin,0,0
-21.792,flush_end,0,2686932
-21.775,trivial_move,3,2686931
-21.772,flush_begin,0,0
-21.760,flush_end,0,2686930
-21.745,trivial_move,3,2686931
-21.741,flush_begin,0,0
-21.727,flush_end,0,2686932
-21.712,trivial_move,3,2686931
-21.708,flush_begin,0,0
-21.693,flush_end,0,2686930
-21.677,trivial_move,3,2686930
-21.674,flush_begin,0,0
-21.660,flush_end,0,2686930
-21.644,trivial_move,3,2686932
-21.641,flush_begin,0,0
-21.628,flush_end,0,2686932
-21.613,trivial_move,3,2686930
-21.609,flush_begin,0,0
-21.597,flush_end,0,2686930
-21.580,trivial_move,3,2686931
-21.577,flush_begin,0,0
-21.565,flush_end,0,2686932
-21.549,trivial_move,3,2686932
-21.546,flush_begin,0,0
-21.534,flush_end,0,2686930
-21.518,trivial_move,3,2686930
-21.515,flush_begin,0,0
-21.503,flush_end,0,2686931
-21.486,trivial_move,3,2686932
-21.483,flush_begin,0,0
-21.471,flush_end,0,2686931
-21.455,trivial_move,3,2686930
-21.451,flush_begin,0,0
-21.439,flush_end,0,2686932
-21.423,trivial_move,3,2686932
-21.419,flush_begin,0,0
-21.405,flush_end,0,2686931
-21.388,trivial_move,3,2686930
-21.385,flush_begin,0,0
-21.373,flush_end,0,2686931
-21.357,trivial_move,3,2686931
-21.353,flush_begin,0,0
-21.341,flush_end,0,2686930
-21.325,trivial_move,3,2686931
-21.321,flush_begin,0,0
-21.309,flush_end,0,2686932
-21.292,trivial_move,3,2686931
-21.289,flush_begin,0,0
-21.277,flush_end,0,2686930
-21.261,trivial_move,3,2686931
-21.257,flush_begin,0,0
-21.246,flush_end,0,2686931
-21.230,trivial_move,3,2686930
-21.226,flush_begin,0,0
-21.214,flush_end,0,2686931
-21.198,trivial_move,3,2686930
-21.195,flush_begin,0,0
-21.183,flush_end,0,2686930
-21.167,trivial_move,3,2686931
-21.163,flush_begin,0,0
-21.151,flush_end,0,2686932
-21.135,trivial_move,3,2686931
-21.131,flush_begin,0,0
-21.118,flush_end,0,2686930
-21.101,trivial_move,3,2686931
-21.099,flush_begin,0,0
-21.088,flush_end,0,2686932
-21.072,trivial_move,3,2686931
-21.069,flush_begin,0,0
-21.058,flush_end,0,2686930
-21.042,trivial_move,3,2686930
-21.038,flush_begin,0,0
-21.026,flush_end,0,2686931
-21.010,trivial_move,3,2686932
-21.007,flush_begin,0,0
-20.995,flush_end,0,2686931
-20.979,trivial_move,3,2686930
-20.975,flush_begin,0,0
-20.963,flush_end,0,2686931
-20.947,trivial_move,3,2686932
-20.943,flush_begin,0,0
-20.929,flush_end,0,2686931
-20.912,trivial_move,3,2686930
-20.908,flush_begin,0,0
-20.896,flush_end,0,2686930
-20.880,trivial_move,3,2686932
-20.876,flush_begin,0,0
-20.862,flush_end,0,2686930
-20.846,trivial_move,3,2686931
-20.842,flush_begin,0,0
-20.830,flush_end,0,2686931
-20.813,trivial_move,3,2686930
-20.810,flush_begin,0,0
-20.798,flush_end,0,2686931
-20.782,trivial_move,3,2686932
-20.779,flush_begin,0,0
-20.767,flush_end,0,2686931
-20.751,trivial_move,3,2686930
-20.747,flush_begin,0,0
-20.735,flush_end,0,2686932
-20.718,trivial_move,3,2686931
-20.715,flush_begin,0,0
-20.702,flush_end,0,2686930
-20.687,trivial_move,3,2686931
-20.682,flush_begin,0,0
-20.670,flush_end,0,2686932
-20.651,trivial_move,3,2686931
-20.648,flush_begin,0,0
-20.635,flush_end,0,2686930
-20.619,trivial_move,3,2686931
-20.616,flush_begin,0,0
-20.604,flush_end,0,2686932
-20.588,trivial_move,3,2686931
-20.584,flush_begin,0,0
-20.572,flush_end,0,2686930
-20.555,trivial_move,3,2686930
-20.553,flush_begin,0,0
-20.540,flush_end,0,2686931
-20.524,trivial_move,3,2686932
-20.521,flush_begin,0,0
-20.511,flush_end,0,2686931
-20.495,trivial_move,3,2686930
-20.491,flush_begin,0,0
-20.477,flush_end,0,2686930
-20.460,trivial_move,3,2686932
-20.457,flush_begin,0,0
-20.444,flush_end,0,2686932
-20.428,trivial_move,3,2686930
-20.425,flush_begin,0,0
-20.413,flush_end,0,2686930
-20.397,trivial_move,3,2686930
-20.394,flush_begin,0,0
-20.381,flush_end,0,2686931
-20.366,trivial_move,3,2686932
-20.363,flush_begin,0,0
-20.352,flush_end,0,2686931
-20.335,trivial_move,3,2686930
-20.332,flush_begin,0,0
-20.321,flush_end,0,2686931
-20.304,trivial_move,3,2686932
-20.303,flush_begin,0,0
-20.292,flush_end,0,2686931
-20.275,trivial_move,3,2686930
-20.274,flush_begin,0,0
-20.262,flush_end,0,2686931
-20.246,trivial_move,3,2686931
-20.245,flush_begin,0,0
-20.233,flush_end,0,2686930
-20.218,trivial_move,3,2686931
-20.215,flush_begin,0,0
-20.204,flush_end,0,2686932
-20.188,trivial_move,3,2686932
-20.185,flush_begin,0,0
-20.172,flush_end,0,2686930
-20.156,trivial_move,3,2686931
-20.154,flush_begin,0,0
-20.143,flush_end,0,2686932
-20.127,trivial_move,3,2686931
-20.123,flush_begin,0,0
-20.111,flush_end,0,2686930
-20.096,trivial_move,3,2686930
-20.093,flush_begin,0,0
-20.080,flush_end,0,2686930
-20.064,trivial_move,3,2686932
-20.062,flush_begin,0,0
-20.048,flush_end,0,2686933
-20.032,trivial_move,3,2686930
-20.029,flush_begin,0,0
-20.016,flush_end,0,2686930
-20.001,trivial_move,3,2686931
-19.997,flush_begin,0,0
-19.983,flush_end,0,2686932
-19.967,trivial_move,3,2686931
-19.964,flush_begin,0,0
-19.952,flush_end,0,2686930
-19.936,trivial_move,3,2686930
-19.932,flush_begin,0,0
-19.920,flush_end,0,2686931
-19.904,trivial_move,3,2686932
-19.900,flush_begin,0,0
-19.888,flush_end,0,2686931
-19.871,trivial_move,3,2686930
-19.868,flush_begin,0,0
-19.855,flush_end,0,2686931
-19.840,trivial_move,3,2686932
-19.836,flush_begin,0,0
-19.823,flush_end,0,2686931
-19.807,trivial_move,3,2686930
-19.803,flush_begin,0,0
-19.790,flush_end,0,2686931
-19.774,trivial_move,3,2686931
-19.770,flush_begin,0,0
-19.756,flush_end,0,2686930
-19.741,trivial_move,3,2686931
-19.737,flush_begin,0,0
-19.726,flush_end,0,2686932
-19.710,trivial_move,3,2686931
-19.706,flush_begin,0,0
-19.694,flush_end,0,2686930
-19.677,trivial_move,3,2686931
-19.674,flush_begin,0,0
-19.662,flush_end,0,2686931
-19.646,trivial_move,3,2686930
-19.642,flush_begin,0,0
-19.630,flush_end,0,2686931
-19.614,trivial_move,3,2686930
-19.610,flush_begin,0,0
-19.598,flush_end,0,2686930
-19.582,trivial_move,3,2686931
-19.579,flush_begin,0,0
-19.567,flush_end,0,2686932
-19.551,trivial_move,3,2686931
-19.548,flush_begin,0,0
-19.535,flush_end,0,2686930
-19.520,trivial_move,3,2686931
-19.517,flush_begin,0,0
-19.505,flush_end,0,2686932
-19.488,trivial_move,3,2686932
-19.485,flush_begin,0,0
-19.474,flush_end,0,2686930
-19.458,trivial_move,3,2686930
-19.455,flush_begin,0,0
-19.443,flush_end,0,2686931
-19.427,trivial_move,3,2686932
-19.424,flush_begin,0,0
-19.411,flush_end,0,2686931
-19.394,trivial_move,3,2686930
-19.392,flush_begin,0,0
-19.378,flush_end,0,2686932
-19.362,trivial_move,3,2686932
-19.358,flush_begin,0,0
-19.346,flush_end,0,2686931
-19.330,trivial_move,3,2686930
-19.327,flush_begin,0,0
-19.314,flush_end,0,2686930
-19.298,trivial_move,3,2686931
-19.296,flush_begin,0,0
-19.284,flush_end,0,2686930
-19.269,trivial_move,3,2686931
-19.266,flush_begin,0,0
-19.254,flush_end,0,2686931
-19.239,trivial_move,3,2686930
-19.236,flush_begin,0,0
-19.223,flush_end,0,2686931
-19.206,trivial_move,3,2686932
-19.203,flush_begin,0,0
-19.191,flush_end,0,2686931
-19.176,trivial_move,3,2686930
-19.173,flush_begin,0,0
-19.160,flush_end,0,2686931
-19.145,trivial_move,3,2686931
-19.141,flush_begin,0,0
-19.130,flush_end,0,2686930
-19.113,trivial_move,3,2686931
-19.110,flush_begin,0,0
-19.099,flush_end,0,2686932
-19.083,trivial_move,3,2686931
-19.080,flush_begin,0,0
-19.067,flush_end,0,2686930
-19.052,trivial_move,3,2686931
-19.049,flush_begin,0,0
-19.037,flush_end,0,2686932
-19.021,trivial_move,3,2686931
-19.018,flush_begin,0,0
-19.006,flush_end,0,2686930
-18.991,trivial_move,3,2686930
-18.987,flush_begin,0,0
-18.974,flush_end,0,2686931
-18.958,trivial_move,3,2686932
-18.955,flush_begin,0,0
-18.943,flush_end,0,2686931
-18.926,trivial_move,3,2686930
-18.923,flush_begin,0,0
-18.911,flush_end,0,2686930
-18.895,trivial_move,3,2686932
-18.891,flush_begin,0,0
-18.877,flush_end,0,2686932
-18.862,trivial_move,3,2686930
-18.859,flush_begin,0,0
-18.847,flush_end,0,2686930
-18.830,trivial_move,3,2686930
-18.827,flush_begin,0,0
-18.816,flush_end,0,2686931
-18.800,trivial_move,3,2686933
-18.796,flush_begin,0,0
-18.784,flush_end,0,2686931
-18.769,trivial_move,3,2686930
-18.765,flush_begin,0,0
-18.752,flush_end,0,2686931
-18.736,trivial_move,3,2686932
-18.733,flush_begin,0,0
-18.721,flush_end,0,2686931
-18.701,trivial_move,3,2686930
-18.697,flush_begin,0,0
-18.684,flush_end,0,2686932
-18.667,trivial_move,3,2686931
-18.663,flush_begin,0,0
-18.650,flush_end,0,2686930
-18.635,trivial_move,3,2686931
-18.631,flush_begin,0,0
-18.617,flush_end,0,2686932
-18.602,trivial_move,3,2686931
-18.599,flush_begin,0,0
-18.584,flush_end,0,2686930
-18.568,trivial_move,3,2686931
-18.565,flush_begin,0,0
-18.552,flush_end,0,2686932
-18.536,trivial_move,3,2686931
-18.532,flush_begin,0,0
-18.519,flush_end,0,2686930
-18.504,trivial_move,3,2686930
-18.500,flush_begin,0,0
-18.485,flush_end,0,2686930
-18.468,trivial_move,3,2686932
-18.465,flush_begin,0,0
-18.451,flush_end,0,2686932
-18.436,trivial_move,3,2686930
-18.432,flush_begin,0,0
-18.420,flush_end,0,2686930
-18.404,trivial_move,3,2686931
-18.400,flush_begin,0,0
-18.388,flush_end,0,2686932
-18.371,trivial_move,3,2686931
-18.367,flush_begin,0,0
-18.353,flush_end,0,2686930
-18.338,trivial_move,3,2686930
-18.334,flush_begin,0,0
-18.321,flush_end,0,2686931
-18.306,trivial_move,3,2686932
-18.303,flush_begin,0,0
-18.291,flush_end,0,2686931
-18.274,trivial_move,3,2686930
-18.271,flush_begin,0,0
-18.259,flush_end,0,2686931
-18.242,trivial_move,3,2686932
-18.240,flush_begin,0,0
-18.227,flush_end,0,2686931
-18.211,trivial_move,3,2686930
-18.208,flush_begin,0,0
-18.195,flush_end,0,2686931
-18.179,trivial_move,3,2686931
-18.177,flush_begin,0,0
-18.165,flush_end,0,2686930
-18.149,trivial_move,3,2686931
-18.146,flush_begin,0,0
-18.133,flush_end,0,2686932
-18.117,trivial_move,3,2686932
-18.115,flush_begin,0,0
-18.102,flush_end,0,2686930
-18.086,trivial_move,3,2686931
-18.083,flush_begin,0,0
-18.071,flush_end,0,2686931
-18.055,trivial_move,3,2686930
-18.052,flush_begin,0,0
-18.039,flush_end,0,2686931
-18.023,trivial_move,3,2686930
-18.020,flush_begin,0,0
-18.008,flush_end,0,2686930
-17.992,trivial_move,3,2686931
-17.989,flush_begin,0,0
-17.977,flush_end,0,2686933
-17.961,trivial_move,3,2686931
-17.958,flush_begin,0,0
-17.947,flush_end,0,2686930
-17.930,trivial_move,3,2686931
-17.927,flush_begin,0,0
-17.914,flush_end,0,2686932
-17.898,trivial_move,3,2686931
-17.895,flush_begin,0,0
-17.881,flush_end,0,2686930
-17.865,trivial_move,3,2686930
-17.862,flush_begin,0,0
-17.851,flush_end,0,2686931
-17.838,trivial_move,3,2686932
-17.835,flush_begin,0,0
-17.824,flush_end,0,2686931
-17.808,trivial_move,3,2686930
-17.805,flush_begin,0,0
-17.793,flush_end,0,2686931
-17.777,trivial_move,3,2686932
-17.773,flush_begin,0,0
-17.761,flush_end,0,2686931
-17.745,trivial_move,3,2686930
-17.742,flush_begin,0,0
-17.730,flush_end,0,2686930
-17.714,trivial_move,3,2686931
-17.710,flush_begin,0,0
-17.697,flush_end,0,2686930
-17.682,trivial_move,3,2686931
-17.678,flush_begin,0,0
-17.665,flush_end,0,2686931
-17.650,trivial_move,3,2686930
-17.646,flush_begin,0,0
-17.634,flush_end,0,2686931
-17.618,trivial_move,3,2686932
-17.615,flush_begin,0,0
-17.602,flush_end,0,2686931
-17.586,trivial_move,3,2686930
-17.582,flush_begin,0,0
-17.569,flush_end,0,2686931
-17.553,trivial_move,3,2686931
-17.550,flush_begin,0,0
-17.537,flush_end,0,2686930
-17.521,trivial_move,3,2686931
-17.518,flush_begin,0,0
-17.507,flush_end,0,2686932
-17.491,trivial_move,3,2686931
-17.488,flush_begin,0,0
-17.475,flush_end,0,2686930
-17.459,trivial_move,3,2686931
-17.455,flush_begin,0,0
-17.443,flush_end,0,2686932
-17.427,trivial_move,3,2686932
-17.425,flush_begin,0,0
-17.412,flush_end,0,2686930
-17.397,trivial_move,3,2686930
-17.394,flush_begin,0,0
-17.381,flush_end,0,2686931
-17.365,trivial_move,3,2686932
-17.362,flush_begin,0,0
-17.350,flush_end,0,2686931
-17.334,trivial_move,3,2686930
-17.331,flush_begin,0,0
-17.318,flush_end,0,2686930
-17.302,trivial_move,3,2686932
-17.298,flush_begin,0,0
-17.286,flush_end,0,2686933
-17.270,trivial_move,3,2686930
-17.267,flush_begin,0,0
-17.253,flush_end,0,2686930
-17.237,trivial_move,3,2686930
-17.234,flush_begin,0,0
-17.222,flush_end,0,2686931
-17.205,trivial_move,3,2686932
-17.201,flush_begin,0,0
-17.188,flush_end,0,2686931
-17.173,trivial_move,3,2686930
-17.169,flush_begin,0,0
-17.157,flush_end,0,2686931
-17.140,trivial_move,3,2686932
-17.136,flush_begin,0,0
-17.122,flush_end,0,2686931
-17.107,trivial_move,3,2686930
-17.103,flush_begin,0,0
-17.090,flush_end,0,2686931
-17.074,trivial_move,3,2686931
-17.071,flush_begin,0,0
-17.058,flush_end,0,2686930
-17.042,trivial_move,3,2686931
-17.039,flush_begin,0,0
-17.027,flush_end,0,2686932
-17.010,trivial_move,3,2686931
-17.007,flush_begin,0,0
-16.995,flush_end,0,2686930
-16.978,trivial_move,3,2686931
-16.975,flush_begin,0,0
-16.960,flush_end,0,2686932
-16.944,trivial_move,3,2686931
-16.942,flush_begin,0,0
-16.929,flush_end,0,2686930
-16.913,trivial_move,3,2686930
-16.910,flush_begin,0,0
-16.898,flush_end,0,2686930
-16.882,trivial_move,3,2686932
-16.879,flush_begin,0,0
-16.865,flush_end,0,2686932
-16.849,trivial_move,3,2686930
-16.846,flush_begin,0,0
-16.833,flush_end,0,2686930
-16.818,trivial_move,3,2686931
-16.814,flush_begin,0,0
-16.800,flush_end,0,2686932
-16.784,trivial_move,3,2686931
-16.780,flush_begin,0,0
-16.767,flush_end,0,2686930
-16.751,trivial_move,3,2686930
-16.743,trivial_move,4,2686930
-16.740,flush_begin,0,0
-16.726,flush_end,0,2686931
-16.710,trivial_move,3,2686933
-16.702,trivial_move,4,2686931
-16.699,flush_begin,0,0
-16.685,flush_end,0,2686931
-16.670,trivial_move,3,2686930
-16.662,trivial_move,4,2686931
-16.659,flush_begin,0,0
-16.649,flush_end,0,2686931
-16.632,trivial_move,3,2686932
-16.624,trivial_move,4,2686931
-16.623,flush_begin,0,0
-16.612,flush_end,0,2686931
-16.597,trivial_move,3,2686930
-16.588,trivial_move,4,2686931
-16.588,flush_begin,0,0
-16.575,flush_end,0,2686933
-16.558,trivial_move,3,2686931
-16.550,trivial_move,4,2686930
-16.549,flush_begin,0,0
-16.537,flush_end,0,2686930
-16.521,trivial_move,3,2686931
-16.513,trivial_move,4,2686932
-16.511,flush_begin,0,0
-16.498,flush_end,0,2686932
-16.481,trivial_move,3,2686931
-16.473,trivial_move,4,2686930
-16.471,flush_begin,0,0
-16.458,flush_end,0,2686930
-16.443,trivial_move,3,2686931
-16.435,trivial_move,4,2686932
-16.432,flush_begin,0,0
-16.419,flush_end,0,2686931
-16.403,trivial_move,3,2686930
-16.395,trivial_move,4,2686930
-16.393,flush_begin,0,0
-16.380,flush_end,0,2686931
-16.365,trivial_move,3,2686930
-16.357,trivial_move,4,2686931
-16.354,flush_begin,0,0
-16.340,flush_end,0,2686930
-16.324,trivial_move,3,2686931
-16.317,trivial_move,4,2686931
-16.313,flush_begin,0,0
-16.298,flush_end,0,2686932
-16.281,trivial_move,3,2686931
-16.273,trivial_move,4,2686930
-16.270,flush_begin,0,0
-16.256,flush_end,0,2686930
-16.241,trivial_move,3,2686931
-16.232,trivial_move,4,2686932
-16.229,flush_begin,0,0
-16.216,flush_end,0,2686932
-16.199,trivial_move,3,2686931
-16.192,trivial_move,4,2686930
-16.189,flush_begin,0,0
-16.175,flush_end,0,2686930
-16.158,trivial_move,3,2686930
-16.151,trivial_move,4,2686931
-16.148,flush_begin,0,0
-16.132,flush_end,0,2686931
-16.109,trivial_move,3,2686932
-16.101,trivial_move,4,2686931
-16.098,flush_begin,0,0
-16.083,flush_end,0,2686931
-16.067,trivial_move,3,2686930
-16.060,trivial_move,4,2686931
-16.057,flush_begin,0,0
-16.043,flush_end,0,2686931
-16.027,trivial_move,3,2686932
-16.019,trivial_move,4,2686931
-16.016,flush_begin,0,0
-15.999,flush_end,0,2686931
-15.984,trivial_move,3,2686930
-15.976,trivial_move,4,2686931
-15.973,flush_begin,0,0
-15.958,flush_end,0,2686930
-15.941,trivial_move,3,2686931
-15.933,trivial_move,4,2686930
-15.929,flush_begin,0,0
-15.914,flush_end,0,2686930
-15.899,trivial_move,3,2686931
-15.891,trivial_move,4,2686933
-15.887,flush_begin,0,0
-15.873,flush_end,0,2686931
-15.857,trivial_move,3,2686930
-15.849,trivial_move,4,2686930
-15.846,flush_begin,0,0
-15.832,flush_end,0,2686931
-15.816,trivial_move,3,2686933
-15.808,trivial_move,4,2686932
-15.803,flush_begin,0,0
-15.789,flush_end,0,2686931
-15.773,trivial_move,3,2686930
-15.765,trivial_move,4,2686930
-15.761,flush_begin,0,0
-15.746,flush_end,0,2686931
-15.731,trivial_move,3,2686931
-15.723,trivial_move,4,2686930
-15.718,flush_begin,0,0
-15.701,flush_end,0,2686930
-15.684,trivial_move,3,2686931
-15.677,trivial_move,4,2686932
-15.673,flush_begin,0,0
-15.658,flush_end,0,2686933
-15.643,trivial_move,3,2686931
-15.635,trivial_move,4,2686930
-15.632,flush_begin,0,0
-15.616,flush_end,0,2686930
-15.601,trivial_move,3,2686931
-15.593,trivial_move,4,2686932
-15.590,flush_begin,0,0
-15.575,flush_end,0,2686932
-15.560,trivial_move,3,2686931
-15.552,trivial_move,4,2686930
-15.548,flush_begin,0,0
-15.533,flush_end,0,2686930
-15.518,trivial_move,3,2686930
-15.510,trivial_move,4,2686931
-15.506,flush_begin,0,0
-15.491,flush_end,0,2686931
-15.475,trivial_move,3,2686932
-15.467,trivial_move,4,2686931
-15.464,flush_begin,0,0
-15.448,flush_end,0,2686931
-15.430,trivial_move,3,2686930
-15.423,trivial_move,4,2686931
-15.419,flush_begin,0,0
-15.402,flush_end,0,2686930
-15.386,trivial_move,3,2686932
-15.378,trivial_move,4,2686931
-15.374,flush_begin,0,0
-15.359,flush_end,0,2686932
-15.344,trivial_move,3,2686930
-15.336,trivial_move,4,2686931
-15.332,flush_begin,0,0
-15.317,flush_end,0,2686930
-15.301,trivial_move,3,2686930
-15.292,trivial_move,4,2686930
-15.289,flush_begin,0,0
-15.273,flush_end,0,2686931
-15.257,trivial_move,3,2686932
-15.249,trivial_move,4,2686932
-15.245,flush_begin,0,0
-15.231,flush_end,0,2686931
-15.214,trivial_move,3,2686930
-15.206,trivial_move,4,2686930
-15.202,flush_begin,0,0
-15.187,flush_end,0,2686931
-15.172,trivial_move,3,2686932
-15.163,trivial_move,4,2686931
-15.160,flush_begin,0,0
-15.144,flush_end,0,2686931
-15.129,trivial_move,3,2686930
-15.121,trivial_move,4,2686931
-15.117,flush_begin,0,0
-15.102,flush_end,0,2686931
-15.087,trivial_move,3,2686931
-15.079,trivial_move,4,2686930
-15.075,flush_begin,0,0
-15.062,flush_end,0,2686930
-15.046,trivial_move,3,2686931
-15.038,trivial_move,4,2686932
-15.036,flush_begin,0,0
-15.022,flush_end,0,2686932
-15.005,trivial_move,3,2686931
-14.998,trivial_move,4,2686930
-14.995,flush_begin,0,0
-14.982,flush_end,0,2686930
-14.966,trivial_move,3,2686931
-14.957,trivial_move,4,2686933
-14.955,flush_begin,0,0
-14.940,flush_end,0,2686932
-14.925,trivial_move,3,2686933
-14.916,trivial_move,4,2686930
-14.913,flush_begin,0,0
-14.897,flush_end,0,2686930
-14.880,trivial_move,3,2686930
-14.872,trivial_move,4,2686931
-14.870,flush_begin,0,0
-14.855,flush_end,0,2686930
-14.839,trivial_move,3,2686932
-14.831,trivial_move,4,2686931
-14.828,flush_begin,0,0
-14.812,flush_end,0,2686932
-14.795,trivial_move,3,2686930
-14.787,trivial_move,4,2686931
-14.783,flush_begin,0,0
-14.769,flush_end,0,2686930
-14.752,trivial_move,3,2686931
-14.744,trivial_move,4,2686931
-14.741,flush_begin,0,0
-14.727,flush_end,0,2686933
-14.711,trivial_move,3,2686931
-14.702,trivial_move,4,2686930
-14.698,flush_begin,0,0
-14.684,flush_end,0,2686930
-14.667,trivial_move,3,2686930
-14.659,trivial_move,4,2686930
-14.656,flush_begin,0,0
-14.642,flush_end,0,2686931
-14.625,trivial_move,3,2686932
-14.617,trivial_move,4,2686931
-14.615,flush_begin,0,0
-14.600,flush_end,0,2686931
-14.584,trivial_move,3,2686930
-14.575,trivial_move,4,2686931
-14.573,flush_begin,0,0
-14.556,flush_end,0,2686931
-14.539,trivial_move,3,2686932
-14.531,trivial_move,4,2686931
-14.528,flush_begin,0,0
-14.511,flush_end,0,2686931
-14.494,trivial_move,3,2686930
-14.486,trivial_move,4,2686931
-14.482,flush_begin,0,0
-14.467,flush_end,0,2686931
-14.451,trivial_move,3,2686931
-14.442,trivial_move,4,2686930
-14.438,flush_begin,0,0
-14.423,flush_end,0,2686930
-14.407,trivial_move,3,2686931
-14.399,trivial_move,4,2686932
-14.395,flush_begin,0,0
-14.380,flush_end,0,2686932
-14.364,trivial_move,3,2686931
-14.357,trivial_move,4,2686930
-14.353,flush_begin,0,0
-14.340,flush_end,0,2686930
-14.325,trivial_move,3,2686931
-14.316,trivial_move,4,2686932
-14.312,flush_begin,0,0
-14.296,flush_end,0,2686931
-14.279,trivial_move,3,2686930
-14.271,trivial_move,4,2686930
-14.269,flush_begin,0,0
-14.254,flush_end,0,2686931
-14.238,trivial_move,3,2686930
-14.229,trivial_move,4,2686931
-14.227,flush_begin,0,0
-14.213,flush_end,0,2686930
-14.198,trivial_move,3,2686931
-14.188,trivial_move,4,2686931
-14.185,flush_begin,0,0
-14.156,flush_end,0,2686932
-14.141,trivial_move,3,2686931
-14.132,trivial_move,4,2686930
-14.131,flush_begin,0,0
-14.115,flush_end,0,2686930
-14.099,trivial_move,3,2686931
-14.091,trivial_move,4,2686932
-14.090,flush_begin,0,0
-14.077,flush_end,0,2686932
-14.060,trivial_move,3,2686931
-14.052,trivial_move,4,2686930
-14.049,flush_begin,0,0
-14.034,flush_end,0,2686930
-14.018,trivial_move,3,2686930
-14.009,trivial_move,4,2686932
-14.007,flush_begin,0,0
-13.992,flush_end,0,2686931
-13.977,trivial_move,3,2686933
-13.969,trivial_move,4,2686931
-13.965,flush_begin,0,0
-13.951,flush_end,0,2686931
-13.935,trivial_move,3,2686930
-13.926,trivial_move,4,2686931
-13.923,flush_begin,0,0
-13.910,flush_end,0,2686931
-13.894,trivial_move,3,2686932
-13.886,trivial_move,4,2686931
-13.882,flush_begin,0,0
-13.867,flush_end,0,2686931
-13.850,trivial_move,3,2686930
-13.841,trivial_move,4,2686931
-13.838,flush_begin,0,0
-13.822,flush_end,0,2686930
-13.807,trivial_move,3,2686931
-13.798,trivial_move,4,2686930
-13.795,flush_begin,0,0
-13.779,flush_end,0,2686930
-13.762,trivial_move,3,2686931
-13.754,trivial_move,4,2686932
-13.752,flush_begin,0,0
-13.735,flush_end,0,2686931
-13.720,trivial_move,3,2686930
-13.712,trivial_move,4,2686930
-13.709,flush_begin,0,0
-13.694,flush_end,0,2686931
-13.673,trivial_move,3,2686932
-13.665,trivial_move,4,2686932
-13.662,flush_begin,0,0
-13.647,flush_end,0,2686931
-13.630,trivial_move,3,2686930
-13.622,trivial_move,4,2686930
-13.619,flush_begin,0,0
-13.604,flush_end,0,2686931
-13.588,trivial_move,3,2686931
-13.579,trivial_move,4,2686930
-13.575,flush_begin,0,0
-13.558,flush_end,0,2686930
-13.543,trivial_move,3,2686931
-13.534,trivial_move,4,2686932
-13.531,flush_begin,0,0
-13.516,flush_end,0,2686932
-13.499,trivial_move,3,2686931
-13.491,trivial_move,4,2686930
-13.487,flush_begin,0,0
-13.472,flush_end,0,2686930
-13.455,trivial_move,3,2686931
-13.448,trivial_move,4,2686932
-13.444,flush_begin,0,0
-13.429,flush_end,0,2686932
-13.412,trivial_move,3,2686931
-13.404,trivial_move,4,2686930
-13.401,flush_begin,0,0
-13.387,flush_end,0,2686930
-13.370,trivial_move,3,2686930
-13.362,trivial_move,4,2686931
-13.359,flush_begin,0,0
-13.343,flush_end,0,2686931
-13.326,trivial_move,3,2686932
-13.318,trivial_move,4,2686931
-13.315,flush_begin,0,0
-13.300,flush_end,0,2686931
-13.285,trivial_move,3,2686930
-13.277,trivial_move,4,2686931
-13.274,flush_begin,0,0
-13.258,flush_end,0,2686930
-13.243,trivial_move,3,2686932
-13.234,trivial_move,4,2686931
-13.231,flush_begin,0,0
-13.216,flush_end,0,2686932
-13.201,trivial_move,3,2686930
-13.192,trivial_move,4,2686931
-13.189,flush_begin,0,0
-13.174,flush_end,0,2686930
-13.157,trivial_move,3,2686930
-13.149,trivial_move,4,2686930
-13.146,flush_begin,0,0
-13.131,flush_end,0,2686931
-13.114,trivial_move,3,2686932
-13.107,trivial_move,4,2686933
-13.103,flush_begin,0,0
-13.088,flush_end,0,2686931
-13.073,trivial_move,3,2686930
-13.065,trivial_move,4,2686930
-13.060,flush_begin,0,0
-13.044,flush_end,0,2686931
-13.026,trivial_move,3,2686933
-13.018,trivial_move,4,2686931
-13.015,flush_begin,0,0
-13.000,flush_end,0,2686931
-12.984,trivial_move,3,2686930
-12.976,trivial_move,4,2686931
-12.973,flush_begin,0,0
-12.957,flush_end,0,2686931
-12.941,trivial_move,3,2686931
-12.933,trivial_move,4,2686930
-12.931,flush_begin,0,0
-12.915,flush_end,0,2686930
-12.898,trivial_move,3,2686931
-12.890,trivial_move,4,2686932
-12.886,flush_begin,0,0
-12.871,flush_end,0,2686933
-12.855,trivial_move,3,2686931
-12.847,trivial_move,4,2686930
-12.843,flush_begin,0,0
-12.828,flush_end,0,2686930
-12.813,trivial_move,3,2686931
-12.804,trivial_move,4,2686932
-12.801,flush_begin,0,0
-12.786,flush_end,0,2686932
-12.769,trivial_move,3,2686931
-12.762,trivial_move,4,2686930
-12.758,flush_begin,0,0
-12.743,flush_end,0,2686930
-12.728,trivial_move,3,2686930
-12.719,trivial_move,4,2686931
-12.715,flush_begin,0,0
-12.700,flush_end,0,2686930
-12.685,trivial_move,3,2686932
-12.676,trivial_move,4,2686931
-12.673,flush_begin,0,0
-12.657,flush_end,0,2686932
-12.641,trivial_move,3,2686930
-12.634,trivial_move,4,2686931
-12.630,flush_begin,0,0
-12.613,flush_end,0,2686930
-12.596,trivial_move,3,2686931
-12.588,trivial_move,4,2686931
-12.586,flush_begin,0,0
-12.571,flush_end,0,2686932
-12.556,trivial_move,3,2686931
-12.547,trivial_move,4,2686930
-12.544,flush_begin,0,0
-12.529,flush_end,0,2686930
-12.512,trivial_move,3,2686930
-12.504,trivial_move,4,2686930
-12.501,flush_begin,0,0
-12.484,flush_end,0,2686931
-12.468,trivial_move,3,2686932
-12.459,trivial_move,4,2686931
-12.457,flush_begin,0,0
-12.443,flush_end,0,2686931
-12.426,trivial_move,3,2686930
-12.418,trivial_move,4,2686931
-12.416,flush_begin,0,0
-12.401,flush_end,0,2686931
-12.384,trivial_move,3,2686932
-12.376,trivial_move,4,2686931
-12.373,flush_begin,0,0
-12.358,flush_end,0,2686931
-12.339,trivial_move,3,2686930
-12.331,trivial_move,4,2686931
-12.327,flush_begin,0,0
-12.312,flush_end,0,2686931
-12.295,trivial_move,3,2686931
-12.287,trivial_move,4,2686930
-12.284,flush_begin,0,0
-12.269,flush_end,0,2686930
-12.252,trivial_move,3,2686931
-12.244,trivial_move,4,2686932
-12.242,flush_begin,0,0
-12.225,flush_end,0,2686932
-12.208,trivial_move,3,2686931
-12.200,trivial_move,4,2686930
-12.197,flush_begin,0,0
-12.181,flush_end,0,2686930
-12.164,trivial_move,3,2686931
-12.156,trivial_move,4,2686933
-12.153,flush_begin,0,0
-12.138,flush_end,0,2686931
-12.123,trivial_move,3,2686930
-12.115,trivial_move,4,2686930
-12.112,flush_begin,0,0
-12.096,flush_end,0,2686931
-12.073,trivial_move,3,2686930
-12.062,trivial_move,4,2686931
-12.059,flush_begin,0,0
-12.042,flush_end,0,2686930
-12.020,trivial_move,3,2686931
-12.009,trivial_move,4,2686931
-12.005,flush_begin,0,0
-11.988,flush_end,0,2686932
-11.965,trivial_move,3,2686931
-11.953,trivial_move,4,2686930
-11.947,flush_begin,0,0
-11.929,flush_end,0,2686930
-11.905,trivial_move,3,2686931
-11.894,trivial_move,4,2686932
-11.890,flush_begin,0,0
-11.872,flush_end,0,2686933
-11.849,trivial_move,3,2686931
-11.839,trivial_move,4,2686930
-11.836,flush_begin,0,0
-11.817,flush_end,0,2686930
-11.794,trivial_move,3,2686930
-11.784,trivial_move,4,2686931
-11.779,flush_begin,0,0
-11.757,flush_end,0,2686931
-11.735,trivial_move,3,2686932
-11.725,trivial_move,4,2686931
-11.720,flush_begin,0,0
-11.701,flush_end,0,2686931
-11.679,trivial_move,3,2686930
-11.669,trivial_move,4,2686931
-11.665,flush_begin,0,0
-11.645,flush_end,0,2686931
-11.624,trivial_move,3,2686932
-11.614,trivial_move,4,2686931
-11.609,flush_begin,0,0
-11.591,flush_end,0,2686931
-11.568,trivial_move,3,2686930
-11.558,trivial_move,4,2686931
-11.555,flush_begin,0,0
-11.536,flush_end,0,2686930
-11.513,trivial_move,3,2686931
-11.503,trivial_move,4,2686930
-11.498,flush_begin,0,0
-11.478,flush_end,0,2686930
-11.455,trivial_move,3,2686931
-11.445,trivial_move,4,2686932
-11.441,flush_begin,0,0
-11.420,flush_end,0,2686931
-11.399,trivial_move,3,2686930
-11.389,trivial_move,4,2686930
-11.384,flush_begin,0,0
-11.362,flush_end,0,2686931
-11.340,trivial_move,3,2686932
-11.330,trivial_move,4,2686932
-11.325,flush_begin,0,0
-11.305,flush_end,0,2686931
-11.283,trivial_move,3,2686930
-11.273,trivial_move,4,2686930
-11.268,flush_begin,0,0
-11.248,flush_end,0,2686931
-11.226,trivial_move,3,2686931
-11.215,trivial_move,4,2686930
-11.210,flush_begin,0,0
-11.191,flush_end,0,2686930
-11.168,trivial_move,3,2686931
-11.157,trivial_move,4,2686932
-11.152,flush_begin,0,0
-11.133,flush_end,0,2686932
-11.108,trivial_move,3,2686931
-11.095,trivial_move,4,2686930
-11.094,flush_begin,0,0
-11.076,flush_end,0,2686930
-11.053,trivial_move,3,2686931
-11.041,trivial_move,4,2686932
-11.038,flush_begin,0,0
-11.019,flush_end,0,2686932
-10.998,trivial_move,3,2686931
-10.988,trivial_move,4,2686930
-10.985,flush_begin,0,0
-10.965,flush_end,0,2686930
-10.943,trivial_move,3,2686930
-10.934,trivial_move,4,2686932
-10.931,flush_begin,0,0
-10.915,flush_end,0,2686931
-10.895,trivial_move,3,2686933
-10.884,trivial_move,4,2686931
-10.880,flush_begin,0,0
-10.863,flush_end,0,2686931
-10.842,trivial_move,3,2686930
-10.832,trivial_move,4,2686931
-10.828,flush_begin,0,0
-10.811,flush_end,0,2686930
-10.792,trivial_move,3,2686932
-10.781,trivial_move,4,2686931
-10.777,flush_begin,0,0
-10.761,flush_end,0,2686932
-10.741,trivial_move,3,2686930
-10.732,trivial_move,4,2686931
-10.726,flush_begin,0,0
-10.710,flush_end,0,2686930
-10.691,trivial_move,3,2686930
-10.681,trivial_move,4,2686930
-10.676,flush_begin,0,0
-10.659,flush_end,0,2686932
-10.638,trivial_move,3,2686932
-10.628,trivial_move,4,2686932
-10.624,flush_begin,0,0
-10.605,flush_end,0,2686931
-10.585,trivial_move,3,2686930
-10.575,trivial_move,4,2686930
-10.572,flush_begin,0,0
-10.554,flush_end,0,2686931
-10.534,trivial_move,3,2686932
-10.524,trivial_move,4,2686931
-10.520,flush_begin,0,0
-10.503,flush_end,0,2686931
-10.482,trivial_move,3,2686930
-10.472,trivial_move,4,2686931
-10.469,flush_begin,0,0
-10.451,flush_end,0,2686931
-10.430,trivial_move,3,2686931
-10.420,trivial_move,4,2686930
-10.417,flush_begin,0,0
-10.399,flush_end,0,2686930
-10.378,trivial_move,3,2686931
-10.368,trivial_move,4,2686932
-10.365,flush_begin,0,0
-10.347,flush_end,0,2686932
-10.327,trivial_move,3,2686931
-10.318,trivial_move,4,2686930
-10.314,flush_begin,0,0
-10.297,flush_end,0,2686930
-10.277,trivial_move,3,2686931
-10.266,trivial_move,4,2686932
-10.263,flush_begin,0,0
-10.242,flush_end,0,2686932
-10.221,trivial_move,3,2686931
-10.210,trivial_move,4,2686930
-10.206,flush_begin,0,0
-10.189,flush_end,0,2686930
-10.169,trivial_move,3,2686930
-10.160,trivial_move,4,2686931
-10.157,flush_begin,0,0
-10.138,flush_end,0,2686930
-10.117,trivial_move,3,2686932
-10.107,trivial_move,4,2686931
-10.104,flush_begin,0,0
-10.086,flush_end,0,2686932
-10.065,trivial_move,3,2686930
-10.053,trivial_move,4,2686931
-10.049,flush_begin,0,0
-10.030,flush_end,0,2686930
-10.011,trivial_move,3,2686931
-10.002,trivial_move,4,2686931
-9.998,flush_begin,0,0
-9.980,flush_end,0,2686932
-9.961,trivial_move,3,2686931
-9.951,trivial_move,4,2686930
-9.947,flush_begin,0,0
-9.928,flush_end,0,2686930
-9.910,trivial_move,3,2686930
-9.900,trivial_move,4,2686930
-9.896,flush_begin,0,0
-9.874,flush_end,0,2686931
-9.855,trivial_move,3,2686932
-9.844,trivial_move,4,2686931
-9.840,flush_begin,0,0
-9.820,flush_end,0,2686931
-9.799,trivial_move,3,2686930
-9.789,trivial_move,4,2686932
-9.785,flush_begin,0,0
-9.767,flush_end,0,2686931
-9.748,trivial_move,3,2686933
-9.738,trivial_move,4,2686931
-9.734,flush_begin,0,0
-9.716,flush_end,0,2686931
-9.697,trivial_move,3,2686930
-9.687,trivial_move,4,2686931
-9.684,flush_begin,0,0
-9.667,flush_end,0,2686931
-9.647,trivial_move,3,2686931
-9.636,trivial_move,4,2686930
-9.633,flush_begin,0,0
-9.615,flush_end,0,2686930
-9.594,trivial_move,3,2686931
-9.583,trivial_move,4,2686932
-9.581,flush_begin,0,0
-9.564,flush_end,0,2686933
-9.545,trivial_move,3,2686931
-9.534,trivial_move,4,2686930
-9.531,flush_begin,0,0
-9.513,flush_end,0,2686930
-9.492,trivial_move,3,2686931
-9.483,trivial_move,4,2686932
-9.478,flush_begin,0,0
-9.462,flush_end,0,2686931
-9.440,trivial_move,3,2686930
-9.431,trivial_move,4,2686930
-9.426,flush_begin,0,0
-9.409,flush_end,0,2686931
-9.389,trivial_move,3,2686930
-9.379,trivial_move,4,2686931
-9.376,flush_begin,0,0
-9.358,flush_end,0,2686930
-9.338,trivial_move,3,2686931
-9.329,trivial_move,4,2686931
-9.325,flush_begin,0,0
-9.308,flush_end,0,2686932
-9.287,trivial_move,3,2686931
-9.278,trivial_move,4,2686930
-9.275,flush_begin,0,0
-9.257,flush_end,0,2686930
-9.237,trivial_move,3,2686931
-9.228,trivial_move,4,2686932
-9.224,flush_begin,0,0
-9.206,flush_end,0,2686932
-9.186,trivial_move,3,2686931
-9.175,trivial_move,4,2686930
-9.173,flush_begin,0,0
-9.154,flush_end,0,2686930
-9.132,trivial_move,3,2686930
-9.123,trivial_move,4,2686931
-9.118,flush_begin,0,0
-9.099,flush_end,0,2686931
-9.079,trivial_move,3,2686932
-9.068,trivial_move,4,2686931
-9.065,flush_begin,0,0
-9.046,flush_end,0,2686931
-9.026,trivial_move,3,2686930
-9.016,trivial_move,4,2686931
-9.013,flush_begin,0,0
-8.996,flush_end,0,2686931
-8.977,trivial_move,3,2686932
-8.968,trivial_move,4,2686931
-8.965,flush_begin,0,0
-8.946,flush_end,0,2686931
-8.925,trivial_move,3,2686930
-8.915,trivial_move,4,2686931
-8.912,flush_begin,0,0
-8.893,flush_end,0,2686930
-8.874,trivial_move,3,2686931
-8.864,trivial_move,4,2686930
-8.860,flush_begin,0,0
-8.840,flush_end,0,2686930
-8.820,trivial_move,3,2686931
-8.809,trivial_move,4,2686932
-8.806,flush_begin,0,0
-8.785,flush_end,0,2686931
-8.766,trivial_move,3,2686930
-8.756,trivial_move,4,2686930
-8.753,flush_begin,0,0
-8.737,flush_end,0,2686931
-8.718,trivial_move,3,2686932
-8.708,trivial_move,4,2686933
-8.704,flush_begin,0,0
-8.685,flush_end,0,2686931
-8.664,trivial_move,3,2686930
-8.654,trivial_move,4,2686930
-8.650,flush_begin,0,0
-8.631,flush_end,0,2686931
-8.609,trivial_move,3,2686932
-8.599,trivial_move,4,2686930
-8.596,flush_begin,0,0
-8.578,flush_end,0,2686930
-8.557,trivial_move,3,2686931
-8.547,trivial_move,4,2686932
-8.544,flush_begin,0,0
-8.525,flush_end,0,2686932
-8.507,trivial_move,3,2686931
-8.496,trivial_move,4,2686930
-8.492,flush_begin,0,0
-8.474,flush_end,0,2686930
-8.454,trivial_move,3,2686931
-8.443,trivial_move,4,2686932
-8.440,flush_begin,0,0
-8.420,flush_end,0,2686933
-8.400,trivial_move,3,2686931
-8.390,trivial_move,4,2686930
-8.386,flush_begin,0,0
-8.367,flush_end,0,2686930
-8.347,trivial_move,3,2686930
-8.338,trivial_move,4,2686931
-8.335,flush_begin,0,0
-8.319,flush_end,0,2686931
-8.297,trivial_move,3,2686932
-8.287,trivial_move,4,2686931
-8.284,flush_begin,0,0
-8.268,flush_end,0,2686931
-8.246,trivial_move,3,2686930
-8.236,trivial_move,4,2686931
-8.232,flush_begin,0,0
-8.213,flush_end,0,2686930
-8.193,trivial_move,3,2686932
-8.183,trivial_move,4,2686931
-8.179,flush_begin,0,0
-8.160,flush_end,0,2686932
-8.139,trivial_move,3,2686930
-8.129,trivial_move,4,2686931
-8.127,flush_begin,0,0
-8.112,flush_end,0,2686930
-8.092,trivial_move,3,2686930
-8.082,trivial_move,4,2686930
-8.080,flush_begin,0,0
-8.066,flush_end,0,2686931
-8.047,trivial_move,3,2686932
-8.037,trivial_move,4,2686932
-8.035,flush_begin,0,0
-8.023,flush_end,0,2686931
-8.003,trivial_move,3,2686930
-7.993,trivial_move,4,2686930
-7.992,flush_begin,0,0
-7.978,flush_end,0,2686931
-7.958,trivial_move,3,2686932
-7.949,trivial_move,4,2686931
-7.946,flush_begin,0,0
-7.932,flush_end,0,2686931
-7.912,trivial_move,3,2686930
-7.902,trivial_move,4,2686931
-7.900,flush_begin,0,0
-7.884,flush_end,0,2686931
-7.864,trivial_move,3,2686931
-7.853,trivial_move,4,2686930
-7.849,flush_begin,0,0
-7.834,flush_end,0,2686930
-7.814,trivial_move,3,2686931
-7.803,trivial_move,4,2686932
-7.799,flush_begin,0,0
-7.782,flush_end,0,2686932
-7.763,trivial_move,3,2686931
-7.752,trivial_move,4,2686930
-7.748,flush_begin,0,0
-7.729,flush_end,0,2686930
-7.708,trivial_move,3,2686931
-7.698,trivial_move,4,2686932
-7.694,flush_begin,0,0
-7.677,flush_end,0,2686932
-7.656,trivial_move,3,2686931
-7.646,trivial_move,4,2686930
-7.643,flush_begin,0,0
-7.626,flush_end,0,2686930
-7.606,trivial_move,3,2686930
-7.595,trivial_move,4,2686932
-7.590,flush_begin,0,0
-7.573,flush_end,0,2686930
-7.552,trivial_move,3,2686933
-7.542,trivial_move,4,2686931
-7.537,flush_begin,0,0
-7.519,flush_end,0,2686932
-7.499,trivial_move,3,2686930
-7.489,trivial_move,4,2686931
-7.483,flush_begin,0,0
-7.465,flush_end,0,2686930
-7.444,trivial_move,3,2686931
-7.435,trivial_move,4,2686931
-7.430,flush_begin,0,0
-7.413,flush_end,0,2686932
-7.392,trivial_move,3,2686931
-7.382,trivial_move,4,2686930
-7.379,flush_begin,0,0
-7.358,flush_end,0,2686930
-7.337,trivial_move,3,2686930
-7.328,trivial_move,4,2686930
-7.324,flush_begin,0,0
-7.306,flush_end,0,2686932
-7.286,trivial_move,3,2686932
-7.273,trivial_move,4,2686931
-7.269,flush_begin,0,0
-7.250,flush_end,0,2686931
-7.230,trivial_move,3,2686930
-7.220,trivial_move,4,2686931
-7.218,flush_begin,0,0
-7.200,flush_end,0,2686931
-7.178,trivial_move,3,2686932
-7.168,trivial_move,4,2686931
-7.165,flush_begin,0,0
-7.147,flush_end,0,2686931
-7.127,trivial_move,3,2686930
-7.117,trivial_move,4,2686931
-7.113,flush_begin,0,0
-7.095,flush_end,0,2686931
-7.075,trivial_move,3,2686931
-7.064,trivial_move,4,2686930
-7.061,flush_begin,0,0
-7.044,flush_end,0,2686930
-7.023,trivial_move,3,2686931
-7.014,trivial_move,4,2686932
-7.010,flush_begin,0,0
-6.991,flush_end,0,2686932
-6.971,trivial_move,3,2686931
-6.961,trivial_move,4,2686930
-6.958,flush_begin,0,0
-6.940,flush_end,0,2686930
-6.919,trivial_move,3,2686931
-6.910,trivial_move,4,2686932
-6.905,flush_begin,0,0
-6.887,flush_end,0,2686931
-6.867,trivial_move,3,2686930
-6.856,trivial_move,4,2686930
-6.852,flush_begin,0,0
-6.835,flush_end,0,2686931
-6.815,trivial_move,3,2686930
-6.806,trivial_move,4,2686931
-6.802,flush_begin,0,0
-6.783,flush_end,0,2686930
-6.763,trivial_move,3,2686931
-6.753,trivial_move,4,2686931
-6.748,flush_begin,0,0
-6.729,flush_end,0,2686932
-6.709,trivial_move,3,2686931
-6.699,trivial_move,4,2686930
-6.695,flush_begin,0,0
-6.678,flush_end,0,2686930
-6.657,trivial_move,3,2686931
-6.647,trivial_move,4,2686932
-6.644,flush_begin,0,0
-6.624,flush_end,0,2686932
-6.603,trivial_move,3,2686931
-6.594,trivial_move,4,2686930
-6.588,flush_begin,0,0
-6.569,flush_end,0,2686930
-6.548,trivial_move,3,2686930
-6.538,trivial_move,4,2686931
-6.536,flush_begin,0,0
-6.518,flush_end,0,2686931
-6.499,trivial_move,3,2686932
-6.490,trivial_move,4,2686931
-6.486,flush_begin,0,0
-6.467,flush_end,0,2686931
-6.448,trivial_move,3,2686930
-6.437,trivial_move,4,2686933
-6.434,flush_begin,0,0
-6.416,flush_end,0,2686931
-6.395,trivial_move,3,2686933
-6.385,trivial_move,4,2686931
-6.383,flush_begin,0,0
-6.364,flush_end,0,2686931
-6.344,trivial_move,3,2686930
-6.334,trivial_move,4,2686931
-6.331,flush_begin,0,0
-6.312,flush_end,0,2686930
-6.291,trivial_move,3,2686931
-6.281,trivial_move,4,2686930
-6.276,flush_begin,0,0
-6.255,flush_end,0,2686930
-6.235,trivial_move,3,2686931
-6.225,trivial_move,4,2686932
-6.221,flush_begin,0,0
-6.204,flush_end,0,2686931
-6.186,trivial_move,3,2686930
-6.176,trivial_move,4,2686930
-6.173,flush_begin,0,0
-6.156,flush_end,0,2686933
-6.137,trivial_move,3,2686932
-6.126,trivial_move,4,2686932
-6.123,flush_begin,0,0
-6.107,flush_end,0,2686931
-6.087,trivial_move,3,2686930
-6.077,trivial_move,4,2686930
-6.074,flush_begin,0,0
-6.058,flush_end,0,2686931
-6.038,trivial_move,3,2686931
-6.028,trivial_move,4,2686930
-6.024,flush_begin,0,0
-6.008,flush_end,0,2686930
-5.989,trivial_move,3,2686931
-5.979,trivial_move,4,2686932
-5.974,flush_begin,0,0
-5.958,flush_end,0,2686932
-5.940,trivial_move,3,2686931
-5.930,trivial_move,4,2686930
-5.926,flush_begin,0,0
-5.909,flush_end,0,2686930
-5.890,trivial_move,3,2686931
-5.880,trivial_move,4,2686932
-5.876,flush_begin,0,0
-5.860,flush_end,0,2686932
-5.842,trivial_move,3,2686931
-5.832,trivial_move,4,2686930
-5.827,flush_begin,0,0
-5.812,flush_end,0,2686930
-5.793,trivial_move,3,2686930
-5.783,trivial_move,4,2686931
-5.778,flush_begin,0,0
-5.762,flush_end,0,2686931
-5.743,trivial_move,3,2686932
-5.734,trivial_move,4,2686931
-5.729,flush_begin,0,0
-5.714,flush_end,0,2686931
-5.694,trivial_move,3,2686930
-5.684,trivial_move,4,2686931
-5.679,flush_begin,0,0
-5.663,flush_end,0,2686930
-5.645,trivial_move,3,2686932
-5.636,trivial_move,4,2686931
-5.629,flush_begin,0,0
-5.614,flush_end,0,2686932
-5.595,trivial_move,3,2686930
-5.585,trivial_move,4,2686931
-5.580,flush_begin,0,0
-5.562,flush_end,0,2686930
-5.543,trivial_move,3,2686930
-5.534,trivial_move,4,2686930
-5.527,flush_begin,0,0
-5.511,flush_end,0,2686931
-5.492,trivial_move,3,2686932
-5.482,trivial_move,4,2686932
-5.476,flush_begin,0,0
-5.460,flush_end,0,2686931
-5.441,trivial_move,3,2686930
-5.430,trivial_move,4,2686930
-5.425,flush_begin,0,0
-5.407,flush_end,0,2686931
-5.380,trivial_move,3,2686932
-5.369,trivial_move,4,2686931
-5.363,flush_begin,0,0
-5.201,flush_end,0,2686931
-5.105,trivial_move,3,2686930
-5.105,flush_begin,0,0
-4.975,flush_end,0,2686931
-4.786,trivial_move,3,2686932
-4.786,flush_begin,0,0
-4.673,flush_end,0,2686930
-4.489,trivial_move,3,2686931
-4.489,flush_begin,0,0
-4.362,flush_end,0,2686932
-4.167,trivial_move,3,2686931
-4.167,flush_begin,0,0
-4.060,flush_end,0,2686930
-3.849,trivial_move,3,2686931
-3.849,flush_begin,0,0
-3.729,flush_end,0,2686933
-3.671,trivial_move,3,2686931
-3.671,flush_begin,0,0
-3.660,flush_end,0,2686930
-3.642,trivial_move,3,2686930
-3.634,trivial_move,4,2686932
-3.626,trivial_move,4,2686930
-3.618,trivial_move,4,2686932
-3.610,trivial_move,4,2686930
-3.602,trivial_move,4,2686932
-3.594,trivial_move,4,2686930
-3.594,flush_begin,0,0
-3.581,flush_end,0,2686930
-3.568,trivial_move,3,2686932
-3.562,trivial_move,4,2686931
-3.554,trivial_move,4,2686931
-3.551,flush_begin,0,0
-3.537,flush_end,0,2686932
-3.521,trivial_move,3,2686930
-3.513,trivial_move,4,2686931
-3.508,flush_begin,0,0
-3.494,flush_end,0,2686930
-3.478,trivial_move,3,2686931
-3.470,trivial_move,4,2686931
-3.465,flush_begin,0,0
-3.451,flush_end,0,2686932
-3.435,trivial_move,3,2686931
-3.427,trivial_move,4,2686930
-3.423,flush_begin,0,0
-3.409,flush_end,0,2686930
-3.393,trivial_move,3,2686930
-3.385,trivial_move,4,2686930
-3.381,flush_begin,0,0
-3.368,flush_end,0,2686931
-3.352,trivial_move,3,2686932
-3.344,trivial_move,4,2686931
-3.340,flush_begin,0,0
-3.326,flush_end,0,2686931
-3.310,trivial_move,3,2686930
-3.302,trivial_move,4,2686931
-3.298,flush_begin,0,0
-3.282,flush_end,0,2686931
-3.265,trivial_move,3,2686932
-3.257,trivial_move,4,2686931
-3.255,flush_begin,0,0
-3.241,flush_end,0,2686931
-3.224,trivial_move,3,2686930
-3.216,trivial_move,4,2686931
-3.214,flush_begin,0,0
-3.200,flush_end,0,2686931
-3.183,trivial_move,3,2686931
-3.175,trivial_move,4,2686930
-3.173,flush_begin,0,0
-3.159,flush_end,0,2686930
-3.143,trivial_move,3,2686931
-3.135,trivial_move,4,2686932
-3.132,flush_begin,0,0
-3.117,flush_end,0,2686932
-3.100,trivial_move,3,2686931
-3.092,trivial_move,4,2686930
-3.089,flush_begin,0,0
-3.076,flush_end,0,2686930
-3.059,trivial_move,3,2686931
-3.051,trivial_move,4,2686932
-3.049,flush_begin,0,0
-3.034,flush_end,0,2686931
-3.017,trivial_move,3,2686930
-3.009,trivial_move,4,2686930
-3.006,flush_begin,0,0
-2.992,flush_end,0,2686931
-2.975,trivial_move,3,2686930
-2.967,trivial_move,4,2686932
-2.964,flush_begin,0,0
-2.950,flush_end,0,2686930
-2.934,trivial_move,3,2686931
-2.926,trivial_move,4,2686931
-2.924,flush_begin,0,0
-2.910,flush_end,0,2686932
-2.893,trivial_move,3,2686933
-2.885,trivial_move,4,2686930
-2.882,flush_begin,0,0
-2.868,flush_end,0,2686930
-2.851,trivial_move,3,2686931
-2.843,trivial_move,4,2686932
-2.840,flush_begin,0,0
-2.825,flush_end,0,2686932
-2.808,trivial_move,3,2686931
-2.800,trivial_move,4,2686930
-2.798,flush_begin,0,0
-2.783,flush_end,0,2686930
-2.766,trivial_move,3,2686930
-2.758,trivial_move,4,2686931
-2.755,flush_begin,0,0
-2.740,flush_end,0,2686932
-2.723,trivial_move,3,2686932
-2.715,trivial_move,4,2686931
-2.712,flush_begin,0,0
-2.697,flush_end,0,2686931
-2.681,trivial_move,3,2686930
-2.673,trivial_move,4,2686931
-2.669,flush_begin,0,0
-2.655,flush_end,0,2686931
-2.638,trivial_move,3,2686932
-2.630,trivial_move,4,2686931
-2.627,flush_begin,0,0
-2.613,flush_end,0,2686931
-2.596,trivial_move,3,2686930
-2.588,trivial_move,4,2686931
-2.583,flush_begin,0,0
-2.569,flush_end,0,2686930
-2.552,trivial_move,3,2686931
-2.544,trivial_move,4,2686930
-2.540,flush_begin,0,0
-2.525,flush_end,0,2686930
-2.506,trivial_move,3,2686931
-2.495,trivial_move,4,2686932
-2.491,flush_begin,0,0
-2.476,flush_end,0,2686931
-2.459,trivial_move,3,2686930
-2.451,trivial_move,4,2686930
-2.447,flush_begin,0,0
-2.433,flush_end,0,2686931
-2.417,trivial_move,3,2686932
-2.409,trivial_move,4,2686932
-2.405,flush_begin,0,0
-2.391,flush_end,0,2686931
-2.375,trivial_move,3,2686930
-2.367,trivial_move,4,2686930
-2.363,flush_begin,0,0
-2.348,flush_end,0,2686931
-2.331,trivial_move,3,2686931
-2.323,trivial_move,4,2686930
-2.320,flush_begin,0,0
-2.306,flush_end,0,2686930
-2.289,trivial_move,3,2686931
-2.281,trivial_move,4,2686932
-2.277,flush_begin,0,0
-2.263,flush_end,0,2686932
-2.246,trivial_move,3,2686931
-2.238,trivial_move,4,2686930
-2.234,flush_begin,0,0
-2.218,flush_end,0,2686930
-2.201,trivial_move,3,2686931
-2.193,trivial_move,4,2686932
-2.190,flush_begin,0,0
-2.174,flush_end,0,2686932
-2.157,trivial_move,3,2686931
-2.149,trivial_move,4,2686930
-2.145,flush_begin,0,0
-2.131,flush_end,0,2686930
-2.114,trivial_move,3,2686930
-2.106,trivial_move,4,2686931
-2.103,flush_begin,0,0
-2.088,flush_end,0,2686931
-2.071,trivial_move,3,2686932
-2.063,trivial_move,4,2686931
-2.060,flush_begin,0,0
-2.046,flush_end,0,2686931
-2.029,trivial_move,3,2686930
-2.021,trivial_move,4,2686932
-2.016,flush_begin,0,0
-2.001,flush_end,0,2686930
-1.984,trivial_move,3,2686933
-1.976,trivial_move,4,2686931
-1.972,flush_begin,0,0
-1.958,flush_end,0,2686932
-1.941,trivial_move,3,2686930
-1.933,trivial_move,4,2686931
-1.929,flush_begin,0,0
-1.913,flush_end,0,2686930
-1.894,trivial_move,3,2686930
-1.885,trivial_move,4,2686930
-1.881,flush_begin,0,0
-1.866,flush_end,0,2686931
-1.849,trivial_move,3,2686932
-1.841,trivial_move,4,2686932
-1.838,flush_begin,0,0
-1.823,flush_end,0,2686931
-1.806,trivial_move,3,2686930
-1.798,trivial_move,4,2686930
-1.795,flush_begin,0,0
-1.780,flush_end,0,2686932
-1.764,trivial_move,3,2686932
-1.756,trivial_move,4,2686931
-1.753,flush_begin,0,0
-1.738,flush_end,0,2686931
-1.721,trivial_move,3,2686930
-1.713,trivial_move,4,2686931
-1.710,flush_begin,0,0
-1.694,flush_end,0,2686931
-1.677,trivial_move,3,2686931
-1.669,trivial_move,4,2686930
-1.665,flush_begin,0,0
-1.650,flush_end,0,2686930
-1.633,trivial_move,3,2686931
-1.625,trivial_move,4,2686932
-1.621,flush_begin,0,0
-1.606,flush_end,0,2686932
-1.589,trivial_move,3,2686931
-1.581,trivial_move,4,2686930
-1.577,flush_begin,0,0
-1.563,flush_end,0,2686930
-1.546,trivial_move,3,2686931
-1.538,trivial_move,4,2686932
-1.535,flush_begin,0,0
-1.520,flush_end,0,2686932
-1.503,trivial_move,3,2686931
-1.495,trivial_move,4,2686930
-1.492,flush_begin,0,0
-1.478,flush_end,0,2686930
-1.462,trivial_move,3,2686930
-1.454,trivial_move,4,2686931
-1.450,flush_begin,0,0
-1.436,flush_end,0,2686930
-1.419,trivial_move,3,2686932
-1.411,trivial_move,4,2686931
-1.409,flush_begin,0,0
-1.395,flush_end,0,2686932
-1.379,trivial_move,3,2686930
-1.371,trivial_move,4,2686931
-1.369,flush_begin,0,0
-1.354,flush_end,0,2686930
-1.337,trivial_move,3,2686931
-1.329,trivial_move,4,2686931
-1.325,flush_begin,0,0
-1.310,flush_end,0,2686932
-1.293,trivial_move,3,2686931
-1.285,trivial_move,4,2686930
-1.283,flush_begin,0,0
-1.268,flush_end,0,2686930
-1.251,trivial_move,3,2686930
-1.243,trivial_move,4,2686930
-1.241,flush_begin,0,0
-1.226,flush_end,0,2686931
-1.209,trivial_move,3,2686932
-1.201,trivial_move,4,2686931
-1.199,flush_begin,0,0
-1.184,flush_end,0,2686931
-1.167,trivial_move,3,2686930
-1.159,trivial_move,4,2686931
-1.156,flush_begin,0,0
-1.141,flush_end,0,2686931
-1.125,trivial_move,3,2686932
-1.117,trivial_move,4,2686931
-1.113,flush_begin,0,0
-1.100,flush_end,0,2686931
-1.084,trivial_move,3,2686930
-1.076,trivial_move,4,2686932
-1.074,flush_begin,0,0
-1.060,flush_end,0,2686931
-1.043,trivial_move,3,2686932
-1.035,trivial_move,4,2686930
-1.032,flush_begin,0,0
-1.016,flush_end,0,2686930
-0.998,trivial_move,3,2686931
-0.990,trivial_move,4,2686932
-0.987,flush_begin,0,0
-0.973,flush_end,0,2686932
-0.956,trivial_move,3,2686931
-0.948,trivial_move,4,2686930
-0.945,flush_begin,0,0
-0.930,flush_end,0,2686930
-0.913,trivial_move,3,2686931
-0.905,trivial_move,4,2686932
-0.903,flush_begin,0,0
-0.888,flush_end,0,2686931
-0.871,trivial_move,3,2686930
-0.863,trivial_move,4,2686930
-0.859,flush_begin,0,0
-0.844,flush_end,0,2686932
-0.829,trivial_move,3,2686930
-0.822,trivial_move,4,2686931
-0.817,flush_begin,0,0
-0.802,flush_end,0,2686930
-0.785,trivial_move,3,2686931
-0.777,trivial_move,4,2686931
-0.775,flush_begin,0,0
-0.761,flush_end,0,2686932
-0.744,trivial_move,3,2686931
-0.736,trivial_move,4,2686930
-0.734,flush_begin,0,0
-0.719,flush_end,0,2686930
-0.703,trivial_move,3,2686931
-0.695,trivial_move,4,2686932
-0.691,flush_begin,0,0
-0.676,flush_end,0,2686932
-0.660,trivial_move,3,2686931
-0.652,trivial_move,4,2686930
-0.649,flush_begin,0,0
-0.634,flush_end,0,2686930
-0.615,trivial_move,3,2686930
-0.607,trivial_move,4,2686931
-0.602,flush_begin,0,0
-0.585,flush_end,0,2686931
-0.568,trivial_move,3,2686932
-0.560,trivial_move,4,2686931
-0.556,flush_begin,0,0
-0.539,flush_end,0,2686931
-0.522,trivial_move,3,2686930
-0.514,trivial_move,4,2686931
-0.511,flush_begin,0,0
-0.494,flush_end,0,2686931
-0.476,trivial_move,3,2686932
-0.468,trivial_move,4,2686931
-0.465,flush_begin,0,0
-0.449,flush_end,0,2686931
-0.432,trivial_move,3,2686930
-0.424,trivial_move,4,2686931
-0.421,flush_begin,0,0
-0.404,flush_end,0,2686930
-0.387,trivial_move,3,2686931
-0.379,trivial_move,4,2686930
-0.375,flush_begin,0,0
-0.360,flush_end,0,2686930
-0.343,trivial_move,3,2686931
-0.335,trivial_move,4,2686932
-0.332,flush_begin,0,0
-0.318,flush_end,0,2686931
-0.302,trivial_move,3,2686930
-0.294,trivial_move,4,2686930
-0.291,flush_begin,0,0
-0.276,flush_end,0,2686931
-0.259,trivial_move,3,2686932
-0.251,trivial_move,4,2686932
-0.248,flush_begin,0,0
-0.236,flush_end,0,2686931
-0.218,trivial_move,3,2686930
-0.210,trivial_move,4,2686930
-0.208,flush_begin,0,0
-0.195,flush_end,0,2686931
-0.178,trivial_move,3,2686931
-0.170,trivial_move,4,2686930
-0.168,flush_begin,0,0
-0.155,flush_end,0,2686930
-0.139,trivial_move,3,2686931
-0.131,trivial_move,4,2686933
-0.129,flush_begin,0,0
-0.114,flush_end,0,2686932
-0.097,trivial_move,3,2686932
-0.089,trivial_move,4,2686930
-0.087,flush_begin,0,0
-0.073,flush_end,0,2686930
-0.055,trivial_move,3,2686931
-0.047,trivial_move,4,2686932
-0.044,flush_begin,0,0
-0.030,flush_end,0,2686932
-0.014,trivial_move,3,2686931
-0.006,trivial_move,4,2686930
-0.002,flush_begin,0,0
0.012,flush_end,0,2686930
0.029,trivial_move,3,2686930
0.037,trivial_move,4,2686931
0.040,flush_begin,0,0
0.054,flush_end,0,2686932
0.071,trivial_move,3,2686932
0.079,trivial_move,4,2686931
0.081,flush_begin,0,0
0.096,flush_end,0,2686931
0.113,trivial_move,3,2686930
0.121,trivial_move,4,2686931
0.124,flush_begin,0,0
0.139,flush_end,0,2686930
0.156,trivial_move,3,2686932
0.164,trivial_move,4,2686931
0.166,flush_begin,0,0
0.182,flush_end,0,2686932
0.199,trivial_move,3,2686930
0.207,trivial_move,4,2686931
0.209,flush_begin,0,0
0.224,flush_end,0,2686930
0.241,trivial_move,3,2686930
0.249,trivial_move,4,2686930
0.253,flush_begin,0,0
0.268,flush_end,0,2686931
0.285,trivial_move,3,2686932
0.293,trivial_move,4,2686932
0.296,flush_begin,0,0
0.311,flush_end,0,2686931
0.328,trivial_move,3,2686930
0.336,trivial_move,4,2686930
0.339,flush_begin,0,0
0.355,flush_end,0,2686931
0.372,trivial_move,3,2686932
0.380,trivial_move,4,2686931
0.383,flush_begin,0,0
0.397,flush_end,0,2686931
0.414,trivial_move,3,2686930
0.421,trivial_move,4,2686931
0.424,flush_begin,0,0
0.438,flush_end,0,2686931
0.454,trivial_move,3,2686931
0.462,trivial_move,4,2686930
0.465,flush_begin,0,0
0.479,flush_end,0,2686930
0.496,trivial_move,3,2686931
0.504,trivial_move,4,2686932
0.506,flush_begin,0,0
0.520,flush_end,0,2686932
0.537,trivial_move,3,2686931
0.545,trivial_move,4,2686930
0.547,flush_begin,0,0
0.562,flush_end,0,2686930
0.579,trivial_move,3,2686931
0.587,trivial_move,4,2686932
0.591,flush_begin,0,0
0.606,flush_end,0,2686932
0.623,trivial_move,3,2686931
0.631,trivial_move,4,2686930
0.634,flush_begin,0,0
0.649,flush_end,0,2686930
0.666,trivial_move,3,2686930
0.674,trivial_move,4,2686931
0.679,flush_begin,0,0
0.694,flush_end,0,2686930
0.711,trivial_move,3,2686932
0.719,trivial_move,4,2686931
0.722,flush_begin,0,0
0.737,flush_end,0,2686932
0.754,trivial_move,3,2686930
0.762,trivial_move,4,2686932
0.765,flush_begin,0,0
0.781,flush_end,0,2686930
0.797,trivial_move,3,2686931
0.805,trivial_move,4,2686931
0.807,flush_begin,0,0
0.822,flush_end,0,2686932
0.839,trivial_move,3,2686932
0.847,trivial_move,4,2686930
0.850,flush_begin,0,0
0.865,flush_end,0,2686930
0.882,trivial_move,3,2686930
0.890,trivial_move,4,2686930
0.893,flush_begin,0,0
0.908,flush_end,0,2686931
0.925,trivial_move,3,2686932
0.933,trivial_move,4,2686931
0.936,flush_begin,0,0
0.950,flush_end,0,2686931
0.967,trivial_move,3,2686930
0.975,trivial_move,4,2686931
0.978,flush_begin,0,0
0.992,flush_end,0,2686932
1.009,trivial_move,3,2686932
1.017,trivial_move,4,2686931
1.019,flush_begin,0,0
1.034,flush_end,0,2686931
1.051,trivial_move,3,2686930
1.059,trivial_move,4,2686931
1.061,flush_begin,0,0
1.077,flush_end,0,2686931
1.094,trivial_move,3,2686931
1.102,trivial_move,4,2686930
1.104,flush_begin,0,0
1.120,flush_end,0,2686930
1.137,trivial_move,3,2686931
1.145,trivial_move,4,2686932
1.148,flush_begin,0,0
1.163,flush_end,0,2686932
1.180,trivial_move,3,2686931
1.188,trivial_move,4,2686930
1.191,flush_begin,0,0
1.206,flush_end,0,2686930
1.223,trivial_move,3,2686931
1.231,trivial_move,4,2686932
1.233,flush_begin,0,0
1.248,flush_end,0,2686931
1.265,trivial_move,3,2686930
1.273,trivial_move,4,2686930
1.277,flush_begin,0,0
1.292,flush_end,0,2686931
1.309,trivial_move,3,2686930
1.317,trivial_move,4,2686931
1.320,flush_begin,0,0
1.334,flush_end,0,2686930
1.351,trivial_move,3,2686931
1.359,trivial_move,4,2686931
1.362,flush_begin,0,0
1.378,flush_end,0,2686932
1.395,trivial_move,3,2686931
1.403,trivial_move,4,2686930
1.406,flush_begin,0,0
1.421,flush_end,0,2686930
1.438,trivial_move,3,2686931
1.446,trivial_move,4,2686932
1.449,flush_begin,0,0
1.464,flush_end,0,2686932
1.481,trivial_move,3,2686931
1.489,trivial_move,4,2686930
1.492,flush_begin,0,0
1.508,flush_end,0,2686930
1.525,trivial_move,3,2686930
1.533,trivial_move,4,2686931
1.537,flush_begin,0,0
1.552,flush_end,0,2686931
1.569,trivial_move,3,2686932
1.577,trivial_move,4,2686931
1.581,flush_begin,0,0
1.596,flush_end,0,2686931
1.613,trivial_move,3,2686930
1.621,trivial_move,4,2686931
1.624,flush_begin,0,0
1.640,flush_end,0,2686931
1.657,trivial_move,3,2686932
1.665,trivial_move,4,2686931
1.668,flush_begin,0,0
1.686,flush_end,0,2686931
1.703,trivial_move,3,2686930
1.711,trivial_move,4,2686932
1.715,flush_begin,0,0
1.730,flush_end,0,2686930
1.747,trivial_move,3,2686932
1.755,trivial_move,4,2686930
1.758,flush_begin,0,0
1.773,flush_end,0,2686930
1.791,trivial_move,3,2686931
1.799,trivial_move,4,2686932
1.803,flush_begin,0,0
1.819,flush_end,0,2686931
1.836,trivial_move,3,2686930
1.844,trivial_move,4,2686930
1.847,flush_begin,0,0
1.862,flush_end,0,2686931
1.879,trivial_move,3,2686932
1.887,trivial_move,4,2686932
1.891,flush_begin,0,0
1.906,flush_end,0,2686931
1.923,trivial_move,3,2686930
1.931,trivial_move,4,2686930
1.934,flush_begin,0,0
1.950,flush_end,0,2686932
1.967,trivial_move,3,2686931
1.975,trivial_move,4,2686930
1.978,flush_begin,0,0
1.995,flush_end,0,2686930
2.012,trivial_move,3,2686931
2.020,trivial_move,4,2686932
2.023,flush_begin,0,0
2.038,flush_end,0,2686932
2.055,trivial_move,3,2686931
2.063,trivial_move,4,2686930
2.067,flush_begin,0,0
2.082,flush_end,0,2686930
2.099,trivial_move,3,2686931
2.107,trivial_move,4,2686932
2.110,flush_begin,0,0
2.125,flush_end,0,2686932
2.142,trivial_move,3,2686931
2.150,trivial_move,4,2686930
2.153,flush_begin,0,0
2.168,flush_end,0,2686930
2.185,trivial_move,3,2686930
2.193,trivial_move,4,2686931
2.197,flush_begin,0,0
2.212,flush_end,0,2686931
2.229,trivial_move,3,2686932
2.237,trivial_move,4,2686931
2.241,flush_begin,0,0
2.256,flush_end,0,2686931
2.273,trivial_move,3,2686930
2.281,trivial_move,4,2686931
2.284,flush_begin,0,0
2.300,flush_end,0,2686930
2.317,trivial_move,3,2686932
2.325,trivial_move,4,2686931
2.328,flush_begin,0,0
2.344,flush_end,0,2686932
2.357,trivial_move,3,2686930
2.369,trivial_move,4,2686931
2.372,flush_begin,0,0
2.388,flush_end,0,2686930
2.405,trivial_move,3,2686930
2.413,trivial_move,4,2686930
2.416,flush_begin,0,0
2.431,flush_end,0,2686931
2.449,trivial_move,3,2686932
2.457,trivial_move,4,2686932
2.459,flush_begin,0,0
2.474,flush_end,0,2686931
2.491,trivial_move,3,2686930
2.499,trivial_move,4,2686930
2.502,flush_begin,0,0
2.517,flush_end,0,2686931
2.534,trivial_move,3,2686932
2.542,trivial_move,4,2686931
2.545,flush_begin,0,0
2.560,flush_end,0,2686931
2.577,trivial_move,3,2686930
2.585,trivial_move,4,2686931
2.588,flush_begin,0,0
2.603,flush_end,0,2686931
2.620,trivial_move,3,2686931
2.628,trivial_move,4,2686930
2.630,flush_begin,0,0
2.645,flush_end,0,2686930
2.662,trivial_move,3,2686931
2.670,trivial_move,4,2686933
2.673,flush_begin,0,0
2.688,flush_end,0,2686932
2.705,trivial_move,3,2686932
2.713,trivial_move,4,2686930
2.716,flush_begin,0,0
2.731,flush_end,0,2686930
2.748,trivial_move,3,2686931
2.756,trivial_move,4,2686932
2.759,flush_begin,0,0
2.774,flush_end,0,2686932
2.791,trivial_move,3,2686931
2.799,trivial_move,4,2686930
2.802,flush_begin,0,0
2.817,flush_end,0,2686930
2.834,trivial_move,3,2686930
2.842,trivial_move,4,2686931
2.845,flush_begin,0,0
2.861,flush_end,0,2686930
2.878,trivial_move,3,2686932
2.886,trivial_move,4,2686931
2.889,flush_begin,0,0
2.904,flush_end,0,2686933
2.921,trivial_move,3,2686930
2.929,trivial_move,4,2686931
2.932,flush_begin,0,0
2.947,flush_end,0,2686930
2.964,trivial_move,3,2686931
2.972,trivial_move,4,2686931
2.976,flush_begin,0,0
2.992,flush_end,0,2686932
3.009,trivial_move,3,2686931
3.017,trivial_move,4,2686930
3.020,flush_begin,0,0
3.035,flush_end,0,2686930
3.052,trivial_move,3,2686930
3.060,trivial_move,4,2686930
3.064,flush_begin,0,0
3.078,flush_end,0,2686931
3.095,trivial_move,3,2686932
3.103,trivial_move,4,2686931
3.106,flush_begin,0,0
3.122,flush_end,0,2686931
3.139,trivial_move,3,2686930
3.147,trivial_move,4,2686931
3.150,flush_begin,0,0
3.165,flush_end,0,2686931
3.182,trivial_move,3,2686932
3.190,trivial_move,4,2686931
3.194,flush_begin,0,0
3.209,flush_end,0,2686931
3.226,trivial_move,3,2686930
3.234,trivial_move,4,2686931
3.237,flush_begin,0,0
3.252,flush_end,0,2686931
3.269,trivial_move,3,2686931
3.277,trivial_move,4,2686930
3.280,flush_begin,0,0
3.295,flush_end,0,2686930
3.312,trivial_move,3,2686931
3.320,trivial_move,4,2686932
3.323,flush_begin,0,0
3.338,flush_end,0,2686932
3.355,trivial_move,3,2686931
3.363,trivial_move,4,2686930
3.365,flush_begin,0,0
3.380,flush_end,0,2686930
3.397,trivial_move,3,2686931
3.405,trivial_move,4,2686932
3.406,flush_begin,0,0
3.421,flush_end,0,2686931
3.438,trivial_move,3,2686930
3.446,trivial_move,4,2686930
3.449,flush_begin,0,0
3.463,flush_end,0,2686931
3.480,trivial_move,3,2686930
3.488,trivial_move,4,2686931
3.491,flush_begin,0,0
3.505,flush_end,0,2686930
3.521,trivial_move,3,2686931
3.529,trivial_move,4,2686931
3.533,flush_begin,0,0
3.547,flush_end,0,2686932
3.564,trivial_move,3,2686931
3.572,trivial_move,4,2686930
3.577,flush_begin,0,0
3.592,flush_end,0,2686930
3.608,trivial_move,3,2686931
3.616,trivial_move,4,2686933
3.620,flush_begin,0,0
3.636,flush_end,0,2686932
3.653,trivial_move,3,2686932
3.661,trivial_move,4,2686930
3.666,flush_begin,0,0
3.681,flush_end,0,2686930
3.697,trivial_move,3,2686930
3.705,trivial_move,4,2686931
3.708,flush_begin,0,0
3.724,flush_end,0,2686931
3.740,trivial_move,3,2686932
3.748,trivial_move,4,2686931
3.752,flush_begin,0,0
3.767,flush_end,0,2686931
3.788,trivial_move,3,2686930
3.796,trivial_move,4,2686931
3.799,flush_begin,0,0
3.814,flush_end,0,2686932
3.831,trivial_move,3,2686932
3.839,trivial_move,4,2686931
3.843,flush_begin,0,0
3.858,flush_end,0,2686931
3.875,trivial_move,3,2686930
3.883,trivial_move,4,2686931
3.886,flush_begin,0,0
3.901,flush_end,0,2686930
3.918,trivial_move,3,2686931
3.926,trivial_move,4,2686930
3.931,flush_begin,0,0
3.946,flush_end,0,2686930
3.962,trivial_move,3,2686931
3.970,trivial_move,4,2686932
3.973,flush_begin,0,0
3.986,flush_end,0,2686931
4.002,trivial_move,3,2686930
4.010,trivial_move,4,2686930
4.014,flush_begin,0,0
4.029,flush_end,0,2686931
4.045,trivial_move,3,2686932
4.053,trivial_move,4,2686932
4.057,flush_begin,0,0
4.071,flush_end,0,2686931
4.087,trivial_move,3,2686930
4.095,trivial_move,4,2686930
4.099,flush_begin,0,0
4.111,flush_end,0,2686931
4.127,trivial_move,3,2686931
4.135,trivial_move,4,2686930
4.139,flush_begin,0,0
4.152,flush_end,0,2686930
4.168,trivial_move,3,2686931
4.176,trivial_move,4,2686932
4.180,flush_begin,0,0
4.193,flush_end,0,2686932
4.209,trivial_move,3,2686931
4.217,trivial_move,4,2686930
4.222,flush_begin,0,0
4.235,flush_end,0,2686930
4.251,trivial_move,3,2686931
4.259,trivial_move,4,2686932
4.263,flush_begin,0,0
4.277,flush_end,0,2686932
4.293,trivial_move,3,2686931
4.301,trivial_move,4,2686930
4.305,flush_begin,0,0
4.320,flush_end,0,2686930
4.336,trivial_move,3,2686930
4.344,trivial_move,4,2686931
4.348,flush_begin,0,0
4.361,flush_end,0,2686931
4.377,trivial_move,3,2686932
4.385,trivial_move,4,2686931
4.389,flush_begin,0,0
4.402,flush_end,0,2686931
4.417,trivial_move,3,2686930
4.425,trivial_move,4,2686931
4.429,flush_begin,0,0
4.443,flush_end,0,2686930
4.459,trivial_move,3,2686932
4.467,trivial_move,4,2686931
4.471,flush_begin,0,0
4.485,flush_end,0,2686932
4.501,trivial_move,3,2686930
4.509,trivial_move,4,2686933
4.513,flush_begin,0,0
4.528,flush_end,0,2686930
4.543,trivial_move,3,2686930
4.550,trivial_move,4,2686930
4.554,flush_begin,0,0
4.568,flush_end,0,2686931
4.584,trivial_move,3,2686933
4.592,trivial_move,4,2686932
4.596,flush_begin,0,0
4.611,flush_end,0,2686931
4.627,trivial_move,3,2686930
4.635,trivial_move,4,2686930
4.640,flush_begin,0,0
4.653,flush_end,0,2686931
4.669,trivial_move,3,2686932
4.677,trivial_move,4,2686931
4.682,flush_begin,0,0
4.696,flush_end,0,2686931
4.712,trivial_move,3,2686930
4.720,trivial_move,4,2686931
4.724,flush_begin,0,0
4.737,flush_end,0,2686933
4.751,trivial_move,3,2686931
4.759,trivial_move,4,2686930
4.763,flush_begin,0,0
4.776,flush_end,0,2686930
4.792,trivial_move,3,2686931
4.800,trivial_move,4,2686932
4.804,flush_begin,0,0
4.819,flush_end,0,2686932
4.835,trivial_move,3,2686931
4.843,trivial_move,4,2686930
4.848,flush_begin,0,0
4.861,flush_end,0,2686930
4.877,trivial_move,3,2686931
4.885,trivial_move,4,2686932
4.889,flush_begin,0,0
4.903,flush_end,0,2686932
4.919,trivial_move,3,2686931
4.927,trivial_move,4,2686930
4.931,flush_begin,0,0
4.945,flush_end,0,2686930
4.961,trivial_move,3,2686930
4.969,trivial_move,4,2686931
4.974,flush_begin,0,0
4.988,flush_end,0,2686930
5.004,trivial_move,3,2686932
5.012,trivial_move,4,2686931
5.017,flush_begin,0,0
5.032,flush_end,0,2686932
5.049,trivial_move,3,2686930
5.057,trivial_move,4,2686931
5.062,flush_begin,0,0
5.076,flush_end,0,2686930
5.092,trivial_move,3,2686931
5.099,trivial_move,4,2686931
5.104,flush_begin,0,0
5.119,flush_end,0,2686932
5.135,trivial_move,3,2686931
5.143,trivial_move,4,2686930
5.148,flush_begin,0,0
5.162,flush_end,0,2686930
5.178,trivial_move,3,2686930
5.186,trivial_move,4,2686930
5.190,flush_begin,0,0
5.206,flush_end,0,2686931
5.222,trivial_move,3,2686932
5.230,trivial_move,4,2686931
5.235,flush_begin,0,0
5.250,flush_end,0,2686931
5.266,trivial_move,3,2686930
5.274,trivial_move,4,2686931
5.278,flush_begin,0,0
5.292,flush_end,0,2686931
5.308,trivial_move,3,2686932
5.316,trivial_move,4,2686931
5.320,flush_begin,0,0
5.334,flush_end,0,2686931
5.349,trivial_move,3,2686930
5.357,trivial_move,4,2686931
5.362,flush_begin,0,0
5.378,flush_end,0,2686931
5.394,trivial_move,3,2686931
5.402,trivial_move,4,2686930
5.405,flush_begin,0,0
5.419,flush_end,0,2686930
5.435,trivial_move,3,2686931
5.443,trivial_move,4,2686933
5.448,flush_begin,0,0
5.461,flush_end,0,2686932
5.477,trivial_move,3,2686932
5.485,trivial_move,4,2686930
5.490,flush_begin,0,0
5.505,flush_end,0,2686930
5.521,trivial_move,3,2686931
5.529,trivial_move,4,2686932
5.533,flush_begin,0,0
5.546,flush_end,0,2686931
5.561,trivial_move,3,2686930
5.569,trivial_move,4,2686930
5.573,flush_begin,0,0
5.585,flush_end,0,2686931
5.601,trivial_move,3,2686930
5.609,trivial_move,4,2686931
5.613,flush_begin,0,0
5.626,flush_end,0,2686930
5.641,trivial_move,3,2686931
5.649,trivial_move,4,2686931
5.653,flush_begin,0,0
5.665,flush_end,0,2686933
5.681,trivial_move,3,2686931
5.689,trivial_move,4,2686930
5.693,flush_begin,0,0
5.709,flush_end,0,2686930
5.725,trivial_move,3,2686931
5.733,trivial_move,4,2686932
5.737,flush_begin,0,0
5.751,flush_end,0,2686932
5.767,trivial_move,3,2686931
5.775,trivial_move,4,2686930
5.779,flush_begin,0,0
5.793,flush_end,0,2686930
5.809,trivial_move,3,2686930
5.817,trivial_move,4,2686931
5.822,flush_begin,0,0
5.835,flush_end,0,2686931
5.851,trivial_move,3,2686932
5.859,trivial_move,4,2686931
5.863,flush_begin,0,0
5.877,flush_end,0,2686931
5.893,trivial_move,3,2686930
5.901,trivial_move,4,2686931
5.905,flush_begin,0,0
5.919,flush_end,0,2686931
5.935,trivial_move,3,2686932
5.943,trivial_move,4,2686931
5.948,flush_begin,0,0
5.961,flush_end,0,2686931
5.977,trivial_move,3,2686930
5.985,trivial_move,4,2686931
5.990,flush_begin,0,0
6.004,flush_end,0,2686930
6.020,trivial_move,3,2686931
6.028,trivial_move,4,2686930
6.032,flush_begin,0,0
6.046,flush_end,0,2686930
6.062,trivial_move,3,2686931
6.070,trivial_move,4,2686932
6.075,flush_begin,0,0
6.091,flush_end,0,2686931
6.107,trivial_move,3,2686930
6.115,trivial_move,4,2686930
6.119,flush_begin,0,0
6.132,flush_end,0,2686931
6.149,trivial_move,3,2686932
6.157,trivial_move,4,2686932
6.162,flush_begin,0,0
6.176,flush_end,0,2686931
6.192,trivial_move,3,2686930
6.200,trivial_move,4,2686930
6.205,flush_begin,0,0
6.219,flush_end,0,2686931
6.235,trivial_move,3,2686931
6.243,trivial_move,4,2686930
6.248,flush_begin,0,0
6.261,flush_end,0,2686930
6.277,trivial_move,3,2686931
6.285,trivial_move,4,2686932
6.289,flush_begin,0,0
6.304,flush_end,0,2686932
6.320,trivial_move,3,2686931
6.327,trivial_move,4,2686930
6.332,flush_begin,0,0
6.346,flush_end,0,2686930
6.362,trivial_move,3,2686931
6.370,trivial_move,4,2686933
6.374,flush_begin,0,0
6.389,flush_end,0,2686932
6.405,trivial_move,3,2686933
6.413,trivial_move,4,2686930
6.417,flush_begin,0,0
6.431,flush_end,0,2686930
6.449,trivial_move,3,2686930
6.459,trivial_move,4,2686931
6.464,flush_begin,0,0
6.478,flush_end,0,2686931
6.494,trivial_move,3,2686932
6.502,trivial_move,4,2686931
6.507,flush_begin,0,0
6.523,flush_end,0,2686931
6.540,trivial_move,3,2686930
6.548,trivial_move,4,2686931
6.553,flush_begin,0,0
6.568,flush_end,0,2686930
6.584,trivial_move,3,2686932
6.592,trivial_move,4,2686931
6.597,flush_begin,0,0
6.611,flush_end,0,2686933
6.626,trivial_move,3,2686930
6.634,trivial_move,4,2686931
6.639,flush_begin,0,0
6.653,flush_end,0,2686930
6.669,trivial_move,3,2686930
6.677,trivial_move,4,2686930
6.681,flush_begin,0,0
6.697,flush_end,0,2686931
6.713,trivial_move,3,2686932
6.721,trivial_move,4,2686932
6.726,flush_begin,0,0
6.739,flush_end,0,2686931
6.755,trivial_move,3,2686930
6.763,trivial_move,4,2686930
6.768,flush_begin,0,0
6.781,flush_end,0,2686931
6.798,trivial_move,3,2686932
6.806,trivial_move,4,2686931
6.811,flush_begin,0,0
6.826,flush_end,0,2686931
6.842,trivial_move,3,2686930
6.850,trivial_move,4,2686931
6.854,flush_begin,0,0
6.867,flush_end,0,2686931
6.883,trivial_move,3,2686931
6.891,trivial_move,4,2686930
6.895,flush_begin,0,0
6.909,flush_end,0,2686930
6.925,trivial_move,3,2686931
6.932,trivial_move,4,2686932
6.937,flush_begin,0,0
6.950,flush_end,0,2686932
6.966,trivial_move,3,2686931
6.974,trivial_move,4,2686930
6.979,flush_begin,0,0
6.993,flush_end,0,2686930
7.009,trivial_move,3,2686931
7.017,trivial_move,4,2686932
7.021,flush_begin,0,0
7.034,flush_end,0,2686932
7.050,trivial_move,3,2686931
7.058,trivial_move,4,2686930
7.062,flush_begin,0,0
7.076,flush_end,0,2686930
7.092,trivial_move,3,2686930
7.100,trivial_move,4,2686931
7.104,flush_begin,0,0
7.119,flush_end,0,2686930
7.135,trivial_move,3,2686932
7.143,trivial_move,4,2686931
7.147,flush_begin,0,0
7.161,flush_end,0,2686932
7.177,trivial_move,3,2686930
7.185,trivial_move,4,2686931
7.190,flush_begin,0,0
7.205,flush_end,0,2686930
7.221,trivial_move,3,2686931
7.229,trivial_move,4,2686931
7.234,flush_begin,0,0
7.247,flush_end,0,2686932
7.263,trivial_move,3,2686931
7.271,trivial_move,4,2686930
7.275,flush_begin,0,0
7.290,flush_end,0,2686930
7.306,trivial_move,3,2686930
7.314,trivial_move,4,2686930
7.319,flush_begin,0,0
7.332,flush_end,0,2686931
7.348,trivial_move,3,2686933
7.356,trivial_move,4,2686931
7.360,flush_begin,0,0
7.375,flush_end,0,2686931
7.391,trivial_move,3,2686930
7.399,trivial_move,4,2686931
7.402,flush_begin,0,0
7.417,flush_end,0,2686931
7.433,trivial_move,3,2686932
7.441,trivial_move,4,2686931
7.445,flush_begin,0,0
7.459,flush_end,0,2686931
7.475,trivial_move,3,2686930
7.483,trivial_move,4,2686931
7.488,flush_begin,0,0
7.504,flush_end,0,2686932
7.521,trivial_move,3,2686931
7.529,trivial_move,4,2686930
7.534,flush_begin,0,0
7.549,flush_end,0,2686930
7.565,trivial_move,3,2686931
7.573,trivial_move,4,2686932
7.578,flush_begin,0,0
7.595,flush_end,0,2686932
7.611,trivial_move,3,2686931
7.619,trivial_move,4,2686930
7.624,flush_begin,0,0
7.638,flush_end,0,2686930
7.654,trivial_move,3,2686931
7.662,trivial_move,4,2686932
7.667,flush_begin,0,0
7.680,flush_end,0,2686931
7.696,trivial_move,3,2686930
7.704,trivial_move,4,2686930
7.708,flush_begin,0,0
7.722,flush_end,0,2686931
7.738,trivial_move,3,2686930
7.746,trivial_move,4,2686931
7.750,flush_begin,0,0
7.764,flush_end,0,2686930
7.780,trivial_move,3,2686931
7.788,trivial_move,4,2686931
7.793,flush_begin,0,0
7.807,flush_end,0,2686932
7.823,trivial_move,3,2686931
7.831,trivial_move,4,2686930
7.836,flush_begin,0,0
7.851,flush_end,0,2686930
7.868,trivial_move,3,2686931
7.876,trivial_move,4,2686932
7.880,flush_begin,0,0
7.894,flush_end,0,2686932
7.910,trivial_move,3,2686931
7.918,trivial_move,4,2686930
7.922,flush_begin,0,0
7.935,flush_end,0,2686930
7.952,trivial_move,3,2686930
7.960,trivial_move,4,2686931
7.964,flush_begin,0,0
7.979,flush_end,0,2686931
7.996,trivial_move,3,2686932
8.004,trivial_move,4,2686931
8.008,flush_begin,0,0
8.022,flush_end,0,2686931
8.039,trivial_move,3,2686930
8.047,trivial_move,4,2686931
8.052,flush_begin,0,0
8.066,flush_end,0,2686931
8.082,trivial_move,3,2686932
8.090,trivial_move,4,2686931
8.094,flush_begin,0,0
8.109,flush_end,0,2686931
8.125,trivial_move,3,2686930
8.133,trivial_move,4,2686931
8.138,flush_begin,0,0
8.153,flush_end,0,2686930
8.169,trivial_move,3,2686931
8.177,trivial_move,4,2686930
8.181,flush_begin,0,0
8.195,flush_end,0,2686930
8.212,trivial_move,3,2686931
8.220,trivial_move,4,2686933
8.225,flush_begin,0,0
8.240,flush_end,0,2686931
8.253,trivial_move,3,2686930
8.265,trivial_move,4,2686930
8.270,flush_begin,0,0
8.283,flush_end,0,2686931
8.299,trivial_move,3,2686933
8.307,trivial_move,4,2686932
8.309,flush_begin,0,0
8.319,flush_end,0,2686931
8.335,trivial_move,3,2686930
8.343,trivial_move,4,2686930
8.345,flush_begin,0,0
8.355,flush_end,0,2686931
8.371,trivial_move,3,2686931
8.379,trivial_move,4,2686930
8.380,flush_begin,0,0
8.392,flush_end,0,2686930
8.408,trivial_move,3,2686931
8.416,trivial_move,4,2686932
8.418,flush_begin,0,0
8.430,flush_end,0,2686933
8.445,trivial_move,3,2686931
8.453,trivial_move,4,2686930
8.456,flush_begin,0,0
8.467,flush_end,0,2686930
8.483,trivial_move,3,2686931
8.491,trivial_move,4,2686932
8.495,flush_begin,0,0
8.507,flush_end,0,2686932
8.523,trivial_move,3,2686931
8.531,trivial_move,4,2686930
8.534,flush_begin,0,0
8.546,flush_end,0,2686930
8.562,trivial_move,3,2686930
8.570,trivial_move,4,2686931
8.574,flush_begin,0,0
8.586,flush_end,0,2686931
8.602,trivial_move,3,2686932
8.610,trivial_move,4,2686931
8.613,flush_begin,0,0
8.626,flush_end,0,2686931
8.642,trivial_move,3,2686930
8.650,trivial_move,4,2686931
8.654,flush_begin,0,0
8.668,flush_end,0,2686930
8.683,trivial_move,3,2686932
8.691,trivial_move,4,2686931
8.695,flush_begin,0,0
8.708,flush_end,0,2686932
8.724,trivial_move,3,2686930
8.732,trivial_move,4,2686931
8.736,flush_begin,0,0
8.750,flush_end,0,2686930
8.766,trivial_move,3,2686930
8.774,trivial_move,4,2686930
8.778,flush_begin,0,0
8.791,flush_end,0,2686931
8.807,trivial_move,3,2686932
8.815,trivial_move,4,2686932
8.819,flush_begin,0,0
8.832,flush_end,0,2686931
8.848,trivial_move,3,2686930
8.856,trivial_move,4,2686930
8.861,flush_begin,0,0
8.874,flush_end,0,2686931
8.890,trivial_move,3,2686932
8.898,trivial_move,4,2686931
8.902,flush_begin,0,0
8.915,flush_end,0,2686931
8.931,trivial_move,3,2686930
8.940,trivial_move,4,2686931
8.943,flush_begin,0,0
8.956,flush_end,0,2686931
8.972,trivial_move,3,2686931
8.980,trivial_move,4,2686930
8.984,flush_begin,0,0
8.997,flush_end,0,2686930
9.013,trivial_move,3,2686931
9.021,trivial_move,4,2686932
9.024,flush_begin,0,0
9.037,flush_end,0,2686932
9.054,trivial_move,3,2686931
9.062,trivial_move,4,2686930
9.066,flush_begin,0,0
9.080,flush_end,0,2686930
9.096,trivial_move,3,2686931
9.103,trivial_move,4,2686933
9.107,flush_begin,0,0
9.119,flush_end,0,2686932
9.135,trivial_move,3,2686932
9.143,trivial_move,4,2686930
9.147,flush_begin,0,0
9.159,flush_end,0,2686930
9.175,trivial_move,3,2686930
9.183,trivial_move,4,2686931
9.187,flush_begin,0,0
9.200,flush_end,0,2686930
9.216,trivial_move,3,2686932
9.224,trivial_move,4,2686931
9.228,flush_begin,0,0
9.243,flush_end,0,2686932
9.259,trivial_move,3,2686930
9.267,trivial_move,4,2686931
9.272,flush_begin,0,0
9.286,flush_end,0,2686930
9.302,trivial_move,3,2686931
9.310,trivial_move,4,2686931
9.314,flush_begin,0,0
9.327,flush_end,0,2686933
9.343,trivial_move,3,2686931
9.351,trivial_move,4,2686930
9.356,flush_begin,0,0
9.370,flush_end,0,2686930
9.385,trivial_move,3,2686930
9.393,trivial_move,4,2686930
9.397,flush_begin,0,0
9.411,flush_end,0,2686931
9.427,trivial_move,3,2686932
9.435,trivial_move,4,2686931
9.439,flush_begin,0,0
9.452,flush_end,0,2686931
9.468,trivial_move,3,2686930
9.476,trivial_move,4,2686931
9.480,flush_begin,0,0
9.494,flush_end,0,2686931
9.510,trivial_move,3,2686932
9.518,trivial_move,4,2686931
9.522,flush_begin,0,0
9.538,flush_end,0,2686931
9.555,trivial_move,3,2686930
9.563,trivial_move,4,2686931
9.567,flush_begin,0,0
9.582,flush_end,0,2686931
9.599,trivial_move,3,2686931
9.607,trivial_move,4,2686930
9.612,flush_begin,0,0
9.625,flush_end,0,2686930
9.641,trivial_move,3,2686931
9.649,trivial_move,4,2686932
9.654,flush_begin,0,0
9.669,flush_end,0,2686932
9.684,trivial_move,3,2686931
9.692,trivial_move,4,2686930
9.697,flush_begin,0,0
9.712,flush_end,0,2686930
9.729,trivial_move,3,2686931
9.737,trivial_move,4,2686932
9.742,flush_begin,0,0
9.757,flush_end,0,2686931
9.773,trivial_move,3,2686930
9.781,trivial_move,4,2686930
9.785,flush_begin,0,0
9.800,flush_end,0,2686931
9.816,trivial_move,3,2686930
9.824,trivial_move,4,2686931
9.829,flush_begin,0,0
9.845,flush_end,0,2686930
9.861,trivial_move,3,2686931
9.869,trivial_move,4,2686931
9.872,flush_begin,0,0
9.887,flush_end,0,2686932
9.903,trivial_move,3,2686931
9.911,trivial_move,4,2686930
9.916,flush_begin,0,0
9.930,flush_end,0,2686930
9.946,trivial_move,3,2686931
9.954,trivial_move,4,2686932
9.959,flush_begin,0,0
9.973,flush_end,0,2686932
9.988,trivial_move,3,2686931
9.996,trivial_move,4,2686930
10.000,flush_begin,0,0
10.014,flush_end,0,2686930
10.030,trivial_move,3,2686930
10.038,trivial_move,4,2686932
10.043,flush_begin,0,0
10.056,flush_end,0,2686931
10.072,trivial_move,3,2686933
10.080,trivial_move,4,2686931
10.085,flush_begin,0,0
10.098,flush_end,0,2686931
10.114,trivial_move,3,2686930
10.122,trivial_move,4,2686931
10.126,flush_begin,0,0
10.141,flush_end,0,2686931
10.157,trivial_move,3,2686932
10.165,trivial_move,4,2686931
10.169,flush_begin,0,0
10.182,flush_end,0,2686931
10.197,trivial_move,3,2686930
10.205,trivial_move,4,2686931
10.210,flush_begin,0,0
10.223,flush_end,0,2686930
10.238,trivial_move,3,2686931
10.245,trivial_move,4,2686930
10.250,flush_begin,0,0
10.262,flush_end,0,2686930
10.281,trivial_move,3,2686931
10.289,trivial_move,4,2686932
10.293,flush_begin,0,0
10.306,flush_end,0,2686931
10.322,trivial_move,3,2686930
10.330,trivial_move,4,2686930
10.334,flush_begin,0,0
10.347,flush_end,0,2686931
10.363,trivial_move,3,2686932
10.371,trivial_move,4,2686932
10.375,flush_begin,0,0
10.388,flush_end,0,2686931
10.403,trivial_move,3,2686930
10.411,trivial_move,4,2686930
10.415,flush_begin,0,0
10.429,flush_end,0,2686931
10.445,trivial_move,3,2686931
10.453,trivial_move,4,2686930
10.457,flush_begin,0,0
10.470,flush_end,0,2686930
10.486,trivial_move,3,2686931
10.494,trivial_move,4,2686932
10.499,flush_begin,0,0
10.512,flush_end,0,2686932
10.528,trivial_move,3,2686931
10.536,trivial_move,4,2686930
10.540,flush_begin,0,0
10.553,flush_end,0,2686930
10.568,trivial_move,3,2686931
10.576,trivial_move,4,2686932
10.581,flush_begin,0,0
10.594,flush_end,0,2686932
10.610,trivial_move,3,2686931
10.618,trivial_move,4,2686930
10.622,flush_begin,0,0
10.635,flush_end,0,2686930
10.651,trivial_move,3,2686930
10.659,trivial_move,4,2686931
10.663,flush_begin,0,0
10.676,flush_end,0,2686931
10.692,trivial_move,3,2686932
10.700,trivial_move,4,2686931
10.704,flush_begin,0,0
10.719,flush_end,0,2686931
10.733,trivial_move,3,2686930
10.740,trivial_move,4,2686931
10.744,flush_begin,0,0
10.758,flush_end,0,2686930
10.774,trivial_move,3,2686932
10.782,trivial_move,4,2686931
10.787,flush_begin,0,0
10.801,flush_end,0,2686932
10.816,trivial_move,3,2686930
10.824,trivial_move,4,2686931
10.828,flush_begin,0,0
10.842,flush_end,0,2686930
10.858,trivial_move,3,2686930
10.866,trivial_move,4,2686930
10.871,flush_begin,0,0
10.885,flush_end,0,2686931
10.900,trivial_move,3,2686932
10.908,trivial_move,4,2686933
10.912,flush_begin,0,0
10.924,flush_end,0,2686931
10.939,trivial_move,3,2686930
10.947,trivial_move,4,2686930
10.951,flush_begin,0,0
10.965,flush_end,0,2686931
10.979,trivial_move,3,2686933
10.987,trivial_move,4,2686931
10.991,flush_begin,0,0
11.003,flush_end,0,2686931
11.019,trivial_move,3,2686930
11.027,trivial_move,4,2686931
11.031,flush_begin,0,0
11.044,flush_end,0,2686931
11.060,trivial_move,3,2686931
11.068,trivial_move,4,2686930
11.072,flush_begin,0,0
11.088,flush_end,0,2686930
11.104,trivial_move,3,2686931
11.112,trivial_move,4,2686932
11.116,flush_begin,0,0
11.129,flush_end,0,2686933
11.145,trivial_move,3,2686931
11.153,trivial_move,4,2686930
11.158,flush_begin,0,0
11.171,flush_end,0,2686930
11.187,trivial_move,3,2686931
11.195,trivial_move,4,2686932
11.199,flush_begin,0,0
11.212,flush_end,0,2686932
11.228,trivial_move,3,2686931
11.236,trivial_move,4,2686930
11.240,flush_begin,0,0
11.253,flush_end,0,2686930
11.269,trivial_move,3,2686930
11.277,trivial_move,4,2686931
11.282,flush_begin,0,0
11.296,flush_end,0,2686930
11.312,trivial_move,3,2686932
11.320,trivial_move,4,2686931
11.325,flush_begin,0,0
11.339,flush_end,0,2686932
11.356,trivial_move,3,2686930
11.364,trivial_move,4,2686931
11.368,flush_begin,0,0
11.381,flush_end,0,2686930
11.398,trivial_move,3,2686931
11.406,trivial_move,4,2686931
11.410,flush_begin,0,0
11.423,flush_end,0,2686932
11.439,trivial_move,3,2686931
11.447,trivial_move,4,2686930
11.451,flush_begin,0,0
11.464,flush_end,0,2686930
11.480,trivial_move,3,2686930
11.488,trivial_move,4,2686930
11.492,flush_begin,0,0
11.505,flush_end,0,2686931
11.521,trivial_move,3,2686932
11.529,trivial_move,4,2686931
11.533,flush_begin,0,0
11.547,flush_end,0,2686931
11.563,trivial_move,3,2686930
11.571,trivial_move,4,2686931
11.575,flush_begin,0,0
11.588,flush_end,0,2686931
11.604,trivial_move,3,2686932
11.612,trivial_move,4,2686931
11.616,flush_begin,0,0
11.629,flush_end,0,2686931
11.645,trivial_move,3,2686930
11.653,trivial_move,4,2686931
11.656,flush_begin,0,0
11.670,flush_end,0,2686931
11.686,trivial_move,3,2686931
11.694,trivial_move,4,2686930
11.698,flush_begin,0,0
11.712,flush_end,0,2686930
11.729,trivial_move,3,2686931
11.737,trivial_move,4,2686932
11.740,flush_begin,0,0
11.753,flush_end,0,2686932
11.769,trivial_move,3,2686931
11.777,trivial_move,4,2686930
11.781,flush_begin,0,0
11.794,flush_end,0,2686930
11.810,trivial_move,3,2686931
11.818,trivial_move,4,2686933
11.822,flush_begin,0,0
11.835,flush_end,0,2686931
11.851,trivial_move,3,2686930
11.859,trivial_move,4,2686930
11.863,flush_begin,0,0
11.876,flush_end,0,2686931
11.892,trivial_move,3,2686930
11.900,trivial_move,4,2686931
11.905,flush_begin,0,0
11.918,flush_end,0,2686930
11.934,trivial_move,3,2686931
11.942,trivial_move,4,2686931
11.947,flush_begin,0,0
11.961,flush_end,0,2686932
11.977,trivial_move,3,2686931
11.985,trivial_move,4,2686930
11.990,flush_begin,0,0
12.003,flush_end,0,2686930
12.019,trivial_move,3,2686931
12.026,trivial_move,4,2686932
12.030,flush_begin,0,0
12.044,flush_end,0,2686933
12.060,trivial_move,3,2686931
12.068,trivial_move,4,2686930
12.072,flush_begin,0,0
12.086,flush_end,0,2686930
12.102,trivial_move,3,2686930
12.110,trivial_move,4,2686931
12.114,flush_begin,0,0
12.128,flush_end,0,2686931
12.144,trivial_move,3,2686932
12.152,trivial_move,4,2686931
12.157,flush_begin,0,0
12.172,flush_end,0,2686931
12.189,trivial_move,3,2686930
12.197,trivial_move,4,2686931
12.202,flush_begin,0,0
12.215,flush_end,0,2686931
12.231,trivial_move,3,2686932
12.239,trivial_move,4,2686931
12.244,flush_begin,0,0
12.259,flush_end,0,2686931
12.274,trivial_move,3,2686930
12.282,trivial_move,4,2686931
12.286,flush_begin,0,0
12.300,flush_end,0,2686930
12.316,trivial_move,3,2686931
12.324,trivial_move,4,2686930
12.329,flush_begin,0,0
12.342,flush_end,0,2686930
12.359,trivial_move,3,2686931
12.367,trivial_move,4,2686932
12.372,flush_begin,0,0
12.385,flush_end,0,2686931
12.401,trivial_move,3,2686930
12.409,trivial_move,4,2686930
12.413,flush_begin,0,0
12.427,flush_end,0,2686931
12.444,trivial_move,3,2686932
12.452,trivial_move,4,2686932
12.457,flush_begin,0,0
12.472,flush_end,0,2686931
12.489,trivial_move,3,2686930
12.497,trivial_move,4,2686930
12.503,flush_begin,0,0
12.517,flush_end,0,2686931
12.533,trivial_move,3,2686931
12.541,trivial_move,4,2686930
12.545,flush_begin,0,0
12.559,flush_end,0,2686930
12.576,trivial_move,3,2686931
12.584,trivial_move,4,2686932
12.589,flush_begin,0,0
12.603,flush_end,0,2686932
12.619,trivial_move,3,2686931
12.627,trivial_move,4,2686930
12.632,flush_begin,0,0
12.646,flush_end,0,2686930
12.662,trivial_move,3,2686931
12.670,trivial_move,4,2686932
12.675,flush_begin,0,0
12.690,flush_end,0,2686932
12.706,trivial_move,3,2686931
12.715,trivial_move,4,2686930
12.720,flush_begin,0,0
12.735,flush_end,0,2686930
12.752,trivial_move,3,2686930
12.760,trivial_move,4,2686932
12.765,flush_begin,0,0
12.781,flush_end,0,2686931
12.798,trivial_move,3,2686933
12.806,trivial_move,4,2686931
12.811,flush_begin,0,0
12.826,flush_end,0,2686931
12.842,trivial_move,3,2686930
12.850,trivial_move,4,2686931
12.855,flush_begin,0,0
12.872,flush_end,0,2686930
12.888,trivial_move,3,2686932
12.896,trivial_move,4,2686931
12.901,flush_begin,0,0
12.916,flush_end,0,2686932
12.933,trivial_move,3,2686930
12.941,trivial_move,4,2686931
12.946,flush_begin,0,0
12.961,flush_end,0,2686930
12.977,trivial_move,3,2686930
12.985,trivial_move,4,2686930
12.990,flush_begin,0,0
13.004,flush_end,0,2686932
13.020,trivial_move,3,2686932
13.028,trivial_move,4,2686932
13.033,flush_begin,0,0
13.048,flush_end,0,2686931
13.064,trivial_move,3,2686930
13.072,trivial_move,4,2686930
13.077,flush_begin,0,0
13.091,flush_end,0,2686931
13.107,trivial_move,3,2686932
13.115,trivial_move,4,2686931
13.120,flush_begin,0,0
13.134,flush_end,0,2686931
13.151,trivial_move,3,2686930
13.159,trivial_move,4,2686931
13.165,flush_begin,0,0
13.180,flush_end,0,2686931
13.196,trivial_move,3,2686931
13.204,trivial_move,4,2686930
13.209,flush_begin,0,0
13.223,flush_end,0,2686930
13.238,trivial_move,3,2686931
13.246,trivial_move,4,2686932
13.251,flush_begin,0,0
13.264,flush_end,0,2686932
13.280,trivial_move,3,2686931
13.288,trivial_move,4,2686930
13.292,flush_begin,0,0
13.307,flush_end,0,2686930
13.323,trivial_move,3,2686931
13.331,trivial_move,4,2686932
13.335,flush_begin,0,0
13.349,flush_end,0,2686932
13.366,trivial_move,3,2686931
13.374,trivial_move,4,2686930
13.379,flush_begin,0,0
13.393,flush_end,0,2686930
13.410,trivial_move,3,2686930
13.418,trivial_move,4,2686931
13.422,flush_begin,0,0
13.436,flush_end,0,2686930
13.456,trivial_move,3,2686932
13.466,trivial_move,4,2686931
13.470,flush_begin,0,0
13.483,flush_end,0,2686932
13.499,trivial_move,3,2686930
13.507,trivial_move,4,2686931
13.512,flush_begin,0,0
13.525,flush_end,0,2686930
13.541,trivial_move,3,2686931
13.549,trivial_move,4,2686931
13.554,flush_begin,0,0
13.568,flush_end,0,2686932
13.585,trivial_move,3,2686931
13.593,trivial_move,4,2686930
13.597,flush_begin,0,0
13.612,flush_end,0,2686930
13.629,trivial_move,3,2686930
13.637,trivial_move,4,2686930
13.642,flush_begin,0,0
13.656,flush_end,0,2686931
13.673,trivial_move,3,2686932
13.681,trivial_move,4,2686931
13.685,flush_begin,0,0
13.699,flush_end,0,2686931
13.716,trivial_move,3,2686930
13.724,trivial_move,4,2686933
13.729,flush_begin,0,0
13.743,flush_end,0,2686931
13.760,trivial_move,3,2686933
13.768,trivial_move,4,2686931
13.772,flush_begin,0,0
13.785,flush_end,0,2686931
13.802,trivial_move,3,2686930
13.810,trivial_move,4,2686931
13.815,flush_begin,0,0
13.828,flush_end,0,2686931
13.844,trivial_move,3,2686931
13.852,trivial_move,4,2686930
13.856,flush_begin,0,0
13.871,flush_end,0,2686930
13.887,trivial_move,3,2686931
13.895,trivial_move,4,2686932
13.898,flush_begin,0,0
13.912,flush_end,0,2570063
13.928,trivial_move,3,2686931
13.936,trivial_move,4,2686930
13.936,compaction_begin,2,0
13.975,compaction_end,2,5374078
13.992,trivial_move,4,2686932
13.992,compaction_begin,2,0
14.022,compaction_end,2,5374077
14.039,trivial_move,4,2686930
14.039,compaction_begin,2,0
14.072,compaction_end,2,5374079
14.090,trivial_move,4,2686931
14.090,compaction_begin,2,0
14.116,compaction_end,2,5374079
14.132,trivial_move,4,2686931
14.132,compaction_begin,2,0
14.157,compaction_end,2,5374079
14.173,trivial_move,4,2686930
14.173,compaction_begin,2,0
14.197,compaction_end,2,5374079
14.214,trivial_move,4,2686932
14.214,compaction_begin,2,0
14.239,compaction_end,2,5374078
14.256,trivial_move,4,2686930
14.256,compaction_begin,2,0
14.281,compaction_end,2,5374079
14.297,trivial_move,4,2686931
14.297,compaction_begin,2,0
14.322,compaction_end,2,5374080
14.338,trivial_move,4,2686931
14.338,compaction_begin,2,0
14.361,compaction_end,2,5374079
14.378,trivial_move,4,2686931
14.378,compaction_begin,2,0
14.402,compaction_end,2,5374079
14.418,trivial_move,4,2686931
14.418,compaction_begin,2,0
14.443,compaction_end,2,5374078
14.459,trivial_move,4,2686931
14.459,compaction_begin,2,0
14.484,compaction_end,2,5374079
14.500,trivial_move,4,2686930
14.500,compaction_begin,2,0
14.524,compaction_end,2,5374078
14.540,trivial_move,4,2686932
14.540,compaction_begin,2,0
14.565,compaction_end,2,5374079
14.581,trivial_move,4,2686930
14.581,compaction_begin,2,0
14.606,compaction_end,2,5374079
14.623,trivial_move,4,2686933
14.623,compaction_begin,2,0
14.648,compaction_end,2,5374078
14.665,trivial_move,4,2686930
14.665,compaction_begin,2,0
14.690,compaction_end,2,5374079
14.706,trivial_move,4,2686930
14.706,compaction_begin,2,0
14.731,compaction_end,2,5374079
14.748,trivial_move,4,2686932
14.748,compaction_begin,2,0
14.761,compaction_end,2,2570063
14.777,trivial_move,4,2686930
14.785,trivial_move,4,2686932
14.785,compaction_begin,3,0
14.874,compaction_end,3,5374079
14.890,trivial_move,4,2686931
14.890,compaction_begin,3,0
14.912,compaction_end,3,5374079
14.928,trivial_move,4,2686931
14.928,compaction_begin,3,0
14.950,compaction_end,3,5374077
14.966,trivial_move,4,2686930
14.966,compaction_begin,3,0
14.988,compaction_end,3,5374079
15.004,trivial_move,4,2686930
15.004,compaction_begin,3,0
15.088,compaction_end,3,5374079
15.104,trivial_move,4,2686932
15.104,compaction_begin,3,0
15.126,compaction_end,3,5374080
15.142,trivial_move,4,2686931
15.142,compaction_begin,3,0
15.164,compaction_end,3,5374079
15.173,compaction_begin,3,0
15.194,compaction_end,3,5374079
15.203,compaction_begin,3,0
15.225,compaction_end,3,5374079
15.234,compaction_begin,3,0
15.255,compaction_end,3,5374079
15.264,compaction_begin,3,0
15.286,compaction_end,3,5374078
15.295,compaction_begin,3,0
15.316,compaction_end,3,5374079
15.325,compaction_begin,3,0
15.347,compaction_end,3,5374079
15.355,compaction_begin,3,0
15.379,compaction_end,3,5374078
15.388,compaction_begin,3,0
15.409,compaction_end,3,5374079
15.417,compaction_begin,3,0
15.440,compaction_end,3,5374078
15.449,compaction_begin,3,0
15.471,compaction_end,3,5374080
15.480,compaction_begin,3,0
15.501,compaction_end,3,5374079
15.510,compaction_begin,3,0
15.531,compaction_end,3,5374079
15.540,compaction_begin,3,0
15.562,compaction_end,3,5374079
15.571,compaction_begin,3,0
15.593,compaction_end,3,5374078
15.602,compaction_begin,3,0
15.624,compaction_end,3,5374079
15.633,compaction_begin,3,0
15.655,compaction_end,3,5374079
15.664,compaction_begin,3,0
15.685,compaction_end,3,5374079
15.694,compaction_begin,3,0
15.717,compaction_end,3,5374079
15.726,compaction_begin,3,0
15.748,compaction_end,3,5374077
15.757,compaction_begin,3,0
15.784,compaction_end,3,5374078
15.793,compaction_begin,3,0
15.822,compaction_end,3,5374080
15.831,compaction_begin,3,0
15.856,compaction_end,3,5374079
15.866,compaction_begin,3,0
15.891,compaction_end,3,5374079
15.901,compaction_begin,3,0
15.927,compaction_end,3,5374078
15.936,compaction_begin,3,0
15.960,compaction_end,3,5374079
15.969,compaction_begin,3,0
15.992,compaction_end,3,5374079
16.001,compaction_begin,3,0
16.023,compaction_end,3,5374079
16.033,compaction_begin,3,0
16.108,compaction_end,3,5374079
16.117,compaction_begin,3,0
16.139,compaction_end,3,5374078
16.148,compaction_begin,3,0
16.170,compaction_end,3,5374079
16.178,compaction_begin,3,0
16.200,compaction_end,3,5374080
16.209,compaction_begin,3,0
16.232,compaction_end,3,5374078
16.241,compaction_begin,3,0
16.263,compaction_end,3,5374079
16.272,compaction_begin,3,0
16.294,compaction_end,3,5374078
16.303,compaction_begin,3,0
16.325,compaction_end,3,5374079
16.334,compaction_begin,3,0
16.357,compaction_end,3,5374079
16.366,compaction_begin,3,0
16.387,compaction_end,3,5374079
16.395,compaction_begin,3,0
16.418,compaction_end,3,5374079
16.427,compaction_begin,3,0
16.449,compaction_end,3,5374078
16.458,compaction_begin,3,0
16.482,compaction_end,3,5374079
16.491,compaction_begin,3,0
16.513,compaction_end,3,5374079
16.522,compaction_begin,3,0
16.545,compaction_end,3,5374080
16.554,compaction_begin,3,0
16.577,compaction_end,3,5374079
16.586,compaction_begin,3,0
16.609,compaction_end,3,5374077
16.617,compaction_begin,3,0
16.641,compaction_end,3,5374078
16.650,compaction_begin,3,0
16.672,compaction_end,3,5374079
16.680,compaction_begin,3,0
16.705,compaction_end,3,5374079
16.714,compaction_begin,3,0
16.738,compaction_end,3,5374079
16.746,compaction_begin,3,0
16.769,compaction_end,3,5374078
16.777,compaction_begin,3,0
16.800,compaction_end,3,5374079
16.808,compaction_begin,3,0
16.831,compaction_end,3,5374079
16.840,compaction_begin,3,0
16.862,compaction_end,3,5374079
16.871,compaction_begin,3,0
16.893,compaction_end,3,5374080
16.902,compaction_begin,3,0
16.924,compaction_end,3,5374078
16.932,compaction_begin,3,0
16.955,compaction_end,3,5374079
16.964,compaction_begin,3,0
16.986,compaction_end,3,5374079
16.994,compaction_begin,3,0
17.017,compaction_end,3,5374078
17.026,compaction_begin,3,0
17.091,compaction_end,3,5374079
17.100,compaction_begin,3,0
17.122,compaction_end,3,5374078
17.131,compaction_begin,3,0
17.153,compaction_end,3,5374079
17.162,compaction_begin,3,0
17.184,compaction_end,3,5374079
17.193,compaction_begin,3,0
17.215,compaction_end,3,5374079
17.224,compaction_begin,3,0
17.245,compaction_end,3,5374079
17.254,compaction_begin,3,0
17.277,compaction_end,3,5374079
17.286,compaction_begin,3,0
17.308,compaction_end,3,5374079
17.317,compaction_begin,3,0
17.340,compaction_end,3,5374079
17.349,compaction_begin,3,0
17.373,compaction_end,3,5374079
17.382,compaction_begin,3,0
17.406,compaction_end,3,5374079
17.415,compaction_begin,3,0
17.438,compaction_end,3,5374077
17.446,compaction_begin,3,0
17.469,compaction_end,3,5374078
17.478,compaction_begin,3,0
17.500,compaction_end,3,5374079
17.509,compaction_begin,3,0
17.531,compaction_end,3,5374079
17.540,compaction_begin,3,0
17.563,compaction_end,3,5374079
17.572,compaction_begin,3,0
17.595,compaction_end,3,5374078
17.604,compaction_begin,3,0
17.626,compaction_end,3,5374080
17.635,compaction_begin,3,0
17.657,compaction_end,3,5374079
17.666,compaction_begin,3,0
17.688,compaction_end,3,5374079
17.697,compaction_begin,3,0
17.720,compaction_end,3,5374079
17.729,compaction_begin,3,0
17.752,compaction_end,3,5374078
17.761,compaction_begin,3,0
17.783,compaction_end,3,5374079
17.792,compaction_begin,3,0
17.813,compaction_end,3,5374079
17.822,compaction_begin,3,0
17.844,compaction_end,3,5374078
17.853,compaction_begin,3,0
17.876,compaction_end,3,5374079
17.885,compaction_begin,3,0
17.908,compaction_end,3,5374078
17.917,compaction_begin,3,0
17.942,compaction_end,3,5374079
17.951,compaction_begin,3,0
17.974,compaction_end,3,5374081
17.983,compaction_begin,3,0
18.006,compaction_end,3,5374079
18.015,compaction_begin,3,0
18.071,compaction_end,3,5374079
18.080,compaction_begin,3,0
18.101,compaction_end,3,5374078
18.110,compaction_begin,3,0
18.132,compaction_end,3,5374079
18.141,compaction_begin,3,0
18.163,compaction_end,3,5374079
18.172,compaction_begin,3,0
18.195,compaction_end,3,5374079
18.204,compaction_begin,3,0
18.227,compaction_end,3,5374079
18.236,compaction_begin,3,0
18.259,compaction_end,3,5374077
18.268,compaction_begin,3,0
18.292,compaction_end,3,5374078
18.301,compaction_begin,3,0
18.324,compaction_end,3,5374079
18.333,compaction_begin,3,0
18.356,compaction_end,3,5374080
18.365,compaction_begin,3,0
18.388,compaction_end,3,5374079
18.397,compaction_begin,3,0
18.419,compaction_end,3,5374078
18.428,compaction_begin,3,0
18.450,compaction_end,3,5374079
18.459,compaction_begin,3,0
18.481,compaction_end,3,5374079
18.490,compaction_begin,3,0
18.512,compaction_end,3,5374079
18.521,compaction_begin,3,0
18.543,compaction_end,3,5374079
18.552,compaction_begin,3,0
18.575,compaction_end,3,5374078
18.584,compaction_begin,3,0
18.606,compaction_end,3,5374079
18.615,compaction_begin,3,0
18.637,compaction_end,3,5374079
18.646,compaction_begin,3,0
18.668,compaction_end,3,5374078
18.677,compaction_begin,3,0
18.699,compaction_end,3,5374080
18.708,compaction_begin,3,0
18.731,compaction_end,3,5374078
18.740,compaction_begin,3,0
18.763,compaction_end,3,5374079
18.772,compaction_begin,3,0
18.795,compaction_end,3,5374079
18.804,compaction_begin,3,0
18.826,compaction_end,3,5374079
18.835,compaction_begin,3,0
18.858,compaction_end,3,5374079
18.867,compaction_begin,3,0
18.889,compaction_end,3,5374078
18.898,compaction_begin,3,0
18.920,compaction_end,3,5374079
18.929,compaction_begin,3,0
18.953,compaction_end,3,5374079
18.962,compaction_begin,3,0
18.985,compaction_end,3,5374079
18.994,compaction_begin,3,0
19.017,compaction_end,3,5374080
19.025,compaction_begin,3,0
19.071,compaction_end,3,5374077
19.080,compaction_begin,3,0
19.102,compaction_end,3,5374078
19.111,compaction_begin,3,0
19.133,compaction_end,3,5374079
19.142,compaction_begin,3,0
19.164,compaction_end,3,5374079
19.173,compaction_begin,3,0
19.195,compaction_end,3,5374079
19.204,compaction_begin,3,0
19.226,compaction_end,3,5374078
19.235,compaction_begin,3,0
19.257,compaction_end,3,5374079
19.266,compaction_begin,3,0
19.288,compaction_end,3,5374079
19.297,compaction_begin,3,0
19.318,compaction_end,3,5374079
19.327,compaction_begin,3,0
19.349,compaction_end,3,5374079
19.358,compaction_begin,3,0
19.380,compaction_end,3,5374079
19.389,compaction_begin,3,0
19.410,compaction_end,3,5374079
19.419,compaction_begin,3,0
19.441,compaction_end,3,5374079
19.450,compaction_begin,3,0
19.473,compaction_end,3,5374078
19.482,compaction_begin,3,0
19.504,compaction_end,3,5374079
19.513,compaction_begin,3,0
19.535,compaction_end,3,5374078
19.544,compaction_begin,3,0
19.566,compaction_end,3,5374079
19.575,compaction_begin,3,0
19.597,compaction_end,3,5374079
19.606,compaction_begin,3,0
19.628,compaction_end,3,5374079
19.636,compaction_begin,3,0
19.658,compaction_end,3,5374079
19.667,compaction_begin,3,0
19.688,compaction_end,3,5374078
19.697,compaction_begin,3,0
19.719,compaction_end,3,5374080
19.727,compaction_begin,3,0
19.748,compaction_end,3,5374079
19.757,compaction_begin,3,0
19.779,compaction_end,3,5374079
19.788,compaction_begin,3,0
19.810,compaction_end,3,5374079
19.819,compaction_begin,3,0
19.841,compaction_end,3,5374077
19.849,compaction_begin,3,0
19.871,compaction_end,3,5374078
19.880,compaction_begin,3,0
19.902,compaction_end,3,5374079
19.911,compaction_begin,3,0
19.933,compaction_end,3,5374079
19.942,compaction_begin,3,0
19.965,compaction_end,3,5374079
19.974,compaction_begin,3,0
19.997,compaction_end,3,5374078
20.006,compaction_begin,3,0
20.044,compaction_end,3,5374079
20.053,compaction_begin,3,0
20.075,compaction_end,3,5374080
20.084,compaction_begin,3,0
20.106,compaction_end,3,5374079
20.115,compaction_begin,3,0
20.137,compaction_end,3,5374079
20.146,compaction_begin,3,0
20.168,compaction_end,3,5374078
20.177,compaction_begin,3,0
20.200,compaction_end,3,5374079
20.209,compaction_begin,3,0
20.231,compaction_end,3,5374079
20.240,compaction_begin,3,0
20.261,compaction_end,3,5374078
20.270,compaction_begin,3,0
20.292,compaction_end,3,5374079
20.301,compaction_begin,3,0
20.323,compaction_end,3,5374078
20.332,compaction_begin,3,0
20.355,compaction_end,3,5374079
20.364,compaction_begin,3,0
20.385,compaction_end,3,5374079
20.394,compaction_begin,3,0
20.416,compaction_end,3,5374080
20.425,compaction_begin,3,0
20.447,compaction_end,3,5374079
20.455,compaction_begin,3,0
20.477,compaction_end,3,5374078
20.486,compaction_begin,3,0
20.508,compaction_end,3,5374079
20.517,compaction_begin,3,0
20.539,compaction_end,3,5374079
20.548,compaction_begin,3,0
20.570,compaction_end,3,5374079
20.579,compaction_begin,3,0
20.602,compaction_end,3,5374079
20.611,compaction_begin,3,0
20.634,compaction_end,3,5374077
20.643,compaction_begin,3,0
20.666,compaction_end,3,5374078
20.675,compaction_begin,3,0
20.699,compaction_end,3,5374079
20.708,compaction_begin,3,0
20.731,compaction_end,3,5374079
20.740,compaction_begin,3,0
20.764,compaction_end,3,5374080
20.773,compaction_begin,3,0
20.796,compaction_end,3,5374078
20.805,compaction_begin,3,0
20.832,compaction_end,3,7023641
20.841,compaction_begin,3,0
20.864,compaction_end,3,5374083
20.873,compaction_begin,3,0
20.896,compaction_end,3,5374083
20.905,compaction_begin,3,0
20.926,compaction_end,3,5374083
20.935,compaction_begin,3,0
20.956,compaction_end,3,5374084
20.966,compaction_begin,3,0
20.988,compaction_end,3,5374083
20.997,compaction_begin,3,0
21.019,compaction_end,3,5374082
21.027,compaction_begin,3,0
21.054,compaction_end,3,5374083
21.063,compaction_begin,3,0
21.085,compaction_end,3,5374084
21.094,compaction_begin,3,0
21.117,compaction_end,3,5374084
21.126,compaction_begin,3,0
21.148,compaction_end,3,5374083
21.157,compaction_begin,3,0
21.178,compaction_end,3,5374082
21.187,compaction_begin,3,0
21.209,compaction_end,3,5374083
21.219,compaction_begin,3,0
21.240,compaction_end,3,5374083
21.249,compaction_begin,3,0
21.271,compaction_end,3,5374084
21.280,compaction_begin,3,0
21.302,compaction_end,3,5374082
21.311,compaction_begin,3,0
21.333,compaction_end,3,5374083
21.342,compaction_begin,3,0
21.364,compaction_end,3,5374083
21.373,compaction_begin,3,0
21.397,compaction_end,3,5374083
21.406,compaction_begin,3,0
21.419,compaction_end,3,3607587
26.891,flush_begin,0,0
27.006,flush_end,0,2744259
27.016,compaction_begin,2,0
27.415,compaction_end,2,2672972
27.427,compaction_begin,3,0
27.749,compaction_end,3,42992648
27.762,compaction_begin,3,0
28.105,compaction_end,3,42992649
28.117,compaction_begin,3,0
28.285,compaction_end,3,42992647
28.295,compaction_begin,3,0
28.675,compaction_end,3,42992648
28.687,compaction_begin,3,0
28.965,compaction_end,3,42992648
28.976,compaction_begin,3,0
29.144,compaction_end,3,42992653
29.154,compaction_begin,3,0
29.795,compaction_end,3,42992650
29.806,compaction_begin,3,0
30.041,compaction_end,3,42992653
30.052,compaction_begin,3,0
30.217,compaction_end,3,42992653
30.227,compaction_begin,3,0
30.396,compaction_end,3,42992653
30.407,compaction_begin,3,0
30.574,compaction_end,3,41955151
30.585,compaction_begin,3,0
31.528,compaction_end,3,42992650
31.539,compaction_begin,3,0
32.275,compaction_end,3,42992648
32.288,compaction_begin,3,0
32.307,flush_begin,0,0
32.367,flush_end,0,2744930
32.516,compaction_end,3,42992655
32.526,compaction_begin,2,0
33.062,compaction_end,2,2970476
33.076,compaction_begin,3,0
33.275,compaction_end,3,42992648
33.286,compaction_begin,3,0
33.457,compaction_end,3,42992649
33.468,compaction_begin,3,0
33.763,compaction_end,3,42992648
33.775,compaction_begin,3,0
33.942,compaction_end,3,42992653
33.952,compaction_begin,3,0
34.189,compaction_end,3,45679537
34.201,compaction_begin,3,0
34.366,compaction_end,3,42992654
34.376,compaction_begin,3,0
34.617,compaction_end,3,42992650
34.628,compaction_begin,3,0
34.937,compaction_end,3,42992648
34.950,compaction_begin,3,0
35.691,compaction_end,3,42992647
35.701,compaction_begin,3,0
35.917,compaction_end,3,42992655
35.927,compaction_begin,3,0
36.117,compaction_end,3,41955150
36.128,compaction_begin,3,0
36.290,compaction_end,3,42992652
36.301,compaction_begin,3,0
37.052,compaction_end,3,42992652
37.062,compaction_begin,3,0
37.752,flush_begin,0,0
37.878,flush_end,0,2745068
38.115,compaction_end,3,42992648
38.127,compaction_begin,2,0
38.556,compaction_end,2,3202044
38.570,compaction_begin,3,0
38.893,compaction_end,3,42992648
38.906,compaction_begin,3,0
39.081,compaction_end,3,42992649
39.092,compaction_begin,3,0
39.345,compaction_end,3,42992650
39.356,compaction_begin,3,0
39.529,compaction_end,3,42992648
39.540,compaction_begin,3,0
39.757,compaction_end,3,42992652
39.768,compaction_begin,3,0
39.929,compaction_end,3,42992653
39.940,compaction_begin,3,0
40.106,compaction_end,3,42992654
40.117,compaction_begin,3,0
40.328,compaction_end,3,42992652
40.339,compaction_begin,3,0
40.513,compaction_end,3,42992647
40.523,compaction_begin,3,0
40.846,compaction_end,3,45305110
40.857,compaction_begin,3,0
41.036,compaction_end,3,43367081
41.047,compaction_begin,3,0
41.213,compaction_end,3,42992653
41.224,compaction_begin,3,0
41.387,compaction_end,3,42992653
41.397,compaction_begin,3,0
41.563,compaction_end,3,42992653
41.574,compaction_begin,3,0
41.763,compaction_end,3,42992653
41.773,compaction_begin,3,0
42.016,compaction_end,3,42992647
42.026,compaction_begin,3,0
42.879,compaction_end,3,42992648
42.889,compaction_begin,3,0
43.079,compaction_end,3,42992652
43.092,compaction_begin,3,0
43.308,flush_begin,0,0
43.326,flush_end,0,2744516
44.057,compaction_end,3,42992648
44.067,compaction_begin,2,0
44.602,compaction_end,2,3323571
44.616,compaction_begin,3,0
44.946,compaction_end,3,42992648
44.958,compaction_begin,3,0
45.121,compaction_end,3,42992648
45.132,compaction_begin,3,0
45.312,compaction_end,3,44930722
45.323,compaction_begin,3,0
45.499,compaction_end,3,43367078
45.510,compaction_begin,3,0
45.744,compaction_end,3,42992653
45.755,compaction_begin,3,0
45.931,compaction_end,3,42992654
45.941,compaction_begin,3,0
46.101,compaction_end,3,42992652
46.112,compaction_begin,3,0
46.424,compaction_end,3,42992650
46.435,compaction_begin,3,0
46.750,compaction_end,3,43367081
46.762,compaction_begin,3,0
46.924,compaction_end,3,42992655
46.933,compaction_begin,3,0
47.185,compaction_end,3,42992648
47.197,compaction_begin,3,0
47.362,compaction_end,3,42992654
47.372,compaction_begin,3,0
47.536,compaction_end,3,42992653
47.547,compaction_begin,3,0
47.749,compaction_end,3,42992653
47.759,compaction_begin,3,0
47.998,compaction_end,3,42992647
48.008,compaction_begin,3,0
48.174,compaction_end,3,42992652
48.184,compaction_begin,3,0
48.348,compaction_end,3,42992647
48.359,compaction_begin,3,0
48.480,compaction_end,3,31515311
48.490,compaction_begin,3,0
48.713,flush_begin,0,0
48.743,flush_end,0,2744795
49.465,compaction_end,3,42992651
49.475,compaction_begin,2,0
50.011,compaction_end,2,3463645
50.026,compaction_begin,3,0
50.229,compaction_end,3,44556330
50.241,compaction_begin,3,0
50.415,compaction_end,3,43367082
50.426,compaction_begin,3,0
50.590,compaction_end,3,42992648
50.601,compaction_begin,3,0
50.914,compaction_end,3,43367081
50.925,compaction_begin,3,0
51.629,compaction_end,3,42992653
51.639,compaction_begin,3,0
51.843,compaction_end,3,42992654
51.853,compaction_begin,3,0
52.128,compaction_end,3,43367078
52.140,compaction_begin,3,0
52.303,compaction_end,3,42992653
52.311,compaction_begin,3,0
52.572,compaction_end,3,42992648
52.582,compaction_begin,3,0
52.784,compaction_end,3,42992653
52.795,compaction_begin,3,0
53.700,compaction_end,3,42992648
53.711,compaction_begin,3,0
54.146,flush_begin,0,0
54.386,flush_end,0,2744873
54.441,compaction_end,3,42992650
54.451,compaction_begin,2,0
55.098,compaction_end,2,3658500
55.113,compaction_begin,3,0
55.311,compaction_end,3,43367080
55.323,compaction_begin,3,0
55.497,compaction_end,3,43367078
55.508,compaction_begin,3,0
55.873,compaction_end,3,44181990
55.884,compaction_begin,3,0
56.061,compaction_end,3,43367082
56.072,compaction_begin,3,0
56.235,compaction_end,3,42992653
56.245,compaction_begin,3,0
56.429,compaction_end,3,43367081
56.441,compaction_begin,3,0
56.749,compaction_end,3,42992652
56.760,compaction_begin,3,0
57.036,compaction_end,3,42992648
57.046,compaction_begin,3,0
57.203,compaction_end,3,42992652
57.213,compaction_begin,3,0
57.375,compaction_end,3,42992653
57.386,compaction_begin,3,0
57.618,compaction_end,3,42992648
57.628,compaction_begin,3,0
57.895,compaction_end,3,42992653
57.906,compaction_begin,3,0
58.075,compaction_end,3,42992653
58.085,compaction_begin,3,0
58.296,compaction_end,3,42992647
58.306,compaction_begin,3,0
58.467,compaction_end,3,42992653
58.477,compaction_begin,3,0
58.801,compaction_end,3,42992648
58.811,compaction_begin,3,0
59.134,compaction_end,3,42992650
59.144,compaction_begin,3,0
59.308,compaction_end,3,42992652
59.318,compaction_begin,3,0
59.489,compaction_end,3,42992653
59.499,compaction_begin,3,0
59.796,flush_begin,0,0
60.034,flush_end,0,2744958
60.201,compaction_end,3,42992651
60.211,compaction_begin,2,0
60.569,compaction_end,2,3758190
60.583,compaction_begin,3,0
60.966,compaction_end,3,43367080
60.978,compaction_begin,3,0
61.146,compaction_end,3,43367079
61.158,compaction_begin,3,0
61.335,compaction_end,3,43367082
61.346,compaction_begin,3,0
61.533,compaction_end,3,43367081
61.544,compaction_begin,3,0
61.764,compaction_end,3,42992653
61.772,compaction_begin,3,0
62.094,compaction_end,3,43367078
62.107,compaction_begin,3,0
62.408,compaction_end,3,42992648
62.419,compaction_begin,3,0
62.578,compaction_end,3,42992647
62.588,compaction_begin,3,0
62.845,compaction_end,3,42992653
62.855,compaction_begin,3,0
63.179,compaction_end,3,42992648
63.189,compaction_begin,3,0
63.358,compaction_end,3,42992654
63.368,compaction_begin,3,0
63.532,compaction_end,3,42992647
63.542,compaction_begin,3,0
64.001,compaction_end,3,42992651
64.012,compaction_begin,3,0
64.134,compaction_end,3,31515311
64.144,compaction_begin,3,0
64.524,compaction_end,3,44642301
64.536,compaction_begin,3,0
65.020,flush_begin,0,0
65.254,flush_end,0,2744772
65.268,compaction_end,3,42992648
65.278,compaction_begin,2,0
65.632,compaction_end,2,3894400
65.648,compaction_begin,3,0
66.033,compaction_end,3,43367080
66.045,compaction_begin,3,0
66.218,compaction_end,3,43367082
66.226,compaction_begin,3,0
66.409,compaction_end,3,43367078
66.425,compaction_begin,3,0
66.593,compaction_end,3,43367079
66.604,compaction_begin,3,0
66.868,compaction_end,3,42992653
66.878,compaction_begin,3,0
67.051,compaction_end,3,42992653
67.063,compaction_begin,3,0
67.354,compaction_end,3,43367081
67.362,compaction_begin,3,0
67.532,compaction_end,3,42992653
67.545,compaction_begin,3,0
68.021,compaction_end,3,42992650
68.031,compaction_begin,3,0
68.195,compaction_end,3,42992654
68.205,compaction_begin,3,0
68.400,compaction_end,3,42992648
68.410,compaction_begin,3,0
68.581,compaction_end,3,42992648
68.591,compaction_begin,3,0
68.835,compaction_end,3,42992653
68.845,compaction_begin,3,0
69.057,compaction_end,3,42992652
69.068,compaction_begin,3,0
69.242,compaction_end,3,44267905
69.252,compaction_begin,3,0
69.446,compaction_end,3,42992652
69.456,compaction_begin,3,0
69.677,compaction_end,3,42992653
69.687,compaction_begin,3,0
69.851,compaction_end,3,43367083
69.862,compaction_begin,3,0
70.055,compaction_end,3,42992652
70.065,compaction_begin,3,0
70.410,compaction_end,3,42992648
70.420,compaction_begin,3,0
70.487,flush_begin,0,0
70.725,flush_end,0,2744994
70.828,compaction_end,3,42992653
70.838,compaction_begin,2,0
71.484,compaction_end,2,3974970
71.498,compaction_begin,3,0
71.881,compaction_end,3,43367080
71.894,compaction_begin,3,0
72.068,compaction_end,3,43367082
72.080,compaction_begin,3,0
72.246,compaction_end,3,43367079
72.257,compaction_begin,3,0
72.443,compaction_end,3,43367081
72.454,compaction_begin,3,0
72.711,compaction_end,3,42992653
72.721,compaction_begin,3,0
73.007,compaction_end,3,43367078
73.018,compaction_begin,3,0
73.316,compaction_end,3,42992648
73.327,compaction_begin,3,0
73.491,compaction_end,3,42992653
73.501,compaction_begin,3,0
73.959,compaction_end,3,42992651
73.969,compaction_begin,3,0
74.134,compaction_end,3,42992652
74.144,compaction_begin,3,0
74.332,compaction_end,3,42992650
74.342,compaction_begin,3,0
74.525,compaction_end,3,42992648
74.535,compaction_begin,3,0
74.663,compaction_end,3,32415986
74.673,compaction_begin,3,0
74.956,compaction_end,3,42992652
74.967,compaction_begin,3,0
75.141,compaction_end,3,42992653
75.152,compaction_begin,3,0
75.312,compaction_end,3,42992655
75.322,compaction_begin,3,0
75.486,compaction_end,3,42992653
75.496,compaction_begin,3,0
75.926,flush_begin,0,0
76.166,flush_end,0,2744701
76.736,compaction_end,3,42992650
76.746,compaction_begin,2,0
77.407,compaction_end,2,4174940
77.422,compaction_begin,3,0
77.615,compaction_end,3,43367080
77.627,compaction_begin,3,0
78.002,compaction_end,3,43367078
78.013,compaction_begin,3,0
78.186,compaction_end,3,43367082
78.198,compaction_begin,3,0
78.365,compaction_end,3,43367079
78.377,compaction_begin,3,0
78.541,compaction_end,3,42992648
78.551,compaction_begin,3,0
78.762,compaction_end,3,42992654
78.772,compaction_begin,3,0
78.981,compaction_end,3,42992653
78.992,compaction_begin,3,0
79.207,compaction_end,3,42992647
79.218,compaction_begin,3,0
79.559,compaction_end,3,42992650
79.570,compaction_begin,3,0
80.056,compaction_end,3,42992648
80.066,compaction_begin,3,0
80.245,compaction_end,3,42992648
80.255,compaction_begin,3,0
80.432,compaction_end,3,43367081
80.443,compaction_begin,3,0
80.707,compaction_end,3,42992653
80.717,compaction_begin,3,0
81.081,compaction_end,3,42992651
81.091,compaction_begin,3,0
81.371,flush_begin,0,0
81.610,flush_end,0,2744972
82.115,compaction_end,3,45679539
82.126,compaction_begin,2,0
82.783,compaction_end,2,4295415
82.798,compaction_begin,3,0
83.197,compaction_end,3,43367080
83.209,compaction_begin,3,0
83.394,compaction_end,3,43367082
83.404,compaction_begin,3,0
83.599,compaction_end,3,43367078
83.613,compaction_begin,3,0
83.984,compaction_end,3,43367079
83.995,compaction_begin,3,0
84.192,compaction_end,3,43367081
84.203,compaction_begin,3,0
84.366,compaction_end,3,42992653
84.378,compaction_begin,3,0
84.505,compaction_end,3,32415986
84.515,compaction_begin,3,0
84.838,compaction_end,3,42992648
84.849,compaction_begin,3,0
85.176,compaction_end,3,42992650
85.187,compaction_begin,3,0
85.357,compaction_end,3,43367082
85.368,compaction_begin,3,0
85.533,compaction_end,3,42992647
85.544,compaction_begin,3,0
85.976,compaction_end,3,42992648
85.986,compaction_begin,3,0
86.218,compaction_end,3,42992648
86.229,compaction_begin,3,0
86.793,flush_begin,0,0
87.034,flush_end,0,2744905
87.217,compaction_end,3,42992653
87.228,compaction_begin,2,0
87.886,compaction_end,2,4534968
87.901,compaction_begin,3,0
88.302,compaction_end,3,43367080
88.315,compaction_begin,3,0
88.490,compaction_end,3,43367079
88.502,compaction_begin,3,0
88.722,compaction_end,3,42992654
88.733,compaction_begin,3,0
89.072,compaction_end,3,43367082
89.083,compaction_begin,3,0
89.397,compaction_end,3,42992648
89.407,compaction_begin,3,0
89.585,compaction_end,3,43367078
89.596,compaction_begin,3,0
89.900,compaction_end,3,43367082
89.911,compaction_begin,3,0
90.077,compaction_end,3,42992653
90.087,compaction_begin,3,0
90.252,compaction_end,3,43367083
90.263,compaction_begin,3,0
90.517,compaction_end,3,43367081
90.529,compaction_begin,3,0
90.778,compaction_end,3,42992653
90.788,compaction_begin,3,0
91.134,compaction_end,3,42992648
91.145,compaction_begin,3,0
91.308,compaction_end,3,42992652
91.319,compaction_begin,3,0
91.539,compaction_end,3,42992650
91.548,compaction_begin,3,0
91.771,compaction_end,3,42992653
91.783,compaction_begin,3,0
92.203,flush_begin,0,0
92.441,flush_end,0,2744557
92.465,compaction_end,3,42992648
92.475,compaction_begin,2,0
93.114,compaction_end,2,4658544
93.129,compaction_begin,3,0
93.324,compaction_end,3,43367080
93.336,compaction_begin,3,0
93.504,compaction_end,3,43367079
93.515,compaction_begin,3,0
93.882,compaction_end,3,43367082
93.894,compaction_begin,3,0
94.194,compaction_end,3,42992648
94.205,compaction_begin,3,0
94.370,compaction_end,3,42992654
94.380,compaction_begin,3,0
94.557,compaction_end,3,43367078
94.569,compaction_begin,3,0
94.791,compaction_end,3,42992653
94.801,compaction_begin,3,0
95.239,compaction_end,3,42992648
95.249,compaction_begin,3,0
95.425,compaction_end,3,43367081
95.437,compaction_begin,3,0
95.760,compaction_end,3,42992648
95.771,compaction_begin,3,0
95.936,compaction_end,3,42992653
95.946,compaction_begin,3,0
96.107,compaction_end,3,42992647
96.118,compaction_begin,3,0
96.439,compaction_end,3,42992650
96.449,compaction_begin,3,0
96.768,compaction_end,3,42992647
96.778,compaction_begin,3,0
96.905,compaction_end,3,32415986
96.915,compaction_begin,3,0
97.681,flush_begin,0,0
97.921,flush_end,0,2744671
98.037,compaction_end,3,42992648
98.047,compaction_begin,2,0
98.714,compaction_end,2,4692381
98.729,compaction_begin,3,0
99.123,compaction_end,3,43367080
99.134,compaction_begin,3,0
99.307,compaction_end,3,43367082
99.319,compaction_begin,3,0
99.487,compaction_end,3,42992653
99.498,compaction_begin,3,0
100.528,compaction_end,3,42992648
100.539,compaction_begin,3,0
100.897,compaction_end,3,43367079
100.908,compaction_begin,3,0
101.096,compaction_end,3,43367081
101.107,compaction_begin,3,0
101.270,compaction_end,3,42992654
101.281,compaction_begin,3,0
101.447,compaction_end,3,42992647
101.458,compaction_begin,3,0
101.648,compaction_end,3,43367083
101.658,compaction_begin,3,0
101.834,compaction_end,3,42992653
101.845,compaction_begin,3,0
102.189,compaction_end,3,43367078
102.201,compaction_begin,3,0
102.363,compaction_end,3,42992653
102.374,compaction_begin,3,0
102.661,compaction_end,3,42992648
102.670,compaction_begin,3,0
102.872,compaction_end,3,42992653
102.884,compaction_begin,3,0
103.118,compaction_end,3,42992653
103.129,compaction_begin,3,0
103.163,flush_begin,0,0
103.402,flush_end,0,2744691
103.548,compaction_end,3,42992653
103.559,compaction_begin,2,0
104.222,compaction_end,2,4730435
104.237,compaction_begin,3,0
104.436,compaction_end,3,43367080
104.448,compaction_begin,3,0
104.806,compaction_end,3,43367079
104.819,compaction_begin,3,0
104.997,compaction_end,3,43367082
105.009,compaction_begin,3,0
105.169,compaction_end,3,42992654
105.179,compaction_begin,3,0
105.337,compaction_end,3,42992652
105.348,compaction_begin,3,0
105.527,compaction_end,3,43367078
105.538,compaction_begin,3,0
105.808,compaction_end,3,42992653
105.819,compaction_begin,3,0
105.941,compaction_end,3,32415986
105.952,compaction_begin,3,0
106.312,compaction_end,3,42992651
106.323,compaction_begin,3,0
106.485,compaction_end,3,42992648
106.496,compaction_begin,3,0
106.987,compaction_end,3,42992648
106.997,compaction_begin,3,0
107.161,compaction_end,3,42992653
107.173,compaction_begin,3,0
107.347,compaction_end,3,43367081
107.359,compaction_begin,3,0
107.519,compaction_end,3,42992647
107.529,compaction_begin,3,0
108.012,compaction_end,3,42992650
108.022,compaction_begin,3,0
108.182,compaction_end,3,42992653
108.193,compaction_begin,3,0
108.354,compaction_end,3,42992655
108.365,compaction_begin,3,0
108.535,compaction_end,3,42992653
108.544,compaction_begin,3,0
108.634,flush_begin,0,0
108.874,flush_end,0,2744579
109.042,compaction_end,3,42992653
109.053,compaction_begin,2,0
109.617,compaction_end,2,4815486
109.632,compaction_begin,3,0
110.024,compaction_end,3,43367080
110.036,compaction_begin,3,0
110.210,compaction_end,3,43367079
110.222,compaction_begin,3,0
110.395,compaction_end,3,43367082
110.405,compaction_begin,3,0
110.695,compaction_end,3,42992648
110.705,compaction_begin,3,0
111.083,compaction_end,3,43367081
111.095,compaction_begin,3,0
111.252,compaction_end,3,42992647
111.263,compaction_begin,3,0
111.557,compaction_end,3,42992648
111.568,compaction_begin,3,0
111.806,compaction_end,3,42992655
111.816,compaction_begin,3,0
111.983,compaction_end,3,42992654
111.994,compaction_begin,3,0
112.233,compaction_end,3,42992652
112.243,compaction_begin,3,0
112.560,compaction_end,3,42992648
112.569,compaction_begin,3,0
112.850,compaction_end,3,42992653
112.861,compaction_begin,3,0
113.127,compaction_end,3,43367078
113.138,compaction_begin,3,0
113.297,compaction_end,3,43367083
113.308,compaction_begin,3,0
114.028,compaction_end,3,43367078
114.039,flush_begin,0,0
114.279,flush_end,0,2744859
114.289,compaction_begin,2,0
114.953,compaction_end,2,4958065
114.970,compaction_begin,3,0
115.358,compaction_end,3,43367080
115.370,compaction_begin,3,0
115.536,compaction_end,3,43367079
115.548,compaction_begin,3,0
115.914,compaction_end,3,43367082
115.926,compaction_begin,3,0
116.049,compaction_end,3,32415986
116.059,compaction_begin,3,0
116.288,compaction_end,3,42992648
116.299,compaction_begin,3,0
116.471,compaction_end,3,43367078
116.483,compaction_begin,3,0
116.961,compaction_end,3,42992650
116.971,compaction_begin,3,0
117.142,compaction_end,3,43367081
117.155,compaction_begin,3,0
117.313,compaction_end,3,42992647
117.324,compaction_begin,3,0
117.486,compaction_end,3,42992648
117.497,compaction_begin,3,0
117.749,compaction_end,3,42992653
117.760,compaction_begin,3,0
117.921,compaction_end,3,42992653
117.931,compaction_begin,3,0
118.148,compaction_end,3,42992652
118.158,compaction_begin,3,0
118.318,compaction_end,3,42992654
118.329,compaction_begin,3,0
118.638,compaction_end,3,42992651
118.649,compaction_begin,3,0
119.143,compaction_end,3,42992648
119.153,compaction_begin,3,0
119.462,flush_begin,0,0
119.700,flush_end,0,2744313
120.144,compaction_end,3,42992648
120.155,compaction_begin,2,0
120.819,compaction_end,2,5015418
120.834,compaction_begin,3,0
121.215,compaction_end,3,43367080
121.226,compaction_begin,3,0
121.400,compaction_end,3,43367082
121.411,compaction_begin,3,0
121.577,compaction_end,3,43367079
121.589,compaction_begin,3,0
121.843,compaction_end,3,42992653
121.853,compaction_begin,3,0
122.012,compaction_end,3,42992653
122.022,compaction_begin,3,0
122.184,compaction_end,3,42992654
122.195,compaction_begin,3,0
122.480,compaction_end,3,43367078
122.491,compaction_begin,3,0
123.475,compaction_end,3,42992649
123.486,compaction_begin,3,0
123.917,compaction_end,3,42992648
123.928,compaction_begin,3,0
124.103,compaction_end,3,43367081
124.114,compaction_begin,3,0
124.276,compaction_end,3,42992647
124.287,compaction_begin,3,0
124.481,compaction_end,3,42992651
124.492,compaction_begin,3,0
124.813,compaction_end,3,42992648
124.823,compaction_begin,3,0
124.940,flush_begin,0,0
125.177,flush_end,0,2744528
125.878,compaction_end,3,42992649
125.889,compaction_begin,2,0
126.558,compaction_end,2,5148369
126.576,compaction_begin,3,0
126.981,compaction_end,3,43367080
126.993,compaction_begin,3,0
127.175,compaction_end,3,43367081
127.186,compaction_begin,3,0
127.359,compaction_end,3,43367082
127.370,compaction_begin,3,0
127.547,compaction_end,3,43367078
127.558,compaction_begin,3,0
127.917,compaction_end,3,43367079
127.928,compaction_begin,3,0
128.094,compaction_end,3,43367078
128.104,compaction_begin,3,0
128.267,compaction_end,3,43367083
128.278,compaction_begin,3,0
128.555,compaction_end,3,42992648
128.566,compaction_begin,3,0
129.485,compaction_end,3,42992649
129.495,compaction_begin,3,0
129.815,compaction_end,3,42992647
129.825,compaction_begin,3,0
129.990,compaction_end,3,42992647
130.003,compaction_begin,3,0
130.334,compaction_end,3,42992650
130.344,compaction_begin,3,0
130.412,flush_begin,0,0
130.651,flush_end,0,2744831
131.327,compaction_end,3,42992650
131.337,compaction_begin,2,0
132.016,compaction_end,2,5177276
132.031,compaction_begin,3,0
132.413,compaction_end,3,43367080
132.425,compaction_begin,3,0
132.598,compaction_end,3,43367082
132.609,compaction_begin,3,0
132.971,compaction_end,3,43367079
132.982,compaction_begin,3,0
133.170,compaction_end,3,43367081
133.181,compaction_begin,3,0
133.358,compaction_end,3,43367078
133.370,compaction_begin,3,0
133.646,compaction_end,3,42992650
133.656,compaction_begin,3,0
133.906,compaction_end,3,42992653
133.916,compaction_begin,3,0
134.173,compaction_end,3,42992648
134.184,compaction_begin,3,0
134.734,compaction_end,3,42992653
134.744,compaction_begin,3,0
135.054,compaction_end,3,42992647
135.064,compaction_begin,3,0
135.191,compaction_end,3,32415986
135.203,compaction_begin,3,0
135.367,compaction_end,3,42992653
135.378,compaction_begin,3,0
135.672,compaction_end,3,42992648
135.682,compaction_begin,3,0
135.862,flush_begin,0,0
136.098,flush_end,0,2744378
136.243,compaction_end,3,42992652
136.254,compaction_begin,2,0
136.768,compaction_end,2,5389077
136.783,compaction_begin,3,0
137.167,compaction_end,3,43367080
137.178,compaction_begin,3,0
137.350,compaction_end,3,43367079
137.361,compaction_begin,3,0
137.625,compaction_end,3,42992651
137.635,compaction_begin,3,0
138.033,compaction_end,3,42532261
138.044,compaction_begin,3,0
138.208,compaction_end,3,42992654
138.218,compaction_begin,3,0
138.406,compaction_end,3,43367082
138.418,compaction_begin,3,0
139.246,compaction_end,3,42992648
139.257,compaction_begin,3,0
139.635,compaction_end,3,43367081
139.647,compaction_begin,3,0
139.827,compaction_end,3,43367083
139.839,compaction_begin,3,0
140.069,compaction_end,3,42992653
140.079,compaction_begin,3,0
140.428,compaction_end,3,42992648
140.438,compaction_begin,3,0
140.960,compaction_end,3,42992648
140.975,compaction_begin,3,0
141.164,compaction_end,3,42992653
141.176,compaction_begin,3,0
141.288,flush_begin,0,0
141.531,flush_end,0,2744737
142.048,compaction_end,3,44030063
142.061,compaction_begin,2,0
142.783,compaction_end,2,5276748
142.800,compaction_begin,3,0
143.200,compaction_end,3,43367080
143.214,compaction_begin,3,0
143.401,compaction_end,3,43367082
143.414,compaction_begin,3,0
143.593,compaction_end,3,43367079
143.607,compaction_begin,3,0
144.001,compaction_end,3,43367078
144.014,compaction_begin,3,0
144.148,compaction_end,3,32415986
144.162,compaction_begin,3,0
144.469,compaction_end,3,42992648
144.482,compaction_begin,3,0
144.882,compaction_end,3,43367081
144.895,compaction_begin,3,0
145.121,compaction_end,3,42992650
145.132,compaction_begin,3,0
145.305,compaction_end,3,42992648
145.318,compaction_begin,3,0
145.494,compaction_end,3,42992654
145.505,compaction_begin,3,0
145.710,compaction_end,3,42992653
145.722,compaction_begin,3,0
146.133,compaction_end,3,42992648
146.145,compaction_begin,3,0
146.320,compaction_end,3,42992649
146.332,compaction_begin,3,0
146.509,compaction_end,3,42992653
146.522,compaction_begin,3,0
146.746,flush_begin,0,0
146.986,flush_end,0,2744705
147.088,compaction_end,3,42618170
147.100,compaction_begin,2,0
147.702,compaction_end,2,5422089
147.726,compaction_begin,3,0
148.135,compaction_end,3,43367080
148.145,compaction_begin,3,0
148.340,compaction_end,3,43367082
148.357,compaction_begin,3,0
148.538,compaction_end,3,43367079
148.551,compaction_begin,3,0
149.031,compaction_end,3,42992648
149.043,compaction_begin,3,0
149.229,compaction_end,3,43367081
149.240,compaction_begin,3,0
149.427,compaction_end,3,43367082
149.437,compaction_begin,3,0
149.924,compaction_end,3,42992648
149.939,compaction_begin,3,0
150.127,compaction_end,3,43367078
150.140,compaction_begin,3,0
150.342,compaction_end,3,42992649
150.359,compaction_begin,3,0
150.560,compaction_end,3,42992653
150.575,compaction_begin,3,0
151.077,compaction_end,3,42992650
151.090,compaction_begin,3,0
151.281,compaction_end,3,42992648
151.296,compaction_begin,3,0
151.479,compaction_end,3,42992653
151.489,compaction_begin,3,0
151.948,compaction_end,3,42992648
151.962,compaction_begin,3,0
152.165,compaction_end,3,42992647
152.181,compaction_begin,3,0
152.257,flush_begin,0,0
152.502,flush_end,0,2745037
155.343,compaction_end,3,42992648
155.356,compaction_begin,2,0
157.340,compaction_end,2,5476923
157.364,compaction_begin,3,0
157.676,flush_begin,0,0
157.905,flush_end,0,2744372
158.018,compaction_end,3,43367080
158.031,compaction_begin,2,0
158.696,compaction_end,2,7106756
158.713,compaction_begin,3,0
159.096,compaction_end,3,43367080
159.108,compaction_begin,3,0
159.277,compaction_end,3,43367079
159.288,compaction_begin,3,0
159.466,compaction_end,3,43367082
159.478,compaction_begin,3,0
159.853,compaction_end,3,43367081
159.864,compaction_begin,3,0
160.029,compaction_end,3,42992653
160.040,compaction_begin,3,0
160.204,compaction_end,3,42992653
160.215,compaction_begin,3,0
160.395,compaction_end,3,43367078
160.406,compaction_begin,3,0
160.682,compaction_end,3,42992650
160.694,compaction_begin,3,0
161.029,compaction_end,3,42992648
161.039,compaction_begin,3,0
161.203,compaction_end,3,43367083
161.212,compaction_begin,3,0
161.377,compaction_end,3,42992647
161.388,compaction_begin,3,0
161.554,compaction_end,3,42992654
161.564,compaction_begin,3,0
162.049,compaction_end,3,42992648
162.059,compaction_begin,3,0
162.232,compaction_end,3,42992648
162.243,compaction_begin,3,0
162.972,compaction_end,3,42992649
162.983,compaction_begin,3,0
163.146,flush_begin,0,0
163.383,flush_end,0,2744629
163.487,compaction_end,3,42992653
163.498,compaction_begin,2,0
164.161,compaction_end,2,5780954
164.173,compaction_begin,3,0
164.353,compaction_end,3,43367080
164.365,compaction_begin,3,0
164.538,compaction_end,3,43367082
164.549,compaction_begin,3,0
164.906,compaction_end,3,43367079
164.916,compaction_begin,3,0
165.101,compaction_end,3,43367078
165.112,compaction_begin,3,0
165.345,compaction_end,3,42992648
165.356,compaction_begin,3,0
165.566,compaction_end,3,42992648
165.575,compaction_begin,3,0
166.034,compaction_end,3,42992651
166.044,compaction_begin,3,0
166.741,compaction_end,3,43807604
166.752,compaction_begin,3,0
166.950,compaction_end,3,42992653
166.961,compaction_begin,3,0
167.084,compaction_end,3,32415986
167.094,compaction_begin,3,0
167.562,compaction_end,3,42992648
167.573,compaction_begin,3,0
168.051,compaction_end,3,42992650
168.062,compaction_begin,3,0
168.234,compaction_end,3,43367081
168.245,compaction_begin,3,0
168.424,compaction_end,3,42992648
168.435,compaction_begin,3,0
168.581,flush_begin,0,0
168.821,flush_end,0,2744626
168.951,compaction_end,3,42992653
168.962,compaction_begin,2,0
169.521,compaction_end,2,5797790
169.536,compaction_begin,3,0
169.917,compaction_end,3,43367080
169.928,compaction_begin,3,0
170.104,compaction_end,3,43367082
170.116,compaction_begin,3,0
170.283,compaction_end,3,43367079
170.295,compaction_begin,3,0
170.478,compaction_end,3,43367078
170.489,compaction_begin,3,0
170.710,compaction_end,3,42992654
170.720,compaction_begin,3,0
170.882,compaction_end,3,42992653
170.892,compaction_begin,3,0
171.325,compaction_end,3,42992650
171.336,compaction_begin,3,0
171.512,compaction_end,3,43367081
171.523,compaction_begin,3,0
171.949,compaction_end,3,42992648
171.960,compaction_begin,3,0
172.123,compaction_end,3,42992648
172.134,compaction_begin,3,0
172.296,compaction_end,3,43367082
172.306,compaction_begin,3,0
172.473,compaction_end,3,42992653
172.484,compaction_begin,3,0
172.788,compaction_end,3,42618170
172.799,compaction_begin,3,0
172.979,compaction_end,3,42992647
172.990,compaction_begin,3,0
173.330,compaction_end,3,42992648
173.340,compaction_begin,3,0
174.029,flush_begin,0,0
174.269,flush_end,0,2744310
174.293,compaction_end,3,42992653
174.304,compaction_begin,2,0
174.966,compaction_end,2,5815150
174.982,compaction_begin,3,0
175.366,compaction_end,3,43367080
175.378,compaction_begin,3,0
175.560,compaction_end,3,43367081
175.571,compaction_begin,3,0
175.928,compaction_end,3,43367079
175.939,compaction_begin,3,0
176.096,compaction_end,3,42992653
176.107,compaction_begin,3,0
176.282,compaction_end,3,43367082
176.295,compaction_begin,3,0
176.454,compaction_end,3,42992647
176.464,compaction_begin,3,0
176.658,compaction_end,3,42992653
176.669,compaction_begin,3,0
176.830,compaction_end,3,43367078
176.841,compaction_begin,3,0
177.057,compaction_end,3,42992653
177.068,compaction_begin,3,0
177.407,compaction_end,3,42992648
177.419,compaction_begin,3,0
177.595,compaction_end,3,43367078
177.607,compaction_begin,3,0
178.577,compaction_end,3,42992648
178.588,compaction_begin,3,0
179.067,compaction_end,3,42992650
179.078,compaction_begin,3,0
179.241,compaction_end,3,42992653
179.252,compaction_begin,3,0
179.417,compaction_end,3,42992648
179.428,compaction_begin,3,0
179.435,flush_begin,0,0
179.676,flush_end,0,2744570
179.840,compaction_end,3,42992648
179.851,compaction_begin,2,0
180.521,compaction_end,2,5758863
180.536,compaction_begin,3,0
180.920,compaction_end,3,43367080
180.932,compaction_begin,3,0
181.107,compaction_end,3,43367082
181.114,compaction_begin,3,0
181.279,compaction_end,3,42992654
181.292,compaction_begin,3,0
181.461,compaction_end,3,43367079
181.470,compaction_begin,3,0
181.849,compaction_end,3,43367081
181.863,compaction_begin,3,0
182.024,compaction_end,3,42992653
182.035,compaction_begin,3,0
182.234,compaction_end,3,42992649
182.245,compaction_begin,3,0
182.422,compaction_end,3,43367078
182.433,compaction_begin,3,0
182.699,compaction_end,3,42992653
182.710,compaction_begin,3,0
183.086,compaction_end,3,42992648
183.095,compaction_begin,3,0
183.267,compaction_end,3,42992648
183.278,compaction_begin,3,0
183.453,compaction_end,3,42992650
183.464,compaction_begin,3,0
183.879,compaction_end,3,42992650
183.890,compaction_begin,3,0
184.053,compaction_end,3,43367078
184.061,compaction_begin,3,0
184.224,compaction_end,3,42992647
184.237,compaction_begin,3,0
184.407,compaction_end,3,42992648
184.418,compaction_begin,3,0
184.582,compaction_end,3,42992653
184.592,compaction_begin,3,0
184.788,compaction_end,3,42992653
184.798,compaction_begin,3,0
184.852,flush_begin,0,0
185.091,flush_end,0,2744493
185.170,compaction_end,3,32415986
185.180,compaction_begin,2,0
185.815,compaction_end,2,5805057
185.833,compaction_begin,3,0
186.224,compaction_end,3,43367080
186.236,compaction_begin,3,0
186.420,compaction_end,3,43367081
186.431,compaction_begin,3,0
186.799,compaction_end,3,43367082
186.811,compaction_begin,3,0
186.970,compaction_end,3,43367083
186.981,compaction_begin,3,0
187.144,compaction_end,3,43367079
187.156,compaction_begin,3,0
187.322,compaction_end,3,43433216
187.333,compaction_begin,3,0
187.515,compaction_end,3,43367078
187.526,compaction_begin,3,0
187.950,compaction_end,3,42992648
187.961,compaction_begin,3,0
188.122,compaction_end,3,42992650
188.133,compaction_begin,3,0
188.297,compaction_end,3,42992648
188.307,compaction_begin,3,0
188.528,compaction_end,3,42992650
188.539,compaction_begin,3,0
188.806,compaction_end,3,42992653
188.817,compaction_begin,3,0
189.178,compaction_end,3,42992648
189.188,compaction_begin,3,0
189.383,compaction_end,3,42992648
189.395,compaction_begin,3,0
189.561,compaction_end,3,42992654
189.572,compaction_begin,3,0
190.074,compaction_end,3,42992648
190.084,compaction_begin,3,0
190.319,flush_begin,0,0
190.557,flush_end,0,2744871
191.018,compaction_end,3,42992648
191.028,compaction_begin,2,0
191.686,compaction_end,2,5761582
191.701,compaction_begin,3,0
192.084,compaction_end,3,43367080
192.095,compaction_begin,3,0
192.268,compaction_end,3,43367082
192.279,compaction_begin,3,0
192.444,compaction_end,3,43367079
192.455,compaction_begin,3,0
192.828,compaction_end,3,43367078
192.838,compaction_begin,3,0
193.001,compaction_end,3,42992654
193.011,compaction_begin,3,0
193.276,compaction_end,3,42992648
193.287,compaction_begin,3,0
193.453,compaction_end,3,42992648
193.464,compaction_begin,3,0
193.951,compaction_end,3,42992650
193.961,compaction_begin,3,0
194.135,compaction_end,3,43367081
194.146,compaction_begin,3,0
194.310,compaction_end,3,43367078
194.320,compaction_begin,3,0
194.548,compaction_end,3,42992651
194.559,compaction_begin,3,0
195.058,compaction_end,3,42992648
195.067,compaction_begin,3,0
195.243,compaction_end,3,42992648
195.254,compaction_begin,3,0
195.420,compaction_end,3,42992653
195.430,compaction_begin,3,0
195.821,flush_begin,0,0
196.059,flush_end,0,2744333
196.632,compaction_end,3,42992650
196.642,compaction_begin,2,0
197.313,compaction_end,2,5890803
197.330,compaction_begin,3,0
197.532,compaction_end,3,43367080
197.544,compaction_begin,3,0
197.921,compaction_end,3,43367081
197.932,compaction_begin,3,0
198.098,compaction_end,3,43367079
198.109,compaction_begin,3,0
198.282,compaction_end,3,43367082
198.293,compaction_begin,3,0
198.469,compaction_end,3,43367078
198.480,compaction_begin,3,0
198.910,compaction_end,3,42992648
198.921,compaction_begin,3,0
199.135,compaction_end,3,42992650
199.145,compaction_begin,3,0
199.308,compaction_end,3,43367078
199.318,compaction_begin,3,0
199.484,compaction_end,3,42992651
199.495,compaction_begin,3,0
199.916,compaction_end,3,42992648
199.927,compaction_begin,3,0
200.160,compaction_end,3,42992648
200.171,compaction_begin,3,0
200.336,compaction_end,3,42992654
200.346,compaction_begin,3,0
200.509,compaction_end,3,42992653
200.520,compaction_begin,3,0
201.006,compaction_end,3,42992648
201.017,compaction_begin,3,0
201.179,compaction_end,3,42992650
201.191,compaction_begin,3,0
201.262,flush_begin,0,0
201.502,flush_end,0,2744447
201.603,compaction_end,3,43367083
201.614,compaction_begin,2,0
202.288,compaction_end,2,6117759
202.304,compaction_begin,3,0
202.507,compaction_end,3,43367080
202.519,compaction_begin,3,0
202.888,compaction_end,3,43367082
202.899,compaction_begin,3,0
203.081,compaction_end,3,43367078
203.092,compaction_begin,3,0
203.260,compaction_end,3,43367079
203.271,compaction_begin,3,0
203.434,compaction_end,3,42992647
203.444,compaction_begin,3,0
203.822,compaction_end,3,43367081
203.833,compaction_begin,3,0
203.994,compaction_end,3,42992653
204.005,compaction_begin,3,0
204.265,compaction_end,3,42992648
204.276,compaction_begin,3,0
204.441,compaction_end,3,42992650
204.451,compaction_begin,3,0
204.706,compaction_end,3,42992653
204.716,compaction_begin,3,0
204.885,compaction_end,3,42992653
204.895,compaction_begin,3,0
205.019,compaction_end,3,32415986
205.028,compaction_begin,3,0
205.424,compaction_end,3,42992648
205.434,compaction_begin,3,0
206.196,compaction_end,3,42992654
206.206,compaction_begin,3,0
206.633,compaction_end,3,42992648
206.643,compaction_begin,3,0
206.737,flush_begin,0,0
206.976,flush_end,0,2744340
207.619,compaction_end,3,42992653
207.629,compaction_begin,2,0
208.306,compaction_end,2,5915350
208.323,compaction_begin,3,0
208.535,compaction_end,3,43367080
208.548,compaction_begin,3,0
208.907,compaction_end,3,43367079
208.919,compaction_begin,3,0
209.219,compaction_end,3,42992648
209.229,compaction_begin,3,0
209.395,compaction_end,3,42992654
209.405,compaction_begin,3,0
209.581,compaction_end,3,43367082
209.593,compaction_begin,3,0
210.095,compaction_end,3,42992648
210.105,compaction_begin,3,0
210.269,compaction_end,3,42992648
210.280,compaction_begin,3,0
210.446,compaction_end,3,42992653
210.457,compaction_begin,3,0
210.836,compaction_end,3,43367081
210.848,compaction_begin,3,0
211.123,compaction_end,3,42992650
211.133,compaction_begin,3,0
211.300,compaction_end,3,43367082
211.310,compaction_begin,3,0
211.474,compaction_end,3,42992653
211.484,compaction_begin,3,0
211.861,compaction_end,3,43367078
211.872,compaction_begin,3,0
212.034,compaction_end,3,43367081
212.045,compaction_begin,3,0
212.198,flush_begin,0,0
212.438,flush_end,0,2744647
213.174,compaction_end,3,42992648
213.186,compaction_begin,2,0
213.851,compaction_end,2,6019197
213.868,compaction_begin,3,0
214.256,compaction_end,3,43367080
214.268,compaction_begin,3,0
214.440,compaction_end,3,43367082
214.451,compaction_begin,3,0
214.808,compaction_end,3,43367079
214.820,compaction_begin,3,0
215.007,compaction_end,3,43367081
215.018,compaction_begin,3,0
215.232,compaction_end,3,42992650
215.242,compaction_begin,3,0
215.366,compaction_end,3,32415986
215.376,compaction_begin,3,0
215.551,compaction_end,3,42992648
215.561,compaction_begin,3,0
215.736,compaction_end,3,43367078
215.746,compaction_begin,3,0
216.114,compaction_end,3,43367078
216.125,compaction_begin,3,0
216.405,compaction_end,3,42992650
216.415,compaction_begin,3,0
216.602,compaction_end,3,42992648
216.612,compaction_begin,3,0
216.822,compaction_end,3,43367083
216.832,compaction_begin,3,0
217.249,compaction_end,3,42992648
217.259,compaction_begin,3,0
217.631,flush_begin,0,0
217.871,flush_end,0,2744466
218.231,compaction_end,3,43367080
218.242,compaction_begin,2,0
218.899,compaction_end,2,6212058
218.914,compaction_begin,3,0
219.291,compaction_end,3,43367080
219.303,compaction_begin,3,0
219.471,compaction_end,3,43367079
219.482,compaction_begin,3,0
219.945,compaction_end,3,42992648
219.955,compaction_begin,3,0
220.126,compaction_end,3,43367082
220.137,compaction_begin,3,0
220.337,compaction_end,3,42992648
220.347,compaction_begin,3,0
220.522,compaction_end,3,43367078
220.533,compaction_begin,3,0
221.028,compaction_end,3,42992648
221.038,compaction_begin,3,0
221.627,compaction_end,3,42992653
221.637,compaction_begin,3,0
222.127,compaction_end,3,42992648
222.137,compaction_begin,3,0
222.311,compaction_end,3,42992648
222.321,compaction_begin,3,0
222.486,compaction_end,3,43367082
222.496,compaction_begin,3,0
222.880,compaction_end,3,43367081
222.891,compaction_begin,3,0
223.044,flush_begin,0,0
223.285,flush_end,0,2744171
223.303,compaction_end,3,42992653
223.313,compaction_begin,2,0
223.776,compaction_end,2,6295619
223.792,compaction_begin,3,0
224.178,compaction_end,3,43367080
224.190,compaction_begin,3,0
224.355,compaction_end,3,43367079
224.366,compaction_begin,3,0
224.548,compaction_end,3,43367078
224.560,compaction_begin,3,0
224.931,compaction_end,3,43367082
224.943,compaction_begin,3,0
225.106,compaction_end,3,42992653
225.116,compaction_begin,3,0
225.335,compaction_end,3,42992648
225.345,compaction_begin,3,0
225.507,compaction_end,3,42992647
225.517,compaction_begin,3,0
225.946,compaction_end,3,42992648
225.956,compaction_begin,3,0
226.078,compaction_end,3,32415986
226.088,compaction_begin,3,0
226.249,compaction_end,3,42992647
226.259,compaction_begin,3,0
226.423,compaction_end,3,43367083
226.433,compaction_begin,3,0
226.817,compaction_end,3,43367081
226.828,compaction_begin,3,0
227.127,compaction_end,3,42992648
227.137,compaction_begin,3,0
227.300,compaction_end,3,42992651
227.310,compaction_begin,3,0
227.475,compaction_end,3,42992648
227.485,compaction_begin,3,0
227.964,compaction_end,3,42992650
227.974,compaction_begin,3,0
228.181,compaction_end,3,42992648
228.192,compaction_begin,3,0
228.356,compaction_end,3,42992653
228.368,compaction_begin,3,0
228.461,flush_begin,0,0
228.701,flush_end,0,2744663
228.776,compaction_end,3,42992653
228.786,compaction_begin,2,0
229.453,compaction_end,2,6300537
229.467,compaction_begin,3,0
229.843,compaction_end,3,43367080
229.855,compaction_begin,3,0
230.028,compaction_end,3,43367082
230.040,compaction_begin,3,0
230.318,compaction_end,3,42992648
230.329,compaction_begin,3,0
230.494,compaction_end,3,43367079
230.506,compaction_begin,3,0
230.885,compaction_end,3,43367081
230.896,compaction_begin,3,0
231.188,compaction_end,3,42992648
231.198,compaction_begin,3,0
231.364,compaction_end,3,42992650
231.375,compaction_begin,3,0
231.550,compaction_end,3,43367078
231.561,compaction_begin,3,0
232.021,compaction_end,3,42992651
232.031,compaction_begin,3,0
232.193,compaction_end,3,42992654
232.204,compaction_begin,3,0
232.365,compaction_end,3,42992647
232.376,compaction_begin,3,0
232.541,compaction_end,3,42992650
232.552,compaction_begin,3,0
233.050,compaction_end,3,42992648
233.061,compaction_begin,3,0
233.227,compaction_end,3,42992653
233.238,compaction_begin,3,0
233.404,compaction_end,3,43367083
233.413,compaction_begin,3,0
233.585,compaction_end,3,43367082
233.595,compaction_begin,3,0
233.912,flush_begin,0,0
234.149,flush_end,0,2744738
234.692,compaction_end,3,43367082
234.702,compaction_begin,2,0
235.363,compaction_end,2,6335731
235.379,compaction_begin,3,0
235.582,compaction_end,3,43367080
235.594,compaction_begin,3,0
235.961,compaction_end,3,43367082
235.972,compaction_begin,3,0
236.137,compaction_end,3,43367079
236.148,compaction_begin,3,0
236.311,compaction_end,3,42992653
236.322,compaction_begin,3,0
236.627,compaction_end,3,42992648
236.637,compaction_begin,3,0
237.017,compaction_end,3,43367081
237.028,compaction_begin,3,0
237.192,compaction_end,3,43367083
237.202,compaction_begin,3,0
237.377,compaction_end,3,43367078
237.388,compaction_begin,3,0
237.553,compaction_end,3,43367082
237.563,compaction_begin,3,0
237.980,compaction_end,3,42992650
237.990,compaction_begin,3,0
238.151,compaction_end,3,42992647
238.161,compaction_begin,3,0
238.393,compaction_end,3,42992648
238.403,compaction_begin,3,0
238.566,compaction_end,3,42992648
238.576,compaction_begin,3,0
238.751,compaction_end,3,43367078
238.761,compaction_begin,3,0
238.977,compaction_end,3,42992654
238.986,compaction_begin,3,0
239.187,compaction_end,3,42992653
239.197,compaction_begin,3,0
239.320,compaction_end,3,32415986
239.330,compaction_begin,3,0
239.566,flush_begin,0,0
239.804,flush_end,0,2744861
239.972,compaction_end,3,42992648
239.982,compaction_begin,2,0
240.661,compaction_end,2,6472553
240.675,compaction_begin,3,0
241.052,compaction_end,3,43367080
241.064,compaction_begin,3,0
241.228,compaction_end,3,43367079
241.239,compaction_begin,3,0
241.422,compaction_end,3,43367078
241.433,compaction_begin,3,0
241.814,compaction_end,3,43367081
241.825,compaction_begin,3,0
241.999,compaction_end,3,43367082
242.011,compaction_begin,3,0
242.171,compaction_end,3,43367078
242.182,compaction_begin,3,0
242.344,compaction_end,3,43367082
242.354,compaction_begin,3,0
242.517,compaction_end,3,43367082
242.527,compaction_begin,3,0
243.025,compaction_end,3,42992648
243.036,compaction_begin,3,0
243.197,compaction_end,3,43367080
243.209,compaction_begin,3,0
243.372,compaction_end,3,43367083
243.383,compaction_begin,3,0
243.546,compaction_end,3,42992650
243.557,compaction_begin,3,0
243.772,compaction_end,3,42992653
243.783,compaction_begin,3,0
244.201,compaction_end,3,42992648
244.212,compaction_begin,3,0
244.374,compaction_end,3,42992647
244.384,compaction_begin,3,0
244.551,compaction_end,3,42992648
244.562,compaction_begin,3,0
244.834,flush_begin,0,0
245.074,flush_end,0,2744517
245.225,compaction_end,3,42992648
245.236,compaction_begin,2,0
245.664,compaction_end,2,6671695
245.679,compaction_begin,3,0
246.061,compaction_end,3,43367080
246.073,compaction_begin,3,0
246.248,compaction_end,3,43367082
246.261,compaction_begin,3,0
246.428,compaction_end,3,43367079
246.439,compaction_begin,3,0
246.814,compaction_end,3,43367078
246.824,compaction_begin,3,0
247.001,compaction_end,3,43367081
247.012,compaction_begin,3,0
247.305,compaction_end,3,42992648
247.315,compaction_begin,3,0
247.480,compaction_end,3,42992653
247.491,compaction_begin,3,0
247.836,compaction_end,3,43367082
247.847,compaction_begin,3,0
248.129,compaction_end,3,42992648
248.140,compaction_begin,3,0
248.319,compaction_end,3,42992650
248.329,compaction_begin,3,0
248.490,compaction_end,3,42992647
248.501,compaction_begin,3,0
248.718,compaction_end,3,42992653
248.729,compaction_begin,3,0
249.166,compaction_end,3,42992648
249.177,compaction_begin,3,0
249.336,compaction_end,3,42992651
249.347,compaction_begin,3,0
249.511,compaction_end,3,43367083
249.522,compaction_begin,3,0
249.993,compaction_end,3,42992648
250.004,compaction_begin,3,0
250.168,compaction_end,3,42992648
250.179,compaction_begin,3,0
250.295,flush_begin,0,0
250.534,flush_end,0,2744649
250.588,compaction_end,3,42992648
250.599,compaction_begin,2,0
251.262,compaction_end,2,6801469
251.277,compaction_begin,3,0
251.469,compaction_end,3,43367080
251.480,compaction_begin,3,0
251.846,compaction_end,3,43367082
251.858,compaction_begin,3,0
252.025,compaction_end,3,43367079
252.037,compaction_begin,3,0
252.218,compaction_end,3,43367081
252.229,compaction_begin,3,0
252.390,compaction_end,3,42992653
252.401,compaction_begin,3,0
252.697,compaction_end,3,42992648
252.708,compaction_begin,3,0
253.133,compaction_end,3,42992648
253.144,compaction_begin,3,0
253.363,compaction_end,3,42992648
253.374,compaction_begin,3,0
253.540,compaction_end,3,43367083
253.551,compaction_begin,3,0
254.271,compaction_end,3,42618173
254.282,compaction_begin,3,0
254.628,compaction_end,3,43367078
254.639,compaction_begin,3,0
255.115,compaction_end,3,42992650
255.125,compaction_begin,3,0
255.309,compaction_end,3,42992648
255.320,compaction_begin,3,0
255.486,compaction_end,3,42992648
255.496,compaction_begin,3,0
255.708,flush_begin,0,0
255.946,flush_end,0,2744584
255.970,compaction_end,3,42992653
255.980,compaction_begin,2,0
256.617,compaction_end,2,6903273
256.634,compaction_begin,3,0
257.025,compaction_end,3,43367080
257.036,compaction_begin,3,0
257.212,compaction_end,3,43367082
257.223,compaction_begin,3,0
257.395,compaction_end,3,43367083
257.405,compaction_begin,3,0
257.702,compaction_end,3,42992648
257.713,compaction_begin,3,0
258.071,compaction_end,3,43367079
258.083,compaction_begin,3,0
258.311,compaction_end,3,42992650
258.322,compaction_begin,3,0
258.496,compaction_end,3,43367081
258.506,compaction_begin,3,0
258.739,compaction_end,3,42992654
258.751,compaction_begin,3,0
259.034,compaction_end,3,42992647
259.049,compaction_begin,3,0
259.219,compaction_end,3,42992653
259.230,compaction_begin,3,0
259.404,compaction_end,3,42992653
259.415,compaction_begin,3,0
259.647,compaction_end,3,43367078
259.659,compaction_begin,3,0
260.140,compaction_end,3,42992651
260.151,compaction_begin,3,0
260.313,compaction_end,3,43367078
260.327,compaction_begin,3,0
260.494,compaction_end,3,42992653
260.504,compaction_begin,3,0
260.991,compaction_end,3,42992650
261.001,compaction_begin,3,0
261.122,compaction_end,3,32415986
261.132,flush_begin,0,0
261.374,flush_end,0,2744290
261.384,compaction_begin,2,0
261.735,compaction_end,2,6976876
261.750,compaction_begin,3,0
262.121,compaction_end,3,43367080
262.133,compaction_begin,3,0
262.298,compaction_end,3,43367079
262.309,compaction_begin,3,0
262.483,compaction_end,3,43367082
262.494,compaction_begin,3,0
262.704,compaction_end,3,43367083
262.714,compaction_begin,3,0
262.875,compaction_end,3,42992647
262.886,compaction_begin,3,0
263.319,compaction_end,3,42992650
263.329,compaction_begin,3,0
263.492,compaction_end,3,43367078
263.503,compaction_begin,3,0
263.977,compaction_end,3,42992648
263.988,compaction_begin,3,0
264.152,compaction_end,3,42992650
264.163,compaction_begin,3,0
264.342,compaction_end,3,42992648
264.353,compaction_begin,3,0
264.526,compaction_end,3,43367081
264.537,compaction_begin,3,0
264.910,compaction_end,3,43367078
264.920,compaction_begin,3,0
265.133,compaction_end,3,42992648
265.144,compaction_begin,3,0
265.309,compaction_end,3,42992647
265.320,compaction_begin,3,0
265.486,compaction_end,3,43367082
265.497,compaction_begin,3,0
265.729,compaction_end,3,42992653
265.739,compaction_begin,3,0
266.175,compaction_end,3,42992648
266.185,compaction_begin,3,0
266.347,compaction_end,3,42992653
266.357,compaction_begin,3,0
266.528,compaction_end,3,42992648
266.538,compaction_begin,3,0
266.640,flush_begin,0,0
266.878,flush_end,0,2744348
267.046,compaction_end,3,42992653
267.057,compaction_begin,2,0
267.642,compaction_end,2,7084133
267.656,compaction_begin,3,0
268.032,compaction_end,3,43367080
268.045,compaction_begin,3,0
268.220,compaction_end,3,43367082
268.228,compaction_begin,3,0
268.391,compaction_end,3,42618173
268.404,compaction_begin,3,0
268.574,compaction_end,3,43367079
268.586,compaction_begin,3,0
269.048,compaction_end,3,42992648
269.058,compaction_begin,3,0
269.220,compaction_end,3,43367083
269.230,compaction_begin,3,0
269.391,compaction_end,3,42992647
269.400,compaction_begin,3,0
269.575,compaction_end,3,43367081
269.588,compaction_begin,3,0
269.849,compaction_end,3,42992653
269.860,compaction_begin,3,0
270.139,compaction_end,3,43367078
270.151,compaction_begin,3,0
270.365,compaction_end,3,42992648
270.376,compaction_begin,3,0
270.539,compaction_end,3,43367082
270.547,compaction_begin,3,0
270.893,compaction_end,3,43367082
270.906,compaction_begin,3,0
271.198,compaction_end,3,42992648
271.208,compaction_begin,3,0
271.930,compaction_end,3,43367080
271.940,compaction_begin,3,0
272.270,flush_begin,0,0
272.509,flush_end,0,2744541
272.675,compaction_end,3,42992648
272.686,compaction_begin,2,0
273.363,compaction_end,2,7181789
273.380,compaction_begin,3,0
273.570,compaction_end,3,43367080
273.582,compaction_begin,3,0
273.934,compaction_end,3,43367079
273.945,compaction_begin,3,0
274.118,compaction_end,3,43367082
274.130,compaction_begin,3,0
274.422,compaction_end,3,42992648
274.432,compaction_begin,3,0
274.895,compaction_end,3,42992648
274.905,compaction_begin,3,0
275.082,compaction_end,3,43367078
275.093,compaction_begin,3,0
275.812,compaction_end,3,42618172
275.823,compaction_begin,3,0
276.314,compaction_end,3,42992648
276.324,compaction_begin,3,0
276.448,compaction_end,3,32415986
276.459,compaction_begin,3,0
276.678,compaction_end,3,42992653
276.688,compaction_begin,3,0
276.857,compaction_end,3,43367083
276.867,compaction_begin,3,0
277.199,compaction_end,3,43367081
277.211,compaction_begin,3,0
277.369,compaction_end,3,43367078
277.379,flush_begin,0,0
277.619,flush_end,0,2744780
277.629,compaction_begin,2,0
278.297,compaction_end,2,7256442
278.311,compaction_begin,3,0
278.494,compaction_end,3,43367080
278.506,compaction_begin,3,0
278.877,compaction_end,3,43367081
278.890,compaction_begin,3,0
279.062,compaction_end,3,43367082
279.073,compaction_begin,3,0
279.239,compaction_end,3,43367079
279.251,compaction_begin,3,0
279.506,compaction_end,3,42992651
279.516,compaction_begin,3,0
279.983,compaction_end,3,42992648
279.993,compaction_begin,3,0
280.154,compaction_end,3,42992653
280.165,compaction_begin,3,0
280.326,compaction_end,3,43367082
280.337,compaction_begin,3,0
280.497,compaction_end,3,42992647
280.507,compaction_begin,3,0
280.840,compaction_end,3,43367080
280.851,compaction_begin,3,0
281.063,compaction_end,3,43367078
281.074,compaction_begin,3,0
281.237,compaction_end,3,42618172
281.247,compaction_begin,3,0
281.417,compaction_end,3,42992653
281.427,compaction_begin,3,0
281.709,compaction_end,3,42992650
281.719,compaction_begin,3,0
281.930,compaction_end,3,43367083
281.940,compaction_begin,3,0
282.099,compaction_end,3,42618173
282.109,compaction_begin,3,0
282.481,compaction_end,3,42992650
282.492,compaction_begin,3,0
282.711,compaction_end,3,42992653
282.721,compaction_begin,3,0
282.859,flush_begin,0,0
283.099,flush_end,0,2744832
283.266,compaction_end,3,43367080
283.279,compaction_begin,2,0
283.775,compaction_end,2,7331868
283.791,compaction_begin,3,0
284.182,compaction_end,3,43367080
284.194,compaction_begin,3,0
284.365,compaction_end,3,43367082
284.377,compaction_begin,3,0
284.543,compaction_end,3,43367079
284.554,compaction_begin,3,0
284.928,compaction_end,3,43367078
284.939,compaction_begin,3,0
285.645,compaction_end,3,42992652
285.656,compaction_begin,3,0
285.885,compaction_end,3,42992647
285.895,compaction_begin,3,0
286.233,compaction_end,3,43367081
286.244,compaction_begin,3,0
286.503,compaction_end,3,42992648
286.514,compaction_begin,3,0
286.931,compaction_end,3,42992650
286.942,compaction_begin,3,0
287.100,compaction_end,3,43367082
287.111,compaction_begin,3,0
287.275,compaction_end,3,43367083
287.285,compaction_begin,3,0
287.511,compaction_end,3,42992650
287.521,compaction_begin,3,0
287.865,compaction_end,3,43367082
287.875,compaction_begin,3,0
288.263,flush_begin,0,0
288.503,flush_end,0,2744554
288.871,compaction_end,3,45305110
288.881,compaction_begin,2,0
289.560,compaction_end,2,7125207
289.574,compaction_begin,3,0
289.950,compaction_end,3,43367080
289.962,compaction_begin,3,0
290.125,compaction_end,3,43367079
290.136,compaction_begin,3,0
290.321,compaction_end,3,43367078
290.332,compaction_begin,3,0
290.509,compaction_end,3,43367082
290.520,compaction_begin,3,0
290.724,compaction_end,3,42992647
290.734,compaction_begin,3,0
291.013,compaction_end,3,42992647
291.023,compaction_begin,3,0
291.248,compaction_end,3,43367081
291.259,compaction_begin,3,0
291.527,compaction_end,3,42992648
291.538,compaction_begin,3,0
291.830,compaction_end,3,43367080
291.841,compaction_begin,3,0
292.203,compaction_end,3,42992648
292.213,compaction_begin,3,0
292.375,compaction_end,3,43367082
292.386,compaction_begin,3,0
292.550,compaction_end,3,42992653
292.560,compaction_begin,3,0
293.060,compaction_end,3,42992648
293.071,compaction_begin,3,0
293.238,compaction_end,3,42992648
293.249,compaction_begin,3,0
293.414,compaction_end,3,42618172
293.424,compaction_begin,3,0
293.598,compaction_end,3,42992653
293.609,compaction_begin,3,0
293.870,flush_begin,0,0
294.110,flush_end,0,2744832
294.279,compaction_end,3,42992650
294.290,compaction_begin,2,0
294.694,compaction_end,2,7201938
294.703,compaction_begin,3,0
295.070,compaction_end,3,43367080
295.085,compaction_begin,3,0
295.259,compaction_end,3,43367082
295.271,compaction_begin,3,0
295.437,compaction_end,3,43367079
295.448,compaction_begin,3,0
295.918,compaction_end,3,42992648
295.929,compaction_begin,3,0
296.103,compaction_end,3,43367078
296.114,compaction_begin,3,0
296.276,compaction_end,3,42992653
296.284,compaction_begin,3,0
296.456,compaction_end,3,43367081
296.469,compaction_begin,3,0
296.759,compaction_end,3,43367080
296.769,compaction_begin,3,0
297.134,compaction_end,3,42992648
297.144,compaction_begin,3,0
297.309,compaction_end,3,42992654
297.319,compaction_begin,3,0
297.485,compaction_end,3,42992647
297.495,compaction_begin,3,0
297.828,compaction_end,3,43367080
297.838,compaction_begin,3,0
298.377,compaction_end,3,42992648
298.387,compaction_begin,3,0
298.548,compaction_end,3,42992651
298.556,compaction_begin,3,0
299.017,compaction_end,3,42992648
299.029,compaction_begin,3,0
299.114,flush_begin,0,0
299.353,flush_end,0,2744471
299.440,compaction_end,3,42992653
299.451,compaction_begin,2,0
300.126,compaction_end,2,7392801
300.142,compaction_begin,3,0
300.342,compaction_end,3,43367080
300.354,compaction_begin,3,0
300.525,compaction_end,3,43367082
300.536,compaction_begin,3,0
300.893,compaction_end,3,43367079
300.904,compaction_begin,3,0
301.093,compaction_end,3,43367081
301.104,compaction_begin,3,0
301.278,compaction_end,3,43367078
301.289,compaction_begin,3,0
301.450,compaction_end,3,42992652
301.460,compaction_begin,3,0
301.933,compaction_end,3,42992648
301.943,compaction_begin,3,0
302.105,compaction_end,3,42992653
302.115,compaction_begin,3,0
302.303,compaction_end,3,42992648
302.313,compaction_begin,3,0
302.474,compaction_end,3,42618172
302.484,compaction_begin,3,0
302.947,compaction_end,3,42992648
302.957,compaction_begin,3,0
303.116,compaction_end,3,42992654
303.126,compaction_begin,3,0
303.290,compaction_end,3,43367083
303.300,compaction_begin,3,0
303.463,compaction_end,3,43367080
303.473,compaction_begin,3,0
304.486,compaction_end,3,42992649
304.496,compaction_begin,3,0
304.756,flush_begin,0,0
304.997,flush_end,0,2744595
305.163,compaction_end,3,42992650
305.173,compaction_begin,2,0
305.600,compaction_end,2,7456319
305.617,compaction_begin,3,0
306.007,compaction_end,3,43367080
306.019,compaction_begin,3,0
306.202,compaction_end,3,43367082
306.213,compaction_begin,3,0
306.401,compaction_end,3,43367078
306.412,compaction_begin,3,0
306.716,compaction_end,3,42992648
306.726,compaction_begin,3,0
307.094,compaction_end,3,43367079
307.106,compaction_begin,3,0
307.301,compaction_end,3,43367081
307.312,compaction_begin,3,0
307.579,compaction_end,3,42992648
307.589,compaction_begin,3,0
308.069,compaction_end,3,42992648
308.080,compaction_begin,3,0
308.260,compaction_end,3,42992650
308.271,compaction_begin,3,0
308.445,compaction_end,3,43367080
308.455,compaction_begin,3,0
308.677,compaction_end,3,43367083
308.688,compaction_begin,3,0
308.892,compaction_end,3,42992652
308.902,compaction_begin,3,0
309.083,compaction_end,3,42992653
309.093,compaction_begin,3,0
309.306,compaction_end,3,43367082
309.316,compaction_begin,3,0
309.540,compaction_end,3,43367082
309.551,compaction_begin,3,0
309.777,compaction_end,3,42992654
309.787,compaction_begin,3,0
310.027,flush_begin,0,0
310.267,flush_end,0,2745037
310.440,compaction_end,3,42992651
310.451,compaction_begin,2,0
311.125,compaction_end,2,7560201
311.141,compaction_begin,3,0
311.340,compaction_end,3,43367080
311.352,compaction_begin,3,0
311.528,compaction_end,3,43367079
311.540,compaction_begin,3,0
311.926,compaction_end,3,43367078
311.937,compaction_begin,3,0
312.119,compaction_end,3,43367082
312.131,compaction_begin,3,0
312.351,compaction_end,3,42992648
312.361,compaction_begin,3,0
312.531,compaction_end,3,43367083
312.542,compaction_begin,3,0
312.929,compaction_end,3,43367081
312.940,compaction_begin,3,0
313.659,compaction_end,3,43367082
313.669,compaction_begin,3,0
314.176,compaction_end,3,42992648
314.186,compaction_begin,3,0
314.354,compaction_end,3,42992651
314.364,compaction_begin,3,0
314.534,compaction_end,3,42992652
314.544,compaction_begin,3,0
315.364,compaction_end,3,42992653
315.375,compaction_begin,3,0
315.430,flush_begin,0,0
315.671,flush_end,0,2744833
315.866,compaction_end,3,42992647
315.877,compaction_begin,2,0
316.561,compaction_end,2,7486803
316.579,compaction_begin,3,0
316.983,compaction_end,3,43367080
316.995,compaction_begin,3,0
317.187,compaction_end,3,43367082
317.198,compaction_begin,3,0
317.363,compaction_end,3,43367079
317.375,compaction_begin,3,0
317.810,compaction_end,3,42618173
317.817,compaction_begin,3,0
318.193,compaction_end,3,43367078
318.206,compaction_begin,3,0
318.497,compaction_end,3,42992648
318.507,compaction_begin,3,0
318.889,compaction_end,3,43367081
318.899,compaction_begin,3,0
319.174,compaction_end,3,42992650
319.185,compaction_begin,3,0
319.348,compaction_end,3,43367080
319.359,compaction_begin,3,0
319.546,compaction_end,3,42992648
319.557,compaction_begin,3,0
319.783,compaction_end,3,42992654
319.794,compaction_begin,3,0
319.961,compaction_end,3,42992653
319.972,compaction_begin,3,0
320.225,compaction_end,3,43367082
320.236,compaction_begin,3,0
320.398,compaction_end,3,42992653
320.406,compaction_begin,3,0
320.753,compaction_end,3,42992648
320.766,compaction_begin,3,0
321.019,flush_begin,0,0
321.259,flush_end,0,2744399
321.426,compaction_end,3,42992648
321.436,compaction_begin,2,0
322.111,compaction_end,2,7533106
322.127,compaction_begin,3,0
322.325,compaction_end,3,43367080
322.337,compaction_begin,3,0
322.501,compaction_end,3,43367079
322.513,compaction_begin,3,0
322.891,compaction_end,3,43367081
322.902,compaction_begin,3,0
323.074,compaction_end,3,43367082
323.085,compaction_begin,3,0
323.252,compaction_end,3,43367083
323.263,compaction_begin,3,0
323.428,compaction_end,3,42992653
323.438,compaction_begin,3,0
324.153,compaction_end,3,43367078
324.163,compaction_begin,3,0
324.623,compaction_end,3,42992648
324.635,compaction_begin,3,0
325.099,compaction_end,3,42992648
325.109,compaction_begin,3,0
325.272,compaction_end,3,43367082
325.283,compaction_begin,3,0
325.459,compaction_end,3,43367078
325.469,compaction_begin,3,0
325.661,compaction_end,3,42618173
325.672,compaction_begin,3,0
326.139,compaction_end,3,42992648
326.149,compaction_begin,3,0
326.250,flush_begin,0,0
326.490,flush_end,0,2744287
326.560,compaction_end,3,42992651
326.571,compaction_begin,2,0
327.249,compaction_end,2,7642064
327.265,compaction_begin,3,0
327.459,compaction_end,3,43367080
327.470,compaction_begin,3,0
327.826,compaction_end,3,43367079
327.837,compaction_begin,3,0
328.015,compaction_end,3,43367082
328.027,compaction_begin,3,0
328.250,compaction_end,3,42992650
328.262,compaction_begin,3,0
328.466,compaction_end,3,42992651
328.476,compaction_begin,3,0
328.961,compaction_end,3,42992648
328.971,compaction_begin,3,0
329.132,compaction_end,3,42992654
329.143,compaction_begin,3,0
329.318,compaction_end,3,43367078
329.329,compaction_begin,3,0
329.501,compaction_end,3,43367081
329.512,compaction_begin,3,0
329.734,compaction_end,3,43367083
329.745,compaction_begin,3,0
329.904,compaction_end,3,43367078
329.915,compaction_begin,3,0
330.365,compaction_end,3,42992648
330.376,compaction_begin,3,0
330.538,compaction_end,3,42992653
330.549,compaction_begin,3,0
331.042,compaction_end,3,42992648
331.053,compaction_begin,3,0
331.585,compaction_end,3,32415986
331.595,compaction_begin,3,0
331.786,flush_begin,0,0
332.027,flush_end,0,2744773
332.192,compaction_end,3,43367080
332.203,compaction_begin,2,0
332.700,compaction_end,2,7759889
332.717,compaction_begin,3,0
333.106,compaction_end,3,43367080
333.117,compaction_begin,3,0
333.282,compaction_end,3,42992653
333.292,compaction_begin,3,0
333.466,compaction_end,3,43367082
333.477,compaction_begin,3,0
333.830,compaction_end,3,43367079
333.842,compaction_begin,3,0
334.027,compaction_end,3,43367078
334.038,compaction_begin,3,0
334.196,compaction_end,3,43367078
334.206,compaction_begin,3,0
334.487,compaction_end,3,42992650
334.497,compaction_begin,3,0
334.790,compaction_end,3,43367082
334.801,compaction_begin,3,0
335.162,compaction_end,3,42992648
335.173,compaction_begin,3,0
335.337,compaction_end,3,42992648
335.348,compaction_begin,3,0
335.507,compaction_end,3,42618173
335.518,compaction_begin,3,0
335.862,compaction_end,3,43367082
335.873,compaction_begin,3,0
336.191,compaction_end,3,42992648
336.201,compaction_begin,3,0
336.367,compaction_end,3,42992648
336.378,compaction_begin,3,0
336.541,compaction_end,3,42992648
336.551,compaction_begin,3,0
336.932,compaction_end,3,43367081
336.942,compaction_begin,3,0
337.105,compaction_end,3,42992653
337.116,compaction_begin,3,0
337.171,flush_begin,0,0
337.412,flush_end,0,2744614
337.580,compaction_end,3,42992650
337.590,compaction_begin,2,0
338.264,compaction_end,2,7874767
338.280,compaction_begin,3,0
338.481,compaction_end,3,43367080
338.493,compaction_begin,3,0
338.845,compaction_end,3,43367079
338.857,compaction_begin,3,0
339.032,compaction_end,3,43367082
339.043,compaction_begin,3,0
339.207,compaction_end,3,42618173
339.217,compaction_begin,3,0
339.400,compaction_end,3,43367078
339.411,compaction_begin,3,0
339.586,compaction_end,3,43367081
339.597,compaction_begin,3,0
339.911,compaction_end,3,42992647
339.922,compaction_begin,3,0
340.084,compaction_end,3,42992653
340.095,compaction_begin,3,0
340.422,compaction_end,3,42992650
340.433,compaction_begin,3,0
340.644,compaction_end,3,43367083
340.655,compaction_begin,3,0
341.109,compaction_end,3,42992648
341.120,compaction_begin,3,0
341.286,compaction_end,3,42992653
341.297,compaction_begin,3,0
341.461,compaction_end,3,42992652
341.472,compaction_begin,3,0
341.939,compaction_end,3,42992651
341.949,compaction_begin,3,0
342.141,compaction_end,3,42992648
342.152,compaction_begin,3,0
342.314,compaction_end,3,42992650
342.324,compaction_begin,3,0
342.488,compaction_end,3,42992648
342.499,compaction_begin,3,0
342.684,flush_begin,0,0
342.923,flush_end,0,2744418
343.093,compaction_end,3,43367082
343.104,compaction_begin,2,0
343.616,compaction_end,2,7997866
343.632,compaction_begin,3,0
344.019,compaction_end,3,43367080
344.031,compaction_begin,3,0
344.217,compaction_end,3,43367082
344.229,compaction_begin,3,0
344.399,compaction_end,3,43367079
344.410,compaction_begin,3,0
344.581,compaction_end,3,43367079
344.592,compaction_begin,3,0
345.059,compaction_end,3,42992654
345.070,compaction_begin,3,0
345.303,compaction_end,3,42992654
345.314,compaction_begin,3,0
345.479,compaction_end,3,42992652
345.489,compaction_begin,3,0
345.984,compaction_end,3,42992652
345.995,compaction_begin,3,0
346.156,compaction_end,3,42992652
346.167,compaction_begin,3,0
346.385,compaction_end,3,42992652
346.396,compaction_begin,3,0
346.556,compaction_end,3,43367081
346.567,compaction_begin,3,0
346.784,compaction_end,3,42992653
346.794,compaction_begin,3,0
347.277,compaction_end,3,44030064
347.288,compaction_begin,3,0
347.506,compaction_end,3,43367084
347.517,compaction_begin,3,0
347.827,compaction_end,3,42992653
347.838,compaction_begin,3,0
347.987,flush_begin,0,0
348.226,flush_end,0,2744898
348.373,compaction_end,3,43367081
348.384,compaction_begin,2,0
348.860,compaction_end,2,8074210
348.876,compaction_begin,3,0
349.259,compaction_end,3,43367080
349.270,compaction_begin,3,0
349.449,compaction_end,3,43367082
349.461,compaction_begin,3,0
349.718,compaction_end,3,43367081
349.729,compaction_begin,3,0
349.995,compaction_end,3,43367079
350.007,compaction_begin,3,0
350.279,compaction_end,3,43367082
350.289,compaction_begin,3,0
350.460,compaction_end,3,43367078
350.471,compaction_begin,3,0
350.970,compaction_end,3,43367079
350.980,compaction_begin,3,0
351.142,compaction_end,3,43367080
351.153,compaction_begin,3,0
351.315,compaction_end,3,42992650
351.325,compaction_begin,3,0
