t,type,level,bytes
-29.859,flush_begin,0,0
-29.848,flush_end,0,2686930
-29.838,flush_begin,0,0
-29.826,flush_end,0,2686931
-29.816,flush_begin,0,0
-29.805,flush_end,0,2686931
-29.795,flush_begin,0,0
-29.784,flush_end,0,2686931
-29.774,flush_begin,0,0
-29.762,flush_end,0,2686931
-29.753,flush_begin,0,0
-29.742,flush_end,0,2686930
-29.732,flush_begin,0,0
-29.721,flush_end,0,2686932
-29.711,flush_begin,0,0
-29.700,flush_end,0,2686930
-29.690,flush_begin,0,0
-29.679,flush_end,0,2686932
-29.669,flush_begin,0,0
-29.659,flush_end,0,2686930
-29.649,flush_begin,0,0
-29.639,flush_end,0,2686931
-29.629,flush_begin,0,0
-29.619,flush_end,0,2686931
-29.609,flush_begin,0,0
-29.599,flush_end,0,2686930
-29.589,flush_begin,0,0
-29.579,flush_end,0,2686932
-29.569,flush_begin,0,0
-29.558,flush_end,0,2686930
-29.549,flush_begin,0,0
-29.538,flush_end,0,2686931
-29.528,flush_begin,0,0
-29.517,flush_end,0,2686931
-29.507,flush_begin,0,0
-29.497,flush_end,0,2686931
-29.487,flush_begin,0,0
-29.476,flush_end,0,2686931
-29.466,flush_begin,0,0
-29.456,flush_end,0,2686931
-29.445,flush_begin,0,0
-29.435,flush_end,0,2686930
-29.425,flush_begin,0,0
-29.414,flush_end,0,2686933
-29.404,flush_begin,0,0
-29.393,flush_end,0,2686930
-29.383,flush_begin,0,0
-29.373,flush_end,0,2686932
-29.363,flush_begin,0,0
-29.353,flush_end,0,2686930
-29.343,flush_begin,0,0
-29.333,flush_end,0,2686930
-29.323,flush_begin,0,0
-29.312,flush_end,0,2686932
-29.302,flush_begin,0,0
-29.292,flush_end,0,2686930
-29.282,flush_begin,0,0
-29.271,flush_end,0,2686932
-29.261,flush_begin,0,0
-29.251,flush_end,0,2686930
-29.242,flush_begin,0,0
-29.225,flush_end,0,2686931
-29.216,flush_begin,0,0
-29.206,flush_end,0,2686931
-29.196,flush_begin,0,0
-29.187,flush_end,0,2686931
-29.177,flush_begin,0,0
-29.168,flush_end,0,2686931
-29.158,flush_begin,0,0
-29.148,flush_end,0,2686931
-29.139,flush_begin,0,0
-29.129,flush_end,0,2686930
-29.119,flush_begin,0,0
-29.110,flush_end,0,2686932
-29.100,flush_begin,0,0
-29.090,flush_end,0,2686930
-29.080,flush_begin,0,0
-29.070,flush_end,0,2686931
-29.060,flush_begin,0,0
-29.050,flush_end,0,2686931
-29.034,trivial_move,3,2686930
-29.033,flush_begin,0,0
-29.022,flush_end,0,2686930
-29.006,trivial_move,3,2686931
-29.005,flush_begin,0,0
-28.995,flush_end,0,2686932
-28.980,trivial_move,3,2686931
-28.979,flush_begin,0,0
-28.969,flush_end,0,2686930
-28.953,trivial_move,3,2686931
-28.952,flush_begin,0,0
-28.942,flush_end,0,2686933
-28.926,trivial_move,3,2686931
-28.925,flush_begin,0,0
-28.914,flush_end,0,2686930
-28.898,trivial_move,3,2686930
-28.897,flush_begin,0,0
-28.886,flush_end,0,2686931
-28.870,trivial_move,3,2686932
-28.868,flush_begin,0,0
-28.857,flush_end,0,2686931
-28.841,trivial_move,3,2686930
-28.839,flush_begin,0,0
-28.828,flush_end,0,2686931
-28.812,trivial_move,3,2686932
-28.810,flush_begin,0,0
-28.799,flush_end,0,2686931
-28.783,trivial_move,3,2686930
-28.781,flush_begin,0,0
-28.769,flush_end,0,2686930
-28.753,trivial_move,3,2686931
-28.751,flush_begin,0,0
-28.738,flush_end,0,2686930
-28.721,trivial_move,3,2686931
-28.719,flush_begin,0,0
-28.707,flush_end,0,2686931
-28.691,trivial_move,3,2686930
-28.688,flush_begin,0,0
-28.676,flush_end,0,2686931
-28.660,trivial_move,3,2686932
-28.658,flush_begin,0,0
-28.646,flush_end,0,2686931
-28.630,trivial_move,3,2686930
-28.628,flush_begin,0,0
-28.616,flush_end,0,2686931
-28.600,trivial_move,3,2686931
-28.598,flush_begin,0,0
-28.586,flush_end,0,2686930
-28.570,trivial_move,3,2686931
-28.568,flush_begin,0,0
-28.556,flush_end,0,2686932
-28.540,trivial_move,3,2686931
-28.538,flush_begin,0,0
-28.525,flush_end,0,2686930
-28.508,trivial_move,3,2686931
-28.506,flush_begin,0,0
-28.494,flush_end,0,2686932
-28.478,trivial_move,3,2686931
-28.476,flush_begin,0,0
-28.463,flush_end,0,2686930
-28.447,trivial_move,3,2686930
-28.444,flush_begin,0,0
-28.432,flush_end,0,2686931
-28.416,trivial_move,3,2686933
-28.414,flush_begin,0,0
-28.401,flush_end,0,2686931
-28.385,trivial_move,3,2686930
-28.383,flush_begin,0,0
-28.370,flush_end,0,2686930
-28.354,trivial_move,3,2686932
-28.353,flush_begin,0,0
-28.341,flush_end,0,2686932
-28.325,trivial_move,3,2686930
-28.322,flush_begin,0,0
-28.309,flush_end,0,2686930
-28.293,trivial_move,3,2686930
-28.291,flush_begin,0,0
-28.279,flush_end,0,2686932
-28.263,trivial_move,3,2686932
-28.261,flush_begin,0,0
-28.249,flush_end,0,2686931
-28.233,trivial_move,3,2686930
-28.230,flush_begin,0,0
-28.217,flush_end,0,2686931
-28.201,trivial_move,3,2686932
-28.198,flush_begin,0,0
-28.186,flush_end,0,2686931
-28.170,trivial_move,3,2686930
-28.168,flush_begin,0,0
-28.155,flush_end,0,2686931
-28.139,trivial_move,3,2686931
-28.137,flush_begin,0,0
-28.124,flush_end,0,2686930
-28.108,trivial_move,3,2686931
-28.106,flush_begin,0,0
-28.094,flush_end,0,2686932
-28.078,trivial_move,3,2686931
-28.076,flush_begin,0,0
-28.064,flush_end,0,2686930
-28.048,trivial_move,3,2686931
-28.046,flush_begin,0,0
-28.033,flush_end,0,2686932
-28.017,trivial_move,3,2686931
-28.015,flush_begin,0,0
-28.002,flush_end,0,2686930
-27.986,trivial_move,3,2686930
-27.983,flush_begin,0,0
-27.970,flush_end,0,2686930
-27.954,trivial_move,3,2686932
-27.952,flush_begin,0,0
-27.939,flush_end,0,2686932
-27.923,trivial_move,3,2686930
-27.920,flush_begin,0,0
-27.907,flush_end,0,2686930
-27.891,trivial_move,3,2686931
-27.888,flush_begin,0,0
-27.876,flush_end,0,2686932
-27.860,trivial_move,3,2686931
-27.858,flush_begin,0,0
-27.846,flush_end,0,2686930
-27.830,trivial_move,3,2686930
-27.828,flush_begin,0,0
-27.816,flush_end,0,2686931
-27.800,trivial_move,3,2686932
-27.798,flush_begin,0,0
-27.786,flush_end,0,2686931
-27.770,trivial_move,3,2686930
-27.767,flush_begin,0,0
-27.754,flush_end,0,2686931
-27.738,trivial_move,3,2686933
-27.735,flush_begin,0,0
-27.723,flush_end,0,2686931
-27.707,trivial_move,3,2686930
-27.705,flush_begin,0,0
-27.692,flush_end,0,2686931
-27.676,trivial_move,3,2686931
-27.673,flush_begin,0,0
-27.660,flush_end,0,2686930
-27.644,trivial_move,3,2686931
-27.641,flush_begin,0,0
-27.629,flush_end,0,2686933
-27.613,trivial_move,3,2686931
-27.610,flush_begin,0,0
-27.598,flush_end,0,2686930
-27.582,trivial_move,3,2686931
-27.580,flush_begin,0,0
-27.567,flush_end,0,2686931
-27.551,trivial_move,3,2686930
-27.549,flush_begin,0,0
-27.537,flush_end,0,2686931
-27.520,trivial_move,3,2686930
-27.518,flush_begin,0,0
-27.505,flush_end,0,2686930
-27.489,trivial_move,3,2686931
-27.487,flush_begin,0,0
-27.474,flush_end,0,2686932
-27.459,trivial_move,3,2686931
-27.456,flush_begin,0,0
-27.443,flush_end,0,2686930
-27.427,trivial_move,3,2686931
-27.423,flush_begin,0,0
-27.410,flush_end,0,2686932
-27.394,trivial_move,3,2686931
-27.392,flush_begin,0,0
-27.379,flush_end,0,2686930
-27.363,trivial_move,3,2686930
-27.361,flush_begin,0,0
-27.347,flush_end,0,2686931
-27.331,trivial_move,3,2686932
-27.329,flush_begin,0,0
-27.315,flush_end,0,2686931
-27.299,trivial_move,3,2686930
-27.297,flush_begin,0,0
-27.283,flush_end,0,2686931
-27.267,trivial_move,3,2686932
-27.264,flush_begin,0,0
-27.250,flush_end,0,2686931
-27.234,trivial_move,3,2686930
-27.231,flush_begin,0,0
-27.219,flush_end,0,2686930
-27.203,trivial_move,3,2686931
-27.201,flush_begin,0,0
-27.188,flush_end,0,2686930
-27.173,trivial_move,3,2686931
-27.171,flush_begin,0,0
-27.159,flush_end,0,2686931
-27.143,trivial_move,3,2686930
-27.140,flush_begin,0,0
-27.128,flush_end,0,2686931
-27.112,trivial_move,3,2686932
-27.109,flush_begin,0,0
-27.097,flush_end,0,2686931
-27.081,trivial_move,3,2686930
-27.078,flush_begin,0,0
-27.066,flush_end,0,2686931
-27.050,trivial_move,3,2686932
-27.048,flush_begin,0,0
-27.035,flush_end,0,2686930
-27.019,trivial_move,3,2686931
-27.016,flush_begin,0,0
-27.003,flush_end,0,2686932
-26.987,trivial_move,3,2686931
-26.985,flush_begin,0,0
-26.972,flush_end,0,2686930
-26.956,trivial_move,3,2686931
-26.954,flush_begin,0,0
-26.941,flush_end,0,2686933
-26.925,trivial_move,3,2686931
-26.922,flush_begin,0,0
-26.909,flush_end,0,2686930
-26.893,trivial_move,3,2686930
-26.890,flush_begin,0,0
-26.878,flush_end,0,2686931
-26.862,trivial_move,3,2686932
-26.859,flush_begin,0,0
-26.846,flush_end,0,2686931
-26.830,trivial_move,3,2686930
-26.828,flush_begin,0,0
-26.816,flush_end,0,2686930
-26.800,trivial_move,3,2686932
-26.798,flush_begin,0,0
-26.786,flush_end,0,2686932
-26.770,trivial_move,3,2686930
-26.768,flush_begin,0,0
-26.755,flush_end,0,2686930
-26.739,trivial_move,3,2686930
-26.737,flush_begin,0,0
-26.724,flush_end,0,2686931
-26.708,trivial_move,3,2686932
-26.706,flush_begin,0,0
-26.694,flush_end,0,2686931
-26.678,trivial_move,3,2686930
-26.676,flush_begin,0,0
-26.664,flush_end,0,2686931
-26.648,trivial_move,3,2686932
-26.646,flush_begin,0,0
-26.634,flush_end,0,2686931
-26.618,trivial_move,3,2686930
-26.616,flush_begin,0,0
-26.604,flush_end,0,2686931
-26.588,trivial_move,3,2686931
-26.586,flush_begin,0,0
-26.573,flush_end,0,2686930
-26.558,trivial_move,3,2686931
-26.556,flush_begin,0,0
-26.544,flush_end,0,2686932
-26.528,trivial_move,3,2686931
-26.526,flush_begin,0,0
-26.513,flush_end,0,2686930
-26.497,trivial_move,3,2686931
-26.495,flush_begin,0,0
-26.483,flush_end,0,2686932
-26.467,trivial_move,3,2686931
-26.465,flush_begin,0,0
-26.453,flush_end,0,2686930
-26.437,trivial_move,3,2686930
-26.435,flush_begin,0,0
-26.422,flush_end,0,2686930
-26.406,trivial_move,3,2686933
-26.404,flush_begin,0,0
-26.391,flush_end,0,2686932
-26.375,trivial_move,3,2686930
-26.373,flush_begin,0,0
-26.360,flush_end,0,2686930
-26.344,trivial_move,3,2686931
-26.341,flush_begin,0,0
-26.329,flush_end,0,2686932
-26.313,trivial_move,3,2686931
-26.311,flush_begin,0,0
-26.298,flush_end,0,2686930
-26.283,trivial_move,3,2686930
-26.281,flush_begin,0,0
-26.268,flush_end,0,2686932
-26.252,trivial_move,3,2686932
-26.249,flush_begin,0,0
-26.236,flush_end,0,2686931
-26.220,trivial_move,3,2686930
-26.218,flush_begin,0,0
-26.205,flush_end,0,2686931
-26.189,trivial_move,3,2686932
-26.186,flush_begin,0,0
-26.173,flush_end,0,2686931
-26.157,trivial_move,3,2686930
-26.155,flush_begin,0,0
-26.143,flush_end,0,2686931
-26.127,trivial_move,3,2686931
-26.125,flush_begin,0,0
-26.112,flush_end,0,2686930
-26.096,trivial_move,3,2686931
-26.094,flush_begin,0,0
-26.081,flush_end,0,2686932
-26.065,trivial_move,3,2686931
-26.063,flush_begin,0,0
-26.050,flush_end,0,2686930
-26.034,trivial_move,3,2686931
-26.032,flush_begin,0,0
-26.018,flush_end,0,2686931
-26.002,trivial_move,3,2686930
-25.999,flush_begin,0,0
-25.986,flush_end,0,2686931
-25.970,trivial_move,3,2686930
-25.967,flush_begin,0,0
-25.954,flush_end,0,2686930
-25.938,trivial_move,3,2686931
-25.935,flush_begin,0,0
-25.922,flush_end,0,2686932
-25.906,trivial_move,3,2686931
-25.903,flush_begin,0,0
-25.890,flush_end,0,2686930
-25.874,trivial_move,3,2686931
-25.871,flush_begin,0,0
-25.858,flush_end,0,2686932
-25.842,trivial_move,3,2686931
-25.839,flush_begin,0,0
-25.826,flush_end,0,2686930
-25.810,trivial_move,3,2686930
-25.807,flush_begin,0,0
-25.794,flush_end,0,2686931
-25.778,trivial_move,3,2686932
-25.775,flush_begin,0,0
-25.762,flush_end,0,2686931
-25.746,trivial_move,3,2686930
-25.744,flush_begin,0,0
-25.731,flush_end,0,2686931
-25.715,trivial_move,3,2686933
-25.713,flush_begin,0,0
-25.700,flush_end,0,2686931
-25.684,trivial_move,3,2686930
-25.682,flush_begin,0,0
-25.669,flush_end,0,2686930
-25.653,trivial_move,3,2686931
-25.651,flush_begin,0,0
-25.638,flush_end,0,2686930
-25.622,trivial_move,3,2686931
-25.620,flush_begin,0,0
-25.608,flush_end,0,2686931
-25.592,trivial_move,3,2686930
-25.590,flush_begin,0,0
-25.577,flush_end,0,2686932
-25.561,trivial_move,3,2686932
-25.559,flush_begin,0,0
-25.546,flush_end,0,2686931
-25.530,trivial_move,3,2686930
-25.528,flush_begin,0,0
-25.515,flush_end,0,2686931
-25.499,trivial_move,3,2686931
-25.497,flush_begin,0,0
-25.483,flush_end,0,2686930
-25.467,trivial_move,3,2686931
-25.465,flush_begin,0,0
-25.453,flush_end,0,2686932
-25.437,trivial_move,3,2686931
-25.435,flush_begin,0,0
-25.423,flush_end,0,2686930
-25.407,trivial_move,3,2686931
-25.405,flush_begin,0,0
-25.393,flush_end,0,2686932
-25.377,trivial_move,3,2686931
-25.375,flush_begin,0,0
-25.362,flush_end,0,2686930
-25.346,trivial_move,3,2686930
-25.344,flush_begin,0,0
-25.331,flush_end,0,2686931
-25.315,trivial_move,3,2686932
-25.312,flush_begin,0,0
-25.299,flush_end,0,2686931
-25.283,trivial_move,3,2686930
-25.280,flush_begin,0,0
-25.267,flush_end,0,2686930
-25.251,trivial_move,3,2686932
-25.249,flush_begin,0,0
-25.236,flush_end,0,2686932
-25.220,trivial_move,3,2686930
-25.218,flush_begin,0,0
-25.205,flush_end,0,2686930
-25.189,trivial_move,3,2686930
-25.186,flush_begin,0,0
-25.173,flush_end,0,2686931
-25.157,trivial_move,3,2686932
-25.155,flush_begin,0,0
-25.142,flush_end,0,2686931
-25.126,trivial_move,3,2686930
-25.124,flush_begin,0,0
-25.111,flush_end,0,2686931
-25.095,trivial_move,3,2686932
-25.093,flush_begin,0,0
-25.080,flush_end,0,2686931
-25.064,trivial_move,3,2686930
-25.062,flush_begin,0,0
-25.050,flush_end,0,2686931
-25.034,trivial_move,3,2686932
-25.031,flush_begin,0,0
-25.018,flush_end,0,2686930
-25.002,trivial_move,3,2686931
-25.000,flush_begin,0,0
-24.987,flush_end,0,2686932
-24.972,trivial_move,3,2686931
-24.970,flush_begin,0,0
-24.957,flush_end,0,2686930
-24.941,trivial_move,3,2686931
-24.939,flush_begin,0,0
-24.927,flush_end,0,2686933
-24.911,trivial_move,3,2686931
-24.909,flush_begin,0,0
-24.897,flush_end,0,2686930
-24.881,trivial_move,3,2686930
-24.879,flush_begin,0,0
-24.867,flush_end,0,2686930
-24.851,trivial_move,3,2686932
-24.849,flush_begin,0,0
-24.837,flush_end,0,2686932
-24.820,trivial_move,3,2686930
-24.818,flush_begin,0,0
-24.806,flush_end,0,2686930
-24.790,trivial_move,3,2686931
-24.788,flush_begin,0,0
-24.775,flush_end,0,2686932
-24.760,trivial_move,3,2686931
-24.758,flush_begin,0,0
-24.746,flush_end,0,2686930
-24.729,trivial_move,3,2686930
-24.728,flush_begin,0,0
-24.715,flush_end,0,2686931
-24.699,trivial_move,3,2686932
-24.697,flush_begin,0,0
-24.685,flush_end,0,2686931
-24.669,trivial_move,3,2686930
-24.667,flush_begin,0,0
-24.656,flush_end,0,2686931
-24.640,trivial_move,3,2686932
-24.638,flush_begin,0,0
-24.627,flush_end,0,2686931
-24.611,trivial_move,3,2686930
-24.609,flush_begin,0,0
-24.598,flush_end,0,2686931
-24.582,trivial_move,3,2686931
-24.580,flush_begin,0,0
-24.568,flush_end,0,2686930
-24.552,trivial_move,3,2686931
-24.550,flush_begin,0,0
-24.538,flush_end,0,2686932
-24.522,trivial_move,3,2686931
-24.520,flush_begin,0,0
-24.508,flush_end,0,2686930
-24.492,trivial_move,3,2686931
-24.490,flush_begin,0,0
-24.478,flush_end,0,2686931
-24.462,trivial_move,3,2686930
-24.460,flush_begin,0,0
-24.448,flush_end,0,2686931
-24.432,trivial_move,3,2686930
-24.430,flush_begin,0,0
-24.418,flush_end,0,2686930
-24.402,trivial_move,3,2686931
-24.400,flush_begin,0,0
-24.388,flush_end,0,2686932
-24.372,trivial_move,3,2686932
-24.370,flush_begin,0,0
-24.359,flush_end,0,2686930
-24.343,trivial_move,3,2686931
-24.341,flush_begin,0,0
-24.329,flush_end,0,2686932
-24.313,trivial_move,3,2686931
-24.311,flush_begin,0,0
-24.299,flush_end,0,2686930
-24.283,trivial_move,3,2686930
-24.282,flush_begin,0,0
-24.270,flush_end,0,2686932
-24.254,trivial_move,3,2686932
-24.252,flush_begin,0,0
-24.240,flush_end,0,2686931
-24.224,trivial_move,3,2686930
-24.222,flush_begin,0,0
-24.210,flush_end,0,2686931
-24.194,trivial_move,3,2686932
-24.192,flush_begin,0,0
-24.181,flush_end,0,2686931
-24.165,trivial_move,3,2686930
-24.164,flush_begin,0,0
-24.152,flush_end,0,2686930
-24.136,trivial_move,3,2686931
-24.134,flush_begin,0,0
-24.122,flush_end,0,2686930
-24.106,trivial_move,3,2686931
-24.104,flush_begin,0,0
-24.091,flush_end,0,2686931
-24.075,trivial_move,3,2686930
-24.073,flush_begin,0,0
-24.061,flush_end,0,2686931
-24.045,trivial_move,3,2686932
-24.043,flush_begin,0,0
-24.031,flush_end,0,2686931
-24.015,trivial_move,3,2686930
-24.013,flush_begin,0,0
-24.001,flush_end,0,2686931
-23.985,trivial_move,3,2686931
-23.983,flush_begin,0,0
-23.971,flush_end,0,2686930
-23.954,trivial_move,3,2686931
-23.951,flush_begin,0,0
-23.939,flush_end,0,2686932
-23.923,trivial_move,3,2686931
-23.920,flush_begin,0,0
-23.907,flush_end,0,2686930
-23.891,trivial_move,3,2686931
-23.889,flush_begin,0,0
-23.877,flush_end,0,2686932
-23.857,trivial_move,3,2686931
-23.855,flush_begin,0,0
-23.843,flush_end,0,2686930
-23.827,trivial_move,3,2686930
-23.825,flush_begin,0,0
-23.812,flush_end,0,2686931
-23.796,trivial_move,3,2686932
-23.794,flush_begin,0,0
-23.781,flush_end,0,2686931
-23.765,trivial_move,3,2686930
-23.763,flush_begin,0,0
-23.749,flush_end,0,2686930
-23.733,trivial_move,3,2686933
-23.731,flush_begin,0,0
-23.718,flush_end,0,2686932
-23.703,trivial_move,3,2686930
-23.701,flush_begin,0,0
-23.687,flush_end,0,2686930
-23.671,trivial_move,3,2686930
-23.668,flush_begin,0,0
-23.655,flush_end,0,2686931
-23.639,trivial_move,3,2686932
-23.636,flush_begin,0,0
-23.623,flush_end,0,2686931
-23.607,trivial_move,3,2686930
-23.604,flush_begin,0,0
-23.592,flush_end,0,2686933
-23.576,trivial_move,3,2686932
-23.574,flush_begin,0,0
-23.561,flush_end,0,2686931
-23.545,trivial_move,3,2686930
-23.543,flush_begin,0,0
-23.530,flush_end,0,2686931
-23.514,trivial_move,3,2686931
-23.512,flush_begin,0,0
-23.500,flush_end,0,2686930
-23.484,trivial_move,3,2686931
-23.481,flush_begin,0,0
-23.470,flush_end,0,2686932
-23.453,trivial_move,3,2686931
-23.451,flush_begin,0,0
-23.438,flush_end,0,2686930
-23.422,trivial_move,3,2686931
-23.420,flush_begin,0,0
-23.407,flush_end,0,2686932
-23.391,trivial_move,3,2686931
-23.389,flush_begin,0,0
-23.376,flush_end,0,2686930
-23.360,trivial_move,3,2686930
-23.357,flush_begin,0,0
-23.344,flush_end,0,2686930
-23.328,trivial_move,3,2686932
-23.325,flush_begin,0,0
-23.312,flush_end,0,2686932
-23.296,trivial_move,3,2686930
-23.294,flush_begin,0,0
-23.281,flush_end,0,2686930
-23.265,trivial_move,3,2686931
-23.263,flush_begin,0,0
-23.249,flush_end,0,2686932
-23.233,trivial_move,3,2686931
-23.231,flush_begin,0,0
-23.219,flush_end,0,2686930
-23.203,trivial_move,3,2686930
-23.201,flush_begin,0,0
-23.188,flush_end,0,2686931
-23.172,trivial_move,3,2686932
-23.170,flush_begin,0,0
-23.157,flush_end,0,2686931
-23.141,trivial_move,3,2686930
-23.139,flush_begin,0,0
-23.127,flush_end,0,2686931
-23.111,trivial_move,3,2686932
-23.109,flush_begin,0,0
-23.096,flush_end,0,2686931
-23.080,trivial_move,3,2686930
-23.078,flush_begin,0,0
-23.065,flush_end,0,2686931
-23.049,trivial_move,3,2686932
-23.047,flush_begin,0,0
-23.034,flush_end,0,2686930
-23.018,trivial_move,3,2686931
-23.015,flush_begin,0,0
-23.003,flush_end,0,2686932
-22.987,trivial_move,3,2686931
-22.984,flush_begin,0,0
-22.970,flush_end,0,2686930
-22.953,trivial_move,3,2686931
-22.950,flush_begin,0,0
-22.938,flush_end,0,2686931
-22.922,trivial_move,3,2686930
-22.919,flush_begin,0,0
-22.906,flush_end,0,2686932
-22.890,trivial_move,3,2686930
-22.888,flush_begin,0,0
-22.875,flush_end,0,2686930
-22.859,trivial_move,3,2686931
-22.857,flush_begin,0,0
-22.844,flush_end,0,2686932
-22.828,trivial_move,3,2686931
-22.826,flush_begin,0,0
-22.814,flush_end,0,2686930
-22.798,trivial_move,3,2686931
-22.794,flush_begin,0,0
-22.782,flush_end,0,2686932
-22.765,trivial_move,3,2686931
-22.763,flush_begin,0,0
-22.750,flush_end,0,2686930
-22.734,trivial_move,3,2686930
-22.731,flush_begin,0,0
-22.718,flush_end,0,2686931
-22.702,trivial_move,3,2686932
-22.699,flush_begin,0,0
-22.685,flush_end,0,2686931
-22.668,trivial_move,3,2686930
-22.666,flush_begin,0,0
-22.652,flush_end,0,2686931
-22.636,trivial_move,3,2686932
-22.634,flush_begin,0,0
-22.624,flush_end,0,2686931
-22.608,trivial_move,3,2686930
-22.606,flush_begin,0,0
-22.597,flush_end,0,2686930
-22.581,trivial_move,3,2686931
-22.580,flush_begin,0,0
-22.570,flush_end,0,2686930
-22.554,trivial_move,3,2686931
-22.554,flush_begin,0,0
-22.544,flush_end,0,2686931
-22.528,trivial_move,3,2686930
-22.528,flush_begin,0,0
-22.518,flush_end,0,2686931
-22.502,trivial_move,3,2686932
-22.502,flush_begin,0,0
-22.491,flush_end,0,2686931
-22.475,trivial_move,3,2686930
-22.474,flush_begin,0,0
-22.464,flush_end,0,2686931
-22.448,trivial_move,3,2686931
-22.446,flush_begin,0,0
-22.436,flush_end,0,2686930
-22.419,trivial_move,3,2686931
-22.418,flush_begin,0,0
-22.406,flush_end,0,2686932
-22.390,trivial_move,3,2686933
-22.389,flush_begin,0,0
-22.378,flush_end,0,2686930
-22.362,trivial_move,3,2686931
-22.360,flush_begin,0,0
-22.348,flush_end,0,2686932
-22.332,trivial_move,3,2686931
-22.330,flush_begin,0,0
-22.319,flush_end,0,2686930
-22.303,trivial_move,3,2686930
-22.301,flush_begin,0,0
-22.290,flush_end,0,2686932
-22.274,trivial_move,3,2686932
-22.272,flush_begin,0,0
-22.261,flush_end,0,2686931
-22.245,trivial_move,3,2686930
-22.244,flush_begin,0,0
-22.232,flush_end,0,2686930
-22.216,trivial_move,3,2686932
-22.215,flush_begin,0,0
-22.204,flush_end,0,2686932
-22.188,trivial_move,3,2686930
-22.187,flush_begin,0,0
-22.175,flush_end,0,2686930
-22.159,trivial_move,3,2686930
-22.157,flush_begin,0,0
-22.145,flush_end,0,2686931
-22.129,trivial_move,3,2686932
-22.127,flush_begin,0,0
-22.115,flush_end,0,2686931
-22.099,trivial_move,3,2686930
-22.098,flush_begin,0,0
-22.086,flush_end,0,2686931
-22.070,trivial_move,3,2686932
-22.068,flush_begin,0,0
-22.055,flush_end,0,2686931
-22.039,trivial_move,3,2686930
-22.037,flush_begin,0,0
-22.024,flush_end,0,2686931
-22.008,trivial_move,3,2686931
-22.006,flush_begin,0,0
-21.992,flush_end,0,2686930
-21.976,trivial_move,3,2686931
-21.974,flush_begin,0,0
-21.961,flush_end,0,2686932
-21.945,trivial_move,3,2686931
-21.943,flush_begin,0,0
-21.931,flush_end,0,2686930
-21.915,trivial_move,3,2686931
-21.912,flush_begin,0,0
-21.899,flush_end,0,2686932
-21.883,trivial_move,3,2686931
-21.881,flush_begin,0,0
-21.868,flush_end,0,2686930
-21.852,trivial_move,3,2686930
-21.850,flush_begin,0,0
-21.837,flush_end,0,2686930
-21.821,trivial_move,3,2686932
-21.819,flush_begin,0,0
-21.806,flush_end,0,2686932
-21.790,trivial_move,3,2686930
-21.788,flush_begin,0,0
-21.775,flush_end,0,2686930
-21.759,trivial_move,3,2686931
-21.757,flush_begin,0,0
-21.744,flush_end,0,2686932
-21.728,trivial_move,3,2686932
-21.726,flush_begin,0,0
-21.712,flush_end,0,2686930
-21.696,trivial_move,3,2686930
-21.694,flush_begin,0,0
-21.681,flush_end,0,2686931
-21.665,trivial_move,3,2686932
-21.664,flush_begin,0,0
-21.651,flush_end,0,2686931
-21.635,trivial_move,3,2686930
-21.634,flush_begin,0,0
-21.621,flush_end,0,2686932
-21.605,trivial_move,3,2686932
-21.603,flush_begin,0,0
-21.591,flush_end,0,2686931
-21.575,trivial_move,3,2686930
-21.573,flush_begin,0,0
-21.561,flush_end,0,2686931
-21.545,trivial_move,3,2686931
-21.543,flush_begin,0,0
-21.530,flush_end,0,2686930
-21.514,trivial_move,3,2686931
-21.513,flush_begin,0,0
-21.500,flush_end,0,2686932
-21.484,trivial_move,3,2686931
-21.482,flush_begin,0,0
-21.469,flush_end,0,2686930
-21.454,trivial_move,3,2686931
-21.451,flush_begin,0,0
-21.438,flush_end,0,2686931
-21.422,trivial_move,3,2686930
-21.419,flush_begin,0,0
-21.406,flush_end,0,2686931
-21.390,trivial_move,3,2686930
-21.388,flush_begin,0,0
-21.374,flush_end,0,2686930
-21.358,trivial_move,3,2686931
-21.356,flush_begin,0,0
-21.343,flush_end,0,2686932
-21.327,trivial_move,3,2686931
-21.324,flush_begin,0,0
-21.312,flush_end,0,2686930
-21.296,trivial_move,3,2686931
-21.294,flush_begin,0,0
-21.282,flush_end,0,2686932
-21.266,trivial_move,3,2686931
-21.264,flush_begin,0,0
-21.252,flush_end,0,2686930
-21.236,trivial_move,3,2686930
-21.234,flush_begin,0,0
-21.222,flush_end,0,2686931
-21.206,trivial_move,3,2686932
-21.204,flush_begin,0,0
-21.192,flush_end,0,2686931
-21.176,trivial_move,3,2686930
-21.174,flush_begin,0,0
-21.162,flush_end,0,2686931
-21.146,trivial_move,3,2686932
-21.144,flush_begin,0,0
-21.131,flush_end,0,2686931
-21.115,trivial_move,3,2686930
-21.113,flush_begin,0,0
-21.100,flush_end,0,2686930
-21.084,trivial_move,3,2686932
-21.082,flush_begin,0,0
-21.068,flush_end,0,2686930
-21.052,trivial_move,3,2686931
-21.049,flush_begin,0,0
-21.036,flush_end,0,2686931
-21.020,trivial_move,3,2686930
-21.018,flush_begin,0,0
-21.005,flush_end,0,2686931
-20.989,trivial_move,3,2686932
-20.987,flush_begin,0,0
-20.974,flush_end,0,2686931
-20.958,trivial_move,3,2686930
-20.955,flush_begin,0,0
-20.943,flush_end,0,2686932
-20.927,trivial_move,3,2686931
-20.924,flush_begin,0,0
-20.912,flush_end,0,2686930
-20.896,trivial_move,3,2686931
-20.894,flush_begin,0,0
-20.881,flush_end,0,2686932
-20.863,trivial_move,3,2686931
-20.860,flush_begin,0,0
-20.847,flush_end,0,2686930
-20.830,trivial_move,3,2686931
-20.828,flush_begin,0,0
-20.815,flush_end,0,2686932
-20.799,trivial_move,3,2686931
-20.797,flush_begin,0,0
-20.784,flush_end,0,2686930
-20.768,trivial_move,3,2686930
-20.766,flush_begin,0,0
-20.754,flush_end,0,2686931
-20.738,trivial_move,3,2686932
-20.736,flush_begin,0,0
-20.723,flush_end,0,2686931
-20.706,trivial_move,3,2686930
-20.703,flush_begin,0,0
-20.691,flush_end,0,2686930
-20.675,trivial_move,3,2686932
-20.674,flush_begin,0,0
-20.661,flush_end,0,2686932
-20.645,trivial_move,3,2686930
-20.644,flush_begin,0,0
-20.632,flush_end,0,2686930
-20.616,trivial_move,3,2686930
-20.614,flush_begin,0,0
-20.601,flush_end,0,2686931
-20.585,trivial_move,3,2686932
-20.583,flush_begin,0,0
-20.570,flush_end,0,2686931
-20.554,trivial_move,3,2686930
-20.551,flush_begin,0,0
-20.538,flush_end,0,2686931
-20.522,trivial_move,3,2686932
-20.520,flush_begin,0,0
-20.507,flush_end,0,2686931
-20.491,trivial_move,3,2686930
-20.489,flush_begin,0,0
-20.476,flush_end,0,2686931
-20.460,trivial_move,3,2686931
-20.458,flush_begin,0,0
-20.446,flush_end,0,2686930
-20.430,trivial_move,3,2686931
-20.426,flush_begin,0,0
-20.413,flush_end,0,2686932
-20.397,trivial_move,3,2686932
-20.394,flush_begin,0,0
-20.382,flush_end,0,2686930
-20.366,trivial_move,3,2686931
-20.364,flush_begin,0,0
-20.352,flush_end,0,2686932
-20.336,trivial_move,3,2686931
-20.335,flush_begin,0,0
-20.322,flush_end,0,2686930
-20.306,trivial_move,3,2686930
-20.305,flush_begin,0,0
-20.292,flush_end,0,2686930
-20.277,trivial_move,3,2686932
-20.275,flush_begin,0,0
-20.262,flush_end,0,2686933
-20.246,trivial_move,3,2686930
-20.244,flush_begin,0,0
-20.231,flush_end,0,2686930
-20.215,trivial_move,3,2686931
-20.212,flush_begin,0,0
-20.199,flush_end,0,2686932
-20.183,trivial_move,3,2686931
-20.180,flush_begin,0,0
-20.167,flush_end,0,2686930
-20.150,trivial_move,3,2686930
-20.147,flush_begin,0,0
-20.135,flush_end,0,2686931
-20.119,trivial_move,3,2686932
-20.117,flush_begin,0,0
-20.103,flush_end,0,2686931
-20.087,trivial_move,3,2686930
-20.085,flush_begin,0,0
-20.071,flush_end,0,2686931
-20.054,trivial_move,3,2686932
-20.052,flush_begin,0,0
-20.038,flush_end,0,2686931
-20.022,trivial_move,3,2686930
-20.020,flush_begin,0,0
-20.006,flush_end,0,2686931
-19.990,trivial_move,3,2686931
-19.988,flush_begin,0,0
-19.974,flush_end,0,2686930
-19.958,trivial_move,3,2686931
-19.956,flush_begin,0,0
-19.942,flush_end,0,2686932
-19.926,trivial_move,3,2686931
-19.923,flush_begin,0,0
-19.909,flush_end,0,2686930
-19.893,trivial_move,3,2686931
-19.891,flush_begin,0,0
-19.877,flush_end,0,2686931
-19.860,trivial_move,3,2686930
-19.857,flush_begin,0,0
-19.844,flush_end,0,2686931
-19.828,trivial_move,3,2686930
-19.826,flush_begin,0,0
-19.813,flush_end,0,2686930
-19.797,trivial_move,3,2686931
-19.795,flush_begin,0,0
-19.782,flush_end,0,2686932
-19.765,trivial_move,3,2686931
-19.763,flush_begin,0,0
-19.751,flush_end,0,2686930
-19.735,trivial_move,3,2686931
-19.733,flush_begin,0,0
-19.721,flush_end,0,2686932
-19.705,trivial_move,3,2686932
-19.704,flush_begin,0,0
-19.691,flush_end,0,2686930
-19.674,trivial_move,3,2686930
-19.672,flush_begin,0,0
-19.660,flush_end,0,2686931
-19.644,trivial_move,3,2686932
-19.641,flush_begin,0,0
-19.628,flush_end,0,2686931
-19.607,trivial_move,3,2686930
-19.605,flush_begin,0,0
-19.592,flush_end,0,2686932
-19.576,trivial_move,3,2686932
-19.574,flush_begin,0,0
-19.561,flush_end,0,2686931
-19.545,trivial_move,3,2686930
-19.542,flush_begin,0,0
-19.530,flush_end,0,2686930
-19.514,trivial_move,3,2686931
-19.512,flush_begin,0,0
-19.499,flush_end,0,2686930
-19.482,trivial_move,3,2686931
-19.480,flush_begin,0,0
-19.468,flush_end,0,2686931
-19.451,trivial_move,3,2686930
-19.448,flush_begin,0,0
-19.435,flush_end,0,2686931
-19.419,trivial_move,3,2686932
-19.417,flush_begin,0,0
-19.404,flush_end,0,2686931
-19.387,trivial_move,3,2686930
-19.385,flush_begin,0,0
-19.372,flush_end,0,2686931
-19.356,trivial_move,3,2686931
-19.354,flush_begin,0,0
-19.342,flush_end,0,2686930
-19.326,trivial_move,3,2686931
-19.324,flush_begin,0,0
-19.311,flush_end,0,2686932
-19.295,trivial_move,3,2686931
-19.293,flush_begin,0,0
-19.280,flush_end,0,2686930
-19.264,trivial_move,3,2686931
-19.262,flush_begin,0,0
-19.250,flush_end,0,2686932
-19.234,trivial_move,3,2686931
-19.232,flush_begin,0,0
-19.220,flush_end,0,2686930
-19.203,trivial_move,3,2686930
-19.201,flush_begin,0,0
-19.190,flush_end,0,2686931
-19.174,trivial_move,3,2686932
-19.173,flush_begin,0,0
-19.161,flush_end,0,2686931
-19.145,trivial_move,3,2686930
-19.144,flush_begin,0,0
-19.132,flush_end,0,2686930
-19.115,trivial_move,3,2686932
-19.114,flush_begin,0,0
-19.102,flush_end,0,2686932
-19.086,trivial_move,3,2686930
-19.084,flush_begin,0,0
-19.072,flush_end,0,2686930
-19.056,trivial_move,3,2686930
-19.054,flush_begin,0,0
-19.042,flush_end,0,2686931
-19.025,trivial_move,3,2686933
-19.023,flush_begin,0,0
-19.011,flush_end,0,2686931
-18.995,trivial_move,3,2686930
-18.994,flush_begin,0,0
-18.982,flush_end,0,2686931
-18.966,trivial_move,3,2686932
-18.964,flush_begin,0,0
-18.953,flush_end,0,2686931
-18.936,trivial_move,3,2686930
-18.934,flush_begin,0,0
-18.922,flush_end,0,2686932
-18.906,trivial_move,3,2686931
-18.905,flush_begin,0,0
-18.893,flush_end,0,2686930
-18.877,trivial_move,3,2686931
-18.876,flush_begin,0,0
-18.863,flush_end,0,2686932
-18.846,trivial_move,3,2686931
-18.844,flush_begin,0,0
-18.831,flush_end,0,2686930
-18.815,trivial_move,3,2686931
-18.813,flush_begin,0,0
-18.800,flush_end,0,2686932
-18.784,trivial_move,3,2686931
-18.782,flush_begin,0,0
-18.769,flush_end,0,2686930
-18.752,trivial_move,3,2686930
-18.750,flush_begin,0,0
-18.737,flush_end,0,2686930
-18.720,trivial_move,3,2686932
-18.718,flush_begin,0,0
-18.705,flush_end,0,2686932
-18.689,trivial_move,3,2686930
-18.686,flush_begin,0,0
-18.674,flush_end,0,2686930
-18.657,trivial_move,3,2686931
-18.655,flush_begin,0,0
-18.643,flush_end,0,2686932
-18.627,trivial_move,3,2686931
-18.625,flush_begin,0,0
-18.613,flush_end,0,2686930
-18.597,trivial_move,3,2686930
-18.595,flush_begin,0,0
-18.582,flush_end,0,2686931
-18.565,trivial_move,3,2686932
-18.563,flush_begin,0,0
-18.550,flush_end,0,2686931
-18.534,trivial_move,3,2686930
-18.532,flush_begin,0,0
-18.520,flush_end,0,2686931
-18.504,trivial_move,3,2686932
-18.502,flush_begin,0,0
-18.488,flush_end,0,2686931
-18.471,trivial_move,3,2686930
-18.469,flush_begin,0,0
-18.456,flush_end,0,2686931
-18.440,trivial_move,3,2686931
-18.438,flush_begin,0,0
-18.419,flush_end,0,2686930
-18.403,trivial_move,3,2686931
-18.401,flush_begin,0,0
-18.388,flush_end,0,2686932
-18.372,trivial_move,3,2686932
-18.370,flush_begin,0,0
-18.358,flush_end,0,2686930
-18.342,trivial_move,3,2686931
-18.340,flush_begin,0,0
-18.326,flush_end,0,2686931
-18.310,trivial_move,3,2686930
-18.308,flush_begin,0,0
-18.295,flush_end,0,2686931
-18.278,trivial_move,3,2686930
-18.277,flush_begin,0,0
-18.264,flush_end,0,2686930
-18.248,trivial_move,3,2686931
-18.246,flush_begin,0,0
-18.233,flush_end,0,2686933
-18.217,trivial_move,3,2686931
-18.216,flush_begin,0,0
-18.201,flush_end,0,2686930
-18.184,trivial_move,3,2686931
-18.184,flush_begin,0,0
-18.171,flush_end,0,2686932
-18.155,trivial_move,3,2686931
-18.153,flush_begin,0,0
-18.141,flush_end,0,2686930
-18.125,trivial_move,3,2686930
-18.123,flush_begin,0,0
-18.111,flush_end,0,2686931
-18.095,trivial_move,3,2686932
-18.093,flush_begin,0,0
-18.081,flush_end,0,2686931
-18.065,trivial_move,3,2686930
-18.063,flush_begin,0,0
-18.051,flush_end,0,2686931
-18.035,trivial_move,3,2686932
-18.033,flush_begin,0,0
-18.021,flush_end,0,2686931
-18.005,trivial_move,3,2686930
-18.003,flush_begin,0,0
-17.991,flush_end,0,2686930
-17.975,trivial_move,3,2686931
-17.973,flush_begin,0,0
-17.961,flush_end,0,2686930
-17.945,trivial_move,3,2686931
-17.944,flush_begin,0,0
-17.933,flush_end,0,2686931
-17.917,trivial_move,3,2686930
-17.915,flush_begin,0,0
-17.904,flush_end,0,2686931
-17.888,trivial_move,3,2686932
-17.887,flush_begin,0,0
-17.875,flush_end,0,2686931
-17.859,trivial_move,3,2686930
-17.858,flush_begin,0,0
-17.846,flush_end,0,2686931
-17.830,trivial_move,3,2686931
-17.828,flush_begin,0,0
-17.817,flush_end,0,2686930
-17.801,trivial_move,3,2686931
-17.799,flush_begin,0,0
-17.788,flush_end,0,2686932
-17.772,trivial_move,3,2686931
-17.770,flush_begin,0,0
-17.759,flush_end,0,2686930
-17.743,trivial_move,3,2686931
-17.741,flush_begin,0,0
-17.728,flush_end,0,2686932
-17.712,trivial_move,3,2686932
-17.711,flush_begin,0,0
-17.699,flush_end,0,2686930
-17.683,trivial_move,3,2686930
-17.680,flush_begin,0,0
-17.668,flush_end,0,2686931
-17.652,trivial_move,3,2686932
-17.650,flush_begin,0,0
-17.638,flush_end,0,2686931
-17.622,trivial_move,3,2686930
-17.620,flush_begin,0,0
-17.608,flush_end,0,2686930
-17.592,trivial_move,3,2686932
-17.590,flush_begin,0,0
-17.577,flush_end,0,2686933
-17.560,trivial_move,3,2686930
-17.559,flush_begin,0,0
-17.547,flush_end,0,2686930
-17.530,trivial_move,3,2686930
-17.528,flush_begin,0,0
-17.516,flush_end,0,2686931
-17.500,trivial_move,3,2686932
-17.498,flush_begin,0,0
-17.484,flush_end,0,2686931
-17.468,trivial_move,3,2686930
-17.467,flush_begin,0,0
-17.456,flush_end,0,2686931
-17.440,trivial_move,3,2686932
-17.438,flush_begin,0,0
-17.427,flush_end,0,2686931
-17.411,trivial_move,3,2686930
-17.409,flush_begin,0,0
-17.397,flush_end,0,2686931
-17.381,trivial_move,3,2686931
-17.380,flush_begin,0,0
-17.367,flush_end,0,2686930
-17.350,trivial_move,3,2686931
-17.349,flush_begin,0,0
-17.336,flush_end,0,2686932
-17.320,trivial_move,3,2686931
-17.319,flush_begin,0,0
-17.307,flush_end,0,2686930
-17.291,trivial_move,3,2686931
-17.289,flush_begin,0,0
-17.278,flush_end,0,2686932
-17.261,trivial_move,3,2686931
-17.259,flush_begin,0,0
-17.247,flush_end,0,2686930
-17.230,trivial_move,3,2686930
-17.228,flush_begin,0,0
-17.216,flush_end,0,2686930
-17.200,trivial_move,3,2686932
-17.197,flush_begin,0,0
-17.184,flush_end,0,2686932
-17.168,trivial_move,3,2686930
-17.166,flush_begin,0,0
-17.154,flush_end,0,2686930
-17.138,trivial_move,3,2686931
-17.136,flush_begin,0,0
-17.124,flush_end,0,2686932
-17.108,trivial_move,3,2686931
-17.106,flush_begin,0,0
-17.094,flush_end,0,2686930
-17.078,trivial_move,3,2686930
-17.070,trivial_move,4,2686930
-17.069,flush_begin,0,0
-17.056,flush_end,0,2686931
-17.040,trivial_move,3,2686933
-17.032,trivial_move,4,2686931
-17.031,flush_begin,0,0
-17.016,flush_end,0,2686931
-17.001,trivial_move,3,2686930
-16.993,trivial_move,4,2686931
-16.992,flush_begin,0,0
-16.978,flush_end,0,2686931
-16.962,trivial_move,3,2686932
-16.954,trivial_move,4,2686931
-16.952,flush_begin,0,0
-16.938,flush_end,0,2686931
-16.922,trivial_move,3,2686930
-16.914,trivial_move,4,2686931
-16.912,flush_begin,0,0
-16.899,flush_end,0,2686933
-16.883,trivial_move,3,2686931
-16.875,trivial_move,4,2686930
-16.873,flush_begin,0,0
-16.859,flush_end,0,2686930
-16.842,trivial_move,3,2686931
-16.833,trivial_move,4,2686932
-16.831,flush_begin,0,0
-16.817,flush_end,0,2686932
-16.801,trivial_move,3,2686931
-16.793,trivial_move,4,2686930
-16.791,flush_begin,0,0
-16.776,flush_end,0,2686930
-16.759,trivial_move,3,2686931
-16.751,trivial_move,4,2686932
-16.749,flush_begin,0,0
-16.733,flush_end,0,2686931
-16.716,trivial_move,3,2686930
-16.708,trivial_move,4,2686930
-16.706,flush_begin,0,0
-16.692,flush_end,0,2686931
-16.675,trivial_move,3,2686930
-16.667,trivial_move,4,2686931
-16.665,flush_begin,0,0
-16.650,flush_end,0,2686930
-16.633,trivial_move,3,2686931
-16.625,trivial_move,4,2686931
-16.623,flush_begin,0,0
-16.607,flush_end,0,2686932
-16.590,trivial_move,3,2686931
-16.582,trivial_move,4,2686930
-16.580,flush_begin,0,0
-16.565,flush_end,0,2686930
-16.549,trivial_move,3,2686931
-16.541,trivial_move,4,2686932
-16.539,flush_begin,0,0
-16.524,flush_end,0,2686932
-16.508,trivial_move,3,2686931
-16.500,trivial_move,4,2686930
-16.498,flush_begin,0,0
-16.483,flush_end,0,2686930
-16.467,trivial_move,3,2686930
-16.459,trivial_move,4,2686931
-16.456,flush_begin,0,0
-16.439,flush_end,0,2686931
-16.422,trivial_move,3,2686932
-16.414,trivial_move,4,2686931
-16.412,flush_begin,0,0
-16.397,flush_end,0,2686931
-16.381,trivial_move,3,2686930
-16.373,trivial_move,4,2686931
-16.370,flush_begin,0,0
-16.355,flush_end,0,2686931
-16.338,trivial_move,3,2686932
-16.330,trivial_move,4,2686931
-16.328,flush_begin,0,0
-16.312,flush_end,0,2686931
-16.296,trivial_move,3,2686930
-16.288,trivial_move,4,2686931
-16.288,flush_begin,0,0
-16.273,flush_end,0,2686930
-16.256,trivial_move,3,2686931
-16.248,trivial_move,4,2686930
-16.246,flush_begin,0,0
-16.231,flush_end,0,2686930
-16.214,trivial_move,3,2686931
-16.206,trivial_move,4,2686933
-16.204,flush_begin,0,0
-16.188,flush_end,0,2686931
-16.171,trivial_move,3,2686930
-16.163,trivial_move,4,2686930
-16.160,flush_begin,0,0
-16.144,flush_end,0,2686931
-16.127,trivial_move,3,2686933
-16.119,trivial_move,4,2686932
-16.116,flush_begin,0,0
-16.100,flush_end,0,2686931
-16.083,trivial_move,3,2686930
-16.075,trivial_move,4,2686930
-16.073,flush_begin,0,0
-16.058,flush_end,0,2686931
-16.041,trivial_move,3,2686931
-16.033,trivial_move,4,2686930
-16.032,flush_begin,0,0
-16.016,flush_end,0,2686930
-15.999,trivial_move,3,2686931
-15.991,trivial_move,4,2686932
-15.991,flush_begin,0,0
-15.974,flush_end,0,2686933
-15.957,trivial_move,3,2686931
-15.949,trivial_move,4,2686930
-15.948,flush_begin,0,0
-15.932,flush_end,0,2686930
-15.915,trivial_move,3,2686931
-15.907,trivial_move,4,2686932
-15.905,flush_begin,0,0
-15.890,flush_end,0,2686932
-15.873,trivial_move,3,2686931
-15.865,trivial_move,4,2686930
-15.864,flush_begin,0,0
-15.847,flush_end,0,2686930
-15.830,trivial_move,3,2686930
-15.822,trivial_move,4,2686931
-15.820,flush_begin,0,0
-15.804,flush_end,0,2686931
-15.788,trivial_move,3,2686932
-15.780,trivial_move,4,2686931
-15.778,flush_begin,0,0
-15.763,flush_end,0,2686931
-15.746,trivial_move,3,2686930
-15.738,trivial_move,4,2686931
-15.736,flush_begin,0,0
-15.719,flush_end,0,2686930
-15.702,trivial_move,3,2686932
-15.694,trivial_move,4,2686931
-15.694,flush_begin,0,0
-15.677,flush_end,0,2686932
-15.661,trivial_move,3,2686930
-15.653,trivial_move,4,2686931
-15.651,flush_begin,0,0
-15.636,flush_end,0,2686930
-15.619,trivial_move,3,2686930
-15.611,trivial_move,4,2686930
-15.607,flush_begin,0,0
-15.592,flush_end,0,2686931
-15.575,trivial_move,3,2686932
-15.567,trivial_move,4,2686932
-15.565,flush_begin,0,0
-15.548,flush_end,0,2686931
-15.532,trivial_move,3,2686930
-15.524,trivial_move,4,2686930
-15.523,flush_begin,0,0
-15.512,flush_end,0,2686931
-15.495,trivial_move,3,2686932
-15.495,flush_begin,0,0
-15.483,flush_end,0,2686931
-15.467,trivial_move,3,2686930
-15.459,trivial_move,4,2686931
-15.459,flush_begin,0,0
-15.448,flush_end,0,2686931
-15.432,trivial_move,3,2686931
-15.432,flush_begin,0,0
-15.421,flush_end,0,2686930
-15.404,trivial_move,3,2686931
-15.396,trivial_move,4,2686931
-15.388,trivial_move,4,2686930
-15.388,flush_begin,0,0
-15.376,flush_end,0,2686932
-15.360,trivial_move,3,2686931
-15.360,flush_begin,0,0
-15.348,flush_end,0,2686930
-15.332,trivial_move,3,2686931
-15.324,trivial_move,4,2686932
-15.316,trivial_move,4,2686930
-15.316,flush_begin,0,0
-15.304,flush_end,0,2686932
-15.288,trivial_move,3,2686933
-15.280,trivial_move,4,2686933
-15.272,trivial_move,4,2686930
-15.271,flush_begin,0,0
-15.258,flush_end,0,2686930
-15.242,trivial_move,3,2686930
-15.234,trivial_move,4,2686931
-15.233,flush_begin,0,0
-15.221,flush_end,0,2686930
-15.205,trivial_move,3,2686932
-15.197,trivial_move,4,2686931
-15.197,flush_begin,0,0
-15.184,flush_end,0,2686932
-15.168,trivial_move,3,2686930
-15.160,trivial_move,4,2686931
-15.159,flush_begin,0,0
-15.147,flush_end,0,2686930
-15.130,trivial_move,3,2686931
-15.122,trivial_move,4,2686931
-15.120,flush_begin,0,0
-15.106,flush_end,0,2686933
-15.089,trivial_move,3,2686931
-15.081,trivial_move,4,2686930
-15.080,flush_begin,0,0
-15.065,flush_end,0,2686930
-15.048,trivial_move,3,2686930
-15.040,trivial_move,4,2686930
-15.039,flush_begin,0,0
-15.024,flush_end,0,2686931
-15.008,trivial_move,3,2686932
-15.000,trivial_move,4,2686931
-14.998,flush_begin,0,0
-14.983,flush_end,0,2686931
-14.967,trivial_move,3,2686930
-14.960,trivial_move,4,2686931
-14.959,flush_begin,0,0
-14.944,flush_end,0,2686931
-14.927,trivial_move,3,2686932
-14.919,trivial_move,4,2686931
-14.917,flush_begin,0,0
-14.902,flush_end,0,2686931
-14.886,trivial_move,3,2686930
-14.878,trivial_move,4,2686931
-14.876,flush_begin,0,0
-14.861,flush_end,0,2686931
-14.845,trivial_move,3,2686931
-14.837,trivial_move,4,2686930
-14.835,flush_begin,0,0
-14.819,flush_end,0,2686930
-14.802,trivial_move,3,2686931
-14.794,trivial_move,4,2686932
-14.792,flush_begin,0,0
-14.776,flush_end,0,2686932
-14.760,trivial_move,3,2686931
-14.752,trivial_move,4,2686930
-14.751,flush_begin,0,0
-14.737,flush_end,0,2686930
-14.720,trivial_move,3,2686931
-14.712,trivial_move,4,2686932
-14.710,flush_begin,0,0
-14.695,flush_end,0,2686931
-14.679,trivial_move,3,2686930
-14.671,trivial_move,4,2686930
-14.669,flush_begin,0,0
-14.654,flush_end,0,2686931
-14.638,trivial_move,3,2686930
-14.630,trivial_move,4,2686931
-14.629,flush_begin,0,0
-14.614,flush_end,0,2686930
-14.597,trivial_move,3,2686931
-14.589,trivial_move,4,2686931
-14.587,flush_begin,0,0
-14.572,flush_end,0,2686932
-14.555,trivial_move,3,2686931
-14.547,trivial_move,4,2686930
-14.546,flush_begin,0,0
-14.529,flush_end,0,2686930
-14.512,trivial_move,3,2686931
-14.504,trivial_move,4,2686932
-14.503,flush_begin,0,0
-14.488,flush_end,0,2686932
-14.472,trivial_move,3,2686931
-14.464,trivial_move,4,2686930
-14.462,flush_begin,0,0
-14.447,flush_end,0,2686930
-14.431,trivial_move,3,2686930
-14.423,trivial_move,4,2686932
-14.420,flush_begin,0,0
-14.404,flush_end,0,2686931
-14.387,trivial_move,3,2686933
-14.379,trivial_move,4,2686931
-14.377,flush_begin,0,0
-14.362,flush_end,0,2686931
-14.345,trivial_move,3,2686930
-14.337,trivial_move,4,2686931
-14.335,flush_begin,0,0
-14.318,flush_end,0,2686931
-14.301,trivial_move,3,2686932
-14.293,trivial_move,4,2686931
-14.292,flush_begin,0,0
-14.278,flush_end,0,2686931
-14.261,trivial_move,3,2686930
-14.253,trivial_move,4,2686931
-14.252,flush_begin,0,0
-14.236,flush_end,0,2686930
-14.219,trivial_move,3,2686931
-14.211,trivial_move,4,2686930
-14.209,flush_begin,0,0
-14.193,flush_end,0,2686930
-14.176,trivial_move,3,2686931
-14.168,trivial_move,4,2686932
-14.167,flush_begin,0,0
-14.152,flush_end,0,2686931
-14.135,trivial_move,3,2686930
-14.127,trivial_move,4,2686930
-14.125,flush_begin,0,0
-14.110,flush_end,0,2686931
-14.093,trivial_move,3,2686932
-14.085,trivial_move,4,2686932
-14.084,flush_begin,0,0
-14.068,flush_end,0,2686931
-14.052,trivial_move,3,2686930
-14.044,trivial_move,4,2686930
-14.042,flush_begin,0,0
-14.026,flush_end,0,2686931
-14.009,trivial_move,3,2686931
-14.001,trivial_move,4,2686930
-13.999,flush_begin,0,0
-13.984,flush_end,0,2686930
-13.968,trivial_move,3,2686931
-13.960,trivial_move,4,2686932
-13.958,flush_begin,0,0
-13.944,flush_end,0,2686932
-13.928,trivial_move,3,2686931
-13.920,trivial_move,4,2686930
-13.917,flush_begin,0,0
-13.903,flush_end,0,2686930
-13.886,trivial_move,3,2686931
-13.878,trivial_move,4,2686932
-13.877,flush_begin,0,0
-13.862,flush_end,0,2686932
-13.845,trivial_move,3,2686931
-13.837,trivial_move,4,2686930
-13.835,flush_begin,0,0
-13.820,flush_end,0,2686930
-13.803,trivial_move,3,2686930
-13.795,trivial_move,4,2686931
-13.793,flush_begin,0,0
-13.779,flush_end,0,2686931
-13.763,trivial_move,3,2686932
-13.755,trivial_move,4,2686931
-13.753,flush_begin,0,0
-13.738,flush_end,0,2686931
-13.721,trivial_move,3,2686930
-13.713,trivial_move,4,2686931
-13.711,flush_begin,0,0
-13.697,flush_end,0,2686930
-13.680,trivial_move,3,2686932
-13.672,trivial_move,4,2686931
-13.671,flush_begin,0,0
-13.655,flush_end,0,2686932
-13.638,trivial_move,3,2686930
-13.630,trivial_move,4,2686931
-13.629,flush_begin,0,0
-13.614,flush_end,0,2686930
-13.597,trivial_move,3,2686930
-13.589,trivial_move,4,2686930
-13.588,flush_begin,0,0
-13.573,flush_end,0,2686931
-13.556,trivial_move,3,2686932
-13.548,trivial_move,4,2686933
-13.547,flush_begin,0,0
-13.532,flush_end,0,2686931
-13.516,trivial_move,3,2686930
-13.508,trivial_move,4,2686930
-13.507,flush_begin,0,0
-13.492,flush_end,0,2686931
-13.476,trivial_move,3,2686933
-13.468,trivial_move,4,2686931
-13.466,flush_begin,0,0
-13.451,flush_end,0,2686931
-13.435,trivial_move,3,2686930
-13.427,trivial_move,4,2686931
-13.425,flush_begin,0,0
-13.410,flush_end,0,2686931
-13.394,trivial_move,3,2686931
-13.386,trivial_move,4,2686930
-13.385,flush_begin,0,0
-13.369,flush_end,0,2686930
-13.352,trivial_move,3,2686931
-13.344,trivial_move,4,2686932
-13.341,flush_begin,0,0
-13.326,flush_end,0,2686933
-13.310,trivial_move,3,2686931
-13.302,trivial_move,4,2686930
-13.300,flush_begin,0,0
-13.285,flush_end,0,2686930
-13.269,trivial_move,3,2686931
-13.261,trivial_move,4,2686932
-13.259,flush_begin,0,0
-13.245,flush_end,0,2686932
-13.229,trivial_move,3,2686931
-13.221,trivial_move,4,2686930
-13.219,flush_begin,0,0
-13.205,flush_end,0,2686930
-13.188,trivial_move,3,2686930
-13.180,trivial_move,4,2686931
-13.179,flush_begin,0,0
-13.164,flush_end,0,2686930
-13.147,trivial_move,3,2686932
-13.139,trivial_move,4,2686931
-13.138,flush_begin,0,0
-13.122,flush_end,0,2686932
-13.105,trivial_move,3,2686930
-13.097,trivial_move,4,2686931
-13.095,flush_begin,0,0
-13.078,flush_end,0,2686930
-13.061,trivial_move,3,2686931
-13.053,trivial_move,4,2686931
-13.050,flush_begin,0,0
-13.036,flush_end,0,2686932
-13.019,trivial_move,3,2686931
-13.011,trivial_move,4,2686930
-13.009,flush_begin,0,0
-12.993,flush_end,0,2686930
-12.976,trivial_move,3,2686930
-12.968,trivial_move,4,2686930
-12.966,flush_begin,0,0
-12.951,flush_end,0,2686931
-12.934,trivial_move,3,2686932
-12.926,trivial_move,4,2686931
-12.924,flush_begin,0,0
-12.909,flush_end,0,2686931
-12.892,trivial_move,3,2686930
-12.884,trivial_move,4,2686931
-12.882,flush_begin,0,0
-12.867,flush_end,0,2686931
-12.850,trivial_move,3,2686932
-12.842,trivial_move,4,2686931
-12.841,flush_begin,0,0
-12.825,flush_end,0,2686931
-12.804,trivial_move,3,2686930
-12.798,trivial_move,4,2686931
-12.796,flush_begin,0,0
-12.780,flush_end,0,2686931
-12.763,trivial_move,3,2686931
-12.755,trivial_move,4,2686930
-12.753,flush_begin,0,0
-12.737,flush_end,0,2686930
-12.720,trivial_move,3,2686931
-12.712,trivial_move,4,2686932
-12.710,flush_begin,0,0
-12.694,flush_end,0,2686932
-12.677,trivial_move,3,2686931
-12.668,trivial_move,4,2686930
-12.668,flush_begin,0,0
-12.653,flush_end,0,2686930
-12.636,trivial_move,3,2686931
-12.628,trivial_move,4,2686933
-12.626,flush_begin,0,0
-12.610,flush_end,0,2686931
-12.593,trivial_move,3,2686930
-12.585,trivial_move,4,2686930
-12.583,flush_begin,0,0
-12.566,flush_end,0,2686931
-12.549,trivial_move,3,2686930
-12.541,trivial_move,4,2686931
-12.539,flush_begin,0,0
-12.524,flush_end,0,2686930
-12.507,trivial_move,3,2686931
-12.499,trivial_move,4,2686931
-12.499,flush_begin,0,0
-12.483,flush_end,0,2686932
-12.466,trivial_move,3,2686931
-12.458,trivial_move,4,2686930
-12.456,flush_begin,0,0
-12.441,flush_end,0,2686930
-12.425,trivial_move,3,2686931
-12.417,trivial_move,4,2686932
-12.414,flush_begin,0,0
-12.399,flush_end,0,2686933
-12.382,trivial_move,3,2686931
-12.374,trivial_move,4,2686930
-12.371,flush_begin,0,0
-12.356,flush_end,0,2686930
-12.339,trivial_move,3,2686930
-12.331,trivial_move,4,2686931
-12.329,flush_begin,0,0
-12.313,flush_end,0,2686931
-12.297,trivial_move,3,2686932
-12.289,trivial_move,4,2686931
-12.286,flush_begin,0,0
-12.272,flush_end,0,2686931
-12.255,trivial_move,3,2686930
-12.247,trivial_move,4,2686931
-12.246,flush_begin,0,0
-12.232,flush_end,0,2686931
-12.215,trivial_move,3,2686932
-12.207,trivial_move,4,2686931
-12.206,flush_begin,0,0
-12.190,flush_end,0,2686931
-12.173,trivial_move,3,2686930
-12.165,trivial_move,4,2686931
-12.164,flush_begin,0,0
-12.149,flush_end,0,2686930
-12.132,trivial_move,3,2686931
-12.124,trivial_move,4,2686930
-12.123,flush_begin,0,0
-12.107,flush_end,0,2686930
-12.090,trivial_move,3,2686931
-12.082,trivial_move,4,2686932
-12.080,flush_begin,0,0
-12.065,flush_end,0,2686931
-12.048,trivial_move,3,2686930
-12.040,trivial_move,4,2686930
-12.038,flush_begin,0,0
-12.022,flush_end,0,2686931
-12.005,trivial_move,3,2686932
-11.997,trivial_move,4,2686932
-11.994,flush_begin,0,0
-11.977,flush_end,0,2686931
-11.960,trivial_move,3,2686930
-11.952,trivial_move,4,2686930
-11.951,flush_begin,0,0
-11.935,flush_end,0,2686931
-11.918,trivial_move,3,2686931
-11.910,trivial_move,4,2686930
-11.906,flush_begin,0,0
-11.890,flush_end,0,2686930
-11.873,trivial_move,3,2686931
-11.865,trivial_move,4,2686932
-11.863,flush_begin,0,0
-11.847,flush_end,0,2686932
-11.830,trivial_move,3,2686931
-11.822,trivial_move,4,2686930
-11.820,flush_begin,0,0
-11.805,flush_end,0,2686930
-11.789,trivial_move,3,2686931
-11.781,trivial_move,4,2686932
-11.778,flush_begin,0,0
-11.761,flush_end,0,2686932
-11.744,trivial_move,3,2686931
-11.736,trivial_move,4,2686930
-11.735,flush_begin,0,0
-11.718,flush_end,0,2686930
-11.701,trivial_move,3,2686930
-11.693,trivial_move,4,2686932
-11.692,flush_begin,0,0
-11.676,flush_end,0,2686931
-11.659,trivial_move,3,2686933
-11.651,trivial_move,4,2686931
-11.650,flush_begin,0,0
-11.634,flush_end,0,2686931
-11.617,trivial_move,3,2686930
-11.609,trivial_move,4,2686931
-11.607,flush_begin,0,0
-11.591,flush_end,0,2686930
-11.574,trivial_move,3,2686932
-11.566,trivial_move,4,2686931
-11.565,flush_begin,0,0
-11.550,flush_end,0,2686932
-11.533,trivial_move,3,2686930
-11.525,trivial_move,4,2686931
-11.524,flush_begin,0,0
-11.509,flush_end,0,2686930
-11.492,trivial_move,3,2686930
-11.484,trivial_move,4,2686930
-11.481,flush_begin,0,0
-11.464,flush_end,0,2686932
-11.447,trivial_move,3,2686932
-11.439,trivial_move,4,2686932
-11.437,flush_begin,0,0
-11.422,flush_end,0,2686931
-11.405,trivial_move,3,2686930
-11.397,trivial_move,4,2686930
-11.394,flush_begin,0,0
-11.376,flush_end,0,2686931
-11.359,trivial_move,3,2686932
-11.351,trivial_move,4,2686931
-11.350,flush_begin,0,0
-11.334,flush_end,0,2686931
-11.317,trivial_move,3,2686930
-11.309,trivial_move,4,2686931
-11.307,flush_begin,0,0
-11.291,flush_end,0,2686931
-11.275,trivial_move,3,2686931
-11.267,trivial_move,4,2686930
-11.265,flush_begin,0,0
-11.250,flush_end,0,2686930
-11.233,trivial_move,3,2686931
-11.225,trivial_move,4,2686932
-11.224,flush_begin,0,0
-11.209,flush_end,0,2686932
-11.192,trivial_move,3,2686931
-11.184,trivial_move,4,2686930
-11.183,flush_begin,0,0
-11.167,flush_end,0,2686930
-11.150,trivial_move,3,2686931
-11.142,trivial_move,4,2686932
-11.140,flush_begin,0,0
-11.124,flush_end,0,2686932
-11.107,trivial_move,3,2686931
-11.099,trivial_move,4,2686930
-11.098,flush_begin,0,0
-11.081,flush_end,0,2686930
-11.064,trivial_move,3,2686930
-11.056,trivial_move,4,2686931
-11.054,flush_begin,0,0
-11.037,flush_end,0,2686930
-11.020,trivial_move,3,2686932
-11.012,trivial_move,4,2686931
-11.010,flush_begin,0,0
-10.995,flush_end,0,2686932
-10.978,trivial_move,3,2686930
-10.970,trivial_move,4,2686931
-10.968,flush_begin,0,0
-10.952,flush_end,0,2686930
-10.935,trivial_move,3,2686931
-10.927,trivial_move,4,2686931
-10.925,flush_begin,0,0
-10.909,flush_end,0,2686932
-10.892,trivial_move,3,2686931
-10.884,trivial_move,4,2686930
-10.883,flush_begin,0,0
-10.867,flush_end,0,2686930
-10.850,trivial_move,3,2686930
-10.842,trivial_move,4,2686930
-10.841,flush_begin,0,0
-10.825,flush_end,0,2686931
-10.808,trivial_move,3,2686932
-10.800,trivial_move,4,2686931
-10.799,flush_begin,0,0
-10.782,flush_end,0,2686931
-10.765,trivial_move,3,2686930
-10.757,trivial_move,4,2686932
-10.755,flush_begin,0,0
-10.738,flush_end,0,2686931
-10.721,trivial_move,3,2686933
-10.713,trivial_move,4,2686931
-10.712,flush_begin,0,0
-10.696,flush_end,0,2686931
-10.679,trivial_move,3,2686930
-10.671,trivial_move,4,2686931
-10.669,flush_begin,0,0
-10.654,flush_end,0,2686931
-10.637,trivial_move,3,2686931
-10.629,trivial_move,4,2686930
-10.627,flush_begin,0,0
-10.613,flush_end,0,2686930
-10.596,trivial_move,3,2686931
-10.588,trivial_move,4,2686932
-10.586,flush_begin,0,0
-10.571,flush_end,0,2686933
-10.554,trivial_move,3,2686931
-10.546,trivial_move,4,2686930
-10.544,flush_begin,0,0
-10.529,flush_end,0,2686930
-10.513,trivial_move,3,2686931
-10.505,trivial_move,4,2686932
-10.503,flush_begin,0,0
-10.487,flush_end,0,2686931
-10.470,trivial_move,3,2686930
-10.462,trivial_move,4,2686930
-10.460,flush_begin,0,0
-10.445,flush_end,0,2686931
-10.428,trivial_move,3,2686930
-10.420,trivial_move,4,2686931
-10.419,flush_begin,0,0
-10.403,flush_end,0,2686930
-10.387,trivial_move,3,2686931
-10.379,trivial_move,4,2686931
-10.378,flush_begin,0,0
-10.363,flush_end,0,2686932
-10.346,trivial_move,3,2686931
-10.338,trivial_move,4,2686930
-10.337,flush_begin,0,0
-10.322,flush_end,0,2686930
-10.306,trivial_move,3,2686931
-10.298,trivial_move,4,2686932
-10.296,flush_begin,0,0
-10.281,flush_end,0,2686932
-10.265,trivial_move,3,2686931
-10.257,trivial_move,4,2686930
-10.255,flush_begin,0,0
-10.240,flush_end,0,2686930
-10.223,trivial_move,3,2686930
-10.215,trivial_move,4,2686931
-10.214,flush_begin,0,0
-10.198,flush_end,0,2686931
-10.181,trivial_move,3,2686932
-10.173,trivial_move,4,2686931
-10.171,flush_begin,0,0
-10.155,flush_end,0,2686931
-10.138,trivial_move,3,2686930
-10.130,trivial_move,4,2686931
-10.127,flush_begin,0,0
-10.112,flush_end,0,2686931
-10.095,trivial_move,3,2686932
-10.087,trivial_move,4,2686931
-10.085,flush_begin,0,0
-10.069,flush_end,0,2686931
-10.052,trivial_move,3,2686930
-10.044,trivial_move,4,2686931
-10.042,flush_begin,0,0
-10.026,flush_end,0,2686930
-10.009,trivial_move,3,2686931
-10.001,trivial_move,4,2686930
-10.000,flush_begin,0,0
-9.985,flush_end,0,2686930
-9.968,trivial_move,3,2686931
-9.958,trivial_move,4,2686932
-9.956,flush_begin,0,0
-9.938,flush_end,0,2686931
-9.917,trivial_move,3,2686930
-9.908,trivial_move,4,2686930
-9.907,flush_begin,0,0
-9.890,flush_end,0,2686931
-9.873,trivial_move,3,2686932
-9.865,trivial_move,4,2686933
-9.864,flush_begin,0,0
-9.849,flush_end,0,2686931
-9.832,trivial_move,3,2686930
-9.824,trivial_move,4,2686930
-9.822,flush_begin,0,0
-9.805,flush_end,0,2686931
-9.778,trivial_move,3,2686932
-9.770,trivial_move,4,2686930
-9.768,flush_begin,0,0
-9.753,flush_end,0,2686930
-9.736,trivial_move,3,2686931
-9.728,trivial_move,4,2686932
-9.727,flush_begin,0,0
-9.715,flush_end,0,2686932
-9.698,trivial_move,3,2686931
-9.690,trivial_move,4,2686930
-9.689,flush_begin,0,0
-9.675,flush_end,0,2686930
-9.658,trivial_move,3,2686931
-9.650,trivial_move,4,2686932
-9.649,flush_begin,0,0
-9.634,flush_end,0,2686933
-9.617,trivial_move,3,2686931
-9.609,trivial_move,4,2686930
-9.607,flush_begin,0,0
-9.592,flush_end,0,2686930
-9.575,trivial_move,3,2686930
-9.567,trivial_move,4,2686931
-9.565,flush_begin,0,0
-9.550,flush_end,0,2686931
-9.534,trivial_move,3,2686932
-9.526,trivial_move,4,2686931
-9.525,flush_begin,0,0
-9.509,flush_end,0,2686931
-9.492,trivial_move,3,2686930
-9.484,trivial_move,4,2686931
-9.481,flush_begin,0,0
-9.464,flush_end,0,2686930
-9.447,trivial_move,3,2686932
-9.439,trivial_move,4,2686931
-9.437,flush_begin,0,0
-9.422,flush_end,0,2686932
-9.404,trivial_move,3,2686930
-9.396,trivial_move,4,2686931
-9.394,flush_begin,0,0
-9.378,flush_end,0,2686930
-9.361,trivial_move,3,2686930
-9.353,trivial_move,4,2686930
-9.352,flush_begin,0,0
-9.336,flush_end,0,2686931
-9.319,trivial_move,3,2686932
-9.311,trivial_move,4,2686932
-9.310,flush_begin,0,0
-9.293,flush_end,0,2686931
-9.276,trivial_move,3,2686930
-9.268,trivial_move,4,2686930
-9.266,flush_begin,0,0
-9.250,flush_end,0,2686931
-9.233,trivial_move,3,2686932
-9.225,trivial_move,4,2686931
-9.223,flush_begin,0,0
-9.208,flush_end,0,2686931
-9.191,trivial_move,3,2686930
-9.183,trivial_move,4,2686931
-9.182,flush_begin,0,0
-9.168,flush_end,0,2686931
-9.151,trivial_move,3,2686931
-9.143,trivial_move,4,2686930
-9.142,flush_begin,0,0
-9.128,flush_end,0,2686930
-9.111,trivial_move,3,2686931
-9.103,trivial_move,4,2686932
-9.103,flush_begin,0,0
-9.089,flush_end,0,2686932
-9.072,trivial_move,3,2686931
-9.064,trivial_move,4,2686930
-9.062,flush_begin,0,0
-9.047,flush_end,0,2686930
-9.030,trivial_move,3,2686931
-9.022,trivial_move,4,2686932
-9.021,flush_begin,0,0
-9.006,flush_end,0,2686932
-8.990,trivial_move,3,2686931
-8.982,trivial_move,4,2686930
-8.981,flush_begin,0,0
-8.965,flush_end,0,2686930
-8.949,trivial_move,3,2686930
-8.941,trivial_move,4,2686932
-8.939,flush_begin,0,0
-8.923,flush_end,0,2686930
-8.906,trivial_move,3,2686933
-8.898,trivial_move,4,2686931
-8.896,flush_begin,0,0
-8.881,flush_end,0,2686932
-8.864,trivial_move,3,2686930
-8.856,trivial_move,4,2686931
-8.854,flush_begin,0,0
-8.838,flush_end,0,2686930
-8.821,trivial_move,3,2686931
-8.813,trivial_move,4,2686931
-8.810,flush_begin,0,0
-8.795,flush_end,0,2686932
-8.778,trivial_move,3,2686931
-8.770,trivial_move,4,2686930
-8.768,flush_begin,0,0
-8.751,flush_end,0,2686930
-8.734,trivial_move,3,2686930
-8.725,trivial_move,4,2686930
-8.723,flush_begin,0,0
-8.706,flush_end,0,2686932
-8.689,trivial_move,3,2686932
-8.681,trivial_move,4,2686931
-8.679,flush_begin,0,0
-8.662,flush_end,0,2686931
-8.645,trivial_move,3,2686930
-8.637,trivial_move,4,2686931
-8.636,flush_begin,0,0
-8.619,flush_end,0,2686931
-8.602,trivial_move,3,2686932
-8.594,trivial_move,4,2686931
-8.593,flush_begin,0,0
-8.577,flush_end,0,2686931
-8.560,trivial_move,3,2686930
-8.552,trivial_move,4,2686931
-8.551,flush_begin,0,0
-8.535,flush_end,0,2686931
-8.518,trivial_move,3,2686931
-8.510,trivial_move,4,2686930
-8.509,flush_begin,0,0
-8.493,flush_end,0,2686930
-8.476,trivial_move,3,2686931
-8.468,trivial_move,4,2686932
-8.467,flush_begin,0,0
-8.451,flush_end,0,2686932
-8.434,trivial_move,3,2686931
-8.426,trivial_move,4,2686930
-8.424,flush_begin,0,0
-8.408,flush_end,0,2686930
-8.391,trivial_move,3,2686931
-8.383,trivial_move,4,2686932
-8.382,flush_begin,0,0
-8.369,flush_end,0,2686931
-8.352,trivial_move,3,2686930
-8.344,trivial_move,4,2686930
-8.343,flush_begin,0,0
-8.329,flush_end,0,2686931
-8.312,trivial_move,3,2686930
-8.304,trivial_move,4,2686931
-8.303,flush_begin,0,0
-8.289,flush_end,0,2686930
-8.272,trivial_move,3,2686931
-8.264,trivial_move,4,2686931
-8.263,flush_begin,0,0
-8.249,flush_end,0,2686932
-8.232,trivial_move,3,2686931
-8.224,trivial_move,4,2686930
-8.222,flush_begin,0,0
-8.207,flush_end,0,2686930
-8.190,trivial_move,3,2686931
-8.182,trivial_move,4,2686932
-8.181,flush_begin,0,0
-8.166,flush_end,0,2686932
-8.149,trivial_move,3,2686931
-8.141,trivial_move,4,2686930
-8.140,flush_begin,0,0
-8.125,flush_end,0,2686930
-8.108,trivial_move,3,2686930
-8.100,trivial_move,4,2686931
-8.099,flush_begin,0,0
-8.084,flush_end,0,2686931
-8.067,trivial_move,3,2686932
-8.059,trivial_move,4,2686931
-8.057,flush_begin,0,0
-8.040,flush_end,0,2686931
-8.023,trivial_move,3,2686930
-8.015,trivial_move,4,2686933
-8.013,flush_begin,0,0
-7.997,flush_end,0,2686931
-7.980,trivial_move,3,2686933
-7.972,trivial_move,4,2686931
-7.970,flush_begin,0,0
-7.955,flush_end,0,2686931
-7.939,trivial_move,3,2686930
-7.931,trivial_move,4,2686931
-7.929,flush_begin,0,0
-7.913,flush_end,0,2686930
-7.896,trivial_move,3,2686931
-7.888,trivial_move,4,2686930
-7.886,flush_begin,0,0
-7.870,flush_end,0,2686930
-7.853,trivial_move,3,2686931
-7.845,trivial_move,4,2686932
-7.843,flush_begin,0,0
-7.826,flush_end,0,2686931
-7.809,trivial_move,3,2686930
-7.801,trivial_move,4,2686930
-7.799,flush_begin,0,0
-7.783,flush_end,0,2686933
-7.766,trivial_move,3,2686932
-7.758,trivial_move,4,2686932
-7.757,flush_begin,0,0
-7.741,flush_end,0,2686931
-7.724,trivial_move,3,2686930
-7.716,trivial_move,4,2686930
-7.714,flush_begin,0,0
-7.699,flush_end,0,2686931
-7.682,trivial_move,3,2686931
-7.674,trivial_move,4,2686930
-7.672,flush_begin,0,0
-7.656,flush_end,0,2686930
-7.639,trivial_move,3,2686931
-7.631,trivial_move,4,2686932
-7.629,flush_begin,0,0
-7.615,flush_end,0,2686932
-7.599,trivial_move,3,2686931
-7.591,trivial_move,4,2686930
-7.591,flush_begin,0,0
-7.580,flush_end,0,2686930
-7.564,trivial_move,3,2686931
-7.564,flush_begin,0,0
-7.553,flush_end,0,2686932
-7.537,trivial_move,3,2686931
-7.537,flush_begin,0,0
-7.526,flush_end,0,2686930
-7.509,trivial_move,3,2686930
-7.509,flush_begin,0,0
-7.498,flush_end,0,2686931
-7.482,trivial_move,3,2686932
-7.474,trivial_move,4,2686932
-7.466,trivial_move,4,2686930
-7.466,flush_begin,0,0
-7.454,flush_end,0,2686931
-7.438,trivial_move,3,2686930
-7.430,trivial_move,4,2686931
-7.422,trivial_move,4,2686931
-7.422,flush_begin,0,0
-7.409,flush_end,0,2686930
-7.392,trivial_move,3,2686932
-7.384,trivial_move,4,2686931
-7.384,flush_begin,0,0
-7.372,flush_end,0,2686932
-7.355,trivial_move,3,2686930
-7.347,trivial_move,4,2686931
-7.347,flush_begin,0,0
-7.334,flush_end,0,2686930
-7.317,trivial_move,3,2686930
-7.309,trivial_move,4,2686931
-7.301,trivial_move,4,2686930
-7.301,flush_begin,0,0
-7.288,flush_end,0,2686931
-7.271,trivial_move,3,2686932
-7.263,trivial_move,4,2686932
-7.261,flush_begin,0,0
-7.247,flush_end,0,2686931
-7.230,trivial_move,3,2686930
-7.222,trivial_move,4,2686930
-7.220,flush_begin,0,0
-7.206,flush_end,0,2686931
-7.189,trivial_move,3,2686932
-7.181,trivial_move,4,2686931
-7.179,flush_begin,0,0
-7.164,flush_end,0,2686931
-7.147,trivial_move,3,2686930
-7.138,trivial_move,4,2686932
-7.136,flush_begin,0,0
-7.121,flush_end,0,2686931
-7.104,trivial_move,3,2686932
-7.096,trivial_move,4,2686930
-7.094,flush_begin,0,0
-7.079,flush_end,0,2686930
-7.062,trivial_move,3,2686931
-7.054,trivial_move,4,2686932
-7.052,flush_begin,0,0
-7.037,flush_end,0,2686932
-7.021,trivial_move,3,2686931
-7.015,trivial_move,4,2686930
-7.014,flush_begin,0,0
-6.998,flush_end,0,2686930
-6.981,trivial_move,3,2686931
-6.973,trivial_move,4,2686932
-6.970,flush_begin,0,0
-6.955,flush_end,0,2686933
-6.939,trivial_move,3,2686931
-6.931,trivial_move,4,2686930
-6.929,flush_begin,0,0
-6.913,flush_end,0,2686930
-6.896,trivial_move,3,2686930
-6.888,trivial_move,4,2686931
-6.885,flush_begin,0,0
-6.868,flush_end,0,2686930
-6.851,trivial_move,3,2686932
-6.843,trivial_move,4,2686931
-6.842,flush_begin,0,0
-6.826,flush_end,0,2686932
-6.809,trivial_move,3,2686930
-6.801,trivial_move,4,2686931
-6.798,flush_begin,0,0
-6.781,flush_end,0,2686930
-6.764,trivial_move,3,2686931
-6.756,trivial_move,4,2686931
-6.753,flush_begin,0,0
-6.738,flush_end,0,2686932
-6.721,trivial_move,3,2686931
-6.713,trivial_move,4,2686930
-6.712,flush_begin,0,0
-6.697,flush_end,0,2686930
-6.680,trivial_move,3,2686930
-6.672,trivial_move,4,2686930
-6.670,flush_begin,0,0
-6.652,flush_end,0,2686931
-6.635,trivial_move,3,2686932
-6.627,trivial_move,4,2686931
-6.625,flush_begin,0,0
-6.610,flush_end,0,2686931
-6.593,trivial_move,3,2686930
-6.585,trivial_move,4,2686931
-6.583,flush_begin,0,0
-6.565,flush_end,0,2686931
-6.548,trivial_move,3,2686932
-6.540,trivial_move,4,2686931
-6.539,flush_begin,0,0
-6.522,flush_end,0,2686931
-6.505,trivial_move,3,2686930
-6.497,trivial_move,4,2686931
-6.495,flush_begin,0,0
-6.480,flush_end,0,2686931
-6.463,trivial_move,3,2686931
-6.455,trivial_move,4,2686930
-6.454,flush_begin,0,0
-6.439,flush_end,0,2686930
-6.422,trivial_move,3,2686931
-6.414,trivial_move,4,2686932
-6.412,flush_begin,0,0
-6.395,flush_end,0,2686932
-6.378,trivial_move,3,2686931
-6.370,trivial_move,4,2686930
-6.369,flush_begin,0,0
-6.352,flush_end,0,2686930
-6.335,trivial_move,3,2686931
-6.327,trivial_move,4,2686932
-6.325,flush_begin,0,0
-6.308,flush_end,0,2686931
-6.291,trivial_move,3,2686930
-6.283,trivial_move,4,2686930
-6.280,flush_begin,0,0
-6.265,flush_end,0,2686931
-6.248,trivial_move,3,2686930
-6.240,trivial_move,4,2686932
-6.238,flush_begin,0,0
-6.223,flush_end,0,2686930
-6.206,trivial_move,3,2686931
-6.198,trivial_move,4,2686931
-6.196,flush_begin,0,0
-6.180,flush_end,0,2686932
-6.163,trivial_move,3,2686933
-6.155,trivial_move,4,2686930
-6.153,flush_begin,0,0
-6.137,flush_end,0,2686930
-6.120,trivial_move,3,2686931
-6.112,trivial_move,4,2686932
-6.111,flush_begin,0,0
-6.095,flush_end,0,2686932
-6.078,trivial_move,3,2686931
-6.069,trivial_move,4,2686930
-6.069,flush_begin,0,0
-6.053,flush_end,0,2686930
-6.036,trivial_move,3,2686930
-6.028,trivial_move,4,2686931
-6.028,flush_begin,0,0
-6.011,flush_end,0,2686932
-5.994,trivial_move,3,2686932
-5.986,trivial_move,4,2686931
-5.984,flush_begin,0,0
-5.969,flush_end,0,2686931
-5.952,trivial_move,3,2686930
-5.944,trivial_move,4,2686931
-5.943,flush_begin,0,0
-5.927,flush_end,0,2686931
-5.910,trivial_move,3,2686932
-5.902,trivial_move,4,2686931
-5.899,flush_begin,0,0
-5.882,flush_end,0,2686931
-5.865,trivial_move,3,2686930
-5.857,trivial_move,4,2686931
-5.855,flush_begin,0,0
-5.839,flush_end,0,2686930
-5.822,trivial_move,3,2686931
-5.814,trivial_move,4,2686930
-5.811,flush_begin,0,0
-5.796,flush_end,0,2686930
-5.779,trivial_move,3,2686931
-5.771,trivial_move,4,2686932
-5.769,flush_begin,0,0
-5.752,flush_end,0,2686931
-5.735,trivial_move,3,2686930
-5.727,trivial_move,4,2686930
-5.726,flush_begin,0,0
-5.709,flush_end,0,2686931
-5.692,trivial_move,3,2686932
-5.684,trivial_move,4,2686932
-5.683,flush_begin,0,0
-5.667,flush_end,0,2686931
-5.650,trivial_move,3,2686930
-5.642,trivial_move,4,2686930
-5.640,flush_begin,0,0
-5.625,flush_end,0,2686931
-5.608,trivial_move,3,2686931
-5.600,trivial_move,4,2686930
-5.598,flush_begin,0,0
-5.581,flush_end,0,2686930
-5.564,trivial_move,3,2686931
-5.556,trivial_move,4,2686932
-5.554,flush_begin,0,0
-5.538,flush_end,0,2686932
-5.521,trivial_move,3,2686931
-5.513,trivial_move,4,2686930
-5.512,flush_begin,0,0
-5.495,flush_end,0,2686930
-5.478,trivial_move,3,2686931
-5.469,trivial_move,4,2686932
-5.466,flush_begin,0,0
-5.451,flush_end,0,2686932
-5.434,trivial_move,3,2686931
-5.426,trivial_move,4,2686930
-5.424,flush_begin,0,0
-5.406,flush_end,0,2686930
-5.389,trivial_move,3,2686930
-5.381,trivial_move,4,2686931
-5.379,flush_begin,0,0
-5.364,flush_end,0,2686931
-5.347,trivial_move,3,2686932
-5.339,trivial_move,4,2686931
-5.338,flush_begin,0,0
-5.322,flush_end,0,2686931
-5.305,trivial_move,3,2686930
-5.297,trivial_move,4,2686932
-5.294,flush_begin,0,0
-5.277,flush_end,0,2686930
-5.260,trivial_move,3,2686933
-5.252,trivial_move,4,2686931
-5.251,flush_begin,0,0
-5.234,flush_end,0,2686932
-5.217,trivial_move,3,2686930
-5.209,trivial_move,4,2686931
-5.207,flush_begin,0,0
-5.191,flush_end,0,2686930
-5.174,trivial_move,3,2686930
-5.166,trivial_move,4,2686930
-5.165,flush_begin,0,0
-5.148,flush_end,0,2686931
-5.131,trivial_move,3,2686932
-5.123,trivial_move,4,2686932
-5.121,flush_begin,0,0
-5.103,flush_end,0,2686931
-5.086,trivial_move,3,2686930
-5.078,trivial_move,4,2686930
-5.077,flush_begin,0,0
-5.061,flush_end,0,2686932
-5.044,trivial_move,3,2686932
-5.036,trivial_move,4,2686931
-5.035,flush_begin,0,0
-5.018,flush_end,0,2686931
-5.001,trivial_move,3,2686930
-4.993,trivial_move,4,2686931
-4.991,flush_begin,0,0
-4.976,flush_end,0,2686931
-4.959,trivial_move,3,2686931
-4.950,trivial_move,4,2686930
-4.950,flush_begin,0,0
-4.934,flush_end,0,2686930
-4.917,trivial_move,3,2686931
-4.909,trivial_move,4,2686932
-4.908,flush_begin,0,0
-4.892,flush_end,0,2686932
-4.875,trivial_move,3,2686931
-4.867,trivial_move,4,2686930
-4.865,flush_begin,0,0
-4.847,flush_end,0,2686930
-4.830,trivial_move,3,2686931
-4.822,trivial_move,4,2686932
-4.820,flush_begin,0,0
-4.804,flush_end,0,2686932
-4.787,trivial_move,3,2686931
-4.779,trivial_move,4,2686930
-4.777,flush_begin,0,0
-4.759,flush_end,0,2686930
-4.742,trivial_move,3,2686930
-4.734,trivial_move,4,2686931
-4.732,flush_begin,0,0
-4.716,flush_end,0,2686930
-4.699,trivial_move,3,2686932
-4.691,trivial_move,4,2686931
-4.690,flush_begin,0,0
-4.676,flush_end,0,2686932
-4.660,trivial_move,3,2686930
-4.652,trivial_move,4,2686931
-4.651,flush_begin,0,0
-4.636,flush_end,0,2686930
-4.619,trivial_move,3,2686931
-4.611,trivial_move,4,2686931
-4.609,flush_begin,0,0
-4.594,flush_end,0,2686932
-4.577,trivial_move,3,2686931
-4.569,trivial_move,4,2686930
-4.567,flush_begin,0,0
-4.551,flush_end,0,2686930
-4.534,trivial_move,3,2686930
-4.526,trivial_move,4,2686930
-4.525,flush_begin,0,0
-4.509,flush_end,0,2686931
-4.492,trivial_move,3,2686932
-4.484,trivial_move,4,2686931
-4.482,flush_begin,0,0
-4.466,flush_end,0,2686931
-4.449,trivial_move,3,2686930
-4.441,trivial_move,4,2686931
-4.439,flush_begin,0,0
-4.424,flush_end,0,2686931
-4.407,trivial_move,3,2686932
-4.399,trivial_move,4,2686931
-4.398,flush_begin,0,0
-4.383,flush_end,0,2686931
-4.366,trivial_move,3,2686930
-4.358,trivial_move,4,2686932
-4.356,flush_begin,0,0
-4.341,flush_end,0,2686931
-4.324,trivial_move,3,2686932
-4.316,trivial_move,4,2686930
-4.315,flush_begin,0,0
-4.300,flush_end,0,2686930
-4.284,trivial_move,3,2686931
-4.276,trivial_move,4,2686932
-4.274,flush_begin,0,0
-4.258,flush_end,0,2686932
-4.241,trivial_move,3,2686931
-4.233,trivial_move,4,2686930
-4.231,flush_begin,0,0
-4.215,flush_end,0,2686930
-4.198,trivial_move,3,2686931
-4.190,trivial_move,4,2686932
-4.187,flush_begin,0,0
-4.172,flush_end,0,2686931
-4.155,trivial_move,3,2686930
-4.147,trivial_move,4,2686930
-4.145,flush_begin,0,0
-4.129,flush_end,0,2686932
-4.112,trivial_move,3,2686930
-4.104,trivial_move,4,2686931
-4.102,flush_begin,0,0
-4.087,flush_end,0,2686930
-4.070,trivial_move,3,2686931
-4.062,trivial_move,4,2686931
-4.061,flush_begin,0,0
-4.045,flush_end,0,2686932
-4.028,trivial_move,3,2686931
-4.020,trivial_move,4,2686930
-4.019,flush_begin,0,0
-4.003,flush_end,0,2686930
-3.986,trivial_move,3,2686931
-3.978,trivial_move,4,2686932
-3.977,flush_begin,0,0
-3.961,flush_end,0,2686932
-3.944,trivial_move,3,2686931
-3.936,trivial_move,4,2686930
-3.935,flush_begin,0,0
-3.918,flush_end,0,2686930
-3.901,trivial_move,3,2686930
-3.893,trivial_move,4,2686931
-3.891,flush_begin,0,0
-3.875,flush_end,0,2686931
-3.858,trivial_move,3,2686932
-3.850,trivial_move,4,2686931
-3.847,flush_begin,0,0
-3.831,flush_end,0,2686931
-3.813,trivial_move,3,2686930
-3.805,trivial_move,4,2686931
-3.803,flush_begin,0,0
-3.786,flush_end,0,2686931
-3.769,trivial_move,3,2686932
-3.761,trivial_move,4,2686931
-3.759,flush_begin,0,0
-3.743,flush_end,0,2686931
-3.726,trivial_move,3,2686930
-3.718,trivial_move,4,2686931
-3.716,flush_begin,0,0
-3.699,flush_end,0,2686930
-3.682,trivial_move,3,2686931
-3.674,trivial_move,4,2686930
-3.672,flush_begin,0,0
-3.654,flush_end,0,2686930
-3.637,trivial_move,3,2686931
-3.629,trivial_move,4,2686932
-3.627,flush_begin,0,0
-3.611,flush_end,0,2686931
-3.594,trivial_move,3,2686930
-3.586,trivial_move,4,2686930
-3.586,flush_begin,0,0
-3.570,flush_end,0,2686931
-3.552,trivial_move,3,2686932
-3.544,trivial_move,4,2686932
-3.543,flush_begin,0,0
-3.527,flush_end,0,2686931
-3.510,trivial_move,3,2686930
-3.502,trivial_move,4,2686930
-3.500,flush_begin,0,0
-3.485,flush_end,0,2686931
-3.468,trivial_move,3,2686931
-3.460,trivial_move,4,2686930
-3.459,flush_begin,0,0
-3.443,flush_end,0,2686930
-3.426,trivial_move,3,2686931
-3.418,trivial_move,4,2686933
-3.416,flush_begin,0,0
-3.400,flush_end,0,2686932
-3.383,trivial_move,3,2686932
-3.375,trivial_move,4,2686930
-3.374,flush_begin,0,0
-3.358,flush_end,0,2686930
-3.341,trivial_move,3,2686931
-3.333,trivial_move,4,2686932
-3.332,flush_begin,0,0
-3.317,flush_end,0,2686932
-3.300,trivial_move,3,2686931
-3.292,trivial_move,4,2686930
-3.290,flush_begin,0,0
-3.276,flush_end,0,2686930
-3.259,trivial_move,3,2686930
-3.251,trivial_move,4,2686931
-3.249,flush_begin,0,0
-3.234,flush_end,0,2686932
-3.217,trivial_move,3,2686932
-3.209,trivial_move,4,2686931
-3.207,flush_begin,0,0
-3.192,flush_end,0,2686931
-3.175,trivial_move,3,2686930
-3.167,trivial_move,4,2686931
-3.166,flush_begin,0,0
-3.150,flush_end,0,2686930
-3.133,trivial_move,3,2686932
-3.125,trivial_move,4,2686931
-3.123,flush_begin,0,0
-3.107,flush_end,0,2686932
-3.090,trivial_move,3,2686930
-3.082,trivial_move,4,2686931
-3.079,flush_begin,0,0
-3.063,flush_end,0,2686930
-3.046,trivial_move,3,2686930
-3.038,trivial_move,4,2686930
-3.036,flush_begin,0,0
-3.020,flush_end,0,2686931
-3.003,trivial_move,3,2686932
-2.995,trivial_move,4,2686932
-2.992,flush_begin,0,0
-2.976,flush_end,0,2686931
-2.959,trivial_move,3,2686930
-2.951,trivial_move,4,2686930
-2.949,flush_begin,0,0
-2.934,flush_end,0,2686931
-2.917,trivial_move,3,2686932
-2.909,trivial_move,4,2686931
-2.908,flush_begin,0,0
-2.892,flush_end,0,2686931
-2.875,trivial_move,3,2686930
-2.867,trivial_move,4,2686931
-2.865,flush_begin,0,0
-2.848,flush_end,0,2686931
-2.831,trivial_move,3,2686931
-2.823,trivial_move,4,2686930
-2.822,flush_begin,0,0
-2.807,flush_end,0,2686930
-2.790,trivial_move,3,2686931
-2.782,trivial_move,4,2686932
-2.780,flush_begin,0,0
-2.763,flush_end,0,2686932
-2.746,trivial_move,3,2686931
-2.738,trivial_move,4,2686930
-2.737,flush_begin,0,0
-2.720,flush_end,0,2686930
-2.703,trivial_move,3,2686931
-2.690,trivial_move,4,2686932
-2.690,flush_begin,0,0
-2.674,flush_end,0,2686932
-2.657,trivial_move,3,2686931
-2.649,trivial_move,4,2686930
-2.646,flush_begin,0,0
-2.629,flush_end,0,2686930
-2.612,trivial_move,3,2686930
-2.604,trivial_move,4,2686931
-2.603,flush_begin,0,0
-2.586,flush_end,0,2686930
-2.569,trivial_move,3,2686932
-2.561,trivial_move,4,2686931
-2.560,flush_begin,0,0
-2.544,flush_end,0,2686932
-2.527,trivial_move,3,2686930
-2.519,trivial_move,4,2686932
-2.517,flush_begin,0,0
-2.501,flush_end,0,2686930
-2.484,trivial_move,3,2686931
-2.476,trivial_move,4,2686931
-2.475,flush_begin,0,0
-2.458,flush_end,0,2686932
-2.441,trivial_move,3,2686932
-2.433,trivial_move,4,2686930
-2.431,flush_begin,0,0
-2.415,flush_end,0,2686930
-2.398,trivial_move,3,2686930
-2.390,trivial_move,4,2686930
-2.389,flush_begin,0,0
-2.374,flush_end,0,2686931
-2.357,trivial_move,3,2686932
-2.349,trivial_move,4,2686931
-2.347,flush_begin,0,0
-2.331,flush_end,0,2686931
-2.314,trivial_move,3,2686930
-2.306,trivial_move,4,2686931
-2.305,flush_begin,0,0
-2.288,flush_end,0,2686932
-2.272,trivial_move,3,2686932
-2.264,trivial_move,4,2686931
-2.263,flush_begin,0,0
-2.246,flush_end,0,2686931
-2.229,trivial_move,3,2686930
-2.221,trivial_move,4,2686931
-2.220,flush_begin,0,0
-2.204,flush_end,0,2686931
-2.187,trivial_move,3,2686931
-2.179,trivial_move,4,2686930
-2.178,flush_begin,0,0
-2.162,flush_end,0,2686930
-2.145,trivial_move,3,2686931
-2.137,trivial_move,4,2686932
-2.135,flush_begin,0,0
-2.120,flush_end,0,2686932
-2.103,trivial_move,3,2686931
-2.095,trivial_move,4,2686930
-2.094,flush_begin,0,0
-2.078,flush_end,0,2686930
-2.061,trivial_move,3,2686931
-2.053,trivial_move,4,2686932
-2.050,flush_begin,0,0
-2.035,flush_end,0,2686931
-2.018,trivial_move,3,2686930
-2.010,trivial_move,4,2686930
-2.008,flush_begin,0,0
-1.992,flush_end,0,2686931
-1.975,trivial_move,3,2686930
-1.967,trivial_move,4,2686931
-1.965,flush_begin,0,0
-1.947,flush_end,0,2686930
-1.930,trivial_move,3,2686931
-1.922,trivial_move,4,2686931
-1.920,flush_begin,0,0
-1.904,flush_end,0,2686932
-1.887,trivial_move,3,2686931
-1.879,trivial_move,4,2686930
-1.876,flush_begin,0,0
-1.858,flush_end,0,2686930
-1.841,trivial_move,3,2686931
-1.833,trivial_move,4,2686932
-1.832,flush_begin,0,0
-1.817,flush_end,0,2686932
-1.800,trivial_move,3,2686931
-1.792,trivial_move,4,2686930
-1.789,flush_begin,0,0
-1.773,flush_end,0,2686930
-1.756,trivial_move,3,2686930
-1.748,trivial_move,4,2686931
-1.746,flush_begin,0,0
-1.727,flush_end,0,2686931
-1.711,trivial_move,3,2686932
-1.703,trivial_move,4,2686931
-1.700,flush_begin,0,0
-1.682,flush_end,0,2686931
-1.665,trivial_move,3,2686930
-1.657,trivial_move,4,2686931
-1.656,flush_begin,0,0
-1.640,flush_end,0,2686931
-1.623,trivial_move,3,2686932
-1.615,trivial_move,4,2686931
-1.614,flush_begin,0,0
-1.597,flush_end,0,2686931
-1.580,trivial_move,3,2686930
-1.572,trivial_move,4,2686932
-1.571,flush_begin,0,0
-1.556,flush_end,0,2686930
-1.539,trivial_move,3,2686932
-1.531,trivial_move,4,2686930
-1.529,flush_begin,0,0
-1.511,flush_end,0,2686930
-1.494,trivial_move,3,2686931
-1.486,trivial_move,4,2686932
-1.484,flush_begin,0,0
-1.467,flush_end,0,2686931
-1.450,trivial_move,3,2686930
-1.442,trivial_move,4,2686930
-1.441,flush_begin,0,0
-1.425,flush_end,0,2686931
-1.408,trivial_move,3,2686932
-1.400,trivial_move,4,2686932
-1.399,flush_begin,0,0
-1.382,flush_end,0,2686931
-1.365,trivial_move,3,2686930
-1.357,trivial_move,4,2686930
-1.356,flush_begin,0,0
-1.339,flush_end,0,2686932
-1.322,trivial_move,3,2686931
-1.314,trivial_move,4,2686930
-1.311,flush_begin,0,0
-1.295,flush_end,0,2686930
-1.278,trivial_move,3,2686931
-1.270,trivial_move,4,2686932
-1.268,flush_begin,0,0
-1.251,flush_end,0,2686932
-1.233,trivial_move,3,2686931
-1.225,trivial_move,4,2686930
-1.223,flush_begin,0,0
-1.208,flush_end,0,2686930
-1.191,trivial_move,3,2686931
-1.183,trivial_move,4,2686932
-1.182,flush_begin,0,0
-1.166,flush_end,0,2686932
-1.149,trivial_move,3,2686931
-1.141,trivial_move,4,2686930
-1.140,flush_begin,0,0
-1.123,flush_end,0,2686930
-1.106,trivial_move,3,2686930
-1.098,trivial_move,4,2686931
-1.098,flush_begin,0,0
-1.083,flush_end,0,2686931
-1.063,trivial_move,3,2686932
-1.055,trivial_move,4,2686931
-1.054,flush_begin,0,0
-1.037,flush_end,0,2686931
-1.020,trivial_move,3,2686930
-1.012,trivial_move,4,2686931
-1.010,flush_begin,0,0
-0.994,flush_end,0,2686930
-0.977,trivial_move,3,2686932
-0.969,trivial_move,4,2686931
-0.967,flush_begin,0,0
-0.951,flush_end,0,2686932
-0.934,trivial_move,3,2686930
-0.926,trivial_move,4,2686931
-0.925,flush_begin,0,0
-0.907,flush_end,0,2686930
-0.890,trivial_move,3,2686930
-0.882,trivial_move,4,2686930
-0.880,flush_begin,0,0
-0.864,flush_end,0,2686931
-0.847,trivial_move,3,2686932
-0.839,trivial_move,4,2686932
-0.837,flush_begin,0,0
-0.820,flush_end,0,2686931
-0.803,trivial_move,3,2686930
-0.795,trivial_move,4,2686930
-0.793,flush_begin,0,0
-0.776,flush_end,0,2686931
-0.759,trivial_move,3,2686932
-0.751,trivial_move,4,2686931
-0.748,flush_begin,0,0
-0.731,flush_end,0,2686931
-0.714,trivial_move,3,2686930
-0.706,trivial_move,4,2686931
-0.703,flush_begin,0,0
-0.686,flush_end,0,2686931
-0.669,trivial_move,3,2686931
-0.661,trivial_move,4,2686930
-0.660,flush_begin,0,0
-0.643,flush_end,0,2686930
-0.626,trivial_move,3,2686931
-0.618,trivial_move,4,2686933
-0.616,flush_begin,0,0
-0.601,flush_end,0,2686932
-0.584,trivial_move,3,2686932
-0.576,trivial_move,4,2686930
-0.575,flush_begin,0,0
-0.558,flush_end,0,2686930
-0.541,trivial_move,3,2686931
-0.533,trivial_move,4,2686932
-0.531,flush_begin,0,0
-0.513,flush_end,0,2686932
-0.496,trivial_move,3,2686931
-0.488,trivial_move,4,2686930
-0.485,flush_begin,0,0
-0.469,flush_end,0,2686930
-0.451,trivial_move,3,2686930
-0.443,trivial_move,4,2686931
-0.442,flush_begin,0,0
-0.425,flush_end,0,2686930
-0.408,trivial_move,3,2686932
-0.400,trivial_move,4,2686931
-0.398,flush_begin,0,0
-0.380,flush_end,0,2686933
-0.363,trivial_move,3,2686930
-0.355,trivial_move,4,2686931
-0.353,flush_begin,0,0
-0.337,flush_end,0,2686930
-0.320,trivial_move,3,2686931
-0.312,trivial_move,4,2686931
-0.309,flush_begin,0,0
-0.293,flush_end,0,2686932
-0.276,trivial_move,3,2686931
-0.268,trivial_move,4,2686930
-0.267,flush_begin,0,0
-0.251,flush_end,0,2686930
-0.234,trivial_move,3,2686930
-0.226,trivial_move,4,2686930
-0.224,flush_begin,0,0
-0.206,flush_end,0,2686931
-0.189,trivial_move,3,2686932
-0.181,trivial_move,4,2686931
-0.180,flush_begin,0,0
-0.163,flush_end,0,2686931
-0.146,trivial_move,3,2686930
-0.138,trivial_move,4,2686931
-0.136,flush_begin,0,0
-0.120,flush_end,0,2686931
-0.103,trivial_move,3,2686932
-0.095,trivial_move,4,2686931
-0.093,flush_begin,0,0
-0.076,flush_end,0,2686931
-0.059,trivial_move,3,2686930
-0.051,trivial_move,4,2686931
-0.050,flush_begin,0,0
-0.035,flush_end,0,2686931
-0.018,trivial_move,3,2686931
-0.010,trivial_move,4,2686930
-0.008,flush_begin,0,0
0.008,flush_end,0,2686930
0.025,trivial_move,3,2686931
0.033,trivial_move,4,2686932
0.035,flush_begin,0,0
0.052,flush_end,0,2686932
0.069,trivial_move,3,2686931
0.077,trivial_move,4,2686930
0.079,flush_begin,0,0
0.097,flush_end,0,2686930
0.114,trivial_move,3,2686931
0.122,trivial_move,4,2686932
0.125,flush_begin,0,0
0.141,flush_end,0,2686931
0.158,trivial_move,3,2686930
0.166,trivial_move,4,2686930
0.167,flush_begin,0,0
0.182,flush_end,0,2686931
0.199,trivial_move,3,2686930
0.207,trivial_move,4,2686931
0.209,flush_begin,0,0
0.224,flush_end,0,2686930
0.241,trivial_move,3,2686931
0.249,trivial_move,4,2686931
0.249,flush_begin,0,0
0.260,flush_end,0,2686932
0.277,trivial_move,3,2686931
0.285,trivial_move,4,2686930
0.285,flush_begin,0,0
0.296,flush_end,0,2686930
0.313,trivial_move,3,2686931
0.313,flush_begin,0,0
0.323,flush_end,0,2686932
0.341,trivial_move,3,2686932
0.341,flush_begin,0,0
0.351,flush_end,0,2686930
0.369,trivial_move,3,2686930
0.369,flush_begin,0,0
0.380,flush_end,0,2686931
0.397,trivial_move,3,2686932
0.397,flush_begin,0,0
0.408,flush_end,0,2686931
0.425,trivial_move,3,2686930
0.433,trivial_move,4,2686933
0.433,flush_begin,0,0
0.445,flush_end,0,2686932
0.461,trivial_move,3,2686932
0.469,trivial_move,4,2686930
0.469,flush_begin,0,0
0.483,flush_end,0,2686931
0.500,trivial_move,3,2686930
0.500,flush_begin,0,0
0.512,flush_end,0,2686930
0.529,trivial_move,3,2686931
0.537,trivial_move,4,2686931
0.545,trivial_move,4,2686931
0.545,flush_begin,0,0
0.558,flush_end,0,2686930
0.574,trivial_move,3,2686931
0.582,trivial_move,4,2686931
0.590,trivial_move,4,2686931
0.590,flush_begin,0,0
0.604,flush_end,0,2686931
0.621,trivial_move,3,2686930
0.629,trivial_move,4,2686931
0.637,trivial_move,4,2686930
0.637,flush_begin,0,0
0.649,flush_end,0,2686931
0.666,trivial_move,3,2686932
0.674,trivial_move,4,2686932
0.674,flush_begin,0,0
0.687,flush_end,0,2686931
0.703,trivial_move,3,2686930
0.711,trivial_move,4,2686930
0.718,trivial_move,4,2686932
0.726,trivial_move,4,2686930
0.726,flush_begin,0,0
0.739,flush_end,0,2686931
0.756,trivial_move,3,2686931
0.765,trivial_move,4,2686930
0.765,flush_begin,0,0
0.778,flush_end,0,2686930
0.794,trivial_move,3,2686931
0.802,trivial_move,4,2686932
0.803,flush_begin,0,0
0.816,flush_end,0,2686932
0.833,trivial_move,3,2686931
0.841,trivial_move,4,2686930
0.842,flush_begin,0,0
0.856,flush_end,0,2686930
0.873,trivial_move,3,2686931
0.881,trivial_move,4,2686932
0.882,flush_begin,0,0
0.896,flush_end,0,2686932
0.913,trivial_move,3,2686931
0.921,trivial_move,4,2686930
0.922,flush_begin,0,0
0.937,flush_end,0,2686930
0.954,trivial_move,3,2686930
0.962,trivial_move,4,2686931
0.964,flush_begin,0,0
0.979,flush_end,0,2686931
0.996,trivial_move,3,2686932
1.004,trivial_move,4,2686931
1.005,flush_begin,0,0
1.021,flush_end,0,2686931
1.038,trivial_move,3,2686930
1.046,trivial_move,4,2686931
1.048,flush_begin,0,0
1.064,flush_end,0,2686930
1.081,trivial_move,3,2686932
1.089,trivial_move,4,2686931
1.092,flush_begin,0,0
1.107,flush_end,0,2686932
1.124,trivial_move,3,2686930
1.132,trivial_move,4,2686933
1.135,flush_begin,0,0
1.150,flush_end,0,2686930
1.167,trivial_move,3,2686930
1.175,trivial_move,4,2686930
1.176,flush_begin,0,0
1.192,flush_end,0,2686931
1.209,trivial_move,3,2686933
1.217,trivial_move,4,2686932
1.219,flush_begin,0,0
1.236,flush_end,0,2686931
1.253,trivial_move,3,2686930
1.261,trivial_move,4,2686930
1.262,flush_begin,0,0
1.277,flush_end,0,2686931
1.294,trivial_move,3,2686932
1.302,trivial_move,4,2686931
1.303,flush_begin,0,0
1.319,flush_end,0,2686931
1.336,trivial_move,3,2686930
1.344,trivial_move,4,2686931
1.345,flush_begin,0,0
1.361,flush_end,0,2686933
1.378,trivial_move,3,2686931
1.386,trivial_move,4,2686930
1.387,flush_begin,0,0
1.403,flush_end,0,2686930
1.420,trivial_move,3,2686931
1.428,trivial_move,4,2686932
1.429,flush_begin,0,0
1.445,flush_end,0,2686932
1.462,trivial_move,3,2686931
1.470,trivial_move,4,2686930
1.471,flush_begin,0,0
1.488,flush_end,0,2686930
1.505,trivial_move,3,2686931
1.513,trivial_move,4,2686932
1.514,flush_begin,0,0
1.529,flush_end,0,2686932
1.546,trivial_move,3,2686931
1.554,trivial_move,4,2686930
1.558,flush_begin,0,0
1.575,flush_end,0,2686930
1.592,trivial_move,3,2686930
1.600,trivial_move,4,2686931
1.601,flush_begin,0,0
1.616,flush_end,0,2686930
1.633,trivial_move,3,2686932
1.641,trivial_move,4,2686931
1.643,flush_begin,0,0
1.660,flush_end,0,2686932
1.677,trivial_move,3,2686930
1.685,trivial_move,4,2686931
1.687,flush_begin,0,0
1.704,flush_end,0,2686930
1.721,trivial_move,3,2686931
1.729,trivial_move,4,2686931
1.731,flush_begin,0,0
1.746,flush_end,0,2686932
1.764,trivial_move,3,2686931
1.772,trivial_move,4,2686930
1.774,flush_begin,0,0
1.791,flush_end,0,2686930
1.808,trivial_move,3,2686930
1.816,trivial_move,4,2686930
1.817,flush_begin,0,0
1.833,flush_end,0,2686931
1.850,trivial_move,3,2686932
1.858,trivial_move,4,2686931
1.860,flush_begin,0,0
1.877,flush_end,0,2686931
1.894,trivial_move,3,2686930
1.902,trivial_move,4,2686931
1.904,flush_begin,0,0
1.919,flush_end,0,2686931
1.936,trivial_move,3,2686932
1.944,trivial_move,4,2686931
1.946,flush_begin,0,0
1.962,flush_end,0,2686931
1.979,trivial_move,3,2686930
1.987,trivial_move,4,2686931
1.988,flush_begin,0,0
2.004,flush_end,0,2686931
2.021,trivial_move,3,2686931
2.029,trivial_move,4,2686930
2.030,flush_begin,0,0
2.047,flush_end,0,2686930
2.064,trivial_move,3,2686931
2.072,trivial_move,4,2686933
2.074,flush_begin,0,0
2.090,flush_end,0,2686932
2.107,trivial_move,3,2686932
2.115,trivial_move,4,2686930
2.117,flush_begin,0,0
2.134,flush_end,0,2686930
2.151,trivial_move,3,2686931
2.159,trivial_move,4,2686932
2.161,flush_begin,0,0
2.177,flush_end,0,2686931
2.194,trivial_move,3,2686930
2.202,trivial_move,4,2686930
2.204,flush_begin,0,0
2.220,flush_end,0,2686931
2.237,trivial_move,3,2686930
2.245,trivial_move,4,2686931
2.245,flush_begin,0,0
2.261,flush_end,0,2686930
2.278,trivial_move,3,2686931
2.286,trivial_move,4,2686931
2.288,flush_begin,0,0
2.304,flush_end,0,2686933
2.321,trivial_move,3,2686931
2.329,trivial_move,4,2686930
2.331,flush_begin,0,0
2.347,flush_end,0,2686930
2.364,trivial_move,3,2686931
2.372,trivial_move,4,2686932
2.374,flush_begin,0,0
2.391,flush_end,0,2686932
2.408,trivial_move,3,2686931
2.416,trivial_move,4,2686930
2.417,flush_begin,0,0
2.432,flush_end,0,2686930
2.449,trivial_move,3,2686930
2.457,trivial_move,4,2686931
2.459,flush_begin,0,0
2.476,flush_end,0,2686931
2.493,trivial_move,3,2686932
2.501,trivial_move,4,2686931
2.503,flush_begin,0,0
2.520,flush_end,0,2686931
2.537,trivial_move,3,2686930
2.545,trivial_move,4,2686931
2.548,flush_begin,0,0
2.564,flush_end,0,2686931
2.581,trivial_move,3,2686932
2.589,trivial_move,4,2686931
2.592,flush_begin,0,0
2.609,flush_end,0,2686931
2.626,trivial_move,3,2686930
2.634,trivial_move,4,2686931
2.635,flush_begin,0,0
2.651,flush_end,0,2686930
2.668,trivial_move,3,2686931
2.676,trivial_move,4,2686930
2.677,flush_begin,0,0
2.694,flush_end,0,2686930
2.711,trivial_move,3,2686931
2.719,trivial_move,4,2686932
2.721,flush_begin,0,0
2.736,flush_end,0,2686931
2.753,trivial_move,3,2686930
2.761,trivial_move,4,2686930
2.762,flush_begin,0,0
2.776,flush_end,0,2686931
2.793,trivial_move,3,2686932
2.801,trivial_move,4,2686932
2.802,flush_begin,0,0
2.817,flush_end,0,2686931
2.834,trivial_move,3,2686930
2.842,trivial_move,4,2686930
2.844,flush_begin,0,0
2.860,flush_end,0,2686931
2.877,trivial_move,3,2686931
2.885,trivial_move,4,2686930
2.887,flush_begin,0,0
2.902,flush_end,0,2686930
2.919,trivial_move,3,2686931
2.927,trivial_move,4,2686932
2.929,flush_begin,0,0
2.944,flush_end,0,2686932
2.961,trivial_move,3,2686931
2.969,trivial_move,4,2686930
2.970,flush_begin,0,0
2.986,flush_end,0,2686930
3.003,trivial_move,3,2686931
3.011,trivial_move,4,2686933
3.012,flush_begin,0,0
3.029,flush_end,0,2686932
3.046,trivial_move,3,2686933
3.054,trivial_move,4,2686930
3.057,flush_begin,0,0
3.072,flush_end,0,2686930
3.089,trivial_move,3,2686930
3.097,trivial_move,4,2686931
3.099,flush_begin,0,0
3.114,flush_end,0,2686931
3.131,trivial_move,3,2686932
3.139,trivial_move,4,2686931
3.140,flush_begin,0,0
3.157,flush_end,0,2686931
3.174,trivial_move,3,2686930
3.182,trivial_move,4,2686931
3.184,flush_begin,0,0
3.199,flush_end,0,2686930
3.216,trivial_move,3,2686932
3.224,trivial_move,4,2686931
3.227,flush_begin,0,0
3.242,flush_end,0,2686933
3.259,trivial_move,3,2686930
3.267,trivial_move,4,2686931
3.270,flush_begin,0,0
3.287,flush_end,0,2686930
3.304,trivial_move,3,2686930
3.312,trivial_move,4,2686930
3.313,flush_begin,0,0
3.328,flush_end,0,2686931
3.345,trivial_move,3,2686932
3.353,trivial_move,4,2686932
3.356,flush_begin,0,0
3.371,flush_end,0,2686931
3.388,trivial_move,3,2686930
3.396,trivial_move,4,2686930
3.397,flush_begin,0,0
3.413,flush_end,0,2686931
3.430,trivial_move,3,2686932
3.438,trivial_move,4,2686931
3.439,flush_begin,0,0
3.455,flush_end,0,2686931
3.472,trivial_move,3,2686930
3.480,trivial_move,4,2686931
3.482,flush_begin,0,0
3.497,flush_end,0,2686931
3.513,trivial_move,3,2686931
3.521,trivial_move,4,2686930
3.522,flush_begin,0,0
3.537,flush_end,0,2686930
3.554,trivial_move,3,2686931
3.562,trivial_move,4,2686932
3.563,flush_begin,0,0
3.578,flush_end,0,2686932
3.595,trivial_move,3,2686931
3.603,trivial_move,4,2686930
3.605,flush_begin,0,0
3.620,flush_end,0,2686930
3.637,trivial_move,3,2686931
3.645,trivial_move,4,2686932
3.647,flush_begin,0,0
3.662,flush_end,0,2686932
3.679,trivial_move,3,2686931
3.687,trivial_move,4,2686930
3.689,flush_begin,0,0
3.704,flush_end,0,2686930
3.721,trivial_move,3,2686930
3.729,trivial_move,4,2686931
3.731,flush_begin,0,0
3.748,flush_end,0,2686930
3.765,trivial_move,3,2686932
3.773,trivial_move,4,2686931
3.775,flush_begin,0,0
3.791,flush_end,0,2686932
3.808,trivial_move,3,2686930
3.816,trivial_move,4,2686931
3.818,flush_begin,0,0
3.833,flush_end,0,2686930
3.850,trivial_move,3,2686931
3.858,trivial_move,4,2686931
3.860,flush_begin,0,0
3.876,flush_end,0,2686932
3.893,trivial_move,3,2686931
3.901,trivial_move,4,2686930
3.903,flush_begin,0,0
3.919,flush_end,0,2686930
3.936,trivial_move,3,2686930
3.944,trivial_move,4,2686930
3.946,flush_begin,0,0
3.963,flush_end,0,2686931
3.980,trivial_move,3,2686933
3.988,trivial_move,4,2686931
3.989,flush_begin,0,0
4.006,flush_end,0,2686931
4.023,trivial_move,3,2686930
4.031,trivial_move,4,2686931
4.033,flush_begin,0,0
4.050,flush_end,0,2686931
4.067,trivial_move,3,2686932
4.075,trivial_move,4,2686931
4.076,flush_begin,0,0
4.093,flush_end,0,2686931
4.110,trivial_move,3,2686930
4.118,trivial_move,4,2686931
4.120,flush_begin,0,0
4.138,flush_end,0,2686932
4.155,trivial_move,3,2686931
4.163,trivial_move,4,2686930
4.165,flush_begin,0,0
4.181,flush_end,0,2686930
4.198,trivial_move,3,2686931
4.206,trivial_move,4,2686932
4.209,flush_begin,0,0
4.226,flush_end,0,2686932
4.243,trivial_move,3,2686931
4.251,trivial_move,4,2686930
4.253,flush_begin,0,0
4.269,flush_end,0,2686930
4.286,trivial_move,3,2686931
4.294,trivial_move,4,2686932
4.295,flush_begin,0,0
4.312,flush_end,0,2686931
4.329,trivial_move,3,2686930
4.337,trivial_move,4,2686930
4.338,flush_begin,0,0
4.357,flush_end,0,2686931
4.374,trivial_move,3,2686930
4.382,trivial_move,4,2686931
4.383,flush_begin,0,0
4.397,flush_end,0,2686930
4.414,trivial_move,3,2686931
4.422,trivial_move,4,2686931
4.424,flush_begin,0,0
4.438,flush_end,0,2686932
4.455,trivial_move,3,2686931
4.463,trivial_move,4,2686930
4.464,flush_begin,0,0
4.479,flush_end,0,2686930
4.496,trivial_move,3,2686931
4.504,trivial_move,4,2686932
4.506,flush_begin,0,0
4.521,flush_end,0,2686932
4.538,trivial_move,3,2686931
4.546,trivial_move,4,2686930
4.547,flush_begin,0,0
4.562,flush_end,0,2686930
4.579,trivial_move,3,2686930
4.587,trivial_move,4,2686931
4.589,flush_begin,0,0
4.606,flush_end,0,2686931
4.623,trivial_move,3,2686932
4.631,trivial_move,4,2686931
4.633,flush_begin,0,0
4.650,flush_end,0,2686931
4.667,trivial_move,3,2686930
4.675,trivial_move,4,2686931
4.678,flush_begin,0,0
4.694,flush_end,0,2686931
4.711,trivial_move,3,2686932
4.719,trivial_move,4,2686931
4.722,flush_begin,0,0
4.739,flush_end,0,2686931
4.756,trivial_move,3,2686930
4.764,trivial_move,4,2686931
4.766,flush_begin,0,0
4.782,flush_end,0,2686930
4.799,trivial_move,3,2686931
4.807,trivial_move,4,2686930
4.808,flush_begin,0,0
4.823,flush_end,0,2686930
4.839,trivial_move,3,2686931
4.847,trivial_move,4,2686933
4.848,flush_begin,0,0
4.864,flush_end,0,2686931
4.882,trivial_move,3,2686930
4.890,trivial_move,4,2686930
4.891,flush_begin,0,0
4.906,flush_end,0,2686931
4.923,trivial_move,3,2686933
4.931,trivial_move,4,2686932
4.932,flush_begin,0,0
4.947,flush_end,0,2686931
4.964,trivial_move,3,2686930
4.972,trivial_move,4,2686930
4.975,flush_begin,0,0
4.991,flush_end,0,2686931
5.008,trivial_move,3,2686931
5.016,trivial_move,4,2686930
5.017,flush_begin,0,0
5.033,flush_end,0,2686930
5.050,trivial_move,3,2686931
5.058,trivial_move,4,2686932
5.060,flush_begin,0,0
5.076,flush_end,0,2686933
5.093,trivial_move,3,2686931
5.101,trivial_move,4,2686930
5.103,flush_begin,0,0
5.119,flush_end,0,2686930
5.136,trivial_move,3,2686931
5.144,trivial_move,4,2686932
5.146,flush_begin,0,0
5.164,flush_end,0,2686932
5.181,trivial_move,3,2686931
5.189,trivial_move,4,2686930
5.190,flush_begin,0,0
5.206,flush_end,0,2686930
5.223,trivial_move,3,2686930
5.231,trivial_move,4,2686931
5.233,flush_begin,0,0
5.251,flush_end,0,2686931
5.268,trivial_move,3,2686932
5.276,trivial_move,4,2686931
5.278,flush_begin,0,0
5.295,flush_end,0,2686931
5.312,trivial_move,3,2686930
5.320,trivial_move,4,2686931
5.321,flush_begin,0,0
5.335,flush_end,0,2686930
5.352,trivial_move,3,2686932
5.359,trivial_move,4,2686931
5.361,flush_begin,0,0
5.376,flush_end,0,2686932
5.393,trivial_move,3,2686930
5.401,trivial_move,4,2686931
5.403,flush_begin,0,0
5.417,flush_end,0,2686930
5.434,trivial_move,3,2686930
5.442,trivial_move,4,2686930
5.443,flush_begin,0,0
5.459,flush_end,0,2686931
5.476,trivial_move,3,2686932
5.484,trivial_move,4,2686932
5.486,flush_begin,0,0
5.500,flush_end,0,2686931
5.517,trivial_move,3,2686930
5.525,trivial_move,4,2686930
5.527,flush_begin,0,0
5.542,flush_end,0,2686931
5.559,trivial_move,3,2686932
5.567,trivial_move,4,2686931
5.569,flush_begin,0,0
5.585,flush_end,0,2686931
5.602,trivial_move,3,2686930
5.610,trivial_move,4,2686931
5.612,flush_begin,0,0
5.627,flush_end,0,2686931
5.644,trivial_move,3,2686931
5.652,trivial_move,4,2686930
5.653,flush_begin,0,0
5.669,flush_end,0,2686930
5.686,trivial_move,3,2686931
5.694,trivial_move,4,2686932
5.696,flush_begin,0,0
5.711,flush_end,0,2686932
5.728,trivial_move,3,2686931
5.736,trivial_move,4,2686930
5.737,flush_begin,0,0
5.753,flush_end,0,2686930
5.770,trivial_move,3,2686931
5.778,trivial_move,4,2686933
5.780,flush_begin,0,0
5.796,flush_end,0,2686932
5.813,trivial_move,3,2686932
5.821,trivial_move,4,2686930
5.823,flush_begin,0,0
5.838,flush_end,0,2686930
5.855,trivial_move,3,2686930
5.863,trivial_move,4,2686931
5.865,flush_begin,0,0
5.881,flush_end,0,2686930
5.898,trivial_move,3,2686932
5.906,trivial_move,4,2686931
5.907,flush_begin,0,0
5.924,flush_end,0,2686932
5.941,trivial_move,3,2686930
5.949,trivial_move,4,2686931
5.952,flush_begin,0,0
5.968,flush_end,0,2686930
5.985,trivial_move,3,2686931
5.993,trivial_move,4,2686931
5.995,flush_begin,0,0
6.011,flush_end,0,2686933
6.028,trivial_move,3,2686931
6.036,trivial_move,4,2686930
6.037,flush_begin,0,0
6.054,flush_end,0,2686930
6.071,trivial_move,3,2686930
6.080,trivial_move,4,2686930
6.084,flush_begin,0,0
6.100,flush_end,0,2686931
6.117,trivial_move,3,2686932
6.125,trivial_move,4,2686931
6.126,flush_begin,0,0
6.143,flush_end,0,2686931
6.160,trivial_move,3,2686930
6.168,trivial_move,4,2686931
6.169,flush_begin,0,0
6.186,flush_end,0,2686931
6.203,trivial_move,3,2686932
6.211,trivial_move,4,2686931
6.213,flush_begin,0,0
6.230,flush_end,0,2686931
6.247,trivial_move,3,2686930
6.255,trivial_move,4,2686931
6.257,flush_begin,0,0
6.273,flush_end,0,2686931
6.290,trivial_move,3,2686931
6.298,trivial_move,4,2686930
6.299,flush_begin,0,0
6.315,flush_end,0,2686930
6.332,trivial_move,3,2686931
6.340,trivial_move,4,2686932
6.341,flush_begin,0,0
6.359,flush_end,0,2686932
6.376,trivial_move,3,2686931
6.384,trivial_move,4,2686930
6.386,flush_begin,0,0
6.401,flush_end,0,2686930
6.418,trivial_move,3,2686931
6.426,trivial_move,4,2686932
6.428,flush_begin,0,0
6.444,flush_end,0,2686931
6.461,trivial_move,3,2686930
6.469,trivial_move,4,2686930
6.471,flush_begin,0,0
6.487,flush_end,0,2686931
6.504,trivial_move,3,2686930
6.512,trivial_move,4,2686931
6.515,flush_begin,0,0
6.531,flush_end,0,2686930
6.548,trivial_move,3,2686931
6.556,trivial_move,4,2686931
6.558,flush_begin,0,0
6.572,flush_end,0,2686932
6.589,trivial_move,3,2686931
6.597,trivial_move,4,2686930
6.599,flush_begin,0,0
6.614,flush_end,0,2686930
6.631,trivial_move,3,2686931
6.639,trivial_move,4,2686932
6.640,flush_begin,0,0
6.656,flush_end,0,2686932
6.673,trivial_move,3,2686931
6.681,trivial_move,4,2686930
6.682,flush_begin,0,0
6.699,flush_end,0,2686930
6.716,trivial_move,3,2686930
6.724,trivial_move,4,2686932
6.727,flush_begin,0,0
6.742,flush_end,0,2686931
6.759,trivial_move,3,2686933
6.767,trivial_move,4,2686931
6.770,flush_begin,0,0
6.785,flush_end,0,2686931
6.802,trivial_move,3,2686930
6.810,trivial_move,4,2686931
6.812,flush_begin,0,0
6.827,flush_end,0,2686931
6.844,trivial_move,3,2686932
6.852,trivial_move,4,2686931
6.854,flush_begin,0,0
6.869,flush_end,0,2686931
6.886,trivial_move,3,2686930
6.894,trivial_move,4,2686931
6.895,flush_begin,0,0
6.910,flush_end,0,2686930
6.927,trivial_move,3,2686931
6.935,trivial_move,4,2686930
6.936,flush_begin,0,0
6.952,flush_end,0,2686930
6.969,trivial_move,3,2686931
6.977,trivial_move,4,2686932
6.980,flush_begin,0,0
6.995,flush_end,0,2686931
7.012,trivial_move,3,2686930
7.020,trivial_move,4,2686930
7.022,flush_begin,0,0
7.037,flush_end,0,2686931
7.054,trivial_move,3,2686932
7.062,trivial_move,4,2686932
7.064,flush_begin,0,0
7.082,flush_end,0,2686931
7.099,trivial_move,3,2686930
7.107,trivial_move,4,2686930
7.109,flush_begin,0,0
7.126,flush_end,0,2686931
7.143,trivial_move,3,2686931
7.151,trivial_move,4,2686930
7.151,flush_begin,0,0
7.168,flush_end,0,2686930
7.185,trivial_move,3,2686931
7.193,trivial_move,4,2686932
7.194,flush_begin,0,0
7.210,flush_end,0,2686932
7.227,trivial_move,3,2686931
7.235,trivial_move,4,2686930
7.236,flush_begin,0,0
7.253,flush_end,0,2686930
7.270,trivial_move,3,2686931
7.278,trivial_move,4,2686932
7.281,flush_begin,0,0
7.298,flush_end,0,2686932
7.315,trivial_move,3,2686931
7.323,trivial_move,4,2686930
7.325,flush_begin,0,0
7.341,flush_end,0,2686930
7.358,trivial_move,3,2686930
7.366,trivial_move,4,2686931
7.367,flush_begin,0,0
7.383,flush_end,0,2686931
7.400,trivial_move,3,2686932
7.408,trivial_move,4,2686931
7.409,flush_begin,0,0
7.424,flush_end,0,2686931
7.441,trivial_move,3,2686930
7.449,trivial_move,4,2686931
7.450,flush_begin,0,0
7.465,flush_end,0,2686930
7.482,trivial_move,3,2686932
7.490,trivial_move,4,2686931
7.492,flush_begin,0,0
7.507,flush_end,0,2686932
7.524,trivial_move,3,2686930
7.532,trivial_move,4,2686931
7.533,flush_begin,0,0
7.550,flush_end,0,2686930
7.567,trivial_move,3,2686930
7.575,trivial_move,4,2686930
7.576,flush_begin,0,0
7.593,flush_end,0,2686931
7.610,trivial_move,3,2686932
7.618,trivial_move,4,2686933
7.621,flush_begin,0,0
7.636,flush_end,0,2686931
7.653,trivial_move,3,2686930
7.661,trivial_move,4,2686930
7.663,flush_begin,0,0
7.678,flush_end,0,2686931
7.694,trivial_move,3,2686933
7.702,trivial_move,4,2686931
7.704,flush_begin,0,0
7.715,flush_end,0,2686931
7.731,trivial_move,3,2686930
7.739,trivial_move,4,2686931
7.739,flush_begin,0,0
7.750,flush_end,0,2686931
7.767,trivial_move,3,2686931
7.767,flush_begin,0,0
7.778,flush_end,0,2686930
7.795,trivial_move,3,2686931
7.803,trivial_move,4,2686930
7.803,flush_begin,0,0
7.814,flush_end,0,2686933
7.831,trivial_move,3,2686931
7.839,trivial_move,4,2686932
7.839,flush_begin,0,0
7.851,flush_end,0,2686930
7.868,trivial_move,3,2686931
7.876,trivial_move,4,2686930
7.876,flush_begin,0,0
7.889,flush_end,0,2686932
7.906,trivial_move,3,2686931
7.914,trivial_move,4,2686932
7.922,trivial_move,4,2686930
7.922,flush_begin,0,0
7.936,flush_end,0,2686930
7.953,trivial_move,3,2686930
7.961,trivial_move,4,2686931
7.962,flush_begin,0,0
7.977,flush_end,0,2686930
7.994,trivial_move,3,2686932
8.002,trivial_move,4,2686931
8.003,flush_begin,0,0
8.018,flush_end,0,2686932
8.035,trivial_move,3,2686930
8.043,trivial_move,4,2686931
8.045,flush_begin,0,0
8.059,flush_end,0,2686930
8.076,trivial_move,3,2686931
8.084,trivial_move,4,2686931
8.086,flush_begin,0,0
8.101,flush_end,0,2686932
8.118,trivial_move,3,2686931
8.126,trivial_move,4,2686930
8.127,flush_begin,0,0
8.143,flush_end,0,2686930
8.160,trivial_move,3,2686930
8.168,trivial_move,4,2686930
8.170,flush_begin,0,0
8.187,flush_end,0,2686931
8.204,trivial_move,3,2686932
8.212,trivial_move,4,2686931
8.215,flush_begin,0,0
8.231,flush_end,0,2686931
8.248,trivial_move,3,2686930
8.256,trivial_move,4,2686931
8.259,flush_begin,0,0
8.276,flush_end,0,2686931
8.293,trivial_move,3,2686932
8.301,trivial_move,4,2686931
8.303,flush_begin,0,0
8.319,flush_end,0,2686931
8.337,trivial_move,3,2686930
8.345,trivial_move,4,2686931
8.346,flush_begin,0,0
8.360,flush_end,0,2686931
8.377,trivial_move,3,2686931
8.385,trivial_move,4,2686930
8.386,flush_begin,0,0
8.400,flush_end,0,2686930
8.416,trivial_move,3,2686931
8.424,trivial_move,4,2686932
8.425,flush_begin,0,0
8.439,flush_end,0,2686932
8.456,trivial_move,3,2686931
8.464,trivial_move,4,2686930
8.465,flush_begin,0,0
8.480,flush_end,0,2686930
8.496,trivial_move,3,2686931
8.504,trivial_move,4,2686933
8.506,flush_begin,0,0
8.522,flush_end,0,2686931
8.539,trivial_move,3,2686930
8.547,trivial_move,4,2686930
8.548,flush_begin,0,0
8.563,flush_end,0,2686931
8.580,trivial_move,3,2686930
8.588,trivial_move,4,2686931
8.589,flush_begin,0,0
8.603,flush_end,0,2686930
8.620,trivial_move,3,2686931
8.628,trivial_move,4,2686931
8.628,flush_begin,0,0
8.642,flush_end,0,2686932
8.659,trivial_move,3,2686931
8.667,trivial_move,4,2686930
8.668,flush_begin,0,0
8.683,flush_end,0,2686930
8.700,trivial_move,3,2686931
8.708,trivial_move,4,2686932
8.710,flush_begin,0,0
8.725,flush_end,0,2686933
8.742,trivial_move,3,2686931
8.750,trivial_move,4,2686930
8.752,flush_begin,0,0
8.768,flush_end,0,2686930
8.785,trivial_move,3,2686930
8.793,trivial_move,4,2686931
8.795,flush_begin,0,0
8.813,flush_end,0,2686931
8.830,trivial_move,3,2686932
8.838,trivial_move,4,2686931
8.839,flush_begin,0,0
8.856,flush_end,0,2686931
8.873,trivial_move,3,2686930
8.881,trivial_move,4,2686931
8.883,flush_begin,0,0
8.901,flush_end,0,2686931
8.918,trivial_move,3,2686932
8.926,trivial_move,4,2686931
8.927,flush_begin,0,0
8.942,flush_end,0,2686931
8.959,trivial_move,3,2686930
8.967,trivial_move,4,2686931
8.968,flush_begin,0,0
8.985,flush_end,0,2686930
9.002,trivial_move,3,2686931
9.010,trivial_move,4,2686930
9.012,flush_begin,0,0
9.027,flush_end,0,2686930
9.044,trivial_move,3,2686931
9.052,trivial_move,4,2686932
9.054,flush_begin,0,0
9.071,flush_end,0,2686931
9.088,trivial_move,3,2686930
9.096,trivial_move,4,2686930
9.099,flush_begin,0,0
9.118,flush_end,0,2686931
9.135,trivial_move,3,2686932
9.143,trivial_move,4,2686932
9.144,flush_begin,0,0
9.160,flush_end,0,2686931
9.177,trivial_move,3,2686930
9.185,trivial_move,4,2686930
9.186,flush_begin,0,0
9.201,flush_end,0,2686931
9.218,trivial_move,3,2686931
9.226,trivial_move,4,2686930
9.228,flush_begin,0,0
9.244,flush_end,0,2686930
9.261,trivial_move,3,2686931
9.269,trivial_move,4,2686932
9.271,flush_begin,0,0
9.288,flush_end,0,2686932
9.305,trivial_move,3,2686931
9.313,trivial_move,4,2686930
9.315,flush_begin,0,0
9.333,flush_end,0,2686930
9.350,trivial_move,3,2686931
9.358,trivial_move,4,2686932
9.360,flush_begin,0,0
9.376,flush_end,0,2686932
9.393,trivial_move,3,2686931
9.401,trivial_move,4,2686930
9.403,flush_begin,0,0
9.420,flush_end,0,2686930
9.437,trivial_move,3,2686930
9.445,trivial_move,4,2686932
9.447,flush_begin,0,0
9.465,flush_end,0,2686931
9.483,trivial_move,3,2686933
9.491,trivial_move,4,2686931
9.492,flush_begin,0,0
9.509,flush_end,0,2686931
9.526,trivial_move,3,2686930
9.534,trivial_move,4,2686931
9.536,flush_begin,0,0
9.551,flush_end,0,2686930
9.568,trivial_move,3,2686932
9.576,trivial_move,4,2686931
9.578,flush_begin,0,0
9.594,flush_end,0,2686932
9.611,trivial_move,3,2686930
9.619,trivial_move,4,2686931
9.619,flush_begin,0,0
9.636,flush_end,0,2686930
9.653,trivial_move,3,2686930
9.661,trivial_move,4,2686930
9.663,flush_begin,0,0
9.679,flush_end,0,2686932
9.696,trivial_move,3,2686932
9.704,trivial_move,4,2686932
9.706,flush_begin,0,0
9.723,flush_end,0,2686931
9.740,trivial_move,3,2686930
9.748,trivial_move,4,2686930
9.750,flush_begin,0,0
9.766,flush_end,0,2686931
9.783,trivial_move,3,2686932
9.791,trivial_move,4,2686931
9.792,flush_begin,0,0
9.809,flush_end,0,2686931
9.827,trivial_move,3,2686930
9.835,trivial_move,4,2686931
9.836,flush_begin,0,0
9.853,flush_end,0,2686931
9.870,trivial_move,3,2686931
9.878,trivial_move,4,2686930
9.880,flush_begin,0,0
9.895,flush_end,0,2686930
9.912,trivial_move,3,2686931
9.920,trivial_move,4,2686932
9.921,flush_begin,0,0
9.937,flush_end,0,2686932
9.954,trivial_move,3,2686931
9.962,trivial_move,4,2686930
9.963,flush_begin,0,0
9.979,flush_end,0,2686930
9.996,trivial_move,3,2686931
10.004,trivial_move,4,2686932
10.005,flush_begin,0,0
10.023,flush_end,0,2686932
10.040,trivial_move,3,2686931
10.048,trivial_move,4,2686930
10.050,flush_begin,0,0
10.066,flush_end,0,2686930
10.083,trivial_move,3,2686930
10.091,trivial_move,4,2686931
10.094,flush_begin,0,0
10.111,flush_end,0,2686930
10.128,trivial_move,3,2686932
10.136,trivial_move,4,2686931
10.138,flush_begin,0,0
10.154,flush_end,0,2686932
10.171,trivial_move,3,2686930
10.179,trivial_move,4,2686931
10.181,flush_begin,0,0
10.197,flush_end,0,2686930
10.214,trivial_move,3,2686931
10.222,trivial_move,4,2686931
10.223,flush_begin,0,0
10.240,flush_end,0,2686932
10.257,trivial_move,3,2686931
10.265,trivial_move,4,2686930
10.266,flush_begin,0,0
10.282,flush_end,0,2686930
10.299,trivial_move,3,2686930
10.307,trivial_move,4,2686930
10.308,flush_begin,0,0
10.325,flush_end,0,2686931
10.343,trivial_move,3,2686932
10.351,trivial_move,4,2686931
10.352,flush_begin,0,0
10.366,flush_end,0,2686931
10.383,trivial_move,3,2686930
10.391,trivial_move,4,2686933
10.392,flush_begin,0,0
10.407,flush_end,0,2686931
10.425,trivial_move,3,2686933
10.433,trivial_move,4,2686931
10.435,flush_begin,0,0
10.450,flush_end,0,2686931
10.467,trivial_move,3,2686930
10.475,trivial_move,4,2686931
10.476,flush_begin,0,0
10.491,flush_end,0,2686931
10.508,trivial_move,3,2686931
10.516,trivial_move,4,2686930
10.518,flush_begin,0,0
10.533,flush_end,0,2686930
10.550,trivial_move,3,2686931
10.558,trivial_move,4,2686932
10.558,flush_begin,0,0
10.572,flush_end,0,2570063
10.589,trivial_move,3,2686931
10.597,trivial_move,4,2686930
10.597,compaction_begin,2,0
10.635,compaction_end,2,5374078
10.653,trivial_move,4,2686932
10.653,compaction_begin,2,0
10.686,compaction_end,2,5374077
10.701,trivial_move,4,2686930
10.701,compaction_begin,2,0
10.738,compaction_end,2,5374079
10.755,trivial_move,4,2686931
10.755,compaction_begin,2,0
10.785,compaction_end,2,5374079
10.802,trivial_move,4,2686931
10.802,compaction_begin,2,0
10.829,compaction_end,2,5374079
10.846,trivial_move,4,2686930
10.846,compaction_begin,2,0
10.873,compaction_end,2,5374079
10.890,trivial_move,4,2686932
10.890,compaction_begin,2,0
10.917,compaction_end,2,5374078
10.934,trivial_move,4,2686930
10.934,compaction_begin,2,0
10.962,compaction_end,2,5374079
10.979,trivial_move,4,2686931
10.979,compaction_begin,2,0
11.007,compaction_end,2,5374080
11.024,trivial_move,4,2686931
11.024,compaction_begin,2,0
11.053,compaction_end,2,5374079
11.070,trivial_move,4,2686931
11.070,compaction_begin,2,0
11.099,compaction_end,2,5374079
11.116,trivial_move,4,2686931
11.116,compaction_begin,2,0
11.144,compaction_end,2,5374078
11.161,trivial_move,4,2686931
11.161,compaction_begin,2,0
11.189,compaction_end,2,5374079
11.206,trivial_move,4,2686930
11.206,compaction_begin,2,0
11.234,compaction_end,2,5374078
11.251,trivial_move,4,2686932
11.251,compaction_begin,2,0
11.280,compaction_end,2,5374079
11.297,trivial_move,4,2686930
11.297,compaction_begin,2,0
11.324,compaction_end,2,5374079
11.341,trivial_move,4,2686933
11.341,compaction_begin,2,0
11.368,compaction_end,2,5374078
11.385,trivial_move,4,2686930
11.385,compaction_begin,2,0
11.412,compaction_end,2,5374079
11.429,trivial_move,4,2686930
11.429,compaction_begin,2,0
11.456,compaction_end,2,5374079
11.473,trivial_move,4,2686932
11.473,compaction_begin,2,0
11.487,compaction_end,2,2570063
11.504,trivial_move,4,2686930
11.512,trivial_move,4,2686932
11.512,compaction_begin,3,0
11.542,compaction_end,3,5374079
11.559,trivial_move,4,2686931
11.559,compaction_begin,3,0
11.587,compaction_end,3,5374079
11.604,trivial_move,4,2686931
11.604,compaction_begin,3,0
11.632,compaction_end,3,5374077
11.649,trivial_move,4,2686930
11.649,compaction_begin,3,0
11.677,compaction_end,3,5374079
11.694,trivial_move,4,2686930
11.694,compaction_begin,3,0
11.722,compaction_end,3,5374079
11.738,trivial_move,4,2686932
11.738,compaction_begin,3,0
11.766,compaction_end,3,5374080
11.783,trivial_move,4,2686931
11.783,compaction_begin,3,0
11.810,compaction_end,3,5374079
11.819,compaction_begin,3,0
11.844,compaction_end,3,5374079
11.853,compaction_begin,3,0
11.878,compaction_end,3,5374079
11.886,compaction_begin,3,0
11.909,compaction_end,3,5374079
11.919,compaction_begin,3,0
11.942,compaction_end,3,5374078
11.952,compaction_begin,3,0
11.973,compaction_end,3,5374079
11.982,compaction_begin,3,0
12.004,compaction_end,3,5374079
12.013,compaction_begin,3,0
12.035,compaction_end,3,5374078
12.044,compaction_begin,3,0
12.066,compaction_end,3,5374079
12.075,compaction_begin,3,0
12.097,compaction_end,3,5374078
12.106,compaction_begin,3,0
12.128,compaction_end,3,5374080
12.136,compaction_begin,3,0
12.157,compaction_end,3,5374079
12.166,compaction_begin,3,0
12.189,compaction_end,3,5374079
12.198,compaction_begin,3,0
12.219,compaction_end,3,5374079
12.228,compaction_begin,3,0
12.249,compaction_end,3,5374078
12.258,compaction_begin,3,0
12.280,compaction_end,3,5374079
12.289,compaction_begin,3,0
12.310,compaction_end,3,5374079
12.319,compaction_begin,3,0
12.340,compaction_end,3,5374079
12.349,compaction_begin,3,0
12.372,compaction_end,3,5374079
12.381,compaction_begin,3,0
12.403,compaction_end,3,5374077
12.412,compaction_begin,3,0
12.435,compaction_end,3,5374078
12.445,compaction_begin,3,0
12.468,compaction_end,3,5374080
12.477,compaction_begin,3,0
12.498,compaction_end,3,5374079
12.507,compaction_begin,3,0
12.528,compaction_end,3,5374079
12.537,compaction_begin,3,0
12.559,compaction_end,3,5374078
12.568,compaction_begin,3,0
12.590,compaction_end,3,5374079
12.598,compaction_begin,3,0
12.621,compaction_end,3,5374079
12.630,compaction_begin,3,0
12.652,compaction_end,3,5374079
12.660,compaction_begin,3,0
12.682,compaction_end,3,5374079
12.691,compaction_begin,3,0
12.712,compaction_end,3,5374078
12.720,compaction_begin,3,0
12.742,compaction_end,3,5374079
12.751,compaction_begin,3,0
12.772,compaction_end,3,5374080
12.780,compaction_begin,3,0
12.803,compaction_end,3,5374078
12.812,compaction_begin,3,0
12.833,compaction_end,3,5374079
12.842,compaction_begin,3,0
12.863,compaction_end,3,5374078
12.872,compaction_begin,3,0
12.893,compaction_end,3,5374079
12.901,compaction_begin,3,0
12.923,compaction_end,3,5374079
12.932,compaction_begin,3,0
12.953,compaction_end,3,5374079
12.962,compaction_begin,3,0
12.983,compaction_end,3,5374079
12.992,compaction_begin,3,0
13.013,compaction_end,3,5374078
13.022,compaction_begin,3,0
13.043,compaction_end,3,5374079
13.052,compaction_begin,3,0
13.074,compaction_end,3,5374079
13.083,compaction_begin,3,0
13.104,compaction_end,3,5374080
13.113,compaction_begin,3,0
13.134,compaction_end,3,5374079
13.143,compaction_begin,3,0
13.164,compaction_end,3,5374077
13.173,compaction_begin,3,0
13.195,compaction_end,3,5374078
13.203,compaction_begin,3,0
13.226,compaction_end,3,5374079
13.234,compaction_begin,3,0
13.257,compaction_end,3,5374079
13.265,compaction_begin,3,0
13.288,compaction_end,3,5374079
13.296,compaction_begin,3,0
13.319,compaction_end,3,5374078
13.327,compaction_begin,3,0
13.349,compaction_end,3,5374079
13.357,compaction_begin,3,0
13.380,compaction_end,3,5374079
13.388,compaction_begin,3,0
13.410,compaction_end,3,5374079
13.419,compaction_begin,3,0
13.440,compaction_end,3,5374080
13.448,compaction_begin,3,0
13.470,compaction_end,3,5374078
13.478,compaction_begin,3,0
13.500,compaction_end,3,5374079
13.508,compaction_begin,3,0
13.530,compaction_end,3,5374079
13.539,compaction_begin,3,0
13.560,compaction_end,3,5374078
13.568,compaction_begin,3,0
13.590,compaction_end,3,5374079
13.598,compaction_begin,3,0
13.620,compaction_end,3,5374078
13.629,compaction_begin,3,0
13.650,compaction_end,3,5374079
13.659,compaction_begin,3,0
13.680,compaction_end,3,5374079
13.689,compaction_begin,3,0
13.709,compaction_end,3,5374079
13.717,compaction_begin,3,0
13.739,compaction_end,3,5374079
13.747,compaction_begin,3,0
13.769,compaction_end,3,5374079
13.778,compaction_begin,3,0
13.800,compaction_end,3,5374079
13.809,compaction_begin,3,0
13.831,compaction_end,3,5374079
13.840,compaction_begin,3,0
13.862,compaction_end,3,5374079
13.871,compaction_begin,3,0
13.894,compaction_end,3,5374079
13.903,compaction_begin,3,0
13.927,compaction_end,3,5374077
13.935,compaction_begin,3,0
13.958,compaction_end,3,5374078
13.966,compaction_begin,3,0
13.989,compaction_end,3,5374079
13.997,compaction_begin,3,0
14.021,compaction_end,3,5374079
14.030,compaction_begin,3,0
14.052,compaction_end,3,5374079
14.060,compaction_begin,3,0
14.083,compaction_end,3,5374078
14.091,compaction_begin,3,0
14.113,compaction_end,3,5374080
14.121,compaction_begin,3,0
14.143,compaction_end,3,5374079
14.152,compaction_begin,3,0
14.174,compaction_end,3,5374079
14.183,compaction_begin,3,0
14.204,compaction_end,3,5374079
14.213,compaction_begin,3,0
14.234,compaction_end,3,5374078
14.243,compaction_begin,3,0
14.264,compaction_end,3,5374079
14.273,compaction_begin,3,0
14.294,compaction_end,3,5374079
14.303,compaction_begin,3,0
14.324,compaction_end,3,5374078
14.332,compaction_begin,3,0
14.354,compaction_end,3,5374079
14.362,compaction_begin,3,0
14.384,compaction_end,3,5374078
14.393,compaction_begin,3,0
14.416,compaction_end,3,5374079
14.425,compaction_begin,3,0
14.447,compaction_end,3,5374081
14.456,compaction_begin,3,0
14.479,compaction_end,3,5374079
14.487,compaction_begin,3,0
14.511,compaction_end,3,5374079
14.520,compaction_begin,3,0
14.543,compaction_end,3,5374078
14.552,compaction_begin,3,0
14.573,compaction_end,3,5374079
14.582,compaction_begin,3,0
14.604,compaction_end,3,5374079
14.613,compaction_begin,3,0
14.636,compaction_end,3,5374079
14.645,compaction_begin,3,0
14.667,compaction_end,3,5374079
14.677,compaction_begin,3,0
14.700,compaction_end,3,5374077
14.709,compaction_begin,3,0
14.731,compaction_end,3,5374078
14.740,compaction_begin,3,0
14.763,compaction_end,3,5374079
14.772,compaction_begin,3,0
14.794,compaction_end,3,5374080
14.802,compaction_begin,3,0
14.824,compaction_end,3,5374079
14.832,compaction_begin,3,0
14.854,compaction_end,3,5374078
14.862,compaction_begin,3,0
14.884,compaction_end,3,5374079
14.893,compaction_begin,3,0
14.914,compaction_end,3,5374079
14.923,compaction_begin,3,0
14.944,compaction_end,3,5374079
14.953,compaction_begin,3,0
14.974,compaction_end,3,5374079
14.983,compaction_begin,3,0
15.005,compaction_end,3,5374078
15.014,compaction_begin,3,0
15.036,compaction_end,3,5374079
15.045,compaction_begin,3,0
15.066,compaction_end,3,5374079
15.075,compaction_begin,3,0
15.096,compaction_end,3,5374078
15.105,compaction_begin,3,0
15.126,compaction_end,3,5374080
15.135,compaction_begin,3,0
15.156,compaction_end,3,5374078
15.165,compaction_begin,3,0
15.187,compaction_end,3,5374079
15.196,compaction_begin,3,0
15.219,compaction_end,3,5374079
15.228,compaction_begin,3,0
15.251,compaction_end,3,5374079
15.260,compaction_begin,3,0
15.283,compaction_end,3,5374079
15.292,compaction_begin,3,0
15.313,compaction_end,3,5374078
15.321,compaction_begin,3,0
15.343,compaction_end,3,5374079
15.351,compaction_begin,3,0
15.378,compaction_end,3,5374079
15.387,compaction_begin,3,0
15.409,compaction_end,3,5374079
15.418,compaction_begin,3,0
15.440,compaction_end,3,5374080
15.449,compaction_begin,3,0
15.470,compaction_end,3,5374077
15.479,compaction_begin,3,0
15.501,compaction_end,3,5374078
15.510,compaction_begin,3,0
15.532,compaction_end,3,5374079
15.541,compaction_begin,3,0
15.563,compaction_end,3,5374079
15.572,compaction_begin,3,0
15.595,compaction_end,3,5374079
15.603,compaction_begin,3,0
15.626,compaction_end,3,5374078
15.635,compaction_begin,3,0
15.656,compaction_end,3,5374079
15.664,compaction_begin,3,0
15.686,compaction_end,3,5374079
15.694,compaction_begin,3,0
15.717,compaction_end,3,5374079
15.726,compaction_begin,3,0
15.747,compaction_end,3,5374079
15.756,compaction_begin,3,0
15.777,compaction_end,3,5374079
15.786,compaction_begin,3,0
15.807,compaction_end,3,5374079
15.815,compaction_begin,3,0
15.837,compaction_end,3,5374079
15.845,compaction_begin,3,0
15.867,compaction_end,3,5374078
15.876,compaction_begin,3,0
15.897,compaction_end,3,5374079
15.905,compaction_begin,3,0
15.927,compaction_end,3,5374078
15.935,compaction_begin,3,0
15.957,compaction_end,3,5374079
15.965,compaction_begin,3,0
15.987,compaction_end,3,5374079
15.996,compaction_begin,3,0
16.017,compaction_end,3,5374079
16.025,compaction_begin,3,0
16.048,compaction_end,3,5374079
16.056,compaction_begin,3,0
16.078,compaction_end,3,5374078
16.086,compaction_begin,3,0
16.108,compaction_end,3,5374080
16.117,compaction_begin,3,0
16.138,compaction_end,3,5374079
16.147,compaction_begin,3,0
16.168,compaction_end,3,5374079
16.177,compaction_begin,3,0
16.198,compaction_end,3,5374079
16.206,compaction_begin,3,0
16.228,compaction_end,3,5374077
16.237,compaction_begin,3,0
16.258,compaction_end,3,5374078
16.266,compaction_begin,3,0
16.288,compaction_end,3,5374079
16.297,compaction_begin,3,0
16.318,compaction_end,3,5374079
16.327,compaction_begin,3,0
16.348,compaction_end,3,5374079
16.357,compaction_begin,3,0
16.378,compaction_end,3,5374078
16.386,compaction_begin,3,0
16.408,compaction_end,3,5374079
16.416,compaction_begin,3,0
16.438,compaction_end,3,5374080
16.447,compaction_begin,3,0
16.468,compaction_end,3,5374079
16.477,compaction_begin,3,0
16.497,compaction_end,3,5374079
16.506,compaction_begin,3,0
16.527,compaction_end,3,5374078
16.536,compaction_begin,3,0
16.557,compaction_end,3,5374079
16.565,compaction_begin,3,0
16.587,compaction_end,3,5374079
16.596,compaction_begin,3,0
16.617,compaction_end,3,5374078
16.626,compaction_begin,3,0
16.648,compaction_end,3,5374079
16.656,compaction_begin,3,0
16.678,compaction_end,3,5374078
16.686,compaction_begin,3,0
16.708,compaction_end,3,5374079
16.717,compaction_begin,3,0
16.739,compaction_end,3,5374079
16.748,compaction_begin,3,0
16.771,compaction_end,3,5374080
16.779,compaction_begin,3,0
16.803,compaction_end,3,5374079
16.812,compaction_begin,3,0
16.834,compaction_end,3,5374078
16.843,compaction_begin,3,0
16.865,compaction_end,3,5374079
16.873,compaction_begin,3,0
16.895,compaction_end,3,5374079
16.903,compaction_begin,3,0
16.927,compaction_end,3,5374079
16.936,compaction_begin,3,0
16.960,compaction_end,3,5374079
16.970,compaction_begin,3,0
16.993,compaction_end,3,5374077
17.001,compaction_begin,3,0
17.024,compaction_end,3,5374078
17.033,compaction_begin,3,0
17.056,compaction_end,3,5374079
17.064,compaction_begin,3,0
17.088,compaction_end,3,5374079
17.097,compaction_begin,3,0
17.120,compaction_end,3,5374080
17.129,compaction_begin,3,0
17.152,compaction_end,3,5374078
17.160,compaction_begin,3,0
17.187,compaction_end,3,7023641
17.195,compaction_begin,3,0
17.218,compaction_end,3,5374083
17.228,compaction_begin,3,0
17.250,compaction_end,3,5374083
17.260,compaction_begin,3,0
17.283,compaction_end,3,5374083
17.292,compaction_begin,3,0
17.314,compaction_end,3,5374084
17.322,compaction_begin,3,0
17.346,compaction_end,3,5374083
17.356,compaction_begin,3,0
17.379,compaction_end,3,5374082
17.388,compaction_begin,3,0
17.410,compaction_end,3,5374083
17.418,compaction_begin,3,0
17.442,compaction_end,3,5374084
17.451,compaction_begin,3,0
17.474,compaction_end,3,5374084
17.482,compaction_begin,3,0
17.506,compaction_end,3,5374083
17.515,compaction_begin,3,0
17.539,compaction_end,3,5374082
17.548,compaction_begin,3,0
17.570,compaction_end,3,5374083
17.579,compaction_begin,3,0
17.601,compaction_end,3,5374083
17.611,compaction_begin,3,0
17.634,compaction_end,3,5374084
17.643,compaction_begin,3,0
17.667,compaction_end,3,5374082
17.677,compaction_begin,3,0
17.699,compaction_end,3,5374083
17.707,compaction_begin,3,0
17.731,compaction_end,3,5374083
17.741,compaction_begin,3,0
17.764,compaction_end,3,5374083
17.773,compaction_begin,3,0
17.786,compaction_end,3,3607587
23.228,flush_begin,0,0
23.243,flush_end,0,2744518
23.254,compaction_begin,2,0
23.562,compaction_end,2,2675409
23.575,compaction_begin,3,0
23.770,compaction_end,3,42992648
23.780,compaction_begin,3,0
24.065,compaction_end,3,42992649
24.074,compaction_begin,3,0
24.673,compaction_end,3,42992649
24.682,compaction_begin,3,0
24.803,compaction_end,3,31515311
24.812,compaction_begin,3,0
25.225,compaction_end,3,42992649
25.234,compaction_begin,3,0
25.394,compaction_end,3,42992653
25.404,compaction_begin,3,0
26.105,compaction_end,3,40305589
26.114,compaction_begin,3,0
26.274,compaction_end,3,42992653
26.282,compaction_begin,3,0
26.444,compaction_end,3,42992650
26.455,compaction_begin,3,0
27.075,compaction_end,3,42992649
27.085,compaction_begin,3,0
27.245,compaction_end,3,42992650
27.254,compaction_begin,3,0
27.994,compaction_end,3,42992650
28.003,compaction_begin,3,0
28.160,compaction_end,3,42992653
28.169,compaction_begin,3,0
28.326,compaction_end,3,42992653
28.335,compaction_begin,3,0
28.492,compaction_end,3,42992654
28.502,compaction_begin,3,0
28.660,compaction_end,3,42992653
28.669,compaction_begin,3,0
28.686,flush_begin,0,0
28.697,flush_end,0,2744914
28.844,compaction_end,3,42992654
28.853,compaction_begin,2,0
29.150,compaction_end,2,2960824
29.164,compaction_begin,3,0
29.342,compaction_end,3,42992648
29.352,compaction_begin,3,0
29.507,compaction_end,3,42992649
29.516,compaction_begin,3,0
29.672,compaction_end,3,42992649
29.682,compaction_begin,3,0
29.842,compaction_end,3,42992653
29.851,compaction_begin,3,0
30.010,compaction_end,3,42992649
30.019,compaction_begin,3,0
30.178,compaction_end,3,42992649
30.188,compaction_begin,3,0
30.916,compaction_end,3,42992648
30.925,compaction_begin,3,0
31.660,compaction_end,3,42992648
31.669,compaction_begin,3,0
31.828,compaction_end,3,42992653
31.837,compaction_begin,3,0
32.074,compaction_end,3,44404455
32.083,compaction_begin,3,0
32.796,compaction_end,3,42992650
32.805,compaction_begin,3,0
32.963,compaction_end,3,42992652
32.973,compaction_begin,3,0
33.138,compaction_end,3,43605021
33.147,compaction_begin,3,0
33.869,compaction_end,3,42992648
33.878,compaction_begin,3,0
34.038,compaction_end,3,42992650
34.047,compaction_begin,3,0
34.173,flush_begin,0,0
34.184,flush_end,0,2744363
34.382,compaction_end,3,42992655
34.392,compaction_begin,2,0
34.692,compaction_end,2,3179433
34.706,compaction_begin,3,0
34.885,compaction_end,3,42992648
34.894,compaction_begin,3,0
35.052,compaction_end,3,42992649
35.061,compaction_begin,3,0
35.220,compaction_end,3,42992649
35.229,compaction_begin,3,0
35.386,compaction_end,3,42992649
35.393,compaction_begin,3,0
35.640,compaction_end,3,44404455
35.649,compaction_begin,3,0
35.809,compaction_end,3,42992654
35.818,compaction_begin,3,0
36.022,compaction_end,3,45679537
36.031,compaction_begin,3,0
36.191,compaction_end,3,42992648
36.200,compaction_begin,3,0
36.359,compaction_end,3,42992653
36.368,compaction_begin,3,0
36.488,compaction_end,3,31515311
36.498,compaction_begin,3,0
36.656,compaction_end,3,42992653
36.664,compaction_begin,3,0
36.823,compaction_end,3,42992650
36.833,compaction_begin,3,0
36.994,compaction_end,3,42992653
37.003,compaction_begin,3,0
37.162,compaction_end,3,42992655
37.171,compaction_begin,3,0
37.330,compaction_end,3,43367080
37.339,compaction_begin,3,0
37.496,compaction_end,3,42992652
37.504,compaction_begin,3,0
37.663,compaction_end,3,42992652
37.673,compaction_begin,3,0
37.833,compaction_end,3,42992655
37.842,compaction_begin,3,0
38.000,compaction_end,3,42992652
38.009,compaction_begin,3,0
38.163,compaction_end,3,42992648
38.172,compaction_begin,3,0
38.330,compaction_end,3,42992650
38.339,compaction_begin,3,0
38.497,compaction_end,3,42992654
38.507,compaction_begin,3,0
38.664,compaction_end,3,42992650
38.674,compaction_begin,3,0
38.839,compaction_end,3,44404453
38.848,compaction_begin,3,0
39.005,compaction_end,3,42992653
39.015,compaction_begin,3,0
39.613,flush_begin,0,0
39.623,flush_end,0,2744300
39.750,compaction_end,3,42992650
39.759,compaction_begin,2,0
40.051,compaction_end,2,3218632
40.062,compaction_begin,3,0
40.225,compaction_end,3,42992648
40.234,compaction_begin,3,0
40.391,compaction_end,3,42992649
40.400,compaction_begin,3,0
40.561,compaction_end,3,43367081
40.570,compaction_begin,3,0
40.724,compaction_end,3,42992649
40.733,compaction_begin,3,0
40.897,compaction_end,3,44030065
40.906,compaction_begin,3,0
41.065,compaction_end,3,42992653
41.074,compaction_begin,3,0
41.230,compaction_end,3,42992650
41.239,compaction_begin,3,0
41.398,compaction_end,3,42992653
41.407,compaction_begin,3,0
41.575,compaction_end,3,44267905
41.584,compaction_begin,3,0
41.742,compaction_end,3,42992654
41.751,compaction_begin,3,0
41.871,compaction_end,3,31515311
41.881,compaction_begin,3,0
42.038,compaction_end,3,42992655
42.048,compaction_begin,3,0
42.206,compaction_end,3,42992652
42.215,compaction_begin,3,0
42.932,compaction_end,3,42992648
42.941,compaction_begin,3,0
43.097,compaction_end,3,42992648
43.107,compaction_begin,3,0
43.830,compaction_end,3,42992648
43.839,compaction_begin,3,0
44.000,compaction_end,3,42992650
44.009,compaction_begin,3,0
44.167,compaction_end,3,42992654
44.176,compaction_begin,3,0
44.342,compaction_end,3,42992655
44.351,compaction_begin,3,0
44.509,compaction_end,3,42992648
44.518,compaction_begin,3,0
44.726,compaction_end,3,45679535
44.735,compaction_begin,3,0
44.893,compaction_end,3,42992653
44.902,compaction_begin,3,0
45.061,compaction_end,3,42992653
45.070,flush_begin,0,0
45.082,flush_end,0,2744567
45.091,compaction_begin,2,0
45.400,compaction_end,2,3334820
45.413,compaction_begin,3,0
45.589,compaction_end,3,42992648
45.598,compaction_begin,3,0
45.754,compaction_end,3,42992649
45.763,compaction_begin,3,0
45.925,compaction_end,3,43655660
45.934,compaction_begin,3,0
46.093,compaction_end,3,43367078
46.102,compaction_begin,3,0
46.261,compaction_end,3,42992648
46.270,compaction_begin,3,0
46.427,compaction_end,3,43367081
46.436,compaction_begin,3,0
46.594,compaction_end,3,42992653
46.603,compaction_begin,3,0
46.760,compaction_end,3,42992654
46.769,compaction_begin,3,0
46.925,compaction_end,3,42992653
46.934,compaction_begin,3,0
47.091,compaction_end,3,42992648
47.100,compaction_begin,3,0
47.257,compaction_end,3,42992650
47.266,compaction_begin,3,0
47.387,compaction_end,3,32415986
47.397,compaction_begin,3,0
47.553,compaction_end,3,42992648
47.562,compaction_begin,3,0
47.730,compaction_end,3,45305111
47.739,compaction_begin,3,0
47.896,compaction_end,3,42992653
47.906,compaction_begin,3,0
48.064,compaction_end,3,42992653
48.074,compaction_begin,3,0
48.231,compaction_end,3,42992655
48.241,compaction_begin,3,0
48.402,compaction_end,3,43367080
48.411,compaction_begin,3,0
48.568,compaction_end,3,42992654
48.577,compaction_begin,3,0
49.292,compaction_end,3,42992648
49.301,compaction_begin,3,0
50.009,compaction_end,3,42992652
50.018,compaction_begin,3,0
50.212,compaction_end,3,42992648
50.221,compaction_begin,3,0
50.380,compaction_end,3,42992653
50.389,compaction_begin,3,0
50.548,flush_begin,0,0
50.558,flush_end,0,2745089
51.135,compaction_end,3,42992649
51.144,compaction_begin,2,0
51.446,compaction_end,2,3439358
51.460,compaction_begin,3,0
51.647,compaction_end,3,43281145
51.656,compaction_begin,3,0
51.815,compaction_end,3,43367082
51.824,compaction_begin,3,0
51.980,compaction_end,3,42992649
51.989,compaction_begin,3,0
52.150,compaction_end,3,43367078
52.159,compaction_begin,3,0
52.327,compaction_end,3,44930723
52.336,compaction_begin,3,0
52.495,compaction_end,3,43367078
52.504,compaction_begin,3,0
52.661,compaction_end,3,42992653
52.670,compaction_begin,3,0
52.827,compaction_end,3,42992654
52.837,compaction_begin,3,0
53.002,compaction_end,3,43367081
53.011,compaction_begin,3,0
53.170,compaction_end,3,42992652
53.179,compaction_begin,3,0
53.899,compaction_end,3,42992648
53.908,compaction_begin,3,0
54.065,compaction_end,3,42992653
54.074,compaction_begin,3,0
54.229,compaction_end,3,42992648
54.238,compaction_begin,3,0
54.398,compaction_end,3,42992648
54.407,compaction_begin,3,0
54.565,compaction_end,3,42992653
54.574,compaction_begin,3,0
54.731,compaction_end,3,43367077
54.741,compaction_begin,3,0
54.895,compaction_end,3,42992653
54.905,compaction_begin,3,0
55.063,compaction_end,3,42992648
55.072,compaction_begin,3,0
55.233,compaction_end,3,43367083
55.242,compaction_begin,3,0
55.396,compaction_end,3,42992650
55.406,compaction_begin,3,0
55.526,compaction_end,3,32415986
55.534,compaction_begin,3,0
55.691,compaction_end,3,42992654
55.701,compaction_begin,3,0
55.859,compaction_end,3,42992655
55.868,compaction_begin,3,0
55.993,flush_begin,0,0
56.003,flush_end,0,2744940
56.041,compaction_end,3,43367079
56.050,compaction_begin,2,0
56.343,compaction_end,2,3509487
56.356,compaction_begin,3,0
56.532,compaction_end,3,43281145
56.541,compaction_begin,3,0
56.694,compaction_end,3,42992649
56.703,compaction_begin,3,0
56.858,compaction_end,3,43367082
56.867,compaction_begin,3,0
57.024,compaction_end,3,43367081
57.033,compaction_begin,3,0
57.192,compaction_end,3,42992653
57.202,compaction_begin,3,0
57.362,compaction_end,3,43367078
57.371,compaction_begin,3,0
57.529,compaction_end,3,42992648
57.538,compaction_begin,3,0
57.705,compaction_end,3,44556330
57.714,compaction_begin,3,0
57.871,compaction_end,3,43367077
57.880,compaction_begin,3,0
58.036,compaction_end,3,42992653
58.045,compaction_begin,3,0
58.199,compaction_end,3,42992655
58.208,compaction_begin,3,0
58.366,compaction_end,3,42992653
58.375,compaction_begin,3,0
58.532,compaction_end,3,42992654
58.542,compaction_begin,3,0
58.699,compaction_end,3,42992655
58.709,compaction_begin,3,0
58.866,compaction_end,3,42992650
58.875,compaction_begin,3,0
59.031,compaction_end,3,42992654
59.040,compaction_begin,3,0
59.755,compaction_end,3,42992651
59.764,compaction_begin,3,0
59.922,compaction_end,3,43367085
59.932,compaction_begin,3,0
60.090,compaction_end,3,42992653
60.099,compaction_begin,3,0
60.256,compaction_end,3,42992648
60.265,compaction_begin,3,0
60.420,compaction_end,3,42992648
60.429,compaction_begin,3,0
60.586,compaction_end,3,43367083
60.596,compaction_begin,3,0
60.756,compaction_end,3,42992648
60.765,compaction_begin,3,0
60.924,compaction_end,3,42992652
60.933,compaction_begin,3,0
61.101,compaction_end,3,43367079
61.110,compaction_begin,3,0
61.269,compaction_end,3,42992653
61.278,compaction_begin,3,0
61.436,compaction_end,3,43367080
61.445,compaction_begin,3,0
61.484,flush_begin,0,0
61.495,flush_end,0,2744665
61.622,compaction_end,3,42992648
61.631,compaction_begin,2,0
61.930,compaction_end,2,3537241
61.943,compaction_begin,3,0
62.120,compaction_end,3,43281145
62.129,compaction_begin,3,0
62.288,compaction_end,3,43367082
62.297,compaction_begin,3,0
62.456,compaction_end,3,42992649
62.465,compaction_begin,3,0
62.624,compaction_end,3,42992653
62.633,compaction_begin,3,0
62.792,compaction_end,3,43367081
62.801,compaction_begin,3,0
62.959,compaction_end,3,43367078
62.968,compaction_begin,3,0
63.125,compaction_end,3,42992653
63.134,compaction_begin,3,0
63.292,compaction_end,3,42992648
63.301,compaction_begin,3,0
63.460,compaction_end,3,43367077
63.469,compaction_begin,3,0
63.623,compaction_end,3,42992655
63.632,compaction_begin,3,0
63.789,compaction_end,3,42992651
63.798,compaction_begin,3,0
63.954,compaction_end,3,43367083
63.963,compaction_begin,3,0
64.120,compaction_end,3,42992653
64.129,compaction_begin,3,0
64.288,compaction_end,3,43367079
64.298,compaction_begin,3,0
64.456,compaction_end,3,43367078
64.464,compaction_begin,3,0
64.584,compaction_end,3,32415986
64.594,compaction_begin,3,0
64.750,compaction_end,3,42992650
64.759,compaction_begin,3,0
64.916,compaction_end,3,42992653
64.925,compaction_begin,3,0
65.082,compaction_end,3,42992648
65.091,compaction_begin,3,0
65.249,compaction_end,3,42992648
65.259,compaction_begin,3,0
65.983,compaction_end,3,42992650
65.993,compaction_begin,3,0
66.152,compaction_end,3,43367085
66.161,compaction_begin,3,0
66.316,compaction_end,3,42992648
66.325,compaction_begin,3,0
66.478,compaction_end,3,42992655
66.487,compaction_begin,3,0
66.644,compaction_end,3,42992648
66.653,compaction_begin,3,0
66.808,compaction_end,3,42992655
66.817,compaction_begin,3,0
66.966,flush_begin,0,0
66.977,flush_end,0,2744707
66.992,compaction_end,3,42992653
67.001,compaction_begin,2,0
67.296,compaction_end,2,3630960
67.310,compaction_begin,3,0
67.496,compaction_end,3,43281145
67.506,compaction_begin,3,0
67.661,compaction_end,3,42992649
67.670,compaction_begin,3,0
67.827,compaction_end,3,42992654
67.836,compaction_begin,3,0
67.992,compaction_end,3,43367078
68.001,compaction_begin,3,0
68.158,compaction_end,3,43367082
68.168,compaction_begin,3,0
68.327,compaction_end,3,42992651
68.336,compaction_begin,3,0
68.495,compaction_end,3,42992650
68.504,compaction_begin,3,0
68.670,compaction_end,3,43367081
68.680,compaction_begin,3,0
68.844,compaction_end,3,42992653
68.853,compaction_begin,3,0
69.016,compaction_end,3,42992648
69.024,compaction_begin,3,0
69.191,compaction_end,3,42992648
69.200,compaction_begin,3,0
69.364,compaction_end,3,42992655
69.373,compaction_begin,3,0
69.537,compaction_end,3,42992653
69.548,compaction_begin,3,0
69.713,compaction_end,3,43367085
69.722,compaction_begin,3,0
69.886,compaction_end,3,42992650
69.895,compaction_begin,3,0
70.061,compaction_end,3,43367079
70.070,compaction_begin,3,0
70.234,compaction_end,3,42992655
70.243,compaction_begin,3,0
70.407,compaction_end,3,42992653
70.416,compaction_begin,3,0
70.581,compaction_end,3,42992648
70.590,compaction_begin,3,0
70.751,compaction_end,3,42992648
70.760,compaction_begin,3,0
71.472,compaction_end,3,42992652
71.481,compaction_begin,3,0
71.646,compaction_end,3,43367077
71.655,compaction_begin,3,0
71.818,compaction_end,3,43367078
71.827,compaction_begin,3,0
71.992,compaction_end,3,42992648
72.001,compaction_begin,3,0
72.166,compaction_end,3,43367080
72.175,compaction_begin,3,0
72.457,flush_begin,0,0
72.466,flush_end,0,2744601
72.915,compaction_end,3,42992648
72.924,compaction_begin,2,0
73.234,compaction_end,2,3672071
73.247,compaction_begin,3,0
73.436,compaction_end,3,43281145
73.445,compaction_begin,3,0
73.607,compaction_end,3,43367082
73.616,compaction_begin,3,0
73.777,compaction_end,3,42992649
73.786,compaction_begin,3,0
73.950,compaction_end,3,43367078
73.960,compaction_begin,3,0
74.122,compaction_end,3,42992653
74.131,compaction_begin,3,0
74.297,compaction_end,3,42992653
74.306,compaction_begin,3,0
74.471,compaction_end,3,42992648
74.480,compaction_begin,3,0
74.645,compaction_end,3,43367081
74.654,compaction_begin,3,0
74.821,compaction_end,3,43367085
74.830,compaction_begin,3,0
74.995,compaction_end,3,42992653
75.004,compaction_begin,3,0
75.168,compaction_end,3,43367077
75.178,compaction_begin,3,0
75.342,compaction_end,3,42992652
75.351,compaction_begin,3,0
75.518,compaction_end,3,42992648
75.527,compaction_begin,3,0
75.698,compaction_end,3,42992654
75.708,compaction_begin,3,0
75.866,compaction_end,3,43367079
75.875,compaction_begin,3,0
76.032,compaction_end,3,42992653
76.041,compaction_begin,3,0
76.197,compaction_end,3,42992650
76.207,compaction_begin,3,0
76.923,compaction_end,3,42992648
76.932,compaction_begin,3,0
77.090,compaction_end,3,42992652
77.099,compaction_begin,3,0
77.254,compaction_end,3,42992651
77.263,compaction_begin,3,0
77.419,compaction_end,3,42992650
77.428,compaction_begin,3,0
77.586,compaction_end,3,42992655
77.595,compaction_begin,3,0
77.754,compaction_end,3,42992652
77.763,compaction_begin,3,0
77.920,compaction_end,3,42992648
77.929,compaction_begin,3,0
77.938,flush_begin,0,0
77.949,flush_end,0,2744223
78.104,compaction_end,3,42992654
78.113,compaction_begin,2,0
78.416,compaction_end,2,3730114
78.431,compaction_begin,3,0
78.617,compaction_end,3,43281145
78.626,compaction_begin,3,0
78.779,compaction_end,3,43367082
78.788,compaction_begin,3,0
78.939,compaction_end,3,42992649
78.948,compaction_begin,3,0
79.106,compaction_end,3,43367078
79.115,compaction_begin,3,0
79.270,compaction_end,3,42992653
79.280,compaction_begin,3,0
79.436,compaction_end,3,43367081
79.445,compaction_begin,3,0
79.602,compaction_end,3,42992650
79.611,compaction_begin,3,0
79.769,compaction_end,3,43367079
79.779,compaction_begin,3,0
79.937,compaction_end,3,42992648
79.946,compaction_begin,3,0
80.127,compaction_end,3,43367085
80.137,compaction_begin,3,0
80.295,compaction_end,3,42992648
80.305,compaction_begin,3,0
80.462,compaction_end,3,42992648
80.471,compaction_begin,3,0
80.592,compaction_end,3,32415986
80.602,compaction_begin,3,0
80.760,compaction_end,3,42992653
80.769,compaction_begin,3,0
80.927,compaction_end,3,42992653
80.936,compaction_begin,3,0
81.091,compaction_end,3,42992648
81.101,compaction_begin,3,0
81.257,compaction_end,3,42992648
81.265,compaction_begin,3,0
81.420,compaction_end,3,42992653
81.430,compaction_begin,3,0
81.588,compaction_end,3,42992650
81.597,compaction_begin,3,0
81.754,compaction_end,3,42992652
81.763,compaction_begin,3,0
82.475,compaction_end,3,42992650
82.483,compaction_begin,3,0
82.799,compaction_end,3,43367083
82.808,compaction_begin,3,0
82.964,compaction_end,3,42992653
82.972,compaction_begin,3,0
83.129,compaction_end,3,42992654
83.138,compaction_begin,3,0
83.293,compaction_end,3,43367077
83.302,compaction_begin,3,0
83.413,flush_begin,0,0
83.424,flush_end,0,2745055
83.480,compaction_end,3,42992654
83.489,compaction_begin,2,0
83.805,compaction_end,2,3795341
83.818,compaction_begin,3,0
84.006,compaction_end,3,43281145
84.015,compaction_begin,3,0
84.166,compaction_end,3,42992649
84.175,compaction_begin,3,0
84.329,compaction_end,3,43367082
84.338,compaction_begin,3,0
84.494,compaction_end,3,42992648
84.503,compaction_begin,3,0
84.661,compaction_end,3,42992653
84.670,compaction_begin,3,0
84.826,compaction_end,3,42992653
84.836,compaction_begin,3,0
84.993,compaction_end,3,43367081
85.002,compaction_begin,3,0
85.157,compaction_end,3,42992652
85.166,compaction_begin,3,0
85.320,compaction_end,3,43367078
85.331,compaction_begin,3,0
85.490,compaction_end,3,42992654
85.499,compaction_begin,3,0
85.659,compaction_end,3,43367080
85.668,compaction_begin,3,0
85.827,compaction_end,3,43367083
85.836,compaction_begin,3,0
85.993,compaction_end,3,42992650
86.003,compaction_begin,3,0
86.122,compaction_end,3,32415986
86.131,compaction_begin,3,0
86.884,compaction_end,3,45679539
86.893,compaction_begin,3,0
87.048,compaction_end,3,42992648
87.058,compaction_begin,3,0
87.213,compaction_end,3,43367085
87.223,compaction_begin,3,0
87.376,compaction_end,3,42992648
87.386,compaction_begin,3,0
87.542,compaction_end,3,42992652
87.552,compaction_begin,3,0
87.705,compaction_end,3,42992653
87.715,compaction_begin,3,0
87.871,compaction_end,3,42992653
87.881,compaction_begin,3,0
88.037,compaction_end,3,42992648
88.046,compaction_begin,3,0
88.202,compaction_end,3,43367078
88.211,compaction_begin,3,0
88.368,compaction_end,3,42992653
88.377,compaction_begin,3,0
88.532,compaction_end,3,42992648
88.541,compaction_begin,3,0
88.698,compaction_end,3,42992648
88.708,compaction_begin,3,0
88.853,flush_begin,0,0
88.864,flush_end,0,2744885
88.888,compaction_end,3,43367079
88.897,compaction_begin,2,0
89.205,compaction_end,2,3849629
89.220,compaction_begin,3,0
89.415,compaction_end,3,43281145
89.424,compaction_begin,3,0
89.577,compaction_end,3,42992649
89.586,compaction_begin,3,0
89.741,compaction_end,3,43367082
89.750,compaction_begin,3,0
89.907,compaction_end,3,42992653
89.917,compaction_begin,3,0
90.074,compaction_end,3,43367081
90.083,compaction_begin,3,0
90.239,compaction_end,3,42992651
90.249,compaction_begin,3,0
90.404,compaction_end,3,42992648
90.412,compaction_begin,3,0
90.569,compaction_end,3,43367078
90.578,compaction_begin,3,0
90.738,compaction_end,3,43367082
90.747,compaction_begin,3,0
90.906,compaction_end,3,42992648
90.915,compaction_begin,3,0
91.074,compaction_end,3,42992648
91.083,compaction_begin,3,0
91.242,compaction_end,3,42992653
91.252,compaction_begin,3,0
91.411,compaction_end,3,42992648
91.421,compaction_begin,3,0
91.589,compaction_end,3,42992654
91.599,compaction_begin,3,0
91.764,compaction_end,3,42992653
91.773,compaction_begin,3,0
91.935,compaction_end,3,42992648
91.945,compaction_begin,3,0
92.108,compaction_end,3,42992648
92.117,compaction_begin,3,0
92.284,compaction_end,3,42992650
92.293,compaction_begin,3,0
92.457,compaction_end,3,43367079
92.466,compaction_begin,3,0
92.629,compaction_end,3,42992654
92.639,compaction_begin,3,0
92.852,compaction_end,3,42992655
92.862,compaction_begin,3,0
93.585,compaction_end,3,42618172
93.593,compaction_begin,3,0
93.759,compaction_end,3,43367085
93.769,compaction_begin,3,0
93.932,compaction_end,3,42992653
93.942,compaction_begin,3,0
94.105,compaction_end,3,42992650
94.115,compaction_begin,3,0
94.276,compaction_end,3,43367083
94.285,compaction_begin,3,0
94.302,flush_begin,0,0
94.312,flush_end,0,2744591
94.465,compaction_end,3,42992653
94.475,compaction_begin,2,0
94.774,compaction_end,2,3917610
94.789,compaction_begin,3,0
94.979,compaction_end,3,43281145
94.989,compaction_begin,3,0
95.147,compaction_end,3,42992649
95.157,compaction_begin,3,0
95.325,compaction_end,3,43367082
95.334,compaction_begin,3,0
95.501,compaction_end,3,42992653
95.510,compaction_begin,3,0
95.675,compaction_end,3,42992653
95.685,compaction_begin,3,0
95.852,compaction_end,3,42992648
95.862,compaction_begin,3,0
96.023,compaction_end,3,43367081
96.033,compaction_begin,3,0
96.195,compaction_end,3,43367078
96.204,compaction_begin,3,0
96.367,compaction_end,3,43367082
96.376,compaction_begin,3,0
96.540,compaction_end,3,42992648
96.550,compaction_begin,3,0
96.714,compaction_end,3,42992648
96.723,compaction_begin,3,0
96.885,compaction_end,3,42992648
96.894,compaction_begin,3,0
97.057,compaction_end,3,42992648
97.067,compaction_begin,3,0
97.232,compaction_end,3,42992648
97.241,compaction_begin,3,0
97.404,compaction_end,3,42992653
97.414,compaction_begin,3,0
97.576,compaction_end,3,42992650
97.585,compaction_begin,3,0
97.748,compaction_end,3,42992653
97.757,compaction_begin,3,0
97.925,compaction_end,3,42992648
97.934,compaction_begin,3,0
98.107,compaction_end,3,43367077
98.117,compaction_begin,3,0
98.280,compaction_end,3,42992654
98.289,compaction_begin,3,0
98.453,compaction_end,3,42992655
98.462,compaction_begin,3,0
98.630,compaction_end,3,42992654
98.639,compaction_begin,3,0
98.804,compaction_end,3,42992651
98.814,compaction_begin,3,0
98.977,compaction_end,3,42992650
98.987,compaction_begin,3,0
99.153,compaction_end,3,42992653
99.162,compaction_begin,3,0
99.327,compaction_end,3,43367085
99.336,compaction_begin,3,0
99.767,flush_begin,0,0
99.778,flush_end,0,2744508
100.090,compaction_end,3,42992650
100.099,compaction_begin,2,0
100.408,compaction_end,2,4027533
100.422,compaction_begin,3,0
100.615,compaction_end,3,43281145
100.625,compaction_begin,3,0
100.785,compaction_end,3,43367082
100.794,compaction_begin,3,0
100.953,compaction_end,3,42992649
100.962,compaction_begin,3,0
101.124,compaction_end,3,42992648
101.134,compaction_begin,3,0
101.295,compaction_end,3,42992654
101.305,compaction_begin,3,0
101.465,compaction_end,3,42992653
101.475,compaction_begin,3,0
101.641,compaction_end,3,43367080
101.651,compaction_begin,3,0
101.816,compaction_end,3,43367078
101.826,compaction_begin,3,0
101.992,compaction_end,3,43367078
102.001,compaction_begin,3,0
102.164,compaction_end,3,42992650
102.173,compaction_begin,3,0
102.345,compaction_end,3,43367081
102.355,compaction_begin,3,0
102.516,compaction_end,3,42992648
102.525,compaction_begin,3,0
102.815,compaction_end,3,42992655
102.825,compaction_begin,3,0
102.987,compaction_end,3,42992648
102.996,compaction_begin,3,0
103.157,compaction_end,3,42992648
103.166,compaction_begin,3,0
103.327,compaction_end,3,42992648
103.336,compaction_begin,3,0
103.500,compaction_end,3,42992648
103.509,compaction_begin,3,0
103.816,compaction_end,3,42992650
103.826,compaction_begin,3,0
103.989,compaction_end,3,42992653
103.999,compaction_begin,3,0
104.160,compaction_end,3,42992650
104.170,compaction_begin,3,0
104.334,compaction_end,3,43367077
104.344,compaction_begin,3,0
104.509,compaction_end,3,42992648
104.519,compaction_begin,3,0
104.685,compaction_end,3,42992652
104.695,compaction_begin,3,0
105.204,flush_begin,0,0
105.215,flush_end,0,2744795
105.437,compaction_end,3,42992649
105.445,compaction_begin,2,0
105.748,compaction_end,2,4137399
105.762,compaction_begin,3,0
105.948,compaction_end,3,43281145
105.957,compaction_begin,3,0
106.110,compaction_end,3,42992649
106.119,compaction_begin,3,0
106.274,compaction_end,3,43367082
106.283,compaction_begin,3,0
106.441,compaction_end,3,43367081
106.451,compaction_begin,3,0
106.611,compaction_end,3,42992653
106.621,compaction_begin,3,0
106.777,compaction_end,3,42992653
106.786,compaction_begin,3,0
106.941,compaction_end,3,42992653
106.951,compaction_begin,3,0
107.106,compaction_end,3,42992648
107.115,compaction_begin,3,0
107.271,compaction_end,3,42992648
107.281,compaction_begin,3,0
107.435,compaction_end,3,42992650
107.445,compaction_begin,3,0
107.599,compaction_end,3,42992654
107.609,compaction_begin,3,0
107.766,compaction_end,3,43367078
107.775,compaction_begin,3,0
107.928,compaction_end,3,42992653
107.937,compaction_begin,3,0
108.092,compaction_end,3,42992650
108.101,compaction_begin,3,0
108.254,compaction_end,3,42992653
108.264,compaction_begin,3,0
108.418,compaction_end,3,42992651
108.428,compaction_begin,3,0
108.584,compaction_end,3,42992648
108.593,compaction_begin,3,0
108.747,compaction_end,3,42992648
108.756,compaction_begin,3,0
109.468,compaction_end,3,42992653
109.476,compaction_begin,3,0
109.633,compaction_end,3,42992648
109.642,compaction_begin,3,0
110.198,compaction_end,3,32415986
110.207,compaction_begin,3,0
110.368,compaction_end,3,43367078
110.377,compaction_begin,3,0
110.536,compaction_end,3,42992650
110.546,compaction_begin,3,0
110.686,flush_begin,0,0
110.696,flush_end,0,2744650
111.285,compaction_end,3,42618171
111.294,compaction_begin,2,0
111.595,compaction_end,2,4162562
111.613,compaction_begin,3,0
111.793,compaction_end,3,43281145
111.803,compaction_begin,3,0
111.955,compaction_end,3,42992649
111.964,compaction_begin,3,0
112.117,compaction_end,3,43367082
112.127,compaction_begin,3,0
112.284,compaction_end,3,43367081
112.293,compaction_begin,3,0
112.448,compaction_end,3,42992653
112.456,compaction_begin,3,0
112.610,compaction_end,3,43367078
112.620,compaction_begin,3,0
112.775,compaction_end,3,43367077
112.784,compaction_begin,3,0
112.940,compaction_end,3,42992653
112.949,compaction_begin,3,0
113.103,compaction_end,3,42992648
113.113,compaction_begin,3,0
113.269,compaction_end,3,42992650
113.278,compaction_begin,3,0
113.435,compaction_end,3,42992648
113.445,compaction_begin,3,0
113.604,compaction_end,3,42992648
113.613,compaction_begin,3,0
113.770,compaction_end,3,42992648
113.779,compaction_begin,3,0
113.946,compaction_end,3,42992649
113.954,compaction_begin,3,0
114.113,compaction_end,3,43367080
114.122,compaction_begin,3,0
114.279,compaction_end,3,42992654
114.289,compaction_begin,3,0
114.446,compaction_end,3,42992653
114.455,compaction_begin,3,0
114.611,compaction_end,3,42992648
114.619,compaction_begin,3,0
115.348,compaction_end,3,42992649
115.357,compaction_begin,3,0
115.514,compaction_end,3,42992655
115.524,compaction_begin,3,0
116.130,flush_begin,0,0
116.140,flush_end,0,2744882
116.240,compaction_end,3,43367078
116.249,compaction_begin,2,0
116.567,compaction_end,2,4213534
116.583,compaction_begin,3,0
116.771,compaction_end,3,43281145
116.780,compaction_begin,3,0
116.932,compaction_end,3,43367082
116.941,compaction_begin,3,0
117.096,compaction_end,3,42992649
117.105,compaction_begin,3,0
117.262,compaction_end,3,43367078
117.272,compaction_begin,3,0
117.427,compaction_end,3,42992650
117.435,compaction_begin,3,0
117.588,compaction_end,3,42992653
117.597,compaction_begin,3,0
117.753,compaction_end,3,43367081
117.761,compaction_begin,3,0
117.916,compaction_end,3,43367085
117.926,compaction_begin,3,0
118.081,compaction_end,3,43367077
118.090,compaction_begin,3,0
118.246,compaction_end,3,42992653
118.255,compaction_begin,3,0
118.413,compaction_end,3,42992653
118.422,compaction_begin,3,0
118.579,compaction_end,3,42992648
118.587,compaction_begin,3,0
118.744,compaction_end,3,43367078
118.754,compaction_begin,3,0
118.910,compaction_end,3,42992650
118.920,compaction_begin,3,0
119.078,compaction_end,3,43367078
119.087,compaction_begin,3,0
119.244,compaction_end,3,42992651
119.254,compaction_begin,3,0
119.411,compaction_end,3,42992648
119.420,compaction_begin,3,0
119.574,compaction_end,3,42992648
119.583,compaction_begin,3,0
119.739,compaction_end,3,42992648
119.749,compaction_begin,3,0
119.868,compaction_end,3,32415986
119.877,compaction_begin,3,0
120.031,compaction_end,3,42992654
120.040,compaction_begin,3,0
120.197,compaction_end,3,42992649
120.205,compaction_begin,3,0
120.359,compaction_end,3,42992653
120.369,compaction_begin,3,0
120.526,compaction_end,3,42618171
120.536,compaction_begin,3,0
121.237,compaction_end,3,43367079
121.245,compaction_begin,3,0
121.402,compaction_end,3,42992648
121.412,compaction_begin,3,0
121.569,compaction_end,3,42992653
121.579,compaction_begin,3,0
121.611,flush_begin,0,0
121.621,flush_end,0,2744756
121.755,compaction_end,3,42992648
121.765,compaction_begin,2,0
122.077,compaction_end,2,4239175
122.092,compaction_begin,3,0
122.279,compaction_end,3,43281145
122.288,compaction_begin,3,0
122.445,compaction_end,3,42992649
122.456,compaction_begin,3,0
122.620,compaction_end,3,43367082
122.628,compaction_begin,3,0
122.785,compaction_end,3,43367081
122.793,compaction_begin,3,0
122.951,compaction_end,3,42992650
122.960,compaction_begin,3,0
123.117,compaction_end,3,43367078
123.127,compaction_begin,3,0
123.249,compaction_end,3,32415986
123.258,compaction_begin,3,0
123.416,compaction_end,3,42992653
123.425,compaction_begin,3,0
123.582,compaction_end,3,42992648
123.591,compaction_begin,3,0
123.750,compaction_end,3,42992648
123.760,compaction_begin,3,0
123.919,compaction_end,3,42992653
123.928,compaction_begin,3,0
124.085,compaction_end,3,42992648
124.094,compaction_begin,3,0
124.252,compaction_end,3,42992653
124.261,compaction_begin,3,0
124.418,compaction_end,3,42992648
124.428,compaction_begin,3,0
124.585,compaction_end,3,42992653
124.595,compaction_begin,3,0
124.752,compaction_end,3,43367085
124.761,compaction_begin,3,0
124.919,compaction_end,3,42992654
124.928,compaction_begin,3,0
125.084,compaction_end,3,42992648
125.092,compaction_begin,3,0
125.248,compaction_end,3,42992648
125.257,compaction_begin,3,0
125.413,compaction_end,3,42992650
125.423,compaction_begin,3,0
125.580,compaction_end,3,42992653
125.589,compaction_begin,3,0
126.307,compaction_end,3,43144571
126.316,compaction_begin,3,0
126.470,compaction_end,3,43367077
126.478,compaction_begin,3,0
126.632,compaction_end,3,42618171
126.642,compaction_begin,3,0
126.801,compaction_end,3,42992655
126.811,compaction_begin,3,0
126.968,compaction_end,3,43367079
126.978,compaction_begin,3,0
127.052,flush_begin,0,0
127.062,flush_end,0,2744393
127.154,compaction_end,3,42992648
127.164,compaction_begin,2,0
127.480,compaction_end,2,4285822
127.495,compaction_begin,3,0
127.683,compaction_end,3,43281145
127.692,compaction_begin,3,0
127.847,compaction_end,3,43367082
127.856,compaction_begin,3,0
128.014,compaction_end,3,43367081
128.022,compaction_begin,3,0
128.174,compaction_end,3,42992649
128.184,compaction_begin,3,0
128.342,compaction_end,3,43367085
128.350,compaction_begin,3,0
128.507,compaction_end,3,42992648
128.516,compaction_begin,3,0
128.673,compaction_end,3,42992653
128.682,compaction_begin,3,0
128.839,compaction_end,3,42992653
128.848,compaction_begin,3,0
129.004,compaction_end,3,43367078
129.013,compaction_begin,3,0
129.168,compaction_end,3,42992648
129.177,compaction_begin,3,0
129.334,compaction_end,3,42992650
129.343,compaction_begin,3,0
129.499,compaction_end,3,42992650
129.508,compaction_begin,3,0
129.665,compaction_end,3,43367080
129.674,compaction_begin,3,0
129.832,compaction_end,3,42992654
129.841,compaction_begin,3,0
130.002,compaction_end,3,42992655
130.012,compaction_begin,3,0
130.177,compaction_end,3,42992648
130.185,compaction_begin,3,0
130.341,compaction_end,3,42992653
130.350,compaction_begin,3,0
130.508,compaction_end,3,43367078
130.517,compaction_begin,3,0
130.672,compaction_end,3,42992651
130.683,compaction_begin,3,0
130.842,compaction_end,3,42992653
130.851,compaction_begin,3,0
131.008,compaction_end,3,42618171
131.017,compaction_begin,3,0
131.722,compaction_end,3,42992655
131.731,compaction_begin,3,0
131.887,compaction_end,3,42992650
131.896,compaction_begin,3,0
132.015,compaction_end,3,32415986
132.024,compaction_begin,3,0
132.180,compaction_end,3,42992648
132.189,compaction_begin,3,0
132.348,compaction_end,3,43144571
132.358,compaction_begin,3,0
132.489,flush_begin,0,0
132.500,flush_end,0,2744824
133.104,compaction_end,3,42992648
133.113,compaction_begin,2,0
133.426,compaction_end,2,4384608
133.443,compaction_begin,3,0
133.629,compaction_end,3,43281145
133.638,compaction_begin,3,0
133.790,compaction_end,3,42992649
133.799,compaction_begin,3,0
133.953,compaction_end,3,43367082
133.961,compaction_begin,3,0
134.116,compaction_end,3,42992648
134.125,compaction_begin,3,0
134.282,compaction_end,3,42992648
134.290,compaction_begin,3,0
134.449,compaction_end,3,43367078
134.458,compaction_begin,3,0
134.615,compaction_end,3,43367081
134.624,compaction_begin,3,0
134.779,compaction_end,3,42992653
134.788,compaction_begin,3,0
134.943,compaction_end,3,42992653
134.952,compaction_begin,3,0
135.109,compaction_end,3,43367079
135.118,compaction_begin,3,0
135.277,compaction_end,3,43367078
135.286,compaction_begin,3,0
135.442,compaction_end,3,42992655
135.450,compaction_begin,3,0
135.605,compaction_end,3,42992648
135.615,compaction_begin,3,0
135.773,compaction_end,3,42992648
135.782,compaction_begin,3,0
135.939,compaction_end,3,42992653
135.948,compaction_begin,3,0
136.105,compaction_end,3,42992650
136.114,compaction_begin,3,0
136.268,compaction_end,3,42992651
136.277,compaction_begin,3,0
136.432,compaction_end,3,42992648
136.440,compaction_begin,3,0
136.560,compaction_end,3,32415986
136.569,compaction_begin,3,0
136.725,compaction_end,3,42992653
136.734,compaction_begin,3,0
136.891,compaction_end,3,42992654
136.899,compaction_begin,3,0
137.055,compaction_end,3,42992648
137.063,compaction_begin,3,0
137.219,compaction_end,3,42992650
137.228,compaction_begin,3,0
137.383,compaction_end,3,42992648
137.392,compaction_begin,3,0
137.549,compaction_end,3,42992649
137.558,compaction_begin,3,0
137.715,compaction_end,3,43367080
137.724,compaction_begin,3,0
137.881,compaction_end,3,42992650
137.890,compaction_begin,3,0
137.923,flush_begin,0,0
137.933,flush_end,0,2744734
138.067,compaction_end,3,42992648
138.076,compaction_begin,2,0
138.384,compaction_end,2,4496161
138.397,compaction_begin,3,0
138.577,compaction_end,3,43281145
138.585,compaction_begin,3,0
138.736,compaction_end,3,42992649
138.745,compaction_begin,3,0
138.901,compaction_end,3,43367081
138.910,compaction_begin,3,0
139.067,compaction_end,3,43367082
139.077,compaction_begin,3,0
139.235,compaction_end,3,43367078
139.245,compaction_begin,3,0
139.401,compaction_end,3,42992653
139.410,compaction_begin,3,0
139.568,compaction_end,3,42992651
139.577,compaction_begin,3,0
139.734,compaction_end,3,42992653
139.743,compaction_begin,3,0
139.903,compaction_end,3,43144571
139.912,compaction_begin,3,0
140.073,compaction_end,3,42992648
140.084,compaction_begin,3,0
140.258,compaction_end,3,43367080
140.267,compaction_begin,3,0
140.425,compaction_end,3,43367078
140.435,compaction_begin,3,0
140.594,compaction_end,3,42992650
140.604,compaction_begin,3,0
140.761,compaction_end,3,42992653
140.770,compaction_begin,3,0
140.925,compaction_end,3,42992648
140.934,compaction_begin,3,0
141.634,compaction_end,3,42618172
141.643,compaction_begin,3,0
141.797,compaction_end,3,42992654
141.806,compaction_begin,3,0
141.962,compaction_end,3,42992655
141.970,compaction_begin,3,0
142.126,compaction_end,3,43367077
142.135,compaction_begin,3,0
142.289,compaction_end,3,42992653
142.298,compaction_begin,3,0
142.417,compaction_end,3,32415986
142.426,compaction_begin,3,0
142.583,compaction_end,3,42992648
142.592,compaction_begin,3,0
142.749,compaction_end,3,43367085
142.758,compaction_begin,3,0
142.918,compaction_end,3,42992653
142.928,compaction_begin,3,0
143.102,compaction_end,3,43367079
143.112,compaction_begin,3,0
143.274,compaction_end,3,42992648
143.283,compaction_begin,3,0
143.380,flush_begin,0,0
143.391,flush_end,0,2744692
143.461,compaction_end,3,42992650
143.471,compaction_begin,2,0
143.781,compaction_end,2,4568089
143.795,compaction_begin,3,0
143.981,compaction_end,3,43281145
143.990,compaction_begin,3,0
144.145,compaction_end,3,43367082
144.154,compaction_begin,3,0
144.311,compaction_end,3,43367078
144.321,compaction_begin,3,0
144.474,compaction_end,3,42992649
144.483,compaction_begin,3,0
144.637,compaction_end,3,42992648
144.646,compaction_begin,3,0
144.801,compaction_end,3,42992648
144.809,compaction_begin,3,0
144.972,compaction_end,3,43367080
144.981,compaction_begin,3,0
145.102,compaction_end,3,32415986
145.111,compaction_begin,3,0
145.267,compaction_end,3,42992651
145.276,compaction_begin,3,0
145.434,compaction_end,3,42992653
145.443,compaction_begin,3,0
145.603,compaction_end,3,42992654
145.611,compaction_begin,3,0
145.768,compaction_end,3,42992653
145.778,compaction_begin,3,0
145.942,compaction_end,3,43367081
145.951,compaction_begin,3,0
146.105,compaction_end,3,42992653
146.114,compaction_begin,3,0
146.271,compaction_end,3,42992653
146.280,compaction_begin,3,0
146.438,compaction_end,3,42992648
146.448,compaction_begin,3,0
146.605,compaction_end,3,43367085
146.615,compaction_begin,3,0
146.772,compaction_end,3,42992648
146.782,compaction_begin,3,0
146.938,compaction_end,3,42992650
146.948,compaction_begin,3,0
147.105,compaction_end,3,42992653
147.114,compaction_begin,3,0
147.270,compaction_end,3,42992648
147.279,compaction_begin,3,0
147.432,compaction_end,3,42992649
147.442,compaction_begin,3,0
147.598,compaction_end,3,42992655
147.607,compaction_begin,3,0
147.762,compaction_end,3,42618171
147.772,compaction_begin,3,0
147.930,compaction_end,3,42992648
147.939,compaction_begin,3,0
148.095,compaction_end,3,42992648
148.104,compaction_begin,3,0
148.829,compaction_end,3,42992649
148.838,compaction_begin,3,0
148.841,flush_begin,0,0
148.852,flush_end,0,2744165
149.008,compaction_end,3,42992650
149.016,compaction_begin,2,0
149.324,compaction_end,2,4656987
149.338,compaction_begin,3,0
149.523,compaction_end,3,43281145
149.531,compaction_begin,3,0
149.684,compaction_end,3,43367082
149.694,compaction_begin,3,0
149.851,compaction_end,3,43367078
149.859,compaction_begin,3,0
150.015,compaction_end,3,42992649
150.024,compaction_begin,3,0
150.179,compaction_end,3,43367081
150.189,compaction_begin,3,0
150.348,compaction_end,3,43367077
150.358,compaction_begin,3,0
150.517,compaction_end,3,42992648
150.526,compaction_begin,3,0
150.683,compaction_end,3,42992650
150.693,compaction_begin,3,0
150.849,compaction_end,3,43367080
150.858,compaction_begin,3,0
151.014,compaction_end,3,42992651
151.023,compaction_begin,3,0
151.178,compaction_end,3,42992648
151.187,compaction_begin,3,0
151.343,compaction_end,3,42992653
151.352,compaction_begin,3,0
151.509,compaction_end,3,42992655
151.518,compaction_begin,3,0
151.674,compaction_end,3,42992648
151.682,compaction_begin,3,0
151.839,compaction_end,3,42992653
151.849,compaction_begin,3,0
152.005,compaction_end,3,42992650
152.014,compaction_begin,3,0
152.171,compaction_end,3,42992653
152.179,compaction_begin,3,0
152.336,compaction_end,3,42992654
152.345,compaction_begin,3,0
152.501,compaction_end,3,43144571
152.510,compaction_begin,3,0
152.665,compaction_end,3,42992648
152.675,compaction_begin,3,0
152.827,compaction_end,3,42992648
152.836,compaction_begin,3,0
152.956,compaction_end,3,32415986
152.965,compaction_begin,3,0
153.129,compaction_end,3,42992650
153.138,compaction_begin,3,0
153.879,compaction_end,3,45305110
153.888,compaction_begin,3,0
154.052,compaction_end,3,42618171
154.060,compaction_begin,3,0
154.216,compaction_end,3,42992648
154.225,compaction_begin,3,0
154.297,flush_begin,0,0
154.307,flush_end,0,2744683
154.400,compaction_end,3,42992653
154.409,compaction_begin,2,0
154.721,compaction_end,2,4723779
154.738,compaction_begin,3,0
154.928,compaction_end,3,43281145
154.937,compaction_begin,3,0
155.091,compaction_end,3,42992649
155.100,compaction_begin,3,0
155.254,compaction_end,3,43367082
155.264,compaction_begin,3,0
155.421,compaction_end,3,42992653
155.430,compaction_begin,3,0
155.588,compaction_end,3,43367081
155.597,compaction_begin,3,0
155.719,compaction_end,3,32415986
155.728,compaction_begin,3,0
155.886,compaction_end,3,43367079
155.896,compaction_begin,3,0
156.055,compaction_end,3,43367078
156.064,compaction_begin,3,0
156.222,compaction_end,3,42992653
156.231,compaction_begin,3,0
156.387,compaction_end,3,42992650
156.396,compaction_begin,3,0
156.552,compaction_end,3,43367078
156.561,compaction_begin,3,0
156.715,compaction_end,3,43367077
156.724,compaction_begin,3,0
156.879,compaction_end,3,42992654
156.889,compaction_begin,3,0
157.046,compaction_end,3,43367085
157.055,compaction_begin,3,0
157.211,compaction_end,3,42992648
157.219,compaction_begin,3,0
157.375,compaction_end,3,43367080
157.384,compaction_begin,3,0
157.538,compaction_end,3,42992648
157.547,compaction_begin,3,0
157.703,compaction_end,3,42992648
157.712,compaction_begin,3,0
157.869,compaction_end,3,43144571
157.878,compaction_begin,3,0
158.037,compaction_end,3,42992648
158.046,compaction_begin,3,0
158.203,compaction_end,3,42992653
158.212,compaction_begin,3,0
158.369,compaction_end,3,42618172
158.378,compaction_begin,3,0
158.531,compaction_end,3,42992648
158.540,compaction_begin,3,0
158.694,compaction_end,3,42992655
158.703,compaction_begin,3,0
158.858,compaction_end,3,42992653
158.867,compaction_begin,3,0
159.022,compaction_end,3,42992653
159.031,compaction_begin,3,0
159.186,compaction_end,3,42992649
159.195,compaction_begin,3,0
159.351,compaction_end,3,42992651
159.359,compaction_begin,3,0
159.804,flush_begin,0,0
159.815,flush_end,0,2744827
160.086,compaction_end,3,43367080
160.095,compaction_begin,2,0
160.410,compaction_end,2,4738781
160.427,compaction_begin,3,0
160.619,compaction_end,3,43281145
160.628,compaction_begin,3,0
160.782,compaction_end,3,43367082
160.791,compaction_begin,3,0
160.947,compaction_end,3,43367081
160.956,compaction_begin,3,0
161.112,compaction_end,3,42992649
161.121,compaction_begin,3,0
161.279,compaction_end,3,42992654
161.288,compaction_begin,3,0
161.447,compaction_end,3,42992653
161.455,compaction_begin,3,0
161.619,compaction_end,3,43367077
161.628,compaction_begin,3,0
161.786,compaction_end,3,42992648
161.796,compaction_begin,3,0
161.956,compaction_end,3,42992648
161.965,compaction_begin,3,0
162.122,compaction_end,3,42992651
162.131,compaction_begin,3,0
162.288,compaction_end,3,42992648
162.297,compaction_begin,3,0
162.456,compaction_end,3,43367080
162.465,compaction_begin,3,0
162.623,compaction_end,3,43367078
162.631,compaction_begin,3,0
162.789,compaction_end,3,42992653
162.798,compaction_begin,3,0
162.956,compaction_end,3,42992650
162.965,compaction_begin,3,0
163.121,compaction_end,3,42992650
163.130,compaction_begin,3,0
163.288,compaction_end,3,43144571
163.297,compaction_begin,3,0
163.454,compaction_end,3,42992653
163.463,compaction_begin,3,0
163.620,compaction_end,3,42992648
163.629,compaction_begin,3,0
164.353,compaction_end,3,42992651
164.362,compaction_begin,3,0
164.514,compaction_end,3,42992648
164.523,compaction_begin,3,0
164.676,compaction_end,3,42992648
164.685,compaction_begin,3,0
164.842,compaction_end,3,42992648
164.851,compaction_begin,3,0
164.971,compaction_end,3,32415986
164.980,compaction_begin,3,0
165.136,compaction_end,3,42618171
165.145,compaction_begin,3,0
165.227,flush_begin,0,0
165.237,flush_end,0,2744941
165.319,compaction_end,3,42992653
165.328,compaction_begin,2,0
165.640,compaction_end,2,4790268
165.653,compaction_begin,3,0
165.837,compaction_end,3,43281145
165.846,compaction_begin,3,0
165.999,compaction_end,3,43367082
166.008,compaction_begin,3,0
166.166,compaction_end,3,43367078
166.175,compaction_begin,3,0
166.334,compaction_end,3,42992648
166.343,compaction_begin,3,0
166.494,compaction_end,3,42992649
166.503,compaction_begin,3,0
166.660,compaction_end,3,43367081
166.670,compaction_begin,3,0
166.826,compaction_end,3,42992653
166.835,compaction_begin,3,0
166.991,compaction_end,3,42992650
167.000,compaction_begin,3,0
167.156,compaction_end,3,42992648
167.165,compaction_begin,3,0
167.322,compaction_end,3,43367080
167.331,compaction_begin,3,0
167.489,compaction_end,3,42992648
167.498,compaction_begin,3,0
167.654,compaction_end,3,43144571
167.663,compaction_begin,3,0
167.819,compaction_end,3,42992653
167.828,compaction_begin,3,0
167.987,compaction_end,3,43367079
167.996,compaction_begin,3,0
168.150,compaction_end,3,42992653
168.159,compaction_begin,3,0
168.312,compaction_end,3,42992648
168.321,compaction_begin,3,0
168.443,compaction_end,3,32415986
168.452,compaction_begin,3,0
169.145,compaction_end,3,42992648
169.155,compaction_begin,3,0
169.312,compaction_end,3,42618171
169.321,compaction_begin,3,0
169.482,compaction_end,3,43367080
169.491,compaction_begin,3,0
169.655,compaction_end,3,42992648
169.664,compaction_begin,3,0
169.819,compaction_end,3,42992648
169.828,compaction_begin,3,0
169.985,compaction_end,3,42992648
169.994,compaction_begin,3,0
170.173,compaction_end,3,42992653
170.182,compaction_begin,3,0
170.340,compaction_end,3,42992651
170.349,compaction_begin,3,0
170.509,compaction_end,3,43367077
170.518,compaction_begin,3,0
170.677,compaction_end,3,42992650
170.686,flush_begin,0,0
170.697,flush_end,0,2745071
170.706,compaction_begin,2,0
171.019,compaction_end,2,4777518
171.033,compaction_begin,3,0
171.220,compaction_end,3,43281145
171.229,compaction_begin,3,0
171.383,compaction_end,3,42992649
171.392,compaction_begin,3,0
171.550,compaction_end,3,43367078
171.559,compaction_begin,3,0
171.718,compaction_end,3,42992648
171.726,compaction_begin,3,0
171.880,compaction_end,3,43367082
171.889,compaction_begin,3,0
172.045,compaction_end,3,43367077
172.054,compaction_begin,3,0
172.208,compaction_end,3,43367081
172.217,compaction_begin,3,0
172.370,compaction_end,3,42992653
172.379,compaction_begin,3,0
172.533,compaction_end,3,42992648
172.542,compaction_begin,3,0
172.696,compaction_end,3,42992653
172.705,compaction_begin,3,0
172.860,compaction_end,3,42992650
172.869,compaction_begin,3,0
173.025,compaction_end,3,42992654
173.034,compaction_begin,3,0
173.191,compaction_end,3,43367085
173.200,compaction_begin,3,0
173.358,compaction_end,3,43367080
173.367,compaction_begin,3,0
173.524,compaction_end,3,42992648
173.533,compaction_begin,3,0
173.690,compaction_end,3,42992655
173.699,compaction_begin,3,0
173.856,compaction_end,3,43367078
173.865,compaction_begin,3,0
174.022,compaction_end,3,42992653
174.031,compaction_begin,3,0
174.185,compaction_end,3,42992653
174.194,compaction_begin,3,0
174.347,compaction_end,3,42992649
174.356,compaction_begin,3,0
174.475,compaction_end,3,32415986
174.484,compaction_begin,3,0
174.637,compaction_end,3,42992648
174.646,compaction_begin,3,0
174.802,compaction_end,3,42992653
174.811,compaction_begin,3,0
174.967,compaction_end,3,42992651
174.976,compaction_begin,3,0
175.133,compaction_end,3,42992648
175.147,compaction_begin,3,0
175.304,compaction_end,3,43367079
175.313,compaction_begin,3,0
175.470,compaction_end,3,42992648
175.479,compaction_begin,3,0
176.125,flush_begin,0,0
176.136,flush_end,0,2744859
176.201,compaction_end,3,42992653
176.210,compaction_begin,2,0
176.516,compaction_end,2,4715331
176.531,compaction_begin,3,0
176.721,compaction_end,3,43281145
176.730,compaction_begin,3,0
176.886,compaction_end,3,43367082
176.893,compaction_begin,3,0
177.050,compaction_end,3,43367078
177.060,compaction_begin,3,0
177.221,compaction_end,3,42992649
177.230,compaction_begin,3,0
177.387,compaction_end,3,43367081
177.395,compaction_begin,3,0
177.551,compaction_end,3,42992653
177.560,compaction_begin,3,0
177.716,compaction_end,3,42992650
177.726,compaction_begin,3,0
177.885,compaction_end,3,43367077
177.894,compaction_begin,3,0
178.621,compaction_end,3,42992651
178.630,compaction_begin,3,0
178.785,compaction_end,3,42992648
178.794,compaction_begin,3,0
178.950,compaction_end,3,42992653
178.959,compaction_begin,3,0
179.116,compaction_end,3,42992655
179.125,compaction_begin,3,0
179.285,compaction_end,3,42992651
179.293,compaction_begin,3,0
179.451,compaction_end,3,42992654
179.460,compaction_begin,3,0
179.614,compaction_end,3,42992650
179.623,compaction_begin,3,0
179.781,compaction_end,3,42992651
179.790,compaction_begin,3,0
179.947,compaction_end,3,42992653
179.955,compaction_begin,3,0
180.110,compaction_end,3,42992653
180.120,compaction_begin,3,0
180.275,compaction_end,3,42992648
180.284,compaction_begin,3,0
180.437,compaction_end,3,42992653
180.446,compaction_begin,3,0
180.598,compaction_end,3,42992653
180.607,compaction_begin,3,0
180.762,compaction_end,3,42992648
180.770,compaction_begin,3,0
180.926,compaction_end,3,43367080
180.936,compaction_begin,3,0
181.094,compaction_end,3,43367078
181.103,compaction_begin,3,0
181.261,compaction_end,3,43367085
181.271,compaction_begin,3,0
181.430,compaction_end,3,42618171
181.439,compaction_begin,3,0
181.582,flush_begin,0,0
181.593,flush_end,0,2744458
181.616,compaction_end,3,42992648
181.625,compaction_begin,2,0
181.939,compaction_end,2,4720277
181.954,compaction_begin,3,0
182.132,compaction_end,3,43281145
182.141,compaction_begin,3,0
182.294,compaction_end,3,43367082
182.303,compaction_begin,3,0
182.456,compaction_end,3,42992649
182.465,compaction_begin,3,0
182.621,compaction_end,3,43367078
182.630,compaction_begin,3,0
182.785,compaction_end,3,42992653
182.794,compaction_begin,3,0
182.952,compaction_end,3,42992653
182.961,compaction_begin,3,0
183.119,compaction_end,3,43367081
183.128,compaction_begin,3,0
183.284,compaction_end,3,42992654
183.293,compaction_begin,3,0
183.451,compaction_end,3,42992651
183.460,compaction_begin,3,0
183.580,compaction_end,3,32415986
183.589,compaction_begin,3,0
183.745,compaction_end,3,42992650
183.754,compaction_begin,3,0
183.910,compaction_end,3,42618171
183.919,compaction_begin,3,0
184.076,compaction_end,3,42992648
184.084,compaction_begin,3,0
184.242,compaction_end,3,43367077
184.251,compaction_begin,3,0
184.409,compaction_end,3,42992653
184.418,compaction_begin,3,0
184.576,compaction_end,3,42992648
184.585,compaction_begin,3,0
184.754,compaction_end,3,43367079
184.763,compaction_begin,3,0
184.917,compaction_end,3,42992653
184.925,compaction_begin,3,0
185.080,compaction_end,3,42992648
185.089,compaction_begin,3,0
185.244,compaction_end,3,42992648
185.253,compaction_begin,3,0
185.410,compaction_end,3,42992653
185.419,compaction_begin,3,0
185.576,compaction_end,3,42992650
185.585,compaction_begin,3,0
186.293,compaction_end,3,43367083
186.302,compaction_begin,3,0
186.460,compaction_end,3,42992651
186.469,compaction_begin,3,0
186.627,compaction_end,3,42992653
186.637,compaction_begin,3,0
186.795,compaction_end,3,42992648
186.805,compaction_begin,3,0
186.966,compaction_end,3,43367080
186.975,compaction_begin,3,0
187.010,flush_begin,0,0
187.020,flush_end,0,2744342
187.150,compaction_end,3,42992648
187.159,compaction_begin,2,0
187.465,compaction_end,2,4731392
187.479,compaction_begin,3,0
187.669,compaction_end,3,43281145
187.678,compaction_begin,3,0
187.829,compaction_end,3,42992649
187.838,compaction_begin,3,0
187.992,compaction_end,3,43367082
188.002,compaction_begin,3,0
188.157,compaction_end,3,42992653
188.166,compaction_begin,3,0
188.322,compaction_end,3,42992648
188.330,compaction_begin,3,0
188.486,compaction_end,3,42992650
188.496,compaction_begin,3,0
188.650,compaction_end,3,43367077
188.659,compaction_begin,3,0
188.817,compaction_end,3,42992648
188.826,compaction_begin,3,0
188.984,compaction_end,3,42992650
188.994,compaction_begin,3,0
189.151,compaction_end,3,43367081
189.159,compaction_begin,3,0
189.317,compaction_end,3,43367085
189.327,compaction_begin,3,0
189.486,compaction_end,3,43367078
189.494,compaction_begin,3,0
189.650,compaction_end,3,42992653
189.660,compaction_begin,3,0
189.819,compaction_end,3,42992651
189.828,compaction_begin,3,0
189.985,compaction_end,3,42992648
189.993,compaction_begin,3,0
190.150,compaction_end,3,42992648
190.160,compaction_begin,3,0
190.317,compaction_end,3,42992653
190.326,compaction_begin,3,0
190.481,compaction_end,3,42992648
190.490,compaction_begin,3,0
190.644,compaction_end,3,42992651
190.652,compaction_begin,3,0
190.808,compaction_end,3,42992648
190.818,compaction_begin,3,0
190.976,compaction_end,3,43367079
190.985,compaction_begin,3,0
191.104,compaction_end,3,32415986
191.113,compaction_begin,3,0
191.269,compaction_end,3,42992655
191.278,compaction_begin,3,0
191.504,compaction_end,3,43144571
191.513,compaction_begin,3,0
191.669,compaction_end,3,42992648
191.678,compaction_begin,3,0
191.835,compaction_end,3,43367080
191.844,compaction_begin,3,0
192.002,compaction_end,3,42992653
192.011,compaction_begin,3,0
192.453,flush_begin,0,0
192.464,flush_end,0,2744159
192.744,compaction_end,3,42992653
192.753,compaction_begin,2,0
193.064,compaction_end,2,4814776
193.079,compaction_begin,3,0
193.262,compaction_end,3,43281145
193.272,compaction_begin,3,0
193.426,compaction_end,3,42992649
193.435,compaction_begin,3,0
193.590,compaction_end,3,43367082
193.599,compaction_begin,3,0
193.757,compaction_end,3,43367078
193.766,compaction_begin,3,0
193.923,compaction_end,3,42992653
193.932,compaction_begin,3,0
194.092,compaction_end,3,43367081
194.101,compaction_begin,3,0
194.261,compaction_end,3,42992654
194.271,compaction_begin,3,0
194.430,compaction_end,3,42992653
194.439,compaction_begin,3,0
194.596,compaction_end,3,42992655
194.605,compaction_begin,3,0
194.760,compaction_end,3,42992650
194.769,compaction_begin,3,0
194.926,compaction_end,3,42992648
194.935,compaction_begin,3,0
195.091,compaction_end,3,42992648
195.101,compaction_begin,3,0
195.258,compaction_end,3,42992648
195.267,compaction_begin,3,0
195.421,compaction_end,3,42992653
195.430,compaction_begin,3,0
195.586,compaction_end,3,43367085
195.595,compaction_begin,3,0
195.750,compaction_end,3,42992648
195.759,compaction_begin,3,0
195.916,compaction_end,3,42618171
195.925,compaction_begin,3,0
196.082,compaction_end,3,42992651
196.091,compaction_begin,3,0
196.798,compaction_end,3,42992655
196.807,compaction_begin,3,0
196.966,compaction_end,3,43144571
196.975,compaction_begin,3,0
197.131,compaction_end,3,42992648
197.140,compaction_begin,3,0
197.299,compaction_end,3,43367079
197.309,compaction_begin,3,0
197.465,compaction_end,3,42992653
197.474,compaction_begin,3,0
197.632,compaction_end,3,43367077
197.641,compaction_begin,3,0
197.799,compaction_end,3,42992653
197.808,compaction_begin,3,0
197.872,flush_begin,0,0
197.882,flush_end,0,2744578
197.983,compaction_end,3,42992650
197.992,compaction_begin,2,0
198.298,compaction_end,2,4905325
198.310,compaction_begin,3,0
198.481,compaction_end,3,43281145
198.490,compaction_begin,3,0
198.641,compaction_end,3,42992649
198.651,compaction_begin,3,0
198.807,compaction_end,3,43367078
198.816,compaction_begin,3,0
198.972,compaction_end,3,43367081
198.981,compaction_begin,3,0
199.134,compaction_end,3,43367082
199.143,compaction_begin,3,0
199.301,compaction_end,3,42992648
199.310,compaction_begin,3,0
199.463,compaction_end,3,42992654
199.472,compaction_begin,3,0
199.626,compaction_end,3,42992648
199.635,compaction_begin,3,0
199.792,compaction_end,3,43367079
199.801,compaction_begin,3,0
199.957,compaction_end,3,42992653
199.966,compaction_begin,3,0
200.135,compaction_end,3,42992653
200.144,compaction_begin,3,0
200.315,compaction_end,3,42618171
200.324,compaction_begin,3,0
200.488,compaction_end,3,42992648
200.498,compaction_begin,3,0
200.656,compaction_end,3,43367077
200.665,compaction_begin,3,0
200.823,compaction_end,3,42992651
200.832,compaction_begin,3,0
200.990,compaction_end,3,42992653
200.999,compaction_begin,3,0
201.155,compaction_end,3,42992650
201.164,compaction_begin,3,0
201.320,compaction_end,3,42992648
201.330,compaction_begin,3,0
201.486,compaction_end,3,43367085
201.495,compaction_begin,3,0
201.653,compaction_end,3,43367078
201.662,compaction_begin,3,0
201.817,compaction_end,3,43367080
201.826,compaction_begin,3,0
201.984,compaction_end,3,42992653
201.993,compaction_begin,3,0
202.150,compaction_end,3,42992651
202.158,compaction_begin,3,0
202.311,compaction_end,3,42992648
202.321,compaction_begin,3,0
202.477,compaction_end,3,42992655
202.487,compaction_begin,3,0
202.642,compaction_end,3,42992653
202.651,compaction_begin,3,0
202.805,compaction_end,3,42992653
202.814,compaction_begin,3,0
202.970,compaction_end,3,42992648
202.979,compaction_begin,3,0
203.289,flush_begin,0,0
203.299,flush_end,0,2744639
203.691,compaction_end,3,43367078
203.700,compaction_begin,2,0
204.007,compaction_end,2,4901242
204.020,compaction_begin,3,0
204.205,compaction_end,3,43281145
204.214,compaction_begin,3,0
204.416,compaction_end,3,42618172
204.425,compaction_begin,3,0
204.579,compaction_end,3,43367079
204.588,compaction_begin,3,0
204.747,compaction_end,3,42992648
204.757,compaction_begin,3,0
204.916,compaction_end,3,43367083
204.925,compaction_begin,3,0
205.084,compaction_end,3,43367081
205.093,compaction_begin,3,0
205.248,compaction_end,3,42992654
205.257,compaction_begin,3,0
205.412,compaction_end,3,42992648
205.421,compaction_begin,3,0
205.580,compaction_end,3,43367078
205.589,compaction_begin,3,0
205.744,compaction_end,3,42992653
205.753,compaction_begin,3,0
205.910,compaction_end,3,42992654
205.920,compaction_begin,3,0
206.075,compaction_end,3,43367082
206.084,compaction_begin,3,0
206.298,compaction_end,3,42992653
206.307,compaction_begin,3,0
206.465,compaction_end,3,42992655
206.474,compaction_begin,3,0
206.707,compaction_end,3,44030068
206.716,compaction_begin,3,0
206.872,compaction_end,3,42992648
206.881,compaction_begin,3,0
207.038,compaction_end,3,43367081
207.046,compaction_begin,3,0
207.203,compaction_end,3,42992654
207.212,compaction_begin,3,0
207.369,compaction_end,3,42992653
207.378,compaction_begin,3,0
207.536,compaction_end,3,42992653
207.545,compaction_begin,3,0
207.702,compaction_end,3,42992653
207.711,compaction_begin,3,0
207.869,compaction_end,3,42992653
207.878,compaction_begin,3,0
208.043,compaction_end,3,42992648
208.052,compaction_begin,3,0
208.313,compaction_end,3,45305109
208.322,compaction_begin,3,0
208.745,flush_begin,0,0
208.756,flush_end,0,2744573
209.082,compaction_end,3,44642299
209.091,compaction_begin,2,0
209.406,compaction_end,2,4838381
209.422,compaction_begin,3,0
209.611,compaction_end,3,43367080
209.620,compaction_begin,3,0
209.774,compaction_end,3,43281144
209.783,compaction_begin,3,0
209.938,compaction_end,3,43367082
209.947,compaction_begin,3,0
210.103,compaction_end,3,42992648
210.112,compaction_begin,3,0
210.271,compaction_end,3,42992650
210.280,compaction_begin,3,0
210.438,compaction_end,3,43367078
210.447,compaction_begin,3,0
210.605,compaction_end,3,42992649
210.614,compaction_begin,3,0
210.772,compaction_end,3,43367081
210.781,compaction_begin,3,0
210.939,compaction_end,3,42992647
210.948,compaction_begin,3,0
211.106,compaction_end,3,42992650
211.115,compaction_begin,3,0
211.270,compaction_end,3,42992651
211.279,compaction_begin,3,0
211.436,compaction_end,3,42992650
211.445,compaction_begin,3,0
211.601,compaction_end,3,42992648
211.610,compaction_begin,3,0
211.766,compaction_end,3,42992647
211.775,compaction_begin,3,0
212.251,compaction_end,3,42992648
212.260,compaction_begin,3,0
212.416,compaction_end,3,43367081
212.425,compaction_begin,3,0
212.579,compaction_end,3,43367078
212.587,compaction_begin,3,0
212.746,compaction_end,3,43367078
212.757,compaction_begin,3,0
212.913,compaction_end,3,42618175
212.922,compaction_begin,3,0
213.079,compaction_end,3,43367080
213.089,compaction_begin,3,0
213.750,compaction_end,3,44642300
213.759,compaction_begin,3,0
214.134,compaction_end,3,42618171
214.143,compaction_begin,3,0
214.150,flush_begin,0,0
214.162,flush_end,0,2744488
214.320,compaction_end,3,43367085
214.329,compaction_begin,2,0
214.621,compaction_end,2,4916395
214.632,compaction_begin,3,0
214.792,compaction_end,3,43367080
214.801,compaction_begin,3,0
214.955,compaction_end,3,43281144
214.964,compaction_begin,3,0
215.117,compaction_end,3,43367082
215.126,compaction_begin,3,0
215.282,compaction_end,3,43367081
215.291,compaction_begin,3,0
215.446,compaction_end,3,43367078
215.455,compaction_begin,3,0
215.609,compaction_end,3,42992649
215.618,compaction_begin,3,0
215.777,compaction_end,3,43367081
215.786,compaction_begin,3,0
215.944,compaction_end,3,42992648
215.953,compaction_begin,3,0
216.110,compaction_end,3,42992648
216.119,compaction_begin,3,0
216.278,compaction_end,3,42992647
216.288,compaction_begin,3,0
216.447,compaction_end,3,43367077
216.456,compaction_begin,3,0
216.615,compaction_end,3,42992651
216.624,compaction_begin,3,0
216.783,compaction_end,3,43367081
216.791,compaction_begin,3,0
216.955,compaction_end,3,42618171
216.964,compaction_begin,3,0
217.123,compaction_end,3,42618175
217.132,compaction_begin,3,0
217.288,compaction_end,3,42992650
217.297,compaction_begin,3,0
217.455,compaction_end,3,42992649
217.464,compaction_begin,3,0
217.746,compaction_end,3,43893495
217.755,compaction_begin,3,0
217.911,compaction_end,3,42992647
217.920,compaction_begin,3,0
218.077,compaction_end,3,43367080
218.086,compaction_begin,3,0
218.797,compaction_end,3,42992650
218.806,compaction_begin,3,0
219.505,compaction_end,3,42992654
219.514,compaction_begin,3,0
219.578,flush_begin,0,0
219.589,flush_end,0,2745334
219.691,compaction_end,3,42992648
219.700,compaction_begin,2,0
220.008,compaction_end,2,4906236
220.021,compaction_begin,3,0
220.205,compaction_end,3,43367080
220.214,compaction_begin,3,0
220.366,compaction_end,3,43281144
220.375,compaction_begin,3,0
220.527,compaction_end,3,43367082
220.536,compaction_begin,3,0
220.695,compaction_end,3,43367078
220.704,compaction_begin,3,0
220.861,compaction_end,3,42992650
220.871,compaction_begin,3,0
221.027,compaction_end,3,43367081
221.037,compaction_begin,3,0
221.194,compaction_end,3,43367078
221.203,compaction_begin,3,0
221.361,compaction_end,3,43367080
221.370,compaction_begin,3,0
221.527,compaction_end,3,42992650
221.536,compaction_begin,3,0
221.694,compaction_end,3,42992648
221.704,compaction_begin,3,0
221.863,compaction_end,3,42992650
221.872,compaction_begin,3,0
222.027,compaction_end,3,42618175
222.036,compaction_begin,3,0
222.195,compaction_end,3,43367078
222.204,compaction_begin,3,0
222.361,compaction_end,3,42618171
222.370,compaction_begin,3,0
222.528,compaction_end,3,43367079
222.537,compaction_begin,3,0
222.692,compaction_end,3,42992647
222.702,compaction_begin,3,0
222.858,compaction_end,3,42992648
222.867,compaction_begin,3,0
223.024,compaction_end,3,43367081
223.033,compaction_begin,3,0
223.190,compaction_end,3,42992651
223.199,compaction_begin,3,0
223.354,compaction_end,3,42992649
223.363,compaction_begin,3,0
224.073,compaction_end,3,43367083
224.082,compaction_begin,3,0
224.239,compaction_end,3,42992648
224.248,compaction_begin,3,0
224.405,compaction_end,3,43367080
224.414,compaction_begin,3,0
224.575,compaction_end,3,42992647
224.584,compaction_begin,3,0
224.744,compaction_end,3,43367085
224.753,compaction_begin,3,0
224.913,compaction_end,3,42992648
224.922,compaction_begin,3,0
224.989,flush_begin,0,0
225.000,flush_end,0,2744610
225.098,compaction_end,3,43367077
225.107,compaction_begin,2,0
225.422,compaction_end,2,4942977
225.440,compaction_begin,3,0
225.631,compaction_end,3,43367080
225.640,compaction_begin,3,0
225.793,compaction_end,3,43367082
225.802,compaction_begin,3,0
225.957,compaction_end,3,43281144
225.967,compaction_begin,3,0
226.126,compaction_end,3,43367081
226.135,compaction_begin,3,0
226.294,compaction_end,3,42992650
226.303,compaction_begin,3,0
226.460,compaction_end,3,42992649
226.470,compaction_begin,3,0
226.629,compaction_end,3,42992650
226.638,compaction_begin,3,0
226.796,compaction_end,3,42992648
226.806,compaction_begin,3,0
226.962,compaction_end,3,43367078
226.971,compaction_begin,3,0
227.130,compaction_end,3,43367078
227.139,compaction_begin,3,0
227.296,compaction_end,3,42992648
227.305,compaction_begin,3,0
227.462,compaction_end,3,42992647
227.471,compaction_begin,3,0
227.628,compaction_end,3,42992654
227.637,compaction_begin,3,0
227.792,compaction_end,3,42992648
227.801,compaction_begin,3,0
227.954,compaction_end,3,42992651
227.963,compaction_begin,3,0
228.118,compaction_end,3,43367085
228.127,compaction_begin,3,0
228.279,compaction_end,3,42992647
228.288,compaction_begin,3,0
228.444,compaction_end,3,43367078
228.454,compaction_begin,3,0
228.608,compaction_end,3,42992650
228.618,compaction_begin,3,0
228.771,compaction_end,3,42618175
228.780,compaction_begin,3,0
228.937,compaction_end,3,43367080
228.946,compaction_begin,3,0
229.104,compaction_end,3,43367081
229.113,compaction_begin,3,0
229.272,compaction_end,3,42992647
229.282,compaction_begin,3,0
229.438,compaction_end,3,43367077
229.447,compaction_begin,3,0
229.606,compaction_end,3,43367083
229.615,compaction_begin,3,0
229.774,compaction_end,3,42992648
229.783,compaction_begin,3,0
229.941,compaction_end,3,42992648
229.950,compaction_begin,3,0
230.121,compaction_end,3,43367079
230.130,compaction_begin,3,0
230.426,flush_begin,0,0
230.436,flush_end,0,2744612
230.875,compaction_end,3,43367082
230.883,compaction_begin,2,0
231.181,compaction_end,2,4915966
231.194,compaction_begin,3,0
231.371,compaction_end,3,43367080
231.380,compaction_begin,3,0
231.532,compaction_end,3,43281144
231.541,compaction_begin,3,0
231.692,compaction_end,3,43367082
231.701,compaction_begin,3,0
231.857,compaction_end,3,43367078
231.866,compaction_begin,3,0
232.023,compaction_end,3,43367081
232.032,compaction_begin,3,0
232.188,compaction_end,3,42992648
232.197,compaction_begin,3,0
232.352,compaction_end,3,42992649
232.361,compaction_begin,3,0
232.518,compaction_end,3,42992649
232.528,compaction_begin,3,0
232.685,compaction_end,3,42992648
232.694,compaction_begin,3,0
232.852,compaction_end,3,42992647
232.861,compaction_begin,3,0
233.018,compaction_end,3,43367077
233.025,compaction_begin,3,0
233.189,compaction_end,3,42992650
233.198,compaction_begin,3,0
233.355,compaction_end,3,42992650
233.364,compaction_begin,3,0
233.523,compaction_end,3,42992648
233.533,compaction_begin,3,0
233.690,compaction_end,3,42618171
233.699,compaction_begin,3,0
233.856,compaction_end,3,43367081
233.865,compaction_begin,3,0
234.022,compaction_end,3,43367078
234.031,compaction_begin,3,0
234.186,compaction_end,3,42992654
234.195,compaction_begin,3,0
234.354,compaction_end,3,42992648
234.363,compaction_begin,3,0
234.518,compaction_end,3,42992648
234.528,compaction_begin,3,0
234.685,compaction_end,3,43367078
234.695,compaction_begin,3,0
235.398,compaction_end,3,42992650
235.407,compaction_begin,3,0
235.867,flush_begin,0,0
235.876,flush_end,0,2744654
236.146,compaction_end,3,42992649
236.155,compaction_begin,2,0
236.471,compaction_end,2,4895471
236.484,compaction_begin,3,0
236.659,compaction_end,3,43367080
236.669,compaction_begin,3,0
236.824,compaction_end,3,43367078
236.833,compaction_begin,3,0
236.986,compaction_end,3,43367082
236.995,compaction_begin,3,0
237.151,compaction_end,3,43367081
237.160,compaction_begin,3,0
237.316,compaction_end,3,43367081
237.326,compaction_begin,3,0
237.479,compaction_end,3,43281144
237.488,compaction_begin,3,0
237.645,compaction_end,3,42992648
237.654,compaction_begin,3,0
237.810,compaction_end,3,42992650
237.819,compaction_begin,3,0
237.975,compaction_end,3,42992647
237.984,compaction_begin,3,0
238.692,compaction_end,3,42992650
238.702,compaction_begin,3,0
238.858,compaction_end,3,42992648
238.867,compaction_begin,3,0
239.026,compaction_end,3,42992650
239.036,compaction_begin,3,0
239.191,compaction_end,3,42618175
239.200,compaction_begin,3,0
239.355,compaction_end,3,42992654
239.364,compaction_begin,3,0
239.523,compaction_end,3,43367078
239.532,compaction_begin,3,0
239.687,compaction_end,3,42618171
239.696,compaction_begin,3,0
239.850,compaction_end,3,42992648
239.859,compaction_begin,3,0
240.012,compaction_end,3,42992650
240.022,compaction_begin,3,0
240.176,compaction_end,3,42992649
240.185,compaction_begin,3,0
240.342,compaction_end,3,42992650
240.351,compaction_begin,3,0
240.506,compaction_end,3,43367082
240.515,compaction_begin,3,0
240.670,compaction_end,3,42992648
240.680,compaction_begin,3,0
240.834,compaction_end,3,42992649
240.844,compaction_begin,3,0
241.000,compaction_end,3,43367079
241.009,compaction_begin,3,0
241.172,compaction_end,3,42992649
241.181,compaction_begin,3,0
241.343,compaction_end,3,43367078
241.351,flush_begin,0,0
241.361,flush_end,0,2744589
241.372,compaction_begin,2,0
241.691,compaction_end,2,5022994
241.705,compaction_begin,3,0
241.888,compaction_end,3,43367080
241.897,compaction_begin,3,0
242.049,compaction_end,3,43367079
242.058,compaction_begin,3,0
242.213,compaction_end,3,42992650
242.222,compaction_begin,3,0
242.380,compaction_end,3,42992648
242.389,compaction_begin,3,0
242.546,compaction_end,3,42618171
242.555,compaction_begin,3,0
242.707,compaction_end,3,43281143
242.716,compaction_begin,3,0
242.871,compaction_end,3,43367081
242.880,compaction_begin,3,0
243.036,compaction_end,3,42992650
243.046,compaction_begin,3,0
243.205,compaction_end,3,43367082
243.214,compaction_begin,3,0
243.373,compaction_end,3,43367083
243.382,compaction_begin,3,0
243.736,compaction_end,3,42992651
243.745,compaction_begin,3,0
243.957,compaction_end,3,43367078
243.967,compaction_begin,3,0
244.123,compaction_end,3,42992649
244.131,compaction_begin,3,0
244.287,compaction_end,3,42992649
244.297,compaction_begin,3,0
244.454,compaction_end,3,43367082
244.463,compaction_begin,3,0
244.615,compaction_end,3,42992654
244.625,compaction_begin,3,0
244.835,compaction_end,3,43367081
244.844,compaction_begin,3,0
245.000,compaction_end,3,42992649
245.010,compaction_begin,3,0
245.219,compaction_end,3,42992654
245.229,compaction_begin,3,0
245.381,compaction_end,3,42992648
245.390,compaction_begin,3,0
245.624,compaction_end,3,44030062
245.634,compaction_begin,3,0
245.849,compaction_end,3,43367084
245.859,compaction_begin,3,0
246.014,compaction_end,3,42992648
246.023,compaction_begin,3,0
246.180,compaction_end,3,42992648
246.188,compaction_begin,3,0
246.795,flush_begin,0,0
246.805,flush_end,0,2744978
246.924,compaction_end,3,43367080
246.933,compaction_begin,2,0
247.248,compaction_end,2,5068485
247.264,compaction_begin,3,0
247.451,compaction_end,3,43367080
247.461,compaction_begin,3,0
247.617,compaction_end,3,43367081
247.627,compaction_begin,3,0
247.780,compaction_end,3,43367082
247.790,compaction_begin,3,0
247.946,compaction_end,3,43367079
247.955,compaction_begin,3,0
248.110,compaction_end,3,42992651
248.119,compaction_begin,3,0
248.276,compaction_end,3,42992648
248.286,compaction_begin,3,0
248.442,compaction_end,3,42992650
248.452,compaction_begin,3,0
248.608,compaction_end,3,42992648
248.617,compaction_begin,3,0
248.774,compaction_end,3,43367082
248.783,compaction_begin,3,0
248.939,compaction_end,3,43367078
248.948,compaction_begin,3,0
249.105,compaction_end,3,43367078
249.114,compaction_begin,3,0
249.271,compaction_end,3,42618173
249.280,compaction_begin,3,0
249.439,compaction_end,3,43367079
249.449,compaction_begin,3,0
249.608,compaction_end,3,43367083
249.617,compaction_begin,3,0
249.783,compaction_end,3,42992648
249.793,compaction_begin,3,0
249.947,compaction_end,3,42992648
249.956,compaction_begin,3,0
250.111,compaction_end,3,42992650
250.120,compaction_begin,3,0
250.276,compaction_end,3,42532264
250.286,compaction_begin,3,0
250.443,compaction_end,3,42618171
250.453,compaction_begin,3,0
250.608,compaction_end,3,43367078
250.617,compaction_begin,3,0
250.774,compaction_end,3,43367080
250.783,compaction_begin,3,0
250.940,compaction_end,3,43367083
250.949,compaction_begin,3,0
251.105,compaction_end,3,42618172
251.114,compaction_begin,3,0
251.814,compaction_end,3,42992647
251.822,compaction_begin,3,0
251.981,compaction_end,3,42992649
251.990,compaction_begin,3,0
252.147,compaction_end,3,42992652
252.156,compaction_begin,3,0
252.244,flush_begin,0,0
252.254,flush_end,0,2745131
252.331,compaction_end,3,42992648
252.341,compaction_begin,2,0
252.657,compaction_end,2,5115773
252.674,compaction_begin,3,0
252.863,compaction_end,3,43367080
252.872,compaction_begin,3,0
253.023,compaction_end,3,43367079
253.032,compaction_begin,3,0
253.183,compaction_end,3,43367082
253.193,compaction_begin,3,0
253.350,compaction_end,3,43367081
253.360,compaction_begin,3,0
253.517,compaction_end,3,43367078
253.526,compaction_begin,3,0
253.999,compaction_end,3,32415986
254.008,compaction_begin,3,0
254.166,compaction_end,3,42992649
254.175,compaction_begin,3,0
254.332,compaction_end,3,42992650
254.341,compaction_begin,3,0
254.497,compaction_end,3,43367078
254.506,compaction_begin,3,0
254.663,compaction_end,3,42992648
254.673,compaction_begin,3,0
254.830,compaction_end,3,42992648
254.840,compaction_begin,3,0
255.498,compaction_end,3,43367080
255.506,compaction_begin,3,0
255.663,compaction_end,3,42992650
255.672,compaction_begin,3,0
255.829,compaction_end,3,42992648
255.838,compaction_begin,3,0
256.054,compaction_end,3,43367076
256.063,compaction_begin,3,0
256.217,compaction_end,3,43367082
256.227,compaction_begin,3,0
256.383,compaction_end,3,43367083
256.392,compaction_begin,3,0
256.548,compaction_end,3,42618171
256.557,compaction_begin,3,0
256.713,compaction_end,3,42992648
256.723,compaction_begin,3,0
256.879,compaction_end,3,43367079
256.888,compaction_begin,3,0
257.043,compaction_end,3,42618172
257.052,compaction_begin,3,0
257.206,compaction_end,3,42992647
257.215,compaction_begin,3,0
257.370,compaction_end,3,42532264
257.379,compaction_begin,3,0
257.535,compaction_end,3,42992648
257.544,compaction_begin,3,0
257.724,flush_begin,0,0
257.735,flush_end,0,2744442
258.299,compaction_end,3,42618173
258.309,compaction_begin,2,0
258.653,compaction_end,2,4990799
258.667,compaction_begin,3,0
258.866,compaction_end,3,43367080
258.875,compaction_begin,3,0
259.035,compaction_end,3,43367081
259.044,compaction_begin,3,0
259.201,compaction_end,3,43367082
259.211,compaction_begin,3,0
259.371,compaction_end,3,43367078
259.380,compaction_begin,3,0
259.536,compaction_end,3,43367079
259.545,compaction_begin,3,0
259.703,compaction_end,3,43367079
259.713,compaction_begin,3,0
259.872,compaction_end,3,43367078
259.882,compaction_begin,3,0
260.060,compaction_end,3,42992648
260.069,compaction_begin,3,0
260.238,compaction_end,3,42618171
260.248,compaction_begin,3,0
260.406,compaction_end,3,42618172
260.415,compaction_begin,3,0
260.575,compaction_end,3,43367082
260.584,compaction_begin,3,0
260.743,compaction_end,3,43367080
260.752,compaction_begin,3,0
260.910,compaction_end,3,43367083
260.919,compaction_begin,3,0
261.080,compaction_end,3,43367080
261.090,compaction_begin,3,0
261.246,compaction_end,3,42992648
261.256,compaction_begin,3,0
261.408,compaction_end,3,42992648
261.418,compaction_begin,3,0
261.573,compaction_end,3,43367083
261.583,compaction_begin,3,0
261.737,compaction_end,3,42992648
261.747,compaction_begin,3,0
261.867,compaction_end,3,32415986
261.876,compaction_begin,3,0
262.031,compaction_end,3,42992647
262.041,compaction_begin,3,0
262.195,compaction_end,3,42992650
262.205,compaction_begin,3,0
262.361,compaction_end,3,42992649
262.370,compaction_begin,3,0
262.525,compaction_end,3,43367076
262.535,compaction_begin,3,0
262.690,compaction_end,3,42992648
262.700,compaction_begin,3,0
262.860,compaction_end,3,43367078
262.870,compaction_begin,3,0
263.027,compaction_end,3,42992650
263.036,compaction_begin,3,0
263.163,flush_begin,0,0
263.174,flush_end,0,2744828
263.763,compaction_end,3,43367082
263.773,compaction_begin,2,0
264.081,compaction_end,2,5089303
264.095,compaction_begin,3,0
264.272,compaction_end,3,43367080
264.281,compaction_begin,3,0
264.434,compaction_end,3,43367082
264.444,compaction_begin,3,0
264.598,compaction_end,3,43367078
264.608,compaction_begin,3,0
264.764,compaction_end,3,43367079
264.774,compaction_begin,3,0
264.927,compaction_end,3,43367079
264.937,compaction_begin,3,0
265.092,compaction_end,3,42992650
265.102,compaction_begin,3,0
265.257,compaction_end,3,42992648
265.266,compaction_begin,3,0
265.421,compaction_end,3,42992648
265.431,compaction_begin,3,0
265.587,compaction_end,3,43367081
265.597,compaction_begin,3,0
265.752,compaction_end,3,42618172
265.761,compaction_begin,3,0
265.920,compaction_end,3,43367082
265.929,compaction_begin,3,0
266.086,compaction_end,3,42618171
266.096,compaction_begin,3,0
266.256,compaction_end,3,43367080
266.265,compaction_begin,3,0
266.431,compaction_end,3,43367082
266.440,compaction_begin,3,0
266.597,compaction_end,3,43367078
266.607,compaction_begin,3,0
266.762,compaction_end,3,42992648
266.771,compaction_begin,3,0
266.926,compaction_end,3,42992648
266.935,compaction_begin,3,0
267.092,compaction_end,3,43367078
267.102,compaction_begin,3,0
267.260,compaction_end,3,43367076
267.270,compaction_begin,3,0
267.427,compaction_end,3,42992649
267.437,compaction_begin,3,0
267.591,compaction_end,3,42618173
267.601,compaction_begin,3,0
267.721,compaction_end,3,32415986
267.730,compaction_begin,3,0
267.888,compaction_end,3,42992648
267.897,compaction_begin,3,0
268.055,compaction_end,3,43367083
268.065,compaction_begin,3,0
268.594,flush_begin,0,0
268.604,flush_end,0,2744619
268.789,compaction_end,3,43144571
268.797,compaction_begin,2,0
269.114,compaction_end,2,5195945
269.128,compaction_begin,3,0
269.310,compaction_end,3,43367080
269.319,compaction_begin,3,0
269.473,compaction_end,3,43367082
269.483,compaction_begin,3,0
269.636,compaction_end,3,43367079
269.646,compaction_begin,3,0
269.800,compaction_end,3,42992648
269.809,compaction_begin,3,0
269.964,compaction_end,3,43367081
269.972,compaction_begin,3,0
270.129,compaction_end,3,43367078
270.139,compaction_begin,3,0
270.294,compaction_end,3,42992650
270.304,compaction_begin,3,0
270.636,compaction_end,3,42992651
270.645,compaction_begin,3,0
270.803,compaction_end,3,43367079
270.813,compaction_begin,3,0
270.970,compaction_end,3,42992649
270.980,compaction_begin,3,0
271.141,compaction_end,3,43367080
271.151,compaction_begin,3,0
271.308,compaction_end,3,42992648
271.318,compaction_begin,3,0
271.474,compaction_end,3,42992648
271.483,compaction_begin,3,0
271.638,compaction_end,3,42992648
271.648,compaction_begin,3,0
271.805,compaction_end,3,43367078
271.815,compaction_begin,3,0
271.972,compaction_end,3,43367083
271.982,compaction_begin,3,0
272.691,compaction_end,3,43367080
272.700,compaction_begin,3,0
272.853,compaction_end,3,42992647
272.862,compaction_begin,3,0
273.018,compaction_end,3,43367078
273.028,compaction_begin,3,0
273.184,compaction_end,3,43367082
273.193,compaction_begin,3,0
273.348,compaction_end,3,42618172
273.357,compaction_begin,3,0
273.911,compaction_end,3,42992652
273.920,compaction_begin,3,0
274.032,flush_begin,0,0
274.042,flush_end,0,2744350
274.098,compaction_end,3,42992648
274.108,compaction_begin,2,0
274.427,compaction_end,2,5299273
274.443,compaction_begin,3,0
274.627,compaction_end,3,43367080
274.637,compaction_begin,3,0
274.793,compaction_end,3,43367082
274.802,compaction_begin,3,0
274.972,compaction_end,3,43367079
274.982,compaction_begin,3,0
275.150,compaction_end,3,42992648
275.159,compaction_begin,3,0
275.316,compaction_end,3,42992651
275.326,compaction_begin,3,0
275.483,compaction_end,3,42992652
275.492,compaction_begin,3,0
275.652,compaction_end,3,43367078
275.661,compaction_begin,3,0
275.821,compaction_end,3,43144571
275.830,compaction_begin,3,0
275.992,compaction_end,3,43367078
276.001,compaction_begin,3,0
276.122,compaction_end,3,32415986
276.131,compaction_begin,3,0
276.292,compaction_end,3,43367082
276.301,compaction_begin,3,0
276.459,compaction_end,3,42992650
276.468,compaction_begin,3,0
276.629,compaction_end,3,42992648
276.638,compaction_begin,3,0
276.797,compaction_end,3,42992647
276.806,compaction_begin,3,0
276.964,compaction_end,3,42992648
276.973,compaction_begin,3,0
277.132,compaction_end,3,43367081
277.142,compaction_begin,3,0
277.302,compaction_end,3,43367080
277.310,compaction_begin,3,0
277.470,compaction_end,3,43367079
277.481,compaction_begin,3,0
277.637,compaction_end,3,42618171
277.646,compaction_begin,3,0
278.352,compaction_end,3,42992650
278.361,compaction_begin,3,0
278.519,compaction_end,3,43367082
278.529,compaction_begin,3,0
278.684,compaction_end,3,42992648
278.693,compaction_begin,3,0
279.389,compaction_end,3,42532264
279.398,compaction_begin,3,0
279.420,flush_begin,0,0
279.430,flush_end,0,2744857
279.574,compaction_end,3,42992649
279.583,compaction_begin,2,0
279.924,compaction_end,2,5375835
279.937,compaction_begin,3,0
280.116,compaction_end,3,43367080
280.125,compaction_begin,3,0
280.287,compaction_end,3,43367079
280.297,compaction_begin,3,0
280.459,compaction_end,3,43367078
280.468,compaction_begin,3,0
280.627,compaction_end,3,43367082
280.637,compaction_begin,3,0
280.798,compaction_end,3,42992648
280.808,compaction_begin,3,0
280.970,compaction_end,3,42992648
280.979,compaction_begin,3,0
281.137,compaction_end,3,43367081
281.146,compaction_begin,3,0
281.304,compaction_end,3,43367079
281.313,compaction_begin,3,0
281.473,compaction_end,3,43367082
281.483,compaction_begin,3,0
281.642,compaction_end,3,43367078
281.652,compaction_begin,3,0
281.811,compaction_end,3,42992649
281.820,compaction_begin,3,0
281.939,compaction_end,3,32415986
281.949,compaction_begin,3,0
282.107,compaction_end,3,42618172
282.117,compaction_begin,3,0
282.274,compaction_end,3,42992648
282.284,compaction_begin,3,0
282.443,compaction_end,3,42992648
282.452,compaction_begin,3,0
282.608,compaction_end,3,43367078
282.618,compaction_begin,3,0
282.773,compaction_end,3,42992648
282.783,compaction_begin,3,0
282.942,compaction_end,3,43144571
282.951,compaction_begin,3,0
283.108,compaction_end,3,42992650
283.117,compaction_begin,3,0
283.834,compaction_end,3,42992650
283.843,compaction_begin,3,0
284.006,compaction_end,3,43367080
284.014,compaction_begin,3,0
284.167,compaction_end,3,42618173
284.175,compaction_begin,3,0
284.332,compaction_end,3,42992652
284.340,compaction_begin,3,0
284.818,flush_begin,0,0
284.829,flush_end,0,2744679
285.072,compaction_end,3,42992653
285.080,compaction_begin,2,0
285.416,compaction_end,2,5415884
285.437,compaction_begin,3,0
285.633,compaction_end,3,43367080
285.643,compaction_begin,3,0
285.799,compaction_end,3,43367082
285.807,compaction_begin,3,0
285.963,compaction_end,3,43367079
285.973,compaction_begin,3,0
286.134,compaction_end,3,42992648
286.143,compaction_begin,3,0
286.437,compaction_end,3,42992650
286.446,compaction_begin,3,0
286.601,compaction_end,3,42618171
286.610,compaction_begin,3,0
286.764,compaction_end,3,42618172
286.772,compaction_begin,3,0
286.931,compaction_end,3,43367081
286.940,compaction_begin,3,0
287.093,compaction_end,3,42992647
287.102,compaction_begin,3,0
287.257,compaction_end,3,42992650
287.267,compaction_begin,3,0
287.422,compaction_end,3,43367078
287.431,compaction_begin,3,0
287.586,compaction_end,3,43367078
287.596,compaction_begin,3,0
287.751,compaction_end,3,42992651
287.760,compaction_begin,3,0
287.916,compaction_end,3,43367079
287.926,compaction_begin,3,0
288.080,compaction_end,3,42992648
288.090,compaction_begin,3,0
288.245,compaction_end,3,42992648
288.255,compaction_begin,3,0
288.408,compaction_end,3,42532264
288.418,compaction_begin,3,0
288.573,compaction_end,3,42992648
288.583,compaction_begin,3,0
288.737,compaction_end,3,43144571
288.747,compaction_begin,3,0
289.454,compaction_end,3,42992653
289.463,compaction_begin,3,0
289.620,compaction_end,3,42992650
289.630,compaction_begin,3,0
289.785,compaction_end,3,43367078
289.794,compaction_begin,3,0
289.951,compaction_end,3,42992648
289.961,compaction_begin,3,0
290.127,compaction_end,3,43367080
290.138,compaction_begin,3,0
290.263,flush_begin,0,0
290.273,flush_end,0,2745063
290.320,compaction_end,3,43367080
290.329,compaction_begin,2,0
290.645,compaction_end,2,5506667
290.661,compaction_begin,3,0
290.854,compaction_end,3,43367080
290.864,compaction_begin,3,0
291.017,compaction_end,3,43367079
291.025,compaction_begin,3,0
291.179,compaction_end,3,43367082
291.189,compaction_begin,3,0
291.347,compaction_end,3,43367078
291.355,compaction_begin,3,0
291.512,compaction_end,3,42992650
291.522,compaction_begin,3,0
291.681,compaction_end,3,43367081
291.691,compaction_begin,3,0
291.851,compaction_end,3,42992648
291.861,compaction_begin,3,0
292.018,compaction_end,3,42992648
292.027,compaction_begin,3,0
292.192,compaction_end,3,43144571
292.201,compaction_begin,3,0
292.356,compaction_end,3,42532264
292.365,compaction_begin,3,0
292.521,compaction_end,3,43367078
292.530,compaction_begin,3,0
293.224,compaction_end,3,42992648
293.233,compaction_begin,3,0
293.392,compaction_end,3,43367078
293.401,compaction_begin,3,0
293.560,compaction_end,3,43367082
293.569,compaction_begin,3,0
293.724,compaction_end,3,42618173
293.734,compaction_begin,3,0
294.440,compaction_end,3,43367080
294.449,compaction_begin,3,0
294.569,compaction_end,3,32415986
294.578,compaction_begin,3,0
294.735,compaction_end,3,42992652
294.744,compaction_begin,3,0
294.903,compaction_end,3,42992648
294.911,compaction_begin,3,0
295.606,compaction_end,3,42992648
295.616,compaction_begin,3,0
295.682,flush_begin,0,0
295.692,flush_end,0,2744721
295.792,compaction_end,3,42992650
295.801,compaction_begin,2,0
296.110,compaction_end,2,5428421
296.124,compaction_begin,3,0
296.303,compaction_end,3,43367080
296.311,compaction_begin,3,0
296.462,compaction_end,3,43367079
296.471,compaction_begin,3,0
296.624,compaction_end,3,43367082
296.633,compaction_begin,3,0
296.792,compaction_end,3,43367081
296.801,compaction_begin,3,0
296.955,compaction_end,3,42992649
296.964,compaction_begin,3,0
297.118,compaction_end,3,42992651
297.127,compaction_begin,3,0
297.249,compaction_end,3,32415986
297.258,compaction_begin,3,0
297.414,compaction_end,3,42992648
297.424,compaction_begin,3,0
297.579,compaction_end,3,42992648
297.588,compaction_begin,3,0
297.747,compaction_end,3,42992648
297.756,compaction_begin,3,0
297.913,compaction_end,3,42992648
297.922,compaction_begin,3,0
298.077,compaction_end,3,42992647
298.085,compaction_begin,3,0
298.241,compaction_end,3,43367079
298.250,compaction_begin,3,0
298.407,compaction_end,3,42992648
298.415,compaction_begin,3,0
298.570,compaction_end,3,43367078
298.578,compaction_begin,3,0
298.731,compaction_end,3,42992648
298.740,compaction_begin,3,0
298.893,compaction_end,3,42992648
298.903,compaction_begin,3,0
299.059,compaction_end,3,42992652
299.070,compaction_begin,3,0
299.223,compaction_end,3,42992650
299.233,compaction_begin,3,0
299.389,compaction_end,3,43367078
299.398,compaction_begin,3,0
299.553,compaction_end,3,43367080
299.561,compaction_begin,3,0
299.715,compaction_end,3,42992650
299.724,compaction_begin,3,0
300.422,compaction_end,3,42618173
300.431,compaction_begin,3,0
300.586,compaction_end,3,43367080
300.595,compaction_begin,3,0
300.748,compaction_end,3,42618173
300.757,compaction_begin,3,0
301.102,flush_begin,0,0
301.112,flush_end,0,2744503
301.481,compaction_end,3,43367082
301.490,compaction_begin,2,0
301.802,compaction_end,2,5470115
301.814,compaction_begin,3,0
302.008,compaction_end,3,43367080
302.017,compaction_begin,3,0
302.169,compaction_end,3,43367082
302.178,compaction_begin,3,0
302.331,compaction_end,3,43367079
302.341,compaction_begin,3,0
302.498,compaction_end,3,43367079
302.507,compaction_begin,3,0
302.663,compaction_end,3,42992650
302.673,compaction_begin,3,0
302.828,compaction_end,3,43367078
302.837,compaction_begin,3,0
303.000,compaction_end,3,43367081
303.009,compaction_begin,3,0
303.165,compaction_end,3,42992648
303.175,compaction_begin,3,0
303.332,compaction_end,3,42618173
303.341,compaction_begin,3,0
303.502,compaction_end,3,42992648
303.511,compaction_begin,3,0
303.669,compaction_end,3,43367078
303.679,compaction_begin,3,0
303.839,compaction_end,3,43144571
303.848,compaction_begin,3,0
304.007,compaction_end,3,43367078
304.016,compaction_begin,3,0
304.171,compaction_end,3,42992649
304.181,compaction_begin,3,0
304.333,compaction_end,3,42532264
304.342,compaction_begin,3,0
304.494,compaction_end,3,42992648
304.504,compaction_begin,3,0
304.661,compaction_end,3,42992647
304.671,compaction_begin,3,0
304.827,compaction_end,3,42992648
304.837,compaction_begin,3,0
304.993,compaction_end,3,42618171
305.003,compaction_begin,3,0
305.734,compaction_end,3,42992649
305.744,compaction_begin,3,0
305.898,compaction_end,3,42618172
305.907,compaction_begin,3,0
306.066,compaction_end,3,42992651
306.076,compaction_begin,3,0
306.236,compaction_end,3,42992650
306.246,compaction_begin,3,0
306.521,flush_begin,0,0
306.530,flush_end,0,2744316
306.970,compaction_end,3,43367083
306.979,compaction_begin,2,0
307.312,compaction_end,2,5361514
307.328,compaction_begin,3,0
307.517,compaction_end,3,43367080
307.527,compaction_begin,3,0
307.682,compaction_end,3,43367079
307.691,compaction_begin,3,0
307.846,compaction_end,3,43367082
307.856,compaction_begin,3,0
308.012,compaction_end,3,43367078
308.022,compaction_begin,3,0
308.726,compaction_end,3,42992648
308.735,compaction_begin,3,0
308.894,compaction_end,3,43367079
308.903,compaction_begin,3,0
309.067,compaction_end,3,43367081
309.077,compaction_begin,3,0
309.238,compaction_end,3,42992648
309.248,compaction_begin,3,0
309.412,compaction_end,3,43367078
309.421,compaction_begin,3,0
309.585,compaction_end,3,42618173
309.599,compaction_begin,3,0
309.767,compaction_end,3,43367078
309.775,compaction_begin,3,0
309.933,compaction_end,3,42992651
309.943,compaction_begin,3,0
310.101,compaction_end,3,42992648
310.111,compaction_begin,3,0
310.271,compaction_end,3,42992648
310.281,compaction_begin,3,0
310.439,compaction_end,3,42618173
310.449,compaction_begin,3,0
310.612,compaction_end,3,42618172
310.622,compaction_begin,3,0
310.799,compaction_end,3,43367080
310.809,compaction_begin,3,0
310.937,compaction_end,3,32415986
310.947,compaction_begin,3,0
311.114,compaction_end,3,42992650
311.125,compaction_begin,3,0
311.294,compaction_end,3,42992650
311.302,compaction_begin,3,0
311.799,compaction_end,3,43367082
311.808,compaction_begin,3,0
311.977,compaction_end,3,43367082
311.987,compaction_begin,3,0
312.020,flush_begin,0,0
312.032,flush_end,0,2744535
312.173,compaction_end,3,42992649
312.181,compaction_begin,2,0
312.511,compaction_end,2,5478918
312.526,compaction_begin,3,0
312.724,compaction_end,3,43367080
312.734,compaction_begin,3,0
312.900,compaction_end,3,43367079
312.911,compaction_begin,3,0
313.074,compaction_end,3,43367082
313.083,compaction_begin,3,0
313.244,compaction_end,3,42992648
313.252,compaction_begin,3,0
313.417,compaction_end,3,43367081
313.426,compaction_begin,3,0
313.592,compaction_end,3,43367078
313.601,compaction_begin,3,0
313.767,compaction_end,3,42992648
313.775,compaction_begin,3,0
313.941,compaction_end,3,42992651
313.950,compaction_begin,3,0
314.120,compaction_end,3,43367078
314.128,compaction_begin,3,0
314.294,compaction_end,3,42992648
314.303,compaction_begin,3,0
314.470,compaction_end,3,42992649
314.479,compaction_begin,3,0
314.649,compaction_end,3,43367079
314.659,compaction_begin,3,0
314.826,compaction_end,3,42992650
314.836,compaction_begin,3,0
315.000,compaction_end,3,42992652
315.008,compaction_begin,3,0
315.172,compaction_end,3,43144571
315.181,compaction_begin,3,0
315.345,compaction_end,3,43367078
315.355,compaction_begin,3,0
315.519,compaction_end,3,42992648
315.527,compaction_begin,3,0
315.692,compaction_end,3,42618173
315.701,compaction_begin,3,0
315.868,compaction_end,3,42618171
315.877,compaction_begin,3,0
316.605,compaction_end,3,43367079
316.613,compaction_begin,3,0
316.879,compaction_end,3,42992648
316.888,compaction_begin,3,0
317.054,compaction_end,3,42992648
317.062,compaction_begin,3,0
317.228,compaction_end,3,42532264
317.238,compaction_begin,3,0
317.367,compaction_end,3,32415986
317.377,compaction_begin,3,0
317.453,flush_begin,0,0
317.464,flush_end,0,2744869
318.116,compaction_end,3,42992655
318.125,compaction_begin,2,0
318.451,compaction_end,2,5458184
318.464,compaction_begin,3,0
318.654,compaction_end,3,43367080
318.663,compaction_begin,3,0
318.820,compaction_end,3,43367078
318.828,compaction_begin,3,0
318.983,compaction_end,3,43367079
318.993,compaction_begin,3,0
319.149,compaction_end,3,43367082
319.159,compaction_begin,3,0
319.318,compaction_end,3,43367081
319.327,compaction_begin,3,0
319.486,compaction_end,3,43367078
319.496,compaction_begin,3,0
319.653,compaction_end,3,42992648
319.662,compaction_begin,3,0
319.821,compaction_end,3,42992648
319.831,compaction_begin,3,0
319.987,compaction_end,3,43144571
319.995,compaction_begin,3,0
320.173,compaction_end,3,42992649
320.182,compaction_begin,3,0
320.340,compaction_end,3,42618172
320.349,compaction_begin,3,0
320.508,compaction_end,3,43367082
320.516,compaction_begin,3,0
320.638,compaction_end,3,32415986
320.647,compaction_begin,3,0
321.354,compaction_end,3,42618172
321.363,compaction_begin,3,0
321.522,compaction_end,3,42992648
321.531,compaction_begin,3,0
321.900,compaction_end,3,42992649
321.908,compaction_begin,3,0
322.067,compaction_end,3,42992648
322.075,compaction_begin,3,0
322.233,compaction_end,3,42992648
322.243,compaction_begin,3,0
322.402,compaction_end,3,42992651
322.411,compaction_begin,3,0
322.572,compaction_end,3,42992650
322.580,compaction_begin,3,0
322.739,compaction_end,3,42992648
322.751,compaction_begin,3,0
322.872,flush_begin,0,0
322.882,flush_end,0,2744583
322.926,compaction_end,3,42992652
322.936,compaction_begin,2,0
323.263,compaction_end,2,5521970
323.277,compaction_begin,3,0
323.461,compaction_end,3,43367080
323.470,compaction_begin,3,0
323.625,compaction_end,3,43367079
323.634,compaction_begin,3,0
323.788,compaction_end,3,43367082
323.797,compaction_begin,3,0
323.963,compaction_end,3,42992650
323.973,compaction_begin,3,0
324.131,compaction_end,3,42992648
324.140,compaction_begin,3,0
324.298,compaction_end,3,42992648
324.306,compaction_begin,3,0
324.466,compaction_end,3,42992648
324.476,compaction_begin,3,0
324.633,compaction_end,3,43367078
324.643,compaction_begin,3,0
324.801,compaction_end,3,43367081
324.809,compaction_begin,3,0
324.967,compaction_end,3,43367078
324.977,compaction_begin,3,0
325.131,compaction_end,3,42992648
325.140,compaction_begin,3,0
325.295,compaction_end,3,42618171
325.304,compaction_begin,3,0
325.459,compaction_end,3,42992648
325.469,compaction_begin,3,0
325.628,compaction_end,3,43367078
325.636,compaction_begin,3,0
325.797,compaction_end,3,42992655
325.807,compaction_begin,3,0
325.966,compaction_end,3,42992651
325.976,compaction_begin,3,0
326.143,compaction_end,3,43367079
326.152,compaction_begin,3,0
326.320,compaction_end,3,42992652
326.334,compaction_begin,3,0
327.073,compaction_end,3,43367080
327.082,compaction_begin,3,0
327.242,compaction_end,3,42992648
327.251,compaction_begin,3,0
327.408,compaction_end,3,43367080
327.417,compaction_begin,3,0
327.574,compaction_end,3,42532264
327.584,compaction_begin,3,0
327.741,compaction_end,3,42992649
327.751,compaction_begin,3,0
327.911,compaction_end,3,42992650
327.920,compaction_begin,3,0
328.081,compaction_end,3,42992648
328.089,compaction_begin,3,0
328.223,flush_begin,0,0
328.233,flush_end,0,2744713
328.270,compaction_end,3,42618172
328.279,compaction_begin,2,0
328.598,compaction_end,2,5523695
328.611,compaction_begin,3,0
328.795,compaction_end,3,43367080
328.805,compaction_begin,3,0
328.961,compaction_end,3,43367079
328.971,compaction_begin,3,0
329.127,compaction_end,3,43367082
329.137,compaction_begin,3,0
329.294,compaction_end,3,42992651
329.303,compaction_begin,3,0
329.463,compaction_end,3,43367078
329.472,compaction_begin,3,0
329.630,compaction_end,3,43367079
329.639,compaction_begin,3,0
329.796,compaction_end,3,42992648
329.804,compaction_begin,3,0
329.963,compaction_end,3,43367081
329.972,compaction_begin,3,0
330.355,compaction_end,3,42992650
330.364,compaction_begin,3,0
330.523,compaction_end,3,42992648
330.533,compaction_begin,3,0
330.691,compaction_end,3,42992649
330.700,compaction_begin,3,0
330.859,compaction_end,3,42618172
330.869,compaction_begin,3,0
331.031,compaction_end,3,43367078
331.040,compaction_begin,3,0
331.201,compaction_end,3,42992648
331.211,compaction_begin,3,0
331.369,compaction_end,3,43367079
331.378,compaction_begin,3,0
331.537,compaction_end,3,42992650
331.546,compaction_begin,3,0
331.704,compaction_end,3,43367080
331.713,compaction_begin,3,0
331.871,compaction_end,3,42992648
331.880,compaction_begin,3,0
332.039,compaction_end,3,42992648
332.048,compaction_begin,3,0
332.204,compaction_end,3,42618171
332.214,compaction_begin,3,0
332.372,compaction_end,3,42992650
332.381,compaction_begin,3,0
332.504,compaction_end,3,32415986
332.513,compaction_begin,3,0
332.671,compaction_end,3,43367078
332.680,compaction_begin,3,0
332.838,compaction_end,3,42992655
332.849,compaction_begin,3,0
333.004,compaction_end,3,42618173
333.013,compaction_begin,3,0
333.169,compaction_end,3,43144571
333.178,compaction_begin,3,0
333.337,compaction_end,3,42532264
333.346,compaction_begin,3,0
333.503,compaction_end,3,42992648
333.513,compaction_begin,3,0
333.672,compaction_end,3,42618172
333.681,compaction_begin,3,0
333.696,flush_begin,0,0
333.706,flush_end,0,2744506
334.411,compaction_end,3,42992649
334.420,compaction_begin,2,0
334.750,compaction_end,2,5511790
334.766,compaction_begin,3,0
334.958,compaction_end,3,43367080
334.967,compaction_begin,3,0
335.127,compaction_end,3,43367079
335.138,compaction_begin,3,0
335.296,compaction_end,3,43367082
335.306,compaction_begin,3,0
335.467,compaction_end,3,43367081
335.477,compaction_begin,3,0
335.637,compaction_end,3,42992649
335.647,compaction_begin,3,0
335.808,compaction_end,3,43367078
335.819,compaction_begin,3,0
336.537,compaction_end,3,43367083
336.546,compaction_begin,3,0
336.708,compaction_end,3,43367080
336.718,compaction_begin,3,0
336.879,compaction_end,3,43367078
336.889,compaction_begin,3,0
337.046,compaction_end,3,42618172
337.055,compaction_begin,3,0
337.212,compaction_end,3,42992648
337.222,compaction_begin,3,0
337.382,compaction_end,3,42992648
337.390,compaction_begin,3,0
337.515,compaction_end,3,32415986
337.524,compaction_begin,3,0
337.684,compaction_end,3,42618171
337.693,compaction_begin,3,0
337.851,compaction_end,3,42992651
337.860,compaction_begin,3,0
338.026,compaction_end,3,42992648
338.035,compaction_begin,3,0
338.198,compaction_end,3,42992648
338.209,compaction_begin,3,0
338.374,compaction_end,3,42992650
338.384,compaction_begin,3,0
338.543,compaction_end,3,42532264
338.552,compaction_begin,3,0
339.182,flush_begin,0,0
339.193,flush_end,0,2744857
339.299,compaction_end,3,42618173
339.309,compaction_begin,2,0
339.667,compaction_end,2,5649321
339.682,compaction_begin,3,0
339.876,compaction_end,3,43367080
339.886,compaction_begin,3,0
340.041,compaction_end,3,43367079
340.051,compaction_begin,3,0
340.206,compaction_end,3,43367082
340.215,compaction_begin,3,0
340.375,compaction_end,3,43367078
340.384,compaction_begin,3,0
340.721,compaction_end,3,42992652
340.729,compaction_begin,3,0
340.887,compaction_end,3,43367081
340.896,compaction_begin,3,0
341.054,compaction_end,3,43367079
341.064,compaction_begin,3,0
341.228,compaction_end,3,42992651
341.237,compaction_begin,3,0
341.396,compaction_end,3,42992648
341.404,compaction_begin,3,0
341.559,compaction_end,3,42618172
341.569,compaction_begin,3,0
341.724,compaction_end,3,42618171
341.733,compaction_begin,3,0
341.891,compaction_end,3,43367078
341.900,compaction_begin,3,0
342.023,compaction_end,3,32415986
342.032,compaction_begin,3,0
342.192,compaction_end,3,43367083
342.201,compaction_begin,3,0
342.356,compaction_end,3,42992650
342.365,compaction_begin,3,0
342.523,compaction_end,3,42992648
342.531,compaction_begin,3,0
342.690,compaction_end,3,42992648
342.700,compaction_begin,3,0
342.857,compaction_end,3,42992648
342.867,compaction_begin,3,0
343.036,compaction_end,3,42992648
343.045,compaction_begin,3,0
343.202,compaction_end,3,42618173
343.212,compaction_begin,3,0
343.369,compaction_end,3,42992649
343.379,compaction_begin,3,0
343.535,compaction_end,3,42618172
343.543,compaction_begin,3,0
343.686,compaction_end,3,39030371
343.695,compaction_begin,3,0
344.431,compaction_end,3,42992649
344.439,compaction_begin,3,0
344.612,flush_begin,0,0
344.623,flush_end,0,2744678
345.163,compaction_end,3,43367085
345.173,compaction_begin,2,0
345.504,compaction_end,2,5465210
345.517,compaction_begin,3,0
345.705,compaction_end,3,43367080
345.714,compaction_begin,3,0
345.869,compaction_end,3,43367082
345.878,compaction_begin,3,0
346.034,compaction_end,3,43367079
346.043,compaction_begin,3,0
346.202,compaction_end,3,43367078
346.211,compaction_begin,3,0
346.371,compaction_end,3,43367078
346.381,compaction_begin,3,0
346.538,compaction_end,3,42992648
346.548,compaction_begin,3,0
346.705,compaction_end,3,42992651
346.714,compaction_begin,3,0
346.869,compaction_end,3,42618173
346.877,compaction_begin,3,0
347.034,compaction_end,3,43367080
347.044,compaction_begin,3,0
347.199,compaction_end,3,42992655
347.208,compaction_begin,3,0
347.364,compaction_end,3,42992650
347.373,compaction_begin,3,0
347.532,compaction_end,3,42992652
347.541,compaction_begin,3,0
347.700,compaction_end,3,43367085
347.709,compaction_begin,3,0
