t,type,level,bytes
-29.868,flush_begin,0,0
-29.857,flush_end,0,2686930
-29.848,flush_begin,0,0
-29.837,flush_end,0,2686931
-29.827,flush_begin,0,0
-29.816,flush_end,0,2686931
-29.806,flush_begin,0,0
-29.796,flush_end,0,2686931
-29.787,flush_begin,0,0
-29.776,flush_end,0,2686931
-29.767,flush_begin,0,0
-29.757,flush_end,0,2686930
-29.747,flush_begin,0,0
-29.737,flush_end,0,2686932
-29.727,flush_begin,0,0
-29.717,flush_end,0,2686930
-29.708,flush_begin,0,0
-29.698,flush_end,0,2686932
-29.689,flush_begin,0,0
-29.679,flush_end,0,2686930
-29.670,flush_begin,0,0
-29.660,flush_end,0,2686931
-29.650,flush_begin,0,0
-29.640,flush_end,0,2686931
-29.630,flush_begin,0,0
-29.619,flush_end,0,2686930
-29.609,flush_begin,0,0
-29.599,flush_end,0,2686932
-29.589,flush_begin,0,0
-29.578,flush_end,0,2686930
-29.569,flush_begin,0,0
-29.559,flush_end,0,2686931
-29.549,flush_begin,0,0
-29.537,flush_end,0,2686931
-29.527,flush_begin,0,0
-29.517,flush_end,0,2686931
-29.507,flush_begin,0,0
-29.497,flush_end,0,2686931
-29.487,flush_begin,0,0
-29.477,flush_end,0,2686931
-29.467,flush_begin,0,0
-29.456,flush_end,0,2686930
-29.447,flush_begin,0,0
-29.437,flush_end,0,2686933
-29.427,flush_begin,0,0
-29.417,flush_end,0,2686930
-29.407,flush_begin,0,0
-29.396,flush_end,0,2686932
-29.386,flush_begin,0,0
-29.376,flush_end,0,2686930
-29.366,flush_begin,0,0
-29.355,flush_end,0,2686930
-29.345,flush_begin,0,0
-29.335,flush_end,0,2686932
-29.325,flush_begin,0,0
-29.315,flush_end,0,2686930
-29.307,flush_begin,0,0
-29.296,flush_end,0,2686932
-29.287,flush_begin,0,0
-29.277,flush_end,0,2686930
-29.268,flush_begin,0,0
-29.257,flush_end,0,2686931
-29.247,flush_begin,0,0
-29.237,flush_end,0,2686931
-29.228,flush_begin,0,0
-29.217,flush_end,0,2686931
-29.208,flush_begin,0,0
-29.197,flush_end,0,2686931
-29.187,flush_begin,0,0
-29.175,flush_end,0,2686931
-29.165,flush_begin,0,0
-29.154,flush_end,0,2686930
-29.143,flush_begin,0,0
-29.132,flush_end,0,2686932
-29.122,flush_begin,0,0
-29.111,flush_end,0,2686930
-29.101,flush_begin,0,0
-29.090,flush_end,0,2686931
-29.080,flush_begin,0,0
-29.069,flush_end,0,2686931
-29.052,trivial_move,3,2686930
-29.051,flush_begin,0,0
-29.040,flush_end,0,2686930
-29.025,trivial_move,3,2686931
-29.024,flush_begin,0,0
-29.012,flush_end,0,2686932
-28.996,trivial_move,3,2686931
-28.995,flush_begin,0,0
-28.983,flush_end,0,2686930
-28.966,trivial_move,3,2686931
-28.964,flush_begin,0,0
-28.953,flush_end,0,2686933
-28.937,trivial_move,3,2686931
-28.936,flush_begin,0,0
-28.924,flush_end,0,2686930
-28.908,trivial_move,3,2686930
-28.906,flush_begin,0,0
-28.894,flush_end,0,2686931
-28.877,trivial_move,3,2686932
-28.876,flush_begin,0,0
-28.864,flush_end,0,2686931
-28.848,trivial_move,3,2686930
-28.846,flush_begin,0,0
-28.834,flush_end,0,2686931
-28.818,trivial_move,3,2686932
-28.816,flush_begin,0,0
-28.803,flush_end,0,2686931
-28.787,trivial_move,3,2686930
-28.785,flush_begin,0,0
-28.771,flush_end,0,2686930
-28.755,trivial_move,3,2686931
-28.754,flush_begin,0,0
-28.740,flush_end,0,2686930
-28.724,trivial_move,3,2686931
-28.722,flush_begin,0,0
-28.708,flush_end,0,2686931
-28.691,trivial_move,3,2686930
-28.689,flush_begin,0,0
-28.675,flush_end,0,2686931
-28.659,trivial_move,3,2686932
-28.657,flush_begin,0,0
-28.644,flush_end,0,2686931
-28.628,trivial_move,3,2686930
-28.626,flush_begin,0,0
-28.613,flush_end,0,2686931
-28.597,trivial_move,3,2686931
-28.595,flush_begin,0,0
-28.582,flush_end,0,2686930
-28.566,trivial_move,3,2686931
-28.564,flush_begin,0,0
-28.550,flush_end,0,2686932
-28.535,trivial_move,3,2686931
-28.533,flush_begin,0,0
-28.520,flush_end,0,2686930
-28.503,trivial_move,3,2686931
-28.501,flush_begin,0,0
-28.489,flush_end,0,2686932
-28.473,trivial_move,3,2686931
-28.471,flush_begin,0,0
-28.457,flush_end,0,2686930
-28.441,trivial_move,3,2686930
-28.439,flush_begin,0,0
-28.426,flush_end,0,2686931
-28.410,trivial_move,3,2686933
-28.408,flush_begin,0,0
-28.395,flush_end,0,2686931
-28.379,trivial_move,3,2686930
-28.378,flush_begin,0,0
-28.365,flush_end,0,2686930
-28.349,trivial_move,3,2686932
-28.347,flush_begin,0,0
-28.334,flush_end,0,2686932
-28.317,trivial_move,3,2686930
-28.315,flush_begin,0,0
-28.302,flush_end,0,2686930
-28.286,trivial_move,3,2686930
-28.284,flush_begin,0,0
-28.271,flush_end,0,2686932
-28.255,trivial_move,3,2686932
-28.253,flush_begin,0,0
-28.238,flush_end,0,2686931
-28.222,trivial_move,3,2686930
-28.219,flush_begin,0,0
-28.205,flush_end,0,2686931
-28.189,trivial_move,3,2686932
-28.187,flush_begin,0,0
-28.173,flush_end,0,2686931
-28.157,trivial_move,3,2686930
-28.155,flush_begin,0,0
-28.142,flush_end,0,2686931
-28.125,trivial_move,3,2686931
-28.123,flush_begin,0,0
-28.109,flush_end,0,2686930
-28.093,trivial_move,3,2686931
-28.090,flush_begin,0,0
-28.075,flush_end,0,2686932
-28.060,trivial_move,3,2686931
-28.057,flush_begin,0,0
-28.043,flush_end,0,2686930
-28.027,trivial_move,3,2686931
-28.024,flush_begin,0,0
-28.010,flush_end,0,2686932
-27.994,trivial_move,3,2686931
-27.992,flush_begin,0,0
-27.978,flush_end,0,2686930
-27.962,trivial_move,3,2686930
-27.960,flush_begin,0,0
-27.946,flush_end,0,2686930
-27.930,trivial_move,3,2686932
-27.928,flush_begin,0,0
-27.913,flush_end,0,2686932
-27.898,trivial_move,3,2686930
-27.896,flush_begin,0,0
-27.882,flush_end,0,2686930
-27.866,trivial_move,3,2686931
-27.864,flush_begin,0,0
-27.850,flush_end,0,2686932
-27.833,trivial_move,3,2686931
-27.831,flush_begin,0,0
-27.817,flush_end,0,2686930
-27.801,trivial_move,3,2686930
-27.799,flush_begin,0,0
-27.784,flush_end,0,2686931
-27.768,trivial_move,3,2686932
-27.767,flush_begin,0,0
-27.752,flush_end,0,2686931
-27.737,trivial_move,3,2686930
-27.735,flush_begin,0,0
-27.721,flush_end,0,2686931
-27.705,trivial_move,3,2686933
-27.703,flush_begin,0,0
-27.689,flush_end,0,2686931
-27.673,trivial_move,3,2686930
-27.671,flush_begin,0,0
-27.657,flush_end,0,2686931
-27.641,trivial_move,3,2686931
-27.639,flush_begin,0,0
-27.625,flush_end,0,2686930
-27.609,trivial_move,3,2686931
-27.607,flush_begin,0,0
-27.593,flush_end,0,2686933
-27.578,trivial_move,3,2686931
-27.576,flush_begin,0,0
-27.562,flush_end,0,2686930
-27.546,trivial_move,3,2686931
-27.545,flush_begin,0,0
-27.531,flush_end,0,2686931
-27.515,trivial_move,3,2686930
-27.514,flush_begin,0,0
-27.500,flush_end,0,2686931
-27.484,trivial_move,3,2686930
-27.483,flush_begin,0,0
-27.469,flush_end,0,2686930
-27.453,trivial_move,3,2686931
-27.451,flush_begin,0,0
-27.438,flush_end,0,2686932
-27.422,trivial_move,3,2686931
-27.421,flush_begin,0,0
-27.407,flush_end,0,2686930
-27.391,trivial_move,3,2686931
-27.390,flush_begin,0,0
-27.377,flush_end,0,2686932
-27.361,trivial_move,3,2686931
-27.360,flush_begin,0,0
-27.347,flush_end,0,2686930
-27.331,trivial_move,3,2686930
-27.329,flush_begin,0,0
-27.316,flush_end,0,2686931
-27.300,trivial_move,3,2686932
-27.298,flush_begin,0,0
-27.285,flush_end,0,2686931
-27.269,trivial_move,3,2686930
-27.268,flush_begin,0,0
-27.255,flush_end,0,2686931
-27.239,trivial_move,3,2686932
-27.237,flush_begin,0,0
-27.224,flush_end,0,2686931
-27.208,trivial_move,3,2686930
-27.206,flush_begin,0,0
-27.192,flush_end,0,2686930
-27.177,trivial_move,3,2686931
-27.175,flush_begin,0,0
-27.162,flush_end,0,2686930
-27.146,trivial_move,3,2686931
-27.144,flush_begin,0,0
-27.130,flush_end,0,2686931
-27.114,trivial_move,3,2686930
-27.113,flush_begin,0,0
-27.098,flush_end,0,2686931
-27.082,trivial_move,3,2686932
-27.080,flush_begin,0,0
-27.065,flush_end,0,2686931
-27.050,trivial_move,3,2686930
-27.048,flush_begin,0,0
-27.033,flush_end,0,2686931
-27.018,trivial_move,3,2686932
-27.016,flush_begin,0,0
-27.001,flush_end,0,2686930
-26.986,trivial_move,3,2686931
-26.984,flush_begin,0,0
-26.968,flush_end,0,2686932
-26.953,trivial_move,3,2686931
-26.951,flush_begin,0,0
-26.936,flush_end,0,2686930
-26.921,trivial_move,3,2686931
-26.919,flush_begin,0,0
-26.904,flush_end,0,2686933
-26.888,trivial_move,3,2686931
-26.886,flush_begin,0,0
-26.871,flush_end,0,2686930
-26.855,trivial_move,3,2686930
-26.854,flush_begin,0,0
-26.839,flush_end,0,2686931
-26.823,trivial_move,3,2686932
-26.822,flush_begin,0,0
-26.806,flush_end,0,2686931
-26.791,trivial_move,3,2686930
-26.789,flush_begin,0,0
-26.774,flush_end,0,2686930
-26.759,trivial_move,3,2686932
-26.757,flush_begin,0,0
-26.743,flush_end,0,2686932
-26.727,trivial_move,3,2686930
-26.725,flush_begin,0,0
-26.712,flush_end,0,2686930
-26.696,trivial_move,3,2686930
-26.694,flush_begin,0,0
-26.680,flush_end,0,2686931
-26.664,trivial_move,3,2686932
-26.663,flush_begin,0,0
-26.649,flush_end,0,2686931
-26.633,trivial_move,3,2686930
-26.633,flush_begin,0,0
-26.621,flush_end,0,2686931
-26.605,trivial_move,3,2686932
-26.604,flush_begin,0,0
-26.592,flush_end,0,2686931
-26.576,trivial_move,3,2686930
-26.575,flush_begin,0,0
-26.563,flush_end,0,2686931
-26.547,trivial_move,3,2686931
-26.546,flush_begin,0,0
-26.533,flush_end,0,2686930
-26.517,trivial_move,3,2686931
-26.516,flush_begin,0,0
-26.502,flush_end,0,2686932
-26.487,trivial_move,3,2686931
-26.486,flush_begin,0,0
-26.472,flush_end,0,2686930
-26.456,trivial_move,3,2686931
-26.455,flush_begin,0,0
-26.441,flush_end,0,2686932
-26.425,trivial_move,3,2686931
-26.423,flush_begin,0,0
-26.409,flush_end,0,2686930
-26.394,trivial_move,3,2686930
-26.393,flush_begin,0,0
-26.379,flush_end,0,2686930
-26.364,trivial_move,3,2686933
-26.362,flush_begin,0,0
-26.347,flush_end,0,2686932
-26.332,trivial_move,3,2686930
-26.331,flush_begin,0,0
-26.316,flush_end,0,2686930
-26.300,trivial_move,3,2686931
-26.298,flush_begin,0,0
-26.283,flush_end,0,2686932
-26.268,trivial_move,3,2686931
-26.267,flush_begin,0,0
-26.251,flush_end,0,2686930
-26.236,trivial_move,3,2686930
-26.234,flush_begin,0,0
-26.218,flush_end,0,2686932
-26.202,trivial_move,3,2686932
-26.200,flush_begin,0,0
-26.185,flush_end,0,2686931
-26.169,trivial_move,3,2686930
-26.167,flush_begin,0,0
-26.153,flush_end,0,2686931
-26.137,trivial_move,3,2686932
-26.136,flush_begin,0,0
-26.120,flush_end,0,2686931
-26.104,trivial_move,3,2686930
-26.102,flush_begin,0,0
-26.086,flush_end,0,2686931
-26.071,trivial_move,3,2686931
-26.069,flush_begin,0,0
-26.054,flush_end,0,2686930
-26.038,trivial_move,3,2686931
-26.036,flush_begin,0,0
-26.021,flush_end,0,2686932
-26.006,trivial_move,3,2686931
-26.004,flush_begin,0,0
-25.991,flush_end,0,2686930
-25.975,trivial_move,3,2686931
-25.973,flush_begin,0,0
-25.958,flush_end,0,2686931
-25.942,trivial_move,3,2686930
-25.940,flush_begin,0,0
-25.925,flush_end,0,2686931
-25.909,trivial_move,3,2686930
-25.906,flush_begin,0,0
-25.891,flush_end,0,2686930
-25.875,trivial_move,3,2686931
-25.873,flush_begin,0,0
-25.858,flush_end,0,2686932
-25.843,trivial_move,3,2686931
-25.841,flush_begin,0,0
-25.826,flush_end,0,2686930
-25.810,trivial_move,3,2686931
-25.808,flush_begin,0,0
-25.792,flush_end,0,2686932
-25.777,trivial_move,3,2686931
-25.775,flush_begin,0,0
-25.760,flush_end,0,2686930
-25.744,trivial_move,3,2686930
-25.742,flush_begin,0,0
-25.726,flush_end,0,2686931
-25.711,trivial_move,3,2686932
-25.710,flush_begin,0,0
-25.686,flush_end,0,2686931
-25.671,trivial_move,3,2686930
-25.670,flush_begin,0,0
-25.654,flush_end,0,2686931
-25.639,trivial_move,3,2686933
-25.637,flush_begin,0,0
-25.622,flush_end,0,2686931
-25.607,trivial_move,3,2686930
-25.605,flush_begin,0,0
-25.592,flush_end,0,2686930
-25.576,trivial_move,3,2686931
-25.575,flush_begin,0,0
-25.560,flush_end,0,2686930
-25.544,trivial_move,3,2686931
-25.542,flush_begin,0,0
-25.528,flush_end,0,2686931
-25.513,trivial_move,3,2686930
-25.511,flush_begin,0,0
-25.496,flush_end,0,2686932
-25.481,trivial_move,3,2686932
-25.480,flush_begin,0,0
-25.465,flush_end,0,2686931
-25.448,trivial_move,3,2686930
-25.446,flush_begin,0,0
-25.432,flush_end,0,2686931
-25.417,trivial_move,3,2686931
-25.415,flush_begin,0,0
-25.403,flush_end,0,2686930
-25.387,trivial_move,3,2686931
-25.386,flush_begin,0,0
-25.373,flush_end,0,2686932
-25.357,trivial_move,3,2686931
-25.357,flush_begin,0,0
-25.344,flush_end,0,2686930
-25.328,trivial_move,3,2686931
-25.327,flush_begin,0,0
-25.315,flush_end,0,2686932
-25.299,trivial_move,3,2686931
-25.298,flush_begin,0,0
-25.283,flush_end,0,2686930
-25.268,trivial_move,3,2686930
-25.267,flush_begin,0,0
-25.252,flush_end,0,2686931
-25.237,trivial_move,3,2686932
-25.235,flush_begin,0,0
-25.222,flush_end,0,2686931
-25.206,trivial_move,3,2686930
-25.205,flush_begin,0,0
-25.190,flush_end,0,2686930
-25.175,trivial_move,3,2686932
-25.174,flush_begin,0,0
-25.160,flush_end,0,2686932
-25.144,trivial_move,3,2686930
-25.143,flush_begin,0,0
-25.128,flush_end,0,2686930
-25.113,trivial_move,3,2686930
-25.111,flush_begin,0,0
-25.097,flush_end,0,2686931
-25.082,trivial_move,3,2686932
-25.080,flush_begin,0,0
-25.066,flush_end,0,2686931
-25.051,trivial_move,3,2686930
-25.050,flush_begin,0,0
-25.035,flush_end,0,2686931
-25.020,trivial_move,3,2686932
-25.018,flush_begin,0,0
-25.003,flush_end,0,2686931
-24.988,trivial_move,3,2686930
-24.986,flush_begin,0,0
-24.971,flush_end,0,2686931
-24.955,trivial_move,3,2686932
-24.953,flush_begin,0,0
-24.938,flush_end,0,2686930
-24.922,trivial_move,3,2686931
-24.920,flush_begin,0,0
-24.907,flush_end,0,2686932
-24.891,trivial_move,3,2686931
-24.888,flush_begin,0,0
-24.873,flush_end,0,2686930
-24.858,trivial_move,3,2686931
-24.856,flush_begin,0,0
-24.841,flush_end,0,2686933
-24.826,trivial_move,3,2686931
-24.824,flush_begin,0,0
-24.811,flush_end,0,2686930
-24.795,trivial_move,3,2686930
-24.793,flush_begin,0,0
-24.779,flush_end,0,2686930
-24.759,trivial_move,3,2686932
-24.758,flush_begin,0,0
-24.743,flush_end,0,2686932
-24.727,trivial_move,3,2686930
-24.726,flush_begin,0,0
-24.710,flush_end,0,2686930
-24.695,trivial_move,3,2686931
-24.694,flush_begin,0,0
-24.678,flush_end,0,2686932
-24.663,trivial_move,3,2686931
-24.662,flush_begin,0,0
-24.645,flush_end,0,2686930
-24.630,trivial_move,3,2686930
-24.630,flush_begin,0,0
-24.617,flush_end,0,2686931
-24.601,trivial_move,3,2686932
-24.600,flush_begin,0,0
-24.585,flush_end,0,2686931
-24.570,trivial_move,3,2686930
-24.569,flush_begin,0,0
-24.554,flush_end,0,2686931
-24.539,trivial_move,3,2686932
-24.538,flush_begin,0,0
-24.522,flush_end,0,2686931
-24.506,trivial_move,3,2686930
-24.504,flush_begin,0,0
-24.490,flush_end,0,2686931
-24.475,trivial_move,3,2686931
-24.473,flush_begin,0,0
-24.458,flush_end,0,2686930
-24.443,trivial_move,3,2686931
-24.441,flush_begin,0,0
-24.426,flush_end,0,2686932
-24.409,trivial_move,3,2686931
-24.408,flush_begin,0,0
-24.392,flush_end,0,2686930
-24.377,trivial_move,3,2686931
-24.375,flush_begin,0,0
-24.360,flush_end,0,2686931
-24.344,trivial_move,3,2686930
-24.343,flush_begin,0,0
-24.327,flush_end,0,2686931
-24.312,trivial_move,3,2686930
-24.310,flush_begin,0,0
-24.296,flush_end,0,2686930
-24.280,trivial_move,3,2686931
-24.278,flush_begin,0,0
-24.262,flush_end,0,2686932
-24.246,trivial_move,3,2686932
-24.244,flush_begin,0,0
-24.228,flush_end,0,2686930
-24.213,trivial_move,3,2686931
-24.211,flush_begin,0,0
-24.195,flush_end,0,2686932
-24.179,trivial_move,3,2686931
-24.177,flush_begin,0,0
-24.162,flush_end,0,2686930
-24.147,trivial_move,3,2686930
-24.144,flush_begin,0,0
-24.130,flush_end,0,2686932
-24.115,trivial_move,3,2686932
-24.113,flush_begin,0,0
-24.098,flush_end,0,2686931
-24.082,trivial_move,3,2686930
-24.081,flush_begin,0,0
-24.066,flush_end,0,2686931
-24.051,trivial_move,3,2686932
-24.050,flush_begin,0,0
-24.035,flush_end,0,2686931
-24.020,trivial_move,3,2686930
-24.018,flush_begin,0,0
-24.003,flush_end,0,2686930
-23.987,trivial_move,3,2686931
-23.985,flush_begin,0,0
-23.970,flush_end,0,2686930
-23.955,trivial_move,3,2686931
-23.952,flush_begin,0,0
-23.937,flush_end,0,2686931
-23.922,trivial_move,3,2686930
-23.920,flush_begin,0,0
-23.906,flush_end,0,2686931
-23.890,trivial_move,3,2686932
-23.888,flush_begin,0,0
-23.873,flush_end,0,2686931
-23.856,trivial_move,3,2686930
-23.854,flush_begin,0,0
-23.840,flush_end,0,2686931
-23.824,trivial_move,3,2686931
-23.821,flush_begin,0,0
-23.806,flush_end,0,2686930
-23.790,trivial_move,3,2686931
-23.787,flush_begin,0,0
-23.772,flush_end,0,2686932
-23.757,trivial_move,3,2686931
-23.755,flush_begin,0,0
-23.741,flush_end,0,2686930
-23.725,trivial_move,3,2686931
-23.722,flush_begin,0,0
-23.708,flush_end,0,2686932
-23.692,trivial_move,3,2686931
-23.690,flush_begin,0,0
-23.678,flush_end,0,2686930
-23.662,trivial_move,3,2686930
-23.662,flush_begin,0,0
-23.651,flush_end,0,2686931
-23.632,trivial_move,3,2686932
-23.632,flush_begin,0,0
-23.621,flush_end,0,2686931
-23.605,trivial_move,3,2686930
-23.605,flush_begin,0,0
-23.594,flush_end,0,2686930
-23.578,trivial_move,3,2686933
-23.578,flush_begin,0,0
-23.567,flush_end,0,2686932
-23.551,trivial_move,3,2686930
-23.551,flush_begin,0,0
-23.539,flush_end,0,2686930
-23.522,trivial_move,3,2686930
-23.522,flush_begin,0,0
-23.510,flush_end,0,2686931
-23.494,trivial_move,3,2686932
-23.493,flush_begin,0,0
-23.481,flush_end,0,2686931
-23.465,trivial_move,3,2686930
-23.464,flush_begin,0,0
-23.451,flush_end,0,2686933
-23.435,trivial_move,3,2686932
-23.433,flush_begin,0,0
-23.420,flush_end,0,2686931
-23.404,trivial_move,3,2686930
-23.403,flush_begin,0,0
-23.390,flush_end,0,2686931
-23.374,trivial_move,3,2686931
-23.372,flush_begin,0,0
-23.359,flush_end,0,2686930
-23.343,trivial_move,3,2686931
-23.341,flush_begin,0,0
-23.327,flush_end,0,2686932
-23.312,trivial_move,3,2686931
-23.310,flush_begin,0,0
-23.296,flush_end,0,2686930
-23.280,trivial_move,3,2686931
-23.277,flush_begin,0,0
-23.263,flush_end,0,2686932
-23.247,trivial_move,3,2686931
-23.246,flush_begin,0,0
-23.232,flush_end,0,2686930
-23.216,trivial_move,3,2686930
-23.214,flush_begin,0,0
-23.199,flush_end,0,2686930
-23.184,trivial_move,3,2686932
-23.182,flush_begin,0,0
-23.166,flush_end,0,2686932
-23.151,trivial_move,3,2686930
-23.150,flush_begin,0,0
-23.135,flush_end,0,2686930
-23.120,trivial_move,3,2686931
-23.118,flush_begin,0,0
-23.104,flush_end,0,2686932
-23.088,trivial_move,3,2686931
-23.086,flush_begin,0,0
-23.071,flush_end,0,2686930
-23.056,trivial_move,3,2686930
-23.054,flush_begin,0,0
-23.038,flush_end,0,2686931
-23.023,trivial_move,3,2686932
-23.021,flush_begin,0,0
-23.008,flush_end,0,2686931
-22.992,trivial_move,3,2686930
-22.990,flush_begin,0,0
-22.976,flush_end,0,2686931
-22.960,trivial_move,3,2686932
-22.959,flush_begin,0,0
-22.945,flush_end,0,2686931
-22.928,trivial_move,3,2686930
-22.926,flush_begin,0,0
-22.911,flush_end,0,2686931
-22.896,trivial_move,3,2686932
-22.894,flush_begin,0,0
-22.880,flush_end,0,2686930
-22.864,trivial_move,3,2686931
-22.862,flush_begin,0,0
-22.847,flush_end,0,2686932
-22.831,trivial_move,3,2686931
-22.830,flush_begin,0,0
-22.814,flush_end,0,2686930
-22.799,trivial_move,3,2686931
-22.797,flush_begin,0,0
-22.783,flush_end,0,2686931
-22.766,trivial_move,3,2686930
-22.765,flush_begin,0,0
-22.749,flush_end,0,2686932
-22.734,trivial_move,3,2686930
-22.732,flush_begin,0,0
-22.716,flush_end,0,2686930
-22.701,trivial_move,3,2686931
-22.699,flush_begin,0,0
-22.684,flush_end,0,2686932
-22.667,trivial_move,3,2686931
-22.665,flush_begin,0,0
-22.649,flush_end,0,2686930
-22.634,trivial_move,3,2686931
-22.633,flush_begin,0,0
-22.618,flush_end,0,2686932
-22.602,trivial_move,3,2686931
-22.600,flush_begin,0,0
-22.586,flush_end,0,2686930
-22.570,trivial_move,3,2686930
-22.568,flush_begin,0,0
-22.554,flush_end,0,2686931
-22.539,trivial_move,3,2686932
-22.538,flush_begin,0,0
-22.525,flush_end,0,2686931
-22.509,trivial_move,3,2686930
-22.508,flush_begin,0,0
-22.494,flush_end,0,2686931
-22.479,trivial_move,3,2686932
-22.478,flush_begin,0,0
-22.464,flush_end,0,2686931
-22.449,trivial_move,3,2686930
-22.448,flush_begin,0,0
-22.435,flush_end,0,2686930
-22.417,trivial_move,3,2686931
-22.416,flush_begin,0,0
-22.401,flush_end,0,2686930
-22.385,trivial_move,3,2686931
-22.383,flush_begin,0,0
-22.369,flush_end,0,2686931
-22.354,trivial_move,3,2686930
-22.353,flush_begin,0,0
-22.340,flush_end,0,2686931
-22.323,trivial_move,3,2686932
-22.322,flush_begin,0,0
-22.307,flush_end,0,2686931
-22.292,trivial_move,3,2686930
-22.290,flush_begin,0,0
-22.277,flush_end,0,2686931
-22.261,trivial_move,3,2686931
-22.259,flush_begin,0,0
-22.245,flush_end,0,2686930
-22.229,trivial_move,3,2686931
-22.227,flush_begin,0,0
-22.214,flush_end,0,2686932
-22.197,trivial_move,3,2686933
-22.195,flush_begin,0,0
-22.182,flush_end,0,2686930
-22.165,trivial_move,3,2686931
-22.164,flush_begin,0,0
-22.149,flush_end,0,2686932
-22.134,trivial_move,3,2686931
-22.132,flush_begin,0,0
-22.118,flush_end,0,2686930
-22.102,trivial_move,3,2686930
-22.100,flush_begin,0,0
-22.086,flush_end,0,2686932
-22.069,trivial_move,3,2686932
-22.068,flush_begin,0,0
-22.054,flush_end,0,2686931
-22.038,trivial_move,3,2686930
-22.036,flush_begin,0,0
-22.021,flush_end,0,2686930
-22.006,trivial_move,3,2686932
-22.004,flush_begin,0,0
-21.990,flush_end,0,2686932
-21.974,trivial_move,3,2686930
-21.972,flush_begin,0,0
-21.958,flush_end,0,2686930
-21.942,trivial_move,3,2686930
-21.940,flush_begin,0,0
-21.925,flush_end,0,2686931
-21.909,trivial_move,3,2686932
-21.907,flush_begin,0,0
-21.893,flush_end,0,2686931
-21.877,trivial_move,3,2686930
-21.876,flush_begin,0,0
-21.862,flush_end,0,2686931
-21.846,trivial_move,3,2686932
-21.845,flush_begin,0,0
-21.831,flush_end,0,2686931
-21.815,trivial_move,3,2686930
-21.814,flush_begin,0,0
-21.799,flush_end,0,2686931
-21.784,trivial_move,3,2686931
-21.783,flush_begin,0,0
-21.768,flush_end,0,2686930
-21.753,trivial_move,3,2686931
-21.752,flush_begin,0,0
-21.736,flush_end,0,2686932
-21.721,trivial_move,3,2686931
-21.720,flush_begin,0,0
-21.705,flush_end,0,2686930
-21.689,trivial_move,3,2686931
-21.688,flush_begin,0,0
-21.672,flush_end,0,2686932
-21.657,trivial_move,3,2686931
-21.655,flush_begin,0,0
-21.639,flush_end,0,2686930
-21.623,trivial_move,3,2686930
-21.622,flush_begin,0,0
-21.606,flush_end,0,2686930
-21.589,trivial_move,3,2686932
-21.587,flush_begin,0,0
-21.570,flush_end,0,2686932
-21.555,trivial_move,3,2686930
-21.553,flush_begin,0,0
-21.538,flush_end,0,2686930
-21.522,trivial_move,3,2686931
-21.520,flush_begin,0,0
-21.504,flush_end,0,2686932
-21.488,trivial_move,3,2686932
-21.487,flush_begin,0,0
-21.472,flush_end,0,2686930
-21.456,trivial_move,3,2686930
-21.454,flush_begin,0,0
-21.439,flush_end,0,2686931
-21.423,trivial_move,3,2686932
-21.421,flush_begin,0,0
-21.405,flush_end,0,2686931
-21.390,trivial_move,3,2686930
-21.388,flush_begin,0,0
-21.374,flush_end,0,2686932
-21.359,trivial_move,3,2686932
-21.357,flush_begin,0,0
-21.342,flush_end,0,2686931
-21.327,trivial_move,3,2686930
-21.326,flush_begin,0,0
-21.312,flush_end,0,2686931
-21.296,trivial_move,3,2686931
-21.294,flush_begin,0,0
-21.280,flush_end,0,2686930
-21.264,trivial_move,3,2686931
-21.262,flush_begin,0,0
-21.248,flush_end,0,2686932
-21.232,trivial_move,3,2686931
-21.230,flush_begin,0,0
-21.215,flush_end,0,2686930
-21.199,trivial_move,3,2686931
-21.197,flush_begin,0,0
-21.182,flush_end,0,2686931
-21.167,trivial_move,3,2686930
-21.165,flush_begin,0,0
-21.148,flush_end,0,2686931
-21.132,trivial_move,3,2686930
-21.131,flush_begin,0,0
-21.115,flush_end,0,2686930
-21.099,trivial_move,3,2686931
-21.098,flush_begin,0,0
-21.082,flush_end,0,2686932
-21.067,trivial_move,3,2686931
-21.065,flush_begin,0,0
-21.049,flush_end,0,2686930
-21.034,trivial_move,3,2686931
-21.032,flush_begin,0,0
-21.017,flush_end,0,2686932
-21.001,trivial_move,3,2686931
-20.999,flush_begin,0,0
-20.984,flush_end,0,2686930
-20.968,trivial_move,3,2686930
-20.966,flush_begin,0,0
-20.951,flush_end,0,2686931
-20.935,trivial_move,3,2686932
-20.933,flush_begin,0,0
-20.919,flush_end,0,2686931
-20.903,trivial_move,3,2686930
-20.902,flush_begin,0,0
-20.886,flush_end,0,2686931
-20.870,trivial_move,3,2686932
-20.868,flush_begin,0,0
-20.854,flush_end,0,2686931
-20.838,trivial_move,3,2686930
-20.836,flush_begin,0,0
-20.820,flush_end,0,2686930
-20.805,trivial_move,3,2686932
-20.803,flush_begin,0,0
-20.786,flush_end,0,2686930
-20.771,trivial_move,3,2686931
-20.769,flush_begin,0,0
-20.753,flush_end,0,2686931
-20.738,trivial_move,3,2686930
-20.736,flush_begin,0,0
-20.720,flush_end,0,2686931
-20.705,trivial_move,3,2686932
-20.703,flush_begin,0,0
-20.687,flush_end,0,2686931
-20.672,trivial_move,3,2686930
-20.670,flush_begin,0,0
-20.656,flush_end,0,2686932
-20.640,trivial_move,3,2686931
-20.639,flush_begin,0,0
-20.624,flush_end,0,2686930
-20.608,trivial_move,3,2686931
-20.606,flush_begin,0,0
-20.592,flush_end,0,2686932
-20.576,trivial_move,3,2686931
-20.574,flush_begin,0,0
-20.559,flush_end,0,2686930
-20.543,trivial_move,3,2686931
-20.541,flush_begin,0,0
-20.527,flush_end,0,2686932
-20.511,trivial_move,3,2686931
-20.509,flush_begin,0,0
-20.494,flush_end,0,2686930
-20.479,trivial_move,3,2686930
-20.477,flush_begin,0,0
-20.461,flush_end,0,2686931
-20.446,trivial_move,3,2686932
-20.444,flush_begin,0,0
-20.429,flush_end,0,2686931
-20.413,trivial_move,3,2686930
-20.411,flush_begin,0,0
-20.396,flush_end,0,2686930
-20.379,trivial_move,3,2686932
-20.377,flush_begin,0,0
-20.362,flush_end,0,2686932
-20.345,trivial_move,3,2686930
-20.343,flush_begin,0,0
-20.328,flush_end,0,2686930
-20.311,trivial_move,3,2686930
-20.309,flush_begin,0,0
-20.294,flush_end,0,2686931
-20.279,trivial_move,3,2686932
-20.277,flush_begin,0,0
-20.261,flush_end,0,2686931
-20.245,trivial_move,3,2686930
-20.243,flush_begin,0,0
-20.228,flush_end,0,2686931
-20.212,trivial_move,3,2686932
-20.211,flush_begin,0,0
-20.195,flush_end,0,2686931
-20.180,trivial_move,3,2686930
-20.178,flush_begin,0,0
-20.164,flush_end,0,2686931
-20.147,trivial_move,3,2686931
-20.145,flush_begin,0,0
-20.130,flush_end,0,2686930
-20.114,trivial_move,3,2686931
-20.113,flush_begin,0,0
-20.098,flush_end,0,2686932
-20.082,trivial_move,3,2686932
-20.081,flush_begin,0,0
-20.066,flush_end,0,2686930
-20.050,trivial_move,3,2686931
-20.049,flush_begin,0,0
-20.035,flush_end,0,2686932
-20.016,trivial_move,3,2686931
-20.015,flush_begin,0,0
-20.001,flush_end,0,2686930
-19.985,trivial_move,3,2686930
-19.984,flush_begin,0,0
-19.970,flush_end,0,2686930
-19.955,trivial_move,3,2686932
-19.953,flush_begin,0,0
-19.939,flush_end,0,2686933
-19.924,trivial_move,3,2686930
-19.923,flush_begin,0,0
-19.909,flush_end,0,2686930
-19.894,trivial_move,3,2686931
-19.892,flush_begin,0,0
-19.878,flush_end,0,2686932
-19.862,trivial_move,3,2686931
-19.860,flush_begin,0,0
-19.847,flush_end,0,2686930
-19.831,trivial_move,3,2686930
-19.829,flush_begin,0,0
-19.815,flush_end,0,2686931
-19.798,trivial_move,3,2686932
-19.796,flush_begin,0,0
-19.781,flush_end,0,2686931
-19.766,trivial_move,3,2686930
-19.764,flush_begin,0,0
-19.750,flush_end,0,2686931
-19.734,trivial_move,3,2686932
-19.733,flush_begin,0,0
-19.718,flush_end,0,2686931
-19.703,trivial_move,3,2686930
-19.701,flush_begin,0,0
-19.688,flush_end,0,2686931
-19.672,trivial_move,3,2686931
-19.670,flush_begin,0,0
-19.657,flush_end,0,2686930
-19.640,trivial_move,3,2686931
-19.639,flush_begin,0,0
-19.625,flush_end,0,2686932
-19.607,trivial_move,3,2686931
-19.606,flush_begin,0,0
-19.592,flush_end,0,2686930
-19.576,trivial_move,3,2686931
-19.575,flush_begin,0,0
-19.560,flush_end,0,2686931
-19.544,trivial_move,3,2686930
-19.543,flush_begin,0,0
-19.529,flush_end,0,2686931
-19.513,trivial_move,3,2686930
-19.511,flush_begin,0,0
-19.496,flush_end,0,2686930
-19.481,trivial_move,3,2686931
-19.479,flush_begin,0,0
-19.466,flush_end,0,2686932
-19.450,trivial_move,3,2686931
-19.449,flush_begin,0,0
-19.434,flush_end,0,2686930
-19.419,trivial_move,3,2686931
-19.418,flush_begin,0,0
-19.403,flush_end,0,2686932
-19.388,trivial_move,3,2686932
-19.386,flush_begin,0,0
-19.372,flush_end,0,2686930
-19.357,trivial_move,3,2686930
-19.356,flush_begin,0,0
-19.341,flush_end,0,2686931
-19.326,trivial_move,3,2686932
-19.325,flush_begin,0,0
-19.311,flush_end,0,2686931
-19.294,trivial_move,3,2686930
-19.293,flush_begin,0,0
-19.277,flush_end,0,2686932
-19.262,trivial_move,3,2686932
-19.260,flush_begin,0,0
-19.244,flush_end,0,2686931
-19.228,trivial_move,3,2686930
-19.226,flush_begin,0,0
-19.210,flush_end,0,2686930
-19.195,trivial_move,3,2686931
-19.193,flush_begin,0,0
-19.177,flush_end,0,2686930
-19.162,trivial_move,3,2686931
-19.160,flush_begin,0,0
-19.144,flush_end,0,2686931
-19.129,trivial_move,3,2686930
-19.128,flush_begin,0,0
-19.111,flush_end,0,2686931
-19.096,trivial_move,3,2686932
-19.094,flush_begin,0,0
-19.078,flush_end,0,2686931
-19.062,trivial_move,3,2686930
-19.060,flush_begin,0,0
-19.045,flush_end,0,2686931
-19.028,trivial_move,3,2686931
-19.026,flush_begin,0,0
-19.010,flush_end,0,2686930
-18.994,trivial_move,3,2686931
-18.992,flush_begin,0,0
-18.976,flush_end,0,2686932
-18.961,trivial_move,3,2686931
-18.960,flush_begin,0,0
-18.945,flush_end,0,2686930
-18.929,trivial_move,3,2686931
-18.927,flush_begin,0,0
-18.911,flush_end,0,2686932
-18.896,trivial_move,3,2686931
-18.894,flush_begin,0,0
-18.880,flush_end,0,2686930
-18.863,trivial_move,3,2686930
-18.862,flush_begin,0,0
-18.846,flush_end,0,2686931
-18.829,trivial_move,3,2686932
-18.827,flush_begin,0,0
-18.811,flush_end,0,2686931
-18.795,trivial_move,3,2686930
-18.793,flush_begin,0,0
-18.777,flush_end,0,2686930
-18.761,trivial_move,3,2686932
-18.760,flush_begin,0,0
-18.744,flush_end,0,2686932
-18.728,trivial_move,3,2686930
-18.727,flush_begin,0,0
-18.711,flush_end,0,2686930
-18.695,trivial_move,3,2686930
-18.693,flush_begin,0,0
-18.679,flush_end,0,2686931
-18.663,trivial_move,3,2686933
-18.661,flush_begin,0,0
-18.647,flush_end,0,2686931
-18.631,trivial_move,3,2686930
-18.630,flush_begin,0,0
-18.615,flush_end,0,2686931
-18.600,trivial_move,3,2686932
-18.599,flush_begin,0,0
-18.585,flush_end,0,2686931
-18.569,trivial_move,3,2686930
-18.567,flush_begin,0,0
-18.554,flush_end,0,2686932
-18.538,trivial_move,3,2686931
-18.537,flush_begin,0,0
-18.522,flush_end,0,2686930
-18.506,trivial_move,3,2686931
-18.504,flush_begin,0,0
-18.490,flush_end,0,2686932
-18.474,trivial_move,3,2686931
-18.472,flush_begin,0,0
-18.458,flush_end,0,2686930
-18.441,trivial_move,3,2686931
-18.439,flush_begin,0,0
-18.426,flush_end,0,2686932
-18.410,trivial_move,3,2686931
-18.408,flush_begin,0,0
-18.395,flush_end,0,2686930
-18.379,trivial_move,3,2686930
-18.377,flush_begin,0,0
-18.363,flush_end,0,2686930
-18.346,trivial_move,3,2686932
-18.345,flush_begin,0,0
-18.331,flush_end,0,2686932
-18.315,trivial_move,3,2686930
-18.314,flush_begin,0,0
-18.299,flush_end,0,2686930
-18.283,trivial_move,3,2686931
-18.282,flush_begin,0,0
-18.267,flush_end,0,2686932
-18.251,trivial_move,3,2686931
-18.249,flush_begin,0,0
-18.234,flush_end,0,2686930
-18.218,trivial_move,3,2686930
-18.216,flush_begin,0,0
-18.201,flush_end,0,2686931
-18.185,trivial_move,3,2686932
-18.183,flush_begin,0,0
-18.168,flush_end,0,2686931
-18.151,trivial_move,3,2686930
-18.149,flush_begin,0,0
-18.134,flush_end,0,2686931
-18.119,trivial_move,3,2686932
-18.117,flush_begin,0,0
-18.103,flush_end,0,2686931
-18.087,trivial_move,3,2686930
-18.086,flush_begin,0,0
-18.072,flush_end,0,2686931
-18.056,trivial_move,3,2686931
-18.055,flush_begin,0,0
-18.040,flush_end,0,2686930
-18.024,trivial_move,3,2686931
-18.022,flush_begin,0,0
-18.008,flush_end,0,2686932
-17.992,trivial_move,3,2686932
-17.991,flush_begin,0,0
-17.976,flush_end,0,2686930
-17.959,trivial_move,3,2686931
-17.957,flush_begin,0,0
-17.943,flush_end,0,2686931
-17.927,trivial_move,3,2686930
-17.926,flush_begin,0,0
-17.912,flush_end,0,2686931
-17.896,trivial_move,3,2686930
-17.894,flush_begin,0,0
-17.879,flush_end,0,2686930
-17.863,trivial_move,3,2686931
-17.861,flush_begin,0,0
-17.847,flush_end,0,2686933
-17.831,trivial_move,3,2686931
-17.829,flush_begin,0,0
-17.814,flush_end,0,2686930
-17.798,trivial_move,3,2686931
-17.796,flush_begin,0,0
-17.781,flush_end,0,2686932
-17.764,trivial_move,3,2686931
-17.762,flush_begin,0,0
-17.747,flush_end,0,2686930
-17.731,trivial_move,3,2686930
-17.730,flush_begin,0,0
-17.715,flush_end,0,2686931
-17.699,trivial_move,3,2686932
-17.697,flush_begin,0,0
-17.683,flush_end,0,2686931
-17.666,trivial_move,3,2686930
-17.665,flush_begin,0,0
-17.651,flush_end,0,2686931
-17.636,trivial_move,3,2686932
-17.635,flush_begin,0,0
-17.622,flush_end,0,2686931
-17.606,trivial_move,3,2686930
-17.605,flush_begin,0,0
-17.590,flush_end,0,2686930
-17.573,trivial_move,3,2686931
-17.572,flush_begin,0,0
-17.558,flush_end,0,2686930
-17.542,trivial_move,3,2686931
-17.540,flush_begin,0,0
-17.525,flush_end,0,2686931
-17.509,trivial_move,3,2686930
-17.507,flush_begin,0,0
-17.493,flush_end,0,2686931
-17.476,trivial_move,3,2686932
-17.474,flush_begin,0,0
-17.460,flush_end,0,2686931
-17.444,trivial_move,3,2686930
-17.442,flush_begin,0,0
-17.428,flush_end,0,2686931
-17.412,trivial_move,3,2686931
-17.410,flush_begin,0,0
-17.396,flush_end,0,2686930
-17.380,trivial_move,3,2686931
-17.378,flush_begin,0,0
-17.362,flush_end,0,2686932
-17.347,trivial_move,3,2686931
-17.345,flush_begin,0,0
-17.329,flush_end,0,2686930
-17.313,trivial_move,3,2686931
-17.311,flush_begin,0,0
-17.297,flush_end,0,2686932
-17.280,trivial_move,3,2686932
-17.278,flush_begin,0,0
-17.262,flush_end,0,2686930
-17.247,trivial_move,3,2686930
-17.245,flush_begin,0,0
-17.231,flush_end,0,2686931
-17.215,trivial_move,3,2686932
-17.213,flush_begin,0,0
-17.197,flush_end,0,2686931
-17.181,trivial_move,3,2686930
-17.179,flush_begin,0,0
-17.163,flush_end,0,2686930
-17.148,trivial_move,3,2686932
-17.146,flush_begin,0,0
-17.130,flush_end,0,2686933
-17.115,trivial_move,3,2686930
-17.113,flush_begin,0,0
-17.097,flush_end,0,2686930
-17.081,trivial_move,3,2686930
-17.079,flush_begin,0,0
-17.064,flush_end,0,2686931
-17.048,trivial_move,3,2686932
-17.046,flush_begin,0,0
-17.030,flush_end,0,2686931
-17.015,trivial_move,3,2686930
-17.013,flush_begin,0,0
-16.997,flush_end,0,2686931
-16.981,trivial_move,3,2686932
-16.979,flush_begin,0,0
-16.963,flush_end,0,2686931
-16.947,trivial_move,3,2686930
-16.945,flush_begin,0,0
-16.930,flush_end,0,2686931
-16.913,trivial_move,3,2686931
-16.912,flush_begin,0,0
-16.896,flush_end,0,2686930
-16.880,trivial_move,3,2686931
-16.878,flush_begin,0,0
-16.863,flush_end,0,2686932
-16.847,trivial_move,3,2686931
-16.845,flush_begin,0,0
-16.827,flush_end,0,2686930
-16.809,trivial_move,3,2686931
-16.809,flush_begin,0,0
-16.792,flush_end,0,2686932
-16.775,trivial_move,3,2686931
-16.774,flush_begin,0,0
-16.757,flush_end,0,2686930
-16.742,trivial_move,3,2686930
-16.741,flush_begin,0,0
-16.725,flush_end,0,2686930
-16.710,trivial_move,3,2686932
-16.709,flush_begin,0,0
-16.693,flush_end,0,2686932
-16.675,trivial_move,3,2686930
-16.674,flush_begin,0,0
-16.658,flush_end,0,2686930
-16.640,trivial_move,3,2686931
-16.638,flush_begin,0,0
-16.624,flush_end,0,2686932
-16.608,trivial_move,3,2686931
-16.607,flush_begin,0,0
-16.591,flush_end,0,2686930
-16.576,trivial_move,3,2686930
-16.568,trivial_move,4,2686930
-16.567,flush_begin,0,0
-16.553,flush_end,0,2686931
-16.537,trivial_move,3,2686933
-16.529,trivial_move,4,2686931
-16.528,flush_begin,0,0
-16.512,flush_end,0,2686931
-16.497,trivial_move,3,2686930
-16.489,trivial_move,4,2686931
-16.489,flush_begin,0,0
-16.473,flush_end,0,2686931
-16.456,trivial_move,3,2686932
-16.448,trivial_move,4,2686931
-16.448,flush_begin,0,0
-16.431,flush_end,0,2686931
-16.416,trivial_move,3,2686930
-16.408,trivial_move,4,2686931
-16.407,flush_begin,0,0
-16.394,flush_end,0,2686933
-16.378,trivial_move,3,2686931
-16.370,trivial_move,4,2686930
-16.370,flush_begin,0,0
-16.358,flush_end,0,2686930
-16.342,trivial_move,3,2686931
-16.342,flush_begin,0,0
-16.329,flush_end,0,2686932
-16.313,trivial_move,3,2686931
-16.304,trivial_move,4,2686932
-16.304,flush_begin,0,0
-16.291,flush_end,0,2686930
-16.275,trivial_move,3,2686931
-16.267,trivial_move,4,2686930
-16.267,flush_begin,0,0
-16.252,flush_end,0,2686931
-16.237,trivial_move,3,2686930
-16.229,trivial_move,4,2686932
-16.229,flush_begin,0,0
-16.214,flush_end,0,2686931
-16.198,trivial_move,3,2686930
-16.198,flush_begin,0,0
-16.184,flush_end,0,2686930
-16.168,trivial_move,3,2686931
-16.160,trivial_move,4,2686930
-16.150,trivial_move,4,2686931
-16.150,flush_begin,0,0
-16.134,flush_end,0,2686932
-16.118,trivial_move,3,2686931
-16.109,trivial_move,4,2686931
-16.109,flush_begin,0,0
-16.093,flush_end,0,2686930
-16.078,trivial_move,3,2686931
-16.070,trivial_move,4,2686930
-16.063,trivial_move,4,2686932
-16.062,flush_begin,0,0
-16.045,flush_end,0,2686932
-16.030,trivial_move,3,2686931
-16.022,trivial_move,4,2686930
-16.021,flush_begin,0,0
-16.004,flush_end,0,2686930
-15.989,trivial_move,3,2686930
-15.981,trivial_move,4,2686931
-15.979,flush_begin,0,0
-15.962,flush_end,0,2686931
-15.947,trivial_move,3,2686932
-15.939,trivial_move,4,2686931
-15.938,flush_begin,0,0
-15.921,flush_end,0,2686931
-15.905,trivial_move,3,2686930
-15.897,trivial_move,4,2686931
-15.896,flush_begin,0,0
-15.877,flush_end,0,2686931
-15.861,trivial_move,3,2686932
-15.853,trivial_move,4,2686931
-15.851,flush_begin,0,0
-15.834,flush_end,0,2686931
-15.817,trivial_move,3,2686930
-15.809,trivial_move,4,2686931
-15.807,flush_begin,0,0
-15.789,flush_end,0,2686930
-15.772,trivial_move,3,2686931
-15.764,trivial_move,4,2686930
-15.763,flush_begin,0,0
-15.745,flush_end,0,2686930
-15.728,trivial_move,3,2686931
-15.719,trivial_move,4,2686933
-15.716,flush_begin,0,0
-15.697,flush_end,0,2686931
-15.680,trivial_move,3,2686930
-15.672,trivial_move,4,2686930
-15.671,flush_begin,0,0
-15.654,flush_end,0,2686931
-15.637,trivial_move,3,2686933
-15.629,trivial_move,4,2686932
-15.627,flush_begin,0,0
-15.609,flush_end,0,2686931
-15.591,trivial_move,3,2686930
-15.584,trivial_move,4,2686930
-15.584,flush_begin,0,0
-15.565,flush_end,0,2686931
-15.548,trivial_move,3,2686931
-15.540,trivial_move,4,2686930
-15.540,flush_begin,0,0
-15.522,flush_end,0,2686930
-15.506,trivial_move,3,2686931
-15.498,trivial_move,4,2686932
-15.496,flush_begin,0,0
-15.479,flush_end,0,2686933
-15.463,trivial_move,3,2686931
-15.455,trivial_move,4,2686930
-15.454,flush_begin,0,0
-15.436,flush_end,0,2686930
-15.420,trivial_move,3,2686931
-15.412,trivial_move,4,2686932
-15.411,flush_begin,0,0
-15.394,flush_end,0,2686932
-15.379,trivial_move,3,2686931
-15.371,trivial_move,4,2686930
-15.370,flush_begin,0,0
-15.353,flush_end,0,2686930
-15.336,trivial_move,3,2686930
-15.328,trivial_move,4,2686931
-15.328,flush_begin,0,0
-15.310,flush_end,0,2686931
-15.293,trivial_move,3,2686932
-15.285,trivial_move,4,2686931
-15.283,flush_begin,0,0
-15.265,flush_end,0,2686931
-15.249,trivial_move,3,2686930
-15.241,trivial_move,4,2686931
-15.240,flush_begin,0,0
-15.223,flush_end,0,2686930
-15.207,trivial_move,3,2686932
-15.199,trivial_move,4,2686931
-15.198,flush_begin,0,0
-15.182,flush_end,0,2686932
-15.167,trivial_move,3,2686930
-15.159,trivial_move,4,2686931
-15.158,flush_begin,0,0
-15.142,flush_end,0,2686930
-15.126,trivial_move,3,2686930
-15.118,trivial_move,4,2686930
-15.118,flush_begin,0,0
-15.102,flush_end,0,2686931
-15.086,trivial_move,3,2686932
-15.078,trivial_move,4,2686932
-15.078,flush_begin,0,0
-15.061,flush_end,0,2686931
-15.045,trivial_move,3,2686930
-15.037,trivial_move,4,2686930
-15.037,flush_begin,0,0
-15.020,flush_end,0,2686931
-15.005,trivial_move,3,2686932
-14.997,trivial_move,4,2686931
-14.996,flush_begin,0,0
-14.980,flush_end,0,2686931
-14.963,trivial_move,3,2686930
-14.955,trivial_move,4,2686931
-14.954,flush_begin,0,0
-14.937,flush_end,0,2686931
-14.922,trivial_move,3,2686931
-14.914,trivial_move,4,2686930
-14.913,flush_begin,0,0
-14.894,flush_end,0,2686930
-14.879,trivial_move,3,2686931
-14.871,trivial_move,4,2686932
-14.869,flush_begin,0,0
-14.853,flush_end,0,2686932
-14.836,trivial_move,3,2686931
-14.828,trivial_move,4,2686930
-14.826,flush_begin,0,0
-14.809,flush_end,0,2686930
-14.793,trivial_move,3,2686931
-14.785,trivial_move,4,2686933
-14.784,flush_begin,0,0
-14.766,flush_end,0,2686932
-14.749,trivial_move,3,2686933
-14.741,trivial_move,4,2686930
-14.739,flush_begin,0,0
-14.721,flush_end,0,2686930
-14.705,trivial_move,3,2686930
-14.697,trivial_move,4,2686931
-14.695,flush_begin,0,0
-14.677,flush_end,0,2686930
-14.660,trivial_move,3,2686932
-14.652,trivial_move,4,2686931
-14.649,flush_begin,0,0
-14.631,flush_end,0,2686932
-14.614,trivial_move,3,2686930
-14.606,trivial_move,4,2686931
-14.605,flush_begin,0,0
-14.586,flush_end,0,2686930
-14.569,trivial_move,3,2686931
-14.561,trivial_move,4,2686931
-14.560,flush_begin,0,0
-14.541,flush_end,0,2686933
-14.524,trivial_move,3,2686931
-14.516,trivial_move,4,2686930
-14.515,flush_begin,0,0
-14.496,flush_end,0,2686930
-14.479,trivial_move,3,2686930
-14.471,trivial_move,4,2686930
-14.470,flush_begin,0,0
-14.451,flush_end,0,2686931
-14.434,trivial_move,3,2686932
-14.426,trivial_move,4,2686931
-14.423,flush_begin,0,0
-14.406,flush_end,0,2686931
-14.389,trivial_move,3,2686930
-14.381,trivial_move,4,2686931
-14.379,flush_begin,0,0
-14.362,flush_end,0,2686931
-14.346,trivial_move,3,2686932
-14.338,trivial_move,4,2686931
-14.337,flush_begin,0,0
-14.320,flush_end,0,2686931
-14.304,trivial_move,3,2686930
-14.296,trivial_move,4,2686931
-14.294,flush_begin,0,0
-14.275,flush_end,0,2686931
-14.258,trivial_move,3,2686931
-14.250,trivial_move,4,2686930
-14.248,flush_begin,0,0
-14.231,flush_end,0,2686930
-14.218,trivial_move,3,2686931
-14.205,trivial_move,4,2686932
-14.203,flush_begin,0,0
-14.184,flush_end,0,2686932
-14.167,trivial_move,3,2686931
-14.159,trivial_move,4,2686930
-14.157,flush_begin,0,0
-14.139,flush_end,0,2686930
-14.122,trivial_move,3,2686931
-14.114,trivial_move,4,2686932
-14.113,flush_begin,0,0
-14.094,flush_end,0,2686931
-14.077,trivial_move,3,2686930
-14.069,trivial_move,4,2686930
-14.067,flush_begin,0,0
-14.048,flush_end,0,2686931
-14.031,trivial_move,3,2686930
-14.022,trivial_move,4,2686931
-14.020,flush_begin,0,0
-14.002,flush_end,0,2686930
-13.985,trivial_move,3,2686931
-13.977,trivial_move,4,2686931
-13.977,flush_begin,0,0
-13.956,flush_end,0,2686932
-13.939,trivial_move,3,2686931
-13.931,trivial_move,4,2686930
-13.929,flush_begin,0,0
-13.911,flush_end,0,2686930
-13.894,trivial_move,3,2686931
-13.886,trivial_move,4,2686932
-13.885,flush_begin,0,0
-13.864,flush_end,0,2686932
-13.848,trivial_move,3,2686931
-13.840,trivial_move,4,2686930
-13.839,flush_begin,0,0
-13.823,flush_end,0,2686930
-13.806,trivial_move,3,2686930
-13.798,trivial_move,4,2686932
-13.797,flush_begin,0,0
-13.779,flush_end,0,2686931
-13.764,trivial_move,3,2686933
-13.756,trivial_move,4,2686931
-13.755,flush_begin,0,0
-13.738,flush_end,0,2686931
-13.721,trivial_move,3,2686930
-13.713,trivial_move,4,2686931
-13.712,flush_begin,0,0
-13.695,flush_end,0,2686931
-13.678,trivial_move,3,2686932
-13.670,trivial_move,4,2686931
-13.669,flush_begin,0,0
-13.649,flush_end,0,2686931
-13.632,trivial_move,3,2686930
-13.624,trivial_move,4,2686931
-13.622,flush_begin,0,0
-13.604,flush_end,0,2686930
-13.588,trivial_move,3,2686931
-13.580,trivial_move,4,2686930
-13.578,flush_begin,0,0
-13.561,flush_end,0,2686930
-13.545,trivial_move,3,2686931
-13.537,trivial_move,4,2686932
-13.536,flush_begin,0,0
-13.518,flush_end,0,2686931
-13.502,trivial_move,3,2686930
-13.494,trivial_move,4,2686930
-13.492,flush_begin,0,0
-13.475,flush_end,0,2686931
-13.458,trivial_move,3,2686932
-13.450,trivial_move,4,2686932
-13.447,flush_begin,0,0
-13.430,flush_end,0,2686931
-13.413,trivial_move,3,2686930
-13.405,trivial_move,4,2686930
-13.402,flush_begin,0,0
-13.384,flush_end,0,2686931
-13.367,trivial_move,3,2686931
-13.359,trivial_move,4,2686930
-13.358,flush_begin,0,0
-13.340,flush_end,0,2686930
-13.323,trivial_move,3,2686931
-13.315,trivial_move,4,2686932
-13.314,flush_begin,0,0
-13.296,flush_end,0,2686932
-13.280,trivial_move,3,2686931
-13.272,trivial_move,4,2686930
-13.270,flush_begin,0,0
-13.253,flush_end,0,2686930
-13.236,trivial_move,3,2686931
-13.228,trivial_move,4,2686932
-13.226,flush_begin,0,0
-13.209,flush_end,0,2686932
-13.192,trivial_move,3,2686931
-13.184,trivial_move,4,2686930
-13.182,flush_begin,0,0
-13.164,flush_end,0,2686930
-13.147,trivial_move,3,2686930
-13.139,trivial_move,4,2686931
-13.138,flush_begin,0,0
-13.121,flush_end,0,2686931
-13.105,trivial_move,3,2686932
-13.097,trivial_move,4,2686931
-13.096,flush_begin,0,0
-13.077,flush_end,0,2686931
-13.060,trivial_move,3,2686930
-13.052,trivial_move,4,2686931
-13.050,flush_begin,0,0
-13.032,flush_end,0,2686930
-13.015,trivial_move,3,2686932
-13.007,trivial_move,4,2686931
-13.005,flush_begin,0,0
-12.988,flush_end,0,2686932
-12.971,trivial_move,3,2686930
-12.963,trivial_move,4,2686931
-12.963,flush_begin,0,0
-12.942,flush_end,0,2686930
-12.925,trivial_move,3,2686930
-12.917,trivial_move,4,2686930
-12.916,flush_begin,0,0
-12.898,flush_end,0,2686931
-12.881,trivial_move,3,2686932
-12.873,trivial_move,4,2686933
-12.871,flush_begin,0,0
-12.852,flush_end,0,2686931
-12.835,trivial_move,3,2686930
-12.827,trivial_move,4,2686930
-12.825,flush_begin,0,0
-12.807,flush_end,0,2686931
-12.790,trivial_move,3,2686933
-12.782,trivial_move,4,2686931
-12.780,flush_begin,0,0
-12.761,flush_end,0,2686931
-12.744,trivial_move,3,2686930
-12.736,trivial_move,4,2686931
-12.734,flush_begin,0,0
-12.715,flush_end,0,2686931
-12.698,trivial_move,3,2686931
-12.690,trivial_move,4,2686930
-12.688,flush_begin,0,0
-12.672,flush_end,0,2686930
-12.657,trivial_move,3,2686931
-12.649,trivial_move,4,2686932
-12.647,flush_begin,0,0
-12.631,flush_end,0,2686933
-12.616,trivial_move,3,2686931
-12.608,trivial_move,4,2686930
-12.608,flush_begin,0,0
-12.592,flush_end,0,2686930
-12.575,trivial_move,3,2686931
-12.567,trivial_move,4,2686932
-12.567,flush_begin,0,0
-12.549,flush_end,0,2686932
-12.534,trivial_move,3,2686931
-12.526,trivial_move,4,2686930
-12.526,flush_begin,0,0
-12.507,flush_end,0,2686930
-12.491,trivial_move,3,2686930
-12.483,trivial_move,4,2686931
-12.482,flush_begin,0,0
-12.465,flush_end,0,2686930
-12.449,trivial_move,3,2686932
-12.441,trivial_move,4,2686931
-12.439,flush_begin,0,0
-12.423,flush_end,0,2686932
-12.407,trivial_move,3,2686930
-12.399,trivial_move,4,2686931
-12.398,flush_begin,0,0
-12.381,flush_end,0,2686930
-12.365,trivial_move,3,2686931
-12.357,trivial_move,4,2686931
-12.356,flush_begin,0,0
-12.339,flush_end,0,2686932
-12.322,trivial_move,3,2686931
-12.314,trivial_move,4,2686930
-12.313,flush_begin,0,0
-12.296,flush_end,0,2686930
-12.280,trivial_move,3,2686930
-12.272,trivial_move,4,2686930
-12.270,flush_begin,0,0
-12.253,flush_end,0,2686931
-12.237,trivial_move,3,2686932
-12.229,trivial_move,4,2686931
-12.229,flush_begin,0,0
-12.215,flush_end,0,2686931
-12.198,trivial_move,3,2686930
-12.190,trivial_move,4,2686931
-12.189,flush_begin,0,0
-12.175,flush_end,0,2686931
-12.160,trivial_move,3,2686932
-12.152,trivial_move,4,2686931
-12.152,flush_begin,0,0
-12.138,flush_end,0,2686931
-12.121,trivial_move,3,2686930
-12.113,trivial_move,4,2686931
-12.112,flush_begin,0,0
-12.097,flush_end,0,2686931
-12.081,trivial_move,3,2686931
-12.073,trivial_move,4,2686930
-12.072,flush_begin,0,0
-12.056,flush_end,0,2686930
-12.040,trivial_move,3,2686931
-12.032,trivial_move,4,2686932
-12.031,flush_begin,0,0
-12.015,flush_end,0,2686932
-11.998,trivial_move,3,2686931
-11.990,trivial_move,4,2686930
-11.989,flush_begin,0,0
-11.973,flush_end,0,2686930
-11.957,trivial_move,3,2686931
-11.949,trivial_move,4,2686933
-11.949,flush_begin,0,0
-11.930,flush_end,0,2686931
-11.914,trivial_move,3,2686930
-11.906,trivial_move,4,2686930
-11.904,flush_begin,0,0
-11.886,flush_end,0,2686931
-11.871,trivial_move,3,2686930
-11.863,trivial_move,4,2686931
-11.862,flush_begin,0,0
-11.845,flush_end,0,2686930
-11.828,trivial_move,3,2686931
-11.820,trivial_move,4,2686931
-11.819,flush_begin,0,0
-11.803,flush_end,0,2686932
-11.787,trivial_move,3,2686931
-11.779,trivial_move,4,2686930
-11.778,flush_begin,0,0
-11.761,flush_end,0,2686930
-11.745,trivial_move,3,2686931
-11.737,trivial_move,4,2686932
-11.735,flush_begin,0,0
-11.719,flush_end,0,2686933
-11.702,trivial_move,3,2686931
-11.694,trivial_move,4,2686930
-11.694,flush_begin,0,0
-11.676,flush_end,0,2686930
-11.659,trivial_move,3,2686930
-11.651,trivial_move,4,2686931
-11.649,flush_begin,0,0
-11.630,flush_end,0,2686931
-11.614,trivial_move,3,2686932
-11.606,trivial_move,4,2686931
-11.605,flush_begin,0,0
-11.587,flush_end,0,2686931
-11.570,trivial_move,3,2686930
-11.562,trivial_move,4,2686931
-11.560,flush_begin,0,0
-11.543,flush_end,0,2686931
-11.526,trivial_move,3,2686932
-11.518,trivial_move,4,2686931
-11.516,flush_begin,0,0
-11.498,flush_end,0,2686931
-11.481,trivial_move,3,2686930
-11.473,trivial_move,4,2686931
-11.471,flush_begin,0,0
-11.454,flush_end,0,2686930
-11.437,trivial_move,3,2686931
-11.429,trivial_move,4,2686930
-11.427,flush_begin,0,0
-11.407,flush_end,0,2686930
-11.391,trivial_move,3,2686931
-11.383,trivial_move,4,2686932
-11.382,flush_begin,0,0
-11.363,flush_end,0,2686931
-11.346,trivial_move,3,2686930
-11.338,trivial_move,4,2686930
-11.335,flush_begin,0,0
-11.317,flush_end,0,2686931
-11.300,trivial_move,3,2686932
-11.292,trivial_move,4,2686932
-11.292,flush_begin,0,0
-11.274,flush_end,0,2686931
-11.257,trivial_move,3,2686930
-11.249,trivial_move,4,2686930
-11.248,flush_begin,0,0
-11.230,flush_end,0,2686931
-11.213,trivial_move,3,2686931
-11.205,trivial_move,4,2686930
-11.204,flush_begin,0,0
-11.185,flush_end,0,2686930
-11.169,trivial_move,3,2686931
-11.161,trivial_move,4,2686932
-11.159,flush_begin,0,0
-11.140,flush_end,0,2686932
-11.125,trivial_move,3,2686931
-11.117,trivial_move,4,2686930
-11.115,flush_begin,0,0
-11.096,flush_end,0,2686930
-11.079,trivial_move,3,2686931
-11.071,trivial_move,4,2686932
-11.071,flush_begin,0,0
-11.053,flush_end,0,2686932
-11.037,trivial_move,3,2686931
-11.029,trivial_move,4,2686930
-11.028,flush_begin,0,0
-11.010,flush_end,0,2686930
-10.993,trivial_move,3,2686930
-10.985,trivial_move,4,2686932
-10.984,flush_begin,0,0
-10.967,flush_end,0,2686931
-10.951,trivial_move,3,2686933
-10.943,trivial_move,4,2686931
-10.940,flush_begin,0,0
-10.922,flush_end,0,2686931
-10.905,trivial_move,3,2686930
-10.897,trivial_move,4,2686931
-10.896,flush_begin,0,0
-10.878,flush_end,0,2686930
-10.861,trivial_move,3,2686932
-10.853,trivial_move,4,2686931
-10.853,flush_begin,0,0
-10.834,flush_end,0,2686932
-10.817,trivial_move,3,2686930
-10.809,trivial_move,4,2686931
-10.808,flush_begin,0,0
-10.790,flush_end,0,2686930
-10.773,trivial_move,3,2686930
-10.765,trivial_move,4,2686930
-10.762,flush_begin,0,0
-10.745,flush_end,0,2686932
-10.728,trivial_move,3,2686932
-10.720,trivial_move,4,2686932
-10.720,flush_begin,0,0
-10.702,flush_end,0,2686931
-10.685,trivial_move,3,2686930
-10.677,trivial_move,4,2686930
-10.676,flush_begin,0,0
-10.658,flush_end,0,2686931
-10.641,trivial_move,3,2686932
-10.633,trivial_move,4,2686931
-10.631,flush_begin,0,0
-10.614,flush_end,0,2686931
-10.597,trivial_move,3,2686930
-10.589,trivial_move,4,2686931
-10.587,flush_begin,0,0
-10.569,flush_end,0,2686931
-10.552,trivial_move,3,2686931
-10.544,trivial_move,4,2686930
-10.543,flush_begin,0,0
-10.525,flush_end,0,2686930
-10.508,trivial_move,3,2686931
-10.500,trivial_move,4,2686932
-10.498,flush_begin,0,0
-10.480,flush_end,0,2686932
-10.463,trivial_move,3,2686931
-10.455,trivial_move,4,2686930
-10.454,flush_begin,0,0
-10.436,flush_end,0,2686930
-10.420,trivial_move,3,2686931
-10.412,trivial_move,4,2686932
-10.409,flush_begin,0,0
-10.390,flush_end,0,2686932
-10.374,trivial_move,3,2686931
-10.366,trivial_move,4,2686930
-10.363,flush_begin,0,0
-10.346,flush_end,0,2686930
-10.329,trivial_move,3,2686930
-10.321,trivial_move,4,2686931
-10.320,flush_begin,0,0
-10.303,flush_end,0,2686930
-10.287,trivial_move,3,2686932
-10.279,trivial_move,4,2686931
-10.278,flush_begin,0,0
-10.261,flush_end,0,2686932
-10.245,trivial_move,3,2686930
-10.238,trivial_move,4,2686931
-10.237,flush_begin,0,0
-10.221,flush_end,0,2686930
-10.206,trivial_move,3,2686931
-10.198,trivial_move,4,2686931
-10.197,flush_begin,0,0
-10.179,flush_end,0,2686932
-10.163,trivial_move,3,2686931
-10.155,trivial_move,4,2686930
-10.154,flush_begin,0,0
-10.137,flush_end,0,2686930
-10.121,trivial_move,3,2686930
-10.113,trivial_move,4,2686930
-10.113,flush_begin,0,0
-10.096,flush_end,0,2686931
-10.079,trivial_move,3,2686932
-10.071,trivial_move,4,2686931
-10.070,flush_begin,0,0
-10.052,flush_end,0,2686931
-10.036,trivial_move,3,2686930
-10.028,trivial_move,4,2686932
-10.028,flush_begin,0,0
-10.010,flush_end,0,2686931
-9.994,trivial_move,3,2686933
-9.986,trivial_move,4,2686931
-9.985,flush_begin,0,0
-9.968,flush_end,0,2686931
-9.951,trivial_move,3,2686930
-9.943,trivial_move,4,2686931
-9.942,flush_begin,0,0
-9.923,flush_end,0,2686931
-9.906,trivial_move,3,2686931
-9.898,trivial_move,4,2686930
-9.896,flush_begin,0,0
-9.879,flush_end,0,2686930
-9.863,trivial_move,3,2686931
-9.855,trivial_move,4,2686932
-9.852,flush_begin,0,0
-9.833,flush_end,0,2686933
-9.816,trivial_move,3,2686931
-9.807,trivial_move,4,2686930
-9.807,flush_begin,0,0
-9.789,flush_end,0,2686930
-9.772,trivial_move,3,2686931
-9.764,trivial_move,4,2686932
-9.763,flush_begin,0,0
-9.744,flush_end,0,2686931
-9.727,trivial_move,3,2686930
-9.719,trivial_move,4,2686930
-9.719,flush_begin,0,0
-9.700,flush_end,0,2686931
-9.683,trivial_move,3,2686930
-9.675,trivial_move,4,2686931
-9.674,flush_begin,0,0
-9.654,flush_end,0,2686930
-9.637,trivial_move,3,2686931
-9.629,trivial_move,4,2686931
-9.629,flush_begin,0,0
-9.610,flush_end,0,2686932
-9.593,trivial_move,3,2686931
-9.585,trivial_move,4,2686930
-9.583,flush_begin,0,0
-9.564,flush_end,0,2686930
-9.547,trivial_move,3,2686931
-9.539,trivial_move,4,2686932
-9.537,flush_begin,0,0
-9.519,flush_end,0,2686932
-9.502,trivial_move,3,2686931
-9.494,trivial_move,4,2686930
-9.493,flush_begin,0,0
-9.474,flush_end,0,2686930
-9.457,trivial_move,3,2686930
-9.449,trivial_move,4,2686931
-9.447,flush_begin,0,0
-9.426,flush_end,0,2686931
-9.410,trivial_move,3,2686932
-9.402,trivial_move,4,2686931
-9.401,flush_begin,0,0
-9.383,flush_end,0,2686931
-9.366,trivial_move,3,2686930
-9.358,trivial_move,4,2686931
-9.358,flush_begin,0,0
-9.341,flush_end,0,2686931
-9.324,trivial_move,3,2686932
-9.316,trivial_move,4,2686931
-9.315,flush_begin,0,0
-9.297,flush_end,0,2686931
-9.281,trivial_move,3,2686930
-9.273,trivial_move,4,2686931
-9.272,flush_begin,0,0
-9.254,flush_end,0,2686930
-9.238,trivial_move,3,2686931
-9.230,trivial_move,4,2686930
-9.229,flush_begin,0,0
-9.211,flush_end,0,2686930
-9.194,trivial_move,3,2686931
-9.186,trivial_move,4,2686932
-9.185,flush_begin,0,0
-9.168,flush_end,0,2686931
-9.152,trivial_move,3,2686930
-9.144,trivial_move,4,2686930
-9.141,flush_begin,0,0
-9.122,flush_end,0,2686931
-9.105,trivial_move,3,2686932
-9.096,trivial_move,4,2686933
-9.096,flush_begin,0,0
-9.077,flush_end,0,2686931
-9.060,trivial_move,3,2686930
-9.052,trivial_move,4,2686930
-9.051,flush_begin,0,0
-9.031,flush_end,0,2686931
-9.014,trivial_move,3,2686932
-9.006,trivial_move,4,2686930
-9.006,flush_begin,0,0
-8.988,flush_end,0,2686930
-8.971,trivial_move,3,2686931
-8.963,trivial_move,4,2686932
-8.961,flush_begin,0,0
-8.944,flush_end,0,2686932
-8.926,trivial_move,3,2686931
-8.918,trivial_move,4,2686930
-8.917,flush_begin,0,0
-8.898,flush_end,0,2686930
-8.882,trivial_move,3,2686931
-8.874,trivial_move,4,2686932
-8.873,flush_begin,0,0
-8.853,flush_end,0,2686933
-8.836,trivial_move,3,2686931
-8.828,trivial_move,4,2686930
-8.828,flush_begin,0,0
-8.808,flush_end,0,2686930
-8.791,trivial_move,3,2686930
-8.783,trivial_move,4,2686931
-8.781,flush_begin,0,0
-8.763,flush_end,0,2686931
-8.746,trivial_move,3,2686932
-8.737,trivial_move,4,2686931
-8.737,flush_begin,0,0
-8.719,flush_end,0,2686931
-8.702,trivial_move,3,2686930
-8.694,trivial_move,4,2686931
-8.693,flush_begin,0,0
-8.673,flush_end,0,2686930
-8.656,trivial_move,3,2686932
-8.648,trivial_move,4,2686931
-8.647,flush_begin,0,0
-8.628,flush_end,0,2686932
-8.611,trivial_move,3,2686930
-8.602,trivial_move,4,2686931
-8.602,flush_begin,0,0
-8.584,flush_end,0,2686930
-8.567,trivial_move,3,2686930
-8.559,trivial_move,4,2686930
-8.558,flush_begin,0,0
-8.540,flush_end,0,2686931
-8.523,trivial_move,3,2686932
-8.515,trivial_move,4,2686932
-8.512,flush_begin,0,0
-8.492,flush_end,0,2686931
-8.476,trivial_move,3,2686930
-8.468,trivial_move,4,2686930
-8.466,flush_begin,0,0
-8.447,flush_end,0,2686931
-8.430,trivial_move,3,2686932
-8.421,trivial_move,4,2686931
-8.421,flush_begin,0,0
-8.402,flush_end,0,2686931
-8.387,trivial_move,3,2686930
-8.379,trivial_move,4,2686931
-8.379,flush_begin,0,0
-8.366,flush_end,0,2686931
-8.349,trivial_move,3,2686931
-8.349,flush_begin,0,0
-8.336,flush_end,0,2686930
-8.319,trivial_move,3,2686931
-8.311,trivial_move,4,2686930
-8.311,flush_begin,0,0
-8.299,flush_end,0,2686932
-8.281,trivial_move,3,2686931
-8.281,flush_begin,0,0
-8.268,flush_end,0,2686930
-8.252,trivial_move,3,2686931
-8.252,flush_begin,0,0
-8.239,flush_end,0,2686932
-8.222,trivial_move,3,2686931
-8.214,trivial_move,4,2686932
-8.214,flush_begin,0,0
-8.201,flush_end,0,2686930
-8.183,trivial_move,3,2686930
-8.175,trivial_move,4,2686930
-8.175,flush_begin,0,0
-8.161,flush_end,0,2686930
-8.145,trivial_move,3,2686933
-8.137,trivial_move,4,2686932
-8.137,flush_begin,0,0
-8.116,flush_end,0,2686932
-8.100,trivial_move,3,2686930
-8.092,trivial_move,4,2686930
-8.092,flush_begin,0,0
-8.075,flush_end,0,2686930
-8.058,trivial_move,3,2686931
-8.050,trivial_move,4,2686932
-8.050,flush_begin,0,0
-8.033,flush_end,0,2686932
-8.017,trivial_move,3,2686931
-8.009,trivial_move,4,2686931
-8.001,trivial_move,4,2686931
-8.001,flush_begin,0,0
-7.983,flush_end,0,2686930
-7.966,trivial_move,3,2686930
-7.958,trivial_move,4,2686931
-7.950,trivial_move,4,2686930
-7.942,trivial_move,4,2686930
-7.941,flush_begin,0,0
-7.921,flush_end,0,2686932
-7.904,trivial_move,3,2686932
-7.896,trivial_move,4,2686931
-7.894,flush_begin,0,0
-7.875,flush_end,0,2686931
-7.858,trivial_move,3,2686930
-7.850,trivial_move,4,2686931
-7.850,flush_begin,0,0
-7.830,flush_end,0,2686931
-7.813,trivial_move,3,2686932
-7.805,trivial_move,4,2686931
-7.804,flush_begin,0,0
-7.784,flush_end,0,2686931
-7.767,trivial_move,3,2686930
-7.759,trivial_move,4,2686931
-7.757,flush_begin,0,0
-7.738,flush_end,0,2686931
-7.721,trivial_move,3,2686931
-7.713,trivial_move,4,2686930
-7.713,flush_begin,0,0
-7.694,flush_end,0,2686930
-7.677,trivial_move,3,2686931
-7.669,trivial_move,4,2686932
-7.669,flush_begin,0,0
-7.650,flush_end,0,2686932
-7.633,trivial_move,3,2686931
-7.625,trivial_move,4,2686930
-7.623,flush_begin,0,0
-7.605,flush_end,0,2686930
-7.587,trivial_move,3,2686931
-7.579,trivial_move,4,2686932
-7.577,flush_begin,0,0
-7.559,flush_end,0,2686931
-7.542,trivial_move,3,2686930
-7.534,trivial_move,4,2686930
-7.532,flush_begin,0,0
-7.514,flush_end,0,2686931
-7.497,trivial_move,3,2686930
-7.489,trivial_move,4,2686931
-7.488,flush_begin,0,0
-7.469,flush_end,0,2686930
-7.452,trivial_move,3,2686931
-7.444,trivial_move,4,2686931
-7.442,flush_begin,0,0
-7.423,flush_end,0,2686932
-7.406,trivial_move,3,2686931
-7.398,trivial_move,4,2686930
-7.395,flush_begin,0,0
-7.376,flush_end,0,2686930
-7.359,trivial_move,3,2686931
-7.351,trivial_move,4,2686932
-7.350,flush_begin,0,0
-7.331,flush_end,0,2686932
-7.314,trivial_move,3,2686931
-7.306,trivial_move,4,2686930
-7.303,flush_begin,0,0
-7.284,flush_end,0,2686930
-7.267,trivial_move,3,2686930
-7.259,trivial_move,4,2686931
-7.258,flush_begin,0,0
-7.240,flush_end,0,2686931
-7.223,trivial_move,3,2686932
-7.215,trivial_move,4,2686931
-7.212,flush_begin,0,0
-7.194,flush_end,0,2686931
-7.177,trivial_move,3,2686930
-7.169,trivial_move,4,2686933
-7.169,flush_begin,0,0
-7.150,flush_end,0,2686931
-7.134,trivial_move,3,2686933
-7.126,trivial_move,4,2686931
-7.125,flush_begin,0,0
-7.105,flush_end,0,2686931
-7.088,trivial_move,3,2686930
-7.080,trivial_move,4,2686931
-7.078,flush_begin,0,0
-7.060,flush_end,0,2686930
-7.043,trivial_move,3,2686931
-7.035,trivial_move,4,2686930
-7.035,flush_begin,0,0
-7.017,flush_end,0,2686930
-7.000,trivial_move,3,2686931
-6.986,trivial_move,4,2686932
-6.984,flush_begin,0,0
-6.965,flush_end,0,2686931
-6.948,trivial_move,3,2686930
-6.940,trivial_move,4,2686930
-6.938,flush_begin,0,0
-6.919,flush_end,0,2686933
-6.902,trivial_move,3,2686932
-6.894,trivial_move,4,2686932
-6.891,flush_begin,0,0
-6.872,flush_end,0,2686931
-6.855,trivial_move,3,2686930
-6.847,trivial_move,4,2686930
-6.845,flush_begin,0,0
-6.827,flush_end,0,2686931
-6.810,trivial_move,3,2686931
-6.802,trivial_move,4,2686930
-6.799,flush_begin,0,0
-6.779,flush_end,0,2686930
-6.763,trivial_move,3,2686931
-6.755,trivial_move,4,2686932
-6.754,flush_begin,0,0
-6.736,flush_end,0,2686932
-6.719,trivial_move,3,2686931
-6.711,trivial_move,4,2686930
-6.709,flush_begin,0,0
-6.690,flush_end,0,2686930
-6.673,trivial_move,3,2686931
-6.665,trivial_move,4,2686932
-6.663,flush_begin,0,0
-6.643,flush_end,0,2686932
-6.626,trivial_move,3,2686931
-6.618,trivial_move,4,2686930
-6.616,flush_begin,0,0
-6.598,flush_end,0,2686930
-6.581,trivial_move,3,2686930
-6.573,trivial_move,4,2686931
-6.572,flush_begin,0,0
-6.553,flush_end,0,2686931
-6.536,trivial_move,3,2686932
-6.528,trivial_move,4,2686931
-6.527,flush_begin,0,0
-6.507,flush_end,0,2686931
-6.490,trivial_move,3,2686930
-6.482,trivial_move,4,2686931
-6.481,flush_begin,0,0
-6.462,flush_end,0,2686930
-6.445,trivial_move,3,2686932
-6.437,trivial_move,4,2686931
-6.435,flush_begin,0,0
-6.416,flush_end,0,2686932
-6.399,trivial_move,3,2686930
-6.391,trivial_move,4,2686931
-6.389,flush_begin,0,0
-6.370,flush_end,0,2686930
-6.353,trivial_move,3,2686930
-6.345,trivial_move,4,2686930
-6.345,flush_begin,0,0
-6.326,flush_end,0,2686931
-6.309,trivial_move,3,2686932
-6.301,trivial_move,4,2686932
-6.300,flush_begin,0,0
-6.281,flush_end,0,2686931
-6.264,trivial_move,3,2686930
-6.256,trivial_move,4,2686930
-6.253,flush_begin,0,0
-6.234,flush_end,0,2686931
-6.217,trivial_move,3,2686932
-6.209,trivial_move,4,2686931
-6.209,flush_begin,0,0
-6.190,flush_end,0,2686931
-6.173,trivial_move,3,2686930
-6.165,trivial_move,4,2686932
-6.164,flush_begin,0,0
-6.145,flush_end,0,2686931
-6.128,trivial_move,3,2686932
-6.120,trivial_move,4,2686930
-6.118,flush_begin,0,0
-6.099,flush_end,0,2686930
-6.082,trivial_move,3,2686931
-6.074,trivial_move,4,2686932
-6.072,flush_begin,0,0
-6.053,flush_end,0,2686932
-6.036,trivial_move,3,2686931
-6.028,trivial_move,4,2686930
-6.028,flush_begin,0,0
-6.008,flush_end,0,2686930
-5.991,trivial_move,3,2686931
-5.983,trivial_move,4,2686932
-5.983,flush_begin,0,0
-5.963,flush_end,0,2686933
-5.946,trivial_move,3,2686931
-5.938,trivial_move,4,2686930
-5.936,flush_begin,0,0
-5.917,flush_end,0,2686930
-5.900,trivial_move,3,2686930
-5.892,trivial_move,4,2686931
-5.891,flush_begin,0,0
-5.873,flush_end,0,2686930
-5.856,trivial_move,3,2686932
-5.848,trivial_move,4,2686931
-5.847,flush_begin,0,0
-5.827,flush_end,0,2686932
-5.810,trivial_move,3,2686930
-5.802,trivial_move,4,2686931
-5.802,flush_begin,0,0
-5.783,flush_end,0,2686930
-5.766,trivial_move,3,2686931
-5.758,trivial_move,4,2686931
-5.756,flush_begin,0,0
-5.738,flush_end,0,2686932
-5.721,trivial_move,3,2686931
-5.713,trivial_move,4,2686930
-5.712,flush_begin,0,0
-5.693,flush_end,0,2686930
-5.676,trivial_move,3,2686930
-5.668,trivial_move,4,2686930
-5.667,flush_begin,0,0
-5.648,flush_end,0,2686931
-5.631,trivial_move,3,2686932
-5.623,trivial_move,4,2686931
-5.623,flush_begin,0,0
-5.603,flush_end,0,2686931
-5.586,trivial_move,3,2686930
-5.578,trivial_move,4,2686931
-5.578,flush_begin,0,0
-5.560,flush_end,0,2686931
-5.543,trivial_move,3,2686932
-5.535,trivial_move,4,2686931
-5.533,flush_begin,0,0
-5.513,flush_end,0,2686931
-5.496,trivial_move,3,2686930
-5.488,trivial_move,4,2686931
-5.487,flush_begin,0,0
-5.467,flush_end,0,2686931
-5.450,trivial_move,3,2686931
-5.442,trivial_move,4,2686930
-5.441,flush_begin,0,0
-5.422,flush_end,0,2686930
-5.404,trivial_move,3,2686931
-5.396,trivial_move,4,2686932
-5.395,flush_begin,0,0
-5.376,flush_end,0,2686932
-5.359,trivial_move,3,2686931
-5.351,trivial_move,4,2686930
-5.351,flush_begin,0,0
-5.332,flush_end,0,2686930
-5.316,trivial_move,3,2686931
-5.308,trivial_move,4,2686932
-5.307,flush_begin,0,0
-5.289,flush_end,0,2686931
-5.272,trivial_move,3,2686930
-5.264,trivial_move,4,2686930
-5.262,flush_begin,0,0
-5.245,flush_end,0,2686931
-5.228,trivial_move,3,2686930
-5.220,trivial_move,4,2686932
-5.219,flush_begin,0,0
-5.201,flush_end,0,2686930
-5.184,trivial_move,3,2686931
-5.176,trivial_move,4,2686931
-5.174,flush_begin,0,0
-5.158,flush_end,0,2686932
-5.141,trivial_move,3,2686933
-5.133,trivial_move,4,2686930
-5.133,flush_begin,0,0
-5.116,flush_end,0,2686930
-5.100,trivial_move,3,2686931
-5.092,trivial_move,4,2686932
-5.092,flush_begin,0,0
-5.075,flush_end,0,2686932
-5.059,trivial_move,3,2686931
-5.051,trivial_move,4,2686930
-5.050,flush_begin,0,0
-5.032,flush_end,0,2686930
-5.015,trivial_move,3,2686930
-5.007,trivial_move,4,2686931
-5.006,flush_begin,0,0
-4.989,flush_end,0,2686932
-4.972,trivial_move,3,2686932
-4.964,trivial_move,4,2686931
-4.963,flush_begin,0,0
-4.945,flush_end,0,2686931
-4.928,trivial_move,3,2686930
-4.920,trivial_move,4,2686931
-4.918,flush_begin,0,0
-4.900,flush_end,0,2686931
-4.883,trivial_move,3,2686932
-4.875,trivial_move,4,2686931
-4.873,flush_begin,0,0
-4.855,flush_end,0,2686931
-4.838,trivial_move,3,2686930
-4.830,trivial_move,4,2686931
-4.829,flush_begin,0,0
-4.813,flush_end,0,2686930
-4.797,trivial_move,3,2686931
-4.789,trivial_move,4,2686930
-4.788,flush_begin,0,0
-4.772,flush_end,0,2686930
-4.755,trivial_move,3,2686931
-4.747,trivial_move,4,2686932
-4.746,flush_begin,0,0
-4.729,flush_end,0,2686931
-4.713,trivial_move,3,2686930
-4.705,trivial_move,4,2686930
-4.704,flush_begin,0,0
-4.688,flush_end,0,2686931
-4.671,trivial_move,3,2686932
-4.663,trivial_move,4,2686932
-4.663,flush_begin,0,0
-4.647,flush_end,0,2686931
-4.630,trivial_move,3,2686930
-4.622,trivial_move,4,2686930
-4.622,flush_begin,0,0
-4.606,flush_end,0,2686931
-4.590,trivial_move,3,2686931
-4.582,trivial_move,4,2686930
-4.582,flush_begin,0,0
-4.565,flush_end,0,2686930
-4.549,trivial_move,3,2686931
-4.541,trivial_move,4,2686932
-4.541,flush_begin,0,0
-4.523,flush_end,0,2686932
-4.507,trivial_move,3,2686931
-4.499,trivial_move,4,2686930
-4.498,flush_begin,0,0
-4.480,flush_end,0,2686930
-4.463,trivial_move,3,2686931
-4.455,trivial_move,4,2686932
-4.454,flush_begin,0,0
-4.436,flush_end,0,2686932
-4.419,trivial_move,3,2686931
-4.411,trivial_move,4,2686930
-4.409,flush_begin,0,0
-4.391,flush_end,0,2686930
-4.375,trivial_move,3,2686930
-4.367,trivial_move,4,2686931
-4.366,flush_begin,0,0
-4.351,flush_end,0,2686931
-4.335,trivial_move,3,2686932
-4.327,trivial_move,4,2686931
-4.327,flush_begin,0,0
-4.314,flush_end,0,2686931
-4.297,trivial_move,3,2686930
-4.289,trivial_move,4,2686932
-4.289,flush_begin,0,0
-4.275,flush_end,0,2686930
-4.259,trivial_move,3,2686933
-4.259,flush_begin,0,0
-4.245,flush_end,0,2686932
-4.228,trivial_move,3,2686930
-4.219,trivial_move,4,2686931
-4.219,flush_begin,0,0
-4.204,flush_end,0,2686930
-4.188,trivial_move,3,2686930
-4.180,trivial_move,4,2686931
-4.171,trivial_move,4,2686930
-4.171,flush_begin,0,0
-4.154,flush_end,0,2686931
-4.138,trivial_move,3,2686932
-4.130,trivial_move,4,2686932
-4.130,flush_begin,0,0
-4.113,flush_end,0,2686931
-4.097,trivial_move,3,2686930
-4.089,trivial_move,4,2686930
-4.088,flush_begin,0,0
-4.070,flush_end,0,2686932
-4.053,trivial_move,3,2686932
-4.045,trivial_move,4,2686931
-4.043,flush_begin,0,0
-4.025,flush_end,0,2686931
-4.008,trivial_move,3,2686930
-4.000,trivial_move,4,2686931
-3.999,flush_begin,0,0
-3.979,flush_end,0,2686931
-3.962,trivial_move,3,2686931
-3.954,trivial_move,4,2686930
-3.953,flush_begin,0,0
-3.935,flush_end,0,2686930
-3.918,trivial_move,3,2686931
-3.911,trivial_move,4,2686932
-3.910,flush_begin,0,0
-3.891,flush_end,0,2686932
-3.874,trivial_move,3,2686931
-3.866,trivial_move,4,2686930
-3.865,flush_begin,0,0
-3.845,flush_end,0,2686930
-3.828,trivial_move,3,2686931
-3.819,trivial_move,4,2686932
-3.817,flush_begin,0,0
-3.799,flush_end,0,2686932
-3.782,trivial_move,3,2686931
-3.774,trivial_move,4,2686930
-3.772,flush_begin,0,0
-3.753,flush_end,0,2686930
-3.737,trivial_move,3,2686930
-3.730,trivial_move,4,2686931
-3.730,flush_begin,0,0
-3.712,flush_end,0,2686930
-3.695,trivial_move,3,2686932
-3.687,trivial_move,4,2686931
-3.684,flush_begin,0,0
-3.666,flush_end,0,2686932
-3.649,trivial_move,3,2686930
-3.641,trivial_move,4,2686931
-3.638,flush_begin,0,0
-3.616,flush_end,0,2686930
-3.599,trivial_move,3,2686931
-3.590,trivial_move,4,2686931
-3.590,flush_begin,0,0
-3.572,flush_end,0,2686932
-3.556,trivial_move,3,2686931
-3.548,trivial_move,4,2686930
-3.548,flush_begin,0,0
-3.529,flush_end,0,2686930
-3.512,trivial_move,3,2686930
-3.504,trivial_move,4,2686930
-3.503,flush_begin,0,0
-3.486,flush_end,0,2686931
-3.470,trivial_move,3,2686932
-3.462,trivial_move,4,2686931
-3.461,flush_begin,0,0
-3.443,flush_end,0,2686931
-3.426,trivial_move,3,2686930
-3.418,trivial_move,4,2686931
-3.416,flush_begin,0,0
-3.398,flush_end,0,2686931
-3.381,trivial_move,3,2686932
-3.373,trivial_move,4,2686931
-3.371,flush_begin,0,0
-3.353,flush_end,0,2686931
-3.336,trivial_move,3,2686930
-3.328,trivial_move,4,2686932
-3.325,flush_begin,0,0
-3.308,flush_end,0,2686931
-3.291,trivial_move,3,2686932
-3.283,trivial_move,4,2686930
-3.282,flush_begin,0,0
-3.263,flush_end,0,2686930
-3.245,trivial_move,3,2686931
-3.236,trivial_move,4,2686932
-3.233,flush_begin,0,0
-3.214,flush_end,0,2686932
-3.197,trivial_move,3,2686931
-3.188,trivial_move,4,2686930
-3.188,flush_begin,0,0
-3.170,flush_end,0,2686930
-3.153,trivial_move,3,2686931
-3.145,trivial_move,4,2686932
-3.145,flush_begin,0,0
-3.126,flush_end,0,2686931
-3.109,trivial_move,3,2686930
-3.101,trivial_move,4,2686930
-3.099,flush_begin,0,0
-3.080,flush_end,0,2686932
-3.063,trivial_move,3,2686930
-3.055,trivial_move,4,2686931
-3.054,flush_begin,0,0
-3.035,flush_end,0,2686930
-3.019,trivial_move,3,2686931
-3.011,trivial_move,4,2686931
-3.011,flush_begin,0,0
-2.991,flush_end,0,2686932
-2.974,trivial_move,3,2686931
-2.966,trivial_move,4,2686930
-2.965,flush_begin,0,0
-2.947,flush_end,0,2686930
-2.930,trivial_move,3,2686931
-2.922,trivial_move,4,2686932
-2.920,flush_begin,0,0
-2.900,flush_end,0,2686932
-2.883,trivial_move,3,2686931
-2.875,trivial_move,4,2686930
-2.875,flush_begin,0,0
-2.856,flush_end,0,2686930
-2.839,trivial_move,3,2686930
-2.831,trivial_move,4,2686931
-2.830,flush_begin,0,0
-2.812,flush_end,0,2686931
-2.795,trivial_move,3,2686932
-2.786,trivial_move,4,2686931
-2.786,flush_begin,0,0
-2.767,flush_end,0,2686931
-2.750,trivial_move,3,2686930
-2.742,trivial_move,4,2686931
-2.742,flush_begin,0,0
-2.725,flush_end,0,2686931
-2.708,trivial_move,3,2686932
-2.700,trivial_move,4,2686931
-2.700,flush_begin,0,0
-2.682,flush_end,0,2686931
-2.665,trivial_move,3,2686930
-2.657,trivial_move,4,2686931
-2.656,flush_begin,0,0
-2.637,flush_end,0,2686930
-2.622,trivial_move,3,2686931
-2.614,trivial_move,4,2686930
-2.613,flush_begin,0,0
-2.594,flush_end,0,2686930
-2.577,trivial_move,3,2686931
-2.569,trivial_move,4,2686932
-2.568,flush_begin,0,0
-2.550,flush_end,0,2686931
-2.534,trivial_move,3,2686930
-2.526,trivial_move,4,2686930
-2.524,flush_begin,0,0
-2.505,flush_end,0,2686931
-2.488,trivial_move,3,2686932
-2.480,trivial_move,4,2686932
-2.478,flush_begin,0,0
-2.459,flush_end,0,2686931
-2.442,trivial_move,3,2686930
-2.434,trivial_move,4,2686930
-2.433,flush_begin,0,0
-2.414,flush_end,0,2686931
-2.397,trivial_move,3,2686931
-2.389,trivial_move,4,2686930
-2.389,flush_begin,0,0
-2.370,flush_end,0,2686930
-2.353,trivial_move,3,2686931
-2.344,trivial_move,4,2686933
-2.344,flush_begin,0,0
-2.326,flush_end,0,2686932
-2.309,trivial_move,3,2686932
-2.301,trivial_move,4,2686930
-2.299,flush_begin,0,0
-2.281,flush_end,0,2686930
-2.264,trivial_move,3,2686931
-2.256,trivial_move,4,2686932
-2.254,flush_begin,0,0
-2.237,flush_end,0,2686932
-2.220,trivial_move,3,2686931
-2.212,trivial_move,4,2686930
-2.209,flush_begin,0,0
-2.190,flush_end,0,2686930
-2.173,trivial_move,3,2686930
-2.165,trivial_move,4,2686931
-2.165,flush_begin,0,0
-2.145,flush_end,0,2686932
-2.128,trivial_move,3,2686932
-2.120,trivial_move,4,2686931
-2.119,flush_begin,0,0
-2.101,flush_end,0,2686931
-2.084,trivial_move,3,2686930
-2.075,trivial_move,4,2686931
-2.073,flush_begin,0,0
-2.053,flush_end,0,2686930
-2.036,trivial_move,3,2686932
-2.028,trivial_move,4,2686931
-2.027,flush_begin,0,0
-2.008,flush_end,0,2686932
-1.991,trivial_move,3,2686930
-1.983,trivial_move,4,2686931
-1.981,flush_begin,0,0
-1.962,flush_end,0,2686930
-1.945,trivial_move,3,2686930
-1.937,trivial_move,4,2686930
-1.936,flush_begin,0,0
-1.917,flush_end,0,2686931
-1.900,trivial_move,3,2686932
-1.894,trivial_move,4,2686932
-1.893,flush_begin,0,0
-1.874,flush_end,0,2686931
-1.858,trivial_move,3,2686930
-1.850,trivial_move,4,2686930
-1.848,flush_begin,0,0
-1.830,flush_end,0,2686931
-1.813,trivial_move,3,2686932
-1.805,trivial_move,4,2686931
-1.804,flush_begin,0,0
-1.786,flush_end,0,2686931
-1.769,trivial_move,3,2686930
-1.761,trivial_move,4,2686931
-1.760,flush_begin,0,0
-1.742,flush_end,0,2686931
-1.725,trivial_move,3,2686931
-1.717,trivial_move,4,2686930
-1.717,flush_begin,0,0
-1.699,flush_end,0,2686930
-1.682,trivial_move,3,2686931
-1.674,trivial_move,4,2686932
-1.672,flush_begin,0,0
-1.653,flush_end,0,2686932
-1.636,trivial_move,3,2686931
-1.627,trivial_move,4,2686930
-1.627,flush_begin,0,0
-1.608,flush_end,0,2686930
-1.590,trivial_move,3,2686931
-1.582,trivial_move,4,2686932
-1.582,flush_begin,0,0
-1.563,flush_end,0,2686932
-1.546,trivial_move,3,2686931
-1.538,trivial_move,4,2686930
-1.538,flush_begin,0,0
-1.520,flush_end,0,2686930
-1.503,trivial_move,3,2686930
-1.496,trivial_move,4,2686931
-1.496,flush_begin,0,0
-1.478,flush_end,0,2686930
-1.461,trivial_move,3,2686932
-1.453,trivial_move,4,2686931
-1.452,flush_begin,0,0
-1.435,flush_end,0,2686932
-1.419,trivial_move,3,2686930
-1.411,trivial_move,4,2686932
-1.410,flush_begin,0,0
-1.393,flush_end,0,2686930
-1.377,trivial_move,3,2686931
-1.369,trivial_move,4,2686931
-1.368,flush_begin,0,0
-1.350,flush_end,0,2686932
-1.334,trivial_move,3,2686932
-1.326,trivial_move,4,2686930
-1.323,flush_begin,0,0
-1.303,flush_end,0,2686930
-1.286,trivial_move,3,2686930
-1.278,trivial_move,4,2686930
-1.276,flush_begin,0,0
-1.258,flush_end,0,2686931
-1.241,trivial_move,3,2686932
-1.233,trivial_move,4,2686931
-1.231,flush_begin,0,0
-1.210,flush_end,0,2686931
-1.193,trivial_move,3,2686930
-1.185,trivial_move,4,2686931
-1.184,flush_begin,0,0
-1.165,flush_end,0,2686932
-1.148,trivial_move,3,2686932
-1.140,trivial_move,4,2686931
-1.138,flush_begin,0,0
-1.117,flush_end,0,2686931
-1.100,trivial_move,3,2686930
-1.092,trivial_move,4,2686931
-1.090,flush_begin,0,0
-1.071,flush_end,0,2686931
-1.054,trivial_move,3,2686931
-1.046,trivial_move,4,2686930
-1.045,flush_begin,0,0
-1.026,flush_end,0,2686930
-1.009,trivial_move,3,2686931
-1.001,trivial_move,4,2686932
-1.000,flush_begin,0,0
-0.982,flush_end,0,2686932
-0.965,trivial_move,3,2686931
-0.957,trivial_move,4,2686930
-0.956,flush_begin,0,0
-0.937,flush_end,0,2686930
-0.920,trivial_move,3,2686931
-0.912,trivial_move,4,2686932
-0.910,flush_begin,0,0
-0.891,flush_end,0,2686931
-0.874,trivial_move,3,2686930
-0.866,trivial_move,4,2686930
-0.864,flush_begin,0,0
-0.846,flush_end,0,2686931
-0.829,trivial_move,3,2686930
-0.821,trivial_move,4,2686931
-0.820,flush_begin,0,0
-0.801,flush_end,0,2686930
-0.784,trivial_move,3,2686931
-0.776,trivial_move,4,2686931
-0.776,flush_begin,0,0
-0.758,flush_end,0,2686932
-0.741,trivial_move,3,2686931
-0.733,trivial_move,4,2686930
-0.732,flush_begin,0,0
-0.714,flush_end,0,2686930
-0.697,trivial_move,3,2686931
-0.689,trivial_move,4,2686932
-0.688,flush_begin,0,0
-0.669,flush_end,0,2686932
-0.651,trivial_move,3,2686931
-0.643,trivial_move,4,2686930
-0.643,flush_begin,0,0
-0.625,flush_end,0,2686930
-0.608,trivial_move,3,2686930
-0.600,trivial_move,4,2686931
-0.599,flush_begin,0,0
-0.581,flush_end,0,2686931
-0.565,trivial_move,3,2686932
-0.557,trivial_move,4,2686931
-0.556,flush_begin,0,0
-0.539,flush_end,0,2686931
-0.522,trivial_move,3,2686930
-0.514,trivial_move,4,2686931
-0.513,flush_begin,0,0
-0.495,flush_end,0,2686931
-0.477,trivial_move,3,2686932
-0.469,trivial_move,4,2686931
-0.468,flush_begin,0,0
-0.450,flush_end,0,2686931
-0.433,trivial_move,3,2686930
-0.425,trivial_move,4,2686932
-0.423,flush_begin,0,0
-0.405,flush_end,0,2686930
-0.388,trivial_move,3,2686932
-0.380,trivial_move,4,2686930
-0.379,flush_begin,0,0
-0.361,flush_end,0,2686930
-0.343,trivial_move,3,2686931
-0.335,trivial_move,4,2686932
-0.334,flush_begin,0,0
-0.316,flush_end,0,2686931
-0.299,trivial_move,3,2686930
-0.291,trivial_move,4,2686930
-0.289,flush_begin,0,0
-0.270,flush_end,0,2686931
-0.253,trivial_move,3,2686932
-0.245,trivial_move,4,2686932
-0.243,flush_begin,0,0
-0.225,flush_end,0,2686931
-0.208,trivial_move,3,2686930
-0.200,trivial_move,4,2686930
-0.198,flush_begin,0,0
-0.181,flush_end,0,2686932
-0.164,trivial_move,3,2686931
-0.156,trivial_move,4,2686930
-0.156,flush_begin,0,0
-0.142,flush_end,0,2686930
-0.126,trivial_move,3,2686931
-0.118,trivial_move,4,2686932
-0.118,flush_begin,0,0
-0.108,flush_end,0,2686932
-0.091,trivial_move,3,2686931
-0.091,flush_begin,0,0
-0.080,flush_end,0,2686930
-0.062,trivial_move,3,2686931
-0.062,flush_begin,0,0
-0.051,flush_end,0,2686932
-0.035,trivial_move,3,2686931
-0.035,flush_begin,0,0
-0.023,flush_end,0,2686930
-0.005,trivial_move,3,2686930
-0.005,flush_begin,0,0
0.008,flush_end,0,2686931
0.026,trivial_move,3,2686932
0.026,flush_begin,0,0
0.039,flush_end,0,2686931
0.057,trivial_move,3,2686930
0.057,flush_begin,0,0
0.070,flush_end,0,2686930
0.087,trivial_move,3,2686932
0.087,flush_begin,0,0
0.101,flush_end,0,2686932
0.118,trivial_move,3,2686930
0.126,trivial_move,4,2686930
0.126,flush_begin,0,0
0.140,flush_end,0,2686930
0.157,trivial_move,3,2686930
0.165,trivial_move,4,2686932
0.165,flush_begin,0,0
0.180,flush_end,0,2686931
0.197,trivial_move,3,2686932
0.205,trivial_move,4,2686930
0.205,flush_begin,0,0
0.220,flush_end,0,2686931
0.237,trivial_move,3,2686930
0.245,trivial_move,4,2686931
0.245,flush_begin,0,0
0.263,flush_end,0,2686931
0.279,trivial_move,3,2686932
0.287,trivial_move,4,2686931
0.287,flush_begin,0,0
0.304,flush_end,0,2686931
0.320,trivial_move,3,2686930
0.329,trivial_move,4,2686931
0.329,flush_begin,0,0
0.346,flush_end,0,2686931
0.361,trivial_move,3,2686931
0.369,trivial_move,4,2686931
0.376,trivial_move,4,2686931
0.376,flush_begin,0,0
0.394,flush_end,0,2686930
0.410,trivial_move,3,2686931
0.418,trivial_move,4,2686930
0.418,flush_begin,0,0
0.436,flush_end,0,2686932
0.453,trivial_move,3,2686932
0.461,trivial_move,4,2686932
0.461,flush_begin,0,0
0.480,flush_end,0,2686930
0.497,trivial_move,3,2686931
0.505,trivial_move,4,2686930
0.505,flush_begin,0,0
0.521,flush_end,0,2686932
0.536,trivial_move,3,2686931
0.544,trivial_move,4,2686931
0.552,trivial_move,4,2686931
0.552,flush_begin,0,0
0.569,flush_end,0,2686930
0.585,trivial_move,3,2686930
0.593,trivial_move,4,2686930
0.593,flush_begin,0,0
0.609,flush_end,0,2686930
0.626,trivial_move,3,2686932
0.634,trivial_move,4,2686933
0.634,flush_begin,0,0
0.652,flush_end,0,2686933
0.669,trivial_move,3,2686930
0.677,trivial_move,4,2686930
0.677,flush_begin,0,0
0.694,flush_end,0,2686930
0.710,trivial_move,3,2686931
0.718,trivial_move,4,2686932
0.726,trivial_move,4,2686930
0.726,flush_begin,0,0
0.744,flush_end,0,2686932
0.760,trivial_move,3,2686931
0.768,trivial_move,4,2686931
0.776,trivial_move,4,2686931
0.776,flush_begin,0,0
0.794,flush_end,0,2686930
0.811,trivial_move,3,2686930
0.819,trivial_move,4,2686931
0.827,trivial_move,4,2686931
0.835,trivial_move,4,2686930
0.835,flush_begin,0,0
0.856,flush_end,0,2686931
0.873,trivial_move,3,2686932
0.881,trivial_move,4,2686930
0.889,trivial_move,4,2686931
0.890,flush_begin,0,0
0.911,flush_end,0,2686931
0.927,trivial_move,3,2686930
0.935,trivial_move,4,2686931
0.937,flush_begin,0,0
0.958,flush_end,0,2686931
0.975,trivial_move,3,2686932
0.983,trivial_move,4,2686931
0.983,flush_begin,0,0
1.002,flush_end,0,2686931
1.018,trivial_move,3,2686930
1.026,trivial_move,4,2686931
1.026,flush_begin,0,0
1.046,flush_end,0,2686931
1.063,trivial_move,3,2686931
1.071,trivial_move,4,2686930
1.071,flush_begin,0,0
1.089,flush_end,0,2686930
1.106,trivial_move,3,2686931
1.114,trivial_move,4,2686932
1.114,flush_begin,0,0
1.132,flush_end,0,2686932
1.149,trivial_move,3,2686931
1.157,trivial_move,4,2686930
1.160,flush_begin,0,0
1.177,flush_end,0,2686930
1.194,trivial_move,3,2686931
1.202,trivial_move,4,2686932
1.203,flush_begin,0,0
1.221,flush_end,0,2686931
1.239,trivial_move,3,2686930
1.247,trivial_move,4,2686930
1.248,flush_begin,0,0
1.267,flush_end,0,2686931
1.284,trivial_move,3,2686930
1.292,trivial_move,4,2686931
1.294,flush_begin,0,0
1.312,flush_end,0,2686930
1.329,trivial_move,3,2686931
1.337,trivial_move,4,2686931
1.340,flush_begin,0,0
1.359,flush_end,0,2686932
1.376,trivial_move,3,2686931
1.385,trivial_move,4,2686930
1.385,flush_begin,0,0
1.403,flush_end,0,2686930
1.420,trivial_move,3,2686931
1.428,trivial_move,4,2686933
1.428,flush_begin,0,0
1.447,flush_end,0,2686932
1.465,trivial_move,3,2686932
1.473,trivial_move,4,2686930
1.475,flush_begin,0,0
1.494,flush_end,0,2686930
1.511,trivial_move,3,2686930
1.519,trivial_move,4,2686931
1.520,flush_begin,0,0
1.540,flush_end,0,2686931
1.557,trivial_move,3,2686932
1.565,trivial_move,4,2686931
1.566,flush_begin,0,0
1.585,flush_end,0,2686931
1.602,trivial_move,3,2686930
1.610,trivial_move,4,2686931
1.613,flush_begin,0,0
1.633,flush_end,0,2686932
1.650,trivial_move,3,2686932
1.658,trivial_move,4,2686931
1.658,flush_begin,0,0
1.676,flush_end,0,2686931
1.693,trivial_move,3,2686930
1.701,trivial_move,4,2686931
1.702,flush_begin,0,0
1.721,flush_end,0,2686930
1.738,trivial_move,3,2686931
1.746,trivial_move,4,2686930
1.748,flush_begin,0,0
1.765,flush_end,0,2686930
1.782,trivial_move,3,2686931
1.790,trivial_move,4,2686932
1.791,flush_begin,0,0
1.808,flush_end,0,2686931
1.825,trivial_move,3,2686930
1.833,trivial_move,4,2686930
1.835,flush_begin,0,0
1.853,flush_end,0,2686931
1.870,trivial_move,3,2686932
1.878,trivial_move,4,2686932
1.879,flush_begin,0,0
1.898,flush_end,0,2686931
1.915,trivial_move,3,2686930
1.923,trivial_move,4,2686930
1.923,flush_begin,0,0
1.943,flush_end,0,2686931
1.960,trivial_move,3,2686931
1.968,trivial_move,4,2686930
1.970,flush_begin,0,0
1.989,flush_end,0,2686930
2.006,trivial_move,3,2686931
2.014,trivial_move,4,2686932
2.015,flush_begin,0,0
2.034,flush_end,0,2686932
2.051,trivial_move,3,2686931
2.060,trivial_move,4,2686930
2.060,flush_begin,0,0
2.078,flush_end,0,2686930
2.094,trivial_move,3,2686931
2.102,trivial_move,4,2686932
2.104,flush_begin,0,0
2.122,flush_end,0,2686932
2.139,trivial_move,3,2686931
2.147,trivial_move,4,2686930
2.149,flush_begin,0,0
2.169,flush_end,0,2686930
2.186,trivial_move,3,2686930
2.194,trivial_move,4,2686931
2.195,flush_begin,0,0
2.212,flush_end,0,2686931
2.228,trivial_move,3,2686932
2.236,trivial_move,4,2686931
2.238,flush_begin,0,0
2.256,flush_end,0,2686931
2.273,trivial_move,3,2686930
2.281,trivial_move,4,2686931
2.282,flush_begin,0,0
2.300,flush_end,0,2686930
2.317,trivial_move,3,2686932
2.325,trivial_move,4,2686931
2.326,flush_begin,0,0
2.346,flush_end,0,2686932
2.363,trivial_move,3,2686930
2.371,trivial_move,4,2686933
2.373,flush_begin,0,0
2.390,flush_end,0,2686930
2.407,trivial_move,3,2686930
2.415,trivial_move,4,2686930
2.415,flush_begin,0,0
2.432,flush_end,0,2686931
2.449,trivial_move,3,2686933
2.457,trivial_move,4,2686932
2.459,flush_begin,0,0
2.476,flush_end,0,2686931
2.493,trivial_move,3,2686930
2.501,trivial_move,4,2686930
2.503,flush_begin,0,0
2.521,flush_end,0,2686931
2.538,trivial_move,3,2686932
2.546,trivial_move,4,2686931
2.548,flush_begin,0,0
2.567,flush_end,0,2686931
2.584,trivial_move,3,2686930
2.592,trivial_move,4,2686931
2.592,flush_begin,0,0
2.611,flush_end,0,2686933
2.628,trivial_move,3,2686931
2.636,trivial_move,4,2686930
2.638,flush_begin,0,0
2.658,flush_end,0,2686930
2.676,trivial_move,3,2686931
2.684,trivial_move,4,2686932
2.685,flush_begin,0,0
2.704,flush_end,0,2686932
2.721,trivial_move,3,2686931
2.729,trivial_move,4,2686930
2.729,flush_begin,0,0
2.748,flush_end,0,2686930
2.765,trivial_move,3,2686931
2.773,trivial_move,4,2686932
2.774,flush_begin,0,0
2.792,flush_end,0,2686932
2.809,trivial_move,3,2686931
2.817,trivial_move,4,2686930
2.818,flush_begin,0,0
2.836,flush_end,0,2686930
2.853,trivial_move,3,2686930
2.861,trivial_move,4,2686931
2.861,flush_begin,0,0
2.880,flush_end,0,2686930
2.897,trivial_move,3,2686932
2.905,trivial_move,4,2686931
2.908,flush_begin,0,0
2.928,flush_end,0,2686932
2.945,trivial_move,3,2686930
2.953,trivial_move,4,2686931
2.954,flush_begin,0,0
2.976,flush_end,0,2686930
2.992,trivial_move,3,2686931
3.000,trivial_move,4,2686931
3.001,flush_begin,0,0
3.022,flush_end,0,2686932
3.040,trivial_move,3,2686931
3.048,trivial_move,4,2686930
3.050,flush_begin,0,0
3.070,flush_end,0,2686930
3.087,trivial_move,3,2686930
3.095,trivial_move,4,2686930
3.096,flush_begin,0,0
3.116,flush_end,0,2686931
3.133,trivial_move,3,2686932
3.141,trivial_move,4,2686931
3.143,flush_begin,0,0
3.163,flush_end,0,2686931
3.180,trivial_move,3,2686930
3.188,trivial_move,4,2686931
3.189,flush_begin,0,0
3.208,flush_end,0,2686931
3.225,trivial_move,3,2686932
3.233,trivial_move,4,2686931
3.234,flush_begin,0,0
3.253,flush_end,0,2686931
3.270,trivial_move,3,2686930
3.278,trivial_move,4,2686931
3.278,flush_begin,0,0
3.294,flush_end,0,2686931
3.311,trivial_move,3,2686931
3.319,trivial_move,4,2686930
3.320,flush_begin,0,0
3.334,flush_end,0,2686930
3.351,trivial_move,3,2686931
3.359,trivial_move,4,2686933
3.360,flush_begin,0,0
3.375,flush_end,0,2686932
3.393,trivial_move,3,2686932
3.401,trivial_move,4,2686930
3.402,flush_begin,0,0
3.418,flush_end,0,2686930
3.435,trivial_move,3,2686931
3.443,trivial_move,4,2686932
3.444,flush_begin,0,0
3.461,flush_end,0,2686931
3.479,trivial_move,3,2686930
3.487,trivial_move,4,2686930
3.488,flush_begin,0,0
3.505,flush_end,0,2686931
3.522,trivial_move,3,2686930
3.530,trivial_move,4,2686931
3.531,flush_begin,0,0
3.549,flush_end,0,2686930
3.565,trivial_move,3,2686931
3.573,trivial_move,4,2686931
3.573,flush_begin,0,0
3.589,flush_end,0,2686933
3.606,trivial_move,3,2686931
3.614,trivial_move,4,2686930
3.614,flush_begin,0,0
3.629,flush_end,0,2686930
3.646,trivial_move,3,2686931
3.654,trivial_move,4,2686932
3.655,flush_begin,0,0
3.670,flush_end,0,2686932
3.687,trivial_move,3,2686931
3.695,trivial_move,4,2686930
3.696,flush_begin,0,0
3.712,flush_end,0,2686930
3.729,trivial_move,3,2686930
3.737,trivial_move,4,2686931
3.738,flush_begin,0,0
3.755,flush_end,0,2686931
3.772,trivial_move,3,2686932
3.780,trivial_move,4,2686931
3.782,flush_begin,0,0
3.799,flush_end,0,2686931
3.816,trivial_move,3,2686930
3.824,trivial_move,4,2686931
3.826,flush_begin,0,0
3.844,flush_end,0,2686931
3.861,trivial_move,3,2686932
3.869,trivial_move,4,2686931
3.870,flush_begin,0,0
3.889,flush_end,0,2686931
3.906,trivial_move,3,2686930
3.914,trivial_move,4,2686931
3.916,flush_begin,0,0
3.934,flush_end,0,2686930
3.951,trivial_move,3,2686931
3.959,trivial_move,4,2686930
3.961,flush_begin,0,0
3.980,flush_end,0,2686930
3.998,trivial_move,3,2686931
4.006,trivial_move,4,2686932
4.007,flush_begin,0,0
4.026,flush_end,0,2686931
4.043,trivial_move,3,2686930
4.051,trivial_move,4,2686930
4.051,flush_begin,0,0
4.069,flush_end,0,2686931
4.086,trivial_move,3,2686932
4.094,trivial_move,4,2686932
4.095,flush_begin,0,0
4.113,flush_end,0,2686931
4.130,trivial_move,3,2686930
4.138,trivial_move,4,2686930
4.139,flush_begin,0,0
4.159,flush_end,0,2686931
4.176,trivial_move,3,2686931
4.184,trivial_move,4,2686930
4.185,flush_begin,0,0
4.207,flush_end,0,2686930
4.223,trivial_move,3,2686931
4.231,trivial_move,4,2686932
4.232,flush_begin,0,0
4.252,flush_end,0,2686932
4.267,trivial_move,3,2686931
4.283,trivial_move,4,2686930
4.283,flush_begin,0,0
4.301,flush_end,0,2686930
4.318,trivial_move,3,2686931
4.326,trivial_move,4,2686933
4.327,flush_begin,0,0
4.346,flush_end,0,2686932
4.363,trivial_move,3,2686933
4.371,trivial_move,4,2686930
4.373,flush_begin,0,0
4.391,flush_end,0,2686930
4.409,trivial_move,3,2686930
4.418,trivial_move,4,2686931
4.418,flush_begin,0,0
4.437,flush_end,0,2686931
4.454,trivial_move,3,2686932
4.462,trivial_move,4,2686931
4.462,flush_begin,0,0
4.481,flush_end,0,2686931
4.498,trivial_move,3,2686930
4.506,trivial_move,4,2686931
4.508,flush_begin,0,0
4.526,flush_end,0,2686930
4.544,trivial_move,3,2686932
4.553,trivial_move,4,2686931
4.553,flush_begin,0,0
4.571,flush_end,0,2686933
4.588,trivial_move,3,2686930
4.596,trivial_move,4,2686931
4.597,flush_begin,0,0
4.615,flush_end,0,2686930
4.632,trivial_move,3,2686930
4.640,trivial_move,4,2686930
4.641,flush_begin,0,0
4.658,flush_end,0,2686931
4.674,trivial_move,3,2686932
4.682,trivial_move,4,2686932
4.683,flush_begin,0,0
4.698,flush_end,0,2686931
4.715,trivial_move,3,2686930
4.723,trivial_move,4,2686930
4.724,flush_begin,0,0
4.740,flush_end,0,2686931
4.758,trivial_move,3,2686932
4.766,trivial_move,4,2686931
4.767,flush_begin,0,0
4.785,flush_end,0,2686931
4.802,trivial_move,3,2686930
4.810,trivial_move,4,2686931
4.811,flush_begin,0,0
4.828,flush_end,0,2686931
4.845,trivial_move,3,2686931
4.853,trivial_move,4,2686930
4.854,flush_begin,0,0
4.873,flush_end,0,2686930
4.890,trivial_move,3,2686931
4.898,trivial_move,4,2686932
4.898,flush_begin,0,0
4.914,flush_end,0,2686932
4.931,trivial_move,3,2686931
4.939,trivial_move,4,2686930
4.940,flush_begin,0,0
4.957,flush_end,0,2686930
4.976,trivial_move,3,2686931
4.984,trivial_move,4,2686932
4.985,flush_begin,0,0
5.002,flush_end,0,2686932
5.019,trivial_move,3,2686931
5.027,trivial_move,4,2686930
5.028,flush_begin,0,0
5.045,flush_end,0,2686930
5.062,trivial_move,3,2686930
5.070,trivial_move,4,2686931
5.072,flush_begin,0,0
5.090,flush_end,0,2686930
5.108,trivial_move,3,2686932
5.116,trivial_move,4,2686931
5.118,flush_begin,0,0
5.136,flush_end,0,2686932
5.153,trivial_move,3,2686930
5.161,trivial_move,4,2686931
5.164,flush_begin,0,0
5.183,flush_end,0,2686930
5.200,trivial_move,3,2686931
5.208,trivial_move,4,2686931
5.210,flush_begin,0,0
5.228,flush_end,0,2686932
5.246,trivial_move,3,2686931
5.254,trivial_move,4,2686930
5.254,flush_begin,0,0
5.275,flush_end,0,2686930
5.292,trivial_move,3,2686930
5.300,trivial_move,4,2686930
5.301,flush_begin,0,0
5.319,flush_end,0,2686931
5.336,trivial_move,3,2686933
5.344,trivial_move,4,2686931
5.345,flush_begin,0,0
5.364,flush_end,0,2686931
5.382,trivial_move,3,2686930
5.390,trivial_move,4,2686931
5.391,flush_begin,0,0
5.408,flush_end,0,2686931
5.425,trivial_move,3,2686932
5.434,trivial_move,4,2686931
5.436,flush_begin,0,0
5.454,flush_end,0,2686931
5.472,trivial_move,3,2686930
5.480,trivial_move,4,2686931
5.481,flush_begin,0,0
5.499,flush_end,0,2686932
5.516,trivial_move,3,2686931
5.524,trivial_move,4,2686930
5.524,flush_begin,0,0
5.543,flush_end,0,2686930
5.560,trivial_move,3,2686931
5.569,trivial_move,4,2686932
5.569,flush_begin,0,0
5.590,flush_end,0,2686932
5.608,trivial_move,3,2686931
5.615,trivial_move,4,2686930
5.615,flush_begin,0,0
5.633,flush_end,0,2686930
5.650,trivial_move,3,2686931
5.658,trivial_move,4,2686932
5.659,flush_begin,0,0
5.676,flush_end,0,2686931
5.694,trivial_move,3,2686930
5.702,trivial_move,4,2686930
5.703,flush_begin,0,0
5.723,flush_end,0,2686931
5.740,trivial_move,3,2686930
5.748,trivial_move,4,2686931
5.749,flush_begin,0,0
5.769,flush_end,0,2686930
5.786,trivial_move,3,2686931
5.794,trivial_move,4,2686931
5.794,flush_begin,0,0
5.813,flush_end,0,2686932
5.830,trivial_move,3,2686931
5.838,trivial_move,4,2686930
5.840,flush_begin,0,0
5.860,flush_end,0,2686930
5.877,trivial_move,3,2686931
5.885,trivial_move,4,2686932
5.886,flush_begin,0,0
5.905,flush_end,0,2686932
5.922,trivial_move,3,2686931
5.930,trivial_move,4,2686930
5.931,flush_begin,0,0
5.950,flush_end,0,2686930
5.967,trivial_move,3,2686930
5.975,trivial_move,4,2686931
5.976,flush_begin,0,0
5.994,flush_end,0,2686931
6.012,trivial_move,3,2686932
6.020,trivial_move,4,2686931
6.020,flush_begin,0,0
6.039,flush_end,0,2686931
6.056,trivial_move,3,2686930
6.064,trivial_move,4,2686931
6.065,flush_begin,0,0
6.083,flush_end,0,2686931
6.101,trivial_move,3,2686932
6.110,trivial_move,4,2686931
6.110,flush_begin,0,0
6.128,flush_end,0,2686931
6.145,trivial_move,3,2686930
6.153,trivial_move,4,2686931
6.153,flush_begin,0,0
6.169,flush_end,0,2686930
6.186,trivial_move,3,2686931
6.195,trivial_move,4,2686930
6.196,flush_begin,0,0
6.213,flush_end,0,2686930
6.231,trivial_move,3,2686931
6.239,trivial_move,4,2686933
6.241,flush_begin,0,0
6.259,flush_end,0,2686931
6.276,trivial_move,3,2686930
6.284,trivial_move,4,2686930
6.287,flush_begin,0,0
6.305,flush_end,0,2686931
6.323,trivial_move,3,2686933
6.331,trivial_move,4,2686932
6.331,flush_begin,0,0
6.349,flush_end,0,2686931
6.366,trivial_move,3,2686930
6.374,trivial_move,4,2686930
6.375,flush_begin,0,0
6.392,flush_end,0,2686931
6.410,trivial_move,3,2686931
6.418,trivial_move,4,2686930
6.420,flush_begin,0,0
6.438,flush_end,0,2686930
6.455,trivial_move,3,2686931
6.463,trivial_move,4,2686932
6.465,flush_begin,0,0
6.481,flush_end,0,2686933
6.499,trivial_move,3,2686931
6.507,trivial_move,4,2686930
6.508,flush_begin,0,0
6.526,flush_end,0,2686930
6.544,trivial_move,3,2686931
6.552,trivial_move,4,2686932
6.553,flush_begin,0,0
6.571,flush_end,0,2686932
6.588,trivial_move,3,2686931
6.596,trivial_move,4,2686930
6.599,flush_begin,0,0
6.616,flush_end,0,2686930
6.634,trivial_move,3,2686930
6.642,trivial_move,4,2686931
6.644,flush_begin,0,0
6.663,flush_end,0,2686931
6.680,trivial_move,3,2686932
6.688,trivial_move,4,2686931
6.690,flush_begin,0,0
6.709,flush_end,0,2686931
6.726,trivial_move,3,2686930
6.734,trivial_move,4,2686931
6.735,flush_begin,0,0
6.754,flush_end,0,2686930
6.772,trivial_move,3,2686932
6.780,trivial_move,4,2686931
6.782,flush_begin,0,0
6.800,flush_end,0,2686932
6.817,trivial_move,3,2686930
6.826,trivial_move,4,2686931
6.826,flush_begin,0,0
6.844,flush_end,0,2686930
6.861,trivial_move,3,2686930
6.871,trivial_move,4,2686930
6.871,flush_begin,0,0
6.890,flush_end,0,2686931
6.907,trivial_move,3,2686932
6.915,trivial_move,4,2686932
6.915,flush_begin,0,0
6.934,flush_end,0,2686931
6.951,trivial_move,3,2686930
6.959,trivial_move,4,2686930
6.961,flush_begin,0,0
6.979,flush_end,0,2686931
6.996,trivial_move,3,2686932
7.004,trivial_move,4,2686931
7.006,flush_begin,0,0
7.025,flush_end,0,2686931
7.043,trivial_move,3,2686930
7.051,trivial_move,4,2686931
7.053,flush_begin,0,0
7.072,flush_end,0,2686931
7.089,trivial_move,3,2686931
7.097,trivial_move,4,2686930
7.097,flush_begin,0,0
7.116,flush_end,0,2686930
7.133,trivial_move,3,2686931
7.141,trivial_move,4,2686932
7.141,flush_begin,0,0
7.159,flush_end,0,2686932
7.177,trivial_move,3,2686931
7.185,trivial_move,4,2686930
7.186,flush_begin,0,0
7.205,flush_end,0,2686930
7.222,trivial_move,3,2686931
7.230,trivial_move,4,2686933
7.232,flush_begin,0,0
7.250,flush_end,0,2686932
7.268,trivial_move,3,2686932
7.276,trivial_move,4,2686930
7.276,flush_begin,0,0
7.293,flush_end,0,2686930
7.310,trivial_move,3,2686930
7.318,trivial_move,4,2686931
7.319,flush_begin,0,0
7.336,flush_end,0,2686930
7.354,trivial_move,3,2686932
7.362,trivial_move,4,2686931
7.363,flush_begin,0,0
7.381,flush_end,0,2686932
7.398,trivial_move,3,2686930
7.407,trivial_move,4,2686931
7.409,flush_begin,0,0
7.427,flush_end,0,2686930
7.445,trivial_move,3,2686931
7.453,trivial_move,4,2686931
7.454,flush_begin,0,0
7.473,flush_end,0,2686933
7.490,trivial_move,3,2686931
7.498,trivial_move,4,2686930
7.500,flush_begin,0,0
7.519,flush_end,0,2686930
7.537,trivial_move,3,2686930
7.545,trivial_move,4,2686930
7.546,flush_begin,0,0
7.566,flush_end,0,2686931
7.584,trivial_move,3,2686932
7.592,trivial_move,4,2686931
7.593,flush_begin,0,0
7.613,flush_end,0,2686931
7.631,trivial_move,3,2686930
7.640,trivial_move,4,2686931
7.642,flush_begin,0,0
7.662,flush_end,0,2686931
7.680,trivial_move,3,2686932
7.688,trivial_move,4,2686931
7.689,flush_begin,0,0
7.708,flush_end,0,2686931
7.726,trivial_move,3,2686930
7.734,trivial_move,4,2686931
7.736,flush_begin,0,0
7.754,flush_end,0,2686931
7.770,trivial_move,3,2686931
7.778,trivial_move,4,2686930
7.779,flush_begin,0,0
7.797,flush_end,0,2686930
7.815,trivial_move,3,2686931
7.823,trivial_move,4,2686932
7.825,flush_begin,0,0
7.845,flush_end,0,2686932
7.862,trivial_move,3,2686931
7.870,trivial_move,4,2686930
7.872,flush_begin,0,0
7.890,flush_end,0,2686930
7.907,trivial_move,3,2686931
7.915,trivial_move,4,2686932
7.916,flush_begin,0,0
7.937,flush_end,0,2686931
7.954,trivial_move,3,2686930
7.962,trivial_move,4,2686930
7.963,flush_begin,0,0
7.983,flush_end,0,2686931
8.001,trivial_move,3,2686930
8.009,trivial_move,4,2686931
8.010,flush_begin,0,0
8.028,flush_end,0,2686930
8.045,trivial_move,3,2686931
8.053,trivial_move,4,2686931
8.055,flush_begin,0,0
8.074,flush_end,0,2686932
8.092,trivial_move,3,2686931
8.100,trivial_move,4,2686930
8.100,flush_begin,0,0
8.120,flush_end,0,2686930
8.137,trivial_move,3,2686931
8.145,trivial_move,4,2686932
8.147,flush_begin,0,0
8.165,flush_end,0,2686932
8.182,trivial_move,3,2686931
8.190,trivial_move,4,2686930
8.192,flush_begin,0,0
8.212,flush_end,0,2686930
8.229,trivial_move,3,2686930
8.238,trivial_move,4,2686932
8.239,flush_begin,0,0
8.258,flush_end,0,2686931
8.276,trivial_move,3,2686933
8.284,trivial_move,4,2686931
8.284,flush_begin,0,0
8.299,flush_end,0,2686931
8.316,trivial_move,3,2686930
8.324,trivial_move,4,2686931
8.324,flush_begin,0,0
8.338,flush_end,0,2686931
8.355,trivial_move,3,2686932
8.364,trivial_move,4,2686931
8.364,flush_begin,0,0
8.379,flush_end,0,2686931
8.396,trivial_move,3,2686930
8.404,trivial_move,4,2686931
8.404,flush_begin,0,0
8.420,flush_end,0,2686930
8.438,trivial_move,3,2686931
8.446,trivial_move,4,2686930
8.447,flush_begin,0,0
8.463,flush_end,0,2686930
8.479,trivial_move,3,2686931
8.487,trivial_move,4,2686932
8.488,flush_begin,0,0
8.505,flush_end,0,2686931
8.522,trivial_move,3,2686930
8.530,trivial_move,4,2686930
8.530,flush_begin,0,0
8.548,flush_end,0,2686931
8.565,trivial_move,3,2686932
8.573,trivial_move,4,2686932
8.574,flush_begin,0,0
8.591,flush_end,0,2686931
8.609,trivial_move,3,2686930
8.617,trivial_move,4,2686930
8.618,flush_begin,0,0
8.635,flush_end,0,2686931
8.653,trivial_move,3,2686931
8.661,trivial_move,4,2686930
8.662,flush_begin,0,0
8.680,flush_end,0,2686930
8.697,trivial_move,3,2686931
8.705,trivial_move,4,2686932
8.706,flush_begin,0,0
8.724,flush_end,0,2686932
8.741,trivial_move,3,2686931
8.749,trivial_move,4,2686930
8.750,flush_begin,0,0
8.769,flush_end,0,2686930
8.786,trivial_move,3,2686931
8.794,trivial_move,4,2686932
8.796,flush_begin,0,0
8.815,flush_end,0,2686932
8.832,trivial_move,3,2686931
8.840,trivial_move,4,2686930
8.840,flush_begin,0,0
8.862,flush_end,0,2686930
8.880,trivial_move,3,2686930
8.889,trivial_move,4,2686931
8.889,flush_begin,0,0
8.907,flush_end,0,2686931
8.924,trivial_move,3,2686932
8.932,trivial_move,4,2686931
8.932,flush_begin,0,0
8.951,flush_end,0,2686931
8.968,trivial_move,3,2686930
8.977,trivial_move,4,2686931
8.977,flush_begin,0,0
8.996,flush_end,0,2686930
9.013,trivial_move,3,2686932
9.021,trivial_move,4,2686931
9.022,flush_begin,0,0
9.040,flush_end,0,2686932
9.057,trivial_move,3,2686930
9.065,trivial_move,4,2686931
9.067,flush_begin,0,0
9.084,flush_end,0,2686930
9.101,trivial_move,3,2686930
9.109,trivial_move,4,2686930
9.111,flush_begin,0,0
9.129,flush_end,0,2686931
9.146,trivial_move,3,2686932
9.154,trivial_move,4,2686933
9.155,flush_begin,0,0
9.174,flush_end,0,2686931
9.191,trivial_move,3,2686930
9.199,trivial_move,4,2686930
9.199,flush_begin,0,0
9.219,flush_end,0,2686931
9.236,trivial_move,3,2686933
9.244,trivial_move,4,2686931
9.244,flush_begin,0,0
9.261,flush_end,0,2686931
9.278,trivial_move,3,2686930
9.286,trivial_move,4,2686931
9.288,flush_begin,0,0
9.307,flush_end,0,2686931
9.324,trivial_move,3,2686931
9.332,trivial_move,4,2686930
9.332,flush_begin,0,0
9.349,flush_end,0,2686930
9.367,trivial_move,3,2686931
9.375,trivial_move,4,2686932
9.375,flush_begin,0,0
9.391,flush_end,0,2686933
9.410,trivial_move,3,2686931
9.418,trivial_move,4,2686930
9.419,flush_begin,0,0
9.435,flush_end,0,2686930
9.452,trivial_move,3,2686931
9.460,trivial_move,4,2686932
9.460,flush_begin,0,0
9.475,flush_end,0,2686932
9.493,trivial_move,3,2686931
9.501,trivial_move,4,2686930
9.501,flush_begin,0,0
9.517,flush_end,0,2686930
9.534,trivial_move,3,2686930
9.542,trivial_move,4,2686931
9.542,flush_begin,0,0
9.559,flush_end,0,2686930
9.576,trivial_move,3,2686932
9.584,trivial_move,4,2686931
9.585,flush_begin,0,0
9.604,flush_end,0,2686932
9.621,trivial_move,3,2686930
9.629,trivial_move,4,2686931
9.631,flush_begin,0,0
9.649,flush_end,0,2686930
9.666,trivial_move,3,2686931
9.674,trivial_move,4,2686931
9.675,flush_begin,0,0
9.693,flush_end,0,2686932
9.710,trivial_move,3,2686931
9.718,trivial_move,4,2686930
9.719,flush_begin,0,0
9.736,flush_end,0,2686930
9.753,trivial_move,3,2686930
9.761,trivial_move,4,2686930
9.762,flush_begin,0,0
9.779,flush_end,0,2686931
9.796,trivial_move,3,2686932
9.804,trivial_move,4,2686931
9.805,flush_begin,0,0
9.822,flush_end,0,2686931
9.838,trivial_move,3,2686930
9.846,trivial_move,4,2686931
9.846,flush_begin,0,0
9.862,flush_end,0,2686931
9.879,trivial_move,3,2686932
9.888,trivial_move,4,2686931
9.888,flush_begin,0,0
9.905,flush_end,0,2686931
9.922,trivial_move,3,2686930
9.933,trivial_move,4,2686931
9.933,flush_begin,0,0
9.948,flush_end,0,2686931
9.965,trivial_move,3,2686931
9.974,trivial_move,4,2686930
9.974,flush_begin,0,0
9.991,flush_end,0,2686930
10.009,trivial_move,3,2686931
10.017,trivial_move,4,2686932
10.017,flush_begin,0,0
10.035,flush_end,0,2686932
10.052,trivial_move,3,2686931
10.061,trivial_move,4,2686930
10.061,flush_begin,0,0
10.080,flush_end,0,2686930
10.097,trivial_move,3,2686931
10.105,trivial_move,4,2686933
10.105,flush_begin,0,0
10.123,flush_end,0,2686931
10.140,trivial_move,3,2686930
10.148,trivial_move,4,2686930
10.150,flush_begin,0,0
10.169,flush_end,0,2686931
10.187,trivial_move,3,2686930
10.195,trivial_move,4,2686931
10.195,flush_begin,0,0
10.214,flush_end,0,2686930
10.231,trivial_move,3,2686931
10.239,trivial_move,4,2686931
10.239,flush_begin,0,0
10.259,flush_end,0,2686932
10.276,trivial_move,3,2686931
10.284,trivial_move,4,2686930
10.284,flush_begin,0,0
10.303,flush_end,0,2686930
10.321,trivial_move,3,2686931
10.329,trivial_move,4,2686932
10.330,flush_begin,0,0
10.349,flush_end,0,2686933
10.366,trivial_move,3,2686931
10.374,trivial_move,4,2686930
10.376,flush_begin,0,0
10.395,flush_end,0,2686930
10.413,trivial_move,3,2686930
10.422,trivial_move,4,2686931
10.422,flush_begin,0,0
10.442,flush_end,0,2686931
10.460,trivial_move,3,2686932
10.469,trivial_move,4,2686931
10.469,flush_begin,0,0
10.487,flush_end,0,2686931
10.503,trivial_move,3,2686930
10.509,trivial_move,4,2686931
10.512,flush_begin,0,0
10.530,flush_end,0,2686931
10.547,trivial_move,3,2686932
10.556,trivial_move,4,2686931
10.556,flush_begin,0,0
10.575,flush_end,0,2686931
10.592,trivial_move,3,2686930
10.601,trivial_move,4,2686931
10.601,flush_begin,0,0
10.619,flush_end,0,2686930
10.636,trivial_move,3,2686931
10.645,trivial_move,4,2686930
10.645,flush_begin,0,0
10.662,flush_end,0,2686930
10.680,trivial_move,3,2686931
10.688,trivial_move,4,2686932
10.689,flush_begin,0,0
10.706,flush_end,0,2686931
10.723,trivial_move,3,2686930
10.731,trivial_move,4,2686930
10.732,flush_begin,0,0
10.748,flush_end,0,2686931
10.765,trivial_move,3,2686932
10.774,trivial_move,4,2686932
10.774,flush_begin,0,0
10.792,flush_end,0,2686931
10.809,trivial_move,3,2686930
10.817,trivial_move,4,2686930
10.818,flush_begin,0,0
10.842,flush_end,0,2686931
10.860,trivial_move,3,2686931
10.868,trivial_move,4,2686930
10.870,flush_begin,0,0
10.889,flush_end,0,2686930
10.906,trivial_move,3,2686931
10.915,trivial_move,4,2686932
10.916,flush_begin,0,0
10.935,flush_end,0,2686932
10.954,trivial_move,3,2686931
10.962,trivial_move,4,2686930
10.964,flush_begin,0,0
10.984,flush_end,0,2686930
11.002,trivial_move,3,2686931
11.011,trivial_move,4,2686932
11.011,flush_begin,0,0
11.030,flush_end,0,2686932
11.047,trivial_move,3,2686931
11.057,trivial_move,4,2686930
11.057,flush_begin,0,0
11.076,flush_end,0,2686930
11.095,trivial_move,3,2686930
11.103,trivial_move,4,2686932
11.103,flush_begin,0,0
11.123,flush_end,0,2686931
11.141,trivial_move,3,2686933
11.149,trivial_move,4,2686931
11.151,flush_begin,0,0
11.169,flush_end,0,2686931
11.186,trivial_move,3,2686930
11.195,trivial_move,4,2686931
11.195,flush_begin,0,0
11.211,flush_end,0,2686930
11.228,trivial_move,3,2686932
11.237,trivial_move,4,2686931
11.237,flush_begin,0,0
11.253,flush_end,0,2686932
11.270,trivial_move,3,2686930
11.278,trivial_move,4,2686931
11.278,flush_begin,0,0
11.295,flush_end,0,2686930
11.312,trivial_move,3,2686930
11.320,trivial_move,4,2686930
11.320,flush_begin,0,0
11.339,flush_end,0,2686932
11.356,trivial_move,3,2686932
11.364,trivial_move,4,2686932
11.364,flush_begin,0,0
11.382,flush_end,0,2686931
11.399,trivial_move,3,2686930
11.407,trivial_move,4,2686930
11.408,flush_begin,0,0
11.426,flush_end,0,2686931
11.444,trivial_move,3,2686932
11.452,trivial_move,4,2686931
11.453,flush_begin,0,0
11.471,flush_end,0,2686931
11.488,trivial_move,3,2686930
11.496,trivial_move,4,2686931
11.497,flush_begin,0,0
11.515,flush_end,0,2686931
11.532,trivial_move,3,2686931
11.540,trivial_move,4,2686930
11.543,flush_begin,0,0
11.561,flush_end,0,2686930
11.578,trivial_move,3,2686931
11.586,trivial_move,4,2686932
11.588,flush_begin,0,0
11.606,flush_end,0,2686932
11.623,trivial_move,3,2686931
11.631,trivial_move,4,2686930
11.632,flush_begin,0,0
11.651,flush_end,0,2686930
11.669,trivial_move,3,2686931
11.678,trivial_move,4,2686932
11.679,flush_begin,0,0
11.697,flush_end,0,2686932
11.714,trivial_move,3,2686931
11.722,trivial_move,4,2686930
11.722,flush_begin,0,0
11.741,flush_end,0,2686930
11.758,trivial_move,3,2686930
11.766,trivial_move,4,2686931
11.768,flush_begin,0,0
11.786,flush_end,0,2686930
11.803,trivial_move,3,2686932
11.811,trivial_move,4,2686931
11.813,flush_begin,0,0
11.832,flush_end,0,2686932
11.850,trivial_move,3,2686930
11.859,trivial_move,4,2686931
11.860,flush_begin,0,0
11.878,flush_end,0,2686930
11.895,trivial_move,3,2686931
11.903,trivial_move,4,2686931
11.904,flush_begin,0,0
11.923,flush_end,0,2686932
11.941,trivial_move,3,2686931
11.949,trivial_move,4,2686930
11.949,flush_begin,0,0
11.969,flush_end,0,2686930
11.986,trivial_move,3,2686930
11.995,trivial_move,4,2686930
11.995,flush_begin,0,0
12.014,flush_end,0,2686931
12.030,trivial_move,3,2686932
12.038,trivial_move,4,2686931
12.038,flush_begin,0,0
12.057,flush_end,0,2686931
12.074,trivial_move,3,2686930
12.082,trivial_move,4,2686933
12.083,flush_begin,0,0
12.098,flush_end,0,2686931
12.116,trivial_move,3,2686933
12.124,trivial_move,4,2686931
12.125,flush_begin,0,0
12.141,flush_end,0,2686931
12.159,trivial_move,3,2686930
12.167,trivial_move,4,2686931
12.168,flush_begin,0,0
12.183,flush_end,0,2686931
12.201,trivial_move,3,2686931
12.209,trivial_move,4,2686930
12.210,flush_begin,0,0
12.227,flush_end,0,2686930
12.245,trivial_move,3,2686931
12.253,trivial_move,4,2686932
12.253,flush_begin,0,0
12.270,flush_end,0,2570063
12.288,trivial_move,3,2686931
12.296,trivial_move,4,2686930
12.296,compaction_begin,2,0
12.339,compaction_end,2,5374078
12.357,trivial_move,4,2686932
12.357,compaction_begin,2,0
12.393,compaction_end,2,5374077
12.411,trivial_move,4,2686930
12.411,compaction_begin,2,0
12.445,compaction_end,2,5374079
12.463,trivial_move,4,2686931
12.463,compaction_begin,2,0
12.494,compaction_end,2,5374079
12.512,trivial_move,4,2686931
12.512,compaction_begin,2,0
12.541,compaction_end,2,5374079
12.558,trivial_move,4,2686930
12.558,compaction_begin,2,0
12.586,compaction_end,2,5374079
12.605,trivial_move,4,2686932
12.605,compaction_begin,2,0
12.635,compaction_end,2,5374078
12.652,trivial_move,4,2686930
12.652,compaction_begin,2,0
12.681,compaction_end,2,5374079
12.699,trivial_move,4,2686931
12.699,compaction_begin,2,0
12.727,compaction_end,2,5374080
12.745,trivial_move,4,2686931
12.745,compaction_begin,2,0
12.773,compaction_end,2,5374079
12.791,trivial_move,4,2686931
12.791,compaction_begin,2,0
12.819,compaction_end,2,5374079
12.837,trivial_move,4,2686931
12.837,compaction_begin,2,0
12.866,compaction_end,2,5374078
12.884,trivial_move,4,2686931
12.884,compaction_begin,2,0
12.913,compaction_end,2,5374079
12.931,trivial_move,4,2686930
12.931,compaction_begin,2,0
12.960,compaction_end,2,5374078
12.977,trivial_move,4,2686932
12.977,compaction_begin,2,0
13.006,compaction_end,2,5374079
13.024,trivial_move,4,2686930
13.024,compaction_begin,2,0
13.053,compaction_end,2,5374079
13.072,trivial_move,4,2686933
13.072,compaction_begin,2,0
13.100,compaction_end,2,5374078
13.118,trivial_move,4,2686930
13.118,compaction_begin,2,0
13.147,compaction_end,2,5374079
13.165,trivial_move,4,2686930
13.165,compaction_begin,2,0
13.197,compaction_end,2,5374079
13.216,trivial_move,4,2686932
13.216,compaction_begin,2,0
13.232,compaction_end,2,2570063
13.250,trivial_move,4,2686930
13.258,trivial_move,4,2686932
13.258,compaction_begin,3,0
13.291,compaction_end,3,5374079
13.309,trivial_move,4,2686931
13.309,compaction_begin,3,0
13.342,compaction_end,3,5374079
13.369,trivial_move,4,2686931
13.369,compaction_begin,3,0
13.402,compaction_end,3,5374077
13.420,trivial_move,4,2686930
13.420,compaction_begin,3,0
13.451,compaction_end,3,5374079
13.469,trivial_move,4,2686930
13.469,compaction_begin,3,0
13.502,compaction_end,3,5374079
13.519,trivial_move,4,2686932
13.519,compaction_begin,3,0
13.549,compaction_end,3,5374080
13.566,trivial_move,4,2686931
13.566,compaction_begin,3,0
13.597,compaction_end,3,5374079
13.606,compaction_begin,3,0
13.634,compaction_end,3,5374079
13.644,compaction_begin,3,0
13.671,compaction_end,3,5374079
13.681,compaction_begin,3,0
13.708,compaction_end,3,5374079
13.717,compaction_begin,3,0
13.744,compaction_end,3,5374078
13.755,compaction_begin,3,0
13.781,compaction_end,3,5374079
13.791,compaction_begin,3,0
13.816,compaction_end,3,5374079
13.825,compaction_begin,3,0
13.850,compaction_end,3,5374078
13.860,compaction_begin,3,0
13.884,compaction_end,3,5374079
13.894,compaction_begin,3,0
13.919,compaction_end,3,5374078
13.930,compaction_begin,3,0
13.955,compaction_end,3,5374080
13.966,compaction_begin,3,0
13.990,compaction_end,3,5374079
14.000,compaction_begin,3,0
14.024,compaction_end,3,5374079
14.035,compaction_begin,3,0
14.059,compaction_end,3,5374079
14.070,compaction_begin,3,0
14.095,compaction_end,3,5374078
14.105,compaction_begin,3,0
14.130,compaction_end,3,5374079
14.141,compaction_begin,3,0
14.165,compaction_end,3,5374079
14.176,compaction_begin,3,0
14.200,compaction_end,3,5374079
14.210,compaction_begin,3,0
14.234,compaction_end,3,5374079
14.244,compaction_begin,3,0
14.268,compaction_end,3,5374077
14.278,compaction_begin,3,0
14.302,compaction_end,3,5374078
14.313,compaction_begin,3,0
14.336,compaction_end,3,5374080
14.346,compaction_begin,3,0
14.369,compaction_end,3,5374079
14.379,compaction_begin,3,0
14.403,compaction_end,3,5374079
14.414,compaction_begin,3,0
14.438,compaction_end,3,5374078
14.449,compaction_begin,3,0
14.473,compaction_end,3,5374079
14.483,compaction_begin,3,0
14.506,compaction_end,3,5374079
14.516,compaction_begin,3,0
14.540,compaction_end,3,5374079
14.550,compaction_begin,3,0
14.574,compaction_end,3,5374079
14.585,compaction_begin,3,0
14.609,compaction_end,3,5374078
14.619,compaction_begin,3,0
14.643,compaction_end,3,5374079
14.653,compaction_begin,3,0
14.676,compaction_end,3,5374080
14.686,compaction_begin,3,0
14.710,compaction_end,3,5374078
14.721,compaction_begin,3,0
14.745,compaction_end,3,5374079
14.755,compaction_begin,3,0
14.779,compaction_end,3,5374078
14.789,compaction_begin,3,0
14.813,compaction_end,3,5374079
14.822,compaction_begin,3,0
14.846,compaction_end,3,5374079
14.856,compaction_begin,3,0
14.879,compaction_end,3,5374079
14.888,compaction_begin,3,0
14.913,compaction_end,3,5374079
14.922,compaction_begin,3,0
14.947,compaction_end,3,5374078
14.957,compaction_begin,3,0
14.982,compaction_end,3,5374079
14.993,compaction_begin,3,0
15.017,compaction_end,3,5374079
15.027,compaction_begin,3,0
15.050,compaction_end,3,5374080
15.059,compaction_begin,3,0
15.083,compaction_end,3,5374079
15.093,compaction_begin,3,0
15.116,compaction_end,3,5374077
15.126,compaction_begin,3,0
15.150,compaction_end,3,5374078
15.160,compaction_begin,3,0
15.183,compaction_end,3,5374079
15.193,compaction_begin,3,0
15.217,compaction_end,3,5374079
15.226,compaction_begin,3,0
15.249,compaction_end,3,5374079
15.260,compaction_begin,3,0
15.284,compaction_end,3,5374078
15.294,compaction_begin,3,0
15.318,compaction_end,3,5374079
15.328,compaction_begin,3,0
15.352,compaction_end,3,5374079
15.362,compaction_begin,3,0
15.386,compaction_end,3,5374079
15.395,compaction_begin,3,0
15.419,compaction_end,3,5374080
15.429,compaction_begin,3,0
15.453,compaction_end,3,5374078
15.463,compaction_begin,3,0
15.487,compaction_end,3,5374079
15.496,compaction_begin,3,0
15.520,compaction_end,3,5374079
15.530,compaction_begin,3,0
15.553,compaction_end,3,5374078
15.562,compaction_begin,3,0
15.586,compaction_end,3,5374079
15.596,compaction_begin,3,0
15.620,compaction_end,3,5374078
15.630,compaction_begin,3,0
15.654,compaction_end,3,5374079
15.664,compaction_begin,3,0
15.688,compaction_end,3,5374079
15.698,compaction_begin,3,0
15.722,compaction_end,3,5374079
15.732,compaction_begin,3,0
15.756,compaction_end,3,5374079
15.765,compaction_begin,3,0
15.788,compaction_end,3,5374079
15.797,compaction_begin,3,0
15.821,compaction_end,3,5374079
15.831,compaction_begin,3,0
15.854,compaction_end,3,5374079
15.864,compaction_begin,3,0
15.888,compaction_end,3,5374079
15.898,compaction_begin,3,0
15.922,compaction_end,3,5374079
15.933,compaction_begin,3,0
15.957,compaction_end,3,5374077
15.967,compaction_begin,3,0
15.990,compaction_end,3,5374078
16.000,compaction_begin,3,0
16.024,compaction_end,3,5374079
16.034,compaction_begin,3,0
16.058,compaction_end,3,5374079
16.069,compaction_begin,3,0
16.092,compaction_end,3,5374079
16.101,compaction_begin,3,0
16.125,compaction_end,3,5374078
16.135,compaction_begin,3,0
16.159,compaction_end,3,5374080
16.169,compaction_begin,3,0
16.193,compaction_end,3,5374079
16.204,compaction_begin,3,0
16.228,compaction_end,3,5374079
16.238,compaction_begin,3,0
16.261,compaction_end,3,5374079
16.271,compaction_begin,3,0
16.295,compaction_end,3,5374078
16.305,compaction_begin,3,0
16.329,compaction_end,3,5374079
16.339,compaction_begin,3,0
16.364,compaction_end,3,5374079
16.374,compaction_begin,3,0
16.398,compaction_end,3,5374078
16.408,compaction_begin,3,0
16.432,compaction_end,3,5374079
16.442,compaction_begin,3,0
16.466,compaction_end,3,5374078
16.477,compaction_begin,3,0
16.501,compaction_end,3,5374079
16.511,compaction_begin,3,0
16.535,compaction_end,3,5374081
16.545,compaction_begin,3,0
16.569,compaction_end,3,5374079
16.579,compaction_begin,3,0
16.602,compaction_end,3,5374079
16.613,compaction_begin,3,0
16.637,compaction_end,3,5374078
16.647,compaction_begin,3,0
16.670,compaction_end,3,5374079
16.680,compaction_begin,3,0
16.704,compaction_end,3,5374079
16.712,compaction_begin,3,0
16.735,compaction_end,3,5374079
16.746,compaction_begin,3,0
16.770,compaction_end,3,5374079
16.780,compaction_begin,3,0
16.804,compaction_end,3,5374077
16.814,compaction_begin,3,0
16.838,compaction_end,3,5374078
16.848,compaction_begin,3,0
16.873,compaction_end,3,5374079
16.884,compaction_begin,3,0
16.908,compaction_end,3,5374080
16.917,compaction_begin,3,0
16.940,compaction_end,3,5374079
16.949,compaction_begin,3,0
16.972,compaction_end,3,5374078
16.982,compaction_begin,3,0
17.006,compaction_end,3,5374079
17.016,compaction_begin,3,0
17.039,compaction_end,3,5374079
17.049,compaction_begin,3,0
17.072,compaction_end,3,5374079
17.082,compaction_begin,3,0
17.106,compaction_end,3,5374079
17.116,compaction_begin,3,0
17.139,compaction_end,3,5374078
17.150,compaction_begin,3,0
17.173,compaction_end,3,5374079
17.183,compaction_begin,3,0
17.206,compaction_end,3,5374079
17.216,compaction_begin,3,0
17.239,compaction_end,3,5374078
17.248,compaction_begin,3,0
17.272,compaction_end,3,5374080
17.282,compaction_begin,3,0
17.306,compaction_end,3,5374078
17.315,compaction_begin,3,0
17.339,compaction_end,3,5374079
17.349,compaction_begin,3,0
17.373,compaction_end,3,5374079
17.383,compaction_begin,3,0
17.407,compaction_end,3,5374079
17.417,compaction_begin,3,0
17.441,compaction_end,3,5374079
17.451,compaction_begin,3,0
17.475,compaction_end,3,5374078
17.485,compaction_begin,3,0
17.510,compaction_end,3,5374079
17.520,compaction_begin,3,0
17.544,compaction_end,3,5374079
17.555,compaction_begin,3,0
17.578,compaction_end,3,5374079
17.588,compaction_begin,3,0
17.612,compaction_end,3,5374080
17.622,compaction_begin,3,0
17.646,compaction_end,3,5374077
17.656,compaction_begin,3,0
17.679,compaction_end,3,5374078
17.689,compaction_begin,3,0
17.713,compaction_end,3,5374079
17.723,compaction_begin,3,0
17.747,compaction_end,3,5374079
17.757,compaction_begin,3,0
17.781,compaction_end,3,5374079
17.791,compaction_begin,3,0
17.814,compaction_end,3,5374078
17.824,compaction_begin,3,0
17.848,compaction_end,3,5374079
17.858,compaction_begin,3,0
17.882,compaction_end,3,5374079
17.891,compaction_begin,3,0
17.915,compaction_end,3,5374079
17.924,compaction_begin,3,0
17.948,compaction_end,3,5374079
17.959,compaction_begin,3,0
17.983,compaction_end,3,5374079
17.993,compaction_begin,3,0
18.017,compaction_end,3,5374079
18.025,compaction_begin,3,0
18.057,compaction_end,3,5374079
18.066,compaction_begin,3,0
18.091,compaction_end,3,5374078
18.101,compaction_begin,3,0
18.126,compaction_end,3,5374079
18.136,compaction_begin,3,0
18.161,compaction_end,3,5374078
18.171,compaction_begin,3,0
18.196,compaction_end,3,5374079
18.206,compaction_begin,3,0
18.230,compaction_end,3,5374079
18.240,compaction_begin,3,0
18.265,compaction_end,3,5374079
18.275,compaction_begin,3,0
18.300,compaction_end,3,5374079
18.310,compaction_begin,3,0
18.336,compaction_end,3,5374078
18.346,compaction_begin,3,0
18.371,compaction_end,3,5374080
18.381,compaction_begin,3,0
18.406,compaction_end,3,5374079
18.416,compaction_begin,3,0
18.442,compaction_end,3,5374079
18.451,compaction_begin,3,0
18.475,compaction_end,3,5374079
18.485,compaction_begin,3,0
18.510,compaction_end,3,5374077
18.520,compaction_begin,3,0
18.546,compaction_end,3,5374078
18.556,compaction_begin,3,0
18.581,compaction_end,3,5374079
18.591,compaction_begin,3,0
18.616,compaction_end,3,5374079
18.625,compaction_begin,3,0
18.649,compaction_end,3,5374079
18.659,compaction_begin,3,0
18.684,compaction_end,3,5374078
18.694,compaction_begin,3,0
18.718,compaction_end,3,5374079
18.728,compaction_begin,3,0
18.752,compaction_end,3,5374080
18.761,compaction_begin,3,0
18.786,compaction_end,3,5374079
18.797,compaction_begin,3,0
18.822,compaction_end,3,5374079
18.832,compaction_begin,3,0
18.857,compaction_end,3,5374078
18.867,compaction_begin,3,0
18.892,compaction_end,3,5374079
18.902,compaction_begin,3,0
18.927,compaction_end,3,5374079
18.937,compaction_begin,3,0
18.961,compaction_end,3,5374078
18.971,compaction_begin,3,0
18.996,compaction_end,3,5374079
19.005,compaction_begin,3,0
19.030,compaction_end,3,5374078
19.040,compaction_begin,3,0
19.064,compaction_end,3,5374079
19.074,compaction_begin,3,0
19.098,compaction_end,3,5374079
19.108,compaction_begin,3,0
19.132,compaction_end,3,5374080
19.142,compaction_begin,3,0
19.168,compaction_end,3,5374079
19.178,compaction_begin,3,0
19.202,compaction_end,3,5374078
19.212,compaction_begin,3,0
19.237,compaction_end,3,5374079
19.247,compaction_begin,3,0
19.272,compaction_end,3,5374079
19.282,compaction_begin,3,0
19.307,compaction_end,3,5374079
19.316,compaction_begin,3,0
19.341,compaction_end,3,5374079
19.351,compaction_begin,3,0
19.375,compaction_end,3,5374077
19.386,compaction_begin,3,0
19.410,compaction_end,3,5374078
19.420,compaction_begin,3,0
19.444,compaction_end,3,5374079
19.454,compaction_begin,3,0
19.479,compaction_end,3,5374079
19.489,compaction_begin,3,0
19.513,compaction_end,3,5374080
19.523,compaction_begin,3,0
19.547,compaction_end,3,5374078
19.557,compaction_begin,3,0
19.586,compaction_end,3,7023641
19.595,compaction_begin,3,0
19.621,compaction_end,3,5374083
19.631,compaction_begin,3,0
19.655,compaction_end,3,5374083
19.665,compaction_begin,3,0
19.689,compaction_end,3,5374083
19.698,compaction_begin,3,0
19.724,compaction_end,3,5374084
19.735,compaction_begin,3,0
19.760,compaction_end,3,5374083
19.771,compaction_begin,3,0
19.796,compaction_end,3,5374082
19.806,compaction_begin,3,0
19.830,compaction_end,3,5374083
19.840,compaction_begin,3,0
19.865,compaction_end,3,5374084
19.875,compaction_begin,3,0
19.900,compaction_end,3,5374084
19.910,compaction_begin,3,0
19.935,compaction_end,3,5374083
19.945,compaction_begin,3,0
19.969,compaction_end,3,5374082
19.980,compaction_begin,3,0
20.004,compaction_end,3,5374083
20.014,compaction_begin,3,0
20.038,compaction_end,3,5374083
20.048,compaction_begin,3,0
20.073,compaction_end,3,5374084
20.083,compaction_begin,3,0
20.107,compaction_end,3,5374082
20.116,compaction_begin,3,0
20.142,compaction_end,3,5374083
20.152,compaction_begin,3,0
20.175,compaction_end,3,5374083
20.185,compaction_begin,3,0
20.210,compaction_end,3,5374083
20.220,compaction_begin,3,0
20.234,compaction_end,3,3607587
25.678,flush_begin,0,0
25.691,flush_end,0,2744584
25.701,compaction_begin,2,0
25.998,compaction_end,2,2675305
26.009,compaction_begin,3,0
26.203,compaction_end,3,42992648
26.215,compaction_begin,3,0
26.533,compaction_end,3,42992649
26.545,compaction_begin,3,0
26.976,compaction_end,3,42992649
26.989,compaction_begin,3,0
27.169,compaction_end,3,42992653
27.180,compaction_begin,3,0
27.365,compaction_end,3,42992653
27.376,compaction_begin,3,0
27.562,compaction_end,3,42992654
27.573,compaction_begin,3,0
27.761,compaction_end,3,42992653
27.772,compaction_begin,3,0
27.912,compaction_end,3,31515311
27.923,compaction_begin,3,0
28.647,compaction_end,3,42992649
28.658,compaction_begin,3,0
29.425,compaction_end,3,42992648
29.436,compaction_begin,3,0
30.163,compaction_end,3,40305589
30.173,compaction_begin,3,0
30.850,compaction_end,3,42992649
30.861,compaction_begin,3,0
31.049,compaction_end,3,42992655
31.060,compaction_begin,3,0
31.138,flush_begin,0,0
31.150,flush_end,0,2745004
31.266,compaction_end,3,42992654
31.277,compaction_begin,2,0
31.576,compaction_end,2,2966385
31.591,compaction_begin,3,0
31.794,compaction_end,3,42992648
31.808,compaction_begin,3,0
31.988,compaction_end,3,42992649
32.000,compaction_begin,3,0
32.181,compaction_end,3,42992649
32.192,compaction_begin,3,0
32.376,compaction_end,3,42992649
32.388,compaction_begin,3,0
32.575,compaction_end,3,42992653
32.586,compaction_begin,3,0
33.389,compaction_end,3,42992648
33.404,compaction_begin,3,0
33.580,compaction_end,3,42992655
33.591,compaction_begin,3,0
33.766,compaction_end,3,42992654
33.777,compaction_begin,3,0
33.951,compaction_end,3,42992653
33.962,compaction_begin,3,0
34.722,compaction_end,3,42992648
34.733,compaction_begin,3,0
34.912,compaction_end,3,42992648
34.924,compaction_begin,3,0
35.100,compaction_end,3,42992649
35.111,compaction_begin,3,0
35.288,compaction_end,3,42992653
35.299,compaction_begin,3,0
36.067,compaction_end,3,42992650
36.078,compaction_begin,3,0
36.256,compaction_end,3,42992653
36.267,compaction_begin,3,0
36.620,flush_begin,0,0
36.632,flush_end,0,2744454
37.045,compaction_end,3,42992648
37.056,compaction_begin,2,0
37.361,compaction_end,2,3174821
37.376,compaction_begin,3,0
37.577,compaction_end,3,42992648
37.589,compaction_begin,3,0
37.762,compaction_end,3,42992649
37.772,compaction_begin,3,0
37.945,compaction_end,3,42992654
37.956,compaction_begin,3,0
38.128,compaction_end,3,42992649
38.140,compaction_begin,3,0
38.312,compaction_end,3,42992653
38.322,compaction_begin,3,0
38.500,compaction_end,3,42992649
38.512,compaction_begin,3,0
38.735,compaction_end,3,45679536
38.746,compaction_begin,3,0
38.920,compaction_end,3,42992653
38.931,compaction_begin,3,0
39.107,compaction_end,3,42992653
39.114,compaction_begin,3,0
39.288,compaction_end,3,42992654
39.299,compaction_begin,3,0
39.560,compaction_end,3,44404455
39.571,compaction_begin,3,0
39.748,compaction_end,3,42992652
39.759,compaction_begin,3,0
39.935,compaction_end,3,42992653
39.945,compaction_begin,3,0
40.122,compaction_end,3,42992652
40.133,compaction_begin,3,0
40.307,compaction_end,3,42992653
40.316,compaction_begin,3,0
41.084,compaction_end,3,42992650
41.093,compaction_begin,3,0
41.851,compaction_end,3,42992648
41.861,compaction_begin,3,0
42.034,compaction_end,3,42992655
42.044,compaction_begin,3,0
42.067,flush_begin,0,0
42.078,flush_end,0,2744214
42.194,compaction_end,3,31515311
42.204,compaction_begin,2,0
42.512,compaction_end,2,3325879
42.526,compaction_begin,3,0
42.727,compaction_end,3,42992649
42.739,compaction_begin,3,0
42.903,compaction_end,3,42992648
42.915,compaction_begin,3,0
43.082,compaction_end,3,42992649
43.093,compaction_begin,3,0
43.275,compaction_end,3,42992654
43.284,compaction_begin,3,0
43.469,compaction_end,3,43367081
43.482,compaction_begin,3,0
43.657,compaction_end,3,42992653
43.667,compaction_begin,3,0
43.844,compaction_end,3,42992648
43.852,compaction_begin,3,0
44.038,compaction_end,3,44642301
44.050,compaction_begin,3,0
44.235,compaction_end,3,42992648
44.245,compaction_begin,3,0
44.430,compaction_end,3,45305111
44.441,compaction_begin,3,0
44.614,compaction_end,3,42992653
44.625,compaction_begin,3,0
45.383,compaction_end,3,42992648
45.394,compaction_begin,3,0
45.569,compaction_end,3,42992650
45.578,compaction_begin,3,0
45.756,compaction_end,3,42992648
45.768,compaction_begin,3,0
45.942,compaction_end,3,42992653
45.951,compaction_begin,3,0
46.691,compaction_end,3,42992650
46.702,compaction_begin,3,0
46.876,compaction_end,3,42992654
46.886,compaction_begin,3,0
47.515,flush_begin,0,0
47.526,flush_end,0,2744531
47.652,compaction_end,3,42992648
47.663,compaction_begin,2,0
47.971,compaction_end,2,3389853
47.986,compaction_begin,3,0
48.177,compaction_end,3,42992648
48.189,compaction_begin,3,0
48.358,compaction_end,3,42992649
48.369,compaction_begin,3,0
48.548,compaction_end,3,44930721
48.560,compaction_begin,3,0
48.730,compaction_end,3,43367079
48.741,compaction_begin,3,0
48.914,compaction_end,3,42992654
48.924,compaction_begin,3,0
49.098,compaction_end,3,42992648
49.108,compaction_begin,3,0
49.280,compaction_end,3,42992653
49.290,compaction_begin,3,0
49.466,compaction_end,3,42992650
49.476,compaction_begin,3,0
49.699,compaction_end,3,46054016
49.710,compaction_begin,3,0
49.887,compaction_end,3,42992654
49.897,compaction_begin,3,0
50.071,compaction_end,3,42992650
50.081,compaction_begin,3,0
50.257,compaction_end,3,42992653
50.267,compaction_begin,3,0
51.021,compaction_end,3,42992648
51.032,compaction_begin,3,0
51.207,compaction_end,3,42992653
51.217,compaction_begin,3,0
51.393,compaction_end,3,42992648
51.403,compaction_begin,3,0
51.577,compaction_end,3,42992648
51.587,compaction_begin,3,0
51.762,compaction_end,3,42992648
51.772,compaction_begin,3,0
51.947,compaction_end,3,42992650
51.957,compaction_begin,3,0
52.128,compaction_end,3,42992653
52.138,compaction_begin,3,0
52.314,compaction_end,3,43367080
52.324,compaction_begin,3,0
53.003,flush_begin,0,0
53.014,flush_end,0,2745087
53.074,compaction_end,3,41955150
53.084,compaction_begin,2,0
53.390,compaction_end,2,3492154
53.405,compaction_begin,3,0
53.609,compaction_end,3,44556329
53.622,compaction_begin,3,0
53.788,compaction_end,3,43367082
53.800,compaction_begin,3,0
53.969,compaction_end,3,42992649
53.980,compaction_begin,3,0
54.152,compaction_end,3,42992650
54.163,compaction_begin,3,0
54.346,compaction_end,3,44267905
54.357,compaction_begin,3,0
54.547,compaction_end,3,46054015
54.558,compaction_begin,3,0
54.734,compaction_end,3,43367081
54.743,compaction_begin,3,0
54.928,compaction_end,3,43367083
54.940,compaction_begin,3,0
55.116,compaction_end,3,42992654
55.126,compaction_begin,3,0
55.472,compaction_end,3,42992653
55.482,compaction_begin,3,0
55.659,compaction_end,3,42992653
55.669,compaction_begin,3,0
55.845,compaction_end,3,42992648
55.857,compaction_begin,3,0
56.032,compaction_end,3,42992648
56.048,compaction_begin,3,0
56.223,compaction_end,3,42992653
56.233,compaction_begin,3,0
56.407,compaction_end,3,42992648
56.417,compaction_begin,3,0
56.594,compaction_end,3,42992650
56.605,compaction_begin,3,0
56.782,compaction_end,3,42992648
56.792,compaction_begin,3,0
57.537,compaction_end,3,42992653
57.547,compaction_begin,3,0
57.722,compaction_end,3,42992648
57.733,compaction_begin,3,0
57.907,compaction_end,3,42992648
57.917,compaction_begin,3,0
58.091,compaction_end,3,42992650
58.102,compaction_begin,3,0
58.274,compaction_end,3,42992653
58.284,compaction_begin,3,0
58.443,flush_begin,0,0
58.455,flush_end,0,2744983
58.477,compaction_end,3,42992655
58.488,compaction_begin,2,0
58.784,compaction_end,2,3598664
58.798,compaction_begin,3,0
58.993,compaction_end,3,43367078
59.006,compaction_begin,3,0
59.189,compaction_end,3,46054016
59.201,compaction_begin,3,0
59.376,compaction_end,3,44181992
59.388,compaction_begin,3,0
59.560,compaction_end,3,43367078
59.571,compaction_begin,3,0
59.746,compaction_end,3,42992653
59.757,compaction_begin,3,0
59.931,compaction_end,3,43367081
59.942,compaction_begin,3,0
60.691,compaction_end,3,42992650
60.702,compaction_begin,3,0
60.838,compaction_end,3,32415986
60.849,compaction_begin,3,0
61.026,compaction_end,3,42992648
61.036,compaction_begin,3,0
61.216,compaction_end,3,42992654
61.226,compaction_begin,3,0
61.403,compaction_end,3,42992653
61.413,compaction_begin,3,0
61.589,compaction_end,3,42992648
61.599,compaction_begin,3,0
61.776,compaction_end,3,41955150
61.786,compaction_begin,3,0
61.969,compaction_end,3,43367083
61.980,compaction_begin,3,0
62.158,compaction_end,3,42992650
62.168,compaction_begin,3,0
62.932,compaction_end,3,42992650
62.945,compaction_begin,3,0
63.122,compaction_end,3,42992653
63.132,compaction_begin,3,0
63.306,compaction_end,3,43367080
63.316,compaction_begin,3,0
63.491,compaction_end,3,42992648
63.501,compaction_begin,3,0
63.677,compaction_end,3,42992653
63.687,compaction_begin,3,0
63.862,compaction_end,3,42992650
63.872,compaction_begin,3,0
63.929,flush_begin,0,0
63.941,flush_end,0,2744605
64.068,compaction_end,3,42992648
64.078,compaction_begin,2,0
64.386,compaction_end,2,3692996
64.396,compaction_begin,3,0
64.598,compaction_end,3,46054013
64.610,compaction_begin,3,0
64.789,compaction_end,3,43367082
64.800,compaction_begin,3,0
64.983,compaction_end,3,43367081
64.995,compaction_begin,3,0
65.176,compaction_end,3,43367078
65.187,compaction_begin,3,0
65.369,compaction_end,3,43367081
65.381,compaction_begin,3,0
65.563,compaction_end,3,42992654
65.573,compaction_begin,3,0
65.755,compaction_end,3,42992653
65.766,compaction_begin,3,0
65.950,compaction_end,3,42992650
65.960,compaction_begin,3,0
66.143,compaction_end,3,42992650
66.153,compaction_begin,3,0
66.335,compaction_end,3,42992653
66.346,compaction_begin,3,0
66.531,compaction_end,3,43367080
66.541,compaction_begin,3,0
66.726,compaction_end,3,43367078
66.736,compaction_begin,3,0
66.919,compaction_end,3,42992648
66.930,compaction_begin,3,0
67.110,compaction_end,3,42992648
67.120,compaction_begin,3,0
67.300,compaction_end,3,42992650
67.310,compaction_begin,3,0
67.488,compaction_end,3,41955150
67.498,compaction_begin,3,0
68.269,compaction_end,3,42992649
68.279,compaction_begin,3,0
68.464,compaction_end,3,42992653
68.475,compaction_begin,3,0
69.230,compaction_end,3,42992648
69.242,compaction_begin,3,0
69.412,flush_begin,0,0
69.423,flush_end,0,2744858
69.448,compaction_end,3,42992648
69.459,compaction_begin,2,0
69.770,compaction_end,2,3797874
69.785,compaction_begin,3,0
69.975,compaction_end,3,43367080
69.987,compaction_begin,3,0
70.164,compaction_end,3,43367082
70.175,compaction_begin,3,0
70.366,compaction_end,3,46054016
70.378,compaction_begin,3,0
70.557,compaction_end,3,43367078
70.568,compaction_begin,3,0
70.749,compaction_end,3,42992650
70.757,compaction_begin,3,0
70.938,compaction_end,3,42992648
70.950,compaction_begin,3,0
71.138,compaction_end,3,43807602
71.148,compaction_begin,3,0
71.329,compaction_end,3,42992650
71.341,compaction_begin,3,0
71.521,compaction_end,3,42992648
71.531,compaction_begin,3,0
71.714,compaction_end,3,42992649
71.725,compaction_begin,3,0
71.910,compaction_end,3,42992650
71.921,compaction_begin,3,0
72.109,compaction_end,3,42992653
72.119,compaction_begin,3,0
72.293,compaction_end,3,42992654
72.303,compaction_begin,3,0
72.477,compaction_end,3,43367081
72.488,compaction_begin,3,0
72.664,compaction_end,3,43367083
72.674,compaction_begin,3,0
72.850,compaction_end,3,42992648
72.861,compaction_begin,3,0
73.036,compaction_end,3,42992648
73.046,compaction_begin,3,0
73.869,compaction_end,3,42992651
73.880,compaction_begin,3,0
74.054,compaction_end,3,42992653
74.065,compaction_begin,3,0
74.240,compaction_end,3,42992648
74.250,compaction_begin,3,0
74.425,compaction_end,3,42992653
74.435,compaction_begin,3,0
74.612,compaction_end,3,43367080
74.622,compaction_begin,3,0
74.904,flush_begin,0,0
74.917,flush_end,0,2744587
74.984,compaction_end,3,42992653
74.996,compaction_begin,2,0
75.311,compaction_end,2,3878412
75.326,compaction_begin,3,0
75.536,compaction_end,3,43367080
75.549,compaction_begin,3,0
75.724,compaction_end,3,43367082
75.737,compaction_begin,3,0
75.914,compaction_end,3,43367078
75.925,compaction_begin,3,0
76.104,compaction_end,3,43367079
76.116,compaction_begin,3,0
76.293,compaction_end,3,42992653
76.303,compaction_begin,3,0
76.482,compaction_end,3,42992653
76.493,compaction_begin,3,0
76.669,compaction_end,3,42992648
76.679,compaction_begin,3,0
76.859,compaction_end,3,42992653
76.869,compaction_begin,3,0
77.052,compaction_end,3,43367081
77.064,compaction_begin,3,0
77.243,compaction_end,3,42992648
77.253,compaction_begin,3,0
77.434,compaction_end,3,42992653
77.445,compaction_begin,3,0
77.626,compaction_end,3,42992648
77.634,compaction_begin,3,0
77.816,compaction_end,3,42992650
77.828,compaction_begin,3,0
78.009,compaction_end,3,42992654
78.019,compaction_begin,3,0
78.156,compaction_end,3,32415986
78.166,compaction_begin,3,0
78.346,compaction_end,3,42992648
78.357,compaction_begin,3,0
78.537,compaction_end,3,42992653
78.547,compaction_begin,3,0
78.729,compaction_end,3,42992648
78.739,compaction_begin,3,0
78.919,compaction_end,3,42992651
78.929,compaction_begin,3,0
79.664,compaction_end,3,42992648
79.674,compaction_begin,3,0
80.395,flush_begin,0,0
80.407,flush_end,0,2744364
80.422,compaction_end,3,42992653
80.434,compaction_begin,2,0
80.740,compaction_end,2,3953213
80.754,compaction_begin,3,0
80.951,compaction_end,3,43367080
80.963,compaction_begin,3,0
81.131,compaction_end,3,43367082
81.143,compaction_begin,3,0
81.315,compaction_end,3,43367079
81.327,compaction_begin,3,0
81.500,compaction_end,3,43367078
81.511,compaction_begin,3,0
81.684,compaction_end,3,43367081
81.696,compaction_begin,3,0
81.885,compaction_end,3,42992654
81.895,compaction_begin,3,0
82.075,compaction_end,3,42992650
82.086,compaction_begin,3,0
82.267,compaction_end,3,42992648
82.277,compaction_begin,3,0
82.461,compaction_end,3,42992650
82.471,compaction_begin,3,0
82.654,compaction_end,3,42992648
82.665,compaction_begin,3,0
82.852,compaction_end,3,42992648
82.863,compaction_begin,3,0
83.045,compaction_end,3,42992653
83.055,compaction_begin,3,0
83.382,compaction_end,3,43367078
83.392,compaction_begin,3,0
83.577,compaction_end,3,42992651
83.587,compaction_begin,3,0
83.770,compaction_end,3,42992653
83.780,compaction_begin,3,0
83.963,compaction_end,3,42992653
83.973,compaction_begin,3,0
84.154,compaction_end,3,42992650
84.164,compaction_begin,3,0
84.303,compaction_end,3,32415986
84.313,compaction_begin,3,0
85.055,compaction_end,3,42992650
85.065,compaction_begin,3,0
85.248,compaction_end,3,43367083
85.259,compaction_begin,3,0
85.863,flush_begin,0,0
85.875,flush_end,0,2745090
86.023,compaction_end,3,42992652
86.034,compaction_begin,2,0
86.351,compaction_end,2,4046357
86.367,compaction_begin,3,0
86.577,compaction_end,3,43367080
86.589,compaction_begin,3,0
86.768,compaction_end,3,43367079
86.781,compaction_begin,3,0
86.963,compaction_end,3,43367082
86.975,compaction_begin,3,0
87.156,compaction_end,3,42992653
87.166,compaction_begin,3,0
87.346,compaction_end,3,42992654
87.357,compaction_begin,3,0
87.540,compaction_end,3,43367078
87.551,compaction_begin,3,0
87.733,compaction_end,3,43367081
87.743,compaction_begin,3,0
87.929,compaction_end,3,43367078
87.939,compaction_begin,3,0
88.122,compaction_end,3,42992653
88.132,compaction_begin,3,0
88.313,compaction_end,3,42992651
88.323,compaction_begin,3,0
88.506,compaction_end,3,42992648
88.516,compaction_begin,3,0
88.697,compaction_end,3,42992653
88.708,compaction_begin,3,0
88.894,compaction_end,3,42992648
88.904,compaction_begin,3,0
89.085,compaction_end,3,42992653
89.095,compaction_begin,3,0
89.280,compaction_end,3,42992650
89.291,compaction_begin,3,0
89.477,compaction_end,3,42992650
89.488,compaction_begin,3,0
90.245,compaction_end,3,42618172
90.255,compaction_begin,3,0
90.438,compaction_end,3,42992653
90.448,compaction_begin,3,0
91.164,compaction_end,3,41955150
91.175,compaction_begin,3,0
91.297,flush_begin,0,0
91.309,flush_end,0,2744933
91.371,compaction_end,3,42992648
91.381,compaction_begin,2,0
91.703,compaction_end,2,4177727
91.718,compaction_begin,3,0
91.915,compaction_end,3,43367080
91.927,compaction_begin,3,0
92.097,compaction_end,3,43367082
92.108,compaction_begin,3,0
92.280,compaction_end,3,43367081
92.291,compaction_begin,3,0
92.464,compaction_end,3,43367079
92.477,compaction_begin,3,0
92.650,compaction_end,3,42992648
92.660,compaction_begin,3,0
92.835,compaction_end,3,42992648
92.845,compaction_begin,3,0
93.019,compaction_end,3,42992648
93.029,compaction_begin,3,0
93.204,compaction_end,3,43367078
93.214,compaction_begin,3,0
93.389,compaction_end,3,42992654
93.399,compaction_begin,3,0
93.571,compaction_end,3,42992653
93.581,compaction_begin,3,0
93.754,compaction_end,3,42992653
93.764,compaction_begin,3,0
93.937,compaction_end,3,42992653
93.947,compaction_begin,3,0
94.080,compaction_end,3,32415986
94.091,compaction_begin,3,0
94.264,compaction_end,3,42992650
94.274,compaction_begin,3,0
95.012,compaction_end,3,42992648
95.023,compaction_begin,3,0
95.197,compaction_end,3,42992650
95.207,compaction_begin,3,0
95.382,compaction_end,3,42992648
95.392,compaction_begin,3,0
95.568,compaction_end,3,43367083
95.578,compaction_begin,3,0
95.754,compaction_end,3,42992653
95.765,compaction_begin,3,0
96.506,compaction_end,3,42992648
96.517,compaction_begin,3,0
96.691,compaction_end,3,42992651
96.702,compaction_begin,3,0
96.760,flush_begin,0,0
96.771,flush_end,0,2744710
96.900,compaction_end,3,42992648
96.908,compaction_begin,2,0
97.221,compaction_end,2,4163223
97.242,compaction_begin,3,0
97.435,compaction_end,3,43367080
97.448,compaction_begin,3,0
97.617,compaction_end,3,43367082
97.628,compaction_begin,3,0
97.800,compaction_end,3,43367079
97.812,compaction_begin,3,0
97.987,compaction_end,3,43367078
97.998,compaction_begin,3,0
98.172,compaction_end,3,43367081
98.182,compaction_begin,3,0
98.355,compaction_end,3,42992648
98.365,compaction_begin,3,0
98.540,compaction_end,3,42992648
98.550,compaction_begin,3,0
98.723,compaction_end,3,42992653
98.734,compaction_begin,3,0
98.908,compaction_end,3,42992648
98.918,compaction_begin,3,0
99.093,compaction_end,3,42992651
99.103,compaction_begin,3,0
99.279,compaction_end,3,42992650
99.290,compaction_begin,3,0
99.468,compaction_end,3,42992650
99.478,compaction_begin,3,0
99.653,compaction_end,3,42992653
99.663,compaction_begin,3,0
99.854,compaction_end,3,43367083
99.864,compaction_begin,3,0
100.046,compaction_end,3,42992648
100.056,compaction_begin,3,0
100.238,compaction_end,3,42992648
100.249,compaction_begin,3,0
100.434,compaction_end,3,42992654
100.444,compaction_begin,3,0
100.628,compaction_end,3,42992652
100.638,compaction_begin,3,0
100.822,compaction_end,3,42992648
100.832,compaction_begin,3,0
101.017,compaction_end,3,42992653
101.027,compaction_begin,3,0
101.824,compaction_end,3,46054013
101.834,compaction_begin,3,0
102.017,compaction_end,3,42618172
102.027,compaction_begin,3,0
102.210,compaction_end,3,42992648
102.220,flush_begin,0,0
102.233,flush_end,0,2744345
102.242,compaction_begin,2,0
102.561,compaction_end,2,4312422
102.577,compaction_begin,3,0
102.786,compaction_end,3,43367080
102.798,compaction_begin,3,0
102.978,compaction_end,3,43367082
102.990,compaction_begin,3,0
103.170,compaction_end,3,43367079
103.183,compaction_begin,3,0
103.391,compaction_end,3,42992653
103.401,compaction_begin,3,0
103.582,compaction_end,3,43367078
103.593,compaction_begin,3,0
103.774,compaction_end,3,42992653
103.785,compaction_begin,3,0
103.968,compaction_end,3,42992650
103.978,compaction_begin,3,0
104.163,compaction_end,3,43367081
104.173,compaction_begin,3,0
104.359,compaction_end,3,42992648
104.370,compaction_begin,3,0
104.553,compaction_end,3,42992653
104.563,compaction_begin,3,0
104.746,compaction_end,3,42992650
104.756,compaction_begin,3,0
104.941,compaction_end,3,42992653
104.951,compaction_begin,3,0
105.140,compaction_end,3,43367083
105.151,compaction_begin,3,0
105.335,compaction_end,3,42992650
105.345,compaction_begin,3,0
105.526,compaction_end,3,42992648
105.537,compaction_begin,3,0
105.677,compaction_end,3,32415986
105.689,compaction_begin,3,0
105.873,compaction_end,3,43367078
105.884,compaction_begin,3,0
106.066,compaction_end,3,42992653
106.077,compaction_begin,3,0
106.840,compaction_end,3,42992649
106.851,compaction_begin,3,0
107.036,compaction_end,3,42992648
107.046,compaction_begin,3,0
107.233,compaction_end,3,42992648
107.244,compaction_begin,3,0
107.652,flush_begin,0,0
107.665,flush_end,0,2744801
108.034,compaction_end,3,42992651
108.044,compaction_begin,2,0
108.370,compaction_end,2,4364664
108.385,compaction_begin,3,0
108.588,compaction_end,3,43367080
108.600,compaction_begin,3,0
108.771,compaction_end,3,43367079
108.783,compaction_begin,3,0
108.959,compaction_end,3,42992653
108.969,compaction_begin,3,0
109.141,compaction_end,3,43367082
109.153,compaction_begin,3,0
109.331,compaction_end,3,42992648
109.342,compaction_begin,3,0
109.515,compaction_end,3,42992648
109.525,compaction_begin,3,0
109.700,compaction_end,3,43367081
109.710,compaction_begin,3,0
109.887,compaction_end,3,42992653
109.898,compaction_begin,3,0
110.073,compaction_end,3,42992650
110.083,compaction_begin,3,0
110.261,compaction_end,3,43367078
110.271,compaction_begin,3,0
110.449,compaction_end,3,42992651
110.459,compaction_begin,3,0
110.636,compaction_end,3,43367080
110.646,compaction_begin,3,0
110.822,compaction_end,3,42992648
110.832,compaction_begin,3,0
111.006,compaction_end,3,42992653
111.016,compaction_begin,3,0
111.191,compaction_end,3,42992654
111.201,compaction_begin,3,0
111.377,compaction_end,3,42992652
111.387,compaction_begin,3,0
111.565,compaction_end,3,43367083
111.575,compaction_begin,3,0
111.709,compaction_end,3,32415986
111.720,compaction_begin,3,0
111.896,compaction_end,3,42992649
111.906,compaction_begin,3,0
112.083,compaction_end,3,42992650
112.093,compaction_begin,3,0
112.268,compaction_end,3,42992648
112.279,compaction_begin,3,0
112.457,compaction_end,3,42992653
112.467,compaction_begin,3,0
112.644,compaction_end,3,42992650
112.654,compaction_begin,3,0
112.834,compaction_end,3,43367078
112.845,compaction_begin,3,0
113.131,flush_begin,0,0
113.142,flush_end,0,2744572
113.609,compaction_end,3,42992648
113.619,compaction_begin,2,0
113.934,compaction_end,2,4410497
113.949,compaction_begin,3,0
114.155,compaction_end,3,43367080
114.167,compaction_begin,3,0
114.338,compaction_end,3,43367079
114.351,compaction_begin,3,0
114.523,compaction_end,3,43367082
114.536,compaction_begin,3,0
114.708,compaction_end,3,42992653
114.718,compaction_begin,3,0
114.893,compaction_end,3,43367078
114.904,compaction_begin,3,0
115.077,compaction_end,3,42992653
115.087,compaction_begin,3,0
115.261,compaction_end,3,42992654
115.271,compaction_begin,3,0
115.445,compaction_end,3,42992648
115.455,compaction_begin,3,0
115.630,compaction_end,3,43367081
115.641,compaction_begin,3,0
115.816,compaction_end,3,42992653
115.826,compaction_begin,3,0
116.555,compaction_end,3,42992650
116.565,compaction_begin,3,0
116.740,compaction_end,3,42992648
116.751,compaction_begin,3,0
116.929,compaction_end,3,42992650
116.940,compaction_begin,3,0
117.127,compaction_end,3,42992648
117.138,compaction_begin,3,0
117.322,compaction_end,3,42992649
117.332,compaction_begin,3,0
117.516,compaction_end,3,42992648
117.526,compaction_begin,3,0
117.713,compaction_end,3,42992648
117.723,compaction_begin,3,0
118.449,compaction_end,3,41955150
118.459,compaction_begin,3,0
118.581,flush_begin,0,0
118.593,flush_end,0,2745105
119.223,compaction_end,3,42992652
119.234,compaction_begin,2,0
119.553,compaction_end,2,4471417
119.568,compaction_begin,3,0
119.779,compaction_end,3,43367080
119.792,compaction_begin,3,0
119.971,compaction_end,3,43367082
119.982,compaction_begin,3,0
120.163,compaction_end,3,42992648
120.173,compaction_begin,3,0
120.357,compaction_end,3,43367079
120.369,compaction_begin,3,0
120.547,compaction_end,3,43367078
120.558,compaction_begin,3,0
120.738,compaction_end,3,42992653
120.748,compaction_begin,3,0
120.929,compaction_end,3,42992652
120.939,compaction_begin,3,0
121.123,compaction_end,3,43367081
121.133,compaction_begin,3,0
121.314,compaction_end,3,42992648
121.324,compaction_begin,3,0
121.506,compaction_end,3,42992650
121.516,compaction_begin,3,0
121.700,compaction_end,3,42992650
121.710,compaction_begin,3,0
121.896,compaction_end,3,43367078
121.909,compaction_begin,3,0
122.096,compaction_end,3,42992654
122.106,compaction_begin,3,0
122.291,compaction_end,3,42992653
122.302,compaction_begin,3,0
122.486,compaction_end,3,43367080
122.496,compaction_begin,3,0
122.675,compaction_end,3,41955150
122.685,compaction_begin,3,0
122.867,compaction_end,3,42992650
122.877,compaction_begin,3,0
123.058,compaction_end,3,42992648
123.068,compaction_begin,3,0
123.251,compaction_end,3,42992648
123.262,compaction_begin,3,0
123.446,compaction_end,3,42992653
123.456,compaction_begin,3,0
123.641,compaction_end,3,43367083
123.651,compaction_begin,3,0
123.789,compaction_end,3,32415986
123.801,compaction_begin,3,0
123.981,compaction_end,3,42992650
123.991,compaction_begin,3,0
124.056,flush_begin,0,0
124.069,flush_end,0,2744645
124.749,compaction_end,3,42992648
124.760,compaction_begin,2,0
125.092,compaction_end,2,4516526
125.107,compaction_begin,3,0
125.313,compaction_end,3,43367080
125.325,compaction_begin,3,0
125.502,compaction_end,3,43367079
125.513,compaction_begin,3,0
125.685,compaction_end,3,43367082
125.697,compaction_begin,3,0
125.869,compaction_end,3,42992653
125.879,compaction_begin,3,0
126.053,compaction_end,3,43367081
126.063,compaction_begin,3,0
126.239,compaction_end,3,42992650
126.249,compaction_begin,3,0
126.423,compaction_end,3,42992648
126.433,compaction_begin,3,0
126.607,compaction_end,3,42992653
126.617,compaction_begin,3,0
126.792,compaction_end,3,42992653
126.803,compaction_begin,3,0
126.982,compaction_end,3,43367078
126.992,compaction_begin,3,0
127.174,compaction_end,3,43367080
127.185,compaction_begin,3,0
127.380,compaction_end,3,42992648
127.390,compaction_begin,3,0
127.573,compaction_end,3,42992648
127.584,compaction_begin,3,0
127.762,compaction_end,3,43367083
127.772,compaction_begin,3,0
127.906,compaction_end,3,32415986
127.916,compaction_begin,3,0
128.090,compaction_end,3,42992652
128.100,compaction_begin,3,0
128.272,compaction_end,3,42992654
128.283,compaction_begin,3,0
128.453,compaction_end,3,41955150
128.464,compaction_begin,3,0
129.198,compaction_end,3,42992654
129.207,compaction_begin,3,0
129.504,flush_begin,0,0
129.516,flush_end,0,2744594
129.957,compaction_end,3,42992648
129.968,compaction_begin,2,0
130.274,compaction_end,2,4614384
130.289,compaction_begin,3,0
130.486,compaction_end,3,43367080
130.498,compaction_begin,3,0
130.668,compaction_end,3,43367078
130.680,compaction_begin,3,0
130.857,compaction_end,3,42992653
130.868,compaction_begin,3,0
131.041,compaction_end,3,43367079
131.053,compaction_begin,3,0
131.224,compaction_end,3,43367082
131.235,compaction_begin,3,0
131.408,compaction_end,3,42992648
131.418,compaction_begin,3,0
131.590,compaction_end,3,42992653
131.600,compaction_begin,3,0
131.773,compaction_end,3,42992654
131.781,compaction_begin,3,0
131.955,compaction_end,3,42992650
131.966,compaction_begin,3,0
132.139,compaction_end,3,42992650
132.151,compaction_begin,3,0
132.328,compaction_end,3,42992654
132.338,compaction_begin,3,0
132.515,compaction_end,3,42992648
132.525,compaction_begin,3,0
132.700,compaction_end,3,42992648
132.708,compaction_begin,3,0
132.841,compaction_end,3,32415986
132.854,compaction_begin,3,0
133.031,compaction_end,3,42992650
133.042,compaction_begin,3,0
133.861,compaction_end,3,45679535
133.872,compaction_begin,3,0
134.047,compaction_end,3,42992648
134.057,compaction_begin,3,0
134.793,compaction_end,3,42992655
134.802,compaction_begin,3,0
134.946,flush_begin,0,0
134.958,flush_end,0,2744828
135.001,compaction_end,3,42992648
135.012,compaction_begin,2,0
135.337,compaction_end,2,4741885
135.354,compaction_begin,3,0
135.564,compaction_end,3,43367080
135.577,compaction_begin,3,0
135.748,compaction_end,3,43367079
135.759,compaction_begin,3,0
135.931,compaction_end,3,43367082
135.943,compaction_begin,3,0
136.117,compaction_end,3,42992650
136.127,compaction_begin,3,0
136.303,compaction_end,3,43367079
136.314,compaction_begin,3,0
136.488,compaction_end,3,43367078
136.496,compaction_begin,3,0
136.672,compaction_end,3,43367081
136.685,compaction_begin,3,0
136.861,compaction_end,3,42992648
136.871,compaction_begin,3,0
137.046,compaction_end,3,42992648
137.057,compaction_begin,3,0
137.235,compaction_end,3,42992653
137.245,compaction_begin,3,0
137.421,compaction_end,3,42992648
137.431,compaction_begin,3,0
137.606,compaction_end,3,42992652
137.616,compaction_begin,3,0
137.793,compaction_end,3,42992648
137.803,compaction_begin,3,0
137.979,compaction_end,3,43367083
137.989,compaction_begin,3,0
138.162,compaction_end,3,42992648
138.172,compaction_begin,3,0
138.341,compaction_end,3,41955150
138.350,compaction_begin,3,0
139.086,compaction_end,3,42992651
139.098,compaction_begin,3,0
139.271,compaction_end,3,42992653
139.281,compaction_begin,3,0
139.454,compaction_end,3,42992654
139.464,compaction_begin,3,0
139.640,compaction_end,3,42992648
139.651,compaction_begin,3,0
139.829,compaction_end,3,43367080
139.839,compaction_begin,3,0
140.014,compaction_end,3,42992650
140.025,compaction_begin,3,0
140.375,flush_begin,0,0
140.386,flush_end,0,2744755
140.779,compaction_end,3,42992651
140.788,compaction_begin,2,0
141.115,compaction_end,2,4758213
141.132,compaction_begin,3,0
141.337,compaction_end,3,43367080
141.350,compaction_begin,3,0
141.519,compaction_end,3,43367079
141.531,compaction_begin,3,0
141.702,compaction_end,3,43367082
141.713,compaction_begin,3,0
141.887,compaction_end,3,43367078
141.899,compaction_begin,3,0
142.071,compaction_end,3,43367081
142.082,compaction_begin,3,0
142.259,compaction_end,3,43367079
142.269,compaction_begin,3,0
142.446,compaction_end,3,42992648
142.456,compaction_begin,3,0
142.634,compaction_end,3,42992651
142.644,compaction_begin,3,0
142.817,compaction_end,3,42992648
142.827,compaction_begin,3,0
143.081,compaction_end,3,45305111
143.092,compaction_begin,3,0
143.266,compaction_end,3,42992650
143.276,compaction_begin,3,0
143.449,compaction_end,3,42992648
143.459,compaction_begin,3,0
143.633,compaction_end,3,42992648
143.643,compaction_begin,3,0
143.817,compaction_end,3,42992654
143.828,compaction_begin,3,0
144.006,compaction_end,3,43367080
144.017,compaction_begin,3,0
144.193,compaction_end,3,42992651
144.204,compaction_begin,3,0
144.382,compaction_end,3,42992648
144.393,compaction_begin,3,0
145.136,compaction_end,3,42992653
145.146,compaction_begin,3,0
145.318,compaction_end,3,41955150
145.329,compaction_begin,3,0
145.734,compaction_end,3,42992654
145.743,compaction_begin,3,0
145.833,flush_begin,0,0
145.845,flush_end,0,2744783
145.939,compaction_end,3,42992653
145.949,compaction_begin,2,0
146.262,compaction_end,2,4837456
146.278,compaction_begin,3,0
146.473,compaction_end,3,43367080
146.485,compaction_begin,3,0
146.654,compaction_end,3,43367082
146.666,compaction_begin,3,0
146.842,compaction_end,3,42992654
146.852,compaction_begin,3,0
147.034,compaction_end,3,43367079
147.046,compaction_begin,3,0
147.220,compaction_end,3,42992650
147.231,compaction_begin,3,0
147.405,compaction_end,3,43367078
147.416,compaction_begin,3,0
147.589,compaction_end,3,42992648
147.599,compaction_begin,3,0
147.773,compaction_end,3,42992651
147.783,compaction_begin,3,0
147.957,compaction_end,3,43367080
147.967,compaction_begin,3,0
148.141,compaction_end,3,43367081
148.152,compaction_begin,3,0
148.325,compaction_end,3,42992648
148.335,compaction_begin,3,0
148.510,compaction_end,3,42992653
148.520,compaction_begin,3,0
148.700,compaction_end,3,42992648
148.710,compaction_begin,3,0
148.887,compaction_end,3,42992648
148.898,compaction_begin,3,0
149.071,compaction_end,3,42992648
149.081,compaction_begin,3,0
149.255,compaction_end,3,42992652
149.266,compaction_begin,3,0
149.440,compaction_end,3,42992653
149.451,compaction_begin,3,0
149.627,compaction_end,3,42992653
149.637,compaction_begin,3,0
149.813,compaction_end,3,43367083
149.824,compaction_begin,3,0
150.007,compaction_end,3,42992648
150.017,compaction_begin,3,0
150.745,compaction_end,3,42992653
150.755,compaction_begin,3,0
151.284,flush_begin,0,0
151.295,flush_end,0,2744263
151.513,compaction_end,3,42992653
151.524,compaction_begin,2,0
151.831,compaction_end,2,4823460
151.845,compaction_begin,3,0
152.032,compaction_end,3,43367080
152.044,compaction_begin,3,0
152.212,compaction_end,3,43367082
152.225,compaction_begin,3,0
152.395,compaction_end,3,42992654
152.405,compaction_begin,3,0
152.577,compaction_end,3,43367078
152.588,compaction_begin,3,0
152.760,compaction_end,3,43367079
152.769,compaction_begin,3,0
152.944,compaction_end,3,43367081
152.958,compaction_begin,3,0
153.693,compaction_end,3,42992648
153.703,compaction_begin,3,0
153.876,compaction_end,3,42992648
153.886,compaction_begin,3,0
154.061,compaction_end,3,42992651
154.072,compaction_begin,3,0
154.252,compaction_end,3,43367080
154.263,compaction_begin,3,0
154.441,compaction_end,3,42992653
154.452,compaction_begin,3,0
154.639,compaction_end,3,42992648
154.649,compaction_begin,3,0
154.823,compaction_end,3,42992650
154.834,compaction_begin,3,0
155.010,compaction_end,3,43367083
155.020,compaction_begin,3,0
155.195,compaction_end,3,42992653
155.205,compaction_begin,3,0
155.554,compaction_end,3,43367079
155.565,compaction_begin,3,0
155.743,compaction_end,3,43367077
155.754,compaction_begin,3,0
155.931,compaction_end,3,42992648
155.941,compaction_begin,3,0
156.117,compaction_end,3,42992648
156.127,compaction_begin,3,0
156.303,compaction_end,3,42992653
156.314,compaction_begin,3,0
156.492,compaction_end,3,42992653
156.503,compaction_begin,3,0
156.679,compaction_end,3,42992648
156.690,compaction_begin,3,0
156.745,flush_begin,0,0
156.757,flush_end,0,2744656
157.456,compaction_end,3,42992652
157.467,compaction_begin,2,0
157.789,compaction_end,2,4936735
157.803,compaction_begin,3,0
157.997,compaction_end,3,43367080
158.009,compaction_begin,3,0
158.176,compaction_end,3,43367079
158.188,compaction_begin,3,0
158.361,compaction_end,3,43367078
158.372,compaction_begin,3,0
158.545,compaction_end,3,43367082
158.556,compaction_begin,3,0
158.729,compaction_end,3,42992648
158.740,compaction_begin,3,0
158.914,compaction_end,3,42992653
158.924,compaction_begin,3,0
159.100,compaction_end,3,42992648
159.110,compaction_begin,3,0
159.285,compaction_end,3,42992648
159.295,compaction_begin,3,0
159.471,compaction_end,3,43367081
159.482,compaction_begin,3,0
159.841,compaction_end,3,42992651
159.851,compaction_begin,3,0
160.026,compaction_end,3,42992653
160.037,compaction_begin,3,0
160.213,compaction_end,3,42992652
160.224,compaction_begin,3,0
160.401,compaction_end,3,42992648
160.412,compaction_begin,3,0
160.586,compaction_end,3,42992648
160.597,compaction_begin,3,0
160.772,compaction_end,3,42992653
160.783,compaction_begin,3,0
161.039,compaction_end,3,44030067
161.049,compaction_begin,3,0
161.224,compaction_end,3,42992651
161.235,compaction_begin,3,0
161.411,compaction_end,3,43367079
161.421,compaction_begin,3,0
161.597,compaction_end,3,42992653
161.607,compaction_begin,3,0
162.253,flush_begin,0,0
162.265,flush_end,0,2744664
162.363,compaction_end,3,42992649
162.373,compaction_begin,2,0
162.686,compaction_end,2,5110439
162.702,compaction_begin,3,0
162.900,compaction_end,3,43367080
162.913,compaction_begin,3,0
163.081,compaction_end,3,43367079
163.092,compaction_begin,3,0
163.273,compaction_end,3,43367082
163.289,compaction_begin,3,0
163.498,compaction_end,3,42992648
163.509,compaction_begin,3,0
163.686,compaction_end,3,43367081
163.697,compaction_begin,3,0
163.880,compaction_end,3,42992648
163.890,compaction_begin,3,0
164.061,compaction_end,3,42618175
164.072,compaction_begin,3,0
164.247,compaction_end,3,42992648
164.258,compaction_begin,3,0
164.434,compaction_end,3,42992653
164.444,compaction_begin,3,0
164.620,compaction_end,3,43367081
164.631,compaction_begin,3,0
164.809,compaction_end,3,43367078
164.819,compaction_begin,3,0
164.995,compaction_end,3,42992650
165.005,compaction_begin,3,0
165.183,compaction_end,3,42992648
165.193,compaction_begin,3,0
165.371,compaction_end,3,43367081
165.382,compaction_begin,3,0
166.135,compaction_end,3,42992650
166.146,compaction_begin,3,0
166.325,compaction_end,3,43367083
166.336,compaction_begin,3,0
166.513,compaction_end,3,43367081
166.523,compaction_begin,3,0
166.696,compaction_end,3,42992651
166.706,compaction_begin,3,0
167.171,compaction_end,3,43367080
167.181,compaction_begin,3,0
167.356,compaction_end,3,42992651
167.368,compaction_begin,3,0
167.543,compaction_end,3,43367077
167.554,compaction_begin,3,0
167.677,flush_begin,0,0
167.689,flush_end,0,2744948
168.305,compaction_end,3,42992654
168.315,compaction_begin,2,0
168.637,compaction_end,2,5145898
168.653,compaction_begin,3,0
168.854,compaction_end,3,43367080
168.867,compaction_begin,3,0
169.034,compaction_end,3,43367079
169.046,compaction_begin,3,0
169.217,compaction_end,3,43367082
169.225,compaction_begin,3,0
169.401,compaction_end,3,43367078
169.415,compaction_begin,3,0
169.587,compaction_end,3,43367081
169.598,compaction_begin,3,0
169.772,compaction_end,3,42992648
169.783,compaction_begin,3,0
169.961,compaction_end,3,43367081
169.971,compaction_begin,3,0
170.150,compaction_end,3,43367083
170.159,compaction_begin,3,0
170.337,compaction_end,3,43367077
170.347,compaction_begin,3,0
170.523,compaction_end,3,43367081
170.533,compaction_begin,3,0
170.707,compaction_end,3,42992650
170.718,compaction_begin,3,0
171.461,compaction_end,3,42992649
171.471,compaction_begin,3,0
171.645,compaction_end,3,42992648
171.656,compaction_begin,3,0
172.392,compaction_end,3,42992653
172.401,compaction_begin,3,0
173.139,flush_begin,0,0
173.151,flush_end,0,2745037
173.174,compaction_end,3,42992650
173.184,compaction_begin,2,0
173.509,compaction_end,2,5203149
173.525,compaction_begin,3,0
173.720,compaction_end,3,43367080
173.733,compaction_begin,3,0
173.904,compaction_end,3,43367079
173.916,compaction_begin,3,0
174.088,compaction_end,3,42618175
174.099,compaction_begin,3,0
174.276,compaction_end,3,43367081
174.287,compaction_begin,3,0
174.465,compaction_end,3,43367082
174.476,compaction_begin,3,0
174.651,compaction_end,3,42992648
174.660,compaction_begin,3,0
174.842,compaction_end,3,42992650
174.855,compaction_begin,3,0
175.595,compaction_end,3,43367078
175.604,compaction_begin,3,0
175.779,compaction_end,3,42992653
175.790,compaction_begin,3,0
175.966,compaction_end,3,42992654
175.976,compaction_begin,3,0
176.153,compaction_end,3,42992653
176.164,compaction_begin,3,0
176.339,compaction_end,3,43367077
176.350,compaction_begin,3,0
176.525,compaction_end,3,43367078
176.536,compaction_begin,3,0
176.713,compaction_end,3,43367081
176.724,compaction_begin,3,0
176.901,compaction_end,3,42992650
176.912,compaction_begin,3,0
177.089,compaction_end,3,43367081
177.100,compaction_begin,3,0
177.276,compaction_end,3,42992648
177.286,compaction_begin,3,0
177.739,compaction_end,3,42992653
177.749,compaction_begin,3,0
177.926,compaction_end,3,42992648
177.937,compaction_begin,3,0
178.113,compaction_end,3,42992648
178.124,compaction_begin,3,0
178.584,flush_begin,0,0
178.595,flush_end,0,2744766
178.904,compaction_end,3,42992649
178.914,compaction_begin,2,0
179.233,compaction_end,2,5160895
179.250,compaction_begin,3,0
179.457,compaction_end,3,43367080
179.470,compaction_begin,3,0
179.639,compaction_end,3,43367079
179.650,compaction_begin,3,0
179.819,compaction_end,3,43367082
179.832,compaction_begin,3,0
180.004,compaction_end,3,43367078
180.015,compaction_begin,3,0
180.191,compaction_end,3,43367081
180.201,compaction_begin,3,0
180.381,compaction_end,3,42992648
180.392,compaction_begin,3,0
180.572,compaction_end,3,42618175
180.583,compaction_begin,3,0
180.763,compaction_end,3,43367083
180.773,compaction_begin,3,0
181.507,compaction_end,3,42618173
181.517,compaction_begin,3,0
181.696,compaction_end,3,43367080
181.707,compaction_begin,3,0
181.883,compaction_end,3,42992648
181.894,compaction_begin,3,0
182.068,compaction_end,3,43367081
182.079,compaction_begin,3,0
182.253,compaction_end,3,43367081
182.264,compaction_begin,3,0
183.003,compaction_end,3,42992652
183.013,compaction_begin,3,0
183.746,compaction_end,3,42992652
183.756,compaction_begin,3,0
183.931,compaction_end,3,42992650
183.941,compaction_begin,3,0
184.016,flush_begin,0,0
184.028,flush_end,0,2744328
184.137,compaction_end,3,42992648
184.148,compaction_begin,2,0
184.482,compaction_end,2,5278494
184.499,compaction_begin,3,0
184.702,compaction_end,3,43367080
184.715,compaction_begin,3,0
184.885,compaction_end,3,43367079
184.897,compaction_begin,3,0
185.069,compaction_end,3,43367082
185.080,compaction_begin,3,0
185.256,compaction_end,3,43367078
185.266,compaction_begin,3,0
185.446,compaction_end,3,42992653
185.456,compaction_begin,3,0
185.636,compaction_end,3,43367081
185.645,compaction_begin,3,0
185.828,compaction_end,3,42992648
185.839,compaction_begin,3,0
186.016,compaction_end,3,42992650
186.026,compaction_begin,3,0
186.207,compaction_end,3,43367077
186.218,compaction_begin,3,0
186.396,compaction_end,3,43367081
186.407,compaction_begin,3,0
187.145,compaction_end,3,42992648
187.156,compaction_begin,3,0
187.330,compaction_end,3,42618173
187.341,compaction_begin,3,0
187.517,compaction_end,3,43367081
187.528,compaction_begin,3,0
188.256,compaction_end,3,42992653
188.266,compaction_begin,3,0
188.443,compaction_end,3,43367083
188.453,compaction_begin,3,0
188.628,compaction_end,3,42618175
188.639,compaction_begin,3,0
189.384,compaction_end,3,42992648
189.392,compaction_begin,3,0
189.467,flush_begin,0,0
189.477,flush_end,0,2744578
189.591,compaction_end,3,42992652
189.602,compaction_begin,2,0
189.928,compaction_end,2,5311706
189.944,compaction_begin,3,0
190.139,compaction_end,3,43367080
190.151,compaction_begin,3,0
190.317,compaction_end,3,43367079
190.329,compaction_begin,3,0
190.501,compaction_end,3,43367081
190.512,compaction_begin,3,0
190.682,compaction_end,3,43367082
190.694,compaction_begin,3,0
190.865,compaction_end,3,42992650
190.875,compaction_begin,3,0
191.048,compaction_end,3,42618175
191.055,compaction_begin,3,0
191.231,compaction_end,3,42992648
191.244,compaction_begin,3,0
191.418,compaction_end,3,43367078
191.429,compaction_begin,3,0
191.604,compaction_end,3,42992648
191.615,compaction_begin,3,0
191.789,compaction_end,3,42992648
191.800,compaction_begin,3,0
191.974,compaction_end,3,42992653
191.982,compaction_begin,3,0
192.157,compaction_end,3,42992653
192.169,compaction_begin,3,0
192.342,compaction_end,3,42992648
192.352,compaction_begin,3,0
193.086,compaction_end,3,42992648
193.096,compaction_begin,3,0
193.280,compaction_end,3,42992650
193.300,compaction_begin,3,0
193.475,compaction_end,3,42992653
193.486,compaction_begin,3,0
193.662,compaction_end,3,43367081
193.672,compaction_begin,3,0
193.849,compaction_end,3,42992648
193.859,compaction_begin,3,0
194.035,compaction_end,3,43367077
194.046,compaction_begin,3,0
194.219,compaction_end,3,42618173
194.230,compaction_begin,3,0
194.404,compaction_end,3,42992653
194.415,compaction_begin,3,0
194.912,flush_begin,0,0
194.924,flush_end,0,2744136
195.209,compaction_end,3,44930723
195.220,compaction_begin,2,0
195.543,compaction_end,2,5295496
195.558,compaction_begin,3,0
195.757,compaction_end,3,43367080
195.770,compaction_begin,3,0
195.942,compaction_end,3,43367079
195.954,compaction_begin,3,0
196.130,compaction_end,3,43367081
196.141,compaction_begin,3,0
196.323,compaction_end,3,42992653
196.333,compaction_begin,3,0
196.507,compaction_end,3,43367078
196.518,compaction_begin,3,0
196.690,compaction_end,3,42992648
196.701,compaction_begin,3,0
196.874,compaction_end,3,43367082
196.886,compaction_begin,3,0
197.061,compaction_end,3,42618175
197.071,compaction_begin,3,0
197.244,compaction_end,3,42992650
197.254,compaction_begin,3,0
197.429,compaction_end,3,43367081
197.438,compaction_begin,3,0
197.614,compaction_end,3,43367077
197.624,compaction_begin,3,0
197.799,compaction_end,3,42992649
197.809,compaction_begin,3,0
197.991,compaction_end,3,42992648
198.002,compaction_begin,3,0
198.177,compaction_end,3,42992648
198.187,compaction_begin,3,0
198.360,compaction_end,3,42992653
198.369,compaction_begin,3,0
198.543,compaction_end,3,42992653
198.555,compaction_begin,3,0
198.738,compaction_end,3,44556330
198.749,compaction_begin,3,0
198.922,compaction_end,3,43367085
198.932,compaction_begin,3,0
199.104,compaction_end,3,43367080
199.114,compaction_begin,3,0
199.286,compaction_end,3,42992648
199.296,compaction_begin,3,0
199.469,compaction_end,3,42618173
199.479,compaction_begin,3,0
199.652,compaction_end,3,42992652
199.663,compaction_begin,3,0
200.208,compaction_end,3,42992648
200.218,compaction_begin,3,0
200.323,flush_begin,0,0
200.334,flush_end,0,2744653
200.411,compaction_end,3,42992648
200.420,compaction_begin,2,0
200.747,compaction_end,2,5418771
200.763,compaction_begin,3,0
200.964,compaction_end,3,43367080
200.977,compaction_begin,3,0
201.145,compaction_end,3,43367079
201.157,compaction_begin,3,0
201.330,compaction_end,3,43367078
201.341,compaction_begin,3,0
201.512,compaction_end,3,43367082
201.520,compaction_begin,3,0
201.693,compaction_end,3,42992650
201.708,compaction_begin,3,0
201.883,compaction_end,3,43367081
201.893,compaction_begin,3,0
202.065,compaction_end,3,42992653
202.075,compaction_begin,3,0
202.248,compaction_end,3,42992653
202.259,compaction_begin,3,0
202.434,compaction_end,3,42618173
202.444,compaction_begin,3,0
202.618,compaction_end,3,42992652
202.628,compaction_begin,3,0
202.922,compaction_end,3,43367081
202.932,compaction_begin,3,0
203.105,compaction_end,3,42992653
203.115,compaction_begin,3,0
203.288,compaction_end,3,43367080
203.299,compaction_begin,3,0
203.473,compaction_end,3,43367085
203.482,compaction_begin,3,0
203.653,compaction_end,3,42618175
203.666,compaction_begin,3,0
203.841,compaction_end,3,43367081
203.852,compaction_begin,3,0
204.030,compaction_end,3,43367083
204.040,compaction_begin,3,0
204.789,compaction_end,3,42992651
204.799,compaction_begin,3,0
204.977,compaction_end,3,43367077
204.986,compaction_begin,3,0
205.726,compaction_end,3,42992651
205.738,flush_begin,0,0
205.751,flush_end,0,2744785
205.761,compaction_begin,2,0
206.084,compaction_end,2,5419457
206.100,compaction_begin,3,0
206.300,compaction_end,3,43367080
206.314,compaction_begin,3,0
206.483,compaction_end,3,43367079
206.495,compaction_begin,3,0
206.666,compaction_end,3,43367079
206.678,compaction_begin,3,0
206.850,compaction_end,3,43367081
206.862,compaction_begin,3,0
207.037,compaction_end,3,43367082
207.048,compaction_begin,3,0
207.223,compaction_end,3,42992648
207.234,compaction_begin,3,0
207.408,compaction_end,3,42992648
207.418,compaction_begin,3,0
207.646,compaction_end,3,42992653
207.656,compaction_begin,3,0
207.830,compaction_end,3,42992650
207.840,compaction_begin,3,0
208.013,compaction_end,3,42992648
208.023,compaction_begin,3,0
208.198,compaction_end,3,42992655
208.208,compaction_begin,3,0
208.382,compaction_end,3,43367078
208.393,compaction_begin,3,0
208.565,compaction_end,3,42992653
208.575,compaction_begin,3,0
208.825,compaction_end,3,43655654
208.836,compaction_begin,3,0
209.067,compaction_end,3,42992654
209.078,compaction_begin,3,0
209.308,compaction_end,3,42992652
209.318,compaction_begin,3,0
209.824,compaction_end,3,44556334
209.834,compaction_begin,3,0
210.048,compaction_end,3,42157760
210.058,compaction_begin,3,0
210.539,compaction_end,3,28079277
210.549,compaction_begin,3,0
210.722,compaction_end,3,42618174
210.732,compaction_begin,3,0
210.908,compaction_end,3,42992648
210.919,compaction_begin,3,0
211.096,compaction_end,3,42992651
211.104,compaction_begin,3,0
211.194,flush_begin,0,0
211.206,flush_end,0,2744624
211.304,compaction_end,3,43367083
211.316,compaction_begin,2,0
211.645,compaction_end,2,5357013
211.663,compaction_begin,3,0
211.870,compaction_end,3,43367080
211.882,compaction_begin,3,0
212.050,compaction_end,3,43367079
212.062,compaction_begin,3,0
212.234,compaction_end,3,43367082
212.245,compaction_begin,3,0
212.421,compaction_end,3,43367078
212.433,compaction_begin,3,0
212.609,compaction_end,3,43367085
212.620,compaction_begin,3,0
212.795,compaction_end,3,43367081
212.806,compaction_begin,3,0
212.984,compaction_end,3,43367081
212.995,compaction_begin,3,0
213.176,compaction_end,3,42992648
213.187,compaction_begin,3,0
213.937,compaction_end,3,42992650
213.948,compaction_begin,3,0
214.121,compaction_end,3,42992650
214.132,compaction_begin,3,0
214.308,compaction_end,3,42992648
214.318,compaction_begin,3,0
214.497,compaction_end,3,42992647
214.507,compaction_begin,3,0
214.683,compaction_end,3,42618171
214.694,compaction_begin,3,0
214.875,compaction_end,3,43367082
214.885,compaction_begin,3,0
215.069,compaction_end,3,43367080
215.078,compaction_begin,3,0
215.254,compaction_end,3,43367079
215.264,compaction_begin,3,0
215.438,compaction_end,3,43367077
215.449,compaction_begin,3,0
215.625,compaction_end,3,42992648
215.636,compaction_begin,3,0
215.814,compaction_end,3,43367079
215.825,compaction_begin,3,0
215.999,compaction_end,3,42618173
216.010,compaction_begin,3,0
216.185,compaction_end,3,42992651
216.195,compaction_begin,3,0
216.369,compaction_end,3,43367083
216.379,compaction_begin,3,0
216.555,compaction_end,3,43367080
216.566,compaction_begin,3,0
216.589,flush_begin,0,0
216.601,flush_end,0,2744556
216.765,compaction_end,3,42992653
216.775,compaction_begin,2,0
217.100,compaction_end,2,5419425
217.115,compaction_begin,3,0
217.310,compaction_end,3,43367080
217.322,compaction_begin,3,0
217.492,compaction_end,3,43367082
217.504,compaction_begin,3,0
217.672,compaction_end,3,43367079
217.683,compaction_begin,3,0
217.854,compaction_end,3,42992648
217.864,compaction_begin,3,0
218.037,compaction_end,3,42992650
218.047,compaction_begin,3,0
218.222,compaction_end,3,43367078
218.233,compaction_begin,3,0
218.407,compaction_end,3,43367081
218.417,compaction_begin,3,0
218.589,compaction_end,3,43367077
218.599,compaction_begin,3,0
218.772,compaction_end,3,42992648
218.782,compaction_begin,3,0
218.960,compaction_end,3,43367081
218.971,compaction_begin,3,0
219.144,compaction_end,3,42992647
219.155,compaction_begin,3,0
219.332,compaction_end,3,43367079
219.342,compaction_begin,3,0
219.518,compaction_end,3,43367082
219.529,compaction_begin,3,0
219.703,compaction_end,3,42992648
219.713,compaction_begin,3,0
219.890,compaction_end,3,43367080
219.900,compaction_begin,3,0
220.072,compaction_end,3,42618171
220.082,compaction_begin,3,0
220.768,compaction_end,3,42157765
220.778,compaction_begin,3,0
220.960,compaction_end,3,42992648
220.972,compaction_begin,3,0
221.157,compaction_end,3,43367080
221.168,compaction_begin,3,0
221.351,compaction_end,3,42992650
221.362,compaction_begin,3,0
222.010,flush_begin,0,0
222.021,flush_end,0,2745205
222.062,compaction_end,3,42618169
222.072,compaction_begin,2,0
222.401,compaction_end,2,5348212
222.417,compaction_begin,3,0
222.630,compaction_end,3,43367080
222.642,compaction_begin,3,0
222.818,compaction_end,3,43367079
222.830,compaction_begin,3,0
223.007,compaction_end,3,43367082
223.020,compaction_begin,3,0
223.213,compaction_end,3,43367081
223.224,compaction_begin,3,0
223.458,compaction_end,3,42992647
223.469,compaction_begin,3,0
223.650,compaction_end,3,43367078
223.661,compaction_begin,3,0
223.849,compaction_end,3,42992650
223.860,compaction_begin,3,0
224.040,compaction_end,3,42992650
224.050,compaction_begin,3,0
224.232,compaction_end,3,42992648
224.242,compaction_begin,3,0
224.422,compaction_end,3,42992648
224.433,compaction_begin,3,0
224.614,compaction_end,3,43367079
224.625,compaction_begin,3,0
224.805,compaction_end,3,42992648
224.815,compaction_begin,3,0
224.998,compaction_end,3,43367081
225.010,compaction_begin,3,0
225.189,compaction_end,3,42992648
225.200,compaction_begin,3,0
225.383,compaction_end,3,43367079
225.394,compaction_begin,3,0
225.574,compaction_end,3,42157765
225.584,compaction_begin,3,0
225.766,compaction_end,3,42618171
225.776,compaction_begin,3,0
226.518,compaction_end,3,42992655
226.528,compaction_begin,3,0
227.256,compaction_end,3,42243697
227.267,compaction_begin,3,0
227.446,flush_begin,0,0
227.457,flush_end,0,2744806
228.026,compaction_end,3,42992649
228.037,compaction_begin,2,0
228.346,compaction_end,2,5379032
228.360,compaction_begin,3,0
228.557,compaction_end,3,43367080
228.569,compaction_begin,3,0
228.743,compaction_end,3,43367082
228.755,compaction_begin,3,0
228.932,compaction_end,3,43367079
228.944,compaction_begin,3,0
229.120,compaction_end,3,43367081
229.130,compaction_begin,3,0
229.309,compaction_end,3,42992648
229.320,compaction_begin,3,0
229.501,compaction_end,3,42992650
229.511,compaction_begin,3,0
229.702,compaction_end,3,43367078
229.710,compaction_begin,3,0
229.890,compaction_end,3,42992648
229.903,compaction_begin,3,0
230.086,compaction_end,3,43367081
230.097,compaction_begin,3,0
230.275,compaction_end,3,42618173
230.286,compaction_begin,3,0
230.470,compaction_end,3,42992648
230.480,compaction_begin,3,0
230.985,compaction_end,3,43367082
230.995,compaction_begin,3,0
231.175,compaction_end,3,42618171
231.185,compaction_begin,3,0
231.367,compaction_end,3,42992649
231.378,compaction_begin,3,0
232.130,compaction_end,3,43367078
232.140,compaction_begin,3,0
232.871,flush_begin,0,0
232.882,flush_end,0,2744585
232.901,compaction_end,3,43144571
232.913,compaction_begin,2,0
233.241,compaction_end,2,5518328
233.257,compaction_begin,3,0
233.458,compaction_end,3,43367080
233.470,compaction_begin,3,0
233.641,compaction_end,3,43367082
233.653,compaction_begin,3,0
233.824,compaction_end,3,43367079
233.837,compaction_begin,3,0
234.011,compaction_end,3,43367082
234.021,compaction_begin,3,0
234.198,compaction_end,3,43367078
234.209,compaction_begin,3,0
234.387,compaction_end,3,43367081
234.397,compaction_begin,3,0
234.575,compaction_end,3,42618169
234.586,compaction_begin,3,0
234.764,compaction_end,3,42992648
234.773,compaction_begin,3,0
234.957,compaction_end,3,43367081
234.968,compaction_begin,3,0
235.143,compaction_end,3,43367080
235.154,compaction_begin,3,0
235.885,compaction_end,3,42992651
235.896,compaction_begin,3,0
236.070,compaction_end,3,42992648
236.081,compaction_begin,3,0
236.256,compaction_end,3,42992649
236.266,compaction_begin,3,0
236.441,compaction_end,3,43367079
236.452,compaction_begin,3,0
236.628,compaction_end,3,42992650
236.638,compaction_begin,3,0
237.416,compaction_end,3,44267906
237.426,compaction_begin,3,0
237.601,compaction_end,3,42992650
237.613,compaction_begin,3,0
237.789,compaction_end,3,43367078
237.800,compaction_begin,3,0
237.974,compaction_end,3,42992648
237.984,compaction_begin,3,0
238.161,compaction_end,3,43367079
238.172,compaction_begin,3,0
238.319,flush_begin,0,0
238.331,flush_end,0,2744372
238.368,compaction_end,3,42618173
238.378,compaction_begin,2,0
238.697,compaction_end,2,5475437
238.711,compaction_begin,3,0
238.901,compaction_end,3,43367080
238.913,compaction_begin,3,0
239.082,compaction_end,3,43367082
239.093,compaction_begin,3,0
239.263,compaction_end,3,43367079
239.276,compaction_begin,3,0
239.446,compaction_end,3,43367081
239.456,compaction_begin,3,0
239.629,compaction_end,3,43367080
239.639,compaction_begin,3,0
239.815,compaction_end,3,42992650
239.823,compaction_begin,3,0
239.998,compaction_end,3,43367081
240.010,compaction_begin,3,0
240.188,compaction_end,3,43367078
240.199,compaction_begin,3,0
240.371,compaction_end,3,42243697
240.381,compaction_begin,3,0
240.556,compaction_end,3,42992648
240.567,compaction_begin,3,0
240.744,compaction_end,3,42992648
240.754,compaction_begin,3,0
240.931,compaction_end,3,42992651
240.941,compaction_begin,3,0
241.119,compaction_end,3,43367079
241.129,compaction_begin,3,0
241.303,compaction_end,3,42992647
241.314,compaction_begin,3,0
241.489,compaction_end,3,42992648
241.500,compaction_begin,3,0
242.241,compaction_end,3,42992652
242.251,compaction_begin,3,0
242.425,compaction_end,3,42157765
242.435,compaction_begin,3,0
242.609,compaction_end,3,42618169
242.619,compaction_begin,3,0
242.792,compaction_end,3,42992648
242.803,compaction_begin,3,0
243.546,compaction_end,3,43367081
243.556,compaction_begin,3,0
243.732,compaction_end,3,42992649
243.742,compaction_begin,3,0
243.796,flush_begin,0,0
243.807,flush_end,0,2744614
243.938,compaction_end,3,43367079
243.948,compaction_begin,2,0
244.275,compaction_end,2,5454525
244.292,compaction_begin,3,0
244.503,compaction_end,3,43367080
244.515,compaction_begin,3,0
244.693,compaction_end,3,43367082
244.706,compaction_begin,3,0
244.888,compaction_end,3,43367079
244.900,compaction_begin,3,0
245.070,compaction_end,3,42992647
245.080,compaction_begin,3,0
245.255,compaction_end,3,43367078
245.267,compaction_begin,3,0
245.445,compaction_end,3,43367079
245.455,compaction_begin,3,0
245.629,compaction_end,3,42992648
245.639,compaction_begin,3,0
245.813,compaction_end,3,43367081
245.824,compaction_begin,3,0
246.000,compaction_end,3,43367081
246.011,compaction_begin,3,0
246.184,compaction_end,3,42992652
246.194,compaction_begin,3,0
246.371,compaction_end,3,42992648
246.381,compaction_begin,3,0
246.558,compaction_end,3,43144571
246.568,compaction_begin,3,0
246.743,compaction_end,3,42992650
246.755,compaction_begin,3,0
246.930,compaction_end,3,42992648
246.941,compaction_begin,3,0
247.119,compaction_end,3,43367079
247.129,compaction_begin,3,0
247.306,compaction_end,3,43367082
247.316,compaction_begin,3,0
248.054,compaction_end,3,43367078
248.064,compaction_begin,3,0
248.815,compaction_end,3,42992648
248.826,compaction_begin,3,0
249.001,compaction_end,3,42992651
249.011,compaction_begin,3,0
249.256,flush_begin,0,0
249.267,flush_end,0,2744945
249.489,compaction_end,3,43367079
249.499,compaction_begin,2,0
249.810,compaction_end,2,5467641
249.825,compaction_begin,3,0
250.008,compaction_end,3,43367080
250.021,compaction_begin,3,0
250.189,compaction_end,3,43367079
250.201,compaction_begin,3,0
250.431,compaction_end,3,43367079
250.443,compaction_begin,3,0
250.617,compaction_end,3,43367081
250.628,compaction_begin,3,0
250.804,compaction_end,3,43367080
250.814,compaction_begin,3,0
250.993,compaction_end,3,43367082
251.004,compaction_begin,3,0
251.177,compaction_end,3,42992647
251.187,compaction_begin,3,0
251.364,compaction_end,3,43367081
251.375,compaction_begin,3,0
251.547,compaction_end,3,42157763
251.557,compaction_begin,3,0
251.731,compaction_end,3,42992648
251.741,compaction_begin,3,0
251.916,compaction_end,3,43367078
251.926,compaction_begin,3,0
252.099,compaction_end,3,42618169
252.109,compaction_begin,3,0
252.283,compaction_end,3,42992648
252.293,compaction_begin,3,0
252.468,compaction_end,3,43367079
252.478,compaction_begin,3,0
252.730,compaction_end,3,44267906
252.740,compaction_begin,3,0
253.448,compaction_end,3,43367081
253.464,compaction_begin,3,0
253.640,compaction_end,3,42992648
253.650,compaction_begin,3,0
253.828,compaction_end,3,43367081
253.839,compaction_begin,3,0
254.524,compaction_end,3,43367080
254.535,compaction_begin,3,0
254.710,compaction_end,3,42992652
254.721,flush_begin,0,0
254.733,flush_end,0,2745054
254.743,compaction_begin,2,0
255.066,compaction_end,2,5644620
255.079,compaction_begin,3,0
255.282,compaction_end,3,43367080
255.294,compaction_begin,3,0
255.466,compaction_end,3,43367082
255.474,compaction_begin,3,0
255.648,compaction_end,3,43367079
255.664,compaction_begin,3,0
255.837,compaction_end,3,43367078
255.849,compaction_begin,3,0
256.024,compaction_end,3,43367081
256.035,compaction_begin,3,0
256.218,compaction_end,3,42992647
256.228,compaction_begin,3,0
256.405,compaction_end,3,43367079
256.413,compaction_begin,3,0
256.589,compaction_end,3,43367080
256.601,compaction_begin,3,0
256.779,compaction_end,3,42992649
256.789,compaction_begin,3,0
256.968,compaction_end,3,43367082
256.979,compaction_begin,3,0
257.156,compaction_end,3,43367079
257.167,compaction_begin,3,0
257.347,compaction_end,3,43367081
257.358,compaction_begin,3,0
257.533,compaction_end,3,42992648
257.543,compaction_begin,3,0
257.721,compaction_end,3,43367080
257.731,compaction_begin,3,0
257.905,compaction_end,3,42992651
257.915,compaction_begin,3,0
258.089,compaction_end,3,42992650
258.099,compaction_begin,3,0
258.274,compaction_end,3,43367081
258.284,compaction_begin,3,0
259.018,compaction_end,3,42618173
259.029,compaction_begin,3,0
259.204,compaction_end,3,43367078
259.215,compaction_begin,3,0
259.390,compaction_end,3,42992648
259.400,compaction_begin,3,0
260.075,compaction_end,3,42992648
260.086,compaction_begin,3,0
260.169,flush_begin,0,0
260.181,flush_end,0,2744567
260.286,compaction_end,3,43144571
260.296,compaction_begin,2,0
260.626,compaction_end,2,5773351
260.641,compaction_begin,3,0
260.843,compaction_end,3,43367080
260.855,compaction_begin,3,0
261.030,compaction_end,3,43367079
261.041,compaction_begin,3,0
261.212,compaction_end,3,43367082
261.224,compaction_begin,3,0
261.410,compaction_end,3,42992648
261.421,compaction_begin,3,0
261.595,compaction_end,3,43367080
261.606,compaction_begin,3,0
261.779,compaction_end,3,42992647
261.789,compaction_begin,3,0
261.965,compaction_end,3,42992651
261.975,compaction_begin,3,0
262.150,compaction_end,3,42992648
262.161,compaction_begin,3,0
262.339,compaction_end,3,43367078
262.351,compaction_begin,3,0
262.526,compaction_end,3,43367081
262.536,compaction_begin,3,0
262.710,compaction_end,3,42992650
262.721,compaction_begin,3,0
262.899,compaction_end,3,43367081
262.910,compaction_begin,3,0
263.085,compaction_end,3,43367081
263.095,compaction_begin,3,0
263.270,compaction_end,3,42992648
263.280,compaction_begin,3,0
263.454,compaction_end,3,42992648
263.465,compaction_begin,3,0
263.643,compaction_end,3,43367079
263.653,compaction_begin,3,0
264.391,compaction_end,3,42992654
264.401,compaction_begin,3,0
264.577,compaction_end,3,43367079
264.586,compaction_begin,3,0
264.769,compaction_end,3,42618173
264.780,compaction_begin,3,0
264.956,compaction_end,3,42157761
264.966,compaction_begin,3,0
265.142,compaction_end,3,43367082
265.152,compaction_begin,3,0
265.608,flush_begin,0,0
265.620,flush_end,0,2744705
265.909,compaction_end,3,42992650
265.919,compaction_begin,2,0
266.251,compaction_end,2,5821052
266.268,compaction_begin,3,0
266.473,compaction_end,3,43367080
266.485,compaction_begin,3,0
266.658,compaction_end,3,43367081
266.669,compaction_begin,3,0
266.842,compaction_end,3,43367079
266.855,compaction_begin,3,0
267.028,compaction_end,3,43367082
267.040,compaction_begin,3,0
267.213,compaction_end,3,43367078
267.225,compaction_begin,3,0
267.398,compaction_end,3,42992654
267.408,compaction_begin,3,0
267.584,compaction_end,3,43367079
267.595,compaction_begin,3,0
267.770,compaction_end,3,43144571
267.780,compaction_begin,3,0
267.956,compaction_end,3,43367080
267.966,compaction_begin,3,0
268.140,compaction_end,3,43367081
268.151,compaction_begin,3,0
268.382,compaction_end,3,43367078
268.392,compaction_begin,3,0
268.570,compaction_end,3,43367080
268.580,compaction_begin,3,0
268.752,compaction_end,3,42992648
268.762,compaction_begin,3,0
268.938,compaction_end,3,42992651
268.948,compaction_begin,3,0
269.124,compaction_end,3,42992648
269.134,compaction_begin,3,0
269.309,compaction_end,3,42992650
269.319,compaction_begin,3,0
269.494,compaction_end,3,42618173
269.504,compaction_begin,3,0
269.679,compaction_end,3,42992650
269.689,compaction_begin,3,0
269.868,compaction_end,3,42992652
269.878,compaction_begin,3,0
270.054,compaction_end,3,43367078
270.065,compaction_begin,3,0
270.239,compaction_end,3,43367079
270.249,compaction_begin,3,0
270.983,compaction_end,3,42992648
270.993,compaction_begin,3,0
271.049,flush_begin,0,0
271.060,flush_end,0,2744618
271.188,compaction_end,3,42992649
271.199,compaction_begin,2,0
271.527,compaction_end,2,5871808
271.542,compaction_begin,3,0
271.748,compaction_end,3,43367080
271.760,compaction_begin,3,0
271.931,compaction_end,3,43367079
271.942,compaction_begin,3,0
272.111,compaction_end,3,43367082
272.123,compaction_begin,3,0
272.296,compaction_end,3,43367078
272.306,compaction_begin,3,0
272.479,compaction_end,3,43367079
272.489,compaction_begin,3,0
272.661,compaction_end,3,42992650
272.672,compaction_begin,3,0
272.844,compaction_end,3,42992648
272.854,compaction_begin,3,0
273.030,compaction_end,3,42992648
273.040,compaction_begin,3,0
273.219,compaction_end,3,43367081
273.229,compaction_begin,3,0
273.407,compaction_end,3,42992651
273.417,compaction_begin,3,0
273.601,compaction_end,3,42992652
273.611,compaction_begin,3,0
273.795,compaction_end,3,43367081
273.805,compaction_begin,3,0
273.989,compaction_end,3,42992650
273.999,compaction_begin,3,0
274.181,compaction_end,3,42992647
274.192,compaction_begin,3,0
274.377,compaction_end,3,43367080
274.387,compaction_begin,3,0
274.569,compaction_end,3,42992654
274.580,compaction_begin,3,0
275.334,compaction_end,3,43367079
275.345,compaction_begin,3,0
276.112,compaction_end,3,42992649
276.122,compaction_begin,3,0
276.308,compaction_end,3,42992648
276.318,compaction_begin,3,0
276.475,flush_begin,0,0
276.486,flush_end,0,2744377
277.087,compaction_end,3,42992649
277.097,compaction_begin,2,0
277.426,compaction_end,2,5794899
277.442,compaction_begin,3,0
277.654,compaction_end,3,43367080
277.667,compaction_begin,3,0
277.845,compaction_end,3,43367081
277.854,compaction_begin,3,0
278.035,compaction_end,3,43367082
278.049,compaction_begin,3,0
278.227,compaction_end,3,43367079
278.238,compaction_begin,3,0
278.417,compaction_end,3,43367078
278.429,compaction_begin,3,0
278.607,compaction_end,3,42992650
278.617,compaction_begin,3,0
278.801,compaction_end,3,43367080
278.810,compaction_begin,3,0
278.999,compaction_end,3,43367079
279.011,compaction_begin,3,0
279.197,compaction_end,3,43367078
279.208,compaction_begin,3,0
279.395,compaction_end,3,43367079
279.405,compaction_begin,3,0
279.588,compaction_end,3,43144571
279.598,compaction_begin,3,0
279.779,compaction_end,3,42992648
279.790,compaction_begin,3,0
279.974,compaction_end,3,43367080
279.985,compaction_begin,3,0
280.166,compaction_end,3,42992651
280.176,compaction_begin,3,0
280.360,compaction_end,3,42992654
280.370,compaction_begin,3,0
281.104,compaction_end,3,42992648
281.115,compaction_begin,3,0
281.298,compaction_end,3,43367079
281.308,compaction_begin,3,0
281.490,compaction_end,3,43367081
281.501,compaction_begin,3,0
281.878,flush_begin,0,0
281.889,flush_end,0,2744787
282.252,compaction_end,3,42618171
282.263,compaction_begin,2,0
282.590,compaction_end,2,5886474
282.607,compaction_begin,3,0
282.819,compaction_end,3,43367080
282.831,compaction_begin,3,0
283.021,compaction_end,3,43367079
283.032,compaction_begin,3,0
283.213,compaction_end,3,42992650
283.224,compaction_begin,3,0
283.414,compaction_end,3,43367081
283.425,compaction_begin,3,0
283.599,compaction_end,3,42992648
283.610,compaction_begin,3,0
283.783,compaction_end,3,43367082
283.791,compaction_begin,3,0
283.967,compaction_end,3,43367078
283.981,compaction_begin,3,0
284.158,compaction_end,3,43367079
284.169,compaction_begin,3,0
284.345,compaction_end,3,43367081
284.356,compaction_begin,3,0
284.532,compaction_end,3,42992648
284.543,compaction_begin,3,0
284.719,compaction_end,3,43367080
284.729,compaction_begin,3,0
285.475,compaction_end,3,43367083
285.485,compaction_begin,3,0
285.669,compaction_end,3,43367078
285.680,compaction_begin,3,0
285.857,compaction_end,3,42992652
285.867,compaction_begin,3,0
286.042,compaction_end,3,42992648
286.053,compaction_begin,3,0
286.226,compaction_end,3,42992648
286.236,compaction_begin,3,0
286.408,compaction_end,3,42992650
286.418,compaction_begin,3,0
286.591,compaction_end,3,43367079
286.601,compaction_begin,3,0
286.774,compaction_end,3,42992648
286.784,compaction_begin,3,0
287.266,flush_begin,0,0
287.277,flush_end,0,2744589
287.543,compaction_end,3,43367082
287.553,compaction_begin,2,0
287.874,compaction_end,2,5887853
287.889,compaction_begin,3,0
288.083,compaction_end,3,43367080
288.096,compaction_begin,3,0
288.264,compaction_end,3,43367079
288.276,compaction_begin,3,0
288.449,compaction_end,3,43367079
288.459,compaction_begin,3,0
288.632,compaction_end,3,43367082
288.644,compaction_begin,3,0
288.816,compaction_end,3,43367078
288.826,compaction_begin,3,0
289.002,compaction_end,3,43367081
289.013,compaction_begin,3,0
289.186,compaction_end,3,42992654
289.196,compaction_begin,3,0
289.369,compaction_end,3,42992650
289.379,compaction_begin,3,0
289.553,compaction_end,3,43367080
289.564,compaction_begin,3,0
289.738,compaction_end,3,42992648
289.748,compaction_begin,3,0
289.922,compaction_end,3,43367079
289.932,compaction_begin,3,0
290.108,compaction_end,3,43367078
290.118,compaction_begin,3,0
290.294,compaction_end,3,42992651
290.304,compaction_begin,3,0
290.478,compaction_end,3,42992650
290.488,compaction_begin,3,0
290.663,compaction_end,3,43367078
290.674,compaction_begin,3,0
290.849,compaction_end,3,43367082
290.860,compaction_begin,3,0
291.035,compaction_end,3,42992648
291.045,compaction_begin,3,0
291.253,compaction_end,3,42992647
291.263,compaction_begin,3,0
291.437,compaction_end,3,42992648
291.448,compaction_begin,3,0
292.201,compaction_end,3,42992649
292.213,compaction_begin,3,0
292.391,compaction_end,3,43367081
292.401,compaction_begin,3,0
292.712,flush_begin,0,0
292.724,flush_end,0,2744803
293.186,compaction_end,3,43367082
293.197,compaction_begin,2,0
293.527,compaction_end,2,5933308
293.544,compaction_begin,3,0
293.756,compaction_end,3,43367080
293.768,compaction_begin,3,0
293.948,compaction_end,3,43367082
293.959,compaction_begin,3,0
294.139,compaction_end,3,43367079
294.151,compaction_begin,3,0
294.334,compaction_end,3,43367078
294.346,compaction_begin,3,0
294.527,compaction_end,3,42992647
294.537,compaction_begin,3,0
294.720,compaction_end,3,42992648
294.730,compaction_begin,3,0
294.914,compaction_end,3,42992651
294.924,compaction_begin,3,0
295.668,compaction_end,3,43367077
295.679,compaction_begin,3,0
295.863,compaction_end,3,43367078
295.874,compaction_begin,3,0
296.051,compaction_end,3,42992648
296.062,compaction_begin,3,0
296.244,compaction_end,3,43367081
296.255,compaction_begin,3,0
296.437,compaction_end,3,42992648
296.447,compaction_begin,3,0
296.633,compaction_end,3,43367082
296.643,compaction_begin,3,0
297.377,compaction_end,3,42243695
297.388,compaction_begin,3,0
298.127,compaction_end,3,42618175
298.136,compaction_begin,3,0
298.138,flush_begin,0,0
298.150,flush_end,0,2744740
298.343,compaction_end,3,43367082
298.354,compaction_begin,2,0
298.685,compaction_end,2,5943113
298.702,compaction_begin,3,0
298.918,compaction_end,3,43367080
298.930,compaction_begin,3,0
299.108,compaction_end,3,43367082
299.119,compaction_begin,3,0
299.297,compaction_end,3,43367079
299.308,compaction_begin,3,0
299.489,compaction_end,3,43367081
299.499,compaction_begin,3,0
299.680,compaction_end,3,43367078
299.692,compaction_begin,3,0
299.880,compaction_end,3,43367081
299.890,compaction_begin,3,0
300.074,compaction_end,3,43367079
300.085,compaction_begin,3,0
300.267,compaction_end,3,42992648
300.277,compaction_begin,3,0
300.461,compaction_end,3,43367082
300.472,compaction_begin,3,0
300.653,compaction_end,3,42992647
300.663,compaction_begin,3,0
300.845,compaction_end,3,42992651
300.855,compaction_begin,3,0
301.041,compaction_end,3,42992648
301.050,compaction_begin,3,0
301.235,compaction_end,3,42992648
301.248,compaction_begin,3,0
301.435,compaction_end,3,43367079
301.444,compaction_begin,3,0
301.625,compaction_end,3,42992650
301.635,compaction_begin,3,0
302.295,compaction_end,3,42618171
302.305,compaction_begin,3,0
303.046,compaction_end,3,43367082
303.057,compaction_begin,3,0
303.234,compaction_end,3,42992654
303.244,compaction_begin,3,0
303.421,compaction_end,3,43367080
303.432,compaction_begin,3,0
303.541,flush_begin,0,0
303.552,flush_end,0,2744639
303.627,compaction_end,3,42992648
303.637,compaction_begin,2,0
303.961,compaction_end,2,5974216
303.977,compaction_begin,3,0
304.181,compaction_end,3,43367080
304.194,compaction_begin,3,0
304.366,compaction_end,3,43367079
304.378,compaction_begin,3,0
304.549,compaction_end,3,43367082
304.560,compaction_begin,3,0
304.731,compaction_end,3,42992648
304.741,compaction_begin,3,0
304.917,compaction_end,3,43367077
304.928,compaction_begin,3,0
305.100,compaction_end,3,42992651
305.110,compaction_begin,3,0
305.281,compaction_end,3,43367081
305.291,compaction_begin,3,0
305.466,compaction_end,3,43367079
305.476,compaction_begin,3,0
305.649,compaction_end,3,42992650
305.659,compaction_begin,3,0
305.834,compaction_end,3,42992650
305.845,compaction_begin,3,0
306.021,compaction_end,3,43367081
306.031,compaction_begin,3,0
306.206,compaction_end,3,43367080
306.216,compaction_begin,3,0
306.390,compaction_end,3,43367079
306.401,compaction_begin,3,0
306.634,compaction_end,3,43367081
306.645,compaction_begin,3,0
306.821,compaction_end,3,43367082
306.832,compaction_begin,3,0
307.009,compaction_end,3,42992647
307.019,compaction_begin,3,0
307.195,compaction_end,3,43367078
307.206,compaction_begin,3,0
307.962,compaction_end,3,42992648
307.972,compaction_begin,3,0
308.148,compaction_end,3,42992648
308.158,compaction_begin,3,0
308.392,compaction_end,3,43367079
308.402,compaction_begin,3,0
308.575,compaction_end,3,43367078
308.586,compaction_begin,3,0
308.760,compaction_end,3,42992649
308.770,compaction_begin,3,0
308.977,flush_begin,0,0
308.988,flush_end,0,2744187
309.550,compaction_end,3,42992648
309.561,compaction_begin,2,0
309.885,compaction_end,2,5904122
309.902,compaction_begin,3,0
310.109,compaction_end,3,43367080
310.121,compaction_begin,3,0
310.290,compaction_end,3,43367082
310.301,compaction_begin,3,0
310.472,compaction_end,3,43367079
310.484,compaction_begin,3,0
310.657,compaction_end,3,43367079
310.668,compaction_begin,3,0
310.842,compaction_end,3,43367080
310.853,compaction_begin,3,0
311.029,compaction_end,3,43367078
311.040,compaction_begin,3,0
311.218,compaction_end,3,43367077
311.229,compaction_begin,3,0
311.405,compaction_end,3,43367081
311.416,compaction_begin,3,0
311.603,compaction_end,3,43367081
311.613,compaction_begin,3,0
311.788,compaction_end,3,42992654
311.798,compaction_begin,3,0
311.973,compaction_end,3,42992648
311.984,compaction_begin,3,0
312.160,compaction_end,3,43367082
312.170,compaction_begin,3,0
312.344,compaction_end,3,42992648
312.355,compaction_begin,3,0
312.531,compaction_end,3,42618171
312.541,compaction_begin,3,0
312.716,compaction_end,3,42992648
312.727,compaction_begin,3,0
312.904,compaction_end,3,42992647
312.914,compaction_begin,3,0
313.092,compaction_end,3,42992651
313.103,compaction_begin,3,0
313.293,compaction_end,3,43367079
313.318,compaction_begin,3,0
313.494,compaction_end,3,42992650
313.504,compaction_begin,3,0
314.239,compaction_end,3,42618173
314.248,compaction_begin,3,0
314.425,compaction_end,3,42992650
314.435,compaction_begin,3,0
314.467,flush_begin,0,0
314.479,flush_end,0,2744528
315.197,compaction_end,3,43367080
315.207,compaction_begin,2,0
315.527,compaction_end,2,5995059
315.541,compaction_begin,3,0
315.737,compaction_end,3,43367080
315.750,compaction_begin,3,0
315.919,compaction_end,3,43367079
315.930,compaction_begin,3,0
316.101,compaction_end,3,43367079
316.112,compaction_begin,3,0
316.283,compaction_end,3,42992648
316.293,compaction_begin,3,0
316.466,compaction_end,3,42992648
316.477,compaction_begin,3,0
316.651,compaction_end,3,42992654
316.662,compaction_begin,3,0
316.837,compaction_end,3,43367082
316.848,compaction_begin,3,0
317.213,compaction_end,3,42992648
317.224,compaction_begin,3,0
317.400,compaction_end,3,43367081
317.411,compaction_begin,3,0
317.584,compaction_end,3,42992650
317.595,compaction_begin,3,0
317.770,compaction_end,3,43367079
317.781,compaction_begin,3,0
317.953,compaction_end,3,42618171
317.964,compaction_begin,3,0
318.137,compaction_end,3,43367080
318.147,compaction_begin,3,0
318.627,compaction_end,3,28079277
318.636,compaction_begin,3,0
319.365,compaction_end,3,42618169
319.375,compaction_begin,3,0
319.550,compaction_end,3,43367081
319.561,compaction_begin,3,0
319.905,flush_begin,0,0
319.917,flush_end,0,2745076
320.309,compaction_end,3,42618172
320.318,compaction_begin,2,0
320.634,compaction_end,2,5937088
320.648,compaction_begin,3,0
320.832,compaction_end,3,43367080
320.845,compaction_begin,3,0
321.012,compaction_end,3,43367079
321.024,compaction_begin,3,0
321.197,compaction_end,3,43367078
321.207,compaction_begin,3,0
321.377,compaction_end,3,43367082
321.389,compaction_begin,3,0
321.565,compaction_end,3,43367079
321.576,compaction_begin,3,0
321.751,compaction_end,3,43367081
321.762,compaction_begin,3,0
321.938,compaction_end,3,42992648
321.949,compaction_begin,3,0
322.133,compaction_end,3,43367082
322.144,compaction_begin,3,0
322.322,compaction_end,3,43367082
322.333,compaction_begin,3,0
322.680,compaction_end,3,43367078
322.690,compaction_begin,3,0
322.866,compaction_end,3,42992648
322.876,compaction_begin,3,0
323.051,compaction_end,3,42992648
323.062,compaction_begin,3,0
323.238,compaction_end,3,43367081
323.248,compaction_begin,3,0
323.426,compaction_end,3,43367083
323.436,compaction_begin,3,0
323.610,compaction_end,3,42618169
323.620,compaction_begin,3,0
323.792,compaction_end,3,42992654
323.803,compaction_begin,3,0
324.536,compaction_end,3,42992653
324.544,compaction_begin,3,0
325.276,compaction_end,3,42992648
325.288,compaction_begin,3,0
325.316,flush_begin,0,0
325.327,flush_end,0,2744591
325.482,compaction_end,3,42992650
325.493,compaction_begin,2,0
325.824,compaction_end,2,5941322
325.843,compaction_begin,3,0
326.046,compaction_end,3,43367080
326.059,compaction_begin,3,0
326.226,compaction_end,3,43367079
326.238,compaction_begin,3,0
326.410,compaction_end,3,42992648
326.421,compaction_begin,3,0
326.592,compaction_end,3,43367082
326.604,compaction_begin,3,0
326.776,compaction_end,3,42992648
326.786,compaction_begin,3,0
326.963,compaction_end,3,43367083
326.974,compaction_begin,3,0
327.147,compaction_end,3,42618171
327.158,compaction_begin,3,0
327.332,compaction_end,3,42992648
327.343,compaction_begin,3,0
327.520,compaction_end,3,43367078
327.530,compaction_begin,3,0
327.705,compaction_end,3,42992650
327.715,compaction_begin,3,0
327.890,compaction_end,3,42992650
327.900,compaction_begin,3,0
328.076,compaction_end,3,42992647
328.086,compaction_begin,3,0
328.261,compaction_end,3,42992651
328.271,compaction_begin,3,0
328.447,compaction_end,3,43367081
328.458,compaction_begin,3,0
328.629,compaction_end,3,42618173
328.638,compaction_begin,3,0
328.815,compaction_end,3,43367080
328.826,compaction_begin,3,0
329.004,compaction_end,3,42992648
329.015,compaction_begin,3,0
329.189,compaction_end,3,42992653
329.200,compaction_begin,3,0
329.374,compaction_end,3,42992648
329.384,compaction_begin,3,0
329.558,compaction_end,3,43367079
329.569,compaction_begin,3,0
329.753,compaction_end,3,42618172
329.764,compaction_begin,3,0
329.938,compaction_end,3,43367082
329.948,compaction_begin,3,0
330.121,compaction_end,3,43367081
330.132,compaction_begin,3,0
330.306,compaction_end,3,42992648
330.316,compaction_begin,3,0
330.489,compaction_end,3,42618169
330.499,compaction_begin,3,0
330.692,flush_begin,0,0
330.703,flush_end,0,2744810
331.257,compaction_end,3,43367077
331.267,compaction_begin,2,0
331.599,compaction_end,2,5950264
331.615,compaction_begin,3,0
331.825,compaction_end,3,43367080
331.838,compaction_begin,3,0
332.007,compaction_end,3,43367082
332.019,compaction_begin,3,0
332.185,compaction_end,3,43367079
332.197,compaction_begin,3,0
332.369,compaction_end,3,42992651
332.380,compaction_begin,3,0
332.554,compaction_end,3,42992650
332.565,compaction_begin,3,0
332.740,compaction_end,3,42992648
332.751,compaction_begin,3,0
332.927,compaction_end,3,42992653
332.937,compaction_begin,3,0
333.114,compaction_end,3,43367083
333.124,compaction_begin,3,0
333.300,compaction_end,3,43367078
333.311,compaction_begin,3,0
333.487,compaction_end,3,43367079
333.498,compaction_begin,3,0
333.673,compaction_end,3,43367081
333.683,compaction_begin,3,0
333.860,compaction_end,3,43367081
333.870,compaction_begin,3,0
334.044,compaction_end,3,42618171
334.055,compaction_begin,3,0
334.230,compaction_end,3,42992648
334.240,compaction_begin,3,0
334.415,compaction_end,3,42992648
334.426,compaction_begin,3,0
334.598,compaction_end,3,42992648
334.609,compaction_begin,3,0
334.782,compaction_end,3,42992647
334.792,compaction_begin,3,0
334.965,compaction_end,3,43367082
334.976,compaction_begin,3,0
335.149,compaction_end,3,42992648
335.159,compaction_begin,3,0
335.335,compaction_end,3,43367077
335.346,compaction_begin,3,0
335.519,compaction_end,3,42618169
335.529,compaction_begin,3,0
335.701,compaction_end,3,42618173
335.712,compaction_begin,3,0
335.889,compaction_end,3,42618172
335.900,compaction_begin,3,0
336.075,compaction_end,3,42992650
336.086,compaction_begin,3,0
336.142,flush_begin,0,0
336.155,flush_end,0,2744396
336.869,compaction_end,3,42992648
336.880,compaction_begin,2,0
337.210,compaction_end,2,6017634
337.228,compaction_begin,3,0
337.438,compaction_end,3,43367080
337.450,compaction_begin,3,0
337.618,compaction_end,3,43367082
337.630,compaction_begin,3,0
337.798,compaction_end,3,43367079
337.810,compaction_begin,3,0
337.986,compaction_end,3,43367077
337.997,compaction_begin,3,0
338.168,compaction_end,3,42618171
338.178,compaction_begin,3,0
338.352,compaction_end,3,43367078
338.363,compaction_begin,3,0
338.538,compaction_end,3,43367079
338.548,compaction_begin,3,0
338.722,compaction_end,3,43367081
338.733,compaction_begin,3,0
338.905,compaction_end,3,42992650
338.921,compaction_begin,3,0
339.094,compaction_end,3,42992648
339.105,compaction_begin,3,0
339.276,compaction_end,3,42618172
339.286,compaction_begin,3,0
339.462,compaction_end,3,42992648
339.473,compaction_begin,3,0
340.212,compaction_end,3,42992651
340.222,compaction_begin,3,0
340.401,compaction_end,3,43367082
340.412,compaction_begin,3,0
341.157,compaction_end,3,43367080
341.166,compaction_begin,3,0
341.340,compaction_end,3,42992651
341.351,compaction_begin,3,0
341.522,compaction_end,3,42618173
341.532,compaction_begin,3,0
341.637,flush_begin,0,0
341.648,flush_end,0,2744904
342.302,compaction_end,3,42992650
342.312,compaction_begin,2,0
342.636,compaction_end,2,5903479
342.651,compaction_begin,3,0
342.851,compaction_end,3,43367080
342.863,compaction_begin,3,0
343.036,compaction_end,3,43367082
343.048,compaction_begin,3,0
343.222,compaction_end,3,43367079
343.234,compaction_begin,3,0
343.424,compaction_end,3,43367078
343.435,compaction_begin,3,0
343.606,compaction_end,3,42992648
343.617,compaction_begin,3,0
343.788,compaction_end,3,42992650
343.796,compaction_begin,3,0
343.971,compaction_end,3,43367081
343.984,compaction_begin,3,0
344.157,compaction_end,3,42992648
344.167,compaction_begin,3,0
344.339,compaction_end,3,42618169
344.350,compaction_begin,3,0
344.521,compaction_end,3,42992648
344.531,compaction_begin,3,0
344.703,compaction_end,3,42992648
344.713,compaction_begin,3,0
344.886,compaction_end,3,42618173
344.897,compaction_begin,3,0
345.070,compaction_end,3,43367082
345.080,compaction_begin,3,0
345.252,compaction_end,3,42992647
345.263,compaction_begin,3,0
345.437,compaction_end,3,42992650
345.447,compaction_begin,3,0
345.926,compaction_end,3,43367083
345.933,compaction_begin,3,0
346.113,compaction_end,3,43367077
346.125,compaction_begin,3,0
346.297,compaction_end,3,42618171
346.307,compaction_begin,3,0
346.481,compaction_end,3,43367079
346.491,compaction_begin,3,0
346.665,compaction_end,3,42992651
346.675,compaction_begin,3,0
346.851,compaction_end,3,43367081
346.862,compaction_begin,3,0
347.033,compaction_end,3,42618172
347.043,compaction_begin,3,0
347.062,flush_begin,0,0
347.074,flush_end,0,2744768
347.802,compaction_end,3,42992649
347.812,compaction_begin,2,0
348.134,compaction_end,2,6031110
348.150,compaction_begin,3,0
348.345,compaction_end,3,43367080
348.357,compaction_begin,3,0
348.524,compaction_end,3,43367082
348.536,compaction_begin,3,0
348.702,compaction_end,3,43367079
348.714,compaction_begin,3,0
348.887,compaction_end,3,43367081
348.898,compaction_begin,3,0
349.067,compaction_end,3,42992648
349.078,compaction_begin,3,0
349.249,compaction_end,3,43367078
349.260,compaction_begin,3,0
349.433,compaction_end,3,42992650
349.443,compaction_begin,3,0
349.615,compaction_end,3,43367077
349.625,compaction_begin,3,0
349.801,compaction_end,3,42992648
349.811,compaction_begin,3,0
