t,type,level,bytes
-29.877,flush_begin,0,0
-29.867,flush_end,0,2686930
-29.858,flush_begin,0,0
-29.849,flush_end,0,2686931
-29.839,flush_begin,0,0
-29.829,flush_end,0,2686931
-29.820,flush_begin,0,0
-29.810,flush_end,0,2686931
-29.801,flush_begin,0,0
-29.791,flush_end,0,2686931
-29.782,flush_begin,0,0
-29.772,flush_end,0,2686930
-29.762,flush_begin,0,0
-29.752,flush_end,0,2686932
-29.743,flush_begin,0,0
-29.733,flush_end,0,2686930
-29.724,flush_begin,0,0
-29.714,flush_end,0,2686932
-29.704,flush_begin,0,0
-29.693,flush_end,0,2686930
-29.684,flush_begin,0,0
-29.674,flush_end,0,2686931
-29.664,flush_begin,0,0
-29.653,flush_end,0,2686931
-29.643,flush_begin,0,0
-29.633,flush_end,0,2686930
-29.624,flush_begin,0,0
-29.614,flush_end,0,2686932
-29.604,flush_begin,0,0
-29.593,flush_end,0,2686930
-29.584,flush_begin,0,0
-29.574,flush_end,0,2686931
-29.564,flush_begin,0,0
-29.555,flush_end,0,2686931
-29.545,flush_begin,0,0
-29.534,flush_end,0,2686931
-29.524,flush_begin,0,0
-29.514,flush_end,0,2686931
-29.504,flush_begin,0,0
-29.494,flush_end,0,2686931
-29.484,flush_begin,0,0
-29.473,flush_end,0,2686930
-29.463,flush_begin,0,0
-29.452,flush_end,0,2686933
-29.443,flush_begin,0,0
-29.433,flush_end,0,2686930
-29.424,flush_begin,0,0
-29.414,flush_end,0,2686932
-29.405,flush_begin,0,0
-29.395,flush_end,0,2686930
-29.386,flush_begin,0,0
-29.376,flush_end,0,2686930
-29.367,flush_begin,0,0
-29.357,flush_end,0,2686932
-29.348,flush_begin,0,0
-29.337,flush_end,0,2686930
-29.328,flush_begin,0,0
-29.318,flush_end,0,2686932
-29.309,flush_begin,0,0
-29.299,flush_end,0,2686930
-29.289,flush_begin,0,0
-29.279,flush_end,0,2686931
-29.270,flush_begin,0,0
-29.260,flush_end,0,2686931
-29.251,flush_begin,0,0
-29.241,flush_end,0,2686931
-29.232,flush_begin,0,0
-29.221,flush_end,0,2686931
-29.211,flush_begin,0,0
-29.201,flush_end,0,2686931
-29.192,flush_begin,0,0
-29.182,flush_end,0,2686930
-29.173,flush_begin,0,0
-29.163,flush_end,0,2686932
-29.154,flush_begin,0,0
-29.145,flush_end,0,2686930
-29.135,flush_begin,0,0
-29.126,flush_end,0,2686931
-29.117,flush_begin,0,0
-29.107,flush_end,0,2686931
-29.091,trivial_move,3,2686930
-29.091,flush_begin,0,0
-29.082,flush_end,0,2686930
-29.066,trivial_move,3,2686931
-29.066,flush_begin,0,0
-29.055,flush_end,0,2686932
-29.039,trivial_move,3,2686931
-29.039,flush_begin,0,0
-29.028,flush_end,0,2686930
-29.012,trivial_move,3,2686931
-29.011,flush_begin,0,0
-29.000,flush_end,0,2686933
-28.983,trivial_move,3,2686931
-28.983,flush_begin,0,0
-28.972,flush_end,0,2686930
-28.955,trivial_move,3,2686930
-28.954,flush_begin,0,0
-28.942,flush_end,0,2686931
-28.925,trivial_move,3,2686932
-28.924,flush_begin,0,0
-28.912,flush_end,0,2686931
-28.895,trivial_move,3,2686930
-28.894,flush_begin,0,0
-28.882,flush_end,0,2686931
-28.865,trivial_move,3,2686932
-28.864,flush_begin,0,0
-28.852,flush_end,0,2686931
-28.835,trivial_move,3,2686930
-28.833,flush_begin,0,0
-28.821,flush_end,0,2686930
-28.804,trivial_move,3,2686931
-28.802,flush_begin,0,0
-28.790,flush_end,0,2686930
-28.773,trivial_move,3,2686931
-28.771,flush_begin,0,0
-28.757,flush_end,0,2686931
-28.741,trivial_move,3,2686930
-28.739,flush_begin,0,0
-28.725,flush_end,0,2686931
-28.708,trivial_move,3,2686932
-28.706,flush_begin,0,0
-28.692,flush_end,0,2686931
-28.676,trivial_move,3,2686930
-28.675,flush_begin,0,0
-28.661,flush_end,0,2686931
-28.645,trivial_move,3,2686931
-28.643,flush_begin,0,0
-28.629,flush_end,0,2686930
-28.613,trivial_move,3,2686931
-28.611,flush_begin,0,0
-28.597,flush_end,0,2686932
-28.582,trivial_move,3,2686931
-28.581,flush_begin,0,0
-28.567,flush_end,0,2686930
-28.551,trivial_move,3,2686931
-28.549,flush_begin,0,0
-28.535,flush_end,0,2686932
-28.519,trivial_move,3,2686931
-28.517,flush_begin,0,0
-28.503,flush_end,0,2686930
-28.487,trivial_move,3,2686930
-28.486,flush_begin,0,0
-28.472,flush_end,0,2686931
-28.456,trivial_move,3,2686933
-28.454,flush_begin,0,0
-28.441,flush_end,0,2686931
-28.425,trivial_move,3,2686930
-28.423,flush_begin,0,0
-28.409,flush_end,0,2686930
-28.393,trivial_move,3,2686932
-28.392,flush_begin,0,0
-28.378,flush_end,0,2686932
-28.363,trivial_move,3,2686930
-28.361,flush_begin,0,0
-28.347,flush_end,0,2686930
-28.331,trivial_move,3,2686930
-28.329,flush_begin,0,0
-28.315,flush_end,0,2686932
-28.299,trivial_move,3,2686932
-28.297,flush_begin,0,0
-28.284,flush_end,0,2686931
-28.268,trivial_move,3,2686930
-28.267,flush_begin,0,0
-28.253,flush_end,0,2686931
-28.237,trivial_move,3,2686932
-28.236,flush_begin,0,0
-28.222,flush_end,0,2686931
-28.206,trivial_move,3,2686930
-28.205,flush_begin,0,0
-28.191,flush_end,0,2686931
-28.175,trivial_move,3,2686931
-28.174,flush_begin,0,0
-28.161,flush_end,0,2686930
-28.145,trivial_move,3,2686931
-28.143,flush_begin,0,0
-28.130,flush_end,0,2686932
-28.115,trivial_move,3,2686931
-28.114,flush_begin,0,0
-28.101,flush_end,0,2686930
-28.085,trivial_move,3,2686931
-28.085,flush_begin,0,0
-28.072,flush_end,0,2686932
-28.056,trivial_move,3,2686931
-28.055,flush_begin,0,0
-28.042,flush_end,0,2686930
-28.026,trivial_move,3,2686930
-28.025,flush_begin,0,0
-28.012,flush_end,0,2686930
-27.996,trivial_move,3,2686932
-27.994,flush_begin,0,0
-27.981,flush_end,0,2686932
-27.965,trivial_move,3,2686930
-27.964,flush_begin,0,0
-27.951,flush_end,0,2686930
-27.935,trivial_move,3,2686931
-27.934,flush_begin,0,0
-27.921,flush_end,0,2686932
-27.905,trivial_move,3,2686931
-27.904,flush_begin,0,0
-27.890,flush_end,0,2686930
-27.874,trivial_move,3,2686930
-27.873,flush_begin,0,0
-27.861,flush_end,0,2686931
-27.844,trivial_move,3,2686932
-27.843,flush_begin,0,0
-27.829,flush_end,0,2686931
-27.813,trivial_move,3,2686930
-27.812,flush_begin,0,0
-27.798,flush_end,0,2686931
-27.781,trivial_move,3,2686933
-27.779,flush_begin,0,0
-27.765,flush_end,0,2686931
-27.748,trivial_move,3,2686930
-27.746,flush_begin,0,0
-27.732,flush_end,0,2686931
-27.716,trivial_move,3,2686931
-27.714,flush_begin,0,0
-27.700,flush_end,0,2686930
-27.683,trivial_move,3,2686931
-27.682,flush_begin,0,0
-27.669,flush_end,0,2686933
-27.652,trivial_move,3,2686931
-27.650,flush_begin,0,0
-27.637,flush_end,0,2686930
-27.621,trivial_move,3,2686931
-27.620,flush_begin,0,0
-27.606,flush_end,0,2686931
-27.589,trivial_move,3,2686930
-27.587,flush_begin,0,0
-27.574,flush_end,0,2686931
-27.558,trivial_move,3,2686930
-27.556,flush_begin,0,0
-27.543,flush_end,0,2686930
-27.527,trivial_move,3,2686931
-27.525,flush_begin,0,0
-27.511,flush_end,0,2686932
-27.495,trivial_move,3,2686931
-27.493,flush_begin,0,0
-27.478,flush_end,0,2686930
-27.463,trivial_move,3,2686931
-27.461,flush_begin,0,0
-27.446,flush_end,0,2686932
-27.430,trivial_move,3,2686931
-27.428,flush_begin,0,0
-27.413,flush_end,0,2686930
-27.397,trivial_move,3,2686930
-27.395,flush_begin,0,0
-27.381,flush_end,0,2686931
-27.365,trivial_move,3,2686932
-27.363,flush_begin,0,0
-27.349,flush_end,0,2686931
-27.333,trivial_move,3,2686930
-27.332,flush_begin,0,0
-27.318,flush_end,0,2686931
-27.301,trivial_move,3,2686932
-27.299,flush_begin,0,0
-27.286,flush_end,0,2686931
-27.270,trivial_move,3,2686930
-27.268,flush_begin,0,0
-27.254,flush_end,0,2686930
-27.238,trivial_move,3,2686931
-27.236,flush_begin,0,0
-27.222,flush_end,0,2686930
-27.205,trivial_move,3,2686931
-27.203,flush_begin,0,0
-27.189,flush_end,0,2686931
-27.173,trivial_move,3,2686930
-27.172,flush_begin,0,0
-27.158,flush_end,0,2686931
-27.142,trivial_move,3,2686932
-27.140,flush_begin,0,0
-27.125,flush_end,0,2686931
-27.108,trivial_move,3,2686930
-27.107,flush_begin,0,0
-27.093,flush_end,0,2686931
-27.078,trivial_move,3,2686932
-27.076,flush_begin,0,0
-27.062,flush_end,0,2686930
-27.045,trivial_move,3,2686931
-27.044,flush_begin,0,0
-27.030,flush_end,0,2686932
-27.015,trivial_move,3,2686931
-27.013,flush_begin,0,0
-27.000,flush_end,0,2686930
-26.984,trivial_move,3,2686931
-26.983,flush_begin,0,0
-26.970,flush_end,0,2686933
-26.954,trivial_move,3,2686931
-26.953,flush_begin,0,0
-26.940,flush_end,0,2686930
-26.923,trivial_move,3,2686930
-26.922,flush_begin,0,0
-26.908,flush_end,0,2686931
-26.892,trivial_move,3,2686932
-26.891,flush_begin,0,0
-26.877,flush_end,0,2686931
-26.861,trivial_move,3,2686930
-26.859,flush_begin,0,0
-26.846,flush_end,0,2686930
-26.829,trivial_move,3,2686932
-26.827,flush_begin,0,0
-26.813,flush_end,0,2686932
-26.797,trivial_move,3,2686930
-26.795,flush_begin,0,0
-26.781,flush_end,0,2686930
-26.765,trivial_move,3,2686930
-26.764,flush_begin,0,0
-26.749,flush_end,0,2686931
-26.733,trivial_move,3,2686932
-26.731,flush_begin,0,0
-26.716,flush_end,0,2686931
-26.700,trivial_move,3,2686930
-26.698,flush_begin,0,0
-26.683,flush_end,0,2686931
-26.667,trivial_move,3,2686932
-26.665,flush_begin,0,0
-26.650,flush_end,0,2686931
-26.633,trivial_move,3,2686930
-26.631,flush_begin,0,0
-26.616,flush_end,0,2686931
-26.600,trivial_move,3,2686931
-26.598,flush_begin,0,0
-26.584,flush_end,0,2686930
-26.568,trivial_move,3,2686931
-26.566,flush_begin,0,0
-26.551,flush_end,0,2686932
-26.535,trivial_move,3,2686931
-26.533,flush_begin,0,0
-26.518,flush_end,0,2686930
-26.502,trivial_move,3,2686931
-26.501,flush_begin,0,0
-26.487,flush_end,0,2686932
-26.471,trivial_move,3,2686931
-26.470,flush_begin,0,0
-26.456,flush_end,0,2686930
-26.439,trivial_move,3,2686930
-26.438,flush_begin,0,0
-26.423,flush_end,0,2686930
-26.407,trivial_move,3,2686933
-26.406,flush_begin,0,0
-26.391,flush_end,0,2686932
-26.375,trivial_move,3,2686930
-26.374,flush_begin,0,0
-26.359,flush_end,0,2686930
-26.342,trivial_move,3,2686931
-26.341,flush_begin,0,0
-26.326,flush_end,0,2686932
-26.310,trivial_move,3,2686931
-26.309,flush_begin,0,0
-26.295,flush_end,0,2686930
-26.279,trivial_move,3,2686930
-26.278,flush_begin,0,0
-26.264,flush_end,0,2686932
-26.247,trivial_move,3,2686932
-26.246,flush_begin,0,0
-26.232,flush_end,0,2686931
-26.216,trivial_move,3,2686930
-26.214,flush_begin,0,0
-26.200,flush_end,0,2686931
-26.184,trivial_move,3,2686932
-26.182,flush_begin,0,0
-26.168,flush_end,0,2686931
-26.152,trivial_move,3,2686930
-26.150,flush_begin,0,0
-26.136,flush_end,0,2686931
-26.120,trivial_move,3,2686931
-26.119,flush_begin,0,0
-26.105,flush_end,0,2686930
-26.089,trivial_move,3,2686931
-26.088,flush_begin,0,0
-26.074,flush_end,0,2686932
-26.057,trivial_move,3,2686931
-26.056,flush_begin,0,0
-26.041,flush_end,0,2686930
-26.025,trivial_move,3,2686931
-26.024,flush_begin,0,0
-26.010,flush_end,0,2686931
-25.994,trivial_move,3,2686930
-25.993,flush_begin,0,0
-25.980,flush_end,0,2686931
-25.964,trivial_move,3,2686930
-25.962,flush_begin,0,0
-25.948,flush_end,0,2686930
-25.932,trivial_move,3,2686931
-25.931,flush_begin,0,0
-25.917,flush_end,0,2686932
-25.901,trivial_move,3,2686931
-25.899,flush_begin,0,0
-25.885,flush_end,0,2686930
-25.868,trivial_move,3,2686931
-25.867,flush_begin,0,0
-25.852,flush_end,0,2686932
-25.836,trivial_move,3,2686931
-25.834,flush_begin,0,0
-25.820,flush_end,0,2686930
-25.800,trivial_move,3,2686930
-25.797,flush_begin,0,0
-25.782,flush_end,0,2686931
-25.766,trivial_move,3,2686932
-25.764,flush_begin,0,0
-25.749,flush_end,0,2686931
-25.733,trivial_move,3,2686930
-25.731,flush_begin,0,0
-25.716,flush_end,0,2686931
-25.699,trivial_move,3,2686933
-25.697,flush_begin,0,0
-25.682,flush_end,0,2686931
-25.666,trivial_move,3,2686930
-25.664,flush_begin,0,0
-25.648,flush_end,0,2686930
-25.632,trivial_move,3,2686931
-25.630,flush_begin,0,0
-25.615,flush_end,0,2686930
-25.599,trivial_move,3,2686931
-25.597,flush_begin,0,0
-25.583,flush_end,0,2686931
-25.567,trivial_move,3,2686930
-25.565,flush_begin,0,0
-25.550,flush_end,0,2686932
-25.534,trivial_move,3,2686932
-25.533,flush_begin,0,0
-25.517,flush_end,0,2686931
-25.501,trivial_move,3,2686930
-25.499,flush_begin,0,0
-25.485,flush_end,0,2686931
-25.469,trivial_move,3,2686931
-25.467,flush_begin,0,0
-25.453,flush_end,0,2686930
-25.436,trivial_move,3,2686931
-25.435,flush_begin,0,0
-25.421,flush_end,0,2686932
-25.405,trivial_move,3,2686931
-25.404,flush_begin,0,0
-25.390,flush_end,0,2686930
-25.374,trivial_move,3,2686931
-25.373,flush_begin,0,0
-25.359,flush_end,0,2686932
-25.343,trivial_move,3,2686931
-25.342,flush_begin,0,0
-25.329,flush_end,0,2686930
-25.313,trivial_move,3,2686930
-25.312,flush_begin,0,0
-25.298,flush_end,0,2686931
-25.282,trivial_move,3,2686932
-25.280,flush_begin,0,0
-25.266,flush_end,0,2686931
-25.250,trivial_move,3,2686930
-25.249,flush_begin,0,0
-25.234,flush_end,0,2686930
-25.218,trivial_move,3,2686932
-25.216,flush_begin,0,0
-25.201,flush_end,0,2686932
-25.184,trivial_move,3,2686930
-25.182,flush_begin,0,0
-25.168,flush_end,0,2686930
-25.152,trivial_move,3,2686930
-25.151,flush_begin,0,0
-25.137,flush_end,0,2686931
-25.121,trivial_move,3,2686932
-25.120,flush_begin,0,0
-25.106,flush_end,0,2686931
-25.090,trivial_move,3,2686930
-25.088,flush_begin,0,0
-25.074,flush_end,0,2686931
-25.058,trivial_move,3,2686932
-25.056,flush_begin,0,0
-25.042,flush_end,0,2686931
-25.026,trivial_move,3,2686930
-25.024,flush_begin,0,0
-25.010,flush_end,0,2686931
-24.993,trivial_move,3,2686932
-24.992,flush_begin,0,0
-24.978,flush_end,0,2686930
-24.962,trivial_move,3,2686931
-24.960,flush_begin,0,0
-24.946,flush_end,0,2686932
-24.930,trivial_move,3,2686931
-24.928,flush_begin,0,0
-24.913,flush_end,0,2686930
-24.897,trivial_move,3,2686931
-24.896,flush_begin,0,0
-24.881,flush_end,0,2686933
-24.865,trivial_move,3,2686931
-24.863,flush_begin,0,0
-24.848,flush_end,0,2686930
-24.832,trivial_move,3,2686930
-24.830,flush_begin,0,0
-24.816,flush_end,0,2686930
-24.800,trivial_move,3,2686932
-24.798,flush_begin,0,0
-24.784,flush_end,0,2686932
-24.768,trivial_move,3,2686930
-24.766,flush_begin,0,0
-24.752,flush_end,0,2686930
-24.736,trivial_move,3,2686931
-24.734,flush_begin,0,0
-24.720,flush_end,0,2686932
-24.704,trivial_move,3,2686931
-24.702,flush_begin,0,0
-24.688,flush_end,0,2686930
-24.672,trivial_move,3,2686930
-24.670,flush_begin,0,0
-24.655,flush_end,0,2686931
-24.639,trivial_move,3,2686932
-24.638,flush_begin,0,0
-24.623,flush_end,0,2686931
-24.607,trivial_move,3,2686930
-24.605,flush_begin,0,0
-24.591,flush_end,0,2686931
-24.575,trivial_move,3,2686932
-24.573,flush_begin,0,0
-24.558,flush_end,0,2686931
-24.542,trivial_move,3,2686930
-24.540,flush_begin,0,0
-24.525,flush_end,0,2686931
-24.508,trivial_move,3,2686931
-24.507,flush_begin,0,0
-24.492,flush_end,0,2686930
-24.476,trivial_move,3,2686931
-24.474,flush_begin,0,0
-24.460,flush_end,0,2686932
-24.445,trivial_move,3,2686931
-24.443,flush_begin,0,0
-24.430,flush_end,0,2686930
-24.414,trivial_move,3,2686931
-24.413,flush_begin,0,0
-24.399,flush_end,0,2686931
-24.383,trivial_move,3,2686930
-24.382,flush_begin,0,0
-24.368,flush_end,0,2686931
-24.352,trivial_move,3,2686930
-24.351,flush_begin,0,0
-24.337,flush_end,0,2686930
-24.320,trivial_move,3,2686931
-24.320,flush_begin,0,0
-24.306,flush_end,0,2686932
-24.290,trivial_move,3,2686932
-24.289,flush_begin,0,0
-24.275,flush_end,0,2686930
-24.259,trivial_move,3,2686931
-24.258,flush_begin,0,0
-24.243,flush_end,0,2686932
-24.227,trivial_move,3,2686931
-24.226,flush_begin,0,0
-24.212,flush_end,0,2686930
-24.196,trivial_move,3,2686930
-24.195,flush_begin,0,0
-24.181,flush_end,0,2686932
-24.165,trivial_move,3,2686932
-24.163,flush_begin,0,0
-24.148,flush_end,0,2686931
-24.132,trivial_move,3,2686930
-24.131,flush_begin,0,0
-24.118,flush_end,0,2686931
-24.101,trivial_move,3,2686932
-24.101,flush_begin,0,0
-24.088,flush_end,0,2686931
-24.072,trivial_move,3,2686930
-24.072,flush_begin,0,0
-24.059,flush_end,0,2686930
-24.043,trivial_move,3,2686931
-24.043,flush_begin,0,0
-24.030,flush_end,0,2686930
-24.014,trivial_move,3,2686931
-24.014,flush_begin,0,0
-24.001,flush_end,0,2686931
-23.985,trivial_move,3,2686930
-23.984,flush_begin,0,0
-23.970,flush_end,0,2686931
-23.954,trivial_move,3,2686932
-23.954,flush_begin,0,0
-23.941,flush_end,0,2686931
-23.924,trivial_move,3,2686930
-23.924,flush_begin,0,0
-23.911,flush_end,0,2686931
-23.895,trivial_move,3,2686931
-23.894,flush_begin,0,0
-23.880,flush_end,0,2686930
-23.864,trivial_move,3,2686931
-23.863,flush_begin,0,0
-23.850,flush_end,0,2686932
-23.833,trivial_move,3,2686931
-23.832,flush_begin,0,0
-23.818,flush_end,0,2686930
-23.802,trivial_move,3,2686931
-23.801,flush_begin,0,0
-23.786,flush_end,0,2686932
-23.770,trivial_move,3,2686931
-23.769,flush_begin,0,0
-23.755,flush_end,0,2686930
-23.739,trivial_move,3,2686930
-23.737,flush_begin,0,0
-23.723,flush_end,0,2686931
-23.707,trivial_move,3,2686932
-23.705,flush_begin,0,0
-23.690,flush_end,0,2686931
-23.674,trivial_move,3,2686930
-23.672,flush_begin,0,0
-23.657,flush_end,0,2686930
-23.641,trivial_move,3,2686933
-23.639,flush_begin,0,0
-23.625,flush_end,0,2686932
-23.609,trivial_move,3,2686930
-23.607,flush_begin,0,0
-23.593,flush_end,0,2686930
-23.577,trivial_move,3,2686930
-23.576,flush_begin,0,0
-23.562,flush_end,0,2686931
-23.545,trivial_move,3,2686932
-23.544,flush_begin,0,0
-23.530,flush_end,0,2686931
-23.514,trivial_move,3,2686930
-23.512,flush_begin,0,0
-23.498,flush_end,0,2686933
-23.482,trivial_move,3,2686932
-23.480,flush_begin,0,0
-23.466,flush_end,0,2686931
-23.450,trivial_move,3,2686930
-23.449,flush_begin,0,0
-23.434,flush_end,0,2686931
-23.418,trivial_move,3,2686931
-23.416,flush_begin,0,0
-23.402,flush_end,0,2686930
-23.386,trivial_move,3,2686931
-23.385,flush_begin,0,0
-23.371,flush_end,0,2686932
-23.355,trivial_move,3,2686931
-23.354,flush_begin,0,0
-23.340,flush_end,0,2686930
-23.324,trivial_move,3,2686931
-23.322,flush_begin,0,0
-23.307,flush_end,0,2686932
-23.291,trivial_move,3,2686931
-23.290,flush_begin,0,0
-23.276,flush_end,0,2686930
-23.260,trivial_move,3,2686930
-23.258,flush_begin,0,0
-23.244,flush_end,0,2686930
-23.228,trivial_move,3,2686932
-23.226,flush_begin,0,0
-23.211,flush_end,0,2686932
-23.195,trivial_move,3,2686930
-23.193,flush_begin,0,0
-23.180,flush_end,0,2686930
-23.164,trivial_move,3,2686931
-23.163,flush_begin,0,0
-23.149,flush_end,0,2686932
-23.133,trivial_move,3,2686931
-23.131,flush_begin,0,0
-23.117,flush_end,0,2686930
-23.101,trivial_move,3,2686930
-23.100,flush_begin,0,0
-23.085,flush_end,0,2686931
-23.069,trivial_move,3,2686932
-23.067,flush_begin,0,0
-23.053,flush_end,0,2686931
-23.037,trivial_move,3,2686930
-23.035,flush_begin,0,0
-23.020,flush_end,0,2686931
-23.004,trivial_move,3,2686932
-23.003,flush_begin,0,0
-22.988,flush_end,0,2686931
-22.972,trivial_move,3,2686930
-22.970,flush_begin,0,0
-22.956,flush_end,0,2686931
-22.940,trivial_move,3,2686932
-22.938,flush_begin,0,0
-22.923,flush_end,0,2686930
-22.907,trivial_move,3,2686931
-22.905,flush_begin,0,0
-22.890,flush_end,0,2686932
-22.874,trivial_move,3,2686931
-22.872,flush_begin,0,0
-22.857,flush_end,0,2686930
-22.841,trivial_move,3,2686931
-22.839,flush_begin,0,0
-22.824,flush_end,0,2686931
-22.808,trivial_move,3,2686930
-22.806,flush_begin,0,0
-22.792,flush_end,0,2686932
-22.776,trivial_move,3,2686930
-22.774,flush_begin,0,0
-22.760,flush_end,0,2686930
-22.744,trivial_move,3,2686931
-22.742,flush_begin,0,0
-22.728,flush_end,0,2686932
-22.712,trivial_move,3,2686931
-22.710,flush_begin,0,0
-22.695,flush_end,0,2686930
-22.679,trivial_move,3,2686931
-22.678,flush_begin,0,0
-22.663,flush_end,0,2686932
-22.647,trivial_move,3,2686931
-22.646,flush_begin,0,0
-22.632,flush_end,0,2686930
-22.616,trivial_move,3,2686930
-22.614,flush_begin,0,0
-22.600,flush_end,0,2686931
-22.584,trivial_move,3,2686932
-22.582,flush_begin,0,0
-22.568,flush_end,0,2686931
-22.552,trivial_move,3,2686930
-22.550,flush_begin,0,0
-22.536,flush_end,0,2686931
-22.519,trivial_move,3,2686932
-22.517,flush_begin,0,0
-22.502,flush_end,0,2686931
-22.486,trivial_move,3,2686930
-22.484,flush_begin,0,0
-22.469,flush_end,0,2686930
-22.453,trivial_move,3,2686931
-22.451,flush_begin,0,0
-22.436,flush_end,0,2686930
-22.420,trivial_move,3,2686931
-22.418,flush_begin,0,0
-22.404,flush_end,0,2686931
-22.388,trivial_move,3,2686930
-22.386,flush_begin,0,0
-22.372,flush_end,0,2686931
-22.356,trivial_move,3,2686932
-22.354,flush_begin,0,0
-22.339,flush_end,0,2686931
-22.323,trivial_move,3,2686930
-22.321,flush_begin,0,0
-22.307,flush_end,0,2686931
-22.291,trivial_move,3,2686931
-22.289,flush_begin,0,0
-22.275,flush_end,0,2686930
-22.259,trivial_move,3,2686931
-22.257,flush_begin,0,0
-22.243,flush_end,0,2686932
-22.227,trivial_move,3,2686933
-22.225,flush_begin,0,0
-22.210,flush_end,0,2686930
-22.194,trivial_move,3,2686931
-22.192,flush_begin,0,0
-22.177,flush_end,0,2686932
-22.161,trivial_move,3,2686931
-22.160,flush_begin,0,0
-22.146,flush_end,0,2686930
-22.130,trivial_move,3,2686930
-22.129,flush_begin,0,0
-22.115,flush_end,0,2686932
-22.099,trivial_move,3,2686932
-22.099,flush_begin,0,0
-22.085,flush_end,0,2686931
-22.069,trivial_move,3,2686930
-22.067,flush_begin,0,0
-22.054,flush_end,0,2686930
-22.039,trivial_move,3,2686932
-22.038,flush_begin,0,0
-22.024,flush_end,0,2686932
-22.008,trivial_move,3,2686930
-22.007,flush_begin,0,0
-21.994,flush_end,0,2686930
-21.978,trivial_move,3,2686930
-21.978,flush_begin,0,0
-21.965,flush_end,0,2686931
-21.949,trivial_move,3,2686932
-21.948,flush_begin,0,0
-21.935,flush_end,0,2686931
-21.919,trivial_move,3,2686930
-21.917,flush_begin,0,0
-21.904,flush_end,0,2686931
-21.888,trivial_move,3,2686932
-21.887,flush_begin,0,0
-21.873,flush_end,0,2686931
-21.857,trivial_move,3,2686930
-21.855,flush_begin,0,0
-21.842,flush_end,0,2686931
-21.826,trivial_move,3,2686931
-21.824,flush_begin,0,0
-21.811,flush_end,0,2686930
-21.795,trivial_move,3,2686931
-21.794,flush_begin,0,0
-21.781,flush_end,0,2686932
-21.765,trivial_move,3,2686931
-21.765,flush_begin,0,0
-21.752,flush_end,0,2686930
-21.736,trivial_move,3,2686931
-21.735,flush_begin,0,0
-21.721,flush_end,0,2686932
-21.705,trivial_move,3,2686931
-21.704,flush_begin,0,0
-21.690,flush_end,0,2686930
-21.674,trivial_move,3,2686930
-21.673,flush_begin,0,0
-21.658,flush_end,0,2686930
-21.642,trivial_move,3,2686932
-21.641,flush_begin,0,0
-21.626,flush_end,0,2686932
-21.610,trivial_move,3,2686930
-21.608,flush_begin,0,0
-21.594,flush_end,0,2686930
-21.579,trivial_move,3,2686931
-21.577,flush_begin,0,0
-21.563,flush_end,0,2686932
-21.547,trivial_move,3,2686932
-21.546,flush_begin,0,0
-21.532,flush_end,0,2686930
-21.516,trivial_move,3,2686930
-21.516,flush_begin,0,0
-21.501,flush_end,0,2686931
-21.485,trivial_move,3,2686932
-21.484,flush_begin,0,0
-21.469,flush_end,0,2686931
-21.453,trivial_move,3,2686930
-21.452,flush_begin,0,0
-21.437,flush_end,0,2686932
-21.421,trivial_move,3,2686932
-21.420,flush_begin,0,0
-21.406,flush_end,0,2686931
-21.390,trivial_move,3,2686930
-21.389,flush_begin,0,0
-21.375,flush_end,0,2686931
-21.359,trivial_move,3,2686931
-21.358,flush_begin,0,0
-21.344,flush_end,0,2686930
-21.328,trivial_move,3,2686931
-21.327,flush_begin,0,0
-21.313,flush_end,0,2686932
-21.297,trivial_move,3,2686931
-21.296,flush_begin,0,0
-21.282,flush_end,0,2686930
-21.266,trivial_move,3,2686931
-21.265,flush_begin,0,0
-21.251,flush_end,0,2686931
-21.235,trivial_move,3,2686930
-21.233,flush_begin,0,0
-21.218,flush_end,0,2686931
-21.202,trivial_move,3,2686930
-21.200,flush_begin,0,0
-21.186,flush_end,0,2686930
-21.170,trivial_move,3,2686931
-21.168,flush_begin,0,0
-21.153,flush_end,0,2686932
-21.137,trivial_move,3,2686931
-21.135,flush_begin,0,0
-21.121,flush_end,0,2686930
-21.105,trivial_move,3,2686931
-21.103,flush_begin,0,0
-21.088,flush_end,0,2686932
-21.072,trivial_move,3,2686931
-21.070,flush_begin,0,0
-21.055,flush_end,0,2686930
-21.039,trivial_move,3,2686930
-21.037,flush_begin,0,0
-21.021,flush_end,0,2686931
-21.006,trivial_move,3,2686932
-21.005,flush_begin,0,0
-20.993,flush_end,0,2686931
-20.976,trivial_move,3,2686930
-20.976,flush_begin,0,0
-20.966,flush_end,0,2686931
-20.950,trivial_move,3,2686932
-20.950,flush_begin,0,0
-20.939,flush_end,0,2686931
-20.923,trivial_move,3,2686930
-20.923,flush_begin,0,0
-20.912,flush_end,0,2686930
-20.896,trivial_move,3,2686932
-20.896,flush_begin,0,0
-20.885,flush_end,0,2686930
-20.869,trivial_move,3,2686931
-20.869,flush_begin,0,0
-20.857,flush_end,0,2686931
-20.841,trivial_move,3,2686930
-20.841,flush_begin,0,0
-20.829,flush_end,0,2686931
-20.813,trivial_move,3,2686932
-20.812,flush_begin,0,0
-20.800,flush_end,0,2686931
-20.784,trivial_move,3,2686930
-20.783,flush_begin,0,0
-20.771,flush_end,0,2686932
-20.755,trivial_move,3,2686931
-20.755,flush_begin,0,0
-20.742,flush_end,0,2686930
-20.726,trivial_move,3,2686931
-20.725,flush_begin,0,0
-20.712,flush_end,0,2686932
-20.696,trivial_move,3,2686931
-20.695,flush_begin,0,0
-20.682,flush_end,0,2686930
-20.666,trivial_move,3,2686931
-20.664,flush_begin,0,0
-20.650,flush_end,0,2686932
-20.635,trivial_move,3,2686931
-20.634,flush_begin,0,0
-20.618,flush_end,0,2686930
-20.602,trivial_move,3,2686930
-20.601,flush_begin,0,0
-20.586,flush_end,0,2686931
-20.570,trivial_move,3,2686932
-20.568,flush_begin,0,0
-20.554,flush_end,0,2686931
-20.538,trivial_move,3,2686930
-20.537,flush_begin,0,0
-20.521,flush_end,0,2686930
-20.505,trivial_move,3,2686932
-20.503,flush_begin,0,0
-20.489,flush_end,0,2686932
-20.472,trivial_move,3,2686930
-20.470,flush_begin,0,0
-20.456,flush_end,0,2686930
-20.440,trivial_move,3,2686930
-20.438,flush_begin,0,0
-20.424,flush_end,0,2686931
-20.407,trivial_move,3,2686932
-20.405,flush_begin,0,0
-20.391,flush_end,0,2686931
-20.375,trivial_move,3,2686930
-20.373,flush_begin,0,0
-20.359,flush_end,0,2686931
-20.343,trivial_move,3,2686932
-20.341,flush_begin,0,0
-20.327,flush_end,0,2686931
-20.311,trivial_move,3,2686930
-20.309,flush_begin,0,0
-20.295,flush_end,0,2686931
-20.280,trivial_move,3,2686931
-20.278,flush_begin,0,0
-20.265,flush_end,0,2686930
-20.246,trivial_move,3,2686931
-20.244,flush_begin,0,0
-20.229,flush_end,0,2686932
-20.213,trivial_move,3,2686932
-20.212,flush_begin,0,0
-20.198,flush_end,0,2686930
-20.182,trivial_move,3,2686931
-20.180,flush_begin,0,0
-20.166,flush_end,0,2686932
-20.150,trivial_move,3,2686931
-20.148,flush_begin,0,0
-20.133,flush_end,0,2686930
-20.116,trivial_move,3,2686930
-20.114,flush_begin,0,0
-20.100,flush_end,0,2686930
-20.084,trivial_move,3,2686932
-20.082,flush_begin,0,0
-20.067,flush_end,0,2686933
-20.050,trivial_move,3,2686930
-20.048,flush_begin,0,0
-20.032,flush_end,0,2686930
-20.016,trivial_move,3,2686931
-20.014,flush_begin,0,0
-19.999,flush_end,0,2686932
-19.983,trivial_move,3,2686931
-19.981,flush_begin,0,0
-19.966,flush_end,0,2686930
-19.950,trivial_move,3,2686930
-19.948,flush_begin,0,0
-19.934,flush_end,0,2686931
-19.918,trivial_move,3,2686932
-19.917,flush_begin,0,0
-19.902,flush_end,0,2686931
-19.886,trivial_move,3,2686930
-19.884,flush_begin,0,0
-19.870,flush_end,0,2686931
-19.854,trivial_move,3,2686932
-19.853,flush_begin,0,0
-19.839,flush_end,0,2686931
-19.817,trivial_move,3,2686930
-19.816,flush_begin,0,0
-19.802,flush_end,0,2686931
-19.786,trivial_move,3,2686931
-19.784,flush_begin,0,0
-19.770,flush_end,0,2686930
-19.753,trivial_move,3,2686931
-19.751,flush_begin,0,0
-19.736,flush_end,0,2686932
-19.720,trivial_move,3,2686931
-19.718,flush_begin,0,0
-19.703,flush_end,0,2686930
-19.687,trivial_move,3,2686931
-19.686,flush_begin,0,0
-19.671,flush_end,0,2686931
-19.655,trivial_move,3,2686930
-19.653,flush_begin,0,0
-19.639,flush_end,0,2686931
-19.623,trivial_move,3,2686930
-19.621,flush_begin,0,0
-19.607,flush_end,0,2686930
-19.591,trivial_move,3,2686931
-19.589,flush_begin,0,0
-19.575,flush_end,0,2686932
-19.558,trivial_move,3,2686931
-19.557,flush_begin,0,0
-19.542,flush_end,0,2686930
-19.526,trivial_move,3,2686931
-19.524,flush_begin,0,0
-19.509,flush_end,0,2686932
-19.492,trivial_move,3,2686932
-19.490,flush_begin,0,0
-19.476,flush_end,0,2686930
-19.460,trivial_move,3,2686930
-19.458,flush_begin,0,0
-19.443,flush_end,0,2686931
-19.425,trivial_move,3,2686932
-19.424,flush_begin,0,0
-19.410,flush_end,0,2686931
-19.393,trivial_move,3,2686930
-19.392,flush_begin,0,0
-19.378,flush_end,0,2686932
-19.362,trivial_move,3,2686932
-19.361,flush_begin,0,0
-19.347,flush_end,0,2686931
-19.330,trivial_move,3,2686930
-19.329,flush_begin,0,0
-19.315,flush_end,0,2686930
-19.299,trivial_move,3,2686931
-19.298,flush_begin,0,0
-19.284,flush_end,0,2686930
-19.268,trivial_move,3,2686931
-19.267,flush_begin,0,0
-19.253,flush_end,0,2686931
-19.236,trivial_move,3,2686930
-19.235,flush_begin,0,0
-19.221,flush_end,0,2686931
-19.205,trivial_move,3,2686932
-19.204,flush_begin,0,0
-19.190,flush_end,0,2686931
-19.173,trivial_move,3,2686930
-19.172,flush_begin,0,0
-19.157,flush_end,0,2686931
-19.141,trivial_move,3,2686931
-19.139,flush_begin,0,0
-19.126,flush_end,0,2686930
-19.110,trivial_move,3,2686931
-19.109,flush_begin,0,0
-19.095,flush_end,0,2686932
-19.079,trivial_move,3,2686931
-19.078,flush_begin,0,0
-19.063,flush_end,0,2686930
-19.047,trivial_move,3,2686931
-19.046,flush_begin,0,0
-19.032,flush_end,0,2686932
-19.016,trivial_move,3,2686931
-19.014,flush_begin,0,0
-19.001,flush_end,0,2686930
-18.985,trivial_move,3,2686930
-18.984,flush_begin,0,0
-18.970,flush_end,0,2686931
-18.954,trivial_move,3,2686932
-18.953,flush_begin,0,0
-18.940,flush_end,0,2686931
-18.923,trivial_move,3,2686930
-18.922,flush_begin,0,0
-18.908,flush_end,0,2686930
-18.892,trivial_move,3,2686932
-18.890,flush_begin,0,0
-18.875,flush_end,0,2686932
-18.858,trivial_move,3,2686930
-18.857,flush_begin,0,0
-18.843,flush_end,0,2686930
-18.827,trivial_move,3,2686930
-18.826,flush_begin,0,0
-18.812,flush_end,0,2686931
-18.796,trivial_move,3,2686933
-18.795,flush_begin,0,0
-18.779,flush_end,0,2686931
-18.762,trivial_move,3,2686930
-18.761,flush_begin,0,0
-18.748,flush_end,0,2686931
-18.732,trivial_move,3,2686932
-18.729,flush_begin,0,0
-18.715,flush_end,0,2686931
-18.699,trivial_move,3,2686930
-18.697,flush_begin,0,0
-18.684,flush_end,0,2686932
-18.668,trivial_move,3,2686931
-18.667,flush_begin,0,0
-18.653,flush_end,0,2686930
-18.636,trivial_move,3,2686931
-18.635,flush_begin,0,0
-18.621,flush_end,0,2686932
-18.605,trivial_move,3,2686931
-18.604,flush_begin,0,0
-18.590,flush_end,0,2686930
-18.574,trivial_move,3,2686931
-18.573,flush_begin,0,0
-18.560,flush_end,0,2686932
-18.544,trivial_move,3,2686931
-18.543,flush_begin,0,0
-18.529,flush_end,0,2686930
-18.513,trivial_move,3,2686930
-18.511,flush_begin,0,0
-18.498,flush_end,0,2686930
-18.482,trivial_move,3,2686932
-18.481,flush_begin,0,0
-18.468,flush_end,0,2686932
-18.452,trivial_move,3,2686930
-18.451,flush_begin,0,0
-18.438,flush_end,0,2686930
-18.422,trivial_move,3,2686931
-18.421,flush_begin,0,0
-18.407,flush_end,0,2686932
-18.391,trivial_move,3,2686931
-18.390,flush_begin,0,0
-18.376,flush_end,0,2686930
-18.361,trivial_move,3,2686930
-18.359,flush_begin,0,0
-18.346,flush_end,0,2686931
-18.330,trivial_move,3,2686932
-18.328,flush_begin,0,0
-18.315,flush_end,0,2686931
-18.299,trivial_move,3,2686930
-18.299,flush_begin,0,0
-18.286,flush_end,0,2686931
-18.270,trivial_move,3,2686932
-18.269,flush_begin,0,0
-18.256,flush_end,0,2686931
-18.240,trivial_move,3,2686930
-18.239,flush_begin,0,0
-18.226,flush_end,0,2686931
-18.210,trivial_move,3,2686931
-18.209,flush_begin,0,0
-18.195,flush_end,0,2686930
-18.179,trivial_move,3,2686931
-18.178,flush_begin,0,0
-18.164,flush_end,0,2686932
-18.148,trivial_move,3,2686932
-18.146,flush_begin,0,0
-18.133,flush_end,0,2686930
-18.117,trivial_move,3,2686931
-18.115,flush_begin,0,0
-18.102,flush_end,0,2686931
-18.086,trivial_move,3,2686930
-18.085,flush_begin,0,0
-18.071,flush_end,0,2686931
-18.055,trivial_move,3,2686930
-18.053,flush_begin,0,0
-18.039,flush_end,0,2686930
-18.023,trivial_move,3,2686931
-18.021,flush_begin,0,0
-18.006,flush_end,0,2686933
-17.991,trivial_move,3,2686931
-17.989,flush_begin,0,0
-17.975,flush_end,0,2686930
-17.959,trivial_move,3,2686931
-17.957,flush_begin,0,0
-17.943,flush_end,0,2686932
-17.927,trivial_move,3,2686931
-17.925,flush_begin,0,0
-17.911,flush_end,0,2686930
-17.895,trivial_move,3,2686930
-17.893,flush_begin,0,0
-17.878,flush_end,0,2686931
-17.862,trivial_move,3,2686932
-17.861,flush_begin,0,0
-17.847,flush_end,0,2686931
-17.831,trivial_move,3,2686930
-17.830,flush_begin,0,0
-17.816,flush_end,0,2686931
-17.800,trivial_move,3,2686932
-17.798,flush_begin,0,0
-17.784,flush_end,0,2686931
-17.768,trivial_move,3,2686930
-17.767,flush_begin,0,0
-17.753,flush_end,0,2686930
-17.736,trivial_move,3,2686931
-17.734,flush_begin,0,0
-17.720,flush_end,0,2686930
-17.704,trivial_move,3,2686931
-17.703,flush_begin,0,0
-17.689,flush_end,0,2686931
-17.673,trivial_move,3,2686930
-17.671,flush_begin,0,0
-17.658,flush_end,0,2686931
-17.642,trivial_move,3,2686932
-17.641,flush_begin,0,0
-17.627,flush_end,0,2686931
-17.611,trivial_move,3,2686930
-17.610,flush_begin,0,0
-17.596,flush_end,0,2686931
-17.580,trivial_move,3,2686931
-17.579,flush_begin,0,0
-17.566,flush_end,0,2686930
-17.550,trivial_move,3,2686931
-17.549,flush_begin,0,0
-17.536,flush_end,0,2686932
-17.520,trivial_move,3,2686931
-17.519,flush_begin,0,0
-17.505,flush_end,0,2686930
-17.489,trivial_move,3,2686931
-17.487,flush_begin,0,0
-17.474,flush_end,0,2686932
-17.458,trivial_move,3,2686932
-17.457,flush_begin,0,0
-17.443,flush_end,0,2686930
-17.426,trivial_move,3,2686930
-17.425,flush_begin,0,0
-17.411,flush_end,0,2686931
-17.395,trivial_move,3,2686932
-17.393,flush_begin,0,0
-17.379,flush_end,0,2686931
-17.363,trivial_move,3,2686930
-17.361,flush_begin,0,0
-17.347,flush_end,0,2686930
-17.331,trivial_move,3,2686932
-17.329,flush_begin,0,0
-17.316,flush_end,0,2686933
-17.300,trivial_move,3,2686930
-17.298,flush_begin,0,0
-17.285,flush_end,0,2686930
-17.269,trivial_move,3,2686930
-17.268,flush_begin,0,0
-17.255,flush_end,0,2686931
-17.239,trivial_move,3,2686932
-17.238,flush_begin,0,0
-17.225,flush_end,0,2686931
-17.209,trivial_move,3,2686930
-17.208,flush_begin,0,0
-17.193,flush_end,0,2686931
-17.177,trivial_move,3,2686932
-17.175,flush_begin,0,0
-17.162,flush_end,0,2686931
-17.146,trivial_move,3,2686930
-17.145,flush_begin,0,0
-17.132,flush_end,0,2686931
-17.115,trivial_move,3,2686931
-17.113,flush_begin,0,0
-17.100,flush_end,0,2686930
-17.084,trivial_move,3,2686931
-17.082,flush_begin,0,0
-17.069,flush_end,0,2686932
-17.053,trivial_move,3,2686931
-17.052,flush_begin,0,0
-17.039,flush_end,0,2686930
-17.023,trivial_move,3,2686931
-17.022,flush_begin,0,0
-17.009,flush_end,0,2686932
-16.992,trivial_move,3,2686931
-16.992,flush_begin,0,0
-16.979,flush_end,0,2686930
-16.963,trivial_move,3,2686930
-16.962,flush_begin,0,0
-16.948,flush_end,0,2686930
-16.932,trivial_move,3,2686932
-16.931,flush_begin,0,0
-16.917,flush_end,0,2686932
-16.901,trivial_move,3,2686930
-16.899,flush_begin,0,0
-16.885,flush_end,0,2686930
-16.868,trivial_move,3,2686931
-16.867,flush_begin,0,0
-16.852,flush_end,0,2686932
-16.836,trivial_move,3,2686931
-16.834,flush_begin,0,0
-16.820,flush_end,0,2686930
-16.804,trivial_move,3,2686930
-16.796,trivial_move,4,2686930
-16.796,flush_begin,0,0
-16.780,flush_end,0,2686931
-16.764,trivial_move,3,2686933
-16.756,trivial_move,4,2686931
-16.755,flush_begin,0,0
-16.738,flush_end,0,2686931
-16.722,trivial_move,3,2686930
-16.714,trivial_move,4,2686931
-16.713,flush_begin,0,0
-16.696,flush_end,0,2686931
-16.680,trivial_move,3,2686932
-16.672,trivial_move,4,2686931
-16.671,flush_begin,0,0
-16.655,flush_end,0,2686931
-16.639,trivial_move,3,2686930
-16.631,trivial_move,4,2686931
-16.630,flush_begin,0,0
-16.614,flush_end,0,2686933
-16.598,trivial_move,3,2686931
-16.590,trivial_move,4,2686930
-16.588,flush_begin,0,0
-16.572,flush_end,0,2686930
-16.555,trivial_move,3,2686931
-16.547,trivial_move,4,2686932
-16.546,flush_begin,0,0
-16.530,flush_end,0,2686932
-16.514,trivial_move,3,2686931
-16.506,trivial_move,4,2686930
-16.504,flush_begin,0,0
-16.488,flush_end,0,2686930
-16.471,trivial_move,3,2686931
-16.463,trivial_move,4,2686932
-16.462,flush_begin,0,0
-16.443,flush_end,0,2686931
-16.427,trivial_move,3,2686930
-16.419,trivial_move,4,2686930
-16.417,flush_begin,0,0
-16.402,flush_end,0,2686931
-16.385,trivial_move,3,2686930
-16.377,trivial_move,4,2686931
-16.376,flush_begin,0,0
-16.360,flush_end,0,2686930
-16.343,trivial_move,3,2686931
-16.335,trivial_move,4,2686931
-16.333,flush_begin,0,0
-16.317,flush_end,0,2686932
-16.301,trivial_move,3,2686931
-16.293,trivial_move,4,2686930
-16.292,flush_begin,0,0
-16.275,flush_end,0,2686930
-16.258,trivial_move,3,2686931
-16.250,trivial_move,4,2686932
-16.249,flush_begin,0,0
-16.233,flush_end,0,2686932
-16.216,trivial_move,3,2686931
-16.208,trivial_move,4,2686930
-16.206,flush_begin,0,0
-16.190,flush_end,0,2686930
-16.173,trivial_move,3,2686930
-16.165,trivial_move,4,2686931
-16.162,flush_begin,0,0
-16.145,flush_end,0,2686931
-16.129,trivial_move,3,2686932
-16.121,trivial_move,4,2686931
-16.119,flush_begin,0,0
-16.102,flush_end,0,2686931
-16.085,trivial_move,3,2686930
-16.077,trivial_move,4,2686931
-16.075,flush_begin,0,0
-16.058,flush_end,0,2686931
-16.041,trivial_move,3,2686932
-16.033,trivial_move,4,2686931
-16.030,flush_begin,0,0
-16.013,flush_end,0,2686931
-15.995,trivial_move,3,2686930
-15.987,trivial_move,4,2686931
-15.985,flush_begin,0,0
-15.967,flush_end,0,2686930
-15.949,trivial_move,3,2686931
-15.941,trivial_move,4,2686930
-15.940,flush_begin,0,0
-15.927,flush_end,0,2686930
-15.911,trivial_move,3,2686931
-15.903,trivial_move,4,2686933
-15.902,flush_begin,0,0
-15.888,flush_end,0,2686931
-15.872,trivial_move,3,2686930
-15.864,trivial_move,4,2686930
-15.863,flush_begin,0,0
-15.848,flush_end,0,2686931
-15.831,trivial_move,3,2686933
-15.823,trivial_move,4,2686932
-15.823,flush_begin,0,0
-15.808,flush_end,0,2686931
-15.792,trivial_move,3,2686930
-15.784,trivial_move,4,2686930
-15.783,flush_begin,0,0
-15.766,flush_end,0,2686931
-15.750,trivial_move,3,2686931
-15.742,trivial_move,4,2686930
-15.741,flush_begin,0,0
-15.725,flush_end,0,2686930
-15.709,trivial_move,3,2686931
-15.701,trivial_move,4,2686932
-15.700,flush_begin,0,0
-15.684,flush_end,0,2686933
-15.668,trivial_move,3,2686931
-15.660,trivial_move,4,2686930
-15.658,flush_begin,0,0
-15.643,flush_end,0,2686930
-15.627,trivial_move,3,2686931
-15.619,trivial_move,4,2686932
-15.618,flush_begin,0,0
-15.603,flush_end,0,2686932
-15.587,trivial_move,3,2686931
-15.579,trivial_move,4,2686930
-15.577,flush_begin,0,0
-15.562,flush_end,0,2686930
-15.545,trivial_move,3,2686930
-15.537,trivial_move,4,2686931
-15.535,flush_begin,0,0
-15.519,flush_end,0,2686931
-15.502,trivial_move,3,2686932
-15.494,trivial_move,4,2686931
-15.492,flush_begin,0,0
-15.475,flush_end,0,2686931
-15.459,trivial_move,3,2686930
-15.451,trivial_move,4,2686931
-15.450,flush_begin,0,0
-15.433,flush_end,0,2686930
-15.417,trivial_move,3,2686932
-15.409,trivial_move,4,2686931
-15.408,flush_begin,0,0
-15.391,flush_end,0,2686932
-15.375,trivial_move,3,2686930
-15.367,trivial_move,4,2686931
-15.366,flush_begin,0,0
-15.350,flush_end,0,2686930
-15.333,trivial_move,3,2686930
-15.325,trivial_move,4,2686930
-15.324,flush_begin,0,0
-15.307,flush_end,0,2686931
-15.290,trivial_move,3,2686932
-15.282,trivial_move,4,2686932
-15.280,flush_begin,0,0
-15.264,flush_end,0,2686931
-15.248,trivial_move,3,2686930
-15.240,trivial_move,4,2686930
-15.239,flush_begin,0,0
-15.222,flush_end,0,2686931
-15.206,trivial_move,3,2686932
-15.199,trivial_move,4,2686931
-15.198,flush_begin,0,0
-15.182,flush_end,0,2686931
-15.166,trivial_move,3,2686930
-15.158,trivial_move,4,2686931
-15.158,flush_begin,0,0
-15.144,flush_end,0,2686931
-15.128,trivial_move,3,2686931
-15.120,trivial_move,4,2686930
-15.120,flush_begin,0,0
-15.105,flush_end,0,2686930
-15.088,trivial_move,3,2686931
-15.080,trivial_move,4,2686932
-15.079,flush_begin,0,0
-15.063,flush_end,0,2686932
-15.047,trivial_move,3,2686931
-15.039,trivial_move,4,2686930
-15.038,flush_begin,0,0
-15.022,flush_end,0,2686930
-15.006,trivial_move,3,2686931
-14.998,trivial_move,4,2686933
-14.996,flush_begin,0,0
-14.981,flush_end,0,2686932
-14.963,trivial_move,3,2686933
-14.955,trivial_move,4,2686930
-14.955,flush_begin,0,0
-14.939,flush_end,0,2686930
-14.922,trivial_move,3,2686930
-14.914,trivial_move,4,2686931
-14.912,flush_begin,0,0
-14.895,flush_end,0,2686930
-14.877,trivial_move,3,2686932
-14.869,trivial_move,4,2686931
-14.868,flush_begin,0,0
-14.851,flush_end,0,2686932
-14.834,trivial_move,3,2686930
-14.826,trivial_move,4,2686931
-14.824,flush_begin,0,0
-14.807,flush_end,0,2686930
-14.790,trivial_move,3,2686931
-14.782,trivial_move,4,2686931
-14.780,flush_begin,0,0
-14.763,flush_end,0,2686933
-14.747,trivial_move,3,2686931
-14.739,trivial_move,4,2686930
-14.736,flush_begin,0,0
-14.719,flush_end,0,2686930
-14.702,trivial_move,3,2686930
-14.694,trivial_move,4,2686930
-14.692,flush_begin,0,0
-14.676,flush_end,0,2686931
-14.660,trivial_move,3,2686932
-14.652,trivial_move,4,2686931
-14.650,flush_begin,0,0
-14.623,flush_end,0,2686931
-14.608,trivial_move,3,2686930
-14.601,trivial_move,4,2686931
-14.598,flush_begin,0,0
-14.581,flush_end,0,2686931
-14.564,trivial_move,3,2686932
-14.556,trivial_move,4,2686931
-14.554,flush_begin,0,0
-14.537,flush_end,0,2686931
-14.519,trivial_move,3,2686930
-14.511,trivial_move,4,2686931
-14.510,flush_begin,0,0
-14.492,flush_end,0,2686931
-14.475,trivial_move,3,2686931
-14.467,trivial_move,4,2686930
-14.467,flush_begin,0,0
-14.449,flush_end,0,2686930
-14.431,trivial_move,3,2686931
-14.423,trivial_move,4,2686932
-14.422,flush_begin,0,0
-14.404,flush_end,0,2686932
-14.387,trivial_move,3,2686931
-14.379,trivial_move,4,2686930
-14.378,flush_begin,0,0
-14.361,flush_end,0,2686930
-14.343,trivial_move,3,2686931
-14.335,trivial_move,4,2686932
-14.334,flush_begin,0,0
-14.317,flush_end,0,2686931
-14.300,trivial_move,3,2686930
-14.292,trivial_move,4,2686930
-14.289,flush_begin,0,0
-14.272,flush_end,0,2686931
-14.255,trivial_move,3,2686930
-14.247,trivial_move,4,2686931
-14.245,flush_begin,0,0
-14.229,flush_end,0,2686930
-14.212,trivial_move,3,2686931
-14.204,trivial_move,4,2686931
-14.201,flush_begin,0,0
-14.184,flush_end,0,2686932
-14.167,trivial_move,3,2686931
-14.156,trivial_move,4,2686930
-14.153,flush_begin,0,0
-14.135,flush_end,0,2686930
-14.118,trivial_move,3,2686931
-14.110,trivial_move,4,2686932
-14.110,flush_begin,0,0
-14.091,flush_end,0,2686932
-14.074,trivial_move,3,2686931
-14.066,trivial_move,4,2686930
-14.064,flush_begin,0,0
-14.047,flush_end,0,2686930
-14.030,trivial_move,3,2686930
-14.022,trivial_move,4,2686932
-14.022,flush_begin,0,0
-14.005,flush_end,0,2686931
-13.987,trivial_move,3,2686933
-13.979,trivial_move,4,2686931
-13.978,flush_begin,0,0
-13.960,flush_end,0,2686931
-13.943,trivial_move,3,2686930
-13.935,trivial_move,4,2686931
-13.934,flush_begin,0,0
-13.916,flush_end,0,2686931
-13.899,trivial_move,3,2686932
-13.891,trivial_move,4,2686931
-13.889,flush_begin,0,0
-13.870,flush_end,0,2686931
-13.853,trivial_move,3,2686930
-13.845,trivial_move,4,2686931
-13.844,flush_begin,0,0
-13.825,flush_end,0,2686930
-13.808,trivial_move,3,2686931
-13.800,trivial_move,4,2686930
-13.800,flush_begin,0,0
-13.782,flush_end,0,2686930
-13.764,trivial_move,3,2686931
-13.756,trivial_move,4,2686932
-13.756,flush_begin,0,0
-13.738,flush_end,0,2686931
-13.721,trivial_move,3,2686930
-13.715,trivial_move,4,2686930
-13.715,flush_begin,0,0
-13.697,flush_end,0,2686931
-13.680,trivial_move,3,2686932
-13.672,trivial_move,4,2686932
-13.668,flush_begin,0,0
-13.649,flush_end,0,2686931
-13.632,trivial_move,3,2686930
-13.624,trivial_move,4,2686930
-13.622,flush_begin,0,0
-13.605,flush_end,0,2686931
-13.588,trivial_move,3,2686931
-13.580,trivial_move,4,2686930
-13.578,flush_begin,0,0
-13.560,flush_end,0,2686930
-13.543,trivial_move,3,2686931
-13.535,trivial_move,4,2686932
-13.532,flush_begin,0,0
-13.514,flush_end,0,2686932
-13.496,trivial_move,3,2686931
-13.488,trivial_move,4,2686930
-13.487,flush_begin,0,0
-13.470,flush_end,0,2686930
-13.452,trivial_move,3,2686931
-13.444,trivial_move,4,2686932
-13.443,flush_begin,0,0
-13.426,flush_end,0,2686932
-13.409,trivial_move,3,2686931
-13.401,trivial_move,4,2686930
-13.399,flush_begin,0,0
-13.381,flush_end,0,2686930
-13.364,trivial_move,3,2686930
-13.356,trivial_move,4,2686931
-13.354,flush_begin,0,0
-13.336,flush_end,0,2686931
-13.319,trivial_move,3,2686932
-13.311,trivial_move,4,2686931
-13.308,flush_begin,0,0
-13.291,flush_end,0,2686931
-13.274,trivial_move,3,2686930
-13.266,trivial_move,4,2686931
-13.264,flush_begin,0,0
-13.247,flush_end,0,2686930
-13.229,trivial_move,3,2686932
-13.221,trivial_move,4,2686931
-13.221,flush_begin,0,0
-13.204,flush_end,0,2686932
-13.186,trivial_move,3,2686930
-13.178,trivial_move,4,2686931
-13.176,flush_begin,0,0
-13.159,flush_end,0,2686930
-13.141,trivial_move,3,2686930
-13.133,trivial_move,4,2686930
-13.132,flush_begin,0,0
-13.114,flush_end,0,2686931
-13.097,trivial_move,3,2686932
-13.089,trivial_move,4,2686933
-13.087,flush_begin,0,0
-13.070,flush_end,0,2686931
-13.053,trivial_move,3,2686930
-13.045,trivial_move,4,2686930
-13.044,flush_begin,0,0
-13.026,flush_end,0,2686931
-13.011,trivial_move,3,2686933
-13.003,trivial_move,4,2686931
-13.001,flush_begin,0,0
-12.985,flush_end,0,2686931
-12.968,trivial_move,3,2686930
-12.960,trivial_move,4,2686931
-12.958,flush_begin,0,0
-12.941,flush_end,0,2686931
-12.924,trivial_move,3,2686931
-12.916,trivial_move,4,2686930
-12.913,flush_begin,0,0
-12.897,flush_end,0,2686930
-12.880,trivial_move,3,2686931
-12.872,trivial_move,4,2686932
-12.870,flush_begin,0,0
-12.853,flush_end,0,2686933
-12.836,trivial_move,3,2686931
-12.828,trivial_move,4,2686930
-12.826,flush_begin,0,0
-12.810,flush_end,0,2686930
-12.793,trivial_move,3,2686931
-12.785,trivial_move,4,2686932
-12.783,flush_begin,0,0
-12.766,flush_end,0,2686932
-12.750,trivial_move,3,2686931
-12.742,trivial_move,4,2686930
-12.740,flush_begin,0,0
-12.722,flush_end,0,2686930
-12.705,trivial_move,3,2686930
-12.697,trivial_move,4,2686931
-12.695,flush_begin,0,0
-12.677,flush_end,0,2686930
-12.660,trivial_move,3,2686932
-12.652,trivial_move,4,2686931
-12.649,flush_begin,0,0
-12.632,flush_end,0,2686932
-12.615,trivial_move,3,2686930
-12.607,trivial_move,4,2686931
-12.605,flush_begin,0,0
-12.588,flush_end,0,2686930
-12.571,trivial_move,3,2686931
-12.563,trivial_move,4,2686931
-12.562,flush_begin,0,0
-12.545,flush_end,0,2686932
-12.529,trivial_move,3,2686931
-12.521,trivial_move,4,2686930
-12.519,flush_begin,0,0
-12.503,flush_end,0,2686930
-12.487,trivial_move,3,2686930
-12.479,trivial_move,4,2686930
-12.478,flush_begin,0,0
-12.461,flush_end,0,2686931
-12.444,trivial_move,3,2686932
-12.436,trivial_move,4,2686931
-12.435,flush_begin,0,0
-12.419,flush_end,0,2686931
-12.403,trivial_move,3,2686930
-12.395,trivial_move,4,2686931
-12.394,flush_begin,0,0
-12.378,flush_end,0,2686931
-12.361,trivial_move,3,2686932
-12.353,trivial_move,4,2686931
-12.352,flush_begin,0,0
-12.336,flush_end,0,2686931
-12.320,trivial_move,3,2686930
-12.312,trivial_move,4,2686931
-12.311,flush_begin,0,0
-12.295,flush_end,0,2686931
-12.278,trivial_move,3,2686931
-12.270,trivial_move,4,2686930
-12.269,flush_begin,0,0
-12.252,flush_end,0,2686930
-12.235,trivial_move,3,2686931
-12.227,trivial_move,4,2686932
-12.226,flush_begin,0,0
-12.209,flush_end,0,2686932
-12.194,trivial_move,3,2686931
-12.185,trivial_move,4,2686930
-12.184,flush_begin,0,0
-12.167,flush_end,0,2686930
-12.152,trivial_move,3,2686931
-12.145,trivial_move,4,2686933
-12.143,flush_begin,0,0
-12.128,flush_end,0,2686931
-12.111,trivial_move,3,2686930
-12.103,trivial_move,4,2686930
-12.102,flush_begin,0,0
-12.087,flush_end,0,2686931
-12.070,trivial_move,3,2686930
-12.062,trivial_move,4,2686931
-12.061,flush_begin,0,0
-12.045,flush_end,0,2686930
-12.028,trivial_move,3,2686931
-12.021,trivial_move,4,2686931
-12.018,flush_begin,0,0
-12.002,flush_end,0,2686932
-11.985,trivial_move,3,2686931
-11.977,trivial_move,4,2686930
-11.976,flush_begin,0,0
-11.960,flush_end,0,2686930
-11.942,trivial_move,3,2686931
-11.934,trivial_move,4,2686932
-11.932,flush_begin,0,0
-11.915,flush_end,0,2686933
-11.898,trivial_move,3,2686931
-11.890,trivial_move,4,2686930
-11.889,flush_begin,0,0
-11.873,flush_end,0,2686930
-11.856,trivial_move,3,2686930
-11.848,trivial_move,4,2686931
-11.847,flush_begin,0,0
-11.828,flush_end,0,2686931
-11.811,trivial_move,3,2686932
-11.803,trivial_move,4,2686931
-11.802,flush_begin,0,0
-11.785,flush_end,0,2686931
-11.768,trivial_move,3,2686930
-11.760,trivial_move,4,2686931
-11.759,flush_begin,0,0
-11.742,flush_end,0,2686931
-11.725,trivial_move,3,2686932
-11.717,trivial_move,4,2686931
-11.715,flush_begin,0,0
-11.698,flush_end,0,2686931
-11.681,trivial_move,3,2686930
-11.673,trivial_move,4,2686931
-11.671,flush_begin,0,0
-11.654,flush_end,0,2686930
-11.637,trivial_move,3,2686931
-11.629,trivial_move,4,2686930
-11.627,flush_begin,0,0
-11.610,flush_end,0,2686930
-11.593,trivial_move,3,2686931
-11.585,trivial_move,4,2686932
-11.584,flush_begin,0,0
-11.566,flush_end,0,2686931
-11.548,trivial_move,3,2686930
-11.540,trivial_move,4,2686930
-11.540,flush_begin,0,0
-11.520,flush_end,0,2686931
-11.503,trivial_move,3,2686932
-11.495,trivial_move,4,2686932
-11.495,flush_begin,0,0
-11.481,flush_end,0,2686931
-11.465,trivial_move,3,2686930
-11.457,trivial_move,4,2686930
-11.457,flush_begin,0,0
-11.446,flush_end,0,2686931
-11.431,trivial_move,3,2686931
-11.430,flush_begin,0,0
-11.418,flush_end,0,2686930
-11.402,trivial_move,3,2686931
-11.402,flush_begin,0,0
-11.390,flush_end,0,2686932
-11.374,trivial_move,3,2686931
-11.374,flush_begin,0,0
-11.362,flush_end,0,2686930
-11.346,trivial_move,3,2686931
-11.338,trivial_move,4,2686930
-11.338,flush_begin,0,0
-11.325,flush_end,0,2686932
-11.309,trivial_move,3,2686931
-11.301,trivial_move,4,2686932
-11.301,flush_begin,0,0
-11.288,flush_end,0,2686930
-11.272,trivial_move,3,2686930
-11.264,trivial_move,4,2686930
-11.264,flush_begin,0,0
-11.250,flush_end,0,2686931
-11.233,trivial_move,3,2686933
-11.225,trivial_move,4,2686932
-11.217,trivial_move,4,2686930
-11.217,flush_begin,0,0
-11.202,flush_end,0,2686931
-11.185,trivial_move,3,2686930
-11.177,trivial_move,4,2686932
-11.177,flush_begin,0,0
-11.162,flush_end,0,2686930
-11.145,trivial_move,3,2686932
-11.137,trivial_move,4,2686931
-11.129,trivial_move,4,2686931
-11.121,trivial_move,4,2686931
-11.121,flush_begin,0,0
-11.105,flush_end,0,2686932
-11.088,trivial_move,3,2686930
-11.080,trivial_move,4,2686931
-11.078,flush_begin,0,0
-11.061,flush_end,0,2686930
-11.044,trivial_move,3,2686930
-11.036,trivial_move,4,2686930
-11.034,flush_begin,0,0
-11.017,flush_end,0,2686932
-10.999,trivial_move,3,2686932
-10.991,trivial_move,4,2686932
-10.990,flush_begin,0,0
-10.973,flush_end,0,2686931
-10.955,trivial_move,3,2686930
-10.947,trivial_move,4,2686930
-10.945,flush_begin,0,0
-10.926,flush_end,0,2686931
-10.908,trivial_move,3,2686932
-10.900,trivial_move,4,2686931
-10.900,flush_begin,0,0
-10.885,flush_end,0,2686931
-10.868,trivial_move,3,2686930
-10.860,trivial_move,4,2686931
-10.860,flush_begin,0,0
-10.845,flush_end,0,2686931
-10.829,trivial_move,3,2686931
-10.821,trivial_move,4,2686930
-10.820,flush_begin,0,0
-10.804,flush_end,0,2686930
-10.788,trivial_move,3,2686931
-10.780,trivial_move,4,2686932
-10.779,flush_begin,0,0
-10.763,flush_end,0,2686932
-10.747,trivial_move,3,2686931
-10.739,trivial_move,4,2686930
-10.737,flush_begin,0,0
-10.721,flush_end,0,2686930
-10.704,trivial_move,3,2686931
-10.696,trivial_move,4,2686932
-10.694,flush_begin,0,0
-10.679,flush_end,0,2686932
-10.662,trivial_move,3,2686931
-10.654,trivial_move,4,2686930
-10.653,flush_begin,0,0
-10.636,flush_end,0,2686930
-10.619,trivial_move,3,2686930
-10.611,trivial_move,4,2686931
-10.609,flush_begin,0,0
-10.592,flush_end,0,2686930
-10.575,trivial_move,3,2686932
-10.567,trivial_move,4,2686931
-10.565,flush_begin,0,0
-10.548,flush_end,0,2686932
-10.530,trivial_move,3,2686930
-10.522,trivial_move,4,2686931
-10.519,flush_begin,0,0
-10.501,flush_end,0,2686930
-10.484,trivial_move,3,2686931
-10.476,trivial_move,4,2686931
-10.475,flush_begin,0,0
-10.457,flush_end,0,2686932
-10.440,trivial_move,3,2686931
-10.432,trivial_move,4,2686930
-10.430,flush_begin,0,0
-10.414,flush_end,0,2686930
-10.397,trivial_move,3,2686930
-10.389,trivial_move,4,2686930
-10.388,flush_begin,0,0
-10.371,flush_end,0,2686931
-10.353,trivial_move,3,2686932
-10.347,trivial_move,4,2686931
-10.347,flush_begin,0,0
-10.329,flush_end,0,2686931
-10.312,trivial_move,3,2686930
-10.304,trivial_move,4,2686932
-10.303,flush_begin,0,0
-10.285,flush_end,0,2686931
-10.268,trivial_move,3,2686933
-10.260,trivial_move,4,2686931
-10.259,flush_begin,0,0
-10.241,flush_end,0,2686931
-10.224,trivial_move,3,2686930
-10.216,trivial_move,4,2686931
-10.215,flush_begin,0,0
-10.196,flush_end,0,2686931
-10.179,trivial_move,3,2686931
-10.171,trivial_move,4,2686930
-10.170,flush_begin,0,0
-10.152,flush_end,0,2686930
-10.134,trivial_move,3,2686931
-10.126,trivial_move,4,2686932
-10.125,flush_begin,0,0
-10.108,flush_end,0,2686933
-10.091,trivial_move,3,2686931
-10.083,trivial_move,4,2686930
-10.082,flush_begin,0,0
-10.065,flush_end,0,2686930
-10.048,trivial_move,3,2686931
-10.040,trivial_move,4,2686932
-10.039,flush_begin,0,0
-10.022,flush_end,0,2686931
-10.005,trivial_move,3,2686930
-9.997,trivial_move,4,2686930
-9.994,flush_begin,0,0
-9.978,flush_end,0,2686931
-9.960,trivial_move,3,2686930
-9.952,trivial_move,4,2686931
-9.951,flush_begin,0,0
-9.935,flush_end,0,2686930
-9.918,trivial_move,3,2686931
-9.910,trivial_move,4,2686931
-9.908,flush_begin,0,0
-9.891,flush_end,0,2686932
-9.874,trivial_move,3,2686931
-9.866,trivial_move,4,2686930
-9.864,flush_begin,0,0
-9.847,flush_end,0,2686930
-9.831,trivial_move,3,2686931
-9.823,trivial_move,4,2686932
-9.822,flush_begin,0,0
-9.805,flush_end,0,2686932
-9.788,trivial_move,3,2686931
-9.780,trivial_move,4,2686930
-9.779,flush_begin,0,0
-9.762,flush_end,0,2686930
-9.745,trivial_move,3,2686930
-9.737,trivial_move,4,2686931
-9.735,flush_begin,0,0
-9.718,flush_end,0,2686931
-9.702,trivial_move,3,2686932
-9.694,trivial_move,4,2686931
-9.693,flush_begin,0,0
-9.675,flush_end,0,2686931
-9.658,trivial_move,3,2686930
-9.650,trivial_move,4,2686931
-9.647,flush_begin,0,0
-9.631,flush_end,0,2686931
-9.614,trivial_move,3,2686932
-9.606,trivial_move,4,2686931
-9.604,flush_begin,0,0
-9.588,flush_end,0,2686931
-9.571,trivial_move,3,2686930
-9.563,trivial_move,4,2686931
-9.562,flush_begin,0,0
-9.545,flush_end,0,2686930
-9.527,trivial_move,3,2686931
-9.519,trivial_move,4,2686930
-9.519,flush_begin,0,0
-9.499,flush_end,0,2686930
-9.482,trivial_move,3,2686931
-9.474,trivial_move,4,2686932
-9.473,flush_begin,0,0
-9.454,flush_end,0,2686931
-9.437,trivial_move,3,2686930
-9.429,trivial_move,4,2686930
-9.429,flush_begin,0,0
-9.410,flush_end,0,2686931
-9.393,trivial_move,3,2686932
-9.385,trivial_move,4,2686933
-9.385,flush_begin,0,0
-9.367,flush_end,0,2686931
-9.349,trivial_move,3,2686930
-9.342,trivial_move,4,2686930
-9.342,flush_begin,0,0
-9.325,flush_end,0,2686931
-9.307,trivial_move,3,2686932
-9.299,trivial_move,4,2686930
-9.298,flush_begin,0,0
-9.282,flush_end,0,2686930
-9.264,trivial_move,3,2686931
-9.256,trivial_move,4,2686932
-9.254,flush_begin,0,0
-9.237,flush_end,0,2686932
-9.220,trivial_move,3,2686931
-9.212,trivial_move,4,2686930
-9.211,flush_begin,0,0
-9.194,flush_end,0,2686930
-9.177,trivial_move,3,2686931
-9.169,trivial_move,4,2686932
-9.167,flush_begin,0,0
-9.151,flush_end,0,2686933
-9.134,trivial_move,3,2686931
-9.126,trivial_move,4,2686930
-9.125,flush_begin,0,0
-9.108,flush_end,0,2686930
-9.091,trivial_move,3,2686930
-9.083,trivial_move,4,2686931
-9.081,flush_begin,0,0
-9.063,flush_end,0,2686931
-9.046,trivial_move,3,2686932
-9.038,trivial_move,4,2686931
-9.035,flush_begin,0,0
-9.019,flush_end,0,2686931
-9.002,trivial_move,3,2686930
-8.994,trivial_move,4,2686931
-8.993,flush_begin,0,0
-8.976,flush_end,0,2686930
-8.959,trivial_move,3,2686932
-8.951,trivial_move,4,2686931
-8.949,flush_begin,0,0
-8.932,flush_end,0,2686932
-8.915,trivial_move,3,2686930
-8.907,trivial_move,4,2686931
-8.905,flush_begin,0,0
-8.888,flush_end,0,2686930
-8.871,trivial_move,3,2686930
-8.863,trivial_move,4,2686930
-8.861,flush_begin,0,0
-8.844,flush_end,0,2686931
-8.827,trivial_move,3,2686932
-8.819,trivial_move,4,2686932
-8.817,flush_begin,0,0
-8.800,flush_end,0,2686931
-8.782,trivial_move,3,2686930
-8.774,trivial_move,4,2686930
-8.772,flush_begin,0,0
-8.754,flush_end,0,2686931
-8.736,trivial_move,3,2686932
-8.728,trivial_move,4,2686931
-8.727,flush_begin,0,0
-8.709,flush_end,0,2686931
-8.692,trivial_move,3,2686930
-8.684,trivial_move,4,2686931
-8.684,flush_begin,0,0
-8.666,flush_end,0,2686931
-8.649,trivial_move,3,2686931
-8.641,trivial_move,4,2686930
-8.639,flush_begin,0,0
-8.621,flush_end,0,2686930
-8.606,trivial_move,3,2686931
-8.600,trivial_move,4,2686932
-8.598,flush_begin,0,0
-8.580,flush_end,0,2686932
-8.562,trivial_move,3,2686931
-8.554,trivial_move,4,2686930
-8.553,flush_begin,0,0
-8.536,flush_end,0,2686930
-8.518,trivial_move,3,2686931
-8.510,trivial_move,4,2686932
-8.509,flush_begin,0,0
-8.491,flush_end,0,2686932
-8.474,trivial_move,3,2686931
-8.466,trivial_move,4,2686930
-8.465,flush_begin,0,0
-8.445,flush_end,0,2686930
-8.428,trivial_move,3,2686930
-8.420,trivial_move,4,2686932
-8.420,flush_begin,0,0
-8.402,flush_end,0,2686930
-8.385,trivial_move,3,2686933
-8.377,trivial_move,4,2686931
-8.375,flush_begin,0,0
-8.359,flush_end,0,2686932
-8.342,trivial_move,3,2686930
-8.334,trivial_move,4,2686931
-8.333,flush_begin,0,0
-8.317,flush_end,0,2686930
-8.300,trivial_move,3,2686931
-8.292,trivial_move,4,2686931
-8.290,flush_begin,0,0
-8.273,flush_end,0,2686932
-8.256,trivial_move,3,2686931
-8.248,trivial_move,4,2686930
-8.247,flush_begin,0,0
-8.229,flush_end,0,2686930
-8.212,trivial_move,3,2686930
-8.204,trivial_move,4,2686930
-8.202,flush_begin,0,0
-8.186,flush_end,0,2686932
-8.169,trivial_move,3,2686932
-8.161,trivial_move,4,2686931
-8.159,flush_begin,0,0
-8.139,flush_end,0,2686931
-8.122,trivial_move,3,2686930
-8.114,trivial_move,4,2686931
-8.113,flush_begin,0,0
-8.096,flush_end,0,2686931
-8.079,trivial_move,3,2686932
-8.071,trivial_move,4,2686931
-8.070,flush_begin,0,0
-8.054,flush_end,0,2686931
-8.037,trivial_move,3,2686930
-8.029,trivial_move,4,2686931
-8.028,flush_begin,0,0
-8.012,flush_end,0,2686931
-7.995,trivial_move,3,2686931
-7.987,trivial_move,4,2686930
-7.986,flush_begin,0,0
-7.970,flush_end,0,2686930
-7.953,trivial_move,3,2686931
-7.945,trivial_move,4,2686932
-7.945,flush_begin,0,0
-7.930,flush_end,0,2686932
-7.913,trivial_move,3,2686931
-7.905,trivial_move,4,2686930
-7.903,flush_begin,0,0
-7.888,flush_end,0,2686930
-7.871,trivial_move,3,2686931
-7.863,trivial_move,4,2686932
-7.862,flush_begin,0,0
-7.845,flush_end,0,2686931
-7.828,trivial_move,3,2686930
-7.820,trivial_move,4,2686930
-7.820,flush_begin,0,0
-7.804,flush_end,0,2686931
-7.787,trivial_move,3,2686930
-7.779,trivial_move,4,2686931
-7.777,flush_begin,0,0
-7.761,flush_end,0,2686930
-7.744,trivial_move,3,2686931
-7.736,trivial_move,4,2686931
-7.734,flush_begin,0,0
-7.716,flush_end,0,2686932
-7.699,trivial_move,3,2686931
-7.691,trivial_move,4,2686930
-7.688,flush_begin,0,0
-7.672,flush_end,0,2686930
-7.655,trivial_move,3,2686931
-7.647,trivial_move,4,2686932
-7.645,flush_begin,0,0
-7.628,flush_end,0,2686932
-7.611,trivial_move,3,2686931
-7.603,trivial_move,4,2686930
-7.602,flush_begin,0,0
-7.586,flush_end,0,2686930
-7.569,trivial_move,3,2686930
-7.561,trivial_move,4,2686931
-7.559,flush_begin,0,0
-7.542,flush_end,0,2686931
-7.525,trivial_move,3,2686932
-7.517,trivial_move,4,2686931
-7.514,flush_begin,0,0
-7.498,flush_end,0,2686931
-7.481,trivial_move,3,2686930
-7.473,trivial_move,4,2686933
-7.472,flush_begin,0,0
-7.456,flush_end,0,2686931
-7.439,trivial_move,3,2686933
-7.431,trivial_move,4,2686931
-7.430,flush_begin,0,0
-7.413,flush_end,0,2686931
-7.396,trivial_move,3,2686930
-7.388,trivial_move,4,2686931
-7.386,flush_begin,0,0
-7.368,flush_end,0,2686930
-7.351,trivial_move,3,2686931
-7.343,trivial_move,4,2686930
-7.341,flush_begin,0,0
-7.324,flush_end,0,2686930
-7.306,trivial_move,3,2686931
-7.298,trivial_move,4,2686932
-7.296,flush_begin,0,0
-7.279,flush_end,0,2686931
-7.261,trivial_move,3,2686930
-7.253,trivial_move,4,2686930
-7.252,flush_begin,0,0
-7.233,flush_end,0,2686933
-7.216,trivial_move,3,2686932
-7.208,trivial_move,4,2686932
-7.206,flush_begin,0,0
-7.188,flush_end,0,2686931
-7.171,trivial_move,3,2686930
-7.163,trivial_move,4,2686930
-7.161,flush_begin,0,0
-7.144,flush_end,0,2686931
-7.127,trivial_move,3,2686931
-7.119,trivial_move,4,2686930
-7.118,flush_begin,0,0
-7.102,flush_end,0,2686930
-7.085,trivial_move,3,2686931
-7.077,trivial_move,4,2686932
-7.076,flush_begin,0,0
-7.060,flush_end,0,2686932
-7.043,trivial_move,3,2686931
-7.035,trivial_move,4,2686930
-7.034,flush_begin,0,0
-7.018,flush_end,0,2686930
-7.002,trivial_move,3,2686931
-6.994,trivial_move,4,2686932
-6.993,flush_begin,0,0
-6.978,flush_end,0,2686932
-6.961,trivial_move,3,2686931
-6.953,trivial_move,4,2686930
-6.952,flush_begin,0,0
-6.935,flush_end,0,2686930
-6.918,trivial_move,3,2686930
-6.910,trivial_move,4,2686931
-6.908,flush_begin,0,0
-6.892,flush_end,0,2686931
-6.875,trivial_move,3,2686932
-6.867,trivial_move,4,2686931
-6.867,flush_begin,0,0
-6.850,flush_end,0,2686931
-6.833,trivial_move,3,2686930
-6.825,trivial_move,4,2686931
-6.825,flush_begin,0,0
-6.809,flush_end,0,2686930
-6.792,trivial_move,3,2686932
-6.784,trivial_move,4,2686931
-6.782,flush_begin,0,0
-6.766,flush_end,0,2686932
-6.749,trivial_move,3,2686930
-6.741,trivial_move,4,2686931
-6.739,flush_begin,0,0
-6.724,flush_end,0,2686930
-6.707,trivial_move,3,2686930
-6.699,trivial_move,4,2686930
-6.697,flush_begin,0,0
-6.679,flush_end,0,2686931
-6.662,trivial_move,3,2686932
-6.654,trivial_move,4,2686932
-6.653,flush_begin,0,0
-6.634,flush_end,0,2686931
-6.614,trivial_move,3,2686930
-6.606,trivial_move,4,2686930
-6.605,flush_begin,0,0
-6.576,flush_end,0,2686931
-6.559,trivial_move,3,2686932
-6.552,trivial_move,4,2686931
-6.550,flush_begin,0,0
-6.533,flush_end,0,2686931
-6.515,trivial_move,3,2686930
-6.506,trivial_move,4,2686932
-6.504,flush_begin,0,0
-6.487,flush_end,0,2686931
-6.469,trivial_move,3,2686932
-6.461,trivial_move,4,2686930
-6.460,flush_begin,0,0
-6.442,flush_end,0,2686930
-6.425,trivial_move,3,2686931
-6.417,trivial_move,4,2686932
-6.415,flush_begin,0,0
-6.397,flush_end,0,2686932
-6.380,trivial_move,3,2686931
-6.372,trivial_move,4,2686930
-6.370,flush_begin,0,0
-6.353,flush_end,0,2686930
-6.336,trivial_move,3,2686931
-6.328,trivial_move,4,2686932
-6.327,flush_begin,0,0
-6.311,flush_end,0,2686933
-6.293,trivial_move,3,2686931
-6.285,trivial_move,4,2686930
-6.285,flush_begin,0,0
-6.265,flush_end,0,2686930
-6.248,trivial_move,3,2686930
-6.240,trivial_move,4,2686931
-6.240,flush_begin,0,0
-6.221,flush_end,0,2686930
-6.204,trivial_move,3,2686932
-6.196,trivial_move,4,2686931
-6.195,flush_begin,0,0
-6.178,flush_end,0,2686932
-6.160,trivial_move,3,2686930
-6.152,trivial_move,4,2686931
-6.150,flush_begin,0,0
-6.131,flush_end,0,2686930
-6.114,trivial_move,3,2686931
-6.106,trivial_move,4,2686931
-6.105,flush_begin,0,0
-6.091,flush_end,0,2686932
-6.074,trivial_move,3,2686931
-6.066,trivial_move,4,2686930
-6.065,flush_begin,0,0
-6.050,flush_end,0,2686930
-6.033,trivial_move,3,2686930
-6.025,trivial_move,4,2686930
-6.024,flush_begin,0,0
-6.009,flush_end,0,2686931
-5.992,trivial_move,3,2686932
-5.984,trivial_move,4,2686931
-5.983,flush_begin,0,0
-5.967,flush_end,0,2686931
-5.950,trivial_move,3,2686930
-5.942,trivial_move,4,2686931
-5.942,flush_begin,0,0
-5.926,flush_end,0,2686931
-5.909,trivial_move,3,2686932
-5.901,trivial_move,4,2686931
-5.900,flush_begin,0,0
-5.884,flush_end,0,2686931
-5.866,trivial_move,3,2686930
-5.858,trivial_move,4,2686931
-5.857,flush_begin,0,0
-5.842,flush_end,0,2686931
-5.824,trivial_move,3,2686931
-5.816,trivial_move,4,2686930
-5.815,flush_begin,0,0
-5.798,flush_end,0,2686930
-5.781,trivial_move,3,2686931
-5.772,trivial_move,4,2686932
-5.771,flush_begin,0,0
-5.755,flush_end,0,2686932
-5.738,trivial_move,3,2686931
-5.730,trivial_move,4,2686930
-5.728,flush_begin,0,0
-5.711,flush_end,0,2686930
-5.694,trivial_move,3,2686931
-5.686,trivial_move,4,2686932
-5.684,flush_begin,0,0
-5.667,flush_end,0,2686931
-5.649,trivial_move,3,2686930
-5.641,trivial_move,4,2686930
-5.640,flush_begin,0,0
-5.623,flush_end,0,2686931
-5.606,trivial_move,3,2686930
-5.598,trivial_move,4,2686932
-5.595,flush_begin,0,0
-5.578,flush_end,0,2686930
-5.561,trivial_move,3,2686931
-5.553,trivial_move,4,2686931
-5.550,flush_begin,0,0
-5.533,flush_end,0,2686932
-5.516,trivial_move,3,2686933
-5.508,trivial_move,4,2686930
-5.508,flush_begin,0,0
-5.491,flush_end,0,2686930
-5.474,trivial_move,3,2686931
-5.466,trivial_move,4,2686932
-5.465,flush_begin,0,0
-5.448,flush_end,0,2686932
-5.430,trivial_move,3,2686931
-5.422,trivial_move,4,2686930
-5.420,flush_begin,0,0
-5.402,flush_end,0,2686930
-5.384,trivial_move,3,2686930
-5.376,trivial_move,4,2686931
-5.375,flush_begin,0,0
-5.356,flush_end,0,2686932
-5.339,trivial_move,3,2686932
-5.331,trivial_move,4,2686931
-5.331,flush_begin,0,0
-5.313,flush_end,0,2686931
-5.296,trivial_move,3,2686930
-5.288,trivial_move,4,2686931
-5.288,flush_begin,0,0
-5.269,flush_end,0,2686931
-5.252,trivial_move,3,2686932
-5.244,trivial_move,4,2686931
-5.243,flush_begin,0,0
-5.223,flush_end,0,2686931
-5.206,trivial_move,3,2686930
-5.198,trivial_move,4,2686931
-5.197,flush_begin,0,0
-5.179,flush_end,0,2686930
-5.162,trivial_move,3,2686931
-5.154,trivial_move,4,2686930
-5.153,flush_begin,0,0
-5.134,flush_end,0,2686930
-5.117,trivial_move,3,2686931
-5.109,trivial_move,4,2686932
-5.109,flush_begin,0,0
-5.091,flush_end,0,2686931
-5.073,trivial_move,3,2686930
-5.067,trivial_move,4,2686930
-5.067,flush_begin,0,0
-5.049,flush_end,0,2686931
-5.032,trivial_move,3,2686932
-5.024,trivial_move,4,2686932
-5.022,flush_begin,0,0
-5.004,flush_end,0,2686931
-4.987,trivial_move,3,2686930
-4.979,trivial_move,4,2686930
-4.978,flush_begin,0,0
-4.959,flush_end,0,2686931
-4.942,trivial_move,3,2686931
-4.934,trivial_move,4,2686930
-4.933,flush_begin,0,0
-4.915,flush_end,0,2686930
-4.898,trivial_move,3,2686931
-4.890,trivial_move,4,2686932
-4.889,flush_begin,0,0
-4.871,flush_end,0,2686932
-4.854,trivial_move,3,2686931
-4.846,trivial_move,4,2686930
-4.845,flush_begin,0,0
-4.827,flush_end,0,2686930
-4.810,trivial_move,3,2686931
-4.802,trivial_move,4,2686932
-4.802,flush_begin,0,0
-4.784,flush_end,0,2686932
-4.766,trivial_move,3,2686931
-4.758,trivial_move,4,2686930
-4.758,flush_begin,0,0
-4.741,flush_end,0,2686930
-4.724,trivial_move,3,2686930
-4.715,trivial_move,4,2686931
-4.714,flush_begin,0,0
-4.695,flush_end,0,2686931
-4.678,trivial_move,3,2686932
-4.670,trivial_move,4,2686931
-4.669,flush_begin,0,0
-4.649,flush_end,0,2686931
-4.632,trivial_move,3,2686930
-4.624,trivial_move,4,2686932
-4.622,flush_begin,0,0
-4.603,flush_end,0,2686930
-4.587,trivial_move,3,2686933
-4.579,trivial_move,4,2686931
-4.578,flush_begin,0,0
-4.560,flush_end,0,2686932
-4.543,trivial_move,3,2686930
-4.535,trivial_move,4,2686931
-4.534,flush_begin,0,0
-4.515,flush_end,0,2686930
-4.498,trivial_move,3,2686930
-4.490,trivial_move,4,2686930
-4.489,flush_begin,0,0
-4.469,flush_end,0,2686931
-4.452,trivial_move,3,2686932
-4.444,trivial_move,4,2686932
-4.444,flush_begin,0,0
-4.426,flush_end,0,2686931
-4.409,trivial_move,3,2686930
-4.401,trivial_move,4,2686930
-4.401,flush_begin,0,0
-4.383,flush_end,0,2686932
-4.366,trivial_move,3,2686932
-4.358,trivial_move,4,2686931
-4.356,flush_begin,0,0
-4.338,flush_end,0,2686931
-4.320,trivial_move,3,2686930
-4.312,trivial_move,4,2686931
-4.312,flush_begin,0,0
-4.295,flush_end,0,2686931
-4.277,trivial_move,3,2686931
-4.269,trivial_move,4,2686930
-4.268,flush_begin,0,0
-4.249,flush_end,0,2686930
-4.232,trivial_move,3,2686931
-4.224,trivial_move,4,2686932
-4.223,flush_begin,0,0
-4.203,flush_end,0,2686932
-4.186,trivial_move,3,2686931
-4.178,trivial_move,4,2686930
-4.176,flush_begin,0,0
-4.158,flush_end,0,2686930
-4.141,trivial_move,3,2686931
-4.133,trivial_move,4,2686932
-4.131,flush_begin,0,0
-4.112,flush_end,0,2686932
-4.095,trivial_move,3,2686931
-4.086,trivial_move,4,2686930
-4.086,flush_begin,0,0
-4.069,flush_end,0,2686930
-4.051,trivial_move,3,2686930
-4.042,trivial_move,4,2686931
-4.040,flush_begin,0,0
-4.021,flush_end,0,2686930
-4.003,trivial_move,3,2686932
-3.995,trivial_move,4,2686931
-3.995,flush_begin,0,0
-3.976,flush_end,0,2686932
-3.959,trivial_move,3,2686930
-3.951,trivial_move,4,2686931
-3.951,flush_begin,0,0
-3.934,flush_end,0,2686930
-3.917,trivial_move,3,2686931
-3.909,trivial_move,4,2686931
-3.909,flush_begin,0,0
-3.889,flush_end,0,2686932
-3.871,trivial_move,3,2686931
-3.863,trivial_move,4,2686930
-3.863,flush_begin,0,0
-3.845,flush_end,0,2686930
-3.828,trivial_move,3,2686930
-3.820,trivial_move,4,2686930
-3.820,flush_begin,0,0
-3.801,flush_end,0,2686931
-3.784,trivial_move,3,2686932
-3.776,trivial_move,4,2686931
-3.775,flush_begin,0,0
-3.756,flush_end,0,2686931
-3.739,trivial_move,3,2686930
-3.731,trivial_move,4,2686931
-3.730,flush_begin,0,0
-3.712,flush_end,0,2686931
-3.695,trivial_move,3,2686932
-3.687,trivial_move,4,2686931
-3.687,flush_begin,0,0
-3.670,flush_end,0,2686931
-3.652,trivial_move,3,2686930
-3.644,trivial_move,4,2686932
-3.644,flush_begin,0,0
-3.625,flush_end,0,2686931
-3.608,trivial_move,3,2686932
-3.600,trivial_move,4,2686930
-3.600,flush_begin,0,0
-3.581,flush_end,0,2686930
-3.564,trivial_move,3,2686931
-3.555,trivial_move,4,2686932
-3.555,flush_begin,0,0
-3.538,flush_end,0,2686932
-3.520,trivial_move,3,2686931
-3.512,trivial_move,4,2686930
-3.511,flush_begin,0,0
-3.492,flush_end,0,2686930
-3.475,trivial_move,3,2686931
-3.467,trivial_move,4,2686932
-3.467,flush_begin,0,0
-3.450,flush_end,0,2686931
-3.432,trivial_move,3,2686930
-3.424,trivial_move,4,2686930
-3.424,flush_begin,0,0
-3.407,flush_end,0,2686932
-3.391,trivial_move,3,2686930
-3.383,trivial_move,4,2686931
-3.383,flush_begin,0,0
-3.371,flush_end,0,2686930
-3.354,trivial_move,3,2686931
-3.346,trivial_move,4,2686931
-3.346,flush_begin,0,0
-3.333,flush_end,0,2686932
-3.316,trivial_move,3,2686931
-3.308,trivial_move,4,2686930
-3.308,flush_begin,0,0
-3.296,flush_end,0,2686930
-3.280,trivial_move,3,2686931
-3.272,trivial_move,4,2686932
-3.272,flush_begin,0,0
-3.259,flush_end,0,2686932
-3.242,trivial_move,3,2686931
-3.234,trivial_move,4,2686930
-3.234,flush_begin,0,0
-3.220,flush_end,0,2686930
-3.203,trivial_move,3,2686930
-3.195,trivial_move,4,2686931
-3.195,flush_begin,0,0
-3.180,flush_end,0,2686931
-3.162,trivial_move,3,2686932
-3.154,trivial_move,4,2686931
-3.152,flush_begin,0,0
-3.136,flush_end,0,2686931
-3.119,trivial_move,3,2686930
-3.111,trivial_move,4,2686931
-3.110,flush_begin,0,0
-3.095,flush_end,0,2686931
-3.078,trivial_move,3,2686932
-3.070,trivial_move,4,2686931
-3.069,flush_begin,0,0
-3.052,flush_end,0,2686931
-3.035,trivial_move,3,2686930
-3.027,trivial_move,4,2686931
-3.025,flush_begin,0,0
-3.008,flush_end,0,2686930
-2.991,trivial_move,3,2686931
-2.983,trivial_move,4,2686930
-2.982,flush_begin,0,0
-2.966,flush_end,0,2686930
-2.949,trivial_move,3,2686931
-2.941,trivial_move,4,2686932
-2.939,flush_begin,0,0
-2.923,flush_end,0,2686931
-2.905,trivial_move,3,2686930
-2.897,trivial_move,4,2686930
-2.895,flush_begin,0,0
-2.877,flush_end,0,2686931
-2.860,trivial_move,3,2686932
-2.852,trivial_move,4,2686932
-2.850,flush_begin,0,0
-2.833,flush_end,0,2686931
-2.816,trivial_move,3,2686930
-2.808,trivial_move,4,2686930
-2.807,flush_begin,0,0
-2.791,flush_end,0,2686931
-2.774,trivial_move,3,2686931
-2.766,trivial_move,4,2686930
-2.766,flush_begin,0,0
-2.749,flush_end,0,2686930
-2.731,trivial_move,3,2686931
-2.723,trivial_move,4,2686933
-2.722,flush_begin,0,0
-2.706,flush_end,0,2686932
-2.689,trivial_move,3,2686932
-2.681,trivial_move,4,2686930
-2.678,flush_begin,0,0
-2.662,flush_end,0,2686930
-2.645,trivial_move,3,2686931
-2.637,trivial_move,4,2686932
-2.635,flush_begin,0,0
-2.618,flush_end,0,2686932
-2.603,trivial_move,3,2686931
-2.595,trivial_move,4,2686930
-2.593,flush_begin,0,0
-2.576,flush_end,0,2686930
-2.560,trivial_move,3,2686930
-2.552,trivial_move,4,2686931
-2.549,flush_begin,0,0
-2.532,flush_end,0,2686932
-2.514,trivial_move,3,2686932
-2.506,trivial_move,4,2686931
-2.505,flush_begin,0,0
-2.489,flush_end,0,2686931
-2.472,trivial_move,3,2686930
-2.464,trivial_move,4,2686931
-2.462,flush_begin,0,0
-2.442,flush_end,0,2686930
-2.425,trivial_move,3,2686932
-2.417,trivial_move,4,2686931
-2.416,flush_begin,0,0
-2.399,flush_end,0,2686932
-2.377,trivial_move,3,2686930
-2.369,trivial_move,4,2686931
-2.366,flush_begin,0,0
-2.349,flush_end,0,2686930
-2.331,trivial_move,3,2686930
-2.322,trivial_move,4,2686930
-2.322,flush_begin,0,0
-2.304,flush_end,0,2686931
-2.286,trivial_move,3,2686932
-2.278,trivial_move,4,2686932
-2.277,flush_begin,0,0
-2.259,flush_end,0,2686931
-2.241,trivial_move,3,2686930
-2.233,trivial_move,4,2686930
-2.231,flush_begin,0,0
-2.213,flush_end,0,2686931
-2.196,trivial_move,3,2686932
-2.188,trivial_move,4,2686931
-2.188,flush_begin,0,0
-2.171,flush_end,0,2686931
-2.153,trivial_move,3,2686930
-2.145,trivial_move,4,2686931
-2.143,flush_begin,0,0
-2.123,flush_end,0,2686931
-2.106,trivial_move,3,2686931
-2.098,trivial_move,4,2686930
-2.097,flush_begin,0,0
-2.080,flush_end,0,2686930
-2.063,trivial_move,3,2686931
-2.055,trivial_move,4,2686932
-2.054,flush_begin,0,0
-2.037,flush_end,0,2686932
-2.020,trivial_move,3,2686931
-2.012,trivial_move,4,2686930
-2.011,flush_begin,0,0
-1.995,flush_end,0,2686930
-1.977,trivial_move,3,2686931
-1.969,trivial_move,4,2686932
-1.968,flush_begin,0,0
-1.949,flush_end,0,2686932
-1.932,trivial_move,3,2686931
-1.924,trivial_move,4,2686930
-1.923,flush_begin,0,0
-1.905,flush_end,0,2686930
-1.887,trivial_move,3,2686930
-1.879,trivial_move,4,2686931
-1.877,flush_begin,0,0
-1.859,flush_end,0,2686930
-1.841,trivial_move,3,2686932
-1.833,trivial_move,4,2686931
-1.831,flush_begin,0,0
-1.814,flush_end,0,2686932
-1.796,trivial_move,3,2686930
-1.787,trivial_move,4,2686932
-1.787,flush_begin,0,0
-1.770,flush_end,0,2686930
-1.752,trivial_move,3,2686931
-1.744,trivial_move,4,2686931
-1.744,flush_begin,0,0
-1.725,flush_end,0,2686932
-1.708,trivial_move,3,2686932
-1.700,trivial_move,4,2686930
-1.699,flush_begin,0,0
-1.681,flush_end,0,2686930
-1.663,trivial_move,3,2686930
-1.655,trivial_move,4,2686930
-1.653,flush_begin,0,0
-1.634,flush_end,0,2686931
-1.617,trivial_move,3,2686932
-1.609,trivial_move,4,2686931
-1.608,flush_begin,0,0
-1.590,flush_end,0,2686931
-1.573,trivial_move,3,2686930
-1.565,trivial_move,4,2686931
-1.564,flush_begin,0,0
-1.543,flush_end,0,2686932
-1.525,trivial_move,3,2686932
-1.517,trivial_move,4,2686931
-1.516,flush_begin,0,0
-1.494,flush_end,0,2686931
-1.477,trivial_move,3,2686930
-1.469,trivial_move,4,2686931
-1.468,flush_begin,0,0
-1.446,flush_end,0,2686931
-1.429,trivial_move,3,2686931
-1.421,trivial_move,4,2686930
-1.420,flush_begin,0,0
-1.396,flush_end,0,2686930
-1.378,trivial_move,3,2686931
-1.370,trivial_move,4,2686932
-1.369,flush_begin,0,0
-1.350,flush_end,0,2686932
-1.333,trivial_move,3,2686931
-1.325,trivial_move,4,2686930
-1.324,flush_begin,0,0
-1.305,flush_end,0,2686930
-1.288,trivial_move,3,2686931
-1.280,trivial_move,4,2686932
-1.279,flush_begin,0,0
-1.261,flush_end,0,2686931
-1.244,trivial_move,3,2686930
-1.236,trivial_move,4,2686930
-1.236,flush_begin,0,0
-1.217,flush_end,0,2686931
-1.200,trivial_move,3,2686930
-1.192,trivial_move,4,2686931
-1.191,flush_begin,0,0
-1.171,flush_end,0,2686930
-1.153,trivial_move,3,2686931
-1.145,trivial_move,4,2686931
-1.144,flush_begin,0,0
-1.124,flush_end,0,2686932
-1.107,trivial_move,3,2686931
-1.099,trivial_move,4,2686930
-1.099,flush_begin,0,0
-1.076,flush_end,0,2686930
-1.059,trivial_move,3,2686931
-1.051,trivial_move,4,2686932
-1.049,flush_begin,0,0
-1.029,flush_end,0,2686932
-1.012,trivial_move,3,2686931
-1.004,trivial_move,4,2686930
-1.002,flush_begin,0,0
-0.984,flush_end,0,2686930
-0.967,trivial_move,3,2686930
-0.959,trivial_move,4,2686931
-0.958,flush_begin,0,0
-0.940,flush_end,0,2686931
-0.923,trivial_move,3,2686932
-0.915,trivial_move,4,2686931
-0.915,flush_begin,0,0
-0.896,flush_end,0,2686931
-0.879,trivial_move,3,2686930
-0.871,trivial_move,4,2686931
-0.870,flush_begin,0,0
-0.853,flush_end,0,2686931
-0.836,trivial_move,3,2686932
-0.823,trivial_move,4,2686931
-0.822,flush_begin,0,0
-0.806,flush_end,0,2686931
-0.789,trivial_move,3,2686930
-0.780,trivial_move,4,2686932
-0.780,flush_begin,0,0
-0.764,flush_end,0,2686930
-0.747,trivial_move,3,2686932
-0.739,trivial_move,4,2686930
-0.738,flush_begin,0,0
-0.722,flush_end,0,2686930
-0.704,trivial_move,3,2686931
-0.696,trivial_move,4,2686932
-0.695,flush_begin,0,0
-0.677,flush_end,0,2686931
-0.659,trivial_move,3,2686930
-0.651,trivial_move,4,2686930
-0.650,flush_begin,0,0
-0.633,flush_end,0,2686931
-0.616,trivial_move,3,2686932
-0.608,trivial_move,4,2686932
-0.607,flush_begin,0,0
-0.590,flush_end,0,2686931
-0.572,trivial_move,3,2686930
-0.562,trivial_move,4,2686930
-0.561,flush_begin,0,0
-0.543,flush_end,0,2686932
-0.526,trivial_move,3,2686931
-0.518,trivial_move,4,2686930
-0.517,flush_begin,0,0
-0.498,flush_end,0,2686930
-0.481,trivial_move,3,2686931
-0.473,trivial_move,4,2686932
-0.472,flush_begin,0,0
-0.452,flush_end,0,2686932
-0.436,trivial_move,3,2686931
-0.428,trivial_move,4,2686930
-0.428,flush_begin,0,0
-0.407,flush_end,0,2686930
-0.390,trivial_move,3,2686931
-0.382,trivial_move,4,2686932
-0.382,flush_begin,0,0
-0.363,flush_end,0,2686932
-0.346,trivial_move,3,2686931
-0.338,trivial_move,4,2686930
-0.337,flush_begin,0,0
-0.319,flush_end,0,2686930
-0.302,trivial_move,3,2686930
-0.294,trivial_move,4,2686931
-0.294,flush_begin,0,0
-0.277,flush_end,0,2686931
-0.260,trivial_move,3,2686932
-0.252,trivial_move,4,2686931
-0.251,flush_begin,0,0
-0.234,flush_end,0,2686931
-0.217,trivial_move,3,2686930
-0.209,trivial_move,4,2686931
-0.208,flush_begin,0,0
-0.189,flush_end,0,2686930
-0.171,trivial_move,3,2686932
-0.163,trivial_move,4,2686931
-0.160,flush_begin,0,0
-0.141,flush_end,0,2686932
-0.124,trivial_move,3,2686930
-0.116,trivial_move,4,2686931
-0.113,flush_begin,0,0
-0.096,flush_end,0,2686930
-0.079,trivial_move,3,2686930
-0.071,trivial_move,4,2686930
-0.069,flush_begin,0,0
-0.052,flush_end,0,2686931
-0.035,trivial_move,3,2686932
-0.027,trivial_move,4,2686932
-0.024,flush_begin,0,0
-0.007,flush_end,0,2686931
0.010,trivial_move,3,2686930
0.018,trivial_move,4,2686930
0.019,flush_begin,0,0
0.035,flush_end,0,2686931
0.052,trivial_move,3,2686932
0.062,trivial_move,4,2686931
0.065,flush_begin,0,0
0.083,flush_end,0,2686931
0.100,trivial_move,3,2686930
0.108,trivial_move,4,2686931
0.110,flush_begin,0,0
0.129,flush_end,0,2686931
0.146,trivial_move,3,2686931
0.154,trivial_move,4,2686930
0.156,flush_begin,0,0
0.174,flush_end,0,2686930
0.192,trivial_move,3,2686931
0.200,trivial_move,4,2686933
0.201,flush_begin,0,0
0.219,flush_end,0,2686932
0.236,trivial_move,3,2686932
0.244,trivial_move,4,2686930
0.245,flush_begin,0,0
0.265,flush_end,0,2686930
0.282,trivial_move,3,2686931
0.290,trivial_move,4,2686932
0.292,flush_begin,0,0
0.311,flush_end,0,2686932
0.328,trivial_move,3,2686931
0.336,trivial_move,4,2686930
0.337,flush_begin,0,0
0.357,flush_end,0,2686930
0.374,trivial_move,3,2686930
0.382,trivial_move,4,2686931
0.384,flush_begin,0,0
0.403,flush_end,0,2686930
0.420,trivial_move,3,2686932
0.428,trivial_move,4,2686931
0.429,flush_begin,0,0
0.450,flush_end,0,2686933
0.467,trivial_move,3,2686930
0.475,trivial_move,4,2686931
0.476,flush_begin,0,0
0.496,flush_end,0,2686930
0.514,trivial_move,3,2686931
0.522,trivial_move,4,2686931
0.524,flush_begin,0,0
0.546,flush_end,0,2686932
0.563,trivial_move,3,2686931
0.571,trivial_move,4,2686930
0.571,flush_begin,0,0
0.594,flush_end,0,2686930
0.611,trivial_move,3,2686930
0.619,trivial_move,4,2686930
0.620,flush_begin,0,0
0.639,flush_end,0,2686931
0.657,trivial_move,3,2686932
0.665,trivial_move,4,2686931
0.666,flush_begin,0,0
0.685,flush_end,0,2686931
0.703,trivial_move,3,2686930
0.711,trivial_move,4,2686931
0.711,flush_begin,0,0
0.729,flush_end,0,2686931
0.746,trivial_move,3,2686932
0.754,trivial_move,4,2686931
0.756,flush_begin,0,0
0.775,flush_end,0,2686931
0.794,trivial_move,3,2686930
0.804,trivial_move,4,2686931
0.804,flush_begin,0,0
0.823,flush_end,0,2686931
0.840,trivial_move,3,2686931
0.848,trivial_move,4,2686930
0.850,flush_begin,0,0
0.871,flush_end,0,2686930
0.888,trivial_move,3,2686931
0.896,trivial_move,4,2686932
0.896,flush_begin,0,0
0.913,flush_end,0,2686932
0.930,trivial_move,3,2686931
0.938,trivial_move,4,2686930
0.939,flush_begin,0,0
0.955,flush_end,0,2686930
0.972,trivial_move,3,2686931
0.980,trivial_move,4,2686932
0.982,flush_begin,0,0
1.000,flush_end,0,2686931
1.018,trivial_move,3,2686930
1.026,trivial_move,4,2686930
1.027,flush_begin,0,0
1.044,flush_end,0,2686931
1.061,trivial_move,3,2686930
1.069,trivial_move,4,2686931
1.070,flush_begin,0,0
1.089,flush_end,0,2686930
1.106,trivial_move,3,2686931
1.114,trivial_move,4,2686931
1.116,flush_begin,0,0
1.135,flush_end,0,2686932
1.153,trivial_move,3,2686931
1.161,trivial_move,4,2686930
1.163,flush_begin,0,0
1.182,flush_end,0,2686930
1.199,trivial_move,3,2686931
1.207,trivial_move,4,2686933
1.208,flush_begin,0,0
1.226,flush_end,0,2686932
1.244,trivial_move,3,2686932
1.252,trivial_move,4,2686930
1.253,flush_begin,0,0
1.272,flush_end,0,2686930
1.289,trivial_move,3,2686930
1.297,trivial_move,4,2686931
1.298,flush_begin,0,0
1.316,flush_end,0,2686931
1.334,trivial_move,3,2686932
1.342,trivial_move,4,2686931
1.343,flush_begin,0,0
1.362,flush_end,0,2686931
1.380,trivial_move,3,2686930
1.388,trivial_move,4,2686931
1.390,flush_begin,0,0
1.410,flush_end,0,2686932
1.427,trivial_move,3,2686932
1.436,trivial_move,4,2686931
1.436,flush_begin,0,0
1.453,flush_end,0,2686931
1.470,trivial_move,3,2686930
1.480,trivial_move,4,2686931
1.480,flush_begin,0,0
1.500,flush_end,0,2686930
1.517,trivial_move,3,2686931
1.525,trivial_move,4,2686930
1.527,flush_begin,0,0
1.545,flush_end,0,2686930
1.562,trivial_move,3,2686931
1.570,trivial_move,4,2686932
1.571,flush_begin,0,0
1.590,flush_end,0,2686931
1.607,trivial_move,3,2686930
1.615,trivial_move,4,2686930
1.616,flush_begin,0,0
1.634,flush_end,0,2686931
1.652,trivial_move,3,2686932
1.660,trivial_move,4,2686932
1.662,flush_begin,0,0
1.680,flush_end,0,2686931
1.697,trivial_move,3,2686930
1.705,trivial_move,4,2686930
1.706,flush_begin,0,0
1.724,flush_end,0,2686931
1.742,trivial_move,3,2686931
1.750,trivial_move,4,2686930
1.751,flush_begin,0,0
1.771,flush_end,0,2686930
1.789,trivial_move,3,2686931
1.797,trivial_move,4,2686932
1.799,flush_begin,0,0
1.819,flush_end,0,2686932
1.836,trivial_move,3,2686931
1.844,trivial_move,4,2686930
1.846,flush_begin,0,0
1.863,flush_end,0,2686930
1.881,trivial_move,3,2686931
1.889,trivial_move,4,2686932
1.890,flush_begin,0,0
1.910,flush_end,0,2686932
1.928,trivial_move,3,2686931
1.936,trivial_move,4,2686930
1.937,flush_begin,0,0
1.957,flush_end,0,2686930
1.974,trivial_move,3,2686930
1.982,trivial_move,4,2686931
1.982,flush_begin,0,0
2.003,flush_end,0,2686931
2.019,trivial_move,3,2686932
2.027,trivial_move,4,2686931
2.028,flush_begin,0,0
2.045,flush_end,0,2686931
2.062,trivial_move,3,2686930
2.070,trivial_move,4,2686931
2.071,flush_begin,0,0
2.090,flush_end,0,2686930
2.107,trivial_move,3,2686932
2.115,trivial_move,4,2686931
2.116,flush_begin,0,0
2.135,flush_end,0,2686932
2.152,trivial_move,3,2686930
2.160,trivial_move,4,2686933
2.161,flush_begin,0,0
2.179,flush_end,0,2686930
2.196,trivial_move,3,2686930
2.205,trivial_move,4,2686930
2.206,flush_begin,0,0
2.225,flush_end,0,2686931
2.242,trivial_move,3,2686933
2.250,trivial_move,4,2686932
2.251,flush_begin,0,0
2.269,flush_end,0,2686931
2.286,trivial_move,3,2686930
2.294,trivial_move,4,2686930
2.295,flush_begin,0,0
2.313,flush_end,0,2686931
2.330,trivial_move,3,2686932
2.338,trivial_move,4,2686931
2.338,flush_begin,0,0
2.356,flush_end,0,2686931
2.374,trivial_move,3,2686930
2.382,trivial_move,4,2686931
2.382,flush_begin,0,0
2.397,flush_end,0,2686933
2.414,trivial_move,3,2686931
2.422,trivial_move,4,2686930
2.424,flush_begin,0,0
2.439,flush_end,0,2686930
2.456,trivial_move,3,2686931
2.464,trivial_move,4,2686932
2.466,flush_begin,0,0
2.481,flush_end,0,2686932
2.499,trivial_move,3,2686931
2.507,trivial_move,4,2686930
2.508,flush_begin,0,0
2.526,flush_end,0,2686930
2.543,trivial_move,3,2686931
2.551,trivial_move,4,2686932
2.552,flush_begin,0,0
2.571,flush_end,0,2686932
2.588,trivial_move,3,2686931
2.596,trivial_move,4,2686930
2.598,flush_begin,0,0
2.616,flush_end,0,2686930
2.633,trivial_move,3,2686930
2.641,trivial_move,4,2686931
2.643,flush_begin,0,0
2.660,flush_end,0,2686930
2.677,trivial_move,3,2686932
2.686,trivial_move,4,2686931
2.687,flush_begin,0,0
2.704,flush_end,0,2686932
2.721,trivial_move,3,2686930
2.729,trivial_move,4,2686931
2.731,flush_begin,0,0
2.747,flush_end,0,2686930
2.764,trivial_move,3,2686931
2.774,trivial_move,4,2686931
2.775,flush_begin,0,0
2.791,flush_end,0,2686932
2.809,trivial_move,3,2686931
2.817,trivial_move,4,2686930
2.818,flush_begin,0,0
2.833,flush_end,0,2686930
2.850,trivial_move,3,2686930
2.858,trivial_move,4,2686930
2.859,flush_begin,0,0
2.877,flush_end,0,2686931
2.894,trivial_move,3,2686932
2.902,trivial_move,4,2686931
2.903,flush_begin,0,0
2.918,flush_end,0,2686931
2.935,trivial_move,3,2686930
2.943,trivial_move,4,2686931
2.944,flush_begin,0,0
2.961,flush_end,0,2686931
2.978,trivial_move,3,2686932
2.986,trivial_move,4,2686931
2.987,flush_begin,0,0
3.004,flush_end,0,2686931
3.021,trivial_move,3,2686930
3.029,trivial_move,4,2686931
3.030,flush_begin,0,0
3.046,flush_end,0,2686931
3.063,trivial_move,3,2686931
3.071,trivial_move,4,2686930
3.072,flush_begin,0,0
3.091,flush_end,0,2686930
3.108,trivial_move,3,2686931
3.116,trivial_move,4,2686933
3.118,flush_begin,0,0
3.134,flush_end,0,2686932
3.151,trivial_move,3,2686932
3.159,trivial_move,4,2686930
3.161,flush_begin,0,0
3.177,flush_end,0,2686930
3.194,trivial_move,3,2686931
3.202,trivial_move,4,2686932
3.203,flush_begin,0,0
3.220,flush_end,0,2686931
3.237,trivial_move,3,2686930
3.245,trivial_move,4,2686930
3.247,flush_begin,0,0
3.263,flush_end,0,2686931
3.280,trivial_move,3,2686930
3.289,trivial_move,4,2686931
3.290,flush_begin,0,0
3.308,flush_end,0,2686930
3.326,trivial_move,3,2686931
3.334,trivial_move,4,2686931
3.336,flush_begin,0,0
3.354,flush_end,0,2686933
3.372,trivial_move,3,2686931
3.380,trivial_move,4,2686930
3.382,flush_begin,0,0
3.402,flush_end,0,2686930
3.419,trivial_move,3,2686931
3.427,trivial_move,4,2686932
3.429,flush_begin,0,0
3.446,flush_end,0,2686932
3.463,trivial_move,3,2686931
3.471,trivial_move,4,2686930
3.473,flush_begin,0,0
3.491,flush_end,0,2686930
3.509,trivial_move,3,2686930
3.517,trivial_move,4,2686931
3.519,flush_begin,0,0
3.538,flush_end,0,2686931
3.556,trivial_move,3,2686932
3.564,trivial_move,4,2686931
3.566,flush_begin,0,0
3.586,flush_end,0,2686931
3.603,trivial_move,3,2686930
3.613,trivial_move,4,2686931
3.613,flush_begin,0,0
3.633,flush_end,0,2686931
3.649,trivial_move,3,2686932
3.656,trivial_move,4,2686931
3.657,flush_begin,0,0
3.675,flush_end,0,2686931
3.700,trivial_move,3,2686930
3.707,trivial_move,4,2686931
3.707,flush_begin,0,0
3.728,flush_end,0,2686930
3.745,trivial_move,3,2686931
3.753,trivial_move,4,2686930
3.754,flush_begin,0,0
3.774,flush_end,0,2686930
3.791,trivial_move,3,2686931
3.799,trivial_move,4,2686932
3.799,flush_begin,0,0
3.818,flush_end,0,2686931
3.835,trivial_move,3,2686930
3.843,trivial_move,4,2686930
3.845,flush_begin,0,0
3.864,flush_end,0,2686931
3.881,trivial_move,3,2686932
3.889,trivial_move,4,2686932
3.890,flush_begin,0,0
3.910,flush_end,0,2686931
3.927,trivial_move,3,2686930
3.935,trivial_move,4,2686930
3.935,flush_begin,0,0
3.956,flush_end,0,2686931
3.973,trivial_move,3,2686931
3.981,trivial_move,4,2686930
3.982,flush_begin,0,0
4.000,flush_end,0,2686930
4.017,trivial_move,3,2686931
4.025,trivial_move,4,2686932
4.027,flush_begin,0,0
4.045,flush_end,0,2686932
4.063,trivial_move,3,2686931
4.071,trivial_move,4,2686930
4.071,flush_begin,0,0
4.091,flush_end,0,2686930
4.108,trivial_move,3,2686931
4.116,trivial_move,4,2686933
4.117,flush_begin,0,0
4.135,flush_end,0,2686932
4.152,trivial_move,3,2686933
4.160,trivial_move,4,2686930
4.160,flush_begin,0,0
4.180,flush_end,0,2686930
4.197,trivial_move,3,2686930
4.205,trivial_move,4,2686931
4.206,flush_begin,0,0
4.226,flush_end,0,2686931
4.242,trivial_move,3,2686932
4.250,trivial_move,4,2686931
4.250,flush_begin,0,0
4.270,flush_end,0,2686931
4.287,trivial_move,3,2686930
4.295,trivial_move,4,2686931
4.296,flush_begin,0,0
4.316,flush_end,0,2686930
4.335,trivial_move,3,2686932
4.343,trivial_move,4,2686931
4.344,flush_begin,0,0
4.364,flush_end,0,2686933
4.382,trivial_move,3,2686930
4.390,trivial_move,4,2686931
4.391,flush_begin,0,0
4.411,flush_end,0,2686930
4.428,trivial_move,3,2686930
4.436,trivial_move,4,2686930
4.437,flush_begin,0,0
4.458,flush_end,0,2686931
4.475,trivial_move,3,2686932
4.483,trivial_move,4,2686932
4.484,flush_begin,0,0
4.502,flush_end,0,2686931
4.519,trivial_move,3,2686930
4.527,trivial_move,4,2686930
4.528,flush_begin,0,0
4.546,flush_end,0,2686931
4.565,trivial_move,3,2686932
4.573,trivial_move,4,2686931
4.573,flush_begin,0,0
4.593,flush_end,0,2686931
4.610,trivial_move,3,2686930
4.618,trivial_move,4,2686931
4.618,flush_begin,0,0
4.637,flush_end,0,2686931
4.654,trivial_move,3,2686931
4.662,trivial_move,4,2686930
4.663,flush_begin,0,0
4.680,flush_end,0,2686930
4.698,trivial_move,3,2686931
4.706,trivial_move,4,2686932
4.706,flush_begin,0,0
4.725,flush_end,0,2686932
4.743,trivial_move,3,2686931
4.751,trivial_move,4,2686930
4.753,flush_begin,0,0
4.770,flush_end,0,2686930
4.789,trivial_move,3,2686931
4.797,trivial_move,4,2686932
4.799,flush_begin,0,0
4.817,flush_end,0,2686932
4.834,trivial_move,3,2686931
4.842,trivial_move,4,2686930
4.843,flush_begin,0,0
4.862,flush_end,0,2686930
4.880,trivial_move,3,2686930
4.888,trivial_move,4,2686931
4.890,flush_begin,0,0
4.910,flush_end,0,2686930
4.927,trivial_move,3,2686932
4.936,trivial_move,4,2686931
4.936,flush_begin,0,0
4.954,flush_end,0,2686932
4.971,trivial_move,3,2686930
4.979,trivial_move,4,2686931
4.981,flush_begin,0,0
5.001,flush_end,0,2686930
5.018,trivial_move,3,2686931
5.027,trivial_move,4,2686931
5.027,flush_begin,0,0
5.045,flush_end,0,2686932
5.063,trivial_move,3,2686931
5.072,trivial_move,4,2686930
5.072,flush_begin,0,0
5.088,flush_end,0,2686930
5.105,trivial_move,3,2686930
5.113,trivial_move,4,2686930
5.113,flush_begin,0,0
5.131,flush_end,0,2686931
5.148,trivial_move,3,2686933
5.156,trivial_move,4,2686931
5.157,flush_begin,0,0
5.173,flush_end,0,2686931
5.190,trivial_move,3,2686930
5.198,trivial_move,4,2686931
5.200,flush_begin,0,0
5.217,flush_end,0,2686931
5.234,trivial_move,3,2686932
5.242,trivial_move,4,2686931
5.244,flush_begin,0,0
5.260,flush_end,0,2686931
5.277,trivial_move,3,2686930
5.285,trivial_move,4,2686931
5.287,flush_begin,0,0
5.305,flush_end,0,2686932
5.322,trivial_move,3,2686931
5.331,trivial_move,4,2686930
5.333,flush_begin,0,0
5.349,flush_end,0,2686930
5.367,trivial_move,3,2686931
5.375,trivial_move,4,2686932
5.378,flush_begin,0,0
5.395,flush_end,0,2686932
5.413,trivial_move,3,2686931
5.421,trivial_move,4,2686930
5.421,flush_begin,0,0
5.438,flush_end,0,2686930
5.456,trivial_move,3,2686931
5.464,trivial_move,4,2686932
5.465,flush_begin,0,0
5.483,flush_end,0,2686931
5.500,trivial_move,3,2686930
5.508,trivial_move,4,2686930
5.511,flush_begin,0,0
5.528,flush_end,0,2686931
5.547,trivial_move,3,2686930
5.555,trivial_move,4,2686931
5.556,flush_begin,0,0
5.568,flush_end,0,2686930
5.584,trivial_move,3,2686931
5.593,trivial_move,4,2686931
5.593,flush_begin,0,0
5.604,flush_end,0,2686932
5.622,trivial_move,3,2686931
5.622,flush_begin,0,0
5.634,flush_end,0,2686930
5.652,trivial_move,3,2686931
5.652,flush_begin,0,0
5.665,flush_end,0,2686932
5.683,trivial_move,3,2686931
5.683,flush_begin,0,0
5.695,flush_end,0,2686930
5.713,trivial_move,3,2686930
5.713,flush_begin,0,0
5.725,flush_end,0,2686931
5.742,trivial_move,3,2686932
5.742,flush_begin,0,0
5.755,flush_end,0,2686931
5.772,trivial_move,3,2686930
5.780,trivial_move,4,2686930
5.780,flush_begin,0,0
5.793,flush_end,0,2686931
5.810,trivial_move,3,2686932
5.818,trivial_move,4,2686932
5.826,trivial_move,4,2686930
5.826,flush_begin,0,0
5.840,flush_end,0,2686931
5.857,trivial_move,3,2686930
5.865,trivial_move,4,2686931
5.865,flush_begin,0,0
5.880,flush_end,0,2686930
5.898,trivial_move,3,2686931
5.905,trivial_move,4,2686931
5.913,trivial_move,4,2686931
5.913,flush_begin,0,0
5.929,flush_end,0,2686930
5.945,trivial_move,3,2686931
5.953,trivial_move,4,2686931
5.961,trivial_move,4,2686931
5.961,flush_begin,0,0
5.978,flush_end,0,2686931
5.996,trivial_move,3,2686930
6.004,trivial_move,4,2686930
6.012,trivial_move,4,2686933
6.020,trivial_move,4,2686930
6.021,flush_begin,0,0
6.039,flush_end,0,2686931
6.056,trivial_move,3,2686933
6.064,trivial_move,4,2686932
6.066,flush_begin,0,0
6.085,flush_end,0,2686931
6.102,trivial_move,3,2686930
6.110,trivial_move,4,2686930
6.110,flush_begin,0,0
6.129,flush_end,0,2686931
6.146,trivial_move,3,2686931
6.154,trivial_move,4,2686930
6.155,flush_begin,0,0
6.174,flush_end,0,2686930
6.190,trivial_move,3,2686931
6.198,trivial_move,4,2686932
6.198,flush_begin,0,0
6.213,flush_end,0,2686933
6.230,trivial_move,3,2686931
6.239,trivial_move,4,2686930
6.239,flush_begin,0,0
6.253,flush_end,0,2686930
6.270,trivial_move,3,2686931
6.279,trivial_move,4,2686932
6.279,flush_begin,0,0
6.294,flush_end,0,2686932
6.311,trivial_move,3,2686931
6.319,trivial_move,4,2686930
6.320,flush_begin,0,0
6.336,flush_end,0,2686930
6.352,trivial_move,3,2686930
6.360,trivial_move,4,2686931
6.363,flush_begin,0,0
6.378,flush_end,0,2686931
6.395,trivial_move,3,2686932
6.403,trivial_move,4,2686931
6.405,flush_begin,0,0
6.422,flush_end,0,2686931
6.439,trivial_move,3,2686930
6.447,trivial_move,4,2686931
6.448,flush_begin,0,0
6.465,flush_end,0,2686930
6.482,trivial_move,3,2686932
6.490,trivial_move,4,2686931
6.492,flush_begin,0,0
6.509,flush_end,0,2686932
6.527,trivial_move,3,2686930
6.535,trivial_move,4,2686931
6.537,flush_begin,0,0
6.554,flush_end,0,2686930
6.571,trivial_move,3,2686930
6.579,trivial_move,4,2686930
6.580,flush_begin,0,0
6.597,flush_end,0,2686931
6.614,trivial_move,3,2686932
6.622,trivial_move,4,2686932
6.624,flush_begin,0,0
6.641,flush_end,0,2686931
6.658,trivial_move,3,2686930
6.666,trivial_move,4,2686930
6.668,flush_begin,0,0
6.685,flush_end,0,2686931
6.702,trivial_move,3,2686932
6.710,trivial_move,4,2686931
6.713,flush_begin,0,0
6.730,flush_end,0,2686931
6.747,trivial_move,3,2686930
6.755,trivial_move,4,2686931
6.757,flush_begin,0,0
6.776,flush_end,0,2686931
6.794,trivial_move,3,2686931
6.802,trivial_move,4,2686930
6.804,flush_begin,0,0
6.825,flush_end,0,2686930
6.843,trivial_move,3,2686931
6.851,trivial_move,4,2686932
6.852,flush_begin,0,0
6.873,flush_end,0,2686932
6.891,trivial_move,3,2686931
6.899,trivial_move,4,2686930
6.900,flush_begin,0,0
6.917,flush_end,0,2686930
6.934,trivial_move,3,2686931
6.942,trivial_move,4,2686933
6.945,flush_begin,0,0
6.962,flush_end,0,2686932
6.979,trivial_move,3,2686932
6.987,trivial_move,4,2686930
6.989,flush_begin,0,0
7.005,flush_end,0,2686930
7.023,trivial_move,3,2686930
7.031,trivial_move,4,2686931
7.032,flush_begin,0,0
7.050,flush_end,0,2686930
7.068,trivial_move,3,2686932
7.077,trivial_move,4,2686931
7.079,flush_begin,0,0
7.097,flush_end,0,2686932
7.114,trivial_move,3,2686930
7.122,trivial_move,4,2686931
7.123,flush_begin,0,0
7.143,flush_end,0,2686930
7.161,trivial_move,3,2686931
7.169,trivial_move,4,2686931
7.170,flush_begin,0,0
7.189,flush_end,0,2686933
7.207,trivial_move,3,2686931
7.215,trivial_move,4,2686930
7.215,flush_begin,0,0
7.235,flush_end,0,2686930
7.254,trivial_move,3,2686930
7.262,trivial_move,4,2686930
7.263,flush_begin,0,0
7.283,flush_end,0,2686931
7.301,trivial_move,3,2686932
7.301,flush_begin,0,0
7.319,flush_end,0,2686931
7.337,trivial_move,3,2686930
7.345,trivial_move,4,2686931
7.353,trivial_move,4,2686931
7.353,flush_begin,0,0
7.371,flush_end,0,2686931
7.389,trivial_move,3,2686932
7.397,trivial_move,4,2686931
7.398,flush_begin,0,0
7.416,flush_end,0,2686931
7.433,trivial_move,3,2686930
7.442,trivial_move,4,2686931
7.443,flush_begin,0,0
7.462,flush_end,0,2686931
7.480,trivial_move,3,2686931
7.488,trivial_move,4,2686930
7.489,flush_begin,0,0
7.510,flush_end,0,2686930
7.527,trivial_move,3,2686931
7.535,trivial_move,4,2686932
7.536,flush_begin,0,0
7.554,flush_end,0,2686932
7.571,trivial_move,3,2686931
7.579,trivial_move,4,2686930
7.580,flush_begin,0,0
7.600,flush_end,0,2686930
7.617,trivial_move,3,2686931
7.625,trivial_move,4,2686932
7.625,flush_begin,0,0
7.644,flush_end,0,2686931
7.661,trivial_move,3,2686930
7.669,trivial_move,4,2686930
7.670,flush_begin,0,0
7.687,flush_end,0,2686931
7.705,trivial_move,3,2686930
7.713,trivial_move,4,2686931
7.713,flush_begin,0,0
7.730,flush_end,0,2686930
7.747,trivial_move,3,2686931
7.755,trivial_move,4,2686931
7.757,flush_begin,0,0
7.774,flush_end,0,2686932
7.791,trivial_move,3,2686931
7.799,trivial_move,4,2686930
7.800,flush_begin,0,0
7.817,flush_end,0,2686930
7.834,trivial_move,3,2686931
7.842,trivial_move,4,2686932
7.844,flush_begin,0,0
7.861,flush_end,0,2686932
7.878,trivial_move,3,2686931
7.886,trivial_move,4,2686930
7.888,flush_begin,0,0
7.905,flush_end,0,2686930
7.922,trivial_move,3,2686930
7.930,trivial_move,4,2686932
7.931,flush_begin,0,0
7.947,flush_end,0,2686931
7.964,trivial_move,3,2686933
7.973,trivial_move,4,2686931
7.973,flush_begin,0,0
7.990,flush_end,0,2686931
8.007,trivial_move,3,2686930
8.015,trivial_move,4,2686931
8.016,flush_begin,0,0
8.032,flush_end,0,2686931
8.049,trivial_move,3,2686932
8.057,trivial_move,4,2686931
8.058,flush_begin,0,0
8.075,flush_end,0,2686931
8.093,trivial_move,3,2686930
8.101,trivial_move,4,2686931
8.101,flush_begin,0,0
8.118,flush_end,0,2686930
8.135,trivial_move,3,2686931
8.143,trivial_move,4,2686930
8.145,flush_begin,0,0
8.162,flush_end,0,2686930
8.179,trivial_move,3,2686931
8.187,trivial_move,4,2686932
8.188,flush_begin,0,0
8.205,flush_end,0,2686931
8.222,trivial_move,3,2686930
8.230,trivial_move,4,2686930
8.231,flush_begin,0,0
8.248,flush_end,0,2686931
8.265,trivial_move,3,2686932
8.273,trivial_move,4,2686932
8.275,flush_begin,0,0
8.293,flush_end,0,2686931
8.310,trivial_move,3,2686930
8.318,trivial_move,4,2686930
8.320,flush_begin,0,0
8.338,flush_end,0,2686931
8.357,trivial_move,3,2686931
8.365,trivial_move,4,2686930
8.366,flush_begin,0,0
8.385,flush_end,0,2686930
8.402,trivial_move,3,2686931
8.410,trivial_move,4,2686932
8.411,flush_begin,0,0
8.429,flush_end,0,2686932
8.447,trivial_move,3,2686931
8.455,trivial_move,4,2686930
8.455,flush_begin,0,0
8.475,flush_end,0,2686930
8.494,trivial_move,3,2686931
8.503,trivial_move,4,2686932
8.503,flush_begin,0,0
8.521,flush_end,0,2686932
8.538,trivial_move,3,2686931
8.546,trivial_move,4,2686930
8.547,flush_begin,0,0
8.566,flush_end,0,2686930
8.583,trivial_move,3,2686930
8.591,trivial_move,4,2686931
8.591,flush_begin,0,0
8.610,flush_end,0,2686931
8.627,trivial_move,3,2686932
8.635,trivial_move,4,2686931
8.636,flush_begin,0,0
8.654,flush_end,0,2686931
8.672,trivial_move,3,2686930
8.680,trivial_move,4,2686931
8.681,flush_begin,0,0
8.700,flush_end,0,2686930
8.717,trivial_move,3,2686932
8.725,trivial_move,4,2686931
8.726,flush_begin,0,0
8.745,flush_end,0,2686932
8.762,trivial_move,3,2686930
8.770,trivial_move,4,2686931
8.771,flush_begin,0,0
8.789,flush_end,0,2686930
8.807,trivial_move,3,2686930
8.815,trivial_move,4,2686930
8.816,flush_begin,0,0
8.836,flush_end,0,2686931
8.853,trivial_move,3,2686932
8.861,trivial_move,4,2686933
8.862,flush_begin,0,0
8.880,flush_end,0,2686931
8.897,trivial_move,3,2686930
8.905,trivial_move,4,2686930
8.906,flush_begin,0,0
8.924,flush_end,0,2686931
8.941,trivial_move,3,2686933
8.949,trivial_move,4,2686931
8.951,flush_begin,0,0
8.971,flush_end,0,2686931
8.988,trivial_move,3,2686930
8.996,trivial_move,4,2686931
8.997,flush_begin,0,0
9.018,flush_end,0,2686931
9.035,trivial_move,3,2686931
9.044,trivial_move,4,2686930
9.044,flush_begin,0,0
9.061,flush_end,0,2686930
9.078,trivial_move,3,2686931
9.086,trivial_move,4,2686932
9.087,flush_begin,0,0
9.105,flush_end,0,2686933
9.122,trivial_move,3,2686931
9.130,trivial_move,4,2686930
9.131,flush_begin,0,0
9.148,flush_end,0,2686930
9.165,trivial_move,3,2686931
9.173,trivial_move,4,2686932
9.175,flush_begin,0,0
9.191,flush_end,0,2686932
9.209,trivial_move,3,2686931
9.218,trivial_move,4,2686930
9.218,flush_begin,0,0
9.235,flush_end,0,2686930
9.253,trivial_move,3,2686930
9.261,trivial_move,4,2686931
9.262,flush_begin,0,0
9.282,flush_end,0,2686930
9.300,trivial_move,3,2686932
9.308,trivial_move,4,2686931
9.308,flush_begin,0,0
9.326,flush_end,0,2686932
9.343,trivial_move,3,2686930
9.351,trivial_move,4,2686931
9.353,flush_begin,0,0
9.372,flush_end,0,2686930
9.389,trivial_move,3,2686931
9.397,trivial_move,4,2686931
9.398,flush_begin,0,0
9.418,flush_end,0,2686932
9.436,trivial_move,3,2686931
9.444,trivial_move,4,2686930
9.444,flush_begin,0,0
9.463,flush_end,0,2686930
9.480,trivial_move,3,2686930
9.488,trivial_move,4,2686930
9.490,flush_begin,0,0
9.510,flush_end,0,2686931
9.527,trivial_move,3,2686932
9.535,trivial_move,4,2686931
9.535,flush_begin,0,0
9.553,flush_end,0,2686931
9.571,trivial_move,3,2686930
9.579,trivial_move,4,2686931
9.581,flush_begin,0,0
9.598,flush_end,0,2686931
9.615,trivial_move,3,2686932
9.623,trivial_move,4,2686931
9.624,flush_begin,0,0
9.641,flush_end,0,2686931
9.658,trivial_move,3,2686930
9.666,trivial_move,4,2686931
9.669,flush_begin,0,0
9.688,flush_end,0,2686931
9.705,trivial_move,3,2686931
9.713,trivial_move,4,2686930
9.714,flush_begin,0,0
9.733,flush_end,0,2686930
9.751,trivial_move,3,2686931
9.760,trivial_move,4,2686932
9.761,flush_begin,0,0
9.779,flush_end,0,2686932
9.796,trivial_move,3,2686931
9.803,trivial_move,4,2686930
9.803,flush_begin,0,0
9.828,flush_end,0,2686930
9.844,trivial_move,3,2686931
9.852,trivial_move,4,2686933
9.853,flush_begin,0,0
9.870,flush_end,0,2686931
9.887,trivial_move,3,2686930
9.895,trivial_move,4,2686930
9.896,flush_begin,0,0
9.915,flush_end,0,2686931
9.932,trivial_move,3,2686930
9.940,trivial_move,4,2686931
9.941,flush_begin,0,0
9.958,flush_end,0,2686930
9.975,trivial_move,3,2686931
9.983,trivial_move,4,2686931
9.984,flush_begin,0,0
10.004,flush_end,0,2686932
10.021,trivial_move,3,2686931
10.029,trivial_move,4,2686930
10.029,flush_begin,0,0
10.048,flush_end,0,2686930
10.065,trivial_move,3,2686931
10.073,trivial_move,4,2686932
10.074,flush_begin,0,0
10.094,flush_end,0,2686933
10.111,trivial_move,3,2686931
10.119,trivial_move,4,2686930
10.120,flush_begin,0,0
10.139,flush_end,0,2686930
10.156,trivial_move,3,2686930
10.164,trivial_move,4,2686931
10.164,flush_begin,0,0
10.181,flush_end,0,2686931
10.198,trivial_move,3,2686932
10.206,trivial_move,4,2686931
10.206,flush_begin,0,0
10.223,flush_end,0,2686931
10.240,trivial_move,3,2686930
10.248,trivial_move,4,2686931
10.249,flush_begin,0,0
10.266,flush_end,0,2686931
10.283,trivial_move,3,2686932
10.291,trivial_move,4,2686931
10.293,flush_begin,0,0
10.310,flush_end,0,2686931
10.328,trivial_move,3,2686930
10.336,trivial_move,4,2686931
10.338,flush_begin,0,0
10.355,flush_end,0,2686930
10.373,trivial_move,3,2686931
10.381,trivial_move,4,2686930
10.382,flush_begin,0,0
10.400,flush_end,0,2686930
10.418,trivial_move,3,2686931
10.426,trivial_move,4,2686932
10.427,flush_begin,0,0
10.445,flush_end,0,2686931
10.462,trivial_move,3,2686930
10.470,trivial_move,4,2686930
10.472,flush_begin,0,0
10.489,flush_end,0,2686931
10.507,trivial_move,3,2686932
10.515,trivial_move,4,2686932
10.517,flush_begin,0,0
10.534,flush_end,0,2686931
10.551,trivial_move,3,2686930
10.560,trivial_move,4,2686930
10.562,flush_begin,0,0
10.578,flush_end,0,2686931
10.595,trivial_move,3,2686931
10.603,trivial_move,4,2686930
10.605,flush_begin,0,0
10.622,flush_end,0,2686930
10.639,trivial_move,3,2686931
10.647,trivial_move,4,2686932
10.649,flush_begin,0,0
10.666,flush_end,0,2686932
10.683,trivial_move,3,2686931
10.691,trivial_move,4,2686930
10.693,flush_begin,0,0
10.711,flush_end,0,2686930
10.728,trivial_move,3,2686931
10.736,trivial_move,4,2686932
10.737,flush_begin,0,0
10.753,flush_end,0,2686932
10.770,trivial_move,3,2686931
10.778,trivial_move,4,2686930
10.779,flush_begin,0,0
10.795,flush_end,0,2686930
10.813,trivial_move,3,2686930
10.821,trivial_move,4,2686932
10.822,flush_begin,0,0
10.840,flush_end,0,2686931
10.858,trivial_move,3,2686933
10.866,trivial_move,4,2686931
10.869,flush_begin,0,0
10.885,flush_end,0,2686931
10.902,trivial_move,3,2686930
10.910,trivial_move,4,2686931
10.912,flush_begin,0,0
10.928,flush_end,0,2686930
10.945,trivial_move,3,2686932
10.953,trivial_move,4,2686931
10.955,flush_begin,0,0
10.972,flush_end,0,2686932
10.989,trivial_move,3,2686930
10.997,trivial_move,4,2686931
10.998,flush_begin,0,0
11.016,flush_end,0,2686930
11.033,trivial_move,3,2686930
11.041,trivial_move,4,2686930
11.043,flush_begin,0,0
11.059,flush_end,0,2686932
11.076,trivial_move,3,2686932
11.084,trivial_move,4,2686932
11.085,flush_begin,0,0
11.102,flush_end,0,2686931
11.120,trivial_move,3,2686930
11.128,trivial_move,4,2686930
11.130,flush_begin,0,0
11.147,flush_end,0,2686931
11.164,trivial_move,3,2686932
11.172,trivial_move,4,2686931
11.174,flush_begin,0,0
11.191,flush_end,0,2686931
11.209,trivial_move,3,2686930
11.217,trivial_move,4,2686931
11.219,flush_begin,0,0
11.235,flush_end,0,2686931
11.253,trivial_move,3,2686931
11.261,trivial_move,4,2686930
11.263,flush_begin,0,0
11.280,flush_end,0,2686930
11.297,trivial_move,3,2686931
11.305,trivial_move,4,2686932
11.306,flush_begin,0,0
11.325,flush_end,0,2686932
11.342,trivial_move,3,2686931
11.350,trivial_move,4,2686930
11.352,flush_begin,0,0
11.368,flush_end,0,2686930
11.385,trivial_move,3,2686931
11.393,trivial_move,4,2686932
11.395,flush_begin,0,0
11.411,flush_end,0,2686932
11.428,trivial_move,3,2686931
11.436,trivial_move,4,2686930
11.437,flush_begin,0,0
11.453,flush_end,0,2686930
11.471,trivial_move,3,2686930
11.479,trivial_move,4,2686931
11.480,flush_begin,0,0
11.496,flush_end,0,2686930
11.514,trivial_move,3,2686932
11.522,trivial_move,4,2686931
11.524,flush_begin,0,0
11.540,flush_end,0,2686932
11.557,trivial_move,3,2686930
11.565,trivial_move,4,2686931
11.566,flush_begin,0,0
11.584,flush_end,0,2686930
11.601,trivial_move,3,2686931
11.609,trivial_move,4,2686931
11.611,flush_begin,0,0
11.629,flush_end,0,2686932
11.647,trivial_move,3,2686931
11.655,trivial_move,4,2686930
11.656,flush_begin,0,0
11.673,flush_end,0,2686930
11.690,trivial_move,3,2686930
11.698,trivial_move,4,2686930
11.699,flush_begin,0,0
11.717,flush_end,0,2686931
11.735,trivial_move,3,2686932
11.743,trivial_move,4,2686931
11.745,flush_begin,0,0
11.762,flush_end,0,2686931
11.780,trivial_move,3,2686930
11.788,trivial_move,4,2686933
11.790,flush_begin,0,0
11.807,flush_end,0,2686931
11.824,trivial_move,3,2686933
11.832,trivial_move,4,2686931
11.835,flush_begin,0,0
11.852,flush_end,0,2686931
11.871,trivial_move,3,2686930
11.879,trivial_move,4,2686931
11.881,flush_begin,0,0
11.899,flush_end,0,2686931
11.917,trivial_move,3,2686931
11.925,trivial_move,4,2686930
11.926,flush_begin,0,0
11.943,flush_end,0,2686930
11.960,trivial_move,3,2686931
11.968,trivial_move,4,2686932
11.969,flush_begin,0,0
11.986,flush_end,0,2570063
12.004,trivial_move,3,2686931
12.012,trivial_move,4,2686930
12.012,compaction_begin,2,0
12.052,compaction_end,2,5374078
12.072,trivial_move,4,2686932
12.072,compaction_begin,2,0
12.110,compaction_end,2,5374077
12.129,trivial_move,4,2686930
12.129,compaction_begin,2,0
12.168,compaction_end,2,5374079
12.186,trivial_move,4,2686931
12.186,compaction_begin,2,0
12.223,compaction_end,2,5374079
12.242,trivial_move,4,2686931
12.242,compaction_begin,2,0
12.277,compaction_end,2,5374079
12.296,trivial_move,4,2686930
12.296,compaction_begin,2,0
12.327,compaction_end,2,5374079
12.344,trivial_move,4,2686932
12.344,compaction_begin,2,0
12.374,compaction_end,2,5374078
12.391,trivial_move,4,2686930
12.391,compaction_begin,2,0
12.422,compaction_end,2,5374079
12.439,trivial_move,4,2686931
12.439,compaction_begin,2,0
12.469,compaction_end,2,5374080
12.486,trivial_move,4,2686931
12.486,compaction_begin,2,0
12.517,compaction_end,2,5374079
12.535,trivial_move,4,2686931
12.535,compaction_begin,2,0
12.568,compaction_end,2,5374079
12.586,trivial_move,4,2686931
12.586,compaction_begin,2,0
12.615,compaction_end,2,5374078
12.633,trivial_move,4,2686931
12.633,compaction_begin,2,0
12.661,compaction_end,2,5374079
12.678,trivial_move,4,2686930
12.678,compaction_begin,2,0
12.706,compaction_end,2,5374078
12.723,trivial_move,4,2686932
12.723,compaction_begin,2,0
12.754,compaction_end,2,5374079
12.772,trivial_move,4,2686930
12.772,compaction_begin,2,0
12.803,compaction_end,2,5374079
12.820,trivial_move,4,2686933
12.820,compaction_begin,2,0
12.850,compaction_end,2,5374078
12.867,trivial_move,4,2686930
12.867,compaction_begin,2,0
12.897,compaction_end,2,5374079
12.914,trivial_move,4,2686930
12.914,compaction_begin,2,0
12.944,compaction_end,2,5374079
12.962,trivial_move,4,2686932
12.962,compaction_begin,2,0
12.977,compaction_end,2,2570063
12.993,trivial_move,4,2686930
13.001,trivial_move,4,2686932
13.001,compaction_begin,3,0
13.032,compaction_end,3,5374079
13.049,trivial_move,4,2686931
13.049,compaction_begin,3,0
13.079,compaction_end,3,5374079
13.096,trivial_move,4,2686931
13.096,compaction_begin,3,0
13.127,compaction_end,3,5374077
13.145,trivial_move,4,2686930
13.145,compaction_begin,3,0
13.177,compaction_end,3,5374079
13.195,trivial_move,4,2686930
13.195,compaction_begin,3,0
13.226,compaction_end,3,5374079
13.243,trivial_move,4,2686932
13.243,compaction_begin,3,0
13.274,compaction_end,3,5374080
13.292,trivial_move,4,2686931
13.292,compaction_begin,3,0
13.324,compaction_end,3,5374079
13.333,compaction_begin,3,0
13.363,compaction_end,3,5374079
13.373,compaction_begin,3,0
13.404,compaction_end,3,5374079
13.414,compaction_begin,3,0
13.442,compaction_end,3,5374079
13.451,compaction_begin,3,0
13.479,compaction_end,3,5374078
13.488,compaction_begin,3,0
13.516,compaction_end,3,5374079
13.525,compaction_begin,3,0
13.551,compaction_end,3,5374079
13.561,compaction_begin,3,0
13.587,compaction_end,3,5374078
13.596,compaction_begin,3,0
13.624,compaction_end,3,5374079
13.634,compaction_begin,3,0
13.659,compaction_end,3,5374078
13.668,compaction_begin,3,0
13.697,compaction_end,3,5374080
13.706,compaction_begin,3,0
13.731,compaction_end,3,5374079
13.740,compaction_begin,3,0
13.766,compaction_end,3,5374079
13.775,compaction_begin,3,0
13.799,compaction_end,3,5374079
13.808,compaction_begin,3,0
13.832,compaction_end,3,5374078
13.841,compaction_begin,3,0
13.867,compaction_end,3,5374079
13.876,compaction_begin,3,0
13.901,compaction_end,3,5374079
13.910,compaction_begin,3,0
13.934,compaction_end,3,5374079
13.943,compaction_begin,3,0
13.972,compaction_end,3,5374079
13.981,compaction_begin,3,0
14.007,compaction_end,3,5374077
14.016,compaction_begin,3,0
14.041,compaction_end,3,5374078
14.050,compaction_begin,3,0
14.074,compaction_end,3,5374080
14.083,compaction_begin,3,0
14.108,compaction_end,3,5374079
14.116,compaction_begin,3,0
14.142,compaction_end,3,5374079
14.151,compaction_begin,3,0
14.173,compaction_end,3,5374078
14.182,compaction_begin,3,0
14.206,compaction_end,3,5374079
14.215,compaction_begin,3,0
14.241,compaction_end,3,5374079
14.250,compaction_begin,3,0
14.275,compaction_end,3,5374079
14.284,compaction_begin,3,0
14.310,compaction_end,3,5374079
14.319,compaction_begin,3,0
14.345,compaction_end,3,5374078
14.354,compaction_begin,3,0
14.379,compaction_end,3,5374079
14.389,compaction_begin,3,0
14.414,compaction_end,3,5374080
14.423,compaction_begin,3,0
14.445,compaction_end,3,5374078
14.454,compaction_begin,3,0
14.478,compaction_end,3,5374079
14.487,compaction_begin,3,0
14.511,compaction_end,3,5374078
14.520,compaction_begin,3,0
14.546,compaction_end,3,5374079
14.555,compaction_begin,3,0
14.581,compaction_end,3,5374079
14.589,compaction_begin,3,0
14.613,compaction_end,3,5374079
14.622,compaction_begin,3,0
14.647,compaction_end,3,5374079
14.656,compaction_begin,3,0
14.681,compaction_end,3,5374078
14.690,compaction_begin,3,0
14.714,compaction_end,3,5374079
14.724,compaction_begin,3,0
14.750,compaction_end,3,5374079
14.759,compaction_begin,3,0
14.783,compaction_end,3,5374080
14.793,compaction_begin,3,0
14.818,compaction_end,3,5374079
14.827,compaction_begin,3,0
14.851,compaction_end,3,5374077
14.860,compaction_begin,3,0
14.885,compaction_end,3,5374078
14.894,compaction_begin,3,0
14.918,compaction_end,3,5374079
14.927,compaction_begin,3,0
14.951,compaction_end,3,5374079
14.960,compaction_begin,3,0
14.985,compaction_end,3,5374079
14.995,compaction_begin,3,0
15.021,compaction_end,3,5374078
15.029,compaction_begin,3,0
15.054,compaction_end,3,5374079
15.063,compaction_begin,3,0
15.087,compaction_end,3,5374079
15.096,compaction_begin,3,0
15.121,compaction_end,3,5374079
15.130,compaction_begin,3,0
15.153,compaction_end,3,5374080
15.162,compaction_begin,3,0
15.187,compaction_end,3,5374078
15.195,compaction_begin,3,0
15.222,compaction_end,3,5374079
15.231,compaction_begin,3,0
15.255,compaction_end,3,5374079
15.264,compaction_begin,3,0
15.289,compaction_end,3,5374078
15.298,compaction_begin,3,0
15.324,compaction_end,3,5374079
15.333,compaction_begin,3,0
15.358,compaction_end,3,5374078
15.367,compaction_begin,3,0
15.391,compaction_end,3,5374079
15.400,compaction_begin,3,0
15.424,compaction_end,3,5374079
15.433,compaction_begin,3,0
15.458,compaction_end,3,5374079
15.467,compaction_begin,3,0
15.491,compaction_end,3,5374079
15.500,compaction_begin,3,0
15.525,compaction_end,3,5374079
15.534,compaction_begin,3,0
15.558,compaction_end,3,5374079
15.567,compaction_begin,3,0
15.591,compaction_end,3,5374079
15.599,compaction_begin,3,0
15.625,compaction_end,3,5374079
15.633,compaction_begin,3,0
15.658,compaction_end,3,5374079
15.667,compaction_begin,3,0
15.693,compaction_end,3,5374077
15.702,compaction_begin,3,0
15.727,compaction_end,3,5374078
15.736,compaction_begin,3,0
15.760,compaction_end,3,5374079
15.770,compaction_begin,3,0
15.794,compaction_end,3,5374079
15.803,compaction_begin,3,0
15.828,compaction_end,3,5374079
15.837,compaction_begin,3,0
15.861,compaction_end,3,5374078
15.870,compaction_begin,3,0
15.894,compaction_end,3,5374080
15.903,compaction_begin,3,0
15.929,compaction_end,3,5374079
15.938,compaction_begin,3,0
15.962,compaction_end,3,5374079
15.971,compaction_begin,3,0
15.996,compaction_end,3,5374079
16.005,compaction_begin,3,0
16.031,compaction_end,3,5374078
16.040,compaction_begin,3,0
16.064,compaction_end,3,5374079
16.073,compaction_begin,3,0
16.099,compaction_end,3,5374079
16.109,compaction_begin,3,0
16.135,compaction_end,3,5374078
16.145,compaction_begin,3,0
16.171,compaction_end,3,5374079
16.180,compaction_begin,3,0
16.204,compaction_end,3,5374078
16.214,compaction_begin,3,0
16.239,compaction_end,3,5374079
16.249,compaction_begin,3,0
16.278,compaction_end,3,5374081
16.287,compaction_begin,3,0
16.311,compaction_end,3,5374079
16.320,compaction_begin,3,0
16.345,compaction_end,3,5374079
16.355,compaction_begin,3,0
16.381,compaction_end,3,5374078
16.390,compaction_begin,3,0
16.413,compaction_end,3,5374079
16.423,compaction_begin,3,0
16.447,compaction_end,3,5374079
16.457,compaction_begin,3,0
16.482,compaction_end,3,5374079
16.491,compaction_begin,3,0
16.517,compaction_end,3,5374079
16.527,compaction_begin,3,0
16.553,compaction_end,3,5374077
16.562,compaction_begin,3,0
16.586,compaction_end,3,5374078
16.595,compaction_begin,3,0
16.619,compaction_end,3,5374079
16.628,compaction_begin,3,0
16.654,compaction_end,3,5374080
16.663,compaction_begin,3,0
16.690,compaction_end,3,5374079
16.699,compaction_begin,3,0
16.751,compaction_end,3,5374078
16.761,compaction_begin,3,0
16.787,compaction_end,3,5374079
16.797,compaction_begin,3,0
16.822,compaction_end,3,5374079
16.831,compaction_begin,3,0
16.856,compaction_end,3,5374079
16.866,compaction_begin,3,0
16.891,compaction_end,3,5374079
16.902,compaction_begin,3,0
16.927,compaction_end,3,5374078
16.938,compaction_begin,3,0
16.962,compaction_end,3,5374079
16.971,compaction_begin,3,0
16.996,compaction_end,3,5374079
17.006,compaction_begin,3,0
17.030,compaction_end,3,5374078
17.039,compaction_begin,3,0
17.063,compaction_end,3,5374080
17.074,compaction_begin,3,0
17.098,compaction_end,3,5374078
17.108,compaction_begin,3,0
17.132,compaction_end,3,5374079
17.143,compaction_begin,3,0
17.167,compaction_end,3,5374079
17.177,compaction_begin,3,0
17.200,compaction_end,3,5374079
17.210,compaction_begin,3,0
17.234,compaction_end,3,5374079
17.244,compaction_begin,3,0
17.268,compaction_end,3,5374078
17.279,compaction_begin,3,0
17.303,compaction_end,3,5374079
17.311,compaction_begin,3,0
17.344,compaction_end,3,5374079
17.353,compaction_begin,3,0
17.378,compaction_end,3,5374079
17.388,compaction_begin,3,0
17.412,compaction_end,3,5374080
17.420,compaction_begin,3,0
17.444,compaction_end,3,5374077
17.454,compaction_begin,3,0
17.477,compaction_end,3,5374078
17.487,compaction_begin,3,0
17.512,compaction_end,3,5374079
17.522,compaction_begin,3,0
17.545,compaction_end,3,5374079
17.554,compaction_begin,3,0
17.578,compaction_end,3,5374079
17.587,compaction_begin,3,0
17.610,compaction_end,3,5374078
17.619,compaction_begin,3,0
17.644,compaction_end,3,5374079
17.653,compaction_begin,3,0
17.678,compaction_end,3,5374079
17.688,compaction_begin,3,0
17.712,compaction_end,3,5374079
17.720,compaction_begin,3,0
17.744,compaction_end,3,5374079
17.752,compaction_begin,3,0
17.777,compaction_end,3,5374079
17.787,compaction_begin,3,0
17.810,compaction_end,3,5374079
17.820,compaction_begin,3,0
17.844,compaction_end,3,5374079
17.854,compaction_begin,3,0
17.878,compaction_end,3,5374078
17.887,compaction_begin,3,0
17.912,compaction_end,3,5374079
17.921,compaction_begin,3,0
17.946,compaction_end,3,5374078
17.955,compaction_begin,3,0
17.978,compaction_end,3,5374079
17.988,compaction_begin,3,0
18.012,compaction_end,3,5374079
18.021,compaction_begin,3,0
18.045,compaction_end,3,5374079
18.055,compaction_begin,3,0
18.078,compaction_end,3,5374079
18.088,compaction_begin,3,0
18.112,compaction_end,3,5374078
18.122,compaction_begin,3,0
18.145,compaction_end,3,5374080
18.154,compaction_begin,3,0
18.178,compaction_end,3,5374079
18.187,compaction_begin,3,0
18.210,compaction_end,3,5374079
18.220,compaction_begin,3,0
18.243,compaction_end,3,5374079
18.252,compaction_begin,3,0
18.275,compaction_end,3,5374077
18.285,compaction_begin,3,0
18.309,compaction_end,3,5374078
18.318,compaction_begin,3,0
18.342,compaction_end,3,5374079
18.352,compaction_begin,3,0
18.375,compaction_end,3,5374079
18.384,compaction_begin,3,0
18.409,compaction_end,3,5374079
18.419,compaction_begin,3,0
18.442,compaction_end,3,5374078
18.452,compaction_begin,3,0
18.476,compaction_end,3,5374079
18.485,compaction_begin,3,0
18.509,compaction_end,3,5374080
18.519,compaction_begin,3,0
18.543,compaction_end,3,5374079
18.553,compaction_begin,3,0
18.577,compaction_end,3,5374079
18.586,compaction_begin,3,0
18.611,compaction_end,3,5374078
18.621,compaction_begin,3,0
18.645,compaction_end,3,5374079
18.655,compaction_begin,3,0
18.679,compaction_end,3,5374079
18.689,compaction_begin,3,0
18.712,compaction_end,3,5374078
18.722,compaction_begin,3,0
18.746,compaction_end,3,5374079
18.756,compaction_begin,3,0
18.780,compaction_end,3,5374078
18.791,compaction_begin,3,0
18.814,compaction_end,3,5374079
18.824,compaction_begin,3,0
18.848,compaction_end,3,5374079
18.858,compaction_begin,3,0
18.882,compaction_end,3,5374080
18.892,compaction_begin,3,0
18.915,compaction_end,3,5374079
18.925,compaction_begin,3,0
18.949,compaction_end,3,5374078
18.959,compaction_begin,3,0
18.983,compaction_end,3,5374079
18.993,compaction_begin,3,0
19.017,compaction_end,3,5374079
19.027,compaction_begin,3,0
19.051,compaction_end,3,5374079
19.061,compaction_begin,3,0
19.085,compaction_end,3,5374079
19.095,compaction_begin,3,0
19.118,compaction_end,3,5374077
19.127,compaction_begin,3,0
19.150,compaction_end,3,5374078
19.161,compaction_begin,3,0
19.185,compaction_end,3,5374079
19.196,compaction_begin,3,0
19.220,compaction_end,3,5374079
19.231,compaction_begin,3,0
19.255,compaction_end,3,5374080
19.264,compaction_begin,3,0
19.289,compaction_end,3,5374078
19.299,compaction_begin,3,0
19.327,compaction_end,3,7023641
19.336,compaction_begin,3,0
19.359,compaction_end,3,5374083
19.369,compaction_begin,3,0
19.394,compaction_end,3,5374083
19.404,compaction_begin,3,0
19.428,compaction_end,3,5374083
19.438,compaction_begin,3,0
19.461,compaction_end,3,5374084
19.470,compaction_begin,3,0
19.493,compaction_end,3,5374083
19.504,compaction_begin,3,0
19.528,compaction_end,3,5374082
19.537,compaction_begin,3,0
19.561,compaction_end,3,5374083
19.571,compaction_begin,3,0
19.595,compaction_end,3,5374084
19.605,compaction_begin,3,0
19.629,compaction_end,3,5374084
19.640,compaction_begin,3,0
19.664,compaction_end,3,5374083
19.674,compaction_begin,3,0
19.696,compaction_end,3,5374082
19.705,compaction_begin,3,0
19.730,compaction_end,3,5374083
19.740,compaction_begin,3,0
19.764,compaction_end,3,5374083
19.775,compaction_begin,3,0
19.799,compaction_end,3,5374084
19.809,compaction_begin,3,0
19.832,compaction_end,3,5374082
19.840,compaction_begin,3,0
19.863,compaction_end,3,5374083
19.873,compaction_begin,3,0
19.896,compaction_end,3,5374083
19.906,compaction_begin,3,0
19.929,compaction_end,3,5374083
19.938,compaction_begin,3,0
19.951,compaction_end,3,3607587
25.372,flush_begin,0,0
25.406,flush_end,0,2744532
25.417,compaction_begin,2,0
25.762,compaction_end,2,2678634
25.776,compaction_begin,3,0
25.988,compaction_end,3,42992648
26.000,compaction_begin,3,0
26.163,compaction_end,3,42992650
26.174,compaction_begin,3,0
26.340,compaction_end,3,42992650
26.351,compaction_begin,3,0
26.519,compaction_end,3,42992649
26.530,compaction_begin,3,0
26.698,compaction_end,3,42992653
26.709,compaction_begin,3,0
26.875,compaction_end,3,42992654
26.886,compaction_begin,3,0
27.055,compaction_end,3,42992654
27.065,compaction_begin,3,0
27.236,compaction_end,3,42992652
27.246,compaction_begin,3,0
27.415,compaction_end,3,42992648
27.425,compaction_begin,3,0
27.596,compaction_end,3,42992652
27.607,compaction_begin,3,0
27.776,compaction_end,3,42992648
27.786,compaction_begin,3,0
27.952,compaction_end,3,42992652
27.961,compaction_begin,3,0
28.134,compaction_end,3,42992648
28.144,compaction_begin,3,0
28.251,compaction_end,3,26141394
28.261,compaction_begin,3,0
28.434,compaction_end,3,42992652
28.442,compaction_begin,3,0
28.612,compaction_end,3,42992649
28.622,compaction_begin,3,0
28.788,compaction_end,3,41955150
28.800,compaction_begin,3,0
28.969,compaction_end,3,42992653
28.980,compaction_begin,3,0
29.148,compaction_end,3,41955151
29.159,compaction_begin,3,0
29.326,compaction_end,3,42992654
29.334,compaction_begin,3,0
29.503,compaction_end,3,42992649
29.515,compaction_begin,3,0
29.684,compaction_end,3,42992649
29.694,compaction_begin,3,0
29.873,compaction_end,3,44642301
29.883,compaction_begin,3,0
30.053,compaction_end,3,42992648
30.063,compaction_begin,3,0
30.234,compaction_end,3,42992650
30.244,compaction_begin,3,0
30.410,compaction_end,3,42992654
30.418,compaction_begin,3,0
30.594,compaction_end,3,42992649
30.604,compaction_begin,3,0
30.772,compaction_end,3,42992649
30.782,compaction_begin,3,0
30.843,flush_begin,0,0
30.854,flush_end,0,2744288
30.971,compaction_end,3,42992653
30.981,compaction_begin,2,0
31.272,compaction_end,2,2851241
31.289,compaction_begin,3,0
31.496,compaction_end,3,42992652
31.508,compaction_begin,3,0
31.670,compaction_end,3,42992651
31.681,compaction_begin,3,0
31.846,compaction_end,3,42992653
31.856,compaction_begin,3,0
32.023,compaction_end,3,42992652
32.034,compaction_begin,3,0
32.201,compaction_end,3,42992647
32.211,compaction_begin,3,0
32.381,compaction_end,3,42992653
32.391,compaction_begin,3,0
32.569,compaction_end,3,45679536
32.580,compaction_begin,3,0
32.752,compaction_end,3,43230499
32.762,compaction_begin,3,0
32.933,compaction_end,3,42992648
32.940,compaction_begin,3,0
33.110,compaction_end,3,42992652
33.122,compaction_begin,3,0
33.290,compaction_end,3,42992648
33.300,compaction_begin,3,0
33.470,compaction_end,3,42992654
33.480,compaction_begin,3,0
33.648,compaction_end,3,42992649
33.656,compaction_begin,3,0
33.821,compaction_end,3,42992649
33.832,compaction_begin,3,0
34.000,compaction_end,3,42992652
34.010,compaction_begin,3,0
34.178,compaction_end,3,42992649
34.188,compaction_begin,3,0
34.359,compaction_end,3,42992649
34.369,compaction_begin,3,0
34.537,compaction_end,3,42992650
34.547,compaction_begin,3,0
34.715,compaction_end,3,42754754
34.725,compaction_begin,3,0
34.903,compaction_end,3,44404453
34.913,compaction_begin,3,0
35.086,compaction_end,3,42992650
35.096,compaction_begin,3,0
35.267,compaction_end,3,42992650
35.275,compaction_begin,3,0
35.441,compaction_end,3,42992653
35.453,compaction_begin,3,0
35.634,compaction_end,3,45917432
35.645,compaction_begin,3,0
35.812,compaction_end,3,42992653
35.822,compaction_begin,3,0
35.992,compaction_end,3,43367081
36.002,compaction_begin,3,0
36.170,compaction_end,3,42618170
36.180,compaction_begin,3,0
36.292,flush_begin,0,0
36.303,flush_end,0,2744627
36.370,compaction_end,3,42992649
36.380,compaction_begin,2,0
36.668,compaction_end,2,2959961
36.685,compaction_begin,3,0
36.893,compaction_end,3,42992652
36.904,compaction_begin,3,0
37.068,compaction_end,3,42992651
37.079,compaction_begin,3,0
37.244,compaction_end,3,42992654
37.255,compaction_begin,3,0
37.421,compaction_end,3,42992652
37.432,compaction_begin,3,0
37.601,compaction_end,3,43367081
37.611,compaction_begin,3,0
37.780,compaction_end,3,42992653
37.790,compaction_begin,3,0
37.968,compaction_end,3,43367081
37.978,compaction_begin,3,0
38.148,compaction_end,3,42992647
38.158,compaction_begin,3,0
38.327,compaction_end,3,42992652
38.337,compaction_begin,3,0
38.508,compaction_end,3,42992647
38.518,compaction_begin,3,0
38.689,compaction_end,3,42992648
38.699,compaction_begin,3,0
38.869,compaction_end,3,42992650
38.879,compaction_begin,3,0
39.050,compaction_end,3,42992648
39.060,compaction_begin,3,0
39.229,compaction_end,3,42992649
39.239,compaction_begin,3,0
39.409,compaction_end,3,42992649
39.419,compaction_begin,3,0
39.590,compaction_end,3,43230499
39.600,compaction_begin,3,0
39.769,compaction_end,3,42754754
39.779,compaction_begin,3,0
39.949,compaction_end,3,42992649
39.959,compaction_begin,3,0
40.128,compaction_end,3,42992651
40.138,compaction_begin,3,0
40.304,compaction_end,3,42992652
40.315,compaction_begin,3,0
40.485,compaction_end,3,43367079
40.495,compaction_begin,3,0
40.667,compaction_end,3,44404454
40.677,compaction_begin,3,0
40.854,compaction_end,3,45305111
40.864,compaction_begin,3,0
41.045,compaction_end,3,45542957
41.055,compaction_begin,3,0
41.236,compaction_end,3,46054015
41.247,compaction_begin,3,0
41.417,compaction_end,3,42618171
41.427,compaction_begin,3,0
41.598,compaction_end,3,43367080
41.607,compaction_begin,3,0
41.711,flush_begin,0,0
41.722,flush_end,0,2744536
41.795,compaction_end,3,42992650
41.805,compaction_begin,2,0
42.090,compaction_end,2,3066110
42.105,compaction_begin,3,0
42.310,compaction_end,3,42992652
42.322,compaction_begin,3,0
42.483,compaction_end,3,42992651
42.494,compaction_begin,3,0
42.657,compaction_end,3,42992652
42.665,compaction_begin,3,0
42.830,compaction_end,3,42992653
42.843,compaction_begin,3,0
43.016,compaction_end,3,44267906
43.026,compaction_begin,3,0
43.195,compaction_end,3,42992654
43.205,compaction_begin,3,0
43.384,compaction_end,3,46054015
43.393,compaction_begin,3,0
43.562,compaction_end,3,42992652
43.573,compaction_begin,3,0
43.745,compaction_end,3,42992652
43.755,compaction_begin,3,0
43.922,compaction_end,3,43367081
43.932,compaction_begin,3,0
44.102,compaction_end,3,42992648
44.112,compaction_begin,3,0
44.279,compaction_end,3,42992650
44.290,compaction_begin,3,0
44.472,compaction_end,3,45917432
44.482,compaction_begin,3,0
44.648,compaction_end,3,43367079
44.658,compaction_begin,3,0
44.825,compaction_end,3,42992649
44.835,compaction_begin,3,0
45.005,compaction_end,3,42992649
45.015,compaction_begin,3,0
45.183,compaction_end,3,42618170
45.193,compaction_begin,3,0
45.373,compaction_end,3,44930721
45.384,compaction_begin,3,0
45.494,compaction_end,3,26020246
45.503,compaction_begin,3,0
45.671,compaction_end,3,42992649
45.681,compaction_begin,3,0
45.847,compaction_end,3,43367079
45.857,compaction_begin,3,0
46.027,compaction_end,3,42992649
46.037,compaction_begin,3,0
46.207,compaction_end,3,43367079
46.217,compaction_begin,3,0
46.388,compaction_end,3,42992648
46.398,compaction_begin,3,0
46.568,compaction_end,3,42618171
46.578,compaction_begin,3,0
46.746,compaction_end,3,42618173
46.756,compaction_begin,3,0
46.925,compaction_end,3,42992653
46.935,compaction_begin,3,0
47.104,compaction_end,3,42992647
47.114,compaction_begin,3,0
47.199,flush_begin,0,0
47.210,flush_end,0,2745025
47.303,compaction_end,3,43367083
47.313,compaction_begin,2,0
47.606,compaction_end,2,3093666
47.626,compaction_begin,3,0
47.833,compaction_end,3,42992649
47.841,compaction_begin,3,0
48.005,compaction_end,3,42992649
48.020,compaction_begin,3,0
48.186,compaction_end,3,42992648
48.197,compaction_begin,3,0
48.363,compaction_end,3,42618171
48.374,compaction_begin,3,0
48.544,compaction_end,3,42992650
48.554,compaction_begin,3,0
48.724,compaction_end,3,42992653
48.734,compaction_begin,3,0
48.918,compaction_end,3,46054015
48.929,compaction_begin,3,0
49.103,compaction_end,3,43367085
49.113,compaction_begin,3,0
49.282,compaction_end,3,41955153
49.292,compaction_begin,3,0
49.463,compaction_end,3,42618174
49.473,compaction_begin,3,0
49.644,compaction_end,3,42618171
49.654,compaction_begin,3,0
49.837,compaction_end,3,45917430
49.848,compaction_begin,3,0
50.018,compaction_end,3,42992648
50.029,compaction_begin,3,0
50.198,compaction_end,3,42992648
50.208,compaction_begin,3,0
50.379,compaction_end,3,43367080
50.389,compaction_begin,3,0
50.561,compaction_end,3,43367082
50.571,compaction_begin,3,0
50.753,compaction_end,3,46054016
50.764,compaction_begin,3,0
50.935,compaction_end,3,42992650
50.945,compaction_begin,3,0
51.116,compaction_end,3,42992650
51.126,compaction_begin,3,0
51.293,compaction_end,3,43367078
51.303,compaction_begin,3,0
51.481,compaction_end,3,45067272
51.491,compaction_begin,3,0
51.657,compaction_end,3,42992648
51.667,compaction_begin,3,0
51.837,compaction_end,3,43367079
51.847,compaction_begin,3,0
52.012,compaction_end,3,42992653
52.022,compaction_begin,3,0
52.189,compaction_end,3,43367079
52.199,compaction_begin,3,0
52.364,compaction_end,3,41955151
52.375,compaction_begin,3,0
52.542,compaction_end,3,42992654
52.552,compaction_begin,3,0
52.638,flush_begin,0,0
52.649,flush_end,0,2744517
52.740,compaction_end,3,42992654
52.750,compaction_begin,2,0
53.036,compaction_end,2,3096981
53.050,compaction_begin,3,0
53.250,compaction_end,3,42992649
53.261,compaction_begin,3,0
53.432,compaction_end,3,42992649
53.440,compaction_begin,3,0
53.605,compaction_end,3,42618171
53.619,compaction_begin,3,0
53.781,compaction_end,3,42992648
53.791,compaction_begin,3,0
53.968,compaction_end,3,45542954
53.978,compaction_begin,3,0
54.155,compaction_end,3,45679537
54.166,compaction_begin,3,0
54.335,compaction_end,3,43367079
54.346,compaction_begin,3,0
54.515,compaction_end,3,42618174
54.525,compaction_begin,3,0
54.694,compaction_end,3,43367082
54.704,compaction_begin,3,0
54.875,compaction_end,3,43367081
54.885,compaction_begin,3,0
55.056,compaction_end,3,43367079
55.066,compaction_begin,3,0
55.236,compaction_end,3,43367082
55.246,compaction_begin,3,0
55.418,compaction_end,3,42992650
55.428,compaction_begin,3,0
55.594,compaction_end,3,43367080
55.604,compaction_begin,3,0
55.770,compaction_end,3,42992650
55.780,compaction_begin,3,0
55.942,compaction_end,3,42380276
55.953,compaction_begin,3,0
56.122,compaction_end,3,42992649
56.132,compaction_begin,3,0
56.297,compaction_end,3,42992653
56.307,compaction_begin,3,0
56.474,compaction_end,3,42992651
56.484,compaction_begin,3,0
56.653,compaction_end,3,42992649
56.663,compaction_begin,3,0
56.830,compaction_end,3,43230497
56.840,compaction_begin,3,0
57.015,compaction_end,3,44267909
57.026,compaction_begin,3,0
57.196,compaction_end,3,42992649
57.206,compaction_begin,3,0
57.378,compaction_end,3,43367078
57.388,compaction_begin,3,0
57.559,compaction_end,3,42992654
57.567,compaction_begin,3,0
57.733,compaction_end,3,42992648
57.744,compaction_begin,3,0
57.914,compaction_end,3,42992647
57.922,compaction_begin,3,0
58.093,compaction_end,3,43367082
58.105,compaction_begin,3,0
58.117,flush_begin,0,0
58.128,flush_end,0,2744482
58.302,compaction_end,3,44030063
58.312,compaction_begin,2,0
58.599,compaction_end,2,3111751
58.614,compaction_begin,3,0
58.813,compaction_end,3,42992649
58.824,compaction_begin,3,0
58.987,compaction_end,3,42992649
58.998,compaction_begin,3,0
59.164,compaction_end,3,43367079
59.172,compaction_begin,3,0
59.348,compaction_end,3,45305113
59.360,compaction_begin,3,0
59.525,compaction_end,3,42618171
59.536,compaction_begin,3,0
59.702,compaction_end,3,43367082
59.712,compaction_begin,3,0
59.879,compaction_end,3,43367077
59.889,compaction_begin,3,0
60.060,compaction_end,3,43367082
60.070,compaction_begin,3,0
60.238,compaction_end,3,42992647
60.248,compaction_begin,3,0
60.416,compaction_end,3,42992651
60.426,compaction_begin,3,0
60.603,compaction_end,3,42618174
60.613,compaction_begin,3,0
60.784,compaction_end,3,43230497
60.794,compaction_begin,3,0
60.968,compaction_end,3,42992649
60.978,compaction_begin,3,0
61.152,compaction_end,3,42992650
61.162,compaction_begin,3,0
61.332,compaction_end,3,41955155
61.342,compaction_begin,3,0
61.515,compaction_end,3,42992650
61.525,compaction_begin,3,0
61.708,compaction_end,3,45168563
61.718,compaction_begin,3,0
61.894,compaction_end,3,42992653
61.904,compaction_begin,3,0
62.078,compaction_end,3,43367079
62.089,compaction_begin,3,0
62.262,compaction_end,3,43367082
62.272,compaction_begin,3,0
62.447,compaction_end,3,43367079
62.457,compaction_begin,3,0
62.629,compaction_end,3,43367083
62.639,compaction_begin,3,0
62.809,compaction_end,3,42992650
62.819,compaction_begin,3,0
62.997,compaction_end,3,44404454
63.007,compaction_begin,3,0
63.179,compaction_end,3,42992654
63.189,compaction_begin,3,0
63.361,compaction_end,3,42992650
63.371,compaction_begin,3,0
63.543,compaction_end,3,43367078
63.554,compaction_begin,3,0
63.557,flush_begin,0,0
63.568,flush_end,0,2745026
63.746,compaction_end,3,42992649
63.756,compaction_begin,2,0
64.047,compaction_end,2,3139938
64.061,compaction_begin,3,0
64.263,compaction_end,3,42992649
64.275,compaction_begin,3,0
64.441,compaction_end,3,42618171
64.451,compaction_begin,3,0
64.630,compaction_end,3,44930719
64.641,compaction_begin,3,0
64.811,compaction_end,3,43367082
64.821,compaction_begin,3,0
64.993,compaction_end,3,43367081
65.004,compaction_begin,3,0
65.176,compaction_end,3,43367082
65.186,compaction_begin,3,0
65.357,compaction_end,3,43367077
65.367,compaction_begin,3,0
65.539,compaction_end,3,42992653
65.549,compaction_begin,3,0
65.718,compaction_end,3,42380276
65.728,compaction_begin,3,0
65.901,compaction_end,3,43367080
65.909,compaction_begin,3,0
66.081,compaction_end,3,42992649
66.093,compaction_begin,3,0
66.265,compaction_end,3,42992650
66.275,compaction_begin,3,0
66.450,compaction_end,3,42992650
66.460,compaction_begin,3,0
66.634,compaction_end,3,42992654
66.644,compaction_begin,3,0
66.823,compaction_end,3,42992647
66.833,compaction_begin,3,0
67.005,compaction_end,3,43367079
67.015,compaction_begin,3,0
67.184,compaction_end,3,43367080
67.194,compaction_begin,3,0
67.366,compaction_end,3,43281145
67.376,compaction_begin,3,0
67.545,compaction_end,3,43367079
67.555,compaction_begin,3,0
67.724,compaction_end,3,43367082
67.734,compaction_begin,3,0
67.911,compaction_end,3,44404453
67.919,compaction_begin,3,0
68.089,compaction_end,3,43367082
68.099,compaction_begin,3,0
68.270,compaction_end,3,42992650
68.280,compaction_begin,3,0
68.450,compaction_end,3,42618172
68.462,compaction_begin,3,0
68.633,compaction_end,3,42992648
68.643,compaction_begin,3,0
68.827,compaction_end,3,45254451
68.838,compaction_begin,3,0
69.009,compaction_end,3,43367085
69.020,flush_begin,0,0
69.030,flush_end,0,2744405
69.040,compaction_begin,2,0
69.331,compaction_end,2,3147433
69.349,compaction_begin,3,0
69.560,compaction_end,3,44556333
69.572,compaction_begin,3,0
69.736,compaction_end,3,43367079
69.747,compaction_begin,3,0
69.913,compaction_end,3,43367079
69.923,compaction_begin,3,0
70.091,compaction_end,3,43367079
70.101,compaction_begin,3,0
70.265,compaction_end,3,42618171
70.276,compaction_begin,3,0
70.441,compaction_end,3,43367082
70.451,compaction_begin,3,0
70.619,compaction_end,3,43367081
70.629,compaction_begin,3,0
70.798,compaction_end,3,43367082
70.808,compaction_begin,3,0
70.978,compaction_end,3,43367080
70.988,compaction_begin,3,0
71.158,compaction_end,3,43367079
71.168,compaction_begin,3,0
71.337,compaction_end,3,42992654
71.347,compaction_begin,3,0
71.516,compaction_end,3,42618172
71.524,compaction_begin,3,0
71.693,compaction_end,3,43367077
71.705,compaction_begin,3,0
71.881,compaction_end,3,44794175
71.891,compaction_begin,3,0
72.073,compaction_end,3,45542952
72.083,compaction_begin,3,0
72.251,compaction_end,3,43367079
72.261,compaction_begin,3,0
72.432,compaction_end,3,43367082
72.442,compaction_begin,3,0
72.614,compaction_end,3,42992649
72.624,compaction_begin,3,0
72.796,compaction_end,3,43367082
72.804,compaction_begin,3,0
72.973,compaction_end,3,42618174
72.985,compaction_begin,3,0
73.156,compaction_end,3,42992650
73.166,compaction_begin,3,0
73.335,compaction_end,3,42618174
73.345,compaction_begin,3,0
73.514,compaction_end,3,41955152
73.524,compaction_begin,3,0
73.698,compaction_end,3,44030064
73.708,compaction_begin,3,0
73.878,compaction_end,3,42992648
73.888,compaction_begin,3,0
74.057,compaction_end,3,42992654
74.067,compaction_begin,3,0
74.245,compaction_end,3,43655653
74.255,compaction_begin,3,0
74.433,compaction_end,3,43367081
74.441,compaction_begin,3,0
74.492,flush_begin,0,0
74.504,flush_end,0,2744686
74.630,compaction_end,3,42618171
74.640,compaction_begin,2,0
74.937,compaction_end,2,3134375
74.952,compaction_begin,3,0
75.165,compaction_end,3,43367081
75.177,compaction_begin,3,0
75.342,compaction_end,3,43367079
75.353,compaction_begin,3,0
75.525,compaction_end,3,43807602
75.536,compaction_begin,3,0
75.702,compaction_end,3,43367077
75.712,compaction_begin,3,0
75.878,compaction_end,3,43367083
75.889,compaction_begin,3,0
76.068,compaction_end,3,46104688
76.078,compaction_begin,3,0
76.245,compaction_end,3,43367079
76.255,compaction_begin,3,0
76.423,compaction_end,3,43367080
76.433,compaction_begin,3,0
76.604,compaction_end,3,43367082
76.614,compaction_begin,3,0
76.787,compaction_end,3,43367082
76.798,compaction_begin,3,0
76.963,compaction_end,3,42992654
76.973,compaction_begin,3,0
77.141,compaction_end,3,43367080
77.151,compaction_begin,3,0
77.316,compaction_end,3,43367085
77.327,compaction_begin,3,0
77.494,compaction_end,3,42618171
77.504,compaction_begin,3,0
77.669,compaction_end,3,42992649
77.679,compaction_begin,3,0
77.848,compaction_end,3,43281145
77.858,compaction_begin,3,0
78.027,compaction_end,3,43367076
78.037,compaction_begin,3,0
78.209,compaction_end,3,42992650
78.219,compaction_begin,3,0
78.392,compaction_end,3,43367080
78.402,compaction_begin,3,0
78.572,compaction_end,3,42992649
78.582,compaction_begin,3,0
78.759,compaction_end,3,44794172
78.769,compaction_begin,3,0
78.938,compaction_end,3,42992653
78.948,compaction_begin,3,0
79.118,compaction_end,3,43367079
79.128,compaction_begin,3,0
79.295,compaction_end,3,43367078
79.305,compaction_begin,3,0
79.471,compaction_end,3,43367079
79.479,compaction_begin,3,0
79.644,compaction_end,3,42618174
79.656,compaction_begin,3,0
79.824,compaction_end,3,42992650
79.834,compaction_begin,3,0
80.002,compaction_end,3,43367083
80.013,flush_begin,0,0
80.024,flush_end,0,2744405
80.034,compaction_begin,2,0
80.330,compaction_end,2,3177128
80.349,compaction_begin,3,0
80.557,compaction_end,3,43367078
80.569,compaction_begin,3,0
80.733,compaction_end,3,43367081
80.743,compaction_begin,3,0
80.909,compaction_end,3,43367079
80.920,compaction_begin,3,0
81.084,compaction_end,3,43367083
81.095,compaction_begin,3,0
81.261,compaction_end,3,43367078
81.270,compaction_begin,3,0
81.439,compaction_end,3,42992647
81.451,compaction_begin,3,0
81.621,compaction_end,3,43367083
81.631,compaction_begin,3,0
81.802,compaction_end,3,42992648
81.812,compaction_begin,3,0
81.987,compaction_end,3,42992649
81.995,compaction_begin,3,0
82.161,compaction_end,3,43367079
82.171,compaction_begin,3,0
82.341,compaction_end,3,42618171
82.353,compaction_begin,3,0
82.522,compaction_end,3,43367082
82.532,compaction_begin,3,0
82.701,compaction_end,3,43367080
82.711,compaction_begin,3,0
82.880,compaction_end,3,43367082
82.890,compaction_begin,3,0
83.072,compaction_end,3,45254457
83.083,compaction_begin,3,0
83.256,compaction_end,3,42992649
83.266,compaction_begin,3,0
83.447,compaction_end,3,42992647
83.457,compaction_begin,3,0
83.628,compaction_end,3,42380272
83.638,compaction_begin,3,0
83.812,compaction_end,3,43367078
83.822,compaction_begin,3,0
83.995,compaction_end,3,43367079
84.006,compaction_begin,3,0
84.178,compaction_end,3,43367077
84.188,compaction_begin,3,0
84.360,compaction_end,3,43281145
84.370,compaction_begin,3,0
84.540,compaction_end,3,43367080
84.550,compaction_begin,3,0
84.721,compaction_end,3,43367079
84.731,compaction_begin,3,0
84.903,compaction_end,3,42992650
84.913,compaction_begin,3,0
85.093,compaction_end,3,44794176
85.103,compaction_begin,3,0
85.274,compaction_end,3,42992649
85.284,compaction_begin,3,0
85.438,flush_begin,0,0
85.450,flush_end,0,2744904
85.475,compaction_end,3,43367080
85.485,compaction_begin,2,0
85.778,compaction_end,2,3230537
85.793,compaction_begin,3,0
86.000,compaction_end,3,43367078
86.012,compaction_begin,3,0
86.176,compaction_end,3,43367079
86.187,compaction_begin,3,0
86.353,compaction_end,3,43367081
86.363,compaction_begin,3,0
86.529,compaction_end,3,43367083
86.540,compaction_begin,3,0
86.703,compaction_end,3,42992649
86.713,compaction_begin,3,0
86.879,compaction_end,3,42992647
86.888,compaction_begin,3,0
87.054,compaction_end,3,43367082
87.062,compaction_begin,3,0
87.228,compaction_end,3,43367082
87.240,compaction_begin,3,0
87.411,compaction_end,3,43367078
87.421,compaction_begin,3,0
87.589,compaction_end,3,42618171
87.599,compaction_begin,3,0
87.769,compaction_end,3,43367079
87.779,compaction_begin,3,0
87.944,compaction_end,3,41955155
87.954,compaction_begin,3,0
88.125,compaction_end,3,42618171
88.135,compaction_begin,3,0
88.210,compaction_end,3,18368633
88.219,compaction_begin,3,0
88.391,compaction_end,3,43367077
88.401,compaction_begin,3,0
88.573,compaction_end,3,43367078
88.583,compaction_begin,3,0
88.754,compaction_end,3,43367079
88.764,compaction_begin,3,0
88.936,compaction_end,3,43367080
88.947,compaction_begin,3,0
89.118,compaction_end,3,43367079
89.128,compaction_begin,3,0
89.302,compaction_end,3,43367079
89.312,compaction_begin,3,0
89.490,compaction_end,3,43367080
89.500,compaction_begin,3,0
89.670,compaction_end,3,42992653
89.680,compaction_begin,3,0
89.862,compaction_end,3,45254456
89.872,compaction_begin,3,0
90.037,compaction_end,3,42618172
90.047,compaction_begin,3,0
90.217,compaction_end,3,42992649
90.227,compaction_begin,3,0
90.396,compaction_end,3,42992649
90.406,compaction_begin,3,0
90.575,compaction_end,3,42992648
90.585,compaction_begin,3,0
90.755,compaction_end,3,43367079
90.765,compaction_begin,3,0
90.903,flush_begin,0,0
90.915,flush_end,0,2744739
90.957,compaction_end,3,43367078
90.967,compaction_begin,2,0
91.261,compaction_end,2,3246255
91.275,compaction_begin,3,0
91.483,compaction_end,3,43367078
91.495,compaction_begin,3,0
91.659,compaction_end,3,43367079
91.667,compaction_begin,3,0
91.832,compaction_end,3,43367083
91.844,compaction_begin,3,0
92.007,compaction_end,3,43367082
92.019,compaction_begin,3,0
92.183,compaction_end,3,42618171
92.195,compaction_begin,3,0
92.362,compaction_end,3,43367081
92.372,compaction_begin,3,0
92.543,compaction_end,3,43367080
92.553,compaction_begin,3,0
92.722,compaction_end,3,43367079
92.732,compaction_begin,3,0
92.904,compaction_end,3,43367077
92.914,compaction_begin,3,0
93.086,compaction_end,3,43367083
93.096,compaction_begin,3,0
93.274,compaction_end,3,43367080
93.284,compaction_begin,3,0
93.456,compaction_end,3,43281145
93.466,compaction_begin,3,0
93.636,compaction_end,3,43367082
93.646,compaction_begin,3,0
93.816,compaction_end,3,42992647
93.824,compaction_begin,3,0
93.993,compaction_end,3,42992649
94.005,compaction_begin,3,0
94.173,compaction_end,3,42992650
94.183,compaction_begin,3,0
94.351,compaction_end,3,42380272
94.361,compaction_begin,3,0
94.530,compaction_end,3,43367078
94.538,compaction_begin,3,0
94.706,compaction_end,3,43367079
94.718,compaction_begin,3,0
94.886,compaction_end,3,42618174
94.896,compaction_begin,3,0
95.067,compaction_end,3,43367082
95.077,compaction_begin,3,0
95.246,compaction_end,3,42618173
95.256,compaction_begin,3,0
95.428,compaction_end,3,43367081
95.438,compaction_begin,3,0
95.604,compaction_end,3,41955155
95.612,compaction_begin,3,0
95.780,compaction_end,3,42992653
95.792,compaction_begin,3,0
95.962,compaction_end,3,42992649
95.972,compaction_begin,3,0
96.140,compaction_end,3,42618171
96.150,compaction_begin,3,0
96.322,flush_begin,0,0
96.334,flush_end,0,2744547
96.348,compaction_end,3,43807605
96.358,compaction_begin,2,0
96.658,compaction_end,2,3262623
96.676,compaction_begin,3,0
96.886,compaction_end,3,43367081
96.898,compaction_begin,3,0
97.067,compaction_end,3,43367078
97.078,compaction_begin,3,0
97.242,compaction_end,3,43367079
97.254,compaction_begin,3,0
97.419,compaction_end,3,43367082
97.429,compaction_begin,3,0
97.593,compaction_end,3,42380275
97.603,compaction_begin,3,0
97.773,compaction_end,3,43367082
97.783,compaction_begin,3,0
97.951,compaction_end,3,43367079
97.961,compaction_begin,3,0
98.131,compaction_end,3,43367080
98.142,compaction_begin,3,0
98.310,compaction_end,3,42992651
98.318,compaction_begin,3,0
98.487,compaction_end,3,43367077
98.499,compaction_begin,3,0
98.671,compaction_end,3,43281145
98.681,compaction_begin,3,0
98.851,compaction_end,3,43367079
98.861,compaction_begin,3,0
99.031,compaction_end,3,43367078
99.041,compaction_begin,3,0
99.217,compaction_end,3,44794174
99.227,compaction_begin,3,0
99.396,compaction_end,3,42992655
99.406,compaction_begin,3,0
99.572,compaction_end,3,42992654
99.582,compaction_begin,3,0
99.745,compaction_end,3,42618171
99.753,compaction_begin,3,0
99.919,compaction_end,3,42992649
99.931,compaction_begin,3,0
100.094,compaction_end,3,42618170
100.104,compaction_begin,3,0
100.272,compaction_end,3,43367082
100.282,compaction_begin,3,0
100.461,compaction_end,3,44030065
100.471,compaction_begin,3,0
100.640,compaction_end,3,43367083
100.650,compaction_begin,3,0
100.821,compaction_end,3,43367081
100.831,compaction_begin,3,0
100.998,compaction_end,3,41955152
101.008,compaction_begin,3,0
101.175,compaction_end,3,42992653
101.185,compaction_begin,3,0
101.356,compaction_end,3,43367080
101.366,compaction_begin,3,0
101.537,compaction_end,3,43367079
101.547,compaction_begin,3,0
101.716,compaction_end,3,43367082
101.726,compaction_begin,3,0
101.785,flush_begin,0,0
101.796,flush_end,0,2744251
101.929,compaction_end,3,45254455
101.939,compaction_begin,2,0
102.227,compaction_end,2,3232885
102.244,compaction_begin,3,0
102.458,compaction_end,3,43367078
102.470,compaction_begin,3,0
102.637,compaction_end,3,43367083
102.648,compaction_begin,3,0
102.813,compaction_end,3,43367079
102.824,compaction_begin,3,0
102.991,compaction_end,3,43367081
103.002,compaction_begin,3,0
103.170,compaction_end,3,42618175
103.180,compaction_begin,3,0
103.345,compaction_end,3,43367076
103.355,compaction_begin,3,0
103.522,compaction_end,3,43367080
103.532,compaction_begin,3,0
103.701,compaction_end,3,43367082
103.711,compaction_begin,3,0
103.886,compaction_end,3,44030068
103.896,compaction_begin,3,0
104.066,compaction_end,3,42992649
104.076,compaction_begin,3,0
104.245,compaction_end,3,43367082
104.255,compaction_begin,3,0
104.426,compaction_end,3,43367078
104.436,compaction_begin,3,0
104.613,compaction_end,3,43367083
104.623,compaction_begin,3,0
104.793,compaction_end,3,43367080
104.803,compaction_begin,3,0
104.974,compaction_end,3,43367082
104.984,compaction_begin,3,0
105.166,compaction_end,3,45542956
105.176,compaction_begin,3,0
105.348,compaction_end,3,43367079
105.358,compaction_begin,3,0
105.529,compaction_end,3,43367077
105.539,compaction_begin,3,0
105.710,compaction_end,3,42992647
105.718,compaction_begin,3,0
105.887,compaction_end,3,42992648
105.899,compaction_begin,3,0
106.070,compaction_end,3,43367078
106.080,compaction_begin,3,0
106.253,compaction_end,3,43367081
106.263,compaction_begin,3,0
106.433,compaction_end,3,43367079
106.443,compaction_begin,3,0
106.623,compaction_end,3,45082653
106.633,compaction_begin,3,0
106.798,compaction_end,3,41955155
106.808,compaction_begin,3,0
106.984,compaction_end,3,44030064
106.995,compaction_begin,3,0
107.160,compaction_end,3,42992650
107.170,compaction_begin,3,0
107.257,flush_begin,0,0
107.269,flush_end,0,2744517
107.356,compaction_end,3,42618172
107.367,compaction_begin,2,0
107.649,compaction_end,2,3261161
107.663,compaction_begin,3,0
107.857,compaction_end,3,43367078
107.869,compaction_begin,3,0
108.030,compaction_end,3,43367079
108.041,compaction_begin,3,0
108.208,compaction_end,3,43367083
108.219,compaction_begin,3,0
108.386,compaction_end,3,43367084
108.396,compaction_begin,3,0
108.561,compaction_end,3,42618175
108.571,compaction_begin,3,0
108.739,compaction_end,3,43367077
108.749,compaction_begin,3,0
108.919,compaction_end,3,43367083
108.929,compaction_begin,3,0
109.101,compaction_end,3,43367079
109.111,compaction_begin,3,0
109.282,compaction_end,3,43367079
109.293,compaction_begin,3,0
109.465,compaction_end,3,43367080
109.475,compaction_begin,3,0
109.646,compaction_end,3,43367082
109.656,compaction_begin,3,0
109.735,compaction_end,3,20256106
109.744,compaction_begin,3,0
109.914,compaction_end,3,42992649
109.924,compaction_begin,3,0
110.094,compaction_end,3,43367081
110.104,compaction_begin,3,0
110.272,compaction_end,3,42992648
110.282,compaction_begin,3,0
110.459,compaction_end,3,43807601
110.469,compaction_begin,3,0
110.635,compaction_end,3,42618171
110.645,compaction_begin,3,0
110.822,compaction_end,3,44030061
110.833,compaction_begin,3,0
111.000,compaction_end,3,43367082
111.010,compaction_begin,3,0
111.179,compaction_end,3,42992647
111.189,compaction_begin,3,0
111.358,compaction_end,3,42618172
111.368,compaction_begin,3,0
111.538,compaction_end,3,43367079
111.548,compaction_begin,3,0
111.718,compaction_end,3,43367078
111.728,compaction_begin,3,0
111.897,compaction_end,3,42992649
111.907,compaction_begin,3,0
112.085,compaction_end,3,43367080
112.095,compaction_begin,3,0
112.265,compaction_end,3,43281145
112.275,compaction_begin,3,0
112.438,compaction_end,3,41955155
112.448,compaction_begin,3,0
112.622,compaction_end,3,43655659
112.632,compaction_begin,3,0
112.744,flush_begin,0,0
112.755,flush_end,0,2744879
112.821,compaction_end,3,42992649
112.831,compaction_begin,2,0
113.126,compaction_end,2,3275292
113.139,compaction_begin,3,0
113.341,compaction_end,3,43367078
113.358,compaction_begin,3,0
113.529,compaction_end,3,44030064
113.541,compaction_begin,3,0
113.706,compaction_end,3,43367083
113.717,compaction_begin,3,0
113.882,compaction_end,3,43367084
113.892,compaction_begin,3,0
114.059,compaction_end,3,43367082
114.069,compaction_begin,3,0
114.231,compaction_end,3,41955155
114.241,compaction_begin,3,0
114.406,compaction_end,3,42005804
114.416,compaction_begin,3,0
114.587,compaction_end,3,43367080
114.597,compaction_begin,3,0
114.764,compaction_end,3,43367082
114.774,compaction_begin,3,0
114.943,compaction_end,3,43367080
114.953,compaction_begin,3,0
115.120,compaction_end,3,42618175
115.130,compaction_begin,3,0
115.299,compaction_end,3,43367078
115.309,compaction_begin,3,0
115.473,compaction_end,3,42618171
115.483,compaction_begin,3,0
115.563,compaction_end,3,20256106
115.573,compaction_begin,3,0
115.744,compaction_end,3,43367079
115.754,compaction_begin,3,0
115.921,compaction_end,3,42618172
115.931,compaction_begin,3,0
116.100,compaction_end,3,42992650
116.110,compaction_begin,3,0
116.279,compaction_end,3,43367079
116.289,compaction_begin,3,0
116.459,compaction_end,3,43281145
116.469,compaction_begin,3,0
116.637,compaction_end,3,41955157
116.647,compaction_begin,3,0
116.818,compaction_end,3,42992651
116.828,compaction_begin,3,0
116.994,compaction_end,3,42992649
117.004,compaction_begin,3,0
117.168,compaction_end,3,42618173
117.176,compaction_begin,3,0
117.343,compaction_end,3,43367077
117.355,compaction_begin,3,0
117.523,compaction_end,3,42992649
117.533,compaction_begin,3,0
117.699,compaction_end,3,43367083
117.709,compaction_begin,3,0
117.876,compaction_end,3,42992647
117.886,compaction_begin,3,0
118.054,compaction_end,3,42992649
118.064,compaction_begin,3,0
118.219,flush_begin,0,0
118.231,flush_end,0,2744688
118.255,compaction_end,3,43367078
118.265,compaction_begin,2,0
118.570,compaction_end,2,3337330
118.590,compaction_begin,3,0
118.817,compaction_end,3,44030065
118.829,compaction_begin,3,0
118.996,compaction_end,3,43367083
119.007,compaction_begin,3,0
119.178,compaction_end,3,43367079
119.190,compaction_begin,3,0
119.360,compaction_end,3,43367079
119.370,compaction_begin,3,0
119.550,compaction_end,3,43367077
119.560,compaction_begin,3,0
119.728,compaction_end,3,43367084
119.739,compaction_begin,3,0
119.911,compaction_end,3,42992647
119.921,compaction_begin,3,0
120.094,compaction_end,3,43367082
120.104,compaction_begin,3,0
120.286,compaction_end,3,44030065
120.296,compaction_begin,3,0
120.470,compaction_end,3,42992648
120.480,compaction_begin,3,0
120.655,compaction_end,3,43367079
120.665,compaction_begin,3,0
120.838,compaction_end,3,42992648
120.848,compaction_begin,3,0
121.023,compaction_end,3,43367076
121.033,compaction_begin,3,0
121.205,compaction_end,3,42618172
121.215,compaction_begin,3,0
121.388,compaction_end,3,43367083
121.398,compaction_begin,3,0
121.576,compaction_end,3,44030066
121.586,compaction_begin,3,0
121.760,compaction_end,3,43367080
121.770,compaction_begin,3,0
121.942,compaction_end,3,43367080
121.952,compaction_begin,3,0
122.136,compaction_end,3,46119994
122.146,compaction_begin,3,0
122.315,compaction_end,3,43367080
122.325,compaction_begin,3,0
122.493,compaction_end,3,42992650
122.503,compaction_begin,3,0
122.673,compaction_end,3,43367078
122.683,compaction_begin,3,0
122.855,compaction_end,3,43281145
122.865,compaction_begin,3,0
123.038,compaction_end,3,43367082
123.048,compaction_begin,3,0
123.220,compaction_end,3,43367082
123.229,compaction_begin,3,0
123.404,compaction_end,3,43367079
123.414,compaction_begin,3,0
123.584,compaction_end,3,42992651
123.594,compaction_begin,3,0
123.705,flush_begin,0,0
123.716,flush_end,0,2744852
123.788,compaction_end,3,43367078
123.798,compaction_begin,2,0
124.091,compaction_end,2,3281978
124.107,compaction_begin,3,0
124.317,compaction_end,3,43367079
124.329,compaction_begin,3,0
124.500,compaction_end,3,44030066
124.511,compaction_begin,3,0
124.677,compaction_end,3,43367079
124.689,compaction_begin,3,0
124.854,compaction_end,3,42618171
124.864,compaction_begin,3,0
125.039,compaction_end,3,43367079
125.049,compaction_begin,3,0
125.217,compaction_end,3,43367084
125.227,compaction_begin,3,0
125.395,compaction_end,3,42992648
125.405,compaction_begin,3,0
125.578,compaction_end,3,43281145
125.588,compaction_begin,3,0
125.762,compaction_end,3,43367078
125.772,compaction_begin,3,0
125.945,compaction_end,3,43367079
125.954,compaction_begin,3,0
126.126,compaction_end,3,42992650
126.136,compaction_begin,3,0
126.304,compaction_end,3,42005800
126.314,compaction_begin,3,0
126.488,compaction_end,3,43367081
126.498,compaction_begin,3,0
126.671,compaction_end,3,42992648
126.681,compaction_begin,3,0
126.860,compaction_end,3,43367079
126.870,compaction_begin,3,0
127.042,compaction_end,3,43367078
127.052,compaction_begin,3,0
127.228,compaction_end,3,41955153
127.237,compaction_begin,3,0
127.410,compaction_end,3,43367078
127.419,compaction_begin,3,0
127.594,compaction_end,3,43367080
127.605,compaction_begin,3,0
127.778,compaction_end,3,43367083
127.788,compaction_begin,3,0
127.963,compaction_end,3,41955157
127.973,compaction_begin,3,0
128.144,compaction_end,3,43367080
128.154,compaction_begin,3,0
128.351,compaction_end,3,42618172
128.361,compaction_begin,3,0
128.557,compaction_end,3,42992649
128.568,compaction_begin,3,0
128.743,compaction_end,3,43367082
128.753,compaction_begin,3,0
128.927,compaction_end,3,43367079
128.937,compaction_begin,3,0
129.118,compaction_end,3,44030067
129.128,compaction_begin,3,0
129.218,flush_begin,0,0
129.229,flush_end,0,2744831
129.322,compaction_end,3,42992650
129.330,compaction_begin,2,0
129.625,compaction_end,2,3292232
129.651,compaction_begin,3,0
129.846,compaction_end,3,43367081
129.858,compaction_begin,3,0
130.029,compaction_end,3,43367078
130.041,compaction_begin,3,0
130.217,compaction_end,3,44030064
130.228,compaction_begin,3,0
130.398,compaction_end,3,42992649
130.408,compaction_begin,3,0
130.581,compaction_end,3,43367081
130.592,compaction_begin,3,0
130.761,compaction_end,3,43367079
130.771,compaction_begin,3,0
130.941,compaction_end,3,43367081
130.951,compaction_begin,3,0
131.125,compaction_end,3,42992651
131.135,compaction_begin,3,0
131.313,compaction_end,3,43367080
131.324,compaction_begin,3,0
131.496,compaction_end,3,43367079
131.507,compaction_begin,3,0
131.680,compaction_end,3,43367079
131.690,compaction_begin,3,0
131.755,compaction_end,3,15919400
131.764,compaction_begin,3,0
131.935,compaction_end,3,42005800
131.945,compaction_begin,3,0
132.116,compaction_end,3,42618173
132.125,compaction_begin,3,0
132.297,compaction_end,3,43367082
132.308,compaction_begin,3,0
132.493,compaction_end,3,43367078
132.504,compaction_begin,3,0
132.682,compaction_end,3,43281145
132.692,compaction_begin,3,0
132.862,compaction_end,3,42992648
132.872,compaction_begin,3,0
133.044,compaction_end,3,42618171
133.054,compaction_begin,3,0
133.227,compaction_end,3,43367081
133.237,compaction_begin,3,0
133.412,compaction_end,3,43367083
133.422,compaction_begin,3,0
133.596,compaction_end,3,42992651
133.606,compaction_begin,3,0
133.792,compaction_end,3,45542958
133.802,compaction_begin,3,0
133.979,compaction_end,3,43367078
133.989,compaction_begin,3,0
134.161,compaction_end,3,43367083
134.171,compaction_begin,3,0
134.341,compaction_end,3,41955154
134.351,compaction_begin,3,0
134.526,compaction_end,3,42992650
134.536,compaction_begin,3,0
134.677,flush_begin,0,0
134.688,flush_end,0,2744297
134.736,compaction_end,3,41955153
134.746,compaction_begin,2,0
135.042,compaction_end,2,3283062
135.058,compaction_begin,3,0
135.267,compaction_end,3,43367079
135.279,compaction_begin,3,0
135.444,compaction_end,3,43367079
135.452,compaction_begin,3,0
135.635,compaction_end,3,43367080
135.648,compaction_begin,3,0
135.825,compaction_end,3,43367081
135.836,compaction_begin,3,0
136.019,compaction_end,3,44030064
136.029,compaction_begin,3,0
136.201,compaction_end,3,43367082
136.211,compaction_begin,3,0
136.386,compaction_end,3,43367078
136.396,compaction_begin,3,0
136.568,compaction_end,3,42618172
136.578,compaction_begin,3,0
136.752,compaction_end,3,43367084
136.762,compaction_begin,3,0
136.941,compaction_end,3,43367081
136.950,compaction_begin,3,0
137.135,compaction_end,3,43367079
137.145,compaction_begin,3,0
137.319,compaction_end,3,42992649
137.329,compaction_begin,3,0
137.507,compaction_end,3,43367083
137.518,compaction_begin,3,0
137.692,compaction_end,3,43367077
137.701,compaction_begin,3,0
137.873,compaction_end,3,42992648
137.883,compaction_begin,3,0
138.057,compaction_end,3,43367079
138.066,compaction_begin,3,0
138.236,compaction_end,3,43367077
138.246,compaction_begin,3,0
138.419,compaction_end,3,42992653
138.429,compaction_begin,3,0
138.617,compaction_end,3,43367078
138.628,compaction_begin,3,0
138.814,compaction_end,3,43281145
138.824,compaction_begin,3,0
139.013,compaction_end,3,43367082
139.023,compaction_begin,3,0
139.107,compaction_end,3,20256106
139.117,compaction_begin,3,0
139.293,compaction_end,3,43367083
139.303,compaction_begin,3,0
139.485,compaction_end,3,43367080
139.495,compaction_begin,3,0
139.686,compaction_end,3,43367080
139.696,compaction_begin,3,0
139.885,compaction_end,3,42618171
139.895,compaction_begin,3,0
140.086,compaction_end,3,42992648
140.096,compaction_begin,3,0
140.136,flush_begin,0,0
140.147,flush_end,0,2744743
140.310,compaction_end,3,42618174
140.318,compaction_begin,2,0
140.604,compaction_end,2,3300771
140.625,compaction_begin,3,0
140.846,compaction_end,3,43367079
140.858,compaction_begin,3,0
141.025,compaction_end,3,43367081
141.036,compaction_begin,3,0
141.203,compaction_end,3,43367079
141.211,compaction_begin,3,0
141.381,compaction_end,3,43367080
141.395,compaction_begin,3,0
141.579,compaction_end,3,43367084
141.590,compaction_begin,3,0
141.772,compaction_end,3,43367079
141.782,compaction_begin,3,0
141.954,compaction_end,3,43367079
141.964,compaction_begin,3,0
142.136,compaction_end,3,43367081
142.146,compaction_begin,3,0
142.315,compaction_end,3,42005805
142.325,compaction_begin,3,0
142.497,compaction_end,3,43367077
142.507,compaction_begin,3,0
142.679,compaction_end,3,43367082
142.689,compaction_begin,3,0
142.868,compaction_end,3,43367080
142.876,compaction_begin,3,0
143.046,compaction_end,3,42992649
143.058,compaction_begin,3,0
143.225,compaction_end,3,41955155
143.235,compaction_begin,3,0
143.422,compaction_end,3,43367077
143.432,compaction_begin,3,0
143.603,compaction_end,3,42618174
143.613,compaction_begin,3,0
143.782,compaction_end,3,42618171
143.793,compaction_begin,3,0
143.963,compaction_end,3,42992649
143.973,compaction_begin,3,0
144.144,compaction_end,3,43367082
144.154,compaction_begin,3,0
144.323,compaction_end,3,43367078
144.334,compaction_begin,3,0
144.502,compaction_end,3,42618172
144.512,compaction_begin,3,0
144.683,compaction_end,3,42992650
144.691,compaction_begin,3,0
144.861,compaction_end,3,42618174
144.873,compaction_begin,3,0
145.042,compaction_end,3,42992653
145.052,compaction_begin,3,0
145.220,compaction_end,3,43367079
145.230,compaction_begin,3,0
145.402,compaction_end,3,43367080
145.412,compaction_begin,3,0
145.556,flush_begin,0,0
145.567,flush_end,0,2744616
145.599,compaction_end,3,42992648
145.609,compaction_begin,2,0
145.895,compaction_end,2,3351355
145.911,compaction_begin,3,0
146.114,compaction_end,3,43367079
146.126,compaction_begin,3,0
146.290,compaction_end,3,43367081
146.301,compaction_begin,3,0
146.466,compaction_end,3,43367079
146.478,compaction_begin,3,0
146.647,compaction_end,3,43367080
146.658,compaction_begin,3,0
146.919,compaction_end,3,43281145
146.931,compaction_begin,3,0
147.161,compaction_end,3,43367084
147.175,compaction_begin,3,0
147.458,compaction_end,3,43367082
147.479,compaction_begin,3,0
147.708,compaction_end,3,43367079
147.718,compaction_begin,3,0
147.883,compaction_end,3,42618172
147.893,compaction_begin,3,0
148.061,compaction_end,3,42618171
148.070,compaction_begin,3,0
148.239,compaction_end,3,43367082
148.249,compaction_begin,3,0
148.421,compaction_end,3,43367079
148.431,compaction_begin,3,0
148.603,compaction_end,3,43367081
148.613,compaction_begin,3,0
148.694,compaction_end,3,20256106
148.703,compaction_begin,3,0
148.878,compaction_end,3,44030061
148.888,compaction_begin,3,0
149.057,compaction_end,3,42992649
149.067,compaction_begin,3,0
149.238,compaction_end,3,42992649
149.248,compaction_begin,3,0
149.419,compaction_end,3,43367078
149.429,compaction_begin,3,0
149.601,compaction_end,3,43367077
149.611,compaction_begin,3,0
149.785,compaction_end,3,43367081
149.794,compaction_begin,3,0
149.968,compaction_end,3,43367078
149.977,compaction_begin,3,0
150.157,compaction_end,3,43367079
150.167,compaction_begin,3,0
150.339,compaction_end,3,42992648
150.349,compaction_begin,3,0
150.519,compaction_end,3,43367082
150.529,compaction_begin,3,0
150.715,compaction_end,3,46119993
150.725,compaction_begin,3,0
150.899,compaction_end,3,43367080
150.908,compaction_begin,3,0
151.046,flush_begin,0,0
151.057,flush_end,0,2744803
151.099,compaction_end,3,43367077
151.109,compaction_begin,2,0
151.397,compaction_end,2,3386575
151.417,compaction_begin,3,0
151.634,compaction_end,3,43367079
151.645,compaction_begin,3,0
151.817,compaction_end,3,43367079
151.829,compaction_begin,3,0
152.000,compaction_end,3,43367081
152.012,compaction_begin,3,0
152.184,compaction_end,3,43367078
152.194,compaction_begin,3,0
152.367,compaction_end,3,43367079
152.377,compaction_begin,3,0
152.555,compaction_end,3,43367077
152.565,compaction_begin,3,0
152.739,compaction_end,3,43367084
152.750,compaction_begin,3,0
152.930,compaction_end,3,43367079
152.940,compaction_begin,3,0
153.115,compaction_end,3,42992649
153.125,compaction_begin,3,0
153.301,compaction_end,3,43367081
153.310,compaction_begin,3,0
153.493,compaction_end,3,44030066
153.504,compaction_begin,3,0
153.675,compaction_end,3,42618172
153.684,compaction_begin,3,0
153.856,compaction_end,3,42618171
153.866,compaction_begin,3,0
154.039,compaction_end,3,42992649
154.049,compaction_begin,3,0
154.224,compaction_end,3,43367080
154.234,compaction_begin,3,0
154.407,compaction_end,3,42992651
154.418,compaction_begin,3,0
154.601,compaction_end,3,43367080
154.611,compaction_begin,3,0
154.791,compaction_end,3,43367081
154.801,compaction_begin,3,0
154.980,compaction_end,3,43367082
154.990,compaction_begin,3,0
155.177,compaction_end,3,43367077
155.186,compaction_begin,3,0
155.358,compaction_end,3,42992648
155.368,compaction_begin,3,0
155.542,compaction_end,3,43367079
155.551,compaction_begin,3,0
155.726,compaction_end,3,42618172
155.736,compaction_begin,3,0
155.918,compaction_end,3,43367081
155.928,compaction_begin,3,0
156.129,compaction_end,3,45679536
156.139,compaction_begin,3,0
156.317,compaction_end,3,43367079
156.327,compaction_begin,3,0
156.494,flush_begin,0,0
156.506,flush_end,0,2744622
156.533,compaction_end,3,46119994
156.543,compaction_begin,2,0
156.834,compaction_end,2,3429964
156.855,compaction_begin,3,0
157.069,compaction_end,3,43367079
157.081,compaction_begin,3,0
157.256,compaction_end,3,43367079
157.264,compaction_begin,3,0
157.445,compaction_end,3,43367081
157.459,compaction_begin,3,0
157.642,compaction_end,3,43367084
157.652,compaction_begin,3,0
157.841,compaction_end,3,43367083
157.852,compaction_begin,3,0
158.056,compaction_end,3,43367080
158.067,compaction_begin,3,0
158.254,compaction_end,3,42992648
158.263,compaction_begin,3,0
158.452,compaction_end,3,43367082
158.462,compaction_begin,3,0
158.657,compaction_end,3,42618171
158.665,compaction_begin,3,0
158.856,compaction_end,3,42992649
158.868,compaction_begin,3,0
159.059,compaction_end,3,42992653
159.069,compaction_begin,3,0
159.264,compaction_end,3,43367081
159.275,compaction_begin,3,0
159.461,compaction_end,3,42992649
159.471,compaction_begin,3,0
159.657,compaction_end,3,42992649
159.667,compaction_begin,3,0
159.845,compaction_end,3,41955155
159.856,compaction_begin,3,0
160.039,compaction_end,3,43367081
160.049,compaction_begin,3,0
160.233,compaction_end,3,43367079
160.243,compaction_begin,3,0
160.417,compaction_end,3,43281145
160.426,compaction_begin,3,0
160.596,compaction_end,3,43367078
160.606,compaction_begin,3,0
160.774,compaction_end,3,43281144
160.784,compaction_begin,3,0
160.952,compaction_end,3,42992651
160.962,compaction_begin,3,0
161.131,compaction_end,3,43367078
161.140,compaction_begin,3,0
161.309,compaction_end,3,42618174
161.319,compaction_begin,3,0
161.491,compaction_end,3,43367079
161.500,compaction_begin,3,0
161.672,compaction_end,3,43367079
161.681,compaction_begin,3,0
161.851,compaction_end,3,43367079
161.860,compaction_begin,3,0
161.950,flush_begin,0,0
161.961,flush_end,0,2744662
162.063,compaction_end,3,45542957
162.073,compaction_begin,2,0
162.368,compaction_end,2,3444671
162.388,compaction_begin,3,0
162.601,compaction_end,3,43367079
162.612,compaction_begin,3,0
162.777,compaction_end,3,43367081
162.788,compaction_begin,3,0
162.952,compaction_end,3,43367079
162.964,compaction_begin,3,0
163.130,compaction_end,3,43367084
163.141,compaction_begin,3,0
163.309,compaction_end,3,42618171
163.318,compaction_begin,3,0
163.487,compaction_end,3,42618174
163.495,compaction_begin,3,0
163.667,compaction_end,3,43367082
163.679,compaction_begin,3,0
163.844,compaction_end,3,42005805
163.854,compaction_begin,3,0
164.024,compaction_end,3,43367077
164.034,compaction_begin,3,0
164.209,compaction_end,3,44030065
164.219,compaction_begin,3,0
164.391,compaction_end,3,43367080
164.402,compaction_begin,3,0
164.572,compaction_end,3,43367081
164.581,compaction_begin,3,0
164.753,compaction_end,3,43367083
164.762,compaction_begin,3,0
164.933,compaction_end,3,42992649
164.943,compaction_begin,3,0
165.113,compaction_end,3,43367079
165.123,compaction_begin,3,0
165.294,compaction_end,3,43367080
165.304,compaction_begin,3,0
165.475,compaction_end,3,43367079
165.484,compaction_begin,3,0
165.656,compaction_end,3,43367078
165.666,compaction_begin,3,0
165.845,compaction_end,3,43367079
165.854,compaction_begin,3,0
166.026,compaction_end,3,43367081
166.035,compaction_begin,3,0
166.203,compaction_end,3,42992649
166.213,compaction_begin,3,0
166.384,compaction_end,3,43367078
166.393,compaction_begin,3,0
166.561,compaction_end,3,42992648
166.571,compaction_begin,3,0
166.739,compaction_end,3,42618172
166.749,compaction_begin,3,0
166.916,compaction_end,3,42992649
166.925,compaction_begin,3,0
167.097,compaction_end,3,43367079
167.107,compaction_begin,3,0
167.278,compaction_end,3,43281145
167.288,compaction_begin,3,0
167.426,flush_begin,0,0
167.438,flush_end,0,2744414
167.478,compaction_end,3,43367080
167.488,compaction_begin,2,0
167.787,compaction_end,2,3379091
167.807,compaction_begin,3,0
168.011,compaction_end,3,43367079
168.023,compaction_begin,3,0
168.188,compaction_end,3,43367081
168.199,compaction_begin,3,0
168.362,compaction_end,3,43367079
168.374,compaction_begin,3,0
168.538,compaction_end,3,43367079
168.548,compaction_begin,3,0
168.714,compaction_end,3,43367084
168.725,compaction_begin,3,0
168.891,compaction_end,3,43367080
168.902,compaction_begin,3,0
169.067,compaction_end,3,43281145
169.077,compaction_begin,3,0
169.245,compaction_end,3,43367080
169.254,compaction_begin,3,0
169.346,compaction_end,3,23009172
169.353,compaction_begin,3,0
169.520,compaction_end,3,42992649
169.530,compaction_begin,3,0
169.700,compaction_end,3,43367079
169.712,compaction_begin,3,0
169.879,compaction_end,3,42618171
169.889,compaction_begin,3,0
170.058,compaction_end,3,43367079
170.068,compaction_begin,3,0
170.238,compaction_end,3,43367081
170.247,compaction_begin,3,0
170.415,compaction_end,3,43281144
170.425,compaction_begin,3,0
170.596,compaction_end,3,43367079
170.606,compaction_begin,3,0
170.777,compaction_end,3,43367081
170.786,compaction_begin,3,0
170.955,compaction_end,3,42992649
170.965,compaction_begin,3,0
171.138,compaction_end,3,43367083
171.147,compaction_begin,3,0
171.325,compaction_end,3,44333871
171.336,compaction_begin,3,0
171.507,compaction_end,3,43367081
171.516,compaction_begin,3,0
171.689,compaction_end,3,43367078
171.699,compaction_begin,3,0
171.869,compaction_end,3,43367082
171.878,compaction_begin,3,0
172.046,compaction_end,3,41955155
172.056,compaction_begin,3,0
172.225,compaction_end,3,42992648
172.235,compaction_begin,3,0
172.405,compaction_end,3,43367077
172.414,compaction_begin,3,0
172.587,compaction_end,3,43367078
172.596,compaction_begin,3,0
172.766,compaction_end,3,42992650
172.776,compaction_begin,3,0
172.938,flush_begin,0,0
172.949,flush_end,0,2744482
172.964,compaction_end,3,42618172
172.974,compaction_begin,2,0
173.263,compaction_end,2,3381765
173.277,compaction_begin,3,0
173.484,compaction_end,3,43367079
173.491,compaction_begin,3,0
173.654,compaction_end,3,43367078
173.669,compaction_begin,3,0
173.834,compaction_end,3,43367081
173.845,compaction_begin,3,0
174.009,compaction_end,3,43367081
174.019,compaction_begin,3,0
174.191,compaction_end,3,43367080
174.198,compaction_begin,3,0
174.368,compaction_end,3,43367076
174.378,compaction_begin,3,0
174.547,compaction_end,3,43367082
174.559,compaction_begin,3,0
174.729,compaction_end,3,43281149
174.739,compaction_begin,3,0
174.911,compaction_end,3,43367077
174.920,compaction_begin,3,0
175.092,compaction_end,3,43367082
175.102,compaction_begin,3,0
175.273,compaction_end,3,43367084
175.283,compaction_begin,3,0
175.451,compaction_end,3,43367081
175.461,compaction_begin,3,0
175.633,compaction_end,3,43367078
175.643,compaction_begin,3,0
175.812,compaction_end,3,43367080
175.822,compaction_begin,3,0
175.991,compaction_end,3,43367081
176.001,compaction_begin,3,0
176.172,compaction_end,3,43367080
176.181,compaction_begin,3,0
176.347,compaction_end,3,43367078
176.357,compaction_begin,3,0
176.527,compaction_end,3,42992651
176.536,compaction_begin,3,0
176.707,compaction_end,3,43367081
176.716,compaction_begin,3,0
176.885,compaction_end,3,42992651
176.894,compaction_begin,3,0
177.064,compaction_end,3,43367077
177.073,compaction_begin,3,0
177.244,compaction_end,3,43367082
177.253,compaction_begin,3,0
177.423,compaction_end,3,42618174
177.432,compaction_begin,3,0
177.603,compaction_end,3,42992649
177.613,compaction_begin,3,0
177.797,compaction_end,3,45542956
177.808,compaction_begin,3,0
177.976,compaction_end,3,42243695
177.987,compaction_begin,3,0
178.155,compaction_end,3,43367083
178.165,compaction_begin,3,0
178.336,compaction_end,3,42618172
178.346,compaction_begin,3,0
178.438,flush_begin,0,0
178.448,flush_end,0,2744970
178.530,compaction_end,3,41955156
178.540,compaction_begin,2,0
178.823,compaction_end,2,3287204
178.840,compaction_begin,3,0
179.048,compaction_end,3,43367078
179.055,compaction_begin,3,0
179.222,compaction_end,3,43367081
179.235,compaction_begin,3,0
179.398,compaction_end,3,43367079
179.410,compaction_begin,3,0
179.574,compaction_end,3,43367083
179.584,compaction_begin,3,0
179.756,compaction_end,3,43367080
179.765,compaction_begin,3,0
179.936,compaction_end,3,43367076
179.947,compaction_begin,3,0
180.114,compaction_end,3,43367077
180.123,compaction_begin,3,0
180.291,compaction_end,3,42992649
180.300,compaction_begin,3,0
180.471,compaction_end,3,42992650
180.482,compaction_begin,3,0
180.651,compaction_end,3,42618174
180.661,compaction_begin,3,0
180.840,compaction_end,3,43367076
180.849,compaction_begin,3,0
181.020,compaction_end,3,43367078
181.029,compaction_begin,3,0
181.200,compaction_end,3,43367081
181.209,compaction_begin,3,0
181.379,compaction_end,3,43367084
181.390,compaction_begin,3,0
181.560,compaction_end,3,43367082
181.570,compaction_begin,3,0
181.741,compaction_end,3,43367080
181.751,compaction_begin,3,0
181.923,compaction_end,3,43367079
181.932,compaction_begin,3,0
181.991,compaction_end,3,14335758
181.999,compaction_begin,3,0
182.171,compaction_end,3,43367082
182.181,compaction_begin,3,0
182.351,compaction_end,3,42992647
182.361,compaction_begin,3,0
182.532,compaction_end,3,42906741
182.542,compaction_begin,3,0
182.711,compaction_end,3,43367079
182.720,compaction_begin,3,0
182.891,compaction_end,3,43367082
182.899,compaction_begin,3,0
183.070,compaction_end,3,43367080
183.081,compaction_begin,3,0
183.252,compaction_end,3,42992649
183.262,compaction_begin,3,0
183.433,compaction_end,3,43367082
183.443,compaction_begin,3,0
183.612,compaction_end,3,42618172
183.622,compaction_begin,3,0
183.794,compaction_end,3,43367077
183.804,compaction_begin,3,0
183.945,flush_begin,0,0
183.956,flush_end,0,2744790
183.993,compaction_end,3,43367077
184.002,compaction_begin,2,0
184.290,compaction_end,2,3327128
184.310,compaction_begin,3,0
184.519,compaction_end,3,43367079
184.530,compaction_begin,3,0
184.696,compaction_end,3,43367079
184.707,compaction_begin,3,0
184.872,compaction_end,3,43367081
184.883,compaction_begin,3,0
185.052,compaction_end,3,43367083
185.062,compaction_begin,3,0
185.231,compaction_end,3,43367080
185.241,compaction_begin,3,0
185.408,compaction_end,3,42906741
185.418,compaction_begin,3,0
185.589,compaction_end,3,43367077
185.599,compaction_begin,3,0
185.768,compaction_end,3,43367080
185.778,compaction_begin,3,0
185.947,compaction_end,3,42992648
185.956,compaction_begin,3,0
186.126,compaction_end,3,42618174
186.136,compaction_begin,3,0
186.311,compaction_end,3,43367084
186.318,compaction_begin,3,0
186.504,compaction_end,3,45917433
186.517,compaction_begin,3,0
186.690,compaction_end,3,43367078
186.700,compaction_begin,3,0
186.884,compaction_end,3,45542955
186.895,compaction_begin,3,0
187.064,compaction_end,3,42992650
187.074,compaction_begin,3,0
187.244,compaction_end,3,43367077
187.254,compaction_begin,3,0
187.424,compaction_end,3,42992653
187.434,compaction_begin,3,0
187.607,compaction_end,3,43367083
187.616,compaction_begin,3,0
187.786,compaction_end,3,43367083
187.796,compaction_begin,3,0
187.966,compaction_end,3,43367079
187.976,compaction_begin,3,0
188.148,compaction_end,3,43367078
188.156,compaction_begin,3,0
188.327,compaction_end,3,43367079
188.339,compaction_begin,3,0
188.517,compaction_end,3,43367080
188.527,compaction_begin,3,0
188.695,compaction_end,3,42992648
188.705,compaction_begin,3,0
188.874,compaction_end,3,42618174
188.885,compaction_begin,3,0
189.057,compaction_end,3,43367080
189.066,compaction_begin,3,0
189.239,compaction_end,3,43367082
189.249,compaction_begin,3,0
189.417,compaction_end,3,42243701
189.427,compaction_begin,3,0
189.435,flush_begin,0,0
189.446,flush_end,0,2744822
189.621,compaction_end,3,43367077
189.630,compaction_begin,2,0
189.922,compaction_end,2,3345317
189.941,compaction_begin,3,0
190.147,compaction_end,3,43367079
190.159,compaction_begin,3,0
190.324,compaction_end,3,43367081
190.336,compaction_begin,3,0
190.504,compaction_end,3,43367079
190.515,compaction_begin,3,0
190.683,compaction_end,3,43367080
190.693,compaction_begin,3,0
190.860,compaction_end,3,42992654
190.869,compaction_begin,3,0
191.034,compaction_end,3,43367080
191.046,compaction_begin,3,0
191.209,compaction_end,3,43367083
191.218,compaction_begin,3,0
191.386,compaction_end,3,42906741
191.395,compaction_begin,3,0
191.562,compaction_end,3,43367084
191.572,compaction_begin,3,0
191.738,compaction_end,3,42618174
191.747,compaction_begin,3,0
191.916,compaction_end,3,43367078
191.926,compaction_begin,3,0
192.104,compaction_end,3,45542955
192.115,compaction_begin,3,0
192.285,compaction_end,3,43367082
192.295,compaction_begin,3,0
192.464,compaction_end,3,42992653
192.474,compaction_begin,3,0
192.644,compaction_end,3,43367080
192.655,compaction_begin,3,0
192.831,compaction_end,3,44333873
192.841,compaction_begin,3,0
193.010,compaction_end,3,42618174
193.020,compaction_begin,3,0
193.201,compaction_end,3,45542956
193.212,compaction_begin,3,0
193.379,compaction_end,3,42243696
193.389,compaction_begin,3,0
193.558,compaction_end,3,43367079
193.568,compaction_begin,3,0
193.737,compaction_end,3,43367080
193.747,compaction_begin,3,0
193.917,compaction_end,3,43367077
193.928,compaction_begin,3,0
194.100,compaction_end,3,43367079
194.110,compaction_begin,3,0
194.280,compaction_end,3,43367079
194.291,compaction_begin,3,0
194.462,compaction_end,3,43367079
194.473,compaction_begin,3,0
194.643,compaction_end,3,42992650
194.652,compaction_begin,3,0
194.825,compaction_end,3,43367083
194.835,compaction_begin,3,0
194.856,flush_begin,0,0
194.866,flush_end,0,2744220
195.027,compaction_end,3,42618174
195.037,compaction_begin,2,0
195.328,compaction_end,2,3364313
195.343,compaction_begin,3,0
195.558,compaction_end,3,43367079
195.570,compaction_begin,3,0
195.738,compaction_end,3,43367079
195.749,compaction_begin,3,0
195.922,compaction_end,3,43367081
195.934,compaction_begin,3,0
196.100,compaction_end,3,43367077
196.110,compaction_begin,3,0
196.275,compaction_end,3,42906741
196.285,compaction_begin,3,0
196.454,compaction_end,3,43367079
196.464,compaction_begin,3,0
196.635,compaction_end,3,43367079
196.644,compaction_begin,3,0
196.814,compaction_end,3,43367076
196.824,compaction_begin,3,0
196.994,compaction_end,3,43367084
197.005,compaction_begin,3,0
197.175,compaction_end,3,43367080
197.185,compaction_begin,3,0
197.354,compaction_end,3,43367081
197.364,compaction_begin,3,0
197.535,compaction_end,3,43367078
197.545,compaction_begin,3,0
197.715,compaction_end,3,43367080
197.725,compaction_begin,3,0
197.895,compaction_end,3,42992648
197.906,compaction_begin,3,0
198.075,compaction_end,3,43367079
198.085,compaction_begin,3,0
198.254,compaction_end,3,43367079
198.264,compaction_begin,3,0
198.434,compaction_end,3,42992653
198.444,compaction_begin,3,0
198.612,compaction_end,3,43281145
198.620,compaction_begin,3,0
198.787,compaction_end,3,43367083
198.799,compaction_begin,3,0
198.970,compaction_end,3,43367077
198.980,compaction_begin,3,0
199.149,compaction_end,3,43367077
199.159,compaction_begin,3,0
199.341,compaction_end,3,45968030
199.352,compaction_begin,3,0
199.522,compaction_end,3,42992649
199.532,compaction_begin,3,0
199.705,compaction_end,3,43367080
199.715,compaction_begin,3,0
199.887,compaction_end,3,43367079
199.897,compaction_begin,3,0
200.069,compaction_end,3,43367078
200.079,compaction_begin,3,0
200.256,compaction_end,3,44267907
200.266,compaction_begin,3,0
200.302,flush_begin,0,0
200.313,flush_end,0,2744518
200.459,compaction_end,3,43367082
200.469,compaction_begin,2,0
200.758,compaction_end,2,3344864
200.777,compaction_begin,3,0
200.991,compaction_end,3,43367079
201.003,compaction_begin,3,0
201.165,compaction_end,3,43367081
201.175,compaction_begin,3,0
201.340,compaction_end,3,43367079
201.351,compaction_begin,3,0
201.517,compaction_end,3,43367082
201.528,compaction_begin,3,0
201.694,compaction_end,3,43367080
201.704,compaction_begin,3,0
201.874,compaction_end,3,43367077
201.883,compaction_begin,3,0
202.056,compaction_end,3,43367083
202.065,compaction_begin,3,0
202.235,compaction_end,3,43367082
202.244,compaction_begin,3,0
202.411,compaction_end,3,42618174
202.421,compaction_begin,3,0
202.589,compaction_end,3,43367084
202.599,compaction_begin,3,0
202.768,compaction_end,3,42992654
202.778,compaction_begin,3,0
202.945,compaction_end,3,43367078
202.955,compaction_begin,3,0
203.128,compaction_end,3,43367077
203.137,compaction_begin,3,0
203.311,compaction_end,3,43367082
203.324,compaction_begin,3,0
203.511,compaction_end,3,42992648
203.520,compaction_begin,3,0
203.695,compaction_end,3,43655652
203.706,compaction_begin,3,0
203.878,compaction_end,3,43367080
203.888,compaction_begin,3,0
204.060,compaction_end,3,43367077
204.070,compaction_begin,3,0
204.129,compaction_end,3,14335758
204.137,compaction_begin,3,0
204.308,compaction_end,3,43367080
204.318,compaction_begin,3,0
204.489,compaction_end,3,43367078
204.498,compaction_begin,3,0
204.684,compaction_end,3,45968033
204.695,compaction_begin,3,0
204.863,compaction_end,3,43367080
204.874,compaction_begin,3,0
205.044,compaction_end,3,43367081
205.054,compaction_begin,3,0
205.224,compaction_end,3,43367077
205.234,compaction_begin,3,0
205.414,compaction_end,3,45542957
205.424,compaction_begin,3,0
205.595,compaction_end,3,43367083
205.604,compaction_begin,3,0
205.712,flush_begin,0,0
205.723,flush_end,0,2744808
205.795,compaction_end,3,43367079
205.805,compaction_begin,2,0
206.090,compaction_end,2,3261838
206.108,compaction_begin,3,0
206.313,compaction_end,3,43367079
206.324,compaction_begin,3,0
206.488,compaction_end,3,43367079
206.499,compaction_begin,3,0
206.665,compaction_end,3,43367080
206.671,compaction_begin,3,0
206.837,compaction_end,3,43367081
206.847,compaction_begin,3,0
207.012,compaction_end,3,43367080
207.026,compaction_begin,3,0
207.190,compaction_end,3,42618174
207.199,compaction_begin,3,0
207.367,compaction_end,3,43367084
207.377,compaction_begin,3,0
207.546,compaction_end,3,43367076
207.555,compaction_begin,3,0
207.727,compaction_end,3,43367079
207.737,compaction_begin,3,0
207.902,compaction_end,3,42243701
207.912,compaction_begin,3,0
208.080,compaction_end,3,42618174
208.090,compaction_begin,3,0
208.257,compaction_end,3,43367079
208.265,compaction_begin,3,0
208.437,compaction_end,3,43367083
208.447,compaction_begin,3,0
208.617,compaction_end,3,43367082
208.626,compaction_begin,3,0
208.796,compaction_end,3,43367081
208.807,compaction_begin,3,0
208.990,compaction_end,3,45457038
209.000,compaction_begin,3,0
209.183,compaction_end,3,45968034
209.194,compaction_begin,3,0
209.365,compaction_end,3,43367077
209.375,compaction_begin,3,0
209.546,compaction_end,3,42992653
209.556,compaction_begin,3,0
209.728,compaction_end,3,43367078
209.736,compaction_begin,3,0
209.907,compaction_end,3,43367079
209.918,compaction_begin,3,0
210.084,compaction_end,3,42906741
210.093,compaction_begin,3,0
210.265,compaction_end,3,43367079
210.275,compaction_begin,3,0
210.448,compaction_end,3,43367080
210.458,compaction_begin,3,0
210.631,compaction_end,3,43367078
210.640,compaction_begin,3,0
210.818,compaction_end,3,43367077
210.829,compaction_begin,3,0
211.003,compaction_end,3,43367079
211.013,compaction_begin,3,0
211.186,flush_begin,0,0
211.197,flush_end,0,2744569
211.219,compaction_end,3,43367078
211.229,compaction_begin,2,0
211.524,compaction_end,2,3310730
211.544,compaction_begin,3,0
211.759,compaction_end,3,43367079
211.770,compaction_begin,3,0
211.940,compaction_end,3,43367081
211.951,compaction_begin,3,0
212.122,compaction_end,3,43367079
212.133,compaction_begin,3,0
212.305,compaction_end,3,43367081
212.316,compaction_begin,3,0
212.491,compaction_end,3,43367084
212.501,compaction_begin,3,0
212.674,compaction_end,3,43367076
212.684,compaction_begin,3,0
212.857,compaction_end,3,42992653
212.867,compaction_begin,3,0
213.043,compaction_end,3,43367083
213.053,compaction_begin,3,0
213.225,compaction_end,3,43367080
213.235,compaction_begin,3,0
213.407,compaction_end,3,42992648
213.418,compaction_begin,3,0
213.591,compaction_end,3,43367077
213.601,compaction_begin,3,0
213.774,compaction_end,3,43367082
213.784,compaction_begin,3,0
213.957,compaction_end,3,43367077
213.968,compaction_begin,3,0
214.143,compaction_end,3,43367078
214.151,compaction_begin,3,0
214.325,compaction_end,3,43367080
214.337,compaction_begin,3,0
214.512,compaction_end,3,43367082
214.523,compaction_begin,3,0
214.696,compaction_end,3,42906741
214.707,compaction_begin,3,0
214.883,compaction_end,3,43367080
214.893,compaction_begin,3,0
215.068,compaction_end,3,43367081
215.079,compaction_begin,3,0
215.250,compaction_end,3,42618174
215.261,compaction_begin,3,0
215.435,compaction_end,3,43367079
215.445,compaction_begin,3,0
215.617,compaction_end,3,43367083
215.627,compaction_begin,3,0
215.799,compaction_end,3,43367079
215.810,compaction_begin,3,0
215.984,compaction_end,3,43367081
215.994,compaction_begin,3,0
216.173,compaction_end,3,44333872
216.183,compaction_begin,3,0
216.356,compaction_end,3,43367082
216.367,compaction_begin,3,0
216.539,compaction_end,3,43367077
216.549,compaction_begin,3,0
216.676,flush_begin,0,0
216.688,flush_end,0,2744404
216.743,compaction_end,3,43367077
216.753,compaction_begin,2,0
217.038,compaction_end,2,3313291
217.056,compaction_begin,3,0
217.264,compaction_end,3,43367079
217.274,compaction_begin,3,0
217.447,compaction_end,3,43367081
217.458,compaction_begin,3,0
217.624,compaction_end,3,43367079
217.635,compaction_begin,3,0
217.802,compaction_end,3,43367084
217.812,compaction_begin,3,0
217.979,compaction_end,3,42906741
217.989,compaction_begin,3,0
218.156,compaction_end,3,42618174
218.166,compaction_begin,3,0
218.332,compaction_end,3,42618174
218.343,compaction_begin,3,0
218.513,compaction_end,3,43367079
218.523,compaction_begin,3,0
218.692,compaction_end,3,43367077
218.702,compaction_begin,3,0
218.871,compaction_end,3,43367076
218.881,compaction_begin,3,0
219.053,compaction_end,3,43367081
219.064,compaction_begin,3,0
219.233,compaction_end,3,43367079
219.243,compaction_begin,3,0
219.412,compaction_end,3,42992654
219.423,compaction_begin,3,0
219.591,compaction_end,3,43367083
219.601,compaction_begin,3,0
219.770,compaction_end,3,43367079
219.780,compaction_begin,3,0
219.949,compaction_end,3,43367078
219.958,compaction_begin,3,0
220.125,compaction_end,3,43367080
220.135,compaction_begin,3,0
220.304,compaction_end,3,43367082
220.314,compaction_begin,3,0
220.485,compaction_end,3,43367079
220.495,compaction_begin,3,0
220.664,compaction_end,3,43367080
220.674,compaction_begin,3,0
220.844,compaction_end,3,43367080
220.854,compaction_begin,3,0
221.020,compaction_end,3,43367076
221.030,compaction_begin,3,0
221.200,compaction_end,3,43367080
221.210,compaction_begin,3,0
221.379,compaction_end,3,43367077
221.390,compaction_begin,3,0
221.559,compaction_end,3,43367080
221.570,compaction_begin,3,0
221.741,compaction_end,3,43367086
221.751,compaction_begin,3,0
221.922,compaction_end,3,43367082
221.932,compaction_begin,3,0
222.101,compaction_end,3,42992649
222.111,compaction_begin,3,0
222.152,flush_begin,0,0
222.163,flush_end,0,2744365
222.299,compaction_end,3,43367079
222.309,compaction_begin,2,0
222.596,compaction_end,2,3316364
222.615,compaction_begin,3,0
222.823,compaction_end,3,43367079
222.835,compaction_begin,3,0
222.999,compaction_end,3,43367079
223.010,compaction_begin,3,0
223.176,compaction_end,3,43367081
223.187,compaction_begin,3,0
223.355,compaction_end,3,43367084
223.365,compaction_begin,3,0
223.527,compaction_end,3,43367079
223.538,compaction_begin,3,0
223.703,compaction_end,3,43367080
223.713,compaction_begin,3,0
223.883,compaction_end,3,42618174
223.893,compaction_begin,3,0
224.061,compaction_end,3,43367080
224.071,compaction_begin,3,0
224.241,compaction_end,3,43367077
224.251,compaction_begin,3,0
224.420,compaction_end,3,43367079
224.430,compaction_begin,3,0
224.601,compaction_end,3,43367077
224.612,compaction_begin,3,0
224.783,compaction_end,3,43367080
224.794,compaction_begin,3,0
224.968,compaction_end,3,42992648
224.978,compaction_begin,3,0
225.148,compaction_end,3,43367082
225.158,compaction_begin,3,0
225.326,compaction_end,3,42992649
225.336,compaction_begin,3,0
225.507,compaction_end,3,43367079
225.517,compaction_begin,3,0
225.686,compaction_end,3,43367078
225.696,compaction_begin,3,0
225.865,compaction_end,3,42992653
225.875,compaction_begin,3,0
226.042,compaction_end,3,42618174
226.053,compaction_begin,3,0
226.221,compaction_end,3,43367083
226.231,compaction_begin,3,0
226.402,compaction_end,3,43367081
226.412,compaction_begin,3,0
226.582,compaction_end,3,43367077
226.592,compaction_begin,3,0
226.760,compaction_end,3,43367077
226.770,compaction_begin,3,0
226.940,compaction_end,3,43367082
226.951,compaction_begin,3,0
227.120,compaction_end,3,42992648
227.130,compaction_begin,3,0
227.311,compaction_end,3,45542954
227.322,compaction_begin,3,0
227.492,compaction_end,3,43367080
227.502,compaction_begin,3,0
227.587,flush_begin,0,0
227.597,flush_end,0,2744337
227.698,compaction_end,3,45305110
227.709,compaction_begin,2,0
227.998,compaction_end,2,3283697
228.017,compaction_begin,3,0
228.228,compaction_end,3,43367079
228.240,compaction_begin,3,0
228.407,compaction_end,3,43367079
228.418,compaction_begin,3,0
228.588,compaction_end,3,43367081
228.599,compaction_begin,3,0
228.772,compaction_end,3,43367080
228.783,compaction_begin,3,0
228.959,compaction_end,3,43367080
228.969,compaction_begin,3,0
229.146,compaction_end,3,43367076
229.156,compaction_begin,3,0
229.330,compaction_end,3,42992653
229.340,compaction_begin,3,0
229.514,compaction_end,3,43367081
229.524,compaction_begin,3,0
229.694,compaction_end,3,43367078
229.704,compaction_begin,3,0
229.877,compaction_end,3,43367077
229.887,compaction_begin,3,0
230.056,compaction_end,3,43367081
230.067,compaction_begin,3,0
230.240,compaction_end,3,43367077
230.250,compaction_begin,3,0
230.423,compaction_end,3,43367079
230.431,compaction_begin,3,0
230.602,compaction_end,3,43367084
230.614,compaction_begin,3,0
230.786,compaction_end,3,43367080
230.796,compaction_begin,3,0
230.966,compaction_end,3,42618174
230.976,compaction_begin,3,0
231.147,compaction_end,3,43367078
231.158,compaction_begin,3,0
231.330,compaction_end,3,43367079
231.341,compaction_begin,3,0
231.518,compaction_end,3,43367080
231.529,compaction_begin,3,0
231.699,compaction_end,3,42992654
231.709,compaction_begin,3,0
231.882,compaction_end,3,43367079
231.893,compaction_begin,3,0
232.064,compaction_end,3,42992648
232.074,compaction_begin,3,0
232.250,compaction_end,3,43367079
232.260,compaction_begin,3,0
232.434,compaction_end,3,42618174
232.443,compaction_begin,3,0
232.623,compaction_end,3,43367082
232.633,compaction_begin,3,0
232.806,compaction_end,3,43367079
232.816,compaction_begin,3,0
232.988,compaction_end,3,42992648
232.998,compaction_begin,3,0
233.052,flush_begin,0,0
233.063,flush_end,0,2744877
233.194,compaction_end,3,43367081
233.205,compaction_begin,2,0
233.499,compaction_end,2,3275179
233.517,compaction_begin,3,0
233.728,compaction_end,3,43367079
233.740,compaction_begin,3,0
233.907,compaction_end,3,43367079
233.918,compaction_begin,3,0
234.092,compaction_end,3,43367081
234.103,compaction_begin,3,0
234.277,compaction_end,3,43367078
234.287,compaction_begin,3,0
234.460,compaction_end,3,43367079
234.470,compaction_begin,3,0
234.645,compaction_end,3,43367083
234.653,compaction_begin,3,0
234.828,compaction_end,3,43367084
234.840,compaction_begin,3,0
235.012,compaction_end,3,43367080
235.023,compaction_begin,3,0
235.190,compaction_end,3,42618174
235.200,compaction_begin,3,0
235.372,compaction_end,3,43367082
235.382,compaction_begin,3,0
235.549,compaction_end,3,43367079
235.559,compaction_begin,3,0
235.738,compaction_end,3,43367079
235.748,compaction_begin,3,0
235.919,compaction_end,3,43367080
235.929,compaction_begin,3,0
236.115,compaction_end,3,45968031
236.126,compaction_begin,3,0
236.300,compaction_end,3,42618174
236.310,compaction_begin,3,0
236.482,compaction_end,3,42618172
236.492,compaction_begin,3,0
236.666,compaction_end,3,43367080
236.676,compaction_begin,3,0
236.850,compaction_end,3,43367078
236.860,compaction_begin,3,0
237.033,compaction_end,3,43367079
237.043,compaction_begin,3,0
237.227,compaction_end,3,43367082
237.237,compaction_begin,3,0
237.425,compaction_end,3,45305115
237.435,compaction_begin,3,0
237.609,compaction_end,3,43367077
237.619,compaction_begin,3,0
237.789,compaction_end,3,43367082
237.799,compaction_begin,3,0
237.973,compaction_end,3,43367086
237.983,compaction_begin,3,0
238.158,compaction_end,3,43367077
238.169,compaction_begin,3,0
238.341,compaction_end,3,43367081
238.352,compaction_begin,3,0
238.528,compaction_end,3,43367079
238.539,flush_begin,0,0
238.550,flush_end,0,2744831
238.559,compaction_begin,2,0
238.849,compaction_end,2,3258237
238.867,compaction_begin,3,0
239.086,compaction_end,3,43367079
239.095,compaction_begin,3,0
239.277,compaction_end,3,43367080
239.291,compaction_begin,3,0
239.458,compaction_end,3,43367079
239.469,compaction_begin,3,0
239.637,compaction_end,3,43367081
239.645,compaction_begin,3,0
239.821,compaction_end,3,43367080
239.835,compaction_begin,3,0
240.008,compaction_end,3,43367077
240.017,compaction_begin,3,0
240.198,compaction_end,3,43367079
240.208,compaction_begin,3,0
240.380,compaction_end,3,43367079
240.392,compaction_begin,3,0
240.577,compaction_end,3,44930720
240.585,compaction_begin,3,0
240.768,compaction_end,3,42992654
240.780,compaction_begin,3,0
240.957,compaction_end,3,43367084
240.967,compaction_begin,3,0
241.144,compaction_end,3,43367082
241.154,compaction_begin,3,0
241.346,compaction_end,3,45542958
241.356,compaction_begin,3,0
241.530,compaction_end,3,43367080
241.540,compaction_begin,3,0
241.714,compaction_end,3,43367081
241.724,compaction_begin,3,0
241.899,compaction_end,3,42618174
241.910,compaction_begin,3,0
242.086,compaction_end,3,43367079
242.097,compaction_begin,3,0
242.277,compaction_end,3,43367077
242.287,compaction_begin,3,0
242.467,compaction_end,3,43367081
242.478,compaction_begin,3,0
242.654,compaction_end,3,43367079
242.664,compaction_begin,3,0
242.841,compaction_end,3,43367080
242.851,compaction_begin,3,0
243.035,compaction_end,3,42243697
243.045,compaction_begin,3,0
243.232,compaction_end,3,43367079
243.242,compaction_begin,3,0
243.434,compaction_end,3,43367083
243.442,compaction_begin,3,0
243.633,compaction_end,3,43367082
243.644,compaction_begin,3,0
243.835,compaction_end,3,43367083
243.845,compaction_begin,3,0
243.997,flush_begin,0,0
244.008,flush_end,0,2744554
244.053,compaction_end,3,43367080
244.063,compaction_begin,2,0
244.352,compaction_end,2,3281615
244.368,compaction_begin,3,0
244.593,compaction_end,3,43367079
244.605,compaction_begin,3,0
244.780,compaction_end,3,43367081
244.791,compaction_begin,3,0
244.960,compaction_end,3,43367079
244.972,compaction_begin,3,0
245.138,compaction_end,3,43367080
245.148,compaction_begin,3,0
245.320,compaction_end,3,42618174
245.331,compaction_begin,3,0
245.507,compaction_end,3,43367081
245.517,compaction_begin,3,0
245.685,compaction_end,3,43367082
245.694,compaction_begin,3,0
245.867,compaction_end,3,43367080
245.878,compaction_begin,3,0
246.067,compaction_end,3,44930718
246.077,compaction_begin,3,0
246.254,compaction_end,3,43367082
246.265,compaction_begin,3,0
246.447,compaction_end,3,43367079
246.457,compaction_begin,3,0
246.649,compaction_end,3,43367084
246.659,compaction_begin,3,0
246.827,compaction_end,3,43367079
246.837,compaction_begin,3,0
247.003,compaction_end,3,42618174
247.013,compaction_begin,3,0
247.181,compaction_end,3,43367079
247.192,compaction_begin,3,0
247.360,compaction_end,3,43367077
247.368,compaction_begin,3,0
247.534,compaction_end,3,43367081
247.547,compaction_begin,3,0
247.716,compaction_end,3,43367080
247.726,compaction_begin,3,0
247.896,compaction_end,3,43367077
247.906,compaction_begin,3,0
248.082,compaction_end,3,43367080
248.092,compaction_begin,3,0
248.273,compaction_end,3,45968031
248.284,compaction_begin,3,0
248.453,compaction_end,3,43367076
248.463,compaction_begin,3,0
248.631,compaction_end,3,42618172
248.641,compaction_begin,3,0
248.811,compaction_end,3,43367078
248.822,compaction_begin,3,0
248.994,compaction_end,3,43367078
249.004,compaction_begin,3,0
249.172,compaction_end,3,43367080
249.182,compaction_begin,3,0
249.351,compaction_end,3,43367077
249.361,compaction_begin,3,0
249.448,flush_begin,0,0
249.460,flush_end,0,2744680
249.549,compaction_end,3,42992654
249.560,compaction_begin,2,0
249.846,compaction_end,2,3316209
249.861,compaction_begin,3,0
250.066,compaction_end,3,43367079
250.078,compaction_begin,3,0
250.241,compaction_end,3,43367079
250.252,compaction_begin,3,0
250.417,compaction_end,3,43367081
250.428,compaction_begin,3,0
250.591,compaction_end,3,43367080
250.602,compaction_begin,3,0
250.764,compaction_end,3,43367081
250.774,compaction_begin,3,0
250.939,compaction_end,3,43367084
250.948,compaction_begin,3,0
251.115,compaction_end,3,43367077
251.125,compaction_begin,3,0
251.297,compaction_end,3,43367080
251.307,compaction_begin,3,0
251.477,compaction_end,3,43367076
251.487,compaction_begin,3,0
251.654,compaction_end,3,42992654
251.664,compaction_begin,3,0
251.833,compaction_end,3,43367077
251.843,compaction_begin,3,0
252.014,compaction_end,3,43367081
252.024,compaction_begin,3,0
252.191,compaction_end,3,42618174
252.201,compaction_begin,3,0
252.374,compaction_end,3,43367081
252.382,compaction_begin,3,0
252.551,compaction_end,3,43367082
252.562,compaction_begin,3,0
252.732,compaction_end,3,42906741
252.742,compaction_begin,3,0
252.913,compaction_end,3,43367077
252.923,compaction_begin,3,0
253.090,compaction_end,3,43367077
253.100,compaction_begin,3,0
253.266,compaction_end,3,43367079
253.276,compaction_begin,3,0
253.444,compaction_end,3,43367078
253.454,compaction_begin,3,0
253.624,compaction_end,3,43367082
253.634,compaction_begin,3,0
253.805,compaction_end,3,43367080
253.815,compaction_begin,3,0
253.987,compaction_end,3,43367079
253.997,compaction_begin,3,0
254.165,compaction_end,3,42618174
254.175,compaction_begin,3,0
254.345,compaction_end,3,42618172
254.355,compaction_begin,3,0
254.528,compaction_end,3,43367079
254.538,compaction_begin,3,0
254.707,compaction_end,3,43367079
254.718,compaction_begin,3,0
254.887,compaction_end,3,43367078
254.897,flush_begin,0,0
254.908,flush_end,0,2744891
254.918,compaction_begin,2,0
255.205,compaction_end,2,3346103
255.220,compaction_begin,3,0
255.422,compaction_end,3,43367079
255.435,compaction_begin,3,0
255.605,compaction_end,3,43367079
255.616,compaction_begin,3,0
255.779,compaction_end,3,43367081
255.790,compaction_begin,3,0
255.959,compaction_end,3,43367079
255.969,compaction_begin,3,0
256.136,compaction_end,3,43367080
256.146,compaction_begin,3,0
256.315,compaction_end,3,43367082
256.325,compaction_begin,3,0
256.493,compaction_end,3,43367079
256.503,compaction_begin,3,0
256.670,compaction_end,3,43367082
256.680,compaction_begin,3,0
256.852,compaction_end,3,43367079
256.862,compaction_begin,3,0
257.031,compaction_end,3,43367077
257.041,compaction_begin,3,0
257.211,compaction_end,3,43367080
257.221,compaction_begin,3,0
257.390,compaction_end,3,42618172
257.400,compaction_begin,3,0
257.572,compaction_end,3,43367084
257.582,compaction_begin,3,0
257.751,compaction_end,3,43367077
257.761,compaction_begin,3,0
257.931,compaction_end,3,43367080
257.941,compaction_begin,3,0
258.107,compaction_end,3,42618174
258.117,compaction_begin,3,0
258.283,compaction_end,3,43367078
258.293,compaction_begin,3,0
258.463,compaction_end,3,43367079
258.473,compaction_begin,3,0
258.643,compaction_end,3,43367081
258.653,compaction_begin,3,0
258.825,compaction_end,3,43367083
258.835,compaction_begin,3,0
259.005,compaction_end,3,43367082
259.015,compaction_begin,3,0
259.187,compaction_end,3,43367080
259.197,compaction_begin,3,0
259.367,compaction_end,3,43367083
259.377,compaction_begin,3,0
259.549,compaction_end,3,43367078
259.560,compaction_begin,3,0
259.740,compaction_end,3,44556335
259.750,compaction_begin,3,0
259.903,compaction_end,3,39030371
259.911,compaction_begin,3,0
260.081,compaction_end,3,43367079
260.092,compaction_begin,3,0
260.265,compaction_end,3,43367081
260.275,compaction_begin,3,0
260.335,flush_begin,0,0
260.345,flush_end,0,2744770
260.470,compaction_end,3,43959484
260.480,compaction_begin,2,0
260.767,compaction_end,2,3249639
260.785,compaction_begin,3,0
260.993,compaction_end,3,43367081
261.001,compaction_begin,3,0
261.170,compaction_end,3,43367082
261.184,compaction_begin,3,0
261.346,compaction_end,3,43367081
261.356,compaction_begin,3,0
261.521,compaction_end,3,43367078
261.532,compaction_begin,3,0
261.696,compaction_end,3,42992653
261.706,compaction_begin,3,0
261.870,compaction_end,3,42906741
261.880,compaction_begin,3,0
262.049,compaction_end,3,43367079
262.059,compaction_begin,3,0
262.225,compaction_end,3,43367077
262.235,compaction_begin,3,0
262.404,compaction_end,3,43367078
262.414,compaction_begin,3,0
262.583,compaction_end,3,43367078
262.593,compaction_begin,3,0
262.761,compaction_end,3,43367084
262.771,compaction_begin,3,0
262.941,compaction_end,3,43367080
262.951,compaction_begin,3,0
263.129,compaction_end,3,43367077
263.139,compaction_begin,3,0
263.313,compaction_end,3,43367080
263.323,compaction_begin,3,0
263.502,compaction_end,3,43367079
263.510,compaction_begin,3,0
263.688,compaction_end,3,44556335
263.700,compaction_begin,3,0
263.872,compaction_end,3,43367081
263.882,compaction_begin,3,0
264.053,compaction_end,3,43367080
264.063,compaction_begin,3,0
264.232,compaction_end,3,43367078
264.242,compaction_begin,3,0
264.412,compaction_end,3,43367077
264.422,compaction_begin,3,0
264.592,compaction_end,3,43367080
264.602,compaction_begin,3,0
264.773,compaction_end,3,43367080
264.783,compaction_begin,3,0
264.954,compaction_end,3,43367080
264.964,compaction_begin,3,0
265.135,compaction_end,3,43367081
265.146,compaction_begin,3,0
265.317,compaction_end,3,43367080
265.327,compaction_begin,3,0
265.499,compaction_end,3,43367082
265.509,compaction_begin,3,0
265.678,compaction_end,3,43367079
265.688,compaction_begin,3,0
265.775,flush_begin,0,0
265.787,flush_end,0,2744771
265.872,compaction_end,3,43367081
265.882,compaction_begin,2,0
266.171,compaction_end,2,3313919
266.186,compaction_begin,3,0
266.391,compaction_end,3,43367079
266.403,compaction_begin,3,0
266.568,compaction_end,3,43367081
266.579,compaction_begin,3,0
266.745,compaction_end,3,43367084
266.755,compaction_begin,3,0
266.922,compaction_end,3,43367079
266.934,compaction_begin,3,0
267.104,compaction_end,3,43367079
267.114,compaction_begin,3,0
267.284,compaction_end,3,43367077
267.294,compaction_begin,3,0
267.465,compaction_end,3,43367079
267.475,compaction_begin,3,0
267.641,compaction_end,3,42618174
267.651,compaction_begin,3,0
267.824,compaction_end,3,43367076
267.834,compaction_begin,3,0
268.003,compaction_end,3,43367077
268.011,compaction_begin,3,0
268.178,compaction_end,3,42992649
268.191,compaction_begin,3,0
268.360,compaction_end,3,43367080
268.369,compaction_begin,3,0
268.545,compaction_end,3,43807607
268.553,compaction_begin,3,0
268.722,compaction_end,3,42618174
268.734,compaction_begin,3,0
268.904,compaction_end,3,43367080
268.914,compaction_begin,3,0
269.085,compaction_end,3,43367080
269.095,compaction_begin,3,0
269.266,compaction_end,3,43367079
269.276,compaction_begin,3,0
269.335,compaction_end,3,14335758
269.344,compaction_begin,3,0
269.514,compaction_end,3,43367081
269.523,compaction_begin,3,0
269.692,compaction_end,3,42992651
269.702,compaction_begin,3,0
269.872,compaction_end,3,43367083
269.882,compaction_begin,3,0
270.053,compaction_end,3,43367079
270.063,compaction_begin,3,0
270.234,compaction_end,3,43367077
270.244,compaction_begin,3,0
270.415,compaction_end,3,43367079
270.426,compaction_begin,3,0
270.605,compaction_end,3,43367083
270.615,compaction_begin,3,0
270.785,compaction_end,3,43367083
270.793,compaction_begin,3,0
270.970,compaction_end,3,43959482
270.982,compaction_begin,3,0
271.153,compaction_end,3,43367080
271.163,compaction_begin,3,0
271.207,flush_begin,0,0
271.219,flush_end,0,2744519
271.352,compaction_end,3,43367079
271.363,compaction_begin,2,0
271.650,compaction_end,2,3248320
271.666,compaction_begin,3,0
271.873,compaction_end,3,43367079
271.885,compaction_begin,3,0
272.048,compaction_end,3,43367079
272.059,compaction_begin,3,0
272.225,compaction_end,3,43367081
272.236,compaction_begin,3,0
272.404,compaction_end,3,43367084
272.414,compaction_begin,3,0
272.579,compaction_end,3,42906741
272.589,compaction_begin,3,0
272.757,compaction_end,3,43367082
272.767,compaction_begin,3,0
272.936,compaction_end,3,43367076
272.946,compaction_begin,3,0
273.117,compaction_end,3,42618174
273.127,compaction_begin,3,0
273.298,compaction_end,3,43367080
273.308,compaction_begin,3,0
273.481,compaction_end,3,43367078
273.491,compaction_begin,3,0
273.660,compaction_end,3,43367079
273.670,compaction_begin,3,0
273.840,compaction_end,3,43367083
273.850,compaction_begin,3,0
274.021,compaction_end,3,43367079
274.031,compaction_begin,3,0
274.201,compaction_end,3,43367082
274.211,compaction_begin,3,0
274.382,compaction_end,3,43367082
274.392,compaction_begin,3,0
274.562,compaction_end,3,43367081
274.572,compaction_begin,3,0
274.742,compaction_end,3,43367080
274.752,compaction_begin,3,0
274.922,compaction_end,3,43367081
274.932,compaction_begin,3,0
275.103,compaction_end,3,43367083
275.113,compaction_begin,3,0
275.284,compaction_end,3,43367079
275.292,compaction_begin,3,0
275.461,compaction_end,3,43367077
275.473,compaction_begin,3,0
275.645,compaction_end,3,43367077
275.655,compaction_begin,3,0
275.834,compaction_end,3,44333871
275.844,compaction_begin,3,0
276.013,compaction_end,3,43367077
276.021,compaction_begin,3,0
276.189,compaction_end,3,42618174
276.201,compaction_begin,3,0
276.371,compaction_end,3,43367080
276.381,compaction_begin,3,0
276.552,compaction_end,3,43367079
276.562,compaction_begin,3,0
276.656,flush_begin,0,0
276.668,flush_end,0,2744727
276.750,compaction_end,3,43367080
276.760,compaction_begin,2,0
277.046,compaction_end,2,3287629
277.065,compaction_begin,3,0
277.278,compaction_end,3,43367079
277.286,compaction_begin,3,0
277.453,compaction_end,3,43367079
277.467,compaction_begin,3,0
277.637,compaction_end,3,43367081
277.648,compaction_begin,3,0
277.820,compaction_end,3,43367080
277.828,compaction_begin,3,0
278.002,compaction_end,3,43367083
278.014,compaction_begin,3,0
278.200,compaction_end,3,43367082
278.211,compaction_begin,3,0
278.388,compaction_end,3,43367079
278.398,compaction_begin,3,0
278.570,compaction_end,3,43367080
278.580,compaction_begin,3,0
278.760,compaction_end,3,43367083
278.775,compaction_begin,3,0
278.959,compaction_end,3,43367080
278.970,compaction_begin,3,0
279.145,compaction_end,3,43367080
279.155,compaction_begin,3,0
279.326,compaction_end,3,43210615
279.336,compaction_begin,3,0
279.511,compaction_end,3,43367077
279.521,compaction_begin,3,0
279.694,compaction_end,3,42992651
279.704,compaction_begin,3,0
279.883,compaction_end,3,43367084
279.893,compaction_begin,3,0
280.063,compaction_end,3,42618174
280.073,compaction_begin,3,0
280.244,compaction_end,3,43367082
280.254,compaction_begin,3,0
280.432,compaction_end,3,43367077
280.442,compaction_begin,3,0
280.613,compaction_end,3,42618172
280.623,compaction_begin,3,0
280.803,compaction_end,3,43367082
280.813,compaction_begin,3,0
280.984,compaction_end,3,43367082
280.994,compaction_begin,3,0
281.166,compaction_end,3,43367080
281.176,compaction_begin,3,0
281.346,compaction_end,3,43367079
281.356,compaction_begin,3,0
281.538,compaction_end,3,43367079
281.548,compaction_begin,3,0
281.717,compaction_end,3,42992649
281.727,compaction_begin,3,0
281.905,compaction_end,3,43367078
281.915,compaction_begin,3,0
282.084,flush_begin,0,0
282.095,flush_end,0,2744792
282.112,compaction_end,3,42906741
282.122,compaction_begin,2,0
282.407,compaction_end,2,3317435
282.423,compaction_begin,3,0
282.630,compaction_end,3,43367079
282.642,compaction_begin,3,0
282.810,compaction_end,3,43367081
282.821,compaction_begin,3,0
282.986,compaction_end,3,43367079
282.997,compaction_begin,3,0
283.167,compaction_end,3,43367080
283.177,compaction_begin,3,0
283.346,compaction_end,3,43367084
283.356,compaction_begin,3,0
283.536,compaction_end,3,43367080
283.547,compaction_begin,3,0
283.724,compaction_end,3,43367083
283.734,compaction_begin,3,0
283.915,compaction_end,3,43367079
283.925,compaction_begin,3,0
284.101,compaction_end,3,42906741
284.109,compaction_begin,3,0
284.281,compaction_end,3,43367079
284.294,compaction_begin,3,0
284.468,compaction_end,3,43367077
284.477,compaction_begin,3,0
284.655,compaction_end,3,42618174
284.665,compaction_begin,3,0
284.847,compaction_end,3,43367078
284.855,compaction_begin,3,0
285.044,compaction_end,3,43367079
285.056,compaction_begin,3,0
285.228,compaction_end,3,43367078
285.238,compaction_begin,3,0
285.412,compaction_end,3,43367082
285.422,compaction_begin,3,0
285.603,compaction_end,3,43367082
285.613,compaction_begin,3,0
285.790,compaction_end,3,43367083
285.798,compaction_begin,3,0
285.990,compaction_end,3,43367080
286.002,compaction_begin,3,0
286.179,compaction_end,3,43367080
286.189,compaction_begin,3,0
286.377,compaction_end,3,43367078
286.387,compaction_begin,3,0
286.574,compaction_end,3,43367080
286.584,compaction_begin,3,0
286.770,compaction_end,3,43367077
286.780,compaction_begin,3,0
286.968,compaction_end,3,43367081
286.979,compaction_begin,3,0
287.163,compaction_end,3,43367079
287.173,compaction_begin,3,0
287.350,compaction_end,3,43367080
287.357,compaction_begin,3,0
287.541,compaction_end,3,43367079
287.552,compaction_begin,3,0
287.571,flush_begin,0,0
287.582,flush_end,0,2744463
287.761,compaction_end,3,43367078
287.771,compaction_begin,2,0
288.061,compaction_end,2,3306437
288.080,compaction_begin,3,0
288.313,compaction_end,3,43367079
288.326,compaction_begin,3,0
288.509,compaction_end,3,43367079
288.520,compaction_begin,3,0
288.699,compaction_end,3,43367081
288.710,compaction_begin,3,0
288.886,compaction_end,3,43367084
288.896,compaction_begin,3,0
289.069,compaction_end,3,43367080
289.079,compaction_begin,3,0
289.256,compaction_end,3,43367083
289.266,compaction_begin,3,0
289.436,compaction_end,3,43367082
289.446,compaction_begin,3,0
289.615,compaction_end,3,43367076
289.625,compaction_begin,3,0
289.793,compaction_end,3,43367083
289.803,compaction_begin,3,0
289.970,compaction_end,3,42906741
289.980,compaction_begin,3,0
290.148,compaction_end,3,43367080
290.158,compaction_begin,3,0
290.326,compaction_end,3,43367080
290.336,compaction_begin,3,0
290.506,compaction_end,3,43367077
290.515,compaction_begin,3,0
290.686,compaction_end,3,43210615
290.696,compaction_begin,3,0
290.866,compaction_end,3,43367079
290.876,compaction_begin,3,0
291.047,compaction_end,3,43367079
291.057,compaction_begin,3,0
291.226,compaction_end,3,43367080
291.236,compaction_begin,3,0
291.405,compaction_end,3,43367082
291.415,compaction_begin,3,0
291.583,compaction_end,3,43367077
291.593,compaction_begin,3,0
291.763,compaction_end,3,43367082
291.772,compaction_begin,3,0
291.942,compaction_end,3,43367078
291.951,compaction_begin,3,0
292.122,compaction_end,3,43367086
292.131,compaction_begin,3,0
292.301,compaction_end,3,43367081
292.312,compaction_begin,3,0
292.483,compaction_end,3,43367079
292.493,compaction_begin,3,0
292.664,compaction_end,3,43367079
292.673,compaction_begin,3,0
292.843,compaction_end,3,43367078
292.854,compaction_begin,3,0
292.992,flush_begin,0,0
293.003,flush_end,0,2744514
293.045,compaction_end,3,43367078
293.054,compaction_begin,2,0
293.350,compaction_end,2,3288911
293.366,compaction_begin,3,0
293.576,compaction_end,3,43367079
293.588,compaction_begin,3,0
293.764,compaction_end,3,43367079
293.776,compaction_begin,3,0
293.946,compaction_end,3,43367081
293.957,compaction_begin,3,0
294.131,compaction_end,3,43367077
294.142,compaction_begin,3,0
294.316,compaction_end,3,43367084
294.326,compaction_begin,3,0
294.500,compaction_end,3,43367081
294.510,compaction_begin,3,0
294.684,compaction_end,3,43367080
294.695,compaction_begin,3,0
294.871,compaction_end,3,43367080
294.881,compaction_begin,3,0
295.059,compaction_end,3,43367076
295.069,compaction_begin,3,0
295.245,compaction_end,3,43367078
295.255,compaction_begin,3,0
295.432,compaction_end,3,43367082
295.442,compaction_begin,3,0
295.619,compaction_end,3,43367086
295.627,compaction_begin,3,0
295.801,compaction_end,3,42906741
295.813,compaction_begin,3,0
295.985,compaction_end,3,43367077
295.995,compaction_begin,3,0
296.167,compaction_end,3,43367079
296.177,compaction_begin,3,0
296.347,compaction_end,3,42618174
296.357,compaction_begin,3,0
296.529,compaction_end,3,43367079
296.539,compaction_begin,3,0
296.713,compaction_end,3,43367083
296.723,compaction_begin,3,0
296.898,compaction_end,3,43367077
296.908,compaction_begin,3,0
297.084,compaction_end,3,43367080
297.094,compaction_begin,3,0
297.155,compaction_end,3,14335758
297.164,compaction_begin,3,0
297.341,compaction_end,3,43367083
297.350,compaction_begin,3,0
297.522,compaction_end,3,42618174
297.532,compaction_begin,3,0
297.705,compaction_end,3,42992649
297.715,compaction_begin,3,0
297.887,compaction_end,3,43210615
297.897,compaction_begin,3,0
298.070,compaction_end,3,43367081
298.080,compaction_begin,3,0
298.255,compaction_end,3,43367079
298.262,compaction_begin,3,0
298.438,compaction_end,3,43367079
298.449,compaction_begin,3,0
298.486,flush_begin,0,0
298.498,flush_end,0,2744662
298.646,compaction_end,3,43367083
298.656,compaction_begin,2,0
298.942,compaction_end,2,3324503
298.956,compaction_begin,3,0
299.158,compaction_end,3,43367079
299.166,compaction_begin,3,0
299.342,compaction_end,3,43367080
299.356,compaction_begin,3,0
299.528,compaction_end,3,43367079
299.539,compaction_begin,3,0
299.715,compaction_end,3,43367084
299.725,compaction_begin,3,0
299.909,compaction_end,3,43367081
299.920,compaction_begin,3,0
300.089,compaction_end,3,43367082
300.099,compaction_begin,3,0
300.264,compaction_end,3,43367080
300.275,compaction_begin,3,0
300.444,compaction_end,3,43367079
300.455,compaction_begin,3,0
300.625,compaction_end,3,43367078
300.635,compaction_begin,3,0
300.805,compaction_end,3,43367083
300.815,compaction_begin,3,0
300.984,compaction_end,3,43367080
300.993,compaction_begin,3,0
301.161,compaction_end,3,42992649
301.171,compaction_begin,3,0
301.342,compaction_end,3,43367081
301.352,compaction_begin,3,0
301.525,compaction_end,3,43367077
301.535,compaction_begin,3,0
301.705,compaction_end,3,43367078
301.715,compaction_begin,3,0
301.884,compaction_end,3,43367083
301.895,compaction_begin,3,0
302.061,compaction_end,3,42618174
302.071,compaction_begin,3,0
302.241,compaction_end,3,43367080
302.252,compaction_begin,3,0
302.424,compaction_end,3,43367083
302.434,compaction_begin,3,0
302.603,compaction_end,3,43367077
302.613,compaction_begin,3,0
302.785,compaction_end,3,43367076
302.795,compaction_begin,3,0
302.967,compaction_end,3,43367079
302.977,compaction_begin,3,0
303.143,compaction_end,3,43367082
303.153,compaction_begin,3,0
303.324,compaction_end,3,43367079
303.334,compaction_begin,3,0
303.507,compaction_end,3,43367079
303.517,compaction_begin,3,0
303.686,compaction_end,3,43367082
303.696,compaction_begin,3,0
303.868,compaction_end,3,43367077
303.878,compaction_begin,3,0
303.918,flush_begin,0,0
303.930,flush_end,0,2744622
304.069,compaction_end,3,43367079
304.079,compaction_begin,2,0
304.365,compaction_end,2,3375963
304.379,compaction_begin,3,0
304.582,compaction_end,3,43367079
304.594,compaction_begin,3,0
304.759,compaction_end,3,43367081
304.767,compaction_begin,3,0
304.932,compaction_end,3,43367079
304.946,compaction_begin,3,0
305.109,compaction_end,3,43367077
305.119,compaction_begin,3,0
305.281,compaction_end,3,42906741
305.291,compaction_begin,3,0
305.458,compaction_end,3,43367084
305.469,compaction_begin,3,0
305.636,compaction_end,3,43367079
305.644,compaction_begin,3,0
305.811,compaction_end,3,43367077
305.823,compaction_begin,3,0
305.990,compaction_end,3,43367080
306.001,compaction_begin,3,0
306.167,compaction_end,3,43367079
306.177,compaction_begin,3,0
306.349,compaction_end,3,43367086
306.359,compaction_begin,3,0
306.525,compaction_end,3,43367080
306.535,compaction_begin,3,0
306.705,compaction_end,3,43367078
306.715,compaction_begin,3,0
306.772,compaction_end,3,14335758
306.781,compaction_begin,3,0
306.950,compaction_end,3,43367082
306.960,compaction_begin,3,0
307.129,compaction_end,3,43367079
307.139,compaction_begin,3,0
307.308,compaction_end,3,43367080
307.318,compaction_begin,3,0
307.494,compaction_end,3,43367080
307.504,compaction_begin,3,0
307.671,compaction_end,3,43367079
307.681,compaction_begin,3,0
307.848,compaction_end,3,43367079
307.856,compaction_begin,3,0
308.023,compaction_end,3,43367076
308.035,compaction_begin,3,0
308.204,compaction_end,3,43367078
308.214,compaction_begin,3,0
308.381,compaction_end,3,43367078
308.390,compaction_begin,3,0
308.557,compaction_end,3,43367081
308.567,compaction_begin,3,0
308.737,compaction_end,3,43367082
308.746,compaction_begin,3,0
308.915,compaction_end,3,43367079
308.926,compaction_begin,3,0
309.096,compaction_end,3,43367081
309.105,compaction_begin,3,0
309.274,compaction_end,3,43367079
309.284,compaction_begin,3,0
309.373,flush_begin,0,0
309.384,flush_end,0,2744481
309.471,compaction_end,3,42992648
309.480,compaction_begin,2,0
309.768,compaction_end,2,3425294
309.786,compaction_begin,3,0
309.992,compaction_end,3,43367079
310.003,compaction_begin,3,0
310.166,compaction_end,3,43367081
310.177,compaction_begin,3,0
310.340,compaction_end,3,43367079
310.352,compaction_begin,3,0
310.515,compaction_end,3,43367082
310.525,compaction_begin,3,0
310.690,compaction_end,3,43367080
310.700,compaction_begin,3,0
310.869,compaction_end,3,43367079
310.880,compaction_begin,3,0
311.059,compaction_end,3,43367082
311.070,compaction_begin,3,0
311.250,compaction_end,3,43367080
311.261,compaction_begin,3,0
311.441,compaction_end,3,43367080
311.451,compaction_begin,3,0
311.625,compaction_end,3,43367077
311.635,compaction_begin,3,0
311.804,compaction_end,3,43367077
311.815,compaction_begin,3,0
311.981,compaction_end,3,43367079
311.991,compaction_begin,3,0
312.160,compaction_end,3,43210615
312.170,compaction_begin,3,0
312.338,compaction_end,3,43367080
312.348,compaction_begin,3,0
312.512,compaction_end,3,43367077
312.522,compaction_begin,3,0
312.690,compaction_end,3,43367079
312.699,compaction_begin,3,0
312.865,compaction_end,3,43367079
312.874,compaction_begin,3,0
313.040,compaction_end,3,43367086
313.050,compaction_begin,3,0
313.218,compaction_end,3,43367078
313.228,compaction_begin,3,0
313.397,compaction_end,3,43367076
313.407,compaction_begin,3,0
313.575,compaction_end,3,42906741
313.585,compaction_begin,3,0
313.755,compaction_end,3,43367079
313.765,compaction_begin,3,0
313.936,compaction_end,3,43367084
313.946,compaction_begin,3,0
314.112,compaction_end,3,42618174
314.122,compaction_begin,3,0
314.289,compaction_end,3,43367079
314.297,compaction_begin,3,0
314.466,compaction_end,3,43367079
314.478,compaction_begin,3,0
314.652,compaction_end,3,43367081
314.662,compaction_begin,3,0
314.806,flush_begin,0,0
314.817,flush_end,0,2744749
314.853,compaction_end,3,43367079
314.863,compaction_begin,2,0
315.152,compaction_end,2,3432848
315.172,compaction_begin,3,0
315.390,compaction_end,3,43367079
315.402,compaction_begin,3,0
315.572,compaction_end,3,43367081
315.583,compaction_begin,3,0
315.753,compaction_end,3,43367079
315.764,compaction_begin,3,0
315.938,compaction_end,3,43367084
315.948,compaction_begin,3,0
316.118,compaction_end,3,43367080
316.131,compaction_begin,3,0
316.302,compaction_end,3,42906741
316.312,compaction_begin,3,0
316.482,compaction_end,3,43367082
316.493,compaction_begin,3,0
316.666,compaction_end,3,43367080
316.676,compaction_begin,3,0
316.855,compaction_end,3,43367079
316.866,compaction_begin,3,0
317.045,compaction_end,3,43367080
317.055,compaction_begin,3,0
317.225,compaction_end,3,43367079
317.235,compaction_begin,3,0
317.409,compaction_end,3,43367079
317.419,compaction_begin,3,0
317.589,compaction_end,3,43367082
317.599,compaction_begin,3,0
317.768,compaction_end,3,43367079
317.779,compaction_begin,3,0
317.953,compaction_end,3,43367076
317.963,compaction_begin,3,0
318.137,compaction_end,3,43367078
318.147,compaction_begin,3,0
318.318,compaction_end,3,43367080
318.328,compaction_begin,3,0
318.496,compaction_end,3,43367077
318.506,compaction_begin,3,0
318.683,compaction_end,3,43367083
318.694,compaction_begin,3,0
318.871,compaction_end,3,43367081
318.881,compaction_begin,3,0
319.057,compaction_end,3,43367079
319.067,compaction_begin,3,0
319.241,compaction_end,3,43367080
319.251,compaction_begin,3,0
319.434,compaction_end,3,43367082
319.444,compaction_begin,3,0
319.631,compaction_end,3,43058652
319.641,compaction_begin,3,0
319.816,compaction_end,3,42618174
319.826,compaction_begin,3,0
319.997,compaction_end,3,43367082
320.007,compaction_begin,3,0
320.178,compaction_end,3,43367083
320.188,compaction_begin,3,0
320.230,flush_begin,0,0
320.241,flush_end,0,2744913
320.377,compaction_end,3,43367083
320.387,compaction_begin,2,0
320.671,compaction_end,2,3450075
320.689,compaction_begin,3,0
320.908,compaction_end,3,43367079
320.920,compaction_begin,3,0
321.085,compaction_end,3,43367079
321.096,compaction_begin,3,0
321.254,compaction_end,3,43367083
321.266,compaction_begin,3,0
321.439,compaction_end,3,43367084
321.449,compaction_begin,3,0
321.619,compaction_end,3,43367081
321.630,compaction_begin,3,0
321.799,compaction_end,3,43367082
321.809,compaction_begin,3,0
321.975,compaction_end,3,43367080
321.985,compaction_begin,3,0
322.158,compaction_end,3,43367080
322.168,compaction_begin,3,0
322.347,compaction_end,3,43367078
322.357,compaction_begin,3,0
322.541,compaction_end,3,43367079
322.551,compaction_begin,3,0
322.748,compaction_end,3,43367077
322.756,compaction_begin,3,0
322.936,compaction_end,3,43367083
322.948,compaction_begin,3,0
323.132,compaction_end,3,43367080
323.143,compaction_begin,3,0
323.332,compaction_end,3,43058652
323.344,compaction_begin,3,0
323.537,compaction_end,3,42618174
323.547,compaction_begin,3,0
323.738,compaction_end,3,43367081
323.746,compaction_begin,3,0
323.936,compaction_end,3,43367083
323.948,compaction_begin,3,0
324.135,compaction_end,3,43367078
324.146,compaction_begin,3,0
324.330,compaction_end,3,43367079
324.340,compaction_begin,3,0
324.528,compaction_end,3,43367082
324.538,compaction_begin,3,0
324.730,compaction_end,3,43367080
324.740,compaction_begin,3,0
324.923,compaction_end,3,43367078
324.933,compaction_begin,3,0
325.108,compaction_end,3,42906741
325.118,compaction_begin,3,0
325.303,compaction_end,3,43367078
325.313,compaction_begin,3,0
325.507,compaction_end,3,43367079
325.524,compaction_begin,3,0
325.691,compaction_end,3,43367080
325.701,flush_begin,0,0
325.712,flush_end,0,2744629
325.721,compaction_begin,2,0
326.012,compaction_end,2,3463492
326.031,compaction_begin,3,0
326.236,compaction_end,3,43367079
326.248,compaction_begin,3,0
326.414,compaction_end,3,43367079
326.425,compaction_begin,3,0
326.588,compaction_end,3,43367081
326.599,compaction_begin,3,0
326.763,compaction_end,3,43367080
326.773,compaction_begin,3,0
326.940,compaction_end,3,43367079
326.950,compaction_begin,3,0
327.114,compaction_end,3,43367079
327.124,compaction_begin,3,0
327.292,compaction_end,3,43367084
327.303,compaction_begin,3,0
327.471,compaction_end,3,42906741
327.481,compaction_begin,3,0
327.647,compaction_end,3,43367082
327.656,compaction_begin,3,0
327.825,compaction_end,3,43367080
327.835,compaction_begin,3,0
328.000,compaction_end,3,43367079
328.010,compaction_begin,3,0
328.179,compaction_end,3,43367080
328.187,compaction_begin,3,0
328.355,compaction_end,3,43367081
328.367,compaction_begin,3,0
328.536,compaction_end,3,42618174
328.546,compaction_begin,3,0
328.717,compaction_end,3,43367079
328.727,compaction_begin,3,0
328.897,compaction_end,3,43367077
328.907,compaction_begin,3,0
329.077,compaction_end,3,43367081
329.087,compaction_begin,3,0
329.257,compaction_end,3,43367078
329.267,compaction_begin,3,0
329.435,compaction_end,3,42618174
329.445,compaction_begin,3,0
329.614,compaction_end,3,43367082
329.624,compaction_begin,3,0
329.791,compaction_end,3,43367080
329.801,compaction_begin,3,0
329.973,compaction_end,3,43367082
329.983,compaction_begin,3,0
330.152,compaction_end,3,43367078
330.161,compaction_begin,3,0
330.329,compaction_end,3,43367082
330.339,compaction_begin,3,0
330.518,compaction_end,3,43367078
330.526,compaction_begin,3,0
330.551,compaction_end,3,5662339
330.562,compaction_begin,3,0
330.733,compaction_end,3,43367081
330.743,compaction_begin,3,0
330.916,compaction_end,3,43367081
330.926,compaction_begin,3,0
331.103,compaction_end,3,43367078
331.113,compaction_begin,3,0
331.149,flush_begin,0,0
331.161,flush_end,0,2744095
331.308,compaction_end,3,43367081
331.317,compaction_begin,2,0
331.605,compaction_end,2,3462396
331.624,compaction_begin,3,0
331.836,compaction_end,3,43367078
331.848,compaction_begin,3,0
332.017,compaction_end,3,43367081
332.028,compaction_begin,3,0
332.197,compaction_end,3,43367079
332.205,compaction_begin,3,0
332.378,compaction_end,3,43367081
332.391,compaction_begin,3,0
332.559,compaction_end,3,43210620
332.569,compaction_begin,3,0
332.735,compaction_end,3,42906741
332.745,compaction_begin,3,0
332.917,compaction_end,3,43367084
332.928,compaction_begin,3,0
333.099,compaction_end,3,43367080
333.109,compaction_begin,3,0
333.281,compaction_end,3,43367084
333.290,compaction_begin,3,0
333.463,compaction_end,3,43367076
333.473,compaction_begin,3,0
333.650,compaction_end,3,43367082
333.659,compaction_begin,3,0
333.834,compaction_end,3,43367082
333.844,compaction_begin,3,0
334.019,compaction_end,3,43367081
334.030,compaction_begin,3,0
334.204,compaction_end,3,43367078
334.214,compaction_begin,3,0
334.389,compaction_end,3,43367077
334.399,compaction_begin,3,0
334.573,compaction_end,3,43367080
334.582,compaction_begin,3,0
334.752,compaction_end,3,42992651
334.762,compaction_begin,3,0
334.933,compaction_end,3,43367079
334.943,compaction_begin,3,0
335.119,compaction_end,3,43367076
335.129,compaction_begin,3,0
335.305,compaction_end,3,43367083
335.314,compaction_begin,3,0
335.490,compaction_end,3,43367081
335.499,compaction_begin,3,0
335.674,compaction_end,3,43367081
335.684,compaction_begin,3,0
335.860,compaction_end,3,42618170
335.868,compaction_begin,3,0
336.042,compaction_end,3,43367083
336.052,compaction_begin,3,0
336.226,compaction_end,3,43367078
336.238,compaction_begin,3,0
336.414,compaction_end,3,43367081
336.424,compaction_begin,3,0
336.600,compaction_end,3,43367084
336.610,compaction_begin,3,0
336.613,flush_begin,0,0
336.625,flush_end,0,2744832
336.801,compaction_end,3,43367079
336.810,compaction_begin,2,0
337.097,compaction_end,2,3432006
337.116,compaction_begin,3,0
337.327,compaction_end,3,43367079
337.338,compaction_begin,3,0
337.500,compaction_end,3,43367079
337.512,compaction_begin,3,0
337.673,compaction_end,3,43367081
337.684,compaction_begin,3,0
337.851,compaction_end,3,43367078
337.861,compaction_begin,3,0
338.025,compaction_end,3,43367077
338.035,compaction_begin,3,0
338.205,compaction_end,3,43210617
338.214,compaction_begin,3,0
338.381,compaction_end,3,43367078
338.390,compaction_begin,3,0
338.560,compaction_end,3,43367079
338.570,compaction_begin,3,0
338.739,compaction_end,3,43367080
338.749,compaction_begin,3,0
338.918,compaction_end,3,43367080
338.928,compaction_begin,3,0
339.098,compaction_end,3,43367079
339.108,compaction_begin,3,0
339.275,compaction_end,3,43367081
339.285,compaction_begin,3,0
339.455,compaction_end,3,43367083
339.465,compaction_begin,3,0
339.633,compaction_end,3,43367084
339.644,compaction_begin,3,0
339.812,compaction_end,3,43367080
339.821,compaction_begin,3,0
339.993,compaction_end,3,43367082
340.000,compaction_begin,3,0
340.168,compaction_end,3,43367082
340.180,compaction_begin,3,0
340.351,compaction_end,3,43367078
340.360,compaction_begin,3,0
340.532,compaction_end,3,43367077
340.541,compaction_begin,3,0
340.711,compaction_end,3,43367083
340.720,compaction_begin,3,0
340.889,compaction_end,3,43367082
340.899,compaction_begin,3,0
341.069,compaction_end,3,43367079
341.079,compaction_begin,3,0
341.248,compaction_end,3,43367079
341.257,compaction_begin,3,0
341.425,compaction_end,3,43367077
341.433,compaction_begin,3,0
341.614,compaction_end,3,45968032
341.626,compaction_begin,3,0
341.794,compaction_end,3,42992649
341.803,compaction_begin,3,0
341.983,compaction_end,3,45542953
341.994,compaction_begin,3,0
342.083,flush_begin,0,0
342.094,flush_end,0,2744656
342.181,compaction_end,3,43367077
342.191,compaction_begin,2,0
342.480,compaction_end,2,3376065
342.499,compaction_begin,3,0
342.708,compaction_end,3,43367081
342.720,compaction_begin,3,0
342.882,compaction_end,3,43367078
342.894,compaction_begin,3,0
343.058,compaction_end,3,43367082
343.069,compaction_begin,3,0
343.237,compaction_end,3,43367078
343.247,compaction_begin,3,0
343.414,compaction_end,3,43367081
343.425,compaction_begin,3,0
343.593,compaction_end,3,43367085
343.603,compaction_begin,3,0
343.774,compaction_end,3,43367080
343.785,compaction_begin,3,0
343.957,compaction_end,3,43367078
343.967,compaction_begin,3,0
344.143,compaction_end,3,43367084
344.152,compaction_begin,3,0
344.323,compaction_end,3,43367077
344.333,compaction_begin,3,0
344.503,compaction_end,3,43367078
344.512,compaction_begin,3,0
344.683,compaction_end,3,43367081
344.692,compaction_begin,3,0
344.863,compaction_end,3,43367081
344.872,compaction_begin,3,0
345.040,compaction_end,3,43367080
345.049,compaction_begin,3,0
345.216,compaction_end,3,43058651
345.225,compaction_begin,3,0
345.392,compaction_end,3,43367078
345.401,compaction_begin,3,0
345.569,compaction_end,3,43367080
345.578,compaction_begin,3,0
345.748,compaction_end,3,43367079
345.759,compaction_begin,3,0
345.926,compaction_end,3,42618175
345.936,compaction_begin,3,0
346.105,compaction_end,3,43367079
346.115,compaction_begin,3,0
346.282,compaction_end,3,43367079
346.292,compaction_begin,3,0
346.460,compaction_end,3,43367080
346.470,compaction_begin,3,0
346.640,compaction_end,3,43367083
346.649,compaction_begin,3,0
346.815,compaction_end,3,43367080
346.825,compaction_begin,3,0
346.992,compaction_end,3,43210614
347.001,compaction_begin,3,0
347.168,compaction_end,3,43367079
347.177,compaction_begin,3,0
347.346,compaction_end,3,43367079
347.355,compaction_begin,3,0
347.526,compaction_end,3,43367079
347.536,compaction_begin,3,0
347.555,flush_begin,0,0
347.565,flush_end,0,2744571
347.723,compaction_end,3,43367080
347.732,compaction_begin,2,0
348.025,compaction_end,2,3339644
348.044,compaction_begin,3,0
348.261,compaction_end,3,43367079
348.273,compaction_begin,3,0
348.441,compaction_end,3,43367081
348.453,compaction_begin,3,0
348.629,compaction_end,3,43367079
348.640,compaction_begin,3,0
348.808,compaction_end,3,43367084
348.818,compaction_begin,3,0
348.989,compaction_end,3,43367077
349.000,compaction_begin,3,0
349.169,compaction_end,3,43367079
349.177,compaction_begin,3,0
349.348,compaction_end,3,43367080
349.360,compaction_begin,3,0
349.531,compaction_end,3,43367081
349.540,compaction_begin,3,0
349.717,compaction_end,3,43367082
349.727,compaction_begin,3,0
349.904,compaction_end,3,43367079
349.914,compaction_begin,3,0
350.084,compaction_end,3,42618174
350.095,compaction_begin,3,0
350.264,compaction_end,3,43367080
350.274,compaction_begin,3,0
350.446,compaction_end,3,43367078
350.455,compaction_begin,3,0
350.627,compaction_end,3,43367079
350.639,compaction_begin,3,0
350.818,compaction_end,3,43367083
350.828,compaction_begin,3,0
351.018,compaction_end,3,45542954
351.028,compaction_begin,3,0
351.199,compaction_end,3,43367080
351.210,compaction_begin,3,0
