t,type,level,bytes
-29.873,flush_begin,0,0
-29.863,flush_end,0,2686930
-29.854,flush_begin,0,0
-29.844,flush_end,0,2686931
-29.834,flush_begin,0,0
-29.825,flush_end,0,2686931
-29.815,flush_begin,0,0
-29.805,flush_end,0,2686931
-29.797,flush_begin,0,0
-29.787,flush_end,0,2686931
-29.778,flush_begin,0,0
-29.769,flush_end,0,2686930
-29.755,flush_begin,0,0
-29.745,flush_end,0,2686932
-29.735,flush_begin,0,0
-29.725,flush_end,0,2686930
-29.715,flush_begin,0,0
-29.705,flush_end,0,2686932
-29.695,flush_begin,0,0
-29.685,flush_end,0,2686930
-29.676,flush_begin,0,0
-29.667,flush_end,0,2686931
-29.658,flush_begin,0,0
-29.648,flush_end,0,2686931
-29.639,flush_begin,0,0
-29.630,flush_end,0,2686930
-29.620,flush_begin,0,0
-29.611,flush_end,0,2686932
-29.602,flush_begin,0,0
-29.592,flush_end,0,2686930
-29.583,flush_begin,0,0
-29.574,flush_end,0,2686931
-29.565,flush_begin,0,0
-29.555,flush_end,0,2686931
-29.546,flush_begin,0,0
-29.536,flush_end,0,2686931
-29.527,flush_begin,0,0
-29.517,flush_end,0,2686931
-29.507,flush_begin,0,0
-29.497,flush_end,0,2686931
-29.487,flush_begin,0,0
-29.477,flush_end,0,2686930
-29.468,flush_begin,0,0
-29.458,flush_end,0,2686933
-29.449,flush_begin,0,0
-29.439,flush_end,0,2686930
-29.429,flush_begin,0,0
-29.419,flush_end,0,2686932
-29.409,flush_begin,0,0
-29.399,flush_end,0,2686930
-29.389,flush_begin,0,0
-29.380,flush_end,0,2686930
-29.370,flush_begin,0,0
-29.361,flush_end,0,2686932
-29.351,flush_begin,0,0
-29.342,flush_end,0,2686930
-29.333,flush_begin,0,0
-29.323,flush_end,0,2686932
-29.314,flush_begin,0,0
-29.304,flush_end,0,2686930
-29.294,flush_begin,0,0
-29.284,flush_end,0,2686931
-29.274,flush_begin,0,0
-29.264,flush_end,0,2686931
-29.254,flush_begin,0,0
-29.244,flush_end,0,2686931
-29.234,flush_begin,0,0
-29.224,flush_end,0,2686931
-29.214,flush_begin,0,0
-29.204,flush_end,0,2686931
-29.194,flush_begin,0,0
-29.183,flush_end,0,2686930
-29.174,flush_begin,0,0
-29.164,flush_end,0,2686932
-29.154,flush_begin,0,0
-29.144,flush_end,0,2686930
-29.135,flush_begin,0,0
-29.124,flush_end,0,2686931
-29.114,flush_begin,0,0
-29.104,flush_end,0,2686931
-29.088,trivial_move,3,2686930
-29.088,flush_begin,0,0
-29.077,flush_end,0,2686930
-29.061,trivial_move,3,2686931
-29.061,flush_begin,0,0
-29.050,flush_end,0,2686932
-29.034,trivial_move,3,2686931
-29.033,flush_begin,0,0
-29.022,flush_end,0,2686930
-29.006,trivial_move,3,2686931
-29.004,flush_begin,0,0
-28.993,flush_end,0,2686933
-28.977,trivial_move,3,2686931
-28.976,flush_begin,0,0
-28.965,flush_end,0,2686930
-28.949,trivial_move,3,2686930
-28.948,flush_begin,0,0
-28.937,flush_end,0,2686931
-28.921,trivial_move,3,2686932
-28.920,flush_begin,0,0
-28.910,flush_end,0,2686931
-28.894,trivial_move,3,2686930
-28.893,flush_begin,0,0
-28.882,flush_end,0,2686931
-28.866,trivial_move,3,2686932
-28.865,flush_begin,0,0
-28.854,flush_end,0,2686931
-28.838,trivial_move,3,2686930
-28.836,flush_begin,0,0
-28.825,flush_end,0,2686930
-28.808,trivial_move,3,2686931
-28.807,flush_begin,0,0
-28.795,flush_end,0,2686930
-28.779,trivial_move,3,2686931
-28.778,flush_begin,0,0
-28.766,flush_end,0,2686931
-28.750,trivial_move,3,2686930
-28.749,flush_begin,0,0
-28.738,flush_end,0,2686931
-28.722,trivial_move,3,2686932
-28.720,flush_begin,0,0
-28.708,flush_end,0,2686931
-28.692,trivial_move,3,2686930
-28.691,flush_begin,0,0
-28.679,flush_end,0,2686931
-28.663,trivial_move,3,2686931
-28.661,flush_begin,0,0
-28.649,flush_end,0,2686930
-28.633,trivial_move,3,2686931
-28.631,flush_begin,0,0
-28.619,flush_end,0,2686932
-28.603,trivial_move,3,2686931
-28.601,flush_begin,0,0
-28.589,flush_end,0,2686930
-28.573,trivial_move,3,2686931
-28.571,flush_begin,0,0
-28.558,flush_end,0,2686932
-28.542,trivial_move,3,2686931
-28.540,flush_begin,0,0
-28.527,flush_end,0,2686930
-28.511,trivial_move,3,2686930
-28.509,flush_begin,0,0
-28.497,flush_end,0,2686931
-28.481,trivial_move,3,2686933
-28.479,flush_begin,0,0
-28.467,flush_end,0,2686931
-28.451,trivial_move,3,2686930
-28.450,flush_begin,0,0
-28.437,flush_end,0,2686930
-28.421,trivial_move,3,2686932
-28.420,flush_begin,0,0
-28.407,flush_end,0,2686932
-28.391,trivial_move,3,2686930
-28.390,flush_begin,0,0
-28.378,flush_end,0,2686930
-28.362,trivial_move,3,2686930
-28.360,flush_begin,0,0
-28.348,flush_end,0,2686932
-28.332,trivial_move,3,2686932
-28.331,flush_begin,0,0
-28.318,flush_end,0,2686931
-28.302,trivial_move,3,2686930
-28.300,flush_begin,0,0
-28.287,flush_end,0,2686931
-28.271,trivial_move,3,2686932
-28.269,flush_begin,0,0
-28.256,flush_end,0,2686931
-28.240,trivial_move,3,2686930
-28.239,flush_begin,0,0
-28.227,flush_end,0,2686931
-28.211,trivial_move,3,2686931
-28.210,flush_begin,0,0
-28.199,flush_end,0,2686930
-28.183,trivial_move,3,2686931
-28.181,flush_begin,0,0
-28.170,flush_end,0,2686932
-28.155,trivial_move,3,2686931
-28.153,flush_begin,0,0
-28.141,flush_end,0,2686930
-28.125,trivial_move,3,2686931
-28.124,flush_begin,0,0
-28.111,flush_end,0,2686932
-28.095,trivial_move,3,2686931
-28.093,flush_begin,0,0
-28.081,flush_end,0,2686930
-28.065,trivial_move,3,2686930
-28.064,flush_begin,0,0
-28.051,flush_end,0,2686930
-28.035,trivial_move,3,2686932
-28.034,flush_begin,0,0
-28.020,flush_end,0,2686932
-28.004,trivial_move,3,2686930
-28.002,flush_begin,0,0
-27.988,flush_end,0,2686930
-27.972,trivial_move,3,2686931
-27.970,flush_begin,0,0
-27.956,flush_end,0,2686932
-27.940,trivial_move,3,2686931
-27.938,flush_begin,0,0
-27.925,flush_end,0,2686930
-27.909,trivial_move,3,2686930
-27.907,flush_begin,0,0
-27.893,flush_end,0,2686931
-27.877,trivial_move,3,2686932
-27.875,flush_begin,0,0
-27.862,flush_end,0,2686931
-27.846,trivial_move,3,2686930
-27.844,flush_begin,0,0
-27.830,flush_end,0,2686931
-27.814,trivial_move,3,2686933
-27.811,flush_begin,0,0
-27.797,flush_end,0,2686931
-27.781,trivial_move,3,2686930
-27.779,flush_begin,0,0
-27.765,flush_end,0,2686931
-27.749,trivial_move,3,2686931
-27.747,flush_begin,0,0
-27.734,flush_end,0,2686930
-27.718,trivial_move,3,2686931
-27.716,flush_begin,0,0
-27.703,flush_end,0,2686933
-27.683,trivial_move,3,2686931
-27.681,flush_begin,0,0
-27.668,flush_end,0,2686930
-27.652,trivial_move,3,2686931
-27.650,flush_begin,0,0
-27.636,flush_end,0,2686931
-27.620,trivial_move,3,2686930
-27.618,flush_begin,0,0
-27.604,flush_end,0,2686931
-27.588,trivial_move,3,2686930
-27.586,flush_begin,0,0
-27.573,flush_end,0,2686930
-27.557,trivial_move,3,2686931
-27.555,flush_begin,0,0
-27.541,flush_end,0,2686932
-27.526,trivial_move,3,2686931
-27.524,flush_begin,0,0
-27.510,flush_end,0,2686930
-27.494,trivial_move,3,2686931
-27.492,flush_begin,0,0
-27.478,flush_end,0,2686932
-27.462,trivial_move,3,2686931
-27.460,flush_begin,0,0
-27.447,flush_end,0,2686930
-27.431,trivial_move,3,2686930
-27.429,flush_begin,0,0
-27.416,flush_end,0,2686931
-27.400,trivial_move,3,2686932
-27.398,flush_begin,0,0
-27.385,flush_end,0,2686931
-27.369,trivial_move,3,2686930
-27.368,flush_begin,0,0
-27.355,flush_end,0,2686931
-27.340,trivial_move,3,2686932
-27.338,flush_begin,0,0
-27.326,flush_end,0,2686931
-27.310,trivial_move,3,2686930
-27.308,flush_begin,0,0
-27.295,flush_end,0,2686930
-27.279,trivial_move,3,2686931
-27.277,flush_begin,0,0
-27.264,flush_end,0,2686930
-27.248,trivial_move,3,2686931
-27.247,flush_begin,0,0
-27.234,flush_end,0,2686931
-27.218,trivial_move,3,2686930
-27.216,flush_begin,0,0
-27.203,flush_end,0,2686931
-27.187,trivial_move,3,2686932
-27.186,flush_begin,0,0
-27.172,flush_end,0,2686931
-27.156,trivial_move,3,2686930
-27.154,flush_begin,0,0
-27.140,flush_end,0,2686931
-27.124,trivial_move,3,2686932
-27.122,flush_begin,0,0
-27.109,flush_end,0,2686930
-27.093,trivial_move,3,2686931
-27.091,flush_begin,0,0
-27.078,flush_end,0,2686932
-27.062,trivial_move,3,2686931
-27.060,flush_begin,0,0
-27.046,flush_end,0,2686930
-27.030,trivial_move,3,2686931
-27.027,flush_begin,0,0
-27.014,flush_end,0,2686933
-26.998,trivial_move,3,2686931
-26.997,flush_begin,0,0
-26.984,flush_end,0,2686930
-26.968,trivial_move,3,2686930
-26.966,flush_begin,0,0
-26.953,flush_end,0,2686931
-26.937,trivial_move,3,2686932
-26.936,flush_begin,0,0
-26.923,flush_end,0,2686931
-26.907,trivial_move,3,2686930
-26.905,flush_begin,0,0
-26.892,flush_end,0,2686930
-26.876,trivial_move,3,2686932
-26.874,flush_begin,0,0
-26.860,flush_end,0,2686932
-26.844,trivial_move,3,2686930
-26.842,flush_begin,0,0
-26.828,flush_end,0,2686930
-26.810,trivial_move,3,2686930
-26.808,flush_begin,0,0
-26.795,flush_end,0,2686931
-26.779,trivial_move,3,2686932
-26.777,flush_begin,0,0
-26.765,flush_end,0,2686931
-26.749,trivial_move,3,2686930
-26.747,flush_begin,0,0
-26.734,flush_end,0,2686931
-26.718,trivial_move,3,2686932
-26.716,flush_begin,0,0
-26.702,flush_end,0,2686931
-26.686,trivial_move,3,2686930
-26.684,flush_begin,0,0
-26.670,flush_end,0,2686931
-26.654,trivial_move,3,2686931
-26.652,flush_begin,0,0
-26.639,flush_end,0,2686930
-26.623,trivial_move,3,2686931
-26.621,flush_begin,0,0
-26.607,flush_end,0,2686932
-26.591,trivial_move,3,2686931
-26.589,flush_begin,0,0
-26.575,flush_end,0,2686930
-26.560,trivial_move,3,2686931
-26.558,flush_begin,0,0
-26.545,flush_end,0,2686932
-26.530,trivial_move,3,2686931
-26.528,flush_begin,0,0
-26.514,flush_end,0,2686930
-26.498,trivial_move,3,2686930
-26.496,flush_begin,0,0
-26.484,flush_end,0,2686930
-26.468,trivial_move,3,2686933
-26.466,flush_begin,0,0
-26.453,flush_end,0,2686932
-26.438,trivial_move,3,2686930
-26.436,flush_begin,0,0
-26.424,flush_end,0,2686930
-26.408,trivial_move,3,2686931
-26.406,flush_begin,0,0
-26.394,flush_end,0,2686932
-26.378,trivial_move,3,2686931
-26.376,flush_begin,0,0
-26.364,flush_end,0,2686930
-26.348,trivial_move,3,2686930
-26.346,flush_begin,0,0
-26.334,flush_end,0,2686932
-26.318,trivial_move,3,2686932
-26.317,flush_begin,0,0
-26.305,flush_end,0,2686931
-26.289,trivial_move,3,2686930
-26.287,flush_begin,0,0
-26.275,flush_end,0,2686931
-26.259,trivial_move,3,2686932
-26.257,flush_begin,0,0
-26.244,flush_end,0,2686931
-26.227,trivial_move,3,2686930
-26.226,flush_begin,0,0
-26.213,flush_end,0,2686931
-26.197,trivial_move,3,2686931
-26.195,flush_begin,0,0
-26.182,flush_end,0,2686930
-26.167,trivial_move,3,2686931
-26.165,flush_begin,0,0
-26.153,flush_end,0,2686932
-26.137,trivial_move,3,2686931
-26.136,flush_begin,0,0
-26.122,flush_end,0,2686930
-26.106,trivial_move,3,2686931
-26.106,flush_begin,0,0
-26.092,flush_end,0,2686931
-26.076,trivial_move,3,2686930
-26.074,flush_begin,0,0
-26.058,flush_end,0,2686931
-26.042,trivial_move,3,2686930
-26.041,flush_begin,0,0
-26.026,flush_end,0,2686930
-26.009,trivial_move,3,2686931
-26.008,flush_begin,0,0
-25.993,flush_end,0,2686932
-25.978,trivial_move,3,2686931
-25.977,flush_begin,0,0
-25.960,flush_end,0,2686930
-25.944,trivial_move,3,2686931
-25.944,flush_begin,0,0
-25.928,flush_end,0,2686932
-25.912,trivial_move,3,2686931
-25.912,flush_begin,0,0
-25.896,flush_end,0,2686930
-25.881,trivial_move,3,2686930
-25.880,flush_begin,0,0
-25.865,flush_end,0,2686931
-25.849,trivial_move,3,2686932
-25.848,flush_begin,0,0
-25.833,flush_end,0,2686931
-25.818,trivial_move,3,2686930
-25.817,flush_begin,0,0
-25.803,flush_end,0,2686931
-25.787,trivial_move,3,2686933
-25.786,flush_begin,0,0
-25.768,flush_end,0,2686931
-25.752,trivial_move,3,2686930
-25.751,flush_begin,0,0
-25.736,flush_end,0,2686930
-25.720,trivial_move,3,2686931
-25.719,flush_begin,0,0
-25.703,flush_end,0,2686930
-25.687,trivial_move,3,2686931
-25.685,flush_begin,0,0
-25.670,flush_end,0,2686931
-25.654,trivial_move,3,2686930
-25.654,flush_begin,0,0
-25.639,flush_end,0,2686932
-25.623,trivial_move,3,2686932
-25.623,flush_begin,0,0
-25.608,flush_end,0,2686931
-25.592,trivial_move,3,2686930
-25.591,flush_begin,0,0
-25.577,flush_end,0,2686931
-25.561,trivial_move,3,2686931
-25.560,flush_begin,0,0
-25.546,flush_end,0,2686930
-25.530,trivial_move,3,2686931
-25.529,flush_begin,0,0
-25.514,flush_end,0,2686932
-25.498,trivial_move,3,2686931
-25.497,flush_begin,0,0
-25.483,flush_end,0,2686930
-25.467,trivial_move,3,2686931
-25.467,flush_begin,0,0
-25.452,flush_end,0,2686932
-25.436,trivial_move,3,2686931
-25.435,flush_begin,0,0
-25.422,flush_end,0,2686930
-25.406,trivial_move,3,2686930
-25.405,flush_begin,0,0
-25.390,flush_end,0,2686931
-25.373,trivial_move,3,2686932
-25.373,flush_begin,0,0
-25.361,flush_end,0,2686931
-25.345,trivial_move,3,2686930
-25.343,flush_begin,0,0
-25.330,flush_end,0,2686930
-25.314,trivial_move,3,2686932
-25.311,flush_begin,0,0
-25.295,flush_end,0,2686932
-25.278,trivial_move,3,2686930
-25.278,flush_begin,0,0
-25.265,flush_end,0,2686930
-25.249,trivial_move,3,2686930
-25.248,flush_begin,0,0
-25.236,flush_end,0,2686931
-25.220,trivial_move,3,2686932
-25.218,flush_begin,0,0
-25.205,flush_end,0,2686931
-25.189,trivial_move,3,2686930
-25.188,flush_begin,0,0
-25.175,flush_end,0,2686931
-25.159,trivial_move,3,2686932
-25.157,flush_begin,0,0
-25.143,flush_end,0,2686931
-25.127,trivial_move,3,2686930
-25.125,flush_begin,0,0
-25.112,flush_end,0,2686931
-25.096,trivial_move,3,2686932
-25.094,flush_begin,0,0
-25.081,flush_end,0,2686930
-25.065,trivial_move,3,2686931
-25.064,flush_begin,0,0
-25.051,flush_end,0,2686932
-25.035,trivial_move,3,2686931
-25.034,flush_begin,0,0
-25.021,flush_end,0,2686930
-25.005,trivial_move,3,2686931
-25.003,flush_begin,0,0
-24.991,flush_end,0,2686933
-24.975,trivial_move,3,2686931
-24.974,flush_begin,0,0
-24.961,flush_end,0,2686930
-24.945,trivial_move,3,2686930
-24.943,flush_begin,0,0
-24.930,flush_end,0,2686930
-24.914,trivial_move,3,2686932
-24.912,flush_begin,0,0
-24.899,flush_end,0,2686932
-24.883,trivial_move,3,2686930
-24.881,flush_begin,0,0
-24.868,flush_end,0,2686930
-24.852,trivial_move,3,2686931
-24.850,flush_begin,0,0
-24.836,flush_end,0,2686932
-24.820,trivial_move,3,2686931
-24.818,flush_begin,0,0
-24.805,flush_end,0,2686930
-24.789,trivial_move,3,2686930
-24.787,flush_begin,0,0
-24.773,flush_end,0,2686931
-24.757,trivial_move,3,2686932
-24.755,flush_begin,0,0
-24.741,flush_end,0,2686931
-24.725,trivial_move,3,2686930
-24.723,flush_begin,0,0
-24.708,flush_end,0,2686931
-24.692,trivial_move,3,2686932
-24.690,flush_begin,0,0
-24.676,flush_end,0,2686931
-24.660,trivial_move,3,2686930
-24.658,flush_begin,0,0
-24.643,flush_end,0,2686931
-24.627,trivial_move,3,2686931
-24.625,flush_begin,0,0
-24.611,flush_end,0,2686930
-24.595,trivial_move,3,2686931
-24.594,flush_begin,0,0
-24.581,flush_end,0,2686932
-24.568,trivial_move,3,2686931
-24.566,flush_begin,0,0
-24.552,flush_end,0,2686930
-24.536,trivial_move,3,2686931
-24.534,flush_begin,0,0
-24.520,flush_end,0,2686931
-24.504,trivial_move,3,2686930
-24.502,flush_begin,0,0
-24.488,flush_end,0,2686931
-24.472,trivial_move,3,2686930
-24.470,flush_begin,0,0
-24.457,flush_end,0,2686930
-24.441,trivial_move,3,2686931
-24.439,flush_begin,0,0
-24.425,flush_end,0,2686932
-24.409,trivial_move,3,2686932
-24.407,flush_begin,0,0
-24.393,flush_end,0,2686930
-24.377,trivial_move,3,2686931
-24.375,flush_begin,0,0
-24.361,flush_end,0,2686932
-24.345,trivial_move,3,2686931
-24.342,flush_begin,0,0
-24.328,flush_end,0,2686930
-24.312,trivial_move,3,2686930
-24.310,flush_begin,0,0
-24.295,flush_end,0,2686932
-24.279,trivial_move,3,2686932
-24.277,flush_begin,0,0
-24.264,flush_end,0,2686931
-24.248,trivial_move,3,2686930
-24.247,flush_begin,0,0
-24.234,flush_end,0,2686931
-24.218,trivial_move,3,2686932
-24.216,flush_begin,0,0
-24.203,flush_end,0,2686931
-24.187,trivial_move,3,2686930
-24.186,flush_begin,0,0
-24.172,flush_end,0,2686930
-24.157,trivial_move,3,2686931
-24.155,flush_begin,0,0
-24.141,flush_end,0,2686930
-24.125,trivial_move,3,2686931
-24.123,flush_begin,0,0
-24.111,flush_end,0,2686931
-24.095,trivial_move,3,2686930
-24.093,flush_begin,0,0
-24.081,flush_end,0,2686931
-24.065,trivial_move,3,2686932
-24.064,flush_begin,0,0
-24.051,flush_end,0,2686931
-24.035,trivial_move,3,2686930
-24.033,flush_begin,0,0
-24.021,flush_end,0,2686931
-24.005,trivial_move,3,2686931
-24.003,flush_begin,0,0
-23.990,flush_end,0,2686930
-23.974,trivial_move,3,2686931
-23.972,flush_begin,0,0
-23.959,flush_end,0,2686932
-23.943,trivial_move,3,2686931
-23.941,flush_begin,0,0
-23.928,flush_end,0,2686930
-23.912,trivial_move,3,2686931
-23.910,flush_begin,0,0
-23.897,flush_end,0,2686932
-23.881,trivial_move,3,2686931
-23.880,flush_begin,0,0
-23.866,flush_end,0,2686930
-23.850,trivial_move,3,2686930
-23.848,flush_begin,0,0
-23.835,flush_end,0,2686931
-23.819,trivial_move,3,2686932
-23.817,flush_begin,0,0
-23.805,flush_end,0,2686931
-23.789,trivial_move,3,2686930
-23.788,flush_begin,0,0
-23.775,flush_end,0,2686930
-23.759,trivial_move,3,2686933
-23.757,flush_begin,0,0
-23.745,flush_end,0,2686932
-23.729,trivial_move,3,2686930
-23.728,flush_begin,0,0
-23.715,flush_end,0,2686930
-23.699,trivial_move,3,2686930
-23.698,flush_begin,0,0
-23.685,flush_end,0,2686931
-23.669,trivial_move,3,2686932
-23.667,flush_begin,0,0
-23.655,flush_end,0,2686931
-23.639,trivial_move,3,2686930
-23.637,flush_begin,0,0
-23.623,flush_end,0,2686933
-23.607,trivial_move,3,2686932
-23.605,flush_begin,0,0
-23.592,flush_end,0,2686931
-23.576,trivial_move,3,2686930
-23.574,flush_begin,0,0
-23.562,flush_end,0,2686931
-23.547,trivial_move,3,2686931
-23.545,flush_begin,0,0
-23.533,flush_end,0,2686930
-23.517,trivial_move,3,2686931
-23.515,flush_begin,0,0
-23.502,flush_end,0,2686932
-23.485,trivial_move,3,2686931
-23.484,flush_begin,0,0
-23.471,flush_end,0,2686930
-23.455,trivial_move,3,2686931
-23.454,flush_begin,0,0
-23.442,flush_end,0,2686932
-23.426,trivial_move,3,2686931
-23.425,flush_begin,0,0
-23.413,flush_end,0,2686930
-23.397,trivial_move,3,2686930
-23.395,flush_begin,0,0
-23.383,flush_end,0,2686930
-23.366,trivial_move,3,2686932
-23.364,flush_begin,0,0
-23.352,flush_end,0,2686932
-23.336,trivial_move,3,2686930
-23.335,flush_begin,0,0
-23.323,flush_end,0,2686930
-23.306,trivial_move,3,2686931
-23.305,flush_begin,0,0
-23.292,flush_end,0,2686932
-23.276,trivial_move,3,2686931
-23.274,flush_begin,0,0
-23.262,flush_end,0,2686930
-23.246,trivial_move,3,2686930
-23.244,flush_begin,0,0
-23.232,flush_end,0,2686931
-23.216,trivial_move,3,2686932
-23.215,flush_begin,0,0
-23.202,flush_end,0,2686931
-23.186,trivial_move,3,2686930
-23.185,flush_begin,0,0
-23.173,flush_end,0,2686931
-23.157,trivial_move,3,2686932
-23.156,flush_begin,0,0
-23.143,flush_end,0,2686931
-23.127,trivial_move,3,2686930
-23.125,flush_begin,0,0
-23.113,flush_end,0,2686931
-23.097,trivial_move,3,2686932
-23.096,flush_begin,0,0
-23.082,flush_end,0,2686930
-23.066,trivial_move,3,2686931
-23.064,flush_begin,0,0
-23.050,flush_end,0,2686932
-23.034,trivial_move,3,2686931
-23.032,flush_begin,0,0
-23.020,flush_end,0,2686930
-23.004,trivial_move,3,2686931
-23.002,flush_begin,0,0
-22.990,flush_end,0,2686931
-22.974,trivial_move,3,2686930
-22.972,flush_begin,0,0
-22.960,flush_end,0,2686932
-22.944,trivial_move,3,2686930
-22.942,flush_begin,0,0
-22.930,flush_end,0,2686930
-22.914,trivial_move,3,2686931
-22.912,flush_begin,0,0
-22.900,flush_end,0,2686932
-22.884,trivial_move,3,2686931
-22.882,flush_begin,0,0
-22.870,flush_end,0,2686930
-22.854,trivial_move,3,2686931
-22.852,flush_begin,0,0
-22.840,flush_end,0,2686932
-22.824,trivial_move,3,2686931
-22.823,flush_begin,0,0
-22.811,flush_end,0,2686930
-22.795,trivial_move,3,2686930
-22.793,flush_begin,0,0
-22.781,flush_end,0,2686931
-22.765,trivial_move,3,2686932
-22.764,flush_begin,0,0
-22.751,flush_end,0,2686931
-22.735,trivial_move,3,2686930
-22.734,flush_begin,0,0
-22.721,flush_end,0,2686931
-22.705,trivial_move,3,2686932
-22.703,flush_begin,0,0
-22.690,flush_end,0,2686931
-22.674,trivial_move,3,2686930
-22.672,flush_begin,0,0
-22.660,flush_end,0,2686930
-22.642,trivial_move,3,2686931
-22.640,flush_begin,0,0
-22.626,flush_end,0,2686930
-22.610,trivial_move,3,2686931
-22.608,flush_begin,0,0
-22.595,flush_end,0,2686931
-22.579,trivial_move,3,2686930
-22.578,flush_begin,0,0
-22.565,flush_end,0,2686931
-22.549,trivial_move,3,2686932
-22.547,flush_begin,0,0
-22.532,flush_end,0,2686931
-22.517,trivial_move,3,2686930
-22.515,flush_begin,0,0
-22.501,flush_end,0,2686931
-22.485,trivial_move,3,2686931
-22.483,flush_begin,0,0
-22.470,flush_end,0,2686930
-22.454,trivial_move,3,2686931
-22.452,flush_begin,0,0
-22.438,flush_end,0,2686932
-22.422,trivial_move,3,2686933
-22.420,flush_begin,0,0
-22.406,flush_end,0,2686930
-22.390,trivial_move,3,2686931
-22.388,flush_begin,0,0
-22.375,flush_end,0,2686932
-22.359,trivial_move,3,2686931
-22.357,flush_begin,0,0
-22.344,flush_end,0,2686930
-22.327,trivial_move,3,2686930
-22.325,flush_begin,0,0
-22.311,flush_end,0,2686932
-22.295,trivial_move,3,2686932
-22.293,flush_begin,0,0
-22.280,flush_end,0,2686931
-22.264,trivial_move,3,2686930
-22.262,flush_begin,0,0
-22.249,flush_end,0,2686930
-22.233,trivial_move,3,2686932
-22.231,flush_begin,0,0
-22.218,flush_end,0,2686932
-22.201,trivial_move,3,2686930
-22.199,flush_begin,0,0
-22.187,flush_end,0,2686930
-22.171,trivial_move,3,2686930
-22.170,flush_begin,0,0
-22.159,flush_end,0,2686931
-22.143,trivial_move,3,2686932
-22.142,flush_begin,0,0
-22.131,flush_end,0,2686931
-22.115,trivial_move,3,2686930
-22.115,flush_begin,0,0
-22.103,flush_end,0,2686931
-22.087,trivial_move,3,2686932
-22.086,flush_begin,0,0
-22.075,flush_end,0,2686931
-22.059,trivial_move,3,2686930
-22.058,flush_begin,0,0
-22.046,flush_end,0,2686931
-22.030,trivial_move,3,2686931
-22.029,flush_begin,0,0
-22.017,flush_end,0,2686930
-22.001,trivial_move,3,2686931
-22.000,flush_begin,0,0
-21.988,flush_end,0,2686932
-21.972,trivial_move,3,2686931
-21.971,flush_begin,0,0
-21.959,flush_end,0,2686930
-21.943,trivial_move,3,2686931
-21.942,flush_begin,0,0
-21.931,flush_end,0,2686932
-21.915,trivial_move,3,2686931
-21.914,flush_begin,0,0
-21.902,flush_end,0,2686930
-21.886,trivial_move,3,2686930
-21.886,flush_begin,0,0
-21.874,flush_end,0,2686930
-21.858,trivial_move,3,2686932
-21.857,flush_begin,0,0
-21.846,flush_end,0,2686932
-21.830,trivial_move,3,2686930
-21.829,flush_begin,0,0
-21.816,flush_end,0,2686930
-21.801,trivial_move,3,2686931
-21.800,flush_begin,0,0
-21.788,flush_end,0,2686932
-21.772,trivial_move,3,2686932
-21.771,flush_begin,0,0
-21.759,flush_end,0,2686930
-21.743,trivial_move,3,2686930
-21.742,flush_begin,0,0
-21.730,flush_end,0,2686931
-21.714,trivial_move,3,2686932
-21.713,flush_begin,0,0
-21.701,flush_end,0,2686931
-21.685,trivial_move,3,2686930
-21.684,flush_begin,0,0
-21.671,flush_end,0,2686932
-21.655,trivial_move,3,2686932
-21.653,flush_begin,0,0
-21.640,flush_end,0,2686931
-21.624,trivial_move,3,2686930
-21.623,flush_begin,0,0
-21.610,flush_end,0,2686931
-21.594,trivial_move,3,2686931
-21.592,flush_begin,0,0
-21.580,flush_end,0,2686930
-21.564,trivial_move,3,2686931
-21.562,flush_begin,0,0
-21.548,flush_end,0,2686932
-21.532,trivial_move,3,2686931
-21.530,flush_begin,0,0
-21.517,flush_end,0,2686930
-21.501,trivial_move,3,2686931
-21.499,flush_begin,0,0
-21.485,flush_end,0,2686931
-21.469,trivial_move,3,2686930
-21.467,flush_begin,0,0
-21.454,flush_end,0,2686931
-21.438,trivial_move,3,2686930
-21.436,flush_begin,0,0
-21.423,flush_end,0,2686930
-21.406,trivial_move,3,2686931
-21.404,flush_begin,0,0
-21.392,flush_end,0,2686932
-21.376,trivial_move,3,2686931
-21.374,flush_begin,0,0
-21.361,flush_end,0,2686930
-21.345,trivial_move,3,2686931
-21.344,flush_begin,0,0
-21.332,flush_end,0,2686932
-21.316,trivial_move,3,2686931
-21.315,flush_begin,0,0
-21.304,flush_end,0,2686930
-21.288,trivial_move,3,2686930
-21.286,flush_begin,0,0
-21.274,flush_end,0,2686931
-21.259,trivial_move,3,2686932
-21.258,flush_begin,0,0
-21.246,flush_end,0,2686931
-21.230,trivial_move,3,2686930
-21.228,flush_begin,0,0
-21.217,flush_end,0,2686931
-21.201,trivial_move,3,2686932
-21.199,flush_begin,0,0
-21.187,flush_end,0,2686931
-21.171,trivial_move,3,2686930
-21.169,flush_begin,0,0
-21.157,flush_end,0,2686930
-21.141,trivial_move,3,2686932
-21.139,flush_begin,0,0
-21.127,flush_end,0,2686930
-21.111,trivial_move,3,2686931
-21.110,flush_begin,0,0
-21.097,flush_end,0,2686931
-21.081,trivial_move,3,2686930
-21.079,flush_begin,0,0
-21.067,flush_end,0,2686931
-21.051,trivial_move,3,2686932
-21.050,flush_begin,0,0
-21.037,flush_end,0,2686931
-21.021,trivial_move,3,2686930
-21.019,flush_begin,0,0
-21.007,flush_end,0,2686932
-20.991,trivial_move,3,2686931
-20.990,flush_begin,0,0
-20.978,flush_end,0,2686930
-20.962,trivial_move,3,2686931
-20.961,flush_begin,0,0
-20.948,flush_end,0,2686932
-20.932,trivial_move,3,2686931
-20.930,flush_begin,0,0
-20.917,flush_end,0,2686930
-20.901,trivial_move,3,2686931
-20.899,flush_begin,0,0
-20.886,flush_end,0,2686932
-20.870,trivial_move,3,2686931
-20.868,flush_begin,0,0
-20.856,flush_end,0,2686930
-20.840,trivial_move,3,2686930
-20.839,flush_begin,0,0
-20.826,flush_end,0,2686931
-20.810,trivial_move,3,2686932
-20.808,flush_begin,0,0
-20.796,flush_end,0,2686931
-20.780,trivial_move,3,2686930
-20.778,flush_begin,0,0
-20.764,flush_end,0,2686930
-20.748,trivial_move,3,2686932
-20.746,flush_begin,0,0
-20.732,flush_end,0,2686932
-20.716,trivial_move,3,2686930
-20.715,flush_begin,0,0
-20.701,flush_end,0,2686930
-20.685,trivial_move,3,2686930
-20.683,flush_begin,0,0
-20.669,flush_end,0,2686931
-20.653,trivial_move,3,2686932
-20.651,flush_begin,0,0
-20.638,flush_end,0,2686931
-20.621,trivial_move,3,2686930
-20.620,flush_begin,0,0
-20.607,flush_end,0,2686931
-20.591,trivial_move,3,2686932
-20.590,flush_begin,0,0
-20.577,flush_end,0,2686931
-20.561,trivial_move,3,2686930
-20.560,flush_begin,0,0
-20.547,flush_end,0,2686931
-20.532,trivial_move,3,2686931
-20.530,flush_begin,0,0
-20.517,flush_end,0,2686930
-20.501,trivial_move,3,2686931
-20.499,flush_begin,0,0
-20.486,flush_end,0,2686932
-20.470,trivial_move,3,2686932
-20.468,flush_begin,0,0
-20.456,flush_end,0,2686930
-20.440,trivial_move,3,2686931
-20.438,flush_begin,0,0
-20.426,flush_end,0,2686932
-20.410,trivial_move,3,2686931
-20.409,flush_begin,0,0
-20.397,flush_end,0,2686930
-20.382,trivial_move,3,2686930
-20.380,flush_begin,0,0
-20.369,flush_end,0,2686930
-20.353,trivial_move,3,2686932
-20.351,flush_begin,0,0
-20.339,flush_end,0,2686933
-20.323,trivial_move,3,2686930
-20.322,flush_begin,0,0
-20.309,flush_end,0,2686930
-20.293,trivial_move,3,2686931
-20.291,flush_begin,0,0
-20.279,flush_end,0,2686932
-20.263,trivial_move,3,2686931
-20.261,flush_begin,0,0
-20.247,flush_end,0,2686930
-20.231,trivial_move,3,2686930
-20.229,flush_begin,0,0
-20.216,flush_end,0,2686931
-20.200,trivial_move,3,2686932
-20.198,flush_begin,0,0
-20.185,flush_end,0,2686931
-20.169,trivial_move,3,2686930
-20.168,flush_begin,0,0
-20.156,flush_end,0,2686931
-20.139,trivial_move,3,2686932
-20.138,flush_begin,0,0
-20.126,flush_end,0,2686931
-20.110,trivial_move,3,2686930
-20.109,flush_begin,0,0
-20.096,flush_end,0,2686931
-20.080,trivial_move,3,2686931
-20.079,flush_begin,0,0
-20.066,flush_end,0,2686930
-20.050,trivial_move,3,2686931
-20.049,flush_begin,0,0
-20.035,flush_end,0,2686932
-20.020,trivial_move,3,2686931
-20.018,flush_begin,0,0
-20.005,flush_end,0,2686930
-19.989,trivial_move,3,2686931
-19.988,flush_begin,0,0
-19.975,flush_end,0,2686931
-19.959,trivial_move,3,2686930
-19.957,flush_begin,0,0
-19.945,flush_end,0,2686931
-19.929,trivial_move,3,2686930
-19.927,flush_begin,0,0
-19.915,flush_end,0,2686930
-19.899,trivial_move,3,2686931
-19.898,flush_begin,0,0
-19.885,flush_end,0,2686932
-19.869,trivial_move,3,2686931
-19.867,flush_begin,0,0
-19.854,flush_end,0,2686930
-19.838,trivial_move,3,2686931
-19.836,flush_begin,0,0
-19.824,flush_end,0,2686932
-19.807,trivial_move,3,2686932
-19.805,flush_begin,0,0
-19.792,flush_end,0,2686930
-19.776,trivial_move,3,2686930
-19.775,flush_begin,0,0
-19.762,flush_end,0,2686931
-19.746,trivial_move,3,2686932
-19.745,flush_begin,0,0
-19.732,flush_end,0,2686931
-19.716,trivial_move,3,2686930
-19.715,flush_begin,0,0
-19.703,flush_end,0,2686932
-19.687,trivial_move,3,2686932
-19.686,flush_begin,0,0
-19.674,flush_end,0,2686931
-19.658,trivial_move,3,2686930
-19.656,flush_begin,0,0
-19.644,flush_end,0,2686930
-19.628,trivial_move,3,2686931
-19.626,flush_begin,0,0
-19.614,flush_end,0,2686930
-19.598,trivial_move,3,2686931
-19.596,flush_begin,0,0
-19.583,flush_end,0,2686931
-19.566,trivial_move,3,2686930
-19.564,flush_begin,0,0
-19.551,flush_end,0,2686931
-19.534,trivial_move,3,2686932
-19.532,flush_begin,0,0
-19.519,flush_end,0,2686931
-19.502,trivial_move,3,2686930
-19.500,flush_begin,0,0
-19.487,flush_end,0,2686931
-19.471,trivial_move,3,2686931
-19.469,flush_begin,0,0
-19.457,flush_end,0,2686930
-19.441,trivial_move,3,2686931
-19.440,flush_begin,0,0
-19.427,flush_end,0,2686932
-19.410,trivial_move,3,2686931
-19.409,flush_begin,0,0
-19.396,flush_end,0,2686930
-19.380,trivial_move,3,2686931
-19.378,flush_begin,0,0
-19.366,flush_end,0,2686932
-19.348,trivial_move,3,2686931
-19.347,flush_begin,0,0
-19.334,flush_end,0,2686930
-19.317,trivial_move,3,2686930
-19.316,flush_begin,0,0
-19.303,flush_end,0,2686931
-19.287,trivial_move,3,2686932
-19.286,flush_begin,0,0
-19.272,flush_end,0,2686931
-19.257,trivial_move,3,2686930
-19.255,flush_begin,0,0
-19.243,flush_end,0,2686930
-19.227,trivial_move,3,2686932
-19.226,flush_begin,0,0
-19.213,flush_end,0,2686932
-19.197,trivial_move,3,2686930
-19.195,flush_begin,0,0
-19.183,flush_end,0,2686930
-19.166,trivial_move,3,2686930
-19.165,flush_begin,0,0
-19.152,flush_end,0,2686931
-19.135,trivial_move,3,2686933
-19.134,flush_begin,0,0
-19.120,flush_end,0,2686931
-19.104,trivial_move,3,2686930
-19.103,flush_begin,0,0
-19.090,flush_end,0,2686931
-19.074,trivial_move,3,2686932
-19.072,flush_begin,0,0
-19.060,flush_end,0,2686931
-19.044,trivial_move,3,2686930
-19.043,flush_begin,0,0
-19.029,flush_end,0,2686932
-19.013,trivial_move,3,2686931
-19.010,flush_begin,0,0
-18.997,flush_end,0,2686930
-18.981,trivial_move,3,2686931
-18.980,flush_begin,0,0
-18.966,flush_end,0,2686932
-18.950,trivial_move,3,2686931
-18.948,flush_begin,0,0
-18.934,flush_end,0,2686930
-18.918,trivial_move,3,2686931
-18.917,flush_begin,0,0
-18.903,flush_end,0,2686932
-18.886,trivial_move,3,2686931
-18.884,flush_begin,0,0
-18.871,flush_end,0,2686930
-18.854,trivial_move,3,2686930
-18.852,flush_begin,0,0
-18.838,flush_end,0,2686930
-18.821,trivial_move,3,2686932
-18.819,flush_begin,0,0
-18.805,flush_end,0,2686932
-18.788,trivial_move,3,2686930
-18.786,flush_begin,0,0
-18.773,flush_end,0,2686930
-18.756,trivial_move,3,2686931
-18.754,flush_begin,0,0
-18.740,flush_end,0,2686932
-18.724,trivial_move,3,2686931
-18.722,flush_begin,0,0
-18.709,flush_end,0,2686930
-18.692,trivial_move,3,2686930
-18.690,flush_begin,0,0
-18.677,flush_end,0,2686931
-18.661,trivial_move,3,2686932
-18.659,flush_begin,0,0
-18.645,flush_end,0,2686931
-18.629,trivial_move,3,2686930
-18.627,flush_begin,0,0
-18.614,flush_end,0,2686931
-18.598,trivial_move,3,2686932
-18.596,flush_begin,0,0
-18.583,flush_end,0,2686931
-18.567,trivial_move,3,2686930
-18.565,flush_begin,0,0
-18.552,flush_end,0,2686931
-18.536,trivial_move,3,2686931
-18.535,flush_begin,0,0
-18.521,flush_end,0,2686930
-18.505,trivial_move,3,2686931
-18.504,flush_begin,0,0
-18.492,flush_end,0,2686932
-18.476,trivial_move,3,2686932
-18.475,flush_begin,0,0
-18.462,flush_end,0,2686930
-18.445,trivial_move,3,2686931
-18.444,flush_begin,0,0
-18.431,flush_end,0,2686931
-18.414,trivial_move,3,2686930
-18.412,flush_begin,0,0
-18.399,flush_end,0,2686931
-18.383,trivial_move,3,2686930
-18.381,flush_begin,0,0
-18.369,flush_end,0,2686930
-18.352,trivial_move,3,2686931
-18.350,flush_begin,0,0
-18.337,flush_end,0,2686933
-18.321,trivial_move,3,2686931
-18.319,flush_begin,0,0
-18.305,flush_end,0,2686930
-18.289,trivial_move,3,2686931
-18.287,flush_begin,0,0
-18.274,flush_end,0,2686932
-18.258,trivial_move,3,2686931
-18.256,flush_begin,0,0
-18.243,flush_end,0,2686930
-18.227,trivial_move,3,2686930
-18.225,flush_begin,0,0
-18.212,flush_end,0,2686931
-18.196,trivial_move,3,2686932
-18.194,flush_begin,0,0
-18.179,flush_end,0,2686931
-18.163,trivial_move,3,2686930
-18.163,flush_begin,0,0
-18.150,flush_end,0,2686931
-18.133,trivial_move,3,2686932
-18.131,flush_begin,0,0
-18.117,flush_end,0,2686931
-18.101,trivial_move,3,2686930
-18.100,flush_begin,0,0
-18.087,flush_end,0,2686930
-18.068,trivial_move,3,2686931
-18.067,flush_begin,0,0
-18.037,flush_end,0,2686930
-18.021,trivial_move,3,2686931
-18.020,flush_begin,0,0
-18.005,flush_end,0,2686931
-17.988,trivial_move,3,2686930
-17.986,flush_begin,0,0
-17.972,flush_end,0,2686931
-17.956,trivial_move,3,2686932
-17.955,flush_begin,0,0
-17.941,flush_end,0,2686931
-17.924,trivial_move,3,2686930
-17.922,flush_begin,0,0
-17.908,flush_end,0,2686931
-17.892,trivial_move,3,2686931
-17.890,flush_begin,0,0
-17.878,flush_end,0,2686930
-17.862,trivial_move,3,2686931
-17.860,flush_begin,0,0
-17.847,flush_end,0,2686932
-17.831,trivial_move,3,2686931
-17.829,flush_begin,0,0
-17.817,flush_end,0,2686930
-17.801,trivial_move,3,2686931
-17.799,flush_begin,0,0
-17.787,flush_end,0,2686932
-17.771,trivial_move,3,2686932
-17.769,flush_begin,0,0
-17.757,flush_end,0,2686930
-17.741,trivial_move,3,2686930
-17.740,flush_begin,0,0
-17.728,flush_end,0,2686931
-17.712,trivial_move,3,2686932
-17.711,flush_begin,0,0
-17.698,flush_end,0,2686931
-17.682,trivial_move,3,2686930
-17.680,flush_begin,0,0
-17.668,flush_end,0,2686930
-17.649,trivial_move,3,2686932
-17.647,flush_begin,0,0
-17.634,flush_end,0,2686933
-17.618,trivial_move,3,2686930
-17.616,flush_begin,0,0
-17.604,flush_end,0,2686930
-17.588,trivial_move,3,2686930
-17.587,flush_begin,0,0
-17.575,flush_end,0,2686931
-17.559,trivial_move,3,2686932
-17.558,flush_begin,0,0
-17.545,flush_end,0,2686931
-17.529,trivial_move,3,2686930
-17.527,flush_begin,0,0
-17.514,flush_end,0,2686931
-17.498,trivial_move,3,2686932
-17.497,flush_begin,0,0
-17.484,flush_end,0,2686931
-17.468,trivial_move,3,2686930
-17.466,flush_begin,0,0
-17.454,flush_end,0,2686931
-17.438,trivial_move,3,2686931
-17.437,flush_begin,0,0
-17.425,flush_end,0,2686930
-17.409,trivial_move,3,2686931
-17.408,flush_begin,0,0
-17.395,flush_end,0,2686932
-17.379,trivial_move,3,2686931
-17.378,flush_begin,0,0
-17.365,flush_end,0,2686930
-17.349,trivial_move,3,2686931
-17.347,flush_begin,0,0
-17.333,flush_end,0,2686932
-17.317,trivial_move,3,2686931
-17.316,flush_begin,0,0
-17.303,flush_end,0,2686930
-17.287,trivial_move,3,2686930
-17.286,flush_begin,0,0
-17.273,flush_end,0,2686930
-17.257,trivial_move,3,2686932
-17.255,flush_begin,0,0
-17.241,flush_end,0,2686932
-17.225,trivial_move,3,2686930
-17.223,flush_begin,0,0
-17.210,flush_end,0,2686930
-17.194,trivial_move,3,2686931
-17.191,flush_begin,0,0
-17.178,flush_end,0,2686932
-17.162,trivial_move,3,2686931
-17.160,flush_begin,0,0
-17.147,flush_end,0,2686930
-17.131,trivial_move,3,2686930
-17.123,trivial_move,4,2686930
-17.122,flush_begin,0,0
-17.109,flush_end,0,2686931
-17.093,trivial_move,3,2686933
-17.085,trivial_move,4,2686931
-17.084,flush_begin,0,0
-17.069,flush_end,0,2686931
-17.053,trivial_move,3,2686930
-17.045,trivial_move,4,2686931
-17.044,flush_begin,0,0
-17.031,flush_end,0,2686931
-17.015,trivial_move,3,2686932
-17.007,trivial_move,4,2686931
-17.005,flush_begin,0,0
-16.992,flush_end,0,2686931
-16.976,trivial_move,3,2686930
-16.968,trivial_move,4,2686931
-16.967,flush_begin,0,0
-16.953,flush_end,0,2686933
-16.937,trivial_move,3,2686931
-16.929,trivial_move,4,2686930
-16.928,flush_begin,0,0
-16.914,flush_end,0,2686930
-16.898,trivial_move,3,2686931
-16.890,trivial_move,4,2686932
-16.889,flush_begin,0,0
-16.876,flush_end,0,2686932
-16.860,trivial_move,3,2686931
-16.852,trivial_move,4,2686930
-16.851,flush_begin,0,0
-16.836,flush_end,0,2686930
-16.819,trivial_move,3,2686931
-16.811,trivial_move,4,2686932
-16.809,flush_begin,0,0
-16.793,flush_end,0,2686931
-16.776,trivial_move,3,2686930
-16.768,trivial_move,4,2686930
-16.766,flush_begin,0,0
-16.750,flush_end,0,2686931
-16.733,trivial_move,3,2686930
-16.725,trivial_move,4,2686931
-16.723,flush_begin,0,0
-16.708,flush_end,0,2686930
-16.691,trivial_move,3,2686931
-16.683,trivial_move,4,2686931
-16.681,flush_begin,0,0
-16.664,flush_end,0,2686932
-16.647,trivial_move,3,2686931
-16.639,trivial_move,4,2686930
-16.637,flush_begin,0,0
-16.622,flush_end,0,2686930
-16.605,trivial_move,3,2686931
-16.597,trivial_move,4,2686932
-16.595,flush_begin,0,0
-16.578,flush_end,0,2686932
-16.561,trivial_move,3,2686931
-16.553,trivial_move,4,2686930
-16.552,flush_begin,0,0
-16.536,flush_end,0,2686930
-16.520,trivial_move,3,2686930
-16.512,trivial_move,4,2686931
-16.509,flush_begin,0,0
-16.494,flush_end,0,2686931
-16.477,trivial_move,3,2686932
-16.469,trivial_move,4,2686931
-16.467,flush_begin,0,0
-16.452,flush_end,0,2686931
-16.435,trivial_move,3,2686930
-16.427,trivial_move,4,2686931
-16.425,flush_begin,0,0
-16.409,flush_end,0,2686931
-16.392,trivial_move,3,2686932
-16.384,trivial_move,4,2686931
-16.384,flush_begin,0,0
-16.367,flush_end,0,2686931
-16.350,trivial_move,3,2686930
-16.342,trivial_move,4,2686931
-16.341,flush_begin,0,0
-16.326,flush_end,0,2686930
-16.309,trivial_move,3,2686931
-16.301,trivial_move,4,2686930
-16.298,flush_begin,0,0
-16.282,flush_end,0,2686930
-16.265,trivial_move,3,2686931
-16.257,trivial_move,4,2686933
-16.256,flush_begin,0,0
-16.240,flush_end,0,2686931
-16.223,trivial_move,3,2686930
-16.215,trivial_move,4,2686930
-16.213,flush_begin,0,0
-16.196,flush_end,0,2686931
-16.180,trivial_move,3,2686933
-16.172,trivial_move,4,2686932
-16.170,flush_begin,0,0
-16.154,flush_end,0,2686931
-16.137,trivial_move,3,2686930
-16.129,trivial_move,4,2686930
-16.127,flush_begin,0,0
-16.111,flush_end,0,2686931
-16.094,trivial_move,3,2686931
-16.086,trivial_move,4,2686930
-16.084,flush_begin,0,0
-16.069,flush_end,0,2686930
-16.053,trivial_move,3,2686931
-16.045,trivial_move,4,2686932
-16.044,flush_begin,0,0
-16.029,flush_end,0,2686933
-16.012,trivial_move,3,2686931
-16.004,trivial_move,4,2686930
-16.002,flush_begin,0,0
-15.986,flush_end,0,2686930
-15.969,trivial_move,3,2686931
-15.961,trivial_move,4,2686932
-15.960,flush_begin,0,0
-15.944,flush_end,0,2686932
-15.927,trivial_move,3,2686931
-15.919,trivial_move,4,2686930
-15.918,flush_begin,0,0
-15.902,flush_end,0,2686930
-15.885,trivial_move,3,2686930
-15.877,trivial_move,4,2686931
-15.875,flush_begin,0,0
-15.860,flush_end,0,2686931
-15.844,trivial_move,3,2686932
-15.836,trivial_move,4,2686931
-15.834,flush_begin,0,0
-15.818,flush_end,0,2686931
-15.801,trivial_move,3,2686930
-15.793,trivial_move,4,2686931
-15.792,flush_begin,0,0
-15.777,flush_end,0,2686930
-15.760,trivial_move,3,2686932
-15.752,trivial_move,4,2686931
-15.750,flush_begin,0,0
-15.733,flush_end,0,2686932
-15.716,trivial_move,3,2686930
-15.708,trivial_move,4,2686931
-15.706,flush_begin,0,0
-15.689,flush_end,0,2686930
-15.672,trivial_move,3,2686930
-15.664,trivial_move,4,2686930
-15.662,flush_begin,0,0
-15.647,flush_end,0,2686931
-15.631,trivial_move,3,2686932
-15.623,trivial_move,4,2686932
-15.621,flush_begin,0,0
-15.605,flush_end,0,2686931
-15.589,trivial_move,3,2686930
-15.581,trivial_move,4,2686930
-15.580,flush_begin,0,0
-15.566,flush_end,0,2686931
-15.549,trivial_move,3,2686932
-15.541,trivial_move,4,2686931
-15.540,flush_begin,0,0
-15.525,flush_end,0,2686931
-15.508,trivial_move,3,2686930
-15.500,trivial_move,4,2686931
-15.498,flush_begin,0,0
-15.483,flush_end,0,2686931
-15.468,trivial_move,3,2686931
-15.460,trivial_move,4,2686930
-15.459,flush_begin,0,0
-15.444,flush_end,0,2686930
-15.427,trivial_move,3,2686931
-15.419,trivial_move,4,2686932
-15.418,flush_begin,0,0
-15.403,flush_end,0,2686932
-15.386,trivial_move,3,2686931
-15.378,trivial_move,4,2686930
-15.377,flush_begin,0,0
-15.362,flush_end,0,2686930
-15.345,trivial_move,3,2686931
-15.337,trivial_move,4,2686933
-15.335,flush_begin,0,0
-15.318,flush_end,0,2686932
-15.301,trivial_move,3,2686933
-15.293,trivial_move,4,2686930
-15.292,flush_begin,0,0
-15.277,flush_end,0,2686930
-15.261,trivial_move,3,2686930
-15.253,trivial_move,4,2686931
-15.252,flush_begin,0,0
-15.237,flush_end,0,2686930
-15.220,trivial_move,3,2686932
-15.212,trivial_move,4,2686931
-15.210,flush_begin,0,0
-15.195,flush_end,0,2686932
-15.179,trivial_move,3,2686930
-15.171,trivial_move,4,2686931
-15.169,flush_begin,0,0
-15.155,flush_end,0,2686930
-15.139,trivial_move,3,2686931
-15.131,trivial_move,4,2686931
-15.128,flush_begin,0,0
-15.113,flush_end,0,2686933
-15.096,trivial_move,3,2686931
-15.088,trivial_move,4,2686930
-15.087,flush_begin,0,0
-15.072,flush_end,0,2686930
-15.055,trivial_move,3,2686930
-15.047,trivial_move,4,2686930
-15.045,flush_begin,0,0
-15.028,flush_end,0,2686931
-15.012,trivial_move,3,2686932
-15.004,trivial_move,4,2686931
-15.003,flush_begin,0,0
-14.987,flush_end,0,2686931
-14.971,trivial_move,3,2686930
-14.963,trivial_move,4,2686931
-14.961,flush_begin,0,0
-14.945,flush_end,0,2686931
-14.929,trivial_move,3,2686932
-14.921,trivial_move,4,2686931
-14.920,flush_begin,0,0
-14.904,flush_end,0,2686931
-14.887,trivial_move,3,2686930
-14.879,trivial_move,4,2686931
-14.877,flush_begin,0,0
-14.860,flush_end,0,2686931
-14.843,trivial_move,3,2686931
-14.835,trivial_move,4,2686930
-14.832,flush_begin,0,0
-14.817,flush_end,0,2686930
-14.800,trivial_move,3,2686931
-14.792,trivial_move,4,2686932
-14.790,flush_begin,0,0
-14.774,flush_end,0,2686932
-14.757,trivial_move,3,2686931
-14.749,trivial_move,4,2686930
-14.747,flush_begin,0,0
-14.728,flush_end,0,2686930
-14.709,trivial_move,3,2686931
-14.700,trivial_move,4,2686932
-14.699,flush_begin,0,0
-14.682,flush_end,0,2686931
-14.659,trivial_move,3,2686930
-14.659,flush_begin,0,0
-14.631,flush_end,0,2686931
-14.606,trivial_move,3,2686930
-14.606,flush_begin,0,0
-14.576,flush_end,0,2686930
-14.552,trivial_move,3,2686931
-14.552,flush_begin,0,0
-14.533,flush_end,0,2686932
-14.510,trivial_move,3,2686931
-14.510,flush_begin,0,0
-14.484,flush_end,0,2686930
-14.452,trivial_move,3,2686931
-14.452,flush_begin,0,0
-14.424,flush_end,0,2686932
-14.402,trivial_move,3,2686931
-14.402,flush_begin,0,0
-14.377,flush_end,0,2686930
-14.355,trivial_move,3,2686930
-14.355,flush_begin,0,0
-14.331,flush_end,0,2686931
-14.311,trivial_move,3,2686933
-14.311,flush_begin,0,0
-14.288,flush_end,0,2686931
-14.269,trivial_move,3,2686930
-14.269,flush_begin,0,0
-14.247,flush_end,0,2686931
-14.227,trivial_move,3,2686932
-14.227,flush_begin,0,0
-14.206,flush_end,0,2686931
-14.187,trivial_move,4,2686930
-14.187,flush_begin,0,0
-14.166,flush_end,0,2686930
-14.148,trivial_move,3,2686930
-14.148,flush_begin,0,0
-14.127,flush_end,0,2686930
-14.106,trivial_move,3,2686931
-14.106,flush_begin,0,0
-14.085,flush_end,0,2686931
-14.066,trivial_move,3,2686931
-14.066,flush_begin,0,0
-14.049,flush_end,0,2686931
-14.027,trivial_move,3,2686930
-14.027,flush_begin,0,0
-14.014,flush_end,0,2686931
-13.995,trivial_move,3,2686932
-13.995,flush_begin,0,0
-13.976,flush_end,0,2686931
-13.946,trivial_move,3,2686930
-13.946,flush_begin,0,0
-13.928,flush_end,0,2686930
-13.883,trivial_move,3,2686931
-13.883,flush_begin,0,0
-13.863,flush_end,0,2686932
-13.843,trivial_move,3,2686931
-13.843,flush_begin,0,0
-13.825,flush_end,0,2686930
-13.799,trivial_move,3,2686931
-13.799,flush_begin,0,0
-13.758,flush_end,0,2686932
-13.733,trivial_move,3,2686931
-13.733,flush_begin,0,0
-13.709,flush_end,0,2686930
-13.692,flush_begin,0,0
-13.669,flush_end,0,2686931
-13.644,trivial_move,3,2686931
-13.644,flush_begin,0,0
-13.617,flush_end,0,2686931
-13.591,trivial_move,3,2686930
-13.591,flush_begin,0,0
-13.566,flush_end,0,2686930
-13.538,trivial_move,3,2686932
-13.538,flush_begin,0,0
-13.515,flush_end,0,2686932
-13.487,trivial_move,3,2686930
-13.487,flush_begin,0,0
-13.462,flush_end,0,2686930
-13.433,trivial_move,3,2686932
-13.433,flush_begin,0,0
-13.409,flush_end,0,2686931
-13.390,trivial_move,3,2686930
-13.390,flush_begin,0,0
-13.370,flush_end,0,2686931
-13.354,trivial_move,3,2686930
-13.346,trivial_move,4,2686931
-13.338,trivial_move,4,2686931
-13.330,trivial_move,4,2686930
-13.323,trivial_move,4,2686932
-13.323,flush_begin,0,0
-13.307,flush_end,0,2686931
-13.291,trivial_move,3,2686932
-13.283,trivial_move,4,2686930
-13.275,trivial_move,4,2686932
-13.267,trivial_move,4,2686931
-13.259,trivial_move,4,2686931
-13.251,trivial_move,3,2686930
-13.251,flush_begin,0,0
-13.233,flush_end,0,2686931
-13.217,trivial_move,4,2686931
-13.209,trivial_move,3,2686933
-13.201,trivial_move,4,2686931
-13.193,trivial_move,4,2686930
-13.187,trivial_move,4,2686932
-13.187,flush_begin,0,0
-13.167,flush_end,0,2686931
-13.150,trivial_move,3,2686930
-13.142,trivial_move,4,2686930
-13.134,trivial_move,4,2686932
-13.126,trivial_move,4,2686930
-13.118,trivial_move,4,2686930
-13.118,flush_begin,0,0
-13.099,flush_end,0,2686930
-13.082,trivial_move,3,2686931
-13.074,trivial_move,4,2686932
-13.066,trivial_move,4,2686930
-13.058,trivial_move,4,2686932
-13.050,trivial_move,4,2686930
-13.042,trivial_move,4,2686931
-13.041,flush_begin,0,0
-13.019,flush_end,0,2686933
-13.002,trivial_move,3,2686931
-12.994,trivial_move,4,2686931
-12.986,trivial_move,4,2686931
-12.978,trivial_move,3,2686931
-12.978,flush_begin,0,0
-12.955,flush_end,0,2686930
-12.938,trivial_move,4,2686931
-12.930,trivial_move,3,2686931
-12.922,trivial_move,4,2686931
-12.914,trivial_move,4,2686930
-12.907,trivial_move,4,2686933
-12.907,flush_begin,0,0
-12.883,flush_end,0,2686932
-12.867,trivial_move,3,2686931
-12.859,trivial_move,4,2686930
-12.851,trivial_move,4,2686931
-12.843,trivial_move,4,2686931
-12.836,trivial_move,4,2686930
-12.836,flush_begin,0,0
-12.811,flush_end,0,2686930
-12.794,trivial_move,3,2686930
-12.786,trivial_move,4,2686932
-12.778,trivial_move,4,2686930
-12.770,trivial_move,4,2686932
-12.762,trivial_move,4,2686930
-12.762,flush_begin,0,0
-12.740,flush_end,0,2686930
-12.723,trivial_move,3,2686932
-12.715,trivial_move,4,2686931
-12.707,trivial_move,4,2686931
-12.703,flush_begin,0,0
-12.682,flush_end,0,2686932
-12.665,trivial_move,3,2686930
-12.657,trivial_move,4,2686931
-12.656,flush_begin,0,0
-12.642,flush_end,0,2686930
-12.625,trivial_move,3,2686931
-12.617,trivial_move,4,2686931
-12.616,flush_begin,0,0
-12.602,flush_end,0,2686932
-12.586,trivial_move,3,2686931
-12.578,trivial_move,4,2686930
-12.578,flush_begin,0,0
-12.564,flush_end,0,2686930
-12.547,trivial_move,3,2686930
-12.539,trivial_move,4,2686930
-12.538,flush_begin,0,0
-12.523,flush_end,0,2686931
-12.507,trivial_move,3,2686932
-12.499,trivial_move,4,2686931
-12.498,flush_begin,0,0
-12.483,flush_end,0,2686931
-12.466,trivial_move,3,2686930
-12.458,trivial_move,4,2686931
-12.457,flush_begin,0,0
-12.442,flush_end,0,2686931
-12.425,trivial_move,3,2686932
-12.417,trivial_move,4,2686931
-12.416,flush_begin,0,0
-12.401,flush_end,0,2686931
-12.384,trivial_move,3,2686930
-12.376,trivial_move,4,2686931
-12.374,flush_begin,0,0
-12.358,flush_end,0,2686931
-12.341,trivial_move,3,2686931
-12.333,trivial_move,4,2686930
-12.332,flush_begin,0,0
-12.319,flush_end,0,2686930
-12.302,trivial_move,3,2686931
-12.294,trivial_move,4,2686932
-12.294,flush_begin,0,0
-12.281,flush_end,0,2686932
-12.264,trivial_move,3,2686931
-12.256,trivial_move,4,2686930
-12.255,flush_begin,0,0
-12.241,flush_end,0,2686930
-12.224,trivial_move,3,2686931
-12.216,trivial_move,4,2686933
-12.215,flush_begin,0,0
-12.201,flush_end,0,2686931
-12.184,trivial_move,3,2686930
-12.176,trivial_move,4,2686930
-12.175,flush_begin,0,0
-12.162,flush_end,0,2686931
-12.147,trivial_move,3,2686930
-12.139,trivial_move,4,2686931
-12.138,flush_begin,0,0
-12.124,flush_end,0,2686930
-12.107,trivial_move,3,2686931
-12.099,trivial_move,4,2686931
-12.098,flush_begin,0,0
-12.084,flush_end,0,2686932
-12.067,trivial_move,3,2686931
-12.059,trivial_move,4,2686930
-12.057,flush_begin,0,0
-12.043,flush_end,0,2686930
-12.027,trivial_move,3,2686931
-12.019,trivial_move,4,2686932
-12.017,flush_begin,0,0
-12.003,flush_end,0,2686933
-11.986,trivial_move,3,2686931
-11.978,trivial_move,4,2686930
-11.977,flush_begin,0,0
-11.960,flush_end,0,2686930
-11.943,trivial_move,3,2686930
-11.935,trivial_move,4,2686931
-11.933,flush_begin,0,0
-11.919,flush_end,0,2686931
-11.902,trivial_move,3,2686932
-11.894,trivial_move,4,2686931
-11.892,flush_begin,0,0
-11.877,flush_end,0,2686931
-11.860,trivial_move,3,2686930
-11.852,trivial_move,4,2686931
-11.851,flush_begin,0,0
-11.834,flush_end,0,2686931
-11.818,trivial_move,3,2686932
-11.810,trivial_move,4,2686931
-11.808,flush_begin,0,0
-11.793,flush_end,0,2686931
-11.776,trivial_move,3,2686930
-11.768,trivial_move,4,2686931
-11.767,flush_begin,0,0
-11.751,flush_end,0,2686930
-11.734,trivial_move,3,2686931
-11.726,trivial_move,4,2686930
-11.725,flush_begin,0,0
-11.710,flush_end,0,2686930
-11.694,trivial_move,3,2686931
-11.686,trivial_move,4,2686932
-11.685,flush_begin,0,0
-11.669,flush_end,0,2686931
-11.653,trivial_move,3,2686930
-11.645,trivial_move,4,2686930
-11.642,flush_begin,0,0
-11.627,flush_end,0,2686931
-11.611,trivial_move,3,2686932
-11.603,trivial_move,4,2686932
-11.600,flush_begin,0,0
-11.585,flush_end,0,2686931
-11.568,trivial_move,3,2686930
-11.560,trivial_move,4,2686930
-11.559,flush_begin,0,0
-11.543,flush_end,0,2686931
-11.527,trivial_move,3,2686931
-11.519,trivial_move,4,2686930
-11.517,flush_begin,0,0
-11.501,flush_end,0,2686930
-11.485,trivial_move,3,2686931
-11.477,trivial_move,4,2686932
-11.474,flush_begin,0,0
-11.458,flush_end,0,2686932
-11.442,trivial_move,3,2686931
-11.434,trivial_move,4,2686930
-11.432,flush_begin,0,0
-11.417,flush_end,0,2686930
-11.400,trivial_move,3,2686931
-11.392,trivial_move,4,2686932
-11.389,flush_begin,0,0
-11.371,flush_end,0,2686932
-11.354,trivial_move,3,2686931
-11.346,trivial_move,4,2686930
-11.345,flush_begin,0,0
-11.330,flush_end,0,2686930
-11.313,trivial_move,3,2686930
-11.305,trivial_move,4,2686932
-11.304,flush_begin,0,0
-11.289,flush_end,0,2686931
-11.272,trivial_move,3,2686933
-11.264,trivial_move,4,2686931
-11.262,flush_begin,0,0
-11.245,flush_end,0,2686931
-11.228,trivial_move,3,2686930
-11.220,trivial_move,4,2686931
-11.219,flush_begin,0,0
-11.203,flush_end,0,2686930
-11.186,trivial_move,3,2686932
-11.178,trivial_move,4,2686931
-11.177,flush_begin,0,0
-11.161,flush_end,0,2686932
-11.144,trivial_move,3,2686930
-11.136,trivial_move,4,2686931
-11.135,flush_begin,0,0
-11.120,flush_end,0,2686930
-11.103,trivial_move,3,2686930
-11.095,trivial_move,4,2686930
-11.093,flush_begin,0,0
-11.076,flush_end,0,2686932
-11.059,trivial_move,3,2686932
-11.051,trivial_move,4,2686932
-11.049,flush_begin,0,0
-11.033,flush_end,0,2686931
-11.017,trivial_move,3,2686930
-11.009,trivial_move,4,2686930
-11.007,flush_begin,0,0
-10.991,flush_end,0,2686931
-10.974,trivial_move,3,2686932
-10.966,trivial_move,4,2686931
-10.965,flush_begin,0,0
-10.948,flush_end,0,2686931
-10.931,trivial_move,3,2686930
-10.923,trivial_move,4,2686931
-10.922,flush_begin,0,0
-10.905,flush_end,0,2686931
-10.888,trivial_move,3,2686931
-10.880,trivial_move,4,2686930
-10.879,flush_begin,0,0
-10.864,flush_end,0,2686930
-10.847,trivial_move,3,2686931
-10.839,trivial_move,4,2686932
-10.837,flush_begin,0,0
-10.820,flush_end,0,2686932
-10.802,trivial_move,3,2686931
-10.792,trivial_move,4,2686930
-10.791,flush_begin,0,0
-10.774,flush_end,0,2686930
-10.757,trivial_move,3,2686931
-10.749,trivial_move,4,2686932
-10.748,flush_begin,0,0
-10.732,flush_end,0,2686932
-10.715,trivial_move,3,2686931
-10.707,trivial_move,4,2686930
-10.705,flush_begin,0,0
-10.687,flush_end,0,2686930
-10.670,trivial_move,3,2686930
-10.662,trivial_move,4,2686931
-10.661,flush_begin,0,0
-10.645,flush_end,0,2686930
-10.627,trivial_move,3,2686932
-10.619,trivial_move,4,2686931
-10.618,flush_begin,0,0
-10.604,flush_end,0,2686932
-10.587,trivial_move,3,2686930
-10.579,trivial_move,4,2686931
-10.578,flush_begin,0,0
-10.564,flush_end,0,2686930
-10.547,trivial_move,3,2686931
-10.539,trivial_move,4,2686931
-10.539,flush_begin,0,0
-10.524,flush_end,0,2686932
-10.507,trivial_move,3,2686931
-10.499,trivial_move,4,2686930
-10.498,flush_begin,0,0
-10.483,flush_end,0,2686930
-10.466,trivial_move,3,2686930
-10.458,trivial_move,4,2686930
-10.456,flush_begin,0,0
-10.441,flush_end,0,2686931
-10.424,trivial_move,3,2686932
-10.416,trivial_move,4,2686931
-10.415,flush_begin,0,0
-10.398,flush_end,0,2686931
-10.381,trivial_move,3,2686930
-10.373,trivial_move,4,2686932
-10.371,flush_begin,0,0
-10.354,flush_end,0,2686931
-10.338,trivial_move,3,2686933
-10.330,trivial_move,4,2686931
-10.329,flush_begin,0,0
-10.314,flush_end,0,2686931
-10.297,trivial_move,3,2686930
-10.289,trivial_move,4,2686931
-10.287,flush_begin,0,0
-10.271,flush_end,0,2686931
-10.254,trivial_move,3,2686931
-10.246,trivial_move,4,2686930
-10.244,flush_begin,0,0
-10.228,flush_end,0,2686930
-10.211,trivial_move,3,2686931
-10.203,trivial_move,4,2686932
-10.201,flush_begin,0,0
-10.186,flush_end,0,2686933
-10.169,trivial_move,3,2686931
-10.161,trivial_move,4,2686930
-10.158,flush_begin,0,0
-10.142,flush_end,0,2686930
-10.126,trivial_move,3,2686931
-10.118,trivial_move,4,2686932
-10.116,flush_begin,0,0
-10.099,flush_end,0,2686931
-10.082,trivial_move,3,2686930
-10.074,trivial_move,4,2686930
-10.073,flush_begin,0,0
-10.058,flush_end,0,2686931
-10.041,trivial_move,3,2686930
-10.033,trivial_move,4,2686931
-10.032,flush_begin,0,0
-10.017,flush_end,0,2686930
-10.000,trivial_move,3,2686931
-9.992,trivial_move,4,2686931
-9.990,flush_begin,0,0
-9.974,flush_end,0,2686932
-9.957,trivial_move,3,2686931
-9.949,trivial_move,4,2686930
-9.946,flush_begin,0,0
-9.931,flush_end,0,2686930
-9.915,trivial_move,3,2686931
-9.907,trivial_move,4,2686932
-9.905,flush_begin,0,0
-9.890,flush_end,0,2686932
-9.873,trivial_move,3,2686931
-9.865,trivial_move,4,2686930
-9.863,flush_begin,0,0
-9.847,flush_end,0,2686930
-9.830,trivial_move,3,2686930
-9.822,trivial_move,4,2686931
-9.820,flush_begin,0,0
-9.803,flush_end,0,2686931
-9.786,trivial_move,3,2686932
-9.778,trivial_move,4,2686931
-9.777,flush_begin,0,0
-9.762,flush_end,0,2686931
-9.746,trivial_move,3,2686930
-9.738,trivial_move,4,2686931
-9.737,flush_begin,0,0
-9.721,flush_end,0,2686931
-9.704,trivial_move,3,2686932
-9.696,trivial_move,4,2686931
-9.694,flush_begin,0,0
-9.678,flush_end,0,2686931
-9.662,trivial_move,3,2686930
-9.654,trivial_move,4,2686931
-9.652,flush_begin,0,0
-9.637,flush_end,0,2686930
-9.621,trivial_move,3,2686931
-9.613,trivial_move,4,2686930
-9.610,flush_begin,0,0
-9.595,flush_end,0,2686930
-9.578,trivial_move,3,2686931
-9.570,trivial_move,4,2686932
-9.568,flush_begin,0,0
-9.552,flush_end,0,2686931
-9.535,trivial_move,3,2686930
-9.527,trivial_move,4,2686930
-9.527,flush_begin,0,0
-9.512,flush_end,0,2686931
-9.495,trivial_move,3,2686932
-9.487,trivial_move,4,2686933
-9.485,flush_begin,0,0
-9.471,flush_end,0,2686931
-9.454,trivial_move,3,2686930
-9.446,trivial_move,4,2686930
-9.446,flush_begin,0,0
-9.431,flush_end,0,2686931
-9.414,trivial_move,3,2686932
-9.406,trivial_move,4,2686930
-9.405,flush_begin,0,0
-9.390,flush_end,0,2686930
-9.374,trivial_move,3,2686931
-9.366,trivial_move,4,2686932
-9.364,flush_begin,0,0
-9.349,flush_end,0,2686932
-9.332,trivial_move,3,2686931
-9.324,trivial_move,4,2686930
-9.322,flush_begin,0,0
-9.307,flush_end,0,2686930
-9.291,trivial_move,3,2686931
-9.283,trivial_move,4,2686932
-9.282,flush_begin,0,0
-9.267,flush_end,0,2686933
-9.250,trivial_move,3,2686931
-9.242,trivial_move,4,2686930
-9.241,flush_begin,0,0
-9.225,flush_end,0,2686930
-9.208,trivial_move,3,2686930
-9.200,trivial_move,4,2686931
-9.197,flush_begin,0,0
-9.181,flush_end,0,2686931
-9.161,trivial_move,3,2686932
-9.153,trivial_move,4,2686931
-9.150,flush_begin,0,0
-9.133,flush_end,0,2686931
-9.116,trivial_move,3,2686930
-9.108,trivial_move,4,2686931
-9.106,flush_begin,0,0
-9.090,flush_end,0,2686930
-9.073,trivial_move,3,2686932
-9.065,trivial_move,4,2686931
-9.063,flush_begin,0,0
-9.047,flush_end,0,2686932
-9.030,trivial_move,3,2686930
-9.022,trivial_move,4,2686931
-9.020,flush_begin,0,0
-9.003,flush_end,0,2686930
-8.987,trivial_move,3,2686930
-8.979,trivial_move,4,2686930
-8.978,flush_begin,0,0
-8.963,flush_end,0,2686931
-8.946,trivial_move,3,2686932
-8.938,trivial_move,4,2686932
-8.936,flush_begin,0,0
-8.920,flush_end,0,2686931
-8.903,trivial_move,3,2686930
-8.895,trivial_move,4,2686930
-8.895,flush_begin,0,0
-8.880,flush_end,0,2686931
-8.863,trivial_move,3,2686932
-8.855,trivial_move,4,2686931
-8.855,flush_begin,0,0
-8.837,flush_end,0,2686931
-8.820,trivial_move,3,2686930
-8.811,trivial_move,4,2686931
-8.808,flush_begin,0,0
-8.793,flush_end,0,2686931
-8.776,trivial_move,3,2686931
-8.768,trivial_move,4,2686930
-8.765,flush_begin,0,0
-8.750,flush_end,0,2686930
-8.733,trivial_move,3,2686931
-8.725,trivial_move,4,2686932
-8.723,flush_begin,0,0
-8.706,flush_end,0,2686932
-8.689,trivial_move,3,2686931
-8.681,trivial_move,4,2686930
-8.679,flush_begin,0,0
-8.664,flush_end,0,2686930
-8.647,trivial_move,3,2686931
-8.639,trivial_move,4,2686932
-8.637,flush_begin,0,0
-8.622,flush_end,0,2686932
-8.605,trivial_move,3,2686931
-8.597,trivial_move,4,2686930
-8.595,flush_begin,0,0
-8.578,flush_end,0,2686930
-8.561,trivial_move,3,2686930
-8.553,trivial_move,4,2686932
-8.551,flush_begin,0,0
-8.535,flush_end,0,2686930
-8.518,trivial_move,3,2686933
-8.510,trivial_move,4,2686931
-8.508,flush_begin,0,0
-8.493,flush_end,0,2686932
-8.476,trivial_move,3,2686930
-8.468,trivial_move,4,2686931
-8.465,flush_begin,0,0
-8.448,flush_end,0,2686930
-8.431,trivial_move,3,2686931
-8.423,trivial_move,4,2686931
-8.421,flush_begin,0,0
-8.404,flush_end,0,2686932
-8.387,trivial_move,3,2686931
-8.379,trivial_move,4,2686930
-8.377,flush_begin,0,0
-8.360,flush_end,0,2686930
-8.344,trivial_move,3,2686930
-8.336,trivial_move,4,2686930
-8.334,flush_begin,0,0
-8.318,flush_end,0,2686932
-8.301,trivial_move,3,2686932
-8.293,trivial_move,4,2686931
-8.291,flush_begin,0,0
-8.274,flush_end,0,2686931
-8.257,trivial_move,3,2686930
-8.249,trivial_move,4,2686931
-8.247,flush_begin,0,0
-8.229,flush_end,0,2686931
-8.212,trivial_move,3,2686932
-8.204,trivial_move,4,2686931
-8.202,flush_begin,0,0
-8.185,flush_end,0,2686931
-8.168,trivial_move,3,2686930
-8.160,trivial_move,4,2686931
-8.158,flush_begin,0,0
-8.142,flush_end,0,2686931
-8.125,trivial_move,3,2686931
-8.117,trivial_move,4,2686930
-8.114,flush_begin,0,0
-8.098,flush_end,0,2686930
-8.081,trivial_move,3,2686931
-8.073,trivial_move,4,2686932
-8.071,flush_begin,0,0
-8.053,flush_end,0,2686932
-8.036,trivial_move,3,2686931
-8.028,trivial_move,4,2686930
-8.026,flush_begin,0,0
-8.010,flush_end,0,2686930
-7.993,trivial_move,3,2686931
-7.985,trivial_move,4,2686932
-7.983,flush_begin,0,0
-7.967,flush_end,0,2686931
-7.951,trivial_move,3,2686930
-7.943,trivial_move,4,2686930
-7.941,flush_begin,0,0
-7.923,flush_end,0,2686931
-7.906,trivial_move,3,2686930
-7.898,trivial_move,4,2686931
-7.896,flush_begin,0,0
-7.880,flush_end,0,2686930
-7.867,trivial_move,3,2686931
-7.853,trivial_move,4,2686931
-7.852,flush_begin,0,0
-7.834,flush_end,0,2686932
-7.817,trivial_move,3,2686931
-7.809,trivial_move,4,2686930
-7.807,flush_begin,0,0
-7.789,flush_end,0,2686930
-7.772,trivial_move,3,2686931
-7.764,trivial_move,4,2686932
-7.763,flush_begin,0,0
-7.747,flush_end,0,2686932
-7.730,trivial_move,3,2686931
-7.722,trivial_move,4,2686930
-7.720,flush_begin,0,0
-7.704,flush_end,0,2686930
-7.687,trivial_move,3,2686930
-7.679,trivial_move,4,2686931
-7.678,flush_begin,0,0
-7.664,flush_end,0,2686931
-7.647,trivial_move,3,2686932
-7.639,trivial_move,4,2686931
-7.635,flush_begin,0,0
-7.618,flush_end,0,2686931
-7.601,trivial_move,3,2686930
-7.593,trivial_move,4,2686933
-7.592,flush_begin,0,0
-7.576,flush_end,0,2686931
-7.559,trivial_move,3,2686933
-7.551,trivial_move,4,2686931
-7.551,flush_begin,0,0
-7.536,flush_end,0,2686931
-7.518,trivial_move,3,2686930
-7.510,trivial_move,4,2686931
-7.508,flush_begin,0,0
-7.492,flush_end,0,2686930
-7.473,trivial_move,3,2686931
-7.465,trivial_move,4,2686930
-7.463,flush_begin,0,0
-7.446,flush_end,0,2686930
-7.430,trivial_move,3,2686931
-7.422,trivial_move,4,2686932
-7.421,flush_begin,0,0
-7.404,flush_end,0,2686931
-7.387,trivial_move,3,2686930
-7.379,trivial_move,4,2686930
-7.377,flush_begin,0,0
-7.361,flush_end,0,2686933
-7.344,trivial_move,3,2686932
-7.336,trivial_move,4,2686932
-7.334,flush_begin,0,0
-7.317,flush_end,0,2686931
-7.300,trivial_move,3,2686930
-7.292,trivial_move,4,2686930
-7.290,flush_begin,0,0
-7.273,flush_end,0,2686931
-7.256,trivial_move,3,2686931
-7.248,trivial_move,4,2686930
-7.246,flush_begin,0,0
-7.229,flush_end,0,2686930
-7.212,trivial_move,3,2686931
-7.204,trivial_move,4,2686932
-7.203,flush_begin,0,0
-7.187,flush_end,0,2686932
-7.170,trivial_move,3,2686931
-7.162,trivial_move,4,2686930
-7.160,flush_begin,0,0
-7.142,flush_end,0,2686930
-7.125,trivial_move,3,2686931
-7.117,trivial_move,4,2686932
-7.115,flush_begin,0,0
-7.098,flush_end,0,2686932
-7.081,trivial_move,3,2686931
-7.073,trivial_move,4,2686930
-7.071,flush_begin,0,0
-7.055,flush_end,0,2686930
-7.038,trivial_move,3,2686930
-7.030,trivial_move,4,2686931
-7.029,flush_begin,0,0
-7.013,flush_end,0,2686931
-6.997,trivial_move,3,2686932
-6.989,trivial_move,4,2686931
-6.986,flush_begin,0,0
-6.969,flush_end,0,2686931
-6.952,trivial_move,3,2686930
-6.944,trivial_move,4,2686931
-6.944,flush_begin,0,0
-6.927,flush_end,0,2686930
-6.910,trivial_move,3,2686932
-6.902,trivial_move,4,2686931
-6.900,flush_begin,0,0
-6.884,flush_end,0,2686932
-6.867,trivial_move,3,2686930
-6.859,trivial_move,4,2686931
-6.858,flush_begin,0,0
-6.842,flush_end,0,2686930
-6.824,trivial_move,3,2686930
-6.815,trivial_move,4,2686930
-6.815,flush_begin,0,0
-6.799,flush_end,0,2686931
-6.782,trivial_move,3,2686932
-6.774,trivial_move,4,2686932
-6.771,flush_begin,0,0
-6.755,flush_end,0,2686931
-6.738,trivial_move,3,2686930
-6.730,trivial_move,4,2686930
-6.730,flush_begin,0,0
-6.713,flush_end,0,2686931
-6.696,trivial_move,3,2686932
-6.688,trivial_move,4,2686931
-6.686,flush_begin,0,0
-6.669,flush_end,0,2686931
-6.652,trivial_move,3,2686930
-6.644,trivial_move,4,2686932
-6.642,flush_begin,0,0
-6.627,flush_end,0,2686931
-6.609,trivial_move,3,2686932
-6.601,trivial_move,4,2686930
-6.599,flush_begin,0,0
-6.583,flush_end,0,2686930
-6.566,trivial_move,3,2686931
-6.558,trivial_move,4,2686932
-6.557,flush_begin,0,0
-6.542,flush_end,0,2686932
-6.525,trivial_move,3,2686931
-6.517,trivial_move,4,2686930
-6.514,flush_begin,0,0
-6.498,flush_end,0,2686930
-6.481,trivial_move,3,2686931
-6.473,trivial_move,4,2686932
-6.470,flush_begin,0,0
-6.453,flush_end,0,2686933
-6.436,trivial_move,3,2686931
-6.428,trivial_move,4,2686930
-6.427,flush_begin,0,0
-6.409,flush_end,0,2686930
-6.392,trivial_move,3,2686930
-6.384,trivial_move,4,2686931
-6.383,flush_begin,0,0
-6.366,flush_end,0,2686930
-6.349,trivial_move,3,2686932
-6.341,trivial_move,4,2686931
-6.340,flush_begin,0,0
-6.323,flush_end,0,2686932
-6.306,trivial_move,3,2686930
-6.298,trivial_move,4,2686931
-6.296,flush_begin,0,0
-6.280,flush_end,0,2686930
-6.263,trivial_move,3,2686931
-6.255,trivial_move,4,2686931
-6.255,flush_begin,0,0
-6.244,flush_end,0,2686932
-6.228,trivial_move,3,2686931
-6.219,trivial_move,4,2686930
-6.219,flush_begin,0,0
-6.209,flush_end,0,2686930
-6.193,trivial_move,3,2686930
-6.193,flush_begin,0,0
-6.183,flush_end,0,2686931
-6.167,trivial_move,3,2686932
-6.167,flush_begin,0,0
-6.157,flush_end,0,2686931
-6.141,trivial_move,3,2686930
-6.133,trivial_move,4,2686930
-6.133,flush_begin,0,0
-6.122,flush_end,0,2686931
-6.105,trivial_move,3,2686932
-6.105,flush_begin,0,0
-6.093,flush_end,0,2686931
-6.076,trivial_move,3,2686930
-6.076,flush_begin,0,0
-6.064,flush_end,0,2686931
-6.047,trivial_move,3,2686931
-6.038,trivial_move,4,2686931
-6.038,flush_begin,0,0
-6.025,flush_end,0,2686930
-6.008,trivial_move,3,2686931
-6.000,trivial_move,4,2686931
-5.992,trivial_move,4,2686931
-5.992,flush_begin,0,0
-5.978,flush_end,0,2686932
-5.961,trivial_move,3,2686931
-5.953,trivial_move,4,2686931
-5.945,trivial_move,4,2686930
-5.945,flush_begin,0,0
-5.930,flush_end,0,2686930
-5.914,trivial_move,3,2686931
-5.906,trivial_move,4,2686932
-5.898,trivial_move,4,2686930
-5.890,trivial_move,4,2686932
-5.890,flush_begin,0,0
-5.875,flush_end,0,2686931
-5.858,trivial_move,3,2686930
-5.850,trivial_move,4,2686930
-5.850,flush_begin,0,0
-5.834,flush_end,0,2686931
-5.818,trivial_move,3,2686930
-5.810,trivial_move,4,2686932
-5.808,flush_begin,0,0
-5.792,flush_end,0,2686930
-5.775,trivial_move,3,2686931
-5.767,trivial_move,4,2686931
-5.766,flush_begin,0,0
-5.749,flush_end,0,2686932
-5.732,trivial_move,3,2686933
-5.724,trivial_move,4,2686930
-5.722,flush_begin,0,0
-5.707,flush_end,0,2686930
-5.690,trivial_move,3,2686931
-5.682,trivial_move,4,2686932
-5.680,flush_begin,0,0
-5.665,flush_end,0,2686932
-5.649,trivial_move,3,2686931
-5.641,trivial_move,4,2686930
-5.639,flush_begin,0,0
-5.626,flush_end,0,2686930
-5.610,trivial_move,3,2686930
-5.602,trivial_move,4,2686931
-5.602,flush_begin,0,0
-5.590,flush_end,0,2686932
-5.573,trivial_move,3,2686932
-5.565,trivial_move,4,2686931
-5.564,flush_begin,0,0
-5.552,flush_end,0,2686931
-5.535,trivial_move,3,2686930
-5.527,trivial_move,4,2686931
-5.526,flush_begin,0,0
-5.513,flush_end,0,2686931
-5.496,trivial_move,3,2686932
-5.488,trivial_move,4,2686931
-5.487,flush_begin,0,0
-5.474,flush_end,0,2686931
-5.457,trivial_move,3,2686930
-5.449,trivial_move,4,2686931
-5.447,flush_begin,0,0
-5.433,flush_end,0,2686930
-5.416,trivial_move,3,2686931
-5.408,trivial_move,4,2686930
-5.407,flush_begin,0,0
-5.392,flush_end,0,2686930
-5.375,trivial_move,3,2686931
-5.367,trivial_move,4,2686932
-5.366,flush_begin,0,0
-5.351,flush_end,0,2686931
-5.334,trivial_move,3,2686930
-5.326,trivial_move,4,2686930
-5.325,flush_begin,0,0
-5.309,flush_end,0,2686931
-5.292,trivial_move,3,2686932
-5.284,trivial_move,4,2686932
-5.282,flush_begin,0,0
-5.265,flush_end,0,2686931
-5.248,trivial_move,3,2686930
-5.240,trivial_move,4,2686930
-5.238,flush_begin,0,0
-5.223,flush_end,0,2686931
-5.206,trivial_move,3,2686931
-5.198,trivial_move,4,2686930
-5.196,flush_begin,0,0
-5.180,flush_end,0,2686930
-5.163,trivial_move,3,2686931
-5.155,trivial_move,4,2686932
-5.153,flush_begin,0,0
-5.137,flush_end,0,2686932
-5.121,trivial_move,3,2686931
-5.113,trivial_move,4,2686930
-5.112,flush_begin,0,0
-5.096,flush_end,0,2686930
-5.079,trivial_move,3,2686931
-5.071,trivial_move,4,2686932
-5.069,flush_begin,0,0
-5.054,flush_end,0,2686932
-5.037,trivial_move,3,2686931
-5.029,trivial_move,4,2686930
-5.028,flush_begin,0,0
-5.012,flush_end,0,2686930
-4.995,trivial_move,3,2686930
-4.987,trivial_move,4,2686931
-4.986,flush_begin,0,0
-4.968,flush_end,0,2686931
-4.951,trivial_move,3,2686932
-4.943,trivial_move,4,2686931
-4.941,flush_begin,0,0
-4.926,flush_end,0,2686931
-4.909,trivial_move,3,2686930
-4.901,trivial_move,4,2686932
-4.900,flush_begin,0,0
-4.884,flush_end,0,2686930
-4.867,trivial_move,3,2686933
-4.859,trivial_move,4,2686931
-4.859,flush_begin,0,0
-4.845,flush_end,0,2686932
-4.828,trivial_move,3,2686930
-4.820,trivial_move,4,2686931
-4.819,flush_begin,0,0
-4.805,flush_end,0,2686930
-4.788,trivial_move,3,2686930
-4.780,trivial_move,4,2686930
-4.779,flush_begin,0,0
-4.764,flush_end,0,2686931
-4.747,trivial_move,3,2686932
-4.739,trivial_move,4,2686932
-4.738,flush_begin,0,0
-4.723,flush_end,0,2686931
-4.706,trivial_move,3,2686930
-4.698,trivial_move,4,2686930
-4.697,flush_begin,0,0
-4.681,flush_end,0,2686932
-4.664,trivial_move,3,2686932
-4.656,trivial_move,4,2686931
-4.655,flush_begin,0,0
-4.641,flush_end,0,2686931
-4.624,trivial_move,3,2686930
-4.616,trivial_move,4,2686931
-4.615,flush_begin,0,0
-4.599,flush_end,0,2686931
-4.582,trivial_move,3,2686931
-4.574,trivial_move,4,2686930
-4.573,flush_begin,0,0
-4.558,flush_end,0,2686930
-4.541,trivial_move,3,2686931
-4.533,trivial_move,4,2686932
-4.532,flush_begin,0,0
-4.516,flush_end,0,2686932
-4.501,trivial_move,3,2686931
-4.493,trivial_move,4,2686930
-4.492,flush_begin,0,0
-4.476,flush_end,0,2686930
-4.459,trivial_move,3,2686931
-4.451,trivial_move,4,2686932
-4.449,flush_begin,0,0
-4.433,flush_end,0,2686932
-4.416,trivial_move,3,2686931
-4.408,trivial_move,4,2686930
-4.407,flush_begin,0,0
-4.391,flush_end,0,2686930
-4.374,trivial_move,3,2686930
-4.366,trivial_move,4,2686931
-4.364,flush_begin,0,0
-4.349,flush_end,0,2686930
-4.332,trivial_move,3,2686932
-4.324,trivial_move,4,2686931
-4.322,flush_begin,0,0
-4.306,flush_end,0,2686932
-4.289,trivial_move,3,2686930
-4.281,trivial_move,4,2686931
-4.280,flush_begin,0,0
-4.264,flush_end,0,2686930
-4.246,trivial_move,3,2686931
-4.238,trivial_move,4,2686931
-4.237,flush_begin,0,0
-4.222,flush_end,0,2686932
-4.205,trivial_move,3,2686931
-4.197,trivial_move,4,2686930
-4.196,flush_begin,0,0
-4.181,flush_end,0,2686930
-4.165,trivial_move,3,2686930
-4.157,trivial_move,4,2686930
-4.155,flush_begin,0,0
-4.140,flush_end,0,2686931
-4.123,trivial_move,3,2686932
-4.115,trivial_move,4,2686931
-4.114,flush_begin,0,0
-4.098,flush_end,0,2686931
-4.081,trivial_move,3,2686930
-4.073,trivial_move,4,2686931
-4.072,flush_begin,0,0
-4.056,flush_end,0,2686931
-4.039,trivial_move,3,2686932
-4.031,trivial_move,4,2686931
-4.030,flush_begin,0,0
-4.015,flush_end,0,2686931
-3.998,trivial_move,3,2686930
-3.990,trivial_move,4,2686932
-3.988,flush_begin,0,0
-3.973,flush_end,0,2686931
-3.956,trivial_move,3,2686932
-3.948,trivial_move,4,2686930
-3.947,flush_begin,0,0
-3.931,flush_end,0,2686930
-3.914,trivial_move,3,2686931
-3.906,trivial_move,4,2686932
-3.904,flush_begin,0,0
-3.889,flush_end,0,2686932
-3.872,trivial_move,3,2686931
-3.864,trivial_move,4,2686930
-3.861,flush_begin,0,0
-3.846,flush_end,0,2686930
-3.829,trivial_move,3,2686931
-3.821,trivial_move,4,2686932
-3.820,flush_begin,0,0
-3.802,flush_end,0,2686931
-3.785,trivial_move,3,2686930
-3.777,trivial_move,4,2686930
-3.775,flush_begin,0,0
-3.760,flush_end,0,2686932
-3.743,trivial_move,3,2686930
-3.735,trivial_move,4,2686931
-3.733,flush_begin,0,0
-3.718,flush_end,0,2686930
-3.701,trivial_move,3,2686931
-3.693,trivial_move,4,2686931
-3.692,flush_begin,0,0
-3.675,flush_end,0,2686932
-3.659,trivial_move,3,2686931
-3.651,trivial_move,4,2686930
-3.649,flush_begin,0,0
-3.633,flush_end,0,2686930
-3.616,trivial_move,3,2686931
-3.608,trivial_move,4,2686932
-3.607,flush_begin,0,0
-3.591,flush_end,0,2686932
-3.574,trivial_move,3,2686931
-3.566,trivial_move,4,2686930
-3.564,flush_begin,0,0
-3.547,flush_end,0,2686930
-3.530,trivial_move,3,2686930
-3.522,trivial_move,4,2686931
-3.521,flush_begin,0,0
-3.503,flush_end,0,2686931
-3.486,trivial_move,3,2686932
-3.478,trivial_move,4,2686931
-3.477,flush_begin,0,0
-3.461,flush_end,0,2686931
-3.444,trivial_move,3,2686930
-3.436,trivial_move,4,2686931
-3.436,flush_begin,0,0
-3.420,flush_end,0,2686931
-3.403,trivial_move,3,2686932
-3.395,trivial_move,4,2686931
-3.393,flush_begin,0,0
-3.377,flush_end,0,2686931
-3.360,trivial_move,3,2686930
-3.352,trivial_move,4,2686931
-3.351,flush_begin,0,0
-3.335,flush_end,0,2686930
-3.318,trivial_move,3,2686931
-3.310,trivial_move,4,2686930
-3.308,flush_begin,0,0
-3.292,flush_end,0,2686930
-3.275,trivial_move,3,2686931
-3.267,trivial_move,4,2686932
-3.266,flush_begin,0,0
-3.249,flush_end,0,2686931
-3.232,trivial_move,3,2686930
-3.224,trivial_move,4,2686930
-3.222,flush_begin,0,0
-3.205,flush_end,0,2686931
-3.188,trivial_move,3,2686932
-3.180,trivial_move,4,2686932
-3.180,flush_begin,0,0
-3.163,flush_end,0,2686931
-3.146,trivial_move,3,2686930
-3.138,trivial_move,4,2686930
-3.138,flush_begin,0,0
-3.122,flush_end,0,2686931
-3.105,trivial_move,3,2686931
-3.097,trivial_move,4,2686930
-3.095,flush_begin,0,0
-3.079,flush_end,0,2686930
-3.062,trivial_move,3,2686931
-3.054,trivial_move,4,2686933
-3.053,flush_begin,0,0
-3.038,flush_end,0,2686932
-3.022,trivial_move,3,2686932
-3.014,trivial_move,4,2686930
-3.011,flush_begin,0,0
-2.997,flush_end,0,2686930
-2.980,trivial_move,3,2686931
-2.972,trivial_move,4,2686932
-2.971,flush_begin,0,0
-2.956,flush_end,0,2686932
-2.939,trivial_move,3,2686931
-2.931,trivial_move,4,2686930
-2.930,flush_begin,0,0
-2.914,flush_end,0,2686930
-2.897,trivial_move,3,2686930
-2.889,trivial_move,4,2686931
-2.887,flush_begin,0,0
-2.871,flush_end,0,2686932
-2.854,trivial_move,3,2686932
-2.846,trivial_move,4,2686931
-2.845,flush_begin,0,0
-2.830,flush_end,0,2686931
-2.812,trivial_move,3,2686930
-2.804,trivial_move,4,2686931
-2.802,flush_begin,0,0
-2.787,flush_end,0,2686930
-2.770,trivial_move,3,2686932
-2.762,trivial_move,4,2686931
-2.761,flush_begin,0,0
-2.746,flush_end,0,2686932
-2.729,trivial_move,3,2686930
-2.721,trivial_move,4,2686931
-2.719,flush_begin,0,0
-2.703,flush_end,0,2686930
-2.686,trivial_move,3,2686930
-2.678,trivial_move,4,2686930
-2.677,flush_begin,0,0
-2.661,flush_end,0,2686931
-2.643,trivial_move,3,2686932
-2.635,trivial_move,4,2686932
-2.633,flush_begin,0,0
-2.616,flush_end,0,2686931
-2.599,trivial_move,3,2686930
-2.591,trivial_move,4,2686930
-2.589,flush_begin,0,0
-2.572,flush_end,0,2686931
-2.555,trivial_move,3,2686932
-2.547,trivial_move,4,2686931
-2.547,flush_begin,0,0
-2.532,flush_end,0,2686931
-2.515,trivial_move,3,2686930
-2.507,trivial_move,4,2686931
-2.505,flush_begin,0,0
-2.488,flush_end,0,2686931
-2.471,trivial_move,3,2686931
-2.463,trivial_move,4,2686930
-2.462,flush_begin,0,0
-2.445,flush_end,0,2686930
-2.428,trivial_move,3,2686931
-2.420,trivial_move,4,2686932
-2.419,flush_begin,0,0
-2.403,flush_end,0,2686932
-2.386,trivial_move,3,2686931
-2.378,trivial_move,4,2686930
-2.378,flush_begin,0,0
-2.362,flush_end,0,2686930
-2.345,trivial_move,3,2686931
-2.337,trivial_move,4,2686932
-2.336,flush_begin,0,0
-2.318,flush_end,0,2686932
-2.301,trivial_move,3,2686931
-2.293,trivial_move,4,2686930
-2.291,flush_begin,0,0
-2.274,flush_end,0,2686930
-2.257,trivial_move,3,2686930
-2.249,trivial_move,4,2686931
-2.249,flush_begin,0,0
-2.233,flush_end,0,2686930
-2.216,trivial_move,3,2686932
-2.208,trivial_move,4,2686931
-2.208,flush_begin,0,0
-2.192,flush_end,0,2686932
-2.175,trivial_move,3,2686930
-2.167,trivial_move,4,2686932
-2.166,flush_begin,0,0
-2.150,flush_end,0,2686930
-2.133,trivial_move,3,2686931
-2.125,trivial_move,4,2686931
-2.123,flush_begin,0,0
-2.105,flush_end,0,2686932
-2.088,trivial_move,3,2686932
-2.080,trivial_move,4,2686930
-2.078,flush_begin,0,0
-2.064,flush_end,0,2686930
-2.051,trivial_move,3,2686930
-2.038,trivial_move,4,2686930
-2.036,flush_begin,0,0
-2.020,flush_end,0,2686931
-2.004,trivial_move,3,2686932
-1.996,trivial_move,4,2686931
-1.995,flush_begin,0,0
-1.979,flush_end,0,2686931
-1.962,trivial_move,3,2686930
-1.954,trivial_move,4,2686931
-1.951,flush_begin,0,0
-1.935,flush_end,0,2686932
-1.918,trivial_move,3,2686932
-1.910,trivial_move,4,2686931
-1.909,flush_begin,0,0
-1.892,flush_end,0,2686931
-1.874,trivial_move,3,2686930
-1.866,trivial_move,4,2686931
-1.865,flush_begin,0,0
-1.848,flush_end,0,2686931
-1.831,trivial_move,3,2686931
-1.823,trivial_move,4,2686930
-1.823,flush_begin,0,0
-1.807,flush_end,0,2686930
-1.790,trivial_move,3,2686931
-1.782,trivial_move,4,2686932
-1.780,flush_begin,0,0
-1.764,flush_end,0,2686932
-1.747,trivial_move,3,2686931
-1.739,trivial_move,4,2686930
-1.738,flush_begin,0,0
-1.722,flush_end,0,2686930
-1.705,trivial_move,3,2686931
-1.697,trivial_move,4,2686932
-1.697,flush_begin,0,0
-1.681,flush_end,0,2686931
-1.665,trivial_move,3,2686930
-1.657,trivial_move,4,2686930
-1.654,flush_begin,0,0
-1.639,flush_end,0,2686931
-1.622,trivial_move,3,2686930
-1.614,trivial_move,4,2686931
-1.612,flush_begin,0,0
-1.596,flush_end,0,2686930
-1.579,trivial_move,3,2686931
-1.571,trivial_move,4,2686931
-1.569,flush_begin,0,0
-1.553,flush_end,0,2686932
-1.536,trivial_move,3,2686931
-1.528,trivial_move,4,2686930
-1.528,flush_begin,0,0
-1.512,flush_end,0,2686930
-1.495,trivial_move,3,2686931
-1.487,trivial_move,4,2686932
-1.487,flush_begin,0,0
-1.471,flush_end,0,2686932
-1.454,trivial_move,3,2686931
-1.446,trivial_move,4,2686930
-1.444,flush_begin,0,0
-1.427,flush_end,0,2686930
-1.410,trivial_move,3,2686930
-1.402,trivial_move,4,2686931
-1.400,flush_begin,0,0
-1.384,flush_end,0,2686931
-1.367,trivial_move,3,2686932
-1.359,trivial_move,4,2686931
-1.358,flush_begin,0,0
-1.342,flush_end,0,2686931
-1.325,trivial_move,3,2686930
-1.317,trivial_move,4,2686931
-1.316,flush_begin,0,0
-1.300,flush_end,0,2686931
-1.283,trivial_move,3,2686932
-1.275,trivial_move,4,2686931
-1.274,flush_begin,0,0
-1.259,flush_end,0,2686931
-1.242,trivial_move,3,2686930
-1.234,trivial_move,4,2686932
-1.232,flush_begin,0,0
-1.215,flush_end,0,2686930
-1.197,trivial_move,3,2686932
-1.189,trivial_move,4,2686930
-1.188,flush_begin,0,0
-1.172,flush_end,0,2686930
-1.155,trivial_move,3,2686931
-1.147,trivial_move,4,2686932
-1.146,flush_begin,0,0
-1.128,flush_end,0,2686931
-1.111,trivial_move,3,2686930
-1.103,trivial_move,4,2686930
-1.102,flush_begin,0,0
-1.085,flush_end,0,2686931
-1.068,trivial_move,3,2686932
-1.060,trivial_move,4,2686932
-1.058,flush_begin,0,0
-1.043,flush_end,0,2686931
-1.026,trivial_move,3,2686930
-1.018,trivial_move,4,2686930
-1.016,flush_begin,0,0
-1.000,flush_end,0,2686932
-0.983,trivial_move,3,2686931
-0.974,trivial_move,4,2686930
-0.972,flush_begin,0,0
-0.956,flush_end,0,2686930
-0.939,trivial_move,3,2686931
-0.931,trivial_move,4,2686932
-0.930,flush_begin,0,0
-0.913,flush_end,0,2686932
-0.896,trivial_move,3,2686931
-0.888,trivial_move,4,2686930
-0.888,flush_begin,0,0
-0.871,flush_end,0,2686930
-0.854,trivial_move,3,2686931
-0.846,trivial_move,4,2686932
-0.845,flush_begin,0,0
-0.828,flush_end,0,2686932
-0.811,trivial_move,3,2686931
-0.803,trivial_move,4,2686930
-0.802,flush_begin,0,0
-0.785,flush_end,0,2686930
-0.768,trivial_move,3,2686930
-0.760,trivial_move,4,2686931
-0.759,flush_begin,0,0
-0.742,flush_end,0,2686931
-0.725,trivial_move,3,2686932
-0.717,trivial_move,4,2686931
-0.715,flush_begin,0,0
-0.698,flush_end,0,2686931
-0.681,trivial_move,3,2686930
-0.673,trivial_move,4,2686931
-0.672,flush_begin,0,0
-0.655,flush_end,0,2686930
-0.638,trivial_move,3,2686932
-0.630,trivial_move,4,2686931
-0.628,flush_begin,0,0
-0.611,flush_end,0,2686932
-0.594,trivial_move,3,2686930
-0.586,trivial_move,4,2686931
-0.586,flush_begin,0,0
-0.571,flush_end,0,2686930
-0.554,trivial_move,3,2686930
-0.546,trivial_move,4,2686930
-0.545,flush_begin,0,0
-0.531,flush_end,0,2686931
-0.515,trivial_move,3,2686932
-0.507,trivial_move,4,2686932
-0.505,flush_begin,0,0
-0.490,flush_end,0,2686931
-0.473,trivial_move,3,2686930
-0.465,trivial_move,4,2686930
-0.464,flush_begin,0,0
-0.449,flush_end,0,2686931
-0.432,trivial_move,3,2686932
-0.424,trivial_move,4,2686931
-0.423,flush_begin,0,0
-0.406,flush_end,0,2686931
-0.389,trivial_move,3,2686930
-0.381,trivial_move,4,2686931
-0.380,flush_begin,0,0
-0.364,flush_end,0,2686931
-0.347,trivial_move,3,2686931
-0.339,trivial_move,4,2686930
-0.337,flush_begin,0,0
-0.321,flush_end,0,2686930
-0.304,trivial_move,3,2686931
-0.296,trivial_move,4,2686933
-0.295,flush_begin,0,0
-0.280,flush_end,0,2686932
-0.263,trivial_move,3,2686932
-0.255,trivial_move,4,2686930
-0.255,flush_begin,0,0
-0.239,flush_end,0,2686930
-0.222,trivial_move,3,2686931
-0.214,trivial_move,4,2686932
-0.213,flush_begin,0,0
-0.196,flush_end,0,2686932
-0.179,trivial_move,3,2686931
-0.171,trivial_move,4,2686930
-0.169,flush_begin,0,0
-0.154,flush_end,0,2686930
-0.137,trivial_move,3,2686930
-0.129,trivial_move,4,2686931
-0.125,flush_begin,0,0
-0.109,flush_end,0,2686930
-0.092,trivial_move,3,2686932
-0.084,trivial_move,4,2686931
-0.083,flush_begin,0,0
-0.066,flush_end,0,2686933
-0.049,trivial_move,3,2686930
-0.041,trivial_move,4,2686931
-0.040,flush_begin,0,0
-0.024,flush_end,0,2686930
-0.007,trivial_move,3,2686931
0.001,trivial_move,4,2686931
0.003,flush_begin,0,0
0.019,flush_end,0,2686932
0.036,trivial_move,3,2686931
0.044,trivial_move,4,2686930
0.045,flush_begin,0,0
0.062,flush_end,0,2686930
0.079,trivial_move,3,2686930
0.087,trivial_move,4,2686930
0.087,flush_begin,0,0
0.104,flush_end,0,2686931
0.121,trivial_move,3,2686932
0.129,trivial_move,4,2686931
0.130,flush_begin,0,0
0.146,flush_end,0,2686931
0.163,trivial_move,3,2686930
0.171,trivial_move,4,2686931
0.172,flush_begin,0,0
0.191,flush_end,0,2686931
0.208,trivial_move,3,2686932
0.216,trivial_move,4,2686931
0.218,flush_begin,0,0
0.234,flush_end,0,2686931
0.251,trivial_move,3,2686930
0.259,trivial_move,4,2686931
0.261,flush_begin,0,0
0.277,flush_end,0,2686931
0.294,trivial_move,3,2686931
0.302,trivial_move,4,2686930
0.303,flush_begin,0,0
0.318,flush_end,0,2686930
0.335,trivial_move,3,2686931
0.343,trivial_move,4,2686932
0.346,flush_begin,0,0
0.362,flush_end,0,2686932
0.379,trivial_move,3,2686931
0.387,trivial_move,4,2686930
0.389,flush_begin,0,0
0.405,flush_end,0,2686930
0.422,trivial_move,3,2686931
0.430,trivial_move,4,2686932
0.431,flush_begin,0,0
0.448,flush_end,0,2686931
0.465,trivial_move,3,2686930
0.473,trivial_move,4,2686930
0.474,flush_begin,0,0
0.491,flush_end,0,2686931
0.508,trivial_move,3,2686930
0.516,trivial_move,4,2686931
0.518,flush_begin,0,0
0.533,flush_end,0,2686930
0.550,trivial_move,3,2686931
0.558,trivial_move,4,2686931
0.559,flush_begin,0,0
0.575,flush_end,0,2686932
0.592,trivial_move,3,2686931
0.600,trivial_move,4,2686930
0.601,flush_begin,0,0
0.616,flush_end,0,2686930
0.633,trivial_move,3,2686931
0.641,trivial_move,4,2686933
0.642,flush_begin,0,0
0.657,flush_end,0,2686932
0.674,trivial_move,3,2686932
0.682,trivial_move,4,2686930
0.684,flush_begin,0,0
0.698,flush_end,0,2686930
0.714,trivial_move,3,2686930
0.722,trivial_move,4,2686931
0.723,flush_begin,0,0
0.738,flush_end,0,2686931
0.755,trivial_move,3,2686932
0.763,trivial_move,4,2686931
0.764,flush_begin,0,0
0.781,flush_end,0,2686931
0.798,trivial_move,3,2686930
0.806,trivial_move,4,2686931
0.807,flush_begin,0,0
0.822,flush_end,0,2686932
0.838,trivial_move,3,2686932
0.846,trivial_move,4,2686931
0.847,flush_begin,0,0
0.862,flush_end,0,2686931
0.879,trivial_move,3,2686930
0.887,trivial_move,4,2686931
0.888,flush_begin,0,0
0.904,flush_end,0,2686930
0.921,trivial_move,3,2686931
0.929,trivial_move,4,2686930
0.930,flush_begin,0,0
0.946,flush_end,0,2686930
0.963,trivial_move,3,2686931
0.971,trivial_move,4,2686932
0.973,flush_begin,0,0
0.989,flush_end,0,2686931
1.006,trivial_move,3,2686930
1.014,trivial_move,4,2686930
1.016,flush_begin,0,0
1.032,flush_end,0,2686931
1.049,trivial_move,3,2686932
1.057,trivial_move,4,2686932
1.058,flush_begin,0,0
1.075,flush_end,0,2686931
1.092,trivial_move,3,2686930
1.100,trivial_move,4,2686930
1.102,flush_begin,0,0
1.118,flush_end,0,2686931
1.135,trivial_move,3,2686931
1.143,trivial_move,4,2686930
1.143,flush_begin,0,0
1.155,flush_end,0,2686930
1.171,trivial_move,3,2686931
1.171,flush_begin,0,0
1.181,flush_end,0,2686932
1.198,trivial_move,3,2686931
1.198,flush_begin,0,0
1.208,flush_end,0,2686930
1.225,trivial_move,3,2686931
1.225,flush_begin,0,0
1.235,flush_end,0,2686932
1.252,trivial_move,3,2686931
1.252,flush_begin,0,0
1.263,flush_end,0,2686930
1.281,trivial_move,3,2686930
1.281,flush_begin,0,0
1.292,flush_end,0,2686931
1.309,trivial_move,3,2686932
1.317,trivial_move,4,2686932
1.317,flush_begin,0,0
1.329,flush_end,0,2686931
1.345,trivial_move,3,2686930
1.353,trivial_move,4,2686930
1.361,trivial_move,4,2686932
1.361,flush_begin,0,0
1.374,flush_end,0,2686930
1.391,trivial_move,3,2686932
1.399,trivial_move,4,2686930
1.399,flush_begin,0,0
1.412,flush_end,0,2686932
1.429,trivial_move,3,2686930
1.437,trivial_move,4,2686931
1.445,trivial_move,4,2686931
1.445,flush_begin,0,0
1.460,flush_end,0,2686930
1.476,trivial_move,3,2686930
1.484,trivial_move,4,2686931
1.492,trivial_move,4,2686931
1.492,flush_begin,0,0
1.506,flush_end,0,2686931
1.523,trivial_move,3,2686933
1.531,trivial_move,4,2686933
1.539,trivial_move,4,2686930
1.539,flush_begin,0,0
1.555,flush_end,0,2686931
1.572,trivial_move,3,2686930
1.580,trivial_move,4,2686932
1.588,trivial_move,4,2686930
1.590,flush_begin,0,0
1.607,flush_end,0,2686931
1.624,trivial_move,3,2686932
1.632,trivial_move,4,2686931
1.634,flush_begin,0,0
1.650,flush_end,0,2686931
1.667,trivial_move,3,2686930
1.675,trivial_move,4,2686931
1.677,flush_begin,0,0
1.693,flush_end,0,2686933
1.710,trivial_move,3,2686931
1.718,trivial_move,4,2686930
1.719,flush_begin,0,0
1.734,flush_end,0,2686930
1.751,trivial_move,3,2686931
1.759,trivial_move,4,2686932
1.760,flush_begin,0,0
1.776,flush_end,0,2686932
1.793,trivial_move,3,2686931
1.801,trivial_move,4,2686930
1.802,flush_begin,0,0
1.817,flush_end,0,2686930
1.834,trivial_move,3,2686931
1.842,trivial_move,4,2686932
1.843,flush_begin,0,0
1.860,flush_end,0,2686932
1.877,trivial_move,3,2686931
1.885,trivial_move,4,2686930
1.887,flush_begin,0,0
1.902,flush_end,0,2686930
1.920,trivial_move,3,2686930
1.928,trivial_move,4,2686931
1.930,flush_begin,0,0
1.948,flush_end,0,2686930
1.965,trivial_move,3,2686932
1.973,trivial_move,4,2686931
1.975,flush_begin,0,0
1.990,flush_end,0,2686932
2.007,trivial_move,3,2686930
2.015,trivial_move,4,2686931
2.017,flush_begin,0,0
2.033,flush_end,0,2686930
2.050,trivial_move,3,2686931
2.058,trivial_move,4,2686931
2.059,flush_begin,0,0
2.076,flush_end,0,2686932
2.093,trivial_move,3,2686931
2.101,trivial_move,4,2686930
2.101,flush_begin,0,0
2.117,flush_end,0,2686930
2.134,trivial_move,3,2686930
2.142,trivial_move,4,2686930
2.145,flush_begin,0,0
2.161,flush_end,0,2686931
2.178,trivial_move,3,2686932
2.186,trivial_move,4,2686931
2.187,flush_begin,0,0
2.204,flush_end,0,2686931
2.221,trivial_move,3,2686930
2.229,trivial_move,4,2686931
2.231,flush_begin,0,0
2.248,flush_end,0,2686931
2.269,trivial_move,3,2686932
2.277,trivial_move,4,2686931
2.277,flush_begin,0,0
2.294,flush_end,0,2686931
2.311,trivial_move,3,2686930
2.319,trivial_move,4,2686931
2.321,flush_begin,0,0
2.336,flush_end,0,2686931
2.353,trivial_move,3,2686931
2.361,trivial_move,4,2686930
2.365,flush_begin,0,0
2.382,flush_end,0,2686930
2.399,trivial_move,3,2686931
2.407,trivial_move,4,2686933
2.408,flush_begin,0,0
2.424,flush_end,0,2686932
2.441,trivial_move,3,2686932
2.449,trivial_move,4,2686930
2.450,flush_begin,0,0
2.466,flush_end,0,2686930
2.483,trivial_move,3,2686931
2.491,trivial_move,4,2686932
2.494,flush_begin,0,0
2.510,flush_end,0,2686931
2.527,trivial_move,3,2686930
2.535,trivial_move,4,2686930
2.537,flush_begin,0,0
2.552,flush_end,0,2686931
2.569,trivial_move,3,2686930
2.577,trivial_move,4,2686931
2.579,flush_begin,0,0
2.595,flush_end,0,2686930
2.612,trivial_move,3,2686931
2.620,trivial_move,4,2686931
2.621,flush_begin,0,0
2.639,flush_end,0,2686933
2.656,trivial_move,3,2686931
2.664,trivial_move,4,2686930
2.665,flush_begin,0,0
2.681,flush_end,0,2686930
2.704,trivial_move,3,2686931
2.712,trivial_move,4,2686932
2.714,flush_begin,0,0
2.730,flush_end,0,2686932
2.747,trivial_move,3,2686931
2.755,trivial_move,4,2686930
2.757,flush_begin,0,0
2.772,flush_end,0,2686930
2.789,trivial_move,3,2686930
2.797,trivial_move,4,2686931
2.799,flush_begin,0,0
2.816,flush_end,0,2686931
2.833,trivial_move,3,2686932
2.841,trivial_move,4,2686931
2.842,flush_begin,0,0
2.859,flush_end,0,2686931
2.877,trivial_move,3,2686930
2.885,trivial_move,4,2686931
2.887,flush_begin,0,0
2.904,flush_end,0,2686931
2.921,trivial_move,3,2686932
2.929,trivial_move,4,2686931
2.929,flush_begin,0,0
2.947,flush_end,0,2686931
2.964,trivial_move,3,2686930
2.972,trivial_move,4,2686931
2.973,flush_begin,0,0
2.989,flush_end,0,2686930
3.006,trivial_move,3,2686931
3.014,trivial_move,4,2686930
3.015,flush_begin,0,0
3.031,flush_end,0,2686930
3.048,trivial_move,3,2686931
3.056,trivial_move,4,2686932
3.057,flush_begin,0,0
3.072,flush_end,0,2686931
3.089,trivial_move,3,2686930
3.097,trivial_move,4,2686930
3.098,flush_begin,0,0
3.115,flush_end,0,2686931
3.132,trivial_move,3,2686932
3.140,trivial_move,4,2686932
3.142,flush_begin,0,0
3.157,flush_end,0,2686931
3.174,trivial_move,3,2686930
3.182,trivial_move,4,2686930
3.184,flush_begin,0,0
3.201,flush_end,0,2686931
3.218,trivial_move,3,2686931
3.226,trivial_move,4,2686930
3.226,flush_begin,0,0
3.243,flush_end,0,2686930
3.260,trivial_move,3,2686931
3.268,trivial_move,4,2686932
3.270,flush_begin,0,0
3.285,flush_end,0,2686932
3.302,trivial_move,3,2686931
3.310,trivial_move,4,2686930
3.313,flush_begin,0,0
3.328,flush_end,0,2686930
3.345,trivial_move,3,2686931
3.353,trivial_move,4,2686933
3.354,flush_begin,0,0
3.371,flush_end,0,2686932
3.388,trivial_move,3,2686933
3.396,trivial_move,4,2686930
3.397,flush_begin,0,0
3.414,flush_end,0,2686930
3.431,trivial_move,3,2686930
3.439,trivial_move,4,2686931
3.441,flush_begin,0,0
3.456,flush_end,0,2686931
3.474,trivial_move,3,2686932
3.482,trivial_move,4,2686931
3.483,flush_begin,0,0
3.498,flush_end,0,2686931
3.516,trivial_move,3,2686930
3.524,trivial_move,4,2686931
3.525,flush_begin,0,0
3.543,flush_end,0,2686930
3.560,trivial_move,3,2686932
3.568,trivial_move,4,2686931
3.569,flush_begin,0,0
3.585,flush_end,0,2686933
3.602,trivial_move,3,2686930
3.610,trivial_move,4,2686931
3.612,flush_begin,0,0
3.627,flush_end,0,2686930
3.644,trivial_move,3,2686930
3.652,trivial_move,4,2686930
3.653,flush_begin,0,0
3.669,flush_end,0,2686931
3.686,trivial_move,3,2686932
3.694,trivial_move,4,2686932
3.696,flush_begin,0,0
3.712,flush_end,0,2686931
3.729,trivial_move,3,2686930
3.737,trivial_move,4,2686930
3.739,flush_begin,0,0
3.755,flush_end,0,2686931
3.771,trivial_move,3,2686932
3.778,trivial_move,4,2686931
3.780,flush_begin,0,0
3.795,flush_end,0,2686931
3.817,trivial_move,3,2686930
3.823,trivial_move,4,2686931
3.826,flush_begin,0,0
3.841,flush_end,0,2686931
3.858,trivial_move,3,2686931
3.866,trivial_move,4,2686930
3.868,flush_begin,0,0
3.884,flush_end,0,2686930
3.901,trivial_move,3,2686931
3.909,trivial_move,4,2686932
3.910,flush_begin,0,0
3.926,flush_end,0,2686932
3.943,trivial_move,3,2686931
3.951,trivial_move,4,2686930
3.952,flush_begin,0,0
3.969,flush_end,0,2686930
3.986,trivial_move,3,2686931
3.994,trivial_move,4,2686932
3.996,flush_begin,0,0
4.011,flush_end,0,2686932
4.028,trivial_move,3,2686931
4.036,trivial_move,4,2686930
4.037,flush_begin,0,0
4.054,flush_end,0,2686930
4.071,trivial_move,3,2686930
4.078,trivial_move,4,2686931
4.078,flush_begin,0,0
4.093,flush_end,0,2686930
4.110,trivial_move,3,2686932
4.118,trivial_move,4,2686931
4.119,flush_begin,0,0
4.135,flush_end,0,2686932
4.152,trivial_move,3,2686930
4.160,trivial_move,4,2686931
4.161,flush_begin,0,0
4.178,flush_end,0,2686930
4.195,trivial_move,3,2686931
4.203,trivial_move,4,2686931
4.204,flush_begin,0,0
4.220,flush_end,0,2686932
4.237,trivial_move,3,2686931
4.245,trivial_move,4,2686930
4.246,flush_begin,0,0
4.264,flush_end,0,2686930
4.281,trivial_move,3,2686930
4.289,trivial_move,4,2686930
4.290,flush_begin,0,0
4.306,flush_end,0,2686931
4.323,trivial_move,3,2686933
4.331,trivial_move,4,2686931
4.332,flush_begin,0,0
4.349,flush_end,0,2686931
4.366,trivial_move,3,2686930
4.374,trivial_move,4,2686931
4.376,flush_begin,0,0
4.393,flush_end,0,2686931
4.410,trivial_move,3,2686932
4.418,trivial_move,4,2686931
4.420,flush_begin,0,0
4.436,flush_end,0,2686931
4.453,trivial_move,3,2686930
4.461,trivial_move,4,2686931
4.462,flush_begin,0,0
4.477,flush_end,0,2686932
4.494,trivial_move,3,2686931
4.502,trivial_move,4,2686930
4.504,flush_begin,0,0
4.521,flush_end,0,2686930
4.538,trivial_move,3,2686931
4.546,trivial_move,4,2686932
4.549,flush_begin,0,0
4.565,flush_end,0,2686932
4.583,trivial_move,3,2686931
4.591,trivial_move,4,2686930
4.593,flush_begin,0,0
4.609,flush_end,0,2686930
4.626,trivial_move,3,2686931
4.634,trivial_move,4,2686932
4.635,flush_begin,0,0
4.651,flush_end,0,2686931
4.668,trivial_move,3,2686930
4.676,trivial_move,4,2686930
4.676,flush_begin,0,0
4.692,flush_end,0,2686931
4.710,trivial_move,3,2686930
4.718,trivial_move,4,2686931
4.719,flush_begin,0,0
4.735,flush_end,0,2686930
4.752,trivial_move,3,2686931
4.760,trivial_move,4,2686931
4.761,flush_begin,0,0
4.778,flush_end,0,2686932
4.795,trivial_move,3,2686931
4.803,trivial_move,4,2686930
4.805,flush_begin,0,0
4.820,flush_end,0,2686930
4.837,trivial_move,3,2686931
4.845,trivial_move,4,2686932
4.849,flush_begin,0,0
4.867,flush_end,0,2686932
4.884,trivial_move,3,2686931
4.892,trivial_move,4,2686930
4.895,flush_begin,0,0
4.909,flush_end,0,2686930
4.926,trivial_move,3,2686930
4.934,trivial_move,4,2686931
4.935,flush_begin,0,0
4.950,flush_end,0,2686931
4.967,trivial_move,3,2686932
4.975,trivial_move,4,2686931
4.977,flush_begin,0,0
4.992,flush_end,0,2686931
5.009,trivial_move,3,2686930
5.017,trivial_move,4,2686931
5.018,flush_begin,0,0
5.032,flush_end,0,2686931
5.049,trivial_move,3,2686932
5.057,trivial_move,4,2686931
5.058,flush_begin,0,0
5.072,flush_end,0,2686931
5.089,trivial_move,3,2686930
5.097,trivial_move,4,2686931
5.098,flush_begin,0,0
5.113,flush_end,0,2686930
5.130,trivial_move,3,2686931
5.138,trivial_move,4,2686930
5.139,flush_begin,0,0
5.154,flush_end,0,2686930
5.171,trivial_move,3,2686931
5.179,trivial_move,4,2686933
5.181,flush_begin,0,0
5.195,flush_end,0,2686931
5.212,trivial_move,3,2686930
5.220,trivial_move,4,2686930
5.221,flush_begin,0,0
5.236,flush_end,0,2686931
5.253,trivial_move,3,2686933
5.261,trivial_move,4,2686932
5.262,flush_begin,0,0
5.278,flush_end,0,2686931
5.295,trivial_move,3,2686930
5.303,trivial_move,4,2686930
5.304,flush_begin,0,0
5.319,flush_end,0,2686931
5.336,trivial_move,3,2686931
5.344,trivial_move,4,2686930
5.346,flush_begin,0,0
5.361,flush_end,0,2686930
5.379,trivial_move,3,2686931
5.387,trivial_move,4,2686932
5.388,flush_begin,0,0
5.405,flush_end,0,2686933
5.422,trivial_move,3,2686931
5.430,trivial_move,4,2686930
5.432,flush_begin,0,0
5.449,flush_end,0,2686930
5.466,trivial_move,3,2686931
5.474,trivial_move,4,2686932
5.476,flush_begin,0,0
5.492,flush_end,0,2686932
5.509,trivial_move,3,2686931
5.517,trivial_move,4,2686930
5.519,flush_begin,0,0
5.535,flush_end,0,2686930
5.552,trivial_move,3,2686930
5.560,trivial_move,4,2686931
5.561,flush_begin,0,0
5.577,flush_end,0,2686931
5.595,trivial_move,3,2686932
5.603,trivial_move,4,2686931
5.604,flush_begin,0,0
5.619,flush_end,0,2686931
5.636,trivial_move,3,2686930
5.644,trivial_move,4,2686931
5.645,flush_begin,0,0
5.659,flush_end,0,2686930
5.676,trivial_move,3,2686932
5.684,trivial_move,4,2686931
5.685,flush_begin,0,0
5.700,flush_end,0,2686932
5.717,trivial_move,3,2686930
5.725,trivial_move,4,2686931
5.726,flush_begin,0,0
5.742,flush_end,0,2686930
5.758,trivial_move,3,2686930
5.766,trivial_move,4,2686930
5.767,flush_begin,0,0
5.781,flush_end,0,2686931
5.798,trivial_move,3,2686932
5.806,trivial_move,4,2686932
5.806,flush_begin,0,0
5.821,flush_end,0,2686931
5.837,trivial_move,3,2686930
5.845,trivial_move,4,2686930
5.847,flush_begin,0,0
5.861,flush_end,0,2686931
5.878,trivial_move,3,2686932
5.886,trivial_move,4,2686931
5.887,flush_begin,0,0
5.902,flush_end,0,2686931
5.919,trivial_move,3,2686930
5.927,trivial_move,4,2686931
5.928,flush_begin,0,0
5.943,flush_end,0,2686931
5.960,trivial_move,3,2686931
5.968,trivial_move,4,2686930
5.970,flush_begin,0,0
5.984,flush_end,0,2686930
6.001,trivial_move,3,2686931
6.009,trivial_move,4,2686932
6.010,flush_begin,0,0
6.026,flush_end,0,2686932
6.043,trivial_move,3,2686931
6.051,trivial_move,4,2686930
6.052,flush_begin,0,0
6.067,flush_end,0,2686930
6.083,trivial_move,3,2686931
6.091,trivial_move,4,2686933
6.092,flush_begin,0,0
6.107,flush_end,0,2686932
6.124,trivial_move,3,2686932
6.132,trivial_move,4,2686930
6.134,flush_begin,0,0
6.149,flush_end,0,2686930
6.166,trivial_move,3,2686930
6.174,trivial_move,4,2686931
6.175,flush_begin,0,0
6.191,flush_end,0,2686930
6.208,trivial_move,3,2686932
6.216,trivial_move,4,2686931
6.218,flush_begin,0,0
6.233,flush_end,0,2686932
6.251,trivial_move,3,2686930
6.259,trivial_move,4,2686931
6.260,flush_begin,0,0
6.275,flush_end,0,2686930
6.292,trivial_move,3,2686931
6.300,trivial_move,4,2686931
6.301,flush_begin,0,0
6.317,flush_end,0,2686933
6.334,trivial_move,3,2686931
6.342,trivial_move,4,2686930
6.344,flush_begin,0,0
6.360,flush_end,0,2686930
6.377,trivial_move,3,2686930
6.385,trivial_move,4,2686930
6.387,flush_begin,0,0
6.403,flush_end,0,2686931
6.420,trivial_move,3,2686932
6.428,trivial_move,4,2686931
6.430,flush_begin,0,0
6.446,flush_end,0,2686931
6.463,trivial_move,3,2686930
6.471,trivial_move,4,2686931
6.472,flush_begin,0,0
6.488,flush_end,0,2686931
6.505,trivial_move,3,2686932
6.513,trivial_move,4,2686931
6.516,flush_begin,0,0
6.531,flush_end,0,2686931
6.548,trivial_move,3,2686930
6.556,trivial_move,4,2686931
6.557,flush_begin,0,0
6.573,flush_end,0,2686931
6.590,trivial_move,3,2686931
6.598,trivial_move,4,2686930
6.599,flush_begin,0,0
6.615,flush_end,0,2686930
6.632,trivial_move,3,2686931
6.640,trivial_move,4,2686932
6.641,flush_begin,0,0
6.657,flush_end,0,2686932
6.674,trivial_move,3,2686931
6.682,trivial_move,4,2686930
6.685,flush_begin,0,0
6.700,flush_end,0,2686930
6.717,trivial_move,3,2686931
6.725,trivial_move,4,2686932
6.726,flush_begin,0,0
6.741,flush_end,0,2686931
6.758,trivial_move,3,2686930
6.766,trivial_move,4,2686930
6.767,flush_begin,0,0
6.783,flush_end,0,2686931
6.801,trivial_move,3,2686930
6.809,trivial_move,4,2686931
6.812,flush_begin,0,0
6.827,flush_end,0,2686930
6.844,trivial_move,3,2686931
6.852,trivial_move,4,2686931
6.854,flush_begin,0,0
6.870,flush_end,0,2686932
6.887,trivial_move,3,2686931
6.895,trivial_move,4,2686930
6.896,flush_begin,0,0
6.912,flush_end,0,2686930
6.929,trivial_move,3,2686931
6.937,trivial_move,4,2686932
6.938,flush_begin,0,0
6.954,flush_end,0,2686932
6.971,trivial_move,3,2686931
6.979,trivial_move,4,2686930
6.981,flush_begin,0,0
6.997,flush_end,0,2686930
7.014,trivial_move,3,2686930
7.022,trivial_move,4,2686932
7.022,flush_begin,0,0
7.038,flush_end,0,2686931
7.055,trivial_move,3,2686933
7.063,trivial_move,4,2686931
7.065,flush_begin,0,0
7.081,flush_end,0,2686931
7.099,trivial_move,3,2686930
7.107,trivial_move,4,2686931
7.108,flush_begin,0,0
7.123,flush_end,0,2686931
7.140,trivial_move,3,2686932
7.148,trivial_move,4,2686931
7.149,flush_begin,0,0
7.162,flush_end,0,2686931
7.179,trivial_move,3,2686930
7.188,trivial_move,4,2686931
7.189,flush_begin,0,0
7.205,flush_end,0,2686930
7.223,trivial_move,3,2686931
7.231,trivial_move,4,2686930
7.232,flush_begin,0,0
7.246,flush_end,0,2686930
7.263,trivial_move,3,2686931
7.271,trivial_move,4,2686932
7.272,flush_begin,0,0
7.287,flush_end,0,2686931
7.305,trivial_move,3,2686930
7.313,trivial_move,4,2686930
7.314,flush_begin,0,0
7.329,flush_end,0,2686931
7.346,trivial_move,3,2686932
7.354,trivial_move,4,2686932
7.355,flush_begin,0,0
7.371,flush_end,0,2686931
7.388,trivial_move,3,2686930
7.396,trivial_move,4,2686930
7.399,flush_begin,0,0
7.415,flush_end,0,2686931
7.432,trivial_move,3,2686931
7.440,trivial_move,4,2686930
7.443,flush_begin,0,0
7.459,flush_end,0,2686930
7.476,trivial_move,3,2686931
7.484,trivial_move,4,2686932
7.485,flush_begin,0,0
7.502,flush_end,0,2686932
7.519,trivial_move,3,2686931
7.527,trivial_move,4,2686930
7.529,flush_begin,0,0
7.545,flush_end,0,2686930
7.562,trivial_move,3,2686931
7.570,trivial_move,4,2686932
7.572,flush_begin,0,0
7.587,flush_end,0,2686932
7.604,trivial_move,3,2686931
7.612,trivial_move,4,2686930
7.613,flush_begin,0,0
7.628,flush_end,0,2686930
7.645,trivial_move,3,2686930
7.653,trivial_move,4,2686931
7.654,flush_begin,0,0
7.669,flush_end,0,2686931
7.686,trivial_move,3,2686932
7.694,trivial_move,4,2686931
7.695,flush_begin,0,0
7.711,flush_end,0,2686931
7.728,trivial_move,3,2686930
7.736,trivial_move,4,2686931
7.737,flush_begin,0,0
7.753,flush_end,0,2686930
7.770,trivial_move,3,2686932
7.778,trivial_move,4,2686931
7.779,flush_begin,0,0
7.797,flush_end,0,2686932
7.814,trivial_move,3,2686930
7.822,trivial_move,4,2686931
7.823,flush_begin,0,0
7.838,flush_end,0,2686930
7.855,trivial_move,3,2686930
7.863,trivial_move,4,2686930
7.865,flush_begin,0,0
7.880,flush_end,0,2686931
7.897,trivial_move,3,2686932
7.905,trivial_move,4,2686933
7.906,flush_begin,0,0
7.922,flush_end,0,2686931
7.939,trivial_move,3,2686930
7.947,trivial_move,4,2686930
7.947,flush_begin,0,0
7.962,flush_end,0,2686931
7.979,trivial_move,3,2686933
7.987,trivial_move,4,2686931
7.989,flush_begin,0,0
8.004,flush_end,0,2686931
8.021,trivial_move,3,2686930
8.029,trivial_move,4,2686931
8.029,flush_begin,0,0
8.045,flush_end,0,2686931
8.062,trivial_move,3,2686931
8.070,trivial_move,4,2686930
8.072,flush_begin,0,0
8.089,flush_end,0,2686930
8.106,trivial_move,3,2686931
8.114,trivial_move,4,2686932
8.115,flush_begin,0,0
8.131,flush_end,0,2686933
8.148,trivial_move,3,2686931
8.156,trivial_move,4,2686930
8.158,flush_begin,0,0
8.173,flush_end,0,2686930
8.190,trivial_move,3,2686931
8.198,trivial_move,4,2686932
8.198,flush_begin,0,0
8.215,flush_end,0,2686932
8.232,trivial_move,3,2686931
8.240,trivial_move,4,2686930
8.241,flush_begin,0,0
8.256,flush_end,0,2686930
8.273,trivial_move,3,2686930
8.281,trivial_move,4,2686931
8.282,flush_begin,0,0
8.298,flush_end,0,2686930
8.315,trivial_move,3,2686932
8.323,trivial_move,4,2686931
8.323,flush_begin,0,0
8.338,flush_end,0,2686932
8.355,trivial_move,3,2686930
8.363,trivial_move,4,2686931
8.365,flush_begin,0,0
8.382,flush_end,0,2686930
8.399,trivial_move,3,2686931
8.407,trivial_move,4,2686931
8.408,flush_begin,0,0
8.424,flush_end,0,2686932
8.442,trivial_move,3,2686931
8.450,trivial_move,4,2686930
8.452,flush_begin,0,0
8.467,flush_end,0,2686930
8.484,trivial_move,3,2686930
8.492,trivial_move,4,2686930
8.495,flush_begin,0,0
8.510,flush_end,0,2686931
8.527,trivial_move,3,2686932
8.535,trivial_move,4,2686931
8.536,flush_begin,0,0
8.551,flush_end,0,2686931
8.568,trivial_move,3,2686930
8.576,trivial_move,4,2686931
8.579,flush_begin,0,0
8.596,flush_end,0,2686931
8.614,trivial_move,3,2686932
8.622,trivial_move,4,2686931
8.622,flush_begin,0,0
8.638,flush_end,0,2686931
8.655,trivial_move,3,2686930
8.663,trivial_move,4,2686931
8.665,flush_begin,0,0
8.682,flush_end,0,2686931
8.699,trivial_move,3,2686931
8.707,trivial_move,4,2686930
8.708,flush_begin,0,0
8.725,flush_end,0,2686930
8.742,trivial_move,3,2686931
8.750,trivial_move,4,2686932
8.752,flush_begin,0,0
8.769,flush_end,0,2686932
8.786,trivial_move,3,2686931
8.794,trivial_move,4,2686930
8.796,flush_begin,0,0
8.813,flush_end,0,2686930
8.830,trivial_move,3,2686931
8.838,trivial_move,4,2686933
8.841,flush_begin,0,0
8.859,flush_end,0,2686931
8.876,trivial_move,3,2686930
8.884,trivial_move,4,2686930
8.886,flush_begin,0,0
8.903,flush_end,0,2686931
8.920,trivial_move,3,2686930
8.928,trivial_move,4,2686931
8.928,flush_begin,0,0
8.946,flush_end,0,2686930
8.963,trivial_move,3,2686931
8.971,trivial_move,4,2686931
8.971,flush_begin,0,0
8.988,flush_end,0,2686932
9.005,trivial_move,3,2686931
9.013,trivial_move,4,2686930
9.014,flush_begin,0,0
9.030,flush_end,0,2686930
9.047,trivial_move,3,2686931
9.055,trivial_move,4,2686932
9.057,flush_begin,0,0
9.073,flush_end,0,2686933
9.090,trivial_move,3,2686931
9.098,trivial_move,4,2686930
9.098,flush_begin,0,0
9.115,flush_end,0,2686930
9.132,trivial_move,3,2686930
9.140,trivial_move,4,2686931
9.140,flush_begin,0,0
9.157,flush_end,0,2686931
9.174,trivial_move,3,2686932
9.182,trivial_move,4,2686931
9.183,flush_begin,0,0
9.199,flush_end,0,2686931
9.217,trivial_move,3,2686930
9.225,trivial_move,4,2686931
9.226,flush_begin,0,0
9.242,flush_end,0,2686931
9.259,trivial_move,3,2686932
9.267,trivial_move,4,2686931
9.269,flush_begin,0,0
9.284,flush_end,0,2686931
9.301,trivial_move,3,2686930
9.309,trivial_move,4,2686931
9.311,flush_begin,0,0
9.328,flush_end,0,2686930
9.345,trivial_move,3,2686931
9.353,trivial_move,4,2686930
9.353,flush_begin,0,0
9.369,flush_end,0,2686930
9.386,trivial_move,3,2686931
9.395,trivial_move,4,2686932
9.395,flush_begin,0,0
9.412,flush_end,0,2686931
9.429,trivial_move,3,2686930
9.437,trivial_move,4,2686930
9.437,flush_begin,0,0
9.451,flush_end,0,2686931
9.468,trivial_move,3,2686932
9.476,trivial_move,4,2686932
9.478,flush_begin,0,0
9.493,flush_end,0,2686931
9.510,trivial_move,3,2686930
9.518,trivial_move,4,2686930
9.519,flush_begin,0,0
9.534,flush_end,0,2686931
9.551,trivial_move,3,2686931
9.559,trivial_move,4,2686930
9.560,flush_begin,0,0
9.575,flush_end,0,2686930
9.593,trivial_move,3,2686931
9.601,trivial_move,4,2686932
9.602,flush_begin,0,0
9.617,flush_end,0,2686932
9.632,trivial_move,3,2686931
9.640,trivial_move,4,2686930
9.641,flush_begin,0,0
9.653,flush_end,0,2686930
9.668,trivial_move,3,2686931
9.668,flush_begin,0,0
9.677,flush_end,0,2686932
9.695,trivial_move,3,2686931
9.695,flush_begin,0,0
9.705,flush_end,0,2686930
9.720,trivial_move,3,2686930
9.720,flush_begin,0,0
9.730,flush_end,0,2686931
9.747,trivial_move,3,2686933
9.747,flush_begin,0,0
9.757,flush_end,0,2686931
9.774,trivial_move,3,2686930
9.774,flush_begin,0,0
9.784,flush_end,0,2686930
9.801,trivial_move,3,2686932
9.801,flush_begin,0,0
9.812,flush_end,0,2686932
9.829,trivial_move,3,2686930
9.829,flush_begin,0,0
9.839,flush_end,0,2686930
9.856,trivial_move,3,2686930
9.864,trivial_move,4,2686932
9.873,trivial_move,4,2686930
9.873,flush_begin,0,0
9.885,flush_end,0,2686932
9.902,trivial_move,3,2686932
9.910,trivial_move,4,2686932
9.910,flush_begin,0,0
9.922,flush_end,0,2686931
9.939,trivial_move,3,2686930
9.947,trivial_move,4,2686931
9.947,flush_begin,0,0
9.961,flush_end,0,2686931
9.977,trivial_move,3,2686932
9.985,trivial_move,4,2686931
9.993,trivial_move,4,2686931
10.001,trivial_move,4,2686931
10.001,flush_begin,0,0
10.016,flush_end,0,2686931
10.033,trivial_move,3,2686930
10.041,trivial_move,4,2686930
10.049,trivial_move,4,2686932
10.049,flush_begin,0,0
10.064,flush_end,0,2686931
10.082,trivial_move,3,2686931
10.090,trivial_move,4,2686930
10.098,trivial_move,4,2686931
10.098,flush_begin,0,0
10.114,flush_end,0,2686930
10.131,trivial_move,3,2686931
10.139,trivial_move,4,2686931
10.147,trivial_move,4,2686930
10.155,trivial_move,4,2686932
10.155,flush_begin,0,0
10.172,flush_end,0,2686932
10.189,trivial_move,3,2686931
10.197,trivial_move,4,2686930
10.200,flush_begin,0,0
10.217,flush_end,0,2686930
10.234,trivial_move,3,2686931
10.242,trivial_move,4,2686932
10.244,flush_begin,0,0
10.262,flush_end,0,2686932
10.279,trivial_move,3,2686931
10.287,trivial_move,4,2686930
10.288,flush_begin,0,0
10.305,flush_end,0,2686930
10.322,trivial_move,3,2686930
10.330,trivial_move,4,2686931
10.331,flush_begin,0,0
10.348,flush_end,0,2686930
10.365,trivial_move,3,2686932
10.373,trivial_move,4,2686931
10.375,flush_begin,0,0
10.392,flush_end,0,2686932
10.409,trivial_move,3,2686930
10.418,trivial_move,4,2686931
10.419,flush_begin,0,0
10.435,flush_end,0,2686930
10.452,trivial_move,3,2686931
10.460,trivial_move,4,2686931
10.461,flush_begin,0,0
10.478,flush_end,0,2686932
10.495,trivial_move,3,2686931
10.503,trivial_move,4,2686930
10.504,flush_begin,0,0
10.521,flush_end,0,2686930
10.539,trivial_move,3,2686930
10.547,trivial_move,4,2686930
10.549,flush_begin,0,0
10.565,flush_end,0,2686931
10.583,trivial_move,3,2686932
10.591,trivial_move,4,2686931
10.591,flush_begin,0,0
10.608,flush_end,0,2686931
10.625,trivial_move,3,2686930
10.633,trivial_move,4,2686933
10.635,flush_begin,0,0
10.653,flush_end,0,2686931
10.670,trivial_move,3,2686933
10.678,trivial_move,4,2686931
10.679,flush_begin,0,0
10.695,flush_end,0,2686931
10.712,trivial_move,3,2686930
10.720,trivial_move,4,2686931
10.721,flush_begin,0,0
10.737,flush_end,0,2686931
10.754,trivial_move,3,2686931
10.762,trivial_move,4,2686930
10.763,flush_begin,0,0
10.781,flush_end,0,2686930
10.798,trivial_move,3,2686931
10.806,trivial_move,4,2686932
10.806,flush_begin,0,0
10.821,flush_end,0,2570063
10.838,trivial_move,3,2686931
10.846,trivial_move,4,2686930
10.846,compaction_begin,2,0
10.887,compaction_end,2,5374078
10.904,trivial_move,4,2686932
10.904,compaction_begin,2,0
10.939,compaction_end,2,5374077
10.956,trivial_move,4,2686930
10.956,compaction_begin,2,0
10.986,compaction_end,2,5374079
11.003,trivial_move,4,2686931
11.003,compaction_begin,2,0
11.031,compaction_end,2,5374079
11.048,trivial_move,4,2686931
11.048,compaction_begin,2,0
11.075,compaction_end,2,5374079
11.092,trivial_move,4,2686930
11.092,compaction_begin,2,0
11.119,compaction_end,2,5374079
11.136,trivial_move,4,2686932
11.136,compaction_begin,2,0
11.164,compaction_end,2,5374078
11.181,trivial_move,4,2686930
11.181,compaction_begin,2,0
11.208,compaction_end,2,5374079
11.225,trivial_move,4,2686931
11.225,compaction_begin,2,0
11.252,compaction_end,2,5374080
11.269,trivial_move,4,2686931
11.269,compaction_begin,2,0
11.297,compaction_end,2,5374079
11.314,trivial_move,4,2686931
11.314,compaction_begin,2,0
11.341,compaction_end,2,5374079
11.358,trivial_move,4,2686931
11.358,compaction_begin,2,0
11.385,compaction_end,2,5374078
11.402,trivial_move,4,2686931
11.402,compaction_begin,2,0
11.429,compaction_end,2,5374079
11.446,trivial_move,4,2686930
11.446,compaction_begin,2,0
11.473,compaction_end,2,5374078
11.489,trivial_move,4,2686932
11.490,compaction_begin,2,0
11.518,compaction_end,2,5374079
11.535,trivial_move,4,2686930
11.535,compaction_begin,2,0
11.560,compaction_end,2,5374079
11.577,trivial_move,4,2686933
11.577,compaction_begin,2,0
11.603,compaction_end,2,5374078
11.620,trivial_move,4,2686930
11.620,compaction_begin,2,0
11.645,compaction_end,2,5374079
11.662,trivial_move,4,2686930
11.662,compaction_begin,2,0
11.687,compaction_end,2,5374079
11.704,trivial_move,4,2686932
11.704,compaction_begin,2,0
11.716,compaction_end,2,2570063
11.733,trivial_move,4,2686930
11.741,trivial_move,4,2686932
11.741,compaction_begin,3,0
11.767,compaction_end,3,5374079
11.783,trivial_move,4,2686931
11.784,compaction_begin,3,0
11.810,compaction_end,3,5374079
11.827,trivial_move,4,2686931
11.827,compaction_begin,3,0
11.853,compaction_end,3,5374077
11.869,trivial_move,4,2686930
11.869,compaction_begin,3,0
11.896,compaction_end,3,5374079
11.913,trivial_move,4,2686930
11.913,compaction_begin,3,0
11.945,compaction_end,3,5374079
11.962,trivial_move,4,2686932
11.962,compaction_begin,3,0
11.989,compaction_end,3,5374080
12.006,trivial_move,4,2686931
12.006,compaction_begin,3,0
12.032,compaction_end,3,5374079
12.040,compaction_begin,3,0
12.065,compaction_end,3,5374079
12.073,compaction_begin,3,0
12.097,compaction_end,3,5374079
12.105,compaction_begin,3,0
12.130,compaction_end,3,5374079
12.138,compaction_begin,3,0
12.162,compaction_end,3,5374078
12.171,compaction_begin,3,0
12.195,compaction_end,3,5374079
12.203,compaction_begin,3,0
12.227,compaction_end,3,5374079
12.235,compaction_begin,3,0
12.258,compaction_end,3,5374078
12.266,compaction_begin,3,0
12.289,compaction_end,3,5374079
12.297,compaction_begin,3,0
12.320,compaction_end,3,5374078
12.328,compaction_begin,3,0
12.348,compaction_end,3,5374080
12.357,compaction_begin,3,0
12.379,compaction_end,3,5374079
12.387,compaction_begin,3,0
12.409,compaction_end,3,5374079
12.417,compaction_begin,3,0
12.439,compaction_end,3,5374079
12.447,compaction_begin,3,0
12.469,compaction_end,3,5374078
12.477,compaction_begin,3,0
12.499,compaction_end,3,5374079
12.507,compaction_begin,3,0
12.529,compaction_end,3,5374079
12.537,compaction_begin,3,0
12.559,compaction_end,3,5374079
12.567,compaction_begin,3,0
12.589,compaction_end,3,5374079
12.597,compaction_begin,3,0
12.619,compaction_end,3,5374077
12.627,compaction_begin,3,0
12.649,compaction_end,3,5374078
12.657,compaction_begin,3,0
12.680,compaction_end,3,5374080
12.688,compaction_begin,3,0
12.710,compaction_end,3,5374079
12.718,compaction_begin,3,0
12.740,compaction_end,3,5374079
12.748,compaction_begin,3,0
12.770,compaction_end,3,5374078
12.778,compaction_begin,3,0
12.800,compaction_end,3,5374079
12.808,compaction_begin,3,0
12.830,compaction_end,3,5374079
12.839,compaction_begin,3,0
12.861,compaction_end,3,5374079
12.869,compaction_begin,3,0
12.892,compaction_end,3,5374079
12.900,compaction_begin,3,0
12.922,compaction_end,3,5374078
12.930,compaction_begin,3,0
12.953,compaction_end,3,5374079
12.961,compaction_begin,3,0
12.983,compaction_end,3,5374080
12.991,compaction_begin,3,0
13.014,compaction_end,3,5374078
13.022,compaction_begin,3,0
13.044,compaction_end,3,5374079
13.052,compaction_begin,3,0
13.075,compaction_end,3,5374078
13.083,compaction_begin,3,0
13.106,compaction_end,3,5374079
13.114,compaction_begin,3,0
13.136,compaction_end,3,5374079
13.144,compaction_begin,3,0
13.166,compaction_end,3,5374079
13.174,compaction_begin,3,0
13.197,compaction_end,3,5374079
13.206,compaction_begin,3,0
13.228,compaction_end,3,5374078
13.236,compaction_begin,3,0
13.258,compaction_end,3,5374079
13.266,compaction_begin,3,0
13.288,compaction_end,3,5374079
13.296,compaction_begin,3,0
13.319,compaction_end,3,5374080
13.327,compaction_begin,3,0
13.350,compaction_end,3,5374079
13.358,compaction_begin,3,0
13.382,compaction_end,3,5374077
13.390,compaction_begin,3,0
13.413,compaction_end,3,5374078
13.421,compaction_begin,3,0
13.444,compaction_end,3,5374079
13.453,compaction_begin,3,0
13.473,compaction_end,3,5374079
13.481,compaction_begin,3,0
13.504,compaction_end,3,5374079
13.512,compaction_begin,3,0
13.534,compaction_end,3,5374078
13.542,compaction_begin,3,0
13.565,compaction_end,3,5374079
13.573,compaction_begin,3,0
13.595,compaction_end,3,5374079
13.603,compaction_begin,3,0
13.625,compaction_end,3,5374079
13.633,compaction_begin,3,0
13.655,compaction_end,3,5374080
13.663,compaction_begin,3,0
13.685,compaction_end,3,5374078
13.693,compaction_begin,3,0
13.715,compaction_end,3,5374079
13.723,compaction_begin,3,0
13.745,compaction_end,3,5374079
13.753,compaction_begin,3,0
13.775,compaction_end,3,5374078
13.783,compaction_begin,3,0
13.806,compaction_end,3,5374079
13.815,compaction_begin,3,0
13.836,compaction_end,3,5374078
13.844,compaction_begin,3,0
13.865,compaction_end,3,5374079
13.873,compaction_begin,3,0
13.895,compaction_end,3,5374079
13.903,compaction_begin,3,0
13.925,compaction_end,3,5374079
13.933,compaction_begin,3,0
13.956,compaction_end,3,5374079
13.964,compaction_begin,3,0
13.987,compaction_end,3,5374079
13.995,compaction_begin,3,0
14.018,compaction_end,3,5374079
14.026,compaction_begin,3,0
14.049,compaction_end,3,5374079
14.057,compaction_begin,3,0
14.080,compaction_end,3,5374079
14.088,compaction_begin,3,0
14.111,compaction_end,3,5374079
14.119,compaction_begin,3,0
14.142,compaction_end,3,5374077
14.150,compaction_begin,3,0
14.173,compaction_end,3,5374078
14.181,compaction_begin,3,0
14.204,compaction_end,3,5374079
14.212,compaction_begin,3,0
14.234,compaction_end,3,5374079
14.242,compaction_begin,3,0
14.264,compaction_end,3,5374079
14.272,compaction_begin,3,0
14.294,compaction_end,3,5374078
14.302,compaction_begin,3,0
14.325,compaction_end,3,5374080
14.333,compaction_begin,3,0
14.356,compaction_end,3,5374079
14.364,compaction_begin,3,0
14.386,compaction_end,3,5374079
14.394,compaction_begin,3,0
14.416,compaction_end,3,5374079
14.424,compaction_begin,3,0
14.446,compaction_end,3,5374078
14.454,compaction_begin,3,0
14.476,compaction_end,3,5374079
14.484,compaction_begin,3,0
14.507,compaction_end,3,5374079
14.515,compaction_begin,3,0
14.537,compaction_end,3,5374078
14.545,compaction_begin,3,0
14.568,compaction_end,3,5374079
14.576,compaction_begin,3,0
14.599,compaction_end,3,5374078
14.607,compaction_begin,3,0
14.630,compaction_end,3,5374079
14.638,compaction_begin,3,0
14.661,compaction_end,3,5374081
14.669,compaction_begin,3,0
14.692,compaction_end,3,5374079
14.700,compaction_begin,3,0
14.723,compaction_end,3,5374079
14.731,compaction_begin,3,0
14.753,compaction_end,3,5374078
14.761,compaction_begin,3,0
14.783,compaction_end,3,5374079
14.791,compaction_begin,3,0
14.814,compaction_end,3,5374079
14.822,compaction_begin,3,0
14.844,compaction_end,3,5374079
14.852,compaction_begin,3,0
14.875,compaction_end,3,5374079
14.883,compaction_begin,3,0
14.907,compaction_end,3,5374077
14.915,compaction_begin,3,0
14.939,compaction_end,3,5374078
14.947,compaction_begin,3,0
14.970,compaction_end,3,5374079
14.978,compaction_begin,3,0
15.001,compaction_end,3,5374080
15.009,compaction_begin,3,0
15.032,compaction_end,3,5374079
15.040,compaction_begin,3,0
15.063,compaction_end,3,5374078
15.072,compaction_begin,3,0
15.094,compaction_end,3,5374079
15.102,compaction_begin,3,0
15.124,compaction_end,3,5374079
15.132,compaction_begin,3,0
15.155,compaction_end,3,5374079
15.163,compaction_begin,3,0
15.186,compaction_end,3,5374079
15.194,compaction_begin,3,0
15.217,compaction_end,3,5374078
15.225,compaction_begin,3,0
15.248,compaction_end,3,5374079
15.256,compaction_begin,3,0
15.279,compaction_end,3,5374079
15.287,compaction_begin,3,0
15.309,compaction_end,3,5374078
15.317,compaction_begin,3,0
15.339,compaction_end,3,5374080
15.347,compaction_begin,3,0
15.369,compaction_end,3,5374078
15.377,compaction_begin,3,0
15.399,compaction_end,3,5374079
15.407,compaction_begin,3,0
15.429,compaction_end,3,5374079
15.437,compaction_begin,3,0
15.459,compaction_end,3,5374079
15.467,compaction_begin,3,0
15.489,compaction_end,3,5374079
15.497,compaction_begin,3,0
15.519,compaction_end,3,5374078
15.527,compaction_begin,3,0
15.550,compaction_end,3,5374079
15.558,compaction_begin,3,0
15.580,compaction_end,3,5374079
15.588,compaction_begin,3,0
15.611,compaction_end,3,5374079
15.619,compaction_begin,3,0
15.642,compaction_end,3,5374080
15.650,compaction_begin,3,0
15.673,compaction_end,3,5374077
15.681,compaction_begin,3,0
15.704,compaction_end,3,5374078
15.712,compaction_begin,3,0
15.736,compaction_end,3,5374079
15.744,compaction_begin,3,0
15.767,compaction_end,3,5374079
15.775,compaction_begin,3,0
15.797,compaction_end,3,5374079
15.805,compaction_begin,3,0
15.826,compaction_end,3,5374078
15.834,compaction_begin,3,0
15.856,compaction_end,3,5374079
15.864,compaction_begin,3,0
15.886,compaction_end,3,5374079
15.895,compaction_begin,3,0
15.917,compaction_end,3,5374079
15.925,compaction_begin,3,0
15.947,compaction_end,3,5374079
15.955,compaction_begin,3,0
15.977,compaction_end,3,5374079
15.985,compaction_begin,3,0
16.007,compaction_end,3,5374079
16.015,compaction_begin,3,0
16.038,compaction_end,3,5374079
16.046,compaction_begin,3,0
16.068,compaction_end,3,5374078
16.076,compaction_begin,3,0
16.098,compaction_end,3,5374079
16.106,compaction_begin,3,0
16.129,compaction_end,3,5374078
16.137,compaction_begin,3,0
16.160,compaction_end,3,5374079
16.168,compaction_begin,3,0
16.191,compaction_end,3,5374079
16.199,compaction_begin,3,0
16.221,compaction_end,3,5374079
16.229,compaction_begin,3,0
16.252,compaction_end,3,5374079
16.260,compaction_begin,3,0
16.282,compaction_end,3,5374078
16.290,compaction_begin,3,0
16.312,compaction_end,3,5374080
16.320,compaction_begin,3,0
16.342,compaction_end,3,5374079
16.350,compaction_begin,3,0
16.373,compaction_end,3,5374079
16.382,compaction_begin,3,0
16.405,compaction_end,3,5374079
16.413,compaction_begin,3,0
16.436,compaction_end,3,5374077
16.444,compaction_begin,3,0
16.468,compaction_end,3,5374078
16.476,compaction_begin,3,0
16.499,compaction_end,3,5374079
16.508,compaction_begin,3,0
16.531,compaction_end,3,5374079
16.539,compaction_begin,3,0
16.561,compaction_end,3,5374079
16.570,compaction_begin,3,0
16.599,compaction_end,3,5374078
16.608,compaction_begin,3,0
16.631,compaction_end,3,5374079
16.639,compaction_begin,3,0
16.663,compaction_end,3,5374080
16.671,compaction_begin,3,0
16.694,compaction_end,3,5374079
16.702,compaction_begin,3,0
16.726,compaction_end,3,5374079
16.734,compaction_begin,3,0
16.759,compaction_end,3,5374078
16.767,compaction_begin,3,0
16.791,compaction_end,3,5374079
16.799,compaction_begin,3,0
16.820,compaction_end,3,5374079
16.829,compaction_begin,3,0
16.851,compaction_end,3,5374078
16.859,compaction_begin,3,0
16.882,compaction_end,3,5374079
16.890,compaction_begin,3,0
16.913,compaction_end,3,5374078
16.921,compaction_begin,3,0
16.945,compaction_end,3,5374079
16.953,compaction_begin,3,0
16.975,compaction_end,3,5374079
16.983,compaction_begin,3,0
17.006,compaction_end,3,5374080
17.014,compaction_begin,3,0
17.037,compaction_end,3,5374079
17.045,compaction_begin,3,0
17.067,compaction_end,3,5374078
17.075,compaction_begin,3,0
17.098,compaction_end,3,5374079
17.106,compaction_begin,3,0
17.129,compaction_end,3,5374079
17.137,compaction_begin,3,0
17.159,compaction_end,3,5374079
17.167,compaction_begin,3,0
17.190,compaction_end,3,5374079
17.198,compaction_begin,3,0
17.220,compaction_end,3,5374077
17.228,compaction_begin,3,0
17.251,compaction_end,3,5374078
17.259,compaction_begin,3,0
17.282,compaction_end,3,5374079
17.290,compaction_begin,3,0
17.313,compaction_end,3,5374079
17.321,compaction_begin,3,0
17.343,compaction_end,3,5374080
17.351,compaction_begin,3,0
17.374,compaction_end,3,5374078
17.382,compaction_begin,3,0
17.409,compaction_end,3,7023641
17.417,compaction_begin,3,0
17.440,compaction_end,3,5374083
17.448,compaction_begin,3,0
17.470,compaction_end,3,5374083
17.478,compaction_begin,3,0
17.502,compaction_end,3,5374083
17.510,compaction_begin,3,0
17.533,compaction_end,3,5374084
17.542,compaction_begin,3,0
17.565,compaction_end,3,5374083
17.573,compaction_begin,3,0
17.596,compaction_end,3,5374082
17.605,compaction_begin,3,0
17.628,compaction_end,3,5374083
17.636,compaction_begin,3,0
17.658,compaction_end,3,5374084
17.666,compaction_begin,3,0
17.689,compaction_end,3,5374084
17.697,compaction_begin,3,0
17.721,compaction_end,3,5374083
17.730,compaction_begin,3,0
17.754,compaction_end,3,5374082
17.762,compaction_begin,3,0
17.785,compaction_end,3,5374083
17.793,compaction_begin,3,0
17.816,compaction_end,3,5374083
17.824,compaction_begin,3,0
17.848,compaction_end,3,5374084
17.857,compaction_begin,3,0
17.882,compaction_end,3,5374082
17.890,compaction_begin,3,0
17.913,compaction_end,3,5374083
17.921,compaction_begin,3,0
17.944,compaction_end,3,5374083
17.952,compaction_begin,3,0
17.974,compaction_end,3,5374083
17.983,compaction_begin,3,0
17.997,compaction_end,3,3607587
23.414,flush_begin,0,0
23.445,flush_end,0,2744481
23.454,compaction_begin,2,0
23.779,compaction_end,2,2678448
23.792,compaction_begin,3,0
23.993,compaction_end,3,42992648
24.003,compaction_begin,3,0
24.155,compaction_end,3,42992650
24.164,compaction_begin,3,0
24.318,compaction_end,3,42992650
24.328,compaction_begin,3,0
24.481,compaction_end,3,42992649
24.490,compaction_begin,3,0
24.649,compaction_end,3,42992649
24.657,compaction_begin,3,0
24.813,compaction_end,3,42992650
24.824,compaction_begin,3,0
24.979,compaction_end,3,41955150
24.988,compaction_begin,3,0
25.141,compaction_end,3,42992648
25.150,compaction_begin,3,0
25.306,compaction_end,3,42992653
25.316,compaction_begin,3,0
25.469,compaction_end,3,42992654
25.479,compaction_begin,3,0
25.638,compaction_end,3,42992648
25.647,compaction_begin,3,0
25.809,compaction_end,3,42992652
25.818,compaction_begin,3,0
25.975,compaction_end,3,42992649
25.984,compaction_begin,3,0
26.139,compaction_end,3,42992649
26.147,compaction_begin,3,0
26.302,compaction_end,3,42992652
26.313,compaction_begin,3,0
26.477,compaction_end,3,44642301
26.486,compaction_begin,3,0
26.641,compaction_end,3,42992652
26.650,compaction_begin,3,0
26.804,compaction_end,3,42992649
26.814,compaction_begin,3,0
26.967,compaction_end,3,42992650
26.976,compaction_begin,3,0
27.072,compaction_end,3,26141394
27.080,compaction_begin,3,0
27.237,compaction_end,3,42992654
27.248,compaction_begin,3,0
27.403,compaction_end,3,42992652
27.412,compaction_begin,3,0
27.566,compaction_end,3,41955151
27.575,compaction_begin,3,0
27.731,compaction_end,3,42992653
27.741,compaction_begin,3,0
27.895,compaction_end,3,42992650
27.905,compaction_begin,3,0
28.059,compaction_end,3,42992654
28.068,compaction_begin,3,0
28.222,compaction_end,3,42992649
28.233,compaction_begin,3,0
28.389,compaction_end,3,42992650
28.399,compaction_begin,3,0
28.554,compaction_end,3,42992652
28.563,compaction_begin,3,0
28.712,compaction_end,3,40305588
28.721,compaction_begin,3,0
28.880,compaction_end,3,42992652
28.890,flush_begin,0,0
28.901,flush_end,0,2744249
28.909,compaction_begin,2,0
29.204,compaction_end,2,2829485
29.221,compaction_begin,3,0
29.431,compaction_end,3,42992652
29.441,compaction_begin,3,0
29.602,compaction_end,3,42992652
29.611,compaction_begin,3,0
29.769,compaction_end,3,42992651
29.779,compaction_begin,3,0
29.939,compaction_end,3,42992652
29.948,compaction_begin,3,0
30.119,compaction_end,3,44267906
30.128,compaction_begin,3,0
30.289,compaction_end,3,42992653
30.298,compaction_begin,3,0
30.459,compaction_end,3,42992650
30.468,compaction_begin,3,0
30.630,compaction_end,3,42992649
30.640,compaction_begin,3,0
30.799,compaction_end,3,42992652
30.808,compaction_begin,3,0
30.970,compaction_end,3,42992654
30.980,compaction_begin,3,0
31.141,compaction_end,3,42992649
31.151,compaction_begin,3,0
31.308,compaction_end,3,42992649
31.318,compaction_begin,3,0
31.477,compaction_end,3,42992653
31.485,compaction_begin,3,0
31.646,compaction_end,3,42754754
31.656,compaction_begin,3,0
31.815,compaction_end,3,42992652
31.823,compaction_begin,3,0
31.983,compaction_end,3,42992649
31.993,compaction_begin,3,0
32.164,compaction_end,3,44267907
32.172,compaction_begin,3,0
32.339,compaction_end,3,42992649
32.349,compaction_begin,3,0
32.512,compaction_end,3,42992653
32.521,compaction_begin,3,0
32.691,compaction_end,3,44404452
32.700,compaction_begin,3,0
32.864,compaction_end,3,43367079
32.874,compaction_begin,3,0
33.034,compaction_end,3,42992653
33.044,compaction_begin,3,0
33.213,compaction_end,3,45679537
33.223,compaction_begin,3,0
33.382,compaction_end,3,42992650
33.392,compaction_begin,3,0
33.560,compaction_end,3,44404452
33.570,compaction_begin,3,0
33.732,compaction_end,3,42992648
33.741,compaction_begin,3,0
33.902,compaction_end,3,42992647
33.912,compaction_begin,3,0
34.072,compaction_end,3,42992649
34.081,compaction_begin,3,0
34.240,compaction_end,3,42992650
34.250,compaction_begin,3,0
34.340,flush_begin,0,0
34.351,flush_end,0,2744779
34.432,compaction_end,3,43367081
34.442,compaction_begin,2,0
34.729,compaction_end,2,2907302
34.743,compaction_begin,3,0
34.947,compaction_end,3,42992652
34.957,compaction_begin,3,0
35.123,compaction_end,3,42992651
35.133,compaction_begin,3,0
35.295,compaction_end,3,42992652
35.303,compaction_begin,3,0
35.466,compaction_end,3,42992649
35.475,compaction_begin,3,0
35.642,compaction_end,3,42992654
35.651,compaction_begin,3,0
35.821,compaction_end,3,44030062
35.831,compaction_begin,3,0
35.990,compaction_end,3,43367080
36.001,compaction_begin,3,0
36.171,compaction_end,3,43367082
36.180,compaction_begin,3,0
36.347,compaction_end,3,42992653
36.355,compaction_begin,3,0
36.516,compaction_end,3,42992650
36.525,compaction_begin,3,0
36.682,compaction_end,3,42992653
36.692,compaction_begin,3,0
36.850,compaction_end,3,42754754
36.859,compaction_begin,3,0
37.013,compaction_end,3,42992653
37.022,compaction_begin,3,0
37.186,compaction_end,3,44404451
37.196,compaction_begin,3,0
37.352,compaction_end,3,42992648
37.362,compaction_begin,3,0
37.523,compaction_end,3,42992651
37.532,compaction_begin,3,0
37.689,compaction_end,3,42992651
37.699,compaction_begin,3,0
37.866,compaction_end,3,44030066
37.874,compaction_begin,3,0
38.035,compaction_end,3,42992650
38.044,compaction_begin,3,0
38.205,compaction_end,3,42992649
38.215,compaction_begin,3,0
38.385,compaction_end,3,44404453
38.395,compaction_begin,3,0
38.558,compaction_end,3,42992649
38.567,compaction_begin,3,0
38.732,compaction_end,3,42992649
38.742,compaction_begin,3,0
38.901,compaction_end,3,42992648
38.911,compaction_begin,3,0
39.071,compaction_end,3,42992648
39.080,compaction_begin,3,0
39.241,compaction_end,3,42992650
39.250,compaction_begin,3,0
39.412,compaction_end,3,42992649
39.420,compaction_begin,3,0
39.582,compaction_end,3,41955151
39.592,compaction_begin,3,0
39.753,compaction_end,3,42992650
39.763,flush_begin,0,0
39.773,flush_end,0,2744659
39.781,compaction_begin,2,0
40.067,compaction_end,2,3038860
40.084,compaction_begin,3,0
40.284,compaction_end,3,42992652
40.294,compaction_begin,3,0
40.449,compaction_end,3,42992651
40.458,compaction_begin,3,0
40.620,compaction_end,3,42992652
40.630,compaction_begin,3,0
40.796,compaction_end,3,42992649
40.805,compaction_begin,3,0
40.971,compaction_end,3,42992649
40.980,compaction_begin,3,0
41.134,compaction_end,3,42992649
41.144,compaction_begin,3,0
41.299,compaction_end,3,42992648
41.309,compaction_begin,3,0
41.465,compaction_end,3,42992653
41.474,compaction_begin,3,0
41.633,compaction_end,3,43230497
41.642,compaction_begin,3,0
41.823,compaction_end,3,43367076
41.833,compaction_begin,3,0
42.000,compaction_end,3,43367082
42.010,compaction_begin,3,0
42.166,compaction_end,3,42992653
42.176,compaction_begin,3,0
42.338,compaction_end,3,43655659
42.348,compaction_begin,3,0
42.508,compaction_end,3,43367078
42.518,compaction_begin,3,0
42.676,compaction_end,3,42992648
42.685,compaction_begin,3,0
42.846,compaction_end,3,43367079
42.855,compaction_begin,3,0
43.020,compaction_end,3,44030064
43.030,compaction_begin,3,0
43.184,compaction_end,3,42992654
43.193,compaction_begin,3,0
43.347,compaction_end,3,42992651
43.355,compaction_begin,3,0
43.510,compaction_end,3,42992653
43.519,compaction_begin,3,0
43.674,compaction_end,3,42992653
43.683,compaction_begin,3,0
43.837,compaction_end,3,42754754
43.845,compaction_begin,3,0
43.999,compaction_end,3,42992650
44.009,compaction_begin,3,0
44.174,compaction_end,3,42992649
44.182,compaction_begin,3,0
44.341,compaction_end,3,42992650
44.350,compaction_begin,3,0
44.521,compaction_end,3,42618171
44.530,compaction_begin,3,0
44.704,compaction_end,3,43367083
44.714,compaction_begin,3,0
44.887,compaction_end,3,42992648
44.896,compaction_begin,3,0
45.074,compaction_end,3,44267909
45.083,compaction_begin,3,0
45.242,flush_begin,0,0
45.252,flush_end,0,2744932
45.277,compaction_end,3,42992648
45.287,compaction_begin,2,0
45.575,compaction_end,2,3069471
45.592,compaction_begin,3,0
45.794,compaction_end,3,42992652
45.803,compaction_begin,3,0
45.962,compaction_end,3,42992651
45.970,compaction_begin,3,0
46.127,compaction_end,3,43367078
46.136,compaction_begin,3,0
46.297,compaction_end,3,42992652
46.306,compaction_begin,3,0
46.472,compaction_end,3,43367080
46.480,compaction_begin,3,0
46.647,compaction_end,3,43367078
46.655,compaction_begin,3,0
46.817,compaction_end,3,43367082
46.825,compaction_begin,3,0
46.993,compaction_end,3,42754754
47.001,compaction_begin,3,0
47.176,compaction_end,3,43367079
47.186,compaction_begin,3,0
47.359,compaction_end,3,42992649
47.368,compaction_begin,3,0
47.541,compaction_end,3,42618173
47.551,compaction_begin,3,0
47.667,compaction_end,3,27042050
47.676,compaction_begin,3,0
47.844,compaction_end,3,42992648
47.853,compaction_begin,3,0
48.025,compaction_end,3,42992650
48.033,compaction_begin,3,0
48.225,compaction_end,3,42992654
48.234,compaction_begin,3,0
48.411,compaction_end,3,42992653
48.420,compaction_begin,3,0
48.609,compaction_end,3,44030062
48.617,compaction_begin,3,0
48.799,compaction_end,3,43367078
48.808,compaction_begin,3,0
48.969,compaction_end,3,42992648
48.978,compaction_begin,3,0
49.143,compaction_end,3,43367081
49.152,compaction_begin,3,0
49.314,compaction_end,3,42992653
49.324,compaction_begin,3,0
49.488,compaction_end,3,42992649
49.497,compaction_begin,3,0
49.664,compaction_end,3,43367081
49.673,compaction_begin,3,0
49.836,compaction_end,3,42992650
49.845,compaction_begin,3,0
50.006,compaction_end,3,42992653
50.015,compaction_begin,3,0
50.183,compaction_end,3,44267907
50.191,compaction_begin,3,0
50.353,compaction_end,3,43367082
50.361,compaction_begin,3,0
50.522,compaction_end,3,42992648
50.531,compaction_begin,3,0
50.689,compaction_end,3,42992649
50.698,flush_begin,0,0
50.710,flush_end,0,2744388
50.718,compaction_begin,2,0
51.012,compaction_end,2,3145689
51.029,compaction_begin,3,0
51.230,compaction_end,3,42992652
51.239,compaction_begin,3,0
51.398,compaction_end,3,42992651
51.406,compaction_begin,3,0
51.568,compaction_end,3,42992652
51.576,compaction_begin,3,0
51.740,compaction_end,3,42992654
51.749,compaction_begin,3,0
51.916,compaction_end,3,43367081
51.924,compaction_begin,3,0
52.084,compaction_end,3,42992653
52.093,compaction_begin,3,0
52.261,compaction_end,3,43655660
52.270,compaction_begin,3,0
52.431,compaction_end,3,43367079
52.440,compaction_begin,3,0
52.600,compaction_end,3,42992647
52.608,compaction_begin,3,0
52.774,compaction_end,3,42618171
52.782,compaction_begin,3,0
52.942,compaction_end,3,42992649
52.952,compaction_begin,3,0
53.116,compaction_end,3,43367076
53.126,compaction_begin,3,0
53.284,compaction_end,3,42992648
53.294,compaction_begin,3,0
53.465,compaction_end,3,45679536
53.474,compaction_begin,3,0
53.641,compaction_end,3,43367078
53.650,compaction_begin,3,0
53.816,compaction_end,3,43367078
53.824,compaction_begin,3,0
53.948,compaction_end,3,31378760
53.957,compaction_begin,3,0
54.126,compaction_end,3,43281144
54.134,compaction_begin,3,0
54.291,compaction_end,3,43367078
54.299,compaction_begin,3,0
54.461,compaction_end,3,43655658
54.470,compaction_begin,3,0
54.627,compaction_end,3,42992653
54.637,compaction_begin,3,0
54.800,compaction_end,3,42992648
54.808,compaction_begin,3,0
54.971,compaction_end,3,42754754
54.980,compaction_begin,3,0
55.142,compaction_end,3,44404453
55.151,compaction_begin,3,0
55.306,compaction_end,3,42992650
55.316,compaction_begin,3,0
55.470,compaction_end,3,42618172
55.480,compaction_begin,3,0
55.646,compaction_end,3,45917433
55.655,compaction_begin,3,0
55.810,compaction_end,3,42992654
55.820,compaction_begin,3,0
55.979,compaction_end,3,43367082
55.989,compaction_begin,3,0
56.144,compaction_end,3,42992649
56.152,compaction_begin,3,0
56.168,flush_begin,0,0
56.177,flush_end,0,2744446
56.328,compaction_end,3,42992653
56.337,compaction_begin,2,0
56.628,compaction_end,2,3051182
56.650,compaction_begin,3,0
56.845,compaction_end,3,42992652
56.854,compaction_begin,3,0
57.005,compaction_end,3,42992653
57.015,compaction_begin,3,0
57.166,compaction_end,3,42992652
57.175,compaction_begin,3,0
57.329,compaction_end,3,43367082
57.338,compaction_begin,3,0
57.486,compaction_end,3,42992651
57.495,compaction_begin,3,0
57.652,compaction_end,3,43367082
57.662,compaction_begin,3,0
57.815,compaction_end,3,43281144
57.824,compaction_begin,3,0
57.980,compaction_end,3,42992649
57.989,compaction_begin,3,0
58.147,compaction_end,3,43367081
58.156,compaction_begin,3,0
58.318,compaction_end,3,43367078
58.327,compaction_begin,3,0
58.482,compaction_end,3,43367078
58.491,compaction_begin,3,0
58.647,compaction_end,3,42992649
58.655,compaction_begin,3,0
58.811,compaction_end,3,43367079
58.820,compaction_begin,3,0
58.974,compaction_end,3,42992653
58.983,compaction_begin,3,0
59.136,compaction_end,3,43230497
59.145,compaction_begin,3,0
59.296,compaction_end,3,42992653
59.305,compaction_begin,3,0
59.465,compaction_end,3,43367080
59.474,compaction_begin,3,0
59.637,compaction_end,3,44404451
59.646,compaction_begin,3,0
59.798,compaction_end,3,42992649
59.807,compaction_begin,3,0
59.961,compaction_end,3,42992650
59.970,compaction_begin,3,0
60.124,compaction_end,3,42243699
60.133,compaction_begin,3,0
60.284,compaction_end,3,41955155
60.293,compaction_begin,3,0
60.454,compaction_end,3,42992654
60.464,compaction_begin,3,0
60.621,compaction_end,3,42618172
60.630,compaction_begin,3,0
60.789,compaction_end,3,43367078
60.797,compaction_begin,3,0
60.954,compaction_end,3,42754754
60.963,compaction_begin,3,0
61.124,compaction_end,3,43367079
61.132,compaction_begin,3,0
61.290,compaction_end,3,43367083
61.299,compaction_begin,3,0
61.453,compaction_end,3,42992651
61.463,compaction_begin,3,0
61.607,flush_begin,0,0
61.617,flush_end,0,2745040
61.637,compaction_end,3,43367078
61.646,compaction_begin,2,0
61.947,compaction_end,2,3074066
61.961,compaction_begin,3,0
62.155,compaction_end,3,42992652
62.164,compaction_begin,3,0
62.314,compaction_end,3,42992651
62.324,compaction_begin,3,0
62.476,compaction_end,3,42992652
62.485,compaction_begin,3,0
62.648,compaction_end,3,43367084
62.657,compaction_begin,3,0
62.818,compaction_end,3,42992653
62.826,compaction_begin,3,0
62.981,compaction_end,3,43367080
62.990,compaction_begin,3,0
63.147,compaction_end,3,42992653
63.156,compaction_begin,3,0
63.312,compaction_end,3,42992649
63.321,compaction_begin,3,0
63.474,compaction_end,3,42992654
63.483,compaction_begin,3,0
63.636,compaction_end,3,42992647
63.645,compaction_begin,3,0
63.798,compaction_end,3,43367079
63.807,compaction_begin,3,0
63.961,compaction_end,3,42992649
63.970,compaction_begin,3,0
64.124,compaction_end,3,43281144
64.133,compaction_begin,3,0
64.287,compaction_end,3,42992650
64.296,compaction_begin,3,0
64.460,compaction_end,3,43367079
64.469,compaction_begin,3,0
64.573,compaction_end,3,27042050
64.582,compaction_begin,3,0
64.746,compaction_end,3,42754754
64.755,compaction_begin,3,0
64.919,compaction_end,3,43367082
64.928,compaction_begin,3,0
65.090,compaction_end,3,43367078
65.100,compaction_begin,3,0
65.254,compaction_end,3,42992648
65.263,compaction_begin,3,0
65.421,compaction_end,3,42992649
65.430,compaction_begin,3,0
65.594,compaction_end,3,44404453
65.603,compaction_begin,3,0
65.763,compaction_end,3,42992647
65.771,compaction_begin,3,0
65.926,compaction_end,3,43367078
65.934,compaction_begin,3,0
66.089,compaction_end,3,42992648
66.098,compaction_begin,3,0
66.256,compaction_end,3,43367084
66.265,compaction_begin,3,0
66.423,compaction_end,3,43367080
66.432,compaction_begin,3,0
66.587,compaction_end,3,42992649
66.595,compaction_begin,3,0
66.749,compaction_end,3,42992648
66.758,compaction_begin,3,0
66.920,compaction_end,3,43655657
66.929,compaction_begin,3,0
67.057,flush_begin,0,0
67.067,flush_end,0,2744494
67.101,compaction_end,3,42992653
67.109,compaction_begin,2,0
67.401,compaction_end,2,3045299
67.418,compaction_begin,3,0
67.624,compaction_end,3,42992652
67.633,compaction_begin,3,0
67.792,compaction_end,3,42992651
67.801,compaction_begin,3,0
67.963,compaction_end,3,42992652
67.972,compaction_begin,3,0
68.138,compaction_end,3,42992654
68.147,compaction_begin,3,0
68.314,compaction_end,3,43367078
68.323,compaction_begin,3,0
68.487,compaction_end,3,43367078
68.496,compaction_begin,3,0
68.658,compaction_end,3,42992653
68.667,compaction_begin,3,0
68.841,compaction_end,3,42992648
68.850,compaction_begin,3,0
69.017,compaction_end,3,42754754
69.026,compaction_begin,3,0
69.201,compaction_end,3,42992649
69.211,compaction_begin,3,0
69.392,compaction_end,3,42992653
69.400,compaction_begin,3,0
69.588,compaction_end,3,43655657
69.597,compaction_begin,3,0
69.776,compaction_end,3,42992652
69.785,compaction_begin,3,0
69.969,compaction_end,3,42992649
69.978,compaction_begin,3,0
70.154,compaction_end,3,42618173
70.163,compaction_begin,3,0
70.340,compaction_end,3,42992650
70.349,compaction_begin,3,0
70.527,compaction_end,3,42992650
70.536,compaction_begin,3,0
70.671,compaction_end,3,32415986
70.680,compaction_begin,3,0
70.848,compaction_end,3,42992649
70.857,compaction_begin,3,0
71.029,compaction_end,3,43367078
71.038,compaction_begin,3,0
71.219,compaction_end,3,42754753
71.230,compaction_begin,3,0
71.410,compaction_end,3,42992653
71.419,compaction_begin,3,0
71.578,compaction_end,3,43367079
71.587,compaction_begin,3,0
71.746,compaction_end,3,43367079
71.754,compaction_begin,3,0
71.925,compaction_end,3,43367078
71.934,compaction_begin,3,0
72.088,compaction_end,3,42992650
72.097,compaction_begin,3,0
72.252,compaction_end,3,42992647
72.261,compaction_begin,3,0
72.416,compaction_end,3,43281144
72.425,compaction_begin,3,0
72.536,flush_begin,0,0
72.546,flush_end,0,2744669
72.602,compaction_end,3,43367082
72.611,compaction_begin,2,0
72.904,compaction_end,2,3105283
72.921,compaction_begin,3,0
73.119,compaction_end,3,42992652
73.128,compaction_begin,3,0
73.279,compaction_end,3,42992651
73.288,compaction_begin,3,0
73.441,compaction_end,3,42992652
73.450,compaction_begin,3,0
73.606,compaction_end,3,42992654
73.614,compaction_begin,3,0
73.773,compaction_end,3,42992648
73.783,compaction_begin,3,0
73.941,compaction_end,3,42992653
73.951,compaction_begin,3,0
74.117,compaction_end,3,42992649
74.126,compaction_begin,3,0
74.280,compaction_end,3,43367078
74.290,compaction_begin,3,0
74.442,compaction_end,3,43230497
74.451,compaction_begin,3,0
74.606,compaction_end,3,43281144
74.616,compaction_begin,3,0
74.768,compaction_end,3,42754754
74.777,compaction_begin,3,0
74.930,compaction_end,3,43367078
74.940,compaction_begin,3,0
75.094,compaction_end,3,42992651
75.103,compaction_begin,3,0
75.259,compaction_end,3,43367082
75.268,compaction_begin,3,0
75.422,compaction_end,3,43367079
75.432,compaction_begin,3,0
75.586,compaction_end,3,43367078
75.595,compaction_begin,3,0
75.747,compaction_end,3,42992649
75.756,compaction_begin,3,0
75.911,compaction_end,3,43367080
75.920,compaction_begin,3,0
76.070,compaction_end,3,41955151
76.079,compaction_begin,3,0
76.231,compaction_end,3,43367082
76.240,compaction_begin,3,0
76.391,compaction_end,3,42992653
76.400,compaction_begin,3,0
76.550,compaction_end,3,42992650
76.559,compaction_begin,3,0
76.709,compaction_end,3,42992649
76.718,compaction_begin,3,0
76.869,compaction_end,3,42992653
76.878,compaction_begin,3,0
77.031,compaction_end,3,42243696
77.040,compaction_begin,3,0
77.190,compaction_end,3,42243699
77.199,compaction_begin,3,0
77.314,compaction_end,3,32415986
77.323,compaction_begin,3,0
77.474,compaction_end,3,42992653
77.483,compaction_begin,3,0
77.646,compaction_end,3,45305110
77.655,compaction_begin,3,0
77.807,compaction_end,3,43281143
77.817,compaction_begin,3,0
77.971,compaction_end,3,42992650
77.980,compaction_begin,3,0
78.042,flush_begin,0,0
78.052,flush_end,0,2744315
78.153,compaction_end,3,43367078
78.162,compaction_begin,2,0
78.457,compaction_end,2,3118222
78.471,compaction_begin,3,0
78.662,compaction_end,3,42992652
78.671,compaction_begin,3,0
78.821,compaction_end,3,42992651
78.830,compaction_begin,3,0
78.981,compaction_end,3,42992654
78.990,compaction_begin,3,0
79.142,compaction_end,3,42992652
79.151,compaction_begin,3,0
79.303,compaction_end,3,42992653
79.313,compaction_begin,3,0
79.469,compaction_end,3,43367080
79.478,compaction_begin,3,0
79.634,compaction_end,3,43367078
79.643,compaction_begin,3,0
79.798,compaction_end,3,42992650
79.807,compaction_begin,3,0
79.963,compaction_end,3,43281144
79.971,compaction_begin,3,0
80.122,compaction_end,3,42992653
80.132,compaction_begin,3,0
80.283,compaction_end,3,42992649
80.292,compaction_begin,3,0
80.444,compaction_end,3,43367083
80.453,compaction_begin,3,0
80.608,compaction_end,3,42906743
80.617,compaction_begin,3,0
80.776,compaction_end,3,43367079
80.785,compaction_begin,3,0
80.948,compaction_end,3,43367081
80.956,compaction_begin,3,0
81.106,compaction_end,3,42992650
81.115,compaction_begin,3,0
81.268,compaction_end,3,43367080
81.277,compaction_begin,3,0
81.430,compaction_end,3,43367078
81.439,compaction_begin,3,0
81.591,compaction_end,3,42992653
81.600,compaction_begin,3,0
81.754,compaction_end,3,42992648
81.763,compaction_begin,3,0
81.878,compaction_end,3,32415986
81.887,compaction_begin,3,0
82.037,compaction_end,3,42992647
82.047,compaction_begin,3,0
82.210,compaction_end,3,44930721
82.219,compaction_begin,3,0
82.376,compaction_end,3,43367081
82.385,compaction_begin,3,0
82.539,compaction_end,3,42992653
82.548,compaction_begin,3,0
82.701,compaction_end,3,43281143
82.710,compaction_begin,3,0
82.862,compaction_end,3,43367079
82.871,compaction_begin,3,0
83.022,compaction_end,3,43230497
83.031,compaction_begin,3,0
83.183,compaction_end,3,42992651
83.192,compaction_begin,3,0
83.342,compaction_end,3,42992653
83.351,compaction_begin,3,0
83.480,flush_begin,0,0
83.491,flush_end,0,2745007
83.521,compaction_end,3,42992648
83.530,compaction_begin,2,0
83.825,compaction_end,2,3129366
83.838,compaction_begin,3,0
84.036,compaction_end,3,42992652
84.045,compaction_begin,3,0
84.195,compaction_end,3,42992652
84.204,compaction_begin,3,0
84.356,compaction_end,3,42992653
84.365,compaction_begin,3,0
84.516,compaction_end,3,42992651
84.526,compaction_begin,3,0
84.679,compaction_end,3,43367078
84.688,compaction_begin,3,0
84.846,compaction_end,3,42992654
84.854,compaction_begin,3,0
85.006,compaction_end,3,42992653
85.015,compaction_begin,3,0
85.170,compaction_end,3,43367079
85.179,compaction_begin,3,0
85.332,compaction_end,3,43367081
85.341,compaction_begin,3,0
85.492,compaction_end,3,43367081
85.501,compaction_begin,3,0
85.654,compaction_end,3,43367079
85.663,compaction_begin,3,0
85.814,compaction_end,3,43367078
85.823,compaction_begin,3,0
85.974,compaction_end,3,42992648
85.983,compaction_begin,3,0
86.133,compaction_end,3,42992648
86.142,compaction_begin,3,0
86.296,compaction_end,3,43367080
86.305,compaction_begin,3,0
86.457,compaction_end,3,43367080
86.466,compaction_begin,3,0
86.615,compaction_end,3,42992651
86.624,compaction_begin,3,0
86.779,compaction_end,3,43367078
86.788,compaction_begin,3,0
86.940,compaction_end,3,43367078
86.949,compaction_begin,3,0
87.099,compaction_end,3,42992650
87.108,compaction_begin,3,0
87.259,compaction_end,3,43367082
87.268,compaction_begin,3,0
87.422,compaction_end,3,43367082
87.431,compaction_begin,3,0
87.587,compaction_end,3,42992653
87.596,compaction_begin,3,0
87.751,compaction_end,3,42992654
87.760,compaction_begin,3,0
87.919,compaction_end,3,43281144
87.928,compaction_begin,3,0
88.080,compaction_end,3,42992650
88.089,compaction_begin,3,0
88.203,compaction_end,3,32415986
88.212,compaction_begin,3,0
88.372,compaction_end,3,44556331
88.381,compaction_begin,3,0
88.536,compaction_end,3,43281143
88.545,compaction_begin,3,0
88.698,compaction_end,3,43367081
88.707,compaction_begin,3,0
88.861,compaction_end,3,42992650
88.870,compaction_begin,3,0
88.948,flush_begin,0,0
88.959,flush_end,0,2744674
89.040,compaction_end,3,41955151
89.050,compaction_begin,2,0
89.346,compaction_end,2,3165197
89.361,compaction_begin,3,0
89.555,compaction_end,3,42992652
89.564,compaction_begin,3,0
89.714,compaction_end,3,42992651
89.723,compaction_begin,3,0
89.877,compaction_end,3,42992653
89.887,compaction_begin,3,0
90.039,compaction_end,3,42992652
90.048,compaction_begin,3,0
90.200,compaction_end,3,43367078
90.209,compaction_begin,3,0
90.359,compaction_end,3,43281143
90.368,compaction_begin,3,0
90.522,compaction_end,3,43367081
90.531,compaction_begin,3,0
90.683,compaction_end,3,43367079
90.692,compaction_begin,3,0
90.843,compaction_end,3,42992654
90.852,compaction_begin,3,0
91.002,compaction_end,3,42992648
91.011,compaction_begin,3,0
91.163,compaction_end,3,43367079
91.172,compaction_begin,3,0
91.325,compaction_end,3,43281144
91.334,compaction_begin,3,0
91.490,compaction_end,3,42992648
91.499,compaction_begin,3,0
91.655,compaction_end,3,43367081
91.664,compaction_begin,3,0
91.817,compaction_end,3,43367082
91.826,compaction_begin,3,0
91.981,compaction_end,3,43230497
91.990,compaction_begin,3,0
92.145,compaction_end,3,43367078
92.154,compaction_begin,3,0
92.304,compaction_end,3,42243696
92.313,compaction_begin,3,0
92.464,compaction_end,3,42992648
92.473,compaction_begin,3,0
92.628,compaction_end,3,43367081
92.637,compaction_begin,3,0
92.788,compaction_end,3,42992650
92.797,compaction_begin,3,0
92.947,compaction_end,3,41955151
92.956,compaction_begin,3,0
93.108,compaction_end,3,42992653
93.117,compaction_begin,3,0
93.268,compaction_end,3,42754754
93.278,compaction_begin,3,0
93.431,compaction_end,3,43367078
93.440,compaction_begin,3,0
93.595,compaction_end,3,43367080
93.604,compaction_begin,3,0
93.755,compaction_end,3,42992653
93.763,compaction_begin,3,0
93.915,compaction_end,3,43367081
93.925,compaction_begin,3,0
94.078,compaction_end,3,42906743
94.087,compaction_begin,3,0
94.238,compaction_end,3,42992650
94.247,compaction_begin,3,0
94.369,flush_begin,0,0
94.379,flush_end,0,2744521
94.419,compaction_end,3,43367078
94.428,compaction_begin,2,0
94.722,compaction_end,2,3244872
94.736,compaction_begin,3,0
94.925,compaction_end,3,42992652
94.934,compaction_begin,3,0
95.084,compaction_end,3,42992651
95.094,compaction_begin,3,0
95.246,compaction_end,3,42992652
95.255,compaction_begin,3,0
95.408,compaction_end,3,42992653
95.417,compaction_begin,3,0
95.571,compaction_end,3,43367078
95.581,compaction_begin,3,0
95.737,compaction_end,3,43367078
95.746,compaction_begin,3,0
95.900,compaction_end,3,43367078
95.909,compaction_begin,3,0
96.065,compaction_end,3,43367083
96.074,compaction_begin,3,0
96.231,compaction_end,3,43367080
96.240,compaction_begin,3,0
96.395,compaction_end,3,43367082
96.404,compaction_begin,3,0
96.555,compaction_end,3,42992648
96.564,compaction_begin,3,0
96.717,compaction_end,3,43367078
96.726,compaction_begin,3,0
96.880,compaction_end,3,42992654
96.889,compaction_begin,3,0
97.038,compaction_end,3,42992653
97.047,compaction_begin,3,0
97.199,compaction_end,3,43367081
97.208,compaction_begin,3,0
97.361,compaction_end,3,43367078
97.370,compaction_begin,3,0
97.523,compaction_end,3,43281143
97.532,compaction_begin,3,0
97.684,compaction_end,3,42992651
97.693,compaction_begin,3,0
97.844,compaction_end,3,43367080
97.853,compaction_begin,3,0
98.007,compaction_end,3,42906743
98.016,compaction_begin,3,0
98.169,compaction_end,3,43367083
98.178,compaction_begin,3,0
98.331,compaction_end,3,43367079
98.340,compaction_begin,3,0
98.493,compaction_end,3,43367081
98.502,compaction_begin,3,0
98.657,compaction_end,3,42992650
98.667,compaction_begin,3,0
98.825,compaction_end,3,43367081
98.834,compaction_begin,3,0
98.992,compaction_end,3,43367082
99.001,compaction_begin,3,0
99.153,compaction_end,3,42992648
99.161,compaction_begin,3,0
99.314,compaction_end,3,43367078
99.323,compaction_begin,3,0
99.475,compaction_end,3,42992649
99.485,compaction_begin,3,0
99.635,compaction_end,3,41955151
99.644,compaction_begin,3,0
99.799,compaction_end,3,43281144
99.809,compaction_begin,3,0
99.834,flush_begin,0,0
99.844,flush_end,0,2744189
99.978,compaction_end,3,42243696
99.987,compaction_begin,2,0
100.278,compaction_end,2,3230840
100.293,compaction_begin,3,0
100.483,compaction_end,3,42992652
100.492,compaction_begin,3,0
100.645,compaction_end,3,42992653
100.653,compaction_begin,3,0
100.803,compaction_end,3,42992652
100.813,compaction_begin,3,0
100.963,compaction_end,3,42992651
100.972,compaction_begin,3,0
101.125,compaction_end,3,43281143
101.134,compaction_begin,3,0
101.292,compaction_end,3,43367078
101.301,compaction_begin,3,0
101.455,compaction_end,3,43367080
101.464,compaction_begin,3,0
101.628,compaction_end,3,43367082
101.637,compaction_begin,3,0
101.791,compaction_end,3,42992648
101.800,compaction_begin,3,0
101.967,compaction_end,3,43367078
101.976,compaction_begin,3,0
102.131,compaction_end,3,42992650
102.140,compaction_begin,3,0
102.293,compaction_end,3,43367079
102.302,compaction_begin,3,0
102.458,compaction_end,3,43367081
102.467,compaction_begin,3,0
102.620,compaction_end,3,42992654
102.629,compaction_begin,3,0
102.782,compaction_end,3,42992648
102.791,compaction_begin,3,0
102.945,compaction_end,3,43367083
102.954,compaction_begin,3,0
103.108,compaction_end,3,43367078
103.117,compaction_begin,3,0
103.269,compaction_end,3,42754754
103.279,compaction_begin,3,0
103.432,compaction_end,3,42992653
103.441,compaction_begin,3,0
103.598,compaction_end,3,43367081
103.607,compaction_begin,3,0
103.762,compaction_end,3,43281144
103.771,compaction_begin,3,0
103.921,compaction_end,3,42992648
103.930,compaction_begin,3,0
104.079,compaction_end,3,43367078
104.089,compaction_begin,3,0
104.238,compaction_end,3,41955151
104.247,compaction_begin,3,0
104.399,compaction_end,3,43367080
104.408,compaction_begin,3,0
104.558,compaction_end,3,42992648
104.568,compaction_begin,3,0
104.719,compaction_end,3,43230497
104.728,compaction_begin,3,0
104.883,compaction_end,3,42992652
104.892,compaction_begin,3,0
105.043,compaction_end,3,42906743
105.052,compaction_begin,3,0
105.203,compaction_end,3,42992653
105.213,compaction_begin,3,0
105.304,flush_begin,0,0
105.315,flush_end,0,2744514
105.396,compaction_end,3,45917435
105.405,compaction_begin,2,0
105.701,compaction_end,2,3216357
105.718,compaction_begin,3,0
105.912,compaction_end,3,42992652
105.921,compaction_begin,3,0
106.070,compaction_end,3,42992652
106.080,compaction_begin,3,0
106.230,compaction_end,3,42992651
106.239,compaction_begin,3,0
106.392,compaction_end,3,42992653
106.401,compaction_begin,3,0
106.552,compaction_end,3,42754754
106.561,compaction_begin,3,0
106.716,compaction_end,3,43281143
106.725,compaction_begin,3,0
106.877,compaction_end,3,43367078
106.886,compaction_begin,3,0
107.036,compaction_end,3,43367080
107.045,compaction_begin,3,0
107.195,compaction_end,3,42992654
107.205,compaction_begin,3,0
107.320,compaction_end,3,32415986
107.329,compaction_begin,3,0
107.479,compaction_end,3,42992650
107.488,compaction_begin,3,0
107.640,compaction_end,3,43367082
107.650,compaction_begin,3,0
107.803,compaction_end,3,43367079
107.812,compaction_begin,3,0
107.966,compaction_end,3,43367083
107.975,compaction_begin,3,0
108.129,compaction_end,3,43281144
108.139,compaction_begin,3,0
108.294,compaction_end,3,42992648
108.303,compaction_begin,3,0
108.463,compaction_end,3,43367081
108.472,compaction_begin,3,0
108.624,compaction_end,3,42992653
108.634,compaction_begin,3,0
108.788,compaction_end,3,43367078
108.797,compaction_begin,3,0
108.948,compaction_end,3,43367078
108.957,compaction_begin,3,0
109.110,compaction_end,3,43367081
109.119,compaction_begin,3,0
109.272,compaction_end,3,43367080
109.281,compaction_begin,3,0
109.432,compaction_end,3,42992648
109.441,compaction_begin,3,0
109.593,compaction_end,3,43367078
109.602,compaction_begin,3,0
109.757,compaction_end,3,43367081
109.766,compaction_begin,3,0
109.921,compaction_end,3,43367081
109.930,compaction_begin,3,0
110.083,compaction_end,3,42992649
110.092,compaction_begin,3,0
110.245,compaction_end,3,43230497
110.254,compaction_begin,3,0
110.407,compaction_end,3,43367079
110.416,compaction_begin,3,0
110.567,compaction_end,3,43367083
110.576,compaction_begin,3,0
110.727,compaction_end,3,42992650
110.737,compaction_begin,3,0
110.788,flush_begin,0,0
110.798,flush_end,0,2744554
110.909,compaction_end,3,43367078
110.918,compaction_begin,2,0
111.206,compaction_end,2,3199946
111.220,compaction_begin,3,0
111.414,compaction_end,3,42992652
111.423,compaction_begin,3,0
111.572,compaction_end,3,42992651
111.581,compaction_begin,3,0
111.731,compaction_end,3,42992652
111.740,compaction_begin,3,0
111.894,compaction_end,3,43367078
111.903,compaction_begin,3,0
112.056,compaction_end,3,43367079
112.065,compaction_begin,3,0
112.219,compaction_end,3,42992654
112.227,compaction_begin,3,0
112.380,compaction_end,3,42992653
112.389,compaction_begin,3,0
112.541,compaction_end,3,43367083
112.550,compaction_begin,3,0
112.702,compaction_end,3,42992653
112.711,compaction_begin,3,0
112.865,compaction_end,3,43367078
112.874,compaction_begin,3,0
113.027,compaction_end,3,43367078
113.036,compaction_begin,3,0
113.189,compaction_end,3,43367079
113.198,compaction_begin,3,0
113.353,compaction_end,3,43367082
113.362,compaction_begin,3,0
113.512,compaction_end,3,42243696
113.521,compaction_begin,3,0
113.670,compaction_end,3,42992649
113.678,compaction_begin,3,0
113.830,compaction_end,3,43367081
113.839,compaction_begin,3,0
113.996,compaction_end,3,43367080
114.004,compaction_begin,3,0
114.153,compaction_end,3,42992650
114.163,compaction_begin,3,0
114.316,compaction_end,3,43281144
114.325,compaction_begin,3,0
114.476,compaction_end,3,43367078
114.485,compaction_begin,3,0
114.644,compaction_end,3,45168566
114.654,compaction_begin,3,0
114.807,compaction_end,3,43367080
114.816,compaction_begin,3,0
114.976,compaction_end,3,44181989
114.985,compaction_begin,3,0
115.140,compaction_end,3,42992650
115.149,compaction_begin,3,0
115.306,compaction_end,3,42992648
115.316,compaction_begin,3,0
115.467,compaction_end,3,42992649
115.476,compaction_begin,3,0
115.628,compaction_end,3,43367081
115.637,compaction_begin,3,0
115.788,compaction_end,3,42992650
115.798,compaction_begin,3,0
115.952,compaction_end,3,43367078
115.961,compaction_begin,3,0
116.114,compaction_end,3,42992649
116.123,compaction_begin,3,0
116.261,flush_begin,0,0
116.272,flush_end,0,2744684
116.296,compaction_end,3,43367082
116.305,compaction_begin,2,0
116.594,compaction_end,2,3169868
116.608,compaction_begin,3,0
116.798,compaction_end,3,42992652
116.808,compaction_begin,3,0
116.959,compaction_end,3,42992651
116.968,compaction_begin,3,0
117.117,compaction_end,3,42992652
117.126,compaction_begin,3,0
117.282,compaction_end,3,43367082
117.291,compaction_begin,3,0
117.444,compaction_end,3,42992654
117.453,compaction_begin,3,0
117.602,compaction_end,3,42992653
117.612,compaction_begin,3,0
117.764,compaction_end,3,42992653
117.773,compaction_begin,3,0
117.924,compaction_end,3,42754754
117.933,compaction_begin,3,0
118.083,compaction_end,3,42906743
118.092,compaction_begin,3,0
118.245,compaction_end,3,43367079
118.254,compaction_begin,3,0
118.406,compaction_end,3,43367079
118.415,compaction_begin,3,0
118.567,compaction_end,3,42992651
118.576,compaction_begin,3,0
118.727,compaction_end,3,42992653
118.737,compaction_begin,3,0
118.888,compaction_end,3,42992650
118.898,compaction_begin,3,0
119.051,compaction_end,3,43367078
119.060,compaction_begin,3,0
119.212,compaction_end,3,43367078
119.222,compaction_begin,3,0
119.376,compaction_end,3,42992648
119.385,compaction_begin,3,0
119.534,compaction_end,3,41955155
119.543,compaction_begin,3,0
119.694,compaction_end,3,42992650
119.703,compaction_begin,3,0
119.854,compaction_end,3,43230497
119.864,compaction_begin,3,0
120.020,compaction_end,3,43367078
120.029,compaction_begin,3,0
120.183,compaction_end,3,43367082
120.193,compaction_begin,3,0
120.346,compaction_end,3,43367080
120.354,compaction_begin,3,0
120.506,compaction_end,3,43367078
120.515,compaction_begin,3,0
120.666,compaction_end,3,43367081
120.676,compaction_begin,3,0
120.826,compaction_end,3,42992653
120.836,compaction_begin,3,0
120.987,compaction_end,3,42243698
120.996,compaction_begin,3,0
121.149,compaction_end,3,43367078
121.159,compaction_begin,3,0
121.312,compaction_end,3,43367078
121.321,compaction_begin,3,0
121.468,compaction_end,3,41955154
121.478,compaction_begin,3,0
121.630,compaction_end,3,42992648
121.639,compaction_begin,3,0
121.750,flush_begin,0,0
121.760,flush_end,0,2744856
121.809,compaction_end,3,42992648
121.818,compaction_begin,2,0
122.112,compaction_end,2,3153859
122.128,compaction_begin,3,0
122.325,compaction_end,3,42992652
122.334,compaction_begin,3,0
122.484,compaction_end,3,42992652
122.493,compaction_begin,3,0
122.646,compaction_end,3,42992653
122.655,compaction_begin,3,0
122.807,compaction_end,3,42992651
122.817,compaction_begin,3,0
122.971,compaction_end,3,43367078
122.980,compaction_begin,3,0
123.133,compaction_end,3,43281143
123.142,compaction_begin,3,0
123.296,compaction_end,3,43367079
123.305,compaction_begin,3,0
123.459,compaction_end,3,43367082
123.468,compaction_begin,3,0
123.623,compaction_end,3,43367078
123.632,compaction_begin,3,0
123.786,compaction_end,3,43367081
123.795,compaction_begin,3,0
123.949,compaction_end,3,43367078
123.957,compaction_begin,3,0
124.111,compaction_end,3,42992654
124.120,compaction_begin,3,0
124.271,compaction_end,3,43367080
124.280,compaction_begin,3,0
124.432,compaction_end,3,43367078
124.440,compaction_begin,3,0
124.589,compaction_end,3,42992650
124.598,compaction_begin,3,0
124.751,compaction_end,3,43367078
124.761,compaction_begin,3,0
124.917,compaction_end,3,43367080
124.926,compaction_begin,3,0
125.077,compaction_end,3,43367082
125.087,compaction_begin,3,0
125.236,compaction_end,3,41955155
125.245,compaction_begin,3,0
125.398,compaction_end,3,43230497
125.407,compaction_begin,3,0
125.555,compaction_end,3,42243695
125.565,compaction_begin,3,0
125.716,compaction_end,3,43281144
125.725,compaction_begin,3,0
125.875,compaction_end,3,42992651
125.885,compaction_begin,3,0
126.035,compaction_end,3,42992648
126.045,compaction_begin,3,0
126.201,compaction_end,3,43367081
126.210,compaction_begin,3,0
126.360,compaction_end,3,42992650
126.369,compaction_begin,3,0
126.523,compaction_end,3,43367078
126.533,compaction_begin,3,0
126.684,compaction_end,3,43367083
126.694,compaction_begin,3,0
126.844,compaction_end,3,42992649
126.854,compaction_begin,3,0
127.005,compaction_end,3,42992648
127.015,compaction_begin,3,0
127.166,compaction_end,3,42754754
127.174,compaction_begin,3,0
127.255,flush_begin,0,0
127.266,flush_end,0,2744897
127.345,compaction_end,3,43367078
127.355,compaction_begin,2,0
127.646,compaction_end,2,3150147
127.662,compaction_begin,3,0
127.852,compaction_end,3,42992652
127.862,compaction_begin,3,0
128.010,compaction_end,3,42992652
128.019,compaction_begin,3,0
128.168,compaction_end,3,42992651
128.178,compaction_begin,3,0
128.330,compaction_end,3,43367080
128.340,compaction_begin,3,0
128.494,compaction_end,3,42992654
128.502,compaction_begin,3,0
128.657,compaction_end,3,42992653
128.666,compaction_begin,3,0
128.821,compaction_end,3,43367081
128.830,compaction_begin,3,0
128.985,compaction_end,3,43367078
128.992,compaction_begin,3,0
129.148,compaction_end,3,42992648
129.158,compaction_begin,3,0
129.308,compaction_end,3,41955155
129.318,compaction_begin,3,0
129.469,compaction_end,3,43367078
129.478,compaction_begin,3,0
129.632,compaction_end,3,43367079
129.642,compaction_begin,3,0
129.795,compaction_end,3,42992649
129.805,compaction_begin,3,0
129.958,compaction_end,3,43367082
129.968,compaction_begin,3,0
130.120,compaction_end,3,43281144
130.130,compaction_begin,3,0
130.283,compaction_end,3,42992650
130.292,compaction_begin,3,0
130.448,compaction_end,3,43367078
130.458,compaction_begin,3,0
130.612,compaction_end,3,42906743
130.621,compaction_begin,3,0
130.775,compaction_end,3,43367078
130.785,compaction_begin,3,0
130.941,compaction_end,3,43367082
130.951,compaction_begin,3,0
131.102,compaction_end,3,43230497
131.112,compaction_begin,3,0
131.262,compaction_end,3,42992648
131.271,compaction_begin,3,0
131.421,compaction_end,3,42992648
131.430,compaction_begin,3,0
131.580,compaction_end,3,42992651
131.589,compaction_begin,3,0
131.742,compaction_end,3,43367079
131.752,compaction_begin,3,0
131.916,compaction_end,3,43367083
131.926,compaction_begin,3,0
132.078,compaction_end,3,42992648
132.088,compaction_begin,3,0
132.237,compaction_end,3,41955153
132.246,compaction_begin,3,0
132.396,compaction_end,3,42992650
132.405,compaction_begin,3,0
132.557,compaction_end,3,43367078
132.566,compaction_begin,3,0
132.717,compaction_end,3,42618171
132.726,flush_begin,0,0
132.735,flush_end,0,2744337
132.746,compaction_begin,2,0
133.060,compaction_end,2,3199799
133.078,compaction_begin,3,0
133.277,compaction_end,3,42992652
133.287,compaction_begin,3,0
133.436,compaction_end,3,42992651
133.446,compaction_begin,3,0
133.598,compaction_end,3,42992654
133.608,compaction_begin,3,0
133.758,compaction_end,3,42992652
133.767,compaction_begin,3,0
133.921,compaction_end,3,43367079
133.932,compaction_begin,3,0
134.086,compaction_end,3,43281144
134.095,compaction_begin,3,0
134.248,compaction_end,3,42992648
134.258,compaction_begin,3,0
134.405,compaction_end,3,41955155
134.415,compaction_begin,3,0
134.566,compaction_end,3,43367082
134.576,compaction_begin,3,0
134.728,compaction_end,3,43367081
134.738,compaction_begin,3,0
134.888,compaction_end,3,42992653
134.897,compaction_begin,3,0
135.050,compaction_end,3,43367078
135.060,compaction_begin,3,0
135.210,compaction_end,3,42992650
135.219,compaction_begin,3,0
135.371,compaction_end,3,42992650
135.381,compaction_begin,3,0
135.533,compaction_end,3,43281143
135.543,compaction_begin,3,0
135.697,compaction_end,3,43367078
135.707,compaction_begin,3,0
135.861,compaction_end,3,43367080
135.869,compaction_begin,3,0
136.027,compaction_end,3,43367082
136.036,compaction_begin,3,0
136.189,compaction_end,3,42992648
136.198,compaction_begin,3,0
136.348,compaction_end,3,42992654
136.358,compaction_begin,3,0
136.509,compaction_end,3,42992648
136.518,compaction_begin,3,0
136.618,compaction_end,3,28079277
136.628,compaction_begin,3,0
136.786,compaction_end,3,43893494
136.796,compaction_begin,3,0
136.946,compaction_end,3,42992650
136.956,compaction_begin,3,0
137.108,compaction_end,3,43367081
137.118,compaction_begin,3,0
137.267,compaction_end,3,42243695
137.277,compaction_begin,3,0
137.435,compaction_end,3,43807604
137.444,compaction_begin,3,0
137.598,compaction_end,3,42992653
137.606,compaction_begin,3,0
137.757,compaction_end,3,43367078
137.767,compaction_begin,3,0
137.923,compaction_end,3,43367081
137.933,compaction_begin,3,0
138.085,compaction_end,3,42992649
138.094,compaction_begin,3,0
138.172,flush_begin,0,0
138.182,flush_end,0,2744806
138.265,compaction_end,3,42992650
138.274,compaction_begin,2,0
138.562,compaction_end,2,3179442
138.580,compaction_begin,3,0
138.773,compaction_end,3,42992647
138.783,compaction_begin,3,0
138.932,compaction_end,3,42992649
138.943,compaction_begin,3,0
139.097,compaction_end,3,42992651
139.107,compaction_begin,3,0
139.261,compaction_end,3,42992650
139.271,compaction_begin,3,0
139.427,compaction_end,3,43367079
139.437,compaction_begin,3,0
139.589,compaction_end,3,42992647
139.599,compaction_begin,3,0
139.754,compaction_end,3,43367078
139.762,compaction_begin,3,0
139.916,compaction_end,3,43230498
139.927,compaction_begin,3,0
140.076,compaction_end,3,42754755
140.085,compaction_begin,3,0
140.237,compaction_end,3,42992653
140.248,compaction_begin,3,0
140.399,compaction_end,3,43367080
140.408,compaction_begin,3,0
140.562,compaction_end,3,42992650
140.572,compaction_begin,3,0
140.724,compaction_end,3,43367080
140.733,compaction_begin,3,0
140.885,compaction_end,3,43281145
140.894,compaction_begin,3,0
141.040,compaction_end,3,41955155
141.050,compaction_begin,3,0
141.201,compaction_end,3,43367084
141.211,compaction_begin,3,0
141.362,compaction_end,3,43367082
141.372,compaction_begin,3,0
141.526,compaction_end,3,43367080
141.536,compaction_begin,3,0
141.688,compaction_end,3,43367083
141.697,compaction_begin,3,0
141.849,compaction_end,3,43367079
141.859,compaction_begin,3,0
142.013,compaction_end,3,43367081
142.024,compaction_begin,3,0
142.173,compaction_end,3,43367081
142.183,compaction_begin,3,0
142.335,compaction_end,3,43367078
142.345,compaction_begin,3,0
142.498,compaction_end,3,43367079
142.507,compaction_begin,3,0
142.660,compaction_end,3,42992648
142.669,compaction_begin,3,0
142.829,compaction_end,3,42754756
142.838,compaction_begin,3,0
142.994,compaction_end,3,43367084
143.004,compaction_begin,3,0
143.156,compaction_end,3,42992654
143.165,compaction_begin,3,0
143.317,compaction_end,3,42992648
143.326,compaction_begin,3,0
143.478,compaction_end,3,42243699
143.487,compaction_begin,3,0
143.605,flush_begin,0,0
143.614,flush_end,0,2744621
143.663,compaction_end,3,42992649
143.673,compaction_begin,2,0
143.966,compaction_end,2,3154057
143.979,compaction_begin,3,0
144.171,compaction_end,3,42992652
144.180,compaction_begin,3,0
144.332,compaction_end,3,42992650
144.342,compaction_begin,3,0
144.493,compaction_end,3,42992651
144.503,compaction_begin,3,0
144.656,compaction_end,3,42754759
144.666,compaction_begin,3,0
144.820,compaction_end,3,42992651
144.830,compaction_begin,3,0
144.983,compaction_end,3,43367081
144.992,compaction_begin,3,0
145.144,compaction_end,3,43367078
145.153,compaction_begin,3,0
145.304,compaction_end,3,43367081
145.313,compaction_begin,3,0
145.464,compaction_end,3,43281144
145.473,compaction_begin,3,0
145.626,compaction_end,3,42992649
145.635,compaction_begin,3,0
145.787,compaction_end,3,43367078
145.796,compaction_begin,3,0
145.949,compaction_end,3,42754759
145.958,compaction_begin,3,0
146.109,compaction_end,3,42992648
146.118,compaction_begin,3,0
146.271,compaction_end,3,43367082
146.281,compaction_begin,3,0
146.434,compaction_end,3,43230496
146.443,compaction_begin,3,0
146.597,compaction_end,3,42992652
146.606,compaction_begin,3,0
146.758,compaction_end,3,42906743
146.768,compaction_begin,3,0
146.922,compaction_end,3,43367080
146.931,compaction_begin,3,0
147.083,compaction_end,3,42618171
147.092,compaction_begin,3,0
147.245,compaction_end,3,42618170
147.254,compaction_begin,3,0
147.409,compaction_end,3,43433215
147.419,compaction_begin,3,0
147.569,compaction_end,3,41955153
147.579,compaction_begin,3,0
147.729,compaction_end,3,43367082
147.738,compaction_begin,3,0
147.889,compaction_end,3,42992651
147.898,compaction_begin,3,0
148.051,compaction_end,3,43367078
148.060,compaction_begin,3,0
148.215,compaction_end,3,43367078
148.224,compaction_begin,3,0
148.377,compaction_end,3,43367078
148.386,compaction_begin,3,0
148.543,compaction_end,3,43367080
148.552,compaction_begin,3,0
148.706,compaction_end,3,43367078
148.715,compaction_begin,3,0
148.869,compaction_end,3,42618170
148.878,compaction_begin,3,0
149.029,compaction_end,3,43367079
149.038,compaction_begin,3,0
149.084,flush_begin,0,0
149.093,flush_end,0,2744842
149.174,compaction_end,3,32415986
149.184,compaction_begin,2,0
149.483,compaction_end,2,3114499
149.500,compaction_begin,3,0
149.705,compaction_end,3,42992652
149.715,compaction_begin,3,0
149.864,compaction_end,3,42992650
149.873,compaction_begin,3,0
150.022,compaction_end,3,42992651
150.031,compaction_begin,3,0
150.186,compaction_end,3,43367082
150.195,compaction_begin,3,0
150.344,compaction_end,3,42992651
150.354,compaction_begin,3,0
150.509,compaction_end,3,43367078
150.518,compaction_begin,3,0
150.672,compaction_end,3,43367082
150.681,compaction_begin,3,0
150.833,compaction_end,3,42992653
150.843,compaction_begin,3,0
150.993,compaction_end,3,41955153
151.002,compaction_begin,3,0
151.155,compaction_end,3,42992651
151.165,compaction_begin,3,0
151.316,compaction_end,3,42992652
151.325,compaction_begin,3,0
151.479,compaction_end,3,43367079
151.488,compaction_begin,3,0
151.641,compaction_end,3,43367079
151.650,compaction_begin,3,0
151.804,compaction_end,3,43367078
151.813,compaction_begin,3,0
151.963,compaction_end,3,42754759
151.972,compaction_begin,3,0
152.124,compaction_end,3,43367080
152.133,compaction_begin,3,0
152.283,compaction_end,3,42992648
152.293,compaction_begin,3,0
152.445,compaction_end,3,43367081
152.454,compaction_begin,3,0
152.607,compaction_end,3,43367080
152.616,compaction_begin,3,0
152.768,compaction_end,3,43367082
152.777,compaction_begin,3,0
152.929,compaction_end,3,43367078
152.938,compaction_begin,3,0
153.091,compaction_end,3,43367078
153.101,compaction_begin,3,0
153.255,compaction_end,3,43367079
153.264,compaction_begin,3,0
153.419,compaction_end,3,43367081
153.427,compaction_begin,3,0
153.581,compaction_end,3,43367080
153.590,compaction_begin,3,0
153.742,compaction_end,3,43281144
153.751,compaction_begin,3,0
153.905,compaction_end,3,43367080
153.914,compaction_begin,3,0
154.064,compaction_end,3,42992648
154.074,compaction_begin,3,0
154.230,compaction_end,3,43367083
154.239,compaction_begin,3,0
154.399,compaction_end,3,44794178
154.409,compaction_begin,3,0
154.537,flush_begin,0,0
154.546,flush_end,0,2744765
154.582,compaction_end,3,43367081
154.591,compaction_begin,2,0
154.880,compaction_end,2,3096000
154.894,compaction_begin,3,0
155.083,compaction_end,3,42992652
155.092,compaction_begin,3,0
155.243,compaction_end,3,42992651
155.252,compaction_begin,3,0
155.403,compaction_end,3,42992650
155.412,compaction_begin,3,0
155.564,compaction_end,3,42754759
155.573,compaction_begin,3,0
155.725,compaction_end,3,42992651
155.734,compaction_begin,3,0
155.885,compaction_end,3,43367080
155.893,compaction_begin,3,0
156.046,compaction_end,3,43367081
156.056,compaction_begin,3,0
156.212,compaction_end,3,43367080
156.221,compaction_begin,3,0
156.373,compaction_end,3,41955151
156.382,compaction_begin,3,0
156.544,compaction_end,3,43367083
156.553,compaction_begin,3,0
156.706,compaction_end,3,43367081
156.715,compaction_begin,3,0
156.868,compaction_end,3,43367079
156.877,compaction_begin,3,0
157.030,compaction_end,3,43367079
157.039,compaction_begin,3,0
157.190,compaction_end,3,43367079
157.199,compaction_begin,3,0
157.350,compaction_end,3,43367078
157.360,compaction_begin,3,0
157.510,compaction_end,3,42992648
157.519,compaction_begin,3,0
157.672,compaction_end,3,42754759
157.681,compaction_begin,3,0
157.833,compaction_end,3,42992650
157.842,compaction_begin,3,0
157.995,compaction_end,3,42992653
158.003,compaction_begin,3,0
158.154,compaction_end,3,43367082
158.163,compaction_begin,3,0
158.317,compaction_end,3,43367080
158.326,compaction_begin,3,0
158.479,compaction_end,3,43367080
158.488,compaction_begin,3,0
158.640,compaction_end,3,42992653
158.649,compaction_begin,3,0
158.800,compaction_end,3,43367081
158.809,compaction_begin,3,0
158.960,compaction_end,3,43367078
158.969,compaction_begin,3,0
159.121,compaction_end,3,42992650
159.130,compaction_begin,3,0
159.282,compaction_end,3,43367080
159.292,compaction_begin,3,0
159.445,compaction_end,3,42992648
159.454,compaction_begin,3,0
159.606,compaction_end,3,43230496
159.615,compaction_begin,3,0
159.768,compaction_end,3,42618171
159.777,compaction_begin,3,0
159.933,compaction_end,3,43367081
159.942,compaction_begin,3,0
160.006,flush_begin,0,0
160.015,flush_end,0,2744615
160.115,compaction_end,3,43367078
160.124,compaction_begin,2,0
160.424,compaction_end,2,3157740
160.442,compaction_begin,3,0
160.637,compaction_end,3,42992652
160.647,compaction_begin,3,0
160.799,compaction_end,3,42992650
160.808,compaction_begin,3,0
160.960,compaction_end,3,42992651
160.968,compaction_begin,3,0
161.122,compaction_end,3,43367078
161.132,compaction_begin,3,0
161.281,compaction_end,3,42754759
161.290,compaction_begin,3,0
161.447,compaction_end,3,43367082
161.456,compaction_begin,3,0
161.604,compaction_end,3,41955153
161.613,compaction_begin,3,0
161.767,compaction_end,3,43367078
161.777,compaction_begin,3,0
161.938,compaction_end,3,43367080
161.947,compaction_begin,3,0
162.099,compaction_end,3,42992650
162.108,compaction_begin,3,0
162.262,compaction_end,3,43367082
162.271,compaction_begin,3,0
162.424,compaction_end,3,42992651
162.433,compaction_begin,3,0
162.586,compaction_end,3,43367080
162.595,compaction_begin,3,0
162.749,compaction_end,3,42992649
162.758,compaction_begin,3,0
162.912,compaction_end,3,43367080
162.921,compaction_begin,3,0
163.074,compaction_end,3,42992648
163.083,compaction_begin,3,0
163.239,compaction_end,3,43367081
163.249,compaction_begin,3,0
163.410,compaction_end,3,43367081
163.419,compaction_begin,3,0
163.572,compaction_end,3,42754759
163.581,compaction_begin,3,0
163.734,compaction_end,3,43367078
163.743,compaction_begin,3,0
163.860,compaction_end,3,32415986
163.870,compaction_begin,3,0
164.024,compaction_end,3,43367081
164.033,compaction_begin,3,0
164.185,compaction_end,3,42992648
164.193,compaction_begin,3,0
164.346,compaction_end,3,43367080
164.355,compaction_begin,3,0
164.509,compaction_end,3,43367081
164.518,compaction_begin,3,0
164.671,compaction_end,3,43367080
164.680,compaction_begin,3,0
164.837,compaction_end,3,43367082
164.846,compaction_begin,3,0
164.999,compaction_end,3,43367083
165.008,compaction_begin,3,0
165.165,compaction_end,3,43367081
165.174,compaction_begin,3,0
165.329,compaction_end,3,43367078
165.338,compaction_begin,3,0
165.469,flush_begin,0,0
165.480,flush_end,0,2744231
165.511,compaction_end,3,43367078
165.520,compaction_begin,2,0
165.805,compaction_end,2,3175327
165.819,compaction_begin,3,0
166.010,compaction_end,3,42992652
166.019,compaction_begin,3,0
166.169,compaction_end,3,42992651
166.178,compaction_begin,3,0
166.329,compaction_end,3,42992650
166.338,compaction_begin,3,0
166.492,compaction_end,3,43367080
166.501,compaction_begin,3,0
166.651,compaction_end,3,42992651
166.660,compaction_begin,3,0
166.817,compaction_end,3,43367081
166.826,compaction_begin,3,0
166.979,compaction_end,3,43367081
166.988,compaction_begin,3,0
167.140,compaction_end,3,43367079
167.149,compaction_begin,3,0
167.301,compaction_end,3,43367079
167.310,compaction_begin,3,0
167.464,compaction_end,3,43367082
167.473,compaction_begin,3,0
167.627,compaction_end,3,42992649
167.636,compaction_begin,3,0
167.790,compaction_end,3,43367081
167.799,compaction_begin,3,0
167.956,compaction_end,3,42992648
167.966,compaction_begin,3,0
168.118,compaction_end,3,42992648
168.127,compaction_begin,3,0
168.280,compaction_end,3,42906743
168.289,compaction_begin,3,0
168.441,compaction_end,3,43367078
168.450,compaction_begin,3,0
168.602,compaction_end,3,42754759
168.610,compaction_begin,3,0
168.763,compaction_end,3,43367078
168.772,compaction_begin,3,0
168.923,compaction_end,3,42992650
168.932,compaction_begin,3,0
169.085,compaction_end,3,42992650
169.095,compaction_begin,3,0
169.250,compaction_end,3,43367082
169.259,compaction_begin,3,0
169.410,compaction_end,3,43367080
169.419,compaction_begin,3,0
169.572,compaction_end,3,43367081
169.581,compaction_begin,3,0
169.732,compaction_end,3,41955149
169.741,compaction_begin,3,0
169.897,compaction_end,3,43367078
169.906,compaction_begin,3,0
170.059,compaction_end,3,42754759
170.067,compaction_begin,3,0
170.222,compaction_end,3,43367080
170.231,compaction_begin,3,0
170.388,compaction_end,3,42618170
170.397,compaction_begin,3,0
170.550,compaction_end,3,43367084
170.558,compaction_begin,3,0
170.715,compaction_end,3,43367079
170.725,compaction_begin,3,0
170.880,compaction_end,3,43367079
170.889,compaction_begin,3,0
170.984,flush_begin,0,0
170.994,flush_end,0,2744435
171.060,compaction_end,3,43281144
171.069,compaction_begin,2,0
171.362,compaction_end,2,3160478
171.375,compaction_begin,3,0
171.568,compaction_end,3,42992652
171.577,compaction_begin,3,0
171.729,compaction_end,3,42992651
171.738,compaction_begin,3,0
171.888,compaction_end,3,42992650
171.898,compaction_begin,3,0
172.051,compaction_end,3,42992651
172.061,compaction_begin,3,0
172.215,compaction_end,3,43367079
172.224,compaction_begin,3,0
172.378,compaction_end,3,43367081
172.387,compaction_begin,3,0
172.538,compaction_end,3,42992648
172.547,compaction_begin,3,0
172.698,compaction_end,3,42754759
172.707,compaction_begin,3,0
172.858,compaction_end,3,43367078
172.867,compaction_begin,3,0
173.019,compaction_end,3,43367079
173.028,compaction_begin,3,0
173.180,compaction_end,3,43281144
173.189,compaction_begin,3,0
173.343,compaction_end,3,43367083
173.352,compaction_begin,3,0
173.505,compaction_end,3,43367078
173.514,compaction_begin,3,0
173.666,compaction_end,3,42618170
173.675,compaction_begin,3,0
173.826,compaction_end,3,43367080
173.835,compaction_begin,3,0
173.989,compaction_end,3,43367081
173.998,compaction_begin,3,0
174.152,compaction_end,3,43367078
174.160,compaction_begin,3,0
174.314,compaction_end,3,43367078
174.323,compaction_begin,3,0
174.477,compaction_end,3,42906743
174.487,compaction_begin,3,0
174.640,compaction_end,3,42992648
174.649,compaction_begin,3,0
174.802,compaction_end,3,43367082
174.811,compaction_begin,3,0
174.965,compaction_end,3,43367080
174.974,compaction_begin,3,0
175.124,compaction_end,3,42992648
175.133,compaction_begin,3,0
175.287,compaction_end,3,43367080
175.296,compaction_begin,3,0
175.449,compaction_end,3,43367080
175.458,compaction_begin,3,0
175.615,compaction_end,3,43281143
175.624,compaction_begin,3,0
175.772,compaction_end,3,41955151
175.781,compaction_begin,3,0
175.933,compaction_end,3,43367080
175.941,compaction_begin,3,0
176.100,compaction_end,3,43519108
176.109,compaction_begin,3,0
176.262,compaction_end,3,42992650
176.271,compaction_begin,3,0
176.424,compaction_end,3,43367082
176.433,compaction_begin,3,0
176.483,flush_begin,0,0
176.493,flush_end,0,2744882
176.606,compaction_end,3,42992653
176.615,compaction_begin,2,0
176.928,compaction_end,2,3174047
176.947,compaction_begin,3,0
177.151,compaction_end,3,42992652
177.160,compaction_begin,3,0
177.310,compaction_end,3,42992650
177.319,compaction_begin,3,0
177.469,compaction_end,3,42992651
177.478,compaction_begin,3,0
177.632,compaction_end,3,43367078
177.641,compaction_begin,3,0
177.792,compaction_end,3,43367081
177.801,compaction_begin,3,0
177.954,compaction_end,3,42992651
177.963,compaction_begin,3,0
178.118,compaction_end,3,42754759
178.127,compaction_begin,3,0
178.278,compaction_end,3,43367080
178.287,compaction_begin,3,0
178.437,compaction_end,3,41955157
178.446,compaction_begin,3,0
178.599,compaction_end,3,43281144
178.608,compaction_begin,3,0
178.760,compaction_end,3,43367078
178.769,compaction_begin,3,0
178.923,compaction_end,3,43367080
178.932,compaction_begin,3,0
179.083,compaction_end,3,43367083
179.092,compaction_begin,3,0
179.245,compaction_end,3,43367081
179.253,compaction_begin,3,0
179.405,compaction_end,3,42992648
179.415,compaction_begin,3,0
179.566,compaction_end,3,43367081
179.575,compaction_begin,3,0
179.728,compaction_end,3,42992649
179.737,compaction_begin,3,0
179.891,compaction_end,3,43367080
179.900,compaction_begin,3,0
180.055,compaction_end,3,43367082
180.064,compaction_begin,3,0
180.216,compaction_end,3,42992653
180.225,compaction_begin,3,0
180.375,compaction_end,3,42243695
180.384,compaction_begin,3,0
180.532,compaction_end,3,41955151
180.541,compaction_begin,3,0
180.694,compaction_end,3,42906743
180.703,compaction_begin,3,0
180.856,compaction_end,3,43367079
180.865,compaction_begin,3,0
181.019,compaction_end,3,43367078
181.028,compaction_begin,3,0
181.181,compaction_end,3,43367081
181.190,compaction_begin,3,0
181.345,compaction_end,3,43367078
181.354,compaction_begin,3,0
181.510,compaction_end,3,43281143
181.519,compaction_begin,3,0
181.671,compaction_end,3,43367080
181.680,compaction_begin,3,0
181.831,compaction_end,3,42754759
181.840,compaction_begin,3,0
181.985,flush_begin,0,0
181.995,flush_end,0,2744851
182.011,compaction_end,3,43367079
182.020,compaction_begin,2,0
182.307,compaction_end,2,3233382
182.321,compaction_begin,3,0
182.510,compaction_end,3,42992650
182.519,compaction_begin,3,0
182.669,compaction_end,3,42992652
182.678,compaction_begin,3,0
182.831,compaction_end,3,42992651
182.840,compaction_begin,3,0
182.998,compaction_end,3,43367078
183.007,compaction_begin,3,0
183.158,compaction_end,3,43367079
183.167,compaction_begin,3,0
183.321,compaction_end,3,42992651
183.330,compaction_begin,3,0
183.481,compaction_end,3,43367082
183.490,compaction_begin,3,0
183.645,compaction_end,3,42754759
183.654,compaction_begin,3,0
183.810,compaction_end,3,43367080
183.818,compaction_begin,3,0
183.903,compaction_end,3,23742569
183.912,compaction_begin,3,0
184.072,compaction_end,3,42992653
184.081,compaction_begin,3,0
184.234,compaction_end,3,43367082
184.243,compaction_begin,3,0
184.395,compaction_end,3,42992648
184.404,compaction_begin,3,0
184.557,compaction_end,3,43367078
184.566,compaction_begin,3,0
184.719,compaction_end,3,43367078
184.728,compaction_begin,3,0
184.884,compaction_end,3,43367081
184.893,compaction_begin,3,0
185.042,compaction_end,3,41955153
185.051,compaction_begin,3,0
185.204,compaction_end,3,42906743
185.212,compaction_begin,3,0
185.363,compaction_end,3,42618170
185.373,compaction_begin,3,0
185.530,compaction_end,3,42992652
185.540,compaction_begin,3,0
185.700,compaction_end,3,42992653
185.709,compaction_begin,3,0
185.865,compaction_end,3,43367079
185.874,compaction_begin,3,0
186.030,compaction_end,3,43367078
186.039,compaction_begin,3,0
186.197,compaction_end,3,43367082
186.206,compaction_begin,3,0
186.363,compaction_end,3,43367080
186.372,compaction_begin,3,0
186.523,compaction_end,3,42992650
186.532,compaction_begin,3,0
186.685,compaction_end,3,43367079
186.694,compaction_begin,3,0
186.847,compaction_end,3,42992648
186.856,compaction_begin,3,0
187.011,compaction_end,3,43367081
187.020,compaction_begin,3,0
187.176,compaction_end,3,43367078
187.185,compaction_begin,3,0
187.339,compaction_end,3,43367081
187.348,compaction_begin,3,0
187.483,flush_begin,0,0
187.494,flush_end,0,2744729
187.524,compaction_end,3,43058651
187.533,compaction_begin,2,0
187.828,compaction_end,2,3188617
187.844,compaction_begin,3,0
188.040,compaction_end,3,42992652
188.049,compaction_begin,3,0
188.199,compaction_end,3,42992650
188.207,compaction_begin,3,0
188.357,compaction_end,3,42992651
188.366,compaction_begin,3,0
188.519,compaction_end,3,43367080
188.529,compaction_begin,3,0
188.683,compaction_end,3,43367082
188.691,compaction_begin,3,0
188.846,compaction_end,3,42906743
188.856,compaction_begin,3,0
189.008,compaction_end,3,43367078
189.017,compaction_begin,3,0
189.170,compaction_end,3,43367082
189.179,compaction_begin,3,0
189.333,compaction_end,3,43367080
189.342,compaction_begin,3,0
189.493,compaction_end,3,42754759
189.502,compaction_begin,3,0
189.655,compaction_end,3,43367078
189.664,compaction_begin,3,0
189.817,compaction_end,3,43367081
189.826,compaction_begin,3,0
189.981,compaction_end,3,43367078
189.990,compaction_begin,3,0
190.145,compaction_end,3,43367080
190.154,compaction_begin,3,0
190.306,compaction_end,3,42992649
190.316,compaction_begin,3,0
190.469,compaction_end,3,42992648
190.478,compaction_begin,3,0
190.633,compaction_end,3,43367079
190.642,compaction_begin,3,0
190.797,compaction_end,3,42992651
190.806,compaction_begin,3,0
190.965,compaction_end,3,42618170
190.974,compaction_begin,3,0
191.126,compaction_end,3,43367081
191.135,compaction_begin,3,0
191.285,compaction_end,3,42618170
191.294,compaction_begin,3,0
191.447,compaction_end,3,43367080
191.456,compaction_begin,3,0
191.607,compaction_end,3,42992652
191.616,compaction_begin,3,0
191.770,compaction_end,3,42992648
191.779,compaction_begin,3,0
191.943,compaction_end,3,43367078
191.952,compaction_begin,3,0
192.105,compaction_end,3,43367081
192.114,compaction_begin,3,0
192.268,compaction_end,3,43367083
192.277,compaction_begin,3,0
192.430,compaction_end,3,43367078
192.440,compaction_begin,3,0
192.592,compaction_end,3,43367079
192.601,compaction_begin,3,0
192.757,compaction_end,3,43367082
192.766,compaction_begin,3,0
192.890,flush_begin,0,0
192.900,flush_end,0,2744474
192.939,compaction_end,3,42992649
192.948,compaction_begin,2,0
193.238,compaction_end,2,3190894
193.253,compaction_begin,3,0
193.438,compaction_end,3,42992652
193.447,compaction_begin,3,0
193.596,compaction_end,3,42992651
193.605,compaction_begin,3,0
193.756,compaction_end,3,42992651
193.765,compaction_begin,3,0
193.916,compaction_end,3,42992650
193.925,compaction_begin,3,0
194.080,compaction_end,3,43367078
194.089,compaction_begin,3,0
194.243,compaction_end,3,43367081
194.252,compaction_begin,3,0
194.406,compaction_end,3,43367082
194.415,compaction_begin,3,0
194.568,compaction_end,3,42992648
194.577,compaction_begin,3,0
194.732,compaction_end,3,43367079
194.741,compaction_begin,3,0
194.896,compaction_end,3,42754759
194.905,compaction_begin,3,0
195.058,compaction_end,3,43367082
195.067,compaction_begin,3,0
195.219,compaction_end,3,42992648
195.228,compaction_begin,3,0
195.380,compaction_end,3,43367081
195.389,compaction_begin,3,0
195.541,compaction_end,3,43281143
195.550,compaction_begin,3,0
195.702,compaction_end,3,43367078
195.711,compaction_begin,3,0
195.863,compaction_end,3,42992650
195.872,compaction_begin,3,0
196.026,compaction_end,3,43367081
196.034,compaction_begin,3,0
196.188,compaction_end,3,43367078
196.198,compaction_begin,3,0
196.350,compaction_end,3,43230496
196.359,compaction_begin,3,0
196.511,compaction_end,3,43367078
196.520,compaction_begin,3,0
196.672,compaction_end,3,42992652
196.681,compaction_begin,3,0
196.832,compaction_end,3,43367080
196.841,compaction_begin,3,0
196.994,compaction_end,3,43367078
197.004,compaction_begin,3,0
197.158,compaction_end,3,43367078
197.167,compaction_begin,3,0
197.320,compaction_end,3,42992648
197.329,compaction_begin,3,0
197.484,compaction_end,3,43367082
197.493,compaction_begin,3,0
197.649,compaction_end,3,42992652
197.659,compaction_begin,3,0
197.820,compaction_end,3,42618170
197.830,compaction_begin,3,0
197.980,compaction_end,3,42618170
197.989,compaction_begin,3,0
198.141,compaction_end,3,43367080
198.150,compaction_begin,3,0
198.300,compaction_end,3,41955151
198.309,compaction_begin,3,0
198.348,flush_begin,0,0
198.358,flush_end,0,2744511
198.480,compaction_end,3,42992649
198.489,compaction_begin,2,0
198.782,compaction_end,2,3214928
198.792,compaction_begin,3,0
198.942,compaction_end,3,42992652
198.951,compaction_begin,3,0
199.103,compaction_end,3,42992651
199.112,compaction_begin,3,0
199.264,compaction_end,3,42992650
199.273,compaction_begin,3,0
199.423,compaction_end,3,42992651
199.432,compaction_begin,3,0
199.585,compaction_end,3,43367078
199.594,compaction_begin,3,0
199.748,compaction_end,3,43367078
199.757,compaction_begin,3,0
199.908,compaction_end,3,42754759
199.917,compaction_begin,3,0
200.072,compaction_end,3,42992648
200.081,compaction_begin,3,0
200.235,compaction_end,3,43367078
200.244,compaction_begin,3,0
200.393,compaction_end,3,42618170
200.402,compaction_begin,3,0
200.553,compaction_end,3,42754759
200.562,compaction_begin,3,0
200.678,compaction_end,3,31004368
200.688,compaction_begin,3,0
200.841,compaction_end,3,43367081
200.850,compaction_begin,3,0
201.002,compaction_end,3,43367078
201.012,compaction_begin,3,0
201.168,compaction_end,3,42992648
201.177,compaction_begin,3,0
201.328,compaction_end,3,43367082
201.337,compaction_begin,3,0
201.491,compaction_end,3,43367080
201.500,compaction_begin,3,0
201.654,compaction_end,3,43367081
201.663,compaction_begin,3,0
201.817,compaction_end,3,43367082
201.826,compaction_begin,3,0
201.980,compaction_end,3,42992648
201.989,compaction_begin,3,0
202.142,compaction_end,3,43367079
202.151,compaction_begin,3,0
202.305,compaction_end,3,43367080
202.313,compaction_begin,3,0
202.465,compaction_end,3,43367078
202.474,compaction_begin,3,0
202.627,compaction_end,3,43367081
202.636,compaction_begin,3,0
202.787,compaction_end,3,42992651
202.796,compaction_begin,3,0
202.948,compaction_end,3,42992648
202.957,compaction_begin,3,0
203.108,compaction_end,3,42992653
203.118,compaction_begin,3,0
203.269,compaction_end,3,43367082
203.278,compaction_begin,3,0
203.432,compaction_end,3,43367079
203.441,compaction_begin,3,0
203.594,compaction_end,3,42992650
203.603,compaction_begin,3,0
203.753,compaction_end,3,41955151
203.762,flush_begin,0,0
203.773,flush_end,0,2744949
203.782,compaction_begin,2,0
204.075,compaction_end,2,3167073
204.088,compaction_begin,3,0
204.280,compaction_end,3,42992652
204.289,compaction_begin,3,0
204.443,compaction_end,3,42992651
204.452,compaction_begin,3,0
204.611,compaction_end,3,42992651
204.620,compaction_begin,3,0
204.771,compaction_end,3,42992650
204.780,compaction_begin,3,0
204.936,compaction_end,3,43367082
204.944,compaction_begin,3,0
205.096,compaction_end,3,42754759
205.105,compaction_begin,3,0
205.262,compaction_end,3,43367078
205.271,compaction_begin,3,0
205.427,compaction_end,3,43367080
205.436,compaction_begin,3,0
205.589,compaction_end,3,43367082
205.598,compaction_begin,3,0
205.753,compaction_end,3,43367080
205.762,compaction_begin,3,0
205.916,compaction_end,3,43367080
205.925,compaction_begin,3,0
206.082,compaction_end,3,43367081
206.091,compaction_begin,3,0
206.245,compaction_end,3,42992651
206.254,compaction_begin,3,0
206.408,compaction_end,3,43367078
206.417,compaction_begin,3,0
206.570,compaction_end,3,43367082
206.579,compaction_begin,3,0
206.733,compaction_end,3,42992648
206.742,compaction_begin,3,0
206.893,compaction_end,3,43367081
206.903,compaction_begin,3,0
207.057,compaction_end,3,42992653
207.067,compaction_begin,3,0
207.219,compaction_end,3,43367079
207.228,compaction_begin,3,0
207.381,compaction_end,3,42754759
207.390,compaction_begin,3,0
207.545,compaction_end,3,43367080
207.554,compaction_begin,3,0
207.706,compaction_end,3,42906743
207.715,compaction_begin,3,0
207.867,compaction_end,3,43367079
207.876,compaction_begin,3,0
208.029,compaction_end,3,43281144
208.038,compaction_begin,3,0
208.193,compaction_end,3,43367080
208.203,compaction_begin,3,0
208.355,compaction_end,3,43367078
208.364,compaction_begin,3,0
208.522,compaction_end,3,43230496
208.531,compaction_begin,3,0
208.686,compaction_end,3,43367079
208.695,compaction_begin,3,0
208.847,compaction_end,3,42992648
208.856,compaction_begin,3,0
209.011,compaction_end,3,43367078
209.021,compaction_begin,3,0
209.176,compaction_end,3,43367080
209.185,compaction_begin,3,0
209.230,flush_begin,0,0
209.240,flush_end,0,2744585
209.354,compaction_end,3,42992649
209.363,compaction_begin,2,0
209.657,compaction_end,2,3102261
209.673,compaction_begin,3,0
209.873,compaction_end,3,42992652
209.882,compaction_begin,3,0
210.031,compaction_end,3,42992650
210.040,compaction_begin,3,0
210.190,compaction_end,3,42992651
210.199,compaction_begin,3,0
210.354,compaction_end,3,43367079
210.363,compaction_begin,3,0
210.518,compaction_end,3,43367078
210.527,compaction_begin,3,0
210.683,compaction_end,3,43367082
210.692,compaction_begin,3,0
210.843,compaction_end,3,42754759
210.851,compaction_begin,3,0
211.004,compaction_end,3,42754759
211.014,compaction_begin,3,0
211.130,compaction_end,3,31004368
211.139,compaction_begin,3,0
211.297,compaction_end,3,42992649
211.306,compaction_begin,3,0
211.469,compaction_end,3,43367078
211.478,compaction_begin,3,0
211.629,compaction_end,3,43367080
211.638,compaction_begin,3,0
211.792,compaction_end,3,43367081
211.801,compaction_begin,3,0
211.952,compaction_end,3,42992653
211.961,compaction_begin,3,0
212.114,compaction_end,3,43367078
212.124,compaction_begin,3,0
212.276,compaction_end,3,42992651
212.286,compaction_begin,3,0
212.439,compaction_end,3,43367081
212.448,compaction_begin,3,0
212.601,compaction_end,3,42992648
212.610,compaction_begin,3,0
212.761,compaction_end,3,43367080
212.771,compaction_begin,3,0
212.927,compaction_end,3,43367080
212.936,compaction_begin,3,0
213.089,compaction_end,3,42992650
213.098,compaction_begin,3,0
213.251,compaction_end,3,43367079
213.261,compaction_begin,3,0
213.415,compaction_end,3,43367078
213.424,compaction_begin,3,0
213.578,compaction_end,3,43367081
213.587,compaction_begin,3,0
213.740,compaction_end,3,43367080
213.750,compaction_begin,3,0
213.901,compaction_end,3,43367081
213.911,compaction_begin,3,0
214.062,compaction_end,3,42992652
214.072,compaction_begin,3,0
214.223,compaction_end,3,42992648
214.234,compaction_begin,3,0
214.387,compaction_end,3,43367083
214.395,compaction_begin,3,0
214.545,compaction_end,3,43367082
214.556,compaction_begin,3,0
214.704,compaction_end,3,42243699
214.713,compaction_begin,3,0
214.738,flush_begin,0,0
214.748,flush_end,0,2744454
214.885,compaction_end,3,43367081
214.894,compaction_begin,2,0
215.177,compaction_end,2,3072310
215.187,compaction_begin,3,0
215.337,compaction_end,3,42992652
215.347,compaction_begin,3,0
215.499,compaction_end,3,42992651
215.509,compaction_begin,3,0
215.661,compaction_end,3,42754759
215.670,compaction_begin,3,0
215.820,compaction_end,3,42992650
215.829,compaction_begin,3,0
215.984,compaction_end,3,43367078
215.994,compaction_begin,3,0
216.151,compaction_end,3,43367082
216.160,compaction_begin,3,0
216.314,compaction_end,3,43367081
216.323,compaction_begin,3,0
216.476,compaction_end,3,43281144
216.485,compaction_begin,3,0
216.640,compaction_end,3,43367079
216.649,compaction_begin,3,0
216.803,compaction_end,3,43367082
216.813,compaction_begin,3,0
216.964,compaction_end,3,42992651
216.973,compaction_begin,3,0
217.124,compaction_end,3,43367078
217.134,compaction_begin,3,0
217.289,compaction_end,3,43367078
217.299,compaction_begin,3,0
217.450,compaction_end,3,42992649
217.459,compaction_begin,3,0
217.612,compaction_end,3,43367081
217.621,compaction_begin,3,0
217.772,compaction_end,3,43367078
217.780,compaction_begin,3,0
217.933,compaction_end,3,43367080
217.943,compaction_begin,3,0
218.100,compaction_end,3,42992652
218.108,compaction_begin,3,0
218.267,compaction_end,3,42618170
218.277,compaction_begin,3,0
218.430,compaction_end,3,42992648
218.439,compaction_begin,3,0
218.592,compaction_end,3,43367080
218.601,compaction_begin,3,0
218.751,compaction_end,3,43367081
218.761,compaction_begin,3,0
218.912,compaction_end,3,42618170
218.921,compaction_begin,3,0
219.074,compaction_end,3,43367080
219.083,compaction_begin,3,0
219.235,compaction_end,3,43367080
219.244,compaction_begin,3,0
219.395,compaction_end,3,42992650
219.404,compaction_begin,3,0
219.556,compaction_end,3,43230496
219.566,compaction_begin,3,0
219.679,compaction_end,3,31004368
219.689,compaction_begin,3,0
219.849,compaction_end,3,43281143
219.858,compaction_begin,3,0
220.012,compaction_end,3,42754759
220.021,compaction_begin,3,0
220.175,compaction_end,3,43367078
220.185,compaction_begin,3,0
220.200,flush_begin,0,0
220.209,flush_end,0,2744556
220.359,compaction_end,3,43367080
220.368,compaction_begin,2,0
220.666,compaction_end,2,3129040
220.682,compaction_begin,3,0
220.872,compaction_end,3,42992652
220.882,compaction_begin,3,0
221.033,compaction_end,3,42992650
221.042,compaction_begin,3,0
221.196,compaction_end,3,42992651
221.205,compaction_begin,3,0
221.354,compaction_end,3,42754759
221.365,compaction_begin,3,0
221.514,compaction_end,3,42992651
221.524,compaction_begin,3,0
221.676,compaction_end,3,43281144
221.685,compaction_begin,3,0
221.841,compaction_end,3,43367078
221.850,compaction_begin,3,0
222.012,compaction_end,3,43367078
222.022,compaction_begin,3,0
222.175,compaction_end,3,42992652
222.184,compaction_begin,3,0
222.338,compaction_end,3,43367078
222.348,compaction_begin,3,0
222.501,compaction_end,3,43230496
222.509,compaction_begin,3,0
222.662,compaction_end,3,43367078
222.671,compaction_begin,3,0
222.824,compaction_end,3,43367082
222.834,compaction_begin,3,0
222.986,compaction_end,3,43367082
222.996,compaction_begin,3,0
223.143,compaction_end,3,41955151
223.153,compaction_begin,3,0
223.304,compaction_end,3,42992648
223.314,compaction_begin,3,0
223.467,compaction_end,3,43367081
223.477,compaction_begin,3,0
223.629,compaction_end,3,43367082
223.638,compaction_begin,3,0
223.791,compaction_end,3,43367078
223.801,compaction_begin,3,0
223.953,compaction_end,3,43367081
223.961,compaction_begin,3,0
224.113,compaction_end,3,43367080
224.123,compaction_begin,3,0
224.277,compaction_end,3,43367081
224.286,compaction_begin,3,0
224.437,compaction_end,3,42992648
224.447,compaction_begin,3,0
224.600,compaction_end,3,43367079
224.609,compaction_begin,3,0
224.761,compaction_end,3,42992650
224.770,compaction_begin,3,0
224.924,compaction_end,3,42618170
224.933,compaction_begin,3,0
225.087,compaction_end,3,43367080
225.096,compaction_begin,3,0
225.253,compaction_end,3,43367083
225.262,compaction_begin,3,0
225.416,compaction_end,3,43281143
225.425,compaction_begin,3,0
225.574,compaction_end,3,42992653
225.584,compaction_begin,3,0
225.645,flush_begin,0,0
225.655,flush_end,0,2744405
225.754,compaction_end,3,42992651
225.764,compaction_begin,2,0
226.052,compaction_end,2,3166445
226.065,compaction_begin,3,0
226.244,compaction_end,3,42992652
226.254,compaction_begin,3,0
226.404,compaction_end,3,42992650
226.413,compaction_begin,3,0
226.565,compaction_end,3,42992651
226.575,compaction_begin,3,0
226.730,compaction_end,3,43367078
226.739,compaction_begin,3,0
226.892,compaction_end,3,43367078
226.902,compaction_begin,3,0
227.053,compaction_end,3,42754759
227.063,compaction_begin,3,0
227.214,compaction_end,3,42754759
227.223,compaction_begin,3,0
227.372,compaction_end,3,42618170
227.382,compaction_begin,3,0
227.533,compaction_end,3,43367081
227.543,compaction_begin,3,0
227.694,compaction_end,3,43281144
227.704,compaction_begin,3,0
227.854,compaction_end,3,42992651
227.864,compaction_begin,3,0
228.016,compaction_end,3,43367082
228.026,compaction_begin,3,0
228.177,compaction_end,3,43367078
228.188,compaction_begin,3,0
228.339,compaction_end,3,43367080
228.349,compaction_begin,3,0
228.501,compaction_end,3,43367082
228.511,compaction_begin,3,0
228.666,compaction_end,3,42992650
228.676,compaction_begin,3,0
228.827,compaction_end,3,42992651
228.837,compaction_begin,3,0
228.991,compaction_end,3,43367082
229.001,compaction_begin,3,0
229.151,compaction_end,3,42992648
229.161,compaction_begin,3,0
229.311,compaction_end,3,42906743
229.321,compaction_begin,3,0
229.473,compaction_end,3,43367079
229.483,compaction_begin,3,0
229.635,compaction_end,3,43230496
229.644,compaction_begin,3,0
229.793,compaction_end,3,42243695
229.803,compaction_begin,3,0
229.955,compaction_end,3,43367080
229.965,compaction_begin,3,0
230.118,compaction_end,3,43367080
230.126,compaction_begin,3,0
230.283,compaction_end,3,43367081
230.292,compaction_begin,3,0
230.443,compaction_end,3,43367080
230.454,compaction_begin,3,0
230.606,compaction_end,3,43367081
230.616,compaction_begin,3,0
230.767,compaction_end,3,43367081
230.777,compaction_begin,3,0
230.928,compaction_end,3,43367078
230.938,compaction_begin,3,0
231.088,compaction_end,3,42992648
231.098,flush_begin,0,0
231.107,flush_end,0,2744918
231.118,compaction_begin,2,0
231.417,compaction_end,2,3202916
231.436,compaction_begin,3,0
231.633,compaction_end,3,42992652
231.642,compaction_begin,3,0
231.792,compaction_end,3,42992650
231.802,compaction_begin,3,0
231.959,compaction_end,3,42992651
231.968,compaction_begin,3,0
232.119,compaction_end,3,42754759
232.128,compaction_begin,3,0
232.282,compaction_end,3,43281144
232.291,compaction_begin,3,0
232.445,compaction_end,3,43367082
232.455,compaction_begin,3,0
232.610,compaction_end,3,43367079
232.619,compaction_begin,3,0
232.771,compaction_end,3,43367083
232.781,compaction_begin,3,0
232.934,compaction_end,3,43367080
232.944,compaction_begin,3,0
233.096,compaction_end,3,43367080
233.105,compaction_begin,3,0
233.259,compaction_end,3,43367081
233.268,compaction_begin,3,0
233.423,compaction_end,3,42992651
233.432,compaction_begin,3,0
233.585,compaction_end,3,43367082
233.595,compaction_begin,3,0
233.746,compaction_end,3,43367079
233.756,compaction_begin,3,0
233.909,compaction_end,3,43367081
233.919,compaction_begin,3,0
234.072,compaction_end,3,43367082
234.081,compaction_begin,3,0
234.234,compaction_end,3,42992648
234.243,compaction_begin,3,0
234.394,compaction_end,3,43058651
234.403,compaction_begin,3,0
234.552,compaction_end,3,42754759
234.561,compaction_begin,3,0
234.715,compaction_end,3,42906743
234.724,compaction_begin,3,0
234.876,compaction_end,3,42992650
234.886,compaction_begin,3,0
235.037,compaction_end,3,42992653
235.046,compaction_begin,3,0
235.198,compaction_end,3,42992648
235.207,compaction_begin,3,0
235.356,compaction_end,3,41955151
235.366,compaction_begin,3,0
235.523,compaction_end,3,42992649
235.533,compaction_begin,3,0
235.683,compaction_end,3,43367081
235.693,compaction_begin,3,0
235.845,compaction_end,3,42992648
235.855,compaction_begin,3,0
236.005,compaction_end,3,42992652
236.014,compaction_begin,3,0
236.166,compaction_end,3,43367078
236.176,compaction_begin,3,0
236.329,compaction_end,3,42992649
236.337,compaction_begin,3,0
236.488,compaction_end,3,43367081
236.497,compaction_begin,3,0
236.581,flush_begin,0,0
236.591,flush_end,0,2744751
236.667,compaction_end,3,43367078
236.677,compaction_begin,2,0
236.964,compaction_end,2,3186373
236.977,compaction_begin,3,0
237.169,compaction_end,3,42992652
237.179,compaction_begin,3,0
237.327,compaction_end,3,42992651
237.336,compaction_begin,3,0
237.485,compaction_end,3,42992650
237.494,compaction_begin,3,0
237.646,compaction_end,3,43367078
237.655,compaction_begin,3,0
237.807,compaction_end,3,42992651
237.816,compaction_begin,3,0
237.969,compaction_end,3,43367080
237.978,compaction_begin,3,0
238.128,compaction_end,3,43367080
238.138,compaction_begin,3,0
238.290,compaction_end,3,42906743
238.299,compaction_begin,3,0
238.453,compaction_end,3,42754759
238.462,compaction_begin,3,0
238.616,compaction_end,3,43367078
238.624,compaction_begin,3,0
238.776,compaction_end,3,42992649
238.784,compaction_begin,3,0
238.943,compaction_end,3,42618170
238.952,compaction_begin,3,0
239.106,compaction_end,3,43367079
239.115,compaction_begin,3,0
239.268,compaction_end,3,43367081
239.277,compaction_begin,3,0
239.432,compaction_end,3,43367082
239.440,compaction_begin,3,0
239.592,compaction_end,3,42992648
239.601,compaction_begin,3,0
239.753,compaction_end,3,43367079
239.762,compaction_begin,3,0
239.916,compaction_end,3,43367081
239.926,compaction_begin,3,0
240.077,compaction_end,3,43367078
240.086,compaction_begin,3,0
240.239,compaction_end,3,43367078
240.248,compaction_begin,3,0
240.401,compaction_end,3,42992651
240.409,compaction_begin,3,0
240.559,compaction_end,3,42992653
240.568,compaction_begin,3,0
240.720,compaction_end,3,42992652
240.729,compaction_begin,3,0
240.880,compaction_end,3,43367082
240.889,compaction_begin,3,0
241.041,compaction_end,3,43367078
241.050,compaction_begin,3,0
241.202,compaction_end,3,43058651
241.211,compaction_begin,3,0
241.364,compaction_end,3,43281144
241.373,compaction_begin,3,0
241.525,compaction_end,3,43367080
241.533,compaction_begin,3,0
241.683,compaction_end,3,42754759
241.692,compaction_begin,3,0
241.844,compaction_end,3,43367083
241.853,compaction_begin,3,0
242.006,compaction_end,3,43367079
242.015,compaction_begin,3,0
242.046,flush_begin,0,0
242.055,flush_end,0,2744649
242.185,compaction_end,3,43367080
242.195,compaction_begin,2,0
242.484,compaction_end,2,3175573
242.498,compaction_begin,3,0
242.684,compaction_end,3,42992652
242.693,compaction_begin,3,0
242.842,compaction_end,3,42992651
242.851,compaction_begin,3,0
243.002,compaction_end,3,42754759
243.010,compaction_begin,3,0
243.160,compaction_end,3,42992650
243.170,compaction_begin,3,0
243.320,compaction_end,3,42992651
243.329,compaction_begin,3,0
243.481,compaction_end,3,43367080
243.490,compaction_begin,3,0
243.642,compaction_end,3,43367081
243.651,compaction_begin,3,0
243.803,compaction_end,3,43367078
243.812,compaction_begin,3,0
243.965,compaction_end,3,43367082
243.974,compaction_begin,3,0
244.087,compaction_end,3,31004368
244.096,compaction_begin,3,0
244.249,compaction_end,3,43367083
244.258,compaction_begin,3,0
244.409,compaction_end,3,43367082
244.418,compaction_begin,3,0
244.572,compaction_end,3,43367079
244.581,compaction_begin,3,0
244.734,compaction_end,3,43281143
244.744,compaction_begin,3,0
244.899,compaction_end,3,43367081
244.908,compaction_begin,3,0
245.060,compaction_end,3,43367082
245.069,compaction_begin,3,0
245.223,compaction_end,3,43367079
245.232,compaction_begin,3,0
245.385,compaction_end,3,43367078
245.393,compaction_begin,3,0
245.545,compaction_end,3,42906743
245.554,compaction_begin,3,0
245.712,compaction_end,3,42992649
245.721,compaction_begin,3,0
245.873,compaction_end,3,43367080
245.883,compaction_begin,3,0
246.035,compaction_end,3,43367079
246.043,compaction_begin,3,0
246.196,compaction_end,3,42754759
246.205,compaction_begin,3,0
246.358,compaction_end,3,43367078
246.367,compaction_begin,3,0
246.521,compaction_end,3,43367078
246.530,compaction_begin,3,0
246.681,compaction_end,3,42992653
246.690,compaction_begin,3,0
246.843,compaction_end,3,43367080
246.852,compaction_begin,3,0
247.004,compaction_end,3,42992652
247.013,compaction_begin,3,0
247.164,compaction_end,3,43367081
247.173,compaction_begin,3,0
247.326,compaction_end,3,42992651
247.335,compaction_begin,3,0
247.487,compaction_end,3,43367081
247.498,flush_begin,0,0
247.508,flush_end,0,2744810
247.518,compaction_begin,2,0
247.816,compaction_end,2,3198690
247.829,compaction_begin,3,0
248.021,compaction_end,3,42992652
248.030,compaction_begin,3,0
248.178,compaction_end,3,42992650
248.187,compaction_begin,3,0
248.337,compaction_end,3,42992651
248.345,compaction_begin,3,0
248.498,compaction_end,3,43367081
248.508,compaction_begin,3,0
248.659,compaction_end,3,42992651
248.668,compaction_begin,3,0
248.819,compaction_end,3,42754759
248.828,compaction_begin,3,0
248.979,compaction_end,3,43367080
248.988,compaction_begin,3,0
249.142,compaction_end,3,43367080
249.151,compaction_begin,3,0
249.304,compaction_end,3,42992653
249.313,compaction_begin,3,0
249.466,compaction_end,3,43367082
249.475,compaction_begin,3,0
249.629,compaction_end,3,43367078
249.637,compaction_begin,3,0
249.789,compaction_end,3,43367079
249.798,compaction_begin,3,0
249.952,compaction_end,3,43367081
249.961,compaction_begin,3,0
250.115,compaction_end,3,43281143
250.124,compaction_begin,3,0
250.276,compaction_end,3,43058651
250.285,compaction_begin,3,0
250.439,compaction_end,3,43367081
250.448,compaction_begin,3,0
250.600,compaction_end,3,42992648
250.609,compaction_begin,3,0
250.761,compaction_end,3,42992648
250.770,compaction_begin,3,0
250.922,compaction_end,3,43367082
250.931,compaction_begin,3,0
251.084,compaction_end,3,42992652
251.093,compaction_begin,3,0
251.242,compaction_end,3,42618170
251.251,compaction_begin,3,0
251.402,compaction_end,3,43367081
251.411,compaction_begin,3,0
251.565,compaction_end,3,43367080
251.574,compaction_begin,3,0
251.728,compaction_end,3,43367078
251.737,compaction_begin,3,0
251.899,compaction_end,3,43367078
251.917,compaction_begin,3,0
252.073,compaction_end,3,43367080
252.083,compaction_begin,3,0
252.240,compaction_end,3,43367078
252.250,compaction_begin,3,0
252.406,compaction_end,3,42618170
252.414,compaction_begin,3,0
252.574,compaction_end,3,42754759
252.584,compaction_begin,3,0
252.733,compaction_end,3,42243695
252.743,compaction_begin,3,0
252.894,compaction_end,3,43367082
252.903,compaction_begin,3,0
252.935,flush_begin,0,0
252.945,flush_end,0,2744902
253.074,compaction_end,3,43367081
253.084,compaction_begin,2,0
253.380,compaction_end,2,3183982
253.392,compaction_begin,3,0
253.586,compaction_end,3,42992652
253.595,compaction_begin,3,0
253.745,compaction_end,3,42992651
253.754,compaction_begin,3,0
253.904,compaction_end,3,42992650
253.913,compaction_begin,3,0
254.065,compaction_end,3,42992651
254.074,compaction_begin,3,0
254.226,compaction_end,3,42992648
254.235,compaction_begin,3,0
254.388,compaction_end,3,43367083
254.397,compaction_begin,3,0
254.551,compaction_end,3,43367082
254.560,compaction_begin,3,0
254.711,compaction_end,3,42992648
254.720,compaction_begin,3,0
254.872,compaction_end,3,43367080
254.881,compaction_begin,3,0
255.032,compaction_end,3,43367078
255.041,compaction_begin,3,0
255.193,compaction_end,3,42992652
255.202,compaction_begin,3,0
255.354,compaction_end,3,43367081
255.363,compaction_begin,3,0
255.515,compaction_end,3,43281144
255.524,compaction_begin,3,0
255.677,compaction_end,3,43367078
255.685,compaction_begin,3,0
255.835,compaction_end,3,42992653
255.844,compaction_begin,3,0
255.999,compaction_end,3,43144567
256.009,compaction_begin,3,0
256.161,compaction_end,3,43367079
256.170,compaction_begin,3,0
256.323,compaction_end,3,43367079
256.332,compaction_begin,3,0
256.481,compaction_end,3,42754759
256.489,compaction_begin,3,0
256.641,compaction_end,3,43367081
256.651,compaction_begin,3,0
256.803,compaction_end,3,42618170
256.812,compaction_begin,3,0
256.964,compaction_end,3,43367078
256.973,compaction_begin,3,0
257.124,compaction_end,3,41955151
257.133,compaction_begin,3,0
257.287,compaction_end,3,43367082
257.296,compaction_begin,3,0
257.447,compaction_end,3,43367080
257.456,compaction_begin,3,0
257.607,compaction_end,3,43367078
257.616,compaction_begin,3,0
257.766,compaction_end,3,42992650
257.775,compaction_begin,3,0
257.927,compaction_end,3,43367082
257.936,compaction_begin,3,0
258.087,compaction_end,3,43367078
258.096,compaction_begin,3,0
258.247,compaction_end,3,43367080
258.257,compaction_begin,3,0
258.380,flush_begin,0,0
258.390,flush_end,0,2744975
258.430,compaction_end,3,43367080
258.439,compaction_begin,2,0
258.733,compaction_end,2,3171499
258.749,compaction_begin,3,0
258.945,compaction_end,3,42992652
258.954,compaction_begin,3,0
259.105,compaction_end,3,42992651
259.113,compaction_begin,3,0
259.263,compaction_end,3,42992650
259.272,compaction_begin,3,0
259.430,compaction_end,3,42754759
259.439,compaction_begin,3,0
259.590,compaction_end,3,42992648
259.599,compaction_begin,3,0
259.750,compaction_end,3,43367081
259.759,compaction_begin,3,0
259.912,compaction_end,3,43367080
259.922,compaction_begin,3,0
260.074,compaction_end,3,43367083
260.084,compaction_begin,3,0
260.235,compaction_end,3,42992651
260.244,compaction_begin,3,0
260.397,compaction_end,3,43367082
260.406,compaction_begin,3,0
260.558,compaction_end,3,43367078
260.568,compaction_begin,3,0
260.720,compaction_end,3,42754759
260.729,compaction_begin,3,0
260.883,compaction_end,3,43367082
260.892,compaction_begin,3,0
261.043,compaction_end,3,43367079
261.052,compaction_begin,3,0
261.205,compaction_end,3,43367082
261.213,compaction_begin,3,0
261.363,compaction_end,3,42906743
261.372,compaction_begin,3,0
261.524,compaction_end,3,42992652
261.533,compaction_begin,3,0
261.684,compaction_end,3,43367081
261.693,compaction_begin,3,0
261.844,compaction_end,3,43367080
261.853,compaction_begin,3,0
262.005,compaction_end,3,43281144
262.014,compaction_begin,3,0
262.164,compaction_end,3,42618170
262.173,compaction_begin,3,0
262.325,compaction_end,3,43367078
262.334,compaction_begin,3,0
262.489,compaction_end,3,43367080
262.498,compaction_begin,3,0
262.646,compaction_end,3,41955151
262.655,compaction_begin,3,0
262.806,compaction_end,3,43367081
262.815,compaction_begin,3,0
262.967,compaction_end,3,43367082
262.976,compaction_begin,3,0
263.127,compaction_end,3,43367079
263.136,compaction_begin,3,0
263.290,compaction_end,3,43367081
263.299,compaction_begin,3,0
263.450,compaction_end,3,43367080
263.459,compaction_begin,3,0
263.611,compaction_end,3,42992653
263.620,compaction_begin,3,0
263.771,compaction_end,3,42992653
263.780,compaction_begin,3,0
263.816,flush_begin,0,0
263.826,flush_end,0,2744706
263.958,compaction_end,3,44419768
263.967,compaction_begin,2,0
264.256,compaction_end,2,3137771
264.272,compaction_begin,3,0
264.464,compaction_end,3,42992652
264.473,compaction_begin,3,0
264.623,compaction_end,3,42754759
264.632,compaction_begin,3,0
264.783,compaction_end,3,42992651
264.792,compaction_begin,3,0
264.942,compaction_end,3,42992650
264.951,compaction_begin,3,0
265.105,compaction_end,3,42992651
265.115,compaction_begin,3,0
265.270,compaction_end,3,43367078
265.278,compaction_begin,3,0
265.428,compaction_end,3,42992648
265.438,compaction_begin,3,0
265.600,compaction_end,3,44045449
265.609,compaction_begin,3,0
265.759,compaction_end,3,41955151
265.768,compaction_begin,3,0
265.920,compaction_end,3,43367082
265.929,compaction_begin,3,0
266.086,compaction_end,3,43367079
266.095,compaction_begin,3,0
266.257,compaction_end,3,43367078
266.265,compaction_begin,3,0
266.417,compaction_end,3,43367081
266.427,compaction_begin,3,0
266.577,compaction_end,3,43281144
266.586,compaction_begin,3,0
266.736,compaction_end,3,42992653
266.745,compaction_begin,3,0
266.897,compaction_end,3,43367082
266.906,compaction_begin,3,0
267.059,compaction_end,3,43367081
267.068,compaction_begin,3,0
267.220,compaction_end,3,43367078
267.229,compaction_begin,3,0
267.382,compaction_end,3,43367082
267.391,compaction_begin,3,0
267.543,compaction_end,3,42992649
267.552,compaction_begin,3,0
267.705,compaction_end,3,42992648
267.715,compaction_begin,3,0
267.866,compaction_end,3,42243699
267.875,compaction_begin,3,0
268.027,compaction_end,3,43367081
268.036,compaction_begin,3,0
268.186,compaction_end,3,42906743
268.195,compaction_begin,3,0
268.348,compaction_end,3,43367079
268.357,compaction_begin,3,0
268.518,compaction_end,3,43230496
268.527,compaction_begin,3,0
268.688,compaction_end,3,43367081
268.697,compaction_begin,3,0
268.861,compaction_end,3,43367080
268.870,compaction_begin,3,0
269.031,compaction_end,3,42243695
269.040,compaction_begin,3,0
269.203,compaction_end,3,43367080
269.212,compaction_begin,3,0
269.247,flush_begin,0,0
269.257,flush_end,0,2744698
269.384,compaction_end,3,43367079
269.393,compaction_begin,2,0
269.690,compaction_end,2,3158385
269.706,compaction_begin,3,0
269.901,compaction_end,3,42992652
269.910,compaction_begin,3,0
270.060,compaction_end,3,42992650
270.069,compaction_begin,3,0
270.220,compaction_end,3,42992651
270.229,compaction_begin,3,0
270.382,compaction_end,3,43367082
270.391,compaction_begin,3,0
270.547,compaction_end,3,43367081
270.556,compaction_begin,3,0
270.706,compaction_end,3,42992651
270.715,compaction_begin,3,0
270.866,compaction_end,3,42754759
270.875,compaction_begin,3,0
271.028,compaction_end,3,43367083
271.037,compaction_begin,3,0
271.189,compaction_end,3,43281144
271.198,compaction_begin,3,0
271.350,compaction_end,3,42992653
271.359,compaction_begin,3,0
271.519,compaction_end,3,44045448
271.528,compaction_begin,3,0
271.683,compaction_end,3,43367081
271.692,compaction_begin,3,0
271.844,compaction_end,3,43367082
271.853,compaction_begin,3,0
272.004,compaction_end,3,43058651
272.013,compaction_begin,3,0
272.166,compaction_end,3,43281143
272.176,compaction_begin,3,0
272.329,compaction_end,3,43367081
272.338,compaction_begin,3,0
272.492,compaction_end,3,43367078
272.501,compaction_begin,3,0
272.654,compaction_end,3,42906743
272.663,compaction_begin,3,0
272.814,compaction_end,3,42992652
272.823,compaction_begin,3,0
272.979,compaction_end,3,43367080
272.988,compaction_begin,3,0
273.143,compaction_end,3,42243695
273.152,compaction_begin,3,0
273.302,compaction_end,3,41955151
273.312,compaction_begin,3,0
273.465,compaction_end,3,42992648
273.474,compaction_begin,3,0
273.629,compaction_end,3,43367078
273.638,compaction_begin,3,0
273.792,compaction_end,3,43367078
273.801,compaction_begin,3,0
273.952,compaction_end,3,42992651
273.961,compaction_begin,3,0
274.112,compaction_end,3,43367081
274.121,compaction_begin,3,0
274.274,compaction_end,3,43367080
274.283,compaction_begin,3,0
274.435,compaction_end,3,43367078
274.444,compaction_begin,3,0
274.597,compaction_end,3,42992648
274.606,compaction_begin,3,0
274.696,flush_begin,0,0
274.706,flush_end,0,2744634
274.774,compaction_end,3,43367081
274.783,compaction_begin,2,0
275.072,compaction_end,2,3155823
275.087,compaction_begin,3,0
275.280,compaction_end,3,42992652
275.289,compaction_begin,3,0
275.437,compaction_end,3,42992650
275.446,compaction_begin,3,0
275.595,compaction_end,3,42992651
275.604,compaction_begin,3,0
275.754,compaction_end,3,42754759
275.762,compaction_begin,3,0
275.918,compaction_end,3,43367078
275.928,compaction_begin,3,0
276.084,compaction_end,3,43367081
276.093,compaction_begin,3,0
276.248,compaction_end,3,43367078
276.257,compaction_begin,3,0
276.409,compaction_end,3,42992652
276.418,compaction_begin,3,0
276.570,compaction_end,3,43230496
276.579,compaction_begin,3,0
276.730,compaction_end,3,42992651
276.739,compaction_begin,3,0
276.891,compaction_end,3,43367079
276.900,compaction_begin,3,0
277.053,compaction_end,3,43367081
277.062,compaction_begin,3,0
277.222,compaction_end,3,44045450
277.231,compaction_begin,3,0
277.383,compaction_end,3,43367082
277.392,compaction_begin,3,0
277.543,compaction_end,3,43367080
277.552,compaction_begin,3,0
277.704,compaction_end,3,43367080
277.713,compaction_begin,3,0
277.864,compaction_end,3,43281144
277.873,compaction_begin,3,0
278.024,compaction_end,3,42992648
278.033,compaction_begin,3,0
278.187,compaction_end,3,43367078
278.196,compaction_begin,3,0
278.350,compaction_end,3,43367081
278.359,compaction_begin,3,0
278.511,compaction_end,3,43367082
278.520,compaction_begin,3,0
278.671,compaction_end,3,42992648
278.681,compaction_begin,3,0
278.832,compaction_end,3,43367079
278.841,compaction_begin,3,0
279.054,compaction_end,3,42992649
279.063,compaction_begin,3,0
279.228,compaction_end,3,43367081
279.237,compaction_begin,3,0
279.407,compaction_end,3,43367078
279.416,compaction_begin,3,0
279.586,compaction_end,3,43367079
279.595,compaction_begin,3,0
279.764,compaction_end,3,43367078
279.774,compaction_begin,3,0
279.938,compaction_end,3,43367082
279.946,compaction_begin,3,0
280.111,compaction_end,3,43367080
280.120,compaction_begin,3,0
280.138,flush_begin,0,0
280.148,flush_end,0,2744875
280.289,compaction_end,3,42992648
280.298,compaction_begin,2,0
280.591,compaction_end,2,3140977
280.607,compaction_begin,3,0
280.796,compaction_end,3,42992652
280.805,compaction_begin,3,0
280.956,compaction_end,3,42992650
280.965,compaction_begin,3,0
281.116,compaction_end,3,42992651
281.125,compaction_begin,3,0
281.276,compaction_end,3,42754759
281.285,compaction_begin,3,0
281.439,compaction_end,3,43367080
281.448,compaction_begin,3,0
281.604,compaction_end,3,43367082
281.613,compaction_begin,3,0
281.766,compaction_end,3,43367078
281.775,compaction_begin,3,0
281.938,compaction_end,3,43367082
281.949,compaction_begin,3,0
282.108,compaction_end,3,42992648
282.117,compaction_begin,3,0
282.269,compaction_end,3,41955151
282.278,compaction_begin,3,0
282.430,compaction_end,3,43367079
282.439,compaction_begin,3,0
282.591,compaction_end,3,42992651
282.600,compaction_begin,3,0
282.751,compaction_end,3,43367078
282.760,compaction_begin,3,0
282.913,compaction_end,3,43367080
282.923,compaction_begin,3,0
283.077,compaction_end,3,43367078
283.086,compaction_begin,3,0
283.241,compaction_end,3,43367079
283.250,compaction_begin,3,0
283.403,compaction_end,3,43367082
283.412,compaction_begin,3,0
283.565,compaction_end,3,43367078
283.574,compaction_begin,3,0
283.727,compaction_end,3,43367080
283.736,compaction_begin,3,0
283.888,compaction_end,3,43281144
283.897,compaction_begin,3,0
284.049,compaction_end,3,42992648
284.058,compaction_begin,3,0
284.212,compaction_end,3,43367080
284.220,compaction_begin,3,0
284.371,compaction_end,3,42992649
284.381,compaction_begin,3,0
284.532,compaction_end,3,43367081
284.541,compaction_begin,3,0
284.693,compaction_end,3,43367079
284.702,compaction_begin,3,0
284.854,compaction_end,3,42754759
284.863,compaction_begin,3,0
285.015,compaction_end,3,43367081
285.024,compaction_begin,3,0
285.174,compaction_end,3,42992648
285.184,compaction_begin,3,0
285.335,compaction_end,3,43367078
285.344,compaction_begin,3,0
285.501,compaction_end,3,43367081
285.510,compaction_begin,3,0
285.617,flush_begin,0,0
285.627,flush_end,0,2744424
285.680,compaction_end,3,42992649
285.689,compaction_begin,2,0
285.978,compaction_end,2,3151103
285.996,compaction_begin,3,0
286.184,compaction_end,3,42992652
286.193,compaction_begin,3,0
286.345,compaction_end,3,42992650
286.355,compaction_begin,3,0
286.506,compaction_end,3,42992651
286.515,compaction_begin,3,0
286.667,compaction_end,3,43367080
286.676,compaction_begin,3,0
286.835,compaction_end,3,42754759
286.844,compaction_begin,3,0
286.994,compaction_end,3,42992651
287.003,compaction_begin,3,0
287.156,compaction_end,3,43367078
287.165,compaction_begin,3,0
287.317,compaction_end,3,43367081
287.326,compaction_begin,3,0
287.480,compaction_end,3,43367083
287.489,compaction_begin,3,0
287.641,compaction_end,3,42618170
287.650,compaction_begin,3,0
287.802,compaction_end,3,43144567
287.811,compaction_begin,3,0
287.962,compaction_end,3,43367081
287.971,compaction_begin,3,0
288.123,compaction_end,3,43367081
288.131,compaction_begin,3,0
288.246,compaction_end,3,31004368
288.256,compaction_begin,3,0
288.409,compaction_end,3,43367078
288.417,compaction_begin,3,0
288.570,compaction_end,3,42992652
288.580,compaction_begin,3,0
288.731,compaction_end,3,43367080
288.740,compaction_begin,3,0
288.892,compaction_end,3,43367082
288.901,compaction_begin,3,0
289.053,compaction_end,3,43367080
289.062,compaction_begin,3,0
289.213,compaction_end,3,42992648
289.222,compaction_begin,3,0
289.374,compaction_end,3,43367080
289.383,compaction_begin,3,0
289.536,compaction_end,3,43367082
289.545,compaction_begin,3,0
289.700,compaction_end,3,42618170
289.709,compaction_begin,3,0
289.861,compaction_end,3,42754759
289.870,compaction_begin,3,0
290.020,compaction_end,3,43281144
290.029,compaction_begin,3,0
290.175,compaction_end,3,41955151
290.184,compaction_begin,3,0
290.338,compaction_end,3,43367079
290.347,compaction_begin,3,0
290.499,compaction_end,3,43367081
290.509,compaction_begin,3,0
290.661,compaction_end,3,43281143
290.670,compaction_begin,3,0
290.821,compaction_end,3,42992648
290.830,compaction_begin,3,0
290.982,compaction_end,3,43367078
290.991,compaction_begin,3,0
291.036,flush_begin,0,0
291.046,flush_end,0,2744773
291.163,compaction_end,3,43367079
291.172,compaction_begin,2,0
291.465,compaction_end,2,3099192
291.481,compaction_begin,3,0
291.673,compaction_end,3,42992652
291.682,compaction_begin,3,0
291.833,compaction_end,3,42992651
291.842,compaction_begin,3,0
291.991,compaction_end,3,42992650
292.000,compaction_begin,3,0
292.151,compaction_end,3,42992651
292.159,compaction_begin,3,0
292.313,compaction_end,3,43367080
292.323,compaction_begin,3,0
292.477,compaction_end,3,43281144
292.486,compaction_begin,3,0
292.637,compaction_end,3,42754759
292.645,compaction_begin,3,0
292.800,compaction_end,3,43367080
292.810,compaction_begin,3,0
292.963,compaction_end,3,43367078
292.972,compaction_begin,3,0
293.126,compaction_end,3,43367080
293.135,compaction_begin,3,0
293.290,compaction_end,3,43367081
293.299,compaction_begin,3,0
293.455,compaction_end,3,43367078
293.464,compaction_begin,3,0
293.619,compaction_end,3,42992648
293.629,compaction_begin,3,0
293.789,compaction_end,3,42906743
293.798,compaction_begin,3,0
293.951,compaction_end,3,43367083
293.960,compaction_begin,3,0
294.111,compaction_end,3,42992652
294.120,compaction_begin,3,0
294.272,compaction_end,3,43367082
294.281,compaction_begin,3,0
294.435,compaction_end,3,43367082
294.444,compaction_begin,3,0
294.596,compaction_end,3,42992648
294.605,compaction_begin,3,0
294.758,compaction_end,3,43367078
294.768,compaction_begin,3,0
294.919,compaction_end,3,42992649
294.928,compaction_begin,3,0
295.082,compaction_end,3,43367081
295.092,compaction_begin,3,0
295.245,compaction_end,3,43367082
295.253,compaction_begin,3,0
295.403,compaction_end,3,42992649
295.412,compaction_begin,3,0
295.565,compaction_end,3,43367078
295.574,compaction_begin,3,0
295.727,compaction_end,3,43367079
295.736,compaction_begin,3,0
295.888,compaction_end,3,43367078
295.897,compaction_begin,3,0
296.048,compaction_end,3,42992650
296.057,compaction_begin,3,0
296.206,compaction_end,3,42992648
296.215,compaction_begin,3,0
296.366,compaction_end,3,43367079
296.375,compaction_begin,3,0
296.528,compaction_end,3,43367080
296.537,flush_begin,0,0
296.547,flush_end,0,2744540
296.557,compaction_begin,2,0
296.845,compaction_end,2,3150486
296.861,compaction_begin,3,0
297.054,compaction_end,3,42992650
297.063,compaction_begin,3,0
297.213,compaction_end,3,42992652
297.222,compaction_begin,3,0
297.373,compaction_end,3,42992654
297.382,compaction_begin,3,0
297.535,compaction_end,3,43367080
297.544,compaction_begin,3,0
297.696,compaction_end,3,43367080
297.705,compaction_begin,3,0
297.857,compaction_end,3,43367082
297.866,compaction_begin,3,0
298.020,compaction_end,3,43367078
298.029,compaction_begin,3,0
298.180,compaction_end,3,43367078
298.189,compaction_begin,3,0
298.339,compaction_end,3,43367079
298.348,compaction_begin,3,0
298.500,compaction_end,3,43367079
298.509,compaction_begin,3,0
298.659,compaction_end,3,42992649
298.668,compaction_begin,3,0
298.819,compaction_end,3,42992653
298.827,compaction_begin,3,0
298.977,compaction_end,3,42754753
298.987,compaction_begin,3,0
299.138,compaction_end,3,43367081
299.147,compaction_begin,3,0
299.298,compaction_end,3,43367077
299.307,compaction_begin,3,0
299.459,compaction_end,3,43367081
299.468,compaction_begin,3,0
299.620,compaction_end,3,43367079
299.628,compaction_begin,3,0
299.777,compaction_end,3,42992654
299.786,compaction_begin,3,0
299.937,compaction_end,3,41955153
299.946,compaction_begin,3,0
300.099,compaction_end,3,42906744
300.109,compaction_begin,3,0
300.263,compaction_end,3,43367078
300.272,compaction_begin,3,0
300.428,compaction_end,3,43367080
300.437,compaction_begin,3,0
300.543,compaction_end,3,26667660
300.552,compaction_begin,3,0
300.704,compaction_end,3,42618174
300.713,compaction_begin,3,0
300.866,compaction_end,3,43367080
300.874,compaction_begin,3,0
301.024,compaction_end,3,42992653
301.033,compaction_begin,3,0
301.184,compaction_end,3,42992648
301.193,compaction_begin,3,0
301.348,compaction_end,3,43281144
301.357,compaction_begin,3,0
301.509,compaction_end,3,43367084
301.518,compaction_begin,3,0
301.671,compaction_end,3,42992648
301.680,compaction_begin,3,0
301.833,compaction_end,3,42992655
301.842,compaction_begin,3,0
301.959,flush_begin,0,0
301.969,flush_end,0,2744683
302.015,compaction_end,3,43367079
302.024,compaction_begin,2,0
302.309,compaction_end,2,3134945
302.323,compaction_begin,3,0
302.511,compaction_end,3,42992650
302.520,compaction_begin,3,0
302.671,compaction_end,3,42992650
302.680,compaction_begin,3,0
302.830,compaction_end,3,42992649
302.840,compaction_begin,3,0
302.990,compaction_end,3,43367079
302.999,compaction_begin,3,0
303.151,compaction_end,3,43367081
303.160,compaction_begin,3,0
303.312,compaction_end,3,43281144
303.321,compaction_begin,3,0
303.478,compaction_end,3,43367077
303.487,compaction_begin,3,0
303.638,compaction_end,3,43367078
303.647,compaction_begin,3,0
303.800,compaction_end,3,43367081
303.809,compaction_begin,3,0
303.961,compaction_end,3,43367082
303.971,compaction_begin,3,0
304.123,compaction_end,3,43367078
304.132,compaction_begin,3,0
304.285,compaction_end,3,42754758
304.295,compaction_begin,3,0
304.447,compaction_end,3,43367079
304.456,compaction_begin,3,0
304.611,compaction_end,3,42992648
304.620,compaction_begin,3,0
304.781,compaction_end,3,44045448
304.790,compaction_begin,3,0
304.944,compaction_end,3,43367079
304.953,compaction_begin,3,0
305.106,compaction_end,3,43367078
305.114,compaction_begin,3,0
305.267,compaction_end,3,43367080
305.277,compaction_begin,3,0
305.430,compaction_end,3,43367081
305.439,compaction_begin,3,0
305.590,compaction_end,3,43144567
305.599,compaction_begin,3,0
305.680,compaction_end,3,22330952
305.689,compaction_begin,3,0
305.842,compaction_end,3,43367080
305.851,compaction_begin,3,0
306.005,compaction_end,3,43367080
306.014,compaction_begin,3,0
306.168,compaction_end,3,43367078
306.177,compaction_begin,3,0
306.330,compaction_end,3,43367080
306.340,compaction_begin,3,0
306.489,compaction_end,3,42992648
306.498,compaction_begin,3,0
306.649,compaction_end,3,43367080
306.658,compaction_begin,3,0
306.810,compaction_end,3,43367081
306.818,compaction_begin,3,0
306.970,compaction_end,3,43367080
306.980,compaction_begin,3,0
307.131,compaction_end,3,43367080
307.140,compaction_begin,3,0
307.293,compaction_end,3,42992648
307.302,compaction_begin,3,0
307.425,flush_begin,0,0
307.435,flush_end,0,2744551
307.479,compaction_end,3,42618171
307.487,compaction_begin,2,0
307.775,compaction_end,2,3159936
307.786,compaction_begin,3,0
307.934,compaction_end,3,42992650
307.943,compaction_begin,3,0
308.091,compaction_end,3,42992650
308.100,compaction_begin,3,0
308.249,compaction_end,3,42992649
308.258,compaction_begin,3,0
308.410,compaction_end,3,43367079
308.418,compaction_begin,3,0
308.569,compaction_end,3,43367081
308.579,compaction_begin,3,0
308.735,compaction_end,3,43367081
308.744,compaction_begin,3,0
308.898,compaction_end,3,43367077
308.907,compaction_begin,3,0
309.060,compaction_end,3,43367080
309.069,compaction_begin,3,0
309.221,compaction_end,3,43367082
309.230,compaction_begin,3,0
309.380,compaction_end,3,42754758
309.389,compaction_begin,3,0
309.541,compaction_end,3,43367079
309.550,compaction_begin,3,0
309.700,compaction_end,3,43230496
309.709,compaction_begin,3,0
309.864,compaction_end,3,43367080
309.873,compaction_begin,3,0
310.024,compaction_end,3,43367079
310.033,compaction_begin,3,0
310.185,compaction_end,3,43144567
310.194,compaction_begin,3,0
310.347,compaction_end,3,43367078
310.356,compaction_begin,3,0
310.508,compaction_end,3,42992651
310.517,compaction_begin,3,0
310.670,compaction_end,3,43367084
310.680,compaction_begin,3,0
310.833,compaction_end,3,43367080
310.842,compaction_begin,3,0
310.996,compaction_end,3,42906744
311.005,compaction_begin,3,0
311.159,compaction_end,3,43367081
311.168,compaction_begin,3,0
311.317,compaction_end,3,42380278
311.326,compaction_begin,3,0
311.477,compaction_end,3,43281144
311.486,compaction_begin,3,0
311.637,compaction_end,3,42992648
311.646,compaction_begin,3,0
311.797,compaction_end,3,43367078
311.806,compaction_begin,3,0
311.972,compaction_end,3,43367079
311.981,compaction_begin,3,0
312.131,compaction_end,3,42992650
312.140,compaction_begin,3,0
312.293,compaction_end,3,43367078
312.302,compaction_begin,3,0
312.453,compaction_end,3,42992648
312.462,compaction_begin,3,0
312.612,compaction_end,3,41955151
312.621,compaction_begin,3,0
312.775,compaction_end,3,43367081
312.784,compaction_begin,3,0
312.855,flush_begin,0,0
312.864,flush_end,0,2744790
312.956,compaction_end,3,43367080
312.965,compaction_begin,2,0
313.257,compaction_end,2,3104178
313.271,compaction_begin,3,0
313.461,compaction_end,3,42992650
313.470,compaction_begin,3,0
313.618,compaction_end,3,42992650
313.627,compaction_begin,3,0
313.777,compaction_end,3,42992649
313.787,compaction_begin,3,0
313.938,compaction_end,3,42754758
313.946,compaction_begin,3,0
314.108,compaction_end,3,43367078
314.117,compaction_begin,3,0
314.269,compaction_end,3,43367080
314.278,compaction_begin,3,0
314.429,compaction_end,3,43367079
314.438,compaction_begin,3,0
314.593,compaction_end,3,43367079
314.602,compaction_begin,3,0
314.753,compaction_end,3,43367081
314.762,compaction_begin,3,0
314.914,compaction_end,3,43367078
314.923,compaction_begin,3,0
315.075,compaction_end,3,43230496
315.084,compaction_begin,3,0
315.242,compaction_end,3,44045447
315.251,compaction_begin,3,0
315.407,compaction_end,3,43367080
315.416,compaction_begin,3,0
315.573,compaction_end,3,43367079
315.582,compaction_begin,3,0
315.736,compaction_end,3,43367079
315.746,compaction_begin,3,0
315.897,compaction_end,3,43367080
315.906,compaction_begin,3,0
316.059,compaction_end,3,43367077
316.068,compaction_begin,3,0
316.223,compaction_end,3,43144567
316.232,compaction_begin,3,0
316.385,compaction_end,3,43367081
316.394,compaction_begin,3,0
316.547,compaction_end,3,43367080
316.556,compaction_begin,3,0
316.708,compaction_end,3,43367078
316.717,compaction_begin,3,0
316.868,compaction_end,3,43367081
316.877,compaction_begin,3,0
317.028,compaction_end,3,42380278
317.037,compaction_begin,3,0
317.189,compaction_end,3,43367079
317.198,compaction_begin,3,0
317.347,compaction_end,3,42618171
317.356,compaction_begin,3,0
317.510,compaction_end,3,43367080
317.519,compaction_begin,3,0
317.673,compaction_end,3,43367081
317.682,compaction_begin,3,0
317.835,compaction_end,3,43367081
317.844,compaction_begin,3,0
317.998,compaction_end,3,43058651
318.007,compaction_begin,3,0
318.160,compaction_end,3,43367082
318.169,compaction_begin,3,0
318.268,flush_begin,0,0
318.278,flush_end,0,2744736
318.340,compaction_end,3,43281144
318.349,compaction_begin,2,0
318.635,compaction_end,2,3125164
318.651,compaction_begin,3,0
318.839,compaction_end,3,42992650
318.848,compaction_begin,3,0
318.999,compaction_end,3,42992650
319.008,compaction_begin,3,0
319.158,compaction_end,3,42754758
319.167,compaction_begin,3,0
319.319,compaction_end,3,43367078
319.328,compaction_begin,3,0
319.477,compaction_end,3,42992649
319.486,compaction_begin,3,0
319.637,compaction_end,3,43367080
319.646,compaction_begin,3,0
319.798,compaction_end,3,43367079
319.807,compaction_begin,3,0
319.959,compaction_end,3,43367081
319.968,compaction_begin,3,0
320.123,compaction_end,3,43367078
320.132,compaction_begin,3,0
320.285,compaction_end,3,43367081
320.294,compaction_begin,3,0
320.444,compaction_end,3,42380278
320.453,compaction_begin,3,0
320.550,compaction_end,3,26667660
320.559,compaction_begin,3,0
320.712,compaction_end,3,43367079
320.722,compaction_begin,3,0
320.875,compaction_end,3,43058651
320.883,compaction_begin,3,0
321.042,compaction_end,3,43367081
321.051,compaction_begin,3,0
321.204,compaction_end,3,43367079
321.213,compaction_begin,3,0
321.364,compaction_end,3,43367081
321.373,compaction_begin,3,0
321.527,compaction_end,3,43367084
321.535,compaction_begin,3,0
321.687,compaction_end,3,43367080
321.697,compaction_begin,3,0
321.848,compaction_end,3,42992648
321.857,compaction_begin,3,0
322.011,compaction_end,3,43367081
322.021,compaction_begin,3,0
322.172,compaction_end,3,43367079
322.181,compaction_begin,3,0
322.334,compaction_end,3,43367080
322.343,compaction_begin,3,0
322.511,compaction_end,3,45917430
322.521,compaction_begin,3,0
322.672,compaction_end,3,43144567
322.680,compaction_begin,3,0
322.833,compaction_end,3,43367079
322.843,compaction_begin,3,0
322.994,compaction_end,3,43367080
323.004,compaction_begin,3,0
323.153,compaction_end,3,42618171
323.163,compaction_begin,3,0
323.316,compaction_end,3,43367078
323.325,compaction_begin,3,0
323.475,compaction_end,3,43367080
323.484,compaction_begin,3,0
323.636,compaction_end,3,43281144
323.645,compaction_begin,3,0
323.743,flush_begin,0,0
323.753,flush_end,0,2744658
323.814,compaction_end,3,43367080
323.824,compaction_begin,2,0
324.108,compaction_end,2,3079571
324.121,compaction_begin,3,0
324.298,compaction_end,3,42992650
324.308,compaction_begin,3,0
324.457,compaction_end,3,42992650
324.467,compaction_begin,3,0
324.617,compaction_end,3,42992649
324.626,compaction_begin,3,0
324.778,compaction_end,3,43367080
324.788,compaction_begin,3,0
324.942,compaction_end,3,43367079
324.951,compaction_begin,3,0
325.104,compaction_end,3,43367080
325.113,compaction_begin,3,0
325.271,compaction_end,3,43367081
325.280,compaction_begin,3,0
325.432,compaction_end,3,43367079
325.441,compaction_begin,3,0
325.592,compaction_end,3,42380278
325.601,compaction_begin,3,0
325.751,compaction_end,3,43367080
325.760,compaction_begin,3,0
325.922,compaction_end,3,45917436
325.932,compaction_begin,3,0
326.085,compaction_end,3,43058651
326.094,compaction_begin,3,0
326.247,compaction_end,3,43281144
326.256,compaction_begin,3,0
326.408,compaction_end,3,43367081
326.416,compaction_begin,3,0
326.567,compaction_end,3,43367080
326.576,compaction_begin,3,0
326.729,compaction_end,3,43367079
326.738,compaction_begin,3,0
326.889,compaction_end,3,42992648
326.898,compaction_begin,3,0
327.050,compaction_end,3,43367078
327.059,compaction_begin,3,0
327.212,compaction_end,3,43367081
327.222,compaction_begin,3,0
327.371,compaction_end,3,42754758
327.381,compaction_begin,3,0
327.535,compaction_end,3,43367079
327.545,compaction_begin,3,0
327.701,compaction_end,3,43367080
327.710,compaction_begin,3,0
327.868,compaction_end,3,43367080
327.879,compaction_begin,3,0
328.030,compaction_end,3,42618171
328.040,compaction_begin,3,0
328.191,compaction_end,3,43367081
328.201,compaction_begin,3,0
328.351,compaction_end,3,43367082
328.361,compaction_begin,3,0
328.513,compaction_end,3,42618170
328.523,compaction_begin,3,0
328.673,compaction_end,3,43367079
328.683,compaction_begin,3,0
328.835,compaction_end,3,42992648
328.846,compaction_begin,3,0
328.997,compaction_end,3,43367077
329.007,compaction_begin,3,0
329.160,compaction_end,3,43230496
329.170,compaction_begin,3,0
329.187,flush_begin,0,0
329.197,flush_end,0,2744183
329.344,compaction_end,3,43367079
329.354,compaction_begin,2,0
329.640,compaction_end,2,3149782
329.654,compaction_begin,3,0
329.846,compaction_end,3,42992653
329.855,compaction_begin,3,0
330.005,compaction_end,3,42992653
330.015,compaction_begin,3,0
330.166,compaction_end,3,43367080
330.175,compaction_begin,3,0
330.326,compaction_end,3,42992653
330.335,compaction_begin,3,0
330.487,compaction_end,3,43367081
330.496,compaction_begin,3,0
330.650,compaction_end,3,43367080
330.660,compaction_begin,3,0
330.811,compaction_end,3,43367082
330.819,compaction_begin,3,0
330.970,compaction_end,3,43367082
330.979,compaction_begin,3,0
331.131,compaction_end,3,43367079
331.140,compaction_begin,3,0
331.293,compaction_end,3,43367079
331.303,compaction_begin,3,0
331.455,compaction_end,3,43367084
331.464,compaction_begin,3,0
331.618,compaction_end,3,43367082
331.627,compaction_begin,3,0
331.781,compaction_end,3,43367077
331.790,compaction_begin,3,0
331.941,compaction_end,3,43367080
331.950,compaction_begin,3,0
332.103,compaction_end,3,43367078
332.111,compaction_begin,3,0
332.261,compaction_end,3,42754755
332.270,compaction_begin,3,0
332.424,compaction_end,3,43367079
332.434,compaction_begin,3,0
332.586,compaction_end,3,43367080
332.595,compaction_begin,3,0
332.746,compaction_end,3,42618175
332.755,compaction_begin,3,0
332.907,compaction_end,3,43230499
332.916,compaction_begin,3,0
333.066,compaction_end,3,43281148
333.075,compaction_begin,3,0
333.225,compaction_end,3,42992651
333.234,compaction_begin,3,0
333.395,compaction_end,3,45917431
333.405,compaction_begin,3,0
333.556,compaction_end,3,43367078
333.565,compaction_begin,3,0
333.718,compaction_end,3,42992648
333.728,compaction_begin,3,0
333.879,compaction_end,3,43367079
333.889,compaction_begin,3,0
334.040,compaction_end,3,43367079
334.050,compaction_begin,3,0
334.202,compaction_end,3,42618174
334.211,compaction_begin,3,0
334.363,compaction_end,3,43367084
334.373,compaction_begin,3,0
334.527,compaction_end,3,43367081
334.537,compaction_begin,3,0
334.654,flush_begin,0,0
334.664,flush_end,0,2744749
334.713,compaction_end,3,43367079
334.723,compaction_begin,2,0
335.009,compaction_end,2,3171561
335.023,compaction_begin,3,0
335.207,compaction_end,3,42992652
335.217,compaction_begin,3,0
335.365,compaction_end,3,42754754
335.375,compaction_begin,3,0
335.530,compaction_end,3,43367079
335.540,compaction_begin,3,0
335.691,compaction_end,3,43367078
335.701,compaction_begin,3,0
335.850,compaction_end,3,42992650
335.859,compaction_begin,3,0
336.013,compaction_end,3,42380278
336.022,compaction_begin,3,0
336.174,compaction_end,3,43367083
336.183,compaction_begin,3,0
336.338,compaction_end,3,43367079
336.348,compaction_begin,3,0
336.501,compaction_end,3,43367082
336.510,compaction_begin,3,0
336.664,compaction_end,3,43367080
336.675,compaction_begin,3,0
336.829,compaction_end,3,43367081
336.839,compaction_begin,3,0
336.990,compaction_end,3,43058651
337.000,compaction_begin,3,0
337.152,compaction_end,3,43367077
337.161,compaction_begin,3,0
337.311,compaction_end,3,43367081
337.320,compaction_begin,3,0
337.470,compaction_end,3,43367080
337.480,compaction_begin,3,0
337.638,compaction_end,3,43367082
337.647,compaction_begin,3,0
337.800,compaction_end,3,43367078
337.809,compaction_begin,3,0
337.962,compaction_end,3,43367080
337.972,compaction_begin,3,0
338.123,compaction_end,3,42992649
338.133,compaction_begin,3,0
338.288,compaction_end,3,42992648
338.298,compaction_begin,3,0
338.454,compaction_end,3,43367079
338.464,compaction_begin,3,0
338.614,compaction_end,3,43367077
338.624,compaction_begin,3,0
338.720,compaction_end,3,26667660
338.729,compaction_begin,3,0
338.882,compaction_end,3,43230496
338.892,compaction_begin,3,0
339.043,compaction_end,3,43367079
339.053,compaction_begin,3,0
339.202,compaction_end,3,43367080
339.212,compaction_begin,3,0
339.374,compaction_end,3,45917433
339.384,compaction_begin,3,0
339.537,compaction_end,3,43367079
339.546,compaction_begin,3,0
339.701,compaction_end,3,43367080
339.711,compaction_begin,3,0
339.862,compaction_end,3,43144567
339.872,compaction_begin,3,0
340.027,compaction_end,3,43367079
340.036,compaction_begin,3,0
340.131,flush_begin,0,0
340.140,flush_end,0,2744787
340.209,compaction_end,3,43367079
340.219,compaction_begin,2,0
340.510,compaction_end,2,3171641
340.523,compaction_begin,3,0
340.716,compaction_end,3,42992649
340.726,compaction_begin,3,0
340.875,compaction_end,3,42754756
340.885,compaction_begin,3,0
341.037,compaction_end,3,43367077
341.047,compaction_begin,3,0
341.198,compaction_end,3,42992651
341.207,compaction_begin,3,0
341.363,compaction_end,3,43367079
341.371,compaction_begin,3,0
341.530,compaction_end,3,43367082
341.540,compaction_begin,3,0
341.693,compaction_end,3,43367078
341.703,compaction_begin,3,0
341.856,compaction_end,3,43367080
341.867,compaction_begin,3,0
342.037,compaction_end,3,43367079
342.046,compaction_begin,3,0
342.199,compaction_end,3,42992651
342.209,compaction_begin,3,0
342.364,compaction_end,3,43367078
342.374,compaction_begin,3,0
342.537,compaction_end,3,45917434
342.547,compaction_begin,3,0
342.700,compaction_end,3,43367081
342.710,compaction_begin,3,0
342.866,compaction_end,3,43367081
342.876,compaction_begin,3,0
343.031,compaction_end,3,43367079
343.040,compaction_begin,3,0
343.192,compaction_end,3,43367081
343.202,compaction_begin,3,0
343.353,compaction_end,3,43367081
343.361,compaction_begin,3,0
343.513,compaction_end,3,43367081
343.523,compaction_begin,3,0
343.675,compaction_end,3,42992650
343.684,compaction_begin,3,0
343.832,compaction_end,3,43367078
343.842,compaction_begin,3,0
343.990,compaction_end,3,42243695
344.000,compaction_begin,3,0
344.152,compaction_end,3,43367082
344.162,compaction_begin,3,0
344.318,compaction_end,3,43367080
344.328,compaction_begin,3,0
344.481,compaction_end,3,43367077
344.491,compaction_begin,3,0
344.643,compaction_end,3,43367079
344.653,compaction_begin,3,0
344.804,compaction_end,3,43367082
344.814,compaction_begin,3,0
344.968,compaction_end,3,42906743
344.978,compaction_begin,3,0
345.130,compaction_end,3,43367079
345.140,compaction_begin,3,0
345.289,compaction_end,3,42243698
345.298,compaction_begin,3,0
345.450,compaction_end,3,43367083
345.459,compaction_begin,3,0
345.606,flush_begin,0,0
345.616,flush_end,0,2744654
345.632,compaction_end,3,43367080
345.641,compaction_begin,2,0
345.935,compaction_end,2,3227307
345.954,compaction_begin,3,0
346.143,compaction_end,3,42754757
346.153,compaction_begin,3,0
346.301,compaction_end,3,42992652
346.311,compaction_begin,3,0
346.464,compaction_end,3,43367079
346.473,compaction_begin,3,0
346.624,compaction_end,3,42992655
346.634,compaction_begin,3,0
346.786,compaction_end,3,43367077
346.794,compaction_begin,3,0
346.947,compaction_end,3,43367082
346.957,compaction_begin,3,0
347.107,compaction_end,3,43367081
347.116,compaction_begin,3,0
347.270,compaction_end,3,42992653
347.280,compaction_begin,3,0
347.432,compaction_end,3,43367079
347.442,compaction_begin,3,0
347.592,compaction_end,3,43367081
347.601,compaction_begin,3,0
347.755,compaction_end,3,43367079
347.765,compaction_begin,3,0
347.921,compaction_end,3,43367081
347.930,compaction_begin,3,0
348.085,compaction_end,3,43367078
348.094,compaction_begin,3,0
348.246,compaction_end,3,43367085
348.255,compaction_begin,3,0
348.413,compaction_end,3,43367081
348.423,compaction_begin,3,0
348.574,compaction_end,3,42380277
348.584,compaction_begin,3,0
348.747,compaction_end,3,45917431
348.756,compaction_begin,3,0
348.909,compaction_end,3,43367078
348.918,compaction_begin,3,0
349.069,compaction_end,3,43367079
349.078,compaction_begin,3,0
349.159,compaction_end,3,22330952
349.168,compaction_begin,3,0
349.320,compaction_end,3,43367082
349.329,compaction_begin,3,0
