t,type,level,bytes
-29.839,flush_begin,0,0
-29.829,flush_end,0,2686930
-29.818,flush_begin,0,0
-29.809,flush_end,0,2686931
-29.799,flush_begin,0,0
-29.789,flush_end,0,2686931
-29.779,flush_begin,0,0
-29.769,flush_end,0,2686931
-29.758,flush_begin,0,0
-29.749,flush_end,0,2686931
-29.738,flush_begin,0,0
-29.729,flush_end,0,2686930
-29.719,flush_begin,0,0
-29.709,flush_end,0,2686932
-29.699,flush_begin,0,0
-29.689,flush_end,0,2686930
-29.679,flush_begin,0,0
-29.669,flush_end,0,2686932
-29.659,flush_begin,0,0
-29.649,flush_end,0,2686930
-29.639,flush_begin,0,0
-29.629,flush_end,0,2686931
-29.619,flush_begin,0,0
-29.609,flush_end,0,2686931
-29.599,flush_begin,0,0
-29.589,flush_end,0,2686930
-29.579,flush_begin,0,0
-29.569,flush_end,0,2686932
-29.559,flush_begin,0,0
-29.549,flush_end,0,2686930
-29.538,flush_begin,0,0
-29.529,flush_end,0,2686931
-29.518,flush_begin,0,0
-29.509,flush_end,0,2686931
-29.498,flush_begin,0,0
-29.488,flush_end,0,2686931
-29.477,flush_begin,0,0
-29.468,flush_end,0,2686931
-29.457,flush_begin,0,0
-29.448,flush_end,0,2686931
-29.437,flush_begin,0,0
-29.428,flush_end,0,2686930
-29.418,flush_begin,0,0
-29.408,flush_end,0,2686933
-29.400,flush_begin,0,0
-29.388,flush_end,0,2686930
-29.378,flush_begin,0,0
-29.368,flush_end,0,2686932
-29.358,flush_begin,0,0
-29.348,flush_end,0,2686930
-29.338,flush_begin,0,0
-29.328,flush_end,0,2686930
-29.318,flush_begin,0,0
-29.308,flush_end,0,2686932
-29.297,flush_begin,0,0
-29.288,flush_end,0,2686930
-29.278,flush_begin,0,0
-29.268,flush_end,0,2686932
-29.258,flush_begin,0,0
-29.248,flush_end,0,2686930
-29.238,flush_begin,0,0
-29.229,flush_end,0,2686931
-29.219,flush_begin,0,0
-29.209,flush_end,0,2686931
-29.199,flush_begin,0,0
-29.189,flush_end,0,2686931
-29.179,flush_begin,0,0
-29.169,flush_end,0,2686931
-29.159,flush_begin,0,0
-29.149,flush_end,0,2686931
-29.139,flush_begin,0,0
-29.130,flush_end,0,2686930
-29.119,flush_begin,0,0
-29.110,flush_end,0,2686932
-29.100,flush_begin,0,0
-29.090,flush_end,0,2686930
-29.080,flush_begin,0,0
-29.070,flush_end,0,2686931
-29.060,flush_begin,0,0
-29.050,flush_end,0,2686931
-29.034,trivial_move,3,2686930
-29.033,flush_begin,0,0
-29.023,flush_end,0,2686930
-29.007,trivial_move,3,2686931
-29.006,flush_begin,0,0
-28.997,flush_end,0,2686932
-28.981,trivial_move,3,2686931
-28.980,flush_begin,0,0
-28.971,flush_end,0,2686930
-28.955,trivial_move,3,2686931
-28.954,flush_begin,0,0
-28.944,flush_end,0,2686933
-28.928,trivial_move,3,2686931
-28.927,flush_begin,0,0
-28.917,flush_end,0,2686930
-28.901,trivial_move,3,2686930
-28.899,flush_begin,0,0
-28.889,flush_end,0,2686931
-28.873,trivial_move,3,2686932
-28.871,flush_begin,0,0
-28.860,flush_end,0,2686931
-28.844,trivial_move,3,2686930
-28.842,flush_begin,0,0
-28.832,flush_end,0,2686931
-28.816,trivial_move,3,2686932
-28.814,flush_begin,0,0
-28.803,flush_end,0,2686931
-28.787,trivial_move,3,2686930
-28.785,flush_begin,0,0
-28.774,flush_end,0,2686930
-28.758,trivial_move,3,2686931
-28.756,flush_begin,0,0
-28.745,flush_end,0,2686930
-28.729,trivial_move,3,2686931
-28.727,flush_begin,0,0
-28.715,flush_end,0,2686931
-28.699,trivial_move,3,2686930
-28.698,flush_begin,0,0
-28.687,flush_end,0,2686931
-28.671,trivial_move,3,2686932
-28.669,flush_begin,0,0
-28.657,flush_end,0,2686931
-28.641,trivial_move,3,2686930
-28.639,flush_begin,0,0
-28.627,flush_end,0,2686931
-28.611,trivial_move,3,2686931
-28.609,flush_begin,0,0
-28.597,flush_end,0,2686930
-28.581,trivial_move,3,2686931
-28.579,flush_begin,0,0
-28.568,flush_end,0,2686932
-28.552,trivial_move,3,2686931
-28.551,flush_begin,0,0
-28.539,flush_end,0,2686930
-28.523,trivial_move,3,2686931
-28.521,flush_begin,0,0
-28.510,flush_end,0,2686932
-28.494,trivial_move,3,2686931
-28.491,flush_begin,0,0
-28.479,flush_end,0,2686930
-28.463,trivial_move,3,2686930
-28.461,flush_begin,0,0
-28.450,flush_end,0,2686931
-28.434,trivial_move,3,2686933
-28.431,flush_begin,0,0
-28.419,flush_end,0,2686931
-28.403,trivial_move,3,2686930
-28.400,flush_begin,0,0
-28.389,flush_end,0,2686930
-28.373,trivial_move,3,2686932
-28.370,flush_begin,0,0
-28.358,flush_end,0,2686932
-28.342,trivial_move,3,2686930
-28.340,flush_begin,0,0
-28.328,flush_end,0,2686930
-28.312,trivial_move,3,2686930
-28.309,flush_begin,0,0
-28.298,flush_end,0,2686932
-28.282,trivial_move,3,2686932
-28.279,flush_begin,0,0
-28.268,flush_end,0,2686931
-28.252,trivial_move,3,2686930
-28.249,flush_begin,0,0
-28.237,flush_end,0,2686931
-28.221,trivial_move,3,2686932
-28.218,flush_begin,0,0
-28.207,flush_end,0,2686931
-28.191,trivial_move,3,2686930
-28.189,flush_begin,0,0
-28.178,flush_end,0,2686931
-28.162,trivial_move,3,2686931
-28.159,flush_begin,0,0
-28.148,flush_end,0,2686930
-28.132,trivial_move,3,2686931
-28.128,flush_begin,0,0
-28.116,flush_end,0,2686932
-28.100,trivial_move,3,2686931
-28.098,flush_begin,0,0
-28.086,flush_end,0,2686930
-28.070,trivial_move,3,2686931
-28.067,flush_begin,0,0
-28.056,flush_end,0,2686932
-28.040,trivial_move,3,2686931
-28.037,flush_begin,0,0
-28.025,flush_end,0,2686930
-28.009,trivial_move,3,2686930
-28.007,flush_begin,0,0
-27.994,flush_end,0,2686930
-27.978,trivial_move,3,2686932
-27.975,flush_begin,0,0
-27.963,flush_end,0,2686932
-27.947,trivial_move,3,2686930
-27.944,flush_begin,0,0
-27.933,flush_end,0,2686930
-27.917,trivial_move,3,2686931
-27.914,flush_begin,0,0
-27.903,flush_end,0,2686932
-27.887,trivial_move,3,2686931
-27.885,flush_begin,0,0
-27.873,flush_end,0,2686930
-27.857,trivial_move,3,2686930
-27.855,flush_begin,0,0
-27.844,flush_end,0,2686931
-27.828,trivial_move,3,2686932
-27.826,flush_begin,0,0
-27.815,flush_end,0,2686931
-27.799,trivial_move,3,2686930
-27.797,flush_begin,0,0
-27.786,flush_end,0,2686931
-27.770,trivial_move,3,2686933
-27.767,flush_begin,0,0
-27.756,flush_end,0,2686931
-27.740,trivial_move,3,2686930
-27.738,flush_begin,0,0
-27.726,flush_end,0,2686931
-27.710,trivial_move,3,2686931
-27.707,flush_begin,0,0
-27.696,flush_end,0,2686930
-27.680,trivial_move,3,2686931
-27.678,flush_begin,0,0
-27.667,flush_end,0,2686933
-27.651,trivial_move,3,2686931
-27.648,flush_begin,0,0
-27.637,flush_end,0,2686930
-27.621,trivial_move,3,2686931
-27.618,flush_begin,0,0
-27.607,flush_end,0,2686931
-27.591,trivial_move,3,2686930
-27.588,flush_begin,0,0
-27.577,flush_end,0,2686931
-27.561,trivial_move,3,2686930
-27.558,flush_begin,0,0
-27.546,flush_end,0,2686930
-27.530,trivial_move,3,2686931
-27.528,flush_begin,0,0
-27.516,flush_end,0,2686932
-27.500,trivial_move,3,2686931
-27.496,flush_begin,0,0
-27.484,flush_end,0,2686930
-27.468,trivial_move,3,2686931
-27.464,flush_begin,0,0
-27.452,flush_end,0,2686932
-27.436,trivial_move,3,2686931
-27.433,flush_begin,0,0
-27.422,flush_end,0,2686930
-27.406,trivial_move,3,2686930
-27.403,flush_begin,0,0
-27.391,flush_end,0,2686931
-27.375,trivial_move,3,2686932
-27.372,flush_begin,0,0
-27.360,flush_end,0,2686931
-27.344,trivial_move,3,2686930
-27.341,flush_begin,0,0
-27.329,flush_end,0,2686931
-27.313,trivial_move,3,2686932
-27.310,flush_begin,0,0
-27.297,flush_end,0,2686931
-27.281,trivial_move,3,2686930
-27.279,flush_begin,0,0
-27.267,flush_end,0,2686930
-27.251,trivial_move,3,2686931
-27.248,flush_begin,0,0
-27.237,flush_end,0,2686930
-27.221,trivial_move,3,2686931
-27.218,flush_begin,0,0
-27.207,flush_end,0,2686931
-27.191,trivial_move,3,2686930
-27.188,flush_begin,0,0
-27.176,flush_end,0,2686931
-27.160,trivial_move,3,2686932
-27.157,flush_begin,0,0
-27.145,flush_end,0,2686931
-27.129,trivial_move,3,2686930
-27.126,flush_begin,0,0
-27.113,flush_end,0,2686931
-27.097,trivial_move,3,2686932
-27.094,flush_begin,0,0
-27.082,flush_end,0,2686930
-27.066,trivial_move,3,2686931
-27.064,flush_begin,0,0
-27.052,flush_end,0,2686932
-27.036,trivial_move,3,2686931
-27.034,flush_begin,0,0
-27.022,flush_end,0,2686930
-27.006,trivial_move,3,2686931
-27.003,flush_begin,0,0
-26.991,flush_end,0,2686933
-26.975,trivial_move,3,2686931
-26.973,flush_begin,0,0
-26.962,flush_end,0,2686930
-26.946,trivial_move,3,2686930
-26.943,flush_begin,0,0
-26.932,flush_end,0,2686931
-26.916,trivial_move,3,2686932
-26.914,flush_begin,0,0
-26.902,flush_end,0,2686931
-26.886,trivial_move,3,2686930
-26.884,flush_begin,0,0
-26.872,flush_end,0,2686930
-26.856,trivial_move,3,2686932
-26.854,flush_begin,0,0
-26.843,flush_end,0,2686932
-26.827,trivial_move,3,2686930
-26.824,flush_begin,0,0
-26.813,flush_end,0,2686930
-26.797,trivial_move,3,2686930
-26.795,flush_begin,0,0
-26.784,flush_end,0,2686931
-26.768,trivial_move,3,2686932
-26.766,flush_begin,0,0
-26.755,flush_end,0,2686931
-26.739,trivial_move,3,2686930
-26.737,flush_begin,0,0
-26.726,flush_end,0,2686931
-26.710,trivial_move,3,2686932
-26.708,flush_begin,0,0
-26.697,flush_end,0,2686931
-26.681,trivial_move,3,2686930
-26.679,flush_begin,0,0
-26.667,flush_end,0,2686931
-26.651,trivial_move,3,2686931
-26.648,flush_begin,0,0
-26.637,flush_end,0,2686930
-26.621,trivial_move,3,2686931
-26.618,flush_begin,0,0
-26.607,flush_end,0,2686932
-26.591,trivial_move,3,2686931
-26.588,flush_begin,0,0
-26.577,flush_end,0,2686930
-26.561,trivial_move,3,2686931
-26.557,flush_begin,0,0
-26.545,flush_end,0,2686932
-26.529,trivial_move,3,2686931
-26.526,flush_begin,0,0
-26.515,flush_end,0,2686930
-26.499,trivial_move,3,2686930
-26.495,flush_begin,0,0
-26.483,flush_end,0,2686930
-26.467,trivial_move,3,2686933
-26.465,flush_begin,0,0
-26.453,flush_end,0,2686932
-26.437,trivial_move,3,2686930
-26.435,flush_begin,0,0
-26.424,flush_end,0,2686930
-26.408,trivial_move,3,2686931
-26.406,flush_begin,0,0
-26.394,flush_end,0,2686932
-26.378,trivial_move,3,2686931
-26.376,flush_begin,0,0
-26.363,flush_end,0,2686930
-26.347,trivial_move,3,2686930
-26.345,flush_begin,0,0
-26.334,flush_end,0,2686932
-26.318,trivial_move,3,2686932
-26.315,flush_begin,0,0
-26.303,flush_end,0,2686931
-26.287,trivial_move,3,2686930
-26.284,flush_begin,0,0
-26.273,flush_end,0,2686931
-26.257,trivial_move,3,2686932
-26.254,flush_begin,0,0
-26.242,flush_end,0,2686931
-26.226,trivial_move,3,2686930
-26.224,flush_begin,0,0
-26.212,flush_end,0,2686931
-26.196,trivial_move,3,2686931
-26.193,flush_begin,0,0
-26.181,flush_end,0,2686930
-26.165,trivial_move,3,2686931
-26.162,flush_begin,0,0
-26.151,flush_end,0,2686932
-26.135,trivial_move,3,2686931
-26.131,flush_begin,0,0
-26.119,flush_end,0,2686930
-26.103,trivial_move,3,2686931
-26.100,flush_begin,0,0
-26.087,flush_end,0,2686931
-26.071,trivial_move,3,2686930
-26.069,flush_begin,0,0
-26.057,flush_end,0,2686931
-26.041,trivial_move,3,2686930
-26.037,flush_begin,0,0
-26.025,flush_end,0,2686930
-26.009,trivial_move,3,2686931
-26.007,flush_begin,0,0
-25.995,flush_end,0,2686932
-25.979,trivial_move,3,2686931
-25.976,flush_begin,0,0
-25.965,flush_end,0,2686930
-25.949,trivial_move,3,2686931
-25.947,flush_begin,0,0
-25.935,flush_end,0,2686932
-25.919,trivial_move,3,2686931
-25.916,flush_begin,0,0
-25.905,flush_end,0,2686930
-25.889,trivial_move,3,2686930
-25.887,flush_begin,0,0
-25.875,flush_end,0,2686931
-25.859,trivial_move,3,2686932
-25.856,flush_begin,0,0
-25.844,flush_end,0,2686931
-25.828,trivial_move,3,2686930
-25.825,flush_begin,0,0
-25.814,flush_end,0,2686931
-25.798,trivial_move,3,2686933
-25.795,flush_begin,0,0
-25.783,flush_end,0,2686931
-25.767,trivial_move,3,2686930
-25.763,flush_begin,0,0
-25.751,flush_end,0,2686930
-25.735,trivial_move,3,2686931
-25.732,flush_begin,0,0
-25.720,flush_end,0,2686930
-25.704,trivial_move,3,2686931
-25.700,flush_begin,0,0
-25.687,flush_end,0,2686931
-25.671,trivial_move,3,2686930
-25.668,flush_begin,0,0
-25.656,flush_end,0,2686932
-25.640,trivial_move,3,2686932
-25.637,flush_begin,0,0
-25.624,flush_end,0,2686931
-25.608,trivial_move,3,2686930
-25.605,flush_begin,0,0
-25.593,flush_end,0,2686931
-25.578,trivial_move,3,2686931
-25.575,flush_begin,0,0
-25.563,flush_end,0,2686930
-25.547,trivial_move,3,2686931
-25.544,flush_begin,0,0
-25.532,flush_end,0,2686932
-25.516,trivial_move,3,2686931
-25.513,flush_begin,0,0
-25.500,flush_end,0,2686930
-25.484,trivial_move,3,2686931
-25.481,flush_begin,0,0
-25.468,flush_end,0,2686932
-25.452,trivial_move,3,2686931
-25.449,flush_begin,0,0
-25.437,flush_end,0,2686930
-25.421,trivial_move,3,2686930
-25.418,flush_begin,0,0
-25.407,flush_end,0,2686931
-25.391,trivial_move,3,2686932
-25.388,flush_begin,0,0
-25.376,flush_end,0,2686931
-25.360,trivial_move,3,2686930
-25.358,flush_begin,0,0
-25.346,flush_end,0,2686930
-25.330,trivial_move,3,2686932
-25.327,flush_begin,0,0
-25.316,flush_end,0,2686932
-25.300,trivial_move,3,2686930
-25.298,flush_begin,0,0
-25.286,flush_end,0,2686930
-25.270,trivial_move,3,2686930
-25.268,flush_begin,0,0
-25.256,flush_end,0,2686931
-25.240,trivial_move,3,2686932
-25.237,flush_begin,0,0
-25.226,flush_end,0,2686931
-25.210,trivial_move,3,2686930
-25.207,flush_begin,0,0
-25.195,flush_end,0,2686931
-25.179,trivial_move,3,2686932
-25.175,flush_begin,0,0
-25.163,flush_end,0,2686931
-25.147,trivial_move,3,2686930
-25.144,flush_begin,0,0
-25.132,flush_end,0,2686931
-25.116,trivial_move,3,2686932
-25.113,flush_begin,0,0
-25.100,flush_end,0,2686930
-25.084,trivial_move,3,2686931
-25.081,flush_begin,0,0
-25.069,flush_end,0,2686932
-25.053,trivial_move,3,2686931
-25.050,flush_begin,0,0
-25.038,flush_end,0,2686930
-25.022,trivial_move,3,2686931
-25.020,flush_begin,0,0
-25.008,flush_end,0,2686933
-24.992,trivial_move,3,2686931
-24.988,flush_begin,0,0
-24.976,flush_end,0,2686930
-24.960,trivial_move,3,2686930
-24.957,flush_begin,0,0
-24.946,flush_end,0,2686930
-24.930,trivial_move,3,2686932
-24.928,flush_begin,0,0
-24.916,flush_end,0,2686932
-24.900,trivial_move,3,2686930
-24.898,flush_begin,0,0
-24.886,flush_end,0,2686930
-24.870,trivial_move,3,2686931
-24.868,flush_begin,0,0
-24.857,flush_end,0,2686932
-24.841,trivial_move,3,2686931
-24.839,flush_begin,0,0
-24.827,flush_end,0,2686930
-24.811,trivial_move,3,2686930
-24.808,flush_begin,0,0
-24.796,flush_end,0,2686931
-24.780,trivial_move,3,2686932
-24.777,flush_begin,0,0
-24.766,flush_end,0,2686931
-24.750,trivial_move,3,2686930
-24.747,flush_begin,0,0
-24.736,flush_end,0,2686931
-24.720,trivial_move,3,2686932
-24.717,flush_begin,0,0
-24.706,flush_end,0,2686931
-24.690,trivial_move,3,2686930
-24.687,flush_begin,0,0
-24.676,flush_end,0,2686931
-24.660,trivial_move,3,2686931
-24.658,flush_begin,0,0
-24.646,flush_end,0,2686930
-24.630,trivial_move,3,2686931
-24.627,flush_begin,0,0
-24.615,flush_end,0,2686932
-24.599,trivial_move,3,2686931
-24.597,flush_begin,0,0
-24.585,flush_end,0,2686930
-24.569,trivial_move,3,2686931
-24.566,flush_begin,0,0
-24.555,flush_end,0,2686931
-24.539,trivial_move,3,2686930
-24.536,flush_begin,0,0
-24.525,flush_end,0,2686931
-24.509,trivial_move,3,2686930
-24.507,flush_begin,0,0
-24.495,flush_end,0,2686930
-24.479,trivial_move,3,2686931
-24.477,flush_begin,0,0
-24.466,flush_end,0,2686932
-24.450,trivial_move,3,2686932
-24.447,flush_begin,0,0
-24.436,flush_end,0,2686930
-24.420,trivial_move,3,2686931
-24.417,flush_begin,0,0
-24.406,flush_end,0,2686932
-24.390,trivial_move,3,2686931
-24.388,flush_begin,0,0
-24.376,flush_end,0,2686930
-24.359,trivial_move,3,2686930
-24.356,flush_begin,0,0
-24.345,flush_end,0,2686932
-24.329,trivial_move,3,2686932
-24.326,flush_begin,0,0
-24.313,flush_end,0,2686931
-24.297,trivial_move,3,2686930
-24.294,flush_begin,0,0
-24.283,flush_end,0,2686931
-24.267,trivial_move,3,2686932
-24.264,flush_begin,0,0
-24.252,flush_end,0,2686931
-24.236,trivial_move,3,2686930
-24.233,flush_begin,0,0
-24.221,flush_end,0,2686930
-24.200,trivial_move,3,2686931
-24.198,flush_begin,0,0
-24.187,flush_end,0,2686930
-24.171,trivial_move,3,2686931
-24.168,flush_begin,0,0
-24.157,flush_end,0,2686931
-24.142,trivial_move,3,2686930
-24.140,flush_begin,0,0
-24.129,flush_end,0,2686931
-24.110,trivial_move,3,2686932
-24.108,flush_begin,0,0
-24.096,flush_end,0,2686931
-24.080,trivial_move,3,2686930
-24.078,flush_begin,0,0
-24.066,flush_end,0,2686931
-24.050,trivial_move,3,2686931
-24.047,flush_begin,0,0
-24.035,flush_end,0,2686930
-24.019,trivial_move,3,2686931
-24.016,flush_begin,0,0
-24.004,flush_end,0,2686932
-23.988,trivial_move,3,2686931
-23.984,flush_begin,0,0
-23.973,flush_end,0,2686930
-23.957,trivial_move,3,2686931
-23.954,flush_begin,0,0
-23.942,flush_end,0,2686932
-23.926,trivial_move,3,2686931
-23.924,flush_begin,0,0
-23.912,flush_end,0,2686930
-23.896,trivial_move,3,2686930
-23.893,flush_begin,0,0
-23.882,flush_end,0,2686931
-23.866,trivial_move,3,2686932
-23.863,flush_begin,0,0
-23.851,flush_end,0,2686931
-23.835,trivial_move,3,2686930
-23.832,flush_begin,0,0
-23.819,flush_end,0,2686930
-23.803,trivial_move,3,2686933
-23.800,flush_begin,0,0
-23.787,flush_end,0,2686932
-23.771,trivial_move,3,2686930
-23.768,flush_begin,0,0
-23.756,flush_end,0,2686930
-23.740,trivial_move,3,2686930
-23.737,flush_begin,0,0
-23.726,flush_end,0,2686931
-23.710,trivial_move,3,2686932
-23.707,flush_begin,0,0
-23.696,flush_end,0,2686931
-23.680,trivial_move,3,2686930
-23.677,flush_begin,0,0
-23.666,flush_end,0,2686933
-23.650,trivial_move,3,2686932
-23.647,flush_begin,0,0
-23.636,flush_end,0,2686931
-23.620,trivial_move,3,2686930
-23.616,flush_begin,0,0
-23.604,flush_end,0,2686931
-23.588,trivial_move,3,2686931
-23.585,flush_begin,0,0
-23.573,flush_end,0,2686930
-23.557,trivial_move,3,2686931
-23.554,flush_begin,0,0
-23.542,flush_end,0,2686932
-23.526,trivial_move,3,2686931
-23.524,flush_begin,0,0
-23.512,flush_end,0,2686930
-23.496,trivial_move,3,2686931
-23.492,flush_begin,0,0
-23.480,flush_end,0,2686932
-23.464,trivial_move,3,2686931
-23.461,flush_begin,0,0
-23.449,flush_end,0,2686930
-23.433,trivial_move,3,2686930
-23.430,flush_begin,0,0
-23.419,flush_end,0,2686930
-23.403,trivial_move,3,2686932
-23.400,flush_begin,0,0
-23.388,flush_end,0,2686932
-23.372,trivial_move,3,2686930
-23.368,flush_begin,0,0
-23.356,flush_end,0,2686930
-23.340,trivial_move,3,2686931
-23.336,flush_begin,0,0
-23.324,flush_end,0,2686932
-23.308,trivial_move,3,2686931
-23.304,flush_begin,0,0
-23.292,flush_end,0,2686930
-23.276,trivial_move,3,2686930
-23.273,flush_begin,0,0
-23.261,flush_end,0,2686931
-23.245,trivial_move,3,2686932
-23.241,flush_begin,0,0
-23.230,flush_end,0,2686931
-23.214,trivial_move,3,2686930
-23.211,flush_begin,0,0
-23.199,flush_end,0,2686931
-23.183,trivial_move,3,2686932
-23.180,flush_begin,0,0
-23.169,flush_end,0,2686931
-23.153,trivial_move,3,2686930
-23.150,flush_begin,0,0
-23.139,flush_end,0,2686931
-23.123,trivial_move,3,2686932
-23.120,flush_begin,0,0
-23.109,flush_end,0,2686930
-23.093,trivial_move,3,2686931
-23.091,flush_begin,0,0
-23.079,flush_end,0,2686932
-23.063,trivial_move,3,2686931
-23.060,flush_begin,0,0
-23.049,flush_end,0,2686930
-23.033,trivial_move,3,2686931
-23.030,flush_begin,0,0
-23.018,flush_end,0,2686931
-23.002,trivial_move,3,2686930
-22.999,flush_begin,0,0
-22.988,flush_end,0,2686932
-22.972,trivial_move,3,2686930
-22.969,flush_begin,0,0
-22.958,flush_end,0,2686930
-22.942,trivial_move,3,2686931
-22.940,flush_begin,0,0
-22.929,flush_end,0,2686932
-22.913,trivial_move,3,2686931
-22.910,flush_begin,0,0
-22.899,flush_end,0,2686930
-22.883,trivial_move,3,2686931
-22.879,flush_begin,0,0
-22.868,flush_end,0,2686932
-22.852,trivial_move,3,2686931
-22.848,flush_begin,0,0
-22.837,flush_end,0,2686930
-22.821,trivial_move,3,2686930
-22.818,flush_begin,0,0
-22.807,flush_end,0,2686931
-22.791,trivial_move,3,2686932
-22.788,flush_begin,0,0
-22.776,flush_end,0,2686931
-22.760,trivial_move,3,2686930
-22.758,flush_begin,0,0
-22.746,flush_end,0,2686931
-22.730,trivial_move,3,2686932
-22.727,flush_begin,0,0
-22.716,flush_end,0,2686931
-22.700,trivial_move,3,2686930
-22.697,flush_begin,0,0
-22.686,flush_end,0,2686930
-22.670,trivial_move,3,2686931
-22.668,flush_begin,0,0
-22.656,flush_end,0,2686930
-22.640,trivial_move,3,2686931
-22.637,flush_begin,0,0
-22.625,flush_end,0,2686931
-22.609,trivial_move,3,2686930
-22.606,flush_begin,0,0
-22.593,flush_end,0,2686931
-22.577,trivial_move,3,2686932
-22.574,flush_begin,0,0
-22.563,flush_end,0,2686931
-22.547,trivial_move,3,2686930
-22.545,flush_begin,0,0
-22.533,flush_end,0,2686931
-22.517,trivial_move,3,2686931
-22.514,flush_begin,0,0
-22.503,flush_end,0,2686930
-22.487,trivial_move,3,2686931
-22.484,flush_begin,0,0
-22.473,flush_end,0,2686932
-22.457,trivial_move,3,2686933
-22.455,flush_begin,0,0
-22.445,flush_end,0,2686930
-22.429,trivial_move,3,2686931
-22.428,flush_begin,0,0
-22.419,flush_end,0,2686932
-22.403,trivial_move,3,2686931
-22.402,flush_begin,0,0
-22.392,flush_end,0,2686930
-22.376,trivial_move,3,2686930
-22.375,flush_begin,0,0
-22.365,flush_end,0,2686932
-22.349,trivial_move,3,2686932
-22.348,flush_begin,0,0
-22.338,flush_end,0,2686931
-22.322,trivial_move,3,2686930
-22.321,flush_begin,0,0
-22.311,flush_end,0,2686930
-22.295,trivial_move,3,2686932
-22.294,flush_begin,0,0
-22.283,flush_end,0,2686932
-22.267,trivial_move,3,2686930
-22.265,flush_begin,0,0
-22.255,flush_end,0,2686930
-22.239,trivial_move,3,2686930
-22.237,flush_begin,0,0
-22.226,flush_end,0,2686931
-22.210,trivial_move,3,2686932
-22.208,flush_begin,0,0
-22.198,flush_end,0,2686931
-22.182,trivial_move,3,2686930
-22.180,flush_begin,0,0
-22.169,flush_end,0,2686931
-22.153,trivial_move,3,2686932
-22.151,flush_begin,0,0
-22.140,flush_end,0,2686931
-22.124,trivial_move,3,2686930
-22.122,flush_begin,0,0
-22.111,flush_end,0,2686931
-22.095,trivial_move,3,2686931
-22.093,flush_begin,0,0
-22.082,flush_end,0,2686930
-22.066,trivial_move,3,2686931
-22.063,flush_begin,0,0
-22.052,flush_end,0,2686932
-22.036,trivial_move,3,2686931
-22.034,flush_begin,0,0
-22.023,flush_end,0,2686930
-22.007,trivial_move,3,2686931
-22.005,flush_begin,0,0
-21.993,flush_end,0,2686932
-21.977,trivial_move,3,2686931
-21.975,flush_begin,0,0
-21.964,flush_end,0,2686930
-21.948,trivial_move,3,2686930
-21.946,flush_begin,0,0
-21.934,flush_end,0,2686930
-21.918,trivial_move,3,2686932
-21.916,flush_begin,0,0
-21.904,flush_end,0,2686932
-21.888,trivial_move,3,2686930
-21.886,flush_begin,0,0
-21.874,flush_end,0,2686930
-21.858,trivial_move,3,2686931
-21.855,flush_begin,0,0
-21.844,flush_end,0,2686932
-21.828,trivial_move,3,2686932
-21.826,flush_begin,0,0
-21.815,flush_end,0,2686930
-21.798,trivial_move,3,2686930
-21.796,flush_begin,0,0
-21.785,flush_end,0,2686931
-21.769,trivial_move,3,2686932
-21.767,flush_begin,0,0
-21.756,flush_end,0,2686931
-21.740,trivial_move,3,2686930
-21.738,flush_begin,0,0
-21.726,flush_end,0,2686932
-21.710,trivial_move,3,2686932
-21.708,flush_begin,0,0
-21.697,flush_end,0,2686931
-21.681,trivial_move,3,2686930
-21.679,flush_begin,0,0
-21.668,flush_end,0,2686931
-21.652,trivial_move,3,2686931
-21.649,flush_begin,0,0
-21.638,flush_end,0,2686930
-21.622,trivial_move,3,2686931
-21.619,flush_begin,0,0
-21.608,flush_end,0,2686932
-21.592,trivial_move,3,2686931
-21.590,flush_begin,0,0
-21.578,flush_end,0,2686930
-21.562,trivial_move,3,2686931
-21.560,flush_begin,0,0
-21.548,flush_end,0,2686931
-21.532,trivial_move,3,2686930
-21.530,flush_begin,0,0
-21.518,flush_end,0,2686931
-21.502,trivial_move,3,2686930
-21.500,flush_begin,0,0
-21.488,flush_end,0,2686930
-21.472,trivial_move,3,2686931
-21.470,flush_begin,0,0
-21.459,flush_end,0,2686932
-21.444,trivial_move,3,2686931
-21.442,flush_begin,0,0
-21.431,flush_end,0,2686930
-21.415,trivial_move,3,2686931
-21.413,flush_begin,0,0
-21.402,flush_end,0,2686932
-21.385,trivial_move,3,2686931
-21.383,flush_begin,0,0
-21.371,flush_end,0,2686930
-21.354,trivial_move,3,2686930
-21.352,flush_begin,0,0
-21.341,flush_end,0,2686931
-21.325,trivial_move,3,2686932
-21.322,flush_begin,0,0
-21.311,flush_end,0,2686931
-21.294,trivial_move,3,2686930
-21.293,flush_begin,0,0
-21.281,flush_end,0,2686931
-21.265,trivial_move,3,2686932
-21.263,flush_begin,0,0
-21.251,flush_end,0,2686931
-21.235,trivial_move,3,2686930
-21.233,flush_begin,0,0
-21.221,flush_end,0,2686930
-21.204,trivial_move,3,2686932
-21.202,flush_begin,0,0
-21.191,flush_end,0,2686930
-21.175,trivial_move,3,2686931
-21.173,flush_begin,0,0
-21.162,flush_end,0,2686931
-21.146,trivial_move,3,2686930
-21.143,flush_begin,0,0
-21.132,flush_end,0,2686931
-21.116,trivial_move,3,2686932
-21.113,flush_begin,0,0
-21.102,flush_end,0,2686931
-21.086,trivial_move,3,2686930
-21.083,flush_begin,0,0
-21.071,flush_end,0,2686932
-21.055,trivial_move,3,2686931
-21.052,flush_begin,0,0
-21.039,flush_end,0,2686930
-21.022,trivial_move,3,2686931
-21.019,flush_begin,0,0
-21.007,flush_end,0,2686932
-20.991,trivial_move,3,2686931
-20.987,flush_begin,0,0
-20.975,flush_end,0,2686930
-20.959,trivial_move,3,2686931
-20.956,flush_begin,0,0
-20.945,flush_end,0,2686932
-20.928,trivial_move,3,2686931
-20.925,flush_begin,0,0
-20.913,flush_end,0,2686930
-20.897,trivial_move,3,2686930
-20.895,flush_begin,0,0
-20.882,flush_end,0,2686931
-20.866,trivial_move,3,2686932
-20.863,flush_begin,0,0
-20.851,flush_end,0,2686931
-20.834,trivial_move,3,2686930
-20.831,flush_begin,0,0
-20.819,flush_end,0,2686930
-20.803,trivial_move,3,2686932
-20.800,flush_begin,0,0
-20.789,flush_end,0,2686932
-20.773,trivial_move,3,2686930
-20.771,flush_begin,0,0
-20.759,flush_end,0,2686930
-20.743,trivial_move,3,2686930
-20.740,flush_begin,0,0
-20.729,flush_end,0,2686931
-20.713,trivial_move,3,2686932
-20.710,flush_begin,0,0
-20.699,flush_end,0,2686931
-20.683,trivial_move,3,2686930
-20.681,flush_begin,0,0
-20.669,flush_end,0,2686931
-20.652,trivial_move,3,2686932
-20.650,flush_begin,0,0
-20.638,flush_end,0,2686931
-20.622,trivial_move,3,2686930
-20.619,flush_begin,0,0
-20.607,flush_end,0,2686931
-20.591,trivial_move,3,2686931
-20.589,flush_begin,0,0
-20.577,flush_end,0,2686930
-20.560,trivial_move,3,2686931
-20.557,flush_begin,0,0
-20.546,flush_end,0,2686932
-20.530,trivial_move,3,2686932
-20.527,flush_begin,0,0
-20.515,flush_end,0,2686930
-20.499,trivial_move,3,2686931
-20.497,flush_begin,0,0
-20.485,flush_end,0,2686932
-20.468,trivial_move,3,2686931
-20.466,flush_begin,0,0
-20.454,flush_end,0,2686930
-20.438,trivial_move,3,2686930
-20.436,flush_begin,0,0
-20.424,flush_end,0,2686930
-20.408,trivial_move,3,2686932
-20.406,flush_begin,0,0
-20.394,flush_end,0,2686933
-20.378,trivial_move,3,2686930
-20.375,flush_begin,0,0
-20.363,flush_end,0,2686930
-20.346,trivial_move,3,2686931
-20.343,flush_begin,0,0
-20.330,flush_end,0,2686932
-20.314,trivial_move,3,2686931
-20.312,flush_begin,0,0
-20.300,flush_end,0,2686930
-20.283,trivial_move,3,2686930
-20.280,flush_begin,0,0
-20.269,flush_end,0,2686931
-20.253,trivial_move,3,2686932
-20.250,flush_begin,0,0
-20.239,flush_end,0,2686931
-20.223,trivial_move,3,2686930
-20.221,flush_begin,0,0
-20.209,flush_end,0,2686931
-20.193,trivial_move,3,2686932
-20.190,flush_begin,0,0
-20.179,flush_end,0,2686931
-20.163,trivial_move,3,2686930
-20.159,flush_begin,0,0
-20.147,flush_end,0,2686931
-20.131,trivial_move,3,2686931
-20.127,flush_begin,0,0
-20.115,flush_end,0,2686930
-20.099,trivial_move,3,2686931
-20.096,flush_begin,0,0
-20.085,flush_end,0,2686932
-20.069,trivial_move,3,2686931
-20.066,flush_begin,0,0
-20.055,flush_end,0,2686930
-20.039,trivial_move,3,2686931
-20.036,flush_begin,0,0
-20.025,flush_end,0,2686931
-20.008,trivial_move,3,2686930
-20.006,flush_begin,0,0
-19.994,flush_end,0,2686931
-19.978,trivial_move,3,2686930
-19.974,flush_begin,0,0
-19.962,flush_end,0,2686930
-19.946,trivial_move,3,2686931
-19.944,flush_begin,0,0
-19.932,flush_end,0,2686932
-19.917,trivial_move,3,2686931
-19.914,flush_begin,0,0
-19.902,flush_end,0,2686930
-19.886,trivial_move,3,2686931
-19.883,flush_begin,0,0
-19.872,flush_end,0,2686932
-19.856,trivial_move,3,2686932
-19.853,flush_begin,0,0
-19.841,flush_end,0,2686930
-19.825,trivial_move,3,2686930
-19.823,flush_begin,0,0
-19.811,flush_end,0,2686931
-19.795,trivial_move,3,2686932
-19.792,flush_begin,0,0
-19.780,flush_end,0,2686931
-19.764,trivial_move,3,2686930
-19.761,flush_begin,0,0
-19.749,flush_end,0,2686932
-19.732,trivial_move,3,2686932
-19.729,flush_begin,0,0
-19.716,flush_end,0,2686931
-19.700,trivial_move,3,2686930
-19.698,flush_begin,0,0
-19.686,flush_end,0,2686930
-19.670,trivial_move,3,2686931
-19.667,flush_begin,0,0
-19.654,flush_end,0,2686930
-19.637,trivial_move,3,2686931
-19.635,flush_begin,0,0
-19.623,flush_end,0,2686931
-19.607,trivial_move,3,2686930
-19.604,flush_begin,0,0
-19.592,flush_end,0,2686931
-19.576,trivial_move,3,2686932
-19.573,flush_begin,0,0
-19.561,flush_end,0,2686931
-19.545,trivial_move,3,2686930
-19.542,flush_begin,0,0
-19.529,flush_end,0,2686931
-19.513,trivial_move,3,2686931
-19.510,flush_begin,0,0
-19.497,flush_end,0,2686930
-19.481,trivial_move,3,2686931
-19.478,flush_begin,0,0
-19.465,flush_end,0,2686932
-19.449,trivial_move,3,2686931
-19.446,flush_begin,0,0
-19.434,flush_end,0,2686930
-19.418,trivial_move,3,2686931
-19.415,flush_begin,0,0
-19.403,flush_end,0,2686932
-19.387,trivial_move,3,2686931
-19.383,flush_begin,0,0
-19.371,flush_end,0,2686930
-19.354,trivial_move,3,2686930
-19.351,flush_begin,0,0
-19.339,flush_end,0,2686931
-19.323,trivial_move,3,2686932
-19.320,flush_begin,0,0
-19.308,flush_end,0,2686931
-19.292,trivial_move,3,2686930
-19.289,flush_begin,0,0
-19.278,flush_end,0,2686930
-19.261,trivial_move,3,2686932
-19.258,flush_begin,0,0
-19.245,flush_end,0,2686932
-19.229,trivial_move,3,2686930
-19.226,flush_begin,0,0
-19.213,flush_end,0,2686930
-19.197,trivial_move,3,2686930
-19.194,flush_begin,0,0
-19.182,flush_end,0,2686931
-19.165,trivial_move,3,2686933
-19.162,flush_begin,0,0
-19.150,flush_end,0,2686931
-19.134,trivial_move,3,2686930
-19.131,flush_begin,0,0
-19.119,flush_end,0,2686931
-19.103,trivial_move,3,2686932
-19.099,flush_begin,0,0
-19.088,flush_end,0,2686931
-19.071,trivial_move,3,2686930
-19.068,flush_begin,0,0
-19.056,flush_end,0,2686932
-19.040,trivial_move,3,2686931
-19.037,flush_begin,0,0
-19.025,flush_end,0,2686930
-19.009,trivial_move,3,2686931
-19.007,flush_begin,0,0
-18.995,flush_end,0,2686932
-18.978,trivial_move,3,2686931
-18.975,flush_begin,0,0
-18.963,flush_end,0,2686930
-18.947,trivial_move,3,2686931
-18.944,flush_begin,0,0
-18.932,flush_end,0,2686932
-18.916,trivial_move,3,2686931
-18.914,flush_begin,0,0
-18.902,flush_end,0,2686930
-18.885,trivial_move,3,2686930
-18.883,flush_begin,0,0
-18.871,flush_end,0,2686930
-18.854,trivial_move,3,2686932
-18.851,flush_begin,0,0
-18.840,flush_end,0,2686932
-18.824,trivial_move,3,2686930
-18.822,flush_begin,0,0
-18.810,flush_end,0,2686930
-18.793,trivial_move,3,2686931
-18.790,flush_begin,0,0
-18.778,flush_end,0,2686932
-18.762,trivial_move,3,2686931
-18.759,flush_begin,0,0
-18.747,flush_end,0,2686930
-18.729,trivial_move,3,2686930
-18.726,flush_begin,0,0
-18.714,flush_end,0,2686931
-18.698,trivial_move,3,2686932
-18.696,flush_begin,0,0
-18.683,flush_end,0,2686931
-18.667,trivial_move,3,2686930
-18.665,flush_begin,0,0
-18.653,flush_end,0,2686931
-18.637,trivial_move,3,2686932
-18.634,flush_begin,0,0
-18.622,flush_end,0,2686931
-18.606,trivial_move,3,2686930
-18.603,flush_begin,0,0
-18.591,flush_end,0,2686931
-18.575,trivial_move,3,2686931
-18.572,flush_begin,0,0
-18.561,flush_end,0,2686930
-18.545,trivial_move,3,2686931
-18.543,flush_begin,0,0
-18.531,flush_end,0,2686932
-18.515,trivial_move,3,2686932
-18.512,flush_begin,0,0
-18.500,flush_end,0,2686930
-18.484,trivial_move,3,2686931
-18.481,flush_begin,0,0
-18.468,flush_end,0,2686931
-18.452,trivial_move,3,2686930
-18.450,flush_begin,0,0
-18.438,flush_end,0,2686931
-18.422,trivial_move,3,2686930
-18.420,flush_begin,0,0
-18.409,flush_end,0,2686930
-18.393,trivial_move,3,2686931
-18.391,flush_begin,0,0
-18.380,flush_end,0,2686933
-18.364,trivial_move,3,2686931
-18.362,flush_begin,0,0
-18.351,flush_end,0,2686930
-18.335,trivial_move,3,2686931
-18.333,flush_begin,0,0
-18.322,flush_end,0,2686932
-18.306,trivial_move,3,2686931
-18.304,flush_begin,0,0
-18.293,flush_end,0,2686930
-18.278,trivial_move,3,2686930
-18.276,flush_begin,0,0
-18.265,flush_end,0,2686931
-18.249,trivial_move,3,2686932
-18.247,flush_begin,0,0
-18.236,flush_end,0,2686931
-18.220,trivial_move,3,2686930
-18.218,flush_begin,0,0
-18.207,flush_end,0,2686931
-18.191,trivial_move,3,2686932
-18.189,flush_begin,0,0
-18.178,flush_end,0,2686931
-18.162,trivial_move,3,2686930
-18.160,flush_begin,0,0
-18.148,flush_end,0,2686930
-18.132,trivial_move,3,2686931
-18.130,flush_begin,0,0
-18.118,flush_end,0,2686930
-18.102,trivial_move,3,2686931
-18.100,flush_begin,0,0
-18.089,flush_end,0,2686931
-18.073,trivial_move,3,2686930
-18.071,flush_begin,0,0
-18.059,flush_end,0,2686931
-18.043,trivial_move,3,2686932
-18.041,flush_begin,0,0
-18.029,flush_end,0,2686931
-18.013,trivial_move,3,2686930
-18.010,flush_begin,0,0
-17.998,flush_end,0,2686931
-17.982,trivial_move,3,2686931
-17.978,flush_begin,0,0
-17.966,flush_end,0,2686930
-17.950,trivial_move,3,2686931
-17.947,flush_begin,0,0
-17.935,flush_end,0,2686932
-17.919,trivial_move,3,2686931
-17.916,flush_begin,0,0
-17.905,flush_end,0,2686930
-17.889,trivial_move,3,2686931
-17.886,flush_begin,0,0
-17.873,flush_end,0,2686932
-17.857,trivial_move,3,2686932
-17.854,flush_begin,0,0
-17.841,flush_end,0,2686930
-17.825,trivial_move,3,2686930
-17.821,flush_begin,0,0
-17.809,flush_end,0,2686931
-17.793,trivial_move,3,2686932
-17.790,flush_begin,0,0
-17.778,flush_end,0,2686931
-17.762,trivial_move,3,2686930
-17.759,flush_begin,0,0
-17.747,flush_end,0,2686930
-17.731,trivial_move,3,2686932
-17.728,flush_begin,0,0
-17.715,flush_end,0,2686933
-17.699,trivial_move,3,2686930
-17.696,flush_begin,0,0
-17.683,flush_end,0,2686930
-17.667,trivial_move,3,2686930
-17.664,flush_begin,0,0
-17.652,flush_end,0,2686931
-17.636,trivial_move,3,2686932
-17.633,flush_begin,0,0
-17.622,flush_end,0,2686931
-17.606,trivial_move,3,2686930
-17.603,flush_begin,0,0
-17.591,flush_end,0,2686931
-17.575,trivial_move,3,2686932
-17.572,flush_begin,0,0
-17.560,flush_end,0,2686931
-17.544,trivial_move,3,2686930
-17.541,flush_begin,0,0
-17.529,flush_end,0,2686931
-17.513,trivial_move,3,2686931
-17.510,flush_begin,0,0
-17.498,flush_end,0,2686930
-17.482,trivial_move,3,2686931
-17.480,flush_begin,0,0
-17.468,flush_end,0,2686932
-17.452,trivial_move,3,2686931
-17.449,flush_begin,0,0
-17.437,flush_end,0,2686930
-17.421,trivial_move,3,2686931
-17.418,flush_begin,0,0
-17.406,flush_end,0,2686932
-17.390,trivial_move,3,2686931
-17.387,flush_begin,0,0
-17.375,flush_end,0,2686930
-17.358,trivial_move,3,2686930
-17.356,flush_begin,0,0
-17.344,flush_end,0,2686930
-17.328,trivial_move,3,2686932
-17.325,flush_begin,0,0
-17.312,flush_end,0,2686932
-17.296,trivial_move,3,2686930
-17.293,flush_begin,0,0
-17.281,flush_end,0,2686930
-17.264,trivial_move,3,2686931
-17.261,flush_begin,0,0
-17.249,flush_end,0,2686932
-17.233,trivial_move,3,2686931
-17.230,flush_begin,0,0
-17.218,flush_end,0,2686930
-17.202,trivial_move,3,2686930
-17.194,trivial_move,4,2686930
-17.192,flush_begin,0,0
-17.181,flush_end,0,2686931
-17.164,trivial_move,3,2686933
-17.155,trivial_move,4,2686931
-17.153,flush_begin,0,0
-17.140,flush_end,0,2686931
-17.124,trivial_move,3,2686930
-17.116,trivial_move,4,2686931
-17.115,flush_begin,0,0
-17.102,flush_end,0,2686931
-17.087,trivial_move,3,2686932
-17.079,trivial_move,4,2686931
-17.077,flush_begin,0,0
-17.064,flush_end,0,2686931
-17.045,trivial_move,3,2686930
-17.035,trivial_move,4,2686931
-17.033,flush_begin,0,0
-17.009,flush_end,0,2686933
-16.993,trivial_move,3,2686931
-16.985,trivial_move,4,2686930
-16.983,flush_begin,0,0
-16.968,flush_end,0,2686930
-16.952,trivial_move,3,2686931
-16.944,trivial_move,4,2686932
-16.941,flush_begin,0,0
-16.926,flush_end,0,2686932
-16.910,trivial_move,3,2686931
-16.902,trivial_move,4,2686930
-16.899,flush_begin,0,0
-16.882,flush_end,0,2686930
-16.865,trivial_move,3,2686931
-16.857,trivial_move,4,2686932
-16.854,flush_begin,0,0
-16.839,flush_end,0,2686931
-16.823,trivial_move,3,2686930
-16.815,trivial_move,4,2686930
-16.812,flush_begin,0,0
-16.797,flush_end,0,2686931
-16.781,trivial_move,3,2686930
-16.773,trivial_move,4,2686931
-16.770,flush_begin,0,0
-16.755,flush_end,0,2686930
-16.739,trivial_move,3,2686931
-16.731,trivial_move,4,2686931
-16.728,flush_begin,0,0
-16.713,flush_end,0,2686932
-16.697,trivial_move,3,2686931
-16.689,trivial_move,4,2686930
-16.686,flush_begin,0,0
-16.672,flush_end,0,2686930
-16.656,trivial_move,3,2686931
-16.648,trivial_move,4,2686932
-16.645,flush_begin,0,0
-16.631,flush_end,0,2686932
-16.615,trivial_move,3,2686931
-16.608,trivial_move,4,2686930
-16.604,flush_begin,0,0
-16.589,flush_end,0,2686930
-16.573,trivial_move,3,2686930
-16.565,trivial_move,4,2686931
-16.563,flush_begin,0,0
-16.549,flush_end,0,2686931
-16.533,trivial_move,3,2686932
-16.525,trivial_move,4,2686931
-16.523,flush_begin,0,0
-16.509,flush_end,0,2686931
-16.493,trivial_move,3,2686930
-16.485,trivial_move,4,2686931
-16.482,flush_begin,0,0
-16.468,flush_end,0,2686931
-16.451,trivial_move,3,2686932
-16.443,trivial_move,4,2686931
-16.440,flush_begin,0,0
-16.427,flush_end,0,2686931
-16.411,trivial_move,3,2686930
-16.403,trivial_move,4,2686931
-16.400,flush_begin,0,0
-16.387,flush_end,0,2686930
-16.371,trivial_move,3,2686931
-16.363,trivial_move,4,2686930
-16.360,flush_begin,0,0
-16.347,flush_end,0,2686930
-16.331,trivial_move,3,2686931
-16.323,trivial_move,4,2686933
-16.321,flush_begin,0,0
-16.306,flush_end,0,2686931
-16.290,trivial_move,3,2686930
-16.283,trivial_move,4,2686930
-16.281,flush_begin,0,0
-16.267,flush_end,0,2686931
-16.251,trivial_move,3,2686933
-16.243,trivial_move,4,2686932
-16.241,flush_begin,0,0
-16.228,flush_end,0,2686931
-16.212,trivial_move,3,2686930
-16.204,trivial_move,4,2686930
-16.203,flush_begin,0,0
-16.190,flush_end,0,2686931
-16.174,trivial_move,3,2686931
-16.166,trivial_move,4,2686930
-16.163,flush_begin,0,0
-16.149,flush_end,0,2686930
-16.133,trivial_move,3,2686931
-16.125,trivial_move,4,2686932
-16.122,flush_begin,0,0
-16.108,flush_end,0,2686933
-16.092,trivial_move,3,2686931
-16.084,trivial_move,4,2686930
-16.082,flush_begin,0,0
-16.068,flush_end,0,2686930
-16.052,trivial_move,3,2686931
-16.044,trivial_move,4,2686932
-16.041,flush_begin,0,0
-16.026,flush_end,0,2686932
-16.010,trivial_move,3,2686931
-16.002,trivial_move,4,2686930
-15.999,flush_begin,0,0
-15.985,flush_end,0,2686930
-15.969,trivial_move,3,2686930
-15.961,trivial_move,4,2686931
-15.958,flush_begin,0,0
-15.945,flush_end,0,2686931
-15.929,trivial_move,3,2686932
-15.921,trivial_move,4,2686931
-15.918,flush_begin,0,0
-15.904,flush_end,0,2686931
-15.888,trivial_move,3,2686930
-15.880,trivial_move,4,2686931
-15.879,flush_begin,0,0
-15.864,flush_end,0,2686930
-15.848,trivial_move,3,2686932
-15.840,trivial_move,4,2686931
-15.838,flush_begin,0,0
-15.824,flush_end,0,2686932
-15.808,trivial_move,3,2686930
-15.800,trivial_move,4,2686931
-15.797,flush_begin,0,0
-15.783,flush_end,0,2686930
-15.767,trivial_move,3,2686930
-15.759,trivial_move,4,2686930
-15.757,flush_begin,0,0
-15.741,flush_end,0,2686931
-15.724,trivial_move,3,2686932
-15.716,trivial_move,4,2686932
-15.713,flush_begin,0,0
-15.699,flush_end,0,2686931
-15.683,trivial_move,3,2686930
-15.675,trivial_move,4,2686930
-15.672,flush_begin,0,0
-15.658,flush_end,0,2686931
-15.642,trivial_move,3,2686932
-15.634,trivial_move,4,2686931
-15.630,flush_begin,0,0
-15.616,flush_end,0,2686931
-15.600,trivial_move,3,2686930
-15.592,trivial_move,4,2686931
-15.589,flush_begin,0,0
-15.576,flush_end,0,2686931
-15.559,trivial_move,3,2686931
-15.551,trivial_move,4,2686930
-15.549,flush_begin,0,0
-15.535,flush_end,0,2686930
-15.519,trivial_move,3,2686931
-15.511,trivial_move,4,2686932
-15.509,flush_begin,0,0
-15.493,flush_end,0,2686932
-15.477,trivial_move,3,2686931
-15.469,trivial_move,4,2686930
-15.466,flush_begin,0,0
-15.451,flush_end,0,2686930
-15.434,trivial_move,3,2686931
-15.426,trivial_move,4,2686933
-15.424,flush_begin,0,0
-15.410,flush_end,0,2686932
-15.394,trivial_move,3,2686933
-15.386,trivial_move,4,2686930
-15.384,flush_begin,0,0
-15.370,flush_end,0,2686930
-15.353,trivial_move,3,2686930
-15.345,trivial_move,4,2686931
-15.342,flush_begin,0,0
-15.327,flush_end,0,2686930
-15.310,trivial_move,3,2686932
-15.302,trivial_move,4,2686931
-15.300,flush_begin,0,0
-15.286,flush_end,0,2686932
-15.269,trivial_move,3,2686930
-15.261,trivial_move,4,2686931
-15.259,flush_begin,0,0
-15.244,flush_end,0,2686930
-15.228,trivial_move,3,2686931
-15.220,trivial_move,4,2686931
-15.216,flush_begin,0,0
-15.202,flush_end,0,2686933
-15.186,trivial_move,3,2686931
-15.178,trivial_move,4,2686930
-15.175,flush_begin,0,0
-15.160,flush_end,0,2686930
-15.144,trivial_move,3,2686930
-15.136,trivial_move,4,2686930
-15.133,flush_begin,0,0
-15.118,flush_end,0,2686931
-15.101,trivial_move,3,2686932
-15.093,trivial_move,4,2686931
-15.091,flush_begin,0,0
-15.077,flush_end,0,2686931
-15.060,trivial_move,3,2686930
-15.052,trivial_move,4,2686931
-15.049,flush_begin,0,0
-15.035,flush_end,0,2686931
-15.019,trivial_move,3,2686932
-15.011,trivial_move,4,2686931
-15.007,flush_begin,0,0
-14.993,flush_end,0,2686931
-14.977,trivial_move,3,2686930
-14.969,trivial_move,4,2686931
-14.965,flush_begin,0,0
-14.951,flush_end,0,2686931
-14.934,trivial_move,3,2686931
-14.926,trivial_move,4,2686930
-14.924,flush_begin,0,0
-14.910,flush_end,0,2686930
-14.894,trivial_move,3,2686931
-14.886,trivial_move,4,2686932
-14.883,flush_begin,0,0
-14.868,flush_end,0,2686932
-14.852,trivial_move,3,2686931
-14.844,trivial_move,4,2686930
-14.841,flush_begin,0,0
-14.827,flush_end,0,2686930
-14.811,trivial_move,3,2686931
-14.803,trivial_move,4,2686932
-14.801,flush_begin,0,0
-14.787,flush_end,0,2686931
-14.770,trivial_move,3,2686930
-14.762,trivial_move,4,2686930
-14.759,flush_begin,0,0
-14.745,flush_end,0,2686931
-14.729,trivial_move,3,2686930
-14.721,trivial_move,4,2686931
-14.719,flush_begin,0,0
-14.704,flush_end,0,2686930
-14.688,trivial_move,3,2686931
-14.680,trivial_move,4,2686931
-14.677,flush_begin,0,0
-14.662,flush_end,0,2686932
-14.646,trivial_move,3,2686931
-14.638,trivial_move,4,2686930
-14.635,flush_begin,0,0
-14.620,flush_end,0,2686930
-14.604,trivial_move,3,2686931
-14.596,trivial_move,4,2686932
-14.594,flush_begin,0,0
-14.581,flush_end,0,2686932
-14.565,trivial_move,3,2686931
-14.557,trivial_move,4,2686930
-14.555,flush_begin,0,0
-14.542,flush_end,0,2686930
-14.525,trivial_move,3,2686930
-14.517,trivial_move,4,2686932
-14.515,flush_begin,0,0
-14.501,flush_end,0,2686931
-14.485,trivial_move,3,2686933
-14.477,trivial_move,4,2686931
-14.475,flush_begin,0,0
-14.463,flush_end,0,2686931
-14.447,trivial_move,3,2686930
-14.439,trivial_move,4,2686931
-14.438,flush_begin,0,0
-14.428,flush_end,0,2686931
-14.412,trivial_move,3,2686932
-14.403,trivial_move,4,2686931
-14.403,flush_begin,0,0
-14.393,flush_end,0,2686931
-14.377,trivial_move,3,2686930
-14.369,trivial_move,4,2686931
-14.369,flush_begin,0,0
-14.358,flush_end,0,2686930
-14.342,trivial_move,3,2686931
-14.334,trivial_move,4,2686930
-14.334,flush_begin,0,0
-14.323,flush_end,0,2686930
-14.307,trivial_move,3,2686931
-14.299,trivial_move,4,2686932
-14.299,flush_begin,0,0
-14.287,flush_end,0,2686931
-14.271,trivial_move,3,2686930
-14.263,trivial_move,4,2686930
-14.261,flush_begin,0,0
-14.249,flush_end,0,2686931
-14.233,trivial_move,3,2686932
-14.225,trivial_move,4,2686932
-14.224,flush_begin,0,0
-14.211,flush_end,0,2686931
-14.195,trivial_move,3,2686930
-14.187,trivial_move,4,2686930
-14.186,flush_begin,0,0
-14.173,flush_end,0,2686931
-14.157,trivial_move,3,2686931
-14.149,trivial_move,4,2686930
-14.148,flush_begin,0,0
-14.134,flush_end,0,2686930
-14.118,trivial_move,3,2686931
-14.110,trivial_move,4,2686932
-14.108,flush_begin,0,0
-14.095,flush_end,0,2686932
-14.079,trivial_move,3,2686931
-14.071,trivial_move,4,2686930
-14.069,flush_begin,0,0
-14.056,flush_end,0,2686930
-14.039,trivial_move,3,2686931
-14.031,trivial_move,4,2686932
-14.029,flush_begin,0,0
-14.016,flush_end,0,2686932
-14.000,trivial_move,3,2686931
-13.992,trivial_move,4,2686930
-13.989,flush_begin,0,0
-13.975,flush_end,0,2686930
-13.959,trivial_move,3,2686930
-13.951,trivial_move,4,2686931
-13.948,flush_begin,0,0
-13.935,flush_end,0,2686931
-13.919,trivial_move,3,2686932
-13.911,trivial_move,4,2686931
-13.909,flush_begin,0,0
-13.896,flush_end,0,2686931
-13.880,trivial_move,3,2686930
-13.872,trivial_move,4,2686931
-13.870,flush_begin,0,0
-13.855,flush_end,0,2686930
-13.838,trivial_move,3,2686932
-13.830,trivial_move,4,2686931
-13.827,flush_begin,0,0
-13.813,flush_end,0,2686932
-13.797,trivial_move,3,2686930
-13.789,trivial_move,4,2686931
-13.787,flush_begin,0,0
-13.774,flush_end,0,2686930
-13.758,trivial_move,3,2686930
-13.750,trivial_move,4,2686930
-13.747,flush_begin,0,0
-13.733,flush_end,0,2686931
-13.717,trivial_move,3,2686932
-13.709,trivial_move,4,2686933
-13.707,flush_begin,0,0
-13.693,flush_end,0,2686931
-13.677,trivial_move,3,2686930
-13.669,trivial_move,4,2686930
-13.667,flush_begin,0,0
-13.653,flush_end,0,2686931
-13.636,trivial_move,3,2686933
-13.628,trivial_move,4,2686931
-13.625,flush_begin,0,0
-13.611,flush_end,0,2686931
-13.594,trivial_move,3,2686930
-13.586,trivial_move,4,2686931
-13.584,flush_begin,0,0
-13.569,flush_end,0,2686931
-13.552,trivial_move,3,2686931
-13.544,trivial_move,4,2686930
-13.541,flush_begin,0,0
-13.527,flush_end,0,2686930
-13.510,trivial_move,3,2686931
-13.502,trivial_move,4,2686932
-13.499,flush_begin,0,0
-13.484,flush_end,0,2686933
-13.467,trivial_move,3,2686931
-13.459,trivial_move,4,2686930
-13.456,flush_begin,0,0
-13.442,flush_end,0,2686930
-13.425,trivial_move,3,2686931
-13.417,trivial_move,4,2686932
-13.414,flush_begin,0,0
-13.399,flush_end,0,2686932
-13.382,trivial_move,3,2686931
-13.374,trivial_move,4,2686930
-13.371,flush_begin,0,0
-13.356,flush_end,0,2686930
-13.339,trivial_move,3,2686930
-13.331,trivial_move,4,2686931
-13.328,flush_begin,0,0
-13.313,flush_end,0,2686930
-13.296,trivial_move,3,2686932
-13.288,trivial_move,4,2686931
-13.285,flush_begin,0,0
-13.269,flush_end,0,2686932
-13.252,trivial_move,3,2686930
-13.244,trivial_move,4,2686931
-13.241,flush_begin,0,0
-13.225,flush_end,0,2686930
-13.212,trivial_move,3,2686931
-13.206,trivial_move,4,2686931
-13.202,flush_begin,0,0
-13.188,flush_end,0,2686932
-13.170,trivial_move,3,2686931
-13.162,trivial_move,4,2686930
-13.159,flush_begin,0,0
-13.144,flush_end,0,2686930
-13.128,trivial_move,3,2686930
-13.120,trivial_move,4,2686930
-13.116,flush_begin,0,0
-13.101,flush_end,0,2686931
-13.085,trivial_move,3,2686932
-13.077,trivial_move,4,2686931
-13.075,flush_begin,0,0
-13.060,flush_end,0,2686931
-13.043,trivial_move,3,2686930
-13.035,trivial_move,4,2686931
-13.032,flush_begin,0,0
-13.018,flush_end,0,2686931
-13.001,trivial_move,3,2686932
-12.993,trivial_move,4,2686931
-12.989,flush_begin,0,0
-12.974,flush_end,0,2686931
-12.958,trivial_move,3,2686930
-12.950,trivial_move,4,2686931
-12.947,flush_begin,0,0
-12.932,flush_end,0,2686931
-12.915,trivial_move,3,2686931
-12.907,trivial_move,4,2686930
-12.904,flush_begin,0,0
-12.890,flush_end,0,2686930
-12.874,trivial_move,3,2686931
-12.866,trivial_move,4,2686932
-12.863,flush_begin,0,0
-12.848,flush_end,0,2686932
-12.832,trivial_move,3,2686931
-12.824,trivial_move,4,2686930
-12.820,flush_begin,0,0
-12.806,flush_end,0,2686930
-12.790,trivial_move,3,2686931
-12.782,trivial_move,4,2686933
-12.779,flush_begin,0,0
-12.765,flush_end,0,2686931
-12.748,trivial_move,3,2686930
-12.740,trivial_move,4,2686930
-12.738,flush_begin,0,0
-12.723,flush_end,0,2686931
-12.707,trivial_move,3,2686930
-12.699,trivial_move,4,2686931
-12.696,flush_begin,0,0
-12.681,flush_end,0,2686930
-12.664,trivial_move,3,2686931
-12.656,trivial_move,4,2686931
-12.653,flush_begin,0,0
-12.638,flush_end,0,2686932
-12.621,trivial_move,3,2686931
-12.613,trivial_move,4,2686930
-12.608,flush_begin,0,0
-12.594,flush_end,0,2686930
-12.577,trivial_move,3,2686931
-12.569,trivial_move,4,2686932
-12.566,flush_begin,0,0
-12.551,flush_end,0,2686933
-12.535,trivial_move,3,2686931
-12.527,trivial_move,4,2686930
-12.523,flush_begin,0,0
-12.508,flush_end,0,2686930
-12.492,trivial_move,3,2686930
-12.484,trivial_move,4,2686931
-12.481,flush_begin,0,0
-12.465,flush_end,0,2686931
-12.449,trivial_move,3,2686932
-12.441,trivial_move,4,2686931
-12.439,flush_begin,0,0
-12.424,flush_end,0,2686931
-12.407,trivial_move,3,2686930
-12.399,trivial_move,4,2686931
-12.396,flush_begin,0,0
-12.381,flush_end,0,2686931
-12.364,trivial_move,3,2686932
-12.356,trivial_move,4,2686931
-12.353,flush_begin,0,0
-12.338,flush_end,0,2686931
-12.321,trivial_move,3,2686930
-12.313,trivial_move,4,2686931
-12.309,flush_begin,0,0
-12.295,flush_end,0,2686930
-12.278,trivial_move,3,2686931
-12.270,trivial_move,4,2686930
-12.268,flush_begin,0,0
-12.253,flush_end,0,2686930
-12.236,trivial_move,3,2686931
-12.228,trivial_move,4,2686932
-12.225,flush_begin,0,0
-12.210,flush_end,0,2686931
-12.193,trivial_move,3,2686930
-12.185,trivial_move,4,2686930
-12.182,flush_begin,0,0
-12.167,flush_end,0,2686931
-12.150,trivial_move,3,2686932
-12.142,trivial_move,4,2686932
-12.139,flush_begin,0,0
-12.124,flush_end,0,2686931
-12.107,trivial_move,3,2686930
-12.099,trivial_move,4,2686930
-12.097,flush_begin,0,0
-12.082,flush_end,0,2686931
-12.065,trivial_move,3,2686931
-12.057,trivial_move,4,2686930
-12.054,flush_begin,0,0
-12.038,flush_end,0,2686930
-12.021,trivial_move,3,2686931
-12.013,trivial_move,4,2686932
-12.009,flush_begin,0,0
-11.994,flush_end,0,2686932
-11.977,trivial_move,3,2686931
-11.969,trivial_move,4,2686930
-11.965,flush_begin,0,0
-11.950,flush_end,0,2686930
-11.933,trivial_move,3,2686931
-11.925,trivial_move,4,2686932
-11.922,flush_begin,0,0
-11.907,flush_end,0,2686932
-11.890,trivial_move,3,2686931
-11.882,trivial_move,4,2686930
-11.879,flush_begin,0,0
-11.863,flush_end,0,2686930
-11.847,trivial_move,3,2686930
-11.839,trivial_move,4,2686932
-11.835,flush_begin,0,0
-11.820,flush_end,0,2686931
-11.803,trivial_move,3,2686933
-11.795,trivial_move,4,2686931
-11.791,flush_begin,0,0
-11.776,flush_end,0,2686931
-11.759,trivial_move,3,2686930
-11.751,trivial_move,4,2686931
-11.748,flush_begin,0,0
-11.733,flush_end,0,2686930
-11.716,trivial_move,3,2686932
-11.709,trivial_move,4,2686931
-11.706,flush_begin,0,0
-11.691,flush_end,0,2686932
-11.675,trivial_move,3,2686930
-11.667,trivial_move,4,2686931
-11.664,flush_begin,0,0
-11.649,flush_end,0,2686930
-11.633,trivial_move,3,2686930
-11.625,trivial_move,4,2686930
-11.622,flush_begin,0,0
-11.607,flush_end,0,2686932
-11.591,trivial_move,3,2686932
-11.583,trivial_move,4,2686932
-11.581,flush_begin,0,0
-11.566,flush_end,0,2686931
-11.550,trivial_move,3,2686930
-11.542,trivial_move,4,2686930
-11.540,flush_begin,0,0
-11.526,flush_end,0,2686931
-11.509,trivial_move,3,2686932
-11.501,trivial_move,4,2686931
-11.498,flush_begin,0,0
-11.484,flush_end,0,2686931
-11.467,trivial_move,3,2686930
-11.459,trivial_move,4,2686931
-11.457,flush_begin,0,0
-11.442,flush_end,0,2686931
-11.426,trivial_move,3,2686931
-11.418,trivial_move,4,2686930
-11.416,flush_begin,0,0
-11.404,flush_end,0,2686930
-11.387,trivial_move,3,2686931
-11.379,trivial_move,4,2686932
-11.377,flush_begin,0,0
-11.364,flush_end,0,2686932
-11.347,trivial_move,3,2686931
-11.339,trivial_move,4,2686930
-11.338,flush_begin,0,0
-11.325,flush_end,0,2686930
-11.308,trivial_move,3,2686931
-11.300,trivial_move,4,2686932
-11.298,flush_begin,0,0
-11.283,flush_end,0,2686932
-11.266,trivial_move,3,2686931
-11.259,trivial_move,4,2686930
-11.257,flush_begin,0,0
-11.243,flush_end,0,2686930
-11.227,trivial_move,3,2686930
-11.219,trivial_move,4,2686931
-11.217,flush_begin,0,0
-11.203,flush_end,0,2686930
-11.187,trivial_move,3,2686932
-11.179,trivial_move,4,2686931
-11.177,flush_begin,0,0
-11.163,flush_end,0,2686932
-11.147,trivial_move,3,2686930
-11.139,trivial_move,4,2686931
-11.136,flush_begin,0,0
-11.121,flush_end,0,2686930
-11.104,trivial_move,3,2686931
-11.096,trivial_move,4,2686931
-11.093,flush_begin,0,0
-11.079,flush_end,0,2686932
-11.062,trivial_move,3,2686931
-11.054,trivial_move,4,2686930
-11.050,flush_begin,0,0
-11.036,flush_end,0,2686930
-11.019,trivial_move,3,2686930
-11.011,trivial_move,4,2686930
-11.009,flush_begin,0,0
-10.994,flush_end,0,2686931
-10.977,trivial_move,3,2686932
-10.969,trivial_move,4,2686931
-10.965,flush_begin,0,0
-10.950,flush_end,0,2686931
-10.934,trivial_move,3,2686930
-10.926,trivial_move,4,2686932
-10.924,flush_begin,0,0
-10.909,flush_end,0,2686931
-10.893,trivial_move,3,2686933
-10.885,trivial_move,4,2686931
-10.881,flush_begin,0,0
-10.867,flush_end,0,2686931
-10.850,trivial_move,3,2686930
-10.842,trivial_move,4,2686931
-10.838,flush_begin,0,0
-10.823,flush_end,0,2686931
-10.807,trivial_move,3,2686931
-10.799,trivial_move,4,2686930
-10.797,flush_begin,0,0
-10.783,flush_end,0,2686930
-10.766,trivial_move,3,2686931
-10.758,trivial_move,4,2686932
-10.754,flush_begin,0,0
-10.740,flush_end,0,2686933
-10.723,trivial_move,3,2686931
-10.715,trivial_move,4,2686930
-10.711,flush_begin,0,0
-10.696,flush_end,0,2686930
-10.680,trivial_move,3,2686931
-10.672,trivial_move,4,2686932
-10.670,flush_begin,0,0
-10.655,flush_end,0,2686931
-10.639,trivial_move,3,2686930
-10.631,trivial_move,4,2686930
-10.628,flush_begin,0,0
-10.613,flush_end,0,2686931
-10.597,trivial_move,3,2686930
-10.589,trivial_move,4,2686931
-10.586,flush_begin,0,0
-10.572,flush_end,0,2686930
-10.556,trivial_move,3,2686931
-10.548,trivial_move,4,2686931
-10.546,flush_begin,0,0
-10.531,flush_end,0,2686932
-10.514,trivial_move,3,2686931
-10.506,trivial_move,4,2686930
-10.505,flush_begin,0,0
-10.491,flush_end,0,2686930
-10.474,trivial_move,3,2686931
-10.466,trivial_move,4,2686932
-10.464,flush_begin,0,0
-10.450,flush_end,0,2686932
-10.433,trivial_move,3,2686931
-10.425,trivial_move,4,2686930
-10.423,flush_begin,0,0
-10.408,flush_end,0,2686930
-10.391,trivial_move,3,2686930
-10.383,trivial_move,4,2686931
-10.380,flush_begin,0,0
-10.366,flush_end,0,2686931
-10.349,trivial_move,3,2686932
-10.341,trivial_move,4,2686931
-10.337,flush_begin,0,0
-10.322,flush_end,0,2686931
-10.306,trivial_move,3,2686930
-10.298,trivial_move,4,2686931
-10.295,flush_begin,0,0
-10.280,flush_end,0,2686931
-10.263,trivial_move,3,2686932
-10.255,trivial_move,4,2686931
-10.251,flush_begin,0,0
-10.237,flush_end,0,2686931
-10.221,trivial_move,3,2686930
-10.213,trivial_move,4,2686931
-10.211,flush_begin,0,0
-10.197,flush_end,0,2686930
-10.180,trivial_move,3,2686931
-10.172,trivial_move,4,2686930
-10.170,flush_begin,0,0
-10.155,flush_end,0,2686930
-10.139,trivial_move,3,2686931
-10.131,trivial_move,4,2686932
-10.128,flush_begin,0,0
-10.113,flush_end,0,2686931
-10.096,trivial_move,3,2686930
-10.088,trivial_move,4,2686930
-10.086,flush_begin,0,0
-10.072,flush_end,0,2686931
-10.055,trivial_move,3,2686932
-10.047,trivial_move,4,2686933
-10.043,flush_begin,0,0
-10.028,flush_end,0,2686931
-10.011,trivial_move,3,2686930
-10.003,trivial_move,4,2686930
-10.000,flush_begin,0,0
-9.985,flush_end,0,2686931
-9.969,trivial_move,3,2686932
-9.961,trivial_move,4,2686930
-9.958,flush_begin,0,0
-9.944,flush_end,0,2686930
-9.928,trivial_move,3,2686931
-9.920,trivial_move,4,2686932
-9.917,flush_begin,0,0
-9.904,flush_end,0,2686932
-9.887,trivial_move,3,2686931
-9.879,trivial_move,4,2686930
-9.877,flush_begin,0,0
-9.864,flush_end,0,2686930
-9.847,trivial_move,3,2686931
-9.839,trivial_move,4,2686932
-9.836,flush_begin,0,0
-9.822,flush_end,0,2686933
-9.805,trivial_move,3,2686931
-9.797,trivial_move,4,2686930
-9.795,flush_begin,0,0
-9.781,flush_end,0,2686930
-9.765,trivial_move,3,2686930
-9.757,trivial_move,4,2686931
-9.755,flush_begin,0,0
-9.741,flush_end,0,2686931
-9.724,trivial_move,3,2686932
-9.716,trivial_move,4,2686931
-9.714,flush_begin,0,0
-9.700,flush_end,0,2686931
-9.683,trivial_move,3,2686930
-9.675,trivial_move,4,2686931
-9.673,flush_begin,0,0
-9.659,flush_end,0,2686930
-9.642,trivial_move,3,2686932
-9.634,trivial_move,4,2686931
-9.632,flush_begin,0,0
-9.615,flush_end,0,2686932
-9.599,trivial_move,3,2686930
-9.591,trivial_move,4,2686931
-9.590,flush_begin,0,0
-9.576,flush_end,0,2686930
-9.559,trivial_move,3,2686930
-9.551,trivial_move,4,2686930
-9.548,flush_begin,0,0
-9.533,flush_end,0,2686931
-9.516,trivial_move,3,2686932
-9.508,trivial_move,4,2686932
-9.505,flush_begin,0,0
-9.490,flush_end,0,2686931
-9.473,trivial_move,3,2686930
-9.465,trivial_move,4,2686930
-9.463,flush_begin,0,0
-9.448,flush_end,0,2686931
-9.432,trivial_move,3,2686932
-9.424,trivial_move,4,2686931
-9.420,flush_begin,0,0
-9.406,flush_end,0,2686931
-9.389,trivial_move,3,2686930
-9.381,trivial_move,4,2686931
-9.378,flush_begin,0,0
-9.364,flush_end,0,2686931
-9.347,trivial_move,3,2686931
-9.339,trivial_move,4,2686930
-9.335,flush_begin,0,0
-9.321,flush_end,0,2686930
-9.304,trivial_move,3,2686931
-9.296,trivial_move,4,2686932
-9.293,flush_begin,0,0
-9.279,flush_end,0,2686932
-9.262,trivial_move,3,2686931
-9.255,trivial_move,4,2686930
-9.252,flush_begin,0,0
-9.238,flush_end,0,2686930
-9.221,trivial_move,3,2686931
-9.213,trivial_move,4,2686932
-9.211,flush_begin,0,0
-9.196,flush_end,0,2686932
-9.180,trivial_move,3,2686931
-9.172,trivial_move,4,2686930
-9.170,flush_begin,0,0
-9.156,flush_end,0,2686930
-9.140,trivial_move,3,2686930
-9.132,trivial_move,4,2686932
-9.128,flush_begin,0,0
-9.114,flush_end,0,2686930
-9.098,trivial_move,3,2686933
-9.090,trivial_move,4,2686931
-9.088,flush_begin,0,0
-9.073,flush_end,0,2686932
-9.056,trivial_move,3,2686930
-9.048,trivial_move,4,2686931
-9.045,flush_begin,0,0
-9.031,flush_end,0,2686930
-9.015,trivial_move,3,2686931
-9.007,trivial_move,4,2686931
-9.004,flush_begin,0,0
-8.990,flush_end,0,2686932
-8.973,trivial_move,3,2686931
-8.965,trivial_move,4,2686930
-8.961,flush_begin,0,0
-8.946,flush_end,0,2686930
-8.929,trivial_move,3,2686930
-8.921,trivial_move,4,2686930
-8.917,flush_begin,0,0
-8.903,flush_end,0,2686932
-8.886,trivial_move,3,2686932
-8.878,trivial_move,4,2686931
-8.874,flush_begin,0,0
-8.859,flush_end,0,2686931
-8.842,trivial_move,3,2686930
-8.834,trivial_move,4,2686931
-8.830,flush_begin,0,0
-8.816,flush_end,0,2686931
-8.799,trivial_move,3,2686932
-8.791,trivial_move,4,2686931
-8.788,flush_begin,0,0
-8.773,flush_end,0,2686931
-8.756,trivial_move,3,2686930
-8.748,trivial_move,4,2686931
-8.744,flush_begin,0,0
-8.729,flush_end,0,2686931
-8.712,trivial_move,3,2686931
-8.704,trivial_move,4,2686930
-8.700,flush_begin,0,0
-8.686,flush_end,0,2686930
-8.669,trivial_move,3,2686931
-8.661,trivial_move,4,2686932
-8.659,flush_begin,0,0
-8.643,flush_end,0,2686932
-8.627,trivial_move,3,2686931
-8.619,trivial_move,4,2686930
-8.615,flush_begin,0,0
-8.600,flush_end,0,2686930
-8.584,trivial_move,3,2686931
-8.576,trivial_move,4,2686932
-8.573,flush_begin,0,0
-8.558,flush_end,0,2686931
-8.541,trivial_move,3,2686930
-8.533,trivial_move,4,2686930
-8.529,flush_begin,0,0
-8.515,flush_end,0,2686931
-8.499,trivial_move,3,2686930
-8.491,trivial_move,4,2686931
-8.487,flush_begin,0,0
-8.473,flush_end,0,2686930
-8.456,trivial_move,3,2686931
-8.448,trivial_move,4,2686931
-8.445,flush_begin,0,0
-8.431,flush_end,0,2686932
-8.414,trivial_move,3,2686931
-8.406,trivial_move,4,2686930
-8.403,flush_begin,0,0
-8.389,flush_end,0,2686930
-8.373,trivial_move,3,2686931
-8.365,trivial_move,4,2686932
-8.361,flush_begin,0,0
-8.346,flush_end,0,2686932
-8.329,trivial_move,3,2686931
-8.321,trivial_move,4,2686930
-8.319,flush_begin,0,0
-8.305,flush_end,0,2686930
-8.288,trivial_move,3,2686930
-8.280,trivial_move,4,2686931
-8.278,flush_begin,0,0
-8.264,flush_end,0,2686931
-8.247,trivial_move,3,2686932
-8.239,trivial_move,4,2686931
-8.235,flush_begin,0,0
-8.221,flush_end,0,2686931
-8.205,trivial_move,3,2686930
-8.197,trivial_move,4,2686933
-8.194,flush_begin,0,0
-8.180,flush_end,0,2686931
-8.164,trivial_move,3,2686933
-8.156,trivial_move,4,2686931
-8.152,flush_begin,0,0
-8.139,flush_end,0,2686931
-8.122,trivial_move,3,2686930
-8.114,trivial_move,4,2686931
-8.110,flush_begin,0,0
-8.096,flush_end,0,2686930
-8.079,trivial_move,3,2686931
-8.071,trivial_move,4,2686930
-8.068,flush_begin,0,0
-8.053,flush_end,0,2686930
-8.036,trivial_move,3,2686931
-8.028,trivial_move,4,2686932
-8.025,flush_begin,0,0
-8.010,flush_end,0,2686931
-7.994,trivial_move,3,2686930
-7.986,trivial_move,4,2686930
-7.982,flush_begin,0,0
-7.968,flush_end,0,2686933
-7.951,trivial_move,3,2686932
-7.943,trivial_move,4,2686932
-7.939,flush_begin,0,0
-7.925,flush_end,0,2686931
-7.908,trivial_move,3,2686930
-7.900,trivial_move,4,2686930
-7.898,flush_begin,0,0
-7.883,flush_end,0,2686931
-7.866,trivial_move,3,2686931
-7.858,trivial_move,4,2686930
-7.854,flush_begin,0,0
-7.839,flush_end,0,2686930
-7.822,trivial_move,3,2686931
-7.814,trivial_move,4,2686932
-7.811,flush_begin,0,0
-7.796,flush_end,0,2686932
-7.779,trivial_move,3,2686931
-7.771,trivial_move,4,2686930
-7.768,flush_begin,0,0
-7.753,flush_end,0,2686930
-7.736,trivial_move,3,2686931
-7.728,trivial_move,4,2686932
-7.725,flush_begin,0,0
-7.711,flush_end,0,2686932
-7.694,trivial_move,3,2686931
-7.686,trivial_move,4,2686930
-7.684,flush_begin,0,0
-7.670,flush_end,0,2686930
-7.653,trivial_move,3,2686930
-7.645,trivial_move,4,2686931
-7.642,flush_begin,0,0
-7.628,flush_end,0,2686931
-7.612,trivial_move,3,2686932
-7.604,trivial_move,4,2686931
-7.600,flush_begin,0,0
-7.586,flush_end,0,2686931
-7.569,trivial_move,3,2686930
-7.561,trivial_move,4,2686931
-7.558,flush_begin,0,0
-7.544,flush_end,0,2686930
-7.527,trivial_move,3,2686932
-7.519,trivial_move,4,2686931
-7.516,flush_begin,0,0
-7.502,flush_end,0,2686932
-7.486,trivial_move,3,2686930
-7.478,trivial_move,4,2686931
-7.474,flush_begin,0,0
-7.458,flush_end,0,2686930
-7.441,trivial_move,3,2686930
-7.433,trivial_move,4,2686930
-7.430,flush_begin,0,0
-7.415,flush_end,0,2686931
-7.402,trivial_move,3,2686932
-7.396,trivial_move,4,2686932
-7.393,flush_begin,0,0
-7.379,flush_end,0,2686931
-7.361,trivial_move,3,2686930
-7.353,trivial_move,4,2686930
-7.350,flush_begin,0,0
-7.335,flush_end,0,2686931
-7.318,trivial_move,3,2686932
-7.310,trivial_move,4,2686931
-7.306,flush_begin,0,0
-7.287,flush_end,0,2686931
-7.270,trivial_move,3,2686930
-7.262,trivial_move,4,2686932
-7.259,flush_begin,0,0
-7.244,flush_end,0,2686931
-7.227,trivial_move,3,2686932
-7.219,trivial_move,4,2686930
-7.215,flush_begin,0,0
-7.201,flush_end,0,2686930
-7.184,trivial_move,3,2686931
-7.176,trivial_move,4,2686932
-7.173,flush_begin,0,0
-7.159,flush_end,0,2686932
-7.142,trivial_move,3,2686931
-7.134,trivial_move,4,2686930
-7.131,flush_begin,0,0
-7.117,flush_end,0,2686930
-7.100,trivial_move,3,2686931
-7.092,trivial_move,4,2686932
-7.089,flush_begin,0,0
-7.074,flush_end,0,2686933
-7.057,trivial_move,3,2686931
-7.049,trivial_move,4,2686930
-7.045,flush_begin,0,0
-7.031,flush_end,0,2686930
-7.015,trivial_move,3,2686930
-7.007,trivial_move,4,2686931
-7.004,flush_begin,0,0
-6.990,flush_end,0,2686930
-6.973,trivial_move,3,2686932
-6.965,trivial_move,4,2686931
-6.961,flush_begin,0,0
-6.945,flush_end,0,2686932
-6.928,trivial_move,3,2686930
-6.920,trivial_move,4,2686931
-6.917,flush_begin,0,0
-6.902,flush_end,0,2686930
-6.885,trivial_move,3,2686931
-6.877,trivial_move,4,2686931
-6.874,flush_begin,0,0
-6.859,flush_end,0,2686932
-6.842,trivial_move,3,2686931
-6.834,trivial_move,4,2686930
-6.830,flush_begin,0,0
-6.815,flush_end,0,2686930
-6.798,trivial_move,3,2686930
-6.790,trivial_move,4,2686930
-6.788,flush_begin,0,0
-6.773,flush_end,0,2686931
-6.756,trivial_move,3,2686932
-6.748,trivial_move,4,2686931
-6.745,flush_begin,0,0
-6.731,flush_end,0,2686931
-6.714,trivial_move,3,2686930
-6.706,trivial_move,4,2686931
-6.703,flush_begin,0,0
-6.689,flush_end,0,2686931
-6.672,trivial_move,3,2686932
-6.664,trivial_move,4,2686931
-6.662,flush_begin,0,0
-6.646,flush_end,0,2686931
-6.630,trivial_move,3,2686930
-6.622,trivial_move,4,2686931
-6.617,flush_begin,0,0
-6.603,flush_end,0,2686931
-6.587,trivial_move,3,2686931
-6.579,trivial_move,4,2686930
-6.575,flush_begin,0,0
-6.561,flush_end,0,2686930
-6.545,trivial_move,3,2686931
-6.537,trivial_move,4,2686932
-6.534,flush_begin,0,0
-6.520,flush_end,0,2686932
-6.504,trivial_move,3,2686931
-6.496,trivial_move,4,2686930
-6.492,flush_begin,0,0
-6.478,flush_end,0,2686930
-6.461,trivial_move,3,2686931
-6.453,trivial_move,4,2686932
-6.450,flush_begin,0,0
-6.436,flush_end,0,2686931
-6.420,trivial_move,3,2686930
-6.412,trivial_move,4,2686930
-6.409,flush_begin,0,0
-6.396,flush_end,0,2686931
-6.379,trivial_move,3,2686930
-6.371,trivial_move,4,2686932
-6.369,flush_begin,0,0
-6.354,flush_end,0,2686930
-6.337,trivial_move,3,2686931
-6.329,trivial_move,4,2686931
-6.327,flush_begin,0,0
-6.313,flush_end,0,2686932
-6.296,trivial_move,3,2686933
-6.288,trivial_move,4,2686930
-6.286,flush_begin,0,0
-6.272,flush_end,0,2686930
-6.256,trivial_move,3,2686931
-6.249,trivial_move,4,2686932
-6.246,flush_begin,0,0
-6.231,flush_end,0,2686932
-6.214,trivial_move,3,2686931
-6.206,trivial_move,4,2686930
-6.203,flush_begin,0,0
-6.189,flush_end,0,2686930
-6.172,trivial_move,3,2686930
-6.164,trivial_move,4,2686931
-6.162,flush_begin,0,0
-6.148,flush_end,0,2686932
-6.132,trivial_move,3,2686932
-6.124,trivial_move,4,2686931
-6.121,flush_begin,0,0
-6.107,flush_end,0,2686931
-6.090,trivial_move,3,2686930
-6.082,trivial_move,4,2686931
-6.080,flush_begin,0,0
-6.065,flush_end,0,2686931
-6.048,trivial_move,3,2686932
-6.040,trivial_move,4,2686931
-6.038,flush_begin,0,0
-6.024,flush_end,0,2686931
-6.007,trivial_move,3,2686930
-5.999,trivial_move,4,2686931
-5.996,flush_begin,0,0
-5.981,flush_end,0,2686930
-5.964,trivial_move,3,2686931
-5.956,trivial_move,4,2686930
-5.954,flush_begin,0,0
-5.940,flush_end,0,2686930
-5.924,trivial_move,3,2686931
-5.916,trivial_move,4,2686932
-5.914,flush_begin,0,0
-5.899,flush_end,0,2686931
-5.882,trivial_move,3,2686930
-5.874,trivial_move,4,2686930
-5.872,flush_begin,0,0
-5.858,flush_end,0,2686931
-5.842,trivial_move,3,2686932
-5.834,trivial_move,4,2686932
-5.831,flush_begin,0,0
-5.817,flush_end,0,2686931
-5.800,trivial_move,3,2686930
-5.792,trivial_move,4,2686930
-5.790,flush_begin,0,0
-5.775,flush_end,0,2686931
-5.759,trivial_move,3,2686931
-5.751,trivial_move,4,2686930
-5.748,flush_begin,0,0
-5.733,flush_end,0,2686930
-5.716,trivial_move,3,2686931
-5.708,trivial_move,4,2686932
-5.705,flush_begin,0,0
-5.690,flush_end,0,2686932
-5.673,trivial_move,3,2686931
-5.665,trivial_move,4,2686930
-5.662,flush_begin,0,0
-5.647,flush_end,0,2686930
-5.631,trivial_move,3,2686931
-5.623,trivial_move,4,2686932
-5.620,flush_begin,0,0
-5.606,flush_end,0,2686932
-5.590,trivial_move,3,2686931
-5.582,trivial_move,4,2686930
-5.580,flush_begin,0,0
-5.566,flush_end,0,2686930
-5.549,trivial_move,3,2686930
-5.541,trivial_move,4,2686931
-5.539,flush_begin,0,0
-5.526,flush_end,0,2686931
-5.509,trivial_move,3,2686932
-5.501,trivial_move,4,2686931
-5.499,flush_begin,0,0
-5.484,flush_end,0,2686931
-5.468,trivial_move,3,2686930
-5.460,trivial_move,4,2686932
-5.458,flush_begin,0,0
-5.444,flush_end,0,2686930
-5.428,trivial_move,3,2686933
-5.420,trivial_move,4,2686931
-5.417,flush_begin,0,0
-5.402,flush_end,0,2686932
-5.386,trivial_move,3,2686930
-5.378,trivial_move,4,2686931
-5.376,flush_begin,0,0
-5.361,flush_end,0,2686930
-5.345,trivial_move,3,2686930
-5.337,trivial_move,4,2686930
-5.335,flush_begin,0,0
-5.321,flush_end,0,2686931
-5.304,trivial_move,3,2686932
-5.296,trivial_move,4,2686932
-5.293,flush_begin,0,0
-5.279,flush_end,0,2686931
-5.263,trivial_move,3,2686930
-5.255,trivial_move,4,2686930
-5.252,flush_begin,0,0
-5.238,flush_end,0,2686932
-5.221,trivial_move,3,2686932
-5.213,trivial_move,4,2686931
-5.211,flush_begin,0,0
-5.195,flush_end,0,2686931
-5.179,trivial_move,3,2686930
-5.171,trivial_move,4,2686931
-5.167,flush_begin,0,0
-5.153,flush_end,0,2686931
-5.137,trivial_move,3,2686931
-5.129,trivial_move,4,2686930
-5.125,flush_begin,0,0
-5.111,flush_end,0,2686930
-5.094,trivial_move,3,2686931
-5.086,trivial_move,4,2686932
-5.083,flush_begin,0,0
-5.068,flush_end,0,2686932
-5.051,trivial_move,3,2686931
-5.043,trivial_move,4,2686930
-5.040,flush_begin,0,0
-5.025,flush_end,0,2686930
-5.008,trivial_move,3,2686931
-5.000,trivial_move,4,2686932
-4.996,flush_begin,0,0
-4.981,flush_end,0,2686932
-4.964,trivial_move,3,2686931
-4.956,trivial_move,4,2686930
-4.953,flush_begin,0,0
-4.938,flush_end,0,2686930
-4.922,trivial_move,3,2686930
-4.914,trivial_move,4,2686931
-4.912,flush_begin,0,0
-4.897,flush_end,0,2686930
-4.881,trivial_move,3,2686932
-4.873,trivial_move,4,2686931
-4.870,flush_begin,0,0
-4.857,flush_end,0,2686932
-4.840,trivial_move,3,2686930
-4.832,trivial_move,4,2686931
-4.830,flush_begin,0,0
-4.816,flush_end,0,2686930
-4.799,trivial_move,3,2686931
-4.791,trivial_move,4,2686931
-4.789,flush_begin,0,0
-4.775,flush_end,0,2686932
-4.759,trivial_move,3,2686931
-4.751,trivial_move,4,2686930
-4.749,flush_begin,0,0
-4.735,flush_end,0,2686930
-4.719,trivial_move,3,2686930
-4.711,trivial_move,4,2686930
-4.709,flush_begin,0,0
-4.695,flush_end,0,2686931
-4.679,trivial_move,3,2686932
-4.671,trivial_move,4,2686931
-4.669,flush_begin,0,0
-4.655,flush_end,0,2686931
-4.639,trivial_move,3,2686930
-4.631,trivial_move,4,2686931
-4.628,flush_begin,0,0
-4.612,flush_end,0,2686931
-4.595,trivial_move,3,2686932
-4.587,trivial_move,4,2686931
-4.585,flush_begin,0,0
-4.570,flush_end,0,2686931
-4.553,trivial_move,3,2686930
-4.546,trivial_move,4,2686932
-4.543,flush_begin,0,0
-4.528,flush_end,0,2686931
-4.511,trivial_move,3,2686932
-4.503,trivial_move,4,2686930
-4.501,flush_begin,0,0
-4.486,flush_end,0,2686930
-4.469,trivial_move,3,2686931
-4.461,trivial_move,4,2686932
-4.459,flush_begin,0,0
-4.445,flush_end,0,2686932
-4.428,trivial_move,3,2686931
-4.420,trivial_move,4,2686930
-4.418,flush_begin,0,0
-4.403,flush_end,0,2686930
-4.386,trivial_move,3,2686931
-4.378,trivial_move,4,2686932
-4.376,flush_begin,0,0
-4.361,flush_end,0,2686931
-4.344,trivial_move,3,2686930
-4.336,trivial_move,4,2686930
-4.333,flush_begin,0,0
-4.317,flush_end,0,2686932
-4.300,trivial_move,3,2686930
-4.292,trivial_move,4,2686931
-4.289,flush_begin,0,0
-4.274,flush_end,0,2686930
-4.257,trivial_move,3,2686931
-4.249,trivial_move,4,2686931
-4.245,flush_begin,0,0
-4.230,flush_end,0,2686932
-4.213,trivial_move,3,2686931
-4.205,trivial_move,4,2686930
-4.202,flush_begin,0,0
-4.187,flush_end,0,2686930
-4.171,trivial_move,3,2686931
-4.163,trivial_move,4,2686932
-4.160,flush_begin,0,0
-4.146,flush_end,0,2686932
-4.129,trivial_move,3,2686931
-4.121,trivial_move,4,2686930
-4.119,flush_begin,0,0
-4.105,flush_end,0,2686930
-4.088,trivial_move,3,2686930
-4.080,trivial_move,4,2686931
-4.078,flush_begin,0,0
-4.064,flush_end,0,2686931
-4.047,trivial_move,3,2686932
-4.039,trivial_move,4,2686931
-4.037,flush_begin,0,0
-4.022,flush_end,0,2686931
-4.005,trivial_move,3,2686930
-3.997,trivial_move,4,2686931
-3.994,flush_begin,0,0
-3.980,flush_end,0,2686931
-3.963,trivial_move,3,2686932
-3.955,trivial_move,4,2686931
-3.953,flush_begin,0,0
-3.938,flush_end,0,2686931
-3.921,trivial_move,3,2686930
-3.913,trivial_move,4,2686931
-3.911,flush_begin,0,0
-3.896,flush_end,0,2686930
-3.879,trivial_move,3,2686931
-3.871,trivial_move,4,2686930
-3.868,flush_begin,0,0
-3.854,flush_end,0,2686930
-3.837,trivial_move,3,2686931
-3.829,trivial_move,4,2686932
-3.826,flush_begin,0,0
-3.812,flush_end,0,2686931
-3.795,trivial_move,3,2686930
-3.787,trivial_move,4,2686930
-3.785,flush_begin,0,0
-3.771,flush_end,0,2686931
-3.754,trivial_move,3,2686932
-3.746,trivial_move,4,2686932
-3.744,flush_begin,0,0
-3.729,flush_end,0,2686931
-3.712,trivial_move,3,2686930
-3.704,trivial_move,4,2686930
-3.702,flush_begin,0,0
-3.688,flush_end,0,2686931
-3.671,trivial_move,3,2686931
-3.663,trivial_move,4,2686930
-3.660,flush_begin,0,0
-3.645,flush_end,0,2686930
-3.629,trivial_move,3,2686931
-3.621,trivial_move,4,2686933
-3.618,flush_begin,0,0
-3.604,flush_end,0,2686932
-3.587,trivial_move,3,2686932
-3.579,trivial_move,4,2686930
-3.576,flush_begin,0,0
-3.562,flush_end,0,2686930
-3.545,trivial_move,3,2686931
-3.538,trivial_move,4,2686932
-3.536,flush_begin,0,0
-3.522,flush_end,0,2686932
-3.506,trivial_move,3,2686931
-3.499,trivial_move,4,2686930
-3.495,flush_begin,0,0
-3.480,flush_end,0,2686930
-3.463,trivial_move,3,2686930
-3.455,trivial_move,4,2686931
-3.453,flush_begin,0,0
-3.438,flush_end,0,2686932
-3.421,trivial_move,3,2686932
-3.413,trivial_move,4,2686931
-3.411,flush_begin,0,0
-3.396,flush_end,0,2686931
-3.379,trivial_move,3,2686930
-3.371,trivial_move,4,2686931
-3.369,flush_begin,0,0
-3.355,flush_end,0,2686930
-3.338,trivial_move,3,2686932
-3.330,trivial_move,4,2686931
-3.327,flush_begin,0,0
-3.312,flush_end,0,2686932
-3.295,trivial_move,3,2686930
-3.287,trivial_move,4,2686931
-3.284,flush_begin,0,0
-3.270,flush_end,0,2686930
-3.254,trivial_move,3,2686930
-3.246,trivial_move,4,2686930
-3.242,flush_begin,0,0
-3.228,flush_end,0,2686931
-3.211,trivial_move,3,2686932
-3.203,trivial_move,4,2686932
-3.201,flush_begin,0,0
-3.186,flush_end,0,2686931
-3.169,trivial_move,3,2686930
-3.161,trivial_move,4,2686930
-3.159,flush_begin,0,0
-3.144,flush_end,0,2686931
-3.128,trivial_move,3,2686932
-3.120,trivial_move,4,2686931
-3.116,flush_begin,0,0
-3.101,flush_end,0,2686931
-3.084,trivial_move,3,2686930
-3.077,trivial_move,4,2686931
-3.073,flush_begin,0,0
-3.059,flush_end,0,2686931
-3.042,trivial_move,3,2686931
-3.034,trivial_move,4,2686930
-3.031,flush_begin,0,0
-3.016,flush_end,0,2686930
-3.000,trivial_move,3,2686931
-2.992,trivial_move,4,2686932
-2.989,flush_begin,0,0
-2.974,flush_end,0,2686932
-2.957,trivial_move,3,2686931
-2.949,trivial_move,4,2686930
-2.947,flush_begin,0,0
-2.932,flush_end,0,2686930
-2.915,trivial_move,3,2686931
-2.907,trivial_move,4,2686932
-2.905,flush_begin,0,0
-2.891,flush_end,0,2686932
-2.874,trivial_move,3,2686931
-2.866,trivial_move,4,2686930
-2.864,flush_begin,0,0
-2.848,flush_end,0,2686930
-2.831,trivial_move,3,2686930
-2.824,trivial_move,4,2686931
-2.822,flush_begin,0,0
-2.807,flush_end,0,2686930
-2.790,trivial_move,3,2686932
-2.782,trivial_move,4,2686931
-2.780,flush_begin,0,0
-2.765,flush_end,0,2686932
-2.748,trivial_move,3,2686930
-2.740,trivial_move,4,2686932
-2.737,flush_begin,0,0
-2.722,flush_end,0,2686930
-2.705,trivial_move,3,2686931
-2.697,trivial_move,4,2686931
-2.694,flush_begin,0,0
-2.679,flush_end,0,2686932
-2.663,trivial_move,3,2686932
-2.655,trivial_move,4,2686930
-2.652,flush_begin,0,0
-2.638,flush_end,0,2686930
-2.621,trivial_move,3,2686930
-2.613,trivial_move,4,2686930
-2.609,flush_begin,0,0
-2.595,flush_end,0,2686931
-2.579,trivial_move,3,2686932
-2.571,trivial_move,4,2686931
-2.569,flush_begin,0,0
-2.553,flush_end,0,2686931
-2.537,trivial_move,3,2686930
-2.529,trivial_move,4,2686931
-2.527,flush_begin,0,0
-2.512,flush_end,0,2686932
-2.496,trivial_move,3,2686932
-2.488,trivial_move,4,2686931
-2.484,flush_begin,0,0
-2.470,flush_end,0,2686931
-2.453,trivial_move,3,2686930
-2.445,trivial_move,4,2686931
-2.443,flush_begin,0,0
-2.428,flush_end,0,2686931
-2.411,trivial_move,3,2686931
-2.403,trivial_move,4,2686930
-2.400,flush_begin,0,0
-2.386,flush_end,0,2686930
-2.369,trivial_move,3,2686931
-2.362,trivial_move,4,2686932
-2.359,flush_begin,0,0
-2.345,flush_end,0,2686932
-2.328,trivial_move,3,2686931
-2.320,trivial_move,4,2686930
-2.317,flush_begin,0,0
-2.302,flush_end,0,2686930
-2.286,trivial_move,3,2686931
-2.278,trivial_move,4,2686932
-2.275,flush_begin,0,0
-2.259,flush_end,0,2686931
-2.242,trivial_move,3,2686930
-2.234,trivial_move,4,2686930
-2.231,flush_begin,0,0
-2.216,flush_end,0,2686931
-2.197,trivial_move,3,2686930
-2.189,trivial_move,4,2686931
-2.186,flush_begin,0,0
-2.171,flush_end,0,2686930
-2.154,trivial_move,3,2686931
-2.146,trivial_move,4,2686931
-2.143,flush_begin,0,0
-2.128,flush_end,0,2686932
-2.111,trivial_move,3,2686931
-2.103,trivial_move,4,2686930
-2.100,flush_begin,0,0
-2.085,flush_end,0,2686930
-2.068,trivial_move,3,2686931
-2.060,trivial_move,4,2686932
-2.057,flush_begin,0,0
-2.042,flush_end,0,2686932
-2.025,trivial_move,3,2686931
-2.017,trivial_move,4,2686930
-2.013,flush_begin,0,0
-1.999,flush_end,0,2686930
-1.983,trivial_move,3,2686930
-1.975,trivial_move,4,2686931
-1.972,flush_begin,0,0
-1.957,flush_end,0,2686931
-1.941,trivial_move,3,2686932
-1.933,trivial_move,4,2686931
-1.931,flush_begin,0,0
-1.917,flush_end,0,2686931
-1.900,trivial_move,3,2686930
-1.892,trivial_move,4,2686931
-1.890,flush_begin,0,0
-1.876,flush_end,0,2686931
-1.859,trivial_move,3,2686932
-1.851,trivial_move,4,2686931
-1.848,flush_begin,0,0
-1.833,flush_end,0,2686931
-1.816,trivial_move,3,2686930
-1.808,trivial_move,4,2686932
-1.805,flush_begin,0,0
-1.790,flush_end,0,2686930
-1.773,trivial_move,3,2686932
-1.765,trivial_move,4,2686930
-1.763,flush_begin,0,0
-1.748,flush_end,0,2686930
-1.731,trivial_move,3,2686931
-1.723,trivial_move,4,2686932
-1.719,flush_begin,0,0
-1.704,flush_end,0,2686931
-1.687,trivial_move,3,2686930
-1.679,trivial_move,4,2686930
-1.677,flush_begin,0,0
-1.661,flush_end,0,2686931
-1.644,trivial_move,3,2686932
-1.636,trivial_move,4,2686932
-1.632,flush_begin,0,0
-1.619,flush_end,0,2686931
-1.605,trivial_move,3,2686930
-1.593,trivial_move,4,2686930
-1.590,flush_begin,0,0
-1.574,flush_end,0,2686932
-1.557,trivial_move,3,2686931
-1.549,trivial_move,4,2686930
-1.547,flush_begin,0,0
-1.532,flush_end,0,2686930
-1.515,trivial_move,3,2686931
-1.507,trivial_move,4,2686932
-1.503,flush_begin,0,0
-1.488,flush_end,0,2686932
-1.471,trivial_move,3,2686931
-1.463,trivial_move,4,2686930
-1.461,flush_begin,0,0
-1.445,flush_end,0,2686930
-1.428,trivial_move,3,2686931
-1.420,trivial_move,4,2686932
-1.417,flush_begin,0,0
-1.403,flush_end,0,2686932
-1.387,trivial_move,3,2686931
-1.379,trivial_move,4,2686930
-1.377,flush_begin,0,0
-1.364,flush_end,0,2686930
-1.347,trivial_move,3,2686930
-1.339,trivial_move,4,2686931
-1.337,flush_begin,0,0
-1.323,flush_end,0,2686931
-1.306,trivial_move,3,2686932
-1.298,trivial_move,4,2686931
-1.296,flush_begin,0,0
-1.282,flush_end,0,2686931
-1.265,trivial_move,3,2686930
-1.257,trivial_move,4,2686931
-1.255,flush_begin,0,0
-1.241,flush_end,0,2686930
-1.224,trivial_move,3,2686932
-1.216,trivial_move,4,2686931
-1.214,flush_begin,0,0
-1.200,flush_end,0,2686932
-1.183,trivial_move,3,2686930
-1.175,trivial_move,4,2686931
-1.172,flush_begin,0,0
-1.157,flush_end,0,2686930
-1.141,trivial_move,3,2686930
-1.133,trivial_move,4,2686930
-1.129,flush_begin,0,0
-1.115,flush_end,0,2686931
-1.098,trivial_move,3,2686932
-1.090,trivial_move,4,2686932
-1.088,flush_begin,0,0
-1.074,flush_end,0,2686931
-1.057,trivial_move,3,2686930
-1.049,trivial_move,4,2686930
-1.047,flush_begin,0,0
-1.032,flush_end,0,2686931
-1.015,trivial_move,3,2686932
-1.007,trivial_move,4,2686931
-1.005,flush_begin,0,0
-0.990,flush_end,0,2686931
-0.973,trivial_move,3,2686930
-0.965,trivial_move,4,2686931
-0.962,flush_begin,0,0
-0.947,flush_end,0,2686931
-0.931,trivial_move,3,2686931
-0.923,trivial_move,4,2686930
-0.922,flush_begin,0,0
-0.909,flush_end,0,2686930
-0.892,trivial_move,3,2686931
-0.884,trivial_move,4,2686933
-0.883,flush_begin,0,0
-0.869,flush_end,0,2686932
-0.852,trivial_move,3,2686932
-0.844,trivial_move,4,2686930
-0.841,flush_begin,0,0
-0.827,flush_end,0,2686930
-0.810,trivial_move,3,2686931
-0.802,trivial_move,4,2686932
-0.800,flush_begin,0,0
-0.786,flush_end,0,2686932
-0.769,trivial_move,3,2686931
-0.761,trivial_move,4,2686930
-0.759,flush_begin,0,0
-0.745,flush_end,0,2686930
-0.728,trivial_move,3,2686930
-0.720,trivial_move,4,2686931
-0.718,flush_begin,0,0
-0.705,flush_end,0,2686930
-0.688,trivial_move,3,2686932
-0.680,trivial_move,4,2686931
-0.678,flush_begin,0,0
-0.663,flush_end,0,2686933
-0.646,trivial_move,3,2686930
-0.638,trivial_move,4,2686931
-0.634,flush_begin,0,0
-0.621,flush_end,0,2686930
-0.604,trivial_move,3,2686931
-0.596,trivial_move,4,2686931
-0.594,flush_begin,0,0
-0.578,flush_end,0,2686932
-0.561,trivial_move,3,2686931
-0.553,trivial_move,4,2686930
-0.551,flush_begin,0,0
-0.536,flush_end,0,2686930
-0.519,trivial_move,3,2686930
-0.511,trivial_move,4,2686930
-0.509,flush_begin,0,0
-0.494,flush_end,0,2686931
-0.477,trivial_move,3,2686932
-0.469,trivial_move,4,2686931
-0.466,flush_begin,0,0
-0.451,flush_end,0,2686931
-0.434,trivial_move,3,2686930
-0.426,trivial_move,4,2686931
-0.424,flush_begin,0,0
-0.409,flush_end,0,2686931
-0.392,trivial_move,3,2686932
-0.384,trivial_move,4,2686931
-0.381,flush_begin,0,0
-0.366,flush_end,0,2686931
-0.349,trivial_move,3,2686930
-0.341,trivial_move,4,2686931
-0.339,flush_begin,0,0
-0.323,flush_end,0,2686931
-0.306,trivial_move,3,2686931
-0.298,trivial_move,4,2686930
-0.295,flush_begin,0,0
-0.279,flush_end,0,2686930
-0.262,trivial_move,3,2686931
-0.254,trivial_move,4,2686932
-0.251,flush_begin,0,0
-0.235,flush_end,0,2686932
-0.218,trivial_move,3,2686931
-0.210,trivial_move,4,2686930
-0.207,flush_begin,0,0
-0.192,flush_end,0,2686930
-0.175,trivial_move,3,2686931
-0.167,trivial_move,4,2686932
-0.164,flush_begin,0,0
-0.148,flush_end,0,2686931
-0.131,trivial_move,3,2686930
-0.123,trivial_move,4,2686930
-0.120,flush_begin,0,0
-0.105,flush_end,0,2686931
-0.088,trivial_move,3,2686930
-0.080,trivial_move,4,2686931
-0.077,flush_begin,0,0
-0.062,flush_end,0,2686930
-0.045,trivial_move,3,2686931
-0.037,trivial_move,4,2686931
-0.033,flush_begin,0,0
-0.018,flush_end,0,2686932
-0.002,trivial_move,3,2686931
0.006,trivial_move,4,2686930
0.010,flush_begin,0,0
0.025,flush_end,0,2686930
0.042,trivial_move,3,2686931
0.050,trivial_move,4,2686933
0.053,flush_begin,0,0
0.068,flush_end,0,2686932
0.085,trivial_move,3,2686932
0.093,trivial_move,4,2686930
0.096,flush_begin,0,0
0.110,flush_end,0,2686930
0.127,trivial_move,3,2686930
0.135,trivial_move,4,2686931
0.138,flush_begin,0,0
0.153,flush_end,0,2686931
0.170,trivial_move,3,2686932
0.178,trivial_move,4,2686931
0.182,flush_begin,0,0
0.197,flush_end,0,2686931
0.214,trivial_move,3,2686930
0.222,trivial_move,4,2686931
0.225,flush_begin,0,0
0.239,flush_end,0,2686932
0.256,trivial_move,3,2686932
0.264,trivial_move,4,2686931
0.267,flush_begin,0,0
0.281,flush_end,0,2686931
0.298,trivial_move,3,2686930
0.305,trivial_move,4,2686931
0.308,flush_begin,0,0
0.324,flush_end,0,2686930
0.342,trivial_move,3,2686931
0.350,trivial_move,4,2686930
0.353,flush_begin,0,0
0.367,flush_end,0,2686930
0.385,trivial_move,3,2686931
0.393,trivial_move,4,2686932
0.396,flush_begin,0,0
0.411,flush_end,0,2686931
0.427,trivial_move,3,2686930
0.435,trivial_move,4,2686930
0.438,flush_begin,0,0
0.453,flush_end,0,2686931
0.469,trivial_move,3,2686932
0.477,trivial_move,4,2686932
0.480,flush_begin,0,0
0.494,flush_end,0,2686931
0.509,trivial_move,3,2686930
0.518,trivial_move,4,2686930
0.521,flush_begin,0,0
0.534,flush_end,0,2686931
0.552,trivial_move,3,2686931
0.560,trivial_move,4,2686930
0.562,flush_begin,0,0
0.577,flush_end,0,2686930
0.594,trivial_move,3,2686931
0.602,trivial_move,4,2686932
0.605,flush_begin,0,0
0.621,flush_end,0,2686932
0.638,trivial_move,3,2686931
0.646,trivial_move,4,2686930
0.649,flush_begin,0,0
0.662,flush_end,0,2686930
0.680,trivial_move,3,2686931
0.688,trivial_move,4,2686932
0.691,flush_begin,0,0
0.705,flush_end,0,2686932
0.722,trivial_move,3,2686931
0.730,trivial_move,4,2686930
0.733,flush_begin,0,0
0.746,flush_end,0,2686930
0.762,trivial_move,3,2686930
0.769,trivial_move,4,2686931
0.774,flush_begin,0,0
0.788,flush_end,0,2686931
0.804,trivial_move,3,2686932
0.812,trivial_move,4,2686931
0.815,flush_begin,0,0
0.829,flush_end,0,2686931
0.846,trivial_move,3,2686930
0.854,trivial_move,4,2686931
0.857,flush_begin,0,0
0.871,flush_end,0,2686930
0.888,trivial_move,3,2686932
0.896,trivial_move,4,2686931
0.898,flush_begin,0,0
0.913,flush_end,0,2686932
0.930,trivial_move,3,2686930
0.938,trivial_move,4,2686933
0.941,flush_begin,0,0
0.956,flush_end,0,2686930
0.972,trivial_move,3,2686930
0.981,trivial_move,4,2686930
0.983,flush_begin,0,0
0.996,flush_end,0,2686931
1.012,trivial_move,3,2686933
1.020,trivial_move,4,2686932
1.024,flush_begin,0,0
1.039,flush_end,0,2686931
1.056,trivial_move,3,2686930
1.064,trivial_move,4,2686930
1.067,flush_begin,0,0
1.081,flush_end,0,2686931
1.098,trivial_move,3,2686932
1.106,trivial_move,4,2686931
1.108,flush_begin,0,0
1.122,flush_end,0,2686931
1.138,trivial_move,3,2686930
1.146,trivial_move,4,2686931
1.149,flush_begin,0,0
1.163,flush_end,0,2686933
1.180,trivial_move,3,2686931
1.188,trivial_move,4,2686930
1.191,flush_begin,0,0
1.207,flush_end,0,2686930
1.224,trivial_move,3,2686931
1.232,trivial_move,4,2686932
1.235,flush_begin,0,0
1.250,flush_end,0,2686932
1.266,trivial_move,3,2686931
1.274,trivial_move,4,2686930
1.277,flush_begin,0,0
1.291,flush_end,0,2686930
1.308,trivial_move,3,2686931
1.316,trivial_move,4,2686932
1.318,flush_begin,0,0
1.332,flush_end,0,2686932
1.349,trivial_move,3,2686931
1.357,trivial_move,4,2686930
1.360,flush_begin,0,0
1.375,flush_end,0,2686930
1.392,trivial_move,3,2686930
1.400,trivial_move,4,2686931
1.402,flush_begin,0,0
1.418,flush_end,0,2686930
1.435,trivial_move,3,2686932
1.443,trivial_move,4,2686931
1.446,flush_begin,0,0
1.461,flush_end,0,2686932
1.477,trivial_move,3,2686930
1.486,trivial_move,4,2686931
1.489,flush_begin,0,0
1.503,flush_end,0,2686930
1.520,trivial_move,3,2686931
1.528,trivial_move,4,2686931
1.531,flush_begin,0,0
1.546,flush_end,0,2686932
1.563,trivial_move,3,2686931
1.571,trivial_move,4,2686930
1.574,flush_begin,0,0
1.589,flush_end,0,2686930
1.606,trivial_move,3,2686930
1.614,trivial_move,4,2686930
1.617,flush_begin,0,0
1.632,flush_end,0,2686931
1.649,trivial_move,3,2686932
1.657,trivial_move,4,2686931
1.660,flush_begin,0,0
1.675,flush_end,0,2686931
1.692,trivial_move,3,2686930
1.700,trivial_move,4,2686931
1.703,flush_begin,0,0
1.719,flush_end,0,2686931
1.736,trivial_move,3,2686932
1.744,trivial_move,4,2686931
1.747,flush_begin,0,0
1.763,flush_end,0,2686931
1.780,trivial_move,3,2686930
1.788,trivial_move,4,2686931
1.790,flush_begin,0,0
1.807,flush_end,0,2686931
1.824,trivial_move,3,2686931
1.832,trivial_move,4,2686930
1.835,flush_begin,0,0
1.850,flush_end,0,2686930
1.867,trivial_move,3,2686931
1.875,trivial_move,4,2686933
1.878,flush_begin,0,0
1.894,flush_end,0,2686932
1.911,trivial_move,3,2686932
1.919,trivial_move,4,2686930
1.922,flush_begin,0,0
1.938,flush_end,0,2686930
1.955,trivial_move,3,2686931
1.962,trivial_move,4,2686932
1.965,flush_begin,0,0
1.981,flush_end,0,2686931
1.998,trivial_move,3,2686930
2.006,trivial_move,4,2686930
2.010,flush_begin,0,0
2.026,flush_end,0,2686931
2.043,trivial_move,3,2686930
2.051,trivial_move,4,2686931
2.054,flush_begin,0,0
2.069,flush_end,0,2686930
2.086,trivial_move,3,2686931
2.094,trivial_move,4,2686931
2.097,flush_begin,0,0
2.113,flush_end,0,2686933
2.130,trivial_move,3,2686931
2.138,trivial_move,4,2686930
2.140,flush_begin,0,0
2.156,flush_end,0,2686930
2.173,trivial_move,3,2686931
2.181,trivial_move,4,2686932
2.184,flush_begin,0,0
2.200,flush_end,0,2686932
2.217,trivial_move,3,2686931
2.225,trivial_move,4,2686930
2.228,flush_begin,0,0
2.243,flush_end,0,2686930
2.260,trivial_move,3,2686930
2.268,trivial_move,4,2686931
2.271,flush_begin,0,0
2.286,flush_end,0,2686931
2.303,trivial_move,3,2686932
2.311,trivial_move,4,2686931
2.314,flush_begin,0,0
2.329,flush_end,0,2686931
2.346,trivial_move,3,2686930
2.354,trivial_move,4,2686931
2.357,flush_begin,0,0
2.372,flush_end,0,2686931
2.388,trivial_move,3,2686932
2.397,trivial_move,4,2686931
2.399,flush_begin,0,0
2.415,flush_end,0,2686931
2.432,trivial_move,3,2686930
2.440,trivial_move,4,2686931
2.442,flush_begin,0,0
2.458,flush_end,0,2686930
2.475,trivial_move,3,2686931
2.482,trivial_move,4,2686930
2.485,flush_begin,0,0
2.500,flush_end,0,2686930
2.517,trivial_move,3,2686931
2.524,trivial_move,4,2686932
2.527,flush_begin,0,0
2.541,flush_end,0,2686931
2.558,trivial_move,3,2686930
2.566,trivial_move,4,2686930
2.568,flush_begin,0,0
2.582,flush_end,0,2686931
2.598,trivial_move,3,2686932
2.605,trivial_move,4,2686932
2.607,flush_begin,0,0
2.617,flush_end,0,2686931
2.634,trivial_move,3,2686930
2.642,trivial_move,4,2686930
2.642,flush_begin,0,0
2.653,flush_end,0,2686931
2.670,trivial_move,3,2686931
2.678,trivial_move,4,2686930
2.678,flush_begin,0,0
2.689,flush_end,0,2686930
2.706,trivial_move,3,2686931
2.714,trivial_move,4,2686932
2.714,flush_begin,0,0
2.726,flush_end,0,2686932
2.743,trivial_move,3,2686931
2.751,trivial_move,4,2686930
2.752,flush_begin,0,0
2.764,flush_end,0,2686930
2.781,trivial_move,3,2686931
2.789,trivial_move,4,2686933
2.790,flush_begin,0,0
2.802,flush_end,0,2686932
2.819,trivial_move,3,2686933
2.827,trivial_move,4,2686930
2.828,flush_begin,0,0
2.841,flush_end,0,2686930
2.858,trivial_move,3,2686930
2.866,trivial_move,4,2686931
2.869,flush_begin,0,0
2.883,flush_end,0,2686931
2.900,trivial_move,3,2686932
2.908,trivial_move,4,2686931
2.910,flush_begin,0,0
2.924,flush_end,0,2686931
2.941,trivial_move,3,2686930
2.949,trivial_move,4,2686931
2.951,flush_begin,0,0
2.965,flush_end,0,2686930
2.982,trivial_move,3,2686932
2.990,trivial_move,4,2686931
2.992,flush_begin,0,0
3.006,flush_end,0,2686933
3.023,trivial_move,3,2686930
3.031,trivial_move,4,2686931
3.035,flush_begin,0,0
3.050,flush_end,0,2686930
3.067,trivial_move,3,2686930
3.075,trivial_move,4,2686930
3.078,flush_begin,0,0
3.093,flush_end,0,2686931
3.109,trivial_move,3,2686932
3.118,trivial_move,4,2686932
3.121,flush_begin,0,0
3.135,flush_end,0,2686931
3.152,trivial_move,3,2686930
3.160,trivial_move,4,2686930
3.163,flush_begin,0,0
3.178,flush_end,0,2686931
3.195,trivial_move,3,2686932
3.203,trivial_move,4,2686931
3.205,flush_begin,0,0
3.220,flush_end,0,2686931
3.237,trivial_move,3,2686930
3.245,trivial_move,4,2686931
3.248,flush_begin,0,0
3.262,flush_end,0,2686931
3.279,trivial_move,3,2686931
3.287,trivial_move,4,2686930
3.290,flush_begin,0,0
3.304,flush_end,0,2686930
3.321,trivial_move,3,2686931
3.329,trivial_move,4,2686932
3.332,flush_begin,0,0
3.346,flush_end,0,2686932
3.362,trivial_move,3,2686931
3.370,trivial_move,4,2686930
3.374,flush_begin,0,0
3.389,flush_end,0,2686930
3.406,trivial_move,3,2686931
3.413,trivial_move,4,2686932
3.417,flush_begin,0,0
3.432,flush_end,0,2686932
3.449,trivial_move,3,2686931
3.457,trivial_move,4,2686930
3.460,flush_begin,0,0
3.477,flush_end,0,2686930
3.494,trivial_move,3,2686930
3.502,trivial_move,4,2686931
3.506,flush_begin,0,0
3.521,flush_end,0,2686930
3.539,trivial_move,3,2686932
3.547,trivial_move,4,2686931
3.550,flush_begin,0,0
3.565,flush_end,0,2686932
3.582,trivial_move,3,2686930
3.590,trivial_move,4,2686931
3.593,flush_begin,0,0
3.608,flush_end,0,2686930
3.624,trivial_move,3,2686931
3.632,trivial_move,4,2686931
3.635,flush_begin,0,0
3.649,flush_end,0,2686932
3.665,trivial_move,3,2686931
3.674,trivial_move,4,2686930
3.676,flush_begin,0,0
3.689,flush_end,0,2686930
3.706,trivial_move,3,2686930
3.715,trivial_move,4,2686930
3.717,flush_begin,0,0
3.732,flush_end,0,2686931
3.748,trivial_move,3,2686933
3.757,trivial_move,4,2686931
3.760,flush_begin,0,0
3.777,flush_end,0,2686931
3.794,trivial_move,3,2686930
3.802,trivial_move,4,2686931
3.805,flush_begin,0,0
3.820,flush_end,0,2686931
3.837,trivial_move,3,2686932
3.845,trivial_move,4,2686931
3.847,flush_begin,0,0
3.862,flush_end,0,2686931
3.879,trivial_move,3,2686930
3.887,trivial_move,4,2686931
3.890,flush_begin,0,0
3.905,flush_end,0,2686932
3.922,trivial_move,3,2686931
3.930,trivial_move,4,2686930
3.933,flush_begin,0,0
3.948,flush_end,0,2686930
3.965,trivial_move,3,2686931
3.973,trivial_move,4,2686932
3.976,flush_begin,0,0
3.991,flush_end,0,2686932
4.008,trivial_move,3,2686931
4.016,trivial_move,4,2686930
4.019,flush_begin,0,0
4.034,flush_end,0,2686930
4.051,trivial_move,3,2686931
4.059,trivial_move,4,2686932
4.062,flush_begin,0,0
4.079,flush_end,0,2686931
4.096,trivial_move,3,2686930
4.104,trivial_move,4,2686930
4.107,flush_begin,0,0
4.122,flush_end,0,2686931
4.139,trivial_move,3,2686930
4.147,trivial_move,4,2686931
4.150,flush_begin,0,0
4.165,flush_end,0,2686930
4.182,trivial_move,3,2686931
4.190,trivial_move,4,2686931
4.193,flush_begin,0,0
4.207,flush_end,0,2686932
4.223,trivial_move,3,2686931
4.231,trivial_move,4,2686930
4.234,flush_begin,0,0
4.256,flush_end,0,2686930
4.272,trivial_move,3,2686931
4.279,trivial_move,4,2686932
4.282,flush_begin,0,0
4.298,flush_end,0,2686932
4.315,trivial_move,3,2686931
4.323,trivial_move,4,2686930
4.326,flush_begin,0,0
4.341,flush_end,0,2686930
4.358,trivial_move,3,2686930
4.366,trivial_move,4,2686931
4.369,flush_begin,0,0
4.385,flush_end,0,2686931
4.402,trivial_move,3,2686932
4.410,trivial_move,4,2686931
4.412,flush_begin,0,0
4.426,flush_end,0,2686931
4.443,trivial_move,3,2686930
4.451,trivial_move,4,2686931
4.454,flush_begin,0,0
4.469,flush_end,0,2686931
4.486,trivial_move,3,2686932
4.494,trivial_move,4,2686931
4.498,flush_begin,0,0
4.513,flush_end,0,2686931
4.531,trivial_move,3,2686930
4.539,trivial_move,4,2686931
4.541,flush_begin,0,0
4.555,flush_end,0,2686930
4.572,trivial_move,3,2686931
4.579,trivial_move,4,2686930
4.582,flush_begin,0,0
4.597,flush_end,0,2686930
4.614,trivial_move,3,2686931
4.622,trivial_move,4,2686933
4.624,flush_begin,0,0
4.639,flush_end,0,2686931
4.656,trivial_move,3,2686930
4.664,trivial_move,4,2686930
4.667,flush_begin,0,0
4.681,flush_end,0,2686931
4.698,trivial_move,3,2686933
4.705,trivial_move,4,2686932
4.708,flush_begin,0,0
4.722,flush_end,0,2686931
4.739,trivial_move,3,2686930
4.747,trivial_move,4,2686930
4.749,flush_begin,0,0
4.763,flush_end,0,2686931
4.780,trivial_move,3,2686931
4.788,trivial_move,4,2686930
4.790,flush_begin,0,0
4.804,flush_end,0,2686930
4.821,trivial_move,3,2686931
4.829,trivial_move,4,2686932
4.832,flush_begin,0,0
4.846,flush_end,0,2686933
4.862,trivial_move,3,2686931
4.870,trivial_move,4,2686930
4.873,flush_begin,0,0
4.888,flush_end,0,2686930
4.905,trivial_move,3,2686931
4.913,trivial_move,4,2686932
4.915,flush_begin,0,0
4.930,flush_end,0,2686932
4.947,trivial_move,3,2686931
4.955,trivial_move,4,2686930
4.958,flush_begin,0,0
4.973,flush_end,0,2686930
4.989,trivial_move,3,2686930
4.997,trivial_move,4,2686931
5.000,flush_begin,0,0
5.014,flush_end,0,2686931
5.031,trivial_move,3,2686932
5.039,trivial_move,4,2686931
5.041,flush_begin,0,0
5.057,flush_end,0,2686931
5.073,trivial_move,3,2686930
5.081,trivial_move,4,2686931
5.083,flush_begin,0,0
5.098,flush_end,0,2686930
5.115,trivial_move,3,2686932
5.123,trivial_move,4,2686931
5.126,flush_begin,0,0
5.141,flush_end,0,2686932
5.158,trivial_move,3,2686930
5.166,trivial_move,4,2686931
5.169,flush_begin,0,0
5.184,flush_end,0,2686930
5.201,trivial_move,3,2686930
5.209,trivial_move,4,2686930
5.211,flush_begin,0,0
5.226,flush_end,0,2686931
5.243,trivial_move,3,2686932
5.251,trivial_move,4,2686932
5.253,flush_begin,0,0
5.269,flush_end,0,2686931
5.286,trivial_move,3,2686930
5.294,trivial_move,4,2686930
5.298,flush_begin,0,0
5.314,flush_end,0,2686931
5.331,trivial_move,3,2686932
5.339,trivial_move,4,2686931
5.343,flush_begin,0,0
5.358,flush_end,0,2686931
5.374,trivial_move,3,2686930
5.382,trivial_move,4,2686931
5.386,flush_begin,0,0
5.401,flush_end,0,2686931
5.418,trivial_move,3,2686931
5.426,trivial_move,4,2686930
5.428,flush_begin,0,0
5.444,flush_end,0,2686930
5.461,trivial_move,3,2686931
5.469,trivial_move,4,2686932
5.472,flush_begin,0,0
5.489,flush_end,0,2686932
5.506,trivial_move,3,2686931
5.514,trivial_move,4,2686930
5.519,flush_begin,0,0
5.535,flush_end,0,2686930
5.552,trivial_move,3,2686931
5.560,trivial_move,4,2686933
5.563,flush_begin,0,0
5.578,flush_end,0,2686932
5.596,trivial_move,3,2686932
5.604,trivial_move,4,2686930
5.606,flush_begin,0,0
5.622,flush_end,0,2686930
5.639,trivial_move,3,2686930
5.647,trivial_move,4,2686931
5.649,flush_begin,0,0
5.664,flush_end,0,2686930
5.681,trivial_move,3,2686932
5.689,trivial_move,4,2686931
5.692,flush_begin,0,0
5.707,flush_end,0,2686932
5.724,trivial_move,3,2686930
5.732,trivial_move,4,2686931
5.734,flush_begin,0,0
5.750,flush_end,0,2686930
5.767,trivial_move,3,2686931
5.775,trivial_move,4,2686931
5.778,flush_begin,0,0
5.795,flush_end,0,2686933
5.812,trivial_move,3,2686931
5.820,trivial_move,4,2686930
5.823,flush_begin,0,0
5.838,flush_end,0,2686930
5.856,trivial_move,3,2686930
5.864,trivial_move,4,2686930
5.866,flush_begin,0,0
5.881,flush_end,0,2686931
5.898,trivial_move,3,2686932
5.906,trivial_move,4,2686931
5.908,flush_begin,0,0
5.922,flush_end,0,2686931
5.938,trivial_move,3,2686930
5.947,trivial_move,4,2686931
5.949,flush_begin,0,0
5.964,flush_end,0,2686931
5.981,trivial_move,3,2686932
5.989,trivial_move,4,2686931
5.991,flush_begin,0,0
6.006,flush_end,0,2686931
6.023,trivial_move,3,2686930
6.031,trivial_move,4,2686931
6.033,flush_begin,0,0
6.049,flush_end,0,2686931
6.065,trivial_move,3,2686931
6.074,trivial_move,4,2686930
6.077,flush_begin,0,0
6.093,flush_end,0,2686930
6.110,trivial_move,3,2686931
6.118,trivial_move,4,2686932
6.120,flush_begin,0,0
6.135,flush_end,0,2686932
6.152,trivial_move,3,2686931
6.160,trivial_move,4,2686930
6.162,flush_begin,0,0
6.177,flush_end,0,2686930
6.194,trivial_move,3,2686931
6.202,trivial_move,4,2686932
6.204,flush_begin,0,0
6.218,flush_end,0,2686931
6.234,trivial_move,3,2686930
6.241,trivial_move,4,2686930
6.245,flush_begin,0,0
6.258,flush_end,0,2686931
6.275,trivial_move,3,2686930
6.284,trivial_move,4,2686931
6.287,flush_begin,0,0
6.302,flush_end,0,2686930
6.318,trivial_move,3,2686931
6.326,trivial_move,4,2686931
6.329,flush_begin,0,0
6.345,flush_end,0,2686932
6.360,trivial_move,3,2686931
6.369,trivial_move,4,2686930
6.372,flush_begin,0,0
6.388,flush_end,0,2686930
6.404,trivial_move,3,2686931
6.413,trivial_move,4,2686932
6.416,flush_begin,0,0
6.430,flush_end,0,2686932
6.447,trivial_move,3,2686931
6.455,trivial_move,4,2686930
6.457,flush_begin,0,0
6.471,flush_end,0,2686930
6.488,trivial_move,3,2686930
6.496,trivial_move,4,2686932
6.500,flush_begin,0,0
6.513,flush_end,0,2686931
6.531,trivial_move,3,2686933
6.539,trivial_move,4,2686931
6.542,flush_begin,0,0
6.555,flush_end,0,2686931
6.573,trivial_move,3,2686930
6.581,trivial_move,4,2686931
6.582,flush_begin,0,0
6.596,flush_end,0,2686931
6.613,trivial_move,3,2686932
6.621,trivial_move,4,2686931
6.622,flush_begin,0,0
6.636,flush_end,0,2686931
6.654,trivial_move,3,2686930
6.662,trivial_move,4,2686931
6.664,flush_begin,0,0
6.679,flush_end,0,2686930
6.696,trivial_move,3,2686931
6.704,trivial_move,4,2686930
6.706,flush_begin,0,0
6.721,flush_end,0,2686930
6.738,trivial_move,3,2686931
6.746,trivial_move,4,2686932
6.748,flush_begin,0,0
6.762,flush_end,0,2686931
6.779,trivial_move,3,2686930
6.787,trivial_move,4,2686930
6.789,flush_begin,0,0
6.804,flush_end,0,2686931
6.820,trivial_move,3,2686932
6.829,trivial_move,4,2686932
6.831,flush_begin,0,0
6.845,flush_end,0,2686931
6.861,trivial_move,3,2686930
6.870,trivial_move,4,2686930
6.874,flush_begin,0,0
6.888,flush_end,0,2686931
6.904,trivial_move,3,2686931
6.912,trivial_move,4,2686930
6.916,flush_begin,0,0
6.931,flush_end,0,2686930
6.947,trivial_move,3,2686931
6.955,trivial_move,4,2686932
6.958,flush_begin,0,0
6.975,flush_end,0,2686932
6.991,trivial_move,3,2686931
6.999,trivial_move,4,2686930
7.004,flush_begin,0,0
7.019,flush_end,0,2686930
7.036,trivial_move,3,2686931
7.043,trivial_move,4,2686932
7.046,flush_begin,0,0
7.061,flush_end,0,2686932
7.077,trivial_move,3,2686931
7.085,trivial_move,4,2686930
7.089,flush_begin,0,0
7.102,flush_end,0,2686930
7.120,trivial_move,3,2686930
7.128,trivial_move,4,2686931
7.130,flush_begin,0,0
7.144,flush_end,0,2686931
7.160,trivial_move,3,2686932
7.169,trivial_move,4,2686931
7.171,flush_begin,0,0
7.186,flush_end,0,2686931
7.203,trivial_move,3,2686930
7.211,trivial_move,4,2686931
7.213,flush_begin,0,0
7.228,flush_end,0,2686930
7.245,trivial_move,3,2686932
7.253,trivial_move,4,2686931
7.255,flush_begin,0,0
7.271,flush_end,0,2686932
7.288,trivial_move,3,2686930
7.296,trivial_move,4,2686931
7.299,flush_begin,0,0
7.313,flush_end,0,2686930
7.330,trivial_move,3,2686930
7.338,trivial_move,4,2686930
7.341,flush_begin,0,0
7.356,flush_end,0,2686931
7.373,trivial_move,3,2686932
7.380,trivial_move,4,2686933
7.384,flush_begin,0,0
7.400,flush_end,0,2686931
7.417,trivial_move,3,2686930
7.425,trivial_move,4,2686930
7.427,flush_begin,0,0
7.442,flush_end,0,2686931
7.459,trivial_move,3,2686933
7.467,trivial_move,4,2686931
7.470,flush_begin,0,0
7.486,flush_end,0,2686931
7.502,trivial_move,3,2686930
7.511,trivial_move,4,2686931
7.514,flush_begin,0,0
7.529,flush_end,0,2686931
7.546,trivial_move,3,2686931
7.554,trivial_move,4,2686930
7.556,flush_begin,0,0
7.572,flush_end,0,2686930
7.589,trivial_move,3,2686931
7.597,trivial_move,4,2686932
7.600,flush_begin,0,0
7.615,flush_end,0,2686933
7.632,trivial_move,3,2686931
7.641,trivial_move,4,2686930
7.644,flush_begin,0,0
7.660,flush_end,0,2686930
7.677,trivial_move,3,2686931
7.685,trivial_move,4,2686932
7.688,flush_begin,0,0
7.703,flush_end,0,2686932
7.720,trivial_move,3,2686931
7.728,trivial_move,4,2686930
7.731,flush_begin,0,0
7.746,flush_end,0,2686930
7.763,trivial_move,3,2686930
7.771,trivial_move,4,2686931
7.774,flush_begin,0,0
7.789,flush_end,0,2686930
7.806,trivial_move,3,2686932
7.814,trivial_move,4,2686931
7.817,flush_begin,0,0
7.833,flush_end,0,2686932
7.850,trivial_move,3,2686930
7.858,trivial_move,4,2686931
7.860,flush_begin,0,0
7.877,flush_end,0,2686930
7.894,trivial_move,3,2686931
7.902,trivial_move,4,2686931
7.906,flush_begin,0,0
7.922,flush_end,0,2686932
7.939,trivial_move,3,2686931
7.947,trivial_move,4,2686930
7.950,flush_begin,0,0
7.965,flush_end,0,2686930
7.982,trivial_move,3,2686930
7.990,trivial_move,4,2686930
7.993,flush_begin,0,0
8.007,flush_end,0,2686931
8.024,trivial_move,3,2686932
8.032,trivial_move,4,2686931
8.035,flush_begin,0,0
8.051,flush_end,0,2686931
8.068,trivial_move,3,2686930
8.075,trivial_move,4,2686931
8.078,flush_begin,0,0
8.093,flush_end,0,2686931
8.111,trivial_move,3,2686932
8.119,trivial_move,4,2686931
8.121,flush_begin,0,0
8.134,flush_end,0,2686931
8.151,trivial_move,3,2686930
8.158,trivial_move,4,2686931
8.161,flush_begin,0,0
8.176,flush_end,0,2686931
8.192,trivial_move,3,2686931
8.201,trivial_move,4,2686930
8.202,flush_begin,0,0
8.216,flush_end,0,2686930
8.233,trivial_move,3,2686931
8.241,trivial_move,4,2686932
8.243,flush_begin,0,0
8.258,flush_end,0,2686932
8.274,trivial_move,3,2686931
8.282,trivial_move,4,2686930
8.285,flush_begin,0,0
8.300,flush_end,0,2686930
8.316,trivial_move,3,2686931
8.324,trivial_move,4,2686933
8.327,flush_begin,0,0
8.342,flush_end,0,2686931
8.359,trivial_move,3,2686930
8.367,trivial_move,4,2686930
8.370,flush_begin,0,0
8.385,flush_end,0,2686931
8.402,trivial_move,3,2686930
8.410,trivial_move,4,2686931
8.412,flush_begin,0,0
8.427,flush_end,0,2686930
8.443,trivial_move,3,2686931
8.452,trivial_move,4,2686931
8.455,flush_begin,0,0
8.471,flush_end,0,2686932
8.487,trivial_move,3,2686931
8.496,trivial_move,4,2686930
8.499,flush_begin,0,0
8.514,flush_end,0,2686930
8.532,trivial_move,3,2686931
8.540,trivial_move,4,2686932
8.543,flush_begin,0,0
8.558,flush_end,0,2686933
8.574,trivial_move,3,2686931
8.582,trivial_move,4,2686930
8.585,flush_begin,0,0
8.601,flush_end,0,2686930
8.618,trivial_move,3,2686930
8.625,trivial_move,4,2686931
8.630,flush_begin,0,0
8.645,flush_end,0,2686931
8.662,trivial_move,3,2686932
8.670,trivial_move,4,2686931
8.672,flush_begin,0,0
8.687,flush_end,0,2686931
8.704,trivial_move,3,2686930
8.712,trivial_move,4,2686931
8.714,flush_begin,0,0
8.728,flush_end,0,2686931
8.745,trivial_move,3,2686932
8.753,trivial_move,4,2686931
8.756,flush_begin,0,0
8.771,flush_end,0,2686931
8.788,trivial_move,3,2686930
8.796,trivial_move,4,2686931
8.798,flush_begin,0,0
8.813,flush_end,0,2686930
8.830,trivial_move,3,2686931
8.838,trivial_move,4,2686930
8.841,flush_begin,0,0
8.856,flush_end,0,2686930
8.873,trivial_move,3,2686931
8.881,trivial_move,4,2686932
8.884,flush_begin,0,0
8.900,flush_end,0,2686931
8.916,trivial_move,3,2686930
8.925,trivial_move,4,2686930
8.928,flush_begin,0,0
8.943,flush_end,0,2686931
8.961,trivial_move,3,2686932
8.969,trivial_move,4,2686932
8.972,flush_begin,0,0
8.987,flush_end,0,2686931
9.004,trivial_move,3,2686930
9.012,trivial_move,4,2686930
9.016,flush_begin,0,0
9.032,flush_end,0,2686931
9.049,trivial_move,3,2686931
9.057,trivial_move,4,2686930
9.060,flush_begin,0,0
9.076,flush_end,0,2686930
9.093,trivial_move,3,2686931
9.101,trivial_move,4,2686932
9.103,flush_begin,0,0
9.118,flush_end,0,2686932
9.135,trivial_move,3,2686931
9.143,trivial_move,4,2686930
9.145,flush_begin,0,0
9.160,flush_end,0,2686930
9.177,trivial_move,3,2686931
9.185,trivial_move,4,2686932
9.188,flush_begin,0,0
9.203,flush_end,0,2686932
9.220,trivial_move,3,2686931
9.228,trivial_move,4,2686930
9.230,flush_begin,0,0
9.246,flush_end,0,2686930
9.263,trivial_move,3,2686930
9.270,trivial_move,4,2686932
9.273,flush_begin,0,0
9.288,flush_end,0,2686931
9.305,trivial_move,3,2686933
9.313,trivial_move,4,2686931
9.316,flush_begin,0,0
9.332,flush_end,0,2686931
9.348,trivial_move,3,2686930
9.356,trivial_move,4,2686931
9.360,flush_begin,0,0
9.377,flush_end,0,2686930
9.394,trivial_move,3,2686932
9.401,trivial_move,4,2686931
9.405,flush_begin,0,0
9.421,flush_end,0,2686932
9.437,trivial_move,3,2686930
9.446,trivial_move,4,2686931
9.449,flush_begin,0,0
9.463,flush_end,0,2686930
9.481,trivial_move,3,2686930
9.489,trivial_move,4,2686930
9.492,flush_begin,0,0
9.507,flush_end,0,2686932
9.524,trivial_move,3,2686932
9.532,trivial_move,4,2686932
9.535,flush_begin,0,0
9.550,flush_end,0,2686931
9.566,trivial_move,3,2686930
9.575,trivial_move,4,2686930
9.578,flush_begin,0,0
9.593,flush_end,0,2686931
9.610,trivial_move,3,2686932
9.618,trivial_move,4,2686931
9.621,flush_begin,0,0
9.636,flush_end,0,2686931
9.654,trivial_move,3,2686930
9.661,trivial_move,4,2686931
9.664,flush_begin,0,0
9.681,flush_end,0,2686931
9.698,trivial_move,3,2686931
9.706,trivial_move,4,2686930
9.709,flush_begin,0,0
9.724,flush_end,0,2686930
9.741,trivial_move,3,2686931
9.749,trivial_move,4,2686932
9.752,flush_begin,0,0
9.773,flush_end,0,2686932
9.790,trivial_move,3,2686931
9.798,trivial_move,4,2686930
9.802,flush_begin,0,0
9.819,flush_end,0,2686930
9.836,trivial_move,3,2686931
9.844,trivial_move,4,2686932
9.848,flush_begin,0,0
9.864,flush_end,0,2686932
9.881,trivial_move,3,2686931
9.889,trivial_move,4,2686930
9.893,flush_begin,0,0
9.909,flush_end,0,2686930
9.926,trivial_move,3,2686930
9.934,trivial_move,4,2686931
9.936,flush_begin,0,0
9.952,flush_end,0,2686930
9.969,trivial_move,3,2686932
9.977,trivial_move,4,2686931
9.980,flush_begin,0,0
9.996,flush_end,0,2686932
10.013,trivial_move,3,2686930
10.021,trivial_move,4,2686931
10.025,flush_begin,0,0
10.042,flush_end,0,2686930
10.059,trivial_move,3,2686931
10.067,trivial_move,4,2686931
10.070,flush_begin,0,0
10.085,flush_end,0,2686932
10.102,trivial_move,3,2686931
10.110,trivial_move,4,2686930
10.114,flush_begin,0,0
10.129,flush_end,0,2686930
10.145,trivial_move,3,2686930
10.152,trivial_move,4,2686930
10.156,flush_begin,0,0
10.178,flush_end,0,2686931
10.196,trivial_move,3,2686932
10.204,trivial_move,4,2686931
10.208,flush_begin,0,0
10.223,flush_end,0,2686931
10.239,trivial_move,3,2686930
10.248,trivial_move,4,2686933
10.251,flush_begin,0,0
10.267,flush_end,0,2686931
10.284,trivial_move,3,2686933
10.292,trivial_move,4,2686931
10.295,flush_begin,0,0
10.310,flush_end,0,2686931
10.327,trivial_move,3,2686930
10.335,trivial_move,4,2686931
10.339,flush_begin,0,0
10.354,flush_end,0,2686931
10.370,trivial_move,3,2686931
10.379,trivial_move,4,2686930
10.382,flush_begin,0,0
10.398,flush_end,0,2686930
10.415,trivial_move,3,2686931
10.423,trivial_move,4,2686932
10.425,flush_begin,0,0
10.439,flush_end,0,2570063
10.458,trivial_move,3,2686931
10.466,trivial_move,4,2686930
10.466,compaction_begin,2,0
10.513,compaction_end,2,5374078
10.531,trivial_move,4,2686932
10.531,compaction_begin,2,0
10.569,compaction_end,2,5374077
10.586,trivial_move,4,2686930
10.586,compaction_begin,2,0
10.620,compaction_end,2,5374079
10.637,trivial_move,4,2686931
10.637,compaction_begin,2,0
10.670,compaction_end,2,5374079
10.687,trivial_move,4,2686931
10.687,compaction_begin,2,0
10.718,compaction_end,2,5374079
10.735,trivial_move,4,2686930
10.735,compaction_begin,2,0
10.763,compaction_end,2,5374079
10.779,trivial_move,4,2686932
10.779,compaction_begin,2,0
10.807,compaction_end,2,5374078
10.824,trivial_move,4,2686930
10.824,compaction_begin,2,0
10.850,compaction_end,2,5374079
10.866,trivial_move,4,2686931
10.866,compaction_begin,2,0
10.892,compaction_end,2,5374080
10.909,trivial_move,4,2686931
10.909,compaction_begin,2,0
10.935,compaction_end,2,5374079
10.952,trivial_move,4,2686931
10.952,compaction_begin,2,0
10.976,compaction_end,2,5374079
10.994,trivial_move,4,2686931
10.994,compaction_begin,2,0
11.019,compaction_end,2,5374078
11.036,trivial_move,4,2686931
11.036,compaction_begin,2,0
11.061,compaction_end,2,5374079
11.078,trivial_move,4,2686930
11.078,compaction_begin,2,0
11.102,compaction_end,2,5374078
11.119,trivial_move,4,2686932
11.119,compaction_begin,2,0
11.143,compaction_end,2,5374079
11.160,trivial_move,4,2686930
11.160,compaction_begin,2,0
11.184,compaction_end,2,5374079
11.201,trivial_move,4,2686933
11.201,compaction_begin,2,0
11.226,compaction_end,2,5374078
11.242,trivial_move,4,2686930
11.242,compaction_begin,2,0
11.266,compaction_end,2,5374079
11.283,trivial_move,4,2686930
11.283,compaction_begin,2,0
11.306,compaction_end,2,5374079
11.322,trivial_move,4,2686932
11.322,compaction_begin,2,0
11.333,compaction_end,2,2570063
11.349,trivial_move,4,2686930
11.357,trivial_move,4,2686932
11.357,compaction_begin,3,0
11.443,compaction_end,3,5374079
11.458,trivial_move,4,2686931
11.458,compaction_begin,3,0
11.542,compaction_end,3,5374079
11.557,trivial_move,4,2686931
11.557,compaction_begin,3,0
11.642,compaction_end,3,5374077
11.659,trivial_move,4,2686930
11.659,compaction_begin,3,0
11.741,compaction_end,3,5374079
11.759,trivial_move,4,2686930
11.759,compaction_begin,3,0
11.841,compaction_end,3,5374079
11.858,trivial_move,4,2686932
11.858,compaction_begin,3,0
11.941,compaction_end,3,5374080
11.957,trivial_move,4,2686931
11.957,compaction_begin,3,0
12.039,compaction_end,3,5374079
12.047,compaction_begin,3,0
12.130,compaction_end,3,5374079
12.138,compaction_begin,3,0
12.221,compaction_end,3,5374079
12.230,compaction_begin,3,0
12.312,compaction_end,3,5374079
12.320,compaction_begin,3,0
12.402,compaction_end,3,5374078
12.410,compaction_begin,3,0
12.492,compaction_end,3,5374079
12.500,compaction_begin,3,0
12.580,compaction_end,3,5374079
12.588,compaction_begin,3,0
12.668,compaction_end,3,5374078
12.676,compaction_begin,3,0
12.756,compaction_end,3,5374079
12.764,compaction_begin,3,0
12.845,compaction_end,3,5374078
12.853,compaction_begin,3,0
12.933,compaction_end,3,5374080
12.943,compaction_begin,3,0
13.022,compaction_end,3,5374079
13.030,compaction_begin,3,0
13.108,compaction_end,3,5374079
13.116,compaction_begin,3,0
13.195,compaction_end,3,5374079
13.204,compaction_begin,3,0
13.281,compaction_end,3,5374078
13.289,compaction_begin,3,0
13.366,compaction_end,3,5374079
13.375,compaction_begin,3,0
13.452,compaction_end,3,5374079
13.460,compaction_begin,3,0
13.538,compaction_end,3,5374079
13.546,compaction_begin,3,0
13.623,compaction_end,3,5374079
13.631,compaction_begin,3,0
13.708,compaction_end,3,5374077
13.716,compaction_begin,3,0
13.796,compaction_end,3,5374078
13.804,compaction_begin,3,0
13.880,compaction_end,3,5374080
13.889,compaction_begin,3,0
13.966,compaction_end,3,5374079
13.974,compaction_begin,3,0
14.049,compaction_end,3,5374079
14.058,compaction_begin,3,0
14.135,compaction_end,3,5374078
14.143,compaction_begin,3,0
14.220,compaction_end,3,5374079
14.229,compaction_begin,3,0
14.302,compaction_end,3,5374079
14.311,compaction_begin,3,0
14.385,compaction_end,3,5374079
14.393,compaction_begin,3,0
14.465,compaction_end,3,5374079
14.474,compaction_begin,3,0
14.548,compaction_end,3,5374078
14.556,compaction_begin,3,0
14.629,compaction_end,3,5374079
14.638,compaction_begin,3,0
14.713,compaction_end,3,5374080
14.721,compaction_begin,3,0
14.793,compaction_end,3,5374078
14.802,compaction_begin,3,0
14.874,compaction_end,3,5374079
14.882,compaction_begin,3,0
14.954,compaction_end,3,5374078
14.963,compaction_begin,3,0
15.035,compaction_end,3,5374079
15.043,compaction_begin,3,0
15.114,compaction_end,3,5374079
15.123,compaction_begin,3,0
15.196,compaction_end,3,5374079
15.204,compaction_begin,3,0
15.277,compaction_end,3,5374079
15.285,compaction_begin,3,0
15.355,compaction_end,3,5374078
15.364,compaction_begin,3,0
15.434,compaction_end,3,5374079
15.442,compaction_begin,3,0
15.514,compaction_end,3,5374079
15.522,compaction_begin,3,0
15.591,compaction_end,3,5374080
15.600,compaction_begin,3,0
15.671,compaction_end,3,5374079
15.679,compaction_begin,3,0
15.749,compaction_end,3,5374077
15.757,compaction_begin,3,0
15.827,compaction_end,3,5374078
15.835,compaction_begin,3,0
15.903,compaction_end,3,5374079
15.911,compaction_begin,3,0
15.980,compaction_end,3,5374079
15.989,compaction_begin,3,0
16.059,compaction_end,3,5374079
16.067,compaction_begin,3,0
16.137,compaction_end,3,5374078
16.145,compaction_begin,3,0
16.213,compaction_end,3,5374079
16.222,compaction_begin,3,0
16.289,compaction_end,3,5374079
16.297,compaction_begin,3,0
16.364,compaction_end,3,5374079
16.372,compaction_begin,3,0
16.439,compaction_end,3,5374080
16.447,compaction_begin,3,0
16.516,compaction_end,3,5374078
16.524,compaction_begin,3,0
16.591,compaction_end,3,5374079
16.599,compaction_begin,3,0
16.666,compaction_end,3,5374079
16.674,compaction_begin,3,0
16.739,compaction_end,3,5374078
16.748,compaction_begin,3,0
16.813,compaction_end,3,5374079
16.821,compaction_begin,3,0
16.887,compaction_end,3,5374078
16.895,compaction_begin,3,0
16.961,compaction_end,3,5374079
16.969,compaction_begin,3,0
17.035,compaction_end,3,5374079
17.043,compaction_begin,3,0
17.107,compaction_end,3,5374079
17.115,compaction_begin,3,0
17.180,compaction_end,3,5374079
17.188,compaction_begin,3,0
17.251,compaction_end,3,5374079
17.261,compaction_begin,3,0
17.327,compaction_end,3,5374079
17.336,compaction_begin,3,0
17.399,compaction_end,3,5374079
17.407,compaction_begin,3,0
17.471,compaction_end,3,5374079
17.480,compaction_begin,3,0
17.544,compaction_end,3,5374079
17.552,compaction_begin,3,0
17.614,compaction_end,3,5374077
17.622,compaction_begin,3,0
17.684,compaction_end,3,5374078
17.692,compaction_begin,3,0
17.754,compaction_end,3,5374079
17.762,compaction_begin,3,0
17.824,compaction_end,3,5374079
17.832,compaction_begin,3,0
17.892,compaction_end,3,5374079
17.901,compaction_begin,3,0
17.963,compaction_end,3,5374078
17.972,compaction_begin,3,0
18.034,compaction_end,3,5374080
18.042,compaction_begin,3,0
18.104,compaction_end,3,5374079
18.112,compaction_begin,3,0
18.172,compaction_end,3,5374079
18.180,compaction_begin,3,0
18.240,compaction_end,3,5374079
18.248,compaction_begin,3,0
18.310,compaction_end,3,5374078
18.318,compaction_begin,3,0
18.377,compaction_end,3,5374079
18.385,compaction_begin,3,0
18.446,compaction_end,3,5374079
18.454,compaction_begin,3,0
18.512,compaction_end,3,5374078
18.520,compaction_begin,3,0
18.578,compaction_end,3,5374079
18.586,compaction_begin,3,0
18.646,compaction_end,3,5374078
18.654,compaction_begin,3,0
18.711,compaction_end,3,5374079
18.719,compaction_begin,3,0
18.775,compaction_end,3,5374081
18.784,compaction_begin,3,0
18.841,compaction_end,3,5374079
18.849,compaction_begin,3,0
18.905,compaction_end,3,5374079
18.913,compaction_begin,3,0
18.968,compaction_end,3,5374078
18.976,compaction_begin,3,0
19.032,compaction_end,3,5374079
19.040,compaction_begin,3,0
19.095,compaction_end,3,5374079
19.104,compaction_begin,3,0
19.159,compaction_end,3,5374079
19.168,compaction_begin,3,0
19.221,compaction_end,3,5374079
19.230,compaction_begin,3,0
19.284,compaction_end,3,5374077
19.293,compaction_begin,3,0
19.346,compaction_end,3,5374078
19.355,compaction_begin,3,0
19.409,compaction_end,3,5374079
19.418,compaction_begin,3,0
19.470,compaction_end,3,5374080
19.479,compaction_begin,3,0
19.535,compaction_end,3,5374079
19.543,compaction_begin,3,0
19.596,compaction_end,3,5374078
19.604,compaction_begin,3,0
19.657,compaction_end,3,5374079
19.665,compaction_begin,3,0
19.718,compaction_end,3,5374079
19.726,compaction_begin,3,0
19.781,compaction_end,3,5374079
19.789,compaction_begin,3,0
19.841,compaction_end,3,5374079
19.849,compaction_begin,3,0
19.902,compaction_end,3,5374078
19.910,compaction_begin,3,0
19.960,compaction_end,3,5374079
19.969,compaction_begin,3,0
20.019,compaction_end,3,5374079
20.027,compaction_begin,3,0
20.077,compaction_end,3,5374078
20.086,compaction_begin,3,0
20.139,compaction_end,3,5374080
20.148,compaction_begin,3,0
20.198,compaction_end,3,5374078
20.206,compaction_begin,3,0
20.257,compaction_end,3,5374079
20.265,compaction_begin,3,0
20.315,compaction_end,3,5374079
20.324,compaction_begin,3,0
20.373,compaction_end,3,5374079
20.382,compaction_begin,3,0
20.433,compaction_end,3,5374079
20.441,compaction_begin,3,0
20.488,compaction_end,3,5374078
20.497,compaction_begin,3,0
20.546,compaction_end,3,5374079
20.554,compaction_begin,3,0
20.615,compaction_end,3,5374079
20.628,compaction_begin,3,0
20.676,compaction_end,3,5374079
20.685,compaction_begin,3,0
20.732,compaction_end,3,5374080
20.740,compaction_begin,3,0
20.786,compaction_end,3,5374077
20.795,compaction_begin,3,0
20.840,compaction_end,3,5374078
20.849,compaction_begin,3,0
20.896,compaction_end,3,5374079
20.904,compaction_begin,3,0
20.949,compaction_end,3,5374079
20.958,compaction_begin,3,0
21.002,compaction_end,3,5374079
21.011,compaction_begin,3,0
21.057,compaction_end,3,5374078
21.066,compaction_begin,3,0
21.112,compaction_end,3,5374079
21.120,compaction_begin,3,0
21.163,compaction_end,3,5374079
21.172,compaction_begin,3,0
21.215,compaction_end,3,5374079
21.224,compaction_begin,3,0
21.267,compaction_end,3,5374079
21.276,compaction_begin,3,0
21.319,compaction_end,3,5374079
21.328,compaction_begin,3,0
21.369,compaction_end,3,5374079
21.378,compaction_begin,3,0
21.420,compaction_end,3,5374079
21.429,compaction_begin,3,0
21.471,compaction_end,3,5374078
21.479,compaction_begin,3,0
21.520,compaction_end,3,5374079
21.529,compaction_begin,3,0
21.570,compaction_end,3,5374078
21.579,compaction_begin,3,0
21.620,compaction_end,3,5374079
21.628,compaction_begin,3,0
21.668,compaction_end,3,5374079
21.677,compaction_begin,3,0
21.719,compaction_end,3,5374079
21.727,compaction_begin,3,0
21.766,compaction_end,3,5374079
21.775,compaction_begin,3,0
21.816,compaction_end,3,5374078
21.824,compaction_begin,3,0
21.864,compaction_end,3,5374080
21.872,compaction_begin,3,0
21.912,compaction_end,3,5374079
21.920,compaction_begin,3,0
21.961,compaction_end,3,5374079
21.969,compaction_begin,3,0
22.008,compaction_end,3,5374079
22.016,compaction_begin,3,0
22.055,compaction_end,3,5374077
22.063,compaction_begin,3,0
22.101,compaction_end,3,5374078
22.110,compaction_begin,3,0
22.149,compaction_end,3,5374079
22.157,compaction_begin,3,0
22.195,compaction_end,3,5374079
22.203,compaction_begin,3,0
22.241,compaction_end,3,5374079
22.249,compaction_begin,3,0
22.287,compaction_end,3,5374078
22.295,compaction_begin,3,0
22.333,compaction_end,3,5374079
22.342,compaction_begin,3,0
22.379,compaction_end,3,5374080
22.387,compaction_begin,3,0
22.423,compaction_end,3,5374079
22.433,compaction_begin,3,0
22.469,compaction_end,3,5374079
22.478,compaction_begin,3,0
22.513,compaction_end,3,5374078
22.522,compaction_begin,3,0
22.561,compaction_end,3,5374079
22.570,compaction_begin,3,0
22.604,compaction_end,3,5374079
22.613,compaction_begin,3,0
22.646,compaction_end,3,5374078
22.655,compaction_begin,3,0
22.689,compaction_end,3,5374079
22.697,compaction_begin,3,0
22.732,compaction_end,3,5374078
22.740,compaction_begin,3,0
22.773,compaction_end,3,5374079
22.782,compaction_begin,3,0
22.814,compaction_end,3,5374079
22.823,compaction_begin,3,0
22.855,compaction_end,3,5374080
22.864,compaction_begin,3,0
22.897,compaction_end,3,5374079
22.906,compaction_begin,3,0
22.939,compaction_end,3,5374078
22.947,compaction_begin,3,0
22.979,compaction_end,3,5374079
22.987,compaction_begin,3,0
23.018,compaction_end,3,5374079
23.026,compaction_begin,3,0
23.056,compaction_end,3,5374079
23.065,compaction_begin,3,0
23.095,compaction_end,3,5374079
23.104,compaction_begin,3,0
23.135,compaction_end,3,5374077
23.143,compaction_begin,3,0
23.173,compaction_end,3,5374078
23.181,compaction_begin,3,0
23.211,compaction_end,3,5374079
23.219,compaction_begin,3,0
23.249,compaction_end,3,5374079
23.257,compaction_begin,3,0
23.286,compaction_end,3,5374080
23.295,compaction_begin,3,0
23.323,compaction_end,3,5374078
23.332,compaction_begin,3,0
23.362,compaction_end,3,7023641
23.371,compaction_begin,3,0
23.400,compaction_end,3,5374083
23.408,compaction_begin,3,0
23.436,compaction_end,3,5374083
23.444,compaction_begin,3,0
23.472,compaction_end,3,5374083
23.480,compaction_begin,3,0
23.506,compaction_end,3,5374084
23.516,compaction_begin,3,0
23.543,compaction_end,3,5374083
23.551,compaction_begin,3,0
23.578,compaction_end,3,5374082
23.586,compaction_begin,3,0
23.613,compaction_end,3,5374083
23.621,compaction_begin,3,0
23.646,compaction_end,3,5374084
23.656,compaction_begin,3,0
23.682,compaction_end,3,5374084
23.690,compaction_begin,3,0
23.715,compaction_end,3,5374083
23.724,compaction_begin,3,0
23.748,compaction_end,3,5374082
23.757,compaction_begin,3,0
23.781,compaction_end,3,5374083
23.790,compaction_begin,3,0
23.813,compaction_end,3,5374083
23.822,compaction_begin,3,0
23.845,compaction_end,3,5374084
23.854,compaction_begin,3,0
23.877,compaction_end,3,5374082
23.886,compaction_begin,3,0
23.909,compaction_end,3,5374083
23.919,compaction_begin,3,0
23.941,compaction_end,3,5374083
23.951,compaction_begin,3,0
23.974,compaction_end,3,5374083
23.982,compaction_begin,3,0
23.995,compaction_end,3,3607587
29.415,flush_begin,0,0
29.568,flush_end,0,2744433
29.577,compaction_begin,2,0
30.048,compaction_end,2,2678356
30.060,compaction_begin,3,0
30.382,compaction_end,3,42992648
30.394,compaction_begin,3,0
30.674,compaction_end,3,42992650
30.686,compaction_begin,3,0
30.960,compaction_end,3,42992649
30.971,compaction_begin,3,0
31.326,compaction_end,3,42992649
31.337,compaction_begin,3,0
31.556,compaction_end,3,42992654
31.567,compaction_begin,3,0
31.745,compaction_end,3,41955150
31.756,compaction_begin,3,0
32.056,compaction_end,3,42992650
32.067,compaction_begin,3,0
32.399,compaction_end,3,42992648
32.409,compaction_begin,3,0
32.601,compaction_end,3,42992652
32.611,compaction_begin,3,0
32.837,compaction_end,3,41955151
32.847,compaction_begin,3,0
33.153,compaction_end,3,42992648
33.164,compaction_begin,3,0
33.524,compaction_end,3,42992649
33.535,compaction_begin,3,0
33.771,compaction_end,3,42992654
33.781,compaction_begin,3,0
33.882,compaction_end,3,26141394
33.891,compaction_begin,3,0
34.081,compaction_end,3,42992652
34.091,compaction_begin,3,0
34.290,compaction_end,3,42992653
34.301,compaction_begin,3,0
34.638,compaction_end,3,42992650
34.649,compaction_begin,3,0
34.888,flush_begin,0,0
35.010,flush_end,0,2744089
35.044,compaction_end,3,42992649
35.055,compaction_begin,2,0
35.566,compaction_end,2,2936935
35.583,compaction_begin,3,0
35.897,compaction_end,3,42992652
35.908,compaction_begin,3,0
36.197,compaction_end,3,42992651
36.208,compaction_begin,3,0
36.489,compaction_end,3,42992652
36.500,compaction_begin,3,0
36.862,compaction_end,3,44267907
36.873,compaction_begin,3,0
37.146,compaction_end,3,42992650
37.157,compaction_begin,3,0
37.535,compaction_end,3,42992648
37.545,compaction_begin,3,0
37.768,compaction_end,3,42992655
37.778,compaction_begin,3,0
38.039,compaction_end,3,42754755
38.050,compaction_begin,3,0
38.303,compaction_end,3,45679539
38.313,compaction_begin,3,0
38.691,compaction_end,3,42992648
38.702,compaction_begin,3,0
39.009,compaction_end,3,42754754
39.020,compaction_begin,3,0
39.380,compaction_end,3,42992649
39.391,compaction_begin,3,0
39.590,compaction_end,3,42992652
39.600,compaction_begin,3,0
39.799,compaction_end,3,42992652
39.810,compaction_begin,3,0
40.112,compaction_end,3,42992654
40.124,compaction_begin,3,0
40.353,flush_begin,0,0
40.475,flush_end,0,2744753
40.641,compaction_end,3,42992648
40.652,compaction_begin,2,0
41.160,compaction_end,2,3142765
41.174,compaction_begin,3,0
41.484,compaction_end,3,42992652
41.496,compaction_begin,3,0
41.789,compaction_end,3,42992651
41.801,compaction_begin,3,0
41.992,compaction_end,3,42992652
42.003,compaction_begin,3,0
42.293,compaction_end,3,42992652
42.301,compaction_begin,3,0
42.634,compaction_end,3,42992649
42.645,compaction_begin,3,0
42.911,compaction_end,3,42992650
42.935,compaction_begin,3,0
43.296,compaction_end,3,43367080
43.307,compaction_begin,3,0
43.572,compaction_end,3,43230497
43.582,compaction_begin,3,0
43.746,compaction_end,3,42992654
43.754,compaction_begin,3,0
44.023,compaction_end,3,42754755
44.036,compaction_begin,3,0
44.290,compaction_end,3,45917432
44.300,compaction_begin,3,0
44.610,compaction_end,3,42754754
44.621,compaction_begin,3,0
44.987,compaction_end,3,42992649
44.998,compaction_begin,3,0
45.304,compaction_end,3,42992654
45.315,compaction_begin,3,0
45.413,compaction_end,3,26020246
45.422,compaction_begin,3,0
45.618,compaction_end,3,42992652
45.628,compaction_begin,3,0
45.857,flush_begin,0,0
45.982,flush_end,0,2744630
46.147,compaction_end,3,42992648
46.157,compaction_begin,2,0
46.674,compaction_end,2,3333592
46.691,compaction_begin,3,0
47.011,compaction_end,3,42992652
47.023,compaction_begin,3,0
47.318,compaction_end,3,42992651
47.329,compaction_begin,3,0
47.629,compaction_end,3,42992654
47.641,compaction_begin,3,0
47.928,compaction_end,3,42992652
47.940,compaction_begin,3,0
48.202,compaction_end,3,42992650
48.212,compaction_begin,3,0
48.426,compaction_end,3,42992652
48.436,compaction_begin,3,0
48.679,compaction_end,3,42380273
48.690,compaction_begin,3,0
48.899,compaction_end,3,42992652
48.907,compaction_begin,3,0
49.196,compaction_end,3,42992648
49.210,compaction_begin,3,0
49.569,compaction_end,3,42992650
49.579,compaction_begin,3,0
49.869,compaction_end,3,42992649
49.880,compaction_begin,3,0
50.192,compaction_end,3,42754754
50.203,compaction_begin,3,0
50.481,compaction_end,3,42992648
50.492,compaction_begin,3,0
50.873,compaction_end,3,42992648
50.883,compaction_begin,3,0
51.091,compaction_end,3,42992652
51.101,compaction_begin,3,0
51.236,flush_begin,0,0
51.362,flush_end,0,2744971
51.500,compaction_end,3,42992650
51.511,compaction_begin,2,0
52.039,compaction_end,2,3478844
52.059,compaction_begin,3,0
52.390,compaction_end,3,42992652
52.403,compaction_begin,3,0
52.692,compaction_end,3,42992652
52.703,compaction_begin,3,0
53.001,compaction_end,3,42992651
53.013,compaction_begin,3,0
53.208,compaction_end,3,42992653
53.218,compaction_begin,3,0
53.535,compaction_end,3,42992654
53.546,compaction_begin,3,0
53.915,compaction_end,3,42992650
53.933,compaction_begin,3,0
54.104,compaction_end,3,44642301
54.115,compaction_begin,3,0
54.394,compaction_end,3,43230497
54.405,compaction_begin,3,0
54.733,compaction_end,3,42992649
54.743,compaction_begin,3,0
55.046,compaction_end,3,42754754
55.057,compaction_begin,3,0
55.313,compaction_end,3,42992650
55.323,compaction_begin,3,0
55.510,compaction_end,3,42992652
55.520,compaction_begin,3,0
55.779,compaction_end,3,42992648
55.789,compaction_begin,3,0
56.171,compaction_end,3,42992648
56.179,compaction_begin,3,0
56.560,compaction_end,3,42992648
56.572,compaction_begin,3,0
56.786,flush_begin,0,0
56.912,flush_end,0,2744457
57.085,compaction_end,3,44404455
57.093,compaction_begin,2,0
57.623,compaction_end,2,3586701
57.648,compaction_begin,3,0
57.967,compaction_end,3,42992652
57.979,compaction_begin,3,0
58.263,compaction_end,3,42992652
58.275,compaction_begin,3,0
58.468,compaction_end,3,42992652
58.479,compaction_begin,3,0
58.782,compaction_end,3,42992654
58.793,compaction_begin,3,0
59.088,compaction_end,3,42992651
59.100,compaction_begin,3,0
59.279,compaction_end,3,42992653
59.290,compaction_begin,3,0
59.513,compaction_end,3,42992654
59.523,compaction_begin,3,0
59.891,compaction_end,3,43367081
59.899,compaction_begin,3,0
60.136,compaction_end,3,42380273
60.149,compaction_begin,3,0
60.347,compaction_end,3,42992652
60.357,compaction_begin,3,0
60.525,compaction_end,3,43367081
60.536,compaction_begin,3,0
60.916,compaction_end,3,42992648
60.927,compaction_begin,3,0
61.237,compaction_end,3,42754754
61.248,compaction_begin,3,0
61.527,compaction_end,3,42992650
61.537,compaction_begin,3,0
61.817,compaction_end,3,43230497
61.828,compaction_begin,3,0
62.051,compaction_end,3,42992652
62.061,compaction_begin,3,0
62.160,flush_begin,0,0
62.285,flush_end,0,2744412
62.442,compaction_end,3,45542957
62.453,compaction_begin,2,0
62.976,compaction_end,2,3617777
62.993,compaction_begin,3,0
63.322,compaction_end,3,42992652
63.334,compaction_begin,3,0
63.629,compaction_end,3,42992651
63.641,compaction_begin,3,0
63.927,compaction_end,3,42992652
63.939,compaction_begin,3,0
64.240,compaction_end,3,42992654
64.251,compaction_begin,3,0
64.449,compaction_end,3,42992651
64.460,compaction_begin,3,0
64.655,compaction_end,3,42992652
64.665,compaction_begin,3,0
64.868,compaction_end,3,42992654
64.879,compaction_begin,3,0
65.122,compaction_end,3,43367080
65.133,compaction_begin,3,0
65.444,compaction_end,3,42754754
65.454,compaction_begin,3,0
65.680,compaction_end,3,42992652
65.691,compaction_begin,3,0
65.879,compaction_end,3,44030067
65.890,compaction_begin,3,0
66.116,compaction_end,3,42992655
66.126,compaction_begin,3,0
66.454,compaction_end,3,42992647
66.465,compaction_begin,3,0
66.636,compaction_end,3,42992651
66.643,compaction_begin,3,0
66.909,compaction_end,3,42754755
66.922,compaction_begin,3,0
67.168,compaction_end,3,41955150
67.179,compaction_begin,3,0
67.511,compaction_end,3,42992648
67.522,compaction_begin,3,0
67.600,flush_begin,0,0
67.726,flush_end,0,2744918
67.840,compaction_end,3,42992653
67.850,compaction_begin,2,0
68.379,compaction_end,2,3646942
68.397,compaction_begin,3,0
68.723,compaction_end,3,42992652
68.735,compaction_begin,3,0
69.036,compaction_end,3,42992651
69.048,compaction_begin,3,0
69.332,compaction_end,3,42992652
69.344,compaction_begin,3,0
69.702,compaction_end,3,43367080
69.712,compaction_begin,3,0
70.018,compaction_end,3,42992654
70.029,compaction_begin,3,0
70.308,compaction_end,3,43230497
70.318,compaction_begin,3,0
70.626,compaction_end,3,42754754
70.637,compaction_begin,3,0
70.853,compaction_end,3,42992649
70.863,compaction_begin,3,0
71.143,compaction_end,3,42992650
71.153,compaction_begin,3,0
71.374,compaction_end,3,42992650
71.385,compaction_begin,3,0
71.561,compaction_end,3,42992649
71.572,compaction_begin,3,0
71.782,compaction_end,3,43367079
71.792,compaction_begin,3,0
72.048,compaction_end,3,42992650
72.059,compaction_begin,3,0
72.318,compaction_end,3,42992648
72.328,compaction_begin,3,0
72.518,compaction_end,3,42992650
72.528,compaction_begin,3,0
72.842,compaction_end,3,42992648
72.853,compaction_begin,3,0
73.061,flush_begin,0,0
73.184,flush_end,0,2744444
73.356,compaction_end,3,44030064
73.367,compaction_begin,2,0
73.896,compaction_end,2,3738380
73.912,compaction_begin,3,0
74.227,compaction_end,3,42992652
74.239,compaction_begin,3,0
74.534,compaction_end,3,42992651
74.545,compaction_begin,3,0
74.834,compaction_end,3,42992652
74.845,compaction_begin,3,0
75.147,compaction_end,3,42992654
75.158,compaction_begin,3,0
75.521,compaction_end,3,43367077
75.532,compaction_begin,3,0
75.764,compaction_end,3,44404451
75.774,compaction_begin,3,0
75.963,compaction_end,3,42992650
75.974,compaction_begin,3,0
76.190,compaction_end,3,42618171
76.201,compaction_begin,3,0
76.511,compaction_end,3,42754754
76.521,compaction_begin,3,0
76.706,compaction_end,3,42992648
76.717,compaction_begin,3,0
76.955,compaction_end,3,44880068
76.965,compaction_begin,3,0
77.163,compaction_end,3,42992651
77.173,compaction_begin,3,0
77.431,compaction_end,3,42992650
77.441,compaction_begin,3,0
77.662,compaction_end,3,42992649
77.670,compaction_begin,3,0
78.046,compaction_end,3,42992648
78.058,compaction_begin,3,0
78.311,compaction_end,3,42992650
78.319,compaction_begin,3,0
78.530,compaction_end,3,44404452
78.542,flush_begin,0,0
78.668,flush_end,0,2744555
78.677,compaction_begin,2,0
79.203,compaction_end,2,3823784
79.218,compaction_begin,3,0
79.537,compaction_end,3,42992652
79.549,compaction_begin,3,0
79.842,compaction_end,3,42992651
79.854,compaction_begin,3,0
80.137,compaction_end,3,42992652
80.149,compaction_begin,3,0
80.391,compaction_end,3,43367082
80.402,compaction_begin,3,0
80.711,compaction_end,3,42754754
80.723,compaction_begin,3,0
80.918,compaction_end,3,42992651
80.928,compaction_begin,3,0
81.304,compaction_end,3,42992648
81.315,compaction_begin,3,0
81.494,compaction_end,3,42992648
81.505,compaction_begin,3,0
81.757,compaction_end,3,42992650
81.767,compaction_begin,3,0
81.942,compaction_end,3,42992649
81.953,compaction_begin,3,0
82.187,compaction_end,3,43367079
82.197,compaction_begin,3,0
82.414,compaction_end,3,42992649
82.424,compaction_begin,3,0
82.728,compaction_end,3,42992654
82.739,compaction_begin,3,0
82.966,compaction_end,3,44030064
82.977,compaction_begin,3,0
83.247,compaction_end,3,42992649
83.257,compaction_begin,3,0
83.447,compaction_end,3,42992650
83.458,compaction_begin,3,0
83.723,compaction_end,3,42992648
83.734,compaction_begin,3,0
83.987,compaction_end,3,42992650
83.997,compaction_begin,3,0
84.229,flush_begin,0,0
84.354,flush_end,0,2744324
84.517,compaction_end,3,42992648
84.528,compaction_begin,2,0
85.068,compaction_end,2,3814298
85.087,compaction_begin,3,0
85.418,compaction_end,3,42992652
85.431,compaction_begin,3,0
85.731,compaction_end,3,42992651
85.743,compaction_begin,3,0
86.027,compaction_end,3,42992652
86.039,compaction_begin,3,0
86.233,compaction_end,3,42992651
86.243,compaction_begin,3,0
86.458,compaction_end,3,42618171
86.469,compaction_begin,3,0
86.850,compaction_end,3,42992648
86.861,compaction_begin,3,0
87.239,compaction_end,3,42992648
87.249,compaction_begin,3,0
87.477,compaction_end,3,43655659
87.486,compaction_begin,3,0
87.860,compaction_end,3,42992648
87.872,compaction_begin,3,0
88.045,compaction_end,3,44642295
88.056,compaction_begin,3,0
88.240,compaction_end,3,42992648
88.250,compaction_begin,3,0
88.618,compaction_end,3,43893495
88.629,compaction_begin,3,0
89.000,compaction_end,3,43367081
89.011,compaction_begin,3,0
89.199,compaction_end,3,42992650
89.210,compaction_begin,3,0
89.484,flush_begin,0,0
89.610,flush_end,0,2744855
89.648,compaction_end,3,42992654
89.659,compaction_begin,2,0
90.178,compaction_end,2,3877380
90.193,compaction_begin,3,0
90.507,compaction_end,3,42992652
90.519,compaction_begin,3,0
90.813,compaction_end,3,42992651
90.825,compaction_begin,3,0
91.108,compaction_end,3,42992652
91.117,compaction_begin,3,0
91.494,compaction_end,3,42992648
91.509,compaction_begin,3,0
91.735,compaction_end,3,43367078
91.745,compaction_begin,3,0
91.864,compaction_end,3,31378760
91.874,compaction_begin,3,0
92.144,compaction_end,3,42992649
92.155,compaction_begin,3,0
92.427,compaction_end,3,42992648
92.437,compaction_begin,3,0
92.692,compaction_end,3,42992650
92.703,compaction_begin,3,0
92.891,compaction_end,3,42992650
92.901,compaction_begin,3,0
93.141,compaction_end,3,42380273
93.152,compaction_begin,3,0
93.384,compaction_end,3,44880063
93.394,compaction_begin,3,0
93.614,compaction_end,3,43367080
93.625,compaction_begin,3,0
93.999,compaction_end,3,43367077
94.010,compaction_begin,3,0
94.321,compaction_end,3,42754754
94.332,compaction_begin,3,0
94.603,compaction_end,3,42754755
94.613,compaction_begin,3,0
94.942,flush_begin,0,0
95.068,flush_end,0,2744641
95.122,compaction_end,3,43367081
95.133,compaction_begin,2,0
95.664,compaction_end,2,3966011
95.681,compaction_begin,3,0
96.006,compaction_end,3,42992652
96.018,compaction_begin,3,0
96.409,compaction_end,3,42992648
96.419,compaction_begin,3,0
96.724,compaction_end,3,42992651
96.737,compaction_begin,3,0
97.033,compaction_end,3,42992652
97.044,compaction_begin,3,0
97.209,compaction_end,3,43367076
97.220,compaction_begin,3,0
97.537,compaction_end,3,42992654
97.549,compaction_begin,3,0
97.935,compaction_end,3,44030065
97.944,compaction_begin,3,0
98.146,compaction_end,3,42992650
98.156,compaction_begin,3,0
98.391,compaction_end,3,42906744
98.402,compaction_begin,3,0
98.591,compaction_end,3,42992649
98.602,compaction_begin,3,0
98.917,compaction_end,3,42754754
98.928,compaction_begin,3,0
99.209,compaction_end,3,42992649
99.220,compaction_begin,3,0
99.470,compaction_end,3,43367083
99.480,compaction_begin,3,0
99.739,compaction_end,3,42992650
99.750,compaction_begin,3,0
100.074,compaction_end,3,42992649
100.084,compaction_begin,3,0
100.347,compaction_end,3,42992648
100.358,compaction_begin,3,0
100.413,flush_begin,0,0
100.539,flush_end,0,2744543
100.700,compaction_end,3,43367079
100.711,compaction_begin,2,0
101.242,compaction_end,2,3966864
101.259,compaction_begin,3,0
101.580,compaction_end,3,42992652
101.593,compaction_begin,3,0
101.883,compaction_end,3,42992652
101.894,compaction_begin,3,0
102.189,compaction_end,3,42992651
102.201,compaction_begin,3,0
102.550,compaction_end,3,45679536
102.560,compaction_begin,3,0
102.792,compaction_end,3,43367079
102.804,compaction_begin,3,0
103.058,compaction_end,3,42992650
103.069,compaction_begin,3,0
103.382,compaction_end,3,42754754
103.393,compaction_begin,3,0
103.719,compaction_end,3,42992647
103.729,compaction_begin,3,0
104.054,compaction_end,3,42992649
104.065,compaction_begin,3,0
104.285,compaction_end,3,43367080
104.296,compaction_begin,3,0
104.546,compaction_end,3,43367082
104.557,compaction_begin,3,0
104.869,compaction_end,3,42992654
104.880,compaction_begin,3,0
105.188,compaction_end,3,42992648
105.199,compaction_begin,3,0
105.377,compaction_end,3,42992649
105.387,compaction_begin,3,0
105.752,compaction_end,3,43367077
105.763,compaction_begin,3,0
105.848,flush_begin,0,0
105.973,flush_end,0,2744267
106.134,compaction_end,3,42380273
106.145,compaction_begin,2,0
106.672,compaction_end,2,4047093
106.688,compaction_begin,3,0
107.003,compaction_end,3,42992652
107.015,compaction_begin,3,0
107.296,compaction_end,3,42992652
107.308,compaction_begin,3,0
107.600,compaction_end,3,42992651
107.611,compaction_begin,3,0
107.799,compaction_end,3,42992650
107.809,compaction_begin,3,0
108.027,compaction_end,3,43367080
108.037,compaction_begin,3,0
108.414,compaction_end,3,42992648
108.422,compaction_begin,3,0
108.604,compaction_end,3,42992648
108.614,compaction_begin,3,0
108.810,compaction_end,3,42992651
108.823,compaction_begin,3,0
109.129,compaction_end,3,42992654
109.141,compaction_begin,3,0
109.375,compaction_end,3,43367079
109.386,compaction_begin,3,0
109.654,compaction_end,3,43230497
109.664,compaction_begin,3,0
109.911,compaction_end,3,42380273
109.921,compaction_begin,3,0
110.134,compaction_end,3,42906744
110.144,compaction_begin,3,0
110.464,compaction_end,3,42992649
110.474,compaction_begin,3,0
110.708,compaction_end,3,44880066
110.718,compaction_begin,3,0
111.083,compaction_end,3,43367077
111.094,compaction_begin,3,0
111.214,compaction_end,3,31378760
111.224,compaction_begin,3,0
111.376,flush_begin,0,0
111.501,flush_end,0,2744538
111.662,compaction_end,3,42992648
111.672,compaction_begin,2,0
112.201,compaction_end,2,4064753
112.216,compaction_begin,3,0
112.533,compaction_end,3,42992647
112.541,compaction_begin,3,0
112.837,compaction_end,3,42992649
112.852,compaction_begin,3,0
113.136,compaction_end,3,42992651
113.146,compaction_begin,3,0
113.469,compaction_end,3,42992647
113.480,compaction_begin,3,0
113.671,compaction_end,3,42992649
113.681,compaction_begin,3,0
114.057,compaction_end,3,42992648
114.068,compaction_begin,3,0
114.367,compaction_end,3,42992650
114.378,compaction_begin,3,0
114.613,compaction_end,3,42380274
114.622,compaction_begin,3,0
114.796,compaction_end,3,42992647
114.808,compaction_begin,3,0
115.004,compaction_end,3,43367081
115.014,compaction_begin,3,0
115.196,compaction_end,3,42992649
115.206,compaction_begin,3,0
115.518,compaction_end,3,42754754
115.530,compaction_begin,3,0
115.749,compaction_end,3,43367077
115.760,compaction_begin,3,0
116.040,compaction_end,3,43230498
116.050,compaction_begin,3,0
116.211,compaction_end,3,43367078
116.222,compaction_begin,3,0
116.411,compaction_end,3,42992651
116.422,compaction_begin,3,0
116.759,compaction_end,3,43367079
116.769,compaction_begin,3,0
116.955,flush_begin,0,0
117.079,flush_end,0,2744615
117.240,compaction_end,3,42992650
117.251,compaction_begin,2,0
117.777,compaction_end,2,4061540
117.795,compaction_begin,3,0
118.118,compaction_end,3,42992652
118.130,compaction_begin,3,0
118.413,compaction_end,3,42992651
118.424,compaction_begin,3,0
118.719,compaction_end,3,42992650
118.730,compaction_begin,3,0
119.118,compaction_end,3,42992648
119.129,compaction_begin,3,0
119.313,compaction_end,3,42992651
119.324,compaction_begin,3,0
119.586,compaction_end,3,42992650
119.596,compaction_begin,3,0
119.909,compaction_end,3,43367081
119.920,compaction_begin,3,0
120.094,compaction_end,3,44404453
120.104,compaction_begin,3,0
120.481,compaction_end,3,43367077
120.492,compaction_begin,3,0
120.744,compaction_end,3,43367082
120.755,compaction_begin,3,0
120.999,compaction_end,3,43367079
121.010,compaction_begin,3,0
121.204,compaction_end,3,42992652
121.214,compaction_begin,3,0
121.446,compaction_end,3,44880068
121.457,compaction_begin,3,0
121.776,compaction_end,3,42754758
121.787,compaction_begin,3,0
121.966,compaction_end,3,42992652
121.976,compaction_begin,3,0
122.225,compaction_end,3,42992650
122.236,compaction_begin,3,0
122.260,flush_begin,0,0
122.387,flush_end,0,2744582
122.538,compaction_end,3,43367076
122.550,compaction_begin,2,0
123.092,compaction_end,2,4137335
123.109,compaction_begin,3,0
123.431,compaction_end,3,42992652
123.444,compaction_begin,3,0
123.729,compaction_end,3,42992651
123.740,compaction_begin,3,0
124.042,compaction_end,3,42992650
124.054,compaction_begin,3,0
124.311,compaction_end,3,42992650
124.321,compaction_begin,3,0
124.704,compaction_end,3,42992648
124.715,compaction_begin,3,0
125.034,compaction_end,3,42992650
125.045,compaction_begin,3,0
125.294,compaction_end,3,42992650
125.305,compaction_begin,3,0
125.613,compaction_end,3,42754758
125.625,compaction_begin,3,0
125.841,compaction_end,3,43367080
125.851,compaction_begin,3,0
126.214,compaction_end,3,43367077
126.223,compaction_begin,3,0
126.393,compaction_end,3,44404451
126.403,compaction_begin,3,0
126.764,compaction_end,3,44030061
126.775,compaction_begin,3,0
127.034,compaction_end,3,42992650
127.045,compaction_begin,3,0
127.353,compaction_end,3,43367081
127.364,compaction_begin,3,0
127.560,compaction_end,3,43367080
127.571,compaction_begin,3,0
127.751,compaction_end,3,42992651
127.761,flush_begin,0,0
127.888,flush_end,0,2744730
127.897,compaction_begin,2,0
128.430,compaction_end,2,4237328
128.448,compaction_begin,3,0
128.771,compaction_end,3,42992652
128.783,compaction_begin,3,0
129.069,compaction_end,3,42992651
129.081,compaction_begin,3,0
129.372,compaction_end,3,42992650
129.383,compaction_begin,3,0
129.684,compaction_end,3,42754758
129.692,compaction_begin,3,0
130.068,compaction_end,3,42992648
130.081,compaction_begin,3,0
130.436,compaction_end,3,43367079
130.444,compaction_begin,3,0
130.661,compaction_end,3,43367080
130.674,compaction_begin,3,0
130.984,compaction_end,3,43367081
130.995,compaction_begin,3,0
131.183,compaction_end,3,42992652
131.193,compaction_begin,3,0
131.512,compaction_end,3,42992648
131.523,compaction_begin,3,0
131.791,compaction_end,3,43230497
131.803,compaction_begin,3,0
132.000,compaction_end,3,42618174
132.011,compaction_begin,3,0
132.238,compaction_end,3,43367083
132.248,compaction_begin,3,0
132.505,compaction_end,3,42992650
132.516,compaction_begin,3,0
132.700,compaction_end,3,42992651
132.710,compaction_begin,3,0
132.929,compaction_end,3,44404453
132.940,compaction_begin,3,0
133.190,compaction_end,3,41955150
133.200,compaction_begin,3,0
133.426,flush_begin,0,0
133.551,flush_end,0,2744980
133.718,compaction_end,3,42992648
133.728,compaction_begin,2,0
134.253,compaction_end,2,4268349
134.269,compaction_begin,3,0
134.587,compaction_end,3,42992652
134.599,compaction_begin,3,0
134.883,compaction_end,3,42992651
134.895,compaction_begin,3,0
135.276,compaction_end,3,42992648
135.286,compaction_begin,3,0
135.595,compaction_end,3,43367081
135.606,compaction_begin,3,0
135.902,compaction_end,3,42992650
135.913,compaction_begin,3,0
136.276,compaction_end,3,43367077
136.287,compaction_begin,3,0
136.610,compaction_end,3,42992647
136.621,compaction_begin,3,0
136.803,compaction_end,3,42992651
136.813,compaction_begin,3,0
137.024,compaction_end,3,43367079
137.034,compaction_begin,3,0
137.154,compaction_end,3,32415986
137.165,compaction_begin,3,0
137.509,compaction_end,3,45305110
137.520,compaction_begin,3,0
137.775,compaction_end,3,42992650
137.785,compaction_begin,3,0
138.138,compaction_end,3,43367079
138.149,compaction_begin,3,0
138.463,compaction_end,3,42992649
138.473,compaction_begin,3,0
138.718,flush_begin,0,0
138.842,flush_end,0,2744292
138.907,compaction_end,3,42754758
138.919,compaction_begin,2,0
139.441,compaction_end,2,4354052
139.456,compaction_begin,3,0
139.768,compaction_end,3,42992652
139.780,compaction_begin,3,0
140.073,compaction_end,3,42992650
140.085,compaction_begin,3,0
140.454,compaction_end,3,42992648
140.464,compaction_begin,3,0
140.763,compaction_end,3,42754758
140.775,compaction_begin,3,0
141.059,compaction_end,3,42992651
141.071,compaction_begin,3,0
141.338,compaction_end,3,42754755
141.348,compaction_begin,3,0
141.654,compaction_end,3,43367081
141.665,compaction_begin,3,0
141.997,compaction_end,3,43367078
142.007,compaction_begin,3,0
142.198,compaction_end,3,42992652
142.209,compaction_begin,3,0
142.404,compaction_end,3,43367083
142.414,compaction_begin,3,0
142.715,compaction_end,3,42992648
142.726,compaction_begin,3,0
143.026,compaction_end,3,42992650
143.037,compaction_begin,3,0
143.261,compaction_end,3,44419765
143.272,compaction_begin,3,0
143.653,compaction_end,3,42992648
143.664,compaction_begin,3,0
143.884,compaction_end,3,43367080
143.895,compaction_begin,3,0
144.058,compaction_end,3,43367078
144.069,compaction_begin,3,0
144.276,flush_begin,0,0
144.400,flush_end,0,2744866
144.568,compaction_end,3,43367077
144.578,compaction_begin,2,0
145.100,compaction_end,2,4377646
145.117,compaction_begin,3,0
145.436,compaction_end,3,42992652
145.448,compaction_begin,3,0
145.734,compaction_end,3,42992651
145.746,compaction_begin,3,0
146.041,compaction_end,3,42992650
146.052,compaction_begin,3,0
146.362,compaction_end,3,42754758
146.372,compaction_begin,3,0
146.662,compaction_end,3,42856070
146.672,compaction_begin,3,0
146.999,compaction_end,3,43367081
147.011,compaction_begin,3,0
147.206,compaction_end,3,42992652
147.216,compaction_begin,3,0
147.593,compaction_end,3,42992648
147.603,compaction_begin,3,0
147.988,compaction_end,3,43367081
147.998,compaction_begin,3,0
148.256,compaction_end,3,41955150
148.268,compaction_begin,3,0
148.594,compaction_end,3,42992648
148.605,compaction_begin,3,0
148.845,compaction_end,3,43367079
148.855,compaction_begin,3,0
149.214,compaction_end,3,44930721
149.225,compaction_begin,3,0
149.441,compaction_end,3,44404453
149.452,compaction_begin,3,0
149.611,flush_begin,0,0
149.744,flush_end,0,2744679
149.910,compaction_end,3,42992648
149.921,compaction_begin,2,0
150.448,compaction_end,2,4102449
150.464,compaction_begin,3,0
150.783,compaction_end,3,42992652
150.795,compaction_begin,3,0
151.088,compaction_end,3,42992650
151.099,compaction_begin,3,0
151.380,compaction_end,3,42992651
151.391,compaction_begin,3,0
151.720,compaction_end,3,43367081
151.731,compaction_begin,3,0
152.087,compaction_end,3,43367082
152.098,compaction_begin,3,0
152.344,compaction_end,3,42992650
152.354,compaction_begin,3,0
152.550,compaction_end,3,44030066
152.561,compaction_begin,3,0
152.864,compaction_end,3,42754758
152.875,compaction_begin,3,0
153.247,compaction_end,3,42992648
153.257,compaction_begin,3,0
153.491,compaction_end,3,43367079
153.502,compaction_begin,3,0
153.780,compaction_end,3,42992652
153.791,compaction_begin,3,0
154.129,compaction_end,3,43367079
154.139,compaction_begin,3,0
154.516,compaction_end,3,42992648
154.527,compaction_begin,3,0
154.836,compaction_end,3,43367081
154.847,compaction_begin,3,0
155.070,compaction_end,3,43367079
155.081,compaction_begin,3,0
155.103,flush_begin,0,0
155.227,flush_end,0,2744612
155.386,compaction_end,3,42992652
155.396,compaction_begin,2,0
155.927,compaction_end,2,4109524
155.944,compaction_begin,3,0
156.263,compaction_end,3,42992652
156.274,compaction_begin,3,0
156.568,compaction_end,3,42992650
156.580,compaction_begin,3,0
156.838,compaction_end,3,42992650
156.848,compaction_begin,3,0
157.131,compaction_end,3,42992651
157.142,compaction_begin,3,0
157.446,compaction_end,3,43367081
157.457,compaction_begin,3,0
157.642,compaction_end,3,43655657
157.653,compaction_begin,3,0
157.955,compaction_end,3,42754758
157.966,compaction_begin,3,0
158.145,compaction_end,3,42992652
158.155,compaction_begin,3,0
158.403,compaction_end,3,43367082
158.414,compaction_begin,3,0
158.668,compaction_end,3,41955150
158.678,compaction_begin,3,0
158.840,compaction_end,3,43367078
158.850,compaction_begin,3,0
159.232,compaction_end,3,42992648
159.242,compaction_begin,3,0
159.437,compaction_end,3,43367078
159.447,compaction_begin,3,0
159.571,compaction_end,3,32415986
159.581,compaction_begin,3,0
159.863,compaction_end,3,42992652
159.874,compaction_begin,3,0
160.207,compaction_end,3,44556331
160.217,compaction_begin,3,0
160.541,flush_begin,0,0
160.668,flush_end,0,2744652
160.721,compaction_end,3,43367081
160.732,compaction_begin,2,0
161.267,compaction_end,2,4148081
161.284,compaction_begin,3,0
161.603,compaction_end,3,42992652
161.615,compaction_begin,3,0
161.901,compaction_end,3,42992651
161.913,compaction_begin,3,0
162.210,compaction_end,3,42992650
162.221,compaction_begin,3,0
162.529,compaction_end,3,43367081
162.540,compaction_begin,3,0
162.920,compaction_end,3,42992648
162.930,compaction_begin,3,0
163.141,compaction_end,3,43367080
163.152,compaction_begin,3,0
163.451,compaction_end,3,42754758
163.462,compaction_begin,3,0
163.728,compaction_end,3,42754755
163.739,compaction_begin,3,0
164.108,compaction_end,3,43367081
164.118,compaction_begin,3,0
164.286,compaction_end,3,43367083
164.296,compaction_begin,3,0
164.506,compaction_end,3,43367081
164.519,compaction_begin,3,0
164.721,compaction_end,3,43367078
164.729,compaction_begin,3,0
165.039,compaction_end,3,42992648
165.052,compaction_begin,3,0
165.231,compaction_end,3,43281143
165.241,compaction_begin,3,0
165.609,compaction_end,3,43367077
165.620,compaction_begin,3,0
165.803,compaction_end,3,43367081
165.813,compaction_begin,3,0
166.036,flush_begin,0,0
166.163,flush_end,0,2744763
166.329,compaction_end,3,42992648
166.339,compaction_begin,2,0
166.872,compaction_end,2,4241159
166.889,compaction_begin,3,0
167.210,compaction_end,3,42992652
167.221,compaction_begin,3,0
167.514,compaction_end,3,42992650
167.522,compaction_begin,3,0
167.806,compaction_end,3,42992651
167.821,compaction_begin,3,0
168.042,compaction_end,3,43367079
168.053,compaction_begin,3,0
168.387,compaction_end,3,42992650
168.396,compaction_begin,3,0
168.749,compaction_end,3,43367079
168.761,compaction_begin,3,0
169.063,compaction_end,3,42754758
169.073,compaction_begin,3,0
169.441,compaction_end,3,43367081
169.452,compaction_begin,3,0
169.759,compaction_end,3,43367081
169.771,compaction_begin,3,0
170.014,compaction_end,3,41955150
170.024,compaction_begin,3,0
170.195,compaction_end,3,42243696
170.205,compaction_begin,3,0
170.421,compaction_end,3,43367080
170.431,compaction_begin,3,0
170.631,compaction_end,3,43367078
170.641,compaction_begin,3,0
170.964,compaction_end,3,42992650
170.974,compaction_begin,3,0
171.136,compaction_end,3,43367078
171.144,compaction_begin,3,0
171.469,flush_begin,0,0
171.593,flush_end,0,2744401
171.610,compaction_end,3,44181989
171.621,compaction_begin,2,0
172.155,compaction_end,2,4276216
172.171,compaction_begin,3,0
172.486,compaction_end,3,42992652
172.498,compaction_begin,3,0
172.803,compaction_end,3,43367081
172.814,compaction_begin,3,0
173.108,compaction_end,3,42992650
173.119,compaction_begin,3,0
173.403,compaction_end,3,42992651
173.414,compaction_begin,3,0
173.715,compaction_end,3,42754758
173.725,compaction_begin,3,0
174.098,compaction_end,3,43367081
174.109,compaction_begin,3,0
174.446,compaction_end,3,43367079
174.456,compaction_begin,3,0
174.698,compaction_end,3,43367080
174.708,compaction_begin,3,0
175.061,compaction_end,3,43367079
175.071,compaction_begin,3,0
175.230,compaction_end,3,43367078
175.240,compaction_begin,3,0
175.360,compaction_end,3,32415986
175.370,compaction_begin,3,0
175.544,compaction_end,3,43281143
175.554,compaction_begin,3,0
175.880,compaction_end,3,43367081
175.891,compaction_begin,3,0
176.252,compaction_end,3,43367082
176.262,compaction_begin,3,0
176.452,compaction_end,3,43367080
176.460,compaction_begin,3,0
176.703,compaction_end,3,41955150
176.715,compaction_begin,3,0
176.908,compaction_end,3,43367078
176.918,compaction_begin,3,0
177.007,flush_begin,0,0
177.133,flush_end,0,2744452
177.294,compaction_end,3,43367082
177.305,compaction_begin,2,0
177.849,compaction_end,2,4314287
177.867,compaction_begin,3,0
178.188,compaction_end,3,42992652
178.195,compaction_begin,3,0
178.480,compaction_end,3,42992651
178.495,compaction_begin,3,0
178.851,compaction_end,3,43367082
178.861,compaction_begin,3,0
179.152,compaction_end,3,42992650
179.164,compaction_begin,3,0
179.462,compaction_end,3,42754758
179.473,compaction_begin,3,0
179.804,compaction_end,3,43367078
179.815,compaction_begin,3,0
180.080,compaction_end,3,42754755
180.090,compaction_begin,3,0
180.349,compaction_end,3,42992648
180.359,compaction_begin,3,0
180.669,compaction_end,3,43367081
180.680,compaction_begin,3,0
180.896,compaction_end,3,43367080
180.906,compaction_begin,3,0
181.111,compaction_end,3,42618173
181.122,compaction_begin,3,0
181.440,compaction_end,3,42992649
181.450,compaction_begin,3,0
181.675,compaction_end,3,43367079
181.686,compaction_begin,3,0
182.051,compaction_end,3,43367077
182.061,compaction_begin,3,0
182.390,compaction_end,3,43367081
182.400,compaction_begin,3,0
182.484,flush_begin,0,0
182.609,flush_end,0,2744884
182.718,compaction_end,3,43367081
182.728,compaction_begin,2,0
183.263,compaction_end,2,4245867
183.281,compaction_begin,3,0
183.602,compaction_end,3,42992652
183.614,compaction_begin,3,0
183.917,compaction_end,3,43367081
183.929,compaction_begin,3,0
184.224,compaction_end,3,42992650
184.235,compaction_begin,3,0
184.415,compaction_end,3,43367081
184.425,compaction_begin,3,0
184.709,compaction_end,3,42992651
184.721,compaction_begin,3,0
185.100,compaction_end,3,42992648
185.111,compaction_begin,3,0
185.411,compaction_end,3,42754758
185.422,compaction_begin,3,0
185.619,compaction_end,3,43367078
185.629,compaction_begin,3,0
185.966,compaction_end,3,42992650
185.976,compaction_begin,3,0
186.193,compaction_end,3,43367080
186.203,compaction_begin,3,0
186.575,compaction_end,3,43367081
186.585,compaction_begin,3,0
186.706,compaction_end,3,32415986
186.717,compaction_begin,3,0
186.881,compaction_end,3,43367078
186.891,compaction_begin,3,0
187.247,compaction_end,3,43367079
187.258,compaction_begin,3,0
187.501,compaction_end,3,43367080
187.511,compaction_begin,3,0
187.840,compaction_end,3,43367081
187.851,compaction_begin,3,0
187.984,flush_begin,0,0
188.109,flush_end,0,2744768
188.176,compaction_end,3,43367080
188.187,compaction_begin,2,0
188.718,compaction_end,2,4331023
188.735,compaction_begin,3,0
189.064,compaction_end,3,42992652
189.077,compaction_begin,3,0
189.369,compaction_end,3,42992651
189.381,compaction_begin,3,0
189.691,compaction_end,3,42754758
189.702,compaction_begin,3,0
190.012,compaction_end,3,42992650
190.025,compaction_begin,3,0
190.215,compaction_end,3,43367080
190.226,compaction_begin,3,0
190.561,compaction_end,3,43367078
190.572,compaction_begin,3,0
190.754,compaction_end,3,43367078
190.765,compaction_begin,3,0
191.163,compaction_end,3,42992648
191.171,compaction_begin,3,0
191.514,compaction_end,3,42992650
191.527,compaction_begin,3,0
191.919,compaction_end,3,42992648
191.930,compaction_begin,3,0
192.317,compaction_end,3,43367081
192.325,compaction_begin,3,0
192.556,compaction_end,3,43367079
192.569,compaction_begin,3,0
192.907,compaction_end,3,42992650
192.917,compaction_begin,3,0
193.238,compaction_end,3,43367081
193.252,compaction_begin,3,0
193.483,flush_begin,0,0
193.610,flush_end,0,2744739
193.644,compaction_end,3,41955150
193.654,compaction_begin,2,0
194.195,compaction_end,2,4514185
194.213,compaction_begin,3,0
194.532,compaction_end,3,42992652
194.544,compaction_begin,3,0
194.828,compaction_end,3,42992651
194.839,compaction_begin,3,0
195.132,compaction_end,3,42992650
195.140,compaction_begin,3,0
195.511,compaction_end,3,43367081
195.525,compaction_begin,3,0
195.766,compaction_end,3,43367079
195.774,compaction_begin,3,0
196.079,compaction_end,3,43367081
196.093,compaction_begin,3,0
196.430,compaction_end,3,43367079
196.438,compaction_begin,3,0
196.740,compaction_end,3,42754758
196.753,compaction_begin,3,0
196.952,compaction_end,3,43367083
196.962,compaction_begin,3,0
197.157,compaction_end,3,43367078
197.167,compaction_begin,3,0
197.349,compaction_end,3,43367081
197.360,compaction_begin,3,0
197.635,compaction_end,3,42754755
197.646,compaction_begin,3,0
197.896,compaction_end,3,42992650
197.907,compaction_begin,3,0
198.152,compaction_end,3,42380274
198.163,compaction_begin,3,0
198.383,compaction_end,3,44419767
198.394,compaction_begin,3,0
198.600,compaction_end,3,41955150
198.611,compaction_begin,3,0
198.832,compaction_end,3,43367079
198.843,compaction_begin,3,0
199.069,flush_begin,0,0
199.193,flush_end,0,2744206
199.354,compaction_end,3,42992648
199.364,compaction_begin,2,0
199.903,compaction_end,2,4403692
199.913,compaction_begin,3,0
200.233,compaction_end,3,42992652
200.247,compaction_begin,3,0
200.539,compaction_end,3,42992650
200.551,compaction_begin,3,0
200.857,compaction_end,3,43367081
200.868,compaction_begin,3,0
201.150,compaction_end,3,42992651
201.162,compaction_begin,3,0
201.475,compaction_end,3,42754758
201.486,compaction_begin,3,0
201.656,compaction_end,3,42243696
201.666,compaction_begin,3,0
201.880,compaction_end,3,43367080
201.890,compaction_begin,3,0
202.266,compaction_end,3,42992648
202.277,compaction_begin,3,0
202.521,compaction_end,3,43367082
202.532,compaction_begin,3,0
202.729,compaction_end,3,43367083
202.737,compaction_begin,3,0
202.937,compaction_end,3,43367078
202.950,compaction_begin,3,0
203.310,compaction_end,3,43367082
203.321,compaction_begin,3,0
203.686,compaction_end,3,43367077
203.697,compaction_begin,3,0
203.910,compaction_end,3,43367079
203.920,compaction_begin,3,0
204.167,compaction_end,3,43367080
204.179,compaction_begin,3,0
204.355,flush_begin,0,0
204.481,flush_end,0,2744595
204.644,compaction_end,3,43367081
204.654,compaction_begin,2,0
205.192,compaction_end,2,4492978
205.210,compaction_begin,3,0
205.525,compaction_end,3,42992652
205.537,compaction_begin,3,0
205.829,compaction_end,3,42992650
205.841,compaction_begin,3,0
206.064,compaction_end,3,43367079
206.075,compaction_begin,3,0
206.334,compaction_end,3,42992650
206.345,compaction_begin,3,0
206.638,compaction_end,3,42992651
206.650,compaction_begin,3,0
206.966,compaction_end,3,42754758
206.977,compaction_begin,3,0
207.291,compaction_end,3,43367081
207.303,compaction_begin,3,0
207.469,compaction_end,3,43367078
207.480,compaction_begin,3,0
207.815,compaction_end,3,43367081
207.826,compaction_begin,3,0
208.092,compaction_end,3,42992648
208.103,compaction_begin,3,0
208.482,compaction_end,3,42992648
208.493,compaction_begin,3,0
208.815,compaction_end,3,43367078
208.826,compaction_begin,3,0
209.024,compaction_end,3,43367078
209.034,compaction_begin,3,0
209.375,compaction_end,3,43367078
209.385,compaction_begin,3,0
209.646,compaction_end,3,42992650
209.656,compaction_begin,3,0
209.826,flush_begin,0,0
209.951,flush_end,0,2744856
210.113,compaction_end,3,43367081
210.123,compaction_begin,2,0
210.666,compaction_end,2,4475062
210.684,compaction_begin,3,0
211.006,compaction_end,3,42992652
211.022,compaction_begin,3,0
211.319,compaction_end,3,42992650
211.331,compaction_begin,3,0
211.615,compaction_end,3,42992651
211.627,compaction_begin,3,0
212.004,compaction_end,3,42992648
212.014,compaction_begin,3,0
212.206,compaction_end,3,43367078
212.217,compaction_begin,3,0
212.525,compaction_end,3,43367081
212.536,compaction_begin,3,0
212.888,compaction_end,3,43367079
212.899,compaction_begin,3,0
213.269,compaction_end,3,43367077
213.280,compaction_begin,3,0
213.495,compaction_end,3,43367080
213.505,compaction_begin,3,0
213.868,compaction_end,3,43367082
213.879,compaction_begin,3,0
214.001,compaction_end,3,32415986
214.011,compaction_begin,3,0
214.204,compaction_end,3,43367080
214.215,compaction_begin,3,0
214.597,compaction_end,3,42992648
214.608,compaction_begin,3,0
214.865,compaction_end,3,42992650
214.876,compaction_begin,3,0
215.095,compaction_end,3,43671060
215.106,compaction_begin,3,0
215.236,flush_begin,0,0
215.360,flush_end,0,2744630
215.509,compaction_end,3,43230497
215.520,compaction_begin,2,0
216.056,compaction_end,2,4467835
216.071,compaction_begin,3,0
216.389,compaction_end,3,42992652
216.401,compaction_begin,3,0
216.695,compaction_end,3,42992650
216.706,compaction_begin,3,0
217.014,compaction_end,3,43367081
217.025,compaction_begin,3,0
217.311,compaction_end,3,42992651
217.322,compaction_begin,3,0
217.532,compaction_end,3,43367079
217.543,compaction_begin,3,0
217.730,compaction_end,3,43367080
217.741,compaction_begin,3,0
217.981,compaction_end,3,43367079
217.991,compaction_begin,3,0
218.370,compaction_end,3,42992648
218.381,compaction_begin,3,0
218.690,compaction_end,3,42992650
218.701,compaction_begin,3,0
219.006,compaction_end,3,42754758
219.017,compaction_begin,3,0
219.195,compaction_end,3,43281143
219.206,compaction_begin,3,0
219.578,compaction_end,3,43367081
219.589,compaction_begin,3,0
219.788,compaction_end,3,43367078
219.798,compaction_begin,3,0
220.178,compaction_end,3,44181992
220.189,compaction_begin,3,0
220.559,compaction_end,3,43367077
220.570,compaction_begin,3,0
220.721,flush_begin,0,0
220.845,flush_end,0,2744484
220.983,compaction_end,3,42992652
220.994,compaction_begin,2,0
221.549,compaction_end,2,4375519
221.568,compaction_begin,3,0
221.887,compaction_end,3,42992652
221.899,compaction_begin,3,0
222.194,compaction_end,3,42992650
222.206,compaction_begin,3,0
222.513,compaction_end,3,42992651
222.527,compaction_begin,3,0
222.858,compaction_end,3,42754758
222.870,compaction_begin,3,0
223.149,compaction_end,3,42992648
223.161,compaction_begin,3,0
223.518,compaction_end,3,43367079
223.529,compaction_begin,3,0
223.920,compaction_end,3,42992648
223.932,compaction_begin,3,0
224.172,compaction_end,3,42380274
224.184,compaction_begin,3,0
224.590,compaction_end,3,43367081
224.601,compaction_begin,3,0
224.801,compaction_end,3,43367078
224.811,compaction_begin,3,0
225.147,compaction_end,3,43367081
225.161,compaction_begin,3,0
225.493,compaction_end,3,43367081
225.504,compaction_begin,3,0
225.815,compaction_end,3,42992649
225.825,compaction_begin,3,0
226.041,compaction_end,3,43367081
226.052,compaction_begin,3,0
226.270,flush_begin,0,0
226.396,flush_end,0,2744475
226.563,compaction_end,3,42992648
226.574,compaction_begin,2,0
227.106,compaction_end,2,4493440
227.118,compaction_begin,3,0
227.418,compaction_end,3,42992652
227.430,compaction_begin,3,0
227.715,compaction_end,3,42992651
227.726,compaction_begin,3,0
228.033,compaction_end,3,42754758
228.044,compaction_begin,3,0
228.293,compaction_end,3,43367082
228.304,compaction_begin,3,0
228.530,compaction_end,3,43367080
228.541,compaction_begin,3,0
228.884,compaction_end,3,42992650
228.896,compaction_begin,3,0
229.292,compaction_end,3,42992648
229.302,compaction_begin,3,0
229.579,compaction_end,3,42992649
229.590,compaction_begin,3,0
229.861,compaction_end,3,42992648
229.872,compaction_begin,3,0
230.237,compaction_end,3,43367079
230.248,compaction_begin,3,0
230.580,compaction_end,3,43367081
230.591,compaction_begin,3,0
230.915,compaction_end,3,42992650
230.925,compaction_begin,3,0
231.158,compaction_end,3,43367079
231.168,compaction_begin,3,0
231.549,compaction_end,3,43367082
231.560,compaction_begin,3,0
231.637,flush_begin,0,0
231.762,flush_end,0,2744571
231.929,compaction_end,3,43367079
231.940,compaction_begin,2,0
232.464,compaction_end,2,4484268
232.475,compaction_begin,3,0
232.777,compaction_end,3,42992652
232.790,compaction_begin,3,0
233.095,compaction_end,3,42992650
233.109,compaction_begin,3,0
233.451,compaction_end,3,43367081
233.461,compaction_begin,3,0
233.752,compaction_end,3,42992651
233.763,compaction_begin,3,0
234.082,compaction_end,3,43367081
234.094,compaction_begin,3,0
234.323,compaction_end,3,43367079
234.333,compaction_begin,3,0
234.643,compaction_end,3,42754758
234.654,compaction_begin,3,0
235.023,compaction_end,3,43367079
235.033,compaction_begin,3,0
235.272,compaction_end,3,43367079
235.283,compaction_begin,3,0
235.674,compaction_end,3,42992648
235.685,compaction_begin,3,0
236.035,compaction_end,3,43367079
236.046,compaction_begin,3,0
236.237,compaction_end,3,43367081
236.248,compaction_begin,3,0
236.499,compaction_end,3,43367080
236.510,compaction_begin,3,0
236.967,compaction_end,3,42992648
236.978,compaction_begin,3,0
237.238,flush_begin,0,0
237.386,flush_end,0,2744637
237.573,compaction_end,3,43367077
237.584,compaction_begin,2,0
238.130,compaction_end,2,4532821
238.147,compaction_begin,3,0
238.462,compaction_end,3,42992652
238.474,compaction_begin,3,0
238.783,compaction_end,3,43367081
238.794,compaction_begin,3,0
239.096,compaction_end,3,42992650
239.108,compaction_begin,3,0
239.394,compaction_end,3,42992651
239.405,compaction_begin,3,0
239.784,compaction_end,3,42992648
239.795,compaction_begin,3,0
240.125,compaction_end,3,43367081
240.135,compaction_begin,3,0
240.461,compaction_end,3,43367081
240.472,compaction_begin,3,0
240.807,compaction_end,3,43367079
240.818,compaction_begin,3,0
241.120,compaction_end,3,42754758
241.131,compaction_begin,3,0
241.395,compaction_end,3,43230497
241.406,compaction_begin,3,0
241.767,compaction_end,3,43367082
241.777,compaction_begin,3,0
242.072,compaction_end,3,42992652
242.083,compaction_begin,3,0
242.439,compaction_end,3,43367079
242.450,compaction_begin,3,0
242.583,flush_begin,0,0
242.710,flush_end,0,2744888
242.779,compaction_end,3,43367080
242.789,compaction_begin,2,0
243.316,compaction_end,2,4732627
243.327,compaction_begin,3,0
243.647,compaction_end,3,42992652
243.660,compaction_begin,3,0
243.964,compaction_end,3,42992651
243.976,compaction_begin,3,0
244.293,compaction_end,3,42992650
244.306,compaction_begin,3,0
244.692,compaction_end,3,43367077
244.704,compaction_begin,3,0
245.067,compaction_end,3,43367079
245.078,compaction_begin,3,0
245.280,compaction_end,3,43367081
245.292,compaction_begin,3,0
245.667,compaction_end,3,43367079
245.678,compaction_begin,3,0
245.993,compaction_end,3,43367081
246.005,compaction_begin,3,0
246.284,compaction_end,3,42992648
246.295,compaction_begin,3,0
246.589,compaction_end,3,42992652
246.600,compaction_begin,3,0
246.916,compaction_end,3,42754758
246.927,compaction_begin,3,0
247.286,compaction_end,3,43807604
247.297,compaction_begin,3,0
247.574,compaction_end,3,42856070
247.584,compaction_begin,3,0
247.837,compaction_end,3,43367080
247.848,compaction_begin,3,0
248.084,flush_begin,0,0
248.215,flush_end,0,2744463
248.386,compaction_end,3,43367082
248.395,compaction_begin,2,0
248.973,compaction_end,2,4790154
248.997,compaction_begin,3,0
249.327,compaction_end,3,42992652
249.339,compaction_begin,3,0
249.639,compaction_end,3,42992651
249.651,compaction_begin,3,0
249.949,compaction_end,3,42992650
249.962,compaction_begin,3,0
250.264,compaction_end,3,42754758
250.275,compaction_begin,3,0
250.552,compaction_end,3,42856070
250.563,compaction_begin,3,0
250.776,compaction_end,3,43367080
250.787,compaction_begin,3,0
251.050,compaction_end,3,42992650
251.060,compaction_begin,3,0
251.269,compaction_end,3,43367078
251.280,compaction_begin,3,0
251.604,compaction_end,3,43367081
251.612,compaction_begin,3,0
251.858,compaction_end,3,43367080
251.872,compaction_begin,3,0
252.107,compaction_end,3,43367079
252.118,compaction_begin,3,0
252.361,compaction_end,3,42380274
252.369,compaction_begin,3,0
252.709,compaction_end,3,43367079
252.722,compaction_begin,3,0
253.102,compaction_end,3,43367081
253.112,compaction_begin,3,0
253.427,compaction_end,3,42992648
253.435,compaction_begin,3,0
253.638,flush_begin,0,0
253.763,flush_end,0,2744645
253.937,compaction_end,3,43367082
253.947,compaction_begin,2,0
254.481,compaction_end,2,4787123
254.498,compaction_begin,3,0
254.815,compaction_end,3,42992652
254.828,compaction_begin,3,0
255.121,compaction_end,3,42992650
255.133,compaction_begin,3,0
255.417,compaction_end,3,42992651
255.428,compaction_begin,3,0
255.754,compaction_end,3,43367081
255.763,compaction_begin,3,0
256.007,compaction_end,3,43367082
256.018,compaction_begin,3,0
256.254,compaction_end,3,43367079
256.265,compaction_begin,3,0
256.571,compaction_end,3,42754758
256.585,compaction_begin,3,0
256.769,compaction_end,3,43367081
256.780,compaction_begin,3,0
257.096,compaction_end,3,43367081
257.107,compaction_begin,3,0
257.434,compaction_end,3,43367081
257.444,compaction_begin,3,0
257.637,compaction_end,3,43367078
257.648,compaction_begin,3,0
257.835,compaction_end,3,43367080
257.846,compaction_begin,3,0
258.214,compaction_end,3,43367081
258.224,compaction_begin,3,0
258.446,compaction_end,3,43367079
258.456,compaction_begin,3,0
258.823,compaction_end,3,43367077
258.833,compaction_begin,3,0
258.942,flush_begin,0,0
259.067,flush_end,0,2744907
259.131,compaction_end,3,43367078
259.142,compaction_begin,2,0
259.673,compaction_end,2,4840018
259.689,compaction_begin,3,0
260.012,compaction_end,3,42992652
260.024,compaction_begin,3,0
260.308,compaction_end,3,42992651
260.320,compaction_begin,3,0
260.611,compaction_end,3,42992650
260.623,compaction_begin,3,0
260.994,compaction_end,3,42992648
261.004,compaction_begin,3,0
261.306,compaction_end,3,42754758
261.317,compaction_begin,3,0
261.593,compaction_end,3,42992652
261.604,compaction_begin,3,0
261.910,compaction_end,3,43367081
261.921,compaction_begin,3,0
262.040,compaction_end,3,32415986
262.050,compaction_begin,3,0
262.269,compaction_end,3,43367080
262.280,compaction_begin,3,0
262.445,compaction_end,3,43367083
262.456,compaction_begin,3,0
262.636,compaction_end,3,43367081
262.647,compaction_begin,3,0
263.026,compaction_end,3,42992648
263.037,compaction_begin,3,0
263.397,compaction_end,3,43367082
263.408,compaction_begin,3,0
263.744,compaction_end,3,43367079
263.755,compaction_begin,3,0
263.952,compaction_end,3,43367078
263.962,compaction_begin,3,0
264.300,compaction_end,3,43367078
264.310,compaction_begin,3,0
264.467,flush_begin,0,0
264.592,flush_end,0,2744919
264.753,compaction_end,3,42992650
264.763,compaction_begin,2,0
265.299,compaction_end,2,4608864
265.317,compaction_begin,3,0
265.637,compaction_end,3,42992652
265.645,compaction_begin,3,0
265.939,compaction_end,3,42992650
265.954,compaction_begin,3,0
266.236,compaction_end,3,42992651
266.248,compaction_begin,3,0
266.607,compaction_end,3,43367077
266.618,compaction_begin,3,0
266.895,compaction_end,3,42992652
266.903,compaction_begin,3,0
267.234,compaction_end,3,43367078
267.247,compaction_begin,3,0
267.553,compaction_end,3,43367081
267.564,compaction_begin,3,0
267.813,compaction_end,3,41955150
267.824,compaction_begin,3,0
268.034,compaction_end,3,43367080
268.045,compaction_begin,3,0
268.288,compaction_end,3,43367082
268.299,compaction_begin,3,0
268.602,compaction_end,3,42754758
268.614,compaction_begin,3,0
268.849,compaction_end,3,42380274
268.859,compaction_begin,3,0
269.059,compaction_end,3,43367078
269.070,compaction_begin,3,0
269.317,compaction_end,3,43367080
269.328,compaction_begin,3,0
269.524,compaction_end,3,43367083
269.533,compaction_begin,3,0
269.803,compaction_end,3,43230497
269.813,flush_begin,0,0
269.941,flush_end,0,2744663
269.950,compaction_begin,2,0
270.468,compaction_end,2,4708071
270.480,compaction_begin,3,0
270.779,compaction_end,3,42992652
270.791,compaction_begin,3,0
270.980,compaction_end,3,43367080
270.990,compaction_begin,3,0
271.283,compaction_end,3,42992650
271.295,compaction_begin,3,0
271.599,compaction_end,3,42754758
271.610,compaction_begin,3,0
271.902,compaction_end,3,42992651
271.913,compaction_begin,3,0
272.229,compaction_end,3,43367081
272.239,compaction_begin,3,0
272.426,compaction_end,3,43367081
272.436,compaction_begin,3,0
272.678,compaction_end,3,43367080
272.689,compaction_begin,3,0
273.083,compaction_end,3,43367081
273.094,compaction_begin,3,0
273.424,compaction_end,3,43367081
273.435,compaction_begin,3,0
273.830,compaction_end,3,42992648
273.840,compaction_begin,3,0
274.054,compaction_end,3,43367081
274.065,compaction_begin,3,0
274.458,compaction_end,3,42992648
274.468,compaction_begin,3,0
274.815,compaction_end,3,43367081
274.825,compaction_begin,3,0
275.085,compaction_end,3,42992650
275.096,compaction_begin,3,0
275.335,flush_begin,0,0
275.468,flush_end,0,2744560
275.635,compaction_end,3,42992648
275.645,compaction_begin,2,0
276.166,compaction_end,2,4671563
276.178,compaction_begin,3,0
276.494,compaction_end,3,42992652
276.507,compaction_begin,3,0
276.800,compaction_end,3,42992651
276.812,compaction_begin,3,0
277.209,compaction_end,3,42992648
277.220,compaction_begin,3,0
277.529,compaction_end,3,42992650
277.540,compaction_begin,3,0
277.722,compaction_end,3,43281143
277.732,compaction_begin,3,0
277.932,compaction_end,3,43367080
277.942,compaction_begin,3,0
278.326,compaction_end,3,43367081
278.337,compaction_begin,3,0
278.669,compaction_end,3,43367081
278.680,compaction_begin,3,0
278.926,compaction_end,3,42380274
278.936,compaction_begin,3,0
279.255,compaction_end,3,42754758
279.266,compaction_begin,3,0
279.391,compaction_end,3,32415986
279.402,compaction_begin,3,0
279.606,compaction_end,3,43367078
279.616,compaction_begin,3,0
279.870,compaction_end,3,43367080
279.881,compaction_begin,3,0
280.067,compaction_end,3,42243696
280.078,compaction_begin,3,0
280.346,compaction_end,3,41955150
280.358,compaction_begin,3,0
280.593,compaction_end,3,43367083
280.604,compaction_begin,3,0
280.705,flush_begin,0,0
280.832,flush_end,0,2744748
280.982,compaction_end,3,43367079
280.993,compaction_begin,2,0
281.512,compaction_end,2,4677955
281.524,compaction_begin,3,0
281.821,compaction_end,3,42992652
281.833,compaction_begin,3,0
282.118,compaction_end,3,42992651
282.130,compaction_begin,3,0
282.426,compaction_end,3,42992650
282.438,compaction_begin,3,0
282.659,compaction_end,3,43367080
282.670,compaction_begin,3,0
282.955,compaction_end,3,42856070
282.966,compaction_begin,3,0
283.277,compaction_end,3,43367081
283.288,compaction_begin,3,0
283.629,compaction_end,3,42992650
283.639,compaction_begin,3,0
283.943,compaction_end,3,42754758
283.954,compaction_begin,3,0
284.215,compaction_end,3,42992648
284.224,compaction_begin,3,0
284.412,compaction_end,3,43367080
284.425,compaction_begin,3,0
284.661,compaction_end,3,42380274
284.671,compaction_begin,3,0
284.840,compaction_end,3,43367083
284.851,compaction_begin,3,0
285.215,compaction_end,3,43367077
285.226,compaction_begin,3,0
285.608,compaction_end,3,42992648
285.619,compaction_begin,3,0
285.835,compaction_end,3,43367080
285.846,compaction_begin,3,0
286.051,compaction_end,3,42259083
286.061,compaction_begin,3,0
286.279,flush_begin,0,0
286.406,flush_end,0,2744755
286.570,compaction_end,3,42992648
286.580,compaction_begin,2,0
287.104,compaction_end,2,4689448
287.120,compaction_begin,3,0
287.436,compaction_end,3,42992652
287.448,compaction_begin,3,0
287.732,compaction_end,3,42992651
287.744,compaction_begin,3,0
288.034,compaction_end,3,42992650
288.046,compaction_begin,3,0
288.425,compaction_end,3,42992648
288.435,compaction_begin,3,0
288.818,compaction_end,3,42992648
288.828,compaction_begin,3,0
289.132,compaction_end,3,42754758
289.144,compaction_begin,3,0
289.343,compaction_end,3,43367078
289.354,compaction_begin,3,0
289.664,compaction_end,3,43367081
289.675,compaction_begin,3,0
289.853,compaction_end,3,43281143
289.863,compaction_begin,3,0
290.082,compaction_end,3,43367080
290.092,compaction_begin,3,0
290.335,compaction_end,3,41955150
290.346,compaction_begin,3,0
290.606,compaction_end,3,42992648
290.617,compaction_begin,3,0
290.880,compaction_end,3,43230497
290.888,compaction_begin,3,0
291.217,compaction_end,3,43367081
291.229,compaction_begin,3,0
291.582,compaction_end,3,43433215
291.593,compaction_begin,3,0
291.670,flush_begin,0,0
291.795,flush_end,0,2744437
291.957,compaction_end,3,43281145
291.968,compaction_begin,2,0
292.494,compaction_end,2,4593442
292.512,compaction_begin,3,0
292.837,compaction_end,3,42992652
292.849,compaction_begin,3,0
293.146,compaction_end,3,42992650
293.158,compaction_begin,3,0
293.468,compaction_end,3,42754758
293.480,compaction_begin,3,0
293.768,compaction_end,3,42992651
293.780,compaction_begin,3,0
294.039,compaction_end,3,41955150
294.050,compaction_begin,3,0
294.340,compaction_end,3,42856070
294.351,compaction_begin,3,0
294.554,compaction_end,3,43367078
294.564,compaction_begin,3,0
294.836,compaction_end,3,42992648
294.847,compaction_begin,3,0
295.085,compaction_end,3,43367079
295.096,compaction_begin,3,0
295.355,compaction_end,3,42992650
295.364,compaction_begin,3,0
295.742,compaction_end,3,43367082
295.755,compaction_begin,3,0
296.078,compaction_end,3,42992650
296.089,compaction_begin,3,0
296.277,compaction_end,3,43281143
296.287,compaction_begin,3,0
296.612,compaction_end,3,43367081
296.624,compaction_begin,3,0
296.752,compaction_end,3,32415986
296.763,compaction_begin,3,0
297.050,flush_begin,0,0
297.177,flush_end,0,2744500
297.288,compaction_end,3,42992648
297.299,compaction_begin,2,0
297.826,compaction_end,2,4535124
297.838,compaction_begin,3,0
298.144,compaction_end,3,42992652
298.156,compaction_begin,3,0
298.458,compaction_end,3,42754758
298.470,compaction_begin,3,0
298.843,compaction_end,3,43367081
298.851,compaction_begin,3,0
299.137,compaction_end,3,42992651
299.151,compaction_begin,3,0
299.446,compaction_end,3,42992650
299.458,compaction_begin,3,0
299.782,compaction_end,3,43367081
299.791,compaction_begin,3,0
300.114,compaction_end,3,43367081
300.127,compaction_begin,3,0
300.435,compaction_end,3,43367081
300.445,compaction_begin,3,0
300.640,compaction_end,3,43367078
300.650,compaction_begin,3,0
301.026,compaction_end,3,42992648
301.037,compaction_begin,3,0
301.241,compaction_end,3,43367081
301.251,compaction_begin,3,0
301.505,compaction_end,3,42992650
301.516,compaction_begin,3,0
301.869,compaction_end,3,43367079
301.880,compaction_begin,3,0
302.259,compaction_end,3,42992648
302.269,compaction_begin,3,0
302.488,compaction_end,3,43367080
302.499,compaction_begin,3,0
302.539,flush_begin,0,0
302.664,flush_end,0,2744622
302.810,compaction_end,3,43281143
302.820,compaction_begin,2,0
303.349,compaction_end,2,4576907
303.366,compaction_begin,3,0
303.687,compaction_end,3,42992652
303.695,compaction_begin,3,0
303.990,compaction_end,3,42992650
304.006,compaction_begin,3,0
304.292,compaction_end,3,42992651
304.303,compaction_begin,3,0
304.495,compaction_end,3,43367080
304.505,compaction_begin,3,0
304.833,compaction_end,3,43367081
304.844,compaction_begin,3,0
305.021,compaction_end,3,43281143
305.031,compaction_begin,3,0
305.367,compaction_end,3,43367079
305.378,compaction_begin,3,0
305.580,compaction_end,3,43367078
305.590,compaction_begin,3,0
305.893,compaction_end,3,42754758
305.904,compaction_begin,3,0
306.220,compaction_end,3,42992648
306.230,compaction_begin,3,0
306.470,compaction_end,3,42380274
306.480,compaction_begin,3,0
306.793,compaction_end,3,42992648
306.803,compaction_begin,3,0
307.176,compaction_end,3,43367081
307.186,compaction_begin,3,0
307.442,compaction_end,3,42992650
307.453,compaction_begin,3,0
307.780,compaction_end,3,43367081
307.791,compaction_begin,3,0
307.970,flush_begin,0,0
308.094,flush_end,0,2744654
308.234,compaction_end,3,43367081
308.245,compaction_begin,2,0
308.779,compaction_end,2,4557086
308.796,compaction_begin,3,0
309.121,compaction_end,3,42992652
309.133,compaction_begin,3,0
309.427,compaction_end,3,42992650
309.439,compaction_begin,3,0
309.723,compaction_end,3,42992651
309.734,compaction_begin,3,0
310.037,compaction_end,3,43367081
310.048,compaction_begin,3,0
310.232,compaction_end,3,43367080
310.243,compaction_begin,3,0
310.493,compaction_end,3,42992650
310.504,compaction_begin,3,0
310.742,compaction_end,3,42380274
310.752,compaction_begin,3,0
311.051,compaction_end,3,42754758
311.062,compaction_begin,3,0
311.424,compaction_end,3,43367077
311.435,compaction_begin,3,0
311.809,compaction_end,3,42992648
311.819,compaction_begin,3,0
312.089,compaction_end,3,42992650
312.101,compaction_begin,3,0
312.443,compaction_end,3,43367081
312.454,compaction_begin,3,0
312.783,compaction_end,3,43367078
312.794,compaction_begin,3,0
313.057,compaction_end,3,42754755
313.067,compaction_begin,3,0
313.265,compaction_end,3,43367078
313.276,compaction_begin,3,0
313.415,flush_begin,0,0
313.541,flush_end,0,2744546
313.593,compaction_end,3,43367081
313.603,compaction_begin,2,0
314.121,compaction_end,2,4431578
314.134,compaction_begin,3,0
314.438,compaction_end,3,42992652
314.450,compaction_begin,3,0
314.746,compaction_end,3,42754758
314.757,compaction_begin,3,0
315.048,compaction_end,3,42992650
315.059,compaction_begin,3,0
315.179,compaction_end,3,32415986
315.187,compaction_begin,3,0
315.471,compaction_end,3,42992651
315.484,compaction_begin,3,0
315.854,compaction_end,3,42992648
315.864,compaction_begin,3,0
316.073,compaction_end,3,43367079
316.084,compaction_begin,3,0
316.434,compaction_end,3,43367079
316.444,compaction_begin,3,0
316.692,compaction_end,3,42992650
316.703,compaction_begin,3,0
316.945,compaction_end,3,41955150
316.956,compaction_begin,3,0
317.282,compaction_end,3,43807604
317.293,compaction_begin,3,0
317.624,compaction_end,3,43367078
317.635,compaction_begin,3,0
317.948,compaction_end,3,43367081
317.958,compaction_begin,3,0
318.222,compaction_end,3,42992650
318.233,compaction_begin,3,0
318.457,compaction_end,3,43367079
318.468,compaction_begin,3,0
318.706,compaction_end,3,43367080
318.716,compaction_begin,3,0
318.852,flush_begin,0,0
318.978,flush_end,0,2744734
319.044,compaction_end,3,43367080
319.054,compaction_begin,2,0
319.588,compaction_end,2,4273492
319.601,compaction_begin,3,0
319.898,compaction_end,3,42992652
319.910,compaction_begin,3,0
320.204,compaction_end,3,42992650
320.216,compaction_begin,3,0
320.595,compaction_end,3,42992648
320.605,compaction_begin,3,0
320.891,compaction_end,3,42992651
320.899,compaction_begin,3,0
321.281,compaction_end,3,42992648
321.295,compaction_begin,3,0
321.595,compaction_end,3,42754758
321.605,compaction_begin,3,0
321.960,compaction_end,3,43367079
321.970,compaction_begin,3,0
322.285,compaction_end,3,42992650
322.296,compaction_begin,3,0
322.654,compaction_end,3,43367082
322.665,compaction_begin,3,0
322.861,compaction_end,3,43367078
322.871,compaction_begin,3,0
323.193,compaction_end,3,43367078
323.203,compaction_begin,3,0
323.541,compaction_end,3,43367079
323.552,compaction_begin,3,0
323.928,compaction_end,3,42992648
323.936,compaction_begin,3,0
324.150,compaction_end,3,43367079
324.163,compaction_begin,3,0
324.283,flush_begin,0,0
324.409,flush_end,0,2744820
324.525,compaction_end,3,43367079
324.536,compaction_begin,2,0
325.076,compaction_end,2,4406648
325.097,compaction_begin,3,0
325.423,compaction_end,3,42992650
325.435,compaction_begin,3,0
325.718,compaction_end,3,42992651
325.730,compaction_begin,3,0
326.021,compaction_end,3,42992652
326.032,compaction_begin,3,0
326.355,compaction_end,3,43367081
326.366,compaction_begin,3,0
326.691,compaction_end,3,43367081
326.700,compaction_begin,3,0
326.932,compaction_end,3,42380274
326.940,compaction_begin,3,0
327.101,compaction_end,3,43367078
327.111,compaction_begin,3,0
327.419,compaction_end,3,42754758
327.430,compaction_begin,3,0
327.649,compaction_end,3,43367080
327.660,compaction_begin,3,0
327.999,compaction_end,3,43367078
328.010,compaction_begin,3,0
328.353,compaction_end,3,42992650
328.363,compaction_begin,3,0
328.752,compaction_end,3,42992648
328.762,compaction_begin,3,0
329.076,compaction_end,3,42992648
329.086,compaction_begin,3,0
329.459,compaction_end,3,43367081
329.471,compaction_begin,3,0
329.740,flush_begin,0,0
329.865,flush_end,0,2744736
329.970,compaction_end,3,43367082
329.981,compaction_begin,2,0
330.525,compaction_end,2,4385546
330.543,compaction_begin,3,0
330.908,compaction_end,3,42992652
330.918,compaction_begin,3,0
331.217,compaction_end,3,42992651
331.229,compaction_begin,3,0
331.577,compaction_end,3,42992650
331.594,compaction_begin,3,0
331.990,compaction_end,3,43367079
332.001,compaction_begin,3,0
332.317,compaction_end,3,43367081
332.328,compaction_begin,3,0
332.705,compaction_end,3,42992648
332.716,compaction_begin,3,0
333.022,compaction_end,3,42754758
333.033,compaction_begin,3,0
333.282,compaction_end,3,42992650
333.292,compaction_begin,3,0
333.533,compaction_end,3,43367080
333.543,compaction_begin,3,0
333.827,compaction_end,3,42380274
333.838,compaction_begin,3,0
334.048,compaction_end,3,43281143
334.059,compaction_begin,3,0
334.267,compaction_end,3,43367083
334.277,compaction_begin,3,0
334.474,compaction_end,3,43367078
334.484,compaction_begin,3,0
334.818,compaction_end,3,43367078
334.828,compaction_begin,3,0
335.204,flush_begin,0,0
335.330,flush_end,0,2744054
335.346,compaction_end,3,42992648
335.357,compaction_begin,2,0
335.889,compaction_end,2,4485289
335.908,compaction_begin,3,0
336.226,compaction_end,3,42992650
336.238,compaction_begin,3,0
336.530,compaction_end,3,42992652
336.542,compaction_begin,3,0
336.823,compaction_end,3,42992652
336.834,compaction_begin,3,0
336.997,compaction_end,3,43367079
337.005,compaction_begin,3,0
337.301,compaction_end,3,42754754
337.313,compaction_begin,3,0
337.621,compaction_end,3,43367081
337.634,compaction_begin,3,0
337.930,compaction_end,3,42992656
337.941,compaction_begin,3,0
338.156,compaction_end,3,43367080
338.167,compaction_begin,3,0
338.346,compaction_end,3,43367079
338.356,compaction_begin,3,0
338.600,compaction_end,3,43367083
338.610,compaction_begin,3,0
338.846,compaction_end,3,42380273
338.856,compaction_begin,3,0
339.109,compaction_end,3,42992655
339.120,compaction_begin,3,0
339.308,compaction_end,3,43367078
339.318,compaction_begin,3,0
339.696,compaction_end,3,42992653
339.706,compaction_begin,3,0
339.982,compaction_end,3,42856074
339.992,compaction_begin,3,0
340.360,compaction_end,3,43367083
340.368,compaction_begin,3,0
340.656,flush_begin,0,0
340.781,flush_end,0,2744810
340.867,compaction_end,3,43367082
340.878,compaction_begin,2,0
341.416,compaction_end,2,4279214
341.434,compaction_begin,3,0
341.765,compaction_end,3,42992650
341.777,compaction_begin,3,0
342.066,compaction_end,3,42992649
342.077,compaction_begin,3,0
342.370,compaction_end,3,42754759
342.381,compaction_begin,3,0
342.690,compaction_end,3,43367078
342.701,compaction_begin,3,0
343.077,compaction_end,3,42618171
343.088,compaction_begin,3,0
343.462,compaction_end,3,43367079
343.472,compaction_begin,3,0
343.850,compaction_end,3,43367077
343.861,compaction_begin,3,0
344.253,compaction_end,3,43367079
344.263,compaction_begin,3,0
344.608,compaction_end,3,43367079
344.619,compaction_begin,3,0
344.873,compaction_end,3,43367082
344.886,compaction_begin,3,0
345.127,compaction_end,3,42380275
345.137,compaction_begin,3,0
345.396,compaction_end,3,41955150
345.406,compaction_begin,3,0
345.750,compaction_end,3,43367078
345.760,compaction_begin,3,0
345.961,compaction_end,3,43281143
345.972,compaction_begin,3,0
346.127,flush_begin,0,0
346.256,flush_end,0,2744725
346.314,compaction_end,3,43367080
346.325,compaction_begin,2,0
346.859,compaction_end,2,4450875
346.876,compaction_begin,3,0
347.211,compaction_end,3,42992650
347.228,compaction_begin,3,0
347.524,compaction_end,3,42754759
347.535,compaction_begin,3,0
347.817,compaction_end,3,42992649
347.828,compaction_begin,3,0
348.085,compaction_end,3,42992648
348.095,compaction_begin,3,0
348.413,compaction_end,3,43367080
348.424,compaction_begin,3,0
348.726,compaction_end,3,43367078
348.736,compaction_begin,3,0
348.976,compaction_end,3,43367080
348.986,compaction_begin,3,0
349.359,compaction_end,3,42618171
349.369,compaction_begin,3,0
349.679,compaction_end,3,42992650
349.690,compaction_begin,3,0
350.020,compaction_end,3,43367078
350.028,compaction_begin,3,0
350.220,compaction_end,3,43367080
350.231,compaction_begin,3,0
350.447,compaction_end,3,43367080
350.458,compaction_begin,3,0
350.788,compaction_end,3,43367081
350.798,compaction_begin,3,0
351.160,compaction_end,3,43367077
351.170,compaction_begin,3,0
351.540,compaction_end,3,43367081
351.551,compaction_begin,3,0
351.753,flush_begin,0,0
351.877,flush_end,0,2744406
352.040,compaction_end,3,43367082
352.051,compaction_begin,2,0
352.582,compaction_end,2,4444015
352.603,compaction_begin,3,0
352.925,compaction_end,3,42992650
352.937,compaction_begin,3,0
353.230,compaction_end,3,42754759
353.241,compaction_begin,3,0
353.543,compaction_end,3,43367078
353.553,compaction_begin,3,0
353.836,compaction_end,3,42992649
353.847,compaction_begin,3,0
354.008,compaction_end,3,43367078
354.017,compaction_begin,3,0
354.354,compaction_end,3,43367079
354.366,compaction_begin,3,0
354.615,compaction_end,3,43367080
354.625,compaction_begin,3,0
354.937,compaction_end,3,42992650
354.948,compaction_begin,3,0
355.134,compaction_end,3,43367081
355.144,compaction_begin,3,0
355.410,compaction_end,3,42992650
355.421,compaction_begin,3,0
355.645,compaction_end,3,43367079
355.656,compaction_begin,3,0
355.903,compaction_end,3,41955150
355.914,compaction_begin,3,0
356.096,compaction_end,3,43281143
356.107,compaction_begin,3,0
356.322,compaction_end,3,43367079
356.332,compaction_begin,3,0
356.685,compaction_end,3,43367080
356.696,compaction_begin,3,0
356.949,compaction_end,3,43367081
356.960,compaction_begin,3,0
357.067,flush_begin,0,0
357.192,flush_end,0,2744659
357.301,compaction_end,3,43367081
357.311,compaction_begin,2,0
357.834,compaction_end,2,4425927
357.851,compaction_begin,3,0
358.162,compaction_end,3,42992650
358.174,compaction_begin,3,0
358.463,compaction_end,3,42754759
358.474,compaction_begin,3,0
358.781,compaction_end,3,42992650
358.793,compaction_begin,3,0
359.076,compaction_end,3,42992649
359.088,compaction_begin,3,0
359.309,compaction_end,3,43367080
359.319,compaction_begin,3,0
359.622,compaction_end,3,43367078
359.633,compaction_begin,3,0
359.970,compaction_end,3,43367079
359.980,compaction_begin,3,0
360.290,compaction_end,3,42992650
360.300,compaction_begin,3,0
360.620,compaction_end,3,43367078
360.631,compaction_begin,3,0
360.983,compaction_end,3,43367079
360.993,compaction_begin,3,0
361.221,compaction_end,3,43367079
361.231,compaction_begin,3,0
361.477,compaction_end,3,43367082
361.487,compaction_begin,3,0
361.607,compaction_end,3,32415986
361.617,compaction_begin,3,0
361.933,compaction_end,3,43367080
361.944,compaction_begin,3,0
362.204,compaction_end,3,42992648
362.215,compaction_begin,3,0
362.529,flush_begin,0,0
362.654,flush_end,0,2744795
362.722,compaction_end,3,42618171
362.733,compaction_begin,2,0
363.266,compaction_end,2,4537199
363.284,compaction_begin,3,0
363.604,compaction_end,3,42992650
363.616,compaction_begin,3,0
363.909,compaction_end,3,42754759
363.921,compaction_begin,3,0
364.203,compaction_end,3,42992649
364.215,compaction_begin,3,0
364.591,compaction_end,3,43367079
364.600,compaction_begin,3,0
364.902,compaction_end,3,43367078
364.916,compaction_begin,3,0
