t,type,level,bytes
-29.825,flush_begin,0,0
-29.813,flush_end,0,2686930
-29.803,flush_begin,0,0
-29.792,flush_end,0,2686931
-29.782,flush_begin,0,0
-29.771,flush_end,0,2686931
-29.761,flush_begin,0,0
-29.751,flush_end,0,2686931
-29.741,flush_begin,0,0
-29.731,flush_end,0,2686931
-29.721,flush_begin,0,0
-29.711,flush_end,0,2686930
-29.701,flush_begin,0,0
-29.691,flush_end,0,2686932
-29.681,flush_begin,0,0
-29.672,flush_end,0,2686930
-29.661,flush_begin,0,0
-29.650,flush_end,0,2686932
-29.641,flush_begin,0,0
-29.632,flush_end,0,2686930
-29.621,flush_begin,0,0
-29.611,flush_end,0,2686931
-29.601,flush_begin,0,0
-29.591,flush_end,0,2686931
-29.581,flush_begin,0,0
-29.571,flush_end,0,2686930
-29.561,flush_begin,0,0
-29.551,flush_end,0,2686932
-29.541,flush_begin,0,0
-29.532,flush_end,0,2686930
-29.521,flush_begin,0,0
-29.512,flush_end,0,2686931
-29.501,flush_begin,0,0
-29.492,flush_end,0,2686931
-29.481,flush_begin,0,0
-29.472,flush_end,0,2686931
-29.462,flush_begin,0,0
-29.453,flush_end,0,2686931
-29.442,flush_begin,0,0
-29.432,flush_end,0,2686931
-29.422,flush_begin,0,0
-29.414,flush_end,0,2686930
-29.403,flush_begin,0,0
-29.394,flush_end,0,2686933
-29.383,flush_begin,0,0
-29.373,flush_end,0,2686930
-29.363,flush_begin,0,0
-29.353,flush_end,0,2686932
-29.343,flush_begin,0,0
-29.333,flush_end,0,2686930
-29.322,flush_begin,0,0
-29.313,flush_end,0,2686930
-29.302,flush_begin,0,0
-29.292,flush_end,0,2686932
-29.282,flush_begin,0,0
-29.273,flush_end,0,2686930
-29.262,flush_begin,0,0
-29.252,flush_end,0,2686932
-29.242,flush_begin,0,0
-29.232,flush_end,0,2686930
-29.222,flush_begin,0,0
-29.212,flush_end,0,2686931
-29.202,flush_begin,0,0
-29.194,flush_end,0,2686931
-29.183,flush_begin,0,0
-29.173,flush_end,0,2686931
-29.163,flush_begin,0,0
-29.153,flush_end,0,2686931
-29.143,flush_begin,0,0
-29.133,flush_end,0,2686931
-29.123,flush_begin,0,0
-29.113,flush_end,0,2686930
-29.103,flush_begin,0,0
-29.093,flush_end,0,2686932
-29.083,flush_begin,0,0
-29.073,flush_end,0,2686930
-29.063,flush_begin,0,0
-29.053,flush_end,0,2686931
-29.043,flush_begin,0,0
-29.033,flush_end,0,2686931
-29.018,trivial_move,3,2686930
-29.016,flush_begin,0,0
-29.006,flush_end,0,2686930
-28.990,trivial_move,3,2686931
-28.989,flush_begin,0,0
-28.978,flush_end,0,2686932
-28.962,trivial_move,3,2686931
-28.961,flush_begin,0,0
-28.951,flush_end,0,2686930
-28.934,trivial_move,3,2686931
-28.932,flush_begin,0,0
-28.922,flush_end,0,2686933
-28.905,trivial_move,3,2686931
-28.904,flush_begin,0,0
-28.892,flush_end,0,2686930
-28.876,trivial_move,3,2686930
-28.874,flush_begin,0,0
-28.864,flush_end,0,2686931
-28.847,trivial_move,3,2686932
-28.845,flush_begin,0,0
-28.834,flush_end,0,2686931
-28.818,trivial_move,3,2686930
-28.816,flush_begin,0,0
-28.804,flush_end,0,2686931
-28.785,trivial_move,3,2686932
-28.783,flush_begin,0,0
-28.771,flush_end,0,2686931
-28.755,trivial_move,3,2686930
-28.753,flush_begin,0,0
-28.741,flush_end,0,2686930
-28.723,trivial_move,3,2686931
-28.721,flush_begin,0,0
-28.709,flush_end,0,2686930
-28.693,trivial_move,3,2686931
-28.689,flush_begin,0,0
-28.678,flush_end,0,2686931
-28.660,trivial_move,3,2686930
-28.657,flush_begin,0,0
-28.645,flush_end,0,2686931
-28.629,trivial_move,3,2686932
-28.627,flush_begin,0,0
-28.616,flush_end,0,2686931
-28.600,trivial_move,3,2686930
-28.596,flush_begin,0,0
-28.584,flush_end,0,2686931
-28.568,trivial_move,3,2686931
-28.566,flush_begin,0,0
-28.554,flush_end,0,2686930
-28.538,trivial_move,3,2686931
-28.535,flush_begin,0,0
-28.523,flush_end,0,2686932
-28.508,trivial_move,3,2686931
-28.505,flush_begin,0,0
-28.493,flush_end,0,2686930
-28.477,trivial_move,3,2686931
-28.475,flush_begin,0,0
-28.463,flush_end,0,2686932
-28.446,trivial_move,3,2686931
-28.443,flush_begin,0,0
-28.431,flush_end,0,2686930
-28.416,trivial_move,3,2686930
-28.412,flush_begin,0,0
-28.402,flush_end,0,2686931
-28.385,trivial_move,3,2686933
-28.382,flush_begin,0,0
-28.370,flush_end,0,2686931
-28.355,trivial_move,3,2686930
-28.351,flush_begin,0,0
-28.339,flush_end,0,2686930
-28.324,trivial_move,3,2686932
-28.320,flush_begin,0,0
-28.308,flush_end,0,2686932
-28.292,trivial_move,3,2686930
-28.289,flush_begin,0,0
-28.277,flush_end,0,2686930
-28.261,trivial_move,3,2686930
-28.259,flush_begin,0,0
-28.247,flush_end,0,2686932
-28.231,trivial_move,3,2686932
-28.228,flush_begin,0,0
-28.218,flush_end,0,2686931
-28.202,trivial_move,3,2686930
-28.199,flush_begin,0,0
-28.187,flush_end,0,2686931
-28.171,trivial_move,3,2686932
-28.168,flush_begin,0,0
-28.156,flush_end,0,2686931
-28.140,trivial_move,3,2686930
-28.138,flush_begin,0,0
-28.126,flush_end,0,2686931
-28.109,trivial_move,3,2686931
-28.106,flush_begin,0,0
-28.095,flush_end,0,2686930
-28.079,trivial_move,3,2686931
-28.077,flush_begin,0,0
-28.065,flush_end,0,2686932
-28.049,trivial_move,3,2686931
-28.046,flush_begin,0,0
-28.034,flush_end,0,2686930
-28.018,trivial_move,3,2686931
-28.015,flush_begin,0,0
-28.003,flush_end,0,2686932
-27.987,trivial_move,3,2686931
-27.983,flush_begin,0,0
-27.971,flush_end,0,2686930
-27.955,trivial_move,3,2686930
-27.952,flush_begin,0,0
-27.941,flush_end,0,2686930
-27.924,trivial_move,3,2686932
-27.921,flush_begin,0,0
-27.910,flush_end,0,2686932
-27.894,trivial_move,3,2686930
-27.891,flush_begin,0,0
-27.880,flush_end,0,2686930
-27.864,trivial_move,3,2686931
-27.861,flush_begin,0,0
-27.850,flush_end,0,2686932
-27.833,trivial_move,3,2686931
-27.831,flush_begin,0,0
-27.818,flush_end,0,2686930
-27.803,trivial_move,3,2686930
-27.799,flush_begin,0,0
-27.788,flush_end,0,2686931
-27.771,trivial_move,3,2686932
-27.768,flush_begin,0,0
-27.756,flush_end,0,2686931
-27.739,trivial_move,3,2686930
-27.736,flush_begin,0,0
-27.724,flush_end,0,2686931
-27.709,trivial_move,3,2686933
-27.706,flush_begin,0,0
-27.694,flush_end,0,2686931
-27.678,trivial_move,3,2686930
-27.674,flush_begin,0,0
-27.662,flush_end,0,2686931
-27.645,trivial_move,3,2686931
-27.642,flush_begin,0,0
-27.630,flush_end,0,2686930
-27.615,trivial_move,3,2686931
-27.611,flush_begin,0,0
-27.599,flush_end,0,2686933
-27.583,trivial_move,3,2686931
-27.579,flush_begin,0,0
-27.566,flush_end,0,2686930
-27.550,trivial_move,3,2686931
-27.547,flush_begin,0,0
-27.535,flush_end,0,2686931
-27.519,trivial_move,3,2686930
-27.515,flush_begin,0,0
-27.503,flush_end,0,2686931
-27.486,trivial_move,3,2686930
-27.483,flush_begin,0,0
-27.471,flush_end,0,2686930
-27.455,trivial_move,3,2686931
-27.452,flush_begin,0,0
-27.440,flush_end,0,2686932
-27.424,trivial_move,3,2686931
-27.421,flush_begin,0,0
-27.409,flush_end,0,2686930
-27.392,trivial_move,3,2686931
-27.390,flush_begin,0,0
-27.378,flush_end,0,2686932
-27.362,trivial_move,3,2686931
-27.360,flush_begin,0,0
-27.348,flush_end,0,2686930
-27.332,trivial_move,3,2686930
-27.329,flush_begin,0,0
-27.317,flush_end,0,2686931
-27.301,trivial_move,3,2686932
-27.297,flush_begin,0,0
-27.284,flush_end,0,2686931
-27.268,trivial_move,3,2686930
-27.266,flush_begin,0,0
-27.254,flush_end,0,2686931
-27.238,trivial_move,3,2686932
-27.235,flush_begin,0,0
-27.223,flush_end,0,2686931
-27.208,trivial_move,3,2686930
-27.206,flush_begin,0,0
-27.195,flush_end,0,2686930
-27.178,trivial_move,3,2686931
-27.176,flush_begin,0,0
-27.164,flush_end,0,2686930
-27.148,trivial_move,3,2686931
-27.145,flush_begin,0,0
-27.133,flush_end,0,2686931
-27.118,trivial_move,3,2686930
-27.115,flush_begin,0,0
-27.103,flush_end,0,2686931
-27.086,trivial_move,3,2686932
-27.083,flush_begin,0,0
-27.071,flush_end,0,2686931
-27.056,trivial_move,3,2686930
-27.052,flush_begin,0,0
-27.041,flush_end,0,2686931
-27.024,trivial_move,3,2686932
-27.021,flush_begin,0,0
-27.009,flush_end,0,2686930
-26.994,trivial_move,3,2686931
-26.990,flush_begin,0,0
-26.978,flush_end,0,2686932
-26.962,trivial_move,3,2686931
-26.960,flush_begin,0,0
-26.947,flush_end,0,2686930
-26.931,trivial_move,3,2686931
-26.927,flush_begin,0,0
-26.915,flush_end,0,2686933
-26.898,trivial_move,3,2686931
-26.896,flush_begin,0,0
-26.883,flush_end,0,2686930
-26.867,trivial_move,3,2686930
-26.864,flush_begin,0,0
-26.851,flush_end,0,2686931
-26.835,trivial_move,3,2686932
-26.833,flush_begin,0,0
-26.821,flush_end,0,2686931
-26.804,trivial_move,3,2686930
-26.801,flush_begin,0,0
-26.790,flush_end,0,2686930
-26.773,trivial_move,3,2686932
-26.770,flush_begin,0,0
-26.758,flush_end,0,2686932
-26.742,trivial_move,3,2686930
-26.739,flush_begin,0,0
-26.728,flush_end,0,2686930
-26.711,trivial_move,3,2686930
-26.709,flush_begin,0,0
-26.698,flush_end,0,2686931
-26.681,trivial_move,3,2686932
-26.678,flush_begin,0,0
-26.668,flush_end,0,2686931
-26.651,trivial_move,3,2686930
-26.648,flush_begin,0,0
-26.636,flush_end,0,2686931
-26.620,trivial_move,3,2686932
-26.618,flush_begin,0,0
-26.606,flush_end,0,2686931
-26.590,trivial_move,3,2686930
-26.588,flush_begin,0,0
-26.576,flush_end,0,2686931
-26.560,trivial_move,3,2686931
-26.558,flush_begin,0,0
-26.546,flush_end,0,2686930
-26.530,trivial_move,3,2686931
-26.528,flush_begin,0,0
-26.515,flush_end,0,2686932
-26.499,trivial_move,3,2686931
-26.497,flush_begin,0,0
-26.485,flush_end,0,2686930
-26.469,trivial_move,3,2686931
-26.466,flush_begin,0,0
-26.454,flush_end,0,2686932
-26.438,trivial_move,3,2686931
-26.435,flush_begin,0,0
-26.423,flush_end,0,2686930
-26.407,trivial_move,3,2686930
-26.405,flush_begin,0,0
-26.393,flush_end,0,2686930
-26.377,trivial_move,3,2686933
-26.374,flush_begin,0,0
-26.362,flush_end,0,2686932
-26.345,trivial_move,3,2686930
-26.343,flush_begin,0,0
-26.332,flush_end,0,2686930
-26.316,trivial_move,3,2686931
-26.313,flush_begin,0,0
-26.302,flush_end,0,2686932
-26.287,trivial_move,3,2686931
-26.283,flush_begin,0,0
-26.271,flush_end,0,2686930
-26.256,trivial_move,3,2686930
-26.253,flush_begin,0,0
-26.241,flush_end,0,2686932
-26.226,trivial_move,3,2686932
-26.222,flush_begin,0,0
-26.211,flush_end,0,2686931
-26.195,trivial_move,3,2686930
-26.192,flush_begin,0,0
-26.180,flush_end,0,2686931
-26.163,trivial_move,3,2686932
-26.161,flush_begin,0,0
-26.149,flush_end,0,2686931
-26.134,trivial_move,3,2686930
-26.130,flush_begin,0,0
-26.119,flush_end,0,2686931
-26.103,trivial_move,3,2686931
-26.099,flush_begin,0,0
-26.087,flush_end,0,2686930
-26.070,trivial_move,3,2686931
-26.068,flush_begin,0,0
-26.056,flush_end,0,2686932
-26.040,trivial_move,3,2686931
-26.036,flush_begin,0,0
-26.024,flush_end,0,2686930
-26.008,trivial_move,3,2686931
-26.005,flush_begin,0,0
-25.993,flush_end,0,2686931
-25.976,trivial_move,3,2686930
-25.974,flush_begin,0,0
-25.962,flush_end,0,2686931
-25.946,trivial_move,3,2686930
-25.943,flush_begin,0,0
-25.930,flush_end,0,2686930
-25.915,trivial_move,3,2686931
-25.912,flush_begin,0,0
-25.900,flush_end,0,2686932
-25.885,trivial_move,3,2686931
-25.882,flush_begin,0,0
-25.870,flush_end,0,2686930
-25.854,trivial_move,3,2686931
-25.850,flush_begin,0,0
-25.839,flush_end,0,2686932
-25.823,trivial_move,3,2686931
-25.819,flush_begin,0,0
-25.807,flush_end,0,2686930
-25.790,trivial_move,3,2686930
-25.787,flush_begin,0,0
-25.774,flush_end,0,2686931
-25.759,trivial_move,3,2686932
-25.756,flush_begin,0,0
-25.743,flush_end,0,2686931
-25.728,trivial_move,3,2686930
-25.724,flush_begin,0,0
-25.711,flush_end,0,2686931
-25.696,trivial_move,3,2686933
-25.693,flush_begin,0,0
-25.681,flush_end,0,2686931
-25.664,trivial_move,3,2686930
-25.661,flush_begin,0,0
-25.648,flush_end,0,2686930
-25.631,trivial_move,3,2686931
-25.628,flush_begin,0,0
-25.616,flush_end,0,2686930
-25.599,trivial_move,3,2686931
-25.596,flush_begin,0,0
-25.583,flush_end,0,2686931
-25.568,trivial_move,3,2686930
-25.564,flush_begin,0,0
-25.552,flush_end,0,2686932
-25.536,trivial_move,3,2686932
-25.533,flush_begin,0,0
-25.520,flush_end,0,2686931
-25.504,trivial_move,3,2686930
-25.502,flush_begin,0,0
-25.490,flush_end,0,2686931
-25.473,trivial_move,3,2686931
-25.471,flush_begin,0,0
-25.460,flush_end,0,2686930
-25.444,trivial_move,3,2686931
-25.441,flush_begin,0,0
-25.430,flush_end,0,2686932
-25.413,trivial_move,3,2686931
-25.410,flush_begin,0,0
-25.399,flush_end,0,2686930
-25.383,trivial_move,3,2686931
-25.380,flush_begin,0,0
-25.369,flush_end,0,2686932
-25.353,trivial_move,3,2686931
-25.350,flush_begin,0,0
-25.337,flush_end,0,2686930
-25.321,trivial_move,3,2686930
-25.319,flush_begin,0,0
-25.308,flush_end,0,2686931
-25.292,trivial_move,3,2686932
-25.288,flush_begin,0,0
-25.276,flush_end,0,2686931
-25.261,trivial_move,3,2686930
-25.258,flush_begin,0,0
-25.246,flush_end,0,2686930
-25.229,trivial_move,3,2686932
-25.226,flush_begin,0,0
-25.215,flush_end,0,2686932
-25.199,trivial_move,3,2686930
-25.196,flush_begin,0,0
-25.185,flush_end,0,2686930
-25.168,trivial_move,3,2686930
-25.166,flush_begin,0,0
-25.154,flush_end,0,2686931
-25.139,trivial_move,3,2686932
-25.136,flush_begin,0,0
-25.126,flush_end,0,2686931
-25.110,trivial_move,3,2686930
-25.107,flush_begin,0,0
-25.095,flush_end,0,2686931
-25.080,trivial_move,3,2686932
-25.077,flush_begin,0,0
-25.065,flush_end,0,2686931
-25.049,trivial_move,3,2686930
-25.046,flush_begin,0,0
-25.035,flush_end,0,2686931
-25.019,trivial_move,3,2686932
-25.015,flush_begin,0,0
-25.004,flush_end,0,2686930
-24.988,trivial_move,3,2686931
-24.985,flush_begin,0,0
-24.973,flush_end,0,2686932
-24.958,trivial_move,3,2686931
-24.954,flush_begin,0,0
-24.943,flush_end,0,2686930
-24.927,trivial_move,3,2686931
-24.924,flush_begin,0,0
-24.912,flush_end,0,2686933
-24.897,trivial_move,3,2686931
-24.894,flush_begin,0,0
-24.883,flush_end,0,2686930
-24.867,trivial_move,3,2686930
-24.864,flush_begin,0,0
-24.852,flush_end,0,2686930
-24.837,trivial_move,3,2686932
-24.834,flush_begin,0,0
-24.822,flush_end,0,2686932
-24.807,trivial_move,3,2686930
-24.803,flush_begin,0,0
-24.792,flush_end,0,2686930
-24.775,trivial_move,3,2686931
-24.773,flush_begin,0,0
-24.762,flush_end,0,2686932
-24.746,trivial_move,3,2686931
-24.743,flush_begin,0,0
-24.730,flush_end,0,2686930
-24.713,trivial_move,3,2686930
-24.711,flush_begin,0,0
-24.698,flush_end,0,2686931
-24.682,trivial_move,3,2686932
-24.680,flush_begin,0,0
-24.668,flush_end,0,2686931
-24.652,trivial_move,3,2686930
-24.650,flush_begin,0,0
-24.638,flush_end,0,2686931
-24.622,trivial_move,3,2686932
-24.619,flush_begin,0,0
-24.607,flush_end,0,2686931
-24.591,trivial_move,3,2686930
-24.588,flush_begin,0,0
-24.576,flush_end,0,2686931
-24.560,trivial_move,3,2686931
-24.558,flush_begin,0,0
-24.546,flush_end,0,2686930
-24.531,trivial_move,3,2686931
-24.528,flush_begin,0,0
-24.516,flush_end,0,2686932
-24.499,trivial_move,3,2686931
-24.496,flush_begin,0,0
-24.483,flush_end,0,2686930
-24.467,trivial_move,3,2686931
-24.464,flush_begin,0,0
-24.452,flush_end,0,2686931
-24.435,trivial_move,3,2686930
-24.432,flush_begin,0,0
-24.418,flush_end,0,2686931
-24.402,trivial_move,3,2686930
-24.399,flush_begin,0,0
-24.387,flush_end,0,2686930
-24.371,trivial_move,3,2686931
-24.368,flush_begin,0,0
-24.350,flush_end,0,2686932
-24.335,trivial_move,3,2686932
-24.331,flush_begin,0,0
-24.318,flush_end,0,2686930
-24.303,trivial_move,3,2686931
-24.300,flush_begin,0,0
-24.287,flush_end,0,2686932
-24.271,trivial_move,3,2686931
-24.268,flush_begin,0,0
-24.255,flush_end,0,2686930
-24.240,trivial_move,3,2686930
-24.237,flush_begin,0,0
-24.225,flush_end,0,2686932
-24.209,trivial_move,3,2686932
-24.206,flush_begin,0,0
-24.195,flush_end,0,2686931
-24.179,trivial_move,3,2686930
-24.175,flush_begin,0,0
-24.162,flush_end,0,2686931
-24.146,trivial_move,3,2686932
-24.144,flush_begin,0,0
-24.131,flush_end,0,2686931
-24.115,trivial_move,3,2686930
-24.113,flush_begin,0,0
-24.101,flush_end,0,2686930
-24.085,trivial_move,3,2686931
-24.082,flush_begin,0,0
-24.069,flush_end,0,2686930
-24.054,trivial_move,3,2686931
-24.050,flush_begin,0,0
-24.038,flush_end,0,2686931
-24.022,trivial_move,3,2686930
-24.018,flush_begin,0,0
-24.006,flush_end,0,2686931
-23.991,trivial_move,3,2686932
-23.988,flush_begin,0,0
-23.976,flush_end,0,2686931
-23.959,trivial_move,3,2686930
-23.956,flush_begin,0,0
-23.944,flush_end,0,2686931
-23.927,trivial_move,3,2686931
-23.925,flush_begin,0,0
-23.912,flush_end,0,2686930
-23.897,trivial_move,3,2686931
-23.894,flush_begin,0,0
-23.881,flush_end,0,2686932
-23.865,trivial_move,3,2686931
-23.862,flush_begin,0,0
-23.850,flush_end,0,2686930
-23.834,trivial_move,3,2686931
-23.830,flush_begin,0,0
-23.818,flush_end,0,2686932
-23.803,trivial_move,3,2686931
-23.799,flush_begin,0,0
-23.787,flush_end,0,2686930
-23.771,trivial_move,3,2686930
-23.766,flush_begin,0,0
-23.753,flush_end,0,2686931
-23.737,trivial_move,3,2686932
-23.733,flush_begin,0,0
-23.720,flush_end,0,2686931
-23.704,trivial_move,3,2686930
-23.701,flush_begin,0,0
-23.688,flush_end,0,2686930
-23.673,trivial_move,3,2686933
-23.670,flush_begin,0,0
-23.657,flush_end,0,2686932
-23.640,trivial_move,3,2686930
-23.637,flush_begin,0,0
-23.625,flush_end,0,2686930
-23.609,trivial_move,3,2686930
-23.606,flush_begin,0,0
-23.594,flush_end,0,2686931
-23.578,trivial_move,3,2686932
-23.575,flush_begin,0,0
-23.563,flush_end,0,2686931
-23.547,trivial_move,3,2686930
-23.544,flush_begin,0,0
-23.531,flush_end,0,2686933
-23.516,trivial_move,3,2686932
-23.512,flush_begin,0,0
-23.501,flush_end,0,2686931
-23.484,trivial_move,3,2686930
-23.481,flush_begin,0,0
-23.469,flush_end,0,2686931
-23.454,trivial_move,3,2686931
-23.451,flush_begin,0,0
-23.439,flush_end,0,2686930
-23.422,trivial_move,3,2686931
-23.419,flush_begin,0,0
-23.407,flush_end,0,2686932
-23.391,trivial_move,3,2686931
-23.389,flush_begin,0,0
-23.376,flush_end,0,2686930
-23.360,trivial_move,3,2686931
-23.358,flush_begin,0,0
-23.347,flush_end,0,2686932
-23.329,trivial_move,3,2686931
-23.327,flush_begin,0,0
-23.315,flush_end,0,2686930
-23.300,trivial_move,3,2686930
-23.297,flush_begin,0,0
-23.285,flush_end,0,2686930
-23.268,trivial_move,3,2686932
-23.265,flush_begin,0,0
-23.252,flush_end,0,2686932
-23.236,trivial_move,3,2686930
-23.233,flush_begin,0,0
-23.220,flush_end,0,2686930
-23.203,trivial_move,3,2686931
-23.200,flush_begin,0,0
-23.187,flush_end,0,2686932
-23.170,trivial_move,3,2686931
-23.167,flush_begin,0,0
-23.154,flush_end,0,2686930
-23.137,trivial_move,3,2686930
-23.134,flush_begin,0,0
-23.121,flush_end,0,2686931
-23.104,trivial_move,3,2686932
-23.100,flush_begin,0,0
-23.087,flush_end,0,2686931
-23.070,trivial_move,3,2686930
-23.067,flush_begin,0,0
-23.053,flush_end,0,2686931
-23.036,trivial_move,3,2686932
-23.033,flush_begin,0,0
-23.019,flush_end,0,2686931
-23.004,trivial_move,3,2686930
-23.000,flush_begin,0,0
-22.988,flush_end,0,2686931
-22.971,trivial_move,3,2686932
-22.968,flush_begin,0,0
-22.956,flush_end,0,2686930
-22.940,trivial_move,3,2686931
-22.936,flush_begin,0,0
-22.923,flush_end,0,2686932
-22.907,trivial_move,3,2686931
-22.904,flush_begin,0,0
-22.891,flush_end,0,2686930
-22.875,trivial_move,3,2686931
-22.872,flush_begin,0,0
-22.859,flush_end,0,2686931
-22.843,trivial_move,3,2686930
-22.840,flush_begin,0,0
-22.828,flush_end,0,2686932
-22.812,trivial_move,3,2686930
-22.809,flush_begin,0,0
-22.796,flush_end,0,2686930
-22.779,trivial_move,3,2686931
-22.776,flush_begin,0,0
-22.764,flush_end,0,2686932
-22.748,trivial_move,3,2686931
-22.745,flush_begin,0,0
-22.732,flush_end,0,2686930
-22.716,trivial_move,3,2686931
-22.713,flush_begin,0,0
-22.701,flush_end,0,2686932
-22.684,trivial_move,3,2686931
-22.681,flush_begin,0,0
-22.669,flush_end,0,2686930
-22.653,trivial_move,3,2686930
-22.649,flush_begin,0,0
-22.637,flush_end,0,2686931
-22.621,trivial_move,3,2686932
-22.618,flush_begin,0,0
-22.606,flush_end,0,2686931
-22.589,trivial_move,3,2686930
-22.587,flush_begin,0,0
-22.575,flush_end,0,2686931
-22.559,trivial_move,3,2686932
-22.555,flush_begin,0,0
-22.543,flush_end,0,2686931
-22.527,trivial_move,3,2686930
-22.524,flush_begin,0,0
-22.513,flush_end,0,2686930
-22.497,trivial_move,3,2686931
-22.494,flush_begin,0,0
-22.482,flush_end,0,2686930
-22.466,trivial_move,3,2686931
-22.463,flush_begin,0,0
-22.451,flush_end,0,2686931
-22.435,trivial_move,3,2686930
-22.432,flush_begin,0,0
-22.418,flush_end,0,2686931
-22.402,trivial_move,3,2686932
-22.399,flush_begin,0,0
-22.386,flush_end,0,2686931
-22.370,trivial_move,3,2686930
-22.366,flush_begin,0,0
-22.353,flush_end,0,2686931
-22.337,trivial_move,3,2686931
-22.333,flush_begin,0,0
-22.321,flush_end,0,2686930
-22.306,trivial_move,3,2686931
-22.302,flush_begin,0,0
-22.290,flush_end,0,2686932
-22.274,trivial_move,3,2686933
-22.270,flush_begin,0,0
-22.258,flush_end,0,2686930
-22.242,trivial_move,3,2686931
-22.239,flush_begin,0,0
-22.228,flush_end,0,2686932
-22.211,trivial_move,3,2686931
-22.208,flush_begin,0,0
-22.197,flush_end,0,2686930
-22.181,trivial_move,3,2686930
-22.176,flush_begin,0,0
-22.165,flush_end,0,2686932
-22.149,trivial_move,3,2686932
-22.145,flush_begin,0,0
-22.133,flush_end,0,2686931
-22.116,trivial_move,3,2686930
-22.113,flush_begin,0,0
-22.101,flush_end,0,2686930
-22.085,trivial_move,3,2686932
-22.082,flush_begin,0,0
-22.070,flush_end,0,2686932
-22.054,trivial_move,3,2686930
-22.051,flush_begin,0,0
-22.039,flush_end,0,2686930
-22.022,trivial_move,3,2686930
-22.019,flush_begin,0,0
-22.008,flush_end,0,2686931
-21.992,trivial_move,3,2686932
-21.989,flush_begin,0,0
-21.976,flush_end,0,2686931
-21.961,trivial_move,3,2686930
-21.958,flush_begin,0,0
-21.947,flush_end,0,2686931
-21.931,trivial_move,3,2686932
-21.927,flush_begin,0,0
-21.916,flush_end,0,2686931
-21.900,trivial_move,3,2686930
-21.897,flush_begin,0,0
-21.884,flush_end,0,2686931
-21.867,trivial_move,3,2686931
-21.864,flush_begin,0,0
-21.852,flush_end,0,2686930
-21.837,trivial_move,3,2686931
-21.833,flush_begin,0,0
-21.822,flush_end,0,2686932
-21.806,trivial_move,3,2686931
-21.802,flush_begin,0,0
-21.791,flush_end,0,2686930
-21.775,trivial_move,3,2686931
-21.772,flush_begin,0,0
-21.760,flush_end,0,2686932
-21.744,trivial_move,3,2686931
-21.740,flush_begin,0,0
-21.728,flush_end,0,2686930
-21.712,trivial_move,3,2686930
-21.708,flush_begin,0,0
-21.695,flush_end,0,2686930
-21.680,trivial_move,3,2686932
-21.677,flush_begin,0,0
-21.665,flush_end,0,2686932
-21.648,trivial_move,3,2686930
-21.645,flush_begin,0,0
-21.634,flush_end,0,2686930
-21.618,trivial_move,3,2686931
-21.615,flush_begin,0,0
-21.603,flush_end,0,2686932
-21.587,trivial_move,3,2686932
-21.584,flush_begin,0,0
-21.571,flush_end,0,2686930
-21.556,trivial_move,3,2686930
-21.553,flush_begin,0,0
-21.542,flush_end,0,2686931
-21.526,trivial_move,3,2686932
-21.522,flush_begin,0,0
-21.510,flush_end,0,2686931
-21.495,trivial_move,3,2686930
-21.492,flush_begin,0,0
-21.480,flush_end,0,2686932
-21.465,trivial_move,3,2686932
-21.462,flush_begin,0,0
-21.451,flush_end,0,2686931
-21.435,trivial_move,3,2686930
-21.431,flush_begin,0,0
-21.418,flush_end,0,2686931
-21.403,trivial_move,3,2686931
-21.400,flush_begin,0,0
-21.388,flush_end,0,2686930
-21.373,trivial_move,3,2686931
-21.369,flush_begin,0,0
-21.356,flush_end,0,2686932
-21.341,trivial_move,3,2686931
-21.337,flush_begin,0,0
-21.325,flush_end,0,2686930
-21.310,trivial_move,3,2686931
-21.307,flush_begin,0,0
-21.295,flush_end,0,2686931
-21.279,trivial_move,3,2686930
-21.277,flush_begin,0,0
-21.265,flush_end,0,2686931
-21.249,trivial_move,3,2686930
-21.246,flush_begin,0,0
-21.234,flush_end,0,2686930
-21.217,trivial_move,3,2686931
-21.215,flush_begin,0,0
-21.203,flush_end,0,2686932
-21.186,trivial_move,3,2686931
-21.183,flush_begin,0,0
-21.171,flush_end,0,2686930
-21.155,trivial_move,3,2686931
-21.152,flush_begin,0,0
-21.140,flush_end,0,2686932
-21.123,trivial_move,3,2686931
-21.120,flush_begin,0,0
-21.108,flush_end,0,2686930
-21.091,trivial_move,3,2686930
-21.088,flush_begin,0,0
-21.075,flush_end,0,2686931
-21.060,trivial_move,3,2686932
-21.056,flush_begin,0,0
-21.043,flush_end,0,2686931
-21.027,trivial_move,3,2686930
-21.024,flush_begin,0,0
-21.013,flush_end,0,2686931
-20.996,trivial_move,3,2686932
-20.993,flush_begin,0,0
-20.980,flush_end,0,2686931
-20.965,trivial_move,3,2686930
-20.961,flush_begin,0,0
-20.949,flush_end,0,2686930
-20.933,trivial_move,3,2686932
-20.930,flush_begin,0,0
-20.917,flush_end,0,2686930
-20.902,trivial_move,3,2686931
-20.899,flush_begin,0,0
-20.887,flush_end,0,2686931
-20.870,trivial_move,3,2686930
-20.867,flush_begin,0,0
-20.856,flush_end,0,2686931
-20.840,trivial_move,3,2686932
-20.837,flush_begin,0,0
-20.824,flush_end,0,2686931
-20.808,trivial_move,3,2686930
-20.806,flush_begin,0,0
-20.793,flush_end,0,2686932
-20.778,trivial_move,3,2686931
-20.774,flush_begin,0,0
-20.763,flush_end,0,2686930
-20.747,trivial_move,3,2686931
-20.743,flush_begin,0,0
-20.731,flush_end,0,2686932
-20.715,trivial_move,3,2686931
-20.712,flush_begin,0,0
-20.699,flush_end,0,2686930
-20.684,trivial_move,3,2686931
-20.679,flush_begin,0,0
-20.667,flush_end,0,2686932
-20.652,trivial_move,3,2686931
-20.647,flush_begin,0,0
-20.635,flush_end,0,2686930
-20.619,trivial_move,3,2686930
-20.615,flush_begin,0,0
-20.603,flush_end,0,2686931
-20.587,trivial_move,3,2686932
-20.583,flush_begin,0,0
-20.570,flush_end,0,2686931
-20.555,trivial_move,3,2686930
-20.551,flush_begin,0,0
-20.538,flush_end,0,2686930
-20.522,trivial_move,3,2686932
-20.519,flush_begin,0,0
-20.506,flush_end,0,2686932
-20.491,trivial_move,3,2686930
-20.487,flush_begin,0,0
-20.475,flush_end,0,2686930
-20.459,trivial_move,3,2686930
-20.455,flush_begin,0,0
-20.444,flush_end,0,2686931
-20.428,trivial_move,3,2686932
-20.424,flush_begin,0,0
-20.411,flush_end,0,2686931
-20.394,trivial_move,3,2686930
-20.391,flush_begin,0,0
-20.380,flush_end,0,2686931
-20.364,trivial_move,3,2686932
-20.360,flush_begin,0,0
-20.349,flush_end,0,2686931
-20.333,trivial_move,3,2686930
-20.330,flush_begin,0,0
-20.319,flush_end,0,2686931
-20.303,trivial_move,3,2686931
-20.299,flush_begin,0,0
-20.288,flush_end,0,2686930
-20.271,trivial_move,3,2686931
-20.268,flush_begin,0,0
-20.254,flush_end,0,2686932
-20.239,trivial_move,3,2686932
-20.237,flush_begin,0,0
-20.225,flush_end,0,2686930
-20.209,trivial_move,3,2686931
-20.206,flush_begin,0,0
-20.195,flush_end,0,2686932
-20.179,trivial_move,3,2686931
-20.176,flush_begin,0,0
-20.163,flush_end,0,2686930
-20.148,trivial_move,3,2686930
-20.146,flush_begin,0,0
-20.133,flush_end,0,2686930
-20.117,trivial_move,3,2686932
-20.115,flush_begin,0,0
-20.102,flush_end,0,2686933
-20.086,trivial_move,3,2686930
-20.083,flush_begin,0,0
-20.071,flush_end,0,2686930
-20.056,trivial_move,3,2686931
-20.052,flush_begin,0,0
-20.041,flush_end,0,2686932
-20.025,trivial_move,3,2686931
-20.021,flush_begin,0,0
-20.010,flush_end,0,2686930
-19.994,trivial_move,3,2686930
-19.990,flush_begin,0,0
-19.978,flush_end,0,2686931
-19.964,trivial_move,3,2686932
-19.960,flush_begin,0,0
-19.947,flush_end,0,2686931
-19.931,trivial_move,3,2686930
-19.928,flush_begin,0,0
-19.917,flush_end,0,2686931
-19.900,trivial_move,3,2686932
-19.898,flush_begin,0,0
-19.886,flush_end,0,2686931
-19.870,trivial_move,3,2686930
-19.866,flush_begin,0,0
-19.855,flush_end,0,2686931
-19.840,trivial_move,3,2686931
-19.836,flush_begin,0,0
-19.825,flush_end,0,2686930
-19.809,trivial_move,3,2686931
-19.807,flush_begin,0,0
-19.796,flush_end,0,2686932
-19.780,trivial_move,3,2686931
-19.776,flush_begin,0,0
-19.765,flush_end,0,2686930
-19.749,trivial_move,3,2686931
-19.746,flush_begin,0,0
-19.733,flush_end,0,2686931
-19.717,trivial_move,3,2686930
-19.715,flush_begin,0,0
-19.703,flush_end,0,2686931
-19.687,trivial_move,3,2686930
-19.684,flush_begin,0,0
-19.671,flush_end,0,2686930
-19.656,trivial_move,3,2686931
-19.653,flush_begin,0,0
-19.641,flush_end,0,2686932
-19.624,trivial_move,3,2686931
-19.621,flush_begin,0,0
-19.610,flush_end,0,2686930
-19.594,trivial_move,3,2686931
-19.591,flush_begin,0,0
-19.579,flush_end,0,2686932
-19.563,trivial_move,3,2686932
-19.560,flush_begin,0,0
-19.548,flush_end,0,2686930
-19.531,trivial_move,3,2686930
-19.529,flush_begin,0,0
-19.517,flush_end,0,2686931
-19.501,trivial_move,3,2686932
-19.498,flush_begin,0,0
-19.486,flush_end,0,2686931
-19.470,trivial_move,3,2686930
-19.467,flush_begin,0,0
-19.454,flush_end,0,2686932
-19.438,trivial_move,3,2686932
-19.435,flush_begin,0,0
-19.422,flush_end,0,2686931
-19.407,trivial_move,3,2686930
-19.404,flush_begin,0,0
-19.393,flush_end,0,2686930
-19.377,trivial_move,3,2686931
-19.374,flush_begin,0,0
-19.362,flush_end,0,2686930
-19.345,trivial_move,3,2686931
-19.342,flush_begin,0,0
-19.330,flush_end,0,2686931
-19.314,trivial_move,3,2686930
-19.310,flush_begin,0,0
-19.299,flush_end,0,2686931
-19.283,trivial_move,3,2686932
-19.280,flush_begin,0,0
-19.268,flush_end,0,2686931
-19.252,trivial_move,3,2686930
-19.250,flush_begin,0,0
-19.237,flush_end,0,2686931
-19.222,trivial_move,3,2686931
-19.219,flush_begin,0,0
-19.206,flush_end,0,2686930
-19.190,trivial_move,3,2686931
-19.188,flush_begin,0,0
-19.176,flush_end,0,2686932
-19.159,trivial_move,3,2686931
-19.156,flush_begin,0,0
-19.144,flush_end,0,2686930
-19.127,trivial_move,3,2686931
-19.125,flush_begin,0,0
-19.112,flush_end,0,2686932
-19.097,trivial_move,3,2686931
-19.093,flush_begin,0,0
-19.080,flush_end,0,2686930
-19.064,trivial_move,3,2686930
-19.061,flush_begin,0,0
-19.049,flush_end,0,2686931
-19.032,trivial_move,3,2686932
-19.029,flush_begin,0,0
-19.016,flush_end,0,2686931
-19.000,trivial_move,3,2686930
-18.997,flush_begin,0,0
-18.983,flush_end,0,2686930
-18.967,trivial_move,3,2686932
-18.964,flush_begin,0,0
-18.951,flush_end,0,2686932
-18.936,trivial_move,3,2686930
-18.932,flush_begin,0,0
-18.919,flush_end,0,2686930
-18.903,trivial_move,3,2686930
-18.901,flush_begin,0,0
-18.887,flush_end,0,2686931
-18.871,trivial_move,3,2686933
-18.867,flush_begin,0,0
-18.855,flush_end,0,2686931
-18.839,trivial_move,3,2686930
-18.835,flush_begin,0,0
-18.823,flush_end,0,2686931
-18.809,trivial_move,3,2686932
-18.806,flush_begin,0,0
-18.794,flush_end,0,2686931
-18.778,trivial_move,3,2686930
-18.775,flush_begin,0,0
-18.761,flush_end,0,2686932
-18.746,trivial_move,3,2686931
-18.742,flush_begin,0,0
-18.729,flush_end,0,2686930
-18.714,trivial_move,3,2686931
-18.710,flush_begin,0,0
-18.697,flush_end,0,2686932
-18.681,trivial_move,3,2686931
-18.678,flush_begin,0,0
-18.664,flush_end,0,2686930
-18.648,trivial_move,3,2686931
-18.643,flush_begin,0,0
-18.631,flush_end,0,2686932
-18.615,trivial_move,3,2686931
-18.611,flush_begin,0,0
-18.598,flush_end,0,2686930
-18.582,trivial_move,3,2686930
-18.579,flush_begin,0,0
-18.567,flush_end,0,2686930
-18.551,trivial_move,3,2686932
-18.548,flush_begin,0,0
-18.535,flush_end,0,2686932
-18.520,trivial_move,3,2686930
-18.517,flush_begin,0,0
-18.505,flush_end,0,2686930
-18.489,trivial_move,3,2686931
-18.485,flush_begin,0,0
-18.473,flush_end,0,2686932
-18.457,trivial_move,3,2686931
-18.453,flush_begin,0,0
-18.441,flush_end,0,2686930
-18.424,trivial_move,3,2686930
-18.421,flush_begin,0,0
-18.408,flush_end,0,2686931
-18.391,trivial_move,3,2686932
-18.388,flush_begin,0,0
-18.374,flush_end,0,2686931
-18.359,trivial_move,3,2686930
-18.355,flush_begin,0,0
-18.343,flush_end,0,2686931
-18.327,trivial_move,3,2686932
-18.324,flush_begin,0,0
-18.312,flush_end,0,2686931
-18.295,trivial_move,3,2686930
-18.293,flush_begin,0,0
-18.282,flush_end,0,2686931
-18.266,trivial_move,3,2686931
-18.263,flush_begin,0,0
-18.250,flush_end,0,2686930
-18.235,trivial_move,3,2686931
-18.232,flush_begin,0,0
-18.220,flush_end,0,2686932
-18.204,trivial_move,3,2686932
-18.201,flush_begin,0,0
-18.188,flush_end,0,2686930
-18.173,trivial_move,3,2686931
-18.169,flush_begin,0,0
-18.157,flush_end,0,2686931
-18.142,trivial_move,3,2686930
-18.139,flush_begin,0,0
-18.128,flush_end,0,2686931
-18.112,trivial_move,3,2686930
-18.110,flush_begin,0,0
-18.098,flush_end,0,2686930
-18.083,trivial_move,3,2686931
-18.081,flush_begin,0,0
-18.069,flush_end,0,2686933
-18.054,trivial_move,3,2686931
-18.052,flush_begin,0,0
-18.041,flush_end,0,2686930
-18.024,trivial_move,3,2686931
-18.023,flush_begin,0,0
-18.011,flush_end,0,2686932
-17.995,trivial_move,3,2686931
-17.992,flush_begin,0,0
-17.981,flush_end,0,2686930
-17.965,trivial_move,3,2686930
-17.963,flush_begin,0,0
-17.950,flush_end,0,2686931
-17.934,trivial_move,3,2686932
-17.933,flush_begin,0,0
-17.921,flush_end,0,2686931
-17.906,trivial_move,3,2686930
-17.903,flush_begin,0,0
-17.890,flush_end,0,2686931
-17.875,trivial_move,3,2686932
-17.871,flush_begin,0,0
-17.858,flush_end,0,2686931
-17.843,trivial_move,3,2686930
-17.840,flush_begin,0,0
-17.828,flush_end,0,2686930
-17.812,trivial_move,3,2686931
-17.808,flush_begin,0,0
-17.795,flush_end,0,2686930
-17.780,trivial_move,3,2686931
-17.777,flush_begin,0,0
-17.765,flush_end,0,2686931
-17.748,trivial_move,3,2686930
-17.746,flush_begin,0,0
-17.735,flush_end,0,2686931
-17.718,trivial_move,3,2686932
-17.716,flush_begin,0,0
-17.705,flush_end,0,2686931
-17.689,trivial_move,3,2686930
-17.686,flush_begin,0,0
-17.673,flush_end,0,2686931
-17.657,trivial_move,3,2686931
-17.655,flush_begin,0,0
-17.643,flush_end,0,2686930
-17.627,trivial_move,3,2686931
-17.624,flush_begin,0,0
-17.613,flush_end,0,2686932
-17.597,trivial_move,3,2686931
-17.593,flush_begin,0,0
-17.581,flush_end,0,2686930
-17.565,trivial_move,3,2686931
-17.563,flush_begin,0,0
-17.552,flush_end,0,2686932
-17.535,trivial_move,3,2686932
-17.533,flush_begin,0,0
-17.521,flush_end,0,2686930
-17.506,trivial_move,3,2686930
-17.503,flush_begin,0,0
-17.492,flush_end,0,2686931
-17.475,trivial_move,3,2686932
-17.472,flush_begin,0,0
-17.461,flush_end,0,2686931
-17.445,trivial_move,3,2686930
-17.442,flush_begin,0,0
-17.430,flush_end,0,2686930
-17.414,trivial_move,3,2686932
-17.411,flush_begin,0,0
-17.399,flush_end,0,2686933
-17.383,trivial_move,3,2686930
-17.380,flush_begin,0,0
-17.368,flush_end,0,2686930
-17.353,trivial_move,3,2686930
-17.349,flush_begin,0,0
-17.338,flush_end,0,2686931
-17.322,trivial_move,3,2686932
-17.319,flush_begin,0,0
-17.306,flush_end,0,2686931
-17.291,trivial_move,3,2686930
-17.288,flush_begin,0,0
-17.276,flush_end,0,2686931
-17.260,trivial_move,3,2686932
-17.257,flush_begin,0,0
-17.246,flush_end,0,2686931
-17.230,trivial_move,3,2686930
-17.227,flush_begin,0,0
-17.215,flush_end,0,2686931
-17.198,trivial_move,3,2686931
-17.196,flush_begin,0,0
-17.185,flush_end,0,2686930
-17.169,trivial_move,3,2686931
-17.165,flush_begin,0,0
-17.154,flush_end,0,2686932
-17.136,trivial_move,3,2686931
-17.133,flush_begin,0,0
-17.121,flush_end,0,2686930
-17.104,trivial_move,3,2686931
-17.101,flush_begin,0,0
-17.088,flush_end,0,2686932
-17.073,trivial_move,3,2686931
-17.069,flush_begin,0,0
-17.056,flush_end,0,2686930
-17.040,trivial_move,3,2686930
-17.037,flush_begin,0,0
-17.024,flush_end,0,2686930
-17.008,trivial_move,3,2686932
-17.005,flush_begin,0,0
-16.993,flush_end,0,2686932
-16.977,trivial_move,3,2686930
-16.974,flush_begin,0,0
-16.962,flush_end,0,2686930
-16.946,trivial_move,3,2686931
-16.942,flush_begin,0,0
-16.930,flush_end,0,2686932
-16.914,trivial_move,3,2686931
-16.911,flush_begin,0,0
-16.899,flush_end,0,2686930
-16.883,trivial_move,3,2686930
-16.875,trivial_move,4,2686930
-16.873,flush_begin,0,0
-16.860,flush_end,0,2686931
-16.845,trivial_move,3,2686933
-16.837,trivial_move,4,2686931
-16.834,flush_begin,0,0
-16.821,flush_end,0,2686931
-16.805,trivial_move,3,2686930
-16.797,trivial_move,4,2686931
-16.794,flush_begin,0,0
-16.780,flush_end,0,2686931
-16.763,trivial_move,3,2686932
-16.755,trivial_move,4,2686931
-16.752,flush_begin,0,0
-16.736,flush_end,0,2686931
-16.721,trivial_move,3,2686930
-16.713,trivial_move,4,2686931
-16.708,flush_begin,0,0
-16.694,flush_end,0,2686933
-16.678,trivial_move,3,2686931
-16.670,trivial_move,4,2686930
-16.665,flush_begin,0,0
-16.651,flush_end,0,2686930
-16.636,trivial_move,3,2686931
-16.628,trivial_move,4,2686932
-16.625,flush_begin,0,0
-16.610,flush_end,0,2686932
-16.595,trivial_move,3,2686931
-16.587,trivial_move,4,2686930
-16.584,flush_begin,0,0
-16.570,flush_end,0,2686930
-16.554,trivial_move,3,2686931
-16.546,trivial_move,4,2686932
-16.543,flush_begin,0,0
-16.528,flush_end,0,2686931
-16.513,trivial_move,3,2686930
-16.505,trivial_move,4,2686930
-16.502,flush_begin,0,0
-16.487,flush_end,0,2686931
-16.471,trivial_move,3,2686930
-16.463,trivial_move,4,2686931
-16.459,flush_begin,0,0
-16.443,flush_end,0,2686930
-16.428,trivial_move,3,2686931
-16.420,trivial_move,4,2686931
-16.415,flush_begin,0,0
-16.400,flush_end,0,2686932
-16.384,trivial_move,3,2686931
-16.376,trivial_move,4,2686930
-16.373,flush_begin,0,0
-16.358,flush_end,0,2686930
-16.341,trivial_move,3,2686931
-16.333,trivial_move,4,2686932
-16.329,flush_begin,0,0
-16.315,flush_end,0,2686932
-16.299,trivial_move,3,2686931
-16.291,trivial_move,4,2686930
-16.287,flush_begin,0,0
-16.271,flush_end,0,2686930
-16.255,trivial_move,3,2686930
-16.247,trivial_move,4,2686931
-16.243,flush_begin,0,0
-16.229,flush_end,0,2686931
-16.213,trivial_move,3,2686932
-16.205,trivial_move,4,2686931
-16.201,flush_begin,0,0
-16.188,flush_end,0,2686931
-16.172,trivial_move,3,2686930
-16.164,trivial_move,4,2686931
-16.159,flush_begin,0,0
-16.143,flush_end,0,2686931
-16.126,trivial_move,3,2686932
-16.119,trivial_move,4,2686931
-16.115,flush_begin,0,0
-16.101,flush_end,0,2686931
-16.078,trivial_move,3,2686930
-16.071,trivial_move,4,2686931
-16.067,flush_begin,0,0
-16.053,flush_end,0,2686930
-16.035,trivial_move,3,2686931
-16.028,trivial_move,4,2686930
-16.024,flush_begin,0,0
-16.009,flush_end,0,2686930
-15.993,trivial_move,3,2686931
-15.985,trivial_move,4,2686933
-15.982,flush_begin,0,0
-15.966,flush_end,0,2686931
-15.951,trivial_move,3,2686930
-15.943,trivial_move,4,2686930
-15.939,flush_begin,0,0
-15.923,flush_end,0,2686931
-15.908,trivial_move,3,2686933
-15.900,trivial_move,4,2686932
-15.896,flush_begin,0,0
-15.882,flush_end,0,2686931
-15.865,trivial_move,3,2686930
-15.857,trivial_move,4,2686930
-15.853,flush_begin,0,0
-15.837,flush_end,0,2686931
-15.822,trivial_move,3,2686931
-15.814,trivial_move,4,2686930
-15.810,flush_begin,0,0
-15.795,flush_end,0,2686930
-15.779,trivial_move,3,2686931
-15.771,trivial_move,4,2686932
-15.767,flush_begin,0,0
-15.751,flush_end,0,2686933
-15.735,trivial_move,3,2686931
-15.728,trivial_move,4,2686930
-15.724,flush_begin,0,0
-15.709,flush_end,0,2686930
-15.693,trivial_move,3,2686931
-15.685,trivial_move,4,2686932
-15.681,flush_begin,0,0
-15.667,flush_end,0,2686932
-15.650,trivial_move,3,2686931
-15.641,trivial_move,4,2686930
-15.638,flush_begin,0,0
-15.623,flush_end,0,2686930
-15.606,trivial_move,3,2686930
-15.598,trivial_move,4,2686931
-15.594,flush_begin,0,0
-15.579,flush_end,0,2686931
-15.562,trivial_move,3,2686932
-15.554,trivial_move,4,2686931
-15.550,flush_begin,0,0
-15.533,flush_end,0,2686931
-15.517,trivial_move,3,2686930
-15.509,trivial_move,4,2686931
-15.505,flush_begin,0,0
-15.490,flush_end,0,2686930
-15.473,trivial_move,3,2686932
-15.465,trivial_move,4,2686931
-15.461,flush_begin,0,0
-15.446,flush_end,0,2686932
-15.431,trivial_move,3,2686930
-15.423,trivial_move,4,2686931
-15.419,flush_begin,0,0
-15.405,flush_end,0,2686930
-15.388,trivial_move,3,2686930
-15.380,trivial_move,4,2686930
-15.376,flush_begin,0,0
-15.361,flush_end,0,2686931
-15.345,trivial_move,3,2686932
-15.337,trivial_move,4,2686932
-15.333,flush_begin,0,0
-15.316,flush_end,0,2686931
-15.301,trivial_move,3,2686930
-15.293,trivial_move,4,2686930
-15.288,flush_begin,0,0
-15.273,flush_end,0,2686931
-15.258,trivial_move,3,2686932
-15.250,trivial_move,4,2686931
-15.246,flush_begin,0,0
-15.230,flush_end,0,2686931
-15.214,trivial_move,3,2686930
-15.206,trivial_move,4,2686931
-15.202,flush_begin,0,0
-15.187,flush_end,0,2686931
-15.171,trivial_move,3,2686931
-15.163,trivial_move,4,2686930
-15.159,flush_begin,0,0
-15.143,flush_end,0,2686930
-15.127,trivial_move,3,2686931
-15.119,trivial_move,4,2686932
-15.115,flush_begin,0,0
-15.100,flush_end,0,2686932
-15.083,trivial_move,3,2686931
-15.075,trivial_move,4,2686930
-15.070,flush_begin,0,0
-15.055,flush_end,0,2686930
-15.039,trivial_move,3,2686931
-15.030,trivial_move,4,2686933
-15.026,flush_begin,0,0
-15.010,flush_end,0,2686932
-14.993,trivial_move,3,2686933
-14.985,trivial_move,4,2686930
-14.981,flush_begin,0,0
-14.966,flush_end,0,2686930
-14.950,trivial_move,3,2686930
-14.942,trivial_move,4,2686931
-14.938,flush_begin,0,0
-14.922,flush_end,0,2686930
-14.906,trivial_move,3,2686932
-14.898,trivial_move,4,2686931
-14.894,flush_begin,0,0
-14.879,flush_end,0,2686932
-14.863,trivial_move,3,2686930
-14.855,trivial_move,4,2686931
-14.851,flush_begin,0,0
-14.837,flush_end,0,2686930
-14.822,trivial_move,3,2686931
-14.814,trivial_move,4,2686931
-14.811,flush_begin,0,0
-14.798,flush_end,0,2686933
-14.782,trivial_move,3,2686931
-14.774,trivial_move,4,2686930
-14.771,flush_begin,0,0
-14.757,flush_end,0,2686930
-14.741,trivial_move,3,2686930
-14.733,trivial_move,4,2686930
-14.729,flush_begin,0,0
-14.715,flush_end,0,2686931
-14.699,trivial_move,3,2686932
-14.691,trivial_move,4,2686931
-14.688,flush_begin,0,0
-14.674,flush_end,0,2686931
-14.659,trivial_move,3,2686930
-14.651,trivial_move,4,2686931
-14.648,flush_begin,0,0
-14.633,flush_end,0,2686931
-14.618,trivial_move,3,2686932
-14.610,trivial_move,4,2686931
-14.606,flush_begin,0,0
-14.593,flush_end,0,2686931
-14.577,trivial_move,3,2686930
-14.569,trivial_move,4,2686931
-14.565,flush_begin,0,0
-14.552,flush_end,0,2686931
-14.536,trivial_move,3,2686931
-14.528,trivial_move,4,2686930
-14.524,flush_begin,0,0
-14.510,flush_end,0,2686930
-14.494,trivial_move,3,2686931
-14.486,trivial_move,4,2686932
-14.483,flush_begin,0,0
-14.470,flush_end,0,2686932
-14.453,trivial_move,3,2686931
-14.445,trivial_move,4,2686930
-14.442,flush_begin,0,0
-14.428,flush_end,0,2686930
-14.412,trivial_move,3,2686931
-14.404,trivial_move,4,2686932
-14.400,flush_begin,0,0
-14.387,flush_end,0,2686931
-14.371,trivial_move,3,2686930
-14.363,trivial_move,4,2686930
-14.359,flush_begin,0,0
-14.343,flush_end,0,2686931
-14.328,trivial_move,3,2686930
-14.320,trivial_move,4,2686931
-14.317,flush_begin,0,0
-14.303,flush_end,0,2686930
-14.287,trivial_move,3,2686931
-14.279,trivial_move,4,2686931
-14.276,flush_begin,0,0
-14.262,flush_end,0,2686932
-14.246,trivial_move,3,2686931
-14.238,trivial_move,4,2686930
-14.234,flush_begin,0,0
-14.218,flush_end,0,2686930
-14.203,trivial_move,3,2686931
-14.195,trivial_move,4,2686932
-14.191,flush_begin,0,0
-14.177,flush_end,0,2686932
-14.161,trivial_move,3,2686931
-14.153,trivial_move,4,2686930
-14.149,flush_begin,0,0
-14.134,flush_end,0,2686930
-14.118,trivial_move,3,2686930
-14.110,trivial_move,4,2686932
-14.105,flush_begin,0,0
-14.091,flush_end,0,2686931
-14.075,trivial_move,3,2686933
-14.067,trivial_move,4,2686931
-14.063,flush_begin,0,0
-14.048,flush_end,0,2686931
-14.031,trivial_move,3,2686930
-14.023,trivial_move,4,2686931
-14.019,flush_begin,0,0
-14.005,flush_end,0,2686931
-13.989,trivial_move,3,2686932
-13.981,trivial_move,4,2686931
-13.977,flush_begin,0,0
-13.963,flush_end,0,2686931
-13.946,trivial_move,3,2686930
-13.938,trivial_move,4,2686931
-13.934,flush_begin,0,0
-13.920,flush_end,0,2686930
-13.904,trivial_move,3,2686931
-13.896,trivial_move,4,2686930
-13.891,flush_begin,0,0
-13.877,flush_end,0,2686930
-13.860,trivial_move,3,2686931
-13.852,trivial_move,4,2686932
-13.849,flush_begin,0,0
-13.834,flush_end,0,2686931
-13.818,trivial_move,3,2686930
-13.810,trivial_move,4,2686930
-13.806,flush_begin,0,0
-13.792,flush_end,0,2686931
-13.775,trivial_move,3,2686932
-13.767,trivial_move,4,2686932
-13.763,flush_begin,0,0
-13.747,flush_end,0,2686931
-13.731,trivial_move,3,2686930
-13.723,trivial_move,4,2686930
-13.718,flush_begin,0,0
-13.703,flush_end,0,2686931
-13.688,trivial_move,3,2686931
-13.680,trivial_move,4,2686930
-13.676,flush_begin,0,0
-13.662,flush_end,0,2686930
-13.646,trivial_move,3,2686931
-13.638,trivial_move,4,2686932
-13.635,flush_begin,0,0
-13.620,flush_end,0,2686932
-13.604,trivial_move,3,2686931
-13.596,trivial_move,4,2686930
-13.593,flush_begin,0,0
-13.579,flush_end,0,2686930
-13.562,trivial_move,3,2686931
-13.554,trivial_move,4,2686932
-13.552,flush_begin,0,0
-13.537,flush_end,0,2686932
-13.521,trivial_move,3,2686931
-13.513,trivial_move,4,2686930
-13.510,flush_begin,0,0
-13.495,flush_end,0,2686930
-13.478,trivial_move,3,2686930
-13.470,trivial_move,4,2686931
-13.466,flush_begin,0,0
-13.450,flush_end,0,2686931
-13.433,trivial_move,3,2686932
-13.425,trivial_move,4,2686931
-13.422,flush_begin,0,0
-13.406,flush_end,0,2686931
-13.390,trivial_move,3,2686930
-13.382,trivial_move,4,2686931
-13.379,flush_begin,0,0
-13.367,flush_end,0,2686930
-13.349,trivial_move,3,2686932
-13.341,trivial_move,4,2686931
-13.340,flush_begin,0,0
-13.329,flush_end,0,2686932
-13.312,trivial_move,3,2686930
-13.303,trivial_move,4,2686931
-13.302,flush_begin,0,0
-13.290,flush_end,0,2686930
-13.272,trivial_move,3,2686930
-13.264,trivial_move,4,2686930
-13.262,flush_begin,0,0
-13.250,flush_end,0,2686931
-13.234,trivial_move,3,2686932
-13.227,trivial_move,4,2686933
-13.225,flush_begin,0,0
-13.211,flush_end,0,2686931
-13.196,trivial_move,3,2686930
-13.188,trivial_move,4,2686930
-13.185,flush_begin,0,0
-13.171,flush_end,0,2686931
-13.155,trivial_move,3,2686933
-13.147,trivial_move,4,2686931
-13.145,flush_begin,0,0
-13.131,flush_end,0,2686931
-13.118,trivial_move,3,2686930
-13.106,trivial_move,4,2686931
-13.103,flush_begin,0,0
-13.088,flush_end,0,2686931
-13.071,trivial_move,3,2686931
-13.063,trivial_move,4,2686930
-13.059,flush_begin,0,0
-13.044,flush_end,0,2686930
-13.028,trivial_move,3,2686931
-13.020,trivial_move,4,2686932
-13.016,flush_begin,0,0
-13.002,flush_end,0,2686933
-12.986,trivial_move,3,2686931
-12.978,trivial_move,4,2686930
-12.975,flush_begin,0,0
-12.960,flush_end,0,2686930
-12.944,trivial_move,3,2686931
-12.936,trivial_move,4,2686932
-12.932,flush_begin,0,0
-12.918,flush_end,0,2686932
-12.901,trivial_move,3,2686931
-12.893,trivial_move,4,2686930
-12.889,flush_begin,0,0
-12.874,flush_end,0,2686930
-12.857,trivial_move,3,2686930
-12.849,trivial_move,4,2686931
-12.845,flush_begin,0,0
-12.830,flush_end,0,2686930
-12.813,trivial_move,3,2686932
-12.805,trivial_move,4,2686931
-12.802,flush_begin,0,0
-12.787,flush_end,0,2686932
-12.771,trivial_move,3,2686930
-12.764,trivial_move,4,2686931
-12.760,flush_begin,0,0
-12.745,flush_end,0,2686930
-12.730,trivial_move,3,2686931
-12.722,trivial_move,4,2686931
-12.718,flush_begin,0,0
-12.703,flush_end,0,2686932
-12.687,trivial_move,3,2686931
-12.679,trivial_move,4,2686930
-12.675,flush_begin,0,0
-12.659,flush_end,0,2686930
-12.643,trivial_move,3,2686930
-12.635,trivial_move,4,2686930
-12.631,flush_begin,0,0
-12.616,flush_end,0,2686931
-12.599,trivial_move,3,2686932
-12.591,trivial_move,4,2686931
-12.587,flush_begin,0,0
-12.571,flush_end,0,2686931
-12.554,trivial_move,3,2686930
-12.546,trivial_move,4,2686931
-12.541,flush_begin,0,0
-12.526,flush_end,0,2686931
-12.510,trivial_move,3,2686932
-12.502,trivial_move,4,2686931
-12.498,flush_begin,0,0
-12.483,flush_end,0,2686931
-12.466,trivial_move,3,2686930
-12.457,trivial_move,4,2686931
-12.454,flush_begin,0,0
-12.439,flush_end,0,2686931
-12.422,trivial_move,3,2686931
-12.414,trivial_move,4,2686930
-12.410,flush_begin,0,0
-12.394,flush_end,0,2686930
-12.378,trivial_move,3,2686931
-12.370,trivial_move,4,2686932
-12.366,flush_begin,0,0
-12.348,flush_end,0,2686932
-12.332,trivial_move,3,2686931
-12.324,trivial_move,4,2686930
-12.319,flush_begin,0,0
-12.304,flush_end,0,2686930
-12.288,trivial_move,3,2686931
-12.280,trivial_move,4,2686933
-12.276,flush_begin,0,0
-12.260,flush_end,0,2686931
-12.244,trivial_move,3,2686930
-12.236,trivial_move,4,2686930
-12.232,flush_begin,0,0
-12.217,flush_end,0,2686931
-12.200,trivial_move,3,2686930
-12.192,trivial_move,4,2686931
-12.187,flush_begin,0,0
-12.170,flush_end,0,2686930
-12.154,trivial_move,3,2686931
-12.146,trivial_move,4,2686931
-12.142,flush_begin,0,0
-12.126,flush_end,0,2686932
-12.110,trivial_move,3,2686931
-12.102,trivial_move,4,2686930
-12.098,flush_begin,0,0
-12.083,flush_end,0,2686930
-12.066,trivial_move,3,2686931
-12.058,trivial_move,4,2686932
-12.054,flush_begin,0,0
-12.038,flush_end,0,2686933
-12.022,trivial_move,3,2686931
-12.014,trivial_move,4,2686930
-12.010,flush_begin,0,0
-11.994,flush_end,0,2686930
-11.977,trivial_move,3,2686930
-11.969,trivial_move,4,2686931
-11.964,flush_begin,0,0
-11.948,flush_end,0,2686931
-11.931,trivial_move,3,2686932
-11.922,trivial_move,4,2686931
-11.918,flush_begin,0,0
-11.902,flush_end,0,2686931
-11.886,trivial_move,3,2686930
-11.878,trivial_move,4,2686931
-11.874,flush_begin,0,0
-11.859,flush_end,0,2686931
-11.842,trivial_move,3,2686932
-11.833,trivial_move,4,2686931
-11.830,flush_begin,0,0
-11.814,flush_end,0,2686931
-11.798,trivial_move,3,2686930
-11.790,trivial_move,4,2686931
-11.786,flush_begin,0,0
-11.770,flush_end,0,2686930
-11.754,trivial_move,3,2686931
-11.746,trivial_move,4,2686930
-11.742,flush_begin,0,0
-11.724,flush_end,0,2686930
-11.708,trivial_move,3,2686931
-11.700,trivial_move,4,2686932
-11.696,flush_begin,0,0
-11.681,flush_end,0,2686931
-11.665,trivial_move,3,2686930
-11.657,trivial_move,4,2686930
-11.653,flush_begin,0,0
-11.637,flush_end,0,2686931
-11.621,trivial_move,3,2686932
-11.613,trivial_move,4,2686932
-11.609,flush_begin,0,0
-11.595,flush_end,0,2686931
-11.579,trivial_move,3,2686930
-11.571,trivial_move,4,2686930
-11.567,flush_begin,0,0
-11.552,flush_end,0,2686931
-11.537,trivial_move,3,2686931
-11.529,trivial_move,4,2686930
-11.525,flush_begin,0,0
-11.510,flush_end,0,2686930
-11.494,trivial_move,3,2686931
-11.486,trivial_move,4,2686932
-11.482,flush_begin,0,0
-11.467,flush_end,0,2686932
-11.451,trivial_move,3,2686931
-11.443,trivial_move,4,2686930
-11.440,flush_begin,0,0
-11.423,flush_end,0,2686930
-11.407,trivial_move,3,2686931
-11.399,trivial_move,4,2686932
-11.395,flush_begin,0,0
-11.381,flush_end,0,2686932
-11.364,trivial_move,3,2686931
-11.356,trivial_move,4,2686930
-11.352,flush_begin,0,0
-11.337,flush_end,0,2686930
-11.321,trivial_move,3,2686930
-11.313,trivial_move,4,2686932
-11.310,flush_begin,0,0
-11.295,flush_end,0,2686931
-11.279,trivial_move,3,2686933
-11.271,trivial_move,4,2686931
-11.267,flush_begin,0,0
-11.252,flush_end,0,2686931
-11.236,trivial_move,3,2686930
-11.228,trivial_move,4,2686931
-11.225,flush_begin,0,0
-11.211,flush_end,0,2686930
-11.194,trivial_move,3,2686932
-11.186,trivial_move,4,2686931
-11.183,flush_begin,0,0
-11.169,flush_end,0,2686932
-11.153,trivial_move,3,2686930
-11.145,trivial_move,4,2686931
-11.142,flush_begin,0,0
-11.126,flush_end,0,2686930
-11.111,trivial_move,3,2686930
-11.103,trivial_move,4,2686930
-11.099,flush_begin,0,0
-11.085,flush_end,0,2686932
-11.069,trivial_move,3,2686932
-11.061,trivial_move,4,2686932
-11.058,flush_begin,0,0
-11.043,flush_end,0,2686931
-11.027,trivial_move,3,2686930
-11.019,trivial_move,4,2686930
-11.015,flush_begin,0,0
-11.000,flush_end,0,2686931
-10.984,trivial_move,3,2686932
-10.976,trivial_move,4,2686931
-10.974,flush_begin,0,0
-10.964,flush_end,0,2686931
-10.949,trivial_move,3,2686930
-10.940,trivial_move,4,2686931
-10.940,flush_begin,0,0
-10.930,flush_end,0,2686931
-10.915,trivial_move,3,2686931
-10.907,trivial_move,4,2686930
-10.904,flush_begin,0,0
-10.887,flush_end,0,2686930
-10.871,trivial_move,3,2686931
-10.864,trivial_move,4,2686932
-10.860,flush_begin,0,0
-10.842,flush_end,0,2686932
-10.827,trivial_move,3,2686931
-10.819,trivial_move,4,2686930
-10.815,flush_begin,0,0
-10.798,flush_end,0,2686930
-10.781,trivial_move,3,2686931
-10.773,trivial_move,4,2686932
-10.769,flush_begin,0,0
-10.754,flush_end,0,2686932
-10.737,trivial_move,3,2686931
-10.729,trivial_move,4,2686930
-10.725,flush_begin,0,0
-10.710,flush_end,0,2686930
-10.694,trivial_move,3,2686930
-10.686,trivial_move,4,2686931
-10.683,flush_begin,0,0
-10.667,flush_end,0,2686930
-10.651,trivial_move,3,2686932
-10.643,trivial_move,4,2686931
-10.640,flush_begin,0,0
-10.623,flush_end,0,2686932
-10.607,trivial_move,3,2686930
-10.599,trivial_move,4,2686931
-10.597,flush_begin,0,0
-10.581,flush_end,0,2686930
-10.564,trivial_move,3,2686931
-10.556,trivial_move,4,2686931
-10.552,flush_begin,0,0
-10.534,flush_end,0,2686932
-10.518,trivial_move,3,2686931
-10.510,trivial_move,4,2686930
-10.507,flush_begin,0,0
-10.492,flush_end,0,2686930
-10.476,trivial_move,3,2686930
-10.467,trivial_move,4,2686930
-10.463,flush_begin,0,0
-10.449,flush_end,0,2686931
-10.431,trivial_move,3,2686932
-10.424,trivial_move,4,2686931
-10.420,flush_begin,0,0
-10.404,flush_end,0,2686931
-10.387,trivial_move,3,2686930
-10.379,trivial_move,4,2686932
-10.375,flush_begin,0,0
-10.361,flush_end,0,2686931
-10.345,trivial_move,3,2686933
-10.337,trivial_move,4,2686931
-10.333,flush_begin,0,0
-10.317,flush_end,0,2686931
-10.301,trivial_move,3,2686930
-10.293,trivial_move,4,2686931
-10.290,flush_begin,0,0
-10.274,flush_end,0,2686931
-10.257,trivial_move,3,2686931
-10.249,trivial_move,4,2686930
-10.244,flush_begin,0,0
-10.229,flush_end,0,2686930
-10.212,trivial_move,3,2686931
-10.204,trivial_move,4,2686932
-10.200,flush_begin,0,0
-10.184,flush_end,0,2686933
-10.168,trivial_move,3,2686931
-10.160,trivial_move,4,2686930
-10.156,flush_begin,0,0
-10.142,flush_end,0,2686930
-10.126,trivial_move,3,2686931
-10.118,trivial_move,4,2686932
-10.113,flush_begin,0,0
-10.099,flush_end,0,2686931
-10.083,trivial_move,3,2686930
-10.075,trivial_move,4,2686930
-10.071,flush_begin,0,0
-10.054,flush_end,0,2686931
-10.038,trivial_move,3,2686930
-10.029,trivial_move,4,2686931
-10.026,flush_begin,0,0
-10.010,flush_end,0,2686930
-9.994,trivial_move,3,2686931
-9.986,trivial_move,4,2686931
-9.982,flush_begin,0,0
-9.967,flush_end,0,2686932
-9.952,trivial_move,3,2686931
-9.944,trivial_move,4,2686930
-9.938,flush_begin,0,0
-9.922,flush_end,0,2686930
-9.905,trivial_move,3,2686931
-9.897,trivial_move,4,2686932
-9.893,flush_begin,0,0
-9.876,flush_end,0,2686932
-9.859,trivial_move,3,2686931
-9.851,trivial_move,4,2686930
-9.850,flush_begin,0,0
-9.836,flush_end,0,2686930
-9.819,trivial_move,3,2686930
-9.811,trivial_move,4,2686931
-9.807,flush_begin,0,0
-9.794,flush_end,0,2686931
-9.777,trivial_move,3,2686932
-9.769,trivial_move,4,2686931
-9.766,flush_begin,0,0
-9.753,flush_end,0,2686931
-9.736,trivial_move,3,2686930
-9.728,trivial_move,4,2686931
-9.724,flush_begin,0,0
-9.709,flush_end,0,2686931
-9.694,trivial_move,3,2686932
-9.686,trivial_move,4,2686931
-9.682,flush_begin,0,0
-9.669,flush_end,0,2686931
-9.652,trivial_move,3,2686930
-9.644,trivial_move,4,2686931
-9.642,flush_begin,0,0
-9.627,flush_end,0,2686930
-9.611,trivial_move,3,2686931
-9.603,trivial_move,4,2686930
-9.601,flush_begin,0,0
-9.589,flush_end,0,2686930
-9.573,trivial_move,3,2686931
-9.565,trivial_move,4,2686932
-9.563,flush_begin,0,0
-9.551,flush_end,0,2686931
-9.535,trivial_move,3,2686930
-9.527,trivial_move,4,2686930
-9.524,flush_begin,0,0
-9.511,flush_end,0,2686931
-9.495,trivial_move,3,2686932
-9.487,trivial_move,4,2686933
-9.484,flush_begin,0,0
-9.470,flush_end,0,2686931
-9.455,trivial_move,3,2686930
-9.447,trivial_move,4,2686930
-9.444,flush_begin,0,0
-9.429,flush_end,0,2686931
-9.414,trivial_move,3,2686932
-9.406,trivial_move,4,2686930
-9.404,flush_begin,0,0
-9.390,flush_end,0,2686930
-9.373,trivial_move,3,2686931
-9.365,trivial_move,4,2686932
-9.362,flush_begin,0,0
-9.345,flush_end,0,2686932
-9.329,trivial_move,3,2686931
-9.321,trivial_move,4,2686930
-9.318,flush_begin,0,0
-9.304,flush_end,0,2686930
-9.287,trivial_move,3,2686931
-9.279,trivial_move,4,2686932
-9.276,flush_begin,0,0
-9.262,flush_end,0,2686933
-9.245,trivial_move,3,2686931
-9.237,trivial_move,4,2686930
-9.233,flush_begin,0,0
-9.218,flush_end,0,2686930
-9.201,trivial_move,3,2686930
-9.193,trivial_move,4,2686931
-9.189,flush_begin,0,0
-9.175,flush_end,0,2686931
-9.159,trivial_move,3,2686932
-9.151,trivial_move,4,2686931
-9.148,flush_begin,0,0
-9.134,flush_end,0,2686931
-9.118,trivial_move,3,2686930
-9.110,trivial_move,4,2686931
-9.107,flush_begin,0,0
-9.092,flush_end,0,2686930
-9.076,trivial_move,3,2686932
-9.068,trivial_move,4,2686931
-9.064,flush_begin,0,0
-9.048,flush_end,0,2686932
-9.032,trivial_move,3,2686930
-9.024,trivial_move,4,2686931
-9.021,flush_begin,0,0
-9.007,flush_end,0,2686930
-8.990,trivial_move,3,2686930
-8.982,trivial_move,4,2686930
-8.979,flush_begin,0,0
-8.965,flush_end,0,2686931
-8.950,trivial_move,3,2686932
-8.942,trivial_move,4,2686932
-8.939,flush_begin,0,0
-8.926,flush_end,0,2686931
-8.909,trivial_move,3,2686930
-8.901,trivial_move,4,2686930
-8.899,flush_begin,0,0
-8.886,flush_end,0,2686931
-8.870,trivial_move,3,2686932
-8.862,trivial_move,4,2686931
-8.858,flush_begin,0,0
-8.845,flush_end,0,2686931
-8.829,trivial_move,3,2686930
-8.821,trivial_move,4,2686931
-8.818,flush_begin,0,0
-8.804,flush_end,0,2686931
-8.789,trivial_move,3,2686931
-8.781,trivial_move,4,2686930
-8.778,flush_begin,0,0
-8.763,flush_end,0,2686930
-8.747,trivial_move,3,2686931
-8.739,trivial_move,4,2686932
-8.737,flush_begin,0,0
-8.724,flush_end,0,2686932
-8.708,trivial_move,3,2686931
-8.700,trivial_move,4,2686930
-8.697,flush_begin,0,0
-8.684,flush_end,0,2686930
-8.667,trivial_move,3,2686931
-8.659,trivial_move,4,2686932
-8.654,flush_begin,0,0
-8.640,flush_end,0,2686932
-8.623,trivial_move,3,2686931
-8.615,trivial_move,4,2686930
-8.611,flush_begin,0,0
-8.597,flush_end,0,2686930
-8.580,trivial_move,3,2686930
-8.571,trivial_move,4,2686932
-8.568,flush_begin,0,0
-8.553,flush_end,0,2686930
-8.537,trivial_move,3,2686933
-8.529,trivial_move,4,2686931
-8.525,flush_begin,0,0
-8.510,flush_end,0,2686932
-8.493,trivial_move,3,2686930
-8.485,trivial_move,4,2686931
-8.482,flush_begin,0,0
-8.464,flush_end,0,2686930
-8.448,trivial_move,3,2686931
-8.440,trivial_move,4,2686931
-8.435,flush_begin,0,0
-8.419,flush_end,0,2686932
-8.403,trivial_move,3,2686931
-8.395,trivial_move,4,2686930
-8.391,flush_begin,0,0
-8.376,flush_end,0,2686930
-8.360,trivial_move,3,2686930
-8.352,trivial_move,4,2686930
-8.348,flush_begin,0,0
-8.333,flush_end,0,2686932
-8.316,trivial_move,3,2686932
-8.308,trivial_move,4,2686931
-8.304,flush_begin,0,0
-8.288,flush_end,0,2686931
-8.272,trivial_move,3,2686930
-8.264,trivial_move,4,2686931
-8.260,flush_begin,0,0
-8.244,flush_end,0,2686931
-8.228,trivial_move,3,2686932
-8.220,trivial_move,4,2686931
-8.216,flush_begin,0,0
-8.201,flush_end,0,2686931
-8.184,trivial_move,3,2686930
-8.176,trivial_move,4,2686931
-8.172,flush_begin,0,0
-8.157,flush_end,0,2686931
-8.140,trivial_move,3,2686931
-8.132,trivial_move,4,2686930
-8.128,flush_begin,0,0
-8.113,flush_end,0,2686930
-8.096,trivial_move,3,2686931
-8.088,trivial_move,4,2686932
-8.084,flush_begin,0,0
-8.069,flush_end,0,2686932
-8.051,trivial_move,3,2686931
-8.044,trivial_move,4,2686930
-8.040,flush_begin,0,0
-8.025,flush_end,0,2686930
-8.008,trivial_move,3,2686931
-8.000,trivial_move,4,2686932
-7.996,flush_begin,0,0
-7.980,flush_end,0,2686931
-7.963,trivial_move,3,2686930
-7.955,trivial_move,4,2686930
-7.950,flush_begin,0,0
-7.935,flush_end,0,2686931
-7.918,trivial_move,3,2686930
-7.910,trivial_move,4,2686931
-7.906,flush_begin,0,0
-7.890,flush_end,0,2686930
-7.872,trivial_move,3,2686931
-7.865,trivial_move,4,2686931
-7.861,flush_begin,0,0
-7.843,flush_end,0,2686932
-7.827,trivial_move,3,2686931
-7.819,trivial_move,4,2686930
-7.815,flush_begin,0,0
-7.799,flush_end,0,2686930
-7.782,trivial_move,3,2686931
-7.774,trivial_move,4,2686932
-7.771,flush_begin,0,0
-7.756,flush_end,0,2686932
-7.739,trivial_move,3,2686931
-7.731,trivial_move,4,2686930
-7.727,flush_begin,0,0
-7.712,flush_end,0,2686930
-7.695,trivial_move,3,2686930
-7.687,trivial_move,4,2686931
-7.684,flush_begin,0,0
-7.668,flush_end,0,2686931
-7.651,trivial_move,3,2686932
-7.643,trivial_move,4,2686931
-7.640,flush_begin,0,0
-7.626,flush_end,0,2686931
-7.609,trivial_move,3,2686930
-7.601,trivial_move,4,2686933
-7.597,flush_begin,0,0
-7.581,flush_end,0,2686931
-7.565,trivial_move,3,2686933
-7.557,trivial_move,4,2686931
-7.553,flush_begin,0,0
-7.538,flush_end,0,2686931
-7.521,trivial_move,3,2686930
-7.512,trivial_move,4,2686931
-7.508,flush_begin,0,0
-7.494,flush_end,0,2686930
-7.476,trivial_move,3,2686931
-7.469,trivial_move,4,2686930
-7.465,flush_begin,0,0
-7.449,flush_end,0,2686930
-7.431,trivial_move,3,2686931
-7.423,trivial_move,4,2686932
-7.422,flush_begin,0,0
-7.407,flush_end,0,2686931
-7.391,trivial_move,3,2686930
-7.383,trivial_move,4,2686930
-7.379,flush_begin,0,0
-7.364,flush_end,0,2686933
-7.348,trivial_move,3,2686932
-7.339,trivial_move,4,2686932
-7.335,flush_begin,0,0
-7.320,flush_end,0,2686931
-7.304,trivial_move,3,2686930
-7.296,trivial_move,4,2686930
-7.292,flush_begin,0,0
-7.276,flush_end,0,2686931
-7.260,trivial_move,3,2686931
-7.253,trivial_move,4,2686930
-7.249,flush_begin,0,0
-7.233,flush_end,0,2686930
-7.217,trivial_move,3,2686931
-7.209,trivial_move,4,2686932
-7.205,flush_begin,0,0
-7.191,flush_end,0,2686932
-7.177,trivial_move,3,2686931
-7.165,trivial_move,4,2686930
-7.161,flush_begin,0,0
-7.147,flush_end,0,2686930
-7.130,trivial_move,3,2686931
-7.122,trivial_move,4,2686932
-7.118,flush_begin,0,0
-7.102,flush_end,0,2686932
-7.085,trivial_move,3,2686931
-7.077,trivial_move,4,2686930
-7.074,flush_begin,0,0
-7.058,flush_end,0,2686930
-7.041,trivial_move,3,2686930
-7.033,trivial_move,4,2686931
-7.031,flush_begin,0,0
-7.014,flush_end,0,2686931
-6.997,trivial_move,3,2686932
-6.989,trivial_move,4,2686931
-6.985,flush_begin,0,0
-6.967,flush_end,0,2686931
-6.949,trivial_move,3,2686930
-6.940,trivial_move,4,2686931
-6.935,flush_begin,0,0
-6.919,flush_end,0,2686930
-6.903,trivial_move,3,2686932
-6.895,trivial_move,4,2686931
-6.892,flush_begin,0,0
-6.877,flush_end,0,2686932
-6.859,trivial_move,3,2686930
-6.852,trivial_move,4,2686931
-6.848,flush_begin,0,0
-6.834,flush_end,0,2686930
-6.818,trivial_move,3,2686930
-6.810,trivial_move,4,2686930
-6.805,flush_begin,0,0
-6.791,flush_end,0,2686931
-6.774,trivial_move,3,2686932
-6.766,trivial_move,4,2686932
-6.763,flush_begin,0,0
-6.747,flush_end,0,2686931
-6.731,trivial_move,3,2686930
-6.723,trivial_move,4,2686930
-6.720,flush_begin,0,0
-6.705,flush_end,0,2686931
-6.688,trivial_move,3,2686932
-6.680,trivial_move,4,2686931
-6.676,flush_begin,0,0
-6.662,flush_end,0,2686931
-6.645,trivial_move,3,2686930
-6.637,trivial_move,4,2686932
-6.633,flush_begin,0,0
-6.618,flush_end,0,2686931
-6.601,trivial_move,3,2686932
-6.593,trivial_move,4,2686930
-6.589,flush_begin,0,0
-6.574,flush_end,0,2686930
-6.558,trivial_move,3,2686931
-6.548,trivial_move,4,2686932
-6.545,flush_begin,0,0
-6.530,flush_end,0,2686932
-6.514,trivial_move,3,2686931
-6.506,trivial_move,4,2686930
-6.502,flush_begin,0,0
-6.488,flush_end,0,2686930
-6.470,trivial_move,3,2686931
-6.462,trivial_move,4,2686932
-6.458,flush_begin,0,0
-6.442,flush_end,0,2686933
-6.425,trivial_move,3,2686931
-6.417,trivial_move,4,2686930
-6.413,flush_begin,0,0
-6.397,flush_end,0,2686930
-6.379,trivial_move,3,2686930
-6.370,trivial_move,4,2686931
-6.365,flush_begin,0,0
-6.349,flush_end,0,2686930
-6.332,trivial_move,3,2686932
-6.324,trivial_move,4,2686931
-6.320,flush_begin,0,0
-6.305,flush_end,0,2686932
-6.288,trivial_move,3,2686930
-6.280,trivial_move,4,2686931
-6.276,flush_begin,0,0
-6.261,flush_end,0,2686930
-6.244,trivial_move,3,2686931
-6.235,trivial_move,4,2686931
-6.232,flush_begin,0,0
-6.217,flush_end,0,2686932
-6.200,trivial_move,3,2686931
-6.192,trivial_move,4,2686930
-6.188,flush_begin,0,0
-6.174,flush_end,0,2686930
-6.157,trivial_move,3,2686930
-6.149,trivial_move,4,2686930
-6.146,flush_begin,0,0
-6.132,flush_end,0,2686931
-6.115,trivial_move,3,2686932
-6.107,trivial_move,4,2686931
-6.104,flush_begin,0,0
-6.090,flush_end,0,2686931
-6.073,trivial_move,3,2686930
-6.065,trivial_move,4,2686931
-6.062,flush_begin,0,0
-6.048,flush_end,0,2686931
-6.031,trivial_move,3,2686932
-6.023,trivial_move,4,2686931
-6.019,flush_begin,0,0
-6.004,flush_end,0,2686931
-5.988,trivial_move,3,2686930
-5.980,trivial_move,4,2686931
-5.977,flush_begin,0,0
-5.962,flush_end,0,2686931
-5.945,trivial_move,3,2686931
-5.937,trivial_move,4,2686930
-5.933,flush_begin,0,0
-5.918,flush_end,0,2686930
-5.902,trivial_move,3,2686931
-5.894,trivial_move,4,2686932
-5.891,flush_begin,0,0
-5.876,flush_end,0,2686932
-5.858,trivial_move,3,2686931
-5.850,trivial_move,4,2686930
-5.846,flush_begin,0,0
-5.829,flush_end,0,2686930
-5.813,trivial_move,3,2686931
-5.805,trivial_move,4,2686932
-5.801,flush_begin,0,0
-5.786,flush_end,0,2686931
-5.769,trivial_move,3,2686930
-5.761,trivial_move,4,2686930
-5.756,flush_begin,0,0
-5.741,flush_end,0,2686931
-5.724,trivial_move,3,2686930
-5.716,trivial_move,4,2686932
-5.712,flush_begin,0,0
-5.697,flush_end,0,2686930
-5.680,trivial_move,3,2686931
-5.671,trivial_move,4,2686931
-5.668,flush_begin,0,0
-5.653,flush_end,0,2686932
-5.636,trivial_move,3,2686933
-5.628,trivial_move,4,2686930
-5.624,flush_begin,0,0
-5.609,flush_end,0,2686930
-5.592,trivial_move,3,2686931
-5.584,trivial_move,4,2686932
-5.580,flush_begin,0,0
-5.565,flush_end,0,2686932
-5.548,trivial_move,3,2686931
-5.540,trivial_move,4,2686930
-5.536,flush_begin,0,0
-5.520,flush_end,0,2686930
-5.503,trivial_move,3,2686930
-5.495,trivial_move,4,2686931
-5.490,flush_begin,0,0
-5.476,flush_end,0,2686932
-5.460,trivial_move,3,2686932
-5.452,trivial_move,4,2686931
-5.448,flush_begin,0,0
-5.434,flush_end,0,2686931
-5.417,trivial_move,3,2686930
-5.409,trivial_move,4,2686931
-5.406,flush_begin,0,0
-5.391,flush_end,0,2686931
-5.374,trivial_move,3,2686932
-5.366,trivial_move,4,2686931
-5.362,flush_begin,0,0
-5.347,flush_end,0,2686931
-5.330,trivial_move,3,2686930
-5.322,trivial_move,4,2686931
-5.318,flush_begin,0,0
-5.304,flush_end,0,2686930
-5.288,trivial_move,3,2686931
-5.280,trivial_move,4,2686930
-5.276,flush_begin,0,0
-5.262,flush_end,0,2686930
-5.245,trivial_move,3,2686931
-5.237,trivial_move,4,2686932
-5.234,flush_begin,0,0
-5.219,flush_end,0,2686931
-5.203,trivial_move,3,2686930
-5.195,trivial_move,4,2686930
-5.192,flush_begin,0,0
-5.178,flush_end,0,2686931
-5.161,trivial_move,3,2686932
-5.153,trivial_move,4,2686932
-5.150,flush_begin,0,0
-5.136,flush_end,0,2686931
-5.119,trivial_move,3,2686930
-5.111,trivial_move,4,2686930
-5.107,flush_begin,0,0
-5.093,flush_end,0,2686931
-5.077,trivial_move,3,2686931
-5.069,trivial_move,4,2686930
-5.066,flush_begin,0,0
-5.052,flush_end,0,2686930
-5.035,trivial_move,3,2686931
-5.026,trivial_move,4,2686932
-5.024,flush_begin,0,0
-5.010,flush_end,0,2686932
-4.994,trivial_move,3,2686931
-4.986,trivial_move,4,2686930
-4.983,flush_begin,0,0
-4.969,flush_end,0,2686930
-4.953,trivial_move,3,2686931
-4.945,trivial_move,4,2686932
-4.942,flush_begin,0,0
-4.927,flush_end,0,2686932
-4.910,trivial_move,3,2686931
-4.902,trivial_move,4,2686930
-4.898,flush_begin,0,0
-4.884,flush_end,0,2686930
-4.867,trivial_move,3,2686930
-4.859,trivial_move,4,2686931
-4.855,flush_begin,0,0
-4.841,flush_end,0,2686931
-4.824,trivial_move,3,2686932
-4.816,trivial_move,4,2686931
-4.813,flush_begin,0,0
-4.799,flush_end,0,2686931
-4.783,trivial_move,3,2686930
-4.775,trivial_move,4,2686932
-4.772,flush_begin,0,0
-4.759,flush_end,0,2686930
-4.743,trivial_move,3,2686933
-4.735,trivial_move,4,2686931
-4.732,flush_begin,0,0
-4.718,flush_end,0,2686932
-4.701,trivial_move,3,2686930
-4.693,trivial_move,4,2686931
-4.690,flush_begin,0,0
-4.675,flush_end,0,2686930
-4.659,trivial_move,3,2686930
-4.651,trivial_move,4,2686930
-4.647,flush_begin,0,0
-4.632,flush_end,0,2686931
-4.615,trivial_move,3,2686932
-4.607,trivial_move,4,2686932
-4.603,flush_begin,0,0
-4.589,flush_end,0,2686931
-4.572,trivial_move,3,2686930
-4.564,trivial_move,4,2686930
-4.560,flush_begin,0,0
-4.546,flush_end,0,2686932
-4.529,trivial_move,3,2686932
-4.521,trivial_move,4,2686931
-4.517,flush_begin,0,0
-4.503,flush_end,0,2686931
-4.486,trivial_move,3,2686930
-4.477,trivial_move,4,2686931
-4.473,flush_begin,0,0
-4.459,flush_end,0,2686931
-4.442,trivial_move,3,2686931
-4.434,trivial_move,4,2686930
-4.431,flush_begin,0,0
-4.416,flush_end,0,2686930
-4.399,trivial_move,3,2686931
-4.391,trivial_move,4,2686932
-4.387,flush_begin,0,0
-4.373,flush_end,0,2686932
-4.356,trivial_move,3,2686931
-4.348,trivial_move,4,2686930
-4.345,flush_begin,0,0
-4.329,flush_end,0,2686930
-4.312,trivial_move,3,2686931
-4.304,trivial_move,4,2686932
-4.301,flush_begin,0,0
-4.286,flush_end,0,2686932
-4.269,trivial_move,3,2686931
-4.261,trivial_move,4,2686930
-4.258,flush_begin,0,0
-4.243,flush_end,0,2686930
-4.226,trivial_move,3,2686930
-4.218,trivial_move,4,2686931
-4.215,flush_begin,0,0
-4.200,flush_end,0,2686930
-4.183,trivial_move,3,2686932
-4.175,trivial_move,4,2686931
-4.172,flush_begin,0,0
-4.157,flush_end,0,2686932
-4.140,trivial_move,3,2686930
-4.132,trivial_move,4,2686931
-4.129,flush_begin,0,0
-4.114,flush_end,0,2686930
-4.097,trivial_move,3,2686931
-4.089,trivial_move,4,2686931
-4.086,flush_begin,0,0
-4.071,flush_end,0,2686932
-4.054,trivial_move,3,2686931
-4.046,trivial_move,4,2686930
-4.042,flush_begin,0,0
-4.025,flush_end,0,2686930
-4.009,trivial_move,3,2686930
-4.001,trivial_move,4,2686930
-3.997,flush_begin,0,0
-3.983,flush_end,0,2686931
-3.966,trivial_move,3,2686932
-3.958,trivial_move,4,2686931
-3.954,flush_begin,0,0
-3.939,flush_end,0,2686931
-3.921,trivial_move,3,2686930
-3.913,trivial_move,4,2686931
-3.909,flush_begin,0,0
-3.894,flush_end,0,2686931
-3.877,trivial_move,3,2686932
-3.868,trivial_move,4,2686931
-3.864,flush_begin,0,0
-3.849,flush_end,0,2686931
-3.832,trivial_move,3,2686930
-3.824,trivial_move,4,2686932
-3.820,flush_begin,0,0
-3.805,flush_end,0,2686931
-3.788,trivial_move,3,2686932
-3.780,trivial_move,4,2686930
-3.776,flush_begin,0,0
-3.761,flush_end,0,2686930
-3.744,trivial_move,3,2686931
-3.736,trivial_move,4,2686932
-3.732,flush_begin,0,0
-3.715,flush_end,0,2686932
-3.699,trivial_move,3,2686931
-3.691,trivial_move,4,2686930
-3.687,flush_begin,0,0
-3.671,flush_end,0,2686930
-3.654,trivial_move,3,2686931
-3.646,trivial_move,4,2686932
-3.642,flush_begin,0,0
-3.626,flush_end,0,2686931
-3.610,trivial_move,3,2686930
-3.602,trivial_move,4,2686930
-3.598,flush_begin,0,0
-3.583,flush_end,0,2686932
-3.566,trivial_move,3,2686930
-3.558,trivial_move,4,2686931
-3.554,flush_begin,0,0
-3.540,flush_end,0,2686930
-3.524,trivial_move,3,2686931
-3.516,trivial_move,4,2686931
-3.512,flush_begin,0,0
-3.497,flush_end,0,2686932
-3.480,trivial_move,3,2686931
-3.472,trivial_move,4,2686930
-3.469,flush_begin,0,0
-3.454,flush_end,0,2686930
-3.437,trivial_move,3,2686931
-3.429,trivial_move,4,2686932
-3.426,flush_begin,0,0
-3.409,flush_end,0,2686932
-3.393,trivial_move,3,2686931
-3.385,trivial_move,4,2686930
-3.381,flush_begin,0,0
-3.367,flush_end,0,2686930
-3.350,trivial_move,3,2686930
-3.342,trivial_move,4,2686931
-3.338,flush_begin,0,0
-3.323,flush_end,0,2686931
-3.307,trivial_move,3,2686932
-3.299,trivial_move,4,2686931
-3.296,flush_begin,0,0
-3.282,flush_end,0,2686931
-3.265,trivial_move,3,2686930
-3.256,trivial_move,4,2686931
-3.252,flush_begin,0,0
-3.238,flush_end,0,2686931
-3.221,trivial_move,3,2686932
-3.213,trivial_move,4,2686931
-3.210,flush_begin,0,0
-3.196,flush_end,0,2686931
-3.179,trivial_move,3,2686930
-3.171,trivial_move,4,2686931
-3.167,flush_begin,0,0
-3.151,flush_end,0,2686930
-3.134,trivial_move,3,2686931
-3.126,trivial_move,4,2686930
-3.123,flush_begin,0,0
-3.107,flush_end,0,2686930
-3.090,trivial_move,3,2686931
-3.082,trivial_move,4,2686932
-3.078,flush_begin,0,0
-3.065,flush_end,0,2686931
-3.048,trivial_move,3,2686930
-3.040,trivial_move,4,2686930
-3.037,flush_begin,0,0
-3.022,flush_end,0,2686931
-3.005,trivial_move,3,2686932
-2.997,trivial_move,4,2686932
-2.994,flush_begin,0,0
-2.979,flush_end,0,2686931
-2.962,trivial_move,3,2686930
-2.954,trivial_move,4,2686930
-2.951,flush_begin,0,0
-2.936,flush_end,0,2686931
-2.920,trivial_move,3,2686931
-2.912,trivial_move,4,2686930
-2.908,flush_begin,0,0
-2.894,flush_end,0,2686930
-2.878,trivial_move,3,2686931
-2.870,trivial_move,4,2686933
-2.867,flush_begin,0,0
-2.852,flush_end,0,2686932
-2.835,trivial_move,3,2686932
-2.827,trivial_move,4,2686930
-2.823,flush_begin,0,0
-2.807,flush_end,0,2686930
-2.790,trivial_move,3,2686931
-2.782,trivial_move,4,2686932
-2.777,flush_begin,0,0
-2.762,flush_end,0,2686932
-2.745,trivial_move,3,2686931
-2.737,trivial_move,4,2686930
-2.734,flush_begin,0,0
-2.719,flush_end,0,2686930
-2.702,trivial_move,3,2686930
-2.694,trivial_move,4,2686931
-2.689,flush_begin,0,0
-2.674,flush_end,0,2686932
-2.658,trivial_move,3,2686932
-2.650,trivial_move,4,2686931
-2.647,flush_begin,0,0
-2.632,flush_end,0,2686931
-2.615,trivial_move,3,2686930
-2.607,trivial_move,4,2686931
-2.603,flush_begin,0,0
-2.588,flush_end,0,2686930
-2.572,trivial_move,3,2686932
-2.564,trivial_move,4,2686931
-2.561,flush_begin,0,0
-2.546,flush_end,0,2686932
-2.529,trivial_move,3,2686930
-2.521,trivial_move,4,2686931
-2.518,flush_begin,0,0
-2.503,flush_end,0,2686930
-2.486,trivial_move,3,2686930
-2.478,trivial_move,4,2686930
-2.475,flush_begin,0,0
-2.461,flush_end,0,2686931
-2.445,trivial_move,3,2686932
-2.437,trivial_move,4,2686932
-2.434,flush_begin,0,0
-2.419,flush_end,0,2686931
-2.403,trivial_move,3,2686930
-2.395,trivial_move,4,2686930
-2.392,flush_begin,0,0
-2.377,flush_end,0,2686931
-2.360,trivial_move,3,2686932
-2.352,trivial_move,4,2686931
-2.349,flush_begin,0,0
-2.334,flush_end,0,2686931
-2.318,trivial_move,3,2686930
-2.310,trivial_move,4,2686931
-2.306,flush_begin,0,0
-2.291,flush_end,0,2686931
-2.274,trivial_move,3,2686931
-2.266,trivial_move,4,2686930
-2.263,flush_begin,0,0
-2.247,flush_end,0,2686930
-2.230,trivial_move,3,2686931
-2.222,trivial_move,4,2686932
-2.219,flush_begin,0,0
-2.202,flush_end,0,2686932
-2.186,trivial_move,3,2686931
-2.178,trivial_move,4,2686930
-2.175,flush_begin,0,0
-2.160,flush_end,0,2686930
-2.144,trivial_move,3,2686931
-2.136,trivial_move,4,2686932
-2.133,flush_begin,0,0
-2.118,flush_end,0,2686932
-2.101,trivial_move,3,2686931
-2.093,trivial_move,4,2686930
-2.090,flush_begin,0,0
-2.075,flush_end,0,2686930
-2.058,trivial_move,3,2686930
-2.050,trivial_move,4,2686931
-2.047,flush_begin,0,0
-2.032,flush_end,0,2686930
-2.015,trivial_move,3,2686932
-2.007,trivial_move,4,2686931
-2.004,flush_begin,0,0
-1.989,flush_end,0,2686932
-1.972,trivial_move,3,2686930
-1.964,trivial_move,4,2686932
-1.961,flush_begin,0,0
-1.946,flush_end,0,2686930
-1.928,trivial_move,3,2686931
-1.920,trivial_move,4,2686931
-1.916,flush_begin,0,0
-1.901,flush_end,0,2686932
-1.884,trivial_move,3,2686932
-1.876,trivial_move,4,2686930
-1.873,flush_begin,0,0
-1.857,flush_end,0,2686930
-1.840,trivial_move,3,2686930
-1.832,trivial_move,4,2686930
-1.828,flush_begin,0,0
-1.813,flush_end,0,2686931
-1.795,trivial_move,3,2686932
-1.787,trivial_move,4,2686931
-1.783,flush_begin,0,0
-1.768,flush_end,0,2686931
-1.751,trivial_move,3,2686930
-1.743,trivial_move,4,2686931
-1.739,flush_begin,0,0
-1.724,flush_end,0,2686932
-1.707,trivial_move,3,2686932
-1.699,trivial_move,4,2686931
-1.696,flush_begin,0,0
-1.681,flush_end,0,2686931
-1.664,trivial_move,3,2686930
-1.656,trivial_move,4,2686931
-1.652,flush_begin,0,0
-1.636,flush_end,0,2686931
-1.619,trivial_move,3,2686931
-1.611,trivial_move,4,2686930
-1.607,flush_begin,0,0
-1.590,flush_end,0,2686930
-1.574,trivial_move,3,2686931
-1.566,trivial_move,4,2686932
-1.562,flush_begin,0,0
-1.546,flush_end,0,2686932
-1.529,trivial_move,3,2686931
-1.521,trivial_move,4,2686930
-1.517,flush_begin,0,0
-1.499,flush_end,0,2686930
-1.482,trivial_move,3,2686931
-1.474,trivial_move,4,2686932
-1.470,flush_begin,0,0
-1.455,flush_end,0,2686931
-1.438,trivial_move,3,2686930
-1.430,trivial_move,4,2686930
-1.426,flush_begin,0,0
-1.410,flush_end,0,2686931
-1.393,trivial_move,3,2686930
-1.385,trivial_move,4,2686931
-1.381,flush_begin,0,0
-1.367,flush_end,0,2686930
-1.350,trivial_move,3,2686931
-1.342,trivial_move,4,2686931
-1.338,flush_begin,0,0
-1.324,flush_end,0,2686932
-1.307,trivial_move,3,2686931
-1.299,trivial_move,4,2686930
-1.296,flush_begin,0,0
-1.279,flush_end,0,2686930
-1.262,trivial_move,3,2686931
-1.254,trivial_move,4,2686932
-1.251,flush_begin,0,0
-1.236,flush_end,0,2686932
-1.220,trivial_move,3,2686931
-1.208,trivial_move,4,2686930
-1.205,flush_begin,0,0
-1.190,flush_end,0,2686930
-1.174,trivial_move,3,2686930
-1.166,trivial_move,4,2686931
-1.161,flush_begin,0,0
-1.146,flush_end,0,2686931
-1.129,trivial_move,3,2686932
-1.121,trivial_move,4,2686931
-1.117,flush_begin,0,0
-1.102,flush_end,0,2686931
-1.085,trivial_move,3,2686930
-1.077,trivial_move,4,2686931
-1.073,flush_begin,0,0
-1.057,flush_end,0,2686931
-1.040,trivial_move,3,2686932
-1.032,trivial_move,4,2686931
-1.028,flush_begin,0,0
-1.012,flush_end,0,2686931
-0.995,trivial_move,3,2686930
-0.987,trivial_move,4,2686932
-0.984,flush_begin,0,0
-0.968,flush_end,0,2686930
-0.951,trivial_move,3,2686932
-0.943,trivial_move,4,2686930
-0.939,flush_begin,0,0
-0.924,flush_end,0,2686930
-0.907,trivial_move,3,2686931
-0.899,trivial_move,4,2686932
-0.897,flush_begin,0,0
-0.884,flush_end,0,2686931
-0.867,trivial_move,3,2686930
-0.858,trivial_move,4,2686930
-0.855,flush_begin,0,0
-0.841,flush_end,0,2686931
-0.824,trivial_move,3,2686932
-0.816,trivial_move,4,2686932
-0.813,flush_begin,0,0
-0.799,flush_end,0,2686931
-0.782,trivial_move,3,2686930
-0.774,trivial_move,4,2686930
-0.771,flush_begin,0,0
-0.758,flush_end,0,2686932
-0.741,trivial_move,3,2686931
-0.733,trivial_move,4,2686930
-0.730,flush_begin,0,0
-0.716,flush_end,0,2686930
-0.699,trivial_move,3,2686931
-0.691,trivial_move,4,2686932
-0.688,flush_begin,0,0
-0.675,flush_end,0,2686932
-0.659,trivial_move,3,2686931
-0.651,trivial_move,4,2686930
-0.648,flush_begin,0,0
-0.635,flush_end,0,2686930
-0.619,trivial_move,3,2686931
-0.611,trivial_move,4,2686932
-0.608,flush_begin,0,0
-0.594,flush_end,0,2686932
-0.577,trivial_move,3,2686931
-0.569,trivial_move,4,2686930
-0.566,flush_begin,0,0
-0.552,flush_end,0,2686930
-0.535,trivial_move,3,2686930
-0.527,trivial_move,4,2686931
-0.524,flush_begin,0,0
-0.510,flush_end,0,2686931
-0.493,trivial_move,3,2686932
-0.485,trivial_move,4,2686931
-0.481,flush_begin,0,0
-0.465,flush_end,0,2686931
-0.449,trivial_move,3,2686930
-0.441,trivial_move,4,2686931
-0.438,flush_begin,0,0
-0.424,flush_end,0,2686930
-0.407,trivial_move,3,2686932
-0.399,trivial_move,4,2686931
-0.396,flush_begin,0,0
-0.381,flush_end,0,2686932
-0.364,trivial_move,3,2686930
-0.356,trivial_move,4,2686931
-0.353,flush_begin,0,0
-0.338,flush_end,0,2686930
-0.321,trivial_move,3,2686930
-0.313,trivial_move,4,2686930
-0.310,flush_begin,0,0
-0.295,flush_end,0,2686931
-0.278,trivial_move,3,2686932
-0.270,trivial_move,4,2686932
-0.266,flush_begin,0,0
-0.251,flush_end,0,2686931
-0.235,trivial_move,3,2686930
-0.227,trivial_move,4,2686930
-0.224,flush_begin,0,0
-0.209,flush_end,0,2686931
-0.190,trivial_move,3,2686932
-0.182,trivial_move,4,2686931
-0.178,flush_begin,0,0
-0.163,flush_end,0,2686931
-0.146,trivial_move,3,2686930
-0.138,trivial_move,4,2686931
-0.134,flush_begin,0,0
-0.119,flush_end,0,2686931
-0.102,trivial_move,3,2686931
-0.094,trivial_move,4,2686930
-0.090,flush_begin,0,0
-0.075,flush_end,0,2686930
-0.058,trivial_move,3,2686931
-0.050,trivial_move,4,2686933
-0.047,flush_begin,0,0
-0.031,flush_end,0,2686932
-0.014,trivial_move,3,2686932
-0.006,trivial_move,4,2686930
-0.001,flush_begin,0,0
0.014,flush_end,0,2686930
0.031,trivial_move,3,2686931
0.040,trivial_move,4,2686932
0.044,flush_begin,0,0
0.059,flush_end,0,2686932
0.075,trivial_move,3,2686931
0.083,trivial_move,4,2686930
0.087,flush_begin,0,0
0.102,flush_end,0,2686930
0.118,trivial_move,3,2686930
0.126,trivial_move,4,2686931
0.130,flush_begin,0,0
0.147,flush_end,0,2686930
0.163,trivial_move,3,2686932
0.171,trivial_move,4,2686931
0.174,flush_begin,0,0
0.188,flush_end,0,2686933
0.205,trivial_move,3,2686930
0.213,trivial_move,4,2686931
0.216,flush_begin,0,0
0.229,flush_end,0,2686930
0.246,trivial_move,3,2686931
0.254,trivial_move,4,2686931
0.257,flush_begin,0,0
0.269,flush_end,0,2686932
0.286,trivial_move,3,2686931
0.294,trivial_move,4,2686930
0.297,flush_begin,0,0
0.311,flush_end,0,2686930
0.328,trivial_move,3,2686930
0.336,trivial_move,4,2686930
0.339,flush_begin,0,0
0.351,flush_end,0,2686931
0.368,trivial_move,3,2686932
0.376,trivial_move,4,2686931
0.378,flush_begin,0,0
0.391,flush_end,0,2686931
0.408,trivial_move,3,2686930
0.416,trivial_move,4,2686931
0.419,flush_begin,0,0
0.433,flush_end,0,2686931
0.450,trivial_move,3,2686932
0.458,trivial_move,4,2686931
0.461,flush_begin,0,0
0.474,flush_end,0,2686931
0.491,trivial_move,3,2686930
0.499,trivial_move,4,2686931
0.503,flush_begin,0,0
0.517,flush_end,0,2686931
0.535,trivial_move,3,2686931
0.543,trivial_move,4,2686930
0.547,flush_begin,0,0
0.561,flush_end,0,2686930
0.578,trivial_move,3,2686931
0.586,trivial_move,4,2686932
0.589,flush_begin,0,0
0.604,flush_end,0,2686932
0.621,trivial_move,3,2686931
0.629,trivial_move,4,2686930
0.633,flush_begin,0,0
0.647,flush_end,0,2686930
0.664,trivial_move,3,2686931
0.672,trivial_move,4,2686932
0.675,flush_begin,0,0
0.690,flush_end,0,2686931
0.707,trivial_move,3,2686930
0.715,trivial_move,4,2686930
0.719,flush_begin,0,0
0.735,flush_end,0,2686931
0.751,trivial_move,3,2686930
0.759,trivial_move,4,2686931
0.762,flush_begin,0,0
0.777,flush_end,0,2686930
0.794,trivial_move,3,2686931
0.802,trivial_move,4,2686931
0.806,flush_begin,0,0
0.821,flush_end,0,2686932
0.838,trivial_move,3,2686931
0.846,trivial_move,4,2686930
0.850,flush_begin,0,0
0.864,flush_end,0,2686930
0.881,trivial_move,3,2686931
0.889,trivial_move,4,2686933
0.893,flush_begin,0,0
0.908,flush_end,0,2686932
0.925,trivial_move,3,2686932
0.933,trivial_move,4,2686930
0.936,flush_begin,0,0
0.951,flush_end,0,2686930
0.968,trivial_move,3,2686930
0.976,trivial_move,4,2686931
0.980,flush_begin,0,0
0.995,flush_end,0,2686931
1.012,trivial_move,3,2686932
1.020,trivial_move,4,2686931
1.024,flush_begin,0,0
1.039,flush_end,0,2686931
1.056,trivial_move,3,2686930
1.064,trivial_move,4,2686931
1.067,flush_begin,0,0
1.082,flush_end,0,2686932
1.099,trivial_move,3,2686932
1.107,trivial_move,4,2686931
1.111,flush_begin,0,0
1.126,flush_end,0,2686931
1.143,trivial_move,3,2686930
1.151,trivial_move,4,2686931
1.154,flush_begin,0,0
1.169,flush_end,0,2686930
1.186,trivial_move,3,2686931
1.194,trivial_move,4,2686930
1.198,flush_begin,0,0
1.213,flush_end,0,2686930
1.230,trivial_move,3,2686931
1.238,trivial_move,4,2686932
1.242,flush_begin,0,0
1.258,flush_end,0,2686931
1.275,trivial_move,3,2686930
1.288,trivial_move,4,2686930
1.293,flush_begin,0,0
1.308,flush_end,0,2686931
1.325,trivial_move,3,2686932
1.333,trivial_move,4,2686932
1.336,flush_begin,0,0
1.352,flush_end,0,2686931
1.369,trivial_move,3,2686930
1.377,trivial_move,4,2686930
1.380,flush_begin,0,0
1.395,flush_end,0,2686931
1.412,trivial_move,3,2686931
1.420,trivial_move,4,2686930
1.424,flush_begin,0,0
1.438,flush_end,0,2686930
1.456,trivial_move,3,2686931
1.464,trivial_move,4,2686932
1.469,flush_begin,0,0
1.484,flush_end,0,2686932
1.500,trivial_move,3,2686931
1.508,trivial_move,4,2686930
1.513,flush_begin,0,0
1.529,flush_end,0,2686930
1.546,trivial_move,3,2686931
1.554,trivial_move,4,2686932
1.559,flush_begin,0,0
1.575,flush_end,0,2686932
1.592,trivial_move,3,2686931
1.600,trivial_move,4,2686930
1.605,flush_begin,0,0
1.621,flush_end,0,2686930
1.638,trivial_move,3,2686930
1.646,trivial_move,4,2686931
1.649,flush_begin,0,0
1.665,flush_end,0,2686931
1.682,trivial_move,3,2686932
1.690,trivial_move,4,2686931
1.694,flush_begin,0,0
1.710,flush_end,0,2686931
1.727,trivial_move,3,2686930
1.735,trivial_move,4,2686931
1.738,flush_begin,0,0
1.753,flush_end,0,2686930
1.770,trivial_move,3,2686932
1.778,trivial_move,4,2686931
1.782,flush_begin,0,0
1.797,flush_end,0,2686932
1.814,trivial_move,3,2686930
1.822,trivial_move,4,2686933
1.826,flush_begin,0,0
1.840,flush_end,0,2686930
1.857,trivial_move,3,2686930
1.866,trivial_move,4,2686930
1.870,flush_begin,0,0
1.884,flush_end,0,2686931
1.901,trivial_move,3,2686933
1.909,trivial_move,4,2686932
1.912,flush_begin,0,0
1.927,flush_end,0,2686931
1.944,trivial_move,3,2686930
1.952,trivial_move,4,2686930
1.955,flush_begin,0,0
1.972,flush_end,0,2686931
1.989,trivial_move,3,2686932
1.997,trivial_move,4,2686931
2.001,flush_begin,0,0
2.016,flush_end,0,2686931
2.033,trivial_move,3,2686930
2.041,trivial_move,4,2686931
2.045,flush_begin,0,0
2.060,flush_end,0,2686933
2.077,trivial_move,3,2686931
2.085,trivial_move,4,2686930
2.089,flush_begin,0,0
2.103,flush_end,0,2686930
2.120,trivial_move,3,2686931
2.129,trivial_move,4,2686932
2.133,flush_begin,0,0
2.148,flush_end,0,2686932
2.165,trivial_move,3,2686931
2.173,trivial_move,4,2686930
2.178,flush_begin,0,0
2.193,flush_end,0,2686930
2.209,trivial_move,3,2686931
2.217,trivial_move,4,2686932
2.222,flush_begin,0,0
2.237,flush_end,0,2686932
2.254,trivial_move,3,2686931
2.262,trivial_move,4,2686930
2.266,flush_begin,0,0
2.282,flush_end,0,2686930
2.299,trivial_move,3,2686930
2.307,trivial_move,4,2686931
2.311,flush_begin,0,0
2.325,flush_end,0,2686930
2.342,trivial_move,3,2686932
2.350,trivial_move,4,2686931
2.355,flush_begin,0,0
2.370,flush_end,0,2686932
2.387,trivial_move,3,2686930
2.395,trivial_move,4,2686931
2.399,flush_begin,0,0
2.413,flush_end,0,2686930
2.430,trivial_move,3,2686931
2.438,trivial_move,4,2686931
2.442,flush_begin,0,0
2.458,flush_end,0,2686932
2.476,trivial_move,3,2686931
2.485,trivial_move,4,2686930
2.489,flush_begin,0,0
2.505,flush_end,0,2686930
2.522,trivial_move,3,2686930
2.530,trivial_move,4,2686930
2.533,flush_begin,0,0
2.549,flush_end,0,2686931
2.567,trivial_move,3,2686932
2.575,trivial_move,4,2686931
2.577,flush_begin,0,0
2.590,flush_end,0,2686931
2.606,trivial_move,3,2686930
2.615,trivial_move,4,2686931
2.616,flush_begin,0,0
2.626,flush_end,0,2686931
2.644,trivial_move,3,2686932
2.652,trivial_move,4,2686931
2.653,flush_begin,0,0
2.664,flush_end,0,2686931
2.681,trivial_move,3,2686930
2.689,trivial_move,4,2686931
2.690,flush_begin,0,0
2.702,flush_end,0,2686931
2.718,trivial_move,3,2686931
2.726,trivial_move,4,2686930
2.728,flush_begin,0,0
2.740,flush_end,0,2686930
2.757,trivial_move,3,2686931
2.765,trivial_move,4,2686933
2.767,flush_begin,0,0
2.779,flush_end,0,2686932
2.796,trivial_move,3,2686932
2.804,trivial_move,4,2686930
2.806,flush_begin,0,0
2.819,flush_end,0,2686930
2.837,trivial_move,3,2686931
2.845,trivial_move,4,2686932
2.848,flush_begin,0,0
2.863,flush_end,0,2686931
2.880,trivial_move,3,2686930
2.888,trivial_move,4,2686930
2.891,flush_begin,0,0
2.904,flush_end,0,2686931
2.920,trivial_move,3,2686930
2.928,trivial_move,4,2686931
2.932,flush_begin,0,0
2.946,flush_end,0,2686930
2.964,trivial_move,3,2686931
2.972,trivial_move,4,2686931
2.975,flush_begin,0,0
2.989,flush_end,0,2686933
3.006,trivial_move,3,2686931
3.014,trivial_move,4,2686930
3.017,flush_begin,0,0
3.031,flush_end,0,2686930
3.048,trivial_move,3,2686931
3.056,trivial_move,4,2686932
3.060,flush_begin,0,0
3.075,flush_end,0,2686932
3.092,trivial_move,3,2686931
3.100,trivial_move,4,2686930
3.103,flush_begin,0,0
3.117,flush_end,0,2686930
3.134,trivial_move,3,2686930
3.142,trivial_move,4,2686931
3.146,flush_begin,0,0
3.162,flush_end,0,2686931
3.179,trivial_move,3,2686932
3.187,trivial_move,4,2686931
3.191,flush_begin,0,0
3.205,flush_end,0,2686931
3.222,trivial_move,3,2686930
3.230,trivial_move,4,2686931
3.233,flush_begin,0,0
3.248,flush_end,0,2686931
3.265,trivial_move,3,2686932
3.273,trivial_move,4,2686931
3.276,flush_begin,0,0
3.291,flush_end,0,2686931
3.308,trivial_move,3,2686930
3.316,trivial_move,4,2686931
3.320,flush_begin,0,0
3.335,flush_end,0,2686930
3.352,trivial_move,3,2686931
3.360,trivial_move,4,2686930
3.363,flush_begin,0,0
3.379,flush_end,0,2686930
3.396,trivial_move,3,2686931
3.404,trivial_move,4,2686932
3.407,flush_begin,0,0
3.423,flush_end,0,2686931
3.440,trivial_move,3,2686930
3.448,trivial_move,4,2686930
3.452,flush_begin,0,0
3.469,flush_end,0,2686931
3.485,trivial_move,3,2686932
3.493,trivial_move,4,2686932
3.496,flush_begin,0,0
3.511,flush_end,0,2686931
3.528,trivial_move,3,2686930
3.536,trivial_move,4,2686930
3.540,flush_begin,0,0
3.555,flush_end,0,2686931
3.573,trivial_move,3,2686931
3.581,trivial_move,4,2686930
3.584,flush_begin,0,0
3.599,flush_end,0,2686930
3.615,trivial_move,3,2686931
3.623,trivial_move,4,2686932
3.627,flush_begin,0,0
3.642,flush_end,0,2686932
3.659,trivial_move,3,2686931
3.667,trivial_move,4,2686930
3.670,flush_begin,0,0
3.684,flush_end,0,2686930
3.701,trivial_move,3,2686931
3.709,trivial_move,4,2686933
3.713,flush_begin,0,0
3.728,flush_end,0,2686932
3.745,trivial_move,3,2686933
3.753,trivial_move,4,2686930
3.757,flush_begin,0,0
3.772,flush_end,0,2686930
3.789,trivial_move,3,2686930
3.797,trivial_move,4,2686931
3.800,flush_begin,0,0
3.815,flush_end,0,2686931
3.832,trivial_move,3,2686932
3.840,trivial_move,4,2686931
3.843,flush_begin,0,0
3.858,flush_end,0,2686931
3.875,trivial_move,3,2686930
3.883,trivial_move,4,2686931
3.886,flush_begin,0,0
3.901,flush_end,0,2686930
3.918,trivial_move,3,2686932
3.926,trivial_move,4,2686931
3.929,flush_begin,0,0
3.943,flush_end,0,2686933
3.960,trivial_move,3,2686930
3.968,trivial_move,4,2686931
3.972,flush_begin,0,0
3.986,flush_end,0,2686930
4.003,trivial_move,3,2686930
4.011,trivial_move,4,2686930
4.015,flush_begin,0,0
4.029,flush_end,0,2686931
4.046,trivial_move,3,2686932
4.054,trivial_move,4,2686932
4.057,flush_begin,0,0
4.073,flush_end,0,2686931
4.090,trivial_move,3,2686930
4.098,trivial_move,4,2686930
4.101,flush_begin,0,0
4.116,flush_end,0,2686931
4.133,trivial_move,3,2686932
4.141,trivial_move,4,2686931
4.145,flush_begin,0,0
4.160,flush_end,0,2686931
4.177,trivial_move,3,2686930
4.185,trivial_move,4,2686931
4.189,flush_begin,0,0
4.204,flush_end,0,2686931
4.221,trivial_move,3,2686931
4.229,trivial_move,4,2686930
4.233,flush_begin,0,0
4.248,flush_end,0,2686930
4.265,trivial_move,3,2686931
4.273,trivial_move,4,2686932
4.277,flush_begin,0,0
4.292,flush_end,0,2686932
4.310,trivial_move,3,2686931
4.318,trivial_move,4,2686930
4.323,flush_begin,0,0
4.337,flush_end,0,2686930
4.354,trivial_move,3,2686931
4.362,trivial_move,4,2686932
4.365,flush_begin,0,0
4.382,flush_end,0,2686932
4.399,trivial_move,3,2686931
4.408,trivial_move,4,2686930
4.412,flush_begin,0,0
4.428,flush_end,0,2686930
4.445,trivial_move,3,2686930
4.453,trivial_move,4,2686931
4.457,flush_begin,0,0
4.472,flush_end,0,2686930
4.490,trivial_move,3,2686932
4.498,trivial_move,4,2686931
4.502,flush_begin,0,0
4.517,flush_end,0,2686932
4.534,trivial_move,3,2686930
4.542,trivial_move,4,2686931
4.545,flush_begin,0,0
4.560,flush_end,0,2686930
4.578,trivial_move,3,2686931
4.586,trivial_move,4,2686931
4.590,flush_begin,0,0
4.604,flush_end,0,2686932
4.622,trivial_move,3,2686931
4.630,trivial_move,4,2686930
4.634,flush_begin,0,0
4.649,flush_end,0,2686930
4.668,trivial_move,3,2686930
4.676,trivial_move,4,2686930
4.680,flush_begin,0,0
4.696,flush_end,0,2686931
4.713,trivial_move,3,2686933
4.721,trivial_move,4,2686931
4.724,flush_begin,0,0
4.737,flush_end,0,2686931
4.753,trivial_move,3,2686930
4.766,trivial_move,4,2686931
4.769,flush_begin,0,0
4.782,flush_end,0,2686931
4.799,trivial_move,3,2686932
4.807,trivial_move,4,2686931
4.810,flush_begin,0,0
4.824,flush_end,0,2686931
4.841,trivial_move,3,2686930
4.849,trivial_move,4,2686931
4.852,flush_begin,0,0
4.867,flush_end,0,2686932
4.885,trivial_move,3,2686931
4.893,trivial_move,4,2686930
4.896,flush_begin,0,0
4.911,flush_end,0,2686930
4.928,trivial_move,3,2686931
4.936,trivial_move,4,2686932
4.940,flush_begin,0,0
4.954,flush_end,0,2686932
4.971,trivial_move,3,2686931
4.979,trivial_move,4,2686930
4.983,flush_begin,0,0
4.998,flush_end,0,2686930
5.015,trivial_move,3,2686931
5.023,trivial_move,4,2686932
5.026,flush_begin,0,0
5.042,flush_end,0,2686931
5.059,trivial_move,3,2686930
5.067,trivial_move,4,2686930
5.071,flush_begin,0,0
5.086,flush_end,0,2686931
5.104,trivial_move,3,2686930
5.112,trivial_move,4,2686931
5.115,flush_begin,0,0
5.131,flush_end,0,2686930
5.149,trivial_move,3,2686931
5.157,trivial_move,4,2686931
5.162,flush_begin,0,0
5.177,flush_end,0,2686932
5.194,trivial_move,3,2686931
5.202,trivial_move,4,2686930
5.206,flush_begin,0,0
5.221,flush_end,0,2686930
5.238,trivial_move,3,2686931
5.246,trivial_move,4,2686932
5.249,flush_begin,0,0
5.263,flush_end,0,2686932
5.281,trivial_move,3,2686931
5.289,trivial_move,4,2686930
5.292,flush_begin,0,0
5.307,flush_end,0,2686930
5.324,trivial_move,3,2686930
5.332,trivial_move,4,2686931
5.335,flush_begin,0,0
5.349,flush_end,0,2686931
5.366,trivial_move,3,2686932
5.374,trivial_move,4,2686931
5.377,flush_begin,0,0
5.391,flush_end,0,2686931
5.409,trivial_move,3,2686930
5.417,trivial_move,4,2686931
5.420,flush_begin,0,0
5.434,flush_end,0,2686931
5.451,trivial_move,3,2686932
5.459,trivial_move,4,2686931
5.462,flush_begin,0,0
5.476,flush_end,0,2686931
5.493,trivial_move,3,2686930
5.502,trivial_move,4,2686931
5.505,flush_begin,0,0
5.519,flush_end,0,2686930
5.537,trivial_move,3,2686931
5.545,trivial_move,4,2686930
5.549,flush_begin,0,0
5.564,flush_end,0,2686930
5.582,trivial_move,3,2686931
5.591,trivial_move,4,2686933
5.595,flush_begin,0,0
5.611,flush_end,0,2686931
5.629,trivial_move,3,2686930
5.637,trivial_move,4,2686930
5.642,flush_begin,0,0
5.657,flush_end,0,2686931
5.674,trivial_move,3,2686933
5.682,trivial_move,4,2686932
5.686,flush_begin,0,0
5.701,flush_end,0,2686931
5.719,trivial_move,3,2686930
5.728,trivial_move,4,2686930
5.732,flush_begin,0,0
5.746,flush_end,0,2686931
5.763,trivial_move,3,2686931
5.771,trivial_move,4,2686930
5.775,flush_begin,0,0
5.789,flush_end,0,2686930
5.806,trivial_move,3,2686931
5.814,trivial_move,4,2686932
5.817,flush_begin,0,0
5.832,flush_end,0,2686933
5.850,trivial_move,3,2686931
5.859,trivial_move,4,2686930
5.862,flush_begin,0,0
5.877,flush_end,0,2686930
5.894,trivial_move,3,2686931
5.902,trivial_move,4,2686932
5.907,flush_begin,0,0
5.922,flush_end,0,2686932
5.938,trivial_move,3,2686931
5.946,trivial_move,4,2686930
5.952,flush_begin,0,0
5.965,flush_end,0,2686930
5.980,trivial_move,3,2686930
5.988,trivial_move,4,2686931
5.993,flush_begin,0,0
6.006,flush_end,0,2686931
6.022,trivial_move,3,2686932
6.030,trivial_move,4,2686931
6.035,flush_begin,0,0
6.048,flush_end,0,2686931
6.065,trivial_move,3,2686930
6.073,trivial_move,4,2686931
6.077,flush_begin,0,0
6.091,flush_end,0,2686930
6.109,trivial_move,3,2686932
6.117,trivial_move,4,2686931
6.120,flush_begin,0,0
6.135,flush_end,0,2686932
6.152,trivial_move,3,2686930
6.160,trivial_move,4,2686931
6.164,flush_begin,0,0
6.178,flush_end,0,2686930
6.195,trivial_move,3,2686930
6.203,trivial_move,4,2686930
6.206,flush_begin,0,0
6.222,flush_end,0,2686931
6.239,trivial_move,3,2686932
6.247,trivial_move,4,2686932
6.250,flush_begin,0,0
6.265,flush_end,0,2686931
6.282,trivial_move,3,2686930
6.290,trivial_move,4,2686930
6.293,flush_begin,0,0
6.308,flush_end,0,2686931
6.326,trivial_move,3,2686932
6.334,trivial_move,4,2686931
6.337,flush_begin,0,0
6.353,flush_end,0,2686931
6.370,trivial_move,3,2686930
6.378,trivial_move,4,2686931
6.381,flush_begin,0,0
6.396,flush_end,0,2686931
6.413,trivial_move,3,2686931
6.422,trivial_move,4,2686930
6.427,flush_begin,0,0
6.442,flush_end,0,2686930
6.459,trivial_move,3,2686931
6.467,trivial_move,4,2686932
6.471,flush_begin,0,0
6.486,flush_end,0,2686932
6.504,trivial_move,3,2686931
6.512,trivial_move,4,2686930
6.516,flush_begin,0,0
6.532,flush_end,0,2686930
6.548,trivial_move,3,2686931
6.557,trivial_move,4,2686933
6.561,flush_begin,0,0
6.577,flush_end,0,2686932
6.594,trivial_move,3,2686932
6.602,trivial_move,4,2686930
6.607,flush_begin,0,0
6.623,flush_end,0,2686930
6.640,trivial_move,3,2686930
6.648,trivial_move,4,2686931
6.652,flush_begin,0,0
6.667,flush_end,0,2686930
6.684,trivial_move,3,2686932
6.692,trivial_move,4,2686931
6.695,flush_begin,0,0
6.711,flush_end,0,2686932
6.728,trivial_move,3,2686930
6.736,trivial_move,4,2686931
6.740,flush_begin,0,0
6.755,flush_end,0,2686930
6.772,trivial_move,3,2686931
6.780,trivial_move,4,2686931
6.783,flush_begin,0,0
6.798,flush_end,0,2686933
6.815,trivial_move,3,2686931
6.823,trivial_move,4,2686930
6.826,flush_begin,0,0
6.841,flush_end,0,2686930
6.858,trivial_move,3,2686930
6.866,trivial_move,4,2686930
6.869,flush_begin,0,0
6.884,flush_end,0,2686931
6.901,trivial_move,3,2686932
6.909,trivial_move,4,2686931
6.913,flush_begin,0,0
6.928,flush_end,0,2686931
6.945,trivial_move,3,2686930
6.956,trivial_move,4,2686931
6.960,flush_begin,0,0
6.975,flush_end,0,2686931
6.993,trivial_move,3,2686932
7.001,trivial_move,4,2686931
7.004,flush_begin,0,0
7.020,flush_end,0,2686931
7.037,trivial_move,3,2686930
7.045,trivial_move,4,2686931
7.049,flush_begin,0,0
7.064,flush_end,0,2686931
7.081,trivial_move,3,2686931
7.089,trivial_move,4,2686930
7.092,flush_begin,0,0
7.107,flush_end,0,2686930
7.124,trivial_move,3,2686931
7.133,trivial_move,4,2686932
7.136,flush_begin,0,0
7.151,flush_end,0,2686932
7.167,trivial_move,3,2686931
7.175,trivial_move,4,2686930
7.178,flush_begin,0,0
7.193,flush_end,0,2686930
7.210,trivial_move,3,2686931
7.218,trivial_move,4,2686932
7.221,flush_begin,0,0
7.236,flush_end,0,2686931
7.253,trivial_move,3,2686930
7.261,trivial_move,4,2686930
7.264,flush_begin,0,0
7.280,flush_end,0,2686931
7.297,trivial_move,3,2686930
7.305,trivial_move,4,2686931
7.308,flush_begin,0,0
7.323,flush_end,0,2686930
7.340,trivial_move,3,2686931
7.348,trivial_move,4,2686931
7.351,flush_begin,0,0
7.366,flush_end,0,2686932
7.383,trivial_move,3,2686931
7.391,trivial_move,4,2686930
7.395,flush_begin,0,0
7.409,flush_end,0,2686930
7.426,trivial_move,3,2686931
7.435,trivial_move,4,2686932
7.438,flush_begin,0,0
7.453,flush_end,0,2686932
7.470,trivial_move,3,2686931
7.478,trivial_move,4,2686930
7.482,flush_begin,0,0
7.497,flush_end,0,2686930
7.514,trivial_move,3,2686930
7.522,trivial_move,4,2686932
7.525,flush_begin,0,0
7.541,flush_end,0,2686931
7.558,trivial_move,3,2686933
7.566,trivial_move,4,2686931
7.569,flush_begin,0,0
7.584,flush_end,0,2686931
7.601,trivial_move,3,2686930
7.609,trivial_move,4,2686931
7.612,flush_begin,0,0
7.627,flush_end,0,2686931
7.644,trivial_move,3,2686932
7.652,trivial_move,4,2686931
7.656,flush_begin,0,0
7.670,flush_end,0,2686931
7.687,trivial_move,3,2686930
7.695,trivial_move,4,2686931
7.699,flush_begin,0,0
7.714,flush_end,0,2686930
7.731,trivial_move,3,2686931
7.739,trivial_move,4,2686930
7.742,flush_begin,0,0
7.757,flush_end,0,2686930
7.775,trivial_move,3,2686931
7.783,trivial_move,4,2686932
7.786,flush_begin,0,0
7.800,flush_end,0,2686931
7.817,trivial_move,3,2686930
7.825,trivial_move,4,2686930
7.829,flush_begin,0,0
7.846,flush_end,0,2686931
7.862,trivial_move,3,2686932
7.870,trivial_move,4,2686932
7.873,flush_begin,0,0
7.888,flush_end,0,2686931
7.905,trivial_move,3,2686930
7.913,trivial_move,4,2686930
7.918,flush_begin,0,0
7.934,flush_end,0,2686931
7.951,trivial_move,3,2686931
7.959,trivial_move,4,2686930
7.963,flush_begin,0,0
7.979,flush_end,0,2686930
7.996,trivial_move,3,2686931
8.004,trivial_move,4,2686932
8.009,flush_begin,0,0
8.025,flush_end,0,2686932
8.043,trivial_move,3,2686931
8.051,trivial_move,4,2686930
8.055,flush_begin,0,0
8.071,flush_end,0,2686930
8.088,trivial_move,3,2686931
8.096,trivial_move,4,2686932
8.099,flush_begin,0,0
8.111,flush_end,0,2686932
8.129,trivial_move,3,2686931
8.137,trivial_move,4,2686930
8.139,flush_begin,0,0
8.154,flush_end,0,2686930
8.171,trivial_move,3,2686930
8.179,trivial_move,4,2686931
8.182,flush_begin,0,0
8.198,flush_end,0,2686931
8.215,trivial_move,3,2686932
8.223,trivial_move,4,2686931
8.226,flush_begin,0,0
8.240,flush_end,0,2686931
8.259,trivial_move,3,2686930
8.267,trivial_move,4,2686931
8.270,flush_begin,0,0
8.285,flush_end,0,2686930
8.303,trivial_move,3,2686932
8.311,trivial_move,4,2686931
8.315,flush_begin,0,0
8.330,flush_end,0,2686932
8.347,trivial_move,3,2686930
8.355,trivial_move,4,2686931
8.359,flush_begin,0,0
8.374,flush_end,0,2686930
8.391,trivial_move,3,2686930
8.399,trivial_move,4,2686930
8.402,flush_begin,0,0
8.417,flush_end,0,2686931
8.434,trivial_move,3,2686932
8.442,trivial_move,4,2686933
8.446,flush_begin,0,0
8.462,flush_end,0,2686931
8.479,trivial_move,3,2686930
8.487,trivial_move,4,2686930
8.492,flush_begin,0,0
8.510,flush_end,0,2686931
8.527,trivial_move,3,2686933
8.535,trivial_move,4,2686931
8.540,flush_begin,0,0
8.557,flush_end,0,2686931
8.575,trivial_move,3,2686930
8.583,trivial_move,4,2686931
8.587,flush_begin,0,0
8.603,flush_end,0,2686931
8.621,trivial_move,3,2686931
8.630,trivial_move,4,2686930
8.634,flush_begin,0,0
8.649,flush_end,0,2686930
8.666,trivial_move,3,2686931
8.675,trivial_move,4,2686932
8.678,flush_begin,0,0
8.694,flush_end,0,2686933
8.712,trivial_move,3,2686931
8.720,trivial_move,4,2686930
8.724,flush_begin,0,0
8.739,flush_end,0,2686930
8.756,trivial_move,3,2686931
8.764,trivial_move,4,2686932
8.768,flush_begin,0,0
8.784,flush_end,0,2686932
8.801,trivial_move,3,2686931
8.809,trivial_move,4,2686930
8.812,flush_begin,0,0
8.827,flush_end,0,2686930
8.844,trivial_move,3,2686930
8.852,trivial_move,4,2686931
8.857,flush_begin,0,0
8.874,flush_end,0,2686930
8.891,trivial_move,3,2686932
8.899,trivial_move,4,2686931
8.902,flush_begin,0,0
8.916,flush_end,0,2686932
8.932,trivial_move,3,2686930
8.941,trivial_move,4,2686931
8.948,flush_begin,0,0
8.964,flush_end,0,2686930
8.981,trivial_move,3,2686931
8.989,trivial_move,4,2686931
8.993,flush_begin,0,0
9.007,flush_end,0,2686932
9.024,trivial_move,3,2686931
9.032,trivial_move,4,2686930
9.036,flush_begin,0,0
9.051,flush_end,0,2686930
9.067,trivial_move,3,2686930
9.075,trivial_move,4,2686930
9.079,flush_begin,0,0
9.094,flush_end,0,2686931
9.111,trivial_move,3,2686932
9.119,trivial_move,4,2686931
9.122,flush_begin,0,0
9.138,flush_end,0,2686931
9.155,trivial_move,3,2686930
9.163,trivial_move,4,2686931
9.166,flush_begin,0,0
9.181,flush_end,0,2686931
9.199,trivial_move,3,2686932
9.207,trivial_move,4,2686931
9.210,flush_begin,0,0
9.225,flush_end,0,2686931
9.242,trivial_move,3,2686930
9.250,trivial_move,4,2686931
9.254,flush_begin,0,0
9.269,flush_end,0,2686931
9.286,trivial_move,3,2686931
9.294,trivial_move,4,2686930
9.297,flush_begin,0,0
9.313,flush_end,0,2686930
9.330,trivial_move,3,2686931
9.338,trivial_move,4,2686932
9.341,flush_begin,0,0
9.356,flush_end,0,2686932
9.373,trivial_move,3,2686931
9.381,trivial_move,4,2686930
9.384,flush_begin,0,0
9.401,flush_end,0,2686930
9.418,trivial_move,3,2686931
9.426,trivial_move,4,2686933
9.430,flush_begin,0,0
9.445,flush_end,0,2686931
9.462,trivial_move,3,2686930
9.470,trivial_move,4,2686930
9.474,flush_begin,0,0
9.489,flush_end,0,2686931
9.507,trivial_move,3,2686930
9.515,trivial_move,4,2686931
9.518,flush_begin,0,0
9.533,flush_end,0,2686930
9.550,trivial_move,3,2686931
9.558,trivial_move,4,2686931
9.562,flush_begin,0,0
9.577,flush_end,0,2686932
9.594,trivial_move,3,2686931
9.602,trivial_move,4,2686930
9.605,flush_begin,0,0
9.621,flush_end,0,2686930
9.637,trivial_move,3,2686931
9.645,trivial_move,4,2686932
9.649,flush_begin,0,0
9.664,flush_end,0,2686933
9.681,trivial_move,3,2686931
9.689,trivial_move,4,2686930
9.693,flush_begin,0,0
9.709,flush_end,0,2686930
9.726,trivial_move,3,2686930
9.734,trivial_move,4,2686931
9.738,flush_begin,0,0
9.752,flush_end,0,2686931
9.769,trivial_move,3,2686932
9.777,trivial_move,4,2686931
9.780,flush_begin,0,0
9.794,flush_end,0,2686931
9.812,trivial_move,3,2686930
9.820,trivial_move,4,2686931
9.824,flush_begin,0,0
9.838,flush_end,0,2686931
9.855,trivial_move,3,2686932
9.863,trivial_move,4,2686931
9.866,flush_begin,0,0
9.881,flush_end,0,2686931
9.898,trivial_move,3,2686930
9.906,trivial_move,4,2686931
9.909,flush_begin,0,0
9.924,flush_end,0,2686930
9.941,trivial_move,3,2686931
9.949,trivial_move,4,2686930
9.953,flush_begin,0,0
9.969,flush_end,0,2686930
9.986,trivial_move,3,2686931
9.994,trivial_move,4,2686932
9.997,flush_begin,0,0
10.013,flush_end,0,2686931
10.030,trivial_move,3,2686930
10.038,trivial_move,4,2686930
10.042,flush_begin,0,0
10.056,flush_end,0,2686931
10.073,trivial_move,3,2686932
10.081,trivial_move,4,2686932
10.085,flush_begin,0,0
10.099,flush_end,0,2686931
10.116,trivial_move,3,2686930
10.124,trivial_move,4,2686930
10.127,flush_begin,0,0
10.140,flush_end,0,2686931
10.157,trivial_move,3,2686931
10.165,trivial_move,4,2686930
10.168,flush_begin,0,0
10.182,flush_end,0,2686930
10.199,trivial_move,3,2686931
10.207,trivial_move,4,2686932
10.211,flush_begin,0,0
10.224,flush_end,0,2686932
10.241,trivial_move,3,2686931
10.249,trivial_move,4,2686930
10.252,flush_begin,0,0
10.265,flush_end,0,2686930
10.282,trivial_move,3,2686931
10.290,trivial_move,4,2686932
10.293,flush_begin,0,0
10.308,flush_end,0,2686932
10.325,trivial_move,3,2686931
10.333,trivial_move,4,2686930
10.336,flush_begin,0,0
10.349,flush_end,0,2686930
10.367,trivial_move,3,2686930
10.375,trivial_move,4,2686932
10.378,flush_begin,0,0
10.391,flush_end,0,2686931
10.408,trivial_move,3,2686933
10.416,trivial_move,4,2686931
10.417,flush_begin,0,0
10.428,flush_end,0,2686931
10.445,trivial_move,3,2686930
10.455,trivial_move,4,2686931
10.455,flush_begin,0,0
10.465,flush_end,0,2686930
10.482,trivial_move,3,2686932
10.490,trivial_move,4,2686931
10.491,flush_begin,0,0
10.501,flush_end,0,2686932
10.517,trivial_move,3,2686930
10.525,trivial_move,4,2686931
10.526,flush_begin,0,0
10.537,flush_end,0,2686930
10.554,trivial_move,3,2686930
10.562,trivial_move,4,2686930
10.563,flush_begin,0,0
10.577,flush_end,0,2686932
10.594,trivial_move,3,2686932
10.602,trivial_move,4,2686932
10.604,flush_begin,0,0
10.615,flush_end,0,2686931
10.632,trivial_move,3,2686930
10.640,trivial_move,4,2686930
10.643,flush_begin,0,0
10.655,flush_end,0,2686931
10.673,trivial_move,3,2686932
10.681,trivial_move,4,2686931
10.684,flush_begin,0,0
10.697,flush_end,0,2686931
10.714,trivial_move,3,2686930
10.722,trivial_move,4,2686931
10.725,flush_begin,0,0
10.738,flush_end,0,2686931
10.754,trivial_move,3,2686931
10.762,trivial_move,4,2686930
10.765,flush_begin,0,0
10.779,flush_end,0,2686930
10.796,trivial_move,3,2686931
10.804,trivial_move,4,2686932
10.807,flush_begin,0,0
10.821,flush_end,0,2686932
10.838,trivial_move,3,2686931
10.846,trivial_move,4,2686930
10.850,flush_begin,0,0
10.864,flush_end,0,2686930
10.881,trivial_move,3,2686931
10.889,trivial_move,4,2686932
10.893,flush_begin,0,0
10.908,flush_end,0,2686932
10.925,trivial_move,3,2686931
10.933,trivial_move,4,2686930
10.937,flush_begin,0,0
10.952,flush_end,0,2686930
10.969,trivial_move,3,2686930
10.977,trivial_move,4,2686931
10.980,flush_begin,0,0
10.995,flush_end,0,2686930
11.012,trivial_move,3,2686932
11.020,trivial_move,4,2686931
11.024,flush_begin,0,0
11.038,flush_end,0,2686932
11.055,trivial_move,3,2686930
11.063,trivial_move,4,2686931
11.066,flush_begin,0,0
11.082,flush_end,0,2686930
11.099,trivial_move,3,2686931
11.107,trivial_move,4,2686931
11.110,flush_begin,0,0
11.125,flush_end,0,2686932
11.142,trivial_move,3,2686931
11.150,trivial_move,4,2686930
11.153,flush_begin,0,0
11.168,flush_end,0,2686930
11.185,trivial_move,3,2686930
11.193,trivial_move,4,2686930
11.197,flush_begin,0,0
11.211,flush_end,0,2686931
11.228,trivial_move,3,2686932
11.236,trivial_move,4,2686931
11.239,flush_begin,0,0
11.254,flush_end,0,2686931
11.271,trivial_move,3,2686930
11.280,trivial_move,4,2686933
11.284,flush_begin,0,0
11.298,flush_end,0,2686931
11.315,trivial_move,3,2686933
11.323,trivial_move,4,2686931
11.327,flush_begin,0,0
11.342,flush_end,0,2686931
11.359,trivial_move,3,2686930
11.367,trivial_move,4,2686931
11.371,flush_begin,0,0
11.386,flush_end,0,2686931
11.402,trivial_move,3,2686931
11.410,trivial_move,4,2686930
11.414,flush_begin,0,0
11.428,flush_end,0,2686930
11.445,trivial_move,3,2686931
11.453,trivial_move,4,2686932
11.456,flush_begin,0,0
11.470,flush_end,0,2570063
11.488,trivial_move,3,2686931
11.496,trivial_move,4,2686930
11.496,compaction_begin,2,0
11.537,compaction_end,2,5374078
11.555,trivial_move,4,2686932
11.555,compaction_begin,2,0
11.586,compaction_end,2,5374077
11.604,trivial_move,4,2686930
11.604,compaction_begin,2,0
11.635,compaction_end,2,5374079
11.652,trivial_move,4,2686931
11.652,compaction_begin,2,0
11.682,compaction_end,2,5374079
11.699,trivial_move,4,2686931
11.699,compaction_begin,2,0
11.727,compaction_end,2,5374079
11.744,trivial_move,4,2686930
11.744,compaction_begin,2,0
11.772,compaction_end,2,5374079
11.789,trivial_move,4,2686932
11.789,compaction_begin,2,0
11.816,compaction_end,2,5374078
11.833,trivial_move,4,2686930
11.833,compaction_begin,2,0
11.861,compaction_end,2,5374079
11.878,trivial_move,4,2686931
11.878,compaction_begin,2,0
11.905,compaction_end,2,5374080
11.922,trivial_move,4,2686931
11.922,compaction_begin,2,0
11.949,compaction_end,2,5374079
11.966,trivial_move,4,2686931
11.966,compaction_begin,2,0
11.992,compaction_end,2,5374079
12.009,trivial_move,4,2686931
12.009,compaction_begin,2,0
12.039,compaction_end,2,5374078
12.056,trivial_move,4,2686931
12.056,compaction_begin,2,0
12.084,compaction_end,2,5374079
12.102,trivial_move,4,2686930
12.102,compaction_begin,2,0
12.129,compaction_end,2,5374078
12.146,trivial_move,4,2686932
12.146,compaction_begin,2,0
12.173,compaction_end,2,5374079
12.190,trivial_move,4,2686930
12.190,compaction_begin,2,0
12.217,compaction_end,2,5374079
12.234,trivial_move,4,2686933
12.234,compaction_begin,2,0
12.260,compaction_end,2,5374078
12.277,trivial_move,4,2686930
12.277,compaction_begin,2,0
12.304,compaction_end,2,5374079
12.321,trivial_move,4,2686930
12.321,compaction_begin,2,0
12.348,compaction_end,2,5374079
12.365,trivial_move,4,2686932
12.365,compaction_begin,2,0
12.379,compaction_end,2,2570063
12.396,trivial_move,4,2686930
12.404,trivial_move,4,2686932
12.404,compaction_begin,3,0
12.497,compaction_end,3,5374079
12.513,trivial_move,4,2686931
12.513,compaction_begin,3,0
12.537,compaction_end,3,5374079
12.554,trivial_move,4,2686931
12.554,compaction_begin,3,0
12.578,compaction_end,3,5374077
12.595,trivial_move,4,2686930
12.595,compaction_begin,3,0
12.620,compaction_end,3,5374079
12.637,trivial_move,4,2686930
12.637,compaction_begin,3,0
12.661,compaction_end,3,5374079
12.678,trivial_move,4,2686932
12.678,compaction_begin,3,0
12.702,compaction_end,3,5374080
12.719,trivial_move,4,2686931
12.719,compaction_begin,3,0
12.744,compaction_end,3,5374079
12.753,compaction_begin,3,0
12.778,compaction_end,3,5374079
12.787,compaction_begin,3,0
12.811,compaction_end,3,5374079
12.821,compaction_begin,3,0
12.846,compaction_end,3,5374079
12.856,compaction_begin,3,0
12.882,compaction_end,3,5374078
12.891,compaction_begin,3,0
12.916,compaction_end,3,5374079
12.925,compaction_begin,3,0
12.951,compaction_end,3,5374079
12.960,compaction_begin,3,0
12.985,compaction_end,3,5374078
12.994,compaction_begin,3,0
13.018,compaction_end,3,5374079
13.027,compaction_begin,3,0
13.109,compaction_end,3,5374078
13.118,compaction_begin,3,0
13.142,compaction_end,3,5374080
13.151,compaction_begin,3,0
13.175,compaction_end,3,5374079
13.184,compaction_begin,3,0
13.207,compaction_end,3,5374079
13.216,compaction_begin,3,0
13.238,compaction_end,3,5374079
13.247,compaction_begin,3,0
13.270,compaction_end,3,5374078
13.279,compaction_begin,3,0
13.302,compaction_end,3,5374079
13.311,compaction_begin,3,0
13.334,compaction_end,3,5374079
13.343,compaction_begin,3,0
13.366,compaction_end,3,5374079
13.376,compaction_begin,3,0
13.398,compaction_end,3,5374079
13.407,compaction_begin,3,0
13.430,compaction_end,3,5374077
13.439,compaction_begin,3,0
13.462,compaction_end,3,5374078
13.471,compaction_begin,3,0
13.495,compaction_end,3,5374080
13.504,compaction_begin,3,0
13.526,compaction_end,3,5374079
13.535,compaction_begin,3,0
13.558,compaction_end,3,5374079
13.567,compaction_begin,3,0
13.589,compaction_end,3,5374078
13.598,compaction_begin,3,0
13.621,compaction_end,3,5374079
13.630,compaction_begin,3,0
13.652,compaction_end,3,5374079
13.661,compaction_begin,3,0
13.684,compaction_end,3,5374079
13.694,compaction_begin,3,0
13.718,compaction_end,3,5374079
13.727,compaction_begin,3,0
13.751,compaction_end,3,5374078
13.760,compaction_begin,3,0
13.784,compaction_end,3,5374079
13.793,compaction_begin,3,0
13.815,compaction_end,3,5374080
13.824,compaction_begin,3,0
13.847,compaction_end,3,5374078
13.857,compaction_begin,3,0
13.880,compaction_end,3,5374079
13.890,compaction_begin,3,0
13.913,compaction_end,3,5374078
13.922,compaction_begin,3,0
13.946,compaction_end,3,5374079
13.955,compaction_begin,3,0
13.978,compaction_end,3,5374079
13.987,compaction_begin,3,0
14.012,compaction_end,3,5374079
14.021,compaction_begin,3,0
14.093,compaction_end,3,5374079
14.102,compaction_begin,3,0
14.125,compaction_end,3,5374078
14.134,compaction_begin,3,0
14.157,compaction_end,3,5374079
14.166,compaction_begin,3,0
14.189,compaction_end,3,5374079
14.198,compaction_begin,3,0
14.221,compaction_end,3,5374080
14.230,compaction_begin,3,0
14.254,compaction_end,3,5374079
14.264,compaction_begin,3,0
14.286,compaction_end,3,5374077
14.295,compaction_begin,3,0
14.319,compaction_end,3,5374078
14.328,compaction_begin,3,0
14.351,compaction_end,3,5374079
14.361,compaction_begin,3,0
14.384,compaction_end,3,5374079
14.394,compaction_begin,3,0
14.417,compaction_end,3,5374079
14.426,compaction_begin,3,0
14.450,compaction_end,3,5374078
14.459,compaction_begin,3,0
14.483,compaction_end,3,5374079
14.492,compaction_begin,3,0
14.515,compaction_end,3,5374079
14.524,compaction_begin,3,0
14.548,compaction_end,3,5374079
14.557,compaction_begin,3,0
14.581,compaction_end,3,5374080
14.590,compaction_begin,3,0
14.615,compaction_end,3,5374078
14.623,compaction_begin,3,0
14.645,compaction_end,3,5374079
14.654,compaction_begin,3,0
14.677,compaction_end,3,5374079
14.686,compaction_begin,3,0
14.708,compaction_end,3,5374078
14.717,compaction_begin,3,0
14.739,compaction_end,3,5374079
14.748,compaction_begin,3,0
14.772,compaction_end,3,5374078
14.781,compaction_begin,3,0
14.804,compaction_end,3,5374079
14.813,compaction_begin,3,0
14.837,compaction_end,3,5374079
14.846,compaction_begin,3,0
14.870,compaction_end,3,5374079
14.879,compaction_begin,3,0
14.902,compaction_end,3,5374079
14.911,compaction_begin,3,0
14.935,compaction_end,3,5374079
14.945,compaction_begin,3,0
14.968,compaction_end,3,5374079
14.977,compaction_begin,3,0
14.999,compaction_end,3,5374079
15.008,compaction_begin,3,0
15.070,compaction_end,3,5374079
15.079,compaction_begin,3,0
15.102,compaction_end,3,5374079
15.111,compaction_begin,3,0
15.134,compaction_end,3,5374077
15.143,compaction_begin,3,0
15.166,compaction_end,3,5374078
15.175,compaction_begin,3,0
15.198,compaction_end,3,5374079
15.207,compaction_begin,3,0
15.229,compaction_end,3,5374079
15.238,compaction_begin,3,0
15.261,compaction_end,3,5374079
15.269,compaction_begin,3,0
15.292,compaction_end,3,5374078
15.301,compaction_begin,3,0
15.324,compaction_end,3,5374080
15.333,compaction_begin,3,0
15.356,compaction_end,3,5374079
15.365,compaction_begin,3,0
15.389,compaction_end,3,5374079
15.398,compaction_begin,3,0
15.422,compaction_end,3,5374079
15.431,compaction_begin,3,0
15.454,compaction_end,3,5374078
15.463,compaction_begin,3,0
15.486,compaction_end,3,5374079
15.495,compaction_begin,3,0
15.519,compaction_end,3,5374079
15.528,compaction_begin,3,0
15.551,compaction_end,3,5374078
15.560,compaction_begin,3,0
15.583,compaction_end,3,5374079
15.592,compaction_begin,3,0
15.614,compaction_end,3,5374078
15.623,compaction_begin,3,0
15.645,compaction_end,3,5374079
15.654,compaction_begin,3,0
15.677,compaction_end,3,5374081
15.686,compaction_begin,3,0
15.709,compaction_end,3,5374079
15.718,compaction_begin,3,0
15.741,compaction_end,3,5374079
15.750,compaction_begin,3,0
15.773,compaction_end,3,5374078
15.782,compaction_begin,3,0
15.805,compaction_end,3,5374079
15.814,compaction_begin,3,0
15.837,compaction_end,3,5374079
15.846,compaction_begin,3,0
15.868,compaction_end,3,5374079
15.877,compaction_begin,3,0
15.900,compaction_end,3,5374079
15.909,compaction_begin,3,0
15.931,compaction_end,3,5374077
15.940,compaction_begin,3,0
15.962,compaction_end,3,5374078
15.971,compaction_begin,3,0
15.993,compaction_end,3,5374079
16.002,compaction_begin,3,0
16.025,compaction_end,3,5374080
16.034,compaction_begin,3,0
16.086,compaction_end,3,5374079
16.095,compaction_begin,3,0
16.117,compaction_end,3,5374078
16.126,compaction_begin,3,0
16.149,compaction_end,3,5374079
16.159,compaction_begin,3,0
16.183,compaction_end,3,5374079
16.192,compaction_begin,3,0
16.215,compaction_end,3,5374079
16.224,compaction_begin,3,0
16.247,compaction_end,3,5374079
16.256,compaction_begin,3,0
16.279,compaction_end,3,5374078
16.288,compaction_begin,3,0
16.311,compaction_end,3,5374079
16.320,compaction_begin,3,0
16.343,compaction_end,3,5374079
16.352,compaction_begin,3,0
16.376,compaction_end,3,5374078
16.385,compaction_begin,3,0
16.409,compaction_end,3,5374080
16.418,compaction_begin,3,0
16.441,compaction_end,3,5374078
16.450,compaction_begin,3,0
16.473,compaction_end,3,5374079
16.482,compaction_begin,3,0
16.504,compaction_end,3,5374079
16.513,compaction_begin,3,0
16.536,compaction_end,3,5374079
16.545,compaction_begin,3,0
16.569,compaction_end,3,5374079
16.578,compaction_begin,3,0
16.601,compaction_end,3,5374078
16.610,compaction_begin,3,0
16.633,compaction_end,3,5374079
16.643,compaction_begin,3,0
16.666,compaction_end,3,5374079
16.675,compaction_begin,3,0
16.699,compaction_end,3,5374079
16.708,compaction_begin,3,0
16.730,compaction_end,3,5374080
16.739,compaction_begin,3,0
16.762,compaction_end,3,5374077
16.771,compaction_begin,3,0
16.794,compaction_end,3,5374078
16.803,compaction_begin,3,0
16.825,compaction_end,3,5374079
16.834,compaction_begin,3,0
16.858,compaction_end,3,5374079
16.867,compaction_begin,3,0
16.891,compaction_end,3,5374079
16.900,compaction_begin,3,0
16.922,compaction_end,3,5374078
16.931,compaction_begin,3,0
16.953,compaction_end,3,5374079
16.962,compaction_begin,3,0
16.986,compaction_end,3,5374079
16.995,compaction_begin,3,0
17.018,compaction_end,3,5374079
17.027,compaction_begin,3,0
17.071,compaction_end,3,5374079
17.080,compaction_begin,3,0
17.102,compaction_end,3,5374079
17.111,compaction_begin,3,0
17.133,compaction_end,3,5374079
17.142,compaction_begin,3,0
17.164,compaction_end,3,5374079
17.173,compaction_begin,3,0
17.196,compaction_end,3,5374078
17.206,compaction_begin,3,0
17.228,compaction_end,3,5374079
17.238,compaction_begin,3,0
17.261,compaction_end,3,5374078
17.270,compaction_begin,3,0
17.293,compaction_end,3,5374079
17.302,compaction_begin,3,0
17.325,compaction_end,3,5374079
17.334,compaction_begin,3,0
17.357,compaction_end,3,5374079
17.366,compaction_begin,3,0
17.392,compaction_end,3,5374079
17.402,compaction_begin,3,0
17.428,compaction_end,3,5374078
17.437,compaction_begin,3,0
17.460,compaction_end,3,5374080
17.469,compaction_begin,3,0
17.499,compaction_end,3,5374079
17.507,compaction_begin,3,0
17.531,compaction_end,3,5374079
17.540,compaction_begin,3,0
17.563,compaction_end,3,5374079
17.572,compaction_begin,3,0
17.594,compaction_end,3,5374077
17.603,compaction_begin,3,0
17.625,compaction_end,3,5374078
17.634,compaction_begin,3,0
17.656,compaction_end,3,5374079
17.665,compaction_begin,3,0
17.687,compaction_end,3,5374079
17.696,compaction_begin,3,0
17.718,compaction_end,3,5374079
17.727,compaction_begin,3,0
17.750,compaction_end,3,5374078
17.759,compaction_begin,3,0
17.781,compaction_end,3,5374079
17.791,compaction_begin,3,0
17.813,compaction_end,3,5374080
17.822,compaction_begin,3,0
17.844,compaction_end,3,5374079
17.853,compaction_begin,3,0
17.876,compaction_end,3,5374079
17.885,compaction_begin,3,0
17.908,compaction_end,3,5374078
17.917,compaction_begin,3,0
17.939,compaction_end,3,5374079
17.948,compaction_begin,3,0
17.971,compaction_end,3,5374079
17.980,compaction_begin,3,0
18.003,compaction_end,3,5374078
18.012,compaction_begin,3,0
18.046,compaction_end,3,5374079
18.056,compaction_begin,3,0
18.079,compaction_end,3,5374078
18.088,compaction_begin,3,0
18.111,compaction_end,3,5374079
18.120,compaction_begin,3,0
18.143,compaction_end,3,5374079
18.152,compaction_begin,3,0
18.175,compaction_end,3,5374080
18.185,compaction_begin,3,0
18.208,compaction_end,3,5374079
18.217,compaction_begin,3,0
18.239,compaction_end,3,5374078
18.248,compaction_begin,3,0
18.270,compaction_end,3,5374079
18.279,compaction_begin,3,0
18.301,compaction_end,3,5374079
18.311,compaction_begin,3,0
18.333,compaction_end,3,5374079
18.342,compaction_begin,3,0
18.364,compaction_end,3,5374079
18.374,compaction_begin,3,0
18.397,compaction_end,3,5374077
18.406,compaction_begin,3,0
18.431,compaction_end,3,5374078
18.440,compaction_begin,3,0
18.463,compaction_end,3,5374079
18.472,compaction_begin,3,0
18.495,compaction_end,3,5374079
18.504,compaction_begin,3,0
18.526,compaction_end,3,5374080
18.535,compaction_begin,3,0
18.559,compaction_end,3,5374078
18.568,compaction_begin,3,0
18.594,compaction_end,3,7023641
18.603,compaction_begin,3,0
18.626,compaction_end,3,5374083
18.635,compaction_begin,3,0
18.658,compaction_end,3,5374083
18.668,compaction_begin,3,0
18.692,compaction_end,3,5374083
18.701,compaction_begin,3,0
18.723,compaction_end,3,5374084
18.732,compaction_begin,3,0
18.753,compaction_end,3,5374083
18.762,compaction_begin,3,0
18.784,compaction_end,3,5374082
18.793,compaction_begin,3,0
18.816,compaction_end,3,5374083
18.825,compaction_begin,3,0
18.847,compaction_end,3,5374084
18.856,compaction_begin,3,0
18.878,compaction_end,3,5374084
18.887,compaction_begin,3,0
18.908,compaction_end,3,5374083
18.917,compaction_begin,3,0
18.939,compaction_end,3,5374082
18.948,compaction_begin,3,0
18.971,compaction_end,3,5374083
18.980,compaction_begin,3,0
19.002,compaction_end,3,5374083
19.011,compaction_begin,3,0
19.035,compaction_end,3,5374084
19.044,compaction_begin,3,0
19.066,compaction_end,3,5374082
19.076,compaction_begin,3,0
19.099,compaction_end,3,5374083
19.108,compaction_begin,3,0
19.130,compaction_end,3,5374083
19.139,compaction_begin,3,0
19.162,compaction_end,3,5374083
19.171,compaction_begin,3,0
19.185,compaction_end,3,3607587
24.625,flush_begin,0,0
24.737,flush_end,0,2744539
24.747,compaction_begin,2,0
25.154,compaction_end,2,2675360
25.165,compaction_begin,3,0
25.367,compaction_end,3,42992648
25.380,compaction_begin,3,0
25.919,compaction_end,3,42992649
25.931,compaction_begin,3,0
26.523,compaction_end,3,42992649
26.534,compaction_begin,3,0
26.983,compaction_end,3,42992649
26.994,compaction_begin,3,0
27.158,compaction_end,3,42992650
27.169,compaction_begin,3,0
27.333,compaction_end,3,42992650
27.345,compaction_begin,3,0
27.547,compaction_end,3,42992653
27.558,compaction_begin,3,0
27.724,compaction_end,3,42992654
27.734,compaction_begin,3,0
27.901,compaction_end,3,43605021
27.910,compaction_begin,3,0
28.811,compaction_end,3,42992650
28.823,compaction_begin,3,0
29.018,compaction_end,3,42992653
29.029,compaction_begin,3,0
29.227,compaction_end,3,42992653
29.237,compaction_begin,3,0
30.088,compaction_end,3,42992648
30.100,flush_begin,0,0
30.173,flush_end,0,2744904
30.183,compaction_begin,2,0
30.553,compaction_end,2,3029941
30.569,compaction_begin,3,0
30.893,compaction_end,3,42992648
30.904,compaction_begin,3,0
31.088,compaction_end,3,42992649
31.098,compaction_begin,3,0
31.272,compaction_end,3,42992649
31.284,compaction_begin,3,0
31.574,compaction_end,3,42992649
31.586,compaction_begin,3,0
31.750,compaction_end,3,42992653
31.761,compaction_begin,3,0
31.924,compaction_end,3,42992652
31.935,compaction_begin,3,0
32.097,compaction_end,3,42992650
32.108,compaction_begin,3,0
32.228,compaction_end,3,31515311
32.239,compaction_begin,3,0
32.408,compaction_end,3,43230496
32.419,compaction_begin,3,0
32.591,compaction_end,3,42992655
32.602,compaction_begin,3,0
32.833,compaction_end,3,42992652
32.844,compaction_begin,3,0
33.010,compaction_end,3,42992654
33.020,compaction_begin,3,0
33.187,compaction_end,3,42992655
33.198,compaction_begin,3,0
33.404,compaction_end,3,42992654
33.415,compaction_begin,3,0
34.291,compaction_end,3,42992648
34.302,compaction_begin,3,0
34.474,compaction_end,3,43367082
34.485,compaction_begin,3,0
34.736,compaction_end,3,42992650
34.747,compaction_begin,3,0
34.911,compaction_end,3,42992652
34.922,compaction_begin,3,0
35.257,compaction_end,3,44404453
35.268,compaction_begin,3,0
35.461,compaction_end,3,42992653
35.469,compaction_begin,3,0
35.576,flush_begin,0,0
35.671,flush_end,0,2744387
35.781,compaction_end,3,42992653
35.793,compaction_begin,2,0
36.195,compaction_end,2,3279702
36.210,compaction_begin,3,0
36.541,compaction_end,3,42992648
36.553,compaction_begin,3,0
36.725,compaction_end,3,42992649
36.735,compaction_begin,3,0
36.912,compaction_end,3,42992649
36.924,compaction_begin,3,0
37.148,compaction_end,3,45679536
37.159,compaction_begin,3,0
37.325,compaction_end,3,42992653
37.335,compaction_begin,3,0
38.092,compaction_end,3,42992650
38.103,compaction_begin,3,0
38.902,compaction_end,3,42992650
38.910,compaction_begin,3,0
39.771,compaction_end,3,42992650
39.784,compaction_begin,3,0
40.033,compaction_end,3,42992652
40.044,compaction_begin,3,0
40.209,compaction_end,3,42992652
40.219,compaction_begin,3,0
41.013,flush_begin,0,0
41.093,flush_end,0,2744224
41.142,compaction_end,3,42992650
41.153,compaction_begin,2,0
41.539,compaction_end,2,3400347
41.556,compaction_begin,3,0
41.874,compaction_end,3,42992648
41.885,compaction_begin,3,0
42.069,compaction_end,3,45305111
42.080,compaction_begin,3,0
42.263,compaction_end,3,42992650
42.273,compaction_begin,3,0
42.440,compaction_end,3,43230494
42.451,compaction_begin,3,0
42.736,compaction_end,3,42992649
42.747,compaction_begin,3,0
42.907,compaction_end,3,42992652
42.918,compaction_begin,3,0
43.139,compaction_end,3,43367079
43.150,compaction_begin,3,0
43.318,compaction_end,3,42992650
43.329,compaction_begin,3,0
44.265,compaction_end,3,42992648
44.276,compaction_begin,3,0
44.459,compaction_end,3,42992654
44.471,compaction_begin,3,0
44.647,compaction_end,3,42992654
44.658,compaction_begin,3,0
44.819,compaction_end,3,42992653
44.830,compaction_begin,3,0
45.180,compaction_end,3,42992650
45.191,compaction_begin,3,0
45.365,compaction_end,3,43367079
45.376,compaction_begin,3,0
46.269,compaction_end,3,42992649
46.280,compaction_begin,3,0
46.495,flush_begin,0,0
46.518,flush_end,0,2744516
47.235,compaction_end,3,42992648
47.246,compaction_begin,2,0
47.786,compaction_end,2,3514446
47.803,compaction_begin,3,0
48.003,compaction_end,3,44930721
48.015,compaction_begin,3,0
48.181,compaction_end,3,42992649
48.191,compaction_begin,3,0
48.367,compaction_end,3,43367078
48.379,compaction_begin,3,0
48.694,compaction_end,3,42992650
48.705,compaction_begin,3,0
48.878,compaction_end,3,43367079
48.889,compaction_begin,3,0
49.123,compaction_end,3,42992648
49.135,compaction_begin,3,0
49.300,compaction_end,3,42992650
49.311,compaction_begin,3,0
49.510,compaction_end,3,42992653
49.520,compaction_begin,3,0
49.639,compaction_end,3,31378760
49.650,compaction_begin,3,0
49.884,compaction_end,3,42992648
49.894,compaction_begin,3,0
50.057,compaction_end,3,43367083
50.068,compaction_begin,3,0
50.310,compaction_end,3,43367079
50.321,compaction_begin,3,0
50.704,compaction_end,3,42992650
50.715,compaction_begin,3,0
50.885,compaction_end,3,44404453
50.895,compaction_begin,3,0
51.059,compaction_end,3,42992652
51.070,compaction_begin,3,0
51.245,compaction_end,3,42992648
51.256,compaction_begin,3,0
51.427,compaction_end,3,43367076
51.437,compaction_begin,3,0
51.646,compaction_end,3,42992654
51.655,compaction_begin,3,0
51.814,compaction_end,3,42992647
51.824,compaction_begin,3,0
52.058,flush_begin,0,0
52.296,flush_end,0,2745033
53.063,compaction_end,3,42992649
53.073,compaction_begin,2,0
53.719,compaction_end,2,3639073
53.734,compaction_begin,3,0
54.117,compaction_end,3,43367082
54.129,compaction_begin,3,0
54.302,compaction_end,3,44556330
54.313,compaction_begin,3,0
54.680,compaction_end,3,43367078
54.692,compaction_begin,3,0
54.980,compaction_end,3,42992650
54.991,compaction_begin,3,0
55.167,compaction_end,3,43367079
55.178,compaction_begin,3,0
55.299,compaction_end,3,31378760
55.310,compaction_begin,3,0
55.620,compaction_end,3,42992650
55.631,compaction_begin,3,0
55.863,compaction_end,3,42992650
55.874,compaction_begin,3,0
56.036,compaction_end,3,42992647
56.047,compaction_begin,3,0
56.883,compaction_end,3,42992648
56.894,compaction_begin,3,0
57.075,compaction_end,3,43367083
57.085,compaction_begin,3,0
57.400,flush_begin,0,0
57.636,flush_end,0,2744908
57.803,compaction_end,3,42992648
57.814,compaction_begin,2,0
58.465,compaction_end,2,3863098
58.477,compaction_begin,3,0
58.838,compaction_end,3,43367082
58.850,compaction_begin,3,0
59.013,compaction_end,3,43367080
59.024,compaction_begin,3,0
59.195,compaction_end,3,43367078
59.207,compaction_begin,3,0
59.674,compaction_end,3,42992648
59.684,compaction_begin,3,0
59.850,compaction_end,3,42992653
59.861,compaction_begin,3,0
60.030,compaction_end,3,43367083
60.041,compaction_begin,3,0
60.215,compaction_end,3,42992650
60.225,compaction_begin,3,0
60.662,compaction_end,3,43367079
60.672,compaction_begin,3,0
60.891,compaction_end,3,45679536
60.900,compaction_begin,3,0
61.129,compaction_end,3,42992648
61.142,compaction_begin,3,0
61.328,compaction_end,3,43367079
61.339,compaction_begin,3,0
61.585,compaction_end,3,42992652
61.596,compaction_begin,3,0
61.772,compaction_end,3,42992653
61.782,compaction_begin,3,0
62.200,compaction_end,3,42992648
62.210,compaction_begin,3,0
62.877,flush_begin,0,0
63.112,flush_end,0,2744485
63.267,compaction_end,3,42992653
63.279,compaction_begin,2,0
63.931,compaction_end,2,3931506
63.946,compaction_begin,3,0
64.149,compaction_end,3,43367082
64.161,compaction_begin,3,0
64.341,compaction_end,3,43367079
64.353,compaction_begin,3,0
64.733,compaction_end,3,42992650
64.744,compaction_begin,3,0
64.923,compaction_end,3,43367078
64.935,compaction_begin,3,0
65.108,compaction_end,3,43367080
65.119,compaction_begin,3,0
65.408,compaction_end,3,42992648
65.418,compaction_begin,3,0
65.916,compaction_end,3,42992648
65.927,compaction_begin,3,0
66.095,compaction_end,3,42992647
66.106,compaction_begin,3,0
66.280,compaction_end,3,43367079
66.290,compaction_begin,3,0
66.777,compaction_end,3,42992650
66.787,compaction_begin,3,0
66.957,compaction_end,3,42992650
66.968,compaction_begin,3,0
67.141,compaction_end,3,43367083
67.152,compaction_begin,3,0
67.321,compaction_end,3,42992649
67.333,compaction_begin,3,0
68.233,compaction_end,3,45679539
68.244,compaction_begin,3,0
68.363,flush_begin,0,0
68.605,flush_end,0,2744737
68.761,compaction_end,3,42992653
68.772,compaction_begin,2,0
69.324,compaction_end,2,4112359
69.339,compaction_begin,3,0
69.732,compaction_end,3,43367082
69.744,compaction_begin,3,0
69.925,compaction_end,3,43367078
69.937,compaction_begin,3,0
70.106,compaction_end,3,43367080
70.117,compaction_begin,3,0
70.285,compaction_end,3,42992650
70.295,compaction_begin,3,0
70.425,compaction_end,3,31378760
70.435,compaction_begin,3,0
70.820,compaction_end,3,43367079
70.831,compaction_begin,3,0
71.151,compaction_end,3,42992648
71.162,compaction_begin,3,0
71.358,compaction_end,3,42992650
71.367,compaction_begin,3,0
71.851,compaction_end,3,42992648
71.862,compaction_begin,3,0
72.034,compaction_end,3,42992650
72.045,compaction_begin,3,0
72.208,compaction_end,3,42992653
72.218,compaction_begin,3,0
72.465,compaction_end,3,42992652
72.477,compaction_begin,3,0
72.651,compaction_end,3,44404451
72.662,compaction_begin,3,0
72.822,compaction_end,3,42992647
72.833,compaction_begin,3,0
72.997,compaction_end,3,43367083
73.008,compaction_begin,3,0
73.169,compaction_end,3,42992649
73.179,compaction_begin,3,0
73.346,compaction_end,3,42992653
73.357,compaction_begin,3,0
73.775,compaction_end,3,43367080
73.785,compaction_begin,3,0
73.855,flush_begin,0,0
74.094,flush_end,0,2744555
74.197,compaction_end,3,42992650
74.208,compaction_begin,2,0
74.866,compaction_end,2,4153824
74.881,compaction_begin,3,0
75.075,compaction_end,3,43367082
75.087,compaction_begin,3,0
75.250,compaction_end,3,43367080
75.261,compaction_begin,3,0
75.628,compaction_end,3,43367078
75.639,compaction_begin,3,0
75.916,compaction_end,3,42992648
75.926,compaction_begin,3,0
76.087,compaction_end,3,42992649
76.097,compaction_begin,3,0
76.279,compaction_end,3,42992648
76.290,compaction_begin,3,0
76.551,compaction_end,3,42992653
76.562,compaction_begin,3,0
76.843,compaction_end,3,42992650
76.854,compaction_begin,3,0
77.015,compaction_end,3,43367083
77.026,compaction_begin,3,0
77.314,compaction_end,3,42992648
77.324,compaction_begin,3,0
77.702,compaction_end,3,43367079
77.713,compaction_begin,3,0
77.876,compaction_end,3,42992650
77.886,compaction_begin,3,0
78.051,compaction_end,3,42992653
78.062,compaction_begin,3,0
78.186,compaction_end,3,32415986
78.196,compaction_begin,3,0
78.438,compaction_end,3,42992652
78.448,compaction_begin,3,0
78.613,compaction_end,3,42992654
78.624,compaction_begin,3,0
78.781,compaction_end,3,43367083
78.791,compaction_begin,3,0
78.950,compaction_end,3,43367078
78.960,compaction_begin,3,0
79.336,flush_begin,0,0
79.576,flush_end,0,2744338
79.609,compaction_end,3,42992650
79.618,compaction_begin,2,0
80.282,compaction_end,2,4302569
80.298,compaction_begin,3,0
80.686,compaction_end,3,43367082
80.698,compaction_begin,3,0
80.864,compaction_end,3,43367080
80.875,compaction_begin,3,0
81.049,compaction_end,3,43367078
81.061,compaction_begin,3,0
81.362,compaction_end,3,42992648
81.372,compaction_begin,3,0
81.620,compaction_end,3,42992653
81.631,compaction_begin,3,0
81.862,compaction_end,3,42992650
81.873,compaction_begin,3,0
81.996,compaction_end,3,32415986
82.005,compaction_begin,3,0
82.168,compaction_end,3,42992647
82.180,compaction_begin,3,0
82.348,compaction_end,3,42992649
82.358,compaction_begin,3,0
82.734,compaction_end,3,43367079
82.745,compaction_begin,3,0
82.914,compaction_end,3,42992652
82.927,compaction_begin,3,0
83.226,compaction_end,3,42992650
83.237,compaction_begin,3,0
83.410,compaction_end,3,43367078
83.420,compaction_begin,3,0
83.622,compaction_end,3,43367083
83.633,compaction_begin,3,0
83.899,compaction_end,3,42992650
83.909,compaction_begin,3,0
84.143,compaction_end,3,42992650
84.154,compaction_begin,3,0
84.316,compaction_end,3,43367083
84.326,compaction_begin,3,0
84.653,compaction_end,3,42992648
84.664,compaction_begin,3,0
84.811,flush_begin,0,0
85.051,flush_end,0,2745135
85.178,compaction_end,3,43367080
85.188,compaction_begin,2,0
85.591,compaction_end,2,4481051
85.606,compaction_begin,3,0
85.986,compaction_end,3,43367082
85.998,compaction_begin,3,0
86.169,compaction_end,3,43367078
86.185,compaction_begin,3,0
86.349,compaction_end,3,43367080
86.360,compaction_begin,3,0
86.733,compaction_end,3,43367079
86.744,compaction_begin,3,0
86.903,compaction_end,3,42992650
86.914,compaction_begin,3,0
87.090,compaction_end,3,42992650
87.101,compaction_begin,3,0
87.260,compaction_end,3,42992647
87.270,compaction_begin,3,0
87.480,compaction_end,3,43367083
87.492,compaction_begin,3,0
87.739,compaction_end,3,43367082
87.749,compaction_begin,3,0
88.406,compaction_end,3,42618174
88.416,compaction_begin,3,0
88.911,compaction_end,3,42992648
88.922,compaction_begin,3,0
89.088,compaction_end,3,42992653
89.099,compaction_begin,3,0
89.262,compaction_end,3,43367079
89.272,compaction_begin,3,0
90.247,compaction_end,3,42992649
90.255,flush_begin,0,0
90.496,flush_end,0,2744814
90.507,compaction_begin,2,0
91.168,compaction_end,2,4649007
91.183,compaction_begin,3,0
91.379,compaction_end,3,43367082
91.391,compaction_begin,3,0
91.747,compaction_end,3,43367080
91.758,compaction_begin,3,0
91.919,compaction_end,3,42992649
91.929,compaction_begin,3,0
92.111,compaction_end,3,43367079
92.122,compaction_begin,3,0
92.296,compaction_end,3,43367078
92.307,compaction_begin,3,0
92.786,compaction_end,3,42992650
92.796,compaction_begin,3,0
92.968,compaction_end,3,42992650
92.979,compaction_begin,3,0
93.142,compaction_end,3,42992654
93.152,compaction_begin,3,0
93.332,compaction_end,3,42992648
93.343,compaction_begin,3,0
93.608,compaction_end,3,42992653
93.619,compaction_begin,3,0
94.011,compaction_end,3,42992648
94.022,compaction_begin,3,0
94.187,compaction_end,3,42992649
94.197,compaction_begin,3,0
94.530,compaction_end,3,42992648
94.542,compaction_begin,3,0
94.711,compaction_end,3,42992653
94.721,compaction_begin,3,0
94.894,compaction_end,3,43367082
94.904,compaction_begin,3,0
95.075,compaction_end,3,42992647
95.086,compaction_begin,3,0
95.259,compaction_end,3,42992650
95.269,compaction_begin,3,0
95.588,compaction_end,3,42992650
95.599,compaction_begin,3,0
95.705,flush_begin,0,0
95.947,flush_end,0,2744556
96.024,compaction_end,3,43367083
96.035,compaction_begin,2,0
96.539,compaction_end,2,4755256
96.552,compaction_begin,3,0
96.932,compaction_end,3,43367082
96.944,compaction_begin,3,0
97.127,compaction_end,3,43367078
97.139,compaction_begin,3,0
97.312,compaction_end,3,43367080
97.323,compaction_begin,3,0
97.702,compaction_end,3,43367079
97.712,compaction_begin,3,0
97.896,compaction_end,3,42992650
97.907,compaction_begin,3,0
98.076,compaction_end,3,42992653
98.087,compaction_begin,3,0
98.370,compaction_end,3,42992650
98.380,compaction_begin,3,0
98.648,compaction_end,3,42992653
98.659,compaction_begin,3,0
98.827,compaction_end,3,42992647
98.837,compaction_begin,3,0
99.008,compaction_end,3,43367078
99.019,compaction_begin,3,0
99.194,compaction_end,3,43367083
99.204,compaction_begin,3,0
99.393,compaction_end,3,43367083
99.403,compaction_begin,3,0
99.884,compaction_end,3,42992648
99.894,compaction_begin,3,0
100.064,compaction_end,3,42992650
100.075,compaction_begin,3,0
100.244,compaction_end,3,42618174
100.254,compaction_begin,3,0
100.557,compaction_end,3,43367082
100.568,compaction_begin,3,0
101.168,flush_begin,0,0
101.409,flush_end,0,2744378
101.546,compaction_end,3,42992655
101.556,compaction_begin,2,0
102.231,compaction_end,2,4898586
102.248,compaction_begin,3,0
102.642,compaction_end,3,43367082
102.654,compaction_begin,3,0
102.828,compaction_end,3,43367080
102.839,compaction_begin,3,0
103.021,compaction_end,3,43367078
103.032,compaction_begin,3,0
103.222,compaction_end,3,42992650
103.233,compaction_begin,3,0
103.727,compaction_end,3,42992650
103.735,compaction_begin,3,0
103.911,compaction_end,3,42992648
103.924,compaction_begin,3,0
104.102,compaction_end,3,42992647
104.112,compaction_begin,3,0
104.285,compaction_end,3,42992648
104.295,compaction_begin,3,0
104.601,compaction_end,3,42992650
104.612,compaction_begin,3,0
104.848,compaction_end,3,43367079
104.859,compaction_begin,3,0
105.020,compaction_end,3,42992649
105.030,compaction_begin,3,0
105.194,compaction_end,3,43367078
105.204,compaction_begin,3,0
105.627,compaction_end,3,43367080
105.637,compaction_begin,3,0
105.800,compaction_end,3,42992655
105.810,compaction_begin,3,0
105.972,compaction_end,3,43367083
105.982,compaction_begin,3,0
106.146,compaction_end,3,42992653
106.157,compaction_begin,3,0
106.323,compaction_end,3,43367083
106.333,compaction_begin,3,0
106.582,compaction_end,3,42992653
106.592,compaction_begin,3,0
106.605,flush_begin,0,0
106.846,flush_end,0,2744896
107.007,compaction_end,3,42992653
107.017,compaction_begin,2,0
107.595,compaction_end,2,5012922
107.610,compaction_begin,3,0
107.993,compaction_end,3,43367078
108.005,compaction_begin,3,0
108.189,compaction_end,3,43367079
108.200,compaction_begin,3,0
108.610,compaction_end,3,42906743
108.622,compaction_begin,3,0
108.807,compaction_end,3,43367082
108.818,compaction_begin,3,0
108.997,compaction_end,3,42992654
109.008,compaction_begin,3,0
109.170,compaction_end,3,43367081
109.181,compaction_begin,3,0
109.376,compaction_end,3,42992649
109.387,compaction_begin,3,0
109.708,compaction_end,3,42992653
109.718,compaction_begin,3,0
109.876,compaction_end,3,42992649
109.886,compaction_begin,3,0
110.049,compaction_end,3,43367078
110.060,compaction_begin,3,0
110.397,compaction_end,3,42992648
110.407,compaction_begin,3,0
110.840,compaction_end,3,43367079
110.850,compaction_begin,3,0
111.072,compaction_end,3,42992648
111.083,compaction_begin,3,0
111.248,compaction_end,3,42992649
111.258,compaction_begin,3,0
111.320,compaction_end,3,15069155
111.329,compaction_begin,3,0
111.645,compaction_end,3,42992653
111.655,compaction_begin,3,0
111.820,compaction_end,3,42992649
111.829,compaction_begin,3,0
112.082,flush_begin,0,0
112.323,flush_end,0,2744762
112.393,compaction_end,3,45679540
112.403,compaction_begin,2,0
113.083,compaction_end,2,5109792
113.101,compaction_begin,3,0
113.295,compaction_end,3,43367082
113.308,compaction_begin,3,0
113.677,compaction_end,3,43367078
113.688,compaction_begin,3,0
113.855,compaction_end,3,43367080
113.866,compaction_begin,3,0
114.046,compaction_end,3,42992649
114.057,compaction_begin,3,0
114.218,compaction_end,3,43367080
114.228,compaction_begin,3,0
114.449,compaction_end,3,42992648
114.460,compaction_begin,3,0
114.887,compaction_end,3,42992650
114.897,compaction_begin,3,0
115.085,compaction_end,3,43367081
115.096,compaction_begin,3,0
115.268,compaction_end,3,42992648
115.278,compaction_begin,3,0
115.488,compaction_end,3,42992650
115.498,compaction_begin,3,0
115.864,compaction_end,3,43367083
115.874,compaction_begin,3,0
116.289,compaction_end,3,42992648
116.299,compaction_begin,3,0
116.794,compaction_end,3,42992648
116.804,compaction_begin,3,0
116.927,compaction_end,3,32415986
116.937,compaction_begin,3,0
117.098,compaction_end,3,42992650
117.108,compaction_begin,3,0
117.528,flush_begin,0,0
117.769,flush_end,0,2744879
118.084,compaction_end,3,42992648
118.095,compaction_begin,2,0
118.767,compaction_end,2,5156236
118.782,compaction_begin,3,0
119.163,compaction_end,3,43367082
119.176,compaction_begin,3,0
119.341,compaction_end,3,43367080
119.352,compaction_begin,3,0
119.730,compaction_end,3,43367081
119.741,compaction_begin,3,0
119.912,compaction_end,3,42992649
119.923,compaction_begin,3,0
120.092,compaction_end,3,43367078
120.104,compaction_begin,3,0
120.393,compaction_end,3,42992648
120.403,compaction_begin,3,0
120.613,compaction_end,3,42992650
120.623,compaction_begin,3,0
121.058,compaction_end,3,42992650
121.068,compaction_begin,3,0
121.190,compaction_end,3,32415986
121.200,compaction_begin,3,0
121.683,compaction_end,3,42992648
121.694,compaction_begin,3,0
121.859,compaction_end,3,42992648
121.869,compaction_begin,3,0
122.031,compaction_end,3,42992648
122.041,compaction_begin,3,0
122.201,compaction_end,3,42992653
122.212,compaction_begin,3,0
122.491,compaction_end,3,42992655
122.502,compaction_begin,3,0
122.662,compaction_end,3,42243697
122.672,compaction_begin,3,0
122.834,compaction_end,3,42992653
122.844,compaction_begin,3,0
123.005,flush_begin,0,0
123.245,flush_end,0,2744676
123.408,compaction_end,3,43367079
123.418,compaction_begin,2,0
124.086,compaction_end,2,5351936
124.102,compaction_begin,3,0
124.300,compaction_end,3,43367082
124.312,compaction_begin,3,0
124.684,compaction_end,3,42992649
124.695,compaction_begin,3,0
124.867,compaction_end,3,43367078
124.878,compaction_begin,3,0
125.046,compaction_end,3,43367080
125.057,compaction_begin,3,0
125.235,compaction_end,3,43367081
125.246,compaction_begin,3,0
125.510,compaction_end,3,42992653
125.520,compaction_begin,3,0
125.681,compaction_end,3,43367080
125.691,compaction_begin,3,0
126.065,compaction_end,3,42992648
126.075,compaction_begin,3,0
126.802,compaction_end,3,42992648
126.813,compaction_begin,3,0
127.292,compaction_end,3,42992650
127.302,compaction_begin,3,0
127.705,compaction_end,3,42992649
127.715,compaction_begin,3,0
127.879,compaction_end,3,43367083
127.889,compaction_begin,3,0
128.147,compaction_end,3,42992648
128.157,compaction_begin,3,0
128.319,compaction_end,3,43367080
128.329,compaction_begin,3,0
128.453,flush_begin,0,0
128.697,flush_end,0,2744491
128.797,compaction_end,3,42992648
128.808,compaction_begin,2,0
129.431,compaction_end,2,5406176
129.446,compaction_begin,3,0
129.828,compaction_end,3,43367082
129.840,compaction_begin,3,0
130.005,compaction_end,3,43367080
130.016,compaction_begin,3,0
130.191,compaction_end,3,43367078
130.203,compaction_begin,3,0
130.575,compaction_end,3,42992649
130.586,compaction_begin,3,0
130.766,compaction_end,3,43367081
130.775,compaction_begin,3,0
130.936,compaction_end,3,42992653
130.949,compaction_begin,3,0
131.242,compaction_end,3,42992648
131.252,compaction_begin,3,0
131.743,compaction_end,3,42992650
131.753,compaction_begin,3,0
131.937,compaction_end,3,42992648
131.947,compaction_begin,3,0
132.114,compaction_end,3,43367083
132.124,compaction_begin,3,0
132.295,compaction_end,3,42992648
132.306,compaction_begin,3,0
132.518,compaction_end,3,42992650
132.529,compaction_begin,3,0
133.461,compaction_end,3,42618172
133.472,compaction_begin,3,0
133.879,compaction_end,3,43367082
133.889,compaction_begin,3,0
133.893,flush_begin,0,0
134.136,flush_end,0,2744768
134.302,compaction_end,3,43367080
134.313,compaction_begin,2,0
134.989,compaction_end,2,5479703
135.005,compaction_begin,3,0
135.208,compaction_end,3,43367082
135.220,compaction_begin,3,0
135.591,compaction_end,3,43367078
135.603,compaction_begin,3,0
135.772,compaction_end,3,43367080
135.783,compaction_begin,3,0
135.909,compaction_end,3,32415986
135.919,compaction_begin,3,0
136.084,compaction_end,3,42992648
136.095,compaction_begin,3,0
136.577,compaction_end,3,42992647
136.587,compaction_begin,3,0
136.899,compaction_end,3,42992650
136.909,compaction_begin,3,0
137.233,compaction_end,3,42992648
137.243,compaction_begin,3,0
137.621,compaction_end,3,42992649
137.632,compaction_begin,3,0
137.868,compaction_end,3,43367079
137.878,compaction_begin,3,0
138.095,compaction_end,3,42992650
138.105,compaction_begin,3,0
138.267,compaction_end,3,42992653
138.277,compaction_begin,3,0
138.764,compaction_end,3,42992648
138.774,compaction_begin,3,0
138.937,compaction_end,3,43367083
138.947,compaction_begin,3,0
139.121,compaction_end,3,42992648
139.131,compaction_begin,3,0
139.295,compaction_end,3,42992648
139.306,compaction_begin,3,0
139.618,flush_begin,0,0
139.861,flush_end,0,2744761
140.042,compaction_end,3,42992648
140.052,compaction_begin,2,0
140.421,compaction_end,2,5614410
140.438,compaction_begin,3,0
140.833,compaction_end,3,43367082
140.845,compaction_begin,3,0
141.010,compaction_end,3,43367080
141.022,compaction_begin,3,0
141.195,compaction_end,3,43367078
141.206,compaction_begin,3,0
141.469,compaction_end,3,42992653
141.479,compaction_begin,3,0
141.757,compaction_end,3,42992649
141.768,compaction_begin,3,0
141.932,compaction_end,3,42243697
141.942,compaction_begin,3,0
142.109,compaction_end,3,43367080
142.119,compaction_begin,3,0
142.246,compaction_end,3,32415986
142.256,compaction_begin,3,0
142.476,compaction_end,3,42992648
142.486,compaction_begin,3,0
142.742,compaction_end,3,42992650
142.752,compaction_begin,3,0
143.111,compaction_end,3,42992648
143.121,compaction_begin,3,0
143.289,compaction_end,3,42992650
143.297,compaction_begin,3,0
143.796,compaction_end,3,42992648
143.808,compaction_begin,3,0
143.973,compaction_end,3,42618172
143.983,compaction_begin,3,0
144.151,compaction_end,3,42992650
144.161,compaction_begin,3,0
144.323,compaction_end,3,42992655
144.334,compaction_begin,3,0
144.717,compaction_end,3,43367081
144.728,compaction_begin,3,0
144.778,flush_begin,0,0
145.019,flush_end,0,2744729
145.516,compaction_end,3,43367083
145.527,compaction_begin,2,0
146.198,compaction_end,2,5684235
146.215,compaction_begin,3,0
146.601,compaction_end,3,43367082
146.614,compaction_begin,3,0
146.786,compaction_end,3,43367078
146.797,compaction_begin,3,0
146.960,compaction_end,3,43367080
146.972,compaction_begin,3,0
147.351,compaction_end,3,43367078
147.362,compaction_begin,3,0
147.610,compaction_end,3,42992653
147.620,compaction_begin,3,0
147.909,compaction_end,3,42992649
147.920,compaction_begin,3,0
148.100,compaction_end,3,43367081
148.111,compaction_begin,3,0
148.274,compaction_end,3,43367083
148.284,compaction_begin,3,0
148.755,compaction_end,3,42992648
148.766,compaction_begin,3,0
148.984,compaction_end,3,43367080
148.994,compaction_begin,3,0
149.157,compaction_end,3,42992648
149.167,compaction_begin,3,0
149.328,compaction_end,3,42618172
149.339,compaction_begin,3,0
149.824,compaction_end,3,42992648
149.834,compaction_begin,3,0
149.995,compaction_end,3,42992648
150.006,compaction_begin,3,0
150.240,flush_begin,0,0
150.479,flush_end,0,2744141
150.995,compaction_end,3,42992651
151.005,compaction_begin,2,0
151.679,compaction_end,2,5736078
151.695,compaction_begin,3,0
152.084,compaction_end,3,43367082
152.096,compaction_begin,3,0
152.263,compaction_end,3,43367080
152.274,compaction_begin,3,0
152.489,compaction_end,3,42992650
152.500,compaction_begin,3,0
152.824,compaction_end,3,43367078
152.836,compaction_begin,3,0
153.076,compaction_end,3,43367079
153.085,compaction_begin,3,0
153.252,compaction_end,3,43367080
153.263,compaction_begin,3,0
153.481,compaction_end,3,42992648
153.491,compaction_begin,3,0
153.913,compaction_end,3,42992650
153.924,compaction_begin,3,0
154.100,compaction_end,3,42992649
154.111,compaction_begin,3,0
154.271,compaction_end,3,42992648
154.281,compaction_begin,3,0
154.703,compaction_end,3,43367080
154.713,compaction_begin,3,0
154.875,compaction_end,3,43367080
154.886,compaction_begin,3,0
155.062,compaction_end,3,43367081
155.073,compaction_begin,3,0
155.292,compaction_end,3,42992648
155.302,compaction_begin,3,0
155.551,compaction_end,3,42992653
155.563,compaction_begin,3,0
155.695,flush_begin,0,0
155.935,flush_end,0,2744632
156.006,compaction_end,3,42992655
156.016,compaction_begin,2,0
156.568,compaction_end,2,5883548
156.584,compaction_begin,3,0
156.965,compaction_end,3,43367082
156.977,compaction_begin,3,0
157.137,compaction_end,3,42992648
157.147,compaction_begin,3,0
157.320,compaction_end,3,43367078
157.328,compaction_begin,3,0
157.704,compaction_end,3,43367081
157.718,compaction_begin,3,0
157.880,compaction_end,3,42992650
157.890,compaction_begin,3,0
158.054,compaction_end,3,43367080
158.066,compaction_begin,3,0
158.226,compaction_end,3,42992648
158.236,compaction_begin,3,0
158.500,compaction_end,3,42992653
158.508,compaction_begin,3,0
158.784,compaction_end,3,42992649
158.797,compaction_begin,3,0
158.958,compaction_end,3,43367078
158.969,compaction_begin,3,0
159.272,compaction_end,3,42992648
159.282,compaction_begin,3,0
159.767,compaction_end,3,42992648
159.778,compaction_begin,3,0
159.941,compaction_end,3,42992647
159.952,compaction_begin,3,0
160.110,compaction_end,3,42243697
160.121,compaction_begin,3,0
160.284,compaction_end,3,42992649
160.295,compaction_begin,3,0
160.728,compaction_end,3,43367079
160.738,compaction_begin,3,0
160.902,compaction_end,3,43367080
160.913,compaction_begin,3,0
161.126,compaction_end,3,42992650
161.137,compaction_begin,3,0
161.206,flush_begin,0,0
161.447,flush_end,0,2744797
161.549,compaction_end,3,42618172
161.559,compaction_begin,2,0
162.245,compaction_end,2,5935891
162.263,compaction_begin,3,0
162.655,compaction_end,3,43367078
162.667,compaction_begin,3,0
162.839,compaction_end,3,43367079
162.850,compaction_begin,3,0
163.060,compaction_end,3,42906743
163.071,compaction_begin,3,0
163.253,compaction_end,3,43367083
163.263,compaction_begin,3,0
163.757,compaction_end,3,42992648
163.767,compaction_begin,3,0
163.935,compaction_end,3,42992650
163.945,compaction_begin,3,0
164.111,compaction_end,3,42992650
164.122,compaction_begin,3,0
164.229,compaction_end,3,28079277
164.237,compaction_begin,3,0
164.621,compaction_end,3,42992650
164.633,compaction_begin,3,0
164.795,compaction_end,3,42992650
164.805,compaction_begin,3,0
165.090,compaction_end,3,42992650
165.101,compaction_begin,3,0
165.268,compaction_end,3,43367080
165.278,compaction_begin,3,0
165.502,compaction_end,3,43367084
165.512,compaction_begin,3,0
165.941,compaction_end,3,42992648
165.951,compaction_begin,3,0
166.115,compaction_end,3,43367082
166.125,compaction_begin,3,0
166.288,compaction_end,3,43367081
166.299,compaction_begin,3,0
166.624,flush_begin,0,0
166.865,flush_end,0,2745060
166.915,compaction_end,3,42618174
166.925,compaction_begin,2,0
167.448,compaction_end,2,6075275
167.467,compaction_begin,3,0
167.858,compaction_end,3,43367082
167.869,compaction_begin,3,0
168.041,compaction_end,3,42992652
168.050,compaction_begin,3,0
168.234,compaction_end,3,43367081
168.248,compaction_begin,3,0
168.601,compaction_end,3,43367080
168.613,compaction_begin,3,0
168.771,compaction_end,3,43367078
168.780,compaction_begin,3,0
169.017,compaction_end,3,43367079
169.029,compaction_begin,3,0
169.194,compaction_end,3,43367083
169.204,compaction_begin,3,0
169.577,compaction_end,3,43367079
169.588,compaction_begin,3,0
169.747,compaction_end,3,42992653
169.758,compaction_begin,3,0
169.919,compaction_end,3,42992648
169.930,compaction_begin,3,0
170.151,compaction_end,3,43367080
170.162,compaction_begin,3,0
170.326,compaction_end,3,42992650
170.337,compaction_begin,3,0
170.619,compaction_end,3,42992655
170.630,compaction_begin,3,0
170.950,compaction_end,3,42992651
170.961,compaction_begin,3,0
171.166,compaction_end,3,42992648
171.176,compaction_begin,3,0
171.368,compaction_end,3,42992648
171.379,compaction_begin,3,0
171.573,compaction_end,3,42992649
171.584,compaction_begin,3,0
172.096,flush_begin,0,0
172.336,flush_end,0,2745031
172.708,compaction_end,3,42992649
172.718,compaction_begin,2,0
173.387,compaction_end,2,6147906
173.404,compaction_begin,3,0
173.786,compaction_end,3,43367082
173.798,compaction_begin,3,0
173.968,compaction_end,3,42992652
173.980,compaction_begin,3,0
174.143,compaction_end,3,43367080
174.154,compaction_begin,3,0
174.318,compaction_end,3,42992650
174.328,compaction_begin,3,0
174.710,compaction_end,3,43367081
174.720,compaction_begin,3,0
174.883,compaction_end,3,42992653
174.893,compaction_begin,3,0
175.176,compaction_end,3,42992648
175.186,compaction_begin,3,0
175.348,compaction_end,3,42992650
175.359,compaction_begin,3,0
175.840,compaction_end,3,42992650
175.850,compaction_begin,3,0
176.015,compaction_end,3,42992648
176.026,compaction_begin,3,0
176.193,compaction_end,3,42992649
176.204,compaction_begin,3,0
176.610,compaction_end,3,42992649
176.621,compaction_begin,3,0
176.789,compaction_end,3,43367078
176.799,compaction_begin,3,0
177.056,compaction_end,3,42992648
177.066,compaction_begin,3,0
177.227,compaction_end,3,42992648
177.238,compaction_begin,3,0
177.533,flush_begin,0,0
177.774,flush_end,0,2744792
177.865,compaction_end,3,43367079
177.876,compaction_begin,2,0
178.347,compaction_end,2,6259671
178.362,compaction_begin,3,0
178.738,compaction_end,3,43367082
178.749,compaction_begin,3,0
178.923,compaction_end,3,42992652
178.935,compaction_begin,3,0
179.100,compaction_end,3,43367080
179.112,compaction_begin,3,0
179.274,compaction_end,3,43367078
179.284,compaction_begin,3,0
179.480,compaction_end,3,42992649
179.490,compaction_begin,3,0
179.837,compaction_end,3,43367081
179.848,compaction_begin,3,0
180.010,compaction_end,3,43367083
180.021,compaction_begin,3,0
180.191,compaction_end,3,43367079
180.202,compaction_begin,3,0
180.636,compaction_end,3,42992651
180.647,compaction_begin,3,0
181.361,compaction_end,3,42992652
181.372,compaction_begin,3,0
182.040,compaction_end,3,43367082
182.049,compaction_begin,3,0
182.217,compaction_end,3,42992650
182.227,compaction_begin,3,0
182.700,compaction_end,3,42992648
182.712,compaction_begin,3,0
182.893,compaction_end,3,42992648
182.904,compaction_begin,3,0
182.968,flush_begin,0,0
183.208,flush_end,0,2744491
183.320,compaction_end,3,42992650
183.330,compaction_begin,2,0
184.007,compaction_end,2,6349505
184.024,compaction_begin,3,0
184.223,compaction_end,3,43367082
184.235,compaction_begin,3,0
184.593,compaction_end,3,43367080
184.605,compaction_begin,3,0
184.780,compaction_end,3,42992652
184.791,compaction_begin,3,0
185.091,compaction_end,3,42992648
185.101,compaction_begin,3,0
185.276,compaction_end,3,43367079
185.287,compaction_begin,3,0
185.666,compaction_end,3,43367081
185.676,compaction_begin,3,0
185.972,compaction_end,3,42992648
185.983,compaction_begin,3,0
186.143,compaction_end,3,42992648
186.154,compaction_begin,3,0
186.316,compaction_end,3,42992650
186.328,compaction_begin,3,0
186.589,compaction_end,3,42992653
186.600,compaction_begin,3,0
186.974,compaction_end,3,42992648
186.985,compaction_begin,3,0
187.146,compaction_end,3,42992652
187.158,compaction_begin,3,0
187.373,compaction_end,3,43367083
187.384,compaction_begin,3,0
187.603,compaction_end,3,43367078
187.614,compaction_begin,3,0
187.777,compaction_end,3,43367078
187.788,compaction_begin,3,0
188.170,compaction_end,3,43367079
188.181,compaction_begin,3,0
188.343,compaction_end,3,42243697
188.353,compaction_begin,3,0
188.546,flush_begin,0,0
188.788,flush_end,0,2744618
189.496,compaction_end,3,44181990
189.507,compaction_begin,2,0
190.183,compaction_end,2,6328430
190.198,compaction_begin,3,0
190.590,compaction_end,3,43367082
190.602,compaction_begin,3,0
190.774,compaction_end,3,42992652
190.786,compaction_begin,3,0
190.947,compaction_end,3,42992653
190.957,compaction_begin,3,0
191.124,compaction_end,3,43367080
191.136,compaction_begin,3,0
191.319,compaction_end,3,43367081
191.330,compaction_begin,3,0
191.627,compaction_end,3,43367082
191.638,compaction_begin,3,0
191.980,compaction_end,3,42992648
191.991,compaction_begin,3,0
192.154,compaction_end,3,43367083
192.164,compaction_begin,3,0
192.321,compaction_end,3,42243697
192.331,compaction_begin,3,0
192.828,compaction_end,3,42992648
192.839,compaction_begin,3,0
193.014,compaction_end,3,43367079
193.025,compaction_begin,3,0
193.180,compaction_end,3,42992649
193.191,compaction_begin,3,0
193.352,compaction_end,3,42992648
193.362,compaction_begin,3,0
193.854,compaction_end,3,42992648
193.865,flush_begin,0,0
194.105,flush_end,0,2744148
194.114,compaction_begin,2,0
194.463,compaction_end,2,6580619
194.480,compaction_begin,3,0
194.864,compaction_end,3,43367082
194.877,compaction_begin,3,0
195.047,compaction_end,3,42992652
195.059,compaction_begin,3,0
195.242,compaction_end,3,43367081
195.253,compaction_begin,3,0
195.727,compaction_end,3,42992648
195.738,compaction_begin,3,0
195.907,compaction_end,3,43367080
195.919,compaction_begin,3,0
196.093,compaction_end,3,43367079
196.103,compaction_begin,3,0
196.226,compaction_end,3,32415986
196.237,compaction_begin,3,0
196.410,compaction_end,3,43367078
196.420,compaction_begin,3,0
196.621,compaction_end,3,42992650
196.631,compaction_begin,3,0
197.007,compaction_end,3,43367080
197.019,compaction_begin,3,0
197.178,compaction_end,3,42992652
197.188,compaction_begin,3,0
197.347,compaction_end,3,42992649
197.358,compaction_begin,3,0
197.575,compaction_end,3,43367078
197.585,compaction_begin,3,0
197.753,compaction_end,3,43367083
197.763,compaction_begin,3,0
198.188,compaction_end,3,42992650
198.199,compaction_begin,3,0
198.549,compaction_end,3,43367079
198.560,compaction_begin,3,0
198.838,compaction_end,3,42992648
198.848,compaction_begin,3,0
199.042,compaction_end,3,42992648
199.053,compaction_begin,3,0
199.221,compaction_end,3,43367077
199.232,compaction_begin,3,0
199.559,flush_begin,0,0
199.800,flush_end,0,2744502
199.969,compaction_end,3,42992648
199.979,compaction_begin,2,0
200.345,compaction_end,2,6551026
200.362,compaction_begin,3,0
200.763,compaction_end,3,43367082
200.776,compaction_begin,3,0
200.948,compaction_end,3,42992652
200.960,compaction_begin,3,0
201.125,compaction_end,3,43367080
201.137,compaction_begin,3,0
201.317,compaction_end,3,43367079
201.328,compaction_begin,3,0
201.530,compaction_end,3,42992648
201.541,compaction_begin,3,0
201.977,compaction_end,3,42992648
201.987,compaction_begin,3,0
202.167,compaction_end,3,42992648
202.178,compaction_begin,3,0
202.340,compaction_end,3,42992653
202.351,compaction_begin,3,0
202.733,compaction_end,3,43367081
202.745,compaction_begin,3,0
202.870,compaction_end,3,32415986
202.879,compaction_begin,3,0
203.054,compaction_end,3,42243697
203.065,compaction_begin,3,0
203.292,compaction_end,3,43367079
203.303,compaction_begin,3,0
203.522,compaction_end,3,43367078
203.532,compaction_begin,3,0
203.958,compaction_end,3,42992650
203.969,compaction_begin,3,0
204.131,compaction_end,3,42992652
204.141,compaction_begin,3,0
204.300,compaction_end,3,43367078
204.310,compaction_begin,3,0
204.630,compaction_end,3,43367077
204.639,compaction_begin,3,0
204.828,flush_begin,0,0
205.070,flush_end,0,2744772
205.239,compaction_end,3,42992648
205.249,compaction_begin,2,0
205.917,compaction_end,2,6731665
205.933,compaction_begin,3,0
206.126,compaction_end,3,43367082
206.137,compaction_begin,3,0
206.300,compaction_end,3,43367080
206.312,compaction_begin,3,0
206.676,compaction_end,3,42992652
206.688,compaction_begin,3,0
206.973,compaction_end,3,42992650
206.984,compaction_begin,3,0
207.148,compaction_end,3,42992648
207.158,compaction_begin,3,0
207.321,compaction_end,3,42992650
207.331,compaction_begin,3,0
207.795,compaction_end,3,42992648
207.806,compaction_begin,3,0
207.927,compaction_end,3,32415986
207.937,compaction_begin,3,0
208.111,compaction_end,3,43367081
208.122,compaction_begin,3,0
208.284,compaction_end,3,42992653
208.295,compaction_begin,3,0
208.668,compaction_end,3,43367079
208.679,compaction_begin,3,0
208.840,compaction_end,3,42992652
208.851,compaction_begin,3,0
209.071,compaction_end,3,43367080
209.081,compaction_begin,3,0
209.258,compaction_end,3,43367079
209.268,compaction_begin,3,0
209.762,compaction_end,3,42992648
209.773,compaction_begin,3,0
209.933,compaction_end,3,43367083
209.943,compaction_begin,3,0
210.103,compaction_end,3,42992648
210.114,compaction_begin,3,0
210.148,flush_begin,0,0
210.390,flush_end,0,2744607
210.525,compaction_end,3,43367078
210.535,compaction_begin,2,0
211.214,compaction_end,2,6920117
211.232,compaction_begin,3,0
211.625,compaction_end,3,43367082
211.637,compaction_begin,3,0
211.811,compaction_end,3,42992652
211.823,compaction_begin,3,0
211.997,compaction_end,3,43367080
212.009,compaction_begin,3,0
212.243,compaction_end,3,43367079
212.254,compaction_begin,3,0
212.425,compaction_end,3,43367078
212.436,compaction_begin,3,0
212.644,compaction_end,3,43367078
212.655,compaction_begin,3,0
212.982,compaction_end,3,43367081
212.993,compaction_begin,3,0
213.167,compaction_end,3,43367079
213.178,compaction_begin,3,0
213.473,compaction_end,3,42992648
213.481,compaction_begin,3,0
213.973,compaction_end,3,42992648
213.986,compaction_begin,3,0
214.148,compaction_end,3,42618172
214.160,compaction_begin,3,0
214.773,compaction_end,3,42992653
214.783,compaction_begin,3,0
215.135,compaction_end,3,43367079
215.146,compaction_begin,3,0
215.305,compaction_end,3,42992649
215.316,compaction_begin,3,0
215.526,compaction_end,3,42992650
215.537,compaction_begin,3,0
215.649,flush_begin,0,0
215.888,flush_end,0,2744372
216.058,compaction_end,3,43367077
216.068,compaction_begin,2,0
216.587,compaction_end,2,6996070
216.604,compaction_begin,3,0
216.990,compaction_end,3,43367082
217.001,compaction_begin,3,0
217.165,compaction_end,3,43367080
217.176,compaction_begin,3,0
217.346,compaction_end,3,42992652
217.357,compaction_begin,3,0
217.729,compaction_end,3,43367079
217.740,compaction_begin,3,0
217.900,compaction_end,3,43367078
217.911,compaction_begin,3,0
218.070,compaction_end,3,43367083
218.081,compaction_begin,3,0
218.243,compaction_end,3,42992650
218.253,compaction_begin,3,0
218.746,compaction_end,3,42992648
218.756,compaction_begin,3,0
218.919,compaction_end,3,43367080
218.930,compaction_begin,3,0
219.092,compaction_end,3,42992655
219.103,compaction_begin,3,0
219.265,compaction_end,3,43367082
219.276,compaction_begin,3,0
219.534,compaction_end,3,42992653
219.545,compaction_begin,3,0
219.914,compaction_end,3,42992648
219.925,compaction_begin,3,0
220.084,compaction_end,3,42992649
220.094,compaction_begin,3,0
220.268,compaction_end,3,43367081
220.279,compaction_begin,3,0
220.491,compaction_end,3,42992648
220.502,compaction_begin,3,0
220.813,compaction_end,3,43367079
220.824,compaction_begin,3,0
220.962,flush_begin,0,0
221.203,flush_end,0,2745260
221.370,compaction_end,3,42992650
221.380,compaction_begin,2,0
222.057,compaction_end,2,7128606
222.073,compaction_begin,3,0
222.272,compaction_end,3,43367082
222.283,compaction_begin,3,0
222.646,compaction_end,3,42992652
222.658,compaction_begin,3,0
222.819,compaction_end,3,42992648
222.829,compaction_begin,3,0
222.997,compaction_end,3,43367080
223.007,compaction_begin,3,0
223.191,compaction_end,3,43367079
223.202,compaction_begin,3,0
223.582,compaction_end,3,43367081
223.593,compaction_begin,3,0
223.884,compaction_end,3,42992648
223.894,compaction_begin,3,0
224.055,compaction_end,3,42992649
224.066,compaction_begin,3,0
224.230,compaction_end,3,43367079
224.240,compaction_begin,3,0
224.462,compaction_end,3,43367078
224.473,compaction_begin,3,0
224.634,compaction_end,3,43367078
224.644,compaction_begin,3,0
225.011,compaction_end,3,43367080
225.022,compaction_begin,3,0
225.185,compaction_end,3,42992650
225.196,compaction_begin,3,0
225.437,compaction_end,3,42992652
225.448,compaction_begin,3,0
226.381,compaction_end,3,42992651
226.392,compaction_begin,3,0
226.636,flush_begin,0,0
226.877,flush_end,0,2744669
227.045,compaction_end,3,42992649
227.056,compaction_begin,2,0
227.494,compaction_end,2,6961004
227.511,compaction_begin,3,0
227.901,compaction_end,3,43367082
227.912,compaction_begin,3,0
228.076,compaction_end,3,43367080
228.087,compaction_begin,3,0
228.259,compaction_end,3,42992652
228.271,compaction_begin,3,0
228.753,compaction_end,3,42992648
228.764,compaction_begin,3,0
228.885,compaction_end,3,32415986
228.895,compaction_begin,3,0
229.058,compaction_end,3,42992648
229.069,compaction_begin,3,0
229.242,compaction_end,3,43367081
229.253,compaction_begin,3,0
229.462,compaction_end,3,42992650
229.473,compaction_begin,3,0
229.863,compaction_end,3,42992651
229.875,compaction_begin,3,0
230.037,compaction_end,3,42992649
230.047,compaction_begin,3,0
230.256,compaction_end,3,42992650
230.267,compaction_begin,3,0
230.619,compaction_end,3,43367079
230.630,compaction_begin,3,0
230.793,compaction_end,3,43367083
230.804,compaction_begin,3,0
230.991,compaction_end,3,43367079
231.002,compaction_begin,3,0
231.165,compaction_end,3,42992649
231.176,compaction_begin,3,0
231.336,compaction_end,3,42992655
231.346,compaction_begin,3,0
231.566,compaction_end,3,43367078
231.577,compaction_begin,3,0
231.782,compaction_end,3,42992653
231.792,compaction_begin,3,0
232.027,flush_begin,0,0
232.267,flush_end,0,2744599
232.435,compaction_end,3,42992648
232.442,compaction_begin,2,0
233.128,compaction_end,2,7020209
233.149,compaction_begin,3,0
233.343,compaction_end,3,43367082
233.355,compaction_begin,3,0
233.723,compaction_end,3,43367079
233.735,compaction_begin,3,0
234.023,compaction_end,3,42992648
234.032,compaction_begin,3,0
234.202,compaction_end,3,42992652
234.214,compaction_begin,3,0
234.568,compaction_end,3,43367080
234.579,compaction_begin,3,0
234.740,compaction_end,3,43367083
234.751,compaction_begin,3,0
235.029,compaction_end,3,42992648
235.040,compaction_begin,3,0
235.202,compaction_end,3,43367078
235.213,compaction_begin,3,0
235.622,compaction_end,3,42992649
235.632,compaction_begin,3,0
235.805,compaction_end,3,43367081
235.816,compaction_begin,3,0
236.036,compaction_end,3,42992651
236.046,compaction_begin,3,0
236.210,compaction_end,3,43367077
236.221,compaction_begin,3,0
236.349,compaction_end,3,32415986
236.359,compaction_begin,3,0
236.573,compaction_end,3,43367078
236.584,compaction_begin,3,0
236.883,compaction_end,3,43367079
236.894,compaction_begin,3,0
237.181,compaction_end,3,42992648
237.192,compaction_begin,3,0
237.275,flush_begin,0,0
237.514,flush_end,0,2744550
237.682,compaction_end,3,42992652
237.692,compaction_begin,2,0
238.300,compaction_end,2,7204501
238.318,compaction_begin,3,0
238.708,compaction_end,3,43367082
238.720,compaction_begin,3,0
238.891,compaction_end,3,42992652
238.903,compaction_begin,3,0
239.070,compaction_end,3,43367080
239.082,compaction_begin,3,0
239.266,compaction_end,3,43367081
239.277,compaction_begin,3,0
239.448,compaction_end,3,43367078
239.458,compaction_begin,3,0
239.820,compaction_end,3,43367079
239.830,compaction_begin,3,0
240.116,compaction_end,3,42992648
240.126,compaction_begin,3,0
240.288,compaction_end,3,42992653
240.299,compaction_begin,3,0
240.427,compaction_end,3,32415986
240.437,compaction_begin,3,0
240.713,compaction_end,3,42992655
240.723,compaction_begin,3,0
241.030,compaction_end,3,43367080
241.041,compaction_begin,3,0
241.268,compaction_end,3,42992650
241.278,compaction_begin,3,0
241.525,compaction_end,3,42992653
241.536,compaction_begin,3,0
241.696,compaction_end,3,42992649
241.707,compaction_begin,3,0
242.115,compaction_end,3,42992648
242.126,compaction_begin,3,0
242.487,compaction_end,3,42992648
242.497,compaction_begin,3,0
242.751,flush_begin,0,0
242.989,flush_end,0,2744693
243.155,compaction_end,3,42618172
243.165,compaction_begin,2,0
243.600,compaction_end,2,7300068
243.617,compaction_begin,3,0
244.007,compaction_end,3,43367082
244.019,compaction_begin,3,0
244.185,compaction_end,3,43367080
244.196,compaction_begin,3,0
244.457,compaction_end,3,42992653
244.467,compaction_begin,3,0
244.733,compaction_end,3,42992652
244.745,compaction_begin,3,0
244.926,compaction_end,3,43367081
244.937,compaction_begin,3,0
245.155,compaction_end,3,43367080
245.165,compaction_begin,3,0
245.404,compaction_end,3,42992648
245.415,compaction_begin,3,0
245.791,compaction_end,3,43367079
245.803,compaction_begin,3,0
245.967,compaction_end,3,43367078
245.978,compaction_begin,3,0
246.140,compaction_end,3,43367077
246.151,compaction_begin,3,0
246.384,compaction_end,3,43367079
246.396,compaction_begin,3,0
246.897,compaction_end,3,42992648
246.908,compaction_begin,3,0
247.031,compaction_end,3,32415986
247.038,compaction_begin,3,0
247.208,compaction_end,3,42992650
247.219,compaction_begin,3,0
247.690,compaction_end,3,42992648
247.701,compaction_begin,3,0
247.879,compaction_end,3,42992648
247.890,compaction_begin,3,0
248.053,compaction_end,3,43367078
248.065,compaction_begin,3,0
248.200,flush_begin,0,0
248.441,flush_end,0,2744969
248.479,compaction_end,3,42992651
248.490,compaction_begin,2,0
249.170,compaction_end,2,7419391
249.188,compaction_begin,3,0
249.574,compaction_end,3,43367082
249.586,compaction_begin,3,0
249.771,compaction_end,3,43367081
249.782,compaction_begin,3,0
249.953,compaction_end,3,42992652
249.965,compaction_begin,3,0
250.241,compaction_end,3,42992650
250.252,compaction_begin,3,0
250.609,compaction_end,3,43367080
250.619,compaction_begin,3,0
250.782,compaction_end,3,42992650
250.793,compaction_begin,3,0
251.017,compaction_end,3,42618172
251.027,compaction_begin,3,0
251.185,compaction_end,3,42992655
251.195,compaction_begin,3,0
251.631,compaction_end,3,43367079
251.642,compaction_begin,3,0
251.801,compaction_end,3,43367083
251.811,compaction_begin,3,0
251.988,compaction_end,3,43367079
251.998,compaction_begin,3,0
252.161,compaction_end,3,43367078
252.172,compaction_begin,3,0
252.884,compaction_end,3,42992653
252.895,compaction_begin,3,0
253.075,compaction_end,3,43367083
253.086,compaction_begin,3,0
253.421,compaction_end,3,43367079
253.432,compaction_begin,3,0
253.772,flush_begin,0,0
254.015,flush_end,0,2745186
254.185,compaction_end,3,42992648
254.196,compaction_begin,2,0
254.875,compaction_end,2,7417377
254.891,compaction_begin,3,0
255.082,compaction_end,3,43367082
255.094,compaction_begin,3,0
255.260,compaction_end,3,43367080
255.272,compaction_begin,3,0
255.640,compaction_end,3,42992652
255.652,compaction_begin,3,0
255.810,compaction_end,3,43367078
255.820,compaction_begin,3,0
255.999,compaction_end,3,43367079
256.011,compaction_begin,3,0
256.173,compaction_end,3,42992650
256.183,compaction_begin,3,0
256.407,compaction_end,3,43367080
256.418,compaction_begin,3,0
256.637,compaction_end,3,43367078
256.647,compaction_begin,3,0
257.076,compaction_end,3,42992650
257.086,compaction_begin,3,0
257.250,compaction_end,3,43367077
257.260,compaction_begin,3,0
257.725,compaction_end,3,42992648
257.735,compaction_begin,3,0
257.898,compaction_end,3,42992651
257.908,compaction_begin,3,0
258.095,compaction_end,3,42992648
258.107,compaction_begin,3,0
258.271,compaction_end,3,42992653
258.282,compaction_begin,3,0
258.410,compaction_end,3,32415986
258.420,compaction_begin,3,0
258.801,compaction_end,3,43367081
258.812,compaction_begin,3,0
258.983,compaction_end,3,43367083
258.993,compaction_begin,3,0
259.123,flush_begin,0,0
259.366,flush_end,0,2744403
259.402,compaction_end,3,42992648
259.413,compaction_begin,2,0
260.091,compaction_end,2,7498312
260.107,compaction_begin,3,0
260.299,compaction_end,3,43367082
260.311,compaction_begin,3,0
260.686,compaction_end,3,43367079
260.697,compaction_begin,3,0
260.870,compaction_end,3,43367081
260.882,compaction_begin,3,0
261.047,compaction_end,3,43367080
261.060,compaction_begin,3,0
261.229,compaction_end,3,42992652
261.240,compaction_begin,3,0
261.674,compaction_end,3,43367079
261.684,compaction_begin,3,0
261.847,compaction_end,3,42992649
261.857,compaction_begin,3,0
262.020,compaction_end,3,42618172
262.030,compaction_begin,3,0
262.192,compaction_end,3,42992648
262.201,compaction_begin,3,0
262.669,compaction_end,3,42992648
262.679,compaction_begin,3,0
262.867,compaction_end,3,42992648
262.877,compaction_begin,3,0
263.071,compaction_end,3,42992648
263.081,compaction_begin,3,0
263.246,compaction_end,3,43367077
263.257,compaction_begin,3,0
263.730,compaction_end,3,42992648
263.741,compaction_begin,3,0
263.906,compaction_end,3,43367078
263.917,compaction_begin,3,0
264.111,compaction_end,3,42992648
264.121,compaction_begin,3,0
264.281,compaction_end,3,43367078
264.291,compaction_begin,3,0
264.568,flush_begin,0,0
264.809,flush_end,0,2744698
264.974,compaction_end,3,42992651
264.984,compaction_begin,2,0
265.388,compaction_end,2,7621287
265.404,compaction_begin,3,0
265.786,compaction_end,3,43367082
265.798,compaction_begin,3,0
265.971,compaction_end,3,42992652
265.983,compaction_begin,3,0
266.678,compaction_end,3,42992653
266.689,compaction_begin,3,0
267.049,compaction_end,3,43367080
267.060,compaction_begin,3,0
267.247,compaction_end,3,43367081
267.258,compaction_begin,3,0
267.453,compaction_end,3,42992649
267.463,compaction_begin,3,0
267.810,compaction_end,3,43367079
267.818,compaction_begin,3,0
268.029,compaction_end,3,42618172
268.042,compaction_begin,3,0
268.207,compaction_end,3,42992649
268.217,compaction_begin,3,0
268.532,compaction_end,3,43367077
268.542,compaction_begin,3,0
268.884,compaction_end,3,42992648
268.894,compaction_begin,3,0
269.057,compaction_end,3,43367079
269.068,compaction_begin,3,0
269.233,compaction_end,3,43367080
269.243,compaction_begin,3,0
269.454,compaction_end,3,42992650
269.464,compaction_begin,3,0
269.898,compaction_end,3,42992650
269.908,compaction_begin,3,0
269.986,flush_begin,0,0
270.229,flush_end,0,2744647
270.326,compaction_end,3,42992653
270.336,compaction_begin,2,0
271.025,compaction_end,2,7339340
271.042,compaction_begin,3,0
271.254,compaction_end,3,43367082
271.266,compaction_begin,3,0
271.624,compaction_end,3,43367080
271.636,compaction_begin,3,0
271.808,compaction_end,3,42992652
271.819,compaction_begin,3,0
272.091,compaction_end,3,42992648
272.101,compaction_begin,3,0
272.276,compaction_end,3,43367079
272.287,compaction_begin,3,0
272.668,compaction_end,3,43367081
272.679,compaction_begin,3,0
272.843,compaction_end,3,43367078
272.853,compaction_begin,3,0
273.138,compaction_end,3,42992648
273.148,compaction_begin,3,0
273.328,compaction_end,3,42992648
273.338,compaction_begin,3,0
273.776,compaction_end,3,42992651
273.786,compaction_begin,3,0
273.908,compaction_end,3,32415986
273.918,compaction_begin,3,0
274.081,compaction_end,3,43367079
274.091,compaction_begin,3,0
274.255,compaction_end,3,42992648
274.265,compaction_begin,3,0
274.464,compaction_end,3,42992649
274.474,compaction_begin,3,0
274.703,compaction_end,3,42992653
274.714,compaction_begin,3,0
275.048,compaction_end,3,43367079
275.058,compaction_begin,3,0
275.223,compaction_end,3,43367077
275.233,compaction_begin,3,0
275.406,compaction_end,3,43367078
275.416,compaction_begin,3,0
275.726,flush_begin,0,0
275.967,flush_end,0,2744308
276.135,compaction_end,3,42992650
276.145,compaction_begin,2,0
276.518,compaction_end,2,7475359
276.535,compaction_begin,3,0
276.924,compaction_end,3,43367082
276.936,compaction_begin,3,0
277.100,compaction_end,3,43367080
277.111,compaction_begin,3,0
277.407,compaction_end,3,42992648
277.417,compaction_begin,3,0
277.784,compaction_end,3,42992652
277.796,compaction_begin,3,0
277.976,compaction_end,3,43367079
277.987,compaction_begin,3,0
278.150,compaction_end,3,42992648
278.160,compaction_begin,3,0
278.323,compaction_end,3,43367078
278.334,compaction_begin,3,0
278.768,compaction_end,3,43367079
278.778,compaction_begin,3,0
278.951,compaction_end,3,43367081
278.962,compaction_begin,3,0
279.122,compaction_end,3,42992649
279.132,compaction_begin,3,0
279.294,compaction_end,3,43367078
279.304,compaction_begin,3,0
279.785,compaction_end,3,42992650
279.795,compaction_begin,3,0
279.956,compaction_end,3,43367077
279.966,compaction_begin,3,0
280.128,compaction_end,3,43367083
280.138,compaction_begin,3,0
280.303,compaction_end,3,42992650
280.313,compaction_begin,3,0
280.568,compaction_end,3,42992653
280.578,compaction_begin,3,0
280.737,compaction_end,3,42992649
280.747,compaction_begin,3,0
280.971,flush_begin,0,0
281.218,flush_end,0,2744951
281.388,compaction_end,3,42992648
281.399,compaction_begin,2,0
282.100,compaction_end,2,7625717
282.117,compaction_begin,3,0
282.316,compaction_end,3,43367082
282.326,compaction_begin,3,0
282.692,compaction_end,3,43367080
282.703,compaction_begin,3,0
282.880,compaction_end,3,42992652
282.892,compaction_begin,3,0
283.056,compaction_end,3,42992649
283.067,compaction_begin,3,0
283.295,compaction_end,3,43367080
283.305,compaction_begin,3,0
283.680,compaction_end,3,43367079
283.691,compaction_begin,3,0
283.978,compaction_end,3,42992648
283.989,compaction_begin,3,0
284.155,compaction_end,3,43367078
284.165,compaction_begin,3,0
284.326,compaction_end,3,42992653
284.336,compaction_begin,3,0
284.465,compaction_end,3,32415986
284.475,compaction_begin,3,0
284.950,compaction_end,3,42992650
284.961,compaction_begin,3,0
285.124,compaction_end,3,42992650
285.134,compaction_begin,3,0
285.308,compaction_end,3,43367081
285.319,compaction_begin,3,0
285.774,compaction_end,3,42992651
285.784,compaction_begin,3,0
285.985,compaction_end,3,42992648
285.995,compaction_begin,3,0
286.158,compaction_end,3,43367078
286.168,compaction_begin,3,0
286.220,flush_begin,0,0
286.462,flush_end,0,2744627
286.582,compaction_end,3,42992655
286.592,compaction_begin,2,0
287.271,compaction_end,2,7729360
287.289,compaction_begin,3,0
287.680,compaction_end,3,43367082
287.692,compaction_begin,3,0
287.856,compaction_end,3,43367080
287.867,compaction_begin,3,0
288.040,compaction_end,3,42992652
288.052,compaction_begin,3,0
288.231,compaction_end,3,43367081
288.242,compaction_begin,3,0
288.719,compaction_end,3,42992650
288.729,compaction_begin,3,0
288.902,compaction_end,3,42992648
288.912,compaction_begin,3,0
289.086,compaction_end,3,43367079
289.098,compaction_begin,3,0
289.222,compaction_end,3,32415986
289.232,compaction_begin,3,0
289.441,compaction_end,3,42992650
289.451,compaction_begin,3,0
289.665,compaction_end,3,42992653
289.675,compaction_begin,3,0
289.834,compaction_end,3,43367083
289.845,compaction_begin,3,0
290.008,compaction_end,3,42992648
290.018,compaction_begin,3,0
290.413,compaction_end,3,42992648
290.423,compaction_begin,3,0
290.616,compaction_end,3,42992649
290.627,compaction_begin,3,0
290.815,compaction_end,3,43367078
290.825,compaction_begin,3,0
291.271,compaction_end,3,42992648
291.281,compaction_begin,3,0
291.664,flush_begin,0,0
291.904,flush_end,0,2744957
291.960,compaction_end,3,43367079
291.971,compaction_begin,2,0
292.381,compaction_end,2,7923758
292.397,compaction_begin,3,0
292.784,compaction_end,3,43367082
292.796,compaction_begin,3,0
292.971,compaction_end,3,43367080
292.983,compaction_begin,3,0
293.176,compaction_end,3,42992652
293.187,compaction_begin,3,0
293.373,compaction_end,3,43367081
293.384,compaction_begin,3,0
293.767,compaction_end,3,43367079
293.779,compaction_begin,3,0
294.046,compaction_end,3,42992648
294.057,compaction_begin,3,0
294.216,compaction_end,3,42992649
294.227,compaction_begin,3,0
294.491,compaction_end,3,42992653
294.501,compaction_begin,3,0
294.890,compaction_end,3,42992648
294.900,compaction_begin,3,0
295.066,compaction_end,3,43367079
295.076,compaction_begin,3,0
295.242,compaction_end,3,42992650
295.252,compaction_begin,3,0
295.669,compaction_end,3,43367080
295.679,compaction_begin,3,0
295.899,compaction_end,3,42992648
295.909,compaction_begin,3,0
296.033,compaction_end,3,32415986
296.043,compaction_begin,3,0
296.392,compaction_end,3,43367083
296.402,compaction_begin,3,0
296.901,compaction_end,3,42992648
296.911,compaction_begin,3,0
297.077,compaction_end,3,42992648
297.087,flush_begin,0,0
297.329,flush_end,0,2744827
297.338,compaction_begin,2,0
298.032,compaction_end,2,8060193
298.048,compaction_begin,3,0
298.243,compaction_end,3,43367082
298.255,compaction_begin,3,0
298.620,compaction_end,3,42992652
298.632,compaction_begin,3,0
298.815,compaction_end,3,43367081
298.826,compaction_begin,3,0
298.984,compaction_end,3,42992649
298.994,compaction_begin,3,0
299.209,compaction_end,3,43367080
299.219,compaction_begin,3,0
299.572,compaction_end,3,43367080
299.583,compaction_begin,3,0
299.768,compaction_end,3,43367079
299.780,compaction_begin,3,0
300.068,compaction_end,3,42992648
300.078,compaction_begin,3,0
300.240,compaction_end,3,42992648
300.250,compaction_begin,3,0
300.463,compaction_end,3,42992650
300.473,compaction_begin,3,0
301.220,compaction_end,3,42992652
301.230,compaction_begin,3,0
301.724,compaction_end,3,42992648
301.734,compaction_begin,3,0
301.895,compaction_end,3,42618172
301.905,compaction_begin,3,0
302.070,compaction_end,3,43367078
302.081,compaction_begin,3,0
302.245,compaction_end,3,42992648
302.255,compaction_begin,3,0
302.479,compaction_end,3,43367083
302.489,compaction_begin,3,0
302.698,flush_begin,0,0
302.937,flush_end,0,2744558
303.651,compaction_end,3,42618171
303.661,compaction_begin,2,0
304.341,compaction_end,2,7820030
304.358,compaction_begin,3,0
304.741,compaction_end,3,43367082
304.753,compaction_begin,3,0
304.917,compaction_end,3,43367080
304.930,compaction_begin,3,0
305.103,compaction_end,3,42992652
305.114,compaction_begin,3,0
305.298,compaction_end,3,43367081
305.309,compaction_begin,3,0
305.685,compaction_end,3,43367079
305.696,compaction_begin,3,0
305.911,compaction_end,3,42618172
305.921,compaction_begin,3,0
306.084,compaction_end,3,42992649
306.095,compaction_begin,3,0
306.258,compaction_end,3,42992648
306.269,compaction_begin,3,0
306.738,compaction_end,3,42992648
306.747,compaction_begin,3,0
306.910,compaction_end,3,43367077
306.920,compaction_begin,3,0
307.083,compaction_end,3,42618171
307.093,compaction_begin,3,0
307.294,compaction_end,3,42992648
307.304,compaction_begin,3,0
307.778,compaction_end,3,42992648
307.788,compaction_begin,3,0
307.933,flush_begin,0,0
308.172,flush_end,0,2744298
308.227,compaction_end,3,42992648
308.237,compaction_begin,2,0
308.908,compaction_end,2,8034108
308.917,compaction_begin,3,0
309.091,compaction_end,3,43367082
309.105,compaction_begin,3,0
309.272,compaction_end,3,43367080
309.284,compaction_begin,3,0
309.648,compaction_end,3,42992652
309.659,compaction_begin,3,0
309.842,compaction_end,3,43367081
309.853,compaction_begin,3,0
310.012,compaction_end,3,42992648
310.020,compaction_begin,3,0
310.196,compaction_end,3,43367079
310.210,compaction_begin,3,0
310.384,compaction_end,3,43367083
310.392,compaction_begin,3,0
310.853,compaction_end,3,42992650
310.865,compaction_begin,3,0
311.027,compaction_end,3,42992653
311.037,compaction_begin,3,0
311.197,compaction_end,3,42992652
311.208,compaction_begin,3,0
311.678,compaction_end,3,42992648
311.688,compaction_begin,3,0
311.848,compaction_end,3,42992649
311.858,compaction_begin,3,0
312.021,compaction_end,3,43367078
312.031,compaction_begin,3,0
312.741,compaction_end,3,42992653
312.751,compaction_begin,3,0
313.176,compaction_end,3,42618171
313.186,compaction_begin,3,0
313.352,compaction_end,3,43367078
313.361,compaction_begin,3,0
313.429,flush_begin,0,0
313.670,flush_end,0,2744711
313.824,compaction_end,3,42992650
313.834,compaction_begin,2,0
314.467,compaction_end,2,8055656
314.483,compaction_begin,3,0
314.868,compaction_end,3,43367082
314.879,compaction_begin,3,0
315.042,compaction_end,3,43367080
315.054,compaction_begin,3,0
315.214,compaction_end,3,43367078
315.225,compaction_begin,3,0
315.590,compaction_end,3,42992652
315.601,compaction_begin,3,0
315.779,compaction_end,3,43367079
315.790,compaction_begin,3,0
315.949,compaction_end,3,42992652
315.960,compaction_begin,3,0
316.179,compaction_end,3,43367080
316.190,compaction_begin,3,0
316.353,compaction_end,3,43367078
316.364,compaction_begin,3,0
316.852,compaction_end,3,42992648
316.862,compaction_begin,3,0
317.026,compaction_end,3,42992650
317.036,compaction_begin,3,0
317.200,compaction_end,3,43367079
317.210,compaction_begin,3,0
317.592,compaction_end,3,43367081
317.603,compaction_begin,3,0
317.764,compaction_end,3,42992648
317.774,compaction_begin,3,0
317.939,compaction_end,3,42992650
317.949,compaction_begin,3,0
318.121,compaction_end,3,43367083
318.131,compaction_begin,3,0
318.385,compaction_end,3,42992651
318.396,compaction_begin,3,0
318.852,flush_begin,0,0
319.094,flush_end,0,2744964
319.148,compaction_end,3,42992648
319.158,compaction_begin,2,0
319.518,compaction_end,2,8176012
319.533,compaction_begin,3,0
319.921,compaction_end,3,43367082
319.933,compaction_begin,3,0
320.113,compaction_end,3,43367079
320.124,compaction_begin,3,0
320.290,compaction_end,3,43367080
320.302,compaction_begin,3,0
320.796,compaction_end,3,42992648
320.807,compaction_begin,3,0
320.983,compaction_end,3,43367081
320.995,compaction_begin,3,0
321.165,compaction_end,3,42992652
321.177,compaction_begin,3,0
321.339,compaction_end,3,43367078
321.349,compaction_begin,3,0
321.837,compaction_end,3,42992648
321.848,compaction_begin,3,0
322.007,compaction_end,3,42992653
322.018,compaction_begin,3,0
322.182,compaction_end,3,42992650
322.192,compaction_begin,3,0
322.505,compaction_end,3,43367077
322.516,compaction_begin,3,0
322.678,compaction_end,3,42992648
322.688,compaction_begin,3,0
323.049,compaction_end,3,42992650
323.059,compaction_begin,3,0
323.224,compaction_end,3,42992648
323.235,compaction_begin,3,0
323.637,compaction_end,3,42992649
323.648,compaction_begin,3,0
323.805,compaction_end,3,42992653
323.815,compaction_begin,3,0
323.987,compaction_end,3,42618172
323.998,compaction_begin,3,0
324.226,compaction_end,3,42992648
324.236,compaction_begin,3,0
324.358,flush_begin,0,0
324.598,flush_end,0,2744588
324.766,compaction_end,3,42992655
324.776,compaction_begin,2,0
325.341,compaction_end,2,8186877
325.360,compaction_begin,3,0
325.752,compaction_end,3,43367082
325.764,compaction_begin,3,0
325.936,compaction_end,3,42992652
325.947,compaction_begin,3,0
326.114,compaction_end,3,43367080
326.126,compaction_begin,3,0
326.433,compaction_end,3,42992648
326.443,compaction_begin,3,0
326.916,compaction_end,3,42992648
326.927,compaction_begin,3,0
327.048,compaction_end,3,32415986
327.059,compaction_begin,3,0
327.218,compaction_end,3,43367083
327.229,compaction_begin,3,0
327.485,compaction_end,3,42992653
327.496,compaction_begin,3,0
327.780,compaction_end,3,43367079
327.792,compaction_begin,3,0
327.970,compaction_end,3,43367081
327.982,compaction_begin,3,0
328.271,compaction_end,3,42992648
328.281,compaction_begin,3,0
328.739,compaction_end,3,42992651
328.750,compaction_begin,3,0
328.918,compaction_end,3,42992648
328.929,compaction_begin,3,0
329.094,compaction_end,3,43367079
329.104,compaction_begin,3,0
329.270,compaction_end,3,43367080
329.281,compaction_begin,3,0
329.641,flush_begin,0,0
329.882,flush_end,0,2744846
329.944,compaction_end,3,42618172
329.954,compaction_begin,2,0
330.387,compaction_end,2,8383210
330.403,compaction_begin,3,0
330.787,compaction_end,3,43367082
330.800,compaction_begin,3,0
330.974,compaction_end,3,42992652
330.985,compaction_begin,3,0
331.151,compaction_end,3,43367080
331.162,compaction_begin,3,0
331.341,compaction_end,3,43367079
331.353,compaction_begin,3,0
331.732,compaction_end,3,43367081
331.742,compaction_begin,3,0
331.903,compaction_end,3,42992648
331.913,compaction_begin,3,0
332.073,compaction_end,3,42992653
332.083,compaction_begin,3,0
332.246,compaction_end,3,42992649
332.256,compaction_begin,3,0
332.466,compaction_end,3,42992650
332.476,compaction_begin,3,0
332.710,compaction_end,3,42992655
332.721,compaction_begin,3,0
333.004,compaction_end,3,42992649
333.015,compaction_begin,3,0
333.177,compaction_end,3,43367077
333.188,compaction_begin,3,0
333.348,compaction_end,3,43367078
333.359,compaction_begin,3,0
333.835,compaction_end,3,42992650
333.845,compaction_begin,3,0
334.023,compaction_end,3,42992648
334.033,compaction_begin,3,0
334.191,compaction_end,3,42992652
334.202,compaction_begin,3,0
334.703,compaction_end,3,42992648
334.714,compaction_begin,3,0
334.876,compaction_end,3,42992653
334.887,compaction_begin,3,0
335.051,compaction_end,3,43367078
335.062,compaction_begin,3,0
335.091,flush_begin,0,0
335.331,flush_end,0,2744469
335.473,compaction_end,3,42618172
335.484,compaction_begin,2,0
336.165,compaction_end,2,8418500
336.180,compaction_begin,3,0
336.374,compaction_end,3,43367082
336.386,compaction_begin,3,0
336.753,compaction_end,3,42992652
336.764,compaction_begin,3,0
336.930,compaction_end,3,43367080
336.942,compaction_begin,3,0
337.125,compaction_end,3,43367081
337.136,compaction_begin,3,0
337.390,compaction_end,3,42992651
337.401,compaction_begin,3,0
337.773,compaction_end,3,43367079
337.783,compaction_begin,3,0
337.942,compaction_end,3,43367083
337.953,compaction_begin,3,0
338.115,compaction_end,3,42992649
338.126,compaction_begin,3,0
338.286,compaction_end,3,42992653
338.296,compaction_begin,3,0
338.700,compaction_end,3,42992649
338.711,compaction_begin,3,0
338.875,compaction_end,3,43367077
338.885,compaction_begin,3,0
339.112,compaction_end,3,42992648
339.122,compaction_begin,3,0
339.287,compaction_end,3,43367078
339.297,compaction_begin,3,0
339.777,compaction_end,3,42992650
339.787,compaction_begin,3,0
339.959,compaction_end,3,42992648
339.969,compaction_begin,3,0
340.132,compaction_end,3,42618172
340.143,compaction_begin,3,0
340.308,compaction_end,3,42992650
340.318,compaction_begin,3,0
340.542,compaction_end,3,43367083
340.553,compaction_begin,3,0
340.723,flush_begin,0,0
340.966,flush_end,0,2744789
341.703,compaction_end,3,42992650
341.714,compaction_begin,2,0
342.398,compaction_end,2,8460373
342.413,compaction_begin,3,0
342.787,compaction_end,3,43367082
342.799,compaction_begin,3,0
342.985,compaction_end,3,43367081
342.996,compaction_begin,3,0
343.168,compaction_end,3,42992652
343.179,compaction_begin,3,0
343.354,compaction_end,3,43367079
343.365,compaction_begin,3,0
343.722,compaction_end,3,43367080
343.733,compaction_begin,3,0
344.026,compaction_end,3,42992650
344.036,compaction_begin,3,0
344.201,compaction_end,3,43367078
344.209,compaction_begin,3,0
344.527,compaction_end,3,43367077
344.539,compaction_begin,3,0
344.880,compaction_end,3,42992648
344.891,compaction_begin,3,0
345.629,compaction_end,3,42992649
345.640,compaction_begin,3,0
345.863,compaction_end,3,43367083
345.873,compaction_begin,3,0
345.994,compaction_end,3,32415986
346.004,compaction_begin,3,0
346.219,flush_begin,0,0
346.459,flush_end,0,2744652
346.627,compaction_end,3,43367079
346.638,compaction_begin,2,0
347.316,compaction_end,2,8502327
347.333,compaction_begin,3,0
347.720,compaction_end,3,43367082
347.731,compaction_begin,3,0
347.902,compaction_end,3,42992652
347.913,compaction_begin,3,0
348.190,compaction_end,3,42992648
348.201,compaction_begin,3,0
348.561,compaction_end,3,43367080
348.573,compaction_begin,3,0
348.878,compaction_end,3,42992648
348.889,compaction_begin,3,0
349.055,compaction_end,3,42992648
349.065,compaction_begin,3,0
