t,type,level,bytes
-29.865,flush_begin,0,0
-29.854,flush_end,0,2686930
-29.845,flush_begin,0,0
-29.835,flush_end,0,2686931
-29.826,flush_begin,0,0
-29.816,flush_end,0,2686931
-29.807,flush_begin,0,0
-29.797,flush_end,0,2686931
-29.788,flush_begin,0,0
-29.778,flush_end,0,2686931
-29.769,flush_begin,0,0
-29.759,flush_end,0,2686930
-29.749,flush_begin,0,0
-29.739,flush_end,0,2686932
-29.730,flush_begin,0,0
-29.720,flush_end,0,2686930
-29.711,flush_begin,0,0
-29.701,flush_end,0,2686932
-29.692,flush_begin,0,0
-29.681,flush_end,0,2686930
-29.671,flush_begin,0,0
-29.661,flush_end,0,2686931
-29.652,flush_begin,0,0
-29.642,flush_end,0,2686931
-29.632,flush_begin,0,0
-29.621,flush_end,0,2686930
-29.611,flush_begin,0,0
-29.600,flush_end,0,2686932
-29.590,flush_begin,0,0
-29.579,flush_end,0,2686930
-29.569,flush_begin,0,0
-29.558,flush_end,0,2686931
-29.549,flush_begin,0,0
-29.538,flush_end,0,2686931
-29.529,flush_begin,0,0
-29.519,flush_end,0,2686931
-29.510,flush_begin,0,0
-29.499,flush_end,0,2686931
-29.489,flush_begin,0,0
-29.478,flush_end,0,2686931
-29.468,flush_begin,0,0
-29.457,flush_end,0,2686930
-29.447,flush_begin,0,0
-29.436,flush_end,0,2686933
-29.426,flush_begin,0,0
-29.415,flush_end,0,2686930
-29.406,flush_begin,0,0
-29.395,flush_end,0,2686932
-29.386,flush_begin,0,0
-29.376,flush_end,0,2686930
-29.366,flush_begin,0,0
-29.355,flush_end,0,2686930
-29.345,flush_begin,0,0
-29.334,flush_end,0,2686932
-29.324,flush_begin,0,0
-29.314,flush_end,0,2686930
-29.305,flush_begin,0,0
-29.294,flush_end,0,2686932
-29.285,flush_begin,0,0
-29.274,flush_end,0,2686930
-29.266,flush_begin,0,0
-29.255,flush_end,0,2686931
-29.245,flush_begin,0,0
-29.235,flush_end,0,2686931
-29.225,flush_begin,0,0
-29.215,flush_end,0,2686931
-29.206,flush_begin,0,0
-29.195,flush_end,0,2686931
-29.185,flush_begin,0,0
-29.174,flush_end,0,2686931
-29.164,flush_begin,0,0
-29.153,flush_end,0,2686930
-29.144,flush_begin,0,0
-29.133,flush_end,0,2686932
-29.123,flush_begin,0,0
-29.112,flush_end,0,2686930
-29.104,flush_begin,0,0
-29.093,flush_end,0,2686931
-29.083,flush_begin,0,0
-29.072,flush_end,0,2686931
-29.056,trivial_move,3,2686930
-29.056,flush_begin,0,0
-29.044,flush_end,0,2686930
-29.029,trivial_move,3,2686931
-29.028,flush_begin,0,0
-29.018,flush_end,0,2686932
-29.002,trivial_move,3,2686931
-29.000,flush_begin,0,0
-28.989,flush_end,0,2686930
-28.972,trivial_move,3,2686931
-28.972,flush_begin,0,0
-28.960,flush_end,0,2686933
-28.944,trivial_move,3,2686931
-28.943,flush_begin,0,0
-28.930,flush_end,0,2686930
-28.918,trivial_move,3,2686930
-28.916,flush_begin,0,0
-28.903,flush_end,0,2686931
-28.889,trivial_move,3,2686932
-28.887,flush_begin,0,0
-28.875,flush_end,0,2686931
-28.859,trivial_move,3,2686930
-28.857,flush_begin,0,0
-28.845,flush_end,0,2686931
-28.829,trivial_move,3,2686932
-28.827,flush_begin,0,0
-28.814,flush_end,0,2686931
-28.798,trivial_move,3,2686930
-28.796,flush_begin,0,0
-28.781,flush_end,0,2686930
-28.766,trivial_move,3,2686931
-28.764,flush_begin,0,0
-28.750,flush_end,0,2686930
-28.734,trivial_move,3,2686931
-28.732,flush_begin,0,0
-28.719,flush_end,0,2686931
-28.703,trivial_move,3,2686930
-28.700,flush_begin,0,0
-28.686,flush_end,0,2686931
-28.670,trivial_move,3,2686932
-28.667,flush_begin,0,0
-28.653,flush_end,0,2686931
-28.637,trivial_move,3,2686930
-28.635,flush_begin,0,0
-28.622,flush_end,0,2686931
-28.606,trivial_move,3,2686931
-28.603,flush_begin,0,0
-28.588,flush_end,0,2686930
-28.573,trivial_move,3,2686931
-28.571,flush_begin,0,0
-28.557,flush_end,0,2686932
-28.541,trivial_move,3,2686931
-28.538,flush_begin,0,0
-28.524,flush_end,0,2686930
-28.508,trivial_move,3,2686931
-28.505,flush_begin,0,0
-28.491,flush_end,0,2686932
-28.475,trivial_move,3,2686931
-28.473,flush_begin,0,0
-28.459,flush_end,0,2686930
-28.443,trivial_move,3,2686930
-28.441,flush_begin,0,0
-28.428,flush_end,0,2686931
-28.412,trivial_move,3,2686933
-28.410,flush_begin,0,0
-28.397,flush_end,0,2686931
-28.381,trivial_move,3,2686930
-28.380,flush_begin,0,0
-28.367,flush_end,0,2686930
-28.351,trivial_move,3,2686932
-28.349,flush_begin,0,0
-28.336,flush_end,0,2686932
-28.320,trivial_move,3,2686930
-28.318,flush_begin,0,0
-28.304,flush_end,0,2686930
-28.288,trivial_move,3,2686930
-28.286,flush_begin,0,0
-28.273,flush_end,0,2686932
-28.257,trivial_move,3,2686932
-28.255,flush_begin,0,0
-28.242,flush_end,0,2686931
-28.226,trivial_move,3,2686930
-28.224,flush_begin,0,0
-28.211,flush_end,0,2686931
-28.195,trivial_move,3,2686932
-28.193,flush_begin,0,0
-28.180,flush_end,0,2686931
-28.164,trivial_move,3,2686930
-28.163,flush_begin,0,0
-28.150,flush_end,0,2686931
-28.134,trivial_move,3,2686931
-28.132,flush_begin,0,0
-28.119,flush_end,0,2686930
-28.103,trivial_move,3,2686931
-28.101,flush_begin,0,0
-28.088,flush_end,0,2686932
-28.072,trivial_move,3,2686931
-28.070,flush_begin,0,0
-28.057,flush_end,0,2686930
-28.041,trivial_move,3,2686931
-28.039,flush_begin,0,0
-28.025,flush_end,0,2686932
-28.008,trivial_move,3,2686931
-28.006,flush_begin,0,0
-27.992,flush_end,0,2686930
-27.976,trivial_move,3,2686930
-27.974,flush_begin,0,0
-27.961,flush_end,0,2686930
-27.945,trivial_move,3,2686932
-27.943,flush_begin,0,0
-27.929,flush_end,0,2686932
-27.913,trivial_move,3,2686930
-27.911,flush_begin,0,0
-27.897,flush_end,0,2686930
-27.881,trivial_move,3,2686931
-27.879,flush_begin,0,0
-27.866,flush_end,0,2686932
-27.850,trivial_move,3,2686931
-27.848,flush_begin,0,0
-27.835,flush_end,0,2686930
-27.819,trivial_move,3,2686930
-27.816,flush_begin,0,0
-27.804,flush_end,0,2686931
-27.788,trivial_move,3,2686932
-27.786,flush_begin,0,0
-27.772,flush_end,0,2686931
-27.756,trivial_move,3,2686930
-27.754,flush_begin,0,0
-27.740,flush_end,0,2686931
-27.724,trivial_move,3,2686933
-27.722,flush_begin,0,0
-27.709,flush_end,0,2686931
-27.693,trivial_move,3,2686930
-27.691,flush_begin,0,0
-27.676,flush_end,0,2686931
-27.660,trivial_move,3,2686931
-27.658,flush_begin,0,0
-27.644,flush_end,0,2686930
-27.628,trivial_move,3,2686931
-27.626,flush_begin,0,0
-27.613,flush_end,0,2686933
-27.597,trivial_move,3,2686931
-27.595,flush_begin,0,0
-27.582,flush_end,0,2686930
-27.566,trivial_move,3,2686931
-27.564,flush_begin,0,0
-27.551,flush_end,0,2686931
-27.535,trivial_move,3,2686930
-27.533,flush_begin,0,0
-27.520,flush_end,0,2686931
-27.504,trivial_move,3,2686930
-27.502,flush_begin,0,0
-27.489,flush_end,0,2686930
-27.473,trivial_move,3,2686931
-27.470,flush_begin,0,0
-27.457,flush_end,0,2686932
-27.441,trivial_move,3,2686931
-27.439,flush_begin,0,0
-27.426,flush_end,0,2686930
-27.410,trivial_move,3,2686931
-27.408,flush_begin,0,0
-27.395,flush_end,0,2686932
-27.379,trivial_move,3,2686931
-27.377,flush_begin,0,0
-27.363,flush_end,0,2686930
-27.346,trivial_move,3,2686930
-27.345,flush_begin,0,0
-27.330,flush_end,0,2686931
-27.315,trivial_move,3,2686932
-27.313,flush_begin,0,0
-27.299,flush_end,0,2686931
-27.283,trivial_move,3,2686930
-27.281,flush_begin,0,0
-27.267,flush_end,0,2686931
-27.251,trivial_move,3,2686932
-27.249,flush_begin,0,0
-27.235,flush_end,0,2686931
-27.220,trivial_move,3,2686930
-27.219,flush_begin,0,0
-27.206,flush_end,0,2686930
-27.190,trivial_move,3,2686931
-27.188,flush_begin,0,0
-27.175,flush_end,0,2686930
-27.159,trivial_move,3,2686931
-27.157,flush_begin,0,0
-27.144,flush_end,0,2686931
-27.128,trivial_move,3,2686930
-27.126,flush_begin,0,0
-27.113,flush_end,0,2686931
-27.097,trivial_move,3,2686932
-27.095,flush_begin,0,0
-27.082,flush_end,0,2686931
-27.066,trivial_move,3,2686930
-27.065,flush_begin,0,0
-27.053,flush_end,0,2686931
-27.037,trivial_move,3,2686932
-27.036,flush_begin,0,0
-27.024,flush_end,0,2686930
-27.008,trivial_move,3,2686931
-27.007,flush_begin,0,0
-26.994,flush_end,0,2686932
-26.978,trivial_move,3,2686931
-26.977,flush_begin,0,0
-26.965,flush_end,0,2686930
-26.949,trivial_move,3,2686931
-26.947,flush_begin,0,0
-26.935,flush_end,0,2686933
-26.919,trivial_move,3,2686931
-26.918,flush_begin,0,0
-26.904,flush_end,0,2686930
-26.890,trivial_move,3,2686930
-26.889,flush_begin,0,0
-26.876,flush_end,0,2686931
-26.860,trivial_move,3,2686932
-26.858,flush_begin,0,0
-26.846,flush_end,0,2686931
-26.830,trivial_move,3,2686930
-26.829,flush_begin,0,0
-26.816,flush_end,0,2686930
-26.800,trivial_move,3,2686932
-26.799,flush_begin,0,0
-26.786,flush_end,0,2686932
-26.770,trivial_move,3,2686930
-26.768,flush_begin,0,0
-26.755,flush_end,0,2686930
-26.739,trivial_move,3,2686930
-26.738,flush_begin,0,0
-26.724,flush_end,0,2686931
-26.708,trivial_move,3,2686932
-26.707,flush_begin,0,0
-26.693,flush_end,0,2686931
-26.677,trivial_move,3,2686930
-26.675,flush_begin,0,0
-26.661,flush_end,0,2686931
-26.645,trivial_move,3,2686932
-26.644,flush_begin,0,0
-26.630,flush_end,0,2686931
-26.614,trivial_move,3,2686930
-26.612,flush_begin,0,0
-26.599,flush_end,0,2686931
-26.583,trivial_move,3,2686931
-26.581,flush_begin,0,0
-26.568,flush_end,0,2686930
-26.552,trivial_move,3,2686931
-26.550,flush_begin,0,0
-26.536,flush_end,0,2686932
-26.520,trivial_move,3,2686931
-26.518,flush_begin,0,0
-26.504,flush_end,0,2686930
-26.488,trivial_move,3,2686931
-26.487,flush_begin,0,0
-26.473,flush_end,0,2686932
-26.457,trivial_move,3,2686931
-26.455,flush_begin,0,0
-26.442,flush_end,0,2686930
-26.426,trivial_move,3,2686930
-26.424,flush_begin,0,0
-26.411,flush_end,0,2686930
-26.395,trivial_move,3,2686933
-26.394,flush_begin,0,0
-26.380,flush_end,0,2686932
-26.363,trivial_move,3,2686930
-26.361,flush_begin,0,0
-26.348,flush_end,0,2686930
-26.332,trivial_move,3,2686931
-26.330,flush_begin,0,0
-26.315,flush_end,0,2686932
-26.299,trivial_move,3,2686931
-26.297,flush_begin,0,0
-26.282,flush_end,0,2686930
-26.267,trivial_move,3,2686930
-26.265,flush_begin,0,0
-26.251,flush_end,0,2686932
-26.235,trivial_move,3,2686932
-26.233,flush_begin,0,0
-26.217,flush_end,0,2686931
-26.202,trivial_move,3,2686930
-26.199,flush_begin,0,0
-26.183,flush_end,0,2686931
-26.166,trivial_move,3,2686932
-26.164,flush_begin,0,0
-26.149,flush_end,0,2686931
-26.133,trivial_move,3,2686930
-26.131,flush_begin,0,0
-26.116,flush_end,0,2686931
-26.100,trivial_move,3,2686931
-26.098,flush_begin,0,0
-26.084,flush_end,0,2686930
-26.067,trivial_move,3,2686931
-26.065,flush_begin,0,0
-26.050,flush_end,0,2686932
-26.034,trivial_move,3,2686931
-26.031,flush_begin,0,0
-26.017,flush_end,0,2686930
-26.001,trivial_move,3,2686931
-25.999,flush_begin,0,0
-25.984,flush_end,0,2686931
-25.968,trivial_move,3,2686930
-25.966,flush_begin,0,0
-25.952,flush_end,0,2686931
-25.936,trivial_move,3,2686930
-25.933,flush_begin,0,0
-25.919,flush_end,0,2686930
-25.903,trivial_move,3,2686931
-25.901,flush_begin,0,0
-25.887,flush_end,0,2686932
-25.870,trivial_move,3,2686931
-25.868,flush_begin,0,0
-25.855,flush_end,0,2686930
-25.839,trivial_move,3,2686931
-25.837,flush_begin,0,0
-25.822,flush_end,0,2686932
-25.807,trivial_move,3,2686931
-25.805,flush_begin,0,0
-25.792,flush_end,0,2686930
-25.775,trivial_move,3,2686930
-25.774,flush_begin,0,0
-25.761,flush_end,0,2686931
-25.745,trivial_move,3,2686932
-25.744,flush_begin,0,0
-25.731,flush_end,0,2686931
-25.715,trivial_move,3,2686930
-25.714,flush_begin,0,0
-25.700,flush_end,0,2686931
-25.684,trivial_move,3,2686933
-25.683,flush_begin,0,0
-25.669,flush_end,0,2686931
-25.653,trivial_move,3,2686930
-25.652,flush_begin,0,0
-25.639,flush_end,0,2686930
-25.623,trivial_move,3,2686931
-25.621,flush_begin,0,0
-25.607,flush_end,0,2686930
-25.591,trivial_move,3,2686931
-25.589,flush_begin,0,0
-25.576,flush_end,0,2686931
-25.560,trivial_move,3,2686930
-25.558,flush_begin,0,0
-25.545,flush_end,0,2686932
-25.529,trivial_move,3,2686932
-25.527,flush_begin,0,0
-25.512,flush_end,0,2686931
-25.496,trivial_move,3,2686930
-25.495,flush_begin,0,0
-25.481,flush_end,0,2686931
-25.465,trivial_move,3,2686931
-25.464,flush_begin,0,0
-25.452,flush_end,0,2686930
-25.436,trivial_move,3,2686931
-25.436,flush_begin,0,0
-25.425,flush_end,0,2686932
-25.408,trivial_move,3,2686931
-25.408,flush_begin,0,0
-25.397,flush_end,0,2686930
-25.381,trivial_move,3,2686931
-25.381,flush_begin,0,0
-25.370,flush_end,0,2686932
-25.354,trivial_move,3,2686931
-25.354,flush_begin,0,0
-25.342,flush_end,0,2686930
-25.322,trivial_move,3,2686930
-25.321,flush_begin,0,0
-25.308,flush_end,0,2686931
-25.292,trivial_move,3,2686932
-25.291,flush_begin,0,0
-25.279,flush_end,0,2686931
-25.263,trivial_move,3,2686930
-25.261,flush_begin,0,0
-25.247,flush_end,0,2686930
-25.232,trivial_move,3,2686932
-25.230,flush_begin,0,0
-25.218,flush_end,0,2686932
-25.202,trivial_move,3,2686930
-25.201,flush_begin,0,0
-25.188,flush_end,0,2686930
-25.172,trivial_move,3,2686930
-25.171,flush_begin,0,0
-25.157,flush_end,0,2686931
-25.141,trivial_move,3,2686932
-25.139,flush_begin,0,0
-25.125,flush_end,0,2686931
-25.108,trivial_move,3,2686930
-25.107,flush_begin,0,0
-25.093,flush_end,0,2686931
-25.077,trivial_move,3,2686932
-25.075,flush_begin,0,0
-25.061,flush_end,0,2686931
-25.045,trivial_move,3,2686930
-25.043,flush_begin,0,0
-25.029,flush_end,0,2686931
-25.013,trivial_move,3,2686932
-25.011,flush_begin,0,0
-24.997,flush_end,0,2686930
-24.981,trivial_move,3,2686931
-24.979,flush_begin,0,0
-24.966,flush_end,0,2686932
-24.950,trivial_move,3,2686931
-24.949,flush_begin,0,0
-24.935,flush_end,0,2686930
-24.919,trivial_move,3,2686931
-24.917,flush_begin,0,0
-24.902,flush_end,0,2686933
-24.886,trivial_move,3,2686931
-24.884,flush_begin,0,0
-24.869,flush_end,0,2686930
-24.853,trivial_move,3,2686930
-24.850,flush_begin,0,0
-24.835,flush_end,0,2686930
-24.820,trivial_move,3,2686932
-24.818,flush_begin,0,0
-24.804,flush_end,0,2686932
-24.788,trivial_move,3,2686930
-24.786,flush_begin,0,0
-24.773,flush_end,0,2686930
-24.757,trivial_move,3,2686931
-24.756,flush_begin,0,0
-24.743,flush_end,0,2686932
-24.727,trivial_move,3,2686931
-24.726,flush_begin,0,0
-24.713,flush_end,0,2686930
-24.697,trivial_move,3,2686930
-24.696,flush_begin,0,0
-24.683,flush_end,0,2686931
-24.667,trivial_move,3,2686932
-24.666,flush_begin,0,0
-24.653,flush_end,0,2686931
-24.637,trivial_move,3,2686930
-24.635,flush_begin,0,0
-24.622,flush_end,0,2686931
-24.606,trivial_move,3,2686932
-24.604,flush_begin,0,0
-24.592,flush_end,0,2686931
-24.576,trivial_move,3,2686930
-24.574,flush_begin,0,0
-24.561,flush_end,0,2686931
-24.545,trivial_move,3,2686931
-24.544,flush_begin,0,0
-24.531,flush_end,0,2686930
-24.515,trivial_move,3,2686931
-24.513,flush_begin,0,0
-24.500,flush_end,0,2686932
-24.485,trivial_move,3,2686931
-24.483,flush_begin,0,0
-24.470,flush_end,0,2686930
-24.454,trivial_move,3,2686931
-24.452,flush_begin,0,0
-24.440,flush_end,0,2686931
-24.424,trivial_move,3,2686930
-24.422,flush_begin,0,0
-24.409,flush_end,0,2686931
-24.393,trivial_move,3,2686930
-24.392,flush_begin,0,0
-24.379,flush_end,0,2686930
-24.363,trivial_move,3,2686931
-24.362,flush_begin,0,0
-24.349,flush_end,0,2686932
-24.333,trivial_move,3,2686932
-24.331,flush_begin,0,0
-24.318,flush_end,0,2686930
-24.302,trivial_move,3,2686931
-24.300,flush_begin,0,0
-24.287,flush_end,0,2686932
-24.271,trivial_move,3,2686931
-24.270,flush_begin,0,0
-24.257,flush_end,0,2686930
-24.240,trivial_move,3,2686930
-24.240,flush_begin,0,0
-24.227,flush_end,0,2686932
-24.210,trivial_move,3,2686932
-24.209,flush_begin,0,0
-24.196,flush_end,0,2686931
-24.180,trivial_move,3,2686930
-24.179,flush_begin,0,0
-24.166,flush_end,0,2686931
-24.150,trivial_move,3,2686932
-24.148,flush_begin,0,0
-24.135,flush_end,0,2686931
-24.119,trivial_move,3,2686930
-24.117,flush_begin,0,0
-24.105,flush_end,0,2686930
-24.090,trivial_move,3,2686931
-24.089,flush_begin,0,0
-24.076,flush_end,0,2686930
-24.060,trivial_move,3,2686931
-24.058,flush_begin,0,0
-24.045,flush_end,0,2686931
-24.029,trivial_move,3,2686930
-24.028,flush_begin,0,0
-24.015,flush_end,0,2686931
-23.999,trivial_move,3,2686932
-23.997,flush_begin,0,0
-23.984,flush_end,0,2686931
-23.968,trivial_move,3,2686930
-23.966,flush_begin,0,0
-23.954,flush_end,0,2686931
-23.938,trivial_move,3,2686931
-23.936,flush_begin,0,0
-23.923,flush_end,0,2686930
-23.907,trivial_move,3,2686931
-23.905,flush_begin,0,0
-23.892,flush_end,0,2686932
-23.876,trivial_move,3,2686931
-23.874,flush_begin,0,0
-23.860,flush_end,0,2686930
-23.844,trivial_move,3,2686931
-23.842,flush_begin,0,0
-23.828,flush_end,0,2686932
-23.812,trivial_move,3,2686931
-23.809,flush_begin,0,0
-23.796,flush_end,0,2686930
-23.780,trivial_move,3,2686930
-23.778,flush_begin,0,0
-23.764,flush_end,0,2686931
-23.748,trivial_move,3,2686932
-23.746,flush_begin,0,0
-23.731,flush_end,0,2686931
-23.715,trivial_move,3,2686930
-23.712,flush_begin,0,0
-23.698,flush_end,0,2686930
-23.681,trivial_move,3,2686933
-23.679,flush_begin,0,0
-23.663,flush_end,0,2686932
-23.647,trivial_move,3,2686930
-23.644,flush_begin,0,0
-23.630,flush_end,0,2686930
-23.614,trivial_move,3,2686930
-23.611,flush_begin,0,0
-23.597,flush_end,0,2686931
-23.581,trivial_move,3,2686932
-23.578,flush_begin,0,0
-23.564,flush_end,0,2686931
-23.548,trivial_move,3,2686930
-23.546,flush_begin,0,0
-23.531,flush_end,0,2686933
-23.515,trivial_move,3,2686932
-23.513,flush_begin,0,0
-23.498,flush_end,0,2686931
-23.482,trivial_move,3,2686930
-23.479,flush_begin,0,0
-23.464,flush_end,0,2686931
-23.448,trivial_move,3,2686931
-23.445,flush_begin,0,0
-23.432,flush_end,0,2686930
-23.418,trivial_move,3,2686931
-23.416,flush_begin,0,0
-23.403,flush_end,0,2686932
-23.387,trivial_move,3,2686931
-23.385,flush_begin,0,0
-23.371,flush_end,0,2686930
-23.355,trivial_move,3,2686931
-23.353,flush_begin,0,0
-23.338,flush_end,0,2686932
-23.322,trivial_move,3,2686931
-23.320,flush_begin,0,0
-23.305,flush_end,0,2686930
-23.289,trivial_move,3,2686930
-23.286,flush_begin,0,0
-23.271,flush_end,0,2686930
-23.255,trivial_move,3,2686932
-23.253,flush_begin,0,0
-23.238,flush_end,0,2686932
-23.222,trivial_move,3,2686930
-23.220,flush_begin,0,0
-23.206,flush_end,0,2686930
-23.190,trivial_move,3,2686931
-23.188,flush_begin,0,0
-23.174,flush_end,0,2686932
-23.158,trivial_move,3,2686931
-23.157,flush_begin,0,0
-23.143,flush_end,0,2686930
-23.127,trivial_move,3,2686930
-23.125,flush_begin,0,0
-23.112,flush_end,0,2686931
-23.097,trivial_move,3,2686932
-23.095,flush_begin,0,0
-23.081,flush_end,0,2686931
-23.065,trivial_move,3,2686930
-23.064,flush_begin,0,0
-23.050,flush_end,0,2686931
-23.034,trivial_move,3,2686932
-23.032,flush_begin,0,0
-23.019,flush_end,0,2686931
-23.002,trivial_move,3,2686930
-23.001,flush_begin,0,0
-22.988,flush_end,0,2686931
-22.972,trivial_move,3,2686932
-22.970,flush_begin,0,0
-22.956,flush_end,0,2686930
-22.940,trivial_move,3,2686931
-22.939,flush_begin,0,0
-22.925,flush_end,0,2686932
-22.909,trivial_move,3,2686931
-22.906,flush_begin,0,0
-22.892,flush_end,0,2686930
-22.876,trivial_move,3,2686931
-22.874,flush_begin,0,0
-22.859,flush_end,0,2686931
-22.843,trivial_move,3,2686930
-22.841,flush_begin,0,0
-22.825,flush_end,0,2686932
-22.810,trivial_move,3,2686930
-22.808,flush_begin,0,0
-22.792,flush_end,0,2686930
-22.777,trivial_move,3,2686931
-22.775,flush_begin,0,0
-22.761,flush_end,0,2686932
-22.744,trivial_move,3,2686931
-22.742,flush_begin,0,0
-22.729,flush_end,0,2686930
-22.713,trivial_move,3,2686931
-22.711,flush_begin,0,0
-22.697,flush_end,0,2686932
-22.678,trivial_move,3,2686931
-22.676,flush_begin,0,0
-22.657,flush_end,0,2686930
-22.641,trivial_move,3,2686930
-22.638,flush_begin,0,0
-22.622,flush_end,0,2686931
-22.605,trivial_move,3,2686932
-22.602,flush_begin,0,0
-22.586,flush_end,0,2686931
-22.571,trivial_move,3,2686930
-22.569,flush_begin,0,0
-22.553,flush_end,0,2686931
-22.536,trivial_move,3,2686932
-22.534,flush_begin,0,0
-22.518,flush_end,0,2686931
-22.503,trivial_move,3,2686930
-22.500,flush_begin,0,0
-22.483,flush_end,0,2686930
-22.468,trivial_move,3,2686931
-22.466,flush_begin,0,0
-22.452,flush_end,0,2686930
-22.436,trivial_move,3,2686931
-22.435,flush_begin,0,0
-22.422,flush_end,0,2686931
-22.406,trivial_move,3,2686930
-22.404,flush_begin,0,0
-22.390,flush_end,0,2686931
-22.373,trivial_move,3,2686932
-22.371,flush_begin,0,0
-22.357,flush_end,0,2686931
-22.341,trivial_move,3,2686930
-22.339,flush_begin,0,0
-22.325,flush_end,0,2686931
-22.308,trivial_move,3,2686931
-22.305,flush_begin,0,0
-22.291,flush_end,0,2686930
-22.275,trivial_move,3,2686931
-22.273,flush_begin,0,0
-22.259,flush_end,0,2686932
-22.243,trivial_move,3,2686933
-22.241,flush_begin,0,0
-22.227,flush_end,0,2686930
-22.210,trivial_move,3,2686931
-22.208,flush_begin,0,0
-22.193,flush_end,0,2686932
-22.178,trivial_move,3,2686931
-22.176,flush_begin,0,0
-22.161,flush_end,0,2686930
-22.146,trivial_move,3,2686930
-22.144,flush_begin,0,0
-22.129,flush_end,0,2686932
-22.112,trivial_move,3,2686932
-22.112,flush_begin,0,0
-22.097,flush_end,0,2686931
-22.081,trivial_move,3,2686930
-22.078,flush_begin,0,0
-22.064,flush_end,0,2686930
-22.047,trivial_move,3,2686932
-22.045,flush_begin,0,0
-22.030,flush_end,0,2686932
-22.014,trivial_move,3,2686930
-22.012,flush_begin,0,0
-21.997,flush_end,0,2686930
-21.981,trivial_move,3,2686930
-21.980,flush_begin,0,0
-21.965,flush_end,0,2686931
-21.949,trivial_move,3,2686932
-21.948,flush_begin,0,0
-21.934,flush_end,0,2686931
-21.918,trivial_move,3,2686930
-21.916,flush_begin,0,0
-21.901,flush_end,0,2686931
-21.885,trivial_move,3,2686932
-21.883,flush_begin,0,0
-21.870,flush_end,0,2686931
-21.854,trivial_move,3,2686930
-21.852,flush_begin,0,0
-21.838,flush_end,0,2686931
-21.822,trivial_move,3,2686931
-21.820,flush_begin,0,0
-21.806,flush_end,0,2686930
-21.790,trivial_move,3,2686931
-21.788,flush_begin,0,0
-21.775,flush_end,0,2686932
-21.759,trivial_move,3,2686931
-21.757,flush_begin,0,0
-21.743,flush_end,0,2686930
-21.727,trivial_move,3,2686931
-21.725,flush_begin,0,0
-21.711,flush_end,0,2686932
-21.695,trivial_move,3,2686931
-21.693,flush_begin,0,0
-21.678,flush_end,0,2686930
-21.662,trivial_move,3,2686930
-21.661,flush_begin,0,0
-21.647,flush_end,0,2686930
-21.631,trivial_move,3,2686932
-21.629,flush_begin,0,0
-21.614,flush_end,0,2686932
-21.599,trivial_move,3,2686930
-21.597,flush_begin,0,0
-21.583,flush_end,0,2686930
-21.567,trivial_move,3,2686931
-21.565,flush_begin,0,0
-21.552,flush_end,0,2686932
-21.536,trivial_move,3,2686932
-21.535,flush_begin,0,0
-21.521,flush_end,0,2686930
-21.505,trivial_move,3,2686930
-21.504,flush_begin,0,0
-21.489,flush_end,0,2686931
-21.474,trivial_move,3,2686932
-21.473,flush_begin,0,0
-21.458,flush_end,0,2686931
-21.442,trivial_move,3,2686930
-21.440,flush_begin,0,0
-21.426,flush_end,0,2686932
-21.408,trivial_move,3,2686932
-21.406,flush_begin,0,0
-21.392,flush_end,0,2686931
-21.375,trivial_move,3,2686930
-21.374,flush_begin,0,0
-21.360,flush_end,0,2686931
-21.339,trivial_move,3,2686931
-21.336,flush_begin,0,0
-21.322,flush_end,0,2686930
-21.306,trivial_move,3,2686931
-21.305,flush_begin,0,0
-21.290,flush_end,0,2686932
-21.274,trivial_move,3,2686931
-21.271,flush_begin,0,0
-21.256,flush_end,0,2686930
-21.242,trivial_move,3,2686931
-21.239,flush_begin,0,0
-21.224,flush_end,0,2686931
-21.209,trivial_move,3,2686930
-21.206,flush_begin,0,0
-21.191,flush_end,0,2686931
-21.176,trivial_move,3,2686930
-21.173,flush_begin,0,0
-21.157,flush_end,0,2686930
-21.142,trivial_move,3,2686931
-21.139,flush_begin,0,0
-21.124,flush_end,0,2686932
-21.108,trivial_move,3,2686931
-21.105,flush_begin,0,0
-21.091,flush_end,0,2686930
-21.075,trivial_move,3,2686931
-21.072,flush_begin,0,0
-21.058,flush_end,0,2686932
-21.042,trivial_move,3,2686931
-21.040,flush_begin,0,0
-21.024,flush_end,0,2686930
-21.009,trivial_move,3,2686930
-21.006,flush_begin,0,0
-20.991,flush_end,0,2686931
-20.975,trivial_move,3,2686932
-20.972,flush_begin,0,0
-20.957,flush_end,0,2686931
-20.941,trivial_move,3,2686930
-20.938,flush_begin,0,0
-20.925,flush_end,0,2686931
-20.909,trivial_move,3,2686932
-20.907,flush_begin,0,0
-20.894,flush_end,0,2686931
-20.878,trivial_move,3,2686930
-20.876,flush_begin,0,0
-20.863,flush_end,0,2686930
-20.847,trivial_move,3,2686932
-20.844,flush_begin,0,0
-20.831,flush_end,0,2686930
-20.815,trivial_move,3,2686931
-20.813,flush_begin,0,0
-20.799,flush_end,0,2686931
-20.783,trivial_move,3,2686930
-20.781,flush_begin,0,0
-20.768,flush_end,0,2686931
-20.752,trivial_move,3,2686932
-20.749,flush_begin,0,0
-20.735,flush_end,0,2686931
-20.719,trivial_move,3,2686930
-20.717,flush_begin,0,0
-20.704,flush_end,0,2686932
-20.688,trivial_move,3,2686931
-20.686,flush_begin,0,0
-20.672,flush_end,0,2686930
-20.656,trivial_move,3,2686931
-20.654,flush_begin,0,0
-20.640,flush_end,0,2686932
-20.624,trivial_move,3,2686931
-20.622,flush_begin,0,0
-20.608,flush_end,0,2686930
-20.592,trivial_move,3,2686931
-20.590,flush_begin,0,0
-20.576,flush_end,0,2686932
-20.560,trivial_move,3,2686931
-20.558,flush_begin,0,0
-20.544,flush_end,0,2686930
-20.528,trivial_move,3,2686930
-20.526,flush_begin,0,0
-20.512,flush_end,0,2686931
-20.496,trivial_move,3,2686932
-20.493,flush_begin,0,0
-20.479,flush_end,0,2686931
-20.462,trivial_move,3,2686930
-20.460,flush_begin,0,0
-20.445,flush_end,0,2686930
-20.429,trivial_move,3,2686932
-20.427,flush_begin,0,0
-20.412,flush_end,0,2686932
-20.396,trivial_move,3,2686930
-20.394,flush_begin,0,0
-20.380,flush_end,0,2686930
-20.363,trivial_move,3,2686930
-20.361,flush_begin,0,0
-20.348,flush_end,0,2686931
-20.332,trivial_move,3,2686932
-20.330,flush_begin,0,0
-20.316,flush_end,0,2686931
-20.300,trivial_move,3,2686930
-20.298,flush_begin,0,0
-20.285,flush_end,0,2686931
-20.269,trivial_move,3,2686932
-20.268,flush_begin,0,0
-20.254,flush_end,0,2686931
-20.238,trivial_move,3,2686930
-20.235,flush_begin,0,0
-20.222,flush_end,0,2686931
-20.206,trivial_move,3,2686931
-20.204,flush_begin,0,0
-20.191,flush_end,0,2686930
-20.174,trivial_move,3,2686931
-20.173,flush_begin,0,0
-20.159,flush_end,0,2686932
-20.143,trivial_move,3,2686932
-20.142,flush_begin,0,0
-20.128,flush_end,0,2686930
-20.112,trivial_move,3,2686931
-20.110,flush_begin,0,0
-20.097,flush_end,0,2686932
-20.081,trivial_move,3,2686931
-20.079,flush_begin,0,0
-20.065,flush_end,0,2686930
-20.049,trivial_move,3,2686930
-20.047,flush_begin,0,0
-20.033,flush_end,0,2686930
-20.017,trivial_move,3,2686932
-20.015,flush_begin,0,0
-20.001,flush_end,0,2686933
-19.985,trivial_move,3,2686930
-19.983,flush_begin,0,0
-19.969,flush_end,0,2686930
-19.952,trivial_move,3,2686931
-19.950,flush_begin,0,0
-19.935,flush_end,0,2686932
-19.919,trivial_move,3,2686931
-19.916,flush_begin,0,0
-19.902,flush_end,0,2686930
-19.886,trivial_move,3,2686930
-19.883,flush_begin,0,0
-19.869,flush_end,0,2686931
-19.854,trivial_move,3,2686932
-19.852,flush_begin,0,0
-19.838,flush_end,0,2686931
-19.822,trivial_move,3,2686930
-19.821,flush_begin,0,0
-19.808,flush_end,0,2686931
-19.791,trivial_move,3,2686932
-19.791,flush_begin,0,0
-19.778,flush_end,0,2686931
-19.762,trivial_move,3,2686930
-19.760,flush_begin,0,0
-19.746,flush_end,0,2686931
-19.731,trivial_move,3,2686931
-19.730,flush_begin,0,0
-19.716,flush_end,0,2686930
-19.700,trivial_move,3,2686931
-19.698,flush_begin,0,0
-19.684,flush_end,0,2686932
-19.668,trivial_move,3,2686931
-19.666,flush_begin,0,0
-19.650,flush_end,0,2686930
-19.635,trivial_move,3,2686931
-19.633,flush_begin,0,0
-19.617,flush_end,0,2686931
-19.601,trivial_move,3,2686930
-19.599,flush_begin,0,0
-19.584,flush_end,0,2686931
-19.569,trivial_move,3,2686930
-19.567,flush_begin,0,0
-19.553,flush_end,0,2686930
-19.537,trivial_move,3,2686931
-19.535,flush_begin,0,0
-19.522,flush_end,0,2686932
-19.506,trivial_move,3,2686931
-19.504,flush_begin,0,0
-19.490,flush_end,0,2686930
-19.474,trivial_move,3,2686931
-19.472,flush_begin,0,0
-19.457,flush_end,0,2686932
-19.441,trivial_move,3,2686932
-19.439,flush_begin,0,0
-19.425,flush_end,0,2686930
-19.410,trivial_move,3,2686930
-19.409,flush_begin,0,0
-19.396,flush_end,0,2686931
-19.380,trivial_move,3,2686932
-19.378,flush_begin,0,0
-19.365,flush_end,0,2686931
-19.349,trivial_move,3,2686930
-19.347,flush_begin,0,0
-19.333,flush_end,0,2686932
-19.317,trivial_move,3,2686932
-19.315,flush_begin,0,0
-19.301,flush_end,0,2686931
-19.286,trivial_move,3,2686930
-19.284,flush_begin,0,0
-19.271,flush_end,0,2686930
-19.255,trivial_move,3,2686931
-19.253,flush_begin,0,0
-19.240,flush_end,0,2686930
-19.224,trivial_move,3,2686931
-19.223,flush_begin,0,0
-19.210,flush_end,0,2686931
-19.194,trivial_move,3,2686930
-19.192,flush_begin,0,0
-19.178,flush_end,0,2686931
-19.162,trivial_move,3,2686932
-19.160,flush_begin,0,0
-19.147,flush_end,0,2686931
-19.131,trivial_move,3,2686930
-19.129,flush_begin,0,0
-19.116,flush_end,0,2686931
-19.100,trivial_move,3,2686931
-19.098,flush_begin,0,0
-19.085,flush_end,0,2686930
-19.069,trivial_move,3,2686931
-19.067,flush_begin,0,0
-19.054,flush_end,0,2686932
-19.038,trivial_move,3,2686931
-19.036,flush_begin,0,0
-19.022,flush_end,0,2686930
-19.006,trivial_move,3,2686931
-19.004,flush_begin,0,0
-18.989,flush_end,0,2686932
-18.974,trivial_move,3,2686931
-18.972,flush_begin,0,0
-18.959,flush_end,0,2686930
-18.943,trivial_move,3,2686930
-18.941,flush_begin,0,0
-18.928,flush_end,0,2686931
-18.912,trivial_move,3,2686932
-18.910,flush_begin,0,0
-18.897,flush_end,0,2686931
-18.881,trivial_move,3,2686930
-18.879,flush_begin,0,0
-18.865,flush_end,0,2686930
-18.849,trivial_move,3,2686932
-18.847,flush_begin,0,0
-18.834,flush_end,0,2686932
-18.818,trivial_move,3,2686930
-18.816,flush_begin,0,0
-18.803,flush_end,0,2686930
-18.787,trivial_move,3,2686930
-18.785,flush_begin,0,0
-18.771,flush_end,0,2686931
-18.755,trivial_move,3,2686933
-18.754,flush_begin,0,0
-18.741,flush_end,0,2686931
-18.725,trivial_move,3,2686930
-18.724,flush_begin,0,0
-18.710,flush_end,0,2686931
-18.693,trivial_move,3,2686932
-18.692,flush_begin,0,0
-18.678,flush_end,0,2686931
-18.662,trivial_move,3,2686930
-18.660,flush_begin,0,0
-18.647,flush_end,0,2686932
-18.631,trivial_move,3,2686931
-18.629,flush_begin,0,0
-18.614,flush_end,0,2686930
-18.598,trivial_move,3,2686931
-18.596,flush_begin,0,0
-18.581,flush_end,0,2686932
-18.565,trivial_move,3,2686931
-18.563,flush_begin,0,0
-18.548,flush_end,0,2686930
-18.532,trivial_move,3,2686931
-18.530,flush_begin,0,0
-18.515,flush_end,0,2686932
-18.499,trivial_move,3,2686931
-18.497,flush_begin,0,0
-18.483,flush_end,0,2686930
-18.467,trivial_move,3,2686930
-18.465,flush_begin,0,0
-18.450,flush_end,0,2686930
-18.434,trivial_move,3,2686932
-18.432,flush_begin,0,0
-18.417,flush_end,0,2686932
-18.401,trivial_move,3,2686930
-18.399,flush_begin,0,0
-18.383,flush_end,0,2686930
-18.368,trivial_move,3,2686931
-18.366,flush_begin,0,0
-18.350,flush_end,0,2686932
-18.335,trivial_move,3,2686931
-18.332,flush_begin,0,0
-18.317,flush_end,0,2686930
-18.301,trivial_move,3,2686930
-18.299,flush_begin,0,0
-18.284,flush_end,0,2686931
-18.268,trivial_move,3,2686932
-18.266,flush_begin,0,0
-18.251,flush_end,0,2686931
-18.235,trivial_move,3,2686930
-18.233,flush_begin,0,0
-18.217,flush_end,0,2686931
-18.201,trivial_move,3,2686932
-18.199,flush_begin,0,0
-18.185,flush_end,0,2686931
-18.169,trivial_move,3,2686930
-18.167,flush_begin,0,0
-18.152,flush_end,0,2686931
-18.136,trivial_move,3,2686931
-18.134,flush_begin,0,0
-18.121,flush_end,0,2686930
-18.104,trivial_move,3,2686931
-18.103,flush_begin,0,0
-18.089,flush_end,0,2686932
-18.072,trivial_move,3,2686932
-18.071,flush_begin,0,0
-18.056,flush_end,0,2686930
-18.041,trivial_move,3,2686931
-18.039,flush_begin,0,0
-18.025,flush_end,0,2686931
-18.009,trivial_move,3,2686930
-18.007,flush_begin,0,0
-17.993,flush_end,0,2686931
-17.977,trivial_move,3,2686930
-17.975,flush_begin,0,0
-17.961,flush_end,0,2686930
-17.945,trivial_move,3,2686931
-17.943,flush_begin,0,0
-17.929,flush_end,0,2686933
-17.912,trivial_move,3,2686931
-17.910,flush_begin,0,0
-17.895,flush_end,0,2686930
-17.880,trivial_move,3,2686931
-17.878,flush_begin,0,0
-17.864,flush_end,0,2686932
-17.848,trivial_move,3,2686931
-17.846,flush_begin,0,0
-17.832,flush_end,0,2686930
-17.816,trivial_move,3,2686930
-17.814,flush_begin,0,0
-17.800,flush_end,0,2686931
-17.784,trivial_move,3,2686932
-17.782,flush_begin,0,0
-17.768,flush_end,0,2686931
-17.752,trivial_move,3,2686930
-17.750,flush_begin,0,0
-17.736,flush_end,0,2686931
-17.717,trivial_move,3,2686932
-17.715,flush_begin,0,0
-17.701,flush_end,0,2686931
-17.685,trivial_move,3,2686930
-17.683,flush_begin,0,0
-17.669,flush_end,0,2686930
-17.653,trivial_move,3,2686931
-17.651,flush_begin,0,0
-17.637,flush_end,0,2686930
-17.621,trivial_move,3,2686931
-17.619,flush_begin,0,0
-17.604,flush_end,0,2686931
-17.589,trivial_move,3,2686930
-17.588,flush_begin,0,0
-17.577,flush_end,0,2686931
-17.561,trivial_move,3,2686932
-17.561,flush_begin,0,0
-17.550,flush_end,0,2686931
-17.534,trivial_move,3,2686930
-17.534,flush_begin,0,0
-17.522,flush_end,0,2686931
-17.506,trivial_move,3,2686931
-17.505,flush_begin,0,0
-17.493,flush_end,0,2686930
-17.477,trivial_move,3,2686931
-17.476,flush_begin,0,0
-17.463,flush_end,0,2686932
-17.447,trivial_move,3,2686931
-17.446,flush_begin,0,0
-17.434,flush_end,0,2686930
-17.418,trivial_move,3,2686931
-17.417,flush_begin,0,0
-17.404,flush_end,0,2686932
-17.388,trivial_move,3,2686932
-17.387,flush_begin,0,0
-17.374,flush_end,0,2686930
-17.358,trivial_move,3,2686930
-17.357,flush_begin,0,0
-17.344,flush_end,0,2686931
-17.328,trivial_move,3,2686932
-17.326,flush_begin,0,0
-17.312,flush_end,0,2686931
-17.297,trivial_move,3,2686930
-17.295,flush_begin,0,0
-17.281,flush_end,0,2686930
-17.265,trivial_move,3,2686932
-17.263,flush_begin,0,0
-17.248,flush_end,0,2686933
-17.233,trivial_move,3,2686930
-17.231,flush_begin,0,0
-17.217,flush_end,0,2686930
-17.201,trivial_move,3,2686930
-17.199,flush_begin,0,0
-17.185,flush_end,0,2686931
-17.169,trivial_move,3,2686932
-17.167,flush_begin,0,0
-17.153,flush_end,0,2686931
-17.138,trivial_move,3,2686930
-17.136,flush_begin,0,0
-17.122,flush_end,0,2686931
-17.106,trivial_move,3,2686932
-17.104,flush_begin,0,0
-17.091,flush_end,0,2686931
-17.075,trivial_move,3,2686930
-17.073,flush_begin,0,0
-17.059,flush_end,0,2686931
-17.043,trivial_move,3,2686931
-17.041,flush_begin,0,0
-17.028,flush_end,0,2686930
-17.012,trivial_move,3,2686931
-17.010,flush_begin,0,0
-16.997,flush_end,0,2686932
-16.981,trivial_move,3,2686931
-16.979,flush_begin,0,0
-16.965,flush_end,0,2686930
-16.949,trivial_move,3,2686931
-16.947,flush_begin,0,0
-16.931,flush_end,0,2686932
-16.916,trivial_move,3,2686931
-16.914,flush_begin,0,0
-16.900,flush_end,0,2686930
-16.884,trivial_move,3,2686930
-16.882,flush_begin,0,0
-16.867,flush_end,0,2686930
-16.851,trivial_move,3,2686932
-16.849,flush_begin,0,0
-16.833,flush_end,0,2686932
-16.818,trivial_move,3,2686930
-16.815,flush_begin,0,0
-16.801,flush_end,0,2686930
-16.785,trivial_move,3,2686931
-16.783,flush_begin,0,0
-16.768,flush_end,0,2686932
-16.753,trivial_move,3,2686931
-16.751,flush_begin,0,0
-16.737,flush_end,0,2686930
-16.721,trivial_move,3,2686930
-16.712,trivial_move,4,2686930
-16.712,flush_begin,0,0
-16.699,flush_end,0,2686931
-16.683,trivial_move,3,2686933
-16.675,trivial_move,4,2686931
-16.674,flush_begin,0,0
-16.659,flush_end,0,2686931
-16.643,trivial_move,3,2686930
-16.635,trivial_move,4,2686931
-16.633,flush_begin,0,0
-16.616,flush_end,0,2686931
-16.599,trivial_move,3,2686932
-16.591,trivial_move,4,2686931
-16.590,flush_begin,0,0
-16.575,flush_end,0,2686931
-16.559,trivial_move,3,2686930
-16.551,trivial_move,4,2686931
-16.548,flush_begin,0,0
-16.531,flush_end,0,2686933
-16.515,trivial_move,3,2686931
-16.507,trivial_move,4,2686930
-16.505,flush_begin,0,0
-16.489,flush_end,0,2686930
-16.472,trivial_move,3,2686931
-16.463,trivial_move,4,2686932
-16.462,flush_begin,0,0
-16.445,flush_end,0,2686932
-16.429,trivial_move,3,2686931
-16.421,trivial_move,4,2686930
-16.419,flush_begin,0,0
-16.403,flush_end,0,2686930
-16.387,trivial_move,3,2686931
-16.379,trivial_move,4,2686932
-16.377,flush_begin,0,0
-16.359,flush_end,0,2686931
-16.344,trivial_move,3,2686930
-16.336,trivial_move,4,2686930
-16.334,flush_begin,0,0
-16.319,flush_end,0,2686931
-16.302,trivial_move,3,2686930
-16.294,trivial_move,4,2686931
-16.292,flush_begin,0,0
-16.276,flush_end,0,2686930
-16.259,trivial_move,3,2686931
-16.251,trivial_move,4,2686931
-16.249,flush_begin,0,0
-16.231,flush_end,0,2686932
-16.216,trivial_move,3,2686931
-16.208,trivial_move,4,2686930
-16.206,flush_begin,0,0
-16.189,flush_end,0,2686930
-16.173,trivial_move,3,2686931
-16.165,trivial_move,4,2686932
-16.162,flush_begin,0,0
-16.145,flush_end,0,2686932
-16.129,trivial_move,3,2686931
-16.121,trivial_move,4,2686930
-16.118,flush_begin,0,0
-16.100,flush_end,0,2686930
-16.084,trivial_move,3,2686930
-16.076,trivial_move,4,2686931
-16.074,flush_begin,0,0
-16.054,flush_end,0,2686931
-16.037,trivial_move,3,2686932
-16.029,trivial_move,4,2686931
-16.026,flush_begin,0,0
-16.010,flush_end,0,2686931
-15.994,trivial_move,3,2686930
-15.986,trivial_move,4,2686931
-15.983,flush_begin,0,0
-15.966,flush_end,0,2686931
-15.949,trivial_move,3,2686932
-15.941,trivial_move,4,2686931
-15.939,flush_begin,0,0
-15.923,flush_end,0,2686931
-15.906,trivial_move,3,2686930
-15.897,trivial_move,4,2686931
-15.897,flush_begin,0,0
-15.880,flush_end,0,2686930
-15.864,trivial_move,3,2686931
-15.856,trivial_move,4,2686930
-15.854,flush_begin,0,0
-15.836,flush_end,0,2686930
-15.821,trivial_move,3,2686931
-15.812,trivial_move,4,2686933
-15.811,flush_begin,0,0
-15.795,flush_end,0,2686931
-15.779,trivial_move,3,2686930
-15.772,trivial_move,4,2686930
-15.770,flush_begin,0,0
-15.753,flush_end,0,2686931
-15.737,trivial_move,3,2686933
-15.729,trivial_move,4,2686932
-15.727,flush_begin,0,0
-15.711,flush_end,0,2686931
-15.695,trivial_move,3,2686930
-15.687,trivial_move,4,2686930
-15.684,flush_begin,0,0
-15.668,flush_end,0,2686931
-15.652,trivial_move,3,2686931
-15.644,trivial_move,4,2686930
-15.642,flush_begin,0,0
-15.626,flush_end,0,2686930
-15.609,trivial_move,3,2686931
-15.601,trivial_move,4,2686932
-15.599,flush_begin,0,0
-15.582,flush_end,0,2686933
-15.565,trivial_move,3,2686931
-15.557,trivial_move,4,2686930
-15.555,flush_begin,0,0
-15.537,flush_end,0,2686930
-15.521,trivial_move,3,2686931
-15.513,trivial_move,4,2686932
-15.510,flush_begin,0,0
-15.493,flush_end,0,2686932
-15.477,trivial_move,3,2686931
-15.469,trivial_move,4,2686930
-15.466,flush_begin,0,0
-15.448,flush_end,0,2686930
-15.432,trivial_move,3,2686930
-15.424,trivial_move,4,2686931
-15.422,flush_begin,0,0
-15.403,flush_end,0,2686931
-15.387,trivial_move,3,2686932
-15.379,trivial_move,4,2686931
-15.378,flush_begin,0,0
-15.359,flush_end,0,2686931
-15.343,trivial_move,3,2686930
-15.335,trivial_move,4,2686931
-15.334,flush_begin,0,0
-15.316,flush_end,0,2686930
-15.299,trivial_move,3,2686932
-15.291,trivial_move,4,2686931
-15.290,flush_begin,0,0
-15.272,flush_end,0,2686932
-15.257,trivial_move,3,2686930
-15.249,trivial_move,4,2686931
-15.247,flush_begin,0,0
-15.229,flush_end,0,2686930
-15.213,trivial_move,3,2686930
-15.205,trivial_move,4,2686930
-15.204,flush_begin,0,0
-15.184,flush_end,0,2686931
-15.167,trivial_move,3,2686932
-15.159,trivial_move,4,2686932
-15.157,flush_begin,0,0
-15.138,flush_end,0,2686931
-15.121,trivial_move,3,2686930
-15.113,trivial_move,4,2686930
-15.112,flush_begin,0,0
-15.093,flush_end,0,2686931
-15.077,trivial_move,3,2686932
-15.069,trivial_move,4,2686931
-15.067,flush_begin,0,0
-15.048,flush_end,0,2686931
-15.031,trivial_move,3,2686930
-15.023,trivial_move,4,2686931
-15.022,flush_begin,0,0
-15.003,flush_end,0,2686931
-14.988,trivial_move,3,2686931
-14.980,trivial_move,4,2686930
-14.979,flush_begin,0,0
-14.960,flush_end,0,2686930
-14.944,trivial_move,3,2686931
-14.936,trivial_move,4,2686932
-14.936,flush_begin,0,0
-14.917,flush_end,0,2686932
-14.901,trivial_move,3,2686931
-14.893,trivial_move,4,2686930
-14.893,flush_begin,0,0
-14.875,flush_end,0,2686930
-14.860,trivial_move,3,2686931
-14.852,trivial_move,4,2686933
-14.851,flush_begin,0,0
-14.830,flush_end,0,2686932
-14.814,trivial_move,3,2686933
-14.806,trivial_move,4,2686930
-14.805,flush_begin,0,0
-14.787,flush_end,0,2686930
-14.771,trivial_move,3,2686930
-14.763,trivial_move,4,2686931
-14.762,flush_begin,0,0
-14.743,flush_end,0,2686930
-14.726,trivial_move,3,2686932
-14.718,trivial_move,4,2686931
-14.717,flush_begin,0,0
-14.700,flush_end,0,2686932
-14.683,trivial_move,3,2686930
-14.674,trivial_move,4,2686931
-14.674,flush_begin,0,0
-14.657,flush_end,0,2686930
-14.642,trivial_move,3,2686931
-14.634,trivial_move,4,2686931
-14.632,flush_begin,0,0
-14.613,flush_end,0,2686933
-14.598,trivial_move,3,2686931
-14.590,trivial_move,4,2686930
-14.589,flush_begin,0,0
-14.571,flush_end,0,2686930
-14.555,trivial_move,3,2686930
-14.547,trivial_move,4,2686930
-14.546,flush_begin,0,0
-14.525,flush_end,0,2686931
-14.509,trivial_move,3,2686932
-14.501,trivial_move,4,2686931
-14.500,flush_begin,0,0
-14.480,flush_end,0,2686931
-14.464,trivial_move,3,2686930
-14.455,trivial_move,4,2686931
-14.455,flush_begin,0,0
-14.437,flush_end,0,2686931
-14.419,trivial_move,3,2686932
-14.411,trivial_move,4,2686931
-14.411,flush_begin,0,0
-14.393,flush_end,0,2686931
-14.376,trivial_move,3,2686930
-14.367,trivial_move,4,2686931
-14.367,flush_begin,0,0
-14.350,flush_end,0,2686931
-14.333,trivial_move,3,2686931
-14.321,trivial_move,4,2686930
-14.321,flush_begin,0,0
-14.304,flush_end,0,2686930
-14.287,trivial_move,3,2686931
-14.278,trivial_move,4,2686932
-14.278,flush_begin,0,0
-14.260,flush_end,0,2686932
-14.244,trivial_move,3,2686931
-14.236,trivial_move,4,2686930
-14.235,flush_begin,0,0
-14.217,flush_end,0,2686930
-14.200,trivial_move,3,2686931
-14.192,trivial_move,4,2686932
-14.192,flush_begin,0,0
-14.174,flush_end,0,2686931
-14.158,trivial_move,3,2686930
-14.149,trivial_move,4,2686930
-14.149,flush_begin,0,0
-14.132,flush_end,0,2686931
-14.116,trivial_move,3,2686930
-14.107,trivial_move,4,2686931
-14.106,flush_begin,0,0
-14.089,flush_end,0,2686930
-14.074,trivial_move,3,2686931
-14.066,trivial_move,4,2686931
-14.064,flush_begin,0,0
-14.047,flush_end,0,2686932
-14.031,trivial_move,3,2686931
-14.023,trivial_move,4,2686930
-14.021,flush_begin,0,0
-14.002,flush_end,0,2686930
-13.986,trivial_move,3,2686931
-13.978,trivial_move,4,2686932
-13.975,flush_begin,0,0
-13.958,flush_end,0,2686932
-13.941,trivial_move,3,2686931
-13.933,trivial_move,4,2686930
-13.931,flush_begin,0,0
-13.914,flush_end,0,2686930
-13.897,trivial_move,3,2686930
-13.889,trivial_move,4,2686932
-13.888,flush_begin,0,0
-13.869,flush_end,0,2686931
-13.852,trivial_move,3,2686933
-13.844,trivial_move,4,2686931
-13.843,flush_begin,0,0
-13.824,flush_end,0,2686931
-13.807,trivial_move,3,2686930
-13.798,trivial_move,4,2686931
-13.798,flush_begin,0,0
-13.782,flush_end,0,2686931
-13.765,trivial_move,3,2686932
-13.757,trivial_move,4,2686931
-13.756,flush_begin,0,0
-13.737,flush_end,0,2686931
-13.720,trivial_move,3,2686930
-13.712,trivial_move,4,2686931
-13.711,flush_begin,0,0
-13.692,flush_end,0,2686930
-13.675,trivial_move,3,2686931
-13.667,trivial_move,4,2686930
-13.666,flush_begin,0,0
-13.646,flush_end,0,2686930
-13.629,trivial_move,3,2686931
-13.621,trivial_move,4,2686932
-13.621,flush_begin,0,0
-13.605,flush_end,0,2686931
-13.588,trivial_move,3,2686930
-13.581,trivial_move,4,2686930
-13.580,flush_begin,0,0
-13.564,flush_end,0,2686931
-13.547,trivial_move,3,2686932
-13.539,trivial_move,4,2686932
-13.537,flush_begin,0,0
-13.520,flush_end,0,2686931
-13.504,trivial_move,3,2686930
-13.496,trivial_move,4,2686930
-13.494,flush_begin,0,0
-13.476,flush_end,0,2686931
-13.460,trivial_move,3,2686931
-13.452,trivial_move,4,2686930
-13.450,flush_begin,0,0
-13.433,flush_end,0,2686930
-13.417,trivial_move,3,2686931
-13.409,trivial_move,4,2686932
-13.406,flush_begin,0,0
-13.388,flush_end,0,2686932
-13.372,trivial_move,3,2686931
-13.364,trivial_move,4,2686930
-13.363,flush_begin,0,0
-13.345,flush_end,0,2686930
-13.329,trivial_move,3,2686931
-13.321,trivial_move,4,2686932
-13.319,flush_begin,0,0
-13.302,flush_end,0,2686932
-13.286,trivial_move,3,2686931
-13.277,trivial_move,4,2686930
-13.274,flush_begin,0,0
-13.257,flush_end,0,2686930
-13.240,trivial_move,3,2686930
-13.232,trivial_move,4,2686931
-13.230,flush_begin,0,0
-13.213,flush_end,0,2686931
-13.197,trivial_move,3,2686932
-13.189,trivial_move,4,2686931
-13.187,flush_begin,0,0
-13.170,flush_end,0,2686931
-13.154,trivial_move,3,2686930
-13.146,trivial_move,4,2686931
-13.145,flush_begin,0,0
-13.128,flush_end,0,2686930
-13.110,trivial_move,3,2686932
-13.102,trivial_move,4,2686931
-13.100,flush_begin,0,0
-13.083,flush_end,0,2686932
-13.067,trivial_move,3,2686930
-13.059,trivial_move,4,2686931
-13.057,flush_begin,0,0
-13.040,flush_end,0,2686930
-13.024,trivial_move,3,2686930
-13.016,trivial_move,4,2686930
-13.014,flush_begin,0,0
-12.997,flush_end,0,2686931
-12.981,trivial_move,3,2686932
-12.973,trivial_move,4,2686933
-12.970,flush_begin,0,0
-12.953,flush_end,0,2686931
-12.937,trivial_move,3,2686930
-12.929,trivial_move,4,2686930
-12.927,flush_begin,0,0
-12.910,flush_end,0,2686931
-12.893,trivial_move,3,2686933
-12.885,trivial_move,4,2686931
-12.882,flush_begin,0,0
-12.863,flush_end,0,2686931
-12.847,trivial_move,3,2686930
-12.839,trivial_move,4,2686931
-12.837,flush_begin,0,0
-12.819,flush_end,0,2686931
-12.802,trivial_move,3,2686931
-12.794,trivial_move,4,2686930
-12.791,flush_begin,0,0
-12.774,flush_end,0,2686930
-12.758,trivial_move,3,2686931
-12.750,trivial_move,4,2686932
-12.748,flush_begin,0,0
-12.731,flush_end,0,2686933
-12.714,trivial_move,3,2686931
-12.706,trivial_move,4,2686930
-12.706,flush_begin,0,0
-12.688,flush_end,0,2686930
-12.672,trivial_move,3,2686931
-12.664,trivial_move,4,2686932
-12.662,flush_begin,0,0
-12.643,flush_end,0,2686932
-12.626,trivial_move,3,2686931
-12.617,trivial_move,4,2686930
-12.617,flush_begin,0,0
-12.599,flush_end,0,2686930
-12.583,trivial_move,3,2686930
-12.575,trivial_move,4,2686931
-12.573,flush_begin,0,0
-12.554,flush_end,0,2686930
-12.537,trivial_move,3,2686932
-12.529,trivial_move,4,2686931
-12.529,flush_begin,0,0
-12.511,flush_end,0,2686932
-12.495,trivial_move,3,2686930
-12.486,trivial_move,4,2686931
-12.486,flush_begin,0,0
-12.469,flush_end,0,2686930
-12.453,trivial_move,3,2686931
-12.445,trivial_move,4,2686931
-12.442,flush_begin,0,0
-12.424,flush_end,0,2686932
-12.408,trivial_move,3,2686931
-12.400,trivial_move,4,2686930
-12.398,flush_begin,0,0
-12.380,flush_end,0,2686930
-12.365,trivial_move,3,2686930
-12.357,trivial_move,4,2686930
-12.354,flush_begin,0,0
-12.335,flush_end,0,2686931
-12.320,trivial_move,3,2686932
-12.312,trivial_move,4,2686931
-12.310,flush_begin,0,0
-12.293,flush_end,0,2686931
-12.277,trivial_move,3,2686930
-12.269,trivial_move,4,2686931
-12.266,flush_begin,0,0
-12.249,flush_end,0,2686931
-12.232,trivial_move,3,2686932
-12.224,trivial_move,4,2686931
-12.222,flush_begin,0,0
-12.204,flush_end,0,2686931
-12.188,trivial_move,3,2686930
-12.180,trivial_move,4,2686931
-12.178,flush_begin,0,0
-12.160,flush_end,0,2686931
-12.143,trivial_move,3,2686931
-12.135,trivial_move,4,2686930
-12.132,flush_begin,0,0
-12.114,flush_end,0,2686930
-12.098,trivial_move,3,2686931
-12.090,trivial_move,4,2686932
-12.088,flush_begin,0,0
-12.069,flush_end,0,2686932
-12.053,trivial_move,3,2686931
-12.045,trivial_move,4,2686930
-12.043,flush_begin,0,0
-12.023,flush_end,0,2686930
-12.006,trivial_move,3,2686931
-11.998,trivial_move,4,2686933
-11.995,flush_begin,0,0
-11.977,flush_end,0,2686931
-11.960,trivial_move,3,2686930
-11.952,trivial_move,4,2686930
-11.950,flush_begin,0,0
-11.931,flush_end,0,2686931
-11.915,trivial_move,3,2686930
-11.907,trivial_move,4,2686931
-11.906,flush_begin,0,0
-11.886,flush_end,0,2686930
-11.869,trivial_move,3,2686931
-11.861,trivial_move,4,2686931
-11.860,flush_begin,0,0
-11.841,flush_end,0,2686932
-11.823,trivial_move,3,2686931
-11.823,flush_begin,0,0
-11.804,flush_end,0,2686930
-11.788,trivial_move,3,2686931
-11.780,trivial_move,4,2686930
-11.780,flush_begin,0,0
-11.762,flush_end,0,2686933
-11.749,trivial_move,3,2686931
-11.737,trivial_move,4,2686932
-11.731,trivial_move,4,2686930
-11.731,flush_begin,0,0
-11.712,flush_end,0,2686930
-11.695,trivial_move,3,2686930
-11.686,trivial_move,4,2686931
-11.686,flush_begin,0,0
-11.669,flush_end,0,2686931
-11.652,trivial_move,3,2686932
-11.644,trivial_move,4,2686931
-11.643,flush_begin,0,0
-11.626,flush_end,0,2686931
-11.610,trivial_move,3,2686930
-11.602,trivial_move,4,2686931
-11.600,flush_begin,0,0
-11.582,flush_end,0,2686931
-11.565,trivial_move,3,2686932
-11.557,trivial_move,4,2686931
-11.556,flush_begin,0,0
-11.540,flush_end,0,2686931
-11.523,trivial_move,3,2686930
-11.515,trivial_move,4,2686931
-11.513,flush_begin,0,0
-11.495,flush_end,0,2686930
-11.479,trivial_move,3,2686931
-11.471,trivial_move,4,2686930
-11.469,flush_begin,0,0
-11.452,flush_end,0,2686930
-11.436,trivial_move,3,2686931
-11.428,trivial_move,4,2686932
-11.426,flush_begin,0,0
-11.407,flush_end,0,2686931
-11.391,trivial_move,3,2686930
-11.383,trivial_move,4,2686930
-11.380,flush_begin,0,0
-11.363,flush_end,0,2686931
-11.347,trivial_move,3,2686932
-11.339,trivial_move,4,2686932
-11.337,flush_begin,0,0
-11.319,flush_end,0,2686931
-11.303,trivial_move,3,2686930
-11.295,trivial_move,4,2686930
-11.293,flush_begin,0,0
-11.275,flush_end,0,2686931
-11.258,trivial_move,3,2686931
-11.250,trivial_move,4,2686930
-11.248,flush_begin,0,0
-11.230,flush_end,0,2686930
-11.213,trivial_move,3,2686931
-11.205,trivial_move,4,2686932
-11.205,flush_begin,0,0
-11.187,flush_end,0,2686932
-11.171,trivial_move,3,2686931
-11.162,trivial_move,4,2686930
-11.162,flush_begin,0,0
-11.144,flush_end,0,2686930
-11.128,trivial_move,3,2686931
-11.120,trivial_move,4,2686932
-11.118,flush_begin,0,0
-11.101,flush_end,0,2686932
-11.085,trivial_move,3,2686931
-11.077,trivial_move,4,2686930
-11.075,flush_begin,0,0
-11.058,flush_end,0,2686930
-11.042,trivial_move,3,2686930
-11.034,trivial_move,4,2686932
-11.032,flush_begin,0,0
-11.015,flush_end,0,2686931
-10.999,trivial_move,3,2686933
-10.991,trivial_move,4,2686931
-10.989,flush_begin,0,0
-10.970,flush_end,0,2686931
-10.954,trivial_move,3,2686930
-10.946,trivial_move,4,2686931
-10.944,flush_begin,0,0
-10.927,flush_end,0,2686930
-10.911,trivial_move,3,2686932
-10.903,trivial_move,4,2686931
-10.902,flush_begin,0,0
-10.886,flush_end,0,2686932
-10.870,trivial_move,3,2686930
-10.862,trivial_move,4,2686931
-10.860,flush_begin,0,0
-10.844,flush_end,0,2686930
-10.829,trivial_move,3,2686930
-10.821,trivial_move,4,2686930
-10.819,flush_begin,0,0
-10.803,flush_end,0,2686932
-10.787,trivial_move,3,2686932
-10.779,trivial_move,4,2686932
-10.777,flush_begin,0,0
-10.761,flush_end,0,2686931
-10.745,trivial_move,3,2686930
-10.737,trivial_move,4,2686930
-10.735,flush_begin,0,0
-10.719,flush_end,0,2686931
-10.704,trivial_move,3,2686932
-10.696,trivial_move,4,2686931
-10.694,flush_begin,0,0
-10.676,flush_end,0,2686931
-10.660,trivial_move,3,2686930
-10.652,trivial_move,4,2686931
-10.651,flush_begin,0,0
-10.634,flush_end,0,2686931
-10.618,trivial_move,3,2686931
-10.610,trivial_move,4,2686930
-10.608,flush_begin,0,0
-10.591,flush_end,0,2686930
-10.575,trivial_move,3,2686931
-10.567,trivial_move,4,2686932
-10.565,flush_begin,0,0
-10.548,flush_end,0,2686932
-10.531,trivial_move,3,2686931
-10.523,trivial_move,4,2686930
-10.521,flush_begin,0,0
-10.502,flush_end,0,2686930
-10.486,trivial_move,3,2686931
-10.478,trivial_move,4,2686932
-10.476,flush_begin,0,0
-10.458,flush_end,0,2686932
-10.441,trivial_move,3,2686931
-10.433,trivial_move,4,2686930
-10.430,flush_begin,0,0
-10.413,flush_end,0,2686930
-10.397,trivial_move,3,2686930
-10.389,trivial_move,4,2686931
-10.387,flush_begin,0,0
-10.368,flush_end,0,2686930
-10.351,trivial_move,3,2686932
-10.343,trivial_move,4,2686931
-10.342,flush_begin,0,0
-10.324,flush_end,0,2686932
-10.308,trivial_move,3,2686930
-10.300,trivial_move,4,2686931
-10.297,flush_begin,0,0
-10.280,flush_end,0,2686930
-10.263,trivial_move,3,2686931
-10.255,trivial_move,4,2686931
-10.252,flush_begin,0,0
-10.233,flush_end,0,2686932
-10.217,trivial_move,3,2686931
-10.208,trivial_move,4,2686930
-10.207,flush_begin,0,0
-10.190,flush_end,0,2686930
-10.174,trivial_move,3,2686930
-10.166,trivial_move,4,2686930
-10.164,flush_begin,0,0
-10.147,flush_end,0,2686931
-10.131,trivial_move,3,2686932
-10.123,trivial_move,4,2686931
-10.121,flush_begin,0,0
-10.104,flush_end,0,2686931
-10.087,trivial_move,3,2686930
-10.079,trivial_move,4,2686932
-10.076,flush_begin,0,0
-10.056,flush_end,0,2686931
-10.040,trivial_move,3,2686933
-10.032,trivial_move,4,2686931
-10.030,flush_begin,0,0
-10.014,flush_end,0,2686931
-9.997,trivial_move,3,2686930
-9.989,trivial_move,4,2686931
-9.987,flush_begin,0,0
-9.970,flush_end,0,2686931
-9.954,trivial_move,3,2686931
-9.946,trivial_move,4,2686930
-9.944,flush_begin,0,0
-9.927,flush_end,0,2686930
-9.911,trivial_move,3,2686931
-9.903,trivial_move,4,2686932
-9.901,flush_begin,0,0
-9.884,flush_end,0,2686933
-9.868,trivial_move,3,2686931
-9.860,trivial_move,4,2686930
-9.859,flush_begin,0,0
-9.841,flush_end,0,2686930
-9.826,trivial_move,3,2686931
-9.817,trivial_move,4,2686932
-9.816,flush_begin,0,0
-9.799,flush_end,0,2686931
-9.783,trivial_move,3,2686930
-9.775,trivial_move,4,2686930
-9.773,flush_begin,0,0
-9.755,flush_end,0,2686931
-9.738,trivial_move,3,2686930
-9.730,trivial_move,4,2686931
-9.728,flush_begin,0,0
-9.710,flush_end,0,2686930
-9.694,trivial_move,3,2686931
-9.686,trivial_move,4,2686931
-9.684,flush_begin,0,0
-9.667,flush_end,0,2686932
-9.651,trivial_move,3,2686931
-9.643,trivial_move,4,2686930
-9.641,flush_begin,0,0
-9.624,flush_end,0,2686930
-9.609,trivial_move,3,2686931
-9.601,trivial_move,4,2686932
-9.599,flush_begin,0,0
-9.582,flush_end,0,2686932
-9.566,trivial_move,3,2686931
-9.558,trivial_move,4,2686930
-9.556,flush_begin,0,0
-9.538,flush_end,0,2686930
-9.522,trivial_move,3,2686930
-9.514,trivial_move,4,2686931
-9.512,flush_begin,0,0
-9.494,flush_end,0,2686931
-9.478,trivial_move,3,2686932
-9.470,trivial_move,4,2686931
-9.468,flush_begin,0,0
-9.449,flush_end,0,2686931
-9.433,trivial_move,3,2686930
-9.425,trivial_move,4,2686931
-9.423,flush_begin,0,0
-9.406,flush_end,0,2686931
-9.389,trivial_move,3,2686932
-9.381,trivial_move,4,2686931
-9.379,flush_begin,0,0
-9.362,flush_end,0,2686931
-9.346,trivial_move,3,2686930
-9.338,trivial_move,4,2686931
-9.337,flush_begin,0,0
-9.322,flush_end,0,2686930
-9.306,trivial_move,3,2686931
-9.297,trivial_move,4,2686930
-9.297,flush_begin,0,0
-9.283,flush_end,0,2686930
-9.266,trivial_move,3,2686931
-9.257,trivial_move,4,2686932
-9.257,flush_begin,0,0
-9.241,flush_end,0,2686931
-9.226,trivial_move,3,2686930
-9.219,trivial_move,4,2686930
-9.217,flush_begin,0,0
-9.201,flush_end,0,2686931
-9.185,trivial_move,3,2686932
-9.177,trivial_move,4,2686933
-9.176,flush_begin,0,0
-9.159,flush_end,0,2686931
-9.144,trivial_move,3,2686930
-9.136,trivial_move,4,2686930
-9.135,flush_begin,0,0
-9.119,flush_end,0,2686931
-9.103,trivial_move,3,2686932
-9.095,trivial_move,4,2686930
-9.093,flush_begin,0,0
-9.076,flush_end,0,2686930
-9.061,trivial_move,3,2686931
-9.053,trivial_move,4,2686932
-9.051,flush_begin,0,0
-9.034,flush_end,0,2686932
-9.017,trivial_move,3,2686931
-9.009,trivial_move,4,2686930
-9.007,flush_begin,0,0
-8.990,flush_end,0,2686930
-8.975,trivial_move,3,2686931
-8.967,trivial_move,4,2686932
-8.965,flush_begin,0,0
-8.947,flush_end,0,2686933
-8.931,trivial_move,3,2686931
-8.923,trivial_move,4,2686930
-8.921,flush_begin,0,0
-8.903,flush_end,0,2686930
-8.888,trivial_move,3,2686930
-8.880,trivial_move,4,2686931
-8.878,flush_begin,0,0
-8.860,flush_end,0,2686931
-8.844,trivial_move,3,2686932
-8.836,trivial_move,4,2686931
-8.834,flush_begin,0,0
-8.817,flush_end,0,2686931
-8.800,trivial_move,3,2686930
-8.792,trivial_move,4,2686931
-8.791,flush_begin,0,0
-8.773,flush_end,0,2686930
-8.758,trivial_move,3,2686932
-8.750,trivial_move,4,2686931
-8.747,flush_begin,0,0
-8.729,flush_end,0,2686932
-8.712,trivial_move,3,2686930
-8.704,trivial_move,4,2686931
-8.701,flush_begin,0,0
-8.684,flush_end,0,2686930
-8.668,trivial_move,3,2686930
-8.660,trivial_move,4,2686930
-8.658,flush_begin,0,0
-8.640,flush_end,0,2686931
-8.625,trivial_move,3,2686932
-8.617,trivial_move,4,2686932
-8.615,flush_begin,0,0
-8.597,flush_end,0,2686931
-8.581,trivial_move,3,2686930
-8.573,trivial_move,4,2686930
-8.572,flush_begin,0,0
-8.552,flush_end,0,2686931
-8.536,trivial_move,3,2686932
-8.528,trivial_move,4,2686931
-8.527,flush_begin,0,0
-8.509,flush_end,0,2686931
-8.492,trivial_move,3,2686930
-8.483,trivial_move,4,2686931
-8.483,flush_begin,0,0
-8.465,flush_end,0,2686931
-8.447,trivial_move,3,2686931
-8.438,trivial_move,4,2686930
-8.438,flush_begin,0,0
-8.421,flush_end,0,2686930
-8.404,trivial_move,3,2686931
-8.396,trivial_move,4,2686932
-8.395,flush_begin,0,0
-8.377,flush_end,0,2686932
-8.361,trivial_move,3,2686931
-8.353,trivial_move,4,2686930
-8.351,flush_begin,0,0
-8.332,flush_end,0,2686930
-8.315,trivial_move,3,2686931
-8.307,trivial_move,4,2686932
-8.305,flush_begin,0,0
-8.285,flush_end,0,2686932
-8.269,trivial_move,3,2686931
-8.261,trivial_move,4,2686930
-8.260,flush_begin,0,0
-8.239,flush_end,0,2686930
-8.224,trivial_move,3,2686930
-8.216,trivial_move,4,2686932
-8.216,flush_begin,0,0
-8.198,flush_end,0,2686930
-8.181,trivial_move,3,2686933
-8.173,trivial_move,4,2686931
-8.172,flush_begin,0,0
-8.152,flush_end,0,2686932
-8.135,trivial_move,3,2686930
-8.128,trivial_move,4,2686931
-8.126,flush_begin,0,0
-8.108,flush_end,0,2686930
-8.091,trivial_move,3,2686931
-8.083,trivial_move,4,2686931
-8.082,flush_begin,0,0
-8.062,flush_end,0,2686932
-8.046,trivial_move,3,2686931
-8.038,trivial_move,4,2686930
-8.036,flush_begin,0,0
-8.018,flush_end,0,2686930
-8.001,trivial_move,3,2686930
-7.993,trivial_move,4,2686930
-7.992,flush_begin,0,0
-7.974,flush_end,0,2686932
-7.957,trivial_move,3,2686932
-7.949,trivial_move,4,2686931
-7.948,flush_begin,0,0
-7.930,flush_end,0,2686931
-7.914,trivial_move,3,2686930
-7.906,trivial_move,4,2686931
-7.904,flush_begin,0,0
-7.885,flush_end,0,2686931
-7.868,trivial_move,3,2686932
-7.860,trivial_move,4,2686931
-7.859,flush_begin,0,0
-7.841,flush_end,0,2686931
-7.824,trivial_move,3,2686930
-7.816,trivial_move,4,2686931
-7.815,flush_begin,0,0
-7.797,flush_end,0,2686931
-7.781,trivial_move,3,2686931
-7.773,trivial_move,4,2686930
-7.770,flush_begin,0,0
-7.753,flush_end,0,2686930
-7.737,trivial_move,3,2686931
-7.729,trivial_move,4,2686932
-7.727,flush_begin,0,0
-7.710,flush_end,0,2686932
-7.693,trivial_move,3,2686931
-7.685,trivial_move,4,2686930
-7.683,flush_begin,0,0
-7.666,flush_end,0,2686930
-7.650,trivial_move,3,2686931
-7.642,trivial_move,4,2686932
-7.640,flush_begin,0,0
-7.625,flush_end,0,2686931
-7.609,trivial_move,3,2686930
-7.601,trivial_move,4,2686930
-7.599,flush_begin,0,0
-7.583,flush_end,0,2686931
-7.567,trivial_move,3,2686930
-7.559,trivial_move,4,2686931
-7.557,flush_begin,0,0
-7.541,flush_end,0,2686930
-7.524,trivial_move,3,2686931
-7.516,trivial_move,4,2686931
-7.514,flush_begin,0,0
-7.496,flush_end,0,2686932
-7.480,trivial_move,3,2686931
-7.472,trivial_move,4,2686930
-7.469,flush_begin,0,0
-7.451,flush_end,0,2686930
-7.435,trivial_move,3,2686931
-7.427,trivial_move,4,2686932
-7.424,flush_begin,0,0
-7.407,flush_end,0,2686932
-7.391,trivial_move,3,2686931
-7.383,trivial_move,4,2686930
-7.381,flush_begin,0,0
-7.364,flush_end,0,2686930
-7.348,trivial_move,3,2686930
-7.339,trivial_move,4,2686931
-7.339,flush_begin,0,0
-7.322,flush_end,0,2686931
-7.305,trivial_move,3,2686932
-7.295,trivial_move,4,2686931
-7.293,flush_begin,0,0
-7.274,flush_end,0,2686931
-7.257,trivial_move,3,2686930
-7.249,trivial_move,4,2686933
-7.247,flush_begin,0,0
-7.230,flush_end,0,2686931
-7.213,trivial_move,3,2686933
-7.204,trivial_move,4,2686931
-7.204,flush_begin,0,0
-7.185,flush_end,0,2686931
-7.168,trivial_move,3,2686930
-7.160,trivial_move,4,2686931
-7.160,flush_begin,0,0
-7.143,flush_end,0,2686930
-7.127,trivial_move,3,2686931
-7.119,trivial_move,4,2686930
-7.118,flush_begin,0,0
-7.101,flush_end,0,2686930
-7.085,trivial_move,3,2686931
-7.077,trivial_move,4,2686932
-7.075,flush_begin,0,0
-7.058,flush_end,0,2686931
-7.042,trivial_move,3,2686930
-7.034,trivial_move,4,2686930
-7.032,flush_begin,0,0
-7.016,flush_end,0,2686933
-6.999,trivial_move,3,2686932
-6.991,trivial_move,4,2686932
-6.989,flush_begin,0,0
-6.972,flush_end,0,2686931
-6.956,trivial_move,3,2686930
-6.948,trivial_move,4,2686930
-6.946,flush_begin,0,0
-6.929,flush_end,0,2686931
-6.912,trivial_move,3,2686931
-6.904,trivial_move,4,2686930
-6.902,flush_begin,0,0
-6.884,flush_end,0,2686930
-6.868,trivial_move,3,2686931
-6.860,trivial_move,4,2686932
-6.858,flush_begin,0,0
-6.841,flush_end,0,2686932
-6.825,trivial_move,3,2686931
-6.817,trivial_move,4,2686930
-6.814,flush_begin,0,0
-6.796,flush_end,0,2686930
-6.779,trivial_move,3,2686931
-6.771,trivial_move,4,2686932
-6.769,flush_begin,0,0
-6.751,flush_end,0,2686932
-6.735,trivial_move,3,2686931
-6.727,trivial_move,4,2686930
-6.725,flush_begin,0,0
-6.707,flush_end,0,2686930
-6.691,trivial_move,3,2686930
-6.682,trivial_move,4,2686931
-6.680,flush_begin,0,0
-6.663,flush_end,0,2686931
-6.646,trivial_move,3,2686932
-6.638,trivial_move,4,2686931
-6.636,flush_begin,0,0
-6.619,flush_end,0,2686931
-6.603,trivial_move,3,2686930
-6.595,trivial_move,4,2686931
-6.594,flush_begin,0,0
-6.575,flush_end,0,2686930
-6.558,trivial_move,3,2686932
-6.550,trivial_move,4,2686931
-6.549,flush_begin,0,0
-6.530,flush_end,0,2686932
-6.513,trivial_move,3,2686930
-6.505,trivial_move,4,2686931
-6.504,flush_begin,0,0
-6.485,flush_end,0,2686930
-6.468,trivial_move,3,2686930
-6.460,trivial_move,4,2686930
-6.459,flush_begin,0,0
-6.441,flush_end,0,2686931
-6.424,trivial_move,3,2686932
-6.416,trivial_move,4,2686932
-6.416,flush_begin,0,0
-6.397,flush_end,0,2686931
-6.380,trivial_move,3,2686930
-6.371,trivial_move,4,2686930
-6.371,flush_begin,0,0
-6.353,flush_end,0,2686931
-6.337,trivial_move,3,2686932
-6.329,trivial_move,4,2686931
-6.328,flush_begin,0,0
-6.310,flush_end,0,2686931
-6.293,trivial_move,3,2686930
-6.285,trivial_move,4,2686932
-6.284,flush_begin,0,0
-6.264,flush_end,0,2686931
-6.247,trivial_move,3,2686932
-6.239,trivial_move,4,2686930
-6.237,flush_begin,0,0
-6.219,flush_end,0,2686930
-6.202,trivial_move,3,2686931
-6.194,trivial_move,4,2686932
-6.194,flush_begin,0,0
-6.175,flush_end,0,2686932
-6.157,trivial_move,3,2686931
-6.149,trivial_move,4,2686930
-6.149,flush_begin,0,0
-6.130,flush_end,0,2686930
-6.114,trivial_move,3,2686931
-6.106,trivial_move,4,2686932
-6.104,flush_begin,0,0
-6.087,flush_end,0,2686933
-6.071,trivial_move,3,2686931
-6.063,trivial_move,4,2686930
-6.061,flush_begin,0,0
-6.044,flush_end,0,2686930
-6.028,trivial_move,3,2686930
-6.020,trivial_move,4,2686931
-6.018,flush_begin,0,0
-6.001,flush_end,0,2686930
-5.985,trivial_move,3,2686932
-5.977,trivial_move,4,2686931
-5.975,flush_begin,0,0
-5.958,flush_end,0,2686932
-5.941,trivial_move,3,2686930
-5.933,trivial_move,4,2686931
-5.931,flush_begin,0,0
-5.913,flush_end,0,2686930
-5.897,trivial_move,3,2686931
-5.889,trivial_move,4,2686931
-5.886,flush_begin,0,0
-5.869,flush_end,0,2686932
-5.853,trivial_move,3,2686931
-5.845,trivial_move,4,2686930
-5.844,flush_begin,0,0
-5.828,flush_end,0,2686930
-5.812,trivial_move,3,2686930
-5.803,trivial_move,4,2686930
-5.803,flush_begin,0,0
-5.788,flush_end,0,2686931
-5.772,trivial_move,3,2686932
-5.764,trivial_move,4,2686931
-5.763,flush_begin,0,0
-5.747,flush_end,0,2686931
-5.730,trivial_move,3,2686930
-5.722,trivial_move,4,2686931
-5.721,flush_begin,0,0
-5.705,flush_end,0,2686931
-5.686,trivial_move,3,2686932
-5.678,trivial_move,4,2686931
-5.676,flush_begin,0,0
-5.660,flush_end,0,2686931
-5.644,trivial_move,3,2686930
-5.636,trivial_move,4,2686931
-5.634,flush_begin,0,0
-5.617,flush_end,0,2686931
-5.600,trivial_move,3,2686931
-5.592,trivial_move,4,2686930
-5.589,flush_begin,0,0
-5.572,flush_end,0,2686930
-5.555,trivial_move,3,2686931
-5.546,trivial_move,4,2686932
-5.545,flush_begin,0,0
-5.528,flush_end,0,2686932
-5.512,trivial_move,3,2686931
-5.504,trivial_move,4,2686930
-5.502,flush_begin,0,0
-5.484,flush_end,0,2686930
-5.467,trivial_move,3,2686931
-5.459,trivial_move,4,2686932
-5.456,flush_begin,0,0
-5.438,flush_end,0,2686931
-5.422,trivial_move,3,2686930
-5.414,trivial_move,4,2686930
-5.412,flush_begin,0,0
-5.395,flush_end,0,2686931
-5.378,trivial_move,3,2686930
-5.370,trivial_move,4,2686932
-5.368,flush_begin,0,0
-5.350,flush_end,0,2686930
-5.333,trivial_move,3,2686931
-5.324,trivial_move,4,2686931
-5.324,flush_begin,0,0
-5.305,flush_end,0,2686932
-5.289,trivial_move,3,2686933
-5.281,trivial_move,4,2686930
-5.278,flush_begin,0,0
-5.260,flush_end,0,2686930
-5.244,trivial_move,3,2686931
-5.236,trivial_move,4,2686932
-5.235,flush_begin,0,0
-5.216,flush_end,0,2686932
-5.200,trivial_move,3,2686931
-5.191,trivial_move,4,2686930
-5.191,flush_begin,0,0
-5.171,flush_end,0,2686930
-5.154,trivial_move,3,2686930
-5.145,trivial_move,4,2686931
-5.145,flush_begin,0,0
-5.128,flush_end,0,2686932
-5.111,trivial_move,3,2686932
-5.102,trivial_move,4,2686931
-5.102,flush_begin,0,0
-5.086,flush_end,0,2686931
-5.070,trivial_move,3,2686930
-5.062,trivial_move,4,2686931
-5.060,flush_begin,0,0
-5.043,flush_end,0,2686931
-5.026,trivial_move,3,2686932
-5.017,trivial_move,4,2686931
-5.016,flush_begin,0,0
-4.999,flush_end,0,2686931
-4.982,trivial_move,3,2686930
-4.974,trivial_move,4,2686931
-4.972,flush_begin,0,0
-4.955,flush_end,0,2686930
-4.939,trivial_move,3,2686931
-4.931,trivial_move,4,2686930
-4.929,flush_begin,0,0
-4.910,flush_end,0,2686930
-4.893,trivial_move,3,2686931
-4.885,trivial_move,4,2686932
-4.882,flush_begin,0,0
-4.865,flush_end,0,2686931
-4.849,trivial_move,3,2686930
-4.841,trivial_move,4,2686930
-4.839,flush_begin,0,0
-4.822,flush_end,0,2686931
-4.806,trivial_move,3,2686932
-4.798,trivial_move,4,2686932
-4.796,flush_begin,0,0
-4.779,flush_end,0,2686931
-4.763,trivial_move,3,2686930
-4.755,trivial_move,4,2686930
-4.752,flush_begin,0,0
-4.735,flush_end,0,2686931
-4.718,trivial_move,3,2686931
-4.711,trivial_move,4,2686930
-4.710,flush_begin,0,0
-4.693,flush_end,0,2686930
-4.677,trivial_move,3,2686931
-4.669,trivial_move,4,2686932
-4.668,flush_begin,0,0
-4.651,flush_end,0,2686932
-4.635,trivial_move,3,2686931
-4.627,trivial_move,4,2686930
-4.626,flush_begin,0,0
-4.607,flush_end,0,2686930
-4.590,trivial_move,3,2686931
-4.582,trivial_move,4,2686932
-4.580,flush_begin,0,0
-4.563,flush_end,0,2686932
-4.547,trivial_move,3,2686931
-4.539,trivial_move,4,2686930
-4.536,flush_begin,0,0
-4.518,flush_end,0,2686930
-4.500,trivial_move,3,2686930
-4.491,trivial_move,4,2686931
-4.491,flush_begin,0,0
-4.474,flush_end,0,2686931
-4.457,trivial_move,3,2686932
-4.449,trivial_move,4,2686931
-4.447,flush_begin,0,0
-4.429,flush_end,0,2686931
-4.412,trivial_move,3,2686930
-4.403,trivial_move,4,2686932
-4.403,flush_begin,0,0
-4.384,flush_end,0,2686930
-4.368,trivial_move,3,2686933
-4.360,trivial_move,4,2686931
-4.358,flush_begin,0,0
-4.340,flush_end,0,2686932
-4.323,trivial_move,3,2686930
-4.314,trivial_move,4,2686931
-4.313,flush_begin,0,0
-4.293,flush_end,0,2686930
-4.277,trivial_move,3,2686930
-4.268,trivial_move,4,2686930
-4.268,flush_begin,0,0
-4.248,flush_end,0,2686931
-4.232,trivial_move,3,2686932
-4.224,trivial_move,4,2686932
-4.223,flush_begin,0,0
-4.203,flush_end,0,2686931
-4.187,trivial_move,3,2686930
-4.178,trivial_move,4,2686930
-4.178,flush_begin,0,0
-4.160,flush_end,0,2686932
-4.144,trivial_move,3,2686932
-4.136,trivial_move,4,2686931
-4.135,flush_begin,0,0
-4.117,flush_end,0,2686931
-4.101,trivial_move,3,2686930
-4.093,trivial_move,4,2686931
-4.091,flush_begin,0,0
-4.074,flush_end,0,2686931
-4.058,trivial_move,3,2686931
-4.050,trivial_move,4,2686930
-4.048,flush_begin,0,0
-4.030,flush_end,0,2686930
-4.013,trivial_move,3,2686931
-4.005,trivial_move,4,2686932
-4.003,flush_begin,0,0
-3.985,flush_end,0,2686932
-3.969,trivial_move,3,2686931
-3.961,trivial_move,4,2686930
-3.958,flush_begin,0,0
-3.941,flush_end,0,2686930
-3.924,trivial_move,3,2686931
-3.915,trivial_move,4,2686932
-3.915,flush_begin,0,0
-3.898,flush_end,0,2686932
-3.882,trivial_move,3,2686931
-3.874,trivial_move,4,2686930
-3.873,flush_begin,0,0
-3.854,flush_end,0,2686930
-3.837,trivial_move,3,2686930
-3.827,trivial_move,4,2686931
-3.825,flush_begin,0,0
-3.805,flush_end,0,2686930
-3.788,trivial_move,3,2686932
-3.780,trivial_move,4,2686931
-3.778,flush_begin,0,0
-3.759,flush_end,0,2686932
-3.743,trivial_move,3,2686930
-3.734,trivial_move,4,2686931
-3.734,flush_begin,0,0
-3.716,flush_end,0,2686930
-3.696,trivial_move,3,2686931
-3.688,trivial_move,4,2686931
-3.682,flush_begin,0,0
-3.661,flush_end,0,2686932
-3.640,trivial_move,3,2686931
-3.632,trivial_move,4,2686930
-3.629,flush_begin,0,0
-3.609,flush_end,0,2686930
-3.593,trivial_move,3,2686930
-3.585,trivial_move,4,2686930
-3.583,flush_begin,0,0
-3.565,flush_end,0,2686931
-3.549,trivial_move,3,2686932
-3.541,trivial_move,4,2686931
-3.540,flush_begin,0,0
-3.521,flush_end,0,2686931
-3.504,trivial_move,3,2686930
-3.496,trivial_move,4,2686931
-3.496,flush_begin,0,0
-3.478,flush_end,0,2686931
-3.461,trivial_move,3,2686932
-3.453,trivial_move,4,2686931
-3.452,flush_begin,0,0
-3.433,flush_end,0,2686931
-3.416,trivial_move,3,2686930
-3.408,trivial_move,4,2686932
-3.406,flush_begin,0,0
-3.389,flush_end,0,2686931
-3.373,trivial_move,3,2686932
-3.365,trivial_move,4,2686930
-3.363,flush_begin,0,0
-3.345,flush_end,0,2686930
-3.328,trivial_move,3,2686931
-3.319,trivial_move,4,2686932
-3.319,flush_begin,0,0
-3.302,flush_end,0,2686932
-3.287,trivial_move,3,2686931
-3.279,trivial_move,4,2686930
-3.277,flush_begin,0,0
-3.260,flush_end,0,2686930
-3.244,trivial_move,3,2686931
-3.236,trivial_move,4,2686932
-3.234,flush_begin,0,0
-3.217,flush_end,0,2686931
-3.201,trivial_move,3,2686930
-3.192,trivial_move,4,2686930
-3.191,flush_begin,0,0
-3.174,flush_end,0,2686932
-3.158,trivial_move,3,2686930
-3.150,trivial_move,4,2686931
-3.148,flush_begin,0,0
-3.131,flush_end,0,2686930
-3.115,trivial_move,3,2686931
-3.107,trivial_move,4,2686931
-3.105,flush_begin,0,0
-3.088,flush_end,0,2686932
-3.071,trivial_move,3,2686931
-3.063,trivial_move,4,2686930
-3.060,flush_begin,0,0
-3.043,flush_end,0,2686930
-3.026,trivial_move,3,2686931
-3.018,trivial_move,4,2686932
-3.015,flush_begin,0,0
-2.998,flush_end,0,2686932
-2.981,trivial_move,3,2686931
-2.973,trivial_move,4,2686930
-2.971,flush_begin,0,0
-2.952,flush_end,0,2686930
-2.935,trivial_move,3,2686930
-2.926,trivial_move,4,2686931
-2.925,flush_begin,0,0
-2.907,flush_end,0,2686931
-2.890,trivial_move,3,2686932
-2.881,trivial_move,4,2686931
-2.881,flush_begin,0,0
-2.864,flush_end,0,2686931
-2.847,trivial_move,3,2686930
-2.838,trivial_move,4,2686931
-2.838,flush_begin,0,0
-2.820,flush_end,0,2686931
-2.803,trivial_move,3,2686932
-2.795,trivial_move,4,2686931
-2.795,flush_begin,0,0
-2.776,flush_end,0,2686931
-2.759,trivial_move,3,2686930
-2.751,trivial_move,4,2686931
-2.750,flush_begin,0,0
-2.732,flush_end,0,2686930
-2.714,trivial_move,3,2686931
-2.707,trivial_move,4,2686930
-2.705,flush_begin,0,0
-2.687,flush_end,0,2686930
-2.670,trivial_move,3,2686931
-2.662,trivial_move,4,2686932
-2.660,flush_begin,0,0
-2.643,flush_end,0,2686931
-2.626,trivial_move,3,2686930
-2.618,trivial_move,4,2686930
-2.617,flush_begin,0,0
-2.598,flush_end,0,2686931
-2.582,trivial_move,3,2686932
-2.574,trivial_move,4,2686932
-2.573,flush_begin,0,0
-2.554,flush_end,0,2686931
-2.537,trivial_move,3,2686930
-2.529,trivial_move,4,2686930
-2.528,flush_begin,0,0
-2.508,flush_end,0,2686931
-2.492,trivial_move,3,2686931
-2.484,trivial_move,4,2686930
-2.483,flush_begin,0,0
-2.463,flush_end,0,2686930
-2.448,trivial_move,3,2686931
-2.439,trivial_move,4,2686933
-2.439,flush_begin,0,0
-2.420,flush_end,0,2686932
-2.404,trivial_move,3,2686932
-2.396,trivial_move,4,2686930
-2.395,flush_begin,0,0
-2.374,flush_end,0,2686930
-2.358,trivial_move,3,2686931
-2.350,trivial_move,4,2686932
-2.349,flush_begin,0,0
-2.328,flush_end,0,2686932
-2.312,trivial_move,3,2686931
-2.303,trivial_move,4,2686930
-2.303,flush_begin,0,0
-2.283,flush_end,0,2686930
-2.267,trivial_move,3,2686930
-2.259,trivial_move,4,2686931
-2.258,flush_begin,0,0
-2.241,flush_end,0,2686932
-2.226,trivial_move,3,2686932
-2.218,trivial_move,4,2686931
-2.217,flush_begin,0,0
-2.201,flush_end,0,2686931
-2.184,trivial_move,3,2686930
-2.176,trivial_move,4,2686931
-2.174,flush_begin,0,0
-2.157,flush_end,0,2686930
-2.142,trivial_move,3,2686932
-2.134,trivial_move,4,2686931
-2.133,flush_begin,0,0
-2.112,flush_end,0,2686932
-2.096,trivial_move,3,2686930
-2.087,trivial_move,4,2686931
-2.086,flush_begin,0,0
-2.066,flush_end,0,2686930
-2.050,trivial_move,3,2686930
-2.042,trivial_move,4,2686930
-2.041,flush_begin,0,0
-2.021,flush_end,0,2686931
-2.005,trivial_move,3,2686932
-1.997,trivial_move,4,2686932
-1.996,flush_begin,0,0
-1.974,flush_end,0,2686931
-1.957,trivial_move,3,2686930
-1.948,trivial_move,4,2686930
-1.948,flush_begin,0,0
-1.931,flush_end,0,2686931
-1.914,trivial_move,3,2686932
-1.905,trivial_move,4,2686931
-1.905,flush_begin,0,0
-1.889,flush_end,0,2686931
-1.872,trivial_move,3,2686930
-1.864,trivial_move,4,2686931
-1.863,flush_begin,0,0
-1.846,flush_end,0,2686931
-1.830,trivial_move,3,2686931
-1.822,trivial_move,4,2686930
-1.821,flush_begin,0,0
-1.803,flush_end,0,2686930
-1.786,trivial_move,3,2686931
-1.778,trivial_move,4,2686932
-1.777,flush_begin,0,0
-1.758,flush_end,0,2686932
-1.742,trivial_move,3,2686931
-1.734,trivial_move,4,2686930
-1.733,flush_begin,0,0
-1.720,flush_end,0,2686930
-1.703,trivial_move,3,2686931
-1.703,flush_begin,0,0
-1.691,flush_end,0,2686932
-1.674,trivial_move,3,2686931
-1.666,trivial_move,4,2686932
-1.666,flush_begin,0,0
-1.653,flush_end,0,2686930
-1.636,trivial_move,3,2686930
-1.627,trivial_move,4,2686930
-1.627,flush_begin,0,0
-1.613,flush_end,0,2686930
-1.597,trivial_move,3,2686932
-1.589,trivial_move,4,2686931
-1.580,trivial_move,4,2686931
-1.580,flush_begin,0,0
-1.565,flush_end,0,2686932
-1.548,trivial_move,3,2686930
-1.540,trivial_move,4,2686932
-1.540,flush_begin,0,0
-1.525,flush_end,0,2686930
-1.508,trivial_move,3,2686931
-1.499,trivial_move,4,2686931
-1.498,flush_begin,0,0
-1.482,flush_end,0,2686932
-1.465,trivial_move,3,2686932
-1.456,trivial_move,4,2686930
-1.456,flush_begin,0,0
-1.441,flush_end,0,2686930
-1.425,trivial_move,3,2686930
-1.417,trivial_move,4,2686930
-1.415,flush_begin,0,0
-1.398,flush_end,0,2686931
-1.382,trivial_move,3,2686932
-1.374,trivial_move,4,2686931
-1.372,flush_begin,0,0
-1.355,flush_end,0,2686931
-1.339,trivial_move,3,2686930
-1.331,trivial_move,4,2686931
-1.329,flush_begin,0,0
-1.312,flush_end,0,2686932
-1.296,trivial_move,3,2686932
-1.288,trivial_move,4,2686931
-1.286,flush_begin,0,0
-1.269,flush_end,0,2686931
-1.253,trivial_move,3,2686930
-1.245,trivial_move,4,2686931
-1.243,flush_begin,0,0
-1.225,flush_end,0,2686931
-1.208,trivial_move,3,2686931
-1.200,trivial_move,4,2686930
-1.198,flush_begin,0,0
-1.181,flush_end,0,2686930
-1.165,trivial_move,3,2686931
-1.157,trivial_move,4,2686932
-1.154,flush_begin,0,0
-1.137,flush_end,0,2686932
-1.120,trivial_move,3,2686931
-1.112,trivial_move,4,2686930
-1.111,flush_begin,0,0
-1.093,flush_end,0,2686930
-1.077,trivial_move,3,2686931
-1.068,trivial_move,4,2686932
-1.066,flush_begin,0,0
-1.049,flush_end,0,2686931
-1.033,trivial_move,3,2686930
-1.025,trivial_move,4,2686930
-1.022,flush_begin,0,0
-1.005,flush_end,0,2686931
-0.989,trivial_move,3,2686930
-0.981,trivial_move,4,2686931
-0.978,flush_begin,0,0
-0.960,flush_end,0,2686930
-0.943,trivial_move,3,2686931
-0.935,trivial_move,4,2686931
-0.934,flush_begin,0,0
-0.915,flush_end,0,2686932
-0.898,trivial_move,3,2686931
-0.889,trivial_move,4,2686930
-0.889,flush_begin,0,0
-0.872,flush_end,0,2686930
-0.855,trivial_move,3,2686931
-0.848,trivial_move,4,2686932
-0.847,flush_begin,0,0
-0.831,flush_end,0,2686932
-0.815,trivial_move,3,2686931
-0.807,trivial_move,4,2686930
-0.806,flush_begin,0,0
-0.789,flush_end,0,2686930
-0.773,trivial_move,3,2686930
-0.765,trivial_move,4,2686931
-0.764,flush_begin,0,0
-0.746,flush_end,0,2686931
-0.730,trivial_move,3,2686932
-0.722,trivial_move,4,2686931
-0.720,flush_begin,0,0
-0.703,flush_end,0,2686931
-0.687,trivial_move,3,2686930
-0.679,trivial_move,4,2686931
-0.677,flush_begin,0,0
-0.660,flush_end,0,2686931
-0.644,trivial_move,3,2686932
-0.636,trivial_move,4,2686931
-0.634,flush_begin,0,0
-0.617,flush_end,0,2686931
-0.600,trivial_move,3,2686930
-0.592,trivial_move,4,2686932
-0.590,flush_begin,0,0
-0.573,flush_end,0,2686930
-0.557,trivial_move,3,2686932
-0.549,trivial_move,4,2686930
-0.548,flush_begin,0,0
-0.530,flush_end,0,2686930
-0.513,trivial_move,3,2686931
-0.505,trivial_move,4,2686932
-0.502,flush_begin,0,0
-0.485,flush_end,0,2686931
-0.468,trivial_move,3,2686930
-0.460,trivial_move,4,2686930
-0.458,flush_begin,0,0
-0.440,flush_end,0,2686931
-0.423,trivial_move,3,2686932
-0.414,trivial_move,4,2686932
-0.414,flush_begin,0,0
-0.397,flush_end,0,2686931
-0.380,trivial_move,3,2686930
-0.372,trivial_move,4,2686930
-0.370,flush_begin,0,0
-0.352,flush_end,0,2686932
-0.335,trivial_move,3,2686931
-0.326,trivial_move,4,2686930
-0.326,flush_begin,0,0
-0.307,flush_end,0,2686930
-0.290,trivial_move,3,2686931
-0.281,trivial_move,4,2686932
-0.281,flush_begin,0,0
-0.263,flush_end,0,2686932
-0.247,trivial_move,3,2686931
-0.238,trivial_move,4,2686930
-0.238,flush_begin,0,0
-0.218,flush_end,0,2686930
-0.202,trivial_move,3,2686931
-0.193,trivial_move,4,2686932
-0.193,flush_begin,0,0
-0.174,flush_end,0,2686932
-0.158,trivial_move,3,2686931
-0.150,trivial_move,4,2686930
-0.149,flush_begin,0,0
-0.128,flush_end,0,2686930
-0.112,trivial_move,3,2686930
-0.104,trivial_move,4,2686931
-0.102,flush_begin,0,0
-0.084,flush_end,0,2686931
-0.067,trivial_move,3,2686932
-0.058,trivial_move,4,2686931
-0.058,flush_begin,0,0
-0.039,flush_end,0,2686931
-0.021,trivial_move,3,2686930
-0.012,trivial_move,4,2686931
-0.012,flush_begin,0,0
0.006,flush_end,0,2686930
0.022,trivial_move,3,2686932
0.031,trivial_move,4,2686931
0.031,flush_begin,0,0
0.049,flush_end,0,2686932
0.066,trivial_move,3,2686930
0.074,trivial_move,4,2686931
0.075,flush_begin,0,0
0.096,flush_end,0,2686930
0.112,trivial_move,3,2686930
0.120,trivial_move,4,2686930
0.121,flush_begin,0,0
0.140,flush_end,0,2686931
0.156,trivial_move,3,2686932
0.165,trivial_move,4,2686932
0.165,flush_begin,0,0
0.186,flush_end,0,2686931
0.203,trivial_move,3,2686930
0.212,trivial_move,4,2686930
0.212,flush_begin,0,0
0.232,flush_end,0,2686931
0.248,trivial_move,3,2686932
0.256,trivial_move,4,2686931
0.257,flush_begin,0,0
0.277,flush_end,0,2686931
0.294,trivial_move,3,2686930
0.302,trivial_move,4,2686931
0.303,flush_begin,0,0
0.322,flush_end,0,2686931
0.339,trivial_move,3,2686931
0.348,trivial_move,4,2686930
0.348,flush_begin,0,0
0.367,flush_end,0,2686930
0.385,trivial_move,3,2686931
0.393,trivial_move,4,2686933
0.393,flush_begin,0,0
0.413,flush_end,0,2686932
0.429,trivial_move,3,2686932
0.436,trivial_move,4,2686930
0.437,flush_begin,0,0
0.454,flush_end,0,2686930
0.474,trivial_move,3,2686931
0.480,trivial_move,4,2686932
0.481,flush_begin,0,0
0.499,flush_end,0,2686932
0.516,trivial_move,3,2686931
0.525,trivial_move,4,2686930
0.525,flush_begin,0,0
0.545,flush_end,0,2686930
0.561,trivial_move,3,2686930
0.570,trivial_move,4,2686931
0.570,flush_begin,0,0
0.589,flush_end,0,2686930
0.605,trivial_move,3,2686932
0.614,trivial_move,4,2686931
0.614,flush_begin,0,0
0.633,flush_end,0,2686933
0.651,trivial_move,3,2686930
0.660,trivial_move,4,2686931
0.660,flush_begin,0,0
0.678,flush_end,0,2686930
0.695,trivial_move,3,2686931
0.704,trivial_move,4,2686931
0.704,flush_begin,0,0
0.725,flush_end,0,2686932
0.741,trivial_move,3,2686931
0.750,trivial_move,4,2686930
0.750,flush_begin,0,0
0.767,flush_end,0,2686930
0.785,trivial_move,3,2686930
0.794,trivial_move,4,2686930
0.794,flush_begin,0,0
0.813,flush_end,0,2686931
0.831,trivial_move,3,2686932
0.840,trivial_move,4,2686931
0.840,flush_begin,0,0
0.858,flush_end,0,2686931
0.876,trivial_move,3,2686930
0.885,trivial_move,4,2686931
0.885,flush_begin,0,0
0.903,flush_end,0,2686931
0.919,trivial_move,3,2686932
0.928,trivial_move,4,2686931
0.930,flush_begin,0,0
0.949,flush_end,0,2686931
0.965,trivial_move,3,2686930
0.973,trivial_move,4,2686931
0.975,flush_begin,0,0
0.990,flush_end,0,2686931
1.008,trivial_move,3,2686931
1.015,trivial_move,4,2686930
1.016,flush_begin,0,0
1.032,flush_end,0,2686930
1.049,trivial_move,3,2686931
1.058,trivial_move,4,2686932
1.060,flush_begin,0,0
1.077,flush_end,0,2686932
1.094,trivial_move,3,2686931
1.103,trivial_move,4,2686930
1.105,flush_begin,0,0
1.122,flush_end,0,2686930
1.139,trivial_move,3,2686931
1.147,trivial_move,4,2686932
1.150,flush_begin,0,0
1.168,flush_end,0,2686931
1.186,trivial_move,3,2686930
1.194,trivial_move,4,2686930
1.196,flush_begin,0,0
1.213,flush_end,0,2686931
1.229,trivial_move,3,2686930
1.237,trivial_move,4,2686931
1.239,flush_begin,0,0
1.258,flush_end,0,2686930
1.277,trivial_move,3,2686931
1.285,trivial_move,4,2686931
1.287,flush_begin,0,0
1.305,flush_end,0,2686932
1.323,trivial_move,3,2686931
1.332,trivial_move,4,2686930
1.335,flush_begin,0,0
1.352,flush_end,0,2686930
1.369,trivial_move,3,2686931
1.377,trivial_move,4,2686933
1.378,flush_begin,0,0
1.396,flush_end,0,2686932
1.413,trivial_move,3,2686932
1.423,trivial_move,4,2686930
1.423,flush_begin,0,0
1.440,flush_end,0,2686930
1.458,trivial_move,3,2686930
1.467,trivial_move,4,2686931
1.469,flush_begin,0,0
1.488,flush_end,0,2686931
1.506,trivial_move,3,2686932
1.513,trivial_move,4,2686931
1.515,flush_begin,0,0
1.532,flush_end,0,2686931
1.550,trivial_move,3,2686930
1.559,trivial_move,4,2686931
1.561,flush_begin,0,0
1.580,flush_end,0,2686932
1.598,trivial_move,3,2686932
1.606,trivial_move,4,2686931
1.608,flush_begin,0,0
1.625,flush_end,0,2686931
1.642,trivial_move,3,2686930
1.651,trivial_move,4,2686931
1.651,flush_begin,0,0
1.668,flush_end,0,2686930
1.685,trivial_move,3,2686931
1.693,trivial_move,4,2686930
1.695,flush_begin,0,0
1.715,flush_end,0,2686930
1.732,trivial_move,3,2686931
1.741,trivial_move,4,2686932
1.742,flush_begin,0,0
1.762,flush_end,0,2686931
1.778,trivial_move,3,2686930
1.786,trivial_move,4,2686930
1.787,flush_begin,0,0
1.808,flush_end,0,2686931
1.824,trivial_move,3,2686932
1.833,trivial_move,4,2686932
1.833,flush_begin,0,0
1.854,flush_end,0,2686931
1.870,trivial_move,3,2686930
1.878,trivial_move,4,2686930
1.880,flush_begin,0,0
1.901,flush_end,0,2686931
1.920,trivial_move,3,2686931
1.930,trivial_move,4,2686930
1.930,flush_begin,0,0
1.944,flush_end,0,2686930
1.960,trivial_move,3,2686931
1.969,trivial_move,4,2686932
1.969,flush_begin,0,0
1.983,flush_end,0,2686932
2.001,trivial_move,3,2686931
2.011,trivial_move,4,2686930
2.012,flush_begin,0,0
2.027,flush_end,0,2686930
2.043,trivial_move,3,2686931
2.051,trivial_move,4,2686932
2.054,flush_begin,0,0
2.070,flush_end,0,2686932
2.087,trivial_move,3,2686931
2.095,trivial_move,4,2686930
2.097,flush_begin,0,0
2.114,flush_end,0,2686930
2.130,trivial_move,3,2686930
2.138,trivial_move,4,2686931
2.141,flush_begin,0,0
2.158,flush_end,0,2686931
2.175,trivial_move,3,2686932
2.183,trivial_move,4,2686931
2.185,flush_begin,0,0
2.201,flush_end,0,2686931
2.218,trivial_move,3,2686930
2.226,trivial_move,4,2686931
2.228,flush_begin,0,0
2.245,flush_end,0,2686930
2.261,trivial_move,3,2686932
2.269,trivial_move,4,2686931
2.271,flush_begin,0,0
2.288,flush_end,0,2686932
2.304,trivial_move,3,2686930
2.312,trivial_move,4,2686933
2.314,flush_begin,0,0
2.332,flush_end,0,2686930
2.350,trivial_move,3,2686930
2.358,trivial_move,4,2686930
2.360,flush_begin,0,0
2.377,flush_end,0,2686931
2.394,trivial_move,3,2686933
2.402,trivial_move,4,2686932
2.405,flush_begin,0,0
2.422,flush_end,0,2686931
2.440,trivial_move,3,2686930
2.449,trivial_move,4,2686930
2.450,flush_begin,0,0
2.467,flush_end,0,2686931
2.484,trivial_move,3,2686932
2.492,trivial_move,4,2686931
2.495,flush_begin,0,0
2.514,flush_end,0,2686931
2.532,trivial_move,3,2686930
2.541,trivial_move,4,2686931
2.542,flush_begin,0,0
2.560,flush_end,0,2686933
2.578,trivial_move,3,2686931
2.586,trivial_move,4,2686930
2.587,flush_begin,0,0
2.605,flush_end,0,2686930
2.623,trivial_move,3,2686931
2.632,trivial_move,4,2686932
2.633,flush_begin,0,0
2.651,flush_end,0,2686932
2.668,trivial_move,3,2686931
2.677,trivial_move,4,2686930
2.677,flush_begin,0,0
2.695,flush_end,0,2686930
2.712,trivial_move,3,2686931
2.720,trivial_move,4,2686932
2.721,flush_begin,0,0
2.742,flush_end,0,2686932
2.758,trivial_move,3,2686931
2.766,trivial_move,4,2686930
2.767,flush_begin,0,0
2.785,flush_end,0,2686930
2.802,trivial_move,3,2686930
2.811,trivial_move,4,2686931
2.811,flush_begin,0,0
2.829,flush_end,0,2686930
2.845,trivial_move,3,2686932
2.854,trivial_move,4,2686931
2.854,flush_begin,0,0
2.870,flush_end,0,2686932
2.887,trivial_move,3,2686930
2.895,trivial_move,4,2686931
2.896,flush_begin,0,0
2.914,flush_end,0,2686930
2.931,trivial_move,3,2686931
2.940,trivial_move,4,2686931
2.940,flush_begin,0,0
2.957,flush_end,0,2686932
2.974,trivial_move,3,2686931
2.982,trivial_move,4,2686930
2.983,flush_begin,0,0
3.001,flush_end,0,2686930
3.019,trivial_move,3,2686930
3.027,trivial_move,4,2686930
3.028,flush_begin,0,0
3.049,flush_end,0,2686931
3.066,trivial_move,3,2686932
3.076,trivial_move,4,2686931
3.076,flush_begin,0,0
3.093,flush_end,0,2686931
3.110,trivial_move,3,2686930
3.120,trivial_move,4,2686931
3.120,flush_begin,0,0
3.139,flush_end,0,2686931
3.156,trivial_move,3,2686932
3.164,trivial_move,4,2686931
3.164,flush_begin,0,0
3.182,flush_end,0,2686931
3.199,trivial_move,3,2686930
3.206,trivial_move,4,2686931
3.206,flush_begin,0,0
3.224,flush_end,0,2686931
3.241,trivial_move,3,2686931
3.249,trivial_move,4,2686930
3.252,flush_begin,0,0
3.270,flush_end,0,2686930
3.287,trivial_move,3,2686931
3.295,trivial_move,4,2686933
3.297,flush_begin,0,0
3.316,flush_end,0,2686932
3.333,trivial_move,3,2686932
3.341,trivial_move,4,2686930
3.343,flush_begin,0,0
3.362,flush_end,0,2686930
3.379,trivial_move,3,2686931
3.387,trivial_move,4,2686932
3.388,flush_begin,0,0
3.407,flush_end,0,2686931
3.425,trivial_move,3,2686930
3.433,trivial_move,4,2686930
3.435,flush_begin,0,0
3.453,flush_end,0,2686931
3.471,trivial_move,3,2686930
3.480,trivial_move,4,2686931
3.481,flush_begin,0,0
3.499,flush_end,0,2686930
3.516,trivial_move,3,2686931
3.525,trivial_move,4,2686931
3.525,flush_begin,0,0
3.543,flush_end,0,2686933
3.562,trivial_move,3,2686931
3.571,trivial_move,4,2686930
3.571,flush_begin,0,0
3.589,flush_end,0,2686930
3.606,trivial_move,3,2686931
3.615,trivial_move,4,2686932
3.615,flush_begin,0,0
3.635,flush_end,0,2686932
3.651,trivial_move,3,2686931
3.660,trivial_move,4,2686930
3.660,flush_begin,0,0
3.678,flush_end,0,2686930
3.695,trivial_move,3,2686930
3.703,trivial_move,4,2686931
3.703,flush_begin,0,0
3.722,flush_end,0,2686931
3.739,trivial_move,3,2686932
3.747,trivial_move,4,2686931
3.748,flush_begin,0,0
3.764,flush_end,0,2686931
3.780,trivial_move,3,2686930
3.788,trivial_move,4,2686931
3.790,flush_begin,0,0
3.806,flush_end,0,2686931
3.822,trivial_move,3,2686932
3.830,trivial_move,4,2686931
3.832,flush_begin,0,0
3.848,flush_end,0,2686931
3.864,trivial_move,3,2686930
3.872,trivial_move,4,2686931
3.873,flush_begin,0,0
3.894,flush_end,0,2686930
3.911,trivial_move,3,2686931
3.920,trivial_move,4,2686930
3.920,flush_begin,0,0
3.939,flush_end,0,2686930
3.957,trivial_move,3,2686931
3.967,trivial_move,4,2686932
3.967,flush_begin,0,0
3.986,flush_end,0,2686931
4.005,trivial_move,3,2686930
4.014,trivial_move,4,2686930
4.015,flush_begin,0,0
4.033,flush_end,0,2686931
4.051,trivial_move,3,2686932
4.059,trivial_move,4,2686932
4.060,flush_begin,0,0
4.079,flush_end,0,2686931
4.098,trivial_move,3,2686930
4.106,trivial_move,4,2686930
4.106,flush_begin,0,0
4.125,flush_end,0,2686931
4.142,trivial_move,3,2686931
4.150,trivial_move,4,2686930
4.152,flush_begin,0,0
4.170,flush_end,0,2686930
4.187,trivial_move,3,2686931
4.196,trivial_move,4,2686932
4.197,flush_begin,0,0
4.215,flush_end,0,2686932
4.232,trivial_move,3,2686931
4.240,trivial_move,4,2686930
4.241,flush_begin,0,0
4.260,flush_end,0,2686930
4.278,trivial_move,3,2686931
4.286,trivial_move,4,2686933
4.287,flush_begin,0,0
4.307,flush_end,0,2686932
4.323,trivial_move,3,2686933
4.332,trivial_move,4,2686930
4.333,flush_begin,0,0
4.353,flush_end,0,2686930
4.371,trivial_move,3,2686930
4.380,trivial_move,4,2686931
4.380,flush_begin,0,0
4.397,flush_end,0,2686931
4.413,trivial_move,3,2686932
4.421,trivial_move,4,2686931
4.422,flush_begin,0,0
4.441,flush_end,0,2686931
4.457,trivial_move,3,2686930
4.465,trivial_move,4,2686931
4.466,flush_begin,0,0
4.486,flush_end,0,2686930
4.503,trivial_move,3,2686932
4.511,trivial_move,4,2686931
4.512,flush_begin,0,0
4.533,flush_end,0,2686933
4.549,trivial_move,3,2686930
4.558,trivial_move,4,2686931
4.558,flush_begin,0,0
4.578,flush_end,0,2686930
4.594,trivial_move,3,2686930
4.602,trivial_move,4,2686930
4.603,flush_begin,0,0
4.623,flush_end,0,2686931
4.638,trivial_move,3,2686932
4.647,trivial_move,4,2686932
4.647,flush_begin,0,0
4.665,flush_end,0,2686931
4.682,trivial_move,3,2686930
4.690,trivial_move,4,2686930
4.692,flush_begin,0,0
4.711,flush_end,0,2686931
4.727,trivial_move,3,2686932
4.735,trivial_move,4,2686931
4.736,flush_begin,0,0
4.755,flush_end,0,2686931
4.771,trivial_move,3,2686930
4.780,trivial_move,4,2686931
4.780,flush_begin,0,0
4.801,flush_end,0,2686931
4.817,trivial_move,3,2686931
4.825,trivial_move,4,2686930
4.826,flush_begin,0,0
4.849,flush_end,0,2686930
4.865,trivial_move,3,2686931
4.873,trivial_move,4,2686932
4.875,flush_begin,0,0
4.895,flush_end,0,2686932
4.911,trivial_move,3,2686931
4.920,trivial_move,4,2686930
4.920,flush_begin,0,0
4.940,flush_end,0,2686930
4.957,trivial_move,3,2686931
4.963,trivial_move,4,2686932
4.963,flush_begin,0,0
4.984,flush_end,0,2686932
5.000,trivial_move,3,2686931
5.009,trivial_move,4,2686930
5.009,flush_begin,0,0
5.027,flush_end,0,2686930
5.042,trivial_move,3,2686930
5.050,trivial_move,4,2686931
5.051,flush_begin,0,0
5.072,flush_end,0,2686930
5.089,trivial_move,3,2686932
5.100,trivial_move,4,2686931
5.100,flush_begin,0,0
5.115,flush_end,0,2686932
5.132,trivial_move,3,2686930
5.140,trivial_move,4,2686931
5.141,flush_begin,0,0
5.157,flush_end,0,2686930
5.173,trivial_move,3,2686931
5.182,trivial_move,4,2686931
5.183,flush_begin,0,0
5.199,flush_end,0,2686932
5.218,trivial_move,3,2686931
5.226,trivial_move,4,2686930
5.227,flush_begin,0,0
5.243,flush_end,0,2686930
5.261,trivial_move,3,2686930
5.269,trivial_move,4,2686930
5.271,flush_begin,0,0
5.287,flush_end,0,2686931
5.304,trivial_move,3,2686933
5.312,trivial_move,4,2686931
5.314,flush_begin,0,0
5.331,flush_end,0,2686931
5.348,trivial_move,3,2686930
5.355,trivial_move,4,2686931
5.356,flush_begin,0,0
5.375,flush_end,0,2686931
5.391,trivial_move,3,2686932
5.400,trivial_move,4,2686931
5.401,flush_begin,0,0
5.418,flush_end,0,2686931
5.435,trivial_move,3,2686930
5.443,trivial_move,4,2686931
5.445,flush_begin,0,0
5.463,flush_end,0,2686932
5.481,trivial_move,3,2686931
5.489,trivial_move,4,2686930
5.492,flush_begin,0,0
5.509,flush_end,0,2686930
5.525,trivial_move,3,2686931
5.534,trivial_move,4,2686932
5.536,flush_begin,0,0
5.553,flush_end,0,2686932
5.571,trivial_move,3,2686931
5.579,trivial_move,4,2686930
5.582,flush_begin,0,0
5.600,flush_end,0,2686930
5.618,trivial_move,3,2686931
5.626,trivial_move,4,2686932
5.627,flush_begin,0,0
5.645,flush_end,0,2686931
5.662,trivial_move,3,2686930
5.671,trivial_move,4,2686930
5.671,flush_begin,0,0
5.690,flush_end,0,2686931
5.708,trivial_move,3,2686930
5.718,trivial_move,4,2686931
5.718,flush_begin,0,0
5.737,flush_end,0,2686930
5.753,trivial_move,3,2686931
5.763,trivial_move,4,2686931
5.764,flush_begin,0,0
5.782,flush_end,0,2686932
5.798,trivial_move,3,2686931
5.807,trivial_move,4,2686930
5.807,flush_begin,0,0
5.825,flush_end,0,2686930
5.841,trivial_move,3,2686931
5.849,trivial_move,4,2686932
5.849,flush_begin,0,0
5.866,flush_end,0,2686932
5.884,trivial_move,3,2686931
5.892,trivial_move,4,2686930
5.895,flush_begin,0,0
5.912,flush_end,0,2686930
5.929,trivial_move,3,2686930
5.937,trivial_move,4,2686931
5.940,flush_begin,0,0
5.957,flush_end,0,2686931
5.974,trivial_move,3,2686932
5.983,trivial_move,4,2686931
5.983,flush_begin,0,0
6.002,flush_end,0,2686931
6.017,trivial_move,3,2686930
6.026,trivial_move,4,2686931
6.026,flush_begin,0,0
6.039,flush_end,0,2686931
6.058,trivial_move,3,2686932
6.058,flush_begin,0,0
6.069,flush_end,0,2686931
6.087,trivial_move,3,2686930
6.088,flush_begin,0,0
6.100,flush_end,0,2686930
6.119,trivial_move,3,2686931
6.119,flush_begin,0,0
6.131,flush_end,0,2686930
6.148,trivial_move,3,2686931
6.148,flush_begin,0,0
6.162,flush_end,0,2686931
6.180,trivial_move,3,2686930
6.180,flush_begin,0,0
6.193,flush_end,0,2686931
6.209,trivial_move,3,2686933
6.219,trivial_move,4,2686931
6.219,flush_begin,0,0
6.233,flush_end,0,2686931
6.250,trivial_move,3,2686930
6.250,flush_begin,0,0
6.264,flush_end,0,2686931
6.281,trivial_move,3,2686931
6.290,trivial_move,4,2686931
6.298,trivial_move,4,2686930
6.298,flush_begin,0,0
6.313,flush_end,0,2686930
6.332,trivial_move,3,2686931
6.340,trivial_move,4,2686933
6.340,flush_begin,0,0
6.356,flush_end,0,2686933
6.374,trivial_move,3,2686931
6.374,flush_begin,0,0
6.390,flush_end,0,2686930
6.407,trivial_move,3,2686931
6.416,trivial_move,4,2686930
6.416,flush_begin,0,0
6.433,flush_end,0,2686932
6.451,trivial_move,3,2686931
6.460,trivial_move,4,2686932
6.460,flush_begin,0,0
6.477,flush_end,0,2686930
6.495,trivial_move,3,2686930
6.505,trivial_move,4,2686930
6.513,trivial_move,4,2686930
6.521,trivial_move,4,2686932
6.521,flush_begin,0,0
6.539,flush_end,0,2686931
6.556,trivial_move,3,2686932
6.565,trivial_move,4,2686930
6.573,trivial_move,4,2686932
6.581,trivial_move,4,2686930
6.581,flush_begin,0,0
6.596,flush_end,0,2686931
6.615,trivial_move,3,2686930
6.623,trivial_move,4,2686931
6.632,trivial_move,4,2686931
6.640,trivial_move,4,2686931
6.640,flush_begin,0,0
6.658,flush_end,0,2686930
6.674,trivial_move,3,2686932
6.683,trivial_move,4,2686931
6.683,flush_begin,0,0
6.708,flush_end,0,2686932
6.723,trivial_move,3,2686930
6.730,trivial_move,4,2686931
6.735,flush_begin,0,0
6.752,flush_end,0,2686930
6.769,trivial_move,3,2686930
6.777,trivial_move,4,2686930
6.778,flush_begin,0,0
6.797,flush_end,0,2686931
6.814,trivial_move,3,2686932
6.822,trivial_move,4,2686932
6.824,flush_begin,0,0
6.844,flush_end,0,2686931
6.862,trivial_move,3,2686930
6.869,trivial_move,4,2686930
6.870,flush_begin,0,0
6.891,flush_end,0,2686931
6.908,trivial_move,3,2686932
6.915,trivial_move,4,2686931
6.917,flush_begin,0,0
6.934,flush_end,0,2686931
6.951,trivial_move,3,2686930
6.959,trivial_move,4,2686931
6.961,flush_begin,0,0
6.980,flush_end,0,2686931
6.998,trivial_move,3,2686931
7.006,trivial_move,4,2686930
7.007,flush_begin,0,0
7.025,flush_end,0,2686930
7.041,trivial_move,3,2686931
7.050,trivial_move,4,2686932
7.050,flush_begin,0,0
7.068,flush_end,0,2686932
7.085,trivial_move,3,2686931
7.094,trivial_move,4,2686930
7.094,flush_begin,0,0
7.113,flush_end,0,2686930
7.129,trivial_move,3,2686931
7.138,trivial_move,4,2686933
7.138,flush_begin,0,0
7.159,flush_end,0,2686932
7.175,trivial_move,3,2686932
7.184,trivial_move,4,2686930
7.185,flush_begin,0,0
7.205,flush_end,0,2686930
7.223,trivial_move,3,2686930
7.233,trivial_move,4,2686931
7.233,flush_begin,0,0
7.252,flush_end,0,2686930
7.270,trivial_move,3,2686932
7.278,trivial_move,4,2686931
7.278,flush_begin,0,0
7.300,flush_end,0,2686932
7.317,trivial_move,3,2686930
7.325,trivial_move,4,2686931
7.325,flush_begin,0,0
7.344,flush_end,0,2686930
7.363,trivial_move,3,2686931
7.370,trivial_move,4,2686931
7.372,flush_begin,0,0
7.390,flush_end,0,2686933
7.408,trivial_move,3,2686931
7.416,trivial_move,4,2686930
7.416,flush_begin,0,0
7.436,flush_end,0,2686930
7.453,trivial_move,3,2686930
7.461,trivial_move,4,2686930
7.461,flush_begin,0,0
7.481,flush_end,0,2686931
7.499,trivial_move,3,2686932
7.507,trivial_move,4,2686931
7.508,flush_begin,0,0
7.528,flush_end,0,2686931
7.545,trivial_move,3,2686930
7.553,trivial_move,4,2686931
7.553,flush_begin,0,0
7.572,flush_end,0,2686931
7.588,trivial_move,3,2686932
7.596,trivial_move,4,2686931
7.597,flush_begin,0,0
7.619,flush_end,0,2686931
7.635,trivial_move,3,2686930
7.644,trivial_move,4,2686931
7.644,flush_begin,0,0
7.664,flush_end,0,2686931
7.681,trivial_move,3,2686931
7.688,trivial_move,4,2686930
7.689,flush_begin,0,0
7.710,flush_end,0,2686930
7.727,trivial_move,3,2686931
7.735,trivial_move,4,2686932
7.737,flush_begin,0,0
7.759,flush_end,0,2686932
7.775,trivial_move,3,2686931
7.784,trivial_move,4,2686930
7.784,flush_begin,0,0
7.804,flush_end,0,2686930
7.823,trivial_move,3,2686931
7.831,trivial_move,4,2686932
7.832,flush_begin,0,0
7.850,flush_end,0,2686931
7.866,trivial_move,3,2686930
7.875,trivial_move,4,2686930
7.876,flush_begin,0,0
7.896,flush_end,0,2686931
7.912,trivial_move,3,2686930
7.919,trivial_move,4,2686931
7.919,flush_begin,0,0
7.940,flush_end,0,2686930
7.956,trivial_move,3,2686931
7.965,trivial_move,4,2686931
7.965,flush_begin,0,0
7.985,flush_end,0,2686932
8.002,trivial_move,3,2686931
8.010,trivial_move,4,2686930
8.010,flush_begin,0,0
8.029,flush_end,0,2686930
8.046,trivial_move,3,2686931
8.054,trivial_move,4,2686932
8.054,flush_begin,0,0
8.072,flush_end,0,2686932
8.090,trivial_move,3,2686931
8.097,trivial_move,4,2686930
8.098,flush_begin,0,0
8.119,flush_end,0,2686930
8.138,trivial_move,3,2686930
8.147,trivial_move,4,2686932
8.147,flush_begin,0,0
8.164,flush_end,0,2686931
8.182,trivial_move,3,2686933
8.190,trivial_move,4,2686931
8.190,flush_begin,0,0
8.208,flush_end,0,2686931
8.224,trivial_move,3,2686930
8.233,trivial_move,4,2686931
8.234,flush_begin,0,0
8.252,flush_end,0,2686931
8.272,trivial_move,3,2686932
8.281,trivial_move,4,2686931
8.281,flush_begin,0,0
8.298,flush_end,0,2686931
8.315,trivial_move,3,2686930
8.324,trivial_move,4,2686931
8.325,flush_begin,0,0
8.344,flush_end,0,2686930
8.360,trivial_move,3,2686931
8.369,trivial_move,4,2686930
8.370,flush_begin,0,0
8.389,flush_end,0,2686930
8.405,trivial_move,3,2686931
8.414,trivial_move,4,2686932
8.414,flush_begin,0,0
8.434,flush_end,0,2686931
8.451,trivial_move,3,2686930
8.459,trivial_move,4,2686930
8.459,flush_begin,0,0
8.480,flush_end,0,2686931
8.497,trivial_move,3,2686932
8.505,trivial_move,4,2686932
8.506,flush_begin,0,0
8.525,flush_end,0,2686931
8.541,trivial_move,3,2686930
8.550,trivial_move,4,2686930
8.551,flush_begin,0,0
8.571,flush_end,0,2686931
8.588,trivial_move,3,2686931
8.595,trivial_move,4,2686930
8.596,flush_begin,0,0
8.615,flush_end,0,2686930
8.632,trivial_move,3,2686931
8.640,trivial_move,4,2686932
8.640,flush_begin,0,0
8.659,flush_end,0,2686932
8.676,trivial_move,3,2686931
8.684,trivial_move,4,2686930
8.685,flush_begin,0,0
8.705,flush_end,0,2686930
8.721,trivial_move,3,2686931
8.730,trivial_move,4,2686932
8.730,flush_begin,0,0
8.748,flush_end,0,2686932
8.764,trivial_move,3,2686931
8.772,trivial_move,4,2686930
8.773,flush_begin,0,0
8.795,flush_end,0,2686930
8.811,trivial_move,3,2686930
8.819,trivial_move,4,2686931
8.820,flush_begin,0,0
8.840,flush_end,0,2686931
8.857,trivial_move,3,2686932
8.865,trivial_move,4,2686931
8.867,flush_begin,0,0
8.887,flush_end,0,2686931
8.903,trivial_move,3,2686930
8.911,trivial_move,4,2686931
8.912,flush_begin,0,0
8.932,flush_end,0,2686930
8.948,trivial_move,3,2686932
8.957,trivial_move,4,2686931
8.957,flush_begin,0,0
8.976,flush_end,0,2686932
8.992,trivial_move,3,2686930
9.001,trivial_move,4,2686931
9.001,flush_begin,0,0
9.019,flush_end,0,2686930
9.036,trivial_move,3,2686930
9.044,trivial_move,4,2686930
9.047,flush_begin,0,0
9.067,flush_end,0,2686931
9.084,trivial_move,3,2686932
9.091,trivial_move,4,2686933
9.092,flush_begin,0,0
9.111,flush_end,0,2686931
9.129,trivial_move,3,2686930
9.129,flush_begin,0,0
9.148,flush_end,0,2686931
9.165,trivial_move,3,2686933
9.173,trivial_move,4,2686930
9.182,trivial_move,4,2686931
9.183,flush_begin,0,0
9.201,flush_end,0,2686931
9.219,trivial_move,3,2686930
9.227,trivial_move,4,2686931
9.228,flush_begin,0,0
9.247,flush_end,0,2686931
9.263,trivial_move,3,2686931
9.272,trivial_move,4,2686930
9.272,flush_begin,0,0
9.291,flush_end,0,2686930
9.307,trivial_move,3,2686931
9.316,trivial_move,4,2686932
9.316,flush_begin,0,0
9.336,flush_end,0,2686933
9.355,trivial_move,3,2686931
9.364,trivial_move,4,2686930
9.364,flush_begin,0,0
9.381,flush_end,0,2686930
9.399,trivial_move,3,2686931
9.406,trivial_move,4,2686932
9.407,flush_begin,0,0
9.425,flush_end,0,2686932
9.444,trivial_move,3,2686931
9.452,trivial_move,4,2686930
9.452,flush_begin,0,0
9.471,flush_end,0,2686930
9.487,trivial_move,3,2686930
9.496,trivial_move,4,2686931
9.496,flush_begin,0,0
9.515,flush_end,0,2686930
9.532,trivial_move,3,2686932
9.539,trivial_move,4,2686931
9.542,flush_begin,0,0
9.561,flush_end,0,2686932
9.577,trivial_move,3,2686930
9.584,trivial_move,4,2686931
9.584,flush_begin,0,0
9.603,flush_end,0,2686930
9.619,trivial_move,3,2686931
9.627,trivial_move,4,2686931
9.629,flush_begin,0,0
9.649,flush_end,0,2686932
9.666,trivial_move,3,2686931
9.675,trivial_move,4,2686930
9.675,flush_begin,0,0
9.692,flush_end,0,2686930
9.710,trivial_move,3,2686930
9.717,trivial_move,4,2686930
9.718,flush_begin,0,0
9.736,flush_end,0,2686931
9.753,trivial_move,3,2686932
9.762,trivial_move,4,2686931
9.762,flush_begin,0,0
9.778,flush_end,0,2686931
9.795,trivial_move,3,2686930
9.803,trivial_move,4,2686931
9.805,flush_begin,0,0
9.821,flush_end,0,2686931
9.838,trivial_move,3,2686932
9.846,trivial_move,4,2686931
9.846,flush_begin,0,0
9.864,flush_end,0,2686931
9.881,trivial_move,3,2686930
9.889,trivial_move,4,2686931
9.890,flush_begin,0,0
9.908,flush_end,0,2686931
9.925,trivial_move,3,2686931
9.933,trivial_move,4,2686930
9.934,flush_begin,0,0
9.952,flush_end,0,2686930
9.968,trivial_move,3,2686931
9.978,trivial_move,4,2686932
9.978,flush_begin,0,0
9.996,flush_end,0,2686932
10.014,trivial_move,3,2686931
10.023,trivial_move,4,2686930
10.023,flush_begin,0,0
10.040,flush_end,0,2686930
10.057,trivial_move,3,2686931
10.067,trivial_move,4,2686933
10.068,flush_begin,0,0
10.087,flush_end,0,2686931
10.106,trivial_move,3,2686930
10.114,trivial_move,4,2686930
10.116,flush_begin,0,0
10.133,flush_end,0,2686931
10.151,trivial_move,3,2686930
10.158,trivial_move,4,2686931
10.158,flush_begin,0,0
10.177,flush_end,0,2686930
10.196,trivial_move,3,2686931
10.204,trivial_move,4,2686931
10.205,flush_begin,0,0
10.225,flush_end,0,2686932
10.242,trivial_move,3,2686931
10.250,trivial_move,4,2686930
10.250,flush_begin,0,0
10.270,flush_end,0,2686930
10.287,trivial_move,3,2686931
10.293,trivial_move,4,2686932
10.293,flush_begin,0,0
10.313,flush_end,0,2686933
10.330,trivial_move,3,2686931
10.340,trivial_move,4,2686930
10.340,flush_begin,0,0
10.359,flush_end,0,2686930
10.378,trivial_move,3,2686930
10.388,trivial_move,4,2686931
10.388,flush_begin,0,0
10.405,flush_end,0,2686931
10.423,trivial_move,3,2686932
10.432,trivial_move,4,2686931
10.433,flush_begin,0,0
10.451,flush_end,0,2686931
10.469,trivial_move,3,2686930
10.477,trivial_move,4,2686931
10.478,flush_begin,0,0
10.496,flush_end,0,2686931
10.514,trivial_move,3,2686932
10.522,trivial_move,4,2686931
10.523,flush_begin,0,0
10.541,flush_end,0,2686931
10.558,trivial_move,3,2686930
10.566,trivial_move,4,2686931
10.567,flush_begin,0,0
10.586,flush_end,0,2686930
10.602,trivial_move,3,2686931
10.611,trivial_move,4,2686930
10.612,flush_begin,0,0
10.632,flush_end,0,2686930
10.650,trivial_move,3,2686931
10.658,trivial_move,4,2686932
10.658,flush_begin,0,0
10.678,flush_end,0,2686931
10.695,trivial_move,3,2686930
10.704,trivial_move,4,2686930
10.705,flush_begin,0,0
10.723,flush_end,0,2686931
10.739,trivial_move,3,2686932
10.748,trivial_move,4,2686932
10.749,flush_begin,0,0
10.769,flush_end,0,2686931
10.785,trivial_move,3,2686930
10.794,trivial_move,4,2686930
10.794,flush_begin,0,0
10.815,flush_end,0,2686931
10.832,trivial_move,3,2686931
10.840,trivial_move,4,2686930
10.840,flush_begin,0,0
10.860,flush_end,0,2686930
10.877,trivial_move,3,2686931
10.886,trivial_move,4,2686932
10.887,flush_begin,0,0
10.906,flush_end,0,2686932
10.922,trivial_move,3,2686931
10.932,trivial_move,4,2686930
10.932,flush_begin,0,0
10.950,flush_end,0,2686930
10.967,trivial_move,3,2686931
10.975,trivial_move,4,2686932
10.975,flush_begin,0,0
10.992,flush_end,0,2686932
11.009,trivial_move,3,2686931
11.016,trivial_move,4,2686930
11.018,flush_begin,0,0
11.035,flush_end,0,2686930
11.053,trivial_move,3,2686930
11.060,trivial_move,4,2686932
11.062,flush_begin,0,0
11.080,flush_end,0,2686931
11.097,trivial_move,3,2686933
11.106,trivial_move,4,2686931
11.106,flush_begin,0,0
11.124,flush_end,0,2686931
11.140,trivial_move,3,2686930
11.149,trivial_move,4,2686931
11.150,flush_begin,0,0
11.170,flush_end,0,2686930
11.188,trivial_move,3,2686932
11.195,trivial_move,4,2686931
11.196,flush_begin,0,0
11.213,flush_end,0,2686932
11.232,trivial_move,3,2686930
11.240,trivial_move,4,2686931
11.242,flush_begin,0,0
11.259,flush_end,0,2686930
11.277,trivial_move,3,2686930
11.286,trivial_move,4,2686930
11.287,flush_begin,0,0
11.305,flush_end,0,2686932
11.322,trivial_move,3,2686932
11.330,trivial_move,4,2686932
11.330,flush_begin,0,0
11.346,flush_end,0,2686931
11.364,trivial_move,3,2686930
11.372,trivial_move,4,2686930
11.373,flush_begin,0,0
11.391,flush_end,0,2686931
11.408,trivial_move,3,2686932
11.416,trivial_move,4,2686931
11.416,flush_begin,0,0
11.434,flush_end,0,2686931
11.450,trivial_move,3,2686930
11.459,trivial_move,4,2686931
11.459,flush_begin,0,0
11.478,flush_end,0,2686931
11.496,trivial_move,3,2686931
11.504,trivial_move,4,2686930
11.505,flush_begin,0,0
11.524,flush_end,0,2686930
11.542,trivial_move,3,2686931
11.550,trivial_move,4,2686932
11.551,flush_begin,0,0
11.568,flush_end,0,2686932
11.586,trivial_move,3,2686931
11.594,trivial_move,4,2686930
11.595,flush_begin,0,0
11.613,flush_end,0,2686930
11.631,trivial_move,3,2686931
11.639,trivial_move,4,2686932
11.640,flush_begin,0,0
11.659,flush_end,0,2686932
11.676,trivial_move,3,2686931
11.685,trivial_move,4,2686930
11.686,flush_begin,0,0
11.706,flush_end,0,2686930
11.722,trivial_move,3,2686930
11.731,trivial_move,4,2686931
11.732,flush_begin,0,0
11.751,flush_end,0,2686930
11.769,trivial_move,3,2686932
11.778,trivial_move,4,2686931
11.778,flush_begin,0,0
11.798,flush_end,0,2686932
11.815,trivial_move,3,2686930
11.823,trivial_move,4,2686931
11.823,flush_begin,0,0
11.842,flush_end,0,2686930
11.859,trivial_move,3,2686931
11.868,trivial_move,4,2686931
11.869,flush_begin,0,0
11.887,flush_end,0,2686932
11.906,trivial_move,3,2686931
11.914,trivial_move,4,2686930
11.915,flush_begin,0,0
11.933,flush_end,0,2686930
11.951,trivial_move,3,2686930
11.959,trivial_move,4,2686930
11.959,flush_begin,0,0
11.977,flush_end,0,2686931
11.996,trivial_move,3,2686932
12.004,trivial_move,4,2686931
12.004,flush_begin,0,0
12.024,flush_end,0,2686931
12.041,trivial_move,3,2686930
12.048,trivial_move,4,2686933
12.050,flush_begin,0,0
12.069,flush_end,0,2686931
12.086,trivial_move,3,2686933
12.095,trivial_move,4,2686931
12.095,flush_begin,0,0
12.112,flush_end,0,2686931
12.131,trivial_move,3,2686930
12.139,trivial_move,4,2686931
12.139,flush_begin,0,0
12.158,flush_end,0,2686931
12.175,trivial_move,3,2686931
12.184,trivial_move,4,2686930
12.184,flush_begin,0,0
12.204,flush_end,0,2686930
12.221,trivial_move,3,2686931
12.229,trivial_move,4,2686932
12.229,flush_begin,0,0
12.248,flush_end,0,2570063
12.265,trivial_move,3,2686931
12.273,trivial_move,4,2686930
12.273,compaction_begin,2,0
12.317,compaction_end,2,5374078
12.336,trivial_move,4,2686932
12.336,compaction_begin,2,0
12.374,compaction_end,2,5374077
12.393,trivial_move,4,2686930
12.393,compaction_begin,2,0
12.430,compaction_end,2,5374079
12.449,trivial_move,4,2686931
12.449,compaction_begin,2,0
12.481,compaction_end,2,5374079
12.498,trivial_move,4,2686931
12.499,compaction_begin,2,0
12.529,compaction_end,2,5374079
12.548,trivial_move,4,2686930
12.548,compaction_begin,2,0
12.578,compaction_end,2,5374079
12.596,trivial_move,4,2686932
12.596,compaction_begin,2,0
12.625,compaction_end,2,5374078
12.643,trivial_move,4,2686930
12.643,compaction_begin,2,0
12.671,compaction_end,2,5374079
12.690,trivial_move,4,2686931
12.690,compaction_begin,2,0
12.718,compaction_end,2,5374080
12.736,trivial_move,4,2686931
12.736,compaction_begin,2,0
12.765,compaction_end,2,5374079
12.783,trivial_move,4,2686931
12.783,compaction_begin,2,0
12.811,compaction_end,2,5374079
12.830,trivial_move,4,2686931
12.830,compaction_begin,2,0
12.860,compaction_end,2,5374078
12.878,trivial_move,4,2686931
12.878,compaction_begin,2,0
12.907,compaction_end,2,5374079
12.925,trivial_move,4,2686930
12.925,compaction_begin,2,0
12.953,compaction_end,2,5374078
12.972,trivial_move,4,2686932
12.972,compaction_begin,2,0
13.002,compaction_end,2,5374079
13.021,trivial_move,4,2686930
13.021,compaction_begin,2,0
13.049,compaction_end,2,5374079
13.068,trivial_move,4,2686933
13.068,compaction_begin,2,0
13.097,compaction_end,2,5374078
13.116,trivial_move,4,2686930
13.116,compaction_begin,2,0
13.145,compaction_end,2,5374079
13.163,trivial_move,4,2686930
13.163,compaction_begin,2,0
13.192,compaction_end,2,5374079
13.209,trivial_move,4,2686932
13.209,compaction_begin,2,0
13.226,compaction_end,2,2570063
13.244,trivial_move,4,2686930
13.252,trivial_move,4,2686932
13.252,compaction_begin,3,0
13.283,compaction_end,3,5374079
13.299,trivial_move,4,2686931
13.299,compaction_begin,3,0
13.340,compaction_end,3,5374079
13.356,trivial_move,4,2686931
13.357,compaction_begin,3,0
13.388,compaction_end,3,5374077
13.406,trivial_move,4,2686930
13.406,compaction_begin,3,0
13.439,compaction_end,3,5374079
13.457,trivial_move,4,2686930
13.457,compaction_begin,3,0
13.488,compaction_end,3,5374079
13.506,trivial_move,4,2686932
13.506,compaction_begin,3,0
13.538,compaction_end,3,5374080
13.556,trivial_move,4,2686931
13.556,compaction_begin,3,0
13.586,compaction_end,3,5374079
13.595,compaction_begin,3,0
13.625,compaction_end,3,5374079
13.634,compaction_begin,3,0
13.662,compaction_end,3,5374079
13.672,compaction_begin,3,0
13.700,compaction_end,3,5374079
13.709,compaction_begin,3,0
13.737,compaction_end,3,5374078
13.747,compaction_begin,3,0
13.773,compaction_end,3,5374079
13.782,compaction_begin,3,0
13.809,compaction_end,3,5374079
13.818,compaction_begin,3,0
13.845,compaction_end,3,5374078
13.854,compaction_begin,3,0
13.879,compaction_end,3,5374079
13.888,compaction_begin,3,0
13.914,compaction_end,3,5374078
13.923,compaction_begin,3,0
13.948,compaction_end,3,5374080
13.958,compaction_begin,3,0
13.981,compaction_end,3,5374079
13.989,compaction_begin,3,0
14.012,compaction_end,3,5374079
14.020,compaction_begin,3,0
14.045,compaction_end,3,5374079
14.053,compaction_begin,3,0
14.077,compaction_end,3,5374078
14.086,compaction_begin,3,0
14.110,compaction_end,3,5374079
14.118,compaction_begin,3,0
14.144,compaction_end,3,5374079
14.153,compaction_begin,3,0
14.177,compaction_end,3,5374079
14.187,compaction_begin,3,0
14.212,compaction_end,3,5374079
14.221,compaction_begin,3,0
14.246,compaction_end,3,5374077
14.255,compaction_begin,3,0
14.282,compaction_end,3,5374078
14.290,compaction_begin,3,0
14.318,compaction_end,3,5374080
14.328,compaction_begin,3,0
14.354,compaction_end,3,5374079
14.365,compaction_begin,3,0
14.391,compaction_end,3,5374079
14.400,compaction_begin,3,0
14.425,compaction_end,3,5374078
14.434,compaction_begin,3,0
14.460,compaction_end,3,5374079
14.469,compaction_begin,3,0
14.494,compaction_end,3,5374079
14.503,compaction_begin,3,0
14.528,compaction_end,3,5374079
14.538,compaction_begin,3,0
14.565,compaction_end,3,5374079
14.574,compaction_begin,3,0
14.599,compaction_end,3,5374078
14.608,compaction_begin,3,0
14.633,compaction_end,3,5374079
14.643,compaction_begin,3,0
14.667,compaction_end,3,5374080
14.676,compaction_begin,3,0
14.702,compaction_end,3,5374078
14.711,compaction_begin,3,0
14.736,compaction_end,3,5374079
14.746,compaction_begin,3,0
14.771,compaction_end,3,5374078
14.781,compaction_begin,3,0
14.805,compaction_end,3,5374079
14.814,compaction_begin,3,0
14.840,compaction_end,3,5374079
14.849,compaction_begin,3,0
14.873,compaction_end,3,5374079
14.882,compaction_begin,3,0
14.907,compaction_end,3,5374079
14.915,compaction_begin,3,0
14.946,compaction_end,3,5374078
14.955,compaction_begin,3,0
14.979,compaction_end,3,5374079
14.988,compaction_begin,3,0
15.013,compaction_end,3,5374079
15.022,compaction_begin,3,0
15.047,compaction_end,3,5374080
15.057,compaction_begin,3,0
15.081,compaction_end,3,5374079
15.090,compaction_begin,3,0
15.116,compaction_end,3,5374077
15.125,compaction_begin,3,0
15.151,compaction_end,3,5374078
15.160,compaction_begin,3,0
15.185,compaction_end,3,5374079
15.195,compaction_begin,3,0
15.219,compaction_end,3,5374079
15.228,compaction_begin,3,0
15.253,compaction_end,3,5374079
15.262,compaction_begin,3,0
15.285,compaction_end,3,5374078
15.294,compaction_begin,3,0
15.319,compaction_end,3,5374079
15.327,compaction_begin,3,0
15.352,compaction_end,3,5374079
15.361,compaction_begin,3,0
15.385,compaction_end,3,5374079
15.394,compaction_begin,3,0
15.419,compaction_end,3,5374080
15.428,compaction_begin,3,0
15.452,compaction_end,3,5374078
15.462,compaction_begin,3,0
15.486,compaction_end,3,5374079
15.495,compaction_begin,3,0
15.520,compaction_end,3,5374079
15.528,compaction_begin,3,0
15.553,compaction_end,3,5374078
15.561,compaction_begin,3,0
15.586,compaction_end,3,5374079
15.596,compaction_begin,3,0
15.620,compaction_end,3,5374078
15.628,compaction_begin,3,0
15.653,compaction_end,3,5374079
15.661,compaction_begin,3,0
15.686,compaction_end,3,5374079
15.695,compaction_begin,3,0
15.720,compaction_end,3,5374079
15.730,compaction_begin,3,0
15.754,compaction_end,3,5374079
15.763,compaction_begin,3,0
15.788,compaction_end,3,5374079
15.797,compaction_begin,3,0
15.822,compaction_end,3,5374079
15.831,compaction_begin,3,0
15.856,compaction_end,3,5374079
15.865,compaction_begin,3,0
15.890,compaction_end,3,5374079
15.899,compaction_begin,3,0
15.924,compaction_end,3,5374079
15.932,compaction_begin,3,0
15.957,compaction_end,3,5374077
15.966,compaction_begin,3,0
15.991,compaction_end,3,5374078
16.000,compaction_begin,3,0
16.025,compaction_end,3,5374079
16.034,compaction_begin,3,0
16.058,compaction_end,3,5374079
16.066,compaction_begin,3,0
16.090,compaction_end,3,5374079
16.098,compaction_begin,3,0
16.122,compaction_end,3,5374078
16.131,compaction_begin,3,0
16.155,compaction_end,3,5374080
16.164,compaction_begin,3,0
16.189,compaction_end,3,5374079
16.198,compaction_begin,3,0
16.223,compaction_end,3,5374079
16.232,compaction_begin,3,0
16.257,compaction_end,3,5374079
16.266,compaction_begin,3,0
16.290,compaction_end,3,5374078
16.299,compaction_begin,3,0
16.324,compaction_end,3,5374079
16.333,compaction_begin,3,0
16.358,compaction_end,3,5374079
16.366,compaction_begin,3,0
16.391,compaction_end,3,5374078
16.400,compaction_begin,3,0
16.424,compaction_end,3,5374079
16.433,compaction_begin,3,0
16.457,compaction_end,3,5374078
16.466,compaction_begin,3,0
16.491,compaction_end,3,5374079
16.500,compaction_begin,3,0
16.524,compaction_end,3,5374081
16.533,compaction_begin,3,0
16.558,compaction_end,3,5374079
16.567,compaction_begin,3,0
16.591,compaction_end,3,5374079
16.599,compaction_begin,3,0
16.623,compaction_end,3,5374078
16.631,compaction_begin,3,0
16.656,compaction_end,3,5374079
16.665,compaction_begin,3,0
16.689,compaction_end,3,5374079
16.698,compaction_begin,3,0
16.723,compaction_end,3,5374079
16.732,compaction_begin,3,0
16.757,compaction_end,3,5374079
16.766,compaction_begin,3,0
16.791,compaction_end,3,5374077
16.801,compaction_begin,3,0
16.825,compaction_end,3,5374078
16.834,compaction_begin,3,0
16.859,compaction_end,3,5374079
16.867,compaction_begin,3,0
16.891,compaction_end,3,5374080
16.900,compaction_begin,3,0
16.925,compaction_end,3,5374079
16.934,compaction_begin,3,0
16.959,compaction_end,3,5374078
16.968,compaction_begin,3,0
16.992,compaction_end,3,5374079
17.001,compaction_begin,3,0
17.026,compaction_end,3,5374079
17.034,compaction_begin,3,0
17.060,compaction_end,3,5374079
17.069,compaction_begin,3,0
17.093,compaction_end,3,5374079
17.102,compaction_begin,3,0
17.126,compaction_end,3,5374078
17.135,compaction_begin,3,0
17.159,compaction_end,3,5374079
17.168,compaction_begin,3,0
17.193,compaction_end,3,5374079
17.202,compaction_begin,3,0
17.226,compaction_end,3,5374078
17.235,compaction_begin,3,0
17.259,compaction_end,3,5374080
17.268,compaction_begin,3,0
17.292,compaction_end,3,5374078
17.301,compaction_begin,3,0
17.325,compaction_end,3,5374079
17.335,compaction_begin,3,0
17.359,compaction_end,3,5374079
17.368,compaction_begin,3,0
17.392,compaction_end,3,5374079
17.400,compaction_begin,3,0
17.424,compaction_end,3,5374079
17.432,compaction_begin,3,0
17.456,compaction_end,3,5374078
17.465,compaction_begin,3,0
17.488,compaction_end,3,5374079
17.497,compaction_begin,3,0
17.521,compaction_end,3,5374079
17.531,compaction_begin,3,0
17.556,compaction_end,3,5374079
17.565,compaction_begin,3,0
17.589,compaction_end,3,5374080
17.599,compaction_begin,3,0
17.623,compaction_end,3,5374077
17.631,compaction_begin,3,0
17.656,compaction_end,3,5374078
17.665,compaction_begin,3,0
17.690,compaction_end,3,5374079
17.699,compaction_begin,3,0
17.724,compaction_end,3,5374079
17.734,compaction_begin,3,0
17.758,compaction_end,3,5374079
17.767,compaction_begin,3,0
17.792,compaction_end,3,5374078
17.801,compaction_begin,3,0
17.826,compaction_end,3,5374079
17.836,compaction_begin,3,0
17.860,compaction_end,3,5374079
17.871,compaction_begin,3,0
17.896,compaction_end,3,5374079
17.906,compaction_begin,3,0
17.929,compaction_end,3,5374079
17.938,compaction_begin,3,0
17.962,compaction_end,3,5374079
17.971,compaction_begin,3,0
17.996,compaction_end,3,5374079
18.006,compaction_begin,3,0
18.031,compaction_end,3,5374079
18.040,compaction_begin,3,0
18.065,compaction_end,3,5374078
18.074,compaction_begin,3,0
18.099,compaction_end,3,5374079
18.108,compaction_begin,3,0
18.132,compaction_end,3,5374078
18.142,compaction_begin,3,0
18.166,compaction_end,3,5374079
18.175,compaction_begin,3,0
18.199,compaction_end,3,5374079
18.208,compaction_begin,3,0
18.233,compaction_end,3,5374079
18.242,compaction_begin,3,0
18.266,compaction_end,3,5374079
18.276,compaction_begin,3,0
18.300,compaction_end,3,5374078
18.309,compaction_begin,3,0
18.333,compaction_end,3,5374080
18.343,compaction_begin,3,0
18.368,compaction_end,3,5374079
18.377,compaction_begin,3,0
18.400,compaction_end,3,5374079
18.409,compaction_begin,3,0
18.433,compaction_end,3,5374079
18.442,compaction_begin,3,0
18.467,compaction_end,3,5374077
18.476,compaction_begin,3,0
18.501,compaction_end,3,5374078
18.510,compaction_begin,3,0
18.535,compaction_end,3,5374079
18.543,compaction_begin,3,0
18.567,compaction_end,3,5374079
18.576,compaction_begin,3,0
18.601,compaction_end,3,5374079
18.610,compaction_begin,3,0
18.634,compaction_end,3,5374078
18.644,compaction_begin,3,0
18.668,compaction_end,3,5374079
18.678,compaction_begin,3,0
18.702,compaction_end,3,5374080
18.711,compaction_begin,3,0
18.735,compaction_end,3,5374079
18.744,compaction_begin,3,0
18.768,compaction_end,3,5374079
18.777,compaction_begin,3,0
18.801,compaction_end,3,5374078
18.810,compaction_begin,3,0
18.835,compaction_end,3,5374079
18.844,compaction_begin,3,0
18.869,compaction_end,3,5374079
18.878,compaction_begin,3,0
18.903,compaction_end,3,5374078
18.912,compaction_begin,3,0
18.937,compaction_end,3,5374079
18.947,compaction_begin,3,0
18.971,compaction_end,3,5374078
18.980,compaction_begin,3,0
19.006,compaction_end,3,5374079
19.014,compaction_begin,3,0
19.038,compaction_end,3,5374079
19.047,compaction_begin,3,0
19.072,compaction_end,3,5374080
19.082,compaction_begin,3,0
19.106,compaction_end,3,5374079
19.114,compaction_begin,3,0
19.139,compaction_end,3,5374078
19.148,compaction_begin,3,0
19.171,compaction_end,3,5374079
19.180,compaction_begin,3,0
19.204,compaction_end,3,5374079
19.212,compaction_begin,3,0
19.237,compaction_end,3,5374079
19.246,compaction_begin,3,0
19.271,compaction_end,3,5374079
19.280,compaction_begin,3,0
19.303,compaction_end,3,5374077
19.312,compaction_begin,3,0
19.338,compaction_end,3,5374078
19.348,compaction_begin,3,0
19.372,compaction_end,3,5374079
19.382,compaction_begin,3,0
19.405,compaction_end,3,5374079
19.414,compaction_begin,3,0
19.439,compaction_end,3,5374080
19.448,compaction_begin,3,0
19.473,compaction_end,3,5374078
19.483,compaction_begin,3,0
19.511,compaction_end,3,7023641
19.520,compaction_begin,3,0
19.545,compaction_end,3,5374083
19.554,compaction_begin,3,0
19.579,compaction_end,3,5374083
19.589,compaction_begin,3,0
19.614,compaction_end,3,5374083
19.624,compaction_begin,3,0
19.649,compaction_end,3,5374084
19.658,compaction_begin,3,0
19.682,compaction_end,3,5374083
19.691,compaction_begin,3,0
19.716,compaction_end,3,5374082
19.725,compaction_begin,3,0
19.750,compaction_end,3,5374083
19.760,compaction_begin,3,0
19.785,compaction_end,3,5374084
19.794,compaction_begin,3,0
19.819,compaction_end,3,5374084
19.828,compaction_begin,3,0
19.852,compaction_end,3,5374083
19.861,compaction_begin,3,0
19.885,compaction_end,3,5374082
19.895,compaction_begin,3,0
19.920,compaction_end,3,5374083
19.929,compaction_begin,3,0
19.954,compaction_end,3,5374083
19.962,compaction_begin,3,0
19.986,compaction_end,3,5374084
19.995,compaction_begin,3,0
20.020,compaction_end,3,5374082
20.029,compaction_begin,3,0
20.054,compaction_end,3,5374083
20.063,compaction_begin,3,0
20.088,compaction_end,3,5374083
20.097,compaction_begin,3,0
20.122,compaction_end,3,5374083
20.131,compaction_begin,3,0
20.146,compaction_end,3,3607587
25.696,flush_begin,0,0
25.709,flush_end,0,2744530
25.718,compaction_begin,2,0
26.010,compaction_end,2,2672583
26.021,compaction_begin,3,0
26.290,compaction_end,3,42992649
26.303,compaction_begin,3,0
26.707,compaction_end,3,42992648
26.719,compaction_begin,3,0
27.066,compaction_end,3,42992649
27.078,compaction_begin,3,0
27.216,compaction_end,3,31515311
27.226,compaction_begin,3,0
27.835,compaction_end,3,42992649
27.847,compaction_begin,3,0
28.020,compaction_end,3,42992654
28.031,compaction_begin,3,0
28.676,compaction_end,3,42992648
28.687,compaction_begin,3,0
28.862,compaction_end,3,42992652
28.872,compaction_begin,3,0
29.049,compaction_end,3,42992653
29.059,compaction_begin,3,0
29.235,compaction_end,3,42992651
29.245,compaction_begin,3,0
29.430,compaction_end,3,44642301
29.440,compaction_begin,3,0
29.621,compaction_end,3,42992653
29.632,compaction_begin,3,0
29.809,compaction_end,3,42992654
29.820,compaction_begin,3,0
29.996,compaction_end,3,42992653
30.008,compaction_begin,3,0
30.183,compaction_end,3,42992653
30.195,compaction_begin,3,0
30.370,compaction_end,3,42992653
30.382,compaction_begin,3,0
30.559,compaction_end,3,42992652
30.569,compaction_begin,3,0
31.161,flush_begin,0,0
31.172,flush_end,0,2744246
31.384,compaction_end,3,42992649
31.394,compaction_begin,2,0
31.689,compaction_end,2,2986007
31.703,compaction_begin,3,0
31.897,compaction_end,3,42992649
31.909,compaction_begin,3,0
32.083,compaction_end,3,42992648
32.095,compaction_begin,3,0
32.271,compaction_end,3,42992654
32.281,compaction_begin,3,0
32.460,compaction_end,3,42992653
32.472,compaction_begin,3,0
32.652,compaction_end,3,42992653
32.662,compaction_begin,3,0
32.834,compaction_end,3,42992649
32.847,compaction_begin,3,0
33.606,compaction_end,3,42992648
33.618,compaction_begin,3,0
33.794,compaction_end,3,42992649
33.805,compaction_begin,3,0
33.980,compaction_end,3,42992653
33.991,compaction_begin,3,0
34.174,compaction_end,3,44404454
34.185,compaction_begin,3,0
34.943,compaction_end,3,42992650
34.953,compaction_begin,3,0
35.706,compaction_end,3,42992650
35.717,compaction_begin,3,0
36.493,compaction_end,3,42992649
36.508,compaction_begin,3,0
36.632,flush_begin,0,0
36.646,flush_end,0,2744597
37.286,compaction_end,3,42992650
37.298,compaction_begin,2,0
37.606,compaction_end,2,3274070
37.620,compaction_begin,3,0
37.813,compaction_end,3,42992649
37.825,compaction_begin,3,0
37.993,compaction_end,3,42992649
38.005,compaction_begin,3,0
38.685,compaction_end,3,42992650
38.696,compaction_begin,3,0
38.869,compaction_end,3,42992653
38.879,compaction_begin,3,0
39.049,compaction_end,3,42992648
39.060,compaction_begin,3,0
39.234,compaction_end,3,42992650
39.245,compaction_begin,3,0
39.431,compaction_end,3,44642303
39.441,compaction_begin,3,0
39.617,compaction_end,3,42992649
39.627,compaction_begin,3,0
39.810,compaction_end,3,44267908
39.821,compaction_begin,3,0
40.001,compaction_end,3,42992653
40.012,compaction_begin,3,0
40.187,compaction_end,3,42992653
40.197,compaction_begin,3,0
40.372,compaction_end,3,42992652
40.383,compaction_begin,3,0
40.559,compaction_end,3,42992654
40.569,compaction_begin,3,0
40.745,compaction_end,3,42992653
40.755,compaction_begin,3,0
40.929,compaction_end,3,42992648
40.940,compaction_begin,3,0
41.095,compaction_end,3,36514903
41.105,compaction_begin,3,0
41.281,compaction_end,3,42992649
41.291,compaction_begin,3,0
42.042,compaction_end,3,42992648
42.053,compaction_begin,3,0
42.090,flush_begin,0,0
42.102,flush_end,0,2744879
42.820,compaction_end,3,42992648
42.831,compaction_begin,2,0
43.132,compaction_end,2,3302884
43.146,compaction_begin,3,0
43.340,compaction_end,3,42992649
43.352,compaction_begin,3,0
43.519,compaction_end,3,42992648
43.531,compaction_begin,3,0
43.695,compaction_end,3,42992649
43.707,compaction_begin,3,0
43.875,compaction_end,3,42992650
43.886,compaction_begin,3,0
44.057,compaction_end,3,42992653
44.066,compaction_begin,3,0
44.808,compaction_end,3,42992648
44.819,compaction_begin,3,0
44.992,compaction_end,3,42992649
45.003,compaction_begin,3,0
45.175,compaction_end,3,42992650
45.185,compaction_begin,3,0
45.335,compaction_end,3,36514903
45.346,compaction_begin,3,0
45.521,compaction_end,3,42992653
45.531,compaction_begin,3,0
45.704,compaction_end,3,42992650
45.714,compaction_begin,3,0
45.890,compaction_end,3,42992654
45.900,compaction_begin,3,0
46.076,compaction_end,3,42992650
46.086,compaction_begin,3,0
46.838,compaction_end,3,42992650
46.849,compaction_begin,3,0
47.025,compaction_end,3,42992648
47.034,compaction_begin,3,0
47.205,compaction_end,3,42992648
47.215,compaction_begin,3,0
47.577,flush_begin,0,0
47.589,flush_end,0,2744617
47.981,compaction_end,3,42992648
47.991,compaction_begin,2,0
48.287,compaction_end,2,3439780
48.298,compaction_begin,3,0
48.470,compaction_end,3,42992649
48.483,compaction_begin,3,0
48.650,compaction_end,3,42992649
48.662,compaction_begin,3,0
48.831,compaction_end,3,42992648
48.842,compaction_begin,3,0
49.011,compaction_end,3,42992650
49.022,compaction_begin,3,0
49.194,compaction_end,3,42992648
49.205,compaction_begin,3,0
49.378,compaction_end,3,42992649
49.390,compaction_begin,3,0
49.561,compaction_end,3,42992654
49.572,compaction_begin,3,0
49.746,compaction_end,3,42992648
49.756,compaction_begin,3,0
49.932,compaction_end,3,42992648
49.942,compaction_begin,3,0
50.119,compaction_end,3,42992650
50.129,compaction_begin,3,0
50.303,compaction_end,3,42992648
50.313,compaction_begin,3,0
50.492,compaction_end,3,42992653
50.503,compaction_begin,3,0
50.677,compaction_end,3,42992650
50.687,compaction_begin,3,0
50.861,compaction_end,3,43367081
50.870,compaction_begin,3,0
51.613,compaction_end,3,42992648
51.623,compaction_begin,3,0
51.798,compaction_end,3,42992653
51.809,compaction_begin,3,0
51.985,compaction_end,3,43367079
51.994,compaction_begin,3,0
52.168,compaction_end,3,42992648
52.179,compaction_begin,3,0
52.355,compaction_end,3,42992654
52.365,compaction_begin,3,0
52.565,compaction_end,3,42992651
52.578,compaction_begin,3,0
53.026,flush_begin,0,0
53.037,flush_end,0,2744416
53.352,compaction_end,3,42992648
53.362,compaction_begin,2,0
53.671,compaction_end,2,3529379
53.687,compaction_begin,3,0
53.890,compaction_end,3,42992649
53.903,compaction_begin,3,0
54.074,compaction_end,3,42992649
54.090,compaction_begin,3,0
54.257,compaction_end,3,42992648
54.269,compaction_begin,3,0
54.441,compaction_end,3,42992652
54.452,compaction_begin,3,0
54.623,compaction_end,3,42992650
54.634,compaction_begin,3,0
54.805,compaction_end,3,42992650
54.816,compaction_begin,3,0
54.987,compaction_end,3,42992649
54.998,compaction_begin,3,0
55.248,compaction_end,3,44030067
55.258,compaction_begin,3,0
55.431,compaction_end,3,42992654
55.441,compaction_begin,3,0
55.613,compaction_end,3,42992654
55.624,compaction_begin,3,0
55.797,compaction_end,3,42992648
55.808,compaction_begin,3,0
55.984,compaction_end,3,42992654
55.994,compaction_begin,3,0
56.172,compaction_end,3,42992648
56.182,compaction_begin,3,0
56.367,compaction_end,3,42992648
56.378,compaction_begin,3,0
56.549,compaction_end,3,42992653
56.560,compaction_begin,3,0
56.732,compaction_end,3,42992648
56.742,compaction_begin,3,0
56.915,compaction_end,3,43367081
56.924,compaction_begin,3,0
57.662,compaction_end,3,42992653
57.673,compaction_begin,3,0
58.191,compaction_end,3,43367081
58.200,compaction_begin,3,0
58.376,compaction_end,3,43367079
58.386,compaction_begin,3,0
58.526,flush_begin,0,0
58.537,flush_end,0,2744400
59.144,compaction_end,3,43893493
59.155,compaction_begin,2,0
59.465,compaction_end,2,3617056
59.480,compaction_begin,3,0
59.677,compaction_end,3,42992649
59.690,compaction_begin,3,0
59.858,compaction_end,3,42992649
59.870,compaction_begin,3,0
60.038,compaction_end,3,42992648
60.050,compaction_begin,3,0
60.223,compaction_end,3,42992649
60.233,compaction_begin,3,0
60.407,compaction_end,3,42992648
60.417,compaction_begin,3,0
60.589,compaction_end,3,42992648
60.599,compaction_begin,3,0
60.780,compaction_end,3,42992649
60.791,compaction_begin,3,0
60.964,compaction_end,3,42992650
60.974,compaction_begin,3,0
61.150,compaction_end,3,42992649
61.161,compaction_begin,3,0
61.336,compaction_end,3,42992648
61.347,compaction_begin,3,0
61.522,compaction_end,3,43367079
61.532,compaction_begin,3,0
61.705,compaction_end,3,42992650
61.716,compaction_begin,3,0
61.889,compaction_end,3,42992648
61.900,compaction_begin,3,0
62.074,compaction_end,3,42992648
62.084,compaction_begin,3,0
62.257,compaction_end,3,42992650
62.268,compaction_begin,3,0
62.444,compaction_end,3,42992653
62.454,compaction_begin,3,0
62.629,compaction_end,3,42992649
62.639,compaction_begin,3,0
62.813,compaction_end,3,43367082
62.823,compaction_begin,3,0
62.999,compaction_end,3,42992650
63.009,compaction_begin,3,0
63.754,compaction_end,3,42992650
63.764,compaction_begin,3,0
63.941,compaction_end,3,42992653
63.950,compaction_begin,3,0
64.002,flush_begin,0,0
64.014,flush_end,0,2744725
64.224,compaction_end,3,44642297
64.234,compaction_begin,2,0
64.539,compaction_end,2,3745835
64.553,compaction_begin,3,0
64.754,compaction_end,3,42992649
64.766,compaction_begin,3,0
64.936,compaction_end,3,42992648
64.947,compaction_begin,3,0
65.119,compaction_end,3,42992649
65.131,compaction_begin,3,0
65.303,compaction_end,3,42992650
65.313,compaction_begin,3,0
65.485,compaction_end,3,42992649
65.496,compaction_begin,3,0
65.667,compaction_end,3,42992649
65.678,compaction_begin,3,0
65.854,compaction_end,3,42992649
65.865,compaction_begin,3,0
66.040,compaction_end,3,42992648
66.050,compaction_begin,3,0
66.224,compaction_end,3,42992650
66.235,compaction_begin,3,0
66.409,compaction_end,3,43367079
66.417,compaction_begin,3,0
66.590,compaction_end,3,42992653
66.601,compaction_begin,3,0
66.774,compaction_end,3,42992648
66.785,compaction_begin,3,0
66.937,compaction_end,3,37790165
66.947,compaction_begin,3,0
67.120,compaction_end,3,42992650
67.130,compaction_begin,3,0
67.303,compaction_end,3,42992648
67.313,compaction_begin,3,0
67.487,compaction_end,3,42992648
67.497,compaction_begin,3,0
67.671,compaction_end,3,43367079
67.681,compaction_begin,3,0
67.854,compaction_end,3,42992649
67.864,compaction_begin,3,0
68.038,compaction_end,3,43367082
68.048,compaction_begin,3,0
68.795,compaction_end,3,42992648
68.806,compaction_begin,3,0
69.455,flush_begin,0,0
69.466,flush_end,0,2744712
69.571,compaction_end,3,42992648
69.581,compaction_begin,2,0
69.911,compaction_end,2,3821100
69.932,compaction_begin,3,0
70.134,compaction_end,3,42992649
70.146,compaction_begin,3,0
70.321,compaction_end,3,42992648
70.332,compaction_begin,3,0
70.503,compaction_end,3,42992649
70.514,compaction_begin,3,0
70.684,compaction_end,3,42992648
70.694,compaction_begin,3,0
70.865,compaction_end,3,42992650
70.876,compaction_begin,3,0
71.050,compaction_end,3,42992650
71.060,compaction_begin,3,0
71.232,compaction_end,3,42992649
71.242,compaction_begin,3,0
71.418,compaction_end,3,43367080
71.429,compaction_begin,3,0
71.603,compaction_end,3,42992649
71.614,compaction_begin,3,0
71.787,compaction_end,3,42992649
71.797,compaction_begin,3,0
71.975,compaction_end,3,42992650
71.985,compaction_begin,3,0
72.159,compaction_end,3,42992650
72.169,compaction_begin,3,0
72.343,compaction_end,3,42992648
72.353,compaction_begin,3,0
72.525,compaction_end,3,43367082
72.536,compaction_begin,3,0
72.708,compaction_end,3,43367079
72.718,compaction_begin,3,0
72.890,compaction_end,3,42992648
72.900,compaction_begin,3,0
73.624,compaction_end,3,42992652
73.633,compaction_begin,3,0
73.805,compaction_end,3,42992653
73.815,compaction_begin,3,0
74.562,compaction_end,3,42992651
74.572,compaction_begin,3,0
74.745,compaction_end,3,42992648
74.755,compaction_begin,3,0
74.928,compaction_end,3,42992648
74.939,flush_begin,0,0
74.949,flush_end,0,2744841
74.959,compaction_begin,2,0
75.266,compaction_end,2,3911117
75.281,compaction_begin,3,0
75.474,compaction_end,3,42992649
75.486,compaction_begin,3,0
75.654,compaction_end,3,42992649
75.665,compaction_begin,3,0
75.834,compaction_end,3,42992648
75.845,compaction_begin,3,0
76.017,compaction_end,3,42992649
76.027,compaction_begin,3,0
76.201,compaction_end,3,42992650
76.211,compaction_begin,3,0
76.383,compaction_end,3,42992648
76.394,compaction_begin,3,0
76.572,compaction_end,3,42992652
76.582,compaction_begin,3,0
76.757,compaction_end,3,42992649
76.767,compaction_begin,3,0
76.939,compaction_end,3,42992648
76.949,compaction_begin,3,0
77.103,compaction_end,3,37790165
77.115,compaction_begin,3,0
77.867,compaction_end,3,42992648
77.878,compaction_begin,3,0
78.051,compaction_end,3,42992653
78.061,compaction_begin,3,0
78.258,compaction_end,3,42992650
78.268,compaction_begin,3,0
78.441,compaction_end,3,42992648
78.451,compaction_begin,3,0
78.625,compaction_end,3,42992649
78.636,compaction_begin,3,0
78.810,compaction_end,3,42992648
78.820,compaction_begin,3,0
78.997,compaction_end,3,42992650
79.007,compaction_begin,3,0
79.183,compaction_end,3,42992651
79.194,compaction_begin,3,0
79.370,compaction_end,3,42992648
79.380,compaction_begin,3,0
79.557,compaction_end,3,43367079
79.567,compaction_begin,3,0
79.754,compaction_end,3,42992649
79.765,compaction_begin,3,0
79.950,compaction_end,3,42992648
79.960,compaction_begin,3,0
80.143,compaction_end,3,42992648
80.153,compaction_begin,3,0
80.337,compaction_end,3,42992653
80.348,compaction_begin,3,0
80.370,flush_begin,0,0
80.382,flush_end,0,2744702
80.550,compaction_end,3,42992648
80.559,compaction_begin,2,0
80.881,compaction_end,2,3968400
80.900,compaction_begin,3,0
81.104,compaction_end,3,42992649
81.116,compaction_begin,3,0
81.295,compaction_end,3,42992649
81.306,compaction_begin,3,0
81.482,compaction_end,3,42992648
81.493,compaction_begin,3,0
81.671,compaction_end,3,42992650
81.681,compaction_begin,3,0
81.863,compaction_end,3,42992649
81.873,compaction_begin,3,0
82.049,compaction_end,3,42992650
82.060,compaction_begin,3,0
82.238,compaction_end,3,42992652
82.248,compaction_begin,3,0
82.430,compaction_end,3,42992649
82.440,compaction_begin,3,0
83.193,compaction_end,3,42992649
83.203,compaction_begin,3,0
83.382,compaction_end,3,42992651
83.392,compaction_begin,3,0
83.573,compaction_end,3,42992648
83.583,compaction_begin,3,0
83.765,compaction_end,3,42992648
83.775,compaction_begin,3,0
83.957,compaction_end,3,42992650
83.968,compaction_begin,3,0
84.150,compaction_end,3,42992648
84.160,compaction_begin,3,0
84.343,compaction_end,3,43367080
84.353,compaction_begin,3,0
84.534,compaction_end,3,42992648
84.544,compaction_begin,3,0
84.726,compaction_end,3,42992650
84.736,compaction_begin,3,0
84.915,compaction_end,3,42992648
84.925,compaction_begin,3,0
85.107,compaction_end,3,42992650
85.117,compaction_begin,3,0
85.299,compaction_end,3,42992653
85.309,compaction_begin,3,0
85.491,compaction_end,3,42992649
85.501,compaction_begin,3,0
85.855,flush_begin,0,0
85.867,flush_end,0,2744728
86.286,compaction_end,3,42992648
86.296,compaction_begin,2,0
86.609,compaction_end,2,4069843
86.625,compaction_begin,3,0
86.827,compaction_end,3,42992649
86.841,compaction_begin,3,0
87.020,compaction_end,3,42992649
87.031,compaction_begin,3,0
87.211,compaction_end,3,42992648
87.222,compaction_begin,3,0
87.410,compaction_end,3,42992648
87.418,compaction_begin,3,0
87.588,compaction_end,3,42992650
87.601,compaction_begin,3,0
87.772,compaction_end,3,42992649
87.782,compaction_begin,3,0
87.955,compaction_end,3,42992648
87.965,compaction_begin,3,0
88.139,compaction_end,3,42992648
88.149,compaction_begin,3,0
88.325,compaction_end,3,42992648
88.336,compaction_begin,3,0
88.508,compaction_end,3,42992649
88.519,compaction_begin,3,0
88.691,compaction_end,3,42992649
88.701,compaction_begin,3,0
88.874,compaction_end,3,42992649
88.884,compaction_begin,3,0
89.056,compaction_end,3,42992650
89.067,compaction_begin,3,0
89.242,compaction_end,3,42992648
89.252,compaction_begin,3,0
89.405,compaction_end,3,37790165
89.416,compaction_begin,3,0
90.164,compaction_end,3,42992649
90.174,compaction_begin,3,0
90.348,compaction_end,3,42992651
90.358,compaction_begin,3,0
90.531,compaction_end,3,42992653
90.541,compaction_begin,3,0
91.289,compaction_end,3,43367081
91.305,flush_begin,0,0
91.318,flush_end,0,2744698
91.330,compaction_begin,2,0
91.649,compaction_end,2,4169486
91.666,compaction_begin,3,0
91.870,compaction_end,3,42992653
91.882,compaction_begin,3,0
92.051,compaction_end,3,42992654
92.061,compaction_begin,3,0
92.309,compaction_end,3,44030063
92.320,compaction_begin,3,0
92.491,compaction_end,3,42992652
92.501,compaction_begin,3,0
92.672,compaction_end,3,42992653
92.683,compaction_begin,3,0
92.852,compaction_end,3,42992653
92.862,compaction_begin,3,0
93.034,compaction_end,3,42992652
93.044,compaction_begin,3,0
93.216,compaction_end,3,42992649
93.226,compaction_begin,3,0
93.400,compaction_end,3,42992654
93.410,compaction_begin,3,0
93.583,compaction_end,3,42992653
93.593,compaction_begin,3,0
93.766,compaction_end,3,42992654
93.776,compaction_begin,3,0
93.912,compaction_end,3,33453457
93.923,compaction_begin,3,0
94.176,compaction_end,3,44030064
94.186,compaction_begin,3,0
94.359,compaction_end,3,43367082
94.367,compaction_begin,3,0
94.541,compaction_end,3,42992649
94.553,compaction_begin,3,0
94.805,compaction_end,3,44030067
94.815,compaction_begin,3,0
95.467,compaction_end,3,42992653
95.478,compaction_begin,3,0
95.710,compaction_end,3,42992649
95.720,compaction_begin,3,0
95.952,compaction_end,3,42992654
95.962,compaction_begin,3,0
96.193,compaction_end,3,42992651
96.203,compaction_begin,3,0
96.377,compaction_end,3,42992651
96.387,compaction_begin,3,0
96.638,compaction_end,3,44030068
96.648,compaction_begin,3,0
96.760,flush_begin,0,0
96.772,flush_end,0,2744999
96.927,compaction_end,3,44030063
96.937,compaction_begin,2,0
97.254,compaction_end,2,4237694
97.269,compaction_begin,3,0
97.469,compaction_end,3,42992650
97.481,compaction_begin,3,0
97.648,compaction_end,3,42992649
97.659,compaction_begin,3,0
97.830,compaction_end,3,42992648
97.838,compaction_begin,3,0
98.013,compaction_end,3,43367081
98.027,compaction_begin,3,0
98.198,compaction_end,3,42992648
98.208,compaction_begin,3,0
98.378,compaction_end,3,42618173
98.388,compaction_begin,3,0
98.563,compaction_end,3,43367078
98.574,compaction_begin,3,0
98.747,compaction_end,3,42992650
98.757,compaction_begin,3,0
98.931,compaction_end,3,42992648
98.941,compaction_begin,3,0
99.113,compaction_end,3,42992650
99.123,compaction_begin,3,0
99.298,compaction_end,3,43367082
99.309,compaction_begin,3,0
99.483,compaction_end,3,42992650
99.493,compaction_begin,3,0
99.724,compaction_end,3,43367081
99.735,compaction_begin,3,0
99.907,compaction_end,3,42618172
99.917,compaction_begin,3,0
100.090,compaction_end,3,43367079
100.100,compaction_begin,3,0
100.271,compaction_end,3,42618171
100.281,compaction_begin,3,0
100.454,compaction_end,3,43367080
100.465,compaction_begin,3,0
100.697,compaction_end,3,43367079
100.707,compaction_begin,3,0
100.881,compaction_end,3,43367082
100.891,compaction_begin,3,0
101.064,compaction_end,3,42992648
101.073,compaction_begin,3,0
101.247,compaction_end,3,42618173
101.257,compaction_begin,3,0
101.992,compaction_end,3,42992650
102.002,compaction_begin,3,0
102.218,flush_begin,0,0
102.229,flush_end,0,2744743
102.761,compaction_end,3,42992651
102.772,compaction_begin,2,0
103.089,compaction_end,2,4207154
103.105,compaction_begin,3,0
103.307,compaction_end,3,42992650
103.319,compaction_begin,3,0
103.485,compaction_end,3,42992648
103.498,compaction_begin,3,0
103.667,compaction_end,3,42618173
103.677,compaction_begin,3,0
103.849,compaction_end,3,42992649
103.860,compaction_begin,3,0
104.035,compaction_end,3,42992650
104.045,compaction_begin,3,0
104.217,compaction_end,3,43367081
104.228,compaction_begin,3,0
104.401,compaction_end,3,42618171
104.411,compaction_begin,3,0
104.583,compaction_end,3,42992648
104.593,compaction_begin,3,0
104.766,compaction_end,3,43367079
104.776,compaction_begin,3,0
104.948,compaction_end,3,42618173
104.958,compaction_begin,3,0
105.131,compaction_end,3,42992650
105.141,compaction_begin,3,0
105.316,compaction_end,3,43367079
105.326,compaction_begin,3,0
105.500,compaction_end,3,42992649
105.510,compaction_begin,3,0
106.197,compaction_end,3,43367080
106.207,compaction_begin,3,0
106.387,compaction_end,3,43367078
106.397,compaction_begin,3,0
106.573,compaction_end,3,43367082
106.583,compaction_begin,3,0
106.768,compaction_end,3,42992651
106.778,compaction_begin,3,0
106.951,compaction_end,3,42992650
106.961,compaction_begin,3,0
107.135,compaction_end,3,43367080
107.145,compaction_begin,3,0
107.320,compaction_end,3,42992648
107.330,compaction_begin,3,0
107.504,compaction_end,3,42992648
107.514,compaction_begin,3,0
107.653,flush_begin,0,0
107.665,flush_end,0,2744782
107.710,compaction_end,3,43367079
107.718,compaction_begin,2,0
108.040,compaction_end,2,4366768
108.060,compaction_begin,3,0
108.248,compaction_end,3,42992648
108.260,compaction_begin,3,0
108.430,compaction_end,3,42992650
108.442,compaction_begin,3,0
108.612,compaction_end,3,43367082
108.620,compaction_begin,3,0
108.851,compaction_end,3,42992649
108.865,compaction_begin,3,0
109.036,compaction_end,3,42992651
109.047,compaction_begin,3,0
109.221,compaction_end,3,43367083
109.231,compaction_begin,3,0
109.403,compaction_end,3,42992651
109.414,compaction_begin,3,0
109.586,compaction_end,3,42992647
109.596,compaction_begin,3,0
109.823,compaction_end,3,42618175
109.833,compaction_begin,3,0
110.004,compaction_end,3,42618173
110.014,compaction_begin,3,0
110.187,compaction_end,3,42618173
110.197,compaction_begin,3,0
110.451,compaction_end,3,44030063
110.461,compaction_begin,3,0
110.640,compaction_end,3,42992649
110.650,compaction_begin,3,0
110.874,compaction_end,3,42992654
110.884,compaction_begin,3,0
111.601,compaction_end,3,41955152
111.611,compaction_begin,3,0
111.786,compaction_end,3,43367080
111.796,compaction_begin,3,0
112.481,compaction_end,3,42618174
112.491,compaction_begin,3,0
113.094,flush_begin,0,0
113.106,flush_end,0,2744469
113.184,compaction_end,3,41955153
113.194,compaction_begin,2,0
113.515,compaction_end,2,4456068
113.531,compaction_begin,3,0
113.730,compaction_end,3,42992648
113.742,compaction_begin,3,0
113.910,compaction_end,3,42992649
113.921,compaction_begin,3,0
114.089,compaction_end,3,42992650
114.101,compaction_begin,3,0
114.272,compaction_end,3,43367079
114.282,compaction_begin,3,0
114.456,compaction_end,3,43367082
114.467,compaction_begin,3,0
114.636,compaction_end,3,42618175
114.646,compaction_begin,3,0
114.821,compaction_end,3,43367080
114.831,compaction_begin,3,0
115.003,compaction_end,3,42992651
115.013,compaction_begin,3,0
115.185,compaction_end,3,42992651
115.195,compaction_begin,3,0
115.367,compaction_end,3,42243694
115.375,compaction_begin,3,0
115.549,compaction_end,3,42243695
115.561,compaction_begin,3,0
115.740,compaction_end,3,43367078
115.750,compaction_begin,3,0
115.928,compaction_end,3,43367082
115.938,compaction_begin,3,0
116.210,compaction_end,3,43367083
116.222,compaction_begin,3,0
116.421,compaction_end,3,43367083
116.431,compaction_begin,3,0
116.607,compaction_end,3,42992647
116.618,compaction_begin,3,0
116.791,compaction_end,3,43367078
116.802,compaction_begin,3,0
116.976,compaction_end,3,43367079
116.986,compaction_begin,3,0
117.751,compaction_end,3,43655653
117.761,compaction_begin,3,0
117.987,compaction_end,3,42992654
117.998,compaction_begin,3,0
118.540,flush_begin,0,0
118.552,flush_end,0,2744824
118.737,compaction_end,3,41955154
118.747,compaction_begin,2,0
119.073,compaction_end,2,4450221
119.088,compaction_begin,3,0
119.288,compaction_end,3,42992648
119.300,compaction_begin,3,0
119.469,compaction_end,3,42992650
119.481,compaction_begin,3,0
119.648,compaction_end,3,42992649
119.660,compaction_begin,3,0
119.834,compaction_end,3,43367082
119.845,compaction_begin,3,0
120.016,compaction_end,3,42992651
120.026,compaction_begin,3,0
120.197,compaction_end,3,42992651
120.208,compaction_begin,3,0
120.380,compaction_end,3,43367080
120.391,compaction_begin,3,0
120.585,compaction_end,3,42992654
120.595,compaction_begin,3,0
120.856,compaction_end,3,44930720
120.868,compaction_begin,3,0
121.538,compaction_end,3,41955151
121.548,compaction_begin,3,0
121.719,compaction_end,3,42618175
121.730,compaction_begin,3,0
122.401,compaction_end,3,41955152
122.411,compaction_begin,3,0
122.583,compaction_end,3,42243695
122.593,compaction_begin,3,0
122.765,compaction_end,3,42243694
122.775,compaction_begin,3,0
122.949,compaction_end,3,43367077
122.960,compaction_begin,3,0
123.138,compaction_end,3,43367078
123.148,compaction_begin,3,0
123.325,compaction_end,3,43367083
123.335,compaction_begin,3,0
123.985,flush_begin,0,0
123.997,flush_end,0,2744432
124.094,compaction_end,3,43367081
124.105,compaction_begin,2,0
124.419,compaction_end,2,4483538
124.435,compaction_begin,3,0
124.630,compaction_end,3,42992648
124.642,compaction_begin,3,0
124.810,compaction_end,3,42992649
124.822,compaction_begin,3,0
124.989,compaction_end,3,42992650
125.001,compaction_begin,3,0
125.172,compaction_end,3,42992647
125.182,compaction_begin,3,0
125.355,compaction_end,3,42992651
125.367,compaction_begin,3,0
125.539,compaction_end,3,43367082
125.547,compaction_begin,3,0
125.721,compaction_end,3,42618174
125.734,compaction_begin,3,0
125.906,compaction_end,3,42243695
125.916,compaction_begin,3,0
126.092,compaction_end,3,42992651
126.103,compaction_begin,3,0
126.280,compaction_end,3,43367077
126.291,compaction_begin,3,0
126.470,compaction_end,3,42992654
126.480,compaction_begin,3,0
126.663,compaction_end,3,43367079
126.674,compaction_begin,3,0
126.847,compaction_end,3,43367079
126.857,compaction_begin,3,0
127.030,compaction_end,3,42243698
127.040,compaction_begin,3,0
127.213,compaction_end,3,42618175
127.223,compaction_begin,3,0
127.482,compaction_end,3,44404455
127.492,compaction_begin,3,0
127.667,compaction_end,3,43367082
127.677,compaction_begin,3,0
127.851,compaction_end,3,42243694
127.861,compaction_begin,3,0
128.036,compaction_end,3,43367083
128.048,compaction_begin,3,0
128.239,compaction_end,3,42618173
128.249,compaction_begin,3,0
128.980,compaction_end,3,42992648
128.990,compaction_begin,3,0
129.421,flush_begin,0,0
129.432,flush_end,0,2745166
129.737,compaction_end,3,43367080
129.747,compaction_begin,2,0
130.067,compaction_end,2,4559016
130.082,compaction_begin,3,0
130.282,compaction_end,3,42992651
130.296,compaction_begin,3,0
130.464,compaction_end,3,42992652
130.476,compaction_begin,3,0
130.642,compaction_end,3,42992653
130.654,compaction_begin,3,0
130.881,compaction_end,3,43367081
130.892,compaction_begin,3,0
131.062,compaction_end,3,43367078
131.073,compaction_begin,3,0
131.242,compaction_end,3,42243694
131.252,compaction_begin,3,0
131.423,compaction_end,3,42243695
131.433,compaction_begin,3,0
131.618,compaction_end,3,43367078
131.627,compaction_begin,3,0
131.804,compaction_end,3,43367079
131.814,compaction_begin,3,0
131.989,compaction_end,3,43367078
131.999,compaction_begin,3,0
132.175,compaction_end,3,43367078
132.185,compaction_begin,3,0
132.416,compaction_end,3,43367082
132.427,compaction_begin,3,0
132.604,compaction_end,3,43367079
132.615,compaction_begin,3,0
132.855,compaction_end,3,43367076
132.866,compaction_begin,3,0
133.041,compaction_end,3,42992652
133.053,compaction_begin,3,0
133.295,compaction_end,3,43367079
133.305,compaction_begin,3,0
133.536,compaction_end,3,43367081
133.546,compaction_begin,3,0
133.716,compaction_end,3,42618174
133.724,compaction_begin,3,0
133.900,compaction_end,3,42992654
133.912,compaction_begin,3,0
134.142,compaction_end,3,43367080
134.152,compaction_begin,3,0
134.338,compaction_end,3,44930720
134.348,compaction_begin,3,0
134.520,compaction_end,3,43367080
134.530,compaction_begin,3,0
134.702,compaction_end,3,42992648
134.712,compaction_begin,3,0
134.867,flush_begin,0,0
134.878,flush_end,0,2744492
134.965,compaction_end,3,43367080
134.978,compaction_begin,2,0
135.286,compaction_end,2,4664580
135.302,compaction_begin,3,0
135.504,compaction_end,3,42992649
135.515,compaction_begin,3,0
135.685,compaction_end,3,42992648
135.697,compaction_begin,3,0
135.868,compaction_end,3,42992649
135.880,compaction_begin,3,0
136.059,compaction_end,3,43367082
136.070,compaction_begin,3,0
136.242,compaction_end,3,43367078
136.252,compaction_begin,3,0
136.427,compaction_end,3,43367081
136.438,compaction_begin,3,0
136.611,compaction_end,3,43367082
136.622,compaction_begin,3,0
136.797,compaction_end,3,43367080
136.806,compaction_begin,3,0
136.981,compaction_end,3,43367080
136.991,compaction_begin,3,0
137.218,compaction_end,3,42243697
137.228,compaction_begin,3,0
137.402,compaction_end,3,42992654
137.412,compaction_begin,3,0
137.584,compaction_end,3,43367077
137.594,compaction_begin,3,0
137.770,compaction_end,3,43367078
137.780,compaction_begin,3,0
137.955,compaction_end,3,42618175
137.964,compaction_begin,3,0
138.137,compaction_end,3,42992652
138.147,compaction_begin,3,0
138.326,compaction_end,3,43367077
138.336,compaction_begin,3,0
138.546,compaction_end,3,42992653
138.555,compaction_begin,3,0
138.727,compaction_end,3,43367083
138.738,compaction_begin,3,0
138.909,compaction_end,3,43367079
138.920,compaction_begin,3,0
139.091,compaction_end,3,43367077
139.101,compaction_begin,3,0
139.852,compaction_end,3,42992648
139.863,compaction_begin,3,0
140.035,compaction_end,3,43367081
140.046,compaction_begin,3,0
140.352,flush_begin,0,0
140.363,flush_end,0,2744864
140.743,compaction_end,3,42992654
140.753,compaction_begin,2,0
141.074,compaction_end,2,4780508
141.089,compaction_begin,3,0
141.285,compaction_end,3,42992652
141.297,compaction_begin,3,0
141.467,compaction_end,3,43367082
141.479,compaction_begin,3,0
141.647,compaction_end,3,42992652
141.659,compaction_begin,3,0
141.830,compaction_end,3,43367081
141.841,compaction_begin,3,0
142.015,compaction_end,3,43367079
142.025,compaction_begin,3,0
142.198,compaction_end,3,43367080
142.208,compaction_begin,3,0
142.380,compaction_end,3,43367078
142.390,compaction_begin,3,0
142.564,compaction_end,3,43367081
142.573,compaction_begin,3,0
142.746,compaction_end,3,42992649
142.757,compaction_begin,3,0
142.933,compaction_end,3,43367078
142.944,compaction_begin,3,0
143.119,compaction_end,3,43367078
143.130,compaction_begin,3,0
143.302,compaction_end,3,43367079
143.312,compaction_begin,3,0
143.488,compaction_end,3,43367082
143.499,compaction_begin,3,0
144.176,compaction_end,3,42618173
144.186,compaction_begin,3,0
144.358,compaction_end,3,42992652
144.369,compaction_begin,3,0
145.053,compaction_end,3,42618172
145.063,compaction_begin,3,0
145.724,compaction_end,3,42618174
145.735,compaction_begin,3,0
145.792,flush_begin,0,0
145.803,flush_end,0,2744756
145.938,compaction_end,3,43367079
145.949,compaction_begin,2,0
146.282,compaction_end,2,4717272
146.300,compaction_begin,3,0
146.518,compaction_end,3,42992652
146.531,compaction_begin,3,0
146.699,compaction_end,3,42992652
146.711,compaction_begin,3,0
146.883,compaction_end,3,43367081
146.894,compaction_begin,3,0
147.067,compaction_end,3,43367082
147.079,compaction_begin,3,0
147.252,compaction_end,3,43367078
147.263,compaction_begin,3,0
147.436,compaction_end,3,42618174
147.447,compaction_begin,3,0
148.129,compaction_end,3,42618173
148.140,compaction_begin,3,0
148.314,compaction_end,3,42992649
148.325,compaction_begin,3,0
148.502,compaction_end,3,43367080
148.513,compaction_begin,3,0
148.688,compaction_end,3,43367081
148.698,compaction_begin,3,0
148.874,compaction_end,3,43367082
148.883,compaction_begin,3,0
149.058,compaction_end,3,43367079
149.068,compaction_begin,3,0
149.240,compaction_end,3,42992649
149.251,compaction_begin,3,0
149.483,compaction_end,3,43367082
149.493,compaction_begin,3,0
149.665,compaction_end,3,43367078
149.677,compaction_begin,3,0
149.848,compaction_end,3,42618174
149.859,compaction_begin,3,0
150.033,compaction_end,3,43367078
150.044,compaction_begin,3,0
150.215,compaction_end,3,42618173
150.226,compaction_begin,3,0
150.941,compaction_end,3,41955152
150.951,compaction_begin,3,0
151.123,compaction_end,3,42992652
151.134,compaction_begin,3,0
151.171,flush_begin,0,0
151.183,flush_end,0,2744523
151.389,compaction_end,3,43367076
151.399,compaction_begin,2,0
151.717,compaction_end,2,4804368
151.733,compaction_begin,3,0
151.927,compaction_end,3,42992652
151.940,compaction_begin,3,0
152.108,compaction_end,3,42992652
152.119,compaction_begin,3,0
152.291,compaction_end,3,43367082
152.303,compaction_begin,3,0
152.474,compaction_end,3,43367079
152.485,compaction_begin,3,0
152.657,compaction_end,3,43367082
152.667,compaction_begin,3,0
152.838,compaction_end,3,42618174
152.847,compaction_begin,3,0
153.018,compaction_end,3,42618174
153.028,compaction_begin,3,0
153.204,compaction_end,3,43367078
153.214,compaction_begin,3,0
153.389,compaction_end,3,43367078
153.399,compaction_begin,3,0
153.570,compaction_end,3,42618173
153.580,compaction_begin,3,0
153.754,compaction_end,3,43367080
153.764,compaction_begin,3,0
153.938,compaction_end,3,43367081
153.948,compaction_begin,3,0
154.122,compaction_end,3,43367082
154.133,compaction_begin,3,0
154.303,compaction_end,3,42992652
154.313,compaction_begin,3,0
154.487,compaction_end,3,43367078
154.498,compaction_begin,3,0
155.223,compaction_end,3,42618171
155.232,compaction_begin,3,0
155.410,compaction_end,3,43367081
155.418,compaction_begin,3,0
155.590,compaction_end,3,41955152
155.603,compaction_begin,3,0
156.345,compaction_end,3,43367081
156.355,compaction_begin,3,0
156.538,compaction_end,3,43367078
156.548,compaction_begin,3,0
156.629,flush_begin,0,0
156.641,flush_end,0,2744746
157.285,compaction_end,3,42618175
157.295,compaction_begin,2,0
157.607,compaction_end,2,4803966
157.623,compaction_begin,3,0
157.813,compaction_end,3,42992652
157.825,compaction_begin,3,0
157.994,compaction_end,3,42992652
158.005,compaction_begin,3,0
158.178,compaction_end,3,43367081
158.188,compaction_begin,3,0
158.360,compaction_end,3,43367082
158.372,compaction_begin,3,0
158.545,compaction_end,3,42992649
158.556,compaction_begin,3,0
158.789,compaction_end,3,43367079
158.800,compaction_begin,3,0
158.976,compaction_end,3,42618174
158.986,compaction_begin,3,0
159.160,compaction_end,3,43367080
159.170,compaction_begin,3,0
159.346,compaction_end,3,43367078
159.356,compaction_begin,3,0
159.535,compaction_end,3,43367079
159.545,compaction_begin,3,0
159.719,compaction_end,3,43367078
159.729,compaction_begin,3,0
160.408,compaction_end,3,42618169
160.417,compaction_begin,3,0
160.591,compaction_end,3,42618173
160.601,compaction_begin,3,0
160.775,compaction_end,3,42992652
160.785,compaction_begin,3,0
160.961,compaction_end,3,43367079
160.972,compaction_begin,3,0
161.148,compaction_end,3,43367079
161.158,compaction_begin,3,0
161.333,compaction_end,3,43367081
161.344,compaction_begin,3,0
161.520,compaction_end,3,43367082
161.530,compaction_begin,3,0
161.702,compaction_end,3,42618175
161.713,compaction_begin,3,0
161.888,compaction_end,3,42618173
161.898,compaction_begin,3,0
162.062,flush_begin,0,0
162.074,flush_end,0,2744310
162.090,compaction_end,3,42618172
162.101,compaction_begin,2,0
162.423,compaction_end,2,4882080
162.440,compaction_begin,3,0
162.642,compaction_end,3,42992652
162.653,compaction_begin,3,0
162.823,compaction_end,3,43367082
162.834,compaction_begin,3,0
163.003,compaction_end,3,42992652
163.014,compaction_begin,3,0
163.185,compaction_end,3,43367078
163.196,compaction_begin,3,0
163.370,compaction_end,3,43367082
163.380,compaction_begin,3,0
163.553,compaction_end,3,43367078
163.563,compaction_begin,3,0
163.736,compaction_end,3,43367081
163.747,compaction_begin,3,0
163.920,compaction_end,3,43367078
163.930,compaction_begin,3,0
164.104,compaction_end,3,43367078
164.115,compaction_begin,3,0
164.289,compaction_end,3,43367080
164.299,compaction_begin,3,0
164.475,compaction_end,3,43367079
164.486,compaction_begin,3,0
164.661,compaction_end,3,43367082
164.671,compaction_begin,3,0
165.396,compaction_end,3,42243695
165.409,compaction_begin,3,0
165.585,compaction_end,3,42992649
165.595,compaction_begin,3,0
165.776,compaction_end,3,42992652
165.785,compaction_begin,3,0
165.960,compaction_end,3,43367079
165.970,compaction_begin,3,0
166.141,compaction_end,3,42618175
166.151,compaction_begin,3,0
166.889,compaction_end,3,42992652
166.900,compaction_begin,3,0
167.108,compaction_end,3,43367079
167.120,compaction_begin,3,0
167.296,compaction_end,3,43367079
167.306,compaction_begin,3,0
167.478,compaction_end,3,41955152
167.487,compaction_begin,3,0
167.513,flush_begin,0,0
167.524,flush_end,0,2744522
167.681,compaction_end,3,42618174
167.691,compaction_begin,2,0
168.025,compaction_end,2,4830755
168.040,compaction_begin,3,0
168.242,compaction_end,3,42992652
168.254,compaction_begin,3,0
168.423,compaction_end,3,43367082
168.434,compaction_begin,3,0
168.602,compaction_end,3,42992652
168.613,compaction_begin,3,0
168.785,compaction_end,3,42992650
168.795,compaction_begin,3,0
168.965,compaction_end,3,43367082
168.975,compaction_begin,3,0
169.141,compaction_end,3,42243695
169.151,compaction_begin,3,0
169.323,compaction_end,3,42618169
169.333,compaction_begin,3,0
169.505,compaction_end,3,43367078
169.515,compaction_begin,3,0
169.688,compaction_end,3,43367079
169.698,compaction_begin,3,0
169.871,compaction_end,3,42992649
169.881,compaction_begin,3,0
170.055,compaction_end,3,43367079
170.065,compaction_begin,3,0
170.239,compaction_end,3,43367082
170.249,compaction_begin,3,0
170.423,compaction_end,3,42618173
170.433,compaction_begin,3,0
170.606,compaction_end,3,43367081
170.616,compaction_begin,3,0
170.794,compaction_end,3,43367079
170.804,compaction_begin,3,0
170.977,compaction_end,3,42992652
170.987,compaction_begin,3,0
171.162,compaction_end,3,43367079
171.173,compaction_begin,3,0
171.346,compaction_end,3,43367080
171.356,compaction_begin,3,0
171.529,compaction_end,3,42618172
171.540,compaction_begin,3,0
172.276,compaction_end,3,43367083
172.286,compaction_begin,3,0
172.460,compaction_end,3,43367079
172.470,compaction_begin,3,0
172.642,compaction_end,3,42618174
172.652,compaction_begin,3,0
172.824,compaction_end,3,42992649
172.834,compaction_begin,3,0
172.944,flush_begin,0,0
172.956,flush_end,0,2744434
173.590,compaction_end,3,43367080
173.600,compaction_begin,2,0
173.923,compaction_end,2,4963417
173.938,compaction_begin,3,0
174.133,compaction_end,3,42992652
174.146,compaction_begin,3,0
174.312,compaction_end,3,42992652
174.323,compaction_begin,3,0
174.493,compaction_end,3,43367082
174.502,compaction_begin,3,0
174.675,compaction_end,3,43367081
174.690,compaction_begin,3,0
174.861,compaction_end,3,42618169
174.871,compaction_begin,3,0
175.047,compaction_end,3,43367081
175.058,compaction_begin,3,0
175.243,compaction_end,3,43367078
175.253,compaction_begin,3,0
175.427,compaction_end,3,43367078
175.437,compaction_begin,3,0
175.609,compaction_end,3,43367082
175.619,compaction_begin,3,0
175.793,compaction_end,3,42618173
175.804,compaction_begin,3,0
175.982,compaction_end,3,43367079
175.992,compaction_begin,3,0
176.173,compaction_end,3,43367080
176.185,compaction_begin,3,0
176.388,compaction_end,3,43367078
176.399,compaction_begin,3,0
176.573,compaction_end,3,42992649
176.583,compaction_begin,3,0
176.761,compaction_end,3,43367078
176.772,compaction_begin,3,0
176.945,compaction_end,3,41955152
176.953,compaction_begin,3,0
177.126,compaction_end,3,42992649
177.138,compaction_begin,3,0
177.315,compaction_end,3,43367079
177.326,compaction_begin,3,0
177.501,compaction_end,3,43367079
177.512,compaction_begin,3,0
178.136,compaction_end,3,42243698
178.146,compaction_begin,3,0
178.319,compaction_end,3,43367082
178.329,compaction_begin,3,0
178.459,flush_begin,0,0
178.470,flush_end,0,2744913
178.522,compaction_end,3,43367079
178.532,compaction_begin,2,0
178.849,compaction_end,2,5116771
178.864,compaction_begin,3,0
179.057,compaction_end,3,42992652
179.070,compaction_begin,3,0
179.235,compaction_end,3,42992652
179.246,compaction_begin,3,0
179.419,compaction_end,3,43367078
179.429,compaction_begin,3,0
179.599,compaction_end,3,43367082
179.610,compaction_begin,3,0
179.782,compaction_end,3,43367079
179.792,compaction_begin,3,0
179.965,compaction_end,3,42618169
179.975,compaction_begin,3,0
180.150,compaction_end,3,43367078
180.160,compaction_begin,3,0
180.332,compaction_end,3,43367082
180.343,compaction_begin,3,0
180.518,compaction_end,3,43367079
180.528,compaction_begin,3,0
180.702,compaction_end,3,43367081
180.712,compaction_begin,3,0
180.885,compaction_end,3,42618173
180.897,compaction_begin,3,0
181.071,compaction_end,3,43367082
181.081,compaction_begin,3,0
181.255,compaction_end,3,43367078
181.265,compaction_begin,3,0
181.437,compaction_end,3,42243695
181.447,compaction_begin,3,0
181.618,compaction_end,3,42243698
181.628,compaction_begin,3,0
181.803,compaction_end,3,43367080
181.814,compaction_begin,3,0
182.565,compaction_end,3,42992649
182.575,compaction_begin,3,0
182.751,compaction_end,3,43367078
182.761,compaction_begin,3,0
182.935,compaction_end,3,42992649
182.945,compaction_begin,3,0
183.118,compaction_end,3,43367079
183.128,compaction_begin,3,0
183.302,compaction_end,3,42992649
183.313,compaction_begin,3,0
183.878,flush_begin,0,0
183.890,flush_end,0,2744717
184.072,compaction_end,3,43367081
184.082,compaction_begin,2,0
184.409,compaction_end,2,5186677
184.422,compaction_begin,3,0
184.624,compaction_end,3,42992652
184.636,compaction_begin,3,0
184.803,compaction_end,3,42992652
184.814,compaction_begin,3,0
184.983,compaction_end,3,43367082
184.995,compaction_begin,3,0
185.180,compaction_end,3,43367081
185.191,compaction_begin,3,0
185.367,compaction_end,3,43367082
185.377,compaction_begin,3,0
185.547,compaction_end,3,42243695
185.557,compaction_begin,3,0
185.731,compaction_end,3,43367081
185.741,compaction_begin,3,0
185.914,compaction_end,3,42992649
185.924,compaction_begin,3,0
186.103,compaction_end,3,42992649
186.113,compaction_begin,3,0
186.290,compaction_end,3,41955152
186.300,compaction_begin,3,0
186.477,compaction_end,3,43367078
186.487,compaction_begin,3,0
186.664,compaction_end,3,43367079
186.674,compaction_begin,3,0
186.851,compaction_end,3,43367082
186.862,compaction_begin,3,0
187.038,compaction_end,3,43367080
187.048,compaction_begin,3,0
187.221,compaction_end,3,43367081
187.231,compaction_begin,3,0
187.405,compaction_end,3,43367078
187.416,compaction_begin,3,0
187.588,compaction_end,3,42618174
187.598,compaction_begin,3,0
187.768,compaction_end,3,42243698
187.778,compaction_begin,3,0
187.951,compaction_end,3,42618169
187.961,compaction_begin,3,0
188.135,compaction_end,3,43367078
188.146,compaction_begin,3,0
188.859,compaction_end,3,42243694
188.869,compaction_begin,3,0
189.325,flush_begin,0,0
189.337,flush_end,0,2744401
189.605,compaction_end,3,42243696
189.615,compaction_begin,2,0
189.947,compaction_end,2,5223028
189.968,compaction_begin,3,0
190.173,compaction_end,3,42992652
190.185,compaction_begin,3,0
190.354,compaction_end,3,43367082
190.366,compaction_begin,3,0
190.533,compaction_end,3,42992652
190.544,compaction_begin,3,0
190.718,compaction_end,3,43367078
190.728,compaction_begin,3,0
190.901,compaction_end,3,42992649
190.912,compaction_begin,3,0
191.085,compaction_end,3,43367080
191.095,compaction_begin,3,0
191.270,compaction_end,3,43367081
191.280,compaction_begin,3,0
191.452,compaction_end,3,42243698
191.462,compaction_begin,3,0
191.635,compaction_end,3,43367081
191.645,compaction_begin,3,0
192.409,compaction_end,3,44404454
192.419,compaction_begin,3,0
192.592,compaction_end,3,43367078
192.602,compaction_begin,3,0
192.773,compaction_end,3,42618174
192.784,compaction_begin,3,0
193.364,compaction_end,3,43367079
193.375,compaction_begin,3,0
193.552,compaction_end,3,43367082
193.562,compaction_begin,3,0
193.737,compaction_end,3,43367079
193.746,compaction_begin,3,0
193.923,compaction_end,3,43367078
193.936,compaction_begin,3,0
194.113,compaction_end,3,43367078
194.123,compaction_begin,3,0
194.298,compaction_end,3,43367082
194.307,compaction_begin,3,0
194.757,flush_begin,0,0
194.769,flush_end,0,2744352
195.058,compaction_end,3,42618171
195.068,compaction_begin,2,0
195.398,compaction_end,2,5295279
195.415,compaction_begin,3,0
195.615,compaction_end,3,42992652
195.627,compaction_begin,3,0
195.797,compaction_end,3,43367078
195.808,compaction_begin,3,0
195.981,compaction_end,3,43367082
195.993,compaction_begin,3,0
196.159,compaction_end,3,42992652
196.171,compaction_begin,3,0
196.343,compaction_end,3,43367081
196.353,compaction_begin,3,0
196.528,compaction_end,3,43367080
196.539,compaction_begin,3,0
196.713,compaction_end,3,42618169
196.723,compaction_begin,3,0
196.898,compaction_end,3,43367078
196.908,compaction_begin,3,0
197.080,compaction_end,3,43367081
197.090,compaction_begin,3,0
197.264,compaction_end,3,43367079
197.275,compaction_begin,3,0
197.449,compaction_end,3,43367082
197.459,compaction_begin,3,0
197.631,compaction_end,3,43367079
197.641,compaction_begin,3,0
197.815,compaction_end,3,43367078
197.825,compaction_begin,3,0
197.998,compaction_end,3,42618174
198.008,compaction_begin,3,0
198.752,compaction_end,3,43367081
198.763,compaction_begin,3,0
199.503,compaction_end,3,43519107
199.513,compaction_begin,3,0
199.683,compaction_end,3,42243694
199.693,compaction_begin,3,0
200.204,flush_begin,0,0
200.216,flush_end,0,2744626
200.451,compaction_end,3,43367083
200.461,compaction_begin,2,0
200.798,compaction_end,2,5420257
200.816,compaction_begin,3,0
201.019,compaction_end,3,42992652
201.031,compaction_begin,3,0
201.198,compaction_end,3,42992652
201.210,compaction_begin,3,0
201.383,compaction_end,3,43367078
201.395,compaction_begin,3,0
201.567,compaction_end,3,43367078
201.575,compaction_begin,3,0
201.746,compaction_end,3,43367082
201.759,compaction_begin,3,0
201.932,compaction_end,3,43367079
201.942,compaction_begin,3,0
202.115,compaction_end,3,43367078
202.125,compaction_begin,3,0
202.299,compaction_end,3,43367081
202.309,compaction_begin,3,0
202.484,compaction_end,3,43367080
202.494,compaction_begin,3,0
202.668,compaction_end,3,43367081
202.678,compaction_begin,3,0
202.854,compaction_end,3,42992649
202.864,compaction_begin,3,0
203.036,compaction_end,3,43367081
203.046,compaction_begin,3,0
203.219,compaction_end,3,43367079
203.230,compaction_begin,3,0
203.405,compaction_end,3,43367082
203.415,compaction_begin,3,0
204.152,compaction_end,3,43367076
204.163,compaction_begin,3,0
204.340,compaction_end,3,43367082
204.350,compaction_begin,3,0
204.523,compaction_end,3,42243698
204.533,compaction_begin,3,0
204.708,compaction_end,3,42618169
204.718,compaction_begin,3,0
204.901,compaction_end,3,43367078
204.911,compaction_begin,3,0
205.623,compaction_end,3,42992648
205.633,compaction_begin,3,0
205.662,flush_begin,0,0
205.674,flush_end,0,2744435
205.826,compaction_end,3,42618171
205.837,compaction_begin,2,0
206.176,compaction_end,2,5413124
206.193,compaction_begin,3,0
206.400,compaction_end,3,42992652
206.412,compaction_begin,3,0
206.580,compaction_end,3,42992652
206.592,compaction_begin,3,0
206.762,compaction_end,3,43367078
206.772,compaction_begin,3,0
206.945,compaction_end,3,42992649
206.953,compaction_begin,3,0
207.126,compaction_end,3,43367082
207.139,compaction_begin,3,0
207.312,compaction_end,3,43367078
207.324,compaction_begin,3,0
207.498,compaction_end,3,43367078
207.508,compaction_begin,3,0
207.679,compaction_end,3,42243694
207.689,compaction_begin,3,0
207.864,compaction_end,3,43367081
207.875,compaction_begin,3,0
208.046,compaction_end,3,43367082
208.056,compaction_begin,3,0
208.247,compaction_end,3,42618174
208.257,compaction_begin,3,0
208.431,compaction_end,3,43367079
208.441,compaction_begin,3,0
209.165,compaction_end,3,42618172
209.175,compaction_begin,3,0
209.349,compaction_end,3,43367079
209.359,compaction_begin,3,0
209.533,compaction_end,3,43367081
209.544,compaction_begin,3,0
210.267,compaction_end,3,42618173
210.277,compaction_begin,3,0
210.451,compaction_end,3,43367080
210.461,compaction_begin,3,0
210.632,compaction_end,3,42243698
210.642,compaction_begin,3,0
210.819,compaction_end,3,43367081
210.830,compaction_begin,3,0
211.114,flush_begin,0,0
211.126,flush_end,0,2744679
211.490,compaction_end,3,37790165
211.500,compaction_begin,2,0
211.803,compaction_end,2,5254705
211.816,compaction_begin,3,0
211.993,compaction_end,3,42992652
212.005,compaction_begin,3,0
212.171,compaction_end,3,43367082
212.182,compaction_begin,3,0
212.350,compaction_end,3,42992652
212.362,compaction_begin,3,0
212.532,compaction_end,3,43367081
212.543,compaction_begin,3,0
212.712,compaction_end,3,42243698
212.722,compaction_begin,3,0
212.893,compaction_end,3,42618169
212.904,compaction_begin,3,0
213.077,compaction_end,3,43367078
213.087,compaction_begin,3,0
213.260,compaction_end,3,43367078
213.270,compaction_begin,3,0
213.446,compaction_end,3,43367082
213.456,compaction_begin,3,0
213.627,compaction_end,3,42618174
213.637,compaction_begin,3,0
213.811,compaction_end,3,43367078
213.822,compaction_begin,3,0
213.996,compaction_end,3,43367076
214.006,compaction_begin,3,0
214.181,compaction_end,3,43367078
214.191,compaction_begin,3,0
214.369,compaction_end,3,43367081
214.377,compaction_begin,3,0
214.562,compaction_end,3,43367082
214.574,compaction_begin,3,0
214.746,compaction_end,3,43367081
214.757,compaction_begin,3,0
214.930,compaction_end,3,43367079
214.940,compaction_begin,3,0
215.112,compaction_end,3,42992648
215.122,compaction_begin,3,0
215.296,compaction_end,3,43367080
215.306,compaction_begin,3,0
215.480,compaction_end,3,42992649
215.490,compaction_begin,3,0
216.229,compaction_end,3,43367079
216.239,compaction_begin,3,0
216.394,compaction_end,3,37790165
216.404,compaction_begin,3,0
216.560,flush_begin,0,0
216.572,flush_end,0,2744633
216.599,compaction_end,3,43367079
216.609,compaction_begin,2,0
216.944,compaction_end,2,5170153
216.962,compaction_begin,3,0
217.160,compaction_end,3,42992652
217.172,compaction_begin,3,0
217.340,compaction_end,3,43367082
217.351,compaction_begin,3,0
217.520,compaction_end,3,42992652
217.532,compaction_begin,3,0
217.701,compaction_end,3,43367078
217.711,compaction_begin,3,0
217.884,compaction_end,3,43367081
217.895,compaction_begin,3,0
218.066,compaction_end,3,43367078
218.077,compaction_begin,3,0
218.253,compaction_end,3,43367079
218.263,compaction_begin,3,0
218.439,compaction_end,3,43367080
218.448,compaction_begin,3,0
218.619,compaction_end,3,42992649
218.629,compaction_begin,3,0
218.782,compaction_end,3,37790165
218.792,compaction_begin,3,0
218.964,compaction_end,3,42243698
218.974,compaction_begin,3,0
219.146,compaction_end,3,43367079
219.157,compaction_begin,3,0
219.328,compaction_end,3,42618173
219.338,compaction_begin,3,0
219.513,compaction_end,3,43367081
219.523,compaction_begin,3,0
219.904,compaction_end,3,43367083
219.914,compaction_begin,3,0
220.088,compaction_end,3,42618172
220.098,compaction_begin,3,0
220.274,compaction_end,3,43367081
220.284,compaction_begin,3,0
220.455,compaction_end,3,42618174
220.465,compaction_begin,3,0
220.640,compaction_end,3,43367078
220.650,compaction_begin,3,0
220.820,compaction_end,3,42243694
220.831,compaction_begin,3,0
221.563,compaction_end,3,43367081
221.572,compaction_begin,3,0
221.748,compaction_end,3,43367078
221.758,compaction_begin,3,0
221.933,compaction_end,3,43367079
221.943,compaction_begin,3,0
221.987,flush_begin,0,0
221.999,flush_end,0,2744986
222.234,compaction_end,3,42618169
222.244,compaction_begin,2,0
222.560,compaction_end,2,5296564
222.575,compaction_begin,3,0
222.772,compaction_end,3,42992652
222.784,compaction_begin,3,0
222.951,compaction_end,3,42992652
222.963,compaction_begin,3,0
223.134,compaction_end,3,43367082
223.146,compaction_begin,3,0
223.318,compaction_end,3,43367081
223.329,compaction_begin,3,0
223.504,compaction_end,3,43367078
223.515,compaction_begin,3,0
223.696,compaction_end,3,43367082
223.706,compaction_begin,3,0
223.880,compaction_end,3,43367078
223.890,compaction_begin,3,0
224.064,compaction_end,3,43367078
224.075,compaction_begin,3,0
224.249,compaction_end,3,43367081
224.259,compaction_begin,3,0
224.430,compaction_end,3,42618172
224.440,compaction_begin,3,0
224.615,compaction_end,3,42992649
224.624,compaction_begin,3,0
224.798,compaction_end,3,43367078
224.808,compaction_begin,3,0
224.980,compaction_end,3,42243698
224.990,compaction_begin,3,0
225.163,compaction_end,3,42243694
225.173,compaction_begin,3,0
225.349,compaction_end,3,43367079
225.359,compaction_begin,3,0
225.533,compaction_end,3,43367076
225.543,compaction_begin,3,0
225.713,compaction_end,3,42992648
225.723,compaction_begin,3,0
225.896,compaction_end,3,42618173
225.906,compaction_begin,3,0
226.082,compaction_end,3,43367081
226.092,compaction_begin,3,0
226.267,compaction_end,3,43367083
226.276,compaction_begin,3,0
226.448,compaction_end,3,43367080
226.459,compaction_begin,3,0
226.612,compaction_end,3,37790165
226.622,compaction_begin,3,0
226.794,compaction_end,3,43367081
226.804,compaction_begin,3,0
226.976,compaction_end,3,42618169
226.985,compaction_begin,3,0
227.158,compaction_end,3,43367079
227.168,compaction_begin,3,0
227.419,flush_begin,0,0
227.431,flush_end,0,2744904
227.911,compaction_end,3,42618175
227.920,compaction_begin,2,0
228.239,compaction_end,2,5338467
228.253,compaction_begin,3,0
228.441,compaction_end,3,42992652
228.453,compaction_begin,3,0
228.625,compaction_end,3,43367078
228.636,compaction_begin,3,0
228.807,compaction_end,3,42992652
228.819,compaction_begin,3,0
228.989,compaction_end,3,43367082
229.000,compaction_begin,3,0
229.171,compaction_end,3,43367078
229.180,compaction_begin,3,0
229.353,compaction_end,3,43367079
229.363,compaction_begin,3,0
229.535,compaction_end,3,42992648
229.545,compaction_begin,3,0
229.717,compaction_end,3,42618169
229.727,compaction_begin,3,0
229.900,compaction_end,3,43367081
229.911,compaction_begin,3,0
230.084,compaction_end,3,43367080
230.095,compaction_begin,3,0
230.267,compaction_end,3,42992649
230.277,compaction_begin,3,0
230.451,compaction_end,3,43367079
230.461,compaction_begin,3,0
230.633,compaction_end,3,42618173
230.643,compaction_begin,3,0
230.818,compaction_end,3,43367083
230.827,compaction_begin,3,0
231.000,compaction_end,3,43367078
231.010,compaction_begin,3,0
231.185,compaction_end,3,43367079
231.196,compaction_begin,3,0
231.932,compaction_end,3,42992654
231.942,compaction_begin,3,0
232.118,compaction_end,3,42618174
232.129,compaction_begin,3,0
232.307,compaction_end,3,43367081
232.318,compaction_begin,3,0
232.876,flush_begin,0,0
232.895,flush_end,0,2744400
233.059,compaction_end,3,41955152
233.069,compaction_begin,2,0
233.395,compaction_end,2,5421188
233.410,compaction_begin,3,0
233.621,compaction_end,3,42992652
233.633,compaction_begin,3,0
233.809,compaction_end,3,42992652
233.821,compaction_begin,3,0
234.161,compaction_end,3,43367078
234.172,compaction_begin,3,0
234.353,compaction_end,3,42992648
234.364,compaction_begin,3,0
234.546,compaction_end,3,43367082
234.557,compaction_begin,3,0
234.739,compaction_end,3,43367079
234.750,compaction_begin,3,0
234.933,compaction_end,3,43367078
234.943,compaction_begin,3,0
235.127,compaction_end,3,43367081
235.137,compaction_begin,3,0
235.320,compaction_end,3,43367078
235.331,compaction_begin,3,0
235.505,compaction_end,3,41955152
235.515,compaction_begin,3,0
235.697,compaction_end,3,43367078
235.707,compaction_begin,3,0
235.892,compaction_end,3,43367081
235.903,compaction_begin,3,0
236.699,compaction_end,3,42992649
236.710,compaction_begin,3,0
236.893,compaction_end,3,43367079
236.904,compaction_begin,3,0
237.089,compaction_end,3,43367081
237.099,compaction_begin,3,0
237.280,compaction_end,3,42618169
237.291,compaction_begin,3,0
237.453,compaction_end,3,37790165
237.463,compaction_begin,3,0
237.649,compaction_end,3,42992649
237.659,compaction_begin,3,0
238.340,flush_begin,0,0
238.351,flush_end,0,2745026
238.431,compaction_end,3,43367081
238.441,compaction_begin,2,0
238.764,compaction_end,2,5500097
238.781,compaction_begin,3,0
238.986,compaction_end,3,42992652
238.998,compaction_begin,3,0
239.173,compaction_end,3,42992652
239.185,compaction_begin,3,0
239.365,compaction_end,3,43367082
239.377,compaction_begin,3,0
239.557,compaction_end,3,43367078
239.568,compaction_begin,3,0
239.746,compaction_end,3,42618174
239.757,compaction_begin,3,0
239.940,compaction_end,3,43367081
239.950,compaction_begin,3,0
240.132,compaction_end,3,43367079
240.142,compaction_begin,3,0
240.326,compaction_end,3,43367081
240.337,compaction_begin,3,0
240.523,compaction_end,3,43367080
240.534,compaction_begin,3,0
240.723,compaction_end,3,43367078
240.734,compaction_begin,3,0
240.923,compaction_end,3,43367081
240.933,compaction_begin,3,0
241.108,compaction_end,3,43367079
241.118,compaction_begin,3,0
241.852,compaction_end,3,42992649
241.862,compaction_begin,3,0
242.039,compaction_end,3,43367079
242.049,compaction_begin,3,0
242.222,compaction_end,3,42618175
242.231,compaction_begin,3,0
242.407,compaction_end,3,42992649
242.418,compaction_begin,3,0
243.141,compaction_end,3,42618173
243.151,compaction_begin,3,0
243.325,compaction_end,3,42618173
243.336,compaction_begin,3,0
243.826,flush_begin,0,0
243.838,flush_end,0,2744652
244.073,compaction_end,3,42243698
244.084,compaction_begin,2,0
244.408,compaction_end,2,5427305
244.424,compaction_begin,3,0
244.613,compaction_end,3,42992652
244.626,compaction_begin,3,0
244.794,compaction_end,3,43367082
244.805,compaction_begin,3,0
244.974,compaction_end,3,42992652
244.985,compaction_begin,3,0
245.155,compaction_end,3,42992649
245.164,compaction_begin,3,0
245.337,compaction_end,3,43367078
245.347,compaction_begin,3,0
245.518,compaction_end,3,43367081
245.529,compaction_begin,3,0
245.703,compaction_end,3,43367078
245.714,compaction_begin,3,0
245.886,compaction_end,3,43367081
245.897,compaction_begin,3,0
246.071,compaction_end,3,43367079
246.081,compaction_begin,3,0
246.255,compaction_end,3,43367078
246.265,compaction_begin,3,0
246.440,compaction_end,3,43367079
246.450,compaction_begin,3,0
246.625,compaction_end,3,42618169
246.635,compaction_begin,3,0
246.806,compaction_end,3,41955152
246.816,compaction_begin,3,0
246.991,compaction_end,3,42992649
247.001,compaction_begin,3,0
247.176,compaction_end,3,43367080
247.187,compaction_begin,3,0
247.362,compaction_end,3,42618175
247.372,compaction_begin,3,0
248.107,compaction_end,3,42992652
248.118,compaction_begin,3,0
248.287,compaction_end,3,42618174
248.298,compaction_begin,3,0
249.031,compaction_end,3,43367079
249.041,compaction_begin,3,0
249.215,compaction_end,3,43367081
249.225,compaction_begin,3,0
249.264,flush_begin,0,0
249.276,flush_end,0,2744431
249.972,compaction_end,3,42618172
249.982,compaction_begin,2,0
250.307,compaction_end,2,5451815
250.323,compaction_begin,3,0
250.519,compaction_end,3,42992652
250.528,compaction_begin,3,0
250.698,compaction_end,3,42992652
250.713,compaction_begin,3,0
250.883,compaction_end,3,43367078
250.893,compaction_begin,3,0
251.065,compaction_end,3,43367080
251.075,compaction_begin,3,0
251.247,compaction_end,3,43367082
251.258,compaction_begin,3,0
251.435,compaction_end,3,43367079
251.445,compaction_begin,3,0
251.622,compaction_end,3,43367079
251.633,compaction_begin,3,0
251.810,compaction_end,3,43367078
251.821,compaction_begin,3,0
252.060,compaction_end,3,42618173
252.070,compaction_begin,3,0
252.243,compaction_end,3,43367081
252.253,compaction_begin,3,0
252.491,compaction_end,3,42532260
252.501,compaction_begin,3,0
253.226,compaction_end,3,42618172
253.236,compaction_begin,3,0
253.408,compaction_end,3,42618169
253.418,compaction_begin,3,0
253.554,compaction_end,3,33453457
253.565,compaction_begin,3,0
253.740,compaction_end,3,43367079
253.750,compaction_begin,3,0
253.925,compaction_end,3,43367082
253.935,compaction_begin,3,0
254.111,compaction_end,3,43367081
254.121,compaction_begin,3,0
254.293,compaction_end,3,41955151
254.304,compaction_begin,3,0
254.481,compaction_end,3,43367078
254.491,compaction_begin,3,0
254.659,flush_begin,0,0
254.670,flush_end,0,2744618
254.740,compaction_end,3,42618173
254.750,compaction_begin,2,0
255.075,compaction_end,2,5555721
255.092,compaction_begin,3,0
255.288,compaction_end,3,42992652
255.300,compaction_begin,3,0
255.468,compaction_end,3,43367082
255.479,compaction_begin,3,0
255.647,compaction_end,3,42992652
255.658,compaction_begin,3,0
255.829,compaction_end,3,42992649
255.839,compaction_begin,3,0
256.011,compaction_end,3,43367078
256.021,compaction_begin,3,0
256.194,compaction_end,3,43367081
256.204,compaction_begin,3,0
256.379,compaction_end,3,43367081
256.389,compaction_begin,3,0
256.561,compaction_end,3,41955156
256.572,compaction_begin,3,0
256.748,compaction_end,3,43367078
256.759,compaction_begin,3,0
256.935,compaction_end,3,43367081
256.945,compaction_begin,3,0
257.081,compaction_end,3,33453457
257.092,compaction_begin,3,0
257.264,compaction_end,3,42618172
257.274,compaction_begin,3,0
257.452,compaction_end,3,43367078
257.462,compaction_begin,3,0
257.637,compaction_end,3,43367079
257.648,compaction_begin,3,0
257.822,compaction_end,3,43367081
257.833,compaction_begin,3,0
258.004,compaction_end,3,42618173
258.015,compaction_begin,3,0
258.705,compaction_end,3,42618173
258.716,compaction_begin,3,0
259.404,compaction_end,3,43367083
259.414,compaction_begin,3,0
259.591,compaction_end,3,43367079
259.602,compaction_begin,3,0
259.778,compaction_end,3,43367079
259.788,compaction_begin,3,0
259.959,compaction_end,3,42618169
259.970,compaction_begin,3,0
260.110,flush_begin,0,0
260.121,flush_end,0,2744952
260.166,compaction_end,3,43367078
260.176,compaction_begin,2,0
260.503,compaction_end,2,5542145
260.519,compaction_begin,3,0
260.715,compaction_end,3,42992652
260.727,compaction_begin,3,0
260.895,compaction_end,3,42992652
260.906,compaction_begin,3,0
261.077,compaction_end,3,41955156
261.088,compaction_begin,3,0
261.263,compaction_end,3,43367082
261.274,compaction_begin,3,0
261.457,compaction_end,3,43367078
261.467,compaction_begin,3,0
261.639,compaction_end,3,42618169
261.650,compaction_begin,3,0
261.823,compaction_end,3,43367081
261.834,compaction_begin,3,0
262.009,compaction_end,3,43367078
262.019,compaction_begin,3,0
262.192,compaction_end,3,43367078
262.203,compaction_begin,3,0
262.380,compaction_end,3,43367079
262.391,compaction_begin,3,0
262.561,compaction_end,3,42618173
262.571,compaction_begin,3,0
262.744,compaction_end,3,42618173
262.754,compaction_begin,3,0
262.929,compaction_end,3,43367079
262.941,compaction_begin,3,0
263.115,compaction_end,3,43367081
263.126,compaction_begin,3,0
263.842,compaction_end,3,42243695
263.851,compaction_begin,3,0
264.026,compaction_end,3,43367081
264.036,compaction_begin,3,0
264.210,compaction_end,3,43367079
264.221,compaction_begin,3,0
264.946,compaction_end,3,43367082
264.956,compaction_begin,3,0
265.130,compaction_end,3,43367078
265.140,compaction_begin,3,0
265.548,flush_begin,0,0
265.558,flush_end,0,2744509
265.881,compaction_end,3,42618174
265.891,compaction_begin,2,0
266.218,compaction_end,2,5350668
266.234,compaction_begin,3,0
266.446,compaction_end,3,42992652
266.458,compaction_begin,3,0
266.625,compaction_end,3,42992652
266.636,compaction_begin,3,0
266.805,compaction_end,3,43367082
266.817,compaction_begin,3,0
266.990,compaction_end,3,43367078
267.000,compaction_begin,3,0
267.171,compaction_end,3,43367078
267.182,compaction_begin,3,0
267.356,compaction_end,3,43367078
267.367,compaction_begin,3,0
267.542,compaction_end,3,43367078
267.552,compaction_begin,3,0
267.725,compaction_end,3,42618169
267.735,compaction_begin,3,0
267.873,compaction_end,3,33453457
267.883,compaction_begin,3,0
268.058,compaction_end,3,43367081
268.068,compaction_begin,3,0
268.241,compaction_end,3,43367082
268.252,compaction_begin,3,0
268.425,compaction_end,3,42992649
268.435,compaction_begin,3,0
268.604,compaction_end,3,41955156
268.615,compaction_begin,3,0
268.790,compaction_end,3,43367079
268.800,compaction_begin,3,0
268.974,compaction_end,3,42618172
268.984,compaction_begin,3,0
269.156,compaction_end,3,42618173
269.166,compaction_begin,3,0
269.338,compaction_end,3,42618174
269.348,compaction_begin,3,0
270.085,compaction_end,3,43367080
270.096,compaction_begin,3,0
270.269,compaction_end,3,43367081
270.279,compaction_begin,3,0
270.453,compaction_end,3,43367078
270.463,compaction_begin,3,0
270.637,compaction_end,3,43367083
270.647,compaction_begin,3,0
270.824,compaction_end,3,43367079
270.835,compaction_begin,3,0
270.994,flush_begin,0,0
271.006,flush_end,0,2744942
271.598,compaction_end,3,43367079
271.609,compaction_begin,2,0
271.939,compaction_end,2,5382125
271.957,compaction_begin,3,0
272.158,compaction_end,3,42992652
272.170,compaction_begin,3,0
272.339,compaction_end,3,43367082
272.350,compaction_begin,3,0
272.519,compaction_end,3,42992652
272.530,compaction_begin,3,0
272.703,compaction_end,3,43367078
272.714,compaction_begin,3,0
272.888,compaction_end,3,43367081
272.898,compaction_begin,3,0
273.067,compaction_end,3,41955156
273.078,compaction_begin,3,0
273.250,compaction_end,3,43367079
273.260,compaction_begin,3,0
273.998,compaction_end,3,45457043
274.010,compaction_begin,3,0
274.184,compaction_end,3,42618169
274.194,compaction_begin,3,0
274.369,compaction_end,3,43367082
274.379,compaction_begin,3,0
274.553,compaction_end,3,43367078
274.563,compaction_begin,3,0
274.734,compaction_end,3,42618174
274.744,compaction_begin,3,0
274.918,compaction_end,3,43367078
274.929,compaction_begin,3,0
275.104,compaction_end,3,43367081
275.114,compaction_begin,3,0
275.249,compaction_end,3,33453457
275.258,compaction_begin,3,0
275.428,compaction_end,3,42618173
275.438,compaction_begin,3,0
275.611,compaction_end,3,43367078
275.621,compaction_begin,3,0
275.794,compaction_end,3,43367078
275.805,compaction_begin,3,0
275.981,compaction_end,3,43367078
275.991,compaction_begin,3,0
276.162,compaction_end,3,42992649
276.172,compaction_begin,3,0
276.405,compaction_end,3,43367078
276.415,compaction_begin,3,0
276.442,flush_begin,0,0
276.454,flush_end,0,2744441
276.605,compaction_end,3,42618173
276.615,compaction_begin,2,0
276.944,compaction_end,2,5356794
276.960,compaction_begin,3,0
277.161,compaction_end,3,42992652
277.173,compaction_begin,3,0
277.341,compaction_end,3,42992652
277.352,compaction_begin,3,0
277.523,compaction_end,3,43367082
277.534,compaction_begin,3,0
277.704,compaction_end,3,42992649
277.714,compaction_begin,3,0
277.888,compaction_end,3,43367081
277.898,compaction_begin,3,0
278.071,compaction_end,3,43367078
278.081,compaction_begin,3,0
278.255,compaction_end,3,43367078
278.265,compaction_begin,3,0
278.440,compaction_end,3,43367078
278.450,compaction_begin,3,0
278.622,compaction_end,3,43367078
278.633,compaction_begin,3,0
278.767,compaction_end,3,33453457
278.777,compaction_begin,3,0
278.952,compaction_end,3,43367079
278.962,compaction_begin,3,0
279.138,compaction_end,3,42618173
279.149,compaction_begin,3,0
279.324,compaction_end,3,43367079
279.335,compaction_begin,3,0
279.511,compaction_end,3,43367081
279.520,compaction_begin,3,0
279.694,compaction_end,3,42618169
279.706,compaction_begin,3,0
279.881,compaction_end,3,41955156
279.891,compaction_begin,3,0
280.071,compaction_end,3,43367079
280.081,compaction_begin,3,0
280.267,compaction_end,3,43367079
280.277,compaction_begin,3,0
280.452,compaction_end,3,43367083
280.463,compaction_begin,3,0
280.636,compaction_end,3,42618174
280.646,compaction_begin,3,0
280.821,compaction_end,3,43367080
280.831,compaction_begin,3,0
281.007,compaction_end,3,43367082
281.017,compaction_begin,3,0
281.194,compaction_end,3,43367081
281.204,compaction_begin,3,0
281.378,compaction_end,3,43367078
281.388,compaction_begin,3,0
281.563,compaction_end,3,43367080
281.574,compaction_begin,3,0
281.885,flush_begin,0,0
281.897,flush_end,0,2744676
282.327,compaction_end,3,43367079
282.338,compaction_begin,2,0
282.661,compaction_end,2,5424502
282.677,compaction_begin,3,0
282.879,compaction_end,3,42992652
282.892,compaction_begin,3,0
283.060,compaction_end,3,43367082
283.072,compaction_begin,3,0
283.244,compaction_end,3,43367081
283.256,compaction_begin,3,0
283.425,compaction_end,3,42992652
283.436,compaction_begin,3,0
283.605,compaction_end,3,43367078
283.615,compaction_begin,3,0
283.786,compaction_end,3,43367078
283.796,compaction_begin,3,0
283.970,compaction_end,3,43367079
283.980,compaction_begin,3,0
284.153,compaction_end,3,42618169
284.163,compaction_begin,3,0
284.336,compaction_end,3,43367081
284.346,compaction_begin,3,0
284.519,compaction_end,3,42992649
284.529,compaction_begin,3,0
284.705,compaction_end,3,43367079
284.715,compaction_begin,3,0
284.887,compaction_end,3,43367083
284.897,compaction_begin,3,0
285.070,compaction_end,3,43367079
285.080,compaction_begin,3,0
285.254,compaction_end,3,43367081
285.265,compaction_begin,3,0
285.440,compaction_end,3,43367082
285.450,compaction_begin,3,0
285.626,compaction_end,3,43367078
285.637,compaction_begin,3,0
285.999,compaction_end,3,42243695
286.009,compaction_begin,3,0
286.144,compaction_end,3,33453457
286.154,compaction_begin,3,0
286.329,compaction_end,3,43367078
286.339,compaction_begin,3,0
286.512,compaction_end,3,43367079
286.522,compaction_begin,3,0
286.693,compaction_end,3,42618173
286.703,compaction_begin,3,0
286.878,compaction_end,3,43367078
286.888,compaction_begin,3,0
287.337,flush_begin,0,0
287.350,flush_end,0,2744655
287.635,compaction_end,3,42992652
287.645,compaction_begin,2,0
287.967,compaction_end,2,5554375
287.982,compaction_begin,3,0
288.174,compaction_end,3,42992652
288.187,compaction_begin,3,0
288.354,compaction_end,3,42992652
288.365,compaction_begin,3,0
288.538,compaction_end,3,43367081
288.549,compaction_begin,3,0
288.721,compaction_end,3,43367082
288.733,compaction_begin,3,0
288.904,compaction_end,3,41955156
288.915,compaction_begin,3,0
289.091,compaction_end,3,43367078
289.101,compaction_begin,3,0
289.239,compaction_end,3,33453457
289.249,compaction_begin,3,0
289.431,compaction_end,3,43367078
289.441,compaction_begin,3,0
289.809,compaction_end,3,42618173
289.819,compaction_begin,3,0
289.993,compaction_end,3,42992649
290.003,compaction_begin,3,0
290.180,compaction_end,3,43367078
290.190,compaction_begin,3,0
290.365,compaction_end,3,43367079
290.375,compaction_begin,3,0
290.550,compaction_end,3,43367081
290.560,compaction_begin,3,0
290.736,compaction_end,3,43367081
290.746,compaction_begin,3,0
290.920,compaction_end,3,43367081
290.930,compaction_begin,3,0
291.102,compaction_end,3,42243695
291.112,compaction_begin,3,0
291.288,compaction_end,3,43367078
291.298,compaction_begin,3,0
291.472,compaction_end,3,42618174
291.482,compaction_begin,3,0
291.657,compaction_end,3,43367078
291.667,compaction_begin,3,0
291.841,compaction_end,3,43367080
291.851,compaction_begin,3,0
292.026,compaction_end,3,43367082
292.036,compaction_begin,3,0
292.207,compaction_end,3,42618173
292.215,compaction_begin,3,0
292.387,compaction_end,3,43367078
292.400,compaction_begin,3,0
292.573,compaction_end,3,43367079
292.584,compaction_begin,3,0
292.757,compaction_end,3,42992652
292.767,compaction_begin,3,0
292.785,flush_begin,0,0
292.798,flush_end,0,2744659
293.540,compaction_end,3,42992648
293.551,compaction_begin,2,0
293.875,compaction_end,2,5566629
293.890,compaction_begin,3,0
294.085,compaction_end,3,42992652
294.098,compaction_begin,3,0
294.270,compaction_end,3,43367081
294.281,compaction_begin,3,0
294.450,compaction_end,3,42992652
294.462,compaction_begin,3,0
294.632,compaction_end,3,43367082
294.643,compaction_begin,3,0
294.817,compaction_end,3,43367079
294.827,compaction_begin,3,0
294.999,compaction_end,3,43367078
295.010,compaction_begin,3,0
295.741,compaction_end,3,43367081
295.751,compaction_begin,3,0
295.922,compaction_end,3,41955156
295.932,compaction_begin,3,0
296.105,compaction_end,3,43367079
296.115,compaction_begin,3,0
296.325,compaction_end,3,43367082
296.335,compaction_begin,3,0
296.509,compaction_end,3,42243695
296.519,compaction_begin,3,0
296.655,compaction_end,3,33453457
296.665,compaction_begin,3,0
296.841,compaction_end,3,43367081
296.851,compaction_begin,3,0
297.025,compaction_end,3,42992649
297.035,compaction_begin,3,0
297.212,compaction_end,3,43367081
297.222,compaction_begin,3,0
297.968,compaction_end,3,43367079
297.983,compaction_begin,3,0
298.226,flush_begin,0,0
298.237,flush_end,0,2744518
298.719,compaction_end,3,42243694
298.729,compaction_begin,2,0
299.058,compaction_end,2,5644548
299.079,compaction_begin,3,0
299.289,compaction_end,3,42992652
299.302,compaction_begin,3,0
299.482,compaction_end,3,43367082
299.494,compaction_begin,3,0
299.670,compaction_end,3,42992652
299.683,compaction_begin,3,0
299.865,compaction_end,3,43367082
299.875,compaction_begin,3,0
300.059,compaction_end,3,43367078
300.069,compaction_begin,3,0
300.251,compaction_end,3,43367081
300.262,compaction_begin,3,0
300.443,compaction_end,3,42618173
300.453,compaction_begin,3,0
300.639,compaction_end,3,43367078
300.649,compaction_begin,3,0
300.830,compaction_end,3,42243695
300.841,compaction_begin,3,0
301.026,compaction_end,3,43367079
301.036,compaction_begin,3,0
301.221,compaction_end,3,43367081
301.231,compaction_begin,3,0
301.414,compaction_end,3,42992649
301.424,compaction_begin,3,0
301.608,compaction_end,3,43367078
301.618,compaction_begin,3,0
301.791,compaction_end,3,41955156
301.801,compaction_begin,3,0
301.981,compaction_end,3,42618174
301.991,compaction_begin,3,0
302.173,compaction_end,3,43367078
302.184,compaction_begin,3,0
302.328,compaction_end,3,33453457
302.338,compaction_begin,3,0
302.520,compaction_end,3,43367079
302.528,compaction_begin,3,0
302.767,compaction_end,3,43367079
302.779,compaction_begin,3,0
302.965,compaction_end,3,43367078
302.975,compaction_begin,3,0
303.159,compaction_end,3,43367080
303.170,compaction_begin,3,0
303.647,flush_begin,0,0
303.659,flush_end,0,2745118
303.931,compaction_end,3,43367079
303.941,compaction_begin,2,0
304.247,compaction_end,2,5625717
304.258,compaction_begin,3,0
304.436,compaction_end,3,42992652
304.448,compaction_begin,3,0
304.624,compaction_end,3,42992652
304.635,compaction_begin,3,0
304.813,compaction_end,3,43367082
304.826,compaction_begin,3,0
305.009,compaction_end,3,43367078
305.020,compaction_begin,3,0
305.201,compaction_end,3,43367081
305.212,compaction_begin,3,0
305.405,compaction_end,3,43367079
305.416,compaction_begin,3,0
305.602,compaction_end,3,43367078
305.612,compaction_begin,3,0
305.795,compaction_end,3,43367079
305.805,compaction_begin,3,0
305.988,compaction_end,3,42992649
305.998,compaction_begin,3,0
306.144,compaction_end,3,33453457
306.154,compaction_begin,3,0
306.343,compaction_end,3,43367081
306.352,compaction_begin,3,0
306.541,compaction_end,3,41955156
306.552,compaction_begin,3,0
306.730,compaction_end,3,43367082
306.740,compaction_begin,3,0
306.915,compaction_end,3,43367078
306.925,compaction_begin,3,0
307.096,compaction_end,3,42243695
307.105,compaction_begin,3,0
307.283,compaction_end,3,43367081
307.293,compaction_begin,3,0
307.468,compaction_end,3,43367078
307.479,compaction_begin,3,0
308.216,compaction_end,3,43367076
308.226,compaction_begin,3,0
308.399,compaction_end,3,42618173
308.409,compaction_begin,3,0
308.583,compaction_end,3,43367078
308.593,compaction_begin,3,0
309.063,flush_begin,0,0
309.075,flush_end,0,2744466
309.346,compaction_end,3,43367079
309.356,compaction_begin,2,0
309.673,compaction_end,2,5574970
309.688,compaction_begin,3,0
309.883,compaction_end,3,42992652
309.895,compaction_begin,3,0
310.064,compaction_end,3,42992652
310.076,compaction_begin,3,0
310.248,compaction_end,3,43367081
310.258,compaction_begin,3,0
310.431,compaction_end,3,43367078
310.442,compaction_begin,3,0
310.614,compaction_end,3,43367082
310.623,compaction_begin,3,0
310.795,compaction_end,3,43367078
310.809,compaction_begin,3,0
310.982,compaction_end,3,43367081
310.992,compaction_begin,3,0
311.165,compaction_end,3,43367079
311.175,compaction_begin,3,0
311.350,compaction_end,3,43367079
311.360,compaction_begin,3,0
311.496,compaction_end,3,33453457
311.506,compaction_begin,3,0
311.682,compaction_end,3,43367081
311.691,compaction_begin,3,0
311.869,compaction_end,3,43367079
311.879,compaction_begin,3,0
312.616,compaction_end,3,43367081
312.626,compaction_begin,3,0
312.799,compaction_end,3,43367079
312.809,compaction_begin,3,0
312.981,compaction_end,3,42243694
312.992,compaction_begin,3,0
313.166,compaction_end,3,43367079
313.176,compaction_begin,3,0
313.348,compaction_end,3,42243695
313.358,compaction_begin,3,0
314.087,compaction_end,3,43367078
314.097,compaction_begin,3,0
314.270,compaction_end,3,43367081
314.281,compaction_begin,3,0
314.456,compaction_end,3,43367078
314.467,compaction_begin,3,0
314.505,flush_begin,0,0
314.518,flush_end,0,2744868
314.659,compaction_end,3,41955156
314.669,compaction_begin,2,0
314.992,compaction_end,2,5596411
315.006,compaction_begin,3,0
315.188,compaction_end,3,42992651
315.200,compaction_begin,3,0
315.426,compaction_end,3,42992652
315.438,compaction_begin,3,0
315.607,compaction_end,3,43367079
315.620,compaction_begin,3,0
315.790,compaction_end,3,43367081
315.801,compaction_begin,3,0
315.976,compaction_end,3,43367079
315.986,compaction_begin,3,0
316.159,compaction_end,3,42243695
316.168,compaction_begin,3,0
316.349,compaction_end,3,43367080
316.360,compaction_begin,3,0
316.540,compaction_end,3,41955155
316.549,compaction_begin,3,0
316.779,compaction_end,3,43367080
316.788,compaction_begin,3,0
317.015,compaction_end,3,42618172
317.025,compaction_begin,3,0
317.198,compaction_end,3,43367079
317.208,compaction_begin,3,0
317.385,compaction_end,3,43367082
317.396,compaction_begin,3,0
317.569,compaction_end,3,43367078
317.579,compaction_begin,3,0
317.754,compaction_end,3,43367081
317.764,compaction_begin,3,0
317.882,compaction_end,3,29116749
317.892,compaction_begin,3,0
318.065,compaction_end,3,43367079
318.077,compaction_begin,3,0
318.251,compaction_end,3,43367082
318.261,compaction_begin,3,0
318.437,compaction_end,3,43367080
318.447,compaction_begin,3,0
319.123,compaction_end,3,43367081
319.134,compaction_begin,3,0
319.308,compaction_end,3,43367082
319.319,compaction_begin,3,0
319.494,compaction_end,3,43367078
319.504,compaction_begin,3,0
319.947,flush_begin,0,0
319.958,flush_end,0,2744485
320.192,compaction_end,3,42992650
320.202,compaction_begin,2,0
320.513,compaction_end,2,5600437
320.528,compaction_begin,3,0
320.725,compaction_end,3,43367080
320.737,compaction_begin,3,0
320.903,compaction_end,3,42992650
320.915,compaction_begin,3,0
321.093,compaction_end,3,43367078
321.106,compaction_begin,3,0
321.283,compaction_end,3,43367081
321.294,compaction_begin,3,0
321.470,compaction_end,3,43367079
321.481,compaction_begin,3,0
321.657,compaction_end,3,43367082
321.668,compaction_begin,3,0
321.841,compaction_end,3,42243695
321.852,compaction_begin,3,0
322.030,compaction_end,3,43367079
322.038,compaction_begin,3,0
322.214,compaction_end,3,42992653
322.227,compaction_begin,3,0
322.401,compaction_end,3,41955152
322.412,compaction_begin,3,0
323.082,compaction_end,3,42243699
323.092,compaction_begin,3,0
323.814,compaction_end,3,42618169
323.825,compaction_begin,3,0
324.003,compaction_end,3,43367079
324.014,compaction_begin,3,0
324.243,compaction_end,3,43367083
324.254,compaction_begin,3,0
324.428,compaction_end,3,43367078
324.439,compaction_begin,3,0
324.615,compaction_end,3,43367081
324.625,compaction_begin,3,0
324.805,compaction_end,3,43367079
324.816,compaction_begin,3,0
324.991,compaction_end,3,43367081
325.002,compaction_begin,3,0
325.177,compaction_end,3,43367081
325.188,compaction_begin,3,0
325.364,compaction_end,3,43367078
325.375,compaction_begin,3,0
325.386,flush_begin,0,0
325.398,flush_end,0,2744787
325.568,compaction_end,3,43367078
325.578,compaction_begin,2,0
325.906,compaction_end,2,5669980
325.922,compaction_begin,3,0
326.130,compaction_end,3,43367080
326.141,compaction_begin,3,0
326.366,compaction_end,3,42992650
326.377,compaction_begin,3,0
326.562,compaction_end,3,43367082
326.574,compaction_begin,3,0
326.752,compaction_end,3,43367078
326.763,compaction_begin,3,0
326.937,compaction_end,3,43367079
326.948,compaction_begin,3,0
327.121,compaction_end,3,43367078
327.131,compaction_begin,3,0
327.304,compaction_end,3,43367077
327.313,compaction_begin,3,0
327.484,compaction_end,3,41955152
327.494,compaction_begin,3,0
327.667,compaction_end,3,43367082
327.678,compaction_begin,3,0
327.848,compaction_end,3,42243695
327.859,compaction_begin,3,0
328.031,compaction_end,3,43367081
328.042,compaction_begin,3,0
328.177,compaction_end,3,33453457
328.187,compaction_begin,3,0
328.363,compaction_end,3,43367078
328.372,compaction_begin,3,0
328.548,compaction_end,3,43367081
328.558,compaction_begin,3,0
328.731,compaction_end,3,43367081
328.741,compaction_begin,3,0
328.917,compaction_end,3,43367079
328.927,compaction_begin,3,0
329.099,compaction_end,3,43367079
329.109,compaction_begin,3,0
329.870,compaction_end,3,44404453
329.880,compaction_begin,3,0
330.055,compaction_end,3,43367081
330.065,compaction_begin,3,0
330.237,compaction_end,3,43367079
330.248,compaction_begin,3,0
330.423,compaction_end,3,43367078
330.433,compaction_begin,3,0
330.781,flush_begin,0,0
330.792,flush_end,0,2744419
331.180,compaction_end,3,42992652
331.190,compaction_begin,2,0
331.500,compaction_end,2,5730722
331.513,compaction_begin,3,0
331.702,compaction_end,3,43367080
331.714,compaction_begin,3,0
331.883,compaction_end,3,42992651
331.895,compaction_begin,3,0
332.065,compaction_end,3,43367079
332.077,compaction_begin,3,0
332.250,compaction_end,3,43367082
332.261,compaction_begin,3,0
332.436,compaction_end,3,43367079
332.445,compaction_begin,3,0
332.622,compaction_end,3,43367081
332.632,compaction_begin,3,0
332.806,compaction_end,3,43367082
332.817,compaction_begin,3,0
332.992,compaction_end,3,43367079
333.002,compaction_begin,3,0
333.737,compaction_end,3,43367077
333.747,compaction_begin,3,0
333.921,compaction_end,3,43367079
333.932,compaction_begin,3,0
334.100,compaction_end,3,42243695
334.111,compaction_begin,3,0
334.281,compaction_end,3,41955157
334.292,compaction_begin,3,0
334.464,compaction_end,3,43367077
334.475,compaction_begin,3,0
334.649,compaction_end,3,42992651
334.659,compaction_begin,3,0
334.834,compaction_end,3,43367079
334.844,compaction_begin,3,0
335.074,compaction_end,3,43367082
335.085,compaction_begin,3,0
335.259,compaction_end,3,43367079
335.269,compaction_begin,3,0
336.021,compaction_end,3,42992649
336.032,compaction_begin,3,0
336.193,flush_begin,0,0
336.205,flush_end,0,2744705
336.226,compaction_end,3,42618169
336.237,compaction_begin,2,0
336.568,compaction_end,2,5611645
336.584,compaction_begin,3,0
336.782,compaction_end,3,43367080
336.793,compaction_begin,3,0
336.962,compaction_end,3,43367079
336.974,compaction_begin,3,0
337.144,compaction_end,3,43367082
337.156,compaction_begin,3,0
337.330,compaction_end,3,43367081
337.340,compaction_begin,3,0
337.514,compaction_end,3,43367078
337.525,compaction_begin,3,0
337.700,compaction_end,3,43367080
337.710,compaction_begin,3,0
337.885,compaction_end,3,43367078
337.896,compaction_begin,3,0
338.067,compaction_end,3,42243695
338.078,compaction_begin,3,0
338.709,compaction_end,3,43367082
338.719,compaction_begin,3,0
338.894,compaction_end,3,43367079
338.904,compaction_begin,3,0
339.079,compaction_end,3,42992651
339.090,compaction_begin,3,0
339.263,compaction_end,3,43367076
339.273,compaction_begin,3,0
339.448,compaction_end,3,43367082
339.458,compaction_begin,3,0
339.630,compaction_end,3,43367083
339.639,compaction_begin,3,0
339.812,compaction_end,3,43367079
339.823,compaction_begin,3,0
339.992,compaction_end,3,41955155
340.003,compaction_begin,3,0
340.103,compaction_end,3,24780042
340.113,compaction_begin,3,0
340.285,compaction_end,3,42992649
340.295,compaction_begin,3,0
340.468,compaction_end,3,43367077
340.479,compaction_begin,3,0
340.710,compaction_end,3,42992653
340.721,compaction_begin,3,0
340.949,compaction_end,3,43367080
340.960,compaction_begin,3,0
341.133,compaction_end,3,42618169
341.143,compaction_begin,3,0
341.602,flush_begin,0,0
341.613,flush_end,0,2744724
341.906,compaction_end,3,46205929
341.917,compaction_begin,2,0
342.222,compaction_end,2,5684036
342.235,compaction_begin,3,0
342.428,compaction_end,3,43367080
342.441,compaction_begin,3,0
342.609,compaction_end,3,43367079
342.618,compaction_begin,3,0
342.792,compaction_end,3,43367082
342.807,compaction_begin,3,0
342.976,compaction_end,3,43367077
342.986,compaction_begin,3,0
343.159,compaction_end,3,43367081
343.169,compaction_begin,3,0
343.343,compaction_end,3,43367078
343.353,compaction_begin,3,0
343.526,compaction_end,3,43367082
343.537,compaction_begin,3,0
343.704,compaction_end,3,41955151
343.715,compaction_begin,3,0
343.891,compaction_end,3,43367080
343.901,compaction_begin,3,0
344.078,compaction_end,3,42992649
344.089,compaction_begin,3,0
344.260,compaction_end,3,42618169
344.271,compaction_begin,3,0
344.445,compaction_end,3,43367082
344.453,compaction_begin,3,0
344.681,compaction_end,3,43367079
344.694,compaction_begin,3,0
344.870,compaction_end,3,43367078
344.880,compaction_begin,3,0
345.054,compaction_end,3,43367079
345.064,compaction_begin,3,0
345.294,compaction_end,3,43367081
345.304,compaction_begin,3,0
346.046,compaction_end,3,42992649
346.055,compaction_begin,3,0
346.233,compaction_end,3,42243695
346.244,compaction_begin,3,0
346.418,compaction_end,3,43367079
346.428,compaction_begin,3,0
346.601,compaction_end,3,43367084
346.611,compaction_begin,3,0
346.788,compaction_end,3,43367080
346.798,compaction_begin,3,0
346.973,compaction_end,3,43367079
346.983,compaction_begin,3,0
347.030,flush_begin,0,0
347.042,flush_end,0,2744532
347.733,compaction_end,3,42618172
347.742,compaction_begin,2,0
348.069,compaction_end,2,5731286
348.085,compaction_begin,3,0
348.284,compaction_end,3,43367080
348.297,compaction_begin,3,0
348.468,compaction_end,3,43367082
348.480,compaction_begin,3,0
348.653,compaction_end,3,43367078
348.664,compaction_begin,3,0
348.835,compaction_end,3,43367079
348.847,compaction_begin,3,0
349.018,compaction_end,3,43367078
349.028,compaction_begin,3,0
349.200,compaction_end,3,43367081
349.211,compaction_begin,3,0
349.380,compaction_end,3,42243695
349.391,compaction_begin,3,0
349.562,compaction_end,3,43367079
349.572,compaction_begin,3,0
349.745,compaction_end,3,43367079
349.756,compaction_begin,3,0
349.930,compaction_end,3,43367077
349.940,compaction_begin,3,0
350.115,compaction_end,3,43367079
350.125,compaction_begin,3,0
