t,type,level,bytes
-29.818,flush_begin,0,0
-29.809,flush_end,0,2686930
-29.798,flush_begin,0,0
-29.789,flush_end,0,2686931
-29.778,flush_begin,0,0
-29.769,flush_end,0,2686931
-29.758,flush_begin,0,0
-29.749,flush_end,0,2686931
-29.737,flush_begin,0,0
-29.728,flush_end,0,2686931
-29.717,flush_begin,0,0
-29.707,flush_end,0,2686930
-29.696,flush_begin,0,0
-29.687,flush_end,0,2686932
-29.676,flush_begin,0,0
-29.666,flush_end,0,2686930
-29.655,flush_begin,0,0
-29.645,flush_end,0,2686932
-29.634,flush_begin,0,0
-29.624,flush_end,0,2686930
-29.612,flush_begin,0,0
-29.602,flush_end,0,2686931
-29.590,flush_begin,0,0
-29.580,flush_end,0,2686931
-29.570,flush_begin,0,0
-29.560,flush_end,0,2686930
-29.548,flush_begin,0,0
-29.539,flush_end,0,2686932
-29.527,flush_begin,0,0
-29.517,flush_end,0,2686930
-29.508,flush_begin,0,0
-29.499,flush_end,0,2686931
-29.488,flush_begin,0,0
-29.479,flush_end,0,2686931
-29.468,flush_begin,0,0
-29.458,flush_end,0,2686931
-29.448,flush_begin,0,0
-29.439,flush_end,0,2686931
-29.429,flush_begin,0,0
-29.420,flush_end,0,2686931
-29.410,flush_begin,0,0
-29.401,flush_end,0,2686930
-29.390,flush_begin,0,0
-29.381,flush_end,0,2686933
-29.369,flush_begin,0,0
-29.360,flush_end,0,2686930
-29.349,flush_begin,0,0
-29.339,flush_end,0,2686932
-29.329,flush_begin,0,0
-29.320,flush_end,0,2686930
-29.309,flush_begin,0,0
-29.300,flush_end,0,2686930
-29.288,flush_begin,0,0
-29.278,flush_end,0,2686932
-29.267,flush_begin,0,0
-29.259,flush_end,0,2686930
-29.247,flush_begin,0,0
-29.238,flush_end,0,2686932
-29.226,flush_begin,0,0
-29.216,flush_end,0,2686930
-29.206,flush_begin,0,0
-29.197,flush_end,0,2686931
-29.186,flush_begin,0,0
-29.177,flush_end,0,2686931
-29.166,flush_begin,0,0
-29.156,flush_end,0,2686931
-29.146,flush_begin,0,0
-29.137,flush_end,0,2686931
-29.125,flush_begin,0,0
-29.116,flush_end,0,2686931
-29.106,flush_begin,0,0
-29.097,flush_end,0,2686930
-29.085,flush_begin,0,0
-29.077,flush_end,0,2686932
-29.066,flush_begin,0,0
-29.057,flush_end,0,2686930
-29.046,flush_begin,0,0
-29.036,flush_end,0,2686931
-29.026,flush_begin,0,0
-29.016,flush_end,0,2686931
-29.001,trivial_move,3,2686930
-28.999,flush_begin,0,0
-28.990,flush_end,0,2686930
-28.974,trivial_move,3,2686931
-28.969,flush_begin,0,0
-28.959,flush_end,0,2686932
-28.943,trivial_move,3,2686931
-28.941,flush_begin,0,0
-28.932,flush_end,0,2686930
-28.915,trivial_move,3,2686931
-28.914,flush_begin,0,0
-28.905,flush_end,0,2686933
-28.888,trivial_move,3,2686931
-28.886,flush_begin,0,0
-28.875,flush_end,0,2686930
-28.860,trivial_move,3,2686930
-28.856,flush_begin,0,0
-28.847,flush_end,0,2686931
-28.831,trivial_move,3,2686932
-28.829,flush_begin,0,0
-28.819,flush_end,0,2686931
-28.803,trivial_move,3,2686930
-28.801,flush_begin,0,0
-28.791,flush_end,0,2686931
-28.776,trivial_move,3,2686932
-28.773,flush_begin,0,0
-28.763,flush_end,0,2686931
-28.747,trivial_move,3,2686930
-28.745,flush_begin,0,0
-28.736,flush_end,0,2686930
-28.720,trivial_move,3,2686931
-28.717,flush_begin,0,0
-28.708,flush_end,0,2686930
-28.692,trivial_move,3,2686931
-28.689,flush_begin,0,0
-28.680,flush_end,0,2686931
-28.665,trivial_move,3,2686930
-28.662,flush_begin,0,0
-28.652,flush_end,0,2686931
-28.636,trivial_move,3,2686932
-28.634,flush_begin,0,0
-28.625,flush_end,0,2686931
-28.610,trivial_move,3,2686930
-28.607,flush_begin,0,0
-28.596,flush_end,0,2686931
-28.580,trivial_move,3,2686931
-28.578,flush_begin,0,0
-28.568,flush_end,0,2686930
-28.551,trivial_move,3,2686931
-28.549,flush_begin,0,0
-28.539,flush_end,0,2686932
-28.524,trivial_move,3,2686931
-28.521,flush_begin,0,0
-28.511,flush_end,0,2686930
-28.496,trivial_move,3,2686931
-28.493,flush_begin,0,0
-28.484,flush_end,0,2686932
-28.467,trivial_move,3,2686931
-28.466,flush_begin,0,0
-28.455,flush_end,0,2686930
-28.440,trivial_move,3,2686930
-28.438,flush_begin,0,0
-28.428,flush_end,0,2686931
-28.411,trivial_move,3,2686933
-28.408,flush_begin,0,0
-28.398,flush_end,0,2686931
-28.382,trivial_move,3,2686930
-28.377,flush_begin,0,0
-28.366,flush_end,0,2686930
-28.351,trivial_move,3,2686932
-28.349,flush_begin,0,0
-28.340,flush_end,0,2686932
-28.324,trivial_move,3,2686930
-28.321,flush_begin,0,0
-28.311,flush_end,0,2686930
-28.295,trivial_move,3,2686930
-28.292,flush_begin,0,0
-28.283,flush_end,0,2686932
-28.267,trivial_move,3,2686932
-28.263,flush_begin,0,0
-28.254,flush_end,0,2686931
-28.241,trivial_move,3,2686930
-28.237,flush_begin,0,0
-28.228,flush_end,0,2686931
-28.211,trivial_move,3,2686932
-28.209,flush_begin,0,0
-28.199,flush_end,0,2686931
-28.183,trivial_move,3,2686930
-28.180,flush_begin,0,0
-28.170,flush_end,0,2686931
-28.154,trivial_move,3,2686931
-28.152,flush_begin,0,0
-28.140,flush_end,0,2686930
-28.124,trivial_move,3,2686931
-28.122,flush_begin,0,0
-28.112,flush_end,0,2686932
-28.096,trivial_move,3,2686931
-28.092,flush_begin,0,0
-28.082,flush_end,0,2686930
-28.066,trivial_move,3,2686931
-28.063,flush_begin,0,0
-28.052,flush_end,0,2686932
-28.036,trivial_move,3,2686931
-28.034,flush_begin,0,0
-28.024,flush_end,0,2686930
-28.008,trivial_move,3,2686930
-28.003,flush_begin,0,0
-27.993,flush_end,0,2686930
-27.977,trivial_move,3,2686932
-27.973,flush_begin,0,0
-27.964,flush_end,0,2686932
-27.949,trivial_move,3,2686930
-27.945,flush_begin,0,0
-27.935,flush_end,0,2686930
-27.921,trivial_move,3,2686931
-27.918,flush_begin,0,0
-27.909,flush_end,0,2686932
-27.893,trivial_move,3,2686931
-27.891,flush_begin,0,0
-27.881,flush_end,0,2686930
-27.865,trivial_move,3,2686930
-27.862,flush_begin,0,0
-27.853,flush_end,0,2686931
-27.837,trivial_move,3,2686932
-27.835,flush_begin,0,0
-27.825,flush_end,0,2686931
-27.809,trivial_move,3,2686930
-27.806,flush_begin,0,0
-27.796,flush_end,0,2686931
-27.780,trivial_move,3,2686933
-27.777,flush_begin,0,0
-27.767,flush_end,0,2686931
-27.751,trivial_move,3,2686930
-27.748,flush_begin,0,0
-27.738,flush_end,0,2686931
-27.722,trivial_move,3,2686931
-27.719,flush_begin,0,0
-27.709,flush_end,0,2686930
-27.693,trivial_move,3,2686931
-27.690,flush_begin,0,0
-27.679,flush_end,0,2686933
-27.663,trivial_move,3,2686931
-27.662,flush_begin,0,0
-27.652,flush_end,0,2686930
-27.636,trivial_move,3,2686931
-27.633,flush_begin,0,0
-27.623,flush_end,0,2686931
-27.607,trivial_move,3,2686930
-27.604,flush_begin,0,0
-27.593,flush_end,0,2686931
-27.577,trivial_move,3,2686930
-27.574,flush_begin,0,0
-27.563,flush_end,0,2686930
-27.549,trivial_move,3,2686931
-27.544,flush_begin,0,0
-27.534,flush_end,0,2686932
-27.518,trivial_move,3,2686931
-27.515,flush_begin,0,0
-27.505,flush_end,0,2686930
-27.489,trivial_move,3,2686931
-27.485,flush_begin,0,0
-27.474,flush_end,0,2686932
-27.459,trivial_move,3,2686931
-27.455,flush_begin,0,0
-27.445,flush_end,0,2686930
-27.430,trivial_move,3,2686930
-27.426,flush_begin,0,0
-27.415,flush_end,0,2686931
-27.400,trivial_move,3,2686932
-27.396,flush_begin,0,0
-27.386,flush_end,0,2686931
-27.370,trivial_move,3,2686930
-27.366,flush_begin,0,0
-27.356,flush_end,0,2686931
-27.340,trivial_move,3,2686932
-27.337,flush_begin,0,0
-27.325,flush_end,0,2686931
-27.310,trivial_move,3,2686930
-27.307,flush_begin,0,0
-27.296,flush_end,0,2686930
-27.280,trivial_move,3,2686931
-27.277,flush_begin,0,0
-27.267,flush_end,0,2686930
-27.251,trivial_move,3,2686931
-27.247,flush_begin,0,0
-27.236,flush_end,0,2686931
-27.219,trivial_move,3,2686930
-27.217,flush_begin,0,0
-27.206,flush_end,0,2686931
-27.191,trivial_move,3,2686932
-27.186,flush_begin,0,0
-27.174,flush_end,0,2686931
-27.158,trivial_move,3,2686930
-27.154,flush_begin,0,0
-27.143,flush_end,0,2686931
-27.128,trivial_move,3,2686932
-27.124,flush_begin,0,0
-27.114,flush_end,0,2686930
-27.098,trivial_move,3,2686931
-27.094,flush_begin,0,0
-27.082,flush_end,0,2686932
-27.066,trivial_move,3,2686931
-27.063,flush_begin,0,0
-27.053,flush_end,0,2686930
-27.037,trivial_move,3,2686931
-27.035,flush_begin,0,0
-27.023,flush_end,0,2686933
-27.007,trivial_move,3,2686931
-27.006,flush_begin,0,0
-26.995,flush_end,0,2686930
-26.979,trivial_move,3,2686930
-26.976,flush_begin,0,0
-26.966,flush_end,0,2686931
-26.950,trivial_move,3,2686932
-26.947,flush_begin,0,0
-26.935,flush_end,0,2686931
-26.920,trivial_move,3,2686930
-26.917,flush_begin,0,0
-26.905,flush_end,0,2686930
-26.890,trivial_move,3,2686932
-26.888,flush_begin,0,0
-26.877,flush_end,0,2686932
-26.861,trivial_move,3,2686930
-26.856,flush_begin,0,0
-26.844,flush_end,0,2686930
-26.828,trivial_move,3,2686930
-26.822,flush_begin,0,0
-26.811,flush_end,0,2686931
-26.795,trivial_move,3,2686932
-26.790,flush_begin,0,0
-26.779,flush_end,0,2686931
-26.762,trivial_move,3,2686930
-26.758,flush_begin,0,0
-26.747,flush_end,0,2686931
-26.730,trivial_move,3,2686932
-26.729,flush_begin,0,0
-26.719,flush_end,0,2686931
-26.703,trivial_move,3,2686930
-26.699,flush_begin,0,0
-26.688,flush_end,0,2686931
-26.672,trivial_move,3,2686931
-26.668,flush_begin,0,0
-26.657,flush_end,0,2686930
-26.642,trivial_move,3,2686931
-26.638,flush_begin,0,0
-26.627,flush_end,0,2686932
-26.611,trivial_move,3,2686931
-26.607,flush_begin,0,0
-26.596,flush_end,0,2686930
-26.579,trivial_move,3,2686931
-26.578,flush_begin,0,0
-26.566,flush_end,0,2686932
-26.550,trivial_move,3,2686931
-26.549,flush_begin,0,0
-26.538,flush_end,0,2686930
-26.522,trivial_move,3,2686930
-26.520,flush_begin,0,0
-26.509,flush_end,0,2686930
-26.493,trivial_move,3,2686933
-26.490,flush_begin,0,0
-26.479,flush_end,0,2686932
-26.464,trivial_move,3,2686930
-26.461,flush_begin,0,0
-26.450,flush_end,0,2686930
-26.435,trivial_move,3,2686931
-26.432,flush_begin,0,0
-26.420,flush_end,0,2686932
-26.405,trivial_move,3,2686931
-26.402,flush_begin,0,0
-26.391,flush_end,0,2686930
-26.376,trivial_move,3,2686930
-26.371,flush_begin,0,0
-26.361,flush_end,0,2686932
-26.345,trivial_move,3,2686932
-26.341,flush_begin,0,0
-26.330,flush_end,0,2686931
-26.314,trivial_move,3,2686930
-26.311,flush_begin,0,0
-26.301,flush_end,0,2686931
-26.285,trivial_move,3,2686932
-26.282,flush_begin,0,0
-26.272,flush_end,0,2686931
-26.256,trivial_move,3,2686930
-26.252,flush_begin,0,0
-26.241,flush_end,0,2686931
-26.225,trivial_move,3,2686931
-26.223,flush_begin,0,0
-26.212,flush_end,0,2686930
-26.196,trivial_move,3,2686931
-26.196,flush_begin,0,0
-26.186,flush_end,0,2686932
-26.171,trivial_move,3,2686931
-26.168,flush_begin,0,0
-26.158,flush_end,0,2686930
-26.142,trivial_move,3,2686931
-26.140,flush_begin,0,0
-26.131,flush_end,0,2686931
-26.115,trivial_move,3,2686930
-26.111,flush_begin,0,0
-26.102,flush_end,0,2686931
-26.086,trivial_move,3,2686930
-26.082,flush_begin,0,0
-26.073,flush_end,0,2686930
-26.056,trivial_move,3,2686931
-26.053,flush_begin,0,0
-26.043,flush_end,0,2686932
-26.027,trivial_move,3,2686931
-26.025,flush_begin,0,0
-26.015,flush_end,0,2686930
-25.999,trivial_move,3,2686931
-25.996,flush_begin,0,0
-25.986,flush_end,0,2686932
-25.970,trivial_move,3,2686931
-25.968,flush_begin,0,0
-25.958,flush_end,0,2686930
-25.942,trivial_move,3,2686930
-25.940,flush_begin,0,0
-25.929,flush_end,0,2686931
-25.914,trivial_move,3,2686932
-25.911,flush_begin,0,0
-25.901,flush_end,0,2686931
-25.885,trivial_move,3,2686930
-25.882,flush_begin,0,0
-25.872,flush_end,0,2686931
-25.856,trivial_move,3,2686933
-25.853,flush_begin,0,0
-25.843,flush_end,0,2686931
-25.827,trivial_move,3,2686930
-25.824,flush_begin,0,0
-25.814,flush_end,0,2686930
-25.798,trivial_move,3,2686931
-25.796,flush_begin,0,0
-25.785,flush_end,0,2686930
-25.768,trivial_move,3,2686931
-25.766,flush_begin,0,0
-25.755,flush_end,0,2686931
-25.739,trivial_move,3,2686930
-25.735,flush_begin,0,0
-25.725,flush_end,0,2686932
-25.710,trivial_move,3,2686932
-25.706,flush_begin,0,0
-25.695,flush_end,0,2686931
-25.679,trivial_move,3,2686930
-25.675,flush_begin,0,0
-25.664,flush_end,0,2686931
-25.648,trivial_move,3,2686931
-25.645,flush_begin,0,0
-25.634,flush_end,0,2686930
-25.618,trivial_move,3,2686931
-25.615,flush_begin,0,0
-25.604,flush_end,0,2686932
-25.589,trivial_move,3,2686931
-25.586,flush_begin,0,0
-25.574,flush_end,0,2686930
-25.559,trivial_move,3,2686931
-25.556,flush_begin,0,0
-25.544,flush_end,0,2686932
-25.529,trivial_move,3,2686931
-25.524,flush_begin,0,0
-25.514,flush_end,0,2686930
-25.498,trivial_move,3,2686930
-25.495,flush_begin,0,0
-25.484,flush_end,0,2686931
-25.468,trivial_move,3,2686932
-25.464,flush_begin,0,0
-25.453,flush_end,0,2686931
-25.438,trivial_move,3,2686930
-25.435,flush_begin,0,0
-25.423,flush_end,0,2686930
-25.408,trivial_move,3,2686932
-25.404,flush_begin,0,0
-25.393,flush_end,0,2686932
-25.378,trivial_move,3,2686930
-25.374,flush_begin,0,0
-25.362,flush_end,0,2686930
-25.347,trivial_move,3,2686930
-25.344,flush_begin,0,0
-25.333,flush_end,0,2686931
-25.316,trivial_move,3,2686932
-25.313,flush_begin,0,0
-25.301,flush_end,0,2686931
-25.286,trivial_move,3,2686930
-25.282,flush_begin,0,0
-25.271,flush_end,0,2686931
-25.255,trivial_move,3,2686932
-25.252,flush_begin,0,0
-25.241,flush_end,0,2686931
-25.225,trivial_move,3,2686930
-25.222,flush_begin,0,0
-25.210,flush_end,0,2686931
-25.195,trivial_move,3,2686932
-25.193,flush_begin,0,0
-25.182,flush_end,0,2686930
-25.167,trivial_move,3,2686931
-25.163,flush_begin,0,0
-25.151,flush_end,0,2686932
-25.135,trivial_move,3,2686931
-25.131,flush_begin,0,0
-25.121,flush_end,0,2686930
-25.105,trivial_move,3,2686931
-25.101,flush_begin,0,0
-25.090,flush_end,0,2686933
-25.074,trivial_move,3,2686931
-25.071,flush_begin,0,0
-25.060,flush_end,0,2686930
-25.045,trivial_move,3,2686930
-25.041,flush_begin,0,0
-25.031,flush_end,0,2686930
-25.015,trivial_move,3,2686932
-25.013,flush_begin,0,0
-25.002,flush_end,0,2686932
-24.986,trivial_move,3,2686930
-24.983,flush_begin,0,0
-24.972,flush_end,0,2686930
-24.955,trivial_move,3,2686931
-24.953,flush_begin,0,0
-24.942,flush_end,0,2686932
-24.926,trivial_move,3,2686931
-24.922,flush_begin,0,0
-24.911,flush_end,0,2686930
-24.895,trivial_move,3,2686930
-24.893,flush_begin,0,0
-24.881,flush_end,0,2686931
-24.865,trivial_move,3,2686932
-24.863,flush_begin,0,0
-24.852,flush_end,0,2686931
-24.837,trivial_move,3,2686930
-24.833,flush_begin,0,0
-24.823,flush_end,0,2686931
-24.808,trivial_move,3,2686932
-24.805,flush_begin,0,0
-24.795,flush_end,0,2686931
-24.777,trivial_move,3,2686930
-24.774,flush_begin,0,0
-24.763,flush_end,0,2686931
-24.747,trivial_move,3,2686931
-24.744,flush_begin,0,0
-24.733,flush_end,0,2686930
-24.716,trivial_move,3,2686931
-24.713,flush_begin,0,0
-24.702,flush_end,0,2686932
-24.686,trivial_move,3,2686931
-24.683,flush_begin,0,0
-24.671,flush_end,0,2686930
-24.656,trivial_move,3,2686931
-24.653,flush_begin,0,0
-24.642,flush_end,0,2686931
-24.626,trivial_move,3,2686930
-24.622,flush_begin,0,0
-24.612,flush_end,0,2686931
-24.595,trivial_move,3,2686930
-24.592,flush_begin,0,0
-24.581,flush_end,0,2686930
-24.566,trivial_move,3,2686931
-24.562,flush_begin,0,0
-24.550,flush_end,0,2686932
-24.535,trivial_move,3,2686932
-24.531,flush_begin,0,0
-24.521,flush_end,0,2686930
-24.505,trivial_move,3,2686931
-24.502,flush_begin,0,0
-24.491,flush_end,0,2686932
-24.475,trivial_move,3,2686931
-24.471,flush_begin,0,0
-24.461,flush_end,0,2686930
-24.446,trivial_move,3,2686930
-24.443,flush_begin,0,0
-24.433,flush_end,0,2686932
-24.417,trivial_move,3,2686932
-24.413,flush_begin,0,0
-24.403,flush_end,0,2686931
-24.387,trivial_move,3,2686930
-24.384,flush_begin,0,0
-24.372,flush_end,0,2686931
-24.355,trivial_move,3,2686932
-24.354,flush_begin,0,0
-24.343,flush_end,0,2686931
-24.326,trivial_move,3,2686930
-24.324,flush_begin,0,0
-24.313,flush_end,0,2686930
-24.297,trivial_move,3,2686931
-24.295,flush_begin,0,0
-24.284,flush_end,0,2686930
-24.269,trivial_move,3,2686931
-24.265,flush_begin,0,0
-24.255,flush_end,0,2686931
-24.238,trivial_move,3,2686930
-24.234,flush_begin,0,0
-24.223,flush_end,0,2686931
-24.207,trivial_move,3,2686932
-24.204,flush_begin,0,0
-24.193,flush_end,0,2686931
-24.177,trivial_move,3,2686930
-24.173,flush_begin,0,0
-24.162,flush_end,0,2686931
-24.145,trivial_move,3,2686931
-24.143,flush_begin,0,0
-24.132,flush_end,0,2686930
-24.115,trivial_move,3,2686931
-24.112,flush_begin,0,0
-24.102,flush_end,0,2686932
-24.085,trivial_move,3,2686931
-24.081,flush_begin,0,0
-24.070,flush_end,0,2686930
-24.054,trivial_move,3,2686931
-24.051,flush_begin,0,0
-24.039,flush_end,0,2686932
-24.024,trivial_move,3,2686931
-24.021,flush_begin,0,0
-24.010,flush_end,0,2686930
-23.995,trivial_move,3,2686930
-23.991,flush_begin,0,0
-23.980,flush_end,0,2686931
-23.964,trivial_move,3,2686932
-23.961,flush_begin,0,0
-23.950,flush_end,0,2686931
-23.935,trivial_move,3,2686930
-23.931,flush_begin,0,0
-23.921,flush_end,0,2686930
-23.905,trivial_move,3,2686933
-23.902,flush_begin,0,0
-23.892,flush_end,0,2686932
-23.876,trivial_move,3,2686930
-23.873,flush_begin,0,0
-23.862,flush_end,0,2686930
-23.847,trivial_move,3,2686930
-23.845,flush_begin,0,0
-23.835,flush_end,0,2686931
-23.819,trivial_move,3,2686932
-23.816,flush_begin,0,0
-23.805,flush_end,0,2686931
-23.790,trivial_move,3,2686930
-23.787,flush_begin,0,0
-23.778,flush_end,0,2686933
-23.762,trivial_move,3,2686932
-23.758,flush_begin,0,0
-23.746,flush_end,0,2686931
-23.731,trivial_move,3,2686930
-23.728,flush_begin,0,0
-23.718,flush_end,0,2686931
-23.701,trivial_move,3,2686931
-23.699,flush_begin,0,0
-23.688,flush_end,0,2686930
-23.672,trivial_move,3,2686931
-23.670,flush_begin,0,0
-23.658,flush_end,0,2686932
-23.642,trivial_move,3,2686931
-23.640,flush_begin,0,0
-23.629,flush_end,0,2686930
-23.612,trivial_move,3,2686931
-23.609,flush_begin,0,0
-23.597,flush_end,0,2686932
-23.582,trivial_move,3,2686931
-23.578,flush_begin,0,0
-23.567,flush_end,0,2686930
-23.552,trivial_move,3,2686930
-23.549,flush_begin,0,0
-23.538,flush_end,0,2686930
-23.522,trivial_move,3,2686932
-23.520,flush_begin,0,0
-23.510,flush_end,0,2686932
-23.493,trivial_move,3,2686930
-23.492,flush_begin,0,0
-23.482,flush_end,0,2686930
-23.465,trivial_move,3,2686931
-23.464,flush_begin,0,0
-23.452,flush_end,0,2686932
-23.436,trivial_move,3,2686931
-23.434,flush_begin,0,0
-23.424,flush_end,0,2686930
-23.407,trivial_move,3,2686930
-23.405,flush_begin,0,0
-23.394,flush_end,0,2686931
-23.378,trivial_move,3,2686932
-23.373,flush_begin,0,0
-23.363,flush_end,0,2686931
-23.347,trivial_move,3,2686930
-23.345,flush_begin,0,0
-23.334,flush_end,0,2686931
-23.318,trivial_move,3,2686932
-23.317,flush_begin,0,0
-23.306,flush_end,0,2686931
-23.292,trivial_move,3,2686930
-23.289,flush_begin,0,0
-23.280,flush_end,0,2686931
-23.264,trivial_move,3,2686932
-23.262,flush_begin,0,0
-23.251,flush_end,0,2686930
-23.235,trivial_move,3,2686931
-23.234,flush_begin,0,0
-23.223,flush_end,0,2686932
-23.207,trivial_move,3,2686931
-23.207,flush_begin,0,0
-23.197,flush_end,0,2686930
-23.182,trivial_move,3,2686931
-23.178,flush_begin,0,0
-23.167,flush_end,0,2686931
-23.150,trivial_move,3,2686930
-23.149,flush_begin,0,0
-23.140,flush_end,0,2686932
-23.123,trivial_move,3,2686930
-23.120,flush_begin,0,0
-23.110,flush_end,0,2686930
-23.094,trivial_move,3,2686931
-23.090,flush_begin,0,0
-23.080,flush_end,0,2686932
-23.063,trivial_move,3,2686931
-23.059,flush_begin,0,0
-23.049,flush_end,0,2686930
-23.033,trivial_move,3,2686931
-23.029,flush_begin,0,0
-23.019,flush_end,0,2686932
-23.004,trivial_move,3,2686931
-23.002,flush_begin,0,0
-22.992,flush_end,0,2686930
-22.976,trivial_move,3,2686930
-22.973,flush_begin,0,0
-22.963,flush_end,0,2686931
-22.947,trivial_move,3,2686932
-22.945,flush_begin,0,0
-22.934,flush_end,0,2686931
-22.919,trivial_move,3,2686930
-22.917,flush_begin,0,0
-22.907,flush_end,0,2686931
-22.891,trivial_move,3,2686932
-22.888,flush_begin,0,0
-22.877,flush_end,0,2686931
-22.861,trivial_move,3,2686930
-22.858,flush_begin,0,0
-22.846,flush_end,0,2686930
-22.831,trivial_move,3,2686931
-22.828,flush_begin,0,0
-22.817,flush_end,0,2686930
-22.801,trivial_move,3,2686931
-22.798,flush_begin,0,0
-22.788,flush_end,0,2686931
-22.772,trivial_move,3,2686930
-22.767,flush_begin,0,0
-22.756,flush_end,0,2686931
-22.740,trivial_move,3,2686932
-22.735,flush_begin,0,0
-22.725,flush_end,0,2686931
-22.710,trivial_move,3,2686930
-22.707,flush_begin,0,0
-22.697,flush_end,0,2686931
-22.679,trivial_move,3,2686931
-22.676,flush_begin,0,0
-22.666,flush_end,0,2686930
-22.649,trivial_move,3,2686931
-22.646,flush_begin,0,0
-22.636,flush_end,0,2686932
-22.620,trivial_move,3,2686933
-22.615,flush_begin,0,0
-22.604,flush_end,0,2686930
-22.587,trivial_move,3,2686931
-22.582,flush_begin,0,0
-22.571,flush_end,0,2686932
-22.556,trivial_move,3,2686931
-22.553,flush_begin,0,0
-22.544,flush_end,0,2686930
-22.528,trivial_move,3,2686930
-22.525,flush_begin,0,0
-22.515,flush_end,0,2686932
-22.500,trivial_move,3,2686932
-22.498,flush_begin,0,0
-22.487,flush_end,0,2686931
-22.472,trivial_move,3,2686930
-22.469,flush_begin,0,0
-22.461,flush_end,0,2686930
-22.445,trivial_move,3,2686932
-22.442,flush_begin,0,0
-22.432,flush_end,0,2686932
-22.418,trivial_move,3,2686930
-22.416,flush_begin,0,0
-22.398,flush_end,0,2686930
-22.384,trivial_move,3,2686930
-22.382,flush_begin,0,0
-22.372,flush_end,0,2686931
-22.356,trivial_move,3,2686932
-22.354,flush_begin,0,0
-22.345,flush_end,0,2686931
-22.329,trivial_move,3,2686930
-22.327,flush_begin,0,0
-22.318,flush_end,0,2686931
-22.302,trivial_move,3,2686932
-22.300,flush_begin,0,0
-22.291,flush_end,0,2686931
-22.277,trivial_move,3,2686930
-22.274,flush_begin,0,0
-22.265,flush_end,0,2686931
-22.250,trivial_move,3,2686931
-22.248,flush_begin,0,0
-22.238,flush_end,0,2686930
-22.225,trivial_move,3,2686931
-22.222,flush_begin,0,0
-22.212,flush_end,0,2686932
-22.197,trivial_move,3,2686931
-22.195,flush_begin,0,0
-22.185,flush_end,0,2686930
-22.169,trivial_move,3,2686931
-22.168,flush_begin,0,0
-22.158,flush_end,0,2686932
-22.144,trivial_move,3,2686931
-22.142,flush_begin,0,0
-22.132,flush_end,0,2686930
-22.117,trivial_move,3,2686930
-22.115,flush_begin,0,0
-22.106,flush_end,0,2686930
-22.092,trivial_move,3,2686932
-22.089,flush_begin,0,0
-22.081,flush_end,0,2686932
-22.066,trivial_move,3,2686930
-22.063,flush_begin,0,0
-22.054,flush_end,0,2686930
-22.040,trivial_move,3,2686931
-22.038,flush_begin,0,0
-22.029,flush_end,0,2686932
-22.013,trivial_move,3,2686932
-22.011,flush_begin,0,0
-22.002,flush_end,0,2686930
-21.987,trivial_move,3,2686930
-21.986,flush_begin,0,0
-21.976,flush_end,0,2686931
-21.961,trivial_move,3,2686932
-21.959,flush_begin,0,0
-21.950,flush_end,0,2686931
-21.934,trivial_move,3,2686930
-21.931,flush_begin,0,0
-21.921,flush_end,0,2686932
-21.906,trivial_move,3,2686932
-21.903,flush_begin,0,0
-21.893,flush_end,0,2686931
-21.878,trivial_move,3,2686930
-21.875,flush_begin,0,0
-21.865,flush_end,0,2686931
-21.849,trivial_move,3,2686931
-21.847,flush_begin,0,0
-21.837,flush_end,0,2686930
-21.820,trivial_move,3,2686931
-21.818,flush_begin,0,0
-21.808,flush_end,0,2686932
-21.793,trivial_move,3,2686931
-21.790,flush_begin,0,0
-21.779,flush_end,0,2686930
-21.763,trivial_move,3,2686931
-21.761,flush_begin,0,0
-21.750,flush_end,0,2686931
-21.734,trivial_move,3,2686930
-21.733,flush_begin,0,0
-21.723,flush_end,0,2686931
-21.707,trivial_move,3,2686930
-21.705,flush_begin,0,0
-21.694,flush_end,0,2686930
-21.679,trivial_move,3,2686931
-21.676,flush_begin,0,0
-21.666,flush_end,0,2686932
-21.651,trivial_move,3,2686931
-21.647,flush_begin,0,0
-21.637,flush_end,0,2686930
-21.621,trivial_move,3,2686931
-21.617,flush_begin,0,0
-21.606,flush_end,0,2686932
-21.580,trivial_move,3,2686931
-21.577,flush_begin,0,0
-21.561,flush_end,0,2686930
-21.545,trivial_move,3,2686930
-21.542,flush_begin,0,0
-21.530,flush_end,0,2686931
-21.516,trivial_move,3,2686932
-21.511,flush_begin,0,0
-21.500,flush_end,0,2686931
-21.483,trivial_move,3,2686930
-21.479,flush_begin,0,0
-21.468,flush_end,0,2686931
-21.452,trivial_move,3,2686932
-21.449,flush_begin,0,0
-21.437,flush_end,0,2686931
-21.422,trivial_move,3,2686930
-21.418,flush_begin,0,0
-21.408,flush_end,0,2686930
-21.392,trivial_move,3,2686932
-21.387,flush_begin,0,0
-21.376,flush_end,0,2686930
-21.361,trivial_move,3,2686931
-21.358,flush_begin,0,0
-21.346,flush_end,0,2686931
-21.331,trivial_move,3,2686930
-21.327,flush_begin,0,0
-21.317,flush_end,0,2686931
-21.301,trivial_move,3,2686932
-21.296,flush_begin,0,0
-21.285,flush_end,0,2686931
-21.269,trivial_move,3,2686930
-21.266,flush_begin,0,0
-21.255,flush_end,0,2686932
-21.239,trivial_move,3,2686931
-21.236,flush_begin,0,0
-21.226,flush_end,0,2686930
-21.210,trivial_move,3,2686931
-21.206,flush_begin,0,0
-21.195,flush_end,0,2686932
-21.179,trivial_move,3,2686931
-21.176,flush_begin,0,0
-21.164,flush_end,0,2686930
-21.147,trivial_move,3,2686931
-21.145,flush_begin,0,0
-21.133,flush_end,0,2686932
-21.118,trivial_move,3,2686931
-21.113,flush_begin,0,0
-21.103,flush_end,0,2686930
-21.087,trivial_move,3,2686930
-21.083,flush_begin,0,0
-21.073,flush_end,0,2686931
-21.057,trivial_move,3,2686932
-21.053,flush_begin,0,0
-21.042,flush_end,0,2686931
-21.027,trivial_move,3,2686930
-21.023,flush_begin,0,0
-21.012,flush_end,0,2686930
-20.995,trivial_move,3,2686932
-20.994,flush_begin,0,0
-20.983,flush_end,0,2686932
-20.967,trivial_move,3,2686930
-20.965,flush_begin,0,0
-20.954,flush_end,0,2686930
-20.939,trivial_move,3,2686930
-20.936,flush_begin,0,0
-20.924,flush_end,0,2686931
-20.908,trivial_move,3,2686932
-20.906,flush_begin,0,0
-20.894,flush_end,0,2686931
-20.878,trivial_move,3,2686930
-20.874,flush_begin,0,0
-20.864,flush_end,0,2686931
-20.848,trivial_move,3,2686932
-20.845,flush_begin,0,0
-20.833,flush_end,0,2686931
-20.817,trivial_move,3,2686930
-20.814,flush_begin,0,0
-20.804,flush_end,0,2686931
-20.787,trivial_move,3,2686931
-20.785,flush_begin,0,0
-20.774,flush_end,0,2686930
-20.759,trivial_move,3,2686931
-20.755,flush_begin,0,0
-20.745,flush_end,0,2686932
-20.728,trivial_move,3,2686932
-20.724,flush_begin,0,0
-20.712,flush_end,0,2686930
-20.697,trivial_move,3,2686931
-20.694,flush_begin,0,0
-20.683,flush_end,0,2686932
-20.668,trivial_move,3,2686931
-20.664,flush_begin,0,0
-20.654,flush_end,0,2686930
-20.637,trivial_move,3,2686930
-20.634,flush_begin,0,0
-20.623,flush_end,0,2686930
-20.607,trivial_move,3,2686932
-20.604,flush_begin,0,0
-20.594,flush_end,0,2686933
-20.578,trivial_move,3,2686930
-20.572,flush_begin,0,0
-20.561,flush_end,0,2686930
-20.545,trivial_move,3,2686931
-20.542,flush_begin,0,0
-20.532,flush_end,0,2686932
-20.515,trivial_move,3,2686931
-20.511,flush_begin,0,0
-20.500,flush_end,0,2686930
-20.484,trivial_move,3,2686930
-20.480,flush_begin,0,0
-20.471,flush_end,0,2686931
-20.454,trivial_move,3,2686932
-20.450,flush_begin,0,0
-20.439,flush_end,0,2686931
-20.424,trivial_move,3,2686930
-20.420,flush_begin,0,0
-20.409,flush_end,0,2686931
-20.393,trivial_move,3,2686932
-20.389,flush_begin,0,0
-20.378,flush_end,0,2686931
-20.362,trivial_move,3,2686930
-20.359,flush_begin,0,0
-20.349,flush_end,0,2686931
-20.333,trivial_move,3,2686931
-20.330,flush_begin,0,0
-20.320,flush_end,0,2686930
-20.305,trivial_move,3,2686931
-20.301,flush_begin,0,0
-20.292,flush_end,0,2686932
-20.275,trivial_move,3,2686931
-20.272,flush_begin,0,0
-20.263,flush_end,0,2686930
-20.247,trivial_move,3,2686931
-20.243,flush_begin,0,0
-20.232,flush_end,0,2686931
-20.216,trivial_move,3,2686930
-20.212,flush_begin,0,0
-20.202,flush_end,0,2686931
-20.185,trivial_move,3,2686930
-20.182,flush_begin,0,0
-20.171,flush_end,0,2686930
-20.155,trivial_move,3,2686931
-20.153,flush_begin,0,0
-20.143,flush_end,0,2686932
-20.127,trivial_move,3,2686931
-20.122,flush_begin,0,0
-20.112,flush_end,0,2686930
-20.095,trivial_move,3,2686931
-20.092,flush_begin,0,0
-20.082,flush_end,0,2686932
-20.065,trivial_move,3,2686932
-20.062,flush_begin,0,0
-20.051,flush_end,0,2686930
-20.036,trivial_move,3,2686930
-20.032,flush_begin,0,0
-20.021,flush_end,0,2686931
-20.005,trivial_move,3,2686932
-20.002,flush_begin,0,0
-19.991,flush_end,0,2686931
-19.975,trivial_move,3,2686930
-19.972,flush_begin,0,0
-19.961,flush_end,0,2686932
-19.945,trivial_move,3,2686932
-19.942,flush_begin,0,0
-19.931,flush_end,0,2686931
-19.917,trivial_move,3,2686930
-19.912,flush_begin,0,0
-19.901,flush_end,0,2686930
-19.886,trivial_move,3,2686931
-19.883,flush_begin,0,0
-19.872,flush_end,0,2686930
-19.856,trivial_move,3,2686931
-19.854,flush_begin,0,0
-19.843,flush_end,0,2686931
-19.828,trivial_move,3,2686930
-19.825,flush_begin,0,0
-19.814,flush_end,0,2686931
-19.798,trivial_move,3,2686932
-19.795,flush_begin,0,0
-19.784,flush_end,0,2686931
-19.762,trivial_move,3,2686930
-19.759,flush_begin,0,0
-19.748,flush_end,0,2686931
-19.732,trivial_move,3,2686931
-19.729,flush_begin,0,0
-19.716,flush_end,0,2686930
-19.700,trivial_move,3,2686931
-19.699,flush_begin,0,0
-19.687,flush_end,0,2686932
-19.671,trivial_move,3,2686931
-19.667,flush_begin,0,0
-19.656,flush_end,0,2686930
-19.640,trivial_move,3,2686931
-19.636,flush_begin,0,0
-19.625,flush_end,0,2686932
-19.611,trivial_move,3,2686931
-19.608,flush_begin,0,0
-19.600,flush_end,0,2686930
-19.581,trivial_move,3,2686930
-19.577,flush_begin,0,0
-19.566,flush_end,0,2686931
-19.550,trivial_move,3,2686932
-19.546,flush_begin,0,0
-19.535,flush_end,0,2686931
-19.519,trivial_move,3,2686930
-19.515,flush_begin,0,0
-19.504,flush_end,0,2686930
-19.489,trivial_move,3,2686932
-19.485,flush_begin,0,0
-19.474,flush_end,0,2686932
-19.458,trivial_move,3,2686930
-19.454,flush_begin,0,0
-19.444,flush_end,0,2686930
-19.428,trivial_move,3,2686930
-19.425,flush_begin,0,0
-19.414,flush_end,0,2686931
-19.398,trivial_move,3,2686933
-19.394,flush_begin,0,0
-19.384,flush_end,0,2686931
-19.368,trivial_move,3,2686930
-19.364,flush_begin,0,0
-19.353,flush_end,0,2686931
-19.337,trivial_move,3,2686932
-19.333,flush_begin,0,0
-19.323,flush_end,0,2686931
-19.306,trivial_move,3,2686930
-19.302,flush_begin,0,0
-19.292,flush_end,0,2686932
-19.276,trivial_move,3,2686931
-19.273,flush_begin,0,0
-19.263,flush_end,0,2686930
-19.249,trivial_move,3,2686931
-19.246,flush_begin,0,0
-19.237,flush_end,0,2686932
-19.221,trivial_move,3,2686931
-19.219,flush_begin,0,0
-19.209,flush_end,0,2686930
-19.193,trivial_move,3,2686931
-19.190,flush_begin,0,0
-19.181,flush_end,0,2686932
-19.165,trivial_move,3,2686931
-19.163,flush_begin,0,0
-19.152,flush_end,0,2686930
-19.136,trivial_move,3,2686930
-19.134,flush_begin,0,0
-19.124,flush_end,0,2686930
-19.108,trivial_move,3,2686932
-19.105,flush_begin,0,0
-19.096,flush_end,0,2686932
-19.080,trivial_move,3,2686930
-19.077,flush_begin,0,0
-19.066,flush_end,0,2686930
-19.050,trivial_move,3,2686931
-19.048,flush_begin,0,0
-19.038,flush_end,0,2686932
-19.022,trivial_move,3,2686931
-19.019,flush_begin,0,0
-19.009,flush_end,0,2686930
-18.993,trivial_move,3,2686930
-18.989,flush_begin,0,0
-18.978,flush_end,0,2686931
-18.962,trivial_move,3,2686932
-18.960,flush_begin,0,0
-18.950,flush_end,0,2686931
-18.934,trivial_move,3,2686930
-18.932,flush_begin,0,0
-18.922,flush_end,0,2686931
-18.906,trivial_move,3,2686932
-18.904,flush_begin,0,0
-18.893,flush_end,0,2686931
-18.878,trivial_move,3,2686930
-18.875,flush_begin,0,0
-18.865,flush_end,0,2686931
-18.848,trivial_move,3,2686931
-18.845,flush_begin,0,0
-18.835,flush_end,0,2686930
-18.819,trivial_move,3,2686931
-18.817,flush_begin,0,0
-18.807,flush_end,0,2686932
-18.790,trivial_move,3,2686932
-18.786,flush_begin,0,0
-18.776,flush_end,0,2686930
-18.760,trivial_move,3,2686931
-18.756,flush_begin,0,0
-18.745,flush_end,0,2686931
-18.729,trivial_move,3,2686930
-18.726,flush_begin,0,0
-18.716,flush_end,0,2686931
-18.700,trivial_move,3,2686930
-18.696,flush_begin,0,0
-18.684,flush_end,0,2686930
-18.668,trivial_move,3,2686931
-18.664,flush_begin,0,0
-18.653,flush_end,0,2686933
-18.638,trivial_move,3,2686931
-18.632,flush_begin,0,0
-18.622,flush_end,0,2686930
-18.607,trivial_move,3,2686931
-18.601,flush_begin,0,0
-18.591,flush_end,0,2686932
-18.575,trivial_move,3,2686931
-18.570,flush_begin,0,0
-18.559,flush_end,0,2686930
-18.544,trivial_move,3,2686930
-18.540,flush_begin,0,0
-18.528,flush_end,0,2686931
-18.512,trivial_move,3,2686932
-18.510,flush_begin,0,0
-18.499,flush_end,0,2686931
-18.483,trivial_move,3,2686930
-18.481,flush_begin,0,0
-18.470,flush_end,0,2686931
-18.454,trivial_move,3,2686932
-18.452,flush_begin,0,0
-18.441,flush_end,0,2686931
-18.425,trivial_move,3,2686930
-18.423,flush_begin,0,0
-18.412,flush_end,0,2686930
-18.396,trivial_move,3,2686931
-18.393,flush_begin,0,0
-18.382,flush_end,0,2686930
-18.366,trivial_move,3,2686931
-18.363,flush_begin,0,0
-18.352,flush_end,0,2686931
-18.337,trivial_move,3,2686930
-18.332,flush_begin,0,0
-18.322,flush_end,0,2686931
-18.305,trivial_move,3,2686932
-18.303,flush_begin,0,0
-18.291,flush_end,0,2686931
-18.276,trivial_move,3,2686930
-18.272,flush_begin,0,0
-18.261,flush_end,0,2686931
-18.245,trivial_move,3,2686931
-18.243,flush_begin,0,0
-18.233,flush_end,0,2686930
-18.218,trivial_move,3,2686931
-18.215,flush_begin,0,0
-18.204,flush_end,0,2686932
-18.189,trivial_move,3,2686931
-18.187,flush_begin,0,0
-18.177,flush_end,0,2686930
-18.160,trivial_move,3,2686931
-18.159,flush_begin,0,0
-18.149,flush_end,0,2686932
-18.134,trivial_move,3,2686932
-18.130,flush_begin,0,0
-18.119,flush_end,0,2686930
-18.103,trivial_move,3,2686930
-18.100,flush_begin,0,0
-18.089,flush_end,0,2686931
-18.073,trivial_move,3,2686932
-18.070,flush_begin,0,0
-18.058,flush_end,0,2686931
-18.042,trivial_move,3,2686930
-18.039,flush_begin,0,0
-18.029,flush_end,0,2686930
-18.013,trivial_move,3,2686932
-18.007,flush_begin,0,0
-17.997,flush_end,0,2686933
-17.981,trivial_move,3,2686930
-17.976,flush_begin,0,0
-17.965,flush_end,0,2686930
-17.949,trivial_move,3,2686930
-17.947,flush_begin,0,0
-17.937,flush_end,0,2686931
-17.920,trivial_move,3,2686932
-17.917,flush_begin,0,0
-17.908,flush_end,0,2686931
-17.893,trivial_move,3,2686930
-17.889,flush_begin,0,0
-17.880,flush_end,0,2686931
-17.864,trivial_move,3,2686932
-17.861,flush_begin,0,0
-17.850,flush_end,0,2686931
-17.835,trivial_move,3,2686930
-17.832,flush_begin,0,0
-17.821,flush_end,0,2686931
-17.806,trivial_move,3,2686931
-17.804,flush_begin,0,0
-17.793,flush_end,0,2686930
-17.778,trivial_move,3,2686931
-17.775,flush_begin,0,0
-17.764,flush_end,0,2686932
-17.749,trivial_move,3,2686931
-17.746,flush_begin,0,0
-17.736,flush_end,0,2686930
-17.721,trivial_move,3,2686931
-17.718,flush_begin,0,0
-17.708,flush_end,0,2686932
-17.692,trivial_move,3,2686931
-17.688,flush_begin,0,0
-17.679,flush_end,0,2686930
-17.664,trivial_move,3,2686930
-17.661,flush_begin,0,0
-17.649,flush_end,0,2686930
-17.633,trivial_move,3,2686932
-17.632,flush_begin,0,0
-17.622,flush_end,0,2686932
-17.605,trivial_move,3,2686930
-17.603,flush_begin,0,0
-17.591,flush_end,0,2686930
-17.576,trivial_move,3,2686931
-17.574,flush_begin,0,0
-17.563,flush_end,0,2686932
-17.546,trivial_move,3,2686931
-17.544,flush_begin,0,0
-17.534,flush_end,0,2686930
-17.517,trivial_move,3,2686930
-17.509,trivial_move,4,2686930
-17.508,flush_begin,0,0
-17.497,flush_end,0,2686931
-17.480,trivial_move,3,2686933
-17.473,trivial_move,4,2686931
-17.471,flush_begin,0,0
-17.461,flush_end,0,2686931
-17.445,trivial_move,3,2686930
-17.438,trivial_move,4,2686931
-17.432,flush_begin,0,0
-17.420,flush_end,0,2686931
-17.405,trivial_move,3,2686932
-17.397,trivial_move,4,2686931
-17.392,flush_begin,0,0
-17.379,flush_end,0,2686931
-17.363,trivial_move,3,2686930
-17.356,trivial_move,4,2686931
-17.352,flush_begin,0,0
-17.339,flush_end,0,2686933
-17.324,trivial_move,3,2686931
-17.316,trivial_move,4,2686930
-17.313,flush_begin,0,0
-17.301,flush_end,0,2686930
-17.285,trivial_move,3,2686931
-17.277,trivial_move,4,2686932
-17.275,flush_begin,0,0
-17.264,flush_end,0,2686932
-17.247,trivial_move,3,2686931
-17.240,trivial_move,4,2686930
-17.236,flush_begin,0,0
-17.224,flush_end,0,2686930
-17.208,trivial_move,3,2686931
-17.201,trivial_move,4,2686932
-17.196,flush_begin,0,0
-17.182,flush_end,0,2686931
-17.166,trivial_move,3,2686930
-17.159,trivial_move,4,2686930
-17.155,flush_begin,0,0
-17.142,flush_end,0,2686931
-17.126,trivial_move,3,2686930
-17.118,trivial_move,4,2686931
-17.113,flush_begin,0,0
-17.101,flush_end,0,2686930
-17.087,trivial_move,3,2686931
-17.079,trivial_move,4,2686931
-17.074,flush_begin,0,0
-17.060,flush_end,0,2686932
-17.045,trivial_move,3,2686931
-17.037,trivial_move,4,2686930
-17.033,flush_begin,0,0
-17.021,flush_end,0,2686930
-17.005,trivial_move,3,2686931
-16.996,trivial_move,4,2686932
-16.992,flush_begin,0,0
-16.980,flush_end,0,2686932
-16.964,trivial_move,3,2686931
-16.957,trivial_move,4,2686930
-16.952,flush_begin,0,0
-16.940,flush_end,0,2686930
-16.924,trivial_move,3,2686930
-16.915,trivial_move,4,2686931
-16.913,flush_begin,0,0
-16.899,flush_end,0,2686931
-16.883,trivial_move,3,2686932
-16.875,trivial_move,4,2686931
-16.873,flush_begin,0,0
-16.859,flush_end,0,2686931
-16.843,trivial_move,3,2686930
-16.836,trivial_move,4,2686931
-16.832,flush_begin,0,0
-16.819,flush_end,0,2686931
-16.803,trivial_move,3,2686932
-16.795,trivial_move,4,2686931
-16.790,flush_begin,0,0
-16.776,flush_end,0,2686931
-16.761,trivial_move,3,2686930
-16.752,trivial_move,4,2686931
-16.747,flush_begin,0,0
-16.735,flush_end,0,2686930
-16.719,trivial_move,3,2686931
-16.710,trivial_move,4,2686930
-16.707,flush_begin,0,0
-16.694,flush_end,0,2686930
-16.678,trivial_move,3,2686931
-16.670,trivial_move,4,2686933
-16.668,flush_begin,0,0
-16.656,flush_end,0,2686931
-16.638,trivial_move,3,2686930
-16.631,trivial_move,4,2686930
-16.626,flush_begin,0,0
-16.614,flush_end,0,2686931
-16.598,trivial_move,3,2686933
-16.590,trivial_move,4,2686932
-16.586,flush_begin,0,0
-16.572,flush_end,0,2686931
-16.556,trivial_move,3,2686930
-16.548,trivial_move,4,2686930
-16.546,flush_begin,0,0
-16.533,flush_end,0,2686931
-16.517,trivial_move,3,2686931
-16.509,trivial_move,4,2686930
-16.506,flush_begin,0,0
-16.491,flush_end,0,2686930
-16.475,trivial_move,3,2686931
-16.467,trivial_move,4,2686932
-16.463,flush_begin,0,0
-16.451,flush_end,0,2686933
-16.434,trivial_move,3,2686931
-16.426,trivial_move,4,2686930
-16.421,flush_begin,0,0
-16.408,flush_end,0,2686930
-16.392,trivial_move,3,2686931
-16.385,trivial_move,4,2686932
-16.379,flush_begin,0,0
-16.366,flush_end,0,2686932
-16.350,trivial_move,3,2686931
-16.342,trivial_move,4,2686930
-16.339,flush_begin,0,0
-16.325,flush_end,0,2686930
-16.309,trivial_move,3,2686930
-16.301,trivial_move,4,2686931
-16.300,flush_begin,0,0
-16.286,flush_end,0,2686931
-16.270,trivial_move,3,2686932
-16.263,trivial_move,4,2686931
-16.258,flush_begin,0,0
-16.244,flush_end,0,2686931
-16.229,trivial_move,3,2686930
-16.221,trivial_move,4,2686931
-16.215,flush_begin,0,0
-16.201,flush_end,0,2686930
-16.185,trivial_move,3,2686932
-16.178,trivial_move,4,2686931
-16.174,flush_begin,0,0
-16.160,flush_end,0,2686932
-16.145,trivial_move,3,2686930
-16.136,trivial_move,4,2686931
-16.131,flush_begin,0,0
-16.119,flush_end,0,2686930
-16.102,trivial_move,3,2686930
-16.095,trivial_move,4,2686930
-16.089,flush_begin,0,0
-16.076,flush_end,0,2686931
-16.060,trivial_move,3,2686932
-16.052,trivial_move,4,2686932
-16.046,flush_begin,0,0
-16.032,flush_end,0,2686931
-16.017,trivial_move,3,2686930
-16.009,trivial_move,4,2686930
-16.006,flush_begin,0,0
-15.992,flush_end,0,2686931
-15.977,trivial_move,3,2686932
-15.968,trivial_move,4,2686931
-15.965,flush_begin,0,0
-15.952,flush_end,0,2686931
-15.936,trivial_move,3,2686930
-15.929,trivial_move,4,2686931
-15.925,flush_begin,0,0
-15.911,flush_end,0,2686931
-15.895,trivial_move,3,2686931
-15.886,trivial_move,4,2686930
-15.883,flush_begin,0,0
-15.871,flush_end,0,2686930
-15.855,trivial_move,3,2686931
-15.848,trivial_move,4,2686932
-15.844,flush_begin,0,0
-15.832,flush_end,0,2686932
-15.816,trivial_move,3,2686931
-15.808,trivial_move,4,2686930
-15.805,flush_begin,0,0
-15.793,flush_end,0,2686930
-15.776,trivial_move,3,2686931
-15.767,trivial_move,4,2686933
-15.764,flush_begin,0,0
-15.750,flush_end,0,2686932
-15.734,trivial_move,3,2686933
-15.726,trivial_move,4,2686930
-15.722,flush_begin,0,0
-15.708,flush_end,0,2686930
-15.692,trivial_move,3,2686930
-15.684,trivial_move,4,2686931
-15.680,flush_begin,0,0
-15.665,flush_end,0,2686930
-15.649,trivial_move,3,2686932
-15.641,trivial_move,4,2686931
-15.634,flush_begin,0,0
-15.621,flush_end,0,2686932
-15.605,trivial_move,3,2686930
-15.597,trivial_move,4,2686931
-15.593,flush_begin,0,0
-15.578,flush_end,0,2686930
-15.562,trivial_move,3,2686931
-15.555,trivial_move,4,2686931
-15.554,flush_begin,0,0
-15.540,flush_end,0,2686933
-15.524,trivial_move,3,2686931
-15.516,trivial_move,4,2686930
-15.513,flush_begin,0,0
-15.499,flush_end,0,2686930
-15.483,trivial_move,3,2686930
-15.475,trivial_move,4,2686930
-15.472,flush_begin,0,0
-15.457,flush_end,0,2686931
-15.441,trivial_move,3,2686932
-15.434,trivial_move,4,2686931
-15.432,flush_begin,0,0
-15.419,flush_end,0,2686931
-15.403,trivial_move,3,2686930
-15.396,trivial_move,4,2686931
-15.390,flush_begin,0,0
-15.378,flush_end,0,2686931
-15.363,trivial_move,3,2686932
-15.354,trivial_move,4,2686931
-15.350,flush_begin,0,0
-15.336,flush_end,0,2686931
-15.320,trivial_move,3,2686930
-15.313,trivial_move,4,2686931
-15.308,flush_begin,0,0
-15.296,flush_end,0,2686931
-15.280,trivial_move,3,2686931
-15.273,trivial_move,4,2686930
-15.269,flush_begin,0,0
-15.256,flush_end,0,2686930
-15.240,trivial_move,3,2686931
-15.231,trivial_move,4,2686932
-15.228,flush_begin,0,0
-15.216,flush_end,0,2686932
-15.200,trivial_move,3,2686931
-15.192,trivial_move,4,2686930
-15.189,flush_begin,0,0
-15.176,flush_end,0,2686930
-15.160,trivial_move,3,2686931
-15.152,trivial_move,4,2686932
-15.148,flush_begin,0,0
-15.136,flush_end,0,2686931
-15.121,trivial_move,3,2686930
-15.113,trivial_move,4,2686930
-15.109,flush_begin,0,0
-15.095,flush_end,0,2686931
-15.079,trivial_move,3,2686930
-15.070,trivial_move,4,2686931
-15.068,flush_begin,0,0
-15.054,flush_end,0,2686930
-15.038,trivial_move,3,2686931
-15.031,trivial_move,4,2686931
-15.026,flush_begin,0,0
-15.013,flush_end,0,2686932
-14.996,trivial_move,3,2686931
-14.988,trivial_move,4,2686930
-14.985,flush_begin,0,0
-14.974,flush_end,0,2686930
-14.958,trivial_move,3,2686931
-14.950,trivial_move,4,2686932
-14.946,flush_begin,0,0
-14.933,flush_end,0,2686932
-14.917,trivial_move,3,2686931
-14.909,trivial_move,4,2686930
-14.907,flush_begin,0,0
-14.895,flush_end,0,2686930
-14.879,trivial_move,3,2686930
-14.872,trivial_move,4,2686932
-14.868,flush_begin,0,0
-14.856,flush_end,0,2686931
-14.840,trivial_move,3,2686933
-14.831,trivial_move,4,2686931
-14.829,flush_begin,0,0
-14.816,flush_end,0,2686931
-14.801,trivial_move,3,2686930
-14.793,trivial_move,4,2686931
-14.789,flush_begin,0,0
-14.774,flush_end,0,2686931
-14.759,trivial_move,3,2686932
-14.750,trivial_move,4,2686931
-14.748,flush_begin,0,0
-14.735,flush_end,0,2686931
-14.720,trivial_move,3,2686930
-14.712,trivial_move,4,2686931
-14.708,flush_begin,0,0
-14.695,flush_end,0,2686930
-14.679,trivial_move,3,2686931
-14.672,trivial_move,4,2686930
-14.668,flush_begin,0,0
-14.655,flush_end,0,2686930
-14.639,trivial_move,3,2686931
-14.632,trivial_move,4,2686932
-14.628,flush_begin,0,0
-14.615,flush_end,0,2686931
-14.599,trivial_move,3,2686930
-14.591,trivial_move,4,2686930
-14.587,flush_begin,0,0
-14.573,flush_end,0,2686931
-14.556,trivial_move,3,2686932
-14.548,trivial_move,4,2686932
-14.546,flush_begin,0,0
-14.534,flush_end,0,2686931
-14.518,trivial_move,3,2686930
-14.511,trivial_move,4,2686930
-14.507,flush_begin,0,0
-14.490,flush_end,0,2686931
-14.473,trivial_move,3,2686931
-14.466,trivial_move,4,2686930
-14.466,flush_begin,0,0
-14.451,flush_end,0,2686930
-14.435,trivial_move,3,2686931
-14.427,trivial_move,4,2686932
-14.423,flush_begin,0,0
-14.410,flush_end,0,2686932
-14.394,trivial_move,3,2686931
-14.386,trivial_move,4,2686930
-14.382,flush_begin,0,0
-14.369,flush_end,0,2686930
-14.353,trivial_move,3,2686931
-14.345,trivial_move,4,2686932
-14.342,flush_begin,0,0
-14.329,flush_end,0,2686932
-14.313,trivial_move,3,2686931
-14.305,trivial_move,4,2686930
-14.302,flush_begin,0,0
-14.288,flush_end,0,2686930
-14.271,trivial_move,3,2686930
-14.263,trivial_move,4,2686931
-14.260,flush_begin,0,0
-14.246,flush_end,0,2686931
-14.230,trivial_move,3,2686932
-14.222,trivial_move,4,2686931
-14.219,flush_begin,0,0
-14.206,flush_end,0,2686931
-14.189,trivial_move,3,2686930
-14.181,trivial_move,4,2686931
-14.179,flush_begin,0,0
-14.166,flush_end,0,2686930
-14.151,trivial_move,3,2686932
-14.145,trivial_move,4,2686931
-14.143,flush_begin,0,0
-14.130,flush_end,0,2686932
-14.115,trivial_move,3,2686930
-14.108,trivial_move,4,2686931
-14.104,flush_begin,0,0
-14.090,flush_end,0,2686930
-14.075,trivial_move,3,2686930
-14.066,trivial_move,4,2686930
-14.062,flush_begin,0,0
-14.047,flush_end,0,2686931
-14.031,trivial_move,3,2686932
-14.024,trivial_move,4,2686933
-14.020,flush_begin,0,0
-14.005,flush_end,0,2686931
-13.989,trivial_move,3,2686930
-13.980,trivial_move,4,2686930
-13.976,flush_begin,0,0
-13.963,flush_end,0,2686931
-13.946,trivial_move,3,2686933
-13.938,trivial_move,4,2686931
-13.934,flush_begin,0,0
-13.921,flush_end,0,2686931
-13.904,trivial_move,3,2686930
-13.896,trivial_move,4,2686931
-13.893,flush_begin,0,0
-13.880,flush_end,0,2686931
-13.865,trivial_move,3,2686931
-13.856,trivial_move,4,2686930
-13.853,flush_begin,0,0
-13.842,flush_end,0,2686930
-13.824,trivial_move,3,2686931
-13.816,trivial_move,4,2686932
-13.813,flush_begin,0,0
-13.799,flush_end,0,2686933
-13.783,trivial_move,3,2686931
-13.775,trivial_move,4,2686930
-13.773,flush_begin,0,0
-13.759,flush_end,0,2686930
-13.743,trivial_move,3,2686931
-13.735,trivial_move,4,2686932
-13.733,flush_begin,0,0
-13.718,flush_end,0,2686932
-13.703,trivial_move,3,2686931
-13.694,trivial_move,4,2686930
-13.692,flush_begin,0,0
-13.679,flush_end,0,2686930
-13.664,trivial_move,3,2686930
-13.655,trivial_move,4,2686931
-13.652,flush_begin,0,0
-13.639,flush_end,0,2686930
-13.622,trivial_move,3,2686932
-13.615,trivial_move,4,2686931
-13.611,flush_begin,0,0
-13.597,flush_end,0,2686932
-13.581,trivial_move,3,2686930
-13.574,trivial_move,4,2686931
-13.571,flush_begin,0,0
-13.558,flush_end,0,2686930
-13.542,trivial_move,3,2686931
-13.535,trivial_move,4,2686931
-13.531,flush_begin,0,0
-13.518,flush_end,0,2686932
-13.503,trivial_move,3,2686931
-13.495,trivial_move,4,2686930
-13.490,flush_begin,0,0
-13.478,flush_end,0,2686930
-13.460,trivial_move,3,2686930
-13.452,trivial_move,4,2686930
-13.447,flush_begin,0,0
-13.432,flush_end,0,2686931
-13.416,trivial_move,3,2686932
-13.409,trivial_move,4,2686931
-13.404,flush_begin,0,0
-13.392,flush_end,0,2686931
-13.376,trivial_move,3,2686930
-13.367,trivial_move,4,2686931
-13.362,flush_begin,0,0
-13.349,flush_end,0,2686931
-13.333,trivial_move,3,2686932
-13.325,trivial_move,4,2686931
-13.321,flush_begin,0,0
-13.309,flush_end,0,2686931
-13.293,trivial_move,3,2686930
-13.284,trivial_move,4,2686931
-13.281,flush_begin,0,0
-13.267,flush_end,0,2686931
-13.252,trivial_move,3,2686931
-13.243,trivial_move,4,2686930
-13.242,flush_begin,0,0
-13.229,flush_end,0,2686930
-13.213,trivial_move,3,2686931
-13.206,trivial_move,4,2686932
-13.203,flush_begin,0,0
-13.190,flush_end,0,2686932
-13.174,trivial_move,3,2686931
-13.165,trivial_move,4,2686930
-13.163,flush_begin,0,0
-13.149,flush_end,0,2686930
-13.133,trivial_move,3,2686931
-13.126,trivial_move,4,2686933
-13.120,flush_begin,0,0
-13.108,flush_end,0,2686931
-13.092,trivial_move,3,2686930
-13.084,trivial_move,4,2686930
-13.080,flush_begin,0,0
-13.069,flush_end,0,2686931
-13.052,trivial_move,3,2686930
-13.045,trivial_move,4,2686931
-13.042,flush_begin,0,0
-13.026,flush_end,0,2686930
-13.010,trivial_move,3,2686931
-13.002,trivial_move,4,2686931
-13.002,flush_begin,0,0
-12.989,flush_end,0,2686932
-12.972,trivial_move,3,2686931
-12.965,trivial_move,4,2686930
-12.960,flush_begin,0,0
-12.946,flush_end,0,2686930
-12.930,trivial_move,3,2686931
-12.923,trivial_move,4,2686932
-12.919,flush_begin,0,0
-12.906,flush_end,0,2686933
-12.890,trivial_move,3,2686931
-12.882,trivial_move,4,2686930
-12.879,flush_begin,0,0
-12.865,flush_end,0,2686930
-12.849,trivial_move,3,2686930
-12.842,trivial_move,4,2686931
-12.837,flush_begin,0,0
-12.824,flush_end,0,2686931
-12.808,trivial_move,3,2686932
-12.799,trivial_move,4,2686931
-12.795,flush_begin,0,0
-12.782,flush_end,0,2686931
-12.765,trivial_move,3,2686930
-12.757,trivial_move,4,2686931
-12.754,flush_begin,0,0
-12.739,flush_end,0,2686931
-12.724,trivial_move,3,2686932
-12.715,trivial_move,4,2686931
-12.713,flush_begin,0,0
-12.700,flush_end,0,2686931
-12.684,trivial_move,3,2686930
-12.676,trivial_move,4,2686931
-12.671,flush_begin,0,0
-12.658,flush_end,0,2686930
-12.642,trivial_move,3,2686931
-12.633,trivial_move,4,2686930
-12.631,flush_begin,0,0
-12.617,flush_end,0,2686930
-12.601,trivial_move,3,2686931
-12.593,trivial_move,4,2686932
-12.590,flush_begin,0,0
-12.575,flush_end,0,2686931
-12.558,trivial_move,3,2686930
-12.550,trivial_move,4,2686930
-12.546,flush_begin,0,0
-12.531,flush_end,0,2686931
-12.513,trivial_move,3,2686932
-12.505,trivial_move,4,2686932
-12.501,flush_begin,0,0
-12.485,flush_end,0,2686931
-12.469,trivial_move,3,2686930
-12.462,trivial_move,4,2686930
-12.458,flush_begin,0,0
-12.442,flush_end,0,2686931
-12.427,trivial_move,3,2686931
-12.418,trivial_move,4,2686930
-12.415,flush_begin,0,0
-12.402,flush_end,0,2686930
-12.385,trivial_move,3,2686931
-12.377,trivial_move,4,2686932
-12.372,flush_begin,0,0
-12.359,flush_end,0,2686932
-12.343,trivial_move,3,2686931
-12.335,trivial_move,4,2686930
-12.332,flush_begin,0,0
-12.317,flush_end,0,2686930
-12.301,trivial_move,3,2686931
-12.292,trivial_move,4,2686932
-12.290,flush_begin,0,0
-12.276,flush_end,0,2686932
-12.259,trivial_move,3,2686931
-12.251,trivial_move,4,2686930
-12.248,flush_begin,0,0
-12.234,flush_end,0,2686930
-12.218,trivial_move,3,2686930
-12.211,trivial_move,4,2686932
-12.208,flush_begin,0,0
-12.195,flush_end,0,2686931
-12.178,trivial_move,3,2686933
-12.171,trivial_move,4,2686931
-12.169,flush_begin,0,0
-12.155,flush_end,0,2686931
-12.140,trivial_move,3,2686930
-12.131,trivial_move,4,2686931
-12.126,flush_begin,0,0
-12.112,flush_end,0,2686930
-12.097,trivial_move,3,2686932
-12.088,trivial_move,4,2686931
-12.086,flush_begin,0,0
-12.072,flush_end,0,2686932
-12.055,trivial_move,3,2686930
-12.047,trivial_move,4,2686931
-12.046,flush_begin,0,0
-12.030,flush_end,0,2686930
-12.014,trivial_move,3,2686930
-12.007,trivial_move,4,2686930
-12.001,flush_begin,0,0
-11.987,flush_end,0,2686932
-11.972,trivial_move,3,2686932
-11.964,trivial_move,4,2686932
-11.958,flush_begin,0,0
-11.945,flush_end,0,2686931
-11.929,trivial_move,3,2686930
-11.922,trivial_move,4,2686930
-11.917,flush_begin,0,0
-11.904,flush_end,0,2686931
-11.889,trivial_move,3,2686932
-11.881,trivial_move,4,2686931
-11.877,flush_begin,0,0
-11.865,flush_end,0,2686931
-11.850,trivial_move,3,2686930
-11.842,trivial_move,4,2686931
-11.838,flush_begin,0,0
-11.826,flush_end,0,2686931
-11.809,trivial_move,3,2686931
-11.801,trivial_move,4,2686930
-11.796,flush_begin,0,0
-11.784,flush_end,0,2686930
-11.766,trivial_move,3,2686931
-11.759,trivial_move,4,2686932
-11.756,flush_begin,0,0
-11.743,flush_end,0,2686932
-11.729,trivial_move,3,2686931
-11.720,trivial_move,4,2686930
-11.717,flush_begin,0,0
-11.704,flush_end,0,2686930
-11.688,trivial_move,3,2686931
-11.680,trivial_move,4,2686932
-11.677,flush_begin,0,0
-11.664,flush_end,0,2686932
-11.648,trivial_move,3,2686931
-11.640,trivial_move,4,2686930
-11.637,flush_begin,0,0
-11.625,flush_end,0,2686930
-11.609,trivial_move,3,2686930
-11.601,trivial_move,4,2686931
-11.595,flush_begin,0,0
-11.582,flush_end,0,2686930
-11.567,trivial_move,3,2686932
-11.559,trivial_move,4,2686931
-11.558,flush_begin,0,0
-11.548,flush_end,0,2686932
-11.532,trivial_move,3,2686930
-11.524,trivial_move,4,2686931
-11.523,flush_begin,0,0
-11.512,flush_end,0,2686930
-11.496,trivial_move,3,2686931
-11.488,trivial_move,4,2686931
-11.487,flush_begin,0,0
-11.478,flush_end,0,2686932
-11.461,trivial_move,3,2686931
-11.453,trivial_move,4,2686930
-11.452,flush_begin,0,0
-11.441,flush_end,0,2686930
-11.427,trivial_move,3,2686930
-11.419,trivial_move,4,2686930
-11.417,flush_begin,0,0
-11.407,flush_end,0,2686931
-11.393,trivial_move,3,2686932
-11.385,trivial_move,4,2686931
-11.384,flush_begin,0,0
-11.373,flush_end,0,2686931
-11.357,trivial_move,3,2686930
-11.349,trivial_move,4,2686932
-11.349,flush_begin,0,0
-11.339,flush_end,0,2686931
-11.324,trivial_move,3,2686933
-11.315,trivial_move,4,2686931
-11.315,flush_begin,0,0
-11.303,flush_end,0,2686931
-11.287,trivial_move,3,2686930
-11.279,trivial_move,4,2686931
-11.279,flush_begin,0,0
-11.266,flush_end,0,2686931
-11.251,trivial_move,3,2686931
-11.242,trivial_move,4,2686930
-11.242,flush_begin,0,0
-11.230,flush_end,0,2686930
-11.214,trivial_move,3,2686931
-11.206,trivial_move,4,2686932
-11.202,flush_begin,0,0
-11.190,flush_end,0,2686933
-11.173,trivial_move,3,2686931
-11.165,trivial_move,4,2686930
-11.161,flush_begin,0,0
-11.150,flush_end,0,2686930
-11.134,trivial_move,3,2686931
-11.127,trivial_move,4,2686932
-11.123,flush_begin,0,0
-11.112,flush_end,0,2686931
-11.095,trivial_move,3,2686930
-11.087,trivial_move,4,2686930
-11.085,flush_begin,0,0
-11.075,flush_end,0,2686931
-11.058,trivial_move,3,2686930
-11.050,trivial_move,4,2686931
-11.049,flush_begin,0,0
-11.039,flush_end,0,2686930
-11.023,trivial_move,3,2686931
-11.015,trivial_move,4,2686931
-11.014,flush_begin,0,0
-11.002,flush_end,0,2686932
-10.986,trivial_move,3,2686931
-10.979,trivial_move,4,2686930
-10.979,flush_begin,0,0
-10.967,flush_end,0,2686930
-10.951,trivial_move,3,2686931
-10.943,trivial_move,4,2686932
-10.941,flush_begin,0,0
-10.928,flush_end,0,2686932
-10.912,trivial_move,3,2686931
-10.904,trivial_move,4,2686930
-10.902,flush_begin,0,0
-10.890,flush_end,0,2686930
-10.875,trivial_move,3,2686930
-10.866,trivial_move,4,2686931
-10.862,flush_begin,0,0
-10.852,flush_end,0,2686931
-10.835,trivial_move,3,2686932
-10.827,trivial_move,4,2686931
-10.824,flush_begin,0,0
-10.810,flush_end,0,2686931
-10.794,trivial_move,3,2686930
-10.785,trivial_move,4,2686931
-10.785,flush_begin,0,0
-10.774,flush_end,0,2686931
-10.758,trivial_move,3,2686932
-10.750,trivial_move,4,2686931
-10.746,flush_begin,0,0
-10.733,flush_end,0,2686931
-10.717,trivial_move,3,2686930
-10.709,trivial_move,4,2686931
-10.705,flush_begin,0,0
-10.693,flush_end,0,2686930
-10.677,trivial_move,3,2686931
-10.669,trivial_move,4,2686930
-10.665,flush_begin,0,0
-10.651,flush_end,0,2686930
-10.634,trivial_move,3,2686931
-10.627,trivial_move,4,2686932
-10.624,flush_begin,0,0
-10.612,flush_end,0,2686931
-10.596,trivial_move,3,2686930
-10.589,trivial_move,4,2686930
-10.582,flush_begin,0,0
-10.570,flush_end,0,2686931
-10.555,trivial_move,3,2686932
-10.546,trivial_move,4,2686933
-10.540,flush_begin,0,0
-10.527,flush_end,0,2686931
-10.511,trivial_move,3,2686930
-10.503,trivial_move,4,2686930
-10.498,flush_begin,0,0
-10.485,flush_end,0,2686931
-10.469,trivial_move,3,2686932
-10.461,trivial_move,4,2686930
-10.456,flush_begin,0,0
-10.443,flush_end,0,2686930
-10.427,trivial_move,3,2686931
-10.418,trivial_move,4,2686932
-10.414,flush_begin,0,0
-10.401,flush_end,0,2686932
-10.385,trivial_move,3,2686931
-10.377,trivial_move,4,2686930
-10.373,flush_begin,0,0
-10.360,flush_end,0,2686930
-10.344,trivial_move,3,2686931
-10.336,trivial_move,4,2686932
-10.330,flush_begin,0,0
-10.319,flush_end,0,2686933
-10.303,trivial_move,3,2686931
-10.295,trivial_move,4,2686930
-10.290,flush_begin,0,0
-10.278,flush_end,0,2686930
-10.263,trivial_move,3,2686930
-10.254,trivial_move,4,2686931
-10.251,flush_begin,0,0
-10.239,flush_end,0,2686931
-10.226,trivial_move,3,2686932
-10.218,trivial_move,4,2686931
-10.214,flush_begin,0,0
-10.202,flush_end,0,2686931
-10.186,trivial_move,3,2686930
-10.178,trivial_move,4,2686931
-10.176,flush_begin,0,0
-10.162,flush_end,0,2686930
-10.146,trivial_move,3,2686932
-10.138,trivial_move,4,2686931
-10.137,flush_begin,0,0
-10.124,flush_end,0,2686932
-10.107,trivial_move,3,2686930
-10.100,trivial_move,4,2686931
-10.093,flush_begin,0,0
-10.082,flush_end,0,2686930
-10.065,trivial_move,3,2686930
-10.057,trivial_move,4,2686930
-10.054,flush_begin,0,0
-10.040,flush_end,0,2686931
-10.024,trivial_move,3,2686932
-10.016,trivial_move,4,2686932
-10.013,flush_begin,0,0
-10.001,flush_end,0,2686931
-9.985,trivial_move,3,2686930
-9.977,trivial_move,4,2686930
-9.972,flush_begin,0,0
-9.960,flush_end,0,2686931
-9.944,trivial_move,3,2686932
-9.935,trivial_move,4,2686931
-9.932,flush_begin,0,0
-9.920,flush_end,0,2686931
-9.904,trivial_move,3,2686930
-9.895,trivial_move,4,2686931
-9.891,flush_begin,0,0
-9.877,flush_end,0,2686931
-9.861,trivial_move,3,2686931
-9.854,trivial_move,4,2686930
-9.852,flush_begin,0,0
-9.840,flush_end,0,2686930
-9.825,trivial_move,3,2686931
-9.815,trivial_move,4,2686932
-9.812,flush_begin,0,0
-9.799,flush_end,0,2686932
-9.783,trivial_move,3,2686931
-9.775,trivial_move,4,2686930
-9.770,flush_begin,0,0
-9.758,flush_end,0,2686930
-9.743,trivial_move,3,2686931
-9.735,trivial_move,4,2686932
-9.730,flush_begin,0,0
-9.718,flush_end,0,2686932
-9.702,trivial_move,3,2686931
-9.694,trivial_move,4,2686930
-9.689,flush_begin,0,0
-9.676,flush_end,0,2686930
-9.660,trivial_move,3,2686930
-9.652,trivial_move,4,2686932
-9.649,flush_begin,0,0
-9.636,flush_end,0,2686930
-9.621,trivial_move,3,2686933
-9.613,trivial_move,4,2686931
-9.609,flush_begin,0,0
-9.595,flush_end,0,2686932
-9.579,trivial_move,3,2686930
-9.570,trivial_move,4,2686931
-9.568,flush_begin,0,0
-9.555,flush_end,0,2686930
-9.539,trivial_move,3,2686931
-9.530,trivial_move,4,2686931
-9.527,flush_begin,0,0
-9.514,flush_end,0,2686932
-9.498,trivial_move,3,2686931
-9.490,trivial_move,4,2686930
-9.487,flush_begin,0,0
-9.474,flush_end,0,2686930
-9.458,trivial_move,3,2686930
-9.451,trivial_move,4,2686930
-9.447,flush_begin,0,0
-9.434,flush_end,0,2686932
-9.418,trivial_move,3,2686932
-9.411,trivial_move,4,2686931
-9.405,flush_begin,0,0
-9.392,flush_end,0,2686931
-9.375,trivial_move,3,2686930
-9.367,trivial_move,4,2686931
-9.365,flush_begin,0,0
-9.352,flush_end,0,2686931
-9.336,trivial_move,3,2686932
-9.329,trivial_move,4,2686931
-9.325,flush_begin,0,0
-9.311,flush_end,0,2686931
-9.296,trivial_move,3,2686930
-9.288,trivial_move,4,2686931
-9.283,flush_begin,0,0
-9.268,flush_end,0,2686931
-9.252,trivial_move,3,2686931
-9.244,trivial_move,4,2686930
-9.244,flush_begin,0,0
-9.230,flush_end,0,2686930
-9.214,trivial_move,3,2686931
-9.206,trivial_move,4,2686932
-9.204,flush_begin,0,0
-9.190,flush_end,0,2686932
-9.173,trivial_move,3,2686931
-9.165,trivial_move,4,2686930
-9.164,flush_begin,0,0
-9.148,flush_end,0,2686930
-9.132,trivial_move,3,2686931
-9.125,trivial_move,4,2686932
-9.123,flush_begin,0,0
-9.108,flush_end,0,2686931
-9.092,trivial_move,3,2686930
-9.084,trivial_move,4,2686930
-9.079,flush_begin,0,0
-9.066,flush_end,0,2686931
-9.050,trivial_move,3,2686930
-9.042,trivial_move,4,2686931
-9.039,flush_begin,0,0
-9.024,flush_end,0,2686930
-9.007,trivial_move,3,2686931
-8.999,trivial_move,4,2686931
-8.994,flush_begin,0,0
-8.980,flush_end,0,2686932
-8.964,trivial_move,3,2686931
-8.956,trivial_move,4,2686930
-8.953,flush_begin,0,0
-8.940,flush_end,0,2686930
-8.923,trivial_move,3,2686931
-8.915,trivial_move,4,2686932
-8.911,flush_begin,0,0
-8.898,flush_end,0,2686932
-8.881,trivial_move,3,2686931
-8.872,trivial_move,4,2686930
-8.868,flush_begin,0,0
-8.855,flush_end,0,2686930
-8.838,trivial_move,3,2686930
-8.830,trivial_move,4,2686931
-8.827,flush_begin,0,0
-8.813,flush_end,0,2686931
-8.796,trivial_move,3,2686932
-8.788,trivial_move,4,2686931
-8.785,flush_begin,0,0
-8.771,flush_end,0,2686931
-8.754,trivial_move,3,2686930
-8.746,trivial_move,4,2686933
-8.741,flush_begin,0,0
-8.727,flush_end,0,2686931
-8.710,trivial_move,3,2686933
-8.702,trivial_move,4,2686931
-8.699,flush_begin,0,0
-8.687,flush_end,0,2686931
-8.671,trivial_move,3,2686930
-8.663,trivial_move,4,2686931
-8.660,flush_begin,0,0
-8.647,flush_end,0,2686930
-8.630,trivial_move,3,2686931
-8.622,trivial_move,4,2686930
-8.620,flush_begin,0,0
-8.608,flush_end,0,2686930
-8.592,trivial_move,3,2686931
-8.585,trivial_move,4,2686932
-8.581,flush_begin,0,0
-8.561,flush_end,0,2686931
-8.547,trivial_move,3,2686930
-8.539,trivial_move,4,2686930
-8.535,flush_begin,0,0
-8.521,flush_end,0,2686933
-8.506,trivial_move,3,2686932
-8.497,trivial_move,4,2686932
-8.495,flush_begin,0,0
-8.482,flush_end,0,2686931
-8.467,trivial_move,3,2686930
-8.458,trivial_move,4,2686930
-8.453,flush_begin,0,0
-8.441,flush_end,0,2686931
-8.424,trivial_move,3,2686931
-8.416,trivial_move,4,2686930
-8.412,flush_begin,0,0
-8.400,flush_end,0,2686930
-8.384,trivial_move,3,2686931
-8.376,trivial_move,4,2686932
-8.373,flush_begin,0,0
-8.360,flush_end,0,2686932
-8.343,trivial_move,3,2686931
-8.335,trivial_move,4,2686930
-8.333,flush_begin,0,0
-8.320,flush_end,0,2686930
-8.304,trivial_move,3,2686931
-8.296,trivial_move,4,2686932
-8.293,flush_begin,0,0
-8.280,flush_end,0,2686932
-8.263,trivial_move,3,2686931
-8.256,trivial_move,4,2686930
-8.250,flush_begin,0,0
-8.237,flush_end,0,2686930
-8.221,trivial_move,3,2686930
-8.213,trivial_move,4,2686931
-8.210,flush_begin,0,0
-8.199,flush_end,0,2686931
-8.183,trivial_move,3,2686932
-8.175,trivial_move,4,2686931
-8.170,flush_begin,0,0
-8.158,flush_end,0,2686931
-8.142,trivial_move,3,2686930
-8.134,trivial_move,4,2686931
-8.132,flush_begin,0,0
-8.120,flush_end,0,2686930
-8.103,trivial_move,3,2686932
-8.095,trivial_move,4,2686931
-8.093,flush_begin,0,0
-8.080,flush_end,0,2686932
-8.063,trivial_move,3,2686930
-8.055,trivial_move,4,2686931
-8.053,flush_begin,0,0
-8.040,flush_end,0,2686930
-8.023,trivial_move,3,2686930
-8.015,trivial_move,4,2686930
-8.012,flush_begin,0,0
-7.999,flush_end,0,2686931
-7.983,trivial_move,3,2686932
-7.975,trivial_move,4,2686932
-7.970,flush_begin,0,0
-7.956,flush_end,0,2686931
-7.939,trivial_move,3,2686930
-7.931,trivial_move,4,2686930
-7.927,flush_begin,0,0
-7.915,flush_end,0,2686931
-7.899,trivial_move,3,2686932
-7.891,trivial_move,4,2686931
-7.888,flush_begin,0,0
-7.877,flush_end,0,2686931
-7.860,trivial_move,3,2686930
-7.852,trivial_move,4,2686932
-7.851,flush_begin,0,0
-7.839,flush_end,0,2686931
-7.823,trivial_move,3,2686932
-7.814,trivial_move,4,2686930
-7.811,flush_begin,0,0
-7.799,flush_end,0,2686930
-7.781,trivial_move,3,2686931
-7.773,trivial_move,4,2686932
-7.769,flush_begin,0,0
-7.756,flush_end,0,2686932
-7.739,trivial_move,3,2686931
-7.731,trivial_move,4,2686930
-7.727,flush_begin,0,0
-7.715,flush_end,0,2686930
-7.699,trivial_move,3,2686931
-7.691,trivial_move,4,2686932
-7.685,flush_begin,0,0
-7.669,flush_end,0,2686933
-7.653,trivial_move,3,2686931
-7.645,trivial_move,4,2686930
-7.641,flush_begin,0,0
-7.628,flush_end,0,2686930
-7.612,trivial_move,3,2686930
-7.604,trivial_move,4,2686931
-7.601,flush_begin,0,0
-7.589,flush_end,0,2686930
-7.573,trivial_move,3,2686932
-7.565,trivial_move,4,2686931
-7.562,flush_begin,0,0
-7.549,flush_end,0,2686932
-7.534,trivial_move,3,2686930
-7.527,trivial_move,4,2686931
-7.522,flush_begin,0,0
-7.511,flush_end,0,2686930
-7.493,trivial_move,3,2686931
-7.486,trivial_move,4,2686931
-7.483,flush_begin,0,0
-7.470,flush_end,0,2686932
-7.454,trivial_move,3,2686931
-7.446,trivial_move,4,2686930
-7.444,flush_begin,0,0
-7.431,flush_end,0,2686930
-7.414,trivial_move,3,2686930
-7.406,trivial_move,4,2686930
-7.402,flush_begin,0,0
-7.387,flush_end,0,2686931
-7.370,trivial_move,3,2686932
-7.362,trivial_move,4,2686931
-7.358,flush_begin,0,0
-7.345,flush_end,0,2686931
-7.329,trivial_move,3,2686930
-7.321,trivial_move,4,2686931
-7.318,flush_begin,0,0
-7.305,flush_end,0,2686931
-7.288,trivial_move,3,2686932
-7.280,trivial_move,4,2686931
-7.278,flush_begin,0,0
-7.264,flush_end,0,2686931
-7.247,trivial_move,3,2686930
-7.239,trivial_move,4,2686931
-7.238,flush_begin,0,0
-7.225,flush_end,0,2686931
-7.208,trivial_move,3,2686931
-7.200,trivial_move,4,2686930
-7.196,flush_begin,0,0
-7.182,flush_end,0,2686930
-7.166,trivial_move,3,2686931
-7.158,trivial_move,4,2686932
-7.153,flush_begin,0,0
-7.140,flush_end,0,2686932
-7.123,trivial_move,3,2686931
-7.115,trivial_move,4,2686930
-7.109,flush_begin,0,0
-7.096,flush_end,0,2686930
-7.079,trivial_move,3,2686931
-7.071,trivial_move,4,2686932
-7.066,flush_begin,0,0
-7.053,flush_end,0,2686931
-7.037,trivial_move,3,2686930
-7.029,trivial_move,4,2686930
-7.027,flush_begin,0,0
-7.013,flush_end,0,2686931
-6.996,trivial_move,3,2686930
-6.988,trivial_move,4,2686932
-6.986,flush_begin,0,0
-6.972,flush_end,0,2686930
-6.956,trivial_move,3,2686931
-6.948,trivial_move,4,2686931
-6.945,flush_begin,0,0
-6.932,flush_end,0,2686932
-6.916,trivial_move,3,2686933
-6.908,trivial_move,4,2686930
-6.907,flush_begin,0,0
-6.893,flush_end,0,2686930
-6.876,trivial_move,3,2686931
-6.868,trivial_move,4,2686932
-6.866,flush_begin,0,0
-6.852,flush_end,0,2686932
-6.836,trivial_move,3,2686931
-6.828,trivial_move,4,2686930
-6.826,flush_begin,0,0
-6.811,flush_end,0,2686930
-6.794,trivial_move,3,2686930
-6.786,trivial_move,4,2686931
-6.784,flush_begin,0,0
-6.772,flush_end,0,2686932
-6.755,trivial_move,3,2686932
-6.747,trivial_move,4,2686931
-6.745,flush_begin,0,0
-6.731,flush_end,0,2686931
-6.716,trivial_move,3,2686930
-6.708,trivial_move,4,2686931
-6.706,flush_begin,0,0
-6.692,flush_end,0,2686931
-6.676,trivial_move,3,2686932
-6.668,trivial_move,4,2686931
-6.665,flush_begin,0,0
-6.652,flush_end,0,2686931
-6.637,trivial_move,3,2686930
-6.629,trivial_move,4,2686931
-6.623,flush_begin,0,0
-6.609,flush_end,0,2686930
-6.594,trivial_move,3,2686931
-6.585,trivial_move,4,2686930
-6.583,flush_begin,0,0
-6.571,flush_end,0,2686930
-6.555,trivial_move,3,2686931
-6.546,trivial_move,4,2686932
-6.542,flush_begin,0,0
-6.529,flush_end,0,2686931
-6.514,trivial_move,3,2686930
-6.507,trivial_move,4,2686930
-6.502,flush_begin,0,0
-6.489,flush_end,0,2686931
-6.473,trivial_move,3,2686932
-6.465,trivial_move,4,2686932
-6.463,flush_begin,0,0
-6.451,flush_end,0,2686931
-6.435,trivial_move,3,2686930
-6.428,trivial_move,4,2686930
-6.425,flush_begin,0,0
-6.412,flush_end,0,2686931
-6.396,trivial_move,3,2686931
-6.388,trivial_move,4,2686930
-6.384,flush_begin,0,0
-6.372,flush_end,0,2686930
-6.356,trivial_move,3,2686931
-6.348,trivial_move,4,2686932
-6.344,flush_begin,0,0
-6.331,flush_end,0,2686932
-6.315,trivial_move,3,2686931
-6.308,trivial_move,4,2686930
-6.306,flush_begin,0,0
-6.293,flush_end,0,2686930
-6.277,trivial_move,3,2686931
-6.269,trivial_move,4,2686932
-6.266,flush_begin,0,0
-6.252,flush_end,0,2686932
-6.236,trivial_move,3,2686931
-6.228,trivial_move,4,2686930
-6.224,flush_begin,0,0
-6.211,flush_end,0,2686930
-6.194,trivial_move,3,2686930
-6.186,trivial_move,4,2686931
-6.180,flush_begin,0,0
-6.167,flush_end,0,2686931
-6.150,trivial_move,3,2686932
-6.142,trivial_move,4,2686931
-6.138,flush_begin,0,0
-6.126,flush_end,0,2686931
-6.109,trivial_move,3,2686930
-6.101,trivial_move,4,2686932
-6.097,flush_begin,0,0
-6.085,flush_end,0,2686930
-6.069,trivial_move,3,2686933
-6.061,trivial_move,4,2686931
-6.058,flush_begin,0,0
-6.045,flush_end,0,2686932
-6.030,trivial_move,3,2686930
-6.022,trivial_move,4,2686931
-6.017,flush_begin,0,0
-6.005,flush_end,0,2686930
-5.989,trivial_move,3,2686930
-5.982,trivial_move,4,2686930
-5.978,flush_begin,0,0
-5.966,flush_end,0,2686931
-5.950,trivial_move,3,2686932
-5.942,trivial_move,4,2686932
-5.939,flush_begin,0,0
-5.928,flush_end,0,2686931
-5.913,trivial_move,3,2686930
-5.905,trivial_move,4,2686930
-5.901,flush_begin,0,0
-5.890,flush_end,0,2686932
-5.876,trivial_move,3,2686932
-5.867,trivial_move,4,2686931
-5.864,flush_begin,0,0
-5.854,flush_end,0,2686931
-5.839,trivial_move,3,2686930
-5.830,trivial_move,4,2686931
-5.828,flush_begin,0,0
-5.815,flush_end,0,2686931
-5.799,trivial_move,3,2686931
-5.791,trivial_move,4,2686930
-5.788,flush_begin,0,0
-5.776,flush_end,0,2686930
-5.760,trivial_move,3,2686931
-5.752,trivial_move,4,2686932
-5.750,flush_begin,0,0
-5.737,flush_end,0,2686932
-5.722,trivial_move,3,2686931
-5.713,trivial_move,4,2686930
-5.710,flush_begin,0,0
-5.696,flush_end,0,2686930
-5.680,trivial_move,3,2686931
-5.672,trivial_move,4,2686932
-5.669,flush_begin,0,0
-5.654,flush_end,0,2686932
-5.638,trivial_move,3,2686931
-5.631,trivial_move,4,2686930
-5.628,flush_begin,0,0
-5.615,flush_end,0,2686930
-5.598,trivial_move,3,2686930
-5.590,trivial_move,4,2686931
-5.588,flush_begin,0,0
-5.575,flush_end,0,2686930
-5.558,trivial_move,3,2686932
-5.550,trivial_move,4,2686931
-5.546,flush_begin,0,0
-5.532,flush_end,0,2686932
-5.515,trivial_move,3,2686930
-5.508,trivial_move,4,2686931
-5.505,flush_begin,0,0
-5.490,flush_end,0,2686930
-5.473,trivial_move,3,2686931
-5.465,trivial_move,4,2686931
-5.462,flush_begin,0,0
-5.448,flush_end,0,2686932
-5.433,trivial_move,3,2686931
-5.426,trivial_move,4,2686930
-5.421,flush_begin,0,0
-5.407,flush_end,0,2686930
-5.390,trivial_move,3,2686930
-5.383,trivial_move,4,2686930
-5.379,flush_begin,0,0
-5.366,flush_end,0,2686931
-5.350,trivial_move,3,2686932
-5.342,trivial_move,4,2686931
-5.340,flush_begin,0,0
-5.328,flush_end,0,2686931
-5.311,trivial_move,3,2686930
-5.303,trivial_move,4,2686931
-5.301,flush_begin,0,0
-5.287,flush_end,0,2686931
-5.271,trivial_move,3,2686932
-5.263,trivial_move,4,2686931
-5.260,flush_begin,0,0
-5.247,flush_end,0,2686931
-5.230,trivial_move,3,2686930
-5.222,trivial_move,4,2686932
-5.219,flush_begin,0,0
-5.205,flush_end,0,2686931
-5.188,trivial_move,3,2686932
-5.180,trivial_move,4,2686930
-5.175,flush_begin,0,0
-5.161,flush_end,0,2686930
-5.145,trivial_move,3,2686931
-5.136,trivial_move,4,2686932
-5.130,flush_begin,0,0
-5.115,flush_end,0,2686932
-5.099,trivial_move,3,2686931
-5.091,trivial_move,4,2686930
-5.087,flush_begin,0,0
-5.074,flush_end,0,2686930
-5.058,trivial_move,3,2686931
-5.050,trivial_move,4,2686932
-5.048,flush_begin,0,0
-5.035,flush_end,0,2686931
-5.019,trivial_move,3,2686930
-5.011,trivial_move,4,2686930
-5.009,flush_begin,0,0
-4.996,flush_end,0,2686932
-4.980,trivial_move,3,2686930
-4.972,trivial_move,4,2686931
-4.971,flush_begin,0,0
-4.958,flush_end,0,2686930
-4.940,trivial_move,3,2686931
-4.932,trivial_move,4,2686931
-4.932,flush_begin,0,0
-4.919,flush_end,0,2686932
-4.903,trivial_move,3,2686931
-4.895,trivial_move,4,2686930
-4.893,flush_begin,0,0
-4.881,flush_end,0,2686930
-4.865,trivial_move,3,2686931
-4.857,trivial_move,4,2686932
-4.853,flush_begin,0,0
-4.839,flush_end,0,2686932
-4.823,trivial_move,3,2686931
-4.815,trivial_move,4,2686930
-4.812,flush_begin,0,0
-4.799,flush_end,0,2686930
-4.783,trivial_move,3,2686930
-4.775,trivial_move,4,2686931
-4.772,flush_begin,0,0
-4.758,flush_end,0,2686931
-4.741,trivial_move,3,2686932
-4.733,trivial_move,4,2686931
-4.729,flush_begin,0,0
-4.716,flush_end,0,2686931
-4.701,trivial_move,3,2686930
-4.692,trivial_move,4,2686931
-4.689,flush_begin,0,0
-4.676,flush_end,0,2686931
-4.661,trivial_move,3,2686932
-4.653,trivial_move,4,2686931
-4.649,flush_begin,0,0
-4.636,flush_end,0,2686931
-4.620,trivial_move,3,2686930
-4.612,trivial_move,4,2686931
-4.607,flush_begin,0,0
-4.594,flush_end,0,2686930
-4.576,trivial_move,3,2686931
-4.568,trivial_move,4,2686930
-4.566,flush_begin,0,0
-4.552,flush_end,0,2686930
-4.536,trivial_move,3,2686931
-4.528,trivial_move,4,2686932
-4.525,flush_begin,0,0
-4.512,flush_end,0,2686931
-4.496,trivial_move,3,2686930
-4.488,trivial_move,4,2686930
-4.484,flush_begin,0,0
-4.472,flush_end,0,2686931
-4.456,trivial_move,3,2686932
-4.448,trivial_move,4,2686932
-4.445,flush_begin,0,0
-4.431,flush_end,0,2686931
-4.414,trivial_move,3,2686930
-4.406,trivial_move,4,2686930
-4.404,flush_begin,0,0
-4.392,flush_end,0,2686931
-4.376,trivial_move,3,2686931
-4.368,trivial_move,4,2686930
-4.365,flush_begin,0,0
-4.351,flush_end,0,2686930
-4.335,trivial_move,3,2686931
-4.327,trivial_move,4,2686933
-4.326,flush_begin,0,0
-4.312,flush_end,0,2686932
-4.295,trivial_move,3,2686932
-4.287,trivial_move,4,2686930
-4.286,flush_begin,0,0
-4.272,flush_end,0,2686930
-4.256,trivial_move,3,2686931
-4.248,trivial_move,4,2686932
-4.245,flush_begin,0,0
-4.232,flush_end,0,2686932
-4.216,trivial_move,3,2686931
-4.208,trivial_move,4,2686930
-4.205,flush_begin,0,0
-4.191,flush_end,0,2686930
-4.174,trivial_move,3,2686930
-4.166,trivial_move,4,2686931
-4.161,flush_begin,0,0
-4.147,flush_end,0,2686932
-4.131,trivial_move,3,2686932
-4.123,trivial_move,4,2686931
-4.118,flush_begin,0,0
-4.106,flush_end,0,2686931
-4.090,trivial_move,3,2686930
-4.082,trivial_move,4,2686931
-4.077,flush_begin,0,0
-4.064,flush_end,0,2686930
-4.048,trivial_move,3,2686932
-4.040,trivial_move,4,2686931
-4.036,flush_begin,0,0
-4.023,flush_end,0,2686932
-4.009,trivial_move,3,2686930
-4.001,trivial_move,4,2686931
-3.999,flush_begin,0,0
-3.988,flush_end,0,2686930
-3.972,trivial_move,3,2686930
-3.964,trivial_move,4,2686930
-3.963,flush_begin,0,0
-3.953,flush_end,0,2686931
-3.938,trivial_move,3,2686932
-3.930,trivial_move,4,2686932
-3.927,flush_begin,0,0
-3.917,flush_end,0,2686931
-3.902,trivial_move,3,2686930
-3.893,trivial_move,4,2686930
-3.892,flush_begin,0,0
-3.881,flush_end,0,2686931
-3.866,trivial_move,3,2686932
-3.857,trivial_move,4,2686931
-3.856,flush_begin,0,0
-3.845,flush_end,0,2686931
-3.829,trivial_move,3,2686930
-3.821,trivial_move,4,2686931
-3.818,flush_begin,0,0
-3.807,flush_end,0,2686931
-3.791,trivial_move,3,2686931
-3.783,trivial_move,4,2686930
-3.781,flush_begin,0,0
-3.770,flush_end,0,2686930
-3.754,trivial_move,3,2686931
-3.746,trivial_move,4,2686932
-3.744,flush_begin,0,0
-3.732,flush_end,0,2686932
-3.716,trivial_move,3,2686931
-3.708,trivial_move,4,2686930
-3.704,flush_begin,0,0
-3.692,flush_end,0,2686930
-3.676,trivial_move,3,2686931
-3.668,trivial_move,4,2686932
-3.665,flush_begin,0,0
-3.654,flush_end,0,2686932
-3.638,trivial_move,3,2686931
-3.630,trivial_move,4,2686930
-3.625,flush_begin,0,0
-3.612,flush_end,0,2686930
-3.596,trivial_move,3,2686930
-3.589,trivial_move,4,2686931
-3.586,flush_begin,0,0
-3.574,flush_end,0,2686930
-3.557,trivial_move,3,2686932
-3.549,trivial_move,4,2686931
-3.546,flush_begin,0,0
-3.533,flush_end,0,2686932
-3.517,trivial_move,3,2686930
-3.509,trivial_move,4,2686932
-3.506,flush_begin,0,0
-3.492,flush_end,0,2686930
-3.475,trivial_move,3,2686931
-3.468,trivial_move,4,2686931
-3.465,flush_begin,0,0
-3.451,flush_end,0,2686932
-3.429,trivial_move,3,2686932
-3.421,trivial_move,4,2686930
-3.417,flush_begin,0,0
-3.404,flush_end,0,2686930
-3.387,trivial_move,3,2686930
-3.379,trivial_move,4,2686930
-3.377,flush_begin,0,0
-3.363,flush_end,0,2686931
-3.346,trivial_move,3,2686932
-3.338,trivial_move,4,2686931
-3.335,flush_begin,0,0
-3.322,flush_end,0,2686931
-3.305,trivial_move,3,2686930
-3.297,trivial_move,4,2686931
-3.295,flush_begin,0,0
-3.281,flush_end,0,2686932
-3.264,trivial_move,3,2686932
-3.256,trivial_move,4,2686931
-3.253,flush_begin,0,0
-3.238,flush_end,0,2686931
-3.220,trivial_move,3,2686930
-3.212,trivial_move,4,2686931
-3.210,flush_begin,0,0
-3.196,flush_end,0,2686931
-3.179,trivial_move,3,2686931
-3.171,trivial_move,4,2686930
-3.167,flush_begin,0,0
-3.150,flush_end,0,2686930
-3.133,trivial_move,3,2686931
-3.125,trivial_move,4,2686932
-3.125,flush_begin,0,0
-3.111,flush_end,0,2686932
-3.094,trivial_move,3,2686931
-3.086,trivial_move,4,2686930
-3.082,flush_begin,0,0
-3.069,flush_end,0,2686930
-3.053,trivial_move,3,2686931
-3.045,trivial_move,4,2686932
-3.039,flush_begin,0,0
-3.026,flush_end,0,2686931
-3.013,trivial_move,3,2686930
-3.006,trivial_move,4,2686930
-3.000,flush_begin,0,0
-2.980,flush_end,0,2686931
-2.965,trivial_move,3,2686930
-2.957,trivial_move,4,2686931
-2.950,flush_begin,0,0
-2.935,flush_end,0,2686930
-2.918,trivial_move,3,2686931
-2.910,trivial_move,4,2686931
-2.906,flush_begin,0,0
-2.891,flush_end,0,2686932
-2.875,trivial_move,3,2686931
-2.867,trivial_move,4,2686930
-2.864,flush_begin,0,0
-2.850,flush_end,0,2686930
-2.834,trivial_move,3,2686931
-2.826,trivial_move,4,2686932
-2.824,flush_begin,0,0
-2.810,flush_end,0,2686932
-2.793,trivial_move,3,2686931
-2.785,trivial_move,4,2686930
-2.782,flush_begin,0,0
-2.769,flush_end,0,2686930
-2.753,trivial_move,3,2686930
-2.745,trivial_move,4,2686931
-2.741,flush_begin,0,0
-2.728,flush_end,0,2686931
-2.711,trivial_move,3,2686932
-2.703,trivial_move,4,2686931
-2.699,flush_begin,0,0
-2.688,flush_end,0,2686931
-2.671,trivial_move,3,2686930
-2.663,trivial_move,4,2686931
-2.661,flush_begin,0,0
-2.647,flush_end,0,2686931
-2.631,trivial_move,3,2686932
-2.624,trivial_move,4,2686931
-2.621,flush_begin,0,0
-2.608,flush_end,0,2686931
-2.591,trivial_move,3,2686930
-2.583,trivial_move,4,2686932
-2.578,flush_begin,0,0
-2.565,flush_end,0,2686930
-2.548,trivial_move,3,2686932
-2.540,trivial_move,4,2686930
-2.534,flush_begin,0,0
-2.521,flush_end,0,2686930
-2.505,trivial_move,3,2686931
-2.497,trivial_move,4,2686932
-2.495,flush_begin,0,0
-2.481,flush_end,0,2686931
-2.465,trivial_move,3,2686930
-2.457,trivial_move,4,2686930
-2.452,flush_begin,0,0
-2.439,flush_end,0,2686931
-2.422,trivial_move,3,2686932
-2.414,trivial_move,4,2686932
-2.409,flush_begin,0,0
-2.397,flush_end,0,2686931
-2.380,trivial_move,3,2686930
-2.372,trivial_move,4,2686930
-2.367,flush_begin,0,0
-2.353,flush_end,0,2686932
-2.336,trivial_move,3,2686931
-2.328,trivial_move,4,2686930
-2.326,flush_begin,0,0
-2.312,flush_end,0,2686930
-2.295,trivial_move,3,2686931
-2.287,trivial_move,4,2686932
-2.285,flush_begin,0,0
-2.271,flush_end,0,2686932
-2.254,trivial_move,3,2686931
-2.246,trivial_move,4,2686930
-2.243,flush_begin,0,0
-2.228,flush_end,0,2686930
-2.211,trivial_move,3,2686931
-2.203,trivial_move,4,2686932
-2.198,flush_begin,0,0
-2.185,flush_end,0,2686932
-2.168,trivial_move,3,2686931
-2.160,trivial_move,4,2686930
-2.157,flush_begin,0,0
-2.143,flush_end,0,2686930
-2.126,trivial_move,3,2686930
-2.118,trivial_move,4,2686931
-2.115,flush_begin,0,0
-2.102,flush_end,0,2686931
-2.085,trivial_move,3,2686932
-2.077,trivial_move,4,2686931
-2.073,flush_begin,0,0
-2.059,flush_end,0,2686931
-2.043,trivial_move,3,2686930
-2.035,trivial_move,4,2686931
-2.030,flush_begin,0,0
-2.017,flush_end,0,2686930
-2.001,trivial_move,3,2686932
-1.993,trivial_move,4,2686931
-1.989,flush_begin,0,0
-1.976,flush_end,0,2686932
-1.959,trivial_move,3,2686930
-1.951,trivial_move,4,2686931
-1.947,flush_begin,0,0
-1.934,flush_end,0,2686930
-1.919,trivial_move,3,2686930
-1.910,trivial_move,4,2686930
-1.907,flush_begin,0,0
-1.894,flush_end,0,2686931
-1.878,trivial_move,3,2686932
-1.870,trivial_move,4,2686932
-1.868,flush_begin,0,0
-1.855,flush_end,0,2686931
-1.838,trivial_move,3,2686930
-1.830,trivial_move,4,2686930
-1.827,flush_begin,0,0
-1.813,flush_end,0,2686931
-1.796,trivial_move,3,2686932
-1.788,trivial_move,4,2686931
-1.785,flush_begin,0,0
-1.771,flush_end,0,2686931
-1.754,trivial_move,3,2686930
-1.746,trivial_move,4,2686931
-1.741,flush_begin,0,0
-1.727,flush_end,0,2686931
-1.710,trivial_move,3,2686931
-1.702,trivial_move,4,2686930
-1.699,flush_begin,0,0
-1.686,flush_end,0,2686930
-1.670,trivial_move,3,2686931
-1.662,trivial_move,4,2686933
-1.658,flush_begin,0,0
-1.645,flush_end,0,2686932
-1.628,trivial_move,3,2686932
-1.620,trivial_move,4,2686930
-1.617,flush_begin,0,0
-1.603,flush_end,0,2686930
-1.587,trivial_move,3,2686931
-1.579,trivial_move,4,2686932
-1.576,flush_begin,0,0
-1.563,flush_end,0,2686932
-1.546,trivial_move,3,2686931
-1.538,trivial_move,4,2686930
-1.535,flush_begin,0,0
-1.522,flush_end,0,2686930
-1.505,trivial_move,3,2686930
-1.498,trivial_move,4,2686931
-1.495,flush_begin,0,0
-1.481,flush_end,0,2686930
-1.464,trivial_move,3,2686932
-1.456,trivial_move,4,2686931
-1.453,flush_begin,0,0
-1.441,flush_end,0,2686933
-1.424,trivial_move,3,2686930
-1.415,trivial_move,4,2686931
-1.412,flush_begin,0,0
-1.399,flush_end,0,2686930
-1.384,trivial_move,3,2686931
-1.375,trivial_move,4,2686931
-1.371,flush_begin,0,0
-1.358,flush_end,0,2686932
-1.342,trivial_move,3,2686931
-1.334,trivial_move,4,2686930
-1.332,flush_begin,0,0
-1.319,flush_end,0,2686930
-1.302,trivial_move,3,2686930
-1.294,trivial_move,4,2686930
-1.291,flush_begin,0,0
-1.277,flush_end,0,2686931
-1.260,trivial_move,3,2686932
-1.252,trivial_move,4,2686931
-1.249,flush_begin,0,0
-1.235,flush_end,0,2686931
-1.218,trivial_move,3,2686930
-1.210,trivial_move,4,2686931
-1.207,flush_begin,0,0
-1.192,flush_end,0,2686931
-1.175,trivial_move,3,2686932
-1.167,trivial_move,4,2686931
-1.164,flush_begin,0,0
-1.151,flush_end,0,2686931
-1.135,trivial_move,3,2686930
-1.127,trivial_move,4,2686931
-1.123,flush_begin,0,0
-1.109,flush_end,0,2686931
-1.093,trivial_move,3,2686931
-1.084,trivial_move,4,2686930
-1.079,flush_begin,0,0
-1.064,flush_end,0,2686930
-1.048,trivial_move,3,2686931
-1.040,trivial_move,4,2686932
-1.036,flush_begin,0,0
-1.023,flush_end,0,2686932
-1.008,trivial_move,3,2686931
-1.000,trivial_move,4,2686930
-0.994,flush_begin,0,0
-0.981,flush_end,0,2686930
-0.966,trivial_move,3,2686931
-0.958,trivial_move,4,2686932
-0.953,flush_begin,0,0
-0.940,flush_end,0,2686931
-0.924,trivial_move,3,2686930
-0.916,trivial_move,4,2686930
-0.913,flush_begin,0,0
-0.900,flush_end,0,2686931
-0.884,trivial_move,3,2686930
-0.875,trivial_move,4,2686931
-0.872,flush_begin,0,0
-0.858,flush_end,0,2686930
-0.843,trivial_move,3,2686931
-0.835,trivial_move,4,2686931
-0.831,flush_begin,0,0
-0.817,flush_end,0,2686932
-0.801,trivial_move,3,2686931
-0.793,trivial_move,4,2686930
-0.789,flush_begin,0,0
-0.776,flush_end,0,2686930
-0.759,trivial_move,3,2686931
-0.751,trivial_move,4,2686933
-0.747,flush_begin,0,0
-0.734,flush_end,0,2686932
-0.719,trivial_move,3,2686932
-0.711,trivial_move,4,2686930
-0.706,flush_begin,0,0
-0.693,flush_end,0,2686930
-0.676,trivial_move,3,2686930
-0.668,trivial_move,4,2686931
-0.666,flush_begin,0,0
-0.653,flush_end,0,2686931
-0.637,trivial_move,3,2686932
-0.629,trivial_move,4,2686931
-0.626,flush_begin,0,0
-0.611,flush_end,0,2686931
-0.594,trivial_move,3,2686930
-0.586,trivial_move,4,2686931
-0.581,flush_begin,0,0
-0.567,flush_end,0,2686932
-0.551,trivial_move,3,2686932
-0.543,trivial_move,4,2686931
-0.542,flush_begin,0,0
-0.530,flush_end,0,2686931
-0.514,trivial_move,3,2686930
-0.507,trivial_move,4,2686931
-0.505,flush_begin,0,0
-0.494,flush_end,0,2686930
-0.480,trivial_move,3,2686931
-0.474,trivial_move,4,2686930
-0.472,flush_begin,0,0
-0.462,flush_end,0,2686930
-0.445,trivial_move,3,2686931
-0.437,trivial_move,4,2686932
-0.436,flush_begin,0,0
-0.426,flush_end,0,2686931
-0.411,trivial_move,3,2686930
-0.403,trivial_move,4,2686930
-0.402,flush_begin,0,0
-0.393,flush_end,0,2686931
-0.376,trivial_move,3,2686932
-0.368,trivial_move,4,2686932
-0.368,flush_begin,0,0
-0.357,flush_end,0,2686931
-0.342,trivial_move,3,2686930
-0.334,trivial_move,4,2686930
-0.333,flush_begin,0,0
-0.323,flush_end,0,2686931
-0.309,trivial_move,3,2686931
-0.302,trivial_move,4,2686930
-0.299,flush_begin,0,0
-0.290,flush_end,0,2686930
-0.273,trivial_move,3,2686931
-0.265,trivial_move,4,2686932
-0.265,flush_begin,0,0
-0.255,flush_end,0,2686932
-0.239,trivial_move,3,2686931
-0.233,trivial_move,4,2686930
-0.231,flush_begin,0,0
-0.222,flush_end,0,2686930
-0.207,trivial_move,3,2686931
-0.199,trivial_move,4,2686932
-0.197,flush_begin,0,0
-0.188,flush_end,0,2686932
-0.173,trivial_move,3,2686931
-0.165,trivial_move,4,2686930
-0.163,flush_begin,0,0
-0.154,flush_end,0,2686930
-0.138,trivial_move,3,2686930
-0.130,trivial_move,4,2686931
-0.129,flush_begin,0,0
-0.119,flush_end,0,2686931
-0.103,trivial_move,3,2686932
-0.094,trivial_move,4,2686931
-0.093,flush_begin,0,0
-0.082,flush_end,0,2686931
-0.066,trivial_move,3,2686930
-0.058,trivial_move,4,2686931
-0.058,flush_begin,0,0
-0.048,flush_end,0,2686930
-0.032,trivial_move,3,2686932
-0.024,trivial_move,4,2686931
-0.023,flush_begin,0,0
-0.011,flush_end,0,2686932
0.006,trivial_move,3,2686930
0.014,trivial_move,4,2686933
0.015,flush_begin,0,0
0.026,flush_end,0,2686930
0.043,trivial_move,3,2686930
0.051,trivial_move,4,2686930
0.053,flush_begin,0,0
0.065,flush_end,0,2686931
0.081,trivial_move,3,2686933
0.089,trivial_move,4,2686932
0.092,flush_begin,0,0
0.103,flush_end,0,2686931
0.119,trivial_move,3,2686930
0.127,trivial_move,4,2686930
0.130,flush_begin,0,0
0.143,flush_end,0,2686931
0.160,trivial_move,3,2686932
0.168,trivial_move,4,2686931
0.170,flush_begin,0,0
0.182,flush_end,0,2686931
0.199,trivial_move,3,2686930
0.207,trivial_move,4,2686931
0.210,flush_begin,0,0
0.222,flush_end,0,2686933
0.239,trivial_move,3,2686931
0.247,trivial_move,4,2686930
0.250,flush_begin,0,0
0.261,flush_end,0,2686930
0.278,trivial_move,3,2686931
0.286,trivial_move,4,2686932
0.288,flush_begin,0,0
0.301,flush_end,0,2686932
0.318,trivial_move,3,2686931
0.326,trivial_move,4,2686930
0.328,flush_begin,0,0
0.341,flush_end,0,2686930
0.358,trivial_move,3,2686931
0.366,trivial_move,4,2686932
0.368,flush_begin,0,0
0.380,flush_end,0,2686932
0.396,trivial_move,3,2686931
0.404,trivial_move,4,2686930
0.407,flush_begin,0,0
0.419,flush_end,0,2686930
0.435,trivial_move,3,2686930
0.443,trivial_move,4,2686931
0.444,flush_begin,0,0
0.456,flush_end,0,2686930
0.472,trivial_move,3,2686932
0.480,trivial_move,4,2686931
0.483,flush_begin,0,0
0.494,flush_end,0,2686932
0.511,trivial_move,3,2686930
0.519,trivial_move,4,2686931
0.523,flush_begin,0,0
0.534,flush_end,0,2686930
0.550,trivial_move,3,2686931
0.558,trivial_move,4,2686931
0.559,flush_begin,0,0
0.570,flush_end,0,2686932
0.586,trivial_move,3,2686931
0.594,trivial_move,4,2686930
0.596,flush_begin,0,0
0.607,flush_end,0,2686930
0.623,trivial_move,3,2686930
0.631,trivial_move,4,2686930
0.633,flush_begin,0,0
0.644,flush_end,0,2686931
0.660,trivial_move,3,2686932
0.668,trivial_move,4,2686931
0.670,flush_begin,0,0
0.684,flush_end,0,2686931
0.701,trivial_move,3,2686930
0.709,trivial_move,4,2686931
0.711,flush_begin,0,0
0.724,flush_end,0,2686931
0.740,trivial_move,3,2686932
0.748,trivial_move,4,2686931
0.751,flush_begin,0,0
0.763,flush_end,0,2686931
0.779,trivial_move,3,2686930
0.786,trivial_move,4,2686931
0.791,flush_begin,0,0
0.804,flush_end,0,2686931
0.821,trivial_move,3,2686931
0.828,trivial_move,4,2686930
0.831,flush_begin,0,0
0.844,flush_end,0,2686930
0.859,trivial_move,3,2686931
0.868,trivial_move,4,2686933
0.871,flush_begin,0,0
0.884,flush_end,0,2686932
0.900,trivial_move,3,2686932
0.907,trivial_move,4,2686930
0.910,flush_begin,0,0
0.924,flush_end,0,2686930
0.941,trivial_move,3,2686931
0.949,trivial_move,4,2686932
0.951,flush_begin,0,0
0.965,flush_end,0,2686931
0.982,trivial_move,3,2686930
0.989,trivial_move,4,2686930
0.991,flush_begin,0,0
1.005,flush_end,0,2686931
1.022,trivial_move,3,2686930
1.030,trivial_move,4,2686931
1.032,flush_begin,0,0
1.045,flush_end,0,2686930
1.062,trivial_move,3,2686931
1.070,trivial_move,4,2686931
1.072,flush_begin,0,0
1.086,flush_end,0,2686933
1.103,trivial_move,3,2686931
1.111,trivial_move,4,2686930
1.115,flush_begin,0,0
1.128,flush_end,0,2686930
1.145,trivial_move,3,2686931
1.153,trivial_move,4,2686932
1.155,flush_begin,0,0
1.169,flush_end,0,2686932
1.186,trivial_move,3,2686931
1.194,trivial_move,4,2686930
1.196,flush_begin,0,0
1.208,flush_end,0,2686930
1.224,trivial_move,3,2686930
1.232,trivial_move,4,2686931
1.235,flush_begin,0,0
1.248,flush_end,0,2686931
1.264,trivial_move,3,2686932
1.272,trivial_move,4,2686931
1.275,flush_begin,0,0
1.288,flush_end,0,2686931
1.304,trivial_move,3,2686930
1.312,trivial_move,4,2686931
1.316,flush_begin,0,0
1.325,flush_end,0,2686931
1.342,trivial_move,3,2686932
1.350,trivial_move,4,2686931
1.351,flush_begin,0,0
1.361,flush_end,0,2686931
1.377,trivial_move,3,2686930
1.385,trivial_move,4,2686931
1.386,flush_begin,0,0
1.396,flush_end,0,2686930
1.411,trivial_move,3,2686931
1.420,trivial_move,4,2686930
1.421,flush_begin,0,0
1.432,flush_end,0,2686930
1.448,trivial_move,3,2686931
1.456,trivial_move,4,2686932
1.458,flush_begin,0,0
1.469,flush_end,0,2686931
1.485,trivial_move,3,2686930
1.492,trivial_move,4,2686930
1.495,flush_begin,0,0
1.508,flush_end,0,2686931
1.525,trivial_move,3,2686932
1.533,trivial_move,4,2686932
1.534,flush_begin,0,0
1.545,flush_end,0,2686931
1.562,trivial_move,3,2686930
1.570,trivial_move,4,2686930
1.571,flush_begin,0,0
1.583,flush_end,0,2686931
1.599,trivial_move,3,2686931
1.607,trivial_move,4,2686930
1.608,flush_begin,0,0
1.620,flush_end,0,2686930
1.636,trivial_move,3,2686931
1.644,trivial_move,4,2686932
1.646,flush_begin,0,0
1.657,flush_end,0,2686932
1.674,trivial_move,3,2686931
1.682,trivial_move,4,2686930
1.683,flush_begin,0,0
1.695,flush_end,0,2686930
1.710,trivial_move,3,2686931
1.719,trivial_move,4,2686933
1.721,flush_begin,0,0
1.734,flush_end,0,2686932
1.750,trivial_move,3,2686933
1.757,trivial_move,4,2686930
1.759,flush_begin,0,0
1.772,flush_end,0,2686930
1.789,trivial_move,3,2686930
1.797,trivial_move,4,2686931
1.800,flush_begin,0,0
1.812,flush_end,0,2686931
1.829,trivial_move,3,2686932
1.837,trivial_move,4,2686931
1.840,flush_begin,0,0
1.852,flush_end,0,2686931
1.868,trivial_move,3,2686930
1.876,trivial_move,4,2686931
1.880,flush_begin,0,0
1.892,flush_end,0,2686930
1.908,trivial_move,3,2686932
1.917,trivial_move,4,2686931
1.920,flush_begin,0,0
1.933,flush_end,0,2686933
1.949,trivial_move,3,2686930
1.957,trivial_move,4,2686931
1.958,flush_begin,0,0
1.972,flush_end,0,2686930
1.989,trivial_move,3,2686930
1.997,trivial_move,4,2686930
1.999,flush_begin,0,0
2.013,flush_end,0,2686931
2.030,trivial_move,3,2686932
2.038,trivial_move,4,2686932
2.040,flush_begin,0,0
2.055,flush_end,0,2686931
2.072,trivial_move,3,2686930
2.080,trivial_move,4,2686930
2.084,flush_begin,0,0
2.098,flush_end,0,2686931
2.114,trivial_move,3,2686932
2.122,trivial_move,4,2686931
2.124,flush_begin,0,0
2.138,flush_end,0,2686931
2.155,trivial_move,3,2686930
2.163,trivial_move,4,2686931
2.167,flush_begin,0,0
2.182,flush_end,0,2686931
2.199,trivial_move,3,2686931
2.207,trivial_move,4,2686930
2.210,flush_begin,0,0
2.224,flush_end,0,2686930
2.241,trivial_move,3,2686931
2.249,trivial_move,4,2686932
2.253,flush_begin,0,0
2.268,flush_end,0,2686932
2.286,trivial_move,3,2686931
2.294,trivial_move,4,2686930
2.298,flush_begin,0,0
2.311,flush_end,0,2686930
2.328,trivial_move,3,2686931
2.336,trivial_move,4,2686932
2.340,flush_begin,0,0
2.354,flush_end,0,2686932
2.371,trivial_move,3,2686931
2.379,trivial_move,4,2686930
2.382,flush_begin,0,0
2.396,flush_end,0,2686930
2.413,trivial_move,3,2686930
2.421,trivial_move,4,2686931
2.424,flush_begin,0,0
2.439,flush_end,0,2686930
2.456,trivial_move,3,2686932
2.464,trivial_move,4,2686931
2.467,flush_begin,0,0
2.480,flush_end,0,2686932
2.494,trivial_move,3,2686930
2.502,trivial_move,4,2686931
2.506,flush_begin,0,0
2.526,flush_end,0,2686930
2.542,trivial_move,3,2686931
2.550,trivial_move,4,2686931
2.554,flush_begin,0,0
2.567,flush_end,0,2686932
2.583,trivial_move,3,2686931
2.591,trivial_move,4,2686930
2.595,flush_begin,0,0
2.608,flush_end,0,2686930
2.625,trivial_move,3,2686930
2.633,trivial_move,4,2686930
2.638,flush_begin,0,0
2.651,flush_end,0,2686931
2.668,trivial_move,3,2686933
2.676,trivial_move,4,2686931
2.678,flush_begin,0,0
2.690,flush_end,0,2686931
2.706,trivial_move,3,2686930
2.714,trivial_move,4,2686931
2.717,flush_begin,0,0
2.728,flush_end,0,2686931
2.745,trivial_move,3,2686932
2.753,trivial_move,4,2686931
2.756,flush_begin,0,0
2.769,flush_end,0,2686931
2.785,trivial_move,3,2686930
2.793,trivial_move,4,2686931
2.793,flush_begin,0,0
2.807,flush_end,0,2686932
2.823,trivial_move,3,2686931
2.832,trivial_move,4,2686930
2.834,flush_begin,0,0
2.848,flush_end,0,2686930
2.865,trivial_move,3,2686931
2.873,trivial_move,4,2686932
2.874,flush_begin,0,0
2.888,flush_end,0,2686932
2.904,trivial_move,3,2686931
2.912,trivial_move,4,2686930
2.914,flush_begin,0,0
2.928,flush_end,0,2686930
2.945,trivial_move,3,2686931
2.955,trivial_move,4,2686932
2.957,flush_begin,0,0
2.969,flush_end,0,2686931
2.986,trivial_move,3,2686930
2.994,trivial_move,4,2686930
2.996,flush_begin,0,0
3.010,flush_end,0,2686931
3.027,trivial_move,3,2686930
3.035,trivial_move,4,2686931
3.036,flush_begin,0,0
3.048,flush_end,0,2686930
3.065,trivial_move,3,2686931
3.073,trivial_move,4,2686931
3.074,flush_begin,0,0
3.086,flush_end,0,2686932
3.103,trivial_move,3,2686931
3.111,trivial_move,4,2686930
3.112,flush_begin,0,0
3.127,flush_end,0,2686930
3.144,trivial_move,3,2686931
3.152,trivial_move,4,2686932
3.154,flush_begin,0,0
3.168,flush_end,0,2686932
3.185,trivial_move,3,2686931
3.193,trivial_move,4,2686930
3.195,flush_begin,0,0
3.210,flush_end,0,2686930
3.227,trivial_move,3,2686930
3.235,trivial_move,4,2686931
3.238,flush_begin,0,0
3.250,flush_end,0,2686931
3.266,trivial_move,3,2686932
3.274,trivial_move,4,2686931
3.277,flush_begin,0,0
3.290,flush_end,0,2686931
3.307,trivial_move,3,2686930
3.315,trivial_move,4,2686931
3.318,flush_begin,0,0
3.333,flush_end,0,2686931
3.349,trivial_move,3,2686932
3.357,trivial_move,4,2686931
3.358,flush_begin,0,0
3.372,flush_end,0,2686931
3.389,trivial_move,3,2686930
3.396,trivial_move,4,2686931
3.403,flush_begin,0,0
3.417,flush_end,0,2686930
3.433,trivial_move,3,2686931
3.441,trivial_move,4,2686930
3.445,flush_begin,0,0
3.458,flush_end,0,2686930
3.473,trivial_move,3,2686931
3.482,trivial_move,4,2686933
3.487,flush_begin,0,0
3.500,flush_end,0,2686931
3.516,trivial_move,3,2686930
3.524,trivial_move,4,2686930
3.526,flush_begin,0,0
3.538,flush_end,0,2686931
3.553,trivial_move,3,2686933
3.562,trivial_move,4,2686932
3.565,flush_begin,0,0
3.577,flush_end,0,2686931
3.592,trivial_move,3,2686930
3.600,trivial_move,4,2686930
3.604,flush_begin,0,0
3.615,flush_end,0,2686931
3.631,trivial_move,3,2686931
3.639,trivial_move,4,2686930
3.641,flush_begin,0,0
3.653,flush_end,0,2686930
3.669,trivial_move,3,2686931
3.677,trivial_move,4,2686932
3.678,flush_begin,0,0
3.690,flush_end,0,2686933
3.707,trivial_move,3,2686931
3.715,trivial_move,4,2686930
3.716,flush_begin,0,0
3.729,flush_end,0,2686930
3.746,trivial_move,3,2686931
3.754,trivial_move,4,2686932
3.755,flush_begin,0,0
3.767,flush_end,0,2686932
3.784,trivial_move,3,2686931
3.792,trivial_move,4,2686930
3.795,flush_begin,0,0
3.807,flush_end,0,2686930
3.823,trivial_move,3,2686930
3.831,trivial_move,4,2686931
3.834,flush_begin,0,0
3.846,flush_end,0,2686931
3.863,trivial_move,3,2686932
3.871,trivial_move,4,2686931
3.872,flush_begin,0,0
3.884,flush_end,0,2686931
3.901,trivial_move,3,2686930
3.909,trivial_move,4,2686931
3.911,flush_begin,0,0
3.923,flush_end,0,2686930
3.940,trivial_move,3,2686932
3.948,trivial_move,4,2686931
3.950,flush_begin,0,0
3.964,flush_end,0,2686932
3.981,trivial_move,3,2686930
3.989,trivial_move,4,2686931
3.992,flush_begin,0,0
4.006,flush_end,0,2686930
4.022,trivial_move,3,2686930
4.030,trivial_move,4,2686930
4.033,flush_begin,0,0
4.047,flush_end,0,2686931
4.063,trivial_move,3,2686932
4.071,trivial_move,4,2686932
4.075,flush_begin,0,0
4.087,flush_end,0,2686931
4.103,trivial_move,3,2686930
4.111,trivial_move,4,2686930
4.113,flush_begin,0,0
4.125,flush_end,0,2686931
4.142,trivial_move,3,2686932
4.150,trivial_move,4,2686931
4.153,flush_begin,0,0
4.166,flush_end,0,2686931
4.183,trivial_move,3,2686930
4.192,trivial_move,4,2686931
4.195,flush_begin,0,0
4.209,flush_end,0,2686931
4.226,trivial_move,3,2686931
4.234,trivial_move,4,2686930
4.235,flush_begin,0,0
4.249,flush_end,0,2686930
4.266,trivial_move,3,2686931
4.274,trivial_move,4,2686932
4.279,flush_begin,0,0
4.294,flush_end,0,2686932
4.311,trivial_move,3,2686931
4.319,trivial_move,4,2686930
4.323,flush_begin,0,0
4.337,flush_end,0,2686930
4.354,trivial_move,3,2686931
4.362,trivial_move,4,2686933
4.366,flush_begin,0,0
4.378,flush_end,0,2686932
4.393,trivial_move,3,2686932
4.402,trivial_move,4,2686930
4.407,flush_begin,0,0
4.420,flush_end,0,2686930
4.436,trivial_move,3,2686930
4.444,trivial_move,4,2686931
4.447,flush_begin,0,0
4.460,flush_end,0,2686930
4.476,trivial_move,3,2686932
4.484,trivial_move,4,2686931
4.489,flush_begin,0,0
4.502,flush_end,0,2686932
4.519,trivial_move,3,2686930
4.527,trivial_move,4,2686931
4.532,flush_begin,0,0
4.547,flush_end,0,2686930
4.564,trivial_move,3,2686931
4.572,trivial_move,4,2686931
4.576,flush_begin,0,0
4.590,flush_end,0,2686933
4.607,trivial_move,3,2686931
4.615,trivial_move,4,2686930
4.616,flush_begin,0,0
4.632,flush_end,0,2686930
4.648,trivial_move,3,2686930
4.656,trivial_move,4,2686930
4.657,flush_begin,0,0
4.672,flush_end,0,2686931
4.688,trivial_move,3,2686932
4.696,trivial_move,4,2686931
4.697,flush_begin,0,0
4.710,flush_end,0,2686931
4.727,trivial_move,3,2686930
4.735,trivial_move,4,2686931
4.738,flush_begin,0,0
4.751,flush_end,0,2686931
4.768,trivial_move,3,2686932
4.776,trivial_move,4,2686931
4.779,flush_begin,0,0
4.793,flush_end,0,2686931
4.809,trivial_move,3,2686930
4.817,trivial_move,4,2686931
4.821,flush_begin,0,0
4.834,flush_end,0,2686931
4.851,trivial_move,3,2686931
4.859,trivial_move,4,2686930
4.862,flush_begin,0,0
4.875,flush_end,0,2686930
4.891,trivial_move,3,2686931
4.899,trivial_move,4,2686932
4.903,flush_begin,0,0
4.916,flush_end,0,2686932
4.933,trivial_move,3,2686931
4.941,trivial_move,4,2686930
4.945,flush_begin,0,0
4.958,flush_end,0,2686930
4.974,trivial_move,3,2686931
4.983,trivial_move,4,2686932
4.985,flush_begin,0,0
4.998,flush_end,0,2686931
5.014,trivial_move,3,2686930
5.022,trivial_move,4,2686930
5.028,flush_begin,0,0
5.041,flush_end,0,2686931
5.057,trivial_move,3,2686930
5.066,trivial_move,4,2686931
5.071,flush_begin,0,0
5.084,flush_end,0,2686930
5.101,trivial_move,3,2686931
5.109,trivial_move,4,2686931
5.114,flush_begin,0,0
5.127,flush_end,0,2686932
5.144,trivial_move,3,2686931
5.152,trivial_move,4,2686930
5.155,flush_begin,0,0
5.167,flush_end,0,2686930
5.184,trivial_move,3,2686931
5.192,trivial_move,4,2686932
5.196,flush_begin,0,0
5.209,flush_end,0,2686932
5.226,trivial_move,3,2686931
5.234,trivial_move,4,2686930
5.237,flush_begin,0,0
5.250,flush_end,0,2686930
5.266,trivial_move,3,2686930
5.274,trivial_move,4,2686932
5.278,flush_begin,0,0
5.290,flush_end,0,2686931
5.307,trivial_move,3,2686933
5.315,trivial_move,4,2686931
5.319,flush_begin,0,0
5.332,flush_end,0,2686931
5.348,trivial_move,3,2686930
5.356,trivial_move,4,2686931
5.359,flush_begin,0,0
5.373,flush_end,0,2686931
5.390,trivial_move,3,2686932
5.398,trivial_move,4,2686931
5.403,flush_begin,0,0
5.416,flush_end,0,2686931
5.433,trivial_move,3,2686930
5.441,trivial_move,4,2686931
5.446,flush_begin,0,0
5.459,flush_end,0,2686930
5.476,trivial_move,3,2686931
5.484,trivial_move,4,2686930
5.490,flush_begin,0,0
5.503,flush_end,0,2686930
5.519,trivial_move,3,2686931
5.527,trivial_move,4,2686932
5.532,flush_begin,0,0
5.544,flush_end,0,2686931
5.561,trivial_move,3,2686930
5.569,trivial_move,4,2686930
5.573,flush_begin,0,0
5.585,flush_end,0,2686931
5.601,trivial_move,3,2686932
5.609,trivial_move,4,2686932
5.614,flush_begin,0,0
5.627,flush_end,0,2686931
5.643,trivial_move,3,2686930
5.651,trivial_move,4,2686930
5.654,flush_begin,0,0
5.667,flush_end,0,2686931
5.684,trivial_move,3,2686931
5.692,trivial_move,4,2686930
5.695,flush_begin,0,0
5.708,flush_end,0,2686930
5.725,trivial_move,3,2686931
5.733,trivial_move,4,2686932
5.736,flush_begin,0,0
5.748,flush_end,0,2686932
5.765,trivial_move,3,2686931
5.773,trivial_move,4,2686930
5.777,flush_begin,0,0
5.790,flush_end,0,2686930
5.806,trivial_move,3,2686931
5.814,trivial_move,4,2686932
5.820,flush_begin,0,0
5.833,flush_end,0,2686932
5.850,trivial_move,3,2686931
5.858,trivial_move,4,2686930
5.860,flush_begin,0,0
5.873,flush_end,0,2686930
5.890,trivial_move,3,2686930
5.898,trivial_move,4,2686931
5.900,flush_begin,0,0
5.913,flush_end,0,2686931
5.930,trivial_move,3,2686932
5.938,trivial_move,4,2686931
5.942,flush_begin,0,0
5.954,flush_end,0,2686931
5.970,trivial_move,3,2686930
5.978,trivial_move,4,2686931
5.983,flush_begin,0,0
5.997,flush_end,0,2686930
6.014,trivial_move,3,2686932
6.022,trivial_move,4,2686931
6.025,flush_begin,0,0
6.038,flush_end,0,2686932
6.055,trivial_move,3,2686930
6.063,trivial_move,4,2686931
6.069,flush_begin,0,0
6.080,flush_end,0,2686930
6.097,trivial_move,3,2686930
6.105,trivial_move,4,2686930
6.110,flush_begin,0,0
6.122,flush_end,0,2686931
6.139,trivial_move,3,2686932
6.147,trivial_move,4,2686933
6.151,flush_begin,0,0
6.165,flush_end,0,2686931
6.182,trivial_move,3,2686930
6.190,trivial_move,4,2686930
6.193,flush_begin,0,0
6.206,flush_end,0,2686931
6.223,trivial_move,3,2686933
6.231,trivial_move,4,2686931
6.234,flush_begin,0,0
6.247,flush_end,0,2686931
6.264,trivial_move,3,2686930
6.272,trivial_move,4,2686931
6.277,flush_begin,0,0
6.290,flush_end,0,2686931
6.307,trivial_move,3,2686931
6.315,trivial_move,4,2686930
6.317,flush_begin,0,0
6.330,flush_end,0,2686930
6.347,trivial_move,3,2686931
6.355,trivial_move,4,2686932
6.355,flush_begin,0,0
6.368,flush_end,0,2686933
6.384,trivial_move,3,2686931
6.392,trivial_move,4,2686930
6.393,flush_begin,0,0
6.406,flush_end,0,2686930
6.423,trivial_move,3,2686931
6.431,trivial_move,4,2686932
6.434,flush_begin,0,0
6.447,flush_end,0,2686932
6.464,trivial_move,3,2686931
6.472,trivial_move,4,2686930
6.474,flush_begin,0,0
6.487,flush_end,0,2686930
6.504,trivial_move,3,2686930
6.512,trivial_move,4,2686931
6.514,flush_begin,0,0
6.527,flush_end,0,2686930
6.544,trivial_move,3,2686932
6.552,trivial_move,4,2686931
6.554,flush_begin,0,0
6.569,flush_end,0,2686932
6.584,trivial_move,3,2686930
6.593,trivial_move,4,2686931
6.596,flush_begin,0,0
6.609,flush_end,0,2686930
6.625,trivial_move,3,2686931
6.633,trivial_move,4,2686931
6.637,flush_begin,0,0
6.649,flush_end,0,2686932
6.666,trivial_move,3,2686931
6.674,trivial_move,4,2686930
6.678,flush_begin,0,0
6.691,flush_end,0,2686930
6.708,trivial_move,3,2686930
6.716,trivial_move,4,2686930
6.718,flush_begin,0,0
6.731,flush_end,0,2686931
6.748,trivial_move,3,2686932
6.756,trivial_move,4,2686931
6.761,flush_begin,0,0
6.775,flush_end,0,2686931
6.792,trivial_move,3,2686930
6.800,trivial_move,4,2686931
6.803,flush_begin,0,0
6.815,flush_end,0,2686931
6.832,trivial_move,3,2686932
6.840,trivial_move,4,2686931
6.845,flush_begin,0,0
6.858,flush_end,0,2686931
6.875,trivial_move,3,2686930
6.883,trivial_move,4,2686931
6.886,flush_begin,0,0
6.898,flush_end,0,2686931
6.915,trivial_move,3,2686931
6.923,trivial_move,4,2686930
6.925,flush_begin,0,0
6.937,flush_end,0,2686930
6.953,trivial_move,3,2686931
6.962,trivial_move,4,2686932
6.963,flush_begin,0,0
6.974,flush_end,0,2686932
6.991,trivial_move,3,2686931
6.999,trivial_move,4,2686930
6.999,flush_begin,0,0
7.010,flush_end,0,2686930
7.027,trivial_move,3,2686931
7.035,trivial_move,4,2686933
7.036,flush_begin,0,0
7.048,flush_end,0,2686931
7.065,trivial_move,3,2686930
7.073,trivial_move,4,2686930
7.073,flush_begin,0,0
7.085,flush_end,0,2686931
7.101,trivial_move,3,2686930
7.109,trivial_move,4,2686931
7.111,flush_begin,0,0
7.124,flush_end,0,2686930
7.141,trivial_move,3,2686931
7.149,trivial_move,4,2686931
7.152,flush_begin,0,0
7.164,flush_end,0,2686932
7.181,trivial_move,3,2686931
7.189,trivial_move,4,2686930
7.194,flush_begin,0,0
7.206,flush_end,0,2686930
7.223,trivial_move,3,2686931
7.231,trivial_move,4,2686932
7.235,flush_begin,0,0
7.248,flush_end,0,2686933
7.265,trivial_move,3,2686931
7.273,trivial_move,4,2686930
7.276,flush_begin,0,0
7.287,flush_end,0,2686930
7.304,trivial_move,3,2686930
7.312,trivial_move,4,2686931
7.317,flush_begin,0,0
7.329,flush_end,0,2686931
7.345,trivial_move,3,2686932
7.353,trivial_move,4,2686931
7.357,flush_begin,0,0
7.370,flush_end,0,2686931
7.387,trivial_move,3,2686930
7.395,trivial_move,4,2686931
7.397,flush_begin,0,0
7.411,flush_end,0,2686931
7.428,trivial_move,3,2686932
7.436,trivial_move,4,2686931
7.436,flush_begin,0,0
7.448,flush_end,0,2686931
7.464,trivial_move,3,2686930
7.472,trivial_move,4,2686931
7.475,flush_begin,0,0
7.486,flush_end,0,2686930
7.504,trivial_move,3,2686931
7.512,trivial_move,4,2686930
7.516,flush_begin,0,0
7.527,flush_end,0,2686930
7.544,trivial_move,3,2686931
7.552,trivial_move,4,2686932
7.555,flush_begin,0,0
7.568,flush_end,0,2686931
7.584,trivial_move,3,2686930
7.593,trivial_move,4,2686930
7.595,flush_begin,0,0
7.608,flush_end,0,2686931
7.624,trivial_move,3,2686932
7.632,trivial_move,4,2686932
7.634,flush_begin,0,0
7.646,flush_end,0,2686931
7.663,trivial_move,3,2686930
7.671,trivial_move,4,2686930
7.674,flush_begin,0,0
7.690,flush_end,0,2686931
7.707,trivial_move,3,2686931
7.715,trivial_move,4,2686930
7.718,flush_begin,0,0
7.731,flush_end,0,2686930
7.750,trivial_move,3,2686931
7.758,trivial_move,4,2686932
7.762,flush_begin,0,0
7.775,flush_end,0,2686932
7.792,trivial_move,3,2686931
7.800,trivial_move,4,2686930
7.801,flush_begin,0,0
7.816,flush_end,0,2686930
7.833,trivial_move,3,2686931
7.841,trivial_move,4,2686932
7.846,flush_begin,0,0
7.859,flush_end,0,2686932
7.876,trivial_move,3,2686931
7.884,trivial_move,4,2686930
7.889,flush_begin,0,0
7.903,flush_end,0,2686930
7.920,trivial_move,3,2686930
7.928,trivial_move,4,2686932
7.931,flush_begin,0,0
7.943,flush_end,0,2686931
7.960,trivial_move,3,2686933
7.968,trivial_move,4,2686931
7.973,flush_begin,0,0
7.986,flush_end,0,2686931
8.002,trivial_move,3,2686930
8.010,trivial_move,4,2686931
8.015,flush_begin,0,0
8.028,flush_end,0,2686930
8.045,trivial_move,3,2686932
8.053,trivial_move,4,2686931
8.056,flush_begin,0,0
8.069,flush_end,0,2686932
8.085,trivial_move,3,2686930
8.093,trivial_move,4,2686931
8.098,flush_begin,0,0
8.111,flush_end,0,2686930
8.125,trivial_move,3,2686930
8.133,trivial_move,4,2686930
8.136,flush_begin,0,0
8.155,flush_end,0,2686932
8.171,trivial_move,3,2686932
8.179,trivial_move,4,2686932
8.181,flush_begin,0,0
8.194,flush_end,0,2686931
8.211,trivial_move,3,2686930
8.219,trivial_move,4,2686930
8.221,flush_begin,0,0
8.235,flush_end,0,2686931
8.252,trivial_move,3,2686932
8.260,trivial_move,4,2686931
8.262,flush_begin,0,0
8.278,flush_end,0,2686931
8.295,trivial_move,3,2686930
8.303,trivial_move,4,2686931
8.306,flush_begin,0,0
8.320,flush_end,0,2686931
8.339,trivial_move,3,2686931
8.350,trivial_move,4,2686930
8.353,flush_begin,0,0
8.371,flush_end,0,2686930
8.388,trivial_move,3,2686931
8.396,trivial_move,4,2686932
8.398,flush_begin,0,0
8.412,flush_end,0,2686932
8.437,trivial_move,3,2686931
8.447,trivial_move,4,2686930
8.458,flush_begin,0,0
8.474,flush_end,0,2686930
8.491,trivial_move,3,2686931
8.499,trivial_move,4,2686932
8.505,flush_begin,0,0
8.519,flush_end,0,2686932
8.536,trivial_move,3,2686931
8.544,trivial_move,4,2686930
8.549,flush_begin,0,0
8.565,flush_end,0,2686930
8.582,trivial_move,3,2686930
8.590,trivial_move,4,2686931
8.594,flush_begin,0,0
8.608,flush_end,0,2686930
8.624,trivial_move,3,2686932
8.632,trivial_move,4,2686931
8.637,flush_begin,0,0
8.651,flush_end,0,2686932
8.668,trivial_move,3,2686930
8.676,trivial_move,4,2686931
8.679,flush_begin,0,0
8.693,flush_end,0,2686930
8.710,trivial_move,3,2686931
8.718,trivial_move,4,2686931
8.721,flush_begin,0,0
8.733,flush_end,0,2686932
8.749,trivial_move,3,2686931
8.757,trivial_move,4,2686930
8.759,flush_begin,0,0
8.772,flush_end,0,2686930
8.789,trivial_move,3,2686930
8.797,trivial_move,4,2686930
8.800,flush_begin,0,0
8.812,flush_end,0,2686931
8.829,trivial_move,3,2686932
8.837,trivial_move,4,2686931
8.842,flush_begin,0,0
8.855,flush_end,0,2686931
8.872,trivial_move,3,2686930
8.880,trivial_move,4,2686933
8.884,flush_begin,0,0
8.899,flush_end,0,2686931
8.916,trivial_move,3,2686933
8.924,trivial_move,4,2686931
8.925,flush_begin,0,0
8.937,flush_end,0,2686931
8.954,trivial_move,3,2686930
8.962,trivial_move,4,2686931
8.965,flush_begin,0,0
8.979,flush_end,0,2686931
8.996,trivial_move,3,2686931
9.004,trivial_move,4,2686930
9.007,flush_begin,0,0
9.020,flush_end,0,2686930
9.037,trivial_move,3,2686931
9.045,trivial_move,4,2686932
9.046,flush_begin,0,0
9.058,flush_end,0,2570063
9.076,trivial_move,3,2686931
9.084,trivial_move,4,2686930
9.084,compaction_begin,2,0
9.120,compaction_end,2,5374078
9.137,trivial_move,4,2686932
9.137,compaction_begin,2,0
9.170,compaction_end,2,5374077
9.188,trivial_move,4,2686930
9.188,compaction_begin,2,0
9.220,compaction_end,2,5374079
9.237,trivial_move,4,2686931
9.237,compaction_begin,2,0
9.267,compaction_end,2,5374079
9.284,trivial_move,4,2686931
9.284,compaction_begin,2,0
9.313,compaction_end,2,5374079
9.330,trivial_move,4,2686930
9.330,compaction_begin,2,0
9.357,compaction_end,2,5374079
9.374,trivial_move,4,2686932
9.374,compaction_begin,2,0
9.402,compaction_end,2,5374078
9.418,trivial_move,4,2686930
9.418,compaction_begin,2,0
9.445,compaction_end,2,5374079
9.462,trivial_move,4,2686931
9.462,compaction_begin,2,0
9.490,compaction_end,2,5374080
9.507,trivial_move,4,2686931
9.507,compaction_begin,2,0
9.533,compaction_end,2,5374079
9.550,trivial_move,4,2686931
9.550,compaction_begin,2,0
9.576,compaction_end,2,5374079
9.592,trivial_move,4,2686931
9.592,compaction_begin,2,0
9.618,compaction_end,2,5374078
9.635,trivial_move,4,2686931
9.635,compaction_begin,2,0
9.662,compaction_end,2,5374079
9.679,trivial_move,4,2686930
9.679,compaction_begin,2,0
9.703,compaction_end,2,5374078
9.720,trivial_move,4,2686932
9.720,compaction_begin,2,0
9.745,compaction_end,2,5374079
9.762,trivial_move,4,2686930
9.762,compaction_begin,2,0
9.787,compaction_end,2,5374079
9.804,trivial_move,4,2686933
9.804,compaction_begin,2,0
9.829,compaction_end,2,5374078
9.846,trivial_move,4,2686930
9.846,compaction_begin,2,0
9.871,compaction_end,2,5374079
9.888,trivial_move,4,2686930
9.888,compaction_begin,2,0
9.913,compaction_end,2,5374079
9.930,trivial_move,4,2686932
9.930,compaction_begin,2,0
9.942,compaction_end,2,2570063
9.958,trivial_move,4,2686930
9.966,trivial_move,4,2686932
9.966,compaction_begin,3,0
10.053,compaction_end,3,5374079
10.070,trivial_move,4,2686931
10.070,compaction_begin,3,0
10.154,compaction_end,3,5374079
10.171,trivial_move,4,2686931
10.171,compaction_begin,3,0
10.256,compaction_end,3,5374077
10.273,trivial_move,4,2686930
10.273,compaction_begin,3,0
10.357,compaction_end,3,5374079
10.374,trivial_move,4,2686930
10.374,compaction_begin,3,0
10.459,compaction_end,3,5374079
10.476,trivial_move,4,2686932
10.476,compaction_begin,3,0
10.560,compaction_end,3,5374080
10.577,trivial_move,4,2686931
10.577,compaction_begin,3,0
10.661,compaction_end,3,5374079
10.670,compaction_begin,3,0
10.752,compaction_end,3,5374079
10.761,compaction_begin,3,0
10.842,compaction_end,3,5374079
10.850,compaction_begin,3,0
10.931,compaction_end,3,5374079
10.939,compaction_begin,3,0
11.022,compaction_end,3,5374078
11.030,compaction_begin,3,0
11.112,compaction_end,3,5374079
11.120,compaction_begin,3,0
11.201,compaction_end,3,5374079
11.209,compaction_begin,3,0
11.289,compaction_end,3,5374078
11.297,compaction_begin,3,0
11.376,compaction_end,3,5374079
11.385,compaction_begin,3,0
11.465,compaction_end,3,5374078
11.473,compaction_begin,3,0
11.553,compaction_end,3,5374080
11.561,compaction_begin,3,0
11.640,compaction_end,3,5374079
11.648,compaction_begin,3,0
11.729,compaction_end,3,5374079
11.738,compaction_begin,3,0
11.816,compaction_end,3,5374079
11.824,compaction_begin,3,0
11.903,compaction_end,3,5374078
11.911,compaction_begin,3,0
11.989,compaction_end,3,5374079
11.997,compaction_begin,3,0
12.074,compaction_end,3,5374079
12.082,compaction_begin,3,0
12.159,compaction_end,3,5374079
12.167,compaction_begin,3,0
12.246,compaction_end,3,5374079
12.254,compaction_begin,3,0
12.334,compaction_end,3,5374077
12.342,compaction_begin,3,0
12.419,compaction_end,3,5374078
12.428,compaction_begin,3,0
12.504,compaction_end,3,5374080
12.512,compaction_begin,3,0
12.587,compaction_end,3,5374079
12.595,compaction_begin,3,0
12.671,compaction_end,3,5374079
12.679,compaction_begin,3,0
12.754,compaction_end,3,5374078
12.763,compaction_begin,3,0
12.838,compaction_end,3,5374079
12.846,compaction_begin,3,0
12.923,compaction_end,3,5374079
12.932,compaction_begin,3,0
13.006,compaction_end,3,5374079
13.015,compaction_begin,3,0
13.089,compaction_end,3,5374079
13.098,compaction_begin,3,0
13.172,compaction_end,3,5374078
13.180,compaction_begin,3,0
13.257,compaction_end,3,5374079
13.265,compaction_begin,3,0
13.340,compaction_end,3,5374080
13.348,compaction_begin,3,0
13.423,compaction_end,3,5374078
13.432,compaction_begin,3,0
13.503,compaction_end,3,5374079
13.511,compaction_begin,3,0
13.585,compaction_end,3,5374078
13.592,compaction_begin,3,0
13.664,compaction_end,3,5374079
13.672,compaction_begin,3,0
13.746,compaction_end,3,5374079
13.755,compaction_begin,3,0
13.828,compaction_end,3,5374079
13.836,compaction_begin,3,0
13.909,compaction_end,3,5374079
13.917,compaction_begin,3,0
13.988,compaction_end,3,5374078
13.996,compaction_begin,3,0
14.067,compaction_end,3,5374079
14.076,compaction_begin,3,0
14.146,compaction_end,3,5374079
14.154,compaction_begin,3,0
14.223,compaction_end,3,5374080
14.231,compaction_begin,3,0
14.302,compaction_end,3,5374079
14.311,compaction_begin,3,0
14.383,compaction_end,3,5374077
14.392,compaction_begin,3,0
14.463,compaction_end,3,5374078
14.471,compaction_begin,3,0
14.543,compaction_end,3,5374079
14.551,compaction_begin,3,0
14.622,compaction_end,3,5374079
14.630,compaction_begin,3,0
14.700,compaction_end,3,5374079
14.709,compaction_begin,3,0
14.777,compaction_end,3,5374078
14.786,compaction_begin,3,0
14.854,compaction_end,3,5374079
14.863,compaction_begin,3,0
14.930,compaction_end,3,5374079
14.939,compaction_begin,3,0
15.008,compaction_end,3,5374079
15.017,compaction_begin,3,0
15.086,compaction_end,3,5374080
15.094,compaction_begin,3,0
15.163,compaction_end,3,5374078
15.172,compaction_begin,3,0
15.239,compaction_end,3,5374079
15.247,compaction_begin,3,0
15.317,compaction_end,3,5374079
15.326,compaction_begin,3,0
15.393,compaction_end,3,5374078
15.401,compaction_begin,3,0
15.469,compaction_end,3,5374079
15.478,compaction_begin,3,0
15.543,compaction_end,3,5374078
15.551,compaction_begin,3,0
15.617,compaction_end,3,5374079
15.626,compaction_begin,3,0
15.692,compaction_end,3,5374079
15.701,compaction_begin,3,0
15.765,compaction_end,3,5374079
15.774,compaction_begin,3,0
15.836,compaction_end,3,5374079
15.845,compaction_begin,3,0
15.908,compaction_end,3,5374079
15.917,compaction_begin,3,0
15.981,compaction_end,3,5374079
15.990,compaction_begin,3,0
16.055,compaction_end,3,5374079
16.063,compaction_begin,3,0
16.126,compaction_end,3,5374079
16.135,compaction_begin,3,0
16.200,compaction_end,3,5374079
16.209,compaction_begin,3,0
16.272,compaction_end,3,5374077
16.281,compaction_begin,3,0
16.343,compaction_end,3,5374078
16.352,compaction_begin,3,0
16.415,compaction_end,3,5374079
16.424,compaction_begin,3,0
16.486,compaction_end,3,5374079
16.494,compaction_begin,3,0
16.555,compaction_end,3,5374079
16.564,compaction_begin,3,0
16.624,compaction_end,3,5374078
16.632,compaction_begin,3,0
16.692,compaction_end,3,5374080
16.701,compaction_begin,3,0
16.759,compaction_end,3,5374079
16.768,compaction_begin,3,0
16.827,compaction_end,3,5374079
16.836,compaction_begin,3,0
16.896,compaction_end,3,5374079
16.905,compaction_begin,3,0
16.966,compaction_end,3,5374078
16.974,compaction_begin,3,0
17.032,compaction_end,3,5374079
17.040,compaction_begin,3,0
17.099,compaction_end,3,5374079
17.108,compaction_begin,3,0
17.166,compaction_end,3,5374078
17.174,compaction_begin,3,0
17.233,compaction_end,3,5374079
17.242,compaction_begin,3,0
17.299,compaction_end,3,5374078
17.309,compaction_begin,3,0
17.367,compaction_end,3,5374079
17.375,compaction_begin,3,0
17.434,compaction_end,3,5374081
17.442,compaction_begin,3,0
17.501,compaction_end,3,5374079
17.511,compaction_begin,3,0
17.569,compaction_end,3,5374079
17.579,compaction_begin,3,0
17.635,compaction_end,3,5374078
17.644,compaction_begin,3,0
17.700,compaction_end,3,5374079
17.708,compaction_begin,3,0
17.764,compaction_end,3,5374079
17.772,compaction_begin,3,0
17.828,compaction_end,3,5374079
17.837,compaction_begin,3,0
17.893,compaction_end,3,5374079
17.901,compaction_begin,3,0
17.957,compaction_end,3,5374077
17.965,compaction_begin,3,0
18.020,compaction_end,3,5374078
18.029,compaction_begin,3,0
18.084,compaction_end,3,5374079
18.092,compaction_begin,3,0
18.146,compaction_end,3,5374080
18.155,compaction_begin,3,0
18.209,compaction_end,3,5374079
18.217,compaction_begin,3,0
18.273,compaction_end,3,5374078
18.281,compaction_begin,3,0
18.335,compaction_end,3,5374079
18.343,compaction_begin,3,0
18.398,compaction_end,3,5374079
18.406,compaction_begin,3,0
18.458,compaction_end,3,5374079
18.467,compaction_begin,3,0
18.518,compaction_end,3,5374079
18.526,compaction_begin,3,0
18.577,compaction_end,3,5374078
18.586,compaction_begin,3,0
18.637,compaction_end,3,5374079
18.645,compaction_begin,3,0
18.698,compaction_end,3,5374079
18.707,compaction_begin,3,0
18.757,compaction_end,3,5374078
18.765,compaction_begin,3,0
18.817,compaction_end,3,5374080
18.826,compaction_begin,3,0
18.877,compaction_end,3,5374078
18.885,compaction_begin,3,0
18.933,compaction_end,3,5374079
18.941,compaction_begin,3,0
18.991,compaction_end,3,5374079
18.999,compaction_begin,3,0
19.050,compaction_end,3,5374079
19.059,compaction_begin,3,0
19.109,compaction_end,3,5374079
19.118,compaction_begin,3,0
19.167,compaction_end,3,5374078
19.175,compaction_begin,3,0
19.226,compaction_end,3,5374079
19.235,compaction_begin,3,0
19.285,compaction_end,3,5374079
19.295,compaction_begin,3,0
19.344,compaction_end,3,5374079
19.352,compaction_begin,3,0
19.399,compaction_end,3,5374080
19.407,compaction_begin,3,0
19.454,compaction_end,3,5374077
19.463,compaction_begin,3,0
19.511,compaction_end,3,5374078
19.521,compaction_begin,3,0
19.569,compaction_end,3,5374079
19.578,compaction_begin,3,0
19.627,compaction_end,3,5374079
19.635,compaction_begin,3,0
19.681,compaction_end,3,5374079
19.689,compaction_begin,3,0
19.736,compaction_end,3,5374078
19.745,compaction_begin,3,0
19.790,compaction_end,3,5374079
19.803,compaction_begin,3,0
19.848,compaction_end,3,5374079
19.856,compaction_begin,3,0
19.901,compaction_end,3,5374079
19.909,compaction_begin,3,0
19.954,compaction_end,3,5374079
19.963,compaction_begin,3,0
20.006,compaction_end,3,5374079
20.014,compaction_begin,3,0
20.057,compaction_end,3,5374079
20.065,compaction_begin,3,0
20.109,compaction_end,3,5374079
20.118,compaction_begin,3,0
20.159,compaction_end,3,5374078
20.168,compaction_begin,3,0
20.210,compaction_end,3,5374079
20.219,compaction_begin,3,0
20.260,compaction_end,3,5374078
20.269,compaction_begin,3,0
20.312,compaction_end,3,5374079
20.320,compaction_begin,3,0
20.363,compaction_end,3,5374079
20.372,compaction_begin,3,0
20.413,compaction_end,3,5374079
20.422,compaction_begin,3,0
20.465,compaction_end,3,5374079
20.474,compaction_begin,3,0
20.515,compaction_end,3,5374078
20.524,compaction_begin,3,0
20.564,compaction_end,3,5374080
20.573,compaction_begin,3,0
20.613,compaction_end,3,5374079
20.622,compaction_begin,3,0
20.662,compaction_end,3,5374079
20.670,compaction_begin,3,0
20.710,compaction_end,3,5374079
20.718,compaction_begin,3,0
20.757,compaction_end,3,5374077
20.766,compaction_begin,3,0
20.806,compaction_end,3,5374078
20.815,compaction_begin,3,0
20.855,compaction_end,3,5374079
20.865,compaction_begin,3,0
20.904,compaction_end,3,5374079
20.912,compaction_begin,3,0
20.950,compaction_end,3,5374079
20.960,compaction_begin,3,0
20.997,compaction_end,3,5374078
21.006,compaction_begin,3,0
21.043,compaction_end,3,5374079
21.052,compaction_begin,3,0
21.090,compaction_end,3,5374080
21.099,compaction_begin,3,0
21.137,compaction_end,3,5374079
21.147,compaction_begin,3,0
21.186,compaction_end,3,5374079
21.194,compaction_begin,3,0
21.232,compaction_end,3,5374078
21.241,compaction_begin,3,0
21.278,compaction_end,3,5374079
21.287,compaction_begin,3,0
21.324,compaction_end,3,5374079
21.333,compaction_begin,3,0
21.370,compaction_end,3,5374078
21.378,compaction_begin,3,0
21.416,compaction_end,3,5374079
21.425,compaction_begin,3,0
21.460,compaction_end,3,5374078
21.469,compaction_begin,3,0
21.503,compaction_end,3,5374079
21.513,compaction_begin,3,0
21.548,compaction_end,3,5374079
21.556,compaction_begin,3,0
21.589,compaction_end,3,5374080
21.596,compaction_begin,3,0
21.635,compaction_end,3,5374079
21.643,compaction_begin,3,0
21.676,compaction_end,3,5374078
21.685,compaction_begin,3,0
21.717,compaction_end,3,5374079
21.725,compaction_begin,3,0
21.758,compaction_end,3,5374079
21.767,compaction_begin,3,0
21.798,compaction_end,3,5374079
21.806,compaction_begin,3,0
21.837,compaction_end,3,5374079
21.845,compaction_begin,3,0
21.876,compaction_end,3,5374077
21.884,compaction_begin,3,0
21.915,compaction_end,3,5374078
21.923,compaction_begin,3,0
21.954,compaction_end,3,5374079
21.962,compaction_begin,3,0
21.993,compaction_end,3,5374079
22.002,compaction_begin,3,0
22.033,compaction_end,3,5374080
22.041,compaction_begin,3,0
22.070,compaction_end,3,5374078
22.078,compaction_begin,3,0
22.111,compaction_end,3,7023641
22.120,compaction_begin,3,0
22.148,compaction_end,3,5374083
22.156,compaction_begin,3,0
22.185,compaction_end,3,5374083
22.195,compaction_begin,3,0
22.226,compaction_end,3,5374083
22.235,compaction_begin,3,0
22.263,compaction_end,3,5374084
22.272,compaction_begin,3,0
22.302,compaction_end,3,5374083
22.312,compaction_begin,3,0
22.340,compaction_end,3,5374082
22.349,compaction_begin,3,0
22.378,compaction_end,3,5374083
22.386,compaction_begin,3,0
22.414,compaction_end,3,5374084
22.423,compaction_begin,3,0
22.452,compaction_end,3,5374084
22.460,compaction_begin,3,0
22.489,compaction_end,3,5374083
22.498,compaction_begin,3,0
22.526,compaction_end,3,5374082
22.535,compaction_begin,3,0
22.562,compaction_end,3,5374083
22.571,compaction_begin,3,0
22.598,compaction_end,3,5374083
22.606,compaction_begin,3,0
22.630,compaction_end,3,5374084
22.639,compaction_begin,3,0
22.661,compaction_end,3,5374082
22.669,compaction_begin,3,0
22.693,compaction_end,3,5374083
22.702,compaction_begin,3,0
22.726,compaction_end,3,5374083
22.734,compaction_begin,3,0
22.759,compaction_end,3,5374083
22.767,compaction_begin,3,0
22.781,compaction_end,3,3607587
28.197,flush_begin,0,0
28.335,flush_end,0,2744494
28.344,compaction_begin,2,0
28.817,compaction_end,2,2678336
28.828,compaction_begin,3,0
29.150,compaction_end,3,42992648
29.162,compaction_begin,3,0
29.452,compaction_end,3,42992650
29.464,compaction_begin,3,0
29.846,compaction_end,3,42992648
29.857,compaction_begin,3,0
30.173,compaction_end,3,42992650
30.185,compaction_begin,3,0
30.506,compaction_end,3,42992648
30.518,compaction_begin,3,0
30.827,compaction_end,3,42992649
30.835,compaction_begin,3,0
31.230,compaction_end,3,42992648
31.242,compaction_begin,3,0
31.649,compaction_end,3,42992649
31.662,compaction_begin,3,0
31.862,compaction_end,3,44642301
31.881,compaction_begin,3,0
32.266,compaction_end,3,42992649
32.277,compaction_begin,3,0
32.503,compaction_end,3,42992654
32.514,compaction_begin,3,0
32.770,compaction_end,3,42992652
32.780,compaction_begin,3,0
33.123,compaction_end,3,42992647
33.134,compaction_begin,3,0
33.353,compaction_end,3,42992652
33.364,compaction_begin,3,0
33.544,compaction_end,3,42992654
33.555,compaction_begin,3,0
33.674,flush_begin,0,0
33.798,flush_end,0,2744177
33.894,compaction_end,3,42992652
33.905,compaction_begin,2,0
34.422,compaction_end,2,2947941
34.440,compaction_begin,3,0
34.764,compaction_end,3,42992652
34.772,compaction_begin,3,0
35.080,compaction_end,3,42992651
35.095,compaction_begin,3,0
35.403,compaction_end,3,42992652
35.415,compaction_begin,3,0
35.730,compaction_end,3,42992654
35.741,compaction_begin,3,0
35.963,compaction_end,3,42992651
35.975,compaction_begin,3,0
36.376,compaction_end,3,42992649
36.387,compaction_begin,3,0
36.621,compaction_end,3,42992653
36.632,compaction_begin,3,0
36.966,compaction_end,3,42992649
36.977,compaction_begin,3,0
37.269,compaction_end,3,42992648
37.280,compaction_begin,3,0
37.640,compaction_end,3,42992650
37.653,compaction_begin,3,0
37.952,compaction_end,3,43230497
37.963,compaction_begin,3,0
38.273,compaction_end,3,42754754
38.285,compaction_begin,3,0
38.560,compaction_end,3,42992650
38.568,compaction_begin,3,0
38.761,compaction_end,3,42992653
38.774,compaction_begin,3,0
39.123,flush_begin,0,0
39.248,flush_end,0,2744672
39.289,compaction_end,3,42992650
39.300,compaction_begin,2,0
39.817,compaction_end,2,3154958
39.834,compaction_begin,3,0
40.160,compaction_end,3,42992652
40.172,compaction_begin,3,0
40.558,compaction_end,3,42992649
40.569,compaction_begin,3,0
40.875,compaction_end,3,42992651
40.886,compaction_begin,3,0
41.181,compaction_end,3,42992652
41.192,compaction_begin,3,0
41.505,compaction_end,3,42992654
41.517,compaction_begin,3,0
41.791,compaction_end,3,45679539
41.802,compaction_begin,3,0
42.118,compaction_end,3,42754754
42.129,compaction_begin,3,0
42.406,compaction_end,3,42992650
42.417,compaction_begin,3,0
42.700,compaction_end,3,42992650
42.711,compaction_begin,3,0
42.899,compaction_end,3,42992655
42.910,compaction_begin,3,0
43.285,compaction_end,3,42992647
43.296,compaction_begin,3,0
43.494,compaction_end,3,44642295
43.502,compaction_begin,3,0
43.893,compaction_end,3,42992649
43.905,compaction_begin,3,0
44.153,compaction_end,3,44404453
44.164,compaction_begin,3,0
44.400,compaction_end,3,42992653
44.410,compaction_begin,3,0
44.541,flush_begin,0,0
44.666,flush_end,0,2744558
44.833,compaction_end,3,42992649
44.842,compaction_begin,2,0
45.361,compaction_end,2,3339433
45.383,compaction_begin,3,0
45.712,compaction_end,3,42992652
45.724,compaction_begin,3,0
46.032,compaction_end,3,42992651
46.044,compaction_begin,3,0
46.337,compaction_end,3,42992652
46.348,compaction_begin,3,0
46.609,compaction_end,3,42992650
46.620,compaction_begin,3,0
46.928,compaction_end,3,42754754
46.939,compaction_begin,3,0
47.332,compaction_end,3,42992649
47.340,compaction_begin,3,0
47.691,compaction_end,3,42992649
47.703,compaction_begin,3,0
48.003,compaction_end,3,42992650
48.014,compaction_begin,3,0
48.319,compaction_end,3,42992654
48.330,compaction_begin,3,0
48.557,compaction_end,3,42992655
48.567,compaction_begin,3,0
48.850,compaction_end,3,42992649
48.860,compaction_begin,3,0
49.058,compaction_end,3,41955151
49.069,compaction_begin,3,0
49.351,compaction_end,3,42992648
49.361,compaction_begin,3,0
49.703,compaction_end,3,42992649
49.714,compaction_begin,3,0
50.023,flush_begin,0,0
50.148,flush_end,0,2744883
50.259,compaction_end,3,45679535
50.270,compaction_begin,2,0
50.813,compaction_end,2,3503304
50.828,compaction_begin,3,0
51.157,compaction_end,3,42992647
51.169,compaction_begin,3,0
51.468,compaction_end,3,42992649
51.480,compaction_begin,3,0
51.781,compaction_end,3,42992651
51.793,compaction_begin,3,0
52.111,compaction_end,3,42754754
52.122,compaction_begin,3,0
52.396,compaction_end,3,44030062
52.407,compaction_begin,3,0
52.802,compaction_end,3,44030063
52.810,compaction_begin,3,0
53.207,compaction_end,3,42992655
53.219,compaction_begin,3,0
53.520,compaction_end,3,42992652
53.531,compaction_begin,3,0
53.969,compaction_end,3,45679538
53.980,compaction_begin,3,0
54.304,compaction_end,3,42992650
54.317,compaction_begin,3,0
54.532,compaction_end,3,42618174
54.543,compaction_begin,3,0
54.805,compaction_end,3,42992654
54.816,compaction_begin,3,0
55.016,compaction_end,3,42992654
55.026,compaction_begin,3,0
55.226,compaction_end,3,44267906
55.237,compaction_begin,3,0
55.467,flush_begin,0,0
55.709,flush_end,0,2744389
55.817,compaction_end,3,42992653
55.827,compaction_begin,2,0
56.465,compaction_end,2,3670261
56.483,compaction_begin,3,0
56.864,compaction_end,3,42992652
56.877,compaction_begin,3,0
57.245,compaction_end,3,42992650
57.257,compaction_begin,3,0
57.635,compaction_end,3,43367081
57.643,compaction_begin,3,0
58.002,compaction_end,3,42992651
58.016,compaction_begin,3,0
58.234,compaction_end,3,43367080
58.245,compaction_begin,3,0
58.515,compaction_end,3,43367081
58.525,compaction_begin,3,0
59.015,compaction_end,3,42618170
59.026,compaction_begin,3,0
59.533,compaction_end,3,45679539
59.544,compaction_begin,3,0
59.952,compaction_end,3,42992649
59.962,compaction_begin,3,0
60.462,compaction_end,3,43367080
60.472,compaction_begin,3,0
60.679,compaction_end,3,43367082
60.690,compaction_begin,3,0
60.962,flush_begin,0,0
61.200,flush_end,0,2744356
61.378,compaction_end,3,43367082
61.388,compaction_begin,2,0
62.026,compaction_end,2,3918219
62.043,compaction_begin,3,0
62.424,compaction_end,3,42992652
62.437,compaction_begin,3,0
62.793,compaction_end,3,42992650
62.805,compaction_begin,3,0
63.158,compaction_end,3,42992651
63.171,compaction_begin,3,0
63.657,compaction_end,3,42992649
63.668,compaction_begin,3,0
64.139,compaction_end,3,42992649
64.149,compaction_begin,3,0
64.531,compaction_end,3,43367081
64.543,compaction_begin,3,0
64.842,compaction_end,3,42380278
64.853,compaction_begin,3,0
65.211,compaction_end,3,42754758
65.223,compaction_begin,3,0
65.647,compaction_end,3,42992648
65.657,compaction_begin,3,0
65.923,compaction_end,3,43367081
65.934,compaction_begin,3,0
66.390,flush_begin,0,0
66.631,flush_end,0,2745092
66.687,compaction_end,3,43367079
66.698,compaction_begin,2,0
67.339,compaction_end,2,3993044
67.354,compaction_begin,3,0
67.729,compaction_end,3,42992652
67.737,compaction_begin,3,0
68.103,compaction_end,3,42992650
68.119,compaction_begin,3,0
68.480,compaction_end,3,42992651
68.492,compaction_begin,3,0
68.691,compaction_end,3,43367082
68.702,compaction_begin,3,0
69.191,compaction_end,3,42992649
69.202,compaction_begin,3,0
69.647,compaction_end,3,43367082
69.658,compaction_begin,3,0
70.029,compaction_end,3,42754758
70.041,compaction_begin,3,0
70.340,compaction_end,3,44404451
70.350,compaction_begin,3,0
70.731,compaction_end,3,43367081
70.742,compaction_begin,3,0
71.009,compaction_end,3,43367081
71.020,compaction_begin,3,0
71.224,compaction_end,3,41955151
71.235,compaction_begin,3,0
71.525,compaction_end,3,42992648
71.535,compaction_begin,3,0
71.864,flush_begin,0,0
72.109,flush_end,0,2744411
72.290,compaction_end,3,44930720
72.300,compaction_begin,2,0
72.949,compaction_end,2,4188431
72.966,compaction_begin,3,0
73.354,compaction_end,3,42992652
73.366,compaction_begin,3,0
73.720,compaction_end,3,42992651
73.732,compaction_begin,3,0
74.116,compaction_end,3,43367081
74.128,compaction_begin,3,0
74.495,compaction_end,3,42992650
74.507,compaction_begin,3,0
74.761,compaction_end,3,42992652
74.770,compaction_begin,3,0
75.204,compaction_end,3,42992648
75.217,compaction_begin,3,0
75.404,compaction_end,3,43367076
75.414,compaction_begin,3,0
75.853,compaction_end,3,42618171
75.863,compaction_begin,3,0
76.190,compaction_end,3,42992648
76.201,compaction_begin,3,0
76.466,compaction_end,3,42992653
76.477,compaction_begin,3,0
76.675,compaction_end,3,43367082
76.686,compaction_begin,3,0
77.059,compaction_end,3,42754758
77.070,compaction_begin,3,0
77.322,flush_begin,0,0
77.566,flush_end,0,2744615
77.647,compaction_end,3,45917428
77.657,compaction_begin,2,0
78.304,compaction_end,2,4228209
78.322,compaction_begin,3,0
78.711,compaction_end,3,42992652
78.723,compaction_begin,3,0
78.951,compaction_end,3,43367080
78.961,compaction_begin,3,0
79.428,compaction_end,3,42992647
79.440,compaction_begin,3,0
79.805,compaction_end,3,42992650
79.817,compaction_begin,3,0
80.080,compaction_end,3,43367081
80.086,compaction_begin,3,0
80.467,compaction_end,3,43367081
80.481,compaction_begin,3,0
80.847,compaction_end,3,42992651
80.858,compaction_begin,3,0
81.360,compaction_end,3,43367079
81.371,compaction_begin,3,0
81.831,compaction_end,3,42992650
81.842,compaction_begin,3,0
82.274,compaction_end,3,42992649
82.284,compaction_begin,3,0
82.716,compaction_end,3,42992649
82.727,compaction_begin,3,0
82.822,flush_begin,0,0
83.184,flush_end,0,2744343
83.290,compaction_end,3,43367076
83.301,compaction_begin,2,0
84.087,compaction_end,2,4336658
84.109,compaction_begin,3,0
84.586,compaction_end,3,42992652
84.599,compaction_begin,3,0
84.897,compaction_end,3,43367081
84.908,compaction_begin,3,0
85.346,compaction_end,3,42992651
85.359,compaction_begin,3,0
85.873,compaction_end,3,42992647
85.883,compaction_begin,3,0
86.319,compaction_end,3,42992650
86.331,compaction_begin,3,0
86.672,compaction_end,3,41955151
86.683,compaction_begin,3,0
87.299,compaction_end,3,44556329
87.310,compaction_begin,3,0
87.759,compaction_end,3,42754758
87.771,compaction_begin,3,0
88.231,compaction_end,3,43367081
88.242,compaction_begin,3,0
88.344,flush_begin,0,0
88.710,flush_end,0,2745020
88.883,compaction_end,3,42992652
88.894,compaction_begin,2,0
89.682,compaction_end,2,4440847
89.698,compaction_begin,3,0
90.158,compaction_end,3,42992652
90.170,compaction_begin,3,0
90.601,compaction_end,3,42992651
90.614,compaction_begin,3,0
91.247,compaction_end,3,43367079
91.258,compaction_begin,3,0
91.879,compaction_end,3,43367081
91.890,compaction_begin,3,0
92.251,compaction_end,3,43367076
92.263,compaction_begin,3,0
92.707,compaction_end,3,42992650
92.719,compaction_begin,3,0
93.061,compaction_end,3,44030062
93.073,compaction_begin,3,0
93.518,compaction_end,3,42754758
93.530,compaction_begin,3,0
94.000,flush_begin,0,0
94.376,flush_end,0,2744619
94.546,compaction_end,3,43367080
94.556,compaction_begin,2,0
95.326,compaction_end,2,4709123
95.338,compaction_begin,3,0
95.770,compaction_end,3,42992652
95.783,compaction_begin,3,0
96.220,compaction_end,3,42992651
96.231,compaction_begin,3,0
96.686,compaction_end,3,43367081
96.698,compaction_begin,3,0
96.919,compaction_end,3,41955151
96.929,compaction_begin,3,0
97.374,compaction_end,3,42992650
97.386,compaction_begin,3,0
97.881,compaction_end,3,42992648
97.892,compaction_begin,3,0
98.090,compaction_end,3,44404453
98.101,compaction_begin,3,0
98.327,compaction_end,3,43367082
98.339,compaction_begin,3,0
98.835,compaction_end,3,42992649
98.845,compaction_begin,3,0
99.108,compaction_end,3,44404453
99.119,compaction_begin,3,0
99.260,flush_begin,0,0
99.623,flush_end,0,2744621
99.795,compaction_end,3,42992653
99.805,compaction_begin,2,0
100.585,compaction_end,2,4716610
100.602,compaction_begin,3,0
101.071,compaction_end,3,42992652
101.084,compaction_begin,3,0
101.521,compaction_end,3,42992651
101.532,compaction_begin,3,0
101.970,compaction_end,3,42992650
101.983,compaction_begin,3,0
102.433,compaction_end,3,42754758
102.444,compaction_begin,3,0
102.744,compaction_end,3,42618173
102.755,compaction_begin,3,0
103.197,compaction_end,3,42856069
103.206,compaction_begin,3,0
103.511,compaction_end,3,43367081
103.524,compaction_begin,3,0
103.939,compaction_end,3,42618172
103.950,compaction_begin,3,0
104.227,compaction_end,3,42992652
104.238,compaction_begin,3,0
104.620,flush_begin,0,0
104.981,flush_end,0,2744202
105.123,compaction_end,3,42992647
105.134,compaction_begin,2,0
105.920,compaction_end,2,4814350
105.938,compaction_begin,3,0
106.405,compaction_end,3,42992652
106.418,compaction_begin,3,0
106.865,compaction_end,3,42992650
106.878,compaction_begin,3,0
107.412,compaction_end,3,42992649
107.423,compaction_begin,3,0
107.871,compaction_end,3,42754758
107.883,compaction_begin,3,0
108.322,compaction_end,3,42992651
108.334,compaction_begin,3,0
108.787,compaction_end,3,43367081
108.799,compaction_begin,3,0
109.059,compaction_end,3,42992653
109.069,compaction_begin,3,0
109.603,compaction_end,3,42992648
109.614,compaction_begin,3,0
110.086,flush_begin,0,0
110.450,flush_end,0,2744602
110.571,compaction_end,3,42992647
110.581,compaction_begin,2,0
111.355,compaction_end,2,4958946
111.368,compaction_begin,3,0
111.817,compaction_end,3,42992652
111.829,compaction_begin,3,0
112.270,compaction_end,3,42992650
112.283,compaction_begin,3,0
112.718,compaction_end,3,42992651
112.731,compaction_begin,3,0
113.007,compaction_end,3,42992652
113.018,compaction_begin,3,0
113.467,compaction_end,3,42754758
113.478,compaction_begin,3,0
113.995,compaction_end,3,42992647
114.005,compaction_begin,3,0
114.523,compaction_end,3,42992649
114.534,compaction_begin,3,0
114.986,compaction_end,3,43367081
114.998,compaction_begin,3,0
115.229,compaction_end,3,41955151
115.239,compaction_begin,3,0
115.530,compaction_end,3,42618173
115.541,compaction_begin,3,0
115.714,flush_begin,0,0
116.077,flush_end,0,2744639
116.256,compaction_end,3,43367081
116.265,compaction_begin,2,0
117.046,compaction_end,2,5223070
117.069,compaction_begin,3,0
117.531,compaction_end,3,42992652
117.543,compaction_begin,3,0
117.987,compaction_end,3,42992651
117.999,compaction_begin,3,0
118.303,compaction_end,3,43367081
118.314,compaction_begin,3,0
118.754,compaction_end,3,42992650
118.766,compaction_begin,3,0
119.214,compaction_end,3,42754758
119.225,compaction_begin,3,0
119.745,compaction_end,3,42992649
119.756,compaction_begin,3,0
120.130,compaction_end,3,43367081
120.141,compaction_begin,3,0
120.431,compaction_end,3,42618173
120.442,compaction_begin,3,0
120.658,compaction_end,3,43367082
120.669,compaction_begin,3,0
121.039,flush_begin,0,0
121.408,flush_end,0,2744629
121.509,compaction_end,3,43367081
121.521,compaction_begin,2,0
122.300,compaction_end,2,5434901
122.318,compaction_begin,3,0
122.792,compaction_end,3,42992652
122.804,compaction_begin,3,0
123.247,compaction_end,3,42992651
123.255,compaction_begin,3,0
123.711,compaction_end,3,42992650
123.725,compaction_begin,3,0
124.120,compaction_end,3,42618172
124.131,compaction_begin,3,0
124.759,compaction_end,3,43367081
124.767,compaction_begin,3,0
125.129,compaction_end,3,41955151
125.141,compaction_begin,3,0
125.466,compaction_end,3,42992653
125.474,compaction_begin,3,0
125.786,compaction_end,3,43367081
125.799,compaction_begin,3,0
126.215,compaction_end,3,43367078
126.225,compaction_begin,3,0
126.455,compaction_end,3,42618174
126.466,compaction_begin,3,0
126.844,flush_begin,0,0
127.207,flush_end,0,2744891
127.382,compaction_end,3,43367082
127.393,compaction_begin,2,0
128.178,compaction_end,2,5462163
128.193,compaction_begin,3,0
128.659,compaction_end,3,42992652
128.671,compaction_begin,3,0
128.905,compaction_end,3,42243695
128.916,compaction_begin,3,0
129.357,compaction_end,3,42992651
129.369,compaction_begin,3,0
129.992,compaction_end,3,43367081
130.003,compaction_begin,3,0
130.436,compaction_end,3,42992650
130.449,compaction_begin,3,0
130.725,compaction_end,3,42992655
130.736,compaction_begin,3,0
131.103,compaction_end,3,44930722
131.114,compaction_begin,3,0
131.618,compaction_end,3,42992649
131.629,compaction_begin,3,0
132.041,flush_begin,0,0
132.406,flush_end,0,2744933
132.580,compaction_end,3,42992650
132.590,compaction_begin,2,0
133.372,compaction_end,2,5418729
133.386,compaction_begin,3,0
133.844,compaction_end,3,42992652
133.856,compaction_begin,3,0
134.096,compaction_end,3,42243695
134.108,compaction_begin,3,0
134.490,compaction_end,3,42618172
134.499,compaction_begin,3,0
135.107,compaction_end,3,43367078
135.120,compaction_begin,3,0
135.562,compaction_end,3,42992651
135.573,compaction_begin,3,0
136.018,compaction_end,3,42992650
136.031,compaction_begin,3,0
136.246,compaction_end,3,43367082
136.257,compaction_begin,3,0
136.701,compaction_end,3,42754758
136.710,compaction_begin,3,0
137.097,compaction_end,3,43367080
137.111,compaction_begin,3,0
137.343,compaction_end,3,41955151
137.354,compaction_begin,3,0
137.639,flush_begin,0,0
138.002,flush_end,0,2744467
138.180,compaction_end,3,43367081
138.191,compaction_begin,2,0
138.975,compaction_end,2,5140226
138.991,compaction_begin,3,0
139.458,compaction_end,3,42992652
139.470,compaction_begin,3,0
139.927,compaction_end,3,42992650
139.941,compaction_begin,3,0
140.381,compaction_end,3,42992651
140.393,compaction_begin,3,0
140.626,compaction_end,3,41955151
140.637,compaction_begin,3,0
141.145,compaction_end,3,42992649
141.155,compaction_begin,3,0
141.389,compaction_end,3,43367082
141.399,compaction_begin,3,0
141.699,compaction_end,3,43367081
141.710,compaction_begin,3,0
142.191,compaction_end,3,42992648
142.202,compaction_begin,3,0
142.442,compaction_end,3,42243695
142.453,compaction_begin,3,0
142.907,compaction_end,3,43367081
142.918,compaction_begin,3,0
143.098,flush_begin,0,0
143.460,flush_end,0,2744702
143.642,compaction_end,3,43519107
143.653,compaction_begin,2,0
144.443,compaction_end,2,5400734
144.463,compaction_begin,3,0
144.933,compaction_end,3,42992652
144.945,compaction_begin,3,0
145.389,compaction_end,3,42992651
145.400,compaction_begin,3,0
145.660,compaction_end,3,44404453
145.671,compaction_begin,3,0
146.128,compaction_end,3,43367081
146.140,compaction_begin,3,0
146.578,compaction_end,3,42992650
146.590,compaction_begin,3,0
146.822,compaction_end,3,42243695
146.832,compaction_begin,3,0
147.198,compaction_end,3,43367081
147.209,compaction_begin,3,0
147.637,compaction_end,3,42992650
147.648,compaction_begin,3,0
148.108,compaction_end,3,42754758
148.120,compaction_begin,3,0
148.385,flush_begin,0,0
148.747,flush_end,0,2744604
148.785,compaction_end,3,42618173
148.796,compaction_begin,2,0
149.577,compaction_end,2,5316231
149.594,compaction_begin,3,0
150.060,compaction_end,3,42992652
150.072,compaction_begin,3,0
150.507,compaction_end,3,42992651
150.518,compaction_begin,3,0
150.960,compaction_end,3,42992650
150.972,compaction_begin,3,0
151.511,compaction_end,3,42618171
151.522,compaction_begin,3,0
151.759,compaction_end,3,43281146
151.770,compaction_begin,3,0
152.218,compaction_end,3,42754758
152.229,compaction_begin,3,0
152.549,compaction_end,3,42992653
152.560,compaction_begin,3,0
152.786,compaction_end,3,43367082
152.796,compaction_begin,3,0
153.394,compaction_end,3,42992647
153.402,compaction_begin,3,0
153.868,flush_begin,0,0
154.230,flush_end,0,2744651
154.304,compaction_end,3,42992649
154.315,compaction_begin,2,0
155.095,compaction_end,2,5387169
155.111,compaction_begin,3,0
155.588,compaction_end,3,42992652
155.600,compaction_begin,3,0
156.044,compaction_end,3,42992651
156.056,compaction_begin,3,0
156.499,compaction_end,3,42992650
156.511,compaction_begin,3,0
156.871,compaction_end,3,43367082
156.881,compaction_begin,3,0
157.409,compaction_end,3,42992649
157.420,compaction_begin,3,0
157.882,compaction_end,3,43367081
157.893,compaction_begin,3,0
158.169,compaction_end,3,42992655
158.179,compaction_begin,3,0
158.491,compaction_end,3,43367081
158.502,compaction_begin,3,0
158.905,compaction_end,3,42992649
158.916,compaction_begin,3,0
159.308,compaction_end,3,43367080
159.318,compaction_begin,3,0
159.396,flush_begin,0,0
159.757,flush_end,0,2744586
159.935,compaction_end,3,43367078
159.946,compaction_begin,2,0
160.739,compaction_end,2,5521161
160.758,compaction_begin,3,0
161.228,compaction_end,3,42992652
161.240,compaction_begin,3,0
161.676,compaction_end,3,42992651
161.687,compaction_begin,3,0
162.086,compaction_end,3,42992648
162.097,compaction_begin,3,0
162.547,compaction_end,3,42992650
162.559,compaction_begin,3,0
162.758,compaction_end,3,43367083
162.769,compaction_begin,3,0
163.381,compaction_end,3,43367078
163.391,compaction_begin,3,0
163.610,compaction_end,3,43367082
163.621,compaction_begin,3,0
164.189,compaction_end,3,42992649
164.199,compaction_begin,3,0
164.529,compaction_end,3,43367078
164.540,compaction_begin,3,0
164.820,flush_begin,0,0
165.182,flush_end,0,2744829
165.356,compaction_end,3,42754758
165.368,compaction_begin,2,0
166.148,compaction_end,2,5521171
166.165,compaction_begin,3,0
166.624,compaction_end,3,42992652
166.636,compaction_begin,3,0
167.068,compaction_end,3,42992651
167.076,compaction_begin,3,0
167.514,compaction_end,3,42992650
167.528,compaction_begin,3,0
167.842,compaction_end,3,42992653
167.853,compaction_begin,3,0
168.347,compaction_end,3,42992649
168.357,compaction_begin,3,0
168.809,compaction_end,3,42754758
168.820,compaction_begin,3,0
169.081,compaction_end,3,43367083
169.091,compaction_begin,3,0
169.342,compaction_end,3,43281146
169.353,compaction_begin,3,0
169.878,compaction_end,3,42992649
169.888,compaction_begin,3,0
170.328,flush_begin,0,0
170.691,flush_end,0,2744424
170.868,compaction_end,3,43367078
170.879,compaction_begin,2,0
171.666,compaction_end,2,5732462
171.682,compaction_begin,3,0
172.138,compaction_end,3,42992652
172.150,compaction_begin,3,0
172.590,compaction_end,3,42992650
172.602,compaction_begin,3,0
173.049,compaction_end,3,42992651
173.060,compaction_begin,3,0
173.440,compaction_end,3,43367081
173.451,compaction_begin,3,0
173.745,compaction_end,3,42618173
173.755,compaction_begin,3,0
174.054,compaction_end,3,42992652
174.064,compaction_begin,3,0
174.559,compaction_end,3,42992648
174.570,compaction_begin,3,0
175.146,compaction_end,3,42992649
175.157,compaction_begin,3,0
175.612,compaction_end,3,42754758
175.624,compaction_begin,3,0
176.082,flush_begin,0,0
176.444,flush_end,0,2744457
176.625,compaction_end,3,43367079
176.635,compaction_begin,2,0
177.430,compaction_end,2,5762426
177.448,compaction_begin,3,0
177.916,compaction_end,3,42992652
177.928,compaction_begin,3,0
178.369,compaction_end,3,42992651
178.381,compaction_begin,3,0
178.824,compaction_end,3,42992650
178.836,compaction_begin,3,0
179.368,compaction_end,3,42992648
179.377,compaction_begin,3,0
179.620,compaction_end,3,43281146
179.633,compaction_begin,3,0
180.219,compaction_end,3,42992647
180.230,compaction_begin,3,0
180.529,compaction_end,3,43367081
180.540,compaction_begin,3,0
180.889,compaction_end,3,43367079
180.900,compaction_begin,3,0
181.273,flush_begin,0,0
181.635,flush_end,0,2744912
181.675,compaction_end,3,42992649
181.686,compaction_begin,2,0
182.484,compaction_end,2,5999671
182.503,compaction_begin,3,0
182.962,compaction_end,3,42992652
182.974,compaction_begin,3,0
183.428,compaction_end,3,42992650
183.440,compaction_begin,3,0
184.067,compaction_end,3,43367081
184.077,compaction_begin,3,0
184.270,compaction_end,3,43367083
184.281,compaction_begin,3,0
184.725,compaction_end,3,42992651
184.736,compaction_begin,3,0
185.187,compaction_end,3,42754758
185.199,compaction_begin,3,0
185.828,compaction_end,3,43367079
185.839,compaction_begin,3,0
186.291,compaction_end,3,43367081
186.302,compaction_begin,3,0
186.771,flush_begin,0,0
187.132,flush_end,0,2744773
187.179,compaction_end,3,42992649
187.189,compaction_begin,2,0
187.994,compaction_end,2,5826615
188.016,compaction_begin,3,0
188.500,compaction_end,3,42992652
188.513,compaction_begin,3,0
188.953,compaction_end,3,42992650
188.965,compaction_begin,3,0
189.415,compaction_end,3,42992651
189.426,compaction_begin,3,0
189.883,compaction_end,3,43367081
189.895,compaction_begin,3,0
190.408,compaction_end,3,42992647
190.418,compaction_begin,3,0
190.726,compaction_end,3,43367081
190.737,compaction_begin,3,0
191.279,compaction_end,3,42992648
191.287,compaction_begin,3,0
191.598,compaction_end,3,42992653
191.611,compaction_begin,3,0
191.999,compaction_end,3,42618172
192.010,compaction_begin,3,0
192.335,flush_begin,0,0
192.699,flush_end,0,2744789
192.872,compaction_end,3,42992648
192.882,compaction_begin,2,0
193.673,compaction_end,2,5969624
193.692,compaction_begin,3,0
194.154,compaction_end,3,42992652
194.162,compaction_begin,3,0
194.601,compaction_end,3,42992651
194.616,compaction_begin,3,0
195.065,compaction_end,3,42992650
195.077,compaction_begin,3,0
195.472,compaction_end,3,43367080
195.483,compaction_begin,3,0
195.813,compaction_end,3,42992653
195.824,compaction_begin,3,0
196.286,compaction_end,3,42754758
196.297,compaction_begin,3,0
196.628,compaction_end,3,42243696
196.638,compaction_begin,3,0
197.075,compaction_end,3,42856069
197.086,compaction_begin,3,0
197.548,compaction_end,3,43367081
197.560,compaction_begin,3,0
197.681,flush_begin,0,0
198.042,flush_end,0,2744328
198.158,compaction_end,3,41955151
198.168,compaction_begin,2,0
198.967,compaction_end,2,5902287
198.984,compaction_begin,3,0
199.459,compaction_end,3,42992652
199.471,compaction_begin,3,0
199.914,compaction_end,3,42992651
199.925,compaction_begin,3,0
200.324,compaction_end,3,42992648
200.335,compaction_begin,3,0
200.775,compaction_end,3,42992650
200.783,compaction_begin,3,0
201.375,compaction_end,3,42992647
201.388,compaction_begin,3,0
201.845,compaction_end,3,43367081
201.856,compaction_begin,3,0
202.296,compaction_end,3,42754758
202.308,compaction_begin,3,0
202.503,compaction_end,3,43367083
202.514,compaction_begin,3,0
202.710,compaction_end,3,44404451
202.721,compaction_begin,3,0
203.074,compaction_end,3,43519107
203.085,compaction_begin,3,0
203.153,flush_begin,0,0
203.515,flush_end,0,2744575
203.704,compaction_end,3,43281146
203.714,compaction_begin,2,0
204.520,compaction_end,2,5824449
204.539,compaction_begin,3,0
205.009,compaction_end,3,42992652
205.021,compaction_begin,3,0
205.480,compaction_end,3,42992651
205.491,compaction_begin,3,0
205.942,compaction_end,3,42992650
205.954,compaction_begin,3,0
206.574,compaction_end,3,43367078
206.584,compaction_begin,3,0
207.108,compaction_end,3,42992649
207.119,compaction_begin,3,0
207.372,compaction_end,3,43281146
207.384,compaction_begin,3,0
208.010,compaction_end,3,43367081
208.021,compaction_begin,3,0
208.538,flush_begin,0,0
208.899,flush_end,0,2744779
208.968,compaction_end,3,42992650
208.979,compaction_begin,2,0
209.776,compaction_end,2,5986853
209.796,compaction_begin,3,0
210.262,compaction_end,3,42992652
210.274,compaction_begin,3,0
210.723,compaction_end,3,42992650
210.735,compaction_begin,3,0
211.182,compaction_end,3,42992651
211.193,compaction_begin,3,0
211.437,compaction_end,3,43281146
211.448,compaction_begin,3,0
211.754,compaction_end,3,43367081
211.764,compaction_begin,3,0
212.074,compaction_end,3,42992653
212.085,compaction_begin,3,0
212.453,compaction_end,3,43367076
212.462,compaction_begin,3,0
212.917,compaction_end,3,43367081
212.926,compaction_begin,3,0
213.247,compaction_end,3,42992653
213.260,compaction_begin,3,0
213.906,compaction_end,3,43367080
213.917,compaction_begin,3,0
214.038,flush_begin,0,0
214.401,flush_end,0,2744607
214.590,compaction_end,3,42618173
214.601,compaction_begin,2,0
215.397,compaction_end,2,5853705
215.417,compaction_begin,3,0
215.889,compaction_end,3,42992652
215.901,compaction_begin,3,0
216.334,compaction_end,3,42992650
216.346,compaction_begin,3,0
216.790,compaction_end,3,42856069
216.801,compaction_begin,3,0
217.237,compaction_end,3,42992651
217.245,compaction_begin,3,0
217.747,compaction_end,3,42992649
217.760,compaction_begin,3,0
218.209,compaction_end,3,42754758
218.217,compaction_begin,3,0
218.827,compaction_end,3,43367078
218.842,compaction_begin,3,0
219.332,compaction_end,3,42992648
219.343,compaction_begin,3,0
219.507,flush_begin,0,0
219.871,flush_end,0,2744384
219.942,compaction_end,3,41955151
219.953,compaction_begin,2,0
220.754,compaction_end,2,5977889
220.772,compaction_begin,3,0
221.238,compaction_end,3,42992652
221.250,compaction_begin,3,0
221.693,compaction_end,3,42992650
221.704,compaction_begin,3,0
222.141,compaction_end,3,42992651
222.152,compaction_begin,3,0
222.611,compaction_end,3,43367081
222.622,compaction_begin,3,0
223.231,compaction_end,3,43367078
223.242,compaction_begin,3,0
223.700,compaction_end,3,42754758
223.711,compaction_begin,3,0
224.116,compaction_end,3,42992648
224.127,compaction_begin,3,0
224.748,compaction_end,3,43367081
224.759,compaction_begin,3,0
225.074,flush_begin,0,0
225.438,flush_end,0,2744499
225.616,compaction_end,3,42992648
225.627,compaction_begin,2,0
226.436,compaction_end,2,6193912
226.457,compaction_begin,3,0
226.929,compaction_end,3,42992652
226.941,compaction_begin,3,0
227.382,compaction_end,3,42992650
227.394,compaction_begin,3,0
227.833,compaction_end,3,42992651
227.844,compaction_begin,3,0
228.226,compaction_end,3,42618172
228.234,compaction_begin,3,0
228.449,compaction_end,3,42618174
228.461,compaction_begin,3,0
229.071,compaction_end,3,43367078
229.081,compaction_begin,3,0
229.578,compaction_end,3,42992648
229.589,compaction_begin,3,0
229.812,compaction_end,3,43367082
229.823,compaction_begin,3,0
230.086,compaction_end,3,43367083
230.097,compaction_begin,3,0
230.425,flush_begin,0,0
230.788,flush_end,0,2744501
230.930,compaction_end,3,43367081
230.938,compaction_begin,2,0
231.737,compaction_end,2,6253969
231.763,compaction_begin,3,0
232.220,compaction_end,3,42992652
232.232,compaction_begin,3,0
232.672,compaction_end,3,42992651
232.683,compaction_begin,3,0
233.302,compaction_end,3,44181992
233.313,compaction_begin,3,0
233.760,compaction_end,3,42992650
233.771,compaction_begin,3,0
234.356,compaction_end,3,42992650
234.366,compaction_begin,3,0
234.916,compaction_end,3,43367082
234.928,compaction_begin,3,0
235.412,compaction_end,3,42992648
235.422,compaction_begin,3,0
235.873,compaction_end,3,42754758
235.885,flush_begin,0,0
236.247,flush_end,0,2744864
236.257,compaction_begin,2,0
237.063,compaction_end,2,6089385
237.083,compaction_begin,3,0
237.545,compaction_end,3,42992652
237.557,compaction_begin,3,0
238.001,compaction_end,3,42992650
238.013,compaction_begin,3,0
238.631,compaction_end,3,43367081
238.642,compaction_begin,3,0
239.080,compaction_end,3,42992651
239.091,compaction_begin,3,0
239.499,compaction_end,3,42992649
239.510,compaction_begin,3,0
240.125,compaction_end,3,43367078
240.136,compaction_begin,3,0
240.740,compaction_end,3,43367081
240.751,compaction_begin,3,0
240.981,compaction_end,3,41955151
240.992,compaction_begin,3,0
241.370,flush_begin,0,0
241.732,flush_end,0,2744847
241.824,compaction_end,3,43367081
241.835,compaction_begin,2,0
242.631,compaction_end,2,6292520
242.650,compaction_begin,3,0
243.112,compaction_end,3,42992652
243.124,compaction_begin,3,0
243.581,compaction_end,3,42754758
243.593,compaction_begin,3,0
244.040,compaction_end,3,42992650
244.052,compaction_begin,3,0
244.306,compaction_end,3,43367078
244.317,compaction_begin,3,0
244.761,compaction_end,3,42992651
244.772,compaction_begin,3,0
244.991,compaction_end,3,43367082
245.002,compaction_begin,3,0
245.433,compaction_end,3,43367078
245.444,compaction_begin,3,0
245.687,compaction_end,3,43281146
245.698,compaction_begin,3,0
246.313,compaction_end,3,43367078
246.324,compaction_begin,3,0
246.463,compaction_end,3,32415986
246.473,compaction_begin,3,0
246.815,flush_begin,0,0
247.179,flush_end,0,2744575
247.254,compaction_end,3,42992651
247.265,compaction_begin,2,0
248.057,compaction_end,2,5736372
248.077,compaction_begin,3,0
248.567,compaction_end,3,42992652
248.575,compaction_begin,3,0
249.021,compaction_end,3,42992650
249.036,compaction_begin,3,0
249.475,compaction_end,3,42992651
249.484,compaction_begin,3,0
250.090,compaction_end,3,43807601
250.106,compaction_begin,3,0
250.559,compaction_end,3,42754758
250.573,compaction_begin,3,0
250.828,compaction_end,3,43367078
250.839,compaction_begin,3,0
251.302,compaction_end,3,43367081
251.314,compaction_begin,3,0
251.703,compaction_end,3,43367080
251.714,compaction_begin,3,0
252.232,compaction_end,3,42992649
252.242,compaction_begin,3,0
252.326,flush_begin,0,0
252.689,flush_end,0,2744632
252.866,compaction_end,3,43367083
252.876,compaction_begin,2,0
253.674,compaction_end,2,5763080
253.694,compaction_begin,3,0
254.161,compaction_end,3,42992652
254.173,compaction_begin,3,0
254.613,compaction_end,3,42992651
254.625,compaction_begin,3,0
255.012,compaction_end,3,43367080
255.022,compaction_begin,3,0
255.475,compaction_end,3,42754758
255.486,compaction_begin,3,0
255.712,compaction_end,3,41955151
255.723,compaction_begin,3,0
256.352,compaction_end,3,43367079
256.363,compaction_begin,3,0
256.801,compaction_end,3,42992650
256.813,compaction_begin,3,0
256.949,compaction_end,3,32415986
256.959,compaction_begin,3,0
257.431,compaction_end,3,42992648
257.442,compaction_begin,3,0
257.721,flush_begin,0,0
258.083,flush_end,0,2744900
258.179,compaction_end,3,43367081
258.190,compaction_begin,2,0
258.983,compaction_end,2,5824375
259.002,compaction_begin,3,0
259.468,compaction_end,3,42992652
259.481,compaction_begin,3,0
259.918,compaction_end,3,42992650
259.930,compaction_begin,3,0
260.362,compaction_end,3,42992651
260.373,compaction_begin,3,0
260.662,compaction_end,3,42618173
260.672,compaction_begin,3,0
261.023,compaction_end,3,43367079
261.034,compaction_begin,3,0
261.620,compaction_end,3,43367078
261.631,compaction_begin,3,0
262.088,compaction_end,3,43367081
262.099,compaction_begin,3,0
262.711,compaction_end,3,43367078
262.722,compaction_begin,3,0
263.160,compaction_end,3,42856069
263.172,flush_begin,0,0
263.533,flush_end,0,2744904
263.542,compaction_begin,2,0
264.336,compaction_end,2,5974810
264.356,compaction_begin,3,0
264.826,compaction_end,3,42992652
264.838,compaction_begin,3,0
265.289,compaction_end,3,42992650
265.301,compaction_begin,3,0
265.748,compaction_end,3,42992651
265.760,compaction_begin,3,0
266.181,compaction_end,3,42992651
266.192,compaction_begin,3,0
266.654,compaction_end,3,43367081
266.665,compaction_begin,3,0
266.972,compaction_end,3,42992653
266.983,compaction_begin,3,0
267.567,compaction_end,3,43433216
267.579,compaction_begin,3,0
267.858,compaction_end,3,42992652
267.869,compaction_begin,3,0
268.218,compaction_end,3,43367079
268.229,compaction_begin,3,0
268.588,compaction_end,3,43367082
268.599,flush_begin,0,0
268.961,flush_end,0,2744778
268.970,compaction_begin,2,0
269.760,compaction_end,2,6035074
269.779,compaction_begin,3,0
270.250,compaction_end,3,42992652
270.262,compaction_begin,3,0
270.704,compaction_end,3,42992650
270.716,compaction_begin,3,0
271.155,compaction_end,3,42992651
271.167,compaction_begin,3,0
271.631,compaction_end,3,43367081
271.642,compaction_begin,3,0
271.900,compaction_end,3,43367078
271.910,compaction_begin,3,0
272.137,compaction_end,3,43367082
272.147,compaction_begin,3,0
272.604,compaction_end,3,42754758
272.616,compaction_begin,3,0
273.231,compaction_end,3,43367081
273.241,compaction_begin,3,0
273.843,compaction_end,3,43367081
273.854,compaction_begin,3,0
274.032,flush_begin,0,0
274.394,flush_end,0,2744473
274.418,compaction_end,3,43367078
274.429,compaction_begin,2,0
275.223,compaction_end,2,5852130
275.241,compaction_begin,3,0
275.712,compaction_end,3,42992652
275.724,compaction_begin,3,0
276.174,compaction_end,3,42992651
276.186,compaction_begin,3,0
276.628,compaction_end,3,42992650
276.640,compaction_begin,3,0
277.098,compaction_end,3,43367081
277.109,compaction_begin,3,0
277.493,compaction_end,3,42618172
277.504,compaction_begin,3,0
277.795,compaction_end,3,42992652
277.805,compaction_begin,3,0
278.252,compaction_end,3,42754758
278.263,compaction_begin,3,0
278.690,compaction_end,3,43367078
278.701,compaction_begin,3,0
279.247,compaction_end,3,43367082
279.258,compaction_begin,3,0
279.487,flush_begin,0,0
279.848,flush_end,0,2744694
279.941,compaction_end,3,42992653
279.952,compaction_begin,2,0
280.751,compaction_end,2,6057347
280.771,compaction_begin,3,0
281.242,compaction_end,3,42992652
281.255,compaction_begin,3,0
281.694,compaction_end,3,42992650
281.705,compaction_begin,3,0
282.087,compaction_end,3,43367076
282.097,compaction_begin,3,0
282.543,compaction_end,3,42992651
282.555,compaction_begin,3,0
283.037,compaction_end,3,43367081
283.049,compaction_begin,3,0
283.287,compaction_end,3,43367082
283.298,compaction_begin,3,0
283.516,compaction_end,3,43367078
283.527,compaction_begin,3,0
283.967,compaction_end,3,42992650
283.977,compaction_begin,3,0
284.245,compaction_end,3,43367083
284.255,compaction_begin,3,0
284.805,compaction_end,3,43367082
284.816,compaction_begin,3,0
285.095,flush_begin,0,0
285.457,flush_end,0,2744818
285.634,compaction_end,3,42754758
285.646,compaction_begin,2,0
286.438,compaction_end,2,6156216
286.456,compaction_begin,3,0
286.922,compaction_end,3,42992652
286.934,compaction_begin,3,0
287.399,compaction_end,3,43367081
287.410,compaction_begin,3,0
287.860,compaction_end,3,42992650
287.873,compaction_begin,3,0
288.312,compaction_end,3,42992651
288.323,compaction_begin,3,0
288.780,compaction_end,3,42754758
288.791,compaction_begin,3,0
289.163,compaction_end,3,43367076
289.173,compaction_begin,3,0
289.763,compaction_end,3,43367082
289.774,compaction_begin,3,0
290.190,compaction_end,3,42618172
290.201,compaction_begin,3,0
290.398,flush_begin,0,0
290.760,flush_end,0,2744380
290.820,compaction_end,3,43367078
290.830,compaction_begin,2,0
291.630,compaction_end,2,6308288
291.651,compaction_begin,3,0
292.120,compaction_end,3,42992652
292.133,compaction_begin,3,0
292.579,compaction_end,3,42992650
292.588,compaction_begin,3,0
293.030,compaction_end,3,42992651
293.045,compaction_begin,3,0
293.445,compaction_end,3,42992648
293.456,compaction_begin,3,0
293.910,compaction_end,3,42754758
293.921,compaction_begin,3,0
294.136,compaction_end,3,42618174
294.146,compaction_begin,3,0
294.600,compaction_end,3,43367081
294.612,compaction_begin,3,0
294.974,compaction_end,3,43367076
294.985,compaction_begin,3,0
295.588,compaction_end,3,43367081
295.599,compaction_begin,3,0
295.827,flush_begin,0,0
296.189,flush_end,0,2744624
296.291,compaction_end,3,42992653
296.301,compaction_begin,2,0
297.104,compaction_end,2,6400149
297.123,compaction_begin,3,0
297.590,compaction_end,3,42992652
297.602,compaction_begin,3,0
298.047,compaction_end,3,42992651
298.058,compaction_begin,3,0
298.502,compaction_end,3,42992650
298.513,compaction_begin,3,0
298.952,compaction_end,3,42992650
298.962,compaction_begin,3,0
299.183,compaction_end,3,43367082
299.194,compaction_begin,3,0
299.435,compaction_end,3,43281146
299.446,compaction_begin,3,0
299.941,compaction_end,3,42992650
299.952,compaction_begin,3,0
300.490,compaction_end,3,42618171
300.501,compaction_begin,3,0
300.948,compaction_end,3,42754758
300.959,compaction_begin,3,0
301.254,compaction_end,3,42618173
301.265,compaction_begin,3,0
301.684,flush_begin,0,0
302.048,flush_end,0,2744562
302.222,compaction_end,3,43367078
302.233,compaction_begin,2,0
303.031,compaction_end,2,6132338
303.052,compaction_begin,3,0
303.530,compaction_end,3,42992652
303.542,compaction_begin,3,0
304.147,compaction_end,3,43367081
304.158,compaction_begin,3,0
304.606,compaction_end,3,42992650
304.618,compaction_begin,3,0
305.058,compaction_end,3,42992651
305.069,compaction_begin,3,0
305.521,compaction_end,3,42754758
305.533,compaction_begin,3,0
305.843,compaction_end,3,43367081
305.854,compaction_begin,3,0
306.488,compaction_end,3,43367079
306.499,compaction_begin,3,0
306.728,compaction_end,3,43281146
306.739,compaction_begin,3,0
307.206,flush_begin,0,0
307.571,flush_end,0,2744645
307.740,compaction_end,3,43367080
307.751,compaction_begin,2,0
308.559,compaction_end,2,6051175
308.573,compaction_begin,3,0
309.020,compaction_end,3,42992652
309.032,compaction_begin,3,0
309.475,compaction_end,3,42992650
309.487,compaction_begin,3,0
309.927,compaction_end,3,42992651
309.939,compaction_begin,3,0
310.383,compaction_end,3,42754758
310.394,compaction_begin,3,0
310.763,compaction_end,3,43367082
310.773,compaction_begin,3,0
311.162,compaction_end,3,42618172
311.173,compaction_begin,3,0
311.428,compaction_end,3,43367078
311.439,compaction_begin,3,0
311.879,compaction_end,3,42856069
311.889,compaction_begin,3,0
312.203,flush_begin,0,0
312.570,flush_end,0,2744452
312.586,compaction_end,3,42992653
312.597,compaction_begin,2,0
313.390,compaction_end,2,6210196
313.410,compaction_begin,3,0
313.880,compaction_end,3,42992652
313.891,compaction_begin,3,0
314.332,compaction_end,3,42992650
314.343,compaction_begin,3,0
314.792,compaction_end,3,42992651
314.803,compaction_begin,3,0
315.251,compaction_end,3,42754758
315.262,compaction_begin,3,0
315.794,compaction_end,3,42992648
315.804,compaction_begin,3,0
316.194,compaction_end,3,43367080
316.204,compaction_begin,3,0
316.727,compaction_end,3,42992649
316.737,compaction_begin,3,0
317.193,compaction_end,3,43367081
317.203,compaction_begin,3,0
317.653,flush_begin,0,0
318.015,flush_end,0,2744800
318.188,compaction_end,3,43367081
318.198,compaction_begin,2,0
318.993,compaction_end,2,5915766
319.015,compaction_begin,3,0
319.481,compaction_end,3,42992652
319.493,compaction_begin,3,0
319.931,compaction_end,3,42992651
319.942,compaction_begin,3,0
320.384,compaction_end,3,42992650
320.395,compaction_begin,3,0
320.777,compaction_end,3,42618172
320.788,compaction_begin,3,0
321.425,compaction_end,3,43367080
321.436,compaction_begin,3,0
321.892,compaction_end,3,43367081
321.904,compaction_begin,3,0
322.099,compaction_end,3,43367078
322.109,compaction_begin,3,0
322.452,compaction_end,3,43367079
322.462,compaction_begin,3,0
323.062,flush_begin,0,0
323.423,flush_end,0,2744870
323.443,compaction_end,3,43367078
323.454,compaction_begin,2,0
324.244,compaction_end,2,6000015
324.260,compaction_begin,3,0
324.718,compaction_end,3,42992652
324.730,compaction_begin,3,0
325.174,compaction_end,3,42992650
325.186,compaction_begin,3,0
325.795,compaction_end,3,43367081
325.805,compaction_begin,3,0
326.324,compaction_end,3,42992647
326.334,compaction_begin,3,0
326.768,compaction_end,3,42992651
326.778,compaction_begin,3,0
327.242,compaction_end,3,43367081
327.254,compaction_begin,3,0
327.648,compaction_end,3,43367080
327.659,compaction_begin,3,0
328.299,compaction_end,3,43367080
328.310,compaction_begin,3,0
328.664,flush_begin,0,0
329.029,flush_end,0,2744658
329.201,compaction_end,3,42992649
329.211,compaction_begin,2,0
330.018,compaction_end,2,6163386
330.041,compaction_begin,3,0
330.515,compaction_end,3,42992652
330.527,compaction_begin,3,0
330.982,compaction_end,3,42992650
330.992,compaction_begin,3,0
331.445,compaction_end,3,42754758
331.457,compaction_begin,3,0
331.887,compaction_end,3,42992651
331.898,compaction_begin,3,0
332.481,compaction_end,3,43367082
332.492,compaction_begin,3,0
332.989,compaction_end,3,42992648
332.999,compaction_begin,3,0
333.421,compaction_end,3,42992651
333.432,compaction_begin,3,0
333.899,compaction_end,3,43367081
333.911,compaction_begin,3,0
334.059,flush_begin,0,0
334.423,flush_end,0,2744191
334.608,compaction_end,3,42992653
334.618,compaction_begin,2,0
335.421,compaction_end,2,6186744
335.443,compaction_begin,3,0
335.930,compaction_end,3,42992652
335.943,compaction_begin,3,0
336.386,compaction_end,3,42992651
336.399,compaction_begin,3,0
336.838,compaction_end,3,42992650
336.850,compaction_begin,3,0
337.482,compaction_end,3,43367081
337.492,compaction_begin,3,0
337.922,compaction_end,3,42618172
337.932,compaction_begin,3,0
338.188,compaction_end,3,43367078
338.199,compaction_begin,3,0
338.442,compaction_end,3,41955151
338.453,compaction_begin,3,0
339.062,compaction_end,3,43367078
339.072,compaction_begin,3,0
339.439,flush_begin,0,0
339.803,flush_end,0,2744811
339.903,compaction_end,3,43367081
339.915,compaction_begin,2,0
340.707,compaction_end,2,6215371
340.728,compaction_begin,3,0
341.204,compaction_end,3,42992652
341.216,compaction_begin,3,0
341.684,compaction_end,3,42992650
341.696,compaction_begin,3,0
341.959,compaction_end,3,43367082
341.970,compaction_begin,3,0
342.267,compaction_end,3,43367081
342.278,compaction_begin,3,0
342.713,compaction_end,3,42992651
342.724,compaction_begin,3,0
342.913,compaction_end,3,43367078
342.924,compaction_begin,3,0
343.323,compaction_end,3,43367080
343.334,compaction_begin,3,0
343.618,compaction_end,3,42992655
343.628,compaction_begin,3,0
343.960,compaction_end,3,42243696
343.971,compaction_begin,3,0
344.431,compaction_end,3,43367081
344.442,compaction_begin,3,0
344.912,flush_begin,0,0
345.274,flush_end,0,2744667
345.440,compaction_end,3,43367079
345.448,compaction_begin,2,0
346.239,compaction_end,2,6183493
346.263,compaction_begin,3,0
346.730,compaction_end,3,42992652
346.743,compaction_begin,3,0
347.197,compaction_end,3,42992650
347.209,compaction_begin,3,0
347.644,compaction_end,3,42992651
347.656,compaction_begin,3,0
348.098,compaction_end,3,42754758
348.109,compaction_begin,3,0
348.610,compaction_end,3,42992648
348.621,compaction_begin,3,0
348.870,compaction_end,3,43281146
348.880,compaction_begin,3,0
349.192,compaction_end,3,43367081
349.203,compaction_begin,3,0
349.799,compaction_end,3,43367078
349.810,compaction_begin,3,0
350.273,compaction_end,3,43367081
350.281,compaction_begin,3,0
350.397,flush_begin,0,0
350.760,flush_end,0,2744610
350.936,compaction_end,3,42992652
350.946,compaction_begin,2,0
351.741,compaction_end,2,6164455
351.751,compaction_begin,3,0
352.224,compaction_end,3,42992652
352.239,compaction_begin,3,0
352.681,compaction_end,3,42992651
352.693,compaction_begin,3,0
353.140,compaction_end,3,42992650
353.152,compaction_begin,3,0
353.397,compaction_end,3,43281146
353.408,compaction_begin,3,0
353.863,compaction_end,3,42754758
353.874,compaction_begin,3,0
354.409,compaction_end,3,42618171
354.419,compaction_begin,3,0
354.610,compaction_end,3,43367078
354.620,compaction_begin,3,0
355.081,compaction_end,3,43367081
355.091,compaction_begin,3,0
355.647,compaction_end,3,43367082
355.658,compaction_begin,3,0
356.070,flush_begin,0,0
356.431,flush_end,0,2744688
356.603,compaction_end,3,43367082
356.614,compaction_begin,2,0
357.389,compaction_end,2,6337458
357.402,compaction_begin,3,0
357.854,compaction_end,3,42992652
357.866,compaction_begin,3,0
358.298,compaction_end,3,42992651
358.310,compaction_begin,3,0
358.761,compaction_end,3,42992650
358.773,compaction_begin,3,0
359.021,compaction_end,3,43281146
359.032,compaction_begin,3,0
359.569,compaction_end,3,42992648
359.579,compaction_begin,3,0
360.031,compaction_end,3,42754758
360.042,compaction_begin,3,0
360.646,compaction_end,3,43367081
360.656,compaction_begin,3,0
360.907,compaction_end,3,43367078
360.918,compaction_begin,3,0
361.378,flush_begin,0,0
361.743,flush_end,0,2744741
361.922,compaction_end,3,43367079
361.933,compaction_begin,2,0
362.729,compaction_end,2,6514693
362.748,compaction_begin,3,0
363.223,compaction_end,3,42992652
363.235,compaction_begin,3,0
363.682,compaction_end,3,42992650
363.694,compaction_begin,3,0
364.139,compaction_end,3,42992651
364.150,compaction_begin,3,0
364.607,compaction_end,3,43367081
364.618,compaction_begin,3,0
365.220,compaction_end,3,43367078
365.231,compaction_begin,3,0
365.452,compaction_end,3,43367082
365.463,compaction_begin,3,0
365.975,compaction_end,3,42992649
365.985,compaction_begin,3,0
366.638,compaction_end,3,44267905
366.646,compaction_begin,3,0
366.790,flush_begin,0,0
367.152,flush_end,0,2744332
367.292,compaction_end,3,42992652
367.301,compaction_begin,2,0
368.097,compaction_end,2,6401438
368.115,compaction_begin,3,0
368.576,compaction_end,3,42992652
368.589,compaction_begin,3,0
369.035,compaction_end,3,42992651
369.045,compaction_begin,3,0
369.505,compaction_end,3,42992650
369.516,compaction_begin,3,0
370.054,compaction_end,3,42992648
370.064,compaction_begin,3,0
370.653,compaction_end,3,43367078
370.661,compaction_begin,3,0
370.947,compaction_end,3,42992652
370.960,compaction_begin,3,0
371.311,compaction_end,3,43367079
371.322,compaction_begin,3,0
371.737,compaction_end,3,42992651
371.747,compaction_begin,3,0
372.225,compaction_end,3,42992648
372.235,compaction_begin,3,0
372.284,flush_begin,0,0
372.648,flush_end,0,2744834
372.820,compaction_end,3,43367082
372.830,compaction_begin,2,0
373.626,compaction_end,2,6715112
373.645,compaction_begin,3,0
374.117,compaction_end,3,42992652
374.130,compaction_begin,3,0
374.576,compaction_end,3,42992650
374.588,compaction_begin,3,0
375.214,compaction_end,3,43367081
375.225,compaction_begin,3,0
375.535,compaction_end,3,43367081
375.546,compaction_begin,3,0
375.985,compaction_end,3,42992651
375.996,compaction_begin,3,0
376.449,compaction_end,3,43367081
376.457,compaction_begin,3,0
376.808,compaction_end,3,43367079
376.822,compaction_begin,3,0
377.208,compaction_end,3,42618172
377.219,compaction_begin,3,0
377.630,compaction_end,3,42992651
377.641,compaction_begin,3,0
378.101,flush_begin,0,0
378.463,flush_end,0,2744721
378.635,compaction_end,3,43367079
378.646,compaction_begin,2,0
379.449,compaction_end,2,6710101
379.470,compaction_begin,3,0
379.939,compaction_end,3,42992652
379.951,compaction_begin,3,0
380.405,compaction_end,3,43367081
380.416,compaction_begin,3,0
380.859,compaction_end,3,42992650
380.870,compaction_begin,3,0
381.309,compaction_end,3,42992651
381.321,compaction_begin,3,0
381.632,compaction_end,3,42992653
381.643,compaction_begin,3,0
