t,type,level,bytes
-29.862,flush_begin,0,0
-29.851,flush_end,0,2686930
-29.842,flush_begin,0,0
-29.832,flush_end,0,2686931
-29.822,flush_begin,0,0
-29.813,flush_end,0,2686931
-29.803,flush_begin,0,0
-29.794,flush_end,0,2686931
-29.785,flush_begin,0,0
-29.775,flush_end,0,2686931
-29.765,flush_begin,0,0
-29.756,flush_end,0,2686930
-29.746,flush_begin,0,0
-29.737,flush_end,0,2686932
-29.728,flush_begin,0,0
-29.718,flush_end,0,2686930
-29.709,flush_begin,0,0
-29.699,flush_end,0,2686932
-29.690,flush_begin,0,0
-29.680,flush_end,0,2686930
-29.670,flush_begin,0,0
-29.660,flush_end,0,2686931
-29.651,flush_begin,0,0
-29.641,flush_end,0,2686931
-29.632,flush_begin,0,0
-29.622,flush_end,0,2686930
-29.612,flush_begin,0,0
-29.602,flush_end,0,2686932
-29.592,flush_begin,0,0
-29.582,flush_end,0,2686930
-29.572,flush_begin,0,0
-29.563,flush_end,0,2686931
-29.553,flush_begin,0,0
-29.544,flush_end,0,2686931
-29.534,flush_begin,0,0
-29.524,flush_end,0,2686931
-29.515,flush_begin,0,0
-29.504,flush_end,0,2686931
-29.494,flush_begin,0,0
-29.484,flush_end,0,2686931
-29.474,flush_begin,0,0
-29.464,flush_end,0,2686930
-29.454,flush_begin,0,0
-29.444,flush_end,0,2686933
-29.434,flush_begin,0,0
-29.424,flush_end,0,2686930
-29.414,flush_begin,0,0
-29.403,flush_end,0,2686932
-29.393,flush_begin,0,0
-29.382,flush_end,0,2686930
-29.372,flush_begin,0,0
-29.361,flush_end,0,2686930
-29.351,flush_begin,0,0
-29.341,flush_end,0,2686932
-29.331,flush_begin,0,0
-29.321,flush_end,0,2686930
-29.311,flush_begin,0,0
-29.300,flush_end,0,2686932
-29.290,flush_begin,0,0
-29.279,flush_end,0,2686930
-29.269,flush_begin,0,0
-29.257,flush_end,0,2686931
-29.247,flush_begin,0,0
-29.236,flush_end,0,2686931
-29.226,flush_begin,0,0
-29.215,flush_end,0,2686931
-29.205,flush_begin,0,0
-29.194,flush_end,0,2686931
-29.184,flush_begin,0,0
-29.173,flush_end,0,2686931
-29.163,flush_begin,0,0
-29.153,flush_end,0,2686930
-29.143,flush_begin,0,0
-29.133,flush_end,0,2686932
-29.123,flush_begin,0,0
-29.113,flush_end,0,2686930
-29.103,flush_begin,0,0
-29.093,flush_end,0,2686931
-29.084,flush_begin,0,0
-29.072,flush_end,0,2686931
-29.057,trivial_move,3,2686930
-29.056,flush_begin,0,0
-29.046,flush_end,0,2686930
-29.030,trivial_move,3,2686931
-29.029,flush_begin,0,0
-29.019,flush_end,0,2686932
-29.003,trivial_move,3,2686931
-29.002,flush_begin,0,0
-28.992,flush_end,0,2686930
-28.976,trivial_move,3,2686931
-28.975,flush_begin,0,0
-28.964,flush_end,0,2686933
-28.948,trivial_move,3,2686931
-28.947,flush_begin,0,0
-28.936,flush_end,0,2686930
-28.920,trivial_move,3,2686930
-28.919,flush_begin,0,0
-28.908,flush_end,0,2686931
-28.892,trivial_move,3,2686932
-28.891,flush_begin,0,0
-28.879,flush_end,0,2686931
-28.863,trivial_move,3,2686930
-28.862,flush_begin,0,0
-28.850,flush_end,0,2686931
-28.834,trivial_move,3,2686932
-28.833,flush_begin,0,0
-28.821,flush_end,0,2686931
-28.805,trivial_move,3,2686930
-28.804,flush_begin,0,0
-28.791,flush_end,0,2686930
-28.775,trivial_move,3,2686931
-28.772,flush_begin,0,0
-28.760,flush_end,0,2686930
-28.744,trivial_move,3,2686931
-28.742,flush_begin,0,0
-28.730,flush_end,0,2686931
-28.714,trivial_move,3,2686930
-28.711,flush_begin,0,0
-28.697,flush_end,0,2686931
-28.681,trivial_move,3,2686932
-28.679,flush_begin,0,0
-28.667,flush_end,0,2686931
-28.651,trivial_move,3,2686930
-28.649,flush_begin,0,0
-28.636,flush_end,0,2686931
-28.620,trivial_move,3,2686931
-28.618,flush_begin,0,0
-28.605,flush_end,0,2686930
-28.589,trivial_move,3,2686931
-28.587,flush_begin,0,0
-28.573,flush_end,0,2686932
-28.557,trivial_move,3,2686931
-28.555,flush_begin,0,0
-28.541,flush_end,0,2686930
-28.525,trivial_move,3,2686931
-28.522,flush_begin,0,0
-28.508,flush_end,0,2686932
-28.492,trivial_move,3,2686931
-28.489,flush_begin,0,0
-28.475,flush_end,0,2686930
-28.459,trivial_move,3,2686930
-28.456,flush_begin,0,0
-28.442,flush_end,0,2686931
-28.426,trivial_move,3,2686933
-28.423,flush_begin,0,0
-28.410,flush_end,0,2686931
-28.394,trivial_move,3,2686930
-28.391,flush_begin,0,0
-28.378,flush_end,0,2686930
-28.362,trivial_move,3,2686932
-28.360,flush_begin,0,0
-28.347,flush_end,0,2686932
-28.331,trivial_move,3,2686930
-28.329,flush_begin,0,0
-28.316,flush_end,0,2686930
-28.300,trivial_move,3,2686930
-28.298,flush_begin,0,0
-28.285,flush_end,0,2686932
-28.269,trivial_move,3,2686932
-28.267,flush_begin,0,0
-28.254,flush_end,0,2686931
-28.237,trivial_move,3,2686930
-28.235,flush_begin,0,0
-28.222,flush_end,0,2686931
-28.206,trivial_move,3,2686932
-28.204,flush_begin,0,0
-28.192,flush_end,0,2686931
-28.176,trivial_move,3,2686930
-28.174,flush_begin,0,0
-28.161,flush_end,0,2686931
-28.145,trivial_move,3,2686931
-28.143,flush_begin,0,0
-28.131,flush_end,0,2686930
-28.115,trivial_move,3,2686931
-28.113,flush_begin,0,0
-28.100,flush_end,0,2686932
-28.084,trivial_move,3,2686931
-28.082,flush_begin,0,0
-28.070,flush_end,0,2686930
-28.054,trivial_move,3,2686931
-28.052,flush_begin,0,0
-28.040,flush_end,0,2686932
-28.024,trivial_move,3,2686931
-28.021,flush_begin,0,0
-28.009,flush_end,0,2686930
-27.993,trivial_move,3,2686930
-27.991,flush_begin,0,0
-27.979,flush_end,0,2686930
-27.963,trivial_move,3,2686932
-27.961,flush_begin,0,0
-27.948,flush_end,0,2686932
-27.932,trivial_move,3,2686930
-27.930,flush_begin,0,0
-27.917,flush_end,0,2686930
-27.901,trivial_move,3,2686931
-27.898,flush_begin,0,0
-27.884,flush_end,0,2686932
-27.868,trivial_move,3,2686931
-27.866,flush_begin,0,0
-27.854,flush_end,0,2686930
-27.838,trivial_move,3,2686930
-27.836,flush_begin,0,0
-27.823,flush_end,0,2686931
-27.807,trivial_move,3,2686932
-27.805,flush_begin,0,0
-27.792,flush_end,0,2686931
-27.776,trivial_move,3,2686930
-27.773,flush_begin,0,0
-27.760,flush_end,0,2686931
-27.744,trivial_move,3,2686933
-27.742,flush_begin,0,0
-27.728,flush_end,0,2686931
-27.712,trivial_move,3,2686930
-27.710,flush_begin,0,0
-27.697,flush_end,0,2686931
-27.681,trivial_move,3,2686931
-27.679,flush_begin,0,0
-27.667,flush_end,0,2686930
-27.651,trivial_move,3,2686931
-27.649,flush_begin,0,0
-27.637,flush_end,0,2686933
-27.621,trivial_move,3,2686931
-27.619,flush_begin,0,0
-27.606,flush_end,0,2686930
-27.590,trivial_move,3,2686931
-27.588,flush_begin,0,0
-27.576,flush_end,0,2686931
-27.560,trivial_move,3,2686930
-27.559,flush_begin,0,0
-27.546,flush_end,0,2686931
-27.530,trivial_move,3,2686930
-27.528,flush_begin,0,0
-27.516,flush_end,0,2686930
-27.500,trivial_move,3,2686931
-27.498,flush_begin,0,0
-27.486,flush_end,0,2686932
-27.470,trivial_move,3,2686931
-27.468,flush_begin,0,0
-27.455,flush_end,0,2686930
-27.439,trivial_move,3,2686931
-27.437,flush_begin,0,0
-27.424,flush_end,0,2686932
-27.408,trivial_move,3,2686931
-27.406,flush_begin,0,0
-27.393,flush_end,0,2686930
-27.377,trivial_move,3,2686930
-27.376,flush_begin,0,0
-27.363,flush_end,0,2686931
-27.347,trivial_move,3,2686932
-27.345,flush_begin,0,0
-27.333,flush_end,0,2686931
-27.317,trivial_move,3,2686930
-27.316,flush_begin,0,0
-27.303,flush_end,0,2686931
-27.287,trivial_move,3,2686932
-27.285,flush_begin,0,0
-27.272,flush_end,0,2686931
-27.256,trivial_move,3,2686930
-27.254,flush_begin,0,0
-27.242,flush_end,0,2686930
-27.226,trivial_move,3,2686931
-27.224,flush_begin,0,0
-27.211,flush_end,0,2686930
-27.195,trivial_move,3,2686931
-27.194,flush_begin,0,0
-27.181,flush_end,0,2686931
-27.165,trivial_move,3,2686930
-27.163,flush_begin,0,0
-27.151,flush_end,0,2686931
-27.135,trivial_move,3,2686932
-27.133,flush_begin,0,0
-27.121,flush_end,0,2686931
-27.104,trivial_move,3,2686930
-27.103,flush_begin,0,0
-27.091,flush_end,0,2686931
-27.075,trivial_move,3,2686932
-27.074,flush_begin,0,0
-27.061,flush_end,0,2686930
-27.045,trivial_move,3,2686931
-27.043,flush_begin,0,0
-27.031,flush_end,0,2686932
-27.015,trivial_move,3,2686931
-27.013,flush_begin,0,0
-27.000,flush_end,0,2686930
-26.984,trivial_move,3,2686931
-26.983,flush_begin,0,0
-26.970,flush_end,0,2686933
-26.954,trivial_move,3,2686931
-26.952,flush_begin,0,0
-26.939,flush_end,0,2686930
-26.923,trivial_move,3,2686930
-26.921,flush_begin,0,0
-26.908,flush_end,0,2686931
-26.892,trivial_move,3,2686932
-26.891,flush_begin,0,0
-26.878,flush_end,0,2686931
-26.862,trivial_move,3,2686930
-26.860,flush_begin,0,0
-26.847,flush_end,0,2686930
-26.831,trivial_move,3,2686932
-26.829,flush_begin,0,0
-26.816,flush_end,0,2686932
-26.800,trivial_move,3,2686930
-26.798,flush_begin,0,0
-26.784,flush_end,0,2686930
-26.768,trivial_move,3,2686930
-26.766,flush_begin,0,0
-26.752,flush_end,0,2686931
-26.736,trivial_move,3,2686932
-26.734,flush_begin,0,0
-26.720,flush_end,0,2686931
-26.704,trivial_move,3,2686930
-26.701,flush_begin,0,0
-26.687,flush_end,0,2686931
-26.670,trivial_move,3,2686932
-26.668,flush_begin,0,0
-26.654,flush_end,0,2686931
-26.638,trivial_move,3,2686930
-26.636,flush_begin,0,0
-26.622,flush_end,0,2686931
-26.606,trivial_move,3,2686931
-26.604,flush_begin,0,0
-26.590,flush_end,0,2686930
-26.574,trivial_move,3,2686931
-26.571,flush_begin,0,0
-26.558,flush_end,0,2686932
-26.542,trivial_move,3,2686931
-26.540,flush_begin,0,0
-26.526,flush_end,0,2686930
-26.510,trivial_move,3,2686931
-26.508,flush_begin,0,0
-26.495,flush_end,0,2686932
-26.479,trivial_move,3,2686931
-26.477,flush_begin,0,0
-26.464,flush_end,0,2686930
-26.448,trivial_move,3,2686930
-26.446,flush_begin,0,0
-26.434,flush_end,0,2686930
-26.419,trivial_move,3,2686933
-26.417,flush_begin,0,0
-26.403,flush_end,0,2686932
-26.387,trivial_move,3,2686930
-26.385,flush_begin,0,0
-26.372,flush_end,0,2686930
-26.356,trivial_move,3,2686931
-26.354,flush_begin,0,0
-26.342,flush_end,0,2686932
-26.326,trivial_move,3,2686931
-26.324,flush_begin,0,0
-26.312,flush_end,0,2686930
-26.296,trivial_move,3,2686930
-26.294,flush_begin,0,0
-26.281,flush_end,0,2686932
-26.265,trivial_move,3,2686932
-26.263,flush_begin,0,0
-26.250,flush_end,0,2686931
-26.234,trivial_move,3,2686930
-26.232,flush_begin,0,0
-26.218,flush_end,0,2686931
-26.202,trivial_move,3,2686932
-26.200,flush_begin,0,0
-26.186,flush_end,0,2686931
-26.170,trivial_move,3,2686930
-26.168,flush_begin,0,0
-26.156,flush_end,0,2686931
-26.140,trivial_move,3,2686931
-26.139,flush_begin,0,0
-26.127,flush_end,0,2686930
-26.111,trivial_move,3,2686931
-26.110,flush_begin,0,0
-26.096,flush_end,0,2686932
-26.080,trivial_move,3,2686931
-26.078,flush_begin,0,0
-26.066,flush_end,0,2686930
-26.050,trivial_move,3,2686931
-26.048,flush_begin,0,0
-26.036,flush_end,0,2686931
-26.020,trivial_move,3,2686930
-26.018,flush_begin,0,0
-26.006,flush_end,0,2686931
-25.990,trivial_move,3,2686930
-25.988,flush_begin,0,0
-25.975,flush_end,0,2686930
-25.959,trivial_move,3,2686931
-25.957,flush_begin,0,0
-25.944,flush_end,0,2686932
-25.928,trivial_move,3,2686931
-25.926,flush_begin,0,0
-25.913,flush_end,0,2686930
-25.897,trivial_move,3,2686931
-25.895,flush_begin,0,0
-25.880,flush_end,0,2686932
-25.864,trivial_move,3,2686931
-25.862,flush_begin,0,0
-25.849,flush_end,0,2686930
-25.833,trivial_move,3,2686930
-25.831,flush_begin,0,0
-25.819,flush_end,0,2686931
-25.803,trivial_move,3,2686932
-25.801,flush_begin,0,0
-25.788,flush_end,0,2686931
-25.772,trivial_move,3,2686930
-25.770,flush_begin,0,0
-25.756,flush_end,0,2686931
-25.740,trivial_move,3,2686933
-25.738,flush_begin,0,0
-25.724,flush_end,0,2686931
-25.708,trivial_move,3,2686930
-25.705,flush_begin,0,0
-25.691,flush_end,0,2686930
-25.676,trivial_move,3,2686931
-25.674,flush_begin,0,0
-25.661,flush_end,0,2686930
-25.645,trivial_move,3,2686931
-25.642,flush_begin,0,0
-25.629,flush_end,0,2686931
-25.613,trivial_move,3,2686930
-25.611,flush_begin,0,0
-25.598,flush_end,0,2686932
-25.582,trivial_move,3,2686932
-25.580,flush_begin,0,0
-25.566,flush_end,0,2686931
-25.550,trivial_move,3,2686930
-25.548,flush_begin,0,0
-25.535,flush_end,0,2686931
-25.519,trivial_move,3,2686931
-25.517,flush_begin,0,0
-25.503,flush_end,0,2686930
-25.487,trivial_move,3,2686931
-25.485,flush_begin,0,0
-25.472,flush_end,0,2686932
-25.456,trivial_move,3,2686931
-25.454,flush_begin,0,0
-25.441,flush_end,0,2686930
-25.425,trivial_move,3,2686931
-25.423,flush_begin,0,0
-25.409,flush_end,0,2686932
-25.393,trivial_move,3,2686931
-25.391,flush_begin,0,0
-25.377,flush_end,0,2686930
-25.361,trivial_move,3,2686930
-25.359,flush_begin,0,0
-25.345,flush_end,0,2686931
-25.329,trivial_move,3,2686932
-25.327,flush_begin,0,0
-25.312,flush_end,0,2686931
-25.296,trivial_move,3,2686930
-25.294,flush_begin,0,0
-25.280,flush_end,0,2686930
-25.264,trivial_move,3,2686932
-25.261,flush_begin,0,0
-25.246,flush_end,0,2686932
-25.230,trivial_move,3,2686930
-25.228,flush_begin,0,0
-25.214,flush_end,0,2686930
-25.198,trivial_move,3,2686930
-25.196,flush_begin,0,0
-25.182,flush_end,0,2686931
-25.166,trivial_move,3,2686932
-25.164,flush_begin,0,0
-25.150,flush_end,0,2686931
-25.134,trivial_move,3,2686930
-25.132,flush_begin,0,0
-25.119,flush_end,0,2686931
-25.103,trivial_move,3,2686932
-25.101,flush_begin,0,0
-25.088,flush_end,0,2686931
-25.072,trivial_move,3,2686930
-25.070,flush_begin,0,0
-25.057,flush_end,0,2686931
-25.041,trivial_move,3,2686932
-25.039,flush_begin,0,0
-25.026,flush_end,0,2686930
-25.010,trivial_move,3,2686931
-25.009,flush_begin,0,0
-24.996,flush_end,0,2686932
-24.977,trivial_move,3,2686931
-24.975,flush_begin,0,0
-24.962,flush_end,0,2686930
-24.946,trivial_move,3,2686931
-24.943,flush_begin,0,0
-24.931,flush_end,0,2686933
-24.915,trivial_move,3,2686931
-24.913,flush_begin,0,0
-24.901,flush_end,0,2686930
-24.885,trivial_move,3,2686930
-24.883,flush_begin,0,0
-24.870,flush_end,0,2686930
-24.854,trivial_move,3,2686932
-24.852,flush_begin,0,0
-24.839,flush_end,0,2686932
-24.823,trivial_move,3,2686930
-24.821,flush_begin,0,0
-24.808,flush_end,0,2686930
-24.792,trivial_move,3,2686931
-24.791,flush_begin,0,0
-24.778,flush_end,0,2686932
-24.762,trivial_move,3,2686931
-24.761,flush_begin,0,0
-24.748,flush_end,0,2686930
-24.732,trivial_move,3,2686930
-24.730,flush_begin,0,0
-24.718,flush_end,0,2686931
-24.702,trivial_move,3,2686932
-24.700,flush_begin,0,0
-24.688,flush_end,0,2686931
-24.672,trivial_move,3,2686930
-24.671,flush_begin,0,0
-24.658,flush_end,0,2686931
-24.642,trivial_move,3,2686932
-24.640,flush_begin,0,0
-24.627,flush_end,0,2686931
-24.611,trivial_move,3,2686930
-24.609,flush_begin,0,0
-24.597,flush_end,0,2686931
-24.581,trivial_move,3,2686931
-24.579,flush_begin,0,0
-24.567,flush_end,0,2686930
-24.551,trivial_move,3,2686931
-24.549,flush_begin,0,0
-24.536,flush_end,0,2686932
-24.520,trivial_move,3,2686931
-24.518,flush_begin,0,0
-24.506,flush_end,0,2686930
-24.490,trivial_move,3,2686931
-24.488,flush_begin,0,0
-24.476,flush_end,0,2686931
-24.460,trivial_move,3,2686930
-24.458,flush_begin,0,0
-24.446,flush_end,0,2686931
-24.430,trivial_move,3,2686930
-24.428,flush_begin,0,0
-24.415,flush_end,0,2686930
-24.399,trivial_move,3,2686931
-24.397,flush_begin,0,0
-24.385,flush_end,0,2686932
-24.369,trivial_move,3,2686932
-24.368,flush_begin,0,0
-24.355,flush_end,0,2686930
-24.339,trivial_move,3,2686931
-24.337,flush_begin,0,0
-24.325,flush_end,0,2686932
-24.309,trivial_move,3,2686931
-24.307,flush_begin,0,0
-24.295,flush_end,0,2686930
-24.279,trivial_move,3,2686930
-24.277,flush_begin,0,0
-24.265,flush_end,0,2686932
-24.249,trivial_move,3,2686932
-24.247,flush_begin,0,0
-24.233,flush_end,0,2686931
-24.218,trivial_move,3,2686930
-24.216,flush_begin,0,0
-24.203,flush_end,0,2686931
-24.187,trivial_move,3,2686932
-24.185,flush_begin,0,0
-24.172,flush_end,0,2686931
-24.156,trivial_move,3,2686930
-24.154,flush_begin,0,0
-24.141,flush_end,0,2686930
-24.125,trivial_move,3,2686931
-24.123,flush_begin,0,0
-24.109,flush_end,0,2686930
-24.093,trivial_move,3,2686931
-24.091,flush_begin,0,0
-24.078,flush_end,0,2686931
-24.062,trivial_move,3,2686930
-24.060,flush_begin,0,0
-24.047,flush_end,0,2686931
-24.031,trivial_move,3,2686932
-24.029,flush_begin,0,0
-24.015,flush_end,0,2686931
-23.999,trivial_move,3,2686930
-23.997,flush_begin,0,0
-23.984,flush_end,0,2686931
-23.968,trivial_move,3,2686931
-23.966,flush_begin,0,0
-23.953,flush_end,0,2686930
-23.937,trivial_move,3,2686931
-23.935,flush_begin,0,0
-23.922,flush_end,0,2686932
-23.906,trivial_move,3,2686931
-23.904,flush_begin,0,0
-23.890,flush_end,0,2686930
-23.873,trivial_move,3,2686931
-23.871,flush_begin,0,0
-23.859,flush_end,0,2686932
-23.843,trivial_move,3,2686931
-23.841,flush_begin,0,0
-23.828,flush_end,0,2686930
-23.811,trivial_move,3,2686930
-23.809,flush_begin,0,0
-23.797,flush_end,0,2686931
-23.781,trivial_move,3,2686932
-23.779,flush_begin,0,0
-23.767,flush_end,0,2686931
-23.751,trivial_move,3,2686930
-23.749,flush_begin,0,0
-23.736,flush_end,0,2686930
-23.720,trivial_move,3,2686933
-23.718,flush_begin,0,0
-23.705,flush_end,0,2686932
-23.689,trivial_move,3,2686930
-23.687,flush_begin,0,0
-23.676,flush_end,0,2686930
-23.655,trivial_move,3,2686930
-23.653,flush_begin,0,0
-23.641,flush_end,0,2686931
-23.625,trivial_move,3,2686932
-23.623,flush_begin,0,0
-23.611,flush_end,0,2686931
-23.595,trivial_move,3,2686930
-23.593,flush_begin,0,0
-23.580,flush_end,0,2686933
-23.564,trivial_move,3,2686932
-23.562,flush_begin,0,0
-23.549,flush_end,0,2686931
-23.533,trivial_move,3,2686930
-23.531,flush_begin,0,0
-23.518,flush_end,0,2686931
-23.502,trivial_move,3,2686931
-23.500,flush_begin,0,0
-23.488,flush_end,0,2686930
-23.472,trivial_move,3,2686931
-23.470,flush_begin,0,0
-23.458,flush_end,0,2686932
-23.442,trivial_move,3,2686931
-23.440,flush_begin,0,0
-23.428,flush_end,0,2686930
-23.412,trivial_move,3,2686931
-23.410,flush_begin,0,0
-23.397,flush_end,0,2686932
-23.381,trivial_move,3,2686931
-23.379,flush_begin,0,0
-23.366,flush_end,0,2686930
-23.350,trivial_move,3,2686930
-23.348,flush_begin,0,0
-23.336,flush_end,0,2686930
-23.320,trivial_move,3,2686932
-23.318,flush_begin,0,0
-23.305,flush_end,0,2686932
-23.289,trivial_move,3,2686930
-23.287,flush_begin,0,0
-23.274,flush_end,0,2686930
-23.258,trivial_move,3,2686931
-23.256,flush_begin,0,0
-23.243,flush_end,0,2686932
-23.227,trivial_move,3,2686931
-23.225,flush_begin,0,0
-23.212,flush_end,0,2686930
-23.195,trivial_move,3,2686930
-23.192,flush_begin,0,0
-23.178,flush_end,0,2686931
-23.162,trivial_move,3,2686932
-23.160,flush_begin,0,0
-23.146,flush_end,0,2686931
-23.130,trivial_move,3,2686930
-23.128,flush_begin,0,0
-23.114,flush_end,0,2686931
-23.098,trivial_move,3,2686932
-23.096,flush_begin,0,0
-23.082,flush_end,0,2686931
-23.066,trivial_move,3,2686930
-23.063,flush_begin,0,0
-23.049,flush_end,0,2686931
-23.033,trivial_move,3,2686932
-23.031,flush_begin,0,0
-23.018,flush_end,0,2686930
-23.002,trivial_move,3,2686931
-23.000,flush_begin,0,0
-22.987,flush_end,0,2686932
-22.971,trivial_move,3,2686931
-22.969,flush_begin,0,0
-22.957,flush_end,0,2686930
-22.941,trivial_move,3,2686931
-22.940,flush_begin,0,0
-22.927,flush_end,0,2686931
-22.911,trivial_move,3,2686930
-22.909,flush_begin,0,0
-22.896,flush_end,0,2686932
-22.880,trivial_move,3,2686930
-22.878,flush_begin,0,0
-22.865,flush_end,0,2686930
-22.849,trivial_move,3,2686931
-22.847,flush_begin,0,0
-22.834,flush_end,0,2686932
-22.818,trivial_move,3,2686931
-22.816,flush_begin,0,0
-22.803,flush_end,0,2686930
-22.787,trivial_move,3,2686931
-22.785,flush_begin,0,0
-22.772,flush_end,0,2686932
-22.756,trivial_move,3,2686931
-22.755,flush_begin,0,0
-22.742,flush_end,0,2686930
-22.726,trivial_move,3,2686930
-22.724,flush_begin,0,0
-22.712,flush_end,0,2686931
-22.696,trivial_move,3,2686932
-22.695,flush_begin,0,0
-22.682,flush_end,0,2686931
-22.666,trivial_move,3,2686930
-22.665,flush_begin,0,0
-22.653,flush_end,0,2686931
-22.637,trivial_move,3,2686932
-22.636,flush_begin,0,0
-22.624,flush_end,0,2686931
-22.608,trivial_move,3,2686930
-22.606,flush_begin,0,0
-22.595,flush_end,0,2686930
-22.579,trivial_move,3,2686931
-22.578,flush_begin,0,0
-22.566,flush_end,0,2686930
-22.550,trivial_move,3,2686931
-22.548,flush_begin,0,0
-22.536,flush_end,0,2686931
-22.520,trivial_move,3,2686930
-22.518,flush_begin,0,0
-22.507,flush_end,0,2686931
-22.491,trivial_move,3,2686932
-22.490,flush_begin,0,0
-22.478,flush_end,0,2686931
-22.462,trivial_move,3,2686930
-22.461,flush_begin,0,0
-22.449,flush_end,0,2686931
-22.433,trivial_move,3,2686931
-22.432,flush_begin,0,0
-22.422,flush_end,0,2686930
-22.406,trivial_move,3,2686931
-22.405,flush_begin,0,0
-22.396,flush_end,0,2686932
-22.380,trivial_move,3,2686933
-22.379,flush_begin,0,0
-22.370,flush_end,0,2686930
-22.354,trivial_move,3,2686931
-22.353,flush_begin,0,0
-22.344,flush_end,0,2686932
-22.328,trivial_move,3,2686931
-22.328,flush_begin,0,0
-22.317,flush_end,0,2686930
-22.301,trivial_move,3,2686930
-22.300,flush_begin,0,0
-22.290,flush_end,0,2686932
-22.274,trivial_move,3,2686932
-22.273,flush_begin,0,0
-22.262,flush_end,0,2686931
-22.246,trivial_move,3,2686930
-22.245,flush_begin,0,0
-22.233,flush_end,0,2686930
-22.217,trivial_move,3,2686932
-22.216,flush_begin,0,0
-22.204,flush_end,0,2686932
-22.188,trivial_move,3,2686930
-22.186,flush_begin,0,0
-22.175,flush_end,0,2686930
-22.159,trivial_move,3,2686930
-22.158,flush_begin,0,0
-22.146,flush_end,0,2686931
-22.130,trivial_move,3,2686932
-22.128,flush_begin,0,0
-22.116,flush_end,0,2686931
-22.100,trivial_move,3,2686930
-22.098,flush_begin,0,0
-22.085,flush_end,0,2686931
-22.069,trivial_move,3,2686932
-22.067,flush_begin,0,0
-22.054,flush_end,0,2686931
-22.038,trivial_move,3,2686930
-22.036,flush_begin,0,0
-22.023,flush_end,0,2686931
-22.007,trivial_move,3,2686931
-22.005,flush_begin,0,0
-21.991,flush_end,0,2686930
-21.975,trivial_move,3,2686931
-21.973,flush_begin,0,0
-21.959,flush_end,0,2686932
-21.943,trivial_move,3,2686931
-21.940,flush_begin,0,0
-21.928,flush_end,0,2686930
-21.912,trivial_move,3,2686931
-21.910,flush_begin,0,0
-21.896,flush_end,0,2686932
-21.880,trivial_move,3,2686931
-21.878,flush_begin,0,0
-21.865,flush_end,0,2686930
-21.849,trivial_move,3,2686930
-21.848,flush_begin,0,0
-21.835,flush_end,0,2686930
-21.819,trivial_move,3,2686932
-21.817,flush_begin,0,0
-21.805,flush_end,0,2686932
-21.789,trivial_move,3,2686930
-21.788,flush_begin,0,0
-21.775,flush_end,0,2686930
-21.759,trivial_move,3,2686931
-21.757,flush_begin,0,0
-21.744,flush_end,0,2686932
-21.728,trivial_move,3,2686932
-21.726,flush_begin,0,0
-21.713,flush_end,0,2686930
-21.697,trivial_move,3,2686930
-21.695,flush_begin,0,0
-21.682,flush_end,0,2686931
-21.666,trivial_move,3,2686932
-21.664,flush_begin,0,0
-21.651,flush_end,0,2686931
-21.635,trivial_move,3,2686930
-21.633,flush_begin,0,0
-21.621,flush_end,0,2686932
-21.605,trivial_move,3,2686932
-21.603,flush_begin,0,0
-21.590,flush_end,0,2686931
-21.575,trivial_move,3,2686930
-21.573,flush_begin,0,0
-21.561,flush_end,0,2686931
-21.545,trivial_move,3,2686931
-21.544,flush_begin,0,0
-21.531,flush_end,0,2686930
-21.517,trivial_move,3,2686931
-21.515,flush_begin,0,0
-21.502,flush_end,0,2686932
-21.486,trivial_move,3,2686931
-21.485,flush_begin,0,0
-21.472,flush_end,0,2686930
-21.456,trivial_move,3,2686931
-21.454,flush_begin,0,0
-21.441,flush_end,0,2686931
-21.425,trivial_move,3,2686930
-21.424,flush_begin,0,0
-21.413,flush_end,0,2686931
-21.397,trivial_move,3,2686930
-21.396,flush_begin,0,0
-21.384,flush_end,0,2686930
-21.368,trivial_move,3,2686931
-21.366,flush_begin,0,0
-21.355,flush_end,0,2686932
-21.339,trivial_move,3,2686931
-21.338,flush_begin,0,0
-21.326,flush_end,0,2686930
-21.309,trivial_move,3,2686931
-21.308,flush_begin,0,0
-21.296,flush_end,0,2686932
-21.280,trivial_move,3,2686931
-21.278,flush_begin,0,0
-21.265,flush_end,0,2686930
-21.249,trivial_move,3,2686930
-21.247,flush_begin,0,0
-21.235,flush_end,0,2686931
-21.219,trivial_move,3,2686932
-21.217,flush_begin,0,0
-21.205,flush_end,0,2686931
-21.189,trivial_move,3,2686930
-21.188,flush_begin,0,0
-21.175,flush_end,0,2686931
-21.159,trivial_move,3,2686932
-21.157,flush_begin,0,0
-21.145,flush_end,0,2686931
-21.129,trivial_move,3,2686930
-21.126,flush_begin,0,0
-21.114,flush_end,0,2686930
-21.098,trivial_move,3,2686932
-21.095,flush_begin,0,0
-21.082,flush_end,0,2686930
-21.067,trivial_move,3,2686931
-21.065,flush_begin,0,0
-21.051,flush_end,0,2686931
-21.035,trivial_move,3,2686930
-21.033,flush_begin,0,0
-21.021,flush_end,0,2686931
-21.004,trivial_move,3,2686932
-21.002,flush_begin,0,0
-20.989,flush_end,0,2686931
-20.973,trivial_move,3,2686930
-20.971,flush_begin,0,0
-20.958,flush_end,0,2686932
-20.942,trivial_move,3,2686931
-20.940,flush_begin,0,0
-20.927,flush_end,0,2686930
-20.911,trivial_move,3,2686931
-20.909,flush_begin,0,0
-20.896,flush_end,0,2686932
-20.880,trivial_move,3,2686931
-20.877,flush_begin,0,0
-20.864,flush_end,0,2686930
-20.848,trivial_move,3,2686931
-20.846,flush_begin,0,0
-20.833,flush_end,0,2686932
-20.817,trivial_move,3,2686931
-20.815,flush_begin,0,0
-20.802,flush_end,0,2686930
-20.786,trivial_move,3,2686930
-20.784,flush_begin,0,0
-20.772,flush_end,0,2686931
-20.756,trivial_move,3,2686932
-20.754,flush_begin,0,0
-20.742,flush_end,0,2686931
-20.726,trivial_move,3,2686930
-20.724,flush_begin,0,0
-20.712,flush_end,0,2686930
-20.696,trivial_move,3,2686932
-20.694,flush_begin,0,0
-20.681,flush_end,0,2686932
-20.665,trivial_move,3,2686930
-20.663,flush_begin,0,0
-20.651,flush_end,0,2686930
-20.635,trivial_move,3,2686930
-20.632,flush_begin,0,0
-20.619,flush_end,0,2686931
-20.603,trivial_move,3,2686932
-20.601,flush_begin,0,0
-20.587,flush_end,0,2686931
-20.571,trivial_move,3,2686930
-20.569,flush_begin,0,0
-20.555,flush_end,0,2686931
-20.539,trivial_move,3,2686932
-20.537,flush_begin,0,0
-20.523,flush_end,0,2686931
-20.507,trivial_move,3,2686930
-20.505,flush_begin,0,0
-20.491,flush_end,0,2686931
-20.475,trivial_move,3,2686931
-20.473,flush_begin,0,0
-20.460,flush_end,0,2686930
-20.444,trivial_move,3,2686931
-20.443,flush_begin,0,0
-20.430,flush_end,0,2686932
-20.414,trivial_move,3,2686932
-20.412,flush_begin,0,0
-20.400,flush_end,0,2686930
-20.384,trivial_move,3,2686931
-20.382,flush_begin,0,0
-20.369,flush_end,0,2686932
-20.353,trivial_move,3,2686931
-20.351,flush_begin,0,0
-20.338,flush_end,0,2686930
-20.322,trivial_move,3,2686930
-20.319,flush_begin,0,0
-20.306,flush_end,0,2686930
-20.290,trivial_move,3,2686932
-20.288,flush_begin,0,0
-20.273,flush_end,0,2686933
-20.258,trivial_move,3,2686930
-20.256,flush_begin,0,0
-20.242,flush_end,0,2686930
-20.226,trivial_move,3,2686931
-20.224,flush_begin,0,0
-20.210,flush_end,0,2686932
-20.194,trivial_move,3,2686931
-20.191,flush_begin,0,0
-20.177,flush_end,0,2686930
-20.161,trivial_move,3,2686930
-20.159,flush_begin,0,0
-20.145,flush_end,0,2686931
-20.129,trivial_move,3,2686932
-20.127,flush_begin,0,0
-20.114,flush_end,0,2686931
-20.098,trivial_move,3,2686930
-20.096,flush_begin,0,0
-20.082,flush_end,0,2686931
-20.066,trivial_move,3,2686932
-20.064,flush_begin,0,0
-20.051,flush_end,0,2686931
-20.035,trivial_move,3,2686930
-20.034,flush_begin,0,0
-20.021,flush_end,0,2686931
-20.005,trivial_move,3,2686931
-20.003,flush_begin,0,0
-19.991,flush_end,0,2686930
-19.975,trivial_move,3,2686931
-19.973,flush_begin,0,0
-19.961,flush_end,0,2686932
-19.945,trivial_move,3,2686931
-19.944,flush_begin,0,0
-19.932,flush_end,0,2686930
-19.916,trivial_move,3,2686931
-19.915,flush_begin,0,0
-19.903,flush_end,0,2686931
-19.887,trivial_move,3,2686930
-19.885,flush_begin,0,0
-19.873,flush_end,0,2686931
-19.857,trivial_move,3,2686930
-19.856,flush_begin,0,0
-19.844,flush_end,0,2686930
-19.828,trivial_move,3,2686931
-19.827,flush_begin,0,0
-19.815,flush_end,0,2686932
-19.799,trivial_move,3,2686931
-19.797,flush_begin,0,0
-19.785,flush_end,0,2686930
-19.769,trivial_move,3,2686931
-19.768,flush_begin,0,0
-19.756,flush_end,0,2686932
-19.741,trivial_move,3,2686932
-19.739,flush_begin,0,0
-19.728,flush_end,0,2686930
-19.712,trivial_move,3,2686930
-19.710,flush_begin,0,0
-19.698,flush_end,0,2686931
-19.682,trivial_move,3,2686932
-19.681,flush_begin,0,0
-19.668,flush_end,0,2686931
-19.652,trivial_move,3,2686930
-19.650,flush_begin,0,0
-19.638,flush_end,0,2686932
-19.622,trivial_move,3,2686932
-19.620,flush_begin,0,0
-19.607,flush_end,0,2686931
-19.591,trivial_move,3,2686930
-19.589,flush_begin,0,0
-19.576,flush_end,0,2686930
-19.560,trivial_move,3,2686931
-19.558,flush_begin,0,0
-19.546,flush_end,0,2686930
-19.530,trivial_move,3,2686931
-19.528,flush_begin,0,0
-19.516,flush_end,0,2686931
-19.500,trivial_move,3,2686930
-19.498,flush_begin,0,0
-19.486,flush_end,0,2686931
-19.470,trivial_move,3,2686932
-19.468,flush_begin,0,0
-19.455,flush_end,0,2686931
-19.439,trivial_move,3,2686930
-19.437,flush_begin,0,0
-19.425,flush_end,0,2686931
-19.409,trivial_move,3,2686931
-19.407,flush_begin,0,0
-19.394,flush_end,0,2686930
-19.378,trivial_move,3,2686931
-19.376,flush_begin,0,0
-19.363,flush_end,0,2686932
-19.347,trivial_move,3,2686931
-19.345,flush_begin,0,0
-19.332,flush_end,0,2686930
-19.316,trivial_move,3,2686931
-19.314,flush_begin,0,0
-19.300,flush_end,0,2686932
-19.284,trivial_move,3,2686931
-19.282,flush_begin,0,0
-19.269,flush_end,0,2686930
-19.253,trivial_move,3,2686930
-19.251,flush_begin,0,0
-19.238,flush_end,0,2686931
-19.222,trivial_move,3,2686932
-19.220,flush_begin,0,0
-19.207,flush_end,0,2686931
-19.192,trivial_move,3,2686930
-19.190,flush_begin,0,0
-19.177,flush_end,0,2686930
-19.161,trivial_move,3,2686932
-19.160,flush_begin,0,0
-19.147,flush_end,0,2686932
-19.131,trivial_move,3,2686930
-19.130,flush_begin,0,0
-19.117,flush_end,0,2686930
-19.101,trivial_move,3,2686930
-19.099,flush_begin,0,0
-19.086,flush_end,0,2686931
-19.070,trivial_move,3,2686933
-19.068,flush_begin,0,0
-19.055,flush_end,0,2686931
-19.040,trivial_move,3,2686930
-19.039,flush_begin,0,0
-19.026,flush_end,0,2686931
-19.010,trivial_move,3,2686932
-19.008,flush_begin,0,0
-18.996,flush_end,0,2686931
-18.980,trivial_move,3,2686930
-18.978,flush_begin,0,0
-18.966,flush_end,0,2686932
-18.950,trivial_move,3,2686931
-18.949,flush_begin,0,0
-18.937,flush_end,0,2686930
-18.921,trivial_move,3,2686931
-18.919,flush_begin,0,0
-18.906,flush_end,0,2686932
-18.890,trivial_move,3,2686931
-18.888,flush_begin,0,0
-18.875,flush_end,0,2686930
-18.859,trivial_move,3,2686931
-18.857,flush_begin,0,0
-18.844,flush_end,0,2686932
-18.828,trivial_move,3,2686931
-18.826,flush_begin,0,0
-18.813,flush_end,0,2686930
-18.797,trivial_move,3,2686930
-18.795,flush_begin,0,0
-18.782,flush_end,0,2686930
-18.766,trivial_move,3,2686932
-18.765,flush_begin,0,0
-18.751,flush_end,0,2686932
-18.736,trivial_move,3,2686930
-18.734,flush_begin,0,0
-18.720,flush_end,0,2686930
-18.704,trivial_move,3,2686931
-18.702,flush_begin,0,0
-18.689,flush_end,0,2686932
-18.673,trivial_move,3,2686931
-18.671,flush_begin,0,0
-18.657,flush_end,0,2686930
-18.641,trivial_move,3,2686930
-18.639,flush_begin,0,0
-18.626,flush_end,0,2686931
-18.609,trivial_move,3,2686932
-18.607,flush_begin,0,0
-18.595,flush_end,0,2686931
-18.579,trivial_move,3,2686930
-18.577,flush_begin,0,0
-18.565,flush_end,0,2686931
-18.549,trivial_move,3,2686932
-18.547,flush_begin,0,0
-18.535,flush_end,0,2686931
-18.518,trivial_move,3,2686930
-18.516,flush_begin,0,0
-18.503,flush_end,0,2686931
-18.487,trivial_move,3,2686931
-18.485,flush_begin,0,0
-18.472,flush_end,0,2686930
-18.456,trivial_move,3,2686931
-18.454,flush_begin,0,0
-18.441,flush_end,0,2686932
-18.424,trivial_move,3,2686932
-18.421,flush_begin,0,0
-18.408,flush_end,0,2686930
-18.391,trivial_move,3,2686931
-18.389,flush_begin,0,0
-18.374,flush_end,0,2686931
-18.357,trivial_move,3,2686930
-18.355,flush_begin,0,0
-18.342,flush_end,0,2686931
-18.324,trivial_move,3,2686930
-18.322,flush_begin,0,0
-18.309,flush_end,0,2686930
-18.295,trivial_move,3,2686931
-18.293,flush_begin,0,0
-18.280,flush_end,0,2686933
-18.264,trivial_move,3,2686931
-18.262,flush_begin,0,0
-18.249,flush_end,0,2686930
-18.233,trivial_move,3,2686931
-18.231,flush_begin,0,0
-18.217,flush_end,0,2686932
-18.202,trivial_move,3,2686931
-18.200,flush_begin,0,0
-18.187,flush_end,0,2686930
-18.171,trivial_move,3,2686930
-18.169,flush_begin,0,0
-18.154,flush_end,0,2686931
-18.138,trivial_move,3,2686932
-18.136,flush_begin,0,0
-18.122,flush_end,0,2686931
-18.106,trivial_move,3,2686930
-18.104,flush_begin,0,0
-18.090,flush_end,0,2686931
-18.074,trivial_move,3,2686932
-18.071,flush_begin,0,0
-18.056,flush_end,0,2686931
-18.040,trivial_move,3,2686930
-18.038,flush_begin,0,0
-18.024,flush_end,0,2686930
-18.007,trivial_move,3,2686931
-18.005,flush_begin,0,0
-17.992,flush_end,0,2686930
-17.976,trivial_move,3,2686931
-17.974,flush_begin,0,0
-17.959,flush_end,0,2686931
-17.944,trivial_move,3,2686930
-17.943,flush_begin,0,0
-17.931,flush_end,0,2686931
-17.915,trivial_move,3,2686932
-17.913,flush_begin,0,0
-17.900,flush_end,0,2686931
-17.884,trivial_move,3,2686930
-17.882,flush_begin,0,0
-17.869,flush_end,0,2686931
-17.853,trivial_move,3,2686931
-17.851,flush_begin,0,0
-17.839,flush_end,0,2686930
-17.823,trivial_move,3,2686931
-17.821,flush_begin,0,0
-17.809,flush_end,0,2686932
-17.793,trivial_move,3,2686931
-17.791,flush_begin,0,0
-17.778,flush_end,0,2686930
-17.762,trivial_move,3,2686931
-17.760,flush_begin,0,0
-17.746,flush_end,0,2686932
-17.730,trivial_move,3,2686932
-17.728,flush_begin,0,0
-17.716,flush_end,0,2686930
-17.700,trivial_move,3,2686930
-17.698,flush_begin,0,0
-17.685,flush_end,0,2686931
-17.669,trivial_move,3,2686932
-17.667,flush_begin,0,0
-17.654,flush_end,0,2686931
-17.638,trivial_move,3,2686930
-17.637,flush_begin,0,0
-17.624,flush_end,0,2686930
-17.608,trivial_move,3,2686932
-17.606,flush_begin,0,0
-17.593,flush_end,0,2686933
-17.577,trivial_move,3,2686930
-17.575,flush_begin,0,0
-17.562,flush_end,0,2686930
-17.546,trivial_move,3,2686930
-17.544,flush_begin,0,0
-17.532,flush_end,0,2686931
-17.516,trivial_move,3,2686932
-17.514,flush_begin,0,0
-17.501,flush_end,0,2686931
-17.485,trivial_move,3,2686930
-17.483,flush_begin,0,0
-17.471,flush_end,0,2686931
-17.455,trivial_move,3,2686932
-17.453,flush_begin,0,0
-17.440,flush_end,0,2686931
-17.424,trivial_move,3,2686930
-17.422,flush_begin,0,0
-17.409,flush_end,0,2686931
-17.393,trivial_move,3,2686931
-17.391,flush_begin,0,0
-17.378,flush_end,0,2686930
-17.362,trivial_move,3,2686931
-17.360,flush_begin,0,0
-17.347,flush_end,0,2686932
-17.331,trivial_move,3,2686931
-17.329,flush_begin,0,0
-17.314,flush_end,0,2686930
-17.298,trivial_move,3,2686931
-17.296,flush_begin,0,0
-17.283,flush_end,0,2686932
-17.267,trivial_move,3,2686931
-17.265,flush_begin,0,0
-17.252,flush_end,0,2686930
-17.236,trivial_move,3,2686930
-17.234,flush_begin,0,0
-17.221,flush_end,0,2686930
-17.205,trivial_move,3,2686932
-17.203,flush_begin,0,0
-17.189,flush_end,0,2686932
-17.173,trivial_move,3,2686930
-17.171,flush_begin,0,0
-17.158,flush_end,0,2686930
-17.142,trivial_move,3,2686931
-17.140,flush_begin,0,0
-17.127,flush_end,0,2686932
-17.111,trivial_move,3,2686931
-17.109,flush_begin,0,0
-17.096,flush_end,0,2686930
-17.080,trivial_move,3,2686930
-17.072,trivial_move,4,2686930
-17.071,flush_begin,0,0
-17.059,flush_end,0,2686931
-17.042,trivial_move,3,2686933
-17.034,trivial_move,4,2686931
-17.033,flush_begin,0,0
-17.019,flush_end,0,2686931
-17.002,trivial_move,3,2686930
-16.994,trivial_move,4,2686931
-16.992,flush_begin,0,0
-16.979,flush_end,0,2686931
-16.963,trivial_move,3,2686932
-16.955,trivial_move,4,2686931
-16.954,flush_begin,0,0
-16.941,flush_end,0,2686931
-16.924,trivial_move,3,2686930
-16.916,trivial_move,4,2686931
-16.914,flush_begin,0,0
-16.901,flush_end,0,2686933
-16.885,trivial_move,3,2686931
-16.877,trivial_move,4,2686930
-16.875,flush_begin,0,0
-16.861,flush_end,0,2686930
-16.845,trivial_move,3,2686931
-16.837,trivial_move,4,2686932
-16.836,flush_begin,0,0
-16.822,flush_end,0,2686932
-16.806,trivial_move,3,2686931
-16.798,trivial_move,4,2686930
-16.797,flush_begin,0,0
-16.783,flush_end,0,2686930
-16.767,trivial_move,3,2686931
-16.759,trivial_move,4,2686932
-16.757,flush_begin,0,0
-16.743,flush_end,0,2686931
-16.727,trivial_move,3,2686930
-16.719,trivial_move,4,2686930
-16.717,flush_begin,0,0
-16.702,flush_end,0,2686931
-16.682,trivial_move,3,2686930
-16.674,trivial_move,4,2686931
-16.673,flush_begin,0,0
-16.658,flush_end,0,2686930
-16.641,trivial_move,3,2686931
-16.633,trivial_move,4,2686931
-16.631,flush_begin,0,0
-16.616,flush_end,0,2686932
-16.600,trivial_move,3,2686931
-16.592,trivial_move,4,2686930
-16.590,flush_begin,0,0
-16.575,flush_end,0,2686930
-16.558,trivial_move,3,2686931
-16.550,trivial_move,4,2686932
-16.548,flush_begin,0,0
-16.534,flush_end,0,2686932
-16.518,trivial_move,3,2686931
-16.510,trivial_move,4,2686930
-16.508,flush_begin,0,0
-16.492,flush_end,0,2686930
-16.476,trivial_move,3,2686930
-16.468,trivial_move,4,2686931
-16.466,flush_begin,0,0
-16.451,flush_end,0,2686931
-16.435,trivial_move,3,2686932
-16.427,trivial_move,4,2686931
-16.426,flush_begin,0,0
-16.411,flush_end,0,2686931
-16.394,trivial_move,3,2686930
-16.386,trivial_move,4,2686931
-16.384,flush_begin,0,0
-16.368,flush_end,0,2686931
-16.353,trivial_move,3,2686932
-16.345,trivial_move,4,2686931
-16.343,flush_begin,0,0
-16.328,flush_end,0,2686931
-16.312,trivial_move,3,2686930
-16.304,trivial_move,4,2686931
-16.300,flush_begin,0,0
-16.284,flush_end,0,2686930
-16.268,trivial_move,3,2686931
-16.260,trivial_move,4,2686930
-16.258,flush_begin,0,0
-16.243,flush_end,0,2686930
-16.227,trivial_move,3,2686931
-16.219,trivial_move,4,2686933
-16.216,flush_begin,0,0
-16.199,flush_end,0,2686931
-16.182,trivial_move,3,2686930
-16.174,trivial_move,4,2686930
-16.173,flush_begin,0,0
-16.157,flush_end,0,2686931
-16.142,trivial_move,3,2686933
-16.134,trivial_move,4,2686932
-16.132,flush_begin,0,0
-16.117,flush_end,0,2686931
-16.101,trivial_move,3,2686930
-16.093,trivial_move,4,2686930
-16.091,flush_begin,0,0
-16.076,flush_end,0,2686931
-16.060,trivial_move,3,2686931
-16.053,trivial_move,4,2686930
-16.051,flush_begin,0,0
-16.036,flush_end,0,2686930
-16.020,trivial_move,3,2686931
-16.012,trivial_move,4,2686932
-16.011,flush_begin,0,0
-15.995,flush_end,0,2686933
-15.978,trivial_move,3,2686931
-15.970,trivial_move,4,2686930
-15.969,flush_begin,0,0
-15.953,flush_end,0,2686930
-15.938,trivial_move,3,2686931
-15.930,trivial_move,4,2686932
-15.929,flush_begin,0,0
-15.913,flush_end,0,2686932
-15.897,trivial_move,3,2686931
-15.889,trivial_move,4,2686930
-15.887,flush_begin,0,0
-15.871,flush_end,0,2686930
-15.855,trivial_move,3,2686930
-15.847,trivial_move,4,2686931
-15.846,flush_begin,0,0
-15.831,flush_end,0,2686931
-15.814,trivial_move,3,2686932
-15.806,trivial_move,4,2686931
-15.805,flush_begin,0,0
-15.789,flush_end,0,2686931
-15.773,trivial_move,3,2686930
-15.765,trivial_move,4,2686931
-15.763,flush_begin,0,0
-15.747,flush_end,0,2686930
-15.732,trivial_move,3,2686932
-15.724,trivial_move,4,2686931
-15.722,flush_begin,0,0
-15.706,flush_end,0,2686932
-15.691,trivial_move,3,2686930
-15.683,trivial_move,4,2686931
-15.681,flush_begin,0,0
-15.666,flush_end,0,2686930
-15.649,trivial_move,3,2686930
-15.641,trivial_move,4,2686930
-15.639,flush_begin,0,0
-15.621,flush_end,0,2686931
-15.605,trivial_move,3,2686932
-15.597,trivial_move,4,2686932
-15.594,flush_begin,0,0
-15.578,flush_end,0,2686931
-15.557,trivial_move,3,2686930
-15.549,trivial_move,4,2686930
-15.547,flush_begin,0,0
-15.531,flush_end,0,2686931
-15.514,trivial_move,3,2686932
-15.506,trivial_move,4,2686931
-15.505,flush_begin,0,0
-15.489,flush_end,0,2686931
-15.473,trivial_move,3,2686930
-15.465,trivial_move,4,2686931
-15.463,flush_begin,0,0
-15.447,flush_end,0,2686931
-15.431,trivial_move,3,2686931
-15.423,trivial_move,4,2686930
-15.421,flush_begin,0,0
-15.405,flush_end,0,2686930
-15.389,trivial_move,3,2686931
-15.381,trivial_move,4,2686932
-15.379,flush_begin,0,0
-15.364,flush_end,0,2686932
-15.347,trivial_move,3,2686931
-15.339,trivial_move,4,2686930
-15.336,flush_begin,0,0
-15.318,flush_end,0,2686930
-15.301,trivial_move,3,2686931
-15.293,trivial_move,4,2686933
-15.291,flush_begin,0,0
-15.274,flush_end,0,2686932
-15.257,trivial_move,3,2686933
-15.249,trivial_move,4,2686930
-15.247,flush_begin,0,0
-15.231,flush_end,0,2686930
-15.214,trivial_move,3,2686930
-15.206,trivial_move,4,2686931
-15.206,flush_begin,0,0
-15.190,flush_end,0,2686930
-15.173,trivial_move,3,2686932
-15.165,trivial_move,4,2686931
-15.163,flush_begin,0,0
-15.146,flush_end,0,2686932
-15.130,trivial_move,3,2686930
-15.122,trivial_move,4,2686931
-15.120,flush_begin,0,0
-15.104,flush_end,0,2686930
-15.087,trivial_move,3,2686931
-15.079,trivial_move,4,2686931
-15.077,flush_begin,0,0
-15.061,flush_end,0,2686933
-15.044,trivial_move,3,2686931
-15.036,trivial_move,4,2686930
-15.035,flush_begin,0,0
-15.020,flush_end,0,2686930
-15.004,trivial_move,3,2686930
-14.996,trivial_move,4,2686930
-14.993,flush_begin,0,0
-14.978,flush_end,0,2686931
-14.961,trivial_move,3,2686932
-14.953,trivial_move,4,2686931
-14.951,flush_begin,0,0
-14.936,flush_end,0,2686931
-14.919,trivial_move,3,2686930
-14.911,trivial_move,4,2686931
-14.908,flush_begin,0,0
-14.893,flush_end,0,2686931
-14.876,trivial_move,3,2686932
-14.868,trivial_move,4,2686931
-14.865,flush_begin,0,0
-14.849,flush_end,0,2686931
-14.834,trivial_move,3,2686930
-14.826,trivial_move,4,2686931
-14.823,flush_begin,0,0
-14.806,flush_end,0,2686931
-14.789,trivial_move,3,2686931
-14.781,trivial_move,4,2686930
-14.780,flush_begin,0,0
-14.764,flush_end,0,2686930
-14.747,trivial_move,3,2686931
-14.739,trivial_move,4,2686932
-14.737,flush_begin,0,0
-14.721,flush_end,0,2686932
-14.705,trivial_move,3,2686931
-14.697,trivial_move,4,2686930
-14.696,flush_begin,0,0
-14.681,flush_end,0,2686930
-14.664,trivial_move,3,2686931
-14.656,trivial_move,4,2686932
-14.655,flush_begin,0,0
-14.640,flush_end,0,2686931
-14.623,trivial_move,3,2686930
-14.615,trivial_move,4,2686930
-14.613,flush_begin,0,0
-14.597,flush_end,0,2686931
-14.582,trivial_move,3,2686930
-14.574,trivial_move,4,2686931
-14.573,flush_begin,0,0
-14.556,flush_end,0,2686930
-14.541,trivial_move,3,2686931
-14.533,trivial_move,4,2686931
-14.531,flush_begin,0,0
-14.516,flush_end,0,2686932
-14.500,trivial_move,3,2686931
-14.492,trivial_move,4,2686930
-14.490,flush_begin,0,0
-14.476,flush_end,0,2686930
-14.459,trivial_move,3,2686931
-14.451,trivial_move,4,2686932
-14.450,flush_begin,0,0
-14.433,flush_end,0,2686932
-14.417,trivial_move,3,2686931
-14.409,trivial_move,4,2686930
-14.407,flush_begin,0,0
-14.392,flush_end,0,2686930
-14.376,trivial_move,3,2686930
-14.368,trivial_move,4,2686932
-14.365,flush_begin,0,0
-14.349,flush_end,0,2686931
-14.333,trivial_move,3,2686933
-14.325,trivial_move,4,2686931
-14.322,flush_begin,0,0
-14.307,flush_end,0,2686931
-14.291,trivial_move,3,2686930
-14.283,trivial_move,4,2686931
-14.281,flush_begin,0,0
-14.266,flush_end,0,2686931
-14.249,trivial_move,3,2686932
-14.241,trivial_move,4,2686931
-14.239,flush_begin,0,0
-14.224,flush_end,0,2686931
-14.207,trivial_move,3,2686930
-14.199,trivial_move,4,2686931
-14.198,flush_begin,0,0
-14.184,flush_end,0,2686930
-14.168,trivial_move,3,2686931
-14.161,trivial_move,4,2686930
-14.160,flush_begin,0,0
-14.148,flush_end,0,2686930
-14.132,trivial_move,3,2686931
-14.132,flush_begin,0,0
-14.122,flush_end,0,2686931
-14.106,trivial_move,3,2686930
-14.106,flush_begin,0,0
-14.096,flush_end,0,2686931
-14.080,trivial_move,3,2686932
-14.072,trivial_move,4,2686932
-14.072,flush_begin,0,0
-14.061,flush_end,0,2686931
-14.046,trivial_move,3,2686930
-14.046,flush_begin,0,0
-14.035,flush_end,0,2686931
-14.019,trivial_move,3,2686931
-14.011,trivial_move,4,2686930
-14.011,flush_begin,0,0
-14.000,flush_end,0,2686930
-13.984,trivial_move,3,2686931
-13.976,trivial_move,4,2686932
-13.976,flush_begin,0,0
-13.964,flush_end,0,2686932
-13.948,trivial_move,3,2686931
-13.940,trivial_move,4,2686930
-13.940,flush_begin,0,0
-13.927,flush_end,0,2686930
-13.911,trivial_move,3,2686931
-13.903,trivial_move,4,2686930
-13.903,flush_begin,0,0
-13.889,flush_end,0,2686932
-13.873,trivial_move,3,2686931
-13.865,trivial_move,4,2686932
-13.857,trivial_move,4,2686930
-13.857,flush_begin,0,0
-13.843,flush_end,0,2686930
-13.827,trivial_move,3,2686930
-13.819,trivial_move,4,2686932
-13.811,trivial_move,4,2686930
-13.803,trivial_move,4,2686931
-13.803,flush_begin,0,0
-13.786,flush_end,0,2686931
-13.770,trivial_move,3,2686932
-13.762,trivial_move,4,2686931
-13.759,flush_begin,0,0
-13.744,flush_end,0,2686931
-13.728,trivial_move,3,2686930
-13.720,trivial_move,4,2686931
-13.717,flush_begin,0,0
-13.702,flush_end,0,2686930
-13.685,trivial_move,3,2686932
-13.677,trivial_move,4,2686931
-13.675,flush_begin,0,0
-13.659,flush_end,0,2686932
-13.642,trivial_move,3,2686930
-13.634,trivial_move,4,2686931
-13.632,flush_begin,0,0
-13.616,flush_end,0,2686930
-13.600,trivial_move,3,2686930
-13.592,trivial_move,4,2686930
-13.590,flush_begin,0,0
-13.573,flush_end,0,2686931
-13.556,trivial_move,3,2686932
-13.548,trivial_move,4,2686933
-13.545,flush_begin,0,0
-13.528,flush_end,0,2686931
-13.511,trivial_move,3,2686930
-13.503,trivial_move,4,2686930
-13.503,flush_begin,0,0
-13.487,flush_end,0,2686931
-13.471,trivial_move,3,2686933
-13.463,trivial_move,4,2686931
-13.463,flush_begin,0,0
-13.449,flush_end,0,2686931
-13.433,trivial_move,3,2686930
-13.425,trivial_move,4,2686931
-13.424,flush_begin,0,0
-13.410,flush_end,0,2686931
-13.392,trivial_move,3,2686931
-13.383,trivial_move,4,2686930
-13.382,flush_begin,0,0
-13.351,flush_end,0,2686930
-13.334,trivial_move,3,2686931
-13.326,trivial_move,4,2686932
-13.324,flush_begin,0,0
-13.309,flush_end,0,2686933
-13.292,trivial_move,3,2686931
-13.284,trivial_move,4,2686930
-13.281,flush_begin,0,0
-13.265,flush_end,0,2686930
-13.248,trivial_move,3,2686931
-13.240,trivial_move,4,2686932
-13.239,flush_begin,0,0
-13.222,flush_end,0,2686932
-13.206,trivial_move,3,2686931
-13.198,trivial_move,4,2686930
-13.195,flush_begin,0,0
-13.180,flush_end,0,2686930
-13.163,trivial_move,3,2686930
-13.155,trivial_move,4,2686931
-13.152,flush_begin,0,0
-13.135,flush_end,0,2686930
-13.118,trivial_move,3,2686932
-13.110,trivial_move,4,2686931
-13.109,flush_begin,0,0
-13.094,flush_end,0,2686932
-13.077,trivial_move,3,2686930
-13.069,trivial_move,4,2686931
-13.068,flush_begin,0,0
-13.053,flush_end,0,2686930
-13.036,trivial_move,3,2686931
-13.028,trivial_move,4,2686931
-13.025,flush_begin,0,0
-13.010,flush_end,0,2686932
-12.994,trivial_move,3,2686931
-12.986,trivial_move,4,2686930
-12.983,flush_begin,0,0
-12.967,flush_end,0,2686930
-12.950,trivial_move,3,2686930
-12.942,trivial_move,4,2686930
-12.940,flush_begin,0,0
-12.924,flush_end,0,2686931
-12.907,trivial_move,3,2686932
-12.899,trivial_move,4,2686931
-12.897,flush_begin,0,0
-12.882,flush_end,0,2686931
-12.865,trivial_move,3,2686930
-12.857,trivial_move,4,2686931
-12.856,flush_begin,0,0
-12.837,flush_end,0,2686931
-12.821,trivial_move,3,2686932
-12.813,trivial_move,4,2686931
-12.810,flush_begin,0,0
-12.794,flush_end,0,2686931
-12.777,trivial_move,3,2686930
-12.769,trivial_move,4,2686931
-12.767,flush_begin,0,0
-12.751,flush_end,0,2686931
-12.734,trivial_move,3,2686931
-12.726,trivial_move,4,2686930
-12.726,flush_begin,0,0
-12.708,flush_end,0,2686930
-12.691,trivial_move,3,2686931
-12.683,trivial_move,4,2686932
-12.683,flush_begin,0,0
-12.668,flush_end,0,2686932
-12.652,trivial_move,3,2686931
-12.644,trivial_move,4,2686930
-12.643,flush_begin,0,0
-12.628,flush_end,0,2686930
-12.612,trivial_move,3,2686931
-12.604,trivial_move,4,2686933
-12.603,flush_begin,0,0
-12.587,flush_end,0,2686931
-12.571,trivial_move,3,2686930
-12.563,trivial_move,4,2686930
-12.561,flush_begin,0,0
-12.546,flush_end,0,2686931
-12.529,trivial_move,3,2686930
-12.521,trivial_move,4,2686931
-12.519,flush_begin,0,0
-12.504,flush_end,0,2686930
-12.488,trivial_move,3,2686931
-12.480,trivial_move,4,2686931
-12.479,flush_begin,0,0
-12.464,flush_end,0,2686932
-12.447,trivial_move,3,2686931
-12.439,trivial_move,4,2686930
-12.437,flush_begin,0,0
-12.421,flush_end,0,2686930
-12.404,trivial_move,3,2686931
-12.396,trivial_move,4,2686932
-12.393,flush_begin,0,0
-12.378,flush_end,0,2686933
-12.361,trivial_move,3,2686931
-12.353,trivial_move,4,2686930
-12.351,flush_begin,0,0
-12.335,flush_end,0,2686930
-12.317,trivial_move,3,2686930
-12.310,trivial_move,4,2686931
-12.309,flush_begin,0,0
-12.293,flush_end,0,2686931
-12.276,trivial_move,3,2686932
-12.268,trivial_move,4,2686931
-12.267,flush_begin,0,0
-12.252,flush_end,0,2686931
-12.235,trivial_move,3,2686930
-12.227,trivial_move,4,2686931
-12.224,flush_begin,0,0
-12.208,flush_end,0,2686931
-12.191,trivial_move,3,2686932
-12.183,trivial_move,4,2686931
-12.180,flush_begin,0,0
-12.165,flush_end,0,2686931
-12.148,trivial_move,3,2686930
-12.140,trivial_move,4,2686931
-12.137,flush_begin,0,0
-12.122,flush_end,0,2686930
-12.105,trivial_move,3,2686931
-12.097,trivial_move,4,2686930
-12.095,flush_begin,0,0
-12.079,flush_end,0,2686930
-12.062,trivial_move,3,2686931
-12.054,trivial_move,4,2686932
-12.052,flush_begin,0,0
-12.036,flush_end,0,2686931
-12.019,trivial_move,3,2686930
-12.011,trivial_move,4,2686930
-12.009,flush_begin,0,0
-11.992,flush_end,0,2686931
-11.975,trivial_move,3,2686932
-11.967,trivial_move,4,2686932
-11.965,flush_begin,0,0
-11.950,flush_end,0,2686931
-11.933,trivial_move,3,2686930
-11.925,trivial_move,4,2686930
-11.925,flush_begin,0,0
-11.909,flush_end,0,2686931
-11.893,trivial_move,3,2686931
-11.885,trivial_move,4,2686930
-11.883,flush_begin,0,0
-11.866,flush_end,0,2686930
-11.849,trivial_move,3,2686931
-11.841,trivial_move,4,2686932
-11.838,flush_begin,0,0
-11.821,flush_end,0,2686932
-11.804,trivial_move,3,2686931
-11.796,trivial_move,4,2686930
-11.795,flush_begin,0,0
-11.779,flush_end,0,2686930
-11.762,trivial_move,3,2686931
-11.754,trivial_move,4,2686932
-11.753,flush_begin,0,0
-11.736,flush_end,0,2686932
-11.719,trivial_move,3,2686931
-11.711,trivial_move,4,2686930
-11.711,flush_begin,0,0
-11.696,flush_end,0,2686930
-11.679,trivial_move,3,2686930
-11.671,trivial_move,4,2686932
-11.670,flush_begin,0,0
-11.655,flush_end,0,2686931
-11.638,trivial_move,3,2686933
-11.630,trivial_move,4,2686931
-11.629,flush_begin,0,0
-11.612,flush_end,0,2686931
-11.595,trivial_move,3,2686930
-11.587,trivial_move,4,2686931
-11.586,flush_begin,0,0
-11.570,flush_end,0,2686930
-11.553,trivial_move,3,2686932
-11.545,trivial_move,4,2686931
-11.544,flush_begin,0,0
-11.529,flush_end,0,2686932
-11.512,trivial_move,3,2686930
-11.504,trivial_move,4,2686931
-11.502,flush_begin,0,0
-11.485,flush_end,0,2686930
-11.468,trivial_move,3,2686930
-11.460,trivial_move,4,2686930
-11.457,flush_begin,0,0
-11.442,flush_end,0,2686932
-11.425,trivial_move,3,2686932
-11.417,trivial_move,4,2686932
-11.415,flush_begin,0,0
-11.400,flush_end,0,2686931
-11.383,trivial_move,3,2686930
-11.375,trivial_move,4,2686930
-11.372,flush_begin,0,0
-11.356,flush_end,0,2686931
-11.339,trivial_move,3,2686932
-11.331,trivial_move,4,2686931
-11.329,flush_begin,0,0
-11.311,flush_end,0,2686931
-11.295,trivial_move,3,2686930
-11.287,trivial_move,4,2686931
-11.285,flush_begin,0,0
-11.269,flush_end,0,2686931
-11.253,trivial_move,3,2686931
-11.245,trivial_move,4,2686930
-11.243,flush_begin,0,0
-11.227,flush_end,0,2686930
-11.211,trivial_move,3,2686931
-11.203,trivial_move,4,2686932
-11.202,flush_begin,0,0
-11.185,flush_end,0,2686932
-11.168,trivial_move,3,2686931
-11.160,trivial_move,4,2686930
-11.158,flush_begin,0,0
-11.143,flush_end,0,2686930
-11.126,trivial_move,3,2686931
-11.118,trivial_move,4,2686932
-11.116,flush_begin,0,0
-11.100,flush_end,0,2686932
-11.083,trivial_move,3,2686931
-11.075,trivial_move,4,2686930
-11.073,flush_begin,0,0
-11.055,flush_end,0,2686930
-11.039,trivial_move,3,2686930
-11.031,trivial_move,4,2686931
-11.029,flush_begin,0,0
-11.012,flush_end,0,2686930
-10.996,trivial_move,3,2686932
-10.988,trivial_move,4,2686931
-10.985,flush_begin,0,0
-10.969,flush_end,0,2686932
-10.953,trivial_move,3,2686930
-10.945,trivial_move,4,2686931
-10.943,flush_begin,0,0
-10.925,flush_end,0,2686930
-10.908,trivial_move,3,2686931
-10.900,trivial_move,4,2686931
-10.898,flush_begin,0,0
-10.883,flush_end,0,2686932
-10.866,trivial_move,3,2686931
-10.857,trivial_move,4,2686930
-10.855,flush_begin,0,0
-10.839,flush_end,0,2686930
-10.823,trivial_move,3,2686930
-10.815,trivial_move,4,2686930
-10.813,flush_begin,0,0
-10.796,flush_end,0,2686931
-10.780,trivial_move,3,2686932
-10.773,trivial_move,4,2686931
-10.773,flush_begin,0,0
-10.757,flush_end,0,2686931
-10.741,trivial_move,3,2686930
-10.733,trivial_move,4,2686932
-10.731,flush_begin,0,0
-10.715,flush_end,0,2686931
-10.698,trivial_move,3,2686933
-10.690,trivial_move,4,2686931
-10.688,flush_begin,0,0
-10.672,flush_end,0,2686931
-10.655,trivial_move,3,2686930
-10.647,trivial_move,4,2686931
-10.646,flush_begin,0,0
-10.631,flush_end,0,2686931
-10.612,trivial_move,3,2686931
-10.604,trivial_move,4,2686930
-10.600,flush_begin,0,0
-10.585,flush_end,0,2686930
-10.561,trivial_move,3,2686931
-10.551,trivial_move,4,2686932
-10.548,flush_begin,0,0
-10.532,flush_end,0,2686933
-10.515,trivial_move,3,2686931
-10.507,trivial_move,4,2686930
-10.504,flush_begin,0,0
-10.486,flush_end,0,2686930
-10.469,trivial_move,3,2686931
-10.461,trivial_move,4,2686932
-10.460,flush_begin,0,0
-10.437,flush_end,0,2686931
-10.428,flush_begin,0,0
-10.410,flush_end,0,2686931
-10.394,trivial_move,3,2686930
-10.386,trivial_move,3,2686930
-10.386,flush_begin,0,0
-10.369,flush_end,0,2686930
-10.353,trivial_move,3,2686931
-10.345,trivial_move,4,2686930
-10.337,trivial_move,4,2686931
-10.337,flush_begin,0,0
-10.321,flush_end,0,2686932
-10.306,trivial_move,3,2686931
-10.297,trivial_move,4,2686931
-10.297,flush_begin,0,0
-10.279,flush_end,0,2686930
-10.263,trivial_move,3,2686931
-10.255,trivial_move,4,2686930
-10.255,flush_begin,0,0
-10.237,flush_end,0,2686932
-10.221,trivial_move,3,2686931
-10.213,trivial_move,4,2686932
-10.205,trivial_move,4,2686930
-10.205,flush_begin,0,0
-10.187,flush_end,0,2686930
-10.170,trivial_move,3,2686930
-10.161,trivial_move,4,2686931
-10.161,flush_begin,0,0
-10.143,flush_end,0,2686931
-10.127,trivial_move,3,2686932
-10.119,trivial_move,4,2686931
-10.119,flush_begin,0,0
-10.102,flush_end,0,2686931
-10.086,trivial_move,3,2686930
-10.078,trivial_move,4,2686931
-10.078,flush_begin,0,0
-10.061,flush_end,0,2686931
-10.044,trivial_move,3,2686932
-10.036,trivial_move,4,2686931
-10.035,flush_begin,0,0
-10.013,flush_end,0,2686931
-9.996,trivial_move,3,2686930
-9.988,trivial_move,4,2686931
-9.988,flush_begin,0,0
-9.970,flush_end,0,2686930
-9.954,trivial_move,3,2686931
-9.947,trivial_move,4,2686930
-9.945,flush_begin,0,0
-9.928,flush_end,0,2686930
-9.912,trivial_move,3,2686931
-9.903,trivial_move,4,2686932
-9.903,flush_begin,0,0
-9.886,flush_end,0,2686931
-9.869,trivial_move,3,2686930
-9.861,trivial_move,4,2686930
-9.861,flush_begin,0,0
-9.845,flush_end,0,2686931
-9.828,trivial_move,3,2686932
-9.820,trivial_move,4,2686933
-9.820,flush_begin,0,0
-9.803,flush_end,0,2686931
-9.786,trivial_move,3,2686930
-9.778,trivial_move,4,2686930
-9.778,flush_begin,0,0
-9.759,flush_end,0,2686931
-9.744,trivial_move,3,2686932
-9.736,trivial_move,4,2686930
-9.735,flush_begin,0,0
-9.718,flush_end,0,2686930
-9.701,trivial_move,3,2686931
-9.693,trivial_move,4,2686932
-9.692,flush_begin,0,0
-9.674,flush_end,0,2686932
-9.658,trivial_move,3,2686931
-9.650,trivial_move,4,2686930
-9.649,flush_begin,0,0
-9.632,flush_end,0,2686930
-9.616,trivial_move,3,2686931
-9.608,trivial_move,4,2686932
-9.608,flush_begin,0,0
-9.592,flush_end,0,2686933
-9.576,trivial_move,3,2686931
-9.568,trivial_move,4,2686930
-9.568,flush_begin,0,0
-9.551,flush_end,0,2686930
-9.534,trivial_move,3,2686930
-9.526,trivial_move,4,2686931
-9.525,flush_begin,0,0
-9.510,flush_end,0,2686931
-9.493,trivial_move,3,2686932
-9.485,trivial_move,4,2686931
-9.483,flush_begin,0,0
-9.468,flush_end,0,2686931
-9.451,trivial_move,3,2686930
-9.443,trivial_move,4,2686931
-9.441,flush_begin,0,0
-9.425,flush_end,0,2686930
-9.409,trivial_move,3,2686932
-9.401,trivial_move,4,2686931
-9.399,flush_begin,0,0
-9.384,flush_end,0,2686932
-9.368,trivial_move,3,2686930
-9.360,trivial_move,4,2686931
-9.358,flush_begin,0,0
-9.341,flush_end,0,2686930
-9.326,trivial_move,3,2686930
-9.317,trivial_move,4,2686930
-9.313,flush_begin,0,0
-9.296,flush_end,0,2686931
-9.278,trivial_move,3,2686932
-9.270,trivial_move,4,2686932
-9.270,flush_begin,0,0
-9.253,flush_end,0,2686931
-9.236,trivial_move,3,2686930
-9.228,trivial_move,4,2686930
-9.227,flush_begin,0,0
-9.211,flush_end,0,2686931
-9.194,trivial_move,3,2686932
-9.186,trivial_move,4,2686931
-9.183,flush_begin,0,0
-9.168,flush_end,0,2686931
-9.151,trivial_move,3,2686930
-9.143,trivial_move,4,2686931
-9.142,flush_begin,0,0
-9.126,flush_end,0,2686931
-9.109,trivial_move,3,2686931
-9.101,trivial_move,4,2686930
-9.099,flush_begin,0,0
-9.083,flush_end,0,2686930
-9.066,trivial_move,3,2686931
-9.058,trivial_move,4,2686932
-9.055,flush_begin,0,0
-9.040,flush_end,0,2686932
-9.023,trivial_move,3,2686931
-9.015,trivial_move,4,2686930
-9.013,flush_begin,0,0
-8.997,flush_end,0,2686930
-8.980,trivial_move,3,2686931
-8.972,trivial_move,4,2686932
-8.971,flush_begin,0,0
-8.954,flush_end,0,2686932
-8.938,trivial_move,3,2686931
-8.930,trivial_move,4,2686930
-8.928,flush_begin,0,0
-8.913,flush_end,0,2686930
-8.897,trivial_move,3,2686930
-8.889,trivial_move,4,2686932
-8.887,flush_begin,0,0
-8.872,flush_end,0,2686930
-8.855,trivial_move,3,2686933
-8.847,trivial_move,4,2686931
-8.845,flush_begin,0,0
-8.830,flush_end,0,2686932
-8.814,trivial_move,3,2686930
-8.806,trivial_move,4,2686931
-8.804,flush_begin,0,0
-8.788,flush_end,0,2686930
-8.771,trivial_move,3,2686931
-8.763,trivial_move,4,2686931
-8.760,flush_begin,0,0
-8.745,flush_end,0,2686932
-8.729,trivial_move,3,2686931
-8.721,trivial_move,4,2686930
-8.719,flush_begin,0,0
-8.705,flush_end,0,2686930
-8.689,trivial_move,3,2686930
-8.681,trivial_move,4,2686930
-8.679,flush_begin,0,0
-8.666,flush_end,0,2686932
-8.650,trivial_move,3,2686932
-8.642,trivial_move,4,2686931
-8.641,flush_begin,0,0
-8.627,flush_end,0,2686931
-8.610,trivial_move,3,2686930
-8.602,trivial_move,4,2686931
-8.600,flush_begin,0,0
-8.585,flush_end,0,2686931
-8.570,trivial_move,3,2686932
-8.562,trivial_move,4,2686931
-8.560,flush_begin,0,0
-8.546,flush_end,0,2686931
-8.529,trivial_move,3,2686930
-8.521,trivial_move,4,2686931
-8.519,flush_begin,0,0
-8.504,flush_end,0,2686931
-8.488,trivial_move,3,2686931
-8.480,trivial_move,4,2686930
-8.478,flush_begin,0,0
-8.463,flush_end,0,2686930
-8.447,trivial_move,3,2686931
-8.439,trivial_move,4,2686932
-8.437,flush_begin,0,0
-8.422,flush_end,0,2686932
-8.405,trivial_move,3,2686931
-8.397,trivial_move,4,2686930
-8.395,flush_begin,0,0
-8.380,flush_end,0,2686930
-8.364,trivial_move,3,2686931
-8.356,trivial_move,4,2686932
-8.355,flush_begin,0,0
-8.338,flush_end,0,2686931
-8.321,trivial_move,3,2686930
-8.313,trivial_move,4,2686930
-8.312,flush_begin,0,0
-8.296,flush_end,0,2686931
-8.280,trivial_move,3,2686930
-8.272,trivial_move,4,2686931
-8.270,flush_begin,0,0
-8.255,flush_end,0,2686930
-8.238,trivial_move,3,2686931
-8.230,trivial_move,4,2686931
-8.228,flush_begin,0,0
-8.213,flush_end,0,2686932
-8.196,trivial_move,3,2686931
-8.188,trivial_move,4,2686930
-8.187,flush_begin,0,0
-8.171,flush_end,0,2686930
-8.155,trivial_move,3,2686931
-8.147,trivial_move,4,2686932
-8.145,flush_begin,0,0
-8.129,flush_end,0,2686932
-8.112,trivial_move,3,2686931
-8.104,trivial_move,4,2686930
-8.102,flush_begin,0,0
-8.088,flush_end,0,2686930
-8.071,trivial_move,3,2686930
-8.063,trivial_move,4,2686931
-8.061,flush_begin,0,0
-8.046,flush_end,0,2686931
-8.029,trivial_move,3,2686932
-8.021,trivial_move,4,2686931
-8.020,flush_begin,0,0
-8.005,flush_end,0,2686931
-7.988,trivial_move,3,2686930
-7.980,trivial_move,4,2686933
-7.979,flush_begin,0,0
-7.964,flush_end,0,2686931
-7.947,trivial_move,3,2686933
-7.939,trivial_move,4,2686931
-7.937,flush_begin,0,0
-7.921,flush_end,0,2686931
-7.905,trivial_move,3,2686930
-7.897,trivial_move,4,2686931
-7.895,flush_begin,0,0
-7.879,flush_end,0,2686930
-7.862,trivial_move,3,2686931
-7.854,trivial_move,4,2686930
-7.852,flush_begin,0,0
-7.836,flush_end,0,2686930
-7.820,trivial_move,3,2686931
-7.812,trivial_move,4,2686932
-7.810,flush_begin,0,0
-7.795,flush_end,0,2686931
-7.778,trivial_move,3,2686930
-7.770,trivial_move,4,2686930
-7.768,flush_begin,0,0
-7.753,flush_end,0,2686933
-7.736,trivial_move,3,2686932
-7.728,trivial_move,4,2686932
-7.726,flush_begin,0,0
-7.711,flush_end,0,2686931
-7.694,trivial_move,3,2686930
-7.686,trivial_move,4,2686930
-7.684,flush_begin,0,0
-7.669,flush_end,0,2686931
-7.652,trivial_move,3,2686931
-7.644,trivial_move,4,2686930
-7.642,flush_begin,0,0
-7.627,flush_end,0,2686930
-7.610,trivial_move,3,2686931
-7.602,trivial_move,4,2686932
-7.600,flush_begin,0,0
-7.586,flush_end,0,2686932
-7.570,trivial_move,3,2686931
-7.562,trivial_move,4,2686930
-7.560,flush_begin,0,0
-7.544,flush_end,0,2686930
-7.528,trivial_move,3,2686931
-7.520,trivial_move,4,2686932
-7.519,flush_begin,0,0
-7.504,flush_end,0,2686932
-7.487,trivial_move,3,2686931
-7.479,trivial_move,4,2686930
-7.477,flush_begin,0,0
-7.462,flush_end,0,2686930
-7.445,trivial_move,3,2686930
-7.437,trivial_move,4,2686931
-7.435,flush_begin,0,0
-7.420,flush_end,0,2686931
-7.403,trivial_move,3,2686932
-7.395,trivial_move,4,2686931
-7.393,flush_begin,0,0
-7.378,flush_end,0,2686931
-7.361,trivial_move,3,2686930
-7.353,trivial_move,4,2686931
-7.352,flush_begin,0,0
-7.337,flush_end,0,2686930
-7.320,trivial_move,3,2686932
-7.312,trivial_move,4,2686931
-7.310,flush_begin,0,0
-7.296,flush_end,0,2686932
-7.279,trivial_move,3,2686930
-7.271,trivial_move,4,2686931
-7.269,flush_begin,0,0
-7.254,flush_end,0,2686930
-7.237,trivial_move,3,2686930
-7.229,trivial_move,4,2686930
-7.227,flush_begin,0,0
-7.212,flush_end,0,2686931
-7.195,trivial_move,3,2686932
-7.187,trivial_move,4,2686932
-7.185,flush_begin,0,0
-7.170,flush_end,0,2686931
-7.153,trivial_move,3,2686930
-7.145,trivial_move,4,2686930
-7.143,flush_begin,0,0
-7.128,flush_end,0,2686931
-7.111,trivial_move,3,2686932
-7.103,trivial_move,4,2686931
-7.101,flush_begin,0,0
-7.085,flush_end,0,2686931
-7.069,trivial_move,3,2686930
-7.061,trivial_move,4,2686932
-7.059,flush_begin,0,0
-7.044,flush_end,0,2686931
-7.027,trivial_move,3,2686932
-7.019,trivial_move,4,2686930
-7.017,flush_begin,0,0
-7.002,flush_end,0,2686930
-6.985,trivial_move,3,2686931
-6.977,trivial_move,4,2686932
-6.975,flush_begin,0,0
-6.959,flush_end,0,2686932
-6.943,trivial_move,3,2686931
-6.935,trivial_move,4,2686930
-6.933,flush_begin,0,0
-6.918,flush_end,0,2686930
-6.900,trivial_move,3,2686931
-6.892,trivial_move,4,2686932
-6.890,flush_begin,0,0
-6.872,flush_end,0,2686933
-6.856,trivial_move,3,2686931
-6.848,trivial_move,4,2686930
-6.846,flush_begin,0,0
-6.831,flush_end,0,2686930
-6.819,trivial_move,3,2686930
-6.806,trivial_move,4,2686931
-6.805,flush_begin,0,0
-6.792,flush_end,0,2686930
-6.776,trivial_move,3,2686932
-6.768,trivial_move,4,2686931
-6.767,flush_begin,0,0
-6.754,flush_end,0,2686932
-6.737,trivial_move,3,2686930
-6.729,trivial_move,4,2686931
-6.728,flush_begin,0,0
-6.714,flush_end,0,2686930
-6.697,trivial_move,3,2686931
-6.689,trivial_move,4,2686931
-6.687,flush_begin,0,0
-6.672,flush_end,0,2686932
-6.656,trivial_move,3,2686931
-6.648,trivial_move,4,2686930
-6.647,flush_begin,0,0
-6.632,flush_end,0,2686930
-6.616,trivial_move,3,2686930
-6.608,trivial_move,4,2686930
-6.607,flush_begin,0,0
-6.592,flush_end,0,2686931
-6.575,trivial_move,3,2686932
-6.567,trivial_move,4,2686931
-6.565,flush_begin,0,0
-6.550,flush_end,0,2686931
-6.533,trivial_move,3,2686930
-6.525,trivial_move,4,2686931
-6.523,flush_begin,0,0
-6.509,flush_end,0,2686931
-6.492,trivial_move,3,2686932
-6.484,trivial_move,4,2686931
-6.483,flush_begin,0,0
-6.468,flush_end,0,2686931
-6.451,trivial_move,3,2686930
-6.443,trivial_move,4,2686931
-6.441,flush_begin,0,0
-6.426,flush_end,0,2686931
-6.409,trivial_move,3,2686931
-6.401,trivial_move,4,2686930
-6.399,flush_begin,0,0
-6.384,flush_end,0,2686930
-6.367,trivial_move,3,2686931
-6.359,trivial_move,4,2686932
-6.358,flush_begin,0,0
-6.342,flush_end,0,2686932
-6.325,trivial_move,3,2686931
-6.317,trivial_move,4,2686930
-6.315,flush_begin,0,0
-6.301,flush_end,0,2686930
-6.284,trivial_move,3,2686931
-6.276,trivial_move,4,2686932
-6.274,flush_begin,0,0
-6.259,flush_end,0,2686931
-6.242,trivial_move,3,2686930
-6.234,trivial_move,4,2686930
-6.232,flush_begin,0,0
-6.217,flush_end,0,2686931
-6.200,trivial_move,3,2686930
-6.192,trivial_move,4,2686932
-6.190,flush_begin,0,0
-6.174,flush_end,0,2686930
-6.157,trivial_move,3,2686931
-6.149,trivial_move,4,2686931
-6.147,flush_begin,0,0
-6.131,flush_end,0,2686932
-6.114,trivial_move,3,2686933
-6.106,trivial_move,4,2686930
-6.105,flush_begin,0,0
-6.088,flush_end,0,2686930
-6.071,trivial_move,3,2686931
-6.063,trivial_move,4,2686932
-6.060,flush_begin,0,0
-6.046,flush_end,0,2686932
-6.029,trivial_move,3,2686931
-6.021,trivial_move,4,2686930
-6.020,flush_begin,0,0
-6.006,flush_end,0,2686930
-5.989,trivial_move,3,2686930
-5.981,trivial_move,4,2686931
-5.979,flush_begin,0,0
-5.965,flush_end,0,2686932
-5.948,trivial_move,3,2686932
-5.940,trivial_move,4,2686931
-5.938,flush_begin,0,0
-5.923,flush_end,0,2686931
-5.906,trivial_move,3,2686930
-5.898,trivial_move,4,2686931
-5.896,flush_begin,0,0
-5.880,flush_end,0,2686931
-5.863,trivial_move,3,2686932
-5.855,trivial_move,4,2686931
-5.854,flush_begin,0,0
-5.839,flush_end,0,2686931
-5.822,trivial_move,3,2686930
-5.814,trivial_move,4,2686931
-5.812,flush_begin,0,0
-5.796,flush_end,0,2686930
-5.779,trivial_move,3,2686931
-5.771,trivial_move,4,2686930
-5.769,flush_begin,0,0
-5.754,flush_end,0,2686930
-5.738,trivial_move,3,2686931
-5.730,trivial_move,4,2686932
-5.728,flush_begin,0,0
-5.712,flush_end,0,2686931
-5.695,trivial_move,3,2686930
-5.687,trivial_move,4,2686930
-5.685,flush_begin,0,0
-5.670,flush_end,0,2686931
-5.653,trivial_move,3,2686932
-5.645,trivial_move,4,2686932
-5.643,flush_begin,0,0
-5.628,flush_end,0,2686931
-5.611,trivial_move,3,2686930
-5.603,trivial_move,4,2686930
-5.601,flush_begin,0,0
-5.586,flush_end,0,2686931
-5.569,trivial_move,3,2686931
-5.561,trivial_move,4,2686930
-5.559,flush_begin,0,0
-5.543,flush_end,0,2686930
-5.526,trivial_move,3,2686931
-5.518,trivial_move,4,2686932
-5.516,flush_begin,0,0
-5.500,flush_end,0,2686932
-5.483,trivial_move,3,2686931
-5.475,trivial_move,4,2686930
-5.474,flush_begin,0,0
-5.462,flush_end,0,2686930
-5.446,trivial_move,3,2686931
-5.438,trivial_move,4,2686932
-5.438,flush_begin,0,0
-5.428,flush_end,0,2686932
-5.412,trivial_move,3,2686931
-5.404,trivial_move,4,2686930
-5.404,flush_begin,0,0
-5.394,flush_end,0,2686930
-5.378,trivial_move,3,2686930
-5.378,flush_begin,0,0
-5.367,flush_end,0,2686931
-5.351,trivial_move,3,2686932
-5.343,trivial_move,4,2686931
-5.343,flush_begin,0,0
-5.332,flush_end,0,2686931
-5.317,trivial_move,3,2686930
-5.307,trivial_move,4,2686931
-5.307,flush_begin,0,0
-5.295,flush_end,0,2686930
-5.279,trivial_move,3,2686933
-5.271,trivial_move,4,2686932
-5.271,flush_begin,0,0
-5.258,flush_end,0,2686932
-5.242,trivial_move,3,2686930
-5.234,trivial_move,4,2686931
-5.234,flush_begin,0,0
-5.221,flush_end,0,2686930
-5.204,trivial_move,3,2686930
-5.196,trivial_move,4,2686931
-5.188,trivial_move,4,2686930
-5.188,flush_begin,0,0
-5.174,flush_end,0,2686931
-5.158,trivial_move,3,2686932
-5.150,trivial_move,4,2686932
-5.149,flush_begin,0,0
-5.133,flush_end,0,2686931
-5.117,trivial_move,3,2686930
-5.109,trivial_move,4,2686930
-5.107,flush_begin,0,0
-5.094,flush_end,0,2686932
-5.077,trivial_move,3,2686932
-5.069,trivial_move,4,2686931
-5.067,flush_begin,0,0
-5.053,flush_end,0,2686931
-5.037,trivial_move,3,2686930
-5.029,trivial_move,4,2686931
-5.027,flush_begin,0,0
-5.013,flush_end,0,2686931
-4.996,trivial_move,3,2686931
-4.988,trivial_move,4,2686930
-4.987,flush_begin,0,0
-4.972,flush_end,0,2686930
-4.955,trivial_move,3,2686931
-4.947,trivial_move,4,2686932
-4.945,flush_begin,0,0
-4.930,flush_end,0,2686932
-4.914,trivial_move,3,2686931
-4.906,trivial_move,4,2686930
-4.905,flush_begin,0,0
-4.890,flush_end,0,2686930
-4.874,trivial_move,3,2686931
-4.866,trivial_move,4,2686932
-4.865,flush_begin,0,0
-4.849,flush_end,0,2686932
-4.832,trivial_move,3,2686931
-4.824,trivial_move,4,2686930
-4.822,flush_begin,0,0
-4.807,flush_end,0,2686930
-4.790,trivial_move,3,2686930
-4.782,trivial_move,4,2686931
-4.781,flush_begin,0,0
-4.766,flush_end,0,2686930
-4.750,trivial_move,3,2686932
-4.742,trivial_move,4,2686931
-4.740,flush_begin,0,0
-4.725,flush_end,0,2686932
-4.709,trivial_move,3,2686930
-4.701,trivial_move,4,2686931
-4.699,flush_begin,0,0
-4.684,flush_end,0,2686930
-4.667,trivial_move,3,2686931
-4.659,trivial_move,4,2686931
-4.657,flush_begin,0,0
-4.642,flush_end,0,2686932
-4.626,trivial_move,3,2686931
-4.618,trivial_move,4,2686930
-4.616,flush_begin,0,0
-4.602,flush_end,0,2686930
-4.586,trivial_move,3,2686930
-4.578,trivial_move,4,2686930
-4.577,flush_begin,0,0
-4.560,flush_end,0,2686931
-4.543,trivial_move,3,2686932
-4.535,trivial_move,4,2686931
-4.534,flush_begin,0,0
-4.518,flush_end,0,2686931
-4.502,trivial_move,3,2686930
-4.494,trivial_move,4,2686931
-4.491,flush_begin,0,0
-4.477,flush_end,0,2686931
-4.460,trivial_move,3,2686932
-4.452,trivial_move,4,2686931
-4.451,flush_begin,0,0
-4.435,flush_end,0,2686931
-4.419,trivial_move,3,2686930
-4.411,trivial_move,4,2686932
-4.409,flush_begin,0,0
-4.394,flush_end,0,2686931
-4.377,trivial_move,3,2686932
-4.369,trivial_move,4,2686930
-4.367,flush_begin,0,0
-4.351,flush_end,0,2686930
-4.334,trivial_move,3,2686931
-4.326,trivial_move,4,2686932
-4.324,flush_begin,0,0
-4.307,flush_end,0,2686932
-4.291,trivial_move,3,2686931
-4.283,trivial_move,4,2686930
-4.281,flush_begin,0,0
-4.265,flush_end,0,2686930
-4.249,trivial_move,3,2686931
-4.241,trivial_move,4,2686932
-4.238,flush_begin,0,0
-4.223,flush_end,0,2686931
-4.206,trivial_move,3,2686930
-4.198,trivial_move,4,2686930
-4.197,flush_begin,0,0
-4.181,flush_end,0,2686932
-4.165,trivial_move,3,2686930
-4.157,trivial_move,4,2686931
-4.154,flush_begin,0,0
-4.139,flush_end,0,2686930
-4.123,trivial_move,3,2686931
-4.115,trivial_move,4,2686931
-4.114,flush_begin,0,0
-4.099,flush_end,0,2686932
-4.082,trivial_move,3,2686931
-4.074,trivial_move,4,2686930
-4.072,flush_begin,0,0
-4.057,flush_end,0,2686930
-4.040,trivial_move,3,2686931
-4.032,trivial_move,4,2686932
-4.029,flush_begin,0,0
-4.015,flush_end,0,2686932
-3.998,trivial_move,3,2686931
-3.990,trivial_move,4,2686930
-3.989,flush_begin,0,0
-3.973,flush_end,0,2686930
-3.956,trivial_move,3,2686930
-3.948,trivial_move,4,2686931
-3.947,flush_begin,0,0
-3.932,flush_end,0,2686931
-3.915,trivial_move,3,2686932
-3.907,trivial_move,4,2686931
-3.906,flush_begin,0,0
-3.891,flush_end,0,2686931
-3.874,trivial_move,3,2686930
-3.866,trivial_move,4,2686931
-3.864,flush_begin,0,0
-3.849,flush_end,0,2686931
-3.833,trivial_move,3,2686932
-3.825,trivial_move,4,2686931
-3.824,flush_begin,0,0
-3.808,flush_end,0,2686931
-3.792,trivial_move,3,2686930
-3.784,trivial_move,4,2686931
-3.783,flush_begin,0,0
-3.767,flush_end,0,2686930
-3.750,trivial_move,3,2686931
-3.742,trivial_move,4,2686930
-3.740,flush_begin,0,0
-3.725,flush_end,0,2686930
-3.707,trivial_move,3,2686931
-3.699,trivial_move,4,2686932
-3.696,flush_begin,0,0
-3.681,flush_end,0,2686931
-3.664,trivial_move,3,2686930
-3.656,trivial_move,4,2686930
-3.654,flush_begin,0,0
-3.637,flush_end,0,2686931
-3.621,trivial_move,3,2686932
-3.613,trivial_move,4,2686932
-3.611,flush_begin,0,0
-3.595,flush_end,0,2686931
-3.578,trivial_move,3,2686930
-3.570,trivial_move,4,2686930
-3.568,flush_begin,0,0
-3.552,flush_end,0,2686931
-3.536,trivial_move,3,2686931
-3.528,trivial_move,4,2686930
-3.526,flush_begin,0,0
-3.510,flush_end,0,2686930
-3.493,trivial_move,3,2686931
-3.485,trivial_move,4,2686933
-3.483,flush_begin,0,0
-3.466,flush_end,0,2686932
-3.449,trivial_move,3,2686932
-3.441,trivial_move,4,2686930
-3.440,flush_begin,0,0
-3.424,flush_end,0,2686930
-3.407,trivial_move,3,2686931
-3.399,trivial_move,4,2686932
-3.397,flush_begin,0,0
-3.382,flush_end,0,2686932
-3.365,trivial_move,3,2686931
-3.357,trivial_move,4,2686930
-3.355,flush_begin,0,0
-3.340,flush_end,0,2686930
-3.323,trivial_move,3,2686930
-3.314,trivial_move,4,2686931
-3.313,flush_begin,0,0
-3.295,flush_end,0,2686932
-3.278,trivial_move,3,2686932
-3.270,trivial_move,4,2686931
-3.268,flush_begin,0,0
-3.251,flush_end,0,2686931
-3.234,trivial_move,3,2686930
-3.226,trivial_move,4,2686931
-3.224,flush_begin,0,0
-3.209,flush_end,0,2686930
-3.192,trivial_move,3,2686932
-3.184,trivial_move,4,2686931
-3.183,flush_begin,0,0
-3.166,flush_end,0,2686932
-3.149,trivial_move,3,2686930
-3.141,trivial_move,4,2686931
-3.139,flush_begin,0,0
-3.123,flush_end,0,2686930
-3.106,trivial_move,3,2686930
-3.097,trivial_move,4,2686930
-3.095,flush_begin,0,0
-3.078,flush_end,0,2686931
-3.061,trivial_move,3,2686932
-3.053,trivial_move,4,2686932
-3.051,flush_begin,0,0
-3.034,flush_end,0,2686931
-3.017,trivial_move,3,2686930
-3.009,trivial_move,4,2686930
-3.007,flush_begin,0,0
-2.990,flush_end,0,2686931
-2.973,trivial_move,3,2686932
-2.965,trivial_move,4,2686931
-2.963,flush_begin,0,0
-2.948,flush_end,0,2686931
-2.931,trivial_move,3,2686930
-2.923,trivial_move,4,2686931
-2.921,flush_begin,0,0
-2.906,flush_end,0,2686931
-2.889,trivial_move,3,2686931
-2.881,trivial_move,4,2686930
-2.879,flush_begin,0,0
-2.861,flush_end,0,2686930
-2.845,trivial_move,3,2686931
-2.837,trivial_move,4,2686932
-2.836,flush_begin,0,0
-2.819,flush_end,0,2686932
-2.802,trivial_move,3,2686931
-2.794,trivial_move,4,2686930
-2.793,flush_begin,0,0
-2.776,flush_end,0,2686930
-2.760,trivial_move,3,2686931
-2.752,trivial_move,4,2686932
-2.750,flush_begin,0,0
-2.735,flush_end,0,2686932
-2.718,trivial_move,3,2686931
-2.710,trivial_move,4,2686930
-2.709,flush_begin,0,0
-2.691,flush_end,0,2686930
-2.674,trivial_move,3,2686930
-2.666,trivial_move,4,2686931
-2.663,flush_begin,0,0
-2.648,flush_end,0,2686930
-2.632,trivial_move,3,2686932
-2.624,trivial_move,4,2686931
-2.621,flush_begin,0,0
-2.605,flush_end,0,2686932
-2.588,trivial_move,3,2686930
-2.580,trivial_move,4,2686932
-2.579,flush_begin,0,0
-2.564,flush_end,0,2686930
-2.547,trivial_move,3,2686931
-2.539,trivial_move,4,2686931
-2.537,flush_begin,0,0
-2.520,flush_end,0,2686932
-2.504,trivial_move,3,2686932
-2.495,trivial_move,4,2686930
-2.495,flush_begin,0,0
-2.479,flush_end,0,2686930
-2.462,trivial_move,3,2686930
-2.454,trivial_move,4,2686930
-2.453,flush_begin,0,0
-2.438,flush_end,0,2686931
-2.421,trivial_move,3,2686932
-2.413,trivial_move,4,2686931
-2.411,flush_begin,0,0
-2.394,flush_end,0,2686931
-2.377,trivial_move,3,2686930
-2.369,trivial_move,4,2686931
-2.367,flush_begin,0,0
-2.350,flush_end,0,2686932
-2.334,trivial_move,3,2686932
-2.326,trivial_move,4,2686931
-2.324,flush_begin,0,0
-2.308,flush_end,0,2686931
-2.291,trivial_move,3,2686930
-2.283,trivial_move,4,2686931
-2.282,flush_begin,0,0
-2.266,flush_end,0,2686931
-2.249,trivial_move,3,2686931
-2.241,trivial_move,4,2686930
-2.240,flush_begin,0,0
-2.223,flush_end,0,2686930
-2.207,trivial_move,3,2686931
-2.199,trivial_move,4,2686932
-2.199,flush_begin,0,0
-2.182,flush_end,0,2686932
-2.165,trivial_move,3,2686931
-2.157,trivial_move,4,2686930
-2.156,flush_begin,0,0
-2.140,flush_end,0,2686930
-2.123,trivial_move,3,2686931
-2.115,trivial_move,4,2686932
-2.112,flush_begin,0,0
-2.094,flush_end,0,2686931
-2.078,trivial_move,3,2686930
-2.070,trivial_move,4,2686930
-2.069,flush_begin,0,0
-2.052,flush_end,0,2686931
-2.034,trivial_move,3,2686930
-2.026,trivial_move,4,2686931
-2.025,flush_begin,0,0
-2.008,flush_end,0,2686930
-1.992,trivial_move,3,2686931
-1.984,trivial_move,4,2686931
-1.981,flush_begin,0,0
-1.966,flush_end,0,2686932
-1.949,trivial_move,3,2686931
-1.941,trivial_move,4,2686930
-1.938,flush_begin,0,0
-1.923,flush_end,0,2686930
-1.906,trivial_move,3,2686931
-1.897,trivial_move,4,2686932
-1.896,flush_begin,0,0
-1.879,flush_end,0,2686932
-1.862,trivial_move,3,2686931
-1.854,trivial_move,4,2686930
-1.853,flush_begin,0,0
-1.836,flush_end,0,2686930
-1.819,trivial_move,3,2686930
-1.811,trivial_move,4,2686931
-1.809,flush_begin,0,0
-1.793,flush_end,0,2686931
-1.776,trivial_move,3,2686932
-1.768,trivial_move,4,2686931
-1.765,flush_begin,0,0
-1.750,flush_end,0,2686931
-1.733,trivial_move,3,2686930
-1.725,trivial_move,4,2686931
-1.724,flush_begin,0,0
-1.709,flush_end,0,2686931
-1.693,trivial_move,3,2686932
-1.685,trivial_move,4,2686931
-1.682,flush_begin,0,0
-1.666,flush_end,0,2686931
-1.649,trivial_move,3,2686930
-1.641,trivial_move,4,2686932
-1.639,flush_begin,0,0
-1.622,flush_end,0,2686930
-1.605,trivial_move,3,2686932
-1.597,trivial_move,4,2686930
-1.595,flush_begin,0,0
-1.578,flush_end,0,2686930
-1.562,trivial_move,3,2686931
-1.554,trivial_move,4,2686932
-1.552,flush_begin,0,0
-1.536,flush_end,0,2686931
-1.520,trivial_move,3,2686930
-1.512,trivial_move,4,2686930
-1.510,flush_begin,0,0
-1.493,flush_end,0,2686931
-1.476,trivial_move,3,2686932
-1.468,trivial_move,4,2686932
-1.466,flush_begin,0,0
-1.450,flush_end,0,2686931
-1.433,trivial_move,3,2686930
-1.424,trivial_move,4,2686930
-1.424,flush_begin,0,0
-1.407,flush_end,0,2686932
-1.391,trivial_move,3,2686931
-1.383,trivial_move,4,2686930
-1.381,flush_begin,0,0
-1.365,flush_end,0,2686930
-1.348,trivial_move,3,2686931
-1.340,trivial_move,4,2686932
-1.338,flush_begin,0,0
-1.322,flush_end,0,2686932
-1.304,trivial_move,3,2686931
-1.295,trivial_move,4,2686930
-1.295,flush_begin,0,0
-1.279,flush_end,0,2686930
-1.263,trivial_move,3,2686931
-1.255,trivial_move,4,2686932
-1.252,flush_begin,0,0
-1.236,flush_end,0,2686932
-1.219,trivial_move,3,2686931
-1.211,trivial_move,4,2686930
-1.210,flush_begin,0,0
-1.193,flush_end,0,2686930
-1.176,trivial_move,3,2686930
-1.168,trivial_move,4,2686931
-1.166,flush_begin,0,0
-1.151,flush_end,0,2686931
-1.134,trivial_move,3,2686932
-1.126,trivial_move,4,2686931
-1.124,flush_begin,0,0
-1.108,flush_end,0,2686931
-1.092,trivial_move,3,2686930
-1.084,trivial_move,4,2686931
-1.082,flush_begin,0,0
-1.068,flush_end,0,2686930
-1.052,trivial_move,3,2686932
-1.044,trivial_move,4,2686931
-1.042,flush_begin,0,0
-1.028,flush_end,0,2686932
-1.012,trivial_move,3,2686930
-1.004,trivial_move,4,2686931
-1.002,flush_begin,0,0
-0.988,flush_end,0,2686930
-0.971,trivial_move,3,2686930
-0.963,trivial_move,4,2686930
-0.961,flush_begin,0,0
-0.947,flush_end,0,2686931
-0.930,trivial_move,3,2686932
-0.922,trivial_move,4,2686932
-0.921,flush_begin,0,0
-0.905,flush_end,0,2686931
-0.888,trivial_move,3,2686930
-0.880,trivial_move,4,2686930
-0.878,flush_begin,0,0
-0.863,flush_end,0,2686931
-0.847,trivial_move,3,2686932
-0.839,trivial_move,4,2686931
-0.837,flush_begin,0,0
-0.823,flush_end,0,2686931
-0.806,trivial_move,3,2686930
-0.797,trivial_move,4,2686931
-0.796,flush_begin,0,0
-0.780,flush_end,0,2686931
-0.764,trivial_move,3,2686931
-0.756,trivial_move,4,2686930
-0.754,flush_begin,0,0
-0.738,flush_end,0,2686930
-0.721,trivial_move,3,2686931
-0.713,trivial_move,4,2686933
-0.711,flush_begin,0,0
-0.694,flush_end,0,2686932
-0.677,trivial_move,3,2686932
-0.669,trivial_move,4,2686930
-0.667,flush_begin,0,0
-0.651,flush_end,0,2686930
-0.634,trivial_move,3,2686931
-0.626,trivial_move,4,2686932
-0.624,flush_begin,0,0
-0.609,flush_end,0,2686932
-0.592,trivial_move,3,2686931
-0.584,trivial_move,4,2686930
-0.582,flush_begin,0,0
-0.566,flush_end,0,2686930
-0.550,trivial_move,3,2686930
-0.542,trivial_move,4,2686931
-0.540,flush_begin,0,0
-0.525,flush_end,0,2686930
-0.508,trivial_move,3,2686932
-0.500,trivial_move,4,2686931
-0.498,flush_begin,0,0
-0.482,flush_end,0,2686933
-0.465,trivial_move,3,2686930
-0.457,trivial_move,4,2686931
-0.455,flush_begin,0,0
-0.439,flush_end,0,2686930
-0.422,trivial_move,3,2686931
-0.414,trivial_move,4,2686931
-0.412,flush_begin,0,0
-0.394,flush_end,0,2686932
-0.377,trivial_move,3,2686931
-0.369,trivial_move,4,2686930
-0.368,flush_begin,0,0
-0.352,flush_end,0,2686930
-0.335,trivial_move,3,2686930
-0.327,trivial_move,4,2686930
-0.324,flush_begin,0,0
-0.308,flush_end,0,2686931
-0.292,trivial_move,3,2686932
-0.284,trivial_move,4,2686931
-0.282,flush_begin,0,0
-0.266,flush_end,0,2686931
-0.249,trivial_move,3,2686930
-0.241,trivial_move,4,2686931
-0.240,flush_begin,0,0
-0.223,flush_end,0,2686931
-0.206,trivial_move,3,2686932
-0.198,trivial_move,4,2686931
-0.197,flush_begin,0,0
-0.182,flush_end,0,2686931
-0.165,trivial_move,3,2686930
-0.157,trivial_move,4,2686931
-0.155,flush_begin,0,0
-0.139,flush_end,0,2686931
-0.122,trivial_move,3,2686931
-0.114,trivial_move,4,2686930
-0.112,flush_begin,0,0
-0.095,flush_end,0,2686930
-0.079,trivial_move,3,2686931
-0.071,trivial_move,4,2686932
-0.070,flush_begin,0,0
-0.055,flush_end,0,2686932
-0.038,trivial_move,3,2686931
-0.030,trivial_move,4,2686930
-0.029,flush_begin,0,0
-0.013,flush_end,0,2686930
0.004,trivial_move,3,2686931
0.012,trivial_move,4,2686932
0.013,flush_begin,0,0
0.029,flush_end,0,2686931
0.046,trivial_move,3,2686930
0.054,trivial_move,4,2686930
0.056,flush_begin,0,0
0.072,flush_end,0,2686931
0.088,trivial_move,3,2686930
0.096,trivial_move,4,2686931
0.098,flush_begin,0,0
0.115,flush_end,0,2686930
0.132,trivial_move,3,2686931
0.140,trivial_move,4,2686931
0.142,flush_begin,0,0
0.158,flush_end,0,2686932
0.175,trivial_move,3,2686931
0.183,trivial_move,4,2686930
0.186,flush_begin,0,0
0.204,flush_end,0,2686930
0.220,trivial_move,3,2686931
0.228,trivial_move,4,2686933
0.230,flush_begin,0,0
0.245,flush_end,0,2686932
0.262,trivial_move,3,2686932
0.270,trivial_move,4,2686930
0.271,flush_begin,0,0
0.285,flush_end,0,2686930
0.302,trivial_move,3,2686930
0.310,trivial_move,4,2686931
0.311,flush_begin,0,0
0.326,flush_end,0,2686931
0.342,trivial_move,3,2686932
0.350,trivial_move,4,2686931
0.351,flush_begin,0,0
0.365,flush_end,0,2686931
0.382,trivial_move,3,2686930
0.390,trivial_move,4,2686931
0.391,flush_begin,0,0
0.405,flush_end,0,2686932
0.422,trivial_move,3,2686932
0.430,trivial_move,4,2686931
0.432,flush_begin,0,0
0.447,flush_end,0,2686931
0.463,trivial_move,3,2686930
0.471,trivial_move,4,2686931
0.474,flush_begin,0,0
0.491,flush_end,0,2686930
0.508,trivial_move,3,2686931
0.516,trivial_move,4,2686930
0.518,flush_begin,0,0
0.533,flush_end,0,2686930
0.550,trivial_move,3,2686931
0.558,trivial_move,4,2686932
0.561,flush_begin,0,0
0.577,flush_end,0,2686931
0.593,trivial_move,3,2686930
0.601,trivial_move,4,2686930
0.603,flush_begin,0,0
0.620,flush_end,0,2686931
0.637,trivial_move,3,2686932
0.645,trivial_move,4,2686932
0.646,flush_begin,0,0
0.663,flush_end,0,2686931
0.680,trivial_move,3,2686930
0.688,trivial_move,4,2686930
0.690,flush_begin,0,0
0.706,flush_end,0,2686931
0.723,trivial_move,3,2686931
0.731,trivial_move,4,2686930
0.732,flush_begin,0,0
0.748,flush_end,0,2686930
0.764,trivial_move,3,2686931
0.772,trivial_move,4,2686932
0.775,flush_begin,0,0
0.794,flush_end,0,2686932
0.810,trivial_move,3,2686931
0.818,trivial_move,4,2686930
0.820,flush_begin,0,0
0.835,flush_end,0,2686930
0.852,trivial_move,3,2686931
0.860,trivial_move,4,2686932
0.862,flush_begin,0,0
0.877,flush_end,0,2686932
0.894,trivial_move,3,2686931
0.902,trivial_move,4,2686930
0.904,flush_begin,0,0
0.919,flush_end,0,2686930
0.936,trivial_move,3,2686930
0.944,trivial_move,4,2686931
0.946,flush_begin,0,0
0.963,flush_end,0,2686931
0.980,trivial_move,3,2686932
0.988,trivial_move,4,2686931
0.990,flush_begin,0,0
1.006,flush_end,0,2686931
1.023,trivial_move,3,2686930
1.031,trivial_move,4,2686931
1.034,flush_begin,0,0
1.048,flush_end,0,2686930
1.065,trivial_move,3,2686932
1.073,trivial_move,4,2686931
1.075,flush_begin,0,0
1.091,flush_end,0,2686932
1.107,trivial_move,3,2686930
1.114,trivial_move,4,2686933
1.117,flush_begin,0,0
1.132,flush_end,0,2686930
1.149,trivial_move,3,2686930
1.157,trivial_move,4,2686930
1.160,flush_begin,0,0
1.177,flush_end,0,2686931
1.192,trivial_move,3,2686933
1.200,trivial_move,4,2686932
1.203,flush_begin,0,0
1.219,flush_end,0,2686931
1.236,trivial_move,3,2686930
1.244,trivial_move,4,2686930
1.246,flush_begin,0,0
1.262,flush_end,0,2686931
1.278,trivial_move,3,2686932
1.286,trivial_move,4,2686931
1.288,flush_begin,0,0
1.302,flush_end,0,2686931
1.319,trivial_move,3,2686930
1.327,trivial_move,4,2686931
1.329,flush_begin,0,0
1.344,flush_end,0,2686933
1.364,trivial_move,3,2686931
1.372,trivial_move,4,2686930
1.373,flush_begin,0,0
1.388,flush_end,0,2686930
1.405,trivial_move,3,2686931
1.413,trivial_move,4,2686932
1.415,flush_begin,0,0
1.430,flush_end,0,2686932
1.447,trivial_move,3,2686931
1.455,trivial_move,4,2686930
1.456,flush_begin,0,0
1.472,flush_end,0,2686930
1.488,trivial_move,3,2686931
1.496,trivial_move,4,2686932
1.498,flush_begin,0,0
1.513,flush_end,0,2686932
1.530,trivial_move,3,2686931
1.538,trivial_move,4,2686930
1.540,flush_begin,0,0
1.556,flush_end,0,2686930
1.572,trivial_move,3,2686930
1.580,trivial_move,4,2686931
1.582,flush_begin,0,0
1.597,flush_end,0,2686930
1.613,trivial_move,3,2686932
1.621,trivial_move,4,2686931
1.623,flush_begin,0,0
1.638,flush_end,0,2686932
1.655,trivial_move,3,2686930
1.663,trivial_move,4,2686931
1.665,flush_begin,0,0
1.682,flush_end,0,2686930
1.699,trivial_move,3,2686931
1.707,trivial_move,4,2686931
1.709,flush_begin,0,0
1.724,flush_end,0,2686932
1.741,trivial_move,3,2686931
1.749,trivial_move,4,2686930
1.751,flush_begin,0,0
1.767,flush_end,0,2686930
1.783,trivial_move,3,2686930
1.791,trivial_move,4,2686930
1.793,flush_begin,0,0
1.808,flush_end,0,2686931
1.825,trivial_move,3,2686932
1.833,trivial_move,4,2686931
1.835,flush_begin,0,0
1.850,flush_end,0,2686931
1.867,trivial_move,3,2686930
1.876,trivial_move,4,2686931
1.878,flush_begin,0,0
1.893,flush_end,0,2686931
1.909,trivial_move,3,2686932
1.917,trivial_move,4,2686931
1.919,flush_begin,0,0
1.935,flush_end,0,2686931
1.952,trivial_move,3,2686930
1.960,trivial_move,4,2686931
1.962,flush_begin,0,0
1.979,flush_end,0,2686931
1.995,trivial_move,3,2686931
2.003,trivial_move,4,2686930
2.005,flush_begin,0,0
2.020,flush_end,0,2686930
2.037,trivial_move,3,2686931
2.045,trivial_move,4,2686933
2.046,flush_begin,0,0
2.060,flush_end,0,2686932
2.076,trivial_move,3,2686932
2.084,trivial_move,4,2686930
2.085,flush_begin,0,0
2.095,flush_end,0,2686930
2.111,trivial_move,3,2686931
2.119,trivial_move,4,2686932
2.119,flush_begin,0,0
2.130,flush_end,0,2686931
2.139,flush_begin,0,0
2.148,flush_end,0,2686931
2.165,trivial_move,3,2686930
2.165,flush_begin,0,0
2.175,flush_end,0,2686930
2.191,trivial_move,3,2686930
2.191,flush_begin,0,0
2.201,flush_end,0,2686933
2.218,trivial_move,3,2686931
2.226,trivial_move,3,2686931
2.226,flush_begin,0,0
2.237,flush_end,0,2686930
2.254,trivial_move,3,2686931
2.263,trivial_move,4,2686930
2.263,flush_begin,0,0
2.275,flush_end,0,2686932
2.292,trivial_move,3,2686931
2.300,trivial_move,4,2686931
2.300,flush_begin,0,0
2.313,flush_end,0,2686930
2.330,trivial_move,3,2686930
2.338,trivial_move,4,2686931
2.347,trivial_move,4,2686930
2.347,flush_begin,0,0
2.361,flush_end,0,2686931
2.378,trivial_move,3,2686932
2.386,trivial_move,4,2686932
2.386,flush_begin,0,0
2.400,flush_end,0,2686931
2.416,trivial_move,3,2686930
2.424,trivial_move,4,2686930
2.433,trivial_move,4,2686931
2.433,flush_begin,0,0
2.448,flush_end,0,2686931
2.464,trivial_move,3,2686932
2.472,trivial_move,4,2686931
2.480,trivial_move,4,2686931
2.489,trivial_move,4,2686931
2.489,flush_begin,0,0
2.504,flush_end,0,2686931
2.521,trivial_move,3,2686930
2.529,trivial_move,4,2686931
2.533,flush_begin,0,0
2.551,flush_end,0,2686930
2.567,trivial_move,3,2686931
2.575,trivial_move,4,2686930
2.576,flush_begin,0,0
2.591,flush_end,0,2686930
2.608,trivial_move,3,2686931
2.616,trivial_move,4,2686932
2.618,flush_begin,0,0
2.634,flush_end,0,2686931
2.651,trivial_move,3,2686930
2.659,trivial_move,4,2686930
2.661,flush_begin,0,0
2.677,flush_end,0,2686931
2.695,trivial_move,3,2686932
2.703,trivial_move,4,2686932
2.705,flush_begin,0,0
2.721,flush_end,0,2686931
2.738,trivial_move,3,2686930
2.746,trivial_move,4,2686930
2.747,flush_begin,0,0
2.762,flush_end,0,2686931
2.779,trivial_move,3,2686931
2.787,trivial_move,4,2686930
2.788,flush_begin,0,0
2.805,flush_end,0,2686930
2.822,trivial_move,3,2686931
2.831,trivial_move,4,2686932
2.833,flush_begin,0,0
2.848,flush_end,0,2686932
2.865,trivial_move,3,2686931
2.873,trivial_move,4,2686930
2.875,flush_begin,0,0
2.889,flush_end,0,2686930
2.905,trivial_move,3,2686931
2.913,trivial_move,4,2686933
2.915,flush_begin,0,0
2.931,flush_end,0,2686932
2.948,trivial_move,3,2686933
2.956,trivial_move,4,2686930
2.958,flush_begin,0,0
2.973,flush_end,0,2686930
2.989,trivial_move,3,2686930
2.997,trivial_move,4,2686931
2.999,flush_begin,0,0
3.015,flush_end,0,2686931
3.031,trivial_move,3,2686932
3.039,trivial_move,4,2686931
3.041,flush_begin,0,0
3.056,flush_end,0,2686931
3.073,trivial_move,3,2686930
3.081,trivial_move,4,2686931
3.082,flush_begin,0,0
3.097,flush_end,0,2686930
3.114,trivial_move,3,2686932
3.122,trivial_move,4,2686931
3.124,flush_begin,0,0
3.139,flush_end,0,2686933
3.156,trivial_move,3,2686930
3.164,trivial_move,4,2686931
3.166,flush_begin,0,0
3.181,flush_end,0,2686930
3.198,trivial_move,3,2686930
3.205,trivial_move,4,2686930
3.208,flush_begin,0,0
3.224,flush_end,0,2686931
3.241,trivial_move,3,2686932
3.249,trivial_move,4,2686932
3.252,flush_begin,0,0
3.267,flush_end,0,2686931
3.284,trivial_move,3,2686930
3.292,trivial_move,4,2686930
3.294,flush_begin,0,0
3.310,flush_end,0,2686931
3.326,trivial_move,3,2686932
3.334,trivial_move,4,2686931
3.336,flush_begin,0,0
3.350,flush_end,0,2686931
3.367,trivial_move,3,2686930
3.375,trivial_move,4,2686931
3.377,flush_begin,0,0
3.393,flush_end,0,2686931
3.410,trivial_move,3,2686931
3.418,trivial_move,4,2686930
3.420,flush_begin,0,0
3.436,flush_end,0,2686930
3.452,trivial_move,3,2686931
3.460,trivial_move,4,2686932
3.463,flush_begin,0,0
3.480,flush_end,0,2686932
3.496,trivial_move,3,2686931
3.504,trivial_move,4,2686930
3.506,flush_begin,0,0
3.523,flush_end,0,2686930
3.540,trivial_move,3,2686931
3.548,trivial_move,4,2686932
3.550,flush_begin,0,0
3.566,flush_end,0,2686932
3.583,trivial_move,3,2686931
3.591,trivial_move,4,2686930
3.593,flush_begin,0,0
3.607,flush_end,0,2686930
3.624,trivial_move,3,2686930
3.632,trivial_move,4,2686931
3.634,flush_begin,0,0
3.649,flush_end,0,2686930
3.665,trivial_move,3,2686932
3.673,trivial_move,4,2686931
3.675,flush_begin,0,0
3.691,flush_end,0,2686932
3.707,trivial_move,3,2686930
3.715,trivial_move,4,2686931
3.717,flush_begin,0,0
3.732,flush_end,0,2686930
3.749,trivial_move,3,2686931
3.757,trivial_move,4,2686931
3.759,flush_begin,0,0
3.773,flush_end,0,2686932
3.790,trivial_move,3,2686931
3.798,trivial_move,4,2686930
3.801,flush_begin,0,0
3.817,flush_end,0,2686930
3.834,trivial_move,3,2686930
3.841,trivial_move,4,2686930
3.843,flush_begin,0,0
3.858,flush_end,0,2686931
3.875,trivial_move,3,2686933
3.883,trivial_move,4,2686931
3.886,flush_begin,0,0
3.901,flush_end,0,2686931
3.918,trivial_move,3,2686930
3.926,trivial_move,4,2686931
3.928,flush_begin,0,0
3.943,flush_end,0,2686931
3.960,trivial_move,3,2686932
3.968,trivial_move,4,2686931
3.970,flush_begin,0,0
3.985,flush_end,0,2686931
4.002,trivial_move,3,2686930
4.010,trivial_move,4,2686931
4.012,flush_begin,0,0
4.028,flush_end,0,2686932
4.044,trivial_move,3,2686931
4.052,trivial_move,4,2686930
4.055,flush_begin,0,0
4.072,flush_end,0,2686930
4.088,trivial_move,3,2686931
4.096,trivial_move,4,2686932
4.097,flush_begin,0,0
4.114,flush_end,0,2686932
4.131,trivial_move,3,2686931
4.139,trivial_move,4,2686930
4.140,flush_begin,0,0
4.157,flush_end,0,2686930
4.173,trivial_move,3,2686931
4.181,trivial_move,4,2686932
4.182,flush_begin,0,0
4.198,flush_end,0,2686931
4.215,trivial_move,3,2686930
4.223,trivial_move,4,2686930
4.224,flush_begin,0,0
4.240,flush_end,0,2686931
4.257,trivial_move,3,2686930
4.265,trivial_move,4,2686931
4.267,flush_begin,0,0
4.282,flush_end,0,2686930
4.298,trivial_move,3,2686931
4.306,trivial_move,4,2686931
4.308,flush_begin,0,0
4.322,flush_end,0,2686932
4.339,trivial_move,3,2686931
4.347,trivial_move,4,2686930
4.349,flush_begin,0,0
4.364,flush_end,0,2686930
4.381,trivial_move,3,2686931
4.389,trivial_move,4,2686932
4.391,flush_begin,0,0
4.407,flush_end,0,2686932
4.423,trivial_move,3,2686931
4.431,trivial_move,4,2686930
4.433,flush_begin,0,0
4.448,flush_end,0,2686930
4.468,trivial_move,3,2686930
4.475,trivial_move,4,2686931
4.477,flush_begin,0,0
4.493,flush_end,0,2686931
4.509,trivial_move,3,2686932
4.517,trivial_move,4,2686931
4.519,flush_begin,0,0
4.533,flush_end,0,2686931
4.550,trivial_move,3,2686930
4.558,trivial_move,4,2686931
4.560,flush_begin,0,0
4.576,flush_end,0,2686931
4.592,trivial_move,3,2686932
4.600,trivial_move,4,2686931
4.602,flush_begin,0,0
4.618,flush_end,0,2686931
4.635,trivial_move,3,2686930
4.643,trivial_move,4,2686931
4.645,flush_begin,0,0
4.660,flush_end,0,2686930
4.677,trivial_move,3,2686931
4.686,trivial_move,4,2686930
4.689,flush_begin,0,0
4.704,flush_end,0,2686930
4.721,trivial_move,3,2686931
4.727,trivial_move,4,2686933
4.728,flush_begin,0,0
4.744,flush_end,0,2686931
4.765,trivial_move,3,2686930
4.771,trivial_move,4,2686930
4.771,flush_begin,0,0
4.786,flush_end,0,2686931
4.803,trivial_move,3,2686933
4.811,trivial_move,4,2686932
4.812,flush_begin,0,0
4.827,flush_end,0,2686931
4.844,trivial_move,3,2686930
4.852,trivial_move,4,2686930
4.854,flush_begin,0,0
4.870,flush_end,0,2686931
4.887,trivial_move,3,2686931
4.896,trivial_move,4,2686930
4.897,flush_begin,0,0
4.913,flush_end,0,2686930
4.930,trivial_move,3,2686931
4.938,trivial_move,4,2686932
4.939,flush_begin,0,0
4.957,flush_end,0,2686933
4.973,trivial_move,3,2686931
4.982,trivial_move,4,2686930
4.982,flush_begin,0,0
5.000,flush_end,0,2686930
5.016,trivial_move,3,2686931
5.024,trivial_move,4,2686932
5.027,flush_begin,0,0
5.042,flush_end,0,2686932
5.059,trivial_move,3,2686931
5.067,trivial_move,4,2686930
5.069,flush_begin,0,0
5.086,flush_end,0,2686930
5.103,trivial_move,3,2686930
5.111,trivial_move,4,2686931
5.112,flush_begin,0,0
5.128,flush_end,0,2686931
5.145,trivial_move,3,2686932
5.153,trivial_move,4,2686931
5.155,flush_begin,0,0
5.171,flush_end,0,2686931
5.188,trivial_move,3,2686930
5.196,trivial_move,4,2686931
5.198,flush_begin,0,0
5.216,flush_end,0,2686930
5.232,trivial_move,3,2686932
5.240,trivial_move,4,2686931
5.242,flush_begin,0,0
5.259,flush_end,0,2686932
5.276,trivial_move,3,2686930
5.284,trivial_move,4,2686931
5.286,flush_begin,0,0
5.303,flush_end,0,2686930
5.319,trivial_move,3,2686930
5.327,trivial_move,4,2686930
5.328,flush_begin,0,0
5.345,flush_end,0,2686931
5.362,trivial_move,3,2686932
5.370,trivial_move,4,2686932
5.372,flush_begin,0,0
5.388,flush_end,0,2686931
5.404,trivial_move,3,2686930
5.412,trivial_move,4,2686930
5.415,flush_begin,0,0
5.431,flush_end,0,2686931
5.448,trivial_move,3,2686932
5.456,trivial_move,4,2686931
5.458,flush_begin,0,0
5.474,flush_end,0,2686931
5.490,trivial_move,3,2686930
5.498,trivial_move,4,2686931
5.500,flush_begin,0,0
5.516,flush_end,0,2686931
5.533,trivial_move,3,2686931
5.541,trivial_move,4,2686930
5.544,flush_begin,0,0
5.560,flush_end,0,2686930
5.576,trivial_move,3,2686931
5.584,trivial_move,4,2686932
5.586,flush_begin,0,0
5.602,flush_end,0,2686932
5.619,trivial_move,3,2686931
5.627,trivial_move,4,2686930
5.629,flush_begin,0,0
5.644,flush_end,0,2686930
5.661,trivial_move,3,2686931
5.669,trivial_move,4,2686933
5.671,flush_begin,0,0
5.687,flush_end,0,2686932
5.704,trivial_move,3,2686932
5.712,trivial_move,4,2686930
5.713,flush_begin,0,0
5.728,flush_end,0,2686930
5.745,trivial_move,3,2686930
5.753,trivial_move,4,2686931
5.754,flush_begin,0,0
5.770,flush_end,0,2686930
5.786,trivial_move,3,2686932
5.795,trivial_move,4,2686931
5.795,flush_begin,0,0
5.810,flush_end,0,2686932
5.827,trivial_move,3,2686930
5.835,trivial_move,4,2686931
5.836,flush_begin,0,0
5.853,flush_end,0,2686930
5.869,trivial_move,3,2686931
5.877,trivial_move,4,2686931
5.878,flush_begin,0,0
5.895,flush_end,0,2686933
5.912,trivial_move,3,2686931
5.920,trivial_move,4,2686930
5.921,flush_begin,0,0
5.936,flush_end,0,2686930
5.953,trivial_move,3,2686930
5.961,trivial_move,4,2686930
5.962,flush_begin,0,0
5.979,flush_end,0,2686931
5.996,trivial_move,3,2686932
6.004,trivial_move,4,2686931
6.006,flush_begin,0,0
6.021,flush_end,0,2686931
6.038,trivial_move,3,2686930
6.046,trivial_move,4,2686931
6.048,flush_begin,0,0
6.064,flush_end,0,2686931
6.081,trivial_move,3,2686932
6.089,trivial_move,4,2686931
6.091,flush_begin,0,0
6.109,flush_end,0,2686931
6.126,trivial_move,3,2686930
6.134,trivial_move,4,2686931
6.136,flush_begin,0,0
6.152,flush_end,0,2686931
6.168,trivial_move,3,2686931
6.176,trivial_move,4,2686930
6.179,flush_begin,0,0
6.196,flush_end,0,2686930
6.212,trivial_move,3,2686931
6.220,trivial_move,4,2686932
6.221,flush_begin,0,0
6.236,flush_end,0,2686932
6.253,trivial_move,3,2686931
6.261,trivial_move,4,2686930
6.262,flush_begin,0,0
6.278,flush_end,0,2686930
6.295,trivial_move,3,2686931
6.303,trivial_move,4,2686932
6.305,flush_begin,0,0
6.320,flush_end,0,2686931
6.337,trivial_move,3,2686930
6.345,trivial_move,4,2686930
6.347,flush_begin,0,0
6.363,flush_end,0,2686931
6.380,trivial_move,3,2686930
6.388,trivial_move,4,2686931
6.390,flush_begin,0,0
6.405,flush_end,0,2686930
6.422,trivial_move,3,2686931
6.430,trivial_move,4,2686931
6.432,flush_begin,0,0
6.447,flush_end,0,2686932
6.464,trivial_move,3,2686931
6.472,trivial_move,4,2686930
6.473,flush_begin,0,0
6.490,flush_end,0,2686930
6.507,trivial_move,3,2686931
6.515,trivial_move,4,2686932
6.517,flush_begin,0,0
6.533,flush_end,0,2686932
6.550,trivial_move,3,2686931
6.558,trivial_move,4,2686930
6.560,flush_begin,0,0
6.576,flush_end,0,2686930
6.593,trivial_move,3,2686930
6.601,trivial_move,4,2686932
6.602,flush_begin,0,0
6.618,flush_end,0,2686931
6.635,trivial_move,3,2686933
6.643,trivial_move,4,2686931
6.646,flush_begin,0,0
6.662,flush_end,0,2686931
6.679,trivial_move,3,2686930
6.687,trivial_move,4,2686931
6.688,flush_begin,0,0
6.704,flush_end,0,2686931
6.721,trivial_move,3,2686932
6.729,trivial_move,4,2686931
6.731,flush_begin,0,0
6.748,flush_end,0,2686931
6.765,trivial_move,3,2686930
6.773,trivial_move,4,2686931
6.774,flush_begin,0,0
6.791,flush_end,0,2686930
6.808,trivial_move,3,2686931
6.816,trivial_move,4,2686930
6.817,flush_begin,0,0
6.832,flush_end,0,2686930
6.849,trivial_move,3,2686931
6.857,trivial_move,4,2686932
6.859,flush_begin,0,0
6.874,flush_end,0,2686931
6.891,trivial_move,3,2686930
6.899,trivial_move,4,2686930
6.901,flush_begin,0,0
6.915,flush_end,0,2686931
6.932,trivial_move,3,2686932
6.939,trivial_move,4,2686932
6.941,flush_begin,0,0
6.957,flush_end,0,2686931
6.974,trivial_move,3,2686930
6.983,trivial_move,4,2686930
6.983,flush_begin,0,0
6.998,flush_end,0,2686931
7.015,trivial_move,3,2686931
7.023,trivial_move,4,2686930
7.025,flush_begin,0,0
7.040,flush_end,0,2686930
7.057,trivial_move,3,2686931
7.065,trivial_move,4,2686932
7.068,flush_begin,0,0
7.085,flush_end,0,2686932
7.102,trivial_move,3,2686931
7.110,trivial_move,4,2686930
7.112,flush_begin,0,0
7.128,flush_end,0,2686930
7.145,trivial_move,3,2686931
7.153,trivial_move,4,2686932
7.155,flush_begin,0,0
7.169,flush_end,0,2686932
7.186,trivial_move,3,2686931
7.194,trivial_move,4,2686930
7.196,flush_begin,0,0
7.212,flush_end,0,2686930
7.228,trivial_move,3,2686930
7.236,trivial_move,4,2686931
7.238,flush_begin,0,0
7.253,flush_end,0,2686931
7.270,trivial_move,3,2686932
7.278,trivial_move,4,2686931
7.282,flush_begin,0,0
7.296,flush_end,0,2686931
7.313,trivial_move,3,2686930
7.321,trivial_move,4,2686931
7.323,flush_begin,0,0
7.338,flush_end,0,2686930
7.355,trivial_move,3,2686932
7.363,trivial_move,4,2686931
7.366,flush_begin,0,0
7.382,flush_end,0,2686932
7.398,trivial_move,3,2686930
7.406,trivial_move,4,2686931
7.408,flush_begin,0,0
7.423,flush_end,0,2686930
7.440,trivial_move,3,2686930
7.448,trivial_move,4,2686930
7.450,flush_begin,0,0
7.465,flush_end,0,2686931
7.483,trivial_move,3,2686932
7.490,trivial_move,4,2686933
7.492,flush_begin,0,0
7.507,flush_end,0,2686931
7.524,trivial_move,3,2686930
7.532,trivial_move,4,2686930
7.534,flush_begin,0,0
7.548,flush_end,0,2686931
7.565,trivial_move,3,2686933
7.573,trivial_move,4,2686931
7.574,flush_begin,0,0
7.589,flush_end,0,2686931
7.606,trivial_move,3,2686930
7.614,trivial_move,4,2686931
7.615,flush_begin,0,0
7.630,flush_end,0,2686931
7.647,trivial_move,3,2686931
7.655,trivial_move,4,2686930
7.656,flush_begin,0,0
7.672,flush_end,0,2686930
7.688,trivial_move,3,2686931
7.696,trivial_move,4,2686932
7.698,flush_begin,0,0
7.713,flush_end,0,2686933
7.730,trivial_move,3,2686931
7.738,trivial_move,4,2686930
7.740,flush_begin,0,0
7.755,flush_end,0,2686930
7.771,trivial_move,3,2686931
7.779,trivial_move,4,2686932
7.781,flush_begin,0,0
7.795,flush_end,0,2686932
7.812,trivial_move,3,2686931
7.820,trivial_move,4,2686930
7.822,flush_begin,0,0
7.836,flush_end,0,2686930
7.853,trivial_move,3,2686930
7.862,trivial_move,4,2686931
7.862,flush_begin,0,0
7.877,flush_end,0,2686930
7.894,trivial_move,3,2686932
7.902,trivial_move,4,2686931
7.905,flush_begin,0,0
7.919,flush_end,0,2686932
7.936,trivial_move,3,2686930
7.944,trivial_move,4,2686931
7.947,flush_begin,0,0
7.964,flush_end,0,2686930
7.980,trivial_move,3,2686931
7.988,trivial_move,4,2686931
7.990,flush_begin,0,0
8.006,flush_end,0,2686932
8.023,trivial_move,3,2686931
8.031,trivial_move,4,2686930
8.032,flush_begin,0,0
8.047,flush_end,0,2686930
8.064,trivial_move,3,2686930
8.072,trivial_move,4,2686930
8.074,flush_begin,0,0
8.088,flush_end,0,2686931
8.105,trivial_move,3,2686932
8.113,trivial_move,4,2686931
8.114,flush_begin,0,0
8.130,flush_end,0,2686931
8.147,trivial_move,3,2686930
8.155,trivial_move,4,2686931
8.156,flush_begin,0,0
8.173,flush_end,0,2686931
8.190,trivial_move,3,2686932
8.198,trivial_move,4,2686931
8.200,flush_begin,0,0
8.216,flush_end,0,2686931
8.232,trivial_move,3,2686930
8.240,trivial_move,4,2686931
8.243,flush_begin,0,0
8.260,flush_end,0,2686931
8.276,trivial_move,3,2686931
8.284,trivial_move,4,2686930
8.286,flush_begin,0,0
8.303,flush_end,0,2686930
8.320,trivial_move,3,2686931
8.328,trivial_move,4,2686932
8.330,flush_begin,0,0
8.347,flush_end,0,2686932
8.363,trivial_move,3,2686931
8.371,trivial_move,4,2686930
8.373,flush_begin,0,0
8.388,flush_end,0,2686930
8.405,trivial_move,3,2686931
8.413,trivial_move,4,2686933
8.415,flush_begin,0,0
8.431,flush_end,0,2686931
8.448,trivial_move,3,2686930
8.456,trivial_move,4,2686930
8.459,flush_begin,0,0
8.474,flush_end,0,2686931
8.490,trivial_move,3,2686930
8.498,trivial_move,4,2686931
8.501,flush_begin,0,0
8.516,flush_end,0,2686930
8.533,trivial_move,3,2686931
8.541,trivial_move,4,2686931
8.543,flush_begin,0,0
8.560,flush_end,0,2686932
8.576,trivial_move,3,2686931
8.584,trivial_move,4,2686930
8.586,flush_begin,0,0
8.602,flush_end,0,2686930
8.619,trivial_move,3,2686931
8.627,trivial_move,4,2686932
8.629,flush_begin,0,0
8.646,flush_end,0,2686933
8.663,trivial_move,3,2686931
8.671,trivial_move,4,2686930
8.673,flush_begin,0,0
8.690,flush_end,0,2686930
8.707,trivial_move,3,2686930
8.715,trivial_move,4,2686931
8.717,flush_begin,0,0
8.733,flush_end,0,2686931
8.750,trivial_move,3,2686932
8.758,trivial_move,4,2686931
8.760,flush_begin,0,0
8.775,flush_end,0,2686931
8.792,trivial_move,3,2686930
8.800,trivial_move,4,2686931
8.800,flush_begin,0,0
8.815,flush_end,0,2686931
8.832,trivial_move,3,2686932
8.840,trivial_move,4,2686931
8.841,flush_begin,0,0
8.858,flush_end,0,2686931
8.875,trivial_move,3,2686930
8.883,trivial_move,4,2686931
8.885,flush_begin,0,0
8.900,flush_end,0,2686930
8.917,trivial_move,3,2686931
8.925,trivial_move,4,2686930
8.928,flush_begin,0,0
8.943,flush_end,0,2686930
8.960,trivial_move,3,2686931
8.968,trivial_move,4,2686932
8.971,flush_begin,0,0
8.989,flush_end,0,2686931
9.006,trivial_move,3,2686930
9.015,trivial_move,4,2686930
9.015,flush_begin,0,0
9.030,flush_end,0,2686931
9.047,trivial_move,3,2686932
9.055,trivial_move,4,2686932
9.057,flush_begin,0,0
9.073,flush_end,0,2686931
9.090,trivial_move,3,2686930
9.099,trivial_move,4,2686930
9.099,flush_begin,0,0
9.115,flush_end,0,2686931
9.132,trivial_move,3,2686931
9.140,trivial_move,4,2686930
9.141,flush_begin,0,0
9.158,flush_end,0,2686930
9.175,trivial_move,3,2686931
9.183,trivial_move,4,2686932
9.184,flush_begin,0,0
9.199,flush_end,0,2686932
9.216,trivial_move,3,2686931
9.224,trivial_move,4,2686930
9.225,flush_begin,0,0
9.239,flush_end,0,2686930
9.255,trivial_move,3,2686931
9.264,trivial_move,4,2686932
9.264,flush_begin,0,0
9.278,flush_end,0,2686932
9.295,trivial_move,3,2686931
9.303,trivial_move,4,2686930
9.305,flush_begin,0,0
9.319,flush_end,0,2686930
9.337,trivial_move,3,2686930
9.345,trivial_move,4,2686932
9.346,flush_begin,0,0
9.361,flush_end,0,2686931
9.378,trivial_move,3,2686933
9.386,trivial_move,4,2686931
9.387,flush_begin,0,0
9.401,flush_end,0,2686931
9.418,trivial_move,3,2686930
9.426,trivial_move,4,2686931
9.428,flush_begin,0,0
9.442,flush_end,0,2686930
9.459,trivial_move,3,2686932
9.467,trivial_move,4,2686931
9.469,flush_begin,0,0
9.484,flush_end,0,2686932
9.501,trivial_move,3,2686930
9.509,trivial_move,4,2686931
9.511,flush_begin,0,0
9.526,flush_end,0,2686930
9.542,trivial_move,3,2686930
9.551,trivial_move,4,2686930
9.552,flush_begin,0,0
9.566,flush_end,0,2686932
9.583,trivial_move,3,2686932
9.591,trivial_move,4,2686932
9.593,flush_begin,0,0
9.607,flush_end,0,2686931
9.624,trivial_move,3,2686930
9.632,trivial_move,4,2686930
9.634,flush_begin,0,0
9.650,flush_end,0,2686931
9.666,trivial_move,3,2686932
9.674,trivial_move,4,2686931
9.676,flush_begin,0,0
9.691,flush_end,0,2686931
9.708,trivial_move,3,2686930
9.716,trivial_move,4,2686931
9.718,flush_begin,0,0
9.733,flush_end,0,2686931
9.750,trivial_move,3,2686931
9.758,trivial_move,4,2686930
9.760,flush_begin,0,0
9.775,flush_end,0,2686930
9.791,trivial_move,3,2686931
9.799,trivial_move,4,2686932
9.801,flush_begin,0,0
9.817,flush_end,0,2686932
9.833,trivial_move,3,2686931
9.841,trivial_move,4,2686930
9.844,flush_begin,0,0
9.859,flush_end,0,2686930
9.876,trivial_move,3,2686931
9.884,trivial_move,4,2686932
9.886,flush_begin,0,0
9.901,flush_end,0,2686932
9.917,trivial_move,3,2686931
9.925,trivial_move,4,2686930
9.927,flush_begin,0,0
9.943,flush_end,0,2686930
9.960,trivial_move,3,2686930
9.968,trivial_move,4,2686931
9.970,flush_begin,0,0
9.987,flush_end,0,2686930
10.004,trivial_move,3,2686932
10.012,trivial_move,4,2686931
10.014,flush_begin,0,0
10.030,flush_end,0,2686932
10.047,trivial_move,3,2686930
10.055,trivial_move,4,2686931
10.057,flush_begin,0,0
10.070,flush_end,0,2686930
10.086,trivial_move,3,2686931
10.094,trivial_move,4,2686931
10.094,flush_begin,0,0
10.105,flush_end,0,2686932
10.122,trivial_move,3,2686931
10.131,trivial_move,4,2686930
10.131,flush_begin,0,0
10.143,flush_end,0,2686930
10.160,trivial_move,3,2686930
10.168,trivial_move,4,2686930
10.168,flush_begin,0,0
10.179,flush_end,0,2686931
10.197,trivial_move,3,2686932
10.197,flush_begin,0,0
10.208,flush_end,0,2686931
10.225,trivial_move,3,2686930
10.234,trivial_move,4,2686931
10.243,trivial_move,4,2686933
10.243,flush_begin,0,0
10.257,flush_end,0,2686931
10.274,trivial_move,3,2686933
10.283,trivial_move,4,2686931
10.284,flush_begin,0,0
10.299,flush_end,0,2686931
10.315,trivial_move,3,2686930
10.323,trivial_move,4,2686931
10.326,flush_begin,0,0
10.341,flush_end,0,2686931
10.357,trivial_move,3,2686931
10.365,trivial_move,4,2686930
10.368,flush_begin,0,0
10.384,flush_end,0,2686930
10.402,trivial_move,3,2686931
10.410,trivial_move,4,2686932
10.410,flush_begin,0,0
10.426,flush_end,0,2570063
10.442,trivial_move,3,2686931
10.450,trivial_move,4,2686930
10.451,compaction_begin,2,0
10.488,compaction_end,2,5374078
10.504,trivial_move,4,2686932
10.505,compaction_begin,2,0
10.540,compaction_end,2,5374077
10.556,trivial_move,4,2686930
10.557,compaction_begin,2,0
10.591,compaction_end,2,5374079
10.607,trivial_move,4,2686931
10.607,compaction_begin,2,0
10.639,compaction_end,2,5374079
10.659,trivial_move,4,2686931
10.659,compaction_begin,2,0
10.689,compaction_end,2,5374079
10.706,trivial_move,4,2686930
10.706,compaction_begin,2,0
10.735,compaction_end,2,5374079
10.752,trivial_move,4,2686932
10.752,compaction_begin,2,0
10.777,compaction_end,2,5374078
10.794,trivial_move,4,2686930
10.794,compaction_begin,2,0
10.819,compaction_end,2,5374079
10.836,trivial_move,4,2686931
10.836,compaction_begin,2,0
10.862,compaction_end,2,5374080
10.879,trivial_move,4,2686931
10.879,compaction_begin,2,0
10.905,compaction_end,2,5374079
10.922,trivial_move,4,2686931
10.922,compaction_begin,2,0
10.948,compaction_end,2,5374079
10.965,trivial_move,4,2686931
10.965,compaction_begin,2,0
10.991,compaction_end,2,5374078
11.008,trivial_move,4,2686931
11.008,compaction_begin,2,0
11.034,compaction_end,2,5374079
11.051,trivial_move,4,2686930
11.051,compaction_begin,2,0
11.077,compaction_end,2,5374078
11.093,trivial_move,4,2686932
11.093,compaction_begin,2,0
11.119,compaction_end,2,5374079
11.136,trivial_move,4,2686930
11.136,compaction_begin,2,0
11.164,compaction_end,2,5374079
11.180,trivial_move,4,2686933
11.180,compaction_begin,2,0
11.207,compaction_end,2,5374078
11.224,trivial_move,4,2686930
11.224,compaction_begin,2,0
11.251,compaction_end,2,5374079
11.268,trivial_move,4,2686930
11.268,compaction_begin,2,0
11.295,compaction_end,2,5374079
11.312,trivial_move,4,2686932
11.312,compaction_begin,2,0
11.327,compaction_end,2,2570063
11.343,trivial_move,4,2686930
11.351,trivial_move,4,2686932
11.351,compaction_begin,3,0
11.379,compaction_end,3,5374079
11.396,trivial_move,4,2686931
11.396,compaction_begin,3,0
11.424,compaction_end,3,5374079
11.440,trivial_move,4,2686931
11.440,compaction_begin,3,0
11.468,compaction_end,3,5374077
11.485,trivial_move,4,2686930
11.486,compaction_begin,3,0
11.514,compaction_end,3,5374079
11.530,trivial_move,4,2686930
11.530,compaction_begin,3,0
11.557,compaction_end,3,5374079
11.574,trivial_move,4,2686932
11.574,compaction_begin,3,0
11.601,compaction_end,3,5374080
11.618,trivial_move,4,2686931
11.619,compaction_begin,3,0
11.645,compaction_end,3,5374079
11.654,compaction_begin,3,0
11.679,compaction_end,3,5374079
11.688,compaction_begin,3,0
11.714,compaction_end,3,5374079
11.723,compaction_begin,3,0
11.748,compaction_end,3,5374079
11.758,compaction_begin,3,0
11.783,compaction_end,3,5374078
11.792,compaction_begin,3,0
11.816,compaction_end,3,5374079
11.825,compaction_begin,3,0
11.848,compaction_end,3,5374079
11.857,compaction_begin,3,0
11.880,compaction_end,3,5374078
11.890,compaction_begin,3,0
11.914,compaction_end,3,5374079
11.923,compaction_begin,3,0
11.948,compaction_end,3,5374078
11.956,compaction_begin,3,0
11.980,compaction_end,3,5374080
11.988,compaction_begin,3,0
12.013,compaction_end,3,5374079
12.021,compaction_begin,3,0
12.046,compaction_end,3,5374079
12.054,compaction_begin,3,0
12.078,compaction_end,3,5374079
12.086,compaction_begin,3,0
12.109,compaction_end,3,5374078
12.118,compaction_begin,3,0
12.141,compaction_end,3,5374079
12.151,compaction_begin,3,0
12.175,compaction_end,3,5374079
12.184,compaction_begin,3,0
12.207,compaction_end,3,5374079
12.215,compaction_begin,3,0
12.236,compaction_end,3,5374079
12.245,compaction_begin,3,0
12.267,compaction_end,3,5374077
12.276,compaction_begin,3,0
12.298,compaction_end,3,5374078
12.307,compaction_begin,3,0
12.331,compaction_end,3,5374080
12.339,compaction_begin,3,0
12.363,compaction_end,3,5374079
12.371,compaction_begin,3,0
12.394,compaction_end,3,5374079
12.402,compaction_begin,3,0
12.426,compaction_end,3,5374078
12.434,compaction_begin,3,0
12.458,compaction_end,3,5374079
12.466,compaction_begin,3,0
12.488,compaction_end,3,5374079
12.497,compaction_begin,3,0
12.519,compaction_end,3,5374079
12.529,compaction_begin,3,0
12.551,compaction_end,3,5374079
12.560,compaction_begin,3,0
12.583,compaction_end,3,5374078
12.591,compaction_begin,3,0
12.614,compaction_end,3,5374079
12.623,compaction_begin,3,0
12.646,compaction_end,3,5374080
12.656,compaction_begin,3,0
12.680,compaction_end,3,5374078
12.688,compaction_begin,3,0
12.710,compaction_end,3,5374079
12.719,compaction_begin,3,0
12.742,compaction_end,3,5374078
12.751,compaction_begin,3,0
12.773,compaction_end,3,5374079
12.782,compaction_begin,3,0
12.804,compaction_end,3,5374079
12.813,compaction_begin,3,0
12.835,compaction_end,3,5374079
12.844,compaction_begin,3,0
12.866,compaction_end,3,5374079
12.875,compaction_begin,3,0
12.897,compaction_end,3,5374078
12.906,compaction_begin,3,0
12.927,compaction_end,3,5374079
12.936,compaction_begin,3,0
12.957,compaction_end,3,5374079
12.966,compaction_begin,3,0
12.988,compaction_end,3,5374080
12.996,compaction_begin,3,0
13.018,compaction_end,3,5374079
13.028,compaction_begin,3,0
13.050,compaction_end,3,5374077
13.059,compaction_begin,3,0
13.080,compaction_end,3,5374078
13.089,compaction_begin,3,0
13.112,compaction_end,3,5374079
13.120,compaction_begin,3,0
13.142,compaction_end,3,5374079
13.151,compaction_begin,3,0
13.172,compaction_end,3,5374079
13.181,compaction_begin,3,0
13.203,compaction_end,3,5374078
13.212,compaction_begin,3,0
13.233,compaction_end,3,5374079
13.242,compaction_begin,3,0
13.263,compaction_end,3,5374079
13.272,compaction_begin,3,0
13.293,compaction_end,3,5374079
13.302,compaction_begin,3,0
13.324,compaction_end,3,5374080
13.333,compaction_begin,3,0
13.355,compaction_end,3,5374078
13.364,compaction_begin,3,0
13.387,compaction_end,3,5374079
13.396,compaction_begin,3,0
13.418,compaction_end,3,5374079
13.427,compaction_begin,3,0
13.449,compaction_end,3,5374078
13.458,compaction_begin,3,0
13.480,compaction_end,3,5374079
13.489,compaction_begin,3,0
13.510,compaction_end,3,5374078
13.519,compaction_begin,3,0
13.540,compaction_end,3,5374079
13.549,compaction_begin,3,0
13.570,compaction_end,3,5374079
13.579,compaction_begin,3,0
13.601,compaction_end,3,5374079
13.610,compaction_begin,3,0
13.632,compaction_end,3,5374079
13.641,compaction_begin,3,0
13.663,compaction_end,3,5374079
13.672,compaction_begin,3,0
13.694,compaction_end,3,5374079
13.703,compaction_begin,3,0
13.724,compaction_end,3,5374079
13.733,compaction_begin,3,0
13.755,compaction_end,3,5374079
13.764,compaction_begin,3,0
13.787,compaction_end,3,5374079
13.796,compaction_begin,3,0
13.819,compaction_end,3,5374077
13.828,compaction_begin,3,0
13.851,compaction_end,3,5374078
13.860,compaction_begin,3,0
13.883,compaction_end,3,5374079
13.892,compaction_begin,3,0
13.916,compaction_end,3,5374079
13.925,compaction_begin,3,0
13.950,compaction_end,3,5374079
13.958,compaction_begin,3,0
13.981,compaction_end,3,5374078
13.990,compaction_begin,3,0
14.013,compaction_end,3,5374080
14.022,compaction_begin,3,0
14.043,compaction_end,3,5374079
14.052,compaction_begin,3,0
14.074,compaction_end,3,5374079
14.083,compaction_begin,3,0
14.104,compaction_end,3,5374079
14.113,compaction_begin,3,0
14.135,compaction_end,3,5374078
14.144,compaction_begin,3,0
14.167,compaction_end,3,5374079
14.176,compaction_begin,3,0
14.198,compaction_end,3,5374079
14.207,compaction_begin,3,0
14.229,compaction_end,3,5374078
14.238,compaction_begin,3,0
14.260,compaction_end,3,5374079
14.269,compaction_begin,3,0
14.291,compaction_end,3,5374078
14.300,compaction_begin,3,0
14.322,compaction_end,3,5374079
14.331,compaction_begin,3,0
14.353,compaction_end,3,5374081
14.362,compaction_begin,3,0
14.386,compaction_end,3,5374079
14.395,compaction_begin,3,0
14.418,compaction_end,3,5374079
14.427,compaction_begin,3,0
14.449,compaction_end,3,5374078
14.458,compaction_begin,3,0
14.481,compaction_end,3,5374079
14.489,compaction_begin,3,0
14.512,compaction_end,3,5374079
14.521,compaction_begin,3,0
14.542,compaction_end,3,5374079
14.551,compaction_begin,3,0
14.572,compaction_end,3,5374079
14.581,compaction_begin,3,0
14.603,compaction_end,3,5374077
14.612,compaction_begin,3,0
14.635,compaction_end,3,5374078
14.644,compaction_begin,3,0
14.667,compaction_end,3,5374079
14.676,compaction_begin,3,0
14.699,compaction_end,3,5374080
14.708,compaction_begin,3,0
14.732,compaction_end,3,5374079
14.741,compaction_begin,3,0
14.765,compaction_end,3,5374078
14.774,compaction_begin,3,0
14.799,compaction_end,3,5374079
14.807,compaction_begin,3,0
14.831,compaction_end,3,5374079
14.840,compaction_begin,3,0
14.865,compaction_end,3,5374079
14.873,compaction_begin,3,0
14.898,compaction_end,3,5374079
14.906,compaction_begin,3,0
14.929,compaction_end,3,5374078
14.937,compaction_begin,3,0
14.959,compaction_end,3,5374079
14.968,compaction_begin,3,0
14.991,compaction_end,3,5374079
14.999,compaction_begin,3,0
15.022,compaction_end,3,5374078
15.030,compaction_begin,3,0
15.052,compaction_end,3,5374080
15.060,compaction_begin,3,0
15.082,compaction_end,3,5374078
15.090,compaction_begin,3,0
15.112,compaction_end,3,5374079
15.121,compaction_begin,3,0
15.143,compaction_end,3,5374079
15.152,compaction_begin,3,0
15.174,compaction_end,3,5374079
15.183,compaction_begin,3,0
15.206,compaction_end,3,5374079
15.214,compaction_begin,3,0
15.235,compaction_end,3,5374078
15.244,compaction_begin,3,0
15.266,compaction_end,3,5374079
15.275,compaction_begin,3,0
15.297,compaction_end,3,5374079
15.305,compaction_begin,3,0
15.326,compaction_end,3,5374079
15.335,compaction_begin,3,0
15.356,compaction_end,3,5374080
15.365,compaction_begin,3,0
15.387,compaction_end,3,5374077
15.396,compaction_begin,3,0
15.418,compaction_end,3,5374078
15.427,compaction_begin,3,0
15.449,compaction_end,3,5374079
15.458,compaction_begin,3,0
15.482,compaction_end,3,5374079
15.490,compaction_begin,3,0
15.513,compaction_end,3,5374079
15.522,compaction_begin,3,0
15.544,compaction_end,3,5374078
15.553,compaction_begin,3,0
15.574,compaction_end,3,5374079
15.583,compaction_begin,3,0
15.607,compaction_end,3,5374079
15.615,compaction_begin,3,0
15.638,compaction_end,3,5374079
15.647,compaction_begin,3,0
15.668,compaction_end,3,5374079
15.677,compaction_begin,3,0
15.698,compaction_end,3,5374079
15.707,compaction_begin,3,0
15.730,compaction_end,3,5374079
15.738,compaction_begin,3,0
15.760,compaction_end,3,5374079
15.769,compaction_begin,3,0
15.791,compaction_end,3,5374078
15.800,compaction_begin,3,0
15.822,compaction_end,3,5374079
15.831,compaction_begin,3,0
15.853,compaction_end,3,5374078
15.862,compaction_begin,3,0
15.885,compaction_end,3,5374079
15.893,compaction_begin,3,0
15.915,compaction_end,3,5374079
15.924,compaction_begin,3,0
15.945,compaction_end,3,5374079
15.954,compaction_begin,3,0
15.976,compaction_end,3,5374079
15.985,compaction_begin,3,0
16.006,compaction_end,3,5374078
16.015,compaction_begin,3,0
16.036,compaction_end,3,5374080
16.045,compaction_begin,3,0
16.066,compaction_end,3,5374079
16.075,compaction_begin,3,0
16.096,compaction_end,3,5374079
16.105,compaction_begin,3,0
16.128,compaction_end,3,5374079
16.137,compaction_begin,3,0
16.159,compaction_end,3,5374077
16.168,compaction_begin,3,0
16.191,compaction_end,3,5374078
16.199,compaction_begin,3,0
16.221,compaction_end,3,5374079
16.230,compaction_begin,3,0
16.252,compaction_end,3,5374079
16.260,compaction_begin,3,0
16.283,compaction_end,3,5374079
16.291,compaction_begin,3,0
16.313,compaction_end,3,5374078
16.321,compaction_begin,3,0
16.344,compaction_end,3,5374079
16.352,compaction_begin,3,0
16.375,compaction_end,3,5374080
16.383,compaction_begin,3,0
16.404,compaction_end,3,5374079
16.413,compaction_begin,3,0
16.434,compaction_end,3,5374079
16.444,compaction_begin,3,0
16.467,compaction_end,3,5374078
16.477,compaction_begin,3,0
16.500,compaction_end,3,5374079
16.510,compaction_begin,3,0
16.534,compaction_end,3,5374079
16.542,compaction_begin,3,0
16.565,compaction_end,3,5374078
16.574,compaction_begin,3,0
16.606,compaction_end,3,5374079
16.615,compaction_begin,3,0
16.639,compaction_end,3,5374078
16.647,compaction_begin,3,0
16.671,compaction_end,3,5374079
16.679,compaction_begin,3,0
16.701,compaction_end,3,5374079
16.709,compaction_begin,3,0
16.730,compaction_end,3,5374080
16.739,compaction_begin,3,0
16.760,compaction_end,3,5374079
16.769,compaction_begin,3,0
16.790,compaction_end,3,5374078
16.799,compaction_begin,3,0
16.821,compaction_end,3,5374079
16.830,compaction_begin,3,0
16.852,compaction_end,3,5374079
16.860,compaction_begin,3,0
16.883,compaction_end,3,5374079
16.891,compaction_begin,3,0
16.914,compaction_end,3,5374079
16.923,compaction_begin,3,0
16.947,compaction_end,3,5374077
16.955,compaction_begin,3,0
16.977,compaction_end,3,5374078
16.986,compaction_begin,3,0
17.008,compaction_end,3,5374079
17.017,compaction_begin,3,0
17.039,compaction_end,3,5374079
17.048,compaction_begin,3,0
17.070,compaction_end,3,5374080
17.079,compaction_begin,3,0
17.102,compaction_end,3,5374078
17.110,compaction_begin,3,0
17.137,compaction_end,3,7023641
17.146,compaction_begin,3,0
17.170,compaction_end,3,5374083
17.178,compaction_begin,3,0
17.200,compaction_end,3,5374083
17.209,compaction_begin,3,0
17.232,compaction_end,3,5374083
17.240,compaction_begin,3,0
17.264,compaction_end,3,5374084
17.273,compaction_begin,3,0
17.294,compaction_end,3,5374083
17.303,compaction_begin,3,0
17.326,compaction_end,3,5374082
17.335,compaction_begin,3,0
17.358,compaction_end,3,5374083
17.366,compaction_begin,3,0
17.388,compaction_end,3,5374084
17.396,compaction_begin,3,0
17.419,compaction_end,3,5374084
17.427,compaction_begin,3,0
17.450,compaction_end,3,5374083
17.458,compaction_begin,3,0
17.480,compaction_end,3,5374082
17.488,compaction_begin,3,0
17.511,compaction_end,3,5374083
17.520,compaction_begin,3,0
17.544,compaction_end,3,5374083
17.552,compaction_begin,3,0
17.576,compaction_end,3,5374084
17.584,compaction_begin,3,0
17.608,compaction_end,3,5374082
17.616,compaction_begin,3,0
17.641,compaction_end,3,5374083
17.650,compaction_begin,3,0
17.674,compaction_end,3,5374083
17.684,compaction_begin,3,0
17.708,compaction_end,3,5374083
17.716,compaction_begin,3,0
17.730,compaction_end,3,3607587
23.201,flush_begin,0,0
23.214,flush_end,0,2744245
23.225,compaction_begin,2,0
23.533,compaction_end,2,2673135
23.545,compaction_begin,3,0
23.749,compaction_end,3,42992648
23.757,compaction_begin,3,0
24.176,compaction_end,3,42992649
24.187,compaction_begin,3,0
24.354,compaction_end,3,42992653
24.364,compaction_begin,3,0
24.999,compaction_end,3,42992649
25.008,compaction_begin,3,0
25.330,compaction_end,3,42992649
25.340,compaction_begin,3,0
25.506,compaction_end,3,42992652
25.515,compaction_begin,3,0
26.198,compaction_end,3,42992649
26.208,compaction_begin,3,0
26.370,compaction_end,3,42992653
26.379,compaction_begin,3,0
26.551,compaction_end,3,44642301
26.560,compaction_begin,3,0
26.721,compaction_end,3,42992653
26.730,compaction_begin,3,0
27.295,compaction_end,3,45679539
27.304,compaction_begin,3,0
27.467,compaction_end,3,42992652
27.477,compaction_begin,3,0
27.639,compaction_end,3,42992654
27.649,compaction_begin,3,0
27.809,compaction_end,3,41955150
27.818,compaction_begin,3,0
27.937,compaction_end,3,31515311
27.947,compaction_begin,3,0
28.107,compaction_end,3,42992653
28.117,compaction_begin,3,0
28.279,compaction_end,3,42992653
28.289,compaction_begin,3,0
28.445,compaction_end,3,41955150
28.455,compaction_begin,3,0
28.620,flush_begin,0,0
28.631,flush_end,0,2744891
29.228,compaction_end,3,42992648
29.238,compaction_begin,2,0
29.541,compaction_end,2,2931187
29.553,compaction_begin,3,0
29.734,compaction_end,3,42992648
29.743,compaction_begin,3,0
29.899,compaction_end,3,42992649
29.908,compaction_begin,3,0
30.066,compaction_end,3,42992649
30.075,compaction_begin,3,0
30.810,compaction_end,3,42992651
30.819,compaction_begin,3,0
30.981,compaction_end,3,42992653
30.990,compaction_begin,3,0
31.151,compaction_end,3,42992653
31.160,compaction_begin,3,0
31.319,compaction_end,3,42992654
31.328,compaction_begin,3,0
31.487,compaction_end,3,42992649
31.496,compaction_begin,3,0
31.736,compaction_end,3,44404455
31.745,compaction_begin,3,0
31.905,compaction_end,3,42992653
31.914,compaction_begin,3,0
32.077,compaction_end,3,42992653
32.086,compaction_begin,3,0
32.254,compaction_end,3,44267905
32.263,compaction_begin,3,0
32.994,compaction_end,3,42992649
33.003,compaction_begin,3,0
33.162,compaction_end,3,42992653
33.171,compaction_begin,3,0
33.328,compaction_end,3,41955151
33.337,compaction_begin,3,0
34.046,compaction_end,3,42992648
34.055,compaction_begin,3,0
34.065,flush_begin,0,0
34.076,flush_end,0,2745106
34.236,compaction_end,3,42992653
34.245,compaction_begin,2,0
34.535,compaction_end,2,3130970
34.549,compaction_begin,3,0
34.738,compaction_end,3,42992648
34.747,compaction_begin,3,0
34.909,compaction_end,3,42992649
34.919,compaction_begin,3,0
35.075,compaction_end,3,42992649
35.084,compaction_begin,3,0
35.250,compaction_end,3,44030065
35.258,compaction_begin,3,0
35.416,compaction_end,3,42992648
35.426,compaction_begin,3,0
35.584,compaction_end,3,43367081
35.594,compaction_begin,3,0
35.752,compaction_end,3,42992654
35.761,compaction_begin,3,0
36.522,compaction_end,3,44642300
36.531,compaction_begin,3,0
36.690,compaction_end,3,42992653
36.699,compaction_begin,3,0
37.413,compaction_end,3,42992650
37.422,compaction_begin,3,0
37.584,compaction_end,3,42992653
37.594,compaction_begin,3,0
37.768,compaction_end,3,42992654
37.778,compaction_begin,3,0
37.938,compaction_end,3,42992653
37.947,compaction_begin,3,0
38.106,compaction_end,3,43367078
38.115,compaction_begin,3,0
38.273,compaction_end,3,41955150
38.282,compaction_begin,3,0
39.008,compaction_end,3,42992648
39.017,compaction_begin,3,0
39.173,compaction_end,3,43367082
39.182,compaction_begin,3,0
39.340,compaction_end,3,42992653
39.349,compaction_begin,3,0
39.507,compaction_end,3,42992653
39.516,compaction_begin,3,0
39.525,flush_begin,0,0
39.536,flush_end,0,2744715
40.235,compaction_end,3,42992648
40.244,compaction_begin,2,0
40.533,compaction_end,2,3244489
40.545,compaction_begin,3,0
40.723,compaction_end,3,42992648
40.732,compaction_begin,3,0
40.887,compaction_end,3,42992649
40.896,compaction_begin,3,0
41.060,compaction_end,3,43655660
41.069,compaction_begin,3,0
41.228,compaction_end,3,42992654
41.237,compaction_begin,3,0
41.397,compaction_end,3,42992648
41.406,compaction_begin,3,0
41.566,compaction_end,3,43367081
41.575,compaction_begin,3,0
41.696,compaction_end,3,32415986
41.705,compaction_begin,3,0
41.862,compaction_end,3,43367078
41.871,compaction_begin,3,0
42.028,compaction_end,3,42992653
42.037,compaction_begin,3,0
42.196,compaction_end,3,42992653
42.205,compaction_begin,3,0
42.365,compaction_end,3,43367078
42.374,compaction_begin,3,0
42.532,compaction_end,3,42992648
42.541,compaction_begin,3,0
42.699,compaction_end,3,42992650
42.708,compaction_begin,3,0
42.867,compaction_end,3,42992651
42.877,compaction_begin,3,0
43.034,compaction_end,3,42992654
43.044,compaction_begin,3,0
43.203,compaction_end,3,42992653
43.212,compaction_begin,3,0
43.932,compaction_end,3,42992650
43.941,compaction_begin,3,0
44.109,compaction_end,3,44642297
44.118,compaction_begin,3,0
44.839,compaction_end,3,42992648
44.848,compaction_begin,3,0
45.023,compaction_end,3,42992652
45.032,flush_begin,0,0
45.043,flush_end,0,2744853
45.052,compaction_begin,2,0
45.351,compaction_end,2,3390053
45.364,compaction_begin,3,0
45.540,compaction_end,3,43281145
45.549,compaction_begin,3,0
45.705,compaction_end,3,43367082
45.714,compaction_begin,3,0
45.868,compaction_end,3,42992649
45.877,compaction_begin,3,0
46.036,compaction_end,3,42992648
46.045,compaction_begin,3,0
46.207,compaction_end,3,43367078
46.216,compaction_begin,3,0
46.374,compaction_end,3,42992648
46.383,compaction_begin,3,0
46.560,compaction_end,3,42992649
46.572,compaction_begin,3,0
46.739,compaction_end,3,42992649
46.748,compaction_begin,3,0
46.910,compaction_end,3,43367081
46.919,compaction_begin,3,0
47.076,compaction_end,3,42992648
47.085,compaction_begin,3,0
47.243,compaction_end,3,43367081
47.252,compaction_begin,3,0
47.411,compaction_end,3,42992651
47.420,compaction_begin,3,0
47.577,compaction_end,3,42992649
47.586,compaction_begin,3,0
47.741,compaction_end,3,42992648
47.749,compaction_begin,3,0
47.962,compaction_end,3,43367080
47.972,compaction_begin,3,0
48.698,compaction_end,3,42992648
48.707,compaction_begin,3,0
48.866,compaction_end,3,42992648
48.875,compaction_begin,3,0
49.031,compaction_end,3,42992653
49.040,compaction_begin,3,0
49.199,compaction_end,3,42992654
49.208,compaction_begin,3,0
49.361,compaction_end,3,42992648
49.370,compaction_begin,3,0
49.528,compaction_end,3,42992653
49.537,compaction_begin,3,0
49.697,compaction_end,3,43367078
49.706,compaction_begin,3,0
49.863,compaction_end,3,42992650
49.873,compaction_begin,3,0
50.456,flush_begin,0,0
50.466,flush_end,0,2744834
50.630,compaction_end,3,44267908
50.639,compaction_begin,2,0
50.932,compaction_end,2,3454984
50.945,compaction_begin,3,0
51.131,compaction_end,3,43281145
51.140,compaction_begin,3,0
51.295,compaction_end,3,42992649
51.304,compaction_begin,3,0
51.461,compaction_end,3,43367082
51.470,compaction_begin,3,0
51.628,compaction_end,3,42992653
51.637,compaction_begin,3,0
51.798,compaction_end,3,42992653
51.807,compaction_begin,3,0
51.964,compaction_end,3,42992648
51.974,compaction_begin,3,0
52.131,compaction_end,3,42992649
52.141,compaction_begin,3,0
52.302,compaction_end,3,43367081
52.311,compaction_begin,3,0
52.468,compaction_end,3,42992649
52.476,compaction_begin,3,0
52.635,compaction_end,3,42992654
52.645,compaction_begin,3,0
52.804,compaction_end,3,42992650
52.813,compaction_begin,3,0
52.972,compaction_end,3,43367078
52.981,compaction_begin,3,0
53.142,compaction_end,3,42992648
53.151,compaction_begin,3,0
53.310,compaction_end,3,42992648
53.319,compaction_begin,3,0
53.488,compaction_end,3,42992651
53.497,compaction_begin,3,0
53.661,compaction_end,3,43893495
53.670,compaction_begin,3,0
54.351,compaction_end,3,42992653
54.360,compaction_begin,3,0
54.521,compaction_end,3,42992650
54.530,compaction_begin,3,0
54.688,compaction_end,3,42992648
54.697,compaction_begin,3,0
54.856,compaction_end,3,42992648
54.865,compaction_begin,3,0
55.519,compaction_end,3,42618170
55.529,compaction_begin,3,0
55.688,compaction_end,3,43367078
55.697,compaction_begin,3,0
55.856,compaction_end,3,43367081
55.865,compaction_begin,3,0
55.919,flush_begin,0,0
55.929,flush_end,0,2744849
56.619,compaction_end,3,42992649
56.629,compaction_begin,2,0
56.922,compaction_end,2,3601952
56.936,compaction_begin,3,0
57.125,compaction_end,3,43281145
57.134,compaction_begin,3,0
57.291,compaction_end,3,43367082
57.300,compaction_begin,3,0
57.454,compaction_end,3,42992649
57.463,compaction_begin,3,0
57.620,compaction_end,3,42992653
57.629,compaction_begin,3,0
57.786,compaction_end,3,43367078
57.795,compaction_begin,3,0
57.954,compaction_end,3,42992653
57.963,compaction_begin,3,0
58.123,compaction_end,3,43367081
58.132,compaction_begin,3,0
58.671,compaction_end,3,32415986
58.680,compaction_begin,3,0
58.841,compaction_end,3,42992648
58.850,compaction_begin,3,0
59.010,compaction_end,3,42992649
59.019,compaction_begin,3,0
59.177,compaction_end,3,42992653
59.185,compaction_begin,3,0
59.344,compaction_end,3,42992654
59.353,compaction_begin,3,0
59.513,compaction_end,3,42992650
59.522,compaction_begin,3,0
59.681,compaction_end,3,42992648
59.690,compaction_begin,3,0
60.401,compaction_end,3,42992648
60.410,compaction_begin,3,0
60.567,compaction_end,3,42618170
60.576,compaction_begin,3,0
60.734,compaction_end,3,42992648
60.743,compaction_begin,3,0
61.336,flush_begin,0,0
61.346,flush_end,0,2744844
61.493,compaction_end,3,42992649
61.502,compaction_begin,2,0
61.792,compaction_end,2,3795147
61.806,compaction_begin,3,0
61.996,compaction_end,3,43281145
62.005,compaction_begin,3,0
62.160,compaction_end,3,43367082
62.170,compaction_begin,3,0
62.325,compaction_end,3,42992649
62.334,compaction_begin,3,0
62.493,compaction_end,3,42992648
62.501,compaction_begin,3,0
62.664,compaction_end,3,42992653
62.673,compaction_begin,3,0
62.831,compaction_end,3,43367078
62.840,compaction_begin,3,0
62.998,compaction_end,3,42992650
63.006,compaction_begin,3,0
63.168,compaction_end,3,43367081
63.177,compaction_begin,3,0
63.337,compaction_end,3,42992651
63.346,compaction_begin,3,0
63.506,compaction_end,3,43367081
63.515,compaction_begin,3,0
64.230,compaction_end,3,42992648
64.239,compaction_begin,3,0
64.396,compaction_end,3,42992653
64.405,compaction_begin,3,0
64.566,compaction_end,3,42992653
64.575,compaction_begin,3,0
64.735,compaction_end,3,42992649
64.743,compaction_begin,3,0
65.429,compaction_end,3,42992654
65.440,compaction_begin,3,0
65.598,compaction_end,3,42992648
65.607,compaction_begin,3,0
65.728,compaction_end,3,32415986
65.737,compaction_begin,3,0
65.894,compaction_end,3,42992648
65.903,compaction_begin,3,0
66.062,compaction_end,3,42992650
66.071,compaction_begin,3,0
66.231,compaction_end,3,42992649
66.240,compaction_begin,3,0
66.799,flush_begin,0,0
66.809,flush_end,0,2744958
66.983,compaction_end,3,42992647
66.992,compaction_begin,2,0
67.289,compaction_end,2,3870780
67.302,compaction_begin,3,0
67.482,compaction_end,3,43281145
67.491,compaction_begin,3,0
67.644,compaction_end,3,42992649
67.653,compaction_begin,3,0
67.809,compaction_end,3,43367082
67.818,compaction_begin,3,0
67.977,compaction_end,3,42992654
67.986,compaction_begin,3,0
68.145,compaction_end,3,43367081
68.154,compaction_begin,3,0
68.337,compaction_end,3,42992651
68.346,compaction_begin,3,0
68.504,compaction_end,3,42992654
68.513,compaction_begin,3,0
68.683,compaction_end,3,43367078
68.691,compaction_begin,3,0
68.848,compaction_end,3,42992648
68.857,compaction_begin,3,0
69.017,compaction_end,3,43367081
69.026,compaction_begin,3,0
69.185,compaction_end,3,42992653
69.194,compaction_begin,3,0
69.351,compaction_end,3,42992648
69.360,compaction_begin,3,0
69.518,compaction_end,3,42618170
69.526,compaction_begin,3,0
69.684,compaction_end,3,42992649
69.693,compaction_begin,3,0
69.850,compaction_end,3,42992648
69.858,compaction_begin,3,0
70.014,compaction_end,3,42992648
70.023,compaction_begin,3,0
70.752,compaction_end,3,42992651
70.761,compaction_begin,3,0
70.920,compaction_end,3,42992653
70.930,compaction_begin,3,0
71.090,compaction_end,3,42992650
71.098,compaction_begin,3,0
71.800,compaction_end,3,42992648
71.809,compaction_begin,3,0
72.245,flush_begin,0,0
72.256,flush_end,0,2744657
72.547,compaction_end,3,42992647
72.556,compaction_begin,2,0
72.847,compaction_end,2,3952829
72.858,compaction_begin,3,0
73.018,compaction_end,3,43281145
73.027,compaction_begin,3,0
73.181,compaction_end,3,43367082
73.192,compaction_begin,3,0
73.348,compaction_end,3,42992649
73.357,compaction_begin,3,0
73.517,compaction_end,3,42992653
73.526,compaction_begin,3,0
73.686,compaction_end,3,43367081
73.695,compaction_begin,3,0
73.861,compaction_end,3,42992648
73.870,compaction_begin,3,0
74.602,compaction_end,3,42992648
74.611,compaction_begin,3,0
74.770,compaction_end,3,43367078
74.779,compaction_begin,3,0
74.936,compaction_end,3,42992649
74.946,compaction_begin,3,0
75.106,compaction_end,3,42992651
75.114,compaction_begin,3,0
75.274,compaction_end,3,42992648
75.285,compaction_begin,3,0
75.441,compaction_end,3,42992648
75.450,compaction_begin,3,0
75.607,compaction_end,3,42992647
75.616,compaction_begin,3,0
75.775,compaction_end,3,42992648
75.785,compaction_begin,3,0
75.942,compaction_end,3,42992653
75.951,compaction_begin,3,0
76.716,compaction_end,3,43367081
76.724,compaction_begin,3,0
77.437,compaction_end,3,43367082
77.445,compaction_begin,3,0
77.603,compaction_end,3,43367081
77.612,compaction_begin,3,0
77.684,flush_begin,0,0
77.694,flush_end,0,2744771
77.790,compaction_end,3,42992650
77.798,compaction_begin,2,0
78.103,compaction_end,2,4048260
78.117,compaction_begin,3,0
78.294,compaction_end,3,43281145
78.303,compaction_begin,3,0
78.457,compaction_end,3,42992649
78.467,compaction_begin,3,0
78.626,compaction_end,3,43367082
78.635,compaction_begin,3,0
78.795,compaction_end,3,43367081
78.804,compaction_begin,3,0
78.961,compaction_end,3,43367078
78.970,compaction_begin,3,0
79.130,compaction_end,3,42992651
79.138,compaction_begin,3,0
79.484,compaction_end,3,42992648
79.494,compaction_begin,3,0
79.653,compaction_end,3,42992649
79.662,compaction_begin,3,0
79.820,compaction_end,3,42618170
79.829,compaction_begin,3,0
79.987,compaction_end,3,42992650
79.997,compaction_begin,3,0
80.215,compaction_end,3,43367083
80.224,compaction_begin,3,0
80.437,compaction_end,3,43367081
80.446,compaction_begin,3,0
80.605,compaction_end,3,43367081
80.615,compaction_begin,3,0
80.772,compaction_end,3,42992648
80.781,compaction_begin,3,0
80.939,compaction_end,3,43367081
80.948,compaction_begin,3,0
81.106,compaction_end,3,42992647
81.116,compaction_begin,3,0
81.815,compaction_end,3,42992649
81.823,compaction_begin,3,0
82.536,compaction_end,3,42618171
82.546,compaction_begin,3,0
83.104,flush_begin,0,0
83.114,flush_end,0,2744852
83.262,compaction_end,3,42992650
83.271,compaction_begin,2,0
83.571,compaction_end,2,4190695
83.584,compaction_begin,3,0
83.755,compaction_end,3,43281145
83.764,compaction_begin,3,0
83.919,compaction_end,3,43367082
83.928,compaction_begin,3,0
84.085,compaction_end,3,42992649
84.095,compaction_begin,3,0
84.256,compaction_end,3,43367078
84.264,compaction_begin,3,0
84.437,compaction_end,3,43367081
84.446,compaction_begin,3,0
84.606,compaction_end,3,42992648
84.615,compaction_begin,3,0
85.329,compaction_end,3,42992654
85.338,compaction_begin,3,0
85.498,compaction_end,3,42992649
85.508,compaction_begin,3,0
85.668,compaction_end,3,43367081
85.676,compaction_begin,3,0
85.835,compaction_end,3,43367081
85.844,compaction_begin,3,0
86.003,compaction_end,3,42992648
86.012,compaction_begin,3,0
86.170,compaction_end,3,42992651
86.179,compaction_begin,3,0
86.877,compaction_end,3,42992648
86.886,compaction_begin,3,0
87.049,compaction_end,3,42992648
87.058,compaction_begin,3,0
87.218,compaction_end,3,42992647
87.226,compaction_begin,3,0
87.941,compaction_end,3,42992648
87.951,compaction_begin,3,0
88.112,compaction_end,3,42992648
88.121,compaction_begin,3,0
88.517,flush_begin,0,0
88.528,flush_end,0,2744513
88.760,compaction_end,3,42618175
88.769,compaction_begin,2,0
89.073,compaction_end,2,4179880
89.087,compaction_begin,3,0
89.265,compaction_end,3,43281145
89.275,compaction_begin,3,0
89.429,compaction_end,3,43367082
89.439,compaction_begin,3,0
89.594,compaction_end,3,42992649
89.603,compaction_begin,3,0
89.760,compaction_end,3,43367078
89.770,compaction_begin,3,0
89.927,compaction_end,3,43367081
89.936,compaction_begin,3,0
90.093,compaction_end,3,42992650
90.102,compaction_begin,3,0
90.262,compaction_end,3,42992648
90.272,compaction_begin,3,0
90.433,compaction_end,3,43367081
90.441,compaction_begin,3,0
90.600,compaction_end,3,42992654
90.610,compaction_begin,3,0
90.768,compaction_end,3,42992648
90.777,compaction_begin,3,0
90.937,compaction_end,3,42992648
90.945,compaction_begin,3,0
91.105,compaction_end,3,42992649
91.114,compaction_begin,3,0
91.276,compaction_end,3,43367081
91.286,compaction_begin,3,0
91.445,compaction_end,3,42992648
91.454,compaction_begin,3,0
91.612,compaction_end,3,42618175
91.622,compaction_begin,3,0
91.781,compaction_end,3,42992648
91.791,compaction_begin,3,0
92.486,compaction_end,3,42243694
92.496,compaction_begin,3,0
93.217,compaction_end,3,42992648
93.227,compaction_begin,3,0
93.454,compaction_end,3,43367083
93.463,compaction_begin,3,0
93.627,compaction_end,3,42992650
93.638,compaction_begin,3,0
93.998,flush_begin,0,0
94.008,flush_end,0,2744506
94.372,compaction_end,3,42992649
94.380,compaction_begin,2,0
94.693,compaction_end,2,4254103
94.709,compaction_begin,3,0
94.895,compaction_end,3,43281145
94.905,compaction_begin,3,0
95.063,compaction_end,3,42992649
95.072,compaction_begin,3,0
95.227,compaction_end,3,43367082
95.237,compaction_begin,3,0
95.401,compaction_end,3,43367081
95.410,compaction_begin,3,0
95.568,compaction_end,3,43367078
95.578,compaction_begin,3,0
95.737,compaction_end,3,42992648
95.746,compaction_begin,3,0
95.903,compaction_end,3,42992648
95.912,compaction_begin,3,0
96.072,compaction_end,3,43367081
96.081,compaction_begin,3,0
96.790,compaction_end,3,42618173
96.799,compaction_begin,3,0
96.957,compaction_end,3,42992649
96.966,compaction_begin,3,0
97.122,compaction_end,3,42992649
97.131,compaction_begin,3,0
97.291,compaction_end,3,42992648
97.301,compaction_begin,3,0
97.456,compaction_end,3,42992648
97.466,compaction_begin,3,0
97.627,compaction_end,3,43367083
97.637,compaction_begin,3,0
97.795,compaction_end,3,42992648
97.804,compaction_begin,3,0
98.008,compaction_end,3,42992651
98.018,compaction_begin,3,0
98.755,compaction_end,3,42992649
98.765,compaction_begin,3,0
98.921,compaction_end,3,42992650
98.930,compaction_begin,3,0
99.084,compaction_end,3,42618175
99.093,compaction_begin,3,0
99.474,flush_begin,0,0
99.484,flush_end,0,2744577
99.836,compaction_end,3,42992650
99.844,compaction_begin,2,0
100.150,compaction_end,2,4360377
100.164,compaction_begin,3,0
100.343,compaction_end,3,43281145
100.353,compaction_begin,3,0
100.506,compaction_end,3,43367082
100.516,compaction_begin,3,0
100.671,compaction_end,3,42992649
100.680,compaction_begin,3,0
100.836,compaction_end,3,42618175
100.846,compaction_begin,3,0
101.003,compaction_end,3,42992648
101.012,compaction_begin,3,0
101.171,compaction_end,3,43367081
101.181,compaction_begin,3,0
101.339,compaction_end,3,43367081
101.349,compaction_begin,3,0
101.503,compaction_end,3,42243694
101.513,compaction_begin,3,0
101.671,compaction_end,3,42992648
101.681,compaction_begin,3,0
101.837,compaction_end,3,42992648
101.846,compaction_begin,3,0
102.001,compaction_end,3,43367078
102.011,compaction_begin,3,0
102.341,compaction_end,3,42992648
102.350,compaction_begin,3,0
103.073,compaction_end,3,42992652
103.082,compaction_begin,3,0
103.243,compaction_end,3,43367083
103.252,compaction_begin,3,0
103.958,compaction_end,3,42992649
103.966,compaction_begin,3,0
104.701,compaction_end,3,42992649
104.709,compaction_begin,3,0
104.921,flush_begin,0,0
104.931,flush_end,0,2744604
105.450,compaction_end,3,42992655
105.459,compaction_begin,2,0
105.756,compaction_end,2,4397554
105.770,compaction_begin,3,0
105.950,compaction_end,3,43281145
105.959,compaction_begin,3,0
106.115,compaction_end,3,42992649
106.125,compaction_begin,3,0
106.281,compaction_end,3,43367082
106.291,compaction_begin,3,0
106.457,compaction_end,3,43367078
106.466,compaction_begin,3,0
106.652,compaction_end,3,42992650
106.661,compaction_begin,3,0
106.819,compaction_end,3,42992648
106.828,compaction_begin,3,0
107.540,compaction_end,3,43367081
107.548,compaction_begin,3,0
108.270,compaction_end,3,43367081
108.279,compaction_begin,3,0
108.440,compaction_end,3,43367081
108.449,compaction_begin,3,0
108.607,compaction_end,3,42992648
108.617,compaction_begin,3,0
108.773,compaction_end,3,42992648
108.783,compaction_begin,3,0
108.940,compaction_end,3,42992655
108.950,compaction_begin,3,0
109.110,compaction_end,3,42992652
109.119,compaction_begin,3,0
109.811,compaction_end,3,42992649
109.820,compaction_begin,3,0
109.977,compaction_end,3,42992650
109.987,compaction_begin,3,0
110.149,compaction_end,3,43367081
110.158,compaction_begin,3,0
110.315,compaction_end,3,42618175
110.325,compaction_begin,3,0
110.337,flush_begin,0,0
110.348,flush_end,0,2744892
110.594,compaction_end,3,42992648
110.602,compaction_begin,2,0
110.900,compaction_end,2,4447705
110.913,compaction_begin,3,0
111.092,compaction_end,3,43281145
111.102,compaction_begin,3,0
111.256,compaction_end,3,43367082
111.265,compaction_begin,3,0
111.417,compaction_end,3,42992649
111.427,compaction_begin,3,0
111.585,compaction_end,3,43367081
111.594,compaction_begin,3,0
111.755,compaction_end,3,43367078
111.765,compaction_begin,3,0
112.490,compaction_end,3,42992648
112.499,compaction_begin,3,0
112.658,compaction_end,3,42992650
112.667,compaction_begin,3,0
112.828,compaction_end,3,43367081
112.838,compaction_begin,3,0
113.121,compaction_end,3,42992651
113.131,compaction_begin,3,0
113.313,compaction_end,3,43367083
113.322,compaction_begin,3,0
113.487,compaction_end,3,42992648
113.496,compaction_begin,3,0
113.654,compaction_end,3,42618175
113.664,compaction_begin,3,0
113.823,compaction_end,3,42992649
113.832,compaction_begin,3,0
113.989,compaction_end,3,42992648
113.998,compaction_begin,3,0
114.157,compaction_end,3,42992655
114.166,compaction_begin,3,0
114.325,compaction_end,3,42992648
114.334,compaction_begin,3,0
114.549,compaction_end,3,43367078
114.558,compaction_begin,3,0
115.251,compaction_end,3,42618173
115.260,compaction_begin,3,0
115.419,compaction_end,3,43367081
115.428,compaction_begin,3,0
115.587,compaction_end,3,42992649
115.597,compaction_begin,3,0
115.755,compaction_end,3,42992648
115.765,compaction_begin,3,0
115.766,flush_begin,0,0
115.777,flush_end,0,2744360
115.943,compaction_end,3,42992648
115.952,compaction_begin,2,0
116.278,compaction_end,2,4422365
116.294,compaction_begin,3,0
116.487,compaction_end,3,43281145
116.496,compaction_begin,3,0
116.665,compaction_end,3,43367078
116.674,compaction_begin,3,0
116.828,compaction_end,3,42992649
116.837,compaction_begin,3,0
116.999,compaction_end,3,43367082
117.008,compaction_begin,3,0
117.172,compaction_end,3,42992648
117.181,compaction_begin,3,0
117.342,compaction_end,3,43367081
117.351,compaction_begin,3,0
117.512,compaction_end,3,43367081
117.521,compaction_begin,3,0
118.232,compaction_end,3,42992649
118.240,compaction_begin,3,0
118.400,compaction_end,3,42992651
118.410,compaction_begin,3,0
118.568,compaction_end,3,42992648
118.578,compaction_begin,3,0
118.739,compaction_end,3,43367083
118.748,compaction_begin,3,0
118.906,compaction_end,3,42618173
118.915,compaction_begin,3,0
119.073,compaction_end,3,42992649
119.082,compaction_begin,3,0
119.241,compaction_end,3,42992648
119.251,compaction_begin,3,0
119.413,compaction_end,3,42992650
119.422,compaction_begin,3,0
119.582,compaction_end,3,42992649
119.591,compaction_begin,3,0
120.305,compaction_end,3,43367078
120.314,compaction_begin,3,0
120.473,compaction_end,3,42992648
120.482,compaction_begin,3,0
120.640,compaction_end,3,42992648
120.649,compaction_begin,3,0
121.258,flush_begin,0,0
121.268,flush_end,0,2744372
121.364,compaction_end,3,42992647
121.373,compaction_begin,2,0
121.678,compaction_end,2,4479256
121.692,compaction_begin,3,0
121.874,compaction_end,3,43281145
121.883,compaction_begin,3,0
122.039,compaction_end,3,43367079
122.049,compaction_begin,3,0
122.209,compaction_end,3,43367082
122.218,compaction_begin,3,0
122.428,compaction_end,3,42992650
122.437,compaction_begin,3,0
122.647,compaction_end,3,42618175
122.656,compaction_begin,3,0
122.815,compaction_end,3,43367081
122.824,compaction_begin,3,0
122.983,compaction_end,3,42992653
122.991,compaction_begin,3,0
123.147,compaction_end,3,42992652
123.157,compaction_begin,3,0
123.319,compaction_end,3,43367083
123.328,compaction_begin,3,0
123.491,compaction_end,3,43367081
123.500,compaction_begin,3,0
123.696,compaction_end,3,43367078
123.705,compaction_begin,3,0
123.863,compaction_end,3,42992647
123.871,compaction_begin,3,0
124.029,compaction_end,3,42618173
124.039,compaction_begin,3,0
124.198,compaction_end,3,42992652
124.207,compaction_begin,3,0
124.921,compaction_end,3,42992655
124.930,compaction_begin,3,0
125.639,compaction_end,3,41955152
125.648,compaction_begin,3,0
125.807,compaction_end,3,42992652
125.815,compaction_begin,3,0
125.974,compaction_end,3,42992653
125.984,compaction_begin,3,0
126.697,compaction_end,3,43367080
126.706,compaction_begin,3,0
126.725,flush_begin,0,0
126.735,flush_end,0,2744804
126.947,compaction_end,3,42992652
126.958,compaction_begin,2,0
127.274,compaction_end,2,4536544
127.290,compaction_begin,3,0
127.486,compaction_end,3,43281145
127.495,compaction_begin,3,0
127.651,compaction_end,3,43367079
127.660,compaction_begin,3,0
127.812,compaction_end,3,42992650
127.822,compaction_begin,3,0
127.982,compaction_end,3,43367082
127.991,compaction_begin,3,0
128.152,compaction_end,3,43367081
128.161,compaction_begin,3,0
128.326,compaction_end,3,42992649
128.335,compaction_begin,3,0
128.499,compaction_end,3,42992649
128.509,compaction_begin,3,0
128.666,compaction_end,3,42618173
128.675,compaction_begin,3,0
128.835,compaction_end,3,42992652
128.844,compaction_begin,3,0
129.010,compaction_end,3,42992647
129.019,compaction_begin,3,0
129.750,compaction_end,3,42992651
129.759,compaction_begin,3,0
129.917,compaction_end,3,42992649
129.926,compaction_begin,3,0
130.090,compaction_end,3,43367079
130.099,compaction_begin,3,0
130.260,compaction_end,3,43367081
130.269,compaction_begin,3,0
130.427,compaction_end,3,42618173
130.436,compaction_begin,3,0
131.139,compaction_end,3,42992654
131.148,compaction_begin,3,0
131.307,compaction_end,3,42992649
131.316,compaction_begin,3,0
131.552,compaction_end,3,44404455
131.560,compaction_begin,3,0
131.718,compaction_end,3,43367078
131.728,compaction_begin,3,0
131.885,compaction_end,3,43367078
131.893,compaction_begin,3,0
132.178,flush_begin,0,0
132.188,flush_end,0,2744239
132.649,compaction_end,3,42992649
132.658,compaction_begin,2,0
132.966,compaction_end,2,4536169
132.979,compaction_begin,3,0
133.154,compaction_end,3,43281145
133.163,compaction_begin,3,0
133.321,compaction_end,3,43367079
133.330,compaction_begin,3,0
133.487,compaction_end,3,42992650
133.497,compaction_begin,3,0
133.656,compaction_end,3,43367082
133.665,compaction_begin,3,0
133.824,compaction_end,3,43367081
133.833,compaction_begin,3,0
133.990,compaction_end,3,42618175
133.999,compaction_begin,3,0
134.159,compaction_end,3,42618173
134.168,compaction_begin,3,0
134.326,compaction_end,3,42618173
134.335,compaction_begin,3,0
134.495,compaction_end,3,43367078
134.504,compaction_begin,3,0
134.664,compaction_end,3,42992649
134.673,compaction_begin,3,0
134.832,compaction_end,3,43367079
134.841,compaction_begin,3,0
135.001,compaction_end,3,43367078
135.010,compaction_begin,3,0
135.168,compaction_end,3,43367080
135.177,compaction_begin,3,0
135.903,compaction_end,3,45917434
135.912,compaction_begin,3,0
136.071,compaction_end,3,42992649
136.080,compaction_begin,3,0
136.240,compaction_end,3,42992654
136.249,compaction_begin,3,0
136.985,compaction_end,3,42618171
136.994,compaction_begin,3,0
137.205,compaction_end,3,42992649
137.214,compaction_begin,3,0
137.594,flush_begin,0,0
137.611,flush_end,0,2744767
137.942,compaction_end,3,42992654
137.952,compaction_begin,2,0
138.263,compaction_end,2,4659327
138.276,compaction_begin,3,0
138.460,compaction_end,3,43281145
138.469,compaction_begin,3,0
138.627,compaction_end,3,43367079
138.637,compaction_begin,3,0
138.795,compaction_end,3,42992650
138.804,compaction_begin,3,0
138.964,compaction_end,3,43367082
138.973,compaction_begin,3,0
139.131,compaction_end,3,42618175
139.140,compaction_begin,3,0
139.302,compaction_end,3,43367079
139.311,compaction_begin,3,0
139.473,compaction_end,3,43367081
139.482,compaction_begin,3,0
139.642,compaction_end,3,42992649
139.651,compaction_begin,3,0
139.812,compaction_end,3,43367080
139.821,compaction_begin,3,0
139.983,compaction_end,3,43367078
139.992,compaction_begin,3,0
140.702,compaction_end,3,43367081
140.711,compaction_begin,3,0
140.870,compaction_end,3,43367078
140.879,compaction_begin,3,0
141.038,compaction_end,3,43367081
141.047,compaction_begin,3,0
141.752,compaction_end,3,42992649
141.761,compaction_begin,3,0
141.920,compaction_end,3,42618171
141.930,compaction_begin,3,0
142.087,compaction_end,3,42618173
142.096,compaction_begin,3,0
142.255,compaction_end,3,42992649
142.264,compaction_begin,3,0
142.420,compaction_end,3,42618173
142.429,compaction_begin,3,0
142.587,compaction_end,3,42992649
142.596,compaction_begin,3,0
142.756,compaction_end,3,42992649
142.765,compaction_begin,3,0
142.925,compaction_end,3,42992649
142.935,compaction_begin,3,0
143.054,flush_begin,0,0
143.064,flush_end,0,2744593
143.659,compaction_end,3,42618173
143.668,compaction_begin,2,0
143.982,compaction_end,2,4664037
143.995,compaction_begin,3,0
144.174,compaction_end,3,43281145
144.183,compaction_begin,3,0
144.340,compaction_end,3,43367081
144.349,compaction_begin,3,0
144.505,compaction_end,3,42992650
144.514,compaction_begin,3,0
144.671,compaction_end,3,43367079
144.680,compaction_begin,3,0
144.839,compaction_end,3,43367082
144.849,compaction_begin,3,0
145.006,compaction_end,3,42618175
145.015,compaction_begin,3,0
145.173,compaction_end,3,43367081
145.183,compaction_begin,3,0
145.341,compaction_end,3,42618173
145.350,compaction_begin,3,0
145.507,compaction_end,3,42618171
145.516,compaction_begin,3,0
145.676,compaction_end,3,43367079
145.686,compaction_begin,3,0
145.844,compaction_end,3,42618173
145.854,compaction_begin,3,0
146.014,compaction_end,3,43367081
146.023,compaction_begin,3,0
146.186,compaction_end,3,43367078
146.195,compaction_begin,3,0
146.355,compaction_end,3,42992654
146.364,compaction_begin,3,0
146.524,compaction_end,3,42992649
146.533,compaction_begin,3,0
146.706,compaction_end,3,43367078
146.715,compaction_begin,3,0
147.447,compaction_end,3,43367078
147.456,compaction_begin,3,0
147.625,compaction_end,3,42992649
147.635,compaction_begin,3,0
147.911,compaction_end,3,43367080
147.920,compaction_begin,3,0
148.519,flush_begin,0,0
148.529,flush_end,0,2744758
148.678,compaction_end,3,42992649
148.687,compaction_begin,2,0
149.001,compaction_end,2,4706723
149.015,compaction_begin,3,0
149.212,compaction_end,3,43281145
149.221,compaction_begin,3,0
149.389,compaction_end,3,43367079
149.398,compaction_begin,3,0
149.567,compaction_end,3,43367081
149.576,compaction_begin,3,0
149.739,compaction_end,3,42992650
149.747,compaction_begin,3,0
149.915,compaction_end,3,43367079
149.925,compaction_begin,3,0
150.091,compaction_end,3,43367078
150.100,compaction_begin,3,0
150.267,compaction_end,3,42992649
150.277,compaction_begin,3,0
150.440,compaction_end,3,42618175
150.449,compaction_begin,3,0
150.613,compaction_end,3,42618173
150.621,compaction_begin,3,0
150.785,compaction_end,3,43367081
150.795,compaction_begin,3,0
150.962,compaction_end,3,43367078
150.971,compaction_begin,3,0
151.141,compaction_end,3,43367078
151.150,compaction_begin,3,0
151.316,compaction_end,3,42992649
151.325,compaction_begin,3,0
151.497,compaction_end,3,43367082
151.505,compaction_begin,3,0
151.673,compaction_end,3,43367081
151.683,compaction_begin,3,0
152.394,compaction_end,3,42992648
152.403,compaction_begin,3,0
152.568,compaction_end,3,42992649
152.577,compaction_begin,3,0
152.743,compaction_end,3,42618173
152.752,compaction_begin,3,0
153.455,compaction_end,3,42992650
153.464,compaction_begin,3,0
153.988,flush_begin,0,0
153.998,flush_end,0,2744291
154.198,compaction_end,3,42992655
154.207,compaction_begin,2,0
154.502,compaction_end,2,4714146
154.513,compaction_begin,3,0
154.682,compaction_end,3,43281145
154.691,compaction_begin,3,0
154.853,compaction_end,3,42992650
154.862,compaction_begin,3,0
155.029,compaction_end,3,43367081
155.038,compaction_begin,3,0
155.204,compaction_end,3,43367079
155.213,compaction_begin,3,0
155.384,compaction_end,3,43367082
155.393,compaction_begin,3,0
155.567,compaction_end,3,43367081
155.576,compaction_begin,3,0
155.735,compaction_end,3,43367081
155.744,compaction_begin,3,0
155.901,compaction_end,3,42618171
155.911,compaction_begin,3,0
156.070,compaction_end,3,43367078
156.079,compaction_begin,3,0
156.237,compaction_end,3,42618173
156.246,compaction_begin,3,0
156.405,compaction_end,3,42992650
156.414,compaction_begin,3,0
156.575,compaction_end,3,42992654
156.584,compaction_begin,3,0
156.744,compaction_end,3,42992648
156.753,compaction_begin,3,0
156.897,compaction_end,3,39030374
156.906,compaction_begin,3,0
157.064,compaction_end,3,42618175
157.073,compaction_begin,3,0
157.777,compaction_end,3,42992654
157.787,compaction_begin,3,0
158.476,compaction_end,3,42992649
158.485,compaction_begin,3,0
158.646,compaction_end,3,43367078
158.655,compaction_begin,3,0
159.370,compaction_end,3,43367080
159.379,compaction_begin,3,0
159.449,flush_begin,0,0
159.459,flush_end,0,2744732
160.103,compaction_end,3,43367081
160.112,compaction_begin,2,0
160.416,compaction_end,2,4703701
160.429,compaction_begin,3,0
160.609,compaction_end,3,43281145
160.618,compaction_begin,3,0
160.774,compaction_end,3,42992650
160.783,compaction_begin,3,0
160.940,compaction_end,3,43367079
160.949,compaction_begin,3,0
161.107,compaction_end,3,43367082
161.116,compaction_begin,3,0
161.275,compaction_end,3,43367081
161.284,compaction_begin,3,0
161.446,compaction_end,3,43367081
161.455,compaction_begin,3,0
161.614,compaction_end,3,42618173
161.623,compaction_begin,3,0
161.785,compaction_end,3,42992650
161.793,compaction_begin,3,0
161.951,compaction_end,3,42618175
161.960,compaction_begin,3,0
162.120,compaction_end,3,42992649
162.129,compaction_begin,3,0
162.288,compaction_end,3,42992648
162.297,compaction_begin,3,0
162.455,compaction_end,3,42992649
162.463,compaction_begin,3,0
163.173,compaction_end,3,42992648
163.182,compaction_begin,3,0
163.935,compaction_end,3,44642301
163.944,compaction_begin,3,0
164.109,compaction_end,3,43367081
164.119,compaction_begin,3,0
164.278,compaction_end,3,42618173
164.287,compaction_begin,3,0
164.883,flush_begin,0,0
164.897,flush_end,0,2744657
165.033,compaction_end,3,42992649
165.045,compaction_begin,2,0
165.433,compaction_end,2,4729389
165.455,compaction_begin,3,0
165.654,compaction_end,3,43281145
165.664,compaction_begin,3,0
165.827,compaction_end,3,43367079
165.837,compaction_begin,3,0
166.002,compaction_end,3,42992650
166.014,compaction_begin,3,0
166.757,compaction_end,3,42992649
166.768,compaction_begin,3,0
166.936,compaction_end,3,43367081
166.945,compaction_begin,3,0
167.121,compaction_end,3,43367082
167.131,compaction_begin,3,0
167.302,compaction_end,3,43367081
167.311,compaction_begin,3,0
167.487,compaction_end,3,42992649
167.501,compaction_begin,3,0
167.671,compaction_end,3,42618173
167.681,compaction_begin,3,0
167.851,compaction_end,3,42992648
167.862,compaction_begin,3,0
168.036,compaction_end,3,42992649
168.050,compaction_begin,3,0
168.225,compaction_end,3,42992648
168.235,compaction_begin,3,0
168.404,compaction_end,3,42992649
168.414,compaction_begin,3,0
168.587,compaction_end,3,42992654
168.599,compaction_begin,3,0
169.316,compaction_end,3,43367078
169.324,compaction_begin,3,0
169.497,compaction_end,3,43367081
169.507,compaction_begin,3,0
170.219,compaction_end,3,42992647
170.232,compaction_begin,3,0
170.333,flush_begin,0,0
170.345,flush_end,0,2744238
171.000,compaction_end,3,42992649
171.012,compaction_begin,2,0
171.357,compaction_end,2,4771690
171.377,compaction_begin,3,0
171.574,compaction_end,3,43281145
171.584,compaction_begin,3,0
171.753,compaction_end,3,43367079
171.766,compaction_begin,3,0
171.932,compaction_end,3,42992650
171.942,compaction_begin,3,0
172.120,compaction_end,3,43367082
172.132,compaction_begin,3,0
172.310,compaction_end,3,43367078
172.320,compaction_begin,3,0
172.496,compaction_end,3,43367081
172.505,compaction_begin,3,0
173.053,compaction_end,3,32415986
173.062,compaction_begin,3,0
173.233,compaction_end,3,42992654
173.243,compaction_begin,3,0
173.416,compaction_end,3,43367081
173.426,compaction_begin,3,0
173.596,compaction_end,3,42992649
173.607,compaction_begin,3,0
173.780,compaction_end,3,42992647
173.789,compaction_begin,3,0
173.961,compaction_end,3,42992654
173.970,compaction_begin,3,0
174.142,compaction_end,3,42618175
174.151,compaction_begin,3,0
174.317,compaction_end,3,42992648
174.331,compaction_begin,3,0
174.502,compaction_end,3,42618173
174.514,compaction_begin,3,0
174.687,compaction_end,3,42992649
174.696,compaction_begin,3,0
174.866,compaction_end,3,43367078
174.876,compaction_begin,3,0
175.045,compaction_end,3,42992649
175.055,compaction_begin,3,0
175.228,compaction_end,3,42992648
175.237,compaction_begin,3,0
175.413,compaction_end,3,42992649
175.427,compaction_begin,3,0
175.745,flush_begin,0,0
175.763,flush_end,0,2744435
176.183,compaction_end,3,43367081
176.192,compaction_begin,2,0
176.531,compaction_end,2,4755014
176.547,compaction_begin,3,0
176.747,compaction_end,3,43281145
176.756,compaction_begin,3,0
176.916,compaction_end,3,42992650
176.926,compaction_begin,3,0
177.093,compaction_end,3,43367079
177.102,compaction_begin,3,0
177.268,compaction_end,3,42618173
177.277,compaction_begin,3,0
177.437,compaction_end,3,43367078
177.446,compaction_begin,3,0
177.605,compaction_end,3,42992649
177.615,compaction_begin,3,0
177.777,compaction_end,3,43367078
177.786,compaction_begin,3,0
177.947,compaction_end,3,43367081
177.957,compaction_begin,3,0
178.132,compaction_end,3,42992649
178.142,compaction_begin,3,0
178.302,compaction_end,3,43367081
178.312,compaction_begin,3,0
178.473,compaction_end,3,42992654
178.483,compaction_begin,3,0
178.644,compaction_end,3,43367081
178.654,compaction_begin,3,0
178.818,compaction_end,3,43367082
178.827,compaction_begin,3,0
179.068,compaction_end,3,42618175
179.080,compaction_begin,3,0
179.210,compaction_end,3,32415986
179.222,compaction_begin,3,0
179.396,compaction_end,3,42992648
179.407,compaction_begin,3,0
179.573,compaction_end,3,42992648
179.584,compaction_begin,3,0
180.326,compaction_end,3,42992649
180.338,compaction_begin,3,0
180.500,compaction_end,3,42992649
180.510,compaction_begin,3,0
181.169,flush_begin,0,0
181.179,flush_end,0,2744345
181.259,compaction_end,3,43367078
181.269,compaction_begin,2,0
181.652,compaction_end,2,4937202
181.676,compaction_begin,3,0
181.885,compaction_end,3,43281145
181.895,compaction_begin,3,0
182.054,compaction_end,3,43367079
182.064,compaction_begin,3,0
182.235,compaction_end,3,42618175
182.248,compaction_begin,3,0
182.414,compaction_end,3,42992650
182.424,compaction_begin,3,0
182.581,compaction_end,3,43367082
182.591,compaction_begin,3,0
182.751,compaction_end,3,43367081
182.760,compaction_begin,3,0
182.926,compaction_end,3,42992654
182.936,compaction_begin,3,0
183.660,compaction_end,3,42618173
183.670,compaction_begin,3,0
183.828,compaction_end,3,42992647
183.840,compaction_begin,3,0
184.009,compaction_end,3,42992649
184.018,compaction_begin,3,0
184.140,compaction_end,3,32415986
184.150,compaction_begin,3,0
184.308,compaction_end,3,42992648
184.318,compaction_begin,3,0
184.476,compaction_end,3,42992648
184.486,compaction_begin,3,0
184.643,compaction_end,3,42992649
184.653,compaction_begin,3,0
184.814,compaction_end,3,43367078
184.823,compaction_begin,3,0
185.537,compaction_end,3,42992649
185.548,compaction_begin,3,0
185.712,compaction_end,3,43367081
185.723,compaction_begin,3,0
185.897,compaction_end,3,42992649
185.907,compaction_begin,3,0
186.065,compaction_end,3,42992654
186.074,compaction_begin,3,0
186.235,compaction_end,3,42992649
186.244,compaction_begin,3,0
186.405,compaction_end,3,43367078
186.416,compaction_begin,3,0
186.578,compaction_end,3,43367081
186.588,compaction_begin,3,0
186.641,flush_begin,0,0
186.652,flush_end,0,2744612
186.773,compaction_end,3,42618173
186.783,compaction_begin,2,0
187.134,compaction_end,2,5028540
187.151,compaction_begin,3,0
187.348,compaction_end,3,43281145
187.357,compaction_begin,3,0
187.525,compaction_end,3,43367079
187.535,compaction_begin,3,0
187.692,compaction_end,3,42992650
187.702,compaction_begin,3,0
187.862,compaction_end,3,42618173
187.872,compaction_begin,3,0
188.030,compaction_end,3,43367082
188.040,compaction_begin,3,0
188.201,compaction_end,3,43367081
188.210,compaction_begin,3,0
188.366,compaction_end,3,42618173
188.376,compaction_begin,3,0
189.087,compaction_end,3,43367081
189.097,compaction_begin,3,0
189.254,compaction_end,3,42992649
189.263,compaction_begin,3,0
189.421,compaction_end,3,43367078
189.431,compaction_begin,3,0
189.588,compaction_end,3,42992649
189.597,compaction_begin,3,0
189.718,compaction_end,3,32415986
189.728,compaction_begin,3,0
189.887,compaction_end,3,43367078
189.897,compaction_begin,3,0
190.064,compaction_end,3,42992654
190.074,compaction_begin,3,0
190.235,compaction_end,3,42992649
190.249,compaction_begin,3,0
190.408,compaction_end,3,42992647
190.416,compaction_begin,3,0
190.576,compaction_end,3,43367081
190.586,compaction_begin,3,0
190.748,compaction_end,3,42618173
190.757,compaction_begin,3,0
190.915,compaction_end,3,42618175
190.924,compaction_begin,3,0
191.628,compaction_end,3,42992650
191.637,compaction_begin,3,0
191.794,compaction_end,3,42992648
191.803,compaction_begin,3,0
192.134,flush_begin,0,0
192.144,flush_end,0,2744309
192.498,compaction_end,3,43367082
192.508,compaction_begin,2,0
192.842,compaction_end,2,5021011
192.858,compaction_begin,3,0
193.049,compaction_end,3,43281145
193.058,compaction_begin,3,0
193.214,compaction_end,3,42992650
193.224,compaction_begin,3,0
193.381,compaction_end,3,43367079
193.390,compaction_begin,3,0
193.549,compaction_end,3,43367082
193.560,compaction_begin,3,0
193.720,compaction_end,3,43367081
193.730,compaction_begin,3,0
193.892,compaction_end,3,42992647
193.902,compaction_begin,3,0
194.062,compaction_end,3,43367081
194.072,compaction_begin,3,0
194.237,compaction_end,3,42992649
194.247,compaction_begin,3,0
194.409,compaction_end,3,43367078
194.420,compaction_begin,3,0
194.581,compaction_end,3,42618175
194.591,compaction_begin,3,0
194.769,compaction_end,3,42992650
194.778,compaction_begin,3,0
194.938,compaction_end,3,43367081
194.947,compaction_begin,3,0
195.110,compaction_end,3,42618173
195.120,compaction_begin,3,0
195.290,compaction_end,3,43367078
195.299,compaction_begin,3,0
195.457,compaction_end,3,42992654
195.466,compaction_begin,3,0
196.206,compaction_end,3,42992648
196.218,compaction_begin,3,0
196.955,compaction_end,3,42992648
196.964,compaction_begin,3,0
197.128,compaction_end,3,42992649
197.137,compaction_begin,3,0
197.580,flush_begin,0,0
197.590,flush_end,0,2744539
197.894,compaction_end,3,44267906
197.904,compaction_begin,2,0
198.219,compaction_end,2,4981634
198.234,compaction_begin,3,0
198.424,compaction_end,3,43281145
198.433,compaction_begin,3,0
198.590,compaction_end,3,43367079
198.599,compaction_begin,3,0
198.756,compaction_end,3,42992650
198.766,compaction_begin,3,0
198.926,compaction_end,3,43367082
198.935,compaction_begin,3,0
199.092,compaction_end,3,42992649
199.102,compaction_begin,3,0
199.262,compaction_end,3,43367081
199.272,compaction_begin,3,0
199.431,compaction_end,3,43367078
199.440,compaction_begin,3,0
199.597,compaction_end,3,42992648
199.606,compaction_begin,3,0
199.725,compaction_end,3,32415986
199.735,compaction_begin,3,0
199.894,compaction_end,3,43367078
199.904,compaction_begin,3,0
200.062,compaction_end,3,42618175
200.072,compaction_begin,3,0
200.234,compaction_end,3,42992649
200.244,compaction_begin,3,0
200.402,compaction_end,3,42618173
200.411,compaction_begin,3,0
200.571,compaction_end,3,42618173
200.581,compaction_begin,3,0
200.742,compaction_end,3,43367082
200.752,compaction_begin,3,0
200.912,compaction_end,3,43367078
200.921,compaction_begin,3,0
201.083,compaction_end,3,43367081
201.092,compaction_begin,3,0
201.799,compaction_end,3,43367079
201.807,compaction_begin,3,0
201.966,compaction_end,3,42992647
201.976,compaction_begin,3,0
202.144,compaction_end,3,43893495
202.153,compaction_begin,3,0
202.869,compaction_end,3,43367083
202.880,compaction_begin,3,0
203.047,compaction_end,3,42992648
203.059,flush_begin,0,0
203.070,flush_end,0,2744134
203.079,compaction_begin,2,0
203.405,compaction_end,2,4967894
203.419,compaction_begin,3,0
203.606,compaction_end,3,43281145
203.615,compaction_begin,3,0
203.773,compaction_end,3,42992650
203.783,compaction_begin,3,0
203.942,compaction_end,3,43367081
203.951,compaction_begin,3,0
204.109,compaction_end,3,43367082
204.120,compaction_begin,3,0
204.279,compaction_end,3,43367079
204.288,compaction_begin,3,0
204.450,compaction_end,3,42992648
204.459,compaction_begin,3,0
204.729,compaction_end,3,42992649
204.738,compaction_begin,3,0
204.872,compaction_end,3,32415986
204.881,compaction_begin,3,0
205.041,compaction_end,3,43367081
205.050,compaction_begin,3,0
205.210,compaction_end,3,43367081
205.219,compaction_begin,3,0
205.379,compaction_end,3,42992649
205.388,compaction_begin,3,0
206.097,compaction_end,3,42992648
206.106,compaction_begin,3,0
206.272,compaction_end,3,42618173
206.281,compaction_begin,3,0
206.439,compaction_end,3,43367079
206.448,compaction_begin,3,0
206.606,compaction_end,3,42618173
206.615,compaction_begin,3,0
206.777,compaction_end,3,43367077
206.787,compaction_begin,3,0
206.947,compaction_end,3,43367078
206.957,compaction_begin,3,0
207.690,compaction_end,3,42992648
207.700,compaction_begin,3,0
207.863,compaction_end,3,43367078
207.872,compaction_begin,3,0
208.031,compaction_end,3,42618175
208.040,compaction_begin,3,0
208.205,compaction_end,3,43367082
208.214,compaction_begin,3,0
208.372,compaction_end,3,43367083
208.381,compaction_begin,3,0
208.503,flush_begin,0,0
208.514,flush_end,0,2744735
208.559,compaction_end,3,42992649
208.568,compaction_begin,2,0
208.898,compaction_end,2,5036917
208.917,compaction_begin,3,0
209.109,compaction_end,3,43281145
209.119,compaction_begin,3,0
209.276,compaction_end,3,43367079
209.285,compaction_begin,3,0
209.440,compaction_end,3,42992650
209.449,compaction_begin,3,0
209.608,compaction_end,3,42992647
209.617,compaction_begin,3,0
209.778,compaction_end,3,43367082
209.787,compaction_begin,3,0
209.948,compaction_end,3,42992649
209.958,compaction_begin,3,0
210.121,compaction_end,3,43367079
210.131,compaction_begin,3,0
210.290,compaction_end,3,42618173
210.299,compaction_begin,3,0
210.457,compaction_end,3,42992649
210.467,compaction_begin,3,0
210.626,compaction_end,3,42992650
210.636,compaction_begin,3,0
210.795,compaction_end,3,42992648
210.805,compaction_begin,3,0
210.970,compaction_end,3,43367082
210.979,compaction_begin,3,0
211.139,compaction_end,3,43367081
211.150,compaction_begin,3,0
211.274,compaction_end,3,32415986
211.283,compaction_begin,3,0
211.442,compaction_end,3,42992649
211.451,compaction_begin,3,0
212.158,compaction_end,3,42992649
212.168,compaction_begin,3,0
212.328,compaction_end,3,43367078
212.337,compaction_begin,3,0
212.495,compaction_end,3,42618173
212.505,compaction_begin,3,0
212.664,compaction_end,3,43367078
212.674,compaction_begin,3,0
213.381,compaction_end,3,42992649
213.390,compaction_begin,3,0
213.551,compaction_end,3,43367078
213.562,compaction_begin,3,0
213.943,flush_begin,0,0
213.953,flush_end,0,2744520
214.276,compaction_end,3,42618171
214.286,compaction_begin,2,0
214.638,compaction_end,2,5015819
214.659,compaction_begin,3,0
214.863,compaction_end,3,43281145
214.872,compaction_begin,3,0
215.030,compaction_end,3,43367079
215.039,compaction_begin,3,0
215.198,compaction_end,3,42992650
215.207,compaction_begin,3,0
215.367,compaction_end,3,43367082
215.376,compaction_begin,3,0
215.542,compaction_end,3,43367079
215.554,compaction_begin,3,0
215.718,compaction_end,3,43367082
215.728,compaction_begin,3,0
215.886,compaction_end,3,43367081
215.895,compaction_begin,3,0
216.063,compaction_end,3,43367081
216.072,compaction_begin,3,0
216.232,compaction_end,3,42618173
216.240,compaction_begin,3,0
216.399,compaction_end,3,42618175
216.409,compaction_begin,3,0
216.569,compaction_end,3,42992649
216.578,compaction_begin,3,0
216.738,compaction_end,3,42618173
216.748,compaction_begin,3,0
216.906,compaction_end,3,42992649
216.917,compaction_begin,3,0
217.075,compaction_end,3,42992647
217.087,compaction_begin,3,0
217.247,compaction_end,3,43367078
217.256,compaction_begin,3,0
217.421,compaction_end,3,43367078
217.430,compaction_begin,3,0
218.152,compaction_end,3,43519108
218.161,compaction_begin,3,0
218.320,compaction_end,3,42992648
218.329,compaction_begin,3,0
218.491,compaction_end,3,42992649
218.500,compaction_begin,3,0
218.659,compaction_end,3,43367081
218.670,compaction_begin,3,0
218.827,compaction_end,3,42992649
218.837,compaction_begin,3,0
219.354,flush_begin,0,0
219.364,flush_end,0,2744448
219.567,compaction_end,3,42992651
219.576,compaction_begin,2,0
219.914,compaction_end,2,4956326
219.934,compaction_begin,3,0
220.137,compaction_end,3,43281145
220.148,compaction_begin,3,0
220.307,compaction_end,3,42992650
220.316,compaction_begin,3,0
220.476,compaction_end,3,43367082
220.485,compaction_begin,3,0
220.645,compaction_end,3,42992647
220.654,compaction_begin,3,0
220.808,compaction_end,3,43367079
220.819,compaction_begin,3,0
220.985,compaction_end,3,43367081
220.994,compaction_begin,3,0
221.153,compaction_end,3,42992649
221.163,compaction_begin,3,0
221.324,compaction_end,3,43367079
221.333,compaction_begin,3,0
221.493,compaction_end,3,42618175
221.502,compaction_begin,3,0
221.662,compaction_end,3,43367078
221.672,compaction_begin,3,0
221.831,compaction_end,3,42992649
221.841,compaction_begin,3,0
222.000,compaction_end,3,42992649
222.010,compaction_begin,3,0
222.173,compaction_end,3,42618173
222.184,compaction_begin,3,0
222.343,compaction_end,3,43367081
222.351,compaction_begin,3,0
222.509,compaction_end,3,42992650
222.519,compaction_begin,3,0
222.683,compaction_end,3,42618171
222.692,compaction_begin,3,0
222.851,compaction_end,3,42992649
222.866,compaction_begin,3,0
223.028,compaction_end,3,43367078
223.037,compaction_begin,3,0
223.210,compaction_end,3,43367078
223.219,compaction_begin,3,0
223.379,compaction_end,3,42618173
223.388,compaction_begin,3,0
223.548,compaction_end,3,42992648
223.557,compaction_begin,3,0
223.716,compaction_end,3,42992649
223.726,compaction_begin,3,0
223.887,compaction_end,3,43367080
223.898,compaction_begin,3,0
224.057,compaction_end,3,43367081
224.066,compaction_begin,3,0
224.774,flush_begin,0,0
224.785,flush_end,0,2744659
224.807,compaction_end,3,42992655
224.816,compaction_begin,2,0
225.159,compaction_end,2,5032972
225.178,compaction_begin,3,0
225.370,compaction_end,3,43281145
225.379,compaction_begin,3,0
225.540,compaction_end,3,42992650
225.551,compaction_begin,3,0
225.714,compaction_end,3,43367081
225.723,compaction_begin,3,0
225.886,compaction_end,3,43367079
225.895,compaction_begin,3,0
226.056,compaction_end,3,43367078
226.065,compaction_begin,3,0
226.228,compaction_end,3,42992649
226.237,compaction_begin,3,0
226.393,compaction_end,3,43367082
226.403,compaction_begin,3,0
226.587,compaction_end,3,43367079
226.596,compaction_begin,3,0
226.759,compaction_end,3,42992649
226.768,compaction_begin,3,0
226.931,compaction_end,3,42618175
226.940,compaction_begin,3,0
227.100,compaction_end,3,42992648
227.109,compaction_begin,3,0
227.268,compaction_end,3,43367078
227.277,compaction_begin,3,0
227.443,compaction_end,3,43367081
227.452,compaction_begin,3,0
227.614,compaction_end,3,43367080
227.626,compaction_begin,3,0
227.785,compaction_end,3,42992647
227.795,compaction_begin,3,0
227.956,compaction_end,3,42992648
227.967,compaction_begin,3,0
228.129,compaction_end,3,42992651
228.139,compaction_begin,3,0
228.300,compaction_end,3,42618173
228.310,compaction_begin,3,0
228.473,compaction_end,3,43367081
228.483,compaction_begin,3,0
228.644,compaction_end,3,42992649
228.653,compaction_begin,3,0
228.812,compaction_end,3,43367082
228.821,compaction_begin,3,0
229.553,compaction_end,3,42992649
229.562,compaction_begin,3,0
229.723,compaction_end,3,42992650
229.732,compaction_begin,3,0
229.892,compaction_end,3,42992649
229.901,compaction_begin,3,0
230.061,compaction_end,3,42618173
230.070,compaction_begin,3,0
230.226,flush_begin,0,0
230.236,flush_end,0,2744774
230.804,compaction_end,3,43367077
230.813,compaction_begin,2,0
231.137,compaction_end,2,5081559
231.148,compaction_begin,3,0
231.308,compaction_end,3,43281145
231.317,compaction_begin,3,0
231.478,compaction_end,3,42992650
231.488,compaction_begin,3,0
231.651,compaction_end,3,43367079
231.662,compaction_begin,3,0
231.828,compaction_end,3,43367081
231.839,compaction_begin,3,0
232.017,compaction_end,3,43367082
232.027,compaction_begin,3,0
232.435,compaction_end,3,32415986
232.446,compaction_begin,3,0
232.610,compaction_end,3,43367081
232.620,compaction_begin,3,0
232.779,compaction_end,3,42992648
232.788,compaction_begin,3,0
232.952,compaction_end,3,42618175
232.961,compaction_begin,3,0
233.122,compaction_end,3,42992655
233.131,compaction_begin,3,0
233.293,compaction_end,3,42992649
233.302,compaction_begin,3,0
233.463,compaction_end,3,42618173
233.472,compaction_begin,3,0
233.633,compaction_end,3,43367081
233.642,compaction_begin,3,0
233.801,compaction_end,3,42618173
233.810,compaction_begin,3,0
233.969,compaction_end,3,42992649
233.979,compaction_begin,3,0
234.141,compaction_end,3,42992649
234.150,compaction_begin,3,0
234.310,compaction_end,3,42992651
234.319,compaction_begin,3,0
234.482,compaction_end,3,42992649
234.491,compaction_begin,3,0
234.751,compaction_end,3,42618171
234.760,compaction_begin,3,0
234.917,compaction_end,3,42992649
234.926,compaction_begin,3,0
235.083,compaction_end,3,43367082
235.092,compaction_begin,3,0
235.252,compaction_end,3,43367078
235.261,compaction_begin,3,0
235.418,compaction_end,3,43367078
235.428,compaction_begin,3,0
235.591,compaction_end,3,42992648
235.600,compaction_begin,3,0
235.666,flush_begin,0,0
235.680,flush_end,0,2744650
235.781,compaction_end,3,43367078
235.791,compaction_begin,2,0
236.126,compaction_end,2,5221915
236.142,compaction_begin,3,0
236.332,compaction_end,3,43281145
236.341,compaction_begin,3,0
236.497,compaction_end,3,42992650
236.506,compaction_begin,3,0
236.663,compaction_end,3,43367079
236.673,compaction_begin,3,0
236.833,compaction_end,3,43367082
236.843,compaction_begin,3,0
237.003,compaction_end,3,42992649
237.012,compaction_begin,3,0
237.171,compaction_end,3,42618171
237.181,compaction_begin,3,0
237.340,compaction_end,3,43367081
237.349,compaction_begin,3,0
237.513,compaction_end,3,42992647
237.523,compaction_begin,3,0
237.690,compaction_end,3,42992649
237.701,compaction_begin,3,0
237.866,compaction_end,3,42992649
237.875,compaction_begin,3,0
238.037,compaction_end,3,43367081
238.046,compaction_begin,3,0
238.786,compaction_end,3,42992649
238.797,compaction_begin,3,0
238.970,compaction_end,3,42618175
238.980,compaction_begin,3,0
239.145,compaction_end,3,42618173
239.154,compaction_begin,3,0
239.319,compaction_end,3,43367082
239.329,compaction_begin,3,0
239.489,compaction_end,3,43367081
239.499,compaction_begin,3,0
239.665,compaction_end,3,42618173
239.677,compaction_begin,3,0
240.401,compaction_end,3,43367081
240.410,compaction_begin,3,0
240.576,compaction_end,3,42992649
240.588,compaction_begin,3,0
240.757,compaction_end,3,42992648
240.768,compaction_begin,3,0
241.146,flush_begin,0,0
241.156,flush_end,0,2744628
241.248,compaction_end,3,42992649
241.257,compaction_begin,2,0
241.588,compaction_end,2,5356825
241.602,compaction_begin,3,0
241.791,compaction_end,3,43281145
241.801,compaction_begin,3,0
241.957,compaction_end,3,43367079
241.967,compaction_begin,3,0
242.124,compaction_end,3,42992650
242.134,compaction_begin,3,0
242.295,compaction_end,3,43367082
242.304,compaction_begin,3,0
242.465,compaction_end,3,42992649
242.476,compaction_begin,3,0
242.651,compaction_end,3,42992648
242.662,compaction_begin,3,0
242.832,compaction_end,3,43367081
242.843,compaction_begin,3,0
243.007,compaction_end,3,43367081
243.016,compaction_begin,3,0
243.180,compaction_end,3,43367081
243.189,compaction_begin,3,0
243.350,compaction_end,3,43367082
243.360,compaction_begin,3,0
243.519,compaction_end,3,42992649
243.529,compaction_begin,3,0
243.689,compaction_end,3,43367078
243.699,compaction_begin,3,0
243.856,compaction_end,3,42618173
243.866,compaction_begin,3,0
244.036,compaction_end,3,42992647
244.046,compaction_begin,3,0
244.206,compaction_end,3,42618173
244.216,compaction_begin,3,0
244.374,compaction_end,3,42992649
244.383,compaction_begin,3,0
244.544,compaction_end,3,42992655
244.553,compaction_begin,3,0
244.716,compaction_end,3,42992649
244.728,compaction_begin,3,0
244.894,compaction_end,3,42992648
244.904,compaction_begin,3,0
245.031,compaction_end,3,32415986
245.040,compaction_begin,3,0
245.200,compaction_end,3,43367078
245.210,compaction_begin,3,0
245.374,compaction_end,3,43367078
245.385,compaction_begin,3,0
245.547,compaction_end,3,43367077
245.557,compaction_begin,3,0
245.719,compaction_end,3,42992649
245.729,compaction_begin,3,0
246.463,compaction_end,3,42618173
246.475,compaction_begin,3,0
246.607,flush_begin,0,0
246.617,flush_end,0,2744483
246.654,compaction_end,3,42618175
246.663,compaction_begin,2,0
247.003,compaction_end,2,5433329
247.021,compaction_begin,3,0
247.216,compaction_end,3,43281145
247.225,compaction_begin,3,0
247.381,compaction_end,3,42992650
247.390,compaction_begin,3,0
247.558,compaction_end,3,43367079
247.569,compaction_begin,3,0
247.734,compaction_end,3,43367081
247.744,compaction_begin,3,0
247.905,compaction_end,3,43367082
247.916,compaction_begin,3,0
248.076,compaction_end,3,43367078
248.085,compaction_begin,3,0
248.247,compaction_end,3,43367081
248.257,compaction_begin,3,0
248.418,compaction_end,3,43367078
248.428,compaction_begin,3,0
248.588,compaction_end,3,42992648
248.598,compaction_begin,3,0
248.721,compaction_end,3,32415986
248.731,compaction_begin,3,0
248.904,compaction_end,3,42992648
248.914,compaction_begin,3,0
249.091,compaction_end,3,42992649
249.102,compaction_begin,3,0
249.271,compaction_end,3,42992649
249.281,compaction_begin,3,0
250.039,compaction_end,3,42992649
250.049,compaction_begin,3,0
250.213,compaction_end,3,42618173
250.223,compaction_begin,3,0
250.384,compaction_end,3,42618173
250.396,compaction_begin,3,0
251.120,compaction_end,3,42243697
251.133,compaction_begin,3,0
251.303,compaction_end,3,42618175
251.313,compaction_begin,3,0
252.011,flush_begin,0,0
252.021,flush_end,0,2744643
252.050,compaction_end,3,42992650
252.060,compaction_begin,2,0
252.400,compaction_end,2,5355111
252.418,compaction_begin,3,0
252.621,compaction_end,3,43281145
252.631,compaction_begin,3,0
252.788,compaction_end,3,42992650
252.798,compaction_begin,3,0
252.953,compaction_end,3,43367079
252.963,compaction_begin,3,0
253.118,compaction_end,3,42618173
253.127,compaction_begin,3,0
253.286,compaction_end,3,43367082
253.296,compaction_begin,3,0
253.454,compaction_end,3,42992649
253.464,compaction_begin,3,0
253.625,compaction_end,3,43367081
253.635,compaction_begin,3,0
253.759,compaction_end,3,32415986
253.768,compaction_begin,3,0
253.927,compaction_end,3,43367081
253.937,compaction_begin,3,0
254.097,compaction_end,3,42992649
254.107,compaction_begin,3,0
254.269,compaction_end,3,42618175
254.279,compaction_begin,3,0
254.441,compaction_end,3,42992655
254.451,compaction_begin,3,0
254.616,compaction_end,3,43367078
254.627,compaction_begin,3,0
254.787,compaction_end,3,42618173
254.796,compaction_begin,3,0
254.956,compaction_end,3,43367081
254.968,compaction_begin,3,0
255.128,compaction_end,3,43367078
255.138,compaction_begin,3,0
255.303,compaction_end,3,42243697
255.312,compaction_begin,3,0
255.473,compaction_end,3,42992648
255.484,compaction_begin,3,0
256.210,compaction_end,3,42992649
256.219,compaction_begin,3,0
256.378,compaction_end,3,42992649
256.388,compaction_begin,3,0
256.573,compaction_end,3,43367078
256.582,compaction_begin,3,0
257.310,compaction_end,3,42992649
257.319,compaction_begin,3,0
257.444,flush_begin,0,0
257.455,flush_end,0,2744354
258.049,compaction_end,3,42992649
258.058,compaction_begin,2,0
258.380,compaction_end,2,5409955
258.396,compaction_begin,3,0
258.570,compaction_end,3,43281145
258.580,compaction_begin,3,0
258.736,compaction_end,3,43367079
258.746,compaction_begin,3,0
258.905,compaction_end,3,42992650
258.915,compaction_begin,3,0
259.077,compaction_end,3,43367082
259.087,compaction_begin,3,0
259.249,compaction_end,3,42992649
259.259,compaction_begin,3,0
259.429,compaction_end,3,43367081
259.439,compaction_begin,3,0
259.604,compaction_end,3,42992650
259.614,compaction_begin,3,0
259.774,compaction_end,3,42618173
259.784,compaction_begin,3,0
259.942,compaction_end,3,42992649
259.952,compaction_begin,3,0
260.111,compaction_end,3,42618175
260.121,compaction_begin,3,0
260.286,compaction_end,3,42618173
260.297,compaction_begin,3,0
260.419,compaction_end,3,32415986
260.428,compaction_begin,3,0
260.588,compaction_end,3,42992649
260.598,compaction_begin,3,0
261.331,compaction_end,3,43367081
261.340,compaction_begin,3,0
261.500,compaction_end,3,42992649
261.510,compaction_begin,3,0
261.673,compaction_end,3,43367078
261.682,compaction_begin,3,0
261.839,compaction_end,3,42243697
261.849,compaction_begin,3,0
262.007,compaction_end,3,42992649
262.017,compaction_begin,3,0
262.178,compaction_end,3,42992648
262.188,compaction_begin,3,0
262.345,compaction_end,3,43367081
262.355,compaction_begin,3,0
262.865,flush_begin,0,0
262.875,flush_end,0,2744268
263.078,compaction_end,3,42992647
263.089,compaction_begin,2,0
263.418,compaction_end,2,5506719
263.434,compaction_begin,3,0
263.621,compaction_end,3,43281145
263.631,compaction_begin,3,0
263.784,compaction_end,3,43367079
263.794,compaction_begin,3,0
263.953,compaction_end,3,42992650
263.963,compaction_begin,3,0
264.123,compaction_end,3,43367081
264.133,compaction_begin,3,0
264.299,compaction_end,3,43367078
264.311,compaction_begin,3,0
264.477,compaction_end,3,43367078
264.487,compaction_begin,3,0
264.648,compaction_end,3,43367082
264.659,compaction_begin,3,0
264.823,compaction_end,3,42992647
264.833,compaction_begin,3,0
264.996,compaction_end,3,42992649
265.005,compaction_begin,3,0
265.174,compaction_end,3,43367081
265.183,compaction_begin,3,0
265.899,compaction_end,3,42992649
265.908,compaction_begin,3,0
266.064,compaction_end,3,42243697
266.073,compaction_begin,3,0
266.237,compaction_end,3,42992649
266.252,compaction_begin,3,0
266.974,compaction_end,3,43367080
266.984,compaction_begin,3,0
267.149,compaction_end,3,42992649
267.158,compaction_begin,3,0
267.876,compaction_end,3,42992654
267.885,compaction_begin,3,0
268.315,flush_begin,0,0
268.325,flush_end,0,2744273
268.620,compaction_end,3,43144570
268.630,compaction_begin,2,0
268.991,compaction_end,2,5362063
269.013,compaction_begin,3,0
269.212,compaction_end,3,43281145
269.223,compaction_begin,3,0
269.383,compaction_end,3,43367079
269.392,compaction_begin,3,0
269.558,compaction_end,3,42992650
269.567,compaction_begin,3,0
269.729,compaction_end,3,43367078
269.739,compaction_begin,3,0
269.902,compaction_end,3,43367082
269.911,compaction_begin,3,0
270.079,compaction_end,3,43367081
270.091,compaction_begin,3,0
270.253,compaction_end,3,42618173
270.264,compaction_begin,3,0
270.425,compaction_end,3,42992649
270.434,compaction_begin,3,0
270.596,compaction_end,3,43367078
270.604,compaction_begin,3,0
270.765,compaction_end,3,43367081
270.773,compaction_begin,3,0
270.936,compaction_end,3,43367080
270.945,compaction_begin,3,0
271.103,compaction_end,3,42992650
271.113,compaction_begin,3,0
271.235,compaction_end,3,32415986
271.245,compaction_begin,3,0
271.479,compaction_end,3,42992649
271.489,compaction_begin,3,0
271.649,compaction_end,3,43367081
271.659,compaction_begin,3,0
271.816,compaction_end,3,42618175
271.826,compaction_begin,3,0
271.986,compaction_end,3,42992649
271.996,compaction_begin,3,0
272.155,compaction_end,3,42618173
272.165,compaction_begin,3,0
272.323,compaction_end,3,42992647
272.331,compaction_begin,3,0
272.488,compaction_end,3,42992649
272.497,compaction_begin,3,0
273.217,compaction_end,3,42992651
273.226,compaction_begin,3,0
273.685,flush_begin,0,0
273.695,flush_end,0,2744720
273.960,compaction_end,3,43367081
273.969,compaction_begin,2,0
274.292,compaction_end,2,5455164
274.307,compaction_begin,3,0
274.498,compaction_end,3,43281145
274.507,compaction_begin,3,0
274.662,compaction_end,3,43367079
274.672,compaction_begin,3,0
274.829,compaction_end,3,42992650
274.837,compaction_begin,3,0
274.996,compaction_end,3,42992649
275.005,compaction_begin,3,0
275.168,compaction_end,3,43367083
275.176,compaction_begin,3,0
275.337,compaction_end,3,42992650
275.346,compaction_begin,3,0
275.506,compaction_end,3,43367082
275.515,compaction_begin,3,0
275.676,compaction_end,3,43367081
275.686,compaction_begin,3,0
275.846,compaction_end,3,42992654
275.855,compaction_begin,3,0
276.014,compaction_end,3,42992649
276.023,compaction_begin,3,0
276.182,compaction_end,3,43367078
276.191,compaction_begin,3,0
276.350,compaction_end,3,42618173
276.360,compaction_begin,3,0
276.516,compaction_end,3,42992649
276.525,compaction_begin,3,0
277.185,compaction_end,3,43367083
277.194,compaction_begin,3,0
277.354,compaction_end,3,42992651
277.363,compaction_begin,3,0
278.061,compaction_end,3,42243695
278.070,compaction_begin,3,0
278.842,compaction_end,3,44642298
278.851,compaction_begin,3,0
279.063,compaction_end,3,42618174
279.073,compaction_begin,3,0
279.123,flush_begin,0,0
279.134,flush_end,0,2744845
279.253,compaction_end,3,43367085
279.262,compaction_begin,2,0
279.577,compaction_end,2,5381423
279.593,compaction_begin,3,0
279.776,compaction_end,3,43281145
279.785,compaction_begin,3,0
279.943,compaction_end,3,43367079
279.952,compaction_begin,3,0
280.120,compaction_end,3,43367082
280.130,compaction_begin,3,0
280.285,compaction_end,3,42992650
280.295,compaction_begin,3,0
280.453,compaction_end,3,42992649
280.463,compaction_begin,3,0
280.623,compaction_end,3,43367081
280.633,compaction_begin,3,0
280.794,compaction_end,3,43367078
280.804,compaction_begin,3,0
280.965,compaction_end,3,43367083
280.975,compaction_begin,3,0
281.135,compaction_end,3,43367079
281.145,compaction_begin,3,0
281.305,compaction_end,3,43144570
281.315,compaction_begin,3,0
282.041,compaction_end,3,43367080
282.049,compaction_begin,3,0
282.212,compaction_end,3,42618173
282.220,compaction_begin,3,0
282.380,compaction_end,3,43367078
282.390,compaction_begin,3,0
283.107,compaction_end,3,43367079
283.117,compaction_begin,3,0
283.277,compaction_end,3,42992648
283.287,compaction_begin,3,0
283.445,compaction_end,3,42618171
283.456,compaction_begin,3,0
283.614,compaction_end,3,43367080
283.624,compaction_begin,3,0
283.780,compaction_end,3,42618172
283.789,compaction_begin,3,0
284.063,compaction_end,3,42992649
284.072,compaction_begin,3,0
284.586,flush_begin,0,0
284.595,flush_end,0,2744447
284.733,compaction_end,3,42618173
284.741,compaction_begin,2,0
285.056,compaction_end,2,5354298
285.070,compaction_begin,3,0
285.250,compaction_end,3,43281145
285.260,compaction_begin,3,0
285.420,compaction_end,3,43367079
285.430,compaction_begin,3,0
285.584,compaction_end,3,42992650
285.594,compaction_begin,3,0
285.754,compaction_end,3,43367081
285.763,compaction_begin,3,0
285.924,compaction_end,3,43144570
285.934,compaction_begin,3,0
286.102,compaction_end,3,44642297
286.112,compaction_begin,3,0
286.879,compaction_end,3,43367082
286.887,compaction_begin,3,0
287.047,compaction_end,3,43367080
287.057,compaction_begin,3,0
287.215,compaction_end,3,42992649
287.224,compaction_begin,3,0
287.381,compaction_end,3,42618173
287.391,compaction_begin,3,0
287.548,compaction_end,3,42618173
287.557,compaction_begin,3,0
287.717,compaction_end,3,42618172
287.728,compaction_begin,3,0
287.944,compaction_end,3,43367081
287.953,compaction_begin,3,0
288.108,compaction_end,3,42243695
288.117,compaction_begin,3,0
288.278,compaction_end,3,43367078
288.288,compaction_begin,3,0
288.445,compaction_end,3,43367079
288.454,compaction_begin,3,0
288.609,compaction_end,3,42618171
288.620,compaction_begin,3,0
288.780,compaction_end,3,43367079
288.790,compaction_begin,3,0
288.948,compaction_end,3,42992648
288.958,compaction_begin,3,0
289.118,compaction_end,3,42992649
289.128,compaction_begin,3,0
289.816,compaction_end,3,42992649
289.824,compaction_begin,3,0
290.012,flush_begin,0,0
290.022,flush_end,0,2744791
290.595,compaction_end,3,43893496
290.604,compaction_begin,2,0
290.918,compaction_end,2,5377445
290.931,compaction_begin,3,0
291.123,compaction_end,3,43281145
291.132,compaction_begin,3,0
291.296,compaction_end,3,42992650
291.305,compaction_begin,3,0
291.470,compaction_end,3,43367079
291.480,compaction_begin,3,0
291.649,compaction_end,3,43367078
291.658,compaction_begin,3,0
291.827,compaction_end,3,43367078
291.837,compaction_begin,3,0
292.014,compaction_end,3,44642303
292.024,compaction_begin,3,0
292.190,compaction_end,3,42618173
292.200,compaction_begin,3,0
292.369,compaction_end,3,43367078
292.379,compaction_begin,3,0
292.549,compaction_end,3,43367081
292.559,compaction_begin,3,0
292.724,compaction_end,3,42992649
292.734,compaction_begin,3,0
292.895,compaction_end,3,42618173
292.905,compaction_begin,3,0
293.070,compaction_end,3,42992649
293.079,compaction_begin,3,0
293.809,compaction_end,3,42992655
293.817,compaction_begin,3,0
293.986,compaction_end,3,42992650
293.995,compaction_begin,3,0
294.160,compaction_end,3,42992651
294.170,compaction_begin,3,0
294.339,compaction_end,3,43367079
294.349,compaction_begin,3,0
294.517,compaction_end,3,42618171
294.526,compaction_begin,3,0
294.696,compaction_end,3,42992649
294.705,compaction_begin,3,0
294.874,compaction_end,3,42992648
294.884,compaction_begin,3,0
295.417,compaction_end,3,32415986
295.426,compaction_begin,3,0
295.427,flush_begin,0,0
295.437,flush_end,0,2744384
295.611,compaction_end,3,43367082
295.621,compaction_begin,2,0
295.934,compaction_end,2,5518301
295.948,compaction_begin,3,0
296.137,compaction_end,3,43281145
296.147,compaction_begin,3,0
296.315,compaction_end,3,43367078
296.325,compaction_begin,3,0
296.497,compaction_end,3,44642300
296.506,compaction_begin,3,0
296.669,compaction_end,3,42992650
296.678,compaction_begin,3,0
296.843,compaction_end,3,43367083
296.852,compaction_begin,3,0
297.017,compaction_end,3,42992649
297.026,compaction_begin,3,0
297.194,compaction_end,3,43367082
297.203,compaction_begin,3,0
297.375,compaction_end,3,42992648
297.384,compaction_begin,3,0
297.554,compaction_end,3,42992649
297.563,compaction_begin,3,0
297.729,compaction_end,3,42618171
297.738,compaction_begin,3,0
297.897,compaction_end,3,43367080
297.906,compaction_begin,3,0
298.064,compaction_end,3,43144570
298.073,compaction_begin,3,0
298.232,compaction_end,3,42618172
298.241,compaction_begin,3,0
298.965,compaction_end,3,43367082
298.973,compaction_begin,3,0
299.137,compaction_end,3,43367078
299.146,compaction_begin,3,0
299.303,compaction_end,3,42618173
299.313,compaction_begin,3,0
299.474,compaction_end,3,43367079
299.483,compaction_begin,3,0
300.188,compaction_end,3,42992648
300.198,compaction_begin,3,0
300.362,compaction_end,3,42992649
300.371,compaction_begin,3,0
300.528,compaction_end,3,42618173
300.537,compaction_begin,3,0
300.696,compaction_end,3,42992651
300.705,compaction_begin,3,0
300.839,flush_begin,0,0
300.850,flush_end,0,2744517
300.883,compaction_end,3,43367079
300.892,compaction_begin,2,0
301.209,compaction_end,2,5558689
301.224,compaction_begin,3,0
301.418,compaction_end,3,44556331
301.428,compaction_begin,3,0
301.583,compaction_end,3,42992650
301.593,compaction_begin,3,0
301.749,compaction_end,3,43367080
301.758,compaction_begin,3,0
301.917,compaction_end,3,43367078
301.926,compaction_begin,3,0
302.085,compaction_end,3,42992649
302.094,compaction_begin,3,0
302.253,compaction_end,3,43367083
302.262,compaction_begin,3,0
302.421,compaction_end,3,43367079
302.431,compaction_begin,3,0
302.590,compaction_end,3,42992649
302.599,compaction_begin,3,0
302.760,compaction_end,3,43144570
302.770,compaction_begin,3,0
302.930,compaction_end,3,43367078
302.939,compaction_begin,3,0
303.062,compaction_end,3,32415986
303.071,compaction_begin,3,0
303.229,compaction_end,3,42992648
303.238,compaction_begin,3,0
303.398,compaction_end,3,42992649
303.407,compaction_begin,3,0
304.117,compaction_end,3,42618173
304.127,compaction_begin,3,0
304.289,compaction_end,3,43367078
304.299,compaction_begin,3,0
304.460,compaction_end,3,43367079
304.469,compaction_begin,3,0
304.628,compaction_end,3,42992648
304.637,compaction_begin,3,0
304.798,compaction_end,3,42618173
304.807,compaction_begin,3,0
305.521,compaction_end,3,43367080
305.530,compaction_begin,3,0
305.689,compaction_end,3,43367082
305.698,compaction_begin,3,0
306.300,flush_begin,0,0
306.310,flush_end,0,2744904
306.435,compaction_end,3,43367083
306.443,compaction_begin,2,0
306.754,compaction_end,2,5432168
306.769,compaction_begin,3,0
306.956,compaction_end,3,43367078
306.966,compaction_begin,3,0
307.131,compaction_end,3,44181997
307.140,compaction_begin,3,0
307.299,compaction_end,3,43367083
307.309,compaction_begin,3,0
307.465,compaction_end,3,43367080
307.474,compaction_begin,3,0
307.640,compaction_end,3,43367078
307.649,compaction_begin,3,0
307.805,compaction_end,3,42618173
307.814,compaction_begin,3,0
307.972,compaction_end,3,43367078
307.982,compaction_begin,3,0
308.142,compaction_end,3,43367080
308.151,compaction_begin,3,0
308.308,compaction_end,3,42618171
308.317,compaction_begin,3,0
308.477,compaction_end,3,43144570
308.486,compaction_begin,3,0
308.644,compaction_end,3,42992648
308.654,compaction_begin,3,0
308.811,compaction_end,3,43367080
308.820,compaction_begin,3,0
308.977,compaction_end,3,42992649
308.986,compaction_begin,3,0
309.146,compaction_end,3,43367082
309.156,compaction_begin,3,0
309.314,compaction_end,3,42992648
309.322,compaction_begin,3,0
309.481,compaction_end,3,43367078
309.490,compaction_begin,3,0
310.207,compaction_end,3,42618173
310.216,compaction_begin,3,0
310.374,compaction_end,3,43367079
310.384,compaction_begin,3,0
310.541,compaction_end,3,42618173
310.550,compaction_begin,3,0
310.705,compaction_end,3,42992650
310.714,compaction_begin,3,0
310.871,compaction_end,3,42992651
310.880,compaction_begin,3,0
311.569,compaction_end,3,42243695
311.578,compaction_begin,3,0
311.736,compaction_end,3,42618172
311.745,flush_begin,0,0
311.756,flush_end,0,2744850
311.766,compaction_begin,2,0
312.078,compaction_end,2,5453389
312.092,compaction_begin,3,0
312.273,compaction_end,3,43367078
312.283,compaction_begin,3,0
312.435,compaction_end,3,43367080
312.445,compaction_begin,3,0
312.602,compaction_end,3,43367078
312.612,compaction_begin,3,0
312.769,compaction_end,3,43367081
312.778,compaction_begin,3,0
312.937,compaction_end,3,43367080
312.946,compaction_begin,3,0
313.105,compaction_end,3,42992648
313.114,compaction_begin,3,0
313.273,compaction_end,3,42992648
313.282,compaction_begin,3,0
313.439,compaction_end,3,43367080
313.448,compaction_begin,3,0
313.606,compaction_end,3,42992649
313.615,compaction_begin,3,0
313.772,compaction_end,3,43367079
313.781,compaction_begin,3,0
313.937,compaction_end,3,43367083
313.946,compaction_begin,3,0
314.107,compaction_end,3,42618173
314.116,compaction_begin,3,0
314.276,compaction_end,3,43367078
314.285,compaction_begin,3,0
314.443,compaction_end,3,43367078
314.452,compaction_begin,3,0
314.607,compaction_end,3,42618173
314.616,compaction_begin,3,0
314.774,compaction_end,3,42992649
314.783,compaction_begin,3,0
314.939,compaction_end,3,42618173
314.949,compaction_begin,3,0
315.105,compaction_end,3,42992650
315.115,compaction_begin,3,0
315.847,compaction_end,3,42992648
315.855,compaction_begin,3,0
316.018,compaction_end,3,42992649
316.026,compaction_begin,3,0
316.187,compaction_end,3,43144570
316.198,compaction_begin,3,0
316.944,compaction_end,3,42992649
316.953,compaction_begin,3,0
317.148,flush_begin,0,0
317.159,flush_end,0,2744551
317.679,compaction_end,3,43367078
317.688,compaction_begin,2,0
318.006,compaction_end,2,5324255
318.020,compaction_begin,3,0
318.207,compaction_end,3,43367078
318.216,compaction_begin,3,0
318.370,compaction_end,3,43367080
318.379,compaction_begin,3,0
318.536,compaction_end,3,43367081
318.545,compaction_begin,3,0
318.706,compaction_end,3,43367079
318.715,compaction_begin,3,0
318.872,compaction_end,3,42992649
318.882,compaction_begin,3,0
319.043,compaction_end,3,43367078
319.051,compaction_begin,3,0
319.210,compaction_end,3,43367083
319.219,compaction_begin,3,0
319.377,compaction_end,3,43367078
319.386,compaction_begin,3,0
319.547,compaction_end,3,43367080
319.556,compaction_begin,3,0
319.715,compaction_end,3,43367080
319.724,compaction_begin,3,0
319.881,compaction_end,3,42992648
319.890,compaction_begin,3,0
320.048,compaction_end,3,42992649
320.057,compaction_begin,3,0
320.216,compaction_end,3,43367078
320.225,compaction_begin,3,0
320.976,compaction_end,3,44404454
320.984,compaction_begin,3,0
321.515,compaction_end,3,32415986
321.524,compaction_begin,3,0
321.682,compaction_end,3,42992648
321.691,compaction_begin,3,0
322.072,compaction_end,3,42618171
322.082,compaction_begin,3,0
322.238,compaction_end,3,42618173
322.248,compaction_begin,3,0
322.404,compaction_end,3,42992648
322.413,compaction_begin,3,0
322.561,flush_begin,0,0
322.571,flush_end,0,2744344
322.590,compaction_end,3,43144570
322.599,compaction_begin,2,0
322.921,compaction_end,2,5421598
322.934,compaction_begin,3,0
323.105,compaction_end,3,43367078
323.114,compaction_begin,3,0
323.268,compaction_end,3,43367081
323.277,compaction_begin,3,0
323.431,compaction_end,3,43367078
323.440,compaction_begin,3,0
323.599,compaction_end,3,43367079
323.607,compaction_begin,3,0
323.764,compaction_end,3,43367080
323.773,compaction_begin,3,0
323.927,compaction_end,3,43367083
323.937,compaction_begin,3,0
324.094,compaction_end,3,42992649
324.103,compaction_begin,3,0
324.262,compaction_end,3,42992648
324.270,compaction_begin,3,0
324.985,compaction_end,3,42618173
324.994,compaction_begin,3,0
325.151,compaction_end,3,42618173
325.160,compaction_begin,3,0
325.316,compaction_end,3,43367078
325.325,compaction_begin,3,0
326.048,compaction_end,3,43367081
326.057,compaction_begin,3,0
326.217,compaction_end,3,42992648
326.225,compaction_begin,3,0
326.385,compaction_end,3,43367080
326.395,compaction_begin,3,0
326.553,compaction_end,3,42992649
326.563,compaction_begin,3,0
326.693,compaction_end,3,32415986
326.702,compaction_begin,3,0
326.874,compaction_end,3,43367080
326.884,compaction_begin,3,0
327.310,compaction_end,3,42243695
327.319,compaction_begin,3,0
327.488,compaction_end,3,42618173
327.500,compaction_begin,3,0
328.018,flush_begin,0,0
328.029,flush_end,0,2744645
330.763,compaction_end,3,42243697
330.775,compaction_begin,2,0
331.201,compaction_end,2,5509475
331.225,compaction_begin,3,0
331.441,compaction_end,3,43367078
331.453,compaction_begin,3,0
331.635,compaction_end,3,43367081
331.647,compaction_begin,3,0
331.831,compaction_end,3,43367080
331.845,compaction_begin,3,0
332.034,compaction_end,3,43367080
332.047,compaction_begin,3,0
332.226,compaction_end,3,42243697
332.237,compaction_begin,3,0
332.416,compaction_end,3,42618171
332.428,compaction_begin,3,0
332.610,compaction_end,3,43367078
332.622,compaction_begin,3,0
332.805,compaction_end,3,42992648
332.817,compaction_begin,3,0
332.998,compaction_end,3,42992649
333.010,compaction_begin,3,0
333.190,compaction_end,3,43367083
333.201,compaction_begin,3,0
333.338,compaction_end,3,32415986
333.348,compaction_begin,3,0
333.446,flush_begin,0,0
333.459,flush_end,0,2744697
333.557,compaction_end,3,42992648
333.568,compaction_begin,2,0
333.991,compaction_end,2,5797760
334.013,compaction_begin,3,0
334.233,compaction_end,3,43367078
334.244,compaction_begin,3,0
334.426,compaction_end,3,43367080
334.438,compaction_begin,3,0
334.619,compaction_end,3,43367081
334.632,compaction_begin,3,0
334.813,compaction_end,3,43367078
334.825,compaction_begin,3,0
338.448,compaction_end,3,43367082
338.459,compaction_begin,3,0
338.632,compaction_end,3,43367083
338.643,compaction_begin,3,0
338.816,compaction_end,3,42618173
338.827,compaction_begin,3,0
338.869,flush_begin,0,0
338.881,flush_end,0,2744386
339.032,compaction_end,3,42618171
339.043,compaction_begin,2,0
339.435,compaction_end,2,6087010
339.460,compaction_begin,3,0
339.666,compaction_end,3,43367078
339.675,compaction_begin,3,0
339.845,compaction_end,3,43367080
339.857,compaction_begin,3,0
340.027,compaction_end,3,42992649
340.038,compaction_begin,3,0
340.207,compaction_end,3,43367081
340.217,compaction_begin,3,0
340.395,compaction_end,3,43367082
340.408,compaction_begin,3,0
340.604,compaction_end,3,43367078
340.617,compaction_begin,3,0
340.812,compaction_end,3,43367078
340.825,compaction_begin,3,0
341.020,compaction_end,3,43367079
341.031,compaction_begin,3,0
342.375,compaction_end,3,42992649
342.423,compaction_begin,3,0
343.227,compaction_end,3,42992649
343.236,compaction_begin,3,0
343.396,compaction_end,3,43367078
343.405,compaction_begin,3,0
343.569,compaction_end,3,43367083
343.578,compaction_begin,3,0
343.736,compaction_end,3,43144570
343.745,compaction_begin,3,0
343.903,compaction_end,3,43367080
343.912,compaction_begin,3,0
344.068,compaction_end,3,42243697
344.077,compaction_begin,3,0
344.237,compaction_end,3,42618171
344.246,compaction_begin,3,0
344.296,flush_begin,0,0
344.306,flush_end,0,2744652
344.423,compaction_end,3,42992648
344.432,compaction_begin,2,0
344.753,compaction_end,2,6115837
344.772,compaction_begin,3,0
344.961,compaction_end,3,43367078
344.970,compaction_begin,3,0
345.127,compaction_end,3,43367081
345.136,compaction_begin,3,0
345.293,compaction_end,3,43367080
345.302,compaction_begin,3,0
345.460,compaction_end,3,43367078
345.470,compaction_begin,3,0
345.629,compaction_end,3,43367083
345.638,compaction_begin,3,0
346.076,compaction_end,3,42992650
346.085,compaction_begin,3,0
346.243,compaction_end,3,42992649
346.252,compaction_begin,3,0
346.408,compaction_end,3,42992649
346.417,compaction_begin,3,0
346.588,compaction_end,3,42992649
346.597,compaction_begin,3,0
346.755,compaction_end,3,42618171
346.765,compaction_begin,3,0
346.925,compaction_end,3,43367079
346.934,compaction_begin,3,0
347.093,compaction_end,3,42618173
347.102,compaction_begin,3,0
347.263,compaction_end,3,42992648
347.272,compaction_begin,3,0
347.431,compaction_end,3,42618173
347.439,compaction_begin,3,0
347.599,compaction_end,3,43367078
347.607,compaction_begin,3,0
