t,type,level,bytes
-29.879,flush_begin,0,0
-29.870,flush_end,0,2686930
-29.860,flush_begin,0,0
-29.851,flush_end,0,2686931
-29.841,flush_begin,0,0
-29.832,flush_end,0,2686931
-29.822,flush_begin,0,0
-29.813,flush_end,0,2686931
-29.803,flush_begin,0,0
-29.794,flush_end,0,2686931
-29.784,flush_begin,0,0
-29.775,flush_end,0,2686930
-29.765,flush_begin,0,0
-29.756,flush_end,0,2686932
-29.746,flush_begin,0,0
-29.737,flush_end,0,2686930
-29.727,flush_begin,0,0
-29.718,flush_end,0,2686932
-29.708,flush_begin,0,0
-29.699,flush_end,0,2686930
-29.689,flush_begin,0,0
-29.680,flush_end,0,2686931
-29.670,flush_begin,0,0
-29.661,flush_end,0,2686931
-29.651,flush_begin,0,0
-29.642,flush_end,0,2686930
-29.632,flush_begin,0,0
-29.623,flush_end,0,2686932
-29.613,flush_begin,0,0
-29.604,flush_end,0,2686930
-29.594,flush_begin,0,0
-29.585,flush_end,0,2686931
-29.575,flush_begin,0,0
-29.566,flush_end,0,2686931
-29.556,flush_begin,0,0
-29.547,flush_end,0,2686931
-29.537,flush_begin,0,0
-29.528,flush_end,0,2686931
-29.514,flush_begin,0,0
-29.504,flush_end,0,2686931
-29.494,flush_begin,0,0
-29.485,flush_end,0,2686930
-29.475,flush_begin,0,0
-29.465,flush_end,0,2686933
-29.455,flush_begin,0,0
-29.446,flush_end,0,2686930
-29.436,flush_begin,0,0
-29.427,flush_end,0,2686932
-29.417,flush_begin,0,0
-29.408,flush_end,0,2686930
-29.398,flush_begin,0,0
-29.389,flush_end,0,2686930
-29.379,flush_begin,0,0
-29.370,flush_end,0,2686932
-29.360,flush_begin,0,0
-29.351,flush_end,0,2686930
-29.341,flush_begin,0,0
-29.332,flush_end,0,2686932
-29.322,flush_begin,0,0
-29.313,flush_end,0,2686930
-29.303,flush_begin,0,0
-29.294,flush_end,0,2686931
-29.284,flush_begin,0,0
-29.275,flush_end,0,2686931
-29.265,flush_begin,0,0
-29.256,flush_end,0,2686931
-29.246,flush_begin,0,0
-29.237,flush_end,0,2686931
-29.227,flush_begin,0,0
-29.218,flush_end,0,2686931
-29.208,flush_begin,0,0
-29.198,flush_end,0,2686930
-29.188,flush_begin,0,0
-29.179,flush_end,0,2686932
-29.169,flush_begin,0,0
-29.160,flush_end,0,2686930
-29.150,flush_begin,0,0
-29.141,flush_end,0,2686931
-29.131,flush_begin,0,0
-29.122,flush_end,0,2686931
-29.106,trivial_move,3,2686930
-29.105,flush_begin,0,0
-29.095,flush_end,0,2686930
-29.079,trivial_move,3,2686931
-29.078,flush_begin,0,0
-29.069,flush_end,0,2686932
-29.053,trivial_move,3,2686931
-29.052,flush_begin,0,0
-29.042,flush_end,0,2686930
-29.026,trivial_move,3,2686931
-29.025,flush_begin,0,0
-29.014,flush_end,0,2686933
-28.998,trivial_move,3,2686931
-28.997,flush_begin,0,0
-28.987,flush_end,0,2686930
-28.971,trivial_move,3,2686930
-28.970,flush_begin,0,0
-28.959,flush_end,0,2686931
-28.943,trivial_move,3,2686932
-28.942,flush_begin,0,0
-28.931,flush_end,0,2686931
-28.915,trivial_move,3,2686930
-28.914,flush_begin,0,0
-28.901,flush_end,0,2686931
-28.885,trivial_move,3,2686932
-28.883,flush_begin,0,0
-28.872,flush_end,0,2686931
-28.856,trivial_move,3,2686930
-28.854,flush_begin,0,0
-28.844,flush_end,0,2686930
-28.828,trivial_move,3,2686931
-28.825,flush_begin,0,0
-28.814,flush_end,0,2686930
-28.798,trivial_move,3,2686931
-28.796,flush_begin,0,0
-28.785,flush_end,0,2686931
-28.769,trivial_move,3,2686930
-28.766,flush_begin,0,0
-28.755,flush_end,0,2686931
-28.739,trivial_move,3,2686932
-28.736,flush_begin,0,0
-28.725,flush_end,0,2686931
-28.709,trivial_move,3,2686930
-28.706,flush_begin,0,0
-28.695,flush_end,0,2686931
-28.679,trivial_move,3,2686931
-28.677,flush_begin,0,0
-28.666,flush_end,0,2686930
-28.650,trivial_move,3,2686931
-28.648,flush_begin,0,0
-28.635,flush_end,0,2686932
-28.619,trivial_move,3,2686931
-28.617,flush_begin,0,0
-28.606,flush_end,0,2686930
-28.590,trivial_move,3,2686931
-28.588,flush_begin,0,0
-28.577,flush_end,0,2686932
-28.561,trivial_move,3,2686931
-28.559,flush_begin,0,0
-28.547,flush_end,0,2686930
-28.531,trivial_move,3,2686930
-28.529,flush_begin,0,0
-28.517,flush_end,0,2686931
-28.501,trivial_move,3,2686933
-28.498,flush_begin,0,0
-28.487,flush_end,0,2686931
-28.471,trivial_move,3,2686930
-28.469,flush_begin,0,0
-28.458,flush_end,0,2686930
-28.442,trivial_move,3,2686932
-28.440,flush_begin,0,0
-28.428,flush_end,0,2686932
-28.412,trivial_move,3,2686930
-28.410,flush_begin,0,0
-28.399,flush_end,0,2686930
-28.383,trivial_move,3,2686930
-28.381,flush_begin,0,0
-28.370,flush_end,0,2686932
-28.354,trivial_move,3,2686932
-28.352,flush_begin,0,0
-28.340,flush_end,0,2686931
-28.324,trivial_move,3,2686930
-28.321,flush_begin,0,0
-28.310,flush_end,0,2686931
-28.294,trivial_move,3,2686932
-28.292,flush_begin,0,0
-28.281,flush_end,0,2686931
-28.265,trivial_move,3,2686930
-28.263,flush_begin,0,0
-28.251,flush_end,0,2686931
-28.235,trivial_move,3,2686931
-28.232,flush_begin,0,0
-28.221,flush_end,0,2686930
-28.205,trivial_move,3,2686931
-28.203,flush_begin,0,0
-28.191,flush_end,0,2686932
-28.175,trivial_move,3,2686931
-28.173,flush_begin,0,0
-28.162,flush_end,0,2686930
-28.146,trivial_move,3,2686931
-28.143,flush_begin,0,0
-28.132,flush_end,0,2686932
-28.116,trivial_move,3,2686931
-28.114,flush_begin,0,0
-28.103,flush_end,0,2686930
-28.087,trivial_move,3,2686930
-28.086,flush_begin,0,0
-28.075,flush_end,0,2686930
-28.059,trivial_move,3,2686932
-28.057,flush_begin,0,0
-28.046,flush_end,0,2686932
-28.030,trivial_move,3,2686930
-28.028,flush_begin,0,0
-28.016,flush_end,0,2686930
-28.000,trivial_move,3,2686931
-27.998,flush_begin,0,0
-27.987,flush_end,0,2686932
-27.971,trivial_move,3,2686931
-27.969,flush_begin,0,0
-27.957,flush_end,0,2686930
-27.941,trivial_move,3,2686930
-27.939,flush_begin,0,0
-27.928,flush_end,0,2686931
-27.912,trivial_move,3,2686932
-27.910,flush_begin,0,0
-27.899,flush_end,0,2686931
-27.883,trivial_move,3,2686930
-27.880,flush_begin,0,0
-27.868,flush_end,0,2686931
-27.852,trivial_move,3,2686933
-27.850,flush_begin,0,0
-27.839,flush_end,0,2686931
-27.823,trivial_move,3,2686930
-27.821,flush_begin,0,0
-27.809,flush_end,0,2686931
-27.793,trivial_move,3,2686931
-27.791,flush_begin,0,0
-27.779,flush_end,0,2686930
-27.763,trivial_move,3,2686931
-27.760,flush_begin,0,0
-27.748,flush_end,0,2686933
-27.732,trivial_move,3,2686931
-27.730,flush_begin,0,0
-27.718,flush_end,0,2686930
-27.702,trivial_move,3,2686931
-27.700,flush_begin,0,0
-27.688,flush_end,0,2686931
-27.672,trivial_move,3,2686930
-27.670,flush_begin,0,0
-27.659,flush_end,0,2686931
-27.643,trivial_move,3,2686930
-27.640,flush_begin,0,0
-27.628,flush_end,0,2686930
-27.612,trivial_move,3,2686931
-27.610,flush_begin,0,0
-27.599,flush_end,0,2686932
-27.583,trivial_move,3,2686931
-27.581,flush_begin,0,0
-27.570,flush_end,0,2686930
-27.554,trivial_move,3,2686931
-27.552,flush_begin,0,0
-27.540,flush_end,0,2686932
-27.524,trivial_move,3,2686931
-27.522,flush_begin,0,0
-27.511,flush_end,0,2686930
-27.495,trivial_move,3,2686930
-27.493,flush_begin,0,0
-27.481,flush_end,0,2686931
-27.465,trivial_move,3,2686932
-27.463,flush_begin,0,0
-27.452,flush_end,0,2686931
-27.436,trivial_move,3,2686930
-27.434,flush_begin,0,0
-27.422,flush_end,0,2686931
-27.406,trivial_move,3,2686932
-27.404,flush_begin,0,0
-27.392,flush_end,0,2686931
-27.376,trivial_move,3,2686930
-27.374,flush_begin,0,0
-27.362,flush_end,0,2686930
-27.346,trivial_move,3,2686931
-27.343,flush_begin,0,0
-27.332,flush_end,0,2686930
-27.316,trivial_move,3,2686931
-27.314,flush_begin,0,0
-27.302,flush_end,0,2686931
-27.286,trivial_move,3,2686930
-27.284,flush_begin,0,0
-27.272,flush_end,0,2686931
-27.257,trivial_move,3,2686932
-27.255,flush_begin,0,0
-27.243,flush_end,0,2686931
-27.227,trivial_move,3,2686930
-27.225,flush_begin,0,0
-27.213,flush_end,0,2686931
-27.197,trivial_move,3,2686932
-27.195,flush_begin,0,0
-27.184,flush_end,0,2686930
-27.168,trivial_move,3,2686931
-27.166,flush_begin,0,0
-27.154,flush_end,0,2686932
-27.138,trivial_move,3,2686931
-27.135,flush_begin,0,0
-27.124,flush_end,0,2686930
-27.108,trivial_move,3,2686931
-27.106,flush_begin,0,0
-27.095,flush_end,0,2686933
-27.079,trivial_move,3,2686931
-27.077,flush_begin,0,0
-27.065,flush_end,0,2686930
-27.049,trivial_move,3,2686930
-27.047,flush_begin,0,0
-27.036,flush_end,0,2686931
-27.021,trivial_move,3,2686932
-27.019,flush_begin,0,0
-27.008,flush_end,0,2686931
-26.992,trivial_move,3,2686930
-26.990,flush_begin,0,0
-26.978,flush_end,0,2686930
-26.962,trivial_move,3,2686932
-26.960,flush_begin,0,0
-26.948,flush_end,0,2686932
-26.932,trivial_move,3,2686930
-26.930,flush_begin,0,0
-26.918,flush_end,0,2686930
-26.902,trivial_move,3,2686930
-26.899,flush_begin,0,0
-26.888,flush_end,0,2686931
-26.872,trivial_move,3,2686932
-26.870,flush_begin,0,0
-26.859,flush_end,0,2686931
-26.843,trivial_move,3,2686930
-26.840,flush_begin,0,0
-26.829,flush_end,0,2686931
-26.813,trivial_move,3,2686932
-26.811,flush_begin,0,0
-26.800,flush_end,0,2686931
-26.784,trivial_move,3,2686930
-26.781,flush_begin,0,0
-26.770,flush_end,0,2686931
-26.754,trivial_move,3,2686931
-26.752,flush_begin,0,0
-26.740,flush_end,0,2686930
-26.724,trivial_move,3,2686931
-26.721,flush_begin,0,0
-26.710,flush_end,0,2686932
-26.694,trivial_move,3,2686931
-26.692,flush_begin,0,0
-26.680,flush_end,0,2686930
-26.664,trivial_move,3,2686931
-26.662,flush_begin,0,0
-26.650,flush_end,0,2686932
-26.634,trivial_move,3,2686931
-26.632,flush_begin,0,0
-26.620,flush_end,0,2686930
-26.604,trivial_move,3,2686930
-26.602,flush_begin,0,0
-26.590,flush_end,0,2686930
-26.574,trivial_move,3,2686933
-26.572,flush_begin,0,0
-26.561,flush_end,0,2686932
-26.545,trivial_move,3,2686930
-26.542,flush_begin,0,0
-26.531,flush_end,0,2686930
-26.515,trivial_move,3,2686931
-26.513,flush_begin,0,0
-26.502,flush_end,0,2686932
-26.486,trivial_move,3,2686931
-26.484,flush_begin,0,0
-26.472,flush_end,0,2686930
-26.456,trivial_move,3,2686930
-26.454,flush_begin,0,0
-26.442,flush_end,0,2686932
-26.426,trivial_move,3,2686932
-26.424,flush_begin,0,0
-26.412,flush_end,0,2686931
-26.396,trivial_move,3,2686930
-26.394,flush_begin,0,0
-26.383,flush_end,0,2686931
-26.367,trivial_move,3,2686932
-26.365,flush_begin,0,0
-26.354,flush_end,0,2686931
-26.338,trivial_move,3,2686930
-26.336,flush_begin,0,0
-26.325,flush_end,0,2686931
-26.309,trivial_move,3,2686931
-26.307,flush_begin,0,0
-26.296,flush_end,0,2686930
-26.280,trivial_move,3,2686931
-26.278,flush_begin,0,0
-26.266,flush_end,0,2686932
-26.250,trivial_move,3,2686931
-26.248,flush_begin,0,0
-26.237,flush_end,0,2686930
-26.221,trivial_move,3,2686931
-26.220,flush_begin,0,0
-26.208,flush_end,0,2686931
-26.187,trivial_move,3,2686930
-26.185,flush_begin,0,0
-26.173,flush_end,0,2686931
-26.157,trivial_move,3,2686930
-26.155,flush_begin,0,0
-26.145,flush_end,0,2686930
-26.129,trivial_move,3,2686931
-26.126,flush_begin,0,0
-26.116,flush_end,0,2686932
-26.100,trivial_move,3,2686931
-26.099,flush_begin,0,0
-26.089,flush_end,0,2686930
-26.073,trivial_move,3,2686931
-26.071,flush_begin,0,0
-26.061,flush_end,0,2686932
-26.045,trivial_move,3,2686931
-26.044,flush_begin,0,0
-26.033,flush_end,0,2686930
-26.017,trivial_move,3,2686930
-26.015,flush_begin,0,0
-26.005,flush_end,0,2686931
-25.989,trivial_move,3,2686932
-25.988,flush_begin,0,0
-25.977,flush_end,0,2686931
-25.958,trivial_move,3,2686930
-25.956,flush_begin,0,0
-25.945,flush_end,0,2686931
-25.929,trivial_move,3,2686933
-25.927,flush_begin,0,0
-25.916,flush_end,0,2686931
-25.900,trivial_move,3,2686930
-25.898,flush_begin,0,0
-25.887,flush_end,0,2686930
-25.871,trivial_move,3,2686931
-25.869,flush_begin,0,0
-25.858,flush_end,0,2686930
-25.842,trivial_move,3,2686931
-25.840,flush_begin,0,0
-25.828,flush_end,0,2686931
-25.812,trivial_move,3,2686930
-25.810,flush_begin,0,0
-25.798,flush_end,0,2686932
-25.782,trivial_move,3,2686932
-25.779,flush_begin,0,0
-25.768,flush_end,0,2686931
-25.752,trivial_move,3,2686930
-25.750,flush_begin,0,0
-25.739,flush_end,0,2686931
-25.723,trivial_move,3,2686931
-25.721,flush_begin,0,0
-25.709,flush_end,0,2686930
-25.693,trivial_move,3,2686931
-25.690,flush_begin,0,0
-25.678,flush_end,0,2686932
-25.662,trivial_move,3,2686931
-25.660,flush_begin,0,0
-25.649,flush_end,0,2686930
-25.633,trivial_move,3,2686931
-25.630,flush_begin,0,0
-25.619,flush_end,0,2686932
-25.603,trivial_move,3,2686931
-25.601,flush_begin,0,0
-25.589,flush_end,0,2686930
-25.573,trivial_move,3,2686930
-25.571,flush_begin,0,0
-25.559,flush_end,0,2686931
-25.543,trivial_move,3,2686932
-25.541,flush_begin,0,0
-25.529,flush_end,0,2686931
-25.513,trivial_move,3,2686930
-25.511,flush_begin,0,0
-25.499,flush_end,0,2686930
-25.483,trivial_move,3,2686932
-25.481,flush_begin,0,0
-25.469,flush_end,0,2686932
-25.453,trivial_move,3,2686930
-25.451,flush_begin,0,0
-25.439,flush_end,0,2686930
-25.423,trivial_move,3,2686930
-25.421,flush_begin,0,0
-25.409,flush_end,0,2686931
-25.393,trivial_move,3,2686932
-25.391,flush_begin,0,0
-25.380,flush_end,0,2686931
-25.364,trivial_move,3,2686930
-25.361,flush_begin,0,0
-25.350,flush_end,0,2686931
-25.334,trivial_move,3,2686932
-25.331,flush_begin,0,0
-25.318,flush_end,0,2686931
-25.303,trivial_move,3,2686930
-25.301,flush_begin,0,0
-25.288,flush_end,0,2686931
-25.272,trivial_move,3,2686932
-25.270,flush_begin,0,0
-25.258,flush_end,0,2686930
-25.242,trivial_move,3,2686931
-25.240,flush_begin,0,0
-25.229,flush_end,0,2686932
-25.213,trivial_move,3,2686931
-25.210,flush_begin,0,0
-25.198,flush_end,0,2686930
-25.182,trivial_move,3,2686931
-25.180,flush_begin,0,0
-25.168,flush_end,0,2686933
-25.152,trivial_move,3,2686931
-25.149,flush_begin,0,0
-25.137,flush_end,0,2686930
-25.121,trivial_move,3,2686930
-25.118,flush_begin,0,0
-25.106,flush_end,0,2686930
-25.090,trivial_move,3,2686932
-25.088,flush_begin,0,0
-25.076,flush_end,0,2686932
-25.060,trivial_move,3,2686930
-25.058,flush_begin,0,0
-25.046,flush_end,0,2686930
-25.030,trivial_move,3,2686931
-25.028,flush_begin,0,0
-25.016,flush_end,0,2686932
-25.000,trivial_move,3,2686931
-24.997,flush_begin,0,0
-24.985,flush_end,0,2686930
-24.969,trivial_move,3,2686930
-24.966,flush_begin,0,0
-24.955,flush_end,0,2686931
-24.939,trivial_move,3,2686932
-24.937,flush_begin,0,0
-24.926,flush_end,0,2686931
-24.910,trivial_move,3,2686930
-24.908,flush_begin,0,0
-24.897,flush_end,0,2686931
-24.881,trivial_move,3,2686932
-24.879,flush_begin,0,0
-24.867,flush_end,0,2686931
-24.851,trivial_move,3,2686930
-24.848,flush_begin,0,0
-24.836,flush_end,0,2686931
-24.819,trivial_move,3,2686931
-24.817,flush_begin,0,0
-24.806,flush_end,0,2686930
-24.790,trivial_move,3,2686931
-24.787,flush_begin,0,0
-24.774,flush_end,0,2686932
-24.758,trivial_move,3,2686931
-24.755,flush_begin,0,0
-24.743,flush_end,0,2686930
-24.727,trivial_move,3,2686931
-24.725,flush_begin,0,0
-24.713,flush_end,0,2686931
-24.697,trivial_move,3,2686930
-24.695,flush_begin,0,0
-24.683,flush_end,0,2686931
-24.667,trivial_move,3,2686930
-24.664,flush_begin,0,0
-24.653,flush_end,0,2686930
-24.637,trivial_move,3,2686931
-24.634,flush_begin,0,0
-24.623,flush_end,0,2686932
-24.607,trivial_move,3,2686932
-24.605,flush_begin,0,0
-24.593,flush_end,0,2686930
-24.578,trivial_move,3,2686931
-24.576,flush_begin,0,0
-24.564,flush_end,0,2686932
-24.548,trivial_move,3,2686931
-24.546,flush_begin,0,0
-24.534,flush_end,0,2686930
-24.518,trivial_move,3,2686930
-24.516,flush_begin,0,0
-24.503,flush_end,0,2686932
-24.487,trivial_move,3,2686932
-24.485,flush_begin,0,0
-24.473,flush_end,0,2686931
-24.457,trivial_move,3,2686930
-24.455,flush_begin,0,0
-24.442,flush_end,0,2686931
-24.426,trivial_move,3,2686932
-24.423,flush_begin,0,0
-24.411,flush_end,0,2686931
-24.395,trivial_move,3,2686930
-24.393,flush_begin,0,0
-24.381,flush_end,0,2686930
-24.365,trivial_move,3,2686931
-24.362,flush_begin,0,0
-24.350,flush_end,0,2686930
-24.334,trivial_move,3,2686931
-24.332,flush_begin,0,0
-24.320,flush_end,0,2686931
-24.304,trivial_move,3,2686930
-24.301,flush_begin,0,0
-24.289,flush_end,0,2686931
-24.273,trivial_move,3,2686932
-24.270,flush_begin,0,0
-24.258,flush_end,0,2686931
-24.242,trivial_move,3,2686930
-24.239,flush_begin,0,0
-24.227,flush_end,0,2686931
-24.211,trivial_move,3,2686931
-24.209,flush_begin,0,0
-24.196,flush_end,0,2686930
-24.180,trivial_move,3,2686931
-24.178,flush_begin,0,0
-24.166,flush_end,0,2686932
-24.150,trivial_move,3,2686931
-24.147,flush_begin,0,0
-24.135,flush_end,0,2686930
-24.119,trivial_move,3,2686931
-24.116,flush_begin,0,0
-24.104,flush_end,0,2686932
-24.088,trivial_move,3,2686931
-24.086,flush_begin,0,0
-24.074,flush_end,0,2686930
-24.057,trivial_move,3,2686930
-24.055,flush_begin,0,0
-24.044,flush_end,0,2686931
-24.028,trivial_move,3,2686932
-24.025,flush_begin,0,0
-24.014,flush_end,0,2686931
-23.998,trivial_move,3,2686930
-23.996,flush_begin,0,0
-23.984,flush_end,0,2686930
-23.968,trivial_move,3,2686933
-23.965,flush_begin,0,0
-23.953,flush_end,0,2686932
-23.937,trivial_move,3,2686930
-23.934,flush_begin,0,0
-23.922,flush_end,0,2686930
-23.906,trivial_move,3,2686930
-23.904,flush_begin,0,0
-23.893,flush_end,0,2686931
-23.877,trivial_move,3,2686932
-23.875,flush_begin,0,0
-23.863,flush_end,0,2686931
-23.847,trivial_move,3,2686930
-23.845,flush_begin,0,0
-23.833,flush_end,0,2686933
-23.817,trivial_move,3,2686932
-23.814,flush_begin,0,0
-23.803,flush_end,0,2686931
-23.787,trivial_move,3,2686930
-23.784,flush_begin,0,0
-23.773,flush_end,0,2686931
-23.757,trivial_move,3,2686931
-23.755,flush_begin,0,0
-23.743,flush_end,0,2686930
-23.727,trivial_move,3,2686931
-23.724,flush_begin,0,0
-23.713,flush_end,0,2686932
-23.697,trivial_move,3,2686931
-23.695,flush_begin,0,0
-23.683,flush_end,0,2686930
-23.667,trivial_move,3,2686931
-23.665,flush_begin,0,0
-23.653,flush_end,0,2686932
-23.637,trivial_move,3,2686931
-23.635,flush_begin,0,0
-23.624,flush_end,0,2686930
-23.608,trivial_move,3,2686930
-23.606,flush_begin,0,0
-23.595,flush_end,0,2686930
-23.579,trivial_move,3,2686932
-23.577,flush_begin,0,0
-23.565,flush_end,0,2686932
-23.549,trivial_move,3,2686930
-23.546,flush_begin,0,0
-23.535,flush_end,0,2686930
-23.519,trivial_move,3,2686931
-23.517,flush_begin,0,0
-23.505,flush_end,0,2686932
-23.489,trivial_move,3,2686931
-23.487,flush_begin,0,0
-23.477,flush_end,0,2686930
-23.461,trivial_move,3,2686930
-23.459,flush_begin,0,0
-23.448,flush_end,0,2686931
-23.433,trivial_move,3,2686932
-23.431,flush_begin,0,0
-23.420,flush_end,0,2686931
-23.404,trivial_move,3,2686930
-23.403,flush_begin,0,0
-23.391,flush_end,0,2686931
-23.375,trivial_move,3,2686932
-23.373,flush_begin,0,0
-23.362,flush_end,0,2686931
-23.346,trivial_move,3,2686930
-23.344,flush_begin,0,0
-23.332,flush_end,0,2686931
-23.316,trivial_move,3,2686932
-23.314,flush_begin,0,0
-23.302,flush_end,0,2686930
-23.286,trivial_move,3,2686931
-23.284,flush_begin,0,0
-23.273,flush_end,0,2686932
-23.257,trivial_move,3,2686931
-23.254,flush_begin,0,0
-23.242,flush_end,0,2686930
-23.226,trivial_move,3,2686931
-23.224,flush_begin,0,0
-23.212,flush_end,0,2686931
-23.196,trivial_move,3,2686930
-23.194,flush_begin,0,0
-23.183,flush_end,0,2686932
-23.165,trivial_move,3,2686930
-23.163,flush_begin,0,0
-23.152,flush_end,0,2686930
-23.137,trivial_move,3,2686931
-23.134,flush_begin,0,0
-23.122,flush_end,0,2686932
-23.106,trivial_move,3,2686931
-23.104,flush_begin,0,0
-23.093,flush_end,0,2686930
-23.077,trivial_move,3,2686931
-23.076,flush_begin,0,0
-23.066,flush_end,0,2686932
-23.049,trivial_move,3,2686931
-23.048,flush_begin,0,0
-23.039,flush_end,0,2686930
-23.023,trivial_move,3,2686930
-23.022,flush_begin,0,0
-23.012,flush_end,0,2686931
-22.996,trivial_move,3,2686932
-22.996,flush_begin,0,0
-22.986,flush_end,0,2686931
-22.970,trivial_move,3,2686930
-22.969,flush_begin,0,0
-22.959,flush_end,0,2686931
-22.943,trivial_move,3,2686932
-22.942,flush_begin,0,0
-22.932,flush_end,0,2686931
-22.916,trivial_move,3,2686930
-22.915,flush_begin,0,0
-22.905,flush_end,0,2686930
-22.889,trivial_move,3,2686931
-22.888,flush_begin,0,0
-22.878,flush_end,0,2686930
-22.862,trivial_move,3,2686931
-22.861,flush_begin,0,0
-22.852,flush_end,0,2686931
-22.836,trivial_move,3,2686930
-22.834,flush_begin,0,0
-22.823,flush_end,0,2686931
-22.806,trivial_move,3,2686932
-22.805,flush_begin,0,0
-22.795,flush_end,0,2686931
-22.779,trivial_move,3,2686930
-22.778,flush_begin,0,0
-22.767,flush_end,0,2686931
-22.751,trivial_move,3,2686931
-22.750,flush_begin,0,0
-22.739,flush_end,0,2686930
-22.723,trivial_move,3,2686931
-22.722,flush_begin,0,0
-22.711,flush_end,0,2686932
-22.695,trivial_move,3,2686933
-22.693,flush_begin,0,0
-22.682,flush_end,0,2686930
-22.666,trivial_move,3,2686931
-22.664,flush_begin,0,0
-22.652,flush_end,0,2686932
-22.636,trivial_move,3,2686931
-22.634,flush_begin,0,0
-22.622,flush_end,0,2686930
-22.607,trivial_move,3,2686930
-22.605,flush_begin,0,0
-22.594,flush_end,0,2686932
-22.578,trivial_move,3,2686932
-22.576,flush_begin,0,0
-22.565,flush_end,0,2686931
-22.549,trivial_move,3,2686930
-22.547,flush_begin,0,0
-22.534,flush_end,0,2686930
-22.518,trivial_move,3,2686932
-22.515,flush_begin,0,0
-22.504,flush_end,0,2686932
-22.488,trivial_move,3,2686930
-22.486,flush_begin,0,0
-22.474,flush_end,0,2686930
-22.458,trivial_move,3,2686930
-22.456,flush_begin,0,0
-22.444,flush_end,0,2686931
-22.428,trivial_move,3,2686932
-22.426,flush_begin,0,0
-22.414,flush_end,0,2686931
-22.398,trivial_move,3,2686930
-22.396,flush_begin,0,0
-22.384,flush_end,0,2686931
-22.368,trivial_move,3,2686932
-22.366,flush_begin,0,0
-22.354,flush_end,0,2686931
-22.338,trivial_move,3,2686930
-22.335,flush_begin,0,0
-22.323,flush_end,0,2686931
-22.307,trivial_move,3,2686931
-22.305,flush_begin,0,0
-22.292,flush_end,0,2686930
-22.276,trivial_move,3,2686931
-22.274,flush_begin,0,0
-22.262,flush_end,0,2686932
-22.246,trivial_move,3,2686931
-22.244,flush_begin,0,0
-22.232,flush_end,0,2686930
-22.216,trivial_move,3,2686931
-22.214,flush_begin,0,0
-22.202,flush_end,0,2686932
-22.185,trivial_move,3,2686931
-22.183,flush_begin,0,0
-22.172,flush_end,0,2686930
-22.156,trivial_move,3,2686930
-22.154,flush_begin,0,0
-22.142,flush_end,0,2686930
-22.125,trivial_move,3,2686932
-22.123,flush_begin,0,0
-22.112,flush_end,0,2686932
-22.096,trivial_move,3,2686930
-22.094,flush_begin,0,0
-22.082,flush_end,0,2686930
-22.066,trivial_move,3,2686931
-22.064,flush_begin,0,0
-22.053,flush_end,0,2686932
-22.037,trivial_move,3,2686932
-22.035,flush_begin,0,0
-22.024,flush_end,0,2686930
-22.008,trivial_move,3,2686930
-22.006,flush_begin,0,0
-21.995,flush_end,0,2686931
-21.979,trivial_move,3,2686932
-21.977,flush_begin,0,0
-21.966,flush_end,0,2686931
-21.950,trivial_move,3,2686930
-21.948,flush_begin,0,0
-21.936,flush_end,0,2686932
-21.920,trivial_move,3,2686932
-21.918,flush_begin,0,0
-21.906,flush_end,0,2686931
-21.890,trivial_move,3,2686930
-21.888,flush_begin,0,0
-21.877,flush_end,0,2686931
-21.861,trivial_move,3,2686931
-21.859,flush_begin,0,0
-21.848,flush_end,0,2686930
-21.832,trivial_move,3,2686931
-21.830,flush_begin,0,0
-21.819,flush_end,0,2686932
-21.803,trivial_move,3,2686931
-21.801,flush_begin,0,0
-21.789,flush_end,0,2686930
-21.773,trivial_move,3,2686931
-21.770,flush_begin,0,0
-21.757,flush_end,0,2686931
-21.740,trivial_move,3,2686930
-21.738,flush_begin,0,0
-21.726,flush_end,0,2686931
-21.710,trivial_move,3,2686930
-21.708,flush_begin,0,0
-21.696,flush_end,0,2686930
-21.680,trivial_move,3,2686931
-21.677,flush_begin,0,0
-21.664,flush_end,0,2686932
-21.648,trivial_move,3,2686931
-21.645,flush_begin,0,0
-21.632,flush_end,0,2686930
-21.616,trivial_move,3,2686931
-21.614,flush_begin,0,0
-21.601,flush_end,0,2686932
-21.584,trivial_move,3,2686931
-21.581,flush_begin,0,0
-21.569,flush_end,0,2686930
-21.553,trivial_move,3,2686930
-21.550,flush_begin,0,0
-21.538,flush_end,0,2686931
-21.522,trivial_move,3,2686932
-21.519,flush_begin,0,0
-21.507,flush_end,0,2686931
-21.491,trivial_move,3,2686930
-21.488,flush_begin,0,0
-21.476,flush_end,0,2686931
-21.460,trivial_move,3,2686932
-21.457,flush_begin,0,0
-21.445,flush_end,0,2686931
-21.429,trivial_move,3,2686930
-21.427,flush_begin,0,0
-21.414,flush_end,0,2686930
-21.398,trivial_move,3,2686932
-21.395,flush_begin,0,0
-21.382,flush_end,0,2686930
-21.366,trivial_move,3,2686931
-21.364,flush_begin,0,0
-21.351,flush_end,0,2686931
-21.335,trivial_move,3,2686930
-21.333,flush_begin,0,0
-21.321,flush_end,0,2686931
-21.305,trivial_move,3,2686932
-21.302,flush_begin,0,0
-21.290,flush_end,0,2686931
-21.274,trivial_move,3,2686930
-21.271,flush_begin,0,0
-21.259,flush_end,0,2686932
-21.243,trivial_move,3,2686931
-21.240,flush_begin,0,0
-21.228,flush_end,0,2686930
-21.212,trivial_move,3,2686931
-21.209,flush_begin,0,0
-21.197,flush_end,0,2686932
-21.181,trivial_move,3,2686931
-21.178,flush_begin,0,0
-21.165,flush_end,0,2686930
-21.149,trivial_move,3,2686931
-21.147,flush_begin,0,0
-21.135,flush_end,0,2686932
-21.119,trivial_move,3,2686931
-21.116,flush_begin,0,0
-21.105,flush_end,0,2686930
-21.089,trivial_move,3,2686930
-21.087,flush_begin,0,0
-21.076,flush_end,0,2686931
-21.060,trivial_move,3,2686932
-21.058,flush_begin,0,0
-21.046,flush_end,0,2686931
-21.030,trivial_move,3,2686930
-21.028,flush_begin,0,0
-21.016,flush_end,0,2686930
-21.000,trivial_move,3,2686932
-20.997,flush_begin,0,0
-20.986,flush_end,0,2686932
-20.970,trivial_move,3,2686930
-20.968,flush_begin,0,0
-20.956,flush_end,0,2686930
-20.939,trivial_move,3,2686930
-20.937,flush_begin,0,0
-20.926,flush_end,0,2686931
-20.910,trivial_move,3,2686932
-20.908,flush_begin,0,0
-20.896,flush_end,0,2686931
-20.880,trivial_move,3,2686930
-20.878,flush_begin,0,0
-20.866,flush_end,0,2686931
-20.850,trivial_move,3,2686932
-20.848,flush_begin,0,0
-20.836,flush_end,0,2686931
-20.820,trivial_move,3,2686930
-20.818,flush_begin,0,0
-20.807,flush_end,0,2686931
-20.791,trivial_move,3,2686931
-20.789,flush_begin,0,0
-20.777,flush_end,0,2686930
-20.761,trivial_move,3,2686931
-20.758,flush_begin,0,0
-20.747,flush_end,0,2686932
-20.725,trivial_move,3,2686932
-20.723,flush_begin,0,0
-20.710,flush_end,0,2686930
-20.694,trivial_move,3,2686931
-20.691,flush_begin,0,0
-20.679,flush_end,0,2686932
-20.663,trivial_move,3,2686931
-20.661,flush_begin,0,0
-20.649,flush_end,0,2686930
-20.633,trivial_move,3,2686930
-20.631,flush_begin,0,0
-20.619,flush_end,0,2686930
-20.603,trivial_move,3,2686932
-20.600,flush_begin,0,0
-20.588,flush_end,0,2686933
-20.572,trivial_move,3,2686930
-20.569,flush_begin,0,0
-20.556,flush_end,0,2686930
-20.540,trivial_move,3,2686931
-20.537,flush_begin,0,0
-20.525,flush_end,0,2686932
-20.509,trivial_move,3,2686931
-20.507,flush_begin,0,0
-20.494,flush_end,0,2686930
-20.478,trivial_move,3,2686930
-20.475,flush_begin,0,0
-20.462,flush_end,0,2686931
-20.446,trivial_move,3,2686932
-20.443,flush_begin,0,0
-20.431,flush_end,0,2686931
-20.415,trivial_move,3,2686930
-20.412,flush_begin,0,0
-20.400,flush_end,0,2686931
-20.384,trivial_move,3,2686932
-20.382,flush_begin,0,0
-20.369,flush_end,0,2686931
-20.353,trivial_move,3,2686930
-20.351,flush_begin,0,0
-20.339,flush_end,0,2686931
-20.323,trivial_move,3,2686931
-20.320,flush_begin,0,0
-20.308,flush_end,0,2686930
-20.292,trivial_move,3,2686931
-20.290,flush_begin,0,0
-20.278,flush_end,0,2686932
-20.262,trivial_move,3,2686931
-20.259,flush_begin,0,0
-20.247,flush_end,0,2686930
-20.231,trivial_move,3,2686931
-20.229,flush_begin,0,0
-20.217,flush_end,0,2686931
-20.201,trivial_move,3,2686930
-20.199,flush_begin,0,0
-20.187,flush_end,0,2686931
-20.171,trivial_move,3,2686930
-20.168,flush_begin,0,0
-20.157,flush_end,0,2686930
-20.141,trivial_move,3,2686931
-20.138,flush_begin,0,0
-20.127,flush_end,0,2686932
-20.111,trivial_move,3,2686931
-20.108,flush_begin,0,0
-20.096,flush_end,0,2686930
-20.080,trivial_move,3,2686931
-20.078,flush_begin,0,0
-20.066,flush_end,0,2686932
-20.049,trivial_move,3,2686932
-20.046,flush_begin,0,0
-20.035,flush_end,0,2686930
-20.019,trivial_move,3,2686930
-20.017,flush_begin,0,0
-20.004,flush_end,0,2686931
-19.988,trivial_move,3,2686932
-19.986,flush_begin,0,0
-19.974,flush_end,0,2686931
-19.958,trivial_move,3,2686930
-19.955,flush_begin,0,0
-19.943,flush_end,0,2686932
-19.927,trivial_move,3,2686932
-19.925,flush_begin,0,0
-19.913,flush_end,0,2686931
-19.897,trivial_move,3,2686930
-19.894,flush_begin,0,0
-19.883,flush_end,0,2686930
-19.867,trivial_move,3,2686931
-19.865,flush_begin,0,0
-19.853,flush_end,0,2686930
-19.837,trivial_move,3,2686931
-19.835,flush_begin,0,0
-19.823,flush_end,0,2686931
-19.807,trivial_move,3,2686930
-19.804,flush_begin,0,0
-19.793,flush_end,0,2686931
-19.777,trivial_move,3,2686932
-19.775,flush_begin,0,0
-19.763,flush_end,0,2686931
-19.747,trivial_move,3,2686930
-19.745,flush_begin,0,0
-19.734,flush_end,0,2686931
-19.718,trivial_move,3,2686931
-19.715,flush_begin,0,0
-19.704,flush_end,0,2686930
-19.688,trivial_move,3,2686931
-19.686,flush_begin,0,0
-19.675,flush_end,0,2686932
-19.659,trivial_move,3,2686931
-19.657,flush_begin,0,0
-19.646,flush_end,0,2686930
-19.630,trivial_move,3,2686931
-19.627,flush_begin,0,0
-19.616,flush_end,0,2686932
-19.600,trivial_move,3,2686931
-19.598,flush_begin,0,0
-19.587,flush_end,0,2686930
-19.571,trivial_move,3,2686930
-19.569,flush_begin,0,0
-19.558,flush_end,0,2686931
-19.542,trivial_move,3,2686932
-19.540,flush_begin,0,0
-19.529,flush_end,0,2686931
-19.513,trivial_move,3,2686930
-19.511,flush_begin,0,0
-19.500,flush_end,0,2686930
-19.484,trivial_move,3,2686932
-19.482,flush_begin,0,0
-19.471,flush_end,0,2686932
-19.455,trivial_move,3,2686930
-19.453,flush_begin,0,0
-19.442,flush_end,0,2686930
-19.426,trivial_move,3,2686930
-19.424,flush_begin,0,0
-19.413,flush_end,0,2686931
-19.397,trivial_move,3,2686933
-19.395,flush_begin,0,0
-19.384,flush_end,0,2686931
-19.368,trivial_move,3,2686930
-19.366,flush_begin,0,0
-19.354,flush_end,0,2686931
-19.338,trivial_move,3,2686932
-19.337,flush_begin,0,0
-19.325,flush_end,0,2686931
-19.309,trivial_move,3,2686930
-19.307,flush_begin,0,0
-19.295,flush_end,0,2686932
-19.279,trivial_move,3,2686931
-19.277,flush_begin,0,0
-19.265,flush_end,0,2686930
-19.249,trivial_move,3,2686931
-19.247,flush_begin,0,0
-19.235,flush_end,0,2686932
-19.219,trivial_move,3,2686931
-19.217,flush_begin,0,0
-19.205,flush_end,0,2686930
-19.189,trivial_move,3,2686931
-19.188,flush_begin,0,0
-19.176,flush_end,0,2686932
-19.160,trivial_move,3,2686931
-19.157,flush_begin,0,0
-19.146,flush_end,0,2686930
-19.130,trivial_move,3,2686930
-19.127,flush_begin,0,0
-19.116,flush_end,0,2686930
-19.100,trivial_move,3,2686932
-19.098,flush_begin,0,0
-19.087,flush_end,0,2686932
-19.071,trivial_move,3,2686930
-19.069,flush_begin,0,0
-19.057,flush_end,0,2686930
-19.041,trivial_move,3,2686931
-19.038,flush_begin,0,0
-19.026,flush_end,0,2686932
-19.010,trivial_move,3,2686931
-19.007,flush_begin,0,0
-18.995,flush_end,0,2686930
-18.979,trivial_move,3,2686930
-18.976,flush_begin,0,0
-18.964,flush_end,0,2686931
-18.948,trivial_move,3,2686932
-18.945,flush_begin,0,0
-18.934,flush_end,0,2686931
-18.918,trivial_move,3,2686930
-18.915,flush_begin,0,0
-18.903,flush_end,0,2686931
-18.887,trivial_move,3,2686932
-18.885,flush_begin,0,0
-18.872,flush_end,0,2686931
-18.856,trivial_move,3,2686930
-18.853,flush_begin,0,0
-18.841,flush_end,0,2686931
-18.824,trivial_move,3,2686931
-18.822,flush_begin,0,0
-18.810,flush_end,0,2686930
-18.794,trivial_move,3,2686931
-18.792,flush_begin,0,0
-18.780,flush_end,0,2686932
-18.764,trivial_move,3,2686932
-18.762,flush_begin,0,0
-18.751,flush_end,0,2686930
-18.735,trivial_move,3,2686931
-18.733,flush_begin,0,0
-18.722,flush_end,0,2686931
-18.706,trivial_move,3,2686930
-18.704,flush_begin,0,0
-18.692,flush_end,0,2686931
-18.676,trivial_move,3,2686930
-18.674,flush_begin,0,0
-18.662,flush_end,0,2686930
-18.646,trivial_move,3,2686931
-18.644,flush_begin,0,0
-18.632,flush_end,0,2686933
-18.615,trivial_move,3,2686931
-18.613,flush_begin,0,0
-18.601,flush_end,0,2686930
-18.585,trivial_move,3,2686931
-18.582,flush_begin,0,0
-18.570,flush_end,0,2686932
-18.554,trivial_move,3,2686931
-18.552,flush_begin,0,0
-18.541,flush_end,0,2686930
-18.525,trivial_move,3,2686930
-18.523,flush_begin,0,0
-18.510,flush_end,0,2686931
-18.494,trivial_move,3,2686932
-18.492,flush_begin,0,0
-18.479,flush_end,0,2686931
-18.463,trivial_move,3,2686930
-18.461,flush_begin,0,0
-18.450,flush_end,0,2686931
-18.434,trivial_move,3,2686932
-18.431,flush_begin,0,0
-18.420,flush_end,0,2686931
-18.404,trivial_move,3,2686930
-18.402,flush_begin,0,0
-18.391,flush_end,0,2686930
-18.375,trivial_move,3,2686931
-18.373,flush_begin,0,0
-18.362,flush_end,0,2686930
-18.347,trivial_move,3,2686931
-18.345,flush_begin,0,0
-18.334,flush_end,0,2686931
-18.318,trivial_move,3,2686930
-18.316,flush_begin,0,0
-18.305,flush_end,0,2686931
-18.289,trivial_move,3,2686932
-18.288,flush_begin,0,0
-18.277,flush_end,0,2686931
-18.261,trivial_move,3,2686930
-18.259,flush_begin,0,0
-18.247,flush_end,0,2686931
-18.231,trivial_move,3,2686931
-18.229,flush_begin,0,0
-18.218,flush_end,0,2686930
-18.202,trivial_move,3,2686931
-18.200,flush_begin,0,0
-18.189,flush_end,0,2686932
-18.173,trivial_move,3,2686931
-18.171,flush_begin,0,0
-18.159,flush_end,0,2686930
-18.143,trivial_move,3,2686931
-18.141,flush_begin,0,0
-18.130,flush_end,0,2686932
-18.114,trivial_move,3,2686932
-18.112,flush_begin,0,0
-18.100,flush_end,0,2686930
-18.084,trivial_move,3,2686930
-18.082,flush_begin,0,0
-18.071,flush_end,0,2686931
-18.055,trivial_move,3,2686932
-18.053,flush_begin,0,0
-18.041,flush_end,0,2686931
-18.025,trivial_move,3,2686930
-18.023,flush_begin,0,0
-18.011,flush_end,0,2686930
-17.995,trivial_move,3,2686932
-17.993,flush_begin,0,0
-17.980,flush_end,0,2686933
-17.964,trivial_move,3,2686930
-17.962,flush_begin,0,0
-17.950,flush_end,0,2686930
-17.934,trivial_move,3,2686930
-17.931,flush_begin,0,0
-17.919,flush_end,0,2686931
-17.903,trivial_move,3,2686932
-17.901,flush_begin,0,0
-17.889,flush_end,0,2686931
-17.873,trivial_move,3,2686930
-17.870,flush_begin,0,0
-17.858,flush_end,0,2686931
-17.842,trivial_move,3,2686932
-17.840,flush_begin,0,0
-17.827,flush_end,0,2686931
-17.811,trivial_move,3,2686930
-17.809,flush_begin,0,0
-17.797,flush_end,0,2686931
-17.781,trivial_move,3,2686931
-17.779,flush_begin,0,0
-17.767,flush_end,0,2686930
-17.751,trivial_move,3,2686931
-17.748,flush_begin,0,0
-17.736,flush_end,0,2686932
-17.720,trivial_move,3,2686931
-17.718,flush_begin,0,0
-17.705,flush_end,0,2686930
-17.689,trivial_move,3,2686931
-17.687,flush_begin,0,0
-17.674,flush_end,0,2686932
-17.658,trivial_move,3,2686931
-17.655,flush_begin,0,0
-17.643,flush_end,0,2686930
-17.627,trivial_move,3,2686930
-17.624,flush_begin,0,0
-17.611,flush_end,0,2686930
-17.595,trivial_move,3,2686932
-17.594,flush_begin,0,0
-17.582,flush_end,0,2686932
-17.566,trivial_move,3,2686930
-17.564,flush_begin,0,0
-17.552,flush_end,0,2686930
-17.536,trivial_move,3,2686931
-17.534,flush_begin,0,0
-17.522,flush_end,0,2686932
-17.506,trivial_move,3,2686931
-17.504,flush_begin,0,0
-17.492,flush_end,0,2686930
-17.476,trivial_move,3,2686930
-17.468,trivial_move,4,2686930
-17.467,flush_begin,0,0
-17.455,flush_end,0,2686931
-17.439,trivial_move,3,2686933
-17.431,trivial_move,4,2686931
-17.429,flush_begin,0,0
-17.417,flush_end,0,2686931
-17.400,trivial_move,3,2686930
-17.392,trivial_move,4,2686931
-17.390,flush_begin,0,0
-17.376,flush_end,0,2686931
-17.359,trivial_move,3,2686932
-17.351,trivial_move,4,2686931
-17.349,flush_begin,0,0
-17.334,flush_end,0,2686931
-17.310,trivial_move,3,2686930
-17.301,trivial_move,4,2686931
-17.299,flush_begin,0,0
-17.285,flush_end,0,2686933
-17.269,trivial_move,3,2686931
-17.261,trivial_move,4,2686930
-17.257,flush_begin,0,0
-17.243,flush_end,0,2686930
-17.227,trivial_move,3,2686931
-17.219,trivial_move,4,2686932
-17.217,flush_begin,0,0
-17.202,flush_end,0,2686932
-17.186,trivial_move,3,2686931
-17.178,trivial_move,4,2686930
-17.175,flush_begin,0,0
-17.160,flush_end,0,2686930
-17.145,trivial_move,3,2686931
-17.137,trivial_move,4,2686932
-17.135,flush_begin,0,0
-17.120,flush_end,0,2686931
-17.104,trivial_move,3,2686930
-17.096,trivial_move,4,2686930
-17.093,flush_begin,0,0
-17.079,flush_end,0,2686931
-17.062,trivial_move,3,2686930
-17.053,trivial_move,4,2686931
-17.051,flush_begin,0,0
-17.037,flush_end,0,2686930
-17.021,trivial_move,3,2686931
-17.013,trivial_move,4,2686931
-17.011,flush_begin,0,0
-16.997,flush_end,0,2686932
-16.981,trivial_move,3,2686931
-16.973,trivial_move,4,2686930
-16.970,flush_begin,0,0
-16.955,flush_end,0,2686930
-16.939,trivial_move,3,2686931
-16.931,trivial_move,4,2686932
-16.929,flush_begin,0,0
-16.914,flush_end,0,2686932
-16.898,trivial_move,3,2686931
-16.890,trivial_move,4,2686930
-16.888,flush_begin,0,0
-16.872,flush_end,0,2686930
-16.856,trivial_move,3,2686930
-16.848,trivial_move,4,2686931
-16.844,flush_begin,0,0
-16.829,flush_end,0,2686931
-16.813,trivial_move,3,2686932
-16.805,trivial_move,4,2686931
-16.802,flush_begin,0,0
-16.788,flush_end,0,2686931
-16.772,trivial_move,3,2686930
-16.764,trivial_move,4,2686931
-16.761,flush_begin,0,0
-16.747,flush_end,0,2686931
-16.731,trivial_move,3,2686932
-16.723,trivial_move,4,2686931
-16.720,flush_begin,0,0
-16.706,flush_end,0,2686931
-16.690,trivial_move,3,2686930
-16.682,trivial_move,4,2686931
-16.679,flush_begin,0,0
-16.664,flush_end,0,2686930
-16.648,trivial_move,3,2686931
-16.640,trivial_move,4,2686930
-16.638,flush_begin,0,0
-16.623,flush_end,0,2686930
-16.606,trivial_move,3,2686931
-16.598,trivial_move,4,2686933
-16.595,flush_begin,0,0
-16.580,flush_end,0,2686931
-16.563,trivial_move,3,2686930
-16.555,trivial_move,4,2686930
-16.552,flush_begin,0,0
-16.538,flush_end,0,2686931
-16.521,trivial_move,3,2686933
-16.513,trivial_move,4,2686932
-16.509,flush_begin,0,0
-16.495,flush_end,0,2686931
-16.479,trivial_move,3,2686930
-16.471,trivial_move,4,2686930
-16.468,flush_begin,0,0
-16.454,flush_end,0,2686931
-16.439,trivial_move,3,2686931
-16.431,trivial_move,4,2686930
-16.428,flush_begin,0,0
-16.414,flush_end,0,2686930
-16.398,trivial_move,3,2686931
-16.390,trivial_move,4,2686932
-16.387,flush_begin,0,0
-16.373,flush_end,0,2686933
-16.357,trivial_move,3,2686931
-16.349,trivial_move,4,2686930
-16.346,flush_begin,0,0
-16.331,flush_end,0,2686930
-16.315,trivial_move,3,2686931
-16.307,trivial_move,4,2686932
-16.305,flush_begin,0,0
-16.289,flush_end,0,2686932
-16.273,trivial_move,3,2686931
-16.265,trivial_move,4,2686930
-16.262,flush_begin,0,0
-16.248,flush_end,0,2686930
-16.232,trivial_move,3,2686930
-16.224,trivial_move,4,2686931
-16.221,flush_begin,0,0
-16.207,flush_end,0,2686931
-16.191,trivial_move,3,2686932
-16.183,trivial_move,4,2686931
-16.181,flush_begin,0,0
-16.166,flush_end,0,2686931
-16.150,trivial_move,3,2686930
-16.142,trivial_move,4,2686931
-16.139,flush_begin,0,0
-16.124,flush_end,0,2686930
-16.107,trivial_move,3,2686932
-16.099,trivial_move,4,2686931
-16.097,flush_begin,0,0
-16.082,flush_end,0,2686932
-16.066,trivial_move,3,2686930
-16.057,trivial_move,4,2686931
-16.055,flush_begin,0,0
-16.041,flush_end,0,2686930
-16.024,trivial_move,3,2686930
-16.016,trivial_move,4,2686930
-16.013,flush_begin,0,0
-15.998,flush_end,0,2686931
-15.982,trivial_move,3,2686932
-15.974,trivial_move,4,2686932
-15.971,flush_begin,0,0
-15.957,flush_end,0,2686931
-15.941,trivial_move,3,2686930
-15.933,trivial_move,4,2686930
-15.931,flush_begin,0,0
-15.917,flush_end,0,2686931
-15.901,trivial_move,3,2686932
-15.893,trivial_move,4,2686931
-15.890,flush_begin,0,0
-15.876,flush_end,0,2686931
-15.860,trivial_move,3,2686930
-15.852,trivial_move,4,2686931
-15.849,flush_begin,0,0
-15.835,flush_end,0,2686931
-15.818,trivial_move,3,2686931
-15.810,trivial_move,4,2686930
-15.808,flush_begin,0,0
-15.793,flush_end,0,2686930
-15.777,trivial_move,3,2686931
-15.769,trivial_move,4,2686932
-15.766,flush_begin,0,0
-15.751,flush_end,0,2686932
-15.736,trivial_move,3,2686931
-15.728,trivial_move,4,2686930
-15.725,flush_begin,0,0
-15.710,flush_end,0,2686930
-15.693,trivial_move,3,2686931
-15.685,trivial_move,4,2686933
-15.682,flush_begin,0,0
-15.668,flush_end,0,2686932
-15.651,trivial_move,3,2686933
-15.643,trivial_move,4,2686930
-15.641,flush_begin,0,0
-15.625,flush_end,0,2686930
-15.610,trivial_move,3,2686930
-15.602,trivial_move,4,2686931
-15.598,flush_begin,0,0
-15.583,flush_end,0,2686930
-15.567,trivial_move,3,2686932
-15.559,trivial_move,4,2686931
-15.556,flush_begin,0,0
-15.541,flush_end,0,2686932
-15.524,trivial_move,3,2686930
-15.516,trivial_move,4,2686931
-15.513,flush_begin,0,0
-15.498,flush_end,0,2686930
-15.481,trivial_move,3,2686931
-15.473,trivial_move,4,2686931
-15.470,flush_begin,0,0
-15.454,flush_end,0,2686933
-15.437,trivial_move,3,2686931
-15.429,trivial_move,4,2686930
-15.427,flush_begin,0,0
-15.411,flush_end,0,2686930
-15.394,trivial_move,3,2686930
-15.386,trivial_move,4,2686930
-15.383,flush_begin,0,0
-15.367,flush_end,0,2686931
-15.351,trivial_move,3,2686932
-15.343,trivial_move,4,2686931
-15.341,flush_begin,0,0
-15.326,flush_end,0,2686931
-15.309,trivial_move,3,2686930
-15.301,trivial_move,4,2686931
-15.297,flush_begin,0,0
-15.282,flush_end,0,2686931
-15.267,trivial_move,3,2686932
-15.260,trivial_move,4,2686931
-15.256,flush_begin,0,0
-15.241,flush_end,0,2686931
-15.226,trivial_move,3,2686930
-15.218,trivial_move,4,2686931
-15.215,flush_begin,0,0
-15.201,flush_end,0,2686931
-15.185,trivial_move,3,2686931
-15.177,trivial_move,4,2686930
-15.174,flush_begin,0,0
-15.159,flush_end,0,2686930
-15.143,trivial_move,3,2686931
-15.135,trivial_move,4,2686932
-15.132,flush_begin,0,0
-15.118,flush_end,0,2686932
-15.102,trivial_move,3,2686931
-15.094,trivial_move,4,2686930
-15.091,flush_begin,0,0
-15.077,flush_end,0,2686930
-15.060,trivial_move,3,2686931
-15.052,trivial_move,4,2686932
-15.050,flush_begin,0,0
-15.037,flush_end,0,2686931
-15.020,trivial_move,3,2686930
-15.012,trivial_move,4,2686930
-15.009,flush_begin,0,0
-14.994,flush_end,0,2686931
-14.977,trivial_move,3,2686930
-14.969,trivial_move,4,2686931
-14.966,flush_begin,0,0
-14.952,flush_end,0,2686930
-14.936,trivial_move,3,2686931
-14.928,trivial_move,4,2686931
-14.926,flush_begin,0,0
-14.910,flush_end,0,2686932
-14.894,trivial_move,3,2686931
-14.886,trivial_move,4,2686930
-14.884,flush_begin,0,0
-14.869,flush_end,0,2686930
-14.853,trivial_move,3,2686931
-14.845,trivial_move,4,2686932
-14.841,flush_begin,0,0
-14.827,flush_end,0,2686932
-14.810,trivial_move,3,2686931
-14.802,trivial_move,4,2686930
-14.799,flush_begin,0,0
-14.785,flush_end,0,2686930
-14.769,trivial_move,3,2686930
-14.761,trivial_move,4,2686932
-14.759,flush_begin,0,0
-14.745,flush_end,0,2686931
-14.728,trivial_move,3,2686933
-14.720,trivial_move,4,2686931
-14.718,flush_begin,0,0
-14.706,flush_end,0,2686931
-14.689,trivial_move,3,2686930
-14.681,trivial_move,4,2686931
-14.679,flush_begin,0,0
-14.666,flush_end,0,2686931
-14.649,trivial_move,3,2686932
-14.641,trivial_move,4,2686931
-14.639,flush_begin,0,0
-14.625,flush_end,0,2686931
-14.608,trivial_move,3,2686930
-14.600,trivial_move,4,2686931
-14.598,flush_begin,0,0
-14.584,flush_end,0,2686930
-14.568,trivial_move,3,2686931
-14.560,trivial_move,4,2686930
-14.558,flush_begin,0,0
-14.543,flush_end,0,2686930
-14.526,trivial_move,3,2686931
-14.518,trivial_move,4,2686932
-14.516,flush_begin,0,0
-14.502,flush_end,0,2686931
-14.485,trivial_move,3,2686930
-14.477,trivial_move,4,2686930
-14.474,flush_begin,0,0
-14.461,flush_end,0,2686931
-14.445,trivial_move,3,2686932
-14.437,trivial_move,4,2686932
-14.435,flush_begin,0,0
-14.421,flush_end,0,2686931
-14.405,trivial_move,3,2686930
-14.397,trivial_move,4,2686930
-14.393,flush_begin,0,0
-14.379,flush_end,0,2686931
-14.363,trivial_move,3,2686931
-14.355,trivial_move,4,2686930
-14.350,flush_begin,0,0
-14.336,flush_end,0,2686930
-14.320,trivial_move,3,2686931
-14.312,trivial_move,4,2686932
-14.308,flush_begin,0,0
-14.295,flush_end,0,2686932
-14.279,trivial_move,3,2686931
-14.271,trivial_move,4,2686930
-14.268,flush_begin,0,0
-14.254,flush_end,0,2686930
-14.237,trivial_move,3,2686931
-14.229,trivial_move,4,2686932
-14.227,flush_begin,0,0
-14.213,flush_end,0,2686932
-14.197,trivial_move,3,2686931
-14.189,trivial_move,4,2686930
-14.187,flush_begin,0,0
-14.173,flush_end,0,2686930
-14.157,trivial_move,3,2686930
-14.149,trivial_move,4,2686931
-14.147,flush_begin,0,0
-14.132,flush_end,0,2686931
-14.115,trivial_move,3,2686932
-14.107,trivial_move,4,2686931
-14.105,flush_begin,0,0
-14.090,flush_end,0,2686931
-14.073,trivial_move,3,2686930
-14.065,trivial_move,4,2686931
-14.062,flush_begin,0,0
-14.047,flush_end,0,2686930
-14.030,trivial_move,3,2686932
-14.022,trivial_move,4,2686931
-14.019,flush_begin,0,0
-14.005,flush_end,0,2686932
-13.988,trivial_move,3,2686930
-13.980,trivial_move,4,2686931
-13.977,flush_begin,0,0
-13.962,flush_end,0,2686930
-13.945,trivial_move,3,2686930
-13.937,trivial_move,4,2686930
-13.934,flush_begin,0,0
-13.919,flush_end,0,2686931
-13.902,trivial_move,3,2686932
-13.894,trivial_move,4,2686933
-13.891,flush_begin,0,0
-13.876,flush_end,0,2686931
-13.859,trivial_move,3,2686930
-13.851,trivial_move,4,2686930
-13.848,flush_begin,0,0
-13.832,flush_end,0,2686931
-13.815,trivial_move,3,2686933
-13.807,trivial_move,4,2686931
-13.805,flush_begin,0,0
-13.790,flush_end,0,2686931
-13.773,trivial_move,3,2686930
-13.764,trivial_move,4,2686931
-13.761,flush_begin,0,0
-13.745,flush_end,0,2686931
-13.728,trivial_move,3,2686931
-13.720,trivial_move,4,2686930
-13.718,flush_begin,0,0
-13.703,flush_end,0,2686930
-13.686,trivial_move,3,2686931
-13.678,trivial_move,4,2686932
-13.676,flush_begin,0,0
-13.661,flush_end,0,2686933
-13.645,trivial_move,3,2686931
-13.637,trivial_move,4,2686930
-13.634,flush_begin,0,0
-13.618,flush_end,0,2686930
-13.602,trivial_move,3,2686931
-13.594,trivial_move,4,2686932
-13.592,flush_begin,0,0
-13.576,flush_end,0,2686932
-13.559,trivial_move,3,2686931
-13.551,trivial_move,4,2686930
-13.547,flush_begin,0,0
-13.531,flush_end,0,2686930
-13.515,trivial_move,3,2686930
-13.507,trivial_move,4,2686931
-13.503,flush_begin,0,0
-13.488,flush_end,0,2686930
-13.472,trivial_move,3,2686932
-13.464,trivial_move,4,2686931
-13.462,flush_begin,0,0
-13.448,flush_end,0,2686932
-13.432,trivial_move,3,2686930
-13.424,trivial_move,4,2686931
-13.423,flush_begin,0,0
-13.409,flush_end,0,2686930
-13.393,trivial_move,3,2686931
-13.385,trivial_move,4,2686931
-13.383,flush_begin,0,0
-13.370,flush_end,0,2686932
-13.354,trivial_move,3,2686931
-13.346,trivial_move,4,2686930
-13.344,flush_begin,0,0
-13.330,flush_end,0,2686930
-13.314,trivial_move,3,2686930
-13.306,trivial_move,4,2686930
-13.304,flush_begin,0,0
-13.291,flush_end,0,2686931
-13.275,trivial_move,3,2686932
-13.267,trivial_move,4,2686931
-13.265,flush_begin,0,0
-13.251,flush_end,0,2686931
-13.235,trivial_move,3,2686930
-13.227,trivial_move,4,2686931
-13.224,flush_begin,0,0
-13.211,flush_end,0,2686931
-13.195,trivial_move,3,2686932
-13.187,trivial_move,4,2686931
-13.185,flush_begin,0,0
-13.170,flush_end,0,2686931
-13.154,trivial_move,3,2686930
-13.146,trivial_move,4,2686931
-13.144,flush_begin,0,0
-13.130,flush_end,0,2686931
-13.114,trivial_move,3,2686931
-13.106,trivial_move,4,2686930
-13.103,flush_begin,0,0
-13.089,flush_end,0,2686930
-13.073,trivial_move,3,2686931
-13.065,trivial_move,4,2686932
-13.062,flush_begin,0,0
-13.048,flush_end,0,2686932
-13.032,trivial_move,3,2686931
-13.024,trivial_move,4,2686930
-13.021,flush_begin,0,0
-13.007,flush_end,0,2686930
-12.991,trivial_move,3,2686931
-12.983,trivial_move,4,2686933
-12.981,flush_begin,0,0
-12.966,flush_end,0,2686931
-12.949,trivial_move,3,2686930
-12.941,trivial_move,4,2686930
-12.938,flush_begin,0,0
-12.923,flush_end,0,2686931
-12.906,trivial_move,3,2686930
-12.898,trivial_move,4,2686931
-12.895,flush_begin,0,0
-12.879,flush_end,0,2686930
-12.863,trivial_move,3,2686931
-12.855,trivial_move,4,2686931
-12.852,flush_begin,0,0
-12.837,flush_end,0,2686932
-12.819,trivial_move,3,2686931
-12.809,trivial_move,4,2686930
-12.806,flush_begin,0,0
-12.791,flush_end,0,2686930
-12.774,trivial_move,3,2686931
-12.766,trivial_move,4,2686932
-12.763,flush_begin,0,0
-12.747,flush_end,0,2686933
-12.730,trivial_move,3,2686931
-12.722,trivial_move,4,2686930
-12.721,flush_begin,0,0
-12.706,flush_end,0,2686930
-12.689,trivial_move,3,2686930
-12.681,trivial_move,4,2686931
-12.677,flush_begin,0,0
-12.660,flush_end,0,2686931
-12.643,trivial_move,3,2686932
-12.635,trivial_move,4,2686931
-12.631,flush_begin,0,0
-12.616,flush_end,0,2686931
-12.599,trivial_move,3,2686930
-12.591,trivial_move,4,2686931
-12.588,flush_begin,0,0
-12.572,flush_end,0,2686931
-12.555,trivial_move,3,2686932
-12.547,trivial_move,4,2686931
-12.544,flush_begin,0,0
-12.530,flush_end,0,2686931
-12.513,trivial_move,3,2686930
-12.505,trivial_move,4,2686931
-12.502,flush_begin,0,0
-12.487,flush_end,0,2686930
-12.470,trivial_move,3,2686931
-12.462,trivial_move,4,2686930
-12.459,flush_begin,0,0
-12.444,flush_end,0,2686930
-12.429,trivial_move,3,2686931
-12.421,trivial_move,4,2686932
-12.419,flush_begin,0,0
-12.404,flush_end,0,2686931
-12.388,trivial_move,3,2686930
-12.380,trivial_move,4,2686930
-12.377,flush_begin,0,0
-12.363,flush_end,0,2686931
-12.347,trivial_move,3,2686932
-12.339,trivial_move,4,2686932
-12.336,flush_begin,0,0
-12.321,flush_end,0,2686931
-12.304,trivial_move,3,2686930
-12.296,trivial_move,4,2686930
-12.293,flush_begin,0,0
-12.278,flush_end,0,2686931
-12.261,trivial_move,3,2686931
-12.253,trivial_move,4,2686930
-12.250,flush_begin,0,0
-12.234,flush_end,0,2686930
-12.217,trivial_move,3,2686931
-12.209,trivial_move,4,2686932
-12.206,flush_begin,0,0
-12.192,flush_end,0,2686932
-12.175,trivial_move,3,2686931
-12.167,trivial_move,4,2686930
-12.165,flush_begin,0,0
-12.150,flush_end,0,2686930
-12.134,trivial_move,3,2686931
-12.126,trivial_move,4,2686932
-12.123,flush_begin,0,0
-12.108,flush_end,0,2686932
-12.091,trivial_move,3,2686931
-12.083,trivial_move,4,2686930
-12.080,flush_begin,0,0
-12.065,flush_end,0,2686930
-12.048,trivial_move,3,2686930
-12.040,trivial_move,4,2686932
-12.037,flush_begin,0,0
-12.023,flush_end,0,2686931
-12.006,trivial_move,3,2686933
-11.998,trivial_move,4,2686931
-11.996,flush_begin,0,0
-11.980,flush_end,0,2686931
-11.963,trivial_move,3,2686930
-11.955,trivial_move,4,2686931
-11.952,flush_begin,0,0
-11.938,flush_end,0,2686930
-11.921,trivial_move,3,2686932
-11.913,trivial_move,4,2686931
-11.910,flush_begin,0,0
-11.896,flush_end,0,2686932
-11.879,trivial_move,3,2686930
-11.871,trivial_move,4,2686931
-11.868,flush_begin,0,0
-11.853,flush_end,0,2686930
-11.836,trivial_move,3,2686930
-11.828,trivial_move,4,2686930
-11.826,flush_begin,0,0
-11.811,flush_end,0,2686932
-11.794,trivial_move,3,2686932
-11.786,trivial_move,4,2686932
-11.783,flush_begin,0,0
-11.768,flush_end,0,2686931
-11.751,trivial_move,3,2686930
-11.743,trivial_move,4,2686930
-11.740,flush_begin,0,0
-11.725,flush_end,0,2686931
-11.708,trivial_move,3,2686932
-11.700,trivial_move,4,2686931
-11.697,flush_begin,0,0
-11.681,flush_end,0,2686931
-11.664,trivial_move,3,2686930
-11.656,trivial_move,4,2686931
-11.653,flush_begin,0,0
-11.638,flush_end,0,2686931
-11.622,trivial_move,3,2686931
-11.614,trivial_move,4,2686930
-11.610,flush_begin,0,0
-11.595,flush_end,0,2686930
-11.579,trivial_move,3,2686931
-11.571,trivial_move,4,2686932
-11.568,flush_begin,0,0
-11.555,flush_end,0,2686932
-11.541,trivial_move,3,2686931
-11.533,trivial_move,4,2686930
-11.530,flush_begin,0,0
-11.515,flush_end,0,2686930
-11.499,trivial_move,3,2686931
-11.491,trivial_move,4,2686932
-11.490,flush_begin,0,0
-11.476,flush_end,0,2686932
-11.460,trivial_move,3,2686931
-11.452,trivial_move,4,2686930
-11.451,flush_begin,0,0
-11.438,flush_end,0,2686930
-11.420,trivial_move,3,2686930
-11.410,trivial_move,4,2686931
-11.407,flush_begin,0,0
-11.391,flush_end,0,2686930
-11.373,trivial_move,3,2686932
-11.365,trivial_move,4,2686931
-11.364,flush_begin,0,0
-11.349,flush_end,0,2686932
-11.333,trivial_move,3,2686930
-11.325,trivial_move,4,2686931
-11.324,flush_begin,0,0
-11.309,flush_end,0,2686930
-11.293,trivial_move,3,2686931
-11.285,trivial_move,4,2686931
-11.284,flush_begin,0,0
-11.267,flush_end,0,2686932
-11.251,trivial_move,3,2686931
-11.243,trivial_move,4,2686930
-11.240,flush_begin,0,0
-11.221,flush_end,0,2686930
-11.205,trivial_move,3,2686930
-11.197,trivial_move,4,2686930
-11.195,flush_begin,0,0
-11.179,flush_end,0,2686931
-11.162,trivial_move,3,2686932
-11.150,trivial_move,4,2686931
-11.145,flush_begin,0,0
-11.128,flush_end,0,2686931
-11.105,trivial_move,3,2686930
-11.097,trivial_move,4,2686932
-11.095,flush_begin,0,0
-11.076,flush_end,0,2686931
-11.058,trivial_move,3,2686933
-11.050,trivial_move,4,2686931
-11.046,flush_begin,0,0
-11.029,flush_end,0,2686931
-11.012,trivial_move,3,2686930
-11.004,trivial_move,4,2686931
-11.002,flush_begin,0,0
-10.984,flush_end,0,2686931
-10.966,trivial_move,3,2686931
-10.955,trivial_move,4,2686930
-10.955,flush_begin,0,0
-10.936,flush_end,0,2686930
-10.919,trivial_move,3,2686931
-10.910,trivial_move,4,2686932
-10.910,flush_begin,0,0
-10.893,flush_end,0,2686933
-10.876,trivial_move,3,2686931
-10.868,trivial_move,4,2686930
-10.863,flush_begin,0,0
-10.845,flush_end,0,2686930
-10.827,trivial_move,3,2686931
-10.818,trivial_move,4,2686932
-10.816,flush_begin,0,0
-10.799,flush_end,0,2686931
-10.782,trivial_move,3,2686930
-10.774,trivial_move,4,2686930
-10.773,flush_begin,0,0
-10.753,flush_end,0,2686931
-10.736,trivial_move,3,2686930
-10.728,trivial_move,4,2686931
-10.726,flush_begin,0,0
-10.706,flush_end,0,2686930
-10.689,trivial_move,3,2686931
-10.681,trivial_move,4,2686931
-10.678,flush_begin,0,0
-10.661,flush_end,0,2686932
-10.644,trivial_move,3,2686931
-10.636,trivial_move,4,2686930
-10.633,flush_begin,0,0
-10.616,flush_end,0,2686930
-10.599,trivial_move,3,2686931
-10.591,trivial_move,4,2686932
-10.588,flush_begin,0,0
-10.569,flush_end,0,2686932
-10.550,trivial_move,3,2686931
-10.542,trivial_move,4,2686930
-10.540,flush_begin,0,0
-10.522,flush_end,0,2686930
-10.507,trivial_move,3,2686930
-10.499,trivial_move,4,2686931
-10.497,flush_begin,0,0
-10.481,flush_end,0,2686931
-10.465,trivial_move,3,2686932
-10.457,trivial_move,4,2686931
-10.453,flush_begin,0,0
-10.434,flush_end,0,2686931
-10.416,trivial_move,3,2686930
-10.408,trivial_move,4,2686931
-10.407,flush_begin,0,0
-10.387,flush_end,0,2686931
-10.370,trivial_move,3,2686932
-10.369,flush_begin,0,0
-10.350,flush_end,0,2686931
-10.333,trivial_move,3,2686930
-10.323,trivial_move,4,2686931
-10.323,flush_begin,0,0
-10.303,flush_end,0,2686930
-10.294,flush_begin,0,0
-10.276,flush_end,0,2686930
-10.257,trivial_move,3,2686931
-10.257,flush_begin,0,0
-10.240,flush_end,0,2686931
-10.223,trivial_move,3,2686931
-10.223,flush_begin,0,0
-10.205,flush_end,0,2686931
-10.187,trivial_move,3,2686930
-10.187,flush_begin,0,0
-10.169,flush_end,0,2686931
-10.152,trivial_move,3,2686932
-10.152,flush_begin,0,0
-10.135,flush_end,0,2686931
-10.118,trivial_move,3,2686930
-10.118,flush_begin,0,0
-10.099,flush_end,0,2686930
-10.081,trivial_move,3,2686932
-10.081,flush_begin,0,0
-10.066,flush_end,0,2686932
-10.046,trivial_move,3,2686931
-10.046,flush_begin,0,0
-10.030,flush_end,0,2686930
-10.012,trivial_move,3,2686931
-10.012,flush_begin,0,0
-9.998,flush_end,0,2686933
-9.978,trivial_move,3,2686931
-9.978,flush_begin,0,0
-9.965,flush_end,0,2686930
-9.948,trivial_move,3,2686931
-9.948,flush_begin,0,0
-9.933,flush_end,0,2686931
-9.915,trivial_move,3,2686930
-9.915,flush_begin,0,0
-9.896,flush_end,0,2686931
-9.878,trivial_move,3,2686932
-9.878,flush_begin,0,0
-9.864,flush_end,0,2686930
-9.846,trivial_move,3,2686930
-9.837,trivial_move,4,2686931
-9.837,flush_begin,0,0
-9.820,flush_end,0,2686932
-9.802,trivial_move,3,2686932
-9.802,flush_begin,0,0
-9.787,flush_end,0,2686930
-9.770,trivial_move,3,2686930
-9.760,trivial_move,4,2686930
-9.760,flush_begin,0,0
-9.743,flush_end,0,2686931
-9.726,trivial_move,3,2686930
-9.726,flush_begin,0,0
-9.710,flush_end,0,2686931
-9.693,trivial_move,3,2686932
-9.693,flush_begin,0,0
-9.679,flush_end,0,2686931
-9.662,trivial_move,3,2686930
-9.654,trivial_move,4,2686932
-9.646,trivial_move,4,2686930
-9.646,flush_begin,0,0
-9.630,flush_end,0,2686931
-9.613,trivial_move,3,2686932
-9.605,trivial_move,4,2686933
-9.596,trivial_move,4,2686930
-9.596,flush_begin,0,0
-9.579,flush_end,0,2686931
-9.563,trivial_move,3,2686930
-9.555,trivial_move,4,2686930
-9.546,trivial_move,4,2686932
-9.546,flush_begin,0,0
-9.527,flush_end,0,2686930
-9.510,trivial_move,3,2686931
-9.502,trivial_move,4,2686930
-9.492,trivial_move,4,2686932
-9.492,flush_begin,0,0
-9.476,flush_end,0,2686932
-9.459,trivial_move,3,2686931
-9.450,trivial_move,4,2686930
-9.441,trivial_move,4,2686931
-9.434,trivial_move,4,2686931
-9.426,trivial_move,3,2686931
-9.417,trivial_move,4,2686931
-9.417,flush_begin,0,0
-9.399,flush_end,0,2686930
-9.382,trivial_move,4,2686931
-9.374,trivial_move,3,2686931
-9.366,trivial_move,4,2686931
-9.357,trivial_move,4,2686930
-9.349,trivial_move,4,2686932
-9.349,flush_begin,0,0
-9.329,flush_end,0,2686932
-9.312,trivial_move,3,2686931
-9.304,trivial_move,4,2686930
-9.296,trivial_move,4,2686931
-9.288,trivial_move,4,2686931
-9.281,trivial_move,4,2686930
-9.275,trivial_move,4,2686932
-9.275,flush_begin,0,0
-9.253,flush_end,0,2686930
-9.237,trivial_move,3,2686930
-9.229,trivial_move,4,2686930
-9.221,trivial_move,4,2686932
-9.208,trivial_move,4,2686930
-9.201,trivial_move,4,2686932
-9.198,flush_begin,0,0
-9.176,flush_end,0,2686930
-9.160,trivial_move,3,2686933
-9.152,trivial_move,4,2686931
-9.146,flush_begin,0,0
-9.125,flush_end,0,2686932
-9.108,trivial_move,3,2686930
-9.101,trivial_move,4,2686931
-9.097,flush_begin,0,0
-9.080,flush_end,0,2686930
-9.063,trivial_move,3,2686931
-9.055,trivial_move,4,2686931
-9.052,flush_begin,0,0
-9.034,flush_end,0,2686932
-9.017,trivial_move,3,2686931
-9.009,trivial_move,4,2686930
-9.008,flush_begin,0,0
-8.988,flush_end,0,2686930
-8.971,trivial_move,3,2686930
-8.963,trivial_move,4,2686930
-8.961,flush_begin,0,0
-8.942,flush_end,0,2686932
-8.925,trivial_move,3,2686932
-8.916,trivial_move,4,2686931
-8.916,flush_begin,0,0
-8.896,flush_end,0,2686931
-8.878,trivial_move,3,2686930
-8.878,flush_begin,0,0
-8.862,flush_end,0,2686931
-8.844,trivial_move,3,2686932
-8.837,trivial_move,4,2686931
-8.829,trivial_move,4,2686931
-8.829,flush_begin,0,0
-8.809,flush_end,0,2686931
-8.791,trivial_move,3,2686930
-8.782,trivial_move,4,2686931
-8.782,flush_begin,0,0
-8.765,flush_end,0,2686931
-8.748,trivial_move,3,2686931
-8.740,trivial_move,4,2686930
-8.738,flush_begin,0,0
-8.722,flush_end,0,2686930
-8.705,trivial_move,3,2686931
-8.697,trivial_move,4,2686932
-8.695,flush_begin,0,0
-8.678,flush_end,0,2686932
-8.661,trivial_move,3,2686931
-8.653,trivial_move,4,2686930
-8.651,flush_begin,0,0
-8.634,flush_end,0,2686930
-8.617,trivial_move,3,2686931
-8.609,trivial_move,4,2686932
-8.608,flush_begin,0,0
-8.592,flush_end,0,2686931
-8.575,trivial_move,3,2686930
-8.567,trivial_move,4,2686930
-8.565,flush_begin,0,0
-8.549,flush_end,0,2686931
-8.532,trivial_move,3,2686930
-8.524,trivial_move,4,2686931
-8.521,flush_begin,0,0
-8.504,flush_end,0,2686930
-8.487,trivial_move,3,2686931
-8.479,trivial_move,4,2686931
-8.478,flush_begin,0,0
-8.459,flush_end,0,2686932
-8.443,trivial_move,3,2686931
-8.435,trivial_move,4,2686930
-8.435,flush_begin,0,0
-8.419,flush_end,0,2686930
-8.402,trivial_move,3,2686931
-8.394,trivial_move,4,2686932
-8.394,flush_begin,0,0
-8.378,flush_end,0,2686932
-8.361,trivial_move,3,2686931
-8.353,trivial_move,4,2686930
-8.353,flush_begin,0,0
-8.337,flush_end,0,2686930
-8.319,trivial_move,3,2686930
-8.319,flush_begin,0,0
-8.305,flush_end,0,2686931
-8.288,trivial_move,3,2686932
-8.280,trivial_move,4,2686931
-8.272,trivial_move,4,2686931
-8.271,flush_begin,0,0
-8.253,flush_end,0,2686931
-8.237,trivial_move,3,2686930
-8.229,trivial_move,4,2686933
-8.227,flush_begin,0,0
-8.210,flush_end,0,2686931
-8.195,trivial_move,3,2686933
-8.187,trivial_move,4,2686931
-8.187,flush_begin,0,0
-8.168,flush_end,0,2686931
-8.152,trivial_move,3,2686930
-8.144,trivial_move,4,2686931
-8.144,flush_begin,0,0
-8.128,flush_end,0,2686930
-8.111,trivial_move,3,2686931
-8.103,trivial_move,4,2686930
-8.102,flush_begin,0,0
-8.084,flush_end,0,2686930
-8.067,trivial_move,3,2686931
-8.058,trivial_move,4,2686932
-8.057,flush_begin,0,0
-8.038,flush_end,0,2686931
-8.021,trivial_move,3,2686930
-8.012,trivial_move,4,2686930
-8.012,flush_begin,0,0
-7.994,flush_end,0,2686933
-7.976,trivial_move,3,2686932
-7.976,flush_begin,0,0
-7.962,flush_end,0,2686931
-7.945,trivial_move,3,2686930
-7.937,trivial_move,4,2686932
-7.929,trivial_move,4,2686930
-7.929,flush_begin,0,0
-7.912,flush_end,0,2686931
-7.895,trivial_move,3,2686931
-7.886,trivial_move,4,2686930
-7.886,flush_begin,0,0
-7.871,flush_end,0,2686930
-7.854,trivial_move,3,2686931
-7.846,trivial_move,4,2686932
-7.844,flush_begin,0,0
-7.826,flush_end,0,2686932
-7.810,trivial_move,3,2686931
-7.802,trivial_move,4,2686930
-7.801,flush_begin,0,0
-7.783,flush_end,0,2686930
-7.766,trivial_move,3,2686931
-7.758,trivial_move,4,2686932
-7.756,flush_begin,0,0
-7.739,flush_end,0,2686932
-7.723,trivial_move,3,2686931
-7.715,trivial_move,4,2686930
-7.713,flush_begin,0,0
-7.697,flush_end,0,2686930
-7.680,trivial_move,3,2686930
-7.672,trivial_move,4,2686931
-7.670,flush_begin,0,0
-7.655,flush_end,0,2686931
-7.639,trivial_move,3,2686932
-7.631,trivial_move,4,2686931
-7.627,flush_begin,0,0
-7.609,flush_end,0,2686931
-7.592,trivial_move,3,2686930
-7.584,trivial_move,4,2686931
-7.583,flush_begin,0,0
-7.567,flush_end,0,2686930
-7.551,trivial_move,3,2686932
-7.543,trivial_move,4,2686931
-7.541,flush_begin,0,0
-7.524,flush_end,0,2686932
-7.506,trivial_move,3,2686930
-7.497,trivial_move,4,2686931
-7.496,flush_begin,0,0
-7.478,flush_end,0,2686930
-7.461,trivial_move,3,2686930
-7.453,trivial_move,4,2686930
-7.452,flush_begin,0,0
-7.434,flush_end,0,2686931
-7.417,trivial_move,3,2686932
-7.409,trivial_move,4,2686932
-7.404,flush_begin,0,0
-7.388,flush_end,0,2686931
-7.371,trivial_move,3,2686930
-7.363,trivial_move,4,2686930
-7.360,flush_begin,0,0
-7.343,flush_end,0,2686931
-7.325,trivial_move,3,2686932
-7.317,trivial_move,4,2686931
-7.315,flush_begin,0,0
-7.298,flush_end,0,2686931
-7.281,trivial_move,3,2686930
-7.273,trivial_move,4,2686932
-7.271,flush_begin,0,0
-7.254,flush_end,0,2686931
-7.237,trivial_move,3,2686932
-7.229,trivial_move,4,2686930
-7.227,flush_begin,0,0
-7.209,flush_end,0,2686930
-7.192,trivial_move,3,2686931
-7.183,trivial_move,4,2686932
-7.183,flush_begin,0,0
-7.167,flush_end,0,2686932
-7.150,trivial_move,3,2686931
-7.142,trivial_move,4,2686930
-7.141,flush_begin,0,0
-7.123,flush_end,0,2686930
-7.107,trivial_move,3,2686931
-7.099,trivial_move,4,2686932
-7.097,flush_begin,0,0
-7.079,flush_end,0,2686933
-7.062,trivial_move,3,2686931
-7.051,trivial_move,4,2686930
-7.051,flush_begin,0,0
-7.033,flush_end,0,2686930
-7.016,trivial_move,3,2686930
-7.007,trivial_move,4,2686931
-7.007,flush_begin,0,0
-6.988,flush_end,0,2686930
-6.971,trivial_move,3,2686932
-6.963,trivial_move,4,2686931
-6.963,flush_begin,0,0
-6.947,flush_end,0,2686932
-6.930,trivial_move,3,2686930
-6.922,trivial_move,4,2686931
-6.920,flush_begin,0,0
-6.903,flush_end,0,2686930
-6.886,trivial_move,3,2686931
-6.878,trivial_move,4,2686931
-6.876,flush_begin,0,0
-6.861,flush_end,0,2686932
-6.844,trivial_move,3,2686931
-6.836,trivial_move,4,2686930
-6.832,flush_begin,0,0
-6.816,flush_end,0,2686930
-6.799,trivial_move,3,2686930
-6.791,trivial_move,4,2686930
-6.789,flush_begin,0,0
-6.772,flush_end,0,2686931
-6.755,trivial_move,3,2686932
-6.747,trivial_move,4,2686931
-6.744,flush_begin,0,0
-6.727,flush_end,0,2686931
-6.710,trivial_move,3,2686930
-6.701,trivial_move,4,2686931
-6.699,flush_begin,0,0
-6.683,flush_end,0,2686931
-6.666,trivial_move,3,2686932
-6.658,trivial_move,4,2686931
-6.656,flush_begin,0,0
-6.638,flush_end,0,2686931
-6.621,trivial_move,3,2686930
-6.613,trivial_move,4,2686931
-6.612,flush_begin,0,0
-6.599,flush_end,0,2686931
-6.582,trivial_move,3,2686931
-6.574,trivial_move,4,2686930
-6.574,flush_begin,0,0
-6.561,flush_end,0,2686930
-6.544,trivial_move,3,2686931
-6.544,flush_begin,0,0
-6.531,flush_end,0,2686932
-6.513,trivial_move,3,2686931
-6.513,flush_begin,0,0
-6.500,flush_end,0,2686930
-6.483,trivial_move,3,2686931
-6.483,flush_begin,0,0
-6.472,flush_end,0,2686931
-6.455,trivial_move,3,2686930
-6.455,flush_begin,0,0
-6.442,flush_end,0,2686931
-6.426,trivial_move,3,2686930
-6.426,flush_begin,0,0
-6.411,flush_end,0,2686930
-6.394,trivial_move,3,2686931
-6.386,trivial_move,4,2686932
-6.386,flush_begin,0,0
-6.373,flush_end,0,2686932
-6.356,trivial_move,3,2686933
-6.348,trivial_move,4,2686930
-6.348,flush_begin,0,0
-6.336,flush_end,0,2686930
-6.319,trivial_move,3,2686931
-6.311,trivial_move,4,2686932
-6.311,flush_begin,0,0
-6.296,flush_end,0,2686932
-6.279,trivial_move,3,2686931
-6.271,trivial_move,4,2686930
-6.271,flush_begin,0,0
-6.256,flush_end,0,2686930
-6.239,trivial_move,3,2686930
-6.231,trivial_move,4,2686932
-6.231,flush_begin,0,0
-6.216,flush_end,0,2686932
-6.199,trivial_move,3,2686932
-6.191,trivial_move,4,2686931
-6.191,flush_begin,0,0
-6.176,flush_end,0,2686931
-6.159,trivial_move,3,2686930
-6.151,trivial_move,4,2686930
-6.151,flush_begin,0,0
-6.134,flush_end,0,2686931
-6.117,trivial_move,3,2686932
-6.109,trivial_move,4,2686932
-6.101,trivial_move,4,2686930
-6.101,flush_begin,0,0
-6.083,flush_end,0,2686931
-6.065,trivial_move,3,2686930
-6.055,trivial_move,4,2686931
-6.055,flush_begin,0,0
-6.037,flush_end,0,2686930
-6.020,trivial_move,3,2686931
-6.011,trivial_move,4,2686931
-6.011,flush_begin,0,0
-5.994,flush_end,0,2686930
-5.977,trivial_move,3,2686931
-5.968,trivial_move,4,2686931
-5.968,flush_begin,0,0
-5.953,flush_end,0,2686931
-5.936,trivial_move,3,2686930
-5.928,trivial_move,4,2686931
-5.920,trivial_move,4,2686931
-5.911,trivial_move,4,2686930
-5.911,flush_begin,0,0
-5.894,flush_end,0,2686931
-5.878,trivial_move,3,2686932
-5.870,trivial_move,4,2686932
-5.862,trivial_move,4,2686930
-5.854,trivial_move,4,2686932
-5.852,flush_begin,0,0
-5.835,flush_end,0,2686931
-5.818,trivial_move,3,2686930
-5.810,trivial_move,4,2686930
-5.806,flush_begin,0,0
-5.788,flush_end,0,2686931
-5.770,trivial_move,3,2686931
-5.761,trivial_move,4,2686930
-5.758,flush_begin,0,0
-5.740,flush_end,0,2686930
-5.723,trivial_move,3,2686931
-5.715,trivial_move,4,2686932
-5.713,flush_begin,0,0
-5.692,flush_end,0,2686932
-5.671,trivial_move,3,2686931
-5.671,flush_begin,0,0
-5.650,flush_end,0,2686930
-5.633,trivial_move,3,2686931
-5.633,flush_begin,0,0
-5.615,flush_end,0,2686932
-5.597,trivial_move,3,2686931
-5.597,flush_begin,0,0
-5.581,flush_end,0,2686930
-5.564,trivial_move,3,2686930
-5.556,trivial_move,4,2686930
-5.547,trivial_move,4,2686932
-5.547,flush_begin,0,0
-5.531,flush_end,0,2686931
-5.514,trivial_move,3,2686932
-5.506,trivial_move,4,2686930
-5.498,trivial_move,4,2686931
-5.498,flush_begin,0,0
-5.480,flush_end,0,2686931
-5.463,trivial_move,3,2686930
-5.455,trivial_move,4,2686931
-5.447,trivial_move,4,2686932
-5.447,flush_begin,0,0
-5.428,flush_end,0,2686930
-5.410,trivial_move,3,2686933
-5.402,trivial_move,4,2686931
-5.398,flush_begin,0,0
-5.382,flush_end,0,2686932
-5.365,trivial_move,3,2686930
-5.356,trivial_move,4,2686931
-5.354,flush_begin,0,0
-5.336,flush_end,0,2686930
-5.318,trivial_move,3,2686930
-5.310,trivial_move,4,2686930
-5.307,flush_begin,0,0
-5.288,flush_end,0,2686931
-5.271,trivial_move,3,2686932
-5.263,trivial_move,4,2686932
-5.262,flush_begin,0,0
-5.243,flush_end,0,2686931
-5.225,trivial_move,3,2686930
-5.217,trivial_move,4,2686930
-5.216,flush_begin,0,0
-5.198,flush_end,0,2686932
-5.181,trivial_move,3,2686932
-5.172,trivial_move,4,2686931
-5.172,flush_begin,0,0
-5.154,flush_end,0,2686931
-5.137,trivial_move,3,2686930
-5.127,trivial_move,4,2686931
-5.127,flush_begin,0,0
-5.111,flush_end,0,2686931
-5.094,trivial_move,3,2686931
-5.086,trivial_move,4,2686930
-5.084,flush_begin,0,0
-5.068,flush_end,0,2686930
-5.051,trivial_move,3,2686931
-5.042,trivial_move,4,2686932
-5.040,flush_begin,0,0
-5.024,flush_end,0,2686932
-5.007,trivial_move,3,2686931
-4.999,trivial_move,4,2686930
-4.997,flush_begin,0,0
-4.982,flush_end,0,2686930
-4.965,trivial_move,3,2686931
-4.957,trivial_move,4,2686932
-4.956,flush_begin,0,0
-4.941,flush_end,0,2686932
-4.924,trivial_move,3,2686931
-4.916,trivial_move,4,2686930
-4.915,flush_begin,0,0
-4.898,flush_end,0,2686930
-4.881,trivial_move,3,2686930
-4.873,trivial_move,4,2686931
-4.872,flush_begin,0,0
-4.856,flush_end,0,2686930
-4.839,trivial_move,3,2686932
-4.831,trivial_move,4,2686931
-4.829,flush_begin,0,0
-4.811,flush_end,0,2686932
-4.794,trivial_move,3,2686930
-4.786,trivial_move,4,2686931
-4.786,flush_begin,0,0
-4.770,flush_end,0,2686930
-4.753,trivial_move,3,2686931
-4.745,trivial_move,4,2686931
-4.743,flush_begin,0,0
-4.727,flush_end,0,2686932
-4.710,trivial_move,3,2686931
-4.702,trivial_move,4,2686930
-4.700,flush_begin,0,0
-4.683,flush_end,0,2686930
-4.666,trivial_move,3,2686930
-4.658,trivial_move,4,2686930
-4.656,flush_begin,0,0
-4.638,flush_end,0,2686931
-4.621,trivial_move,3,2686932
-4.621,flush_begin,0,0
-4.605,flush_end,0,2686931
-4.587,trivial_move,3,2686930
-4.579,trivial_move,4,2686931
-4.570,trivial_move,4,2686931
-4.569,flush_begin,0,0
-4.552,flush_end,0,2686931
-4.535,trivial_move,3,2686932
-4.527,trivial_move,4,2686931
-4.525,flush_begin,0,0
-4.507,flush_end,0,2686931
-4.490,trivial_move,3,2686930
-4.482,trivial_move,4,2686932
-4.480,flush_begin,0,0
-4.461,flush_end,0,2686931
-4.443,trivial_move,3,2686932
-4.443,flush_begin,0,0
-4.427,flush_end,0,2686930
-4.410,trivial_move,3,2686931
-4.402,trivial_move,4,2686930
-4.394,trivial_move,4,2686932
-4.394,flush_begin,0,0
-4.377,flush_end,0,2686932
-4.360,trivial_move,3,2686931
-4.352,trivial_move,4,2686930
-4.351,flush_begin,0,0
-4.335,flush_end,0,2686930
-4.318,trivial_move,3,2686931
-4.310,trivial_move,4,2686932
-4.307,flush_begin,0,0
-4.290,flush_end,0,2686931
-4.273,trivial_move,3,2686930
-4.265,trivial_move,4,2686930
-4.264,flush_begin,0,0
-4.247,flush_end,0,2686932
-4.230,trivial_move,3,2686930
-4.222,trivial_move,4,2686931
-4.221,flush_begin,0,0
-4.202,flush_end,0,2686930
-4.185,trivial_move,3,2686931
-4.177,trivial_move,4,2686931
-4.174,flush_begin,0,0
-4.154,flush_end,0,2686932
-4.137,trivial_move,3,2686931
-4.128,trivial_move,4,2686930
-4.128,flush_begin,0,0
-4.108,flush_end,0,2686930
-4.090,trivial_move,3,2686931
-4.090,flush_begin,0,0
-4.074,flush_end,0,2686932
-4.057,trivial_move,3,2686931
-4.049,trivial_move,4,2686932
-4.041,trivial_move,4,2686930
-4.040,flush_begin,0,0
-4.022,flush_end,0,2686930
-4.006,trivial_move,3,2686930
-3.998,trivial_move,4,2686931
-3.996,flush_begin,0,0
-3.978,flush_end,0,2686931
-3.961,trivial_move,3,2686932
-3.953,trivial_move,4,2686931
-3.952,flush_begin,0,0
-3.936,flush_end,0,2686931
-3.919,trivial_move,3,2686930
-3.911,trivial_move,4,2686931
-3.909,flush_begin,0,0
-3.892,flush_end,0,2686931
-3.875,trivial_move,3,2686932
-3.867,trivial_move,4,2686931
-3.867,flush_begin,0,0
-3.850,flush_end,0,2686931
-3.841,flush_begin,0,0
-3.825,flush_end,0,2686930
-3.808,trivial_move,3,2686930
-3.808,flush_begin,0,0
-3.795,flush_end,0,2686930
-3.778,trivial_move,3,2686931
-3.770,trivial_move,3,2686931
-3.762,trivial_move,4,2686931
-3.762,flush_begin,0,0
-3.747,flush_end,0,2686931
-3.730,trivial_move,3,2686930
-3.721,trivial_move,4,2686930
-3.721,flush_begin,0,0
-3.707,flush_end,0,2686931
-3.690,trivial_move,3,2686932
-3.682,trivial_move,4,2686932
-3.674,trivial_move,4,2686930
-3.674,flush_begin,0,0
-3.658,flush_end,0,2686931
-3.641,trivial_move,3,2686930
-3.633,trivial_move,4,2686932
-3.625,trivial_move,4,2686930
-3.624,flush_begin,0,0
-3.607,flush_end,0,2686931
-3.590,trivial_move,3,2686931
-3.581,trivial_move,4,2686930
-3.581,flush_begin,0,0
-3.565,flush_end,0,2686930
-3.549,trivial_move,3,2686931
-3.541,trivial_move,4,2686933
-3.539,flush_begin,0,0
-3.522,flush_end,0,2686932
-3.505,trivial_move,3,2686932
-3.497,trivial_move,4,2686930
-3.496,flush_begin,0,0
-3.478,flush_end,0,2686930
-3.461,trivial_move,3,2686931
-3.453,trivial_move,4,2686932
-3.451,flush_begin,0,0
-3.434,flush_end,0,2686932
-3.417,trivial_move,3,2686931
-3.409,trivial_move,4,2686930
-3.408,flush_begin,0,0
-3.392,flush_end,0,2686930
-3.373,trivial_move,3,2686930
-3.364,trivial_move,4,2686931
-3.364,flush_begin,0,0
-3.349,flush_end,0,2686932
-3.332,trivial_move,3,2686932
-3.324,trivial_move,4,2686931
-3.324,flush_begin,0,0
-3.309,flush_end,0,2686931
-3.292,trivial_move,3,2686930
-3.284,trivial_move,4,2686931
-3.282,flush_begin,0,0
-3.267,flush_end,0,2686930
-3.250,trivial_move,3,2686932
-3.242,trivial_move,4,2686931
-3.239,flush_begin,0,0
-3.224,flush_end,0,2686932
-3.207,trivial_move,3,2686930
-3.199,trivial_move,4,2686931
-3.196,flush_begin,0,0
-3.181,flush_end,0,2686930
-3.164,trivial_move,3,2686930
-3.156,trivial_move,4,2686930
-3.152,flush_begin,0,0
-3.136,flush_end,0,2686931
-3.123,trivial_move,3,2686932
-3.117,trivial_move,4,2686932
-3.113,flush_begin,0,0
-3.099,flush_end,0,2686931
-3.083,trivial_move,3,2686930
-3.075,trivial_move,4,2686930
-3.072,flush_begin,0,0
-3.056,flush_end,0,2686931
-3.039,trivial_move,3,2686932
-3.031,trivial_move,4,2686931
-3.028,flush_begin,0,0
-3.013,flush_end,0,2686931
-2.996,trivial_move,3,2686930
-2.988,trivial_move,4,2686931
-2.985,flush_begin,0,0
-2.969,flush_end,0,2686931
-2.952,trivial_move,3,2686931
-2.944,trivial_move,4,2686930
-2.941,flush_begin,0,0
-2.926,flush_end,0,2686930
-2.909,trivial_move,3,2686931
-2.901,trivial_move,4,2686932
-2.898,flush_begin,0,0
-2.882,flush_end,0,2686932
-2.865,trivial_move,3,2686931
-2.857,trivial_move,4,2686930
-2.853,flush_begin,0,0
-2.838,flush_end,0,2686930
-2.817,trivial_move,3,2686931
-2.808,trivial_move,4,2686932
-2.805,flush_begin,0,0
-2.789,flush_end,0,2686932
-2.771,trivial_move,3,2686931
-2.763,trivial_move,4,2686930
-2.759,flush_begin,0,0
-2.744,flush_end,0,2686930
-2.727,trivial_move,3,2686930
-2.719,trivial_move,4,2686931
-2.716,flush_begin,0,0
-2.701,flush_end,0,2686930
-2.684,trivial_move,3,2686932
-2.676,trivial_move,4,2686931
-2.673,flush_begin,0,0
-2.655,flush_end,0,2686932
-2.638,trivial_move,3,2686930
-2.630,trivial_move,4,2686932
-2.626,flush_begin,0,0
-2.610,flush_end,0,2686930
-2.593,trivial_move,3,2686931
-2.585,trivial_move,4,2686931
-2.582,flush_begin,0,0
-2.565,flush_end,0,2686932
-2.548,trivial_move,3,2686932
-2.540,trivial_move,4,2686930
-2.538,flush_begin,0,0
-2.521,flush_end,0,2686930
-2.504,trivial_move,3,2686930
-2.496,trivial_move,4,2686930
-2.492,flush_begin,0,0
-2.476,flush_end,0,2686931
-2.460,trivial_move,3,2686932
-2.452,trivial_move,4,2686931
-2.449,flush_begin,0,0
-2.434,flush_end,0,2686931
-2.417,trivial_move,3,2686930
-2.409,trivial_move,4,2686931
-2.406,flush_begin,0,0
-2.392,flush_end,0,2686932
-2.375,trivial_move,3,2686932
-2.367,trivial_move,4,2686931
-2.365,flush_begin,0,0
-2.350,flush_end,0,2686931
-2.333,trivial_move,3,2686930
-2.325,trivial_move,4,2686931
-2.323,flush_begin,0,0
-2.308,flush_end,0,2686931
-2.291,trivial_move,3,2686931
-2.283,trivial_move,4,2686930
-2.281,flush_begin,0,0
-2.265,flush_end,0,2686930
-2.248,trivial_move,3,2686931
-2.240,trivial_move,4,2686932
-2.237,flush_begin,0,0
-2.222,flush_end,0,2686932
-2.205,trivial_move,3,2686931
-2.197,trivial_move,4,2686930
-2.194,flush_begin,0,0
-2.179,flush_end,0,2686930
-2.162,trivial_move,3,2686931
-2.154,trivial_move,4,2686932
-2.150,flush_begin,0,0
-2.135,flush_end,0,2686931
-2.118,trivial_move,3,2686930
-2.110,trivial_move,4,2686930
-2.106,flush_begin,0,0
-2.092,flush_end,0,2686931
-2.075,trivial_move,3,2686930
-2.067,trivial_move,4,2686931
-2.065,flush_begin,0,0
-2.049,flush_end,0,2686930
-2.032,trivial_move,3,2686931
-2.024,trivial_move,4,2686931
-2.022,flush_begin,0,0
-2.007,flush_end,0,2686932
-1.990,trivial_move,3,2686931
-1.982,trivial_move,4,2686930
-1.979,flush_begin,0,0
-1.964,flush_end,0,2686930
-1.947,trivial_move,3,2686931
-1.939,trivial_move,4,2686932
-1.937,flush_begin,0,0
-1.922,flush_end,0,2686932
-1.905,trivial_move,3,2686931
-1.897,trivial_move,4,2686930
-1.894,flush_begin,0,0
-1.879,flush_end,0,2686930
-1.862,trivial_move,3,2686930
-1.854,trivial_move,4,2686931
-1.851,flush_begin,0,0
-1.837,flush_end,0,2686931
-1.820,trivial_move,3,2686932
-1.812,trivial_move,4,2686931
-1.809,flush_begin,0,0
-1.795,flush_end,0,2686931
-1.778,trivial_move,3,2686930
-1.770,trivial_move,4,2686931
-1.768,flush_begin,0,0
-1.752,flush_end,0,2686931
-1.736,trivial_move,3,2686932
-1.728,trivial_move,4,2686931
-1.725,flush_begin,0,0
-1.711,flush_end,0,2686931
-1.694,trivial_move,3,2686930
-1.686,trivial_move,4,2686932
-1.683,flush_begin,0,0
-1.669,flush_end,0,2686930
-1.652,trivial_move,3,2686932
-1.644,trivial_move,4,2686930
-1.641,flush_begin,0,0
-1.627,flush_end,0,2686930
-1.611,trivial_move,3,2686931
-1.603,trivial_move,4,2686932
-1.600,flush_begin,0,0
-1.585,flush_end,0,2686931
-1.568,trivial_move,3,2686930
-1.560,trivial_move,4,2686930
-1.557,flush_begin,0,0
-1.542,flush_end,0,2686931
-1.526,trivial_move,3,2686932
-1.518,trivial_move,4,2686932
-1.515,flush_begin,0,0
-1.501,flush_end,0,2686931
-1.484,trivial_move,3,2686930
-1.476,trivial_move,4,2686930
-1.473,flush_begin,0,0
-1.456,flush_end,0,2686932
-1.439,trivial_move,3,2686931
-1.431,trivial_move,4,2686930
-1.428,flush_begin,0,0
-1.413,flush_end,0,2686930
-1.396,trivial_move,3,2686931
-1.388,trivial_move,4,2686932
-1.385,flush_begin,0,0
-1.370,flush_end,0,2686932
-1.353,trivial_move,3,2686931
-1.345,trivial_move,4,2686930
-1.342,flush_begin,0,0
-1.326,flush_end,0,2686930
-1.309,trivial_move,3,2686931
-1.301,trivial_move,4,2686932
-1.297,flush_begin,0,0
-1.281,flush_end,0,2686932
-1.265,trivial_move,3,2686931
-1.257,trivial_move,4,2686930
-1.252,flush_begin,0,0
-1.235,flush_end,0,2686930
-1.218,trivial_move,3,2686930
-1.210,trivial_move,4,2686931
-1.207,flush_begin,0,0
-1.191,flush_end,0,2686931
-1.174,trivial_move,3,2686932
-1.166,trivial_move,4,2686931
-1.164,flush_begin,0,0
-1.147,flush_end,0,2686931
-1.130,trivial_move,3,2686930
-1.122,trivial_move,4,2686931
-1.119,flush_begin,0,0
-1.102,flush_end,0,2686930
-1.085,trivial_move,3,2686932
-1.077,trivial_move,4,2686931
-1.075,flush_begin,0,0
-1.057,flush_end,0,2686932
-1.040,trivial_move,3,2686930
-1.032,trivial_move,4,2686931
-1.029,flush_begin,0,0
-1.014,flush_end,0,2686930
-0.997,trivial_move,3,2686930
-0.989,trivial_move,4,2686930
-0.988,flush_begin,0,0
-0.972,flush_end,0,2686931
-0.955,trivial_move,3,2686932
-0.947,trivial_move,4,2686932
-0.945,flush_begin,0,0
-0.930,flush_end,0,2686931
-0.913,trivial_move,3,2686930
-0.904,trivial_move,4,2686930
-0.902,flush_begin,0,0
-0.887,flush_end,0,2686931
-0.870,trivial_move,3,2686932
-0.862,trivial_move,4,2686931
-0.860,flush_begin,0,0
-0.843,flush_end,0,2686931
-0.826,trivial_move,3,2686930
-0.818,trivial_move,4,2686931
-0.815,flush_begin,0,0
-0.798,flush_end,0,2686931
-0.781,trivial_move,3,2686931
-0.773,trivial_move,4,2686930
-0.770,flush_begin,0,0
-0.754,flush_end,0,2686930
-0.737,trivial_move,3,2686931
-0.729,trivial_move,4,2686933
-0.726,flush_begin,0,0
-0.710,flush_end,0,2686932
-0.693,trivial_move,3,2686932
-0.685,trivial_move,4,2686930
-0.683,flush_begin,0,0
-0.668,flush_end,0,2686930
-0.651,trivial_move,3,2686931
-0.643,trivial_move,4,2686932
-0.641,flush_begin,0,0
-0.626,flush_end,0,2686932
-0.609,trivial_move,3,2686931
-0.601,trivial_move,4,2686930
-0.598,flush_begin,0,0
-0.583,flush_end,0,2686930
-0.566,trivial_move,3,2686930
-0.558,trivial_move,4,2686931
-0.554,flush_begin,0,0
-0.538,flush_end,0,2686930
-0.522,trivial_move,3,2686932
-0.514,trivial_move,4,2686931
-0.512,flush_begin,0,0
-0.498,flush_end,0,2686933
-0.481,trivial_move,3,2686930
-0.473,trivial_move,4,2686931
-0.471,flush_begin,0,0
-0.457,flush_end,0,2686930
-0.440,trivial_move,3,2686931
-0.432,trivial_move,4,2686931
-0.431,flush_begin,0,0
-0.417,flush_end,0,2686932
-0.401,trivial_move,3,2686931
-0.393,trivial_move,4,2686930
-0.391,flush_begin,0,0
-0.374,flush_end,0,2686930
-0.357,trivial_move,3,2686930
-0.349,trivial_move,4,2686930
-0.347,flush_begin,0,0
-0.332,flush_end,0,2686931
-0.315,trivial_move,3,2686932
-0.307,trivial_move,4,2686931
-0.304,flush_begin,0,0
-0.290,flush_end,0,2686931
-0.273,trivial_move,3,2686930
-0.265,trivial_move,4,2686931
-0.263,flush_begin,0,0
-0.247,flush_end,0,2686931
-0.230,trivial_move,3,2686932
-0.222,trivial_move,4,2686931
-0.220,flush_begin,0,0
-0.206,flush_end,0,2686931
-0.189,trivial_move,3,2686930
-0.181,trivial_move,4,2686931
-0.179,flush_begin,0,0
-0.164,flush_end,0,2686931
-0.147,trivial_move,3,2686931
-0.139,trivial_move,4,2686930
-0.136,flush_begin,0,0
-0.121,flush_end,0,2686930
-0.104,trivial_move,3,2686931
-0.096,trivial_move,4,2686932
-0.094,flush_begin,0,0
-0.079,flush_end,0,2686932
-0.062,trivial_move,3,2686931
-0.053,trivial_move,4,2686930
-0.051,flush_begin,0,0
-0.036,flush_end,0,2686930
-0.019,trivial_move,3,2686931
-0.011,trivial_move,4,2686932
-0.008,flush_begin,0,0
0.006,flush_end,0,2686931
0.023,trivial_move,3,2686930
0.031,trivial_move,4,2686930
0.034,flush_begin,0,0
0.049,flush_end,0,2686931
0.067,trivial_move,3,2686930
0.075,trivial_move,4,2686931
0.078,flush_begin,0,0
0.093,flush_end,0,2686930
0.109,trivial_move,3,2686931
0.117,trivial_move,4,2686931
0.120,flush_begin,0,0
0.134,flush_end,0,2686932
0.151,trivial_move,3,2686931
0.159,trivial_move,4,2686930
0.162,flush_begin,0,0
0.176,flush_end,0,2686930
0.193,trivial_move,3,2686931
0.201,trivial_move,4,2686933
0.204,flush_begin,0,0
0.219,flush_end,0,2686932
0.236,trivial_move,3,2686932
0.244,trivial_move,4,2686930
0.248,flush_begin,0,0
0.263,flush_end,0,2686930
0.280,trivial_move,3,2686930
0.289,trivial_move,4,2686931
0.292,flush_begin,0,0
0.307,flush_end,0,2686931
0.324,trivial_move,3,2686932
0.332,trivial_move,4,2686931
0.335,flush_begin,0,0
0.350,flush_end,0,2686931
0.368,trivial_move,3,2686930
0.376,trivial_move,4,2686931
0.380,flush_begin,0,0
0.394,flush_end,0,2686932
0.411,trivial_move,3,2686932
0.419,trivial_move,4,2686931
0.422,flush_begin,0,0
0.437,flush_end,0,2686931
0.455,trivial_move,3,2686930
0.463,trivial_move,4,2686931
0.465,flush_begin,0,0
0.480,flush_end,0,2686930
0.497,trivial_move,3,2686931
0.505,trivial_move,4,2686930
0.508,flush_begin,0,0
0.523,flush_end,0,2686930
0.540,trivial_move,3,2686931
0.548,trivial_move,4,2686932
0.551,flush_begin,0,0
0.567,flush_end,0,2686931
0.583,trivial_move,3,2686930
0.591,trivial_move,4,2686930
0.594,flush_begin,0,0
0.609,flush_end,0,2686931
0.626,trivial_move,3,2686932
0.634,trivial_move,4,2686932
0.637,flush_begin,0,0
0.653,flush_end,0,2686931
0.670,trivial_move,3,2686930
0.678,trivial_move,4,2686930
0.682,flush_begin,0,0
0.696,flush_end,0,2686931
0.713,trivial_move,3,2686931
0.721,trivial_move,4,2686930
0.725,flush_begin,0,0
0.740,flush_end,0,2686930
0.758,trivial_move,3,2686931
0.766,trivial_move,4,2686932
0.769,flush_begin,0,0
0.784,flush_end,0,2686932
0.801,trivial_move,3,2686931
0.809,trivial_move,4,2686930
0.812,flush_begin,0,0
0.827,flush_end,0,2686930
0.844,trivial_move,3,2686931
0.852,trivial_move,4,2686932
0.855,flush_begin,0,0
0.871,flush_end,0,2686932
0.888,trivial_move,3,2686931
0.896,trivial_move,4,2686930
0.899,flush_begin,0,0
0.914,flush_end,0,2686930
0.931,trivial_move,3,2686930
0.939,trivial_move,4,2686931
0.943,flush_begin,0,0
0.959,flush_end,0,2686931
0.976,trivial_move,3,2686932
0.984,trivial_move,4,2686931
0.987,flush_begin,0,0
1.002,flush_end,0,2686931
1.019,trivial_move,3,2686930
1.027,trivial_move,4,2686931
1.030,flush_begin,0,0
1.046,flush_end,0,2686930
1.063,trivial_move,3,2686932
1.071,trivial_move,4,2686931
1.075,flush_begin,0,0
1.090,flush_end,0,2686932
1.107,trivial_move,3,2686930
1.115,trivial_move,4,2686933
1.119,flush_begin,0,0
1.135,flush_end,0,2686930
1.152,trivial_move,3,2686930
1.160,trivial_move,4,2686930
1.163,flush_begin,0,0
1.178,flush_end,0,2686931
1.195,trivial_move,3,2686933
1.203,trivial_move,4,2686932
1.206,flush_begin,0,0
1.221,flush_end,0,2686931
1.237,trivial_move,3,2686930
1.245,trivial_move,4,2686930
1.250,flush_begin,0,0
1.266,flush_end,0,2686931
1.283,trivial_move,3,2686932
1.291,trivial_move,4,2686931
1.294,flush_begin,0,0
1.310,flush_end,0,2686931
1.327,trivial_move,3,2686930
1.335,trivial_move,4,2686931
1.339,flush_begin,0,0
1.354,flush_end,0,2686933
1.371,trivial_move,3,2686931
1.379,trivial_move,4,2686930
1.382,flush_begin,0,0
1.397,flush_end,0,2686930
1.414,trivial_move,3,2686931
1.422,trivial_move,4,2686932
1.425,flush_begin,0,0
1.440,flush_end,0,2686932
1.457,trivial_move,3,2686931
1.465,trivial_move,4,2686930
1.469,flush_begin,0,0
1.484,flush_end,0,2686930
1.501,trivial_move,3,2686931
1.509,trivial_move,4,2686932
1.513,flush_begin,0,0
1.528,flush_end,0,2686932
1.545,trivial_move,3,2686931
1.553,trivial_move,4,2686930
1.557,flush_begin,0,0
1.573,flush_end,0,2686930
1.589,trivial_move,3,2686930
1.597,trivial_move,4,2686931
1.600,flush_begin,0,0
1.614,flush_end,0,2686930
1.631,trivial_move,3,2686932
1.639,trivial_move,4,2686931
1.642,flush_begin,0,0
1.656,flush_end,0,2686932
1.674,trivial_move,3,2686930
1.682,trivial_move,4,2686931
1.684,flush_begin,0,0
1.697,flush_end,0,2686930
1.714,trivial_move,3,2686931
1.722,trivial_move,4,2686931
1.724,flush_begin,0,0
1.736,flush_end,0,2686932
1.753,trivial_move,3,2686931
1.761,trivial_move,4,2686930
1.763,flush_begin,0,0
1.776,flush_end,0,2686930
1.793,trivial_move,3,2686930
1.801,trivial_move,4,2686930
1.803,flush_begin,0,0
1.817,flush_end,0,2686931
1.834,trivial_move,3,2686932
1.842,trivial_move,4,2686931
1.845,flush_begin,0,0
1.860,flush_end,0,2686931
1.876,trivial_move,3,2686930
1.884,trivial_move,4,2686931
1.887,flush_begin,0,0
1.902,flush_end,0,2686931
1.919,trivial_move,3,2686932
1.927,trivial_move,4,2686931
1.930,flush_begin,0,0
1.945,flush_end,0,2686931
1.962,trivial_move,3,2686930
1.970,trivial_move,4,2686931
1.973,flush_begin,0,0
1.988,flush_end,0,2686931
2.005,trivial_move,3,2686931
2.013,trivial_move,4,2686930
2.016,flush_begin,0,0
2.031,flush_end,0,2686930
2.048,trivial_move,3,2686931
2.056,trivial_move,4,2686933
2.059,flush_begin,0,0
2.073,flush_end,0,2686932
2.090,trivial_move,3,2686932
2.098,trivial_move,4,2686930
2.101,flush_begin,0,0
2.116,flush_end,0,2686930
2.133,trivial_move,3,2686931
2.141,trivial_move,4,2686932
2.144,flush_begin,0,0
2.161,flush_end,0,2686931
2.178,trivial_move,3,2686930
2.186,trivial_move,4,2686930
2.189,flush_begin,0,0
2.204,flush_end,0,2686931
2.221,trivial_move,3,2686930
2.229,trivial_move,4,2686931
2.233,flush_begin,0,0
2.249,flush_end,0,2686930
2.265,trivial_move,3,2686931
2.273,trivial_move,4,2686931
2.275,flush_begin,0,0
2.285,flush_end,0,2686933
2.302,trivial_move,3,2686931
2.310,trivial_move,4,2686930
2.310,flush_begin,0,0
2.321,flush_end,0,2686930
2.337,trivial_move,3,2686931
2.345,trivial_move,4,2686932
2.345,flush_begin,0,0
2.356,flush_end,0,2686932
2.372,trivial_move,3,2686931
2.380,trivial_move,4,2686930
2.382,flush_begin,0,0
2.393,flush_end,0,2686930
2.410,trivial_move,3,2686930
2.418,trivial_move,4,2686931
2.418,flush_begin,0,0
2.432,flush_end,0,2686931
2.449,trivial_move,3,2686932
2.457,trivial_move,4,2686931
2.458,flush_begin,0,0
2.470,flush_end,0,2686931
2.488,trivial_move,3,2686930
2.496,trivial_move,4,2686931
2.497,flush_begin,0,0
2.510,flush_end,0,2686931
2.527,trivial_move,3,2686932
2.535,trivial_move,4,2686931
2.537,flush_begin,0,0
2.550,flush_end,0,2686931
2.566,trivial_move,3,2686930
2.574,trivial_move,4,2686931
2.578,flush_begin,0,0
2.590,flush_end,0,2686930
2.607,trivial_move,3,2686931
2.615,trivial_move,4,2686930
2.618,flush_begin,0,0
2.631,flush_end,0,2686930
2.648,trivial_move,3,2686931
2.656,trivial_move,4,2686932
2.659,flush_begin,0,0
2.673,flush_end,0,2686931
2.690,trivial_move,3,2686930
2.698,trivial_move,4,2686930
2.701,flush_begin,0,0
2.716,flush_end,0,2686931
2.732,trivial_move,3,2686932
2.740,trivial_move,4,2686932
2.744,flush_begin,0,0
2.758,flush_end,0,2686931
2.771,trivial_move,3,2686930
2.785,trivial_move,4,2686930
2.787,flush_begin,0,0
2.801,flush_end,0,2686931
2.818,trivial_move,3,2686931
2.826,trivial_move,4,2686930
2.828,flush_begin,0,0
2.842,flush_end,0,2686930
2.859,trivial_move,3,2686931
2.867,trivial_move,4,2686932
2.870,flush_begin,0,0
2.885,flush_end,0,2686932
2.902,trivial_move,3,2686931
2.910,trivial_move,4,2686930
2.913,flush_begin,0,0
2.929,flush_end,0,2686930
2.947,trivial_move,3,2686931
2.955,trivial_move,4,2686933
2.957,flush_begin,0,0
2.972,flush_end,0,2686932
2.989,trivial_move,3,2686933
2.997,trivial_move,4,2686930
3.000,flush_begin,0,0
3.015,flush_end,0,2686930
3.032,trivial_move,3,2686930
3.040,trivial_move,4,2686931
3.043,flush_begin,0,0
3.059,flush_end,0,2686931
3.076,trivial_move,3,2686932
3.084,trivial_move,4,2686931
3.087,flush_begin,0,0
3.102,flush_end,0,2686931
3.119,trivial_move,3,2686930
3.127,trivial_move,4,2686931
3.130,flush_begin,0,0
3.145,flush_end,0,2686930
3.162,trivial_move,3,2686932
3.170,trivial_move,4,2686931
3.173,flush_begin,0,0
3.189,flush_end,0,2686933
3.206,trivial_move,3,2686930
3.214,trivial_move,4,2686931
3.216,flush_begin,0,0
3.232,flush_end,0,2686930
3.248,trivial_move,3,2686930
3.256,trivial_move,4,2686930
3.259,flush_begin,0,0
3.274,flush_end,0,2686931
3.291,trivial_move,3,2686932
3.299,trivial_move,4,2686932
3.302,flush_begin,0,0
3.316,flush_end,0,2686931
3.333,trivial_move,3,2686930
3.341,trivial_move,4,2686930
3.344,flush_begin,0,0
3.359,flush_end,0,2686931
3.376,trivial_move,3,2686932
3.384,trivial_move,4,2686931
3.387,flush_begin,0,0
3.402,flush_end,0,2686931
3.419,trivial_move,3,2686930
3.427,trivial_move,4,2686931
3.430,flush_begin,0,0
3.446,flush_end,0,2686931
3.463,trivial_move,3,2686931
3.471,trivial_move,4,2686930
3.474,flush_begin,0,0
3.489,flush_end,0,2686930
3.506,trivial_move,3,2686931
3.514,trivial_move,4,2686932
3.517,flush_begin,0,0
3.534,flush_end,0,2686932
3.551,trivial_move,3,2686931
3.559,trivial_move,4,2686930
3.563,flush_begin,0,0
3.579,flush_end,0,2686930
3.596,trivial_move,3,2686931
3.604,trivial_move,4,2686932
3.607,flush_begin,0,0
3.623,flush_end,0,2686932
3.640,trivial_move,3,2686931
3.648,trivial_move,4,2686930
3.650,flush_begin,0,0
3.664,flush_end,0,2686930
3.681,trivial_move,3,2686930
3.689,trivial_move,4,2686931
3.690,flush_begin,0,0
3.704,flush_end,0,2686930
3.721,trivial_move,3,2686932
3.729,trivial_move,4,2686931
3.731,flush_begin,0,0
3.745,flush_end,0,2686932
3.762,trivial_move,3,2686930
3.770,trivial_move,4,2686931
3.773,flush_begin,0,0
3.788,flush_end,0,2686930
3.805,trivial_move,3,2686931
3.813,trivial_move,4,2686931
3.816,flush_begin,0,0
3.832,flush_end,0,2686932
3.849,trivial_move,3,2686931
3.857,trivial_move,4,2686930
3.860,flush_begin,0,0
3.875,flush_end,0,2686930
3.892,trivial_move,3,2686930
3.900,trivial_move,4,2686930
3.903,flush_begin,0,0
3.918,flush_end,0,2686931
3.935,trivial_move,3,2686933
3.943,trivial_move,4,2686931
3.946,flush_begin,0,0
3.961,flush_end,0,2686931
3.978,trivial_move,3,2686930
3.986,trivial_move,4,2686931
3.990,flush_begin,0,0
4.005,flush_end,0,2686931
4.022,trivial_move,3,2686932
4.030,trivial_move,4,2686931
4.033,flush_begin,0,0
4.049,flush_end,0,2686931
4.066,trivial_move,3,2686930
4.074,trivial_move,4,2686931
4.076,flush_begin,0,0
4.092,flush_end,0,2686932
4.109,trivial_move,3,2686931
4.117,trivial_move,4,2686930
4.122,flush_begin,0,0
4.202,flush_end,0,2686930
4.218,trivial_move,3,2686931
4.226,trivial_move,4,2686932
4.228,flush_begin,0,0
4.245,flush_end,0,2686932
4.262,trivial_move,3,2686931
4.270,trivial_move,4,2686930
4.274,flush_begin,0,0
4.291,flush_end,0,2686930
4.308,trivial_move,3,2686931
4.316,trivial_move,4,2686932
4.325,flush_begin,0,0
4.343,flush_end,0,2686931
4.360,trivial_move,3,2686930
4.368,trivial_move,4,2686930
4.372,flush_begin,0,0
4.388,flush_end,0,2686931
4.405,trivial_move,3,2686930
4.413,trivial_move,4,2686931
4.417,flush_begin,0,0
4.435,flush_end,0,2686930
4.451,trivial_move,3,2686931
4.459,trivial_move,4,2686931
4.463,flush_begin,0,0
4.480,flush_end,0,2686932
4.498,trivial_move,3,2686931
4.506,trivial_move,4,2686930
4.509,flush_begin,0,0
4.527,flush_end,0,2686930
4.544,trivial_move,3,2686931
4.552,trivial_move,4,2686932
4.555,flush_begin,0,0
4.571,flush_end,0,2686932
4.588,trivial_move,3,2686931
4.596,trivial_move,4,2686930
4.598,flush_begin,0,0
4.614,flush_end,0,2686930
4.632,trivial_move,3,2686930
4.640,trivial_move,4,2686931
4.645,flush_begin,0,0
4.661,flush_end,0,2686931
4.678,trivial_move,3,2686932
4.686,trivial_move,4,2686931
4.689,flush_begin,0,0
4.704,flush_end,0,2686931
4.721,trivial_move,3,2686930
4.729,trivial_move,4,2686931
4.733,flush_begin,0,0
4.749,flush_end,0,2686931
4.766,trivial_move,3,2686932
4.774,trivial_move,4,2686931
4.777,flush_begin,0,0
4.792,flush_end,0,2686931
4.809,trivial_move,3,2686930
4.817,trivial_move,4,2686931
4.821,flush_begin,0,0
4.838,flush_end,0,2686930
4.855,trivial_move,3,2686931
4.863,trivial_move,4,2686930
4.866,flush_begin,0,0
4.882,flush_end,0,2686930
4.899,trivial_move,3,2686931
4.907,trivial_move,4,2686933
4.910,flush_begin,0,0
4.926,flush_end,0,2686931
4.943,trivial_move,3,2686930
4.951,trivial_move,4,2686930
4.953,flush_begin,0,0
4.968,flush_end,0,2686931
4.985,trivial_move,3,2686933
4.993,trivial_move,4,2686932
4.996,flush_begin,0,0
5.011,flush_end,0,2686931
5.027,trivial_move,3,2686930
5.035,trivial_move,4,2686930
5.038,flush_begin,0,0
5.053,flush_end,0,2686931
5.070,trivial_move,3,2686931
5.078,trivial_move,4,2686930
5.081,flush_begin,0,0
5.096,flush_end,0,2686930
5.113,trivial_move,3,2686931
5.121,trivial_move,4,2686932
5.124,flush_begin,0,0
5.141,flush_end,0,2686933
5.158,trivial_move,3,2686931
5.166,trivial_move,4,2686930
5.169,flush_begin,0,0
5.184,flush_end,0,2686930
5.201,trivial_move,3,2686931
5.209,trivial_move,4,2686932
5.213,flush_begin,0,0
5.228,flush_end,0,2686932
5.245,trivial_move,3,2686931
5.253,trivial_move,4,2686930
5.257,flush_begin,0,0
5.273,flush_end,0,2686930
5.290,trivial_move,3,2686930
5.298,trivial_move,4,2686931
5.301,flush_begin,0,0
5.316,flush_end,0,2686931
5.333,trivial_move,3,2686932
5.341,trivial_move,4,2686931
5.344,flush_begin,0,0
5.359,flush_end,0,2686931
5.376,trivial_move,3,2686930
5.384,trivial_move,4,2686931
5.387,flush_begin,0,0
5.402,flush_end,0,2686930
5.419,trivial_move,3,2686932
5.427,trivial_move,4,2686931
5.430,flush_begin,0,0
5.446,flush_end,0,2686932
5.463,trivial_move,3,2686930
5.471,trivial_move,4,2686931
5.474,flush_begin,0,0
5.489,flush_end,0,2686930
5.506,trivial_move,3,2686930
5.514,trivial_move,4,2686930
5.517,flush_begin,0,0
5.532,flush_end,0,2686931
5.550,trivial_move,3,2686932
5.558,trivial_move,4,2686932
5.560,flush_begin,0,0
5.575,flush_end,0,2686931
5.591,trivial_move,3,2686930
5.599,trivial_move,4,2686930
5.602,flush_begin,0,0
5.618,flush_end,0,2686931
5.634,trivial_move,3,2686932
5.642,trivial_move,4,2686931
5.646,flush_begin,0,0
5.661,flush_end,0,2686931
5.678,trivial_move,3,2686930
5.686,trivial_move,4,2686931
5.691,flush_begin,0,0
5.706,flush_end,0,2686931
5.721,trivial_move,3,2686931
5.729,trivial_move,4,2686930
5.734,flush_begin,0,0
5.751,flush_end,0,2686930
5.768,trivial_move,3,2686931
5.776,trivial_move,4,2686932
5.780,flush_begin,0,0
5.795,flush_end,0,2686932
5.812,trivial_move,3,2686931
5.820,trivial_move,4,2686930
5.823,flush_begin,0,0
5.837,flush_end,0,2686930
5.853,trivial_move,3,2686931
5.861,trivial_move,4,2686933
5.865,flush_begin,0,0
5.879,flush_end,0,2686932
5.895,trivial_move,3,2686932
5.902,trivial_move,4,2686930
5.906,flush_begin,0,0
5.921,flush_end,0,2686930
5.937,trivial_move,3,2686930
5.945,trivial_move,4,2686931
5.949,flush_begin,0,0
5.963,flush_end,0,2686930
5.980,trivial_move,3,2686932
5.988,trivial_move,4,2686931
5.992,flush_begin,0,0
6.007,flush_end,0,2686932
6.024,trivial_move,3,2686930
6.032,trivial_move,4,2686931
6.036,flush_begin,0,0
6.052,flush_end,0,2686930
6.068,trivial_move,3,2686931
6.076,trivial_move,4,2686931
6.081,flush_begin,0,0
6.096,flush_end,0,2686933
6.112,trivial_move,3,2686931
6.120,trivial_move,4,2686930
6.124,flush_begin,0,0
6.139,flush_end,0,2686930
6.155,trivial_move,3,2686930
6.163,trivial_move,4,2686930
6.167,flush_begin,0,0
6.182,flush_end,0,2686931
6.199,trivial_move,3,2686932
6.207,trivial_move,4,2686931
6.210,flush_begin,0,0
6.225,flush_end,0,2686931
6.241,trivial_move,3,2686930
6.249,trivial_move,4,2686931
6.254,flush_begin,0,0
6.271,flush_end,0,2686931
6.286,trivial_move,3,2686932
6.294,trivial_move,4,2686931
6.298,flush_begin,0,0
6.312,flush_end,0,2686931
6.329,trivial_move,3,2686930
6.337,trivial_move,4,2686931
6.343,flush_begin,0,0
6.359,flush_end,0,2686931
6.376,trivial_move,3,2686931
6.384,trivial_move,4,2686930
6.388,flush_begin,0,0
6.403,flush_end,0,2686930
6.420,trivial_move,3,2686931
6.428,trivial_move,4,2686932
6.432,flush_begin,0,0
6.446,flush_end,0,2686932
6.462,trivial_move,3,2686931
6.470,trivial_move,4,2686930
6.474,flush_begin,0,0
6.488,flush_end,0,2686930
6.504,trivial_move,3,2686931
6.512,trivial_move,4,2686932
6.516,flush_begin,0,0
6.530,flush_end,0,2686931
6.546,trivial_move,3,2686930
6.554,trivial_move,4,2686930
6.558,flush_begin,0,0
6.572,flush_end,0,2686931
6.587,trivial_move,3,2686930
6.595,trivial_move,4,2686931
6.598,flush_begin,0,0
6.611,flush_end,0,2686930
6.627,trivial_move,3,2686931
6.635,trivial_move,4,2686931
6.638,flush_begin,0,0
6.652,flush_end,0,2686932
6.668,trivial_move,3,2686931
6.676,trivial_move,4,2686930
6.679,flush_begin,0,0
6.692,flush_end,0,2686930
6.708,trivial_move,3,2686931
6.716,trivial_move,4,2686932
6.720,flush_begin,0,0
6.733,flush_end,0,2686932
6.749,trivial_move,3,2686931
6.757,trivial_move,4,2686930
6.761,flush_begin,0,0
6.775,flush_end,0,2686930
6.790,trivial_move,3,2686930
6.798,trivial_move,4,2686932
6.802,flush_begin,0,0
6.815,flush_end,0,2686931
6.830,trivial_move,3,2686933
6.838,trivial_move,4,2686931
6.842,flush_begin,0,0
6.855,flush_end,0,2686931
6.871,trivial_move,3,2686930
6.879,trivial_move,4,2686931
6.883,flush_begin,0,0
6.897,flush_end,0,2686931
6.912,trivial_move,3,2686932
6.920,trivial_move,4,2686931
6.923,flush_begin,0,0
6.938,flush_end,0,2686931
6.954,trivial_move,3,2686930
6.962,trivial_move,4,2686931
6.966,flush_begin,0,0
6.979,flush_end,0,2686930
6.995,trivial_move,3,2686931
7.003,trivial_move,4,2686930
7.007,flush_begin,0,0
7.021,flush_end,0,2686930
7.036,trivial_move,3,2686931
7.044,trivial_move,4,2686932
7.048,flush_begin,0,0
7.062,flush_end,0,2686931
7.078,trivial_move,3,2686930
7.086,trivial_move,4,2686930
7.090,flush_begin,0,0
7.103,flush_end,0,2686931
7.120,trivial_move,3,2686932
7.128,trivial_move,4,2686932
7.132,flush_begin,0,0
7.146,flush_end,0,2686931
7.162,trivial_move,3,2686930
7.170,trivial_move,4,2686930
7.174,flush_begin,0,0
7.190,flush_end,0,2686931
7.205,trivial_move,3,2686931
7.213,trivial_move,4,2686930
7.217,flush_begin,0,0
7.231,flush_end,0,2686930
7.247,trivial_move,3,2686931
7.255,trivial_move,4,2686932
7.260,flush_begin,0,0
7.273,flush_end,0,2686932
7.289,trivial_move,3,2686931
7.297,trivial_move,4,2686930
7.300,flush_begin,0,0
7.314,flush_end,0,2686930
7.330,trivial_move,3,2686931
7.338,trivial_move,4,2686932
7.341,flush_begin,0,0
7.354,flush_end,0,2686932
7.369,trivial_move,3,2686931
7.377,trivial_move,4,2686930
7.381,flush_begin,0,0
7.394,flush_end,0,2686930
7.411,trivial_move,3,2686930
7.419,trivial_move,4,2686931
7.422,flush_begin,0,0
7.436,flush_end,0,2686931
7.453,trivial_move,3,2686932
7.461,trivial_move,4,2686931
7.464,flush_begin,0,0
7.478,flush_end,0,2686931
7.495,trivial_move,3,2686930
7.503,trivial_move,4,2686931
7.505,flush_begin,0,0
7.520,flush_end,0,2686930
7.537,trivial_move,3,2686932
7.545,trivial_move,4,2686931
7.547,flush_begin,0,0
7.562,flush_end,0,2686932
7.578,trivial_move,3,2686930
7.586,trivial_move,4,2686931
7.589,flush_begin,0,0
7.603,flush_end,0,2686930
7.620,trivial_move,3,2686930
7.628,trivial_move,4,2686930
7.630,flush_begin,0,0
7.644,flush_end,0,2686931
7.661,trivial_move,3,2686932
7.669,trivial_move,4,2686933
7.671,flush_begin,0,0
7.686,flush_end,0,2686931
7.703,trivial_move,3,2686930
7.711,trivial_move,4,2686930
7.713,flush_begin,0,0
7.727,flush_end,0,2686931
7.744,trivial_move,3,2686933
7.752,trivial_move,4,2686931
7.755,flush_begin,0,0
7.769,flush_end,0,2686931
7.786,trivial_move,3,2686930
7.794,trivial_move,4,2686931
7.797,flush_begin,0,0
7.812,flush_end,0,2686931
7.829,trivial_move,3,2686931
7.837,trivial_move,4,2686930
7.840,flush_begin,0,0
7.855,flush_end,0,2686930
7.872,trivial_move,3,2686931
7.880,trivial_move,4,2686932
7.884,flush_begin,0,0
7.899,flush_end,0,2686933
7.916,trivial_move,3,2686931
7.924,trivial_move,4,2686930
7.927,flush_begin,0,0
7.942,flush_end,0,2686930
7.958,trivial_move,3,2686931
7.966,trivial_move,4,2686932
7.969,flush_begin,0,0
7.984,flush_end,0,2686932
8.001,trivial_move,3,2686931
8.009,trivial_move,4,2686930
8.012,flush_begin,0,0
8.027,flush_end,0,2686930
8.044,trivial_move,3,2686930
8.052,trivial_move,4,2686931
8.055,flush_begin,0,0
8.070,flush_end,0,2686930
8.087,trivial_move,3,2686932
8.095,trivial_move,4,2686931
8.098,flush_begin,0,0
8.113,flush_end,0,2686932
8.129,trivial_move,3,2686930
8.137,trivial_move,4,2686931
8.140,flush_begin,0,0
8.154,flush_end,0,2686930
8.170,trivial_move,3,2686931
8.185,trivial_move,4,2686931
8.188,flush_begin,0,0
8.202,flush_end,0,2686932
8.219,trivial_move,3,2686931
8.227,trivial_move,4,2686930
8.231,flush_begin,0,0
8.247,flush_end,0,2686930
8.264,trivial_move,3,2686930
8.272,trivial_move,4,2686930
8.274,flush_begin,0,0
8.288,flush_end,0,2686931
8.305,trivial_move,3,2686932
8.313,trivial_move,4,2686931
8.316,flush_begin,0,0
8.330,flush_end,0,2686931
8.347,trivial_move,3,2686930
8.355,trivial_move,4,2686931
8.358,flush_begin,0,0
8.373,flush_end,0,2686931
8.389,trivial_move,3,2686932
8.397,trivial_move,4,2686931
8.399,flush_begin,0,0
8.415,flush_end,0,2686931
8.431,trivial_move,3,2686930
8.439,trivial_move,4,2686931
8.441,flush_begin,0,0
8.455,flush_end,0,2686931
8.471,trivial_move,3,2686931
8.479,trivial_move,4,2686930
8.482,flush_begin,0,0
8.496,flush_end,0,2686930
8.513,trivial_move,3,2686931
8.521,trivial_move,4,2686932
8.524,flush_begin,0,0
8.538,flush_end,0,2686932
8.555,trivial_move,3,2686931
8.563,trivial_move,4,2686930
8.566,flush_begin,0,0
8.580,flush_end,0,2686930
8.597,trivial_move,3,2686931
8.605,trivial_move,4,2686933
8.608,flush_begin,0,0
8.623,flush_end,0,2686931
8.639,trivial_move,3,2686930
8.647,trivial_move,4,2686930
8.651,flush_begin,0,0
8.665,flush_end,0,2686931
8.682,trivial_move,3,2686930
8.690,trivial_move,4,2686931
8.693,flush_begin,0,0
8.710,flush_end,0,2686930
8.726,trivial_move,3,2686931
8.734,trivial_move,4,2686931
8.738,flush_begin,0,0
8.753,flush_end,0,2686932
8.765,trivial_move,3,2686931
8.778,trivial_move,4,2686930
8.781,flush_begin,0,0
8.796,flush_end,0,2686930
8.813,trivial_move,3,2686931
8.821,trivial_move,4,2686932
8.824,flush_begin,0,0
8.839,flush_end,0,2686933
8.856,trivial_move,3,2686931
8.864,trivial_move,4,2686930
8.869,flush_begin,0,0
8.885,flush_end,0,2686930
8.902,trivial_move,3,2686930
8.910,trivial_move,4,2686931
8.913,flush_begin,0,0
8.929,flush_end,0,2686931
8.946,trivial_move,3,2686932
8.954,trivial_move,4,2686931
8.957,flush_begin,0,0
8.971,flush_end,0,2686931
8.988,trivial_move,3,2686930
8.996,trivial_move,4,2686931
8.998,flush_begin,0,0
9.012,flush_end,0,2686931
9.029,trivial_move,3,2686932
9.037,trivial_move,4,2686931
9.040,flush_begin,0,0
9.055,flush_end,0,2686931
9.072,trivial_move,3,2686930
9.080,trivial_move,4,2686931
9.083,flush_begin,0,0
9.097,flush_end,0,2686930
9.114,trivial_move,3,2686931
9.122,trivial_move,4,2686930
9.125,flush_begin,0,0
9.139,flush_end,0,2686930
9.156,trivial_move,3,2686931
9.164,trivial_move,4,2686932
9.166,flush_begin,0,0
9.180,flush_end,0,2686931
9.197,trivial_move,3,2686930
9.205,trivial_move,4,2686930
9.207,flush_begin,0,0
9.222,flush_end,0,2686931
9.239,trivial_move,3,2686932
9.247,trivial_move,4,2686932
9.250,flush_begin,0,0
9.264,flush_end,0,2686931
9.281,trivial_move,3,2686930
9.289,trivial_move,4,2686930
9.291,flush_begin,0,0
9.305,flush_end,0,2686931
9.322,trivial_move,3,2686931
9.330,trivial_move,4,2686930
9.333,flush_begin,0,0
9.347,flush_end,0,2686930
9.364,trivial_move,3,2686931
9.372,trivial_move,4,2686932
9.375,flush_begin,0,0
9.390,flush_end,0,2686932
9.407,trivial_move,3,2686931
9.416,trivial_move,4,2686930
9.417,flush_begin,0,0
9.431,flush_end,0,2686930
9.448,trivial_move,3,2686931
9.456,trivial_move,4,2686932
9.458,flush_begin,0,0
9.472,flush_end,0,2686932
9.489,trivial_move,3,2686931
9.497,trivial_move,4,2686930
9.500,flush_begin,0,0
9.515,flush_end,0,2686930
9.532,trivial_move,3,2686930
9.540,trivial_move,4,2686932
9.543,flush_begin,0,0
9.558,flush_end,0,2686931
9.574,trivial_move,3,2686933
9.582,trivial_move,4,2686931
9.586,flush_begin,0,0
9.600,flush_end,0,2686931
9.617,trivial_move,3,2686930
9.625,trivial_move,4,2686931
9.628,flush_begin,0,0
9.642,flush_end,0,2686930
9.659,trivial_move,3,2686932
9.667,trivial_move,4,2686931
9.670,flush_begin,0,0
9.684,flush_end,0,2686932
9.701,trivial_move,3,2686930
9.709,trivial_move,4,2686931
9.712,flush_begin,0,0
9.726,flush_end,0,2686930
9.743,trivial_move,3,2686930
9.751,trivial_move,4,2686930
9.754,flush_begin,0,0
9.769,flush_end,0,2686932
9.785,trivial_move,3,2686932
9.793,trivial_move,4,2686932
9.797,flush_begin,0,0
9.812,flush_end,0,2686931
9.829,trivial_move,3,2686930
9.837,trivial_move,4,2686930
9.840,flush_begin,0,0
9.854,flush_end,0,2686931
9.871,trivial_move,3,2686932
9.879,trivial_move,4,2686931
9.883,flush_begin,0,0
9.897,flush_end,0,2686931
9.914,trivial_move,3,2686930
9.922,trivial_move,4,2686931
9.925,flush_begin,0,0
9.939,flush_end,0,2686931
9.956,trivial_move,3,2686931
9.964,trivial_move,4,2686930
9.967,flush_begin,0,0
9.982,flush_end,0,2686930
9.998,trivial_move,3,2686931
10.006,trivial_move,4,2686932
10.010,flush_begin,0,0
10.024,flush_end,0,2686932
10.041,trivial_move,3,2686931
10.049,trivial_move,4,2686930
10.051,flush_begin,0,0
10.065,flush_end,0,2686930
10.082,trivial_move,3,2686931
10.090,trivial_move,4,2686932
10.093,flush_begin,0,0
10.109,flush_end,0,2686932
10.125,trivial_move,3,2686931
10.133,trivial_move,4,2686930
10.136,flush_begin,0,0
10.151,flush_end,0,2686930
10.167,trivial_move,3,2686930
10.175,trivial_move,4,2686931
10.178,flush_begin,0,0
10.193,flush_end,0,2686930
10.210,trivial_move,3,2686932
10.218,trivial_move,4,2686931
10.221,flush_begin,0,0
10.236,flush_end,0,2686932
10.253,trivial_move,3,2686930
10.261,trivial_move,4,2686931
10.265,flush_begin,0,0
10.279,flush_end,0,2686930
10.296,trivial_move,3,2686931
10.304,trivial_move,4,2686931
10.308,flush_begin,0,0
10.323,flush_end,0,2686932
10.340,trivial_move,3,2686931
10.348,trivial_move,4,2686930
10.351,flush_begin,0,0
10.366,flush_end,0,2686930
10.382,trivial_move,3,2686930
10.390,trivial_move,4,2686930
10.393,flush_begin,0,0
10.407,flush_end,0,2686931
10.424,trivial_move,3,2686932
10.432,trivial_move,4,2686931
10.434,flush_begin,0,0
10.449,flush_end,0,2686931
10.466,trivial_move,3,2686930
10.474,trivial_move,4,2686933
10.477,flush_begin,0,0
10.491,flush_end,0,2686931
10.508,trivial_move,3,2686933
10.516,trivial_move,4,2686931
10.518,flush_begin,0,0
10.533,flush_end,0,2686931
10.550,trivial_move,3,2686930
10.558,trivial_move,4,2686931
10.561,flush_begin,0,0
10.576,flush_end,0,2686931
10.593,trivial_move,3,2686931
10.601,trivial_move,4,2686930
10.605,flush_begin,0,0
10.620,flush_end,0,2686930
10.637,trivial_move,3,2686931
10.645,trivial_move,4,2686932
10.647,flush_begin,0,0
10.662,flush_end,0,2570063
10.679,trivial_move,3,2686931
10.687,trivial_move,4,2686930
10.687,compaction_begin,2,0
10.723,compaction_end,2,5374078
10.740,trivial_move,4,2686932
10.740,compaction_begin,2,0
10.774,compaction_end,2,5374077
10.791,trivial_move,4,2686930
10.791,compaction_begin,2,0
10.822,compaction_end,2,5374079
10.839,trivial_move,4,2686931
10.839,compaction_begin,2,0
10.869,compaction_end,2,5374079
10.886,trivial_move,4,2686931
10.886,compaction_begin,2,0
10.914,compaction_end,2,5374079
10.931,trivial_move,4,2686930
10.931,compaction_begin,2,0
10.957,compaction_end,2,5374079
10.974,trivial_move,4,2686932
10.974,compaction_begin,2,0
11.000,compaction_end,2,5374078
11.017,trivial_move,4,2686930
11.017,compaction_begin,2,0
11.043,compaction_end,2,5374079
11.060,trivial_move,4,2686931
11.060,compaction_begin,2,0
11.086,compaction_end,2,5374080
11.103,trivial_move,4,2686931
11.103,compaction_begin,2,0
11.131,compaction_end,2,5374079
11.148,trivial_move,4,2686931
11.148,compaction_begin,2,0
11.175,compaction_end,2,5374079
11.192,trivial_move,4,2686931
11.192,compaction_begin,2,0
11.219,compaction_end,2,5374078
11.236,trivial_move,4,2686931
11.236,compaction_begin,2,0
11.263,compaction_end,2,5374079
11.280,trivial_move,4,2686930
11.280,compaction_begin,2,0
11.307,compaction_end,2,5374078
11.324,trivial_move,4,2686932
11.324,compaction_begin,2,0
11.351,compaction_end,2,5374079
11.368,trivial_move,4,2686930
11.368,compaction_begin,2,0
11.393,compaction_end,2,5374079
11.409,trivial_move,4,2686933
11.409,compaction_begin,2,0
11.436,compaction_end,2,5374078
11.453,trivial_move,4,2686930
11.453,compaction_begin,2,0
11.478,compaction_end,2,5374079
11.496,trivial_move,4,2686930
11.496,compaction_begin,2,0
11.522,compaction_end,2,5374079
11.539,trivial_move,4,2686932
11.539,compaction_begin,2,0
11.552,compaction_end,2,2570063
11.569,trivial_move,4,2686930
11.577,trivial_move,4,2686932
11.577,compaction_begin,3,0
11.603,compaction_end,3,5374079
11.621,trivial_move,4,2686931
11.621,compaction_begin,3,0
11.644,compaction_end,3,5374079
11.661,trivial_move,4,2686931
11.661,compaction_begin,3,0
11.686,compaction_end,3,5374077
11.702,trivial_move,4,2686930
11.702,compaction_begin,3,0
11.726,compaction_end,3,5374079
11.743,trivial_move,4,2686930
11.744,compaction_begin,3,0
11.768,compaction_end,3,5374079
11.785,trivial_move,4,2686932
11.785,compaction_begin,3,0
11.810,compaction_end,3,5374080
11.827,trivial_move,4,2686931
11.827,compaction_begin,3,0
11.852,compaction_end,3,5374079
11.861,compaction_begin,3,0
11.886,compaction_end,3,5374079
11.895,compaction_begin,3,0
11.918,compaction_end,3,5374079
11.927,compaction_begin,3,0
11.952,compaction_end,3,5374079
11.961,compaction_begin,3,0
11.984,compaction_end,3,5374078
11.992,compaction_begin,3,0
12.014,compaction_end,3,5374079
12.023,compaction_begin,3,0
12.045,compaction_end,3,5374079
12.054,compaction_begin,3,0
12.076,compaction_end,3,5374078
12.085,compaction_begin,3,0
12.107,compaction_end,3,5374079
12.116,compaction_begin,3,0
12.139,compaction_end,3,5374078
12.148,compaction_begin,3,0
12.170,compaction_end,3,5374080
12.179,compaction_begin,3,0
12.201,compaction_end,3,5374079
12.210,compaction_begin,3,0
12.232,compaction_end,3,5374079
12.241,compaction_begin,3,0
12.263,compaction_end,3,5374079
12.272,compaction_begin,3,0
12.294,compaction_end,3,5374078
12.303,compaction_begin,3,0
12.324,compaction_end,3,5374079
12.333,compaction_begin,3,0
12.355,compaction_end,3,5374079
12.364,compaction_begin,3,0
12.387,compaction_end,3,5374079
12.396,compaction_begin,3,0
12.418,compaction_end,3,5374079
12.427,compaction_begin,3,0
12.449,compaction_end,3,5374077
12.458,compaction_begin,3,0
12.480,compaction_end,3,5374078
12.489,compaction_begin,3,0
12.511,compaction_end,3,5374080
12.520,compaction_begin,3,0
12.542,compaction_end,3,5374079
12.551,compaction_begin,3,0
12.573,compaction_end,3,5374079
12.582,compaction_begin,3,0
12.607,compaction_end,3,5374078
12.617,compaction_begin,3,0
12.641,compaction_end,3,5374079
12.651,compaction_begin,3,0
12.690,compaction_end,3,5374079
12.699,compaction_begin,3,0
12.721,compaction_end,3,5374079
12.730,compaction_begin,3,0
12.752,compaction_end,3,5374079
12.762,compaction_begin,3,0
12.785,compaction_end,3,5374078
12.794,compaction_begin,3,0
12.818,compaction_end,3,5374079
12.827,compaction_begin,3,0
12.849,compaction_end,3,5374080
12.858,compaction_begin,3,0
12.880,compaction_end,3,5374078
12.890,compaction_begin,3,0
12.912,compaction_end,3,5374079
12.921,compaction_begin,3,0
12.943,compaction_end,3,5374078
12.952,compaction_begin,3,0
12.973,compaction_end,3,5374079
12.982,compaction_begin,3,0
13.003,compaction_end,3,5374079
13.012,compaction_begin,3,0
13.034,compaction_end,3,5374079
13.043,compaction_begin,3,0
13.065,compaction_end,3,5374079
13.074,compaction_begin,3,0
13.096,compaction_end,3,5374078
13.105,compaction_begin,3,0
13.126,compaction_end,3,5374079
13.135,compaction_begin,3,0
13.156,compaction_end,3,5374079
13.165,compaction_begin,3,0
13.187,compaction_end,3,5374080
13.196,compaction_begin,3,0
13.218,compaction_end,3,5374079
13.227,compaction_begin,3,0
13.249,compaction_end,3,5374077
13.258,compaction_begin,3,0
13.281,compaction_end,3,5374078
13.290,compaction_begin,3,0
13.313,compaction_end,3,5374079
13.322,compaction_begin,3,0
13.344,compaction_end,3,5374079
13.353,compaction_begin,3,0
13.374,compaction_end,3,5374079
13.383,compaction_begin,3,0
13.405,compaction_end,3,5374078
13.414,compaction_begin,3,0
13.436,compaction_end,3,5374079
13.445,compaction_begin,3,0
13.466,compaction_end,3,5374079
13.475,compaction_begin,3,0
13.497,compaction_end,3,5374079
13.507,compaction_begin,3,0
13.528,compaction_end,3,5374080
13.538,compaction_begin,3,0
13.560,compaction_end,3,5374078
13.569,compaction_begin,3,0
13.592,compaction_end,3,5374079
13.601,compaction_begin,3,0
13.623,compaction_end,3,5374079
13.632,compaction_begin,3,0
13.653,compaction_end,3,5374078
13.663,compaction_begin,3,0
13.686,compaction_end,3,5374079
13.695,compaction_begin,3,0
13.717,compaction_end,3,5374078
13.726,compaction_begin,3,0
13.750,compaction_end,3,5374079
13.759,compaction_begin,3,0
13.783,compaction_end,3,5374079
13.793,compaction_begin,3,0
13.817,compaction_end,3,5374079
13.826,compaction_begin,3,0
13.849,compaction_end,3,5374079
13.858,compaction_begin,3,0
13.881,compaction_end,3,5374079
13.890,compaction_begin,3,0
13.913,compaction_end,3,5374079
13.923,compaction_begin,3,0
13.946,compaction_end,3,5374079
13.955,compaction_begin,3,0
13.978,compaction_end,3,5374079
13.988,compaction_begin,3,0
14.010,compaction_end,3,5374079
14.019,compaction_begin,3,0
14.043,compaction_end,3,5374077
14.052,compaction_begin,3,0
14.074,compaction_end,3,5374078
14.083,compaction_begin,3,0
14.104,compaction_end,3,5374079
14.113,compaction_begin,3,0
14.134,compaction_end,3,5374079
14.143,compaction_begin,3,0
14.165,compaction_end,3,5374079
14.174,compaction_begin,3,0
14.195,compaction_end,3,5374078
14.204,compaction_begin,3,0
14.225,compaction_end,3,5374080
14.234,compaction_begin,3,0
14.255,compaction_end,3,5374079
14.264,compaction_begin,3,0
14.287,compaction_end,3,5374079
14.296,compaction_begin,3,0
14.320,compaction_end,3,5374079
14.329,compaction_begin,3,0
14.352,compaction_end,3,5374078
14.361,compaction_begin,3,0
14.384,compaction_end,3,5374079
14.393,compaction_begin,3,0
14.416,compaction_end,3,5374079
14.425,compaction_begin,3,0
14.447,compaction_end,3,5374078
14.456,compaction_begin,3,0
14.479,compaction_end,3,5374079
14.488,compaction_begin,3,0
14.511,compaction_end,3,5374078
14.520,compaction_begin,3,0
14.542,compaction_end,3,5374079
14.551,compaction_begin,3,0
14.573,compaction_end,3,5374081
14.582,compaction_begin,3,0
14.603,compaction_end,3,5374079
14.612,compaction_begin,3,0
14.634,compaction_end,3,5374079
14.643,compaction_begin,3,0
14.666,compaction_end,3,5374078
14.675,compaction_begin,3,0
14.697,compaction_end,3,5374079
14.706,compaction_begin,3,0
14.727,compaction_end,3,5374079
14.736,compaction_begin,3,0
14.758,compaction_end,3,5374079
14.767,compaction_begin,3,0
14.789,compaction_end,3,5374079
14.798,compaction_begin,3,0
14.820,compaction_end,3,5374077
14.829,compaction_begin,3,0
14.851,compaction_end,3,5374078
14.860,compaction_begin,3,0
14.881,compaction_end,3,5374079
14.890,compaction_begin,3,0
14.912,compaction_end,3,5374080
14.921,compaction_begin,3,0
14.943,compaction_end,3,5374079
14.952,compaction_begin,3,0
14.974,compaction_end,3,5374078
14.983,compaction_begin,3,0
15.006,compaction_end,3,5374079
15.015,compaction_begin,3,0
15.038,compaction_end,3,5374079
15.048,compaction_begin,3,0
15.071,compaction_end,3,5374079
15.080,compaction_begin,3,0
15.103,compaction_end,3,5374079
15.112,compaction_begin,3,0
15.134,compaction_end,3,5374078
15.143,compaction_begin,3,0
15.165,compaction_end,3,5374079
15.174,compaction_begin,3,0
15.195,compaction_end,3,5374079
15.204,compaction_begin,3,0
15.226,compaction_end,3,5374078
15.235,compaction_begin,3,0
15.257,compaction_end,3,5374080
15.266,compaction_begin,3,0
15.288,compaction_end,3,5374078
15.297,compaction_begin,3,0
15.318,compaction_end,3,5374079
15.327,compaction_begin,3,0
15.349,compaction_end,3,5374079
15.358,compaction_begin,3,0
15.380,compaction_end,3,5374079
15.389,compaction_begin,3,0
15.411,compaction_end,3,5374079
15.420,compaction_begin,3,0
15.442,compaction_end,3,5374078
15.452,compaction_begin,3,0
15.474,compaction_end,3,5374079
15.483,compaction_begin,3,0
15.504,compaction_end,3,5374079
15.513,compaction_begin,3,0
15.536,compaction_end,3,5374079
15.545,compaction_begin,3,0
15.567,compaction_end,3,5374080
15.575,compaction_begin,3,0
15.604,compaction_end,3,5374077
15.613,compaction_begin,3,0
15.636,compaction_end,3,5374078
15.645,compaction_begin,3,0
15.667,compaction_end,3,5374079
15.676,compaction_begin,3,0
15.698,compaction_end,3,5374079
15.707,compaction_begin,3,0
15.728,compaction_end,3,5374079
15.737,compaction_begin,3,0
15.761,compaction_end,3,5374078
15.770,compaction_begin,3,0
15.792,compaction_end,3,5374079
15.801,compaction_begin,3,0
15.822,compaction_end,3,5374079
15.831,compaction_begin,3,0
15.853,compaction_end,3,5374079
15.862,compaction_begin,3,0
15.885,compaction_end,3,5374079
15.894,compaction_begin,3,0
15.915,compaction_end,3,5374079
15.924,compaction_begin,3,0
15.946,compaction_end,3,5374079
15.955,compaction_begin,3,0
15.977,compaction_end,3,5374079
15.986,compaction_begin,3,0
16.009,compaction_end,3,5374078
16.018,compaction_begin,3,0
16.040,compaction_end,3,5374079
16.049,compaction_begin,3,0
16.072,compaction_end,3,5374078
16.081,compaction_begin,3,0
16.104,compaction_end,3,5374079
16.113,compaction_begin,3,0
16.137,compaction_end,3,5374079
16.146,compaction_begin,3,0
16.169,compaction_end,3,5374079
16.178,compaction_begin,3,0
16.200,compaction_end,3,5374079
16.209,compaction_begin,3,0
16.232,compaction_end,3,5374078
16.241,compaction_begin,3,0
16.264,compaction_end,3,5374080
16.273,compaction_begin,3,0
16.295,compaction_end,3,5374079
16.304,compaction_begin,3,0
16.325,compaction_end,3,5374079
16.334,compaction_begin,3,0
16.356,compaction_end,3,5374079
16.365,compaction_begin,3,0
16.385,compaction_end,3,5374077
16.394,compaction_begin,3,0
16.416,compaction_end,3,5374078
16.425,compaction_begin,3,0
16.446,compaction_end,3,5374079
16.455,compaction_begin,3,0
16.477,compaction_end,3,5374079
16.486,compaction_begin,3,0
16.508,compaction_end,3,5374079
16.517,compaction_begin,3,0
16.539,compaction_end,3,5374078
16.548,compaction_begin,3,0
16.570,compaction_end,3,5374079
16.579,compaction_begin,3,0
16.602,compaction_end,3,5374080
16.611,compaction_begin,3,0
16.634,compaction_end,3,5374079
16.643,compaction_begin,3,0
16.665,compaction_end,3,5374079
16.674,compaction_begin,3,0
16.697,compaction_end,3,5374078
16.706,compaction_begin,3,0
16.727,compaction_end,3,5374079
16.736,compaction_begin,3,0
16.758,compaction_end,3,5374079
16.767,compaction_begin,3,0
16.790,compaction_end,3,5374078
16.799,compaction_begin,3,0
16.822,compaction_end,3,5374079
16.831,compaction_begin,3,0
16.856,compaction_end,3,5374078
16.866,compaction_begin,3,0
16.889,compaction_end,3,5374079
16.898,compaction_begin,3,0
16.922,compaction_end,3,5374079
16.931,compaction_begin,3,0
16.954,compaction_end,3,5374080
16.963,compaction_begin,3,0
16.987,compaction_end,3,5374079
16.997,compaction_begin,3,0
17.021,compaction_end,3,5374078
17.030,compaction_begin,3,0
17.056,compaction_end,3,5374079
17.065,compaction_begin,3,0
17.087,compaction_end,3,5374079
17.096,compaction_begin,3,0
17.119,compaction_end,3,5374079
17.129,compaction_begin,3,0
17.153,compaction_end,3,5374079
17.162,compaction_begin,3,0
17.186,compaction_end,3,5374077
17.196,compaction_begin,3,0
17.217,compaction_end,3,5374078
17.227,compaction_begin,3,0
17.250,compaction_end,3,5374079
17.260,compaction_begin,3,0
17.284,compaction_end,3,5374079
17.293,compaction_begin,3,0
17.316,compaction_end,3,5374080
17.325,compaction_begin,3,0
17.347,compaction_end,3,5374078
17.356,compaction_begin,3,0
17.383,compaction_end,3,7023641
17.392,compaction_begin,3,0
17.416,compaction_end,3,5374083
17.425,compaction_begin,3,0
17.447,compaction_end,3,5374083
17.456,compaction_begin,3,0
17.479,compaction_end,3,5374083
17.488,compaction_begin,3,0
17.511,compaction_end,3,5374084
17.520,compaction_begin,3,0
17.542,compaction_end,3,5374083
17.551,compaction_begin,3,0
17.572,compaction_end,3,5374082
17.581,compaction_begin,3,0
17.604,compaction_end,3,5374083
17.613,compaction_begin,3,0
17.636,compaction_end,3,5374084
17.645,compaction_begin,3,0
17.667,compaction_end,3,5374084
17.676,compaction_begin,3,0
17.699,compaction_end,3,5374083
17.708,compaction_begin,3,0
17.732,compaction_end,3,5374082
17.741,compaction_begin,3,0
17.764,compaction_end,3,5374083
17.773,compaction_begin,3,0
17.795,compaction_end,3,5374083
17.804,compaction_begin,3,0
17.827,compaction_end,3,5374084
17.836,compaction_begin,3,0
17.859,compaction_end,3,5374082
17.868,compaction_begin,3,0
17.891,compaction_end,3,5374083
17.900,compaction_begin,3,0
17.923,compaction_end,3,5374083
17.932,compaction_begin,3,0
17.956,compaction_end,3,5374083
17.965,compaction_begin,3,0
17.978,compaction_end,3,3607587
23.396,flush_begin,0,0
23.426,flush_end,0,2744465
23.436,compaction_begin,2,0
23.765,compaction_end,2,2678442
23.777,compaction_begin,3,0
24.004,compaction_end,3,42992648
24.016,compaction_begin,3,0
24.193,compaction_end,3,42992650
24.205,compaction_begin,3,0
24.378,compaction_end,3,42992649
24.389,compaction_begin,3,0
24.562,compaction_end,3,42992648
24.573,compaction_begin,3,0
24.751,compaction_end,3,42992648
24.762,compaction_begin,3,0
24.933,compaction_end,3,42992652
24.943,compaction_begin,3,0
25.122,compaction_end,3,42992650
25.130,compaction_begin,3,0
25.237,compaction_end,3,26141394
25.247,compaction_begin,3,0
25.419,compaction_end,3,41955150
25.430,compaction_begin,3,0
25.599,compaction_end,3,42992647
25.609,compaction_begin,3,0
25.773,compaction_end,3,42992649
25.783,compaction_begin,3,0
25.942,compaction_end,3,42992655
25.953,compaction_begin,3,0
26.110,compaction_end,3,41955151
26.120,compaction_begin,3,0
26.284,compaction_end,3,42992648
26.294,compaction_begin,3,0
26.463,compaction_end,3,42992654
26.473,compaction_begin,3,0
26.647,compaction_end,3,42992652
26.657,compaction_begin,3,0
26.824,compaction_end,3,42992649
26.834,compaction_begin,3,0
27.009,compaction_end,3,42992649
27.019,compaction_begin,3,0
27.192,compaction_end,3,42992649
27.202,compaction_begin,3,0
27.366,compaction_end,3,42992654
27.376,compaction_begin,3,0
27.546,compaction_end,3,42992654
27.556,compaction_begin,3,0
27.731,compaction_end,3,42992652
27.741,compaction_begin,3,0
27.906,compaction_end,3,42992650
27.917,compaction_begin,3,0
28.081,compaction_end,3,42992652
28.091,compaction_begin,3,0
28.262,compaction_end,3,42992649
28.272,compaction_begin,3,0
28.448,compaction_end,3,42992653
28.458,compaction_begin,3,0
28.627,compaction_end,3,42992649
28.637,compaction_begin,3,0
28.799,compaction_end,3,42992652
28.810,compaction_begin,3,0
28.870,flush_begin,0,0
28.880,flush_end,0,2744107
29.008,compaction_end,3,42992650
29.016,compaction_begin,2,0
29.313,compaction_end,2,2850671
29.339,compaction_begin,3,0
29.558,compaction_end,3,42992652
29.571,compaction_begin,3,0
29.747,compaction_end,3,42992651
29.757,compaction_begin,3,0
29.938,compaction_end,3,42992653
29.949,compaction_begin,3,0
30.135,compaction_end,3,42992652
30.145,compaction_begin,3,0
30.314,compaction_end,3,42992652
30.324,compaction_begin,3,0
30.491,compaction_end,3,42992650
30.501,compaction_begin,3,0
30.661,compaction_end,3,42992652
30.671,compaction_begin,3,0
30.839,compaction_end,3,42992647
30.849,compaction_begin,3,0
31.016,compaction_end,3,42992654
31.026,compaction_begin,3,0
31.187,compaction_end,3,42992653
31.197,compaction_begin,3,0
31.358,compaction_end,3,42992653
31.368,compaction_begin,3,0
31.538,compaction_end,3,44267907
31.548,compaction_begin,3,0
31.729,compaction_end,3,45679536
31.739,compaction_begin,3,0
31.895,compaction_end,3,41955153
31.905,compaction_begin,3,0
32.068,compaction_end,3,42992648
32.078,compaction_begin,3,0
32.237,compaction_end,3,42992652
32.247,compaction_begin,3,0
32.412,compaction_end,3,42992654
32.422,compaction_begin,3,0
32.582,compaction_end,3,42992655
32.592,compaction_begin,3,0
32.758,compaction_end,3,42992649
32.768,compaction_begin,3,0
32.935,compaction_end,3,42992649
32.946,compaction_begin,3,0
33.105,compaction_end,3,42992653
33.115,compaction_begin,3,0
33.275,compaction_end,3,42992650
33.285,compaction_begin,3,0
33.453,compaction_end,3,42992652
33.463,compaction_begin,3,0
33.616,compaction_end,3,42992648
33.626,compaction_begin,3,0
33.790,compaction_end,3,42992650
33.800,compaction_begin,3,0
33.962,compaction_end,3,42992648
33.972,compaction_begin,3,0
34.135,compaction_end,3,42992648
34.145,compaction_begin,3,0
34.306,compaction_end,3,41955150
34.314,compaction_begin,3,0
34.320,flush_begin,0,0
34.330,flush_end,0,2744779
34.499,compaction_end,3,43230497
34.510,compaction_begin,2,0
34.800,compaction_end,2,2949165
34.812,compaction_begin,3,0
35.017,compaction_end,3,42992652
35.027,compaction_begin,3,0
35.194,compaction_end,3,42992653
35.204,compaction_begin,3,0
35.374,compaction_end,3,42992652
35.384,compaction_begin,3,0
35.556,compaction_end,3,42992651
35.566,compaction_begin,3,0
35.734,compaction_end,3,42992654
35.744,compaction_begin,3,0
35.910,compaction_end,3,42992649
35.920,compaction_begin,3,0
36.088,compaction_end,3,42992652
36.098,compaction_begin,3,0
36.270,compaction_end,3,44404453
36.280,compaction_begin,3,0
36.452,compaction_end,3,42992654
36.462,compaction_begin,3,0
36.630,compaction_end,3,44404450
36.640,compaction_begin,3,0
36.811,compaction_end,3,42992652
36.822,compaction_begin,3,0
36.984,compaction_end,3,42992650
36.994,compaction_begin,3,0
37.164,compaction_end,3,44642301
37.174,compaction_begin,3,0
37.336,compaction_end,3,42992647
37.346,compaction_begin,3,0
37.514,compaction_end,3,42992652
37.524,compaction_begin,3,0
37.685,compaction_end,3,42992654
37.695,compaction_begin,3,0
37.860,compaction_end,3,42992652
37.870,compaction_begin,3,0
38.028,compaction_end,3,42618171
38.038,compaction_begin,3,0
38.196,compaction_end,3,42992652
38.206,compaction_begin,3,0
38.369,compaction_end,3,42992650
38.379,compaction_begin,3,0
38.543,compaction_end,3,42992654
38.553,compaction_begin,3,0
38.719,compaction_end,3,42992647
38.729,compaction_begin,3,0
38.891,compaction_end,3,42992650
38.901,compaction_begin,3,0
39.059,compaction_end,3,42992648
39.069,compaction_begin,3,0
39.245,compaction_end,3,45679539
39.255,compaction_begin,3,0
39.416,compaction_end,3,42992652
39.426,compaction_begin,3,0
39.587,compaction_end,3,42992653
39.597,compaction_begin,3,0
39.737,flush_begin,0,0
39.746,flush_end,0,2744558
39.777,compaction_end,3,42992654
39.787,compaction_begin,2,0
40.079,compaction_end,2,2984084
40.091,compaction_begin,3,0
40.291,compaction_end,3,42992652
40.302,compaction_begin,3,0
40.472,compaction_end,3,42992652
40.482,compaction_begin,3,0
40.653,compaction_end,3,42992651
40.663,compaction_begin,3,0
40.828,compaction_end,3,42992653
40.838,compaction_begin,3,0
41.007,compaction_end,3,42992653
41.017,compaction_begin,3,0
41.186,compaction_end,3,42992650
41.196,compaction_begin,3,0
41.363,compaction_end,3,42992654
41.373,compaction_begin,3,0
41.534,compaction_end,3,42992648
41.544,compaction_begin,3,0
41.706,compaction_end,3,43367082
41.716,compaction_begin,3,0
41.890,compaction_end,3,44267910
41.900,compaction_begin,3,0
42.074,compaction_end,3,44030064
42.084,compaction_begin,3,0
42.256,compaction_end,3,42992654
42.266,compaction_begin,3,0
42.422,compaction_end,3,41955150
42.432,compaction_begin,3,0
42.595,compaction_end,3,42992649
42.605,compaction_begin,3,0
42.778,compaction_end,3,42992652
42.788,compaction_begin,3,0
42.952,compaction_end,3,42992652
42.962,compaction_begin,3,0
43.119,compaction_end,3,41955153
43.129,compaction_begin,3,0
43.289,compaction_end,3,42992649
43.299,compaction_begin,3,0
43.474,compaction_end,3,42992652
43.484,compaction_begin,3,0
43.650,compaction_end,3,42992652
43.660,compaction_begin,3,0
43.816,compaction_end,3,42992650
43.826,compaction_begin,3,0
43.988,compaction_end,3,42992650
43.998,compaction_begin,3,0
44.159,compaction_end,3,42754753
44.169,compaction_begin,3,0
44.326,compaction_end,3,42992653
44.336,compaction_begin,3,0
44.497,compaction_end,3,42992654
44.508,compaction_begin,3,0
44.674,compaction_end,3,43367079
44.685,compaction_begin,3,0
44.853,compaction_end,3,42992652
44.864,compaction_begin,3,0
45.026,compaction_end,3,42992650
45.036,compaction_begin,3,0
45.206,compaction_end,3,43367081
45.217,compaction_begin,3,0
45.220,flush_begin,0,0
45.231,flush_end,0,2745012
45.401,compaction_end,3,43230497
45.411,compaction_begin,2,0
45.700,compaction_end,2,3022444
45.714,compaction_begin,3,0
45.933,compaction_end,3,42992647
45.943,compaction_begin,3,0
46.115,compaction_end,3,42992649
46.125,compaction_begin,3,0
46.305,compaction_end,3,42992651
46.315,compaction_begin,3,0
46.487,compaction_end,3,42992647
46.498,compaction_begin,3,0
46.669,compaction_end,3,42992648
46.679,compaction_begin,3,0
46.853,compaction_end,3,42992650
46.863,compaction_begin,3,0
47.037,compaction_end,3,42243698
47.047,compaction_begin,3,0
47.215,compaction_end,3,42992653
47.226,compaction_begin,3,0
47.397,compaction_end,3,42992653
47.407,compaction_begin,3,0
47.567,compaction_end,3,42618173
47.577,compaction_begin,3,0
47.744,compaction_end,3,42992653
47.754,compaction_begin,3,0
47.928,compaction_end,3,42992649
47.938,compaction_begin,3,0
48.114,compaction_end,3,42992650
48.124,compaction_begin,3,0
48.301,compaction_end,3,42992653
48.311,compaction_begin,3,0
48.487,compaction_end,3,42992654
48.497,compaction_begin,3,0
48.669,compaction_end,3,42992655
48.680,compaction_begin,3,0
48.852,compaction_end,3,44267907
48.862,compaction_begin,3,0
49.034,compaction_end,3,42992648
49.044,compaction_begin,3,0
49.225,compaction_end,3,44642297
49.235,compaction_begin,3,0
49.405,compaction_end,3,42992650
49.416,compaction_begin,3,0
49.595,compaction_end,3,42992650
49.605,compaction_begin,3,0
49.770,compaction_end,3,42992649
49.781,compaction_begin,3,0
49.941,compaction_end,3,42992648
49.951,compaction_begin,3,0
50.121,compaction_end,3,43367077
50.131,compaction_begin,3,0
50.312,compaction_end,3,45679540
50.322,compaction_begin,3,0
50.494,compaction_end,3,42992651
50.504,compaction_begin,3,0
50.664,flush_begin,0,0
50.675,flush_end,0,2744358
50.697,compaction_end,3,42805419
50.707,compaction_begin,2,0
51.001,compaction_end,2,3099310
51.016,compaction_begin,3,0
51.236,compaction_end,3,42992652
51.247,compaction_begin,3,0
51.428,compaction_end,3,42992650
51.438,compaction_begin,3,0
51.634,compaction_end,3,42992651
51.645,compaction_begin,3,0
51.831,compaction_end,3,42992647
51.841,compaction_begin,3,0
52.030,compaction_end,3,42992651
52.041,compaction_begin,3,0
52.227,compaction_end,3,42992655
52.237,compaction_begin,3,0
52.425,compaction_end,3,43367080
52.435,compaction_begin,3,0
52.620,compaction_end,3,44404453
52.628,compaction_begin,3,0
52.810,compaction_end,3,42992649
52.822,compaction_begin,3,0
52.997,compaction_end,3,43367085
53.007,compaction_begin,3,0
53.172,compaction_end,3,42992650
53.182,compaction_begin,3,0
53.368,compaction_end,3,43367079
53.378,compaction_begin,3,0
53.570,compaction_end,3,45679538
53.580,compaction_begin,3,0
53.747,compaction_end,3,42992649
53.757,compaction_begin,3,0
53.914,compaction_end,3,43367082
53.924,compaction_begin,3,0
54.087,compaction_end,3,42992649
54.097,compaction_begin,3,0
54.262,compaction_end,3,43367081
54.272,compaction_begin,3,0
54.435,compaction_end,3,42618173
54.445,compaction_begin,3,0
54.603,compaction_end,3,42992648
54.614,compaction_begin,3,0
54.773,compaction_end,3,42992648
54.784,compaction_begin,3,0
54.950,compaction_end,3,42992647
54.960,compaction_begin,3,0
55.128,compaction_end,3,43367081
55.138,compaction_begin,3,0
55.307,compaction_end,3,42992651
55.317,compaction_begin,3,0
55.480,compaction_end,3,42243698
55.490,compaction_begin,3,0
55.646,compaction_end,3,42754753
55.656,compaction_begin,3,0
55.816,compaction_end,3,42618174
55.824,compaction_begin,3,0
55.983,compaction_end,3,42992649
55.995,compaction_begin,3,0
56.142,flush_begin,0,0
56.152,flush_end,0,2744436
56.172,compaction_end,3,43367082
56.182,compaction_begin,2,0
56.472,compaction_end,2,3176631
56.490,compaction_begin,3,0
56.698,compaction_end,3,42992652
56.709,compaction_begin,3,0
56.885,compaction_end,3,42992650
56.895,compaction_begin,3,0
57.062,compaction_end,3,42992651
57.072,compaction_begin,3,0
57.245,compaction_end,3,42992651
57.253,compaction_begin,3,0
57.429,compaction_end,3,44030067
57.441,compaction_begin,3,0
57.611,compaction_end,3,43367085
57.621,compaction_begin,3,0
57.781,compaction_end,3,42618174
57.791,compaction_begin,3,0
57.951,compaction_end,3,41955150
57.961,compaction_begin,3,0
58.123,compaction_end,3,42992650
58.133,compaction_begin,3,0
58.305,compaction_end,3,45679535
58.315,compaction_begin,3,0
58.491,compaction_end,3,43367079
58.501,compaction_begin,3,0
58.668,compaction_end,3,42992649
58.678,compaction_begin,3,0
58.837,compaction_end,3,43367082
58.846,compaction_begin,3,0
59.013,compaction_end,3,42992649
59.023,compaction_begin,3,0
59.191,compaction_end,3,42992649
59.202,compaction_begin,3,0
59.362,compaction_end,3,43367082
59.372,compaction_begin,3,0
59.538,compaction_end,3,42243698
59.548,compaction_begin,3,0
59.711,compaction_end,3,43367081
59.721,compaction_begin,3,0
59.891,compaction_end,3,42992651
59.901,compaction_begin,3,0
60.062,compaction_end,3,43367081
60.072,compaction_begin,3,0
60.227,compaction_end,3,42992649
60.237,compaction_begin,3,0
60.404,compaction_end,3,43367077
60.413,compaction_begin,3,0
60.568,compaction_end,3,42618175
60.578,compaction_begin,3,0
60.742,compaction_end,3,42992649
60.752,compaction_begin,3,0
60.914,compaction_end,3,42243698
60.924,compaction_begin,3,0
61.085,compaction_end,3,42618172
61.095,compaction_begin,3,0
61.263,compaction_end,3,45679536
61.273,compaction_begin,3,0
61.437,compaction_end,3,43367081
61.445,compaction_begin,3,0
61.590,flush_begin,0,0
61.600,flush_end,0,2745115
61.624,compaction_end,3,43367080
61.633,compaction_begin,2,0
61.920,compaction_end,2,3210999
61.936,compaction_begin,3,0
62.143,compaction_end,3,42992652
62.154,compaction_begin,3,0
62.325,compaction_end,3,42992650
62.336,compaction_begin,3,0
62.507,compaction_end,3,42618173
62.517,compaction_begin,3,0
62.685,compaction_end,3,42243698
62.695,compaction_begin,3,0
62.864,compaction_end,3,42992651
62.875,compaction_begin,3,0
63.054,compaction_end,3,44030062
63.064,compaction_begin,3,0
63.224,compaction_end,3,43367082
63.233,compaction_begin,3,0
63.391,compaction_end,3,42618173
63.401,compaction_begin,3,0
63.557,compaction_end,3,42754759
63.567,compaction_begin,3,0
63.728,compaction_end,3,43367081
63.738,compaction_begin,3,0
63.895,compaction_end,3,42618175
63.905,compaction_begin,3,0
64.071,compaction_end,3,43367077
64.081,compaction_begin,3,0
64.246,compaction_end,3,42380278
64.256,compaction_begin,3,0
64.422,compaction_end,3,42992649
64.431,compaction_begin,3,0
64.588,compaction_end,3,42992649
64.598,compaction_begin,3,0
64.763,compaction_end,3,43367083
64.773,compaction_begin,3,0
64.938,compaction_end,3,42992650
64.949,compaction_begin,3,0
65.106,compaction_end,3,42992654
65.116,compaction_begin,3,0
65.285,compaction_end,3,43367082
65.295,compaction_begin,3,0
65.461,compaction_end,3,42992651
65.470,compaction_begin,3,0
65.632,compaction_end,3,43367079
65.642,compaction_begin,3,0
65.728,compaction_end,3,21804685
65.737,compaction_begin,3,0
65.915,compaction_end,3,42992651
65.925,compaction_begin,3,0
66.087,compaction_end,3,41955155
66.097,compaction_begin,3,0
66.262,compaction_end,3,42618173
66.272,compaction_begin,3,0
66.449,compaction_end,3,44267908
66.459,compaction_begin,3,0
66.628,compaction_end,3,44030067
66.638,compaction_begin,3,0
66.801,compaction_end,3,42992654
66.811,compaction_begin,3,0
66.988,compaction_end,3,43367077
66.997,compaction_begin,3,0
67.035,flush_begin,0,0
67.046,flush_end,0,2744424
67.186,compaction_end,3,43367079
67.196,compaction_begin,2,0
67.484,compaction_end,2,3182805
67.500,compaction_begin,3,0
67.714,compaction_end,3,42992650
67.725,compaction_begin,3,0
67.899,compaction_end,3,42754759
67.909,compaction_begin,3,0
68.085,compaction_end,3,42992649
68.096,compaction_begin,3,0
68.270,compaction_end,3,42992650
68.281,compaction_begin,3,0
68.452,compaction_end,3,43367079
68.462,compaction_begin,3,0
68.633,compaction_end,3,42906742
68.642,compaction_begin,3,0
68.801,compaction_end,3,42618171
68.811,compaction_begin,3,0
68.975,compaction_end,3,42243694
68.985,compaction_begin,3,0
69.147,compaction_end,3,42992648
69.157,compaction_begin,3,0
69.325,compaction_end,3,43367078
69.335,compaction_begin,3,0
69.503,compaction_end,3,42992649
69.512,compaction_begin,3,0
69.677,compaction_end,3,43367081
69.687,compaction_begin,3,0
69.858,compaction_end,3,42618174
69.866,compaction_begin,3,0
70.032,compaction_end,3,42992650
70.043,compaction_begin,3,0
70.213,compaction_end,3,43367081
70.220,compaction_begin,3,0
70.389,compaction_end,3,43367081
70.401,compaction_begin,3,0
70.508,compaction_end,3,26921073
70.518,compaction_begin,3,0
70.689,compaction_end,3,43367077
70.699,compaction_begin,3,0
70.858,compaction_end,3,42992654
70.869,compaction_begin,3,0
71.030,compaction_end,3,43367080
71.038,compaction_begin,3,0
71.199,compaction_end,3,43367080
71.211,compaction_begin,3,0
71.373,compaction_end,3,43367081
71.383,compaction_begin,3,0
71.557,compaction_end,3,43367079
71.567,compaction_begin,3,0
71.740,compaction_end,3,43367082
71.750,compaction_begin,3,0
71.925,compaction_end,3,42992649
71.935,compaction_begin,3,0
72.100,compaction_end,3,42992647
72.109,compaction_begin,3,0
72.267,compaction_end,3,42618171
72.279,compaction_begin,3,0
72.441,compaction_end,3,43367081
72.451,compaction_begin,3,0
72.521,flush_begin,0,0
72.530,flush_end,0,2744685
72.634,compaction_end,3,43367080
72.643,compaction_begin,2,0
72.963,compaction_end,2,3190127
72.976,compaction_begin,3,0
73.174,compaction_end,3,42992650
73.185,compaction_begin,3,0
73.354,compaction_end,3,42992649
73.365,compaction_begin,3,0
73.533,compaction_end,3,42992650
73.541,compaction_begin,3,0
73.707,compaction_end,3,42618171
73.720,compaction_begin,3,0
73.884,compaction_end,3,42906742
73.894,compaction_begin,3,0
74.057,compaction_end,3,43367081
74.067,compaction_begin,3,0
74.228,compaction_end,3,43367079
74.237,compaction_begin,3,0
74.406,compaction_end,3,42754759
74.416,compaction_begin,3,0
74.585,compaction_end,3,43367079
74.595,compaction_begin,3,0
74.757,compaction_end,3,42992647
74.767,compaction_begin,3,0
74.933,compaction_end,3,43367082
74.942,compaction_begin,3,0
75.109,compaction_end,3,42992649
75.118,compaction_begin,3,0
75.279,compaction_end,3,42618173
75.289,compaction_begin,3,0
75.451,compaction_end,3,43367077
75.461,compaction_begin,3,0
75.626,compaction_end,3,45441661
75.636,compaction_begin,3,0
75.797,compaction_end,3,42618172
75.807,compaction_begin,3,0
75.971,compaction_end,3,42992647
75.981,compaction_begin,3,0
76.149,compaction_end,3,43367080
76.159,compaction_begin,3,0
76.321,compaction_end,3,42992650
76.331,compaction_begin,3,0
76.489,compaction_end,3,42992651
76.499,compaction_begin,3,0
76.661,compaction_end,3,43367082
76.672,compaction_begin,3,0
76.838,compaction_end,3,43367081
76.848,compaction_begin,3,0
77.013,compaction_end,3,43367084
77.023,compaction_begin,3,0
77.186,compaction_end,3,42856068
77.196,compaction_begin,3,0
77.365,compaction_end,3,43367081
77.375,compaction_begin,3,0
77.538,compaction_end,3,43367079
77.547,compaction_begin,3,0
77.703,compaction_end,3,42243694
77.713,compaction_begin,3,0
77.876,compaction_end,3,43367077
77.886,compaction_begin,3,0
78.017,flush_begin,0,0
78.027,flush_end,0,2744363
78.065,compaction_end,3,41955153
78.075,compaction_begin,2,0
78.364,compaction_end,2,3145635
78.382,compaction_begin,3,0
78.600,compaction_end,3,42992650
78.611,compaction_begin,3,0
78.782,compaction_end,3,42992650
78.793,compaction_begin,3,0
78.976,compaction_end,3,43367079
78.986,compaction_begin,3,0
79.163,compaction_end,3,42992649
79.174,compaction_begin,3,0
79.352,compaction_end,3,42754759
79.361,compaction_begin,3,0
79.527,compaction_end,3,42992647
79.537,compaction_begin,3,0
79.704,compaction_end,3,42856068
79.714,compaction_begin,3,0
79.879,compaction_end,3,42243694
79.889,compaction_begin,3,0
80.059,compaction_end,3,42992650
80.068,compaction_begin,3,0
80.236,compaction_end,3,43367082
80.247,compaction_begin,3,0
80.412,compaction_end,3,42992649
80.422,compaction_begin,3,0
80.588,compaction_end,3,42618173
80.598,compaction_begin,3,0
80.768,compaction_end,3,43367082
80.778,compaction_begin,3,0
80.952,compaction_end,3,42906742
80.961,compaction_begin,3,0
81.137,compaction_end,3,43367076
81.146,compaction_begin,3,0
81.313,compaction_end,3,42618172
81.321,compaction_begin,3,0
81.492,compaction_end,3,43367080
81.503,compaction_begin,3,0
81.676,compaction_end,3,43367077
81.686,compaction_begin,3,0
81.846,compaction_end,3,43367082
81.856,compaction_begin,3,0
81.970,compaction_end,3,30356956
81.979,compaction_begin,3,0
82.151,compaction_end,3,43367080
82.161,compaction_begin,3,0
82.331,compaction_end,3,43367081
82.341,compaction_begin,3,0
82.511,compaction_end,3,45305110
82.521,compaction_begin,3,0
82.683,compaction_end,3,42618173
82.693,compaction_begin,3,0
82.872,compaction_end,3,42992650
82.883,compaction_begin,3,0
83.049,compaction_end,3,43367079
83.059,compaction_begin,3,0
83.234,compaction_end,3,44267907
83.245,compaction_begin,3,0
83.410,compaction_end,3,43367082
83.420,compaction_begin,3,0
83.463,flush_begin,0,0
83.472,flush_end,0,2744889
83.611,compaction_end,3,42992648
83.620,compaction_begin,2,0
83.913,compaction_end,2,3180461
83.929,compaction_begin,3,0
84.141,compaction_end,3,42992650
84.152,compaction_begin,3,0
84.326,compaction_end,3,42992651
84.337,compaction_begin,3,0
84.517,compaction_end,3,42992649
84.527,compaction_begin,3,0
84.702,compaction_end,3,42754753
84.713,compaction_begin,3,0
84.887,compaction_end,3,43367081
84.897,compaction_begin,3,0
85.073,compaction_end,3,42906743
85.082,compaction_begin,3,0
85.258,compaction_end,3,43367081
85.268,compaction_begin,3,0
85.430,compaction_end,3,43367082
85.440,compaction_begin,3,0
85.605,compaction_end,3,42992653
85.615,compaction_begin,3,0
85.792,compaction_end,3,42618170
85.802,compaction_begin,3,0
85.960,compaction_end,3,42618174
85.970,compaction_begin,3,0
86.135,compaction_end,3,43367082
86.145,compaction_begin,3,0
86.328,compaction_end,3,43367078
86.338,compaction_begin,3,0
86.509,compaction_end,3,43367083
86.519,compaction_begin,3,0
86.696,compaction_end,3,43367082
86.706,compaction_begin,3,0
86.911,compaction_end,3,43367081
86.922,compaction_begin,3,0
87.109,compaction_end,3,45679538
87.119,compaction_begin,3,0
87.303,compaction_end,3,42618171
87.313,compaction_begin,3,0
87.494,compaction_end,3,42992650
87.506,compaction_begin,3,0
87.687,compaction_end,3,42992651
87.698,compaction_begin,3,0
87.871,compaction_end,3,42243693
87.881,compaction_begin,3,0
88.062,compaction_end,3,41955152
88.072,compaction_begin,3,0
88.250,compaction_end,3,43367081
88.260,compaction_begin,3,0
88.436,compaction_end,3,43367081
88.446,compaction_begin,3,0
88.633,compaction_end,3,43367081
88.645,compaction_begin,3,0
88.832,compaction_end,3,43367079
88.842,compaction_begin,3,0
88.928,flush_begin,0,0
88.938,flush_end,0,2744607
89.025,compaction_end,3,42992648
89.035,compaction_begin,2,0
89.327,compaction_end,2,3241877
89.342,compaction_begin,3,0
89.547,compaction_end,3,42992652
89.558,compaction_begin,3,0
89.728,compaction_end,3,43367078
89.739,compaction_begin,3,0
89.906,compaction_end,3,42992650
89.917,compaction_begin,3,0
90.081,compaction_end,3,42618172
90.091,compaction_begin,3,0
90.262,compaction_end,3,43367077
90.270,compaction_begin,3,0
90.437,compaction_end,3,42992653
90.449,compaction_begin,3,0
90.614,compaction_end,3,42754758
90.624,compaction_begin,3,0
90.790,compaction_end,3,43367077
90.798,compaction_begin,3,0
90.968,compaction_end,3,43367079
90.980,compaction_begin,3,0
91.144,compaction_end,3,43367076
91.154,compaction_begin,3,0
91.314,compaction_end,3,42856068
91.324,compaction_begin,3,0
91.487,compaction_end,3,43367079
91.496,compaction_begin,3,0
91.662,compaction_end,3,43367079
91.672,compaction_begin,3,0
91.837,compaction_end,3,43367082
91.847,compaction_begin,3,0
92.015,compaction_end,3,43367081
92.025,compaction_begin,3,0
92.187,compaction_end,3,42243694
92.197,compaction_begin,3,0
92.361,compaction_end,3,43367080
92.370,compaction_begin,3,0
92.533,compaction_end,3,43367082
92.542,compaction_begin,3,0
92.699,compaction_end,3,42618172
92.709,compaction_begin,3,0
92.867,compaction_end,3,42243696
92.876,compaction_begin,3,0
93.036,compaction_end,3,42243698
93.046,compaction_begin,3,0
93.200,compaction_end,3,42618174
93.210,compaction_begin,3,0
93.380,compaction_end,3,45679537
93.390,compaction_begin,3,0
93.554,compaction_end,3,43367078
93.562,compaction_begin,3,0
93.722,compaction_end,3,42618175
93.731,compaction_begin,3,0
93.894,compaction_end,3,42992647
93.905,compaction_begin,3,0
94.075,compaction_end,3,43367082
94.084,compaction_begin,3,0
94.244,compaction_end,3,43367078
94.253,compaction_begin,3,0
94.353,flush_begin,0,0
94.363,flush_end,0,2744585
94.440,compaction_end,3,42992650
94.451,compaction_begin,2,0
94.747,compaction_end,2,3204285
94.766,compaction_begin,3,0
94.984,compaction_end,3,42992652
94.992,compaction_begin,3,0
95.167,compaction_end,3,42992650
95.181,compaction_begin,3,0
95.358,compaction_end,3,43367078
95.369,compaction_begin,3,0
95.542,compaction_end,3,43367079
95.551,compaction_begin,3,0
95.726,compaction_end,3,43367080
95.738,compaction_begin,3,0
95.914,compaction_end,3,42754758
95.923,compaction_begin,3,0
96.089,compaction_end,3,43367080
96.099,compaction_begin,3,0
96.261,compaction_end,3,42243698
96.270,compaction_begin,3,0
96.395,compaction_end,3,31378760
96.405,compaction_begin,3,0
96.572,compaction_end,3,42992648
96.581,compaction_begin,3,0
96.743,compaction_end,3,42856068
96.752,compaction_begin,3,0
96.925,compaction_end,3,43367076
96.934,compaction_begin,3,0
97.110,compaction_end,3,45305115
97.120,compaction_begin,3,0
97.291,compaction_end,3,43367082
97.300,compaction_begin,3,0
97.472,compaction_end,3,43367078
97.481,compaction_begin,3,0
97.652,compaction_end,3,43367082
97.662,compaction_begin,3,0
97.835,compaction_end,3,42618172
97.845,compaction_begin,3,0
98.017,compaction_end,3,43367077
98.027,compaction_begin,3,0
98.191,compaction_end,3,43367084
98.201,compaction_begin,3,0
98.364,compaction_end,3,42618171
98.375,compaction_begin,3,0
98.550,compaction_end,3,43367082
98.560,compaction_begin,3,0
98.727,compaction_end,3,43367079
98.736,compaction_begin,3,0
98.896,compaction_end,3,42992652
98.906,compaction_begin,3,0
99.065,compaction_end,3,42618171
99.075,compaction_begin,3,0
99.243,compaction_end,3,42906743
99.253,compaction_begin,3,0
99.415,compaction_end,3,41955153
99.425,compaction_begin,3,0
99.594,compaction_end,3,42992653
99.603,compaction_begin,3,0
99.769,compaction_end,3,43367079
99.779,compaction_begin,3,0
99.820,flush_begin,0,0
99.830,flush_end,0,2744247
99.965,compaction_end,3,43367079
99.975,compaction_begin,2,0
100.266,compaction_end,2,3164998
100.282,compaction_begin,3,0
100.500,compaction_end,3,42992652
100.510,compaction_begin,3,0
100.688,compaction_end,3,42992650
100.698,compaction_begin,3,0
100.863,compaction_end,3,42754758
100.874,compaction_begin,3,0
101.043,compaction_end,3,43367079
101.053,compaction_begin,3,0
101.227,compaction_end,3,43367078
101.237,compaction_begin,3,0
101.405,compaction_end,3,43367079
101.416,compaction_begin,3,0
101.583,compaction_end,3,43367077
101.593,compaction_begin,3,0
101.748,compaction_end,3,41955153
101.758,compaction_begin,3,0
101.931,compaction_end,3,43367082
101.940,compaction_begin,3,0
102.114,compaction_end,3,43367081
102.124,compaction_begin,3,0
102.288,compaction_end,3,43367082
102.299,compaction_begin,3,0
102.456,compaction_end,3,42618171
102.466,compaction_begin,3,0
102.626,compaction_end,3,43367083
102.635,compaction_begin,3,0
102.806,compaction_end,3,42992653
102.816,compaction_begin,3,0
102.982,compaction_end,3,43367078
102.992,compaction_begin,3,0
103.149,compaction_end,3,42243694
103.158,compaction_begin,3,0
103.326,compaction_end,3,43367079
103.336,compaction_begin,3,0
103.498,compaction_end,3,42618172
103.507,compaction_begin,3,0
103.672,compaction_end,3,43367076
103.683,compaction_begin,3,0
103.849,compaction_end,3,43367080
103.858,compaction_begin,3,0
104.024,compaction_end,3,43367082
104.033,compaction_begin,3,0
104.189,compaction_end,3,43367080
104.198,compaction_begin,3,0
104.355,compaction_end,3,42243698
104.364,compaction_begin,3,0
104.528,compaction_end,3,43367081
104.537,compaction_begin,3,0
104.657,compaction_end,3,31378760
104.667,compaction_begin,3,0
104.828,compaction_end,3,42856068
104.838,compaction_begin,3,0
105.008,compaction_end,3,42992652
105.018,compaction_begin,3,0
105.187,compaction_end,3,42992647
105.196,compaction_begin,3,0
105.288,flush_begin,0,0
105.298,flush_end,0,2744542
105.372,compaction_end,3,42992652
105.382,compaction_begin,2,0
105.671,compaction_end,2,3237978
105.687,compaction_begin,3,0
105.896,compaction_end,3,42992652
105.907,compaction_begin,3,0
106.075,compaction_end,3,42992650
106.083,compaction_begin,3,0
106.255,compaction_end,3,43367078
106.267,compaction_begin,3,0
106.435,compaction_end,3,43367079
106.446,compaction_begin,3,0
106.614,compaction_end,3,43367080
106.624,compaction_begin,3,0
106.791,compaction_end,3,42618175
106.801,compaction_begin,3,0
106.967,compaction_end,3,42992652
106.977,compaction_begin,3,0
107.141,compaction_end,3,42618172
107.151,compaction_begin,3,0
107.311,compaction_end,3,43367080
107.319,compaction_begin,3,0
107.487,compaction_end,3,43367082
107.498,compaction_begin,3,0
107.666,compaction_end,3,43367082
107.676,compaction_begin,3,0
107.843,compaction_end,3,42754758
107.853,compaction_begin,3,0
108.023,compaction_end,3,43367079
108.032,compaction_begin,3,0
108.192,compaction_end,3,43367079
108.202,compaction_begin,3,0
108.368,compaction_end,3,43367081
108.379,compaction_begin,3,0
108.536,compaction_end,3,42618171
108.546,compaction_begin,3,0
108.712,compaction_end,3,43367080
108.723,compaction_begin,3,0
108.879,compaction_end,3,42618174
108.890,compaction_begin,3,0
109.054,compaction_end,3,43367082
109.063,compaction_begin,3,0
109.229,compaction_end,3,42992653
109.240,compaction_begin,3,0
109.403,compaction_end,3,42992651
109.413,compaction_begin,3,0
109.578,compaction_end,3,43367077
109.589,compaction_begin,3,0
109.751,compaction_end,3,43367078
109.760,compaction_begin,3,0
109.921,compaction_end,3,42906743
109.931,compaction_begin,3,0
110.087,compaction_end,3,42992648
110.097,compaction_begin,3,0
110.254,compaction_end,3,42618173
110.265,compaction_begin,3,0
110.422,compaction_end,3,41955153
110.432,compaction_begin,3,0
110.596,compaction_end,3,43367078
110.606,compaction_begin,3,0
110.771,compaction_end,3,44404451
110.781,flush_begin,0,0
110.791,flush_end,0,2744757
110.800,compaction_begin,2,0
111.087,compaction_end,2,3212078
111.103,compaction_begin,3,0
111.317,compaction_end,3,42992652
111.328,compaction_begin,3,0
111.500,compaction_end,3,42992650
111.508,compaction_begin,3,0
111.683,compaction_end,3,43367078
111.696,compaction_begin,3,0
111.870,compaction_end,3,43367079
111.882,compaction_begin,3,0
112.052,compaction_end,3,43367082
112.061,compaction_begin,3,0
112.237,compaction_end,3,43367082
112.248,compaction_begin,3,0
112.424,compaction_end,3,43367077
112.434,compaction_begin,3,0
112.612,compaction_end,3,42754758
112.621,compaction_begin,3,0
112.788,compaction_end,3,43367082
112.797,compaction_begin,3,0
112.966,compaction_end,3,42856068
112.976,compaction_begin,3,0
113.138,compaction_end,3,43367080
113.148,compaction_begin,3,0
113.324,compaction_end,3,43367081
113.336,compaction_begin,3,0
113.512,compaction_end,3,44404452
113.523,compaction_begin,3,0
113.687,compaction_end,3,43367083
113.698,compaction_begin,3,0
113.858,compaction_end,3,42992648
113.869,compaction_begin,3,0
114.035,compaction_end,3,42992653
114.045,compaction_begin,3,0
114.208,compaction_end,3,43367083
114.218,compaction_begin,3,0
114.388,compaction_end,3,42618175
114.398,compaction_begin,3,0
114.570,compaction_end,3,43367078
114.581,compaction_begin,3,0
114.745,compaction_end,3,42618173
114.755,compaction_begin,3,0
114.937,compaction_end,3,43367080
114.947,compaction_begin,3,0
115.118,compaction_end,3,43367077
115.128,compaction_begin,3,0
115.311,compaction_end,3,45305110
115.320,compaction_begin,3,0
115.488,compaction_end,3,43367084
115.500,compaction_begin,3,0
115.632,compaction_end,3,31378760
115.641,compaction_begin,3,0
115.809,compaction_end,3,42992650
115.820,compaction_begin,3,0
115.983,compaction_end,3,42992650
115.992,compaction_begin,3,0
116.166,compaction_end,3,43367080
116.177,compaction_begin,3,0
116.242,flush_begin,0,0
116.252,flush_end,0,2744503
116.352,compaction_end,3,42992650
116.361,compaction_begin,2,0
116.647,compaction_end,2,3247627
116.669,compaction_begin,3,0
116.888,compaction_end,3,42992652
116.898,compaction_begin,3,0
117.079,compaction_end,3,42992650
117.089,compaction_begin,3,0
117.275,compaction_end,3,43367078
117.286,compaction_begin,3,0
117.462,compaction_end,3,43367082
117.471,compaction_begin,3,0
117.648,compaction_end,3,43367082
117.659,compaction_begin,3,0
117.842,compaction_end,3,43367079
117.852,compaction_begin,3,0
118.023,compaction_end,3,43367076
118.032,compaction_begin,3,0
118.214,compaction_end,3,42754758
118.223,compaction_begin,3,0
118.403,compaction_end,3,43367077
118.412,compaction_begin,3,0
118.582,compaction_end,3,42618174
118.592,compaction_begin,3,0
118.762,compaction_end,3,42992650
118.771,compaction_begin,3,0
118.901,compaction_end,3,31378760
118.909,compaction_begin,3,0
119.084,compaction_end,3,43367079
119.095,compaction_begin,3,0
119.273,compaction_end,3,42992652
119.282,compaction_begin,3,0
119.462,compaction_end,3,42618172
119.472,compaction_begin,3,0
119.655,compaction_end,3,42906743
119.665,compaction_begin,3,0
119.829,compaction_end,3,43367080
119.839,compaction_begin,3,0
120.020,compaction_end,3,43367080
120.031,compaction_begin,3,0
120.198,compaction_end,3,43367084
120.207,compaction_begin,3,0
120.382,compaction_end,3,43367081
120.393,compaction_begin,3,0
120.573,compaction_end,3,43367078
120.582,compaction_begin,3,0
120.757,compaction_end,3,43367079
120.768,compaction_begin,3,0
120.929,compaction_end,3,43367077
120.939,compaction_begin,3,0
121.107,compaction_end,3,43367080
121.117,compaction_begin,3,0
121.291,compaction_end,3,43367079
121.301,compaction_begin,3,0
121.479,compaction_end,3,42992651
121.488,compaction_begin,3,0
121.653,compaction_end,3,43367079
121.662,compaction_begin,3,0
121.731,flush_begin,0,0
121.741,flush_end,0,2744816
121.845,compaction_end,3,43367083
121.855,compaction_begin,2,0
122.143,compaction_end,2,3294498
122.158,compaction_begin,3,0
122.367,compaction_end,3,42992652
122.377,compaction_begin,3,0
122.574,compaction_end,3,42992650
122.584,compaction_begin,3,0
122.758,compaction_end,3,43367078
122.768,compaction_begin,3,0
122.938,compaction_end,3,43367082
122.950,compaction_begin,3,0
123.115,compaction_end,3,42906743
123.123,compaction_begin,3,0
123.303,compaction_end,3,43367082
123.312,compaction_begin,3,0
123.484,compaction_end,3,42754758
123.495,compaction_begin,3,0
123.661,compaction_end,3,43367079
123.671,compaction_begin,3,0
123.839,compaction_end,3,43367079
123.849,compaction_begin,3,0
124.025,compaction_end,3,43367079
124.036,compaction_begin,3,0
124.208,compaction_end,3,43367077
124.218,compaction_begin,3,0
124.391,compaction_end,3,43367082
124.401,compaction_begin,3,0
124.568,compaction_end,3,42992652
124.578,compaction_begin,3,0
124.748,compaction_end,3,43367082
124.759,compaction_begin,3,0
124.933,compaction_end,3,43367079
124.943,compaction_begin,3,0
125.117,compaction_end,3,44556330
125.128,compaction_begin,3,0
125.286,compaction_end,3,42618172
125.296,compaction_begin,3,0
125.460,compaction_end,3,42992649
125.470,compaction_begin,3,0
125.635,compaction_end,3,43367080
125.644,compaction_begin,3,0
125.809,compaction_end,3,42618175
125.818,compaction_begin,3,0
125.991,compaction_end,3,44181988
126.001,compaction_begin,3,0
126.173,compaction_end,3,43367081
126.183,compaction_begin,3,0
126.342,compaction_end,3,42992651
126.352,compaction_begin,3,0
126.517,compaction_end,3,42618173
126.526,compaction_begin,3,0
126.693,compaction_end,3,43367081
126.703,compaction_begin,3,0
126.869,compaction_end,3,42992648
126.879,compaction_begin,3,0
127.047,compaction_end,3,42992650
127.058,compaction_begin,3,0
127.222,compaction_end,3,43367077
127.232,compaction_begin,3,0
127.236,flush_begin,0,0
127.246,flush_end,0,2744996
127.415,compaction_end,3,43367084
127.425,compaction_begin,2,0
127.721,compaction_end,2,3249321
127.743,compaction_begin,3,0
127.965,compaction_end,3,42992652
127.976,compaction_begin,3,0
128.152,compaction_end,3,42992650
128.163,compaction_begin,3,0
128.339,compaction_end,3,43367078
128.350,compaction_begin,3,0
128.522,compaction_end,3,43367082
128.532,compaction_begin,3,0
128.701,compaction_end,3,43367077
128.711,compaction_begin,3,0
128.883,compaction_end,3,42618172
128.893,compaction_begin,3,0
129.058,compaction_end,3,41955153
129.068,compaction_begin,3,0
129.238,compaction_end,3,43367076
129.248,compaction_begin,3,0
129.424,compaction_end,3,42754758
129.434,compaction_begin,3,0
129.604,compaction_end,3,43367080
129.614,compaction_begin,3,0
129.785,compaction_end,3,43367079
129.795,compaction_begin,3,0
129.961,compaction_end,3,43367081
129.972,compaction_begin,3,0
130.136,compaction_end,3,43367082
130.146,compaction_begin,3,0
130.306,compaction_end,3,42992650
130.316,compaction_begin,3,0
130.473,compaction_end,3,43367081
130.483,compaction_begin,3,0
130.644,compaction_end,3,43367083
130.653,compaction_begin,3,0
130.814,compaction_end,3,43367078
130.824,compaction_begin,3,0
130.982,compaction_end,3,42618172
130.992,compaction_begin,3,0
131.146,compaction_end,3,42992651
131.156,compaction_begin,3,0
131.326,compaction_end,3,43367079
131.336,compaction_begin,3,0
131.505,compaction_end,3,43893497
131.515,compaction_begin,3,0
131.669,compaction_end,3,42992650
131.679,compaction_begin,3,0
131.843,compaction_end,3,42906743
131.853,compaction_begin,3,0
132.013,compaction_end,3,43367084
132.023,compaction_begin,3,0
132.190,compaction_end,3,43367078
132.200,compaction_begin,3,0
132.365,compaction_end,3,43367082
132.375,compaction_begin,3,0
132.530,compaction_end,3,42618172
132.540,compaction_begin,3,0
132.708,compaction_end,3,42992652
132.717,flush_begin,0,0
132.729,flush_end,0,2744434
132.740,compaction_begin,2,0
133.043,compaction_end,2,3300277
133.061,compaction_begin,3,0
133.276,compaction_end,3,42992652
133.286,compaction_begin,3,0
133.457,compaction_end,3,43367078
133.467,compaction_begin,3,0
133.636,compaction_end,3,42992650
133.647,compaction_begin,3,0
133.816,compaction_end,3,42754758
133.827,compaction_begin,3,0
134.002,compaction_end,3,44030066
134.013,compaction_begin,3,0
134.181,compaction_end,3,43367082
134.191,compaction_begin,3,0
134.360,compaction_end,3,43367079
134.369,compaction_begin,3,0
134.531,compaction_end,3,43367077
134.541,compaction_begin,3,0
134.702,compaction_end,3,43367078
134.712,compaction_begin,3,0
134.874,compaction_end,3,43367081
134.885,compaction_begin,3,0
135.040,compaction_end,3,42618174
135.051,compaction_begin,3,0
135.211,compaction_end,3,42992652
135.221,compaction_begin,3,0
135.376,compaction_end,3,42618172
135.387,compaction_begin,3,0
135.557,compaction_end,3,43367077
135.567,compaction_begin,3,0
135.733,compaction_end,3,43367080
135.742,compaction_begin,3,0
135.906,compaction_end,3,43367080
135.917,compaction_begin,3,0
136.082,compaction_end,3,43367078
136.092,compaction_begin,3,0
136.254,compaction_end,3,43367080
136.264,compaction_begin,3,0
136.430,compaction_end,3,43367079
136.440,compaction_begin,3,0
136.606,compaction_end,3,43367082
136.616,compaction_begin,3,0
136.788,compaction_end,3,43367078
136.799,compaction_begin,3,0
136.966,compaction_end,3,43367081
136.977,compaction_begin,3,0
137.143,compaction_end,3,42992647
137.153,compaction_begin,3,0
137.327,compaction_end,3,43367079
137.338,compaction_begin,3,0
137.503,compaction_end,3,42992651
137.513,compaction_begin,3,0
137.676,compaction_end,3,42618171
137.687,compaction_begin,3,0
137.848,compaction_end,3,42618172
137.858,compaction_begin,3,0
138.025,compaction_end,3,41955153
138.035,compaction_begin,3,0
138.151,flush_begin,0,0
138.161,flush_end,0,2744759
138.230,compaction_end,3,43807605
138.241,compaction_begin,2,0
138.537,compaction_end,2,3241710
138.556,compaction_begin,3,0
138.777,compaction_end,3,42992652
138.787,compaction_begin,3,0
138.961,compaction_end,3,43367078
138.971,compaction_begin,3,0
139.142,compaction_end,3,42754758
139.152,compaction_begin,3,0
139.324,compaction_end,3,43367077
139.334,compaction_begin,3,0
139.508,compaction_end,3,42992650
139.518,compaction_begin,3,0
139.687,compaction_end,3,43367082
139.697,compaction_begin,3,0
139.865,compaction_end,3,43367079
139.875,compaction_begin,3,0
140.044,compaction_end,3,43367082
140.054,compaction_begin,3,0
140.224,compaction_end,3,43367080
140.234,compaction_begin,3,0
140.408,compaction_end,3,43367081
140.419,compaction_begin,3,0
140.592,compaction_end,3,43367079
140.603,compaction_begin,3,0
140.765,compaction_end,3,43367081
140.776,compaction_begin,3,0
140.938,compaction_end,3,42992651
140.948,compaction_begin,3,0
141.111,compaction_end,3,43367084
141.121,compaction_begin,3,0
141.290,compaction_end,3,43367079
141.300,compaction_begin,3,0
141.466,compaction_end,3,43367082
141.476,compaction_begin,3,0
141.637,compaction_end,3,42618175
141.647,compaction_begin,3,0
141.817,compaction_end,3,43367080
141.827,compaction_begin,3,0
141.993,compaction_end,3,42243698
142.003,compaction_begin,3,0
142.165,compaction_end,3,42992650
142.175,compaction_begin,3,0
142.340,compaction_end,3,43367078
142.350,compaction_begin,3,0
142.528,compaction_end,3,43367080
142.538,compaction_begin,3,0
142.709,compaction_end,3,43367080
142.717,compaction_begin,3,0
142.886,compaction_end,3,42992650
142.898,compaction_begin,3,0
143.065,compaction_end,3,43367079
143.073,compaction_begin,3,0
143.238,compaction_end,3,42992652
143.248,compaction_begin,3,0
143.408,compaction_end,3,42992651
143.420,compaction_begin,3,0
143.579,compaction_end,3,43367079
143.589,compaction_begin,3,0
143.592,flush_begin,0,0
143.603,flush_end,0,2744639
143.771,compaction_end,3,42906743
143.782,compaction_begin,2,0
144.071,compaction_end,2,3291512
144.086,compaction_begin,3,0
144.301,compaction_end,3,42992652
144.309,compaction_begin,3,0
144.485,compaction_end,3,42992650
144.499,compaction_begin,3,0
144.672,compaction_end,3,42754758
144.682,compaction_begin,3,0
144.861,compaction_end,3,43367078
144.869,compaction_begin,3,0
145.051,compaction_end,3,43367079
145.063,compaction_begin,3,0
145.233,compaction_end,3,43367082
145.243,compaction_begin,3,0
145.408,compaction_end,3,43367080
145.419,compaction_begin,3,0
145.576,compaction_end,3,42992647
145.586,compaction_begin,3,0
145.743,compaction_end,3,42618172
145.753,compaction_begin,3,0
145.918,compaction_end,3,43367079
145.928,compaction_begin,3,0
146.089,compaction_end,3,42992651
146.100,compaction_begin,3,0
146.260,compaction_end,3,41955153
146.271,compaction_begin,3,0
146.444,compaction_end,3,43655657
146.454,compaction_begin,3,0
146.631,compaction_end,3,43367082
146.641,compaction_begin,3,0
146.815,compaction_end,3,43367082
146.825,compaction_begin,3,0
147.010,compaction_end,3,43367081
147.021,compaction_begin,3,0
147.185,compaction_end,3,43367084
147.195,compaction_begin,3,0
147.358,compaction_end,3,43367079
147.368,compaction_begin,3,0
147.538,compaction_end,3,43367077
147.548,compaction_begin,3,0
147.714,compaction_end,3,43367078
147.724,compaction_begin,3,0
147.897,compaction_end,3,42618173
147.907,compaction_begin,3,0
148.089,compaction_end,3,43807607
148.099,compaction_begin,3,0
148.258,compaction_end,3,42618174
148.268,compaction_begin,3,0
148.435,compaction_end,3,42856068
148.445,compaction_begin,3,0
148.609,compaction_end,3,43367083
148.619,compaction_begin,3,0
148.780,compaction_end,3,42243698
148.791,compaction_begin,3,0
148.954,compaction_end,3,42618171
148.964,compaction_begin,3,0
149.070,flush_begin,0,0
149.080,flush_end,0,2744737
149.156,compaction_end,3,42906743
149.166,compaction_begin,2,0
149.458,compaction_end,2,3295693
149.475,compaction_begin,3,0
149.697,compaction_end,3,42992652
149.708,compaction_begin,3,0
149.883,compaction_end,3,42992650
149.893,compaction_begin,3,0
150.072,compaction_end,3,43367078
150.082,compaction_begin,3,0
150.276,compaction_end,3,43367079
150.288,compaction_begin,3,0
150.428,compaction_end,3,31378760
150.438,compaction_begin,3,0
150.618,compaction_end,3,43367081
150.629,compaction_begin,3,0
150.800,compaction_end,3,43367082
150.810,compaction_begin,3,0
150.993,compaction_end,3,43367080
151.003,compaction_begin,3,0
151.189,compaction_end,3,42754758
151.199,compaction_begin,3,0
151.374,compaction_end,3,43367079
151.384,compaction_begin,3,0
151.561,compaction_end,3,42992648
151.571,compaction_begin,3,0
151.748,compaction_end,3,42618173
151.758,compaction_begin,3,0
151.939,compaction_end,3,42856068
151.951,compaction_begin,3,0
152.134,compaction_end,3,42618175
152.144,compaction_begin,3,0
152.332,compaction_end,3,43367082
152.342,compaction_begin,3,0
152.525,compaction_end,3,43367079
152.535,compaction_begin,3,0
152.707,compaction_end,3,43367077
152.717,compaction_begin,3,0
152.883,compaction_end,3,43367079
152.892,compaction_begin,3,0
153.056,compaction_end,3,42618172
153.068,compaction_begin,3,0
153.243,compaction_end,3,43367080
153.253,compaction_begin,3,0
153.432,compaction_end,3,42992650
153.442,compaction_begin,3,0
153.626,compaction_end,3,43367080
153.637,compaction_begin,3,0
153.819,compaction_end,3,42618171
153.829,compaction_begin,3,0
153.987,compaction_end,3,43367084
153.997,compaction_begin,3,0
154.156,compaction_end,3,43367081
154.167,compaction_begin,3,0
154.324,compaction_end,3,42992648
154.334,compaction_begin,3,0
154.503,compaction_end,3,43367082
154.513,compaction_begin,3,0
154.522,flush_begin,0,0
154.533,flush_end,0,2744771
154.692,compaction_end,3,43367080
154.703,compaction_begin,2,0
154.996,compaction_end,2,3228668
155.013,compaction_begin,3,0
155.226,compaction_end,3,42992652
155.237,compaction_begin,3,0
155.406,compaction_end,3,43367078
155.417,compaction_begin,3,0
155.584,compaction_end,3,42992650
155.595,compaction_begin,3,0
155.765,compaction_end,3,43367082
155.775,compaction_begin,3,0
155.940,compaction_end,3,43367082
155.951,compaction_begin,3,0
156.118,compaction_end,3,42754758
156.128,compaction_begin,3,0
156.290,compaction_end,3,43367078
156.300,compaction_begin,3,0
156.463,compaction_end,3,43367080
156.472,compaction_begin,3,0
156.641,compaction_end,3,43367081
156.651,compaction_begin,3,0
156.815,compaction_end,3,42618172
156.824,compaction_begin,3,0
156.991,compaction_end,3,43367080
157.000,compaction_begin,3,0
157.170,compaction_end,3,43367079
157.181,compaction_begin,3,0
157.345,compaction_end,3,43367077
157.354,compaction_begin,3,0
157.512,compaction_end,3,42243698
157.522,compaction_begin,3,0
157.688,compaction_end,3,42992647
157.697,compaction_begin,3,0
157.860,compaction_end,3,43367079
157.870,compaction_begin,3,0
158.044,compaction_end,3,43367079
158.054,compaction_begin,3,0
158.219,compaction_end,3,43367082
158.228,compaction_begin,3,0
158.403,compaction_end,3,43367081
158.413,compaction_begin,3,0
158.584,compaction_end,3,42906743
158.594,compaction_begin,3,0
158.770,compaction_end,3,43367080
158.780,compaction_begin,3,0
158.950,compaction_end,3,43367082
158.960,compaction_begin,3,0
159.129,compaction_end,3,43367083
159.139,compaction_begin,3,0
159.308,compaction_end,3,42856068
159.317,compaction_begin,3,0
159.485,compaction_end,3,43367076
159.495,compaction_begin,3,0
159.667,compaction_end,3,43367079
159.677,compaction_begin,3,0
159.848,compaction_end,3,43807602
159.859,compaction_begin,3,0
159.977,flush_begin,0,0
159.988,flush_end,0,2744673
160.046,compaction_end,3,43367077
160.056,compaction_begin,2,0
160.342,compaction_end,2,3223197
160.358,compaction_begin,3,0
160.575,compaction_end,3,42992652
160.586,compaction_begin,3,0
160.756,compaction_end,3,42754758
160.766,compaction_begin,3,0
160.941,compaction_end,3,43367078
160.953,compaction_begin,3,0
161.128,compaction_end,3,42992650
161.139,compaction_begin,3,0
161.312,compaction_end,3,43367079
161.322,compaction_begin,3,0
161.494,compaction_end,3,43367077
161.504,compaction_begin,3,0
161.669,compaction_end,3,43367077
161.679,compaction_begin,3,0
161.849,compaction_end,3,43367080
161.859,compaction_begin,3,0
162.031,compaction_end,3,43367082
162.040,compaction_begin,3,0
162.215,compaction_end,3,43367076
162.225,compaction_begin,3,0
162.395,compaction_end,3,43367082
162.405,compaction_begin,3,0
162.567,compaction_end,3,42992650
162.577,compaction_begin,3,0
162.754,compaction_end,3,43367081
162.764,compaction_begin,3,0
162.938,compaction_end,3,43367082
162.947,compaction_begin,3,0
163.114,compaction_end,3,43367082
163.124,compaction_begin,3,0
163.291,compaction_end,3,43367079
163.301,compaction_begin,3,0
163.467,compaction_end,3,42618172
163.477,compaction_begin,3,0
163.645,compaction_end,3,43367082
163.655,compaction_begin,3,0
163.815,compaction_end,3,41955155
163.825,compaction_begin,3,0
163.990,compaction_end,3,43367084
163.999,compaction_begin,3,0
164.171,compaction_end,3,43367080
164.180,compaction_begin,3,0
164.336,compaction_end,3,43367083
164.344,compaction_begin,3,0
164.516,compaction_end,3,43367081
164.528,compaction_begin,3,0
164.700,compaction_end,3,43367080
164.709,compaction_begin,3,0
164.878,compaction_end,3,43367078
164.888,compaction_begin,3,0
165.057,compaction_end,3,43367080
165.067,compaction_begin,3,0
165.223,compaction_end,3,41955153
165.233,compaction_begin,3,0
165.401,compaction_end,3,43367079
165.410,compaction_begin,3,0
165.450,flush_begin,0,0
165.461,flush_end,0,2744477
165.589,compaction_end,3,42906743
165.599,compaction_begin,2,0
165.893,compaction_end,2,3255369
165.909,compaction_begin,3,0
166.120,compaction_end,3,42992652
166.131,compaction_begin,3,0
166.298,compaction_end,3,42992650
166.309,compaction_begin,3,0
166.480,compaction_end,3,43367078
166.491,compaction_begin,3,0
166.655,compaction_end,3,42754758
166.665,compaction_begin,3,0
166.828,compaction_end,3,43367079
166.838,compaction_begin,3,0
167.008,compaction_end,3,43367079
167.018,compaction_begin,3,0
167.180,compaction_end,3,42906743
167.190,compaction_begin,3,0
167.351,compaction_end,3,43367081
167.361,compaction_begin,3,0
167.518,compaction_end,3,42992648
167.528,compaction_begin,3,0
167.692,compaction_end,3,43367080
167.702,compaction_begin,3,0
167.860,compaction_end,3,43367084
167.870,compaction_begin,3,0
168.037,compaction_end,3,43367082
168.046,compaction_begin,3,0
168.215,compaction_end,3,43367082
168.225,compaction_begin,3,0
168.388,compaction_end,3,43367081
168.395,compaction_begin,3,0
168.561,compaction_end,3,43367080
168.573,compaction_begin,3,0
168.737,compaction_end,3,42618173
168.745,compaction_begin,3,0
168.852,compaction_end,3,27042050
168.864,compaction_begin,3,0
169.029,compaction_end,3,43367078
169.038,compaction_begin,3,0
169.203,compaction_end,3,43367079
169.213,compaction_begin,3,0
169.377,compaction_end,3,43367079
169.385,compaction_begin,3,0
169.549,compaction_end,3,43367078
169.561,compaction_begin,3,0
169.719,compaction_end,3,42618172
169.729,compaction_begin,3,0
169.882,compaction_end,3,43367078
169.892,compaction_begin,3,0
170.054,compaction_end,3,43367082
170.061,compaction_begin,3,0
170.230,compaction_end,3,43367081
170.241,compaction_begin,3,0
170.396,compaction_end,3,43367079
170.406,compaction_begin,3,0
170.571,compaction_end,3,43367079
170.580,compaction_begin,3,0
170.736,compaction_end,3,42618175
170.746,compaction_begin,3,0
170.911,compaction_end,3,42992647
170.921,compaction_begin,3,0
170.966,flush_begin,0,0
170.977,flush_end,0,2744459
171.104,compaction_end,3,43367080
171.113,compaction_begin,2,0
171.409,compaction_end,2,3298855
171.428,compaction_begin,3,0
171.658,compaction_end,3,42992652
171.669,compaction_begin,3,0
171.854,compaction_end,3,43367078
171.865,compaction_begin,3,0
172.046,compaction_end,3,42992650
172.053,compaction_begin,3,0
172.235,compaction_end,3,43367082
172.246,compaction_begin,3,0
172.420,compaction_end,3,42856068
172.430,compaction_begin,3,0
172.612,compaction_end,3,43367082
172.621,compaction_begin,3,0
172.806,compaction_end,3,42992653
172.815,compaction_begin,3,0
173.002,compaction_end,3,43367083
173.009,compaction_begin,3,0
173.182,compaction_end,3,43367077
173.194,compaction_begin,3,0
173.371,compaction_end,3,43367078
173.378,compaction_begin,3,0
173.555,compaction_end,3,42618172
173.567,compaction_begin,3,0
173.696,compaction_end,3,31378760
173.706,compaction_begin,3,0
173.885,compaction_end,3,43367080
173.897,compaction_begin,3,0
174.079,compaction_end,3,43367080
174.088,compaction_begin,3,0
174.266,compaction_end,3,42754758
174.276,compaction_begin,3,0
174.443,compaction_end,3,43367080
174.453,compaction_begin,3,0
174.636,compaction_end,3,42618175
174.645,compaction_begin,3,0
174.821,compaction_end,3,43367084
174.831,compaction_begin,3,0
175.015,compaction_end,3,43367079
175.025,compaction_begin,3,0
175.220,compaction_end,3,43367079
175.230,compaction_begin,3,0
175.395,compaction_end,3,42618171
175.405,compaction_begin,3,0
175.586,compaction_end,3,43367081
175.596,compaction_begin,3,0
175.786,compaction_end,3,43367082
175.795,compaction_begin,3,0
175.964,compaction_end,3,43367077
175.974,compaction_begin,3,0
176.144,compaction_end,3,42906740
176.154,compaction_begin,3,0
176.326,compaction_end,3,43433216
176.336,compaction_begin,3,0
176.467,flush_begin,0,0
176.477,flush_end,0,2744930
176.525,compaction_end,3,42992648
176.533,compaction_begin,2,0
176.824,compaction_end,2,3384150
176.848,compaction_begin,3,0
177.070,compaction_end,3,42992652
177.081,compaction_begin,3,0
177.266,compaction_end,3,42992650
177.278,compaction_begin,3,0
177.463,compaction_end,3,43367078
177.473,compaction_begin,3,0
177.664,compaction_end,3,42754758
177.675,compaction_begin,3,0
177.875,compaction_end,3,43367078
177.885,compaction_begin,3,0
178.089,compaction_end,3,43367079
178.099,compaction_begin,3,0
178.286,compaction_end,3,43367080
178.296,compaction_begin,3,0
178.472,compaction_end,3,42992652
178.482,compaction_begin,3,0
178.670,compaction_end,3,43367082
178.680,compaction_begin,3,0
178.865,compaction_end,3,43367077
178.875,compaction_begin,3,0
179.041,compaction_end,3,42992653
179.051,compaction_begin,3,0
179.222,compaction_end,3,41955153
179.231,compaction_begin,3,0
179.401,compaction_end,3,43367079
179.411,compaction_begin,3,0
179.598,compaction_end,3,43367078
179.608,compaction_begin,3,0
179.793,compaction_end,3,43807606
179.804,compaction_begin,3,0
179.990,compaction_end,3,43367080
179.999,compaction_begin,3,0
180.189,compaction_end,3,43367082
180.199,compaction_begin,3,0
180.360,compaction_end,3,42618175
180.369,compaction_begin,3,0
180.530,compaction_end,3,42618171
180.540,compaction_begin,3,0
180.698,compaction_end,3,42992651
180.707,compaction_begin,3,0
180.875,compaction_end,3,43367082
180.884,compaction_begin,3,0
181.057,compaction_end,3,43367081
181.066,compaction_begin,3,0
181.226,compaction_end,3,43367078
181.235,compaction_begin,3,0
181.399,compaction_end,3,43367079
181.408,compaction_begin,3,0
181.570,compaction_end,3,43367077
181.579,compaction_begin,3,0
181.739,compaction_end,3,42618172
181.749,compaction_begin,3,0
181.912,compaction_end,3,43367083
181.922,compaction_begin,3,0
181.975,flush_begin,0,0
181.985,flush_end,0,2744794
182.111,compaction_end,3,42618175
182.121,compaction_begin,2,0
182.415,compaction_end,2,3285519
182.431,compaction_begin,3,0
182.647,compaction_end,3,42992652
182.657,compaction_begin,3,0
182.831,compaction_end,3,43367078
182.841,compaction_begin,3,0
183.008,compaction_end,3,43367082
183.017,compaction_begin,3,0
183.192,compaction_end,3,42992650
183.202,compaction_begin,3,0
183.370,compaction_end,3,43367082
183.379,compaction_begin,3,0
183.552,compaction_end,3,43367079
183.561,compaction_begin,3,0
183.733,compaction_end,3,43807602
183.744,compaction_begin,3,0
183.911,compaction_end,3,42754758
183.921,compaction_begin,3,0
184.085,compaction_end,3,43367080
184.095,compaction_begin,3,0
184.256,compaction_end,3,43367084
184.265,compaction_begin,3,0
184.429,compaction_end,3,43367077
184.439,compaction_begin,3,0
184.593,compaction_end,3,42992651
184.603,compaction_begin,3,0
184.760,compaction_end,3,43367080
184.770,compaction_begin,3,0
184.935,compaction_end,3,43367082
184.944,compaction_begin,3,0
185.105,compaction_end,3,43367079
185.114,compaction_begin,3,0
185.279,compaction_end,3,42992653
185.289,compaction_begin,3,0
185.453,compaction_end,3,43367080
185.462,compaction_begin,3,0
185.642,compaction_end,3,43367081
185.652,compaction_begin,3,0
185.816,compaction_end,3,43367080
185.826,compaction_begin,3,0
186.001,compaction_end,3,42992648
186.011,compaction_begin,3,0
186.178,compaction_end,3,42992652
186.188,compaction_begin,3,0
186.354,compaction_end,3,43367079
186.364,compaction_begin,3,0
186.531,compaction_end,3,42856068
186.541,compaction_begin,3,0
186.707,compaction_end,3,43367083
186.717,compaction_begin,3,0
186.895,compaction_end,3,43367079
186.906,compaction_begin,3,0
187.074,compaction_end,3,42243698
187.084,compaction_begin,3,0
187.244,compaction_end,3,42618172
187.254,compaction_begin,3,0
187.425,compaction_end,3,43367081
187.436,compaction_begin,3,0
187.442,flush_begin,0,0
187.452,flush_end,0,2744939
187.621,compaction_end,3,42618174
187.631,compaction_begin,2,0
187.924,compaction_end,2,3294870
187.942,compaction_begin,3,0
188.160,compaction_end,3,42992652
188.171,compaction_begin,3,0
188.347,compaction_end,3,43367078
188.357,compaction_begin,3,0
188.526,compaction_end,3,43367082
188.535,compaction_begin,3,0
188.713,compaction_end,3,42992650
188.724,compaction_begin,3,0
188.891,compaction_end,3,43367079
188.900,compaction_begin,3,0
189.077,compaction_end,3,43367079
189.087,compaction_begin,3,0
189.260,compaction_end,3,43367079
189.270,compaction_begin,3,0
189.439,compaction_end,3,43367077
189.448,compaction_begin,3,0
189.571,compaction_end,3,31378760
189.581,compaction_begin,3,0
189.752,compaction_end,3,43367081
189.762,compaction_begin,3,0
189.923,compaction_end,3,42992648
189.932,compaction_begin,3,0
190.100,compaction_end,3,43367079
190.112,compaction_begin,3,0
190.273,compaction_end,3,41955153
190.283,compaction_begin,3,0
190.450,compaction_end,3,43367077
190.460,compaction_begin,3,0
190.630,compaction_end,3,42754758
190.640,compaction_begin,3,0
190.813,compaction_end,3,43367077
190.822,compaction_begin,3,0
190.991,compaction_end,3,42906743
191.001,compaction_begin,3,0
191.163,compaction_end,3,42992648
191.173,compaction_begin,3,0
191.336,compaction_end,3,42618171
191.347,compaction_begin,3,0
191.509,compaction_end,3,42992648
191.518,compaction_begin,3,0
191.695,compaction_end,3,43367082
191.705,compaction_begin,3,0
191.861,compaction_end,3,42618174
191.872,compaction_begin,3,0
192.037,compaction_end,3,43367078
192.047,compaction_begin,3,0
192.219,compaction_end,3,43367080
192.229,compaction_begin,3,0
192.402,compaction_end,3,43367079
192.412,compaction_begin,3,0
192.573,compaction_end,3,42906740
192.583,compaction_begin,3,0
192.764,compaction_end,3,43367082
192.775,compaction_begin,3,0
192.875,flush_begin,0,0
192.885,flush_end,0,2744400
192.959,compaction_end,3,42992653
192.970,compaction_begin,2,0
193.273,compaction_end,2,3298452
193.293,compaction_begin,3,0
193.507,compaction_end,3,42992652
193.515,compaction_begin,3,0
193.685,compaction_end,3,42992650
193.699,compaction_begin,3,0
193.870,compaction_end,3,43367078
193.881,compaction_begin,3,0
194.050,compaction_end,3,43367080
194.060,compaction_begin,3,0
194.227,compaction_end,3,42754758
194.237,compaction_begin,3,0
194.403,compaction_end,3,42992652
194.413,compaction_begin,3,0
194.583,compaction_end,3,43367079
194.593,compaction_begin,3,0
194.754,compaction_end,3,43367079
194.765,compaction_begin,3,0
194.920,compaction_end,3,43367083
194.930,compaction_begin,3,0
195.051,compaction_end,3,31378760
195.060,compaction_begin,3,0
195.219,compaction_end,3,42992653
195.229,compaction_begin,3,0
195.394,compaction_end,3,43367082
195.404,compaction_begin,3,0
195.571,compaction_end,3,43367077
195.581,compaction_begin,3,0
195.749,compaction_end,3,43367079
195.759,compaction_begin,3,0
195.923,compaction_end,3,42906743
195.933,compaction_begin,3,0
196.103,compaction_end,3,43367082
196.113,compaction_begin,3,0
196.286,compaction_end,3,43807603
196.296,compaction_begin,3,0
196.458,compaction_end,3,42618171
196.468,compaction_begin,3,0
196.625,compaction_end,3,42856068
196.635,compaction_begin,3,0
196.796,compaction_end,3,42992647
196.807,compaction_begin,3,0
196.964,compaction_end,3,41955153
196.974,compaction_begin,3,0
197.133,compaction_end,3,43367081
197.143,compaction_begin,3,0
197.312,compaction_end,3,43367080
197.322,compaction_begin,3,0
197.485,compaction_end,3,43367079
197.495,compaction_begin,3,0
197.658,compaction_end,3,42618175
197.668,compaction_begin,3,0
197.838,compaction_end,3,43367081
197.848,compaction_begin,3,0
198.022,compaction_end,3,43367079
198.032,compaction_begin,3,0
198.192,compaction_end,3,42618175
198.202,compaction_begin,3,0
198.335,flush_begin,0,0
198.344,flush_end,0,2744514
198.379,compaction_end,3,43367084
198.389,compaction_begin,2,0
198.677,compaction_end,2,3309291
198.692,compaction_begin,3,0
198.909,compaction_end,3,42992652
198.920,compaction_begin,3,0
199.105,compaction_end,3,43367078
199.115,compaction_begin,3,0
199.296,compaction_end,3,42992650
199.306,compaction_begin,3,0
199.479,compaction_end,3,43367080
199.489,compaction_begin,3,0
199.652,compaction_end,3,42856068
199.662,compaction_begin,3,0
199.834,compaction_end,3,43367080
199.844,compaction_begin,3,0
200.027,compaction_end,3,43367079
200.038,compaction_begin,3,0
200.208,compaction_end,3,43367079
200.219,compaction_begin,3,0
200.389,compaction_end,3,43367082
200.400,compaction_begin,3,0
200.573,compaction_end,3,43367082
200.584,compaction_begin,3,0
200.759,compaction_end,3,43367082
200.769,compaction_begin,3,0
200.956,compaction_end,3,42754758
200.966,compaction_begin,3,0
201.132,compaction_end,3,43367080
201.142,compaction_begin,3,0
201.316,compaction_end,3,43367082
201.327,compaction_begin,3,0
201.499,compaction_end,3,43367079
201.510,compaction_begin,3,0
201.672,compaction_end,3,42992648
201.682,compaction_begin,3,0
201.846,compaction_end,3,42992647
201.854,compaction_begin,3,0
202.015,compaction_end,3,42618172
202.027,compaction_begin,3,0
202.203,compaction_end,3,42243698
202.213,compaction_begin,3,0
202.380,compaction_end,3,42618171
202.390,compaction_begin,3,0
202.554,compaction_end,3,42992648
202.563,compaction_begin,3,0
202.715,compaction_end,3,41955155
202.727,compaction_begin,3,0
202.903,compaction_end,3,43367078
202.913,compaction_begin,3,0
203.072,compaction_end,3,42618171
203.082,compaction_begin,3,0
203.252,compaction_end,3,42618175
203.263,compaction_begin,3,0
203.432,compaction_end,3,42618175
203.442,compaction_begin,3,0
203.625,compaction_end,3,42992652
203.635,compaction_begin,3,0
203.739,flush_begin,0,0
203.750,flush_end,0,2744809
203.827,compaction_end,3,43367079
203.837,compaction_begin,2,0
204.128,compaction_end,2,3337236
204.143,compaction_begin,3,0
204.359,compaction_end,3,42992652
204.370,compaction_begin,3,0
204.545,compaction_end,3,42754758
204.556,compaction_begin,3,0
204.742,compaction_end,3,43367079
204.752,compaction_begin,3,0
204.928,compaction_end,3,43367082
204.938,compaction_begin,3,0
205.122,compaction_end,3,43367078
205.132,compaction_begin,3,0
205.315,compaction_end,3,42992650
205.325,compaction_begin,3,0
205.506,compaction_end,3,43367081
205.516,compaction_begin,3,0
205.691,compaction_end,3,42906743
205.701,compaction_begin,3,0
205.892,compaction_end,3,43367082
205.901,compaction_begin,3,0
206.081,compaction_end,3,42992648
206.093,compaction_begin,3,0
206.282,compaction_end,3,43367078
206.292,compaction_begin,3,0
206.472,compaction_end,3,42856068
206.482,compaction_begin,3,0
206.659,compaction_end,3,43367080
206.669,compaction_begin,3,0
206.856,compaction_end,3,43367079
206.866,compaction_begin,3,0
207.050,compaction_end,3,43367079
207.060,compaction_begin,3,0
207.240,compaction_end,3,42618175
207.250,compaction_begin,3,0
207.419,compaction_end,3,42243698
207.429,compaction_begin,3,0
207.601,compaction_end,3,43367083
207.611,compaction_begin,3,0
207.789,compaction_end,3,42992652
207.800,compaction_begin,3,0
207.974,compaction_end,3,43367077
207.984,compaction_begin,3,0
208.172,compaction_end,3,43367079
208.183,compaction_begin,3,0
208.342,compaction_end,3,42618172
208.352,compaction_begin,3,0
208.513,compaction_end,3,42906740
208.523,compaction_begin,3,0
208.647,compaction_end,3,31378760
208.656,compaction_begin,3,0
208.822,compaction_end,3,43367077
208.832,compaction_begin,3,0
209.003,compaction_end,3,43367079
209.013,compaction_begin,3,0
209.182,compaction_end,3,43367079
209.192,compaction_begin,3,0
209.217,flush_begin,0,0
209.227,flush_end,0,2744652
209.376,compaction_end,3,43367080
209.386,compaction_begin,2,0
209.676,compaction_end,2,3353337
209.691,compaction_begin,3,0
209.897,compaction_end,3,42992652
209.908,compaction_begin,3,0
210.077,compaction_end,3,43367078
210.087,compaction_begin,3,0
210.260,compaction_end,3,42992650
210.270,compaction_begin,3,0
210.438,compaction_end,3,43367082
210.448,compaction_begin,3,0
210.612,compaction_end,3,42992653
210.622,compaction_begin,3,0
210.782,compaction_end,3,42856068
210.792,compaction_begin,3,0
210.965,compaction_end,3,43807603
210.975,compaction_begin,3,0
211.141,compaction_end,3,43367080
211.151,compaction_begin,3,0
211.316,compaction_end,3,43367079
211.327,compaction_begin,3,0
211.499,compaction_end,3,43367079
211.507,compaction_begin,3,0
211.667,compaction_end,3,43367081
211.679,compaction_begin,3,0
211.846,compaction_end,3,43367082
211.856,compaction_begin,3,0
212.017,compaction_end,3,43367078
212.027,compaction_begin,3,0
212.192,compaction_end,3,42906743
212.202,compaction_begin,3,0
212.324,compaction_end,3,31378760
212.333,compaction_begin,3,0
212.504,compaction_end,3,42754758
212.514,compaction_begin,3,0
212.683,compaction_end,3,43367079
212.694,compaction_begin,3,0
212.861,compaction_end,3,43367082
212.872,compaction_begin,3,0
213.040,compaction_end,3,43367077
213.050,compaction_begin,3,0
213.205,compaction_end,3,43367079
213.215,compaction_begin,3,0
213.377,compaction_end,3,43893496
213.387,compaction_begin,3,0
213.551,compaction_end,3,43367081
213.559,compaction_begin,3,0
213.728,compaction_end,3,43367079
213.740,compaction_begin,3,0
213.904,compaction_end,3,42618175
213.914,compaction_begin,3,0
214.071,compaction_end,3,42618174
214.081,compaction_begin,3,0
214.249,compaction_end,3,43367078
214.257,compaction_begin,3,0
214.428,compaction_end,3,43367079
214.438,compaction_begin,3,0
214.606,compaction_end,3,42992652
214.616,compaction_begin,3,0
214.701,flush_begin,0,0
214.712,flush_end,0,2744404
214.801,compaction_end,3,43367079
214.812,compaction_begin,2,0
215.107,compaction_end,2,3352964
215.122,compaction_begin,3,0
215.333,compaction_end,3,42992652
215.344,compaction_begin,3,0
215.519,compaction_end,3,42992650
215.529,compaction_begin,3,0
215.703,compaction_end,3,42754758
215.714,compaction_begin,3,0
215.889,compaction_end,3,43367079
215.899,compaction_begin,3,0
216.077,compaction_end,3,43367078
216.087,compaction_begin,3,0
216.261,compaction_end,3,43367082
216.272,compaction_begin,3,0
216.442,compaction_end,3,43367080
216.452,compaction_begin,3,0
216.613,compaction_end,3,43367082
216.624,compaction_begin,3,0
216.789,compaction_end,3,43367078
216.799,compaction_begin,3,0
216.959,compaction_end,3,42992648
216.969,compaction_begin,3,0
217.139,compaction_end,3,43367079
217.149,compaction_begin,3,0
217.314,compaction_end,3,42856068
217.324,compaction_begin,3,0
217.492,compaction_end,3,43367079
217.502,compaction_begin,3,0
217.676,compaction_end,3,43367079
217.686,compaction_begin,3,0
217.852,compaction_end,3,41955153
217.863,compaction_begin,3,0
218.031,compaction_end,3,42618175
218.041,compaction_begin,3,0
218.207,compaction_end,3,43367080
218.217,compaction_begin,3,0
218.384,compaction_end,3,42992652
218.394,compaction_begin,3,0
218.556,compaction_end,3,43367078
218.566,compaction_begin,3,0
218.735,compaction_end,3,42906743
218.745,compaction_begin,3,0
218.914,compaction_end,3,43367082
218.924,compaction_begin,3,0
219.090,compaction_end,3,43367077
219.100,compaction_begin,3,0
219.268,compaction_end,3,42618175
219.278,compaction_begin,3,0
219.442,compaction_end,3,42992648
219.452,compaction_begin,3,0
219.623,compaction_end,3,43367078
219.633,compaction_begin,3,0
219.801,compaction_end,3,43367083
219.811,compaction_begin,3,0
219.980,compaction_end,3,42243698
219.988,compaction_begin,3,0
220.162,compaction_end,3,43367077
220.174,compaction_begin,3,0
220.185,flush_begin,0,0
220.196,flush_end,0,2744457
220.369,compaction_end,3,43367081
220.377,compaction_begin,2,0
220.667,compaction_end,2,3344131
220.683,compaction_begin,3,0
220.898,compaction_end,3,42992652
220.909,compaction_begin,3,0
221.081,compaction_end,3,43367078
221.092,compaction_begin,3,0
221.265,compaction_end,3,42992650
221.275,compaction_begin,3,0
221.444,compaction_end,3,43367079
221.454,compaction_begin,3,0
221.625,compaction_end,3,43367081
221.635,compaction_begin,3,0
221.803,compaction_end,3,43367080
221.813,compaction_begin,3,0
221.979,compaction_end,3,43367078
221.989,compaction_begin,3,0
222.151,compaction_end,3,42992653
222.161,compaction_begin,3,0
222.320,compaction_end,3,42856068
222.330,compaction_begin,3,0
222.493,compaction_end,3,43367079
222.502,compaction_begin,3,0
222.671,compaction_end,3,42754758
222.683,compaction_begin,3,0
222.855,compaction_end,3,43367081
222.865,compaction_begin,3,0
223.026,compaction_end,3,42906743
223.034,compaction_begin,3,0
223.196,compaction_end,3,43367079
223.208,compaction_begin,3,0
223.364,compaction_end,3,42618172
223.374,compaction_begin,3,0
223.534,compaction_end,3,43367083
223.544,compaction_begin,3,0
223.710,compaction_end,3,43367082
223.718,compaction_begin,3,0
223.884,compaction_end,3,43367077
223.897,compaction_begin,3,0
224.066,compaction_end,3,43367080
224.076,compaction_begin,3,0
224.237,compaction_end,3,43367082
224.247,compaction_begin,3,0
224.412,compaction_end,3,43367080
224.423,compaction_begin,3,0
224.584,compaction_end,3,43347199
224.594,compaction_begin,3,0
224.766,compaction_end,3,43367079
224.776,compaction_begin,3,0
224.941,compaction_end,3,42618175
224.951,compaction_begin,3,0
225.114,compaction_end,3,43367079
225.124,compaction_begin,3,0
225.290,compaction_end,3,43367084
225.300,compaction_begin,3,0
225.466,compaction_end,3,43367080
225.477,compaction_begin,3,0
225.620,flush_begin,0,0
225.630,flush_end,0,2744341
225.661,compaction_end,3,43367077
225.671,compaction_begin,2,0
225.967,compaction_end,2,3347384
225.985,compaction_begin,3,0
226.204,compaction_end,3,42992652
226.215,compaction_begin,3,0
226.391,compaction_end,3,42992650
226.401,compaction_begin,3,0
226.578,compaction_end,3,43367080
226.588,compaction_begin,3,0
226.767,compaction_end,3,43367078
226.777,compaction_begin,3,0
226.948,compaction_end,3,42754758
226.958,compaction_begin,3,0
227.130,compaction_end,3,43367080
227.140,compaction_begin,3,0
227.306,compaction_end,3,43367080
227.316,compaction_begin,3,0
227.489,compaction_end,3,43367079
227.499,compaction_begin,3,0
227.665,compaction_end,3,42992652
227.675,compaction_begin,3,0
227.840,compaction_end,3,42992653
227.848,compaction_begin,3,0
228.028,compaction_end,3,42906743
228.038,compaction_begin,3,0
228.216,compaction_end,3,43367082
228.226,compaction_begin,3,0
228.358,compaction_end,3,31378760
228.368,compaction_begin,3,0
228.543,compaction_end,3,43367079
228.553,compaction_begin,3,0
228.721,compaction_end,3,42856068
228.731,compaction_begin,3,0
228.901,compaction_end,3,43367078
228.911,compaction_begin,3,0
229.072,compaction_end,3,43367084
229.082,compaction_begin,3,0
229.248,compaction_end,3,43347199
229.258,compaction_begin,3,0
229.432,compaction_end,3,43367080
229.442,compaction_begin,3,0
229.609,compaction_end,3,43367081
229.619,compaction_begin,3,0
229.790,compaction_end,3,43367079
229.800,compaction_begin,3,0
229.974,compaction_end,3,43367079
229.984,compaction_begin,3,0
230.160,compaction_end,3,43367081
230.170,compaction_begin,3,0
230.336,compaction_end,3,43367079
230.346,compaction_begin,3,0
230.516,compaction_end,3,42618174
230.527,compaction_begin,3,0
230.691,compaction_end,3,43367078
230.701,compaction_begin,3,0
230.873,compaction_end,3,43367082
230.883,compaction_begin,3,0
231.053,compaction_end,3,43367077
231.063,compaction_begin,3,0
231.074,flush_begin,0,0
231.084,flush_end,0,2744842
231.247,compaction_end,3,43367084
231.257,compaction_begin,2,0
231.549,compaction_end,2,3395869
231.567,compaction_begin,3,0
231.805,compaction_end,3,42992652
231.816,compaction_begin,3,0
232.010,compaction_end,3,42992650
232.021,compaction_begin,3,0
232.215,compaction_end,3,43367078
232.226,compaction_begin,3,0
232.407,compaction_end,3,43367080
232.417,compaction_begin,3,0
232.592,compaction_end,3,42856068
232.602,compaction_begin,3,0
232.779,compaction_end,3,43367080
232.789,compaction_begin,3,0
232.970,compaction_end,3,42243698
232.980,compaction_begin,3,0
233.159,compaction_end,3,43367080
233.169,compaction_begin,3,0
233.353,compaction_end,3,43367082
233.363,compaction_begin,3,0
233.533,compaction_end,3,41955153
233.543,compaction_begin,3,0
233.725,compaction_end,3,43367079
233.736,compaction_begin,3,0
233.915,compaction_end,3,42992652
233.925,compaction_begin,3,0
234.107,compaction_end,3,43367081
234.117,compaction_begin,3,0
234.300,compaction_end,3,43367080
234.310,compaction_begin,3,0
234.494,compaction_end,3,42992653
234.504,compaction_begin,3,0
234.683,compaction_end,3,43367077
234.693,compaction_begin,3,0
234.879,compaction_end,3,42754758
234.889,compaction_begin,3,0
235.060,compaction_end,3,43367080
235.070,compaction_begin,3,0
235.250,compaction_end,3,42618175
235.261,compaction_begin,3,0
235.448,compaction_end,3,42684155
235.458,compaction_begin,3,0
235.658,compaction_end,3,43347199
235.668,compaction_begin,3,0
235.846,compaction_end,3,43367083
235.856,compaction_begin,3,0
236.024,compaction_end,3,43367079
236.035,compaction_begin,3,0
236.210,compaction_end,3,41955155
236.220,compaction_begin,3,0
236.408,compaction_end,3,43367080
236.418,compaction_begin,3,0
236.559,flush_begin,0,0
236.570,flush_end,0,2744817
236.633,compaction_end,3,43367078
236.643,compaction_begin,2,0
236.964,compaction_end,2,3451589
236.984,compaction_begin,3,0
237.215,compaction_end,3,42992649
237.226,compaction_begin,3,0
237.399,compaction_end,3,42992651
237.409,compaction_begin,3,0
237.583,compaction_end,3,43367080
237.594,compaction_begin,3,0
237.763,compaction_end,3,43367077
237.773,compaction_begin,3,0
237.940,compaction_end,3,43367077
237.950,compaction_begin,3,0
238.117,compaction_end,3,43367079
238.127,compaction_begin,3,0
238.297,compaction_end,3,42754757
238.307,compaction_begin,3,0
238.460,compaction_end,3,41955154
238.471,compaction_begin,3,0
238.632,compaction_end,3,43347201
238.642,compaction_begin,3,0
238.802,compaction_end,3,42992649
238.812,compaction_begin,3,0
238.976,compaction_end,3,42856074
238.986,compaction_begin,3,0
239.144,compaction_end,3,43367080
239.154,compaction_begin,3,0
239.315,compaction_end,3,43367077
239.325,compaction_begin,3,0
239.491,compaction_end,3,42618174
239.501,compaction_begin,3,0
239.668,compaction_end,3,43367081
239.678,compaction_begin,3,0
239.851,compaction_end,3,43367079
239.861,compaction_begin,3,0
240.021,compaction_end,3,42618173
240.031,compaction_begin,3,0
240.134,compaction_end,3,27042050
240.143,compaction_begin,3,0
240.311,compaction_end,3,43367082
240.321,compaction_begin,3,0
240.481,compaction_end,3,43367083
240.491,compaction_begin,3,0
240.651,compaction_end,3,43367082
240.661,compaction_begin,3,0
240.824,compaction_end,3,42618176
240.834,compaction_begin,3,0
240.996,compaction_end,3,43367080
241.006,compaction_begin,3,0
241.164,compaction_end,3,42684155
241.174,compaction_begin,3,0
241.337,compaction_end,3,42992651
241.345,compaction_begin,3,0
241.507,compaction_end,3,43367080
241.519,compaction_begin,3,0
241.680,compaction_end,3,43367081
241.690,compaction_begin,3,0
241.861,compaction_end,3,43367080
241.872,compaction_begin,3,0
242.025,flush_begin,0,0
242.036,flush_end,0,2744425
242.060,compaction_end,3,43367082
242.070,compaction_begin,2,0
242.369,compaction_end,2,3478277
242.384,compaction_begin,3,0
242.599,compaction_end,3,43367081
242.610,compaction_begin,3,0
242.784,compaction_end,3,42754754
242.794,compaction_begin,3,0
242.977,compaction_end,3,42992652
242.987,compaction_begin,3,0
243.159,compaction_end,3,41955156
243.169,compaction_begin,3,0
243.339,compaction_end,3,43367081
243.349,compaction_begin,3,0
243.522,compaction_end,3,43367077
243.532,compaction_begin,3,0
243.707,compaction_end,3,43367081
243.717,compaction_begin,3,0
243.885,compaction_end,3,41955150
243.895,compaction_begin,3,0
244.064,compaction_end,3,43367080
244.074,compaction_begin,3,0
244.242,compaction_end,3,43367081
244.252,compaction_begin,3,0
244.424,compaction_end,3,43367081
244.434,compaction_begin,3,0
244.609,compaction_end,3,43367082
244.619,compaction_begin,3,0
244.788,compaction_end,3,43367079
244.798,compaction_begin,3,0
244.969,compaction_end,3,43367079
244.979,compaction_begin,3,0
245.152,compaction_end,3,43367082
245.162,compaction_begin,3,0
245.328,compaction_end,3,42856074
245.336,compaction_begin,3,0
245.498,compaction_end,3,43367081
245.510,compaction_begin,3,0
245.617,compaction_end,3,27042050
245.626,compaction_begin,3,0
245.795,compaction_end,3,43367079
245.805,compaction_begin,3,0
245.967,compaction_end,3,42618172
245.977,compaction_begin,3,0
246.145,compaction_end,3,43367082
246.155,compaction_begin,3,0
246.330,compaction_end,3,43367080
246.340,compaction_begin,3,0
246.510,compaction_end,3,43367082
246.520,compaction_begin,3,0
246.702,compaction_end,3,46205926
246.712,compaction_begin,3,0
246.887,compaction_end,3,43367079
246.897,compaction_begin,3,0
247.063,compaction_end,3,43347201
247.073,compaction_begin,3,0
247.234,compaction_end,3,42684155
247.244,compaction_begin,3,0
247.413,compaction_end,3,43367081
247.423,compaction_begin,3,0
247.480,flush_begin,0,0
247.490,flush_end,0,2744802
247.601,compaction_end,3,42992652
247.611,compaction_begin,2,0
247.908,compaction_end,2,3446438
247.926,compaction_begin,3,0
248.154,compaction_end,3,43367081
248.164,compaction_begin,3,0
248.341,compaction_end,3,42754754
248.352,compaction_begin,3,0
248.529,compaction_end,3,42992652
248.540,compaction_begin,3,0
248.714,compaction_end,3,42992649
248.725,compaction_begin,3,0
248.902,compaction_end,3,43367082
248.912,compaction_begin,3,0
249.092,compaction_end,3,43367081
249.102,compaction_begin,3,0
249.275,compaction_end,3,43367079
249.285,compaction_begin,3,0
249.455,compaction_end,3,43367077
249.466,compaction_begin,3,0
249.630,compaction_end,3,42992649
249.640,compaction_begin,3,0
249.807,compaction_end,3,43367080
249.816,compaction_begin,3,0
249.981,compaction_end,3,43367078
249.991,compaction_begin,3,0
250.158,compaction_end,3,43367082
250.169,compaction_begin,3,0
250.341,compaction_end,3,41955156
250.351,compaction_begin,3,0
250.523,compaction_end,3,43367080
250.533,compaction_begin,3,0
250.706,compaction_end,3,43367079
250.717,compaction_begin,3,0
250.884,compaction_end,3,42618176
250.894,compaction_begin,3,0
251.055,compaction_end,3,43367077
251.065,compaction_begin,3,0
251.231,compaction_end,3,43367082
251.241,compaction_begin,3,0
251.403,compaction_end,3,43367082
251.413,compaction_begin,3,0
251.572,compaction_end,3,42992652
251.582,compaction_begin,3,0
251.754,compaction_end,3,43367079
251.763,compaction_begin,3,0
251.929,compaction_end,3,43367082
251.939,compaction_begin,3,0
252.103,compaction_end,3,41955150
252.113,compaction_begin,3,0
252.287,compaction_end,3,43367079
252.296,compaction_begin,3,0
252.466,compaction_end,3,43367081
252.475,compaction_begin,3,0
252.644,compaction_end,3,43367080
252.654,compaction_begin,3,0
252.836,compaction_end,3,43367079
252.846,compaction_begin,3,0
252.922,flush_begin,0,0
252.933,flush_end,0,2744914
253.035,compaction_end,3,43367079
253.044,compaction_begin,2,0
253.332,compaction_end,2,3455167
253.348,compaction_begin,3,0
253.563,compaction_end,3,43367081
253.573,compaction_begin,3,0
253.743,compaction_end,3,41955156
253.754,compaction_begin,3,0
253.927,compaction_end,3,42754754
253.938,compaction_begin,3,0
254.112,compaction_end,3,42992652
254.123,compaction_begin,3,0
254.297,compaction_end,3,43367079
254.306,compaction_begin,3,0
254.478,compaction_end,3,43367082
254.485,compaction_begin,3,0
254.659,compaction_end,3,43367082
254.672,compaction_begin,3,0
254.844,compaction_end,3,43367081
254.854,compaction_begin,3,0
255.021,compaction_end,3,43367079
255.031,compaction_begin,3,0
255.204,compaction_end,3,42906743
255.213,compaction_begin,3,0
255.370,compaction_end,3,43367078
255.380,compaction_begin,3,0
255.547,compaction_end,3,43367079
255.557,compaction_begin,3,0
255.714,compaction_end,3,42992651
255.724,compaction_begin,3,0
255.891,compaction_end,3,43367077
255.902,compaction_begin,3,0
256.066,compaction_end,3,42992652
256.076,compaction_begin,3,0
256.241,compaction_end,3,43367077
256.252,compaction_begin,3,0
256.409,compaction_end,3,43367082
256.419,compaction_begin,3,0
256.585,compaction_end,3,43367079
256.595,compaction_begin,3,0
256.756,compaction_end,3,43367080
256.766,compaction_begin,3,0
256.931,compaction_end,3,42992649
256.941,compaction_begin,3,0
257.099,compaction_end,3,41955150
257.109,compaction_begin,3,0
257.279,compaction_end,3,42618173
257.290,compaction_begin,3,0
257.459,compaction_end,3,43367079
257.468,compaction_begin,3,0
257.634,compaction_end,3,43367082
257.645,compaction_begin,3,0
257.803,compaction_end,3,43367079
257.812,compaction_begin,3,0
257.975,compaction_end,3,43367082
257.984,compaction_begin,3,0
258.147,compaction_end,3,43367079
258.157,compaction_begin,3,0
258.319,compaction_end,3,42856074
258.329,compaction_begin,3,0
258.365,flush_begin,0,0
258.375,flush_end,0,2745008
258.515,compaction_end,3,43367081
258.525,compaction_begin,2,0
258.820,compaction_end,2,3425101
258.833,compaction_begin,3,0
259.033,compaction_end,3,43367081
259.043,compaction_begin,3,0
259.216,compaction_end,3,42754754
259.227,compaction_begin,3,0
259.399,compaction_end,3,43367079
259.408,compaction_begin,3,0
259.580,compaction_end,3,42992652
259.590,compaction_begin,3,0
259.761,compaction_end,3,43367082
259.770,compaction_begin,3,0
259.941,compaction_end,3,43367079
259.950,compaction_begin,3,0
260.117,compaction_end,3,43367082
260.126,compaction_begin,3,0
260.293,compaction_end,3,41955156
260.303,compaction_begin,3,0
260.465,compaction_end,3,42618174
260.474,compaction_begin,3,0
260.631,compaction_end,3,42906743
260.641,compaction_begin,3,0
260.805,compaction_end,3,43367080
260.815,compaction_begin,3,0
260.975,compaction_end,3,43367079
260.985,compaction_begin,3,0
261.149,compaction_end,3,43367079
261.159,compaction_begin,3,0
261.325,compaction_end,3,43367080
261.335,compaction_begin,3,0
261.491,compaction_end,3,43367083
261.500,compaction_begin,3,0
261.667,compaction_end,3,43367082
261.676,compaction_begin,3,0
261.837,compaction_end,3,43367077
261.846,compaction_begin,3,0
262.011,compaction_end,3,43367079
262.020,compaction_begin,3,0
262.190,compaction_end,3,43367077
262.201,compaction_begin,3,0
262.364,compaction_end,3,42992649
262.373,compaction_begin,3,0
262.543,compaction_end,3,43367082
262.555,compaction_begin,3,0
262.721,compaction_end,3,43367081
262.730,compaction_begin,3,0
262.892,compaction_end,3,43367081
262.904,compaction_begin,3,0
263.071,compaction_end,3,42992652
263.079,compaction_begin,3,0
263.238,compaction_end,3,42992650
263.249,compaction_begin,3,0
263.408,compaction_end,3,42992651
263.418,compaction_begin,3,0
263.571,compaction_end,3,42618176
263.581,compaction_begin,3,0
263.743,compaction_end,3,43367079
263.754,compaction_begin,3,0
263.805,flush_begin,0,0
263.815,flush_end,0,2744741
263.933,compaction_end,3,43367078
263.943,compaction_begin,2,0
264.235,compaction_end,2,3375373
264.252,compaction_begin,3,0
264.471,compaction_end,3,43367080
264.481,compaction_begin,3,0
264.655,compaction_end,3,42754756
264.666,compaction_begin,3,0
264.845,compaction_end,3,43367081
264.854,compaction_begin,3,0
265.023,compaction_end,3,41955155
265.033,compaction_begin,3,0
265.206,compaction_end,3,42992651
265.217,compaction_begin,3,0
265.387,compaction_end,3,43367082
265.398,compaction_begin,3,0
265.566,compaction_end,3,42906743
265.575,compaction_begin,3,0
265.743,compaction_end,3,43367079
265.755,compaction_begin,3,0
265.926,compaction_end,3,43367079
265.936,compaction_begin,3,0
266.025,compaction_end,3,22705340
266.035,compaction_begin,3,0
266.212,compaction_end,3,43367081
266.221,compaction_begin,3,0
266.381,compaction_end,3,43367083
266.391,compaction_begin,3,0
266.560,compaction_end,3,43367077
266.570,compaction_begin,3,0
266.737,compaction_end,3,43367077
266.747,compaction_begin,3,0
266.919,compaction_end,3,43367082
266.930,compaction_begin,3,0
267.095,compaction_end,3,43367078
267.106,compaction_begin,3,0
267.271,compaction_end,3,42856073
267.280,compaction_begin,3,0
267.439,compaction_end,3,42992653
267.448,compaction_begin,3,0
267.617,compaction_end,3,42618172
267.629,compaction_begin,3,0
267.797,compaction_end,3,43367083
267.808,compaction_begin,3,0
267.985,compaction_end,3,46205931
267.995,compaction_begin,3,0
268.168,compaction_end,3,43367080
268.178,compaction_begin,3,0
268.339,compaction_end,3,43367079
268.349,compaction_begin,3,0
268.523,compaction_end,3,43367080
268.532,compaction_begin,3,0
268.698,compaction_end,3,42992651
268.709,compaction_begin,3,0
268.873,compaction_end,3,43367082
268.883,compaction_begin,3,0
269.044,compaction_end,3,42992648
269.054,compaction_begin,3,0
269.222,compaction_end,3,42618174
269.233,compaction_begin,3,0
269.236,flush_begin,0,0
269.247,flush_end,0,2744590
269.427,compaction_end,3,43367081
269.437,compaction_begin,2,0
269.748,compaction_end,2,3434351
269.764,compaction_begin,3,0
269.988,compaction_end,3,43367080
269.999,compaction_begin,3,0
270.181,compaction_end,3,42754756
270.192,compaction_begin,3,0
270.363,compaction_end,3,41955155
270.374,compaction_begin,3,0
270.547,compaction_end,3,42992651
270.555,compaction_begin,3,0
270.733,compaction_end,3,43367080
270.745,compaction_begin,3,0
270.914,compaction_end,3,43367081
270.925,compaction_begin,3,0
271.097,compaction_end,3,43367080
271.108,compaction_begin,3,0
271.202,compaction_end,3,22705340
271.211,compaction_begin,3,0
271.377,compaction_end,3,43367079
271.387,compaction_begin,3,0
271.548,compaction_end,3,43367081
271.557,compaction_begin,3,0
271.731,compaction_end,3,42992652
271.742,compaction_begin,3,0
271.906,compaction_end,3,43367078
271.915,compaction_begin,3,0
272.074,compaction_end,3,42684156
272.083,compaction_begin,3,0
272.265,compaction_end,3,42992651
272.277,compaction_begin,3,0
272.453,compaction_end,3,43367078
272.464,compaction_begin,3,0
272.649,compaction_end,3,43367080
272.660,compaction_begin,3,0
272.841,compaction_end,3,43367083
272.850,compaction_begin,3,0
273.029,compaction_end,3,43367080
273.039,compaction_begin,3,0
273.214,compaction_end,3,43367080
273.225,compaction_begin,3,0
273.405,compaction_end,3,43367078
273.415,compaction_begin,3,0
273.587,compaction_end,3,43367080
273.598,compaction_begin,3,0
273.771,compaction_end,3,42992653
273.781,compaction_begin,3,0
273.961,compaction_end,3,43367078
273.971,compaction_begin,3,0
274.143,compaction_end,3,42906741
274.154,compaction_begin,3,0
274.328,compaction_end,3,43367082
274.338,compaction_begin,3,0
274.514,compaction_end,3,43367081
274.525,compaction_begin,3,0
274.692,flush_begin,0,0
274.702,flush_end,0,2744713
274.731,compaction_end,3,43367081
274.741,compaction_begin,2,0
275.031,compaction_end,2,3530670
275.048,compaction_begin,3,0
275.276,compaction_end,3,42754757
275.288,compaction_begin,3,0
275.474,compaction_end,3,43367081
275.485,compaction_begin,3,0
275.675,compaction_end,3,43367079
275.685,compaction_begin,3,0
275.871,compaction_end,3,43367081
275.881,compaction_begin,3,0
276.043,compaction_end,3,43367078
276.052,compaction_begin,3,0
276.217,compaction_end,3,41955154
276.227,compaction_begin,3,0
276.395,compaction_end,3,43367082
276.405,compaction_begin,3,0
276.567,compaction_end,3,43367080
276.575,compaction_begin,3,0
276.734,compaction_end,3,43367080
276.747,compaction_begin,3,0
276.906,compaction_end,3,42992650
276.915,compaction_begin,3,0
277.083,compaction_end,3,43367079
277.092,compaction_begin,3,0
277.256,compaction_end,3,42618171
277.264,compaction_begin,3,0
277.427,compaction_end,3,42992651
277.438,compaction_begin,3,0
277.603,compaction_end,3,43367083
277.614,compaction_begin,3,0
277.792,compaction_end,3,43367082
277.803,compaction_begin,3,0
277.970,compaction_end,3,42618172
277.980,compaction_begin,3,0
278.141,compaction_end,3,42992653
278.150,compaction_begin,3,0
278.242,compaction_end,3,22705340
278.251,compaction_begin,3,0
278.423,compaction_end,3,43367079
278.433,compaction_begin,3,0
278.597,compaction_end,3,43367078
278.608,compaction_begin,3,0
278.780,compaction_end,3,43367081
278.789,compaction_begin,3,0
278.964,compaction_end,3,43367079
278.975,compaction_begin,3,0
279.146,compaction_end,3,42992649
279.155,compaction_begin,3,0
279.326,compaction_end,3,43367080
279.336,compaction_begin,3,0
279.500,compaction_end,3,43367077
279.509,compaction_begin,3,0
279.679,compaction_end,3,43367080
279.691,compaction_begin,3,0
279.851,compaction_end,3,42856073
279.861,compaction_begin,3,0
280.030,compaction_end,3,43367079
280.038,compaction_begin,3,0
280.112,flush_begin,0,0
280.122,flush_end,0,2744805
280.221,compaction_end,3,43367077
280.232,compaction_begin,2,0
280.528,compaction_end,2,3514881
280.546,compaction_begin,3,0
280.761,compaction_end,3,42754757
280.772,compaction_begin,3,0
280.948,compaction_end,3,43367081
280.959,compaction_begin,3,0
281.137,compaction_end,3,43367079
281.148,compaction_begin,3,0
281.319,compaction_end,3,43367081
281.330,compaction_begin,3,0
281.503,compaction_end,3,43367081
281.513,compaction_begin,3,0
281.681,compaction_end,3,42856073
281.691,compaction_begin,3,0
281.856,compaction_end,3,42618172
281.867,compaction_begin,3,0
282.036,compaction_end,3,43367080
282.045,compaction_begin,3,0
282.212,compaction_end,3,43367082
282.223,compaction_begin,3,0
282.388,compaction_end,3,42992649
282.398,compaction_begin,3,0
282.565,compaction_end,3,43367082
282.576,compaction_begin,3,0
282.759,compaction_end,3,41955154
282.770,compaction_begin,3,0
282.940,compaction_end,3,43367079
282.950,compaction_begin,3,0
283.116,compaction_end,3,43347202
283.127,compaction_begin,3,0
283.304,compaction_end,3,43367082
283.314,compaction_begin,3,0
283.478,compaction_end,3,42309751
283.488,compaction_begin,3,0
283.657,compaction_end,3,42618171
283.668,compaction_begin,3,0
283.844,compaction_end,3,43367083
283.854,compaction_begin,3,0
284.018,compaction_end,3,43367078
284.028,compaction_begin,3,0
284.184,compaction_end,3,42992653
284.195,compaction_begin,3,0
284.366,compaction_end,3,43367080
284.376,compaction_begin,3,0
284.535,compaction_end,3,42906745
284.546,compaction_begin,3,0
284.709,compaction_end,3,43367083
284.719,compaction_begin,3,0
284.887,compaction_end,3,42992651
284.897,compaction_begin,3,0
285.063,compaction_end,3,43367082
285.073,compaction_begin,3,0
285.245,compaction_end,3,43367079
285.255,compaction_begin,3,0
285.337,compaction_end,3,21683536
285.346,compaction_begin,3,0
285.511,compaction_end,3,42992650
285.521,compaction_begin,3,0
285.595,flush_begin,0,0
285.606,flush_end,0,2744305
285.700,compaction_end,3,43367081
285.710,compaction_begin,2,0
286.005,compaction_end,2,3465220
286.024,compaction_begin,3,0
286.235,compaction_end,3,42754757
286.245,compaction_begin,3,0
286.415,compaction_end,3,43367081
286.425,compaction_begin,3,0
286.592,compaction_end,3,43367082
286.600,compaction_begin,3,0
286.771,compaction_end,3,43367079
286.783,compaction_begin,3,0
286.950,compaction_end,3,43367082
286.960,compaction_begin,3,0
287.125,compaction_end,3,42618172
287.136,compaction_begin,3,0
287.300,compaction_end,3,41955154
287.311,compaction_begin,3,0
287.475,compaction_end,3,43367080
287.484,compaction_begin,3,0
287.643,compaction_end,3,43367080
287.654,compaction_begin,3,0
287.819,compaction_end,3,43367079
287.829,compaction_begin,3,0
288.004,compaction_end,3,46205923
288.015,compaction_begin,3,0
288.177,compaction_end,3,43367077
288.187,compaction_begin,3,0
288.354,compaction_end,3,43367080
288.363,compaction_begin,3,0
288.532,compaction_end,3,43367081
288.543,compaction_begin,3,0
288.710,compaction_end,3,43367077
288.718,compaction_begin,3,0
288.886,compaction_end,3,43367081
288.897,compaction_begin,3,0
289.054,compaction_end,3,42992653
289.062,compaction_begin,3,0
289.217,compaction_end,3,43367078
289.228,compaction_begin,3,0
289.399,compaction_end,3,43367084
289.409,compaction_begin,3,0
289.499,compaction_end,3,22705340
289.508,compaction_begin,3,0
289.672,compaction_end,3,43367081
289.682,compaction_begin,3,0
289.855,compaction_end,3,46205931
289.865,compaction_begin,3,0
290.028,compaction_end,3,42992650
290.038,compaction_begin,3,0
290.198,compaction_end,3,43367081
290.208,compaction_begin,3,0
290.366,compaction_end,3,43367083
290.375,compaction_begin,3,0
290.538,compaction_end,3,43367083
290.549,compaction_begin,3,0
290.711,compaction_end,3,42856073
290.722,compaction_begin,3,0
290.885,compaction_end,3,42906745
290.896,compaction_begin,3,0
291.026,flush_begin,0,0
291.036,flush_end,0,2744628
291.075,compaction_end,3,43367082
291.086,compaction_begin,2,0
291.385,compaction_end,2,3379462
291.403,compaction_begin,3,0
291.621,compaction_end,3,42754757
291.632,compaction_begin,3,0
291.816,compaction_end,3,43367081
291.826,compaction_begin,3,0
292.000,compaction_end,3,43367082
292.010,compaction_begin,3,0
292.189,compaction_end,3,43367079
292.199,compaction_begin,3,0
292.375,compaction_end,3,43367079
292.385,compaction_begin,3,0
292.555,compaction_end,3,41955154
292.566,compaction_begin,3,0
292.736,compaction_end,3,43367077
292.747,compaction_begin,3,0
292.916,compaction_end,3,43367080
292.927,compaction_begin,3,0
293.102,compaction_end,3,42618171
293.110,compaction_begin,3,0
293.272,compaction_end,3,42992653
293.283,compaction_begin,3,0
293.450,compaction_end,3,42309751
293.461,compaction_begin,3,0
293.626,compaction_end,3,43367080
293.636,compaction_begin,3,0
293.803,compaction_end,3,43367083
293.812,compaction_begin,3,0
293.987,compaction_end,3,43367081
293.996,compaction_begin,3,0
294.172,compaction_end,3,42618172
294.180,compaction_begin,3,0
294.348,compaction_end,3,43367080
294.360,compaction_begin,3,0
294.522,compaction_end,3,41955153
294.531,compaction_begin,3,0
294.703,compaction_end,3,43367077
294.714,compaction_begin,3,0
294.880,compaction_end,3,42992650
294.891,compaction_begin,3,0
295.058,compaction_end,3,42906745
295.069,compaction_begin,3,0
295.243,compaction_end,3,42992648
295.253,compaction_begin,3,0
295.422,compaction_end,3,43367081
295.432,compaction_begin,3,0
295.610,compaction_end,3,46205929
295.620,compaction_begin,3,0
295.800,compaction_end,3,43367082
295.809,compaction_begin,3,0
295.980,compaction_end,3,43367081
295.992,compaction_begin,3,0
296.165,compaction_end,3,43367079
296.175,compaction_begin,3,0
296.342,compaction_end,3,43347202
296.351,compaction_begin,3,0
296.505,flush_begin,0,0
296.514,flush_end,0,2744470
296.541,compaction_end,3,43367082
296.552,compaction_begin,2,0
296.860,compaction_end,2,3408348
296.879,compaction_begin,3,0
297.099,compaction_end,3,42754757
297.110,compaction_begin,3,0
297.286,compaction_end,3,43367079
297.296,compaction_begin,3,0
297.488,compaction_end,3,43367081
297.497,compaction_begin,3,0
297.666,compaction_end,3,41955154
297.679,compaction_begin,3,0
297.863,compaction_end,3,43367082
297.873,compaction_begin,3,0
298.063,compaction_end,3,43367082
298.073,compaction_begin,3,0
298.251,compaction_end,3,43367077
298.261,compaction_begin,3,0
298.449,compaction_end,3,43367077
298.460,compaction_begin,3,0
298.645,compaction_end,3,42992649
298.655,compaction_begin,3,0
298.841,compaction_end,3,43367079
298.850,compaction_begin,3,0
298.928,compaction_end,3,18368633
298.938,compaction_begin,3,0
299.113,compaction_end,3,43367079
299.124,compaction_begin,3,0
299.302,compaction_end,3,43347202
299.313,compaction_begin,3,0
299.492,compaction_end,3,43367078
299.503,compaction_begin,3,0
299.694,compaction_end,3,43367079
299.705,compaction_begin,3,0
299.892,compaction_end,3,43367082
299.903,compaction_begin,3,0
300.086,compaction_end,3,43367082
300.096,compaction_begin,3,0
300.289,compaction_end,3,43367084
300.300,compaction_begin,3,0
300.484,compaction_end,3,43367081
300.495,compaction_begin,3,0
300.677,compaction_end,3,43367078
300.687,compaction_begin,3,0
300.849,compaction_end,3,42618172
300.859,compaction_begin,3,0
301.022,compaction_end,3,43367079
301.033,compaction_begin,3,0
301.203,compaction_end,3,43367078
301.214,compaction_begin,3,0
301.390,compaction_end,3,46205927
301.401,compaction_begin,3,0
301.565,compaction_end,3,43367081
301.573,compaction_begin,3,0
301.731,compaction_end,3,42618171
301.743,compaction_begin,3,0
301.905,compaction_end,3,43367082
301.915,compaction_begin,3,0
301.949,flush_begin,0,0
301.959,flush_end,0,2744490
302.096,compaction_end,3,43367081
302.106,compaction_begin,2,0
302.393,compaction_end,2,3432904
302.408,compaction_begin,3,0
302.616,compaction_end,3,42754757
302.627,compaction_begin,3,0
302.798,compaction_end,3,43367081
302.808,compaction_begin,3,0
302.973,compaction_end,3,41955154
302.984,compaction_begin,3,0
303.158,compaction_end,3,43367079
303.168,compaction_begin,3,0
303.340,compaction_end,3,43367081
303.350,compaction_begin,3,0
303.521,compaction_end,3,43367080
303.531,compaction_begin,3,0
303.691,compaction_end,3,42618171
303.701,compaction_begin,3,0
303.867,compaction_end,3,43367080
303.877,compaction_begin,3,0
304.043,compaction_end,3,42906745
304.053,compaction_begin,3,0
304.213,compaction_end,3,43347202
304.223,compaction_begin,3,0
304.395,compaction_end,3,43367082
304.405,compaction_begin,3,0
304.580,compaction_end,3,46205928
304.590,compaction_begin,3,0
304.761,compaction_end,3,43367081
304.771,compaction_begin,3,0
304.938,compaction_end,3,43367083
304.949,compaction_begin,3,0
305.114,compaction_end,3,43367077
305.124,compaction_begin,3,0
305.284,compaction_end,3,43367080
305.293,compaction_begin,3,0
305.454,compaction_end,3,43367082
305.464,compaction_begin,3,0
305.621,compaction_end,3,42618172
305.631,compaction_begin,3,0
305.803,compaction_end,3,46205925
305.813,compaction_begin,3,0
305.979,compaction_end,3,42992650
305.989,compaction_begin,3,0
306.151,compaction_end,3,43367084
306.162,compaction_begin,3,0
306.332,compaction_end,3,43367079
306.342,compaction_begin,3,0
306.508,compaction_end,3,43367080
306.516,compaction_begin,3,0
306.695,compaction_end,3,43367082
306.706,compaction_begin,3,0
306.869,compaction_end,3,42992648
306.879,compaction_begin,3,0
307.048,compaction_end,3,43367080
307.058,compaction_begin,3,0
307.233,compaction_end,3,43367077
307.244,compaction_begin,3,0
307.395,flush_begin,0,0
307.405,flush_end,0,2744468
307.430,compaction_end,3,43367083
307.440,compaction_begin,2,0
307.737,compaction_end,2,3326600
307.754,compaction_begin,3,0
307.977,compaction_end,3,42754757
307.988,compaction_begin,3,0
308.166,compaction_end,3,43367079
308.177,compaction_begin,3,0
308.354,compaction_end,3,43367081
308.365,compaction_begin,3,0
308.541,compaction_end,3,43367077
308.551,compaction_begin,3,0
308.721,compaction_end,3,43367082
308.731,compaction_begin,3,0
308.904,compaction_end,3,43367082
308.914,compaction_begin,3,0
309.086,compaction_end,3,43367081
309.096,compaction_begin,3,0
309.259,compaction_end,3,43367082
309.269,compaction_begin,3,0
309.434,compaction_end,3,42856073
309.444,compaction_begin,3,0
309.612,compaction_end,3,43367083
309.622,compaction_begin,3,0
309.793,compaction_end,3,41955154
309.803,compaction_begin,3,0
309.972,compaction_end,3,42992650
309.982,compaction_begin,3,0
310.155,compaction_end,3,43367080
310.165,compaction_begin,3,0
310.333,compaction_end,3,43367079
310.343,compaction_begin,3,0
310.516,compaction_end,3,43367080
310.526,compaction_begin,3,0
310.693,compaction_end,3,43367081
310.703,compaction_begin,3,0
310.873,compaction_end,3,43367084
310.883,compaction_begin,3,0
311.057,compaction_end,3,43367077
311.068,compaction_begin,3,0
311.230,compaction_end,3,42309751
311.241,compaction_begin,3,0
311.406,compaction_end,3,41955153
311.416,compaction_begin,3,0
311.577,compaction_end,3,42618174
311.587,compaction_begin,3,0
311.747,compaction_end,3,42992648
311.757,compaction_begin,3,0
311.920,compaction_end,3,43367083
311.930,compaction_begin,3,0
312.101,compaction_end,3,42906745
312.111,compaction_begin,3,0
312.280,compaction_end,3,42992649
312.288,compaction_begin,3,0
312.463,compaction_end,3,44404455
312.475,compaction_begin,3,0
312.639,compaction_end,3,42992650
312.649,compaction_begin,3,0
312.829,compaction_end,3,42618174
312.839,flush_begin,0,0
312.849,flush_end,0,2744736
312.858,compaction_begin,2,0
313.156,compaction_end,2,3386004
313.175,compaction_begin,3,0
313.392,compaction_end,3,42754757
313.402,compaction_begin,3,0
313.575,compaction_end,3,43367079
313.585,compaction_begin,3,0
313.758,compaction_end,3,43367081
313.766,compaction_begin,3,0
313.940,compaction_end,3,43367082
313.952,compaction_begin,3,0
314.118,compaction_end,3,43367077
314.128,compaction_begin,3,0
314.299,compaction_end,3,43367080
314.309,compaction_begin,3,0
314.482,compaction_end,3,43367081
314.492,compaction_begin,3,0
314.661,compaction_end,3,43367083
314.672,compaction_begin,3,0
314.839,compaction_end,3,41955154
314.849,compaction_begin,3,0
315.015,compaction_end,3,43367083
315.024,compaction_begin,3,0
315.192,compaction_end,3,43367077
315.202,compaction_begin,3,0
315.364,compaction_end,3,43367079
315.375,compaction_begin,3,0
315.535,compaction_end,3,42856073
315.544,compaction_begin,3,0
315.706,compaction_end,3,43367080
315.715,compaction_begin,3,0
315.886,compaction_end,3,43367078
315.896,compaction_begin,3,0
316.061,compaction_end,3,44404452
316.072,compaction_begin,3,0
316.239,compaction_end,3,43367081
316.248,compaction_begin,3,0
316.416,compaction_end,3,43367082
316.425,compaction_begin,3,0
316.589,compaction_end,3,42906745
316.598,compaction_begin,3,0
316.767,compaction_end,3,43367079
316.778,compaction_begin,3,0
316.944,compaction_end,3,43367084
316.954,compaction_begin,3,0
317.118,compaction_end,3,43367080
317.129,compaction_begin,3,0
317.296,compaction_end,3,43367080
317.306,compaction_begin,3,0
317.466,compaction_end,3,42992649
317.476,compaction_begin,3,0
317.637,compaction_end,3,43347202
317.647,compaction_begin,3,0
317.813,compaction_end,3,43367081
317.823,compaction_begin,3,0
317.976,compaction_end,3,42618174
317.984,compaction_begin,3,0
318.150,compaction_end,3,43367082
318.161,compaction_begin,3,0
318.257,flush_begin,0,0
318.267,flush_end,0,2744768
318.335,compaction_end,3,42618172
318.345,compaction_begin,2,0
318.630,compaction_end,2,3352192
318.645,compaction_begin,3,0
318.859,compaction_end,3,42754757
318.869,compaction_begin,3,0
319.046,compaction_end,3,43367079
319.057,compaction_begin,3,0
319.234,compaction_end,3,43367081
319.244,compaction_begin,3,0
319.424,compaction_end,3,43367077
319.433,compaction_begin,3,0
319.602,compaction_end,3,42856073
319.612,compaction_begin,3,0
319.804,compaction_end,3,44404456
319.812,compaction_begin,3,0
319.979,compaction_end,3,43367079
319.991,compaction_begin,3,0
320.168,compaction_end,3,41955154
320.179,compaction_begin,3,0
320.344,compaction_end,3,43367081
320.353,compaction_begin,3,0
320.529,compaction_end,3,43367078
320.538,compaction_begin,3,0
320.707,compaction_end,3,43367082
320.717,compaction_begin,3,0
320.895,compaction_end,3,43367081
320.906,compaction_begin,3,0
321.090,compaction_end,3,43367078
321.099,compaction_begin,3,0
321.272,compaction_end,3,43367077
321.282,compaction_begin,3,0
321.446,compaction_end,3,43367082
321.456,compaction_begin,3,0
321.625,compaction_end,3,43367084
321.636,compaction_begin,3,0
321.814,compaction_end,3,43367084
321.824,compaction_begin,3,0
322.007,compaction_end,3,43367077
322.017,compaction_begin,3,0
322.207,compaction_end,3,43367079
322.217,compaction_begin,3,0
322.392,compaction_end,3,43367082
322.402,compaction_begin,3,0
322.575,compaction_end,3,42992649
322.585,compaction_begin,3,0
322.750,compaction_end,3,43367082
322.760,compaction_begin,3,0
322.937,compaction_end,3,43367083
322.946,compaction_begin,3,0
322.990,compaction_end,3,9695220
322.999,compaction_begin,3,0
323.169,compaction_end,3,43367080
323.178,compaction_begin,3,0
323.350,compaction_end,3,43367077
323.360,compaction_begin,3,0
323.526,compaction_end,3,43367080
323.536,compaction_begin,3,0
323.714,compaction_end,3,43367081
323.724,compaction_begin,3,0
323.728,flush_begin,0,0
323.738,flush_end,0,2744450
323.920,compaction_end,3,43367081
323.930,compaction_begin,2,0
324.223,compaction_end,2,3340444
324.239,compaction_begin,3,0
324.456,compaction_end,3,42754757
324.467,compaction_begin,3,0
324.643,compaction_end,3,43367079
324.653,compaction_begin,3,0
324.830,compaction_end,3,43367081
324.840,compaction_begin,3,0
325.016,compaction_end,3,42992652
325.027,compaction_begin,3,0
325.209,compaction_end,3,43367080
325.219,compaction_begin,3,0
325.394,compaction_end,3,43367084
325.403,compaction_begin,3,0
325.578,compaction_end,3,43367079
325.589,compaction_begin,3,0
325.774,compaction_end,3,43367077
325.785,compaction_begin,3,0
325.955,compaction_end,3,43367079
325.966,compaction_begin,3,0
326.138,compaction_end,3,43367078
326.147,compaction_begin,3,0
326.309,compaction_end,3,42856073
326.319,compaction_begin,3,0
326.493,compaction_end,3,43367080
326.504,compaction_begin,3,0
326.684,compaction_end,3,42618171
326.694,compaction_begin,3,0
326.880,compaction_end,3,42906745
326.889,compaction_begin,3,0
327.074,compaction_end,3,43367083
327.085,compaction_begin,3,0
327.267,compaction_end,3,43367077
327.278,compaction_begin,3,0
327.468,compaction_end,3,43367080
327.479,compaction_begin,3,0
327.662,compaction_end,3,43367080
327.672,compaction_begin,3,0
327.841,compaction_end,3,43367082
327.852,compaction_begin,3,0
328.024,compaction_end,3,43367080
328.035,compaction_begin,3,0
328.198,compaction_end,3,42618174
328.208,compaction_begin,3,0
328.378,compaction_end,3,43367080
328.388,compaction_begin,3,0
328.560,compaction_end,3,43367081
328.571,compaction_begin,3,0
328.738,compaction_end,3,43367083
328.749,compaction_begin,3,0
328.824,compaction_end,3,18368633
328.832,compaction_begin,3,0
328.994,compaction_end,3,43367081
329.004,compaction_begin,3,0
329.168,compaction_end,3,43367080
329.180,flush_begin,0,0
329.191,flush_end,0,2744247
329.200,compaction_begin,2,0
329.492,compaction_end,2,3406239
329.509,compaction_begin,3,0
329.722,compaction_end,3,42754753
329.733,compaction_begin,3,0
329.910,compaction_end,3,43367080
329.919,compaction_begin,3,0
330.096,compaction_end,3,43367081
330.106,compaction_begin,3,0
330.279,compaction_end,3,43367079
330.292,compaction_begin,3,0
330.463,compaction_end,3,43367081
330.472,compaction_begin,3,0
330.645,compaction_end,3,43367076
330.656,compaction_begin,3,0
330.824,compaction_end,3,43367079
330.833,compaction_begin,3,0
331.005,compaction_end,3,43367084
331.017,compaction_begin,3,0
331.189,compaction_end,3,43367076
331.200,compaction_begin,3,0
331.366,compaction_end,3,43367080
331.376,compaction_begin,3,0
331.549,compaction_end,3,43367082
331.559,compaction_begin,3,0
331.723,compaction_end,3,43367083
331.733,compaction_begin,3,0
331.907,compaction_end,3,42992652
331.914,compaction_begin,3,0
332.076,compaction_end,3,43367081
332.088,compaction_begin,3,0
332.265,compaction_end,3,46205931
332.275,compaction_begin,3,0
332.445,compaction_end,3,43367077
332.455,compaction_begin,3,0
332.626,compaction_end,3,43367077
332.636,compaction_begin,3,0
332.804,compaction_end,3,43367082
332.813,compaction_begin,3,0
332.981,compaction_end,3,43893494
332.992,compaction_begin,3,0
333.155,compaction_end,3,43367080
333.164,compaction_begin,3,0
333.345,compaction_end,3,43367077
333.355,compaction_begin,3,0
333.523,compaction_end,3,42856071
333.533,compaction_begin,3,0
333.707,compaction_end,3,43367081
333.717,compaction_begin,3,0
333.884,compaction_end,3,43367080
333.895,compaction_begin,3,0
334.070,compaction_end,3,43367081
334.081,compaction_begin,3,0
334.242,compaction_end,3,43367080
334.252,compaction_begin,3,0
334.421,compaction_end,3,43367082
334.432,compaction_begin,3,0
334.597,compaction_end,3,43367077
334.607,compaction_begin,3,0
334.643,flush_begin,0,0
334.652,flush_end,0,2744731
334.790,compaction_end,3,43367076
334.801,compaction_begin,2,0
335.085,compaction_end,2,3374534
335.097,compaction_begin,3,0
335.296,compaction_end,3,43367080
335.306,compaction_begin,3,0
335.483,compaction_end,3,42992649
335.494,compaction_begin,3,0
335.669,compaction_end,3,42754757
335.679,compaction_begin,3,0
335.854,compaction_end,3,43367084
335.864,compaction_begin,3,0
336.038,compaction_end,3,43367081
336.048,compaction_begin,3,0
336.222,compaction_end,3,43367080
336.232,compaction_begin,3,0
336.399,compaction_end,3,43367079
336.409,compaction_begin,3,0
336.578,compaction_end,3,43367079
336.588,compaction_begin,3,0
336.751,compaction_end,3,43367082
336.760,compaction_begin,3,0
336.935,compaction_end,3,43367082
336.944,compaction_begin,3,0
337.112,compaction_end,3,43367083
337.122,compaction_begin,3,0
337.297,compaction_end,3,43367081
337.308,compaction_begin,3,0
337.481,compaction_end,3,43367080
337.492,compaction_begin,3,0
337.658,compaction_end,3,43367078
337.668,compaction_begin,3,0
337.831,compaction_end,3,42618172
337.840,compaction_begin,3,0
338.007,compaction_end,3,43367077
338.017,compaction_begin,3,0
338.186,compaction_end,3,43367080
338.197,compaction_begin,3,0
338.368,compaction_end,3,43367080
338.378,compaction_begin,3,0
338.549,compaction_end,3,43367084
338.560,compaction_begin,3,0
338.728,compaction_end,3,43367082
338.738,compaction_begin,3,0
338.908,compaction_end,3,43367083
338.918,compaction_begin,3,0
339.087,compaction_end,3,42856069
339.095,compaction_begin,3,0
339.261,compaction_end,3,42992650
339.273,compaction_begin,3,0
339.440,compaction_end,3,43367077
339.450,compaction_begin,3,0
339.612,compaction_end,3,43367078
339.622,compaction_begin,3,0
339.787,compaction_end,3,42992648
339.797,compaction_begin,3,0
339.969,compaction_end,3,43367079
339.980,compaction_begin,3,0
340.116,flush_begin,0,0
340.129,flush_end,0,2744750
340.166,compaction_end,3,42992649
340.176,compaction_begin,2,0
340.465,compaction_end,2,3361969
340.482,compaction_begin,3,0
340.701,compaction_end,3,43367079
340.712,compaction_begin,3,0
340.884,compaction_end,3,42992650
340.895,compaction_begin,3,0
341.064,compaction_end,3,43367078
341.074,compaction_begin,3,0
341.245,compaction_end,3,42754757
341.255,compaction_begin,3,0
341.428,compaction_end,3,43367078
341.438,compaction_begin,3,0
341.603,compaction_end,3,43367081
341.613,compaction_begin,3,0
341.779,compaction_end,3,43367077
341.789,compaction_begin,3,0
341.957,compaction_end,3,43367081
341.967,compaction_begin,3,0
342.128,compaction_end,3,43367078
342.138,compaction_begin,3,0
342.310,compaction_end,3,43367081
342.320,compaction_begin,3,0
342.482,compaction_end,3,42992649
342.490,compaction_begin,3,0
342.649,compaction_end,3,42906744
342.661,compaction_begin,3,0
342.840,compaction_end,3,43367081
342.850,compaction_begin,3,0
343.018,compaction_end,3,43367079
343.026,compaction_begin,3,0
343.192,compaction_end,3,43367079
343.204,compaction_begin,3,0
343.371,compaction_end,3,43367080
343.381,compaction_begin,3,0
343.546,compaction_end,3,43367081
343.557,compaction_begin,3,0
343.728,compaction_end,3,43367084
343.738,compaction_begin,3,0
343.897,compaction_end,3,43367081
343.907,compaction_begin,3,0
344.075,compaction_end,3,43367083
344.086,compaction_begin,3,0
344.243,compaction_end,3,41955153
344.253,compaction_begin,3,0
344.419,compaction_end,3,43367084
344.429,compaction_begin,3,0
344.602,compaction_end,3,45831451
344.612,compaction_begin,3,0
344.774,compaction_end,3,43367082
344.784,compaction_begin,3,0
344.955,compaction_end,3,43367078
344.965,compaction_begin,3,0
345.130,compaction_end,3,43367078
345.141,compaction_begin,3,0
345.300,compaction_end,3,43367083
345.310,compaction_begin,3,0
345.473,compaction_end,3,42856073
345.483,compaction_begin,3,0
345.584,flush_begin,0,0
345.594,flush_end,0,2744549
345.666,compaction_end,3,42618174
345.676,compaction_begin,2,0
345.975,compaction_end,2,3365503
345.993,compaction_begin,3,0
346.211,compaction_end,3,42992651
346.223,compaction_begin,3,0
346.395,compaction_end,3,43367081
346.405,compaction_begin,3,0
346.581,compaction_end,3,43367079
346.592,compaction_begin,3,0
346.763,compaction_end,3,43367080
346.773,compaction_begin,3,0
346.942,compaction_end,3,42992650
346.952,compaction_begin,3,0
347.124,compaction_end,3,43367081
347.134,compaction_begin,3,0
347.324,compaction_end,3,43367079
347.334,compaction_begin,3,0
347.509,compaction_end,3,43367080
347.519,compaction_begin,3,0
347.698,compaction_end,3,43367079
347.708,compaction_begin,3,0
347.882,compaction_end,3,43367084
347.892,compaction_begin,3,0
348.060,compaction_end,3,43367082
348.070,compaction_begin,3,0
348.237,compaction_end,3,43367083
348.247,compaction_begin,3,0
348.415,compaction_end,3,43367080
348.426,compaction_begin,3,0
348.603,compaction_end,3,43367079
348.615,compaction_begin,3,0
348.789,compaction_end,3,43367082
348.799,compaction_begin,3,0
348.980,compaction_end,3,43367080
348.990,compaction_begin,3,0
349.169,compaction_end,3,43367084
349.179,compaction_begin,3,0
349.360,compaction_end,3,43367078
349.371,compaction_begin,3,0
