t,type,level,bytes
-29.864,flush_begin,0,0
-29.854,flush_end,0,2686930
-29.844,flush_begin,0,0
-29.834,flush_end,0,2686931
-29.825,flush_begin,0,0
-29.815,flush_end,0,2686931
-29.806,flush_begin,0,0
-29.796,flush_end,0,2686931
-29.786,flush_begin,0,0
-29.776,flush_end,0,2686931
-29.767,flush_begin,0,0
-29.757,flush_end,0,2686930
-29.748,flush_begin,0,0
-29.738,flush_end,0,2686932
-29.728,flush_begin,0,0
-29.718,flush_end,0,2686930
-29.708,flush_begin,0,0
-29.698,flush_end,0,2686932
-29.689,flush_begin,0,0
-29.679,flush_end,0,2686930
-29.670,flush_begin,0,0
-29.660,flush_end,0,2686931
-29.650,flush_begin,0,0
-29.640,flush_end,0,2686931
-29.631,flush_begin,0,0
-29.621,flush_end,0,2686930
-29.612,flush_begin,0,0
-29.602,flush_end,0,2686932
-29.593,flush_begin,0,0
-29.580,flush_end,0,2686930
-29.570,flush_begin,0,0
-29.559,flush_end,0,2686931
-29.549,flush_begin,0,0
-29.538,flush_end,0,2686931
-29.529,flush_begin,0,0
-29.519,flush_end,0,2686931
-29.509,flush_begin,0,0
-29.499,flush_end,0,2686931
-29.490,flush_begin,0,0
-29.479,flush_end,0,2686931
-29.470,flush_begin,0,0
-29.459,flush_end,0,2686930
-29.450,flush_begin,0,0
-29.440,flush_end,0,2686933
-29.431,flush_begin,0,0
-29.421,flush_end,0,2686930
-29.412,flush_begin,0,0
-29.402,flush_end,0,2686932
-29.392,flush_begin,0,0
-29.382,flush_end,0,2686930
-29.372,flush_begin,0,0
-29.362,flush_end,0,2686930
-29.352,flush_begin,0,0
-29.342,flush_end,0,2686932
-29.332,flush_begin,0,0
-29.321,flush_end,0,2686930
-29.312,flush_begin,0,0
-29.302,flush_end,0,2686932
-29.293,flush_begin,0,0
-29.283,flush_end,0,2686930
-29.274,flush_begin,0,0
-29.263,flush_end,0,2686931
-29.253,flush_begin,0,0
-29.241,flush_end,0,2686931
-29.232,flush_begin,0,0
-29.221,flush_end,0,2686931
-29.211,flush_begin,0,0
-29.200,flush_end,0,2686931
-29.191,flush_begin,0,0
-29.180,flush_end,0,2686931
-29.170,flush_begin,0,0
-29.159,flush_end,0,2686930
-29.150,flush_begin,0,0
-29.139,flush_end,0,2686932
-29.129,flush_begin,0,0
-29.118,flush_end,0,2686930
-29.109,flush_begin,0,0
-29.098,flush_end,0,2686931
-29.089,flush_begin,0,0
-29.078,flush_end,0,2686931
-29.062,trivial_move,3,2686930
-29.061,flush_begin,0,0
-29.050,flush_end,0,2686930
-29.034,trivial_move,3,2686931
-29.032,flush_begin,0,0
-29.021,flush_end,0,2686932
-29.004,trivial_move,3,2686931
-29.004,flush_begin,0,0
-28.992,flush_end,0,2686930
-28.976,trivial_move,3,2686931
-28.975,flush_begin,0,0
-28.963,flush_end,0,2686933
-28.947,trivial_move,3,2686931
-28.946,flush_begin,0,0
-28.934,flush_end,0,2686930
-28.917,trivial_move,3,2686930
-28.916,flush_begin,0,0
-28.904,flush_end,0,2686931
-28.888,trivial_move,3,2686932
-28.886,flush_begin,0,0
-28.874,flush_end,0,2686931
-28.858,trivial_move,3,2686930
-28.856,flush_begin,0,0
-28.841,flush_end,0,2686931
-28.825,trivial_move,3,2686932
-28.823,flush_begin,0,0
-28.810,flush_end,0,2686931
-28.794,trivial_move,3,2686930
-28.791,flush_begin,0,0
-28.778,flush_end,0,2686930
-28.762,trivial_move,3,2686931
-28.760,flush_begin,0,0
-28.746,flush_end,0,2686930
-28.729,trivial_move,3,2686931
-28.727,flush_begin,0,0
-28.714,flush_end,0,2686931
-28.698,trivial_move,3,2686930
-28.696,flush_begin,0,0
-28.682,flush_end,0,2686931
-28.670,trivial_move,3,2686932
-28.669,flush_begin,0,0
-28.656,flush_end,0,2686931
-28.640,trivial_move,3,2686930
-28.639,flush_begin,0,0
-28.626,flush_end,0,2686931
-28.610,trivial_move,3,2686931
-28.607,flush_begin,0,0
-28.595,flush_end,0,2686930
-28.579,trivial_move,3,2686931
-28.576,flush_begin,0,0
-28.562,flush_end,0,2686932
-28.547,trivial_move,3,2686931
-28.545,flush_begin,0,0
-28.531,flush_end,0,2686930
-28.515,trivial_move,3,2686931
-28.512,flush_begin,0,0
-28.499,flush_end,0,2686932
-28.483,trivial_move,3,2686931
-28.480,flush_begin,0,0
-28.467,flush_end,0,2686930
-28.450,trivial_move,3,2686930
-28.449,flush_begin,0,0
-28.436,flush_end,0,2686931
-28.420,trivial_move,3,2686933
-28.418,flush_begin,0,0
-28.405,flush_end,0,2686931
-28.389,trivial_move,3,2686930
-28.387,flush_begin,0,0
-28.373,flush_end,0,2686930
-28.357,trivial_move,3,2686932
-28.355,flush_begin,0,0
-28.340,flush_end,0,2686932
-28.325,trivial_move,3,2686930
-28.323,flush_begin,0,0
-28.309,flush_end,0,2686930
-28.293,trivial_move,3,2686930
-28.290,flush_begin,0,0
-28.277,flush_end,0,2686932
-28.261,trivial_move,3,2686932
-28.259,flush_begin,0,0
-28.246,flush_end,0,2686931
-28.230,trivial_move,3,2686930
-28.227,flush_begin,0,0
-28.213,flush_end,0,2686931
-28.198,trivial_move,3,2686932
-28.196,flush_begin,0,0
-28.183,flush_end,0,2686931
-28.166,trivial_move,3,2686930
-28.164,flush_begin,0,0
-28.152,flush_end,0,2686931
-28.136,trivial_move,3,2686931
-28.134,flush_begin,0,0
-28.120,flush_end,0,2686930
-28.104,trivial_move,3,2686931
-28.101,flush_begin,0,0
-28.087,flush_end,0,2686932
-28.070,trivial_move,3,2686931
-28.068,flush_begin,0,0
-28.055,flush_end,0,2686930
-28.039,trivial_move,3,2686931
-28.036,flush_begin,0,0
-28.023,flush_end,0,2686932
-28.007,trivial_move,3,2686931
-28.005,flush_begin,0,0
-27.992,flush_end,0,2686930
-27.976,trivial_move,3,2686930
-27.974,flush_begin,0,0
-27.961,flush_end,0,2686930
-27.945,trivial_move,3,2686932
-27.943,flush_begin,0,0
-27.930,flush_end,0,2686932
-27.914,trivial_move,3,2686930
-27.911,flush_begin,0,0
-27.898,flush_end,0,2686930
-27.882,trivial_move,3,2686931
-27.879,flush_begin,0,0
-27.866,flush_end,0,2686932
-27.850,trivial_move,3,2686931
-27.847,flush_begin,0,0
-27.834,flush_end,0,2686930
-27.818,trivial_move,3,2686930
-27.815,flush_begin,0,0
-27.801,flush_end,0,2686931
-27.785,trivial_move,3,2686932
-27.782,flush_begin,0,0
-27.769,flush_end,0,2686931
-27.753,trivial_move,3,2686930
-27.750,flush_begin,0,0
-27.735,flush_end,0,2686931
-27.719,trivial_move,3,2686933
-27.717,flush_begin,0,0
-27.702,flush_end,0,2686931
-27.685,trivial_move,3,2686930
-27.683,flush_begin,0,0
-27.670,flush_end,0,2686931
-27.654,trivial_move,3,2686931
-27.652,flush_begin,0,0
-27.639,flush_end,0,2686930
-27.623,trivial_move,3,2686931
-27.621,flush_begin,0,0
-27.607,flush_end,0,2686933
-27.590,trivial_move,3,2686931
-27.588,flush_begin,0,0
-27.574,flush_end,0,2686930
-27.558,trivial_move,3,2686931
-27.555,flush_begin,0,0
-27.541,flush_end,0,2686931
-27.525,trivial_move,3,2686930
-27.523,flush_begin,0,0
-27.510,flush_end,0,2686931
-27.494,trivial_move,3,2686930
-27.492,flush_begin,0,0
-27.480,flush_end,0,2686930
-27.464,trivial_move,3,2686931
-27.462,flush_begin,0,0
-27.449,flush_end,0,2686932
-27.433,trivial_move,3,2686931
-27.431,flush_begin,0,0
-27.418,flush_end,0,2686930
-27.402,trivial_move,3,2686931
-27.400,flush_begin,0,0
-27.386,flush_end,0,2686932
-27.370,trivial_move,3,2686931
-27.368,flush_begin,0,0
-27.354,flush_end,0,2686930
-27.338,trivial_move,3,2686930
-27.336,flush_begin,0,0
-27.321,flush_end,0,2686931
-27.305,trivial_move,3,2686932
-27.303,flush_begin,0,0
-27.287,flush_end,0,2686931
-27.271,trivial_move,3,2686930
-27.268,flush_begin,0,0
-27.254,flush_end,0,2686931
-27.239,trivial_move,3,2686932
-27.236,flush_begin,0,0
-27.222,flush_end,0,2686931
-27.206,trivial_move,3,2686930
-27.204,flush_begin,0,0
-27.190,flush_end,0,2686930
-27.174,trivial_move,3,2686931
-27.172,flush_begin,0,0
-27.157,flush_end,0,2686930
-27.141,trivial_move,3,2686931
-27.138,flush_begin,0,0
-27.123,flush_end,0,2686931
-27.108,trivial_move,3,2686930
-27.106,flush_begin,0,0
-27.090,flush_end,0,2686931
-27.075,trivial_move,3,2686932
-27.072,flush_begin,0,0
-27.057,flush_end,0,2686931
-27.041,trivial_move,3,2686930
-27.039,flush_begin,0,0
-27.023,flush_end,0,2686931
-27.008,trivial_move,3,2686932
-27.005,flush_begin,0,0
-26.989,flush_end,0,2686930
-26.974,trivial_move,3,2686931
-26.972,flush_begin,0,0
-26.956,flush_end,0,2686932
-26.941,trivial_move,3,2686931
-26.939,flush_begin,0,0
-26.923,flush_end,0,2686930
-26.908,trivial_move,3,2686931
-26.905,flush_begin,0,0
-26.891,flush_end,0,2686933
-26.876,trivial_move,3,2686931
-26.874,flush_begin,0,0
-26.859,flush_end,0,2686930
-26.844,trivial_move,3,2686930
-26.841,flush_begin,0,0
-26.826,flush_end,0,2686931
-26.811,trivial_move,3,2686932
-26.809,flush_begin,0,0
-26.793,flush_end,0,2686931
-26.778,trivial_move,3,2686930
-26.776,flush_begin,0,0
-26.760,flush_end,0,2686930
-26.744,trivial_move,3,2686932
-26.741,flush_begin,0,0
-26.727,flush_end,0,2686932
-26.711,trivial_move,3,2686930
-26.709,flush_begin,0,0
-26.694,flush_end,0,2686930
-26.678,trivial_move,3,2686930
-26.675,flush_begin,0,0
-26.661,flush_end,0,2686931
-26.645,trivial_move,3,2686932
-26.643,flush_begin,0,0
-26.629,flush_end,0,2686931
-26.613,trivial_move,3,2686930
-26.611,flush_begin,0,0
-26.598,flush_end,0,2686931
-26.582,trivial_move,3,2686932
-26.579,flush_begin,0,0
-26.564,flush_end,0,2686931
-26.549,trivial_move,3,2686930
-26.546,flush_begin,0,0
-26.533,flush_end,0,2686931
-26.516,trivial_move,3,2686931
-26.513,flush_begin,0,0
-26.499,flush_end,0,2686930
-26.484,trivial_move,3,2686931
-26.481,flush_begin,0,0
-26.468,flush_end,0,2686932
-26.452,trivial_move,3,2686931
-26.450,flush_begin,0,0
-26.438,flush_end,0,2686930
-26.422,trivial_move,3,2686931
-26.421,flush_begin,0,0
-26.408,flush_end,0,2686932
-26.392,trivial_move,3,2686931
-26.390,flush_begin,0,0
-26.377,flush_end,0,2686930
-26.362,trivial_move,3,2686930
-26.360,flush_begin,0,0
-26.347,flush_end,0,2686930
-26.331,trivial_move,3,2686933
-26.329,flush_begin,0,0
-26.316,flush_end,0,2686932
-26.300,trivial_move,3,2686930
-26.298,flush_begin,0,0
-26.285,flush_end,0,2686930
-26.269,trivial_move,3,2686931
-26.267,flush_begin,0,0
-26.253,flush_end,0,2686932
-26.238,trivial_move,3,2686931
-26.236,flush_begin,0,0
-26.222,flush_end,0,2686930
-26.206,trivial_move,3,2686930
-26.203,flush_begin,0,0
-26.190,flush_end,0,2686932
-26.174,trivial_move,3,2686932
-26.172,flush_begin,0,0
-26.159,flush_end,0,2686931
-26.143,trivial_move,3,2686930
-26.140,flush_begin,0,0
-26.126,flush_end,0,2686931
-26.111,trivial_move,3,2686932
-26.109,flush_begin,0,0
-26.095,flush_end,0,2686931
-26.079,trivial_move,3,2686930
-26.078,flush_begin,0,0
-26.064,flush_end,0,2686931
-26.048,trivial_move,3,2686931
-26.046,flush_begin,0,0
-26.033,flush_end,0,2686930
-26.017,trivial_move,3,2686931
-26.015,flush_begin,0,0
-26.002,flush_end,0,2686932
-25.986,trivial_move,3,2686931
-25.984,flush_begin,0,0
-25.971,flush_end,0,2686930
-25.955,trivial_move,3,2686931
-25.953,flush_begin,0,0
-25.939,flush_end,0,2686931
-25.923,trivial_move,3,2686930
-25.921,flush_begin,0,0
-25.908,flush_end,0,2686931
-25.892,trivial_move,3,2686930
-25.890,flush_begin,0,0
-25.876,flush_end,0,2686930
-25.860,trivial_move,3,2686931
-25.858,flush_begin,0,0
-25.843,flush_end,0,2686932
-25.828,trivial_move,3,2686931
-25.825,flush_begin,0,0
-25.812,flush_end,0,2686930
-25.796,trivial_move,3,2686931
-25.793,flush_begin,0,0
-25.780,flush_end,0,2686932
-25.764,trivial_move,3,2686931
-25.762,flush_begin,0,0
-25.748,flush_end,0,2686930
-25.732,trivial_move,3,2686930
-25.729,flush_begin,0,0
-25.716,flush_end,0,2686931
-25.700,trivial_move,3,2686932
-25.698,flush_begin,0,0
-25.684,flush_end,0,2686931
-25.668,trivial_move,3,2686930
-25.665,flush_begin,0,0
-25.653,flush_end,0,2686931
-25.637,trivial_move,3,2686933
-25.635,flush_begin,0,0
-25.622,flush_end,0,2686931
-25.606,trivial_move,3,2686930
-25.603,flush_begin,0,0
-25.590,flush_end,0,2686930
-25.574,trivial_move,3,2686931
-25.572,flush_begin,0,0
-25.558,flush_end,0,2686930
-25.541,trivial_move,3,2686931
-25.539,flush_begin,0,0
-25.525,flush_end,0,2686931
-25.509,trivial_move,3,2686930
-25.507,flush_begin,0,0
-25.492,flush_end,0,2686932
-25.476,trivial_move,3,2686932
-25.473,flush_begin,0,0
-25.460,flush_end,0,2686931
-25.444,trivial_move,3,2686930
-25.442,flush_begin,0,0
-25.429,flush_end,0,2686931
-25.413,trivial_move,3,2686931
-25.411,flush_begin,0,0
-25.397,flush_end,0,2686930
-25.382,trivial_move,3,2686931
-25.380,flush_begin,0,0
-25.367,flush_end,0,2686932
-25.351,trivial_move,3,2686931
-25.349,flush_begin,0,0
-25.336,flush_end,0,2686930
-25.319,trivial_move,3,2686931
-25.318,flush_begin,0,0
-25.304,flush_end,0,2686932
-25.288,trivial_move,3,2686931
-25.286,flush_begin,0,0
-25.271,flush_end,0,2686930
-25.256,trivial_move,3,2686930
-25.254,flush_begin,0,0
-25.239,flush_end,0,2686931
-25.223,trivial_move,3,2686932
-25.221,flush_begin,0,0
-25.206,flush_end,0,2686931
-25.191,trivial_move,3,2686930
-25.188,flush_begin,0,0
-25.174,flush_end,0,2686930
-25.159,trivial_move,3,2686932
-25.157,flush_begin,0,0
-25.142,flush_end,0,2686932
-25.126,trivial_move,3,2686930
-25.124,flush_begin,0,0
-25.109,flush_end,0,2686930
-25.089,trivial_move,3,2686930
-25.087,flush_begin,0,0
-25.072,flush_end,0,2686931
-25.058,trivial_move,3,2686932
-25.056,flush_begin,0,0
-25.043,flush_end,0,2686931
-25.026,trivial_move,3,2686930
-25.025,flush_begin,0,0
-25.012,flush_end,0,2686931
-24.996,trivial_move,3,2686932
-24.993,flush_begin,0,0
-24.979,flush_end,0,2686931
-24.964,trivial_move,3,2686930
-24.962,flush_begin,0,0
-24.947,flush_end,0,2686931
-24.931,trivial_move,3,2686932
-24.929,flush_begin,0,0
-24.914,flush_end,0,2686930
-24.898,trivial_move,3,2686931
-24.896,flush_begin,0,0
-24.883,flush_end,0,2686932
-24.867,trivial_move,3,2686931
-24.865,flush_begin,0,0
-24.851,flush_end,0,2686930
-24.834,trivial_move,3,2686931
-24.832,flush_begin,0,0
-24.818,flush_end,0,2686933
-24.802,trivial_move,3,2686931
-24.799,flush_begin,0,0
-24.785,flush_end,0,2686930
-24.769,trivial_move,3,2686930
-24.767,flush_begin,0,0
-24.752,flush_end,0,2686930
-24.735,trivial_move,3,2686932
-24.734,flush_begin,0,0
-24.720,flush_end,0,2686932
-24.705,trivial_move,3,2686930
-24.703,flush_begin,0,0
-24.689,flush_end,0,2686930
-24.674,trivial_move,3,2686931
-24.672,flush_begin,0,0
-24.657,flush_end,0,2686932
-24.642,trivial_move,3,2686931
-24.640,flush_begin,0,0
-24.625,flush_end,0,2686930
-24.610,trivial_move,3,2686930
-24.607,flush_begin,0,0
-24.592,flush_end,0,2686931
-24.577,trivial_move,3,2686932
-24.574,flush_begin,0,0
-24.560,flush_end,0,2686931
-24.543,trivial_move,3,2686930
-24.540,flush_begin,0,0
-24.525,flush_end,0,2686931
-24.510,trivial_move,3,2686932
-24.508,flush_begin,0,0
-24.492,flush_end,0,2686931
-24.477,trivial_move,3,2686930
-24.474,flush_begin,0,0
-24.460,flush_end,0,2686931
-24.444,trivial_move,3,2686931
-24.442,flush_begin,0,0
-24.428,flush_end,0,2686930
-24.413,trivial_move,3,2686931
-24.411,flush_begin,0,0
-24.398,flush_end,0,2686932
-24.382,trivial_move,3,2686931
-24.380,flush_begin,0,0
-24.366,flush_end,0,2686930
-24.349,trivial_move,3,2686931
-24.348,flush_begin,0,0
-24.333,flush_end,0,2686931
-24.317,trivial_move,3,2686930
-24.314,flush_begin,0,0
-24.299,flush_end,0,2686931
-24.284,trivial_move,3,2686930
-24.282,flush_begin,0,0
-24.267,flush_end,0,2686930
-24.250,trivial_move,3,2686931
-24.249,flush_begin,0,0
-24.234,flush_end,0,2686932
-24.219,trivial_move,3,2686932
-24.217,flush_begin,0,0
-24.203,flush_end,0,2686930
-24.188,trivial_move,3,2686931
-24.186,flush_begin,0,0
-24.172,flush_end,0,2686932
-24.157,trivial_move,3,2686931
-24.155,flush_begin,0,0
-24.141,flush_end,0,2686930
-24.125,trivial_move,3,2686930
-24.123,flush_begin,0,0
-24.111,flush_end,0,2686932
-24.095,trivial_move,3,2686932
-24.093,flush_begin,0,0
-24.080,flush_end,0,2686931
-24.063,trivial_move,3,2686930
-24.062,flush_begin,0,0
-24.049,flush_end,0,2686931
-24.033,trivial_move,3,2686932
-24.032,flush_begin,0,0
-24.018,flush_end,0,2686931
-24.003,trivial_move,3,2686930
-24.001,flush_begin,0,0
-23.986,flush_end,0,2686930
-23.971,trivial_move,3,2686931
-23.970,flush_begin,0,0
-23.956,flush_end,0,2686930
-23.940,trivial_move,3,2686931
-23.938,flush_begin,0,0
-23.924,flush_end,0,2686931
-23.909,trivial_move,3,2686930
-23.907,flush_begin,0,0
-23.892,flush_end,0,2686931
-23.876,trivial_move,3,2686932
-23.874,flush_begin,0,0
-23.860,flush_end,0,2686931
-23.842,trivial_move,3,2686930
-23.840,flush_begin,0,0
-23.825,flush_end,0,2686931
-23.809,trivial_move,3,2686931
-23.806,flush_begin,0,0
-23.792,flush_end,0,2686930
-23.777,trivial_move,3,2686931
-23.775,flush_begin,0,0
-23.758,flush_end,0,2686932
-23.741,trivial_move,3,2686931
-23.740,flush_begin,0,0
-23.724,flush_end,0,2686930
-23.709,trivial_move,3,2686931
-23.707,flush_begin,0,0
-23.692,flush_end,0,2686932
-23.676,trivial_move,3,2686931
-23.674,flush_begin,0,0
-23.659,flush_end,0,2686930
-23.643,trivial_move,3,2686930
-23.642,flush_begin,0,0
-23.625,flush_end,0,2686931
-23.605,trivial_move,3,2686932
-23.602,flush_begin,0,0
-23.588,flush_end,0,2686931
-23.572,trivial_move,3,2686930
-23.569,flush_begin,0,0
-23.554,flush_end,0,2686930
-23.539,trivial_move,3,2686933
-23.535,flush_begin,0,0
-23.520,flush_end,0,2686932
-23.504,trivial_move,3,2686930
-23.501,flush_begin,0,0
-23.486,flush_end,0,2686930
-23.471,trivial_move,3,2686930
-23.468,flush_begin,0,0
-23.453,flush_end,0,2686931
-23.438,trivial_move,3,2686932
-23.436,flush_begin,0,0
-23.422,flush_end,0,2686931
-23.407,trivial_move,3,2686930
-23.405,flush_begin,0,0
-23.391,flush_end,0,2686933
-23.376,trivial_move,3,2686932
-23.374,flush_begin,0,0
-23.361,flush_end,0,2686931
-23.346,trivial_move,3,2686930
-23.344,flush_begin,0,0
-23.329,flush_end,0,2686931
-23.313,trivial_move,3,2686931
-23.311,flush_begin,0,0
-23.297,flush_end,0,2686930
-23.281,trivial_move,3,2686931
-23.279,flush_begin,0,0
-23.264,flush_end,0,2686932
-23.249,trivial_move,3,2686931
-23.246,flush_begin,0,0
-23.231,flush_end,0,2686930
-23.215,trivial_move,3,2686931
-23.213,flush_begin,0,0
-23.197,flush_end,0,2686932
-23.182,trivial_move,3,2686931
-23.180,flush_begin,0,0
-23.165,flush_end,0,2686930
-23.147,trivial_move,3,2686930
-23.145,flush_begin,0,0
-23.130,flush_end,0,2686930
-23.113,trivial_move,3,2686932
-23.111,flush_begin,0,0
-23.096,flush_end,0,2686932
-23.083,trivial_move,3,2686930
-23.081,flush_begin,0,0
-23.067,flush_end,0,2686930
-23.051,trivial_move,3,2686931
-23.049,flush_begin,0,0
-23.036,flush_end,0,2686932
-23.019,trivial_move,3,2686931
-23.017,flush_begin,0,0
-23.003,flush_end,0,2686930
-22.988,trivial_move,3,2686930
-22.985,flush_begin,0,0
-22.972,flush_end,0,2686931
-22.955,trivial_move,3,2686932
-22.953,flush_begin,0,0
-22.939,flush_end,0,2686931
-22.924,trivial_move,3,2686930
-22.922,flush_begin,0,0
-22.908,flush_end,0,2686931
-22.892,trivial_move,3,2686932
-22.891,flush_begin,0,0
-22.881,flush_end,0,2686931
-22.864,trivial_move,3,2686930
-22.864,flush_begin,0,0
-22.854,flush_end,0,2686931
-22.837,trivial_move,3,2686932
-22.837,flush_begin,0,0
-22.826,flush_end,0,2686930
-22.810,trivial_move,3,2686931
-22.809,flush_begin,0,0
-22.798,flush_end,0,2686932
-22.782,trivial_move,3,2686931
-22.781,flush_begin,0,0
-22.769,flush_end,0,2686930
-22.753,trivial_move,3,2686931
-22.751,flush_begin,0,0
-22.739,flush_end,0,2686931
-22.723,trivial_move,3,2686930
-22.721,flush_begin,0,0
-22.709,flush_end,0,2686932
-22.692,trivial_move,3,2686930
-22.691,flush_begin,0,0
-22.678,flush_end,0,2686930
-22.661,trivial_move,3,2686931
-22.659,flush_begin,0,0
-22.647,flush_end,0,2686932
-22.630,trivial_move,3,2686931
-22.628,flush_begin,0,0
-22.616,flush_end,0,2686930
-22.599,trivial_move,3,2686931
-22.597,flush_begin,0,0
-22.584,flush_end,0,2686932
-22.566,trivial_move,3,2686931
-22.564,flush_begin,0,0
-22.550,flush_end,0,2686930
-22.534,trivial_move,3,2686930
-22.532,flush_begin,0,0
-22.518,flush_end,0,2686931
-22.501,trivial_move,3,2686932
-22.499,flush_begin,0,0
-22.486,flush_end,0,2686931
-22.470,trivial_move,3,2686930
-22.468,flush_begin,0,0
-22.454,flush_end,0,2686931
-22.437,trivial_move,3,2686932
-22.435,flush_begin,0,0
-22.420,flush_end,0,2686931
-22.404,trivial_move,3,2686930
-22.402,flush_begin,0,0
-22.387,flush_end,0,2686930
-22.371,trivial_move,3,2686931
-22.368,flush_begin,0,0
-22.353,flush_end,0,2686930
-22.337,trivial_move,3,2686931
-22.334,flush_begin,0,0
-22.320,flush_end,0,2686931
-22.303,trivial_move,3,2686930
-22.301,flush_begin,0,0
-22.285,flush_end,0,2686931
-22.269,trivial_move,3,2686932
-22.266,flush_begin,0,0
-22.251,flush_end,0,2686931
-22.236,trivial_move,3,2686930
-22.233,flush_begin,0,0
-22.218,flush_end,0,2686931
-22.202,trivial_move,3,2686931
-22.201,flush_begin,0,0
-22.185,flush_end,0,2686930
-22.170,trivial_move,3,2686931
-22.167,flush_begin,0,0
-22.152,flush_end,0,2686932
-22.137,trivial_move,3,2686933
-22.134,flush_begin,0,0
-22.119,flush_end,0,2686930
-22.103,trivial_move,3,2686931
-22.101,flush_begin,0,0
-22.085,flush_end,0,2686932
-22.070,trivial_move,3,2686931
-22.068,flush_begin,0,0
-22.054,flush_end,0,2686930
-22.036,trivial_move,3,2686930
-22.034,flush_begin,0,0
-22.017,flush_end,0,2686932
-22.001,trivial_move,3,2686932
-22.000,flush_begin,0,0
-21.985,flush_end,0,2686931
-21.969,trivial_move,3,2686930
-21.966,flush_begin,0,0
-21.952,flush_end,0,2686930
-21.936,trivial_move,3,2686932
-21.933,flush_begin,0,0
-21.918,flush_end,0,2686932
-21.903,trivial_move,3,2686930
-21.900,flush_begin,0,0
-21.885,flush_end,0,2686930
-21.869,trivial_move,3,2686930
-21.866,flush_begin,0,0
-21.851,flush_end,0,2686931
-21.836,trivial_move,3,2686932
-21.833,flush_begin,0,0
-21.817,flush_end,0,2686931
-21.801,trivial_move,3,2686930
-21.798,flush_begin,0,0
-21.783,flush_end,0,2686931
-21.768,trivial_move,3,2686932
-21.766,flush_begin,0,0
-21.752,flush_end,0,2686931
-21.736,trivial_move,3,2686930
-21.734,flush_begin,0,0
-21.719,flush_end,0,2686931
-21.704,trivial_move,3,2686931
-21.701,flush_begin,0,0
-21.686,flush_end,0,2686930
-21.671,trivial_move,3,2686931
-21.668,flush_begin,0,0
-21.652,flush_end,0,2686932
-21.636,trivial_move,3,2686931
-21.635,flush_begin,0,0
-21.619,flush_end,0,2686930
-21.604,trivial_move,3,2686931
-21.601,flush_begin,0,0
-21.586,flush_end,0,2686932
-21.571,trivial_move,3,2686931
-21.569,flush_begin,0,0
-21.555,flush_end,0,2686930
-21.538,trivial_move,3,2686930
-21.537,flush_begin,0,0
-21.520,flush_end,0,2686930
-21.505,trivial_move,3,2686932
-21.502,flush_begin,0,0
-21.487,flush_end,0,2686932
-21.471,trivial_move,3,2686930
-21.468,flush_begin,0,0
-21.453,flush_end,0,2686930
-21.437,trivial_move,3,2686931
-21.436,flush_begin,0,0
-21.420,flush_end,0,2686932
-21.405,trivial_move,3,2686932
-21.403,flush_begin,0,0
-21.389,flush_end,0,2686930
-21.373,trivial_move,3,2686930
-21.371,flush_begin,0,0
-21.357,flush_end,0,2686931
-21.341,trivial_move,3,2686932
-21.339,flush_begin,0,0
-21.325,flush_end,0,2686931
-21.309,trivial_move,3,2686930
-21.305,flush_begin,0,0
-21.290,flush_end,0,2686932
-21.274,trivial_move,3,2686932
-21.272,flush_begin,0,0
-21.257,flush_end,0,2686931
-21.240,trivial_move,3,2686930
-21.238,flush_begin,0,0
-21.223,flush_end,0,2686931
-21.208,trivial_move,3,2686931
-21.206,flush_begin,0,0
-21.191,flush_end,0,2686930
-21.176,trivial_move,3,2686931
-21.174,flush_begin,0,0
-21.159,flush_end,0,2686932
-21.143,trivial_move,3,2686931
-21.142,flush_begin,0,0
-21.128,flush_end,0,2686930
-21.112,trivial_move,3,2686931
-21.110,flush_begin,0,0
-21.097,flush_end,0,2686931
-21.081,trivial_move,3,2686930
-21.079,flush_begin,0,0
-21.065,flush_end,0,2686931
-21.049,trivial_move,3,2686930
-21.046,flush_begin,0,0
-21.033,flush_end,0,2686930
-21.016,trivial_move,3,2686931
-21.014,flush_begin,0,0
-21.001,flush_end,0,2686932
-20.985,trivial_move,3,2686931
-20.982,flush_begin,0,0
-20.969,flush_end,0,2686930
-20.952,trivial_move,3,2686931
-20.950,flush_begin,0,0
-20.936,flush_end,0,2686932
-20.921,trivial_move,3,2686931
-20.918,flush_begin,0,0
-20.904,flush_end,0,2686930
-20.889,trivial_move,3,2686930
-20.886,flush_begin,0,0
-20.873,flush_end,0,2686931
-20.856,trivial_move,3,2686932
-20.856,flush_begin,0,0
-20.843,flush_end,0,2686931
-20.827,trivial_move,3,2686930
-20.825,flush_begin,0,0
-20.812,flush_end,0,2686931
-20.797,trivial_move,3,2686932
-20.795,flush_begin,0,0
-20.783,flush_end,0,2686931
-20.767,trivial_move,3,2686930
-20.765,flush_begin,0,0
-20.751,flush_end,0,2686930
-20.735,trivial_move,3,2686932
-20.733,flush_begin,0,0
-20.718,flush_end,0,2686930
-20.703,trivial_move,3,2686931
-20.701,flush_begin,0,0
-20.687,flush_end,0,2686931
-20.670,trivial_move,3,2686930
-20.668,flush_begin,0,0
-20.654,flush_end,0,2686931
-20.638,trivial_move,3,2686932
-20.635,flush_begin,0,0
-20.620,flush_end,0,2686931
-20.605,trivial_move,3,2686930
-20.602,flush_begin,0,0
-20.589,flush_end,0,2686932
-20.572,trivial_move,3,2686931
-20.570,flush_begin,0,0
-20.557,flush_end,0,2686930
-20.542,trivial_move,3,2686931
-20.540,flush_begin,0,0
-20.525,flush_end,0,2686932
-20.510,trivial_move,3,2686931
-20.508,flush_begin,0,0
-20.495,flush_end,0,2686930
-20.478,trivial_move,3,2686931
-20.477,flush_begin,0,0
-20.462,flush_end,0,2686932
-20.447,trivial_move,3,2686931
-20.444,flush_begin,0,0
-20.430,flush_end,0,2686930
-20.415,trivial_move,3,2686930
-20.413,flush_begin,0,0
-20.398,flush_end,0,2686931
-20.382,trivial_move,3,2686932
-20.380,flush_begin,0,0
-20.365,flush_end,0,2686931
-20.350,trivial_move,3,2686930
-20.348,flush_begin,0,0
-20.334,flush_end,0,2686930
-20.318,trivial_move,3,2686932
-20.315,flush_begin,0,0
-20.301,flush_end,0,2686932
-20.285,trivial_move,3,2686930
-20.283,flush_begin,0,0
-20.269,flush_end,0,2686930
-20.253,trivial_move,3,2686930
-20.251,flush_begin,0,0
-20.237,flush_end,0,2686931
-20.222,trivial_move,3,2686932
-20.221,flush_begin,0,0
-20.208,flush_end,0,2686931
-20.192,trivial_move,3,2686930
-20.190,flush_begin,0,0
-20.177,flush_end,0,2686931
-20.160,trivial_move,3,2686932
-20.158,flush_begin,0,0
-20.143,flush_end,0,2686931
-20.128,trivial_move,3,2686930
-20.126,flush_begin,0,0
-20.112,flush_end,0,2686931
-20.097,trivial_move,3,2686931
-20.095,flush_begin,0,0
-20.079,flush_end,0,2686930
-20.064,trivial_move,3,2686931
-20.062,flush_begin,0,0
-20.048,flush_end,0,2686932
-20.032,trivial_move,3,2686932
-20.030,flush_begin,0,0
-20.016,flush_end,0,2686930
-20.000,trivial_move,3,2686931
-19.998,flush_begin,0,0
-19.984,flush_end,0,2686932
-19.968,trivial_move,3,2686931
-19.966,flush_begin,0,0
-19.953,flush_end,0,2686930
-19.936,trivial_move,3,2686930
-19.934,flush_begin,0,0
-19.919,flush_end,0,2686930
-19.904,trivial_move,3,2686932
-19.902,flush_begin,0,0
-19.887,flush_end,0,2686933
-19.872,trivial_move,3,2686930
-19.870,flush_begin,0,0
-19.855,flush_end,0,2686930
-19.840,trivial_move,3,2686931
-19.837,flush_begin,0,0
-19.822,flush_end,0,2686932
-19.807,trivial_move,3,2686931
-19.804,flush_begin,0,0
-19.788,flush_end,0,2686930
-19.773,trivial_move,3,2686930
-19.770,flush_begin,0,0
-19.754,flush_end,0,2686931
-19.739,trivial_move,3,2686932
-19.737,flush_begin,0,0
-19.721,flush_end,0,2686931
-19.705,trivial_move,3,2686930
-19.702,flush_begin,0,0
-19.686,flush_end,0,2686931
-19.671,trivial_move,3,2686932
-19.668,flush_begin,0,0
-19.653,flush_end,0,2686931
-19.638,trivial_move,3,2686930
-19.635,flush_begin,0,0
-19.620,flush_end,0,2686931
-19.604,trivial_move,3,2686931
-19.601,flush_begin,0,0
-19.586,flush_end,0,2686930
-19.571,trivial_move,3,2686931
-19.568,flush_begin,0,0
-19.552,flush_end,0,2686932
-19.537,trivial_move,3,2686931
-19.534,flush_begin,0,0
-19.519,flush_end,0,2686930
-19.504,trivial_move,3,2686931
-19.501,flush_begin,0,0
-19.487,flush_end,0,2686931
-19.471,trivial_move,3,2686930
-19.468,flush_begin,0,0
-19.453,flush_end,0,2686931
-19.437,trivial_move,3,2686930
-19.434,flush_begin,0,0
-19.420,flush_end,0,2686930
-19.405,trivial_move,3,2686931
-19.403,flush_begin,0,0
-19.388,flush_end,0,2686932
-19.373,trivial_move,3,2686931
-19.370,flush_begin,0,0
-19.355,flush_end,0,2686930
-19.340,trivial_move,3,2686931
-19.337,flush_begin,0,0
-19.322,flush_end,0,2686932
-19.307,trivial_move,3,2686932
-19.304,flush_begin,0,0
-19.289,flush_end,0,2686930
-19.274,trivial_move,3,2686930
-19.271,flush_begin,0,0
-19.257,flush_end,0,2686931
-19.241,trivial_move,3,2686932
-19.238,flush_begin,0,0
-19.223,flush_end,0,2686931
-19.208,trivial_move,3,2686930
-19.205,flush_begin,0,0
-19.191,flush_end,0,2686932
-19.175,trivial_move,3,2686932
-19.172,flush_begin,0,0
-19.159,flush_end,0,2686931
-19.143,trivial_move,3,2686930
-19.140,flush_begin,0,0
-19.127,flush_end,0,2686930
-19.111,trivial_move,3,2686931
-19.109,flush_begin,0,0
-19.095,flush_end,0,2686930
-19.079,trivial_move,3,2686931
-19.077,flush_begin,0,0
-19.062,flush_end,0,2686931
-19.047,trivial_move,3,2686930
-19.045,flush_begin,0,0
-19.032,flush_end,0,2686931
-19.016,trivial_move,3,2686932
-19.014,flush_begin,0,0
-19.002,flush_end,0,2686931
-18.986,trivial_move,3,2686930
-18.985,flush_begin,0,0
-18.972,flush_end,0,2686931
-18.956,trivial_move,3,2686931
-18.954,flush_begin,0,0
-18.941,flush_end,0,2686930
-18.919,trivial_move,3,2686931
-18.917,flush_begin,0,0
-18.898,flush_end,0,2686932
-18.879,trivial_move,3,2686931
-18.879,flush_begin,0,0
-18.863,flush_end,0,2686930
-18.845,trivial_move,3,2686931
-18.845,flush_begin,0,0
-18.829,flush_end,0,2686932
-18.811,trivial_move,3,2686931
-18.811,flush_begin,0,0
-18.794,flush_end,0,2686930
-18.776,trivial_move,3,2686930
-18.775,flush_begin,0,0
-18.754,flush_end,0,2686931
-18.733,trivial_move,3,2686932
-18.733,flush_begin,0,0
-18.716,flush_end,0,2686931
-18.696,trivial_move,3,2686930
-18.696,flush_begin,0,0
-18.677,flush_end,0,2686930
-18.658,trivial_move,3,2686932
-18.658,flush_begin,0,0
-18.641,flush_end,0,2686932
-18.624,trivial_move,3,2686930
-18.624,flush_begin,0,0
-18.603,flush_end,0,2686930
-18.587,trivial_move,3,2686930
-18.585,flush_begin,0,0
-18.568,flush_end,0,2686931
-18.546,trivial_move,3,2686933
-18.546,flush_begin,0,0
-18.530,flush_end,0,2686931
-18.513,trivial_move,3,2686930
-18.512,flush_begin,0,0
-18.497,flush_end,0,2686931
-18.479,trivial_move,3,2686932
-18.476,flush_begin,0,0
-18.460,flush_end,0,2686931
-18.443,trivial_move,3,2686930
-18.442,flush_begin,0,0
-18.426,flush_end,0,2686932
-18.409,trivial_move,3,2686931
-18.407,flush_begin,0,0
-18.391,flush_end,0,2686930
-18.374,trivial_move,3,2686931
-18.373,flush_begin,0,0
-18.357,flush_end,0,2686932
-18.341,trivial_move,3,2686931
-18.339,flush_begin,0,0
-18.324,flush_end,0,2686930
-18.309,trivial_move,3,2686931
-18.307,flush_begin,0,0
-18.293,flush_end,0,2686932
-18.277,trivial_move,3,2686931
-18.275,flush_begin,0,0
-18.260,flush_end,0,2686930
-18.245,trivial_move,3,2686930
-18.243,flush_begin,0,0
-18.228,flush_end,0,2686930
-18.213,trivial_move,3,2686932
-18.210,flush_begin,0,0
-18.196,flush_end,0,2686932
-18.181,trivial_move,3,2686930
-18.179,flush_begin,0,0
-18.164,flush_end,0,2686930
-18.148,trivial_move,3,2686931
-18.146,flush_begin,0,0
-18.130,flush_end,0,2686932
-18.115,trivial_move,3,2686931
-18.112,flush_begin,0,0
-18.097,flush_end,0,2686930
-18.082,trivial_move,3,2686930
-18.079,flush_begin,0,0
-18.062,flush_end,0,2686931
-18.048,trivial_move,3,2686932
-18.045,flush_begin,0,0
-18.030,flush_end,0,2686931
-18.015,trivial_move,3,2686930
-18.012,flush_begin,0,0
-17.998,flush_end,0,2686931
-17.983,trivial_move,3,2686932
-17.981,flush_begin,0,0
-17.966,flush_end,0,2686931
-17.951,trivial_move,3,2686930
-17.949,flush_begin,0,0
-17.934,flush_end,0,2686931
-17.919,trivial_move,3,2686931
-17.917,flush_begin,0,0
-17.903,flush_end,0,2686930
-17.888,trivial_move,3,2686931
-17.886,flush_begin,0,0
-17.871,flush_end,0,2686932
-17.855,trivial_move,3,2686932
-17.853,flush_begin,0,0
-17.838,flush_end,0,2686930
-17.823,trivial_move,3,2686931
-17.821,flush_begin,0,0
-17.805,flush_end,0,2686931
-17.789,trivial_move,3,2686930
-17.786,flush_begin,0,0
-17.769,flush_end,0,2686931
-17.746,trivial_move,3,2686930
-17.744,flush_begin,0,0
-17.726,flush_end,0,2686930
-17.710,trivial_move,3,2686931
-17.708,flush_begin,0,0
-17.693,flush_end,0,2686933
-17.678,trivial_move,3,2686931
-17.675,flush_begin,0,0
-17.659,flush_end,0,2686930
-17.643,trivial_move,3,2686931
-17.640,flush_begin,0,0
-17.624,flush_end,0,2686932
-17.608,trivial_move,3,2686931
-17.605,flush_begin,0,0
-17.589,flush_end,0,2686930
-17.574,trivial_move,3,2686930
-17.571,flush_begin,0,0
-17.555,flush_end,0,2686931
-17.540,trivial_move,3,2686932
-17.538,flush_begin,0,0
-17.523,flush_end,0,2686931
-17.507,trivial_move,3,2686930
-17.504,flush_begin,0,0
-17.489,flush_end,0,2686931
-17.474,trivial_move,3,2686932
-17.472,flush_begin,0,0
-17.457,flush_end,0,2686931
-17.441,trivial_move,3,2686930
-17.439,flush_begin,0,0
-17.424,flush_end,0,2686930
-17.408,trivial_move,3,2686931
-17.406,flush_begin,0,0
-17.390,flush_end,0,2686930
-17.375,trivial_move,3,2686931
-17.373,flush_begin,0,0
-17.351,flush_end,0,2686931
-17.335,trivial_move,3,2686930
-17.332,flush_begin,0,0
-17.317,flush_end,0,2686931
-17.302,trivial_move,3,2686932
-17.299,flush_begin,0,0
-17.284,flush_end,0,2686931
-17.269,trivial_move,3,2686930
-17.266,flush_begin,0,0
-17.250,flush_end,0,2686931
-17.234,trivial_move,3,2686931
-17.231,flush_begin,0,0
-17.215,flush_end,0,2686930
-17.200,trivial_move,3,2686931
-17.197,flush_begin,0,0
-17.182,flush_end,0,2686932
-17.166,trivial_move,3,2686931
-17.163,flush_begin,0,0
-17.148,flush_end,0,2686930
-17.133,trivial_move,3,2686931
-17.130,flush_begin,0,0
-17.116,flush_end,0,2686932
-17.100,trivial_move,3,2686932
-17.097,flush_begin,0,0
-17.082,flush_end,0,2686930
-17.067,trivial_move,3,2686930
-17.066,flush_begin,0,0
-17.051,flush_end,0,2686931
-17.035,trivial_move,3,2686932
-17.033,flush_begin,0,0
-17.019,flush_end,0,2686931
-17.004,trivial_move,3,2686930
-17.002,flush_begin,0,0
-16.986,flush_end,0,2686930
-16.970,trivial_move,3,2686932
-16.969,flush_begin,0,0
-16.953,flush_end,0,2686933
-16.938,trivial_move,3,2686930
-16.936,flush_begin,0,0
-16.921,flush_end,0,2686930
-16.904,trivial_move,3,2686930
-16.903,flush_begin,0,0
-16.888,flush_end,0,2686931
-16.871,trivial_move,3,2686932
-16.869,flush_begin,0,0
-16.854,flush_end,0,2686931
-16.838,trivial_move,3,2686930
-16.837,flush_begin,0,0
-16.821,flush_end,0,2686931
-16.805,trivial_move,3,2686932
-16.803,flush_begin,0,0
-16.787,flush_end,0,2686931
-16.771,trivial_move,3,2686930
-16.768,flush_begin,0,0
-16.752,flush_end,0,2686931
-16.736,trivial_move,3,2686931
-16.734,flush_begin,0,0
-16.717,flush_end,0,2686930
-16.701,trivial_move,3,2686931
-16.699,flush_begin,0,0
-16.683,flush_end,0,2686932
-16.667,trivial_move,3,2686931
-16.665,flush_begin,0,0
-16.649,flush_end,0,2686930
-16.633,trivial_move,3,2686931
-16.631,flush_begin,0,0
-16.615,flush_end,0,2686932
-16.598,trivial_move,3,2686931
-16.596,flush_begin,0,0
-16.579,flush_end,0,2686930
-16.560,trivial_move,3,2686930
-16.560,flush_begin,0,0
-16.546,flush_end,0,2686930
-16.531,trivial_move,3,2686932
-16.530,flush_begin,0,0
-16.515,flush_end,0,2686932
-16.498,trivial_move,3,2686930
-16.496,flush_begin,0,0
-16.481,flush_end,0,2686930
-16.466,trivial_move,3,2686931
-16.464,flush_begin,0,0
-16.450,flush_end,0,2686932
-16.435,trivial_move,3,2686931
-16.433,flush_begin,0,0
-16.419,flush_end,0,2686930
-16.404,trivial_move,3,2686930
-16.396,trivial_move,4,2686930
-16.395,flush_begin,0,0
-16.380,flush_end,0,2686931
-16.364,trivial_move,3,2686933
-16.356,trivial_move,4,2686931
-16.356,flush_begin,0,0
-16.340,flush_end,0,2686931
-16.323,trivial_move,3,2686930
-16.314,trivial_move,4,2686931
-16.314,flush_begin,0,0
-16.298,flush_end,0,2686931
-16.281,trivial_move,3,2686932
-16.272,trivial_move,4,2686931
-16.271,flush_begin,0,0
-16.254,flush_end,0,2686931
-16.238,trivial_move,3,2686930
-16.230,trivial_move,4,2686931
-16.228,flush_begin,0,0
-16.210,flush_end,0,2686933
-16.194,trivial_move,3,2686931
-16.186,trivial_move,4,2686930
-16.184,flush_begin,0,0
-16.168,flush_end,0,2686930
-16.152,trivial_move,3,2686931
-16.144,trivial_move,4,2686932
-16.143,flush_begin,0,0
-16.126,flush_end,0,2686932
-16.108,trivial_move,3,2686931
-16.101,trivial_move,4,2686930
-16.098,flush_begin,0,0
-16.080,flush_end,0,2686930
-16.062,trivial_move,3,2686931
-16.054,trivial_move,4,2686932
-16.052,flush_begin,0,0
-16.035,flush_end,0,2686931
-16.018,trivial_move,3,2686930
-16.010,trivial_move,4,2686930
-16.008,flush_begin,0,0
-15.990,flush_end,0,2686931
-15.974,trivial_move,3,2686930
-15.965,trivial_move,4,2686931
-15.963,flush_begin,0,0
-15.946,flush_end,0,2686930
-15.931,trivial_move,3,2686931
-15.923,trivial_move,4,2686931
-15.922,flush_begin,0,0
-15.911,flush_end,0,2686932
-15.894,trivial_move,3,2686931
-15.886,trivial_move,4,2686930
-15.885,flush_begin,0,0
-15.875,flush_end,0,2686930
-15.857,trivial_move,3,2686931
-15.857,flush_begin,0,0
-15.846,flush_end,0,2686932
-15.828,trivial_move,3,2686931
-15.828,flush_begin,0,0
-15.816,flush_end,0,2686930
-15.798,trivial_move,3,2686930
-15.798,flush_begin,0,0
-15.787,flush_end,0,2686931
-15.770,trivial_move,3,2686932
-15.762,trivial_move,4,2686932
-15.762,flush_begin,0,0
-15.750,flush_end,0,2686931
-15.734,trivial_move,3,2686930
-15.724,trivial_move,4,2686930
-15.724,flush_begin,0,0
-15.712,flush_end,0,2686931
-15.696,trivial_move,3,2686932
-15.688,trivial_move,4,2686931
-15.688,flush_begin,0,0
-15.675,flush_end,0,2686931
-15.659,trivial_move,3,2686930
-15.651,trivial_move,4,2686931
-15.643,trivial_move,4,2686931
-15.643,flush_begin,0,0
-15.627,flush_end,0,2686930
-15.612,trivial_move,3,2686931
-15.604,trivial_move,4,2686931
-15.595,trivial_move,4,2686931
-15.595,flush_begin,0,0
-15.580,flush_end,0,2686930
-15.563,trivial_move,3,2686931
-15.555,trivial_move,4,2686930
-15.548,trivial_move,4,2686933
-15.547,flush_begin,0,0
-15.530,flush_end,0,2686931
-15.514,trivial_move,3,2686930
-15.506,trivial_move,4,2686930
-15.505,flush_begin,0,0
-15.489,flush_end,0,2686931
-15.473,trivial_move,3,2686933
-15.465,trivial_move,4,2686932
-15.463,flush_begin,0,0
-15.447,flush_end,0,2686931
-15.431,trivial_move,3,2686930
-15.423,trivial_move,4,2686930
-15.421,flush_begin,0,0
-15.405,flush_end,0,2686931
-15.390,trivial_move,3,2686931
-15.382,trivial_move,4,2686930
-15.381,flush_begin,0,0
-15.364,flush_end,0,2686930
-15.349,trivial_move,3,2686931
-15.341,trivial_move,4,2686932
-15.339,flush_begin,0,0
-15.323,flush_end,0,2686933
-15.308,trivial_move,3,2686931
-15.300,trivial_move,4,2686930
-15.298,flush_begin,0,0
-15.282,flush_end,0,2686930
-15.267,trivial_move,3,2686931
-15.259,trivial_move,4,2686932
-15.257,flush_begin,0,0
-15.240,flush_end,0,2686932
-15.224,trivial_move,3,2686931
-15.216,trivial_move,4,2686930
-15.214,flush_begin,0,0
-15.197,flush_end,0,2686930
-15.182,trivial_move,3,2686930
-15.174,trivial_move,4,2686931
-15.172,flush_begin,0,0
-15.155,flush_end,0,2686931
-15.139,trivial_move,3,2686932
-15.130,trivial_move,4,2686931
-15.129,flush_begin,0,0
-15.112,flush_end,0,2686931
-15.096,trivial_move,3,2686930
-15.088,trivial_move,4,2686931
-15.085,flush_begin,0,0
-15.068,flush_end,0,2686930
-15.052,trivial_move,3,2686932
-15.044,trivial_move,4,2686931
-15.042,flush_begin,0,0
-15.024,flush_end,0,2686932
-15.009,trivial_move,3,2686930
-15.001,trivial_move,4,2686931
-14.999,flush_begin,0,0
-14.982,flush_end,0,2686930
-14.967,trivial_move,3,2686930
-14.959,trivial_move,4,2686930
-14.957,flush_begin,0,0
-14.940,flush_end,0,2686931
-14.924,trivial_move,3,2686932
-14.916,trivial_move,4,2686932
-14.914,flush_begin,0,0
-14.897,flush_end,0,2686931
-14.882,trivial_move,3,2686930
-14.874,trivial_move,4,2686930
-14.872,flush_begin,0,0
-14.855,flush_end,0,2686931
-14.840,trivial_move,3,2686932
-14.831,trivial_move,4,2686931
-14.830,flush_begin,0,0
-14.813,flush_end,0,2686931
-14.798,trivial_move,3,2686930
-14.790,trivial_move,4,2686931
-14.789,flush_begin,0,0
-14.772,flush_end,0,2686931
-14.756,trivial_move,3,2686931
-14.748,trivial_move,4,2686930
-14.746,flush_begin,0,0
-14.729,flush_end,0,2686930
-14.714,trivial_move,3,2686931
-14.706,trivial_move,4,2686932
-14.705,flush_begin,0,0
-14.692,flush_end,0,2686932
-14.677,trivial_move,3,2686931
-14.668,trivial_move,4,2686930
-14.668,flush_begin,0,0
-14.655,flush_end,0,2686930
-14.640,trivial_move,3,2686931
-14.632,trivial_move,4,2686933
-14.631,flush_begin,0,0
-14.618,flush_end,0,2686932
-14.602,trivial_move,3,2686933
-14.594,trivial_move,4,2686930
-14.593,flush_begin,0,0
-14.578,flush_end,0,2686930
-14.563,trivial_move,3,2686930
-14.555,trivial_move,4,2686931
-14.554,flush_begin,0,0
-14.538,flush_end,0,2686930
-14.523,trivial_move,3,2686932
-14.515,trivial_move,4,2686931
-14.514,flush_begin,0,0
-14.499,flush_end,0,2686932
-14.484,trivial_move,3,2686930
-14.475,trivial_move,4,2686931
-14.475,flush_begin,0,0
-14.459,flush_end,0,2686930
-14.444,trivial_move,3,2686931
-14.436,trivial_move,4,2686931
-14.435,flush_begin,0,0
-14.420,flush_end,0,2686933
-14.405,trivial_move,3,2686931
-14.397,trivial_move,4,2686930
-14.396,flush_begin,0,0
-14.380,flush_end,0,2686930
-14.364,trivial_move,3,2686930
-14.357,trivial_move,4,2686930
-14.356,flush_begin,0,0
-14.341,flush_end,0,2686931
-14.324,trivial_move,3,2686932
-14.315,trivial_move,4,2686931
-14.314,flush_begin,0,0
-14.298,flush_end,0,2686931
-14.282,trivial_move,3,2686930
-14.273,trivial_move,4,2686931
-14.272,flush_begin,0,0
-14.256,flush_end,0,2686931
-14.241,trivial_move,3,2686932
-14.233,trivial_move,4,2686931
-14.231,flush_begin,0,0
-14.215,flush_end,0,2686931
-14.199,trivial_move,3,2686930
-14.191,trivial_move,4,2686931
-14.188,flush_begin,0,0
-14.171,flush_end,0,2686931
-14.155,trivial_move,3,2686931
-14.146,trivial_move,4,2686930
-14.145,flush_begin,0,0
-14.128,flush_end,0,2686930
-14.112,trivial_move,3,2686931
-14.104,trivial_move,4,2686932
-14.102,flush_begin,0,0
-14.084,flush_end,0,2686932
-14.066,trivial_move,3,2686931
-14.058,trivial_move,4,2686930
-14.058,flush_begin,0,0
-14.040,flush_end,0,2686930
-14.025,trivial_move,3,2686931
-14.017,trivial_move,4,2686932
-14.015,flush_begin,0,0
-14.000,flush_end,0,2686931
-13.983,trivial_move,3,2686930
-13.976,trivial_move,4,2686930
-13.974,flush_begin,0,0
-13.960,flush_end,0,2686931
-13.945,trivial_move,3,2686930
-13.937,trivial_move,4,2686931
-13.936,flush_begin,0,0
-13.921,flush_end,0,2686930
-13.905,trivial_move,3,2686931
-13.897,trivial_move,4,2686931
-13.896,flush_begin,0,0
-13.882,flush_end,0,2686932
-13.866,trivial_move,3,2686931
-13.858,trivial_move,4,2686930
-13.858,flush_begin,0,0
-13.843,flush_end,0,2686930
-13.828,trivial_move,3,2686931
-13.820,trivial_move,4,2686932
-13.819,flush_begin,0,0
-13.805,flush_end,0,2686932
-13.788,trivial_move,3,2686931
-13.781,trivial_move,4,2686930
-13.780,flush_begin,0,0
-13.766,flush_end,0,2686930
-13.751,trivial_move,3,2686930
-13.743,trivial_move,4,2686932
-13.742,flush_begin,0,0
-13.726,flush_end,0,2686931
-13.711,trivial_move,3,2686933
-13.703,trivial_move,4,2686931
-13.702,flush_begin,0,0
-13.687,flush_end,0,2686931
-13.671,trivial_move,3,2686930
-13.662,trivial_move,4,2686931
-13.661,flush_begin,0,0
-13.646,flush_end,0,2686931
-13.631,trivial_move,3,2686932
-13.623,trivial_move,4,2686931
-13.621,flush_begin,0,0
-13.604,flush_end,0,2686931
-13.589,trivial_move,3,2686930
-13.581,trivial_move,4,2686931
-13.578,flush_begin,0,0
-13.562,flush_end,0,2686930
-13.546,trivial_move,3,2686931
-13.537,trivial_move,4,2686930
-13.536,flush_begin,0,0
-13.520,flush_end,0,2686930
-13.504,trivial_move,3,2686931
-13.497,trivial_move,4,2686932
-13.495,flush_begin,0,0
-13.479,flush_end,0,2686931
-13.464,trivial_move,3,2686930
-13.456,trivial_move,4,2686930
-13.454,flush_begin,0,0
-13.438,flush_end,0,2686931
-13.423,trivial_move,3,2686932
-13.414,trivial_move,4,2686932
-13.413,flush_begin,0,0
-13.397,flush_end,0,2686931
-13.382,trivial_move,3,2686930
-13.373,trivial_move,4,2686930
-13.373,flush_begin,0,0
-13.356,flush_end,0,2686931
-13.341,trivial_move,3,2686931
-13.333,trivial_move,4,2686930
-13.331,flush_begin,0,0
-13.313,flush_end,0,2686930
-13.296,trivial_move,3,2686931
-13.288,trivial_move,4,2686932
-13.287,flush_begin,0,0
-13.271,flush_end,0,2686932
-13.255,trivial_move,3,2686931
-13.247,trivial_move,4,2686930
-13.246,flush_begin,0,0
-13.229,flush_end,0,2686930
-13.212,trivial_move,3,2686931
-13.204,trivial_move,4,2686932
-13.202,flush_begin,0,0
-13.185,flush_end,0,2686932
-13.169,trivial_move,3,2686931
-13.160,trivial_move,4,2686930
-13.158,flush_begin,0,0
-13.142,flush_end,0,2686930
-13.126,trivial_move,3,2686930
-13.118,trivial_move,4,2686931
-13.116,flush_begin,0,0
-13.099,flush_end,0,2686931
-13.084,trivial_move,3,2686932
-13.075,trivial_move,4,2686931
-13.074,flush_begin,0,0
-13.056,flush_end,0,2686931
-13.040,trivial_move,3,2686930
-13.032,trivial_move,4,2686931
-13.030,flush_begin,0,0
-13.012,flush_end,0,2686930
-12.996,trivial_move,3,2686932
-12.988,trivial_move,4,2686931
-12.987,flush_begin,0,0
-12.969,flush_end,0,2686932
-12.953,trivial_move,3,2686930
-12.944,trivial_move,4,2686931
-12.941,flush_begin,0,0
-12.923,flush_end,0,2686930
-12.905,trivial_move,3,2686930
-12.898,trivial_move,4,2686930
-12.896,flush_begin,0,0
-12.879,flush_end,0,2686931
-12.863,trivial_move,3,2686932
-12.855,trivial_move,4,2686933
-12.853,flush_begin,0,0
-12.836,flush_end,0,2686931
-12.819,trivial_move,3,2686930
-12.811,trivial_move,4,2686930
-12.809,flush_begin,0,0
-12.792,flush_end,0,2686931
-12.777,trivial_move,3,2686933
-12.768,trivial_move,4,2686931
-12.768,flush_begin,0,0
-12.752,flush_end,0,2686931
-12.737,trivial_move,3,2686930
-12.729,trivial_move,4,2686931
-12.727,flush_begin,0,0
-12.710,flush_end,0,2686931
-12.695,trivial_move,3,2686931
-12.687,trivial_move,4,2686930
-12.684,flush_begin,0,0
-12.668,flush_end,0,2686930
-12.653,trivial_move,3,2686931
-12.644,trivial_move,4,2686932
-12.643,flush_begin,0,0
-12.626,flush_end,0,2686933
-12.610,trivial_move,3,2686931
-12.602,trivial_move,4,2686930
-12.600,flush_begin,0,0
-12.582,flush_end,0,2686930
-12.566,trivial_move,3,2686931
-12.558,trivial_move,4,2686932
-12.556,flush_begin,0,0
-12.539,flush_end,0,2686932
-12.521,trivial_move,3,2686931
-12.514,trivial_move,4,2686930
-12.510,flush_begin,0,0
-12.493,flush_end,0,2686930
-12.477,trivial_move,3,2686930
-12.468,trivial_move,4,2686931
-12.467,flush_begin,0,0
-12.450,flush_end,0,2686930
-12.434,trivial_move,3,2686932
-12.426,trivial_move,4,2686931
-12.423,flush_begin,0,0
-12.406,flush_end,0,2686932
-12.390,trivial_move,3,2686930
-12.382,trivial_move,4,2686931
-12.380,flush_begin,0,0
-12.363,flush_end,0,2686930
-12.347,trivial_move,3,2686931
-12.339,trivial_move,4,2686931
-12.337,flush_begin,0,0
-12.320,flush_end,0,2686932
-12.304,trivial_move,3,2686931
-12.296,trivial_move,4,2686930
-12.294,flush_begin,0,0
-12.278,flush_end,0,2686930
-12.261,trivial_move,3,2686930
-12.253,trivial_move,4,2686930
-12.250,flush_begin,0,0
-12.233,flush_end,0,2686931
-12.218,trivial_move,3,2686932
-12.210,trivial_move,4,2686931
-12.208,flush_begin,0,0
-12.191,flush_end,0,2686931
-12.175,trivial_move,3,2686930
-12.168,trivial_move,4,2686931
-12.166,flush_begin,0,0
-12.151,flush_end,0,2686931
-12.135,trivial_move,3,2686932
-12.128,trivial_move,4,2686931
-12.126,flush_begin,0,0
-12.110,flush_end,0,2686931
-12.095,trivial_move,3,2686930
-12.086,trivial_move,4,2686931
-12.084,flush_begin,0,0
-12.068,flush_end,0,2686931
-12.053,trivial_move,3,2686931
-12.045,trivial_move,4,2686930
-12.043,flush_begin,0,0
-12.028,flush_end,0,2686930
-12.011,trivial_move,3,2686931
-12.004,trivial_move,4,2686932
-12.001,flush_begin,0,0
-11.985,flush_end,0,2686932
-11.969,trivial_move,3,2686931
-11.960,trivial_move,4,2686930
-11.959,flush_begin,0,0
-11.943,flush_end,0,2686930
-11.927,trivial_move,3,2686931
-11.919,trivial_move,4,2686933
-11.917,flush_begin,0,0
-11.901,flush_end,0,2686931
-11.886,trivial_move,3,2686930
-11.877,trivial_move,4,2686930
-11.876,flush_begin,0,0
-11.860,flush_end,0,2686931
-11.844,trivial_move,3,2686930
-11.835,trivial_move,4,2686931
-11.835,flush_begin,0,0
-11.816,flush_end,0,2686930
-11.799,trivial_move,3,2686931
-11.791,trivial_move,4,2686931
-11.790,flush_begin,0,0
-11.774,flush_end,0,2686932
-11.757,trivial_move,3,2686931
-11.748,trivial_move,4,2686930
-11.747,flush_begin,0,0
-11.731,flush_end,0,2686930
-11.713,trivial_move,3,2686931
-11.705,trivial_move,4,2686932
-11.704,flush_begin,0,0
-11.687,flush_end,0,2686933
-11.669,trivial_move,3,2686931
-11.661,trivial_move,4,2686930
-11.660,flush_begin,0,0
-11.642,flush_end,0,2686930
-11.625,trivial_move,3,2686930
-11.617,trivial_move,4,2686931
-11.615,flush_begin,0,0
-11.598,flush_end,0,2686931
-11.582,trivial_move,3,2686932
-11.574,trivial_move,4,2686931
-11.572,flush_begin,0,0
-11.555,flush_end,0,2686931
-11.532,trivial_move,3,2686930
-11.526,trivial_move,4,2686931
-11.524,flush_begin,0,0
-11.506,flush_end,0,2686931
-11.489,trivial_move,3,2686932
-11.480,trivial_move,4,2686931
-11.480,flush_begin,0,0
-11.462,flush_end,0,2686931
-11.445,trivial_move,3,2686930
-11.436,trivial_move,4,2686931
-11.435,flush_begin,0,0
-11.417,flush_end,0,2686930
-11.400,trivial_move,3,2686931
-11.391,trivial_move,4,2686930
-11.389,flush_begin,0,0
-11.371,flush_end,0,2686930
-11.355,trivial_move,3,2686931
-11.347,trivial_move,4,2686932
-11.344,flush_begin,0,0
-11.326,flush_end,0,2686931
-11.311,trivial_move,3,2686930
-11.302,trivial_move,4,2686930
-11.302,flush_begin,0,0
-11.283,flush_end,0,2686931
-11.268,trivial_move,3,2686932
-11.259,trivial_move,4,2686932
-11.258,flush_begin,0,0
-11.238,flush_end,0,2686931
-11.223,trivial_move,3,2686930
-11.214,trivial_move,4,2686930
-11.214,flush_begin,0,0
-11.195,flush_end,0,2686931
-11.177,trivial_move,3,2686931
-11.168,trivial_move,4,2686930
-11.168,flush_begin,0,0
-11.150,flush_end,0,2686930
-11.132,trivial_move,3,2686931
-11.124,trivial_move,4,2686932
-11.123,flush_begin,0,0
-11.106,flush_end,0,2686932
-11.088,trivial_move,3,2686931
-11.080,trivial_move,4,2686930
-11.079,flush_begin,0,0
-11.061,flush_end,0,2686930
-11.043,trivial_move,3,2686931
-11.036,trivial_move,4,2686932
-11.034,flush_begin,0,0
-11.017,flush_end,0,2686932
-11.000,trivial_move,3,2686931
-10.992,trivial_move,4,2686930
-10.991,flush_begin,0,0
-10.975,flush_end,0,2686930
-10.958,trivial_move,3,2686930
-10.950,trivial_move,4,2686932
-10.949,flush_begin,0,0
-10.933,flush_end,0,2686931
-10.917,trivial_move,3,2686933
-10.908,trivial_move,4,2686931
-10.908,flush_begin,0,0
-10.891,flush_end,0,2686931
-10.873,trivial_move,3,2686930
-10.865,trivial_move,4,2686931
-10.864,flush_begin,0,0
-10.848,flush_end,0,2686930
-10.831,trivial_move,3,2686932
-10.823,trivial_move,4,2686931
-10.822,flush_begin,0,0
-10.805,flush_end,0,2686932
-10.788,trivial_move,3,2686930
-10.780,trivial_move,4,2686931
-10.779,flush_begin,0,0
-10.762,flush_end,0,2686930
-10.745,trivial_move,3,2686930
-10.737,trivial_move,4,2686930
-10.736,flush_begin,0,0
-10.719,flush_end,0,2686932
-10.703,trivial_move,3,2686932
-10.695,trivial_move,4,2686932
-10.693,flush_begin,0,0
-10.677,flush_end,0,2686931
-10.660,trivial_move,3,2686930
-10.652,trivial_move,4,2686930
-10.650,flush_begin,0,0
-10.633,flush_end,0,2686931
-10.617,trivial_move,3,2686932
-10.608,trivial_move,4,2686931
-10.606,flush_begin,0,0
-10.588,flush_end,0,2686931
-10.571,trivial_move,3,2686930
-10.563,trivial_move,4,2686931
-10.561,flush_begin,0,0
-10.543,flush_end,0,2686931
-10.527,trivial_move,3,2686931
-10.519,trivial_move,4,2686930
-10.517,flush_begin,0,0
-10.501,flush_end,0,2686930
-10.485,trivial_move,3,2686931
-10.477,trivial_move,4,2686932
-10.477,flush_begin,0,0
-10.460,flush_end,0,2686932
-10.443,trivial_move,3,2686931
-10.436,trivial_move,4,2686930
-10.435,flush_begin,0,0
-10.420,flush_end,0,2686930
-10.403,trivial_move,3,2686931
-10.396,trivial_move,4,2686932
-10.395,flush_begin,0,0
-10.378,flush_end,0,2686932
-10.362,trivial_move,3,2686931
-10.353,trivial_move,4,2686930
-10.352,flush_begin,0,0
-10.335,flush_end,0,2686930
-10.318,trivial_move,3,2686930
-10.310,trivial_move,4,2686931
-10.308,flush_begin,0,0
-10.292,flush_end,0,2686930
-10.277,trivial_move,3,2686932
-10.269,trivial_move,4,2686931
-10.267,flush_begin,0,0
-10.251,flush_end,0,2686932
-10.236,trivial_move,3,2686930
-10.227,trivial_move,4,2686931
-10.226,flush_begin,0,0
-10.209,flush_end,0,2686930
-10.194,trivial_move,3,2686931
-10.185,trivial_move,4,2686931
-10.184,flush_begin,0,0
-10.166,flush_end,0,2686932
-10.149,trivial_move,3,2686931
-10.141,trivial_move,4,2686930
-10.138,flush_begin,0,0
-10.121,flush_end,0,2686930
-10.104,trivial_move,3,2686930
-10.096,trivial_move,4,2686930
-10.093,flush_begin,0,0
-10.074,flush_end,0,2686931
-10.058,trivial_move,3,2686932
-10.050,trivial_move,4,2686931
-10.049,flush_begin,0,0
-10.032,flush_end,0,2686931
-10.017,trivial_move,3,2686930
-10.009,trivial_move,4,2686932
-10.007,flush_begin,0,0
-9.991,flush_end,0,2686931
-9.974,trivial_move,3,2686933
-9.966,trivial_move,4,2686931
-9.965,flush_begin,0,0
-9.951,flush_end,0,2686931
-9.935,trivial_move,3,2686930
-9.927,trivial_move,4,2686931
-9.927,flush_begin,0,0
-9.913,flush_end,0,2686931
-9.898,trivial_move,3,2686931
-9.889,trivial_move,4,2686930
-9.889,flush_begin,0,0
-9.875,flush_end,0,2686930
-9.858,trivial_move,3,2686931
-9.851,trivial_move,4,2686932
-9.850,flush_begin,0,0
-9.835,flush_end,0,2686933
-9.819,trivial_move,3,2686931
-9.811,trivial_move,4,2686930
-9.809,flush_begin,0,0
-9.792,flush_end,0,2686930
-9.775,trivial_move,3,2686931
-9.768,trivial_move,4,2686932
-9.765,flush_begin,0,0
-9.749,flush_end,0,2686931
-9.734,trivial_move,3,2686930
-9.725,trivial_move,4,2686930
-9.724,flush_begin,0,0
-9.708,flush_end,0,2686931
-9.691,trivial_move,3,2686930
-9.684,trivial_move,4,2686931
-9.683,flush_begin,0,0
-9.666,flush_end,0,2686930
-9.651,trivial_move,3,2686931
-9.642,trivial_move,4,2686931
-9.641,flush_begin,0,0
-9.625,flush_end,0,2686932
-9.609,trivial_move,3,2686931
-9.601,trivial_move,4,2686930
-9.600,flush_begin,0,0
-9.584,flush_end,0,2686930
-9.568,trivial_move,3,2686931
-9.560,trivial_move,4,2686932
-9.558,flush_begin,0,0
-9.541,flush_end,0,2686932
-9.525,trivial_move,3,2686931
-9.517,trivial_move,4,2686930
-9.513,flush_begin,0,0
-9.495,flush_end,0,2686930
-9.480,trivial_move,3,2686930
-9.472,trivial_move,4,2686931
-9.469,flush_begin,0,0
-9.453,flush_end,0,2686931
-9.436,trivial_move,3,2686932
-9.428,trivial_move,4,2686931
-9.426,flush_begin,0,0
-9.408,flush_end,0,2686931
-9.391,trivial_move,3,2686930
-9.382,trivial_move,4,2686931
-9.382,flush_begin,0,0
-9.364,flush_end,0,2686931
-9.348,trivial_move,3,2686932
-9.340,trivial_move,4,2686931
-9.337,flush_begin,0,0
-9.320,flush_end,0,2686931
-9.305,trivial_move,3,2686930
-9.297,trivial_move,4,2686931
-9.295,flush_begin,0,0
-9.276,flush_end,0,2686930
-9.260,trivial_move,3,2686931
-9.252,trivial_move,4,2686930
-9.252,flush_begin,0,0
-9.234,flush_end,0,2686930
-9.218,trivial_move,3,2686931
-9.210,trivial_move,4,2686932
-9.207,flush_begin,0,0
-9.189,flush_end,0,2686931
-9.173,trivial_move,3,2686930
-9.165,trivial_move,4,2686930
-9.162,flush_begin,0,0
-9.146,flush_end,0,2686931
-9.130,trivial_move,3,2686932
-9.122,trivial_move,4,2686933
-9.119,flush_begin,0,0
-9.102,flush_end,0,2686931
-9.086,trivial_move,3,2686930
-9.078,trivial_move,4,2686930
-9.077,flush_begin,0,0
-9.060,flush_end,0,2686931
-9.043,trivial_move,3,2686932
-9.035,trivial_move,4,2686930
-9.034,flush_begin,0,0
-9.017,flush_end,0,2686930
-9.002,trivial_move,3,2686931
-8.993,trivial_move,4,2686932
-8.992,flush_begin,0,0
-8.975,flush_end,0,2686932
-8.959,trivial_move,3,2686931
-8.952,trivial_move,4,2686930
-8.950,flush_begin,0,0
-8.934,flush_end,0,2686930
-8.918,trivial_move,3,2686931
-8.910,trivial_move,4,2686932
-8.908,flush_begin,0,0
-8.892,flush_end,0,2686933
-8.877,trivial_move,3,2686931
-8.869,trivial_move,4,2686930
-8.867,flush_begin,0,0
-8.853,flush_end,0,2686930
-8.838,trivial_move,3,2686930
-8.830,trivial_move,4,2686931
-8.829,flush_begin,0,0
-8.814,flush_end,0,2686931
-8.799,trivial_move,3,2686932
-8.790,trivial_move,4,2686931
-8.789,flush_begin,0,0
-8.774,flush_end,0,2686931
-8.757,trivial_move,3,2686930
-8.750,trivial_move,4,2686931
-8.749,flush_begin,0,0
-8.733,flush_end,0,2686930
-8.716,trivial_move,3,2686932
-8.708,trivial_move,4,2686931
-8.705,flush_begin,0,0
-8.688,flush_end,0,2686932
-8.672,trivial_move,3,2686930
-8.663,trivial_move,4,2686931
-8.662,flush_begin,0,0
-8.645,flush_end,0,2686930
-8.629,trivial_move,3,2686930
-8.620,trivial_move,4,2686930
-8.619,flush_begin,0,0
-8.602,flush_end,0,2686931
-8.585,trivial_move,3,2686932
-8.578,trivial_move,4,2686932
-8.575,flush_begin,0,0
-8.559,flush_end,0,2686931
-8.543,trivial_move,3,2686930
-8.535,trivial_move,4,2686930
-8.534,flush_begin,0,0
-8.517,flush_end,0,2686931
-8.501,trivial_move,3,2686932
-8.493,trivial_move,4,2686931
-8.492,flush_begin,0,0
-8.475,flush_end,0,2686931
-8.457,trivial_move,3,2686930
-8.448,trivial_move,4,2686931
-8.446,flush_begin,0,0
-8.429,flush_end,0,2686931
-8.413,trivial_move,3,2686931
-8.406,trivial_move,4,2686930
-8.404,flush_begin,0,0
-8.387,flush_end,0,2686930
-8.370,trivial_move,3,2686931
-8.362,trivial_move,4,2686932
-8.361,flush_begin,0,0
-8.343,flush_end,0,2686932
-8.327,trivial_move,3,2686931
-8.319,trivial_move,4,2686930
-8.317,flush_begin,0,0
-8.299,flush_end,0,2686930
-8.281,trivial_move,3,2686931
-8.274,trivial_move,4,2686932
-8.270,flush_begin,0,0
-8.253,flush_end,0,2686932
-8.237,trivial_move,3,2686931
-8.229,trivial_move,4,2686930
-8.226,flush_begin,0,0
-8.209,flush_end,0,2686930
-8.192,trivial_move,3,2686930
-8.184,trivial_move,4,2686932
-8.183,flush_begin,0,0
-8.166,flush_end,0,2686930
-8.149,trivial_move,3,2686933
-8.141,trivial_move,4,2686931
-8.139,flush_begin,0,0
-8.122,flush_end,0,2686932
-8.104,trivial_move,3,2686930
-8.096,trivial_move,4,2686931
-8.095,flush_begin,0,0
-8.076,flush_end,0,2686930
-8.059,trivial_move,3,2686931
-8.052,trivial_move,4,2686931
-8.052,flush_begin,0,0
-8.035,flush_end,0,2686932
-8.018,trivial_move,3,2686931
-8.011,trivial_move,4,2686930
-8.010,flush_begin,0,0
-7.993,flush_end,0,2686930
-7.977,trivial_move,3,2686930
-7.969,trivial_move,4,2686930
-7.967,flush_begin,0,0
-7.950,flush_end,0,2686932
-7.934,trivial_move,3,2686932
-7.925,trivial_move,4,2686931
-7.924,flush_begin,0,0
-7.908,flush_end,0,2686931
-7.893,trivial_move,3,2686930
-7.884,trivial_move,4,2686931
-7.882,flush_begin,0,0
-7.866,flush_end,0,2686931
-7.849,trivial_move,3,2686932
-7.842,trivial_move,4,2686931
-7.840,flush_begin,0,0
-7.824,flush_end,0,2686931
-7.809,trivial_move,3,2686930
-7.800,trivial_move,4,2686931
-7.799,flush_begin,0,0
-7.783,flush_end,0,2686931
-7.768,trivial_move,3,2686931
-7.760,trivial_move,4,2686930
-7.759,flush_begin,0,0
-7.745,flush_end,0,2686930
-7.730,trivial_move,3,2686931
-7.722,trivial_move,4,2686932
-7.721,flush_begin,0,0
-7.711,flush_end,0,2686932
-7.695,trivial_move,3,2686931
-7.687,trivial_move,4,2686930
-7.687,flush_begin,0,0
-7.676,flush_end,0,2686930
-7.659,trivial_move,3,2686931
-7.659,flush_begin,0,0
-7.647,flush_end,0,2686931
-7.632,trivial_move,3,2686930
-7.632,flush_begin,0,0
-7.619,flush_end,0,2686931
-7.603,trivial_move,3,2686930
-7.596,trivial_move,4,2686932
-7.596,flush_begin,0,0
-7.584,flush_end,0,2686930
-7.568,trivial_move,3,2686931
-7.560,trivial_move,4,2686930
-7.552,trivial_move,4,2686931
-7.552,flush_begin,0,0
-7.538,flush_end,0,2686932
-7.523,trivial_move,3,2686931
-7.513,trivial_move,4,2686931
-7.513,flush_begin,0,0
-7.499,flush_end,0,2686930
-7.483,trivial_move,3,2686931
-7.474,trivial_move,4,2686930
-7.466,trivial_move,4,2686932
-7.466,flush_begin,0,0
-7.451,flush_end,0,2686932
-7.430,trivial_move,3,2686931
-7.423,trivial_move,4,2686930
-7.423,flush_begin,0,0
-7.407,flush_end,0,2686930
-7.391,trivial_move,3,2686930
-7.382,trivial_move,4,2686931
-7.380,flush_begin,0,0
-7.364,flush_end,0,2686931
-7.349,trivial_move,3,2686932
-7.341,trivial_move,4,2686931
-7.339,flush_begin,0,0
-7.323,flush_end,0,2686931
-7.307,trivial_move,3,2686930
-7.298,trivial_move,4,2686933
-7.297,flush_begin,0,0
-7.281,flush_end,0,2686931
-7.265,trivial_move,3,2686933
-7.258,trivial_move,4,2686931
-7.256,flush_begin,0,0
-7.240,flush_end,0,2686931
-7.223,trivial_move,3,2686930
-7.215,trivial_move,4,2686931
-7.214,flush_begin,0,0
-7.197,flush_end,0,2686930
-7.182,trivial_move,3,2686931
-7.173,trivial_move,4,2686930
-7.172,flush_begin,0,0
-7.155,flush_end,0,2686930
-7.139,trivial_move,3,2686931
-7.130,trivial_move,4,2686932
-7.127,flush_begin,0,0
-7.110,flush_end,0,2686931
-7.094,trivial_move,3,2686930
-7.086,trivial_move,4,2686930
-7.084,flush_begin,0,0
-7.067,flush_end,0,2686933
-7.051,trivial_move,3,2686932
-7.042,trivial_move,4,2686932
-7.040,flush_begin,0,0
-7.024,flush_end,0,2686931
-7.007,trivial_move,3,2686930
-7.000,trivial_move,4,2686930
-6.999,flush_begin,0,0
-6.982,flush_end,0,2686931
-6.965,trivial_move,3,2686931
-6.957,trivial_move,4,2686930
-6.956,flush_begin,0,0
-6.940,flush_end,0,2686930
-6.924,trivial_move,3,2686931
-6.917,trivial_move,4,2686932
-6.916,flush_begin,0,0
-6.899,flush_end,0,2686932
-6.882,trivial_move,3,2686931
-6.874,trivial_move,4,2686930
-6.874,flush_begin,0,0
-6.858,flush_end,0,2686930
-6.843,trivial_move,3,2686931
-6.834,trivial_move,4,2686932
-6.833,flush_begin,0,0
-6.817,flush_end,0,2686932
-6.800,trivial_move,3,2686931
-6.792,trivial_move,4,2686930
-6.791,flush_begin,0,0
-6.774,flush_end,0,2686930
-6.757,trivial_move,3,2686930
-6.749,trivial_move,4,2686931
-6.748,flush_begin,0,0
-6.732,flush_end,0,2686931
-6.715,trivial_move,3,2686932
-6.706,trivial_move,4,2686931
-6.704,flush_begin,0,0
-6.686,flush_end,0,2686931
-6.669,trivial_move,3,2686930
-6.661,trivial_move,4,2686931
-6.660,flush_begin,0,0
-6.643,flush_end,0,2686930
-6.627,trivial_move,3,2686932
-6.618,trivial_move,4,2686931
-6.617,flush_begin,0,0
-6.598,flush_end,0,2686932
-6.582,trivial_move,3,2686930
-6.573,trivial_move,4,2686931
-6.571,flush_begin,0,0
-6.555,flush_end,0,2686930
-6.539,trivial_move,3,2686930
-6.531,trivial_move,4,2686930
-6.530,flush_begin,0,0
-6.514,flush_end,0,2686931
-6.498,trivial_move,3,2686932
-6.490,trivial_move,4,2686932
-6.488,flush_begin,0,0
-6.472,flush_end,0,2686931
-6.455,trivial_move,3,2686930
-6.447,trivial_move,4,2686930
-6.446,flush_begin,0,0
-6.430,flush_end,0,2686931
-6.414,trivial_move,3,2686932
-6.405,trivial_move,4,2686931
-6.404,flush_begin,0,0
-6.388,flush_end,0,2686931
-6.371,trivial_move,3,2686930
-6.363,trivial_move,4,2686932
-6.362,flush_begin,0,0
-6.345,flush_end,0,2686931
-6.328,trivial_move,3,2686932
-6.321,trivial_move,4,2686930
-6.319,flush_begin,0,0
-6.300,flush_end,0,2686930
-6.283,trivial_move,3,2686931
-6.276,trivial_move,4,2686932
-6.273,flush_begin,0,0
-6.256,flush_end,0,2686932
-6.240,trivial_move,3,2686931
-6.231,trivial_move,4,2686930
-6.230,flush_begin,0,0
-6.213,flush_end,0,2686930
-6.196,trivial_move,3,2686931
-6.187,trivial_move,4,2686932
-6.185,flush_begin,0,0
-6.168,flush_end,0,2686933
-6.151,trivial_move,3,2686931
-6.144,trivial_move,4,2686930
-6.141,flush_begin,0,0
-6.124,flush_end,0,2686930
-6.108,trivial_move,3,2686930
-6.099,trivial_move,4,2686931
-6.098,flush_begin,0,0
-6.079,flush_end,0,2686930
-6.061,trivial_move,3,2686932
-6.053,trivial_move,4,2686931
-6.050,flush_begin,0,0
-6.032,flush_end,0,2686932
-6.014,trivial_move,3,2686930
-6.006,trivial_move,4,2686931
-6.005,flush_begin,0,0
-5.987,flush_end,0,2686930
-5.970,trivial_move,3,2686931
-5.962,trivial_move,4,2686931
-5.960,flush_begin,0,0
-5.944,flush_end,0,2686932
-5.927,trivial_move,3,2686931
-5.919,trivial_move,4,2686930
-5.918,flush_begin,0,0
-5.903,flush_end,0,2686930
-5.886,trivial_move,3,2686930
-5.878,trivial_move,4,2686930
-5.877,flush_begin,0,0
-5.861,flush_end,0,2686931
-5.844,trivial_move,3,2686932
-5.836,trivial_move,4,2686931
-5.835,flush_begin,0,0
-5.819,flush_end,0,2686931
-5.802,trivial_move,3,2686930
-5.794,trivial_move,4,2686931
-5.793,flush_begin,0,0
-5.777,flush_end,0,2686931
-5.760,trivial_move,3,2686932
-5.752,trivial_move,4,2686931
-5.751,flush_begin,0,0
-5.734,flush_end,0,2686931
-5.716,trivial_move,3,2686930
-5.708,trivial_move,4,2686931
-5.707,flush_begin,0,0
-5.689,flush_end,0,2686931
-5.672,trivial_move,3,2686931
-5.664,trivial_move,4,2686930
-5.663,flush_begin,0,0
-5.647,flush_end,0,2686930
-5.633,trivial_move,3,2686931
-5.620,trivial_move,4,2686932
-5.618,flush_begin,0,0
-5.602,flush_end,0,2686932
-5.585,trivial_move,3,2686931
-5.577,trivial_move,4,2686930
-5.576,flush_begin,0,0
-5.559,flush_end,0,2686930
-5.542,trivial_move,3,2686931
-5.534,trivial_move,4,2686932
-5.534,flush_begin,0,0
-5.519,flush_end,0,2686931
-5.502,trivial_move,3,2686930
-5.494,trivial_move,4,2686930
-5.493,flush_begin,0,0
-5.477,flush_end,0,2686931
-5.461,trivial_move,3,2686930
-5.452,trivial_move,4,2686932
-5.451,flush_begin,0,0
-5.436,flush_end,0,2686930
-5.419,trivial_move,3,2686931
-5.411,trivial_move,4,2686931
-5.409,flush_begin,0,0
-5.393,flush_end,0,2686932
-5.376,trivial_move,3,2686933
-5.368,trivial_move,4,2686930
-5.367,flush_begin,0,0
-5.351,flush_end,0,2686930
-5.334,trivial_move,3,2686931
-5.326,trivial_move,4,2686932
-5.325,flush_begin,0,0
-5.308,flush_end,0,2686932
-5.292,trivial_move,3,2686931
-5.283,trivial_move,4,2686930
-5.282,flush_begin,0,0
-5.265,flush_end,0,2686930
-5.248,trivial_move,3,2686930
-5.240,trivial_move,4,2686931
-5.239,flush_begin,0,0
-5.222,flush_end,0,2686932
-5.205,trivial_move,3,2686932
-5.197,trivial_move,4,2686931
-5.197,flush_begin,0,0
-5.181,flush_end,0,2686931
-5.164,trivial_move,3,2686930
-5.156,trivial_move,4,2686931
-5.155,flush_begin,0,0
-5.139,flush_end,0,2686931
-5.122,trivial_move,3,2686932
-5.114,trivial_move,4,2686931
-5.113,flush_begin,0,0
-5.097,flush_end,0,2686931
-5.080,trivial_move,3,2686930
-5.072,trivial_move,4,2686931
-5.071,flush_begin,0,0
-5.054,flush_end,0,2686930
-5.036,trivial_move,3,2686931
-5.029,trivial_move,4,2686930
-5.027,flush_begin,0,0
-5.011,flush_end,0,2686930
-4.993,trivial_move,3,2686931
-4.985,trivial_move,4,2686932
-4.984,flush_begin,0,0
-4.967,flush_end,0,2686931
-4.951,trivial_move,3,2686930
-4.942,trivial_move,4,2686930
-4.941,flush_begin,0,0
-4.924,flush_end,0,2686931
-4.907,trivial_move,3,2686932
-4.899,trivial_move,4,2686932
-4.898,flush_begin,0,0
-4.880,flush_end,0,2686931
-4.862,trivial_move,3,2686930
-4.854,trivial_move,4,2686930
-4.853,flush_begin,0,0
-4.835,flush_end,0,2686931
-4.819,trivial_move,3,2686931
-4.812,trivial_move,4,2686930
-4.810,flush_begin,0,0
-4.793,flush_end,0,2686930
-4.776,trivial_move,3,2686931
-4.769,trivial_move,4,2686932
-4.767,flush_begin,0,0
-4.749,flush_end,0,2686932
-4.731,trivial_move,3,2686931
-4.723,trivial_move,4,2686930
-4.722,flush_begin,0,0
-4.705,flush_end,0,2686930
-4.688,trivial_move,3,2686931
-4.680,trivial_move,4,2686932
-4.679,flush_begin,0,0
-4.662,flush_end,0,2686932
-4.645,trivial_move,3,2686931
-4.637,trivial_move,4,2686930
-4.636,flush_begin,0,0
-4.618,flush_end,0,2686930
-4.601,trivial_move,3,2686930
-4.593,trivial_move,4,2686931
-4.592,flush_begin,0,0
-4.573,flush_end,0,2686931
-4.556,trivial_move,3,2686932
-4.548,trivial_move,4,2686931
-4.545,flush_begin,0,0
-4.527,flush_end,0,2686931
-4.510,trivial_move,3,2686930
-4.502,trivial_move,4,2686932
-4.502,flush_begin,0,0
-4.487,flush_end,0,2686930
-4.471,trivial_move,3,2686933
-4.463,trivial_move,4,2686931
-4.462,flush_begin,0,0
-4.447,flush_end,0,2686932
-4.430,trivial_move,3,2686930
-4.422,trivial_move,4,2686931
-4.421,flush_begin,0,0
-4.406,flush_end,0,2686930
-4.389,trivial_move,3,2686930
-4.381,trivial_move,4,2686930
-4.380,flush_begin,0,0
-4.364,flush_end,0,2686931
-4.347,trivial_move,3,2686932
-4.339,trivial_move,4,2686932
-4.338,flush_begin,0,0
-4.322,flush_end,0,2686931
-4.305,trivial_move,3,2686930
-4.297,trivial_move,4,2686930
-4.297,flush_begin,0,0
-4.281,flush_end,0,2686932
-4.264,trivial_move,3,2686932
-4.257,trivial_move,4,2686931
-4.255,flush_begin,0,0
-4.240,flush_end,0,2686931
-4.223,trivial_move,3,2686930
-4.215,trivial_move,4,2686931
-4.214,flush_begin,0,0
-4.197,flush_end,0,2686931
-4.180,trivial_move,3,2686931
-4.173,trivial_move,4,2686930
-4.170,flush_begin,0,0
-4.154,flush_end,0,2686930
-4.137,trivial_move,3,2686931
-4.130,trivial_move,4,2686932
-4.128,flush_begin,0,0
-4.111,flush_end,0,2686932
-4.094,trivial_move,3,2686931
-4.086,trivial_move,4,2686930
-4.084,flush_begin,0,0
-4.067,flush_end,0,2686930
-4.052,trivial_move,3,2686931
-4.043,trivial_move,4,2686932
-4.043,flush_begin,0,0
-4.027,flush_end,0,2686932
-4.010,trivial_move,3,2686931
-4.002,trivial_move,4,2686930
-4.001,flush_begin,0,0
-3.984,flush_end,0,2686930
-3.967,trivial_move,3,2686930
-3.959,trivial_move,4,2686931
-3.958,flush_begin,0,0
-3.942,flush_end,0,2686930
-3.924,trivial_move,3,2686932
-3.916,trivial_move,4,2686931
-3.916,flush_begin,0,0
-3.901,flush_end,0,2686932
-3.884,trivial_move,3,2686930
-3.875,trivial_move,4,2686931
-3.873,flush_begin,0,0
-3.858,flush_end,0,2686930
-3.840,trivial_move,3,2686931
-3.831,trivial_move,4,2686931
-3.830,flush_begin,0,0
-3.813,flush_end,0,2686932
-3.796,trivial_move,3,2686931
-3.788,trivial_move,4,2686930
-3.786,flush_begin,0,0
-3.770,flush_end,0,2686930
-3.754,trivial_move,3,2686930
-3.745,trivial_move,4,2686930
-3.744,flush_begin,0,0
-3.728,flush_end,0,2686931
-3.710,trivial_move,3,2686932
-3.702,trivial_move,4,2686931
-3.701,flush_begin,0,0
-3.683,flush_end,0,2686931
-3.666,trivial_move,3,2686930
-3.659,trivial_move,4,2686931
-3.656,flush_begin,0,0
-3.638,flush_end,0,2686931
-3.622,trivial_move,3,2686932
-3.614,trivial_move,4,2686931
-3.611,flush_begin,0,0
-3.593,flush_end,0,2686931
-3.576,trivial_move,3,2686930
-3.568,trivial_move,4,2686932
-3.568,flush_begin,0,0
-3.550,flush_end,0,2686931
-3.534,trivial_move,3,2686932
-3.525,trivial_move,4,2686930
-3.525,flush_begin,0,0
-3.507,flush_end,0,2686930
-3.489,trivial_move,3,2686931
-3.482,trivial_move,4,2686932
-3.481,flush_begin,0,0
-3.463,flush_end,0,2686932
-3.447,trivial_move,3,2686931
-3.439,trivial_move,4,2686930
-3.437,flush_begin,0,0
-3.419,flush_end,0,2686930
-3.402,trivial_move,3,2686931
-3.395,trivial_move,4,2686932
-3.395,flush_begin,0,0
-3.377,flush_end,0,2686931
-3.360,trivial_move,3,2686930
-3.351,trivial_move,4,2686930
-3.351,flush_begin,0,0
-3.334,flush_end,0,2686932
-3.317,trivial_move,3,2686930
-3.309,trivial_move,4,2686931
-3.308,flush_begin,0,0
-3.290,flush_end,0,2686930
-3.273,trivial_move,3,2686931
-3.266,trivial_move,4,2686931
-3.263,flush_begin,0,0
-3.245,flush_end,0,2686932
-3.229,trivial_move,3,2686931
-3.221,trivial_move,4,2686930
-3.218,flush_begin,0,0
-3.200,flush_end,0,2686930
-3.183,trivial_move,3,2686931
-3.175,trivial_move,4,2686932
-3.173,flush_begin,0,0
-3.156,flush_end,0,2686932
-3.139,trivial_move,3,2686931
-3.130,trivial_move,4,2686930
-3.129,flush_begin,0,0
-3.113,flush_end,0,2686930
-3.096,trivial_move,3,2686930
-3.088,trivial_move,4,2686931
-3.087,flush_begin,0,0
-3.069,flush_end,0,2686931
-3.052,trivial_move,3,2686932
-3.044,trivial_move,4,2686931
-3.043,flush_begin,0,0
-3.026,flush_end,0,2686931
-3.009,trivial_move,3,2686930
-3.001,trivial_move,4,2686931
-2.999,flush_begin,0,0
-2.982,flush_end,0,2686931
-2.963,trivial_move,3,2686932
-2.955,trivial_move,4,2686931
-2.953,flush_begin,0,0
-2.936,flush_end,0,2686931
-2.918,trivial_move,3,2686930
-2.910,trivial_move,4,2686931
-2.909,flush_begin,0,0
-2.891,flush_end,0,2686930
-2.874,trivial_move,3,2686931
-2.866,trivial_move,4,2686930
-2.865,flush_begin,0,0
-2.848,flush_end,0,2686930
-2.831,trivial_move,3,2686931
-2.823,trivial_move,4,2686932
-2.822,flush_begin,0,0
-2.805,flush_end,0,2686931
-2.788,trivial_move,3,2686930
-2.781,trivial_move,4,2686930
-2.779,flush_begin,0,0
-2.761,flush_end,0,2686931
-2.744,trivial_move,3,2686932
-2.736,trivial_move,4,2686932
-2.735,flush_begin,0,0
-2.718,flush_end,0,2686931
-2.701,trivial_move,3,2686930
-2.693,trivial_move,4,2686930
-2.692,flush_begin,0,0
-2.675,flush_end,0,2686931
-2.658,trivial_move,3,2686931
-2.650,trivial_move,4,2686930
-2.648,flush_begin,0,0
-2.631,flush_end,0,2686930
-2.614,trivial_move,3,2686931
-2.606,trivial_move,4,2686933
-2.604,flush_begin,0,0
-2.587,flush_end,0,2686932
-2.569,trivial_move,3,2686932
-2.561,trivial_move,4,2686930
-2.561,flush_begin,0,0
-2.544,flush_end,0,2686930
-2.526,trivial_move,3,2686931
-2.518,trivial_move,4,2686932
-2.517,flush_begin,0,0
-2.498,flush_end,0,2686932
-2.480,trivial_move,3,2686931
-2.472,trivial_move,4,2686930
-2.471,flush_begin,0,0
-2.453,flush_end,0,2686930
-2.435,trivial_move,3,2686930
-2.427,trivial_move,4,2686931
-2.427,flush_begin,0,0
-2.410,flush_end,0,2686932
-2.393,trivial_move,3,2686932
-2.385,trivial_move,4,2686931
-2.383,flush_begin,0,0
-2.366,flush_end,0,2686931
-2.349,trivial_move,3,2686930
-2.341,trivial_move,4,2686931
-2.339,flush_begin,0,0
-2.322,flush_end,0,2686930
-2.304,trivial_move,3,2686932
-2.296,trivial_move,4,2686931
-2.294,flush_begin,0,0
-2.274,flush_end,0,2686932
-2.245,trivial_move,3,2686930
-2.237,trivial_move,4,2686931
-2.236,flush_begin,0,0
-2.218,flush_end,0,2686930
-2.201,trivial_move,3,2686930
-2.193,trivial_move,4,2686930
-2.192,flush_begin,0,0
-2.174,flush_end,0,2686931
-2.157,trivial_move,3,2686932
-2.148,trivial_move,4,2686932
-2.147,flush_begin,0,0
-2.128,flush_end,0,2686931
-2.110,trivial_move,3,2686930
-2.102,trivial_move,4,2686930
-2.102,flush_begin,0,0
-2.081,flush_end,0,2686931
-2.061,trivial_move,3,2686932
-2.051,trivial_move,4,2686931
-2.051,flush_begin,0,0
-2.032,flush_end,0,2686931
-2.014,trivial_move,3,2686930
-2.006,trivial_move,4,2686931
-2.004,flush_begin,0,0
-1.984,flush_end,0,2686931
-1.966,trivial_move,3,2686931
-1.958,trivial_move,4,2686930
-1.957,flush_begin,0,0
-1.936,flush_end,0,2686930
-1.918,trivial_move,3,2686931
-1.909,trivial_move,4,2686932
-1.908,flush_begin,0,0
-1.890,flush_end,0,2686932
-1.873,trivial_move,3,2686931
-1.863,trivial_move,4,2686930
-1.863,flush_begin,0,0
-1.843,flush_end,0,2686930
-1.824,trivial_move,3,2686931
-1.815,trivial_move,4,2686932
-1.814,flush_begin,0,0
-1.796,flush_end,0,2686932
-1.778,trivial_move,3,2686931
-1.769,trivial_move,4,2686930
-1.769,flush_begin,0,0
-1.750,flush_end,0,2686930
-1.729,trivial_move,3,2686930
-1.721,trivial_move,4,2686931
-1.719,flush_begin,0,0
-1.699,flush_end,0,2686930
-1.681,trivial_move,3,2686932
-1.673,trivial_move,4,2686931
-1.671,flush_begin,0,0
-1.653,flush_end,0,2686932
-1.634,trivial_move,3,2686930
-1.627,trivial_move,4,2686932
-1.627,flush_begin,0,0
-1.608,flush_end,0,2686930
-1.589,trivial_move,3,2686931
-1.581,trivial_move,4,2686931
-1.581,flush_begin,0,0
-1.564,flush_end,0,2686932
-1.547,trivial_move,3,2686932
-1.539,trivial_move,4,2686930
-1.539,flush_begin,0,0
-1.522,flush_end,0,2686930
-1.505,trivial_move,3,2686930
-1.497,trivial_move,4,2686930
-1.497,flush_begin,0,0
-1.477,flush_end,0,2686931
-1.460,trivial_move,3,2686932
-1.460,flush_begin,0,0
-1.443,flush_end,0,2686931
-1.426,trivial_move,3,2686930
-1.419,trivial_move,4,2686931
-1.419,flush_begin,0,0
-1.399,flush_end,0,2686932
-1.379,trivial_move,3,2686932
-1.370,trivial_move,4,2686931
-1.370,flush_begin,0,0
-1.339,flush_end,0,2686931
-1.320,trivial_move,3,2686930
-1.320,flush_begin,0,0
-1.290,flush_end,0,2686931
-1.271,trivial_move,3,2686931
-1.271,flush_begin,0,0
-1.243,flush_end,0,2686930
-1.224,trivial_move,3,2686931
-1.224,flush_begin,0,0
-1.205,flush_end,0,2686932
-1.187,trivial_move,3,2686931
-1.187,flush_begin,0,0
-1.163,flush_end,0,2686930
-1.145,trivial_move,3,2686931
-1.145,flush_begin,0,0
-1.119,flush_end,0,2686931
-1.101,trivial_move,3,2686930
-1.101,flush_begin,0,0
-1.078,flush_end,0,2686931
-1.060,trivial_move,3,2686930
-1.060,flush_begin,0,0
-1.037,flush_end,0,2686930
-1.020,trivial_move,3,2686931
-1.020,flush_begin,0,0
-1.005,flush_end,0,2686932
-0.987,trivial_move,3,2686931
-0.987,flush_begin,0,0
-0.975,flush_end,0,2686930
-0.956,trivial_move,3,2686931
-0.956,flush_begin,0,0
-0.943,flush_end,0,2686932
-0.925,trivial_move,4,2686931
-0.925,flush_begin,0,0
-0.913,flush_end,0,2686930
-0.890,trivial_move,3,2686931
-0.881,trivial_move,4,2686931
-0.881,flush_begin,0,0
-0.862,flush_end,0,2686931
-0.845,trivial_move,3,2686930
-0.845,flush_begin,0,0
-0.822,flush_end,0,2686931
-0.803,trivial_move,3,2686932
-0.803,flush_begin,0,0
-0.780,flush_end,0,2686931
-0.761,trivial_move,3,2686930
-0.761,flush_begin,0,0
-0.738,flush_end,0,2686931
-0.719,trivial_move,3,2686932
-0.719,flush_begin,0,0
-0.707,flush_end,0,2686930
-0.698,flush_begin,0,0
-0.682,flush_end,0,2686930
-0.664,trivial_move,3,2686930
-0.664,flush_begin,0,0
-0.640,flush_end,0,2686931
-0.622,trivial_move,3,2686932
-0.622,flush_begin,0,0
-0.608,flush_end,0,2686931
-0.589,trivial_move,3,2686931
-0.589,flush_begin,0,0
-0.578,flush_end,0,2686931
-0.560,trivial_move,3,2686930
-0.560,flush_begin,0,0
-0.550,flush_end,0,2686932
-0.531,trivial_move,3,2686932
-0.531,flush_begin,0,0
-0.519,flush_end,0,2686930
-0.501,trivial_move,3,2686930
-0.501,flush_begin,0,0
-0.491,flush_end,0,2686932
-0.482,flush_begin,0,0
-0.471,flush_end,0,2686930
-0.455,trivial_move,3,2686931
-0.447,trivial_move,3,2686931
-0.447,flush_begin,0,0
-0.436,flush_end,0,2686932
-0.420,trivial_move,3,2686931
-0.412,trivial_move,4,2686930
-0.412,flush_begin,0,0
-0.400,flush_end,0,2686930
-0.385,trivial_move,3,2686931
-0.385,flush_begin,0,0
-0.375,flush_end,0,2686931
-0.358,trivial_move,3,2686931
-0.350,trivial_move,4,2686932
-0.350,flush_begin,0,0
-0.337,flush_end,0,2686931
-0.320,trivial_move,3,2686930
-0.311,trivial_move,4,2686930
-0.311,flush_begin,0,0
-0.299,flush_end,0,2686930
-0.281,trivial_move,3,2686932
-0.281,flush_begin,0,0
-0.269,flush_end,0,2686932
-0.251,trivial_move,3,2686930
-0.242,trivial_move,4,2686932
-0.242,flush_begin,0,0
-0.229,flush_end,0,2686930
-0.211,trivial_move,3,2686932
-0.203,trivial_move,4,2686930
-0.203,flush_begin,0,0
-0.189,flush_end,0,2686931
-0.172,trivial_move,3,2686930
-0.165,trivial_move,4,2686931
-0.156,trivial_move,4,2686931
-0.156,flush_begin,0,0
-0.140,flush_end,0,2686931
-0.123,trivial_move,3,2686930
-0.115,trivial_move,4,2686930
-0.107,trivial_move,4,2686932
-0.107,flush_begin,0,0
-0.089,flush_end,0,2686931
-0.072,trivial_move,3,2686932
-0.064,trivial_move,4,2686930
-0.064,flush_begin,0,0
-0.046,flush_end,0,2686931
-0.028,trivial_move,3,2686930
-0.021,trivial_move,4,2686931
-0.012,trivial_move,4,2686931
-0.004,trivial_move,4,2686931
-0.004,flush_begin,0,0
0.014,flush_end,0,2686931
0.031,trivial_move,3,2686932
0.040,trivial_move,4,2686931
0.048,trivial_move,4,2686932
0.057,trivial_move,3,2686930
0.057,flush_begin,0,0
0.074,flush_end,0,2686930
0.092,trivial_move,4,2686930
0.100,trivial_move,3,2686931
0.108,trivial_move,4,2686932
0.116,trivial_move,4,2686930
0.116,flush_begin,0,0
0.135,flush_end,0,2686932
0.152,trivial_move,3,2686931
0.160,trivial_move,4,2686932
0.168,trivial_move,4,2686930
0.176,trivial_move,4,2686930
0.184,trivial_move,4,2686932
0.184,flush_begin,0,0
0.206,flush_end,0,2686930
0.224,trivial_move,3,2686932
0.232,trivial_move,4,2686930
0.240,trivial_move,4,2686932
0.240,flush_begin,0,0
0.260,flush_end,0,2686932
0.277,trivial_move,3,2686931
0.285,trivial_move,4,2686930
0.293,trivial_move,4,2686931
0.301,trivial_move,4,2686931
0.301,flush_begin,0,0
0.322,flush_end,0,2686930
0.339,trivial_move,3,2686931
0.347,trivial_move,4,2686931
0.355,trivial_move,4,2686931
0.355,flush_begin,0,0
0.375,flush_end,0,2686930
0.392,trivial_move,3,2686930
0.400,trivial_move,4,2686931
0.408,trivial_move,4,2686930
0.408,flush_begin,0,0
0.429,flush_end,0,2686933
0.444,trivial_move,3,2686932
0.450,trivial_move,4,2686932
0.457,trivial_move,4,2686930
0.457,flush_begin,0,0
0.477,flush_end,0,2686930
0.492,trivial_move,3,2686930
0.500,trivial_move,4,2686931
0.508,trivial_move,3,2686931
0.508,flush_begin,0,0
0.528,flush_end,0,2686932
0.545,trivial_move,3,2686931
0.553,trivial_move,4,2686931
0.561,trivial_move,4,2686930
0.569,trivial_move,4,2686933
0.569,flush_begin,0,0
0.589,flush_end,0,2686930
0.607,trivial_move,3,2686930
0.616,trivial_move,4,2686930
0.616,flush_begin,0,0
0.635,flush_end,0,2686931
0.652,trivial_move,3,2686932
0.652,flush_begin,0,0
0.670,flush_end,0,2686931
0.687,trivial_move,3,2686930
0.695,trivial_move,4,2686932
0.695,flush_begin,0,0
0.711,flush_end,0,2686931
0.730,trivial_move,3,2686932
0.738,trivial_move,4,2686930
0.745,trivial_move,4,2686931
0.746,flush_begin,0,0
0.763,flush_end,0,2686931
0.780,trivial_move,3,2686930
0.788,trivial_move,4,2686931
0.796,trivial_move,4,2686931
0.804,trivial_move,4,2686931
0.804,flush_begin,0,0
0.821,flush_end,0,2686931
0.839,trivial_move,3,2686931
0.847,trivial_move,4,2686930
0.855,trivial_move,4,2686930
0.863,trivial_move,4,2686931
0.863,flush_begin,0,0
0.882,flush_end,0,2686930
0.899,trivial_move,3,2686931
0.907,trivial_move,4,2686931
0.915,trivial_move,4,2686931
0.923,trivial_move,4,2686931
0.923,flush_begin,0,0
0.944,flush_end,0,2686932
0.961,trivial_move,3,2686931
0.969,trivial_move,4,2686930
0.977,trivial_move,4,2686932
0.977,flush_begin,0,0
0.996,flush_end,0,2686930
1.014,trivial_move,3,2686931
1.022,trivial_move,4,2686930
1.030,trivial_move,4,2686932
1.030,flush_begin,0,0
1.047,flush_end,0,2686931
1.065,trivial_move,3,2686930
1.073,trivial_move,4,2686930
1.073,flush_begin,0,0
1.091,flush_end,0,2686931
1.107,trivial_move,3,2686930
1.115,trivial_move,4,2686931
1.116,flush_begin,0,0
1.134,flush_end,0,2686930
1.152,trivial_move,3,2686931
1.160,trivial_move,4,2686931
1.161,flush_begin,0,0
1.178,flush_end,0,2686932
1.195,trivial_move,3,2686931
1.203,trivial_move,4,2686930
1.204,flush_begin,0,0
1.222,flush_end,0,2686930
1.240,trivial_move,3,2686931
1.248,trivial_move,4,2686933
1.249,flush_begin,0,0
1.266,flush_end,0,2686932
1.283,trivial_move,3,2686932
1.291,trivial_move,4,2686930
1.292,flush_begin,0,0
1.309,flush_end,0,2686930
1.326,trivial_move,3,2686930
1.334,trivial_move,4,2686931
1.335,flush_begin,0,0
1.352,flush_end,0,2686931
1.370,trivial_move,3,2686932
1.378,trivial_move,4,2686931
1.380,flush_begin,0,0
1.397,flush_end,0,2686931
1.414,trivial_move,3,2686930
1.422,trivial_move,4,2686931
1.423,flush_begin,0,0
1.441,flush_end,0,2686932
1.458,trivial_move,3,2686932
1.466,trivial_move,4,2686931
1.467,flush_begin,0,0
1.484,flush_end,0,2686931
1.501,trivial_move,3,2686930
1.509,trivial_move,4,2686931
1.510,flush_begin,0,0
1.527,flush_end,0,2686930
1.544,trivial_move,3,2686931
1.552,trivial_move,4,2686930
1.552,flush_begin,0,0
1.569,flush_end,0,2686930
1.586,trivial_move,3,2686931
1.594,trivial_move,4,2686932
1.595,flush_begin,0,0
1.612,flush_end,0,2686931
1.629,trivial_move,3,2686930
1.637,trivial_move,4,2686930
1.639,flush_begin,0,0
1.656,flush_end,0,2686931
1.673,trivial_move,3,2686932
1.681,trivial_move,4,2686932
1.682,flush_begin,0,0
1.699,flush_end,0,2686931
1.716,trivial_move,3,2686930
1.724,trivial_move,4,2686930
1.725,flush_begin,0,0
1.743,flush_end,0,2686931
1.761,trivial_move,3,2686931
1.769,trivial_move,4,2686930
1.770,flush_begin,0,0
1.788,flush_end,0,2686930
1.805,trivial_move,3,2686931
1.813,trivial_move,4,2686932
1.815,flush_begin,0,0
1.832,flush_end,0,2686932
1.850,trivial_move,3,2686931
1.858,trivial_move,4,2686930
1.860,flush_begin,0,0
1.879,flush_end,0,2686930
1.896,trivial_move,3,2686931
1.904,trivial_move,4,2686932
1.906,flush_begin,0,0
1.925,flush_end,0,2686932
1.942,trivial_move,3,2686931
1.950,trivial_move,4,2686930
1.951,flush_begin,0,0
1.969,flush_end,0,2686930
1.986,trivial_move,3,2686930
1.994,trivial_move,4,2686931
1.996,flush_begin,0,0
2.014,flush_end,0,2686931
2.031,trivial_move,3,2686932
2.039,trivial_move,4,2686931
2.041,flush_begin,0,0
2.058,flush_end,0,2686931
2.074,trivial_move,3,2686930
2.082,trivial_move,4,2686931
2.083,flush_begin,0,0
2.098,flush_end,0,2686930
2.115,trivial_move,3,2686932
2.123,trivial_move,4,2686931
2.123,flush_begin,0,0
2.139,flush_end,0,2686932
2.156,trivial_move,3,2686930
2.164,trivial_move,4,2686933
2.166,flush_begin,0,0
2.181,flush_end,0,2686930
2.199,trivial_move,3,2686930
2.207,trivial_move,4,2686930
2.208,flush_begin,0,0
2.225,flush_end,0,2686931
2.242,trivial_move,3,2686933
2.250,trivial_move,4,2686932
2.251,flush_begin,0,0
2.268,flush_end,0,2686931
2.285,trivial_move,3,2686930
2.293,trivial_move,4,2686930
2.295,flush_begin,0,0
2.311,flush_end,0,2686931
2.328,trivial_move,3,2686932
2.336,trivial_move,4,2686931
2.337,flush_begin,0,0
2.355,flush_end,0,2686931
2.372,trivial_move,3,2686930
2.380,trivial_move,4,2686931
2.381,flush_begin,0,0
2.397,flush_end,0,2686933
2.413,trivial_move,3,2686931
2.421,trivial_move,4,2686930
2.422,flush_begin,0,0
2.438,flush_end,0,2686930
2.455,trivial_move,3,2686931
2.463,trivial_move,4,2686932
2.464,flush_begin,0,0
2.481,flush_end,0,2686932
2.498,trivial_move,3,2686931
2.506,trivial_move,4,2686930
2.508,flush_begin,0,0
2.525,flush_end,0,2686930
2.542,trivial_move,3,2686931
2.550,trivial_move,4,2686932
2.553,flush_begin,0,0
2.569,flush_end,0,2686932
2.586,trivial_move,3,2686931
2.594,trivial_move,4,2686930
2.594,flush_begin,0,0
2.612,flush_end,0,2686930
2.630,trivial_move,3,2686930
2.638,trivial_move,4,2686931
2.638,flush_begin,0,0
2.657,flush_end,0,2686930
2.674,trivial_move,3,2686932
2.682,trivial_move,4,2686931
2.683,flush_begin,0,0
2.700,flush_end,0,2686932
2.717,trivial_move,3,2686930
2.725,trivial_move,4,2686931
2.726,flush_begin,0,0
2.743,flush_end,0,2686930
2.761,trivial_move,3,2686931
2.769,trivial_move,4,2686931
2.771,flush_begin,0,0
2.789,flush_end,0,2686932
2.806,trivial_move,3,2686931
2.814,trivial_move,4,2686930
2.815,flush_begin,0,0
2.832,flush_end,0,2686930
2.849,trivial_move,3,2686930
2.857,trivial_move,4,2686930
2.858,flush_begin,0,0
2.875,flush_end,0,2686931
2.892,trivial_move,3,2686932
2.900,trivial_move,4,2686931
2.901,flush_begin,0,0
2.917,flush_end,0,2686931
2.934,trivial_move,3,2686930
2.942,trivial_move,4,2686931
2.944,flush_begin,0,0
2.962,flush_end,0,2686931
2.979,trivial_move,3,2686932
2.986,trivial_move,4,2686931
2.988,flush_begin,0,0
3.005,flush_end,0,2686931
3.022,trivial_move,3,2686930
3.030,trivial_move,4,2686931
3.031,flush_begin,0,0
3.048,flush_end,0,2686931
3.065,trivial_move,3,2686931
3.073,trivial_move,4,2686930
3.074,flush_begin,0,0
3.091,flush_end,0,2686930
3.108,trivial_move,3,2686931
3.116,trivial_move,4,2686933
3.118,flush_begin,0,0
3.135,flush_end,0,2686932
3.152,trivial_move,3,2686932
3.160,trivial_move,4,2686930
3.162,flush_begin,0,0
3.179,flush_end,0,2686930
3.196,trivial_move,3,2686931
3.204,trivial_move,4,2686932
3.205,flush_begin,0,0
3.222,flush_end,0,2686931
3.239,trivial_move,3,2686930
3.247,trivial_move,4,2686930
3.248,flush_begin,0,0
3.266,flush_end,0,2686931
3.284,trivial_move,3,2686930
3.292,trivial_move,4,2686931
3.294,flush_begin,0,0
3.312,flush_end,0,2686930
3.330,trivial_move,3,2686931
3.339,trivial_move,4,2686931
3.339,flush_begin,0,0
3.357,flush_end,0,2686933
3.375,trivial_move,3,2686931
3.383,trivial_move,4,2686930
3.384,flush_begin,0,0
3.401,flush_end,0,2686930
3.419,trivial_move,3,2686931
3.427,trivial_move,4,2686932
3.428,flush_begin,0,0
3.445,flush_end,0,2686932
3.463,trivial_move,3,2686931
3.471,trivial_move,4,2686930
3.474,flush_begin,0,0
3.492,flush_end,0,2686930
3.510,trivial_move,3,2686930
3.519,trivial_move,4,2686931
3.519,flush_begin,0,0
3.536,flush_end,0,2686931
3.554,trivial_move,3,2686932
3.562,trivial_move,4,2686931
3.563,flush_begin,0,0
3.580,flush_end,0,2686931
3.597,trivial_move,3,2686930
3.605,trivial_move,4,2686931
3.608,flush_begin,0,0
3.626,flush_end,0,2686931
3.643,trivial_move,3,2686932
3.651,trivial_move,4,2686931
3.652,flush_begin,0,0
3.669,flush_end,0,2686931
3.686,trivial_move,3,2686930
3.694,trivial_move,4,2686931
3.695,flush_begin,0,0
3.712,flush_end,0,2686930
3.729,trivial_move,3,2686931
3.737,trivial_move,4,2686930
3.739,flush_begin,0,0
3.756,flush_end,0,2686930
3.774,trivial_move,3,2686931
3.782,trivial_move,4,2686932
3.784,flush_begin,0,0
3.802,flush_end,0,2686931
3.819,trivial_move,3,2686930
3.827,trivial_move,4,2686930
3.828,flush_begin,0,0
3.845,flush_end,0,2686931
3.863,trivial_move,3,2686932
3.871,trivial_move,4,2686932
3.872,flush_begin,0,0
3.890,flush_end,0,2686931
3.908,trivial_move,3,2686930
3.915,trivial_move,4,2686930
3.915,flush_begin,0,0
3.932,flush_end,0,2686931
3.950,trivial_move,3,2686931
3.958,trivial_move,4,2686930
3.960,flush_begin,0,0
3.979,flush_end,0,2686930
3.996,trivial_move,3,2686931
4.004,trivial_move,4,2686932
4.005,flush_begin,0,0
4.022,flush_end,0,2686932
4.039,trivial_move,3,2686931
4.047,trivial_move,4,2686930
4.049,flush_begin,0,0
4.065,flush_end,0,2686930
4.081,trivial_move,3,2686931
4.089,trivial_move,4,2686933
4.091,flush_begin,0,0
4.109,flush_end,0,2686932
4.127,trivial_move,3,2686933
4.135,trivial_move,4,2686930
4.136,flush_begin,0,0
4.153,flush_end,0,2686930
4.170,trivial_move,3,2686930
4.178,trivial_move,4,2686931
4.179,flush_begin,0,0
4.195,flush_end,0,2686931
4.212,trivial_move,3,2686932
4.220,trivial_move,4,2686931
4.221,flush_begin,0,0
4.237,flush_end,0,2686931
4.254,trivial_move,3,2686930
4.262,trivial_move,4,2686931
4.263,flush_begin,0,0
4.280,flush_end,0,2686930
4.297,trivial_move,3,2686932
4.305,trivial_move,4,2686931
4.306,flush_begin,0,0
4.322,flush_end,0,2686933
4.340,trivial_move,3,2686930
4.348,trivial_move,4,2686931
4.349,flush_begin,0,0
4.365,flush_end,0,2686930
4.382,trivial_move,3,2686930
4.390,trivial_move,4,2686930
4.391,flush_begin,0,0
4.409,flush_end,0,2686931
4.426,trivial_move,3,2686932
4.434,trivial_move,4,2686932
4.435,flush_begin,0,0
4.453,flush_end,0,2686931
4.470,trivial_move,3,2686930
4.478,trivial_move,4,2686930
4.480,flush_begin,0,0
4.498,flush_end,0,2686931
4.515,trivial_move,3,2686932
4.523,trivial_move,4,2686931
4.525,flush_begin,0,0
4.542,flush_end,0,2686931
4.559,trivial_move,3,2686930
4.567,trivial_move,4,2686931
4.568,flush_begin,0,0
4.585,flush_end,0,2686931
4.603,trivial_move,3,2686931
4.611,trivial_move,4,2686930
4.614,flush_begin,0,0
4.631,flush_end,0,2686930
4.648,trivial_move,3,2686931
4.656,trivial_move,4,2686932
4.657,flush_begin,0,0
4.673,flush_end,0,2686932
4.690,trivial_move,3,2686931
4.698,trivial_move,4,2686930
4.699,flush_begin,0,0
4.717,flush_end,0,2686930
4.734,trivial_move,3,2686931
4.742,trivial_move,4,2686932
4.742,flush_begin,0,0
4.758,flush_end,0,2686932
4.775,trivial_move,3,2686931
4.783,trivial_move,4,2686930
4.784,flush_begin,0,0
4.800,flush_end,0,2686930
4.817,trivial_move,3,2686930
4.825,trivial_move,4,2686931
4.826,flush_begin,0,0
4.840,flush_end,0,2686930
4.857,trivial_move,3,2686932
4.865,trivial_move,4,2686931
4.865,flush_begin,0,0
4.880,flush_end,0,2686932
4.897,trivial_move,3,2686930
4.905,trivial_move,4,2686931
4.906,flush_begin,0,0
4.920,flush_end,0,2686930
4.938,trivial_move,3,2686931
4.946,trivial_move,4,2686931
4.946,flush_begin,0,0
4.962,flush_end,0,2686932
4.979,trivial_move,3,2686931
4.987,trivial_move,4,2686930
4.988,flush_begin,0,0
5.005,flush_end,0,2686930
5.025,trivial_move,3,2686930
5.033,trivial_move,4,2686930
5.034,flush_begin,0,0
5.052,flush_end,0,2686931
5.069,trivial_move,3,2686933
5.077,trivial_move,4,2686931
5.078,flush_begin,0,0
5.096,flush_end,0,2686931
5.114,trivial_move,3,2686930
5.122,trivial_move,4,2686931
5.123,flush_begin,0,0
5.140,flush_end,0,2686931
5.157,trivial_move,3,2686932
5.165,trivial_move,4,2686931
5.168,flush_begin,0,0
5.184,flush_end,0,2686931
5.201,trivial_move,3,2686930
5.209,trivial_move,4,2686931
5.210,flush_begin,0,0
5.227,flush_end,0,2686932
5.244,trivial_move,3,2686931
5.253,trivial_move,4,2686930
5.254,flush_begin,0,0
5.271,flush_end,0,2686930
5.288,trivial_move,3,2686931
5.296,trivial_move,4,2686932
5.298,flush_begin,0,0
5.315,flush_end,0,2686932
5.332,trivial_move,3,2686931
5.340,trivial_move,4,2686930
5.342,flush_begin,0,0
5.359,flush_end,0,2686930
5.376,trivial_move,3,2686931
5.384,trivial_move,4,2686932
5.386,flush_begin,0,0
5.404,flush_end,0,2686931
5.421,trivial_move,3,2686930
5.429,trivial_move,4,2686930
5.432,flush_begin,0,0
5.449,flush_end,0,2686931
5.467,trivial_move,3,2686930
5.475,trivial_move,4,2686931
5.478,flush_begin,0,0
5.496,flush_end,0,2686930
5.515,trivial_move,3,2686931
5.523,trivial_move,4,2686931
5.523,flush_begin,0,0
5.540,flush_end,0,2686932
5.558,trivial_move,3,2686931
5.566,trivial_move,4,2686930
5.567,flush_begin,0,0
5.585,flush_end,0,2686930
5.602,trivial_move,3,2686931
5.610,trivial_move,4,2686932
5.611,flush_begin,0,0
5.628,flush_end,0,2686932
5.646,trivial_move,3,2686931
5.654,trivial_move,4,2686930
5.656,flush_begin,0,0
5.672,flush_end,0,2686930
5.690,trivial_move,3,2686930
5.698,trivial_move,4,2686931
5.699,flush_begin,0,0
5.715,flush_end,0,2686931
5.732,trivial_move,3,2686932
5.740,trivial_move,4,2686931
5.741,flush_begin,0,0
5.757,flush_end,0,2686931
5.775,trivial_move,3,2686930
5.784,trivial_move,4,2686931
5.785,flush_begin,0,0
5.802,flush_end,0,2686931
5.819,trivial_move,3,2686932
5.827,trivial_move,4,2686931
5.828,flush_begin,0,0
5.845,flush_end,0,2686931
5.862,trivial_move,3,2686930
5.870,trivial_move,4,2686931
5.871,flush_begin,0,0
5.888,flush_end,0,2686930
5.905,trivial_move,3,2686931
5.914,trivial_move,4,2686930
5.915,flush_begin,0,0
5.932,flush_end,0,2686930
5.949,trivial_move,3,2686931
5.957,trivial_move,4,2686933
5.958,flush_begin,0,0
5.974,flush_end,0,2686931
5.991,trivial_move,3,2686930
5.999,trivial_move,4,2686930
6.000,flush_begin,0,0
6.017,flush_end,0,2686931
6.034,trivial_move,3,2686933
6.043,trivial_move,4,2686932
6.044,flush_begin,0,0
6.061,flush_end,0,2686931
6.078,trivial_move,3,2686930
6.086,trivial_move,4,2686930
6.087,flush_begin,0,0
6.101,flush_end,0,2686931
6.119,trivial_move,3,2686931
6.127,trivial_move,4,2686930
6.128,flush_begin,0,0
6.142,flush_end,0,2686930
6.160,trivial_move,3,2686931
6.169,trivial_move,4,2686932
6.171,flush_begin,0,0
6.186,flush_end,0,2686933
6.204,trivial_move,3,2686931
6.213,trivial_move,4,2686930
6.215,flush_begin,0,0
6.234,flush_end,0,2686930
6.254,trivial_move,3,2686931
6.254,flush_begin,0,0
6.274,flush_end,0,2686932
6.292,trivial_move,3,2686931
6.301,trivial_move,4,2686932
6.301,flush_begin,0,0
6.318,flush_end,0,2686930
6.335,trivial_move,3,2686930
6.343,trivial_move,4,2686930
6.351,trivial_move,4,2686931
6.351,flush_begin,0,0
6.368,flush_end,0,2686931
6.389,trivial_move,3,2686932
6.398,trivial_move,4,2686931
6.400,flush_begin,0,0
6.426,flush_end,0,2686931
6.443,trivial_move,3,2686930
6.450,trivial_move,4,2686931
6.452,flush_begin,0,0
6.470,flush_end,0,2686930
6.484,trivial_move,3,2686932
6.497,trivial_move,4,2686931
6.499,flush_begin,0,0
6.517,flush_end,0,2686932
6.535,trivial_move,3,2686930
6.543,trivial_move,4,2686931
6.543,flush_begin,0,0
6.562,flush_end,0,2686930
6.579,trivial_move,3,2686930
6.588,trivial_move,4,2686930
6.588,flush_begin,0,0
6.604,flush_end,0,2686931
6.621,trivial_move,3,2686932
6.629,trivial_move,4,2686932
6.629,flush_begin,0,0
6.645,flush_end,0,2686931
6.663,trivial_move,3,2686930
6.671,trivial_move,4,2686930
6.673,flush_begin,0,0
6.690,flush_end,0,2686931
6.707,trivial_move,3,2686932
6.715,trivial_move,4,2686931
6.716,flush_begin,0,0
6.733,flush_end,0,2686931
6.750,trivial_move,3,2686930
6.758,trivial_move,4,2686931
6.760,flush_begin,0,0
6.777,flush_end,0,2686931
6.795,trivial_move,3,2686931
6.803,trivial_move,4,2686930
6.804,flush_begin,0,0
6.821,flush_end,0,2686930
6.838,trivial_move,3,2686931
6.846,trivial_move,4,2686932
6.847,flush_begin,0,0
6.865,flush_end,0,2686932
6.882,trivial_move,3,2686931
6.890,trivial_move,4,2686930
6.891,flush_begin,0,0
6.908,flush_end,0,2686930
6.925,trivial_move,3,2686931
6.933,trivial_move,4,2686933
6.934,flush_begin,0,0
6.951,flush_end,0,2686932
6.968,trivial_move,3,2686932
6.976,trivial_move,4,2686930
6.977,flush_begin,0,0
6.991,flush_end,0,2686930
7.008,trivial_move,3,2686930
7.016,trivial_move,4,2686931
7.016,flush_begin,0,0
7.030,flush_end,0,2686930
7.047,trivial_move,3,2686932
7.055,trivial_move,4,2686931
7.056,flush_begin,0,0
7.070,flush_end,0,2686932
7.087,trivial_move,3,2686930
7.095,trivial_move,4,2686931
7.096,flush_begin,0,0
7.112,flush_end,0,2686930
7.129,trivial_move,3,2686931
7.137,trivial_move,4,2686931
7.137,flush_begin,0,0
7.154,flush_end,0,2686933
7.171,trivial_move,3,2686931
7.179,trivial_move,4,2686930
7.180,flush_begin,0,0
7.197,flush_end,0,2686930
7.214,trivial_move,3,2686930
7.222,trivial_move,4,2686930
7.222,flush_begin,0,0
7.239,flush_end,0,2686931
7.256,trivial_move,3,2686932
7.264,trivial_move,4,2686931
7.265,flush_begin,0,0
7.281,flush_end,0,2686931
7.298,trivial_move,3,2686930
7.306,trivial_move,4,2686931
7.307,flush_begin,0,0
7.324,flush_end,0,2686931
7.342,trivial_move,3,2686932
7.350,trivial_move,4,2686931
7.351,flush_begin,0,0
7.367,flush_end,0,2686931
7.384,trivial_move,3,2686930
7.392,trivial_move,4,2686931
7.393,flush_begin,0,0
7.409,flush_end,0,2686931
7.426,trivial_move,3,2686931
7.434,trivial_move,4,2686930
7.435,flush_begin,0,0
7.451,flush_end,0,2686930
7.469,trivial_move,3,2686931
7.477,trivial_move,4,2686932
7.479,flush_begin,0,0
7.495,flush_end,0,2686932
7.512,trivial_move,3,2686931
7.520,trivial_move,4,2686930
7.521,flush_begin,0,0
7.538,flush_end,0,2686930
7.555,trivial_move,3,2686931
7.563,trivial_move,4,2686932
7.564,flush_begin,0,0
7.580,flush_end,0,2686931
7.597,trivial_move,3,2686930
7.605,trivial_move,4,2686930
7.605,flush_begin,0,0
7.621,flush_end,0,2686931
7.638,trivial_move,3,2686930
7.646,trivial_move,4,2686931
7.646,flush_begin,0,0
7.663,flush_end,0,2686930
7.680,trivial_move,3,2686931
7.688,trivial_move,4,2686931
7.689,flush_begin,0,0
7.705,flush_end,0,2686932
7.722,trivial_move,3,2686931
7.730,trivial_move,4,2686930
7.730,flush_begin,0,0
7.747,flush_end,0,2686930
7.775,trivial_move,3,2686931
7.783,trivial_move,4,2686932
7.786,flush_begin,0,0
7.803,flush_end,0,2686932
7.822,trivial_move,3,2686931
7.830,trivial_move,4,2686930
7.832,flush_begin,0,0
7.850,flush_end,0,2686930
7.867,trivial_move,3,2686930
7.875,trivial_move,4,2686932
7.877,flush_begin,0,0
7.896,flush_end,0,2686931
7.914,trivial_move,3,2686933
7.922,trivial_move,4,2686931
7.923,flush_begin,0,0
7.941,flush_end,0,2686931
7.959,trivial_move,3,2686930
7.967,trivial_move,4,2686931
7.969,flush_begin,0,0
7.988,flush_end,0,2686931
8.005,trivial_move,3,2686932
8.013,trivial_move,4,2686931
8.013,flush_begin,0,0
8.028,flush_end,0,2686931
8.045,trivial_move,3,2686930
8.053,trivial_move,4,2686931
8.053,flush_begin,0,0
8.068,flush_end,0,2686930
8.085,trivial_move,3,2686931
8.093,trivial_move,4,2686930
8.094,flush_begin,0,0
8.109,flush_end,0,2686930
8.126,trivial_move,3,2686931
8.134,trivial_move,4,2686932
8.134,flush_begin,0,0
8.148,flush_end,0,2686931
8.165,trivial_move,3,2686930
8.173,trivial_move,4,2686930
8.174,flush_begin,0,0
8.190,flush_end,0,2686931
8.207,trivial_move,3,2686932
8.215,trivial_move,4,2686932
8.215,flush_begin,0,0
8.230,flush_end,0,2686931
8.247,trivial_move,3,2686930
8.255,trivial_move,4,2686930
8.255,flush_begin,0,0
8.270,flush_end,0,2686931
8.289,trivial_move,3,2686931
8.297,trivial_move,4,2686930
8.298,flush_begin,0,0
8.313,flush_end,0,2686930
8.330,trivial_move,3,2686931
8.338,trivial_move,4,2686932
8.339,flush_begin,0,0
8.355,flush_end,0,2686932
8.372,trivial_move,3,2686931
8.380,trivial_move,4,2686930
8.381,flush_begin,0,0
8.397,flush_end,0,2686930
8.414,trivial_move,3,2686931
8.422,trivial_move,4,2686932
8.423,flush_begin,0,0
8.439,flush_end,0,2686932
8.456,trivial_move,3,2686931
8.464,trivial_move,4,2686930
8.465,flush_begin,0,0
8.482,flush_end,0,2686930
8.500,trivial_move,3,2686930
8.508,trivial_move,4,2686931
8.509,flush_begin,0,0
8.526,flush_end,0,2686931
8.543,trivial_move,3,2686932
8.551,trivial_move,4,2686931
8.552,flush_begin,0,0
8.569,flush_end,0,2686931
8.586,trivial_move,3,2686930
8.594,trivial_move,4,2686931
8.596,flush_begin,0,0
8.612,flush_end,0,2686930
8.629,trivial_move,3,2686932
8.637,trivial_move,4,2686931
8.638,flush_begin,0,0
8.654,flush_end,0,2686932
8.671,trivial_move,3,2686930
8.679,trivial_move,4,2686931
8.681,flush_begin,0,0
8.696,flush_end,0,2686930
8.713,trivial_move,3,2686930
8.721,trivial_move,4,2686930
8.722,flush_begin,0,0
8.739,flush_end,0,2686931
8.756,trivial_move,3,2686932
8.763,trivial_move,4,2686933
8.764,flush_begin,0,0
8.779,flush_end,0,2686931
8.797,trivial_move,3,2686930
8.806,trivial_move,4,2686930
8.806,flush_begin,0,0
8.821,flush_end,0,2686931
8.838,trivial_move,3,2686933
8.846,trivial_move,4,2686931
8.846,flush_begin,0,0
8.862,flush_end,0,2686931
8.878,trivial_move,3,2686930
8.886,trivial_move,4,2686931
8.887,flush_begin,0,0
8.905,flush_end,0,2686931
8.922,trivial_move,3,2686931
8.930,trivial_move,4,2686930
8.930,flush_begin,0,0
8.947,flush_end,0,2686930
8.965,trivial_move,3,2686931
8.973,trivial_move,4,2686932
8.974,flush_begin,0,0
8.992,flush_end,0,2686933
9.010,trivial_move,3,2686931
9.018,trivial_move,4,2686930
9.020,flush_begin,0,0
9.037,flush_end,0,2686930
9.054,trivial_move,3,2686931
9.062,trivial_move,4,2686932
9.064,flush_begin,0,0
9.082,flush_end,0,2686932
9.100,trivial_move,3,2686931
9.108,trivial_move,4,2686930
9.109,flush_begin,0,0
9.126,flush_end,0,2686930
9.143,trivial_move,3,2686930
9.151,trivial_move,4,2686931
9.152,flush_begin,0,0
9.170,flush_end,0,2686930
9.187,trivial_move,3,2686932
9.195,trivial_move,4,2686931
9.196,flush_begin,0,0
9.213,flush_end,0,2686932
9.230,trivial_move,3,2686930
9.238,trivial_move,4,2686931
9.240,flush_begin,0,0
9.257,flush_end,0,2686930
9.274,trivial_move,3,2686931
9.282,trivial_move,4,2686931
9.284,flush_begin,0,0
9.303,flush_end,0,2686932
9.320,trivial_move,3,2686931
9.328,trivial_move,4,2686930
9.330,flush_begin,0,0
9.346,flush_end,0,2686930
9.363,trivial_move,3,2686930
9.371,trivial_move,4,2686930
9.373,flush_begin,0,0
9.389,flush_end,0,2686931
9.407,trivial_move,3,2686932
9.415,trivial_move,4,2686931
9.417,flush_begin,0,0
9.433,flush_end,0,2686931
9.451,trivial_move,3,2686930
9.459,trivial_move,4,2686931
9.460,flush_begin,0,0
9.478,flush_end,0,2686931
9.495,trivial_move,3,2686932
9.503,trivial_move,4,2686931
9.504,flush_begin,0,0
9.521,flush_end,0,2686931
9.538,trivial_move,3,2686930
9.546,trivial_move,4,2686931
9.547,flush_begin,0,0
9.564,flush_end,0,2686931
9.582,trivial_move,3,2686931
9.590,trivial_move,4,2686930
9.591,flush_begin,0,0
9.608,flush_end,0,2686930
9.625,trivial_move,3,2686931
9.633,trivial_move,4,2686932
9.635,flush_begin,0,0
9.652,flush_end,0,2686932
9.669,trivial_move,3,2686931
9.677,trivial_move,4,2686930
9.678,flush_begin,0,0
9.695,flush_end,0,2686930
9.713,trivial_move,3,2686931
9.721,trivial_move,4,2686933
9.723,flush_begin,0,0
9.739,flush_end,0,2686931
9.756,trivial_move,3,2686930
9.764,trivial_move,4,2686930
9.766,flush_begin,0,0
9.783,flush_end,0,2686931
9.801,trivial_move,3,2686930
9.809,trivial_move,4,2686931
9.811,flush_begin,0,0
9.828,flush_end,0,2686930
9.845,trivial_move,3,2686931
9.853,trivial_move,4,2686931
9.854,flush_begin,0,0
9.871,flush_end,0,2686932
9.888,trivial_move,3,2686931
9.896,trivial_move,4,2686930
9.897,flush_begin,0,0
9.915,flush_end,0,2686930
9.933,trivial_move,3,2686931
9.941,trivial_move,4,2686932
9.942,flush_begin,0,0
9.958,flush_end,0,2686933
9.976,trivial_move,3,2686931
9.984,trivial_move,4,2686930
9.986,flush_begin,0,0
10.004,flush_end,0,2686930
10.021,trivial_move,3,2686930
10.030,trivial_move,4,2686931
10.031,flush_begin,0,0
10.047,flush_end,0,2686931
10.064,trivial_move,3,2686932
10.072,trivial_move,4,2686931
10.072,flush_begin,0,0
10.094,flush_end,0,2686931
10.111,trivial_move,3,2686930
10.119,trivial_move,4,2686931
10.120,flush_begin,0,0
10.134,flush_end,0,2686931
10.151,trivial_move,3,2686932
10.159,trivial_move,4,2686931
10.159,flush_begin,0,0
10.174,flush_end,0,2686931
10.192,trivial_move,3,2686930
10.200,trivial_move,4,2686931
10.200,flush_begin,0,0
10.217,flush_end,0,2686930
10.234,trivial_move,3,2686931
10.242,trivial_move,4,2686930
10.243,flush_begin,0,0
10.260,flush_end,0,2686930
10.277,trivial_move,3,2686931
10.285,trivial_move,4,2686932
10.285,flush_begin,0,0
10.302,flush_end,0,2686931
10.321,trivial_move,3,2686930
10.329,trivial_move,4,2686930
10.329,flush_begin,0,0
10.346,flush_end,0,2686931
10.363,trivial_move,3,2686932
10.371,trivial_move,4,2686932
10.372,flush_begin,0,0
10.388,flush_end,0,2686931
10.406,trivial_move,3,2686930
10.414,trivial_move,4,2686930
10.415,flush_begin,0,0
10.432,flush_end,0,2686931
10.450,trivial_move,3,2686931
10.458,trivial_move,4,2686930
10.459,flush_begin,0,0
10.477,flush_end,0,2686930
10.494,trivial_move,3,2686931
10.502,trivial_move,4,2686932
10.503,flush_begin,0,0
10.522,flush_end,0,2686932
10.540,trivial_move,3,2686931
10.548,trivial_move,4,2686930
10.550,flush_begin,0,0
10.568,flush_end,0,2686930
10.586,trivial_move,3,2686931
10.594,trivial_move,4,2686932
10.595,flush_begin,0,0
10.613,flush_end,0,2686932
10.631,trivial_move,3,2686931
10.639,trivial_move,4,2686930
10.640,flush_begin,0,0
10.657,flush_end,0,2686930
10.675,trivial_move,3,2686930
10.683,trivial_move,4,2686932
10.684,flush_begin,0,0
10.700,flush_end,0,2686931
10.719,trivial_move,3,2686933
10.729,trivial_move,4,2686931
10.731,flush_begin,0,0
10.749,flush_end,0,2686931
10.767,trivial_move,3,2686930
10.776,trivial_move,4,2686931
10.777,flush_begin,0,0
10.793,flush_end,0,2686930
10.811,trivial_move,3,2686932
10.819,trivial_move,4,2686931
10.819,flush_begin,0,0
10.836,flush_end,0,2686932
10.854,trivial_move,3,2686930
10.862,trivial_move,4,2686931
10.864,flush_begin,0,0
10.881,flush_end,0,2686930
10.899,trivial_move,3,2686930
10.907,trivial_move,4,2686930
10.909,flush_begin,0,0
10.926,flush_end,0,2686932
10.944,trivial_move,3,2686932
10.952,trivial_move,4,2686932
10.953,flush_begin,0,0
10.969,flush_end,0,2686931
10.986,trivial_move,3,2686930
10.994,trivial_move,4,2686930
10.995,flush_begin,0,0
11.011,flush_end,0,2686931
11.028,trivial_move,3,2686932
11.037,trivial_move,4,2686931
11.037,flush_begin,0,0
11.053,flush_end,0,2686931
11.070,trivial_move,3,2686930
11.078,trivial_move,4,2686931
11.079,flush_begin,0,0
11.099,flush_end,0,2686931
11.116,trivial_move,3,2686931
11.116,flush_begin,0,0
11.129,flush_end,0,2686930
11.146,trivial_move,3,2686931
11.154,trivial_move,4,2686930
11.154,flush_begin,0,0
11.167,flush_end,0,2686932
11.184,trivial_move,3,2686931
11.192,trivial_move,4,2686932
11.192,flush_begin,0,0
11.205,flush_end,0,2686930
11.222,trivial_move,3,2686931
11.230,trivial_move,4,2686930
11.230,flush_begin,0,0
11.244,flush_end,0,2686932
11.260,trivial_move,3,2686931
11.268,trivial_move,4,2686932
11.276,trivial_move,4,2686930
11.276,flush_begin,0,0
11.291,flush_end,0,2686930
11.308,trivial_move,3,2686930
11.316,trivial_move,4,2686931
11.316,flush_begin,0,0
11.332,flush_end,0,2686930
11.349,trivial_move,3,2686932
11.357,trivial_move,4,2686931
11.358,flush_begin,0,0
11.373,flush_end,0,2686932
11.389,trivial_move,3,2686930
11.397,trivial_move,4,2686931
11.398,flush_begin,0,0
11.414,flush_end,0,2686930
11.431,trivial_move,3,2686931
11.440,trivial_move,4,2686931
11.441,flush_begin,0,0
11.457,flush_end,0,2686932
11.474,trivial_move,3,2686931
11.482,trivial_move,4,2686930
11.482,flush_begin,0,0
11.497,flush_end,0,2686930
11.514,trivial_move,3,2686930
11.522,trivial_move,4,2686930
11.523,flush_begin,0,0
11.540,flush_end,0,2686931
11.557,trivial_move,3,2686932
11.565,trivial_move,4,2686931
11.566,flush_begin,0,0
11.583,flush_end,0,2686931
11.600,trivial_move,3,2686930
11.608,trivial_move,4,2686933
11.609,flush_begin,0,0
11.626,flush_end,0,2686931
11.643,trivial_move,3,2686933
11.651,trivial_move,4,2686931
11.653,flush_begin,0,0
11.670,flush_end,0,2686931
11.687,trivial_move,3,2686930
11.695,trivial_move,4,2686931
11.696,flush_begin,0,0
11.713,flush_end,0,2686931
11.730,trivial_move,3,2686931
11.739,trivial_move,4,2686930
11.741,flush_begin,0,0
11.756,flush_end,0,2686930
11.773,trivial_move,3,2686931
11.781,trivial_move,4,2686932
11.781,flush_begin,0,0
11.798,flush_end,0,2570063
11.815,trivial_move,3,2686931
11.823,trivial_move,4,2686930
11.823,compaction_begin,2,0
11.858,compaction_end,2,5374078
11.876,trivial_move,4,2686932
11.876,compaction_begin,2,0
11.910,compaction_end,2,5374077
11.928,trivial_move,4,2686930
11.928,compaction_begin,2,0
11.958,compaction_end,2,5374079
11.976,trivial_move,4,2686931
11.976,compaction_begin,2,0
12.006,compaction_end,2,5374079
12.023,trivial_move,4,2686931
12.023,compaction_begin,2,0
12.050,compaction_end,2,5374079
12.067,trivial_move,4,2686930
12.067,compaction_begin,2,0
12.093,compaction_end,2,5374079
12.110,trivial_move,4,2686932
12.110,compaction_begin,2,0
12.138,compaction_end,2,5374078
12.155,trivial_move,4,2686930
12.155,compaction_begin,2,0
12.181,compaction_end,2,5374079
12.198,trivial_move,4,2686931
12.198,compaction_begin,2,0
12.224,compaction_end,2,5374080
12.242,trivial_move,4,2686931
12.242,compaction_begin,2,0
12.269,compaction_end,2,5374079
12.287,trivial_move,4,2686931
12.287,compaction_begin,2,0
12.313,compaction_end,2,5374079
12.331,trivial_move,4,2686931
12.331,compaction_begin,2,0
12.358,compaction_end,2,5374078
12.376,trivial_move,4,2686931
12.376,compaction_begin,2,0
12.403,compaction_end,2,5374079
12.420,trivial_move,4,2686930
12.420,compaction_begin,2,0
12.446,compaction_end,2,5374078
12.464,trivial_move,4,2686932
12.464,compaction_begin,2,0
12.491,compaction_end,2,5374079
12.508,trivial_move,4,2686930
12.508,compaction_begin,2,0
12.535,compaction_end,2,5374079
12.553,trivial_move,4,2686933
12.553,compaction_begin,2,0
12.579,compaction_end,2,5374078
12.600,trivial_move,4,2686930
12.600,compaction_begin,2,0
12.628,compaction_end,2,5374079
12.645,trivial_move,4,2686930
12.645,compaction_begin,2,0
12.673,compaction_end,2,5374079
12.691,trivial_move,4,2686932
12.691,compaction_begin,2,0
12.705,compaction_end,2,2570063
12.722,trivial_move,4,2686930
12.730,trivial_move,4,2686932
12.730,compaction_begin,3,0
12.824,compaction_end,3,5374079
12.841,trivial_move,4,2686931
12.841,compaction_begin,3,0
12.920,compaction_end,3,5374079
12.937,trivial_move,4,2686931
12.937,compaction_begin,3,0
13.001,compaction_end,3,5374077
13.018,trivial_move,4,2686930
13.018,compaction_begin,3,0
13.081,compaction_end,3,5374079
13.098,trivial_move,4,2686930
13.098,compaction_begin,3,0
13.151,compaction_end,3,5374079
13.168,trivial_move,4,2686932
13.168,compaction_begin,3,0
13.255,compaction_end,3,5374080
13.272,trivial_move,4,2686931
13.272,compaction_begin,3,0
13.337,compaction_end,3,5374079
13.345,compaction_begin,3,0
13.389,compaction_end,3,5374079
13.398,compaction_begin,3,0
13.446,compaction_end,3,5374079
13.456,compaction_begin,3,0
13.528,compaction_end,3,5374079
13.536,compaction_begin,3,0
13.591,compaction_end,3,5374078
13.600,compaction_begin,3,0
13.645,compaction_end,3,5374079
13.653,compaction_begin,3,0
13.699,compaction_end,3,5374079
13.709,compaction_begin,3,0
13.754,compaction_end,3,5374078
13.763,compaction_begin,3,0
13.809,compaction_end,3,5374079
13.818,compaction_begin,3,0
13.897,compaction_end,3,5374078
13.906,compaction_begin,3,0
13.955,compaction_end,3,5374080
13.963,compaction_begin,3,0
14.008,compaction_end,3,5374079
14.016,compaction_begin,3,0
14.061,compaction_end,3,5374079
14.071,compaction_begin,3,0
14.116,compaction_end,3,5374079
14.125,compaction_begin,3,0
14.197,compaction_end,3,5374078
14.206,compaction_begin,3,0
14.265,compaction_end,3,5374079
14.274,compaction_begin,3,0
14.325,compaction_end,3,5374079
14.336,compaction_begin,3,0
14.473,compaction_end,3,5374079
14.501,compaction_begin,3,0
14.582,compaction_end,3,5374079
14.594,compaction_begin,3,0
14.649,compaction_end,3,5374077
14.663,compaction_begin,3,0
14.788,compaction_end,3,5374078
14.804,compaction_begin,3,0
14.883,compaction_end,3,5374080
14.901,compaction_begin,3,0
14.962,compaction_end,3,5374079
14.972,compaction_begin,3,0
15.023,compaction_end,3,5374079
15.032,compaction_begin,3,0
15.081,compaction_end,3,5374078
15.101,compaction_begin,3,0
15.185,compaction_end,3,5374079
15.197,compaction_begin,3,0
15.259,compaction_end,3,5374079
15.271,compaction_begin,3,0
15.335,compaction_end,3,5374079
15.349,compaction_begin,3,0
15.400,compaction_end,3,5374079
15.410,compaction_begin,3,0
15.466,compaction_end,3,5374078
15.478,compaction_begin,3,0
15.536,compaction_end,3,5374079
15.548,compaction_begin,3,0
15.650,compaction_end,3,5374080
15.661,compaction_begin,3,0
15.720,compaction_end,3,5374078
15.731,compaction_begin,3,0
15.789,compaction_end,3,5374079
15.800,compaction_begin,3,0
15.851,compaction_end,3,5374078
15.861,compaction_begin,3,0
15.914,compaction_end,3,5374079
15.924,compaction_begin,3,0
15.999,compaction_end,3,5374079
16.008,compaction_begin,3,0
16.067,compaction_end,3,5374079
16.076,compaction_begin,3,0
16.128,compaction_end,3,5374079
16.138,compaction_begin,3,0
16.188,compaction_end,3,5374078
16.197,compaction_begin,3,0
16.268,compaction_end,3,5374079
16.277,compaction_begin,3,0
16.329,compaction_end,3,5374079
16.339,compaction_begin,3,0
16.426,compaction_end,3,5374080
16.436,compaction_begin,3,0
16.511,compaction_end,3,5374079
16.520,compaction_begin,3,0
16.611,compaction_end,3,5374077
16.620,compaction_begin,3,0
16.683,compaction_end,3,5374078
16.692,compaction_begin,3,0
16.766,compaction_end,3,5374079
16.775,compaction_begin,3,0
16.857,compaction_end,3,5374079
16.866,compaction_begin,3,0
16.938,compaction_end,3,5374079
16.949,compaction_begin,3,0
17.033,compaction_end,3,5374078
17.042,compaction_begin,3,0
17.132,compaction_end,3,5374079
17.141,compaction_begin,3,0
17.215,compaction_end,3,5374079
17.224,compaction_begin,3,0
17.309,compaction_end,3,5374079
17.317,compaction_begin,3,0
17.378,compaction_end,3,5374080
17.387,compaction_begin,3,0
17.459,compaction_end,3,5374078
17.467,compaction_begin,3,0
17.553,compaction_end,3,5374079
17.562,compaction_begin,3,0
17.657,compaction_end,3,5374079
17.666,compaction_begin,3,0
17.766,compaction_end,3,5374078
17.777,compaction_begin,3,0
17.866,compaction_end,3,5374079
17.875,compaction_begin,3,0
17.924,compaction_end,3,5374078
17.933,compaction_begin,3,0
18.007,compaction_end,3,5374079
18.016,compaction_begin,3,0
18.079,compaction_end,3,5374079
18.089,compaction_begin,3,0
18.137,compaction_end,3,5374079
18.147,compaction_begin,3,0
18.192,compaction_end,3,5374079
18.201,compaction_begin,3,0
18.247,compaction_end,3,5374079
18.256,compaction_begin,3,0
18.304,compaction_end,3,5374079
18.313,compaction_begin,3,0
18.382,compaction_end,3,5374079
18.390,compaction_begin,3,0
18.491,compaction_end,3,5374079
18.502,compaction_begin,3,0
18.551,compaction_end,3,5374079
18.561,compaction_begin,3,0
18.613,compaction_end,3,5374077
18.622,compaction_begin,3,0
18.672,compaction_end,3,5374078
18.681,compaction_begin,3,0
18.732,compaction_end,3,5374079
18.741,compaction_begin,3,0
18.817,compaction_end,3,5374079
18.826,compaction_begin,3,0
18.896,compaction_end,3,5374079
18.907,compaction_begin,3,0
18.957,compaction_end,3,5374078
18.966,compaction_begin,3,0
19.015,compaction_end,3,5374080
19.024,compaction_begin,3,0
19.073,compaction_end,3,5374079
19.083,compaction_begin,3,0
19.132,compaction_end,3,5374079
19.141,compaction_begin,3,0
19.190,compaction_end,3,5374079
19.199,compaction_begin,3,0
19.294,compaction_end,3,5374078
19.302,compaction_begin,3,0
19.349,compaction_end,3,5374079
19.358,compaction_begin,3,0
19.404,compaction_end,3,5374079
19.413,compaction_begin,3,0
19.458,compaction_end,3,5374078
19.467,compaction_begin,3,0
19.512,compaction_end,3,5374079
19.521,compaction_begin,3,0
19.568,compaction_end,3,5374078
19.577,compaction_begin,3,0
19.648,compaction_end,3,5374079
19.657,compaction_begin,3,0
19.723,compaction_end,3,5374081
19.732,compaction_begin,3,0
19.778,compaction_end,3,5374079
19.787,compaction_begin,3,0
19.833,compaction_end,3,5374079
19.842,compaction_begin,3,0
19.889,compaction_end,3,5374078
19.898,compaction_begin,3,0
19.948,compaction_end,3,5374079
19.957,compaction_begin,3,0
20.005,compaction_end,3,5374079
20.014,compaction_begin,3,0
20.087,compaction_end,3,5374079
20.097,compaction_begin,3,0
20.154,compaction_end,3,5374079
20.163,compaction_begin,3,0
20.208,compaction_end,3,5374077
20.217,compaction_begin,3,0
20.264,compaction_end,3,5374078
20.273,compaction_begin,3,0
20.321,compaction_end,3,5374079
20.330,compaction_begin,3,0
20.381,compaction_end,3,5374080
20.390,compaction_begin,3,0
20.449,compaction_end,3,5374079
20.460,compaction_begin,3,0
20.505,compaction_end,3,5374078
20.514,compaction_begin,3,0
20.598,compaction_end,3,5374079
20.607,compaction_begin,3,0
20.654,compaction_end,3,5374079
20.663,compaction_begin,3,0
20.711,compaction_end,3,5374079
20.721,compaction_begin,3,0
20.770,compaction_end,3,5374079
20.781,compaction_begin,3,0
20.828,compaction_end,3,5374078
20.837,compaction_begin,3,0
20.883,compaction_end,3,5374079
20.892,compaction_begin,3,0
20.940,compaction_end,3,5374079
20.949,compaction_begin,3,0
21.021,compaction_end,3,5374078
21.030,compaction_begin,3,0
21.085,compaction_end,3,5374080
21.094,compaction_begin,3,0
21.141,compaction_end,3,5374078
21.150,compaction_begin,3,0
21.198,compaction_end,3,5374079
21.207,compaction_begin,3,0
21.254,compaction_end,3,5374079
21.263,compaction_begin,3,0
21.312,compaction_end,3,5374079
21.322,compaction_begin,3,0
21.367,compaction_end,3,5374079
21.376,compaction_begin,3,0
21.423,compaction_end,3,5374078
21.432,compaction_begin,3,0
21.505,compaction_end,3,5374079
21.514,compaction_begin,3,0
21.574,compaction_end,3,5374079
21.583,compaction_begin,3,0
21.629,compaction_end,3,5374079
21.639,compaction_begin,3,0
21.685,compaction_end,3,5374080
21.693,compaction_begin,3,0
21.740,compaction_end,3,5374077
21.749,compaction_begin,3,0
21.798,compaction_end,3,5374078
21.807,compaction_begin,3,0
21.854,compaction_end,3,5374079
21.863,compaction_begin,3,0
21.910,compaction_end,3,5374079
21.919,compaction_begin,3,0
21.992,compaction_end,3,5374079
22.001,compaction_begin,3,0
22.071,compaction_end,3,5374078
22.081,compaction_begin,3,0
22.128,compaction_end,3,5374079
22.137,compaction_begin,3,0
22.185,compaction_end,3,5374079
22.194,compaction_begin,3,0
22.239,compaction_end,3,5374079
22.248,compaction_begin,3,0
22.297,compaction_end,3,5374079
22.306,compaction_begin,3,0
22.352,compaction_end,3,5374079
22.361,compaction_begin,3,0
22.446,compaction_end,3,5374079
22.455,compaction_begin,3,0
22.544,compaction_end,3,5374079
22.553,compaction_begin,3,0
22.613,compaction_end,3,5374078
22.623,compaction_begin,3,0
22.671,compaction_end,3,5374079
22.680,compaction_begin,3,0
22.726,compaction_end,3,5374078
22.735,compaction_begin,3,0
22.784,compaction_end,3,5374079
22.793,compaction_begin,3,0
22.839,compaction_end,3,5374079
22.848,compaction_begin,3,0
22.898,compaction_end,3,5374079
22.908,compaction_begin,3,0
22.957,compaction_end,3,5374079
22.966,compaction_begin,3,0
23.013,compaction_end,3,5374078
23.022,compaction_begin,3,0
23.103,compaction_end,3,5374080
23.112,compaction_begin,3,0
23.160,compaction_end,3,5374079
23.169,compaction_begin,3,0
23.213,compaction_end,3,5374079
23.222,compaction_begin,3,0
23.253,compaction_end,3,5374079
23.262,compaction_begin,3,0
23.290,compaction_end,3,5374077
23.299,compaction_begin,3,0
23.321,compaction_end,3,5374078
23.330,compaction_begin,3,0
23.352,compaction_end,3,5374079
23.361,compaction_begin,3,0
23.384,compaction_end,3,5374079
23.393,compaction_begin,3,0
23.417,compaction_end,3,5374079
23.426,compaction_begin,3,0
23.449,compaction_end,3,5374078
23.458,compaction_begin,3,0
23.483,compaction_end,3,5374079
23.492,compaction_begin,3,0
23.516,compaction_end,3,5374080
23.526,compaction_begin,3,0
23.549,compaction_end,3,5374079
23.558,compaction_begin,3,0
23.582,compaction_end,3,5374079
23.592,compaction_begin,3,0
23.615,compaction_end,3,5374078
23.624,compaction_begin,3,0
23.647,compaction_end,3,5374079
23.656,compaction_begin,3,0
23.679,compaction_end,3,5374079
23.688,compaction_begin,3,0
23.712,compaction_end,3,5374078
23.721,compaction_begin,3,0
23.746,compaction_end,3,5374079
23.755,compaction_begin,3,0
23.780,compaction_end,3,5374078
23.791,compaction_begin,3,0
23.814,compaction_end,3,5374079
23.824,compaction_begin,3,0
23.847,compaction_end,3,5374079
23.856,compaction_begin,3,0
23.879,compaction_end,3,5374080
23.888,compaction_begin,3,0
23.909,compaction_end,3,5374079
23.919,compaction_begin,3,0
23.941,compaction_end,3,5374078
23.954,compaction_begin,3,0
23.976,compaction_end,3,5374079
23.985,compaction_begin,3,0
24.008,compaction_end,3,5374079
24.017,compaction_begin,3,0
24.040,compaction_end,3,5374079
24.049,compaction_begin,3,0
24.073,compaction_end,3,5374079
24.082,compaction_begin,3,0
24.107,compaction_end,3,5374077
24.116,compaction_begin,3,0
24.140,compaction_end,3,5374078
24.149,compaction_begin,3,0
24.175,compaction_end,3,5374079
24.186,compaction_begin,3,0
24.209,compaction_end,3,5374079
24.218,compaction_begin,3,0
24.241,compaction_end,3,5374080
24.250,compaction_begin,3,0
24.273,compaction_end,3,5374078
24.282,compaction_begin,3,0
24.378,compaction_end,3,7023641
24.387,compaction_begin,3,0
24.447,compaction_end,3,5374083
24.456,compaction_begin,3,0
24.549,compaction_end,3,5374083
24.558,compaction_begin,3,0
24.617,compaction_end,3,5374083
24.626,compaction_begin,3,0
24.682,compaction_end,3,5374084
24.691,compaction_begin,3,0
24.749,compaction_end,3,5374083
24.758,compaction_begin,3,0
24.815,compaction_end,3,5374082
24.823,compaction_begin,3,0
24.877,compaction_end,3,5374083
24.888,compaction_begin,3,0
24.952,compaction_end,3,5374084
24.961,compaction_begin,3,0
25.050,compaction_end,3,5374084
25.059,compaction_begin,3,0
25.114,compaction_end,3,5374083
25.123,compaction_begin,3,0
25.213,compaction_end,3,5374082
25.221,compaction_begin,3,0
25.276,compaction_end,3,5374083
25.285,compaction_begin,3,0
25.341,compaction_end,3,5374083
25.350,compaction_begin,3,0
25.404,compaction_end,3,5374084
25.413,compaction_begin,3,0
25.469,compaction_end,3,5374082
25.478,compaction_begin,3,0
25.532,compaction_end,3,5374083
25.541,compaction_begin,3,0
25.596,compaction_end,3,5374083
25.605,compaction_begin,3,0
25.661,compaction_end,3,5374083
25.670,compaction_begin,3,0
25.730,compaction_end,3,3607587
31.238,flush_begin,0,0
31.255,flush_end,0,2744451
31.265,compaction_begin,2,0
31.565,compaction_end,2,2674291
31.577,compaction_begin,3,0
31.765,compaction_end,3,42992648
31.777,compaction_begin,3,0
32.071,compaction_end,3,42992649
32.083,compaction_begin,3,0
32.520,compaction_end,3,42992649
32.529,compaction_begin,3,0
33.085,compaction_end,3,42992649
33.100,compaction_begin,3,0
33.901,compaction_end,3,42992648
33.912,compaction_begin,3,0
34.657,compaction_end,3,42992650
34.668,compaction_begin,3,0
35.047,compaction_end,3,42992653
35.058,compaction_begin,3,0
35.221,compaction_end,3,42992652
35.230,compaction_begin,3,0
35.784,compaction_end,3,42992649
35.800,compaction_begin,3,0
35.964,compaction_end,3,42992654
35.975,compaction_begin,3,0
36.686,flush_begin,0,0
36.697,flush_end,0,2744667
36.719,compaction_end,3,42992652
36.730,compaction_begin,2,0
37.025,compaction_end,2,2989102
37.040,compaction_begin,3,0
37.218,compaction_end,3,42992648
37.231,compaction_begin,3,0
37.391,compaction_end,3,42992649
37.404,compaction_begin,3,0
37.565,compaction_end,3,42992649
37.578,compaction_begin,3,0
37.743,compaction_end,3,42992649
37.754,compaction_begin,3,0
38.453,compaction_end,3,42992650
38.465,compaction_begin,3,0
38.682,compaction_end,3,43367079
38.693,compaction_begin,3,0
38.907,compaction_end,3,45679536
38.919,compaction_begin,3,0
39.664,compaction_end,3,42992652
39.675,compaction_begin,3,0
39.848,compaction_end,3,44404453
39.859,compaction_begin,3,0
40.588,compaction_end,3,42992653
40.599,compaction_begin,3,0
41.307,compaction_end,3,42992653
41.320,compaction_begin,3,0
42.007,compaction_end,3,41955152
42.018,compaction_begin,3,0
42.111,flush_begin,0,0
42.122,flush_end,0,2744518
42.786,compaction_end,3,42992652
42.796,compaction_begin,2,0
43.104,compaction_end,2,3240442
43.120,compaction_begin,3,0
43.300,compaction_end,3,42992648
43.312,compaction_begin,3,0
43.471,compaction_end,3,42992649
43.483,compaction_begin,3,0
43.646,compaction_end,3,43367081
43.658,compaction_begin,3,0
43.930,compaction_end,3,42992649
43.943,compaction_begin,3,0
44.107,compaction_end,3,43367079
44.119,compaction_begin,3,0
44.899,compaction_end,3,42618170
44.918,compaction_begin,3,0
45.109,compaction_end,3,42992653
45.125,compaction_begin,3,0
45.682,compaction_end,3,45305111
45.696,compaction_begin,3,0
46.447,compaction_end,3,42992648
46.460,compaction_begin,3,0
47.214,compaction_end,3,42992651
47.227,compaction_begin,3,0
47.400,compaction_end,3,41955152
47.413,compaction_begin,3,0
47.556,flush_begin,0,0
47.568,flush_end,0,2744421
48.277,compaction_end,3,42992650
48.289,compaction_begin,2,0
48.662,compaction_end,2,3456105
48.678,compaction_begin,3,0
48.864,compaction_end,3,42992648
48.878,compaction_begin,3,0
49.052,compaction_end,3,42992649
49.065,compaction_begin,3,0
49.252,compaction_end,3,44930721
49.265,compaction_begin,3,0
49.453,compaction_end,3,43367079
49.467,compaction_begin,3,0
50.222,compaction_end,3,43367081
50.233,compaction_begin,3,0
50.407,compaction_end,3,42992653
50.418,compaction_begin,3,0
50.950,compaction_end,3,43367081
50.962,compaction_begin,3,0
51.139,compaction_end,3,41955152
51.150,compaction_begin,3,0
51.812,compaction_end,3,42618170
51.824,compaction_begin,3,0
52.232,compaction_end,3,42992648
52.243,compaction_begin,3,0
52.962,flush_begin,0,0
52.973,flush_end,0,2744529
53.000,compaction_end,3,42992650
53.010,compaction_begin,2,0
53.367,compaction_end,2,3737882
53.389,compaction_begin,3,0
53.612,compaction_end,3,44556329
53.628,compaction_begin,3,0
53.807,compaction_end,3,43367082
53.819,compaction_begin,3,0
54.003,compaction_end,3,42992649
54.017,compaction_begin,3,0
54.193,compaction_end,3,42992648
54.204,compaction_begin,3,0
54.444,compaction_end,3,43367079
54.457,compaction_begin,3,0
54.626,compaction_end,3,43367081
54.639,compaction_begin,3,0
55.356,compaction_end,3,43367079
55.367,compaction_begin,3,0
56.067,compaction_end,3,42992650
56.078,compaction_begin,3,0
56.864,compaction_end,3,42992649
56.876,compaction_begin,3,0
57.631,compaction_end,3,42992652
57.642,compaction_begin,3,0
58.385,compaction_end,3,42618172
58.396,compaction_begin,3,0
58.402,flush_begin,0,0
58.415,flush_end,0,2744445
59.190,compaction_end,3,42992647
59.201,compaction_begin,2,0
59.550,compaction_end,2,3931359
59.570,compaction_begin,3,0
59.771,compaction_end,3,43367078
59.784,compaction_begin,3,0
60.086,compaction_end,3,43367082
60.098,compaction_begin,3,0
60.557,compaction_end,3,43367079
60.572,compaction_begin,3,0
60.737,compaction_end,3,43367079
60.748,compaction_begin,3,0
61.166,compaction_end,3,44181992
61.178,compaction_begin,3,0
61.716,compaction_end,3,43367081
61.728,compaction_begin,3,0
62.481,compaction_end,3,42992650
62.492,compaction_begin,3,0
63.189,compaction_end,3,42992650
63.201,compaction_begin,3,0
63.823,flush_begin,0,0
63.835,flush_end,0,2744784
63.915,compaction_end,3,41955152
63.925,compaction_begin,2,0
64.249,compaction_end,2,4204395
64.265,compaction_begin,3,0
64.461,compaction_end,3,43367078
64.474,compaction_begin,3,0
64.642,compaction_end,3,43367082
64.654,compaction_begin,3,0
64.824,compaction_end,3,42992650
64.834,compaction_begin,3,0
65.013,compaction_end,3,43367081
65.027,compaction_begin,3,0
65.208,compaction_end,3,43367079
65.221,compaction_begin,3,0
65.395,compaction_end,3,43367081
65.407,compaction_begin,3,0
65.581,compaction_end,3,41955152
65.591,compaction_begin,3,0
66.316,compaction_end,3,42992650
66.330,compaction_begin,3,0
67.067,compaction_end,3,42992648
67.079,compaction_begin,3,0
67.841,compaction_end,3,43807602
67.851,compaction_begin,3,0
68.542,compaction_end,3,42992648
68.553,compaction_begin,3,0
69.264,compaction_end,3,42992648
69.276,compaction_begin,3,0
69.304,flush_begin,0,0
69.317,flush_end,0,2744331
70.011,compaction_end,3,42992653
70.023,compaction_begin,2,0
70.361,compaction_end,2,4208734
70.378,compaction_begin,3,0
70.556,compaction_end,3,43367078
70.568,compaction_begin,3,0
70.860,compaction_end,3,43367082
70.872,compaction_begin,3,0
71.258,compaction_end,3,43367081
71.266,compaction_begin,3,0
71.429,compaction_end,3,42992648
71.443,compaction_begin,3,0
72.168,compaction_end,3,42992648
72.179,compaction_begin,3,0
72.346,compaction_end,3,42992650
72.357,compaction_begin,3,0
72.520,compaction_end,3,42992648
72.531,compaction_begin,3,0
73.039,compaction_end,3,43367079
73.051,compaction_begin,3,0
73.725,compaction_end,3,43367079
73.737,compaction_begin,3,0
73.901,compaction_end,3,42992653
73.912,compaction_begin,3,0
74.431,compaction_end,3,43367081
74.443,compaction_begin,3,0
74.753,flush_begin,0,0
74.764,flush_end,0,2744689
75.208,compaction_end,3,42992648
75.219,compaction_begin,2,0
75.581,compaction_end,2,4365993
75.597,compaction_begin,3,0
75.780,compaction_end,3,43367078
75.793,compaction_begin,3,0
75.963,compaction_end,3,43367082
75.975,compaction_begin,3,0
76.313,compaction_end,3,43367081
76.326,compaction_begin,3,0
76.487,compaction_end,3,42992653
76.498,compaction_begin,3,0
76.665,compaction_end,3,43367079
76.677,compaction_begin,3,0
76.844,compaction_end,3,42992648
76.856,compaction_begin,3,0
77.550,compaction_end,3,42992653
77.560,compaction_begin,3,0
77.731,compaction_end,3,42992650
77.744,compaction_begin,3,0
77.927,compaction_end,3,43367081
77.938,compaction_begin,3,0
78.665,compaction_end,3,42992648
78.677,compaction_begin,3,0
79.336,compaction_end,3,42992650
79.348,compaction_begin,3,0
80.024,compaction_end,3,41955152
80.036,compaction_begin,3,0
80.194,flush_begin,0,0
80.206,flush_end,0,2744957
80.812,compaction_end,3,42992648
80.823,compaction_begin,2,0
81.174,compaction_end,2,4397696
81.189,compaction_begin,3,0
81.368,compaction_end,3,43367078
81.380,compaction_begin,3,0
81.547,compaction_end,3,43367081
81.559,compaction_begin,3,0
81.848,compaction_end,3,43367082
81.861,compaction_begin,3,0
82.549,compaction_end,3,42992650
82.561,compaction_begin,3,0
82.726,compaction_end,3,43367081
82.739,compaction_begin,3,0
83.492,compaction_end,3,42992650
83.504,compaction_begin,3,0
83.681,compaction_end,3,42992648
83.692,compaction_begin,3,0
83.860,compaction_end,3,42992648
83.871,compaction_begin,3,0
84.566,compaction_end,3,42992648
84.576,compaction_begin,3,0
85.324,compaction_end,3,42992655
85.336,compaction_begin,3,0
85.659,flush_begin,0,0
85.670,flush_end,0,2744464
86.120,compaction_end,3,42992653
86.133,compaction_begin,2,0
86.447,compaction_end,2,4667870
86.463,compaction_begin,3,0
86.649,compaction_end,3,43367078
86.661,compaction_begin,3,0
87.210,compaction_end,3,43367079
87.219,compaction_begin,3,0
87.385,compaction_end,3,42992648
87.401,compaction_begin,3,0
87.702,compaction_end,3,43367082
87.714,compaction_begin,3,0
88.114,compaction_end,3,43367081
88.126,compaction_begin,3,0
88.294,compaction_end,3,43367081
88.307,compaction_begin,3,0
89.019,compaction_end,3,42992650
89.030,compaction_begin,3,0
89.725,compaction_end,3,43367079
89.737,compaction_begin,3,0
90.533,compaction_end,3,42992648
90.545,compaction_begin,3,0
91.077,flush_begin,0,0
91.089,flush_end,0,2744905
91.343,compaction_end,3,43433215
91.355,compaction_begin,2,0
91.690,compaction_end,2,4813316
91.710,compaction_begin,3,0
91.909,compaction_end,3,43367078
91.924,compaction_begin,3,0
92.088,compaction_end,3,43367081
92.100,compaction_begin,3,0
92.272,compaction_end,3,43367082
92.285,compaction_begin,3,0
92.448,compaction_end,3,43367081
92.461,compaction_begin,3,0
92.721,compaction_end,3,43367079
92.735,compaction_begin,3,0
93.257,compaction_end,3,31140919
93.271,compaction_begin,3,0
94.021,compaction_end,3,42992651
94.032,compaction_begin,3,0
94.203,compaction_end,3,43367079
94.214,compaction_begin,3,0
94.935,compaction_end,3,42992648
94.947,compaction_begin,3,0
95.700,compaction_end,3,42992655
95.713,compaction_begin,3,0
96.483,compaction_end,3,42618172
96.495,compaction_begin,3,0
96.525,flush_begin,0,0
96.537,flush_end,0,2744685
97.243,compaction_end,3,42992651
97.257,compaction_begin,2,0
97.645,compaction_end,2,4847240
97.662,compaction_begin,3,0
97.857,compaction_end,3,43367078
97.871,compaction_begin,3,0
98.064,compaction_end,3,43367082
98.076,compaction_begin,3,0
98.245,compaction_end,3,43367081
98.256,compaction_begin,3,0
98.646,compaction_end,3,43367081
98.659,compaction_begin,3,0
99.171,compaction_end,3,43367079
99.182,compaction_begin,3,0
99.878,compaction_end,3,42992648
99.888,compaction_begin,3,0
100.611,compaction_end,3,42992648
100.623,compaction_begin,3,0
101.330,compaction_end,3,42992650
101.342,compaction_begin,3,0
101.514,compaction_end,3,42618172
101.525,compaction_begin,3,0
101.998,flush_begin,0,0
102.014,flush_end,0,2744213
102.299,compaction_end,3,42992651
102.309,compaction_begin,2,0
102.638,compaction_end,2,5008825
102.654,compaction_begin,3,0
102.834,compaction_end,3,43367078
102.847,compaction_begin,3,0
103.014,compaction_end,3,43367081
103.026,compaction_begin,3,0
103.317,compaction_end,3,43367082
103.325,compaction_begin,3,0
104.026,compaction_end,3,42992653
104.041,compaction_begin,3,0
104.207,compaction_end,3,43367079
104.219,compaction_begin,3,0
104.935,compaction_end,3,42992650
104.946,compaction_begin,3,0
105.110,compaction_end,3,42992648
105.123,compaction_begin,3,0
105.305,compaction_end,3,42618172
105.314,compaction_begin,3,0
106.081,compaction_end,3,42992648
106.094,compaction_begin,3,0
106.655,compaction_end,3,43367081
106.668,compaction_begin,3,0
107.389,compaction_end,3,42992650
107.401,compaction_begin,3,0
107.417,flush_begin,0,0
107.429,flush_end,0,2744734
108.091,compaction_end,3,43367079
108.102,compaction_begin,2,0
108.497,compaction_end,2,5210426
108.513,compaction_begin,3,0
108.695,compaction_end,3,43367078
108.707,compaction_begin,3,0
108.868,compaction_end,3,43367082
108.880,compaction_begin,3,0
109.044,compaction_end,3,43367081
109.055,compaction_begin,3,0
109.435,compaction_end,3,43367081
109.447,compaction_begin,3,0
110.110,compaction_end,3,42992650
110.123,compaction_begin,3,0
110.624,compaction_end,3,43367079
110.637,compaction_begin,3,0
111.355,compaction_end,3,42992653
111.366,compaction_begin,3,0
112.063,compaction_end,3,42992648
112.074,compaction_begin,3,0
112.762,compaction_end,3,42992648
112.774,compaction_begin,3,0
112.875,flush_begin,0,0
112.887,flush_end,0,2744687
113.512,compaction_end,3,42992653
113.523,compaction_begin,2,0
113.862,compaction_end,2,5264402
113.880,compaction_begin,3,0
114.077,compaction_end,3,43367078
114.091,compaction_begin,3,0
114.257,compaction_end,3,43367081
114.269,compaction_begin,3,0
114.545,compaction_end,3,43367082
114.559,compaction_begin,3,0
114.734,compaction_end,3,42992650
114.745,compaction_begin,3,0
114.913,compaction_end,3,43367079
114.925,compaction_begin,3,0
115.304,compaction_end,3,43367081
115.316,compaction_begin,3,0
115.491,compaction_end,3,42992648
115.502,compaction_begin,3,0
116.224,compaction_end,3,42992652
116.235,compaction_begin,3,0
116.953,compaction_end,3,42992648
116.966,compaction_begin,3,0
117.199,compaction_end,3,42992648
117.210,compaction_begin,3,0
117.943,compaction_end,3,42992655
117.954,compaction_begin,3,0
118.319,flush_begin,0,0
118.331,flush_end,0,2744726
118.654,compaction_end,3,43367079
118.666,compaction_begin,2,0
119.000,compaction_end,2,5242066
119.017,compaction_begin,3,0
119.212,compaction_end,3,43367078
119.225,compaction_begin,3,0
119.391,compaction_end,3,43367082
119.404,compaction_begin,3,0
119.567,compaction_end,3,43367081
119.581,compaction_begin,3,0
119.751,compaction_end,3,43367079
119.763,compaction_begin,3,0
119.930,compaction_end,3,43367081
119.942,compaction_begin,3,0
120.112,compaction_end,3,42992648
120.122,compaction_begin,3,0
120.875,compaction_end,3,44642301
120.889,compaction_begin,3,0
121.057,compaction_end,3,42992648
121.070,compaction_begin,3,0
121.236,compaction_end,3,43367079
121.249,compaction_begin,3,0
121.412,compaction_end,3,42992655
121.423,compaction_begin,3,0
121.592,compaction_end,3,42992648
121.603,compaction_begin,3,0
121.765,compaction_end,3,42992650
121.777,compaction_begin,3,0
122.525,compaction_end,3,42992649
122.538,compaction_begin,3,0
123.298,compaction_end,3,44404452
123.308,compaction_begin,3,0
123.762,flush_begin,0,0
123.773,flush_end,0,2744679
124.014,compaction_end,3,42992648
124.026,compaction_begin,2,0
124.399,compaction_end,2,5177757
124.415,compaction_begin,3,0
124.610,compaction_end,3,43367078
124.625,compaction_begin,3,0
124.789,compaction_end,3,43367081
124.802,compaction_begin,3,0
124.969,compaction_end,3,43367079
124.980,compaction_begin,3,0
125.140,compaction_end,3,43367082
125.152,compaction_begin,3,0
125.330,compaction_end,3,43367079
125.342,compaction_begin,3,0
125.618,compaction_end,3,43367081
125.630,compaction_begin,3,0
125.794,compaction_end,3,42992648
125.805,compaction_begin,3,0
126.537,compaction_end,3,41955152
126.548,compaction_begin,3,0
127.256,compaction_end,3,42992653
127.267,compaction_begin,3,0
128.010,compaction_end,3,43367083
128.021,compaction_begin,3,0
128.747,compaction_end,3,43655655
128.758,compaction_begin,3,0
128.936,compaction_end,3,42992649
128.947,compaction_begin,3,0
129.119,compaction_end,3,42992650
129.131,compaction_begin,3,0
129.198,flush_begin,0,0
129.211,flush_end,0,2744627
129.888,compaction_end,3,42992652
129.902,compaction_begin,2,0
130.257,compaction_end,2,5315113
130.276,compaction_begin,3,0
130.481,compaction_end,3,43367078
130.494,compaction_begin,3,0
130.666,compaction_end,3,43367082
130.679,compaction_begin,3,0
130.852,compaction_end,3,43367081
130.864,compaction_begin,3,0
131.617,compaction_end,3,44642295
131.628,compaction_begin,3,0
132.336,compaction_end,3,42992648
132.347,compaction_begin,3,0
132.519,compaction_end,3,43367081
132.531,compaction_begin,3,0
132.712,compaction_end,3,43367079
132.725,compaction_begin,3,0
133.240,compaction_end,3,43367079
133.252,compaction_begin,3,0
133.425,compaction_end,3,42992650
133.437,compaction_begin,3,0
133.610,compaction_end,3,42992652
133.622,compaction_begin,3,0
134.308,compaction_end,3,42992650
134.319,compaction_begin,3,0
134.494,compaction_end,3,42992653
134.505,compaction_begin,3,0
134.680,flush_begin,0,0
134.691,flush_end,0,2744858
135.306,compaction_end,3,45679539
135.318,compaction_begin,2,0
135.664,compaction_end,2,5269693
135.681,compaction_begin,3,0
135.879,compaction_end,3,43367078
135.892,compaction_begin,3,0
136.064,compaction_end,3,43367081
136.076,compaction_begin,3,0
136.250,compaction_end,3,43367082
136.263,compaction_begin,3,0
136.950,compaction_end,3,43655658
136.961,compaction_begin,3,0
137.135,compaction_end,3,43367079
137.147,compaction_begin,3,0
137.875,compaction_end,3,42992651
137.885,compaction_begin,3,0
138.058,compaction_end,3,43367081
138.070,compaction_begin,3,0
138.590,compaction_end,3,32415986
138.600,compaction_begin,3,0
139.280,compaction_end,3,42992648
139.291,compaction_begin,3,0
139.997,compaction_end,3,42992648
140.009,compaction_begin,3,0
140.116,flush_begin,0,0
140.128,flush_end,0,2744709
140.204,compaction_end,3,42992650
140.213,compaction_begin,2,0
140.547,compaction_end,2,5398223
140.567,compaction_begin,3,0
140.744,compaction_end,3,43367078
140.757,compaction_begin,3,0
140.920,compaction_end,3,43367081
140.932,compaction_begin,3,0
141.093,compaction_end,3,43367082
141.106,compaction_begin,3,0
141.290,compaction_end,3,43367079
141.302,compaction_begin,3,0
141.995,compaction_end,3,42618170
142.006,compaction_begin,3,0
142.169,compaction_end,3,43367081
142.181,compaction_begin,3,0
142.347,compaction_end,3,42992653
142.359,compaction_begin,3,0
142.529,compaction_end,3,43367082
142.540,compaction_begin,3,0
142.665,compaction_end,3,32415986
142.677,compaction_begin,3,0
142.841,compaction_end,3,43367077
142.852,compaction_begin,3,0
143.014,compaction_end,3,42992650
143.025,compaction_begin,3,0
143.193,compaction_end,3,42992648
143.204,compaction_begin,3,0
143.944,compaction_end,3,42992649
143.955,compaction_begin,3,0
144.646,compaction_end,3,41955152
144.657,compaction_begin,3,0
145.382,compaction_end,3,41955150
145.393,compaction_begin,3,0
145.562,flush_begin,0,0
145.573,flush_end,0,2744794
146.106,compaction_end,3,42992648
146.117,compaction_begin,2,0
146.481,compaction_end,2,5259218
146.496,compaction_begin,3,0
146.669,compaction_end,3,43367078
146.681,compaction_begin,3,0
146.971,compaction_end,3,43367082
146.983,compaction_begin,3,0
147.145,compaction_end,3,43367081
147.159,compaction_begin,3,0
147.544,compaction_end,3,43367081
147.556,compaction_begin,3,0
147.681,compaction_end,3,32415986
147.691,compaction_begin,3,0
147.853,compaction_end,3,42992650
147.864,compaction_begin,3,0
148.028,compaction_end,3,41955150
148.039,compaction_begin,3,0
148.513,compaction_end,3,43367079
148.525,compaction_begin,3,0
148.690,compaction_end,3,42992648
148.703,compaction_begin,3,0
149.408,compaction_end,3,42992650
149.419,compaction_begin,3,0
149.584,compaction_end,3,42992649
149.595,compaction_begin,3,0
149.769,compaction_end,3,42992648
149.784,compaction_begin,3,0
150.451,compaction_end,3,43281149
150.462,compaction_begin,3,0
150.660,compaction_end,3,41955152
150.671,compaction_begin,3,0
150.997,flush_begin,0,0
151.009,flush_end,0,2744302
151.457,compaction_end,3,42992648
151.471,compaction_begin,2,0
151.890,compaction_end,2,5421172
151.911,compaction_begin,3,0
152.100,compaction_end,3,43367081
152.114,compaction_begin,3,0
152.367,compaction_end,3,43367080
152.379,compaction_begin,3,0
152.880,compaction_end,3,43367083
152.894,compaction_begin,3,0
153.337,compaction_end,3,43367078
153.350,compaction_begin,3,0
153.531,compaction_end,3,42992650
153.542,compaction_begin,3,0
154.271,compaction_end,3,43367083
154.285,compaction_begin,3,0
154.497,compaction_end,3,43367079
154.510,compaction_begin,3,0
155.195,compaction_end,3,42992648
155.206,compaction_begin,3,0
155.425,compaction_end,3,43281149
155.436,compaction_begin,3,0
156.146,compaction_end,3,42992649
156.157,compaction_begin,3,0
156.442,flush_begin,0,0
156.453,flush_end,0,2744330
156.977,compaction_end,3,45679540
156.987,compaction_begin,2,0
157.337,compaction_end,2,5592931
157.353,compaction_begin,3,0
157.528,compaction_end,3,43367078
157.541,compaction_begin,3,0
157.706,compaction_end,3,43367081
157.720,compaction_begin,3,0
157.881,compaction_end,3,43367082
157.893,compaction_begin,3,0
158.115,compaction_end,3,43367081
158.127,compaction_begin,3,0
158.291,compaction_end,3,42992648
158.302,compaction_begin,3,0
158.981,compaction_end,3,42992648
158.992,compaction_begin,3,0
159.158,compaction_end,3,42992650
159.169,compaction_begin,3,0
159.361,compaction_end,3,43367079
159.374,compaction_begin,3,0
159.546,compaction_end,3,42992649
159.557,compaction_begin,3,0
160.266,compaction_end,3,42992653
160.277,compaction_begin,3,0
160.569,compaction_end,3,43367084
160.580,compaction_begin,3,0
161.103,compaction_end,3,32415986
161.113,compaction_begin,3,0
161.823,compaction_end,3,42992650
161.834,compaction_begin,3,0
161.885,flush_begin,0,0
161.897,flush_end,0,2744354
162.532,compaction_end,3,45305110
162.544,compaction_begin,2,0
162.943,compaction_end,2,5726830
162.961,compaction_begin,3,0
163.154,compaction_end,3,43367078
163.166,compaction_begin,3,0
163.335,compaction_end,3,43367082
163.348,compaction_begin,3,0
163.520,compaction_end,3,43367081
163.531,compaction_begin,3,0
163.919,compaction_end,3,43367081
163.932,compaction_begin,3,0
164.642,compaction_end,3,43367078
164.654,compaction_begin,3,0
165.328,compaction_end,3,43367077
165.339,compaction_begin,3,0
165.465,compaction_end,3,32415986
165.476,compaction_begin,3,0
165.762,compaction_end,3,43367079
165.775,compaction_begin,3,0
166.476,compaction_end,3,42992648
166.489,compaction_begin,3,0
166.656,compaction_end,3,42992650
166.667,compaction_begin,3,0
167.330,flush_begin,0,0
167.341,flush_end,0,2744776
167.475,compaction_end,3,45679535
167.487,compaction_begin,2,0
167.840,compaction_end,2,5701684
167.857,compaction_begin,3,0
168.041,compaction_end,3,43367078
168.054,compaction_begin,3,0
168.225,compaction_end,3,43367082
168.238,compaction_begin,3,0
168.404,compaction_end,3,43367079
168.416,compaction_begin,3,0
168.580,compaction_end,3,43367081
168.593,compaction_begin,3,0
168.947,compaction_end,3,43367081
168.959,compaction_begin,3,0
169.097,compaction_end,3,32415986
169.107,compaction_begin,3,0
169.269,compaction_end,3,42992648
169.280,compaction_begin,3,0
169.447,compaction_end,3,43367077
169.459,compaction_begin,3,0
170.164,compaction_end,3,42992648
170.176,compaction_begin,3,0
170.897,compaction_end,3,42992653
170.908,compaction_begin,3,0
171.605,compaction_end,3,41955152
171.617,compaction_begin,3,0
172.349,compaction_end,3,42992648
172.360,compaction_begin,3,0
172.746,flush_begin,0,0
172.758,flush_end,0,2744641
173.139,compaction_end,3,42992648
173.152,compaction_begin,2,0
173.552,compaction_end,2,5799481
173.569,compaction_begin,3,0
173.768,compaction_end,3,43367078
173.779,compaction_begin,3,0
173.940,compaction_end,3,43367081
173.956,compaction_begin,3,0
174.271,compaction_end,3,43367082
174.286,compaction_begin,3,0
174.465,compaction_end,3,43367081
174.478,compaction_begin,3,0
175.234,compaction_end,3,42992648
175.245,compaction_begin,3,0
175.759,compaction_end,3,43367079
175.771,compaction_begin,3,0
176.534,compaction_end,3,43367082
176.545,compaction_begin,3,0
177.266,compaction_end,3,42992648
177.279,compaction_begin,3,0
177.442,compaction_end,3,41955152
177.453,compaction_begin,3,0
177.615,compaction_end,3,42992648
177.626,compaction_begin,3,0
178.209,flush_begin,0,0
178.223,flush_end,0,2744824
178.404,compaction_end,3,42992650
178.418,compaction_begin,2,0
178.777,compaction_end,2,5750142
178.795,compaction_begin,3,0
178.991,compaction_end,3,43367078
179.003,compaction_begin,3,0
179.309,compaction_end,3,43367081
179.321,compaction_begin,3,0
179.604,compaction_end,3,43367082
179.616,compaction_begin,3,0
180.311,compaction_end,3,42992648
180.322,compaction_begin,3,0
181.005,compaction_end,3,43367084
181.015,compaction_begin,3,0
181.552,compaction_end,3,43367079
181.564,compaction_begin,3,0
182.287,compaction_end,3,42992648
182.298,compaction_begin,3,0
182.834,compaction_end,3,43367081
182.849,compaction_begin,3,0
183.017,compaction_end,3,42992648
183.028,compaction_begin,3,0
183.630,flush_begin,0,0
183.641,flush_end,0,2744538
183.744,compaction_end,3,42992648
183.756,compaction_begin,2,0
184.147,compaction_end,2,5928228
184.163,compaction_begin,3,0
184.345,compaction_end,3,43367078
184.357,compaction_begin,3,0
184.747,compaction_end,3,43367081
184.760,compaction_begin,3,0
185.054,compaction_end,3,43367082
185.066,compaction_begin,3,0
185.785,compaction_end,3,43367079
185.796,compaction_begin,3,0
185.963,compaction_end,3,43367081
185.974,compaction_begin,3,0
186.733,compaction_end,3,42992650
186.744,compaction_begin,3,0
187.283,compaction_end,3,43367079
187.295,compaction_begin,3,0
188.007,compaction_end,3,42992651
188.018,compaction_begin,3,0
188.736,compaction_end,3,42992648
188.748,compaction_begin,3,0
189.048,flush_begin,0,0
189.059,flush_end,0,2744529
189.467,compaction_end,3,42992648
189.478,compaction_begin,2,0
189.862,compaction_end,2,5945287
189.877,compaction_begin,3,0
190.053,compaction_end,3,43367078
190.065,compaction_begin,3,0
190.229,compaction_end,3,43367081
190.241,compaction_begin,3,0
190.633,compaction_end,3,43367081
190.645,compaction_begin,3,0
190.811,compaction_end,3,43367079
190.823,compaction_begin,3,0
191.107,compaction_end,3,43367082
191.120,compaction_begin,3,0
191.842,compaction_end,3,42992653
191.853,compaction_begin,3,0
192.586,compaction_end,3,43367079
192.597,compaction_begin,3,0
193.337,compaction_end,3,42992648
193.348,compaction_begin,3,0
194.117,compaction_end,3,42992653
194.128,compaction_begin,3,0
194.499,flush_begin,0,0
194.510,flush_end,0,2744746
194.865,compaction_end,3,42532258
194.875,compaction_begin,2,0
195.266,compaction_end,2,6058143
195.281,compaction_begin,3,0
195.464,compaction_end,3,43367078
195.476,compaction_begin,3,0
195.645,compaction_end,3,43367082
195.653,compaction_begin,3,0
195.823,compaction_end,3,43367079
195.839,compaction_begin,3,0
196.244,compaction_end,3,43367081
196.256,compaction_begin,3,0
196.429,compaction_end,3,43367079
196.440,compaction_begin,3,0
196.980,compaction_end,3,43367081
196.992,compaction_begin,3,0
197.703,compaction_end,3,42992650
197.714,compaction_begin,3,0
198.483,compaction_end,3,42992649
198.493,compaction_begin,3,0
199.243,compaction_end,3,42992652
199.255,compaction_begin,3,0
199.968,flush_begin,0,0
199.980,flush_end,0,2744603
200.051,compaction_end,3,42992648
200.065,compaction_begin,2,0
200.474,compaction_end,2,6043750
200.496,compaction_begin,3,0
200.687,compaction_end,3,43367078
200.700,compaction_begin,3,0
200.869,compaction_end,3,43367081
200.881,compaction_begin,3,0
201.178,compaction_end,3,43367082
201.189,compaction_begin,3,0
201.885,compaction_end,3,42532258
201.896,compaction_begin,3,0
202.407,compaction_end,3,43367079
202.419,compaction_begin,3,0
202.970,compaction_end,3,43367081
202.981,compaction_begin,3,0
203.663,compaction_end,3,41955152
203.674,compaction_begin,3,0
204.434,compaction_end,3,45305111
204.445,compaction_begin,3,0
205.177,compaction_end,3,42992651
205.188,compaction_begin,3,0
205.434,flush_begin,0,0
205.446,flush_end,0,2744606
205.909,compaction_end,3,42992648
205.919,compaction_begin,2,0
206.317,compaction_end,2,6161388
206.332,compaction_begin,3,0
206.509,compaction_end,3,43367078
206.521,compaction_begin,3,0
206.911,compaction_end,3,43367081
206.923,compaction_begin,3,0
207.209,compaction_end,3,43367082
207.220,compaction_begin,3,0
207.664,compaction_end,3,43367079
207.676,compaction_begin,3,0
208.044,compaction_end,3,43367081
208.056,compaction_begin,3,0
208.785,compaction_end,3,43367079
208.795,compaction_begin,3,0
209.466,compaction_end,3,43367084
209.480,compaction_begin,3,0
210.161,compaction_end,3,41955152
210.172,compaction_begin,3,0
210.857,compaction_end,3,42992650
210.867,compaction_begin,3,0
210.880,flush_begin,0,0
210.891,flush_end,0,2744351
211.606,compaction_end,3,43367077
211.616,compaction_begin,2,0
211.951,compaction_end,2,6281257
211.965,compaction_begin,3,0
212.139,compaction_end,3,43367078
212.151,compaction_begin,3,0
212.311,compaction_end,3,43367082
212.323,compaction_begin,3,0
212.514,compaction_end,3,43367081
212.526,compaction_begin,3,0
212.691,compaction_end,3,43367081
212.702,compaction_begin,3,0
213.106,compaction_end,3,43367079
213.118,compaction_begin,3,0
213.281,compaction_end,3,43367084
213.293,compaction_begin,3,0
213.976,compaction_end,3,42532258
213.986,compaction_begin,3,0
214.742,compaction_end,3,42992649
214.754,compaction_begin,3,0
215.498,compaction_end,3,42992651
215.511,compaction_begin,3,0
216.228,compaction_end,3,42992653
216.240,compaction_begin,3,0
216.304,flush_begin,0,0
216.318,flush_end,0,2745187
217.021,compaction_end,3,42992649
217.032,compaction_begin,2,0
217.415,compaction_end,2,6076900
217.432,compaction_begin,3,0
217.613,compaction_end,3,43367078
217.625,compaction_begin,3,0
217.832,compaction_end,3,43367081
217.844,compaction_begin,3,0
218.134,compaction_end,3,43367082
218.145,compaction_begin,3,0
218.356,compaction_end,3,43367079
218.368,compaction_begin,3,0
218.970,compaction_end,3,43367084
218.981,compaction_begin,3,0
219.496,compaction_end,3,43367081
219.509,compaction_begin,3,0
220.194,compaction_end,3,42992648
220.205,compaction_begin,3,0
220.931,compaction_end,3,42992653
220.940,compaction_begin,3,0
221.607,compaction_end,3,43367077
221.620,compaction_begin,3,0
221.788,flush_begin,0,0
221.800,flush_end,0,2744523
222.341,compaction_end,3,42992648
222.351,compaction_begin,2,0
222.738,compaction_end,2,5957714
222.753,compaction_begin,3,0
222.933,compaction_end,3,43367078
222.945,compaction_begin,3,0
223.335,compaction_end,3,43367081
223.347,compaction_begin,3,0
223.635,compaction_end,3,43367082
223.648,compaction_begin,3,0
223.827,compaction_end,3,43367084
223.839,compaction_begin,3,0
224.014,compaction_end,3,42992648
224.025,compaction_begin,3,0
224.197,compaction_end,3,42992648
224.208,compaction_begin,3,0
224.628,compaction_end,3,43367081
224.639,compaction_begin,3,0
225.337,compaction_end,3,41955152
225.348,compaction_begin,3,0
225.853,compaction_end,3,43367079
225.866,compaction_begin,3,0
226.608,compaction_end,3,42992650
226.618,compaction_begin,3,0
227.184,flush_begin,0,0
227.196,flush_end,0,2744427
227.331,compaction_end,3,43367077
227.341,compaction_begin,2,0
227.703,compaction_end,2,6128047
227.717,compaction_begin,3,0
227.898,compaction_end,3,43367078
227.911,compaction_begin,3,0
228.083,compaction_end,3,43367082
228.096,compaction_begin,3,0
228.270,compaction_end,3,43367077
228.281,compaction_begin,3,0
228.451,compaction_end,3,43367084
228.462,compaction_begin,3,0
228.833,compaction_end,3,43367081
228.845,compaction_begin,3,0
229.019,compaction_end,3,43367079
229.033,compaction_begin,3,0
229.204,compaction_end,3,43367081
229.215,compaction_begin,3,0
229.909,compaction_end,3,42532258
229.919,compaction_begin,3,0
230.663,compaction_end,3,42992649
230.673,compaction_begin,3,0
231.390,compaction_end,3,42992650
231.400,compaction_begin,3,0
232.168,compaction_end,3,44930720
232.178,compaction_begin,3,0
232.616,flush_begin,0,0
232.628,flush_end,0,2744687
232.894,compaction_end,3,42992648
232.904,compaction_begin,2,0
233.283,compaction_end,2,6282764
233.298,compaction_begin,3,0
233.486,compaction_end,3,43367078
233.500,compaction_begin,3,0
233.673,compaction_end,3,43367081
233.685,compaction_begin,3,0
233.983,compaction_end,3,43367082
233.995,compaction_begin,3,0
234.709,compaction_end,3,42992648
234.719,compaction_begin,3,0
235.431,compaction_end,3,42992648
235.441,compaction_begin,3,0
235.614,compaction_end,3,42992650
235.624,compaction_begin,3,0
235.797,compaction_end,3,42992648
235.808,compaction_begin,3,0
236.555,compaction_end,3,42992650
236.565,compaction_begin,3,0
237.099,compaction_end,3,43367079
237.111,compaction_begin,3,0
237.669,compaction_end,3,43367081
237.681,compaction_begin,3,0
238.060,flush_begin,0,0
238.072,flush_end,0,2744347
238.456,compaction_end,3,43367081
238.467,compaction_begin,2,0
238.853,compaction_end,2,6378164
238.868,compaction_begin,3,0
239.046,compaction_end,3,43367078
239.058,compaction_begin,3,0
239.448,compaction_end,3,43367081
239.460,compaction_begin,3,0
239.746,compaction_end,3,43367082
239.758,compaction_begin,3,0
239.923,compaction_end,3,43367079
239.934,compaction_begin,3,0
240.102,compaction_end,3,42992648
240.114,compaction_begin,3,0
240.285,compaction_end,3,43367081
240.296,compaction_begin,3,0
241.028,compaction_end,3,43058651
241.038,compaction_begin,3,0
241.747,compaction_end,3,43367078
241.757,compaction_begin,3,0
242.438,compaction_end,3,43367077
242.450,compaction_begin,3,0
243.171,compaction_end,3,43367077
243.182,compaction_begin,3,0
243.514,flush_begin,0,0
243.526,flush_end,0,2744552
243.939,compaction_end,3,42992652
243.950,compaction_begin,2,0
244.344,compaction_end,2,6346789
244.361,compaction_begin,3,0
244.539,compaction_end,3,43367080
244.551,compaction_begin,3,0
244.708,compaction_end,3,43367081
244.721,compaction_begin,3,0
245.167,compaction_end,3,43367078
245.178,compaction_begin,3,0
245.862,compaction_end,3,42992650
245.872,compaction_begin,3,0
246.425,compaction_end,3,43367079
246.441,compaction_begin,3,0
247.165,compaction_end,3,41955152
247.176,compaction_begin,3,0
247.924,compaction_end,3,42992654
247.934,compaction_begin,3,0
248.667,compaction_end,3,43367083
248.679,compaction_begin,3,0
248.974,flush_begin,0,0
248.986,flush_end,0,2744318
249.446,compaction_end,3,42992655
249.456,compaction_begin,2,0
249.851,compaction_end,2,6340006
249.866,compaction_begin,3,0
250.042,compaction_end,3,43367078
250.054,compaction_begin,3,0
250.217,compaction_end,3,43367081
250.225,compaction_begin,3,0
250.477,compaction_end,3,43367082
250.492,compaction_begin,3,0
250.694,compaction_end,3,43367079
250.706,compaction_begin,3,0
251.394,compaction_end,3,41955153
251.404,compaction_begin,3,0
252.081,compaction_end,3,43367076
252.092,compaction_begin,3,0
252.807,compaction_end,3,42992653
252.819,compaction_begin,3,0
253.528,compaction_end,3,41955150
253.538,compaction_begin,3,0
254.208,compaction_end,3,42618170
254.220,compaction_begin,3,0
254.417,flush_begin,0,0
254.429,flush_end,0,2744742
255.050,compaction_end,3,45917432
255.060,compaction_begin,2,0
255.444,compaction_end,2,6254042
255.456,compaction_begin,3,0
255.637,compaction_end,3,43367078
255.652,compaction_begin,3,0
255.850,compaction_end,3,43367082
255.861,compaction_begin,3,0
256.263,compaction_end,3,43367081
256.275,compaction_begin,3,0
256.442,compaction_end,3,43367076
256.453,compaction_begin,3,0
256.963,compaction_end,3,43367079
256.975,compaction_begin,3,0
257.697,compaction_end,3,43367082
257.707,compaction_begin,3,0
258.243,compaction_end,3,43367081
258.254,compaction_begin,3,0
258.986,compaction_end,3,42992649
258.995,compaction_begin,3,0
259.742,compaction_end,3,42992648
259.753,compaction_begin,3,0
259.852,flush_begin,0,0
259.864,flush_end,0,2744563
260.482,compaction_end,3,42992653
260.492,compaction_begin,2,0
260.880,compaction_end,2,6289789
260.896,compaction_begin,3,0
261.076,compaction_end,3,43367078
261.087,compaction_begin,3,0
261.254,compaction_end,3,43367081
261.266,compaction_begin,3,0
261.560,compaction_end,3,43367082
261.572,compaction_begin,3,0
261.774,compaction_end,3,43367079
261.786,compaction_begin,3,0
262.481,compaction_end,3,42992648
262.492,compaction_begin,3,0
262.658,compaction_end,3,42992649
262.668,compaction_begin,3,0
263.418,compaction_end,3,44556330
263.429,compaction_begin,3,0
263.982,compaction_end,3,43367081
263.994,compaction_begin,3,0
264.732,compaction_end,3,43367082
264.742,compaction_begin,3,0
265.327,flush_begin,0,0
265.339,flush_end,0,2745052
265.483,compaction_end,3,43367083
265.493,compaction_begin,2,0
265.851,compaction_end,2,6186319
265.866,compaction_begin,3,0
266.043,compaction_end,3,43367078
266.055,compaction_begin,3,0
266.219,compaction_end,3,43367082
266.232,compaction_begin,3,0
266.629,compaction_end,3,43367081
266.641,compaction_begin,3,0
266.808,compaction_end,3,43367081
266.819,compaction_begin,3,0
267.504,compaction_end,3,42992648
267.515,compaction_begin,3,0
267.682,compaction_end,3,43367083
267.693,compaction_begin,3,0
268.424,compaction_end,3,43367082
268.435,compaction_begin,3,0
269.179,compaction_end,3,42992653
269.189,compaction_begin,3,0
269.968,compaction_end,3,44930720
269.978,compaction_begin,3,0
270.508,compaction_end,3,43367079
270.519,compaction_begin,3,0
270.798,flush_begin,0,0
270.809,flush_end,0,2744606
271.271,compaction_end,3,42992651
271.282,compaction_begin,2,0
271.654,compaction_end,2,6007210
271.667,compaction_begin,3,0
271.835,compaction_end,3,43367078
271.847,compaction_begin,3,0
272.237,compaction_end,3,43367081
272.249,compaction_begin,3,0
272.534,compaction_end,3,43367082
272.546,compaction_begin,3,0
273.077,compaction_end,3,43367081
273.089,compaction_begin,3,0
273.276,compaction_end,3,43367079
273.288,compaction_begin,3,0
273.984,compaction_end,3,43367083
273.995,compaction_begin,3,0
274.686,compaction_end,3,42992648
274.697,compaction_begin,3,0
275.408,compaction_end,3,42992650
275.419,compaction_begin,3,0
276.117,compaction_end,3,42532261
276.128,compaction_begin,3,0
276.214,flush_begin,0,0
276.226,flush_end,0,2744624
276.872,compaction_end,3,43367076
276.883,compaction_begin,2,0
277.283,compaction_end,2,5949683
277.297,compaction_begin,3,0
277.473,compaction_end,3,43367078
277.486,compaction_begin,3,0
277.877,compaction_end,3,43367081
277.889,compaction_begin,3,0
278.181,compaction_end,3,43367082
278.193,compaction_begin,3,0
278.730,compaction_end,3,43367079
278.742,compaction_begin,3,0
278.906,compaction_end,3,43367076
278.917,compaction_begin,3,0
279.435,compaction_end,3,43367081
279.448,compaction_begin,3,0
280.169,compaction_end,3,43367077
280.181,compaction_begin,3,0
280.918,compaction_end,3,42992652
280.929,compaction_begin,3,0
281.182,compaction_end,3,42532261
281.193,compaction_begin,3,0
281.622,flush_begin,0,0
281.633,flush_end,0,2744650
281.898,compaction_end,3,42992648
281.910,compaction_begin,2,0
282.252,compaction_end,2,6029904
282.268,compaction_begin,3,0
282.454,compaction_end,3,43367078
282.466,compaction_begin,3,0
282.626,compaction_end,3,43367082
282.639,compaction_begin,3,0
282.961,compaction_end,3,43367081
282.972,compaction_begin,3,0
283.135,compaction_end,3,43367079
283.147,compaction_begin,3,0
283.313,compaction_end,3,43367081
283.325,compaction_begin,3,0
283.492,compaction_end,3,43367077
283.503,compaction_begin,3,0
283.667,compaction_end,3,42532261
283.678,compaction_begin,3,0
284.398,compaction_end,3,43367082
284.408,compaction_begin,3,0
285.159,compaction_end,3,44404451
285.170,compaction_begin,3,0
285.893,compaction_end,3,43367080
285.904,compaction_begin,3,0
286.584,compaction_end,3,43367083
286.595,compaction_begin,3,0
287.046,flush_begin,0,0
287.057,flush_end,0,2744424
287.334,compaction_end,3,43367082
287.344,compaction_begin,2,0
287.733,compaction_end,2,6114303
287.748,compaction_begin,3,0
287.933,compaction_end,3,43367078
287.946,compaction_begin,3,0
288.243,compaction_end,3,43367082
288.255,compaction_begin,3,0
288.645,compaction_end,3,43367081
288.656,compaction_begin,3,0
289.372,compaction_end,3,43367083
289.383,compaction_begin,3,0
290.094,compaction_end,3,41955150
290.105,compaction_begin,3,0
290.803,compaction_end,3,42992650
290.814,compaction_begin,3,0
293.176,compaction_end,3,43367081
293.191,compaction_begin,3,0
293.273,flush_begin,0,0
293.285,flush_end,0,2744597
293.949,compaction_end,3,42992648
293.961,compaction_begin,2,0
294.326,compaction_end,2,6301055
294.341,compaction_begin,3,0
294.523,compaction_end,3,43367078
294.536,compaction_begin,3,0
294.699,compaction_end,3,43367082
294.712,compaction_begin,3,0
294.881,compaction_end,3,43367081
294.894,compaction_begin,3,0
295.059,compaction_end,3,43367081
295.070,compaction_begin,3,0
295.579,compaction_end,3,43367079
295.590,compaction_begin,3,0
296.315,compaction_end,3,42992648
296.326,compaction_begin,3,0
297.011,compaction_end,3,42992648
297.022,compaction_begin,3,0
297.742,compaction_end,3,42992653
297.753,compaction_begin,3,0
297.894,flush_begin,0,0
297.905,flush_end,0,2744746
298.424,compaction_end,3,42992650
298.436,compaction_begin,2,0
298.804,compaction_end,2,6363838
298.821,compaction_begin,3,0
299.010,compaction_end,3,43367078
299.023,compaction_begin,3,0
299.184,compaction_end,3,43367082
299.197,compaction_begin,3,0
299.358,compaction_end,3,43367081
299.369,compaction_begin,3,0
300.056,compaction_end,3,43367076
300.068,compaction_begin,3,0
300.244,compaction_end,3,43367079
300.257,compaction_begin,3,0
300.423,compaction_end,3,42992648
300.434,compaction_begin,3,0
300.982,compaction_end,3,43367081
300.994,compaction_begin,3,0
301.158,compaction_end,3,42992650
301.170,compaction_begin,3,0
301.861,compaction_end,3,42992653
301.871,compaction_begin,3,0
302.082,compaction_end,3,42992653
302.092,compaction_begin,3,0
302.762,compaction_end,3,41955153
302.773,compaction_begin,3,0
303.335,flush_begin,0,0
303.347,flush_end,0,2744868
303.492,compaction_end,3,42992653
303.503,compaction_begin,2,0
303.885,compaction_end,2,6340674
303.901,compaction_begin,3,0
304.088,compaction_end,3,43367078
304.100,compaction_begin,3,0
304.260,compaction_end,3,43367081
304.272,compaction_begin,3,0
304.560,compaction_end,3,43367082
304.572,compaction_begin,3,0
304.736,compaction_end,3,43367079
304.747,compaction_begin,3,0
304.907,compaction_end,3,41955153
304.918,compaction_begin,3,0
305.081,compaction_end,3,42992653
305.091,compaction_begin,3,0
305.253,compaction_end,3,42992650
305.266,compaction_begin,3,0
306.009,compaction_end,3,44181991
306.019,compaction_begin,3,0
306.183,compaction_end,3,42992653
306.194,compaction_begin,3,0
306.959,compaction_end,3,42992650
306.971,compaction_begin,3,0
307.671,compaction_end,3,42992650
307.683,compaction_begin,3,0
308.226,compaction_end,3,43367081
308.238,compaction_begin,3,0
308.769,flush_begin,0,0
308.781,flush_end,0,2745038
308.984,compaction_end,3,43367082
308.994,compaction_begin,2,0
309.402,compaction_end,2,6368912
309.418,compaction_begin,3,0
309.602,compaction_end,3,43367078
309.614,compaction_begin,3,0
309.775,compaction_end,3,43367082
309.788,compaction_begin,3,0
309.952,compaction_end,3,43367081
309.964,compaction_begin,3,0
310.345,compaction_end,3,43367081
310.357,compaction_begin,3,0
310.859,compaction_end,3,43367079
310.870,compaction_begin,3,0
311.567,compaction_end,3,42992651
311.577,compaction_begin,3,0
312.295,compaction_end,3,43367081
312.306,compaction_begin,3,0
312.987,compaction_end,3,42992648
312.997,compaction_begin,3,0
313.720,compaction_end,3,43367081
313.730,compaction_begin,3,0
314.193,flush_begin,0,0
314.205,flush_end,0,2745000
314.469,compaction_end,3,43367082
314.479,compaction_begin,2,0
314.828,compaction_end,2,6309496
314.844,compaction_begin,3,0
315.031,compaction_end,3,43367078
315.043,compaction_begin,3,0
315.202,compaction_end,3,43367081
315.213,compaction_begin,3,0
315.372,compaction_end,3,43367082
315.384,compaction_begin,3,0
316.078,compaction_end,3,42992653
316.090,compaction_begin,3,0
316.762,compaction_end,3,43367083
316.773,compaction_begin,3,0
317.313,compaction_end,3,43367081
317.324,compaction_begin,3,0
318.024,compaction_end,3,42992653
318.034,compaction_begin,3,0
318.707,compaction_end,3,43367076
318.719,compaction_begin,3,0
319.440,compaction_end,3,42992653
319.450,compaction_begin,3,0
319.616,flush_begin,0,0
319.628,flush_end,0,2744661
320.193,compaction_end,3,42992651
320.206,compaction_begin,2,0
320.562,compaction_end,2,6331233
320.580,compaction_begin,3,0
320.768,compaction_end,3,43367078
320.780,compaction_begin,3,0
320.944,compaction_end,3,43367081
320.956,compaction_begin,3,0
321.118,compaction_end,3,43367082
321.131,compaction_begin,3,0
321.813,compaction_end,3,42532261
321.823,compaction_begin,3,0
322.316,compaction_end,3,43367079
322.328,compaction_begin,3,0
323.049,compaction_end,3,43367082
323.059,compaction_begin,3,0
323.733,compaction_end,3,42992650
323.743,compaction_begin,3,0
324.284,compaction_end,3,43367081
324.295,compaction_begin,3,0
325.008,compaction_end,3,43367082
325.018,compaction_begin,3,0
325.021,flush_begin,0,0
325.032,flush_end,0,2744483
325.774,compaction_end,3,43367080
325.784,compaction_begin,2,0
326.167,compaction_end,2,6400211
326.183,compaction_begin,3,0
326.370,compaction_end,3,43367081
326.382,compaction_begin,3,0
326.547,compaction_end,3,43367079
326.558,compaction_begin,3,0
326.977,compaction_end,3,43367078
326.988,compaction_begin,3,0
327.151,compaction_end,3,43367080
327.163,compaction_begin,3,0
327.331,compaction_end,3,42992650
327.342,compaction_begin,3,0
327.551,compaction_end,3,43367083
327.563,compaction_begin,3,0
328.251,compaction_end,3,42992653
328.261,compaction_begin,3,0
328.944,compaction_end,3,42992655
328.954,compaction_begin,3,0
329.623,compaction_end,3,41955155
329.633,compaction_begin,3,0
330.346,compaction_end,3,43367080
330.356,compaction_begin,3,0
330.454,flush_begin,0,0
330.466,flush_end,0,2744628
330.772,compaction_end,3,23742569
330.783,compaction_begin,2,0
331.170,compaction_end,2,6309952
331.185,compaction_begin,3,0
331.360,compaction_end,3,43367078
331.373,compaction_begin,3,0
331.539,compaction_end,3,43367082
331.551,compaction_begin,3,0
331.712,compaction_end,3,43367081
331.725,compaction_begin,3,0
331.888,compaction_end,3,42992650
331.899,compaction_begin,3,0
332.120,compaction_end,3,43367081
332.132,compaction_begin,3,0
332.354,compaction_end,3,43367081
332.367,compaction_begin,3,0
332.830,compaction_end,3,43367079
332.841,compaction_begin,3,0
333.501,compaction_end,3,43367083
333.513,compaction_begin,3,0
334.216,compaction_end,3,43367082
334.226,compaction_begin,3,0
334.937,compaction_end,3,43367080
334.948,compaction_begin,3,0
335.622,compaction_end,3,42992648
335.632,compaction_begin,3,0
335.898,flush_begin,0,0
335.909,flush_end,0,2744724
336.419,compaction_end,3,42992649
336.432,compaction_begin,2,0
336.834,compaction_end,2,6332593
336.852,compaction_begin,3,0
337.031,compaction_end,3,43367078
337.044,compaction_begin,3,0
337.334,compaction_end,3,43367082
337.346,compaction_begin,3,0
337.510,compaction_end,3,42992648
337.520,compaction_begin,3,0
337.905,compaction_end,3,43367081
337.919,compaction_begin,3,0
338.083,compaction_end,3,43367081
338.094,compaction_begin,3,0
338.753,compaction_end,3,43367076
338.764,compaction_begin,3,0
339.061,compaction_end,3,43367079
339.071,compaction_begin,3,0
339.364,compaction_end,3,43367083
339.378,compaction_begin,3,0
340.092,compaction_end,3,43367079
340.102,compaction_begin,3,0
340.824,compaction_end,3,42992649
340.834,compaction_begin,3,0
341.334,flush_begin,0,0
341.347,flush_end,0,2744699
341.529,compaction_end,3,42992648
341.540,compaction_begin,2,0
341.932,compaction_end,2,6219321
341.948,compaction_begin,3,0
342.131,compaction_end,3,43367081
342.143,compaction_begin,3,0
342.357,compaction_end,3,43367080
342.369,compaction_begin,3,0
342.533,compaction_end,3,42992648
342.543,compaction_begin,3,0
343.217,compaction_end,3,42992650
343.228,compaction_begin,3,0
343.503,compaction_end,3,43367078
343.516,compaction_begin,3,0
343.836,compaction_end,3,43367083
343.849,compaction_begin,3,0
344.058,compaction_end,3,43367079
344.070,compaction_begin,3,0
344.765,compaction_end,3,43367082
344.776,compaction_begin,3,0
345.434,compaction_end,3,43367076
345.445,compaction_begin,3,0
345.611,compaction_end,3,42992649
345.622,compaction_begin,3,0
346.302,compaction_end,3,42532263
346.313,compaction_begin,3,0
346.771,flush_begin,0,0
346.783,flush_end,0,2744571
347.068,compaction_end,3,42992651
347.078,compaction_begin,2,0
347.474,compaction_end,2,6311516
347.489,compaction_begin,3,0
347.663,compaction_end,3,43367078
347.676,compaction_begin,3,0
347.933,compaction_end,3,43367082
347.944,compaction_begin,3,0
348.105,compaction_end,3,43367081
348.118,compaction_begin,3,0
348.338,compaction_end,3,43367081
348.349,compaction_begin,3,0
349.016,compaction_end,3,43367079
349.027,compaction_begin,3,0
349.191,compaction_end,3,43367079
349.203,compaction_begin,3,0
349.910,compaction_end,3,43367080
349.921,compaction_begin,3,0
350.139,compaction_end,3,43367078
350.151,compaction_begin,3,0
350.863,compaction_end,3,43367077
350.874,compaction_begin,3,0
351.572,compaction_end,3,42992650
351.583,compaction_begin,3,0
352.211,flush_begin,0,0
352.223,flush_end,0,2744691
352.282,compaction_end,3,43367083
352.293,compaction_begin,2,0
352.668,compaction_end,2,6202460
352.685,compaction_begin,3,0
352.873,compaction_end,3,43367078
352.884,compaction_begin,3,0
353.191,compaction_end,3,43367082
353.203,compaction_begin,3,0
353.593,compaction_end,3,43367081
353.605,compaction_begin,3,0
353.774,compaction_end,3,43367079
353.786,compaction_begin,3,0
354.489,compaction_end,3,41955150
354.500,compaction_begin,3,0
354.667,compaction_end,3,43367083
354.678,compaction_begin,3,0
355.389,compaction_end,3,43367082
355.400,compaction_begin,3,0
355.564,compaction_end,3,42992650
355.575,compaction_begin,3,0
