tree
version=v4
num_class=1
num_tree_per_iteration=1
label_index=0
max_feature_idx=17
objective=binary sigmoid:1
feature_names=read_rate_t-6 read_rate_t-5 read_rate_t-4 read_rate_t-3 read_rate_t-2 read_rate_t-1 write_rate_t-6 write_rate_t-5 write_rate_t-4 write_rate_t-3 write_rate_t-2 write_rate_t-1 hour minute second precursor_rate_0 precursor_rate_1 precursor_rate_2
feature_infos=[0:37] [0:37] [0:37] [0:37] [0:37] [0:37] [0:20] [0:20] [0:20] [0:20] [0:20] [0:20] none [0:6] [0:58] [0:37] [0:37] [0:37]
tree_sizes=3415 3530 3537 3537 3550 3534 3539 3535 3531 3516 3534 3531 3532 3541 3522 3520 3553 3515 3515 3515 3525 3512 3530 3498 3519 3520 3512 3521 3517 3510 3511 3514 3511 3499 3508 3506 3523 3526 3508 3524 3483 3518 3512 3513 3520 3502 3523 3497 3505 3497 3490 3535 3510 3504 3510 3495 3505 3513 3520 3520 3514 3512 3522 3500 3500 3495 3508 3523 3521 3534 3511 3522 3509 3517 3514 3526 3511 3516 3497 3483 3500 3515 3516 3520 3520 3499 3519 3514 3501 3506 3507 3528 3488 3494 3518 3512 3481 3504 3469 3507 3494 3515 3520 3492 3472 3520 3491 3499 3514 3468 3492 3465 3505 3468 3516 3474 3493 3449 3491 3485 3466 3480 3509 3447 3485 3475 3504 3505 3487 3490 3493 3445 3462 3504 3491 3487 3466 3507 3426 3468 3504 3432 3479 3477 3435 3457 3493 3510 3416 3431 3476 3467 3500 3472 3490 3466 3433 3480 3481 3461 3460 3481 3505 3432 3437 3458 3464 3462 3448 3423 3453 3409 3452 3459 3418 3412 3504 3474 3424 3411 3424 3457 3521 3444 3441 3472 3411 3491 3462 3452 3472 3456 3462 3455 3463 3463 3422 3450 3458 3466 3443 3470 3442 3467 3444 3450 3499 3437 3410 3452 3431 3436 3462 3433 3447 3467 3466 3441 3430 3455 3459 3420 3423 3462 3459 3417 3453 3468 3494 3457 3478

Tree=0
num_leaves=31
num_cat=0
split_feature=0 5 3 5 5 2 3 2 0 1 3 0 3 11 4 1 4 2 3 1 5 1 4 15 2 3 4 2 1 1
split_gain=4091.83 1600.66 1168.85 831.716 467.774 401.385 374.11 358.566 330.278 269.604 235.046 220.577 192.622 176.839 175.05 123.994 120.307 106.143 98.3882 78.3965 74.1457 72.9905 71.6167 60.9755 54.9421 54.7095 54.009 49.288 42.567 37.1274
threshold=6.5000000000000009 3.5000000000000004 3.5000000000000004 3.5000000000000004 1.0000000180025095e-35 2.5000000000000004 1.0000000180025095e-35 1.0000000180025095e-35 1.0000000180025095e-35 1.0000000180025095e-35 1.0000000180025095e-35 1.0000000180025095e-35 3.5000000000000004 1.0000000180025095e-35 1.0000000180025095e-35 1.0000000180025095e-35 1.0000000180025095e-35 1.0000000180025095e-35 1.5000000000000002 1.0000000180025095e-35 1.5000000000000002 1.0000000180025095e-35 1.0000000180025095e-35 2.5000000000000004 3.5000000000000004 1.0000000180025095e-35 3.5000000000000004 3.5000000000000004 4.5000000000000009 1.0000000180025095e-35
decision_type=2 2 2 2 2 2 2 2 2 2 2 2 2 2 2 2 2 2 2 2 2 2 2 2 2 2 2 2 2 2
left_child=1 4 10 12 23 19 20 -8 -9 -10 29 -12 25 16 -13 -7 -11 -16 -5 -4 -6 -19 -17 -1 -14 -2 -21 -18 -27 -3
right_child=3 2 5 18 6 15 7 8 9 13 11 14 24 -15 17 22 27 21 -20 26 -22 -23 -24 -25 -26 28 -28 -29 -30 -31
leaf_value=0.3914786291235931 0.38605251094849491 0.37966309896564282 0.3911833980403247 0.42775265307534105 0.39272650710878743 0.41180382023504941 0.38566959480228885 0.39025106253781933 0.39507845887499027 0.40863187666153061 0.38954399749714352 0.39442137511375619 0.42796319670547223 0.40322239493587192 0.40384667684246761 0.4192593937717265 0.43300886063334471 0.41073966876594037 0.47537096191078965 0.41427155813447114 0.37948406300199572 0.44626692564186754 0.46985436373055078 0.37862663128248508 0.46977307968944754 0.40624957249044719 0.44901413303644644 0.45257715448903635 0.44885712108075737 0.39280986968280973
leaf_weight=986.50228416919708 313.36237841844559 972.31319719552994 233.51870256662369 115.67713278532028 1373.9365064501762 113.51269578933716 3117.5107532143593 1830.3922196030617 988.90721416473389 344.38597536087036 909.06353831291199 468.96134912967682 158.4848867058754 601.71348488330841 282.33878147602081 74.793322861194611 710.41632068157196 181.57221466302872 1742.6122747659683 321.7796334028244 4582.8345994949341 709.45434868335724 1078.370609998703 14314.383826434612 155.83946371078491 317.21026641130447 171.47150868177414 588.24587690830231 71.907406866550446 1199.5790817737579
leaf_count=4102 1303 4043 971 481 5713 472 12963 7611 4112 1432 3780 1950 659 2502 1174 311 2954 755 7246 1338 19056 2950 4484 59521 648 1319 713 2446 299 4988
internal_value=0.395104 0.390539 0.412564 0.452514 0.385514 0.44467 0.39207 0.39901 0.407223 0.41683 0.399013 0.409304 0.416159 0.426413 0.420242 0.461665 0.434905 0.430562 0.472407 0.41505 0.382538 0.439027 0.466573 0.379455 0.448692 0.401601 0.426349 0.441873 0.414123 0.386924
internal_weight=39031.1 36156 6716.73 2875.09 29439.2 1993.45 14138.3 8181.57 5064.06 3233.67 4723.28 2551.39 1016.8 2244.76 1642.33 1266.68 1643.05 1173.37 1858.29 726.77 5956.77 891.027 1153.16 15300.9 314.324 702.48 493.251 1298.66 389.118 2171.89
internal_count=162296 150341 27929 11955 122412 8289 58789 34020 21057 13446 19640 10609 4228 9334 6829 5267 6832 4879 7727 3022 24769 3705 4795 63623 1307 2921 2051 5400 1618 9031
is_linear=0
shrinkage=1


Tree=1
num_leaves=31
num_cat=0
split_feature=0 2 4 3 3 0 2 4 1 3 3 1 0 3 4 10 3 2 0 1 0 3 1 0 4 4 1 8 3 2
split_gain=3812.66 1264.75 1093.34 747.759 382.684 322.486 306.681 286.248 215.989 220.216 174.946 151.891 133.216 124.083 107.627 112.973 87.5054 85.9498 81.6949 76.9022 75.4958 70.1019 67.628 63.0015 65.993 62.5097 61.6741 50.1727 49.506 46.4273
threshold=6.5000000000000009 3.5000000000000004 3.5000000000000004 3.5000000000000004 2.5000000000000004 1.0000000180025095e-35 1.0000000180025095e-35 3.5000000000000004 1.0000000180025095e-35 3.5000000000000004 3.5000000000000004 3.5000000000000004 1.0000000180025095e-35 1.0000000180025095e-35 1.0000000180025095e-35 1.0000000180025095e-35 1.0000000180025095e-35 2.5000000000000004 1.0000000180025095e-35 1.0000000180025095e-35 1.0000000180025095e-35 1.0000000180025095e-35 1.0000000180025095e-35 1.0000000180025095e-35 1.0000000180025095e-35 1.0000000180025095e-35 3.5000000000000004 1.0000000180025095e-35 1.0000000180025095e-35 1.0000000180025095e-35
decision_type=2 2 2 2 2 2 2 2 2 2 2 2 2 2 2 2 2 2 2 2 2 2 2 2 2 2 2 2 2 2
left_child=1 5 8 11 18 -1 -7 13 -3 16 19 28 -6 -8 -15 26 -10 -5 -4 -9 -11 -20 -14 -18 -25 -22 -16 -21 -2 -13
right_child=3 2 4 17 12 6 7 10 9 20 -12 29 22 14 15 -17 23 -19 21 27 25 -23 -24 24 -26 -27 -28 -29 -30 -31
leaf_value=-0.014498330935217902 -0.0075526452798087137 -0.01135311506699538 -0.0068226760820949833 0.044128537837928757 0.015337433181895781 -0.010942169616379865 -0.010183777657219284 -0.0077502018420657105 -0.0080942412297294684 0.0060791375274832941 0.04696641842932224 0.0070695293998416231 0.021792028235947662 -0.0051990741801488305 0.013788925977661149 -0.0048461782692126656 -0.0037904927410681677 0.078594762454226474 0.0059387022610783297 0.02831345072592641 0.014370269134746773 0.045063612472083577 0.071908685193919894 0.0012974900020993468 0.031374532878617217 0.054074559291930425 0.038155311377492923 -0.00045898151438947233 0.019634556109938577 0.058584897396117178
leaf_weight=13518.264718994498 300.02752380073071 1808.6114344596863 235.46561971306801 203.3908749371767 130.45390366017818 8007.9881187677383 2625.3279832154512 368.53393366932869 995.78874628245831 170.88205866515636 482.8586134314537 52.675632372498512 71.90329597890377 1747.6324925124645 1031.7452577203512 691.18404561281204 415.14216034114361 1634.531673297286 192.59025312960148 535.00458660721779 131.63769496977329 282.31767496466637 1054.5398046821356 288.67716374993324 495.27030453085899 401.44678641855717 347.04568515717983 211.37685503065586 378.91274544596672 257.71251654624939
leaf_count=56085 1247 7506 977 855 543 33227 10889 1530 4131 711 2022 220 299 7262 4300 2878 1723 6912 799 2232 548 1182 4444 1200 2073 1688 1451 880 1584 1083
internal_value=-8.17985e-06 -0.00437079 0.0152879 0.0559148 0.0465914 -0.00880873 -0.00401622 0.00288154 0.00220604 0.0106657 0.0218258 0.0208669 0.0631701 -0.00181643 0.00393771 0.0116517 0.00286106 0.0747806 0.0172578 0.0109377 0.0349996 0.0291972 0.0687096 0.0119589 0.0202991 0.0442701 0.019922 0.020165 0.00762038 0.0498423
internal_weight=39068.9 36241.7 6674.73 2827.25 1967.27 29567 16048.7 8040.71 4707.46 2898.84 1597.77 989.328 1256.9 6442.94 3817.61 2069.97 2194.88 1837.92 710.374 1114.92 703.967 474.908 1126.44 1199.09 783.947 533.084 1378.79 746.381 678.94 310.388
internal_count=162481 150580 27824 11901 8244 122756 66671 33444 19580 12074 6664 4134 5286 26780 15891 8629 9127 7767 2958 4642 2947 1981 4743 4996 3273 2236 5751 3112 2831 1303
is_linear=0
shrinkage=0.05


Tree=2
num_leaves=31
num_cat=0
split_feature=0 5 4 5 5 2 2 4 4 2 1 2 0 1 4 4 0 1 2 11 0 1 1 0 2 5 2 1 15 8
split_gain=3442.13 1334.44 963.118 715.617 408.816 351.401 280.687 208.202 186.381 186.898 147.67 123.303 116.875 125.475 84.4361 76.9588 71.2782 70.3567 70.0776 67.1848 66.572 66.3283 63.6093 60.8436 56.8677 55.7793 50.8951 48.5126 48.1671 47.213
threshold=6.5000000000000009 3.5000000000000004 3.5000000000000004 3.5000000000000004 1.0000000180025095e-35 3.5000000000000004 3.5000000000000004 3.5000000000000004 1.0000000180025095e-35 3.5000000000000004 3.5000000000000004 1.0000000180025095e-35 1.0000000180025095e-35 3.5000000000000004 1.0000000180025095e-35 1.0000000180025095e-35 1.0000000180025095e-35 2.5000000000000004 3.5000000000000004 1.0000000180025095e-35 1.0000000180025095e-35 1.0000000180025095e-35 2.5000000000000004 1.0000000180025095e-35 1.0000000180025095e-35 1.0000000180025095e-35 1.0000000180025095e-35 1.0000000180025095e-35 4.5000000000000009 1.0000000180025095e-35
decision_type=2 2 2 2 2 2 2 2 2 2 2 2 2 2 2 2 2 2 2 2 2 2 2 2 2 2 2 2 2 2
left_child=1 4 8 10 28 11 12 15 -3 21 -2 -4 -6 24 -15 -8 -9 -11 -5 23 -13 -10 -7 -17 -14 -12 -23 -26 -1 -29
right_child=3 2 5 18 6 22 7 16 9 17 25 20 13 14 -16 19 -18 -19 -20 -21 -22 26 -24 -25 27 -27 -28 29 -30 -31
leaf_value=-0.007411713703797413 0.0064287417575539076 -0.0071514193633255676 0.00071248100687134556 0.050030959617109919 -0.011451930460571337 0.041187594821494401 -0.006931020131078585 0.0073597083077247775 -0.0066605646918533037 0.018794548233506844 0.01012227798804779 0.0087088965944090296 -0.009770497859061195 -0.0046288869862354419 0.023771512192006263 0.00052373847064461968 0.046830293923917729 0.05245236534304596 0.076899750904756453 -0.0045885572731550516 0.046366130825965898 0.00027253991678912983 0.072524007029961021 0.032441480261435798 -0.0067345809504238147 0.060029906220649243 0.021364967554199095 0.013868347892809356 -0.015511540149243472 -0.00530886711209725
leaf_weight=2128.9936254918575 678.63877330720425 2171.6175318807364 359.79845862090588 289.77656506001949 5230.1559654921293 203.65917108952999 852.00260972976685 150.24637660384178 740.15219719707966 293.68371529877186 73.484508782625198 154.66870905458927 2663.1276054680347 406.55570270121098 734.56845723092556 218.22260625660419 479.14127241075039 329.42647367715836 1492.9354145973921 347.53809325397015 486.60244153439999 495.08336953818798 790.60614022612572 472.82065816223621 1201.1863995790482 235.11078569293022 677.20209002494812 892.95733100175858 13311.338735863566 501.02098803222179
leaf_count=8824 2840 9007 1494 1235 21648 862 3536 624 3069 1229 310 642 11028 1686 3068 905 2031 1396 6434 1445 2055 2055 3388 1989 4987 1002 2833 3728 55086 2086
internal_value=-0.000105074 -0.00420554 0.0159394 0.05362 -0.00876862 0.0450508 -0.00262932 0.0124991 0.00359924 0.0128068 0.0194688 0.0241394 -0.00590745 -0.00137601 0.0136531 0.00420682 0.0374079 0.0365888 0.0725323 0.0133438 0.0372836 0.0050582 0.0661052 0.0223623 -0.00463755 0.0481456 0.0124571 0.000629826 -0.0143947 0.00697571
internal_weight=39062.3 36292.4 6702.5 2769.95 29589.9 1995.33 14149.5 2519.97 4707.17 2535.55 987.234 1001.07 11629.6 6399.42 1141.12 1890.58 629.388 623.11 1782.71 1038.58 641.271 1912.44 994.265 691.043 5258.29 308.595 1172.29 2595.16 15440.3 1393.98
internal_count=162522 150701 28030 11821 122671 8441 58761 10530 19589 10582 4152 4191 48231 26583 4754 7875 2655 2625 7669 4339 2697 7957 4250 2894 21829 1312 4888 10801 63910 5814
is_linear=0
shrinkage=0.05


Tree=3
num_leaves=31
num_cat=0
split_feature=5 0 2 2 1 5 3 0 4 2 1 1 6 3 3 5 4 1 2 8 3 3 0 5 3 1 3 4 15 4
split_gain=3229.48 1162.95 939.848 658.227 335.986 329.18 296.276 267.161 265.095 226.993 225.308 180.718 147.701 145.741 129.483 115.969 114.751 92.5872 85.6317 54.1914 50.5193 49.9317 49.7653 45.4223 43.2809 38.5097 36.4658 35.5914 32.4082 32.408
threshold=6.5000000000000009 3.5000000000000004 3.5000000000000004 3.5000000000000004 3.5000000000000004 1.0000000180025095e-35 1.0000000180025095e-35 1.0000000180025095e-35 1.0000000180025095e-35 1.0000000180025095e-35 1.0000000180025095e-35 1.0000000180025095e-35 1.0000000180025095e-35 1.0000000180025095e-35 3.5000000000000004 1.0000000180025095e-35 3.5000000000000004 1.0000000180025095e-35 2.5000000000000004 1.0000000180025095e-35 1.0000000180025095e-35 1.0000000180025095e-35 1.0000000180025095e-35 1.5000000000000002 1.0000000180025095e-35 1.0000000180025095e-35 1.0000000180025095e-35 2.5000000000000004 1.5000000000000002 1.0000000180025095e-35
decision_type=2 2 2 2 2 2 2 2 2 2 2 2 2 2 2 2 2 2 2 2 2 2 2 2 2 2 2 2 2 2
left_child=1 5 9 14 16 28 23 -8 -9 -3 -10 -11 18 -13 22 -15 24 -5 -12 27 -19 -6 -2 -7 -4 -16 -24 -17 -1 -26
right_child=3 2 4 17 21 6 7 8 10 11 12 13 -14 15 25 19 -18 20 -20 -21 -22 -23 26 -25 29 -27 -28 -29 -30 -31
leaf_value=-0.0017277190988804953 -0.0094830817240882936 -0.0087726832158739887 -0.0067695769762960295 0.0084677940626320721 0.022745105244482235 -0.002361429469405628 -0.0065666550031034292 -0.0054685607214825689 -0.00086998085309667708 -0.0056329798045059217 0.0244711866600161 9.9631015640093071e-05 0.0070112342097392146 0.0059269851104085053 0.0063693889348491878 0.034559450662020735 0.048679393942773957 0.015472566790505741 0.047689412655683536 0.017515655378451071 0.073796515087060463 0.067363525225313067 0.00037935496279604481 -0.013101596554527429 0.0020061266876193764 0.055422721873680962 0.029909647270260683 0.057743420827176532 -0.014431900724406109 0.030959417793656376
leaf_weight=522.1047393232584 261.32947264611721 2215.9319511502981 225.44319385290146 58.370907813310623 67.213833004236221 1192.3848063796759 4292.4292693585157 1688.037540987134 981.4792105704546 848.43658754229546 801.87327748537064 500.15438848733902 609.17504677176476 306.8844651132822 47.830709427595139 281.96373127400875 292.05857294797897 37.969803854823112 786.73162971436977 182.74498414993286 1674.9910361766815 934.30922341346741 174.07999324798584 5644.7696407884359 151.98451429605484 244.71373805403709 261.70739825069904 400.93055364489555 13034.43843279779 265.45539626479149
leaf_count=2164 1082 9183 934 244 281 4941 17769 7003 4081 3522 3363 2076 2562 1276 199 1190 1251 159 3374 770 7350 4068 723 23346 633 1045 1101 1713 53796 1124
internal_value=1.94052e-05 -0.00395331 0.0148989 0.0521454 0.0442463 -0.00821036 -0.00335256 0.00252636 0.0105454 0.00290188 0.0190481 0.0131632 0.027943 0.0226973 0.0194842 0.0323366 0.0226905 0.0703935 0.0359696 0.0416993 0.0725037 0.0643691 0.00776829 -0.0112285 0.0108839 0.0474026 0.0181135 0.0481709 -0.0139426 0.0204179
internal_weight=38987.9 36226.9 6673.51 2760.99 1936.46 29553.4 15996.9 9159.73 4867.3 4737.05 3179.26 2521.11 2197.78 1672.68 989.661 1172.52 934.942 1771.33 1588.6 865.639 1712.96 1001.52 697.117 6837.15 642.883 292.544 435.787 682.894 13556.5 417.44
internal_count=162323 150420 28021 11903 8291 122399 66439 38152 20383 19730 13380 10547 9299 7025 4150 4949 3942 7753 6737 3673 7509 4349 2906 28287 2691 1244 1824 2903 55960 1757
is_linear=0
shrinkage=0.05


Tree=4
num_leaves=31
num_cat=0
split_feature=5 0 1 2 4 5 0 4 5 2 4 5 2 1 1 4 1 1 4 10 2 4 5 2 7 15 1 4 15 6
split_gain=2983.42 1059.57 833.839 666.86 340.258 316.808 245.005 232.993 191.125 164.562 130.37 129.246 126.396 126.767 113.226 110.605 108.686 107.543 86.2708 74.8133 72.1051 60.5273 59.7053 53.0085 44.549 35.7425 34.9955 34.6347 33.6625 31.2975
threshold=6.5000000000000009 3.5000000000000004 3.5000000000000004 3.5000000000000004 3.5000000000000004 1.0000000180025095e-35 1.0000000180025095e-35 4.5000000000000009 1.0000000180025095e-35 1.0000000180025095e-35 1.0000000180025095e-35 1.0000000180025095e-35 1.0000000180025095e-35 1.0000000180025095e-35 3.5000000000000004 1.0000000180025095e-35 1.0000000180025095e-35 1.0000000180025095e-35 1.5000000000000002 1.0000000180025095e-35 1.0000000180025095e-35 1.0000000180025095e-35 1.0000000180025095e-35 3.5000000000000004 1.5000000000000002 4.5000000000000009 1.0000000180025095e-35 1.0000000180025095e-35 4.5000000000000009 1.0000000180025095e-35
decision_type=2 2 2 2 2 2 2 2 2 2 2 2 2 2 2 2 2 2 2 2 2 2 2 2 2 2 2 2 2 2
left_child=1 5 8 14 11 28 25 12 -3 -10 -11 -4 -8 -14 26 -15 -9 -12 -5 -17 -13 -16 -6 29 -19 -7 -2 -22 -1 -18
right_child=3 2 4 18 22 6 7 16 9 10 17 20 13 15 21 19 23 24 -20 -21 27 -23 -24 -25 -26 -27 -28 -29 -30 -31
leaf_value=-0.0074797931370587161 -0.005881207325979609 -0.0098673194428163438 -0.0066588301688927697 0.026069607884217295 0.019518567256447534 -0.0013452451335536628 -0.0086996801118932945 -0.00046687041000098594 -0.0056205285190920849 -0.00071429015582243635 0.0071025655385928109 0.0042461238468563456 -0.0064826892340086708 -0.0014304807922708032 -0.0065218630208987898 0.027696200574051491 0.032854561294714119 0.043196278588927772 0.071579313653725413 0.0048613282890817081 0.019355728160872207 0.053513919002192094 0.065965037114486688 0.051576020372843784 0.010394132166847071 -0.010950258313142338 0.016568127103525402 0.049075948662987263 -0.014771740639128894 0.0051570858658711504
leaf_weight=1829.5061654448509 315.74790672957897 1881.7494270652533 300.35611626505852 111.23867630958557 74.996673360466957 1128.0101639330387 2830.0240515172482 312.13802020251751 988.82556100189686 541.92128330469131 396.56453680992126 169.7496280670166 1504.1058543920517 980.64491045475006 50.600231185555458 1051.3986428380013 333.72580820322037 737.15450149774551 1630.6226437091827 544.42717483639717 130.26284225285053 246.51486498117447 893.73518061637878 286.00072620809078 120.41609947383404 6852.2640110254288 385.60211284458637 396.12615115940571 11732.350420564413 146.88276451826096
leaf_count=7556 1311 7788 1249 475 314 4661 11704 1298 4094 2256 1658 706 6234 4068 211 4472 1413 3166 7316 2297 549 1062 3958 1250 511 28296 1624 1720 48292 615
internal_value=-0.000301041 -0.00411257 0.0139477 0.0499986 0.0412682 -0.00816835 -0.00339594 0.00279367 0.00244243 0.0107602 0.0197786 0.0207551 -0.000579886 0.00505148 0.0174204 0.011785 0.0244051 0.0286337 0.068673 0.0199059 0.0325831 0.0432895 0.0623693 0.0345322 0.0385904 -0.00959259 0.00646143 0.0417212 -0.0137881 0.0243897
internal_weight=38903.7 36163.3 6631.86 2740.33 1965.23 29531.5 15969.6 7989.35 4666.63 2784.88 1796.06 996.495 6910.6 4080.58 998.465 2576.47 1078.75 1254.14 1741.86 1595.83 696.139 297.115 968.732 766.609 857.571 7980.27 701.35 526.389 13561.9 480.609
internal_count=162124 150125 27969 11999 8496 122156 66308 33351 19473 11685 7591 4224 28775 17071 4208 10837 4576 5335 7791 6769 2975 1273 4272 3278 3677 32957 2935 2269 55848 2028
is_linear=0
shrinkage=0.05


Tree=5
num_leaves=31
num_cat=0
split_feature=3 5 0 5 5 3 1 3 4 1 0 0 4 2 2 2 0 11 0 4 15 2 4 5 2 2 11 5 1 1
split_gain=2719.25 990.693 792.642 606.456 276.476 249.038 246.994 238.914 208.562 197.532 138.045 127.698 91.4443 90.9935 90.8298 89.6636 84.0412 90.7028 82.2747 75.3946 67.231 60.7398 58.7159 56.3464 50.8507 49.481 46.3363 44.7366 44.471 44.3018
threshold=6.5000000000000009 3.5000000000000004 4.5000000000000009 3.5000000000000004 1.0000000180025095e-35 1.0000000180025095e-35 3.5000000000000004 1.0000000180025095e-35 3.5000000000000004 3.5000000000000004 1.0000000180025095e-35 3.5000000000000004 1.0000000180025095e-35 3.5000000000000004 1.0000000180025095e-35 1.0000000180025095e-35 1.0000000180025095e-35 1.5000000000000002 1.0000000180025095e-35 1.0000000180025095e-35 5.5000000000000009 1.0000000180025095e-35 1.0000000180025095e-35 1.5000000000000002 1.0000000180025095e-35 2.5000000000000004 1.0000000180025095e-35 1.0000000180025095e-35 1.0000000180025095e-35 3.5000000000000004
decision_type=2 2 2 2 2 2 2 2 2 2 2 2 2 2 2 2 2 2 2 2 2 2 2 2 2 2 2 2 2 2
left_child=1 4 7 11 28 23 14 -3 18 21 -8 27 -12 -10 -7 -5 -16 20 -9 -20 -18 -4 -23 -6 -14 -21 -26 -2 -1 -29
right_child=3 2 9 15 5 6 10 8 13 -11 12 -13 24 -15 16 -17 17 -19 19 25 -22 22 -24 -25 26 -27 -28 29 -30 -31
leaf_value=-0.014902257212254709 -0.0084066852981007321 -0.0081818578749888529 0.00058073327857890175 0.007493239738072404 -0.0012165147864054019 -0.0081099573737430496 -0.0015559998910495473 -0.0050801048551928326 0.021554027983477168 0.064629657231223561 0.005082535123554094 0.04501805141353242 0.013676316246048759 0.054992833505840555 -0.0054117196934604242 0.068995588710987918 0.031585617930686004 -0.0076268305374697105 -0.00051053771309449657 0.012653007612232751 0.0095553333204639376 0.0018367136360585394 0.045666730920283047 -0.012557404200844842 0.050376715788287021 0.037490613521190687 0.016408407031292514 0.0070398841201047254 -0.0095292390264717398 0.045477468652818258
leaf_weight=7239.6551508009434 307.79488624632359 2056.9822942614555 164.74371956288815 61.490504965186119 1425.2174853384495 2620.8699843883514 478.34457056224346 978.59738230705261 508.87396077811718 766.20557335019112 269.68164929747581 296.41313655674458 166.95445527136326 338.96111625432968 1452.6086356192827 1634.8220327943563 474.90639513731003 557.80861189961433 541.74411801993847 456.58270668983459 1278.9731973856688 97.768725588917732 349.77105967700481 4730.6050047576427 571.816864579916 357.5467404872179 121.77565461397171 285.49975802004337 8227.7190332263708 101.65470848977566
leaf_count=29753 1266 8511 687 257 5904 10815 1973 4053 2161 3466 1124 1287 698 1516 5994 7468 2017 2333 2249 1921 5393 410 1530 19504 2515 1552 524 1191 33856 433
internal_value=8.37988e-05 -0.00351552 0.0139745 0.0486091 -0.0074236 -0.00237274 0.00344829 0.00509852 0.0136827 0.04771 0.020959 0.0175408 0.030488 0.0349227 -0.000963066 0.0667662 0.00401292 0.00993513 0.00596873 0.0139432 0.0155206 0.026537 0.0360917 -0.00993172 0.0384496 0.0235611 0.0444128 0.00582107 -0.0120441 0.0171324
internal_weight=38922.4 36234.7 6617.78 2687.68 29616.9 14149.6 7993.74 5239.29 3182.31 1378.49 1608.57 991.362 1130.23 847.835 6385.17 1696.31 3764.3 2311.69 2334.47 1355.87 1753.88 612.284 447.54 6155.82 860.547 814.129 693.593 694.949 15467.4 387.154
internal_count=162361 150459 28056 11902 122403 58794 33386 21963 13452 6093 6834 4177 4861 3677 26552 7725 15737 9743 9775 5722 7410 2627 1940 25408 3737 3473 3039 2890 63609 1624
is_linear=0
shrinkage=0.05


Tree=6
num_leaves=31
num_cat=0
split_feature=4 5 1 1 0 5 1 0 0 2 4 5 5 4 4 0 4 0 2 11 1 2 10 4 1 2 15 5 11 4
split_gain=2583.14 947.605 718.26 549.494 288.041 245.931 220.391 156.089 137.542 130.224 116.219 113.944 97.6093 95.1223 90.8169 82.3546 69.5056 76.2457 61.0775 60.8206 60.6434 62.6013 53.1677 53.065 50.4424 45.0035 39.7804 34.141 32.6859 27.8612
threshold=6.5000000000000009 3.5000000000000004 3.5000000000000004 3.5000000000000004 3.5000000000000004 1.0000000180025095e-35 3.5000000000000004 1.0000000180025095e-35 1.0000000180025095e-35 2.5000000000000004 1.0000000180025095e-35 1.5000000000000002 3.5000000000000004 1.0000000180025095e-35 1.0000000180025095e-35 2.5000000000000004 1.0000000180025095e-35 1.0000000180025095e-35 1.0000000180025095e-35 1.0000000180025095e-35 1.0000000180025095e-35 3.5000000000000004 1.0000000180025095e-35 1.5000000000000002 1.0000000180025095e-35 1.0000000180025095e-35 2.5000000000000004 1.0000000180025095e-35 1.5000000000000002 1.0000000180025095e-35
decision_type=2 2 2 2 2 2 2 2 2 2 2 2 2 2 2 2 2 2 2 2 2 2 2 2 2 2 2 2 2 2
left_child=1 5 7 12 14 26 11 -3 -8 29 -10 -7 27 -11 -4 -5 -13 -18 -12 -20 -19 -22 -16 -6 -15 -14 -1 -2 -23 -9
right_child=3 2 4 15 23 6 8 9 10 13 18 16 25 24 22 -17 17 20 19 -21 21 28 -24 -25 -26 -27 -28 -29 -30 -31
leaf_value=-0.0020159439213336058 -0.0046293399716775784 -0.0078841857698489018 -0.0037504837215249012 0.032873722843567231 0.031958326560627477 0.0033936382491922667 -0.0052149359410113266 -0.0052949823352015472 -6.9241962600009058e-05 0.0011763586165201166 0.0080173897012754784 -0.012946288868283829 0.00044796928866906878 0.013675663392748753 0.040561160547687297 0.068859528514388993 -0.011313982617442563 -0.0063730971642253741 0.042278556091614072 0.0094971139070256644 0.002953454635795686 0.037014093932999488 0.010475586863593832 0.06481867630024872 0.042147940656235304 0.051062419648804917 -0.012231941297810198 0.017715282145146592 -0.00082299099123169569 0.0075363972639647175
leaf_weight=1019.9112530052662 308.59983393549919 1863.388759508729 274.80610229074955 177.87153594195843 145.59854800999165 2836.6461561620235 849.76985064148903 707.22166265547276 514.12761223316193 310.84315712749958 271.09391960501671 4047.8954973369837 53.530220538377762 217.92899614572525 437.7067591547966 1497.6003018766642 2053.7348761856556 1297.5197057276964 664.3156526684761 179.78546962141991 1106.8965972661972 243.1442636847496 220.99064964056015 786.61881700158119 543.52856533229351 244.56070856750011 14503.322540774941 383.25958313047886 74.586639657616615 1052.8629148304462
leaf_count=4211 1269 7703 1137 772 636 11788 3500 2928 2136 1293 1132 16679 223 921 1904 7022 8445 5367 2935 769 4629 1057 945 3651 2420 1094 59507 1613 315 4429
internal_value=8.33228e-05 -0.00341218 0.0137823 0.0475888 0.0400268 -0.00721565 -0.00244536 0.0033548 0.0110928 0.0107488 0.0195981 -0.00532367 0.0180542 0.0244844 0.0203944 0.0650392 -0.00812609 -0.00404063 0.0286651 0.0352964 0.00144677 0.00856894 0.0304676 0.0596864 0.0339992 0.0419732 -0.0115607 0.00774859 0.0281319 0.00238061
internal_weight=38889.7 36224.2 6561.49 2665.42 1865.72 29662.8 14139.5 4695.77 2479.09 2832.39 1629.32 11660.4 989.95 1072.3 933.504 1675.47 8823.78 4775.88 1115.2 844.101 2722.15 1424.63 658.697 932.217 761.458 298.091 15523.2 691.859 317.731 1760.08
internal_count=162430 150437 27967 11993 8273 122470 58752 19694 10472 11991 6972 48280 4199 4634 3986 7794 36492 19813 4836 3704 11368 6001 2849 4287 3341 1317 63718 2882 1372 7357
is_linear=0
shrinkage=0.05


Tree=7
num_leaves=31
num_cat=0
split_feature=0 1 4 1 0 1 4 7 2 2 2 4 4 0 0 2 0 2 1 8 4 2 2 8 2 15 8 10 10 4
split_gain=2295.62 785.633 690.644 544.156 262.272 193.861 219.424 171.29 166.971 161.052 150.04 135.441 88.9639 87.8406 75.0737 75.0424 71.2848 69.123 42.9409 39.4023 36.9855 36.2493 34.2832 37.4484 32.0953 34.4334 30.9144 28.8604 28.7002 28.2914
threshold=6.5000000000000009 3.5000000000000004 3.5000000000000004 3.5000000000000004 1.0000000180025095e-35 1.0000000180025095e-35 1.0000000180025095e-35 1.0000000180025095e-35 3.5000000000000004 1.0000000180025095e-35 1.5000000000000002 1.0000000180025095e-35 3.5000000000000004 2.5000000000000004 1.0000000180025095e-35 2.5000000000000004 1.0000000180025095e-35 1.0000000180025095e-35 1.0000000180025095e-35 1.0000000180025095e-35 3.5000000000000004 4.5000000000000009 4.5000000000000009 1.0000000180025095e-35 1.0000000180025095e-35 5.5000000000000009 1.0000000180025095e-35 1.0000000180025095e-35 1.0000000180025095e-35 4.5000000000000009
decision_type=2 2 2 2 2 2 2 2 2 2 2 2 2 2 2 2 2 2 2 2 2 2 2 2 2 2 2 2 2 2
left_child=1 5 9 12 -4 24 -7 8 16 -3 -6 -11 -2 27 -10 -5 -8 -18 -14 29 28 26 23 -12 -1 -26 -15 -13 -16 -19
right_child=3 2 4 15 10 6 7 -9 14 11 22 13 18 21 20 -17 17 19 -20 -21 -22 -23 -24 -25 25 -27 -28 -29 -30 -31
leaf_value=-0.012856400529725562 0.0055419343402021452 -0.0092379758736000576 0.0001634872794786011 0.033788439419232597 0.016611544217214839 -0.0096938430650411623 -0.0045893023955657416 -0.0061637009963609012 0.0041622478362264969 -0.0025593171545514135 0.053552507743336732 0.016365617465215806 0.0034138130586302108 0.034328653267458306 0.031911582747455557 0.067162594832989378 -0.00047696832676671322 0.017477928761044547 0.04934785451608479 0.0036010654743158597 0.045387127231491887 0.050874600655303449 0.063117731002841779 0.021146378069966523 -0.0015765008688230471 -0.0098821264782884138 0.0050295909621737092 -0.0015888989641389554 0.0040997964105512113 0.03791360000013403
leaf_weight=7394.7303610742092 662.39702473580837 1826.9589811116457 359.16083824634552 190.81341394782066 306.21822647750378 5962.1208215802908 1543.6129201203585 3193.8930979520082 297.21806840598583 1253.0957103520632 372.68772284686565 623.43859298527241 65.998722925782204 297.47229993343353 326.55032856762409 1436.0083526968956 1041.1029317229986 721.78512619435787 222.09732709825039 403.39683082699776 363.72941851615906 209.09826999902725 686.12270946800709 117.17968475818634 1541.7997521013021 6546.1409178078175 129.10587817430496 349.17312359809875 129.56690253317356 221.28580862283707
leaf_count=30332 2798 7525 1487 849 1305 24509 6340 13236 1230 5171 1682 2638 280 1298 1419 6946 4294 3054 1000 1692 1635 942 3242 514 6364 26927 553 1452 551 956
internal_value=9.28784e-05 -0.00315177 0.0125505 0.0456869 0.0384976 -0.00660551 -0.00238713 0.00289834 0.00863165 0.00235961 0.0477865 0.00976452 0.0156301 0.0193666 0.0256902 0.0632481 0.00378436 0.00919811 0.038825 0.016679 0.0334948 0.0338206 0.0559042 0.0458007 -0.0104756 -0.00829883 0.0254612 0.00991984 0.0240112 0.022273
internal_weight=38794 36216.6 6529.71 2577.31 1841.37 29686.9 14204.3 8242.14 5048.25 4688.34 1482.21 2861.38 950.493 1608.29 1117.06 1626.82 3931.18 2387.57 288.096 1346.47 819.847 635.676 1175.99 489.867 15482.7 8087.94 426.578 972.612 456.117 943.071
internal_count=162221 150348 27809 11873 8230 122539 58916 34407 21171 19579 6743 12054 4078 6883 4835 7795 16336 9996 1280 5702 3605 2793 5438 2196 63623 33291 1851 4090 1970 4010
is_linear=0
shrinkage=0.05


Tree=8
num_leaves=31
num_cat=0
split_feature=5 1 2 4 0 5 2 0 1 7 5 0 4 0 2 1 4 4 4 4 15 0 15 1 5 11 15 0 4 10
split_gain=2158.22 719.528 609.234 538.965 265.554 226.96 202.596 187.904 168.925 145.478 143.191 123.343 98.5872 89.0163 87.3662 70.7707 67.7956 49.8065 49.6679 47.4401 42.7365 41.3864 38.5502 38.2721 37.5919 36.1212 28.6421 28.4398 25.103 51.7816
threshold=6.5000000000000009 3.5000000000000004 3.5000000000000004 3.5000000000000004 3.5000000000000004 1.0000000180025095e-35 1.0000000180025095e-35 1.0000000180025095e-35 1.0000000180025095e-35 1.0000000180025095e-35 1.0000000180025095e-35 3.5000000000000004 2.5000000000000004 1.0000000180025095e-35 1.0000000180025095e-35 3.5000000000000004 3.5000000000000004 1.0000000180025095e-35 1.0000000180025095e-35 3.5000000000000004 4.5000000000000009 1.0000000180025095e-35 2.5000000000000004 2.5000000000000004 1.5000000000000002 1.0000000180025095e-35 1.5000000000000002 1.0000000180025095e-35 1.0000000180025095e-35 1.0000000180025095e-35
decision_type=2 2 2 2 2 2 2 2 2 2 2 2 2 2 2 2 2 2 2 2 2 2 2 2 2 2 2 2 2 2
left_child=1 5 10 13 16 26 24 -8 22 12 -3 18 28 -2 -5 -15 20 -6 -12 -13 -4 -20 -9 -16 -7 -14 -1 -18 -10 -30
right_child=3 2 4 14 17 6 7 8 9 -11 11 19 25 15 23 -17 27 -19 21 -21 -22 -23 -24 -25 -26 -27 -28 -29 29 -31
leaf_value=0.00050369143815507311 -0.0080869304763495718 -0.0083495903721465137 0.03390283155805169 0.0077981870632816393 0.013548916949637148 -0.0009518555144696786 -0.0062332087673794183 0.019862664188384553 0.0063565605103671659 7.6665520266980754e-05 -0.0059325528357437674 0.018530971621451866 0.0418031835419456 0.012721573749957298 0.040661092835613165 0.047581619264698671 0.0092588883590904655 0.058902619831823003 -0.00071110916342610666 0.046718844627692366 0.0026893129311873734 0.017583915308133396 -0.0036802995798960237 0.067155224444675143 -0.010648219481472817 0.020533204709584467 -0.011651310314569166 0.046664607868545628 0.028819566409235817 -0.0064586030838968802
leaf_weight=503.28184023499489 299.98567479848862 1893.4629737138748 138.02205684781075 70.945657104253769 65.267882794141769 1215.0927666723728 3721.4672041833401 189.09120567142963 586.39005950093269 984.62599466741085 826.47961629927158 422.58571557700634 658.91436682641506 416.01062400639057 151.17652559280396 223.97808410227299 65.897317290306091 834.6402872055769 536.69789631664753 230.78380407392979 533.68440923094749 729.01606869697571 2161.1741968542337 1385.981540158391 5635.6652053147554 286.34512066841125 13096.770178541541 222.01520016789436 464.18413697183132 134.05690950155258
leaf_count=2077 1246 7772 590 300 280 5009 15302 788 2432 4155 3404 1828 2933 1773 686 1033 275 4029 2215 1064 2238 3135 8962 6879 23152 1257 53572 1025 2014 570
internal_value=-1.01883e-05 -0.00314631 0.011921 0.0444648 0.0361015 -0.00645014 -0.00242078 0.00243237 0.00833356 0.01597 0.00222836 0.00952338 0.0233174 0.0143872 0.0620458 0.0249216 0.0178039 0.0556132 0.00360109 0.0284875 0.00910306 0.00982632 -0.00178614 0.0645496 -0.00892841 0.0353599 -0.0112015 0.0381032 0.0137082 0.0209143
internal_weight=38683.7 36135.6 6498.55 2548.08 1859.53 29637.1 16037 9186.25 5464.78 3114.52 4639.03 2745.56 2129.89 939.974 1608.1 639.989 959.619 899.908 2092.19 653.37 671.706 1265.71 2350.27 1537.16 6850.76 945.259 13600.1 287.913 1184.63 598.241
internal_count=161995 150078 27855 11917 8437 122223 66574 38413 23111 13361 19418 11646 9206 4052 7865 2806 4128 4309 8754 2892 2828 5350 9750 7565 28161 4190 55649 1300 5016 2584
is_linear=0
shrinkage=0.05


Tree=9
num_leaves=31
num_cat=0
split_feature=3 5 0 5 2 5 3 0 3 2 0 2 4 3 11 11 4 15 4 11 0 9 4 5 5 15 2 2 15 3
split_gain=2043.38 733.877 593.073 491.21 224.375 216.193 199.836 184.417 125.556 131.985 97.5411 92.9626 87.4296 78.208 68.9648 67.6736 67.4056 66.633 64.6114 50.8637 46.7774 50.8533 44.2076 39.3204 37.5623 37.3081 36.2406 33.5906 32.6356 30.1753
threshold=6.5000000000000009 3.5000000000000004 3.5000000000000004 3.5000000000000004 3.5000000000000004 1.0000000180025095e-35 1.0000000180025095e-35 3.5000000000000004 1.0000000180025095e-35 2.5000000000000004 3.5000000000000004 1.0000000180025095e-35 2.5000000000000004 1.0000000180025095e-35 1.5000000000000002 1.5000000000000002 1.0000000180025095e-35 2.5000000000000004 3.5000000000000004 1.5000000000000002 1.0000000180025095e-35 1.0000000180025095e-35 3.5000000000000004 1.0000000180025095e-35 1.5000000000000002 3.5000000000000004 3.5000000000000004 1.0000000180025095e-35 5.5000000000000009 1.0000000180025095e-35
decision_type=2 2 2 2 2 2 2 2 2 2 2 2 2 2 2 2 2 2 2 2 2 2 2 2 2 2 2 2 2 2
left_child=1 5 8 10 13 25 24 14 -3 28 23 -9 -5 -4 17 22 -6 27 -11 -15 -19 26 -13 -2 -7 -1 -22 -8 -10 -18
right_child=3 2 4 12 16 6 7 11 9 18 -12 15 -14 19 -16 -17 29 20 -20 -21 21 -23 -24 -25 -26 -27 -28 -29 -30 -31
leaf_value=-0.0030156028980232908 -0.007138452756491144 -0.006971517064236616 -0.0024612528136248504 0.028297245524066879 0.0080031870515372174 -0.0015233905540594109 0.000697547209663964 0.00050024230984150708 0.014378080409375802 0.015296571113629321 0.040389464473021996 0.024301374631682346 0.065208720075641435 0.043527682225533645 -0.0087151742640667624 -4.5257770901955468e-05 0.018390177808727724 -0.0045919999032904063 0.042203779895213886 0.015548888135751239 0.0081038325047369797 -0.0025035023275689931 0.04751192774851621 0.016626671634651327 -0.010773529710683542 -0.011242525808935186 0.028651814557945104 0.031474177241322648 -0.0022922865780784043 0.061694919431329723
leaf_weight=1527.6725156456232 321.43941104412079 1918.2556776702404 278.59335321187973 181.70271724462509 69.551866292953491 1426.4482088238001 128.41345080733299 482.1447246670723 373.96097768843174 697.3738638907671 285.72783640027046 564.94828073680401 1370.0656628012657 317.2474892437458 1799.8768855929375 191.49797874689102 42.525332123041153 1997.7840077877045 328.06057284772396 332.88355121016502 926.66176714003086 972.89488069713116 322.11618132889271 379.5912566781044 4758.7438552379608 14071.14575612545 279.24800145626068 286.36740592122078 1366.0575893968344 744.42303004860878
leaf_count=6287 1315 7918 1170 809 296 5912 529 1995 1571 2977 1295 2463 6959 1429 7425 813 188 8203 1522 1458 3887 4086 1494 1608 19536 57482 1228 1227 5695 3710
internal_value=-1.73149e-05 -0.00305787 0.0122045 0.0433476 0.0367265 -0.00637814 -0.00189982 0.003343 0.0028578 0.00967591 0.0157659 0.0187517 0.0608866 0.0197037 -0.000419712 0.0269106 0.0551848 0.00283222 0.0239048 0.0292018 0.000934017 0.00600092 0.0327297 0.00572979 -0.00864023 -0.0104368 0.0128621 0.0219459 0.00129047 0.0593548
internal_weight=38743.4 36204.9 6468.93 2538.53 1785.22 29736 14137.1 7951.95 4683.71 2765.45 986.759 1560.71 1551.77 928.724 6391.25 1078.56 856.5 4591.37 1025.43 650.131 4176.59 2178.8 887.064 701.031 6185.19 15598.8 1205.91 414.781 1740.02 786.948
internal_count=162487 150501 27934 11986 8251 122567 58798 33350 19683 11765 4218 6765 7768 4057 26585 4770 4194 19160 4499 2887 17404 9201 3957 2923 25448 63769 5115 1756 7266 3898
is_linear=0
shrinkage=0.05


Tree=10
num_leaves=31
num_cat=0
split_feature=3 5 0 0 1 3 5 1 3 3 4 0 5 1 1 4 4 11 11 0 1 7 9 0 4 11 9 15 1 4
split_gain=1929.38 625.635 553.167 435.63 181.523 181.225 180.42 165.395 153.565 150.005 132.287 105.474 80.0871 68.2856 68.2286 67.9411 66.297 65.5632 52.8753 48.4918 63.6201 55.4265 45.3077 33.5369 28.3365 26.0976 26.0483 27.6845 25.2813 25.1553
threshold=6.5000000000000009 3.5000000000000004 4.5000000000000009 3.5000000000000004 1.0000000180025095e-35 1.0000000180025095e-35 1.0000000180025095e-35 3.5000000000000004 1.0000000180025095e-35 1.5000000000000002 3.5000000000000004 1.0000000180025095e-35 1.0000000180025095e-35 2.5000000000000004 1.5000000000000002 3.5000000000000004 2.5000000000000004 1.0000000180025095e-35 3.5000000000000004 1.0000000180025095e-35 1.0000000180025095e-35 1.0000000180025095e-35 1.0000000180025095e-35 1.0000000180025095e-35 1.0000000180025095e-35 1.0000000180025095e-35 1.0000000180025095e-35 3.5000000000000004 1.0000000180025095e-35 2.5000000000000004
decision_type=2 2 2 2 2 2 2 2 2 2 2 2 2 2 2 2 2 2 2 2 2 2 2 2 2 2 2 2 2 2
left_child=1 5 4 12 -3 -1 26 17 -6 -4 18 -9 -2 -11 -5 28 25 19 22 -8 -21 -22 24 -12 -10 -13 27 -7 -14 -16
right_child=3 2 9 14 8 6 7 11 10 13 23 16 15 -15 29 -17 -18 -19 -20 20 21 -23 -24 -25 -26 -27 -28 -29 -30 -31
leaf_value=-0.0098936667057714141 -0.0038618228985187819 -0.0074701419786717821 0.012171861742345878 0.021008855715307046 -0.0030768064139132709 0.0072684877400996661 -0.003118519805419627 -0.0019166268833861241 0.010328396192762821 0.029019768234027521 0.01618241999508566 0.022466969082965485 -0.0024725827141825539 0.059388761371810997 0.041074968789450245 0.048131703069554159 0.039604520577891017 -0.0063815824117057114 -0.0087390207844809126 -0.0010504430811285991 0.022629101456151195 0.00034077391607752585 0.0038779820618476558 0.044778804067099914 0.031640753707836214 -0.00014038620390406409 -0.010031817311670464 -0.0058829887364163919 0.023510265504089113 0.064976955018539478
leaf_weight=13697.656882092357 312.42141243815422 2019.5640494674444 333.01881659030914 104.43229497969151 1129.922940120101 452.34016144275665 1477.7985296398401 465.93243001401424 239.93267105519772 253.23965619504452 128.8583619594574 376.93261763453484 141.39767014980316 687.93235369026661 120.49766200780869 239.32031787931919 511.63407424092293 2589.2542480528355 265.06319637596607 992.79605115950108 902.60325552523136 403.68723282217979 458.50772841274738 501.75075027346611 445.6470804810524 193.02980287373066 4202.4849362820387 3468.4434962421656 277.06396946310997 1273.0500726550817
leaf_count=56051 1277 8336 1458 461 4686 1865 6063 1918 994 1135 549 1651 587 3495 556 1125 2378 10684 1122 4118 3907 1702 1943 2379 1954 817 17163 14161 1194 6685
internal_value=0.000311146 -0.00260534 0.0114936 0.0430839 0.00424541 -0.00567004 -0.00206251 0.00331062 0.01171 0.0410126 0.0199011 0.0179715 0.0169826 0.0512174 0.059989 0.026883 0.026539 -0.000253261 0.011383 0.00394803 0.00849024 0.0157413 0.0160449 0.0389354 0.0241821 0.0148105 -0.00729701 -0.00436571 0.0147307 0.0629102
internal_weight=38666.2 36198 6463.44 2468.18 5189.25 29734.6 16036.9 7913.67 3169.68 1274.19 2039.76 1547.53 970.203 941.172 1497.98 657.782 1081.6 6366.14 1409.15 3776.89 2299.09 1306.29 1144.09 630.609 685.58 569.962 8123.27 3920.78 418.462 1393.55
internal_count=162414 150529 28051 11885 21963 122478 66427 33238 13627 6088 8941 6764 4183 4630 7702 2906 4846 26474 6013 15790 9727 5609 4891 2928 2948 2468 33189 16026 1781 7241
is_linear=0
shrinkage=0.05


Tree=11
num_leaves=31
num_cat=0
split_feature=4 2 3 3 3 5 1 0 1 1 3 15 4 1 9 0 6 1 0 11 0 5 11 1 0 1 5 2 1 1
split_gain=1740.84 590.444 454.142 430.953 223.584 231.669 182.816 180.311 92.9871 90.4333 86.72 80.0209 71.9584 70.1585 67.5811 63.97 72.6851 60.9582 55.7889 55.7016 36.9471 44.6013 45.2268 36.5634 36.4902 35.1417 35.0876 34.7803 33.9357 33.2996
threshold=6.5000000000000009 4.5000000000000009 3.5000000000000004 3.5000000000000004 1.0000000180025095e-35 2.5000000000000004 3.5000000000000004 3.5000000000000004 1.0000000180025095e-35 1.5000000000000002 1.0000000180025095e-35 3.5000000000000004 1.0000000180025095e-35 4.5000000000000009 1.0000000180025095e-35 1.0000000180025095e-35 1.0000000180025095e-35 1.0000000180025095e-35 2.5000000000000004 1.5000000000000002 1.0000000180025095e-35 1.0000000180025095e-35 1.0000000180025095e-35 1.0000000180025095e-35 1.0000000180025095e-35 1.0000000180025095e-35 1.0000000180025095e-35 1.5000000000000002 1.0000000180025095e-35 1.0000000180025095e-35
decision_type=2 2 2 2 2 2 2 2 2 2 2 2 2 2 2 2 2 2 2 2 2 2 2 2 2 2 2 2 2 2
left_child=1 4 13 10 -1 11 17 12 -4 -9 -3 23 -7 29 18 -14 25 -5 -12 -11 -13 -22 28 -6 -8 -17 -19 -10 -23 -2
right_child=2 3 8 6 5 7 24 9 27 19 14 20 15 -15 -16 16 -18 26 -20 -21 21 22 -24 -25 -26 -27 -28 -29 -30 -31
leaf_value=-0.0095658479331089813 -0.0054112751339972925 -0.0051023254630420071 0.0038339781002063606 -0.002334241180324556 -0.0041867045942733478 -0.0053154526622132443 0.013768222300334055 0.0069762759297163773 0.030493948671567891 0.046291202879918628 0.009577677894019164 -0.0096768016057599531 -0.00092289458937039152 0.04119704938279805 -0.00242695627084455 0.0076131468842743763 -0.00088816038751598494 0.00291319137493944 0.032827358035940085 0.018974723205539654 -0.0072867951135097697 -0.00326646761570222 -0.0087936513200637129 0.012534731831745628 0.059884240245256265 0.029182997783190841 0.038741474142577066 0.063136958338453716 0.011843465041477949 0.015949249607148098
leaf_weight=14244.085093125701 313.3055170327425 1321.5594219118357 74.524833232164383 214.35335201025009 523.13042171299458 1756.3610242456198 45.985492423176765 474.99942909181118 86.933004856109619 441.8118791282177 600.89261558651924 4894.0583020299673 1150.6519848108292 187.84919905662537 523.02028726041317 263.09859664738178 477.96141387522221 87.862727463245392 452.18785527348518 323.09356695413589 3603.8859792202711 587.50424137711525 721.0552242398262 871.61605785787106 638.40091791749001 668.92445170879364 307.46050028502941 1330.2929766476154 1011.1507068276405 436.86490181088448
leaf_count=58252 1292 5442 314 890 2154 7232 195 2021 385 2090 2537 19958 4754 895 2195 1095 2031 363 2064 1467 14718 2431 2996 3667 3313 2974 1427 7141 4364 1894
internal_value=0.000161219 -0.0025883 0.0411308 0.0150576 -0.0048988 -0.00115763 0.0390478 0.00730592 0.058272 0.0241118 0.00434382 -0.00500873 0.00247902 0.0138708 0.0122644 0.00782532 0.0149645 0.0191365 0.019561 0.0347528 -0.00646202 -0.00380597 0.00160182 0.00626299 0.0567856 0.0230941 0.0307784 0.0611346 0.00629058 0.00702812
internal_weight=38634.9 36205.1 2429.77 4191.72 32013.4 17769.3 1294.06 5556.9 1491.75 1239.9 2897.66 12212.4 4317 938.02 1576.1 2560.64 1409.98 609.677 1053.08 764.905 10817.7 5923.6 2319.71 1394.75 684.386 932.023 395.323 1417.23 1598.65 750.17
internal_count=162551 150630 11921 18426 132204 73952 6188 23664 7840 5578 12238 50288 18086 4081 6796 10854 6100 2680 4601 3557 44467 24509 9791 5821 3508 4069 1790 7526 6795 3186
is_linear=0
shrinkage=0.05


Tree=12
num_leaves=31
num_cat=0
split_feature=3 5 1 5 4 3 2 3 0 2 0 2 2 1 4 3 2 5 4 4 15 4 4 10 5 0 15 0 1 5
split_gain=1670.56 576.513 471.854 432.796 212.498 152.32 144.217 115.834 115.792 100.621 76.926 70.5874 66.5298 65.5201 78.7428 62.1802 59.9605 56.724 44.3041 43.4114 42.6664 42.3221 33.6527 33.0379 31.5062 30.9931 27.9072 27.5552 26.9747 25.9155
threshold=6.5000000000000009 3.5000000000000004 3.5000000000000004 3.5000000000000004 3.5000000000000004 1.0000000180025095e-35 3.5000000000000004 1.0000000180025095e-35 3.5000000000000004 1.0000000180025095e-35 2.5000000000000004 4.5000000000000009 1.0000000180025095e-35 1.0000000180025095e-35 1.0000000180025095e-35 1.0000000180025095e-35 1.5000000000000002 1.0000000180025095e-35 3.5000000000000004 1.0000000180025095e-35 3.5000000000000004 1.0000000180025095e-35 1.0000000180025095e-35 1.0000000180025095e-35 1.0000000180025095e-35 2.5000000000000004 1.5000000000000002 1.0000000180025095e-35 1.0000000180025095e-35 1.0000000180025095e-35
decision_type=2 2 2 2 2 2 2 2 2 2 2 2 2 2 2 2 2 2 2 2 2 2 2 2 2 2 2 2 2 2
left_child=1 5 7 11 12 26 13 -3 24 -9 -11 22 -4 -7 -15 -6 -5 -16 -10 -14 -19 -12 -2 -21 -8 -17 -1 -22 -18 -13
right_child=3 2 4 16 15 6 8 9 18 10 21 29 19 14 17 25 28 20 -20 23 27 -23 -24 -25 -26 -27 -28 -29 -30 -31
leaf_value=0.0022957016854693968 -0.0059071154977515397 -0.0067828869327859033 -0.0038989402129544224 0.021198834539087663 0.0068403436835132968 -0.0084164220019094828 -0.0038519448536086091 -0.0035531298760076895 0.017109594235374396 0.0076542274338987932 0.0066977250743763764 0.0077724049946155047 0.0069311736131181098 -0.0074702808571961337 -0.0030758041648221643 0.035188089901351909 0.018015293918256545 0.023969255250052137 0.044797219315777931 0.042042533872454303 -0.002285486590854259 0.035409318920548126 0.015832073792659562 0.0085397110657069539 0.0082960128191132618 0.061286242892004544 -0.0099293513999257014 0.010061955380475286 0.062228835295617992 0.05059453843877481
leaf_weight=483.95516684651375 281.93066723644733 1906.2375500649214 272.1164762377739 101.78892827033997 69.518608674407005 5889.613620698452 1022.9326103031635 984.75323824584484 412.81979332864285 1038.2142169326544 166.34421870112419 45.553366512060165 209.08352512121201 3073.1334371864796 2036.9951537102461 140.57395562529564 35.455091133713722 368.80580560863018 222.27534341812134 335.9584075063467 725.58410495519638 561.91440227627754 483.01771780848503 94.222535520792007 1116.0800214856863 596.36463393270969 13189.568218395114 1197.6842496991158 1277.045319840312 157.45399914681911
leaf_count=1990 1164 7848 1139 453 301 24062 4185 4086 1807 4426 699 192 880 12594 8325 668 154 1602 1075 1599 2973 2625 2076 420 4784 3230 53813 5186 7096 769
internal_value=-1.78628e-05 -0.00269295 0.0109513 0.0405364 0.0333491 -0.00561789 -0.00231671 0.00269011 0.00805276 0.00925366 0.016393 0.0147756 0.0168068 -0.0044809 -0.00134958 0.0520437 0.0581674 0.00299541 0.0267999 0.0256206 0.00839097 0.0288512 0.00781984 0.0347044 0.00248654 0.0563079 -0.00949666 0.00540368 0.0610345 0.0409856
internal_weight=38497 36114.7 6375.3 2382.25 1717.84 29739.4 16065.9 4657.46 2774.11 2751.23 1766.47 967.956 911.381 13291.8 7402.2 806.457 1414.29 4329.07 635.095 639.264 2292.07 728.259 764.948 430.181 2139.01 736.939 13673.5 1923.27 1312.5 203.007
internal_count=162221 150317 27921 11904 8237 122396 66593 19684 11851 11836 7750 4201 4038 54742 30680 4199 7703 18086 2882 2899 9761 3324 3240 2019 8969 3898 55803 8159 7250 961
is_linear=0
shrinkage=0.05


Tree=13
num_leaves=31
num_cat=0
split_feature=0 4 2 5 5 5 1 2 8 4 1 2 1 15 5 0 4 5 0 5 10 5 1 4 10 0 0 6 1 2
split_gain=1521.39 503.754 465.911 431.913 197.304 134.724 128.379 99.8399 118.421 85.9123 80.7181 80.3547 65.2972 64.6197 57.7451 48.0848 46.1811 43.5563 41.9307 39.3621 35.1187 33.9488 29.6776 29.2967 70.5674 34.4066 28.6372 25.5391 24.4419 24.3072
threshold=6.5000000000000009 3.5000000000000004 3.5000000000000004 3.5000000000000004 3.5000000000000004 1.0000000180025095e-35 3.5000000000000004 1.0000000180025095e-35 1.0000000180025095e-35 1.0000000180025095e-35 3.5000000000000004 1.0000000180025095e-35 4.5000000000000009 5.5000000000000009 1.0000000180025095e-35 1.0000000180025095e-35 1.0000000180025095e-35 1.0000000180025095e-35 1.5000000000000002 1.5000000000000002 1.0000000180025095e-35 3.5000000000000004 1.0000000180025095e-35 1.0000000180025095e-35 1.0000000180025095e-35 1.0000000180025095e-35 1.0000000180025095e-35 1.0000000180025095e-35 1.0000000180025095e-35 4.5000000000000009
decision_type=2 2 2 2 2 2 2 2 2 2 2 2 2 2 2 2 2 2 2 2 2 2 2 2 2 2 2 2 2 2
left_child=1 5 7 10 14 -1 13 -3 12 -8 28 -11 21 22 -4 -13 -5 -12 -6 -15 -17 -9 -7 -21 25 -25 -16 -27 -2 -24
right_child=3 2 4 16 18 6 9 8 -10 11 17 15 -14 19 26 20 -18 -19 -20 23 -22 -23 29 24 -26 27 -28 -29 -30 -31
leaf_value=-0.008880249552377522 -0.006288958284846856 -0.0055325904975493077 0.00029569821320347517 0.013274801691062335 0.025531930606649128 -0.0027540067862427218 -0.0023996281161404735 0.0075573470840649892 -0.0060123772152356576 -0.0015133860435854781 0.002047126345113556 0.0060147212875089548 0.037654734498174629 0.00083461020478377127 0.007711101108251398 0.034963233328564304 0.059327239878629513 0.04852127020147267 0.056124698767315399 -0.0099415686423328879 0.0096463797438205573 0.026580478178264384 0.0052107964664348267 -0.0055746557628103682 -0.011649172764450592 0.012526992180079133 0.033004004354842111 -0.0010661314487143815 0.012796155428993825 0.024386818069667471
leaf_weight=13481.097899600863 302.87482844293118 2224.1170523762703 334.72684179246426 56.803046479821205 134.98992556333542 1256.6251103281975 1215.968742787838 972.14283283054829 845.17619641125202 493.09602680802345 67.51571960747242 307.66983103752136 311.97902722656727 1819.9408984780312 151.59199121594429 613.85685135424137 1307.2378978282213 199.0606331974268 657.77459926903248 4720.7358535826206 176.32746006548405 309.10280041396618 1213.5083056241274 1029.3292152285576 1824.8761103153229 775.41440953314304 427.53197036683559 623.31445878744125 376.0454174131155 191.30884808301926
leaf_count=54822 1257 9134 1384 254 636 5167 5027 4066 3521 2055 289 1282 1453 7529 627 2896 7452 1003 3612 19323 782 1400 5073 4211 7528 3304 2035 2621 1613 837
internal_value=6.45763e-05 -0.00245158 0.01031 0.0394074 0.0326624 -0.00518432 -0.00212042 0.00212841 0.00911618 0.00760612 0.0134364 0.0152536 0.0171416 -0.00414952 0.0168279 0.0227843 0.0574095 0.0367508 0.0509154 -0.00587014 0.0293138 0.0121467 0.00282854 -0.00722992 -0.00422 0.00136361 0.0263833 0.0064695 0.00428205 0.0078222
internal_weight=38421.7 36112.2 6369.13 2309.54 1706.62 29743.1 16262 4662.52 2438.4 2806.92 945.497 1590.95 1593.22 13455.1 913.851 1097.85 1364.04 266.576 792.765 10793.6 790.184 1281.25 2661.44 8973.67 4252.93 2428.06 579.124 1398.73 678.92 1404.82
internal_count=162193 150325 27868 11868 8294 122457 67635 19574 10440 12042 4162 7015 6919 55593 4046 4960 7706 1292 4248 44516 3678 5466 11077 36987 17664 10136 2662 5925 2870 5910
is_linear=0
shrinkage=0.05


Tree=14
num_leaves=31
num_cat=0
split_feature=2 3 1 4 1 5 2 4 15 3 5 3 1 5 9 7 4 2 9 2 2 5 2 4 16 9 10 3 1 3
split_gain=1411.8 482.945 414.617 375.255 180.07 163.235 129.375 108.055 98.2281 93.3505 84.4981 84.3301 77.9988 71.6308 65.5336 49.2684 45.7043 43.1715 42.1718 38.3595 34.2677 34.2103 32.1721 33.561 31.2974 28.8338 24.5644 22.9547 21.3808 20.8773
threshold=6.5000000000000009 4.5000000000000009 3.5000000000000004 3.5000000000000004 1.0000000180025095e-35 3.5000000000000004 1.0000000180025095e-35 1.0000000180025095e-35 4.5000000000000009 1.0000000180025095e-35 2.5000000000000004 1.0000000180025095e-35 3.5000000000000004 2.5000000000000004 1.0000000180025095e-35 1.0000000180025095e-35 1.5000000000000002 3.5000000000000004 1.5000000000000002 3.5000000000000004 1.5000000000000002 1.0000000180025095e-35 1.0000000180025095e-35 1.0000000180025095e-35 4.5000000000000009 1.0000000180025095e-35 1.0000000180025095e-35 3.5000000000000004 1.0000000180025095e-35 1.0000000180025095e-35
decision_type=2 2 2 2 2 2 2 2 2 2 2 2 2 2 2 2 2 2 2 2 2 2 2 2 2 2 2 2 2 2
left_child=1 4 9 12 -1 8 -5 -7 19 -2 -4 -9 18 25 20 22 -11 -14 -3 24 -13 -18 -10 -24 -6 -8 29 -16 -15 -25
right_child=2 3 10 6 5 7 13 11 15 16 -12 14 17 28 27 -17 21 -19 -20 -21 -22 -23 23 26 -26 -27 -28 -29 -30 -31
leaf_value=-0.0088595314216166569 -0.010814831717542016 0.0099196950017505139 0.024486424862878279 0.001884503239646274 0.015447491581470707 -0.0038598253240501716 0.045297606222602073 0.0016029212413403407 -0.0061628952235295081 0.0062606374948089086 0.060193450452199815 0.017086864393218711 0.011524414138512087 0.021114153074059099 -0.0013228233678620437 -0.0083174078198912337 0.0047766611572221751 0.041581800019521616 -0.0049452169375135517 0.020645145694547215 0.037000275194805594 0.04138256263729119 -0.0047295590375869331 0.0016984119547593058 -0.00016855649389630506 0.012740436593060001 -0.00041972751545622301 0.02699206051716568 0.055180246894486189 0.016428278734219232
leaf_weight=14274.412295326591 302.1708220243454 676.29159900546074 192.6951599419117 220.86125989258289 406.78442543745041 1049.2550569623709 102.90598553419113 682.66305814683437 2585.3001062572002 249.34170719981194 1181.9517676979303 328.75234650075436 448.72290925681591 49.511450082063675 288.05586524307728 6415.8963139355183 80.705262318253517 162.80735921859741 1620.1981091797352 373.18842422962189 630.13196912407875 305.16210080683231 1363.6721372902393 387.55987757444382 1518.8717162013054 200.52434158325195 920.64202463626862 95.245721876621246 660.63006900250912 634.20090126991272
leaf_count=58232 1240 2837 894 924 1707 4339 476 2864 10544 1048 6967 1447 1935 216 1269 26348 333 799 6713 1621 3114 1485 5573 1595 6297 887 3854 445 3675 2730
internal_value=-0.000173945 -0.0026 0.0377034 0.0134628 -0.0046823 -0.00130975 0.0365605 0.00916252 -0.00351381 0.0120623 0.0551881 0.0159106 0.00365798 0.0441165 0.0231877 -0.00528594 0.0229451 0.0195266 -0.00056766 0.00597357 0.030173 0.0337263 -0.00198457 0.00128281 0.00313025 0.0237819 0.00550383 0.00571308 0.0528051 0.0108412
internal_weight=38409.1 36097.1 2312.03 4142.45 31954.6 17680.2 1234.43 3074.1 14606.1 937.38 1374.65 2024.85 2908.02 1013.57 1342.19 12307.3 635.209 611.53 2296.49 2298.84 958.884 385.867 5891.38 3306.07 1925.66 303.43 1942.4 383.302 710.142 1021.76
internal_count=162408 150441 11967 18462 131979 73747 6178 13478 60269 4106 7861 9139 12284 5254 6275 50644 2866 2734 9550 9625 4561 1818 24296 13752 8004 1363 8179 1714 3891 4325
is_linear=0
shrinkage=0.05


Tree=15
num_leaves=31
num_cat=0
split_feature=3 5 0 0 1 3 9 5 0 0 3 4 2 4 3 1 6 4 0 2 2 1 4 15 2 9 15 6 3 2
split_gain=1337.05 458.007 397.693 373.835 188.517 133.705 141.415 117.938 97.0696 93.4658 90.0692 67.0051 61.2023 57.4154 52.27 48.0012 45.3108 40.0112 39.1705 36.4548 33.1973 29.4447 29.3786 28.3564 27.4205 26.4383 25.803 25.6534 25.712 25.2424
threshold=6.5000000000000009 3.5000000000000004 3.5000000000000004 3.5000000000000004 3.5000000000000004 1.0000000180025095e-35 1.0000000180025095e-35 1.0000000180025095e-35 3.5000000000000004 1.0000000180025095e-35 2.5000000000000004 4.5000000000000009 1.0000000180025095e-35 1.0000000180025095e-35 1.0000000180025095e-35 1.0000000180025095e-35 1.5000000000000002 2.5000000000000004 1.0000000180025095e-35 1.0000000180025095e-35 3.5000000000000004 1.5000000000000002 4.5000000000000009 4.5000000000000009 1.5000000000000002 3.5000000000000004 2.5000000000000004 1.0000000180025095e-35 1.0000000180025095e-35 2.5000000000000004
decision_type=2 2 2 2 2 2 2 2 2 2 2 2 2 2 2 2 2 2 2 2 2 2 2 2 2 2 2 2 2 2
left_child=1 5 9 11 14 -1 7 23 18 -3 27 25 -5 -6 -4 -10 22 -16 -9 -17 -20 -14 -12 -7 -13 -2 -8 28 -11 -30
right_child=3 2 4 12 13 6 26 8 15 10 16 24 21 -15 17 19 -18 -19 20 -21 -22 -23 -24 -25 -26 -27 -28 -29 29 -31
leaf_value=-0.0084520944014161072 0.014351728292632385 -0.004959014893270987 -0.0024762280408738967 0.005067834489938681 0.0071551731708475235 0.0064912226513671985 0.0036787056502788846 -0.0011072190840054484 0.0043588801745030534 -0.00051197664088141221 0.021987397026455396 0.0079457983521364992 0.027102096426482578 0.053568882885926941 0.010918599702300689 0.0079769600138788737 -0.00087756928490060151 0.03642825949542107 0.0061581792741439226 0.03621243000506702 0.022785972143873925 0.05912899560341181 0.045821128433901112 -0.0051549270433992227 0.051429371784704359 -0.0048799303713868347 -0.0073131731433869794 -0.0059618881170644018 0.0058513072481196637 0.029899683212089696
leaf_weight=13763.079366713762 444.33852355182171 2212.0477846115828 281.31213082373142 59.033639505505562 73.692765384912491 619.47543048858643 575.86877286434174 1553.3440332263708 250.10890075564384 507.68473443388939 519.22707284986973 49.101112648844719 76.447261065244675 695.32163107395172 310.58985967934132 146.33355267345905 170.18771646916866 304.32747209072113 1374.8501417785883 522.45986689627171 384.01719008386135 1171.9341341853142 172.16949206590652 3344.6373401284218 138.57243621349335 298.93352825939655 7327.1698712259531 605.11286668479443 260.63997137546539 187.7009100317955
leaf_count=56020 1924 9123 1177 255 325 2550 2423 6359 1040 2101 2302 213 355 3998 1369 613 729 1499 5788 2495 1733 7119 882 13605 734 1255 30129 2530 1118 875
internal_value=7.22343e-05 -0.00224902 0.0100019 0.0375728 0.0309598 -0.00483366 -0.00174011 0.00286187 0.00866768 0.00247181 0.00925646 0.0133575 0.0548153 0.0491212 0.0153763 0.023046 0.0222336 0.0235435 0.00467871 0.0300344 0.00978856 0.0571678 0.0279224 -0.00333497 0.0400527 0.00661703 -0.00651223 0.00209446 0.0071937 0.0159193
internal_weight=38399.7 36161.4 6300.01 2238.36 1665.24 29861.3 16098.3 8195.23 4231.11 4634.77 2422.72 930.946 1307.42 769.014 896.229 918.902 861.584 614.917 3312.21 668.793 1758.87 1248.38 691.397 3964.11 187.674 743.272 7903.04 1561.14 956.026 448.341
internal_count=162638 150783 28028 11855 8368 122755 66735 34183 18028 19660 10537 4126 7729 4323 4045 4148 3913 2868 13880 3108 7521 7474 3184 16155 947 3179 32552 6624 4094 1993
is_linear=0
shrinkage=0.05


Tree=16
num_leaves=31
num_cat=0
split_feature=1 3 4 3 0 15 1 0 0 3 3 9 4 0 1 4 10 1 0 3 9 1 7 4 0 6 1 7 10 4
split_gain=1239.48 390.807 453.218 382.491 162.578 105.676 90.5484 83.2807 66.802 59.0833 57.9842 83.6408 68.4916 76.0249 69.4094 57.4351 57.4389 47.0192 42.5327 42.4736 49.7959 36.0346 35.3763 32.0745 31.6114 31.1623 28.2033 24.0017 23.4882 23.3163
threshold=6.5000000000000009 3.5000000000000004 3.5000000000000004 3.5000000000000004 3.5000000000000004 4.5000000000000009 1.0000000180025095e-35 1.0000000180025095e-35 2.5000000000000004 1.0000000180025095e-35 1.0000000180025095e-35 1.0000000180025095e-35 1.0000000180025095e-35 1.0000000180025095e-35 1.0000000180025095e-35 1.0000000180025095e-35 1.0000000180025095e-35 1.0000000180025095e-35 1.0000000180025095e-35 1.0000000180025095e-35 1.0000000180025095e-35 1.0000000180025095e-35 1.0000000180025095e-35 4.5000000000000009 5.5000000000000009 1.0000000180025095e-35 1.0000000180025095e-35 1.0000000180025095e-35 1.0000000180025095e-35 3.5000000000000004
decision_type=2 2 2 2 2 2 2 2 2 2 2 2 2 2 2 2 2 2 2 2 2 2 2 2 2 2 2 2 2 2
left_child=1 5 6 9 18 17 -3 -8 -5 -2 -7 12 -12 28 -15 -9 27 -1 -4 -19 24 -20 -16 -11 29 -23 -6 -17 -14 -21
right_child=3 2 4 8 26 10 7 15 -10 23 11 -13 13 14 22 16 -18 19 21 20 -22 25 -24 -25 -26 -27 -28 -29 -30 -31
leaf_value=-0.0035614011706100466 -0.0031082881737701205 -0.0073141856127575114 0.0032914915641628698 0.024551376981689455 0.018029912517404163 -0.0080477115188574665 -0.0046762962918619295 0.0020364468633248894 0.058305254412015631 0.015576915934396376 -0.005615813578213902 -0.0081224735425248825 0.0020465873386900611 -0.0011615436351060618 0.022306306050631011 0.033695099861958587 0.00078052462048946222 -7.1290068356491125e-05 0.0047512217913061386 0.011610103548414234 -0.00039425614547440314 0.040213925632813473 0.0068700972850073974 0.043279515578967642 0.046374512584514922 0.008451256824982413 0.051560180927811387 0.015412231647851639 -0.010314440211845594 0.031141470343439288
leaf_weight=1808.3473874479532 382.48250170052052 1910.6307496279478 342.5419664233923 168.63654425740242 69.006742417812347 13547.586784034967 994.29692734777927 674.51311242580414 1120.8413385003805 429.44800673425198 2809.5015240311623 5067.8640368282795 767.77538135647774 883.8247094899416 963.70120367407799 524.06326660513878 270.84650027751923 1164.7989714890718 154.87854304909706 621.47707696259022 469.13128198683262 333.004723072052 603.67112623155117 138.08186931908131 98.559478148818016 100.5342344045639 687.74308359622955 273.03725609183311 769.46529121696949 202.62370370328426
leaf_count=7404 1582 7826 1429 788 301 55138 4084 2811 6997 1909 11491 20817 3141 3652 4368 2454 1169 4792 649 2653 1981 1663 2649 732 485 452 3990 1231 3143 934
internal_value=5.93267e-05 -0.00217904 0.00909787 0.0361546 0.0312902 -0.00457811 0.00103868 0.00687012 0.053891 0.0120806 -0.00581254 -0.00326056 0.000363988 0.00457623 0.010043 0.0134588 0.0206732 0.00260893 0.0172987 0.00697338 0.0128691 0.0254529 0.0163611 0.022317 0.0196129 0.0328484 0.0485026 0.0274325 -0.00414072 0.0164123
internal_weight=38352.9 36113.4 6335.1 2239.49 1687.71 29778.3 4647.39 2736.76 1289.48 950.012 25413.4 11865.8 6797.94 3988.44 2451.2 1742.46 1067.95 4364.94 930.959 2556.59 1391.79 588.418 1567.37 567.53 922.66 433.539 756.75 797.101 1537.24 824.101
internal_count=162715 150707 28059 12008 8484 122648 19575 11749 7785 4223 104399 49261 28444 16953 10669 7665 4854 18249 4193 10845 6053 2764 7017 2641 4072 2115 4291 3685 6284 3587
is_linear=0
shrinkage=0.05


Tree=17
num_leaves=31
num_cat=0
split_feature=2 3 0 4 0 0 1 4 10 3 5 1 5 1 5 5 4 5 2 0 3 4 1 9 0 0 5 11 1 9
split_gain=1165.99 384.356 373.094 369.035 117.278 111.397 95.7612 102.34 97.6879 82.4103 78.8209 65.8608 56.9838 53.5163 43.7004 42.1845 41.6096 37.5398 44.6434 47.6194 35.8316 34.1975 32.9422 31.1865 26.5213 26.0646 23.8862 22.9941 22.9501 22.0409
threshold=6.5000000000000009 3.5000000000000004 3.5000000000000004 4.5000000000000009 3.5000000000000004 3.5000000000000004 1.0000000180025095e-35 1.0000000180025095e-35 1.0000000180025095e-35 1.0000000180025095e-35 3.5000000000000004 1.0000000180025095e-35 2.5000000000000004 2.5000000000000004 2.5000000000000004 2.5000000000000004 3.5000000000000004 1.0000000180025095e-35 1.0000000180025095e-35 1.0000000180025095e-35 1.0000000180025095e-35 4.5000000000000009 3.5000000000000004 1.0000000180025095e-35 3.5000000000000004 3.5000000000000004 1.5000000000000002 1.0000000180025095e-35 2.5000000000000004 1.0000000180025095e-35
decision_type=2 2 2 2 2 2 2 2 2 2 2 2 2 2 2 2 2 2 2 2 2 2 2 2 2 2 2 2 2 2
left_child=1 6 9 4 17 15 -1 -8 10 -2 20 -6 -11 -4 -13 29 27 -3 -19 -20 -9 -10 -21 24 -22 -23 -15 -12 -14 -5
right_child=2 3 13 5 11 -7 7 8 21 12 16 14 28 26 -16 -17 -18 18 19 22 23 25 -24 -25 -26 -27 -28 -29 -30 -31
leaf_value=-0.0075266796421756118 -0.0094292331343747236 -0.0061307903743592108 0.027501793654441439 0.026237168136427843 -0.002125410728111433 0.050134040704493024 -0.0063727445897769318 -0.0018591803233108 -0.0062230049480217313 0.0077461796927180502 0.025414767652255435 0.013615989306593508 0.021775810168682908 0.024821634655631267 0.037572045031615799 0.033894684333844509 0.036668090515401472 -0.0049857530044105135 -0.0014930976130639667 0.011011973552791772 0.0087061190253689604 -0.00023065724557228535 0.033769649263295509 -0.00036867518087523683 0.02588253497431869 0.017532750922713659 0.059192877799065763 0.0067642328807627468 0.049800510946075675 -0.0014337015367513238
leaf_weight=13479.519072026014 309.70974941551685 1709.9009471982718 172.36170308291912 105.71796627342701 287.81945767998695 575.65503957867622 7049.4772453010082 1746.4139279574156 3328.7738910615444 329.64694206416607 252.26171886920929 369.81371547281742 127.04360772669315 53.162343204021454 392.32498672604561 275.0472454726696 254.519999101758 913.87931056320667 599.92296022176743 596.93629750609398 954.1583339869976 990.85946173965931 216.75415143370628 710.8633159995079 293.97460018098354 260.88005518913269 1027.5564184933901 479.19258436560631 171.9022473692894 225.40519094467163
leaf_count=54835 1269 6951 812 463 1200 3415 28758 7138 13774 1411 1145 1633 574 258 2040 1361 1253 3766 2487 2593 4023 4173 1032 2957 1335 1215 6751 2096 920 953
internal_value=0.000110858 -0.00204055 0.0355229 0.00921257 0.00336562 0.0343817 -0.00440785 -0.00183207 0.00162023 0.0116812 0.00669145 0.0182522 0.0220823 0.0533755 0.0259478 0.0194223 0.0192554 -0.000505773 0.00362667 0.00919446 0.00334831 -0.00357374 0.0170743 0.0079907 0.0127517 0.00347149 0.0575021 0.0131964 0.0378908 0.0074008
internal_weight=38261.5 36070.1 2191.38 6269.18 5087.35 1181.83 29800.9 16321.4 9271.9 938.303 4691.38 1049.96 628.593 1253.08 762.139 606.17 985.974 4037.39 2327.49 1413.61 3705.41 4580.51 813.69 1959 1248.13 1251.74 1080.72 731.454 298.946 331.123
internal_count=162591 150596 11995 27894 21702 6192 122702 67867 39109 4174 19947 4873 2905 7821 3673 2777 4494 16829 9878 6112 15453 19162 3625 8315 5358 5388 7009 3241 1494 1416
is_linear=0
shrinkage=0.05


Tree=18
num_leaves=31
num_cat=0
split_feature=0 3 3 1 5 11 5 3 5 9 0 9 1 4 4 4 1 4 1 5 11 3 5 4 4 0 5 15 9 4
split_gain=1096.14 373.543 362.864 307.102 142.45 124.414 114.804 100.645 108.822 65.2113 64.199 74.2563 55.79 55.1427 48.9265 39.5288 38.6346 36.5996 35.0342 30.0499 29.8293 29.3156 23.8111 22.5946 22.4616 21.7357 21.5313 21.1122 20.5344 20.452
threshold=6.5000000000000009 3.5000000000000004 4.5000000000000009 3.5000000000000004 1.0000000180025095e-35 1.5000000000000002 1.0000000180025095e-35 1.0000000180025095e-35 4.5000000000000009 1.5000000000000002 1.0000000180025095e-35 1.0000000180025095e-35 5.5000000000000009 3.5000000000000004 2.5000000000000004 1.0000000180025095e-35 1.0000000180025095e-35 2.5000000000000004 1.5000000000000002 6.5000000000000009 3.5000000000000004 1.0000000180025095e-35 1.0000000180025095e-35 1.5000000000000002 4.5000000000000009 1.0000000180025095e-35 3.5000000000000004 1.5000000000000002 1.5000000000000002 1.0000000180025095e-35
decision_type=2 2 2 2 2 2 2 2 2 2 2 2 2 2 2 2 2 2 2 2 2 2 2 2 2 2 2 2 2 2
left_child=2 12 4 9 27 7 -5 -6 10 17 -9 15 21 29 -3 -12 -10 -4 -17 -7 -21 -2 -11 -18 -24 -15 -19 -1 -23 -8
right_child=1 14 3 6 5 19 13 8 16 22 11 -13 -14 25 -16 18 23 26 -20 20 -22 28 24 -25 -26 -27 -28 -29 -30 -31
leaf_value=0.0021616158789744128 -0.0049374055082336893 0.028232429946508902 0.0061752171352498376 0.00096463853156067935 -0.0027191560860002368 -0.0071839359321067249 0.01024186649295784 -0.0022419752640513687 0.0060569522151251581 -0.0080283486171442969 0.0044237869057639307 -0.00072301779983740774 0.042711795760052497 0.011175113029779324 0.057446862812327054 0.010120417987989083 0.017775602794302622 0.01812208837659339 0.026461626039405575 0.014755698184735528 -0.0062738416189413344 0.020032180493039307 0.00027944646450254866 0.041374572275930811 0.020788804187238372 0.054506665830542506 0.043777468211151763 -0.0078900120916864224 -0.0060184365083913727 0.034798000471173568
leaf_weight=542.92851603031158 341.13076439499855 166.41866680979729 533.32583886384964 215.88269872963428 4967.8423961400986 6166.4315495789051 120.08594399690628 2083.1232851445675 170.3458938896656 845.53529727458954 604.82431390881538 1202.5137941241264 119.96301913261414 30.713639840483665 1032.2710758298635 554.19767248630524 148.72799462080002 245.34780450165272 803.57272981107235 327.48670376837254 347.61641778051853 355.23131293058395 1001.5120093971491 318.92931777238846 154.03041705489159 501.26620356738567 122.67057247459888 13813.328408971429 96.112902611494064 288.50158749520779
leaf_count=2235 1421 825 2235 896 20300 25483 513 8526 709 3442 2513 5102 666 140 6942 2379 645 1069 3816 1483 1491 1657 4243 1648 734 3162 646 55962 413 1435
internal_value=2.17786e-05 0.0350411 -0.00202554 0.0120592 -0.00380915 -0.000806793 0.0338476 0.00252174 0.00694493 0.00337771 0.00457457 0.0090609 0.0109346 0.041395 0.0533909 0.0150557 0.0264436 0.0145447 0.0197917 -0.0060875 0.00392741 0.00612424 -0.00165225 0.0338694 0.00301328 0.0520049 0.0266737 -0.00750988 0.0144848 0.0275808
internal_weight=38221.9 2111.13 36110.7 4058.87 32051.9 17695.6 1156.45 10854.1 5886.24 2902.42 5248.23 3165.11 912.438 940.567 1198.69 1962.59 638.003 901.344 1357.77 6841.53 675.103 792.475 2001.08 467.657 1155.54 531.98 368.018 14356.3 451.344 408.588
internal_count=162731 11924 150807 18515 132292 74095 6146 45638 25338 12369 22336 13810 4157 5250 7767 8708 3002 3950 6195 28457 2974 3491 8419 2293 4977 3302 1715 58197 2070 1948
is_linear=0
shrinkage=0.05


Tree=19
num_leaves=31
num_cat=0
split_feature=4 2 3 3 1 2 8 3 1 5 3 1 2 1 9 4 9 9 1 5 5 4 15 3 5 2 5 17 13 5
split_gain=1004.1 337.254 331.192 307.053 175.11 96.6175 134.382 105.255 86.4068 63.4754 62.726 63.7222 52.8778 51.4887 48.3555 45.0286 41.0476 40.9042 34.7296 32.3673 32.1408 27.8536 27.0173 25.8102 24.6576 23.9136 23.7699 22.9295 22.4566 21.9626
threshold=6.5000000000000009 3.5000000000000004 3.5000000000000004 3.5000000000000004 3.5000000000000004 1.0000000180025095e-35 1.0000000180025095e-35 1.0000000180025095e-35 3.5000000000000004 1.0000000180025095e-35 1.0000000180025095e-35 5.5000000000000009 1.0000000180025095e-35 1.0000000180025095e-35 1.0000000180025095e-35 3.5000000000000004 1.5000000000000002 1.0000000180025095e-35 1.5000000000000002 2.5000000000000004 4.5000000000000009 1.0000000180025095e-35 4.5000000000000009 3.5000000000000004 4.5000000000000009 1.5000000000000002 3.5000000000000004 10.500000000000002 5.5000000000000009 1.0000000180025095e-35
decision_type=2 2 2 2 2 2 2 2 2 2 2 2 2 2 2 2 2 2 2 2 2 2 2 2 2 2 2 2 2 2
left_child=1 5 12 10 13 28 7 25 14 -4 22 17 -2 -5 21 29 -15 24 -11 -6 -14 -9 -3 -16 -12 -7 -18 -23 -1 -10
right_child=2 3 9 4 19 6 -8 8 15 18 11 -13 20 16 23 -17 26 -19 -20 -21 -22 27 -24 -25 -26 -27 -28 -29 -30 -31
leaf_value=-0.0063510554990897708 -0.005903772153242076 0.0090865296765453296 0.0037573659496237151 -0.0025495233161469998 0.028160927802438424 0.0021861599728275577 -0.0070256767130619444 0.0017905359295218308 0.0020968716371182624 0.022708824361511726 0.0070034761841710272 0.032087608079947892 0.013181260370318609 0.036031189390483831 -0.0068523793852513018 0.037741726499550904 0.00020305916531064718 -0.0043331436741757684 0.056426552727835845 0.052326672103513473 0.040447766270500868 0.007623653223473921 -0.0065046030364050685 0.0050976464114706769 0.024956024162668428 -0.0068977049957316258 0.031533001334727161 0.021246939508559645 -0.012721666982671371 0.01984843879879547
leaf_weight=14100.358186781406 308.04098117351532 326.46908210217953 66.835022479295731 343.02257698774338 188.9272795766592 1064.0728700309992 5910.9478798508644 744.23544408380985 257.24351213872433 82.485516175627708 1185.2252958267927 237.3390349149704 462.1405107229948 271.51566530764103 1068.2849300354719 270.11472472548485 212.36018596589565 785.1531033217907 1030.0851129740477 519.77571700513363 141.06930524110794 657.14827127754688 1866.1758592426777 783.05855123698711 228.07177157700062 2270.3549361079931 84.68281377851963 582.77606911957264 1533.7905569523573 540.00842767953873
leaf_count=57434 1268 1350 283 1431 925 4342 24277 3051 1053 396 5101 1187 2042 1348 4394 1379 929 3278 7106 3371 773 2810 7623 3317 1110 9246 440 2517 6243 2473
internal_value=-9.64559e-05 -0.00205113 0.0335911 0.0085096 0.0272424 -0.0042669 -0.00127323 0.00285463 0.00751569 0.0510837 0.00195177 0.00747434 0.0109508 0.0127492 0.00401411 0.0200984 0.0219792 0.00481716 0.0539267 0.0458845 0.0195579 0.00943707 -0.0041832 -0.0017979 0.00990058 -0.00399889 0.00913479 0.0140267 -0.00697605 0.0141207
internal_weight=38121.8 36031.1 2090.66 6248.72 1620.28 29782.4 14148.2 8237.3 4902.87 1179.41 4628.43 2435.79 911.251 911.581 3835.5 1067.37 568.559 2198.45 1112.57 708.703 603.21 1984.16 2192.64 1851.34 1413.3 3334.43 297.043 1239.92 15634.1 797.252
internal_count=162497 150629 11868 28093 8444 122536 58859 34582 20994 7785 19649 10676 4083 4148 16089 4905 2717 9489 7502 4296 2815 8378 8973 7711 6211 13588 1369 5327 63677 3526
is_linear=0
shrinkage=0.05


Tree=20
num_leaves=31
num_cat=0
split_feature=0 3 3 4 2 4 15 3 3 2 8 2 0 1 4 10 4 10 2 1 1 2 0 2 1 0 0 2 6 6
split_gain=964.24 337.812 303.667 158.485 151.423 127.815 78.1774 76.4415 58.128 54.3093 54.3059 49.1851 46.2903 44.8946 43.5559 116.164 43.0089 42.999 41.7517 42.1267 38.2077 35.075 33.5088 29.8541 27.4542 25.4403 24.2927 21.8527 21.2295 20.4884
threshold=6.5000000000000009 3.5000000000000004 6.5000000000000009 3.5000000000000004 3.5000000000000004 4.5000000000000009 2.5000000000000004 2.5000000000000004 1.0000000180025095e-35 1.0000000180025095e-35 1.0000000180025095e-35 2.5000000000000004 1.5000000000000002 1.0000000180025095e-35 1.0000000180025095e-35 1.0000000180025095e-35 1.0000000180025095e-35 1.0000000180025095e-35 1.0000000180025095e-35 3.5000000000000004 4.5000000000000009 1.0000000180025095e-35 2.5000000000000004 1.0000000180025095e-35 4.5000000000000009 1.0000000180025095e-35 1.0000000180025095e-35 1.0000000180025095e-35 1.5000000000000002 4.5000000000000009
decision_type=2 2 2 2 2 2 2 2 2 2 2 2 2 2 2 2 2 2 2 2 2 2 2 2 2 2 2 2 2 2
left_child=2 8 3 6 9 16 23 24 -2 -5 13 29 -9 -11 -8 18 -4 26 -16 -20 -10 -7 -15 -1 -6 -21 -18 -28 -24 -3
right_child=1 11 5 4 7 21 14 12 20 10 -12 -13 -14 22 15 -17 17 -19 19 25 -22 -23 28 -25 -26 -27 27 -29 -30 -31
leaf_value=-0.0024434883620973197 -0.0046256136036310971 0.036275554563546468 -0.0021593231789788937 -0.0050909833916289232 0.0040955832140724367 -0.0014527350403611703 -0.0068646141385026137 0.011422225550291893 0.013716882867681336 -0.0010266309005583878 -0.0042473876008173638 0.05615961385362192 0.04272177085110293 0.010435596858624482 -0.00314354467442316 -0.0083718532526327518 0.0082072763254584079 -0.0006845362827733744 0.0021009871822213312 0.0017850357712874668 0.044866219455501039 0.050375394360922504 0.039026382479193475 0.010192361114109745 0.031044179112245354 0.020772160519760254 0.0082543549696201569 0.042177069764145966 0.01510058414180813 -0.0055302941335195997
leaf_weight=760.76427608728409 364.88212683796883 125.46288928389549 356.16229279339314 2181.5566317737103 548.11276815831661 35.965939179062843 14414.284295380116 166.22167974710464 408.31098054349422 462.38414011895657 828.38465228676796 960.93660126626492 408.27940554916859 594.87159338593483 3004.8836424201727 5399.1706970632076 108.14346119761467 179.18007218837738 3329.3593493700027 257.86582557857037 129.72086805105209 353.46283777058125 229.61573308706284 1212.4174458384514 114.20135892927647 558.54937687516212 58.587491497397423 250.29438747465611 155.50349770486355 38.239585906267166
leaf_count=3117 1524 641 1483 8934 2395 155 58551 763 1854 1901 3448 6941 2406 2576 12244 22084 456 793 13874 1069 757 2295 1140 5150 579 2639 249 1320 727 178
internal_value=8.88551e-06 0.033557 -0.00188225 -0.00278662 0.00484236 0.0214561 -0.00428649 0.0203193 0.0107796 0.000543014 0.00595569 0.0518438 0.0336658 0.0118155 -0.00498952 -0.00283586 0.0115881 0.0198005 0.00134415 0.00459685 0.0212271 0.0455888 0.0178748 0.00532058 0.00874227 0.0147751 0.0286022 0.0357427 0.0293656 0.02651
internal_weight=37995.8 2027.55 35968.2 34626.4 5689.13 1341.8 28937.3 1236.82 902.914 4452.32 2270.76 1124.64 574.501 1442.37 26964.1 12549.8 952.368 596.205 7150.66 4145.77 538.032 389.429 979.991 1973.18 662.314 816.415 417.025 308.882 385.119 163.702
internal_count=162243 11895 150348 143597 24869 6751 118728 6143 4135 18726 9792 7760 3169 6344 110461 51910 4301 2818 29826 17582 2611 2450 4443 8267 2974 3708 2025 1569 1867 819
is_linear=0
shrinkage=0.05


Tree=21
num_leaves=31
num_cat=0
split_feature=0 5 2 3 5 5 3 2 8 0 4 3 8 3 1 5 6 5 9 1 1 4 0 1 4 4 10 3 1 8
split_gain=866.241 337.772 288.116 247.37 121.446 120.384 99.0495 117.322 133.629 92.5518 66.348 63.3111 57.188 48.2628 39.3045 35.1083 29.684 29.2365 27.7066 26.2891 24.5901 22.7561 21.481 20.1055 19.4326 17.4913 17.033 16.8398 16.3092 16.8252
threshold=6.5000000000000009 3.5000000000000004 4.5000000000000009 3.5000000000000004 1.0000000180025095e-35 2.5000000000000004 1.0000000180025095e-35 1.0000000180025095e-35 1.0000000180025095e-35 1.0000000180025095e-35 3.5000000000000004 3.5000000000000004 1.5000000000000002 1.5000000000000002 2.5000000000000004 1.0000000180025095e-35 1.0000000180025095e-35 1.5000000000000002 1.0000000180025095e-35 1.0000000180025095e-35 3.5000000000000004 3.5000000000000004 2.5000000000000004 2.5000000000000004 1.0000000180025095e-35 5.5000000000000009 1.0000000180025095e-35 1.0000000180025095e-35 1.0000000180025095e-35 4.5000000000000009
decision_type=2 2 2 2 2 2 2 2 2 2 2 2 2 2 2 2 2 2 2 2 2 2 2 2 2 2 2 2 2 2
left_child=2 11 4 12 -1 18 17 -8 9 -9 16 27 15 -3 -7 -4 22 -6 -5 -15 -12 -17 -11 -13 -14 -10 -26 -2 -20 -30
right_child=1 13 3 5 6 14 7 8 25 10 20 23 24 19 -16 21 -18 -19 28 -21 -22 -23 -24 -25 26 -27 -28 -29 29 -31
leaf_value=-0.006716315670895776 -0.0064751296782228438 0.017682886694016152 -0.00018280123973640148 0.027586363772207981 0.0021197174832212405 0.024252154587002119 -0.0034356677089525376 0.0020773497677134731 -0.0033733323120528182 0.013089229968237845 0.024192645775313652 0.014789549379526149 -0.0072676188601106476 0.0037324975698691133 0.051611926855079863 0.014594273272679521 0.005521311918198905 -0.0062355198720277791 -0.014544356525530927 0.055712976338183097 0.043131641837248297 0.03634842765550559 0.02830266142389018 0.044082047489017701 0.008778882357525367 0.014243054491036067 -0.0034503268251230472 0.009300996925602616 0.017177052198451462 -0.022870323154427025
leaf_weight=14404.537757799029 313.45603279769421 98.535345152020454 299.79166549444199 158.03607176244259 1255.5275992751122 179.11849480867386 4362.5527772009373 1163.2553764730692 2051.8290982246399 562.28449414670467 405.96932953596115 100.51235048472881 847.40959921479225 24.958851829171181 491.36723482608795 418.10097849369049 649.89397670328617 6304.0185294151306 101.9261644333601 956.26897334307432 296.61371640861034 168.72625134885311 395.04478825628757 140.41166140139103 575.77846571803093 151.29551817476749 563.27993977069855 367.42726029455662 153.88912346959114 31.615322545170784
leaf_count=58307 1292 477 1224 747 5141 888 17952 4806 8687 2461 1965 462 3461 120 3312 1813 2833 25647 419 7156 1732 873 1822 822 2517 697 2404 1637 712 137
internal_value=4.79856e-05 0.0320629 -0.00173242 0.0109386 -0.00331181 0.030917 -0.000525164 0.00272997 0.00746871 0.0135789 0.0193713 0.00983279 0.00317866 0.051041 0.0443028 0.0137376 0.0137684 -0.00484784 0.0107696 0.0543908 0.0321882 0.0208491 0.0193671 0.0318614 -0.00153411 -0.00216356 0.00273137 0.00203819 0.00152335 0.0103518
internal_weight=37993.4 2001.57 35991.9 3989.04 32002.8 1115.95 17598.3 10038.7 5676.19 3473.06 2309.81 921.807 2873.09 1079.76 670.486 886.619 1607.22 7559.55 445.467 981.228 702.583 586.827 957.329 240.924 1986.47 2203.12 1139.06 680.883 287.431 185.504
internal_count=162523 11966 150557 18507 132050 6215 73743 42955 25003 15619 10813 4213 12292 7753 4200 3910 7116 30788 2015 7276 3697 2686 4283 1284 8382 9384 4921 2929 1268 849
is_linear=0
shrinkage=0.05


Tree=22
num_leaves=31
num_cat=0
split_feature=0 2 5 3 2 15 3 15 1 3 1 4 10 2 4 11 2 2 1 5 11 4 6 2 15 5 11 16 11 0
split_gain=816.488 321.134 271.443 275.366 140.636 75.4509 65.7444 53.636 52.3418 47.6602 45.5785 43.8266 45.2019 41.4504 40.9819 38.9421 37.6809 33.8328 28.7047 28.0314 27.3055 25.8033 21.9128 21.201 20.7329 20.3994 31.4509 19.1555 18.3348 19.2704
threshold=6.5000000000000009 3.5000000000000004 3.5000000000000004 3.5000000000000004 3.5000000000000004 4.5000000000000009 1.5000000000000002 4.5000000000000009 1.0000000180025095e-35 3.5000000000000004 2.5000000000000004 1.0000000180025095e-35 1.0000000180025095e-35 3.5000000000000004 1.0000000180025095e-35 1.0000000180025095e-35 4.5000000000000009 1.0000000180025095e-35 1.0000000180025095e-35 1.0000000180025095e-35 3.5000000000000004 1.0000000180025095e-35 4.5000000000000009 1.0000000180025095e-35 5.5000000000000009 1.0000000180025095e-35 1.5000000000000002 3.5000000000000004 1.5000000000000002 1.0000000180025095e-35
decision_type=2 2 2 2 2 2 2 2 2 2 2 2 2 2 2 2 2 2 2 2 2 2 2 2 2 2 2 2 2 2
left_child=2 9 5 7 14 8 -3 -4 -1 24 -6 -7 16 21 -5 17 -13 -9 -19 -18 23 -10 -11 -16 -2 -15 -27 -23 29 -21
right_child=1 6 3 4 10 11 -8 15 13 22 -12 12 -14 25 20 -17 19 18 -20 28 -22 27 -24 -25 -26 26 -28 -29 -30 -31
leaf_value=-0.0042776893643466036 0.019586869821438205 0.012049799612416843 0.013719896987241968 -0.0034206773648349838 0.021720626771418464 -0.0069466714883651432 0.054224485161967151 -0.0040072689926342305 -0.0032605641780382427 0.036287475292727224 0.051431730581726759 -0.0011079998093624095 -0.0055399894550724697 0.0065398433483639723 0.0095035274727483104 -0.0037736925859204345 -0.00063634293030666387 -0.00022664929248322806 0.021590062800614103 0.0056643069579161397 -0.004963354915236428 0.021339089342462078 -0.0025837395802283114 0.031668394774527951 -0.0021732543855883554 0.03297803460935983 -0.0084132824366831144 0.0052461421117837928 -0.0014574782980545807 0.032464410252278579
leaf_weight=1767.7860996723175 139.00604701042175 102.28547659516335 784.22841539978981 264.5262817889452 175.39558659493923 11761.437184542418 956.59061496704817 405.14281588792801 824.0101283788681 187.97954551875591 488.8382162079215 5851.519836217165 7133.8462545126677 204.74902252852917 156.46720740199089 2764.8605124056339 296.01581703126431 226.97470274567604 449.06295821070671 93.80285233259201 91.067629083991051 224.99964894354343 44.919919729232788 347.47294433414936 515.09957620501518 291.20677597820759 54.479849636554718 1037.8031488656998 83.085323125123978 235.39791728556156
leaf_count=7212 629 480 3458 1103 893 47643 7284 1666 3371 1064 3436 24117 29294 858 672 11607 1217 939 2105 390 410 972 215 1801 2230 1432 238 4385 354 1173
internal_value=1.26595e-05 0.0315598 -0.00169186 0.0078699 0.0263069 -0.0036625 0.0501505 0.00180252 0.00237934 0.00936691 0.0435863 -0.00470805 -0.0027853 0.00684164 0.0129536 -0.000627501 0.000210438 0.00741813 0.0142653 0.0111025 0.0202332 0.00362228 0.0287903 0.0247865 0.00245106 0.0190469 0.0264548 0.0081135 0.0195308 0.024828
internal_weight=37960.1 1945.88 36014.2 6154.04 1523.77 29860.1 1058.88 4630.27 4405.03 887.005 664.234 25455.1 13693.7 2637.25 859.534 3846.04 6559.82 1081.18 676.038 708.302 595.008 2086.81 232.899 503.94 654.106 550.436 345.687 1262.8 412.286 329.201
internal_count=162648 11902 150746 28090 8315 122656 7764 19775 18468 4138 4329 104188 56545 11256 3986 16317 27251 4710 3044 3134 2883 8728 1279 2473 2859 2528 1670 5357 1917 1563
is_linear=0
shrinkage=0.05


Tree=23
num_leaves=31
num_cat=0
split_feature=3 5 5 0 2 5 5 0 6 15 4 4 3 1 3 0 4 2 4 6 3 5 2 15 16 2 15 16 16 4
split_gain=785.267 278.353 242.338 242.997 150.12 70.895 71.0062 62.3313 60.1451 57.1189 52.7787 51.9376 43.4598 41.0291 38.1005 37.9546 36.0235 33.8457 27.9387 25.7401 21.6034 20.9683 19.7615 18.9933 18.2287 17.2507 16.97 16.0607 15.4139 15.2343
threshold=6.5000000000000009 3.5000000000000004 3.5000000000000004 3.5000000000000004 3.5000000000000004 1.0000000180025095e-35 1.5000000000000002 1.0000000180025095e-35 1.0000000180025095e-35 5.5000000000000009 2.5000000000000004 1.0000000180025095e-35 1.0000000180025095e-35 1.0000000180025095e-35 1.0000000180025095e-35 3.5000000000000004 1.0000000180025095e-35 3.5000000000000004 4.5000000000000009 1.0000000180025095e-35 2.5000000000000004 5.5000000000000009 2.5000000000000004 4.5000000000000009 3.5000000000000004 4.5000000000000009 5.5000000000000009 2.5000000000000004 8.5000000000000018 2.5000000000000004
decision_type=2 2 2 2 2 2 2 2 2 2 2 2 2 2 2 2 2 2 2 2 2 2 2 2 2 2 2 2 2 2
left_child=2 15 5 7 14 -1 -7 -4 12 13 -3 -6 -9 -8 -5 23 -14 24 27 29 -20 26 -17 -2 -15 -22 -18 -11 -29 -16
right_child=1 10 3 4 11 6 9 8 -10 18 -12 -13 16 17 19 22 21 -19 20 -21 25 -23 -24 -25 -26 -27 -28 28 -30 -31
leaf_value=-0.0058786256710663173 0.023364213442673743 0.02204445071484519 -0.0044055541478676546 -0.0036761044258071928 0.0015983553364659125 0.0052056583451631257 -0.0044134521714254962 0.0014920089859801057 -0.0033230769842018007 0.0041992562218165237 0.053734508494831593 0.048394231563220119 0.0039882341764406141 0.021484286902659171 0.017108129485103818 0.012447085159280778 0.03333631899225712 0.024704970238266899 -0.0018247723148036013 0.010084753514238085 0.008761481371591778 0.035272232101190092 0.041550021629693269 0.0011750703327036622 0.0025806137495299319 0.039289786689527595 0.011376792929114324 -0.0094508641637935983 -0.0046340982455955037 0.043002663200901313
leaf_weight=15814.345322370529 116.31306608021259 154.91464354097843 2193.4506559073925 283.25351086258888 66.264641731977463 3472.072499781847 815.47444495558739 514.5025160908699 851.94776630401611 381.54658465087414 865.10687773674726 563.61516688019037 274.89740562438965 150.50808124244213 101.12608402967453 107.29859961569309 125.95182183384895 297.6656858921051 563.92882139980793 345.5305365473032 218.93485222756863 303.11706964671612 127.80723948776722 564.46237598359585 835.20986658334732 58.676338255405426 291.80988350510597 2558.55625846982 4733.9054111540318 129.58204740285873
leaf_count=64029 521 787 9036 1187 292 14636 3332 2123 3607 1582 6922 3925 1144 655 466 501 626 1437 2371 1681 972 1582 778 2399 3528 329 1396 10494 19474 731
internal_value=-6.42691e-05 0.030956 -0.0017349 0.00739567 0.0249282 -0.00358083 -0.00100118 0.00166381 0.00729954 -0.0030315 0.0489216 0.0434712 0.0132917 0.0043565 0.011339 0.0109477 0.0193885 0.00992901 -0.00485244 0.0187197 0.00379606 0.0252612 0.0282679 0.00496617 0.00546699 0.015214 0.0179974 -0.00580085 -0.00632406 0.0316523
internal_weight=37881.8 1935.9 35945.9 6045.05 1489.37 29900.8 14086.5 4555.68 2362.23 10614.4 1020.02 629.88 1510.28 2098.86 859.492 915.881 995.776 1283.38 8515.55 576.239 841.54 720.879 235.106 680.775 985.718 277.611 417.762 7674.01 7292.46 230.708
internal_count=162543 11908 150635 27796 8282 122839 58810 19514 10478 44174 7709 4217 6871 8952 4065 4199 4748 5620 35222 2878 3672 3604 1279 2920 4183 1301 2022 31550 29968 1197
is_linear=0
shrinkage=0.05


Tree=24
num_leaves=31
num_cat=0
split_feature=4 1 5 0 1 5 11 0 0 2 5 15 15 4 11 5 11 1 1 2 4 2 0 2 4 4 1 7 1 2
split_gain=721.324 269.703 231.197 245.805 116.021 74.6468 82.7288 70.8289 70.7586 56.6086 47.7165 46.6576 39.2794 37.2681 35.4073 33.0348 31.0111 31.8142 27.6181 25.6584 23.654 22.9272 22.0023 19.6174 18.9838 18.6082 17.9266 28.1772 17.7123 16.5709
threshold=6.5000000000000009 3.5000000000000004 3.5000000000000004 3.5000000000000004 3.5000000000000004 1.0000000180025095e-35 1.5000000000000002 3.5000000000000004 2.5000000000000004 3.5000000000000004 1.0000000180025095e-35 4.5000000000000009 2.5000000000000004 1.5000000000000002 1.5000000000000002 1.5000000000000002 3.5000000000000004 5.5000000000000009 3.5000000000000004 1.0000000180025095e-35 1.0000000180025095e-35 1.0000000180025095e-35 1.0000000180025095e-35 1.0000000180025095e-35 1.0000000180025095e-35 5.5000000000000009 1.0000000180025095e-35 1.0000000180025095e-35 1.5000000000000002 1.5000000000000002
decision_type=2 2 2 2 2 2 2 2 2 2 2 2 2 2 2 2 2 2 2 2 2 2 2 2 2 2 2 2 2 2
left_child=2 10 5 11 14 22 7 12 -3 18 -2 20 21 -6 23 -14 17 26 -9 -12 -4 -7 -1 -5 -11 -17 -13 -28 -21 -15
right_child=1 8 3 4 13 6 -8 9 -10 24 19 16 15 29 -16 25 -18 -19 -20 28 -22 -23 -24 -25 -26 -27 27 -29 -30 -31
leaf_value=-0.0076018886486810839 -0.0057182055286265467 0.016878368736088771 0.0012748098658153775 0.005547323598643886 0.01729318981423256 -0.00085054166943775936 -0.0065571918958314797 0.0021523545220997627 0.053552080869768814 0.0071419559711149274 0.0024894048439468904 -0.0040526916552279316 0.0034742514481330027 0.023191614119589039 0.0043967171131169555 -0.0040477440205535665 -0.0089567895167896629 0.019751825218837404 0.019913270805301964 0.014810195561419319 0.019788498614650082 0.018967907553353359 -0.0038620449708384771 0.031784564268732038 0.032198103869064042 0.0140953657626154 0.010007986029840276 -0.0037438065156275217 0.035277138151631623 0.051636733172294315
leaf_weight=7451.213371515274 307.8697043210268 155.59727112948895 268.6299966275692 96.13908925652504 121.70362865179777 227.83221413195133 4136.2569873481989 1059.4894197434187 850.16387724131346 97.401407897472382 176.56145180761814 1232.9031529426575 2573.8433612138033 58.160016044974327 476.74549925327301 4791.2094771265984 839.52900854498148 230.8204999640584 275.87007984519005 208.58401779830456 482.25531588494778 405.96196393668652 8328.7646534740925 275.12165040522814 337.66279751062393 145.62127351760864 861.75269768387079 656.08980420231819 214.32782266288996 427.84653896093369
leaf_count=30067 1260 793 1110 407 618 936 16925 4462 6936 417 735 5052 10704 313 2167 19747 3501 1128 1297 966 2227 1780 33802 1438 1807 627 3803 2792 1206 3289
internal_value=0.000132848 0.0300472 -0.00146311 0.00746834 0.0253622 -0.00326781 -0.000617243 0.00186076 0.0478784 0.0109248 0.0102818 0.00177095 -0.000109566 0.0420366 0.0134127 -0.00111825 -0.000468138 0.00192204 0.00582156 0.0184989 0.0131652 0.0118437 -0.00562798 0.0249904 0.0265886 -0.00351258 0.000425906 0.00406375 0.0251827 0.0482327
internal_weight=37771.9 1913.1 35858.8 6027.7 1455.72 29831.1 14051.1 9914.89 1005.76 1770.42 907.343 4571.98 8144.47 607.71 848.006 7510.67 3821.1 2981.57 1335.36 599.473 750.885 633.794 15780 371.261 435.064 4936.83 2750.75 1517.84 422.912 486.007
internal_count=162312 11896 150416 27845 8232 122571 58702 41777 7729 7983 4167 19613 33794 4220 4012 31078 16276 12775 5759 2907 3337 2716 63869 1845 2224 20374 11647 6595 2172 3602
is_linear=0
shrinkage=0.05


Tree=25
num_leaves=31
num_cat=0
split_feature=2 4 3 4 0 0 2 8 1 3 2 1 1 4 7 1 4 3 8 9 2 15 0 10 0 15 4 15 11 4
split_gain=668.108 284.976 221.65 193.473 103.211 90.8262 83.5811 107.055 90.0408 67.5606 56.2936 53.9824 41.6245 38.7644 33.1876 42.629 39.2619 31.0009 29.4312 29.3038 27.6163 25.5924 24.967 24.7878 20.2625 17.697 17.6922 17.4086 16.0462 14.9017
threshold=6.5000000000000009 3.5000000000000004 4.5000000000000009 3.5000000000000004 1.0000000180025095e-35 1.0000000180025095e-35 1.0000000180025095e-35 1.0000000180025095e-35 3.5000000000000004 1.0000000180025095e-35 1.0000000180025095e-35 3.5000000000000004 3.5000000000000004 2.5000000000000004 1.5000000000000002 1.0000000180025095e-35 2.5000000000000004 1.0000000180025095e-35 3.5000000000000004 1.5000000000000002 2.5000000000000004 2.5000000000000004 1.5000000000000002 2.5000000000000004 3.5000000000000004 4.5000000000000009 1.0000000180025095e-35 1.5000000000000002 2.5000000000000004 1.5000000000000002
decision_type=2 2 2 2 2 2 2 2 2 2 2 2 2 2 2 2 2 2 2 2 2 2 2 2 2 2 2 2 2 2
left_child=2 9 4 12 -1 -5 22 8 14 -2 -7 24 19 -10 15 27 -17 -15 29 26 -14 -9 -6 -12 -3 -24 -4 -8 -23 -11
right_child=1 11 3 5 6 10 7 21 13 18 23 -13 20 17 -16 16 -18 -19 -20 -21 -22 28 25 -25 -26 -27 -28 -29 -30 -31
leaf_value=-0.0059284276444003144 -0.010260533369897127 0.013569953339352223 -6.4489560454031788e-05 -0.00080918245514579798 0.0021176709790496867 0.0061871554305739816 0.022449953298398023 0.010357818655545005 0.011582127853466552 0.016696509925009925 0.047280856822519 0.054192556683423515 0.0061036867871382232 0.0079789468239366765 -0.0077747841584515504 0.0057857041306808967 0.021519437896272753 0.036276312077428326 0.0031632105089022971 -0.0034653315075331027 0.028694358932317466 -0.0026048465122482448 0.0012117706471538809 0.025678085480940468 0.044461435312789926 -0.0064383131444340257 0.016472634942809226 -0.00041177007380500009 -0.011680557420261521 0.036082425261234695
leaf_weight=14353.665598586202 304.61193259060383 131.14650849997997 292.81738048791885 211.80237853527069 1334.5575706064701 133.51147192716599 87.331656992435455 345.26158900558949 657.46324124187231 194.46268108487129 510.14105629175901 757.56059712171555 330.30587461590767 126.32825322449207 510.69547022879124 1078.1009702682495 627.16189850866795 413.91323680430651 202.80743633955717 1623.5194967389107 229.12952058017254 3717.7878738939762 875.03644879162312 179.51576561480761 89.17934500426054 5555.8855315446854 361.2853157222271 1790.1510681807995 560.44076610356569 202.20737893134356
leaf_count=58163 1247 630 1210 902 5433 582 364 1514 2909 882 3574 6524 1456 547 2137 4561 2910 2362 901 6742 1233 15536 3599 1118 581 22606 1579 7328 2393 1135
internal_value=0.000109318 0.0291491 -0.00141278 0.00988666 -0.00277858 0.0283913 -0.000221362 0.00282111 0.00767786 0.00891397 0.0359047 0.0478571 0.00313607 0.0197361 0.00414973 0.00584948 0.0115723 0.0296594 0.0186571 0.000134528 0.0153562 -0.00273697 -0.00410587 0.0416577 0.0260736 -0.00539739 0.00906958 0.00065165 -0.00379375 0.0265787
internal_weight=37787.8 1881.98 35905.8 3872.03 32033.8 1034.97 17680.1 9914.64 5291.15 904.089 823.168 977.886 2837.06 1197.7 4093.44 3582.75 1705.26 540.241 599.477 2277.62 559.435 4623.49 7765.48 689.657 220.326 6430.92 654.103 1877.48 4278.23 396.67
internal_count=162658 11900 150758 18396 132362 6176 74199 42561 23118 4165 5274 7735 12220 5818 17300 15163 7471 2909 2918 9531 2689 19443 31638 4692 1211 26205 2789 7692 17929 2017
is_linear=0
shrinkage=0.05


Tree=26
num_leaves=31
num_cat=0
split_feature=5 3 4 3 1 1 7 0 3 4 5 15 0 0 6 0 6 4 6 1 8 0 3 1 0 10 3 9 9 11
split_gain=638.546 274.725 190.179 172.976 78.1105 77.3842 106.001 58.4973 69.3344 53.5837 40.9053 38.492 37.9781 37.3927 31.397 28.9452 27.7508 27.5524 24.0688 22.5718 23.4834 22.4407 21.1749 19.5929 18.9396 18.8454 18.4912 18.8933 17.6508 18.5233
threshold=6.5000000000000009 3.5000000000000004 4.5000000000000009 3.5000000000000004 3.5000000000000004 1.0000000180025095e-35 1.0000000180025095e-35 1.0000000180025095e-35 3.5000000000000004 3.5000000000000004 1.0000000180025095e-35 4.5000000000000009 5.5000000000000009 1.0000000180025095e-35 1.0000000180025095e-35 3.5000000000000004 1.5000000000000002 1.0000000180025095e-35 1.5000000000000002 5.5000000000000009 3.5000000000000004 4.5000000000000009 1.0000000180025095e-35 3.5000000000000004 6.5000000000000009 1.5000000000000002 1.0000000180025095e-35 1.5000000000000002 1.0000000180025095e-35 3.5000000000000004
decision_type=2 2 2 2 2 2 2 2 2 2 2 2 2 2 2 2 2 2 2 2 2 2 2 2 2 2 2 2 2 2
left_child=2 12 5 10 21 25 7 -7 17 23 -4 -8 22 -6 -10 -12 -17 -9 26 -13 -21 -5 -2 -3 -16 -1 -19 -28 29 -24
right_child=1 9 3 4 13 6 11 8 14 -11 15 19 -14 -15 24 16 -18 18 -20 20 -22 -23 28 -25 -26 -27 27 -29 -30 -31
leaf_value=-0.0046189838885489108 -0.0041926362485084105 0.01364829475457344 -0.0045591876990382623 0.0094079226890855464 -0.0072063793463279834 -0.0016154193768559211 0.0035521514665237813 -0.00080335147833326351 0.024814730316172876 0.053718269509689137 0.0042294597079342534 -0.0068287184399022762 0.036758284974494147 0.046053191163898791 0.003275358303253627 0.034463633273829911 0.0066251829293067681 0.0046521762614035811 0.00044969776188025234 0.0020814125449137347 -0.036398941681744228 0.034520632757332019 0.028012044141890659 0.043397105194563884 0.03015172980037166 -0.0095090337447136693 0.019508667372825438 0.00082002597168690937 -0.0025038242608883808 0.001456932142517578
leaf_weight=11932.702138617635 353.83898417651653 133.52317114919424 1157.6638820469379 461.93702778965235 35.730762466788292 3441.5156918913126 1328.9853953570127 1829.9453101456165 658.03736343234777 735.90496537089348 1310.1488252580166 6445.6360369995236 106.03074821084738 424.33281651139259 385.91740964353085 175.55684587359428 182.66864638775587 631.60459105670452 806.77171499282122 1126.4094360992312 41.094618253409863 110.17629037797451 197.33764269202948 94.5335653424263 78.961497001349926 2359.8887970745564 700.00718777626753 167.6183049082756 137.56200069189072 98.421346336603165
leaf_count=48374 1465 627 4710 2118 158 13988 5707 7471 3205 6608 5616 26446 649 3274 1728 952 893 2599 3471 4853 182 650 988 625 468 9573 3200 717 597 446
internal_value=5.81784e-05 0.0286445 -0.00142504 0.0090605 0.0265784 -0.00269184 -0.000476512 0.00345262 0.00676925 0.0471558 0.0026623 -0.00429942 0.00866644 0.0419168 0.0177875 0.0076732 0.0202681 0.00377778 0.00741318 -0.00567003 0.000726954 0.0142441 0.00488246 0.0259797 0.00784041 -0.00542639 0.0111604 0.0158982 0.0122929 0.0191752
internal_weight=37650.5 1857.15 35793.3 3858.22 1032.18 31935.1 17642.5 8700.38 5258.86 963.962 2826.04 8942.13 893.191 460.064 1122.92 1668.37 358.225 4135.95 2306 7613.14 1167.5 572.113 787.16 228.057 464.879 14292.6 1499.23 867.625 433.321 295.759
internal_count=162358 12005 150353 18371 6200 131982 74035 36847 22859 7860 12171 37188 4145 3432 5401 7461 1845 17458 9987 31481 5035 2768 3496 1252 2196 57947 6516 3917 2031 1434
is_linear=0
shrinkage=0.05


Tree=27
num_leaves=31
num_cat=0
split_feature=4 3 5 3 2 4 10 1 2 11 1 2 5 11 2 5 11 4 15 3 1 3 17 9 8 3 8 2 5 1
split_gain=592.459 272.155 166.142 181.224 116.641 69.3021 79.8758 63.8257 48.356 38.7674 36.7875 36.3107 35.8995 38.7186 32.3814 32.1505 26.7692 26.4752 26.3724 22.2986 21.1829 18.7501 25.8126 17.8894 17.3189 17.2753 17.0998 22.8958 16.5794 16.1664
threshold=6.5000000000000009 3.5000000000000004 3.5000000000000004 3.5000000000000004 3.5000000000000004 1.0000000180025095e-35 1.0000000180025095e-35 1.5000000000000002 3.5000000000000004 1.5000000000000002 2.5000000000000004 1.0000000180025095e-35 1.0000000180025095e-35 1.5000000000000002 2.5000000000000004 3.5000000000000004 1.5000000000000002 1.0000000180025095e-35 2.5000000000000004 2.5000000000000004 3.5000000000000004 1.0000000180025095e-35 11.500000000000002 1.0000000180025095e-35 1.0000000180025095e-35 1.0000000180025095e-35 1.5000000000000002 2.5000000000000004 1.0000000180025095e-35 1.0000000180025095e-35
decision_type=2 2 2 2 2 2 2 2 2 2 2 2 2 2 2 2 2 2 2 2 2 2 2 2 2 2 2 2 2 2
left_child=2 15 5 9 11 -1 8 -3 18 14 -6 -5 -10 19 -4 -2 -13 -16 -7 -14 -19 -20 -23 -21 -18 -17 27 -11 -9 -8
right_child=1 7 3 4 10 6 29 28 12 26 -12 16 13 -15 17 25 24 20 21 23 -22 22 -24 -25 -26 -27 -28 -29 -30 -31
leaf_value=-0.0055500139942660691 0.0022418435081083717 0.010350112648286943 0.0021432400484112288 -0.0026685520142299014 0.019061186901106746 0.011289896853816848 -0.0067513952695099624 0.015729866102972629 0.0016720089237852423 -0.002595371571904309 0.047326707641020149 0.03006088501052754 0.014326885600038294 -0.0037653940717948852 0.0010360239298961272 0.0015233239389259765 0.016125022936865401 0.015690456882931105 -0.0032553153689769861 0.043646394836760707 0.039648597076974809 -0.00097895962465217672 0.0078801159826147205 0.02021075671172444 -0.011474514314720127 0.032376820025441191 -0.0098644968384046551 0.010759842567853095 0.052733079167104471 -0.0022219452770187542
leaf_weight=13833.32815733552 652.44621023535728 107.35823891311884 1101.8248445391655 337.34143824875355 160.44986860454082 563.44861467182636 3621.2414945214987 31.467553019523621 613.5724890679121 1855.0525412708521 407.3996305540204 252.24409520626068 370.51915095746517 172.11032368987799 190.20743185281754 62.269983112812042 175.57610434293747 282.02705545723438 2575.978197529912 167.5478408113122 137.1175874620676 2177.9594100266695 1320.9104274064302 158.42596635967493 84.050756111741066 167.15442444384098 587.95181077718735 388.0491141974926 796.26338566839695 4320.2107712179422
leaf_count=56050 2801 519 4658 1437 856 2401 14666 139 2533 7704 3328 1355 1661 739 791 271 884 1321 10430 947 822 9062 5546 826 371 1003 2515 1768 7212 17997
internal_value=-2.48149e-05 0.0278295 -0.00143635 0.00618691 0.0217975 -0.00295597 -0.000721848 0.0466218 0.00276504 0.00131678 0.0393401 0.0100672 0.0109305 0.0174707 0.00725827 0.00790305 0.0184605 0.0165072 0.000941875 0.0227183 0.023528 -1.79146e-05 0.00236556 0.0322565 0.00719004 0.0240026 -0.00227444 -0.000284964 0.0513263 -0.00428734
internal_weight=37671.5 1816.96 35854.5 5959.29 1417.06 29895.3 16061.9 935.089 8120.47 4542.23 567.849 849.212 1482.18 868.603 1711.18 881.871 511.871 609.352 6638.3 696.493 419.145 6074.85 3498.87 325.974 259.627 229.424 2831.05 2243.1 827.731 7941.45
internal_count=162613 11945 150668 27810 8231 122858 66808 7870 34145 19579 4184 4047 6706 4173 7592 4075 2610 2934 27439 3434 2143 25038 14608 1773 1255 1274 11987 9472 7351 32663
is_linear=0
shrinkage=0.05


Tree=28
num_leaves=31
num_cat=0
split_feature=4 1 1 0 4 5 5 3 3 9 0 5 4 2 3 0 3 6 2 0 17 8 1 2 2 0 10 4 3 6
split_gain=536.627 243.9 172.432 172.305 74.6652 86.1921 69.1974 56.4017 52.8356 73.5119 46.8165 45.1844 44.2416 48.9693 44.0464 36.1627 35.8897 29.936 24.8535 23.4258 21.3113 20.0402 23.2143 20.0034 19.2773 17.5181 27.1541 31.336 18.7884 16.8868
threshold=6.5000000000000009 4.5000000000000009 3.5000000000000004 5.5000000000000009 1.0000000180025095e-35 6.5000000000000009 1.0000000180025095e-35 1.5000000000000002 1.0000000180025095e-35 1.0000000180025095e-35 1.0000000180025095e-35 1.0000000180025095e-35 1.0000000180025095e-35 2.5000000000000004 6.5000000000000009 2.5000000000000004 3.5000000000000004 3.5000000000000004 1.0000000180025095e-35 4.5000000000000009 10.500000000000002 1.5000000000000002 1.0000000180025095e-35 1.0000000180025095e-35 7.5000000000000009 1.0000000180025095e-35 1.0000000180025095e-35 1.0000000180025095e-35 3.5000000000000004 1.0000000180025095e-35
decision_type=2 2 2 2 2 2 2 2 2 2 2 2 2 2 2 2 2 2 2 2 2 2 2 2 2 2 2 2 2 2
left_child=2 14 6 4 -4 10 -1 -5 -8 12 -6 -12 -10 20 19 -3 24 -9 -7 -2 -14 22 -15 -18 29 -11 27 -27 -29 -13
right_child=1 15 3 7 5 18 8 17 9 25 11 16 13 21 -16 -17 23 -19 -20 -21 -22 -23 -24 -25 -26 26 -28 28 -30 -31
leaf_value=-0.0055532985501074526 0.0039346604412958995 0.020743749714527047 -0.0037496668271020574 0.0062251116529810895 -0.0018539926835794114 -0.00096780519644846293 -0.0039547914627379409 0.0441259815916046 0.00011307700740063761 -0.0062830411563060537 1.0454049978393249e-05 0.015005716544046836 0.00020527720194957576 0.010474600135541258 0.044065646440058823 0.052554637363626082 0.0034279033881146866 0.00764842023291098 0.04633499428561165 0.025263756898810441 0.011191579488487528 0.011484362507644855 0.032589946317091771 0.034938099778181124 0.048717485209015782 -0.002614081382690427 -0.008663144985361533 0.0027844535155077065 0.017875226393205119 6.3475185356079252e-05
leaf_weight=13560.870097279549 769.15664209425449 103.40927370637655 2175.6118285208941 176.37804681062698 1145.5719956755638 32.843130767345428 7081.5009815841913 420.1161011531949 1798.4229336231947 1964.1944742500782 615.07356151938438 510.29770483076572 983.03938460350037 175.33451397716999 90.443259559571743 656.69245357811451 60.316655397415161 64.938777312636375 179.72368631511927 154.61003088206053 801.16355936229229 489.05122470855713 367.11155738681555 305.31622711569071 32.541138090193272 1062.3289609402418 668.49858437478542 410.10084614157677 414.9499399214983 300.39130853116512
leaf_count=54750 3406 561 8894 822 4708 145 28760 3221 7395 8022 2531 2407 4165 754 682 6299 267 393 1203 896 3426 2280 1916 1891 183 4381 2914 1757 1995 1351
internal_value=-2.69106e-05 0.0268133 -0.00135732 0.0063612 0.0033888 0.00826943 -0.00291756 0.030438 -0.00071335 0.00179965 0.00606775 0.0110432 0.00623923 0.0101521 0.0107649 0.0482269 0.0166567 0.0392424 0.0390264 0.00750449 0.00513847 0.0188242 0.0254416 0.02974 0.0109837 -0.0027323 -3.55403e-06 0.00306362 0.0103742 0.00946904
internal_weight=37570 1774.31 35795.7 6019.12 5357.69 3182.08 29776.6 661.433 16215.7 9134.2 2969.51 1823.94 4614.12 2815.7 1014.21 760.102 1208.86 485.055 212.567 923.767 1784.2 1031.5 542.446 365.633 843.23 4520.07 2555.88 1887.38 825.051 810.689
internal_count=162375 11844 150531 28016 23580 14686 122515 4436 67765 39005 13338 8630 19936 12541 4984 6860 6099 3614 1348 4302 7591 4950 2670 2158 3941 19069 11047 8133 3752 3758
is_linear=0
shrinkage=0.05


Tree=29
num_leaves=31
num_cat=0
split_feature=4 0 3 1 0 3 9 1 10 0 5 1 9 3 5 4 4 10 0 4 5 3 15 16 5 8 11 4 3 9
split_gain=500.533 225.338 160.618 148.156 89.9259 63.9516 111.458 73.9113 53.2872 49.9332 47.9423 44.4257 43.9481 36.1057 34.3067 29.3999 29.1339 23.8079 18.8802 18.0505 17.2276 16.08 15.1888 14.9293 14.3606 13.2729 12.6831 12.6826 12.0786 17.0763
threshold=6.5000000000000009 4.5000000000000009 4.5000000000000009 3.5000000000000004 2.5000000000000004 1.0000000180025095e-35 1.0000000180025095e-35 5.5000000000000009 4.5000000000000009 1.0000000180025095e-35 1.0000000180025095e-35 1.0000000180025095e-35 1.5000000000000002 2.5000000000000004 3.5000000000000004 1.5000000000000002 2.5000000000000004 1.0000000180025095e-35 4.5000000000000009 1.0000000180025095e-35 3.5000000000000004 2.5000000000000004 8.5000000000000018 2.5000000000000004 1.0000000180025095e-35 3.5000000000000004 1.5000000000000002 3.5000000000000004 2.5000000000000004 1.5000000000000002
decision_type=2 2 2 2 2 2 2 2 2 2 2 2 2 2 2 2 2 2 2 2 2 2 2 2 2 2 2 2 2 2
left_child=2 8 5 12 24 23 7 9 14 -7 -11 -12 19 -3 -2 -13 -6 -17 22 -4 -21 -16 -9 -1 -5 -25 -26 -19 -8 -30
right_child=1 13 3 4 16 6 28 18 -10 10 11 15 -14 -15 21 17 -18 27 -20 20 -22 -23 -24 25 26 -27 -28 -29 29 -31
leaf_value=0.0019264482234676878 0.010686958097791573 0.020222767172665398 0.0022529343798490045 -0.0049911515029008556 0.023522570431982651 -0.0022885872738178763 -0.006967253746022241 0.024548305136175626 -0.0073898876758568951 -0.00067962229850804896 0.0016840346780172676 0.0073482453580569181 -0.001341769019569697 0.05191119321744108 0.015885895273301944 0.026435045401207325 0.047108095999140842 0.0029654583545117969 0.034820038518699505 0.011952696212483228 0.03128833345575148 0.043309332021615764 0.0074407669756173305 -0.0046137715186388281 0.021497321283735035 -0.013016574503202528 -0.002174761146216704 0.019919282882826732 0.0054952117133012833 -0.0041237392409390859
leaf_weight=849.5524692684412 496.01658622175455 104.85242439806461 300.7284147143364 144.15954068303108 207.31578044593334 3391.9609118103981 3195.8173343539238 232.03016319870949 282.9832352027297 1875.8527630269527 1137.4229121655226 857.97062816470861 1957.1231741085649 629.95046336203814 81.677014447748661 591.02931492030621 355.37033866345882 230.0939998626709 155.33538192510605 409.29056631028652 160.32381127774715 154.69608668982983 294.31992655992508 14364.205340370536 192.10898631066084 485.85058519244194 80.208881385624409 211.89495594054461 532.13202806562185 3471.2102445960045
leaf_count=3456 2227 572 1243 591 1157 13798 13069 1090 1247 7632 4734 3750 8315 6291 399 3084 3026 1033 992 1795 913 1180 1323 58161 966 1979 396 1079 2251 14358
internal_value=0.000193122 0.0262996 -0.00108733 0.00862001 0.0253822 -0.00224656 -4.03148e-05 0.00367614 0.0110373 0.00237571 0.00560169 0.00949245 0.00281521 0.0473894 0.0181573 0.0141892 0.0384183 0.0198709 0.0195027 0.0121629 0.0173949 0.0338334 0.0149823 -0.0045199 0.00776962 -0.00488869 0.0145249 0.0110933 -0.00467503 -0.00284517
internal_weight=37433.5 1750.18 35683.3 3806.63 979.164 31876.7 16177.1 8977.91 1015.37 8296.23 4904.26 3028.41 2827.47 734.803 732.39 1890.99 562.686 1033.02 681.685 870.343 569.614 236.373 526.35 15699.6 416.477 14850.1 272.318 441.989 7199.16 4003.34
internal_count=162107 11916 150191 18402 6136 131789 68193 38515 5053 35110 21312 13680 12266 6863 3806 8946 4183 5196 3405 3951 2708 1579 2413 63596 1953 60140 1362 2112 29678 16609
is_linear=0
shrinkage=0.05


Tree=30
num_leaves=31
num_cat=0
split_feature=5 2 0 2 4 6 15 4 2 2 3 8 2 3 3 3 5 6 3 0 4 11 0 16 2 3 2 8 4 11
split_gain=493.03 237.338 155.671 183.353 95.6025 69.2501 63.4124 50.632 45.6129 39.1392 30.5944 29.4286 42.7224 29.0504 28.3264 26.0833 26.0655 24.98 23.0468 20.5167 19.8977 18.2881 17.4229 17.1045 15.9535 15.8564 15.8221 18.7158 15.6375 15.2587
threshold=6.5000000000000009 3.5000000000000004 3.5000000000000004 3.5000000000000004 3.5000000000000004 1.5000000000000002 4.5000000000000009 2.5000000000000004 1.0000000180025095e-35 1.0000000180025095e-35 3.5000000000000004 3.5000000000000004 4.5000000000000009 1.0000000180025095e-35 2.5000000000000004 2.5000000000000004 1.0000000180025095e-35 1.0000000180025095e-35 3.5000000000000004 1.0000000180025095e-35 1.0000000180025095e-35 5.5000000000000009 1.0000000180025095e-35 2.5000000000000004 4.5000000000000009 1.5000000000000002 1.0000000180025095e-35 1.0000000180025095e-35 4.5000000000000009 3.5000000000000004
decision_type=2 2 2 2 2 2 2 2 2 2 2 2 2 2 2 2 2 2 2 2 2 2 2 2 2 2 2 2 2 2
left_child=2 10 6 5 17 8 9 -3 -4 -1 21 12 23 -14 -6 24 -17 -5 -10 -15 -12 -2 -18 -8 -11 -9 -7 -28 -21 -22
right_child=1 7 3 4 14 26 11 25 18 15 20 -13 13 19 -16 16 22 -19 -20 28 29 -23 -24 -25 -26 -27 27 -29 -30 -31
leaf_value=-0.0027619305834353739 0.0071906497388138316 0.018780988645031041 0.000372233743961252 0.023419083291544018 0.020364236611402298 -0.0070252270347707828 0.0021272384883911435 0.020897872224212098 0.012150984194662652 0.00095013829035386032 -0.0052805915539923965 -0.012742218449204321 -0.0037891545128020143 0.0017097208891977203 0.045987217651913215 0.0024244409418118277 0.0088079525250970413 0.0054119993728880536 0.030069634722607944 0.012079509028270098 0.040359277254388676 -0.012879703589421511 0.026930027346363607 -0.0041173430620701596 0.013610400901055128 0.052843247368644181 0.0050533750153110395 -0.0068018430292753514 0.033134731738275615 0.0050954436308403199
leaf_weight=1756.6650510579348 520.31930291652679 148.72082448005676 779.21560281515121 297.37144169211388 149.99778743833303 1448.64504994452 1154.5326598808169 41.30969875305891 705.6804109737277 1370.2159296423197 44.690062999725342 844.22705022245646 637.33081802725792 435.25920936465263 383.98338092118502 320.10752710700035 209.99103911221027 546.61365177482367 240.64226090162992 455.8728714287281 132.04164359718561 145.16723623871803 360.01883321255445 21849.133257254958 304.0510587990284 650.88204100728035 853.54877941310406 545.78868872672319 109.33239737898111 39.959465876221657
leaf_count=7167 2285 794 3216 1532 813 5950 4743 228 3095 5702 192 3500 2591 1802 3374 1318 892 2535 1322 2059 860 613 1837 89046 1306 6747 3829 2296 648 210
internal_value=0.000119683 0.0262433 -0.00113914 0.00624382 0.0222323 0.00142662 -0.00261329 0.0452498 0.00933088 0.00298755 0.00812586 -0.00356291 -0.00324842 0.00455408 0.0387896 0.00692608 0.013842 0.0117567 0.0167076 0.00986901 0.0244437 0.00281256 0.0202539 -0.00380393 0.00324927 0.0509368 -0.00336242 0.000429441 0.0161524 0.0321667
internal_weight=37481.3 1723.09 35758.2 5951.49 1377.97 4573.52 29806.7 840.913 1725.54 4321.05 882.178 25485.7 24641.5 1637.8 533.981 2564.38 890.117 843.985 946.323 1000.46 216.691 665.487 570.01 23003.7 1674.27 692.192 2847.98 1399.34 565.205 172.001
internal_count=162502 11929 150573 27962 8254 19708 122611 7769 7633 18222 4160 104389 100889 7100 4187 11055 4047 4067 4417 4509 1262 2898 2729 93789 7008 6975 12075 6125 2707 1070
is_linear=0
shrinkage=0.05


Tree=31
num_leaves=31
num_cat=0
split_feature=5 3 0 1 5 3 11 1 1 3 9 0 6 15 3 9 5 6 1 15 0 11 15 7 1 16 3 9 8 15
split_gain=442.817 224.374 131.508 103.394 74.5406 72.5407 83.9167 73.9254 54.2188 53.5215 33.4858 28.7725 27.8993 24.8078 24.7098 21.622 21.4017 21.1284 20.255 20.2368 19.9124 18.0738 17.0271 16.5251 29.8997 16.2108 15.8127 18.9122 15.3043 13.5852
threshold=6.5000000000000009 3.5000000000000004 5.5000000000000009 3.5000000000000004 1.0000000180025095e-35 1.0000000180025095e-35 1.0000000180025095e-35 3.5000000000000004 1.5000000000000002 1.5000000000000002 1.5000000000000002 5.5000000000000009 1.5000000000000002 5.5000000000000009 3.5000000000000004 1.0000000180025095e-35 1.5000000000000002 3.5000000000000004 1.0000000180025095e-35 5.5000000000000009 2.5000000000000004 3.5000000000000004 2.5000000000000004 1.5000000000000002 1.0000000180025095e-35 17.500000000000004 7.5000000000000009 1.0000000180025095e-35 1.5000000000000002 4.5000000000000009
decision_type=2 2 2 2 2 2 2 2 2 2 2 2 2 2 2 2 2 2 2 2 2 2 2 2 2 2 2 2 2 2
left_child=2 11 4 12 23 16 7 10 -3 -5 14 28 18 -9 -7 19 -6 -11 -4 -8 -10 -21 -12 24 -1 -17 27 -15 29 -2
right_child=1 8 3 9 5 6 15 13 20 17 22 -13 -14 26 -16 25 -18 -19 -20 21 -22 -23 -24 -25 -26 -27 -28 -29 -30 -31
leaf_value=-0.0056576554612994163 0.024494148954077356 0.0098429348250226312 0.0011797001138321029 0.0045219629280608886 0.0022733976598543586 0.0050943453714996818 0.010208577915287122 0.028894668979023957 0.027775825439150328 0.041316212684800666 0.015307350781890806 0.032662903180470097 -0.00020982765489519495 0.017839661964163131 0.016993516822506893 -0.0067937929657047313 -0.0046269310449496082 0.010679924682973498 0.022861973997648402 0.00055669156636817924 0.052160950682570664 -0.017623941983677269 -0.0032866368096048483 -0.0076251566157959517 -0.00057527584575173664 0.0048816157677699411 0.0384894099227297 0.0021080703133612949 -0.0095025861614051951 0.0045929452742845978
leaf_weight=7234.3866391181946 102.6177449375391 101.89361593127251 176.49821217358112 178.24424038082361 1364.245396271348 2230.9231438487768 525.93275543302298 367.62039967626333 96.916521541774273 387.23671521991491 134.59945257008076 101.21680130809546 1166.790027230978 475.02290847152472 542.35593273490667 2102.8743905872107 6372.9433462023735 65.847166880965233 276.37505955249071 1690.0392312183976 614.69357598572969 148.73103849589825 1443.8983023911715 3284.6020073592663 4823.126123264432 346.25722070783377 58.307302609086037 319.57064197212458 159.21419491618872 521.77139816433191
leaf_count=29107 489 506 742 833 5587 9501 2359 2038 600 3171 598 658 5048 2439 2504 8817 25855 412 1371 7190 6627 632 6091 13287 19543 1464 400 1503 728 2303
internal_value=5.66328e-05 0.0250017 -0.00112951 0.0105688 -0.00191638 0.000254786 0.00298506 0.00716236 0.0439554 0.0277327 0.00411244 0.00757565 0.0038785 0.0180369 0.00742141 -0.00185041 -0.00341024 0.0368638 0.0144117 0.00155987 0.0488399 -0.00091387 -0.00170112 -0.00448112 -0.00362465 -0.00514313 0.0133569 0.0115127 0.00433517 0.00786369
internal_weight=37414.8 1698.32 35716.4 2250.99 33465.4 18123.3 10386.1 5572.3 813.504 631.328 4351.78 884.82 1619.66 1220.52 2773.28 4813.83 7737.19 453.084 452.873 2364.7 711.61 1838.77 1578.5 15342.1 12057.5 2449.13 852.901 794.594 783.603 624.389
internal_count=162403 11911 150492 11577 138915 76978 45536 25074 7733 4416 18694 4178 7161 6380 12005 20462 31442 3583 2113 10181 7227 7822 6689 61937 48650 10281 4342 3942 3520 2792
is_linear=0
shrinkage=0.05


Tree=32
num_leaves=31
num_cat=0
split_feature=0 1 3 3 0 15 4 7 7 1 0 4 4 3 4 6 7 6 0 15 0 3 9 3 6 6 16 3 15 8
split_gain=409.688 170.711 172.906 136.871 113.096 45.6326 41.983 34.2573 32.2144 49.9398 33.598 41.0792 28.7339 28.6098 26.3301 24.7485 24.0835 22.7803 22.2569 22.048 19.9831 18.2938 18.021 17.8589 16.8159 16.3862 21.386 14.4421 14.4013 14.1748
threshold=7.5000000000000009 3.5000000000000004 3.5000000000000004 3.5000000000000004 2.5000000000000004 5.5000000000000009 4.5000000000000009 1.0000000180025095e-35 1.5000000000000002 1.0000000180025095e-35 1.0000000180025095e-35 4.5000000000000009 2.5000000000000004 6.5000000000000009 2.5000000000000004 3.5000000000000004 1.0000000180025095e-35 1.0000000180025095e-35 1.0000000180025095e-35 6.5000000000000009 1.0000000180025095e-35 3.5000000000000004 5.5000000000000009 6.5000000000000009 1.5000000000000002 1.0000000180025095e-35 3.5000000000000004 3.5000000000000004 2.5000000000000004 1.5000000000000002
decision_type=2 2 2 2 2 2 2 2 2 2 2 2 2 2 2 2 2 2 2 2 2 2 2 2 2 2 2 2 2 2
left_child=1 5 7 15 16 13 -6 14 9 -7 -11 17 -5 18 19 -2 20 23 -1 -3 -4 -13 25 -12 -18 26 -20 -28 -9 -30
right_child=3 2 4 12 6 8 -8 28 -10 10 11 21 -14 -15 -16 -17 24 -19 22 -21 -22 -23 -24 -25 -26 -27 27 -29 29 -31
leaf_value=-0.0026734716011303054 0.020396129858624375 0.016594028539195945 0.0035290948189751802 0.021034300095811545 0.024234072890924784 -0.0044872269502300955 0.0476787260583992 0.010227545637658365 -0.0078313714788419177 -0.0032123654889579852 0.0043300851312381948 0.010404629379052925 0.051350045535646482 0.020680571491647953 0.018115969575896864 -0.0020491519906654125 0.0027698859526451257 -0.0022367642701144829 0.019640581838222079 -0.0014220439214559565 0.032479879752551205 0.030751737098275368 -0.056758104417814106 0.027337458939964317 -0.041088962539740384 9.5478160575716863e-05 0.0024040721730141448 0.015662181659086442 6.7466313187126997e-05 -0.008332314996157119
leaf_weight=2405.6975491195917 297.87481869012117 233.8134553283453 104.63495924323797 92.763445489108562 417.37022018432617 13066.199024617672 351.9952566921711 275.64529360830784 3406.0871276333928 3394.7394699752331 1957.8573473095894 369.09566135704517 496.58513386547565 190.21350708603859 482.88797476887703 208.96606229245663 441.96405867487192 1944.4843523278832 289.78793302923441 620.47535809874535 138.50271984934807 157.65296328812838 12.28456638753414 88.142403550446033 22.991615563631058 1495.4231984615326 1168.7603447139263 249.19886508584023 2368.6639633700252 637.40464189648628
leaf_count=9796 1558 1011 453 537 2528 52904 3562 1245 13899 13763 8285 1655 5566 935 2405 930 2044 8108 1289 2603 805 970 51 433 99 6279 4930 1165 9982 2725
internal_value=7.82105e-05 -0.000831424 0.00680047 0.0301938 0.021689 -0.00237227 0.0349603 0.00203804 -0.00332117 -0.00258887 0.000546158 0.00337072 0.0465783 0.00160927 0.00878384 0.0111421 0.00726925 0.00163838 0.000963922 0.00350884 0.0200208 0.0164944 0.0036853 0.00532125 0.000601108 0.00391711 0.0072636 0.00473412 -0.000710628 -0.00171362
internal_weight=37388.2 36292 6096.35 1096.19 1477.46 30195.6 769.365 4618.89 24384.3 20978.2 7911.97 4517.23 589.349 5811.37 1337.18 506.841 708.093 3990.48 5621.15 854.289 243.138 526.749 3215.45 2046 464.956 3203.17 1707.75 1417.96 3281.71 3006.07
internal_count=162515 153924 29462 8591 9491 124462 6090 19971 100017 86118 33214 19451 6103 24445 6019 2488 3401 16826 23510 3614 1258 2625 13714 8718 2143 13663 7384 6095 13952 12707
is_linear=0
shrinkage=0.05


Tree=33
num_leaves=31
num_cat=0
split_feature=1 5 4 2 3 2 2 8 15 3 8 5 5 10 4 5 15 5 3 17 16 10 4 9 13 4 10 2 1 2
split_gain=394.903 206.99 115.864 141.156 67.6246 62.0789 48.4886 49.7565 44.0674 36.5239 28.557 27.211 26.134 25.2673 69.8058 30.7719 25.1299 17.7165 17.4316 16.0946 15.7432 15.3641 14.6417 14.5708 14.4916 14.165 19.3088 13.9378 13.3049 13.2753
threshold=6.5000000000000009 3.5000000000000004 3.5000000000000004 4.5000000000000009 3.5000000000000004 2.5000000000000004 1.0000000180025095e-35 1.0000000180025095e-35 5.5000000000000009 3.5000000000000004 4.5000000000000009 1.0000000180025095e-35 4.5000000000000009 1.0000000180025095e-35 1.0000000180025095e-35 3.5000000000000004 7.5000000000000009 2.5000000000000004 4.5000000000000009 11.500000000000002 2.5000000000000004 5.5000000000000009 4.5000000000000009 3.5000000000000004 5.5000000000000009 6.5000000000000009 4.5000000000000009 3.5000000000000004 1.0000000180025095e-35 6.5000000000000009
decision_type=2 2 2 2 2 2 2 2 2 2 2 2 2 2 2 2 2 2 2 2 2 2 2 2 2 2 2 2 2 2
left_child=2 16 8 6 10 22 -4 9 12 19 21 -6 18 14 -10 20 -2 -11 27 -8 24 28 -3 -20 -16 -18 -27 -1 -5 -17
right_child=1 5 3 4 11 -7 7 -9 13 17 -12 -13 -14 -15 15 29 25 -19 23 -21 -22 -23 -24 -25 -26 26 -28 -29 -30 -31
leaf_value=-0.0017515651537862997 0.018773827059485309 0.0050591980785898907 -0.0035262900302655952 0.005768607297648257 0.00045947928721640783 0.049479558107362584 0.0026542810915822007 -0.0021597011031142151 -0.0045578809579511484 0.013270802141964043 -0.013863902249234795 0.043333389467062486 0.011486534622394668 -0.0064792604532597628 0.0078318824238871858 0.0080464501323050958 -0.001020832971108116 0.033377952101270571 0.014043839613248782 0.014150342484382697 -0.00041661085484368248 -0.019244131886096787 0.040448818647863358 -0.0045162978176275298 0.04485872385840077 0.050083788862556794 -0.06492205738858893 0.0057051112059764725 0.024948024276261461 0.03133065712514483
leaf_weight=3826.9993524253368 300.27650780975819 114.75008215010166 2214.0664830505848 129.66246575117111 41.330878973007202 631.84119200706482 743.41296941041946 1046.3887075334787 12848.486252881587 203.66286063939333 91.026041150093079 353.85849440842867 601.43866880983114 4856.7462362498045 257.49573553353548 1048.0982896387577 533.93438719958067 237.07456701248884 389.78126510232687 515.62112185359001 4919.7342237457633 27.753222540020943 39.214640535414219 145.113745264709 29.447517484426498 26.184606902301315 4.2407763749361029 749.39265678077936 298.79499873518944 65.012773364782333
leaf_count=15698 1505 555 9086 549 186 6943 3250 4510 51999 984 408 3303 2731 19819 1076 4715 2331 1660 1745 2327 20308 126 272 615 123 186 21 3219 1616 400
internal_value=5.80049e-05 0.0239683 -0.00104924 0.00534964 0.0230884 0.0425423 0.00197933 0.00641819 -0.00231935 0.0116988 0.0117065 0.0388494 0.00162781 -0.00325792 -0.00244172 0.00186057 0.00708782 0.0240865 0.000467745 0.00736234 0.000247382 0.0168085 0.0140729 0.00900859 0.0116318 0.000870095 0.0340539 -0.000530521 0.0191438 0.0094064
internal_weight=37290.8 1650.44 35640.4 5902.65 942.426 785.806 4960.23 2746.16 29737.7 1699.77 547.237 395.189 5712.73 24025 19168.3 6319.79 864.636 440.737 5111.29 1259.03 5206.68 456.211 153.965 534.895 286.943 564.36 30.4254 4576.39 428.457 1113.11
internal_count=162266 11813 150453 28005 6188 7770 21817 12731 122448 8221 2699 3489 24008 98440 78621 26622 4043 2644 21277 5577 21507 2291 827 2360 1199 2538 207 18917 2165 5115
is_linear=0
shrinkage=0.05


Tree=34
num_leaves=31
num_cat=0
split_feature=1 4 2 3 1 15 2 3 0 8 4 3 15 0 7 1 4 10 3 1 7 6 3 0 11 2 8 10 4 4
split_gain=347.793 202.499 113.508 107.236 71.5383 47.4876 47.106 43.5342 37.885 35.9961 35.1045 30.2932 29.2291 26.9243 22.1967 55.072 42.6584 22.9636 20.2912 19.2556 19.2425 18.2784 18.2067 16.7204 15.6627 15.3478 25.3664 15.216 14.3658 14.3152
threshold=6.5000000000000009 4.5000000000000009 4.5000000000000009 3.5000000000000004 1.0000000180025095e-35 4.5000000000000009 1.0000000180025095e-35 2.5000000000000004 1.0000000180025095e-35 1.5000000000000002 5.5000000000000009 7.5000000000000009 5.5000000000000009 1.0000000180025095e-35 1.5000000000000002 1.0000000180025095e-35 3.5000000000000004 1.0000000180025095e-35 2.5000000000000004 1.0000000180025095e-35 1.5000000000000002 1.0000000180025095e-35 5.5000000000000009 5.5000000000000009 3.5000000000000004 1.0000000180025095e-35 1.0000000180025095e-35 4.5000000000000009 3.5000000000000004 1.5000000000000002
decision_type=2 2 2 2 2 2 2 2 2 2 2 2 2 2 2 2 2 2 2 2 2 2 2 2 2 2 2 2 2 2
left_child=2 6 5 9 -5 11 -2 27 -8 19 20 13 -11 -1 15 -7 -17 22 -10 -4 -6 25 -18 -23 -14 -15 -27 -3 -21 -20
right_child=1 7 3 4 10 14 8 -9 18 12 -12 -13 24 21 -16 16 17 -19 29 28 -22 23 -24 -25 -26 26 -28 -29 -30 -31
leaf_value=-0.002662603632769284 -0.0073294575598802205 0.023118007462114648 0.00059926952296547381 -0.0031878890870717207 0.027634550147833711 -0.0043665372189046238 -0.0041606601249860242 0.049976940014724996 0.012164645172067097 0.010206927373220183 0.046555329333663527 0.031226277994309399 -0.0037463074635683716 0.0027089951958000347 -0.0058358061602763831 -0.00080732146725710102 0.013463289034245457 0.0041789104261802578 0.015570389697970703 0.011461018984118587 0.0040726267077070459 -0.0019250662655823916 0.041353458461839118 0.013225607260176468 -0.030144080443535046 0.01952928725546544 0.0014925880560661105 -0.028573927839089748 0.029744764763068712 0.040303165803367791
leaf_weight=1885.9920195788145 326.14041976630688 87.552470296621323 299.77016220986843 217.88788443803787 379.02375961840153 12800.055714502931 176.56611271202564 537.19205049425364 238.84216369688511 414.99408366531134 212.88701628148556 89.91748483479023 1471.8707378804684 582.52937236428261 5409.6207121312618 7509.511178702116 414.13045817613602 1027.6031406074762 86.814622350037098 400.64914823323488 112.33373379707336 1040.2383063286543 68.143844112753868 220.75094168633223 58.422012075781822 557.82622189074755 299.64360637962818 17.000542037189007 146.79728022962809 179.41080025583506
leaf_count=7703 1348 496 1238 933 2394 51759 737 6333 1131 1835 2237 476 6186 2408 22307 31040 1941 4599 458 1774 609 4378 482 1035 257 2628 1309 79 863 1411
internal_value=-0.000166855 0.0222783 -0.00120624 0.00706574 0.0218494 -0.0021693 0.00829841 0.0442317 0.0157759 0.00218392 0.0295958 0.00248507 -0.00156241 0.00192167 -0.00296875 -0.00225793 0.000734552 0.0084032 0.0227455 0.0107858 0.0222478 0.00512268 0.0174041 0.000727237 -0.0047541 0.00897171 0.0132263 0.0147128 0.0163638 0.0322379
internal_weight=37270.1 1649.52 35620.6 3714.64 922.132 31906 1007.77 641.745 681.634 2792.5 704.245 4676.9 1945.29 4586.98 27229.1 21819.4 9019.39 1509.88 505.068 847.217 491.357 2700.99 482.274 1260.99 1530.29 1440 857.47 104.553 547.446 266.225
internal_count=162384 11993 150391 18326 6173 132065 5085 6908 3737 12153 5240 19937 8278 19461 112128 89821 38062 7022 3000 3875 3003 11758 2423 5413 6443 6345 3937 575 2637 1869
is_linear=0
shrinkage=0.05


Tree=35
num_leaves=31
num_cat=0
split_feature=2 4 2 8 0 1 0 4 3 6 15 3 10 15 8 3 1 4 7 1 4 17 3 2 1 1 6 4 10 10
split_gain=351.254 194.773 93.013 144.078 133.634 90.5426 46.0393 37.3389 34.1409 29.9685 28.6624 27.0873 24.4595 21.6782 20.2983 20.0896 17.1608 17.0887 16.9905 19.4319 17.5613 15.663 15.302 15.7166 14.946 13.3908 13.3112 12.6865 30.8184 12.1979
threshold=6.5000000000000009 3.5000000000000004 1.0000000180025095e-35 1.0000000180025095e-35 3.5000000000000004 3.5000000000000004 3.5000000000000004 3.5000000000000004 1.0000000180025095e-35 1.0000000180025095e-35 3.5000000000000004 2.5000000000000004 1.0000000180025095e-35 2.5000000000000004 3.5000000000000004 4.5000000000000009 5.5000000000000009 2.5000000000000004 1.5000000000000002 2.5000000000000004 6.5000000000000009 17.500000000000004 2.5000000000000004 4.5000000000000009 5.5000000000000009 3.5000000000000004 1.5000000000000002 1.0000000180025095e-35 1.0000000180025095e-35 1.0000000180025095e-35
decision_type=2 2 2 2 2 2 2 2 2 2 2 2 2 2 2 2 2 2 2 2 2 2 2 2 2 2 2 2 2 2
left_child=2 8 -1 4 7 9 25 10 -2 17 15 -7 16 22 24 -4 21 29 19 -15 -21 -9 23 -5 -10 -3 -14 -12 -29 -6
right_child=1 6 3 13 5 11 -8 12 14 -11 27 -13 26 18 -16 -17 -18 -19 -20 20 -22 -23 -24 -25 -26 -27 -28 28 -30 -31
leaf_value=-0.0039160935199219976 -0.0065150251713280254 0.011608144432220951 0.0065834183069516418 -0.0052040576835455385 0.014670393194724022 0.018782395375580629 0.049621492379312078 0.010609796233300457 0.016315924079800641 0.0041446420816266998 -0.002690275612812567 0.039190131707300416 0.0071532913491522271 -0.0039160361770759454 0.0011720296132406802 0.029992178530943214 0.041367615876777654 0.030277454321559656 -0.0081706077850903121 0.0020091535327383665 0.032159958016955967 0.036669802855872333 0.016313670516408387 0.017535334652135252 0.042445802258437318 0.037418959418468345 -0.011058010560384192 0.0061947051960834039 -0.0044145027934924704 -0.021400243595031575
leaf_weight=16086.949089005589 309.38216070830822 125.92907160520554 698.71091015636921 328.44358357787132 253.17460595071316 263.22540298104286 526.09076741337776 353.73698943853378 304.92083448916674 946.69407699257135 2989.7206076681614 425.33213580399752 849.42254997044802 5787.2973318174481 197.59622202068567 105.49260837584734 71.352524362504482 207.54789625108242 1856.3895975574851 1006.4669625461102 50.728719852864742 68.887461461126804 218.90208661556244 98.858737267553806 66.695658832788467 83.618107691407204 113.78126417845488 1718.7236697524786 1137.5809556990862 25.82891258597374
leaf_count=65277 1263 634 2964 1382 1111 1367 6474 1662 1495 4244 12111 3810 3823 23747 894 489 443 1166 7838 4478 365 344 1053 439 525 650 501 7310 4657 111
internal_value=-6.66736e-05 0.0227465 -0.00109927 0.00121547 0.00531582 0.0164869 0.0417272 0.00239221 0.00685409 0.00932789 0.000803855 0.0313886 0.0096411 -0.00327184 0.0141206 0.0096541 0.0186868 0.0194131 -0.00392805 -0.00277737 0.00345592 0.0148576 0.00556384 5.68255e-05 0.0210056 0.0219077 0.00500203 -0.000413621 0.00196937 0.0113311
internal_weight=37277.5 1614.23 35663.2 19576.3 10229.2 2121.8 735.638 8107.41 878.595 1433.25 6650.23 688.558 1457.18 9347.09 569.213 804.204 493.977 486.551 8700.88 6844.49 1057.2 422.624 646.204 427.302 371.616 209.547 963.204 5846.03 2856.3 279.004
internal_count=162627 11935 150692 85415 46113 11809 7758 34304 4177 6632 27531 5177 6773 39302 2914 3453 2449 2388 36428 28590 4843 2006 2874 1821 2020 1284 4324 24078 11967 1222
is_linear=0
shrinkage=0.05


Tree=36
num_leaves=31
num_cat=0
split_feature=1 4 2 4 5 4 10 5 5 2 8 8 15 11 8 5 4 1 5 11 5 11 16 10 2 8 6 11 4 1
split_gain=336.06 163.761 98.3308 99.3643 56.7789 44.6191 70.0081 63.2321 44.1047 31.4154 27.2775 26.9467 25.8593 25.1597 22.6529 20.8624 20.3781 20.0365 19.4881 28.0673 19.0725 25.4382 17.8393 15.6344 15.6174 15.036 14.2859 14.1109 15.076 13.9591
threshold=6.5000000000000009 4.5000000000000009 4.5000000000000009 3.5000000000000004 4.5000000000000009 1.0000000180025095e-35 1.0000000180025095e-35 4.5000000000000009 2.5000000000000004 1.0000000180025095e-35 4.5000000000000009 3.5000000000000004 4.5000000000000009 3.5000000000000004 4.5000000000000009 5.5000000000000009 4.5000000000000009 1.0000000180025095e-35 1.0000000180025095e-35 1.0000000180025095e-35 1.0000000180025095e-35 1.0000000180025095e-35 2.5000000000000004 3.5000000000000004 1.0000000180025095e-35 1.5000000000000002 1.5000000000000002 5.5000000000000009 3.5000000000000004 3.5000000000000004
decision_type=2 2 2 2 2 2 2 2 2 2 2 2 2 2 2 2 2 2 2 2 2 2 2 2 2 2 2 2 2 2
left_child=2 9 5 11 10 -1 7 12 23 -2 20 18 17 16 15 -11 -9 -7 -4 -20 -5 -22 -8 -3 26 -26 -14 28 -24 -6
right_child=1 8 3 4 29 6 22 13 -10 14 -12 -13 24 -15 -16 -17 -18 -19 19 -21 21 -23 27 -25 25 -27 -28 -29 -30 -31
leaf_value=-0.0039258780771186611 -0.0026478057541096732 0.022602789742626406 -0.00099451311210732173 0.0033904821798128983 0.027707124344700004 -4.3554465850990816e-05 0.0057488806024932433 0.015963348722338247 0.049259730096295001 0.013980767483294418 -0.012291230746796535 -0.0053963187573268859 -0.00064753454663982733 0.000572100261825453 -0.033061870512332135 0.038164988232126357 0.039427833248113942 0.012716058994095378 0.016071794077858918 0.0009117314096882055 0.031837673989561673 0.00076013442493061043 -0.0053185933889357984 -0.027411983699621379 0.0047168339191721838 -0.0027056644534945717 -0.0090696432254930136 -0.023300177784540046 -0.0009575922587985316 0.049780100124084702
leaf_weight=14389.619460254908 326.85687839984894 82.06182523816824 762.18245729804039 170.30021602660418 133.82932718843222 494.77347457408905 516.41606344282627 657.10257029533386 498.48168052732944 533.46704613417387 93.390098184347153 838.06379855424166 2361.0655920654535 235.33561363071203 22.461580045521259 107.0728399977088 107.6945960894227 813.60624895244837 671.44333413243294 559.89573363959789 255.98775643110275 88.649525128304958 5057.8894331380725 19.299968995153904 2329.2544261589646 964.94920205324888 639.98569834977388 91.995528109371662 3258.5023178383708 154.10645266622305
leaf_count=58234 1350 481 3106 724 1000 2030 2218 3115 6314 2670 439 3513 9573 1038 110 906 734 3664 3237 2520 1673 461 20608 95 9997 3999 2610 392 13975 1862
internal_value=3.79929e-05 0.0225309 -0.000965122 0.00671909 0.0212286 -0.00186259 -0.000168789 0.00304951 0.043146 0.0100384 0.0125705 0.00212648 0.00149493 0.0148684 0.0162927 0.0180234 0.0192675 0.00789092 0.00528902 0.00917844 0.0170794 0.0238437 -0.00327132 0.0130796 0.000165611 0.00254261 -0.00244358 -0.00382531 -0.00360988 0.0395208
internal_weight=37235.7 1589.7 35646 3727.85 896.263 31918.2 17528.6 8603.77 599.843 989.858 608.328 2831.59 7603.63 1000.13 663.001 640.54 764.797 1308.38 1993.52 1231.34 514.937 344.637 8924.8 101.362 6295.25 3294.2 3001.05 8408.39 8316.39 287.936
internal_count=162648 11926 150722 18535 6159 132187 73953 36760 6890 5036 3297 12376 31873 4887 3686 3576 3849 5694 8863 5757 2858 2134 37193 576 26179 13996 12183 34975 34583 2862
is_linear=0
shrinkage=0.05


Tree=37
num_leaves=31
num_cat=0
split_feature=3 4 0 4 2 3 9 1 2 2 4 0 15 0 8 0 6 2 17 7 6 6 2 0 15 2 13 10 9 16
split_gain=299.595 170.331 97.7523 77.7441 53.8917 56.5369 77.7909 54.5387 48.0238 38.8583 34.6997 31.1443 30.6979 28.043 26.5841 22.1637 48.1326 19.3239 20.1812 18.3038 16.9448 16.657 15.6372 15.3137 14.5669 14.2703 13.1079 12.719 12.6156 12.2932
threshold=6.5000000000000009 4.5000000000000009 5.5000000000000009 3.5000000000000004 1.0000000180025095e-35 1.0000000180025095e-35 1.5000000000000002 3.5000000000000004 3.5000000000000004 1.5000000000000002 2.5000000000000004 3.5000000000000004 5.5000000000000009 1.0000000180025095e-35 1.0000000180025095e-35 1.0000000180025095e-35 1.0000000180025095e-35 1.5000000000000002 1.5000000000000002 3.5000000000000004 1.0000000180025095e-35 1.5000000000000002 1.0000000180025095e-35 1.0000000180025095e-35 4.5000000000000009 2.5000000000000004 5.5000000000000009 1.5000000000000002 3.5000000000000004 3.5000000000000004
decision_type=2 2 2 2 2 2 2 2 2 2 2 2 2 2 2 2 2 2 2 2 2 2 2 2 2 2 2 2 2 2
left_child=2 11 4 12 26 17 7 14 21 -3 -9 28 -4 -12 15 -7 -17 -6 -19 27 -14 -5 -13 -11 -8 -16 -1 -15 -2 -20
right_child=1 9 3 8 5 6 24 10 -10 23 13 22 20 19 25 16 -18 18 29 -21 -22 -23 -24 -25 -26 -27 -28 -29 -30 -31
leaf_value=-0.0031793991056338839 0.0091493996475050278 0.0057897371163781273 0.017007282974951198 0.027901732129069424 0.0027688605109188408 0.0015918164692393906 0.0041826505866724203 0.0078683291640830582 0.040986659014846633 0.0015882117823472375 0.0042347385174712785 -0.0012522879495188907 0.011836990846303262 0.039305587622768007 -0.0052120613539322954 0.017710995096699864 0.00022703772216790724 0.011509505588578085 0.0024237515729424487 -0.0021136156251666074 -0.0028535557308948913 0.0040648904758203283 0.030083987178395256 0.049288546355135701 -0.0045354757855157512 0.0026138696951663993 -0.0081137573951477176 0.021434493543187796 -0.0042557870220752709 -0.0050542132141993415
leaf_weight=13505.27600261569 428.65089967101812 62.039029352366924 341.21476047486067 111.43517206609249 1309.3483282774687 1097.7971832156181 569.23410122096539 810.43767495453358 261.88660219311714 17.414595514535904 142.49160362780094 49.413280501961708 244.90745729207993 267.66807235777378 862.05582030117512 991.0647706836462 653.00987882912159 206.72746674716473 605.94710224866867 41.534654624760151 988.83264501392841 214.09622167050838 204.86894606798887 497.73184108734131 3027.2694335430861 1796.2830585464835 1494.8667965829372 158.52740903943777 297.19461450725794 5908.9450796991587
leaf_count=54646 1966 331 1625 658 5320 4490 2535 3671 2655 89 619 218 1159 1896 3533 4530 2822 843 2472 243 4292 1071 1567 6566 12726 7685 6041 1008 1263 23968
internal_value=0.00015941 0.0216256 -0.000779337 0.0095237 -0.00144541 0.000364315 0.00279463 0.00593207 0.0250475 0.0431739 0.014649 0.00893608 0.0037337 0.0236544 0.00363887 0.00709314 0.0107665 -0.00278817 -0.00387066 0.0295705 6.26374e-05 0.0122247 0.0239946 0.047676 -0.00315562 7.60483e-05 -0.00367114 0.0326583 0.0036607 -0.00435869
internal_weight=37168.2 1557.31 35610.9 2162.37 33448.5 18448.3 10417.4 6820.87 587.418 577.185 1420.66 980.128 1574.95 610.222 5400.21 2741.87 1644.07 8030.97 6721.62 467.73 1233.74 325.531 254.282 515.146 3596.5 2658.34 15000.1 426.195 725.846 6514.89
internal_count=162508 12000 150508 11460 139048 78361 45758 30497 4384 6986 7437 5014 7076 3766 23060 11842 7352 32603 27283 3147 5451 1729 1785 6655 15261 11218 60687 2904 3229 26440
is_linear=0
shrinkage=0.05


Tree=38
num_leaves=31
num_cat=0
split_feature=0 1 3 4 3 9 15 4 0 3 0 4 6 4 1 4 0 16 16 8 1 11 16 7 7 10 17 3 1 7
split_gain=283.497 109.192 105.475 82.8259 64.2097 64.347 49.2746 41.5859 33.6975 30.3386 27.3784 23.6229 23.3737 21.7739 21.548 20.5756 23.0995 19.484 17.8536 17.5608 17.0423 17.5682 16.7776 16.3154 15.8779 14.6337 13.806 13.7077 13.4964 15.3783
threshold=7.5000000000000009 5.5000000000000009 4.5000000000000009 6.5000000000000009 1.0000000180025095e-35 1.0000000180025095e-35 5.5000000000000009 1.0000000180025095e-35 2.5000000000000004 4.5000000000000009 1.5000000000000002 1.0000000180025095e-35 1.5000000000000002 1.0000000180025095e-35 2.5000000000000004 1.0000000180025095e-35 2.5000000000000004 2.5000000000000004 1.0000000180025095e-35 4.5000000000000009 3.5000000000000004 1.5000000000000002 14.500000000000002 1.5000000000000002 2.5000000000000004 1.0000000180025095e-35 4.5000000000000009 3.5000000000000004 4.5000000000000009 4.5000000000000009
decision_type=2 2 2 2 2 2 2 2 2 2 2 2 2 2 2 2 2 2 2 2 2 2 2 2 2 2 2 2 2 2
left_child=1 4 13 7 23 6 15 -3 17 18 -5 -11 27 -2 -4 -6 25 -9 -8 -19 24 -22 -20 26 -7 -17 -1 -10 -15 -30
right_child=2 3 14 10 5 20 9 8 12 11 -12 -13 -14 28 -16 16 -18 19 22 -21 21 -23 -24 -25 -26 -27 -28 -29 29 -31
leaf_value=0.00089963838969411554 -0.0021678308300811439 -0.0025908026392751325 0.0163991414233534 0.00055965213763734662 0.0033834884369430282 -0.0025877313543547628 0.021908525652524262 0.032610456882456167 0.020215644778298826 -0.0022635336228041042 0.045714008070738402 0.019056462591344515 0.0085599921038468831 0.013657892825715069 0.049706147605101642 0.014631235508331867 0.022236073216217202 0.004210650540345833 -0.0013885231431967485 -0.044542157552021018 0.0071418903561976848 -0.0087777376151731337 0.0043419704705256433 -0.0073333912539206006 -0.011034022920005434 0.0013497372667002111 -0.0038305922351505616 0.040649719694236142 0.041263607902359417 -0.03874139172095592
leaf_weight=1808.2305796593428 179.21269703656435 778.71455163508654 55.977198295295238 40.600247241556644 719.52326598763466 7814.3836587667465 95.76276396214962 59.85236319154501 173.26603759080172 190.93195612728596 193.86128673702478 406.6395763643086 210.4455319494009 289.23367694765329 366.4601232483983 468.74831978231668 510.81262844800949 679.99302598834038 4725.5734723955393 18.986521609127522 794.02058898285031 221.68635294213891 1750.3982932195067 2850.9096890836954 599.07473727315664 371.97498081624508 10499.260427504778 155.93429689854383 85.530303210020065 6.4600468128919593
leaf_count=7308 761 3211 357 217 2980 32438 430 286 952 789 2299 2283 1138 1448 5200 2103 2752 3047 19818 85 3686 1057 7471 11540 2463 1631 42422 1473 804 40
internal_value=-6.85484e-05 -0.00078913 0.0264267 0.00972443 -0.00150758 0.000455295 0.00342053 0.00654471 0.0120234 0.0014581 0.0378949 0.0122444 0.0215749 0.0122063 0.0452926 0.0102138 0.0138501 0.00523084 0.000477291 0.00288637 -0.00245057 0.0036673 0.000160379 -0.00392512 -0.00318914 0.00875488 -0.00313562 0.0298948 0.0189635 0.0356452
internal_weight=37122.5 36139.6 982.874 2311.65 33827.9 18669.5 9240.37 2077.19 1298.48 7169.31 234.462 597.572 539.646 560.437 422.437 2071.06 1351.54 758.832 6571.73 698.98 9429.17 1015.71 6475.97 15158.4 8413.46 840.723 12307.5 329.2 381.224 91.9904
internal_count=162489 153879 8610 12708 141171 79901 40257 10192 6981 30791 2516 3072 3563 3053 5557 9466 6486 3418 27719 3132 39644 4743 27289 61270 34901 3734 49730 2425 2292 844
is_linear=0
shrinkage=0.05


Tree=39
num_leaves=31
num_cat=0
split_feature=2 5 0 4 5 2 8 1 3 5 3 4 1 5 0 10 1 15 7 5 0 15 16 1 0 11 5 7 1 16
split_gain=272.133 167.169 78.6616 104.564 76.5619 48.8937 62.1873 47.5556 39.1308 37.368 37.2823 34.7703 25.1963 23.2542 22.7105 22.6032 22.352 19.7711 19.6113 18.9799 18.8522 16.0493 15.7385 14.568 14.2087 14.1702 16.5834 13.9048 26.9508 13.7973
threshold=6.5000000000000009 5.5000000000000009 1.0000000180025095e-35 4.5000000000000009 3.5000000000000004 1.0000000180025095e-35 1.0000000180025095e-35 3.5000000000000004 1.0000000180025095e-35 1.0000000180025095e-35 3.5000000000000004 1.5000000000000002 2.5000000000000004 5.5000000000000009 1.5000000000000002 2.5000000000000004 1.0000000180025095e-35 1.5000000000000002 2.5000000000000004 1.0000000180025095e-35 1.5000000000000002 1.5000000000000002 18.500000000000004 1.0000000180025095e-35 6.5000000000000009 1.0000000180025095e-35 1.0000000180025095e-35 1.0000000180025095e-35 1.0000000180025095e-35 5.5000000000000009
decision_type=2 2 2 2 2 2 2 2 2 2 2 2 2 2 2 2 2 2 2 2 2 2 2 2 2 2 2 2 2 2
left_child=2 9 -1 5 19 14 7 13 -6 -2 22 -11 -3 17 -4 -10 -13 -7 20 -5 -8 -21 29 -22 -17 26 -25 28 -19 -9
right_child=1 12 3 4 8 6 18 10 15 11 -12 16 -14 -15 -16 24 -18 27 -20 21 23 -23 -24 25 -26 -27 -28 -29 -30 -31
leaf_value=-0.0033969800014640931 -0.0027623402954568008 0.017536766284370616 0.0030600159285309437 -0.00044845331162110557 0.00054138073539995539 0.017593565386928328 0.0069282192412653838 0.0190751781133927 0.038981142015569237 0.0023303741036385045 0.030499757263772277 0.0024104386996087542 0.050909449717516535 0.017330240691971636 -0.0041651769500012361 0.010860751545756688 0.031138154417397281 -0.000742945242706761 -0.010244391439105913 0.032899574482098674 -0.0054503872395146218 0.0084353447948874501 0.0286969967373167 -0.0010690735527344127 0.046669085328582105 -0.0065016999150369938 0.010941536513842184 -0.0045332500339364838 0.0091411842176399617 0.0029518331802522169
leaf_weight=15718.20076712966 374.10203686356544 66.097861371934414 1309.7164701223373 726.8403814136982 125.26093186438084 208.33547323197126 690.61568894982338 178.91754128038883 353.45755120366812 257.65524476766586 298.43917221575975 84.093266509473324 391.87278052791953 289.3952304571867 6412.8755723759532 151.29064341634512 347.55442640185356 1685.4247442781925 604.82175513356924 73.065813548862934 1659.1989668905735 812.83993138372898 96.241793438792229 670.0584776699543 33.912766300141811 432.91037227958441 503.2468748614192 706.56303539127111 1167.316332295537 513.49514732509851
leaf_count=63622 1552 404 5322 3016 542 929 2887 864 3383 1151 1966 367 5697 1403 26080 985 2750 6885 2609 404 6758 4001 459 2731 388 1945 2372 2947 5142 2360
internal_value=0.000130457 0.0208371 -0.000758884 0.00134554 0.011423 2.90706e-05 0.00239152 0.00616021 0.0257136 0.0099604 0.0154474 0.0168654 0.0460928 0.00367167 -0.00293982 0.0315671 0.0255414 0.00262255 -0.00185914 0.00553991 -0.000577155 0.0104531 0.0097514 -0.0021645 0.0174176 0.00122978 0.00408244 0.00174625 0.00330155 0.00711806
internal_weight=36943.8 1521.38 35422.4 19704.2 2276.67 17427.6 9704.98 5144.13 663.922 1063.4 1087.09 689.303 457.971 4057.03 7722.59 538.661 431.648 3767.64 4560.85 1612.75 3956.03 885.906 788.654 3265.41 185.203 1606.22 1173.31 3559.3 2852.74 692.413
internal_count=161921 11921 150000 86378 12719 73659 42257 22955 5298 5820 5649 4268 6101 17306 31402 4756 3117 15903 19302 7421 16693 4405 3683 13806 1373 7048 5103 14974 12027 3224
is_linear=0
shrinkage=0.05


Tree=40
num_leaves=31
num_cat=0
split_feature=3 2 2 0 1 1 8 5 15 4 1 15 5 5 11 5 4 3 17 0 5 11 16 16 5 3 4 8 8 15
split_gain=244.949 156.969 76.51 111.741 64.3111 38.3491 30.0409 28.7656 26.7209 24.4403 24.0505 20.8538 20.7369 17.7665 28.14 16.6118 16.3053 15.5599 15.4111 14.7817 14.4214 14.2257 13.2551 14.9463 12.5604 12.2779 12.0042 11.5934 11.477 11.2294
threshold=6.5000000000000009 4.5000000000000009 3.5000000000000004 3.5000000000000004 3.5000000000000004 2.5000000000000004 3.5000000000000004 3.5000000000000004 5.5000000000000009 2.5000000000000004 3.5000000000000004 5.5000000000000009 4.5000000000000009 1.0000000180025095e-35 1.0000000180025095e-35 5.5000000000000009 2.5000000000000004 2.5000000000000004 1.5000000000000002 1.5000000000000002 1.5000000000000002 1.5000000000000002 2.5000000000000004 8.5000000000000018 5.5000000000000009 1.0000000180025095e-35 5.5000000000000009 2.5000000000000004 1.5000000000000002 10.500000000000002
decision_type=2 2 2 2 2 2 2 2 2 2 2 2 2 2 2 2 2 2 2 2 2 2 2 2 2 2 2 2 2 2
left_child=2 7 8 6 13 -3 10 -2 12 28 17 -12 18 -5 -15 -13 -9 -4 -1 -7 -11 -14 -10 -24 -16 -25 -19 -23 -6 -27
right_child=1 5 3 4 9 19 -8 16 22 20 11 15 21 14 24 -17 -18 26 -20 -21 -22 27 23 25 -26 29 -28 -29 -30 -31
leaf_value=0.014225872946717247 0.0025725462295153913 0.013925414808849672 -0.001477468438896053 -0.0010732171334203713 0.030801978937919333 0.013986900755605228 -0.0069132896160258714 0.0082285870747785591 0.002635198653105581 0.014292697250875003 0.0260343718790709 0.0029024097195052192 0.021520082980319384 0.024410344202226163 -0.005583170317637505 0.031396138515528749 0.034310968258801776 0.004838271271074183 -0.00027811177261202649 0.050326506674931465 0.045401711000290591 0.0069945533977632274 -0.0045404338213930568 -0.0033726004166260491 0.022498456425904007 -0.0030810337269781933 0.026451092693239406 -0.028978644955258398 0.0041783866628340082 0.00089073071003478287
leaf_weight=190.20881389826536 708.37622163444757 102.94754143804312 1992.2321490943432 281.43641954660416 77.042087286710739 30.04214733093977 987.60761784762144 109.20193495601416 1180.0290326327085 43.572494901716709 179.08103166520596 446.05946320295334 188.59594107419252 302.89556239545345 170.2739710137248 57.77687606215477 132.77633296325803 764.63738611340523 4932.8876546770334 408.3803904093802 256.9136947542429 366.29468209296465 8010.9079376533628 7069.4739941209555 51.974584653973579 2736.3423387184739 70.139986962080002 23.8558389544487 85.296138271689415 5090.0517926067114
leaf_count=813 3189 606 8259 1166 491 187 4126 558 4900 270 977 2048 933 1659 796 406 1247 3330 20548 6176 3106 1649 32717 28507 331 11368 382 103 458 21198
internal_value=4.92575e-05 0.0198983 -0.000783502 0.00448792 0.0175885 0.0413878 0.000790345 0.00765671 -0.00180402 0.0324454 0.00295796 0.0113789 0.00127386 0.00906347 0.014496 0.0061699 0.0225403 0.000923712 0.000260388 0.0478364 0.0408907 0.0102452 -0.00253262 -0.00279884 0.00098394 -0.00186222 0.00665423 0.00479496 0.0168133 -0.000497917
internal_weight=37047.3 1491.72 35555.6 5766.94 1269.4 541.37 4497.53 950.354 29788.6 462.824 3509.93 682.917 5701.84 806.581 525.144 503.836 241.978 2827.01 5123.1 438.423 300.486 578.746 24086.8 22906.8 222.249 14895.9 834.777 390.151 162.338 7826.39
internal_count=162504 11963 150541 27805 8277 6969 19528 4994 122736 4325 15402 3431 24046 3952 2786 2454 1805 11971 21361 6363 3376 2685 98690 93790 1127 61073 3712 1752 949 32566
is_linear=0
shrinkage=0.05


Tree=41
num_leaves=31
num_cat=0
split_feature=0 5 2 5 11 2 4 8 16 0 6 0 11 5 15 5 10 0 13 17 2 7 16 0 4 4 10 4 4 0
split_gain=241.371 123.898 93.3288 59.3228 64.9256 49.9478 46.6957 36.9235 26.6341 22.142 29.4645 20.8085 18.8142 44.8338 24.9971 24.0046 19.0464 18.0822 17.7991 16.8451 16.2999 15.3666 15.174 14.4463 14.42 14.0674 13.9751 19.2816 13.8715 13.7822
threshold=7.5000000000000009 3.5000000000000004 7.5000000000000009 3.5000000000000004 1.0000000180025095e-35 2.5000000000000004 4.5000000000000009 1.5000000000000002 2.5000000000000004 1.0000000180025095e-35 1.5000000000000002 1.5000000000000002 1.5000000000000002 1.0000000180025095e-35 2.5000000000000004 1.5000000000000002 1.0000000180025095e-35 4.5000000000000009 5.5000000000000009 1.5000000000000002 1.0000000180025095e-35 2.5000000000000004 27.500000000000004 2.5000000000000004 3.5000000000000004 4.5000000000000009 2.5000000000000004 1.0000000180025095e-35 2.5000000000000004 1.5000000000000002
decision_type=2 2 2 2 2 2 2 2 2 2 2 2 2 2 2 2 2 2 2 2 2 2 2 2 2 2 2 2 2 2
left_child=2 24 3 8 5 -5 23 28 19 -6 17 -9 13 18 20 16 -16 26 -10 -1 -15 -18 -14 -4 -2 -3 27 -11 -7 -8
right_child=1 25 6 4 9 7 29 11 12 10 -12 -13 22 14 15 -17 21 -19 -20 -21 -22 -23 -24 -25 -26 -27 -28 -29 -30 -31
leaf_value=0.026984366333097493 0.0026951402448360455 0.030847450431651564 0.0026812420016213436 0.0048596773305449844 -0.0042313118073718792 0.020530604763662585 0.0099545171877158719 -0.0072192917439166965 -0.0029271807431173517 -0.00011544208291995649 -0.0044144385233249621 0.020920090086871651 -0.0057667535953299983 -0.0003260688308858052 0.0065143603825454297 -0.001710448540369793 0.00030544121326821607 0.02325779425246632 -0.0087360988708889108 0.0029933435435275883 0.015802760978448054 -0.019153250339205476 0.041864159812112688 0.019599086256401319 0.022931034618747237 0.049968276856233396 -0.0079264655952153255 0.013011417949704333 0.039226882999158864 0.043483835009521479
leaf_weight=76.525083087384701 368.1203450486064 139.69916788116097 329.90818011015654 1030.5879874676466 1680.7826558873057 166.16839592903852 37.58864139020443 123.57391912490129 13367.753601379693 480.087163195014 797.30923273414373 140.27528052404523 3850.0871597826481 241.76529291272163 2044.6111516654491 5580.0411674827337 728.59742235392332 162.26727741956711 1463.0288396328688 1667.5154775306582 444.92255872488022 117.87274643033743 16.793922424316406 204.34336660429835 115.70715261250734 308.87226786464453 167.45311735197902 670.36306022107601 246.20401090011001 165.99744046106935
leaf_count=338 1657 1169 1453 4623 6911 850 208 550 53934 1979 3594 855 15703 998 8591 23471 3091 1136 5898 7013 2125 507 69 1220 777 5003 824 3374 2203 2094
internal_value=-3.22006e-05 0.0250843 -0.000682674 -0.00105091 0.0036367 0.0117882 0.0169169 0.0223474 -0.00194807 0.000121778 0.00333436 0.00774099 -0.00232336 -0.00180165 0.000949139 0.000205387 0.00390312 0.00750834 -0.00350022 0.00404602 0.0101242 -0.00240422 -0.00555989 0.00915207 0.00753455 0.0440135 0.00556918 0.00753353 0.0316931 0.0372932
internal_weight=36934.8 932.399 36002.4 35264.6 5665.07 1706.81 737.838 676.222 29599.5 3958.26 2277.48 263.849 27855.5 23988.6 9157.81 8471.12 2891.08 1480.17 14830.8 1744.04 686.688 846.47 3866.88 534.252 483.827 448.571 1317.9 1150.45 412.372 203.586
internal_count=162218 8606 153612 148637 26899 9081 4975 4458 121738 17818 10907 1405 114387 98615 38783 35660 12189 7313 59832 7351 3123 3598 15772 2673 2434 6172 6177 5353 3053 2302
is_linear=0
shrinkage=0.05


Tree=42
num_leaves=31
num_cat=0
split_feature=5 2 5 4 3 1 11 3 0 6 0 2 16 3 10 3 17 4 10 2 9 2 5 9 11 0 2 8 6 17
split_gain=215.943 153.967 66.0315 85.3806 69.4401 54.6284 49.3247 45.9172 52.9362 31.2524 26.8799 23.967 23.5869 23.0079 20.2693 17.9128 17.5642 16.5233 27.7392 16.6192 16.2714 15.2521 15.1126 13.9658 13.279 13.3838 12.9591 19.8827 16.296 12.2696
threshold=6.5000000000000009 3.5000000000000004 1.0000000180025095e-35 4.5000000000000009 5.5000000000000009 3.5000000000000004 1.5000000000000002 1.0000000180025095e-35 3.5000000000000004 1.0000000180025095e-35 1.0000000180025095e-35 3.5000000000000004 2.5000000000000004 1.5000000000000002 1.5000000000000002 2.5000000000000004 17.500000000000004 1.0000000180025095e-35 1.0000000180025095e-35 3.5000000000000004 1.5000000000000002 1.0000000180025095e-35 3.5000000000000004 1.5000000000000002 6.5000000000000009 1.0000000180025095e-35 1.0000000180025095e-35 1.5000000000000002 1.0000000180025095e-35 2.5000000000000004
decision_type=2 2 2 2 2 2 2 2 2 2 2 2 2 2 2 2 2 2 2 2 2 2 2 2 2 2 2 2 2 2
left_child=2 10 -1 6 14 24 7 -4 12 -10 -2 -6 -9 -12 15 -5 22 -14 19 -19 29 -17 -11 -15 25 -3 -16 28 -28 -8
right_child=1 5 3 4 11 -7 20 8 9 16 13 -13 17 23 26 21 -18 18 -20 -21 -22 -23 -24 -25 -26 -27 27 -29 -30 -31
leaf_value=-0.0030119473909661146 -0.006173344656193961 -0.0050730939257780461 -0.0016315165616015731 0.0074340284903433142 0.016958090877672576 0.048484013691491884 0.0080998366077795429 0.015370769166158649 0.024822326060522367 0.0016181654208948433 0.00035004424055648547 0.045095648020587839 -0.0015982320810089925 0.029548409769986829 -0.0032592203770814921 0.001130633170690192 0.026891436491065665 0.0059675272971202904 -0.0018314470090180818 0.018603776941992164 -0.008216989428293334 0.030577436027846041 0.021114932145624089 0.0074019434652472516 -0.033490602607959753 0.02721711935446677 0.018433252598775523 -0.0036974715863705302 -0.0014638848441697564 -0.0026598084151761908
leaf_weight=16171.272513367236 319.51650078594685 41.83849985897541 4559.4091305136681 399.45413091033697 136.00019508600235 413.50029062479734 280.77361006289721 341.7021109983325 447.59244203567505 543.68038523197174 233.70948783308268 170.63119705021381 2048.413297355175 189.36427931115031 473.16854622215033 55.957241401076317 108.34650724008679 1209.7703739404678 1056.9702829644084 331.50592516362667 1363.9166870713234 205.33703989163041 121.62818996608257 114.06727934256196 12.557192645967005 137.73367049172521 374.97438216581941 273.54018406569958 141.82866162806749 4703.4223821051419
leaf_count=65335 1329 188 18534 1887 870 6534 1173 1511 2575 2533 1026 2227 8393 1194 1958 245 572 5231 4470 1692 5716 1526 748 627 59 1005 1883 1310 752 19440
internal_value=0.000121369 0.0189519 -0.000653861 0.00131705 0.0105175 0.0382479 0.000117952 0.00217868 0.00497632 0.0143065 0.00531024 0.0326158 0.00269211 0.0121412 0.0069961 0.0140924 0.00822269 0.00175975 0.00440713 0.0086854 -0.0033779 0.0242713 0.00518246 0.021223 0.0162178 0.0196938 0.00328514 0.00720316 0.0129728 -0.00205369
internal_weight=36981.6 1462.29 35519.3 19348 2230.89 605.63 17117.1 10769 6209.61 1221.25 856.658 306.631 4988.36 537.141 1924.26 660.748 773.655 4646.66 2598.25 1541.28 6348.11 261.294 665.309 303.432 192.129 179.572 1263.51 790.343 516.803 4984.2
internal_count=162543 11962 150581 85246 12658 7786 72588 46259 27725 6428 4176 3097 21297 2847 9561 3658 3853 19786 11393 6923 26329 1771 3281 1821 1252 1193 5903 3945 2635 20613
is_linear=0
shrinkage=0.05


Tree=43
num_leaves=31
num_cat=0
split_feature=2 0 0 6 3 15 0 2 1 1 5 6 0 4 0 6 5 0 1 1 4 9 5 3 4 5 2 7 5 8
split_gain=218.375 100.122 84.0712 94.6715 66.3298 34.7466 31.9183 31.1663 25.3197 24.4021 23.3735 21.7954 38.3555 22.8969 22.6013 20.2476 18.73 17.183 17.0315 16.6613 18.4111 16.5781 15.8944 15.5324 15.8593 15.3401 14.8845 14.4333 13.9382 13.6221
threshold=7.5000000000000009 3.5000000000000004 3.5000000000000004 1.0000000180025095e-35 3.5000000000000004 2.5000000000000004 8.5000000000000018 1.0000000180025095e-35 2.5000000000000004 1.0000000180025095e-35 4.5000000000000009 1.5000000000000002 1.0000000180025095e-35 4.5000000000000009 1.5000000000000002 3.5000000000000004 2.5000000000000004 1.0000000180025095e-35 6.5000000000000009 1.0000000180025095e-35 3.5000000000000004 1.5000000000000002 5.5000000000000009 1.0000000180025095e-35 1.5000000000000002 2.5000000000000004 2.5000000000000004 1.0000000180025095e-35 1.5000000000000002 1.0000000180025095e-35
decision_type=2 2 2 2 2 2 2 2 2 2 2 2 2 2 2 2 2 2 2 2 2 2 2 2 2 2 2 2 2 2
left_child=2 23 5 4 9 17 15 -6 -3 -4 -8 12 -7 14 -14 19 21 -1 27 -5 -21 -11 29 -2 -25 -15 -22 -16 -10 -9
right_child=1 8 3 6 7 11 10 22 28 16 -12 -13 13 25 18 -17 -18 -19 -20 20 26 -23 -24 24 -26 -27 -28 -29 -30 -31
leaf_value=-0.00025371778669870426 -0.0032638806952099645 0.015703613958931124 -0.0010941022497054371 -0.0033373944649050732 0.0047811887634902021 -0.0031387267572512445 0.0085688840264686577 0.035107765027775822 0.011274689498836494 0.010293815398486802 0.041617628582329758 -0.0056015766720400179 0.0037191822757054031 0.0032014109080162529 -0.00072709142542597084 -0.0067316681267707047 0.022429158064763321 0.0089316968037832772 0.013983772859034691 0.0019206446860385023 0.0059339303790448385 -0.018795756266683235 0.048167717695430504 0.0022406391538145188 0.024809360686603884 0.016089341681781194 0.026620746953457838 -0.0067075547568419339 0.04976440491525818 0.011632937036628944
leaf_weight=960.17277444154024 178.35666359961033 78.664375796914101 465.4178074747324 1058.5650978833437 108.20359338819981 14925.310258589685 231.02303712442517 204.30924665555358 25.314475886523724 451.80736473947763 69.62310953438282 3903.7646189853549 2838.5009157285094 591.48825132101774 3839.853510402143 1015.9678639397025 331.28719791024923 1083.8989903442562 165.71953758597374 1281.7707097679377 203.23100765049458 54.932977393269539 146.74362894520164 135.88361631333828 182.23645221814513 378.7241262793541 151.97829105705023 1368.4002348780632 332.01230874657631 88.596864368766546
leaf_count=3963 731 452 1916 4340 476 60330 1169 1588 154 1997 838 15973 11821 2571 15915 4332 1888 4871 787 5677 1017 235 2060 592 1155 2182 1248 5685 5544 579
internal_value=1.21719e-05 0.0239007 -0.000607976 0.0048687 0.0142218 -0.0016764 0.000552997 0.02882 0.0413841 0.00808595 0.0162223 -0.00213564 -0.0015744 0.000968209 0.000110045 -0.000716271 0.0131843 0.00461698 -0.00179628 0.00155097 0.00471207 0.00714037 0.0347363 0.00854723 0.0151692 0.00823224 0.0147849 -0.00229838 0.0470376 0.0280072
internal_weight=36851.8 932.468 35919.3 5863.46 1851.3 30055.8 4012.16 547.853 435.991 1303.45 300.646 28011.8 24108 9182.69 8212.47 3711.51 838.028 2044.07 5373.97 2695.55 1636.98 506.74 439.65 496.477 318.12 970.212 355.209 5208.25 357.327 292.906
internal_count=162086 8628 153458 29360 10739 124098 18621 4703 6150 6036 2007 115264 99291 38961 34208 16614 4120 8834 22387 12282 7942 2232 4227 2478 1747 4753 2265 21600 5698 2167
is_linear=0
shrinkage=0.05


Tree=44
num_leaves=31
num_cat=0
split_feature=5 2 0 6 2 1 4 16 2 10 4 3 6 4 16 15 10 0 15 2 16 8 1 11 1 15 3 16 17 0
split_gain=192.659 150.82 55.3308 83.778 54.5916 47.8143 37.0953 28.9979 25.5156 20.3768 29.8501 20.3357 20.2731 18.2541 19.7795 17.7216 16.463 16.2181 15.8235 14.7125 14.5904 14.1337 13.7505 13.5358 11.6785 11.9869 11.8139 12.223 11.7014 11.485
threshold=6.5000000000000009 3.5000000000000004 3.5000000000000004 1.0000000180025095e-35 1.0000000180025095e-35 3.5000000000000004 2.5000000000000004 3.5000000000000004 7.5000000000000009 1.0000000180025095e-35 1.0000000180025095e-35 5.5000000000000009 3.5000000000000004 1.5000000000000002 20.500000000000004 5.5000000000000009 2.5000000000000004 8.5000000000000018 9.5000000000000018 1.0000000180025095e-35 16.500000000000004 2.5000000000000004 8.5000000000000018 6.5000000000000009 1.0000000180025095e-35 4.5000000000000009 2.5000000000000004 12.500000000000002 17.500000000000004 1.0000000180025095e-35
decision_type=2 2 2 2 2 2 2 2 2 2 2 2 2 2 2 2 2 2 2 2 2 2 2 2 2 2 2 2 2 2
left_child=2 11 7 4 -4 21 -6 19 12 10 -9 29 17 14 -11 -12 -8 24 -17 -1 -20 23 -21 -3 -5 -26 27 -27 -28 -2
right_child=1 5 3 8 6 -7 16 9 -10 13 15 -13 -14 -15 -16 18 -18 -19 20 22 -22 -23 -24 -25 25 26 28 -29 -30 -31
leaf_value=-0.00070238303422929973 -0.0053374750448331966 0.031778485916354009 0.00045578861120267392 -0.0032137204898460242 0.01107010017979166 0.048165006684451762 0.034009440587910549 -0.0024205433259901175 0.024230877481231407 -0.015364807145143183 0.0066251303304587983 0.028037768192169566 -0.0062258221121135248 -0.0033267823564424588 0.024915942304299905 -0.0039253418925668483 0.014449318488301484 0.019858014214639702 0.00050552835449222701 0.0060336618920387068 0.007961293512726321 -1.4879879482562428e-05 0.045024765262099808 -0.044248133002104707 0.012635685154883428 -0.0065499139994129431 0.0049517285218473621 0.0059991257866216958 0.028891732738640777 0.0072147409836485809
leaf_weight=1200.9756449759007 299.38195762038231 117.17509926855564 572.12897158414125 1034.0334472954273 639.90375299006701 385.10815378278494 402.56858622655272 12336.195779383183 105.97396403551102 501.45904856920242 1434.2843237966299 85.325589936226606 1140.9561754539609 7028.0755442008376 32.448141396045685 1535.970212418586 146.80141278356314 117.93537924811244 3181.4448992796242 1621.2951070964336 826.68249876052141 71.062853861600161 22.931157428771257 6.1624262556433669 299.3935588747263 526.05222395062447 347.30139942839742 307.44889818876982 59.836475528776646 465.71698864176869
leaf_count=4869 1235 875 2372 4230 3010 6560 3450 49778 875 2037 6271 652 4927 29086 132 6422 1000 767 13253 6960 3519 400 122 29 1515 2226 1781 1326 346 2275
internal_value=0.000296328 0.0182897 -0.000430036 0.00408232 0.0131468 0.0379609 0.0192522 -0.00129546 2.88688e-05 -0.0018036 -0.000942159 0.00488512 -0.000640271 -0.00400387 -0.0129167 0.00167129 0.0287826 0.00172706 0.000389705 0.00350459 0.00204329 0.0177464 0.00657745 0.0279799 0.000896363 0.00365602 0.00148903 -0.00192102 0.00847016 0.00230308
internal_weight=36852 1429.93 35422.1 5700.33 1761.4 579.509 1189.27 29721.8 3938.93 26876.6 19314.6 850.425 3832.96 7561.98 533.907 6978.38 549.37 2692 5544.1 2845.2 4008.13 194.4 1644.23 123.338 2574.07 1540.03 1240.64 833.501 407.138 765.099
internal_count=162300 12026 150274 27825 9832 7864 7460 122449 17993 110498 79243 4162 17118 31255 2169 29465 4450 12191 23194 11951 16772 1304 7082 904 11424 7194 5679 3552 2127 3510
is_linear=0
shrinkage=0.05


Tree=45
num_leaves=31
num_cat=0
split_feature=5 4 2 0 4 1 15 8 11 8 2 0 6 4 1 7 15 6 5 0 0 16 0 11 1 7 1 7 1 0
split_gain=188.822 130.502 55.2261 56.3015 41.419 40.7535 27.1706 24.0695 22.2889 21.8345 30.2716 27.2406 24.5534 23.1796 19.5085 22.0436 21.0109 18.7748 17.4545 17.3522 15.5862 14.469 13.6377 13.6061 13.3324 14.4385 13.2046 12.5576 16.7895 12.3551
threshold=6.5000000000000009 4.5000000000000009 4.5000000000000009 3.5000000000000004 3.5000000000000004 2.5000000000000004 2.5000000000000004 3.5000000000000004 3.5000000000000004 1.5000000000000002 1.0000000180025095e-35 3.5000000000000004 1.5000000000000002 5.5000000000000009 1.0000000180025095e-35 1.5000000000000002 1.5000000000000002 3.5000000000000004 1.0000000180025095e-35 1.0000000180025095e-35 5.5000000000000009 3.5000000000000004 3.5000000000000004 2.5000000000000004 2.5000000000000004 1.0000000180025095e-35 5.5000000000000009 1.0000000180025095e-35 3.5000000000000004 8.5000000000000018
decision_type=2 2 2 2 2 2 2 2 2 2 2 2 2 2 2 2 2 2 2 2 2 2 2 2 2 2 2 2 2 2
left_child=2 8 6 7 17 -3 19 14 20 10 -8 21 13 -13 -4 16 -16 23 -6 -1 -2 -12 -7 -5 25 -21 -17 28 -23 -14
right_child=1 5 3 4 18 22 9 -9 -10 -11 11 12 29 -15 15 26 -18 -19 -20 24 -22 27 -24 -25 -26 -27 -28 -29 -30 -31
leaf_value=-0.0014100037689898032 0.010250427452347353 0.011151223722098421 -0.0013704484926453835 0.016035818948101899 0.0027818811606623466 0.028002861809262959 -0.0024217489271558283 -0.0051767806026734552 -0.0025120940335027408 -0.004654854628316339 0.0063588239820145821 0.01078851893572238 0.00026721941946517106 0.039124068605655468 0.044889180597931885 -0.0056055114534625597 0.011669803294542614 -0.011463726213807876 0.036671050121655238 0.0062144766879664963 0.034678769644725597 -0.00017631113782562251 0.052114535609265912 -0.011797585434947832 0.014350524995405151 -0.014616139653975674 0.015105239934290313 -0.0039620553974676516 0.011043759769303298 0.020979178342617453
leaf_weight=857.27272534370422 501.07502825185657 98.467850349843502 747.43148981034756 382.00148591026664 44.643494166433811 73.092794239521027 14832.837506167591 834.37816835939884 353.66586328297853 4847.299095980823 798.6767003685236 615.20284606143832 921.25737423822284 81.767066836357117 50.879017397761345 309.58432380110025 738.47197752073407 97.428593691438437 255.12628097087145 780.30520468205214 75.080683097243309 5050.1311157122254 296.67228310927749 49.609818652272224 482.35111677646637 93.114054344594479 102.42398567870259 2138.0836985781789 356.984360255301 78.10667484998703
leaf_count=3520 2544 611 3071 2067 215 663 59982 3496 1593 19912 3383 3005 4143 666 275 1352 3564 444 3162 3370 810 20704 5695 249 2401 399 538 8910 1621 452
internal_value=0.000184812 0.0182091 -0.00052411 0.00533593 0.0167752 0.0397362 -0.00118694 0.00192938 0.00736861 -0.00158492 -0.000986648 0.00113349 0.00690959 0.0141128 0.0049719 0.00891782 0.013811 0.00836144 0.0316241 0.00415783 0.0134338 -4.08091e-05 0.0473483 0.0128366 0.00767845 0.00399375 -0.000456883 -0.000718225 0.000564452 0.00188599
internal_weight=36943.4 1398.05 35545.4 3611.98 828.81 468.233 31933.4 2783.17 929.822 29720.3 24873 10040.2 1696.33 696.97 1948.79 1201.36 789.351 529.04 299.77 2213.04 576.156 8343.88 369.765 431.611 1355.77 873.419 412.008 7545.2 5407.12 999.364
internal_count=162817 11916 150901 18433 6137 6969 132468 12296 4947 122778 102866 42884 8266 3671 8800 5729 3839 2760 3377 9690 3354 34618 6358 2316 6170 3769 1890 31235 22325 4595
is_linear=0
shrinkage=0.05


Tree=46
num_leaves=31
num_cat=0
split_feature=3 1 1 7 2 5 3 1 7 5 1 0 4 16 8 2 7 11 2 5 9 4 16 4 16 1 16 4 4 10
split_gain=168.246 132.354 55.3155 67.4697 47.6597 40.3262 23.7755 22.6628 52.978 28.5002 22.7892 21.3957 21.0069 19.6936 19.1385 27.6447 18.0165 16.2752 15.5228 15.4913 15.1877 15.3053 15.0791 15.3757 13.8543 12.94 14.9019 12.7942 12.4626 12.4094
threshold=6.5000000000000009 3.5000000000000004 3.5000000000000004 1.0000000180025095e-35 3.5000000000000004 4.5000000000000009 3.5000000000000004 1.0000000180025095e-35 1.0000000180025095e-35 4.5000000000000009 1.5000000000000002 1.0000000180025095e-35 8.5000000000000018 4.5000000000000009 1.5000000000000002 3.5000000000000004 3.5000000000000004 1.5000000000000002 1.0000000180025095e-35 1.0000000180025095e-35 3.5000000000000004 1.0000000180025095e-35 4.5000000000000009 4.5000000000000009 20.500000000000004 1.0000000180025095e-35 22.500000000000004 6.5000000000000009 1.0000000180025095e-35 1.5000000000000002
decision_type=2 2 2 2 2 2 2 2 2 2 2 2 2 2 2 2 2 2 2 2 2 2 2 2 2 2 2 2 2 2
left_child=2 13 7 4 22 17 28 29 9 10 -9 -12 14 -2 15 24 -17 19 -13 -3 21 -15 -4 -24 -5 26 -23 -11 -6 -1
right_child=1 5 3 12 6 -7 -8 8 -10 27 11 18 -14 20 -16 16 -18 -19 -20 -21 -22 25 23 -25 -26 -27 -28 -29 -30 -31
leaf_value=-0.0020689958591085535 0.021884283047665293 0.0037138338566574773 0.019136384898063054 -0.0008697947318846563 0.00039803686215802986 0.047613403896969192 0.039998772329239679 0.0054421923942662362 -0.0036355159931199341 0.009344134346113666 -0.0043794998622396081 -0.0020731590513314384 0.030077139255415219 -0.0068829010932296283 -0.0069706556945390774 0.022610460085320489 -0.005769703256636817 -0.019388750157264285 0.0056505624801874346 0.033352867383009764 -0.0081055171622836705 -0.0050744292602223169 0.0020195019571799741 0.01954547040513252 0.013928749757368186 0.021830171095805224 0.080783772990723368 0.033082949438746991 0.02300433780982495 -0.0054858782906068194
leaf_weight=12360.174162067473 135.09509871527553 62.268653936684132 209.84163144603372 2583.9668963253498 82.815351769328117 319.20456380024552 175.98785185813904 2454.687879063189 5905.2062898203731 849.47524630278349 2024.8967100530863 1115.1625292152166 58.171386267989874 133.15505070239305 821.37593895569444 234.30766927450895 73.452522598206997 23.212550058960915 1561.2355839386582 150.97664251178503 274.76539626345038 95.960220575332642 901.86290603876114 145.30742229521275 168.46828918159008 178.11441476270556 5.3347695022821418 60.822867318987846 231.07950263097882 3384.9565444067121
leaf_count=50021 714 279 1003 11027 353 6058 2113 10303 24184 4055 8191 4546 555 559 3767 1564 404 143 6992 1386 1215 425 3933 849 731 1161 24 459 1549 13747
internal_value=2.88743e-05 0.0171689 -0.000638309 0.00387967 0.0120586 0.0360203 0.0252879 -0.00150288 -3.70657e-05 0.00259731 0.00153729 -0.000501582 0.000253097 0.00443218 -0.000193863 0.00162507 0.015837 0.0203702 0.00243235 0.0246981 0.00100196 0.00706749 0.0069029 0.00445144 3.59797e-05 0.0137157 -0.000552649 0.0109303 0.0170401 -0.00280357
internal_weight=36781.3 1378.09 35403.3 5686.64 1746.89 555.662 489.883 29716.6 13971.5 8066.28 7155.98 4701.29 3939.74 822.425 3881.57 3060.2 307.76 236.458 2676.4 213.245 687.33 412.564 1257.01 1047.17 2752.44 279.409 101.295 910.298 313.895 15745.1
internal_count=162310 11964 150346 27848 9800 7866 4015 122498 58730 34546 30032 19729 18048 4098 17493 13726 1968 1808 11538 1665 3384 2169 5785 4782 11758 1610 449 4514 1902 63768
is_linear=0
shrinkage=0.05


Tree=47
num_leaves=31
num_cat=0
split_feature=2 1 0 6 4 3 0 4 10 3 5 0 5 1 1 4 5 9 11 9 7 3 2 4 5 3 0 8 0 10
split_gain=158.83 91.4293 64.9238 91.5387 69.3435 50.3963 35.7996 35.7807 55.4193 33.9733 33.9669 30.3098 24.3184 23.4081 21.247 17.8894 14.1734 13.8322 12.6587 12.3145 13.8685 11.2843 21.3215 12.4361 11.204 10.873 13.4945 10.6174 10.339 10.082
threshold=7.5000000000000009 3.5000000000000004 1.0000000180025095e-35 1.0000000180025095e-35 4.5000000000000009 3.5000000000000004 8.5000000000000018 1.0000000180025095e-35 1.0000000180025095e-35 1.0000000180025095e-35 4.5000000000000009 2.5000000000000004 4.5000000000000009 1.0000000180025095e-35 1.0000000180025095e-35 1.5000000000000002 2.5000000000000004 1.5000000000000002 2.5000000000000004 1.0000000180025095e-35 1.0000000180025095e-35 3.5000000000000004 2.5000000000000004 2.5000000000000004 5.5000000000000009 3.5000000000000004 2.5000000000000004 3.5000000000000004 1.5000000000000002 6.5000000000000009
decision_type=2 2 2 2 2 2 2 2 2 2 2 2 2 2 2 2 2 2 2 2 2 2 2 2 2 2 2 2 2 2
left_child=2 25 -1 4 7 16 17 28 9 15 14 27 -8 -7 -11 -9 -6 21 19 -16 -21 -5 -23 -24 -15 -2 -27 -3 -4 -18
right_child=1 11 3 6 5 13 12 8 -10 10 -12 -13 -14 24 18 -17 29 -19 -20 20 -22 22 23 -25 -26 26 -28 -29 -30 -31
leaf_value=-0.0028629781363789623 0.0021357336990631788 0.027175319228255546 0.0038353158762005216 -0.0020622857300062322 0.0036276272287251894 0.0040018884482942675 0.0076000467604777355 0.01352337723325797 -0.000500621089026467 0.0029464589247525964 0.028932396929081713 0.046044132447143712 0.042224182837597796 0.028864314492198197 0.021719993107785912 -0.0014664828538274259 0.017845730147099764 -0.0061042656138034909 -0.0045911710270990277 0.018157727492214972 -0.00052766703781294548 -0.0021501814224123739 0.0063317593187409513 0.030372123304944057 0.047849280179248534 0.0014911908478896811 0.036178228498176174 -0.0079825599786413626 -0.0018744244210833927 -0.056870529180055085
leaf_weight=15954.807098180056 367.3301754295826 53.181563653051853 1095.9228903353214 7022.1999149098992 522.23941034078598 71.734394446015358 239.02760724723339 281.03412760794163 1887.6713626720011 507.51232559978962 333.26282965019345 310.80007541179657 64.369536455720663 225.78367432579398 563.47954984009266 682.21341927349567 329.05919973924756 2084.7053041085601 73.491974018514156 236.48919529095292 171.18652912974358 367.70136899873614 114.32016127556562 101.60884635895491 118.50007203221321 52.841850444674492 59.736122507601976 36.017510317265987 2866.8864887133241 4.5778077021241179
leaf_count=64548 1626 354 4465 29146 2291 333 1216 1154 8021 2100 2168 5683 851 1869 2864 2804 1868 9000 345 1150 798 1656 557 881 1951 274 519 179 11710 25
internal_value=2.90435e-05 0.0210166 -0.000485078 0.0014152 0.0048047 0.0157094 -0.00196654 0.00321033 0.00614349 0.0105462 0.0144491 0.0386707 0.014946 0.029985 0.0113394 0.00290691 0.00877048 -0.00249605 0.0154168 0.0169309 0.0103116 -0.00150707 0.00517331 0.0176443 0.0353988 0.00630217 0.0198968 0.012979 -0.000295384 0.0168206
internal_weight=36799.7 879.907 35919.8 19965 9971.05 1271.89 9993.93 8699.15 4736.34 2848.67 1885.42 399.999 303.397 416.018 1552.16 963.248 855.876 9690.54 1044.65 971.155 407.676 7605.83 583.63 215.929 344.284 479.908 112.578 89.1991 3962.81 333.637
internal_count=162406 8635 153771 89223 45916 8337 43307 37579 21404 13383 9425 6216 2067 4153 7257 3958 4184 41240 5157 4812 1948 32240 3094 1438 3820 2419 793 533 16175 1893
is_linear=0
shrinkage=0.05


Tree=48
num_leaves=31
num_cat=0
split_feature=2 3 3 9 2 5 9 0 6 5 3 0 0 11 0 6 4 2 3 4 15 10 9 5 4 4 4 15 15 8
split_gain=142.371 88.6374 49.9255 82.3227 50.3138 40.8018 26.6262 21.9837 42.0586 34.4664 25.8287 21.7957 20.1603 18.8293 18.2664 17.8061 17.1754 17.051 15.43 13.8076 13.7004 13.2481 12.7906 12.4307 11.4461 11.4202 11.404 10.9486 10.2212 10.1077
threshold=7.5000000000000009 3.5000000000000004 4.5000000000000009 1.0000000180025095e-35 3.5000000000000004 2.5000000000000004 3.5000000000000004 1.0000000180025095e-35 1.0000000180025095e-35 3.5000000000000004 1.0000000180025095e-35 9.5000000000000018 1.5000000000000002 3.5000000000000004 3.5000000000000004 1.0000000180025095e-35 1.0000000180025095e-35 2.5000000000000004 7.5000000000000009 1.0000000180025095e-35 19.500000000000004 1.0000000180025095e-35 1.5000000000000002 7.5000000000000009 3.5000000000000004 8.5000000000000018 1.0000000180025095e-35 30.000000000000004 4.5000000000000009 1.5000000000000002
decision_type=2 2 2 2 2 2 2 2 2 2 2 2 2 2 2 2 2 2 2 2 2 2 2 2 2 2 2 2 2 2
left_child=2 28 7 4 16 -3 11 29 9 12 -11 18 -9 17 25 20 -4 -12 -5 -16 -8 -18 -21 -15 -6 27 -20 -14 -2 -1
right_child=1 5 3 6 24 -7 15 8 -10 10 13 -13 14 23 19 -17 21 -19 26 22 -22 -23 -24 -25 -26 -27 -28 -29 -30 -31
leaf_value=-0.0019423721862610701 0.02176728313073591 0.007050462359972651 -0.0013459555823062644 0.0016374163252141632 0.024799249866751027 0.046660833655179465 -0.0043233807825321892 0.0052171415560385726 -0.002389737710723705 0.0011026061761226201 0.011102545614245386 0.050108763324340555 -0.002597838985486284 -0.01117405966591152 -0.0018676634627453267 -0.016853234702176329 0.022983573042145895 0.025844500471253556 -0.0022783923337936656 0.012295892406107433 0.017384468338999461 0.0057096727283603363 -0.0082975236126967555 0.020797322115741732 0.044676859534999051 0.02687257992911038 0.021981456198252813 0.060867560789165158 0.0024006431190274628 -0.0051888780813463455
leaf_weight=11545.0205341205 82.229187235236168 83.147393848747015 222.47721184790134 1435.1546507515013 142.03136422112584 298.0940004363656 647.41695376113057 2043.192025795579 8981.0134356245399 595.99289293587208 458.28876822441816 25.583466064184904 3935.3879335746169 105.70550160855055 435.59378907084465 273.14913805946708 260.16257910057902 342.90980987250805 66.933748014271259 575.01683531701565 81.875905200839043 193.59351221844554 86.779445432126522 42.677541565150023 147.76861932873726 33.399545334279537 175.34282224997878 6.8073111176490775 397.32588628679514 3025.8981178551912
leaf_count=46585 472 513 927 6625 893 5658 2864 8477 37690 2495 2221 376 16247 480 1791 1250 1508 2335 283 2684 356 1015 394 227 2266 156 1348 28 1952 12235
internal_value=-6.76494e-05 0.0200271 -0.000549674 0.00497457 0.017504 0.038022 0.000500686 -0.00117929 7.73943e-06 0.00249358 0.00926133 0.0043063 0.00102369 0.014382 -0.000665265 -0.00596454 0.0100341 0.017412 0.00360774 0.00504538 -0.00188629 0.0156137 0.00959554 -0.00197853 0.0349348 -0.00224158 0.0152792 -0.00248825 0.00572144 -0.00261656
internal_weight=36746 860.796 35885.2 3671.49 966.033 381.241 2705.46 32213.7 17642.8 8661.75 1545.57 1703.01 7116.18 949.582 5072.98 1002.44 676.233 801.199 1677.43 1097.39 729.293 453.756 661.796 148.383 289.8 3975.59 242.277 3942.2 479.555 14570.9
internal_count=162351 8595 153756 19711 6609 6171 13102 134045 75225 37535 7758 8632 29777 5263 21300 4470 3450 4556 8256 4869 3220 2523 3078 707 3159 16431 1631 16275 2424 58820
is_linear=0
shrinkage=0.05


Tree=49
num_leaves=31
num_cat=0
split_feature=0 5 4 1 16 3 9 5 11 1 5 1 3 5 3 1 10 2 11 7 2 2 3 2 5 1 7 9 4 3
split_gain=133.726 89.6494 51.8454 50.5984 35.9157 28.4944 51.0323 36.7548 32.2483 34.6389 23.2897 21.0314 21.0101 19.9318 16.0814 15.9977 15.7025 18.084 15.0552 14.1559 14.088 13.9876 12.8788 12.7528 12.7443 12.6453 12.5243 12.5199 13.0045 12.8281
threshold=7.5000000000000009 3.5000000000000004 6.5000000000000009 4.5000000000000009 2.5000000000000004 1.0000000180025095e-35 1.0000000180025095e-35 2.5000000000000004 2.5000000000000004 2.5000000000000004 7.5000000000000009 2.5000000000000004 2.5000000000000004 1.0000000180025095e-35 5.5000000000000009 8.5000000000000018 4.5000000000000009 3.5000000000000004 3.5000000000000004 2.5000000000000004 2.5000000000000004 1.0000000180025095e-35 6.5000000000000009 5.5000000000000009 6.5000000000000009 6.5000000000000009 1.0000000180025095e-35 3.5000000000000004 3.5000000000000004 4.5000000000000009
decision_type=2 2 2 2 2 2 2 2 2 2 2 2 2 2 2 2 2 2 2 2 2 2 2 2 2 2 2 2 2 2
left_child=2 25 4 16 13 -6 7 23 9 21 18 -3 -5 -1 -11 22 17 26 24 20 -8 -9 -15 -7 -10 -2 -4 28 -22 -30
right_child=1 11 3 12 5 6 19 8 10 14 -12 -13 -14 15 -16 -17 -18 -19 -20 -21 27 -23 -24 -25 -26 -27 -28 -29 29 -31
leaf_value=0.00011563068505495368 0.003812457134573673 0.014723254971461062 0.0084592875659116155 0.0094698588317521423 -0.0025842879917962274 0.00028987197976401111 -0.0028260338839143197 -0.0012536471350839153 0.00058667676131595424 0.018264479157461121 0.021997626410334176 0.045355062969598979 0.040290535218752262 0.007988604003365948 0.043053552849721205 0.051716611160652959 -0.0052741255406925994 0.023997056987336802 -0.013103823508775267 -0.0072940356601821459 0.0015532518874591674 0.01083033214627179 0.031916162370034237 0.01002812592731319 0.032217425362712521 0.036224394330848848 -0.01149238524411509 -0.0080275465124731351 0.0057618994169313931 0.028262983024279261
leaf_weight=889.99764342606068 445.77761417999864 69.952577646821737 370.81318760663271 82.488516125828028 14784.366385601461 5618.8909111320972 5606.7219504341483 379.22508215904236 764.90851646289229 597.62926351651549 120.73371569812298 281.65569446980953 167.72850169613957 1124.5709366649389 73.467784445732832 22.530267965048552 273.93507533147931 153.36370375752449 211.37473824620247 1203.2884814180434 1731.7039530538023 649.84448039904237 59.196901760995388 357.58479285985231 33.228067182004452 32.271169722080231 99.833181470632553 283.28423408418894 197.39590050652623 93.273337688297033
leaf_count=3623 2151 483 1706 486 59705 23316 22999 1560 3320 3418 702 5632 2603 5039 805 171 1220 1148 921 5187 7392 3026 403 1662 193 309 450 1290 914 752
internal_value=0.000250123 0.0200962 -0.000207869 0.010246 -0.000552742 -0.000959381 0.00038101 0.00309542 0.0077891 0.0121406 0.00124337 0.0392609 0.0301299 0.00579174 0.0209782 0.00997952 0.00470519 0.00908603 -0.00123876 -0.00224146 -0.00147308 0.00637723 0.00918515 0.000872532 0.00190353 0.00600046 0.00422715 0.00181695 0.00319591 0.0129823
internal_weight=36781 829.657 35951.4 1148.16 34803.2 32706.9 17922.6 8806.89 2830.41 1700.17 1130.25 351.608 250.217 2096.3 671.097 1206.3 897.945 624.01 1009.51 9115.67 7912.38 1029.07 1183.77 5976.48 798.137 478.049 470.646 2305.66 2022.37 290.669
internal_count=162586 8575 154011 7613 146398 137162 77457 38923 13945 8809 5136 6115 3089 9236 4223 5613 4524 3304 4434 38534 33347 4586 5442 24978 3513 2460 2156 10348 9058 1666
is_linear=0
shrinkage=0.05


Tree=50
num_leaves=31
num_cat=0
split_feature=2 3 4 1 8 2 1 7 5 0 5 15 3 7 1 0 7 1 3 7 0 1 0 1 8 5 8 16 14 16
split_gain=130.666 80.0008 47.8858 51.9679 31.6887 67.3495 52.124 29.3646 26.4167 22.3021 20.7344 19.1373 16.0886 15.2288 22.6936 15.2925 14.8766 16.5134 14.6322 15.0821 14.9791 12.4124 12.2047 11.8515 11.7663 11.5746 11.4682 11.7948 11.3054 11.2187
threshold=7.5000000000000009 3.5000000000000004 6.5000000000000009 4.5000000000000009 1.5000000000000002 1.0000000180025095e-35 3.5000000000000004 1.0000000180025095e-35 1.5000000000000002 3.5000000000000004 2.5000000000000004 3.5000000000000004 6.5000000000000009 1.0000000180025095e-35 1.0000000180025095e-35 5.5000000000000009 1.5000000000000002 1.0000000180025095e-35 1.0000000180025095e-35 3.5000000000000004 4.5000000000000009 7.5000000000000009 3.5000000000000004 1.0000000180025095e-35 3.5000000000000004 1.0000000180025095e-35 2.5000000000000004 16.500000000000004 7.0000000000000009 1.5000000000000002
decision_type=2 2 2 2 2 2 2 2 2 2 2 2 2 2 2 2 2 2 2 2 2 2 2 2 2 2 2 2 2 2
left_child=2 23 4 12 5 -1 11 10 -3 -5 -8 -7 16 14 -13 -16 17 -4 -9 20 -20 28 -10 -2 -19 -14 27 -25 -21 -18
right_child=1 8 3 9 -6 6 7 18 22 -11 -12 13 25 -15 15 -17 29 24 19 21 -22 -23 -24 26 -26 -27 -28 -29 -30 -31
leaf_value=-0.0020630797467707709 -0.0042537025523245037 0.0048888999484298663 -0.0024061616909858037 0.013611618932325648 -0.0036572157926224947 0.0073464898282640167 0.010501640792186257 -0.00074621940458795364 0.025266009846259121 0.043789164992841051 0.027133440575501579 -0.00065132624693657408 -0.012479893434403685 -0.0037274558984892788 0.0041743578166667031 0.018431987304698475 0.054009073583196912 0.013997560764010077 0.0098596407881897871 0.023003999036398912 0.029205052634665957 0.017082876018338768 0.048751304208829366 0.015325415071873622 -0.046711338199305223 0.04406050231181588 0.0042294606275683705 0.051544998277981195 -0.014038303012010998 -0.01743666168786135
leaf_weight=15692.366838209331 171.33379488438368 52.900494415313005 363.0956853851676 112.53028921037912 7110.8061761297286 1165.3448014296591 427.21459106355906 550.97052930295467 72.593041036278009 134.27965901792049 333.81911962106824 4266.0855205953121 11.707765579223631 1694.3016028515995 2317.4167803861201 204.68369555100799 5.7761156745254985 357.84387940913439 555.9881406724453 24.083069935441017 122.02294655144215 65.028014723211527 232.47794575616717 95.933975402265787 8.1633882336318475 39.898445665836334 185.4160978756845 29.355334617197514 142.35154673829675 112.70890625566244
leaf_count=63537 713 288 1524 762 29922 5182 2029 2283 635 2339 2601 17344 55 7001 10038 1112 27 1978 2733 107 1012 384 5199 594 43 447 942 199 651 510
internal_value=0.00010823 0.0196011 -0.000348914 0.00970694 -0.000681283 8.64967e-05 0.00292844 0.00983354 0.0375068 0.03003 0.017797 0.0013385 0.00412868 0.000513105 0.00157153 0.00533145 0.00247838 0.00514873 0.00568381 0.0095792 0.0133413 -0.00144084 0.0431629 0.00630396 0.0126435 0.0312333 0.0121258 0.0238117 -0.00867829 -0.0139537
internal_weight=36658.5 840.011 35818.5 1146 34672.5 27561.7 11869.3 2221.48 357.971 246.81 761.034 9647.83 899.194 8482.49 6788.19 2522.1 847.588 729.103 1460.44 909.474 678.011 231.463 305.071 482.039 366.007 51.6062 310.705 125.289 166.435 118.485
internal_count=162191 8570 153621 7685 145936 116014 52477 11800 6122 3101 4630 40677 4584 35495 28494 11150 4082 3545 7170 4887 3745 1142 5834 2448 2021 502 1735 793 758 537
is_linear=0
shrinkage=0.05


Tree=51
num_leaves=31
num_cat=0
split_feature=1 0 4 10 1 7 2 4 0 4 2 15 9 8 8 10 4 11 1 7 4 2 15 10 17 17 6 8 15 16
split_gain=118.076 119.441 37.4003 78.4027 46.7293 54.0327 56.4992 31.8952 18.091 17.3518 17.1907 15.0642 14.6272 17.494 14.5611 14.3711 14.3504 16.8553 15.0885 30.9453 15.4397 15.8642 13.5815 12.1029 11.9344 11.3254 10.7854 10.7482 10.1054 9.30502
threshold=6.5000000000000009 5.5000000000000009 1.0000000180025095e-35 1.0000000180025095e-35 1.0000000180025095e-35 1.0000000180025095e-35 3.5000000000000004 3.5000000000000004 6.5000000000000009 5.5000000000000009 3.5000000000000004 5.5000000000000009 1.0000000180025095e-35 1.0000000180025095e-35 1.0000000180025095e-35 1.5000000000000002 2.5000000000000004 5.5000000000000009 1.0000000180025095e-35 1.0000000180025095e-35 6.5000000000000009 2.5000000000000004 7.5000000000000009 1.5000000000000002 1.5000000000000002 16.500000000000004 1.0000000180025095e-35 1.0000000180025095e-35 12.500000000000002 1.5000000000000002
decision_type=2 2 2 2 2 2 2 2 2 2 2 2 2 2 2 2 2 2 2 2 2 2 2 2 2 2 2 2 2 2
left_child=2 7 -1 4 24 6 8 22 11 27 -3 14 25 -14 -6 -9 -5 18 23 20 -20 -22 -2 26 -4 -7 -18 -8 -24 -26
right_child=1 10 3 16 5 12 9 15 -10 -11 -12 -13 13 -15 -16 -17 17 -19 19 -21 21 -23 28 -25 29 -27 -28 -29 -30 -31
leaf_value=-0.0024022848246317194 0.010700336661284214 0.021564003561382897 0.014164259621833 -0.00501338449364532 0.016868280701665274 0.0019946442861659432 0.027156791763445976 0.031590317432359294 0.026087230383813883 0.041225722392335948 0.048115655685221387 0.004059921197384588 9.9833026469305851e-05 -0.017579734230492906 -0.0045520482159589707 0.0082331639069966392 0.011262430386962428 -0.023980177652872619 0.0038820206551466786 -0.0033812517065303855 0.0051439806431909096 0.027872181973866955 -0.012414030106852892 -0.0044589062633724986 0.012020535844580016 0.012584655576463696 -0.0092135652112019274 0.014613140517247906 0.0019722348742630207 -0.0011274115742748718
leaf_weight=15781.43063967675 241.96906299516559 82.149227540940046 141.04658816754818 3206.5449422299862 485.02561644092202 1470.6072176769376 288.05804295092821 146.28395545855165 122.66307704150677 108.13244380429387 236.35089253634214 1741.1995592601597 517.26338195055723 191.80582654103637 94.853679426014423 119.77727339789271 238.69070021063089 78.480954777449369 1620.2651752792299 1729.1263379901648 159.22938058152795 148.26673172041774 200.94696323946118 2626.2084283009171 139.67998966574669 304.79020339623094 88.028792127966881 419.4439627751708 310.9612318649888 3676.8088889271021
leaf_count=63907 1164 655 581 13075 2267 6493 1999 1529 765 1535 5414 7596 2317 909 425 884 975 352 7348 7504 788 1396 899 10707 580 1416 363 2346 1406 15032
internal_value=-3.91957e-05 0.0145385 -0.00059071 0.000868206 0.00406222 0.00694266 0.0111766 0.00619173 0.00737346 0.0225713 0.0412673 0.00638449 0.00138813 -0.00468255 0.0133645 0.0210752 -0.00226336 -0.000944926 -0.000671419 0.00147527 0.00583137 0.0161029 0.000938982 -0.00332986 -0.000118364 0.00381268 0.00574554 0.0197203 -0.00367502 -0.000646209
internal_weight=36716.1 1338.44 35377.7 19596.2 9701.38 5743.84 3259.38 1019.94 2443.74 815.634 318.5 2321.08 2484.47 709.069 579.879 266.061 9894.84 6688.3 6609.82 3656.89 1927.76 307.496 753.877 2952.93 3957.54 1775.4 326.719 707.502 511.908 3816.49
internal_count=162627 11951 150676 86769 44261 28068 16933 5882 11053 5880 6069 10288 11135 3226 2692 2413 42508 29433 29081 17036 9532 2184 3469 12045 16193 7909 1338 4345 2305 15612
is_linear=0
shrinkage=0.05


Tree=52
num_leaves=31
num_cat=0
split_feature=1 5 1 5 4 3 11 2 1 10 4 3 3 16 16 3 2 15 15 10 14 6 11 0 15 8 14 16 0 14
split_gain=124.987 72.7108 42.7342 74.6842 65.7857 45.5638 31.1514 25.1342 20.9779 18.0961 19.6353 17.5353 15.307 15.2211 15.4664 15.1811 15.1452 15.0948 13.5448 12.6695 11.8984 15.2167 12.5269 11.2178 11.0049 10.7633 11.0057 10.6703 9.84423 9.50168
threshold=7.5000000000000009 5.5000000000000009 1.0000000180025095e-35 2.5000000000000004 4.5000000000000009 3.5000000000000004 2.5000000000000004 1.0000000180025095e-35 1.5000000000000002 1.0000000180025095e-35 1.0000000180025095e-35 7.5000000000000009 1.0000000180025095e-35 4.5000000000000009 15.500000000000002 3.5000000000000004 1.0000000180025095e-35 6.5000000000000009 5.5000000000000009 4.5000000000000009 13.000000000000002 2.5000000000000004 6.5000000000000009 3.5000000000000004 3.5000000000000004 3.5000000000000004 55.000000000000007 19.500000000000004 5.5000000000000009 7.0000000000000009
decision_type=2 2 2 2 2 2 2 2 2 2 2 2 2 2 2 2 2 2 2 2 2 2 2 2 2 2 2 2 2 2
left_child=2 11 19 8 6 18 7 29 -4 10 27 17 -3 -10 -15 -12 -7 -2 -6 -1 24 22 -22 -16 -8 26 -21 -9 -18 -5
right_child=1 12 3 4 5 16 20 9 13 -11 15 -13 -14 14 23 -17 28 -19 -20 25 21 -23 -24 -25 -26 -27 -28 -29 -30 -31
leaf_value=-0.0020480207058497387 0.020279003958677183 -0.01125453476658499 0.0033724118184453853 -0.011651392299411116 0.022467792605226685 0.0047804669732073746 0.012257101708000904 0.0049702777600698477 0.0027435446018022518 0.00075753563266286171 0.013339866031474652 0.041766556211019011 0.04579652915542249 -0.0037222772538131063 -0.00060729108381408223 0.027854511312779967 0.029045729173761969 0.0022694701863237971 0.0049802735819770814 -0.012606562761198543 0.0035180661042145903 -0.010594929274749573 -0.03108516979621408 0.0085268506597912554 -0.010655310509543822 -0.055995911797853876 0.025714793782014678 0.027663321952324727 0.047430239530241121 0.0026293078144747403
leaf_weight=15841.307010300457 165.98449434712529 12.411262713372706 2415.2450028210878 132.93184497207403 148.90895506739616 43.671540275216103 59.854062736034393 645.55554986745119 1601.125431843102 384.68465756997466 534.92374840378761 40.418090794235468 223.09290958195925 7047.4490071870387 2093.9070868194103 271.62348007783294 185.55253805965185 389.07757261022925 431.84018899127841 291.24829266220331 1497.6299070119858 241.49393310397863 26.619514495134354 400.41212186217308 421.16335158795118 13.346041858196257 20.024055138230324 56.319134660065174 119.8433364033699 940.9928840175271
leaf_count=64184 1053 60 10043 551 917 217 287 2723 6846 1851 2756 584 4957 29190 8636 2118 2034 2002 2296 1194 6465 1073 119 1867 1820 56 82 240 2519 3891
internal_value=0.000101027 0.0192715 -0.000343116 0.00122023 0.00579343 0.0180453 0.00360846 0.00697163 -0.000852031 0.0104377 0.0129064 0.00997031 0.0427899 -0.00176769 -0.00252468 0.018228 0.0323218 0.007655 0.00946422 -0.00224839 -0.000832893 0.00106622 0.00291375 0.000859009 -0.00780427 -0.0120266 -0.0101414 0.00679119 0.0362602 0.000861624
internal_weight=36698.7 830.984 35867.7 19701.7 6143.61 929.817 5213.79 2967.03 13558.1 1893.11 1508.42 595.48 235.504 11142.9 9541.77 806.547 349.067 555.062 580.749 16165.9 2246.76 1765.74 1524.25 2494.32 481.017 324.618 311.272 701.875 305.396 1073.92
internal_count=162631 8656 153975 88459 31877 7983 23894 14130 56582 9688 7837 3639 5017 46539 39693 4874 4770 3055 3213 65516 9764 7657 6584 10503 2107 1332 1276 2963 4553 4442
is_linear=0
shrinkage=0.05


Tree=53
num_leaves=31
num_cat=0
split_feature=0 5 5 11 5 4 15 5 0 2 3 1 6 1 2 3 10 4 9 9 6 6 5 15 1 13 2 1 10 7
split_gain=108.864 77.6046 41.6669 52.7129 59.0689 44.8407 33.1088 25.7486 24.935 22.3422 20.3121 20.235 19.6952 19.0239 18.02 16.0827 15.3428 15.8061 14.6252 13.4651 12.9842 12.4084 11.5332 12.9613 11.2359 11.2076 11.0029 10.8455 9.57473 11.1991
threshold=7.5000000000000009 4.5000000000000009 1.0000000180025095e-35 1.5000000000000002 4.5000000000000009 4.5000000000000009 2.5000000000000004 1.5000000000000002 1.0000000180025095e-35 3.5000000000000004 2.5000000000000004 1.0000000180025095e-35 3.5000000000000004 2.5000000000000004 6.5000000000000009 4.5000000000000009 1.0000000180025095e-35 1.5000000000000002 1.5000000000000002 2.5000000000000004 1.0000000180025095e-35 3.5000000000000004 2.5000000000000004 17.500000000000004 2.5000000000000004 5.5000000000000009 1.0000000180025095e-35 2.5000000000000004 1.0000000180025095e-35 2.5000000000000004
decision_type=2 2 2 2 2 2 2 2 2 2 2 2 2 2 2 2 2 2 2 2 2 2 2 2 2 2 2 2 2 2
left_child=2 12 25 4 6 16 21 28 -9 20 -11 -7 26 -3 18 -16 17 -6 22 -12 -10 24 23 -5 -4 -1 -2 -28 -8 -30
right_child=1 13 3 14 5 11 7 8 9 10 19 -13 -14 -15 15 -17 -18 -19 -20 -21 -22 -23 -24 -25 -26 -27 27 -29 29 -31
leaf_value=-0.0017474343567407545 0.0015432481556394344 0.011935982323322037 0.0077481456205291885 -0.0077910336454978003 0.0063927863734187093 -0.001563262668373297 0.0068936746276666537 -0.0037681247878443161 0.0034292740376210985 0.0030556341182042747 0.026609753062778976 0.037613973514221757 -0.0035706979818011146 0.047165073156595558 0.005015164394949867 0.037508660987956827 -0.003955378475834906 0.021697079331201592 -0.0066712798316898372 0.0045360108574717794 -0.0029562184782794855 -0.032754920538131747 -7.1957699701765023e-05 0.0050131779119041665 0.019364749221413052 -0.006195620244058949 0.011160139220868549 0.033952542944178855 0.0030158339371947449 -0.013068050373073185
leaf_weight=14358.250101007521 92.578295230865479 46.703091219067574 558.25558527559042 1063.1248582676053 463.59369959682226 38.530627563595772 2200.1298641748726 3035.2915068492293 1687.3646588586271 447.20964723825455 216.95513293519616 227.9339933283627 228.49462957307696 213.51649430766702 187.87423311546445 47.76169353350997 191.07457817718387 265.2314791418612 1602.8382278941572 101.36606885865331 1507.1811755225062 15.704613111913202 4489.4848536737263 242.77725107222795 331.91736507043242 1571.021736651659 107.26396001130342 101.65642930567265 782.57037041708827 125.59789777547121
leaf_count=57962 403 344 2474 4320 2054 176 9335 12313 7400 2103 1698 3152 1084 5229 963 671 900 1732 6913 638 6340 77 19294 982 1842 6332 538 1006 3346 544
internal_value=0.000123806 0.0184805 -0.000281845 0.00124787 0.00328743 0.0138877 0.00214516 0.00132414 -0.000358387 0.00225508 0.00992701 0.031949 0.00750115 0.0408423 -0.00201053 0.0116014 0.00865598 0.0119623 -0.00244407 0.0195806 0.00041661 0.0113023 -0.00127495 -0.00541063 0.0120796 -0.00218614 0.0158921 0.0222505 0.00511076 0.000791464
internal_weight=36549.3 790.213 35759 19829.8 12195.9 1186.36 11009.5 10103.7 6995.37 3960.08 765.531 266.465 529.993 260.22 7633.86 235.636 919.9 728.825 7398.23 318.321 3194.55 905.878 5795.39 1305.9 890.173 15929.3 301.499 208.92 3108.3 908.168
internal_count=162165 8604 153561 89267 56124 8014 48110 43717 30492 18179 4439 3328 3031 5573 33143 1634 4686 3786 31509 2336 13740 4393 24596 5302 4316 64294 1947 1544 13225 3890
is_linear=0
shrinkage=0.05


Tree=54
num_leaves=31
num_cat=0
split_feature=1 0 2 8 3 9 17 4 7 1 0 6 3 16 8 16 1 2 7 16 17 2 2 4 11 17 9 4 10 17
split_gain=95.2739 78.0383 36.0508 40.4913 47.4886 38.7816 20.8956 18.7241 18.0701 36.4341 18.735 29.2003 23.0932 16.8972 15.9604 15.9576 15.3545 15.298 15.2745 14.6903 14.3571 13.441 12.9084 12.4707 11.5577 11.3565 11.9512 10.4902 10.3008 13.4476
threshold=7.5000000000000009 5.5000000000000009 4.5000000000000009 3.5000000000000004 3.5000000000000004 1.5000000000000002 1.0000000180025095e-35 7.5000000000000009 1.5000000000000002 1.0000000180025095e-35 1.0000000180025095e-35 1.0000000180025095e-35 3.5000000000000004 2.5000000000000004 1.5000000000000002 3.5000000000000004 1.0000000180025095e-35 2.5000000000000004 1.5000000000000002 21.500000000000004 12.500000000000002 2.5000000000000004 2.5000000000000004 1.5000000000000002 1.5000000000000002 11.500000000000002 1.5000000000000002 5.5000000000000009 1.5000000000000002 26.500000000000004
decision_type=2 2 2 2 2 2 2 2 2 2 2 2 2 2 2 2 2 2 2 2 2 2 2 2 2 2 2 2 2 2
left_child=2 7 6 4 19 23 13 15 9 28 -11 12 22 -1 21 -2 -7 -3 -18 25 -17 -14 -12 -6 -13 26 -4 -24 -8 -30
right_child=1 17 3 -5 5 16 8 -9 -10 10 11 24 14 -15 -16 20 18 -19 -20 -21 -22 -23 27 -25 -26 -27 -28 -29 29 -31
leaf_value=0.041739820232371674 0.027529244798191084 0.010428156361427653 0.0017459100439178813 -0.0040129175024014897 0.015490928908347199 -0.011021591229250671 -0.0012300444933634074 0.042595395524924855 -0.0032632402505320089 -0.00056868834537008607 0.0028022025495847108 0.0016997460090905484 0.013589161500529724 0.0069571043608209412 -0.0055938827100001599 -0.0043854583326496761 0.021074810490738415 0.047944098902834895 -0.010259775416090154 0.022759870635112922 0.013483074560762526 0.03073362887720494 0.0090472115997096061 0.036911954521908936 -0.0060223678820933019 0.0077316466958621795 -0.013605910741937148 0.031896512093583421 -0.0046681284304169483 0.048887128015272674
leaf_weight=38.082525670528412 70.967646639794111 31.758192360401154 971.4067554064095 1003.6977478340268 93.370734896510839 88.188440419733524 11451.291974335909 35.997448235750198 6475.6323578171432 4408.1908414065838 1937.2706569507718 2372.2548409812152 434.56583634763956 419.94632000103593 80.819929588586092 307.65754471346736 165.83796047791839 188.22138522006571 50.806964935734868 98.27449881657958 177.14268670231104 155.12961966916919 573.38827265053988 249.49827144853771 608.92884982004762 739.0621124394238 145.80318966507912 55.054934106767178 3118.112037293613 11.765700876712797
leaf_count=182 448 245 4404 4462 498 381 46276 574 27006 17890 8251 10371 2195 1794 415 1558 1541 4758 335 467 1074 1202 2608 3485 2721 3503 620 332 12630 48
internal_value=0.000162462 0.0171008 -0.000222182 0.00451836 0.0078089 0.0195424 -0.000754039 0.00764867 -0.000907327 -0.000302092 0.00192473 0.00369258 0.00698135 0.00984909 0.0152435 0.00538515 0.00656673 0.042528 0.0137263 0.00392065 0.00214358 0.0180993 0.00482215 0.0310785 0.000122447 0.00292326 -0.000257603 0.0110489 -0.00192482 -0.00446681
internal_weight=36558.1 811.745 35746.4 3605.95 2602.25 647.702 32140.4 591.765 31682.4 25206.8 10625.6 6217.41 3236.23 458.029 670.515 555.768 304.833 219.98 216.645 1954.55 484.8 589.695 2565.71 342.869 2981.18 1856.27 1117.21 628.443 14581.2 3129.88
internal_count=162274 8657 153617 19696 15234 6240 133921 3654 131945 104939 45985 28095 15003 1976 3812 3080 2257 5003 1876 8994 2632 3397 11191 3983 13092 8527 5024 2940 58954 12678
is_linear=0
shrinkage=0.05


Tree=55
num_leaves=31
num_cat=0
split_feature=2 1 1 5 15 4 5 8 2 1 11 7 7 1 3 5 5 4 2 8 9 17 8 8 4 17 8 15 9 3
split_gain=96.7098 61.593 46.7235 53.2327 24.0871 21.141 20.1599 19.8289 22.1372 17.2996 16.8543 15.7486 15.491 36.0663 31.0182 17.0017 15.0921 13.571 13.8454 12.3367 12.3086 13.9041 11.7269 11.7071 11.1835 10.6951 10.5543 10.3644 10.0697 13.3084
threshold=8.5000000000000018 4.5000000000000009 5.5000000000000009 6.5000000000000009 5.5000000000000009 1.0000000180025095e-35 2.5000000000000004 4.5000000000000009 3.5000000000000004 1.0000000180025095e-35 1.5000000000000002 3.5000000000000004 1.0000000180025095e-35 1.0000000180025095e-35 5.5000000000000009 1.5000000000000002 6.5000000000000009 4.5000000000000009 2.5000000000000004 2.5000000000000004 2.5000000000000004 16.500000000000004 1.5000000000000002 4.5000000000000009 4.5000000000000009 1.5000000000000002 1.5000000000000002 7.5000000000000009 1.0000000180025095e-35 1.5000000000000002
decision_type=2 2 2 2 2 2 2 2 2 2 2 2 2 2 2 2 2 2 2 2 2 2 2 2 2 2 2 2 2 2
left_child=2 16 4 7 6 -5 25 8 19 -8 24 22 13 -6 17 -16 -2 -15 26 28 -12 -22 -10 -20 -11 -1 -19 -13 29 -4
right_child=1 -3 3 5 12 -7 9 -9 11 10 20 27 -14 14 15 -17 -18 18 23 -21 21 -23 -24 -25 -26 -27 -28 -29 -30 -31
leaf_value=0.012482612696003502 0.0047026295528057489 0.043962508160427578 0.0023924731733952049 -0.015602070289705823 -0.0022596872228310924 0.038238003508133049 0.00038484085511852634 -0.032614525849424238 0.029288279290278843 0.012763060158528001 0.0071777393181553717 0.020366654630410142 -0.003444765893479973 0.00047368246340210663 0.0035906326039977024 0.022209790483393822 0.046089992022493781 0.0044326678837706161 0.019269448473746481 -0.014941379409674155 -0.021648089834805779 0.027165510513097825 0.0091767048013283812 -0.032451159680420845 0.030673215796008169 -0.00031537790540722103 -0.027636566920156227 -0.013574446740952898 -0.0030710337882701409 0.014502316183424841
leaf_weight=169.53034372627735 282.39972485974431 193.55502591468394 735.86735331267118 20.477603152394295 13127.953051738441 166.32601884193718 787.67967472970486 35.481921512633562 181.43170937895775 474.93882783874869 547.87526703625917 34.555334057658911 6791.7582971826196 6132.8569722808897 216.29309499263763 283.05855036899447 23.890360275283456 436.83797821030021 247.39415210485458 96.029587548226118 76.597203202545643 18.020236697047949 120.70246545784175 11.447436317801474 106.75075095705688 4403.9524792730808 27.257098451256752 64.430762402713299 413.20547387376428 328.0035838522017
leaf_count=740 1474 4485 3080 100 53046 2930 3289 162 1924 2393 2623 212 28132 25722 953 2090 351 1964 1518 411 378 92 806 58 896 18428 115 340 1913 1725
internal_value=4.10883e-05 0.0218834 -0.000261706 0.00680509 -0.000720129 0.032336 0.00199387 0.00443198 0.0050978 0.00616496 0.00988408 0.015583 -0.00137541 -0.000689252 0.00211377 0.0141449 0.00793081 0.00123746 0.00771676 0.00242423 0.00430176 -0.0123514 0.0212537 0.0169821 0.0160499 0.000159019 0.00254919 -0.00172585 0.00355323 0.00612608
internal_weight=36556.6 499.845 36056.7 2196.51 33860.2 186.804 6585.34 2009.71 1974.23 2011.86 1224.18 401.12 27274.9 20483.1 7355.15 499.352 306.29 6855.79 722.937 1573.11 642.493 94.6174 302.134 258.842 581.69 4573.48 464.095 98.9861 1477.08 1063.87
internal_count=162350 6310 156040 13603 142437 3030 28839 10573 10411 9671 6382 3282 113598 85466 32420 3043 1825 29377 3655 7129 3093 470 2730 1576 3289 19168 2079 552 6718 4805
is_linear=0
shrinkage=0.05


Tree=56
num_leaves=31
num_cat=0
split_feature=0 5 3 2 2 8 0 6 5 2 4 11 9 1 0 6 0 11 4 6 2 7 8 16 4 2 1 6 3 6
split_gain=82.7591 57.9771 39.2351 43.4291 26.2926 51.1392 42.5207 42.7451 32.5968 29.3575 19.2249 17.7941 16.6786 17.644 15.5689 12.1411 11.79 11.4892 11.4321 11.3549 11.2751 12.7077 11.0769 10.7056 10.663 11.6707 10.535 10.4658 10.4553 10.4531
threshold=8.5000000000000018 4.5000000000000009 6.5000000000000009 6.5000000000000009 1.0000000180025095e-35 1.0000000180025095e-35 1.0000000180025095e-35 1.0000000180025095e-35 4.5000000000000009 1.5000000000000002 2.5000000000000004 5.5000000000000009 3.5000000000000004 4.5000000000000009 4.5000000000000009 3.5000000000000004 5.5000000000000009 2.5000000000000004 2.5000000000000004 4.5000000000000009 2.5000000000000004 4.5000000000000009 3.5000000000000004 18.500000000000004 1.0000000180025095e-35 3.5000000000000004 7.5000000000000009 4.5000000000000009 1.0000000180025095e-35 6.5000000000000009
decision_type=2 2 2 2 2 2 2 2 2 2 2 2 2 2 2 2 2 2 2 2 2 2 2 2 2 2 2 2 2 2
left_child=2 24 4 12 -1 6 9 8 10 -6 -8 20 13 19 28 -15 -9 -10 -5 -4 23 22 26 -7 -2 -26 -22 -24 -12 -18
right_child=1 -3 3 18 5 11 7 16 17 -11 14 -13 -14 15 -16 -17 29 -19 -20 -21 21 -23 27 -25 25 -27 -28 -29 -30 -31
leaf_value=-0.0021522583600736239 -0.0056336344716444988 0.043285761603147982 0.0069678143460265591 0.010194410594727929 0.006094043952086705 -0.0052025367001454206 0.0046622579064420251 -0.00033985799107392789 0.028819038397224168 -0.0034892617878112459 0.0031266597556045815 -0.023072084322576732 -0.002865087865521386 0.028622269700478153 0.031849604049821227 -0.075913225931541983 0.0101215052588108 0.013121787090591988 0.045109101902160748 -0.053317279398884893 0.00049951842558192355 -0.016056009132249718 -0.0041091216376383547 0.003910782345632407 0.0062431190584302963 0.032752472587684607 0.020742214207052176 -0.042170408036502328 0.015341915068745085 -0.0467678004348836
leaf_weight=15623.71745172143 104.57835903018713 177.11672623828053 490.94534725323319 31.144568145275116 1115.781307503581 2813.94735455513 1713.8969513550401 2101.4055918268859 268.75171752460301 2816.1435011178255 261.59108880162239 98.549949016422033 384.04490347765386 131.62264165654778 104.38838265836239 2.8374850191175929 397.81965874508023 205.85700900480151 94.835261421278119 7.9372560270130625 5191.1718653123826 129.08864311128855 1097.0678473971784 363.92989359796047 140.45564403012395 58.941223174333572 65.080138470977545 18.363472249358892 530.27398049086332 8.2419139519333822
leaf_count=63206 452 4491 2599 228 4535 11464 7349 9114 2246 11479 1098 438 1800 1517 745 24 2184 1235 2202 43 22398 584 4714 1486 716 663 545 83 2806 37
internal_value=-5.42733e-05 0.0205467 -0.000329055 0.00878516 -0.000627434 0.000606855 0.00321449 0.00601584 0.00995704 -0.000769761 0.00776533 -0.00193329 0.00535611 0.0103413 0.0136993 0.0264163 0.00116727 0.0220105 0.0364775 0.00600867 -0.00171805 -0.000524866 -0.000210209 -0.00415888 0.00729729 0.0140792 0.000750153 -0.00473573 0.0113066 0.00896681
internal_weight=36549.5 481.092 36068.4 1143.37 34925.1 19301.4 9524.15 5592.23 3084.76 3931.92 2610.15 9777.2 1017.39 633.343 896.253 134.46 2507.47 474.609 125.98 498.883 9678.65 6500.77 6371.68 3177.88 303.975 199.397 5256.25 1115.43 791.865 406.062
internal_count=162481 6322 156159 8413 147746 84540 42828 26814 15479 16014 11998 41712 5983 4183 4649 1541 11335 3481 2430 2642 41274 28324 27740 12950 1831 1379 22943 4797 3904 2221
is_linear=0
shrinkage=0.05


Tree=57
num_leaves=31
num_cat=0
split_feature=5 4 3 4 17 4 2 8 2 9 17 0 6 5 16 17 16 16 5 2 0 2 2 9 6 8 6 3 5 11
split_gain=82.1763 62.8163 36.8804 41.2762 27.371 24.255 24.5532 28.733 20.5678 19.3634 19.3477 16.0308 20.4622 15.8202 15.7928 15.6808 15.4862 14.7909 14.4479 13.3427 15.0317 12.6058 12.3432 11.787 11.9283 11.8987 11.4667 10.3677 10.3245 11.8506
threshold=8.5000000000000018 3.5000000000000004 6.5000000000000009 6.5000000000000009 13.500000000000002 2.5000000000000004 1.0000000180025095e-35 1.0000000180025095e-35 8.5000000000000018 4.5000000000000009 1.5000000000000002 5.5000000000000009 3.5000000000000004 1.0000000180025095e-35 19.500000000000004 9.5000000000000018 4.5000000000000009 3.5000000000000004 3.5000000000000004 1.0000000180025095e-35 1.5000000000000002 6.5000000000000009 3.5000000000000004 1.5000000000000002 3.5000000000000004 1.0000000180025095e-35 2.5000000000000004 2.5000000000000004 1.0000000180025095e-35 3.5000000000000004
decision_type=2 2 2 2 2 2 2 2 2 2 2 2 2 2 2 2 2 2 2 2 2 2 2 2 2 2 2 2 2 2
left_child=2 21 4 9 10 -6 26 11 -9 19 17 12 -8 -5 16 -16 18 -1 -12 -4 -21 -2 -3 25 -25 -18 -7 -17 -22 -30
right_child=1 22 3 13 5 6 7 8 -10 -11 14 -13 -14 -15 15 27 23 -19 -20 20 28 -23 -24 24 -26 -27 -28 -29 29 -31
leaf_value=0.02027140794797154 0.0013336570805106461 0.022142305205136926 -0.00067804277412243273 -0.014601121594186518 -5.6214130165212424e-05 0.001816487070975094 0.013564514313096954 0.00050792421714948674 0.038186538249609457 -0.0055249661515832833 -0.00051259952991556366 0.033190033983156009 -0.061378429258114854 0.042088303739288402 -0.00091945979940562218 0.0044269822331394152 -0.0012902514721069027 0.0027103154130207188 0.0085522540557629052 0.0034971555145954683 0.0032925017936839664 0.044179251117338697 0.04797639026053508 -0.0047859328542729567 -0.020463928270586355 -0.0044380620696687139 -0.012264395538381288 0.017535654903422897 0.027982505511636641 -0.047099306496323656
leaf_weight=135.73616721853614 255.34013991802931 66.34511037170887 215.99979785829782 13.856642484664915 6745.8271341137588 998.6743318811059 822.88248857483268 777.23761754669249 37.989477651193738 298.15011117607355 2779.9300130829215 108.24482905492187 9.2100906483829004 110.03460823372006 1316.5570435598493 525.67649398371577 10770.864914640784 1027.9544326253235 522.12197889946401 195.51563855260611 62.163131348788738 18.404474731534719 152.54798090457916 3584.4596890583634 125.57198633253574 4162.1901393216103 169.05905257165432 211.53341945819557 226.40999977663159 5.3803488984704009
leaf_count=659 1248 515 918 68 27852 4078 4108 3604 354 1370 11609 1077 43 2416 5524 2178 44706 4388 2668 928 285 196 4379 14872 537 17458 696 1015 2345 40
internal_value=-0.000102782 0.0201799 -0.000380652 0.00851935 -0.000668747 0.00159231 0.00539647 0.00913371 0.00226374 0.00515814 -0.00153759 0.0150896 0.012735 0.0357479 -0.0018429 0.00234984 -0.00223528 0.00475869 0.000920739 0.0096731 0.014241 0.00421426 0.0401462 -0.00279427 -0.00531658 -0.00216762 -0.000222078 0.00818836 0.021387 0.0262397
internal_weight=36451.9 492.638 35959.2 1127.51 34831.7 9669.13 2923.3 1755.56 815.227 1003.62 25162.6 940.337 832.093 123.891 23998.9 2053.77 21945.1 1163.69 3302.05 705.469 489.469 273.745 218.893 18643.1 3710.03 14933.1 1167.73 737.21 293.953 231.79
internal_count=162134 6338 155796 8370 147426 41812 13960 9186 3958 5886 105614 5228 4151 2484 100567 8717 91850 5047 14277 4516 3598 1444 4894 77573 15409 62164 4774 3193 2670 2385
is_linear=0
shrinkage=0.05


Tree=58
num_leaves=31
num_cat=0
split_feature=5 2 4 15 2 4 8 2 5 11 11 11 5 1 10 1 8 2 5 10 16 17 14 1 8 4 10 11 3 17
split_gain=74.4865 85.8728 39.1589 31.3037 32.5057 21.6029 15.7749 23.4771 20.7635 23.4329 17.6857 14.7843 14.652 14.215 14.076 13.8137 14.4465 15.98 14.8889 12.1488 11.6202 11.5423 11.9881 11.2202 10.8265 11.4582 24.8764 10.5643 10.5293 10.9804
threshold=6.5000000000000009 3.5000000000000004 3.5000000000000004 5.5000000000000009 3.5000000000000004 6.5000000000000009 1.5000000000000002 2.5000000000000004 3.5000000000000004 1.0000000180025095e-35 3.5000000000000004 1.5000000000000002 1.0000000180025095e-35 5.5000000000000009 1.0000000180025095e-35 2.5000000000000004 1.0000000180025095e-35 1.0000000180025095e-35 2.5000000000000004 1.0000000180025095e-35 1.0000000180025095e-35 9.5000000000000018 41.000000000000007 5.5000000000000009 2.5000000000000004 1.0000000180025095e-35 1.0000000180025095e-35 2.5000000000000004 4.5000000000000009 2.5000000000000004
decision_type=2 2 2 2 2 2 2 2 2 2 2 2 2 2 2 2 2 2 2 2 2 2 2 2 2 2 2 2 2 2
left_child=3 24 23 4 15 13 7 -5 11 -10 -8 12 -9 14 -6 -1 17 18 19 -17 -14 22 -22 -3 25 -2 -27 28 29 -19
right_child=1 2 -4 6 5 -7 10 8 9 -11 -12 -13 20 -15 -16 16 -18 27 -20 -21 21 -23 -24 -25 -26 26 -28 -29 -30 -31
leaf_value=-0.00055891828575569313 -0.0036679141041321855 0.0064173400037532205 0.043554928024800599 -0.0010907067968022211 0.0096809307767452644 0.034347806591055963 -0.002847107319396816 -0.00027571953782183005 0.024312231755656319 0.0034551515957297629 -0.020185344688976113 -0.0076415406381422357 0.043735826207539893 0.024876423078882985 -0.0033385389013497963 0.0025489015135464459 -0.0049084739555502388 0.038162069519738266 0.013134278138045125 -0.013518193154369931 -0.0033921920931026927 0.011765668071976439 0.013779169963342181 0.040382049949271095 -0.019806196938396088 0.01881483282132455 -0.0037658435590644623 -0.005622907808446838 0.030916752533198158 0.0099221162075724331
leaf_weight=3928.4170388951898 284.82373702526093 140.33991912379861 244.72663868963718 18876.426583871245 826.04789846949279 84.143714873120189 5906.8940825741738 1405.7844090983272 233.87375111319125 317.4667557310313 150.83493302389979 368.56682400777936 21.642969962209463 115.06726483441889 277.29192470386624 422.38708399236202 315.42849586904049 37.438676998019218 228.01150385290384 163.07440415024757 370.5724149979651 548.06632890552282 140.06095300614834 29.411444028839469 49.432063654065132 278.27453051134944 217.14741770923138 68.249323848634958 89.615856822580099 427.13250060379505
leaf_count=16286 1185 838 6463 77120 4002 995 25046 5726 2270 1697 635 1541 122 954 1341 1734 1369 194 973 673 1701 2733 651 406 215 1658 1144 337 580 2010
internal_value=0.000145974 0.0121701 0.0307552 -0.00027755 0.00272123 0.00984513 -0.00101637 -0.000401301 0.00341942 0.0123025 -0.00327882 0.00170379 0.00308923 0.00815296 0.00640887 0.00108749 0.00478052 0.00690892 0.002295 -0.00192643 0.00746783 0.0067264 0.00131772 0.0123021 0.00288567 0.0043233 0.00891754 0.0129389 0.0152249 0.0121979
internal_weight=36566.7 1244.16 414.478 35322.5 6982.31 1302.55 28340.2 22282.5 3406.03 551.341 6057.73 2854.69 2486.13 1218.41 1103.34 5679.75 1751.34 1435.91 813.473 585.461 1080.34 1058.7 510.633 169.751 829.678 780.246 495.422 622.436 554.187 464.571
internal_count=162599 11909 7707 150690 31448 7292 119242 93561 16441 3967 25681 12474 10933 6297 5343 24156 7870 6501 3380 2407 5207 5085 2352 1244 4202 3987 2802 3121 2784 2204
is_linear=0
shrinkage=0.05


Tree=59
num_leaves=31
num_cat=0
split_feature=2 4 16 17 16 1 10 3 5 4 0 3 4 2 7 5 6 5 2 1 7 4 10 1 3 15 15 17 1 17
split_gain=76.3637 61.0082 27.0105 22.2757 22.2608 20.1003 18.4061 18.2779 17.457 15.6208 15.2208 16.502 14.5798 17.6808 16.0872 14.1679 13.3462 13.162 10.4883 10.4137 17.9221 13.3109 10.2655 11.0124 10.1051 9.97739 12.3876 9.83108 9.52116 9.28988
threshold=7.5000000000000009 4.5000000000000009 3.5000000000000004 1.5000000000000002 14.500000000000002 9.5000000000000018 4.5000000000000009 5.5000000000000009 2.5000000000000004 1.0000000180025095e-35 3.5000000000000004 8.5000000000000018 6.5000000000000009 1.5000000000000002 1.0000000180025095e-35 2.5000000000000004 5.5000000000000009 3.5000000000000004 1.0000000180025095e-35 1.0000000180025095e-35 1.0000000180025095e-35 2.5000000000000004 1.5000000000000002 2.5000000000000004 6.5000000000000009 20.500000000000004 4.5000000000000009 3.5000000000000004 1.0000000180025095e-35 15.500000000000002
decision_type=2 2 2 2 2 2 2 2 2 2 2 2 2 2 2 2 2 2 2 2 2 2 2 2 2 2 2 2 2 2
left_child=2 15 3 -1 6 8 12 -3 22 -10 25 16 27 14 -14 -2 18 -15 -12 -20 -21 -22 -5 24 -24 26 -6 -4 -17 -29
right_child=1 7 4 5 10 -7 -8 -9 9 -11 11 -13 13 17 -16 28 -18 -19 19 20 21 -23 23 -25 -26 -27 -28 29 -30 -31
leaf_value=0.022677790344401132 -0.00040650319729709637 0.021333795284094265 0.0013333090890022886 0.0017526184001441679 0.0043142714722872256 0.046197960452985583 -0.011703354786887915 0.049354315262940471 -0.00018511122882171598 0.012585946184165503 0.00046666035528004956 0.036566268588324839 0.005028539261446037 0.0073651612708839345 -0.026416555663590153 -0.0014850899019494405 -0.012730536685778462 0.030997926656839005 0.0013237619594091764 0.020218059594060308 -0.0061873706756485286 0.017671249358432593 -0.010331614046783131 0.0048758710794131015 -0.077457495949023819 0.0062122134549728245 -0.0012659256031791696 -0.0027581772355931636 0.023124122014876236 -0.00010859714748216325
leaf_weight=146.99654880166054 326.31053565815091 106.39215067960322 2213.9209290221334 1834.8126295655966 1185.6739710494876 26.464562939479947 463.71408275142312 128.48016657494009 379.4776215031743 648.81082074157894 542.47465671598911 41.701061418280005 143.30326182767749 161.85047271102667 56.793748699128628 53.780102297663689 102.60227101296186 92.636723985895514 279.82702551037073 354.52678857184947 156.3859666697681 93.358609758317471 328.52371611446142 148.77525762096047 5.7039486467838278 625.3428607583046 6169.9987912029028 15238.488331345841 146.01503364369273 4225.5962859448045
leaf_count=731 1480 1283 9285 7664 5093 274 2007 4285 1566 3653 2245 741 647 865 256 230 459 1504 1177 2483 745 771 1353 665 26 2601 25517 63256 1315 18021
internal_value=-0.000199494 0.0154732 -0.000533874 0.00362458 -0.000989139 0.00279413 -0.00184458 0.0366616 0.00245085 0.00787294 0.00103451 0.00553337 -0.00163802 0.00722399 -0.00389656 0.00601392 0.00468709 0.0159678 0.0059398 0.00929808 0.0129908 0.00273137 4.53623e-05 -0.0064401 -0.0114772 0.000149019 -0.000366444 -0.00182385 0.0164999 -0.00218296
internal_weight=36428.7 760.978 35667.8 3519.57 32148.2 3372.57 22596.3 234.872 3346.1 1028.29 9551.89 1570.88 22132.6 454.584 200.097 526.106 1529.18 254.487 1426.57 884.098 604.271 249.745 2317.82 483.003 334.228 7981.02 7355.67 21678 199.795 19464.1
internal_count=162198 8593 153605 15932 137673 15201 95841 5568 14927 5219 41832 8621 93834 3272 903 3025 7880 2369 7421 5176 3999 1516 9708 2044 1379 33211 30610 90562 1545 81277
is_linear=0
shrinkage=0.05


Tree=60
num_leaves=31
num_cat=0
split_feature=0 5 1 7 5 1 2 17 2 3 0 1 8 1 2 11 1 15 16 1 3 17 4 2 4 17 8 17 11 17
split_gain=66.6596 59.542 29.5173 58.2192 48.892 30.6406 23.5937 21.7186 21.1374 18.4695 17.6304 16.3944 15.1098 16.2119 21.0739 14.759 14.6357 14.4286 13.8113 11.9471 10.8205 10.0193 9.73933 9.09828 10.436 8.97994 9.32979 8.92807 8.62733 8.60335
threshold=7.5000000000000009 4.5000000000000009 1.0000000180025095e-35 1.0000000180025095e-35 4.5000000000000009 4.5000000000000009 1.0000000180025095e-35 10.500000000000002 1.5000000000000002 1.0000000180025095e-35 1.0000000180025095e-35 2.5000000000000004 1.0000000180025095e-35 5.5000000000000009 3.5000000000000004 1.0000000180025095e-35 6.5000000000000009 5.5000000000000009 14.500000000000002 1.5000000000000002 2.5000000000000004 13.500000000000002 6.5000000000000009 1.0000000180025095e-35 3.5000000000000004 1.5000000000000002 5.5000000000000009 1.5000000000000002 1.0000000180025095e-35 13.500000000000002
decision_type=2 2 2 2 2 2 2 2 2 2 2 2 2 2 2 2 2 2 2 2 2 2 2 2 2 2 2 2 2 2
left_child=2 9 25 4 6 15 19 10 20 28 -8 -3 13 -5 23 22 21 -12 -9 -4 -7 -11 -6 -15 29 26 -1 -19 -2 -25
right_child=1 11 3 12 5 8 7 18 -10 16 17 -13 -14 14 -16 -17 -18 27 -20 -21 -22 -23 -24 24 -26 -27 -28 -29 -30 -31
leaf_value=0.0055365502012327712 -0.00079663316691950994 0.01035131109247874 0.0039618299403606201 -0.0016042381357182758 0.016003735297213013 -0.01807598894900455 -0.0034338965057994831 0.0056788425179769824 0.040230577246725643 0.0031602849045838984 0.012925649056952725 0.044236730311437655 -0.004883804446715519 -0.0014155222030423362 0.023569660836025127 0.0056860549068074862 0.046616822381969042 0.01767528855173827 0.014295606526574562 -0.0025729103050353788 0.031042202531944708 0.022354310008514018 0.046938067067682075 -0.0014805159937232013 0.022875746785605208 -0.0021877600817463757 -0.055933965738397429 0.00095271295661644012 -0.025944480575534796 0.01646764356548637
leaf_weight=476.16691726446152 148.22669295221567 45.303601585328579 958.74752849340439 6002.3980478476733 268.54087064787745 27.861404687166214 1087.7719199433923 1657.8795657623559 150.15746203623712 202.14337125234306 407.69309144094586 168.30427023023367 2809.4938483163714 617.25361355394125 133.08426830731332 721.4035695232451 29.29647327773273 85.675846181809902 646.33379830792546 2585.9477479308844 18.763875409960747 102.44788609258831 28.107275852933526 223.86392875760794 93.400246057659388 15444.118807725608 6.2538161575794211 1167.0211901441216 44.296749219298363 95.145148277282715
leaf_count=1942 622 364 3897 24975 1604 130 4442 7666 2517 1118 2152 5187 12312 2549 1410 3685 464 398 3134 10517 124 659 373 1012 633 62513 26 5279 187 440
internal_value=-6.79355e-05 0.0147855 -0.000375717 0.00091393 0.00364851 0.0130377 0.00232174 0.00451573 0.0310991 0.00575093 0.00151395 0.03705 -0.00177603 -0.00055746 0.00484628 0.00954657 0.0128627 0.00475544 0.00809585 -0.000805434 0.00169113 0.00961611 0.0189347 0.00242628 0.0081763 -0.00197793 0.00473968 0.00209642 -0.00658277 0.00387256
internal_weight=36453.1 740.019 35713.1 19786.5 9811.91 1214.83 8597.07 5052.38 196.783 526.411 2748.16 213.608 9974.64 7165.15 1162.75 1018.05 333.888 1660.39 2304.21 3544.7 46.6253 304.591 296.648 1029.66 412.409 15926.5 482.421 1252.7 192.523 319.009
internal_count=162331 8601 153730 89249 45918 8433 37485 23071 2771 3050 12271 5551 43331 31019 6044 5662 2241 7829 10800 14414 254 1777 1977 4634 2085 64481 1968 5677 809 1452
is_linear=0
shrinkage=0.05


Tree=61
num_leaves=31
num_cat=0
split_feature=3 0 3 9 1 0 7 6 9 0 2 4 2 3 3 17 11 6 2 10 17 4 10 5 2 17 17 17 4 10
split_gain=58.5617 70.0497 25.285 60.9226 37.603 40.1881 23.6657 20.3408 19.8685 17.2689 17.1466 15.3978 14.7911 14.2329 13.4713 13.1834 14.8904 12.3391 14.3425 12.297 11.8829 10.251 16.8154 10.5941 9.67945 13.6873 9.35292 8.99537 9.33821 12.9215
threshold=6.5000000000000009 5.5000000000000009 1.0000000180025095e-35 1.0000000180025095e-35 2.5000000000000004 5.5000000000000009 1.5000000000000002 4.5000000000000009 3.5000000000000004 1.0000000180025095e-35 1.0000000180025095e-35 1.0000000180025095e-35 2.5000000000000004 2.5000000000000004 1.5000000000000002 12.500000000000002 1.5000000000000002 1.0000000180025095e-35 4.5000000000000009 3.5000000000000004 16.500000000000004 1.0000000180025095e-35 1.0000000180025095e-35 5.5000000000000009 1.5000000000000002 4.5000000000000009 20.500000000000004 13.500000000000002 7.5000000000000009 5.5000000000000009
decision_type=2 2 2 2 2 2 2 2 2 2 2 2 2 2 2 2 2 2 2 2 2 2 2 2 2 2 2 2 2 2
left_child=2 8 -1 4 10 6 9 -3 11 -6 14 -2 -13 24 -4 19 -17 18 -11 -5 -9 26 23 -23 25 -7 -12 28 -8 -30
right_child=1 7 3 15 5 13 27 20 -10 17 21 12 -14 -15 -16 16 -18 -19 -20 -21 -22 22 -24 -25 -26 -27 -28 -29 29 -31
leaf_value=-0.0019860855302815199 -0.0018400234379273518 0.039551168255865403 0.0040747771992911633 -0.003089262256536419 0.0028153606335672679 0.056861315997580014 -0.0015091400958257093 -0.031600455394295769 -0.0043492437444347621 0.014752368077379062 -0.00058970052582593593 0.0064209099965528418 0.025016991980256215 0.033464025640124483 -0.0038118402338968311 0.0023736323472474305 -0.0062303727338349187 0.0068166875167502434 0.033328048238243313 -0.015555475043118206 0.054307424636332424 0.0080878498637823402 0.00095197548953433102 0.024304189695579358 0.02166814364330974 -0.016429068636168883 0.017029797066781455 0.0077274671261426779 0.052001320497428533 -0.036682959287951844
leaf_weight=16114.34376174584 183.73322213441133 216.66290821135044 738.29580204188824 6109.25989212282 461.21646650880575 7.5088617950677863 1048.8333997093141 16.705014644190673 375.00608842074871 458.38659841939807 1471.5386803299189 219.87734498083591 208.16155803203583 186.26417435705662 2030.9329996407032 2354.0893155857921 639.4489612095058 323.0038479603827 134.37750267982483 204.43936600722373 5.3031387850642195 1123.2261820845306 1058.4722754172981 110.63634798303246 101.00755133479834 42.015749551355839 79.381277799606323 431.46774626709521 17.283236589282755 5.3877284862101069
leaf_count=65217 784 5769 3000 25590 1932 38 4700 184 1747 2461 6025 1120 2307 2673 8245 10100 2791 1618 1255 889 73 5096 4692 672 800 208 327 2091 136 30
internal_value=-0.000153259 0.0105918 -0.000526797 0.000702034 0.00344726 0.00788125 0.00597008 0.034899 0.00471263 0.0107054 0.00129028 0.0102674 0.0154645 0.0242238 -0.00170921 -0.00219716 0.000535733 0.0146791 0.0189634 -0.00349292 -0.0108999 0.00345154 0.00557556 0.00954192 0.0127902 -0.00531687 0.000312124 0.00163172 -0.000822883 0.0309256
internal_weight=36476.3 1225.45 35250.8 19136.5 9829.24 3216.75 2879.96 238.671 986.778 1376.98 6612.48 611.772 428.039 336.796 2769.23 9307.24 2993.54 915.768 592.764 6313.7 22.0082 3843.25 2292.33 1233.86 150.532 49.5246 1550.92 1502.97 1071.5 22.671
internal_count=162570 11984 150586 85369 45999 17942 14223 6026 5958 7266 28057 4211 3427 3719 11245 39370 12891 5334 3716 26479 257 16812 10460 5768 1046 246 6352 6957 4866 166
is_linear=0
shrinkage=0.05


Tree=62
num_leaves=31
num_cat=0
split_feature=0 1 3 9 2 1 8 3 17 7 6 7 8 16 17 3 2 4 3 6 17 4 16 1 17 11 3 0 10 1
split_gain=54.5782 57.2173 23.5541 44.0477 37.9231 40.0214 21.6959 18.8465 17.2216 16.4179 15.9108 15.5905 14.8199 14.6745 14.0278 12.9849 11.885 11.5351 11.4268 11.1774 10.5881 26.3752 11.3573 10.4461 10.5393 9.45724 9.21274 9.66684 9.06854 8.85327
threshold=7.5000000000000009 6.5000000000000009 1.0000000180025095e-35 1.5000000000000002 2.5000000000000004 5.5000000000000009 1.5000000000000002 3.5000000000000004 1.0000000180025095e-35 4.5000000000000009 3.5000000000000004 1.0000000180025095e-35 3.5000000000000004 15.500000000000002 11.500000000000002 7.5000000000000009 7.5000000000000009 1.5000000000000002 4.5000000000000009 3.5000000000000004 9.5000000000000018 1.0000000180025095e-35 4.5000000000000009 4.5000000000000009 15.500000000000002 1.5000000000000002 2.5000000000000004 1.0000000180025095e-35 1.0000000180025095e-35 7.5000000000000009
decision_type=2 2 2 2 2 2 2 2 2 2 2 2 2 2 2 2 2 2 2 2 2 2 2 2 2 2 2 2 2 2
left_child=2 10 -1 4 8 6 7 11 28 17 18 14 13 15 -6 19 -15 -7 -2 25 22 29 -10 24 -17 -5 -23 -28 -4 -22
right_child=1 -3 3 12 5 9 -8 -9 20 -11 -12 -13 -14 16 -16 23 -18 -19 -20 -21 21 26 -24 -25 -26 -27 27 -29 -30 -31
leaf_value=-0.0018112424287415542 0.0086586428350235081 0.042952746731448881 0.028112587261716667 -0.0020802633593851876 0.0042617598722500096 0.011729113995485776 0.0013860862896615089 0.019088881518680899 0.0050590731973886149 -0.0032185456177952244 -0.0028136258974854104 -0.0037394761910017824 -0.014068885968666603 0.0019089008569990445 0.016481566097938324 0.0078491737941532233 0.040352702313038724 0.031780387903538328 0.030043901096573102 -0.016972476960782128 -0.0029546605730180996 0.0032139468154373449 -0.0025641673802350748 0.025800891297937112 -0.015470364867448317 -0.007242305192585465 0.0029848643363615279 0.013774752987264997 -0.0012122567899543104 0.028995832432757634
leaf_weight=15930.948069185019 261.19323733262718 134.09215138666332 86.388817772269249 4116.9117557443678 561.38871265947819 102.24900162965059 1931.3494968675077 372.9098325651139 572.12132626771927 56.853102892637253 249.78345406800508 296.22498916834593 254.57451770454645 1608.7588798012584 403.77159570157528 211.65495683066547 20.358645301312208 240.27779505588114 82.099037045612931 151.41041208431125 1701.8834971934557 1535.085588157177 3346.0393014959991 58.38601104170084 62.836530452594161 1131.0456529557705 336.76943551003933 541.13394439965487 37.942908007651567 21.961232677102089
leaf_count=64426 1538 4368 382 17286 2599 534 8792 2670 2464 360 1260 1372 1143 6975 1953 1037 247 3438 1499 641 6906 6519 13904 667 333 4809 1384 2670 168 93
internal_value=-0.000104423 0.0134563 -0.000380707 0.000772606 0.00264204 0.00665505 0.00497386 0.00921376 0.000696682 0.0216647 0.00678726 0.00629432 -0.00220838 -0.00179822 0.00937388 -0.00298833 0.00238932 0.0257948 0.013773 -0.00357921 0.000411642 0.00217586 -0.00145104 0.00659589 0.00251087 -0.00319279 0.00555033 0.00963568 0.0191634 -0.00254762
internal_weight=36418.4 727.168 35691.2 19760.3 12144.4 3965.02 3565.64 1634.3 8179.33 399.38 593.076 1261.39 7615.94 7361.36 965.16 5732.25 1629.12 342.527 343.292 5399.37 8054.99 4136.83 3918.16 332.877 274.491 5247.96 2412.99 877.903 124.332 1723.84
internal_count=162437 8665 153772 89346 56208 21718 17386 8594 34490 4332 4297 5924 33138 31995 4552 24773 7222 3972 3037 22736 33940 17572 16368 2037 1370 22095 10573 4054 550 6999
is_linear=0
shrinkage=0.05


Tree=63
num_leaves=31
num_cat=0
split_feature=4 5 10 4 5 3 4 16 1 7 17 17 16 10 4 3 5 15 3 14 2 3 6 7 1 4 16 11 15 14
split_gain=62.6121 44.7804 27.4624 56.4591 51.5862 30.4389 27.2447 19.8271 17.5856 17.4418 13.7404 12.3504 11.7946 11.231 26.5585 12.0269 11.3893 11.7193 10.9137 10.8308 10.0149 9.83767 9.40553 9.27752 12.0356 9.34919 9.18938 8.89009 12.9597 8.17491
threshold=8.5000000000000018 4.5000000000000009 1.0000000180025095e-35 1.0000000180025095e-35 6.5000000000000009 4.5000000000000009 3.5000000000000004 2.5000000000000004 1.0000000180025095e-35 1.5000000000000002 10.500000000000002 18.500000000000004 20.500000000000004 4.5000000000000009 4.5000000000000009 3.5000000000000004 1.5000000000000002 1.5000000000000002 2.5000000000000004 39.000000000000007 3.5000000000000004 1.0000000180025095e-35 1.5000000000000002 4.5000000000000009 3.5000000000000004 4.5000000000000009 3.5000000000000004 1.0000000180025095e-35 5.5000000000000009 51.000000000000007
decision_type=2 2 2 2 2 2 2 2 2 2 2 2 2 2 2 2 2 2 2 2 2 2 2 2 2 2 2 2 2 2
left_child=2 -2 3 12 5 7 21 18 19 20 -4 -9 -1 14 27 22 17 -17 -5 26 -10 -6 -16 24 25 -11 -7 -12 -29 -30
right_child=1 -3 10 4 6 8 -8 11 9 23 13 -13 -14 -15 15 16 -18 -19 -20 -21 -22 -23 -24 -25 -26 -27 -28 28 29 -31
leaf_value=-0.0014484802294303981 0.0073318651961292438 0.040363118256055423 -0.0040155489283917852 0.0066225930386793891 -0.003190965194501621 0.021598059036878323 0.037089431893340977 0.00050516615663736089 0.014797617031936581 -0.0021937945397678201 -3.4009645307927942e-05 0.0071131575635249387 0.004311820579781466 -0.01003265927176223 0.0082533637549626251 0.075226098950965312 0.030089720485677398 -0.00097990121836525452 0.022213036572270188 0.013907535063052529 0.029065273795800817 0.016925785386932408 -0.006066904852500255 -0.028402110878303018 0.016765360926793618 -0.058388584877073282 -0.0080101799725777797 0.005631235870611366 -0.0069371258928361892 -0.022975034306088674
leaf_weight=15151.652456410229 305.11696346849203 154.59623355977237 5566.4054678231478 414.15572895482183 84.187084749341011 29.745827078819275 155.33401969633996 6997.8190371822566 379.24241975136101 87.104086317121983 2296.601832492277 786.58393084257841 944.02350779622793 275.41511509940028 529.26762861013412 5.4441576637327662 107.06435682624578 68.815814688801765 153.98979333788157 117.71382504701614 182.02630285546184 218.52467065118253 146.37312200851738 21.072061298415065 121.70448907464743 8.0888777710497362 220.2144588008523 192.68288207054138 624.29039040952921 91.043664429336786
leaf_count=61393 1829 4514 23659 1830 361 131 2991 30059 2019 379 9546 3521 3839 1197 2363 30 1168 322 788 496 2034 1564 676 155 962 41 929 851 2612 379
internal_value=0.000104158 0.0184399 -0.000130139 0.000721243 0.00367642 0.00288779 0.0200664 0.001831 0.0104521 0.0146153 -0.00237161 0.00117288 -0.00111063 -0.000261672 0.000400897 0.00821953 0.0196534 0.00460692 0.0108482 0.00140234 0.0194248 0.0113311 0.00515097 0.0032716 0.00634877 -0.00696886 -0.00448673 -0.00168993 -0.00587816 -0.00897834
internal_weight=36436.3 459.713 35976.6 26073.2 9977.51 9519.46 458.046 8352.55 1166.91 799.238 9903.4 7784.4 16095.7 4337 4061.58 856.965 181.324 74.26 568.146 367.674 561.269 302.712 675.641 237.97 216.897 95.193 249.96 3204.62 908.017 715.334
internal_count=162638 6343 156295 113492 48260 43344 4916 36198 7146 5590 42803 33580 65232 19144 17947 4559 1520 352 2618 1556 4053 1925 3039 1537 1382 420 1060 13388 3842 2991
is_linear=0
shrinkage=0.05


Tree=64
num_leaves=31
num_cat=0
split_feature=0 5 5 3 4 11 2 16 2 16 8 1 0 17 5 15 8 5 2 14 16 11 11 16 17 16 3 5 3 16
split_gain=54.006 52.0151 28.1838 44.1394 45.3105 28.7196 23.9568 15.5387 18.7098 16.2078 15.8537 13.707 13.6701 16.5114 12.7263 12.3526 12.2748 14.3895 12.1822 12.0549 11.5065 11.4416 10.2153 10.1551 9.49048 10.9226 10.0973 9.40335 14.036 8.66737
threshold=8.5000000000000018 5.5000000000000009 1.0000000180025095e-35 4.5000000000000009 5.5000000000000009 1.5000000000000002 3.5000000000000004 4.5000000000000009 1.0000000180025095e-35 11.500000000000002 1.0000000180025095e-35 2.5000000000000004 3.5000000000000004 10.500000000000002 1.5000000000000002 10.500000000000002 1.5000000000000002 2.5000000000000004 3.5000000000000004 11.000000000000002 3.5000000000000004 5.5000000000000009 2.5000000000000004 24.500000000000004 18.500000000000004 2.5000000000000004 2.5000000000000004 4.5000000000000009 1.0000000180025095e-35 22.500000000000004
decision_type=2 2 2 2 2 2 2 2 2 2 2 2 2 2 2 2 2 2 2 2 2 2 2 2 2 2 2 2 2 2
left_child=2 24 -1 5 12 7 19 8 -4 14 11 -10 15 20 -9 -5 17 23 -12 -6 -14 -18 -19 -7 26 -26 -2 -11 -29 -30
right_child=1 -3 3 4 6 16 -8 9 10 27 18 -13 13 -15 -16 -17 21 22 -20 -21 -22 -23 -24 -25 25 -27 -28 28 29 -31
leaf_value=-0.0017022727701518543 -0.0035523414944738578 0.046291951455007557 -0.00032523908835270586 0.007393322836173194 -0.018562961867645587 -0.0063468413475040973 0.0409714670192831 0.0031363850955716229 0.010106184298280248 0.0024724207558471842 -0.0037118900316098751 0.026469603827375954 0.030743978359559776 0.022827893583102915 -0.0027122010541193523 -0.0015685508803474565 -0.0053054423404745891 0.0049211325674958471 0.013038613226024204 0.018894048290166401 -0.0023216595517458463 -0.026572276478497466 -0.0010448816361829543 0.035243241079764072 -0.069005457855589328 0.037076897697746608 0.015695886134791375 -0.0010311467100490195 0.020776495841252917 -0.011227551470007889
leaf_weight=16080.58433226496 172.76274431869388 115.48779537715018 624.56681902706623 760.26764773391187 26.479548651725054 1227.8688451573253 141.70653681084514 1306.3854390829802 326.50173985958099 4198.2919300775975 244.75693100690842 210.47782102413476 31.152131179347634 212.2547744885087 3229.430245693773 777.95413872972131 1436.2771474439651 923.26047217100859 195.04292419366539 113.76855338551104 169.28483489342034 66.157247480005026 3219.5205908901989 14.854859933257101 2.5963714793324462 37.086189413443208 112.50181538239121 163.46110876649618 227.44222044013441 23.324735801666975
leaf_count=64940 808 4052 2563 3692 200 4976 3558 5482 1459 18000 1033 1227 293 1889 13888 3531 6081 4018 1008 880 1180 289 13628 60 25 328 1091 690 1410 150
internal_value=6.7129e-05 0.0174694 -0.000146065 0.00111333 0.00773652 0.00027485 0.0264721 0.0018899 0.00643358 0.00109456 0.0107553 0.0165201 0.00502877 0.0131092 -0.00102772 0.00286086 -0.00224568 -0.00113083 0.00371664 0.011822 0.00281744 -0.00624189 0.000284705 -0.0058497 0.00722573 0.0301361 0.00403872 0.00318155 0.0103687 0.0177997
internal_weight=36391.5 440.435 35951.1 19870.5 2232.87 17637.6 281.955 10749.7 1601.35 9148.34 976.779 536.98 1950.91 412.692 4535.82 1538.22 6887.94 5385.5 439.8 140.248 200.437 1502.43 4142.78 1242.72 324.947 39.6826 285.265 4612.52 414.228 250.767
internal_count=162429 6304 156125 91185 15223 75962 4638 46910 7290 39620 4727 2686 10585 3362 19370 7223 29052 22682 2041 1080 1473 6370 17646 5036 2252 353 1899 20250 2250 1560
is_linear=0
shrinkage=0.05


Tree=65
num_leaves=31
num_cat=0
split_feature=1 3 4 1 7 3 4 5 11 11 5 0 15 6 1 9 14 6 5 0 6 4 0 6 9 3 0 1 11 8
split_gain=49.4688 53.2505 24.4383 22.1327 54.8425 37.9856 24.7444 16.5313 20.2015 18.9405 13.8343 14.9724 12.2368 12.0658 11.5716 11.4682 11.8595 11.0264 10.874 10.3062 14.8278 9.31892 8.55489 8.96678 8.54694 13.7168 15.3238 9.93856 9.80943 8.62639
threshold=7.5000000000000009 7.5000000000000009 7.5000000000000009 1.0000000180025095e-35 1.0000000180025095e-35 5.5000000000000009 5.5000000000000009 4.5000000000000009 2.5000000000000004 1.5000000000000002 1.0000000180025095e-35 6.5000000000000009 8.5000000000000018 3.5000000000000004 4.5000000000000009 3.5000000000000004 51.000000000000007 5.5000000000000009 2.5000000000000004 1.0000000180025095e-35 1.5000000000000002 3.5000000000000004 2.5000000000000004 1.5000000000000002 2.5000000000000004 2.5000000000000004 5.5000000000000009 1.5000000000000002 6.5000000000000009 3.5000000000000004
decision_type=2 2 2 2 2 2 2 2 2 2 2 2 2 2 2 2 2 2 2 2 2 2 2 2 2 2 2 2 2 2
left_child=3 2 12 -1 5 7 19 9 14 10 -5 15 -2 24 -9 21 -17 22 -11 -7 -21 -12 23 -10 25 28 27 -27 -6 -26
right_child=1 -3 -4 4 13 6 -8 8 17 18 11 -13 -14 -15 -16 16 -18 -19 -20 20 -22 -23 -24 -25 29 26 -28 -29 -30 -31
leaf_value=-0.0015096369658315243 0.01392272032169194 0.046853287718209846 0.043222212502841931 0.00095217924129638331 -0.0016500683862373717 0.00073324750097738525 0.034744838184691214 0.012681357297717378 -0.00032042763859851513 -0.010537143958459535 0.00364233996216349 0.021537493060206671 -0.00089817685042215293 -0.011376056356645401 0.034550660691989123 -0.033034513280579575 0.050747162894685116 -0.070864019081543411 -0.00053966411066648826 0.020430643302456308 0.00048563268154496017 0.010685510537612877 0.010934877804865599 -0.034524299645262282 -0.0044130098952645568 -0.013648489178550502 0.024530752654618095 0.003485112520647727 -0.038546483017622091 -0.026560018678258069
leaf_weight=16091.776780690998 228.70359821617603 100.27809484675527 44.780904050916433 3783.7381322160363 6550.7448198720813 194.35677101835608 124.00091076642275 448.39490976557136 307.74112687632442 396.98994746059179 2324.2815021313727 138.3515751902014 356.15358863770962 311.89212595298886 69.918958017602563 33.486799623817205 4.8335180133581153 5.1845505535602561 863.78168511763215 314.68862897157669 132.38816870935261 588.57129435241222 187.62734454497695 20.43363730609417 1206.2125106435269 90.61702036857605 82.58377843350172 1282.8018559552729 18.063903369009495 45.631554933264852
leaf_count=65206 1657 3663 1196 15392 27012 829 2494 2633 1369 1633 10066 885 2115 1382 821 146 21 30 3678 2286 877 3091 1136 89 5231 383 823 5955 79 206
internal_value=0.000127394 0.0130127 0.00762314 -0.000136655 0.000994771 0.00359743 0.0142984 0.00270453 0.00864256 0.00194581 0.00297917 0.00546162 0.00489741 -0.00170295 0.0156315 0.00470798 -0.0224667 0.00168952 -0.00368766 0.0103457 0.0145245 0.00506548 0.00241879 -0.00245011 -0.00137773 -0.0007783 0.00361247 0.00235465 -0.00175153 -0.0052203
internal_weight=36349 729.916 629.638 35619.1 19527.3 9938.77 765.434 9173.33 1039.3 8134.03 6873.26 3089.52 584.857 9588.55 518.314 2951.17 38.3203 520.987 1260.77 641.434 447.077 2912.85 515.802 328.175 9276.66 8024.81 1456 1373.42 6568.81 1251.84
internal_count=162384 8631 4968 153753 88547 47476 6486 40990 6078 34912 29601 14209 3772 41071 3454 13324 167 2624 5311 3992 3163 13157 2594 1458 39689 34252 7161 6338 27091 5437
is_linear=0
shrinkage=0.05


Tree=66
num_leaves=31
num_cat=0
split_feature=2 5 3 16 10 4 3 4 5 3 2 8 8 9 0 16 7 13 4 16 17 4 2 10 2 4 17 9 8 14
split_gain=48.2729 50.1927 18.8852 18.1456 16.1811 40.4163 26.4257 22.9768 19.5266 19.0628 19.1377 18.2505 12.9272 12.0107 10.6688 10.5316 11.5427 9.81147 10.7016 12.2973 11.9613 9.67497 10.1831 9.48893 9.5834 17.2831 9.27495 8.90735 8.43038 10.1367
threshold=7.5000000000000009 5.5000000000000009 2.5000000000000004 2.5000000000000004 1.0000000180025095e-35 5.5000000000000009 3.5000000000000004 1.0000000180025095e-35 1.0000000180025095e-35 3.5000000000000004 1.0000000180025095e-35 1.0000000180025095e-35 3.5000000000000004 1.0000000180025095e-35 7.5000000000000009 17.500000000000004 3.5000000000000004 5.5000000000000009 1.5000000000000002 19.500000000000004 8.5000000000000018 3.5000000000000004 4.5000000000000009 5.5000000000000009 5.5000000000000009 6.5000000000000009 23.500000000000004 1.5000000000000002 1.5000000000000002 53.000000000000007
decision_type=2 2 2 2 2 2 2 2 2 2 2 2 2 2 2 2 2 2 2 2 2 2 2 2 2 2 2 2 2 2
left_child=3 14 -3 21 5 7 -7 -5 -9 15 -11 -12 17 -13 -2 16 27 18 19 -6 -21 -1 28 24 -20 26 -26 -10 -23 -30
right_child=1 2 -4 4 12 6 -8 8 9 10 11 13 -14 -15 -16 -17 -18 -19 23 20 -22 22 -24 -25 25 -27 -28 -29 29 -31
leaf_value=0.0028404851826738672 0.0046190041595239309 0.0030287740555913299 0.047223149301991445 -0.0010418978836338091 -0.010022594354080608 0.0072604725315106563 0.034141890895150635 -0.00065004659175641551 0.0029971326190524747 0.00017783495111539183 0.020762900897224795 0.019597039532261065 -0.013174669631290513 -0.0034492378816275032 0.036459181123629579 0.0082966863727768816 -0.014907565019111028 -0.0067450338498219577 -0.00065251266667446981 -0.01328488920239293 0.036301926649513976 0.011402790210704504 0.031382445349061809 -0.0092591055231664166 0.0059488325608965734 0.043390582854431821 -0.061963912980743413 -0.0048483107092905436 -0.018596457677010594 0.05400421393383853
leaf_weight=1752.649080272764 527.58310371637344 30.083122983574867 123.03914333693683 15011.563359685242 525.54706304520369 290.69109432026744 133.37049712240696 3559.0562162101269 2859.0819226223975 326.39898816496134 458.60113365016878 84.120662432163954 253.14490941539407 172.38872697018087 27.689896216616035 681.57934646308422 104.10144976899028 878.58400690928102 7184.2345248628408 20.678584232926369 29.526801630854607 303.3649540990591 55.080110969021916 310.59775062277913 181.13026846200228 32.865891488268971 5.1709933504462233 414.2004479393363 44.565890222787857 5.3893084451556197
leaf_count=7544 3062 250 4708 60756 2141 1531 2261 14462 12576 1409 3392 600 1078 937 545 3069 478 3786 30629 85 121 1638 597 1374 955 580 24 1766 208 25
internal_value=0.000271315 0.0131958 0.0385405 1.46935e-05 -0.000271632 0.00041534 0.0157149 0.000141252 0.00219228 0.00417563 0.01021 0.014789 -0.00202854 0.00410865 0.00620678 0.00262723 0.00148309 -0.00172079 -0.00118829 -0.00776406 0.0158781 0.00445543 0.011386 -0.000697497 -0.000338309 0.0099612 0.00406384 0.00200437 0.00826866 -0.0107641
internal_weight=36386.1 708.395 153.122 35677.7 33516.6 24095.2 424.062 23671.1 8659.53 5100.47 1041.51 715.111 9421.48 256.509 555.273 4058.96 3377.38 9168.34 8289.75 575.752 50.2054 2161.05 408.4 7714 7403.4 219.167 186.301 3273.28 353.32 49.9552
internal_count=162587 8565 4958 154022 144010 103237 3792 99445 38689 24227 6338 4929 40773 1537 3607 17889 14820 39695 35909 2347 206 10012 2468 33562 32188 1559 979 14342 1871 233
is_linear=0
shrinkage=0.05


Tree=67
num_leaves=31
num_cat=0
split_feature=1 3 0 6 2 0 2 8 2 1 3 9 17 10 0 0 5 8 3 15 8 3 17 4 15 2 7 11 9 3
split_gain=42.2555 49.5072 21.2167 38.5326 33.5933 27.9481 17.3433 17.3011 33.9822 21.6362 12.8214 16.4673 12.4532 12.4476 12.4383 11.8149 12.3159 11.731 11.0419 10.3979 10.4527 10.272 10.1356 10.1113 9.94426 9.72464 11.6809 9.18015 13.0082 12.2942
threshold=7.5000000000000009 4.5000000000000009 1.0000000180025095e-35 1.0000000180025095e-35 4.5000000000000009 4.5000000000000009 1.0000000180025095e-35 1.0000000180025095e-35 1.0000000180025095e-35 2.5000000000000004 3.5000000000000004 1.0000000180025095e-35 13.500000000000002 4.5000000000000009 1.5000000000000002 8.5000000000000018 4.5000000000000009 3.5000000000000004 1.0000000180025095e-35 7.5000000000000009 3.5000000000000004 6.5000000000000009 18.500000000000004 1.5000000000000002 5.5000000000000009 2.5000000000000004 2.5000000000000004 1.0000000180025095e-35 3.5000000000000004 1.0000000180025095e-35
decision_type=2 2 2 2 2 2 2 2 2 2 2 2 2 2 2 2 2 2 2 2 2 2 2 2 2 2 2 2 2 2
left_child=2 19 13 4 7 21 -3 8 14 18 11 -11 25 -1 -4 17 -17 -5 -10 -2 -21 27 -15 -7 -20 26 -9 28 -6 -29
right_child=1 6 3 15 5 23 -8 12 9 10 -12 -13 -14 22 -16 16 -18 -19 24 20 -22 -23 -24 -25 -26 -27 -28 29 -30 -31
leaf_value=-0.0012424340374561486 0.014017271903244019 -0.008925009979251863 0.0048259751576150874 -0.0011458478023356994 0.01062035932520463 0.0089424712402253227 0.03849488361467808 -0.0067133230978378439 -0.000643430037506703 0.013535373549226857 0.023091455119037707 -0.0069708482209670675 0.0045272711148093272 -0.008279168403936615 -0.0014254019042644914 0.0043947607790613286 0.033257966120046424 -0.010775543772022219 0.015463301973115393 0.00073606109809360397 -0.045454744206379433 0.02748588897151415 -0.038313256457934493 0.03608111315901727 0.0046409949339452049 -0.00084852684381691982 -0.027894808494418062 -0.016882069612948677 -0.038446760449818547 0.006180078163787025
leaf_weight=15581.729533161968 174.08697802387178 21.630580458790064 1111.2881321161985 9293.2831778880209 667.41749291867018 45.988458946347237 177.58366961963475 527.33060113713145 685.45541526377201 588.10842461884022 261.05551728233695 117.45442554727197 519.34714196622372 289.87062869220972 2801.9277582317591 221.26685801334679 44.370135072618723 327.40537182427943 285.85076616704464 334.66897264309227 12.713069494813679 62.57800386287272 31.10498221218586 135.29227606765926 824.5207153186202 772.17721812427044 74.253186538815498 85.984880946576595 13.786536786705254 176.22361005656421
leaf_count=63030 1153 103 4545 39732 3462 261 5472 2181 2809 2904 2034 546 2263 1185 11453 1177 855 1450 1419 1833 71 712 127 2521 3764 3328 308 363 65 1058
internal_value=0.000157443 0.0121436 -8.55786e-05 0.00101357 0.00324287 0.011125 0.0333461 0.00215074 0.00334717 0.00759306 0.0136245 0.0101217 -0.00206824 -0.00144321 0.000349885 -0.00118634 0.00921587 -0.00147356 0.00434661 0.00404375 -0.000954374 0.00786851 -0.0111897 0.0291964 0.00742706 -0.00456166 -0.00932774 0.00656726 0.00962732 -0.00138259
internal_weight=36265.8 720.683 35545.1 19642.4 9756.04 1187.27 199.214 8568.77 6675.66 2762.45 966.618 705.563 1893.11 15902.7 3913.22 9886.33 265.637 9620.69 1795.83 521.469 347.382 1005.99 320.976 181.281 1110.37 1373.76 601.584 943.413 681.204 262.208
internal_count=162184 8632 153552 89210 45996 8442 5575 37554 29474 13476 5484 3450 8080 64342 15998 43214 2032 41182 7992 3057 1904 5660 1312 2782 5183 5817 2489 4948 3527 1421
is_linear=0
shrinkage=0.05


Tree=68
num_leaves=31
num_cat=0
split_feature=4 5 5 2 6 0 2 11 5 0 0 1 13 15 5 16 16 2 4 2 1 7 5 1 9 11 5 0 15 0
split_gain=40.6392 41.3078 17.8425 23.1765 17.3084 37.2266 24.4411 23.3699 23.3927 16.2996 24.5411 12.6479 12.5443 12.4632 12.2652 11.6634 12.6469 11.4641 14.8863 10.1173 9.76924 12.3595 11.0907 10.681 9.60255 11.529 9.91597 9.28883 17.2548 8.89765
threshold=8.5000000000000018 5.5000000000000009 8.5000000000000018 6.5000000000000009 1.5000000000000002 3.5000000000000004 1.0000000180025095e-35 1.5000000000000002 2.5000000000000004 1.0000000180025095e-35 1.5000000000000002 7.5000000000000009 5.5000000000000009 25.500000000000004 5.5000000000000009 4.5000000000000009 11.500000000000002 8.5000000000000018 2.5000000000000004 1.0000000180025095e-35 8.5000000000000018 1.0000000180025095e-35 6.5000000000000009 1.0000000180025095e-35 1.5000000000000002 3.5000000000000004 6.5000000000000009 2.5000000000000004 9.5000000000000018 8.5000000000000018
decision_type=2 2 2 2 2 2 2 2 2 2 2 2 2 2 2 2 2 2 2 2 2 2 2 2 2 2 2 2 2 2
left_child=2 19 4 11 5 9 -7 8 13 -1 15 -4 24 -8 -9 -11 -17 20 -19 -2 21 22 -12 -24 29 26 -26 -23 -29 -6
right_child=1 -3 3 -5 12 6 7 14 -10 10 17 -13 -14 -15 -16 16 -18 18 -20 -21 -22 27 23 -25 25 -27 -28 28 -30 -31
leaf_value=-0.0012102224144493767 -0.006554416035341272 0.041773814563637351 0.0036320848721369823 0.043751748002438716 -0.0011106902779884323 -0.00039833216231094956 0.0096773001342688597 -0.0086879395995884592 0.024977393640805968 0.011448814267512928 0.00012535674041170563 0.046645987971628319 -0.008676027678188156 -0.060240857358796529 0.01613958040474156 0.00015139982240486042 0.0067668151882006649 -0.0012153954522736423 0.043856146806380746 0.012337582393115533 0.019295342711448376 -0.0072737892812854603 -0.00063275361805970552 0.032985038515885301 -0.003999366317026706 -0.028898966492040747 -0.041881725989459231 0.0096633560878349387 -0.0071545510679694698 0.010474577916213109
leaf_weight=15908.978008423001 104.30875458568335 109.58773007243872 307.50874968245625 46.51894492842257 5170.79223947227 787.32272717729211 761.55641478300095 202.11558714136481 331.92171082831919 551.20972739160061 4478.8903522323817 18.095673982053995 718.26069746166468 6.4274515174329272 65.984875565394759 1421.9960500597954 1468.57313259691 40.608139984309673 33.37764666415751 221.05237235687673 60.633779546245933 1090.8504347652197 44.073929212987423 50.92995223030448 1423.9565056208521 49.924572495743632 17.486454943194985 277.04428905434906 339.2928701993078 171.21848307177424
leaf_count=64346 439 4096 1825 1433 21970 3282 3781 1079 3839 2441 19045 405 3101 32 653 6024 6311 195 271 1812 373 4635 189 357 6188 223 154 1250 1458 1160
internal_value=3.19178e-05 0.0152236 -0.000152417 0.0107391 -0.000266671 0.000307705 0.00662012 0.0106594 0.0138859 -0.00022032 0.00137728 0.00602261 -0.0023904 0.00909214 -0.00257739 0.00478344 0.00351241 -0.000449993 0.019118 0.00628093 -0.000678283 -0.000871097 0.000483942 0.0173892 -0.00172971 -0.00527707 -0.00445893 -0.00450151 0.000405118 -0.000739367
internal_weight=36280.5 434.949 35845.5 372.123 35473.4 27921.8 2155.33 1368.01 1099.91 25766.5 9857.48 325.604 7551.64 767.984 268.1 3441.78 2890.57 6415.7 73.9858 325.361 6341.72 6281.08 4573.89 95.0039 6833.38 1491.37 1441.44 1707.19 616.337 5342.01
internal_count=162367 6347 156020 3663 152357 119561 12666 9384 7652 106895 42549 2230 32796 3813 1732 14776 12335 27773 466 2251 27307 26934 19591 546 29695 6565 6342 7343 2708 23130
is_linear=0
shrinkage=0.05


Tree=69
num_leaves=31
num_cat=0
split_feature=2 5 15 8 2 5 1 10 3 0 1 13 7 11 6 0 5 11 11 10 14 7 2 2 8 6 0 3 1 0
split_gain=40.7032 40.661 23.2665 18.3675 39.7738 40.8945 16.2645 15.1718 14.7856 12.4167 11.3251 15.0357 10.4613 11.8701 10.3056 18.5277 9.86124 10.2953 9.71843 9.51126 9.45495 8.99604 8.7058 14.3002 10.1047 10.6328 10.9946 9.43665 11.7767 10.5748
threshold=8.5000000000000018 6.5000000000000009 1.5000000000000002 1.5000000000000002 2.5000000000000004 6.5000000000000009 6.5000000000000009 1.0000000180025095e-35 7.5000000000000009 1.0000000180025095e-35 6.5000000000000009 2.5000000000000004 1.0000000180025095e-35 2.5000000000000004 1.0000000180025095e-35 4.5000000000000009 2.5000000000000004 1.0000000180025095e-35 5.5000000000000009 5.5000000000000009 13.000000000000002 2.5000000000000004 1.0000000180025095e-35 1.5000000000000002 1.0000000180025095e-35 4.5000000000000009 6.5000000000000009 2.5000000000000004 2.5000000000000004 2.5000000000000004
decision_type=2 2 2 2 2 2 2 2 2 2 2 2 2 2 2 2 2 2 2 2 2 2 2 2 2 2 2 2 2 2
left_child=2 8 9 4 7 6 14 22 20 -1 11 -7 13 -5 15 21 17 -8 -9 -16 -2 -6 -4 24 -24 -26 -27 28 -25 -30
right_child=1 -3 3 12 5 10 16 18 -10 -11 -12 -13 -14 -15 19 -17 -18 -19 -20 -21 -22 -23 23 27 25 26 -28 -29 29 -31
leaf_value=0.00013380271044639147 0.02087506440869645 0.047048668491503291 -0.0006280902081891572 -0.00052370375976249807 0.0044095416346904819 0.035903387497221238 0.012224337151878912 -0.0024967496682858619 0.044413231007223775 0.0094575024553049201 0.045412353342460042 0.0066555198869496946 -0.0057113399971401007 -0.0075789982982745144 -0.0010381186722919768 0.022109202589798243 0.029695427493524884 -0.041356526459730113 -0.021283561649768353 -0.052213682614511994 0.00041707706654790945 -0.0048738082559961395 0.0063093568872761756 -0.0045794608105273063 -0.00065433852431110676 -0.0074028408033633203 -0.10762686916221074 0.0040020365823313069 -0.00057183949598438972 0.014451560444832158
leaf_weight=575.07171829789877 72.796803623437881 81.769087977707386 11149.023728568107 4481.9801963344216 2377.8878022357821 76.195357894524932 90.87865043617785 6344.0375202707946 25.681779999285936 942.02263504639268 52.585987584665418 103.8062484767288 2012.3114260286093 687.62609575875103 1043.3538478631526 139.08000800944865 90.185322592034936 9.9464075528085214 69.593450013548136 9.1590091176331025 251.92842506058514 293.13531540706754 1921.1338047962636 1530.7439948022366 467.96342250704765 6.4458859860897046 4.7549403160810471 826.63527669943869 394.55296824872494 166.58802668750286
leaf_count=2386 470 3589 45114 19204 10487 838 535 26288 679 4789 1823 1097 8698 2995 4985 1147 1339 48 297 47 1625 1287 8286 6236 1909 26 21 3828 1630 767
internal_value=4.74306e-05 0.0153004 -0.00013636 -0.00040399 0.000190478 0.00461073 0.00344087 -0.000637535 0.00789174 0.00592325 0.0249997 0.0190363 -0.00265274 -0.00146215 0.00273657 0.00431716 0.0176832 0.00693858 -0.0027006 -0.00148345 0.00500334 0.00339073 0.000165955 0.00183039 0.00468918 -0.00180665 -0.0499496 -0.000520785 -0.00230804 0.00388821
internal_weight=36298.9 432.176 35866.7 34349.6 27167.7 4286.21 4053.63 22881.5 350.407 1517.09 232.588 180.002 7181.92 5169.61 3862.62 2810.1 191.01 100.825 6413.63 1052.51 324.725 2671.02 16467.8 5318.82 2400.3 479.164 11.2008 2918.52 2091.88 561.141
internal_count=162470 6363 156107 148932 118035 23633 19875 94402 2774 7175 3758 1935 30897 22199 17953 12921 1922 583 26585 5032 2095 11774 67817 22703 10242 1956 47 12461 8633 2397
is_linear=0
shrinkage=0.05


Tree=70
num_leaves=31
num_cat=0
split_feature=2 0 8 2 4 10 3 8 16 14 5 11 3 14 4 9 15 10 4 0 5 3 15 5 5 8 2 0 5 5
split_gain=42.4123 46.5747 22.7784 35.5277 28.3384 24.7758 13.8229 12.1733 12.7508 11.901 11.6133 19.7584 14.3426 11.3463 10.9808 11.0594 10.8838 10.8362 11.9526 15.7109 10.3146 10.6001 10.1071 11.0254 12.4225 12.2422 12.9799 12.5963 10.0728 10.1587
threshold=7.5000000000000009 5.5000000000000009 3.5000000000000004 3.5000000000000004 5.5000000000000009 5.5000000000000009 2.5000000000000004 4.5000000000000009 16.500000000000004 27.000000000000004 1.0000000180025095e-35 1.5000000000000002 7.5000000000000009 15.000000000000002 6.5000000000000009 1.5000000000000002 9.5000000000000018 1.0000000180025095e-35 1.0000000180025095e-35 4.5000000000000009 5.5000000000000009 1.5000000000000002 1.5000000000000002 1.5000000000000002 2.5000000000000004 1.0000000180025095e-35 1.0000000180025095e-35 1.0000000180025095e-35 5.5000000000000009 9.5000000000000018
decision_type=2 2 2 2 2 2 2 2 2 2 2 2 2 2 2 2 2 2 2 2 2 2 2 2 2 2 2 2 2 2
left_child=2 7 3 10 17 6 16 8 20 -7 -1 12 22 -13 -4 -16 -6 18 -5 -20 -2 -22 -12 -24 -25 26 -26 -28 -29 -30
right_child=1 -3 14 4 5 9 -8 -9 -10 -11 11 13 -14 -15 15 -17 -18 -19 19 -21 21 -23 23 24 25 -27 27 28 29 -31
leaf_value=-0.0016322069440187223 0.0026378705080837579 0.037702236287863039 -0.0069982472945680557 0.0016987189481500577 0.024993804656681995 -0.047011545854945769 0.031436434650153021 -0.0045537216098143997 0.029061322768782968 0.0055476447768440587 0.0087484681909418445 -0.0053968433607270048 0.01556943183683473 -0.0005985172609203666 -0.02577973502070089 -0.11641768988848838 -0.0034477407743565003 -0.0016584223359938012 0.0056304529303207321 0.02019533451664933 -0.025103034558951326 0.043941266864794701 0.0038112729425318057 -0.0021533959563673423 0.00078815625169140798 -0.0040477766274351545 0.00073253025716063806 0.0093433485883503489 0.031732182254523886 -0.017574577320127165
leaf_weight=13877.968901902437 253.48726527765393 142.99768199119717 920.49807338416576 1632.4621249362826 65.366683207452297 19.25622746348381 184.13439712114632 190.13566704466939 77.400585372000933 24.439646730199456 454.20735255628824 1650.8442788608372 183.58137439750135 4855.9585644863546 18.519465090706948 4.1129402406513682 69.29551612958312 921.76398622617126 1087.7564409766346 223.13235562853515 6.836584147065877 29.746878042817116 2695.4925273545086 3310.1202161051333 1633.7727308236063 643.67113883420825 400.15405259281397 596.85827178321779 92.675793057307601 11.773451790213583
leaf_count=55924 1454 4967 3859 6757 412 107 3559 896 662 137 2131 6927 1157 20383 100 23 390 4279 5480 2128 45 633 11306 13688 6725 2762 1660 3139 693 98
internal_value=6.24454e-05 0.0122452 -0.000177459 3.13127e-05 0.00432607 0.0176933 0.0225328 0.00571675 0.0110309 -0.0176145 -0.000565803 0.000329559 0.00172246 -0.0018159 -0.00784422 -0.0422512 0.0103581 0.00307241 0.00455396 0.00810961 0.00621974 0.0310385 0.00146409 0.00111153 2.36063e-05 0.00215629 0.00361627 0.00781114 0.0118501 0.0261744
internal_weight=36278.4 700.605 35577.8 34634.7 4227.61 362.492 318.797 557.607 367.471 43.6959 30407.1 16529.1 10022.3 6506.8 943.13 22.6324 134.662 3865.11 2943.35 1310.89 290.071 36.5835 9838.73 9384.52 6689.03 3378.91 2735.23 1101.46 701.308 104.449
internal_count=162481 8657 153824 149842 23249 4605 4361 3690 2794 244 126593 70669 43359 27310 3982 123 802 18644 14365 7608 2132 678 42202 40071 28765 15077 12315 5590 3930 791
is_linear=0
shrinkage=0.05


Tree=71
num_leaves=31
num_cat=0
split_feature=5 2 3 9 5 4 0 2 10 17 17 8 17 3 3 2 10 1 4 8 2 3 0 5 6 14 4 17 14 15
split_gain=33.3431 41.1176 21.9142 32.3176 26.3527 19.888 19.8314 15.2669 11.2194 12.1974 11.1613 10.8754 10.8463 10.6901 14.7629 11.6279 10.5887 10.5611 10.4274 9.10266 11.5044 11.7619 13.3079 9.66447 8.83341 9.43773 9.49173 8.82803 8.96575 10.5369
threshold=8.5000000000000018 5.5000000000000009 1.0000000180025095e-35 1.0000000180025095e-35 4.5000000000000009 1.0000000180025095e-35 6.5000000000000009 6.5000000000000009 5.5000000000000009 19.500000000000004 1.0000000180025095e-35 5.5000000000000009 12.500000000000002 1.5000000000000002 4.5000000000000009 2.5000000000000004 1.0000000180025095e-35 2.5000000000000004 2.5000000000000004 1.5000000000000002 1.0000000180025095e-35 2.5000000000000004 3.5000000000000004 1.0000000180025095e-35 1.5000000000000002 43.000000000000007 1.5000000000000002 2.5000000000000004 19.000000000000004 3.5000000000000004
decision_type=2 2 2 2 2 2 2 2 2 2 2 2 2 2 2 2 2 2 2 2 2 2 2 2 2 2 2 2 2 2
left_child=2 5 27 4 7 -2 17 10 12 -10 -4 -9 -5 24 19 -16 -7 -6 -19 20 -15 -22 -23 -24 25 -12 -27 28 -1 -30
right_child=1 -3 3 8 6 16 -8 11 9 -11 13 -13 -14 14 15 -17 -18 18 -20 -21 21 22 23 -25 -26 26 -28 -29 29 -31
leaf_value=-0.0038968922151842496 -0.012670586742221318 0.041537457808528966 0.015161002963579917 -0.0021382099598484289 0.0039371340683333556 0.023003144230230393 0.032506536885719507 0.016608929079119743 -0.011656742844551583 -0.067852885655262082 0.0077748600911371609 -0.0080884399917652006 0.0013956286800901813 -0.0020374056919189617 0.0023065650157982707 0.016249949840074322 0.00033833639873642426 0.0070100436461660101 0.023269383767420729 -0.004931814709884642 -0.0005811446489864939 0.0042427961610205997 0.0019562075395841289 0.026752778050975198 -0.0017238916124558076 -0.0070553013672905304 0.007115182761238615 -0.0019272943379165007 0.027756087438009114 0.0046016840604853467
leaf_weight=300.64686323702335 105.79801727086306 101.88168705254793 148.19283739849925 6664.9677747730166 588.50352284684777 127.35189483501017 91.630474702455103 273.20314648188651 94.439364705234766 10.755657006986437 1406.8874296396971 53.26476844213903 3220.5546291200444 2329.0901114419103 419.72598704695702 232.26288288272917 86.556653238832951 214.325139824301 182.63377066515386 1024.5478433743119 989.33792258054018 731.40652760863304 56.42221300303936 129.4470501858741 505.90687284618616 250.89598463475704 223.38894891738892 15148.178089868277 53.95603734254837 549.81229066103697
leaf_count=1222 447 4104 696 28717 2802 1175 2202 2011 438 51 5940 266 14773 9467 1929 1549 649 1143 2142 4373 4355 3232 249 881 2176 1032 968 61270 227 2226
internal_value=-0.000103068 0.0138765 -0.000267262 0.000843962 0.00287611 0.00506169 0.0102571 0.00197003 -0.00115978 -0.0174025 0.00156001 0.0125794 -0.000986938 0.00131715 0.000176905 0.00727372 0.013832 0.00818826 0.0144907 -0.000702719 0.00032023 0.00320028 0.00727878 0.0192256 0.00414127 0.00571859 -0.000380981 -0.00164079 0.00315793 0.00667089
internal_weight=36316 421.588 35894.4 19841.8 9851.07 319.707 1077.09 8773.98 9990.72 105.195 8447.51 326.468 9885.52 8299.32 5912.24 651.989 213.909 985.462 396.959 5260.25 4235.7 1906.61 917.276 185.869 2387.08 1881.17 474.285 16052.6 904.415 603.768
internal_count=162712 6375 156337 91392 47413 2271 8289 39124 43979 489 36847 2277 43490 36151 26035 3478 1824 6087 3285 22557 18184 8717 4362 1130 10116 7940 2000 64945 3675 2453
is_linear=0
shrinkage=0.05


Tree=72
num_leaves=31
num_cat=0
split_feature=0 5 16 3 9 5 11 5 17 5 1 2 1 11 2 15 4 7 14 16 9 15 11 3 15 0 16 8 17 8
split_gain=33.7822 33.6789 22.5892 15.6486 30.7611 27.5822 23.6902 30.7059 20.3015 15.6377 14.9037 16.6741 14.0862 13.063 14.9062 12.4631 11.4491 11.1056 11.1825 11.6789 11.4992 12.2969 12.954 10.8017 10.1236 10.0257 9.70976 10.3342 8.81149 8.78554
threshold=8.5000000000000018 5.5000000000000009 3.5000000000000004 1.0000000180025095e-35 1.0000000180025095e-35 7.5000000000000009 3.5000000000000004 4.5000000000000009 9.5000000000000018 1.0000000180025095e-35 5.5000000000000009 3.5000000000000004 1.5000000000000002 5.5000000000000009 1.5000000000000002 7.5000000000000009 3.5000000000000004 2.5000000000000004 15.000000000000002 26.500000000000004 3.5000000000000004 18.500000000000004 5.5000000000000009 6.5000000000000009 1.5000000000000002 1.0000000180025095e-35 16.500000000000004 6.5000000000000009 12.500000000000002 5.5000000000000009
decision_type=2 2 2 2 2 2 2 2 2 2 2 2 2 2 2 2 2 2 2 2 2 2 2 2 2 2 2 2 2 2
left_child=2 -2 10 -4 5 6 7 8 24 -10 23 15 -9 14 -7 -12 28 18 19 -6 26 22 -22 -1 -5 -25 27 -20 -11 -18
right_child=1 -3 3 4 17 13 -8 12 9 16 11 -13 -14 -15 -16 -17 29 -19 20 -21 21 -23 -24 25 -26 -27 -28 -29 -30 -31
leaf_value=0.0020422768565790616 0.0063511728490968384 0.040760451549167652 -0.0019695268735883732 0.012038793516955582 -0.004070440196297243 0.0053176103636693806 -0.014917582538542574 0.0043100464636622029 0.00047264232440911584 3.6114391219853557e-05 0.022255243250512001 0.035580405316827518 0.01911321558182863 -0.005836923738023015 0.036026277192536114 -0.0044853059813179273 0.014647864381639029 -0.006281305318184569 -0.00016901546832050971 -0.0596020985969722 -0.0082029133916787216 0.0095271313835268573 -0.079259846323985 -0.0066284131546681668 -0.0016950171338751176 0.027831343034583036 0.0051678147157244048 -0.056776092513436155 0.0076052574783382777 -0.049465621560662219
leaf_weight=3169.1702674608678 311.25048370659351 92.171567456796765 14524.325336828828 139.34388787858188 1999.5810049027205 59.371779929846525 204.15573018509895 283.05009172484279 1760.4923353567719 593.88673887774348 76.521944150328636 71.788733117282391 371.7876035105437 40.108636074699461 118.16889255680144 101.20045431144536 448.46620609611273 1199.9732003733516 4124.5039628781378 9.5130911953747255 567.87833727803081 106.03163043409586 6.4872929453849784 29.172784119844437 3622.3301267810166 76.343658716417849 1019.8811789043248 8.0784323737025243 1090.5603462625295 5.4077323582023373
leaf_count=13694 2230 4072 58704 666 8688 306 904 1316 7184 2578 436 954 3171 228 2095 484 2763 5327 17791 45 2499 475 28 127 15447 584 4580 37 4886 32
internal_value=-0.000175271 0.0142128 -0.000337282 -0.000751967 0.0002427 0.00235844 0.00190942 0.00232255 0.00143421 0.00396251 0.00346379 0.0152433 0.0127146 0.0199348 0.0257569 0.00702837 0.00683574 -0.00180172 -0.00111626 -0.00433338 -8.13858e-06 -0.0061174 -0.00900548 0.00256626 -0.00118627 0.018304 0.000798606 -0.000279672 0.0049366 0.013884
internal_weight=36231 403.422 35827.6 32303.4 17779.1 8737.13 8519.48 8315.33 7660.49 3898.81 3524.2 249.511 654.838 217.649 177.541 177.722 2138.32 9041.93 7841.95 2009.09 5832.86 680.397 574.366 3274.69 3761.67 105.516 5152.46 4132.58 1684.45 453.874
internal_count=162331 6302 156029 139750 81046 41576 38947 38043 33556 17443 16279 1874 4487 2629 2401 920 10259 39470 34143 8733 25410 3002 2527 14405 16113 711 22408 17828 7464 2795
is_linear=0
shrinkage=0.05


Tree=73
num_leaves=31
num_cat=0
split_feature=1 3 15 1 3 5 11 2 2 8 8 10 16 9 6 15 5 9 13 11 16 14 10 3 17 14 7 3 13 3
split_gain=26.3541 48.3417 14.4513 17.2511 14.5162 14.1518 29.4996 13.2767 12.7359 12.3213 11.7568 12.2561 11.2094 11.1689 10.4709 9.77008 9.46536 9.28128 9.20557 8.918 8.30989 7.96151 7.87703 7.63719 8.73852 7.94334 7.46448 8.88164 7.38324 7.14315
threshold=5.5000000000000009 7.5000000000000009 5.5000000000000009 2.5000000000000004 3.5000000000000004 3.5000000000000004 1.0000000180025095e-35 5.5000000000000009 3.5000000000000004 4.5000000000000009 2.5000000000000004 3.5000000000000004 20.500000000000004 3.5000000000000004 1.5000000000000002 17.500000000000004 4.5000000000000009 6.5000000000000009 5.5000000000000009 4.5000000000000009 14.500000000000002 5.0000000000000009 3.5000000000000004 1.0000000180025095e-35 12.500000000000002 9.0000000000000018 1.0000000180025095e-35 2.5000000000000004 4.5000000000000009 1.0000000180025095e-35
decision_type=2 2 2 2 2 2 2 2 2 2 2 2 2 2 2 2 2 2 2 2 2 2 2 2 2 2 2 2 2 2
left_child=2 5 3 16 -5 9 -7 10 -3 12 11 19 22 -6 15 -4 29 18 -16 -8 -12 -18 -2 -17 28 26 -26 -28 -25 -1
right_child=1 8 14 4 13 6 7 -9 -10 -11 20 -13 -14 -15 17 23 21 -19 -20 -21 -22 -23 -24 24 25 -27 27 -29 -30 -31
leaf_value=-0.0029387122832457979 0.0013140349748630776 0.01156443154258182 -0.00097713130034419158 0.0036125769694163542 0.018830671132780821 0.026131428665441422 0.006102633059803686 0.028682554724507897 0.044208616184246131 -0.026788275611120956 -0.019766675913299097 -0.065851492469735234 0.017828719853654293 -0.0043014676616789675 -0.002043171582989139 -0.00059872813820716271 -0.014184247859154212 -0.043173377748963002 -0.0087989891093385661 -0.022090870725590749 -0.091806043901783707 0.0088244512447004948 -0.020164152085154857 -0.00015093710038810809 0.0028672151099646279 0.010003382504336659 -0.059466834841681852 -0.0016185163740255891 0.0072689557969948353 0.0011661365998730754
leaf_weight=1865.5082850456238 1408.7568607646972 43.706300813704729 16679.120962194167 1432.8015793953091 299.89181981422007 190.17883257381618 174.62447791919112 36.01045498251915 94.438235091045499 38.662288239225745 13.103414688259365 6.9653890859335652 101.76822295412421 63.174462793394923 5300.6959288278595 2215.1048117429018 41.164980746805668 14.189130855724214 557.24594149645418 33.415801357477903 5.763990217819809 433.74664530158043 44.02208043076098 1456.2292208140716 83.666076578199863 651.20003905985504 11.981651894748213 14.869632929563521 435.54278417304158 2453.9735436961055
leaf_count=7566 6532 428 69850 6450 2207 2968 1165 836 4505 183 74 47 493 319 22511 8926 206 66 2352 182 32 2112 217 6192 390 2936 50 66 1843 10564
internal_value=-6.42478e-05 0.00525037 -0.000406691 0.00169564 0.00587545 0.00332412 0.0110488 0.000420535 0.0338806 0.00109351 -0.00393109 -0.000610199 0.00178694 0.0148056 -0.000911978 -0.000401912 0.000129976 -0.00278366 -0.00268583 0.00157414 -0.0417747 0.00683007 0.000663203 0.00156871 0.00337806 0.00789993 -0.00449422 -0.0274317 0.00155735 -0.000606675
internal_weight=36201.5 2191.42 34010.1 6590.26 1795.87 2053.27 460.062 269.884 138.145 1593.21 233.873 215.006 1554.55 363.066 27419.8 21547.7 4794.39 5872.13 5857.94 208.04 18.8674 474.912 1452.78 4868.59 2653.49 761.717 110.517 26.8513 1891.77 4319.48
internal_count=162268 17662 144606 29424 8976 12729 5304 2336 4933 7425 1500 1394 7242 2526 115182 90253 20448 24929 24863 1347 106 2318 6749 20403 11477 3442 506 116 8035 18130
is_linear=0
shrinkage=0.05


Tree=74
num_leaves=31
num_cat=0
split_feature=2 3 7 1 4 5 0 0 1 11 11 10 9 1 7 8 2 17 4 1 2 11 5 6 1 2 16 11 17 4
split_gain=34.3165 39.2427 17.93 34.4041 24.4437 21.079 19.6661 15.2115 14.1065 13.1522 11.3252 9.98923 9.78218 9.67963 11.4487 9.88986 13.5254 27.7935 11.3818 9.5846 9.36697 14.4007 18.3013 12.2264 9.02621 8.94236 8.81993 8.52707 8.46749 8.22912
threshold=7.5000000000000009 7.5000000000000009 1.5000000000000002 2.5000000000000004 1.0000000180025095e-35 3.5000000000000004 2.5000000000000004 3.5000000000000004 5.5000000000000009 6.5000000000000009 1.0000000180025095e-35 7.5000000000000009 3.5000000000000004 1.0000000180025095e-35 1.0000000180025095e-35 3.5000000000000004 2.5000000000000004 14.500000000000002 6.5000000000000009 1.5000000000000002 1.0000000180025095e-35 1.0000000180025095e-35 1.0000000180025095e-35 1.5000000000000002 6.5000000000000009 1.5000000000000002 5.5000000000000009 1.5000000000000002 13.500000000000002 9.5000000000000018
decision_type=2 2 2 2 2 2 2 2 2 2 2 2 2 2 2 2 2 2 2 2 2 2 2 2 2 2 2 2 2 2
left_child=2 7 3 13 27 20 12 -2 10 11 -8 29 -7 -1 15 16 19 18 -18 -15 26 22 25 -23 -9 -22 -6 -5 -24 -4
right_child=1 -3 9 4 5 6 8 24 -10 -11 -12 -13 -14 14 -16 -17 17 -19 -20 -21 21 23 28 -25 -26 -27 -28 -29 -30 -31
leaf_value=-0.0013003325540494337 0.0018317537346825286 0.044733909902093139 -0.0025087489098699683 0.0013182236697716874 0.011059230021163125 0.0078286111824052828 0.028889895339838975 0.013685670898528096 0.039608795027794907 -0.042008021159070909 0.0067293673772070147 -0.051252252311849968 -0.040949505476847059 0.0033506819931541166 -0.0029632356556784727 -0.010731366278332601 0.0013819925855101281 0.017591863292739849 0.027304882568940071 -0.0014147968755827405 0.016196122977646606 0.0019156226206941932 0.011561161960276442 -0.026403596616499988 0.042716978945483125 -0.00013488455874015521 -0.0021814160408148392 -0.0073310579569429704 0.024650816161335291 0.022529468841552061
leaf_weight=15944.681295968592 439.26999990269542 76.247772077098489 7517.487875206396 1366.886146992445 156.28362377732992 316.46709092333913 106.3676953651011 127.51938072405756 96.666356737725437 21.088982397690415 125.88579102326185 10.478414436802266 10.623438403010367 1905.8537609130144 1548.9558721967041 152.09789532795548 1162.3485951535404 396.06533882766962 43.944099251180887 2363.7155940309167 104.31239277124405 173.79511832259595 354.82967187091708 48.81937788054347 33.889325197786093 426.76066315919161 644.2397218644619 360.00921054184437 189.54751684330404 32.959936909377575
leaf_count=64580 2245 3680 32591 5619 651 1787 1312 1401 2405 97 1078 51 62 8009 6362 655 5279 1987 329 9859 439 798 2096 242 1293 1816 2649 1495 1248 411
internal_value=-0.000208063 0.0109441 -0.000420231 0.000163846 0.00417887 0.00710266 0.0149257 0.00665493 0.0235587 -0.00257713 0.0168785 -0.00246715 0.00624437 -0.000601251 0.000870643 0.00185645 0.0021825 0.00609962 0.00232634 0.000712421 0.00465722 0.0072805 0.00967654 -0.00429478 0.0197811 0.00307282 0.000403513 -0.000484909 0.0161189 -0.00239945
internal_weight=36258.1 676.926 35581.2 27999.2 4481.49 2754.6 656.01 600.679 328.92 7582.02 232.253 7560.93 327.091 23517.7 7572.98 6024.03 5871.93 1602.36 1206.29 4269.57 2098.59 1298.06 1075.45 222.614 161.409 531.073 800.523 1726.9 544.377 7550.45
internal_count=162526 8619 153907 120757 23697 16583 6644 4939 4795 33150 2390 33053 1849 97060 32480 26118 25463 7595 5608 17868 9939 6639 5599 1040 2694 2255 3300 7114 3344 33002
is_linear=0
shrinkage=0.05


Tree=75
num_leaves=31
num_cat=0
split_feature=4 3 10 4 5 11 1 15 3 4 17 10 1 5 15 16 17 7 16 11 17 4 15 17 17 17 4 9 3 3
split_gain=30.5703 42.2058 19.1645 39.4621 25.7739 16.3405 15.94 13.9018 12.3901 11.6486 11.9595 11.5131 11.4488 10.4291 10.1666 11.0127 9.98938 9.84119 9.82168 9.53889 8.22312 8.01533 7.8966 7.8666 8.35373 7.52718 7.46073 7.4273 13.3887 7.31875
threshold=6.5000000000000009 6.5000000000000009 1.0000000180025095e-35 1.0000000180025095e-35 4.5000000000000009 3.5000000000000004 1.5000000000000002 2.5000000000000004 2.5000000000000004 1.5000000000000002 20.500000000000004 6.5000000000000009 7.5000000000000009 1.0000000180025095e-35 12.500000000000002 2.5000000000000004 7.5000000000000009 3.5000000000000004 23.500000000000004 3.5000000000000004 2.5000000000000004 4.5000000000000009 17.500000000000004 4.5000000000000009 9.5000000000000018 32.500000000000007 3.5000000000000004 1.0000000180025095e-35 2.5000000000000004 1.0000000180025095e-35
decision_type=2 2 2 2 2 2 2 2 2 2 2 2 2 2 2 2 2 2 2 2 2 2 2 2 2 2 2 2 2 2
left_child=2 11 3 18 7 6 -6 8 -5 16 14 12 27 -3 15 -11 20 -17 25 22 -9 -8 23 -4 -25 -1 -19 28 -2 -24
right_child=1 13 19 4 5 -7 21 9 -10 10 -12 -13 -14 -15 -16 17 -18 26 -20 -21 -22 -23 29 24 -26 -27 -28 -29 -30 -31
leaf_value=-0.0011811301130646723 0.0037099697787676602 -0.007468414033711155 0.0013631525372270359 0.0035928583678295298 0.0052779700106447567 -0.0007986822622111676 0.01619494491666881 0.010374505920558719 0.016775195839451553 0.0095140035021602232 0.0099115060482373278 -0.012746188387339248 0.031867414380697172 0.040291785853068418 0.0020850702328240479 -0.0026325654335666781 0.006931073748748625 -0.028690482231476223 0.0071854793206009267 -0.010726525338848223 -0.0023833000555191297 0.033429887134733348 -0.002369008338607378 -0.0054610218800476475 -0.0017290926066545625 -0.055684501633360972 0.0079445999388516736 -0.0031656459516254463 0.020375265564197925 0.0043391630849925235
leaf_weight=15769.321263894439 497.09282877296209 12.713618747889994 1090.5732675073668 478.344312697649 372.46337732672691 271.04745520371944 449.81066757626832 155.85189425572753 284.12886532954872 183.03663031756878 299.14232006296515 85.965004039928317 42.083356105722487 113.23542639054358 2333.1624977178872 2619.7210059892386 1454.0680146999657 61.852369278669357 356.83783950656652 313.31331824231893 666.25812985375524 79.361272877082229 746.39165778458118 2520.1793870758265 3702.5978807676584 6.3372410535812369 17.924522260203958 204.35451089125127 159.08915418758988 893.14932483341545
leaf_count=63920 2378 66 4648 2129 1766 1368 3619 667 1587 910 1387 390 1092 5108 10101 11442 6201 268 1452 1376 2795 1669 3009 10526 15868 26 94 1146 1664 3857
internal_value=5.86965e-05 0.00821118 -0.000199987 0.000499144 0.00301472 0.00996609 0.0132022 0.00206168 0.00850514 0.00143109 0.000189019 0.00473822 0.00640342 0.0354707 -0.000368606 -0.00235465 0.00444045 -0.00315939 -0.00101748 -0.00215101 3.5267e-05 0.0187797 -0.00185091 -0.002554 -0.0032405 -0.00120302 -0.0204592 0.00515814 0.00775042 0.00128531
internal_weight=36239.4 1114.53 35124.9 25858.7 9726.17 1172.68 901.635 8553.49 762.473 7791.02 5514.84 988.585 902.62 125.949 5215.7 2882.53 2276.18 2699.5 16132.5 9266.2 822.11 529.172 8952.89 7313.35 6222.78 15775.7 79.7769 860.536 656.182 1639.54
internal_count=162529 11844 150685 111401 46003 8422 7054 37581 3716 33865 24202 6670 6280 5174 22815 12714 9663 11804 65398 39284 3462 5288 37908 31042 26394 63946 362 5188 4042 6866
is_linear=0
shrinkage=0.05


Tree=76
num_leaves=31
num_cat=0
split_feature=4 5 8 5 4 3 10 11 10 7 14 11 3 9 9 1 15 11 3 13 16 4 11 5 16 6 10 15 11 9
split_gain=21.5186 31.1334 15.7262 16.8805 21.3641 20.838 19.2919 14.6827 12.8522 11.2702 12.3486 11.0506 16.9995 14.8897 11.8124 9.87815 9.65744 13.3667 9.18291 8.98818 10.1182 10.2578 8.90322 8.64979 8.16027 8.06731 7.9554 7.75627 7.72806 7.6414
threshold=8.5000000000000018 5.5000000000000009 1.5000000000000002 2.5000000000000004 4.5000000000000009 3.5000000000000004 3.5000000000000004 3.5000000000000004 8.5000000000000018 1.0000000180025095e-35 57.000000000000007 2.5000000000000004 1.0000000180025095e-35 1.0000000180025095e-35 5.5000000000000009 3.5000000000000004 17.500000000000004 1.5000000000000002 6.5000000000000009 5.5000000000000009 18.500000000000004 4.5000000000000009 5.5000000000000009 8.5000000000000018 6.5000000000000009 3.5000000000000004 1.5000000000000002 30.000000000000004 3.5000000000000004 3.5000000000000004
decision_type=2 2 2 2 2 2 2 2 2 2 2 2 2 2 2 2 2 2 2 2 2 2 2 2 2 2 2 2 2 2
left_child=2 8 3 16 11 -6 -7 9 28 -4 -11 12 26 15 25 -14 17 19 29 -1 -21 -22 -3 -24 -12 -13 -5 -18 -2 -15
right_child=1 22 7 4 5 6 -8 -9 -10 10 24 14 13 18 -16 -17 27 -19 -20 20 21 -23 23 -25 -26 -27 -28 -29 -30 -31
leaf_value=-0.00010895494526790753 0.0076606159281553321 0.040949708078952214 -0.00050684404903231825 0.00090343821674822343 0.0049753831840178373 0.027374514076654383 -0.015992281898051849 -0.013818524430270497 -0.032893276027296241 -0.0041467899347742126 0.00088809623179826125 9.5870029321161237e-05 0.0072056174887307721 0.0013959267462402272 -0.028237397209778893 0.017693309355722314 0.0017479264984756613 -0.0062344400645405144 0.015054201187264901 -0.0057834345441966127 0.0040137111871163629 0.054020803289339593 -0.11660960606341982 0.035227755116091761 -0.037217488632606426 -0.013201753426346463 -0.0082678802961501461 0.025521546025362163 -0.073564436301594011 -0.01501722260820691
leaf_weight=13811.549014432356 295.37158667389303 84.960113597102463 5311.4477866478264 1386.2375064566731 653.25149583816528 212.88304405473173 29.157221410423517 259.905492849648 21.824036059901118 2005.497251380235 19.974658861756325 3129.8007743544877 961.33444811031222 902.62745242007077 38.529246665537357 292.93579195067286 3569.9465427733958 1089.0621946826577 114.78669171780348 1271.3547584675252 156.52873309701681 10.973834499716757 1.8047598060220473 1.9529592376202343 47.365517506375909 118.37037101574242 285.07458241283894 34.64147312939167 2.9577234629541627 76.95970094203949
leaf_count=57000 2137 4011 23341 5663 3432 3927 187 1179 100 8899 89 13305 4459 4021 168 2266 14620 4424 827 5223 647 50 10 58 209 515 1161 142 15 338
internal_value=3.20751e-06 0.0114088 -0.000127091 0.000419116 0.00232854 0.0096186 0.0221504 -0.00213823 0.00414577 -0.00172712 -0.00485396 0.00143528 0.0031935 0.00593633 -0.000715188 0.00965503 -0.000366131 -0.000882908 0.00167429 -0.000500745 -0.00426152 0.0072899 0.0376186 -0.0376968 -0.0259145 -0.000388724 -0.000660907 0.0019764 0.00685533 0.000106454
internal_weight=36199.1 408.871 35790.2 28146 8201.95 895.292 242.04 7644.19 320.153 7384.29 2072.84 7306.66 4019.96 2348.64 3286.7 1254.27 19944.1 16339.5 1094.37 15250.4 1438.86 167.503 88.7178 3.75772 67.3402 3248.17 1671.31 3604.59 298.329 979.587
internal_count=162423 6331 156092 122375 40269 7546 4114 33717 2252 32538 9197 32723 18735 11911 13988 6725 82106 67344 5186 62920 5920 697 4079 68 298 13820 6824 14762 2152 4359
is_linear=0
shrinkage=0.05


Tree=77
num_leaves=31
num_cat=0
split_feature=6 0 4 2 0 0 0 3 0 16 1 2 17 15 4 7 10 17 16 1 9 6 0 15 13 17 3 17 15 17
split_gain=26.0449 51.6413 41.4723 17.3612 14.2941 15.7562 16.0338 14.2255 13.3519 12.8019 12.1776 14.5651 13.9099 14.6436 11.4202 10.9479 10.7906 10.3347 10.1067 10.0526 10.0181 10.093 11.0772 9.55683 9.5527 9.98436 8.58364 8.29843 7.92092 7.91024
threshold=1.5000000000000002 4.5000000000000009 5.5000000000000009 4.5000000000000009 1.0000000180025095e-35 1.5000000000000002 2.5000000000000004 2.5000000000000004 11.500000000000002 3.5000000000000004 1.0000000180025095e-35 1.0000000180025095e-35 13.500000000000002 5.5000000000000009 1.5000000000000002 1.0000000180025095e-35 6.5000000000000009 2.5000000000000004 20.500000000000004 1.5000000000000002 4.5000000000000009 3.5000000000000004 7.5000000000000009 30.000000000000004 5.5000000000000009 3.5000000000000004 1.5000000000000002 1.5000000000000002 6.5000000000000009 17.500000000000004
decision_type=2 2 2 2 2 2 2 2 2 2 2 2 2 2 2 2 2 2 2 2 2 2 2 2 2 2 2 2 2 2
left_child=1 4 3 19 -1 9 15 28 20 -6 -8 -12 13 -13 -10 23 17 -11 29 -3 21 22 24 27 25 -2 -24 -7 -4 -19
right_child=8 2 7 -5 5 6 10 -9 14 16 11 12 -14 -15 -16 -17 -18 18 -20 -21 -22 -23 26 -25 -26 -27 -28 -29 -30 -31
leaf_value=-0.00076982307522308361 0.0047465194279853948 -0.0019157661522123987 0.035621593515328821 0.021392838202672786 0.012766348174632652 0.013898585891286244 -0.00083794260773498912 0.041428202031915495 -0.012390245732969818 0.014006829773662575 -0.00029822049583609628 0.015919814437636317 0.015960214880065157 0.0011988641832736799 0.03813683722793168 -0.0059502102053079538 -0.067126947225753977 0.0007140508615980732 0.013405542714107297 0.0090193548501741848 -0.01527965060756762 -0.006919039726075423 -0.003082820590935773 0.062059075730658081 -0.0082231749605240698 -0.002209135399546341 0.020065953088400104 -0.00083055399845830327 -0.0039526985406070523 0.0086371919405635114
leaf_weight=16116.846525335684 574.83417810127139 396.94172703102231 20.256879337131977 169.90290302596986 398.66234381124377 98.867738589644432 1376.3210892528296 131.24152077641338 16.1887734439224 212.8528293594718 755.99746517837048 225.77946982067078 416.79627756495029 670.96877546049654 36.168113217689097 1151.4343303944916 5.4370535612106314 2330.7193364538252 201.0666346102953 446.67043726146221 158.04620407149196 1127.4797494942322 66.2801428809762 6.1471460945904246 582.57734735682607 5034.1319238943979 101.17352878674865 2917.4869773872197 33.645004102960229 364.24915698356926
leaf_count=65269 2467 1714 157 2095 1814 441 5641 5321 78 931 3126 1447 2794 3578 1013 5007 25 9956 893 2571 736 5002 327 28 2483 21563 1357 12557 259 1613
internal_value=-6.939e-05 0.000628739 0.0107859 0.00681089 0.000181944 0.00155981 0.000282605 0.0325461 -0.00264973 0.00433011 0.0028069 0.00523085 0.00841306 0.00490524 0.0225138 -0.00180137 0.0032502 0.00337328 0.00259173 0.00387409 -0.00282207 -0.00255908 -0.00178604 -0.000220851 -0.00212924 -0.00149629 0.0109034 -0.000347774 0.0109197 0.00178493
internal_weight=36145.2 28448.3 1198.66 1013.52 27249.6 11132.8 7619.8 185.143 7696.88 3512.99 3445.86 2069.54 1313.54 896.748 52.3569 4173.94 3114.33 3108.89 2896.04 843.612 7644.52 7486.48 6359 3022.5 6191.54 5608.97 167.454 3016.35 53.9019 2694.97
internal_count=162263 127237 12117 6380 115120 49851 34619 5737 35026 15232 16586 10945 7819 5025 1091 18033 13418 13393 12462 4285 33935 33199 28197 13026 26513 24030 1684 12998 416 11569
is_linear=0
shrinkage=0.05


Tree=78
num_leaves=31
num_cat=0
split_feature=5 1 5 11 3 1 3 7 5 0 9 17 0 15 17 7 9 15 1 6 9 6 13 10 5 2 2 10 7 1
split_gain=23.3327 22.05 16.1731 24.7247 30.7658 18.5686 19.8987 15.153 12.3289 11.884 10.6735 10.5257 12.554 12.1374 10.4351 10.4002 10.2351 11.4474 10.0416 9.94582 10.8355 11.0546 9.94043 10.1594 9.90394 9.78412 9.55361 8.98831 8.80531 12.7058
threshold=10.500000000000002 3.5000000000000004 1.0000000180025095e-35 1.0000000180025095e-35 6.5000000000000009 3.5000000000000004 1.0000000180025095e-35 3.5000000000000004 1.5000000000000002 5.5000000000000009 2.5000000000000004 15.500000000000002 2.5000000000000004 14.500000000000002 1.0000000180025095e-35 2.5000000000000004 1.5000000000000002 5.5000000000000009 1.0000000180025095e-35 1.5000000000000002 2.5000000000000004 3.5000000000000004 4.5000000000000009 2.5000000000000004 4.5000000000000009 1.5000000000000002 5.5000000000000009 1.0000000180025095e-35 1.5000000000000002 4.5000000000000009
decision_type=2 2 2 2 2 2 2 2 2 2 2 2 2 2 2 2 2 2 2 2 2 2 2 2 2 2 2 2 2 2
left_child=2 -2 -1 4 5 8 -7 10 15 28 24 19 13 -13 -5 -4 17 26 -15 -10 -21 27 25 -24 -8 -17 -16 -22 -6 -30
right_child=1 -3 3 14 9 6 7 -9 11 -11 -12 12 -14 18 16 22 -18 -19 -20 20 21 -23 23 -25 -26 -27 -28 -29 29 -31
leaf_value=-0.0013660032263665251 0.0032462784867659934 0.041367207947884017 0.0049396826311626577 0.012805179132293058 0.015762990336394177 -0.000538121667136412 0.013052267225060935 -0.0029828475886035273 -0.00024354707875063122 0.032325852926949693 0.00036387444990298372 -0.0035108637546269516 0.012024246129567474 -9.4292239692891523e-05 0.0025296688211522249 0.013192594933503821 -0.0042596757466672039 -0.0012703649484423147 0.022141911400028892 -0.0041307441474336777 -0.01756499062735823 0.021968851811645082 -0.020043720512562157 -0.092074387810483452 0.028756049460662955 -0.017522285481316648 0.018411736833136523 -0.052314625999799871 -0.026173694685220364 0.016793987440818541
leaf_weight=16186.588483393192 90.683039416559041 65.211929943412542 2081.061169795692 135.22458306420594 257.54465988185257 620.72727661579847 682.11028634384274 172.51110770180821 3519.6828999686986 86.878525953739882 139.24348370172083 538.9342008009553 339.37318770773709 103.34183923900127 1375.1097669452429 55.418946415185928 2117.477451982908 6263.5327642103657 99.806127477437258 797.53654214739799 66.966228395700455 13.025839604437349 31.185808390378952 5.806737780570983 117.73038392979652 48.722503438591957 101.6898048799485 25.76973957195878 33.902722014114261 34.933135711587965
leaf_count=65415 544 2913 8831 633 2079 2633 4329 921 15093 2969 811 2279 1695 420 6183 227 9454 27071 438 3458 286 59 129 24 1994 204 822 113 168 396
internal_value=-0.000109338 0.0191925 -0.000192803 0.000763143 0.00253786 0.00195444 0.00663307 0.0106375 0.000905481 0.0158917 0.0131396 -0.000363548 0.00405818 0.000415088 -0.00099012 0.0040489 -0.00117936 -0.000336693 0.0108303 -0.0014447 -0.00612494 -0.021163 -0.00908598 -0.0313504 0.0153637 -0.00117734 0.00362328 -0.0272213 0.0115172 -0.00436826
internal_weight=36207.7 155.895 36051.8 19865.2 9872.21 9458.95 1732.32 1111.6 7726.63 413.259 939.084 5504.44 1081.46 742.082 9993.03 2222.2 9857.81 7740.33 203.148 4422.98 903.298 105.762 141.134 36.9925 799.841 104.141 1476.8 92.736 326.381 68.8359
internal_count=162591 3457 159134 93719 49556 43944 10688 8055 33256 5612 7134 23841 4832 3137 44163 9415 43530 34076 858 19009 3916 458 584 153 6323 431 7005 399 2643 564
is_linear=0
shrinkage=0.05


Tree=79
num_leaves=31
num_cat=0
split_feature=0 3 9 16 16 14 4 3 6 9 15 10 10 4 10 14 8 9 9 8 7 2 13 15 15 14 13 9 3 16
split_gain=19.1117 25.4671 15.7152 15.2209 18.2327 12.2674 12.2329 20.814 15.6792 13.5476 10.79 10.3288 10.1108 9.41782 9.2346 9.09589 8.8816 9.39596 8.1333 8.81355 8.54415 8.06421 8.05983 11.0084 7.99702 12.8515 7.54302 8.26169 8.07355 7.30754
threshold=8.5000000000000018 4.5000000000000009 3.5000000000000004 2.5000000000000004 11.500000000000002 31.000000000000004 4.5000000000000009 5.5000000000000009 1.0000000180025095e-35 1.0000000180025095e-35 10.500000000000002 2.5000000000000004 4.5000000000000009 1.0000000180025095e-35 1.5000000000000002 15.000000000000002 5.5000000000000009 1.5000000000000002 1.5000000000000002 3.5000000000000004 2.5000000000000004 5.5000000000000009 5.5000000000000009 3.5000000000000004 20.500000000000004 33.000000000000007 3.5000000000000004 1.0000000180025095e-35 1.5000000000000002 7.5000000000000009
decision_type=2 2 2 2 2 2 2 2 2 2 2 2 2 2 2 2 2 2 2 2 2 2 2 2 2 2 2 2 2 2
left_child=3 26 -3 13 12 15 24 8 11 -9 -11 -8 18 -1 -15 -4 17 -16 -5 29 -21 -12 -10 -24 -6 -26 27 28 -2 -20
right_child=1 2 5 4 6 -7 7 9 22 10 21 -13 -14 14 16 -17 -18 -19 19 20 -22 -23 23 -25 25 -27 -28 -29 -30 -31
leaf_value=-0.00020582797246251856 -0.0069520628761871707 0.039006480726477617 -0.0038845294654346802 -0.00082794112906469687 -3.9632219832051931e-05 0.041972700157993169 0.012141866537942282 0.04429068488506923 -0.0030959858529095966 0.029683103233509353 -0.014588544560502981 0.0018938579028464253 -0.0095479240930947638 0.0096678245438532144 0.0052801116151741968 -0.11600987241794143 -0.064751267006772459 -0.01249408797778353 -0.0051161679184697547 -0.010892898988085556 -0.04715621955107633 0.038886373219409437 0.045152410192615573 -0.039151284156806521 0.0091500030168499332 -0.0019782455371932838 0.013302792026540864 -0.027203022649693237 0.018520241246202808 -0.00069755704162416865
leaf_weight=861.81529910117388 92.265137685462832 92.45394107606262 3.4512031460180861 14289.744827527553 12530.575511112809 4.5661123562604189 446.64565996732563 49.881800903938711 352.9011222505942 43.94537306483835 38.409361436031759 546.97461860533804 386.86050542909652 834.56308095529675 354.41818160098046 3.8006169013679028 5.1084556356072417 94.093320752494037 1917.3988471450284 114.48539755772799 18.928941161371768 8.6352316848933679 4.440990410745143 30.240851547569036 617.39407222904265 447.48381958995014 110.06223328132182 30.226695874705911 46.930684118531644 1827.5809910381213
leaf_count=3539 438 4207 55 61087 52675 95 2554 1366 1751 562 298 2512 1694 4460 1694 58 26 483 8350 495 85 283 23 147 2600 1879 744 156 520 7802
internal_value=-0.000119878 0.010979 0.0320666 -0.000238776 -0.000499207 -0.0222258 0.000789777 0.0050406 0.00317331 0.0233488 0.0118682 0.00650048 -0.0015494 0.00384 0.00654673 -0.0626485 0.000804591 0.00155126 -0.00137908 -0.00340973 -0.016038 -0.004773 -0.00535633 -0.0283562 0.000313878 0.00447368 0.00311148 -0.00350911 0.00163607 -0.00295985
internal_weight=36206.3 383.757 104.272 35822.5 33672.5 11.8179 15117.5 1522.08 1381.2 140.872 90.99 993.62 18555 2150 1288.18 7.25182 453.62 448.512 18168.1 3878.39 133.414 47.0446 387.583 34.6818 13595.5 1064.88 279.485 169.423 139.196 3744.98
internal_count=162638 6273 4415 156365 146163 208 66650 9496 6987 2509 1143 5066 79513 10202 6663 113 2203 2177 77819 16732 580 581 1921 170 57154 4479 1858 1114 958 16152
is_linear=0
shrinkage=0.05


Tree=80
num_leaves=31
num_cat=0
split_feature=3 0 1 17 6 10 4 8 2 1 0 0 5 6 2 17 6 2 2 16 4 16 14 3 15 14 0 14 6 8
split_gain=21.5919 40.6228 19.0925 14.6322 13.3875 11.7096 19.4754 11.5313 16.2856 17.0794 15.6425 10.1021 17.8352 16.1172 10.364 9.88923 9.54683 8.579 8.47458 8.41773 10.506 10.3915 10.2534 8.81423 8.80081 8.8721 8.38523 8.1183 8.01054 7.70827
threshold=4.5000000000000009 6.5000000000000009 6.5000000000000009 1.5000000000000002 2.5000000000000004 1.0000000180025095e-35 1.0000000180025095e-35 4.5000000000000009 4.5000000000000009 3.5000000000000004 1.5000000000000002 3.5000000000000004 1.0000000180025095e-35 1.5000000000000002 3.5000000000000004 17.500000000000004 2.5000000000000004 1.0000000180025095e-35 5.5000000000000009 19.500000000000004 1.5000000000000002 4.5000000000000009 51.000000000000007 3.5000000000000004 18.500000000000004 7.0000000000000009 5.5000000000000009 55.000000000000007 5.5000000000000009 1.0000000180025095e-35
decision_type=2 2 2 2 2 2 2 2 2 2 2 2 2 2 2 2 2 2 2 2 2 2 2 2 2 2 2 2 2 2
left_child=3 7 4 18 -3 6 28 8 -2 -10 -11 16 -13 14 -14 17 -8 -15 -1 20 21 -7 -23 -21 25 -25 -20 -24 -5 -6
right_child=1 2 -4 5 29 19 11 -9 9 10 -12 12 13 15 -16 -17 -18 -19 26 23 -22 22 27 24 -26 -27 -28 -29 -30 -31
leaf_value=0.0066014731431493327 0.0015130788000469785 0.029284358605259804 0.046007522954625818 -0.00093994503497582299 0.009256625347003394 0.0081475077075871816 0.0016580866400244436 -0.018008146632770027 0.0049717353057758956 -0.0007704759034995721 0.038168704888833643 -0.0018873619121709808 0.011945194066518408 -0.0079148312872998079 0.029048209652969548 0.020289536726971036 -0.0060253884886245961 0.0063037284872829273 -0.006433164129204751 0.0046795157586098507 -0.0020553572304720445 -0.0088533449474772399 -0.04624962197463825 -0.079016356654037237 0.031972657024800621 -0.016090825516131651 -0.069152852798651021 -0.011991813528393912 -0.01259032883246318 -0.026568612786799992
leaf_weight=985.43066860176623 2936.7559682801366 77.030406298115849 69.895520460791886 14147.562890231609 57.244379769079387 75.389854058623314 6427.4004015997052 68.094588954932988 254.32788378745317 35.728438548743725 92.731254757381976 503.03440104424953 299.35138198360801 165.91000135242939 125.80108033400029 79.352266780100763 431.41728220880032 294.22193160094321 57.916678680106997 658.99436090886593 7538.0408874880522 419.34172388911247 35.631711043417454 6.6152387019246808 7.8013641573488703 36.557731678709388 5.8690393241122356 33.602232307195663 149.09883350133896 20.353302958421409
leaf_count=4212 13724 1624 4405 57188 575 310 27349 387 1569 272 2436 2096 1628 698 1452 480 1793 1737 292 2798 31968 1702 146 38 40 186 49 136 615 251
internal_value=5.7502e-05 0.00372472 0.024321 -0.000350281 0.0145182 -0.000544152 5.81201e-05 0.00235965 0.00277746 0.0124778 0.0273386 0.00198043 0.00574534 0.0097256 0.0170059 0.00398819 0.0011748 0.00117694 0.00545821 -0.00209038 -0.00254784 -0.00913042 -0.0117965 0.00313007 -0.0169012 -0.0257327 -0.0122041 -0.0296228 -0.00106145 -0.000140072
internal_weight=36096.5 3612.16 224.524 32484.3 154.628 31435.1 22623.2 3387.64 3319.54 382.788 128.46 8326.49 1467.67 964.637 425.152 539.484 6858.82 460.132 1049.22 8811.98 8102.01 563.966 488.576 709.969 50.9743 43.173 63.7857 69.2339 14296.7 77.5977
internal_count=162156 25243 6855 136913 2450 132360 95036 18388 18001 4277 2708 37233 8091 5995 3080 2915 29142 2435 4553 37324 34262 2294 1984 3062 264 224 341 282 57803 826
is_linear=0
shrinkage=0.05


Tree=81
num_leaves=31
num_cat=0
split_feature=2 3 5 16 8 6 0 2 1 14 1 1 0 2 16 14 14 10 0 14 11 3 7 17 8 2 2 2 15 17
split_gain=18.5368 35.7367 15.383 15.2289 15.8516 12.6085 27.0376 22.7333 14.8227 11.6304 11.2866 10.8815 10.6024 14.2238 14.0203 11.2415 9.97583 9.25499 9.16022 8.84902 8.53996 10.2052 8.20952 11.3762 10.1468 8.08868 7.86519 14.9116 8.67065 9.87391
threshold=7.5000000000000009 7.5000000000000009 2.5000000000000004 20.500000000000004 3.5000000000000004 1.5000000000000002 3.5000000000000004 1.0000000180025095e-35 3.5000000000000004 3.0000000000000004 3.5000000000000004 2.5000000000000004 1.0000000180025095e-35 2.5000000000000004 4.5000000000000009 35.000000000000007 15.000000000000002 4.5000000000000009 1.5000000000000002 47.000000000000007 1.5000000000000002 4.5000000000000009 3.5000000000000004 7.5000000000000009 1.0000000180025095e-35 4.5000000000000009 1.5000000000000002 1.0000000180025095e-35 3.5000000000000004 18.500000000000004
decision_type=2 2 2 2 2 2 2 2 2 2 2 2 2 2 2 2 2 2 2 2 2 2 2 2 2 2 2 2 2 2
left_child=3 2 -2 4 5 6 12 -8 9 -9 -4 25 17 14 15 -14 -13 26 -16 -6 -11 -22 23 -10 -24 -5 27 -1 -29 -30
right_child=1 -3 10 11 19 -7 7 8 22 20 -12 16 13 -15 18 -17 -18 -19 -20 -21 21 -23 24 -25 -26 -27 -28 28 29 -31
leaf_value=-0.0007778434264727541 -0.0021111702001379551 0.04380356641460912 0.0062925822296431792 0.00055609934786197057 -0.004562324081848812 -0.0021330972335987983 -0.00096912506643463323 -0.014476172560735702 0.0065947063813579058 0.010990674045667316 0.028960334869442619 -0.0016763279495061378 0.0095054825876342702 0.0043825744413290768 0.0017477664717963786 -0.0013791344906146793 0.012930313542160564 -0.0097677493327309774 -0.0025314287991362624 -0.017197976663123823 -0.0063543618999718308 0.02893050355889841 0.017972762977898085 0.028789807913466109 -0.034070574205039422 0.013827508533797757 -0.0022330319709988433 0.01629590656274316 0.0049782490619345995 -0.01087298261078791
leaf_weight=7020.8738786876202 356.0458555072546 64.011215997859836 156.54314932785928 1420.5229274369776 713.63220071326941 6894.680121909827 738.12482379749417 59.702010849490762 81.159953307360411 653.3517803279683 84.587328325025737 154.22996234428138 623.34449468553066 2479.1884430935606 1910.7724949605763 382.94047796353698 482.85531896911561 296.4125714302063 3619.7543104812503 171.94623807258904 149.13342630304396 23.756276585161686 24.50840026140213 200.00574777461588 15.158251392655073 124.90628700889647 5939.6202723793685 150.08872060477734 1087.2825862616301 108.00200511515141
leaf_count=28227 1713 3689 988 5864 3012 30174 3086 317 941 3380 2248 795 2666 11781 7963 1636 2536 1209 15026 722 726 192 222 3112 88 572 24168 627 4408 440
internal_value=3.60549e-06 0.00829868 0.00449292 -0.000150777 -0.00041563 -0.000235554 0.000276235 0.00594282 0.0101705 0.00683582 0.0142443 0.00389552 -0.000190394 0.0011578 -6.52462e-05 0.00536336 0.00939424 -0.00102282 -0.00105299 -0.0070157 0.00837577 -0.00150597 0.0193789 0.0223831 -0.00191513 0.00162873 -0.000841627 0.000146201 0.00496835 0.00354598
internal_weight=36187.1 661.188 597.176 35526 33343.4 32457.9 25563.2 1944.9 1206.78 885.943 241.13 2182.51 23618.3 9016 6536.81 1006.28 637.085 14602.3 5530.53 885.578 826.241 172.89 320.832 281.166 39.6667 1545.43 14305.9 8366.25 1345.37 1195.28
internal_count=162528 8638 4949 153890 144123 140389 110215 12064 8978 4615 3236 9767 98151 39072 27291 4302 3331 59079 22989 3734 4298 918 4363 4053 310 6436 57870 33702 5475 4848
is_linear=0
shrinkage=0.05


Tree=82
num_leaves=31
num_cat=0
split_feature=0 9 3 5 2 5 2 8 4 2 16 4 6 16 1 4 17 7 1 1 0 2 6 3 17 5 15 16 1 11
split_gain=15.7029 13.9983 21.3516 27.7874 16.6731 14.1302 13.7609 14.9199 13.2228 10.1335 9.62304 9.59317 9.36051 13.8661 11.3717 8.70942 8.51582 8.2012 12.1714 9.65883 13.1654 13.6755 11.9435 11.3791 9.30016 9.0405 8.84616 8.00431 10.0063 8.04864
threshold=11.500000000000002 3.5000000000000004 4.5000000000000009 5.5000000000000009 6.5000000000000009 1.0000000180025095e-35 3.5000000000000004 4.5000000000000009 2.5000000000000004 1.5000000000000002 18.500000000000004 1.5000000000000002 1.0000000180025095e-35 16.500000000000004 2.5000000000000004 1.0000000180025095e-35 20.500000000000004 1.0000000180025095e-35 1.0000000180025095e-35 1.5000000000000002 2.5000000000000004 1.0000000180025095e-35 2.5000000000000004 2.5000000000000004 2.5000000000000004 7.5000000000000009 32.500000000000007 3.5000000000000004 5.5000000000000009 7.5000000000000009
decision_type=2 2 2 2 2 2 2 2 2 2 2 2 2 2 2 2 2 2 2 2 2 2 2 2 2 2 2 2 2 2
left_child=1 2 10 5 15 12 -7 11 -2 16 17 -8 -4 -14 -15 -5 -3 18 26 22 -21 -22 -20 -23 -24 -26 -1 28 -19 -29
right_child=8 9 3 4 -6 6 7 -9 -10 -11 -12 -13 13 14 -16 -17 -18 27 19 20 21 23 24 -25 25 -27 -28 29 -30 -31
leaf_value=-0.00081457681054040304 -0.00033737294534456495 0.00034384339463383796 0.0012581810547976323 -0.0051825853211460299 0.043977858560127238 0.0032415866654106826 0.0059228736073601573 -0.021798502767067206 0.03838144932470694 -0.01031691835423338 0.0023562637981156234 0.024345252130277398 -0.0046186856122345746 -0.055462811248486822 -0.0039141686645597458 0.018888847961351513 -0.02471972235209198 0.00035779658967063227 0.0060024571140332768 -0.0010351753006828271 -0.0014968787907182197 0.004396234243025275 0.024814766865667554 0.015843562629583977 -0.005884669132568598 -0.066148458597203252 0.051212113682341756 -0.002227124653427069 0.014634632696744702 -0.047331893330879227
leaf_weight=12998.847331464291 39.83331641741097 613.87904489785433 681.07834086567163 48.548059575259686 56.482822339050472 1005.7730159237981 108.40881074219942 25.570786351338029 49.392879576422274 538.17136858496815 3622.1500237416476 202.97484098747373 214.59874661266804 27.205156520009041 17.63301170617342 166.28788289614022 35.871081836521626 715.12169463932514 1897.2438295409083 3762.0013917386532 627.90197960287333 715.40698104351759 24.59181335568428 311.66488801967353 273.50772714242339 6.3681856319308272 8.1755193620920164 7117.5755991209298 148.15629561059177 9.9042503181844932
leaf_count=52527 217 2557 2824 223 3316 4951 601 178 2293 2716 15510 2765 899 112 82 2592 150 3041 8098 15855 2599 3625 106 2354 1179 32 33 29915 812 46
internal_value=0.000146573 9.46216e-05 0.00027685 0.00467701 0.0198047 0.00287938 0.00617136 0.0149164 0.0210962 -0.0052427 -7.18144e-05 0.0179315 -0.00182042 -0.00990244 -0.0351908 0.0134492 -0.00103985 -0.00037915 0.000147704 0.00173473 0.000599736 0.00431613 0.00452721 0.00786993 -0.00466555 -0.00725589 -0.000781876 -0.00173906 0.002808 -0.0022898
internal_weight=36070.3 35981.1 34793.2 2554.56 271.319 2283.24 1342.73 336.954 89.2262 1187.92 32238.6 311.384 940.515 259.437 44.8382 214.836 649.75 28616.5 20625.7 7618.69 5416.98 1654.97 2201.71 1027.07 304.468 279.876 13007 7990.76 863.278 7127.48
internal_count=162208 159698 154275 18543 6131 12412 8495 3544 2510 5423 135732 3366 3917 1093 194 2815 2707 120222 86408 33848 24433 8578 9415 5979 1317 1211 52560 33814 3853 29961
is_linear=0
shrinkage=0.05


Tree=83
num_leaves=31
num_cat=0
split_feature=0 5 17 7 1 5 4 11 17 11 1 0 2 4 5 1 15 14 3 15 13 17 5 15 17 8 17 2 1 15
split_gain=18.2281 29.4195 13.4697 11.7956 18.2685 20.8215 12.4762 12.0136 13.8188 10.7898 10.1972 13.3695 12.0472 12.5408 10.4101 9.70064 9.44838 8.39906 9.12835 8.37187 8.26049 8.51477 7.61719 7.5011 7.21172 7.05091 6.99733 10.1586 6.95511 9.01198
threshold=7.5000000000000009 7.5000000000000009 1.5000000000000002 1.5000000000000002 4.5000000000000009 4.5000000000000009 2.5000000000000004 1.0000000180025095e-35 10.500000000000002 1.5000000000000002 1.0000000180025095e-35 1.0000000180025095e-35 1.0000000180025095e-35 5.5000000000000009 2.5000000000000004 6.5000000000000009 24.500000000000004 31.000000000000004 8.5000000000000018 1.0000000180025095e-35 3.5000000000000004 1.5000000000000002 8.5000000000000018 2.5000000000000004 13.500000000000002 1.0000000180025095e-35 7.5000000000000009 2.5000000000000004 1.5000000000000002 21.500000000000004
decision_type=2 2 2 2 2 2 2 2 2 2 2 2 2 2 2 2 2 2 2 2 2 2 2 2 2 2 2 2 2 2
left_child=2 15 -1 4 9 7 26 8 16 10 22 17 28 14 23 20 19 -12 -19 -6 24 -22 -4 -14 -2 -5 27 -7 -13 -30
right_child=1 -3 3 25 5 6 -8 -9 -10 -11 11 12 13 -15 -16 -17 -18 18 -20 -21 21 -23 -24 -25 -26 -27 -28 -29 29 -31
leaf_value=0.0049571435010137719 -0.007218685271751935 0.042324505394632526 -0.0006046642177814722 -0.0012967475687760911 0.049146461273175734 -0.043440536308626057 0.033134181122896088 -0.0082529426964201638 0.013720828357764895 -0.00222501376778369 -0.0029194027906097528 0.0047087855626746925 0.011721972920041828 0.01610862249956755 0.010491347906951989 0.027117843250247992 -0.056906749953908653 0.0023161379260538809 -0.042243456092361631 -0.00054153261321666414 -0.031093913158267674 0.012920570548895373 -0.027592898735317496 0.001759684514496987 0.0091873242603011177 -0.0047442146036388308 0.016512748990273992 0.023766646276900269 -0.00079462751277184864 -0.018671309197087826
leaf_weight=1174.3259071707726 218.869150435552 57.600195659324527 12058.313220784068 5274.1295122103766 8.6906430106610042 13.891452021896841 104.3376540383324 180.2009801119566 325.69628090597689 5534.3096941038966 1949.7599555552006 593.54704654216766 209.87075901031494 247.95285123214126 547.61983017344028 45.04134853836149 7.2695599347352973 1564.6659664995968 11.578482650220392 345.39097890537232 11.61907046753913 202.33195214532316 26.201626010239124 1895.4770748652518 96.525620790198445 2063.4045230867341 54.154025426134467 9.4459724482148868 1222.3232298865914 74.814592257142067
leaf_count=5219 1318 3734 48764 22990 57 66 2642 869 1943 23396 7928 2431 1024 1946 3282 1464 32 6359 50 1733 71 1332 115 8219 752 9086 366 77 5010 306
internal_value=-0.000158631 0.00825832 -0.000308485 -0.000488643 -5.30847e-06 0.00646324 0.021847 0.00323785 0.00625169 -0.000266949 0.000264199 0.00161157 0.00333118 0.00535519 0.00435015 0.00484212 -0.000480455 -0.000725259 0.00198882 0.000678018 0.00294671 0.0105303 -0.00066318 0.00275277 -0.00219768 -0.00226622 0.00664949 -0.016238 0.000225689 -0.0018257
internal_weight=36129.4 631.987 35497.4 34323 26985.5 1049.08 181.829 867.248 687.047 25936.4 20402.1 8317.61 4791.61 2900.92 2652.97 574.387 361.351 3526 1576.24 354.082 529.346 213.951 12084.5 2105.35 315.395 7337.53 77.4914 23.3374 1890.68 1297.14
internal_count=162581 8671 153910 148691 116615 7785 3151 4634 3765 108830 85434 36555 22218 14471 12525 4937 1822 14337 6409 1790 3473 1403 48879 9243 2070 32076 509 143 7747 5316
is_linear=0
shrinkage=0.05


Tree=84
num_leaves=31
num_cat=0
split_feature=6 4 10 5 1 4 14 1 3 9 11 17 7 11 5 16 17 5 7 14 17 14 15 3 15 4 10 10 4 17
split_gain=14.5719 14.5411 30.667 32.0622 22.4756 15.07 11.7639 11.7493 10.7411 13.6217 10.5492 12.0037 10.0737 10.6451 10.9854 9.92602 9.92557 9.65472 9.17562 10.0082 9.83469 12.451 9.29027 13.6518 11.1272 9.12516 11.8376 9.08855 9.81549 11.1221
threshold=1.5000000000000002 1.0000000180025095e-35 1.0000000180025095e-35 4.5000000000000009 1.0000000180025095e-35 4.5000000000000009 11.000000000000002 1.0000000180025095e-35 2.5000000000000004 1.0000000180025095e-35 3.5000000000000004 7.5000000000000009 3.5000000000000004 2.5000000000000004 1.0000000180025095e-35 22.500000000000004 18.500000000000004 1.5000000000000002 1.0000000180025095e-35 23.000000000000004 12.500000000000002 11.000000000000002 7.5000000000000009 6.5000000000000009 20.500000000000004 8.5000000000000018 8.5000000000000018 4.5000000000000009 4.5000000000000009 10.500000000000002
decision_type=2 2 2 2 2 2 2 2 2 2 2 2 2 2 2 2 2 2 2 2 2 2 2 2 2 2 2 2 2 2
left_child=1 6 3 7 -5 10 15 -3 -9 12 -6 -12 13 14 -10 17 -8 -1 19 -11 -20 -22 -23 24 -24 27 -27 28 -4 -30
right_child=-2 2 25 4 5 -7 16 8 9 18 11 -13 -14 -15 -16 -17 -18 -19 20 -21 21 22 23 -25 -26 26 -28 -29 29 -31
leaf_value=-0.0014872943795981931 -0.0018356880419824933 0.00017431396439679595 -0.0013427224012670499 0.00071778626833016808 0.017347893256644067 0.032504789983196718 -0.00041510516136109829 0.002501554138652785 0.0071784818251157158 0.018025183341722061 0.023413787123184735 -0.010656186989975449 -0.017630939581027502 -0.010436190406251792 0.022548313482408346 0.014832468238541919 0.0049054734024589295 -0.0079707012453832903 -0.0075507112470793118 0.0026162743072549715 -0.024519443272684238 0.035174690553021672 0.0063441157071336841 -0.050606470085975214 0.075606219921822759 0.012477764354645364 -0.032897256656462238 -0.0076535633817536074 -0.0007332522246222083 0.0081240327304495565
leaf_weight=1296.3733862787485 7724.9280619472265 2831.4210040047765 5784.8751858407632 289.47126551344991 425.88110582623631 132.26178346760571 9262.0749729797244 2647.771110503003 179.31650323048234 175.14439778309315 38.336664512753487 79.392746041528881 24.327722825109959 37.565483044832945 330.58685012254864 69.38344070315361 968.17907584644854 1030.7887961789966 254.51391421072185 264.54664913006127 22.607673509046435 40.695680852048099 52.798451514914632 9.5008287644013745 6.5141702480614176 209.26054603140801 15.433902859687803 462.83588638622314 781.56168932002038 648.51857636962086
leaf_count=5221 35193 11539 23932 1249 3232 4592 37487 11392 775 930 190 422 153 192 2456 283 3935 4201 1164 1386 115 218 235 64 29 2517 74 1974 3760 3533
internal_value=8.9576e-05 0.000613774 0.00162745 0.00384249 0.0123755 0.0173685 -0.000650238 0.00264474 0.00437361 0.00791894 0.0136858 0.000438145 0.0138518 0.0152508 0.0171432 -0.00380342 8.84281e-05 -0.00435904 0.00381349 0.00875418 -0.00180524 0.009263 0.0162372 0.00503779 0.013951 -0.000570827 0.00936103 -0.000861487 -0.000425779 0.00328339
internal_weight=36096.9 28371.9 15745.1 7842.65 965.344 675.872 12626.8 6877.31 4045.89 1398.12 543.611 117.729 571.797 547.469 509.903 2396.55 10230.3 2327.16 826.322 439.691 386.631 132.117 109.509 68.8135 59.3126 7902.49 224.694 7677.79 7214.96 1430.08
internal_count=162443 127250 76123 40333 9685 8436 51127 30648 19109 7717 3844 612 3576 3423 3231 9705 41422 9422 4141 2316 1825 661 546 328 264 35790 2591 33199 31225 7293
is_linear=0
shrinkage=0.05


Tree=85
num_leaves=31
num_cat=0
split_feature=4 1 10 4 16 5 17 3 2 16 6 6 7 1 8 9 8 4 11 11 8 17 9 3 7 5 14 8 5 3
split_gain=17.7293 34.0689 20.1632 18.2966 15.7095 14.1586 12.9378 13.7594 10.7844 8.85604 8.53563 10.5946 8.2541 15.8032 7.88817 7.83525 12.0438 7.7656 7.91192 7.28544 7.65322 9.83498 7.18922 12.1444 8.48933 7.73861 10.973 8.48863 18.0829 7.13398
threshold=6.5000000000000009 4.5000000000000009 1.5000000000000002 1.0000000180025095e-35 2.5000000000000004 8.5000000000000018 13.500000000000002 4.5000000000000009 3.5000000000000004 15.500000000000002 3.5000000000000004 7.5000000000000009 1.0000000180025095e-35 1.5000000000000002 6.5000000000000009 3.5000000000000004 1.5000000000000002 4.5000000000000009 6.5000000000000009 5.5000000000000009 2.5000000000000004 2.5000000000000004 1.5000000000000002 1.0000000180025095e-35 4.5000000000000009 1.0000000180025095e-35 19.000000000000004 4.5000000000000009 3.5000000000000004 1.0000000180025095e-35
decision_type=2 2 2 2 2 2 2 2 2 2 2 2 2 2 2 2 2 2 2 2 2 2 2 2 2 2 2 2 2 2
left_child=2 12 3 -1 -5 6 14 22 -3 10 -4 -12 13 19 15 -6 -17 18 -7 20 21 -2 23 -8 25 -25 -27 -28 -29 -15
right_child=1 8 9 4 5 17 7 -9 -10 -11 11 -13 -14 29 -16 16 -18 -19 -20 -21 -22 -23 -24 24 -26 26 27 28 -30 -31
leaf_value=-0.00056072558785884416 0.031931182366279662 0.012358129098778996 -0.0030479473183802736 0.0088053425971891218 0.00063343324600309591 0.016525598128285433 0.00055967881259646416 0.012930439749331561 0.034834203654867057 0.0008962424468235454 -0.016373415703966016 0.053319215111347046 -0.0075298516764007589 0.00073536521893248312 -0.030526978895672019 -0.00226364486917679 -0.027702283012874376 0.045486422701814869 -0.027373897983849385 -0.061344401120701046 -0.014762660521460991 0.00067956476361371448 -0.0031257546953831479 0.0026209795234289936 -0.023928213559068781 0.02068707582195493 0.0081636314922326689 -0.092361808769467119 0.050457566320931804 0.021408611292545118
leaf_weight=16095.059686621651 27.032949220389128 100.46899518650025 5250.0793223129585 796.41263995505869 7635.4578090170398 109.11887258291245 1238.1922897398472 383.77085899654776 113.84552343841642 1527.5640403199941 172.66042514331639 5.6310473978519431 179.14131010044366 57.066304191946983 20.749067449942231 199.94672441668808 60.639318470843136 20.791080215014517 11.329300189390777 4.8807500228285781 73.371725209057331 366.28338613547385 428.65486639365554 366.78551525622606 20.618693450465798 224.14281378034502 443.44735704828054 5.99633004888892 3.5158386640250683 155.28507023397833
leaf_count=65252 130 893 22111 4190 33722 982 5064 2769 5999 6559 753 26 896 251 98 906 280 702 58 22 343 1670 1849 1510 110 1199 2386 32 27 1684
internal_value=0.000137292 0.00645491 -5.70638e-05 0.000540228 0.00202064 0.00153703 0.00133564 0.00406532 0.0242976 -0.00246691 -0.00341332 -0.0141723 0.00202423 0.00452676 0.000261557 0.000342462 -0.00818331 0.0172674 0.0123964 -0.000573535 6.20231e-05 0.00282751 0.00281972 0.00392649 0.00784264 0.00847017 0.0116387 0.00716115 -0.0395736 0.015853
internal_weight=36097.9 1077.38 35020.6 28064.6 11969.6 11173.2 11031.9 3115.12 214.315 6955.93 5428.37 178.291 863.061 683.92 7916.79 7896.04 260.586 141.239 120.448 471.569 466.688 393.316 2731.35 2302.7 1064.51 1043.89 677.102 452.96 9.51217 212.351
internal_count=162473 11888 150585 121136 55884 51694 49952 14946 6892 29449 22890 779 4996 4100 35006 34908 1186 1742 1040 2165 2143 1800 12177 10328 5264 5154 3644 2445 59 1935
is_linear=0
shrinkage=0.05


Tree=86
num_leaves=31
num_cat=0
split_feature=2 5 16 1 8 2 2 5 8 4 11 15 10 4 7 14 6 3 11 11 3 16 16 0 13 16 16 6 4 5
split_gain=14.6512 30.3875 15.6382 13.7431 12.2033 11.9682 18.3871 16.406 16.1245 12.1355 13.4638 10.6948 12.4029 10.3111 9.55474 9.53232 9.40293 11.3079 9.03344 8.89341 8.63868 8.59098 11.0588 9.44183 9.17957 8.35624 8.21526 7.91467 7.87038 7.85917
threshold=4.5000000000000009 9.5000000000000018 19.500000000000004 9.5000000000000018 1.5000000000000002 1.0000000180025095e-35 1.5000000000000002 4.5000000000000009 1.0000000180025095e-35 1.0000000180025095e-35 2.5000000000000004 5.5000000000000009 5.5000000000000009 2.5000000000000004 6.5000000000000009 51.000000000000007 1.5000000000000002 1.5000000000000002 5.5000000000000009 2.5000000000000004 1.0000000180025095e-35 5.5000000000000009 7.5000000000000009 4.5000000000000009 4.5000000000000009 13.500000000000002 5.5000000000000009 2.5000000000000004 2.5000000000000004 8.5000000000000018
decision_type=2 2 2 2 2 2 2 2 2 2 2 2 2 2 2 2 2 2 2 2 2 2 2 2 2 2 2 2 2 2
left_child=4 2 3 11 5 -1 8 13 19 15 20 -2 -13 -8 18 -9 26 -18 -6 -7 -11 -15 27 -24 -25 -21 -17 -23 -5 -12
right_child=1 -3 -4 28 14 6 7 9 -10 10 29 12 -14 21 -16 16 17 -19 -20 25 -22 22 23 24 -26 -27 -28 -29 -30 -31
leaf_value=-0.00097161380519236252 0.0061470450772957283 0.037901224577326947 0.012668832797653419 -0.0071428994980224621 -0.0024180445785711912 0.0069227212034057893 -0.0022968863384926169 0.0016225245264544009 -0.0027199483681462256 0.0036599024085219355 -0.00069240241025559366 -0.00037812754174682835 -0.031669218661847791 0.0083583463729099399 -0.050912703424115427 0.050948435040678752 -0.012783672750006575 -0.11940084470834421 -0.02296634086188877 -0.0063202564310576555 0.02380432406799305 -0.0061359768321175324 0.00052051564165680921 0.0066565165220948581 0.034381211653138698 0.0097184220415057077 -0.022406556206348544 -0.033515845862987233 0.042046429552017373 0.023277423842052947
leaf_weight=16090.193352874368 719.75674843695015 60.758931858465075 326.0385830393061 10.947713267058132 5235.8704199567437 2449.9953821636736 4770.3738109357655 240.33523071557283 686.78915702551603 72.035125762224197 231.12056016083807 2401.9251142265275 32.091069892980158 416.4295511469245 10.265515841543673 4.5547285303473499 4.8837364017963392 5.0675072744488716 54.038181692361832 260.20669700950384 203.76211048290133 212.41978547349572 1214.0895180851221 124.27964249812067 39.295912850648165 118.05638240650296 23.559332609176636 30.139262739568949 31.616915349848568 40.135419867932796
leaf_count=65216 4778 3510 2299 93 21684 10729 19834 1019 2816 325 1279 12987 173 2092 45 20 20 24 227 1160 2230 960 5402 770 254 541 100 142 1442 370
internal_value=-0.000192207 0.00284231 0.00223757 0.00117354 -0.000526374 -9.92308e-05 0.00115996 -0.00021811 0.00415225 0.00643877 0.0107636 0.000792652 -0.000790682 -0.00102536 -0.00272147 -0.00205953 -0.0253071 -0.0670767 -0.00262795 0.00582103 0.0185428 0.0019529 0.000306573 0.00203987 0.0133168 -0.00131456 -0.0105224 -0.00953807 0.0293948 0.00285421
internal_weight=36121 3583.14 3522.38 3196.34 32537.9 27237.7 11147.5 7632.48 3515.05 825.454 547.053 3153.77 2434.02 6807.03 5300.17 278.401 38.0653 9.95124 5289.91 2828.26 275.797 2036.65 1620.22 1377.67 163.576 378.263 28.1141 242.559 42.5646 271.256
internal_count=162541 25282 21772 19473 137259 115303 50087 34841 15246 5387 4204 17938 13160 29454 21956 1183 164 44 21911 12430 2555 9620 7528 6426 1024 1701 120 1102 1535 1649
is_linear=0
shrinkage=0.05


Tree=87
num_leaves=31
num_cat=0
split_feature=2 3 10 4 0 6 3 15 3 0 2 4 0 17 15 15 16 4 6 10 13 1 0 15 0 0 4 7 14 11
split_gain=13.7012 16.8523 11.5684 19.4205 20.7378 25.3448 22.8778 11.4663 10.8622 13.1283 10.2728 9.95674 9.84698 9.11442 8.99863 10.345 9.17313 8.97267 9.75133 11.9882 9.21599 8.97047 8.55429 8.33018 8.68703 8.31806 8.29536 8.24317 8.03092 8.47332
threshold=10.500000000000002 3.5000000000000004 1.0000000180025095e-35 1.0000000180025095e-35 1.0000000180025095e-35 1.5000000000000002 7.5000000000000009 24.500000000000004 2.5000000000000004 1.5000000000000002 7.5000000000000009 5.5000000000000009 8.5000000000000018 1.0000000180025095e-35 11.500000000000002 6.5000000000000009 16.500000000000004 4.5000000000000009 1.5000000000000002 4.5000000000000009 5.5000000000000009 8.5000000000000018 3.5000000000000004 2.5000000000000004 4.5000000000000009 1.0000000180025095e-35 1.5000000000000002 1.0000000180025095e-35 37.000000000000007 4.5000000000000009
decision_type=2 2 2 2 2 2 2 2 2 2 2 2 2 2 2 2 2 2 2 2 2 2 2 2 2 2 2 2 2 2
left_child=2 27 3 -1 14 6 8 12 9 -6 11 23 -7 -11 15 21 26 -4 19 22 -20 -5 -19 -10 -25 -3 -16 -2 29 -15
right_child=1 25 17 4 5 7 -8 -9 10 13 -12 -13 -14 28 16 -17 -18 18 20 -21 -22 -23 -24 24 -26 -27 -28 -29 -30 -31
leaf_value=-0.00055058928311927182 0.010969342340652747 -0.016037525535801411 -0.0023747109653360216 0.00051331162257259408 0.0094778040377494488 -0.00055604047674533402 0.02642107725616057 -0.027947230650544098 0.018931007287698039 0.030964837814678237 0.032639884717690894 0.025053198821969453 0.015880340011705945 0.0040842677674673075 0.0063335383952263348 -0.006088940550779031 0.0095652215509904673 0.0035678934637486644 -0.0027574103151274901 -0.0037067761102417083 -0.024595394541865351 0.055973909373115742 0.015651002941847316 0.0041150750676948551 0.018260496485462577 0.044136559463662357 -0.0019339222797248722 -0.024129191425914222 -0.0039317955806813416 -0.028124372122260197
leaf_weight=16034.56978835538 63.46313969232142 6.5076762177050105 7386.2053835093975 997.65390676632524 717.82074055448174 1941.0910168234259 140.08023020159453 36.794811191037297 138.65988683141768 25.633217584341764 46.41992552485317 86.322121120989323 95.612040438689291 1048.6725741196424 420.9944414794445 1106.5605553090572 331.19504272192717 1377.047105871141 511.72812512330711 556.83156717009842 53.348865395411849 7.3446589931845656 163.91110837552696 881.10254690609872 123.78586748428643 48.879059975966811 1086.3274919837713 22.716351787559688 560.45605120807886 20.825194120407104
leaf_count=64989 370 33 30618 4157 3142 9104 2720 177 900 131 930 1286 1258 4830 1712 4503 1361 6347 2818 2519 284 36 2266 4521 1105 2873 4429 136 2586 106
internal_value=2.31485e-05 0.0155476 -3.80748e-05 0.000521591 0.00227348 0.00416006 0.00659165 -0.000284199 0.00583057 0.0038303 0.0095503 0.00867881 0.000215557 0.00138168 -0.00052685 -0.00275368 0.00203069 -0.00147763 0.00101068 0.00258104 -0.00481913 0.000918625 0.00485317 0.00744277 0.00585756 0.0370664 0.000375176 0.0017176 0.000916446 0.0034571
internal_weight=36038.6 141.566 35897 25847.9 9813.35 5863.28 3789.78 2073.5 3649.7 2373.41 1276.29 1229.87 2036.7 1655.59 3950.08 2111.56 1838.52 10049.1 2662.87 2097.79 565.077 1005 1540.96 1143.55 1004.89 55.3867 1507.32 86.1795 1629.95 1069.5
internal_count=162247 3412 158835 113983 48994 32796 22257 10539 19537 10795 8742 7812 10362 7653 16198 8696 7502 44852 14234 11132 3102 4193 8613 6526 5626 2906 6141 506 7522 4936
is_linear=0
shrinkage=0.05


Tree=88
num_leaves=31
num_cat=0
split_feature=4 5 9 5 3 2 5 5 15 3 1 11 11 17 16 8 11 16 11 5 13 16 16 6 8 2 6 8 2 1
split_gain=15.2705 24.4155 14.8646 16.7424 19.6799 23.6098 13.3959 11.9188 14.0271 11.4919 10.5417 10.8048 10.0624 9.70205 9.59969 8.84268 8.48851 8.21392 8.0837 8.35403 8.02601 11.4696 7.90416 7.68055 7.61516 7.50394 7.39262 9.5755 10.2525 7.10164
threshold=8.5000000000000018 5.5000000000000009 1.5000000000000002 1.0000000180025095e-35 4.5000000000000009 3.5000000000000004 1.5000000000000002 2.5000000000000004 1.5000000000000002 1.5000000000000002 1.0000000180025095e-35 2.5000000000000004 1.5000000000000002 18.500000000000004 6.5000000000000009 3.5000000000000004 3.5000000000000004 9.5000000000000018 5.5000000000000009 8.5000000000000018 5.5000000000000009 6.5000000000000009 1.5000000000000002 1.5000000000000002 6.5000000000000009 7.5000000000000009 1.0000000180025095e-35 2.5000000000000004 4.5000000000000009 8.5000000000000018
decision_type=2 2 2 2 2 2 2 2 2 2 2 2 2 2 2 2 2 2 2 2 2 2 2 2 2 2 2 2 2 2
left_child=2 16 3 20 6 -6 23 -8 9 14 13 26 24 22 -9 -7 -2 -16 -3 -20 -1 -22 -10 -5 -4 -17 -12 28 -28 -23
right_child=1 18 12 4 5 15 7 8 10 -11 11 -13 -14 -15 17 25 -18 -19 19 -21 21 29 -24 -25 -26 -27 27 -29 -30 -31
leaf_value=-0.00040764991801186753 0.0049890445371504992 0.041078103096465993 -0.00092507201249680511 0.0059631319012193483 0.0037894301718521465 0.027095337061669691 -0.0015114004323631737 0.019317790572909863 0.01402437485114378 0.023707485513424043 0.006945792307393406 5.4983614370401231e-05 -0.0054257803968721721 0.0074848847777185899 -0.022633406883390148 -0.029417320889706156 -0.077000056259448432 0.0044544491604120648 -0.13157848065146185 0.034201223342251182 0.0040905860061567038 -0.006971285729337225 -0.00221575800431318 -0.00061988675033678472 -0.039054105386827499 0.032426023722442278 0.0011160426119844523 -0.015020683327202446 0.026878397021390901 -0.064536021779942929
leaf_weight=11341.478823730722 299.08240431174636 64.732985058799386 5966.1106713828631 2011.7007140256464 495.0510191693902 191.58513351017609 4456.3145022131503 72.939295582473278 76.975771069526672 125.34213997982442 1682.1474303612486 1819.6249213758856 1643.8720743721351 313.02518291026354 38.740642406046391 13.49346141703427 3.190564300864934 100.81214529275894 1.4079449772834771 1.6511013852432368 288.14705200493336 944.57925809919834 2809.7825985625386 568.23429982364178 13.123867519199846 7.7064475286751977 524.02502304501832 84.602092926390469 41.691319527104497 5.3883506357669821
leaf_count=45814 2165 4047 26277 8587 2880 4081 18551 332 321 776 8458 8029 7335 1288 173 82 16 452 8 57 1165 3806 11442 2461 61 173 2476 462 405 22
internal_value=0.000101234 0.0102057 -3.69598e-06 0.000529004 0.00163256 0.00977624 0.00124111 0.000546086 0.00173843 0.0117004 0.00128066 0.00294275 -0.00196126 -0.000876092 0.00461785 0.0237047 0.00412363 -0.00306529 0.0373248 -0.0420999 -0.000824934 -0.00464738 -0.00178271 0.00451321 -0.00100876 -0.00693645 0.00519557 0.000668363 0.00301464 -0.0072978
internal_weight=36006.6 370.065 35636.5 28013.4 15433.8 707.836 14726 12146 7689.71 337.834 7351.87 4152.09 7623.11 3199.78 212.492 212.785 302.273 139.553 67.792 3.05905 12579.6 1238.11 2886.76 2579.94 5979.23 21.1999 2332.47 650.318 565.716 949.968
internal_count=162202 6293 155909 122236 71429 7216 64213 53165 34614 1733 32881 19830 33673 13051 957 4336 2181 625 4112 65 50807 4993 11763 11048 26338 255 11801 3343 2881 3828
is_linear=0
shrinkage=0.05


Tree=89
num_leaves=31
num_cat=0
split_feature=0 4 15 3 7 0 6 6 3 2 17 16 5 11 5 4 15 11 6 7 10 10 15 17 16 16 13 16 3 10
split_gain=16.0154 29.11 16.3987 12.3004 11.9421 11.4783 22.6106 10.7819 12.4639 10.5831 14.7524 10.3009 10.0255 10.0998 12.3814 9.89253 9.813 9.27108 9.07339 8.95717 8.65808 8.53126 7.30332 7.27124 7.21092 7.11725 14.787 9.28414 10.3191 8.38628
threshold=5.5000000000000009 6.5000000000000009 5.5000000000000009 2.5000000000000004 1.0000000180025095e-35 1.0000000180025095e-35 1.5000000000000002 3.5000000000000004 2.5000000000000004 2.5000000000000004 1.0000000180025095e-35 5.5000000000000009 6.5000000000000009 2.5000000000000004 2.5000000000000004 1.0000000180025095e-35 28.500000000000004 7.5000000000000009 7.5000000000000009 4.5000000000000009 3.5000000000000004 5.5000000000000009 11.500000000000002 2.5000000000000004 11.500000000000002 1.5000000000000002 3.5000000000000004 9.5000000000000018 1.5000000000000002 1.0000000180025095e-35
decision_type=2 2 2 2 2 2 2 2 2 2 2 2 2 2 2 2 2 2 2 2 2 2 2 2 2 2 2 2 2 2
left_child=4 2 20 24 5 -1 9 8 11 10 -7 -4 13 14 22 -10 25 -6 -9 -17 -2 -16 -11 -13 -3 26 -12 -27 -29 -30
right_child=1 3 7 -5 17 6 -8 18 15 12 16 23 -14 -15 21 19 -18 -19 -20 -21 -22 -23 -24 -25 -26 27 -28 28 29 -31
leaf_value=-0.00086017462144608492 0.012129573046105123 0.0228740065417114 -0.014119085390666371 0.035437010219983064 -0.0017512841550140807 0.022198871894771849 -0.0015660303997291156 -0.0072980755387375019 -0.0015553284208259888 0.00089865292075950792 -0.0009099019678870167 0.026398259615924576 0.019545429615785013 -0.0043489737556204394 0.013352567869478771 0.018369379987795833 0.034411805934922983 -0.043930955726453891 0.018942514334811259 -0.043774347805984291 -0.037472055625119745 -0.057859619466789691 0.0074806271504597073 0.00068495982888125255 -0.015745107676087017 -0.0014523564145874739 0.026644433869187151 0.0053657155790929108 0.001901649686663124 -0.0067519118855398691
leaf_weight=11616.978410886601 426.3649927508086 25.834464794024825 120.11943533457816 100.85397153068334 9489.0424462491646 86.029866397380829 4467.7092484077439 503.0531407315284 107.86609795317054 934.05609966255724 118.08985176682472 29.241991553455591 120.91497189737856 268.87180250976235 504.43035890907049 225.86342459078878 22.340090416371822 13.045498836785553 35.251425254158676 5.9512935355305663 8.9830671306699497 4.2411230821162453 767.96034843847156 459.85807161219418 22.714810017496347 2411.9738697428256 82.850068740546703 1660.2832578197122 1033.4350181594491 384.01017147302628
leaf_count=47017 2912 208 557 5636 40705 384 18660 2262 493 4234 533 131 1627 1294 3393 2854 96 59 164 73 46 30 3359 2106 184 10111 369 6793 4479 1684
internal_value=-4.45149e-05 0.00422322 0.0025711 0.0254831 -0.000304695 0.000279186 0.00130784 7.26639e-05 0.0032792 0.00283646 0.00164796 -0.000999729 0.0054868 0.00480124 0.00591412 0.0109535 0.00133849 -0.00180919 -0.00557968 0.016774 0.0111061 0.0127588 0.00386848 0.00222229 0.00480523 0.00120866 0.0104511 0.000870355 0.00269063 -0.000442748
internal_weight=36058.2 2071.96 1922.55 149.403 33986.3 24484.2 12867.2 1487.2 948.9 8399.49 5799.01 609.219 2600.47 2479.56 2210.69 339.681 5712.98 9502.09 538.305 231.815 435.348 508.671 1702.02 489.1 48.5493 5690.64 200.94 5489.7 3077.73 1417.45
internal_count=162453 17626 11598 6028 144827 104063 57046 8640 6214 38386 24449 2794 13937 12310 11016 3420 24065 40764 2426 2927 2958 3423 7593 2237 392 23969 902 23067 12956 6163
is_linear=0
shrinkage=0.05


Tree=90
num_leaves=31
num_cat=0
split_feature=1 2 0 8 4 3 16 0 5 3 16 10 17 16 14 17 6 5 5 14 13 13 3 4 15 10 0 6 14 2
split_gain=14.7549 17.8013 32.9576 14.3718 14.9035 10.4271 9.53811 7.94988 12.1311 7.75833 7.75746 10.0845 7.74701 8.89628 7.64999 7.52086 8.89325 7.30475 11.676 8.74015 9.95846 9.6305 7.15634 7.15244 12.6697 7.12384 7.13521 7.85468 7.49723 7.00655
threshold=2.5000000000000004 3.5000000000000004 6.5000000000000009 4.5000000000000009 7.5000000000000009 3.5000000000000004 20.500000000000004 2.5000000000000004 3.5000000000000004 3.5000000000000004 11.500000000000002 4.5000000000000009 20.500000000000004 4.5000000000000009 3.0000000000000004 6.5000000000000009 3.5000000000000004 1.0000000180025095e-35 1.5000000000000002 43.000000000000007 5.5000000000000009 1.0000000180025095e-35 1.0000000180025095e-35 1.5000000000000002 14.500000000000002 1.0000000180025095e-35 1.0000000180025095e-35 1.0000000180025095e-35 15.000000000000002 11.500000000000002
decision_type=2 2 2 2 2 2 2 2 2 2 2 2 2 2 2 2 2 2 2 2 2 2 2 2 2 2 2 2 2 2
left_child=10 6 3 4 7 -4 12 14 15 -10 11 -1 13 -2 -3 23 -17 19 -19 20 -12 -21 -6 -9 -25 26 28 -28 -8 -16
right_child=1 2 5 -5 22 -7 25 8 9 -11 17 -13 -14 -15 29 16 -18 18 -20 21 -22 -23 -24 24 -26 -27 27 -29 -30 -31
leaf_value=-0.0013092955307809821 0.0036414535125488378 0.019300640168155348 0.012044614951778471 -0.0080231191805474542 -0.017059475433305878 0.038094215767667042 -0.017299195014972266 -0.019495618293103114 0.011997702558177389 0.034870684516722893 0.0011637291843909631 -0.010704831945658608 0.0065605352590543667 -0.0010430370045978184 0.0011839097720332344 0.011309251021880348 -0.026863066676620691 0.0064297102947804829 0.00045861942093523492 -0.01409238498875167 -0.0063535008927249267 -0.0026967171018793343 0.035762609023056134 0.020272945711613519 -0.036968903345976176 -0.0021863992510503263 0.025705488222165125 0.0070866172746017614 0.0084649205954507103 -0.04450974119656062
leaf_weight=14440.441478377208 1202.7326504867524 59.232049580663443 64.520313298329711 223.64495161082596 7.2644659727811804 94.943573854397982 36.966468289494514 53.554461438208818 91.010942270979285 62.55551558919251 3096.828136689961 291.35657631978393 434.09606765583158 6441.6434674374759 918.81522238254547 257.45159525796771 16.219480037689209 985.46651333943009 4837.9704972347245 226.09937787055969 513.6455556973815 1029.9569096118212 54.648321527522057 40.010847222059965 12.746303010731934 152.52421502489597 111.66995142772794 114.95794508233666 119.56514570862055 8.4667334593832475
leaf_count=59696 5520 282 775 1076 39 6129 150 249 768 1586 12479 1217 2012 27823 4478 1582 77 4164 20619 911 2066 4149 1617 276 69 703 573 535 489 56
internal_value=-9.81025e-05 0.00147102 0.00576524 0.00384093 0.00551816 0.0275543 0.000491407 0.00453873 0.00945555 0.021315 -0.00075109 -0.00149511 6.29729e-05 -0.000306 0.00187951 0.00466264 0.00904692 0.000274247 0.00146907 -0.00115552 9.42873e-05 -0.00474802 0.0295648 -0.00662351 0.00644312 0.00695249 0.0105904 0.016261 0.00238047 0.000766695
internal_weight=36001 10579.2 1965.08 1805.62 1581.98 159.464 8614.16 1520.06 533.549 153.566 25421.8 14731.8 8078.47 7644.38 986.514 379.983 273.671 10690 5823.44 4866.53 3610.47 1256.06 61.9128 106.312 52.7572 535.684 383.16 226.628 156.532 927.282
internal_count=162165 56864 19059 12155 11079 6904 37805 9423 4607 2354 105301 60913 35355 33343 4816 2253 1659 44388 24783 19605 14545 5060 1656 594 345 2450 1747 1108 639 4534
is_linear=0
shrinkage=0.05


Tree=91
num_leaves=31
num_cat=0
split_feature=3 1 8 16 16 1 2 1 17 16 6 15 11 0 17 0 8 15 17 7 2 10 17 7 1 17 2 17 17 11
split_gain=13.3413 15.4424 12.3705 11.2642 13.1062 14.6009 10.6839 11.6475 11.5677 13.175 10.5753 10.1656 10.0653 8.23965 7.84423 8.32396 8.8231 7.80405 11.4712 9.8441 9.04738 7.48237 8.12672 7.47117 14.9894 13.3549 11.0014 10.1399 7.66588 7.09543
threshold=9.5000000000000018 5.5000000000000009 3.5000000000000004 11.500000000000002 4.5000000000000009 2.5000000000000004 7.5000000000000009 1.0000000180025095e-35 13.500000000000002 15.500000000000002 1.0000000180025095e-35 20.500000000000004 3.5000000000000004 13.500000000000002 1.0000000180025095e-35 4.5000000000000009 1.0000000180025095e-35 6.5000000000000009 7.5000000000000009 4.5000000000000009 3.5000000000000004 1.0000000180025095e-35 18.500000000000004 1.0000000180025095e-35 3.5000000000000004 4.5000000000000009 1.0000000180025095e-35 13.500000000000002 3.5000000000000004 3.5000000000000004
decision_type=2 2 2 2 2 2 2 2 2 2 2 2 2 2 2 2 2 2 2 2 2 2 2 2 2 2 2 2 2 2
left_child=2 10 3 4 5 14 11 -8 9 -9 -2 13 -6 23 15 16 -1 18 -7 -19 29 -4 -23 24 28 -26 -27 -25 -5 -20
right_child=1 -3 21 6 12 17 7 8 -10 -11 -12 -13 -14 -15 -16 -17 -18 19 20 -21 -22 22 -24 27 25 26 -28 -29 -30 -31
leaf_value=0.022898219823383401 0.012698938260991294 0.037405236602002505 -0.0028309239782021134 0.0051200447531809037 -0.0013917030134001618 0.020142628216411086 -0.0098699876856518862 -0.016000748339077688 0.041288965181447007 0.028016322584302752 -0.015435217185569387 0.005348603505549449 -0.0086621278717566065 0.051652069308651155 -0.00076839471447238939 0.066500168998038345 -0.029710888543734354 0.0040554500051130224 0.0020608486558371174 -0.016867855729903809 0.020004710902957558 -0.0089602906369935908 -0.034226705933768267 -0.0031178043837050235 -0.010087402308820569 0.0012973268079476729 0.016664214330090032 0.0027162508206948262 0.00012798437602174921 -0.042574419510422443
leaf_weight=33.572352856397629 123.54269066546112 47.305071033071727 855.51893149549142 849.10982256010175 14562.242378704716 190.21817579120398 38.288231197744608 29.91157068265602 46.329606751445681 39.383098327089101 45.777878279797733 1127.4430245864205 492.13016903307289 7.8388035618700078 3358.5358331222087 7.7838860414922229 10.450463220477102 916.56530034076422 259.45497866813093 59.888519270345569 76.643330872058868 298.77700467221439 35.619012775365263 2719.313887309283 81.893035754561424 173.48909413069487 354.38572141388431 1025.7137995483354 8154.0170737570152 9.219930134713648
leaf_count=149 963 3208 3819 3537 62215 1290 171 343 1299 581 399 4899 2157 112 14130 41 46 4650 1258 281 828 1346 174 11645 412 737 2797 4736 34075 46
internal_value=-0.000222267 0.0121487 -0.000297095 -0.000124825 -0.000897056 0.00134265 0.000928395 0.0140324 0.0219475 0.00901602 0.00509253 0.000789236 -0.00162937 0.000404639 -0.000470568 0.018837 0.0104095 0.00543243 0.0102829 0.00277217 0.00485173 -0.00530976 -0.0116516 0.000374566 0.00111263 0.00869928 0.0116138 -0.00151993 0.000598799 0.000529131
internal_weight=36030.4 216.626 35813.7 34623.8 19976.7 4922.33 14647.1 153.913 115.624 69.2947 169.321 14493.2 15054.4 13365.8 3410.34 51.8067 44.0228 1511.99 535.536 976.454 345.318 1189.91 334.396 13357.9 9612.89 609.768 527.875 3745.03 9003.13 268.675
internal_count=162344 4570 157774 152435 87091 22719 65344 2394 2223 924 1362 62950 64372 58051 14366 236 195 8353 3422 4931 2132 5339 1520 57939 41558 3946 3534 16381 37612 1304
is_linear=0
shrinkage=0.05


Tree=92
num_leaves=31
num_cat=0
split_feature=5 3 7 1 0 5 6 17 9 2 5 16 9 3 3 5 13 2 1 10 15 16 5 16 8 10 5 5 17 15
split_gain=14.4175 14.1365 13.387 22.6009 23.121 15.1901 12.9039 9.55425 9.72316 8.90334 14.7537 8.80667 9.95185 8.3717 7.35516 7.59172 7.40967 7.20727 6.64516 6.61554 6.80452 9.09642 6.60181 6.49294 14.4063 10.0299 10.6155 7.50254 8.61989 8.20857
threshold=10.500000000000002 4.5000000000000009 1.5000000000000002 2.5000000000000004 3.5000000000000004 3.5000000000000004 1.0000000180025095e-35 11.500000000000002 3.5000000000000004 1.5000000000000002 7.5000000000000009 6.5000000000000009 1.5000000000000002 3.5000000000000004 5.5000000000000009 1.0000000180025095e-35 5.5000000000000009 13.500000000000002 7.5000000000000009 1.5000000000000002 21.500000000000004 4.5000000000000009 1.5000000000000002 10.500000000000002 6.5000000000000009 4.5000000000000009 4.5000000000000009 1.5000000000000002 1.0000000180025095e-35 6.5000000000000009
decision_type=2 2 2 2 2 2 2 2 2 2 2 2 2 2 2 2 2 2 2 2 2 2 2 2 2 2 2 2 2 2
left_child=2 -2 3 17 11 7 -7 8 18 10 -8 12 -5 -9 -13 -16 -17 23 -6 20 21 -14 -10 24 25 27 -27 -1 29 -29
right_child=1 -3 -4 4 5 6 9 13 22 -11 -12 14 19 -15 15 16 -18 -19 -20 -21 -22 -23 -24 -25 -26 26 -28 28 -30 -31
leaf_value=0.00036820434433522593 0.0053630843652340597 0.040167096882203879 -0.0019551071274949666 0.0086548386281649053 0.0014157431796951844 0.032009637101214038 0.00052261626912248975 0.008442420184116969 -0.011833701044293168 0.018961416223651151 -0.1028359434720057 -0.00039115868965652699 0.0089438239243938046 0.027803920113906439 -0.0040652998112247164 0.021431616400006986 -0.022893210568160929 0.041617974382050955 0.034852216433953635 -0.021695436316823465 0.041984225076833893 -0.016067833641293074 -0.089533582654686875 0.00062787789662556133 -0.036693960627435747 -0.0079559845445152724 -0.047142464934946379 0.040876268640558475 -0.002368117782813082 0.0033367579674693174
leaf_weight=6732.6864942833781 93.594962535426021 42.389688880182803 7646.483610029798 736.07442051079124 357.73735097330064 129.58896609582007 42.127539044246078 217.26493728533387 6.5182262137532216 93.101953436620533 3.7608282901346675 2453.6718410309404 83.972071775235236 75.139890418387949 62.078976988792419 107.44287832919508 10.335532058961688 10.29251812584698 15.503483682870863 41.544330446049571 9.4009975753724557 64.101544919423759 4.7085703406482935 11415.86103936471 28.246282450854778 227.83362017571926 18.701240910217166 21.882806278765202 5257.4828208945692 43.530376240611076
leaf_count=27335 672 2783 34224 3460 1918 3759 236 1091 31 1990 25 10753 424 778 261 816 85 58 151 199 43 290 32 47347 120 941 87 122 22231 184
internal_value=-3.75031e-05 0.0162123 -9.90262e-05 0.000402997 0.00364619 0.0105983 0.0206595 0.00660613 0.00142557 0.0100771 -0.00794824 0.00180432 0.0059727 0.0134178 0.000324248 0.0100841 0.0175419 -0.000213255 0.00280461 -0.00394721 0.000735052 -0.0018838 -0.0444214 -0.000231387 -0.00102692 -0.000945029 -0.0109285 -0.000740868 -0.00214368 0.0158949
internal_weight=36053.1 135.985 35917.1 28270.6 4514.07 945.452 268.579 676.872 384.468 138.99 45.8884 3568.62 935.093 292.405 2633.53 179.857 117.778 23756.5 373.241 199.019 157.475 148.074 11.2268 23746.2 12330.4 12302.1 246.535 12055.6 5322.9 65.4132
internal_count=162446 3455 158991 124767 26342 10011 6010 4001 2132 2251 261 16331 4416 1869 11915 1162 901 98425 2069 956 757 714 63 98367 51020 50900 1028 49872 22537 306
is_linear=0
shrinkage=0.05


Tree=93
num_leaves=31
num_cat=0
split_feature=0 0 2 1 15 9 5 7 1 5 0 0 6 16 9 10 14 15 15 8 13 6 11 3 8 16 1 15 5 16
split_gain=11.4407 23.8927 16.8249 18.8788 13.5929 9.5966 10.5412 9.47972 9.61529 15.9395 10.7435 8.67968 11.6934 9.60583 10.0695 9.46302 7.80405 7.46243 8.19884 7.4507 7.43178 8.46005 7.25984 10.0813 8.61073 7.13488 8.18932 7.76435 7.21839 7.00645
threshold=1.0000000180025095e-35 1.5000000000000002 8.5000000000000018 3.5000000000000004 5.5000000000000009 4.5000000000000009 1.0000000180025095e-35 1.0000000180025095e-35 3.5000000000000004 4.5000000000000009 4.5000000000000009 5.5000000000000009 3.5000000000000004 24.500000000000004 1.0000000180025095e-35 3.5000000000000004 13.000000000000002 5.5000000000000009 23.500000000000004 5.5000000000000009 3.5000000000000004 3.5000000000000004 2.5000000000000004 6.5000000000000009 3.5000000000000004 15.500000000000002 10.500000000000002 6.5000000000000009 1.5000000000000002 20.500000000000004
decision_type=2 2 2 2 2 2 2 2 2 2 2 2 2 2 2 2 2 2 2 2 2 2 2 2 2 2 2 2 2 2
left_child=-1 -2 4 17 5 6 -3 8 -6 29 -11 12 22 14 15 20 -7 -4 -19 25 21 -13 23 24 -8 26 27 -9 -29 -10
right_child=1 2 3 -5 7 16 11 19 9 10 -12 13 -14 -15 -16 -17 -18 18 -20 -21 -22 -23 -24 -25 -26 -27 -28 28 -30 -31
leaf_value=-0.00091905595065286275 0.0046312872718729144 -0.00038714603775154765 -0.019719033587055439 0.031422861949905713 -0.00044800931195573688 0.017259031246172729 0.0063106925914162481 -0.014243554430685437 0.00049393038401162465 0.0092587437293257299 0.039179507164222811 0.022010635076517727 -0.021774018842760576 -0.057542406666688355 -0.00064698416743547854 -0.046331879313770752 -0.025612459589154375 0.011052752452401605 -0.067465695517868421 -0.028205994197528145 0.03401780683974253 -0.0064955544699134135 -0.0016603220931619665 0.028616204875984149 -0.01827658935535138 0.001363862567580527 0.025193435815369959 -0.0011666856722505625 -0.0065221559661813719 0.023147369562510664
leaf_weight=16109.554419169202 3488.2575539052486 1290.6911597512662 31.113178334198892 89.917144381906837 8638.1000490114093 13.476182471960781 1173.035897529684 182.77522491943091 487.59621157217771 69.81025121267885 52.611512864008546 99.185977046377957 42.836440784856677 4.7215688135474911 81.474274472799152 5.2507503703236571 49.998150565195829 96.080498361960053 3.4438393488526335 29.172061935067177 76.901627453509718 35.287527650594711 351.352518863976 49.364450700581074 36.723707482218742 787.20303956372663 23.7579584736377 1399.6229523271322 1143.0464654928073 36.70182691514492
leaf_count=65258 15208 5353 255 4707 36634 68 5983 854 2717 769 2150 938 190 38 745 60 269 613 22 123 732 194 1746 559 177 3942 360 5757 5553 240
internal_value=7.11454e-05 0.000873969 7.38773e-05 0.0137904 -0.000113321 0.00274375 0.00312016 -0.00084931 -7.74507e-06 0.00587277 0.0221174 0.00543434 0.00400894 0.0132166 0.0143374 0.0199731 -0.0165104 0.00165413 0.00833578 -0.00304076 0.0216201 0.0145303 0.00469473 0.00646807 0.00556432 -0.00283317 -0.00403494 -0.00428973 -0.00357422 0.00207971
internal_weight=35979.1 19869.5 16381.3 220.555 16160.7 3310.3 3246.83 12850.4 9284.82 646.72 122.422 1956.13 1653.31 302.822 298.1 216.626 63.4743 130.638 99.5243 3565.58 211.375 134.474 1610.48 1259.12 1209.76 3536.41 2749.2 2725.44 2542.67 524.298
internal_count=162214 96956 81748 5597 76151 17052 16715 59099 42510 5876 2919 11362 8655 2707 2669 1924 337 890 635 16589 1864 1132 8465 6719 6160 16466 12524 12164 11310 2957
is_linear=0
shrinkage=0.05


Tree=94
num_leaves=31
num_cat=0
split_feature=16 16 7 1 5 11 4 1 2 17 6 11 1 15 15 5 4 8 14 15 15 17 2 2 17 10 17 14 5 2
split_gain=13.4032 11.7771 12.1627 13.4086 15.0386 10.5268 11.3524 10.0326 12.9487 9.51126 8.96662 8.75895 8.67276 8.59466 8.57505 16.1971 10.9649 8.56011 8.41381 7.69627 7.51803 7.04899 7.35531 7.03471 7.01853 10.2605 7.07235 6.95916 6.63643 6.4376
threshold=4.5000000000000009 18.500000000000004 1.5000000000000002 1.0000000180025095e-35 10.500000000000002 1.0000000180025095e-35 6.5000000000000009 4.5000000000000009 1.0000000180025095e-35 1.0000000180025095e-35 1.0000000180025095e-35 4.5000000000000009 2.5000000000000004 6.5000000000000009 8.5000000000000018 4.5000000000000009 10.500000000000002 1.0000000180025095e-35 27.000000000000004 20.500000000000004 15.500000000000002 9.5000000000000018 1.0000000180025095e-35 1.5000000000000002 17.500000000000004 4.5000000000000009 30.000000000000004 49.000000000000007 1.0000000180025095e-35 10.500000000000002
decision_type=2 2 2 2 2 2 2 2 2 2 2 2 2 2 2 2 2 2 2 2 2 2 2 2 2 2 2 2 2 2
left_child=9 2 3 -2 5 6 24 19 -9 17 18 -6 -11 -14 -8 16 27 -1 -7 -3 -15 -13 -23 -4 -5 26 -26 -16 -18 -20
right_child=1 7 23 4 11 10 14 8 -10 12 -12 21 13 20 15 -17 28 -19 29 -21 -22 22 -24 -25 25 -27 -28 -29 -30 -31
leaf_value=0.028601888549205753 -0.0012424458840223675 0.00065840968581770036 -0.0011667893901461653 0.0011793518315975336 0.042663136131010901 -0.0033893467872780124 0.024951177874160249 -0.0027832066263226837 0.015303692737907215 0.00076137265891210442 -0.0066176551857150233 -0.053645639821022967 0.010295486890345568 -0.00082362933493487539 0.010182503481220203 0.04904826989380158 -0.005298117031176424 -0.0057022804429673153 0.003217723320359139 0.0095507287940061764 0.0081723438892614356 -0.057032147072798946 0.063765624776171564 -0.0046876366424455423 0.0072428483750229759 -0.045138284387577762 -0.050260349214564598 -0.026038436952783225 -0.069574720054790734 0.060158132308648332
leaf_weight=62.860212079249322 12142.269951120019 3378.3646119302139 3134.082013875246 5422.4189970679581 34.016794846858829 843.38123449683189 92.29140900913626 148.67166514694691 295.91243388596922 3500.6677199620754 659.57361879386008 4.8632013807073218 547.09168667206541 629.20633029611781 83.870075793005526 18.158788471948355 7.4502441734075573 25.588204364292324 913.70770116755739 262.2127982955426 368.12320546805859 1.8031360805034635 4.1847045035101473 2592.0440095067024 777.4419613503851 9.6081964746117574 5.3841523053124538 15.751573786139486 8.7112077409401518 4.9910134095698586
leaf_count=341 49140 14514 12852 23983 1602 3954 1251 631 3222 14767 3163 36 3707 3381 532 895 33 138 4237 1133 1898 8 82 12737 3772 41 26 95 80 77
internal_value=5.7638e-05 -0.000335873 -0.000717391 -0.000161592 0.00131176 0.00116558 0.00222218 0.00216477 0.00925532 0.0024233 -0.00164476 0.0301859 0.00213833 0.00525943 0.0132242 0.00514377 -0.00174197 0.0186777 0.000216674 0.00129888 0.00249686 -0.00892873 0.0273894 -0.00276057 0.00182169 0.00621703 0.00684735 0.00445547 -0.0399439 0.00352706
internal_weight=35994.7 30861.2 26776 21049.9 8907.61 8862.74 6441.09 4085.16 444.584 5133.54 2421.65 44.8678 5045.09 1544.42 226.233 133.942 115.783 88.4484 1762.08 3640.58 997.33 10.851 5.98784 5726.13 6214.85 792.434 782.826 99.6216 16.1615 918.699
internal_count=162328 138096 118596 93007 43867 42139 30708 19500 3853 24232 11431 1728 23753 8986 2886 1635 740 479 8268 15647 5279 126 90 25589 27822 3839 3798 627 113 4314
is_linear=0
shrinkage=0.05


Tree=95
num_leaves=31
num_cat=0
split_feature=1 7 3 11 5 11 7 16 1 0 2 2 15 15 1 11 17 17 8 13 16 10 14 16 16 14 16 3 3 3
split_gain=11.9831 17.9177 22.9615 15.1164 14.9589 17.1854 10.3131 10.2684 11.0199 8.96839 8.18323 7.96635 7.68784 14.306 7.34761 7.47882 11.6095 10.0626 8.47383 7.21553 7.17778 7.05652 6.99539 8.52865 8.56155 7.55413 10.7247 7.08834 6.96219 6.83209
threshold=2.5000000000000004 1.5000000000000002 8.5000000000000018 7.5000000000000009 3.5000000000000004 1.0000000180025095e-35 1.0000000180025095e-35 3.5000000000000004 8.5000000000000018 1.0000000180025095e-35 3.5000000000000004 13.500000000000002 6.5000000000000009 11.500000000000002 9.5000000000000018 1.0000000180025095e-35 12.500000000000002 19.500000000000004 3.5000000000000004 4.5000000000000009 18.500000000000004 1.0000000180025095e-35 5.0000000000000009 8.5000000000000018 6.5000000000000009 1.0000000180025095e-35 19.500000000000004 1.0000000180025095e-35 2.5000000000000004 2.5000000000000004
decision_type=2 2 2 2 2 2 2 2 2 2 2 2 2 2 2 2 2 2 2 2 2 2 2 2 2 2 2 2 2 2
left_child=6 2 4 7 12 29 11 8 -3 -4 22 -1 -2 -14 15 16 -15 18 21 -7 -12 -17 23 24 -8 26 27 -25 -19 -6
right_child=1 3 9 -5 5 19 10 -9 -10 -11 20 -13 13 14 -16 17 -18 28 -20 -21 -22 -23 -24 25 -26 -27 -28 -29 -30 -31
leaf_value=-0.00028561485153631131 0.0054990337252417585 0.0043858686203838062 -0.0030093919757929765 -0.069359485475127089 0.011159334056974982 0.0069372199068706538 -0.0091054974906293606 -0.0010412445674846825 0.036765556653729985 0.034938536214341023 -0.011797657170629501 0.044609947565075907 -0.0044543365749597158 0.0021165093976938175 -0.026540294765763972 -0.0040874291500800058 0.012468346217409575 -0.015363262360702094 -0.048000473352313451 -0.0062197842550085133 0.0085281479280890637 0.014196193768597022 -0.0014761981483040307 -0.011260896338814439 0.022264687114563364 -0.023995632386662691 -0.052811082673334966 0.027107770394524472 -0.07730368216476978 0.025576196488678933
leaf_weight=22160.268448851071 986.43852993752807 565.69046538742259 19.348662689328194 7.9467199109494677 171.72246042266488 415.81427066493779 61.18975218385458 5382.4511439856142 27.556907673366368 79.716549774166197 396.69035550579429 9.8852236215025169 978.33659363910556 880.85475101694465 20.474599663168192 208.99407007917762 391.09533765353262 12.344439446926119 9.2940482199192029 139.05441616754979 48.774933196604252 70.598974052816629 2556.5013127103448 24.607702150940895 33.744440272450447 115.04149191826582 8.7000569105148298 23.564292445778847 7.1726975664496413 157.59320024447516
leaf_count=91919 4865 2686 94 42 1084 3073 251 25014 361 3809 1671 54 4258 3819 111 880 1857 51 41 1047 212 300 10404 99 137 467 36 96 32 3476
internal_value=-6.49584e-05 0.00135331 0.00371857 -0.000444786 0.00318852 0.00901017 -0.000652166 -0.00035314 0.00588994 0.0275268 -0.003274 -0.000265597 0.0017449 0.000309073 0.0032202 0.00360577 0.00529946 -0.00337952 -0.001032 0.00363997 -0.00957214 0.000529299 -0.00228028 -0.00998373 0.00204506 -0.0166263 -0.00171945 0.0075079 -0.0381268 0.0180585
internal_weight=35971.5 10532.5 4548.85 5983.65 4449.79 884.184 25439 5975.7 593.247 99.0652 3268.81 22170.2 3565.6 2579.17 1600.83 1580.35 1271.95 308.404 288.887 554.869 445.465 279.593 2823.35 266.848 94.9342 171.914 56.8721 48.172 19.5171 329.316
internal_count=162246 56900 28797 28103 24894 8680 105346 28061 3047 3903 13373 91973 16214 11349 7091 6980 5676 1304 1221 4120 1883 1180 11490 1086 388 698 231 195 83 4560
is_linear=0
shrinkage=0.05


Tree=96
num_leaves=31
num_cat=0
split_feature=9 3 0 8 2 4 15 17 8 13 1 17 9 7 1 3 10 15 2 15 14 10 14 0 17 4 10 15 2 8
split_gain=12.0333 18.4988 25.5334 11.289 13.4007 17.4201 9.7939 9.67998 11.1806 10.705 8.52013 8.51353 8.50813 7.94088 7.89244 9.18459 9.00462 7.87257 7.84471 8.41176 7.65393 7.44247 7.242 7.48128 7.22279 8.76156 10.2421 8.46601 10.8707 12.5615
threshold=3.5000000000000004 4.5000000000000009 9.5000000000000018 3.5000000000000004 3.5000000000000004 3.5000000000000004 19.500000000000004 3.5000000000000004 1.0000000180025095e-35 3.5000000000000004 3.5000000000000004 19.500000000000004 4.5000000000000009 3.5000000000000004 1.0000000180025095e-35 11.500000000000002 2.5000000000000004 20.500000000000004 1.0000000180025095e-35 6.5000000000000009 55.000000000000007 4.5000000000000009 45.000000000000007 2.5000000000000004 12.500000000000002 2.5000000000000004 2.5000000000000004 12.500000000000002 1.0000000180025095e-35 2.5000000000000004
decision_type=2 2 2 2 2 2 2 2 2 2 2 2 2 2 2 2 2 2 2 2 2 2 2 2 2 2 2 2 2 2
left_child=1 7 3 4 -3 14 11 8 18 13 -7 -2 -13 -10 -6 16 -16 22 -1 -20 -21 24 23 -5 -9 -26 27 28 -27 -30
right_child=6 2 -4 17 5 10 -8 21 9 -11 -12 12 -14 -15 15 -17 -18 -19 19 20 -22 -23 -24 -25 25 26 -28 -29 29 -31
leaf_value=0.002294370101019589 -0.0049362507002507997 0.0027150864253485969 0.041086725724991148 -0.023190189332710484 -0.0068831242353324835 0.013877863480555315 0.0079820746723020582 -0.00059483597134069456 0.003506999089290998 -0.0084620759414097673 0.03671141767234639 -0.041004050771930756 -0.0083071836870945819 -0.032425171816600623 0.014290090447390533 -0.058193164133265654 -0.040185747057318796 0.039019448112537575 0.015988065083111746 0.0038359004066907594 0.025899946320651974 -0.005727469128911299 -0.046992522205405361 0.014970602019764929 0.00016559233784856661 -0.00307210759806211 -0.00016471964604146888 0.010606803514328269 0.011061924236138061 -0.0064508932952634856
leaf_weight=1414.4133101403713 972.19791843323037 1905.3505137283355 47.158335846848786 38.043057171627879 94.854507975280285 81.461591258645058 136.6754955323413 18192.372742097825 544.85002146754414 370.26254355534911 81.957681096624583 33.67191327502951 48.629864805843681 15.822465643286703 193.83530682977289 4.7485300898551932 7.894690576940774 6.3647579574026159 253.25176461972296 611.49234078731388 42.005635809153318 578.22692766506225 17.567665017675608 19.389302000869066 7408.0537623101845 413.47820473462343 1154.758983108215 617.34041258413345 489.48524671932682 129.478047513403
leaf_count=5734 4463 9233 3328 190 409 958 623 75854 2314 1586 4219 168 249 69 1583 60 46 42 1306 2625 183 2496 114 249 30608 1704 5053 3055 2896 687
internal_value=0.000330253 0.000499716 0.00464429 0.00394326 0.00457192 0.0121844 -0.00461118 0.00017846 0.00276508 -0.0018642 0.0253293 -0.00624341 -0.0216844 0.00249297 0.00505568 0.0105403 0.0121582 -0.0143693 0.00462172 0.00825208 0.00525414 -0.000111775 -0.0189001 -0.010307 2.54133e-06 0.00106669 0.00344689 0.00597483 0.00320517 0.0073985
internal_weight=35925.1 34733.9 2498.63 2451.47 2370.1 464.752 1191.18 32235.3 3252.1 930.935 163.419 1054.5 82.3018 560.672 301.333 206.479 201.73 81.3648 2321.16 906.75 653.498 28983.2 75 57.4324 28405 10212.6 2804.54 1649.78 1032.44 618.963
internal_count=162104 156601 20431 17103 16508 7275 5503 136170 13817 3969 5177 4880 417 2383 2098 1689 1629 595 9848 4114 2808 122353 553 439 119857 44003 13395 8342 5287 3583
is_linear=0
shrinkage=0.05


Tree=97
num_leaves=31
num_cat=0
split_feature=9 3 2 0 17 17 1 4 6 14 4 10 9 3 17 13 11 10 10 14 16 11 13 0 14 14 0 16 16 16
split_gain=12.5269 18.4436 23.0544 19.9208 13.0827 11.6501 11.5353 10.0005 9.60624 9.56236 9.33021 11.2302 7.87941 7.66854 7.39922 9.8638 7.97207 7.2851 7.18714 7.54919 7.6867 7.13308 6.80677 6.7725 6.63336 6.58301 6.41494 9.05224 6.3856 6.15927
threshold=1.5000000000000002 1.0000000180025095e-35 4.5000000000000009 5.5000000000000009 1.0000000180025095e-35 11.500000000000002 7.5000000000000009 5.5000000000000009 3.5000000000000004 33.000000000000007 1.0000000180025095e-35 1.5000000000000002 1.0000000180025095e-35 10.500000000000002 20.500000000000004 1.5000000000000002 3.5000000000000004 1.0000000180025095e-35 4.5000000000000009 31.000000000000004 7.5000000000000009 3.5000000000000004 4.5000000000000009 6.5000000000000009 1.0000000180025095e-35 5.0000000000000009 1.0000000180025095e-35 13.500000000000002 2.5000000000000004 4.5000000000000009
decision_type=2 2 2 2 2 2 2 2 2 2 2 2 2 2 2 2 2 2 2 2 2 2 2 2 2 2 2 2 2 2
left_child=1 23 4 9 28 -6 10 29 18 12 22 13 -4 -12 15 16 -13 21 -2 20 -20 -10 -7 -1 -25 -14 -15 -28 -3 -5
right_child=8 2 3 7 5 6 -8 -9 17 -11 11 14 25 26 -16 -17 -18 -19 19 -21 -22 -23 -24 24 -26 -27 27 -29 -30 -31
leaf_value=-0.00042922207355201728 -0.0011866499343758693 0.044705334255107199 0.011814445904480258 0.037042660078055602 -0.00036011855516283626 0.0016447332045909713 0.020540276029284106 0.040864110228142347 -0.0041532569990520279 0.00059103440996095705 0.007445407262827994 0.013081558915288586 -0.028192883858821849 0.026485975108560513 -0.011513930793554927 -0.0015977507161631897 -0.04328939911986357 -0.024517896239907043 -0.043217328294323842 2.2072378560843739e-05 -0.011586806035441419 -0.058016984272712707 -0.0056712171986168965 -0.043836674427701179 -0.0060985924685257207 0.0030501318733503952 -0.14782328897950311 -0.0037181026987186182 0.011669489559243152 0.0092947138831803253
leaf_weight=15789.329418100417 7281.3787505314685 16.085147980600595 604.97685209661722 25.634321638848633 6418.0167092839256 1241.9674226492643 92.053621338680387 57.569047386758029 183.00607738085091 521.02864560578018 1523.4774020933546 197.8128600679338 20.126642624847591 2.0129855573177329 118.58803055807948 542.02266978751868 6.4772872859612098 73.399526396300644 28.213370186276734 73.263165036216378 60.171090003103018 6.3600549222901455 427.32938507199287 12.046776533126829 348.54022014886141 103.88017034577206 2.3617457188665867 2.0234501706436276 161.41731316410005 90.972047957126051
leaf_count=63868 33108 100 3949 387 27933 5086 812 4520 840 3281 7493 899 108 9 554 2464 32 361 135 347 284 29 1743 52 1494 557 34 17 756 1388
internal_value=3.75958e-05 0.000523856 0.00199325 0.00797118 0.0012014 0.000975421 0.0030378 0.023813 -0.00174985 0.00576381 0.00264136 0.00464154 0.00946096 0.007216 8.77225e-05 0.00193121 0.0112942 -0.0111455 -0.00141815 -0.011846 -0.0216836 -0.00596233 -0.000228104 -0.000583955 -0.00735938 -0.00202069 -0.0474086 -0.0813292 0.0146632 0.0153947
internal_weight=36031.5 28325.8 12175.8 1424.19 10751.6 10574.1 4156.13 174.175 7705.79 1250.01 4064.07 2394.78 728.984 1529.88 864.901 746.313 204.29 262.766 7443.03 161.648 88.3845 189.366 1669.3 16149.9 360.587 124.007 6.39818 4.3852 177.502 116.606
internal_count=162640 127536 62122 14190 47932 47076 19143 6295 35104 7895 18331 11502 4614 7553 3949 3395 931 1230 33874 766 419 869 6829 65414 1546 665 60 51 856 1775
is_linear=0
shrinkage=0.05


Tree=98
num_leaves=31
num_cat=0
split_feature=2 5 10 4 1 5 4 8 14 2 7 9 5 1 2 8 11 5 3 5 7 3 1 2 8 1 17 13 17 4
split_gain=12.0293 12.6255 9.82611 15.1191 21.2633 10.1472 7.23487 10.0647 9.27139 8.34367 16.6777 11.2509 10.9555 10.8852 8.20787 14.169 7.53412 10.4483 7.70715 8.43864 7.0541 7.09255 13.3109 8.85507 7.04281 7.39855 7.11321 6.96834 6.80169 7.31412
threshold=10.500000000000002 5.5000000000000009 1.5000000000000002 4.5000000000000009 6.5000000000000009 6.5000000000000009 1.0000000180025095e-35 5.5000000000000009 39.000000000000007 2.5000000000000004 2.5000000000000004 3.5000000000000004 2.5000000000000004 5.5000000000000009 3.5000000000000004 1.0000000180025095e-35 1.5000000000000002 2.5000000000000004 3.5000000000000004 1.0000000180025095e-35 1.5000000000000002 2.5000000000000004 1.5000000000000002 1.5000000000000002 1.0000000180025095e-35 1.5000000000000002 1.5000000000000002 4.5000000000000009 4.5000000000000009 3.5000000000000004
decision_type=2 2 2 2 2 2 2 2 2 2 2 2 2 2 2 2 2 2 2 2 2 2 2 2 2 2 2 2 2 2
left_child=2 -2 3 6 5 20 -1 9 -9 -8 11 13 -13 16 15 -14 18 -18 -11 -20 21 24 23 -23 25 26 -5 28 29 -21
right_child=1 -3 -4 4 -6 -7 7 8 -10 10 -12 12 14 -15 -16 -17 17 -19 19 27 -22 22 -24 -25 -26 -27 -28 -29 -30 -31
leaf_value=-0.00035293332061585932 0.007281738262780316 0.045035508229252591 -0.0014568858532494969 0.061379909292680238 0.029431798225594677 0.024283726362868265 0.00056222852147791121 -0.0038036694080431396 -0.036085116235103222 0.0048860801380016111 -0.0056422999319363822 -0.024657380458436913 0.050120675357453973 0.020531109098657366 0.033337324376838 -0.06664384876235642 -0.014446341629746007 0.003050819049456512 0.0035744978676584349 -0.021981171075428279 -0.0058543303207268371 -0.01062126511591408 0.023163584029038172 0.013267022573449139 -0.0089008308726208612 -0.0045747552222060927 0.0086544139352944683 0.035141123447988573 0.018325753586651696 0.059963665100364265
leaf_weight=16059.712556703947 107.47753609390929 27.891230769455433 7690.3364774207585 6.5763243064284316 90.948122743982822 59.294668835122138 7712.1190842352808 67.642435606569052 33.139068426564336 1678.147560512647 424.53616776224226 60.153972629457712 4.2374908849596995 116.33806768571958 18.150966424494982 6.7156402319669724 105.23917102813721 450.78046870976686 143.23629703372717 20.113129645586017 183.32024166733027 76.724741049110889 129.61218740511686 78.469931442290545 123.68785918317735 133.65478771738708 234.35199315100908 52.186861398629844 138.91480638924986 3.1494696959853163
leaf_count=65116 891 2566 34433 30 3323 1298 32495 303 149 7438 2286 271 27 1374 144 31 437 2272 614 138 972 336 1527 453 575 684 985 417 1081 34
internal_value=0.000183526 0.0150605 0.000127432 0.000559316 0.00626105 0.0042065 0.000324331 0.00131 -0.0144185 0.00145497 0.0035919 0.00499331 -0.0124729 0.00556899 0.0127107 -0.0214706 0.00489737 -0.000260911 0.00630625 0.0129708 0.00297464 0.00504152 0.0113355 0.00145719 0.00144393 0.00485979 0.0100936 0.0192493 0.0141355 -0.0108868
internal_weight=36036.9 135.369 35901.5 28211.2 1116.64 1025.69 27094.5 11034.8 100.782 10934 3221.9 2797.36 89.2581 2708.11 29.1041 10.9531 2591.77 556.02 2035.75 357.601 966.398 783.078 284.807 155.195 498.271 374.583 240.928 214.364 162.177 23.2626
internal_count=162700 3457 159243 124810 10183 6860 114627 49511 452 49059 16564 14278 473 13805 202 58 12431 2709 9722 2284 5562 4590 2316 789 2274 1699 1015 1670 1253 172
is_linear=0
shrinkage=0.05


Tree=99
num_leaves=31
num_cat=0
split_feature=10 4 0 4 16 17 7 1 9 6 10 13 10 11 2 8 7 17 1 14 15 17 0 6 0 15 15 0 9 13
split_gain=11.4247 19.3223 16.7591 13.6212 10.3872 10.8035 9.40212 15.1725 8.70002 9.50995 7.72939 7.54261 7.31349 8.40622 7.24263 8.34848 8.01492 12.8097 10.2541 7.49102 6.88165 6.86164 6.69164 8.59248 6.54902 6.49989 6.47795 6.21061 6.20567 8.09139
threshold=1.5000000000000002 5.5000000000000009 7.5000000000000009 1.0000000180025095e-35 4.5000000000000009 12.500000000000002 4.5000000000000009 4.5000000000000009 1.0000000180025095e-35 4.5000000000000009 1.0000000180025095e-35 3.5000000000000004 6.5000000000000009 2.5000000000000004 3.5000000000000004 4.5000000000000009 1.5000000000000002 2.5000000000000004 2.5000000000000004 1.0000000180025095e-35 21.500000000000004 1.5000000000000002 1.5000000000000002 1.0000000180025095e-35 11.500000000000002 1.0000000180025095e-35 12.500000000000002 3.5000000000000004 2.5000000000000004 4.5000000000000009
decision_type=2 2 2 2 2 2 2 2 2 2 2 2 2 2 2 2 2 2 2 2 2 2 2 2 2 2 2 2 2 2
left_child=1 3 11 -1 6 10 7 27 12 -10 21 14 25 -14 16 -16 17 -3 -18 -19 22 -6 28 -24 -7 -2 -11 -5 -13 -30
right_child=8 2 -4 4 5 24 -8 -9 9 26 -12 20 13 -15 15 -17 18 19 -20 -21 -22 -23 23 -25 -26 -27 -28 -29 29 -31
leaf_value=-0.00049126535664669715 0.011097374348647845 0.051994935703952097 0.038366189327881405 0.0027105011939327264 0.0084150035719786406 0.0033841505751482041 -0.019658627167226987 0.019634143414451924 -0.0037303947292847642 -0.041949008284824896 -0.0034501147614694042 0.011168646161096108 -0.010912574063127609 -0.068567649145204468 0.019787982174135299 -0.042761972041990795 -0.067671145802242691 0.064778466907147197 -0.0091403464769551773 -0.0021311059352673036 -0.025498803212737356 0.00039518609060571668 0.036223739719259754 0.0087424998858919353 0.049859039687218588 -0.00055078278810163862 -0.0035931264662964544 0.010891812890991004 -0.068855612524341567 0.01555703769303963
leaf_weight=16128.585642417893 122.48738687485456 12.38388812355697 46.642041130922735 1239.6902519203722 281.74462810670957 3228.315805664286 36.884786063805223 178.86599216936156 2120.4303764430806 27.716816571541131 1323.4473724998534 75.899014267139137 55.085674897301942 7.1418246338143936 75.179121651686728 5.7419238039292386 9.0446606501936895 4.2839060686528674 43.335424475371838 177.87414944544435 10.264060826506464 4997.976792909205 65.766932415775955 50.120303299278021 7.5980245214886954 5389.6304895617068 18.26058966293931 285.36492402665317 5.9281288348138315 5.4477107338607311
leaf_count=65405 609 71 3549 5384 1313 15506 196 1428 9777 142 5510 369 259 35 1670 66 39 28 244 946 82 22264 1148 391 183 24389 84 1586 30 29
internal_value=0.000172766 0.000638399 0.00960824 0.000448079 0.00175641 0.00112652 0.00531656 0.0058572 -0.00152936 -0.0042182 -3.33222e-05 0.00713012 -0.000484371 -0.0175296 0.00236784 0.0153496 -0.00188654 0.00278776 -0.0192471 -0.000557559 0.0144454 0.000823152 0.0164635 0.0243383 0.00349328 -0.000291944 -0.0267154 0.00424137 0.00600694 -0.0284317
internal_weight=36037.1 28296.4 587.911 27708.5 11579.9 9839.08 1740.81 1703.92 7740.75 2166.41 6603.17 541.269 5574.35 62.2275 327.843 80.921 246.922 194.542 52.3801 182.158 213.426 5279.72 203.162 115.887 3235.91 5512.12 45.9774 1525.06 87.2749 11.3758
internal_count=162732 127437 8662 118775 53370 44776 8594 8398 35295 10003 29087 5113 25292 294 3064 1736 1328 1045 283 974 2049 23577 1967 1539 15689 24998 226 6970 428 59
is_linear=0
shrinkage=0.05


Tree=100
num_leaves=31
num_cat=0
split_feature=10 4 5 8 1 16 11 5 15 14 4 4 17 16 0 16 17 11 3 13 3 0 16 10 0 15 1 5 10 14
split_gain=11.2663 26.3963 19.7786 8.98269 8.48573 10.934 6.87134 10.6403 8.00576 11.425 6.67793 6.28534 9.74221 12.8719 9.28743 7.60521 8.87378 8.10159 6.98941 6.91068 6.38213 6.53349 6.26615 8.02662 6.1041 7.16551 8.00817 6.71958 6.06819 5.98158
threshold=1.5000000000000002 4.5000000000000009 6.5000000000000009 3.5000000000000004 2.5000000000000004 9.5000000000000018 5.5000000000000009 10.500000000000002 12.500000000000002 9.0000000000000018 3.5000000000000004 1.0000000180025095e-35 11.500000000000002 1.5000000000000002 1.0000000180025095e-35 22.500000000000004 19.500000000000004 1.0000000180025095e-35 6.5000000000000009 5.5000000000000009 2.5000000000000004 6.5000000000000009 6.5000000000000009 1.0000000180025095e-35 1.5000000000000002 10.500000000000002 5.5000000000000009 1.5000000000000002 1.0000000180025095e-35 47.000000000000007
decision_type=2 2 2 2 2 2 2 2 2 2 2 2 2 2 2 2 2 2 2 2 2 2 2 2 2 2 2 2 2 2
left_child=1 11 22 6 5 -4 7 -2 9 -8 -11 15 13 -13 19 -1 18 29 -17 -14 24 28 23 -3 25 -16 27 -27 -22 -18
right_child=3 2 4 -5 -6 -7 8 -9 -10 10 -12 12 14 -15 20 16 17 -19 -20 -21 21 -23 -24 -25 -26 26 -28 -29 -30 -31
leaf_value=-0.00058997929163444752 -0.0012508822367500486 0.0079601073318156506 -0.028880802504557532 -0.010904712384272963 0.040383603338137189 0.033998932696142237 0.068401131756480063 0.035458802140614497 -0.03350819906920801 0.0066516418090476932 -0.033595829131607344 0.011002568248657217 0.0012428002632366999 -0.00045931267499135651 0.0022917960845295639 0.0088636647190238442 -0.01981934485505599 -0.062177729858995869 -0.036692713489071549 -0.0094906292808492315 0.0090613841245177889 0.023554329914860825 0.0036928985030974131 0.028500932076226188 0.0017296636646328683 0.0098575403696296981 -0.032295810265098222 0.032200912732067433 -0.0033550593797347181 0.039996431678695231
leaf_weight=15703.722699396312 7329.0464454758912 214.04601942561567 11.945774368941786 252.40385222993791 63.792462151963264 16.411432571709156 5.1204897505231193 19.792598416563123 35.669123475905508 23.898406304419041 18.121239910367876 254.44487183541059 1585.2983965724707 6561.3415049207397 158.50619485229254 407.47655122727156 15.918079778552061 8.3243420198559743 8.5970547422766668 165.63091506063938 664.95302213262767 66.464108192827553 743.65686496067792 61.145604063291103 1348.9765388090163 70.287675246596336 7.5701136067509642 64.555864155292511 115.49322970677167 5.6676106899976721
leaf_count=63676 32794 1740 121 1178 4627 170 28 704 167 99 101 1307 6497 28683 701 1663 65 36 37 680 3914 939 5028 392 6021 294 35 287 539 23
internal_value=6.95679e-05 0.000530223 0.00808455 -0.00162846 0.0302675 0.00751018 -0.0013134 -0.00115201 -0.0156359 -0.00211258 -0.0107053 0.000221813 0.00113989 -3.14212e-05 0.00301934 -0.000407127 0.00603138 -0.0202738 0.00792236 0.000227461 0.0049772 0.00850553 0.00607822 0.0125241 0.00316606 0.00960522 0.0177451 0.0205544 0.00722395 -0.00411392
internal_weight=36008.3 28324.2 1111 7684.05 92.1497 28.3572 7431.65 7348.84 82.8093 47.1401 42.0196 27213.2 11063.5 6815.79 4247.74 16149.7 445.984 29.91 416.074 1750.93 2496.81 846.91 1018.85 275.192 1649.9 300.92 142.414 134.844 780.446 21.5857
internal_count=162546 127475 12078 35071 4918 291 33893 33498 395 228 200 115397 49897 29990 19907 65500 1824 124 1700 7177 12730 5392 7160 2132 7338 1317 616 581 4453 88
is_linear=0
shrinkage=0.05


Tree=101
num_leaves=31
num_cat=0
split_feature=11 5 3 5 10 5 16 7 1 2 17 7 17 0 2 17 14 5 5 2 2 17 14 17 6 14 6 9 16 1
split_gain=9.15943 18.7377 18.2881 11.5509 10.4774 9.25645 10.4689 9.23878 9.20446 10.3732 8.86668 7.89636 9.47873 13.4596 7.79541 10.6496 9.92485 9.38932 7.49043 8.4347 7.24926 7.07153 7.03672 8.6575 8.59702 8.07939 6.76208 6.59064 6.50434 6.47868
threshold=1.5000000000000002 1.0000000180025095e-35 6.5000000000000009 3.5000000000000004 2.5000000000000004 1.5000000000000002 3.5000000000000004 1.5000000000000002 1.0000000180025095e-35 2.5000000000000004 32.500000000000007 3.5000000000000004 13.500000000000002 4.5000000000000009 1.0000000180025095e-35 2.5000000000000004 17.000000000000004 10.500000000000002 3.5000000000000004 1.0000000180025095e-35 1.5000000000000002 13.500000000000002 5.0000000000000009 16.500000000000004 1.0000000180025095e-35 43.000000000000007 4.5000000000000009 1.0000000180025095e-35 21.500000000000004 1.5000000000000002
decision_type=2 2 2 2 2 2 2 2 2 2 2 2 2 2 2 2 2 2 2 2 2 2 2 2 2 2 2 2 2 2
left_child=1 10 5 4 -4 -3 8 -5 -7 26 -1 12 27 -14 16 -16 -2 22 19 -15 21 -9 -17 -24 25 -25 -10 -8 -21 -19
right_child=14 2 3 7 -6 6 11 20 9 -11 -12 -13 13 18 15 17 -18 29 -20 28 -22 -23 23 24 -26 -27 -28 -29 -30 -31
leaf_value=-0.00043158289339041423 -0.0036971437529192395 0.0039679430454750619 0.010019054496473679 0.030416664497778856 -0.017695232974614967 -0.00041351785735191236 0.0004508744128196008 -0.073276390266699562 0.0061317527764073385 0.019602247136578238 -0.051709430286151895 -0.0086433543978822226 0.001921009966484314 -0.0076111895145113606 0.0070490033169693005 -0.010346905187848544 0.0022035080346924914 -0.0064703261843258655 0.026239578972822548 0.019291156513340416 0.015514721619296982 0.017028909434055241 -0.0041189383429672492 0.010306255041372569 -0.0070072946467316837 -0.0047658553049769129 -0.037484524729060102 -0.0036644723703873703 -0.034812208148028677 0.029891823180852761
leaf_weight=16100.917425101623 1007.5719198863953 3368.8686136826873 280.98326637037098 111.52966124145314 38.813175352290273 331.50971686094999 3821.2531593507156 5.5657642763108033 324.44090023450553 188.84472375130281 8.4346831887960416 241.08710170025006 1819.4900641767308 56.461189210414886 261.2238286556676 357.485219205264 2434.466958861798 18.732717599719763 86.146630051080137 100.47588699311018 20.4335205424577 3.5508972890675068 2934.362116499804 318.98729103105143 174.25794403906912 123.27585596032441 9.1365989595651609 1305.154737024568 5.8802399914711705 35.395978796761483
leaf_count=65120 4100 14620 1895 4421 288 1379 17445 35 1529 1585 34 1191 8310 238 1253 1694 9918 96 1425 664 1152 21 13570 1645 897 627 46 5795 45 1247
internal_value=0.000242696 0.000658912 0.00214408 0.0119129 0.00665542 0.00175791 0.000859792 0.0238305 0.00610307 0.0102383 -0.000458431 0.000257663 0.00055592 0.00341297 -0.00129001 -0.00272938 0.000476238 -0.00337401 0.0143166 0.00800809 -0.00102709 -0.0381029 -0.00366044 -0.00298728 0.0023989 0.00610507 0.00493711 -0.00059687 0.0162999 0.0173077
internal_weight=35894.7 28229 12119.6 460.876 319.796 11658.7 8289.88 141.08 853.932 522.422 16109.4 7435.95 7194.86 2068.45 7665.76 4223.72 3442.04 3962.5 248.964 162.817 29.5502 9.11666 3908.37 3550.88 616.521 442.263 333.577 5126.41 106.356 54.1287
internal_count=162285 127238 62084 7812 2183 54272 39652 5629 4539 3160 65154 35113 33922 10682 35047 21029 14018 19776 2372 947 1208 56 18433 16739 3169 2272 1575 23240 709 1343
is_linear=0
shrinkage=0.05


Tree=102
num_leaves=31
num_cat=0
split_feature=2 8 2 1 5 16 3 9 6 16 0 0 7 16 1 5 11 11 0 6 1 3 5 13 6 11 14 15 16 15
split_gain=8.97689 7.62985 9.04698 19.3969 16.9342 7.55624 7.30908 12.3456 11.7404 9.99594 8.70426 8.63829 7.11175 9.48204 8.48312 11.2142 14.3712 10.4236 11.1602 7.91675 7.59928 8.5687 8.11354 7.58945 7.55361 8.69088 9.97317 8.44653 7.07409 10.2187
threshold=13.500000000000002 3.5000000000000004 4.5000000000000009 4.5000000000000009 5.5000000000000009 18.500000000000004 2.5000000000000004 1.5000000000000002 4.5000000000000009 17.500000000000004 6.5000000000000009 6.5000000000000009 1.0000000180025095e-35 30.000000000000004 1.0000000180025095e-35 2.5000000000000004 2.5000000000000004 1.0000000180025095e-35 4.5000000000000009 1.5000000000000002 1.5000000000000002 5.5000000000000009 1.0000000180025095e-35 2.5000000000000004 1.0000000180025095e-35 6.5000000000000009 35.000000000000007 20.500000000000004 19.500000000000004 17.500000000000004
decision_type=2 2 2 2 2 2 2 2 2 2 2 2 2 2 2 2 2 2 2 2 2 2 2 2 2 2 2 2 2 2
left_child=1 2 12 6 5 -5 9 10 -9 -4 -8 -11 14 24 -1 17 -17 20 -19 -18 28 -22 -23 -21 25 27 -27 -14 -16 -30
right_child=-2 -3 3 4 -6 -7 7 8 -10 11 -12 -13 13 -15 15 16 19 18 -20 23 21 22 -24 -25 -26 26 -28 -29 29 -31
leaf_value=-0.00042174402725748034 0.027797540389436465 -0.0040153783856695536 -0.0028091665313647106 0.0048875578917640166 0.034418862922107739 0.027733308429938278 0.0098555500841653407 0.00036157828501704934 -0.054319385221389738 0.011043182568837793 0.040927015188810367 -0.041545787100895987 -0.00081340307204493239 -0.046150175415931208 0.0051920279472126765 0.0073460653166587857 0.00215677522898632 -0.003117578412749743 -0.023486128890194656 -0.017893630131670817 -0.00063688915097101343 0.0018605185084774906 0.021795142039058218 -0.00017906484509860345 -0.0036061139446581219 -0.071473145461681195 0.0091529700119326821 0.0059550134479974745 -0.014592618916358203 0.022989648521503842
leaf_weight=14638.858575344086 28.938491341192275 1180.2141321296804 1173.3872857857496 259.01125573460013 76.538796273525804 42.073097970802337 318.61950636096299 356.73381013888866 10.094136744737623 202.65991571173072 24.25561358500272 8.1216308455914241 5970.1637641075067 11.791549950838087 1368.1715173125267 1557.054602956865 837.16278998181224 682.9766748547554 74.594832986593246 108.97942046169192 3533.3496944233775 130.46577389165759 83.846403202973306 135.81393311358988 2521.5630116057582 9.1025265716016275 6.6285401880741111 499.50527733052149 96.342906787991524 22.267501443624496
leaf_count=59208 1417 5289 5172 2719 5077 490 2233 2022 60 910 562 59 25325 51 5724 8619 3874 2825 330 508 14816 559 509 637 10840 39 28 2087 409 92
internal_value=-3.9323e-05 -6.17367e-05 7.25017e-05 0.00298809 0.0134185 0.00807999 0.001107 0.00523255 -0.0011431 -0.00100829 0.0120536 0.00901688 -0.000150668 -0.00134262 0.000311297 0.00155459 0.00427033 0.000358521 -0.00512318 -0.000156 0.00115188 -4.80763e-05 0.00965964 -0.0080654 -0.00128396 -0.000381087 -0.0375 -0.000290832 0.00417654 -0.00753706
internal_weight=35969.3 35940.3 34760.1 2471.5 377.623 301.084 2093.87 709.703 366.828 1384.17 342.875 210.782 32288.6 9018.75 23269.9 8631.03 2639.01 5992.02 757.572 1081.96 5234.44 3747.66 214.312 244.793 9006.96 6485.4 15.7311 6469.67 1486.78 118.61
internal_count=162490 161073 155784 19304 8286 3209 11018 4877 2082 6141 2795 969 136480 38370 98110 38902 13638 25264 3155 5019 22109 15884 1068 1145 38319 27479 67 27412 6225 501
is_linear=0
shrinkage=0.05


Tree=103
num_leaves=31
num_cat=0
split_feature=10 4 1 8 9 17 14 0 4 5 1 17 16 6 0 8 14 15 17 1 0 15 9 2 2 11 1 14 13 5
split_gain=9.56744 18.6312 13.633 6.85338 10.7352 7.63953 7.56266 7.48667 12.8862 9.95008 7.34154 6.75602 6.69626 6.51157 15.8641 12.0062 9.67578 8.56013 7.08438 6.93398 6.78356 7.06039 6.48772 6.10377 6.02789 11.8547 6.53103 7.43036 12.408 6.43529
threshold=1.5000000000000002 5.5000000000000009 6.5000000000000009 1.0000000180025095e-35 6.5000000000000009 17.500000000000004 7.0000000000000009 3.5000000000000004 2.5000000000000004 1.0000000180025095e-35 1.0000000180025095e-35 13.500000000000002 11.500000000000002 1.0000000180025095e-35 1.0000000180025095e-35 4.5000000000000009 49.000000000000007 21.500000000000004 12.500000000000002 5.5000000000000009 3.5000000000000004 15.500000000000002 6.5000000000000009 8.5000000000000018 1.0000000180025095e-35 2.5000000000000004 4.5000000000000009 49.000000000000007 3.5000000000000004 1.0000000180025095e-35
decision_type=2 2 2 2 2 2 2 2 2 2 2 2 2 2 2 2 2 2 2 2 2 2 2 2 2 2 2 2 2 2
left_child=1 3 13 7 5 -5 -7 -1 22 11 -11 -10 -8 14 -3 -16 17 19 -19 -15 -21 -22 24 -17 26 -26 -9 29 -29 -28
right_child=-2 2 -4 4 -6 6 12 8 9 10 -12 -13 -14 16 15 23 -18 18 -20 20 21 -23 -24 -25 25 -27 27 28 -30 -31
leaf_value=0.00016436063704661935 -0.0017107926455850006 -0.0015283910403636632 0.03070594530911926 -0.0016711066645975763 -0.038175679981941137 -0.0082850870413909532 0.0011182298878944521 0.00029788385066349362 -0.0060516992313581382 0.0028591652797612123 0.018559665460590104 0.015928121025542058 0.010269778127708417 0.0094295662440823658 0.021333642728014447 -0.10498197140465354 -0.03327967505087745 -0.012024533454543065 -0.11458830433650545 -0.10280135670973185 0.040444030240978472 -0.10295344810444435 0.059003059260144777 0.0027918287357109185 0.0063635876887319824 -0.009138145867825442 -0.028280134603789947 0.041482858704772384 -0.038709257259518487 -0.0054619221843781682
leaf_weight=16853.197496656328 7728.0505125508644 165.74257228150964 65.217936688102782 6762.0026708962396 19.552625854499638 126.37331507401541 490.61355052748695 1364.567089445889 128.25915152579546 101.96773206070065 275.96020726487041 48.061480931937695 337.31649351678789 106.15114674298093 196.93611926632002 2.8352726940065613 21.838225096929818 4.567380183376371 2.6666589630767703 2.7714577112346879 2.9200720670633018 1.2157879117876289 4.8673579916357985 2.4480906687676907 878.70397084578872 143.46721974853426 55.134803131222725 15.114718750119211 7.0846543312072745 70.293318577110767
leaf_count=69724 35251 720 4288 29025 87 571 2176 5566 547 452 3039 213 1571 829 2325 20 200 34 28 15 118 26 23 40 4385 725 224 65 30 311
internal_value=-0.000151828 0.000274522 0.0091803 8.94385e-05 -0.00117384 -0.00108008 0.00310779 0.000579374 0.00284035 0.00974764 0.0143236 -6.04395e-05 0.00484677 0.00642814 0.00993914 0.0193381 -0.00266148 0.00289703 -0.0498323 0.00627091 -0.0422711 -0.00170946 0.00133267 -0.0550441 0.00122191 0.00418784 -0.000782911 -0.010773 0.0158905 -0.0154922
internal_weight=35985.9 28257.8 575.311 27682.5 7735.86 7716.31 954.303 19946.7 3093.48 554.249 377.928 176.321 827.93 510.093 367.962 202.219 142.131 120.293 7.23404 113.058 6.90732 4.13586 2539.23 5.28336 2534.37 1022.17 1512.19 147.627 22.1994 125.428
internal_count=162628 127377 8643 118734 33430 33343 4318 85304 15580 4251 3491 760 3747 4355 3105 2385 1250 1050 62 988 159 144 11329 60 11306 5110 6196 630 95 535
is_linear=0
shrinkage=0.05


Tree=104
num_leaves=31
num_cat=0
split_feature=11 4 1 2 16 14 10 1 17 3 15 3 9 2 10 3 4 6 6 14 15 14 3 3 2 17 2 9 10 15
split_gain=9.54935 7.80054 20.7541 9.68387 10.6337 7.22423 15.7707 8.21448 8.95526 15.248 7.249 6.02657 10.099 14.1113 10.3758 10.1113 11.3875 8.7671 9.17649 7.52918 8.08697 7.97836 9.96323 8.61283 9.19271 8.28712 8.25703 7.48735 7.33845 7.25865
threshold=3.5000000000000004 7.5000000000000009 7.5000000000000009 2.5000000000000004 27.500000000000004 15.000000000000002 5.5000000000000009 1.5000000000000002 19.500000000000004 3.5000000000000004 25.500000000000004 1.0000000180025095e-35 1.5000000000000002 2.5000000000000004 4.5000000000000009 4.5000000000000009 5.5000000000000009 1.0000000180025095e-35 1.5000000000000002 33.000000000000007 22.500000000000004 13.000000000000002 2.5000000000000004 1.5000000000000002 9.5000000000000018 15.500000000000002 3.5000000000000004 1.0000000180025095e-35 1.0000000180025095e-35 4.5000000000000009
decision_type=2 2 2 2 2 2 2 2 2 2 2 2 2 2 2 2 2 2 2 2 2 2 2 2 2 2 2 2 2 2
left_child=1 11 3 -3 5 6 7 -5 -9 -10 -7 -1 13 -13 -14 17 27 19 -19 20 21 22 -15 -23 -25 -26 -24 -17 -20 -29
right_child=-2 2 -4 4 -6 10 -8 8 9 -11 -12 12 14 15 -16 16 -18 18 28 -21 -22 23 26 24 25 -27 -28 29 -30 -31
leaf_value=-0.00063778057307910187 -0.0043719478541600866 -0.0017572539839894076 0.041214451449727199 -0.018491192876718302 -0.11576315950328836 0.019400939188988796 -0.058894110490021183 0.036840537563783853 -0.29197451715411321 0.017043122745121302 -0.075055250600261511 0.00042872988978352581 -0.00051226396158670512 -0.0032960320861484069 -0.01548776684661686 0.013141558879958421 0.039754623763827948 -0.0096067537793787638 0.0052375625020549595 0.0015450048808939437 0.02851205277057919 0.016906956720636326 -0.0019356038238475559 0.0070634628450079069 -0.011526921982921995 -0.10056274000399988 0.021842148155807609 0.02595188865069217 -0.0065488175402755493 -0.012349659782138476
leaf_weight=15394.360641002655 1184.2735788184218 343.7418648051098 38.842086685821414 15.121765179559587 1.618780702818184 155.09154598135501 10.266289915423839 22.994774801190946 0.57190386205911536 1.3218952049501238 2.0581758762709788 7794.8334639258683 7196.3680118895136 335.70812982413918 117.55314751714468 270.07285167369992 33.50909086689353 226.54023361951113 486.6051746760495 974.07646622834727 43.480182675644755 269.92227226309478 61.591907734051347 558.3423514822498 10.164699375629423 3.517948366701602 89.660381420515478 15.518056129105387 181.25622730050236 60.972153620328754
leaf_count=62305 5493 1670 3547 85 27 2325 57 516 7 70 25 33155 31597 1570 503 2774 1461 1132 2501 4802 206 1246 283 2810 73 36 546 139 914 433
internal_value=4.32152e-05 0.000193832 0.00588596 0.00340358 0.0118897 0.012886 -0.00361114 0.010574 0.0282333 -0.0762764 0.0181639 9.5144e-05 0.000697551 0.00162687 -0.000752958 0.00420613 0.0119216 0.0033013 -0.000910894 0.00490686 0.00729299 0.00659873 0.00150454 0.00954508 0.00607122 -0.0344189 0.0121595 0.0092304 0.00203876 -0.00457918
internal_weight=35900 34715.7 591.629 552.787 209.045 207.426 50.2766 40.0103 24.8886 1.8938 157.15 34124.1 18729.7 11415.8 7313.92 3620.94 380.072 3240.87 894.402 2346.46 1372.39 1328.91 486.96 841.947 572.025 13.6826 151.252 346.563 667.861 76.4902
internal_count=162308 156815 8329 4782 3112 3085 735 678 593 77 2350 148486 86181 54081 32100 20926 4807 16119 4547 11572 6770 6564 2399 4165 2919 109 829 3346 3415 572
is_linear=0
shrinkage=0.05


Tree=105
num_leaves=31
num_cat=0
split_feature=8 11 9 5 0 4 5 14 4 17 17 14 3 15 9 13 14 1 15 10 17 5 14 14 17 14 3 15 14 1
split_gain=8.47722 13.9647 11.7562 9.37796 14.4734 15.8362 11.8256 9.54682 12.6136 8.62445 8.58979 9.19588 8.88299 7.79522 7.78025 7.43177 12.2934 6.61064 6.46966 7.08469 6.42438 6.35232 7.13704 6.2237 6.19902 6.10969 6.07774 5.95828 5.82047 5.81206
threshold=1.5000000000000002 5.5000000000000009 6.5000000000000009 1.0000000180025095e-35 7.5000000000000009 1.0000000180025095e-35 1.5000000000000002 15.000000000000002 1.0000000180025095e-35 32.500000000000007 2.5000000000000004 53.000000000000007 7.5000000000000009 10.500000000000002 3.5000000000000004 5.5000000000000009 33.000000000000007 7.5000000000000009 1.5000000000000002 4.5000000000000009 25.500000000000004 2.5000000000000004 35.000000000000007 25.000000000000004 6.5000000000000009 55.000000000000007 9.5000000000000018 10.500000000000002 37.000000000000007 7.5000000000000009
decision_type=2 2 2 2 2 2 2 2 2 2 2 2 2 2 2 2 2 2 2 2 2 2 2 2 2 2 2 2 2 2
left_child=3 2 28 9 6 -6 -5 8 17 15 12 21 -9 -14 20 18 27 -8 19 -1 29 22 -12 -4 -19 -16 -23 -17 -2 -13
right_child=1 -3 23 4 5 -7 7 10 -10 -11 11 14 13 -15 25 16 -18 24 -20 -21 -22 26 -24 -25 -26 -27 -28 -29 -30 -31
leaf_value=0.0064763020279202284 -0.00022764598804970415 -0.022417028806261022 -0.002220639630957403 0.0039525089162943663 -0.0063535638755366792 0.01902023564616153 -0.0060320754368904349 0.0081040187885723525 0.00071313031846439133 -0.051890731244480952 -0.0027925606761205046 -0.0030620826080342859 -0.0054350755803774086 -0.089661425315612706 -0.0008481336619153223 -0.0093762307047900485 0.015532716422380348 -0.027031816301724979 -0.00049382300084441135 -0.041488128568214037 -0.063991605231989587 0.0022530356141139025 0.0022805256508073115 -0.059952977045641467 0.03646194738019428 -0.044738316277793358 0.022036013772952369 -0.0022342531308869721 -0.0031426890837153811 0.023909501288429936
leaf_weight=439.96585349366069 4969.706916556228 79.361809907946736 7.2660729032941189 2667.6635084189475 85.367146154865623 219.87264648731798 1389.5563038140535 537.85178166767582 1794.5848008221947 8.218132406473158 1580.5105315269902 1059.474676892627 7.7150115291587991 4.2661268897354603 13.116449538618324 546.56072369217873 73.397427126765251 4.9975138455629375 11018.728939965367 7.8359059616923323 4.2718061488121739 4884.6915558213368 1235.0331472409889 13.056704788003115 16.656774312257767 20.049158655107021 39.134919993113726 627.07256644964218 2612.6538360686973 20.357440841384232
leaf_count=1848 22663 378 37 11599 399 5605 5652 2482 9113 33 6632 4756 78 26 65 2213 296 22 44485 34 21 23286 5206 68 70 95 779 2524 11975 247
internal_value=-7.86206e-05 -0.00155168 -0.00133387 0.000321144 0.00114338 0.0119239 0.000928021 0.000288301 -0.00206809 -0.000686158 0.00109138 0.00071491 0.00715549 -0.0354256 -0.00352548 -0.000653059 -0.00431878 -0.00560488 -0.000254397 0.00563699 -0.00279569 0.00132706 -0.000567261 -0.0393117 0.0218085 -0.0273805 0.00241027 -0.00556027 -0.00123208 -0.0025536
internal_weight=35989 7682.05 7602.68 28307 15585.2 305.24 15279.9 12612.3 3205.8 12721.8 9406.47 8856.64 549.833 11.9811 1117.27 12713.6 1247.03 1411.21 11466.5 447.802 1084.1 7739.37 2815.54 20.3228 21.6543 33.1656 4923.83 1173.63 7582.36 1079.83
internal_count=162687 35121 34743 127566 76133 6004 70129 58530 14857 51433 43673 41087 2586 104 5184 51400 5033 5744 46367 1882 5024 35903 11838 105 92 160 24065 4737 34638 5003
is_linear=0
shrinkage=0.05


Tree=106
num_leaves=31
num_cat=0
split_feature=4 16 8 5 11 4 1 11 13 6 17 11 15 15 16 17 13 10 1 17 15 9 1 14 1 17 6 6 5 16
split_gain=8.57133 10.0825 8.48096 9.99625 14.2359 12.1352 13.238 10.4962 11.4498 10.4306 10.6574 9.91216 9.37544 9.28748 9.28577 9.16765 9.29003 7.83234 7.69688 7.51846 7.32967 6.90692 7.3477 6.86648 6.82464 6.72165 6.69608 7.32725 6.62264 6.59186
threshold=12.500000000000002 26.500000000000004 1.5000000000000002 2.5000000000000004 2.5000000000000004 4.5000000000000009 1.0000000180025095e-35 1.5000000000000002 5.5000000000000009 1.5000000000000002 10.500000000000002 3.5000000000000004 20.500000000000004 13.500000000000002 6.5000000000000009 1.0000000180025095e-35 4.5000000000000009 5.5000000000000009 4.5000000000000009 14.500000000000002 8.5000000000000018 5.5000000000000009 2.5000000000000004 49.000000000000007 8.5000000000000018 11.500000000000002 5.5000000000000009 3.5000000000000004 6.5000000000000009 27.500000000000004
decision_type=2 2 2 2 2 2 2 2 2 2 2 2 2 2 2 2 2 2 2 2 2 2 2 2 2 2 2 2 2 2
left_child=2 18 3 7 5 15 -7 8 -1 10 17 23 24 19 -14 16 -5 -8 -2 20 -10 -6 -23 -4 29 -24 27 -15 -11 -9
right_child=1 -3 11 4 21 6 9 12 13 28 -12 -13 14 26 -16 -17 -18 -19 -20 -21 -22 22 25 -25 -26 -27 -28 -29 -30 -31
leaf_value=0.00068047278025997393 0.01046566141604262 -0.18395492801595015 -0.000298078315587144 0.011268919540687457 -6.145223049347513e-05 -0.0010691800815987968 0.01290681556918373 -0.0054884732919582482 0.00047278001181956411 -0.005202093448269776 0.028475748967031062 -0.010780283928339143 -0.01517687450174925 0.0012834737506140109 0.01815165457553421 0.002602828152802353 0.056344836117240144 -0.037796425972939529 0.054138433206494488 -0.013140285391452297 -0.0092380783180551415 -0.0067667056881250262 -0.01841587174507861 -0.004429855729137816 -0.055647399743423198 -0.091507141155097435 0.052258864141150378 -0.030529969009397112 0.033557325822717962 0.051168356085291002
leaf_weight=16854.117635336705 32.906429052818567 0.59095060406252642 6235.3254753192887 50.153231752105057 3574.5667641502805 170.89507196098566 148.96950087836012 1230.6104213818908 436.51745390892029 76.631969592999667 166.39116995758377 266.40302252350375 28.015711009502411 692.6573645286262 82.271191641688347 3901.904339259956 14.804771085269747 8.0269891591742617 14.549241722561417 301.13571120426059 350.21497752889991 29.60416316986084 6.7863595271483046 1198.8809206290171 6.7547187544405451 5.8629174525849521 6.2923690080642691 18.584824442863464 12.872091811150311 5.1553636044263831
leaf_count=69797 249 15 28187 260 16293 752 1914 4996 1821 877 3513 1242 114 2835 334 18435 82 45 1622 1258 1421 125 34 5422 30 37 26 76 688 21
internal_value=0.000194805 0.0212992 0.000166545 0.000568388 0.00204248 0.00390348 0.0106341 -3.32209e-05 0.000275102 0.015478 0.0196589 -0.00130397 -0.00428597 -0.00350919 0.00968535 0.00291297 0.0215423 0.0103144 0.0238551 -0.00642168 -0.00385002 -0.000299009 -0.0203959 -0.000964391 -0.00552608 -0.0522935 0.000906501 0.000452186 0.000372121 -0.00525211
internal_weight=35928.5 48.0466 35880.4 28179.8 8167.47 4550.65 583.787 20012.3 18659.5 412.892 323.388 7700.61 1352.81 1805.4 110.287 3966.86 64.958 156.996 47.4557 1087.87 786.732 3616.82 42.2534 7434.21 1242.52 12.6493 717.535 711.242 89.5041 1235.77
internal_count=162521 1886 160635 125784 43055 26566 7789 82729 77234 7037 5472 34851 5495 7437 448 18777 342 1959 1871 4500 3242 16489 196 33609 5047 71 2937 2911 1565 5017
is_linear=0
shrinkage=0.05


Tree=107
num_leaves=31
num_cat=0
split_feature=10 16 1 9 3 4 2 6 3 15 9 16 6 7 15 11 15 4 5 5 16 0 9 2 5 5 16 0 0 10
split_gain=9.38568 8.9197 8.02708 7.10095 9.7859 18.7959 10.3845 7.79178 8.51917 7.25232 7.78543 6.68938 7.20848 7.59065 7.14254 6.51287 9.79821 6.4407 6.51988 6.27144 10.0476 10.8417 9.64009 10.1099 6.2215 6.16508 6.09495 5.83806 17.1441 7.29678
threshold=9.5000000000000018 1.0000000180025095e-35 8.5000000000000018 1.5000000000000002 4.5000000000000009 5.5000000000000009 5.5000000000000009 3.5000000000000004 2.5000000000000004 24.500000000000004 1.0000000180025095e-35 17.500000000000004 2.5000000000000004 3.5000000000000004 2.5000000000000004 2.5000000000000004 6.5000000000000009 1.0000000180025095e-35 7.5000000000000009 5.5000000000000009 23.500000000000004 1.0000000180025095e-35 3.5000000000000004 2.5000000000000004 2.5000000000000004 7.5000000000000009 22.500000000000004 1.0000000180025095e-35 1.5000000000000002 1.0000000180025095e-35
decision_type=2 2 2 2 2 2 2 2 2 2 2 2 2 2 2 2 2 2 2 2 2 2 2 2 2 2 2 2 2 2
left_child=1 2 24 4 27 9 -7 8 15 26 -11 14 13 19 17 -5 25 -10 -19 -13 21 -21 -23 -24 -1 -17 -6 -3 29 -29
right_child=-2 3 -4 7 5 6 -8 -9 11 10 -12 12 -14 -15 -16 16 -18 18 -20 20 -22 22 23 -25 -26 -27 -28 28 -30 -31
leaf_value=0.0018135880926447212 -0.056865980357412096 -0.00077953304505856669 0.051011972852561982 -0.0031976945533935507 0.002300628396923732 0.013384565549370113 0.044552797114285718 -0.010001087511901104 -0.0030201252918405706 -0.053527122804090825 0.024150343951887025 0.0076921106314690613 -0.010487691860587057 -0.02220336556644183 -0.0015224771781464513 -0.026079635379004668 -0.0066636866625809817 0.0098622159144349207 0.067944935126781222 -0.055923240399784614 0.044851758682510304 0.014851615134824372 -0.10810399999820773 0.022338219621180842 0.013151045857464686 -0.08288649247058591 0.024117280466909766 0.0060667126836857696 -9.297312529330952e-05 0.00019040350608352558
leaf_weight=387.35733627155423 7.2708582500927141 12150.688887029886 9.7943204822950047 1411.7824902758002 889.34378750203177 84.263144176453352 39.135821210686117 261.00109598273411 126.205830283463 11.198965630494056 4.5308249443769446 655.68891191156581 78.321067025884986 23.951322856359184 4518.5139987678267 43.094266124069691 157.34532897919416 211.94945335574448 4.9442521007731548 14.132270745933054 6.866475115530192 20.414048839360479 3.7413503043353549 2.4634933467023075 175.97819305071607 5.3714573979377738 33.208955283276737 1853.2024767436087 11983.627789316699 738.91330519132316
leaf_count=1732 35 49096 149 5743 5734 1452 4189 1218 530 72 27 2936 406 120 20779 179 643 1152 51 62 101 341 18 63 1169 23 249 7931 52980 3176
internal_value=-6.36494e-05 -5.21475e-05 0.00613549 -0.000152513 0.000216851 0.00492461 0.0232695 -0.00151274 -0.00120861 0.00251196 -0.0311528 -0.000295108 0.00392492 0.00547707 -0.000994374 -0.00440905 -0.0127185 0.00596058 0.0111863 0.00641973 -0.0111008 -0.0205286 -0.00173724 -0.0563149 0.00535525 -0.0323755 0.00308596 2.98401e-05 0.000704553 0.0043916
internal_weight=35914.3 35907 573.13 35333.9 27788.1 1061.68 123.399 7545.79 7284.79 938.283 15.7298 5667.19 805.579 727.258 4861.61 1617.59 205.811 343.1 216.894 703.307 47.6176 40.7512 26.6189 6.20484 563.336 48.4657 922.553 26726.4 14575.7 2592.12
internal_count=162356 162321 3050 159271 124906 11723 5641 34365 33147 6082 99 26559 4047 3641 22512 6588 845 1733 1203 3521 585 484 422 81 2901 202 5983 113183 64087 11107
is_linear=0
shrinkage=0.05


Tree=108
num_leaves=31
num_cat=0
split_feature=10 4 5 5 11 1 2 15 8 1 15 4 11 6 16 4 5 16 7 16 1 5 16 1 15 17 17 16 17 4
split_gain=11.9662 11.9813 16.6574 8.59194 21.3968 13.2176 10.2597 8.21842 7.56939 7.57693 7.2764 7.14655 7.08767 6.89825 8.13913 6.71648 6.66621 6.72875 6.62223 8.1204 6.61394 6.33095 6.98689 6.60516 6.23319 6.21503 7.84934 9.90141 8.14081 6.52881
threshold=1.0000000180025095e-35 1.0000000180025095e-35 8.5000000000000018 1.0000000180025095e-35 1.5000000000000002 4.5000000000000009 1.0000000180025095e-35 2.5000000000000004 3.5000000000000004 3.5000000000000004 12.500000000000002 1.5000000000000002 1.0000000180025095e-35 1.0000000180025095e-35 14.500000000000002 1.5000000000000002 4.5000000000000009 11.500000000000002 2.5000000000000004 6.5000000000000009 7.5000000000000009 6.5000000000000009 19.500000000000004 1.5000000000000002 24.500000000000004 3.5000000000000004 9.5000000000000018 19.500000000000004 13.500000000000002 1.5000000000000002
decision_type=2 2 2 2 2 2 2 2 2 2 2 2 2 2 2 2 2 2 2 2 2 2 2 2 2 2 2 2 2 2
left_child=1 -1 3 13 5 7 25 -5 11 -10 -6 21 -11 -3 24 -12 17 18 19 -9 -4 22 23 -2 -15 -7 -27 28 29 -28
right_child=8 2 20 4 10 6 -8 16 9 12 15 -13 -14 14 -16 -17 -18 -19 -20 -21 -22 -23 -24 -25 -26 26 27 -29 -30 -31
leaf_value=-0.00035358376630418865 -0.0040653542618132683 0.0011131426488656872 0.014765173147686786 0.011602928580020848 -0.0038583141109631586 0.026394819886800865 0.016473087307287249 0.0051583708376774368 -0.0055033963891668817 -0.014106160459426363 0.0094058553981585594 -0.00092684762653588628 -0.052531377408900293 -0.00029977487104459989 -0.010664658015365515 -0.00057601259612626574 0.01070258336503334 0.0052191680687470529 -0.011678278401647079 -0.0025358053674559193 0.047103202163976683 0.026702645189420955 0.0096533133145711488 -0.014747982982419245 -0.031986517452873391 -0.019044946300057371 0.05348141968055662 0.06299991089521749 -0.014389183153580161 0.0013844999992128756
leaf_weight=16094.643682912923 337.36135974526405 2843.0738934911788 122.84520636987872 310.69606990879402 1168.6545731648803 19.974148362874985 395.81624462176114 638.77885418012738 275.98081400804222 40.778363569872454 235.78410859964788 9073.221115305787 17.005394533276558 777.23867445066571 294.64850773103535 590.75427150400355 258.30247317999601 1114.8527154680341 110.78287543728948 740.3879924621433 18.147262326208875 14.213174156844614 57.205100268125534 253.37668024003506 15.836358308792112 49.015550449490547 10.189934164285662 7.115884155035018 36.363111600279808 14.673997197300194
leaf_count=65287 1364 11626 1848 1751 5757 93 5441 3041 1176 262 1026 41653 113 3190 1216 2774 1881 5199 491 3276 2163 63 235 1046 64 216 44 34 168 68
internal_value=-8.42563e-05 0.000484968 0.0018658 0.00161608 0.0028559 0.00510293 0.0123875 0.00387923 -0.00154665 -0.00895054 -0.00131895 -0.00129281 -0.0254145 -0.000182438 -0.0035688 0.00227148 0.00304108 0.00228134 8.31069e-05 0.00102785 0.0189274 -0.00630748 -0.00703159 -0.0086473 -0.000932505 0.000612152 -0.003776 0.00717489 0.000686834 0.0227353
internal_weight=35937.7 25868.6 9773.93 9632.94 5702.14 3706.95 533.149 3173.8 10069.1 333.765 1995.19 9735.38 57.7838 3930.8 1087.72 826.538 2863.1 2604.8 1489.95 1379.17 140.992 662.156 647.943 590.738 793.075 137.333 117.358 68.3429 61.227 24.8639
internal_count=162566 116654 51367 47356 31260 21703 6064 15639 45912 1551 9557 44361 375 16096 4470 3800 13888 12007 6808 6317 4011 2708 2645 2410 3254 623 530 314 280 112
is_linear=0
shrinkage=0.05


Tree=109
num_leaves=31
num_cat=0
split_feature=0 6 0 4 10 3 5 16 9 4 16 13 6 0 16 16 3 7 3 0 9 3 16 16 13 0 9 5 15 16
split_gain=9.62438 8.67226 23.7084 13.4044 11.271 19.7767 10.1763 9.12374 7.75964 7.73389 7.28453 8.22528 7.97549 7.76843 7.2202 7.21476 7.28219 6.73954 6.48728 6.39788 6.86536 6.31542 6.26529 7.54382 8.2223 6.03617 5.94216 5.87742 5.80481 5.67233
threshold=14.500000000000002 1.5000000000000002 3.5000000000000004 4.5000000000000009 1.5000000000000002 1.5000000000000002 2.5000000000000004 16.500000000000004 1.5000000000000002 1.0000000180025095e-35 8.5000000000000018 1.5000000000000002 4.5000000000000009 6.5000000000000009 26.500000000000004 1.5000000000000002 4.5000000000000009 1.5000000000000002 4.5000000000000009 7.5000000000000009 4.5000000000000009 1.0000000180025095e-35 21.500000000000004 9.5000000000000018 5.5000000000000009 4.5000000000000009 2.5000000000000004 7.5000000000000009 20.500000000000004 26.500000000000004
decision_type=2 2 2 2 2 2 2 2 2 2 2 2 2 2 2 2 2 2 2 2 2 2 2 2 2 2 2 2 2 2
left_child=1 2 -1 4 9 -6 7 -5 -3 -4 13 12 -12 27 17 18 29 19 -11 -13 -21 -8 23 -7 -25 26 -20 -10 -19 -17
right_child=-2 8 3 6 5 22 21 -9 10 15 11 14 -14 -15 -16 16 -18 28 25 20 -22 -23 -24 24 -26 -27 -28 -29 -30 -31
leaf_value=-0.00013149238574195122 0.03661914679545554 -0.00077575953726799029 0.0017992873413031072 -8.3383619751270226e-05 0.0070392528240073781 -0.0097122919280460667 0.00046561806587143385 0.030553976376312006 -0.0098816624161100833 0.039250088537320448 -0.0067840804230611925 0.0049602486016379942 -0.036919650566541375 0.0079441184564091587 -0.062926744092206666 0.0058094855061774564 0.018616933732128527 -0.0053986441438059751 -0.11735687761750541 -0.0089938709855700068 -0.077442100738538924 0.027875814022792145 0.040507340856898402 -0.029891121505983449 -0.10418108513056518 0.024486322339505064 0.0088941466015362569 -0.049377181757417669 -0.043252910551274504 -0.053104589885602675
leaf_weight=26135.353601833805 17.83515387470834 5979.0326853522565 788.21813907288015 127.3882171548903 139.964510679245 59.38554314058274 24.853419627994299 30.028331548906863 582.27879123296589 33.154722246341407 239.20446359692141 541.72200467949733 24.174065002240241 63.028613992035389 4.4263816745951763 608.57265398092568 125.89862266508862 148.21330254944041 1.9534842241555437 29.722360158804804 4.178342353552579 136.04662824142724 4.0912900026887646 57.21610680129379 3.9838757514953604 5.7580942073836923 1.7823455762118099 9.5744581501930934 10.870170071721075 4.1132878959178916
leaf_count=109657 1032 26962 3332 834 598 308 135 215 2481 218 1085 2313 107 469 23 3330 1527 679 23 266 27 6312 25 292 20 97 18 55 53 21
internal_value=-0.000101493 -0.000119724 0.000283911 0.00532789 0.00368409 -0.00586112 0.0147992 0.00576091 -0.00161492 0.0052936 -0.00464217 -0.00196303 -0.00955006 -0.00874346 0.000740492 0.00881916 0.00766453 0.00112407 0.0288149 0.00364158 -0.0174303 0.0236419 -0.0203433 -0.0224079 -0.0347271 -0.00762675 -0.0571232 -0.0105206 -0.00798523 0.00541396
internal_weight=35942 35924.2 28287.8 2152.41 1834.09 264.641 318.317 157.417 7636.43 1569.45 1657.39 1002.51 263.379 654.882 739.133 781.233 738.585 734.706 42.6486 575.623 33.9007 160.9 124.677 120.586 61.2 9.49392 3.73583 591.853 159.083 612.686
internal_count=162514 161482 126962 17305 9809 1243 7496 1049 34520 8566 7558 4553 1192 3005 3361 5234 4878 3338 356 2606 293 6447 645 620 312 138 41 2536 732 3351
is_linear=0
shrinkage=0.05


Tree=110
num_leaves=31
num_cat=0
split_feature=6 3 5 9 8 2 5 16 10 17 4 5 2 15 15 16 2 10 1 5 17 9 13 14 14 3 13 16 16 16
split_gain=8.45872 7.4393 8.7424 7.01966 6.23945 10.5894 15.9944 10.6254 7.30453 6.81022 8.23751 6.61728 6.59738 6.16439 5.99851 7.75796 6.34938 9.80582 5.9218 5.69641 7.00197 5.95293 5.77091 6.13005 8.99874 5.66364 5.56226 6.0717 6.21962 5.78976
threshold=1.5000000000000002 9.5000000000000018 5.5000000000000009 3.5000000000000004 1.5000000000000002 1.0000000180025095e-35 5.5000000000000009 4.5000000000000009 7.5000000000000009 11.500000000000002 4.5000000000000009 4.5000000000000009 6.5000000000000009 1.5000000000000002 9.5000000000000018 23.500000000000004 3.5000000000000004 4.5000000000000009 8.5000000000000018 1.5000000000000002 17.500000000000004 1.0000000180025095e-35 5.5000000000000009 27.000000000000004 11.000000000000002 3.5000000000000004 1.5000000000000002 24.500000000000004 23.500000000000004 18.500000000000004
decision_type=2 2 2 2 2 2 2 2 2 2 2 2 2 2 2 2 2 2 2 2 2 2 2 2 2 2 2 2 2 2
left_child=1 4 13 -2 5 -1 7 18 9 26 -11 14 -8 -3 15 -12 -16 25 -7 20 -6 22 -22 24 -24 -18 27 28 -9 -28
right_child=3 2 -4 -5 19 6 12 8 -10 10 11 -13 -14 -15 16 -17 17 -19 -20 -21 21 -23 23 -25 -26 -27 29 -29 -30 -31
leaf_value=-9.2352938787375311e-05 -0.0010597383087930768 0.050617068921072129 0.035840441848838188 -0.0094876566672859441 -0.00041466952063771208 0.0052816476451795777 0.0085914196464532949 0.0023236040287141105 -0.042767758046565289 0.0018612493409398542 0.017978770821254309 0.036239392593720048 0.030880547696864737 0.0031222165823570507 0.0067606125205726692 -0.054466194342544329 -0.021494454343135735 -0.08718984651157019 0.034177377024500501 -0.0026520497777480058 0.0053854181429796094 0.016784270728209531 -0.056575785295044825 -0.064273658484926194 0.011065130187457856 0.028368372432652458 -0.0021988480980652688 -0.036278186924924079 0.029792224659196388 0.0038903205291592928
leaf_weight=12581.90991842933 7397.4935112905223 7.2288239253684869 29.512612704420462 255.6042049578391 2895.1187184238806 1327.5413344660774 590.59020457416773 1285.0209551672451 9.5887522995471937 2570.8379738479853 134.55359531892464 22.923471835441887 35.176391211571172 124.40058976458386 128.05892790481448 3.7998415492475024 19.664208160713319 4.4280921714380375 17.970744587946683 2716.8457776713185 261.35190689191222 106.32879076711833 6.6914899647235933 5.7021208778023711 18.542087592184544 8.0164503646083158 2878.7565172580071 10.03468231577426 20.943610278889537 451.61984609533101
leaf_count=50983 33760 78 2522 1214 11880 6260 4491 5565 43 11238 873 355 1790 1010 625 23 130 25 207 13179 1083 449 28 24 79 134 12359 48 98 2012
internal_value=0.000133416 0.000532577 0.0112451 -0.00134122 0.000471171 0.00085963 0.00211786 0.00157422 0.000844563 0.000900035 0.0028048 0.0103511 0.00984436 0.00573054 0.00836309 0.0159891 0.00177573 -0.0181054 0.00566758 -0.000957227 0.000440752 0.00665361 0.00296827 -0.0174524 -0.00687202 -0.00705394 -0.000285643 0.00246641 0.00276412 -0.00137312
internal_weight=35926.3 28273.2 161.142 7653.1 28112 22101.4 9519.53 8893.76 7548.25 7538.66 2892.28 321.445 625.767 131.629 298.521 138.353 160.168 32.1088 1345.51 6010.58 3293.74 398.616 292.288 30.9357 25.2336 27.6807 4646.38 1316 1305.96 3330.38
internal_count=162565 127591 3610 34974 123981 97259 46276 39995 33528 33485 13403 2165 6281 1088 1810 896 914 289 6467 26722 13543 1663 1214 131 107 264 20082 5711 5663 14371
is_linear=0
shrinkage=0.05


Tree=111
num_leaves=31
num_cat=0
split_feature=11 1 0 5 3 4 10 14 17 16 17 16 8 17 13 14 14 9 17 16 0 4 17 10 14 17 15 8 15 16
split_gain=9.70706 8.43058 7.75964 13.472 8.94895 14.5466 8.93163 7.40712 8.88028 7.16936 6.80569 8.02217 5.86362 5.85523 9.7574 8.17748 6.1394 6.20122 7.08477 6.09965 6.57088 5.94127 5.7781 5.47455 5.15406 12.0689 5.84617 5.1717 8.36623 9.02
threshold=1.5000000000000002 12.500000000000002 5.5000000000000009 1.0000000180025095e-35 3.5000000000000004 2.5000000000000004 6.5000000000000009 43.000000000000007 8.5000000000000018 20.500000000000004 14.500000000000002 18.500000000000004 2.5000000000000004 1.0000000180025095e-35 5.5000000000000009 13.000000000000002 53.000000000000007 1.5000000000000002 2.5000000000000004 1.0000000180025095e-35 4.5000000000000009 6.5000000000000009 9.5000000000000018 7.5000000000000009 9.0000000000000018 3.5000000000000004 4.5000000000000009 2.5000000000000004 9.5000000000000018 11.500000000000002
decision_type=2 2 2 2 2 2 2 2 2 2 2 2 2 2 2 2 2 2 2 2 2 2 2 2 2 2 2 2 2 2
left_child=2 13 -1 7 12 10 -7 8 24 -9 11 -6 -5 14 15 -2 17 23 -19 -18 -21 -22 -10 -15 25 -4 -27 -26 -29 -30
right_child=1 -3 3 4 5 6 -8 9 22 -11 -12 -13 -14 16 -16 -17 19 18 -20 20 21 -23 -24 -25 27 26 -28 28 29 -31
leaf_value=1.9703948852398549e-05 -0.016177384481986367 0.047434124120053246 0.044636115392116496 0.0068850956466520209 -0.01300742298601097 0.028817097907693275 -0.14580089716009847 0.0096148345669970041 0.018522404810107845 -0.031682198851306145 0.023224752451016156 0.035245277509266884 -0.0076509478793652707 -0.00069635898108310484 -0.037855867409692559 0.023020411478216748 0.034293450216948733 -0.020377279804129119 -0.0036405873432988362 -0.0053634610387946584 -0.025116200204872697 0.046575373788741298 -0.0011170243116313417 -0.054270700706198008 -0.011668672252791442 0.042395925595140362 -0.017155669420381426 -0.072266941332685894 -0.045777155913263846 0.030036140321217826
leaf_weight=26651.533599180635 16.39156742952764 8.6926555426325631 12.976455062627791 501.70855536824092 60.263364125043154 126.02821133704856 0.73658611578866739 185.76393624395132 43.180439598858356 11.139736764132975 27.505346220918 10.050196731463073 80.509621455334127 5402.8973308843561 9.4484666865318996 70.676014268770814 9.0942069813609105 66.154936869628727 1430.3407205983531 640.74901669472456 63.61854928615503 3.0274230134673408 282.2705756239593 4.7726368159055701 169.5606542751193 4.6346842348575583 37.198718443512917 9.7370999306440371 9.2209667414426821 6.828897386789321
leaf_count=113610 77 416 56 2892 445 6302 26 784 180 48 268 76 503 24344 44 345 56 290 6501 2715 359 112 1202 20 711 20 155 42 38 29
internal_value=-0.000208274 -0.00177868 0.000221495 0.0036268 0.00814557 0.0166242 0.0278025 -0.00109256 -0.00395611 0.00727847 0.00213819 -0.00611047 0.00487504 -0.00183412 0.0104038 0.0156409 -0.00198911 -0.00153193 -0.00438046 -0.00639453 -0.00691761 -0.0218596 0.00148871 -0.000743642 -0.0110397 0.00250943 -0.010558 -0.0148413 -0.0357028 -0.0135201
internal_weight=35956.7 7725.86 28230.8 1579.31 806.802 224.584 126.765 772.512 575.608 196.904 97.8189 70.3136 582.218 7717.17 96.516 87.0676 7620.65 6904.17 1496.5 716.489 707.395 66.646 325.451 5407.67 250.157 54.8099 41.8334 195.348 25.787 16.0499
internal_count=162666 35279 127387 13777 10512 7117 6328 3265 2433 832 789 521 3395 34863 466 422 34397 31155 6791 3242 3186 471 1382 24364 1051 231 175 820 109 67
is_linear=0
shrinkage=0.05


Tree=112
num_leaves=31
num_cat=0
split_feature=0 4 8 0 6 4 10 5 3 9 15 11 5 11 14 15 17 11 7 13 6 17 15 4 15 5 11 17 17 15
split_gain=7.66882 7.97207 7.88015 8.3342 10.8044 12.5369 8.79337 9.66972 8.37667 9.29583 8.20856 10.5235 8.12027 12.0207 10.1135 9.94463 10.3842 7.81096 11.01 7.63194 7.12951 8.64169 8.20899 14.0436 9.21015 7.98043 9.79286 6.66007 8.74117 6.45641
threshold=11.500000000000002 1.5000000000000002 1.0000000180025095e-35 1.0000000180025095e-35 1.5000000000000002 8.5000000000000018 1.0000000180025095e-35 8.5000000000000018 10.500000000000002 1.0000000180025095e-35 2.5000000000000004 3.5000000000000004 1.0000000180025095e-35 1.5000000000000002 17.000000000000004 8.5000000000000018 4.5000000000000009 4.5000000000000009 1.5000000000000002 4.5000000000000009 3.5000000000000004 4.5000000000000009 7.5000000000000009 1.0000000180025095e-35 1.0000000180025095e-35 2.5000000000000004 2.5000000000000004 9.5000000000000018 8.5000000000000018 20.500000000000004
decision_type=2 2 2 2 2 2 2 2 2 2 2 2 2 2 2 2 2 2 2 2 2 2 2 2 2 2 2 2 2 2
left_child=2 19 3 -1 5 12 7 8 10 -10 11 -6 -5 15 -15 16 -14 -7 -19 -2 -4 -22 23 -23 -25 -26 -27 28 -16 -24
right_child=1 -3 20 4 6 17 -8 -9 9 -11 -12 -13 13 14 27 -17 -18 18 -20 -21 21 22 29 24 25 26 -28 -29 -30 -31
leaf_value=-0.00067412489844500937 -0.016582368380407976 0.029201848477481997 -0.0010871292566152887 0.00020246668917770503 0.010563762093643798 0.021051567820960185 -0.0038202694565109192 0.025713737685673102 -0.10025076291717648 -0.01040601445917673 -9.113214749852863e-05 -0.052394100103742007 0.018528414453731195 -0.0059910213771830071 0.0011265869255666179 0.002883191117086078 0.0065311547981231691 0.021341474445872814 -0.21162625768115834 0.056970426599632196 -0.028146664108162023 0.0037355736320562796 0.0033583903604482569 0.0251764972101894 -0.033803772940203869 -0.12493780607382816 -0.017395823095378442 0.0058427924550872035 -0.015563480576842165 -0.02543001326543037
leaf_weight=11578.062000098638 22.823811657726768 44.650284016737714 9691.430061142426 3590.2437367588282 261.77069008629769 105.83377249655314 1531.8655107074883 38.087831830140203 4.2516181287355712 8.9176446814089996 3631.8543011862785 6.8101115450263014 217.20610798755661 501.11973177897744 529.01347227022052 1930.0914803449996 1063.3112741243094 1.2040862047579133 0.87619105773046602 4.1713252775371066 48.226985309273005 36.467799372971058 176.8482019668445 4.9666671901941291 27.473120599985123 6.0586915053427202 3.2536802557297051 668.47684017848223 92.109395213425159 21.886073924601078
leaf_count=46894 113 2400 43681 14642 1248 2331 6870 461 49 78 15626 33 1307 2453 2415 9991 6283 46 15 20 219 152 785 27 122 39 21 3367 426 97
internal_value=-0.000108736 0.0162333 -0.000141461 0.000321249 0.0011338 0.00222945 -0.000604405 0.000642219 0.000398219 -0.0394119 0.000532632 0.00896741 0.00201673 0.00331911 3.68507e-05 0.00514979 0.00856617 0.0191656 -0.0767821 -0.00521689 -0.00133148 -0.00861381 -0.00521249 -0.0189336 -0.0387336 -0.0473626 -0.0873634 0.00237919 -0.00134847 0.000188001
internal_weight=35849.4 71.6454 35777.7 25761.1 14183 8699.49 5483.56 3951.69 3913.6 13.1693 3900.44 268.581 8591.57 5001.33 1790.72 3210.61 1280.52 107.914 2.08028 26.9951 10016.6 325.181 276.954 78.22 41.7522 36.7855 9.31237 1289.6 621.123 198.734
internal_count=162211 2533 159678 114535 67641 43276 24365 17495 17034 127 16907 1281 40884 26242 8661 17581 7590 2392 61 133 45143 1462 1243 361 209 182 60 6208 2841 882
is_linear=0
shrinkage=0.05


Tree=113
num_leaves=31
num_cat=0
split_feature=9 3 0 15 5 0 6 15 17 8 5 9 3 14 0 4 14 6 14 15 16 9 10 4 4 7 14 6 3 16
split_gain=9.96359 10.7875 18.7619 8.14758 8.26097 8.51768 7.31123 6.79229 6.65843 6.65818 6.9795 6.64544 7.45604 7.298 7.25418 7.62873 6.52693 6.49798 6.65373 6.40791 6.5166 6.08684 13.3745 14.716 6.27415 5.9388 5.8612 7.24889 5.80214 5.80191
threshold=3.5000000000000004 4.5000000000000009 9.5000000000000018 1.0000000180025095e-35 4.5000000000000009 3.5000000000000004 5.5000000000000009 19.500000000000004 22.500000000000004 5.5000000000000009 2.5000000000000004 1.5000000000000002 2.5000000000000004 3.0000000000000004 3.5000000000000004 1.5000000000000002 25.000000000000004 5.5000000000000009 17.000000000000004 18.500000000000004 15.500000000000002 2.5000000000000004 2.5000000000000004 4.5000000000000009 2.5000000000000004 1.0000000180025095e-35 7.0000000000000009 1.0000000180025095e-35 5.5000000000000009 18.500000000000004
decision_type=2 2 2 2 2 2 2 2 2 2 2 2 2 2 2 2 2 2 2 2 2 2 2 2 2 2 2 2 2 2
left_child=1 11 3 -3 8 16 21 17 9 -5 -11 -1 14 -14 -13 -16 19 18 -2 -6 -21 24 26 -24 25 -7 27 -23 -10 -15
right_child=7 2 -4 4 5 6 -8 -9 28 10 -12 12 13 29 15 -17 -18 -19 -20 20 -22 22 23 -25 -26 -27 -28 -29 -30 -31
leaf_value=0.00021499418371710577 0.00079794404474252531 0.018216418137964204 0.038881053454979747 0.00085504511638218115 0.00016250274981248892 0.025376357448016629 -0.060753518634014618 0.006072321463506683 0.036236361619028871 -0.048930751480615639 0.01997625420312342 -0.0031645227615788953 -0.0092883667105499671 -0.00051941537834392711 -0.0044732073587918468 -0.022822970778820534 0.011597940606331725 -0.043624890188785327 -0.0079595551508839929 -0.05304846041134597 0.016879847160121957 0.022928375902655604 -0.25683372640254648 -0.028147453628091464 0.040117016489340657 -0.027119389154212609 0.026655833102413259 -0.14124727117885263 0.0032774271290825739 0.0064815364345173036
leaf_weight=27173.800133565906 305.36747834715061 82.787829887587577 36.573411168996245 1940.3170348461717 82.863093364518136 18.571845456026498 2.6571746128611258 135.17389424517751 24.684401124715805 13.063962616026403 5.1131376288831225 1478.3958967328072 216.10094757378101 2852.3433591108769 125.86707963421941 102.98496947437525 125.98475748160854 11.249731832649557 748.59753357060254 12.09791244659573 4.5977972205728284 1.4767049085348909 0.93478212505578939 2.8429837506264448 52.532972594723105 7.589059683494269 19.43988796393387 1.234352270606905 29.088713978417218 330.19321988150477
leaf_count=115445 1403 588 3347 9969 674 210 24 624 129 59 38 5991 903 11920 518 444 1014 56 3479 68 37 59 10 98 3399 76 517 21 188 1409
internal_value=-7.27821e-06 0.000147454 0.00333602 0.00280057 0.00225635 0.0095533 0.0211512 -0.00448587 0.00104945 0.000572874 -0.0295475 -9.59823e-05 -0.00175102 -0.000396811 -0.00444685 -0.0127307 0.00403675 -0.00582568 -0.00542223 -0.0055314 -0.033791 0.0232314 0.00222108 -0.0847343 0.0301541 0.0101478 0.017051 -0.0518213 0.0184071 0.000206944
internal_weight=35944.5 34744.1 2464.45 2427.88 2345.09 332.823 107.28 1200.39 2012.27 1958.49 18.1771 32279.7 5105.89 3398.64 1707.25 228.852 225.544 1065.21 1053.97 99.5588 16.6957 104.623 25.9287 3.77777 78.6939 26.1609 22.1509 2.71106 53.7731 3182.54
internal_count=162717 157155 20525 17178 16590 6207 4414 5562 10383 10066 97 136630 21185 14232 6953 962 1793 4938 4882 779 105 4390 705 108 3685 286 597 80 317 13329
is_linear=0
shrinkage=0.05


Tree=114
num_leaves=31
num_cat=0
split_feature=8 2 5 4 13 3 9 9 15 14 3 4 10 16 5 17 2 2 8 10 11 1 4 17 8 15 16 15 5 3
split_gain=10.8169 11.3174 18.2982 10.9672 10.5648 10.3231 9.55075 12.9883 12.4054 8.6383 9.5913 9.49265 8.81736 7.49227 7.39034 6.50762 6.53402 19.454 13.5663 12.6365 9.98023 9.17471 6.98623 6.68422 7.62372 7.75769 7.11771 6.10963 6.45779 6.8925
threshold=1.5000000000000002 2.5000000000000004 4.5000000000000009 5.5000000000000009 2.5000000000000004 1.0000000180025095e-35 6.5000000000000009 7.5000000000000009 12.500000000000002 17.000000000000004 6.5000000000000009 3.5000000000000004 5.5000000000000009 2.5000000000000004 8.5000000000000018 1.0000000180025095e-35 1.5000000000000002 1.0000000180025095e-35 1.0000000180025095e-35 1.0000000180025095e-35 1.5000000000000002 2.5000000000000004 2.5000000000000004 9.5000000000000018 1.0000000180025095e-35 2.5000000000000004 17.500000000000004 11.500000000000002 4.5000000000000009 4.5000000000000009
decision_type=2 2 2 2 2 2 2 2 2 2 2 2 2 2 2 2 2 2 2 2 2 2 2 2 2 2 2 2 2 2
left_child=1 15 9 4 14 -5 -2 -8 -9 10 12 -11 -3 -13 -4 -1 17 27 20 21 -19 -18 -21 24 -24 -26 -25 -17 -29 -30
right_child=6 2 3 5 -6 -7 7 8 -10 11 -12 13 -14 -15 -16 16 19 18 -20 22 -22 -23 23 26 25 -27 -28 28 29 -31
leaf_value=0.0072819299755211009 -0.0015315461550154956 -0.0025635939448347311 0.013461263277623009 -0.022040210283913907 0.0018786093898910906 0.032873158728477646 -0.074628774728244293 0.051186065718521523 -0.049015722979851302 0.0016826317932951088 0.020026135382949159 0.029183304813785602 -0.043961376878409925 0.0074024744677716903 0.044051729105205217 -0.0013343148561923636 -0.0018913411846089257 0.0068927357512676458 -0.0025920964291636568 -0.011793573029548476 -0.00047363709364127795 0.0042904982798303475 -0.01228260379190825 -0.0017942715795388081 -0.055579602664468278 0.0091037524654697544 0.017208616146852762 0.0010733595044827764 -0.0024382804549038352 -0.019744745552626494
leaf_weight=307.20533416606486 7668.0971953847911 1078.8260455904528 183.69753520796075 9.5707800127565843 284.59038289659657 80.913413973525167 10.545135169755669 6.1571378754451853 6.1985263903625309 2258.4759559473023 46.935394504107535 43.169105864595622 13.017668878659604 462.32493526954204 22.121508748037741 8282.2665037121624 2118.1447167471051 2159.944800301455 674.07285479828715 387.89243001490831 584.15899692475796 837.52391534112394 280.64733367785811 323.21171225886792 4.9372046738862982 75.83081591874361 58.14076370280236 6962.1473327763379 587.70970461890101 63.77348667383194
leaf_count=1343 35001 4995 1418 57 2443 5604 48 35 33 9941 466 378 61 3089 386 33672 8790 9515 2763 1583 2600 3994 1266 1483 21 311 290 28086 2421 285
internal_value=3.42278e-05 0.000487664 0.0027913 0.0110706 0.00811959 0.0270648 -0.00162784 -0.0338694 0.000917345 0.00155899 -0.00210577 0.0030689 -0.00305717 0.00926255 0.0167491 5.19939e-05 -4.29222e-05 0.000341385 0.00376341 -0.00185935 0.0053246 -0.000139643 -0.00635486 -0.00351463 -0.00838687 0.00514977 0.0011029 -0.00039447 0.000627913 -0.0041324
internal_weight=35882.2 28191.3 4483.64 580.894 490.409 90.4842 7691 22.9008 12.3557 3902.75 1138.78 2763.97 1091.84 505.494 205.819 23707.6 23400.4 19314.1 3418.18 4086.33 2744.1 2955.67 1130.66 742.768 361.415 80.768 381.352 15895.9 7613.63 651.483
internal_count=162378 127261 28838 9908 4247 5661 35117 116 68 18930 5522 13408 5056 3467 1804 98423 97080 79342 14878 17738 12115 12784 4954 3371 1598 332 1773 64464 30792 2706
is_linear=0
shrinkage=0.05


Tree=115
num_leaves=31
num_cat=0
split_feature=8 2 1 5 11 7 11 17 16 9 0 11 5 7 13 3 4 5 15 17 3 6 16 7 0 4 5 9 15 1
split_gain=9.19148 10.0684 17.6019 12.8768 11.0837 10.4863 9.32613 8.64539 8.06782 7.78066 7.33396 11.9755 7.85717 7.12429 6.12581 9.30422 7.20695 7.51318 7.49411 6.45572 6.34527 6.0199 6.46558 5.94888 5.82578 5.69171 5.62014 5.58182 7.94977 5.51844
threshold=1.5000000000000002 2.5000000000000004 6.5000000000000009 2.5000000000000004 1.5000000000000002 4.5000000000000009 3.5000000000000004 14.500000000000002 9.5000000000000018 6.5000000000000009 3.5000000000000004 1.0000000180025095e-35 1.0000000180025095e-35 6.5000000000000009 5.5000000000000009 8.5000000000000018 6.5000000000000009 2.5000000000000004 5.5000000000000009 9.5000000000000018 6.5000000000000009 2.5000000000000004 15.500000000000002 3.5000000000000004 1.0000000180025095e-35 7.5000000000000009 4.5000000000000009 7.5000000000000009 10.500000000000002 11.500000000000002
decision_type=2 2 2 2 2 2 2 2 2 2 2 2 2 2 2 2 2 2 2 2 2 2 2 2 2 2 2 2 2 2
left_child=1 14 5 4 8 10 9 -7 -4 -2 21 12 -12 29 -1 16 17 19 -19 20 -16 22 25 -13 -21 -3 -18 -11 -29 -10
right_child=6 2 3 -5 -6 7 -8 -9 13 27 11 23 -14 -15 15 -17 26 18 -20 24 -22 -23 -24 -25 -26 -27 -28 28 -30 -31
leaf_value=0.00038476461589705987 -0.0010060114323980592 0.00018375353021406866 0.024120660435814879 0.028234585434647255 -0.066430416036751885 -0.010724446134137346 -0.010699460789956738 -0.064214432241219185 0.0043181096572667806 -0.058407501632513362 0.0038484105617466696 -0.0023727881187608664 0.01562152515556247 -0.069592037269052012 -0.0016993654381250044 -0.046685040213645439 0.020707772230615002 0.013740264498540941 -0.0004967263384406844 -0.011813555096970744 0.034600751715150715 -0.0070994037779456721 0.0058104187794529782 -0.083202129252520157 -0.0033629354402023824 0.017928206170392879 -0.030479310822996097 0.04215166601870167 -0.043458855018312002 -0.062338054904817419
leaf_weight=21517.20510094706 7371.1732931639999 2391.4473819420673 43.57939809653908 113.25940775359049 5.2923774346709243 37.415252979844809 261.57883997051977 9.4650071971118432 52.657559735700488 10.037170482799413 254.72620679810643 223.34352716361172 319.43658879306167 3.889780990779399 797.3659580796957 11.766373378224669 51.4709438290447 114.72723116725683 475.64442020654678 395.14939546585083 12.223096676170824 203.3872635718435 756.49218918383121 2.2997812964022151 421.48787780106068 46.062045080587268 5.9861554261296979 4.7290499520022404 6.3566926391795278 3.2996731661260119
leaf_count=89366 33619 10619 315 5606 24 169 1233 44 348 48 1115 1984 3730 17 3227 67 231 520 1993 1587 52 871 3530 14 1730 350 42 27 31 28
internal_value=0.000115901 0.000532062 0.00271051 0.0164359 0.00414443 0.00199263 -0.00142116 -0.0215239 0.00775578 -0.00109285 0.0022553 0.00656295 0.0103984 -0.00416081 0.000123329 -0.00233765 -0.00210819 -0.00256137 0.00226996 -0.00431529 -0.00115131 0.0012412 0.00177232 -0.00319661 -0.00745197 0.000519074 0.0153749 -0.0313954 -0.00693839 0.000387544
internal_weight=35923 28269.1 4466.05 221.978 108.719 4244.08 7653.88 46.8803 103.426 7392.3 4197.19 799.806 574.163 59.847 23803 2285.82 2274.06 2216.6 590.372 1626.23 809.589 3397.39 3194 225.643 816.637 2437.51 57.4571 21.1229 11.0857 55.9572
internal_count=162537 127579 28764 6338 732 22426 34958 213 708 33725 22213 6843 4845 393 98815 9449 9382 9109 2513 6596 3279 15370 14499 1998 3317 10969 273 106 58 376
is_linear=0
shrinkage=0.05


Tree=116
num_leaves=31
num_cat=0
split_feature=0 11 16 7 1 3 4 17 13 2 1 7 0 16 2 10 3 15 17 6 11 0 16 0 14 8 14 17 0 3
split_gain=8.20143 6.80625 6.47341 5.9152 13.3441 13.7796 12.9298 6.73189 8.76703 6.51075 7.71404 8.48863 7.25491 7.1737 6.24037 6.59474 8.18436 12.2131 8.97892 6.94618 6.86749 6.51101 6.11673 8.04688 6.07059 6.06193 6.54674 6.19346 6.69541 6.01338
threshold=14.500000000000002 6.5000000000000009 2.5000000000000004 1.0000000180025095e-35 1.0000000180025095e-35 5.5000000000000009 5.5000000000000009 24.500000000000004 4.5000000000000009 1.5000000000000002 10.500000000000002 6.5000000000000009 1.5000000000000002 16.500000000000004 9.5000000000000018 1.0000000180025095e-35 1.5000000000000002 17.500000000000004 11.500000000000002 2.5000000000000004 2.5000000000000004 6.5000000000000009 14.500000000000002 2.5000000000000004 53.000000000000007 1.0000000180025095e-35 49.000000000000007 5.5000000000000009 3.5000000000000004 3.5000000000000004
decision_type=2 2 2 2 2 2 2 2 2 2 2 2 2 2 2 2 2 2 2 2 2 2 2 2 2 2 2 2 2 2
left_child=1 3 -3 4 -1 14 -7 9 -9 12 11 -11 -5 -14 15 -6 21 -18 20 24 25 -17 23 -12 -20 26 27 28 -19 -29
right_child=-2 2 -4 7 5 6 -8 8 -10 10 22 -13 13 -15 -16 16 17 18 19 -21 -22 -23 -24 -25 -26 -27 -28 29 -30 -31
leaf_value=-0.00048875593684076708 0.034584883212927582 0.043042296026980023 -0.016977202530922178 0.0016225389244275041 0.0020758066787586083 0.0060617147155781126 0.026542017231012752 0.001412360895280763 0.031091240512821097 -0.0026233534631113688 0.0055199256130955762 -0.030749179286258005 -0.0033496327846352469 0.003838838091748481 0.017708715267571031 0.0021839713862498431 -0.0066394469065745162 0.043922498283399759 0.033011408512176064 -0.020773707994327009 0.035949649990220871 -0.018184403295249899 -0.0082696659959510376 0.054905512267966951 -0.020606260722238437 -0.024851505814951005 -0.03253746220948045 -0.012736188887870785 -0.016701455767917938 0.026487150184511511
leaf_weight=16029.162097759545 17.113549276255071 4.7436248725280157 84.861879892414436 3023.9461555331945 6531.8569637110922 580.51631843158975 88.862308201147243 76.326555937994272 36.918125516967848 4424.8324425318278 17.030850014649332 26.990325961261988 1950.9059258494526 422.16753318533301 57.903291875729337 1351.4449661709368 899.69500843714923 17.866232477128509 54.009260737802833 8.4035090976394695 11.575069368351249 40.408292077481747 15.947912517935036 15.995024592848493 5.8509330600500098 27.634549737907946 11.799237025901673 37.098086232319474 6.1125545874238005 13.265967048238961
leaf_count=65024 1042 32 389 12291 29770 4284 4333 390 184 21235 106 127 8176 1800 688 5715 4601 78 298 46 58 211 530 669 34 129 54 168 29 72
internal_value=-2.03064e-05 -3.68146e-05 -0.0137998 -2.35163e-06 0.000398294 0.00185747 0.00878055 -0.00103381 0.0110878 -0.0011725 -0.00257676 -0.00279387 -1.42955e-06 -0.00207081 0.00134682 0.00124175 -0.000950442 -0.00418794 0.00720375 0.0217947 -0.00074213 0.00159264 0.017159 0.0294383 0.0277706 -0.00447497 0.00206186 0.00755326 0.0284685 -0.0024047
internal_weight=35891.2 35874.1 89.6055 35784.5 25773.5 9744.3 669.379 10011.1 113.245 9897.82 4500.8 4451.82 5397.02 2373.07 9074.92 9017.02 2485.16 1093.31 193.615 68.2637 125.352 1391.85 48.9738 33.0259 59.8602 113.777 86.1421 74.3428 23.9788 50.3641
internal_count=162563 161521 421 161100 115592 50568 8617 45508 574 44934 22667 21362 22267 9976 41951 41263 11493 5567 966 378 588 5926 1305 775 332 530 401 347 107 240
is_linear=0
shrinkage=0.05


Tree=117
num_leaves=31
num_cat=0
split_feature=2 1 10 16 11 17 5 16 0 5 13 15 15 17 0 15 13 13 10 6 15 14 13 3 6 5 7 17 6 14
split_gain=6.84974 10.3847 10.0732 9.89434 8.65874 7.08817 6.89486 8.05168 7.31336 6.68892 6.61752 7.07908 6.60671 6.77058 10.0488 6.024 5.62392 5.45471 7.04902 6.84136 6.74344 6.54975 5.8534 6.89008 5.62483 8.29343 6.6641 5.62113 5.56205 5.38777
threshold=4.5000000000000009 9.5000000000000018 5.5000000000000009 15.500000000000002 4.5000000000000009 17.500000000000004 3.5000000000000004 9.5000000000000018 5.5000000000000009 9.5000000000000018 2.5000000000000004 13.500000000000002 5.5000000000000009 20.500000000000004 4.5000000000000009 5.5000000000000009 2.5000000000000004 5.5000000000000009 2.5000000000000004 2.5000000000000004 23.500000000000004 55.000000000000007 2.5000000000000004 2.5000000000000004 1.0000000180025095e-35 2.5000000000000004 1.0000000180025095e-35 8.5000000000000018 1.5000000000000002 49.000000000000007
decision_type=2 2 2 2 2 2 2 2 2 2 2 2 2 2 2 2 2 2 2 2 2 2 2 2 2 2 2 2 2 2
left_child=-1 2 3 4 12 17 7 -3 -9 10 11 -6 -2 -14 -15 -4 -17 20 19 -19 21 24 28 -24 26 -26 -5 -25 -23 -27
right_child=1 6 15 5 9 -7 -8 8 -10 -11 -12 -13 13 14 -16 16 -18 18 -20 -21 -22 22 23 27 25 29 -28 -29 -30 -31
leaf_value=-0.00030610876526226114 0.0056442847341035786 0.044014713454628658 0.015332358937967739 0.01395333501747782 -0.077490929804127529 0.019153772975929698 0.043879886203792032 -0.042699465069540525 0.055570928642291129 0.025311073594835823 -0.011487012549413478 -0.013340679898529008 0.00028108906657247685 -0.018217943380762297 0.027801825635309765 -0.011803453362107901 -0.053314603445410481 0.0035338031261394616 -0.054768876795075638 -0.049514267330978114 0.035404462938035147 -0.0095411623450069732 -0.058148245825098269 0.049941847295654873 -0.0088497530287616356 0.022734890371435394 -0.00024088788319067021 -0.043718489301015753 0.058052174621541733 -0.028157800739937084
leaf_weight=32305.506799133727 579.42713247798383 7.5300907287746695 8.2062500077299756 295.05838984926231 10.219466343522074 103.0252165067941 24.444371886784211 9.1764311557635647 2.3854215270839623 7.2190310310106716 28.326055521145463 7.4251250233501187 1865.9687807799783 95.806866607163101 13.538489017402751 16.293545716674998 16.343457659939304 50.844152743229643 7.3585880417376748 6.9029080525506279 19.585854680044577 13.961421782150866 11.629507601261141 3.4398741456679991 107.86872298084199 41.133383362088352 114.8889395268634 2.9982680615503341 3.89184123603627 5.9530511191114774
leaf_count=136726 4105 121 66 2023 53 1157 3216 69 72 112 147 34 10583 474 331 99 97 325 55 51 127 90 51 26 506 488 684 44 23 66
internal_value=-7.90424e-05 0.00202834 0.00172099 0.00201781 0.000533877 0.00692559 0.0262949 0.00377993 -0.0224245 -0.019433 -0.0264594 -0.0504955 0.000949586 -0.00042753 -0.0125201 -0.022962 -0.0325908 0.00508783 -0.00868037 -0.0028074 0.00653267 0.00559149 -0.015111 -0.0351746 0.00690792 -0.00120727 0.00997536 0.00632386 0.00519354 0.0163006
internal_weight=35786.4 3480.85 3437.31 3396.47 2607.93 788.54 43.5363 19.0919 11.5619 53.1897 45.9706 17.6446 2554.74 1975.31 109.345 40.8433 32.637 685.515 65.1056 57.7471 620.409 600.823 35.9209 18.0676 564.902 154.955 409.947 6.43814 17.8533 47.0864
internal_count=162021 25295 21817 21555 15839 5716 3478 262 141 346 234 87 15493 11388 805 262 196 4559 431 376 4128 4001 234 121 3767 1060 2707 70 113 554
is_linear=0
shrinkage=0.05


Tree=118
num_leaves=31
num_cat=0
split_feature=6 0 4 1 9 10 3 16 11 14 16 16 3 0 10 14 17 7 17 2 17 17 8 1 8 8 4 14 13 9
split_gain=6.52257 11.7259 10.8546 11.6598 10.7989 7.87362 7.06698 5.57282 5.55964 9.92803 5.55552 7.69736 6.67196 9.29628 7.65384 6.04132 7.86411 7.2383 6.93949 7.42819 6.29345 8.1559 5.86526 9.93109 5.71282 6.90587 5.94019 5.5158 6.64717 7.56604
threshold=1.5000000000000002 3.5000000000000004 2.5000000000000004 8.5000000000000018 1.0000000180025095e-35 1.5000000000000002 4.5000000000000009 1.0000000180025095e-35 3.5000000000000004 9.0000000000000018 9.5000000000000018 4.5000000000000009 6.5000000000000009 1.0000000180025095e-35 1.5000000000000002 19.000000000000004 1.5000000000000002 4.5000000000000009 6.5000000000000009 3.5000000000000004 5.5000000000000009 3.5000000000000004 2.5000000000000004 1.5000000000000002 2.5000000000000004 1.0000000180025095e-35 3.5000000000000004 49.000000000000007 4.5000000000000009 1.5000000000000002
decision_type=2 2 2 2 2 2 2 2 2 2 2 2 2 2 2 2 2 2 2 2 2 2 2 2 2 2 2 2 2 2
left_child=1 10 7 4 6 -6 -4 -3 -9 -10 11 12 -1 14 -14 18 22 -18 19 -13 21 -19 -17 -24 25 26 -22 -7 29 -29
right_child=-2 2 3 -5 5 27 -8 8 9 -11 -12 15 13 -15 -16 16 17 20 -20 -21 24 -23 23 -25 -26 -27 -28 28 -30 -31
leaf_value=0.00071544522147802211 -0.00138409671547602 0.022405010994064858 0.0088479257870266378 0.036255537098507755 0.0067351498350725573 -0.0086992717791954007 0.027248482997018014 0.0012414252463381417 -0.074056686893764462 -0.0068404800372830607 0.00064312933052009707 -0.0093826091805746855 0.0083701210057018673 0.02752494020011478 -0.037855320744341725 0.0060596863829594973 -0.00077285348032877263 -0.0035491045911934869 -0.0019683863889985941 0.0042254830417237672 -0.0027228470228853226 -0.067542159855134495 0.064071091362918386 0.00010613975365258001 -0.041326891678899108 0.031607503475527793 -0.044122014248636043 -0.096059379091702438 -0.10741788995430537 0.006296359675527905
leaf_weight=3553.5692049209028 7655.6438039718196 30.125594170764089 481.7574125258252 36.228450767695904 101.79396745678969 81.319239023374394 58.519359562778845 1287.8565764110535 6.5002554319798937 35.472764363512397 14073.311741744168 698.30280533246696 40.377388902008533 55.757816245313734 11.506777688860891 151.27105644997209 5166.7667469717562 8.9501187056303042 2032.6728316992521 117.10007627122104 50.72674822807312 11.221918910741804 12.307843983173372 11.96927424892783 11.196169301867483 12.057153195142744 10.449705418199299 2.5237690773792547 3.1473995717242351 6.3432676866650581
leaf_count=15175 35034 175 3313 3445 1496 684 2381 6116 34 177 59051 2848 178 452 51 650 21381 37 8408 519 207 46 50 53 47 51 49 17 23 67
internal_value=-8.99899e-05 0.000261815 0.00382715 0.00856392 0.00719974 -0.00288221 0.010841 0.00113953 0.000657783 -0.0172501 -3.01541e-05 -0.000822657 0.00108693 0.0133508 -0.00188167 -0.0016655 -0.000689777 -0.00103648 -0.00353157 -0.00742835 -0.0140581 -0.0391491 0.00972099 0.0325346 -0.00806338 -0.00297796 -0.00979434 -0.0133714 -0.0449941 -0.0228365
internal_weight=35816.7 28161.1 2131.59 771.633 735.404 195.128 540.277 1359.96 1329.83 41.973 26029.5 11956.2 3661.21 107.642 51.8842 8294.99 5446.92 5271.37 2848.08 815.403 104.602 20.172 175.548 24.2771 84.4298 73.2336 61.1765 93.3337 12.0144 8.86704
internal_count=162215 127181 17928 11426 7981 2287 5694 6502 6327 211 109253 50202 15856 681 229 34346 22571 21818 11775 3367 437 83 753 103 354 307 256 791 107 84
is_linear=0
shrinkage=0.05


Tree=119
num_leaves=31
num_cat=0
split_feature=6 17 0 5 14 4 3 13 15 15 4 8 5 7 17 15 0 5 13 7 10 17 13 7 17 13 3 14 14 17
split_gain=9.32875 7.36246 7.35373 11.601 11.46 9.25398 6.89438 6.29009 7.0469 5.73214 6.68742 6.85403 16.8982 6.03021 6.4057 6.21792 7.13958 6.01205 7.75592 5.93861 5.85741 5.69209 5.59332 5.43999 5.59137 14.9876 5.41275 10.5582 6.60243 6.51802
threshold=3.5000000000000004 2.5000000000000004 7.5000000000000009 1.0000000180025095e-35 55.000000000000007 5.5000000000000009 1.5000000000000002 5.5000000000000009 20.500000000000004 1.0000000180025095e-35 2.5000000000000004 4.5000000000000009 1.0000000180025095e-35 1.5000000000000002 16.500000000000004 20.500000000000004 1.5000000000000002 2.5000000000000004 1.5000000000000002 3.5000000000000004 4.5000000000000009 4.5000000000000009 4.5000000000000009 3.5000000000000004 6.5000000000000009 1.0000000180025095e-35 1.0000000180025095e-35 31.000000000000004 33.000000000000007 22.500000000000004
decision_type=2 2 2 2 2 2 2 2 2 2 2 2 2 2 2 2 2 2 2 2 2 2 2 2 2 2 2 2 2 2
left_child=1 7 9 4 6 -5 -4 -1 -9 10 11 -3 -13 -11 15 -15 -17 18 19 -18 23 -2 -8 24 25 -12 27 -16 -28 -30
right_child=21 2 3 5 -6 -7 22 8 -10 13 20 12 -14 14 26 16 17 -19 -20 -21 -22 -23 -24 -25 -26 -27 28 -29 29 -31
leaf_value=0.004102675230556122 -0.012497111559172595 0.0018782152600182022 -0.01466418033788474 0.0089623799880764552 -0.074446178783571598 0.034488887410020416 0.0019010929487311404 -0.0024441628816987142 -0.037166666273786717 0.0003426615815815136 -0.095649438290711639 0.030685060839362722 -0.10000928601014075 -0.0025322002260147187 -0.008156893749946683 0.0085132413614846612 -0.0094098273588905258 -0.017210349592568685 0.0094161873684186735 -0.067480216736543017 -0.018053010034910812 -0.0027309344790034007 0.043510874710385165 0.057551140511828129 0.015488637643804072 0.0051740165744653399 0.0095418375486995242 0.0064534974558412466 0.0027688329968975065 -0.018461092551187917
leaf_weight=1899.8260206785053 175.33126302575693 465.47969942167401 49.430096939206123 162.45388937182724 5.8206362649798384 45.434523725882173 30.209800839424133 187.44826190941967 15.847593680024145 24780.178812050028 4.0975028648972502 4.5703777819871885 5.3900711536407471 5161.5741784602869 280.55874440819025 282.57196623086929 34.75755725055933 59.224466481478885 97.78839160874486 5.0412187278270713 16.107858973555267 1000.982474229997 11.023490250110624 6.691975741647183 185.8741228627041 36.69704063795507 365.73761055292562 221.10218177735806 198.94075613119639 44.183935710694641
leaf_count=8501 791 2045 209 1966 27 4473 146 847 65 107602 21 19 26 22398 1145 1153 145 321 411 21 83 4680 54 45 1046 190 1858 897 996 234
internal_value=0.000192389 0.000340989 0.000155795 0.00789118 -0.00643736 0.0145413 -0.00207116 0.00320819 -0.0051509 8.28043e-05 0.00447874 0.00100003 -0.0400398 -1.82576e-05 -0.00134295 -0.0020263 0.00342081 -0.00389065 0.00184282 -0.0167655 0.0111085 -0.0041866 0.0130252 0.0131214 0.0118097 -0.00495294 0.00212814 -0.00171751 0.0052967 -0.00108936
internal_weight=35840.4 34664.1 32560.9 304.372 96.484 207.888 90.6634 2103.12 203.296 32256.6 724.909 475.44 9.96045 31531.7 6751.48 5640.96 479.384 196.812 137.587 39.7988 249.469 1176.31 41.2333 233.361 226.669 40.7945 1110.52 501.661 608.862 243.125
internal_count=162415 156944 147531 6875 436 6439 409 9413 912 140656 3475 2090 45 137181 29579 24449 2051 898 577 166 1385 5471 200 1302 1257 211 5130 2042 3088 1230
is_linear=0
shrinkage=0.05


Tree=120
num_leaves=31
num_cat=0
split_feature=8 0 2 5 16 15 8 15 16 10 3 11 15 11 2 14 17 16 15 14 15 10 15 1 9 5 15 1 17 16
split_gain=5.7704 6.73703 12.0499 9.40619 8.98099 8.52691 8.46151 8.17297 9.38648 8.78518 7.86845 7.52423 10.0133 7.25432 6.51618 6.15443 6.11128 9.96976 5.86465 5.49508 5.27891 5.26896 6.27037 7.80178 6.0127 7.65462 5.46096 5.39228 6.7253 6.10956
threshold=3.5000000000000004 5.5000000000000009 5.5000000000000009 5.5000000000000009 21.500000000000004 3.5000000000000004 1.0000000180025095e-35 9.5000000000000018 18.500000000000004 3.5000000000000004 8.5000000000000018 2.5000000000000004 5.5000000000000009 4.5000000000000009 1.0000000180025095e-35 51.000000000000007 3.5000000000000004 13.500000000000002 1.0000000180025095e-35 47.000000000000007 10.500000000000002 1.0000000180025095e-35 5.5000000000000009 5.5000000000000009 2.5000000000000004 3.5000000000000004 10.500000000000002 2.5000000000000004 20.500000000000004 21.500000000000004
decision_type=2 2 2 2 2 2 2 2 2 2 2 2 2 2 2 2 2 2 2 2 2 2 2 2 2 2 2 2 2 2
left_child=1 -1 4 11 6 -6 7 8 9 16 -9 15 -13 18 -7 -4 17 -3 -8 -16 -14 22 -2 27 25 26 -25 29 -29 -24
right_child=21 2 3 -5 5 14 13 10 -10 -11 -12 12 20 -15 19 -17 -18 -19 -20 -21 -22 -23 23 24 -26 -27 -28 28 -30 -31
leaf_value=-0.0001124667676125745 0.0073459685946581661 0.033990409835381229 0.0083875046747484971 0.037906127163728306 -0.052318260359632829 -0.0253457065821617 0.03318221357866652 0.00032773995237196136 0.030048563248086569 -0.026509243611084088 0.041934689748698656 0.045021159186946422 -0.13682367644090049 -0.05773545302856934 0.013031035030939797 0.047312789592152994 0.0063105218061529373 -0.01753900096221012 -0.0042086320233737122 -0.028946812757781923 -0.035755968657599412 -0.0087070750147709396 -0.0059353887306318916 -0.057900599781096532 -0.068861107531902513 0.034859507057305325 -0.011857799101493718 0.0081505651015537847 -0.037705781773100251 0.022997819351725526
leaf_weight=32786.884925580351 166.07809823495336 46.281123185995966 88.756630070973188 38.574853581143543 12.270811692811547 30.819201324135065 10.804662427864967 715.10587780294009 48.323507418157533 18.831134693697095 11.546597255626692 2.4865612178109577 2.1580284284427762 6.1798529215157023 37.189490885939449 11.466524259187279 453.82475679949857 11.774912131950257 356.70073336781934 9.8637684462591988 3.2194348513148725 343.44335780409165 460.2738193962723 9.5685034934431332 6.4394744557794175 6.0524083191994569 19.69661889411509 153.57559044333175 8.4347736677154881 18.998648762702942
leaf_count=140095 803 336 1455 4945 74 131 61 3716 320 121 287 28 18 36 303 212 2858 62 1849 81 29 1584 1901 43 60 174 92 701 43 80
internal_value=-6.15679e-05 5.59512e-05 0.00293768 0.0167102 0.00179618 -0.0135787 0.00262145 0.00452014 0.00895164 0.00703068 0.00098888 0.00914562 -0.0379495 -0.00401272 -0.00747429 0.0128409 0.00826455 0.0235392 -0.00310934 0.00423122 -0.0763154 -0.00348133 -0.00136767 -0.00348635 -0.0244277 -0.0163261 -0.0269119 -0.00212276 0.00576314 -0.00478846
internal_weight=35895.6 34703.1 1916.18 146.662 1769.52 90.1433 1679.37 1305.69 579.035 530.712 726.652 108.087 7.86402 373.685 77.8725 100.223 511.881 58.056 367.505 47.0533 5.37746 1192.56 849.118 683.04 41.757 35.3175 29.2651 641.283 162.01 479.272
internal_count=162498 157017 16922 6687 10235 589 9646 7700 3697 3377 4003 1742 75 1946 515 1667 3256 398 1910 384 47 5481 3897 3094 369 309 135 2725 744 1981
is_linear=0
shrinkage=0.05


Tree=121
num_leaves=31
num_cat=0
split_feature=0 9 15 6 15 5 15 6 14 3 2 5 6 14 14 7 15 7 15 13 17 13 8 10 13 13 8 9 0 5
split_gain=7.43483 6.19156 8.88044 9.13426 6.2427 9.52293 8.37471 7.8558 6.18468 8.7562 7.89995 6.0742 6.32522 6.13718 5.94213 5.85246 5.5888 5.8648 6.98699 6.49228 6.08718 6.03368 5.59002 5.89171 5.53009 5.57386 5.51203 5.42957 8.04248 5.42805
threshold=14.500000000000002 3.5000000000000004 19.500000000000004 5.5000000000000009 5.5000000000000009 7.5000000000000009 11.500000000000002 7.5000000000000009 43.000000000000007 9.5000000000000018 5.5000000000000009 1.5000000000000002 6.5000000000000009 35.000000000000007 55.000000000000007 6.5000000000000009 22.500000000000004 2.5000000000000004 25.500000000000004 3.5000000000000004 6.5000000000000009 1.0000000180025095e-35 1.5000000000000002 5.5000000000000009 3.5000000000000004 1.0000000180025095e-35 5.5000000000000009 1.5000000000000002 1.5000000000000002 11.500000000000002
decision_type=2 2 2 2 2 2 2 2 2 2 2 2 2 2 2 2 2 2 2 2 2 2 2 2 2 2 2 2 2 2
left_child=1 4 3 -3 5 15 7 14 9 11 -11 12 -8 -13 -6 -1 22 -18 19 21 -21 -19 23 -10 25 -7 -16 29 -29 -26
right_child=-2 2 -4 -5 6 24 8 -9 16 10 -12 13 -14 -15 26 -17 17 18 -20 20 -22 -23 -24 -25 27 -27 -28 28 -30 -31
leaf_value=0.0011596129846218925 0.033788728732619337 -0.0045777535009897596 0.0087373649863414227 -0.049032373324486019 -0.0015834511550335572 -0.0059683089794880769 0.0022614814053246272 0.034016508231042748 0.00021205091977038985 -0.031711280965805874 0.024819137179165486 -0.00081797375686437396 -0.029412586188887525 0.0037069316712592081 0.0033972805284046867 0.030681333299073566 -0.0096840240668736727 -0.0057943000624085476 0.069087864151142486 0.019161043945424752 -0.049749043352212668 0.03940002561846552 -0.0042393942730043913 0.023316019757311464 0.018507072044073574 0.030972085376790744 -0.037731501723529237 -0.064737004484648072 0.016732131574959053 -0.042567153047245058
leaf_weight=6607.4319167179056 16.289452888071537 1045.2756950913463 130.89023341634311 11.684420186560599 10816.50541785825 12.39625895465724 6641.885399915278 15.784534487407653 2934.9138407993596 34.686438009142876 7.5200251324567935 4522.0026843564119 15.799366898834704 898.20419045258313 763.29490984603763 16.83061090297997 306.89884058898315 15.097026592586191 4.4109542812220743 4.9919421374797812 8.9512288114055973 14.457086089532821 818.23343947133981 27.855498315999284 34.210003638407215 57.942629944300279 8.2341641290113312 6.4279317259788495 5.7294423719868064 4.0709652432706198
leaf_count=30967 1024 4817 599 55 48370 152 27092 75 12864 283 750 20926 66 4160 3415 84 1337 69 20 21 40 67 3644 128 364 651 37 30 83 62
internal_value=1.69825e-05 1.61273e-06 -0.00354783 -0.00506919 0.000123452 0.0014883 -0.000206988 -0.00123305 0.000525434 0.00109514 -0.0216391 0.00117458 0.00218632 -6.81336e-05 -0.00128106 0.00123462 -0.0011441 -0.00714417 0.00912603 0.00304545 -0.0250778 0.0163136 -0.000581058 0.000429271 0.0154019 0.0244619 0.00295833 0.00276731 -0.0263428 0.0120122
internal_weight=35808.9 35792.6 1187.85 1056.96 34604.8 6745.04 27859.7 11603.8 16255.9 12120.1 42.2065 12077.9 6657.68 5420.21 11588 6624.26 4135.81 354.807 47.9082 43.4973 13.9432 29.5541 3781 2962.77 120.777 70.3389 771.529 50.4383 12.1574 38.281
internal_count=162252 161228 5471 4872 155757 32393 123364 51897 71467 53277 1033 52244 27158 25086 51822 31051 18190 1554 217 197 61 136 16636 12992 1342 803 3452 539 113 426
is_linear=0
shrinkage=0.05


Tree=122
num_leaves=31
num_cat=0
split_feature=8 16 0 4 16 3 1 5 16 3 2 2 9 10 2 3 11 5 2 2 8 3 11 0 0 5 17 3 7 4
split_gain=10.782 8.89229 7.59758 7.2871 8.89134 6.97813 6.80245 6.70806 5.97179 7.7511 5.84539 5.66727 5.54135 14.1843 7.85962 18.1522 9.34216 11.382 7.52538 10.3481 10.7719 8.22187 7.1249 8.17132 6.57991 6.58226 6.46916 6.28966 7.70047 6.1233
threshold=3.5000000000000004 1.0000000180025095e-35 3.5000000000000004 12.500000000000002 26.500000000000004 1.0000000180025095e-35 8.5000000000000018 1.0000000180025095e-35 21.500000000000004 3.5000000000000004 8.5000000000000018 4.5000000000000009 1.5000000000000002 4.5000000000000009 2.5000000000000004 3.5000000000000004 2.5000000000000004 5.5000000000000009 1.5000000000000002 1.0000000180025095e-35 1.0000000180025095e-35 9.5000000000000018 2.5000000000000004 2.5000000000000004 2.5000000000000004 4.5000000000000009 19.500000000000004 2.5000000000000004 2.5000000000000004 10.500000000000002
decision_type=2 2 2 2 2 2 2 2 2 2 2 2 2 2 2 2 2 2 2 2 2 2 2 2 2 2 2 2 2 2
left_child=1 2 5 12 -5 7 8 11 -2 -10 -8 -1 14 27 18 -16 17 -17 19 21 29 -3 -22 -24 25 -20 -15 -14 -29 -21
right_child=6 3 -4 4 -6 -7 10 -9 9 -11 -12 -13 13 26 15 16 -18 -19 24 20 22 -23 23 -25 -26 -27 -28 28 -30 -31
leaf_value=-0.012121436374290069 -0.0052021177759376024 -0.00029902383282693251 0.017805387958008144 0.024121140161636707 -0.16624537224359578 0.0082681046298440676 -0.06876672315290959 0.0044683455372025432 0.020348190769572047 -0.037091360523585769 0.019033125185562921 -0.066580927309259824 -0.0037556586930493872 -0.012940889288008543 0.00084782774380588038 0.0094670793747022482 -0.0063335600806000147 0.033300588998848732 -0.00388990512666775 0.0045233943594198437 -0.0011185168399332082 -0.036555088352698523 -0.0063541229608615642 -0.04344752977423446 0.001059854579139963 0.0040728189965538982 -0.047196622498588532 0.00055021887901480105 -0.0048506409681947811 0.06200434108852261
leaf_weight=69.655591920018196 1133.8901203637943 12485.072618206963 114.50196624337696 39.675394860329106 0.62300632009282608 269.4693464403972 7.3390484135597926 88.802446246147156 42.958053673617542 6.803467310499399 2.5558660826645792 5.1288719028234473 1600.786891091615 138.18092339299619 6414.61171956826 531.03806403605267 81.681988240918145 55.311423336155713 3048.1023485437036 2143.9071250567213 451.8248485699296 15.656454263254998 45.105771191418171 22.131965689361095 1235.8210383071564 283.68697282858193 15.309248077683149 4769.6370452779811 765.96932317805476 4.6431969068944445
leaf_count=282 5032 50590 948 1801 14 1320 48 372 186 46 170 21 6516 628 28523 4383 1299 3609 12453 9411 1845 72 185 93 5692 1260 70 22031 3607 31
internal_value=-0.000130687 3.00483e-05 0.00635136 -7.13108e-05 0.0211781 0.00332287 -0.00480325 -0.00482319 -0.00445812 0.012495 -0.0460879 -0.0158564 -9.64165e-05 -0.00131879 0.000235852 0.00166469 0.00950845 0.0117153 -0.000276917 0.000258856 0.00308593 -0.000344432 -0.00337832 -0.0185638 -0.00205614 -0.00321191 -0.0163576 -0.000995336 -0.000197105 0.00464762
internal_weight=35889.9 34696.3 547.558 34148.8 40.2984 433.056 1193.55 163.587 1183.65 49.7615 9.89491 74.7845 34108.5 7289.88 26818.6 7082.64 668.031 586.349 19736 15168.3 2667.61 12500.7 519.063 67.2377 4567.61 3331.79 153.49 7136.39 5535.61 2148.55
internal_count=162538 157056 2943 154113 1815 1995 5482 675 5264 232 218 303 152298 32852 119446 37814 9291 7992 81632 62227 11565 50662 2123 278 19405 13713 698 32154 25638 9442
is_linear=0
shrinkage=0.05


Tree=123
num_leaves=31
num_cat=0
split_feature=7 11 17 10 17 5 7 15 13 8 14 17 0 16 1 10 2 5 15 16 0 14 16 7 13 1 1 15 15 2
split_gain=6.77575 9.52954 7.24239 5.3938 5.29303 8.01864 12.3928 5.3994 7.3133 5.25995 5.22885 5.41947 6.67473 7.8201 6.55411 5.99272 4.85267 4.66158 11.3411 4.55096 5.97574 5.53344 4.4202 5.41061 5.27414 13.9057 9.15414 6.11417 6.03592 4.71473
threshold=4.5000000000000009 4.5000000000000009 7.5000000000000009 9.5000000000000018 1.0000000180025095e-35 1.0000000180025095e-35 1.0000000180025095e-35 16.500000000000004 5.5000000000000009 4.5000000000000009 43.000000000000007 20.500000000000004 4.5000000000000009 23.500000000000004 8.5000000000000018 1.5000000000000002 14.500000000000002 7.5000000000000009 12.500000000000002 4.5000000000000009 4.5000000000000009 37.000000000000007 18.500000000000004 8.5000000000000018 2.5000000000000004 7.5000000000000009 9.5000000000000018 5.5000000000000009 7.5000000000000009 1.0000000180025095e-35
decision_type=2 2 2 2 2 2 2 2 2 2 2 2 2 2 2 2 2 2 2 2 2 2 2 2 2 2 2 2 2 2
left_child=3 9 -3 4 5 6 -1 8 -8 10 11 12 13 -2 -14 -16 -6 19 -19 20 21 -7 23 24 25 27 29 -12 -27 -26
right_child=1 2 -4 -5 16 17 7 -9 -10 -11 22 -13 14 -15 15 -17 -18 18 -20 -21 -22 -23 -24 -25 26 28 -28 -29 -30 -31
leaf_value=0.0052431277905989719 -0.0011099546200441905 0.0060526672674601706 -0.070296932207438975 -0.042657757867759633 1.6376660037124488e-05 0.031104492080772816 -0.0069292476293861581 -0.050512366842452631 -0.06971844154944408 -0.034349995605001002 -0.032786202806812902 0.021002468434930768 -0.030974013708042061 0.042604262547735444 0.026211325826028975 -0.062506051368767745 0.026488053516771193 0.0094138508461215475 -0.12279289136547263 0.0086814529926463879 0.06134147955728006 -0.0067575144320334603 0.01124473654857165 0.036333258725103776 -0.014314816388908977 -0.0025391267228510629 0.040569224798475613 0.015245087507199637 -0.059958197603851564 -0.039571516165973063
leaf_weight=159.93198623135686 420.04640825046226 4.6042271894402793 9.5455729677341861 7.375756222754716 34624.277640313609 25.98478692304343 43.114792943000793 12.533439353108404 5.1964354515075675 13.996128610335289 7.7809608690440646 27.008500207448378 34.99572801310569 10.486133664846419 10.760527859674765 2.3125482262112191 17.321071080630645 5.9399471092037839 2.2315401225350797 235.11458450881764 9.3319200370460731 15.350904330611227 20.266005052020773 5.2542644301429382 32.841389536857605 6.9205778068862882 5.1206460380926719 44.623768050223589 13.514995613135396 42.246817016042769
leaf_count=665 1803 24 46 32 155667 146 178 51 21 63 35 143 176 45 158 37 1003 59 14 1127 82 82 96 27 135 45 38 190 75 188
internal_value=-2.37226e-06 -0.00483023 -0.0454534 9.54276e-05 0.000104397 0.00513743 -0.00206358 -0.0212695 -0.013683 -0.00400693 -0.00338621 -0.000788537 -0.00201825 -4.52427e-05 -0.0196897 0.0105178 2.96127e-05 0.0105458 -0.0266903 0.0116105 0.0252024 0.0170436 -0.0107414 -0.013556 -0.0152688 -0.00552883 -0.0241139 0.00811349 -0.040513 -0.028525
internal_weight=35876 712.325 14.1498 35163.7 35156.3 514.73 220.777 60.8447 48.3112 698.175 684.179 505.61 478.601 430.533 48.0688 13.0731 34641.6 293.954 8.17149 285.782 50.6676 41.3357 178.569 158.303 153.049 72.8403 80.2089 52.4047 20.4356 75.0882
internal_count=162451 3324 70 159127 159095 2425 915 250 199 3254 3191 2362 2219 1848 371 195 156670 1510 73 1437 310 228 829 733 706 345 361 225 120 323
is_linear=0
shrinkage=0.05


Tree=124
num_leaves=31
num_cat=0
split_feature=10 4 5 11 16 7 6 2 13 15 4 0 16 11 2 16 15 1 3 6 4 16 16 1 1 3 7 1 7 1
split_gain=7.40268 10.5255 10.9286 10.7348 7.37372 7.66902 7.25261 7.24604 7.04667 7.65525 6.82949 7.91541 6.94313 8.22678 11.7361 9.43044 7.48587 10.5624 7.57926 7.05176 6.58955 14.5057 8.04728 6.4042 6.34025 6.2984 6.27737 6.12429 5.83265 7.90546
threshold=1.0000000180025095e-35 1.0000000180025095e-35 4.5000000000000009 3.5000000000000004 2.5000000000000004 3.5000000000000004 3.5000000000000004 1.0000000180025095e-35 5.5000000000000009 24.500000000000004 1.5000000000000002 12.500000000000002 12.500000000000002 1.5000000000000002 1.5000000000000002 17.500000000000004 2.5000000000000004 1.5000000000000002 2.5000000000000004 2.5000000000000004 3.5000000000000004 13.500000000000002 15.500000000000002 3.5000000000000004 1.0000000180025095e-35 1.0000000180025095e-35 1.5000000000000002 8.5000000000000018 4.5000000000000009 5.5000000000000009
decision_type=2 2 2 2 2 2 2 2 2 2 2 2 2 2 2 2 2 2 2 2 2 2 2 2 2 2 2 2 2 2
left_child=1 -1 4 23 8 10 -7 -8 9 24 -6 12 27 -14 16 20 17 -15 19 -18 22 -22 -16 -4 -3 -23 -24 -12 29 -26
right_child=-2 2 3 -5 5 6 7 -9 -10 -11 11 -13 13 14 15 -17 18 -19 -20 -21 21 25 26 -25 28 -27 -28 -29 -30 -31
leaf_value=-0.00035915474063908103 -0.0011724571004611958 -0.001789395079583418 0.0064257380320335905 -0.0024370957944681694 0.0033258305715788135 -0.0062322709782092305 -0.0050319412727401116 -0.095477853175092192 0.023251397542021525 -0.042978666425711742 -0.0016240321950239025 0.0527294819982594 0.003439627210905319 0.0083037023867122157 -0.0058872632993434582 0.00040675439051253897 -0.004504473041116468 -0.082500764967387785 0.024803502107472571 0.03225479510229274 -0.12872476349888193 -0.069966956445193934 -0.027698468651502911 0.016110928768972216 0.0080362781853373366 -0.0030724808294624456 -0.087237383575055949 0.026623174616761669 -0.027373964272924489 0.032760748059025478
leaf_weight=16080.628966491669 10055.094922058284 190.58650585263968 625.55831337696873 265.24376860819757 2246.2552275862545 243.98117247410119 4.242043197154997 4.6329055055975914 56.844549142755568 8.2771954983472806 3293.7476188754663 7.1232935041189185 1879.6995606352575 7.1120723783969861 49.946739926934242 62.163958516903222 100.38105115294456 5.8258293252438307 43.309477128088474 14.995840460062025 4.5378871727734831 5.4724670052528372 22.784474372863773 234.72729319659993 286.52278608083725 9.8562786765396577 5.4946978390216819 19.301095661241561 10.311610296834258 36.442635130137205
leaf_count=65232 45884 803 3763 1505 9678 1134 18 25 297 38 14533 105 8869 30 217 302 410 27 185 61 24 23 98 7140 1508 59 25 230 59 322
internal_value=-2.1479e-05 0.000426643 0.00172327 0.00635694 0.00111823 0.000722196 -0.00784732 -0.0522466 0.00651822 0.00473074 0.00100078 5.66608e-05 -1.12539e-05 0.00215824 -0.00509925 -0.0148294 0.00398645 -0.0325848 0.00696815 0.000273226 -0.0244851 -0.0502004 -0.0179543 0.00906832 0.00548456 -0.0269543 -0.039267 -0.00145947 0.00964421 0.0108261
internal_weight=35881.1 25826 9745.38 1125.53 8619.85 8030.86 252.856 8.87495 588.985 532.141 7778.01 5531.75 5524.63 2211.58 331.881 160.257 171.624 12.9379 158.686 115.377 98.0925 19.8666 78.2259 860.286 523.864 15.3287 28.2792 3313.05 333.277 322.965
internal_count=162604 116720 51488 12408 39080 36053 1177 43 3027 2730 34876 25198 25093 10330 1461 748 713 57 656 471 446 106 340 10903 2692 82 123 14763 1889 1830
is_linear=0
shrinkage=0.05


Tree=125
num_leaves=31
num_cat=0
split_feature=10 11 1 0 16 4 2 3 3 6 9 17 13 14 15 14 15 16 5 16 2 16 1 1 15 1 17 1 13 16
split_gain=7.67226 7.84575 6.64776 10.1677 8.36401 6.18481 11.3015 5.43292 9.21268 12.4097 8.42697 7.64059 7.53766 7.21306 7.18309 7.04039 8.25215 6.27954 8.90014 7.48682 7.51903 6.52591 6.77042 6.24909 8.69142 7.10855 6.16657 6.08386 6.02269 6.50398
threshold=1.5000000000000002 5.5000000000000009 9.5000000000000018 6.5000000000000009 3.5000000000000004 5.5000000000000009 2.5000000000000004 1.5000000000000002 1.0000000180025095e-35 2.5000000000000004 1.0000000180025095e-35 10.500000000000002 1.5000000000000002 33.000000000000007 20.500000000000004 27.000000000000004 19.500000000000004 12.500000000000002 1.0000000180025095e-35 20.500000000000004 2.5000000000000004 19.500000000000004 1.0000000180025095e-35 1.5000000000000002 4.5000000000000009 1.0000000180025095e-35 4.5000000000000009 2.5000000000000004 5.5000000000000009 8.5000000000000018
decision_type=2 2 2 2 2 2 2 2 2 2 2 2 2 2 2 2 2 2 2 2 2 2 2 2 2 2 2 2 2 2
left_child=2 7 -1 4 5 -4 -7 8 14 15 12 -9 13 -11 26 16 28 -16 19 20 -19 -20 -23 24 -17 -26 -2 -12 -10 -30
right_child=1 -3 3 -5 -6 6 -8 11 9 10 27 -13 -14 -15 17 23 -18 18 21 -21 -22 22 -24 -25 25 -27 -28 -29 29 -31
leaf_value=0.0002307015116141193 0.0048518557757252804 -0.016509268130175551 0.052360998349995684 0.047678756314693017 0.0017571814950982818 -0.19254678543347986 0.055590458709328633 -0.0049168894258579269 -0.0041200769797720737 0.056094929567805422 -0.024510030463533339 -0.00015819553554855534 -0.013021170848434255 -0.0034874137541012966 -0.014621649178416928 -0.0056491008877902179 0.026899490153347489 0.02305919388114883 -0.0033299928330061401 0.063215802308332972 -0.025512473625184717 -0.077079094551507923 -0.0010604223588028441 0.0051602303306000621 0.018092427476917267 0.044950923337869306 -0.0014453911985126153 -0.0888730326735543 -0.010643398920079202 0.031164923397008215
leaf_weight=28035.7449210349 454.61836375296116 86.051288797520101 13.717338382732121 16.551890081027523 121.37191151641309 0.76457615289837022 1.147646661614999 1899.3897239190992 226.52660460956395 8.8016737774014491 14.233218863606455 1517.3709690577816 62.644147897139192 12.011520948261021 176.21003289520741 30.764759764075279 29.592987097799778 26.439630925655365 42.342578798532486 7.4635372757911673 11.404595315456389 6.9581147730350477 5.0581806227564812 161.90119564346969 123.28226172924042 30.787478417158127 2683.6353800445795 4.9478463381528845 14.230775028467177 26.860653745010495
leaf_count=123856 1848 414 114 2248 1141 7 65 8988 1005 39 58 8477 284 55 712 136 127 106 173 30 46 28 22 738 503 133 10893 22 62 117
internal_value=-9.38398e-05 -0.00149665 0.000287526 0.0106626 0.0061905 0.0406176 -0.0436238 -0.00132616 -0.000112917 0.00491837 -0.0112282 -0.00280357 -0.00435983 0.0217093 -0.00121313 0.00749197 0.00184507 -0.00894835 0.00108202 0.017448 0.00842182 -0.0125589 -0.0450795 0.0123323 0.0186145 0.0234595 -0.00053315 -0.0411128 -0.000925426 0.0166859
internal_weight=35852.8 7663.53 28189.3 153.553 137.001 15.6296 1.91222 7577.48 4160.72 746.585 102.638 3416.76 83.4573 20.8132 3414.13 643.947 297.211 275.877 99.6666 45.3078 37.8442 54.3589 12.0163 346.736 184.834 154.07 3138.25 19.1811 267.618 41.0914
internal_count=162447 35016 127431 3575 1327 186 72 34602 17137 3279 458 17465 378 94 13858 2821 1311 1117 405 182 152 223 50 1510 772 636 12741 80 1184 179
is_linear=0
shrinkage=0.05


Tree=126
num_leaves=31
num_cat=0
split_feature=16 3 13 17 16 17 3 17 15 4 7 8 17 3 15 3 4 14 4 0 17 2 14 14 2 2 0 5 0 17
split_gain=7.54612 9.41737 10.2327 8.10179 7.35093 9.94462 8.62888 11.9038 9.14374 8.32508 12.5452 10.5265 9.26814 8.86444 7.88414 7.17302 7.54127 7.08472 12.8497 6.95805 7.00829 6.65036 6.60176 7.19823 6.51479 6.35453 6.66664 6.30393 14.3391 8.54909
threshold=4.5000000000000009 2.5000000000000004 1.0000000180025095e-35 15.500000000000002 7.5000000000000009 17.500000000000004 1.0000000180025095e-35 12.500000000000002 17.500000000000004 5.5000000000000009 5.5000000000000009 1.0000000180025095e-35 21.500000000000004 1.5000000000000002 2.5000000000000004 11.500000000000002 4.5000000000000009 55.000000000000007 6.5000000000000009 5.5000000000000009 13.500000000000002 9.5000000000000018 21.000000000000004 29.000000000000004 6.5000000000000009 1.5000000000000002 6.5000000000000009 2.5000000000000004 3.5000000000000004 21.500000000000004
decision_type=2 2 2 2 2 2 2 2 2 2 2 2 2 2 2 2 2 2 2 2 2 2 2 2 2 2 2 2 2 2
left_child=1 3 -3 24 5 15 -6 -8 9 13 11 12 25 -9 -15 -2 -17 21 -19 20 -4 -13 -5 -24 -1 26 -11 -25 29 -29
right_child=4 2 19 22 6 -7 7 8 -10 10 -12 17 -14 14 -16 16 -18 18 -20 -21 -22 -23 23 27 -26 -27 -28 28 -30 -31
leaf_value=0.0018781323965382302 -0.0025407456863522091 -0.0058383291611233019 0.0030005687593435233 -0.010524992980449732 -0.0010233105036216408 0.0033090866609656678 -0.00017164284261182529 0.006897231871161983 0.0082697340874801212 0.016485703182962642 -0.082377795081388858 -0.0048283835813165248 -0.010511408852761504 0.0079280452197212792 -0.00072483087136021151 -0.058649206978742069 0.054117633880334227 -0.15213884366412322 0.02115972543121512 0.018954596777578395 0.011186828565052768 0.05380025795851761 0.011595971874634651 -0.0084953678271568189 -0.013143260569407539 0.033553129135751807 -0.051422741711960263 -0.011174359159248609 0.046078033097879903 0.027769865714804033
leaf_weight=2732.0381477987394 5646.0884736343287 191.74865556950681 867.07756990427151 277.08430676162243 10937.86372980848 807.73145635216497 8937.5565869314596 596.00388784520328 695.93811331829056 81.809738853946328 3.5725182993337503 62.413195193279535 24.151349659310654 294.09679862251505 2510.1221672208048 9.9191352762281877 1.7431355393491674 2.1676537971943608 2.1117051842156798 103.63456603046507 374.30895835114643 5.2432195371948174 94.071131305769086 236.88563473895192 74.139334563165903 73.177490493748337 3.7811339115723959 63.687431212514639 18.602292113006115 18.096148867160082
leaf_count=11511 24318 1127 4339 1179 44283 3724 40804 2615 3866 389 53 685 506 1516 11812 61 200 18 68 1659 1923 577 407 984 397 2413 33 275 105 79
internal_value=-8.81404e-05 0.00170265 0.00496751 0.000275087 -0.000382841 -0.00188073 1.68534e-05 0.000872785 0.00301642 0.00201715 0.0106686 0.0119729 0.0183453 0.00135961 0.000182653 -0.00262166 -0.0417942 -0.00423113 -0.0666224 0.00650801 0.00546893 -0.000284796 -0.00450276 -0.00063422 0.00148127 0.0227349 0.0134857 -0.00404544 0.00645528 -0.00255722
internal_weight=35746.9 5051.37 1536.77 3514.6 30695.5 6465.48 24230 13292.1 4354.59 3658.65 258.428 254.855 182.92 3400.22 2804.22 5657.75 11.6623 71.9358 4.27936 1345.02 1241.39 67.6564 708.427 431.343 2806.18 158.768 85.5909 337.272 100.386 81.7836
internal_count=161926 23985 9048 14937 137941 28303 109638 65355 24551 20685 4742 4689 3341 15943 13328 24579 261 1348 86 7921 6262 1262 3029 1850 11908 2835 422 1443 459 354
is_linear=0
shrinkage=0.05


Tree=127
num_leaves=31
num_cat=0
split_feature=16 16 17 10 2 15 5 8 15 14 1 4 17 15 14 17 3 8 5 2 6 4 5 14 3 17 17 14 15 15
split_gain=7.2919 7.92078 9.2913 8.18889 7.60108 13.0321 8.78219 7.36621 7.34923 6.74227 9.88869 7.2503 6.96137 11.0918 7.46414 10.2411 8.34299 7.20242 6.61625 9.5461 6.63306 6.61955 9.87434 11.9074 8.50009 7.80342 6.797 6.22907 6.20313 8.47412
threshold=4.5000000000000009 8.5000000000000018 17.500000000000004 8.5000000000000018 6.5000000000000009 2.5000000000000004 11.500000000000002 1.0000000180025095e-35 1.0000000180025095e-35 21.000000000000004 6.5000000000000009 10.500000000000002 13.500000000000002 7.5000000000000009 9.0000000000000018 6.5000000000000009 8.5000000000000018 4.5000000000000009 9.5000000000000018 6.5000000000000009 1.5000000000000002 3.5000000000000004 1.5000000000000002 55.000000000000007 5.5000000000000009 15.500000000000002 1.5000000000000002 17.000000000000004 20.500000000000004 18.500000000000004
decision_type=2 2 2 2 2 2 2 2 2 2 2 2 2 2 2 2 2 2 2 2 2 2 2 2 2 2 2 2 2 2
left_child=-1 2 3 4 6 -6 9 -4 -3 10 11 12 13 17 15 -15 -16 -2 20 -20 -10 -22 24 -24 26 -26 -23 -12 29 -17
right_child=1 8 7 -5 5 -7 -8 -9 18 -11 27 -13 -14 14 16 28 -18 -19 19 -21 21 22 23 -25 25 -27 -28 -29 -30 -31
leaf_value=0.0016985943636849202 0.0029527829720463971 0.0065706275500085828 0.005219905403115367 -0.061786208952065616 0.05226512592822035 0.0038079646095218024 -0.04553033360998917 -0.0039183253631292839 0.00041882842746922478 -0.0012243304768384518 0.0069654932813298133 -0.061461849804834823 -0.010105435082252378 -0.0088480845422840588 -0.0081801856215998371 0.0035437243081704057 -0.062698736414093584 -0.043508753020107413 0.0066606908019877439 0.050938577732946883 -0.00092294733018767183 0.041221430236486931 -0.010130152230255957 -0.050482239823887255 -0.016209347469096788 -0.093158358289501961 1.0263422551914824e-05 0.045007431927214916 -0.012204047099718082 0.031214807693792535
leaf_weight=5040.5978891204577 590.99987077061087 437.78348601097241 795.61929537751712 5.7657788805663577 14.997348607750608 185.43484873406123 11.801262643886728 305.08920908905566 16820.684100886341 4777.8501663198695 63.582090758020058 5.638102932367473 488.45331890881062 290.59148141555488 919.48419630061835 311.73074876889586 7.071318390313535 8.4606659859418851 107.55571913579479 13.726359567488542 3856.6148939295672 10.311708785593508 309.3094949463848 19.43051872565411 15.583816297352316 4.1780412914231411 336.63720845803618 12.952771716518326 54.214547457173467 30.363252028822899
leaf_count=24076 2527 2095 3633 26 158 1625 97 1423 74039 20094 369 35 2059 1191 3748 1281 36 35 1139 2220 16149 45 2294 160 80 25 1440 78 221 123
internal_value=-6.4392e-05 -0.000352803 -0.00161267 -0.00222103 -0.00217685 0.00743377 -0.0024312 0.00268701 0.00015731 -0.00236394 -0.00432003 -0.00482113 -0.00470291 -0.00351043 -0.00566812 -0.00171836 -0.00859626 0.00229703 2.66852e-05 0.0116719 -3.93971e-05 -0.00173262 -0.00622266 -0.0125152 -0.00058167 -0.0324779 0.00123511 0.0134037 0.00350947 0.00599973
internal_weight=35852.5 30811.9 8880.1 7779.39 7773.63 200.432 7573.19 1100.71 21931.8 7561.39 2783.54 2707.01 2701.37 2212.92 1613.46 686.9 926.556 599.461 21494 121.282 21372.7 4552.07 695.451 328.74 366.711 19.7619 346.949 76.5349 396.309 342.094
internal_count=162521 138445 38759 33703 33677 1783 31894 5056 99686 31797 11703 11256 11221 9162 6600 2816 3784 2562 97591 3359 94232 20193 4044 2454 1590 105 1485 447 1625 1404
is_linear=0
shrinkage=0.05


Tree=128
num_leaves=31
num_cat=0
split_feature=7 1 2 3 1 0 6 2 17 13 13 1 17 5 14 14 11 15 4 13 4 17 1 4 10 4 2 15 11 0
split_gain=7.24597 12.5661 12.2273 8.47304 17.9217 10.5021 8.34633 7.75894 7.15661 6.0459 5.89986 6.90122 6.8379 5.98319 5.98133 6.5174 6.53367 5.74041 6.70767 5.7039 7.29448 5.69863 5.67384 7.75944 5.67361 7.40599 5.56863 7.65686 5.556 5.56271
threshold=1.0000000180025095e-35 3.5000000000000004 3.5000000000000004 5.5000000000000009 11.500000000000002 3.5000000000000004 3.5000000000000004 13.500000000000002 17.500000000000004 1.5000000000000002 2.5000000000000004 2.5000000000000004 24.500000000000004 3.5000000000000004 49.000000000000007 5.0000000000000009 1.0000000180025095e-35 20.500000000000004 4.5000000000000009 4.5000000000000009 2.5000000000000004 12.500000000000002 3.5000000000000004 1.5000000000000002 1.0000000180025095e-35 8.5000000000000018 2.5000000000000004 1.5000000000000002 3.5000000000000004 3.5000000000000004
decision_type=2 2 2 2 2 2 2 2 2 2 2 2 2 2 2 2 2 2 2 2 2 2 2 2 2 2 2 2 2 2
left_child=1 7 -3 4 9 -6 10 24 22 -4 26 14 -13 19 15 16 -12 28 -19 20 -14 -5 23 -8 -1 -26 27 -2 29 -17
right_child=6 2 3 21 5 -7 8 -9 -10 -11 11 12 13 -15 -16 17 -18 18 -20 -21 -22 -23 -24 -25 25 -27 -28 -29 -30 -31
leaf_value=0.00051579375280246312 0.013970302987094972 0.0021923770048333218 0.021396376597503118 0.013743969486231312 -0.14512777188974163 0.0047691037633667555 -0.015901740487422881 0.043193854690389215 0.01085771475145683 0.0061136148298696416 -0.017451580393829717 -0.0010782216847115098 -0.0067462255812318454 -0.01484307720107819 -0.011436275998347501 -0.0036012382268015269 0.0023801531770561938 0.013312378815193135 -0.027719271562583761 0.046436949586029785 0.050692859518450734 0.043706261737398833 -0.020167148900529831 0.0055142867916903619 -0.0014488105539574596 0.0093441475666449607 -0.0023634947027400882 0.00109892461055826 -0.020622366319517624 0.0075062200559534963
leaf_weight=17406.690306889126 120.48100516479462 1222.2120081381872 91.652025619288906 30.913730469648726 2.9561911243945351 1.9322951231151817 90.935980007052422 10.419544075848533 39.602519012289122 220.17685007955879 144.16683274507523 3649.8585995411268 18.850331906229261 12.077729948330669 269.98662418499589 1075.4035732857883 58.336959935724735 95.319912686944008 11.12257759273052 18.142496425658464 7.8205556254833928 32.609076151507907 119.24656577827409 79.07324044406414 6614.0977038117126 162.85679242201149 1244.7991875394946 2818.5757250469178 43.522502444684505 125.9171381406486
leaf_count=73078 546 6365 900 2027 23 116 372 76 200 2279 588 17424 80 127 1105 4372 240 387 47 81 36 3086 625 334 27714 902 6886 11722 179 539
internal_value=-0.000103072 0.000340528 0.00462849 0.0124589 0.00911629 -0.0858773 -0.00124248 5.65224e-05 -0.00907649 0.0106055 -0.000977278 -0.00204902 -0.000810108 0.0163908 -0.00456704 -0.00337344 -0.0117385 -0.00211986 0.00902483 0.0248087 0.0100963 0.0291249 -0.0118057 -0.0059409 3.79366e-05 -0.00118945 0.000439423 0.00162656 -0.0030728 -0.002437
internal_weight=35839.8 25796.5 1602.45 380.24 316.717 4.88849 10043.2 24194.1 328.858 311.829 9714.38 5530.53 3706.75 56.8911 1823.78 1553.79 202.504 1351.29 106.442 44.8134 26.6709 63.5228 289.256 170.009 24183.6 6776.95 4183.86 2939.06 1244.84 1201.32
internal_count=162456 116566 14796 8431 3318 139 45890 101770 1531 3179 44359 25205 17748 324 7457 6352 828 5524 434 197 116 5113 1331 706 101694 28616 19154 12268 5090 4911
is_linear=0
shrinkage=0.05


Tree=129
num_leaves=31
num_cat=0
split_feature=2 8 2 5 10 11 1 3 7 7 2 11 16 5 4 14 15 0 14 4 5 14 16 14 16 16 16 7 1 2
split_gain=6.51263 7.87332 11.0052 15.7643 9.95487 9.78338 14.0024 12.9604 12.3178 11.1246 10.5676 8.70917 8.79738 10.6671 8.75675 8.51668 7.98259 7.93509 7.7894 7.43252 11.1145 12.1693 13.587 8.26802 7.21469 9.59513 7.06621 8.26471 8.3244 9.71325
threshold=1.0000000180025095e-35 1.0000000180025095e-35 1.5000000000000002 2.5000000000000004 5.5000000000000009 2.5000000000000004 1.0000000180025095e-35 7.5000000000000009 3.5000000000000004 2.5000000000000004 2.5000000000000004 1.5000000000000002 25.500000000000004 1.5000000000000002 3.5000000000000004 7.0000000000000009 19.500000000000004 2.5000000000000004 51.000000000000007 2.5000000000000004 6.5000000000000009 31.000000000000004 12.500000000000002 5.0000000000000009 17.500000000000004 14.500000000000002 12.500000000000002 2.5000000000000004 10.500000000000002 4.5000000000000009
decision_type=2 2 2 2 2 2 2 2 2 2 2 2 2 2 2 2 2 2 2 2 2 2 2 2 2 2 2 2 2 2
left_child=-1 2 -2 4 11 6 10 9 -7 17 -5 12 16 -14 -13 -12 -4 -8 -11 20 -19 23 -23 -22 25 -17 -3 28 -28 -30
right_child=1 26 3 5 -6 8 7 -9 -10 18 15 14 13 -15 -16 24 -18 19 -20 -21 21 22 -24 -25 -26 -27 27 -29 29 -31
leaf_value=-0.00078820291784211915 0.0042231538990242642 -0.0014263521217364457 0.0006184788246722065 -0.0086653644518761494 -0.02377996458935688 0.00095256442108171868 0.0068876327585008891 0.033864771492248709 -0.032319374086502067 -0.0066975112812603516 -0.01946921339610852 -0.0058170845481277005 -0.010707080951624086 -0.077176399348134653 -0.031148615000588312 0.011212107200643751 -0.0063383360716048904 0.014075253448067253 0.025709636237914904 0.0256255097637999 -0.087790795921307729 -0.035559938761125502 -0.21393306998740674 0.028973462594243483 0.033788644207370454 -0.023993082764632356 0.002360404363015036 -0.0048154490356875062 -0.12684558965035303 -0.0025624822413125702
leaf_weight=16137.148742340505 2801.5082525769249 6356.8297758384142 3877.0122278714553 213.11201024800539 47.984959986060858 837.80271608592011 391.07678445894271 54.373099674470723 28.772719596745446 150.28313613822684 26.971450351178646 260.34580908715725 27.947681337594986 7.6985881477594367 39.260967329144478 146.5612166672945 461.42255792766809 130.81218809168786 21.15204053465277 148.46763793565333 1.9813510738313178 2.994111110456287 1.6592078637331722 6.4561867280863225 28.430326901376247 22.299008831381798 3187.1014547075611 476.22910866560414 2.6982477032579473 3.7667503581615165
leaf_count=65477 12418 28568 16933 886 211 4987 2167 3627 186 1212 117 1064 122 36 174 650 1991 834 175 3205 19 30 24 78 130 101 14644 2271 18 353
internal_value=-4.29336e-05 0.000565603 0.00157835 0.000509919 -0.0011222 0.00399189 0.00665864 0.0101948 -0.000152157 0.00868931 -0.000692647 -0.000889569 -0.000324683 -0.0250626 -0.00913657 0.00688368 -0.000121427 0.011546 -0.00269905 0.0177769 0.00967942 -0.0342465 -0.0991614 0.00155421 0.0104864 0.00656305 -0.000417827 0.00132914 0.00224543 -0.0544336
internal_weight=35900.2 19763 9736.39 6934.88 4721.67 2213.21 1346.63 909.256 866.575 854.883 437.374 4673.69 4374.08 35.6463 299.607 224.262 4338.43 683.447 171.435 292.371 143.903 13.0909 4.65332 8.43754 197.291 168.86 10026.6 3669.8 3193.57 6.465
internal_count=162708 97231 51377 38959 20531 18428 13255 11371 5173 7744 1884 20320 19082 158 1238 998 18924 6357 1387 4190 985 151 54 97 881 751 45854 17286 15015 371
is_linear=0
shrinkage=0.05


Tree=130
num_leaves=31
num_cat=0
split_feature=15 11 6 6 17 5 5 2 8 15 17 1 11 16 14 8 2 14 16 16 15 14 4 2 6 17 8 4 16 15
split_gain=5.38507 5.32989 7.18224 8.17574 8.86029 6.8247 16.0191 11.812 7.86409 7.79177 16.0426 8.04606 7.66412 6.96659 6.27075 8.48107 11.5471 10.2392 10.3977 11.438 9.13515 7.03028 6.16697 6.14929 5.9902 7.39494 6.31076 6.50465 6.2931 9.76258
threshold=32.500000000000007 1.5000000000000002 7.5000000000000009 5.5000000000000009 8.5000000000000018 1.0000000180025095e-35 1.5000000000000002 5.5000000000000009 4.5000000000000009 2.5000000000000004 5.5000000000000009 2.5000000000000004 1.0000000180025095e-35 1.0000000180025095e-35 7.0000000000000009 1.0000000180025095e-35 2.5000000000000004 39.000000000000007 6.5000000000000009 7.5000000000000009 10.500000000000002 13.000000000000002 3.5000000000000004 4.5000000000000009 1.5000000000000002 1.0000000180025095e-35 6.5000000000000009 1.0000000180025095e-35 11.500000000000002 20.500000000000004
decision_type=2 2 2 2 2 2 2 2 2 2 2 2 2 2 2 2 2 2 2 2 2 2 2 2 2 2 2 2 2 2
left_child=1 5 3 -3 -5 -1 -7 8 9 10 -8 -12 -10 -13 -11 16 -16 -18 -19 20 -20 23 -6 -17 26 -26 -9 -28 29 -27
right_child=-2 2 -4 4 22 6 7 24 12 14 11 13 -14 -15 15 21 17 18 19 -21 -22 -23 -24 -25 25 28 27 -29 -30 -31
leaf_value=-0.00047290560475705414 0.022445253490642171 -0.0011856255935135823 0.041398132822698309 0.0035903889959900794 -0.025265716119129172 0.0039835134835734922 0.022106613187856363 0.010460083635895687 -0.0349688455765962 -0.0047207922177633426 -0.0035618333750373089 0.061296548829182042 0.022217112599004531 0.0081804384203395131 -0.00031154283760781692 -0.016905272167314897 0.0022635081828512884 0.0323360027226859 -0.086745758657106625 0.012227603044172258 0.0005432560847349197 -0.0024496287309529177 -0.08128441778491069 0.016844260016570262 -0.098160571270656027 -0.0067072157772266718 0.020179701793437133 -0.042693496287139879 0.011406611912563083 -0.0841551116961331
leaf_weight=16112.979465622455 26.461715055862442 7586.7826460949145 9.841894989833234 27.699560082051903 36.442728431895375 3440.9315195837989 112.22547755949199 452.82987343729474 29.507923977449536 933.62492800597101 312.33474560827017 6.4426317447796455 7.3105646520853034 147.593151608482 4215.43889068719 140.64336239360273 459.10581835382618 63.648411993868649 5.3736273120157403 163.05588620575145 6.7780719501897693 1368.3395581897348 5.678531640674918 14.929446945432572 2.0150412940420201 61.90327840205282 6.4543573856353786 11.343513586092739 52.267025637673214 4.3552523499820373
leaf_count=65207 118 34707 51 131 156 15172 649 7266 130 4323 1458 54 31 998 18177 607 3183 462 41 1128 36 6127 45 83 19 917 28 73 1068 53
internal_value=-0.00010214 -0.000118807 -0.0012875 -0.00134237 -0.0183738 0.000199687 0.00110142 -5.4747e-05 -0.000559562 -0.000452784 0.00513437 0.00105025 -0.0236142 0.010402 -0.000891359 -0.000335963 0.000674759 0.00663167 0.0150277 0.00874006 -0.038057 -0.00359474 -0.0328178 -0.0136665 0.00676502 -0.00318004 0.00931222 -0.0198927 -0.00156528 -0.011798
internal_weight=35824.3 35797.9 7666.45 7656.6 69.8208 28131.4 12018.5 8577.52 7986.35 7949.53 578.596 466.371 36.8185 154.036 7370.94 6437.31 4913.4 697.962 238.856 175.208 12.1517 1523.91 42.1213 155.573 591.168 120.541 470.628 17.7979 118.526 66.2585
internal_count=162498 162380 35090 35039 332 127290 62083 46911 37487 37326 3159 2510 161 1052 34167 29844 23027 4850 1667 1205 77 6817 201 690 9424 2057 7367 101 2038 970
is_linear=0
shrinkage=0.05


Tree=131
num_leaves=31
num_cat=0
split_feature=6 0 4 15 16 15 0 2 15 17 3 15 5 13 16 15 8 3 17 5 16 11 2 0 15 2 2 0 13 9
split_gain=7.48632 9.62319 17.4647 8.89347 7.32655 7.73109 6.6545 6.55259 6.79489 5.94477 5.85995 6.36445 5.4625 5.46986 5.37754 7.38778 5.17609 11.5491 5.10413 4.86079 4.70827 4.70386 10.8122 7.8577 7.65069 5.68059 5.40769 9.97653 6.38659 4.90667
threshold=1.5000000000000002 4.5000000000000009 5.5000000000000009 25.500000000000004 3.5000000000000004 19.500000000000004 10.500000000000002 1.0000000180025095e-35 28.500000000000004 13.500000000000002 1.0000000180025095e-35 12.500000000000002 5.5000000000000009 5.5000000000000009 6.5000000000000009 6.5000000000000009 1.5000000000000002 1.0000000180025095e-35 23.500000000000004 1.0000000180025095e-35 2.5000000000000004 1.0000000180025095e-35 2.5000000000000004 8.5000000000000018 16.500000000000004 6.5000000000000009 2.5000000000000004 5.5000000000000009 3.5000000000000004 3.5000000000000004
decision_type=2 2 2 2 2 2 2 2 2 2 2 2 2 2 2 2 2 2 2 2 2 2 2 2 2 2 2 2 2 2
left_child=1 -1 3 4 6 12 10 9 16 19 11 -3 13 21 15 -15 -9 -18 -12 -4 -8 22 -6 29 -25 26 27 28 -23 -24
right_child=-2 2 7 -5 5 -7 20 8 -10 -11 18 -13 -14 14 -16 -17 17 -19 -20 -21 -22 25 23 24 -26 -27 -28 -29 -30 -31
leaf_value=0.00018883239771726523 -0.0013914480731958894 0.014278343264456967 -0.02460156836268336 -0.048968561102868902 -0.0057196070008967009 0.016597377714836558 -0.090530564266369476 0.03713654868416999 -0.18616353924751064 -0.042378740181011884 0.027405448268268719 -0.031862477782419983 0.014340552332107129 -0.0051713691182313816 0.0062728640488654832 0.081198686645174073 -0.070093130734275949 0.024908192160119445 -0.04436818503056672 0.036028088229236567 0.0087527486288696017 -0.037463385791648506 0.015542912341934008 -0.0094071339626431265 -0.11146881535342923 0.04404486690525973 -0.025993345502023663 0.010362356604823972 0.00077819407781180893 -0.045195210254333519
leaf_weight=27125.84216381982 7661.8588647724828 25.208966821432114 4.981963217258456 8.2201416161842626 308.45191951841116 77.552413634723052 2.4875923753716043 68.209901157650165 0.36489786999300022 6.2940200716257086 75.156483840895817 10.622945398092268 60.935260784812272 4.202750960364936 55.807000831700861 6.0255775488913059 3.7722952961921719 21.054425720241852 2.5614548530429593 9.8256151527166349 2.2965234988369048 27.355660609900951 137.50691882614046 12.536418355070053 2.1512707620859137 4.6120864329859605 48.02084050513804 48.665585525333881 18.169410668313503 3.4074935112148514
leaf_count=115338 35034 113 21 57 1417 479 34 4323 10 32 693 45 1110 26 300 29 18 1282 22 57 23 120 990 160 18 47 265 224 79 26
internal_value=-5.59808e-06 0.00037117 0.00505291 0.00281151 0.00326736 0.00158012 0.0148936 0.0234916 0.0291769 -0.00167279 0.0173274 0.000599156 1.70869e-06 -0.00128906 0.0123813 0.0457098 0.0300215 0.0104732 0.0250399 0.0156294 -0.0428715 -0.00276682 -0.000298887 0.0104467 -0.0243559 -0.010567 -0.0123382 -0.0053764 -0.0222009 0.0140742
internal_weight=35844.2 28182.3 1056.46 941.955 933.735 815.401 118.334 114.503 93.4015 21.1016 113.55 35.8319 737.848 676.913 66.0353 10.2283 93.0366 24.8267 77.7179 14.8076 4.78412 610.878 464.054 155.602 14.6877 146.824 142.211 94.1907 45.5251 140.914
internal_count=162392 127358 12020 6277 6220 5290 930 5743 5633 110 873 158 4811 3701 355 55 5623 1300 715 78 57 3346 2611 1194 178 735 688 423 199 1016
is_linear=0
shrinkage=0.05


Tree=132
num_leaves=31
num_cat=0
split_feature=7 2 1 2 17 4 3 1 11 8 17 17 14 8 13 0 10 13 16 0 4 3 3 16 16 14 4 13 8 11
split_gain=8.13431 8.49137 5.06322 11.419 17.6357 11.3677 10.9565 9.81594 8.497 6.57137 6.45889 8.75 7.37873 8.11111 8.25019 8.00691 6.38134 6.91555 6.29458 6.09409 9.82868 5.98189 5.95421 5.74526 7.01239 8.45454 5.55364 5.32938 8.31596 8.09037
threshold=1.0000000180025095e-35 13.500000000000002 1.0000000180025095e-35 2.5000000000000004 13.500000000000002 5.5000000000000009 5.5000000000000009 2.5000000000000004 5.5000000000000009 1.0000000180025095e-35 1.5000000000000002 1.0000000180025095e-35 27.000000000000004 1.5000000000000002 1.5000000000000002 3.5000000000000004 8.5000000000000018 1.0000000180025095e-35 5.5000000000000009 2.5000000000000004 2.5000000000000004 1.5000000000000002 6.5000000000000009 3.5000000000000004 9.5000000000000018 57.000000000000007 5.5000000000000009 1.5000000000000002 1.5000000000000002 3.5000000000000004
decision_type=2 2 2 2 2 2 2 2 2 2 2 2 2 2 2 2 2 2 2 2 2 2 2 2 2 2 2 2 2 2
left_child=1 2 -1 22 5 10 7 23 -9 -8 11 12 15 18 -15 -5 17 -7 -14 -13 -21 -20 -4 -6 26 -26 -25 28 -12 -30
right_child=-2 -3 3 4 6 16 9 8 -10 -11 27 19 13 14 -16 -17 -18 -19 21 20 -22 -23 -24 24 25 -27 -28 -29 29 -31
leaf_value=6.9807375686589684e-05 -0.0010380598468371547 0.036518931534772557 8.3007925068710517e-05 0.00016403874623098128 0.027727630593682634 -0.011374093882879591 0.037803206632465378 0.0023187559008905679 -0.067140110413283979 0.012102735086672345 0.010551711765682094 0.039158589244126081 0.013288002247083448 -0.045047367598886931 0.031150313716809864 0.057988068045517475 -0.1031565920175392 0.01798500732974424 -0.020704593494186112 0.028713930535577636 -0.04329366493329128 -0.089631014582708904 0.0090275270233369752 0.0049252358180876627 0.016860586942099604 -0.040789353917790296 -0.030858146702618119 -0.0019689933048200807 -0.00038859902009497191 -0.049006853479326873
leaf_weight=16044.046950435266 10060.155673263362 16.47859652468469 6423.9748016344383 19.962598904967312 54.580403054133058 22.976389218471013 51.681210945942439 339.65285648987629 4.4608412550296626 47.947441637283191 252.19655719539151 34.461244247853756 3.9618773050606277 5.1435276791453388 11.483492439612744 8.5511725270189327 1.164699051529168 157.89809793361928 5.6843424662947637 14.560460656881334 7.0254437983967355 7.0541536137461662 191.60820351308212 153.32426193356514 264.1205280739814 6.516542959958314 11.668316323310135 1328.7415735106915 280.07149817002937 8.8264308255165798
leaf_count=65111 45987 1005 27526 107 279 397 2204 2706 34 995 1451 158 33 24 56 65 11 2765 28 81 63 42 1126 700 1319 31 80 6799 1316 40
internal_value=0.000167764 0.000638318 0.000615368 0.00151595 0.00401807 0.00154531 0.00976279 0.00789139 0.00141834 0.0254346 0.000450088 0.0118012 -0.00116694 -0.0171422 0.00757875 0.0175052 0.0135043 0.0142555 -0.0417546 0.0261099 0.00527802 -0.0588737 0.000342069 0.0124353 0.0105193 0.0154725 0.00239463 -0.000265568 0.00391746 -0.00187399
internal_weight=35840 25779.8 25763.3 9719.3 3103.72 2169.76 933.952 834.324 344.114 99.6287 1987.72 117.888 61.8412 33.3274 16.627 28.5138 182.039 180.874 16.7004 56.0471 21.5859 12.7385 6615.58 490.21 435.63 270.637 164.993 1869.84 541.094 288.898
internal_count=162539 116552 115547 50436 21784 13436 8348 5149 2740 3199 10263 657 355 183 80 172 3173 3162 103 302 144 70 28652 2409 2130 1350 780 9606 2807 1356
is_linear=0
shrinkage=0.05


Tree=133
num_leaves=31
num_cat=0
split_feature=9 3 5 11 5 2 10 17 17 14 16 2 6 16 0 14 2 0 17 17 15 3 14 2 6 13 6 13 15 14
split_gain=5.45685 6.28387 9.58754 10.443 8.48476 7.96659 7.45167 7.27917 7.01274 6.85877 8.26935 7.90569 6.62428 7.86658 6.62173 9.464 6.549 6.14763 6.84401 5.76219 5.72599 5.58733 8.73809 5.48623 5.44569 6.60993 5.42454 7.31782 6.76022 7.5674
threshold=1.5000000000000002 1.0000000180025095e-35 2.5000000000000004 3.5000000000000004 7.5000000000000009 1.0000000180025095e-35 1.0000000180025095e-35 24.500000000000004 24.500000000000004 55.000000000000007 17.500000000000004 5.5000000000000009 1.0000000180025095e-35 16.500000000000004 2.5000000000000004 3.0000000000000004 1.5000000000000002 7.5000000000000009 2.5000000000000004 21.500000000000004 32.500000000000007 7.5000000000000009 25.000000000000004 2.5000000000000004 3.5000000000000004 5.5000000000000009 2.5000000000000004 4.5000000000000009 9.5000000000000018 5.0000000000000009
decision_type=2 2 2 2 2 2 2 2 2 2 2 2 2 2 2 2 2 2 2 2 2 2 2 2 2 2 2 2 2 2
left_child=1 4 5 12 20 -3 8 -5 16 11 -11 21 -4 14 -14 -16 -7 23 -19 -15 -1 -8 -23 -18 -2 -26 27 -17 -28 -30
right_child=24 2 3 7 -6 6 9 -9 -10 10 -12 -13 13 19 15 26 17 18 -20 -21 -22 22 -24 -25 25 -27 28 -29 29 -31
leaf_value=-0.0001729503428727172 -0.00088699863068699238 -0.0015108347470343239 0.0055972502724868818 -0.0035550783854104901 -0.010372763140974857 0.00708592554591129 -0.0036493071706699058 -0.061524845714829537 0.025020567577910949 0.0060386304184417176 0.052325348395884277 0.0093331013470512088 -0.0093866682176629943 0.01224352051427113 0.027842402930949903 0.0011949473863698402 -0.0018594160081872612 -0.04011065198800829 0.023520913178028978 -0.031678617660130921 0.035396738334688489 -0.085433884755681394 0.012929143587312822 0.0028615107845955815 -0.0059037074386328256 -0.035439165764875942 0.0038999839250485058 0.025570224099346429 -0.071148499377599914 -0.0087704830578077767
leaf_weight=15895.405998561531 7401.7884270484792 3541.6092260554433 2438.4180165532744 389.22772822959814 205.50230579078197 658.18091221526265 1058.7712226528674 5.4916546975728115 35.255190056283027 69.57938564568758 11.203002505004404 124.38114486308768 200.60762185882777 164.04696211917326 31.506757920258678 136.00776091217995 950.45765651017427 4.6159317670390001 49.993605739902705 7.8233596070203921 11.322423532605169 5.2086917050182802 3.9854140849784017 1745.7309067570604 241.70826656138524 20.553861461114138 146.67952528351452 39.801641657482833 4.9953705840744069 182.24511759274174
leaf_count=64391 33844 14392 17455 2066 881 2853 4634 36 169 315 50 673 887 1419 267 1336 4016 39 351 128 46 27 23 7908 1120 97 1181 416 37 1243
internal_value=4.48122e-05 0.000367175 0.00123309 0.00333085 -0.000278048 0.00028139 0.00162692 -0.0043616 0.00283512 -0.00164164 0.0124577 -0.00259689 0.00423665 0.00060564 -0.00162743 0.00124851 0.00260568 0.00153369 0.0181424 0.0102442 -0.000147632 -0.00398632 -0.042796 0.00119729 -0.00113788 -0.00821844 -0.000395276 0.00671329 -0.00413795 -0.0104347
internal_weight=35782.1 28118.1 12005.8 3746.85 16112.2 8258.97 4717.36 394.719 3444.23 1273.13 80.7824 1192.35 3352.13 913.714 741.844 541.236 3408.98 2750.8 54.6095 171.87 15906.7 1067.97 9.19411 2696.19 7664.05 262.262 509.729 175.809 333.92 187.24
internal_count=162300 127239 61921 26471 65318 35450 21058 2102 15336 5722 365 5357 24369 6914 5367 4480 15167 12314 390 1547 64437 4684 50 11924 35061 1217 4213 1752 2461 1280
is_linear=0
shrinkage=0.05


Tree=134
num_leaves=31
num_cat=0
split_feature=7 11 16 0 13 15 10 0 8 5 10 16 8 15 3 14 5 3 7 5 1 17 3 14 13 8 17 5 1 0
split_gain=8.33632 7.47865 6.95968 8.86887 5.61608 5.67604 5.60791 5.63921 5.23486 10.5113 4.9828 4.80393 4.75931 4.52249 9.13504 7.46623 6.80432 6.54061 6.80977 6.44767 12.7313 7.88361 6.37191 6.36348 5.42709 8.21391 7.1626 6.95789 5.86023 6.22753
threshold=4.5000000000000009 3.5000000000000004 21.500000000000004 4.5000000000000009 5.5000000000000009 1.0000000180025095e-35 5.5000000000000009 6.5000000000000009 4.5000000000000009 2.5000000000000004 2.5000000000000004 25.500000000000004 4.5000000000000009 11.500000000000002 7.5000000000000009 43.000000000000007 5.5000000000000009 14.500000000000002 1.0000000180025095e-35 7.5000000000000009 5.5000000000000009 9.5000000000000018 12.500000000000002 45.000000000000007 1.5000000000000002 1.5000000000000002 18.500000000000004 5.5000000000000009 8.5000000000000018 5.5000000000000009
decision_type=2 2 2 2 2 2 2 2 2 2 2 2 2 2 2 2 2 2 2 2 2 2 2 2 2 2 2 2 2 2
left_child=4 2 12 10 5 6 7 8 11 -10 -4 -1 -2 14 23 19 17 22 -19 -15 21 -21 -16 -7 25 27 -27 28 29 -17
right_child=1 -3 3 -5 -6 13 -8 -9 9 -11 -12 -13 -14 15 16 24 -18 18 -20 20 -22 -23 -24 -25 -26 26 -28 -29 -30 -31
leaf_value=0.0045680829670718213 -0.0048827639699972111 -0.031766151723521534 0.035384312769349162 -0.048538391826820029 -0.0019013555719762064 -0.0011477669331735503 -0.035829063076139228 0.028109083968896848 0.0066488649757249236 -0.088380927978640625 -0.020837028591100391 0.056892801624138505 -0.034595006654404847 0.0016366436200566882 0.0051528523008141994 -0.0013389429282270953 0.029527265253223842 -0.0069462238262542435 -0.1336168272842099 -0.024141733581734392 0.032434375475968745 -0.0016122043424607595 0.047699136756694543 0.0011853645241279125 0.00031066560841857687 -0.013229288522175382 0.012770641515308401 0.014065914752207071 -0.051137404183574986 -0.018485178310990717
leaf_weight=652.18779485858977 662.41855515062343 25.793313285335898 26.080706979148093 4.4633736689575008 3322.9006025132257 11985.138777571847 8.4327249503694457 25.845008593285456 8.0781454965472204 4.5482692196965209 4.6425775140523902 4.4162541329860678 13.75752650736831 10606.968969332287 225.16942147584632 1027.5986133599654 34.134014414506964 2.8771258578635743 1.6808805516920982 76.084635188570246 17.419002015842125 79.299607411026955 9.1579817489255202 3864.9594500646926 2731.3733933600597 277.03025540104136 29.289643339347094 67.308704005903564 6.1579319359734646 55.833704461809248
leaf_count=3130 3060 126 116 42 14995 53005 45 241 36 25 20 21 61 45290 1707 4250 2369 38 17 400 1418 603 118 17089 12095 1235 152 542 44 279
internal_value=-5.58931e-05 -0.00531809 -0.00435911 0.0173209 5.45464e-05 0.000258919 0.00470012 0.00519183 0.00430678 -0.0275826 0.0268887 0.00492001 -0.00548729 0.000158448 -0.000422645 0.000784119 0.00864553 0.00566177 -0.0536592 0.00148056 -0.00809989 -0.0126439 0.00681565 -0.000578846 -0.00100569 -0.00346291 -0.0107432 -0.00153525 -0.00249901 -0.00222256
internal_weight=35861 737.156 711.363 35.1867 35123.9 31801 703.508 695.075 669.23 12.6264 30.7233 656.604 676.176 31097.5 16123.1 14974.4 273.019 238.885 4.55801 10779.8 172.803 155.384 234.327 15850.1 4194.59 1463.22 306.32 1156.9 1089.59 1083.43
internal_count=162569 3425 3299 178 159144 144149 3498 3453 3212 61 136 3151 3121 140651 74343 66308 4249 1880 55 47711 2421 1003 1825 70094 18597 6502 1387 5115 4573 4529
is_linear=0
shrinkage=0.05


Tree=135
num_leaves=31
num_cat=0
split_feature=7 2 17 11 16 8 14 5 16 16 2 16 15 1 4 0 11 5 15 5 7 16 2 16 1 14 17 5 8 16
split_gain=5.02816 7.46454 6.71044 7.56693 6.39913 7.62238 7.28333 8.91411 8.0676 5.86955 5.59301 5.6981 6.16788 5.48405 7.95483 12.8317 8.01626 7.80579 7.27753 7.09371 6.47331 6.36438 6.28279 7.33302 5.93853 5.86692 9.94542 6.08129 6.94144 6.86924
threshold=1.5000000000000002 13.500000000000002 2.5000000000000004 4.5000000000000009 16.500000000000004 4.5000000000000009 9.0000000000000018 1.5000000000000002 20.500000000000004 30.000000000000004 6.5000000000000009 12.500000000000002 10.500000000000002 1.0000000180025095e-35 2.5000000000000004 5.5000000000000009 1.0000000180025095e-35 1.0000000180025095e-35 10.500000000000002 6.5000000000000009 1.0000000180025095e-35 8.5000000000000018 9.5000000000000018 19.500000000000004 9.5000000000000018 17.000000000000004 28.500000000000004 1.5000000000000002 1.0000000180025095e-35 25.500000000000004
decision_type=2 2 2 2 2 2 2 2 2 2 2 2 2 2 2 2 2 2 2 2 2 2 2 2 2 2 2 2 2 2
left_child=1 13 3 10 -4 9 -7 -8 -9 -6 -2 12 -12 22 24 -16 17 18 20 21 -17 -18 -1 -24 25 26 27 29 -29 -15
right_child=2 -3 4 -5 5 6 7 8 -10 -11 11 -13 -14 14 15 16 19 -19 -20 -21 -22 -23 23 -25 -26 -27 -28 28 -30 -31
leaf_value=-0.00013062217272446803 0.006723218198512711 0.033586497373657445 -0.0020989445541386505 -0.039051860382918663 0.0026517507418329683 0.041219947676468874 -0.0089390162442999337 -0.034560310832406134 -0.1253733425366956 -0.034350500598094275 0.038318326735982913 -0.057075035693684883 -0.043161313243448608 0.0012093109604297354 0.002220636848300549 -0.0179255519210357 0.0113723306540709 0.023798130858730681 0.020200211778045138 0.023533627683708452 0.030779508220192871 -0.021226335128508009 -0.02259309286936179 0.038370369777765354 -0.020227528099698893 0.0013017886609196705 -0.051803902093519441 -0.006605779172734718 0.0023038321830181866 -0.037875825668778881
leaf_weight=16067.681352404878 446.96212864760309 16.968318054801784 5863.9571571744746 9.6556883575394732 1277.2869276885176 3.8642346342094269 16.172921240329746 6.6209472366608662 3.8780804337002337 10.808060320559887 5.2734999128151703 7.0189499310217789 4.1507289947476238 1304.5865168962628 3434.8015865751076 36.564344808459282 23.906216521281749 157.53710023802705 41.492246989160776 22.617126744356938 8.3869208842515928 40.066264832857996 51.549020446836948 5.4546419456601134 34.898547751363367 5826.134388667997 9.834563691634683 798.2196811218746 301.06446800846606 11.339245572686194
leaf_count=65177 1972 1074 26528 46 6172 18 67 37 22 50 59 41 20 5383 18337 181 268 4658 192 1391 38 382 223 24 202 25001 45 3555 1370 47
internal_value=0.000125035 0.000433608 -0.00101133 0.00475682 -0.00139123 0.00175596 -0.022934 -0.0322286 -0.0681044 0.00234127 0.00566963 -0.0229692 0.00243211 0.000413642 0.00122052 0.00312614 0.0125348 0.0171733 0.00509999 -0.000535024 -0.00883826 -0.00904437 -0.000189408 -0.0167595 0.000354561 0.000441614 -0.00162494 -0.00142062 -0.00416568 0.000872517
internal_weight=35848.8 28193.1 7655.65 473.061 7182.59 1318.63 30.5362 26.6719 10.499 1288.09 463.405 16.4432 9.42423 28176.1 12051.4 3765.37 330.57 243.981 86.4435 86.5896 44.9513 63.9725 16124.7 57.0037 8286.08 8251.18 2425.04 2415.21 1099.28 1315.93
internal_count=162580 127548 35032 2138 32894 6366 144 126 59 6222 2092 120 79 126474 61050 25447 7110 5069 411 2041 219 650 65424 247 35603 35401 10400 10355 4925 5430
is_linear=0
shrinkage=0.05


Tree=136
num_leaves=31
num_cat=0
split_feature=6 0 1 2 15 17 9 10 15 5 8 17 3 10 5 3 2 6 5 5 7 10 3 3 16 8 17 16 0 16
split_gain=6.12372 5.46236 6.80397 11.5054 4.80096 6.76118 4.76917 8.70166 7.54081 11.6926 7.20555 7.15552 7.28428 6.94521 6.79652 6.66803 9.77982 6.29979 6.23077 6.16651 5.85502 5.80961 5.67635 6.97904 5.41416 7.3618 6.58339 5.63755 5.40022 5.38544
threshold=3.5000000000000004 3.5000000000000004 9.5000000000000018 1.0000000180025095e-35 24.500000000000004 14.500000000000002 1.0000000180025095e-35 6.5000000000000009 18.500000000000004 9.5000000000000018 5.5000000000000009 14.500000000000002 2.5000000000000004 6.5000000000000009 3.5000000000000004 4.5000000000000009 3.5000000000000004 1.5000000000000002 3.5000000000000004 10.500000000000002 4.5000000000000009 2.5000000000000004 5.5000000000000009 4.5000000000000009 16.500000000000004 2.5000000000000004 11.500000000000002 14.500000000000002 1.0000000180025095e-35 20.500000000000004
decision_type=2 2 2 2 2 2 2 2 2 2 2 2 2 2 2 2 2 2 2 2 2 2 2 2 2 2 2 2 2 2
left_child=1 6 4 -4 -3 -6 7 15 10 11 13 -10 17 20 -9 -1 29 -13 -14 -11 -8 -12 23 24 25 27 -27 -22 -15 -17
right_child=-2 2 3 -5 5 -7 8 14 9 19 21 12 18 28 -16 16 -18 -19 -20 -21 22 -23 -24 -25 -26 26 -28 -29 -30 -31
leaf_value=0.00032485091102048053 -0.0033957150965600357 0.0019176326903088308 -0.032149157185320507 0.030142001081983151 -0.00236442723313197 -0.038505933176914225 -0.0013099045580596115 -0.013164739786182711 0.0011965966052035464 -0.11013710896611184 -0.010844515287082544 0.0042954234516813907 0.021102848762772713 0.054175899482785797 -0.067015403165555834 0.00092110977437430972 0.018141816381733795 -0.036472359991141588 -0.0093127149507943128 -0.018940587810073725 -0.0065783453358515586 -0.048452229150101375 0.0087657573517158239 -0.050855942014200017 0.012397713885822044 -0.020736562616394345 -0.09849721361710935 -0.054346314257813472 0.00092703304087392345 0.022192281395721509
leaf_weight=21084.360309336334 1178.2711008365732 4240.3913030213444 8.9050479233264905 44.240859215962701 52.020182340056635 17.225460529560223 7056.3913738243282 41.561026018112898 1000.8575196675956 3.3443041220307341 60.151378450915217 64.126947641372681 133.71033874899149 9.9516282081604022 6.8208964616060248 433.65700906142592 124.80490250932053 11.119270414113997 19.263865625485778 4.158586063887924 58.243104599416256 12.383199375122784 26.743521753698587 13.317139632999895 18.094799123704433 6.0216052979230863 4.9671256765723228 6.9094503223896018 9.1292335968464595 31.948494970798492
leaf_count=87261 5491 26102 44 3619 281 122 29723 173 4147 19 256 261 563 41 32 2052 1177 45 105 26 242 54 128 60 77 25 21 29 41 156
internal_value=0.000149025 0.000269721 0.00192365 0.0197046 0.00170437 -0.0113549 3.11227e-05 0.000424325 -0.000971543 0.00263849 -0.00158455 0.00301836 0.0110077 -0.00142679 -0.0207566 0.000471604 0.00571237 -0.00172891 0.0172727 -0.0595901 -0.00150673 -0.017265 -0.0118488 -0.0169747 -0.0121867 -0.0180291 -0.0558859 -0.0116442 0.028699 0.00238068
internal_weight=35783.1 34604.8 4362.78 53.1459 4309.64 69.2456 30242 21723.2 8518.88 1236.58 7282.3 1229.08 228.22 7209.77 48.3819 21674.8 590.41 75.2462 152.974 7.50289 7190.69 72.5346 134.297 107.553 94.2361 76.1413 10.9887 65.1526 19.0809 465.606
internal_count=162373 156882 30168 3663 26505 403 126714 90851 35863 5166 30697 5121 974 30387 205 90646 3385 306 668 45 30305 310 582 454 394 317 46 271 82 2208
is_linear=0
shrinkage=0.05


Tree=137
num_leaves=31
num_cat=0
split_feature=7 3 2 14 6 10 5 1 5 6 0 0 1 16 1 0 8 14 17 14 8 17 1 11 5 9 0 5 16 17
split_gain=6.20633 8.01196 7.08642 5.49821 8.01409 7.54554 7.03698 10.1451 10.0214 7.92041 7.49185 7.64752 6.92499 6.84324 8.49443 9.49812 10.4652 8.98036 8.30468 7.89382 8.05917 7.01419 6.63768 6.61467 9.25154 9.82214 6.58441 6.37711 6.54208 6.21845
threshold=1.5000000000000002 10.500000000000002 4.5000000000000009 15.000000000000002 7.5000000000000009 4.5000000000000009 1.0000000180025095e-35 9.5000000000000018 1.5000000000000002 7.5000000000000009 7.5000000000000009 2.5000000000000004 6.5000000000000009 11.500000000000002 3.5000000000000004 1.0000000180025095e-35 4.5000000000000009 29.000000000000004 4.5000000000000009 23.000000000000004 1.0000000180025095e-35 1.0000000180025095e-35 1.0000000180025095e-35 2.5000000000000004 5.5000000000000009 3.5000000000000004 6.5000000000000009 5.5000000000000009 9.5000000000000018 5.5000000000000009
decision_type=2 2 2 2 2 2 2 2 2 2 2 2 2 2 2 2 2 2 2 2 2 2 2 2 2 2 2 2 2 2
left_child=3 -2 -3 4 5 -1 7 9 10 -5 11 -8 13 21 23 17 18 19 -17 20 -16 -10 -12 -15 -25 29 -7 28 -14 -26
right_child=1 2 -4 6 -6 26 8 -9 12 -11 22 -13 27 14 15 16 -18 -19 -20 -21 -22 -23 -24 24 25 -27 -28 -29 -30 -31
leaf_value=-0.00071368588873787077 -0.0012100519128163192 -0.044123401663028999 0.01851315664130292 -0.00019292649847010826 0.043845681232085799 -0.010360344355569128 0.0064633712678698052 -0.042100880470473168 0.014581445946307312 -0.047112570139589201 0.054555471936473733 -0.00027399933656187015 0.021256794662416822 0.0029470726383682829 0.020265981700067402 -0.0089322546438980535 -0.06511575271392854 0.0082280924933451176 0.022172579401962902 -0.051219205216306109 -0.054283326658141777 -0.00066311168817547003 0.0092937065641537191 -0.0046144302093964248 0.023716574373677607 -0.042271080178239447 -0.073192250767650291 0.031751231112230598 -0.0066188872072403919 0.0042021429926439625
leaf_weight=7117.6830518771894 7641.6335278346669 19.287189387716356 5.8959208918968207 9365.2023474387825 10.000773619627578 141.20692924642935 1351.4748629890382 14.494661727920173 76.540413426235318 9.0031669139862043 13.961512528359888 611.88868877757341 37.787808649241924 2670.1455853858497 12.451827466487886 24.534729054197669 3.8362003057263783 65.951309891417623 171.16846127901226 14.567964658141134 5.1143000945448867 5320.7757901882287 19.294236795976758 760.9078198261559 50.059763353317976 10.159960839897392 4.2964884008979416 32.523360474500805 47.511486180126667 221.26028555911034
leaf_count=32195 34325 151 594 37888 45 613 5752 64 405 38 63 2851 525 11851 54 157 46 291 1978 63 23 24329 138 3149 223 48 42 3038 637 1034
internal_value=-4.15024e-05 -0.00130284 -0.0294588 0.000301618 -0.000882518 -0.000944105 0.000713488 -0.000302619 0.00154147 -0.000237989 0.00476226 0.00436365 0.000866351 0.000715476 0.00227996 0.0104075 0.0166699 -0.00233245 0.0182731 -0.0240067 -0.00143872 -0.000446926 0.0282956 0.0016284 -0.00174946 0.00599524 -0.0122157 0.0129129 0.00573011 0.00780264
internal_weight=35850.6 7666.82 25.1831 28183.8 7273.19 7263.19 20910.6 9388.7 11521.9 9374.21 1996.62 1963.36 9525.3 9407.47 4010.16 297.625 199.539 98.0854 195.703 32.1341 17.5661 5397.32 33.2557 3712.53 1042.39 281.48 145.503 117.823 85.2993 271.32
internal_count=162610 35070 745 127540 32895 32850 94645 37990 56655 37926 8804 8603 47851 43651 18917 2612 2181 431 2135 140 77 24734 201 16305 4454 1305 655 4200 1162 1257
is_linear=0
shrinkage=0.05


Tree=138
num_leaves=31
num_cat=0
split_feature=17 2 1 3 16 15 16 10 2 2 14 11 3 0 4 14 15 5 15 10 17 0 15 1 15 6 9 13 0 14
split_gain=6.24818 5.06848 7.12308 4.88196 8.20694 5.07982 6.05271 5.91822 4.99435 4.69268 4.61163 8.01173 4.63657 5.7092 8.63874 5.00598 6.11872 7.14109 5.3505 4.54374 4.51665 4.36035 6.74779 7.17087 5.93465 5.1203 10.4198 4.66587 4.52199 4.11283
threshold=1.5000000000000002 8.5000000000000018 4.5000000000000009 9.5000000000000018 8.5000000000000018 4.5000000000000009 3.5000000000000004 4.5000000000000009 8.5000000000000018 10.500000000000002 17.000000000000004 3.5000000000000004 1.0000000180025095e-35 1.0000000180025095e-35 1.5000000000000002 47.000000000000007 11.500000000000002 1.0000000180025095e-35 6.5000000000000009 4.5000000000000009 10.500000000000002 1.5000000000000002 13.500000000000002 1.0000000180025095e-35 6.5000000000000009 1.5000000000000002 1.5000000000000002 1.5000000000000002 2.5000000000000004 13.000000000000002
decision_type=2 2 2 2 2 2 2 2 2 2 2 2 2 2 2 2 2 2 2 2 2 2 2 2 2 2 2 2 2 2
left_child=3 -2 10 5 -5 6 -1 -8 29 -10 11 -3 13 14 20 16 18 -18 -15 21 -12 22 -14 -24 28 -26 -27 -25 -23 -7
right_child=1 2 -4 4 -6 8 7 -9 9 -11 12 -13 19 15 -16 -17 17 -19 -20 -21 -22 24 23 27 25 26 -28 -29 -30 -31
leaf_value=0.027973768140150596 -1.6092295710384379e-05 0.016017224176986766 0.021627545528775226 0.0012612235227507356 -0.11057071821485386 -0.003290032332516265 0.0084395459026794777 -0.047952980042042667 -0.068883528189384674 0.01057058834599024 -0.00027049113411809319 -0.063087232814053942 0.0097808369306659881 -0.023091176806576616 -0.023527504994870874 0.0075865712911077736 0.029727808479934212 -0.043205906517287222 -0.081480754178376538 -0.056157790634149052 0.05440357711993643 -0.049788529193911829 0.0067953161522504822 -0.096618446065816543 0.037611883911147156 0.033497604329671728 -0.043136651560764593 -0.029477000642959057 0.0052449082960703899 0.0045746175759925137
leaf_weight=42.518475829157978 34287.595500837895 76.859816384734586 61.127517998102121 4.787641715956851 2.4957522716140375 214.01823189109564 154.99476902117021 4.7964938897639504 4.6942130555398753 3.0761346551589668 6.702982351183894 3.3399377441965035 29.07020257320255 7.0206081978976753 14.235615849494932 9.178460516035555 6.1633571684360486 7.368820995092392 8.893452122807501 3.0193288647569707 8.6546641588211042 4.9919521068222847 8.2835104465484637 4.1521401926875097 27.899414115352556 11.442459622398021 7.2434886316768816 6.8669873401522636 14.796364701585842 744.55402114847675
leaf_count=296 150846 505 4387 45 35 915 806 25 33 24 27 22 148 31 58 39 25 32 38 23 35 35 35 20 323 104 41 32 199 3230
internal_value=0.000164786 4.30215e-05 0.00623551 0.00374906 -0.0370595 0.00400339 0.011208 0.0067468 0.00249506 -0.0374291 0.00270082 0.0127229 -0.00162089 -0.0119936 0.00453154 -0.0246547 -0.0347044 -0.00998756 -0.0557218 0.00438767 0.0305406 0.00598081 -0.00543635 -0.0283538 0.0143016 0.0240459 0.00379082 -0.0547767 -0.00863825 0.0028187
internal_weight=35790.8 34614.9 327.311 1175.94 7.28339 1168.65 202.31 159.791 966.343 7.77035 266.184 80.1998 185.984 68.218 29.5933 38.6247 29.4462 13.5322 15.9141 117.766 15.3576 114.747 48.3728 19.3026 66.3737 46.5854 18.6859 11.0191 19.7883 958.572
internal_count=162414 157005 6159 5409 80 5329 1127 831 4202 57 1772 527 1245 285 120 165 126 57 69 960 62 937 235 87 702 468 145 52 234 4145
is_linear=0
shrinkage=0.05


Tree=139
num_leaves=31
num_cat=0
split_feature=9 10 2 2 3 4 3 10 11 15 1 16 14 10 4 2 13 16 16 15 2 0 1 16 3 1 16 4 13 14
split_gain=7.46785 6.41546 5.50191 12.5813 11.3644 13.6774 9.92629 9.60578 9.30439 9.2967 12.3626 9.01954 8.49112 7.45249 8.77122 6.95023 8.75765 12.7559 9.55996 6.79633 8.1127 6.48504 6.35405 5.94666 8.13069 5.85896 7.4114 7.84005 7.92206 6.30712
threshold=1.5000000000000002 6.5000000000000009 1.0000000180025095e-35 1.5000000000000002 1.0000000180025095e-35 5.5000000000000009 5.5000000000000009 4.5000000000000009 2.5000000000000004 14.500000000000002 1.5000000000000002 6.5000000000000009 3.0000000000000004 1.0000000180025095e-35 1.5000000000000002 2.5000000000000004 1.0000000180025095e-35 17.500000000000004 22.500000000000004 13.500000000000002 6.5000000000000009 7.5000000000000009 4.5000000000000009 25.500000000000004 2.5000000000000004 2.5000000000000004 8.5000000000000018 3.5000000000000004 4.5000000000000009 39.000000000000007
decision_type=2 2 2 2 2 2 2 2 2 2 2 2 2 2 2 2 2 2 2 2 2 2 2 2 2 2 2 2 2 2
left_child=1 2 -1 8 12 13 23 -8 -4 10 -9 -12 19 21 -15 16 -16 25 -19 20 22 -6 -5 -7 -25 29 27 28 -27 -18
right_child=-2 -3 3 4 5 6 7 9 -10 -11 11 -13 -14 14 15 -17 17 18 -20 -21 -22 -23 -24 24 -26 26 -28 -29 -30 -31
leaf_value=-0.00020847130623098502 -0.0012340678818296646 -0.015293070630387741 0.0054447906502318776 -0.0037625773835554509 0.0022181481273415306 0.008697659944646002 0.039189599523070495 -0.26257097173123317 -0.0031285968278232284 0.066586378652538331 -0.1423698330774846 0.058596580327906871 -0.0012485284506272157 -0.016556933250480008 0.013902223895611399 0.0021474590515370693 -0.01385033160975936 0.023580035796068835 -0.028117141010073867 0.013497009985999489 0.040753916639436089 0.015397195325960492 0.024935342845224525 0.023542651609953877 -0.10638024695463594 -0.043409172853518772 -0.03851707757548032 0.019160990127833781 0.016707490119964398 0.0052168808130824027
leaf_weight=12642.766392515972 7627.93404777057 63.919325533090159 2347.8360008746386 220.62475664913654 3938.1134050667752 390.92088137683459 43.715224822517484 0.75682580843567793 365.7642683731392 1.444911404745653 0.99156259139999781 1.2777901812223715 6609.718235168606 94.253211244940758 48.60220592841506 751.00349293998443 152.13759263604879 44.584057642146945 11.186286918818949 177.51292698085308 12.067115645855663 95.609798772493377 21.13594051450491 2.2179833799600592 2.634549928130582 18.513941138982776 43.047122234478593 15.561073115095494 7.784218654036521 60.66474836319685
leaf_count=51277 34894 294 10232 896 19331 3917 4676 5 1620 37 24 66 26973 403 214 3788 635 199 50 720 52 1399 90 18 41 84 200 85 35 253
internal_value=0.000153824 0.000529422 0.000565385 0.00119742 0.000540222 0.00219464 0.0106236 0.0320502 0.00428919 -0.0377544 -0.0875741 -0.0292129 -0.000804969 0.00148605 -0.00189165 -0.00069291 -0.00599812 -0.00873436 0.0132107 0.00599199 0.000743403 0.00253053 -0.00125366 0.00801481 -0.0469954 -0.0128454 -0.02395 -0.00896946 -0.0256147 -0.00841474
internal_weight=35814.3 28186.4 28122.4 15479.7 12766.1 5725.02 443.96 48.1863 2713.6 4.47109 3.02618 2.26935 7041.06 5281.06 1247.34 1153.08 402.081 353.479 55.7703 431.341 253.828 4033.72 241.761 395.773 4.85253 297.709 84.9064 41.8592 26.2982 212.802
internal_count=162508 127614 127320 76043 64191 35460 8784 4808 11852 132 95 90 28731 26676 5946 5543 1755 1541 249 1758 1038 20730 986 3976 59 1292 404 204 119 888
is_linear=0
shrinkage=0.05


Tree=140
num_leaves=31
num_cat=0
split_feature=16 7 5 5 0 5 14 6 6 11 17 6 8 8 6 14 7 4 16 4 7 16 0 2 7 2 3 13 16 0
split_gain=7.45772 5.4388 5.00971 11.0911 8.0902 7.58094 7.80117 7.06141 7.13057 7.02216 7.4097 7.3561 6.62558 5.91031 6.21019 10.4729 8.05525 6.67253 5.7837 10.7059 6.24802 6.09606 17.291 6.38556 6.30079 6.01902 8.19933 6.50376 5.93869 7.73445
threshold=20.500000000000004 5.5000000000000009 1.0000000180025095e-35 1.5000000000000002 12.500000000000002 2.5000000000000004 15.000000000000002 7.5000000000000009 6.5000000000000009 1.5000000000000002 17.500000000000004 1.5000000000000002 3.5000000000000004 1.5000000000000002 1.0000000180025095e-35 15.000000000000002 4.5000000000000009 1.0000000180025095e-35 11.500000000000002 1.0000000180025095e-35 3.5000000000000004 9.5000000000000018 1.5000000000000002 2.5000000000000004 1.5000000000000002 1.5000000000000002 1.0000000180025095e-35 1.5000000000000002 13.500000000000002 2.5000000000000004
decision_type=2 2 2 2 2 2 2 2 2 2 2 2 2 2 2 2 2 2 2 2 2 2 2 2 2 2 2 2 2 2
left_child=2 -2 -1 -4 5 6 9 8 13 10 12 -12 18 -7 -15 17 -17 -16 21 20 25 24 -23 -24 -5 26 -20 -28 -27 -30
right_child=1 -3 3 4 -6 7 -8 -9 -10 -11 11 -13 -14 14 15 16 -18 -19 19 -21 -22 22 23 -25 -26 28 27 -29 29 -31
leaf_value=-0.00086321169878150305 0.0025651826389492998 0.026077611208307275 0.0030264677414588892 -0.0089572211958950914 0.034397542642687497 0.0012501794663395027 -0.00062193750385597195 0.044263337193826559 -0.042365630284122484 -0.010422852343389379 0.0021642437900059072 0.031074748322683039 0.020016512306073542 -6.4021633432073669e-05 0.017342791770789633 -0.0091461353228360909 -0.058044533799949061 -0.0040563541871978881 0.012958854882269027 0.0084434539138379203 0.045357305393310815 -0.0018158527584781333 -0.032194604961426808 -0.076322479123191775 0.0062128981088687097 0.0014979628420639293 -0.058003946666614625 -0.0085108978011335708 -0.042962777270338419 0.0092039272584256496
leaf_weight=15241.902802105993 2138.6493251334177 24.881226939614862 3222.7685739942826 320.50958180986345 16.874799521989189 7567.6436278895708 4083.4480379307643 9.2512121074832958 9.6653166823089105 412.78734037280083 98.348580433987081 28.34383325278759 27.09247805736959 1497.5362710800255 64.715318948030472 420.45442130998708 8.5944381521549058 83.340560906333849 41.420259162783623 176.26876629795879 4.9771900475025168 58.490447014570236 31.329411894083023 11.10362174361944 87.03427873365581 17.468296632170677 8.3381739109754545 32.546957343816757 36.524051383137703 8.8213956505060178
leaf_count=61680 10380 121 14221 1386 1589 39865 17392 52 47 1674 443 126 118 8040 267 2251 47 518 166 796 20 238 130 56 384 71 34 132 148 37
internal_value=-9.87255e-06 0.00283558 -0.000192943 0.000362715 -0.000203446 -0.000241996 -0.00172662 0.000600851 0.000559001 -0.00494545 -0.00265842 0.00863215 -0.00431799 0.000602029 -0.00176222 -0.00616891 -0.0101256 0.00529723 -0.00510771 8.68999e-05 -0.00972679 -0.00844193 -0.0194435 -0.0437417 -0.00571752 -0.011616 -0.00272026 -0.0186046 -0.0232722 -0.0328144
internal_weight=35791.1 2163.53 33627.6 18385.7 15162.9 15146.1 5484.85 9661.2 9651.95 1401.4 988.617 126.692 861.925 9642.28 2074.64 577.105 429.049 148.056 834.832 326.365 150.096 508.467 100.923 42.433 407.544 145.119 82.3054 40.8851 62.8137 45.3454
internal_count=162429 10501 151928 90248 76027 74438 23351 51087 51035 5959 4285 569 3716 50988 11123 3083 2298 785 3598 1404 608 2194 424 186 1770 588 332 166 256 185
is_linear=0
shrinkage=0.05


Tree=141
num_leaves=31
num_cat=0
split_feature=7 6 1 2 13 13 9 15 10 0 3 13 5 11 14 14 9 14 15 15 13 3 15 14 15 13 4 2 10 15
split_gain=4.27582 3.43662 6.89243 5.97491 6.07552 5.14781 5.14354 4.22971 8.30926 5.69851 5.68494 5.66205 6.13518 9.13232 8.71501 5.72664 5.8247 5.55355 11.7032 8.35081 5.17443 4.94633 4.84183 6.41787 5.28528 5.56305 4.69927 6.33839 4.27847 4.52592
threshold=9.5000000000000018 3.5000000000000004 3.5000000000000004 8.5000000000000018 2.5000000000000004 1.0000000180025095e-35 5.5000000000000009 3.5000000000000004 1.0000000180025095e-35 6.5000000000000009 2.5000000000000004 2.5000000000000004 5.5000000000000009 1.0000000180025095e-35 41.000000000000007 55.000000000000007 1.5000000000000002 9.0000000000000018 19.500000000000004 11.500000000000002 3.5000000000000004 1.0000000180025095e-35 12.500000000000002 27.000000000000004 9.5000000000000018 4.5000000000000009 1.0000000180025095e-35 1.0000000180025095e-35 1.0000000180025095e-35 9.5000000000000018
decision_type=2 2 2 2 2 2 2 2 2 2 2 2 2 2 2 2 2 2 2 2 2 2 2 2 2 2 2 2 2 2
left_child=1 -1 3 6 -5 -4 -3 8 9 10 -7 15 13 17 28 16 26 19 20 -13 -19 -22 24 -24 25 -23 27 -9 29 -15
right_child=-2 2 5 4 -6 7 -8 11 -10 -11 -12 12 -14 14 -16 -17 -18 18 -20 -21 21 22 23 -25 -26 -27 -28 -29 -30 -31
leaf_value=0.00014463600653914424 0.036708044731419413 -0.00094462458586821367 0.012897090636316378 0.010872740617101348 -0.076357763240420193 -0.079881791552597198 0.034046115436380711 0.021995058308003981 -0.085578325113029485 0.014685253504660873 0.00088836627355385635 -0.082993231949434379 0.030298151044798327 0.023203998007045829 -0.1143902731816458 0.05308790079495173 -0.039547397523226946 -0.023674579395637326 -0.07546852700719614 -0.0034218525780495275 0.03629758269970549 0.043231768912345127 0.011066686557771131 -0.078033916300666806 0.056225734062959103 -0.037643389018322135 0.021010471473936435 -0.037758105127195192 -0.075345665459056507 -0.041826805994373037
leaf_weight=34554.253972500679 7.9580109904054543 980.35036157770082 19.704897527000867 3.2424209783785027 5.1931795803830028 4.8878795355558449 10.616300739347933 7.4694569855928448 5.8457210704218587 7.8508692565374067 3.9302433542907238 6.4125738837756199 6.0599645626498377 4.2224454898387247 4.2924173176288596 4.9684805464930824 9.0129479095339757 14.336484589613972 5.4583476558327666 6.7871490987017751 13.110424123704432 3.3861319585703331 4.0593717650044692 4.0248389523476362 5.0511202085763207 5.714916636236012 21.23542898602318 10.935745537281035 4.5318693351000539 7.3030429985374212
leaf_count=156702 37 4160 131 21 34 22 46 31 41 71 21 35 161 23 19 32 58 74 25 36 54 25 23 27 23 35 197 47 25 34
internal_value=6.1813e-05 5.36542e-05 -0.00258821 -0.000926459 -0.0428287 -0.0113019 -0.000569766 -0.0140922 -0.0342859 -0.0162979 -0.0438825 -0.011028 -0.0183758 -0.0217015 -0.0511039 0.00195576 -0.00326583 -0.0129465 -0.00597288 -0.0420785 0.00166211 0.0119385 -0.0024234 -0.0332933 0.0152106 -0.00755301 0.00498338 -0.0135082 -0.0341863 -0.0180023
internal_weight=35752.2 35744.2 1190 999.402 8.4356 190.593 990.967 170.888 22.5147 16.669 8.81812 148.373 94.7511 88.6911 20.3498 53.6221 48.6536 68.3414 55.1416 13.1997 49.6833 35.3468 22.2364 8.08421 14.1522 9.10105 39.6406 18.4052 16.0574 11.5255
internal_count=162270 162233 5531 4261 55 1270 4206 1139 155 114 43 984 619 458 101 365 333 357 286 71 261 187 133 50 83 60 275 78 82 57
is_linear=0
shrinkage=0.05


Tree=142
num_leaves=31
num_cat=0
split_feature=7 1 2 8 2 1 5 15 14 14 13 16 14 14 4 16 3 5 2 5 14 9 17 14 4 10 13 16 17 15
split_gain=6.07976 7.02568 9.55541 7.17019 6.67455 6.73727 8.03488 6.02666 6.9889 7.30993 6.17002 5.70353 6.56313 6.14214 8.5785 6.24703 6.08236 6.21285 6.77618 7.19623 7.24864 5.232 5.23068 5.1979 5.44964 6.42178 5.5062 5.31471 8.86286 5.12538
threshold=1.0000000180025095e-35 1.0000000180025095e-35 9.5000000000000018 3.5000000000000004 3.5000000000000004 1.5000000000000002 10.500000000000002 21.500000000000004 55.000000000000007 35.000000000000007 4.5000000000000009 19.500000000000004 3.0000000000000004 15.000000000000002 10.500000000000002 17.500000000000004 1.0000000180025095e-35 2.5000000000000004 1.0000000180025095e-35 1.5000000000000002 45.000000000000007 1.0000000180025095e-35 17.500000000000004 3.0000000000000004 1.0000000180025095e-35 2.5000000000000004 1.5000000000000002 11.500000000000002 8.5000000000000018 5.5000000000000009
decision_type=2 2 2 2 2 2 2 2 2 2 2 2 2 2 2 2 2 2 2 2 2 2 2 2 2 2 2 2 2 2
left_child=1 -1 3 4 5 11 7 -7 9 -9 -11 13 -13 22 15 -15 -14 18 19 20 -18 -19 23 24 27 26 -26 -3 -29 -6
right_child=-2 2 -4 -5 29 6 -8 8 -10 10 -12 12 16 14 -16 -17 17 21 -20 -21 -22 -23 -24 -25 25 -27 -28 28 -30 -31
leaf_value=-0.00021419050861883689 -0.0010263916644484977 0.0078287926259276702 0.020021795103563 -0.0065118258902035295 0.0097493251543595075 0.00038678765720413918 0.031684478027611589 -0.010046003989680592 -0.038106881838022542 0.0029259898082345248 0.049437795986008122 -0.039201690459416447 0.0084288701531767783 0.0050492540604139408 -0.052186491205324925 0.017645334611509762 0.027112959846200924 -0.012549497487232768 -0.033710422504476166 -0.047532049304090322 -0.036214047901125382 0.024583507226268574 0.012139711471555823 -0.0054328193339705927 -0.011272612412455925 -0.012948699725708328 0.033700415915073202 0.0039442336118174276 -0.064689990458791174 0.0029460351826458369
leaf_weight=16125.872059829533 10015.952482843772 29.670587509870529 69.061746894265525 281.05803636577912 376.51983473158907 5288.369090460008 20.060923479497433 211.1781645976007 16.774558120407164 82.824316223151982 7.8018220216035834 12.999695058912037 75.346012964844704 1441.1212423983961 6.3803618773818007 105.64976679161191 17.778506889939315 18.979143481701612 36.875688038766384 6.7297720462083808 6.0586884617805472 18.965216901153326 70.496294625103474 353.20698611438274 8.2539519444107992 13.827393531799315 38.79516177251935 10.791696608066561 8.3376270830631238 1045.6998987587867
leaf_count=65457 45809 121 2979 1347 3390 23653 178 938 77 367 33 59 309 6157 36 453 73 98 165 28 25 90 311 1508 36 60 172 44 34 8526
internal_value=1.91746e-05 0.000424993 0.00148985 0.00135668 0.00159372 0.00102654 9.74623e-05 -1.55519e-05 -0.00669434 -0.0049484 0.0069301 0.00331923 -0.00488731 0.0040812 0.00567095 0.00590961 -0.00241916 -0.0101749 -0.0192809 -0.00187331 0.0110172 0.00601019 -0.000548003 -0.00248032 0.00702805 0.0170069 0.0258107 -0.00542032 -0.0259704 0.00474714
internal_weight=35821.4 25805.5 9679.61 9610.55 9329.49 7907.27 5627.01 5606.95 318.579 301.804 90.6261 2280.26 193.733 2086.53 1553.15 1546.77 180.733 105.387 67.4427 30.567 23.8372 37.9444 533.38 462.883 109.676 60.8765 47.0491 48.7999 19.1293 1422.22
internal_count=162533 116724 51267 48288 46941 35025 25246 25068 1415 1338 400 9779 847 8932 6646 6610 788 479 291 126 98 188 2286 1975 467 268 208 199 78 11916
is_linear=0
shrinkage=0.05


Tree=143
num_leaves=31
num_cat=0
split_feature=0 4 3 13 5 9 6 15 10 15 13 4 4 7 8 9 16 14 3 4 14 10 14 7 0 0 16 15 16 4
split_gain=5.20849 8.38318 6.06946 4.96058 4.74339 4.42038 6.93284 9.15082 6.1594 5.63696 7.20269 6.92851 5.47197 6.24769 5.2344 5.27113 7.58386 6.35828 5.20964 6.97002 5.15157 6.4234 7.65615 5.06592 4.59055 13.2903 10.394 8.11637 7.70069 6.66942
threshold=11.500000000000002 1.5000000000000002 3.5000000000000004 1.5000000000000002 1.5000000000000002 3.5000000000000004 1.0000000180025095e-35 18.500000000000004 5.5000000000000009 16.500000000000004 5.5000000000000009 3.5000000000000004 1.5000000000000002 4.5000000000000009 1.5000000000000002 5.5000000000000009 17.500000000000004 51.000000000000007 4.5000000000000009 2.5000000000000004 21.000000000000004 2.5000000000000004 9.0000000000000018 1.0000000180025095e-35 1.0000000180025095e-35 1.5000000000000002 3.5000000000000004 25.500000000000004 11.500000000000002 15.500000000000002
decision_type=2 2 2 2 2 2 2 2 2 2 2 2 2 2 2 2 2 2 2 2 2 2 2 2 2 2 2 2 2 2
left_child=5 2 3 -2 -5 24 7 8 9 10 12 -12 -7 18 15 16 20 -17 19 -14 21 22 -8 -21 -1 26 -26 28 -28 -27
right_child=1 -3 -4 4 -6 6 14 -9 -10 -11 11 -13 13 -15 -16 17 -18 -19 -20 23 -22 -23 -24 -25 25 29 27 -29 -30 -31
leaf_value=-0.00075483287893803486 -0.054256319956066924 0.029601701564964333 0.041386521991671643 0.016257778543434655 -0.040866610686826906 0.00061855266670941041 0.010601553109159705 0.011513135146607989 0.043560288305022836 -0.017847199994321019 0.0078885828486088532 0.058661112337527611 -0.057452412650383512 -0.056103405375917119 -0.021410051971203801 -0.022701656937873044 0.023602595281646765 0.02309657614471354 -0.0048876518195971426 -0.025656543607998739 0.0012935446254877057 -0.056796666264119194 -0.029135812451640354 0.02073257744489581 0.011204450629265426 -0.00023011072973100398 -0.00046567447947848308 0.026053364962168854 0.0046335155778297367 0.052633127074417231
leaf_weight=15561.998170115054 6.6231494769454065 36.948836364899762 5.3477957928553215 10.815643630921842 5.4728695005178443 325.19982208311558 22.897653687745333 127.16601350577548 7.0269532669335595 62.355551052372903 51.611748334020376 7.7249727956950656 11.456943705677984 6.8568815477192393 71.250046540284529 65.04669278813526 25.802195389987901 8.5778795867227 227.8970855914522 18.572793342173103 98.201643143314868 8.8262154050171358 25.755769886542112 8.6152147650718671 366.27694356814027 15642.814635467948 1532.5328103899956 35.484590880572796 1432.4510719743557 5.9687932244269168
leaf_count=63116 31 2436 38 46 27 1346 103 576 35 272 218 47 47 35 336 295 127 42 1192 77 440 38 121 36 1714 76405 6619 152 6317 299
internal_value=-0.000194985 0.0139232 -0.00657622 -0.0177712 -0.00293577 -0.000220731 -0.00322897 -0.000861277 -0.00302485 -0.00347932 -0.00211761 0.0144986 -0.00376471 -0.00897847 -0.00942815 -0.00608168 -0.00150392 -0.0173658 -0.00776616 -0.0247413 -0.00566501 -0.0175534 -0.0104343 -0.010957 -0.000117998 0.000403177 0.00325301 0.00228235 0.00199786 -0.000209948
internal_weight=35823.6 65.2083 28.2595 22.9117 16.2885 35758.4 1180.84 854.484 727.318 720.291 657.935 59.3367 598.599 273.399 326.358 255.108 181.483 73.6246 266.542 38.645 155.681 57.4796 48.6534 27.188 34577.5 19015.5 3366.75 3000.47 2964.98 15648.8
internal_count=162583 2578 142 104 73 160005 5383 3881 3305 3270 2998 265 2733 1387 1502 1166 829 337 1352 160 702 262 224 113 154622 91506 14802 13088 12936 76704
is_linear=0
shrinkage=0.05


Tree=144
num_leaves=31
num_cat=0
split_feature=11 16 5 2 0 15 6 2 5 3 8 14 3 4 17 15 16 13 16 0 0 7 3 11 11 15 16 14 4 16
split_gain=5.22718 5.67612 5.07959 8.28445 5.83187 8.35575 5.02163 6.90501 7.37978 13.9913 6.63455 5.47374 4.83159 5.60879 4.53741 4.4207 4.27492 6.25555 4.2534 5.66757 4.95592 6.71278 5.04572 4.60121 5.2532 4.17409 4.63424 4.51585 5.37927 4.37823
threshold=6.5000000000000009 5.5000000000000009 6.5000000000000009 8.5000000000000018 1.0000000180025095e-35 15.500000000000002 1.0000000180025095e-35 1.0000000180025095e-35 7.5000000000000009 1.0000000180025095e-35 3.5000000000000004 43.000000000000007 4.5000000000000009 1.0000000180025095e-35 25.500000000000004 18.500000000000004 6.5000000000000009 3.5000000000000004 15.500000000000002 1.5000000000000002 2.5000000000000004 1.5000000000000002 2.5000000000000004 1.5000000000000002 4.5000000000000009 3.5000000000000004 9.5000000000000018 21.000000000000004 2.5000000000000004 13.500000000000002
decision_type=2 2 2 2 2 2 2 2 2 2 2 2 2 2 2 2 2 2 2 2 2 2 2 2 2 2 2 2 2 2
left_child=2 -2 -1 4 5 25 7 8 16 -10 -9 14 -7 -14 -8 -11 17 -6 23 -20 -21 22 -22 -13 -25 27 -27 28 -4 -28
right_child=1 -3 3 -5 6 12 11 10 9 15 -12 18 13 -15 -16 -17 -18 -19 19 20 21 -23 -24 24 -26 26 29 -29 -30 -31
leaf_value=-0.00010207197012112649 0.014902081248684427 -0.018291676570137822 -0.040139515820809733 0.033050731137154378 -0.039822233314635767 0.014389075978861316 -0.004452472255572105 0.016756372406143267 -0.049886638336625322 0.014290039682251366 -0.027855370286796435 0.046372842143441624 -0.069911910545924619 0.0075100123565476273 0.068827346131716136 -0.038409334008064663 0.023251494497868893 0.033515461581945551 -0.084481528159896291 0.043357894068392966 -0.012270590857862834 0.037924910636982834 -0.096066623164719811 -0.0027747368306671452 0.037961677298838363 -0.01873418368727978 0.0079826893629803952 0.024549917559241893 0.029591242409555782 -0.012049509485626528
leaf_weight=34804.778448447352 15.724765327060593 71.162355803884566 7.5646229237318057 23.390362322912551 7.5378305315971357 80.982171071693301 185.93676152487751 211.82569252210669 17.891830921173096 25.254800514318053 8.6753112005535495 13.010653712670317 3.8391238451004011 5.9877769760787487 2.1366908971685907 4.7237454354763022 31.524593099951744 4.7337475419044495 2.0963849276304272 5.1924260258674648 5.059376943856476 3.9462145247962326 2.7855214590672404 22.562232608906925 12.189780962886287 88.383777835406363 48.026506990194321 19.15277311950922 4.3597652167081833 63.129870260134339
leaf_count=150523 87 326 32 3527 34 340 1691 3715 74 128 65 194 16 34 34 23 145 23 9 23 28 41 82 172 71 383 205 92 23 273
internal_value=-3.53528e-05 -0.0122843 -5.55511e-06 0.00367823 0.00290499 -0.00247554 0.00595471 0.0102065 -0.0013269 -0.0148966 0.0150012 0.000747992 0.0103715 -0.0227368 -0.00361994 0.00598615 0.0135052 -0.0115323 0.013038 -0.00691777 0.00265641 -0.0152672 -0.0420244 0.0210097 0.0115142 -0.00753426 -0.0101889 0.00951083 -0.0146447 -0.00339435
internal_weight=35803.6 86.8871 35716.7 911.9 888.51 321.426 567.084 312.168 91.6665 47.8704 220.501 254.916 90.8091 9.8269 188.073 29.9785 43.7962 12.2716 66.8426 19.0799 16.9835 11.7911 7.8449 47.7627 34.752 230.617 199.54 31.0772 11.9244 111.156
internal_count=162413 413 162000 11477 7950 1398 6552 4207 427 225 3780 2345 390 50 1725 151 202 57 620 183 174 151 110 437 243 1008 861 147 55 478
is_linear=0
shrinkage=0.05


Tree=145
num_leaves=31
num_cat=0
split_feature=4 10 15 14 17 2 16 8 3 4 14 7 1 15 14 13 13 2 9 17 15 15 2 17 11 14 11 14 4 3
split_gain=4.80488 4.39489 4.22936 4.51145 5.45974 5.55691 4.62755 4.06644 7.90425 7.92448 6.12664 5.16728 5.01094 5.18889 4.07723 4.00034 5.66647 4.44254 3.97226 6.91039 12.2668 7.98408 7.10758 7.28968 7.07971 6.50011 10.0422 6.4206 6.28442 7.41391
threshold=16.500000000000004 9.5000000000000018 26.500000000000004 33.000000000000007 15.500000000000002 3.5000000000000004 7.5000000000000009 5.5000000000000009 6.5000000000000009 4.5000000000000009 49.000000000000007 4.5000000000000009 1.5000000000000002 12.500000000000002 7.0000000000000009 1.5000000000000002 4.5000000000000009 7.5000000000000009 1.5000000000000002 2.5000000000000004 24.500000000000004 3.5000000000000004 4.5000000000000009 18.500000000000004 3.5000000000000004 51.000000000000007 2.5000000000000004 21.000000000000004 3.5000000000000004 2.5000000000000004
decision_type=2 2 2 2 2 2 2 2 2 2 2 2 2 2 2 2 2 2 2 2 2 2 2 2 2 2 2 2 2 2
left_child=1 2 7 -4 5 -5 -7 18 9 11 14 -9 -10 -14 -11 -16 17 -17 19 20 21 -1 23 -21 28 -23 -27 -22 -24 -30
right_child=-2 -3 3 4 -6 6 -8 8 12 10 -12 -13 13 -15 15 16 -18 -19 -20 22 27 25 24 -25 -26 26 -28 -29 29 -31
leaf_value=0.013619728576956709 0.044992595416912362 -0.038915204252492515 0.011289451421448493 0.0066936258832051626 -0.045948691628716648 0.0079650021219577326 -0.063560595998055469 -0.0006364532103486127 -0.10178284386678538 0.01408265951966714 0.019633197697591347 -0.042265476529372653 0.026302172795938779 -0.1034384130463943 -0.010607436064576032 -0.092124167541653451 -0.008908727854867236 -0.03690097820410574 -0.00094144790632703142 -0.00039533232496886928 -0.075423313146877197 0.0013437573736779194 0.0020507771886512909 0.0024914023390263007 -0.011862688525626171 0.0068517286819255374 0.041067515585745597 -0.011605766594750487 0.0042437317648862122 0.018341489351126262
leaf_weight=186.68042150582187 5.9507959734182796 7.2313533574342719 164.9988863109611 56.607465650886297 6.9047234081663182 3.7815873138606531 5.6251004762016237 310.10376735031605 3.3779780715703955 3.7799686291255084 6.2099786307662717 7.6379482150077811 2.343417103053071 1.1482889056205747 7.7222781837917891 8.6057773381471652 5.3823433439247301 6.3138980767689636 7518.7590702687157 21360.654521149816 7.140872821211814 1282.993098558276 1733.7673831188586 2436.3687866854016 78.903524881578051 174.3784135656897 24.451552078127861 8.7960818558931333 286.13300962839276 138.35014871833846
leaf_count=1036 621 31 731 236 35 24 33 1309 15 24 38 32 57 31 40 39 33 43 34302 89898 29 5608 8368 10683 602 747 109 36 1699 6231
internal_value=6.76352e-05 6.0177e-05 6.80414e-05 0.00671231 -0.00364471 0.000780057 -0.0348066 2.36372e-05 -0.00524411 -0.0042183 -0.0257929 -0.00163714 -0.0583666 -0.0163646 -0.0346627 -0.0412375 -0.0528883 -0.0687541 7.78472e-05 0.000354334 0.00345803 0.00387505 0.000153521 -9.97848e-05 0.00284799 0.00264741 0.0110595 -0.0402005 0.00338579 0.00883856
internal_weight=35851.1 35845.2 35837.9 237.918 72.9189 66.0142 9.40669 35600 362.626 355.756 38.0142 317.742 6.86968 3.49171 31.8043 28.0243 20.302 14.9197 35237.4 27718.6 1684.44 1668.5 26034.2 23797 2237.15 1481.82 198.83 15.937 2158.25 424.483
internal_count=162720 162099 162068 1059 328 293 57 161009 1661 1558 217 1341 103 88 179 155 115 82 159348 125046 7565 7500 117481 100581 16900 6464 856 65 16298 7930
is_linear=0
shrinkage=0.05


Tree=146
num_leaves=31
num_cat=0
split_feature=9 10 3 8 14 5 0 13 11 1 2 16 14 11 1 11 0 16 1 3 0 5 14 7 10 6 16 14 4 0
split_gain=5.46793 7.44161 5.57085 7.75533 7.01725 5.44835 9.90885 9.224 5.43427 5.6844 5.25412 6.76341 10.2251 5.19398 7.60546 6.30658 5.60076 5.49272 5.46532 11.0244 17.7254 7.26111 7.06872 9.02964 7.0437 5.88439 8.46541 6.88658 6.76947 6.71762
threshold=1.0000000180025095e-35 9.5000000000000018 1.5000000000000002 2.5000000000000004 45.000000000000007 10.500000000000002 2.5000000000000004 1.5000000000000002 3.5000000000000004 2.5000000000000004 1.5000000000000002 12.500000000000002 41.000000000000007 6.5000000000000009 2.5000000000000004 7.5000000000000009 1.0000000180025095e-35 12.500000000000002 2.5000000000000004 3.5000000000000004 2.5000000000000004 6.5000000000000009 37.000000000000007 1.5000000000000002 7.5000000000000009 1.5000000000000002 9.5000000000000018 21.000000000000004 10.500000000000002 1.0000000180025095e-35
decision_type=2 2 2 2 2 2 2 2 2 2 2 2 2 2 2 2 2 2 2 2 2 2 2 2 2 2 2 2 2 2
left_child=1 13 3 4 8 -4 7 -7 10 -10 11 -2 -13 18 15 16 -15 -17 22 -20 21 -21 25 -24 -22 26 27 -1 -27 -28
right_child=2 -3 5 -5 -6 6 -8 -9 9 -11 -12 12 -14 14 -16 17 -18 -19 19 20 24 -23 23 -25 -26 28 29 -29 -30 -31
leaf_value=-0.0021283549633378481 -0.0014953026097760769 -0.063259611847300723 -0.00082109192831155732 0.0078175615094132379 0.0026785392713991277 0.063005889050581548 0.057375971472700064 -0.020931047576010813 0.041250015522942197 -0.025376546451726746 -0.018874120087087536 -0.013135045836155466 -0.073876111152484311 0.0055986206161722915 -0.038050822063191943 0.0011389929861488229 -0.053373249125901225 0.057828609121133745 0.00093784839825910996 -0.0016998682667425707 0.018282423030867998 0.031438923433316841 -0.00095386732992824787 -0.0084012192624324696 -0.13806689158305471 -0.0014166617876686285 0.0010628360343685119 0.0018669693760370279 -0.055436053818378697 0.0047838607037709903
leaf_weight=2531.2227322794497 179.65232405811548 4.6035618633031836 9278.3734378973022 95.200367711484432 130.31842942535877 4.2337952796369853 11.342521615442818 14.423709847033022 9.8370300829410535 4.7457717210054389 155.21977438405156 102.54449489712715 7.430595636367797 7.9418654143810299 21.687226274283603 14.980849144980313 8.1661287043243629 5.9779114536941043 6864.4343182428274 295.21754788700491 258.04604630440008 17.510317190317437 5852.6479752417654 437.43193281441927 0.72237553913146157 2529.0060445559211 2983.9445259422064 1879.3217606302351 5.8128945892676702 2043.598726594355
leaf_count=10476 733 20 41926 393 534 26 905 81 40 20 650 417 30 32 124 64 36 26 30665 1630 7868 268 24287 1780 9 10495 12046 7789 32 8797
internal_value=-7.97763e-05 0.000305323 -0.00107254 -0.00542449 -0.00756209 -0.000752307 0.0205213 -0.00188392 -0.0104669 0.0195673 -0.0114514 -0.00747341 -0.0172391 0.000316683 -0.0145326 -0.000772443 -0.0242978 0.0173082 0.000350632 0.00149335 0.00816566 0.000155645 -0.000114635 -0.00147178 0.017846 0.000598354 0.0011728 -0.000425957 -0.00154054 0.00257536
internal_weight=35755.6 25762.3 9993.32 684.949 589.748 9308.37 30 18.6575 459.43 14.5828 444.847 289.627 109.975 25757.7 58.754 37.0668 16.108 20.9588 25698.9 7435.93 571.496 312.728 18263 6290.08 258.768 11972.9 9438.09 4410.54 2534.82 5027.54
internal_count=162199 116444 45755 2817 2424 42938 1012 107 1890 60 1830 1180 447 116424 282 158 68 90 116142 40440 9775 1898 75702 26067 7877 49635 39108 18265 10527 20843
is_linear=0
shrinkage=0.05


Tree=147
num_leaves=31
num_cat=0
split_feature=7 11 5 0 17 2 11 5 1 4 13 14 5 15 1 11 4 14 15 15 10 16 16 17 16 0 16 5 14 17
split_gain=5.62254 8.12563 7.50633 7.3168 8.65724 7.72641 7.26189 7.24898 8.54964 7.4913 7.31702 7.18124 6.79692 7.06171 6.14528 6.07672 7.27063 5.91829 5.82698 7.17394 7.19097 8.94387 6.86209 6.59517 8.60734 5.8073 5.64273 5.64087 5.39439 7.27483
threshold=1.5000000000000002 7.5000000000000009 8.5000000000000018 1.5000000000000002 16.500000000000004 11.500000000000002 1.5000000000000002 4.5000000000000009 3.5000000000000004 1.5000000000000002 5.5000000000000009 1.0000000180025095e-35 2.5000000000000004 19.500000000000004 6.5000000000000009 5.5000000000000009 6.5000000000000009 57.000000000000007 18.500000000000004 8.5000000000000018 1.0000000180025095e-35 21.500000000000004 24.500000000000004 21.500000000000004 7.5000000000000009 11.500000000000002 13.500000000000002 5.5000000000000009 15.000000000000002 3.5000000000000004
decision_type=2 2 2 2 2 2 2 2 2 2 2 2 2 2 2 2 2 2 2 2 2 2 2 2 2 2 2 2 2 2
left_child=2 3 6 5 25 18 7 10 11 -10 -1 27 13 28 -12 17 -17 -14 19 20 21 -2 -23 -21 -25 -5 -22 -9 -8 -30
right_child=1 -3 -4 4 -6 -7 12 8 9 -11 14 -13 15 -15 -16 16 -18 -19 -20 23 26 22 -24 24 -26 -27 -28 -29 29 -31
leaf_value=0.00092613330152537313 -0.00081497732728282404 -0.043666842144955899 0.0089965883003762601 -0.0039047858732456329 0.0030846598938224176 -0.052025958237280338 -0.01134650023054763 0.011825072583687923 -0.0024785682977250768 0.027158186462544823 -0.0019719345989587514 0.0025165086408010474 0.00049654288298899354 0.0058125506990874551 -0.033361436688572041 -0.0069811484437147398 -0.063735947703225118 -0.010121936203171089 0.0049789618829204248 -0.0016109810840612211 0.0038564891523964057 0.033000732921334958 -0.011275685804563328 0.0070897294302956389 -0.028272886355313911 0.035805425326157235 0.016172170241691729 0.066452461365749296 0.010058967105512167 -0.0051325796875426304
leaf_weight=19292.842073137173 1000.7228942774236 11.178229277487842 255.05901452701073 2920.2306334074819 544.75682483136188 7.016405474394559 304.74042830616236 12.172339522279801 29.659634708426893 75.853960712673143 2039.8838489647023 619.83915931615047 4106.888740524184 152.72115318477154 15.712503674905745 204.73982791975141 5.8028970751911393 135.5547001727391 615.78429571725428 2028.2848798017949 282.23323573544621 34.332493834197521 11.744347661733626 25.816754244267941 51.601401560008526 9.2359357655514014 138.71965668722987 7.7246428420767179 87.417816106230021 799.95041259750724
leaf_count=81952 4185 56 4879 14100 3290 34 1233 61 211 2993 8568 3471 18171 621 132 862 27 607 2523 8287 1187 146 49 106 215 381 583 49 358 3252
internal_value=0.00013077 -0.0010682 0.000457989 -0.00100612 -0.00270328 0.00039901 0.000379906 0.000793198 0.00564057 0.0188274 0.000623982 0.00346563 -0.00119502 -0.00431022 -0.00221187 -0.000254212 -0.0085454 0.000157261 0.000486815 -0.00028728 0.00239607 0.000176734 0.0217153 -0.00215767 -0.0164805 -0.00377959 0.00791496 0.0330332 -0.00560705 -0.00363601
internal_weight=35828.2 7681.66 28146.6 7670.48 3474.22 4196.26 27891.5 22093.7 745.25 105.514 21348.4 639.736 5797.82 1344.83 2055.6 4452.99 210.543 4242.44 4189.24 3573.46 1467.75 1046.8 46.0768 2105.7 77.4182 2929.47 420.953 19.897 1192.11 887.368
internal_count=162589 35142 127447 35086 17771 17315 122568 97437 6785 3204 90652 3581 25131 5464 8700 19667 889 18778 17281 14758 6150 4380 195 8608 321 14481 1770 110 4843 3610
is_linear=0
shrinkage=0.05


Tree=148
num_leaves=31
num_cat=0
split_feature=8 14 3 15 1 2 8 4 1 17 15 3 0 15 15 14 1 5 17 17 1 14 15 2 0 4 3 0 15 3
split_gain=4.61814 6.82135 6.35311 5.59488 5.58283 4.99555 7.66829 4.95533 4.92882 6.26352 5.2169 5.12287 4.91173 7.76953 6.15601 5.43623 6.71897 5.05574 4.63511 4.61938 4.42675 5.42506 4.97395 4.83695 7.27711 4.36075 4.21657 4.4975 12.181 4.0769
threshold=3.5000000000000004 45.000000000000007 4.5000000000000009 19.500000000000004 1.0000000180025095e-35 9.5000000000000018 6.5000000000000009 16.500000000000004 1.0000000180025095e-35 3.5000000000000004 19.500000000000004 1.5000000000000002 1.5000000000000002 13.500000000000002 15.500000000000002 57.000000000000007 5.5000000000000009 1.5000000000000002 8.5000000000000018 12.500000000000002 4.5000000000000009 3.0000000000000004 13.500000000000002 4.5000000000000009 1.0000000180025095e-35 2.5000000000000004 3.5000000000000004 4.5000000000000009 2.5000000000000004 1.0000000180025095e-35
decision_type=2 2 2 2 2 2 2 2 2 2 2 2 2 2 2 2 2 2 2 2 2 2 2 2 2 2 2 2 2 2
left_child=7 20 5 4 -4 8 -7 -1 9 -3 12 -12 13 15 -15 16 18 -16 -10 -6 26 22 -22 24 -23 -20 -2 -28 -29 -11
right_child=1 2 3 -5 19 6 -8 -9 10 29 11 -13 -14 14 17 -17 -18 -19 25 -21 21 23 -24 -25 -26 -27 27 28 -30 -31
leaf_value=0.00031188515393429828 0.0018137863164171915 -0.040343611663905626 -0.013734560179155737 0.027860716184208757 -0.034966828275268383 0.055542747402050709 -0.022077231564141209 0.049541509739278192 0.040569408084143693 -0.0070774682064872743 0.027884879816860816 -0.029608951707829498 -0.030866376458520514 -0.080584514483446251 0.013213131833850573 -0.041454326308039906 -0.04333567477996466 -0.051178087227368191 -0.014587005900942036 -0.090443825336389602 0.069817911606566863 -0.0041544982593021071 -0.02221456420809706 -0.0098079619505399597 -0.08550359871382783 0.036884698490882474 -0.011697200219923832 -0.079268771417368739 0.039125035508105435 0.014968781049307864
leaf_weight=34570.88922624127 714.21132760867476 8.7342383638024312 12.412206903100019 3.5688497861847273 8.711551179061642 7.5818229597061855 5.4830742329359055 5.1123919218080109 12.986207440495493 41.187491863965988 12.334265887737276 5.6488946452736846 49.813658528029919 5.6605125963687923 6.3889076262712461 6.2551814988255492 5.2788585275411597 5.8302143067121506 12.927931010723116 6.5914047550177193 3.7963022191543123 5.4451667070388776 2.3938725853804499 78.0938115126919 5.5523516535758972 6.0362944155931464 108.82676888629794 2.65057692490518 12.045450174715368 42.720883756875992
leaf_count=156382 2969 36 51 24 61 46 25 598 53 166 51 25 234 24 26 26 22 24 54 75 31 22 21 602 24 25 505 16 100 175
internal_value=0.000213369 -0.00283706 -0.0098977 -0.0310642 -0.0386519 -0.00707836 0.0229672 0.000319164 -0.00884814 -4.74331e-05 -0.0151606 0.00982484 -0.019202 -0.00973319 -0.037479 0.00167514 0.00892166 -0.0175104 0.0175556 -0.0588623 -0.000822933 -0.0110351 0.034227 -0.0141799 -0.0452255 0.00179639 0.000338567 -0.00819118 0.0177715 0.0041471
internal_weight=35775.2 1199.17 266.152 31.284 27.7152 234.868 13.0649 34576 221.804 92.6426 129.161 17.9832 111.178 61.3641 17.8796 43.4845 37.2293 12.2191 31.9504 15.303 933.016 95.2815 6.19017 89.0913 10.9975 18.9642 837.734 123.523 14.696 83.9084
internal_count=162493 5513 1223 211 187 1012 71 156980 941 377 564 76 488 254 74 180 154 50 132 136 4290 700 52 648 46 79 3590 621 116 341
is_linear=0
shrinkage=0.05


Tree=149
num_leaves=31
num_cat=0
split_feature=8 3 10 4 3 11 13 6 14 7 10 17 11 13 0 16 6 14 16 17 13 17 14 15 17 3 0 16 15 13
split_gain=4.18891 9.86874 4.23038 5.35348 5.59189 5.67247 4.64827 7.68876 5.69863 7.5763 5.25847 5.09494 4.9329 5.12248 5.48016 5.98226 4.67348 4.80014 7.41984 4.75021 6.29367 8.46347 5.99138 4.47589 6.79764 5.51192 13.711 4.45244 4.0297 6.66327
threshold=3.5000000000000004 3.5000000000000004 8.5000000000000018 8.5000000000000018 7.5000000000000009 5.5000000000000009 5.5000000000000009 2.5000000000000004 35.000000000000007 3.5000000000000004 2.5000000000000004 6.5000000000000009 1.0000000180025095e-35 1.5000000000000002 5.5000000000000009 8.5000000000000018 1.5000000000000002 13.000000000000002 12.500000000000002 11.500000000000002 1.5000000000000002 18.500000000000004 25.000000000000004 19.500000000000004 20.500000000000004 13.500000000000002 6.5000000000000009 21.500000000000004 13.500000000000002 2.5000000000000004
decision_type=2 2 2 2 2 2 2 2 2 2 2 2 2 2 2 2 2 2 2 2 2 2 2 2 2 2 2 2 2 2
left_child=2 -2 3 -1 5 6 8 -8 16 10 12 -12 13 14 15 -10 19 18 -18 -5 21 22 -21 -6 25 -25 -27 -19 -14 -30
right_child=1 -3 -4 4 23 -7 7 -9 9 -11 11 -13 28 -15 -16 -17 17 27 -20 20 -22 -23 -24 24 -26 26 -28 -29 29 -31
leaf_value=0.0001964499793284481 -0.00074978026833901379 -0.012991045460791507 -0.021788911181096594 0.010839691539320337 0.041740364385116899 -0.066994956653958534 0.038983324884943882 -0.043872201918578643 -0.0052909094075019808 -0.08460945761251093 -0.0012338419915335702 0.03107118499762862 0.056226478537418668 0.0044212986244854943 0.035619907168720925 -0.095084715711285073 -0.077986217271482083 0.001473939116569809 0.0062451254842091205 -0.092704097428645216 0.0019735259219918694 0.025187653579682445 -0.016073061428006182 0.052492740347449496 -0.25590419656323504 -0.9526127759395685 0.050141428985612892 -0.077811111034689795 0.047587671787270774 -0.089604825504520286
leaf_weight=34265.218017973122 997.48985039955005 197.19385824073106 21.777955106925219 69.243423850974068 16.155385190038945 2.6961316645611069 19.91185213485733 3.2581209274940184 3.1101833796128648 1.9602752721402783 16.143120514461771 50.031006563222036 6.0132105146767554 19.874380375258625 1.9174186562886459 4.5956258676014841 6.8265082817524654 20.327095106244091 4.2373577072285116 6.1101567253936064 35.202710963087156 3.9461355205858117 4.3784955877345055 0.95680182590149232 0.31441283156163979 0.049819221254438162 0.10796859778929502 1.9397139782086004 2.0897746876580645 1.5352424758020786
leaf_count=150782 4215 1290 101 557 2712 30 208 30 24 33 106 395 124 296 80 34 64 218 60 88 497 60 42 165 25 7 53 22 32 22
internal_value=0.00014054 -0.00277032 0.000241077 0.000254955 0.00687261 0.00518624 0.00587476 0.0273323 0.00395874 0.0127852 0.0145981 0.0231904 6.95883e-05 -0.0100774 -0.040021 -0.0588426 -0.00226165 -0.0188079 -0.0457264 0.00237744 -0.00942725 -0.0372308 -0.0607144 0.0342379 -0.0505801 0.0073394 -0.266464 -0.00543277 0.0311244 -0.0105152
internal_weight=35784.6 1194.68 34589.9 34568.2 302.932 285.348 282.652 23.17 259.482 107.27 105.31 66.1741 39.1358 29.4976 9.62323 7.70581 152.212 33.3307 11.0639 118.881 49.6375 14.4348 10.4887 17.5844 1.429 1.11459 0.157788 22.2668 9.63823 3.62502
internal_count=162372 5505 156867 156766 5984 3022 2992 238 2754 1146 1113 501 612 434 138 58 1608 364 124 1244 687 190 130 2962 250 225 60 240 178 54
is_linear=0
shrinkage=0.05


Tree=150
num_leaves=31
num_cat=0
split_feature=17 4 2 16 16 6 14 15 17 16 3 4 16 2 5 14 3 11 13 0 6 7 16 4 11 17 1 15 6 15
split_gain=4.90667 5.53392 9.6177 10.9986 5.67428 5.56937 7.27095 9.28209 5.44195 8.2381 12.1575 9.81061 8.97766 6.95405 6.77131 7.13525 7.29952 6.97906 5.81189 6.20728 5.52704 5.83168 7.15641 6.91211 5.94266 5.59877 6.08418 5.45471 14.5247 5.67994
threshold=12.500000000000002 2.5000000000000004 8.5000000000000018 1.0000000180025095e-35 14.500000000000002 3.5000000000000004 21.000000000000004 13.500000000000002 8.5000000000000018 18.500000000000004 1.5000000000000002 5.5000000000000009 23.500000000000004 5.5000000000000009 8.5000000000000018 17.000000000000004 1.5000000000000002 1.0000000180025095e-35 3.5000000000000004 2.5000000000000004 1.5000000000000002 2.5000000000000004 11.500000000000002 4.5000000000000009 1.5000000000000002 10.500000000000002 3.5000000000000004 8.5000000000000018 2.5000000000000004 20.500000000000004
decision_type=2 2 2 2 2 2 2 2 2 2 2 2 2 2 2 2 2 2 2 2 2 2 2 2 2 2 2 2 2 2
left_child=8 -2 5 -4 -5 -3 7 -7 -1 13 11 27 -13 20 15 16 17 18 -15 -20 21 22 -10 -23 -25 -26 -27 28 -11 -29
right_child=1 2 3 4 -6 6 -8 -9 9 10 -12 12 -14 14 -16 -17 -18 -19 19 -21 -22 23 -24 24 25 26 -28 29 -30 -31
leaf_value=1.0591767806213025e-06 -3.5992533042239773e-05 0.0023841580808340668 -0.14334679373869885 0.013706091030889191 0.047308198223741015 -0.039724487276352145 0.0010995296175760237 0.01191797998941653 -0.0018438357100682944 0.00092152009599308013 0.0082752205664422315 -0.04047001043169008 0.033193013892298721 0.022573353345243411 0.036348884461484751 -0.013298799929116412 0.013076762574248621 -0.040920610475466912 -0.00043457058951615443 -0.061390171512192893 -0.004364472496640852 -0.0066676767931203827 0.0020645683570935601 0.018591829206765515 -0.044466058900607584 -0.036958680745071991 0.049247136407706102 -0.0065972483840431905 0.042786308091419721 0.013108168252925424
leaf_weight=15173.046612575185 8189.1435251007788 3303.2782349071931 0.97483715927228232 34.031493995455094 19.91644921572879 30.770793681731448 68.892086015897803 12.131468300241975 3271.1038124028128 172.36309184134007 498.3496583312517 27.128892536275089 4.8803050406277171 15.512700729072092 8.2974239122122508 299.92874389397912 61.441825301153585 15.183504831045864 14.434973269701006 5.8768925294280043 1603.8677159904037 684.65918847033754 1824.45739767747 50.908458557911217 8.4307768179569411 3.5184342414140684 4.8933855192735791 325.24821676313877 23.548673942685127 41.201405793428421
leaf_count=66005 34395 18495 39 1512 1522 181 409 76 13748 707 2641 122 23 66 686 1887 512 66 59 28 6799 2850 7718 267 43 15 28 1333 99 169
internal_value=-0.00016919 0.000673092 0.00234652 0.0231035 0.0261113 0.0020127 -0.00896309 -0.0251216 -0.000576024 -0.0015527 0.00251553 -0.00231368 -0.0292389 -0.00211738 -0.00837184 -0.00927166 0.00146962 -0.0125118 -0.000471263 -0.018071 -0.00176429 -0.00105117 -0.000444438 -0.00516014 0.0100743 -0.0156707 0.0131896 -0.000781119 0.00595368 -0.00438169
internal_weight=35797.4 11659.1 3470 54.9228 53.9479 3415.07 111.794 42.9023 24138.3 8965.24 1092.72 594.371 32.0092 7872.52 420.676 412.379 112.45 51.0081 35.8246 20.3119 7451.84 5847.97 5095.56 752.41 67.7511 16.8426 8.41182 562.361 195.912 366.45
internal_count=162500 56629 22234 3073 3034 19161 666 257 105871 39866 5094 2453 145 34772 3304 2618 731 219 153 87 31468 24669 21466 3203 353 86 43 2308 806 1502
is_linear=0
shrinkage=0.05


Tree=151
num_leaves=31
num_cat=0
split_feature=2 9 17 10 8 17 15 8 10 2 16 7 3 6 15 14 1 16 14 14 16 5 17 8 2 13 2 10 15 13
split_gain=6.24486 5.43715 6.81015 6.55328 6.68523 5.96493 7.89354 5.87584 7.67983 5.65536 5.62408 10.0796 8.35054 5.72826 5.3898 5.22828 5.87332 5.62162 9.09344 8.71057 5.70502 7.01372 5.56346 7.29917 5.3001 5.5368 5.17804 5.17116 4.94725 7.74693
threshold=14.500000000000002 3.5000000000000004 18.500000000000004 4.5000000000000009 2.5000000000000004 19.500000000000004 19.500000000000004 3.5000000000000004 1.0000000180025095e-35 2.5000000000000004 5.5000000000000009 1.5000000000000002 1.0000000180025095e-35 1.5000000000000002 24.500000000000004 9.0000000000000018 4.5000000000000009 15.500000000000002 29.000000000000004 17.000000000000004 18.500000000000004 1.5000000000000002 25.500000000000004 1.0000000180025095e-35 2.5000000000000004 1.5000000000000002 4.5000000000000009 9.5000000000000018 3.5000000000000004 1.0000000180025095e-35
decision_type=2 2 2 2 2 2 2 2 2 2 2 2 2 2 2 2 2 2 2 2 2 2 2 2 2 2 2 2 2 2
left_child=1 2 27 7 10 9 -7 14 -9 -3 12 13 -5 -12 15 16 -4 18 -17 22 26 28 24 -24 25 -19 -21 -1 -22 -30
right_child=-2 5 3 4 -6 6 -8 8 -10 -11 11 -13 -14 -15 -16 17 -18 19 -20 20 21 -23 23 -25 -26 -27 -28 -29 29 -31
leaf_value=-2.1926036120455449e-06 0.032092207956179807 0.00018955426128810276 -0.0033692393830053111 0.060804350070908064 0.019801863695093978 -0.019900423619811723 0.02737115540517256 -0.00043610577387838336 -0.030423014658912746 -0.0076893629932044466 -0.029203305071128255 0.012281493784231804 -0.023141087937216944 -0.075788694768216341 -0.01440478082451788 0.0067098353611674977 0.015346384671066535 0.026103827890609124 0.00010133608910892528 0.015152285114166691 -0.0093060532354740169 -0.0028845689218816271 -0.078941543146587315 0.013393753806336048 0.018430161125560937 -0.015747883128071165 0.04306937836139331 -0.042908584038451908 -0.033271078430278891 0.023528733471680954
leaf_weight=31137.398852467537 15.263673232984727 761.03102397546172 424.60670144669712 4.9578773826360685 13.206435258267446 87.15296827070415 9.8267660555429739 75.416976340580732 29.783601024886593 325.02516781690065 27.049995124805719 12.064312125789 7.3609624155797064 8.7279369537718576 43.436562184942886 936.81797341851052 46.511207203730009 9.3780387714505178 1171.5067707600538 200.1916484371759 17.644720308482647 109.81454989325721 5.4298440921120328 3.5329007273539901 24.577099416288547 50.231386705301702 18.112606207723729 7.0239543542265883 6.4518621861934653 86.307112874463201
leaf_count=138780 1043 3198 1857 21 70 430 49 376 149 1766 133 64 42 42 212 4479 490 41 5631 908 76 847 30 19 223 217 327 30 27 359
internal_value=0.00011734 0.000103654 0.000218018 0.00236607 -0.0124119 -0.00322931 -0.0151105 0.00269868 -0.00892578 -0.00216838 -0.0194834 -0.0272408 0.0106438 -0.0405677 0.00308634 0.00333055 -0.00152154 0.00419642 0.00303777 0.008791 0.0117406 0.00606247 -0.00509501 -0.0425452 -0.00110796 -0.00916357 0.0174686 -1.18692e-05 0.0149618 0.019578
internal_weight=35675.8 35660.6 34477.5 3333.12 73.3675 1183.04 96.9797 3259.75 105.201 1086.06 60.1611 47.8422 12.3188 35.7779 3154.55 3111.11 471.118 2640 2108.32 531.672 438.522 220.218 93.1493 8.96274 84.1865 59.6094 218.304 31144.4 110.404 92.759
internal_count=161936 160893 155450 16640 372 5443 479 16268 525 4964 302 239 63 175 15743 15531 2347 13184 10110 3074 2544 1309 530 49 481 258 1235 138810 462 386
is_linear=0
shrinkage=0.05


Tree=152
num_leaves=31
num_cat=0
split_feature=10 4 17 2 15 16 2 16 16 0 14 6 13 11 17 11 17 14 13 16 14 2 3 8 8 11 17 7 8 15
split_gain=6.76333 5.83868 8.8414 11.2742 9.26799 7.67022 7.66166 6.40744 7.80109 7.45253 6.94382 6.79356 6.72714 9.20014 7.13752 6.18276 6.1558 8.2055 6.44383 6.12166 5.78307 8.82686 7.06545 5.73586 5.72202 5.62373 6.42442 5.44134 7.71341 7.07026
threshold=2.5000000000000004 2.5000000000000004 11.500000000000002 1.0000000180025095e-35 12.500000000000002 7.5000000000000009 8.5000000000000018 6.5000000000000009 11.500000000000002 8.5000000000000018 45.000000000000007 1.5000000000000002 3.5000000000000004 2.5000000000000004 8.5000000000000018 1.0000000180025095e-35 22.500000000000004 49.000000000000007 1.5000000000000002 4.5000000000000009 57.000000000000007 1.5000000000000002 1.0000000180025095e-35 6.5000000000000009 7.5000000000000009 2.5000000000000004 25.500000000000004 1.5000000000000002 1.0000000180025095e-35 2.5000000000000004
decision_type=2 2 2 2 2 2 2 2 2 2 2 2 2 2 2 2 2 2 2 2 2 2 2 2 2 2 2 2 2 2
left_child=1 5 7 4 16 19 27 9 10 -3 -9 -10 20 14 -14 24 -4 18 -18 23 -12 22 -22 -1 -8 26 -2 28 -5 -29
right_child=25 2 3 6 -6 -7 15 8 11 -11 12 -13 13 -15 -16 -17 17 -19 -20 -21 21 -23 -24 -25 -26 -27 -28 29 -30 -31
leaf_value=0.00022415724541663637 -0.0013777595279650375 0.0030018721768218779 -0.0029984747912426492 0.0117159742790813 0.0065055464451061812 0.00039888606967500279 0.019622630434762197 -0.0066274169645357209 0.0027331806176513927 0.038633966674273303 0.0010054161673382245 -0.0055640067319213098 0.01972002920220815 0.055542530941038962 -0.016127772135685278 0.059185057626391417 -0.057855977124374208 -0.076051040984832466 0.00098963956300486089 -0.0026511188130485855 -0.020625295248867397 0.0045354129092187567 -0.10668781222563686 -0.037383109016084069 -0.11799347736677093 -0.006196125218881938 0.022922005753802158 0.02234566585011051 0.003021315769053479 -0.0027991951357946008
leaf_weight=3499.2356139286421 3959.2354800634785 909.00538394064642 520.50564797129482 577.23114541557152 308.61120885238051 17278.128556582611 30.802179797261491 842.38252745487262 1202.2428550644545 14.915213981294071 126.59692607459147 310.3980207615532 41.906815653201193 12.052535305614581 20.766289735911414 11.414948383579029 6.0919674187898663 6.430807188153266 19.683979772031307 4649.5044473032467 4.8875617682933825 10.041451518423854 4.6571880131959915 10.168462216854094 0.77434424264356394 659.23801543796435 27.388218075037003 31.490406388416886 457.06184107204899 249.08820374053903
leaf_count=14905 18274 5102 2173 5149 1282 71589 2034 4214 6286 524 636 1690 210 58 105 844 25 27 85 19137 20 55 20 43 10 3113 137 250 2644 1916
internal_value=-0.000138571 0.000126804 0.00157034 0.0040392 -0.000435475 -0.000197748 0.00687759 4.8836e-06 -0.00127638 0.0035771 -0.00455825 0.00103058 0.00333201 0.0155357 0.00784211 0.0276484 -0.00431105 -0.025524 -0.0129181 -0.00146124 -0.00290627 -0.0281898 -0.0626179 0.000115191 0.0162479 -0.00191822 -0.00121082 0.00619846 0.00787374 2.29084e-05
internal_weight=35801.9 31156.1 5719.04 2219.19 861.324 25437 1357.86 3499.85 2575.93 923.921 1063.29 1512.64 220.909 74.7256 62.6731 42.9915 552.712 32.2068 25.7759 8158.91 146.183 19.5862 9.54475 3509.4 31.5765 4645.86 3986.62 1314.87 1034.29 280.579
internal_count=162557 141033 35359 16439 3592 105674 12847 18920 13294 5626 5318 7976 1104 373 315 2888 2310 137 110 34085 731 95 40 14948 2044 21524 18411 9959 7793 2166
is_linear=0
shrinkage=0.05


Tree=153
num_leaves=31
num_cat=0
split_feature=13 7 2 1 0 3 0 15 15 16 16 2 17 13 17 5 13 15 15 17 15 16 16 15 17 4 3 3 7 5
split_gain=4.09832 4.27884 6.88396 6.04713 9.37488 6.03514 6.33217 9.06867 6.51854 8.48954 7.16656 6.18799 8.71361 9.1943 5.2089 5.28212 7.71039 9.42348 8.47333 5.19334 5.11099 7.12075 5.01022 5.83372 7.19521 8.64286 7.75172 5.6027 5.0407 4.92064
threshold=5.5000000000000009 1.5000000000000002 15.500000000000002 6.5000000000000009 2.5000000000000004 5.5000000000000009 1.5000000000000002 20.500000000000004 8.5000000000000018 10.500000000000002 13.500000000000002 4.5000000000000009 8.5000000000000018 2.5000000000000004 21.500000000000004 5.5000000000000009 1.5000000000000002 10.500000000000002 15.500000000000002 23.500000000000004 5.5000000000000009 24.500000000000004 17.500000000000004 11.500000000000002 5.5000000000000009 4.5000000000000009 1.0000000180025095e-35 2.5000000000000004 2.5000000000000004 1.5000000000000002
decision_type=2 2 2 2 2 2 2 2 2 2 2 2 2 2 2 2 2 2 2 2 2 2 2 2 2 2 2 2 2 2
left_child=1 2 3 -1 -5 6 7 8 10 -10 -3 -9 13 -13 15 22 -17 -18 -19 -7 -12 -22 23 24 26 -26 29 28 -24 -11
right_child=-2 5 -4 4 -6 19 -8 11 9 14 20 12 -14 -15 -16 16 17 18 -20 -21 21 -23 27 -25 25 -27 -28 -29 -30 -31
leaf_value=0.00031442359965098521 -0.0017237058156038714 0.00019427099998971643 0.058233469776609516 -0.00028956631261758091 0.019265423084750228 -0.0078334384230314934 -0.0023422935269142801 0.011473484908782045 0.0013306335514064781 -0.028520346352595583 0.0028226720844557757 -0.027976409025460676 -0.034977555405792601 0.061379206341841019 -0.024849536728189126 0.041535001086522007 0.051903468795225033 -0.035003225863799566 0.019856511861128953 0.031728692682941713 0.015240863874069421 -0.045767783764589683 0.0063375289735575456 -0.0044570364364524637 -0.013126985941612129 0.03052007233294415 -0.050951745303091336 0.014680132738537827 -0.010082329401457236 0.023036323082983926
leaf_weight=25156.581937122741 3398.8703048385214 872.49302099086344 5.1449066001805468 142.35848940862343 107.62729659629986 387.62970746145584 2979.7710340151098 269.8417224176228 1070.4781067930162 12.206036284565927 220.59901181980968 5.2696692347526568 17.568902865052223 6.3452248089015484 32.35239664465189 14.847492646425961 6.7834666706621638 17.916856508702043 11.592824101448057 8.4766000362578762 200.38103321287781 4.8997579514980307 79.274752341210842 439.39295881986618 143.8163965344429 12.312996000051497 24.955131858587265 55.506640959531069 113.88987810909748 7.4543422907590857
leaf_count=109438 15298 3635 547 820 4455 3403 13598 1097 4363 49 935 22 75 27 134 67 30 77 50 122 819 20 321 1779 579 52 101 232 462 30
internal_value=-7.18917e-05 0.000101241 0.00040303 0.00039132 0.00812951 -0.000991822 -0.00063311 0.000765991 1.93935e-05 -0.00174131 0.00278957 0.00910807 -0.0127632 0.0208386 -0.00512343 -0.00444447 0.0111813 -0.0012363 -0.0134517 -0.00698682 0.00810653 0.0137847 -0.00534356 -0.00768331 -0.014745 -0.0096848 -0.032453 0.000679514 -0.00334362 -0.00897235
internal_weight=35826.6 32427.8 25411.7 25406.6 249.986 7016.06 6619.95 3640.18 3341.15 2042.78 1298.37 299.026 29.1838 11.6149 972.302 939.95 51.1406 36.2931 29.5097 396.106 425.88 205.281 888.809 640.138 200.745 156.129 44.6155 248.671 193.165 19.6604
internal_count=162637 147339 115260 114713 5275 32079 28554 14956 13735 8326 5409 1221 124 49 3963 3829 224 157 127 3525 1774 839 3605 2590 811 631 180 1015 783 79
is_linear=0
shrinkage=0.05


Tree=154
num_leaves=31
num_cat=0
split_feature=10 17 5 1 16 17 3 8 5 7 9 9 6 9 6 2 16 9 17 14 2 3 17 4 1 16 4 4 7 1
split_gain=8.95277 7.45024 6.10499 8.68477 6.08105 10.9841 6.97342 6.10906 6.03851 5.91499 5.49475 5.08555 7.197 5.04566 7.34426 5.19364 4.93873 5.22773 4.88152 6.79408 6.32984 6.31048 7.22058 7.47748 6.24578 5.45792 4.96999 4.94801 7.36051 9.38475
threshold=1.0000000180025095e-35 18.500000000000004 4.5000000000000009 10.500000000000002 1.5000000000000002 7.5000000000000009 2.5000000000000004 3.5000000000000004 1.0000000180025095e-35 8.5000000000000018 3.5000000000000004 1.5000000000000002 1.5000000000000002 5.5000000000000009 1.0000000180025095e-35 1.5000000000000002 7.5000000000000009 4.5000000000000009 10.500000000000002 45.000000000000007 7.5000000000000009 1.0000000180025095e-35 5.5000000000000009 7.5000000000000009 5.5000000000000009 23.500000000000004 6.5000000000000009 6.5000000000000009 1.5000000000000002 6.5000000000000009
decision_type=2 2 2 2 2 2 2 2 2 2 2 2 2 2 2 2 2 2 2 2 2 2 2 2 2 2 2 2 2 2
left_child=1 4 3 18 5 8 7 -7 -1 -6 -3 -10 -13 15 -15 -12 -17 -18 19 24 21 22 -21 26 -2 -23 -24 -26 29 -29
right_child=2 10 -4 -5 9 6 -8 -9 11 -11 13 12 -14 14 -16 16 17 -19 -20 20 -22 25 23 -25 27 -27 -28 28 -30 -31
leaf_value=0.0035149543449438225 -0.0013105771302153245 0.0035268705101861707 -0.0050741836514554368 -0.02969124120574191 1.9496623706683242e-05 -0.0055331804704557459 0.0086092912891793626 0.030818619455069935 0.013736974611049769 0.032418012118887334 -0.0041601114335106546 0.045980040081908417 -0.0071879373246499529 0.023713282796393884 -0.036838202929561054 -0.069071486171477195 -0.040398441855170532 0.012036614572748169 0.00051557351913816265 0.0074160405146730824 -0.037243992684639959 -0.0076795508738452456 -0.0056584286257636597 0.030707005094222174 0.010565197081024491 -0.044342380730175622 -0.043452505133784528 -0.12107054371594493 0.0054857900523485742 0.0016495470475200254
leaf_weight=114.45998250693083 3798.5498743383214 2391.5646886397153 965.22456056775991 26.101364406524226 22452.124414939317 313.71597321890295 157.91346635785885 11.999539557844399 131.24347072129603 14.096669924678279 34.965455360710621 29.639647525269538 8.1054846621118468 20.484218890778724 6.6280317623168221 7.1169121612329063 12.620841923984701 7.62548684910871 3933.3715080032125 177.08458057790995 15.279444830026476 585.84239933919162 301.02122254669666 13.921819165349005 173.6655998211354 10.330147601664065 8.9574206918477994 3.1747021498158601 12.703548548743127 3.0589312673546374
leaf_count=480 15795 12048 7249 210 99927 1372 1045 54 775 68 146 178 50 100 31 38 83 51 16958 718 84 2515 1213 59 803 45 37 31 89 43
internal_value=-2.6763e-05 0.000467413 -0.00129392 -0.000891316 0.000189297 0.00456703 -1.34707e-05 -0.00419396 0.0123824 3.98254e-05 0.00307182 0.0183886 0.0345626 -0.00909572 0.00891048 -0.0169282 -0.0332436 -0.0206495 -0.000808133 -0.00182832 -0.00528381 -0.00483872 -0.000702148 -0.00514057 -0.000865191 -0.00831482 -0.00675056 0.0079188 -0.0163503 -0.0608501
internal_weight=35742.6 25714.3 10028.3 9063.06 23233.3 767.078 483.629 325.716 283.449 22466.2 2481.01 168.989 37.7451 89.4409 27.1123 62.3287 27.3632 20.2463 9036.96 5103.59 1112.44 1097.16 500.985 323.9 3991.15 596.173 309.979 192.603 18.9372 6.23363
internal_count=162295 116446 45849 38600 103949 3954 2471 1426 1483 99995 12497 1003 228 449 131 318 172 134 38390 21432 4671 4587 2027 1309 16761 2560 1250 966 163 74
is_linear=0
shrinkage=0.05


Tree=155
num_leaves=31
num_cat=0
split_feature=9 3 10 14 4 17 6 14 1 1 3 0 9 11 3 16 14 15 17 14 0 11 17 13 4 15 11 17 10 10
split_gain=5.90346 6.2533 6.74969 7.33433 7.24481 5.96798 5.77789 5.74135 5.61621 5.33156 11.8113 9.89109 7.97974 8.34295 7.70011 6.70801 6.77048 6.73549 6.54277 8.53032 7.34535 6.00815 5.54991 5.46626 6.333 5.49995 6.21118 5.42919 5.18791 13.7144
threshold=1.5000000000000002 9.5000000000000018 4.5000000000000009 47.000000000000007 6.5000000000000009 20.500000000000004 1.0000000180025095e-35 45.000000000000007 1.5000000000000002 2.5000000000000004 2.5000000000000004 6.5000000000000009 1.0000000180025095e-35 6.5000000000000009 7.5000000000000009 12.500000000000002 3.0000000000000004 4.5000000000000009 8.5000000000000018 31.000000000000004 2.5000000000000004 5.5000000000000009 24.500000000000004 4.5000000000000009 7.5000000000000009 1.0000000180025095e-35 1.5000000000000002 12.500000000000002 2.5000000000000004 1.5000000000000002
decision_type=2 2 2 2 2 2 2 2 2 2 2 2 2 2 2 2 2 2 2 2 2 2 2 2 2 2 2 2 2 2
left_child=9 2 -2 5 -5 8 -3 28 -4 14 12 21 13 23 -1 16 -14 18 19 -18 -20 22 -12 25 -25 26 -11 -28 29 -8
right_child=1 6 3 4 -6 -7 7 -9 -10 10 11 -13 15 -15 -16 -17 17 -19 20 -21 -22 -23 -24 24 -26 -27 27 -29 -30 -31
leaf_value=-8.5393026396662363e-05 -0.0012385687497427286 0.016049960924396613 -0.023805786959110703 -0.01090144283500331 0.036054530087173006 -0.054247474380576602 -0.014565291506622328 0.028083475383375151 -0.0020529021017295672 0.017866824164210746 0.0043436458216127537 0.021255499085930152 0.028542865698864047 -0.032792765006843236 -0.015560636533403277 -0.014128730881713614 -0.02958965666742977 2.702208857528986e-05 -0.060870344022647654 0.047613965255672873 0.0031704559029372067 -0.031004944953156945 0.035275095936402302 -0.0011528092317496499 -0.027352856070039702 0.0016153742710365666 -0.035091970246699827 0.020335946140449073 0.067498289574381962 -0.15306144293149698
leaf_weight=19849.058661768213 7367.8164994242252 93.960055235598702 64.744327083230019 19.071953654289246 14.429637840948997 9.8924533228855562 21.300575368572034 8.17175471910741 54.775818986818194 95.655961369164288 1348.6592852860922 92.535327001358382 17.814178042113781 18.285455765202641 80.709423664724454 162.55476643377915 8.7175415456294996 211.37764422595501 14.639349535107614 6.0686560571193686 6.4504384454339734 11.900808941689318 14.659550243755801 1513.6228361967951 23.421485296450555 4506.4585453122854 11.439065266400577 7.1978166531771413 1.5779816625872616 1.9512163678882632
leaf_count=82215 32354 1440 267 79 81 46 352 143 268 469 9650 5625 76 83 507 691 39 881 62 28 32 94 150 6510 151 19580 60 40 47 26
internal_value=-4.54274e-05 -0.00127564 -0.00146116 -0.0115278 0.0093232 -0.0169256 0.00972855 -0.0082694 -0.0138365 0.000291007 0.00137514 0.00543218 0.000473414 0.00093076 -0.000148063 -0.00613195 -0.00122787 -0.0033728 -0.0234042 0.0020968 -0.0412831 0.00436747 0.00467625 0.0010309 -0.00155205 0.00189009 0.0127219 -0.013685 -0.0202335 -0.0261874
internal_weight=35658.9 7657.69 7530.73 162.914 33.5016 129.413 126.962 33.0015 119.52 28001.2 8071.46 1467.75 6603.7 6176.08 19929.8 427.623 265.068 247.254 35.876 14.7862 21.0898 1375.22 1363.32 6157.8 1537.04 4620.75 114.293 18.6369 24.8298 23.2518
internal_count=162046 35103 33095 741 160 581 2008 568 535 126943 44221 15519 28702 26893 82722 1809 1118 1042 161 67 94 9894 9800 26810 6661 20149 569 100 425 378
is_linear=0
shrinkage=0.05


Tree=156
num_leaves=31
num_cat=0
split_feature=16 0 11 3 5 8 9 16 9 4 1 15 1 1 15 4 11 15 9 4 16 0 0 14 17 14 1 14 15 4
split_gain=3.91334 5.75276 5.26072 5.6418 10.7768 6.05631 5.46609 6.26002 5.48637 5.20931 5.98172 8.87696 6.21611 4.96167 7.30881 6.33828 4.93692 4.84109 4.79538 4.79852 8.38674 8.03121 4.84945 4.36123 8.58263 4.22052 4.19853 9.72683 9.12849 8.14715
threshold=18.500000000000004 10.500000000000002 1.5000000000000002 6.5000000000000009 7.5000000000000009 4.5000000000000009 4.5000000000000009 1.0000000180025095e-35 7.5000000000000009 11.500000000000002 4.5000000000000009 4.5000000000000009 1.5000000000000002 2.5000000000000004 8.5000000000000018 12.500000000000002 6.5000000000000009 2.5000000000000004 9.5000000000000018 10.500000000000002 15.500000000000002 4.5000000000000009 1.0000000180025095e-35 29.000000000000004 15.500000000000002 33.000000000000007 2.5000000000000004 53.000000000000007 23.500000000000004 5.5000000000000009
decision_type=2 2 2 2 2 2 2 2 2 2 2 2 2 2 2 2 2 2 2 2 2 2 2 2 2 2 2 2 2 2
left_child=2 26 9 -4 5 6 7 -5 -8 18 11 12 -11 -13 -15 -16 -6 -9 19 -1 21 22 -21 -19 -25 -3 -2 -28 29 -29
right_child=1 25 3 4 16 -7 8 17 -10 10 -12 13 -14 14 15 -17 -18 23 -20 20 -22 -23 -24 24 -26 -27 27 28 -30 -31
leaf_value=0.00020701801450909228 0.00036529100464072672 0.0067243030515752467 -0.001126578520835807 0.062560306919494962 0.032110326715369668 -0.073518593445694627 -0.034510873302391033 -0.043909956686357929 0.010970809271363539 -0.10030529407304389 0.049561581464410642 0.028809720624719617 0.0061706143011542852 0.069191359754497708 0.01517090512408286 -0.072812920187475136 -0.048633916598097938 -0.015587000128991444 -0.046462571098666992 -0.014871395040463649 0.0440204801725676 0.031100270806369002 -0.062025422162927835 -0.0053126023231227504 0.048108978229167008 0.062800290467465159 0.0026165407745036961 0.027650939059947012 -0.053507910006423624 -0.030455146890843301
leaf_weight=24752.325955607987 2815.6634278022684 6.848749583354218 6610.4153473144397 3.1719381879083803 18.599306805175733 4.2226982465945175 39.81866815732792 8.9497748124413175 7.9553079158067694 2.9929414428770533 10.603620950772891 24.822963936720043 2.5290101589635015 2.1817417431157073 3.6877810435835254 4.6005012372042984 2.1076187603175631 50.720000961795449 5.5112764607183626 9.4157252460718244 4.4725672985077827 4.4896404468454412 12.953865347895769 36.57768397172913 9.4636518382467312 6.5785349076613784 1093.65345799434 79.08992043370381 4.0603786883875719 6.5307008998934171
leaf_count=109440 11829 411 28707 40 1105 27 186 92 37 14 1341 126 34 29 30 44 28 342 25 41 109 289 109 243 81 256 6344 393 21 121
internal_value=5.42929e-05 0.00152528 -0.000132294 -0.00136542 -0.0100601 -0.0144301 -0.0128373 -0.00665076 -0.0269373 0.000204872 0.0161032 0.00741074 -0.0515402 0.0166342 -0.0122322 -0.0336655 0.0238919 -0.00872749 0.000171895 0.000182265 -0.0193727 -0.0299288 -0.0421775 -0.00547335 0.00566804 0.0341981 0.00141557 0.00391465 0.019745 0.0232189
internal_weight=35645 4012.43 31632.6 6792 181.587 160.88 156.657 108.883 47.774 24840.6 51.4186 40.8149 5.52195 35.293 10.47 8.28828 20.7069 105.711 24789.2 24783.7 31.3318 26.8592 22.3696 96.7613 46.0413 13.4273 3999 1183.33 89.681 85.6206
internal_count=161894 19375 142519 30888 2181 1048 1021 798 223 111631 1618 277 48 229 103 74 1133 758 110013 109988 548 439 150 666 324 667 18708 6879 535 514
is_linear=0
shrinkage=0.05


Tree=157
num_leaves=31
num_cat=0
split_feature=1 9 2 8 16 0 4 4 17 15 17 11 3 4 16 7 14 2 2 7 16 13 15 17 15 2 4 16 15 15
split_gain=4.05746 6.8915 7.92206 9.68318 8.52386 8.27323 7.45082 7.1132 6.87068 7.83806 7.79039 9.31073 7.48205 6.79086 6.78402 9.37389 9.81339 8.82221 6.85284 6.65982 8.39588 7.69229 6.64203 6.80404 6.16991 6.11028 6.00534 5.9681 5.92435 5.91483
threshold=2.5000000000000004 1.0000000180025095e-35 1.0000000180025095e-35 1.0000000180025095e-35 14.500000000000002 1.0000000180025095e-35 9.5000000000000018 8.5000000000000018 2.5000000000000004 18.500000000000004 12.500000000000002 1.0000000180025095e-35 3.5000000000000004 4.5000000000000009 11.500000000000002 1.5000000000000002 27.000000000000004 3.5000000000000004 6.5000000000000009 3.5000000000000004 10.500000000000002 4.5000000000000009 12.500000000000002 16.500000000000004 2.5000000000000004 1.5000000000000002 1.5000000000000002 10.500000000000002 23.500000000000004 16.500000000000004
decision_type=2 2 2 2 2 2 2 2 2 2 2 2 2 2 2 2 2 2 2 2 2 2 2 2 2 2 2 2 2 2
left_child=-1 2 7 4 8 28 -3 13 9 -4 12 19 -10 -2 15 -13 24 -16 -19 22 -21 -22 26 -24 -17 -25 -12 -18 29 -6
right_child=1 6 3 -5 5 -7 -8 -9 10 -11 11 14 -14 -15 17 16 27 18 -20 20 21 -23 23 25 -26 -27 -28 -29 -30 -31
leaf_value=-0.00041042295150976412 -0.00083761200494396294 -0.0014895759705688045 0.019840639254019618 0.00048601003587281046 0.0047768997532799526 0.014113544259412403 0.030754112853415273 -0.025988695618279451 -0.0018070696458849659 -0.019618611911745742 0.013071134964882962 -0.012424459589433135 0.013717382786408284 0.0077050054648932749 -0.0096864444714920128 -0.021710913021801545 -0.013310862902180344 -0.097635448178326284 0.025827577692359806 0.044335215538902378 0.019421274521817036 -0.065408286663232104 0.028873571963408968 0.030016825751799148 0.039854493723206361 -0.0046777979300630136 -0.0034087281789631227 0.048677106846644162 0.048608074665013185 -0.016390767025952029
leaf_weight=25394.819490614114 2832.0695551857352 2916.2405820506392 101.99966628319817 2088.3949466461199 174.47027130424976 427.19464881508611 18.02731795195723 26.8380361571908 860.45444822870195 14.356234559323637 97.357892647385597 60.693591541028582 85.306349523831159 253.45970882289112 24.80202059540898 4.6540307253599158 29.375631419243291 5.6481185439042738 1.4031335417530497 30.119631359004416 10.260694561875424 3.6135440178913987 67.593214622989763 18.159052178263664 32.403910272056237 42.139738158322871 127.90598677628441 4.4743781418073914 6.6734774261713019 40.700324527919292
leaf_count=105514 11569 15142 720 11551 738 4399 1150 126 4087 64 444 607 1713 1091 133 29 192 65 92 168 61 20 462 91 183 385 1454 26 28 175
internal_value=-6.96763e-05 0.000761819 0.0015681 0.00294356 0.00520276 0.0100455 -0.00129148 -0.000358811 0.0032658 0.0149721 0.00236157 0.0070319 -0.000406785 -0.000135882 -0.00301222 0.0019992 0.0143451 -0.0237169 -0.0730675 0.0111658 0.0295105 -0.00267258 0.00888048 0.0179809 0.0321226 0.00577053 0.00371378 -0.00511714 0.00221192 0.000772956
internal_weight=35801.6 10406.8 7472.52 4360.15 2271.76 649.039 2934.27 3112.37 1622.72 116.356 1506.37 560.605 945.761 3085.53 163.455 131.602 70.908 31.8533 7.05125 397.15 43.9939 13.8742 353.156 127.892 37.0579 60.2988 225.264 33.85 221.844 215.171
internal_count=162479 56965 40673 27887 16336 5340 16292 12786 10996 784 10212 4412 5800 12660 1327 1037 430 290 157 3085 249 81 2836 938 212 476 1898 218 941 913
is_linear=0
shrinkage=0.05


Tree=158
num_leaves=31
num_cat=0
split_feature=14 14 0 0 0 9 16 2 11 8 8 5 10 3 4 9 9 2 6 0 17 2 4 7 2 13 13 16 17 8
split_gain=3.80964 4.96132 5.51841 5.15161 11.589 8.77844 6.36529 7.70522 6.03389 5.6274 4.92537 4.59795 6.17234 7.16309 7.14013 6.8129 8.45986 9.43523 8.32 7.23678 5.56249 5.12298 4.98743 9.03275 5.47763 4.49412 5.68853 6.19794 5.57938 5.53998
threshold=29.000000000000004 25.000000000000004 6.5000000000000009 1.0000000180025095e-35 1.5000000000000002 5.5000000000000009 8.5000000000000018 1.5000000000000002 5.5000000000000009 4.5000000000000009 3.5000000000000004 4.5000000000000009 1.0000000180025095e-35 3.5000000000000004 8.5000000000000018 3.5000000000000004 1.0000000180025095e-35 4.5000000000000009 1.0000000180025095e-35 7.5000000000000009 3.5000000000000004 3.5000000000000004 1.0000000180025095e-35 2.5000000000000004 1.5000000000000002 1.0000000180025095e-35 2.5000000000000004 22.500000000000004 6.5000000000000009 3.5000000000000004
decision_type=2 2 2 2 2 2 2 2 2 2 2 2 2 2 2 2 2 2 2 2 2 2 2 2 2 2 2 2 2 2
left_child=1 -1 3 6 9 8 7 -3 25 -5 11 -2 13 -13 -14 16 17 18 21 -20 -16 -15 24 -24 -17 -6 27 29 -28 -27
right_child=10 2 -4 4 5 -7 -8 -9 -10 -11 -12 12 14 15 20 22 -18 -19 19 -21 -22 -23 23 -25 -26 26 28 -29 -30 -31
leaf_value=5.3163227510568923e-05 -0.00075484348201824481 0.010204280938782714 -0.011374442376674832 0.015607960518259009 0.011118077274479039 -0.044574217449169923 -0.0026944579855818656 -0.0024628227510391371 -0.036817822051239818 -0.034622836019982332 -0.0051013777351575744 0.0020968348392083639 -0.0040392808921223457 0.011111204903875627 -0.084261543608709494 -0.042791107900894236 0.02567224466580861 0.035115804642603804 -0.051508855962824465 0.053701047900390243 0.033799772136256498 -0.043927826644824836 0.026987786960943994 -0.071813503562600786 0.0062308044902169317 -0.0034757025742167061 0.012806067400331068 0.033797526933877844 0.0020013309922714481 -0.040393810635387099
leaf_weight=15797.247195747797 15179.963760800194 278.67497301101685 70.692740325932391 249.75577217387035 161.85793900256976 9.7467778716236335 695.60039974749088 210.91277084499598 9.3908900916576368 5.7031269520521155 598.71646887587849 910.08326706755906 448.76581182517111 38.14076423086226 1.0563692935975293 13.129300311207773 103.49653350067092 18.185380308481399 13.053437034599481 1.8683994074817736 17.959674219775479 4.7549477596767238 16.353777181357149 2.6944596352986983 10.068210259079931 288.66489187907428 162.9442850057967 10.789715351071207 447.9300874019973 10.532540604472159
leaf_count=71642 64363 1125 882 1105 740 48 2822 864 41 25 2755 4348 2547 323 31 54 1329 1761 101 66 921 130 191 34 45 1326 718 59 2076 47
internal_value=-0.000114201 0.000386998 0.00240509 0.00278822 0.00489134 0.00266675 0.000379662 0.00474733 0.00308836 0.0144866 -0.000645168 -0.000486165 0.00206354 0.00406027 -0.00276768 0.0121186 0.0163703 0.0037035 -0.00617662 -0.0383353 0.0272413 0.00501018 -0.00594688 0.0130119 -0.0215146 0.00343449 0.00208396 -0.00343271 0.00488338 -0.00477532
internal_weight=35788.7 18410.4 2613.2 2542.5 1357.32 1101.86 1185.19 489.588 1092.11 255.459 17378.3 16779.6 1599.61 1131.83 467.782 221.745 179.499 76.0029 57.8175 14.9218 19.016 42.8957 42.2457 19.0482 23.1975 1082.72 920.862 309.987 610.874 299.197
internal_count=162519 83520 11878 10996 6185 5055 4811 1989 5007 1130 78999 76244 11881 8382 3499 4034 3710 2381 620 167 952 453 324 225 99 4966 4226 1432 2794 1373
is_linear=0
shrinkage=0.05


Tree=159
num_leaves=31
num_cat=0
split_feature=0 0 17 0 3 2 0 5 15 17 2 16 2 16 9 17 4 16 15 17 1 17 9 15 2 16 3 4 13 16
split_gain=4.47221 8.70208 10.0837 6.78966 7.16744 8.98355 9.17275 6.99981 6.06175 6.04173 5.8816 5.77985 5.60355 8.71223 7.27429 9.68902 9.38309 6.83565 6.09424 7.24999 5.98364 7.29119 6.39934 5.59008 5.3646 5.2732 6.17897 5.41641 7.23184 5.21786
threshold=1.0000000180025095e-35 1.5000000000000002 17.500000000000004 2.5000000000000004 8.5000000000000018 1.5000000000000002 6.5000000000000009 3.5000000000000004 25.500000000000004 20.500000000000004 11.500000000000002 16.500000000000004 5.5000000000000009 10.500000000000002 2.5000000000000004 8.5000000000000018 3.5000000000000004 4.5000000000000009 23.500000000000004 17.500000000000004 3.5000000000000004 5.5000000000000009 3.5000000000000004 5.5000000000000009 3.5000000000000004 18.500000000000004 1.5000000000000002 1.0000000180025095e-35 1.5000000000000002 23.500000000000004
decision_type=2 2 2 2 2 2 2 2 2 2 2 2 2 2 2 2 2 2 2 2 2 2 2 2 2 2 2 2 2 2
left_child=10 2 8 12 9 6 7 -6 -2 -5 -1 -12 17 14 16 -16 -14 24 -19 -20 22 -22 29 -18 -3 -4 -27 -28 -29 -15
right_child=1 3 25 4 5 -7 -8 -9 -10 -11 11 -13 13 20 15 -17 23 18 19 -21 21 -23 -24 -25 -26 26 27 28 -30 -31
leaf_value=-0.00043799792114416439 0.0016474849556281359 0.0021034948516067782 0.0080732935100522388 0.0004872772321405862 0.012038197803021636 0.022393403213389836 -0.070066070890817761 -0.037423351391047285 0.022608254969379866 0.0058902390894139053 -0.038094176066503865 0.024536665611540675 -0.018535601738903531 -0.0038081576499701553 -0.0021677836983967319 -0.077548023861944981 0.044861710790308026 -0.0012294832116983405 -0.015840154815344256 0.020191324403092056 -0.043186484800928043 0.030182162931679659 0.055968583728478752 -0.0021207615273074317 0.015562521495335059 0.045533166330020559 0.039150986606529069 -0.073003077080788834 0.0088410938700030986 -0.050916313890351721
leaf_weight=16104.719903660938 2987.7058265199885 661.47584972344339 396.28565100254491 9703.0395189680276 37.618640817701817 84.237848563760053 4.7859305748715988 8.8325136052444559 34.895249303430319 546.55798529530875 18.552999665960673 4.5962356850504866 113.97957160696387 108.01516923122108 7.2922904044389751 10.26156605966389 9.4993183007463831 4583.8378713470884 124.66940504033118 15.721421908587216 3.884266126900914 26.410257995128632 4.2704795543104401 18.9836122430861 83.368451370857656 21.501248639076948 9.5966467857360858 3.4052539039403227 13.014952687546609 6.2164464443922034
leaf_count=65327 13054 2819 1798 48475 177 5012 48 61 149 3245 81 21 512 516 43 61 98 19237 519 69 24 230 25 150 429 94 42 22 76 31
internal_value=0.000142699 0.000649555 0.00292282 0.000162018 0.000926405 0.0123518 -0.0041574 0.00263327 0.00188947 0.000775389 -0.000474199 -0.0256589 -0.00121188 -0.00776467 -0.0158631 -0.0462333 -0.012121 -0.000841873 -0.00154376 -0.0118052 0.000944418 0.0207751 -0.0041252 0.0135483 0.00360993 0.00996058 0.0256999 0.00930899 -0.00813191 -0.00637177
internal_weight=35757.2 19629.4 3466.4 16163 10385.1 135.475 51.2371 46.4512 3022.6 10249.6 16127.9 23.1492 5777.89 308.813 160.016 17.5539 142.463 5469.07 4724.23 140.391 148.797 30.2945 118.502 28.4829 744.844 443.804 47.5181 26.0169 16.4202 114.232
internal_count=162445 97016 15235 81781 57018 5298 286 238 13203 51720 65429 102 24763 1690 864 104 760 23073 19825 588 826 254 572 248 3248 2032 234 140 98 547
is_linear=0
shrinkage=0.05


Tree=160
num_leaves=31
num_cat=0
split_feature=9 5 0 11 14 8 5 15 6 6 14 7 14 0 4 15 0 8 14 14 5 2 13 13 4 1 11 15 1 5
split_gain=3.90416 5.21629 6.07089 5.38028 6.02098 5.58246 6.82468 6.19187 5.42666 5.35991 10.9957 9.6539 9.26259 7.03814 6.84013 6.73622 6.66873 5.60437 5.72735 5.41648 5.10848 5.77598 5.75996 5.07759 5.91242 5.07381 6.36769 5.09332 5.07811 4.62355
threshold=1.0000000180025095e-35 2.5000000000000004 14.500000000000002 5.5000000000000009 39.000000000000007 1.0000000180025095e-35 8.5000000000000018 13.500000000000002 2.5000000000000004 2.5000000000000004 17.000000000000004 5.5000000000000009 31.000000000000004 7.5000000000000009 1.5000000000000002 25.500000000000004 11.500000000000002 1.5000000000000002 35.000000000000007 9.0000000000000018 3.5000000000000004 3.5000000000000004 3.5000000000000004 3.5000000000000004 1.5000000000000002 4.5000000000000009 1.0000000180025095e-35 5.5000000000000009 2.5000000000000004 1.5000000000000002
decision_type=2 2 2 2 2 2 2 2 2 2 2 2 2 2 2 2 2 2 2 2 2 2 2 2 2 2 2 2 2 2
left_child=1 -1 3 9 5 7 23 -5 -6 13 19 15 -13 -3 16 17 -15 -12 -19 25 21 -21 -23 24 -7 27 -27 28 -11 -2
right_child=29 2 -4 4 8 6 -8 -9 -10 10 11 12 -14 14 -16 -17 -18 18 -20 20 -22 22 -24 -25 -26 26 -28 -29 -30 -31
leaf_value=-7.1728512109128475e-05 0.00017981254799935846 0.0020885576448997226 0.058295203638317097 0.0027261594033125567 0.00043053164889080123 -0.00081444265775715513 0.0056007302144827249 -0.02097303780161848 0.038781081614175303 -0.034114041273599953 -0.0025904282549483546 -0.0050876580182061849 -0.11248535936173745 0.010018318062269951 0.031512098986362973 0.052155748621413811 -0.062229048024311763 -0.024935432147336928 -0.0048212103072897148 0.010345103680866831 0.024141031489187014 0.0042870910990336665 -0.075107474516047462 -0.059914705621529667 -0.056929278173611257 -0.0077851154566243213 0.055004525723556519 0.0018030908016722553 0.019459539016405833 -0.0019809275344407087
leaf_weight=18324.386069394415 5562.978549098596 6148.4697771206265 4.7020054015447377 79.777966216672212 73.518248923122883 12.990734279155733 12.756970317568628 42.108137387898751 10.547604495892299 20.696245171129707 521.54968866769923 3.9484411212615651 4.0843528984114528 15.974194068461658 39.292759171396028 5.1959015405736855 3.9922849815338841 63.656918403226882 79.700850376626477 53.77290627732873 64.062523233238608 4.9226013673469406 4.2625487362965941 14.372543305158613 7.3498880118131629 7.370288981706838 8.9302416129503381 110.82801686320454 5.6255470160394898 4461.2126464490429
leaf_count=75968 22932 30620 706 368 341 54 70 190 48 97 2881 23 25 109 2821 25 22 369 444 227 409 26 19 63 31 117 86 504 37 22936
internal_value=5.53496e-05 0.000381262 0.00149929 0.0014633 -0.00569655 -0.0111264 -0.0256726 -0.00546123 0.00524231 0.00171649 -0.00176324 -0.00520711 -0.0596951 0.00225384 0.0194028 -0.00455394 -0.0044275 -0.00499709 -0.0137528 0.0065635 0.0142007 0.00408591 -0.0325575 -0.0371655 -0.021091 0.000241747 0.0266142 -0.00289267 -0.0226642 -0.000781813
internal_weight=35773 25748.8 7424.46 7419.76 253.422 169.356 47.4701 121.886 84.0659 7166.34 958.607 678.136 8.03279 6207.73 59.2592 670.103 19.9665 664.907 143.358 280.471 127.021 62.9581 9.18515 34.7132 20.3406 153.45 16.3005 137.15 26.3218 10024.2
internal_count=162568 116700 40732 40026 1165 776 218 558 389 38861 5289 3767 48 33572 2952 3719 131 3694 813 1522 681 272 45 148 85 841 203 638 134 45868
is_linear=0
shrinkage=0.05


Tree=161
num_leaves=31
num_cat=0
split_feature=0 17 1 0 7 10 4 15 2 8 2 6 3 10 4 17 17 17 15 0 7 11 9 1 6 2 13 5 15 0
split_gain=4.7955 8.10364 10.1381 7.38617 6.75855 5.78772 5.74823 7.08216 5.71763 5.56835 7.12176 12.7725 8.32762 7.81415 8.80792 7.68781 6.61367 5.93103 9.03841 5.54392 5.44356 7.18119 9.30588 5.2268 5.1115 6.38073 5.06988 5.00051 9.01066 7.13635
threshold=2.5000000000000004 22.500000000000004 1.0000000180025095e-35 1.5000000000000002 5.5000000000000009 1.0000000180025095e-35 1.5000000000000002 18.500000000000004 13.500000000000002 1.0000000180025095e-35 3.5000000000000004 1.5000000000000002 2.5000000000000004 1.5000000000000002 2.5000000000000004 11.500000000000002 17.500000000000004 1.0000000180025095e-35 3.5000000000000004 1.0000000180025095e-35 1.0000000180025095e-35 1.0000000180025095e-35 1.0000000180025095e-35 11.500000000000002 2.5000000000000004 2.5000000000000004 1.0000000180025095e-35 4.5000000000000009 13.500000000000002 5.5000000000000009
decision_type=2 2 2 2 2 2 2 2 2 2 2 2 2 2 2 2 2 2 2 2 2 2 2 2 2 2 2 2 2 2
left_child=3 8 6 19 5 -4 -3 -8 9 10 17 -12 15 14 27 -13 -17 18 -2 23 21 -15 -23 -1 -20 -26 -7 29 -29 -14
right_child=1 2 4 -5 -6 26 7 -9 -10 -11 11 12 13 20 -16 16 -18 -19 24 -21 -22 22 -24 -25 25 -27 -28 28 -30 -31
leaf_value=-0.00020495173598997302 0.041790191885378261 -0.011915182422177041 0.02459669107038134 -0.0018737031251931933 -0.053861476396994339 0.046713061649580973 0.0037933948220510386 0.062000778612397028 0.038817520520526311 -0.0011902409717105796 0.014039274186125701 -0.017328299099437797 -0.0021243416533222501 -0.0085116868460327778 0.040253086690178713 0.015674862884518467 -0.021247804377473326 0.00078817765648950115 0.014929261141546879 0.0019686872182566248 0.029770746332130445 0.0099906688986901946 -0.13219837734041884 -0.025374766289617587 -0.018941038157248697 0.044640164802591968 -0.002433044112301469 -0.07460548427904011 0.047459198968268654 0.042062023029561912
leaf_weight=16038.483618956059 21.292382308281958 64.95140765607357 116.63482148584444 5833.7488779418636 3.2805190576473242 6.0149921298725522 46.058759462088346 5.8945440836250773 9.8436733236303535 2824.3387802971411 292.4757147320197 95.256810144055635 30.178156919777393 10.912746367743241 27.315732919611037 43.811071548610926 16.770868610590696 6574.0825402007904 53.796901537105441 3461.9867127398029 4.7488991034915662 1.7998157304245967 3.1906294104410335 20.652606674470007 28.332176074385643 4.5844618268311015 41.131060313782655 4.6210143864154807 2.2470577736385167 13.106254907324908
leaf_count=65065 127 267 1037 24982 28 61 198 26 1247 15084 5958 484 146 200 1110 235 94 29326 262 15255 125 44 40 93 121 23 343 56 28 100
internal_value=5.7565e-05 0.000964704 0.00929449 -0.000312615 0.0171975 0.0186208 -0.00199926 0.0103975 0.00072964 0.000692345 0.00142791 0.00691606 -0.0012875 0.0101231 0.0174084 -0.0084719 0.00545358 0.000979112 0.0126009 0.000153905 -0.0172051 -0.0312328 -0.0809176 -0.000237321 0.0054335 -0.0100858 0.00383712 0.004966 -0.034669 0.011255
internal_weight=35701.5 10346.7 283.966 25354.9 167.061 163.781 116.905 51.9533 10062.7 10052.9 7228.52 546.435 253.959 98.1203 77.4682 155.839 60.5819 6682.09 108.006 19521.1 20.6521 15.9032 4.99045 16059.1 86.7135 32.9166 47.1461 50.1525 6.86807 43.2844
internal_count=162165 56770 1960 105395 1469 1441 491 224 54810 53563 38479 8620 2662 1849 1440 813 329 29859 533 80413 409 284 84 65158 406 144 404 330 84 246
is_linear=0
shrinkage=0.05


Tree=162
num_leaves=31
num_cat=0
split_feature=15 3 9 1 3 13 0 2 6 7 14 13 2 13 1 17 16 16 14 6 15 17 1 17 14 6 3 17 2 7
split_gain=3.48124 8.65489 6.81326 6.02543 5.67512 7.45341 9.24716 5.89011 6.54075 5.87702 6.46332 8.28358 8.16428 7.19292 6.99113 7.24376 12.5849 6.62673 6.7183 6.10518 5.8748 9.03044 8.38059 8.05852 5.68072 5.61223 5.53643 6.39052 7.85698 5.81089
threshold=11.500000000000002 7.5000000000000009 1.0000000180025095e-35 8.5000000000000018 8.5000000000000018 5.5000000000000009 3.5000000000000004 1.5000000000000002 6.5000000000000009 1.5000000000000002 35.000000000000007 1.5000000000000002 2.5000000000000004 3.5000000000000004 1.0000000180025095e-35 1.5000000000000002 9.5000000000000018 9.5000000000000018 3.0000000000000004 4.5000000000000009 23.500000000000004 4.5000000000000009 4.5000000000000009 5.5000000000000009 55.000000000000007 1.0000000180025095e-35 4.5000000000000009 20.500000000000004 3.5000000000000004 1.0000000180025095e-35
decision_type=2 2 2 2 2 2 2 2 2 2 2 2 2 2 2 2 2 2 2 2 2 2 2 2 2 2 2 2 2 2
left_child=1 2 -1 25 7 6 -6 8 -2 10 11 -9 14 20 15 16 -12 -13 -19 -16 22 -22 23 -14 -17 -3 27 29 -29 -15
right_child=4 3 -4 -5 5 -7 -8 9 -10 -11 12 17 13 26 19 24 -18 18 -20 -21 21 -23 -24 -25 -26 -27 -28 28 -30 -31
leaf_value=8.4843569341844097e-05 0.0016301100153831615 0.01073404806083781 -0.002074159163329425 0.045322168263152052 -0.012126799324462645 -0.042480247297096381 0.018664846341671797 0.0059892387554984225 -0.025781131985815987 -0.0029835181917107177 -0.027556288771899397 -0.0022312488618410876 0.0078748715912303723 0.0033194849568731971 -0.001080891072922174 -0.012671068731233307 0.07522655716836453 0.011995467170887161 0.0014503078594344178 0.045777034041682763 -0.061045734615642028 -0.0085413663100773682 0.021231960506251001 -0.0043938398085500265 0.0023554829595392682 -0.0047149155364847014 0.022413877726131574 0.006694719979289593 -0.063245531762919069 0.024583228771554333
leaf_weight=13590.255510303192 9205.6191723933443 220.66165683465078 4998.0566017284291 10.403668249084147 110.09715097397566 14.906242621596901 31.318788655742537 862.33185784518719 21.814151786267757 1623.8547389459563 5.4203176945447904 1298.7448173218872 167.91393619566225 358.06787898670882 334.02490080241114 409.08420093357563 6.6100344210863113 170.30520457495004 1335.2312359964708 7.0991466492414466 9.6907084584236127 52.865978654823266 41.083176788990386 659.64080150844529 74.323325537145138 80.135094852768816 45.146264034789056 8.353581905364992 7.7324691666290155 35.296585900709033
leaf_count=60770 37623 2356 21911 1657 581 259 1910 3972 93 7508 22 5739 712 1564 1462 1654 27 814 6316 35 42 263 506 2944 300 932 387 35 39 158
internal_value=0.000108994 -0.000357228 -0.000495673 0.0079122 0.000630483 -0.00885214 -0.0053075 0.000719033 0.00156531 -0.000320384 0.000413963 0.00170355 -0.00171371 0.000640923 -0.00561423 -0.00940699 0.0289174 0.000385683 0.00264317 -0.000105729 -0.00187598 -0.0166749 -0.00081021 -0.00190447 -0.0103608 0.0066183 0.00579654 0.0039643 -0.0269251 0.00522748
internal_weight=35796.1 18899.5 18588.3 311.2 16896.6 156.322 141.416 16740.3 9227.43 7512.82 5888.97 3666.61 2222.35 1385.79 836.562 495.438 12.0304 2804.28 1505.54 341.124 931.195 62.5567 868.638 827.555 483.408 300.797 454.597 409.451 16.0861 393.364
internal_count=162591 87626 82681 4945 74965 2750 2491 72215 37716 34499 26991 16841 10150 6650 3500 2003 49 12869 7130 1497 4467 305 4162 3656 1954 3288 2183 1796 74 1722
is_linear=0
shrinkage=0.05


Tree=163
num_leaves=31
num_cat=0
split_feature=6 13 0 3 2 13 15 2 14 6 0 14 15 17 14 2 14 7 3 15 7 4 17 14 10 5 7 17 14 17
split_gain=5.5922 5.49232 5.38739 7.53424 7.90019 7.40332 10.1184 8.02688 9.91085 6.57955 6.11712 5.34453 6.71239 5.26606 7.50676 6.2469 5.30415 5.15919 5.08677 5.32366 5.04143 5.24605 5.02741 5.93151 11.1305 5.84981 7.55395 7.32611 4.83686 5.16425
threshold=1.5000000000000002 5.5000000000000009 5.5000000000000009 2.5000000000000004 1.5000000000000002 2.5000000000000004 8.5000000000000018 3.5000000000000004 7.0000000000000009 1.0000000180025095e-35 10.500000000000002 29.000000000000004 2.5000000000000004 15.500000000000002 21.000000000000004 1.0000000180025095e-35 25.000000000000004 3.5000000000000004 3.5000000000000004 18.500000000000004 2.5000000000000004 4.5000000000000009 3.5000000000000004 9.0000000000000018 5.5000000000000009 4.5000000000000009 1.5000000000000002 2.5000000000000004 9.0000000000000018 19.500000000000004
decision_type=2 2 2 2 2 2 2 2 2 2 2 2 2 2 2 2 2 2 2 2 2 2 2 2 2 2 2 2 2 2
left_child=2 -2 -1 5 10 28 7 13 -9 -10 -5 -3 -13 16 -15 -16 -7 18 20 -20 21 -14 25 24 -24 26 27 -6 -4 -30
right_child=1 11 3 4 22 6 -8 8 9 -11 -12 12 17 14 15 -17 -18 -19 19 -21 -22 -23 23 -25 -26 -27 -28 -29 29 -31
leaf_value=0.00022099440705367762 -0.00077705523293338213 -0.0034278428358202415 0.032927545784073094 0.0032079109253578073 0.023518005110119432 0.0086054432501564537 -0.016013928429779455 -0.12347131395904437 0.016163543236722134 -0.063691458440283066 -0.058978394416912085 0.028316134517724825 -0.019342099033538996 0.040536959825379457 -0.082792897052624062 -6.2615742466471113e-05 0.046054538114274762 -0.064271365698634744 0.027013834725874094 -0.044606462027995862 0.019781184838969044 -0.060523961898364592 0.0042497842143325894 0.028088294809766164 -0.23449509284478443 0.054028531776309299 -0.11276614899045759 -0.072834496670201018 0.0024684598670874909 0.040874943945136549
leaf_weight=27521.262061138987 6938.2933262162842 595.10607989388518 18.162970008328557 73.424399061128497 6.5122349937446398 18.521733704954386 107.38680295506492 2.1376755149103692 8.896898437291382 3.6327121262438586 4.1796681275591245 8.3457081224769336 75.97215061634779 5.2101301550865164 3.8907075375318509 5.5178620480000973 19.315974425524473 5.7551666647195807 11.768392347032202 3.3284979222808024 7.2971349433064452 8.6095859110355359 19.443681024946276 101.22375591471791 0.50075934058986504 2.9940952631877726 1.998832850717007 2.8302009161561728 117.18780032917857 9.4591173632070404
leaf_count=118507 31845 2707 103 437 75 90 556 22 92 26 29 38 313 26 17 33 101 24 92 18 32 40 979 5137 12 177 25 30 631 55
internal_value=-9.47531e-06 -0.00120736 0.000317369 0.00529896 0.0125797 0.000439976 -0.00649521 0.00873315 -0.0239655 -0.00698883 -0.000141374 -0.0053761 -0.014952 0.017876 -0.00761118 -0.0342739 0.027723 -0.0181552 -0.0156742 0.0112233 -0.0200939 -0.023534 0.0198651 0.0231778 -0.00174455 -0.00813482 -0.0245459 -0.00567106 0.00879758 0.005337
internal_weight=35708.2 7654.48 28053.7 532.428 213.108 319.32 174.51 67.1237 14.6673 12.5296 77.6041 716.183 121.077 52.4564 14.6187 9.40857 37.8377 112.731 106.976 15.0969 91.8789 84.5817 135.504 121.168 19.9444 14.3354 11.3413 9.34244 144.81 126.647
internal_count=162269 35109 127160 8653 6901 1752 963 407 140 118 466 3264 557 267 76 50 191 519 495 110 385 353 6435 6128 991 307 130 105 789 686
is_linear=0
shrinkage=0.05


Tree=164
num_leaves=31
num_cat=0
split_feature=17 1 16 15 7 0 15 5 7 17 3 2 15 2 16 3 9 3 16 16 2 13 15 4 15 0 3 9 1 2
split_gain=4.60053 8.69133 11.5934 8.80339 6.28644 9.92729 5.79321 5.49009 7.77142 5.37275 13.8132 8.99465 5.96341 5.85239 6.31176 10.1163 6.99812 8.66399 5.80807 5.18834 5.18193 5.91703 6.47917 5.17807 5.06596 8.10804 5.03462 9.7224 5.00902 7.73738
threshold=5.5000000000000009 1.5000000000000002 4.5000000000000009 9.5000000000000018 1.0000000180025095e-35 4.5000000000000009 10.500000000000002 1.5000000000000002 1.5000000000000002 4.5000000000000009 4.5000000000000009 2.5000000000000004 24.500000000000004 1.5000000000000002 1.5000000000000002 1.0000000180025095e-35 1.5000000000000002 1.5000000000000002 2.5000000000000004 3.5000000000000004 1.0000000180025095e-35 2.5000000000000004 17.500000000000004 1.0000000180025095e-35 1.0000000180025095e-35 1.5000000000000002 4.5000000000000009 2.5000000000000004 2.5000000000000004 1.5000000000000002
decision_type=2 2 2 2 2 2 2 2 2 2 2 2 2 2 2 2 2 2 2 2 2 2 2 2 2 2 2 2 2 2
left_child=1 -1 3 4 23 7 -5 8 -6 10 12 18 13 14 15 -8 17 19 -12 -16 -11 22 -22 -3 25 -25 -9 -28 29 -4
right_child=-2 2 28 6 5 -7 9 26 -10 20 11 -13 -14 -15 16 -17 -18 -19 -20 -21 21 -23 -24 24 -26 -27 27 -29 -30 -31
leaf_value=0.0027118107414014388 -0.00024358760131411002 0.0045516073006933852 -0.00078350615200046918 -0.023986741907180229 -0.047563258723821694 0.041960524868307349 -0.043220522219337733 0.017445093588240628 -0.0020064403114366937 -0.025731941828980639 -0.094963597372722641 0.020332422239986742 0.061432814278541074 -0.0011349676644472027 0.046369372694345219 0.029400055622592621 0.068292356564260595 -0.013171848978322144 -0.026374133705709974 0.0091167162192413338 0.044670655225873671 -0.01560468768608856 -0.017997131812387792 -0.075586140349053921 0.030283134213913484 0.022647061666942518 0.033897731240964561 -0.07621613626494983 -0.00039184069248122651 -0.0094221600523045693
leaf_weight=4064.5427042497322 28267.071873890469 38.028529543429613 565.80827170610428 23.616955290664919 11.531538091599939 15.794659941107964 9.5059342235326785 46.963670220226049 49.73949745669961 29.47733810544014 5.8158684177324194 5.098941615317016 5.7086896598339072 70.842691943980753 23.923184126615524 9.6780164986848813 8.5281915515661222 14.713097855448721 6.5765621736645699 15.339715316891668 11.897064393153416 21.955675296601839 6.3131432291120282 3.0332043096423131 85.550013944157399 6.831792532466352 3.7275931788608414 4.3368692751973867 1809.1058986170683 478.33626222703606
leaf_count=16747 129735 169 2316 117 50 178 39 244 219 122 26 51 24 311 97 41 35 61 28 62 60 110 32 16 749 59 50 33 8508 2075
internal_value=4.77706e-05 0.00115291 -0.00071741 0.00604033 0.0124986 0.00476615 -0.000335009 -0.000285245 -0.0105805 0.00194144 0.00659912 -0.0355646 0.0112598 0.00938198 0.0185026 -0.00658453 0.0262024 0.0195522 -0.0585637 0.031815 -0.00981128 0.00187273 0.0229449 0.0201528 0.0263708 -0.00755684 0.011178 -0.0253188 -0.00198341 -0.00474099
internal_weight=35719.4 7452.32 3387.78 534.528 265.537 132.094 268.991 116.299 61.271 245.374 175.731 17.4914 158.24 152.531 81.6881 19.184 62.5042 53.976 12.3924 39.2629 69.6432 40.1659 18.2102 133.444 95.415 9.865 55.0281 8.06446 2853.25 1044.14
internal_count=162364 32629 15882 2983 1767 774 1216 596 269 1099 775 105 670 646 335 80 255 220 54 159 324 202 92 993 824 75 327 83 12899 4391
is_linear=0
shrinkage=0.05


Tree=165
num_leaves=31
num_cat=0
split_feature=5 17 15 17 7 3 3 6 5 0 10 5 5 15 15 15 17 14 16 16 16 16 1 13 6 17 14 14 1 17
split_gain=3.58051 4.5451 4.3642 3.09932 2.98088 2.94803 6.35349 5.85883 5.7519 13.0043 7.27832 7.55558 5.67877 8.9404 7.3975 7.70184 6.83052 6.60625 6.51445 6.5651 6.50773 6.42475 5.22259 5.22032 7.41721 5.06822 9.49419 6.16325 7.88766 5.48574
threshold=13.500000000000002 16.500000000000004 3.5000000000000004 35.500000000000007 9.5000000000000018 1.0000000180025095e-35 1.5000000000000002 4.5000000000000009 6.5000000000000009 1.0000000180025095e-35 5.5000000000000009 7.5000000000000009 7.5000000000000009 4.5000000000000009 15.500000000000002 11.500000000000002 14.500000000000002 7.0000000000000009 15.500000000000002 8.5000000000000018 15.500000000000002 9.5000000000000018 2.5000000000000004 2.5000000000000004 1.0000000180025095e-35 6.5000000000000009 53.000000000000007 53.000000000000007 4.5000000000000009 15.500000000000002
decision_type=2 2 2 2 2 2 2 2 2 2 2 2 2 2 2 2 2 2 2 2 2 2 2 2 2 2 2 2 2 2
left_child=3 2 -2 4 5 12 7 25 -8 -10 -11 -12 -1 16 15 18 21 -17 19 23 -16 -14 -19 -15 -25 26 -7 -27 -29 -30
right_child=1 -3 -4 -5 -6 6 8 -9 9 10 11 -13 13 14 20 17 -18 22 -20 -21 -22 -23 -24 24 -26 27 -28 28 29 -31
leaf_value=-0.00042975166490053516 -0.079323281769075576 0.066463548800545627 0.015908422401408804 -0.037021155844813677 0.031344103162033093 -0.0021094155389706328 -0.00020474389675208864 -0.012372340156188731 -0.0062460549504286204 0.011558793402137522 -0.1378873908016979 0.022964121411287772 0.027057010395948856 0.0045898834921672916 -0.0074157024610333596 0.0094662097422291841 0.055681473009222451 -0.033202865462804459 -0.040284331329473316 0.011975856440639284 0.033654332669172053 -0.03333325652034979 -0.075513833370610614 -0.059203953012092997 0.0093410978073597637 0.0046625305493848343 0.014830471398235665 -0.00029874635236856381 -0.039708572752192063 0.0087648529605621143
leaf_weight=15886.400584327057 1.2967469042050712 4.2624491582973851 16.648959345649928 5.6621563667431465 7.5711871227249494 858.117919921875 15682.855967328767 66.451196873560548 165.55279368069023 334.04093029315118 1.6600872201379382 1.30314230103977 10.143104825168853 12.384033434093 41.25032114982605 6.1059685945510855 8.3074378147721273 22.127919301390648 15.356447268277405 31.806605435907841 12.589020827785133 7.7839587181806555 10.878820088692008 12.451869785785677 5.7779972776770583 2187.1428395719267 91.536831619217992 206.18208636716008 23.011410586535934 7.8202697392553082
leaf_count=64401 21 427 932 27 36 3725 72261 299 758 7561 26 53 46 53 173 25 38 91 66 136 57 35 49 53 25 9626 402 880 113 43
internal_value=-1.92542e-05 0.0200509 0.00902703 -3.17316e-05 -2.58677e-05 -3.25189e-05 0.000378748 0.00233007 -3.60133e-05 0.00522941 0.0108667 -0.0671496 -0.000534365 -0.00897216 -0.0131479 -0.0202115 0.018203 -0.0383101 -0.01111 -0.00393259 0.00218753 0.000835463 -0.0471483 -0.0204608 -0.0374784 0.00261966 -0.000476587 0.0038326 -0.00382595 -0.0274136
internal_weight=35744.5 22.2082 17.9457 35722.3 35716.6 35709 19625.7 3440.26 16185.4 502.557 337.004 2.96323 16083.4 196.964 170.729 116.89 26.2345 39.1127 77.777 62.4205 53.8393 17.9271 33.0067 30.6139 18.2299 3373.81 949.655 2424.16 237.014 30.8317
internal_count=162438 1380 953 161058 161031 160995 95747 15088 80659 8398 7640 79 65248 847 728 498 119 165 333 267 230 81 140 131 78 14789 4127 10662 1036 156
is_linear=0
shrinkage=0.05


Tree=166
num_leaves=31
num_cat=0
split_feature=10 0 15 15 1 14 17 5 1 0 3 3 3 2 4 16 1 17 14 10 16 2 0 10 5 14 5 2 1 13
split_gain=4.78585 4.5498 4.3448 6.36752 7.07399 7.79572 9.92471 6.95557 6.35974 7.46745 5.8206 5.55512 5.31223 5.93579 5.19285 5.44271 7.71357 7.49306 11.7721 8.33797 8.3083 6.26943 6.1553 7.28562 9.56444 5.95119 5.77566 6.6412 6.40687 4.97221
threshold=8.5000000000000018 1.5000000000000002 11.500000000000002 9.5000000000000018 4.5000000000000009 55.000000000000007 11.500000000000002 7.5000000000000009 1.0000000180025095e-35 1.5000000000000002 7.5000000000000009 3.5000000000000004 1.0000000180025095e-35 1.0000000180025095e-35 6.5000000000000009 11.500000000000002 1.0000000180025095e-35 15.500000000000002 57.000000000000007 5.5000000000000009 6.5000000000000009 1.0000000180025095e-35 4.5000000000000009 3.5000000000000004 1.5000000000000002 55.000000000000007 1.0000000180025095e-35 1.5000000000000002 5.5000000000000009 2.5000000000000004
decision_type=2 2 2 2 2 2 2 2 2 2 2 2 2 2 2 2 2 2 2 2 2 2 2 2 2 2 2 2 2 2
left_child=2 -2 3 7 5 -5 29 14 11 -10 -9 12 -8 -14 -1 16 25 18 26 20 22 -22 -19 24 -24 -16 -18 28 -28 -7
right_child=1 -3 -4 4 -6 6 8 10 9 -11 -12 -13 13 -15 15 -17 17 19 -20 -21 21 -23 23 -25 -26 -27 27 -29 -30 -31
leaf_value=-0.00026939560406167868 -0.047128433792380603 -0.0020672546855211643 0.0006702947860172168 -0.0022519593084659537 -0.008961049372486948 0.022365536291711549 -0.0037613216281268003 0.0065622227910898979 -0.0014297735636138956 -0.041548851985683144 0.042040506565340641 -0.036266129205272481 0.0059500999064457522 0.063014723847507087 -0.015792435740352134 0.012177548222842432 0.033274554290899309 0.038176029405621245 -0.086088908661862612 -0.058985284701402144 -0.072310878433922782 -0.0055403029899656567 -0.13004138567431067 -0.19564965737944273 0.053358368207106099 0.033125227665535197 -0.00092265728546007248 0.020053790226051093 -0.069551451352789256 0.0055726486820534141
leaf_weight=14433.895748855313 10.447772756218912 12.077315326780079 16854.53362101852 3202.8671548244311 356.60678854002617 83.887845136225224 20.177545040845871 239.1445610607625 25.570136055350304 21.227742203976959 12.147903984703587 6.4379710406064978 9.450984939932825 8.8004432916641218 76.107264939695597 173.01048797828844 34.443959545344114 14.089318057056518 2.8829254567390299 7.4561353481840333 5.1184241473674801 11.226529527339151 1.0352675002068279 0.58422456216067065 2.2688360405154526 6.7705578655004492 25.246860040351752 48.229973300010897 3.9301206758245817 92.889308076351881
leaf_count=63146 44 61 74801 13339 2654 344 81 2275 105 101 1323 26 38 36 328 1634 155 135 36 43 22 202 13 9 158 30 142 929 32 385
internal_value=7.19422e-05 -0.0229679 8.64468e-05 -0.000433512 -0.00225491 -0.00156599 0.00661858 2.8293e-05 -0.00673247 -0.019628 0.0082773 0.00671803 0.0139191 0.0334654 -0.000111332 0.00542084 0.000537686 0.00706882 0.0136705 -0.011061 -0.000650052 -0.0264495 0.0228064 -0.0328855 -0.00410587 -0.0117962 0.0162418 0.00866271 -0.0101669 0.0135415
internal_weight=35802.6 22.5251 35780 18925.5 3827.92 3471.31 268.442 15097.6 91.6648 46.7979 251.292 44.8669 38.429 18.2514 14846.3 412.401 239.39 156.513 114.734 41.7787 34.3226 16.345 17.9776 3.88833 3.3041 82.8778 111.851 77.407 29.177 176.777
internal_count=162627 105 162522 87721 17109 14455 1116 70612 387 206 3598 181 155 74 67014 3868 2234 1876 1294 582 539 224 315 180 171 358 1258 1103 174 729
is_linear=0
shrinkage=0.05


Tree=167
num_leaves=31
num_cat=0
split_feature=2 0 7 4 10 6 16 16 4 7 15 2 5 1 15 10 5 17 2 6 16 16 15 5 16 8 2 17 16 2
split_gain=4.1734 6.38442 6.65322 4.55915 3.92503 3.72808 3.97456 4.23629 4.14343 7.17217 6.21311 3.61488 3.53597 3.47177 3.24346 6.7462 5.2174 9.09453 10.334 9.03222 6.18634 6.14834 6.47518 6.208 6.07815 5.10566 7.36649 5.09952 5.02109 4.9108
threshold=10.500000000000002 2.5000000000000004 1.0000000180025095e-35 1.0000000180025095e-35 5.5000000000000009 1.0000000180025095e-35 1.0000000180025095e-35 13.500000000000002 2.5000000000000004 2.5000000000000004 6.5000000000000009 11.500000000000002 2.5000000000000004 3.5000000000000004 12.500000000000002 3.5000000000000004 1.0000000180025095e-35 1.5000000000000002 4.5000000000000009 7.5000000000000009 1.5000000000000002 6.5000000000000009 1.5000000000000002 1.5000000000000002 13.500000000000002 3.5000000000000004 6.5000000000000009 32.500000000000007 30.000000000000004 5.5000000000000009
decision_type=2 2 2 2 2 2 2 2 2 2 2 2 2 2 2 2 2 2 2 2 2 2 2 2 2 2 2 2 2 2
left_child=14 2 11 12 5 6 -5 -8 -9 -10 -11 -2 -3 -4 16 27 28 18 21 29 -20 22 -18 -24 -23 -17 -27 -16 -1 -19
right_child=1 3 13 4 -6 -7 7 8 9 10 -12 -13 -14 -15 15 25 17 19 20 -21 -22 24 23 -25 -26 26 -28 -29 -30 -31
leaf_value=-0.0012031400844960197 0.026395134352822175 0.01758871669031482 -0.043537961526861527 -0.10275994284744923 -0.089993021572320198 0.053423659493513055 0.046990429303358838 -0.06755842121682587 0.043627278451327654 -0.31569291429273277 -0.025160592778149957 -0.0012755891713212048 -0.03777545322845869 0.00034567307324220598 0.0008217927128416143 -0.0040573068103575563 0.052783863669984922 -0.0002331640738930207 0.042203792743703117 0.039383646825399313 -0.018519286651667112 -0.00063132374485442774 -0.0099596599404952087 0.022978779415417875 0.015069317971853345 -0.045992755095068942 0.022584108655357298 -0.038665665045196231 -0.034595443936029847 0.0042732541836686738
leaf_weight=9304.3370750881732 19.242002935148776 8.3395359367132169 11.022706329822542 0.63708282622974621 0.63079783291323011 15.827800713421309 9.2455620301188919 1.8959945165552188 4.5321158814476803 0.26359798078192387 0.60953303775750101 30.530191322322935 4.4085183367133132 7.6245062802918246 14394.414849547378 475.84422929503489 14.006340925581751 10366.622676938307 4.6043300237506619 14.599303319468161 47.106666150735691 133.80223873537034 18.042221972718835 69.058502146042883 114.29899001866579 15.958520062267782 5.1894555315375319 8.1808338896371406 11.271224632859228 641.98469309613574
leaf_count=37755 108 36 47 31 32 916 1035 23 837 19 116 163 23 53 62711 2117 94 47249 60 82 366 616 95 398 532 69 23 37 46 6847
internal_value=6.96261e-05 0.00958722 -0.000121593 0.0239063 0.0335552 0.035916 0.0197899 0.0245083 -0.0039608 0.0183473 -0.112872 0.00942195 -0.00155726 -0.0255947 3.89657e-05 0.000601727 -0.000365326 0.0003508 0.00774811 8.1756e-05 -0.0131125 0.0108372 0.0212299 0.0161558 0.00660188 -0.00512568 -0.0291648 0.000799363 -0.00124354 2.9635e-05
internal_weight=35754.1 114.81 68.4194 46.3905 33.6425 33.0117 17.1839 16.5468 7.30124 5.40525 0.873131 49.7722 12.7481 18.6472 35639.3 14899.6 20739.7 11424.1 400.919 11023.2 51.711 349.208 101.107 87.1007 248.101 496.992 21.148 14402.6 9315.61 11008.6
internal_count=162536 3439 371 3068 3009 2977 2061 2030 995 972 135 271 59 100 159097 64957 94140 56339 2161 54178 426 1735 587 493 1148 2209 92 62748 37801 54096
is_linear=0
shrinkage=0.05


Tree=168
num_leaves=31
num_cat=0
split_feature=6 1 17 3 7 5 1 9 1 15 3 15 15 16 1 16 16 15 2 1 7 14 7 2 14 2 15 16 14 2
split_gain=4.54824 4.92672 4.55454 6.94106 5.79693 5.30354 5.13881 7.62163 4.35318 5.81337 8.54172 6.18967 4.96058 9.02122 4.90106 4.53991 4.36459 5.27651 4.61452 5.09241 6.69074 4.55662 4.36587 6.85336 4.32574 4.78553 4.31236 4.28244 5.83261 6.04938
threshold=3.5000000000000004 3.5000000000000004 3.5000000000000004 8.5000000000000018 1.0000000180025095e-35 6.5000000000000009 1.5000000000000002 1.5000000000000002 1.5000000000000002 15.500000000000002 4.5000000000000009 17.500000000000004 24.500000000000004 8.5000000000000018 3.5000000000000004 10.500000000000002 14.500000000000002 20.500000000000004 1.5000000000000002 2.5000000000000004 2.5000000000000004 37.000000000000007 2.5000000000000004 2.5000000000000004 5.0000000000000009 1.0000000180025095e-35 8.5000000000000018 20.500000000000004 29.000000000000004 4.5000000000000009
decision_type=2 2 2 2 2 2 2 2 2 2 2 2 2 2 2 2 2 2 2 2 2 2 2 2 2 2 2 2 2 2
left_child=2 -2 3 8 5 6 -5 -8 12 -10 16 14 -1 -14 -12 -13 17 -11 -18 -20 -21 24 23 -23 25 -19 -6 -4 29 -29
right_child=1 -3 27 4 26 -7 7 -9 9 10 11 15 13 -15 -16 -17 18 21 19 20 -22 22 -24 -25 -26 -27 -28 28 -30 -31
leaf_value=0.003887824876449124 -0.001777190003707967 -0.010691354715308642 -0.00035089050602196773 -0.038006091538529921 -0.01511773248119759 0.064569233850473307 -0.068144879766604147 0.037431252608957265 0.0017752154801169832 -0.0044236395366410433 -0.035070150251823549 -0.035477753007939809 -0.052222783033590514 0.0037824714598761154 -0.10159881675759995 0.0088252984735094075 -0.024169993664566517 0.030059515192387056 -0.025293541890115762 0.030052474322208773 -0.022431275002033527 0.0024105983782997092 0.026587771431175151 -0.055942016430441582 0.025528863951936809 -0.035670374951633173 -0.087077941274365897 0.0035641843005365008 -0.00063837726990019061 0.016956220674041064
leaf_weight=1839.8227032199502 988.21618345100433 183.83657618804136 29175.260571790743 11.961673401296148 3.598099308786912 2.2378167724236837 2.2627358041936514 6.9910140945576131 1188.1609228850575 203.71658530086279 8.5665071532130224 11.436572529841216 11.169355943799021 20.18353196233511 4.0899904932593918 11.696598985465242 43.789422921836376 4.679775729775427 13.965261824429033 17.586011786013845 9.2751792743802053 15.828268423676496 8.0534414798021299 7.3769162560347459 45.560848847031593 6.7824932895600796 4.940838752896525 846.66059240791947 962.83580994501244 93.652896869345568
leaf_count=7642 4200 1254 132217 57 48 84 37 62 5733 845 37 54 45 83 27 55 181 19 60 77 39 65 34 33 191 29 45 3686 4761 875
internal_value=-0.00011214 -0.00317538 -8.32108e-06 0.00170063 -0.0214823 -0.00863991 -0.0163621 0.0116157 0.00191426 -8.14156e-08 -0.00511482 -0.0284575 0.00355175 -0.0161692 -0.0565691 -0.0130772 -0.00289656 9.75248e-07 -0.0128956 -0.000802956 0.0119298 0.0102111 -0.00513141 -0.0161397 0.0186215 -0.0088344 -0.0567557 -0.000200986 0.00209705 0.004898
internal_weight=35754.2 1172.05 34582.1 3503.73 31.9922 23.4532 21.2154 9.25375 3471.74 1600.56 412.404 35.7897 1871.18 31.3529 12.6565 23.1332 376.614 291.998 84.6159 40.8265 26.8612 88.2817 31.2586 23.2052 57.0231 11.4623 8.53894 31078.4 1903.15 940.313
internal_count=162575 5454 157121 15582 333 240 156 99 15249 7479 1746 173 7770 128 64 109 1573 1216 357 176 116 371 132 98 239 48 93 141539 9322 4561
is_linear=0
shrinkage=0.05


Tree=169
num_leaves=31
num_cat=0
split_feature=10 17 16 16 4 0 11 10 17 17 10 15 15 15 15 16 17 0 2 14 6 14 17 10 0 9 15 17 4 5
split_gain=4.35572 7.51633 8.7239 4.50066 4.32977 7.46912 8.68764 5.14378 6.33792 7.02166 7.11982 9.69659 9.2192 7.91905 8.28939 7.25184 6.07898 5.45672 7.78761 7.2013 5.815 5.28008 5.23186 5.0943 5.07165 10.6318 6.28896 8.10544 9.4887 6.67102
threshold=8.5000000000000018 6.5000000000000009 13.500000000000002 7.5000000000000009 8.5000000000000018 7.5000000000000009 7.5000000000000009 1.5000000000000002 27.500000000000004 20.500000000000004 4.5000000000000009 1.5000000000000002 13.500000000000002 2.5000000000000004 5.5000000000000009 4.5000000000000009 23.500000000000004 4.5000000000000009 6.5000000000000009 17.000000000000004 2.5000000000000004 33.000000000000007 21.500000000000004 2.5000000000000004 1.5000000000000002 2.5000000000000004 11.500000000000002 11.500000000000002 9.5000000000000018 1.5000000000000002
decision_type=2 2 2 2 2 2 2 2 2 2 2 2 2 2 2 2 2 2 2 2 2 2 2 2 2 2 2 2 2 2
left_child=4 -2 3 -3 7 23 -7 -1 9 -9 11 22 -12 -13 15 -15 -14 18 -16 -19 -21 -17 -11 24 25 26 27 28 -6 -28
right_child=1 2 -4 -5 5 6 -8 8 -10 10 12 13 16 14 17 21 -18 19 -20 20 -22 -23 -24 -25 -26 -27 29 -29 -30 -31
leaf_value=9.1698762891580436e-05 0.030677350459041741 -0.047655661529255322 -0.092507487578165903 0.018082459697321526 -0.054450892275752109 0.041026709762745459 -0.40770575057457803 -0.0011211609441836073 0.024769363923638696 -0.0053932419509142952 -0.048300991094381421 -0.056347376085301541 -0.027576399624880277 -0.027314185845703293 -0.010795148571501986 0.009182981865106913 0.050167762279902099 0.055897058393532706 -0.057831415461939595 0.028360207072715846 -0.026759351743024004 0.049427400263522853 0.051608364638082875 0.0089319906883839287 0.0049527164930735961 -0.084380895842784978 0.036011554238024344 -0.072614554182252933 0.02909534478333195 -0.019785024029761164
leaf_weight=27997.447185509896 4.934804622083905 5.0219273583497834 5.2689545461907974 5.4068629965186119 5.8992728823795941 16.719867598789282 0.10856199043337156 7031.1837457400979 23.083593194838613 6.4026367217302349 22.557869373820722 8.2688437639735621 5.314973831176756 8.9312396943569166 223.39230564190075 23.741029383148998 4.7718819081783295 6.7476338227279511 9.1607791997957957 8.16466754069552 11.559480996802447 12.410807576030491 10.842527005821465 183.03873871162068 59.26191959582502 5.2082130629569283 11.602611914277078 6.8950767046771935 8.0172450426034612 9.9516176087781769
leaf_count=123802 24 27 24 23 32 3064 7 30463 106 32 97 40 23 47 939 111 20 41 52 84 64 60 57 1405 1481 31 50 42 42 57
internal_value=-0.000180483 -0.0231472 -0.0400676 -0.0135734 -0.000167218 0.005748 0.0381319 -0.000218447 -0.00138925 -0.00147092 -0.0082593 -0.00605339 -0.030533 -0.00806834 -0.00675561 0.0130314 0.00920275 -0.0101995 -0.012648 0.0113102 -0.00394301 0.0229988 0.0304453 0.00386798 -0.00480803 -0.0169668 -0.00867926 -0.0282842 -0.00632027 0.0102502
internal_weight=35741.3 20.6325 15.6977 10.4288 35720.7 306.703 16.8284 35414 7416.53 7393.45 362.267 329.622 32.6447 312.377 304.108 45.0831 10.0869 259.025 232.553 26.4718 19.7241 36.1518 17.2452 289.875 106.836 47.574 42.3658 20.8116 13.9165 21.5542
internal_count=162347 98 74 50 162249 6211 3071 156038 32236 32130 1667 1527 140 1438 1398 218 43 1180 991 189 148 171 89 3140 1735 254 223 116 74 107
is_linear=0
shrinkage=0.05


Tree=170
num_leaves=31
num_cat=0
split_feature=1 15 6 17 13 1 8 9 9 2 9 4 1 16 1 2 8 3 15 2 9 1 7 17 17 16 15 15 16 6
split_gain=3.54631 3.40191 3.41338 4.27035 3.06068 5.41537 3.0127 9.63273 7.63447 9.36268 7.50856 5.89443 6.92779 6.35895 10.0297 7.30971 8.15787 5.75826 5.74634 7.62502 6.23129 5.62142 8.11689 5.52157 6.0528 5.24816 5.40099 5.23889 7.67985 6.91784
threshold=16.500000000000004 32.500000000000007 1.0000000180025095e-35 9.5000000000000018 5.5000000000000009 17.500000000000004 1.5000000000000002 6.5000000000000009 5.5000000000000009 3.5000000000000004 7.5000000000000009 4.5000000000000009 3.5000000000000004 3.5000000000000004 5.5000000000000009 3.5000000000000004 3.5000000000000004 9.5000000000000018 23.500000000000004 6.5000000000000009 3.5000000000000004 1.0000000180025095e-35 1.0000000180025095e-35 11.500000000000002 5.5000000000000009 10.500000000000002 13.500000000000002 17.500000000000004 8.5000000000000018 6.5000000000000009
decision_type=2 2 2 2 2 2 2 2 2 2 2 2 2 2 2 2 2 2 2 2 2 2 2 2 2 2 2 2 2 2
left_child=1 6 3 -3 -2 -6 27 8 11 -10 -9 12 -8 14 15 23 -17 -15 20 21 -13 -20 -23 24 -14 -19 -27 -1 -29 -30
right_child=4 2 -4 -5 5 -7 7 10 9 -11 -12 18 13 17 -16 16 -18 25 19 -21 -22 22 -24 -25 -26 26 -28 28 29 -31
leaf_value=-9.279473025869098e-05 0.057313041150937098 0.031458713436803599 0.045107336470131452 -0.017190515660136459 -0.1788416794427157 0.068189368422314475 0.00018382307489920018 -0.064173512816181999 0.035924161994327637 -0.0023473759212769545 -0.0066283549191168039 -0.0036732133886906576 -0.045347395583648663 -0.0052756843673638287 0.02663031740183194 0.027301475100850948 -0.029932722178534227 0.0013828459327978159 -0.073917828961629614 0.039201226402372565 -0.033557191671711187 0.024007827800508644 -0.062475278233138781 -0.04955100428504064 0.013185712874693476 -0.16704013377004159 -0.033401476945393534 -0.00077337107215463168 0.003346456129425625 -0.045114779815733239
leaf_weight=23007.19536268909 4.5033628258388481 8.6109177435282671 8.0539392437785846 9.4733153972774726 0.40619413903914381 0.48885014175903052 5818.9098127959296 10.582652698503809 31.340164363384247 32.606596278259531 12.207817253423853 683.36076602770481 6.5975541174411836 924.87802136223763 41.220665301894769 23.140962418168787 8.5175474267452937 2.1617917998228213 8.1311466395855003 3.3629756178706876 17.900756126269698 5.4641428841277939 5.388809266500175 11.59133645147085 13.361061826348303 1.521515076979995 1.50279009132646 1949.9840365466662 3094.3610102061066 7.3816945778671643
leaf_count=104432 551 37 37 44 11 48 24150 50 129 170 68 5064 30 4412 269 151 46 33 34 65 126 32 26 49 57 31 21 8373 13882 34
internal_value=6.68745e-06 5.68215e-07 0.0180322 0.00597411 0.0405289 -0.0439197 -1.26255e-05 -0.000891225 -0.000794414 0.0164094 -0.0333492 -0.000939607 -0.000486458 -0.00425672 0.00744217 -0.00507116 0.0119029 -0.00557029 -0.00523144 -0.0301914 -0.00443605 -0.0424841 -0.0189336 -0.0221037 -0.00616309 -0.0581092 -0.100635 0.000227347 0.00168538 0.00323113
internal_weight=35754.2 35748.8 26.1382 18.0842 5.39841 0.895044 35722.7 7663.75 7640.96 63.9468 22.7905 7577.01 6853.4 1034.49 104.429 63.2085 31.6585 930.064 723.609 22.3471 701.262 18.9841 10.853 31.55 19.9586 5.1861 3.02431 28058.9 5051.73 3101.74
internal_count=162462 161852 118 81 610 59 161734 35013 34895 299 118 34596 29249 5099 602 333 197 4497 5347 157 5190 92 58 136 87 85 52 126721 22289 13916
is_linear=0
shrinkage=0.05


Tree=171
num_leaves=31
num_cat=0
split_feature=5 1 11 4 13 1 2 10 14 15 5 8 15 6 11 17 0 16 4 16 5 16 14 16 1 14 14 15 14 14
split_gain=4.18466 7.09543 6.96908 5.96308 4.36511 5.16585 8.86225 4.71222 4.75969 5.60341 4.22629 10.7437 5.66383 4.30635 4.20355 3.9987 5.72863 5.34928 4.33588 4.17128 3.73149 9.05393 8.64881 4.8908 6.21376 6.9395 5.07217 5.20414 4.95343 4.20442
threshold=8.5000000000000018 7.5000000000000009 7.5000000000000009 1.0000000180025095e-35 2.5000000000000004 6.5000000000000009 3.5000000000000004 2.5000000000000004 43.000000000000007 5.5000000000000009 10.500000000000002 1.0000000180025095e-35 8.5000000000000018 1.5000000000000002 6.5000000000000009 12.500000000000002 1.0000000180025095e-35 12.500000000000002 4.5000000000000009 6.5000000000000009 9.5000000000000018 6.5000000000000009 33.000000000000007 9.5000000000000018 3.5000000000000004 25.000000000000004 39.000000000000007 11.500000000000002 17.000000000000004 17.000000000000004
decision_type=2 2 2 2 2 2 2 2 2 2 2 2 2 2 2 2 2 2 2 2 2 2 2 2 2 2 2 2 2 2
left_child=14 4 3 -3 5 7 -7 8 9 -2 12 -12 -9 -14 -1 16 17 -6 19 -18 21 -11 -23 24 25 28 27 -25 -22 -29
right_child=1 2 -4 -5 15 6 -8 10 -10 20 11 -13 13 -15 -16 -17 18 -19 -20 -21 23 22 -24 26 -26 -27 -28 29 -30 -31
leaf_value=1.9099939584522343e-05 0.036782832517325663 -0.034634844865393054 -0.15605683728475961 0.053785959259997067 0.0058869775653541305 -0.10771752906651531 0.051706960973180109 -0.085804263272081016 0.032565985762283804 0.069278193140326821 0.074090963402732357 -0.083124879527722517 0.021102532399615938 -0.057503218869203065 -0.016396720197041692 -0.010725998537381801 0.032027273249015914 -0.030852029768864333 0.043574983348076766 0.00042397974578162168 -0.04254892881498868 0.022720475728822138 -0.046427737722730421 0.035680008196742878 0.039030570434592071 -0.087973809741712775 0.077585303908795755 0.017991526379418768 0.030444371308774483 -0.046489166381050495
leaf_weight=35362.952223553206 15.408666683826594 2.1941802948713365 0.45528715627733518 14.557680178841109 22.884229555726051 2.3029388252180065 1.4026473459671249 3.249474762240423 31.606808344251476 6.4077995393890914 3.4671011996688312 1.5827599256299434 4.8866373908240348 2.7078922607470304 39.040067557245493 67.78455058374675 13.940990139264612 17.472879208624363 10.372651067911645 41.589181084418669 6.2195473825559038 14.714777182671243 6.5282547741662702 6.5410652660066324 3.0528099316870785 4.9026683799456796 2.4463966671610242 4.1752615636214596 3.7110494299558923 6.4080184459453449
leaf_count=155827 149 14 15 3112 98 28 191 29 273 46 45 26 40 14 165 927 109 76 343 246 32 115 50 85 63 27 27 40 24 80
internal_value=5.26845e-05 0.00571826 0.0369587 0.0422045 0.0039602 0.0108273 -0.0473718 0.0125119 0.0161237 0.00966919 -0.0129671 0.0248154 -0.0305617 -0.006925 9.97153e-07 -0.00123703 0.0048161 -0.0100194 0.013901 0.00835807 0.00325235 0.0171841 0.00147035 -0.00703216 -0.0259312 -0.0393009 0.0102401 0.000619069 -0.0152714 -0.0210506
internal_weight=35725 322.974 17.2071 16.7519 305.767 131.723 3.70559 128.017 112.123 80.5163 15.8939 5.04986 10.844 7.59453 35402 174.044 106.26 40.3571 65.9028 55.5302 65.1076 27.6508 21.243 37.4568 17.8861 14.8333 19.5707 17.1243 9.9306 10.5833
internal_count=162316 6324 3141 3126 3183 1384 219 1165 1011 738 154 71 83 54 155992 1799 872 174 698 355 589 211 165 378 146 83 232 205 56 120
is_linear=0
shrinkage=0.05


Tree=172
num_leaves=31
num_cat=0
split_feature=7 16 1 2 16 17 4 17 3 15 1 4 15 14 4 13 15 16 14 11 13 11 17 13 9 17 16 15 14 17
split_gain=4.86293 6.64174 5.69256 9.25184 7.91224 7.63211 7.79439 8.33197 8.04667 7.66564 7.2903 6.53058 6.40779 9.17632 5.76897 11.1084 11.7504 7.45269 5.72214 5.70541 5.23157 5.62115 7.25076 5.22903 7.40098 5.14772 7.64761 7.34407 7.59803 6.27683
threshold=1.0000000180025095e-35 30.000000000000004 3.5000000000000004 8.5000000000000018 11.500000000000002 4.5000000000000009 1.5000000000000002 22.500000000000004 4.5000000000000009 3.5000000000000004 7.5000000000000009 4.5000000000000009 5.5000000000000009 13.000000000000002 2.5000000000000004 2.5000000000000004 7.5000000000000009 12.500000000000002 57.000000000000007 4.5000000000000009 2.5000000000000004 2.5000000000000004 7.5000000000000009 3.5000000000000004 1.0000000180025095e-35 9.5000000000000018 4.5000000000000009 17.500000000000004 45.000000000000007 8.5000000000000018
decision_type=2 2 2 2 2 2 2 2 2 2 2 2 2 2 2 2 2 2 2 2 2 2 2 2 2 2 2 2 2 2
left_child=2 -2 -1 4 19 9 7 12 -8 -6 11 23 13 -7 15 -5 -17 -18 20 25 -14 22 -22 24 -11 26 29 -27 -29 -4
right_child=1 -3 3 14 5 6 8 -9 -10 10 -12 -13 18 -15 -16 16 17 -19 -20 -21 21 -23 -24 -25 -26 27 -28 28 -30 -31
leaf_value=0.00010247074327872542 -0.00095646637854335421 -0.033822311476838743 0.011690811959420242 0.047671569249389596 -0.046934014436820097 -0.026718116174848806 0.010605598578418815 -0.045622777209141728 0.031912128777581671 0.032894085584001143 -0.070819877338039613 -0.034074974080436977 -0.0073006028360518812 0.027865688166009723 0.043780350423811246 0.058981597906644659 -0.022647766939616527 -0.1377167654822766 -0.048474441153974777 -0.029413220143962773 0.038392544510424877 -0.024533284143589018 0.0054067972775942389 -0.0097056792801118903 -0.014329174502118212 0.0010478624188045421 -0.0082021994473160092 0.02589949211871392 -0.019554262136447054 -0.018806319543819033
leaf_weight=24109.897598092095 9987.7175887391204 15.395753431832416 101.99540170258842 7.5077163693495077 10.46124456450343 9.1788846924900991 246.52196944039315 8.6437684483826143 54.023896379920188 28.330604364164174 3.6166451034951015 10.882985082454978 89.537190760951489 47.784434091299772 22.467516938166227 2.2680915961973369 3.051999076269567 2.610904520843178 5.8968928456306449 16.735106872278266 21.900790184736252 10.99738575145602 69.617763863876462 26.071432469412684 11.733088813722132 370.49861838592915 298.60360761696938 58.563064580201171 10.906110542244276 20.215921262279153
leaf_count=101611 45694 69 892 78 68 45 1728 42 1821 130 32 79 415 231 3087 40 26 21 28 133 94 52 327 122 55 2947 1679 389 72 161
internal_value=-7.1819e-05 -0.00100705 0.000292474 0.00320912 0.00260562 0.0067631 0.00893169 0.00265544 0.0144355 -0.00666564 -0.00144137 0.00181653 0.00429249 0.0190702 0.027611 0.00408026 -0.0371846 -0.0757008 3.99604e-05 -0.000498558 0.00152957 0.00924182 0.0133004 0.00772272 0.0190642 6.35932e-05 -0.00389003 0.00384511 0.0187636 0.00664605
internal_weight=35683.6 10003.1 25680.5 1570.62 1532.72 655.199 564.103 263.557 300.546 91.096 80.6348 77.0181 254.913 56.9633 37.9062 15.4387 7.931 5.6629 197.95 877.518 192.053 102.516 91.5186 66.1351 40.0637 860.783 420.815 439.968 69.4692 122.211
internal_count=162168 45763 116405 14794 11542 5269 4783 1234 3549 486 418 386 1192 276 3252 165 87 47 916 6273 888 473 421 307 185 6140 2732 3408 461 1053
is_linear=0
shrinkage=0.05


Tree=173
num_leaves=31
num_cat=0
split_feature=15 8 14 0 1 0 1 15 7 9 17 15 17 3 15 17 10 0 17 6 17 5 13 9 2 17 6 7 1 14
split_gain=4.62791 7.67881 6.81924 4.94811 6.58346 7.35305 5.71157 5.02173 4.45657 6.51942 5.87043 5.50583 5.31153 18.6188 4.80509 6.01698 5.33856 6.04389 8.03919 7.72382 5.68979 5.03317 16.4975 6.33281 6.15233 9.14687 8.11303 6.35533 6.34882 5.26626
threshold=23.500000000000004 5.5000000000000009 43.000000000000007 2.5000000000000004 6.5000000000000009 4.5000000000000009 8.5000000000000018 32.500000000000007 4.5000000000000009 1.5000000000000002 2.5000000000000004 16.500000000000004 20.500000000000004 1.5000000000000002 20.500000000000004 1.5000000000000002 2.5000000000000004 8.5000000000000018 16.500000000000004 2.5000000000000004 11.500000000000002 3.5000000000000004 4.5000000000000009 1.0000000180025095e-35 2.5000000000000004 2.5000000000000004 1.5000000000000002 2.5000000000000004 1.0000000180025095e-35 1.0000000180025095e-35
decision_type=2 2 2 2 2 2 2 2 2 2 2 2 2 2 2 2 2 2 2 2 2 2 2 2 2 2 2 2 2 2
left_child=8 2 3 6 7 -6 -2 -5 14 10 11 -10 -12 -14 -1 -16 17 21 20 -20 -19 24 -23 -24 27 -26 29 28 -17 -27
right_child=1 -3 -4 4 5 -7 -8 -9 9 -11 12 -13 13 -15 15 16 -18 18 19 -21 -22 22 23 -25 25 26 -28 -29 -30 -31
leaf_value=9.0924791989709206e-05 0.00089018451928692143 0.038351877120965702 -0.010023800031777469 -0.0073609728562615585 -0.078889937982909705 0.016078370563124458 0.054787156074131566 0.035720134829385873 0.029414592801370938 -0.01311998502532606 -0.0038146881027435668 -0.026885153406958441 0.03951298245951454 -0.054793421990740256 0.019146166402682466 0.0073569599022448506 -0.0049656725688945772 -0.035449543439819278 -0.25414783144301484 -0.039899834479234474 0.069071489212351914 0.017640588147211079 -0.029775066893338004 0.012534191938720629 -0.049397290263298178 -0.043457236575053071 -0.018121143377847617 0.016519433443567013 -0.001860115935992423 0.0032490158643300421
leaf_weight=32307.585723097436 540.52697213366628 10.996516845887525 299.48449585423805 185.3299191131955 6.4027857335749996 2.9900468889973126 4.9606023952364913 7.0204936452209941 25.644859713735062 148.18225092091598 487.28171488840599 5.227868288755416 22.908549651503566 6.7834771539783096 54.723965160548687 402.11520044505596 219.23267033987213 6.6399039537645859 0.75098660954972618 0.95639281056355685 1.6196614381042307 171.86581283831038 29.760776549112052 12.584095717174931 10.48499273508787 6.1883310228586188 61.92643454298377 99.543946243822575 348.96603177115321 243.91000899625942
leaf_count=147010 2236 52 1316 866 44 128 25 32 121 697 2234 22 96 62 229 1618 999 78 37 23 60 917 156 70 44 26 268 406 1441 1056
internal_value=4.56493e-05 -0.00321237 -0.00364904 -0.00109408 -0.00778453 -0.0486584 0.00138032 -0.00578858 0.000145031 -0.0038155 -0.00129882 0.019881 -0.00256364 0.0179676 0.000226159 0.0028404 0.00228841 0.00342655 -0.03537 -0.134136 -0.0149535 0.00370527 0.010753 -0.0172016 0.00241837 -0.00346212 -0.00191856 0.00464792 0.00307454 0.00209334
internal_weight=35732.6 1057.71 1046.72 747.231 201.743 9.39283 545.488 192.35 34674.9 696.029 547.846 30.8727 516.974 29.692 33978.9 1671.27 1616.55 1397.31 9.96694 1.70738 8.25957 1387.35 214.211 42.3449 1173.13 322.51 312.025 850.625 751.081 250.098
internal_count=162369 4699 4647 3331 1070 172 2261 898 157670 3232 2535 143 2392 158 154438 7428 7199 6200 198 60 138 6002 1143 226 4859 1394 1350 3465 3059 1082
is_linear=0
shrinkage=0.05


Tree=174
num_leaves=31
num_cat=0
split_feature=6 13 0 5 13 1 16 17 13 4 15 15 9 15 17 17 8 0 2 4 15 16 16 13 0 8 13 13 15 5
split_gain=5.19027 4.96927 6.5402 5.35488 8.46704 6.67018 6.11145 8.11115 6.08726 5.6667 5.34888 5.00876 4.44047 4.23118 3.92782 3.8838 4.35384 3.82729 8.31727 4.29857 5.46771 5.15375 5.92967 9.74753 3.9283 6.63497 8.38074 5.29207 6.2027 5.52785
threshold=3.5000000000000004 5.5000000000000009 4.5000000000000009 2.5000000000000004 4.5000000000000009 3.5000000000000004 11.500000000000002 10.500000000000002 2.5000000000000004 1.0000000180025095e-35 17.500000000000004 12.500000000000002 1.5000000000000002 15.500000000000002 8.5000000000000018 17.500000000000004 2.5000000000000004 11.500000000000002 1.0000000180025095e-35 5.5000000000000009 5.5000000000000009 17.500000000000004 9.5000000000000018 2.5000000000000004 7.5000000000000009 1.5000000000000002 2.5000000000000004 3.5000000000000004 13.500000000000002 3.5000000000000004
decision_type=2 2 2 2 2 2 2 2 2 2 2 2 2 2 2 2 2 2 2 2 2 2 2 2 2 2 2 2 2 2
left_child=-1 3 -3 5 17 -2 7 -6 10 -9 15 14 -4 -14 -10 16 -7 19 -19 24 -21 22 -22 -24 27 26 -26 -5 29 -29
right_child=1 2 12 4 6 8 -8 9 11 -11 -12 -13 13 -15 -16 -17 -18 18 -20 20 21 -23 23 -25 25 -27 -28 28 -30 -31
leaf_value=8.9558136764795817e-05 0.00202047684941889 -0.039309313896474851 -0.0019568508099213583 -0.0030647736161399414 -0.02673144648669399 -0.018187939935062489 0.031450348271419785 0.069085199235784184 -0.030301880632288086 0.00087376801621088162 0.035878879196324757 -0.039521063026239034 -0.044571462184236244 0.0052909196186412197 0.0026465141982763125 0.036799762109674054 0.029289870624516007 -0.082856204531597769 0.062852710560621486 -0.094735635474006721 0.011883811884828337 0.046619562659384571 -0.0021070085935541018 -0.13505449311345749 -0.034861746898293605 -0.058713738669670258 0.012793431509121525 -0.03358584582246095 -0.045647411359884885 0.013027405454101368
leaf_weight=34503.178936288547 643.49679579213262 19.883710876107216 72.304128547315486 150.9920518361032 16.747377323335972 32.831858871504664 21.178607745328918 4.7919753640890113 14.94172517210245 8.3508249562000838 9.2839983068406564 24.085621188394725 13.418799124192448 6.2297956214752039 22.921067493036389 4.7311834483407429 5.6613503582775584 1.2682577706873406 4.2996511787059717 3.342439353466033 3.5435065253404883 2.2060189308831459 2.6610055674100295 2.8611049707978964 20.717235567746684 10.448582560289649 16.632532282732427 11.25391271710396 17.705167233943939 14.626844033598898
leaf_count=156684 2661 81 342 656 85 148 136 20 68 68 44 108 59 30 106 28 29 7 192 43 39 32 26 24 119 59 98 48 75 65
internal_value=-2.21158e-05 -0.00327803 -0.0133073 -0.00223132 -0.00772606 4.23005e-05 0.0109018 -0.00365774 -0.0110794 0.0257442 0.00144514 -0.0216953 -0.00768463 -0.0287621 -0.0103559 -0.00595074 -0.0112052 -0.0113493 0.0296631 -0.0122378 -0.0385728 -0.0219185 -0.0385965 -0.0709895 -0.01065 -0.023493 -0.01364 -0.00749506 -0.0228426 -0.00724176
internal_weight=35686.6 1183.42 111.836 1071.58 313.627 757.954 51.0688 29.8902 114.457 13.1428 52.5084 61.9484 91.9527 19.6486 37.8628 43.2244 38.4932 262.558 5.56791 256.99 14.6141 11.2716 9.06562 5.52211 242.376 47.7984 37.3498 194.578 43.5859 25.8808
internal_count=162180 5496 512 4984 1792 3192 309 173 531 88 249 282 431 89 174 205 177 1483 199 1284 164 121 89 50 1120 276 217 844 188 113
is_linear=0
shrinkage=0.05


Tree=175
num_leaves=31
num_cat=0
split_feature=2 17 4 9 17 0 14 0 2 11 11 17 13 14 14 14 9 2 3 9 8 17 10 13 16 3 14 16 13 16
split_gain=2.93642 3.51974 6.6157 2.62956 5.21605 6.71454 10.8429 6.46176 7.20552 8.4042 8.00811 7.12607 5.96396 6.44397 7.08807 5.59567 8.11205 6.32182 5.32607 5.14454 4.64014 4.04159 4.29937 4.23898 5.44021 4.99276 3.8071 4.06341 3.74196 3.71391
threshold=15.500000000000002 7.5000000000000009 1.5000000000000002 3.5000000000000004 19.500000000000004 8.5000000000000018 31.000000000000004 6.5000000000000009 3.5000000000000004 1.5000000000000002 2.5000000000000004 7.5000000000000009 1.0000000180025095e-35 5.0000000000000009 55.000000000000007 15.000000000000002 4.5000000000000009 1.0000000180025095e-35 9.5000000000000018 5.5000000000000009 1.5000000000000002 12.500000000000002 3.5000000000000004 2.5000000000000004 13.500000000000002 6.5000000000000009 49.000000000000007 15.500000000000002 3.5000000000000004 20.500000000000004
decision_type=2 2 2 2 2 2 2 2 2 2 2 2 2 2 2 2 2 2 2 2 2 2 2 2 2 2 2 2 2 2
left_child=3 -2 -3 -1 5 7 15 8 18 12 -11 -12 19 28 -15 17 -17 -7 21 -10 -8 -5 23 -23 -25 26 27 -26 -14 -6
right_child=1 2 -4 4 29 6 20 -9 9 10 11 -13 13 14 -16 16 -18 -19 -20 -21 -22 22 -24 24 25 -27 -28 -29 -30 -31
leaf_value=0.00017550941884161148 0.074040492534407074 -0.076775807287014664 0.047409916070865837 -0.0026813675668025325 -0.011314544749874658 -0.11958154934331376 0.067771753520990616 0.026952619316725754 -0.0081491609011637781 0.038324598615671605 0.030295190910950773 -0.028364864586853542 -0.013202786031780928 -0.028417289891962273 0.026381006764319655 -0.060865409043049858 -0.22339197868270669 0.032199046429274347 0.016168912222759374 0.05120362943002163 -0.054277491225779552 0.01203686657463795 0.040090131232994326 -0.0086075284232240996 0.069504014574096815 -0.014015289458325779 -0.012133471981030569 0.021192241088567397 0.040060480163722587 -0.057134731639539471
leaf_weight=34594.061917533865 2.9364362186170174 1.6413889378309248 3.0939274169795681 613.27006867527962 87.828049990581349 1.2024151682853683 2.3141707527684052 20.446778645273298 11.187533077318223 14.980375564191489 7.8109479462727931 15.355167543166315 6.9620335195213539 96.248902568360791 6.2865494478028259 1.7993646835093389 1.3391365028219295 1.597495167457964 50.372176425531507 5.4195513557642689 1.1737351290648801 90.816746640950441 8.4623004645109159 91.549539279192686 6.2377273440361085 11.029957391321657 5.1842070668935767 14.399794038385151 6.2646906469017267 4.6568854390643528
leaf_count=156412 140 8 626 2552 434 5 54 179 59 77 42 85 35 514 38 22 27 42 233 27 19 383 36 383 26 49 21 60 32 34
internal_value=0.000102834 0.0310332 0.00436378 9.62022e-05 -0.00222061 -0.00125476 -0.0432716 -0.000888804 -0.00142492 -0.0108418 0.00983587 -0.00858638 -0.0168008 -0.0208206 -0.0250576 -0.0843694 -0.130212 -0.0329828 0.000376598 0.01122 0.0267003 -0.000569348 0.0051195 0.00376956 -0.00207782 0.0141437 0.0261721 0.0357946 0.0120248 -0.0136217
internal_weight=35785.9 7.67175 4.73532 35778.3 1184.2 1091.71 9.42632 1082.29 1061.84 170.516 38.1465 23.1661 132.369 115.762 102.535 5.93841 3.1385 2.79991 891.323 16.6071 3.48791 840.95 227.68 219.218 128.401 36.8517 25.8217 20.6375 13.2267 92.4849
internal_count=162654 774 634 161880 5468 5000 169 4831 4652 909 204 127 705 619 552 96 49 47 3743 86 73 3510 958 922 539 156 107 86 67 468
is_linear=0
shrinkage=0.05


Tree=176
num_leaves=31
num_cat=0
split_feature=3 6 5 9 10 0 3 2 10 4 15 17 11 14 14 15 1 1 13 4 0 14 14 2 15 11 2 14 15 13
split_gain=4.28359 6.49903 6.73476 7.44872 11.052 7.01464 10.149 5.85428 5.68891 5.65578 5.61793 7.75887 5.09588 5.08943 5.02863 12.8885 7.35937 5.15229 6.21238 6.96247 6.4526 5.02735 7.07059 7.21012 7.07987 6.19719 6.19937 10.6978 6.38472 8.61435
threshold=1.0000000180025095e-35 1.0000000180025095e-35 2.5000000000000004 1.0000000180025095e-35 7.5000000000000009 8.5000000000000018 4.5000000000000009 1.5000000000000002 1.0000000180025095e-35 5.5000000000000009 20.500000000000004 6.5000000000000009 3.5000000000000004 29.000000000000004 3.0000000000000004 9.5000000000000018 4.5000000000000009 4.5000000000000009 5.5000000000000009 5.5000000000000009 5.5000000000000009 19.000000000000004 29.000000000000004 6.5000000000000009 24.500000000000004 5.5000000000000009 3.5000000000000004 11.000000000000002 1.5000000000000002 5.5000000000000009
decision_type=2 2 2 2 2 2 2 2 2 2 2 2 2 2 2 2 2 2 2 2 2 2 2 2 2 2 2 2 2 2
left_child=7 2 5 4 12 -2 -7 -1 -3 -5 -11 -12 -4 -13 15 17 21 18 19 20 -9 25 23 -23 -24 26 28 -28 29 -16
right_child=1 8 3 9 -6 6 -8 14 -10 10 11 13 -14 -15 16 -17 -18 -19 -20 -21 -22 22 24 -25 -26 -27 27 -29 -30 -31
leaf_value=0.00014621195342112028 0.0003207007870488697 -4.1254638173809149e-05 0.0056242702090954881 -0.00019204187769863336 -0.084143201131220535 -0.042749479237899679 0.046026804074392136 -0.014188225607375999 -0.0036213072280659648 0.013649419692456956 0.043802170629141345 -0.09974329730044168 -0.0023155285350671797 -0.015040342982212213 0.02426485511962153 0.010542697445038551 -0.0075234060100848547 0.020471361593862897 0.013222509933350233 0.032135593287171978 -0.06872093587456149 0.0035248420226842792 -0.0016407582820947943 -0.014011132468730104 -0.021292620039772333 0.034897638969232328 0.0078115500648719242 -0.0063658489075734516 -0.0067809782859233857 -0.034164585697139226
leaf_weight=9085.8814519792795 9860.6297647915781 3906.8840649053745 1963.8180890710792 1939.3218772202963 3.4976735594682387 18.777078118175272 3.8855177434161297 123.0349210947752 1549.8649535136647 119.02119306614622 2.8960861138766614 3.2258480446762405 225.26939275517361 3.9387735262862407 33.445674866437912 258.70461667329073 574.84062885120511 15.610568195581434 25.1573526263237 7.7734084129333487 5.6747049391269675 1120.7891800776124 3059.5789677426219 61.8516860678792 46.527787894010544 10.24923601746559 254.08602127432823 279.34223566204309 1157.4176395386457 7.7744241356849662
leaf_count=36660 41689 19594 14931 9219 22 107 63 501 7885 2157 25 64 1239 66 139 1053 2459 68 102 34 24 4555 12442 258 188 42 1044 1148 4677 32
internal_value=-8.88806e-05 0.000407726 0.000973224 0.00263486 0.00466532 0.000256841 -0.0275287 -0.000692437 -0.00105809 0.000482496 0.0106167 -0.0252609 0.00480722 -0.0531776 -0.00177452 0.00342659 -0.00211776 -0.00695964 -0.00960881 -0.0138172 -0.0165925 -0.00160253 -0.000682422 0.00260772 -0.00193513 -0.00386741 -0.0040968 0.000387222 -0.00609232 0.0132446
internal_weight=35728.8 19601 14144.3 4260.99 2192.59 9883.29 22.6626 16127.7 5456.75 2068.4 129.082 10.0607 2189.09 7.16462 7041.86 435.956 6605.9 177.251 161.64 136.483 128.71 6031.06 4288.75 1182.64 3106.11 1742.32 1732.07 533.428 1198.64 41.2201
internal_count=162487 97061 69582 27723 16192 41859 170 65426 27479 11531 2312 155 16170 130 28766 1782 26984 729 661 559 525 24525 17443 4813 12630 7082 7040 2192 4848 171
is_linear=0
shrinkage=0.05


Tree=177
num_leaves=31
num_cat=0
split_feature=2 9 2 3 11 2 10 3 1 0 7 1 14 17 14 10 14 17 17 0 13 14 2 9 16 8 13 3 13 15
split_gain=3.70438 7.24984 5.87781 5.95263 6.36711 9.33344 10.2295 7.54795 7.84712 7.01877 7.00058 10.7836 7.11985 7.09941 6.88679 6.57026 6.49232 6.91689 5.8558 5.97259 6.66506 6.13246 5.84141 5.758 10.489 8.1686 7.69807 5.70511 7.04161 6.66179
threshold=1.5000000000000002 3.5000000000000004 2.5000000000000004 1.0000000180025095e-35 1.0000000180025095e-35 6.5000000000000009 2.5000000000000004 7.5000000000000009 3.5000000000000004 2.5000000000000004 2.5000000000000004 3.5000000000000004 35.000000000000007 15.500000000000002 17.000000000000004 3.5000000000000004 19.000000000000004 7.5000000000000009 14.500000000000002 1.5000000000000002 5.5000000000000009 23.000000000000004 3.5000000000000004 1.0000000180025095e-35 5.5000000000000009 1.0000000180025095e-35 4.5000000000000009 1.5000000000000002 1.0000000180025095e-35 14.500000000000002
decision_type=2 2 2 2 2 2 2 2 2 2 2 2 2 2 2 2 2 2 2 2 2 2 2 2 2 2 2 2 2 2
left_child=-1 2 -2 -4 7 27 -7 10 16 -8 -5 12 18 -14 15 23 -9 -18 19 22 21 -21 -12 26 -25 -26 -13 -6 29 -29
right_child=1 -3 3 4 5 6 9 8 -10 -11 11 14 13 -15 -16 -17 17 -19 -20 20 -22 -23 -24 24 25 -27 -28 28 -30 -31
leaf_value=0.00058578033727157259 -0.0015299605412282243 -0.0061471396217824548 -0.00090192946882963981 0.0030725009659182479 0.0039564621055603946 0.014943596294355255 -0.037557621121191764 0.027769817958150273 0.032986601513568824 0.020877668633541811 -0.030856114152966369 0.017524066858069003 0.007061456616296459 -0.029966961264061343 0.007209824483523421 -0.074525735060456511 -0.03810066344127247 0.0064781067593705213 -0.0013424394437388403 -0.03419991266555563 0.0035747263083315546 -0.078457102803709877 0.0040007746279057555 0.036183157739785664 0.0040826997527361819 -0.052536357875350319 -0.024075326205488533 -0.0075615143339267735 -0.002617331105312651 -0.032033603735420919
leaf_weight=19509.105418611784 5652.253916797461 537.48450335836969 4352.7135906014591 3443.6260831257096 276.31250467896461 145.64450138551183 17.107873694971207 20.779954840196297 40.817678697523661 7.3448281539021982 24.984747901558876 35.24324475962203 63.33670200407505 16.269933445379138 228.6805347148329 3.6777200987562528 12.211183973588048 30.275063435081393 32.1277194917202 23.850404188036919 7.3539040312170973 11.650747328996657 23.161641344428062 6.4125298000872126 9.3675663920585084 19.909873591503128 16.248298065504059 92.971880156314 994.69713655242231 39.677266096347012
leaf_count=80353 24169 2803 17873 19120 1300 2521 105 197 3683 309 102 284 267 72 1562 26 97 310 138 104 32 50 96 43 55 96 125 551 5678 215
internal_value=0.000121825 -0.000437376 -0.000241264 0.000487399 0.00155891 -0.00114184 0.00991941 0.00260322 0.0158945 -0.0200055 0.0022544 -0.00313977 -0.0121596 -0.000506379 0.00258297 -0.0090622 0.00486716 -0.0063345 -0.0196937 -0.0261726 -0.0397497 -0.0487242 -0.0140876 -0.00630065 -0.021735 -0.0344206 0.00439726 -0.00248226 -0.00406039 -0.0148815
internal_weight=35695.3 16186.2 15648.7 9996.46 5643.74 1573.76 170.097 4069.99 104.084 24.4527 3965.9 522.276 202.736 79.6066 319.54 90.8592 63.2662 42.4862 123.129 91.0014 42.8551 35.5012 48.1464 87.1815 35.69 29.2774 51.4915 1403.66 1127.35 132.649
internal_count=162336 81983 79180 55011 37138 10679 2935 26459 4287 414 22172 3052 861 339 2191 629 604 407 522 384 186 154 198 603 194 151 409 7744 6444 766
is_linear=0
shrinkage=0.05


Tree=178
num_leaves=31
num_cat=0
split_feature=9 6 6 14 2 17 1 17 1 5 13 14 3 15 10 3 3 3 15 3 1 9 15 14 14 3 0 13 5 14
split_gain=2.80589 5.43232 5.64647 4.98947 4.65995 5.31085 5.1815 4.9967 7.34284 5.0542 5.62704 7.55239 5.91661 4.73971 13.1861 9.14285 4.69249 11.9892 4.47197 6.84645 4.44731 4.26452 4.10272 8.75786 11.271 4.05131 5.79825 5.41627 5.13826 4.11273
threshold=3.5000000000000004 5.5000000000000009 3.5000000000000004 11.000000000000002 1.5000000000000002 20.500000000000004 8.5000000000000018 1.5000000000000002 1.5000000000000002 1.5000000000000002 3.5000000000000004 41.000000000000007 5.5000000000000009 15.500000000000002 2.5000000000000004 8.5000000000000018 9.5000000000000018 8.5000000000000018 14.500000000000002 6.5000000000000009 1.5000000000000002 4.5000000000000009 5.5000000000000009 13.000000000000002 31.000000000000004 6.5000000000000009 1.0000000180025095e-35 1.0000000180025095e-35 3.5000000000000004 43.000000000000007
decision_type=2 2 2 2 2 2 2 2 2 2 2 2 2 2 2 2 2 2 2 2 2 2 2 2 2 2 2 2 2 2
left_child=-1 2 4 -4 5 6 7 8 -2 10 16 12 -12 25 15 20 17 22 -14 -20 -15 -13 23 -9 -25 26 28 -28 -11 -30
right_child=1 -3 3 -5 -6 -7 -8 9 -10 13 11 21 18 14 -16 -17 -18 -19 19 -21 -22 -23 -24 24 -26 -27 27 -29 29 -31
leaf_value=1.2826764154303137e-05 0.01054989374096876 -0.034745970967588809 0.059762013979603547 0.0092094787965320817 -0.0061775394882701779 -0.018779915514323148 -0.050460267071513076 0.053825033469122353 -0.053828157123929465 0.015958358566374363 -0.0066477642555852843 -0.047225035355586684 0.0073083789668423951 -0.011047614560212644 -0.071383202083611971 -0.059805198184262179 0.051594145722210355 -0.045940943750494817 0.070801723717732176 0.0078702198402064421 0.018580117794157133 -0.0087895086851088287 0.018046818123824467 -0.05899549236481974 0.010608255222304826 0.012172598735756393 -0.064531535612513624 -0.010130395292481892 -0.029965441851267479 0.021541799531768994
leaf_weight=34610.422251497774 8.1847610771656054 12.881740423385052 5.8792290836572638 28.747381965164095 523.65776173456106 34.726480662822723 4.7879436928778878 5.6678433418273952 9.6530090644955617 45.739786848425865 49.885435938835144 11.029953196644785 36.326009377837181 29.408733934164047 8.7216804623603803 6.8394108936190596 7.4446364641189566 8.7551367878913862 8.3397233486175555 8.9706648141145688 22.247986905276775 20.875363633036613 129.3664341494441 9.2041323930025118 15.800935134291647 59.877967590466142 4.9704637378454199 57.557242169976234 13.395475260913374 5.4532919973134986
leaf_count=157270 35 60 26 136 2717 145 22 24 43 184 201 45 149 120 37 31 32 37 34 37 94 85 525 38 65 270 22 243 55 22
internal_value=-6.93985e-05 -0.00245207 -0.00209997 0.0177928 -0.00270057 0.000220886 0.00134209 0.001767 -0.0242886 0.00258833 0.00685597 -0.000808173 0.00574686 -0.00264383 -0.0140311 -0.00547999 0.0127453 0.0110319 0.0172747 0.0381891 0.00171273 -0.022077 0.0141487 -0.00229225 -0.0150122 0.00144949 -0.00360162 -0.0144549 0.00690531 -0.0150635
internal_weight=35804.8 1194.4 1181.51 34.6266 1146.89 623.231 588.504 583.716 17.8378 565.878 311.666 135.427 103.522 254.212 67.2178 58.4961 176.239 168.794 53.6364 17.3104 51.6567 31.9053 160.039 30.6729 25.0051 186.994 127.116 62.5277 64.5886 18.8488
internal_count=162804 5534 5474 162 5312 2595 2450 2428 78 2350 1272 551 421 1078 282 245 721 689 220 71 214 130 652 127 103 796 526 265 261 77
is_linear=0
shrinkage=0.05


Tree=179
num_leaves=31
num_cat=0
split_feature=2 9 15 14 16 3 17 8 5 2 8 3 16 16 15 17 15 14 14 14 4 14 15 17 13 14 5 11 3 7
split_gain=3.80619 4.03134 4.55852 6.76242 5.41309 3.85444 4.35894 3.60445 3.0271 6.32059 5.64099 5.63593 4.41119 8.95246 7.13756 5.85729 4.79504 5.37 8.39083 5.88049 4.73325 9.30241 4.11053 3.72485 5.95224 9.66593 5.40555 3.23707 5.47225 4.83694
threshold=13.500000000000002 1.0000000180025095e-35 19.500000000000004 45.000000000000007 8.5000000000000018 3.5000000000000004 3.5000000000000004 3.5000000000000004 10.500000000000002 6.5000000000000009 2.5000000000000004 6.5000000000000009 11.500000000000002 14.500000000000002 3.5000000000000004 3.5000000000000004 3.5000000000000004 23.000000000000004 43.000000000000007 15.000000000000002 2.5000000000000004 33.000000000000007 11.500000000000002 13.500000000000002 2.5000000000000004 29.000000000000004 11.500000000000002 3.5000000000000004 8.5000000000000018 3.5000000000000004
decision_type=2 2 2 2 2 2 2 2 2 2 2 2 2 2 2 2 2 2 2 2 2 2 2 2 2 2 2 2 2 2
left_child=8 2 3 4 7 -6 -7 -2 27 10 11 12 15 -14 -15 -10 -17 19 20 22 -19 -22 -18 24 26 -26 -16 -1 29 -29
right_child=1 -3 -4 -5 5 6 -8 -9 9 -11 -12 -13 13 14 23 16 17 18 -20 -21 21 -23 -24 -25 25 -27 -28 28 -30 -31
leaf_value=2.8102851107937582e-05 0.070509629661593645 0.066457968704157863 0.073162243517302536 0.067144996679794539 -0.07189301409409446 -0.20194172699549898 0.057080701926435676 -0.034740533570250275 0.057758027890461652 0.049897125436039025 -0.027445642296060415 0.057293436087119731 0.059092576688988312 -0.071361402106767655 0.075918308789331521 0.05039560322509419 0.014491876580549562 -0.079348408496162204 0.014661883077707362 0.045505472012422277 0.041017232387440358 -0.099529551984796349 -0.043785757021143505 0.044451886600913995 0.017367810584115555 -0.091150798564718222 -0.0079832641933226429 -0.0017233474661641258 -0.041567700957874001 -0.019023200240953567
leaf_weight=34483.09883465973 2.0415674671530746 4.0814149638463268 2.4073041043884578 2.736887556151486 4.703006929717958 0.18744315538788203 1.2167960872466208 1.3522575003444215 3.4501785375177851 8.4531250034924579 11.887266772333531 5.7127068041590965 9.9878623776603472 2.8479081690311459 3.616503188502981 3.0266550411470226 5.9041555919684487 8.1877528503537196 6.157925591687671 5.8983895941637448 2.8499741612467906 2.0059849137905985 6.2064089709892869 6.5375706363702184 4.7482856498099846 3.6136377099901438 4.0917083225212991 1111.1671808249084 8.9651641852688027 41.928793115075678
leaf_count=153418 117 392 91 190 38 9 477 29 26 1516 75 437 83 23 27 33 39 38 50 37 28 22 37 70 32 22 24 4818 81 183
internal_value=-2.25691e-05 0.0225131 0.0102664 -0.00210575 -0.0220542 -0.050188 0.0225054 0.0285731 -3.43737e-05 0.00843534 0.00481208 0.00933164 0.00586913 0.0189756 0.00323511 -0.00476408 -0.0101251 -0.0150478 -0.0334427 0.00456545 -0.0561529 -0.0170423 -0.0153742 0.0126321 -0.000312693 -0.0295289 0.0313813 -5.93667e-05 -0.00265494 -0.0023524
internal_weight=35769.1 18.7267 14.6453 12.238 9.50107 6.10725 1.40424 3.39382 35750.3 105.184 96.7309 84.8436 79.1309 35.4435 25.4556 43.6874 40.2372 37.2106 19.2016 18.009 13.0437 4.85596 12.1106 22.6077 16.0701 8.36192 7.70821 35645.2 1162.06 1153.1
internal_count=162462 1343 951 860 670 524 486 146 161119 2619 1103 1028 591 281 198 310 284 251 138 113 88 50 76 175 105 54 51 158500 5082 5001
is_linear=0
shrinkage=0.05


Tree=180
num_leaves=31
num_cat=0
split_feature=10 11 9 4 5 17 2 1 6 10 4 9 10 8 7 17 16 15 2 6 0 6 16 15 4 16 4 17 17 0
split_gain=3.76582 2.83215 3.85524 4.59845 4.69843 3.11132 5.23839 4.10011 6.22452 3.73688 2.57284 2.28492 3.86958 5.54832 4.54751 4.5881 5.45761 4.4932 3.9033 3.81552 7.8201 4.26525 8.13483 5.22738 3.93671 5.19358 3.58762 6.75722 5.86718 4.84084
threshold=9.5000000000000018 6.5000000000000009 2.5000000000000004 4.5000000000000009 9.5000000000000018 7.5000000000000009 2.5000000000000004 2.5000000000000004 1.5000000000000002 1.0000000180025095e-35 1.0000000180025095e-35 1.5000000000000002 4.5000000000000009 3.5000000000000004 1.0000000180025095e-35 3.5000000000000004 7.5000000000000009 13.500000000000002 1.0000000180025095e-35 5.5000000000000009 6.5000000000000009 6.5000000000000009 17.500000000000004 12.500000000000002 3.5000000000000004 13.500000000000002 6.5000000000000009 12.500000000000002 17.500000000000004 2.5000000000000004
decision_type=2 2 2 2 2 2 2 2 2 2 2 2 2 2 2 2 2 2 2 2 2 2 2 2 2 2 2 2 2 2
left_child=1 11 3 5 -5 6 -3 8 9 -7 -4 -1 19 14 15 16 -14 -16 -19 -13 24 22 23 -22 25 -21 -17 -28 -29 -30
right_child=-2 2 10 4 -6 7 -8 -9 -10 -11 -12 12 13 -15 17 26 -18 18 -20 20 21 -23 -24 -25 -26 -27 27 28 29 -31
leaf_value=0.00014985914666760237 -0.035013576251910129 -0.01998757450697565 0.034252358479825724 -0.017004634403039693 0.059024130031911939 -0.016744076751101813 0.030576596857171831 -0.049239253515451699 -0.053975020323042168 0.02946668613660329 -0.0095913020103366164 -0.00054589964002479171 0.057698395266486568 -0.06458545779748899 -0.0041803881326302446 -0.024377463490198353 -0.012096530567969433 -0.0046198508671695723 0.051420494706854052 -0.049800130385949257 0.048616233069761282 -0.01621119301435257 -0.046974035154512817 -0.0018688813011406317 0.011659518320611054 -0.0055968153006074953 -0.020769406904696176 0.044249357197117541 0.023529247288074921 -0.061471353211479451
leaf_weight=28003.463871947577 7.7168982371222219 16.13786289840937 7.7059832960367185 4.000926520675419 4.1293560945196077 12.215302273631101 7.5038695670664302 13.506535978056489 7.5003871023654929 6.8159321993589392 5.9141384968534112 7446.2508943111752 4.86689036618918 4.3052202835679045 28.936247781617567 54.917089752852917 6.5980376675724983 4.9076716899871817 8.4695710833184403 20.837085366249088 12.780041425721725 17.67097671655938 4.3063690834678701 8.5628571808338148 5.1217560637742272 9.7563802897930128 26.59146075299941 9.9371672429260816 3.5821960084140292 3.1461000459967181
leaf_count=127023 36 67 32 19 46 51 35 63 31 28 33 34075 25 22 143 227 29 20 41 85 75 90 25 39 25 40 130 66 17 29
internal_value=-8.89906e-05 -8.14562e-05 -0.00917437 -0.0138002 0.0216102 -0.0183212 -0.00393854 -0.0268138 -0.0153976 -0.000193946 0.0152145 -5.96877e-05 -0.000823601 -0.00861147 -0.00702557 -0.0123991 0.0175316 0.00689785 0.0308611 -0.000661892 -0.01159 0.00269064 0.015713 0.0283614 -0.0289114 -0.0357035 -0.0158945 -0.00512483 0.0198377 -0.0162164
internal_weight=35778.2 35770.4 85.4303 71.8102 8.13028 63.6799 23.6417 40.0382 26.5316 19.0312 13.6201 35685 7681.54 156.258 151.952 109.639 11.4649 42.3135 13.3772 7525.29 79.0355 43.3202 25.6493 21.3429 35.7152 30.5935 98.174 43.2569 16.6655 6.7283
internal_count=162667 162631 405 340 65 275 102 173 110 79 65 162226 35203 749 727 523 54 204 61 34454 379 229 139 114 150 125 469 242 112 46
is_linear=0
shrinkage=0.05


Tree=181
num_leaves=31
num_cat=0
split_feature=16 16 1 8 17 15 9 10 13 13 15 10 5 13 7 6 15 16 1 14 17 14 4 1 0 14 7 13 8 6
split_gain=2.93187 5.5741 7.00464 7.0957 7.01045 9.2708 9.18573 7.24009 6.86744 6.47773 6.12661 7.24586 5.56216 10.3922 11.4 8.21782 7.33384 7.97836 7.31341 7.28612 8.99415 6.08812 5.5267 5.45646 5.22506 5.10014 5.0783 7.93366 5.03305 4.84763
threshold=3.5000000000000004 7.5000000000000009 2.5000000000000004 4.5000000000000009 17.500000000000004 22.500000000000004 2.5000000000000004 1.0000000180025095e-35 1.0000000180025095e-35 5.5000000000000009 7.5000000000000009 1.5000000000000002 1.0000000180025095e-35 1.0000000180025095e-35 4.5000000000000009 1.0000000180025095e-35 7.5000000000000009 1.0000000180025095e-35 9.5000000000000018 51.000000000000007 3.5000000000000004 29.000000000000004 2.5000000000000004 4.5000000000000009 4.5000000000000009 33.000000000000007 2.5000000000000004 2.5000000000000004 1.5000000000000002 3.5000000000000004
decision_type=2 2 2 2 2 2 2 2 2 2 2 2 2 2 2 2 2 2 2 2 2 2 2 2 2 2 2 2 2 2
left_child=12 2 -2 4 -4 6 7 -6 -5 -3 24 -12 13 16 19 25 -1 21 29 -15 -21 -18 26 -19 -9 -16 27 -10 -8 -14
right_child=1 9 3 8 5 -7 28 10 22 -11 11 -13 18 14 15 -17 17 23 -20 20 -22 -23 -24 -25 -26 -27 -28 -29 -30 -31
leaf_value=0.0015489833076617371 -0.0021671534388259567 0.00055129999320366731 0.0004337872404569826 -0.066668448927438811 0.019384207575247905 -0.0427322997672131 -0.0012771710246531059 -0.010075938552584006 0.042472209514111153 -0.002214706817938956 -0.027930621815522118 0.022308075670223769 0.0034155408576303972 -6.0459011509497733e-05 0.0039224394345733224 -0.085382465950006509 -0.012541038998827024 -0.010548361438604052 0.040399823456979907 0.050400900944326768 0.0077897667232488324 -0.072453071912566253 0.017997754246676736 -0.054898027472667248 -0.077674675097804763 -0.051268082078286786 -0.043604979554676702 -0.02659235482144854 -0.041467219182295977 -0.010331565730402503
leaf_weight=61.871395982801914 5759.9461912452243 21877.203344905516 1974.0396465656231 6.1802657581865779 173.55793415749213 8.5015267953276616 28.998596738558263 24.226140455110002 6.1599057912826565 2343.4199462950346 9.0232838162919489 35.079914659494534 1872.7810457505984 1152.3011947628111 11.087133154273038 5.812693551182746 6.7428741231560734 87.635552614927292 13.121054671501041 13.628230199217795 135.62060267478228 11.424866467714308 12.3895811594557 7.5314048379659644 3.241038510343059 6.7249305695295325 14.31290566921234 12.795918828807769 10.651175674982367 66.401660141767934
leaf_count=258 23742 99282 9954 32 986 46 169 122 26 10547 49 182 9993 4742 46 25 28 355 443 57 554 47 97 31 59 28 59 57 60 364
internal_value=5.2361e-05 -9.56755e-05 -0.00123296 0.00108724 0.00150543 0.00871855 0.0102545 0.0138661 -0.0172035 0.00028368 0.000484722 0.0120295 0.00143724 -0.000851976 0.0006611 -0.0337607 -0.0122962 -0.0198545 0.00319654 0.0012859 0.0116807 -0.050217 -0.010508 -0.0140581 -0.0180524 -0.0169147 -0.0211238 -0.00414906 -0.0120735 0.00294481
internal_weight=35752.4 32299.7 8079.1 2319.16 2267.32 293.28 284.778 245.128 51.8386 24220.6 71.5704 44.1032 3452.68 1500.38 1325.17 23.6248 175.206 113.335 1952.3 1301.55 149.249 18.1677 45.6583 95.167 27.4672 17.8121 33.2687 18.9558 39.6498 1939.18
internal_count=162440 145469 35640 11898 11627 1673 1627 1398 271 109829 412 231 16971 6171 5452 99 719 461 10800 5353 611 75 239 386 181 74 142 83 229 10357
is_linear=0
shrinkage=0.05


Tree=182
num_leaves=31
num_cat=0
split_feature=11 5 3 15 5 2 16 14 14 2 6 14 0 4 2 5 0 5 13 16 14 1 0 1 4 16 13 1 14 14
split_gain=3.56982 6.94164 6.95895 5.20304 5.65159 4.48678 5.52304 4.35123 8.98794 6.86426 7.30462 5.9051 5.82778 5.47409 6.43992 4.28437 9.46313 6.59079 5.34991 7.74901 6.18759 7.52925 5.50229 5.40687 5.07976 6.44648 5.57489 6.82799 4.93421 7.23008
threshold=1.0000000180025095e-35 2.5000000000000004 7.5000000000000009 4.5000000000000009 1.0000000180025095e-35 4.5000000000000009 14.500000000000002 27.000000000000004 47.000000000000007 1.0000000180025095e-35 1.5000000000000002 19.000000000000004 1.0000000180025095e-35 1.5000000000000002 1.5000000000000002 1.0000000180025095e-35 7.5000000000000009 1.5000000000000002 5.5000000000000009 6.5000000000000009 37.000000000000007 11.500000000000002 12.500000000000002 8.5000000000000018 1.0000000180025095e-35 2.5000000000000004 3.5000000000000004 1.0000000180025095e-35 47.000000000000007 39.000000000000007
decision_type=2 2 2 2 2 2 2 2 2 2 2 2 2 2 2 2 2 2 2 2 2 2 2 2 2 2 2 2 2 2
left_child=15 2 3 5 -5 6 7 9 -9 -2 12 -12 -11 -10 -15 18 17 28 20 -20 22 -22 -1 -21 25 -18 -26 -28 29 -17
right_child=1 -3 -4 4 -6 -7 -8 8 13 10 11 -13 -14 14 -16 16 24 -19 19 23 21 -23 -24 -25 26 -27 27 -29 -30 -31
leaf_value=0.0010400863980026855 0.0050899103580714202 0.00019226079477163474 -0.024516825392014205 0.042595357140124183 -0.0016917753924138466 0.0084293517699022876 0.00020115378981211296 -0.028164994050318672 -0.016664788045259778 -0.02491337466734346 -0.070010744139503173 -0.0019766056645659433 0.0078215722090122699 -0.006578829448994206 0.046197459918114775 0.0032594417175134411 -0.057691300447823196 0.00015775878141364077 0.0033521428691543724 -0.0046054187041573566 -0.0010444302891230418 -0.048975027575286691 -0.04350441806730769 -0.051440054879458533 0.0091976671688918116 0.0044159579683286879 -0.0054017512084854249 0.038441058787860895 0.007501875312292944 -0.0047509148676943593
leaf_weight=8958.0355768762529 66.71700444817543 6751.9044293393963 35.879116537980735 7.2224516719579688 2775.3061677627265 40.437886364758015 114.74845238029957 93.175565004348755 30.146758913993835 27.831856250762939 10.117873579263685 4.6576575934886923 26.581928044557571 13.866484850645067 9.9119721874594671 1864.4778125397861 4.525551561266183 6725.0062381731113 379.42835281789303 1191.0492052547634 5574.2263825312257 8.2054964601993543 6.9379540458321562 6.1944694817066184 86.384720331639983 54.418750101700425 11.135131035000084 43.858085106825456 511.52438279148191 331.82953601516783
leaf_count=36290 272 32628 163 29 11319 188 480 393 125 114 45 21 121 58 45 8289 24 34013 1540 4808 22569 34 32 25 2918 259 60 2007 2276 1487
internal_value=7.91119e-05 -0.000722243 -0.00261828 -0.00237433 -0.00157682 -0.00743851 -0.00905171 -0.0128034 -0.0187626 -0.00635331 -0.0173876 -0.0485645 -0.00892188 -0.00251657 0.0154208 0.000390495 0.00122478 0.000996411 -0.000107943 -0.00287443 0.000191893 -0.00111488 0.00100561 -0.00484774 0.0119785 -0.000352435 0.0171196 0.0295637 0.00307924 0.0020492
internal_weight=35765.7 10008.5 3256.6 3220.72 2782.53 438.193 397.756 283.007 147.101 135.906 69.1893 14.7755 54.4138 53.9252 23.7785 25757.2 9633.16 9432.84 16124.1 1576.67 14547.4 5582.43 8964.97 1197.24 200.322 58.9443 141.378 54.9932 2707.83 2196.31
internal_count=162632 46001 13373 13210 11348 1862 1674 1194 621 573 301 66 235 228 103 116631 51333 46065 65298 6373 58925 22603 36322 4833 5268 283 4985 2067 12052 9776
is_linear=0
shrinkage=0.05


Tree=183
num_leaves=31
num_cat=0
split_feature=6 17 13 13 1 1 9 14 3 16 17 15 17 0 13 15 3 1 15 16 17 16 9 15 15 2 14 4 16 15
split_gain=2.58503 4.06322 3.84776 3.63664 4.00835 3.6046 5.67234 4.78981 4.13441 3.28684 5.52916 6.17063 6.8992 5.63166 6.05609 7.39833 10.4638 7.3833 6.16033 10.175 6.01072 6.68793 8.51819 5.32975 9.77698 5.87943 8.59355 6.13799 5.60209 5.43099
threshold=3.5000000000000004 3.5000000000000004 5.5000000000000009 1.0000000180025095e-35 1.0000000180025095e-35 1.0000000180025095e-35 2.5000000000000004 29.000000000000004 3.5000000000000004 11.500000000000002 16.500000000000004 8.5000000000000018 17.500000000000004 5.5000000000000009 2.5000000000000004 4.5000000000000009 1.0000000180025095e-35 5.5000000000000009 13.500000000000002 13.500000000000002 4.5000000000000009 14.500000000000002 1.5000000000000002 21.500000000000004 17.500000000000004 1.5000000000000002 37.000000000000007 1.0000000180025095e-35 9.5000000000000018 5.5000000000000009
decision_type=2 2 2 2 2 2 2 2 2 2 2 2 2 2 2 2 2 2 2 2 2 2 2 2 2 2 2 2 2 2
left_child=-1 3 9 4 -2 -4 7 -7 -8 23 13 12 -12 -11 15 16 -15 18 19 -16 -17 22 -22 24 29 27 -27 -25 -26 -3
right_child=1 2 5 -5 -6 6 8 -9 -10 10 11 -13 -14 14 17 20 -18 -19 -20 -21 21 -23 -24 25 28 26 -28 -29 -30 -31
leaf_value=2.9001397052314423e-05 -0.025657948438763425 0.0060751688108195215 0.00022010141878836726 -0.013953274608143605 0.032681558791481012 -0.0054588918484047809 -0.089361639283987215 -0.049656213419362966 -0.021830585257942133 0.0082096438629877585 0.041436304369697897 0.029504624093416278 -0.016859236022505966 0.0067997832635112252 -0.022453895039653754 0.045402175963846526 -0.094150750732403921 -0.048056009470797065 -0.010958721511889273 0.025262437778901511 0.019582360644613279 -0.024953466406515856 -0.048264852054572836 0.030592137515963087 0.022952405718531046 -0.090410278638607511 -0.0090039375001623647 -0.027645709490532661 -0.014450827274094287 -0.0071413039233777544
leaf_weight=34561.115816832375 4.3702959418296805 99.329357843962498 43.452931061387062 109.66975775407627 9.0233583929948491 41.062375698820688 4.4749101400375348 7.2058198293671003 4.5924118817783892 139.06862976774573 6.8236617461079758 37.76481812010752 19.809422171849292 4.2877318114042264 14.166089539416133 4.7228746882756232 6.3959452638518997 6.6364243320422238 33.968844698742032 52.864595366641879 23.045923561672684 44.473014716932084 5.7880737083032718 7.4099625200033215 55.038172568543814 6.3142541535198671 6.6625985511345789 11.618052802979944 12.236579395830629 357.4550243607373
leaf_count=157024 18 494 176 498 45 205 19 38 27 580 36 220 115 18 64 23 38 79 155 243 109 223 28 30 247 32 33 48 52 1597
internal_value=-4.95617e-05 -0.00235112 -0.00134972 -0.0109495 0.0136456 -0.0106415 -0.0188733 -0.012057 -0.0551586 -0.000369988 0.00308773 0.0165069 -0.00192334 0.000511338 -0.00494115 -0.0146136 -0.0536358 0.00303086 0.00638765 0.0151782 -0.00927073 -0.0127931 0.00596286 -0.00285613 -0.00164642 -0.0226642 -0.0486145 -0.0049665 0.0161491 -0.00426734
internal_weight=35740.8 1179.73 1056.67 123.063 13.3937 100.788 57.3355 48.2682 9.06732 955.88 399.816 64.3979 26.6331 335.418 196.35 88.7136 10.6837 107.636 101 67.0307 78.0299 73.307 28.834 556.064 524.059 32.0049 12.9769 19.028 67.2748 456.784
internal_count=162514 5490 4929 561 63 465 289 243 46 4464 1931 371 151 1560 980 439 56 541 462 307 383 360 137 2533 2390 143 65 78 299 2091
is_linear=0
shrinkage=0.05


Tree=184
num_leaves=31
num_cat=0
split_feature=14 14 9 16 7 13 17 13 6 9 16 15 3 17 0 2 15 5 16 14 0 3 17 1 16 17 10 11 5 5
split_gain=3.90005 6.92541 8.93684 7.99417 7.09784 8.36228 12.9528 6.56125 8.79739 6.36058 5.96345 5.76789 6.82207 5.62784 5.31176 5.95322 5.73588 6.17107 6.51021 7.71572 5.0378 5.31528 4.9 4.67674 5.84581 4.67157 5.10629 4.6156 4.51069 4.49826
threshold=51.000000000000007 55.000000000000007 5.5000000000000009 7.5000000000000009 3.5000000000000004 2.5000000000000004 1.0000000180025095e-35 1.5000000000000002 2.5000000000000004 3.5000000000000004 5.5000000000000009 4.5000000000000009 1.5000000000000002 16.500000000000004 4.5000000000000009 5.5000000000000009 8.5000000000000018 1.5000000000000002 13.500000000000002 57.000000000000007 2.5000000000000004 2.5000000000000004 19.500000000000004 1.5000000000000002 5.5000000000000009 13.500000000000002 1.0000000180025095e-35 1.5000000000000002 9.5000000000000018 1.5000000000000002
decision_type=2 2 2 2 2 2 2 2 2 2 2 2 2 2 2 2 2 2 2 2 2 2 2 2 2 2 2 2 2 2
left_child=-1 2 3 -2 5 11 -7 -6 10 14 -9 12 -3 -4 15 16 17 22 -19 -20 21 -12 -8 -17 -25 -14 -27 -21 -5 -18
right_child=1 4 13 28 7 6 9 8 -10 -11 20 -13 25 -15 -16 23 29 18 19 27 -22 -23 -24 24 -26 26 -28 -29 -30 -31
leaf_value=0.00051747259221151306 0.00091280656522844657 -0.020678178576258283 0.015243897942369848 -0.005662181409087033 0.0081056693841647636 0.053710628825877432 0.0035543489051740058 -0.066953306243835151 0.027617407904211768 -0.016908053165844934 -0.017312140934670331 -0.00021139410169965461 -0.0085850877816621134 0.076025568368574978 -0.0065056838273939216 0.003641742143199872 0.0075758570899817461 0.026330595227208039 -0.016557549968507536 0.042161588695400348 0.019418840345383308 -0.063693212083425627 0.036342516610788349 -0.077471324522118468 -0.014899337816448586 0.029734142444535192 -0.028300097069919407 0.0017608138188435396 0.038682519887782582 -0.0015068096293366577
leaf_weight=31239.728595168883 727.12786456075264 80.64545539021492 22.16829731059261 1473.9737056598533 22.925656389561482 13.219436332117764 176.94129246473312 9.660019757691769 7.136656785150989 35.466233185026795 20.81742732226849 936.00957656122046 47.454948432510719 4.5982983841095111 97.173206356790615 23.896247811615467 304.65172529220581 103.8342957040295 23.486167276278138 14.319060701876881 5.9292966080247416 8.7833545133471471 12.178982727229593 4.739417152246463 17.573087852913886 19.450441473280083 4.7077296681236467 13.963424094021319 5.7569525078288271 246.71401685243472
leaf_count=142118 3319 342 104 6465 111 68 723 43 35 167 86 4199 248 24 733 101 1235 455 99 66 36 39 51 37 114 117 30 62 232 1038
internal_value=0.00031952 -0.0010592 -0.00303183 -0.00338014 0.00089761 0.00141961 0.00451904 -0.0141994 -0.0239718 0.00391409 -0.0321191 -0.00167951 -0.0107048 0.0256857 0.00462453 0.00577232 0.00667481 0.011734 0.0191092 0.00462496 -0.0226483 -0.0310747 0.00566584 -0.0117288 -0.0281903 0.000526553 0.0184249 0.0222152 -0.00548966 0.00351173
internal_weight=35725 4485.3 2233.63 2206.86 2251.68 2176.42 1088.16 75.2524 52.3268 1074.94 45.1901 1088.27 152.259 26.7666 1039.47 942.298 896.089 344.723 155.603 51.7687 35.5301 29.6008 189.12 46.2088 22.3125 71.6131 24.1582 28.2825 1479.73 551.366
internal_count=162497 20379 10144 10016 10235 9885 4949 350 239 4881 204 4936 737 128 4714 3981 3729 1456 682 227 161 125 774 252 151 395 147 128 6697 2273
is_linear=0
shrinkage=0.05


Tree=185
num_leaves=31
num_cat=0
split_feature=16 0 4 6 15 13 17 2 16 5 5 8 15 9 15 15 5 15 1 14 6 1 6 14 8 9 0 2 5 15
split_gain=3.09333 6.15199 5.98373 6.14965 11.2349 5.77633 5.3418 5.67906 4.76503 6.68903 5.82285 5.79589 6.74741 5.32043 5.37156 4.64892 5.59676 4.56928 8.6001 7.33764 7.74344 5.43664 5.08896 5.0569 4.54044 4.3775 4.3706 4.98923 4.3301 4.81916
threshold=4.5000000000000009 1.0000000180025095e-35 3.5000000000000004 3.5000000000000004 19.500000000000004 3.5000000000000004 1.0000000180025095e-35 4.5000000000000009 8.5000000000000018 9.5000000000000018 16.500000000000004 2.5000000000000004 23.500000000000004 1.5000000000000002 20.500000000000004 26.500000000000004 1.0000000180025095e-35 23.500000000000004 6.5000000000000009 53.000000000000007 1.0000000180025095e-35 2.5000000000000004 1.5000000000000002 51.000000000000007 7.5000000000000009 5.5000000000000009 1.5000000000000002 9.5000000000000018 11.500000000000002 19.500000000000004
decision_type=2 2 2 2 2 2 2 2 2 2 2 2 2 2 2 2 2 2 2 2 2 2 2 2 2 2 2 2 2 2
left_child=1 -1 6 25 5 -5 7 -3 9 13 11 12 -11 17 -15 26 -17 24 19 20 -19 22 -22 -24 -2 -4 -8 -28 -10 -30
right_child=8 2 3 4 -6 -7 15 -9 28 10 -12 -13 -14 14 -16 16 -18 18 -20 -21 21 -23 23 -25 -26 -27 27 -29 29 -31
leaf_value=-0.00078943892346768063 -6.6586031314126723e-05 0.028124943366448708 0.009235177261809743 -0.024413374126770897 -0.098731762655154098 0.023213767138414377 0.0058031197290255229 -0.025368041466333525 0.00025943069751463112 -0.013795114761397187 0.078970406649727765 -0.085087278679437994 -0.11405316455779213 -0.0040849003936133822 0.005818884904266252 -0.001490414074651814 0.057948069876008423 -0.00073888732667172811 0.057210826426543848 -0.047428877398150694 -0.050771907028523647 -0.050608822384158841 -0.013869446651241244 0.040365758198155112 -0.034334322160602553 -0.040044994224846808 -6.0590829265462459e-05 0.034682218479188634 0.0093210330636087409 0.057224574316240909
leaf_weight=2158.9229989796877 6695.2918720981688 32.912965232506394 502.36407153005712 14.395302327699033 3.5068151960149399 11.414035664638503 414.60106547176838 5.8423399063758543 21745.719113504136 35.532482821145095 1.4102070931112383 3.5853997644735491 1.7613685153191898 1769.6679829613422 148.391258868156 7.8924608677625638 7.949418805539608 139.23083527036943 4.9885520979296407 11.844623222947119 7.4579536169767371 13.550039656460283 25.465621873736385 5.1706273704767218 9.6804274464957398 4.5471104325260958 1869.1862154002301 10.390843877103178 36.731207057950087 6.1257977698114692
leaf_count=8844 28844 174 4415 118 22 82 1831 44 97419 541 80 82 18 7707 625 32 36 572 30 49 30 61 104 21 46 50 8459 93 1763 207
internal_value=8.17137e-05 0.00122915 0.00273971 0.00750544 -0.0147601 -0.00335054 0.00165169 0.0200609 -0.000107043 -0.00108379 -0.0209218 -0.0243678 -0.0185302 -0.000988792 -0.00331869 0.00134284 0.0283357 -0.000342316 -0.007646 -0.00924201 -0.00687235 -0.0234079 -0.0137326 -0.00471591 -0.000116061 0.00879312 0.00115645 0.000131477 0.000290722 0.0161682
internal_weight=35705.5 5043.93 2885 536.227 29.3162 25.8093 2348.78 38.7553 30661.6 8873.03 42.2895 40.8793 37.2939 8830.74 1918.06 2310.02 15.8419 6912.68 207.708 202.72 190.875 51.6442 38.0942 30.6362 6704.97 506.911 2294.18 1879.58 21788.6 42.857
internal_count=162399 24200 15356 4687 222 200 10669 218 138199 38810 721 641 559 38089 8332 10451 68 29757 867 837 788 216 155 125 28890 4465 10383 8552 99389 1970
is_linear=0
shrinkage=0.05


Tree=186
num_leaves=31
num_cat=0
split_feature=17 15 16 16 8 14 2 8 15 3 13 13 5 13 2 2 11 14 6 16 14 3 2 1 2 16 0 5 17 17
split_gain=5.0849 5.34374 5.4414 5.97441 6.09246 10.2656 4.30088 5.72491 5.7794 5.70065 5.27714 6.72915 7.76667 5.1732 4.78395 4.4964 4.25867 4.51822 4.24406 4.20688 3.8096 5.83118 6.87155 7.00924 3.80381 3.71218 3.63752 6.23377 3.89383 4.64011
threshold=1.5000000000000002 3.5000000000000004 22.500000000000004 11.500000000000002 1.0000000180025095e-35 11.000000000000002 7.5000000000000009 2.5000000000000004 18.500000000000004 7.5000000000000009 1.5000000000000002 2.5000000000000004 3.5000000000000004 1.0000000180025095e-35 10.500000000000002 8.5000000000000018 1.5000000000000002 33.000000000000007 1.0000000180025095e-35 10.500000000000002 19.000000000000004 1.0000000180025095e-35 3.5000000000000004 2.5000000000000004 2.5000000000000004 16.500000000000004 11.500000000000002 3.5000000000000004 3.5000000000000004 7.5000000000000009
decision_type=2 2 2 2 2 2 2 2 2 2 2 2 2 2 2 2 2 2 2 2 2 2 2 2 2 2 2 2 2 2
left_child=1 2 3 4 -1 -6 7 9 10 -3 13 -12 -13 -9 15 -8 17 -7 -15 -10 -5 24 23 -23 -22 -24 -2 28 -28 -30
right_child=26 6 -4 20 5 16 14 8 19 -11 11 12 -14 18 -16 -17 -18 -19 -20 -21 21 22 25 -25 -26 -27 27 -29 29 -31
leaf_value=0.026288687274019687 -0.00028453156711519132 0.0013572771500238176 0.066786337162065709 0.015647106929081282 0.061973528524904536 -0.064300840874428847 -0.01329672529902895 0.0095065698977678473 0.051552411069726793 -0.027683742506213013 0.038087286843667863 0.012242053300859573 -0.041662528237913374 -0.051369524918197552 0.025344886829262295 -0.070594273673423552 0.028996806450506618 -0.0079914344707957673 0.0053381782852564147 0.0080841461540138628 -0.0062806223922959471 -0.038419074125154898 -0.1078248140324357 0.029331464787707203 0.049579416309515317 -0.033243828202511816 -0.051275074116066015 0.040672500918570623 0.035003444996982873 -0.0035874592823352857
leaf_weight=64.429147047223523 34438.846360433003 854.2852692741435 4.4046034105122081 18.559489149600267 4.6805367320776012 6.432971443980934 8.761559708509596 15.407095201313496 14.197097197175028 17.239206861704588 21.068058302160352 50.499942444264889 7.7013143775984636 9.6509747784584743 4.1333926928928113 5.6204403325682497 3.4126661880873135 7.9834597315639257 5.013349875807763 9.1557984948158246 8.354720510542391 9.0221389159560221 3.320679339580237 6.6177217513322821 4.7976460605859748 3.353280445560813 3.0985221229493609 14.497653441299915 10.713591487146912 28.537313910434023
leaf_count=423 154259 3729 22 92 29 41 55 67 59 104 92 213 43 43 40 46 25 47 22 38 36 42 22 34 21 20 17 2169 64 208
internal_value=-0.000153807 0.00309063 0.0120607 0.0103508 0.0184652 -0.00392805 0.00181564 0.00225591 0.011931 0.000782831 0.00710857 0.0138741 0.00510928 -0.0107256 -0.0220633 -0.0356884 -0.0212287 -0.0331181 -0.0319826 0.0345101 -0.00270701 -0.0123117 -0.027877 -0.00975167 0.0140957 -0.0703522 -0.000263671 0.0123738 0.0026862 0.00694598
internal_weight=35663.8 1168.1 145.369 140.964 86.9388 22.5096 1022.73 1004.22 132.694 871.524 109.341 79.2693 58.2013 30.0714 18.5154 14.382 17.8291 14.4164 14.6643 23.3529 54.0257 35.4662 22.3138 15.6399 13.1524 6.67396 34495.7 56.8471 42.3494 39.2509
internal_count=162122 5405 854 832 565 142 4551 4410 577 3833 480 348 256 132 141 101 113 88 65 97 267 175 118 76 57 42 156717 2458 289 272
is_linear=0
shrinkage=0.05


Tree=187
num_leaves=31
num_cat=0
split_feature=3 6 17 10 17 17 1 16 11 4 3 16 3 4 2 0 1 16 4 9 10 5 15 13 2 1 17 15 11 1
split_gain=3.14529 5.55882 8.39107 8.57786 7.74851 7.95702 8.89471 6.9394 6.79691 6.77498 6.54222 6.36865 6.00475 5.97996 7.74544 8.19642 5.32481 6.02649 5.31671 8.48751 5.22266 5.10923 5.64531 5.48774 4.98056 6.13063 9.48847 4.96581 5.49393 7.55837
threshold=2.5000000000000004 1.0000000180025095e-35 23.500000000000004 1.0000000180025095e-35 4.5000000000000009 9.5000000000000018 4.5000000000000009 18.500000000000004 2.5000000000000004 1.0000000180025095e-35 6.5000000000000009 19.500000000000004 10.500000000000002 5.5000000000000009 1.0000000180025095e-35 2.5000000000000004 12.500000000000002 4.5000000000000009 1.5000000000000002 1.0000000180025095e-35 4.5000000000000009 1.0000000180025095e-35 20.500000000000004 3.5000000000000004 4.5000000000000009 4.5000000000000009 5.5000000000000009 2.5000000000000004 1.0000000180025095e-35 3.5000000000000004
decision_type=2 2 2 2 2 2 2 2 2 2 2 2 2 2 2 2 2 2 2 2 2 2 2 2 2 2 2 2 2 2
left_child=-1 13 3 4 -3 10 -7 -8 -4 -10 11 21 -12 16 -15 -16 20 -18 19 -13 -2 22 23 -6 25 27 -27 -23 -29 -30
right_child=1 2 8 -5 5 6 7 -9 9 -11 12 18 -14 14 15 -17 17 -19 -20 -21 -22 24 -24 -25 -26 26 -28 28 29 -31
leaf_value=-0.00027169131521260007 0.0012543906402430593 0.0072335427263977327 0.02458849310685805 -0.0059086542716620186 0.0085149376189925675 -1.3382895461739135e-07 0.0094747754407014384 0.043256331607598751 -0.071626136325472878 0.014698679853886379 0.016740998713117766 -0.054786402992640794 -0.027115204857880257 -0.0021017358206219562 0.0057830564387927686 0.022523705019504958 0.06468893023855074 -0.05024532051906351 -0.049396922835423511 0.00096201446176037708 -0.017689513626549691 0.015331909555569713 -0.024486709999618703 -0.006533556148927382 0.0091261409693602132 0.04510178694322587 -0.045230769813067465 -0.018775181014290498 -0.0064254585107225886 0.05350757148900695
leaf_weight=25356.060456001898 6923.3940969258547 330.31750386330532 50.787952443293761 791.70227006534697 139.4991987273097 891.98063271830324 100.58037509431597 17.908877766807564 3.9449343234300596 5.3624962418107316 52.931328874139581 9.2093965895473939 9.1549351586436369 165.92299187742174 230.60516929556616 107.06356918395613 1.3115921951830376 8.7446375784929824 14.473469917196779 26.396371768787503 36.574721802026033 19.030537240207195 21.941227905452251 107.09056104719639 32.184305784874596 3.3105294704437283 23.849996135104448 120.33215616922826 116.63111443072557 5.5090884752571574
leaf_count=105390 32211 1664 375 4490 568 4211 1531 400 16 56 414 42 146 731 1551 6078 27 140 84 111 156 91 89 436 283 24 135 535 493 27
internal_value=2.83096e-05 0.000762012 -0.00109847 -0.00149052 0.000222157 -0.00113063 0.00170963 0.0145806 0.01739 -0.0218899 -0.00522159 -0.00672611 0.0102742 0.00148248 0.00674424 0.011091 0.00110231 -0.0352549 -0.0238442 -0.0134573 0.00115484 -0.00527159 -0.000182935 0.00197958 -0.0095305 -0.0116106 -0.0342204 -0.00926228 -0.0111926 -0.0037222
internal_weight=35723.8 10367.7 2894.13 2834.03 2042.33 1712.01 1010.47 118.489 60.0954 9.30743 701.544 639.458 62.0863 7473.62 503.592 337.669 6970.03 10.0562 50.0792 35.6058 6959.97 589.379 268.531 246.59 320.848 288.663 27.1605 261.503 242.472 122.14
internal_count=162505 57115 16221 15774 11284 9620 6142 1931 447 72 3478 2918 560 40894 8360 7629 32534 167 237 153 32367 2681 1093 1004 1588 1305 159 1146 1055 520
is_linear=0
shrinkage=0.05


Tree=188
num_leaves=31
num_cat=0
split_feature=0 2 17 2 14 13 6 2 2 17 1 11 4 9 8 14 17 7 9 3 3 14 13 7 17 0 7 16 6 7
split_gain=3.09569 6.67277 6.31738 5.87434 6.56764 5.88311 5.77196 5.13604 4.92291 10.7559 9.84352 7.0111 5.50213 5.40455 5.36309 5.82853 4.97155 4.9891 4.85493 4.73638 7.2278 6.43907 6.21885 5.88569 5.75715 8.85375 6.25918 4.57412 4.51417 7.28957
threshold=2.5000000000000004 13.500000000000002 21.500000000000004 5.5000000000000009 5.0000000000000009 5.5000000000000009 1.0000000180025095e-35 1.5000000000000002 1.0000000180025095e-35 24.500000000000004 8.5000000000000018 1.5000000000000002 8.5000000000000018 6.5000000000000009 3.5000000000000004 11.000000000000002 25.500000000000004 1.0000000180025095e-35 7.5000000000000009 1.5000000000000002 4.5000000000000009 21.000000000000004 3.5000000000000004 1.0000000180025095e-35 25.500000000000004 1.0000000180025095e-35 1.5000000000000002 26.500000000000004 3.5000000000000004 3.5000000000000004
decision_type=2 2 2 2 2 2 2 2 2 2 2 2 2 2 2 2 2 2 2 2 2 2 2 2 2 2 2 2 2 2
left_child=2 8 -1 4 6 -5 -4 -6 -2 10 12 16 13 28 27 -16 -11 -18 -15 22 -21 -22 -9 -23 26 -26 -24 -14 -10 -30
right_child=1 -3 3 5 7 -7 -8 19 9 11 -12 -13 14 18 15 -17 17 -19 -20 20 21 23 24 -25 25 -27 -28 -29 29 -31
leaf_value=-0.00023321598213765467 -0.00065604805213689528 0.045735898018588496 -0.018993958671320602 -0.025498741397626229 -0.0052165299639173462 0.024522789762141988 0.012937194084000139 0.0012396909316454196 0.0014492321343918789 0.051100048719083926 0.017246765777239294 -0.0065102066827597439 0.018352083513689728 -0.058634492676049303 0.034688112492869683 -0.10130843825977152 0.0080926278172922996 0.051838623930774298 -0.0031529308231799044 -0.0093358333218327757 0.050582992596515823 -0.017040473389236029 0.038488862457126821 0.037161972658570276 -0.027811643741645194 0.041392266294645118 -0.0064297280173450438 -0.091132944025573301 -0.0022048250468537059 -0.037934589107446882
leaf_weight=24516.641215618001 4447.7713170368224 8.1951069615606666 99.796190725639462 51.457820706535131 449.29374741762877 6.6360921673476687 16.491222277283669 114.33122613281012 5015.687482363428 18.2548890025937 95.325699363311287 17.528401460847817 74.151321905723307 7.1945674531161776 1.2940972857177251 2.0139422989450395 26.34611922694603 8.6598777592880634 8.7243967326357943 117.75233674049377 10.064035486895593 14.07414805609733 38.975286044180393 7.775316894054412 12.577109932899477 7.3067962974309912 9.6819560676813108 0.96641043992712994 619.51903421257157 14.611877685412763
leaf_count=101816 18274 1342 420 259 1842 34 69 477 27385 160 4063 146 2163 42 18 42 211 78 50 522 52 75 160 39 51 31 40 21 2893 64
internal_value=-9.22782e-05 0.000636169 -0.000388722 -0.00437578 -0.00337907 -0.0197848 -0.0144657 -0.00173008 0.000600487 0.00154609 0.00131124 0.020919 0.00104679 0.000864726 0.0141997 -0.0481069 0.029946 0.0189146 -0.0282278 0.00298047 -0.0036156 0.0174906 0.00837881 0.00224793 0.0202873 -0.00238108 0.0295508 0.0169435 0.000946697 -0.00302812
internal_weight=35839.1 10366.2 25472.9 956.213 898.119 58.0939 116.287 781.832 10358 5910.28 5839.49 70.7893 5744.16 5665.74 78.4258 3.30804 53.2609 35.006 15.919 332.538 149.666 31.9135 182.872 21.8495 68.5411 19.8839 48.6572 75.1177 5649.82 634.131
internal_count=162839 56952 105887 4071 3778 293 489 3289 55610 37336 36741 595 32678 30434 2244 60 449 289 92 1447 688 166 759 114 282 82 200 2184 30342 2957
is_linear=0
shrinkage=0.05


Tree=189
num_leaves=31
num_cat=0
split_feature=0 15 17 6 10 8 16 3 8 16 14 14 13 16 13 14 14 3 13 0 11 3 4 15 16 14 0 15 2 8
split_gain=4.61708 3.33861 6.21553 6.05054 5.475 6.68708 5.49549 5.46871 5.56421 6.5738 8.27368 6.24438 5.63806 5.48859 6.76025 6.33035 5.28333 7.18198 5.69657 5.2716 8.03292 8.96474 8.74651 6.65812 5.33961 10.7965 6.74048 5.22814 6.14407 5.23042
threshold=14.500000000000002 17.500000000000004 14.500000000000002 6.5000000000000009 3.5000000000000004 3.5000000000000004 8.5000000000000018 2.5000000000000004 1.5000000000000002 5.5000000000000009 57.000000000000007 37.000000000000007 2.5000000000000004 8.5000000000000018 4.5000000000000009 19.000000000000004 49.000000000000007 4.5000000000000009 1.5000000000000002 5.5000000000000009 3.5000000000000004 5.5000000000000009 3.5000000000000004 4.5000000000000009 21.500000000000004 17.000000000000004 6.5000000000000009 24.500000000000004 4.5000000000000009 5.5000000000000009
decision_type=2 2 2 2 2 2 2 2 2 2 2 2 2 2 2 2 2 2 2 2 2 2 2 2 2 2 2 2 2 2
left_child=1 19 3 4 6 -6 -3 27 9 -9 11 13 16 14 15 -11 17 -10 -19 -1 23 -22 -23 24 -21 -26 -27 29 -29 -4
right_child=-2 2 7 -5 5 -7 -8 8 12 10 -12 -13 -14 -15 -16 -17 -18 18 -20 20 21 22 -24 -25 25 26 -28 28 -30 -31
leaf_value=-0.00035911912158729701 0.031100380991412283 -0.0014114557964264355 0.0037386342805132452 -0.036095204604869202 -0.0063527881626283204 -0.056853063511928849 0.0019912109842031961 -0.0097344945305909026 0.017713669349697873 0.068780216297320659 -0.036315116039234568 0.024942797516739279 0.033045420154028386 0.0016899836046370374 -0.011659253717015552 0.017141643496769762 0.049297198787938541 -0.0029769311722294611 -0.075907900080370128 0.011242993326163568 -0.010194053188750786 -0.13006700959306372 0.018992047380655755 0.0015842921852540889 0.058501785903631788 0.00097507293829102247 -0.07104942602664821 -0.014332720085542814 0.033144542341695997 -0.038464314748302059
leaf_weight=27734.015736849513 11.959188936190911 1926.2594928217586 782.58048374531791 11.393175167613661 167.4923913734965 6.8222580738365641 3090.2597093430231 52.774036429123953 15.844431416131558 9.9864916887599993 9.3392731134081242 63.870541992568178 44.005488558730576 127.05605624348391 9.4493959739338589 14.629014340520369 5.6924707180587566 6.085673298686741 4.7809718944481574 300.64072035218123 48.860787321580574 3.1424996396526685 1.4328814148902891 1223.518798366189 3.6367533168522668 5.8759648283012194 7.2643546334584244 73.978637412190437 7.5057312063872805 7.4111355058848849
leaf_count=119195 988 8234 3302 52 739 30 13470 274 79 53 56 399 291 833 50 76 34 54 40 2747 305 23 160 10617 32 34 66 307 38 31
internal_value=3.83141e-05 2.79276e-05 0.00105906 0.000302059 0.000381946 -0.00832925 0.000684644 0.00424783 0.0093995 0.00620823 0.00979872 0.0117129 0.0213906 0.00646836 0.0242909 0.0380914 0.00556284 -0.00375751 -0.0350642 -0.000198393 0.00259742 -0.016461 -0.0833859 0.00325832 0.00971105 -0.017741 -0.0388422 0.00209894 -0.00995947 0.00334272
internal_weight=35777.6 35765.6 6437.22 5202.23 5190.83 174.315 5016.52 1234.99 363.514 287.105 234.331 224.992 76.409 161.121 34.0649 24.6155 32.4035 26.7111 10.8666 29328.4 1594.37 53.4362 4.57538 1540.94 317.418 16.7771 13.1403 871.476 81.4844 789.992
internal_count=162609 161621 28442 22525 22473 769 21704 5917 2239 1741 1467 1411 498 1012 179 129 207 173 94 133179 13984 488 183 13496 2879 132 100 3678 345 3333
is_linear=0
shrinkage=0.05


Tree=190
num_leaves=31
num_cat=0
split_feature=5 5 1 10 5 10 6 16 6 6 11 16 15 4 13 14 2 11 16 2 13 1 15 15 16 3 6 4 8 16
split_gain=2.742 12.5166 7.70316 5.40349 4.87711 5.07762 7.9155 4.72249 4.60936 6.2406 4.54978 4.48644 4.24379 4.24739 5.74056 6.13913 6.9415 5.2971 6.03899 7.94291 4.70954 4.15581 7.13841 9.01386 8.93128 7.1451 6.88993 7.09421 6.65 6.35536
threshold=1.0000000180025095e-35 1.5000000000000002 10.500000000000002 5.5000000000000009 2.5000000000000004 6.5000000000000009 1.0000000180025095e-35 13.500000000000002 7.5000000000000009 6.5000000000000009 5.5000000000000009 5.5000000000000009 30.000000000000004 6.5000000000000009 1.0000000180025095e-35 39.000000000000007 1.5000000000000002 1.5000000000000002 15.500000000000002 2.5000000000000004 3.5000000000000004 1.0000000180025095e-35 23.500000000000004 26.500000000000004 7.5000000000000009 1.5000000000000002 1.0000000180025095e-35 7.5000000000000009 6.5000000000000009 25.500000000000004
decision_type=2 2 2 2 2 2 2 2 2 2 2 2 2 2 2 2 2 2 2 2 2 2 2 2 2 2 2 2 2 2
left_child=-1 -2 4 10 12 8 7 11 9 21 -4 -7 13 -3 15 -15 -17 -16 19 20 -19 22 28 25 -25 -24 -23 -28 -6 -29
right_child=1 2 3 -5 5 6 -8 -9 -10 -11 -12 -13 -14 14 17 16 -18 18 -20 -21 -22 26 23 24 -26 -27 27 29 -30 -31
leaf_value=-0.00057282326266489415 0.0030460810110629691 -0.0017747610346609578 0.020606947085771005 -0.10748462986254191 -0.00033896871930360738 -0.032538277598380481 -0.070489593789178448 -0.038817987824300001 0.032055146327964433 -0.038295258848605684 -0.090784044047286766 0.033211913239183467 0.030351265766732301 0.0064560340805698479 0.01552187721024172 -0.10517130682014951 -0.01334172666795274 0.0063285773590505551 -0.05523632158531494 0.059406738653054784 -0.052527859345841754 0.0023172977743295478 -0.0078355007213903056 0.058851485954691862 -0.0064111899494933029 -0.034708542163669913 -0.0010048202822136385 -0.020165584567482547 -0.037180195722843014 -0.18168500179192826
leaf_weight=16134.781521305442 3439.245609047357 5672.3449539355934 60.975771614495898 0.8569874765817066 4227.8242262843996 3.7570401804987403 6.3241322983521959 6.9494631250854573 11.464188567944801 10.445070697925983 0.93069949612254177 8.3844138886779529 10.439959173090754 10.789234251715245 104.56455784128048 3.4406773783266527 5.1206592805683613 9.4238730221986824 5.7098034545779219 4.7572162756696335 5.3161889612674704 4196.5392943506013 59.531000971794128 7.8517434597015408 15.774158127605913 42.318506218492985 1584.8641979511594 37.710590366215911 12.284394577145575 0.61901616503018786
leaf_count=65360 15239 23919 3077 32 17416 23 40 39 79 65 35 46 46 60 669 16 32 40 25 23 22 25449 242 32 65 177 8823 1248 51 17
internal_value=-9.02793e-05 0.000307631 -0.000276359 0.0172062 -0.000344663 0.000313038 -0.022008 -0.00594782 0.000368616 0.000332987 0.0189323 0.0128662 -0.00149866 -0.00155578 0.00677383 -0.0186311 -0.0502467 0.010562 -0.0100125 0.00323134 -0.0148987 0.000372601 -0.000793513 -0.0125468 0.015278 -0.0190013 0.00124734 -0.00151887 -0.000445705 -0.0227741
internal_weight=35701.3 19566.6 16127.3 62.7635 16064.5 10232.6 25.415 19.0909 10207.2 10195.8 61.9065 12.1415 5831.91 5821.47 149.122 19.3506 8.56134 129.772 25.2071 19.4973 14.7401 10185.3 4365.58 125.475 23.6259 101.85 5819.73 1623.19 4240.11 38.3296
internal_count=162407 97047 81808 3144 78664 53812 148 108 53664 53585 3112 69 24852 24806 887 108 48 779 110 85 62 53520 17983 516 97 419 35537 10088 17467 1265
is_linear=0
shrinkage=0.05


Tree=191
num_leaves=31
num_cat=0
split_feature=8 9 9 14 16 3 1 3 14 11 0 7 17 17 14 0 0 0 1 7 4 0 14 4 16 1 9 4 6 11
split_gain=3.53233 9.14807 5.44544 8.74423 3.98418 5.94189 6.24762 5.47932 5.37928 4.64387 6.042 4.64281 7.52906 3.77379 5.10078 3.65345 4.07108 3.55053 7.17823 3.74968 5.1837 3.46122 3.72001 4.17583 3.29058 5.36245 7.14345 6.20488 7.66374 4.9093
threshold=1.5000000000000002 6.5000000000000009 7.5000000000000009 25.000000000000004 25.500000000000004 3.5000000000000004 5.5000000000000009 1.0000000180025095e-35 21.000000000000004 1.0000000180025095e-35 1.5000000000000002 1.5000000000000002 8.5000000000000018 3.5000000000000004 51.000000000000007 1.0000000180025095e-35 3.5000000000000004 5.5000000000000009 7.5000000000000009 6.5000000000000009 1.5000000000000002 1.5000000000000002 17.000000000000004 1.0000000180025095e-35 7.5000000000000009 2.5000000000000004 5.5000000000000009 3.5000000000000004 1.0000000180025095e-35 6.5000000000000009
decision_type=2 2 2 2 2 2 2 2 2 2 2 2 2 2 2 2 2 2 2 2 2 2 2 2 2 2 2 2 2 2
left_child=4 17 -3 -4 24 6 7 8 9 15 -11 -9 -13 -10 -15 -6 -17 19 -19 -2 -21 22 -7 -24 25 29 -27 28 -28 -1
right_child=1 2 3 -5 5 21 -8 11 13 10 -12 12 -14 14 -16 16 -18 18 -20 20 -22 -23 23 -25 -26 26 27 -29 -30 -31
leaf_value=-0.0013747203262081788 -0.00059690594856837273 -0.057008656183334616 0.056334005955508665 -0.041186902730944885 -0.046117921968693472 -0.029316511201778507 0.031411651568495534 -0.025806609839988837 0.044900372206026724 0.040935452079410704 -0.030256503370408073 -0.041330452675863577 0.034756906417710877 0.0097723912188872053 -0.0313305047534293 0.0070200077761351969 -0.04580073807457008 -0.0065558314553641715 0.033983494515525077 0.0012789902522624028 -0.055613253538106866 0.026920263094585024 0.050277659431721772 -0.0089311455604177067 0.00064317851518801649 0.0016490886454844367 0.0068383762160822807 -0.071892857620151449 -0.055663595175481986 0.026008671955536345
leaf_weight=6351.1537303999066 7216.7571562458761 11.507630615262316 3.5601732704089937 6.4867813596501946 14.135778620839121 8.0302138924598712 8.7552747903391701 74.257574468851089 5.7519232332706443 6.6710157692432386 5.386902317404747 5.2505207434296599 8.5387770477682334 40.585805848240852 9.2724485546350461 10.524911880493166 5.5828747376799575 397.32569547445746 11.228120412124552 8.7585300728678721 7.3753084428608409 18.827076519955881 4.9012904614210111 7.5884417165070772 18828.029920809262 2608.4898888845055 16.044677078723915 5.3787892337422809 7.0636881645768872 16.409878575243056
leaf_count=26513 31131 53 21 38 57 34 46 323 24 27 22 23 39 165 38 43 24 2725 1100 37 36 209 20 39 85236 14264 72 57 33 73
internal_value=-4.71966e-05 -0.000998638 -0.0335263 -0.00663003 0.000212574 -0.00628359 -0.00986476 -0.0118081 -0.00366925 -0.0171066 0.00913028 -0.0208589 0.00578529 0.00655228 0.00212823 -0.0275671 -0.0112874 -0.000906886 -0.00544171 -0.000650734 -0.0247283 0.0114383 -0.00276638 0.0143039 0.000267204 -0.000518938 0.00137713 -0.0235252 -0.012267 -0.00130415
internal_weight=35729.6 7663 21.5546 10.047 28066.6 234.061 194.714 185.959 97.9117 42.3015 12.0579 88.0469 13.7893 55.6102 49.8583 30.2436 16.1078 7641.44 408.554 7232.89 16.1338 39.347 20.5199 12.4897 27832.6 9004.54 2636.98 28.4872 23.1084 6367.56
internal_count=162522 35141 112 59 127381 1133 831 785 400 173 49 385 62 227 203 124 67 35029 3825 31204 73 302 93 59 126248 41012 14426 162 105 26586
is_linear=0
shrinkage=0.05


Tree=192
num_leaves=31
num_cat=0
split_feature=2 7 0 13 15 16 2 11 2 11 1 16 15 8 15 17 14 3 17 7 15 11 0 1 0 14 1 14 3 16
split_gain=3.03453 7.4283 5.73012 5.1786 6.36053 6.38234 5.09229 5.20473 4.94698 6.72129 5.89067 5.77634 8.58214 5.24479 6.86075 7.42142 7.70527 7.96723 7.84944 7.43469 6.91103 5.39703 5.22635 6.36583 6.26582 8.67033 8.55525 9.63932 7.72277 6.89748
threshold=2.5000000000000004 3.5000000000000004 10.500000000000002 4.5000000000000009 16.500000000000004 19.500000000000004 1.5000000000000002 7.5000000000000009 1.0000000180025095e-35 2.5000000000000004 1.5000000000000002 2.5000000000000004 6.5000000000000009 1.0000000180025095e-35 12.500000000000002 11.500000000000002 45.000000000000007 4.5000000000000009 15.500000000000002 2.5000000000000004 3.5000000000000004 1.0000000180025095e-35 3.5000000000000004 1.5000000000000002 1.5000000000000002 53.000000000000007 2.5000000000000004 25.000000000000004 1.5000000000000002 12.500000000000002
decision_type=2 2 2 2 2 2 2 2 2 2 2 2 2 2 2 2 2 2 2 2 2 2 2 2 2 2 2 2 2 2
left_child=6 2 -2 4 -3 -6 8 -8 -1 13 -11 12 -12 -10 15 19 17 18 21 -15 -20 -17 24 -24 26 29 27 -16 -28 -26
right_child=1 3 -4 -5 5 -7 7 -9 9 10 11 -13 -14 14 22 16 -18 -19 20 -21 -22 -23 23 -25 25 -27 28 -29 -30 -31
leaf_value=-0.00022512037290292215 0.00094648729655261274 -0.0071147454602347726 0.019737926799871859 -0.016642735744800363 0.016039364174046004 -0.048010339403187843 -0.0014899084584366973 -0.042607329363218878 0.0037733847856239004 -0.0089544961052778604 -0.070202591035285436 0.0045858827436419895 0.0057092326243542851 0.00087978362882233619 0.0056579725332453548 0.016567559951746646 0.034602952436507864 -0.034162449406835375 0.035268210345929578 -0.026693003955563729 -0.010977794077219438 0.058227164453370561 0.02979189815957041 -0.013110957253740558 -0.039007665204537967 0.026810581734884188 -0.00092195614430541769 -0.024511131340285649 0.048087420406146948 -0.0054395530743936099
leaf_weight=16115.021336341277 9954.3128985002986 196.14599186021951 40.734023542696377 91.27272198558785 55.37939357094001 4.1832270310260347 5787.9687568293884 7.7066283524036399 2394.235104534775 249.7892288044095 6.6111064571887246 200.03941699955612 8.5233137719333154 165.87112681567669 47.18504199385643 38.406907349824905 29.452163986861706 11.18387149274349 9.8480742275714857 28.67422054708004 44.960710123181343 9.7474384643137437 19.010814234614372 15.85872372984886 45.887456431984901 8.1216320395469648 21.506645485758781 60.327848881483078 12.835336983203886 22.959916740655899
leaf_count=65434 52132 1128 2971 520 298 30 24770 35 10660 1052 38 931 46 683 190 156 122 48 42 118 184 41 78 70 187 33 87 244 53 94
internal_value=5.15498e-05 0.000773397 0.00102307 -0.00641863 -0.00276923 0.011541 -0.000242806 -0.00154458 0.000142795 0.00186082 -0.00373112 0.00233254 -0.027451 0.00273154 -0.00148315 0.00317977 0.0118015 0.00591834 0.0102719 -0.0031842 -0.00266829 0.0250003 -0.00769829 0.0102796 -0.0105631 -0.0220492 -0.00433078 -0.0112706 0.0173953 -0.027813
internal_weight=35703.8 10342 9995.05 346.981 255.709 59.5626 25361.7 5795.68 19566.1 3451.04 464.963 215.174 15.1344 2986.07 591.838 338.145 143.599 114.147 102.963 194.545 54.8088 48.1543 253.693 34.8695 218.824 76.969 141.855 107.513 34.342 68.8474
internal_count=162475 57079 55103 1976 1456 328 105396 24805 80591 15157 2067 1015 84 13090 2430 1394 593 471 423 801 226 197 1036 148 888 314 574 434 140 281
is_linear=0
shrinkage=0.05


Tree=193
num_leaves=31
num_cat=0
split_feature=4 1 0 0 17 16 13 3 14 14 14 16 3 4 7 11 16 4 17 8 7 17 16 1 4 17 13 4 3 14
split_gain=3.03513 4.02439 2.51092 5.84386 6.27478 9.07966 6.56329 8.00968 5.73679 5.67993 6.04245 6.24743 6.6848 6.64173 5.87613 5.45688 5.34662 5.16905 5.11636 5.09863 6.73065 6.80065 6.80557 5.08385 9.30633 5.03717 11.841 5.81353 6.71178 5.25426
threshold=16.500000000000004 1.5000000000000002 1.0000000180025095e-35 1.5000000000000002 17.500000000000004 18.500000000000004 5.5000000000000009 6.5000000000000009 3.0000000000000004 25.000000000000004 27.000000000000004 1.5000000000000002 1.5000000000000002 8.5000000000000018 1.0000000180025095e-35 3.5000000000000004 14.500000000000002 3.5000000000000004 2.5000000000000004 1.0000000180025095e-35 1.0000000180025095e-35 4.5000000000000009 16.500000000000004 3.5000000000000004 1.0000000180025095e-35 4.5000000000000009 4.5000000000000009 2.5000000000000004 3.5000000000000004 13.000000000000002
decision_type=2 2 2 2 2 2 2 2 2 2 2 2 2 2 2 2 2 2 2 2 2 2 2 2 2 2 2 2 2 2
left_child=2 -2 -1 4 9 6 7 8 16 18 -11 -12 13 -13 -14 -10 -6 -8 -4 20 25 22 23 -22 -25 26 27 28 -20 -28
right_child=1 -3 3 -5 5 -7 17 -9 15 10 11 12 14 -15 -16 -17 -18 -19 19 -21 21 -23 -24 24 -26 -27 29 -29 -30 -31
leaf_value=-0.00039817100634357763 -0.035832144624991485 0.0675727864474856 0.0097307557402838262 4.5918455627032065e-05 -0.031368554488119017 0.027937990550557859 0.032237200250043889 -0.041089997787760402 0.0075307450420438963 0.014675212553045568 0.018316466091621877 0.0054813571697038752 0.001315069769754999 -0.04057507319518161 -0.0087843416150888767 -0.027001209024448348 0.02608940743971563 -0.01335346917134525 0.019643081023765548 -0.0071149955700684905 -0.0075176724655765656 0.010354465129278963 0.030501132557927135 -0.10733066184843679 -0.010001217718729282 -0.0042477476474584112 0.0011057246821332845 0.045779449312657323 -0.041720822604660542 -0.049259849235673683
leaf_weight=16136.195181230083 1.2856527902185906 3.5092433629906736 102.73338715173304 16176.249685372488 18.987912047654394 50.166849438101053 34.357535652816296 9.9855509940534812 296.25195741839707 111.19220459926873 60.952375384047627 818.54753082618117 500.11441415338777 7.9033991731703273 202.2789099784568 11.899960417300461 5.145990051329135 7.5908907521516076 30.135575987398624 336.67295914888382 12.958459928631788 211.72098465822637 6.3234662115573874 4.5800194293260557 5.2959065064787865 550.19459911715239 11.156304389238359 17.536379888653755 5.2293099015951148 9.6637355610728246
leaf_count=65486 7 605 466 81344 86 247 149 68 1326 494 298 3409 2284 38 942 55 24 42 126 1476 54 935 27 19 27 2391 46 82 23 44
internal_value=6.91609e-05 0.0398469 6.38261e-05 0.00044387 0.00231543 0.00793256 0.00532049 0.00303271 0.00435865 0.0015035 0.00340688 0.00261876 0.00199292 0.00504092 -0.00159341 0.00619722 -0.019117 0.0239872 -0.000978973 -0.00189473 0.000137576 0.00723671 -0.0154019 -0.0281137 -0.0551383 -0.00260323 0.00967009 0.0222412 0.0105694 -0.0222717
internal_weight=35756.8 4.7949 35752 19615.8 3439.58 434.387 384.22 342.271 332.286 3005.19 1700.99 1589.8 1528.84 826.451 702.393 308.152 24.1339 41.9484 1304.2 1201.47 864.795 240.879 29.1579 22.8344 9.87593 623.916 73.7213 52.9013 35.3649 20.82
internal_count=162620 612 162008 96522 15178 1997 1750 1559 1491 13181 7465 6971 6673 3447 3226 1381 110 191 5716 5250 3774 1062 127 100 46 2712 321 231 149 90
is_linear=0
shrinkage=0.05


Tree=194
num_leaves=31
num_cat=0
split_feature=10 1 16 8 16 0 9 6 14 2 9 14 7 14 1 14 11 15 17 16 17 15 0 3 2 17 16 8 3 2
split_gain=4.34122 4.24259 10.2889 11.2177 8.77303 7.21239 6.60378 6.18402 5.55828 6.14425 5.51297 5.4472 5.43394 7.40671 5.26778 5.77135 7.21809 5.3544 8.48741 5.93803 5.0836 5.03442 4.99713 5.29658 4.91744 7.61901 6.45049 6.66814 5.63574 6.62244
threshold=9.5000000000000018 2.5000000000000004 20.500000000000004 3.5000000000000004 5.5000000000000009 3.5000000000000004 5.5000000000000009 5.5000000000000009 17.000000000000004 3.5000000000000004 2.5000000000000004 37.000000000000007 4.5000000000000009 41.000000000000007 4.5000000000000009 3.0000000000000004 2.5000000000000004 11.500000000000002 6.5000000000000009 3.5000000000000004 5.5000000000000009 28.500000000000004 2.5000000000000004 1.5000000000000002 1.5000000000000002 16.500000000000004 19.500000000000004 1.0000000180025095e-35 6.5000000000000009 5.5000000000000009
decision_type=2 2 2 2 2 2 2 2 2 2 2 2 2 2 2 2 2 2 2 2 2 2 2 2 2 2 2 2 2 2
left_child=1 10 4 7 6 11 12 -4 -8 -10 -1 -5 14 -14 15 16 17 22 -19 -20 -16 -6 -3 -24 -12 26 27 28 -26 -30
right_child=-2 2 3 5 21 -7 8 -9 9 -11 24 -13 13 -15 20 -17 -18 18 19 -21 -22 -23 23 -25 25 -27 -28 -29 29 -31
leaf_value=-0.00049409681679703037 -0.039568419019046702 0.01777641369795303 0.00895070861697469 -0.022834900506759973 -0.00011475413595772994 0.039716731901339647 0.010409520473113613 -0.042024292096502595 -0.0538062965488246 0.022514940650313071 0.0034288771394477137 -0.082899472912608158 0.0023183161206111629 -0.023190162618877894 0.01732029795335778 0.0036773357719476689 -0.048264835270910161 -0.053434179912197802 0.025162008402026967 -0.024534172407849761 0.0059483136393180848 -0.020941669347432579 -0.049114181301198365 0.01042660066342745 -0.010159217209934167 0.0078386992500966216 0.010490126050415579 7.9329370515830811e-05 0.0094172773456969519 -0.053919371441874024
leaf_weight=22119.536141976016 6.8857554821297517 32.540877931751311 599.78231196283014 12.283677467145031 7584.3001007038401 3.2513904656225341 8.7597156127449143 6.0093340479652388 13.39346155151725 3.2835495554609215 1826.4354650974274 5.4490957111120215 85.484288558305707 42.658285488141701 127.82051176845562 1265.9148361198604 10.483729577623306 11.859939776360987 11.075464442372324 13.144757271744309 425.14192728238413 29.127569993841462 6.9432776831090441 8.0838357862085086 384.97391185536981 230.87778635974973 94.137182623147964 656.69642039109021 64.514705248642713 4.4091904307715586
leaf_count=91849 31 147 3862 60 40698 62 48 45 62 45 7469 23 420 212 1073 6099 54 50 54 58 3595 150 34 60 1637 1039 419 2767 326 37
internal_value=0.000128623 0.000136282 0.000991782 0.0072001 0.000589796 -0.0287402 0.00347894 0.00844505 -0.02184 -0.0387793 -0.000211114 -0.0412921 0.00379447 -0.00617338 0.00446216 0.00278916 -0.00915527 -0.00425362 -0.0187788 -0.00180902 0.00857701 -0.000194434 0.00676366 -0.0170842 0.00170776 -0.00048191 -0.00207649 -0.00314168 -0.0078018 0.00536551
internal_weight=35695.3 35688.4 10306.8 626.776 9680.02 20.9842 2066.59 605.792 25.4367 16.677 25381.6 17.7328 2041.15 128.143 1913.01 1360.05 94.1319 83.6482 36.0802 24.2202 552.962 7613.43 47.568 15.0271 3262.04 1435.61 1204.73 1110.59 453.898 68.9239
internal_count=162485 162454 56911 4052 52859 145 12011 3907 155 107 105543 83 11856 632 11224 6556 457 403 162 112 4668 40848 241 94 13694 6225 5186 4767 2000 363
is_linear=0
shrinkage=0.05


Tree=195
num_leaves=31
num_cat=0
split_feature=16 2 15 1 16 13 7 16 15 14 13 0 6 3 3 3 3 13 10 3 0 2 14 14 11 14 16 6 14 14
split_gain=2.81639 6.67731 5.7929 4.936 8.05484 10.5362 6.17315 6.69993 5.97249 7.15761 5.87984 6.96472 5.71454 6.85633 5.67405 5.71428 5.24142 5.16359 5.04092 4.96818 4.92957 4.82858 5.80776 5.97758 5.08861 4.61415 4.49652 4.21658 4.20397 6.59806
threshold=20.500000000000004 4.5000000000000009 20.500000000000004 2.5000000000000004 22.500000000000004 1.0000000180025095e-35 1.0000000180025095e-35 25.500000000000004 23.500000000000004 5.0000000000000009 1.5000000000000002 7.5000000000000009 1.5000000000000002 2.5000000000000004 5.5000000000000009 8.5000000000000018 3.5000000000000004 4.5000000000000009 1.5000000000000002 1.0000000180025095e-35 1.0000000180025095e-35 1.0000000180025095e-35 49.000000000000007 45.000000000000007 3.5000000000000004 47.000000000000007 21.500000000000004 1.0000000180025095e-35 11.000000000000002 17.000000000000004
decision_type=2 2 2 2 2 2 2 2 2 2 2 2 2 2 2 2 2 2 2 2 2 2 2 2 2 2 2 2 2 2
left_child=-1 3 28 6 8 25 10 12 9 18 21 14 13 27 -12 -16 -15 19 20 -9 -5 24 23 -23 -2 -6 -13 -8 -3 -30
right_child=1 2 -4 4 5 -7 7 17 -10 -11 11 26 -14 16 15 -17 -18 -19 -20 -21 -22 22 -24 -25 -26 -27 -28 -29 29 -31
leaf_value=-0.0003100544448342341 -0.0097738960629493304 0.022307264286154767 0.037548977713189137 -0.033124268751186813 0.0095904603422445958 -0.0054569760352509685 -0.011872958990278439 -0.072008002954716752 -0.02427653723514904 0.014455652339931067 0.002083030408352355 0.0096020127603746192 -0.024918564174464027 0.035902829109448406 0.027547432476511421 -0.026735213574693436 -0.0021411979361747337 0.0005810165430539723 -0.053399835266770612 -0.019678686885613333 0.017626986098999285 0.00012387051331737154 0.018972657952845917 -0.031351720271862504 -0.059330334790438422 0.046348201792193205 -0.057961118738263984 0.021620111343816695 -0.023855617717472313 0.0076331899399070206
leaf_weight=33538.053471549792 159.62496270239353 38.477268944581738 17.43565562349977 7.5896704196929994 22.614565390278585 236.05174113437533 83.842059165239334 9.7057362496852928 11.926649301312862 251.89465872163419 809.93907138332725 3.6154165491461736 30.944879353046417 18.677956685423851 37.963987674564123 5.557966547086834 17.569843124598265 8.0258421003818494 5.9486131845042101 8.5150014758110029 12.946490074973552 111.68050586432219 34.474606852978468 17.439501464366913 5.3538557142019263 13.715515833580865 7.7232924625277519 10.583184942603109 18.884051053377334 139.73139019706286
leaf_count=151819 647 340 168 31 115 1149 341 39 55 1232 3329 18 127 76 176 28 75 33 28 35 67 480 148 73 22 71 44 43 167 1375
internal_value=-0.000197385 0.00155327 0.00992465 0.000629422 0.00457689 -0.00159906 -0.000978695 -0.00940341 0.0103715 0.0118559 0.000347549 0.00251088 -0.00559823 -0.00102296 0.00302808 0.0206153 0.0174623 -0.0328344 -0.0128696 -0.0475532 -0.00112946 -0.0053463 0.000740553 -0.00412736 -0.0113821 0.0234674 -0.0364182 -0.00811905 0.00748089 0.00388427
internal_weight=35696.5 2158.45 214.528 1943.93 562.688 272.382 1381.24 187.865 290.306 278.379 1193.37 864.8 161.618 130.673 853.461 43.522 36.2478 26.2466 26.4848 18.2207 20.5362 328.573 163.595 129.12 164.979 36.3301 11.3387 94.4252 197.093 158.615
internal_count=162351 10532 2050 8482 2748 1335 5734 769 1413 1358 4965 3595 662 535 3533 204 151 107 126 74 98 1370 701 553 669 186 62 384 1882 1542
is_linear=0
shrinkage=0.05


Tree=196
num_leaves=31
num_cat=0
split_feature=7 8 17 14 2 4 16 3 17 15 16 8 15 0 15 2 16 16 0 7 14 2 4 15 17 14 15 14 15 17
split_gain=3.6591 7.43327 6.39478 3.08318 4.33623 4.34273 3.8465 3.57504 7.60484 4.93624 4.91213 6.60919 4.20237 4.20732 4.11273 10.8924 6.50678 5.91641 5.49613 6.43297 5.9077 4.6501 5.08049 4.41825 4.00276 5.88137 3.71798 3.59307 7.028 3.4572
threshold=4.5000000000000009 4.5000000000000009 25.500000000000004 3.0000000000000004 1.0000000180025095e-35 1.0000000180025095e-35 12.500000000000002 1.0000000180025095e-35 20.500000000000004 1.5000000000000002 13.500000000000002 2.5000000000000004 5.5000000000000009 1.0000000180025095e-35 18.500000000000004 1.0000000180025095e-35 9.5000000000000018 8.5000000000000018 7.5000000000000009 6.5000000000000009 45.000000000000007 3.5000000000000004 2.5000000000000004 8.5000000000000018 3.5000000000000004 23.000000000000004 10.500000000000002 5.0000000000000009 10.500000000000002 21.500000000000004
decision_type=2 2 2 2 2 2 2 2 2 2 2 2 2 2 2 2 2 2 2 2 2 2 2 2 2 2 2 2 2 2
left_child=-1 2 3 4 6 -6 -2 8 9 -5 11 24 -10 -14 18 16 -16 -17 27 20 23 -19 -23 -20 25 -11 -13 28 -9 -29
right_child=1 -3 -4 7 5 -7 -8 14 12 10 -12 26 13 -15 15 17 -18 21 19 -21 -22 22 -24 -25 -26 -27 -28 29 -30 -31
leaf_value=-0.0001077396189973275 0.0097686974557154305 -0.039759732780728252 0.055459821526271096 -0.036003361653901549 0.041697591752522911 0.0018948813119319308 -0.036214100744812176 0.05479018351548301 0.072450727453962402 -0.017030131547883541 0.0093376521847774712 -0.0061882390394152748 0.043052596847482194 -0.015065002577392204 -0.05525503013693555 0.051447176154513455 0.0022720899029900583 0.0233531312509308 -0.029344955986537732 0.064007114914284985 0.0057142630547565645 -0.07762985514868935 0.023660892260463931 -0.15293209836834501 -0.0044470869316400666 0.046313076430300387 -0.048679504057307456 -0.0090710837778051143 -0.019346116195852796 -0.040302577432457784
leaf_weight=35008.460405997292 10.879190415143968 14.02182864921633 4.6479024947038843 10.416079774498938 13.692555084824564 13.719299167860298 7.8148831129074088 6.2736762617714685 4.6737003475427654 5.9207610040903083 81.638648852705956 8.638312295079233 6.9278545677661878 5.6568387746810913 8.6567961126565951 12.419202591874638 11.373317718505858 11.508026849478485 1.0300357739906751 0.90711518889293064 1.397214724391233 2.886149037629365 2.1677929515135475 2.4274795457604341 154.74936993420124 9.6164099127054197 12.741615280508993 276.19674301508348 6.518028074875474 9.1546282668132317
leaf_count=159155 45 64 27 44 57 82 32 30 20 24 334 35 28 23 35 60 47 54 29 23 27 16 33 47 631 39 52 1328 31 48
internal_value=-0.000180239 -0.0037119 -0.00299459 -0.00338272 0.009114 0.0217768 -0.00945398 -0.00426386 -0.000260506 -0.00222071 -0.000933198 -0.00530798 0.0319644 0.0169286 -0.00767805 0.00576258 -0.0225905 0.0253586 -0.00984565 -0.058214 -0.0810512 0.00579575 -0.0341831 -0.116114 -0.00201807 0.0221748 -0.0315114 -0.00891089 0.0170139 -0.0100731
internal_weight=35727.1 718.671 704.65 700.002 46.1059 27.4119 18.6941 653.896 300.98 283.721 273.305 191.666 17.2584 12.5847 352.916 49.0113 20.0301 28.9812 303.905 5.76185 4.85473 16.562 5.05394 3.45752 170.287 15.5372 21.3799 298.143 12.7917 285.351
internal_count=162500 3345 3281 3254 216 139 77 3038 1230 1159 1115 781 71 51 1808 245 82 163 1563 126 103 103 49 76 694 63 87 1437 61 1376
is_linear=0
shrinkage=0.05


Tree=197
num_leaves=31
num_cat=0
split_feature=17 13 10 4 7 17 4 13 17 15 6 9 14 15 13 3 9 14 16 16 4 15 14 14 16 16 4 4 3 15
split_gain=3.66885 6.22379 5.11624 5.85486 9.42815 5.67564 5.66536 7.12971 6.75663 7.25304 5.48266 4.64696 6.1159 4.6408 5.7158 5.14854 6.56958 6.60683 6.79237 4.92072 4.55443 4.78834 4.31161 5.93599 7.51426 8.35478 8.54273 13.0762 7.50057 7.48451
threshold=21.500000000000004 2.5000000000000004 1.0000000180025095e-35 1.0000000180025095e-35 3.5000000000000004 32.500000000000007 5.5000000000000009 1.0000000180025095e-35 23.500000000000004 13.500000000000002 3.5000000000000004 2.5000000000000004 11.000000000000002 17.500000000000004 1.5000000000000002 1.0000000180025095e-35 1.0000000180025095e-35 29.000000000000004 11.500000000000002 6.5000000000000009 2.5000000000000004 3.5000000000000004 11.000000000000002 21.000000000000004 8.5000000000000018 11.500000000000002 1.5000000000000002 1.0000000180025095e-35 4.5000000000000009 18.500000000000004
decision_type=2 2 2 2 2 2 2 2 2 2 2 2 2 2 2 2 2 2 2 2 2 2 2 2 2 2 2 2 2 2
left_child=-1 2 3 5 6 11 10 -8 -9 -10 -5 13 -13 15 -15 -2 17 18 -17 -18 -4 -22 -3 28 -25 -26 27 29 -24 -27
right_child=1 22 20 4 -6 -7 7 8 9 -11 -12 12 -14 14 -16 16 19 -19 -20 -21 21 -23 23 24 25 26 -28 -29 -30 -31
leaf_value=7.5407148334340286e-05 -0.01544779145694531 -0.006315112548165404 -0.027506496112082203 0.0091841010134946673 -0.059796853735076511 -0.060408541420154852 0.043236190800479461 -0.11286446173662207 0.031190478154313833 -0.1492097183699207 -0.052062641805447299 0.028089926770922272 -0.034033616907862461 -0.0019525124841502804 0.047486546196265959 -0.029927355453542671 0.014102901924043051 0.028305246387932744 0.027466391865142617 -0.030411932968045147 0.0179153382346991 -0.012953191021526492 0.0069573902122669479 0.0072086832901216667 -0.018218754478789543 -0.0065856321882945303 0.012313386466563082 -0.044162936615402493 0.042409415890729663 0.036598780661299735
leaf_weight=34230.893469422386 96.649019196629524 189.7787126643816 46.301663473248482 152.98612315836363 5.7087891480186945 5.1971228122711173 2.2110969449277018 3.156969901669072 2.4625164574536034 0.72009709358098906 3.7433776436373583 4.6210297644138327 27.769095003604889 17.092016384005547 8.8854758441448229 13.569243736565115 8.8693606704473513 28.864924808964133 8.3133341372013074 20.690151765942574 14.567144720989743 91.31454334242153 136.15551159530878 185.77721888711676 90.760281038470566 65.416901215910912 81.902260483213468 21.357528988271952 16.755435953760752 11.851105302572249
leaf_count=154999 390 941 193 800 41 21 80 95 64 30 23 19 114 70 36 58 36 122 35 84 84 505 596 891 432 269 625 98 185 49
internal_value=-2.59034e-05 -0.00256942 -0.00659321 -0.00369641 0.00337702 -0.008725 0.00555905 -0.0340732 -0.0610368 -0.00962681 0.00772126 -0.00758357 -0.0251706 -0.00477651 0.0149579 -0.00767356 0.00168268 0.0125972 -0.0081231 -0.0170552 -0.0144263 -0.00870632 0.00026668 0.00231444 -0.000538485 -0.00584372 0.000377822 -0.00953391 0.0108421 3.78469e-05
internal_weight=35594.3 1363.45 563.693 411.51 170.989 240.521 165.28 8.55068 6.33958 3.18261 156.73 235.324 32.3901 202.934 25.9775 176.956 80.307 50.7475 21.8826 29.5595 152.183 105.882 799.755 609.976 457.065 271.288 180.528 98.6255 152.911 77.268
internal_count=161985 6986 2900 2118 1133 985 1092 269 189 94 823 964 133 831 106 725 335 215 93 120 782 589 4086 3145 2364 1473 1041 416 781 318
is_linear=0
shrinkage=0.05


Tree=198
num_leaves=31
num_cat=0
split_feature=17 16 17 15 2 14 2 2 16 13 3 15 1 14 16 5 3 14 14 14 2 3 1 1 8 15 16 15 13 7
split_gain=3.69072 7.1459 5.81594 6.41123 5.86854 5.12324 5.02801 4.33118 5.71657 12.6378 8.88233 6.74715 5.99903 9.56857 4.23872 5.3085 7.58456 6.7154 8.73752 6.03778 5.19934 4.74812 4.00522 5.62812 5.24208 5.57259 5.1724 6.44405 6.03265 4.99932
threshold=3.5000000000000004 21.500000000000004 2.5000000000000004 12.500000000000002 1.0000000180025095e-35 9.0000000000000018 5.5000000000000009 6.5000000000000009 11.500000000000002 4.5000000000000009 2.5000000000000004 7.5000000000000009 3.5000000000000004 39.000000000000007 7.5000000000000009 9.5000000000000018 6.5000000000000009 25.000000000000004 43.000000000000007 9.0000000000000018 1.0000000180025095e-35 2.5000000000000004 2.5000000000000004 1.5000000000000002 6.5000000000000009 6.5000000000000009 6.5000000000000009 1.5000000000000002 3.5000000000000004 1.5000000000000002
decision_type=2 2 2 2 2 2 2 2 2 2 2 2 2 2 2 2 2 2 2 2 2 2 2 2 2 2 2 2 2 2
left_child=1 7 5 4 -4 -3 -7 -1 -9 10 11 -10 13 -12 15 22 17 19 20 -17 -19 -20 23 24 -2 -26 -24 28 29 -28
right_child=14 2 3 -5 -6 6 -8 8 9 -11 12 -13 -14 -15 -16 16 -18 18 21 -21 -22 -23 26 -25 25 -27 27 -29 -30 -31
leaf_value=0.0023991442806049288 -0.00061140916227867687 -0.032790272100411563 -0.028772719388371788 -0.042161015404892629 0.014594960567340646 0.0066746009018102586 -0.045966276596732893 0.00039676958702194683 0.033680635781659668 0.032863840838181432 -0.0023597650358988496 -0.038834668581784686 -0.14308681377424934 -0.11550017494172105 0.00034540388864635636 -0.035915793503339302 0.054268415564788265 -0.02593821221140338 0.026222280223484357 0.015161892305985906 -0.086557719110169129 -0.049836830336472224 0.0017997407694038848 -0.0040230183558160699 -0.076489979801845812 -0.0095845540600536152 -0.090407723238740759 -0.0024239189661098282 0.0028656493199711317 -0.026723277796933356
leaf_weight=3342.1925459650811 5648.5684083523229 11.289335047826169 15.846503078937532 23.124892080901191 15.364052689634262 71.012455433607101 4.8457086049020281 64.301226384937763 4.4987668991088894 7.3101337510161093 3.9922079984098655 11.177983302623032 2.6289932104991749 3.5133524313569069 21827.165422808932 9.1611315434565785 3.5060707711672867 5.6518946290016201 5.6560076605528575 15.702676004846579 9.4540053951786813 3.2201256452826783 2357.5342532121576 1629.0314491698518 4.5648640990257254 9.7803081870079023 5.0965531386900711 570.9744910717709 8.2438340699300152 7.794873109087348
leaf_count=14572 23279 51 65 97 72 306 25 568 25 51 29 50 39 16 99617 74 512 24 34 139 120 63 12685 6978 20 40 31 2700 46 40
internal_value=0.000120704 0.00164323 -0.00936945 -0.0222079 -0.00742407 -0.00136481 0.00331198 0.00209622 -0.00829589 -0.0251716 -0.0416081 -0.0180249 -0.0780881 -0.0553208 -4.90389e-05 -0.000885411 -0.0167666 -0.0218654 -0.0407424 -0.00365781 -0.0638768 -0.0013708 -0.000804232 -0.0014331 -0.000688072 -0.0308749 0.000750432 -0.00342748 -0.0305389 -0.0519006
internal_weight=35702.2 3581.1 141.483 54.3354 31.2106 87.1475 75.8582 3439.62 97.4227 33.1214 25.8113 15.6768 10.1346 7.50556 32121.1 10293.9 52.3519 48.8458 23.982 24.8638 15.1059 8.87613 10241.6 7291.95 5662.91 14.3452 2949.64 592.11 21.1353 12.8914
internal_count=162368 15966 616 234 137 382 331 15350 778 210 159 75 84 45 146402 46785 966 454 241 213 144 97 45819 30317 23339 60 15502 2817 117 71
is_linear=0
shrinkage=0.05


Tree=199
num_leaves=31
num_cat=0
split_feature=0 3 13 3 16 14 14 17 17 13 1 5 16 8 14 16 8 10 14 1 1 0 16 14 2 16 5 2 11 16
split_gain=3.53218 6.02769 4.81399 7.3859 7.17623 5.72046 5.24184 7.83856 4.77725 5.87625 4.17701 5.07269 5.42135 6.49327 5.73373 5.72882 5.0107 5.68746 4.14354 4.57248 7.20573 6.34698 6.53059 6.55301 7.36893 6.30053 5.56046 8.99431 5.14168 4.91736
threshold=2.5000000000000004 8.5000000000000018 3.5000000000000004 10.500000000000002 4.5000000000000009 23.000000000000004 21.000000000000004 19.500000000000004 5.5000000000000009 2.5000000000000004 10.500000000000002 4.5000000000000009 14.500000000000002 2.5000000000000004 21.000000000000004 20.500000000000004 1.5000000000000002 2.5000000000000004 13.000000000000002 2.5000000000000004 1.5000000000000002 1.5000000000000002 14.500000000000002 41.000000000000007 1.0000000180025095e-35 16.500000000000004 2.5000000000000004 1.5000000000000002 3.5000000000000004 6.5000000000000009
decision_type=2 2 2 2 2 2 2 2 2 2 2 2 2 2 2 2 2 2 2 2 2 2 2 2 2 2 2 2 2 2
left_child=1 8 6 5 -5 -4 -3 -8 9 -1 -2 12 14 15 -12 -14 17 -16 -11 20 29 -21 -23 24 -24 -25 -22 -28 -29 -20
right_child=10 2 3 4 -6 -7 7 -9 -10 18 11 -13 13 -15 16 -17 -18 -19 19 21 26 22 23 25 -26 -27 27 28 -30 -31
leaf_value=0.0029090025034703457 0.00061624465444005331 4.3544041913971705e-05 -0.0063499585764579874 0.04469078816149883 -0.033174611727237048 0.026581567339598811 -0.018479528203577338 -0.082070582672675141 -0.00069752130294377401 -0.0036384347676458513 0.057003027055819812 0.045083774779970796 0.016739623241940015 -0.10379392649230963 0.0047189190736917179 -0.059432372773358999 0.067339206592431242 -0.090906714574058856 -0.0041778816721882708 0.0071224089441063905 -0.010332757129518338 0.0015831827824914345 -0.00060486216798535746 -0.03809588714717483 -0.059796891819119215 0.030957275531994913 0.017492761092765343 -0.0070084265986890886 -0.059946404797512232 0.0029965160650554353
leaf_weight=2277.7538204621524 10265.931614352274 37.664111928781494 24.897874914109707 3.4461501948535469 20.93304237537086 28.036361739970744 76.932612990960479 5.1717839995399109 19882.158892806154 764.7713561328128 7.590005065896551 11.035075928550212 8.8175085231196118 1.9059857386164356 11.874990033800715 3.4280499583110204 2.6486364675220093 1.7892079052980978 325.12898935005069 465.48387358058244 281.51935406029224 97.822007833048701 8.043587729334833 5.4050240889191619 15.182619594037531 8.4952276945114118 52.244765385985374 35.228967653587461 5.2733980119228354 899.8811248075217
leaf_count=9466 53763 199 126 25 115 147 402 27 82546 3165 99 2660 122 22 131 33 34 22 1334 1968 1148 452 33 23 66 39 216 160 22 3658
internal_value=-9.4105e-05 -0.000411818 -0.00912196 0.000604236 -0.0221679 0.0110921 -0.0154005 -0.0224852 -0.000343493 0.000999225 0.000685821 0.0152361 0.00658088 -0.0179461 0.0211019 -0.00458414 0.00439796 -0.00780243 -0.00046815 0.000634061 -0.000762738 0.00435449 -0.00519301 -0.0230471 -0.0392978 0.00410639 -0.00683467 0.00378324 -0.0139009 0.00109236
internal_weight=35636.5 25321.5 197.082 77.3134 24.3792 52.9342 119.769 82.1044 25124.4 5242.23 10315 49.0895 38.0544 14.1515 23.9028 12.2456 16.3128 13.6642 2964.48 2199.71 1599.28 600.432 134.948 37.1265 23.2262 13.9003 374.266 92.7471 40.5024 1225.01
internal_count=162223 105337 1041 413 140 273 628 429 104296 21750 56886 3123 463 177 286 155 187 153 12284 9119 6538 2581 613 161 99 62 1546 398 182 4992
is_linear=0
shrinkage=0.05


Tree=200
num_leaves=31
num_cat=0
split_feature=3 3 10 4 1 10 15 8 7 15 14 11 10 3 9 11 14 0 0 1 17 14 8 1 4 6 15 8 4 17
split_gain=3.59173 5.39224 5.12951 6.07843 7.54231 5.7546 13.7392 5.15532 5.42599 5.97216 5.18366 5.4572 5.63 5.28984 5.01516 8.14943 7.54991 7.54275 10.0585 7.84508 6.69833 6.07258 6.41787 6.24211 6.02372 5.9642 10.4246 5.85072 4.81665 4.7661
threshold=1.0000000180025095e-35 1.5000000000000002 5.5000000000000009 5.5000000000000009 7.5000000000000009 3.5000000000000004 4.5000000000000009 1.5000000000000002 3.5000000000000004 5.5000000000000009 23.000000000000004 2.5000000000000004 2.5000000000000004 3.5000000000000004 1.0000000180025095e-35 3.5000000000000004 43.000000000000007 4.5000000000000009 2.5000000000000004 2.5000000000000004 11.500000000000002 49.000000000000007 5.5000000000000009 4.5000000000000009 7.5000000000000009 3.5000000000000004 6.5000000000000009 2.5000000000000004 6.5000000000000009 4.5000000000000009
decision_type=2 2 2 2 2 2 2 2 2 2 2 2 2 2 2 2 2 2 2 2 2 2 2 2 2 2 2 2 2 2
left_child=-1 14 3 -3 7 -6 -7 8 -5 -10 11 -9 13 -13 15 21 17 18 19 -17 -21 25 23 -23 -16 -2 -27 -25 -11 -28
right_child=1 2 -4 4 5 6 -8 10 9 28 -12 12 -14 -15 24 16 -18 -19 -20 20 -22 22 -24 27 -26 26 29 -29 -30 -31
leaf_value=-0.00039717755559294982 0.0053490665420884587 9.2430991366227358e-05 -0.008469577984905793 0.0063024488871032741 0.033372158101170009 -0.189907255121888 0.035740988302359687 0.012326002837158935 -0.077023616150472818 -0.034457886738273949 -0.011611425023762592 -0.15063288990033652 0.0015257520902312019 -0.015301034481436361 -0.0020164880195006388 -0.011930746099555689 0.013627577550392371 -0.06044756185330083 0.020901603981320557 -0.087470583359154877 -0.014812934874951467 0.0011978399411697864 -0.05464569697200209 -0.010652617812685904 0.040469367993467918 -0.038430349320912514 -0.031834148679631212 -0.059855325843266242 0.032236259393172553 0.0090350111754828755
leaf_weight=16083.500881939195 2198.0673084058799 15210.183474030229 167.8053156992537 605.23493868304649 32.191247980343178 1.0047302292659872 2.0529803328681737 54.504601618333254 3.9396866220049551 6.1881456561386567 98.537723105517216 1.553087949752807 4.5192306926473975 1.3494916085619477 663.1309182215482 35.836958609521389 24.041405165567994 9.4045574422925693 16.725679405033588 7.6155680418014509 5.4365290775895119 375.81629234645516 5.6324357576668254 38.216310380026698 8.4491818249225599 21.448286281898618 8.4390434175729734 7.1764347516000262 4.81242827384267 46.117306169122458
leaf_count=65272 9816 68786 880 5929 4563 18 134 549 27 29 1001 10 32 49 2720 152 112 50 75 34 24 1635 26 209 39 102 37 38 34 208
internal_value=0.000157004 0.000610245 0.0002269 0.000317959 0.00452236 0.0271458 -0.0384046 0.00350082 0.00556765 -0.0241994 -0.00448723 0.00684884 -0.0333745 -0.0877133 0.00239845 0.00332917 -0.010756 -0.0185702 -0.0125679 -0.0240183 -0.0572068 0.00384577 -0.00162653 -0.000917558 -0.00148197 0.00487292 -0.00889741 -0.0184314 -0.00528115 0.00271317
internal_weight=35748.9 19665.4 16193.9 16026.1 815.888 35.249 3.05771 780.639 620.175 14.9403 160.464 61.9264 7.42181 2.90258 3471.55 2799.97 99.0607 75.0193 65.6147 48.8891 13.0521 2700.91 426.841 421.209 671.58 2274.07 76.0046 45.3927 11.0006 54.5563
internal_count=162590 97318 82041 81161 12375 4715 152 7660 6019 90 1641 640 91 59 15277 12518 447 335 285 210 58 12071 1908 1882 2759 10163 347 247 63 245
is_linear=0
shrinkage=0.05


Tree=201
num_leaves=31
num_cat=0
split_feature=10 1 3 17 0 15 15 17 5 17 17 10 16 16 9 17 16 3 3 1 6 16 17 13 0 17 7 16 4 15
split_gain=4.15874 7.38215 5.93669 4.10944 4.06386 3.43955 7.06467 6.08764 5.93413 5.83343 6.88598 9.30495 6.82704 5.54487 5.41436 5.61048 6.74856 7.39466 5.13719 5.10578 4.90033 6.11758 6.88183 4.9495 5.25642 4.9138 7.23549 5.63365 4.801 5.41179
threshold=1.5000000000000002 10.500000000000002 4.5000000000000009 17.500000000000004 1.0000000180025095e-35 9.5000000000000018 3.5000000000000004 5.5000000000000009 1.5000000000000002 9.5000000000000018 15.500000000000002 5.5000000000000009 15.500000000000002 25.500000000000004 1.0000000180025095e-35 10.500000000000002 17.500000000000004 3.5000000000000004 1.5000000000000002 3.5000000000000004 3.5000000000000004 7.5000000000000009 8.5000000000000018 1.5000000000000002 7.5000000000000009 1.0000000180025095e-35 2.5000000000000004 6.5000000000000009 3.5000000000000004 7.5000000000000009
decision_type=2 2 2 2 2 2 2 2 2 2 2 2 2 2 2 2 2 2 2 2 2 2 2 2 2 2 2 2 2 2
left_child=-1 5 3 -3 -4 6 -2 8 19 20 14 12 -12 -14 -11 16 17 -16 -13 -7 25 -22 23 -23 -25 26 -8 -27 29 -17
right_child=1 2 4 -5 -6 7 9 -9 -10 10 11 18 13 -15 15 28 -18 -19 -20 -21 21 22 -24 24 -26 27 -28 -29 -30 -31
leaf_value=0.00021245378800212146 -0.0038221120545159728 -0.051835660047036061 -0.10238562267441741 0.014935046184177148 0.044214202384591658 0.0071663856233973536 -0.024894864171046638 -0.0028814763558159266 -0.0027306146739938639 0.0098370761319411318 -0.0017506995520775292 -0.010848037977120382 0.016083215155651594 -0.041212310376969555 -0.047860643803313375 0.0060177226044303032 0.030408137911374589 0.0048328528260760525 -0.055685839013370687 -0.0073938046046787753 -0.050865940775862199 -0.037575558838035261 -0.061606722576566388 0.033219318439186095 -0.031646224600988024 0.0065776127205256626 0.04549036064409881 -0.0017574890667592603 0.013394426223719114 -0.019399828265538516
leaf_weight=28068.157851115539 804.94784081494436 15.580754613387404 0.54545086156576772 2.7043238547630599 3.545693900086917 450.86730004101992 35.485645338892937 3495.5820493870997 427.11316654755501 519.75749397970503 391.27790629729861 15.462698832154276 88.245538153511006 4.4349149453919372 17.943061284720901 53.689191713929176 5.9069072618149212 10.586115413578225 10.885244772303848 69.489687835797668 10.59610968409106 5.19132067263127 4.6335882600396863 13.350192926824095 4.0770132825709871 268.54564673779532 4.0700627118349066 827.11384782404639 73.806244033621624 34.333954427391291
leaf_count=127376 3995 117 4 28 609 1828 173 15537 1847 2365 1841 64 487 21 73 220 28 56 59 292 56 21 21 57 26 1267 19 3514 405 140
internal_value=-6.94953e-05 -0.00110131 -0.0297783 -0.0419604 0.0246688 -0.0010174 0.000231232 -0.00191792 0.00163701 0.00159105 0.00400228 -0.000435827 0.00113954 0.0133415 0.00716529 8.97705e-05 -0.0182363 -0.028308 -0.0293721 0.00522198 -0.00092967 -0.0186282 -0.00609365 0.00527866 0.0180443 -0.000339597 -0.0176526 0.000285441 0.00398942 -0.00389655
internal_weight=35737.9 7669.77 22.3762 18.2851 4.09114 7647.39 3204.34 4443.05 947.47 2399.39 1226.33 510.306 483.958 92.6805 716.023 196.265 34.4361 28.5292 26.3479 520.357 1173.06 37.8482 27.2521 22.6185 17.4272 1135.22 39.5557 1095.66 161.829 88.0231
internal_count=162546 35170 758 145 613 34412 14908 19504 3967 10913 5759 2472 2349 508 3287 922 157 129 123 2120 5154 181 125 104 83 4973 192 4781 765 360
is_linear=0
shrinkage=0.05


Tree=202
num_leaves=31
num_cat=0
split_feature=4 10 2 14 6 5 16 7 3 13 17 8 16 15 14 6 8 5 6 11 2 14 1 10 17 15 6 8 8 17
split_gain=3.72847 2.90597 2.7515 5.84045 10.9447 7.6279 7.20407 8.74183 8.30694 6.37938 17.1266 6.56535 6.44215 5.93225 5.75954 5.48385 5.4619 18.72 5.30916 5.19177 5.19171 10.7569 6.61515 6.77137 5.13201 5.99656 6.81319 6.76224 5.72472 5.34807
threshold=15.500000000000002 5.5000000000000009 4.5000000000000009 25.000000000000004 1.0000000180025095e-35 4.5000000000000009 20.500000000000004 2.5000000000000004 1.0000000180025095e-35 5.5000000000000009 15.500000000000002 2.5000000000000004 14.500000000000002 1.5000000000000002 15.000000000000002 1.5000000000000002 4.5000000000000009 2.5000000000000004 1.5000000000000002 3.5000000000000004 6.5000000000000009 3.0000000000000004 6.5000000000000009 4.5000000000000009 3.5000000000000004 12.500000000000002 2.5000000000000004 3.5000000000000004 3.5000000000000004 20.500000000000004
decision_type=2 2 2 2 2 2 2 2 2 2 2 2 2 2 2 2 2 2 2 2 2 2 2 2 2 2 2 2 2 2
left_child=2 -2 -1 4 6 9 8 -8 20 -6 11 14 15 16 18 -13 -5 -18 -11 -10 22 -22 23 -4 25 28 27 -27 -15 -26
right_child=1 -3 3 13 5 -7 7 -9 19 10 -12 12 -14 24 -16 -17 17 -19 -20 -21 21 -23 -24 -25 29 26 -28 -29 -30 -31
leaf_value=-0.0001037678662779605 0.015745870821103892 0.081490176432110081 0.0055197150113927285 0.01754773443454714 0.0022386673399863535 -0.020835942614474356 0.029963043103019012 -0.025416369697974756 0.0099736196565009937 -0.028452897664604845 0.036567099994939477 -0.041521723229957737 -0.055241946642248421 0.005065558654234855 -0.01364899173057336 0.018208172236117235 0.02311388998969845 -0.091547385121594826 -0.099550846579197549 -0.014274284857756284 0.031030589738569349 -0.015893237135326792 -0.047025018869444421 -0.044818795508413306 0.00060132417781462661 -0.024057324467879494 -0.056286861543689393 0.012667309921097953 -0.018563222167911959 -0.011193462119503544
leaf_weight=32282.398521342897 6.601874376065096 2.2548734152223915 281.73694918304682 75.9857688320335 308.905692669563 53.127846956223948 54.988355872977991 8.1869521281914768 586.42282672508736 4.011377941817047 11.99970561522059 5.4443937726318898 7.1510119317099443 85.984047286387067 5.7070014309138051 13.062454076483844 10.861161813139917 5.2951544811949125 7.6014317953959107 22.938817657181062 14.078124120831488 92.21329564973712 6.410955347120761 6.8428646475076667 1515.3316116753267 44.145812479953747 11.036381132900713 17.505154618062079 36.521599180996418 102.61574004593422
leaf_count=137103 755 43 1156 628 1581 1191 467 63 5282 19 69 27 33 608 34 61 48 35 44 204 58 390 29 29 10787 220 48 76 167 1140
internal_value=4.67005e-05 0.032484 3.86483e-05 0.00139241 0.00373647 -0.00313817 0.00640619 0.0227864 0.00538226 -0.000554246 -0.016247 -0.0309931 -0.0149371 -0.000441744 -0.0547788 0.000636673 0.0119344 -0.0144658 -0.0749917 0.00906083 -0.000203776 -0.00967825 0.00321008 0.00432608 -0.00107069 -0.00872927 -0.0201065 -0.0136297 -0.0019787 -0.000146741
internal_weight=35687.4 8.85675 35678.5 3396.11 1490.83 417.011 1073.82 63.1753 1010.64 363.883 54.9774 42.9777 25.6579 1905.28 17.3198 18.5068 92.1421 16.1563 11.6128 609.362 401.282 106.291 294.991 288.58 1813.14 195.193 72.6873 61.651 122.506 1617.95
internal_count=162395 798 161597 24494 10737 3059 7678 530 7148 1868 287 218 121 13757 97 88 711 83 63 5486 1662 448 1214 1185 13046 1119 344 296 775 11927
is_linear=0
shrinkage=0.05


Tree=203
num_leaves=31
num_cat=0
split_feature=15 15 3 11 5 14 6 15 16 14 3 15 17 0 17 17 13 14 4 15 0 8 5 2 1 17 17 3 14 14
split_gain=2.66321 7.60105 6.04443 6.58988 8.5167 10.5262 8.07627 6.02225 5.51344 5.38068 7.07298 7.95274 5.33103 5.13573 5.34732 6.92377 6.26949 7.64349 5.13062 4.76203 4.66016 10.1606 6.61668 5.67184 6.44137 6.79749 7.0199 6.13564 6.49492 5.78249
threshold=11.500000000000002 8.5000000000000018 7.5000000000000009 1.5000000000000002 1.0000000180025095e-35 33.000000000000007 1.5000000000000002 19.500000000000004 17.500000000000004 39.000000000000007 8.5000000000000018 12.500000000000002 10.500000000000002 1.5000000000000002 10.500000000000002 4.5000000000000009 2.5000000000000004 27.000000000000004 5.5000000000000009 18.500000000000004 2.5000000000000004 1.0000000180025095e-35 9.5000000000000018 1.0000000180025095e-35 1.5000000000000002 11.500000000000002 3.5000000000000004 3.5000000000000004 5.0000000000000009 51.000000000000007
decision_type=2 2 2 2 2 2 2 2 2 2 2 2 2 2 2 2 2 2 2 2 2 2 2 2 2 2 2 2 2 2
left_child=1 20 -2 4 5 6 8 12 -4 18 -11 -12 -7 14 15 -6 17 -16 -5 -17 -1 22 23 29 27 26 -26 -25 -29 -22
right_child=2 -3 3 9 13 7 -8 -9 -10 10 11 -13 -14 -15 16 19 -18 -19 -20 -21 21 -23 -24 24 25 -27 -28 28 -30 -31
leaf_value=-0.00021280741834695817 0.0007128590575837244 -0.0017468264267617589 0.014682105026336045 -0.036246538461119353 -0.031100323391224195 -0.024599876438763883 -0.042774807099649988 -3.3839398376844987e-05 -0.036645756844762324 -0.034243018993300858 -0.085719004456394854 0.039715104704909007 -0.067440126841539355 0.016592613696197332 0.053588640114918124 0.043758864503296482 -0.050476170137993118 -0.041108550736738157 0.054829033311342236 -0.011942851735245532 0.0024022038767680144 -0.0022159143175607765 0.03134512430430017 0.0044321743014732237 0.017148347908988958 0.015002864110644325 0.00084308978264913928 0.034984945803946198 -0.012419396451117332 -0.0068561483655445454
leaf_weight=9012.4487196411937 16595.384826475871 5966.0551986134378 42.583743199706078 37.372734739561565 7.4287057481706169 15.361091122031214 9.1754433624446374 10.091444805264471 5.9646913111209861 9.0713482635328564 1.4387320312671352 10.383755206916247 13.772864300757645 61.155636568291811 4.3065620511770266 12.271161880344154 10.928702624514697 4.2178522390313447 1.6130880466953375 5.5826484626159063 1374.4892646763474 1098.2501700869761 21.114396663324442 446.47447698190808 86.4397161208326 284.38370459413272 279.30992975045228 7.7982476558536282 98.40929239615798 192.23828422278166
leaf_count=38153 71155 26672 180 235 33 64 41 43 25 77 23 192 58 2224 21 60 61 26 303 29 5706 6543 798 1994 784 3310 2248 47 567 797
internal_value=0.000137031 -0.000271036 0.000593736 -0.00693098 -0.00262845 -0.0133359 0.000245315 -0.0333219 0.00837593 -0.0215057 -0.00103213 0.0244505 -0.0448523 0.00717481 -0.00569975 0.00946362 -0.025407 0.00673278 -0.0324782 0.0263417 0.000411423 0.00185806 0.00346136 0.00324878 0.00583119 0.00920481 0.00469661 0.00186272 -0.00893875 0.0012662
internal_weight=35725.5 18867.4 16858.1 262.72 202.841 96.9493 57.7239 39.2254 48.5484 59.8797 20.8938 11.8225 29.134 105.891 44.7356 25.2825 19.4531 8.52441 38.9858 17.8538 12901.4 3888.91 2790.66 2769.54 1202.82 650.133 365.75 552.682 106.208 1566.73
internal_count=162469 87619 74850 3695 2865 411 246 165 205 830 292 215 122 2454 230 122 108 47 538 89 60947 22794 16251 15453 8950 6342 3032 2608 614 6503
is_linear=0
shrinkage=0.05


Tree=204
num_leaves=31
num_cat=0
split_feature=1 4 1 16 6 15 9 14 16 17 5 14 8 17 11 3 6 14 15 15 1 14 15 5 1 14 17 7 1 13
split_gain=3.13873 7.7196 7.26339 5.21831 4.05639 3.2861 3.88484 5.42489 4.90609 4.4038 4.34574 3.57701 2.94052 5.27785 7.03399 4.5399 8.65395 9.85461 4.6778 5.84354 4.37817 5.29654 4.08409 5.23943 7.46906 6.36537 8.54512 6.12567 6.7382 9.20503
threshold=12.500000000000002 6.5000000000000009 17.500000000000004 4.5000000000000009 1.0000000180025095e-35 3.5000000000000004 1.5000000000000002 41.000000000000007 12.500000000000002 14.500000000000002 1.5000000000000002 45.000000000000007 1.0000000180025095e-35 12.500000000000002 3.5000000000000004 6.5000000000000009 3.5000000000000004 31.000000000000004 17.500000000000004 26.500000000000004 3.5000000000000004 3.0000000000000004 13.500000000000002 1.5000000000000002 3.5000000000000004 53.000000000000007 16.500000000000004 2.5000000000000004 5.5000000000000009 1.5000000000000002
decision_type=2 2 2 2 2 2 2 2 2 2 2 2 2 2 2 2 2 2 2 2 2 2 2 2 2 2 2 2 2 2
left_child=12 2 3 4 -2 -5 7 9 -9 10 -7 -8 -1 -14 15 18 -17 -18 22 20 -20 -22 -15 24 25 26 -24 -25 29 -29
right_child=1 -3 -4 5 -6 6 11 8 -10 -11 -12 -13 13 14 -16 16 17 -19 19 -21 21 -23 23 27 -26 -27 -28 28 -30 -31
leaf_value=0.00015920547323626486 0.07223509115680396 0.05371550919643292 0.072507481491241726 0.016095757413341117 -0.0383325810149103 -0.06116758377366241 -0.096533986465465474 -0.1242094690160114 -0.02719033754623873 0.048426994747885067 4.530849514830557e-05 -0.0095204803508120543 -0.0016447837937687657 0.0017663694164812194 -0.011676517031470754 -0.0061356580227527524 -0.17485137162949035 -0.019445396518446463 0.0095378959877446198 -0.020905605353646314 -0.052150444459273207 0.00012905978554214015 -0.013602253832210677 -0.0056508620387852341 0.022251917974425769 0.021663926474426696 0.0055642679564913075 0.046999529776843595 -0.072742043665364672 -0.032820864271294228
leaf_weight=25693.12753481642 2.1653734848368908 3.7332003898627582 1.9176906481152389 2.8637824798934188 1.3446047889301551 5.0285551697015816 4.6876595516223452 2.4650676768505937 2.7642494581523351 2.3968159101495976 6.8480529988300987 1.5789281205506993 6774.1379711737391 2016.8120334599516 109.02276791381883 94.472269048827002 1.6436769064748649 2.688885731738992 377.15301323961467 19.212065482512116 5.1617619739845386 78.879851642879657 120.19413997977972 211.19385465071537 37.225622817873955 26.20389287173748 112.66129522770643 4.5342361778020921 7.0249132171738884 17.756613647565246
leaf_count=115310 38 1443 36 31 16 22 70 28 25 66 78 18 29719 9161 546 1422 26 36 1605 87 30 440 490 1000 161 106 459 20 46 78
internal_value=-0.000139327 -0.0145408 -0.0220219 -0.0276617 0.0298788 -0.0347152 -0.0403619 -0.0293574 -0.0729246 -0.0133958 -0.0258722 -0.0746101 -0.000124084 -0.000850783 0.000808357 0.00124283 -0.00930456 -0.0784029 0.00158632 0.00611273 0.00723824 -0.0030819 0.000734768 -0.0031411 0.00130951 -0.00169982 -0.00432901 -0.00862383 -0.0300414 -0.0165844
internal_weight=35746.9 37.794 34.0608 32.1431 3.50998 28.6331 25.7693 19.5027 5.22932 14.2734 11.8766 6.26659 35709.1 10016 3241.84 3132.82 98.8048 4.33256 3034.01 480.407 461.195 84.0416 2553.61 536.795 296.285 259.059 232.855 240.51 29.3158 22.2908
internal_count=162613 1871 428 392 54 338 307 219 53 166 100 88 160742 45432 15713 15167 1484 62 13683 2162 2075 470 11521 2360 1216 1055 949 1144 144 98
is_linear=0
shrinkage=0.05


Tree=205
num_leaves=31
num_cat=0
split_feature=3 3 9 11 14 16 13 6 16 14 17 8 17 16 4 7 5 8 14 14 17 16 5 16 14 1 16 11 2 8
split_gain=2.62284 6.37282 10.4756 8.96465 13.801 8.35268 8.97855 6.45634 6.44651 6.25376 5.75251 5.74959 5.73194 6.95375 6.48574 5.82748 5.41174 5.23647 5.27347 5.93006 5.06327 4.5776 4.57711 5.18635 5.30654 6.46344 5.13833 6.85423 5.62492 5.36909
threshold=1.0000000180025095e-35 1.5000000000000002 1.0000000180025095e-35 3.5000000000000004 47.000000000000007 12.500000000000002 4.5000000000000009 5.5000000000000009 8.5000000000000018 3.0000000000000004 7.5000000000000009 1.5000000000000002 17.500000000000004 7.5000000000000009 1.0000000180025095e-35 1.0000000180025095e-35 8.5000000000000018 5.5000000000000009 7.0000000000000009 39.000000000000007 20.500000000000004 24.500000000000004 2.5000000000000004 23.500000000000004 47.000000000000007 1.0000000180025095e-35 20.500000000000004 2.5000000000000004 1.5000000000000002 2.5000000000000004
decision_type=2 2 2 2 2 2 2 2 2 2 2 2 2 2 2 2 2 2 2 2 2 2 2 2 2 2 2 2 2 2
left_child=-1 2 3 7 16 12 21 22 -9 -8 -6 -11 17 14 -14 -15 -5 18 -4 -20 -16 -7 -2 26 25 -25 29 -28 -29 -24
right_child=1 -3 5 4 10 6 9 8 -10 11 -12 -13 13 15 20 -17 -18 -19 19 -21 -22 -23 23 24 -26 -27 27 28 -30 -31
leaf_value=-0.00053872918759796629 0.0030816791889665676 -9.5305755494009864e-05 0.015619537058489017 -0.025248854919977633 -0.01004603539966672 -0.017448494135299242 -0.043832707757277378 0.011250740000725236 -0.03764549759056976 0.0023892150047128738 0.048268556874967686 0.040786146318740696 0.026324304450074606 0.046868122163953287 0.0048029366426356104 -0.003411840884629569 0.010405527725781592 -0.051273381407610577 -0.0080874644584155771 0.0058567675516018533 -0.056014992166064738 0.028551781130934303 0.0092658252135285508 0.03853771427506536 -0.069914367297798943 -0.026683950892057353 0.050074707355471565 -0.031655445669469894 0.034218955072154181 -0.0027600163103718026
leaf_weight=16145.67874625884 1874.9784097075462 16170.517667533277 44.289367489516735 69.72081646323204 6.5019366517663029 181.08378957957029 5.7109965085983267 10.761660926043989 18.041711337864399 42.904520578682423 12.097851093858479 12.616482838988302 10.373930096626284 20.787424460053447 6.7373765110969526 7.9730911552906027 12.559916877187787 5.161870837211608 200.21476359292865 123.13732026517391 6.9549614265561104 5.5747462511062613 625.26243326114491 5.6948235929012361 3.8536600992083541 11.407835047692059 16.556979609653354 6.4331551045179385 6.5298974011093378 108.99190137535334
leaf_count=65514 7986 82030 183 303 29 743 23 49 83 177 57 52 42 86 29 33 70 21 825 503 30 23 3103 25 23 65 89 27 31 534
internal_value=-6.66538e-05 0.00032156 0.00226817 0.00361949 -0.0110135 -0.00332835 -0.0106245 0.00416857 -0.0193766 0.00598964 0.0278835 0.0111145 0.000920983 0.0163351 -0.00349603 0.0329293 -0.0198063 -0.00126321 -0.000561046 -0.00277729 -0.0260893 -0.0160746 0.00442355 0.00762972 -0.0169098 -0.00496652 0.00830303 0.0287563 0.00152756 0.00748072
internal_weight=35779.1 19633.4 3462.91 2789.39 100.881 673.521 247.891 2688.51 28.8034 61.232 18.5998 55.521 425.63 52.8268 24.0663 28.7605 82.2807 372.803 367.641 323.352 13.6923 186.659 2659.71 784.731 20.9563 17.1027 763.774 29.52 12.9631 734.254
internal_count=162788 97274 15244 12474 459 2770 1018 12015 132 252 86 229 1752 220 101 119 373 1532 1511 1328 59 766 11883 3897 113 90 3784 147 58 3637
is_linear=0
shrinkage=0.05


Tree=206
num_leaves=31
num_cat=0
split_feature=15 3 14 5 0 13 0 16 13 16 14 5 5 15 14 5 13 4 7 17 14 10 9 16 0 17 16 10 4 14
split_gain=3.45083 6.71088 7.66206 6.9983 8.35544 13.4418 12.7136 9.24602 6.55828 12.3823 8.43056 8.15975 7.34808 6.12099 12.1434 6.05113 6.09658 6.02362 5.92351 5.35169 7.00466 5.10689 5.10191 4.99401 5.86006 5.11167 5.85977 7.44409 6.48184 6.60023
threshold=11.500000000000002 7.5000000000000009 17.000000000000004 5.5000000000000009 7.5000000000000009 1.5000000000000002 9.5000000000000018 4.5000000000000009 2.5000000000000004 28.500000000000004 49.000000000000007 1.5000000000000002 1.0000000180025095e-35 9.5000000000000018 39.000000000000007 3.5000000000000004 1.5000000000000002 2.5000000000000004 5.5000000000000009 9.5000000000000018 45.000000000000007 6.5000000000000009 5.5000000000000009 6.5000000000000009 1.0000000180025095e-35 14.500000000000002 9.5000000000000018 1.0000000180025095e-35 2.5000000000000004 9.0000000000000018
decision_type=2 2 2 2 2 2 2 2 2 2 2 2 2 2 2 2 2 2 2 2 2 2 2 2 2 2 2 2 2 2
left_child=1 13 -3 4 -4 -6 7 -7 10 11 -2 12 17 -1 -15 18 -17 -10 -16 20 -19 -13 -12 -14 -25 26 28 -28 -26 -30
right_child=8 2 3 -5 5 6 -8 -9 9 -11 22 21 23 14 15 16 -18 19 -20 -21 -22 -23 -24 24 25 -27 27 -29 29 -31
leaf_value=-6.2142140785752402e-05 0.0025206669445453616 0.01935484717355937 0.00063381121869911716 0.028711912358843836 0.058791623685209085 -0.32172569234047005 0.014590478076355877 -0.11447606029313034 -0.00099250250303902269 0.038017003823510039 -0.002191545111205684 -0.0019000782898150716 -0.0012827438693631371 -0.0043618864491757016 0.00061206957931665999 -0.002880762935988939 0.016475052319669569 0.0025763018548043402 -0.034290229818443291 0.0067422217084103959 -0.011095933257984983 -0.040238772318293696 0.028199507528191808 0.013186024746213039 0.0025569329082987787 0.014469384055304244 0.0019719490821895201 -0.018454928106142243 -0.020849212488385109 0.044109709444272768
leaf_weight=14808.004889605189 5951.0056575251219 88.435475745645817 190.29691098735202 21.889483713835943 1.5971970717655484 0.78694062447175461 1.2665275869658215 1.702253673225641 3204.4817852377892 21.06321652373299 1322.2964388031396 4283.0167747322412 224.21260436344892 2483.8219900448457 1094.4976550675929 60.970904968155082 122.25602084002458 487.0966280400753 12.293100757524369 557.63094577938318 115.98729759454727 8.7036989212501776 13.955342301167546 259.90379676222801 61.903011009097099 83.290628623217344 154.93288569664583 62.631267301738262 4.7851080968976047 21.392016388475895
leaf_count=66607 26502 1412 1332 1933 70 22 111 46 12896 98 5871 20838 970 10637 4489 323 648 1974 53 2280 470 49 69 1063 260 398 694 286 21 96
internal_value=6.46543e-05 -0.000399324 0.00694531 0.00190051 -0.00109917 -0.062707 -0.114377 -0.179997 0.000585107 -0.000276825 0.0017148 -0.000361463 0.000962835 -0.000520263 -0.00231786 0.00161774 0.0100342 0.00012534 0.000224411 0.00321146 -5.31922e-05 -0.00197783 -0.00187415 0.00515025 0.00737323 0.00348886 0.000496577 -0.00390844 0.0113773 0.0322354
internal_weight=35726.1 18887.8 305.975 217.539 195.65 5.35292 3.75572 2.48919 16838.3 9551.03 7287.26 9529.97 5238.25 18581.8 3773.84 1290.02 183.227 4365.2 1106.79 1160.71 603.084 4291.72 1336.25 873.051 648.839 388.935 305.644 217.564 88.0801 26.1771
internal_count=162518 87683 4926 3514 1581 249 179 68 74835 42393 32442 42295 21408 82757 16150 5513 971 17620 4542 4724 2444 20887 5940 3788 2818 1755 1357 980 377 117
is_linear=0
shrinkage=0.05


Tree=207
num_leaves=31
num_cat=0
split_feature=17 10 13 5 16 16 17 9 16 3 8 2 17 5 4 2 8 1 16 6 16 15 4 5 15 15 16 4 6 1
split_gain=2.67819 7.78023 6.06631 6.00586 6.66917 5.83541 5.81357 9.57538 6.69436 5.3278 7.91456 6.8391 4.80176 5.18093 4.59248 4.57422 8.85248 7.94693 11.2946 7.78316 10.1612 7.34272 6.1893 5.39438 7.02088 6.37663 6.09076 5.23223 5.91752 5.14996
threshold=18.500000000000004 1.5000000000000002 5.5000000000000009 1.0000000180025095e-35 10.500000000000002 19.500000000000004 20.500000000000004 1.0000000180025095e-35 6.5000000000000009 3.5000000000000004 1.5000000000000002 4.5000000000000009 32.500000000000007 1.0000000180025095e-35 2.5000000000000004 5.5000000000000009 1.5000000000000002 7.5000000000000009 17.500000000000004 1.5000000000000002 4.5000000000000009 4.5000000000000009 1.5000000000000002 1.0000000180025095e-35 16.500000000000004 7.5000000000000009 16.500000000000004 3.5000000000000004 2.5000000000000004 1.0000000180025095e-35
decision_type=2 2 2 2 2 2 2 2 2 2 2 2 2 2 2 2 2 2 2 2 2 2 2 2 2 2 2 2 2 2
left_child=-1 2 12 4 6 9 7 8 -4 -5 -11 -12 15 -14 -3 16 17 -2 19 -19 -21 -20 -23 27 25 -25 -26 28 -18 -27
right_child=1 14 3 5 -6 -7 -8 -9 -10 10 11 -13 13 -15 -16 -17 23 18 21 20 -22 22 -24 24 26 29 -28 -29 -30 -31
leaf_value=-4.462982537299274e-05 0.0031653372407423118 -0.010807309895152944 -0.0039811431195111539 0.00043356794098557434 -0.024918205635736608 -0.031110383872542859 0.014316991143167555 0.022029765012809767 -0.064215065762886575 0.041084504560746408 -0.07658130290651162 0.033883799349876946 -0.055551232255648703 0.0051215639124773601 -0.0011032021970907282 -0.0048547326890680566 0.011307304202182872 0.0055550117446367675 -0.17926770722801991 -0.14983758822094123 -0.020225861398610007 -0.11274475143933914 0.025484952371626068 0.011986732566563128 0.016879641045395188 0.0052592615984341064 0.076571178503683723 0.050108416517781196 0.038579660671212601 -0.016978091036013301
leaf_weight=32233.012919738831 1834.4869801907334 154.04067588225007 8.1167266666889244 109.61339082848281 58.514480356127024 12.060238820937228 30.036282122135162 10.160660147666929 10.685534104704855 19.465865897276675 3.0689771100878707 2.5783060117682908 7.1459873318672162 6.9313518030685373 584.69443302947911 149.80021398287499 139.96783970296383 22.998764414456677 1.5973676203284402 1.9754792077001164 6.4472963763400912 1.739063732326031 1.5155016094213349 80.378636470064521 45.130311399232596 48.276219546794891 4.7205230956897131 11.477970190346239 23.184600755572319 56.516536562121473
leaf_count=144850 8128 631 33 486 240 82 122 41 43 216 14 46 29 44 3137 2072 566 224 12 16 66 9 50 371 205 197 25 48 94 267
internal_value=9.70365e-05 0.00142164 0.00266214 -0.00453381 -0.0129576 0.00221006 -0.00109527 -0.0170787 -0.0382128 0.00519279 0.0259658 -0.0261477 0.00344024 -0.0256774 -0.0031267 0.0036089 0.00416488 0.00270709 -0.0204681 -0.00950446 -0.050625 -0.0914696 -0.0483775 0.0108222 0.00587634 0.00139239 0.022532 0.0174784 0.0151828 -0.00673373
internal_weight=35680.3 3447.33 2708.59 264.3 117.514 146.787 58.9992 28.9629 18.8023 134.727 25.1131 5.64728 2444.29 14.0773 738.735 2430.21 2280.41 1870.76 36.2735 31.4215 8.42278 4.85193 3.25457 409.653 235.022 185.171 49.8508 174.63 163.152 104.793
internal_count=162364 17514 13746 1323 479 844 239 117 76 762 276 60 12423 73 3768 12350 10278 8505 377 306 82 71 59 1773 1065 835 230 708 660 464
is_linear=0
shrinkage=0.05


Tree=208
num_leaves=31
num_cat=0
split_feature=16 13 4 5 16 1 14 11 5 0 13 1 0 17 2 11 17 5 4 15 7 15 4 13 15 15 2 14 11 15
split_gain=2.28624 5.27872 5.25406 6.67319 6.49482 7.1705 4.90585 3.93622 4.5814 4.20426 2.9927 2.77701 4.31605 2.68517 4.16257 4.78725 3.99444 7.70071 4.06868 3.59709 3.03201 2.65259 3.39482 3.28997 2.63062 2.57304 2.48157 2.81402 2.45533 5.03703
threshold=26.500000000000004 3.5000000000000004 1.0000000180025095e-35 1.5000000000000002 27.500000000000004 2.5000000000000004 31.000000000000004 1.5000000000000002 1.5000000000000002 2.5000000000000004 5.5000000000000009 2.5000000000000004 2.5000000000000004 10.500000000000002 4.5000000000000009 1.0000000180025095e-35 5.5000000000000009 2.5000000000000004 2.5000000000000004 8.5000000000000018 1.5000000000000002 12.500000000000002 2.5000000000000004 1.5000000000000002 11.500000000000002 13.500000000000002 1.0000000180025095e-35 21.000000000000004 2.5000000000000004 25.500000000000004
decision_type=2 2 2 2 2 2 2 2 2 2 2 2 2 2 2 2 2 2 2 2 2 2 2 2 2 2 2 2 2 2
left_child=28 13 3 10 5 -4 -5 8 24 -9 -3 -10 -13 16 20 -16 19 18 -18 -2 21 22 -15 -23 -6 -21 -19 -28 -1 -30
right_child=1 2 4 6 7 -7 -8 9 11 -11 -12 12 -14 14 15 -17 17 26 -20 25 -22 23 -24 -25 -26 -27 27 -29 29 -31
leaf_value=0.00012530202756055235 -0.046967396409961844 0.045660856761142204 -0.062202489912605088 -0.044736436308858048 -0.0078725746587772552 0.014636614531309695 0.013261225421367488 0.065515979779547179 -0.067062540317494479 -0.0056775258295153654 0.0083467479337452702 -0.048287348740349768 0.062144309820314547 -0.060646056541184469 0.072563486433452562 -0.047553045996739457 0.0025672481188679722 0.068703339105879613 -0.047167810355100703 0.010918219887935447 -0.0010260476299288254 -0.036339467065752272 -0.016907413188700284 0.015883892184764596 0.031204612967991509 -0.031360389116753637 -0.017568083836961821 0.054928612604198727 -0.00095334509119696835 -0.01829434265048395
leaf_weight=30875.971688745543 8.6833888441324252 16.108796775341034 9.2002440299838764 5.8931056559085837 10.514944285154348 4.5316448512021443 9.5627005100250226 4.6303182821720821 3.9782716529443851 3.7557493334170431 8.0631864815950411 2.3810465596616273 1.4079907044942954 12.925233110785486 2.2906822720542546 1.3004181472933849 14.258414283394819 4.6426199376583082 5.7787479460239402 8.7535432279109937 8.7986940238624793 7.8874780014157277 6.7548289934638879 4.882730633020401 7.2944665253162375 6.1110098361968985 2.6716892423573881 2.6824811727274209 4560.9007376067457 42.264146111207083
leaf_count=140062 36 66 41 24 44 36 39 21 19 30 33 15 38 55 39 17 58 19 25 37 39 35 35 22 31 25 21 20 21197 192
internal_value=-6.42676e-05 -0.00559699 0.00335169 0.0168069 -0.00782773 -0.0368449 -0.00885256 0.00390454 -0.00584232 0.0336316 0.0332138 -0.0378856 -0.0072514 -0.0135365 -0.0225644 0.0290666 -0.00598151 0.00610662 -0.0117764 -0.0213992 -0.0270593 -0.0341181 -0.0456336 -0.0163717 0.00813285 -0.00646306 0.0419507 0.0187533 -3.5302e-05 -0.00111256
internal_weight=35664.9 185.744 87.3225 39.6278 47.6947 13.7319 15.4558 33.9628 25.5767 8.38607 24.172 7.76731 3.78904 98.422 44.8401 3.5911 53.5819 30.034 20.0372 23.5479 41.249 32.4503 19.6801 12.7702 17.8094 14.8646 9.99679 5.35417 35479.1 4603.16
internal_count=162371 920 437 162 275 77 63 198 147 51 99 72 53 483 242 56 241 143 83 98 186 147 90 57 75 62 60 41 161451 21389
is_linear=0
shrinkage=0.05


Tree=209
num_leaves=31
num_cat=0
split_feature=17 2 5 15 0 16 6 0 2 2 16 10 9 16 15 4 0 8 7 10 15 4 16 1 17 4 1 0 1 16
split_gain=2.9408 5.85674 9.25019 4.90286 6.9398 10.0186 4.65297 4.55992 7.41443 18.9004 4.6377 5.62273 4.37328 8.53657 4.60298 7.65619 5.38299 5.06092 7.51279 5.07025 4.98851 9.87592 8.29628 6.61515 5.51333 5.34591 5.18473 7.37111 8.04783 6.1539
threshold=3.5000000000000004 6.5000000000000009 1.0000000180025095e-35 16.500000000000004 7.5000000000000009 13.500000000000002 1.0000000180025095e-35 4.5000000000000009 9.5000000000000018 10.500000000000002 13.500000000000002 2.5000000000000004 4.5000000000000009 6.5000000000000009 13.500000000000002 3.5000000000000004 1.0000000180025095e-35 1.0000000180025095e-35 2.5000000000000004 5.5000000000000009 8.5000000000000018 3.5000000000000004 9.5000000000000018 5.5000000000000009 1.0000000180025095e-35 7.5000000000000009 2.5000000000000004 2.5000000000000004 1.5000000000000002 10.500000000000002
decision_type=2 2 2 2 2 2 2 2 2 2 2 2 2 2 2 2 2 2 2 2 2 2 2 2 2 2 2 2 2 2
left_child=1 3 6 12 -5 -6 -3 10 -9 -10 11 -4 14 -14 16 -16 -1 19 -19 20 22 -22 24 -23 -18 26 27 28 29 -24
right_child=-2 2 7 4 5 -7 -8 8 9 -11 -12 -13 13 -15 15 -17 17 18 -20 -21 21 23 25 -25 -26 -27 -28 -29 -30 -31
leaf_value=-0.0010250739997486721 -0.00027486683536923431 -0.040622696604706035 0.022699126237116743 -0.0013293234251951674 -0.0050818273631865933 -0.098933566563219763 -0.0018376503931014328 -0.011421549269314669 -0.29166352636190807 0.052942953596297804 -0.018044081646960905 -0.031883099620933379 0.018206393036571143 -0.023089117254662145 0.0098843359164498511 -0.0075768765566775536 0.031055784406599424 0.0019238267913670494 -0.018958952324979735 0.039766709965593942 0.0045269688880811938 -0.023666760186043162 -0.0342956255572021 0.038100382173207686 0.011739815708685444 0.057489022024576411 0.011359650103591433 -0.012108352237224576 -0.022789913368044049 0.023112990876809111
leaf_weight=913.98149739205837 32146.377249357756 27.895945817232132 35.218816493405029 760.73266703123227 7.8207216363516618 4.4681356661021709 10.698572084307669 9.1295613328693417 0.83900579053442814 0.75679215643322095 13.926763973198829 5.4481876231729975 17.825064754113555 42.00663598254323 416.88385429605842 73.906978855375201 44.62620433815755 290.47282763570547 50.56659656134434 10.962955660186706 318.20412941649556 50.538658034987748 5.1445517241954795 4.7414317037910214 214.54330737772398 4.3484641567338249 89.517170178703964 101.63421515375376 15.657597623765467 50.399755626916885
leaf_count=3736 146595 119 253 3141 38 21 46 164 33 90 83 35 83 183 1708 328 301 1336 233 51 1332 242 21 47 1180 36 457 442 70 216
internal_value=-0.000123236 0.00123343 -0.010464 0.00158182 -0.00193145 -0.0392056 -0.0298713 0.00100309 -0.0288022 -0.128237 0.00685858 0.0153867 0.00258177 -0.0107864 0.0028829 0.0072549 0.00189196 0.00402253 -0.0011725 0.00596878 0.00555679 0.0011381 0.00869503 -0.0183689 0.0150658 0.00250418 0.00159281 -0.00346574 0.0088708 0.0177958
internal_weight=35739.3 3592.9 103.914 3488.98 773.022 12.2889 38.5945 65.3191 10.7254 1.5958 54.5938 40.667 2715.96 59.8317 2656.13 490.791 2165.34 1251.36 341.039 910.318 899.355 373.484 525.871 55.2801 259.17 266.702 262.353 172.836 71.2019 55.5443
internal_count=162620 16025 823 15202 3200 59 165 658 287 123 371 288 12002 266 11736 2036 9700 5964 1569 4395 4344 1621 2723 289 1481 1242 1206 749 307 237
is_linear=0
shrinkage=0.05


Tree=210
num_leaves=31
num_cat=0
split_feature=10 1 5 11 4 14 14 8 1 15 15 14 0 14 17 10 17 16 16 7 16 8 15 5 16 17 0 17 11 16
split_gain=2.87312 10.6267 6.43617 8.58889 6.23603 6.25038 5.7214 7.11105 6.57015 10.0269 8.86824 7.30596 7.14761 6.68404 5.56555 5.43022 5.16074 7.38348 5.25588 6.10927 4.76839 4.70178 4.53185 4.45618 7.86935 6.06089 4.87895 5.25927 4.79374 4.98309
threshold=4.5000000000000009 6.5000000000000009 6.5000000000000009 1.0000000180025095e-35 8.5000000000000018 43.000000000000007 55.000000000000007 1.0000000180025095e-35 1.5000000000000002 18.500000000000004 17.500000000000004 35.000000000000007 4.5000000000000009 13.000000000000002 18.500000000000004 7.5000000000000009 16.500000000000004 16.500000000000004 12.500000000000002 3.5000000000000004 2.5000000000000004 4.5000000000000009 7.5000000000000009 3.5000000000000004 18.500000000000004 12.500000000000002 1.0000000180025095e-35 18.500000000000004 1.5000000000000002 9.5000000000000018
decision_type=2 2 2 2 2 2 2 2 2 2 2 2 2 2 2 2 2 2 2 2 2 2 2 2 2 2 2 2 2 2
left_child=-1 2 3 6 5 -4 8 -8 9 10 20 12 -10 -14 15 22 18 -18 -3 -20 -2 23 -13 24 28 -25 -27 -28 -5 -30
right_child=1 16 4 21 -6 -7 7 -9 11 -11 -12 14 13 -15 -16 -17 17 -19 19 -21 -22 -23 -24 25 -26 26 27 -29 29 -31
leaf_value=-5.9944451018580704e-06 -0.043353976176410645 -0.064801460975524069 -0.069252200954408358 0.026785044952699212 0.035574520120667814 0.0038807374270556673 -0.00026947431873578686 0.05125349562421027 -0.0019866504575411399 -0.0339183796575378 0.037058803484628956 0.043546299915531883 -0.082218202699587697 -0.013447152893984583 -0.0296986793809591 -0.030896622744789434 0.059379171991733794 -0.089568880191208455 0.032620293566881453 -0.073160944645149287 -0.0076725706023952484 -0.040510885337732817 0.013365737435392233 0.0098633330790995951 0.056085196906866135 0.0073339851570075332 -0.067810217974399609 0.0034304046552011882 0.016990221495956619 -0.0090890271101976006
leaf_weight=34981.830214457208 9.8123673647642118 13.255054585315525 9.5016025090590137 32.906539008021355 2.762472372618503 4.2188194245100012 20.934423537924889 9.8468576557934266 121.12974846735597 41.143844358623028 10.834741577506064 18.094267590437084 5.5230635656043878 9.8067062010522914 6.6390565037727347 5.1252249411772928 2.8007176602259274 1.1836428702808914 3.5818781701964317 2.2053057290613651 204.58131843432784 4.8303867410868397 39.79201028123498 35.965038932859898 10.613859817385672 7.2396941408515003 8.0109157189726812 3.8288881145417681 36.249113410711288 37.026187673211098
leaf_count=159108 42 117 47 141 56 22 90 43 529 170 44 94 33 63 32 23 52 21 56 13 846 22 173 162 45 31 44 19 151 152
internal_value=-7.03198e-05 -0.00319804 -0.00209307 -0.00134467 -0.0329652 -0.0467649 -0.00467425 0.0162126 -0.00603499 -0.0112214 -0.00707525 0.000667864 -0.00605756 -0.0382242 0.0138443 0.0184321 -0.0366168 0.0151308 -0.0474444 -0.00768946 -0.00930564 0.00813996 0.0227997 0.00950753 0.0150351 -0.00222104 -0.0250002 -0.0447716 0.0109317 0.00381231
internal_weight=35701.3 719.444 696.417 679.934 16.4829 13.7204 503.264 30.7813 472.482 266.372 225.228 206.11 136.46 15.3298 69.6506 63.0115 23.0266 3.98436 19.0422 5.78718 214.394 176.671 57.8863 171.84 116.796 55.0445 19.0795 11.8398 106.182 73.2753
internal_count=162441 3333 3074 2949 125 69 2182 133 2049 1102 932 947 625 96 322 290 259 73 186 69 888 767 267 745 489 256 94 63 444 303
is_linear=0
shrinkage=0.05


Tree=211
num_leaves=31
num_cat=0
split_feature=16 13 2 14 16 5 3 17 11 17 6 3 17 10 14 0 2 13 17 6 0 11 14 2 17 17 9 9 1 3
split_gain=3.56399 5.17882 5.48923 9.53524 6.43625 8.64912 6.3967 6.02213 4.31711 5.93706 4.13983 3.93684 7.81448 6.81185 4.58224 4.05842 5.77126 6.44179 3.95703 3.7997 3.93325 4.96535 3.53727 5.48428 4.9167 4.69196 5.96783 5.76185 5.06888 6.46712
threshold=2.5000000000000004 1.0000000180025095e-35 1.0000000180025095e-35 55.000000000000007 1.0000000180025095e-35 1.0000000180025095e-35 4.5000000000000009 2.5000000000000004 1.0000000180025095e-35 17.500000000000004 2.5000000000000004 7.5000000000000009 5.5000000000000009 1.0000000180025095e-35 23.000000000000004 9.5000000000000018 3.5000000000000004 3.5000000000000004 2.5000000000000004 1.5000000000000002 2.5000000000000004 1.5000000000000002 49.000000000000007 3.5000000000000004 19.500000000000004 10.500000000000002 2.5000000000000004 2.5000000000000004 2.5000000000000004 1.5000000000000002
decision_type=2 2 2 2 2 2 2 2 2 2 2 2 2 2 2 2 2 2 2 2 2 2 2 2 2 2 2 2 2 2
left_child=1 2 3 -1 5 -4 7 -6 -9 -10 -7 15 13 14 -13 22 17 -17 -16 20 -8 -22 -3 24 25 27 28 -24 -27 -30
right_child=-2 11 4 -5 6 10 19 8 9 -11 -12 12 -14 -15 18 16 -18 -19 -20 -21 21 -23 23 -25 -26 26 -28 -29 29 -31
leaf_value=-0.0094304987858379943 -0.0001797679761195797 0.0017563925395702611 -0.0055414089149320809 -0.067428402852503899 0.054801032100284745 0.046091584863109547 -0.046855938670053013 0.003587800852619102 -0.033751741887918435 0.025671353610929711 -0.012899631967193015 0.064298768051878272 0.032586945096963207 -0.07957586975857181 -0.083026438759918664 -0.081872518580011697 0.054855491377947735 0.001340989103545758 0.016704316696289311 -0.096335211691880182 0.051120252536254629 -0.075905195045696636 0.013086602969672343 0.02325167288450972 0.030129989164217941 -0.0016176425066624393 0.030198911725927882 -0.017678940326423805 -0.048038491968458143 0.001824103031418636
leaf_weight=92.483866840600967 33594.450976961787 1515.3253089979989 22.603565275669098 7.6748465448617926 4.6066751703619948 20.540336069068875 7.4808477414771897 57.936854333966039 19.892349284142259 5.3295832723379126 3.4775662717875084 2.4181917856913042 27.509132135979598 3.1792704365216196 1.6299396497197447 5.0153898382559401 1.7837251318269398 4.3367704767733812 2.5516542067052796 2.2966713784262529 2.7458962914533918 1.0687595473136751 109.33415244147182 47.996896208496764 17.574508434161544 52.082369439303875 10.022341087460516 17.679362967610359 16.39211725443602 10.778802868910132
leaf_count=382 151745 7252 95 32 28 163 41 268 97 25 26 38 465 37 21 32 93 29 34 23 51 21 485 294 77 221 44 77 71 55
internal_value=-5.50284e-05 0.00194643 -0.00483539 -0.0138747 0.00128281 0.016658 -0.00578934 -0.000846203 -0.00392884 -0.0211952 0.0375502 0.00285823 0.0189397 -0.0194508 0.00951278 0.00252663 -0.0275649 -0.0432849 -0.0221696 -0.0377074 -0.0257869 0.0155313 0.00271308 0.0078564 0.00469676 0.00263019 -0.00615373 0.00880426 -0.0107509 -0.0282578
internal_weight=35688.2 2093.75 248.138 100.159 147.979 46.6215 101.358 87.7655 83.1588 25.2219 24.0179 1845.61 37.2882 9.77906 6.59979 1808.32 11.1359 9.35216 4.18159 13.5922 11.2955 3.81466 1797.19 281.861 233.864 216.289 89.2756 127.014 79.2533 27.1709
internal_count=162322 10577 1252 414 838 284 554 418 390 122 189 9325 595 130 93 8730 154 61 55 136 113 72 8576 1324 1030 953 391 562 347 126
is_linear=0
shrinkage=0.05


Tree=212
num_leaves=31
num_cat=0
split_feature=6 5 14 7 6 16 5 9 17 17 15 6 4 3 9 3 16 3 1 9 1 9 5 15 11 10 2 16 9 16
split_gain=3.24975 4.83291 6.44232 4.61687 4.16298 9.74078 6.47611 4.3675 4.8611 3.90655 3.32043 3.03553 5.70452 7.57967 4.81208 5.90271 6.01137 5.25688 7.99006 5.02025 4.1171 6.99421 5.92032 5.62334 9.28194 6.5802 4.98038 4.72979 5.72753 7.80529
threshold=7.5000000000000009 1.0000000180025095e-35 15.000000000000002 1.5000000000000002 6.5000000000000009 5.5000000000000009 1.5000000000000002 1.0000000180025095e-35 6.5000000000000009 11.500000000000002 4.5000000000000009 1.5000000000000002 1.0000000180025095e-35 12.500000000000002 5.5000000000000009 8.5000000000000018 5.5000000000000009 10.500000000000002 1.0000000180025095e-35 7.5000000000000009 5.5000000000000009 1.0000000180025095e-35 5.5000000000000009 12.500000000000002 1.5000000000000002 1.5000000000000002 1.0000000180025095e-35 8.5000000000000018 2.5000000000000004 16.500000000000004
decision_type=2 2 2 2 2 2 2 2 2 2 2 2 2 2 2 2 2 2 2 2 2 2 2 2 2 2 2 2 2 2
left_child=4 2 -2 10 11 6 -6 8 -7 -10 -3 12 13 14 17 -16 -17 -1 -19 -18 -14 -22 23 27 26 -26 -25 -23 -29 -30
right_child=1 3 -4 -5 5 7 -8 -9 9 -11 -12 -13 20 -15 15 16 19 18 -20 -21 21 22 -24 24 25 -27 -28 28 29 -31
leaf_value=-0.00074543267993572066 0.038411608862774171 -0.0066330438874295343 -0.02739456390477446 -0.021465209766749097 0.062744648648084725 -0.08243131009010668 -0.020820064935989684 0.0018977843413928415 -0.003175641380232352 -0.051327135092382341 0.045454267791194408 -0.00098696455495359838 0.00058031661177453272 0.041100566096398589 0.014447119080544522 0.037442620812208886 -0.044082623772699732 0.019712168227526111 -0.063562802290904982 0.0071572272687617762 0.0066505995228494444 -0.00087003700242523844 0.019920359075588558 -0.0047214956781213733 -0.053665409036110737 0.013880331957845292 0.020485211406792058 -0.031521555584951476 0.013749245853575693 -0.033581311195375392
leaf_weight=12481.10931462422 5.4138133525848415 3.6882548122666838 11.881751373410223 4.0705970127601168 5.5418350547552091 5.4700945913791719 3.986179431900382 7.8430844511603928 8.1075682491064089 8.7672146843979117 17.951869582000654 7518.7679986131843 14495.551638221601 10.864758178591726 100.83013313263655 4.8371709436178234 12.564907073974611 4.5282622426748258 7.9156482219696045 7.7155904173851004 683.26967809061171 57.247115958132781 25.546034852508456 32.327187657356262 10.70593814365566 5.4366491660475722 49.75926491105929 45.149034233414568 22.125174106797203 14.366617363295516
leaf_count=50661 23 22 49 25 23 23 24 39 35 44 104 34570 64984 46 411 20 52 19 37 32 7979 480 1614 135 56 25 354 303 158 112
internal_value=-9.61992e-05 0.01364 -0.00679608 0.0273873 -0.000112779 -0.0162916 0.0277842 -0.0302029 -0.0414703 -0.0281925 0.0365767 -9.47249e-05 0.000144253 -0.000643846 -0.000679786 0.00904462 -0.0126427 -0.000777818 -0.0332596 -0.0245887 0.000788878 0.00398489 -0.00294946 -0.00541336 0.00374248 -0.0309167 0.0105583 -0.0118889 -0.0196153 -0.00488453
internal_weight=35673.3 43.0063 17.2956 25.7107 35630.3 39.716 9.52801 30.188 22.3449 16.8748 21.6401 35590.6 28071.9 12630.4 12619.5 125.948 25.1177 12493.6 12.4439 20.2805 15441.5 945.933 262.663 237.117 98.229 16.1426 82.0865 138.888 81.6408 36.4918
internal_count=162459 223 72 151 162236 188 47 141 102 79 126 162048 127478 51278 51232 515 104 50717 56 84 76200 11216 3237 1623 570 81 489 1053 573 270
is_linear=0
shrinkage=0.05


Tree=213
num_leaves=31
num_cat=0
split_feature=4 17 1 13 5 15 5 16 17 3 15 0 3 16 14 17 15 17 11 5 17 0 14 16 3 17 5 16 11 15
split_gain=2.81201 3.16554 3.46128 2.49314 7.52754 7.30946 6.98118 8.17624 7.47575 6.92705 6.7205 5.10697 9.17175 4.90624 4.89918 4.80267 4.79815 4.9516 6.24967 5.21145 4.65504 4.85427 6.41736 4.5452 4.49465 4.44023 4.92393 5.94496 4.32211 4.31555
threshold=16.500000000000004 21.500000000000004 1.0000000180025095e-35 5.5000000000000009 2.5000000000000004 2.5000000000000004 7.5000000000000009 16.500000000000004 6.5000000000000009 8.5000000000000018 13.500000000000002 5.5000000000000009 4.5000000000000009 8.5000000000000018 11.000000000000002 1.5000000000000002 17.500000000000004 13.500000000000002 3.5000000000000004 8.5000000000000018 14.500000000000002 1.0000000180025095e-35 7.0000000000000009 2.5000000000000004 1.0000000180025095e-35 25.500000000000004 3.5000000000000004 11.500000000000002 1.0000000180025095e-35 13.500000000000002
decision_type=2 2 2 2 2 2 2 2 2 2 2 2 2 2 2 2 2 2 2 2 2 2 2 2 2 2 2 2 2 2
left_child=3 2 -2 -1 11 20 9 8 -8 23 13 -5 15 -11 -12 -13 17 18 -10 -19 21 22 -6 -7 -23 -25 -27 -28 -24 -9
right_child=1 -3 -4 4 5 6 7 29 16 10 14 12 -14 -15 -16 -17 -18 19 -20 -21 -22 24 28 25 -26 26 27 -29 -30 -31
leaf_value=0.00021135143540005935 -0.050806965284288921 -0.12766694911313212 0.068361447288646113 -0.0031707968287392786 0.041105399713758331 0.017678270506873366 0.010854655414564733 0.062181274848059978 -0.076529527167463307 0.065358038312401903 -0.023718463270646827 0.065453897375808298 -0.032310977555152526 -0.041795586846867003 -0.14607791866911807 0.010288499102595569 -0.078314424095573223 0.039985708851886535 -0.0041442800394068035 -0.032791446359506808 0.037233269807302009 0.050433593619116257 0.0088780151187613857 0.0025179343201064512 0.0079657251427466599 0.0083689873047129663 -0.091479195374092298 -0.010061792861006388 -0.050675998003232747 -0.0092840597190093146
leaf_weight=32299.325034279726 0.72897142171859641 0.2695443759439512 3.7127298251434695 2345.3160213842057 4.3698509037494686 48.987714497838169 9.8091316036297922 4.3300896525033732 8.0468160314485484 1.6293116505257765 1.3658117752056571 4.1077257245779029 12.848387516569344 3.1022207926143892 2.0398639278719202 99.829211567994207 6.2804686237068372 4.1690169044304621 4.7375240975525221 6.0000703807454556 22.159547967021354 9.3748670816421527 4.8088562451302996 746.08552476670593 18.575067791738547 6.5974717065691939 4.2473653405904752 4.7489997432567179 8.3134738653898221 4.1246814730402548
leaf_count=146558 3 46 540 9645 18 270 86 138 102 49 15 22 76 71 35 445 82 49 22 157 140 41 23 3471 165 30 19 26 35 81
internal_value=8.0954e-05 0.0387071 0.0488035 7.58559e-05 -0.00121284 0.00260937 0.00137369 -0.0172623 -0.0269159 0.00245474 -0.0434479 -0.00266265 0.00754218 -0.00489704 -0.0970069 0.0124687 -0.0395894 -0.0289936 -0.0497055 -0.00295502 0.0184443 0.00928205 -0.0113751 0.0029155 0.0222101 0.00196602 -0.0244401 -0.0485006 -0.0288516 0.0273167
internal_weight=35700 4.71125 4.4417 35695.3 3396.01 933.904 866.302 47.4978 39.043 818.804 8.13721 2462.1 116.785 4.73153 3.40568 103.937 29.2339 22.9534 12.7843 10.1691 67.6017 45.4421 17.4922 810.667 27.9499 761.679 15.5938 8.99637 13.1223 8.45477
internal_count=162460 589 543 161871 15313 5125 4703 717 498 3986 170 10188 543 120 50 467 412 330 124 206 422 282 76 3816 206 3546 75 45 58 219
is_linear=0
shrinkage=0.05


Tree=214
num_leaves=31
num_cat=0
split_feature=15 0 13 2 3 14 2 11 14 14 13 10 16 14 9 7 2 8 4 7 16 11 7 15 6 13 14 5 5 8
split_gain=4.21032 4.07074 5.62308 5.99238 4.7722 4.27027 6.64262 10.3174 5.35473 5.30985 4.87748 5.04349 4.66648 6.77653 5.27314 4.75241 4.46191 5.31368 6.05445 5.45394 5.53695 7.0803 5.00232 4.66981 5.13284 8.63698 4.78611 4.4445 4.92575 4.21075
threshold=1.5000000000000002 1.0000000180025095e-35 3.5000000000000004 7.5000000000000009 3.5000000000000004 5.0000000000000009 1.5000000000000002 1.0000000180025095e-35 3.0000000000000004 47.000000000000007 1.5000000000000002 2.5000000000000004 1.5000000000000002 27.000000000000004 2.5000000000000004 2.5000000000000004 1.5000000000000002 1.5000000000000002 1.0000000180025095e-35 1.0000000180025095e-35 13.500000000000002 1.0000000180025095e-35 1.5000000000000002 1.0000000180025095e-35 1.0000000180025095e-35 4.5000000000000009 23.000000000000004 3.5000000000000004 4.5000000000000009 3.5000000000000004
decision_type=2 2 2 2 2 2 2 2 2 2 2 2 2 2 2 2 2 2 2 2 2 2 2 2 2 2 2 2 2 2
left_child=1 2 3 4 -1 6 -3 -8 -9 12 11 -11 13 14 -7 -15 -14 19 -19 -18 -21 -22 23 27 -25 26 -26 -20 -29 -12
right_child=-2 5 -4 -5 -6 9 7 8 -10 10 29 -13 16 15 -16 -17 17 18 22 20 21 -23 -24 24 25 -27 -28 28 -30 -31
leaf_value=-5.5527129864167196e-05 -2.3327834436933848e-05 0.028192277584485795 -0.0064156494162772295 0.057204919017460998 0.015573346795292785 -0.018404156238386211 0.014727404528224226 -0.018224049928273259 -0.094905215500591708 0.0053157635603748371 0.019338808757797598 -0.038906499892414861 -0.0014620898753913833 0.013651570308029076 -0.074901767489338619 -0.042243647111366162 0.018352307111218984 -0.014786635111970545 0.020869879675675815 -0.013095710313200715 0.042143840533810845 -0.027984589630633633 0.032073315266451158 0.007576088905230309 -0.029036326126165048 0.023598341982380446 -0.10532428311827696 -0.067224232015062696 0.019479003748984647 -0.029682535958881647
leaf_weight=271.33341056853533 34124.777313444516 46.803604884073138 241.26892188936472 5.1318538486957541 59.565588088706136 30.076306443894282 34.465554130263627 7.610817229957318 3.2483749873936176 44.765234723221511 109.72193702310324 7.5323345963843158 285.43482577428222 27.135580113856125 4.7873849230818442 4.4225945984944692 126.71108302008361 47.137801721692085 29.370029866229743 33.079766284441575 12.359626950230451 5.0778755228966466 16.82617444335483 11.664585964055734 4.0525092906318587 3.7765594106167546 4.1730285882949829 3.3372709369286886 3.217345136217773 4.5627134665846816
leaf_count=1126 154658 214 1011 24 264 198 211 50 22 261 603 41 1299 183 33 28 880 202 157 236 93 36 104 82 21 23 23 26 36 24
internal_value=9.02209e-05 0.00269313 -0.000591998 0.00358936 0.00275785 0.00477411 0.0149802 0.00133703 -0.0411621 0.00362635 0.0115941 -0.0010535 0.00159265 -0.0109677 -0.0261623 0.00581836 0.00301581 0.0072652 -0.000694125 0.0128141 -0.00107732 0.0217221 0.00799878 0.00120111 -0.0160436 -0.0389991 -0.0677392 0.0125617 -0.0246658 0.0173817
internal_weight=35613.4 1488.65 577.3 336.031 330.899 911.351 92.1284 45.3247 10.8592 819.223 166.582 52.2976 652.64 66.4219 34.8637 31.5582 586.218 300.784 123.555 177.228 50.5173 17.4375 76.4175 59.5913 23.6667 12.0021 8.22554 35.9246 6.55462 114.285
internal_count=162169 7511 2425 1414 1390 5086 497 283 72 4589 929 302 3660 442 231 211 3218 1919 674 1245 365 129 472 368 149 67 44 219 62 627
is_linear=0
shrinkage=0.05


Tree=215
num_leaves=31
num_cat=0
split_feature=4 6 7 17 16 3 11 16 4 3 1 13 7 9 2 2 1 15 14 7 7 15 14 2 14 7 13 11 1 10
split_gain=2.66796 8.16209 6.02167 5.18855 5.64402 5.42369 8.22314 7.77283 9.03791 5.79537 8.79717 7.83866 10.0826 7.24012 6.57859 8.87602 8.53862 5.73626 8.4239 5.54811 5.16356 6.67649 7.39163 6.96481 8.26342 7.45368 5.65341 5.57532 5.44964 7.087
threshold=1.0000000180025095e-35 7.5000000000000009 8.5000000000000018 13.500000000000002 14.500000000000002 2.5000000000000004 1.5000000000000002 5.5000000000000009 5.5000000000000009 6.5000000000000009 4.5000000000000009 4.5000000000000009 2.5000000000000004 3.5000000000000004 2.5000000000000004 6.5000000000000009 2.5000000000000004 5.5000000000000009 5.0000000000000009 5.5000000000000009 3.5000000000000004 19.500000000000004 47.000000000000007 1.0000000180025095e-35 33.000000000000007 6.5000000000000009 2.5000000000000004 1.0000000180025095e-35 8.5000000000000018 1.5000000000000002
decision_type=2 2 2 2 2 2 2 2 2 2 2 2 2 2 2 2 2 2 2 2 2 2 2 2 2 2 2 2 2 2
left_child=2 3 -1 20 5 -5 7 8 -7 -9 11 12 14 -13 -11 -16 -17 18 -8 -12 -2 23 -23 -22 25 28 -27 -26 -25 -30
right_child=1 -3 -4 4 -6 6 17 9 -10 10 19 13 -14 -15 15 16 -18 -19 -20 -21 21 22 -24 24 27 26 -28 -29 29 -31
leaf_value=-0.00039906734740041531 0.0001257426172981913 0.030889441960212618 0.040108692489964327 -0.00042781379681371519 0.0044437011781530032 0.016201703336288252 -0.040398579819129782 0.004437030113024122 -0.0091274272701771225 -0.038393012138188541 0.038387769844622686 0.037769827321724819 -0.10363815162926396 -0.026177936907862326 0.012610678825256511 -0.15444837199274378 0.052755147468431733 -0.0083822791789345662 0.014345964934772984 -0.095861425525804789 -1.5387408248285618e-05 0.0044404741135176153 0.061095392436021058 -0.0051578917503491296 -0.016565868274947607 -0.088546752872463302 -0.0094569918189688421 -0.042848522421164305 0.053998839410017568 -0.027498558468412766
leaf_weight=16074.388488960452 13644.529949426142 22.059985751635395 9.179691940546034 2780.3335100319237 1446.5243735895638 246.50469370034989 7.9185828149784347 614.22630340408068 41.088543173420476 24.12146620452404 11.263039932993703 10.503689558478074 4.0108332093805066 7.6498942729085675 17.580531669780616 1.6244605840183788 0.71650457673240442 203.474819412746 62.41190947877476 0.82603640877641815 178.97753433510661 41.655910683999537 6.6803943455452091 105.62586910370737 71.099347774812486 4.4672728553414327 4.5718948261346668 28.173094033380039 8.8799936012946983 3.8129958301433353
leaf_count=65296 64068 128 38 12000 9460 1407 55 3451 625 122 1100 101 22 39 139 24 50 1483 512 15 740 197 33 491 378 22 31 157 109 32
internal_value=0.000101328 0.000492949 -0.000375948 0.000458701 0.00176415 0.000803368 0.00353328 0.00567339 0.0125829 0.00280398 -0.0100071 -0.0171688 -0.0277432 0.0108223 -0.0208317 0.000432018 -0.0910291 -0.00412747 0.00818222 0.0292146 -4.87917e-05 -0.00529489 0.0122706 -0.00738817 -0.0132107 -0.00478139 -0.0485442 -0.0240248 -0.00143806 0.0295169
internal_weight=35684.9 19601.3 16083.6 19579.3 5480.78 4034.25 1253.92 980.116 287.593 692.523 78.2965 66.2074 48.0538 18.1536 44.043 19.9215 2.34097 273.805 70.3305 12.0891 14098.5 453.944 48.3363 405.608 226.63 127.358 9.03917 99.2724 118.319 12.693
internal_count=162325 96991 65334 96863 30605 21145 9145 7095 2032 5063 1612 497 357 140 335 213 74 2050 567 1115 66258 2190 230 1960 1220 685 53 535 632 141
is_linear=0
shrinkage=0.05


Tree=216
num_leaves=31
num_cat=0
split_feature=9 8 1 4 15 1 5 2 10 15 17 17 17 17 3 14 14 17 5 2 0 3 2 4 17 17 11 8 4 17
split_gain=2.22247 4.41369 4.02916 6.27973 6.73386 9.28014 6.40978 6.42295 4.23432 3.99409 5.52043 3.92805 6.58662 3.85115 4.42436 4.9993 5.05414 3.84035 13.0436 4.06804 3.86731 3.8299 3.82637 5.90305 5.39478 7.633 8.93055 8.13652 6.65744 6.23131
threshold=1.5000000000000002 6.5000000000000009 1.5000000000000002 7.5000000000000009 17.500000000000004 1.0000000180025095e-35 3.5000000000000004 3.5000000000000004 5.5000000000000009 5.5000000000000009 13.500000000000002 14.500000000000002 19.500000000000004 3.5000000000000004 3.5000000000000004 57.000000000000007 31.000000000000004 1.0000000180025095e-35 1.0000000180025095e-35 3.5000000000000004 1.0000000180025095e-35 4.5000000000000009 2.5000000000000004 7.5000000000000009 8.5000000000000018 19.500000000000004 2.5000000000000004 1.0000000180025095e-35 10.500000000000002 4.5000000000000009
decision_type=2 2 2 2 2 2 2 2 2 2 2 2 2 2 2 2 2 2 2 2 2 2 2 2 2 2 2 2 2 2
left_child=22 2 3 4 8 6 13 -8 17 10 -5 -11 -13 -6 15 16 -15 18 -2 20 -20 -22 -1 -24 28 26 -26 -28 -25 -30
right_child=1 -3 -4 9 5 -7 7 -9 -10 11 -12 12 -14 14 -16 -17 -18 -19 19 -21 21 -23 23 24 25 -27 27 -29 29 -31
leaf_value=-0.00020865100964963763 -0.046152621928904479 -0.02647793987284492 -0.0020071612786069625 0.030485800577390872 -0.0078929798710395804 0.017028717840107031 -0.0049230122982874269 -0.044507333672354016 -0.020613630278555228 -0.031437660006565012 -0.035695468625263092 0.034543811944378881 -0.04478962739056086 0.0064159172877612542 0.011458667224921967 0.04426033845076182 -0.0076186083386388841 -5.9975809993866611e-05 -0.0096046432058222268 -0.034967837681274837 0.011952434416197373 0.066737571060973597 0.00088695762743539071 0.029896607075592104 0.0035698936609331756 0.03303614544564578 0.0077061722721047075 -0.077786398801803783 0.042538864534635373 -0.036000797722356148
leaf_weight=19911.762724703643 19.073108971118927 16.694980648811907 3447.7754704029358 9.087009306997059 57.54851983487606 129.17692087218165 71.53918033093214 11.96113710105419 25.74028710834682 34.224530082195997 4.8235414270311585 6.5800546668469888 4.3432458732277155 153.75475873053074 199.53477509319782 6.7111623436212531 110.07427689433098 3318.3075103648007 8.2067310661077553 4.4899449758231631 7.9008899778127653 5.3503604680299759 7934.7619984055054 50.748978919989895 70.998107630279264 17.779617451567901 4.6258513859065697 6.9861230867390987 3.653527508256956 8.1793668172904272
leaf_count=82713 78 78 17721 49 232 560 294 52 106 162 29 31 24 619 812 27 443 13671 34 24 35 27 39218 697 2751 867 302 163 125 348
internal_value=-4.22902e-05 -0.000797421 -0.000741276 0.000300759 0.000532293 0.00485242 0.00227864 -0.0105933 -0.000411386 -0.0158881 0.00753717 -0.0231057 0.00299981 0.00431572 0.00581036 0.0016445 0.000560458 -0.000256773 -0.0147619 0.00831198 0.017368 0.0340726 0.000164031 0.00108043 0.0105001 0.00331755 -0.00307858 -0.0437288 0.022022 -0.0117509
internal_weight=35662.4 7652.9 7636.2 4188.43 4129.37 740.301 611.124 83.5003 3389.07 59.0584 13.9106 45.1478 10.9233 527.623 470.075 270.54 263.829 3363.33 45.021 25.9479 21.458 13.2513 28009.5 8097.73 162.972 100.39 82.6101 11.612 62.5819 11.8329
internal_count=162292 35108 35030 17309 17014 3039 2479 346 13975 295 78 217 55 2133 1901 1089 1062 13869 198 120 96 62 127184 44471 5253 4083 3216 465 1170 473
is_linear=0
shrinkage=0.05


Tree=217
num_leaves=31
num_cat=0
split_feature=15 3 14 17 4 8 11 0 14 2 17 0 1 0 11 1 2 14 14 14 17 4 10 14 15 2 7 1 7 10
split_gain=3.39055 4.38924 6.62604 6.29419 6.93335 6.25426 4.95477 6.72509 4.92475 7.68152 6.75145 8.30549 6.69359 7.59732 6.54375 5.43258 6.54824 6.69276 6.05213 7.05111 7.976 6.60414 11.1633 6.96675 6.9471 6.52681 5.91301 5.33492 5.26805 5.0775
threshold=17.500000000000004 8.5000000000000018 45.000000000000007 4.5000000000000009 1.5000000000000002 3.5000000000000004 1.5000000000000002 4.5000000000000009 43.000000000000007 10.500000000000002 12.500000000000002 7.5000000000000009 1.0000000180025095e-35 8.5000000000000018 4.5000000000000009 1.5000000000000002 5.5000000000000009 29.000000000000004 25.000000000000004 13.000000000000002 7.5000000000000009 6.5000000000000009 1.5000000000000002 3.0000000000000004 18.500000000000004 1.5000000000000002 3.5000000000000004 7.5000000000000009 1.5000000000000002 2.5000000000000004
decision_type=2 2 2 2 2 2 2 2 2 2 2 2 2 2 2 2 2 2 2 2 2 2 2 2 2 2 2 2 2 2
left_child=-1 8 3 4 -3 6 -5 -8 15 10 14 -12 -13 -14 -10 16 -2 -18 19 21 27 25 23 -23 -24 26 -17 -21 -16 -19
right_child=1 2 -4 5 -6 -7 7 -9 9 -11 11 12 13 -15 28 18 17 29 -20 20 -22 22 24 -25 -26 -27 -28 -29 -30 -31
leaf_value=-0.00021082290639464168 0.0039911845009585672 -0.11116588604985476 0.023689704559908209 -0.00057895428667688634 -0.0097322707725114241 -0.10296924657937674 -0.059846812234092231 0.069531267214106643 -0.0038834079125827309 -0.063172951084794343 0.0051689680968799419 -0.1037819981075928 0.069611166749635661 -0.062630763999923955 0.039608472747829457 -0.0039539842510767495 -9.9731652138759834e-05 -0.017313799243742614 0.0031947688636008785 -0.012148352944008118 -0.0016972086263908554 0.025548626755965323 -0.056477120272094165 -0.10585379593895977 0.027954415263454064 0.0080267586062251067 0.021687155054107381 -0.061012754682753759 -0.017250501880208515 -0.068213571672489898
leaf_weight=29255.364840038761 2586.3919391762465 3.6479570567607871 10.772775148332583 35.275185519974912 3.1303238426335156 1.841776757093611 7.5637971872929466 1.1582288288918787 1016.1777496013092 5.0095669205184086 410.73696619994007 3.1211687624454489 1.8398481623735277 2.6509831618750468 15.263621351681651 325.31397211551666 92.092226402834058 33.365799145773053 921.04559434688417 220.78417282458395 410.5781899986323 1.2480830579297642 3.5466917672310938 5.2591942566214129 7.7819492549751885 283.65818116464652 24.153365731239319 5.7307503784541032 5.5567876100540152 5.7428793311119071
leaf_count=133835 10563 15 191 572 35 28 45 111 4294 68 1804 13 20 48 66 1344 400 148 4275 935 1983 26 22 77 66 1357 99 32 24 27
internal_value=1.79621e-05 0.00105559 -0.0120365 -0.019351 -0.0643221 -0.0127011 -0.00892236 -0.0426662 0.00118553 -0.00136459 -0.00115183 0.0042099 -0.0475408 -0.00845258 -0.00331488 0.00194143 0.00343839 -0.00745891 9.98955e-05 -0.00211315 -0.0058526 0.00154664 -0.0284586 -0.0806511 0.00152118 0.00239192 -0.0021818 -0.0133846 0.0244333 -0.0247881
internal_weight=35705.8 6450.44 63.39 52.6173 6.77828 45.839 43.9972 8.72203 6387.05 1460.36 1455.35 418.349 7.612 4.49083 1037 4926.69 2717.59 131.201 2209.1 1288.05 637.093 650.961 17.8359 6.50728 11.3286 633.126 349.467 226.515 20.8204 39.1087
internal_count=162523 28688 997 806 50 756 728 156 27691 6337 6269 1885 81 68 4384 21354 11138 575 10216 5941 2950 2991 191 103 88 2800 1443 967 90 175
is_linear=0
shrinkage=0.05


Tree=218
num_leaves=31
num_cat=0
split_feature=17 14 17 13 1 2 3 16 10 1 10 2 16 17 3 3 8 0 14 0 16 2 3 16 10 16 0 3 2 8
split_gain=2.73621 7.50374 5.97574 5.25492 4.61822 4.25334 5.29711 4.20228 4.13829 5.09533 4.74411 4.72337 4.46597 5.84344 5.0568 4.11372 4.06364 3.9289 4.22179 3.70318 3.70276 10.2439 5.72536 6.72327 5.85326 5.67377 8.92933 5.58138 5.21339 4.92655
threshold=21.500000000000004 13.000000000000002 26.500000000000004 2.5000000000000004 7.5000000000000009 3.5000000000000004 3.5000000000000004 4.5000000000000009 2.5000000000000004 1.0000000180025095e-35 1.0000000180025095e-35 1.5000000000000002 13.500000000000002 28.500000000000004 1.5000000000000002 5.5000000000000009 1.5000000000000002 1.0000000180025095e-35 5.0000000000000009 7.5000000000000009 12.500000000000002 3.5000000000000004 2.5000000000000004 14.500000000000002 2.5000000000000004 8.5000000000000018 4.5000000000000009 1.0000000180025095e-35 1.0000000180025095e-35 1.0000000180025095e-35
decision_type=2 2 2 2 2 2 2 2 2 2 2 2 2 2 2 2 2 2 2 2 2 2 2 2 2 2 2 2 2 2
left_child=-1 4 3 7 19 8 16 15 9 -4 12 -10 13 -11 -15 -3 -7 -6 -19 20 25 22 24 -24 -22 -2 27 29 -29 -27
right_child=1 2 5 -5 17 6 -8 -9 11 10 -12 -13 -14 14 -16 -17 -18 18 -20 -21 21 -23 23 -25 -26 26 -28 28 -30 -31
leaf_value=-0.00013469287656129651 -0.013925852555351595 -0.014200142774838945 -0.0030158829104203339 0.0016044897191892149 0.084838787168842841 0.0067653202015071079 0.043553963953483162 -0.0038480313663886642 0.06491072727811191 0.040287835363220392 -0.013540965901207794 0.0014143148926684425 0.057000585547577254 0.017365512699367158 -0.047815146367690395 -0.062136422291343342 -0.04334576525547746 0.026869594607033833 -0.13317667446340808 0.032126874582453238 -0.038029882265197767 0.017834442348100294 -0.051801384805314377 0.0099731263986781969 0.0032497224612366296 0.038418228973637877 -0.05926315966651844 -0.027330997269869484 0.01068387850166559 -0.0059140623169283649
leaf_weight=34290.653933834212 105.76525191776454 56.517822162481025 37.645867809653282 519.7837572991848 2.3735323101282111 6.9181567649357083 3.705854129366343 362.19562851052615 7.9096096754074079 14.597820456605406 7.8654922856949261 4.6510490886867046 10.423784561455248 8.3655251264572126 4.6183948181569567 4.8604411920532575 9.7435470074415189 2.1718886014714376 0.5085218476015142 5.0754728421452446 58.86961654573679 16.787946163560264 5.7033550553023842 19.341524516232312 10.05412735044956 20.949944347143177 5.1590503491461268 14.482510343194006 23.906495304778218 8.9413951784372312
leaf_count=155388 476 259 153 2686 11 42 92 1863 34 65 38 23 51 35 25 51 45 81 32 77 243 108 27 90 42 85 29 59 113 36
internal_value=-0.000221925 -0.00242154 -0.000445162 -0.00176426 -0.00940134 0.0102412 -0.0105135 -0.00589817 0.014641 0.0106167 0.0218049 0.0413988 0.0291199 0.0185832 -0.00581932 -0.0179961 -0.022539 0.0379906 -0.00349405 -0.0102132 -0.0109543 -0.0181414 -0.0245686 -0.0040945 -0.0320083 -0.00651233 0.0041644 0.00895679 -0.00365749 0.0251571
internal_weight=35650.5 1359.89 1059.8 943.358 300.091 116.445 20.3676 423.574 96.0775 83.5169 45.871 12.5607 38.0055 27.5817 12.9839 61.3783 16.6617 5.05394 2.68041 295.037 289.961 110.757 93.9686 25.0449 68.9237 179.205 73.4394 68.2803 38.389 29.8913
internal_count=162359 6971 5462 4859 1509 603 179 2173 424 367 214 57 176 125 60 310 87 124 113 1385 1308 510 402 117 285 798 322 293 172 121
is_linear=0
shrinkage=0.05


Tree=219
num_leaves=31
num_cat=0
split_feature=17 15 14 1 16 17 3 16 15 15 13 15 14 0 9 4 1 11 10 0 16 6 4 13 7 15 17 9 17 3
split_gain=5.23588 4.21197 5.76888 5.13382 6.4728 3.5647 3.29235 8.65313 3.1022 5.87762 5.69706 3.60331 5.36919 3.08723 2.95637 4.46353 4.80275 3.49001 2.98801 3.6297 4.2803 3.01873 5.20583 4.77178 5.82747 4.94703 6.04769 9.20908 5.06482 5.02366
threshold=1.5000000000000002 27.500000000000004 33.000000000000007 2.5000000000000004 8.5000000000000018 9.5000000000000018 9.5000000000000018 11.500000000000002 26.500000000000004 23.500000000000004 3.5000000000000004 21.500000000000004 25.000000000000004 1.0000000180025095e-35 1.5000000000000002 13.500000000000002 6.5000000000000009 1.0000000180025095e-35 6.5000000000000009 1.0000000180025095e-35 11.500000000000002 1.5000000000000002 7.5000000000000009 1.0000000180025095e-35 1.0000000180025095e-35 5.5000000000000009 11.500000000000002 2.5000000000000004 7.5000000000000009 2.5000000000000004
decision_type=2 2 2 2 2 2 2 2 2 2 2 2 2 2 2 2 2 2 2 2 2 2 2 2 2 2 2 2 2 2
left_child=6 14 -3 -4 -5 -6 8 -8 9 11 -11 -1 -13 -14 15 -2 17 -17 21 -20 -21 -16 23 24 25 26 27 -23 29 -27
right_child=1 2 3 4 5 -7 7 -9 -10 10 -12 12 13 -15 18 16 -18 -19 19 20 -22 22 -24 -25 -26 28 -28 -29 -30 -31
leaf_value=0.0036040731503527421 0.00033591342547293414 0.012752555682384809 0.0032667494826510812 0.01549653906662854 -0.093003949724684731 -0.029233320178622374 0.0029773681728862199 -0.12608743605885089 0.036446500715935796 -0.00086632788129586817 -0.049910581072289135 -0.0098697506648567218 0.016231595910959667 0.056434444025748959 -0.00032788118540657787 -0.024739851984548002 0.052038381311178029 -0.089512393420827743 0.039026607930331143 0.021815642031475298 -0.043864679875227554 0.054422032323998906 -0.026662412708108214 -0.0014327011374081146 -0.024638426544615569 -0.026143669504551721 0.043709167258379464 -0.033523070746582478 -0.016538708015732324 0.016342924545402229
leaf_weight=1093.7455871241982 26973.08822396482 137.11633725924185 29.690488897264004 4.3729161765659219 4.1000698404386622 4.7074155243171845 4.8425580423499914 1.7745661269291302 7.2024332433938971 14.683155409991743 9.9228392243385297 9.1190721243619937 9.3515689671039599 9.7580464929342252 5778.2619646327803 9.692655284481587 1.6563262711133564 2.6477104087825856 10.393762715160848 6.6942155631259066 3.9407725783530623 4.3197901379317072 22.498565435293131 1392.5271397640463 49.548549097031355 9.2180139422416669 10.794465337414293 9.5738392826169711 75.485063268337399 28.37242768984288
leaf_count=5094 121473 611 122 23 19 30 57 21 31 62 41 38 38 42 26433 139 838 55 43 37 28 20 408 6165 224 37 53 42 326 122
internal_value=0.000229302 0.000118406 0.00774724 -0.00826154 -0.0342304 -0.0589199 0.00353293 -0.031635 0.00373462 0.00352914 -0.0206444 0.00405929 0.021697 0.0367606 7.84775e-05 0.000321265 -0.027907 -0.0386372 -0.000806752 0.018014 -0.00252206 -0.000860376 -0.00278063 -0.00244053 -0.00993296 -0.00464394 0.0156336 -0.00617929 -0.00907119 0.00592426
internal_weight=35729.1 34568.7 179.987 42.8709 13.1804 8.80749 1160.4 6.61712 1153.78 1146.58 24.606 1121.97 28.2287 19.1096 34388.7 26987.1 13.9967 12.3404 7401.63 21.0288 10.635 7380.6 1602.34 1579.84 187.312 137.764 24.6881 13.8936 113.076 37.5904
internal_count=162672 157248 805 194 72 49 5424 78 5346 5315 103 5212 118 80 156443 122505 1032 194 33938 108 65 33830 7397 6989 824 600 115 62 485 159
is_linear=0
shrinkage=0.05


Tree=220
num_leaves=31
num_cat=0
split_feature=15 3 13 16 15 1 17 6 1 16 16 17 7 17 6 11 15 0 16 9 4 4 15 17 17 3 16 7 0 1
split_gain=2.09596 6.59146 7.50853 5.22836 4.5036 5.22053 5.30853 5.19864 4.70005 12.0442 5.76643 5.41199 4.83553 4.49303 4.45232 6.09815 5.97642 5.2021 6.7208 5.81813 5.71215 5.34309 4.85821 4.67555 11.0358 4.5 4.32624 11.2411 4.77586 4.28877
threshold=11.500000000000002 7.5000000000000009 4.5000000000000009 22.500000000000004 8.5000000000000018 3.5000000000000004 8.5000000000000018 7.5000000000000009 7.5000000000000009 9.5000000000000018 10.500000000000002 2.5000000000000004 3.5000000000000004 18.500000000000004 2.5000000000000004 2.5000000000000004 10.500000000000002 1.0000000180025095e-35 12.500000000000002 2.5000000000000004 3.5000000000000004 2.5000000000000004 9.5000000000000018 7.5000000000000009 6.5000000000000009 1.0000000180025095e-35 23.500000000000004 4.5000000000000009 2.5000000000000004 3.5000000000000004
decision_type=2 2 2 2 2 2 2 2 2 2 2 2 2 2 2 2 2 2 2 2 2 2 2 2 2 2 2 2 2 2
left_child=1 4 3 -3 8 7 14 -6 -1 -10 12 -12 -11 29 15 17 -17 21 22 20 -20 -7 23 24 25 -19 28 -28 -13 -4
right_child=-2 2 13 -5 5 6 -8 -9 9 10 11 26 -14 -15 -16 16 -18 18 19 -21 -22 -23 -24 -25 -26 -27 27 -29 -30 -31
leaf_value=-0.00031707551803490186 0.00016421044257550484 0.0010803612522012355 0.0089465643648672794 0.047363912226862176 -0.0013008194117984009 0.008110652925842626 -0.008746958204509981 0.045797558705708237 0.019918084202135946 -0.0072722035418046633 0.040471756170757572 -0.0098217101809221861 -0.072864735943472217 0.055118047781352958 0.01318193143044466 0.025969995744878571 -0.015829160513756605 -0.035397219801671716 0.0004310210851338858 -0.037123851141960436 0.046762000721353426 -0.014052848049304534 -0.030082333104972214 -0.052281767798606639 0.066364198857183462 0.0068954066990090396 -0.097998518279876379 0.050646985785996412 0.014480984382349588 0.039257785614918453
leaf_weight=12413.229569702235 16857.863810862531 227.86446169221017 48.551984219579026 6.2696086148207533 5003.0732018293347 90.751809671521187 507.02386369847227 5.8657874874770632 98.895192881929688 6.0084121485706401 7.5458335201838045 54.565190834924579 5.2780485581606627 8.4052904471463972 49.037444881862029 31.152978969330434 11.78717979416251 11.808091998100286 36.410238154232502 8.1196660450659675 8.1399796567275171 38.827104739844799 54.361919409711845 4.776137333828955 5.3198854522779575 13.458082333614582 3.647231498558539 1.9529091715812681 32.112503489130177 15.362339811414129
leaf_count=55105 74928 3584 284 155 20587 367 2873 27 1131 61 51 277 26 249 240 148 53 49 161 39 67 160 284 29 26 84 50 9 578 663
internal_value=-0.000240658 -0.000603516 0.00666945 0.00231974 -0.000723972 -0.00186692 -0.00543975 -0.00124566 -0.000191586 0.00722601 -0.00407075 -0.000240665 -0.0379462 0.0207516 -0.000832438 -0.00301472 0.014496 -0.00577938 -0.0123759 0.00180183 0.00889637 0.00146957 -0.0206986 -0.00627307 0.000911371 -0.01287 -0.00356984 -0.0461621 -0.000818005 0.0162321
internal_weight=35667.5 18809.6 306.454 234.134 18503.1 5879.91 870.974 5008.94 12623.2 210.005 111.11 99.8237 11.2865 72.3196 363.951 314.913 42.9402 271.973 142.394 52.6699 44.5502 129.579 89.7241 35.3622 30.5861 25.2662 92.2778 5.60014 86.6777 63.9143
internal_count=162345 87417 4935 3739 82482 25194 4580 20614 57288 2183 1052 965 87 1196 1707 1467 201 1266 739 267 228 527 472 188 159 133 914 59 855 947
is_linear=0
shrinkage=0.05


Tree=221
num_leaves=31
num_cat=0
split_feature=1 0 14 14 14 1 3 16 1 15 17 15 3 9 14 4 11 0 16 9 2 1 16 6 14 14 14 10 4 16
split_gain=2.98043 5.80711 4.47186 5.51118 12.1002 5.80664 4.38899 5.57536 4.34381 3.21699 3.08964 2.81495 4.45715 5.48027 4.01583 4.89364 4.39931 13.1095 3.76914 3.75106 4.73263 3.60738 5.34543 5.71135 5.32935 6.0734 7.46898 5.13976 7.53037 7.01362
threshold=11.500000000000002 3.5000000000000004 37.000000000000007 21.000000000000004 5.0000000000000009 13.500000000000002 2.5000000000000004 12.500000000000002 12.500000000000002 16.500000000000004 10.500000000000002 5.5000000000000009 8.5000000000000018 6.5000000000000009 23.000000000000004 1.5000000000000002 2.5000000000000004 3.5000000000000004 13.500000000000002 5.5000000000000009 2.5000000000000004 2.5000000000000004 24.500000000000004 4.5000000000000009 49.000000000000007 39.000000000000007 43.000000000000007 7.5000000000000009 10.500000000000002 11.500000000000002
decision_type=2 2 2 2 2 2 2 2 2 2 2 2 2 2 2 2 2 2 2 2 2 2 2 2 2 2 2 2 2 2
left_child=11 2 3 4 -2 -5 7 10 -6 -4 -3 12 13 21 16 18 -14 -18 -16 20 -17 22 23 27 25 -25 -27 28 -1 -30
right_child=1 6 9 5 8 -7 -8 -9 -10 -11 -12 -13 14 -15 15 19 17 -19 -20 -21 -22 -23 -24 24 -26 26 -28 -29 29 -31
leaf_value=-0.00028861699577734638 0.058775659052746676 0.055562029296390064 -0.029005556679518537 0.031916016826779324 -0.1010943823551352 -0.035620272982380602 0.035963450368699988 -0.069870180429428982 -0.032782087669450261 -0.08197401601990878 -0.022233466462736093 -0.00016034169752353526 0.039444600846584861 -0.049256194501329599 -0.03242200804310616 -0.017568563727364192 0.052174451168875757 -0.13212515249082321 0.018679074460895971 0.045934903404776919 0.029829746480548005 0.0026028034194453065 0.014373336026918846 0.014210116249947946 0.041846763829927296 -0.065954107343341659 0.0075139632853081888 0.043132024082776527 -0.070046796314582147 0.0061023330967901555
leaf_weight=4566.4789448278025 2.8687173500657108 2.5959206414409008 14.417797758942472 11.024949280079452 3.6588889169506711 4.4742884502047664 9.809813266139825 2.8611344629898667 6.3932843455113471 3.5778602748177937 2.5105444774962962 28802.356888082257 20.272671773680489 5.4560948126018038 11.673470677342268 10.581229704432195 2.5597605209331951 1.5486421668902037 5.2229645308107129 8.1696485124994052 10.48496268247254 2093.9607243473292 64.797165026888251 61.517264239490032 13.144667707383631 5.761738307774066 8.6575099416077119 6.7922242805361739 7.4398035369813424 5.0942989992909133
leaf_count=19615 22 22 88 67 26 30 2183 27 39 19 21 127027 331 24 63 84 24 48 30 55 420 11819 284 273 59 25 38 29 40 32
internal_value=3.77355e-05 -0.0107263 -0.0200332 -0.00768366 -0.0317987 0.0124198 0.0135736 -0.0139931 -0.0576471 -0.0395366 0.0173146 5.70841e-05 0.000963412 0.000834466 0.0134699 0.00479538 0.0298833 -0.0172964 -0.0166258 0.0171755 0.00602229 0.000874459 0.000110888 -8.67994e-05 0.0124524 0.00736417 -0.0218429 -0.000330378 -0.000394847 -0.0390971
internal_weight=35776.2 64.1932 46.4158 28.4201 12.9209 15.4992 17.7774 7.9676 10.0522 17.9957 5.10647 35712 6909.61 6839.1 70.5134 46.1323 24.3811 4.1084 16.8964 29.2358 21.0662 6833.64 4739.68 4674.89 89.0812 75.9365 14.4192 4585.81 4579.01 12.5341
internal_count=162864 2544 291 184 87 97 2253 70 65 107 43 160320 33293 32238 1055 652 403 72 93 559 504 32214 20395 20111 395 336 63 19716 19687 72
is_linear=0
shrinkage=0.05


Tree=222
num_leaves=31
num_cat=0
split_feature=17 14 11 14 15 16 17 7 17 15 16 11 16 3 1 1 1 8 15 7 3 9 17 1 14 7 9 4 16 15
split_gain=4.21587 5.5731 6.42128 14.945 4.37793 9.02843 4.22581 4.10979 4.72507 4.35536 4.05784 3.92054 5.1014 6.58233 4.14503 4.26192 3.89396 3.82294 3.17447 4.27395 5.85236 5.56308 5.52704 5.30294 5.21209 4.49669 4.4738 10.3287 4.42105 6.79121
threshold=24.500000000000004 13.000000000000002 1.0000000180025095e-35 51.000000000000007 20.500000000000004 9.5000000000000018 26.500000000000004 1.0000000180025095e-35 28.500000000000004 18.500000000000004 8.5000000000000018 2.5000000000000004 8.5000000000000018 2.5000000000000004 2.5000000000000004 3.5000000000000004 2.5000000000000004 1.0000000180025095e-35 17.500000000000004 1.5000000000000002 6.5000000000000009 1.5000000000000002 1.0000000180025095e-35 2.5000000000000004 13.000000000000002 2.5000000000000004 3.5000000000000004 4.5000000000000009 20.500000000000004 27.500000000000004
decision_type=2 2 2 2 2 2 2 2 2 2 2 2 2 2 2 2 2 2 2 2 2 2 2 2 2 2 2 2 2 2
left_child=18 -2 4 6 7 -6 11 9 16 -3 -10 14 -13 -14 -4 -16 17 -9 -1 28 22 -22 24 -23 -21 -26 27 -25 -20 -30
right_child=1 2 3 -5 5 -7 -8 8 10 -11 -12 12 13 -15 15 -17 -18 -19 19 20 21 23 -24 26 25 -27 -28 -29 29 -31
leaf_value=-0.00026938155338387682 -0.0049200318700072139 0.0080951484550606627 -0.040161261902668027 -0.078411643288421651 -0.066892607725600045 0.015904655488590054 0.01680443449248762 0.02836503376250963 0.036704391566636685 0.042752890918539968 -0.030251751422930791 -0.023787506141752981 0.054188465916520434 -0.024021874885997805 -0.038726874703861443 0.049820131675970658 0.043988973073811138 -0.023661446153720563 0.0012642210642971881 0.013315835248361935 0.014050386417156065 -0.086047139950331766 -0.00058699938832176563 -0.075881071341351178 -0.075671137495317051 -0.016812318799188729 -0.0051489468419461809 0.044477953903158306 0.0060989576599115199 0.047371899772000632
leaf_weight=28862.534871147363 100.56227710802341 129.08596182201291 12.976282430812718 6.159379781340248 5.093213338404893 9.3123175117652846 30.427818583964836 13.349796995520594 3.597242715302853 9.7495701089501363 6.1001063851290382 7.9759006764506948 7.9673792161047441 4.0617021572834346 2.3950522989034644 3.1412529859226197 29.76037976477528 4.8006757348775855 4711.3050300764153 5.3488987535238293 8.6097663534746953 3.8924225866794613 1317.3606645489926 7.8538687035907078 6.2942581921815854 6.6981401368975639 14.264857659232801 2.3058085657248739 290.75033297258778 10.320600187289527
leaf_count=131869 507 657 56 34 22 48 155 55 17 44 38 37 35 46 11 36 168 20 20763 22 195 16 5659 45 26 30 77 64 1421 52
internal_value=1.07489e-05 0.00520427 0.00876471 -0.00378938 0.0132365 -0.0133691 0.00287716 0.0151875 0.0264147 0.0105289 -0.00541429 -0.00812501 0.00722038 0.0277802 -0.0247075 0.011514 0.032857 0.0146044 -4.6202e-05 0.000962651 -0.00150935 -0.0211449 -0.00096651 -0.031846 -0.0282248 -0.0453269 -0.0232083 -0.0485648 0.0016396 0.00751378
internal_weight=35634.1 386.516 285.954 75.1048 210.849 14.4055 68.9454 196.444 57.6082 138.836 9.69735 38.5176 20.005 12.0291 18.5126 5.53631 47.9109 18.1505 35247.5 6385 1372.63 36.9267 1335.7 28.317 18.3413 12.9924 24.4245 10.1597 5012.38 301.071
internal_count=162225 1986 1479 410 1069 70 376 999 298 701 55 221 118 81 103 47 243 75 160239 28370 6134 397 5737 202 78 56 186 109 22236 1473
is_linear=0
shrinkage=0.05


Tree=223
num_leaves=31
num_cat=0
split_feature=15 10 4 0 4 13 16 15 13 3 15 3 17 16 16 2 2 17 1 17 16 17 2 2 2 4 1 16 5 8
split_gain=3.37628 3.88356 6.18216 5.17152 4.9041 4.80213 4.93384 5.35581 4.59059 10.0208 6.30172 6.81747 6.89918 10.5734 6.32808 6.32235 5.79002 8.01915 5.79626 5.2685 8.10131 6.39716 7.21748 6.5263 8.80334 5.2437 5.12045 5.9961 8.54226 4.97126
threshold=17.500000000000004 1.0000000180025095e-35 8.5000000000000018 12.500000000000002 2.5000000000000004 5.5000000000000009 9.5000000000000018 9.5000000000000018 5.5000000000000009 1.5000000000000002 3.5000000000000004 5.5000000000000009 3.5000000000000004 5.5000000000000009 1.0000000180025095e-35 5.5000000000000009 3.5000000000000004 9.5000000000000018 4.5000000000000009 21.500000000000004 23.500000000000004 24.500000000000004 2.5000000000000004 2.5000000000000004 6.5000000000000009 5.5000000000000009 1.0000000180025095e-35 6.5000000000000009 1.0000000180025095e-35 2.5000000000000004
decision_type=2 2 2 2 2 2 2 2 2 2 2 2 2 2 2 2 2 2 2 2 2 2 2 2 2 2 2 2 2 2
left_child=1 -1 3 8 -5 -4 7 -7 10 -10 11 12 13 25 -13 -15 -16 18 -18 -12 21 23 -23 -21 -25 -3 27 28 -14 -19
right_child=-2 2 5 4 -6 6 -8 -9 9 -11 19 14 26 15 16 -17 17 29 -20 20 -22 22 -24 24 -26 -27 -28 -29 -30 -31
leaf_value=0.00013408406588386748 0.0010384302763205731 0.049496497053945848 0.0052353480807384176 -0.10853332253720825 -0.01667108189388054 0.048881104415022136 0.062116479792994464 -0.032993784988097137 3.966035958852114e-05 -0.011654997475317917 -8.9842887025651306e-05 -0.053433672844628036 -0.039794648210043339 0.0015091265726640737 0.023489130844342745 -0.060523420652950632 -0.083499694689870591 0.053425003924513707 0.014670161649614011 -0.017092364767095733 -0.059826884976099774 0.02050196553129386 -0.017554198692879063 0.010559645761658654 -0.052971866930912714 -0.010648320805184977 -0.0040913727807477783 -0.0076768135143775512 -0.0098887062376946267 -0.035024607543515544
leaf_weight=21085.662317110327 6458.9267121393932 17.788332259282473 186.63492659654003 2.0958253275603047 4.7358271098346449 3.840443316526942 7.8349323595757587 4.1620531857770402 419.28832489624619 325.28509517741622 6053.9447059716913 3.5925039486028245 41.579972729086876 52.51775811240077 45.832935131154954 4.4560350445099166 4.6534407553262991 4.7551184198819101 2.2213465054519475 123.09519271180034 7.2029875646112478 39.447314333170652 18.21014620445203 49.434219837421551 6.1286723065422839 4.5511290207505217 470.33379448857158 214.65309458971024 56.086752824485302 2.3855820097960532
leaf_count=96229 28742 96 2499 10 109 54 143 40 1718 1532 26021 27 169 236 251 27 44 78 37 515 35 165 97 238 50 41 2272 882 236 26
internal_value=3.7639e-06 -0.000224612 -0.00114959 -0.00136867 -0.0448527 0.00747846 0.0339122 0.00629844 -0.00133138 -0.00506944 -0.000946042 -0.0047987 -0.00596298 0.00808893 0.0110202 -0.00334256 0.0148891 -0.0132343 -0.0517795 -0.000379896 -0.0075907 -0.00599852 0.00848256 -0.0106719 0.00355202 0.0372434 -0.00738698 -0.01235 -0.0226207 0.0238755
internal_weight=35721.3 29262.4 8176.75 7974.28 6.83165 202.472 15.8374 8.0025 7967.44 744.573 7222.87 925.408 861.967 79.3133 63.4409 56.9738 59.8484 14.0155 6.87479 6297.46 243.519 236.316 57.6575 178.658 55.5629 22.3395 782.654 312.32 97.6667 7.1407
internal_count=162619 133877 37648 34912 119 2736 237 94 34793 3250 31543 4422 3959 400 463 263 436 185 81 27121 1100 1065 262 803 288 137 3559 1287 405 104
is_linear=0
shrinkage=0.05


Tree=224
num_leaves=31
num_cat=0
split_feature=7 13 11 2 14 16 15 15 17 5 16 17 13 11 8 5 15 17 4 17 5 11 3 15 4 5 11 11 2 17
split_gain=3.04126 6.61862 6.68646 5.679 5.48822 5.32279 5.89056 5.24138 4.90482 9.33115 8.31642 6.73704 7.152 6.25135 5.96172 5.80164 4.97234 4.96425 4.9407 4.87618 12.1615 5.54036 4.78936 7.58745 4.54868 4.45971 10.6142 6.5597 5.60873 8.26167
threshold=1.0000000180025095e-35 4.5000000000000009 4.5000000000000009 14.500000000000002 57.000000000000007 28.500000000000004 6.5000000000000009 28.500000000000004 7.5000000000000009 1.0000000180025095e-35 4.5000000000000009 19.500000000000004 2.5000000000000004 1.0000000180025095e-35 2.5000000000000004 2.5000000000000004 5.5000000000000009 9.5000000000000018 1.5000000000000002 23.500000000000004 3.5000000000000004 3.5000000000000004 1.0000000180025095e-35 7.5000000000000009 2.5000000000000004 8.5000000000000018 1.5000000000000002 6.5000000000000009 6.5000000000000009 2.5000000000000004
decision_type=2 2 2 2 2 2 2 2 2 2 2 2 2 2 2 2 2 2 2 2 2 2 2 2 2 2 2 2 2 2
left_child=3 4 7 25 5 -2 -7 19 15 17 -11 12 14 -13 24 -6 -17 -10 -19 21 -21 -3 23 -23 -12 27 28 -1 -27 -30
right_child=1 2 -4 -5 8 6 -8 -9 9 10 11 13 -14 -15 -16 16 -18 18 -20 20 -22 22 -24 -25 -26 26 -28 -29 29 -31
leaf_value=0.00016152356222511722 0.00027649876661665684 -0.0030381877685943144 -0.020427676629470738 0.040991693647182685 -0.02243263288225282 0.018486302128011889 -0.045360636458409341 -0.033885276891083865 -0.016389229610035718 0.022870034902023873 -0.0042654049898094458 -0.020321845044233705 0.010237245470240611 -0.083914452780767729 -0.072050917612745596 -0.034189739004082106 0.015806780499193332 0.0059175668902121271 0.035328931845534331 0.025107432332263535 -0.048957922883938798 0.089406914381868569 -0.00022227407632203382 0.014648686716891474 -0.04126673879996931 -0.015257236070656148 0.013531193310492077 -0.023692350442399382 -0.38131456861880542 0.045674179473027057
leaf_weight=25396.638454301748 7134.2253388798563 2433.1910338276648 53.879167875973508 8.5341848701937106 77.912208519876003 5.05326780676842 12.671129675174596 13.339783712290226 12.616619512438772 14.861596036469562 25.777194406837225 9.191031876485793 25.28378261681064 6.6684523181756949 5.4619042609119779 6.483059391379359 21.350841536535881 34.251029625535011 24.487763524055481 37.242103647906333 6.5113927999045691 4.8291970342397716 18.747226056235377 11.420762524008749 12.254713520058429 56.92460690025473 170.82421935952152 28.853533130139112 0.11565001704729994 5.5412191253562924
leaf_count=111715 32704 11115 247 754 321 23 64 57 51 81 111 55 118 33 27 31 104 138 100 169 74 20 95 46 85 798 1863 122 21 1225
internal_value=-7.70888e-05 -0.000816417 -0.00299864 0.000211175 -5.87589e-05 0.00020851 -0.0271577 -0.00262678 -0.00696942 -0.00173131 -0.0116266 -0.017684 -0.01091 -0.0470607 -0.0232032 -0.0154326 0.00416161 0.0120668 0.0181789 -0.00246078 0.014085 -0.00275408 0.0169984 0.0368655 -0.016188 0.000197611 0.00707753 0.000134454 -0.0105386 0.0369447
internal_weight=35675.1 10007.7 2579.16 25667.4 7428.55 7151.95 17.7244 2525.28 276.6 170.854 99.4987 84.6371 68.7776 15.8595 43.4938 105.746 27.8339 71.3554 58.7388 2511.94 43.7535 2468.19 34.9972 16.25 38.0319 25658.9 233.406 25425.5 62.5815 5.65687
internal_count=162367 45869 11823 116498 34046 32791 87 11576 1255 799 510 429 341 88 223 456 135 289 238 11519 243 11276 161 66 196 115744 3907 111837 2044 1246
is_linear=0
shrinkage=0.05


Tree=225
num_leaves=31
num_cat=0
split_feature=16 6 14 17 10 13 10 17 15 6 1 17 3 17 13 1 17 17 15 14 0 17 14 14 10 1 14 14 0 2
split_gain=3.30121 3.85516 8.05931 8.67738 5.85718 4.75653 4.35538 4.21651 3.95698 4.82146 4.34241 4.28408 4.22455 8.65897 5.45451 6.06639 8.8568 5.00265 4.31459 3.89202 3.85298 6.3128 6.22302 3.99315 3.89385 3.67914 8.40881 6.14856 7.78609 6.42836
threshold=9.5000000000000018 5.5000000000000009 7.0000000000000009 1.5000000000000002 3.5000000000000004 4.5000000000000009 1.5000000000000002 12.500000000000002 17.500000000000004 7.5000000000000009 1.0000000180025095e-35 13.500000000000002 1.5000000000000002 14.500000000000002 3.5000000000000004 1.5000000000000002 15.500000000000002 7.5000000000000009 9.5000000000000018 35.000000000000007 7.5000000000000009 5.5000000000000009 27.000000000000004 41.000000000000007 1.0000000180025095e-35 7.5000000000000009 5.0000000000000009 55.000000000000007 4.5000000000000009 1.5000000000000002
decision_type=2 2 2 2 2 2 2 2 2 2 2 2 2 2 2 2 2 2 2 2 2 2 2 2 2 2 2 2 2 2
left_child=25 -2 5 -4 8 6 7 -3 9 10 20 -11 13 19 15 -14 17 -17 -16 -12 21 -5 -23 -22 -24 -1 -27 29 -29 -28
right_child=1 2 3 4 -6 -7 -8 -9 -10 11 12 -13 14 -15 18 16 -18 -19 -20 -21 23 22 24 -25 -26 26 27 28 -30 -31
leaf_value=-0.00047424851979447453 0.0006570062541767438 0.013636280091318523 0.053061852729321263 -0.031693709396236044 -0.055434566818523469 0.050386360773032983 0.051671343878258114 -0.038992566360020492 -0.026624566314950665 0.0016015045383611351 -0.035733551212186597 0.059169871743397023 0.035465692709398526 -0.081746296376183747 0.0012051613961513714 -0.013862447926875889 0.033891116380982224 -0.094178372148386258 0.070602772505424669 0.0021947737929268124 -0.04472757413991639 0.049339244412707227 0.015488608617269148 0.011772955275518283 -0.030509289837507576 0.033319935896925383 -0.0038456883929602575 -0.041179558514017001 0.047651855899380861 0.013506319992965208
leaf_weight=16130.028751916223 19125.350711819701 10.03193367505447 5.2204973399639121 8.2005099207162839 7.5494270414928897 8.2246485333889705 4.0470456854673094 6.1321329860365941 30.257511316216551 9.8734438605606538 14.774723619222643 4.8041374582098788 3.4302754104137447 6.7184247076511374 6.5766847803606634 2.9758904435147979 2.9828610753174862 5.5634474030812271 3.3963350948179141 12.4744556248188 8.2532269135117513 10.408625096082686 16.587017387151722 5.0348910093307486 6.3669853657484046 24.667975124291843 105.46257504355162 14.416236788500102 2.9759738309512604 108.07076943002176
leaf_count=70495 87838 45 24 33 34 39 19 34 141 46 62 26 16 29 41 16 25 39 24 52 35 43 67 21 26 290 499 85 132 2323
internal_value=0.000142145 0.00058481 -0.00632304 -0.0104118 -0.0124052 0.0183296 0.00528457 -0.00632943 -0.010358 -0.00652549 -0.0100057 0.0204443 -0.0194339 -0.0309054 -0.00380106 -0.0229032 -0.0402803 -0.0661889 0.0248387 -0.0183703 0.000117326 0.00761027 0.0172712 -0.0233194 0.0027297 -0.000379936 0.00557195 0.00260785 -0.0259797 0.00493629
internal_weight=35710.9 19325.2 199.885 171.449 166.229 28.4358 20.2111 16.1641 158.679 128.422 113.744 14.6776 58.8931 33.9676 24.9255 14.9525 11.5222 8.53934 9.97302 27.2492 54.8513 41.5631 33.3626 13.2881 22.954 16385.6 255.594 230.926 17.3922 213.533
internal_count=162599 88775 937 800 776 137 98 79 742 601 529 72 304 143 161 96 80 55 65 114 225 169 136 56 93 73824 3329 3039 217 2822
is_linear=0
shrinkage=0.05


Tree=226
num_leaves=31
num_cat=0
split_feature=2 11 7 10 5 8 14 17 1 13 17 2 1 1 17 15 4 14 14 17 3 16 8 13 1 10 5 16 17 15
split_gain=3.36249 5.91642 9.61656 6.33274 4.87622 7.90096 9.94596 9.36166 7.3621 7.20997 7.11037 6.91561 8.20552 6.3647 6.19915 9.70332 6.50476 5.02086 4.11948 5.84381 5.29027 6.33387 6.05071 4.86748 9.26424 5.00561 4.51322 6.01115 4.86626 6.97514
threshold=3.5000000000000004 1.0000000180025095e-35 3.5000000000000004 5.5000000000000009 2.5000000000000004 3.5000000000000004 23.000000000000004 16.500000000000004 3.5000000000000004 4.5000000000000009 8.5000000000000018 7.5000000000000009 1.5000000000000002 5.5000000000000009 10.500000000000002 3.5000000000000004 2.5000000000000004 11.000000000000002 9.0000000000000018 21.500000000000004 2.5000000000000004 12.500000000000002 2.5000000000000004 4.5000000000000009 1.0000000180025095e-35 1.5000000000000002 4.5000000000000009 21.500000000000004 2.5000000000000004 19.500000000000004
decision_type=2 2 2 2 2 2 2 2 2 2 2 2 2 2 2 2 2 2 2 2 2 2 2 2 2 2 2 2 2 2
left_child=18 4 3 -3 -2 -6 7 10 -9 11 -7 -8 -13 -10 -14 -16 -17 -12 19 26 21 22 -21 24 -23 -26 28 -28 29 -1
right_child=1 2 -4 -5 5 6 9 8 13 -11 17 12 14 -15 15 16 -18 -19 -20 20 -22 23 -24 -25 25 -27 27 -29 -30 -31
leaf_value=-0.0046783551141654969 0.0014056178730066998 -0.0003652806586165787 -0.022997001799332624 -0.030581219761755318 0.0084662433541160109 -0.0011651898164152961 -0.037097345234614207 -0.0056522479033893356 -0.18837941251652371 0.013853683501657808 0.015811085399362913 0.039944672066383018 0.012994817879682669 -0.032747754836884212 -0.1977200308581514 -0.085041642706011458 0.054413438999554711 0.064350174574243219 0.00010445613893359846 -0.0033601478324048525 0.0023217668556147668 -0.046135620104496927 -0.057772449838430356 -0.05983899829963088 -0.01360224005838735 0.040057545209037017 -0.0047867542211448913 -0.032956780050750888 -0.00021054019930842423 -0.032972797827499241
leaf_weight=225.49155836738646 3287.5689001207938 1441.6635985627654 50.148843089817092 17.551525192597182 571.78197168180486 17.050735625962261 39.661571491509676 7.4455766091123206 1.1922060137148949 14.393445058580253 9.8408052776358108 7.5158616453409222 4.1769686504849215 1.463183485495392 1.1392326767090706 2.1062240302562718 1.3867257005185818 11.616760137549134 25351.565418697079 78.802171941846609 61.073701011948287 20.020451232790947 5.4634173214435569 10.296666756272314 16.18525832332671 5.9415241554379454 385.15370495081879 19.916792623698711 3907.268915894907 24.110656127333641
leaf_count=953 14893 9635 364 119 9845 96 182 39 15 107 61 39 61 46 11 11 95 81 106473 327 287 81 22 43 70 26 1838 95 16100 99
internal_value=5.85008e-05 0.00119679 -0.00146859 -0.00072872 0.00220802 0.00602685 -0.00569521 0.011699 -0.0311443 -0.0177088 0.0229371 -0.0258232 0.00156742 -0.102623 -0.0311756 -0.0710053 -0.029677 0.0420893 -0.000148949 -0.00149865 -0.00991274 -0.0153784 -0.00688801 -0.0290206 -0.0214915 0.000806584 -0.00113386 -0.00617184 -0.000642926 -0.00741149
internal_weight=35599 5487.7 1509.36 1459.22 3978.34 690.771 118.989 48.6093 10.101 70.38 38.5083 55.9866 16.325 2.65539 8.80915 4.63218 3.49295 21.4576 30111.3 4759.72 197.783 136.709 84.2656 52.4439 42.1472 22.1268 4561.94 405.07 4156.87 249.602
internal_count=162114 35700 10118 9754 25582 10689 844 338 100 506 238 399 217 61 178 117 106 142 126414 19941 856 569 349 220 177 96 19085 1933 17152 1052
is_linear=0
shrinkage=0.05


Tree=227
num_leaves=31
num_cat=0
split_feature=11 6 16 17 4 5 16 17 14 15 1 14 6 17 15 17 6 9 11 1 14 2 13 4 14 15 4 17 2 17
split_gain=2.7156 4.54139 7.89306 5.50618 5.54936 4.92989 4.49528 5.29659 4.38888 4.09181 6.49013 3.99323 9.59846 6.00149 6.67617 5.47789 6.77841 7.10537 6.67519 6.56233 6.98824 6.07257 5.9131 5.71199 6.88679 5.35682 9.34294 10.8055 6.61269 9.30497
threshold=1.5000000000000002 5.5000000000000009 6.5000000000000009 7.5000000000000009 2.5000000000000004 4.5000000000000009 14.500000000000002 11.500000000000002 3.0000000000000004 24.500000000000004 2.5000000000000004 17.000000000000004 1.0000000180025095e-35 1.0000000180025095e-35 3.5000000000000004 2.5000000000000004 1.5000000000000002 1.0000000180025095e-35 5.5000000000000009 8.5000000000000018 31.000000000000004 5.5000000000000009 2.5000000000000004 1.5000000000000002 45.000000000000007 19.500000000000004 2.5000000000000004 10.500000000000002 2.5000000000000004 5.5000000000000009
decision_type=2 2 2 2 2 2 2 2 2 2 2 2 2 2 2 2 2 2 2 2 2 2 2 2 2 2 2 2 2 2
left_child=8 9 -3 -4 5 -5 7 -6 -1 11 -11 12 -2 -14 -15 16 18 -18 -13 25 -21 22 23 -22 -25 -17 27 -27 29 -28
right_child=1 2 3 4 6 -7 -8 -9 -10 10 -12 15 13 14 -16 19 17 -19 -20 20 21 -23 -24 24 -26 26 28 -29 -30 -31
leaf_value=0.0027311625291999413 -0.0043177205892728299 0.013263243871327397 0.0005400132859905355 -0.007554902780278973 -0.13265333368894694 -0.053603948102421653 -0.021293371414141671 -0.048284720469530321 0.00015292709112212945 -0.002426244228492011 -0.028181406522515891 0.012518050514451824 -0.041477960101841266 -0.012513760837192767 0.0056103247101591926 -0.00050432146382599623 -0.020065110341889219 0.015760572762812945 -0.029454254404980069 0.0066354808301909516 -0.034606071559464054 0.032809336637932195 -0.020078752905677687 -0.17425462852546741 -0.060754035392148624 0.0019118073634863978 -0.036829534032356198 0.019975122687421642 -0.020614086901689289 0.0079807711725367724
leaf_weight=1760.9122870047868 1570.9286008768249 21.992217510123737 19.083115971647203 21.356634035706524 3.2062271905597282 7.9853266328573218 4.6372659205226228 4.4313403512351215 26354.723526322399 85.6131098177284 34.244456012151204 224.60705274192151 7.410166196525096 56.408936280931812 511.9801361686259 4511.0695845462615 40.696638387453277 20.972263326402754 9.8899044683203083 15.028634318485272 5.2878871932625824 2.8037595800415138 11.346698821638709 2.265821410343051 3.2584300235612318 194.69184619188309 13.39636463113129 144.04775708727539 48.475959259434603 85.684204878285527
leaf_count=7982 7198 109 86 88 17 34 30 29 119641 357 187 1027 34 284 2338 20068 184 100 45 328 24 390 91 43 36 798 57 605 314 374
internal_value=8.67606e-05 -0.000746316 -0.0124005 -0.0216988 -0.0318962 -0.020087 -0.0601251 -0.0837024 0.000314405 -0.000619514 -0.00978474 -0.000472658 -0.00229358 0.00322878 0.00381163 0.000260261 0.00686877 -0.00788157 0.0107479 -0.000128279 -0.020302 -0.0365196 -0.0452918 -0.0717514 -0.107307 3.31599e-05 0.00501904 0.00959317 -0.00548158 0.00192211
internal_weight=35798.4 7682.8 82.6921 60.6999 41.6168 29.342 12.2748 7.63757 28115.6 7600.11 119.858 7480.25 2146.73 575.799 568.389 5333.52 296.166 61.6689 234.497 5037.36 39.9912 24.9626 22.1588 10.8121 5.52425 4997.37 486.296 338.74 147.557 99.0806
internal_count=162898 35275 393 284 198 122 76 46 127623 34882 544 34338 9854 2656 2622 24484 1356 284 1072 23128 912 584 194 103 79 22216 2148 1403 745 431
is_linear=0
shrinkage=0.05


Tree=228
num_leaves=31
num_cat=0
split_feature=15 3 14 15 1 2 17 15 3 15 4 17 14 3 8 13 11 17 1 5 10 2 4 1 14 17 8 0 5 5
split_gain=2.82584 6.92342 4.61127 4.61092 6.86854 6.5217 13.1934 9.08007 7.54921 7.28178 7.10042 7.91972 6.60796 6.4711 8.63308 6.26986 5.95069 6.14174 5.34793 6.50981 5.23139 5.39486 5.19657 5.1549 6.08258 5.05298 6.2229 5.75458 8.29982 8.70276
threshold=11.500000000000002 7.5000000000000009 17.000000000000004 9.5000000000000018 6.5000000000000009 2.5000000000000004 14.500000000000002 10.500000000000002 1.5000000000000002 10.500000000000002 3.5000000000000004 1.0000000180025095e-35 31.000000000000004 3.5000000000000004 1.0000000180025095e-35 4.5000000000000009 1.5000000000000002 5.5000000000000009 1.0000000180025095e-35 3.5000000000000004 1.5000000000000002 1.5000000000000002 1.5000000000000002 1.5000000000000002 51.000000000000007 15.500000000000002 1.0000000180025095e-35 1.0000000180025095e-35 2.5000000000000004 1.5000000000000002
decision_type=2 2 2 2 2 2 2 2 2 2 2 2 2 2 2 2 2 2 2 2 2 2 2 2 2 2 2 2 2 2
left_child=1 3 -3 -1 5 6 7 13 9 -8 11 -9 15 14 16 -12 17 -5 -16 -20 -19 -22 25 -15 -25 27 -27 28 29 -7
right_child=-2 2 -4 4 -6 22 8 10 -10 -11 12 -13 -14 23 18 -17 -18 20 19 -21 21 -23 -24 24 -26 26 -28 -29 -30 -31
leaf_value=-5.9332689764098778e-05 0.00055519962919616851 0.016696758123870992 0.0031982319828294647 -0.018117979951852048 -0.014728901475575183 -0.010231468137517762 0.0024346943014617829 0.042417666862776995 -0.015581710978414232 -0.012095038938009339 -0.0098548879542263938 0.0033153435494451045 0.0024859649249491054 0.01520172462442055 -0.0039877743949098265 -0.043314164763823645 0.00043684494124258955 -0.0040796496186366708 0.010958945378290849 0.06038040635875383 -0.012271270613935296 -0.045340299444768778 0.0057939765231965548 -0.00011171455367758015 -0.0596071897461296 0.024656952549447799 -0.00018894515479510429 0.0014535489061517936 0.0063806155689353078 -0.040686303582093929
leaf_weight=14753.890708220453 16814.725432129489 88.998845266673015 218.83989938290324 170.35922152176499 103.28911364666419 118.32265655696392 182.02609307318926 13.139837533235548 272.00728949904442 163.85184794664383 51.089153170585632 892.77634260058403 72.467083469033241 70.687114745378494 58.478286877274513 19.2868214212358 173.5856279283762 346.88255801051855 52.012337610125542 7.6421174705028525 82.515158101916313 14.500604376196859 448.07175657025073 54.555758025497198 4.6631545573472968 37.287678260356188 77.748936295509338 232.65606506168842 55.716122671961784 29.258123353123665
leaf_count=66433 74740 1446 3524 693 796 476 739 55 1144 666 215 3620 303 290 235 81 707 1406 210 32 333 59 2186 236 20 157 320 977 226 118
internal_value=8.38691e-05 -0.000336201 0.00710077 -0.00045956 -0.00201149 -0.00165662 -0.00293267 -0.00103071 -0.00934956 -0.00444844 0.00224885 0.0038825 -0.00811184 -0.00435105 -0.00584749 -0.0190245 -0.00773748 -0.0100475 0.00675711 0.0172902 -0.00695021 -0.017214 0.00179517 0.00608527 -0.00479665 -0.0014567 0.00786454 -0.00391634 -0.0100617 -0.0162692
internal_weight=35681.3 18866.6 307.839 18558.8 3804.88 3701.59 2702.53 2084.64 617.885 345.878 1048.76 905.916 142.843 1035.88 905.976 70.376 787.843 614.258 118.133 59.6545 443.898 97.0158 999.061 129.906 59.2189 550.99 115.037 435.953 203.297 147.581
internal_count=162443 87703 4970 82733 16300 15504 11044 8495 2549 1405 4274 3675 599 4221 3675 296 3198 2491 477 242 1798 392 4460 546 256 2274 477 1797 820 594
is_linear=0
shrinkage=0.05


Tree=229
num_leaves=31
num_cat=0
split_feature=17 6 2 16 2 4 10 10 15 16 7 6 16 9 0 2 8 15 5 10 15 11 3 0 17 13 7 15 15 15
split_gain=2.77511 6.26941 5.08872 10.1562 6.23277 10.1326 4.5896 5.53509 5.0252 5.75242 4.53606 4.48554 4.59498 7.37863 6.31153 6.05408 4.99347 4.83835 4.00939 3.83785 6.46337 6.31664 5.81301 5.25015 4.49611 5.35946 6.52199 6.29306 5.07734 4.23323
threshold=17.500000000000004 7.5000000000000009 6.5000000000000009 13.500000000000002 10.500000000000002 2.5000000000000004 4.5000000000000009 2.5000000000000004 3.5000000000000004 6.5000000000000009 9.5000000000000018 4.5000000000000009 7.5000000000000009 2.5000000000000004 2.5000000000000004 12.500000000000002 2.5000000000000004 11.500000000000002 7.5000000000000009 1.0000000180025095e-35 22.500000000000004 1.5000000000000002 1.0000000180025095e-35 2.5000000000000004 19.500000000000004 2.5000000000000004 5.5000000000000009 13.500000000000002 1.0000000180025095e-35 2.5000000000000004
decision_type=2 2 2 2 2 2 2 2 2 2 2 2 2 2 2 2 2 2 2 2 2 2 2 2 2 2 2 2 2 2
left_child=10 2 18 6 -5 -6 7 11 -9 -10 -1 12 13 14 17 -14 -15 -4 19 22 24 23 -2 -22 -21 27 28 -26 -27 -30
right_child=1 -3 3 4 5 -7 -8 8 9 -11 -12 -13 15 16 -16 -17 -18 -19 -20 20 21 -23 -24 -25 25 26 -28 -29 29 -31
leaf_value=-0.00025740083412906635 -0.00038123512017440992 0.057876984541525824 0.014506400011445014 0.019518428335041263 -0.090037884587832212 0.040382921050034486 0.062635519882562343 0.022916184101479328 -0.10559654459709117 -0.033335262347420486 0.042732219318818487 -0.084297341081200572 -0.027058018422204289 0.01362890479775818 0.037396677602865441 0.073079866985555492 -0.085678780553275116 -0.034703251619776047 0.012916994089454388 0.0016266404320353326 0.039842278815285188 -0.022547975161858191 0.0040245970293514306 -0.0018349312212150052 -0.0051649757947776929 0.03216225754512219 0.057582705851812757 -0.021829137790332326 -0.023745652946292536 -0.0012361629957881469
leaf_weight=31239.890280743464 1342.7888034284115 4.8542222508986006 11.0945449937135 37.258446276246104 3.5279751955531529 2.5771251727855997 1.7673199934943102 2.1159400989999986 4.4450452225282771 7.2397801858314779 6.1372990161180487 2.1949013869161709 40.322016285674181 1.9120307248085726 12.651367606420534 1.5680519979068765 3.7454848510678858 9.0855210069566947 73.380273599817883 495.62314612627961 24.201083496212959 7.9381436482071868 1692.0479039016645 10.986869212007148 194.73327775462531 10.820332225412129 4.7126544495113185 79.900374149437994 22.217800030019134 348.76838278514333
leaf_count=140016 5465 30 62 858 23 486 38 21 51 99 29 25 520 39 308 122 31 43 864 2189 101 35 8020 55 885 55 21 360 113 1545
internal_value=-8.25105e-05 0.00108503 0.00102307 -0.00830667 0.0118451 -0.0349838 -0.0172106 -0.0186749 -0.0479852 -0.0608243 -0.000248957 -0.0137762 -0.0118504 0.000621327 0.00970911 -0.0233096 -0.0521165 -0.0076489 0.00132952 0.00112873 -0.00126511 0.0177405 0.0020752 0.0268292 -0.00197366 -0.00467257 -0.000877931 -0.0100132 -0.00159951 -0.00258422
internal_weight=35700.5 4454.48 4449.62 141.506 43.3635 6.1051 98.142 96.3747 13.8008 11.6848 31246 82.5739 80.379 38.4889 32.8314 41.8901 5.65752 20.1801 4308.12 4234.74 1199.9 43.1261 3034.84 35.188 1156.78 661.153 386.519 274.634 381.807 370.986
internal_count=162509 22464 22434 2726 1367 509 1359 1321 171 150 140045 1150 1125 483 413 642 70 105 19708 18844 5359 191 13485 156 5168 2979 1734 1245 1713 1658
is_linear=0
shrinkage=0.05


Tree=230
num_leaves=31
num_cat=0
split_feature=6 14 8 14 8 11 7 3 2 2 3 11 3 7 15 14 14 6 17 17 17 11 0 15 1 6 10 15 1 2
split_gain=3.91871 3.57911 4.38682 4.0341 3.17517 5.4993 5.31305 9.60822 4.09876 14.6065 8.21498 7.01238 7.41802 6.47616 7.54719 7.87569 10.1192 8.16639 7.26752 6.46166 6.39583 9.61489 6.27669 6.11048 5.41067 7.33009 6.42028 5.09114 11.2922 7.709
threshold=8.5000000000000018 13.000000000000002 1.0000000180025095e-35 31.000000000000004 1.0000000180025095e-35 4.5000000000000009 3.5000000000000004 2.5000000000000004 1.0000000180025095e-35 1.5000000000000002 7.5000000000000009 2.5000000000000004 1.0000000180025095e-35 4.5000000000000009 6.5000000000000009 23.000000000000004 33.000000000000007 2.5000000000000004 14.500000000000002 11.500000000000002 6.5000000000000009 1.5000000000000002 4.5000000000000009 1.5000000000000002 2.5000000000000004 2.5000000000000004 1.5000000000000002 19.500000000000004 1.0000000180025095e-35 6.5000000000000009
decision_type=2 2 2 2 2 2 2 2 2 2 2 2 2 2 2 2 2 2 2 2 2 2 2 2 2 2 2 2 2 2
left_child=4 -2 3 -3 5 8 -7 -8 -1 11 22 -10 -13 14 15 23 -17 18 -18 24 21 -12 27 -14 25 26 -16 -11 29 -29
right_child=1 2 -4 -5 -6 6 7 -9 9 10 20 12 13 -15 19 16 17 -19 -20 -21 -22 -23 -24 -25 -26 -27 -28 28 -30 -31
leaf_value=-0.00034420049296991626 0.066511480208772344 -0.040662721796374118 0.05948445057698331 0.022035166214779755 -0.00079555193962153729 0.0063972543138687034 -0.037924549038821198 0.039367411274747813 0.004985059745880426 -0.00058351005318246644 0.0052036865208155069 0.0068892567203996218 0.050073885047600353 -0.069041132704124208 -0.034875469621496138 -0.078413858393569111 -0.014362797483612119 0.049167120952384478 -0.089953481783593234 0.012267407524131087 0.017166150640149692 -0.060671423154828479 0.0038894730737623648 -0.013902049388093189 0.008026107400688768 0.026243759675979403 0.0092389953000789008 -0.011937723361162153 0.00046144402001456063 -0.068632516166957119
leaf_weight=15738.536737250164 3.7890558395884026 4.4519519614987058 3.5907818106934419 6.0547523119021207 9999.2543496801663 498.44843431178015 16.331644929945472 5.3340459346072739 2405.827171116136 5216.5696389890509 30.827391457642079 120.9222641736269 4.6379872150719192 4.3640523403882971 39.473960347473621 10.928551249206068 12.558926057070499 3.6327232494950286 4.2577152028679839 54.005828646011651 113.47286114396411 6.7524177563318508 710.05772883890313 19.114258740097284 28.543155420571566 7.876483015716075 10.426108524203299 255.26674471050501 350.50982563523576 6.1400859802961341
leaf_count=63915 20 22 24 35 45831 2315 69 34 10734 23764 549 498 26 21 169 53 65 20 24 256 4144 134 6674 96 137 35 45 1040 1678 26
internal_value=-2.79506e-05 0.0233695 0.0117741 -0.00453149 -3.96819e-05 0.000254698 0.00534367 -0.0188954 0.000149475 0.000974622 -0.000282605 0.00405921 -0.00288541 -0.00880062 -0.00745559 -0.0231308 -0.039573 -0.0188156 -0.0335012 -0.00129724 0.0112453 -0.00663289 -0.000548921 -0.00140978 -0.00978394 -0.0185826 -0.0256582 -0.00108963 -0.00540429 -0.0132694
internal_weight=35692 17.8865 14.0975 10.5067 35674.1 25674.8 520.114 21.6657 25154.7 9416.17 6689.6 2726.57 320.742 199.82 195.456 55.1302 31.3779 20.4494 16.8166 140.326 151.053 37.5798 6538.54 23.7522 86.3197 57.7766 49.9001 5828.49 611.917 261.407
internal_count=162453 101 81 57 162352 116521 2418 103 114103 50188 38009 12179 1445 947 926 284 162 109 89 642 4827 683 33182 122 386 249 214 26508 2744 1066
is_linear=0
shrinkage=0.05


end of trees

feature_importances:
read_rate_t-4=567
read_rate_t-5=561
read_rate_t-2=535
read_rate_t-3=534
precursor_rate_0=526
read_rate_t-6=517
read_rate_t-1=510
precursor_rate_1=510
precursor_rate_2=498
second=408
write_rate_t-1=288
write_rate_t-4=267
write_rate_t-6=264
write_rate_t-2=264
write_rate_t-3=234
write_rate_t-5=230
minute=217

parameters:
[boosting: gbdt]
[objective: binary]
[metric: binary_logloss]
[tree_learner: serial]
[device_type: cpu]
[data_sample_strategy: bagging]
[data: ]
[valid: ]
[num_iterations: 500]
[learning_rate: 0.05]
[num_leaves: 31]
[num_threads: 0]
[seed: 42]
[deterministic: 0]
[force_col_wise: 0]
[force_row_wise: 0]
[histogram_pool_size: -1]
[max_depth: -1]
[min_data_in_leaf: 20]
[min_sum_hessian_in_leaf: 0.001]
[bagging_fraction: 0.8]
[pos_bagging_fraction: 1]
[neg_bagging_fraction: 1]
[bagging_freq: 1]
[bagging_seed: 400]
[bagging_by_query: 0]
[feature_fraction: 0.9]
[feature_fraction_bynode: 1]
[feature_fraction_seed: 30056]
[extra_trees: 0]
[extra_seed: 12879]
[early_stopping_round: 0]
[early_stopping_min_delta: 0]
[first_metric_only: 0]
[max_delta_step: 0]
[lambda_l1: 0]
[lambda_l2: 0]
[linear_lambda: 0]
[min_gain_to_split: 0]
[drop_rate: 0.1]
[max_drop: 50]
[skip_drop: 0.5]
[xgboost_dart_mode: 0]
[uniform_drop: 0]
[drop_seed: 17869]
[top_rate: 0.2]
[other_rate: 0.1]
[min_data_per_group: 100]
[max_cat_threshold: 32]
[cat_l2: 10]
[cat_smooth: 10]
[max_cat_to_onehot: 4]
[top_k: 20]
[monotone_constraints: ]
[monotone_constraints_method: basic]
[monotone_penalty: 0]
[feature_contri: ]
[forcedsplits_filename: ]
[refit_decay_rate: 0.9]
[cegb_tradeoff: 1]
[cegb_penalty_split: 0]
[cegb_penalty_feature_lazy: ]
[cegb_penalty_feature_coupled: ]
[path_smooth: 0]
[interaction_constraints: ]
[verbosity: -1]
[saved_feature_importance_type: 0]
[use_quantized_grad: 0]
[num_grad_quant_bins: 4]
[quant_train_renew_leaf: 0]
[stochastic_rounding: 1]
[linear_tree: 0]
[max_bin: 255]
[max_bin_by_feature: ]
[min_data_in_bin: 3]
[bin_construct_sample_cnt: 200000]
[data_random_seed: 175]
[is_enable_sparse: 1]
[enable_bundle: 1]
[use_missing: 1]
[zero_as_missing: 0]
[feature_pre_filter: 1]
[pre_partition: 0]
[two_round: 0]
[header: 0]
[label_column: ]
[weight_column: ]
[group_column: ]
[ignore_column: ]
[categorical_feature: ]
[forcedbins_filename: ]
[precise_float_parser: 0]
[parser_config_file: ]
[objective_seed: 16083]
[num_class: 1]
[is_unbalance: 0]
[scale_pos_weight: 1]
[sigmoid: 1]
[boost_from_average: 1]
[reg_sqrt: 0]
[alpha: 0.9]
[fair_c: 1]
[poisson_max_delta_step: 0.7]
[tweedie_variance_power: 1.5]
[lambdarank_truncation_level: 30]
[lambdarank_norm: 1]
[label_gain: ]
[lambdarank_position_bias_regularization: 0]
[eval_at: ]
[multi_error_top_k: 1]
[auc_mu_weights: ]
[num_machines: 1]
[local_listen_port: 12400]
[time_out: 120]
[machine_list_filename: ]
[machines: ]
[gpu_platform_id: -1]
[gpu_device_id: -1]
[gpu_device_id_list: ]
[gpu_use_dp: 0]
[num_gpu: 1]

end of parameters

pandas_categorical:null
