tree
version=v4
num_class=1
num_tree_per_iteration=1
label_index=0
max_feature_idx=17
objective=binary sigmoid:1
feature_names=read_rate_t-6 read_rate_t-5 read_rate_t-4 read_rate_t-3 read_rate_t-2 read_rate_t-1 write_rate_t-6 write_rate_t-5 write_rate_t-4 write_rate_t-3 write_rate_t-2 write_rate_t-1 hour minute second precursor_rate_0 precursor_rate_1 precursor_rate_2
feature_infos=[0:259] [0:259] [0:259] [0:259] [0:259] [0:259] [0:44] [0:44] [0:44] [0:44] [0:44] [0:42] none [0:1] [0:58] [0:259] [0:259] [0:259]
tree_sizes=3333 3507 3523 3509 3520 3505 3538 3534 3534 3544 3517 3517 3510 3517 3539 3522 3537 3533 3555 3529 3552 3519 3542 3511 3535 3532 3540 3522 3526 3531 3512 3537 3541 3537 3502 3535 3527 3542 3540 3504 3510 3521 3529 3540 3492 3529 3523 3527 3532 3517 3520 3526 3485 3495 3533 3496 3518 3503 3493 3518 3490 3493 3508 3523 3505 3500 3491 3493 3483 3508 3485 3496 3495 3503 3485 3497 3503 3512 3502 3496 3477 3473 3464 3518 3475 3458 3479 3488 3458 3481 3471 3486 3483 3514 3493 3459 3480 3471 3486 3456 3483 3487 3448 3455 3503 3456 3460 3446 3427 3462 3498 3474 3478 3469 3455 3474 3473 3434 3473 3495 3450 3436 3462 3437 3448 3446 3439 3483 3434 3495 3440 3413 3492 3475 3453 3469 3461 3509 3452 3459 3506 3413 3425 3447 3443 3455 3464 3502 3422

Tree=0
num_leaves=31
num_cat=0
split_feature=5 1 1 4 16 17 2 5 2 0 4 0 4 0 2 8 0 16 4 8 10 8 2 5 2 8 0 2 1 1
split_gain=1046.36 387.955 358.689 195.781 176.419 429.505 307.812 147.308 124.405 122.946 93.4897 82.9246 69.8567 52.2714 50.3135 47.3235 46.5598 45.7516 41.7309 41.5949 40.5916 38.2937 38.4924 34.0875 33.2487 33.173 32.5578 31.8055 34.7497 31.3087
threshold=2.5000000000000004 1.0000000180025095e-35 4.5000000000000009 1.5000000000000002 1.0000000180025095e-35 1.0000000180025095e-35 1.0000000180025095e-35 6.5000000000000009 1.5000000000000002 1.0000000180025095e-35 2.5000000000000004 1.5000000000000002 2.5000000000000004 1.5000000000000002 1.5000000000000002 1.5000000000000002 1.5000000000000002 22.500000000000004 1.0000000180025095e-35 1.5000000000000002 1.5000000000000002 2.5000000000000004 2.5000000000000004 1.5000000000000002 3.5000000000000004 1.5000000000000002 1.0000000180025095e-35 2.5000000000000004 31.500000000000004 5.5000000000000009
decision_type=2 2 2 2 2 2 2 2 2 2 2 2 2 2 2 2 2 2 2 2 2 2 2 2 2 2 2 2 2 2
left_child=1 4 7 11 5 6 9 10 20 18 14 15 -4 25 -2 24 -12 19 -1 -6 -5 22 -13 -15 29 -10 -16 -14 -29 -3
right_child=2 3 12 8 17 -7 -8 -9 13 -11 16 21 27 23 26 -17 -18 -19 -20 -21 -22 -23 -24 -25 -26 -27 -28 28 -30 -31
leaf_value=1.0503204965527166 1.253771146192715 1.2424852965539563 1.2815307644812783 1.2572401504602029 1.2422495485714227 1.2391066050132467 1.2295459994153026 1.2866571387244972 1.2650270928412557 1.1987277486457733 1.2645937976696882 1.2529606399596644 1.2881185987207797 1.2697610304878919 1.2524632321371418 1.2260864101833158 1.2804396122041237 1.2602870935710058 1.1667181388966812 1.2227054632475118 1.2402070141556603 1.2239882424804127 1.2663231671047761 1.284098719553487 1.2609964801436766 1.2425793683088231 1.2695852850533778 1.3122866183336375 1.278964934347453 1.270983630981799
leaf_weight=72.84511698782444 1572.4557050019503 2142.1286293417215 592.06031253933907 2117.3302916437387 2401.1334897428751 421.22731950879097 64.923425778746605 960.76337511837482 1104.7315023094416 20.837492093443871 773.22594627737999 1823.0222421586514 261.41580989956856 1174.1324057281017 347.69335980713367 340.80493266880512 1157.6001805961132 310.84027461707592 8.6105339229106885 307.05163969099522 418.98858068883419 91.443870261311531 765.13204438984394 640.79593454301357 319.96744057536125 193.3925919085741 1378.0298490226269 664.21658681333065 88.68849940598011 100.91545757651329
leaf_count=423 9131 12439 3438 12295 13943 2446 377 5579 6415 121 4490 10586 1518 6818 2019 1979 6722 1805 50 1783 2433 531 4443 3721 1858 1123 8002 3857 515 586
internal_value=1.25929 1.2515 1.27413 1.25608 1.23724 1.21219 1.14439 1.26866 1.26265 1.09035 1.26536 1.24944 1.29518 1.26934 1.26024 1.24359 1.27409 1.24212 1.06262 1.24003 1.25443 1.25579 1.25691 1.27482 1.24592 1.26168 1.26614 1.30314 1.30836 1.24377
internal_weight=22636.4 14840.3 7796.15 11232.8 3607.47 588.444 167.217 6189.77 5649.37 102.293 5229.01 5583.41 1606.38 3113.05 3298.18 2903.82 1930.83 3019.03 81.4557 2708.19 2536.32 2679.6 2588.15 1814.93 2563.01 1298.12 1725.72 1014.32 752.905 2243.04
internal_count=131446 86175 45271 65227 20948 3417 971 35943 32805 594 30364 32422 9328 18077 19152 16862 11212 17531 473 15726 14728 15560 15029 10539 14883 7538 10021 5890 4372 13025
is_linear=0
shrinkage=1


Tree=1
num_leaves=31
num_cat=0
split_feature=2 4 1 0 4 17 0 3 1 8 6 7 1 15 15 1 17 10 15 0 17 4 3 15 0 7 3 7 1 1
split_gain=723.565 327.499 306.664 175.105 161.447 244.015 311.232 135.733 121.878 118.153 96.049 84.1918 81.8512 65.6432 65.5784 56.1814 54.347 43.9526 43.3323 43.0724 39.0068 41.2023 35.1693 34.4943 32.4455 31.3278 31.072 28.0585 27.5884 27.183
threshold=2.5000000000000004 3.5000000000000004 1.0000000180025095e-35 1.5000000000000002 1.0000000180025095e-35 1.0000000180025095e-35 1.0000000180025095e-35 1.0000000180025095e-35 3.5000000000000004 1.5000000000000002 1.5000000000000002 1.5000000000000002 1.5000000000000002 88.500000000000014 24.500000000000004 4.5000000000000009 44.500000000000007 1.5000000000000002 22.500000000000004 3.5000000000000004 25.500000000000004 1.5000000000000002 2.5000000000000004 18.500000000000004 4.5000000000000009 1.5000000000000002 3.5000000000000004 1.0000000180025095e-35 1.5000000000000002 1.5000000000000002
decision_type=2 2 2 2 2 2 2 2 2 2 2 2 2 2 2 2 2 2 2 2 2 2 2 2 2 2 2 2 2 2
left_child=2 9 4 11 5 6 7 -1 24 12 14 13 18 15 20 22 17 23 -2 -14 21 -5 27 -6 -3 29 -10 -4 -13 -11
right_child=1 8 3 10 16 -7 -8 -9 26 25 -12 28 19 -15 -16 -17 -18 -19 -20 -21 -22 -23 -24 -25 -26 -27 -28 -29 -30 -31
leaf_value=-0.16543335742023058 -0.0019965411970663946 0.013835227673342613 -0.0083051423942667024 -0.0027917798444121655 -0.013766161286850468 -0.022441461341785093 -0.019108358139939219 -0.046779468351399622 0.029579436394793421 -0.013898093785758743 -0.011400986089767088 -0.042718856801071986 0.01099750551875133 0.035552760738052545 0.020455211621846086 0.011283382024342226 0.017840276072856615 -0.029268037353959449 0.019122784630638594 0.025138738057776319 0.019833346350862952 0.0076383473599901143 -0.0012063843775062964 0.0036845312631066402 0.03408158003251345 -0.027677249515424052 0.047657727754364804 -0.018729768880975127 -0.019229779533088003 0.0049022844046280687
leaf_weight=91.909754723310471 1562.0248999148607 981.49052307009697 2150.1104285567999 1792.4122277498245 1764.5605048537254 832.70877821743488 110.71956318616867 32.669978156685829 369.71151532232761 422.01277635991573 868.43473257124424 160.09203298389912 1911.3144871741533 92.579421430826187 730.94513374567032 386.27409793436527 143.32821953296661 388.68611304461956 287.59878131747246 749.68220061063766 364.86308288574219 2007.1301669180393 1156.8472835272551 337.3115316927433 247.84875452518463 196.66250719130039 665.55267325043678 922.39226402342319 570.40874390304089 353.16747513413429
leaf_count=489 9069 5729 12436 10389 10183 4800 637 185 2182 2430 5043 922 11151 538 4261 2252 831 2241 1673 4395 2127 11705 6697 1950 1454 1135 3950 5331 3298 2049
internal_value=0.000171059 0.0125661 -0.00627171 -0.00214884 -0.0187481 -0.0351459 -0.080106 -0.134317 0.0285616 0.00595898 0.0039235 -0.00858414 0.00936607 -0.00613373 0.00664206 -0.00696987 -0.012099 -0.013822 0.00128731 0.0149815 0.00421755 0.00271799 -0.00863697 -0.0109656 0.0179171 -0.0098544 0.0412016 -0.0114347 -0.0243775 -0.00533275
internal_weight=22651.5 7747.07 14904.4 11202.5 3701.89 1068.01 235.299 124.58 2264.6 5482.46 5763.79 5438.7 4510.62 4708.2 4895.35 4615.62 2633.89 2490.56 1849.62 2661 4164.41 3799.54 4229.35 2101.87 1229.34 971.843 1035.26 3072.5 730.501 775.18
internal_count=131532 45217 86315 64999 21316 6111 1311 674 13315 31902 33525 31474 26288 27254 28482 26716 15205 14374 10742 15546 24221 22094 24464 12133 7183 5614 6132 17767 4220 4479
is_linear=0
shrinkage=0.05


Tree=2
num_leaves=31
num_cat=0
split_feature=5 1 1 2 0 16 17 7 4 4 5 15 0 2 4 6 8 16 0 6 4 7 5 1 5 15 17 17 0 15
split_gain=871.791 365.343 227.681 214.124 146.839 243.519 251.112 127.545 105.559 92.9172 82.9732 78.1767 67.9564 64.7671 47.5703 44.6993 44.6944 40.9942 38.8589 38.729 35.9522 34.8773 33.0709 32.3596 30.0569 29.0193 28.032 27.2733 25.8608 23.9728
threshold=3.5000000000000004 1.0000000180025095e-35 4.5000000000000009 2.5000000000000004 1.0000000180025095e-35 1.0000000180025095e-35 1.0000000180025095e-35 1.5000000000000002 1.5000000000000002 1.0000000180025095e-35 9.5000000000000018 49.500000000000007 1.5000000000000002 3.5000000000000004 2.5000000000000004 1.0000000180025095e-35 1.5000000000000002 19.500000000000004 1.5000000000000002 1.5000000000000002 2.5000000000000004 1.0000000180025095e-35 1.5000000000000002 3.5000000000000004 1.0000000180025095e-35 7.5000000000000009 15.500000000000002 27.500000000000004 3.5000000000000004 53.500000000000007
decision_type=2 2 2 2 2 2 2 2 2 2 2 2 2 2 2 2 2 2 2 2 2 2 2 2 2 2 2 2 2 2
left_child=1 4 10 7 5 6 9 11 16 -1 13 12 22 20 -4 -14 -5 19 -10 29 -2 27 23 -3 -20 -7 -9 -17 -15 -6
right_child=2 3 14 8 17 25 -8 26 18 -11 -12 -13 15 28 -16 21 -18 -19 24 -21 -22 -23 -24 -25 -26 -27 -28 -29 -30 -31
leaf_value=-0.15167407826635396 0.0015080036033866349 -0.015449390390141138 0.023396711843543166 0.0029027503249425103 -0.012605287657053047 -0.026376145024949511 -0.029019673328881251 -0.023436156633417946 0.0069266234321652912 -0.043122904789185401 0.033470230214591216 0.015072103080640172 0.0048413787729313052 0.01619775904269169 0.045234804373907277 -0.003411268909064449 -0.016422085348650025 0.0046838311534913241 0.006104448204671117 -0.028171502489305156 0.013970728564359023 -0.01763642368773188 -0.0032310561738885333 0.0013915556713194996 0.023347180197548334 -0.0072566810312817412 0.00029571027910844407 0.028721699918598839 0.035641074629462921 0.010256405606528768
leaf_weight=94.041924014687538 1556.8792945146561 1956.0973358601332 365.58779187500477 1548.8210537135601 2181.9431079477072 722.62072852253914 133.46583580970764 1056.1950691491365 967.23863160610199 24.942189559340477 428.60467962920666 548.86208394169807 2198.9267873764038 503.09586320817471 784.45692598819733 978.90370057523251 370.83791026473045 332.82306726276875 319.69392104446888 404.92544884979725 921.01721525192261 469.63956570625305 1396.465510904789 333.93385146558285 1206.7743684202433 273.60432095825672 141.04853883385658 70.812088847160339 259.09088541567326 121.02828623354435
leaf_count=462 9041 11234 2162 9059 12488 4120 762 6058 5662 140 2541 3202 12807 2956 4761 5680 2120 1923 1885 2308 5409 2723 8055 1933 7162 1567 811 414 1540 698
internal_value=8.63972e-06 -0.00508503 0.0188809 -0.00106289 -0.0178041 -0.0322405 -0.0761039 -0.00542562 0.00798301 -0.128919 0.0127958 -0.00313539 -0.00448498 0.010061 0.0382927 0.000284436 -0.000830403 -0.0118759 0.0147676 -0.0139112 0.00614031 -0.00631072 -0.00929551 -0.0129936 0.019736 -0.0211252 -0.0206403 -0.00124363 0.0228071 -0.0114038
internal_weight=22672.4 17853.6 4818.73 13564.3 4289.39 1248.67 252.45 9150.88 4413.37 118.984 3668.69 7953.64 7404.78 3240.08 1150.04 3718.28 1919.66 3040.72 2493.71 2707.9 2477.9 1519.36 3686.5 2290.03 1526.47 996.225 1197.24 1049.72 762.187 2302.97
internal_count=131683 103273 28410 78805 24468 7051 1364 52917 25888 602 21487 46048 42846 18946 6923 21624 11179 17417 14709 15494 14450 8817 21222 13167 9047 5687 6869 6094 4496 13186
is_linear=0
shrinkage=0.05


Tree=3
num_leaves=31
num_cat=0
split_feature=5 5 4 1 16 3 3 1 0 10 11 7 1 2 5 1 11 15 2 9 9 7 3 16 2 3 0 1 1 6
split_gain=839.908 377.937 203.299 152.626 195.4 184.183 148.027 140.876 96.7788 86.1017 83.3351 73.4652 57.1818 55.9738 55.4023 46.9962 44.7121 39.3705 37.9072 31.6678 30.7855 30.3366 28.7436 28.4734 28.3382 27.3879 25.2134 24.2599 23.3751 22.8635
threshold=4.5000000000000009 1.5000000000000002 1.5000000000000002 1.0000000180025095e-35 1.0000000180025095e-35 1.0000000180025095e-35 2.5000000000000004 4.5000000000000009 1.0000000180025095e-35 1.5000000000000002 1.0000000180025095e-35 1.0000000180025095e-35 3.5000000000000004 2.5000000000000004 9.5000000000000018 1.5000000000000002 1.0000000180025095e-35 14.500000000000002 2.5000000000000004 1.5000000000000002 2.5000000000000004 1.5000000000000002 4.5000000000000009 19.500000000000004 1.5000000000000002 2.5000000000000004 1.5000000000000002 2.5000000000000004 44.500000000000007 1.5000000000000002
decision_type=2 2 2 2 2 2 2 2 2 2 2 2 2 2 2 2 2 2 2 2 2 2 2 2 2 2 2 2 2 2
left_child=1 2 3 4 5 8 10 14 24 12 15 27 17 20 16 -3 -2 23 29 25 -8 -11 -9 -4 -1 -13 -15 -5 -24 -12
right_child=7 6 9 11 -6 -7 13 22 -10 21 18 19 -14 26 -16 -17 -18 -19 -20 -21 -22 -23 28 -25 -26 -27 -28 -29 -30 -31
leaf_value=-0.13629614303597379 0.021643600319315046 -0.0023099398493711966 -0.0072932613668889304 -0.0092271071943209604 -0.021231691194684363 -0.025819363393584184 0.0084790256685373846 0.031982986302854725 -0.044796966835832633 -0.012932633680122938 -0.0096383372061229575 -0.020144576484301565 0.01205085772498133 0.010792385820401679 0.034184267907907094 0.0093903924130596551 0.0056764887690069037 0.008101781124582352 0.0023110512515774418 -0.035693109302643716 -0.01893691120678305 -0.037113098129692594 0.054243579715530982 0.0088499501141670149 -0.03290747269070899 -0.0034285827397081757 0.025372877966182525 0.0017576476988062373 0.016972867248859821 -0.026256074257747803
leaf_weight=101.92165100574493 896.1848209798336 1583.8961852788925 2411.2830659747124 1664.793293684721 1259.4937792271376 148.62771783769131 1668.2368872761726 402.76185323297977 48.706106454133987 635.80194541811943 1512.3188923895359 1164.873028844595 802.14773565530777 450.29772888123989 413.10874937474728 1873.2611932605505 858.39908814430237 665.71400435268879 639.33590234816074 255.54949446022511 109.09139752388 162.95598673820496 403.93425525724888 308.04381197690964 7.0887089669704428 310.31499575078487 868.11936064064503 720.01392517983913 46.959260746836662 239.80588981509209
leaf_count=480 5297 9143 13914 9576 7120 830 9691 2459 274 3648 8721 6656 4713 2639 2497 10969 5053 3877 3754 1447 627 927 2522 1789 39 1788 5204 4172 290 1369
internal_value=-5.38769e-05 -0.00383445 -0.0101902 -0.0166565 -0.0299427 -0.0657566 0.00374566 0.024486 -0.103392 -0.00282199 -0.000934086 -0.0116016 4.77867e-05 0.0125868 0.0177106 0.00402989 0.013832 -0.00279656 -0.00811013 -0.0194433 0.00679625 -0.0178657 0.0416906 -0.00546457 -0.129573 -0.0166283 0.020393 -0.00591062 0.0503619 -0.0119127
internal_weight=22633 19611.7 10667.3 5681.38 1565.84 306.344 8944.36 3021.35 157.716 4985.95 5848.62 4115.54 4187.19 3095.75 2167.69 3457.16 1754.58 3385.04 2391.46 1730.74 1777.33 798.758 853.655 2719.33 109.01 1475.19 1318.42 2384.81 450.894 1752.12
internal_count=131485 113367 61250 32382 8743 1623 52117 18118 793 28868 33956 23639 24293 18161 12847 20112 10350 19580 13844 9891 10318 4575 5271 15703 519 8444 7843 13748 2812 10090
is_linear=0
shrinkage=0.05


Tree=4
num_leaves=31
num_cat=0
split_feature=5 1 2 4 7 2 10 17 10 5 2 8 2 4 1 15 16 1 0 16 17 4 16 15 15 2 2 9 5 17
split_gain=759.395 305.298 192.187 144.999 142.525 112.46 107.852 129.327 81.4363 72.5034 66.9184 65.7859 63.4201 60.243 60.119 57.1179 53.1589 46.6172 46.2887 39.7216 38.5908 35.9369 33.8052 33.6411 31.1154 28.1392 27.6832 27.4506 24.7104 24.5733
threshold=3.5000000000000004 1.5000000000000002 3.5000000000000004 1.0000000180025095e-35 1.5000000000000002 3.5000000000000004 1.0000000180025095e-35 1.0000000180025095e-35 1.5000000000000002 9.5000000000000018 1.0000000180025095e-35 1.0000000180025095e-35 1.0000000180025095e-35 2.5000000000000004 3.5000000000000004 21.500000000000004 51.500000000000007 4.5000000000000009 1.5000000000000002 1.0000000180025095e-35 8.5000000000000018 2.5000000000000004 10.500000000000002 13.500000000000002 8.5000000000000018 1.0000000180025095e-35 53.500000000000007 1.5000000000000002 1.5000000000000002 26.500000000000004
decision_type=2 2 2 2 2 2 2 2 2 2 2 2 2 2 2 2 2 2 2 2 2 2 2 2 2 2 2 2 2 2
left_child=1 3 9 6 5 15 11 10 16 13 -8 25 19 29 -4 17 18 22 23 -13 27 -7 28 -5 -10 -1 -23 -6 -3 -2
right_child=2 4 14 8 20 21 7 -9 24 -11 -12 12 -14 -15 -16 -17 -18 -19 -20 -21 -22 26 -24 -25 -26 -27 -28 -29 -30 -31
leaf_value=-0.020406907993721066 0.00040871508823840354 -0.0085796862756137068 0.022330262138460653 -0.013284649264270844 -0.013317614387697629 0.0096677022146419989 -0.12694187097867513 -0.025776328668867032 -0.027086197251490807 0.032592387092582595 -0.034089326239967174 -0.12095666493208433 -0.025420505150465983 0.017417882607062962 0.042237810135780526 0.013096133029821242 0.016976647563291487 0.010215236783904355 -0.0013680647401727358 -0.045531974275265813 0.0032650969078424292 0.026062744446531796 0.0061727927583845512 0.00067415685694798141 -0.0058638420110328953 -0.005991178149867357 -0.036655357681902596 -0.033460315024482032 9.7858518520982807e-05 0.019841900161421646
leaf_weight=569.37739416956902 1542.918554008007 2026.0955835878849 737.76337647438049 2290.4571782946587 898.16873767971992 965.58100727200508 65.540888413786888 165.34062215685844 652.57401446998119 344.40039578080177 27.565443679690361 28.256454989314079 632.92974375188351 1103.4348434656858 780.4008142054081 873.1591662466526 258.42781537771225 812.76719489693642 2558.5772845894098 45.667449176311493 294.14200255274773 694.12228080630302 832.73737578094006 531.85924905538559 234.87861485779285 834.88653413951397 18.051819011569023 208.38739983737469 1378.635968118906 181.84517452120781
leaf_count=3179 9038 11647 4455 13014 5138 5692 305 934 3679 2124 153 134 3566 6624 4935 5124 1502 4774 14767 257 1693 4185 4831 3064 1334 4742 110 1169 8036 1072
internal_value=2.5461e-05 -0.00466778 0.0179331 -0.0112366 0.00182405 0.00452478 -0.0218307 -0.0523181 -0.0073904 0.0109321 -0.0994516 -0.0180983 -0.0305389 0.00829442 0.0325636 0.00128804 -0.00517481 -0.000753515 -0.00623868 -0.0743621 -0.012832 0.0159523 -0.00285738 -0.0106541 -0.0214694 -0.0118362 0.024473 -0.0171109 -0.005066 0.00245759
internal_weight=22589 17898.2 4690.76 8896.34 9001.85 7601.15 2369.56 258.447 6526.77 3172.6 93.1063 2111.12 706.854 2828.2 1518.16 5923.4 5639.32 5050.24 5380.89 73.9239 1400.7 1677.76 4237.47 2822.32 887.453 1404.26 712.174 1106.56 3404.73 1724.76
internal_count=131277 103029 28248 50630 52399 44399 13270 1392 37360 18858 458 11878 3957 16734 9390 34412 32347 29288 30845 391 8000 9987 24514 16078 5013 7921 4295 6307 19683 10110
is_linear=0
shrinkage=0.05


Tree=5
num_leaves=31
num_cat=0
split_feature=5 1 0 1 15 17 2 6 16 7 3 4 2 1 16 17 8 2 0 6 15 4 16 11 5 5 7 9 15 5
split_gain=722.442 267.848 231.241 133.163 114.892 177.311 113.782 100.387 86.1063 72.8044 70.343 65.4567 63.3873 52.8151 45.3212 44.3445 43.4618 40.756 36.4091 31.5232 31.6276 30.5946 30.1065 27.1641 26.6455 26.5956 28.7093 25.5229 25.4313 25.0076
threshold=2.5000000000000004 4.5000000000000009 1.5000000000000002 1.0000000180025095e-35 1.0000000180025095e-35 1.0000000180025095e-35 3.5000000000000004 1.5000000000000002 1.0000000180025095e-35 1.5000000000000002 2.5000000000000004 4.5000000000000009 1.5000000000000002 4.5000000000000009 36.500000000000007 25.500000000000004 1.0000000180025095e-35 3.5000000000000004 3.5000000000000004 3.5000000000000004 27.500000000000004 1.0000000180025095e-35 10.500000000000002 1.5000000000000002 1.5000000000000002 5.5000000000000009 2.5000000000000004 1.5000000000000002 8.5000000000000018 14.500000000000002
decision_type=2 2 2 2 2 2 2 2 2 2 2 2 2 2 2 2 2 2 2 2 2 2 2 2 2 2 2 2 2 2
left_child=2 6 3 4 5 8 10 12 -1 13 15 25 -4 17 16 19 24 -5 29 20 -2 23 -12 -6 -14 26 -3 -11 -9 -8
right_child=1 11 7 9 21 -7 18 28 -10 27 22 -13 14 -15 -16 -17 -18 -19 -20 -21 -22 -23 -24 -25 -26 -27 -28 -29 -30 -31
leaf_value=-0.1194373188502149 -0.0039855219045887829 0.020064228826273057 -0.0031177234694104937 -0.0098216728685269865 -0.024128004823061898 -0.023072523400357071 0.013132362319372785 -0.0177265467457298 -0.030836013591811224 -0.017300514476858955 0.0083651950899561144 0.044028197437661926 0.0058703400307321173 0.010682719660073862 0.027282543947829835 0.01643629297435456 -0.002171510408275137 0.003796659997275065 0.03287385155184698 -0.05023649661716359 0.011127291087207914 -0.013572917201755033 0.023662233913308395 -0.061857778714827186 0.018465264294270724 0.036240468732792817 -0.021565261977265934 -0.037944676145292101 -0.00096321259694041959 0.050036918267939184
leaf_weight=96.134582236409187 2348.8320610672235 571.71371512115002 2826.3736495375633 3693.7693000435829 459.24365526437759 252.10677708685398 874.54998613893986 889.87449750304222 38.365094035863876 596.59773562848568 1141.554734826088 609.55398166179657 1255.6381227821112 424.5053950548172 256.00007797777653 354.07227355241776 1173.7964820414782 645.38552634418011 416.80842053890228 33.946266412734985 406.03641329705715 1269.2851454913616 447.83627890050411 53.235385835170746 630.92986050248146 255.27956089377403 44.649728506803513 199.87918825447559 303.38494893908501 48.447029545903206
leaf_count=425 13675 3496 16256 21033 2511 1402 5255 5046 212 3345 6750 3965 7330 2505 1524 2110 6851 3769 2578 194 2408 7112 2677 287 3753 1614 267 1094 1736 304
internal_value=-0.00022457 0.0123953 -0.00655214 -0.0125876 -0.0230972 -0.0478053 0.00774501 -0.000193804 -0.0941644 -0.00848893 0.00410314 0.0314591 0.0023841 -0.00614943 0.00707303 -0.000231934 0.0053825 -0.00779615 0.0206083 -0.00234816 -0.00175806 -0.0177361 0.0126754 -0.0280473 0.0100825 0.0226693 0.0170486 -0.0224813 -0.0134645 0.0150694
internal_weight=22617.8 7553.28 15064.5 7728.51 2168.37 386.606 6072.08 7336 134.5 5560.14 4732.28 1481.2 6142.74 4763.66 3316.36 3142.89 3060.36 4339.15 1339.81 2788.81 2754.87 1781.76 1589.39 512.479 1886.57 871.643 616.363 796.477 1193.26 922.997
internal_count=131484 45293 86191 43695 11949 2039 35951 42496 637 31746 27814 9342 35714 27307 19458 18387 17934 24802 8137 16277 16083 9910 9427 2798 11083 5377 3763 4439 6782 5559
is_linear=0
shrinkage=0.05


Tree=6
num_leaves=31
num_cat=0
split_feature=5 1 1 5 17 16 4 2 11 5 2 4 15 10 7 0 4 16 0 16 7 4 10 0 0 15 7 11 9 6
split_gain=629.478 267.699 179.641 160.431 130.623 196.529 120.814 78.7283 78.4805 71.4384 61.4869 61.3471 60.3693 55.6785 49.8226 47.952 35.7267 31.7938 29.9636 28.0285 26.5685 25.8276 24.9538 23.5114 23.3773 23.3477 22.6586 22.0111 21.2331 20.3209
threshold=3.5000000000000004 1.5000000000000002 4.5000000000000009 1.0000000180025095e-35 1.0000000180025095e-35 1.0000000180025095e-35 1.5000000000000002 3.5000000000000004 1.5000000000000002 9.5000000000000018 1.0000000180025095e-35 2.5000000000000004 14.500000000000002 1.5000000000000002 1.5000000000000002 1.5000000000000002 2.5000000000000004 18.500000000000004 2.5000000000000004 51.500000000000007 1.0000000180025095e-35 1.0000000180025095e-35 1.5000000000000002 1.0000000180025095e-35 1.0000000180025095e-35 49.500000000000007 1.5000000000000002 1.0000000180025095e-35 1.0000000180025095e-35 1.0000000180025095e-35
decision_type=2 2 2 2 2 2 2 2 2 2 2 2 2 2 2 2 2 2 2 2 2 2 2 2 2 2 2 2 2 2
left_child=1 3 9 4 5 10 14 13 12 11 21 27 15 17 23 -5 -4 25 -13 20 -6 -1 -7 -3 -9 -8 -15 -2 -16 -17
right_child=2 6 16 8 19 22 7 24 -10 -11 -12 18 -14 26 28 29 -18 -19 -20 -21 -22 -23 -24 -25 -26 -27 -28 -29 -30 -31
leaf_value=-0.11234836914129623 0.0087611838264208697 -0.0088552663764468031 0.021968349952720533 -0.010762568690268084 -0.012508896366630697 -0.016038176868094955 0.0032895350075941212 0.002504117238421514 -0.021040039619258936 0.031547671240525078 -0.039101560350641523 0.01074782625456927 0.0074815386192526746 -0.004018337510188221 -0.0086173875024029688 0.0038177300931057229 0.041510055716157734 0.01930458355910343 0.026218083059539349 0.017056790762077136 -0.025983913127228576 -0.048069064073200732 -0.056010132921319601 0.00097666601196166576 0.022266827288248869 0.020265112169367064 -0.026740204905639858 -0.0020357055499017145 -0.02570246968006645 -0.0061793012873457322
leaf_weight=109.28777886927128 944.23251628875732 784.2605387866497 349.0264977812767 2353.2933290451765 1708.8532730638981 328.55278645455837 2445.5247893035412 176.82739898562431 705.36869253218174 398.35723416507244 53.048422411084175 708.94106829166412 1046.4110224246979 355.69916863739491 461.75020563602448 1217.5245632976294 709.00052186846733 432.88852517306805 560.42007534205914 68.64422295987606 465.43781526386738 18.234650552272797 44.310853451490402 2706.2914124578238 973.18238757550716 220.84253266453743 158.66105480492115 943.94869938492775 300.00497768819332 872.66623444855213
leaf_count=470 5606 4490 2183 13186 9589 1840 14262 1054 3936 2531 289 4276 6040 2060 2593 7024 4735 2560 3458 396 2596 97 243 15705 5949 1320 877 5550 1657 4978
internal_value=0.000499151 -0.00372275 0.0169767 -0.00982727 -0.0197682 -0.0415232 0.00236533 0.0078338 -0.00534021 0.0115951 -0.0843387 0.00907785 -0.00332302 0.00420765 -0.0037607 -0.00586742 0.0350636 0.00673606 0.0175779 -0.0144003 -0.0153934 -0.103157 -0.0207884 -0.00123238 0.0192281 0.00469554 -0.0110272 0.00336355 -0.0153461 -0.000356086
internal_weight=22621.5 18007.6 4613.93 8991.63 2796.37 553.434 9015.93 4763.63 6195.26 3555.9 180.571 3157.54 5489.9 3613.62 4252.31 4443.48 1058.03 3099.26 1269.36 2242.94 2174.29 127.522 372.864 3490.55 1150.01 2666.37 514.36 1888.18 761.755 2090.19
internal_count=131550 103211 28339 50684 15520 2939 52527 28082 35164 21421 856 18890 31228 21079 24445 25188 6918 18142 7734 12581 12185 567 2083 20195 7003 15582 2937 11156 4250 12002
is_linear=0
shrinkage=0.05


Tree=7
num_leaves=31
num_cat=0
split_feature=4 1 2 15 0 7 0 6 2 7 16 15 0 16 1 0 16 17 2 2 16 17 4 6 4 8 2 17 2 1
split_gain=456.088 241.517 191.586 138.73 118.223 101.189 80.5545 72.0328 67.2523 61.6625 57.1434 56.5716 55.2863 43.5218 39.1479 35.9454 35.3186 35.1449 33.0352 31.8261 36.1658 52.2831 42.8063 31.5137 27.5379 24.0682 23.9823 23.8014 23.1343 22.6863
threshold=3.5000000000000004 1.0000000180025095e-35 3.5000000000000004 49.500000000000007 1.5000000000000002 1.0000000180025095e-35 1.0000000180025095e-35 1.5000000000000002 1.0000000180025095e-35 1.5000000000000002 10.500000000000002 7.5000000000000009 3.5000000000000004 26.500000000000004 4.5000000000000009 1.5000000000000002 31.500000000000004 24.500000000000004 37.500000000000007 1.5000000000000002 1.0000000180025095e-35 1.0000000180025095e-35 1.0000000180025095e-35 1.0000000180025095e-35 1.5000000000000002 1.5000000000000002 3.5000000000000004 1.0000000180025095e-35 1.5000000000000002 3.5000000000000004
decision_type=2 2 2 2 2 2 2 2 2 2 2 2 2 2 2 2 2 2 2 2 2 2 2 2 2 2 2 2 2 2
left_child=1 5 13 4 9 11 8 10 27 14 17 19 -4 15 16 -2 23 24 -14 20 21 22 -1 26 -6 -9 -3 -7 -12 -17
right_child=2 3 12 -5 7 6 -8 25 -10 -11 28 -13 18 -15 -16 29 -18 -19 -20 -21 -22 -23 -24 -25 -26 -27 -28 -29 -30 -31
leaf_value=-0.092010792903907151 -0.0020223124283590319 -0.0071618244035459135 0.019281173276858209 0.017222248505499829 -0.0026563292549282394 -0.10879382616410596 -0.020022410935609372 -0.005897033609731487 -0.028731752157184622 -0.019475432600475698 0.0063901353073855006 -0.0017453441276065634 0.041912052152158152 0.021355184341592483 0.0090889390140438571 0.0058914217583698053 0.0098019361040229454 0.016863195298544992 0.0057877049729019711 -0.0091428323300411837 -0.016456943228674921 -0.02093789462900969 -0.016743622158172055 -0.016749905302331797 0.0058103245061762914 -0.025888448322487219 0.0042372505748353656 -0.052150164854742879 0.020594885537744318 0.019792752396040364
leaf_weight=59.975328952074051 1200.5117852836847 3130.6496361196041 786.53354486823082 1029.244378477335 2248.1777151823044 65.84714612364769 272.97293609380722 782.29519194364548 73.88068525493145 839.98955519497395 485.98554712533951 1097.0176074206829 654.99413177371025 441.94923408329487 457.73728519678116 1107.7667205035686 320.56640687584877 381.16566386818886 70.056404560804367 1252.99095672369 1334.9794893413782 174.13058315217495 27.575563013553619 746.66612495481968 1676.6098367720842 186.43569484353065 541.17758427560329 25.816759631037712 698.77035169303417 399.26915395259857
leaf_count=262 6941 17773 4885 6165 13084 279 1525 4498 406 4644 2848 6238 4345 2700 2754 6542 1862 2289 464 7038 7406 957 148 4242 10007 1043 3182 141 4233 2466
internal_value=-0.00010251 -0.00372827 0.0138298 -0.000422248 -0.00187553 -0.0139252 -0.036711 0.00282598 -0.0642294 -0.00690621 0.0050438 -0.0113935 0.0284621 0.00680714 -0.00487457 0.00443248 -0.00622328 0.00236821 0.0384216 -0.0151077 -0.0197886 -0.0367853 -0.0683042 -0.00738592 0.000960497 -0.00974445 -0.00548176 -0.0928404 0.0147681 0.00957439
internal_weight=22571.7 17910.7 4661.08 13525.5 12496.2 4385.19 438.518 6459.44 165.545 6036.79 5490.71 3946.67 1511.58 3149.5 5196.8 2707.55 4739.06 4305.95 725.051 2849.65 1596.66 261.681 87.5509 4418.49 3924.79 968.731 3671.83 91.6639 1184.76 1507.04
internal_count=131367 103024 28343 78624 72459 24400 2351 38002 826 34457 32461 22049 9694 18649 29813 15949 27059 25380 4809 15811 8773 1367 410 25197 23091 5541 20955 420 7081 9008
is_linear=0
shrinkage=0.05


Tree=8
num_leaves=31
num_cat=0
split_feature=5 5 4 1 2 0 16 17 10 11 2 6 16 0 2 2 0 0 15 4 8 17 1 11 16 1 7 7 16 16
split_gain=622.112 267.603 139.982 109.011 100.756 86.7741 99.6547 110.755 76.6153 61.6138 57.0583 47.0166 46.465 46.4357 43.4476 38.8935 36.9094 35.4393 34.3398 34.2403 31.6665 31.0758 24.6919 23.9553 23.7448 22.6888 22.3539 21.9829 21.028 20.0641
threshold=4.5000000000000009 1.5000000000000002 1.5000000000000002 2.5000000000000004 3.5000000000000004 1.0000000180025095e-35 1.0000000180025095e-35 1.0000000180025095e-35 1.5000000000000002 1.5000000000000002 1.0000000180025095e-35 1.0000000180025095e-35 19.500000000000004 1.5000000000000002 1.0000000180025095e-35 1.5000000000000002 3.5000000000000004 1.0000000180025095e-35 49.500000000000007 4.5000000000000009 1.5000000000000002 14.500000000000002 1.0000000180025095e-35 1.0000000180025095e-35 11.500000000000002 43.500000000000007 1.5000000000000002 1.0000000180025095e-35 19.500000000000004 10.500000000000002
decision_type=2 2 2 2 2 2 2 2 2 2 2 2 2 2 2 2 2 2 2 2 2 2 2 2 2 2 2 2 2 2
left_child=1 2 5 9 18 6 7 10 12 14 -1 -7 15 -5 -3 -4 -6 -16 23 29 -8 28 -17 -2 -13 -18 -10 -24 -19 -15
right_child=4 3 8 13 16 11 20 -9 26 -11 -12 24 -14 19 17 22 25 21 -20 -21 -22 -23 27 -25 -26 -27 -28 -29 -30 -31
leaf_value=-0.093763318462640535 0.018205298386214232 -0.0071190089726989331 -0.006799675961072592 0.0032436715464010824 0.024114088077757209 -0.0052308193845201096 -0.013921473271231131 -0.021221407983803533 -0.011908567761980179 -0.013034950248537687 -0.021545240291271413 -0.018503816178580004 0.014928727805580464 0.0094647827829618184 -0.0051301858220299673 -0.0075036938132727708 0.046189036157926758 0.0025139486136213692 0.029757859432561491 0.029917957590588146 -0.036328332523277974 0.018265605535411338 0.010825718672023442 0.0056423954562073841 -0.0021318573789584059 0.0093484352114580199 -0.032093011714102025 -0.0018903238786722922 0.015753442571688269 0.023102419744210463
leaf_weight=123.92036652565002 735.28697323799133 1135.0049974322319 1748.8447863310575 1177.8839651048183 469.86994716525078 2396.5831732600927 1143.6903393119574 189.31233735382557 645.43134944140911 858.35573090612888 35.096846252679825 1472.4250047802925 493.66399927437305 1157.2516887485981 829.2122855335474 400.99338354170322 508.76107893884182 2176.6825493872166 319.39298489689827 354.17363865673542 182.89667782187462 476.03768733143806 989.29276338219643 784.1071659475565 260.67406649887562 45.532882630825043 174.18940000236034 517.75449828803539 347.8393199890852 351.65413416922092
leaf_count=524 4530 6480 9954 6931 3025 13552 6314 1036 3626 4850 184 8180 2938 6970 4733 2246 3512 12708 2021 2269 984 2823 5862 4762 1472 309 940 3053 2073 2150
internal_value=8.06991e-05 -0.00309357 -0.00838741 0.00334136 0.0218551 -0.0136609 -0.0232603 -0.0470613 -0.00222851 -0.000665603 -0.077824 -0.00976765 0.000530134 0.0110143 0.00147292 -0.00141361 0.0344235 0.00401926 0.0148548 0.015927 -0.0170107 0.00654773 0.00352306 0.011722 -0.0160413 0.0431627 -0.0161983 0.00645705 0.00433814 0.0126431
internal_weight=22501.8 19638.9 10774.8 8864.1 2862.95 5804.6 1674.92 348.33 4970.17 5823.13 159.017 4129.68 4150.55 3040.96 4964.78 3656.89 1024.16 3829.77 1838.79 1863.08 1326.59 3000.56 1908.04 1519.39 1733.1 554.294 819.621 1507.05 2524.52 1508.91
internal_count=131011 112852 60865 51987 18159 32246 9042 1744 28619 33667 708 23204 24053 18320 28817 21115 6846 22337 11313 11389 7298 17604 11161 9292 9652 3821 4566 8915 14781 9120
is_linear=0
shrinkage=0.05


Tree=9
num_leaves=31
num_cat=0
split_feature=5 5 3 3 9 0 9 11 4 4 3 6 17 7 2 15 9 8 17 3 0 0 2 2 2 6 17 8 7 2
split_gain=548.077 280.168 149.915 120.071 101.382 82.14 81.2943 68.8556 65.1688 46.8427 45.7309 42.7051 41.0818 39.3484 39.7979 39.1574 37.3946 33.167 32.1424 29.3939 27.6912 26.5557 26.1061 25.8914 25.6474 25.522 21.9637 21.8116 21.0836 21.0595
threshold=1.5000000000000002 6.5000000000000009 2.5000000000000004 1.0000000180025095e-35 1.0000000180025095e-35 1.0000000180025095e-35 1.0000000180025095e-35 1.0000000180025095e-35 3.5000000000000004 39.500000000000007 3.5000000000000004 1.0000000180025095e-35 1.0000000180025095e-35 1.5000000000000002 3.5000000000000004 12.500000000000002 1.5000000000000002 1.0000000180025095e-35 39.500000000000007 1.0000000180025095e-35 2.5000000000000004 1.5000000000000002 1.0000000180025095e-35 1.5000000000000002 1.5000000000000002 1.0000000180025095e-35 4.5000000000000009 1.0000000180025095e-35 1.0000000180025095e-35 4.5000000000000009
decision_type=2 2 2 2 2 2 2 2 2 2 2 2 2 2 2 2 2 2 2 2 2 2 2 2 2 2 2 2 2 2
left_child=3 2 7 5 15 6 25 19 16 21 -3 -7 -8 14 17 23 26 22 20 -2 -9 -10 -6 -5 -22 -1 -4 -26 -18 -21
right_child=1 10 8 4 13 11 12 18 9 -11 -12 -13 -14 -15 -16 -17 28 -19 -20 29 24 -23 -24 -25 27 -27 -28 -29 -30 -31
leaf_value=-0.019686248894930092 -0.0018449075942488546 0.020869344324584482 0.0072087290982584297 -0.0066387284589336602 -0.016126601465886743 -0.0045756966045857059 -0.089804182072292404 -0.010070853320926703 0.013143676032506966 -0.035817424870161672 0.039457521906710445 -0.019612602331304844 -0.03374063976439827 -0.02530708645831331 0.0039088783435604268 0.0086180808246230593 0.0032283243979317673 -0.021458679021195803 0.014659545501049961 0.0061229828282809507 -0.0082318382884838653 0.030255367960434154 -0.0030004216769066658 0.0015292862091163336 0.020121622878504088 -0.048748335036092404 0.017435254388277973 -0.003882872463280822 -0.020443946546801282 0.020052769302726453
leaf_weight=651.03182704746723 1148.5364343076944 731.13609716296196 1309.8120250403881 1919.8919184058905 629.06724300980568 1097.7272002846003 75.440863460302353 1894.473423987627 326.62130865454674 32.603917956352234 604.42360655963421 828.5782828181982 57.643237411975861 456.61028160154819 462.96434198319912 992.46893428266048 267.05135628581047 675.48019903898239 186.0454697906971 2372.4078696519136 367.88979594409466 741.37335759401321 952.12012086808681 1961.3608178198338 228.32239599525928 85.461018830537796 876.30130702257156 161.61966355144978 145.20268177986145 306.37052175402641
leaf_count=3543 6741 4698 7799 10721 3496 6239 325 10843 1974 207 4150 4618 315 2454 2704 5761 1565 3755 1101 13946 2120 4820 5397 11277 1384 435 5274 970 846 1898
internal_value=0.000221943 0.00772764 0.00495024 -0.00787499 -0.00477458 -0.0168018 -0.0295572 0.000470693 0.0130225 0.0232199 0.0292816 -0.0110436 -0.0655212 -0.0117252 -0.00944493 -0.000244778 0.00870325 -0.0121845 -0.00543039 0.00484696 -0.0068396 0.0250222 -0.0082226 -0.00251109 0.00123808 -0.0230585 0.011308 0.0101725 -0.00510944 0.00771613
internal_weight=22546 11700.2 10364.6 10845.8 8049.96 2795.88 869.577 6665.67 3698.97 1100.6 1335.56 1926.31 133.084 3176.24 2719.63 4873.72 2598.37 2256.67 2838.35 3827.31 2652.31 1067.99 1581.19 3881.25 757.832 736.493 2186.11 389.942 412.254 2678.78
internal_count=131376 70336 61488 61040 45565 15475 4618 39003 22485 7001 8848 10857 640 17806 15352 27759 15484 12648 16418 22585 15317 6794 8893 21998 4474 3978 13073 2354 2411 15844
is_linear=0
shrinkage=0.05


Tree=10
num_leaves=31
num_cat=0
split_feature=5 0 3 6 1 3 16 4 1 9 1 5 15 8 5 4 1 0 3 5 3 4 16 6 1 16 9 15 16 5
split_gain=475.484 212.971 111.787 111.581 105.678 83.7579 65.4384 92.1314 61.0423 58.5716 54.755 44.5959 40.4046 40.0491 37.5305 33.5471 32.7471 29.3893 28.4182 27.5922 27.3009 25.3067 25.2688 25.5237 24.7846 22.7661 20.767 19.2925 19.1297 18.9118
threshold=4.5000000000000009 1.5000000000000002 1.0000000180025095e-35 2.5000000000000004 4.5000000000000009 1.5000000000000002 1.0000000180025095e-35 1.0000000180025095e-35 1.0000000180025095e-35 1.0000000180025095e-35 4.5000000000000009 11.500000000000002 10.500000000000002 1.5000000000000002 1.5000000000000002 2.5000000000000004 3.5000000000000004 15.500000000000002 2.5000000000000004 1.5000000000000002 4.5000000000000009 46.500000000000007 27.500000000000004 1.0000000180025095e-35 50.500000000000007 27.500000000000004 1.0000000180025095e-35 33.500000000000007 46.500000000000007 44.500000000000007
decision_type=2 2 2 2 2 2 2 2 2 2 2 2 2 2 2 2 2 2 2 2 2 2 2 2 2 2 2 2 2 2
left_child=1 2 6 5 11 12 7 8 19 16 14 15 22 25 26 -2 28 -12 -11 -1 -6 -17 23 -3 -22 -8 -7 -20 -4 -26
right_child=4 3 9 -5 20 10 13 -9 -10 18 17 -13 -14 -15 -16 21 -18 -19 27 -21 24 -23 -24 -25 29 -27 -28 -29 -30 -31
leaf_value=-0.083700480822716916 0.0044450577263961087 -0.001646465429703859 -0.0039978917184988654 -0.018923746026487172 0.025426762788595649 0.0049822395198348621 -0.012268310251310571 -0.013048390574727165 -0.022018458620089117 -0.014818156880557074 0.022757889881559603 0.031886978789875411 0.0073452191793645337 -0.03176588662321126 0.010293528013983092 0.019519541908810875 0.0086842405338486313 -0.0077905807070360114 -0.0070614271145183318 0.00047144819798091136 0.048478930339056953 -0.053331107258386329 0.011599268856475029 -0.011007103077016906 -0.025778508384526607 0.0094698407787367003 -0.0051334794094107534 0.012241182803417001 0.012099039788951721 0.052270193816989045
leaf_weight=129.83790418505669 1023.6667926758528 1762.6677204370499 3453.7023802399635 583.44061353802681 364.74493265151978 1252.9882187396288 1738.5831539183855 245.16395853459835 77.126712173223495 1618.8256982862949 755.30291387438774 277.60874608159065 970.88215354084969 258.34863816201687 2135.4048402160406 741.05497273802757 697.81778512895107 87.893712505698204 1177.5289161652327 10.525532096624373 348.94650329649448 12.115766853094099 232.40083305537701 1240.9161910116673 20.848280072212219 129.40853157639503 852.60527013242245 145.43611547350883 194.99079796671867 12.364527836441992
leaf_count=550 6214 10245 19467 3233 2489 7250 9660 1351 421 8935 4720 1874 5727 1398 12892 4743 4124 547 6638 56 2584 77 1384 7063 145 739 4871 850 1137 87
internal_value=-0.000172231 -0.00290633 -0.00809751 0.00228631 0.0191054 0.00361821 -0.0170222 -0.0340638 -0.0577532 -0.00492722 0.00793657 0.0132499 -0.00160073 -0.0133143 0.0056229 0.0103381 -0.00123969 0.0195736 -0.0103756 -0.0773886 0.0352116 0.0183476 -0.00428475 -0.00551377 0.0445506 -0.0107624 0.000886142 -0.00493945 -0.00313765 0.00327761
internal_weight=22553.1 19751.8 9877.3 9874.5 2801.35 9291.06 2588.99 462.654 217.49 7288.3 5084.19 2054.45 4206.87 2126.34 4241 1776.84 4346.51 843.197 2941.79 140.363 746.904 753.171 3235.98 3003.58 382.159 1867.99 2105.59 1322.97 3648.69 33.2128
internal_count=131471 113258 55326 57932 18213 54699 14175 2378 1027 41151 30280 12908 24419 11797 25013 11034 24728 5267 16423 606 5305 4820 18692 17308 2816 10399 12121 7488 20604 232
is_linear=0
shrinkage=0.05


Tree=11
num_leaves=31
num_cat=0
split_feature=5 2 8 8 1 8 1 1 2 0 2 3 10 15 0 4 4 16 4 15 16 16 16 5 2 4 4 16 9 3
split_gain=449.936 218.698 135.367 119.118 99.5483 69.7063 58.672 58.5945 46.92 45.3129 49.0487 40.7149 39.0794 38.5925 38.5311 35.6667 33.7175 33.4854 30.5029 28.3692 28.6354 28.2818 26.622 24.774 23.8651 23.3644 22.6996 22.4692 22.1032 23.1093
threshold=4.5000000000000009 1.5000000000000002 1.0000000180025095e-35 1.0000000180025095e-35 3.5000000000000004 3.5000000000000004 3.5000000000000004 1.5000000000000002 3.5000000000000004 1.0000000180025095e-35 1.0000000180025095e-35 1.0000000180025095e-35 1.0000000180025095e-35 49.500000000000007 1.5000000000000002 1.5000000000000002 2.5000000000000004 35.500000000000007 1.5000000000000002 51.500000000000007 22.500000000000004 58.500000000000007 10.500000000000002 1.5000000000000002 54.500000000000007 2.5000000000000004 1.0000000180025095e-35 72.500000000000014 2.5000000000000004 2.5000000000000004
decision_type=2 2 2 2 2 2 2 2 2 2 2 2 2 2 2 2 2 2 2 2 2 2 2 2 2 2 2 2 2 2
left_child=1 3 6 7 13 8 14 12 17 10 11 -5 21 22 -3 -14 -6 25 -10 20 -9 26 -2 -16 -20 -4 -1 -11 29 -8
right_child=4 2 5 9 16 -7 28 19 18 27 -12 -13 15 -15 23 -17 -18 -19 24 -21 -22 -23 -24 -25 -26 -27 -28 -29 -30 -31
leaf_value=-0.012560408030025286 0.0044106411834272368 2.2931491143176802e-05 -0.011572841178465411 -0.074242225621659316 0.019054787987663444 -0.027068509643435247 0.011839597896226295 -0.0030533838769572479 -0.0033501580914099987 -0.014555479550339121 -0.02130929313695713 -0.025071289439306994 -0.026719404751778281 0.028069385770494688 0.0041928681136821702 -0.0099166732911634917 0.038692688909606941 0.015620872442080644 0.011646220419164924 0.01644981239098189 0.012304196345066038 0.022063629198973974 0.018971539680807795 0.014475359782892348 -0.047963385124405511 0.00013109870719150825 -0.0032182843132209198 0.035517742802825394 -0.03205278441256626 0.025286337631760938
leaf_weight=1020.0010713338852 1050.5967061072588 2052.4167443066835 1572.4383502155542 96.86390408873558 332.8859198987484 304.19072833657265 705.32899269461632 3086.3930995166302 716.27718399465084 1287.5261513590813 437.24521861970425 74.462946444749832 493.87460339069366 312.8380895704031 1155.4840613305569 876.01845590770245 636.53452688455582 155.55763649940491 875.38036452233791 234.05065666139126 336.63322699069977 88.739910885691643 447.67016071081161 1188.1162898242474 17.119107946753502 585.07380668818951 1793.6464021205902 22.800240620970726 22.503485813736916 584.12784032523632
leaf_count=5528 6519 11673 8832 443 2178 1646 4271 17612 4120 7190 2369 402 2656 2054 6725 4880 4676 922 5359 1406 1978 514 2858 7254 105 3413 10054 134 136 3707
internal_value=0.000184909 -0.00246221 0.00277224 -0.00774225 0.0190181 -0.00401103 0.0077944 -0.00503714 -0.00222262 -0.0189204 -0.0301947 -0.0528713 -0.00901378 0.0120965 0.00502506 -0.0159744 0.0319493 -0.0067836 0.00433506 -0.000391529 -0.00154306 -0.00572845 0.00876132 0.0094057 0.0105028 -0.00839897 -0.00660498 -0.0136842 0.0170737 0.017931
internal_weight=22562.8 19782.3 9934.01 9848.26 2780.53 4226.04 5707.98 7929.36 3921.85 1918.9 608.572 171.327 4272.28 1811.1 4396.02 1369.89 969.42 2313.07 1608.78 3657.08 3423.03 2902.39 1498.27 2343.6 892.499 2157.51 2813.65 1310.33 1311.96 1289.46
internal_count=131614 113329 58163 55166 18285 24397 33766 44628 22751 10538 3214 845 23632 11431 25652 7536 6854 13167 9584 20996 19590 16096 9377 13979 5464 12245 15582 7324 8114 7978
is_linear=0
shrinkage=0.05


Tree=12
num_leaves=31
num_cat=0
split_feature=5 1 3 1 4 1 16 17 15 2 3 4 8 15 16 8 6 15 2 0 17 2 1 5 0 3 4 2 0 16
split_gain=431.775 190.593 163.199 84.2865 76.1446 60.1976 74.8027 67.6724 55.0278 52.7469 45.7346 42.0031 36.0174 35.2914 33.3429 30.9398 30.5474 30.4097 30.0944 29.6913 29.5756 26.2594 27.5329 25.0274 23.8449 23.1016 20.9705 20.2751 20.3021 20.1366
threshold=2.5000000000000004 4.5000000000000009 1.0000000180025095e-35 1.5000000000000002 3.5000000000000004 1.0000000180025095e-35 1.0000000180025095e-35 1.0000000180025095e-35 51.500000000000007 2.5000000000000004 3.5000000000000004 1.5000000000000002 2.5000000000000004 25.500000000000004 16.500000000000004 1.5000000000000002 1.0000000180025095e-35 61.500000000000007 1.0000000180025095e-35 3.5000000000000004 16.500000000000004 1.5000000000000002 50.500000000000007 14.500000000000002 2.5000000000000004 1.5000000000000002 1.0000000180025095e-35 59.500000000000007 3.5000000000000004 19.500000000000004
decision_type=2 2 2 2 2 2 2 2 2 2 2 2 2 2 2 2 2 2 2 2 2 2 2 2 2 2 2 2 2 2
left_child=2 4 5 13 8 6 7 11 14 17 -3 -1 26 15 23 18 24 20 -4 -6 -5 -12 -23 25 -7 -2 -11 28 -28 -8
right_child=1 10 3 9 19 16 29 -9 -10 12 21 -13 -14 -15 -16 -17 -18 -19 -20 -21 -22 22 -24 -25 -26 -27 27 -29 -30 -31
leaf_value=-0.0813127342293824 -0.005329757058748154 0.018303616552620999 -0.012398742786977789 -0.0035006365218671152 0.011687143859078193 -0.0086168201284357072 -0.01876317130032143 -0.020952176433778977 0.02023257655303318 7.7923314845443505e-05 0.010263632995286818 0.013283988528264224 -0.015143859129143275 0.0053430517708489096 0.011341713689539734 -0.018716255917152907 -0.017091299167370982 0.020474560500110549 -0.0034021266835553921 0.027378646204613097 0.010569737226211745 0.043945164996527175 0.0034196547561445318 0.050449748449426027 0.0058957916051846151 0.0029727277727180203 0.010547407057944415 -0.045922024037379008 0.02359590133770648 0.0068075666416550279
leaf_weight=118.8234000056982 1633.60741789639 689.11611910164356 1306.8573001176119 3165.4038498997688 1027.4737121462822 1426.2426740825176 781.95408497750759 128.1969997882843 425.68539671599865 356.79954193532467 81.279072016477585 13.020480439066885 141.90787574648857 614.76763059198856 691.48052640259266 534.83387011289597 887.94658221304417 159.45391961932182 3219.4845538884401 426.64899043738842 423.43563324213028 517.75316181778908 45.603201434016228 23.738108724355698 353.11303159594536 1720.0138030052185 1090.5488304942846 14.195968672633169 410.23461253941059 85.399487227201462
leaf_count=493 9500 4567 7101 18007 6459 7970 4187 677 2660 2084 545 69 794 3537 4213 2878 4940 959 18036 2852 2448 3887 321 161 2076 10275 6593 86 2595 477
internal_value=0.000161765 0.0101759 -0.00462577 -0.00164481 0.00634574 -0.013611 -0.0232975 -0.0468192 0.00312809 0.00261518 0.0272586 -0.0719707 0.00914203 -0.00596937 0.0013386 -0.00734347 -0.00951672 -0.000891226 -0.00599965 0.0162911 -0.00184052 0.0368315 0.0406647 -0.000709435 -0.00573679 -0.00107156 0.0109832 0.0135516 0.0141142 -0.0162455
internal_weight=22515 7282.4 15232.6 11437.9 5948.65 3794.7 1127.39 260.041 4494.53 5761.98 1333.75 131.844 2013.69 5675.94 4068.84 5061.18 2667.3 3748.29 4526.34 1454.12 3588.84 644.635 563.356 3377.36 1779.36 3353.62 1871.78 1514.98 1500.78 867.354
internal_count=131447 45440 86007 65118 36120 20889 5903 1239 26809 33566 9320 562 12152 31552 24149 28015 14986 21414 25137 9311 20455 4753 4208 19936 10046 19775 11358 9274 9188 4664
is_linear=0
shrinkage=0.05


Tree=13
num_leaves=31
num_cat=0
split_feature=5 1 7 1 0 7 0 17 7 6 5 16 15 1 4 16 5 15 2 1 5 15 15 6 1 5 1 17 8 6
split_gain=408.972 202.615 101.284 95.188 88.6578 73.005 57.1197 55.155 44.6622 43.9743 43.3162 40.3896 39.0189 38.4575 35.7946 34.3709 28.853 28.4176 27.7241 28.9484 27.6115 25.3999 23.2899 22.681 21.0767 20.7727 30.807 19.7175 19.1904 18.9276
threshold=4.5000000000000009 1.5000000000000002 1.0000000180025095e-35 4.5000000000000009 1.5000000000000002 1.0000000180025095e-35 3.5000000000000004 1.0000000180025095e-35 2.5000000000000004 1.0000000180025095e-35 1.0000000180025095e-35 1.5000000000000002 49.500000000000007 5.5000000000000009 3.5000000000000004 16.500000000000004 13.500000000000002 17.500000000000004 3.5000000000000004 17.500000000000004 1.5000000000000002 18.500000000000004 18.500000000000004 1.0000000180025095e-35 4.5000000000000009 9.5000000000000018 19.500000000000004 44.500000000000007 1.0000000180025095e-35 2.5000000000000004
decision_type=2 2 2 2 2 2 2 2 2 2 2 2 2 2 2 2 2 2 2 2 2 2 2 2 2 2 2 2 2 2
left_child=1 4 6 12 5 17 15 10 13 -6 11 -7 14 22 16 24 -2 20 -8 -20 23 -9 28 -1 -3 26 -5 29 -4 -11
right_child=3 2 8 25 9 7 18 21 -10 27 -12 -13 -14 -15 -16 -17 -18 -19 19 -21 -22 -23 -24 -25 -26 -27 -28 -29 -30 -31
leaf_value=-0.011670114030753997 0.0030141403868410277 0.00065466154770741887 -0.0026381372572601507 0.031767235187245939 0.0020317495113594589 -0.086175824916564461 0.011037952015544611 -0.021303838477296083 -0.016185501028193185 -0.0069369671533522879 -0.021896955852519426 -0.024304515412479456 0.027776764855474801 0.010336288088307673 0.020670426787185458 0.014782348863502421 0.04273651078922449 0.00059472719708525315 0.030909896978690857 -0.016786397814882358 -0.0052358772278419119 0.0022323199485890332 0.0061172640216278669 -0.024223423703325444 0.011220602243728093 0.045918092286710989 -0.013849087036116772 0.014712131646644425 -0.011996067199100775 -0.020751806787082345
leaf_weight=1813.8494863063097 1130.0408178567886 3192.1033212691545 1717.1500349491835 418.2023673504591 2437.2577811926603 80.843008130788803 880.51472365856171 773.85483367741108 593.75153017044067 1618.8059893846512 103.96510563790798 39.151743069291115 347.21069307625294 585.96629516780376 492.77767726778984 636.73001274466515 47.642486974596977 650.88441172242165 371.57840241491795 34.790959239006042 1404.7557562738657 134.56367991864681 507.35027065873146 448.86191093921661 553.87948766350746 238.6378810480237 40.606346391141415 91.456342250108719 804.5419941842556 292.78032773733139
leaf_count=9724 6967 18572 9892 3124 14090 352 5300 4150 3248 9126 560 205 2357 3590 3304 3868 331 3692 2454 222 7823 752 3020 2354 3409 1874 294 529 4590 1560
internal_value=-0.000166246 -0.00266528 0.00239981 0.0180298 -0.00772389 -0.0119964 0.00676194 -0.0232965 -0.00347639 -0.00247909 -0.0455206 -0.0659885 0.0125256 -0.00138896 0.00935556 0.00404247 0.00462109 -0.00903327 0.0160236 0.0268264 -0.010742 -0.0178174 -0.0036572 -0.0141604 0.00221694 0.0339532 0.02773 -0.00796778 -0.00562377 -0.00905286
internal_weight=22484.5 19769.4 9878.36 2715.12 9891.03 5450.73 5669.6 1132.38 4208.76 4440.3 223.96 119.995 2017.67 3615.01 1670.46 4382.71 1177.68 4318.35 1286.88 406.369 3667.47 908.419 3029.04 2262.71 3745.98 697.447 458.809 2003.04 2521.69 1911.59
internal_count=131333 113082 58165 18251 54917 29612 33825 6019 24340 25305 1117 557 12959 21092 10602 25849 7298 23593 7976 2676 19901 4902 17502 12078 21981 5292 3418 11215 14482 10686
is_linear=0
shrinkage=0.05


Tree=14
num_leaves=31
num_cat=0
split_feature=5 4 2 1 3 9 1 16 1 17 10 11 16 7 7 4 16 10 17 3 17 3 3 1 1 15 1 6 15 1
split_gain=353.331 175.746 111.92 95.5125 94.3672 65.455 56.0526 98.5581 49.3578 48.5581 46.8378 42.8813 41.0584 36.4648 33.4884 32.4994 31.6096 30.2697 29.9955 26.9986 23.9816 23.8727 23.2595 20.8337 20.7796 20.9234 20.2318 20.1515 18.7232 17.5441
threshold=4.5000000000000009 1.5000000000000002 1.5000000000000002 4.5000000000000009 1.0000000180025095e-35 1.0000000180025095e-35 1.0000000180025095e-35 1.0000000180025095e-35 1.0000000180025095e-35 1.0000000180025095e-35 1.5000000000000002 1.0000000180025095e-35 10.500000000000002 1.5000000000000002 1.5000000000000002 4.5000000000000009 44.500000000000007 1.0000000180025095e-35 11.500000000000002 4.5000000000000009 24.500000000000004 2.5000000000000004 1.5000000000000002 4.5000000000000009 1.5000000000000002 40.500000000000007 2.5000000000000004 1.5000000000000002 73.500000000000014 44.500000000000007
decision_type=2 2 2 2 2 2 2 2 2 2 2 2 2 2 2 2 2 2 2 2 2 2 2 2 2 2 2 2 2 2
left_child=1 4 10 11 6 17 7 9 -4 -1 16 15 13 18 24 -2 26 21 23 -5 -13 28 -14 -10 25 -7 -3 -8 -6 -21
right_child=3 2 8 19 5 14 27 -9 12 -11 -12 20 22 -15 -16 -17 -18 -19 -20 29 -22 -23 -24 -25 -26 -27 -28 -29 -30 -31
leaf_value=-0.074869028277012889 0.013791410156198756 -0.0044298865782130261 -0.0022979632184057775 0.023210441376940321 -0.0016399750684109688 -0.01291997375026893 -0.008055422478925307 -0.015645210654724431 0.00439516465401438 -0.026183184044760433 -0.014101298558331725 0.00071280536627411374 0.0082382315146202322 -0.0083120117221560843 -0.022552379192864968 0.034804879523523617 0.017419427283073795 -0.0097489310392856864 0.019327734437480721 0.046998616477572641 0.019919767697252729 0.0076755161256224919 0.024423826667981138 0.017069603555069889 -0.0019818578037317197 0.011134909369265871 0.0039089676103483137 -0.023906767519473432 0.026958456536750049 0.011000262331364245
leaf_weight=125.70292140543461 728.58177191019058 2492.3164084106684 1031.4713758528233 341.58469145745039 2508.594150274992 1359.2948753833771 1629.5305835455656 631.98056684434414 1950.5889803320169 86.428121730685234 809.89292497932911 829.86567610502243 338.49399468302727 339.68880525231361 434.67771710455418 246.17038267850876 222.90831138193607 683.95464859902859 566.17532768845558 307.37976768612862 202.09581264853477 1152.1566421985626 644.7613488137722 388.86291314661503 1008.1483664810658 96.839688569307327 1027.1529762744904 228.63150262832642 58.567856475710869 38.033776424825191
leaf_count=526 4670 14041 5827 2508 14147 7374 9064 3354 11691 446 4420 5258 2065 1973 2288 1715 1342 3852 3510 2551 1362 6667 4119 2535 5829 552 6043 1227 349 282
internal_value=9.59996e-05 -0.00221355 0.00254099 0.0170866 -0.00687674 -0.00392268 -0.0148594 -0.0255436 0.00750871 -0.0550331 -0.0031991 0.0115778 0.00990084 0.00718891 -0.00975687 0.0190983 -0.000839743 -8.1658e-05 0.00900108 0.0331779 0.00447423 0.00169608 0.0188518 0.00650191 -0.00749985 -0.0113202 -0.0019962 -0.0100058 -0.000987524 0.0430348
internal_weight=22510.5 19816.8 9812.31 2693.71 10004.5 7302.23 2702.27 844.112 5260.04 212.131 4552.27 2006.71 4228.57 3245.32 2898.96 974.752 3742.38 4403.27 2905.63 686.998 1031.96 3719.32 983.255 2339.45 2464.28 1456.13 3519.47 1858.16 2567.16 345.414
internal_count=131587 113241 57566 18346 55675 41058 14617 4326 31720 972 25846 13005 25893 19709 16043 6385 21426 25015 17736 5341 6620 21163 6184 14226 13755 7926 20084 10291 14496 2833
is_linear=0
shrinkage=0.05


Tree=15
num_leaves=31
num_cat=0
split_feature=5 4 15 4 2 8 2 10 10 1 2 5 17 4 5 17 2 15 2 3 1 17 15 0 1 0 10 9 1 9
split_gain=331.459 196.291 95.2849 86.8009 69.0432 67.2072 65.3188 51.3723 50.3187 41.8037 33.8692 30.8048 30.3497 30.2863 27.9753 32.756 33.2239 27.8297 27.3879 26.999 25.2667 25.0138 21.7576 21.4936 20.7724 20.2373 19.6934 19.2611 18.4522 18.2688
threshold=1.5000000000000002 4.5000000000000009 26.500000000000004 1.5000000000000002 1.0000000180025095e-35 1.0000000180025095e-35 3.5000000000000004 1.0000000180025095e-35 1.5000000000000002 1.5000000000000002 3.5000000000000004 11.500000000000002 19.500000000000004 2.5000000000000004 1.0000000180025095e-35 1.0000000180025095e-35 1.0000000180025095e-35 19.500000000000004 1.5000000000000002 1.5000000000000002 1.0000000180025095e-35 21.500000000000004 15.500000000000002 1.5000000000000002 51.500000000000007 3.5000000000000004 1.5000000000000002 3.5000000000000004 1.0000000180025095e-35 1.0000000180025095e-35
decision_type=2 2 2 2 2 2 2 2 2 2 2 2 2 2 2 2 2 2 2 2 2 2 2 2 2 2 2 2 2 2
left_child=3 2 4 7 -2 9 -3 12 18 -6 -7 26 17 21 15 16 23 19 -5 28 -8 -11 -20 -9 25 -22 -4 -10 29 -1
right_child=1 6 11 8 5 10 20 14 27 13 -12 -13 -14 -15 -16 -17 -18 -19 22 -21 24 -23 -24 -25 -26 -27 -28 -29 -30 -31
leaf_value=-0.016436041101487154 -0.0075371041223445808 0.013123580061447655 0.015333469693090421 -0.0032674030020563177 0.0016454621700225935 -0.0075374036346267216 0.0014821826219899256 -0.075158975130796057 -0.010225778350618145 0.0058191587602569846 0.0054664272712374251 0.047149867201924794 0.0057979605392325766 0.020665962546018681 -0.011315344782676241 -0.019815947216970782 -0.021410468149586352 0.0019268354570599602 0.002317129558391974 -0.0056561293573339343 0.02684983896183268 0.024722350920898195 0.014701726914872846 0.00081800494791215382 -0.00084204292536073681 0.044478695608543367 -0.0074759155919912716 -0.039037589990113551 -0.011123552997593629 -0.036020822297270598
leaf_weight=489.32039581239223 1803.8343685120344 1128.5775238275528 1207.3771509826183 2005.2895970344543 1809.2336851358414 1550.0544913709164 62.077161774039268 79.086675137281418 793.31849631667137 1443.1239854022861 739.67224344611168 71.943352468311787 377.12515960633755 679.00189849734306 582.13253837823868 482.84763815999031 76.840047582983971 514.80891051888466 1768.0938267856836 1661.2461322396994 287.24595978856087 199.15609072893858 443.62019294500351 10.550438314676283 38.705990970134735 375.75411536544561 102.6784954816103 62.582953825592995 1525.5485205352306 157.36657223105431
leaf_count=2530 10327 7252 7556 11259 10520 8941 407 346 4315 8763 4601 532 2093 4403 3136 2577 407 2906 10374 9138 2024 1248 2703 56 283 3051 620 323 8328 784
internal_value=0.000106805 0.00604679 0.00314725 -0.00608557 0.00110589 0.00353423 0.0207656 -0.0101788 -0.00127907 0.00734306 -0.00333665 0.0152951 -0.00780846 0.0117838 -0.0192745 -0.0264101 -0.0455355 -0.00898853 0.000964381 -0.0104544 0.0320575 0.00811151 0.0048012 -0.0662164 0.0347624 0.036841 0.0135457 -0.0123325 -0.0141239 -0.0212019
internal_weight=22528.2 11498.4 9606.08 11029.8 8224.08 6420.24 1892.36 5956.87 5072.91 4130.52 2289.73 1382 4725.42 2321.28 1231.46 649.325 166.477 4348.29 4217 3833.48 763.783 1642.28 2211.71 89.6371 701.706 663 1310.06 855.901 2172.24 646.687
internal_count=131803 70528 57511 61275 48803 38476 13017 32301 28974 24934 13542 8708 25779 14414 6522 3386 809 23686 24336 20780 5765 10011 13077 402 5358 5075 8176 4638 11642 3314
is_linear=0
shrinkage=0.05


Tree=16
num_leaves=31
num_cat=0
split_feature=4 3 15 1 9 1 7 1 16 17 16 16 0 0 15 1 8 8 17 10 3 16 6 1 1 4 15 9 0 17
split_gain=270.692 157.478 100.454 84.5976 83.3573 76.8405 62.4909 48.9397 45.1993 85.9016 34.4542 33.7615 32.4506 26.5432 24.4643 23.8264 23.5583 23.4193 23.3316 22.7533 22.5057 21.7095 20.022 19.6134 19.2647 19.2078 17.3079 17.0339 17.0108 16.7613
threshold=4.5000000000000009 2.5000000000000004 10.500000000000002 4.5000000000000009 1.5000000000000002 1.0000000180025095e-35 1.0000000180025095e-35 4.5000000000000009 1.0000000180025095e-35 1.0000000180025095e-35 9.5000000000000018 9.5000000000000018 1.0000000180025095e-35 1.5000000000000002 86.500000000000014 48.500000000000007 1.0000000180025095e-35 1.0000000180025095e-35 9.5000000000000018 1.5000000000000002 4.5000000000000009 12.500000000000002 2.5000000000000004 17.500000000000004 1.0000000180025095e-35 20.500000000000004 48.500000000000007 1.0000000180025095e-35 4.5000000000000009 10.500000000000002
decision_type=2 2 2 2 2 2 2 2 2 2 2 2 2 2 2 2 2 2 2 2 2 2 2 2 2 2 2 2 2 2
left_child=1 2 5 18 7 8 13 11 9 12 14 26 -1 -7 16 20 -4 27 25 28 -5 22 -6 -15 -13 -2 -3 -8 -10 -9
right_child=3 4 10 15 21 6 17 29 19 -11 -12 24 -14 23 -16 -17 -18 -19 -20 -21 -22 -23 -24 -25 -26 -27 -28 -29 -30 -31
leaf_value=-0.069792416311557595 0.0075517512906254705 0.0017528080467368702 0.0021110744382221501 0.023042908292108893 -0.0093042530056323541 -0.0048863499108183937 -0.0043593079393793388 0.015225364755485636 -0.010969829954729289 -0.012543847032733558 0.012629399522215399 2.6462876306999395e-05 -0.02361406441556382 0.0030198000445582889 0.019563441913222124 -0.0016305630093036592 -0.0089686259289287178 -0.015907166721732702 0.017937031199020279 -0.025787955155035781 0.041910717004180628 0.0065503862924679987 -0.037556969631200567 -0.051450915996177474 0.017225500866218824 -0.017882855018162013 0.015044617712661801 -0.015187341855251599 0.0069195678651903895 0.033147442337142986
leaf_weight=124.61190913617611 1416.8356569781899 2909.9455128610134 1575.2424804568291 314.48275980353355 780.73360783606768 2339.7671296298504 1518.7000218257308 557.48930225521326 1984.9246650785208 323.07542613148689 700.23918520659208 207.20673063397408 54.763066753745079 2336.2862336859107 150.36152025312185 55.544608235359192 689.87843718379736 1149.8383670672774 593.40658681094646 247.57145029306412 317.72693423181772 205.1599598005414 68.18534454703331 16.643672555685043 759.96047607064247 78.331661134958267 267.42287938296795 477.37637636065483 142.41827283799648 170.31337636709213
leaf_count=529 8669 16931 9165 2221 4425 13178 8625 3650 10706 1712 4238 1204 280 13810 925 394 3942 6309 3855 1292 2656 1221 361 104 4689 517 1668 2641 793 1177
internal_value=-6.21541e-05 -0.00211637 -0.00503828 0.014557 0.00470307 -0.0073359 -0.00477066 0.00746119 -0.0143242 -0.0279485 0.00286399 0.00536128 -0.0556942 -0.00111538 3.30292e-05 0.0297667 -0.00126342 -0.0102232 0.0095485 -0.0114417 0.0325252 -0.00804598 -0.0115735 0.0026345 0.0135408 0.00621923 0.00287151 -0.00694891 -0.0097722 0.0194193
internal_weight=22534.4 19758.1 13831.7 2776.33 5926.42 10716 7838.61 4872.34 2877.36 502.45 3115.72 4144.54 179.375 4692.7 2415.48 687.754 2265.12 3145.91 2088.57 2374.91 632.21 1054.08 848.919 2352.93 967.167 1495.17 3177.37 1996.08 2127.34 727.803
internal_count=131887 113575 78249 18312 35326 59979 44667 29319 15312 2521 18270 24492 809 27092 14032 5271 13107 17575 13041 12791 4877 6007 4786 13914 5893 9186 18599 11266 11499 4827
is_linear=0
shrinkage=0.05


Tree=17
num_leaves=31
num_cat=0
split_feature=5 2 4 1 17 11 4 4 17 16 10 0 0 15 2 15 15 1 8 2 4 3 10 5 16 17 16 16 5 4
split_gain=313.221 161.445 97.6435 83.5252 68.8996 57.9712 45.6346 39.5416 49.3226 52.5875 36.9757 36.4462 30.8375 27.9423 25.7656 23.3276 22.1327 20.041 19.2298 25.3577 26.4183 18.9927 18.9248 18.7326 18.5763 18.4427 18.2551 18.1533 17.8543 26.8463
threshold=1.5000000000000002 2.5000000000000004 3.5000000000000004 1.0000000180025095e-35 26.500000000000004 1.0000000180025095e-35 1.5000000000000002 1.0000000180025095e-35 1.0000000180025095e-35 1.0000000180025095e-35 1.5000000000000002 3.5000000000000004 1.5000000000000002 50.500000000000007 30.500000000000004 27.500000000000004 54.500000000000007 6.5000000000000009 1.0000000180025095e-35 1.0000000180025095e-35 2.5000000000000004 3.5000000000000004 1.0000000180025095e-35 33.500000000000007 58.500000000000007 13.500000000000002 7.5000000000000009 69.500000000000014 41.500000000000007 25.500000000000004
decision_type=2 2 2 2 2 2 2 2 2 2 2 2 2 2 2 2 2 2 2 2 2 2 2 2 2 2 2 2 2 2
left_child=3 4 12 7 5 15 16 8 9 -1 26 28 -3 18 21 17 -5 22 19 -7 -21 -13 24 -16 -2 -14 -8 -9 29 -4
right_child=1 2 11 6 -6 13 10 27 -10 -11 -12 14 25 -15 23 -17 -18 -19 -20 20 -22 -23 -24 -25 -26 -27 -28 -29 -30 -31
leaf_value=-0.063417338133358397 0.0027942674798819202 0.0020833721011721037 0.017423704740216046 -0.0078072508329335563 0.015905002122618469 -0.011397313949071909 0.00037212546929575726 -0.010053876823855118 -0.015063985196134576 -0.016407032498752538 -0.010774343443220803 0.025089280129859382 0.010040520308699187 0.010143746463427623 -0.020770734202157165 0.014003854356656485 0.010366376628172256 0.022370118225156197 -0.01475517583456505 -0.0050977218761032103 0.011504539889347297 0.044002972978211215 -0.0050910329172330583 0.040358693709220357 0.024940286364513023 0.023321944162768275 0.0089632099052049021 0.02706734018157236 0.051564500612873154 -0.029786356317207215
leaf_weight=127.53818246722221 2159.3228607550263 1181.3922115266323 663.62662103772163 4091.5651626884937 716.10258916765451 838.86366375535727 2400.4290318191051 1985.6208538711071 675.7649936825037 111.49433752894402 616.72771157324314 215.22599103301764 1319.3809375315905 251.24002572149038 35.443393282592297 479.25180437415838 174.68185131251812 118.30873443931341 651.45550213009119 762.93846860527992 349.32284183055162 346.29096373915672 823.00259122252464 19.387828126549721 99.033723324537277 325.95678742974997 832.89146402478218 33.489959686994553 35.644383676350117 31.544505126774311
leaf_count=548 12607 7046 4484 22408 4504 4758 13969 10613 3497 569 3359 1579 8396 1583 267 3024 1021 767 3656 4397 2143 2938 4829 159 615 2156 5008 194 288 224
internal_value=-0.000113522 0.00569232 0.0135259 -0.0061151 0.00118174 -0.000432191 -0.00350151 -0.0133453 -0.0219689 -0.0414898 0.000445139 0.0246037 0.00824645 -0.00577999 0.0335589 0.00371622 -0.00706313 0.00217532 -0.00731719 -0.00483375 0.000116475 0.0367535 0.00139994 0.000844083 0.00376542 0.0126717 0.00258516 -0.00943817 0.0170511 0.0152815
internal_weight=22472.9 11422.7 4173.89 11050.2 7248.84 6532.74 8116.3 2933.91 914.798 239.033 3850.05 1347.16 2826.73 2853.82 616.348 3678.92 4266.25 3199.67 2602.58 1951.12 1112.26 561.517 3081.36 54.8312 2258.36 1645.34 3233.32 2019.11 730.816 695.171
internal_count=131606 70420 27537 61186 42883 38379 45765 15421 4614 1117 22336 9939 17598 16537 4943 21842 23429 18818 14954 11298 6540 4517 18051 426 13222 10552 18977 10807 4996 4708
is_linear=0
shrinkage=0.05


Tree=18
num_leaves=31
num_cat=0
split_feature=5 5 0 3 5 11 0 4 10 15 17 0 1 16 3 1 9 0 4 9 3 15 15 16 16 10 17 17 10 9
split_gain=273.687 127.572 94.0876 93.7648 59.6574 52.5594 50.0457 39.8539 43.4887 35.8795 30.5168 30.4492 37.9041 29.9184 27.9868 27.8837 23.9735 25.7899 21.5819 19.1968 27.0299 18.9352 18.4435 18.3955 17.3871 17.3699 16.7353 16.3029 17.8772 15.893
threshold=2.5000000000000004 9.5000000000000018 2.5000000000000004 2.5000000000000004 1.0000000180025095e-35 1.0000000180025095e-35 2.5000000000000004 1.5000000000000002 1.0000000180025095e-35 20.500000000000004 1.0000000180025095e-35 22.500000000000004 3.5000000000000004 56.500000000000007 1.0000000180025095e-35 2.5000000000000004 1.0000000180025095e-35 1.0000000180025095e-35 1.0000000180025095e-35 1.0000000180025095e-35 1.0000000180025095e-35 15.500000000000002 7.5000000000000009 4.5000000000000009 9.5000000000000018 1.5000000000000002 6.5000000000000009 23.500000000000004 1.0000000180025095e-35 1.0000000180025095e-35
decision_type=2 2 2 2 2 2 2 2 2 2 2 2 2 2 2 2 2 2 2 2 2 2 2 2 2 2 2 2 2 2
left_child=2 3 4 13 7 15 -5 8 19 18 22 12 29 14 -2 27 17 -16 -4 26 -21 -7 23 -10 -9 -20 -1 28 -6 -8
right_child=1 -3 9 6 5 21 11 24 10 -11 -12 -13 -14 -15 16 -17 -18 -19 25 20 -22 -23 -24 -25 -26 -27 -28 -29 -30 -31
leaf_value=-0.011094537745877285 -0.0058448473253475929 0.03124146063926064 -0.0064068143175326124 0.0072131644233665087 -0.0014100839875753044 -0.011506762075603055 0.021609801102902781 -0.0076827025549409123 -0.06318328061023365 0.01313712626655276 -0.020603697209190235 -0.016344018296674589 0.033935551132467309 0.019699449585076842 -0.0054396039458698871 0.005720398472071269 -0.0042922190220873006 0.0093332849610691365 0.003968843406737207 -0.048360225740999158 -0.015083983076443798 0.00032360699440082242 -0.0033023911446422591 -0.0099851166586196038 0.0053632824161742561 -0.008574671496608486 0.0033561658143551319 0.0094956889261467291 -0.0098789538638998555 0.0057407789232383731
leaf_weight=918.50842542946339 1200.8155429661274 553.97307775169611 854.30900099873543 1347.355328835547 2216.5601175129414 1966.3324764072895 398.02679757773876 1312.3047847151756 104.34797048568726 670.17899496853352 378.2021103054285 51.31605863571167 467.12066391855478 213.5404067337513 368.47213769704103 1350.5485757291317 729.22219245880842 1490.4242472350597 2594.1352995187044 69.301979944109917 511.03383687138557 408.49769802391529 20.142559453845024 19.247597575187683 317.11147606372833 308.85346572846174 256.24728555977345 249.56054691970348 866.83874469995499 261.39293073117733
leaf_count=4909 7131 4396 4743 8523 12306 10658 2624 7268 479 4090 1971 363 3650 1364 2173 7914 4354 9197 15252 333 2700 2322 102 100 1828 1714 1386 1418 4794 1683
internal_value=7.03075e-05 0.00820501 -0.0036723 0.00625001 -0.00615636 -0.00341263 0.0137944 -0.0111139 -0.015386 0.00247957 -0.0280571 0.0213228 0.0230386 0.00149015 0.00046389 -0.000340251 0.00339097 0.00640499 0.000578607 -0.0116178 -0.0190577 -0.0094718 -0.0476683 -0.0548987 -0.00514374 0.00263432 -0.00794243 -0.00279609 -0.00379095 0.0153193
internal_weight=22473.9 7081.66 15392.3 6527.69 10964.8 7058.34 2525.21 3906.45 2277.03 4427.48 521.94 1177.86 1126.54 4002.47 3788.93 4683.51 2588.12 1858.9 3757.3 1755.09 580.336 2374.83 143.738 123.596 1629.42 2902.99 1174.76 3332.96 3083.4 659.42
internal_count=131745 45458 86287 41062 60488 39412 16843 21076 11980 25799 2652 8320 7957 24219 22855 26432 15724 11370 21709 9328 3033 12980 681 579 9096 16966 6295 18518 17100 4307
is_linear=0
shrinkage=0.05


Tree=19
num_leaves=31
num_cat=0
split_feature=5 3 9 1 1 16 2 7 16 1 17 6 15 2 15 3 3 2 17 17 1 16 1 7 16 5 2 7 15 8
split_gain=256.861 150.367 119.238 82.7973 69.9023 50.019 45.3317 44.8051 41.8521 39.1295 34.0832 32.8969 30.4155 26.2603 25.3522 22.7626 21.8884 21.2207 31.4323 19.2447 18.7882 18.638 18.2688 28.5441 17.7353 17.5288 16.9346 16.4394 16.6508 15.9194
threshold=5.5000000000000009 1.0000000180025095e-35 1.0000000180025095e-35 2.5000000000000004 4.5000000000000009 66.500000000000014 3.5000000000000004 1.5000000000000002 22.500000000000004 1.5000000000000002 23.500000000000004 1.0000000180025095e-35 60.500000000000007 53.500000000000007 42.500000000000007 2.5000000000000004 3.5000000000000004 1.0000000180025095e-35 1.0000000180025095e-35 25.500000000000004 43.500000000000007 54.500000000000007 1.0000000180025095e-35 1.0000000180025095e-35 10.500000000000002 43.500000000000007 1.0000000180025095e-35 1.5000000000000002 11.500000000000002 1.0000000180025095e-35
decision_type=2 2 2 2 2 2 2 2 2 2 2 2 2 2 2 2 2 2 2 2 2 2 2 2 2 2 2 2 2 2
left_child=1 8 3 5 12 10 16 9 11 14 15 22 21 24 -4 -3 27 18 -13 29 -6 -2 23 -1 -8 -22 -25 28 -5 -11
right_child=4 2 7 6 20 -7 13 -9 -10 19 -12 17 -14 -15 -16 -17 -18 -19 -20 -21 25 -23 -24 26 -26 -27 -28 -29 -30 -31
leaf_value=-0.010290686754682761 0.006766617051336867 -0.0028886176468828585 -0.0081675764456008767 0.0039398924680506863 0.038491406712294424 0.026928710052510636 0.017580713015470581 -0.015481399552415565 0.006316877813654022 0.0033876799136331143 0.012597895214509875 -0.046640175400776293 0.031304731789647502 -0.035680858252898462 0.0088910042998785223 0.003856897468623144 0.016589423722262922 -0.012286033027247048 -0.017618145647500135 0.015940261036209612 -0.016981103338544423 0.027284972630679156 -0.0049542900430294525 -0.060682218130759392 0.03393504077986452 0.048450907919587498 -0.019091824585939405 -0.0063402504914982678 0.015886442576941353 -0.0060818942878391735
leaf_weight=754.48021723330021 922.7567902058363 3974.1783288046718 2650.2823318466544 1241.3757413476706 423.15845028311014 181.88488858193159 640.83543737977743 817.27011189609766 407.64325207471848 1443.2454509213567 519.88873986899853 124.26035217940807 183.27940411865711 20.32905089110136 237.30842737853527 1824.9294831305742 497.53216954320669 1030.7560375854373 374.38917507231236 222.66793525218964 30.670242920517921 125.76019924879074 2175.0677833706141 46.865740075707436 223.61933746933937 15.362497813999651 51.229879885911942 281.60729859769344 381.24524191766977 640.90738007426262
leaf_count=3964 6142 22383 14501 7397 3689 1124 4250 4369 2382 8696 3096 601 1362 127 1410 10664 3139 5648 1990 1409 228 901 12264 219 1570 127 265 1610 2365 3828
internal_value=8.83623e-05 -0.0014419 0.000943294 0.00434756 0.0187681 0.00107772 0.0108154 -0.00459909 -0.00903227 -0.0028869 0.000333627 -0.0104053 0.0125125 0.0204903 -0.00676567 -0.000765862 0.00725128 -0.0163825 -0.0248503 0.00196838 0.0351914 0.00922761 -0.00738595 -0.0135895 0.0218113 0.00485551 -0.0389619 0.00481143 0.00674681 0.000475648
internal_weight=22464.8 20763.8 15799.1 9787.43 1700.99 6500.88 3286.54 6011.68 4964.69 5194.41 6319 4557.05 1231.8 884.784 2887.59 5799.11 2401.76 1529.41 498.65 2306.82 469.191 1048.52 3027.64 852.576 864.455 46.0327 98.0956 1904.23 1622.62 2084.15
internal_count=131720 119271 91938 57725 12449 37267 20458 34213 27333 29844 36143 24951 8405 5947 15911 33047 14511 8239 2591 13933 4044 7043 16712 4448 5820 355 484 11372 9762 12524
is_linear=0
shrinkage=0.05


Tree=20
num_leaves=31
num_cat=0
split_feature=2 4 16 8 8 2 1 7 1 3 0 0 0 17 8 0 2 4 10 4 2 17 7 1 3 16 16 1 15 6
split_gain=223.832 108.659 98.8744 86.0322 68.1564 56.5947 36.4486 35.6539 34.7344 27.775 26.4941 26.2741 26.1704 24.8589 24.1607 25.7514 21.3888 22.1666 20.3109 19.8851 21.5158 19.3011 18.959 18.3876 18.2705 18.2591 17.1685 17.0565 16.9235 16.5112
threshold=2.5000000000000004 4.5000000000000009 17.500000000000004 1.0000000180025095e-35 1.0000000180025095e-35 1.0000000180025095e-35 4.5000000000000009 1.0000000180025095e-35 2.5000000000000004 1.5000000000000002 3.5000000000000004 2.5000000000000004 25.500000000000004 22.500000000000004 3.5000000000000004 1.0000000180025095e-35 1.0000000180025095e-35 1.0000000180025095e-35 1.0000000180025095e-35 1.0000000180025095e-35 1.0000000180025095e-35 4.5000000000000009 1.0000000180025095e-35 1.0000000180025095e-35 3.5000000000000004 56.500000000000007 30.500000000000004 1.0000000180025095e-35 22.500000000000004 2.5000000000000004
decision_type=2 2 2 2 2 2 2 2 2 2 2 2 2 2 2 2 2 2 2 2 2 2 2 2 2 2 2 2 2 2
left_child=2 4 3 5 8 11 -3 19 10 23 28 18 24 25 15 -6 17 -9 27 20 21 -5 -20 -7 -8 -4 -17 -1 -2 -13
right_child=1 6 13 7 14 9 12 16 -10 -11 -12 29 -14 -15 -16 26 -18 -19 22 -21 -22 -23 -24 -25 -26 -27 -28 -29 -30 -31
leaf_value=-0.01378940566492134 0.00021701775565734747 0.014143701633680023 0.0016103270535058887 -0.050628021732821507 -0.0092222319200355712 -0.0099214271833489298 0.020703739212692331 -0.054311993146636706 0.015977646606509667 0.0039411143327825497 0.017235534984973697 0.0014830629363866883 1.2096015883541611e-06 0.02183770426898958 -0.017208328918548423 0.0012671568057128417 -0.015872290970728956 -0.01994863280550617 -0.010362628421604944 -0.0048905647598793262 -0.011609714908483769 0.0031389438043213968 -0.024627974527101956 -0.00067340105378051933 0.043506217543078672 0.012915350253561801 0.017214346478873224 -0.0036412809654521477 0.014759761164635468 -0.019143615908323332
leaf_weight=584.38604699075222 1332.9558040499687 809.51612187922001 1244.8581610545516 70.757605195045471 578.20271314680576 716.65385226160288 129.05602793395519 79.123271986842155 1233.1438838616014 2923.1795344725251 372.37516595423222 994.92789513617754 56.877741359174252 245.78756633400917 220.50841121375561 1768.4064225107431 1045.9602512195706 115.34037306904793 684.44400760531425 1473.8594641461968 477.43850436061621 21.84425912797451 353.05136048793793 2149.8910455182195 275.11316885054111 500.88395939022303 186.58031892776489 1420.5917738750577 235.37478425353765 107.50286421924829
leaf_count=3055 7766 5476 7314 346 3282 3850 991 383 8101 17158 2334 5747 437 1630 1168 10580 5625 620 3709 8262 2553 116 1877 12289 2557 3092 1224 7925 1469 569
internal_value=1.7234e-06 0.00726589 -0.00343592 -0.00500064 0.00442172 -0.00268138 0.0205348 -0.0120161 0.00941575 0.000511703 0.00524625 -0.00714157 0.0317563 0.00695001 -0.00133428 4.75239e-05 -0.0187033 -0.0339304 -0.00953786 -0.00795767 -0.0158878 -0.0379447 -0.015217 -0.00298546 0.0362251 0.00485394 0.00278913 -0.00659913 0.00239959 -0.000528335
internal_weight=22408.6 7198.11 15210.5 13219 5927.55 9934.63 1270.56 3284.32 3173.85 5789.72 1940.71 4144.9 461.047 1991.53 2753.7 2533.19 1240.42 194.464 3042.47 2043.9 570.04 92.6019 1037.5 2866.54 404.169 1745.74 1954.99 2004.98 1568.33 1102.43
internal_count=131505 45385 86120 74084 35924 56179 9461 17905 19670 33297 11569 22882 3985 12036 16254 15086 6628 1003 16566 11277 3015 462 5586 16139 3548 10406 11804 10980 9235 6316
is_linear=0
shrinkage=0.05


Tree=21
num_leaves=31
num_cat=0
split_feature=5 4 10 1 10 1 5 2 7 17 3 5 4 5 16 3 4 2 17 3 2 8 8 7 1 4 4 5 3 0
split_gain=214.428 131.214 88.6015 77.8834 57.8959 49.5617 39.9761 39.6667 29.4303 29.1854 26.1871 24.3724 44.5964 28.1592 24.1048 25.0641 23.8662 23.2137 31.3242 29.7073 21.8489 23.0461 20.192 20.1814 19.0236 18.4148 21.5635 17.7458 17.3387 17.1523
threshold=5.5000000000000009 1.5000000000000002 1.5000000000000002 3.5000000000000004 1.0000000180025095e-35 4.5000000000000009 1.5000000000000002 3.5000000000000004 1.0000000180025095e-35 11.500000000000002 1.0000000180025095e-35 53.500000000000007 31.500000000000004 11.500000000000002 26.500000000000004 19.500000000000004 1.5000000000000002 1.0000000180025095e-35 1.0000000180025095e-35 1.0000000180025095e-35 1.0000000180025095e-35 1.0000000180025095e-35 1.0000000180025095e-35 1.0000000180025095e-35 42.500000000000007 49.500000000000007 4.5000000000000009 43.500000000000007 4.5000000000000009 1.5000000000000002
decision_type=2 2 2 2 2 2 2 2 2 2 2 2 2 2 2 2 2 2 2 2 2 2 2 2 2 2 2 2 2 2
left_child=1 4 3 7 6 11 20 14 -5 17 -8 12 13 16 22 -16 -2 18 19 -6 23 -22 29 -1 28 26 -4 -26 -7 -3
right_child=5 2 25 8 9 24 10 -9 -10 -11 -12 -13 -14 -15 15 -17 -18 -19 -20 -21 21 -23 -24 -25 27 -27 -28 -29 -30 -31
leaf_value=-0.0076051665355792615 -0.00079676287309591416 -0.0022866111468608382 -0.011441355626555438 0.019473838760329504 -0.060904221881474332 0.0244652302367529 -0.007063107472488549 0.010241083026209435 0.0067458386857035882 0.0022609669958259678 0.0028270154018891981 0.048391060325310563 -0.037418570282950224 0.031721326284902901 0.012106434851003765 -0.088159020638679683 0.015482572397330963 -0.011275770927203818 -0.016304706025301999 -0.016730024141186371 -0.0011273675211876727 -0.0093981128189842451 -0.0062637082658372079 -0.020937365037587745 -0.01944906583578019 -0.077360031428723552 0.0015194890278895173 0.047248429062456222 0.045153924200120828 0.004370014604569171
leaf_weight=831.92004303634167 362.54335727542639 1900.2663088738918 1139.717413701117 1010.7773028761148 91.574253857135773 201.23619233071804 882.52868713438511 1241.3443738818169 824.73885181546211 276.67944519966841 2770.2209160029888 44.302078582346439 46.414533495903015 164.26902457326651 493.49778406322002 6.3126136660575858 594.03021857887506 1212.1864125952125 414.78584344685078 65.127898305654526 2077.6731642633677 1416.494933500886 1224.1340528577566 430.85703273117542 32.255434833467007 9.5697124004363996 446.69551189243793 14.436244562268255 203.87031926214695 1971.9877631515265
leaf_count=4392 2299 10647 6203 6838 423 1641 4936 7802 5302 1527 16266 357 349 1268 3071 40 4092 6600 2174 336 11470 7512 6954 2238 241 58 2653 126 2049 11702
internal_value=-1.2769e-05 -0.00139812 0.0026177 0.00461 -0.00533685 0.0172601 -0.0034965 0.00215509 0.0137549 -0.0128486 0.000437496 0.0119896 0.010608 0.0125968 0.000361462 0.0108401 0.00931267 -0.0151923 -0.0234997 -0.0425447 -0.00651733 -0.00448023 -0.000666192 -0.0121541 0.0313936 -0.00820903 -0.0077919 0.00117262 0.0348768 0.00110335
internal_weight=22402.4 20739.1 10269 8673.06 10470 1663.36 8409.69 6837.54 1835.52 2060.35 3652.75 1211.56 1167.26 1120.84 5596.2 499.81 956.574 1783.67 571.488 156.702 4756.95 3494.17 5096.39 1262.78 451.798 1595.98 1586.41 46.6917 405.107 3872.25
internal_count=131566 119144 61270 52356 57874 12422 46814 40216 12140 11060 21202 8365 8008 7659 32414 3111 6391 9533 2933 759 25612 18982 29303 6630 4057 8914 8856 367 3690 22349
is_linear=0
shrinkage=0.05


Tree=22
num_leaves=31
num_cat=0
split_feature=5 4 2 5 11 1 7 1 17 10 4 2 1 15 11 3 1 2 0 10 3 9 0 15 7 0 17 1 1 0
split_gain=196.719 147.588 64.0258 63.9274 59.2814 51.7324 48.7401 33.5067 29.3589 28.6208 26.6998 26.6707 25.4361 23.1164 23.0669 22.5463 21.7395 20.4237 21.3476 19.5469 18.0031 17.2484 17.7229 16.5091 16.2527 15.848 15.4816 15.223 14.6568 16.6569
threshold=1.5000000000000002 3.5000000000000004 3.5000000000000004 14.500000000000002 1.0000000180025095e-35 1.0000000180025095e-35 1.0000000180025095e-35 1.0000000180025095e-35 38.500000000000007 1.5000000000000002 1.0000000180025095e-35 3.5000000000000004 2.5000000000000004 49.500000000000007 1.5000000000000002 2.5000000000000004 1.5000000000000002 1.5000000000000002 3.5000000000000004 1.0000000180025095e-35 1.5000000000000002 1.0000000180025095e-35 1.0000000180025095e-35 3.5000000000000004 2.5000000000000004 2.5000000000000004 14.500000000000002 5.5000000000000009 51.500000000000007 2.5000000000000004
decision_type=2 2 2 2 2 2 2 2 2 2 2 2 2 2 2 2 2 2 2 2 2 2 2 2 2 2 2 2 2 2
left_child=5 3 15 4 12 9 11 -4 13 14 -11 25 -2 17 20 -3 -8 19 -19 -6 21 -1 -23 -16 -18 27 -14 -7 29 -9
right_child=1 2 7 -5 8 6 16 28 -10 10 -12 -13 26 -15 23 -17 24 18 -20 -21 -22 22 -24 -25 -26 -27 -28 -29 -30 -31
leaf_value=-0.0085138749912529801 0.001829764564232455 0.0043161043101902332 -0.0032643508538166902 0.045218277958553849 -0.0066942147420615515 -0.0039984141417776899 -0.013872268697177604 0.020535782487204834 0.012280402856108801 -0.063046091033695725 -0.018949612524797724 0.0084291890706606927 0.0072470204025116766 0.0085150114468964169 -0.046029304971780663 0.015814452910596723 -0.0031342411632512644 -0.0052357013760794312 0.0097164033896736772 -0.018653077924836722 -0.0028655403383771871 -0.037268952260771378 -0.012340444994526717 -0.0069219418019289955 -0.014380137487485357 0.0036601029191044468 0.019940965046800721 0.016107519711212256 -0.001898121925479069 0.035687987290456365
leaf_weight=1081.4882037192583 3175.6144913434982 1009.3326072096825 91.017451509833336 82.058120161294937 1114.6856165453792 2778.6833218187094 953.23733820021152 285.27294965833426 258.42179427295923 38.197430089116096 338.80956822633743 845.39281487464905 1414.8501301780343 281.36718426644802 68.986293137073517 738.08730333298445 2002.0499446988106 1186.4967231974006 298.84262958168983 492.73922435194254 1092.7239504903555 116.94866509735584 182.65799897909164 44.326450452208519 382.68491305410862 1134.9979139268398 289.3103036954999 97.445181608200073 37.330271676182747 498.02056493610144
leaf_count=5600 18695 6348 612 658 6262 15402 5012 2094 1611 177 1710 5138 8964 1789 332 5038 11250 6970 1916 2693 5841 567 944 225 1968 6602 1933 590 280 4445
internal_value=-0.000182055 0.00448255 0.0147768 0.00129754 0.00087415 -0.00488629 -0.00283875 0.0255185 -0.00396199 -0.0105468 -0.0234174 0.00035817 0.00447422 -0.00520598 -0.00867128 0.00917286 -0.00749004 -0.00645426 -0.00222741 -0.0103601 -0.00766084 -0.0114549 -0.0220711 -0.030731 -0.0049389 -0.00134289 0.00940203 -0.00331721 0.0287108 0.0301696
internal_weight=22412.1 11253.4 2659.06 8594.39 8512.33 11158.6 8194.49 911.641 3632.55 2964.14 377.007 4856.52 4879.77 3374.13 2587.13 1747.42 3337.97 3092.76 1485.34 1607.42 2473.82 1381.09 299.607 113.313 2384.73 4011.13 1704.16 2876.13 820.624 783.294
internal_count=131666 70308 18817 51491 50833 61358 45962 7431 21241 15396 1887 27732 29592 19630 13509 11386 18230 17841 8886 8955 12952 7111 1511 557 13218 22594 10897 15992 6819 6539
is_linear=0
shrinkage=0.05


Tree=23
num_leaves=31
num_cat=0
split_feature=5 1 16 0 6 0 4 15 16 3 17 2 3 6 1 16 1 15 5 15 15 15 15 4 3 0 5 9 10 17
split_gain=198.747 120.13 60.3682 53.937 46.5349 43.4722 42.5041 40.6186 39.8999 35.141 32.1809 30.0017 24.9542 23.4083 22.4865 22.0188 21.4302 19.7379 18.436 18.4179 17.8219 17.2875 16.1429 15.4168 14.852 14.5514 14.2867 14.1202 13.9447 13.7945
threshold=1.5000000000000002 4.5000000000000009 27.500000000000004 1.0000000180025095e-35 1.0000000180025095e-35 1.5000000000000002 2.5000000000000004 2.5000000000000004 1.0000000180025095e-35 1.0000000180025095e-35 1.0000000180025095e-35 2.5000000000000004 4.5000000000000009 1.5000000000000002 51.500000000000007 18.500000000000004 5.5000000000000009 14.500000000000002 47.500000000000007 50.500000000000007 84.500000000000014 1.0000000180025095e-35 24.500000000000004 3.5000000000000004 5.5000000000000009 1.5000000000000002 44.500000000000007 6.5000000000000009 1.0000000180025095e-35 50.500000000000007
decision_type=2 2 2 2 2 2 2 2 2 2 2 2 2 2 2 2 2 2 2 2 2 2 2 2 2 2 2 2 2 2
left_child=3 2 5 7 16 20 22 8 10 -7 21 13 -8 19 -14 24 17 25 -4 28 29 -1 -3 -13 -6 -5 -16 -9 -11 -2
right_child=1 6 18 4 15 9 12 27 -10 11 -12 23 14 -15 26 -17 -18 -19 -20 -21 -22 -23 -24 -25 -26 -27 -28 -29 -30 -31
leaf_value=-0.062549584744702694 -0.0034795878363475885 0.0057998958563665977 0.012760833647190738 -0.0051168724268829411 -0.0092090050477476124 -0.0038255207333894817 0.017857308798485648 -0.0047001906505162797 -0.012287603287922833 0.0069174833893720054 -0.018063153128343307 0.0097659899382774393 0.039359434567740013 -0.0087205274127374766 -0.017730248658831015 0.004901268249891377 0.013510019230213952 0.0070173157952101413 0.046263823071715948 0.021173310952819303 0.018772685585208514 -0.0179843477794852 0.025003283259376747 0.021875185218304921 0.0067263399144704061 0.0011441789014645346 0.057386788390086201 -0.079433745376676981 -0.0030931308438698381 0.0096650919364948597
leaf_weight=96.423717513680458 3766.3322373554111 639.37774791568518 1019.7234742343426 1658.8409810066223 2763.7632360905409 921.8641648888588 484.35453570634127 1656.8610272109509 1047.6893665641546 1285.6220196485519 149.1828718483448 923.34901906549931 327.79625690728426 326.62710864841938 29.37248083204031 350.2710634842515 308.97785064578056 803.67938284575939 42.784714870154858 175.96170694380999 98.25861482322216 28.103435888886452 132.03709554672241 367.44700027257204 154.38652524352074 2106.3868696838617 8.0687039569020254 6.3446857929229727 476.93082293123007 210.76211334764957
leaf_count=441 21524 4185 6687 8933 14864 5402 3646 8846 5509 7745 780 5928 3182 1867 206 2026 1909 4714 363 1168 640 136 939 2723 885 12005 72 31 2872 1292
internal_value=0.000301269 0.00499218 0.00286953 -0.00443421 -0.00232747 0.0014732 0.0175836 -0.0101844 -0.0167285 0.00487386 -0.0337269 0.00712914 0.0252985 0.0036622 0.0351665 -0.00694411 0.0007659 -9.59359e-05 0.0141099 0.0057486 -0.00226328 -0.052492 0.00908679 0.0132131 -0.00836594 -0.00161424 -0.00154227 -0.00498528 0.0042087 -0.002783
internal_weight=22367.6 11236.7 9615.66 11130.9 8146.31 8553.15 1621.01 2984.61 1321.4 4477.8 273.71 3555.94 849.592 2265.14 365.237 3268.42 4877.89 4568.91 1062.51 1938.51 4075.35 124.527 771.415 1290.8 2918.15 3765.23 37.4412 1663.21 1762.55 3977.09
internal_count=131520 70441 58211 61079 45336 51161 12230 15743 6866 27705 1357 22303 7106 13652 3460 17775 27561 25652 7050 11785 23456 577 5124 8651 15749 20938 278 8877 10617 22816
is_linear=0
shrinkage=0.05


Tree=24
num_leaves=31
num_cat=0
split_feature=2 8 5 16 4 0 2 0 6 16 6 4 2 17 8 5 17 15 4 17 10 17 6 10 5 1 7 1 5 4
split_gain=159.963 93.1961 84.7406 68.5787 49.4578 48.1286 35.9075 35.2398 32.7608 32.1048 29.7961 26.7499 30.9987 31.3855 26.0437 22.6263 22.3648 19.3647 18.949 18.3537 18.6718 16.2265 16.2084 15.8944 15.3946 15.137 14.3838 13.7604 13.7517 14.9044
threshold=3.5000000000000004 1.0000000180025095e-35 6.5000000000000009 17.500000000000004 1.5000000000000002 1.5000000000000002 26.500000000000004 3.5000000000000004 1.0000000180025095e-35 35.500000000000007 1.0000000180025095e-35 1.0000000180025095e-35 1.0000000180025095e-35 1.0000000180025095e-35 3.5000000000000004 4.5000000000000009 4.5000000000000009 10.500000000000002 49.500000000000007 52.500000000000007 1.0000000180025095e-35 9.5000000000000018 5.5000000000000009 1.5000000000000002 13.500000000000002 2.5000000000000004 1.0000000180025095e-35 1.0000000180025095e-35 1.0000000180025095e-35 1.5000000000000002
decision_type=2 2 2 2 2 2 2 2 2 2 2 2 2 2 2 2 2 2 2 2 2 2 2 2 2 2 2 2 2 2
left_child=1 3 4 5 -2 10 7 14 15 11 17 12 13 25 27 28 -9 -1 22 20 26 -5 24 -19 -10 -3 -13 -6 -7 -30
right_child=2 9 -4 21 6 8 -8 16 18 -11 -12 19 -14 -15 -16 -17 -18 23 -20 -21 -22 -23 -24 -25 -26 -27 -28 -29 29 -31
leaf_value=-0.0046591743710944619 -0.00044327279677989454 -0.065555153134874644 0.029291046350153862 0.006524248747300402 -0.00063287861753042872 -0.0024473097109795911 -0.018094305153294035 0.013786907440992997 -0.0022317684823880382 0.0071392296332016148 -0.012204109901481857 -0.0010773733697175859 -0.012123681561834722 -0.016729268932047518 -0.025101612366564875 0.017399596223165663 0.032618832869146866 0.0049340174131429458 -0.10553093771178897 0.010681662880680613 -0.011869880989625606 0.017870900191325725 -0.034488626782387274 -0.015767793008870656 0.048703025636852595 0.021481933237837883 -0.010795202046765203 0.011921258303223083 0.0012105358124989722 0.0094081732448682287
leaf_weight=3650.6848831474781 1625.0259170979261 69.28227174282074 442.25505995005369 1373.5118816271424 269.90327645838261 691.9267892986536 100.83405794948339 349.94304574280977 2270.1882593780756 324.85769709199667 1057.5396462827921 1214.8506150171161 1124.5838806256652 103.28797742724419 56.494508050382137 336.64836810529232 286.92518407851458 975.81747797876596 4.4662606939673415 144.70578418672085 1388.0744593292475 408.88394452631474 38.800018861889839 102.45385051518679 14.932295836508272 5.3835959881544104 554.61792880296707 1141.0050463452935 1030.5755271911621 1200.1934391707182
leaf_count=19907 9522 324 4005 8374 1563 3918 672 2565 13024 2034 5691 6937 5950 527 315 2325 2226 5663 30 876 7538 2717 199 574 119 28 3113 7514 5973 7362
internal_value=-0.000133401 -0.0021889 0.00856813 8.0999e-06 0.00617531 -0.0014209 0.0110528 0.0124495 0.00188889 -0.00805243 -0.004617 -0.00912416 -0.015192 -0.0345825 0.00818677 0.00512476 0.0222712 -0.0029203 -0.00264079 -0.00673076 -0.00752875 0.00912719 -0.00244305 0.002967 -0.00189893 -0.0592796 -0.00412331 0.00951968 0.0037109 0.00562101
internal_weight=22358.7 18086.3 4272.39 13156.6 3830.13 11374.2 2205.11 2104.27 5587.73 4929.64 5786.5 4604.79 1302.54 177.954 1467.4 3259.34 636.868 4728.96 2328.39 3302.25 3157.54 1782.4 2323.92 1078.27 2285.12 74.6659 1769.47 1410.91 2922.7 2230.77
internal_count=131585 103203 28382 75876 24377 64785 14855 14183 32950 27327 31835 25293 6829 879 9392 19578 4791 26144 13372 18464 17588 11091 13342 6237 13143 352 10050 9077 17253 13335
is_linear=0
shrinkage=0.05


Tree=25
num_leaves=31
num_cat=0
split_feature=0 4 15 3 9 6 6 0 1 1 3 0 7 9 2 7 17 2 17 0 8 17 3 17 6 15 4 0 17 17
split_gain=171.264 83.8672 67.3114 63.169 50.0422 49.335 44.4027 39.8831 36.2126 27.9558 27.714 25.2278 24.3602 21.0347 20.7715 18.3847 16.9323 16.4883 27.1872 20.1611 16.3421 15.7088 13.7706 13.6896 15.9211 15.9836 13.0307 12.9227 12.7689 12.2779
threshold=2.5000000000000004 4.5000000000000009 53.500000000000007 1.5000000000000002 1.0000000180025095e-35 1.0000000180025095e-35 1.5000000000000002 1.0000000180025095e-35 1.0000000180025095e-35 3.5000000000000004 4.5000000000000009 24.500000000000004 1.5000000000000002 2.5000000000000004 1.5000000000000002 1.0000000180025095e-35 11.500000000000002 1.0000000180025095e-35 1.0000000180025095e-35 1.0000000180025095e-35 1.0000000180025095e-35 37.500000000000007 1.5000000000000002 55.500000000000007 5.5000000000000009 8.5000000000000018 2.5000000000000004 65.500000000000014 37.500000000000007 38.500000000000007
decision_type=2 2 2 2 2 2 2 2 2 2 2 2 2 2 2 2 2 2 2 2 2 2 2 2 2 2 2 2 2 2
left_child=2 6 3 5 14 7 8 15 -2 -3 13 22 21 16 -5 -1 -10 18 19 -7 29 -6 -11 24 25 -8 -16 -12 -20 -9
right_child=1 9 -4 4 12 17 23 20 10 11 27 -13 -14 -15 26 -17 -18 -19 28 -21 -22 -23 -24 -25 -26 -27 -28 -29 -30 -31
leaf_value=-0.0060229307072952477 -0.0024814453722497389 0.011980208954930975 0.0098976311873522765 -0.00024447181113020663 -0.0041673269502168157 -0.057794818833672115 -0.0080559085608350421 0.00092834423743124556 0.0054351210151964563 0.013107965189327456 0.01936829964035652 -0.00053258723883238123 -0.016340921941365227 -0.034339673908731383 0.0042368416418210059 -0.015192462865696886 0.014902657414685419 -0.010344767186454358 -0.01625635365540895 -0.021316396553160977 -0.0063159284474668875 0.010855882957150106 0.035797867975694911 0.024898027866494601 -0.026628503707058427 0.0064847131070489526 0.012623042690585139 -0.058417526288907985 0.02087292343704308 0.018303018359961103
leaf_weight=1642.7560817375779 940.76473113149405 656.61133842915297 991.34551483392715 1736.4045972451568 2476.7576940879226 72.018036052584648 697.37358771264553 2084.9416307806969 2707.9001811295748 81.419130250811577 564.90465123206377 69.82116861641407 400.27557396888733 30.931959480047226 1306.9081434234977 819.25269796699286 572.02185974270105 1304.8939748555422 471.2474744990468 79.901314407587051 872.33753980696201 187.15109056979418 374.20326785743237 37.216460600495338 85.553575180470943 259.25358597934246 717.52182954549789 5.3903583362698546 24.352479130029678 106.89207983016968
leaf_count=8854 5343 4449 6350 9866 14009 337 3907 11791 16587 595 3879 554 2110 183 7689 4337 3718 7069 2454 406 4871 1161 3524 228 433 1541 4659 35 135 648
internal_value=0.000274913 0.00670244 -0.00270179 -0.00357502 -9.68014e-05 -0.00674927 0.00426749 -0.00433542 0.00631951 0.0188587 0.0084528 0.0274544 -0.00484 0.00669924 0.00376777 -0.00907416 0.00708627 -0.0135815 -0.0201043 -0.0386092 -0.000527918 -0.00311188 0.0317432 -0.00489935 -0.00596342 -0.00411528 0.00720918 0.0186331 -0.0144319 0.00177568
internal_weight=22378.3 7083.37 15295 14303.6 6825.02 7478.59 5901.31 5526.18 4821.91 1182.05 3881.15 525.444 3064.18 3310.85 3760.83 2462.01 3279.92 1952.41 647.519 151.919 3064.17 2663.91 455.622 1079.4 1042.18 956.627 2024.43 570.295 495.6 2191.83
internal_count=131722 44976 86746 80396 39494 40902 35854 30501 29745 9122 24402 4673 17280 20488 22214 13191 20305 10401 3332 743 17310 15170 4119 6109 5881 5448 12348 3914 2589 12439
is_linear=0
shrinkage=0.05


Tree=26
num_leaves=31
num_cat=0
split_feature=5 3 0 3 9 6 9 15 3 17 1 5 17 4 11 8 1 17 15 17 1 17 0 0 5 8 1 8 4 10
split_gain=168.698 94.9947 58.9843 48.2904 47.3027 40.3557 33.4445 33.158 32.5115 27.4612 25.5572 23.9238 22.3044 20.2513 19.7333 18.837 18.5859 17.7066 17.5633 14.783 13.3062 13.0402 12.3032 14.1239 12.2976 12.0933 12.0758 11.2205 11.0272 10.9915
threshold=4.5000000000000009 2.5000000000000004 1.0000000180025095e-35 3.5000000000000004 1.5000000000000002 1.5000000000000002 1.0000000180025095e-35 53.500000000000007 1.0000000180025095e-35 23.500000000000004 3.5000000000000004 1.0000000180025095e-35 1.0000000180025095e-35 3.5000000000000004 1.0000000180025095e-35 1.0000000180025095e-35 1.5000000000000002 24.500000000000004 24.500000000000004 71.500000000000014 2.5000000000000004 22.500000000000004 2.5000000000000004 22.500000000000004 1.5000000000000002 1.0000000180025095e-35 31.500000000000004 1.0000000180025095e-35 18.500000000000004 1.0000000180025095e-35
decision_type=2 2 2 2 2 2 2 2 2 2 2 2 2 2 2 2 2 2 2 2 2 2 2 2 2 2 2 2 2 2
left_child=1 2 6 14 11 7 15 9 12 16 -5 27 -8 22 18 -1 29 21 -2 -7 -15 -16 -13 -24 -18 -26 -12 -3 -19 -4
right_child=3 4 5 10 -6 19 8 -9 -10 -11 26 13 -14 20 17 -17 24 28 -20 -21 -22 -23 23 -25 25 -27 -28 -29 -30 -31
leaf_value=-0.0035909038596631474 0.008841346396767891 0.0025686610054723503 -0.0031290269562175839 0.013544153418983136 -0.0058834607978938769 -0.010543720874329039 -0.056722127228629605 0.011975159280140056 -0.013073404222712871 0.0083069668530424585 0.034185869374664356 0.0030000045726840227 -0.02113899265152043 0.0084430094524266149 -0.00061066559594702614 -0.012646932037298421 -0.0025208581645032903 0.022838036641027789 0.027106051434861125 0.032685252302928014 0.020615167789606991 -0.059563803499850881 0.010944719439293373 -0.023412724063498033 0.0058082094380518118 -0.0036148776275827695 0.0068712370829604394 -0.0082104069770015456 -0.019709829932317929 -0.0089402408331109174
leaf_weight=1774.7585152983665 591.76468536257744 769.89516731351614 2774.9406562745571 440.68627958744764 1101.1658896803856 1403.5545888915658 77.41571681201458 475.88073082268238 853.557243719697 646.00123467296362 351.04439941048622 1832.7104089185596 102.14917047321796 489.15553712844849 703.32628603279591 848.86253596097231 2056.4413607418537 127.77229229360819 169.26829119026661 20.059271432459354 415.01274513453245 9.5069622918963415 972.37240148335695 30.861925162374973 1239.0691423267126 469.49738975614309 45.735458299517632 351.72744088619947 17.288800820708275 1151.2910699546337
leaf_count=9601 4068 4399 15223 3198 6191 7449 370 2968 4460 3867 3529 10759 528 3085 4633 4471 11693 948 1283 115 3055 65 6134 196 7585 2817 395 1993 143 6244
internal_value=-0.000275895 -0.00180503 -0.00407069 0.012085 0.0034739 -0.00212354 -0.00952156 -0.000861786 -0.0171416 -0.0015945 0.0218322 0.00559331 -0.0364799 0.00751406 0.00704277 -0.00652095 -0.00242615 0.00184351 0.0129038 -0.00993461 0.01403 -0.00139692 0.00543661 0.0098878 8.38247e-05 0.00321884 0.0310374 -0.000811526 0.0177671 -0.00483305
internal_weight=22312.8 19856.4 13893.5 2456.39 5962.9 10236.7 3656.74 8813.12 1033.12 8337.24 837.466 4861.74 179.565 3740.11 1618.93 2623.62 7691.24 857.894 761.033 1423.61 904.168 712.833 2835.94 1003.23 3765.01 1708.57 396.78 1121.62 145.061 3926.23
internal_count=131465 113203 77391 18262 35812 57961 19430 50397 5358 47429 7122 29621 898 23229 11140 14072 43562 5789 5351 7564 6140 4698 17089 6330 22095 10402 3924 6392 1091 21467
is_linear=0
shrinkage=0.05


Tree=27
num_leaves=31
num_cat=0
split_feature=5 1 7 2 7 2 1 3 11 5 15 16 2 17 16 5 15 4 2 5 8 2 4 17 17 3 9 15 2 14
split_gain=144.159 88.2004 58.7898 52.3703 49.0066 41.7373 33.2984 26.6905 26.531 25.0852 24.7909 22.6893 19.5588 19.1076 18.4352 18.5663 18.3539 18.1402 19.2536 25.278 16.9834 21.8349 16.5757 15.8375 15.644 15.5696 15.1454 14.3606 15.1772 14.3446
threshold=4.5000000000000009 1.5000000000000002 1.5000000000000002 4.5000000000000009 1.0000000180025095e-35 3.5000000000000004 1.0000000180025095e-35 1.0000000180025095e-35 1.0000000180025095e-35 11.500000000000002 15.500000000000002 30.500000000000004 52.500000000000007 7.5000000000000009 11.500000000000002 1.0000000180025095e-35 53.500000000000007 2.5000000000000004 25.500000000000004 49.500000000000007 1.0000000180025095e-35 1.5000000000000002 1.0000000180025095e-35 6.5000000000000009 93.500000000000014 8.5000000000000018 1.0000000180025095e-35 12.500000000000002 1.0000000180025095e-35 21.000000000000004
decision_type=2 2 2 2 2 2 2 2 2 2 2 2 2 2 2 2 2 2 2 2 2 2 2 2 2 2 2 2 2 2
left_child=1 4 5 8 6 11 14 -7 9 -2 22 16 -9 -4 15 23 20 -5 -19 -20 21 -3 26 25 -17 -1 -6 28 -28 -30
right_child=3 2 13 17 10 7 -8 12 -10 -11 -12 -13 -14 -15 -16 24 -18 18 19 -21 -22 -23 -24 -25 -26 -27 27 -29 29 -31
leaf_value=-0.016350940706981849 0.011155922020823437 -0.00083568763460179396 -0.0097230890959734972 0.011416253456783017 -0.014490601747534061 -0.003408705935338611 0.00060687519490857907 0.014270376399086904 0.0016503704189125201 0.042278343429349247 0.0011461486004077078 0.012357233200417206 -0.023317453101599727 0.0033744854383501084 0.0014895300789376726 -0.0052215827879277948 0.012070968654399109 0.035287128365447062 -0.016358966324310577 0.049263272563962693 -0.0045929087563638038 0.0065588839403443282 -0.010688702888847332 -0.0011558685997340016 0.041914301015259128 0.039516129617549967 -0.045819260605314993 -0.11101024384575871 0.0018033580350290991 -0.032663452741989028
leaf_weight=893.85866089165211 819.5143196284771 2738.6108153760433 1238.739707313478 181.32901086658239 323.03655816614628 284.26793637126684 3650.5540379881859 1412.0862219780684 966.79784298688173 70.299797177314758 317.13822436332703 476.85602717846632 35.478526189923286 359.20888472348452 719.74413113296032 2562.8879524990916 353.91161601990461 337.1316467449069 43.63833574950695 22.110693506896496 1335.7525456771255 1570.9786948338151 1142.7961273491383 241.22960829734802 17.724631413817406 12.647556513547896 84.868763327598572 5.5490787327289572 51.507917866110802 72.929175838828087
leaf_count=4513 5784 15702 6698 1346 1653 1742 20672 9578 6601 605 1782 3058 223 2030 4028 13769 2281 3352 384 234 7557 9569 6066 1246 103 67 415 28 259 368
internal_value=2.44698e-05 -0.00138201 0.00199548 0.0114929 -0.0046623 0.00370369 -0.00293214 0.0105985 0.00738451 0.0136148 -0.0116759 0.0018599 0.0133491 -0.00677884 -0.00583662 -0.0072509 0.00102551 0.0245492 0.0304601 0.00570909 0.000333063 0.00185986 -0.0140953 -0.0125416 -0.00489784 -0.0155715 -0.021333 -0.0316207 -0.0295159 -0.0183967
internal_weight=22343.2 19902.4 9805.89 2440.82 10096.5 8207.94 8098.65 1731.83 1856.61 889.814 1997.83 6476.11 1447.56 1597.95 4448.09 3728.35 5999.25 584.21 402.881 65.749 5645.34 4309.59 1680.69 1147.74 2580.61 906.506 537.891 214.855 209.306 124.437
internal_count=131713 113407 58438 18306 54969 49710 44398 11543 12990 6389 10571 38167 9801 8728 23726 19698 35109 5316 3970 618 32828 25271 8789 5826 13872 4580 2723 1070 1042 627
is_linear=0
shrinkage=0.05


Tree=28
num_leaves=31
num_cat=0
split_feature=5 4 5 3 3 11 9 1 17 0 9 0 1 1 4 5 8 17 17 6 4 1 2 2 16 6 3 2 5 4
split_gain=140.266 92.8542 57.4959 49.5277 47.6577 45.0615 37.3092 27.2418 25.072 23.7163 31.9047 22.6177 21.9689 21.021 20.5868 29.2491 18.543 20.4235 18.4289 17.7655 16.9996 16.2064 14.3055 14.0933 13.7832 13.7 13.6866 13.3475 16.0168 13.1285
threshold=1.5000000000000002 3.5000000000000004 12.500000000000002 3.5000000000000004 1.0000000180025095e-35 1.0000000180025095e-35 1.5000000000000002 2.5000000000000004 15.500000000000002 1.0000000180025095e-35 1.0000000180025095e-35 4.5000000000000009 2.5000000000000004 5.5000000000000009 15.500000000000002 42.500000000000007 1.0000000180025095e-35 8.5000000000000018 26.500000000000004 1.0000000180025095e-35 1.5000000000000002 1.0000000180025095e-35 54.500000000000007 1.0000000180025095e-35 68.500000000000014 1.5000000000000002 1.0000000180025095e-35 33.500000000000007 49.500000000000007 1.0000000180025095e-35
decision_type=2 2 2 2 2 2 2 2 2 2 2 2 2 2 2 2 2 2 2 2 2 2 2 2 2 2 2 2 2 2
left_child=4 2 5 16 9 12 8 14 13 10 -1 18 -2 20 -5 -16 24 -18 25 -11 -6 -12 -15 -9 -3 26 -7 -25 -29 -21
right_child=1 3 -4 7 6 11 -8 23 -10 19 21 -13 -14 22 15 -17 17 -19 -20 29 -22 -23 -24 27 -26 -27 -28 28 -30 -31
leaf_value=-0.012276879713655113 0.0018089530469040866 0.0091459603917580217 0.040945386377456511 0.016510962093550217 -0.0049335462677870309 -0.010604391387206506 -0.01016325838256113 0.00018407520701812686 0.0076240384806133838 -0.0022529739622959362 -0.054017123273890272 0.008514502029078665 0.008916025196021353 0.011317904928576985 -0.035176563260938619 0.042212822878020875 -0.0083052789761726992 0.015006090457651299 0.0076486345292390429 -0.020363132724289329 0.00045381298298351625 -0.018141600317689514 -0.04287230304696138 0.033837019289779655 0.033253523239977205 -0.01528148026094747 -0.0023310713942612635 -0.0095389978659981226 0.052079419012370398 -0.0074615283972561432
leaf_weight=772.22516399621964 3137.422950617969 1094.1912659481168 91.482247933745384 326.08541065454483 3132.669218942523 668.93078151345253 1189.5931188166142 39.908401668071747 820.5891529545188 1141.8292452692986 75.652976483106613 375.4589250087738 1664.0646042600274 377.5319706350565 46.245257280766964 16.588974103331566 320.69832962751389 132.89301738142967 287.26985661685467 291.90892539918423 2749.4599557220936 53.913608506321907 12.584653779864309 451.53247941285372 62.687002949416637 326.20395511388779 1978.2172733470798 38.533199332654476 14.520267359912394 607.62873628735542
leaf_count=3910 18549 7317 788 2278 16801 3707 6180 292 4751 6272 365 2389 10847 2326 323 151 2106 949 1796 1461 15728 267 73 4384 479 1742 11588 310 165 3195
internal_value=2.75035e-05 0.00402034 0.00151978 0.0124041 -0.00391104 0.00109232 -0.00196899 0.0215681 -0.000594669 -0.00937621 -0.0161292 -0.00310658 0.00427207 -0.00166991 0.0114612 -0.0147449 0.00709278 -0.00147552 -0.00444474 -0.00639304 -0.00241535 -0.0390891 0.0095698 0.0287873 0.0104523 -0.00561314 -0.00442173 0.0310495 0.00732542 -0.0116482
internal_weight=22298.5 11072.9 8529.05 2543.88 11225.6 8437.57 8282.43 933.414 7092.83 2943.16 901.792 3636.08 4801.49 6272.25 388.92 62.8342 1610.47 453.591 3260.62 2041.37 5882.13 129.567 390.117 544.494 1156.88 2973.35 2647.15 504.586 53.0535 899.538
internal_count=131489 70160 51406 18754 61329 50618 45859 7903 39679 15470 4542 21222 29396 34928 2752 474 10851 3055 18833 10928 32529 632 2399 5151 7796 17037 15295 4859 475 4656
is_linear=0
shrinkage=0.05


Tree=29
num_leaves=31
num_cat=0
split_feature=1 5 11 5 5 9 15 16 1 3 3 4 1 3 16 0 0 14 16 17 1 14 16 0 16 3 17 17 17 15
split_gain=126.389 82.8342 50.3568 49.8014 39.2883 37.3777 33.5036 31.1145 29.798 29.3063 25.9762 21.9303 21.4978 20.959 16.4266 15.8348 15.6559 15.3332 15.231 32.2126 17.1495 14.755 14.0592 13.709 13.7077 13.6029 13.5297 13.1073 11.7077 11.5523
threshold=4.5000000000000009 1.5000000000000002 1.0000000180025095e-35 6.5000000000000009 11.500000000000002 1.5000000000000002 11.500000000000002 11.500000000000002 47.500000000000007 1.0000000180025095e-35 2.5000000000000004 44.500000000000007 1.0000000180025095e-35 2.5000000000000004 76.500000000000014 2.5000000000000004 53.500000000000007 1.0000000180025095e-35 1.0000000180025095e-35 1.0000000180025095e-35 1.5000000000000002 1.0000000180025095e-35 5.5000000000000009 4.5000000000000009 9.5000000000000018 1.0000000180025095e-35 14.500000000000002 32.500000000000007 10.500000000000002 76.500000000000014
decision_type=2 2 2 2 2 2 2 2 2 2 2 2 2 2 2 2 2 2 2 2 2 2 2 2 2 2 2 2 2 2
left_child=1 5 4 8 12 6 9 11 10 18 -2 15 17 -14 26 22 28 -3 19 20 -1 -7 -4 -11 29 -23 -8 -9 -12 -15
right_child=3 2 7 -5 -6 21 14 27 -10 23 16 -13 13 24 -16 -17 -18 -19 -20 -21 -22 25 -24 -25 -26 -27 -28 -29 -30 -31
leaf_value=-0.046673152937755841 0.0042839886537178636 -0.034498325764190645 -0.0045602524336986047 0.029466759655645759 0.040866775489776852 -0.047700625888471654 0.0004178632486378502 0.0036259133357120447 -0.019987317961230905 -0.0037074984732001267 0.012894066543230529 -0.061909369857794862 0.0035719070352678464 0.0070595647271407304 0.041576092633312467 0.0012634077782141657 -0.046151823449290447 -0.00036110879437163364 -0.0079079274694466347 -0.0086983465078549742 0.0034727030596217686 -0.035464736671599377 -0.014383075776575112 0.0059778176696981969 0.018989202028116603 -0.010881983458838146 0.014099035996051626 0.021567845529776732 0.026257810616980654 0.033526403119443611
leaf_weight=111.11530901491642 1244.1405471116304 33.837479621171951 1847.7412403672934 300.07682880014181 75.449416384100914 30.007332161068916 1527.4055052399635 766.55505176633596 92.642739824950695 4645.9278630316257 679.9532704949379 16.593221448361874 2608.2807449176908 1037.3719757944345 26.67225407063961 920.20379779487848 10.209939546883104 1179.7224269136786 1826.7776276022196 265.47441554069519 20.140221074223518 59.402134627103806 453.7242192029953 396.54324878752232 395.70324817299843 1068.8047008961439 204.95788085460663 117.37902153283358 215.94056787341833 42.935663156211376
leaf_count=532 7789 198 10454 3151 678 152 8628 4800 591 25299 4866 113 15895 6707 171 5698 70 6829 9485 1360 105 295 2587 2287 2780 5493 1212 890 1726 309
internal_value=-0.000152688 -0.00150822 0.00185117 0.0103371 0.00504039 -0.00464072 -0.00355554 -0.00230599 0.00777769 -0.00505447 0.00897394 -0.00457554 0.00453017 0.00626632 0.00263604 -0.00428024 0.0154136 -0.00131295 -0.00983643 -0.0187164 -0.0389786 -0.0130967 -0.00649678 -0.00294584 0.0110277 -0.0121763 0.0020365 0.00600845 0.0161152 0.00811146
internal_weight=22221.7 19678.7 9495.5 2542.96 5373.3 10183.2 9025.01 4122.2 2242.89 7265.98 2150.24 3238.26 5297.85 4084.29 1759.04 3221.67 906.104 1213.56 2223.51 396.73 131.256 1158.21 2301.47 5042.47 1476.01 1128.21 1732.36 883.934 895.894 1080.31
internal_count=131150 112957 57938 18193 33396 55019 49079 24542 15042 39068 14451 18852 32718 25691 10011 18739 6662 7027 11482 1997 637 5940 13041 27586 9796 5788 9840 5690 6592 7016
is_linear=0
shrinkage=0.05


Tree=30
num_leaves=31
num_cat=0
split_feature=5 2 8 15 16 10 16 8 4 11 4 3 4 4 5 4 5 8 4 17 17 2 17 3 17 16 0 5 6 0
split_gain=130.485 102.265 68.692 38.2903 36.0177 32.2379 32.2503 31.0249 32.3533 29.945 23.6715 26.1319 22.072 21.2676 19.2334 22.7716 20.4708 19.0233 21.7126 17.6804 17.5646 17.3579 15.8213 15.7715 15.3012 14.9031 15.3639 14.5794 14.3245 14.3181
threshold=6.5000000000000009 1.5000000000000002 1.0000000180025095e-35 9.5000000000000018 10.500000000000002 1.0000000180025095e-35 28.500000000000004 2.5000000000000004 1.5000000000000002 1.0000000180025095e-35 33.500000000000007 2.5000000000000004 4.5000000000000009 4.5000000000000009 60.500000000000007 16.500000000000004 9.5000000000000018 1.0000000180025095e-35 2.5000000000000004 12.500000000000002 19.500000000000004 16.500000000000004 52.500000000000007 14.500000000000002 50.500000000000007 58.500000000000007 2.5000000000000004 16.500000000000004 5.5000000000000009 1.0000000180025095e-35
decision_type=2 2 2 2 2 2 2 2 2 2 2 2 2 2 2 2 2 2 2 2 2 2 2 2 2 2 2 2 2 2
left_child=1 3 4 5 10 6 17 8 -4 13 11 24 -7 27 15 16 -11 18 22 21 29 -10 -1 -13 -3 26 -5 -2 -28 -6
right_child=9 2 7 25 20 12 -8 -9 19 14 -12 23 -14 -15 -16 -17 -18 -19 -20 -21 -22 -23 -24 -25 -26 -27 28 -29 -30 -31
leaf_value=-0.0058063243932081603 0.013888835082970461 0.00074656297734456995 -0.0050549210399238008 -0.0023270035883974903 -0.00074400341776209404 -0.012449936750761462 0.010915691828786038 -0.01210321286975591 0.0027409491465399914 0.0028940431860234499 -0.060538791935501414 0.010070414249369435 0.0013126844654452064 0.038316729242802779 0.052472789320344493 -0.017698160058723267 0.024937187254629165 -0.011225363350569041 0.0039495064830122259 0.013749442747791597 0.028452171410419204 -0.025464650174673278 0.014846975249004198 -0.018760083510547726 0.019298723133799035 0.020229114902182072 0.007357307818620382 0.053043237685989855 -0.050659733222922457 0.013815545218549666
leaf_weight=3242.0821750313044 268.12254724651575 2937.8329447954893 1914.3187671750784 1749.1313145682216 206.58864512294531 2269.5004700496793 343.24203256517649 661.5925118625164 1579.9988960400224 271.81371659785509 14.162812940776346 1621.5303821712732 334.23048850148916 205.73253120481968 24.372214585542679 79.01511063426733 171.95356865227222 968.51117478311062 801.37046089023352 379.19750141352415 168.68434006720781 56.496977791190147 95.456518247723579 48.865613587200642 115.51145133376122 96.271394357085228 685.15979977697134 26.088130332529545 10.807028308510779 924.63482144474983
leaf_count=17507 2059 17288 10604 9859 1228 11989 2062 3533 9686 1982 89 10542 1924 2153 245 688 1506 5077 4648 2493 1217 373 554 327 736 619 4125 248 54 6144
internal_value=-9.19424e-05 -0.000941976 0.00252315 -0.0044181 0.00602833 -0.00610647 -0.00392016 -0.00208606 -0.000399733 0.0171386 0.00400554 0.00419906 -0.0106833 0.0259844 0.00905619 0.0070321 0.0114355 -0.0049172 -0.00344108 0.00402133 0.013401 0.0017672 -0.00521562 0.00922701 0.00144841 0.000932844 0.000173087 0.0173607 0.00645641 0.0111566
internal_weight=22272.3 21225.2 10629.4 10595.8 6037.81 8054.39 5450.66 4591.6 3930.01 1047.1 4737.9 4723.74 2603.73 499.943 547.155 522.782 443.767 5107.42 4138.91 2015.69 1299.91 1636.5 3337.54 1670.4 3053.34 2541.37 2445.1 294.211 695.967 1131.22
internal_count=131559 122678 64260 58418 37571 43761 29848 26689 23156 8881 28982 28893 13913 4460 4421 4176 3488 27786 22709 12552 8589 10059 18061 10869 18024 14657 14038 2307 4179 7372
is_linear=0
shrinkage=0.05


Tree=31
num_leaves=31
num_cat=0
split_feature=3 5 17 8 9 1 16 15 16 3 15 9 11 1 7 1 5 17 8 1 0 9 7 16 17 0 15 14 15 15
split_gain=104.544 63.3563 50.1996 47.4963 38.6453 31.74 31.271 23.718 20.8013 20.5877 21.336 20.6191 19.0676 18.636 20.5594 17.4344 14.8022 14.0114 13.778 13.5715 13.2895 12.6992 12.4214 11.9726 20.0422 11.8176 11.5459 11.4963 12.6685 11.4003
threshold=2.5000000000000004 4.5000000000000009 19.500000000000004 1.0000000180025095e-35 1.5000000000000002 3.5000000000000004 25.500000000000004 52.500000000000007 9.5000000000000018 1.0000000180025095e-35 12.500000000000002 1.0000000180025095e-35 1.0000000180025095e-35 1.0000000180025095e-35 1.0000000180025095e-35 50.500000000000007 44.500000000000007 14.500000000000002 1.5000000000000002 1.0000000180025095e-35 3.5000000000000004 1.0000000180025095e-35 1.0000000180025095e-35 1.0000000180025095e-35 9.5000000000000018 1.5000000000000002 81.500000000000014 41.000000000000007 23.500000000000004 1.0000000180025095e-35
decision_type=2 2 2 2 2 2 2 2 2 2 2 2 2 2 2 2 2 2 2 2 2 2 2 2 2 2 2 2 2 2
left_child=2 4 3 6 8 12 7 13 17 10 23 26 -3 -1 -15 20 -17 27 -19 -10 -7 -16 -6 24 29 -4 -11 28 -2 -5
right_child=1 5 25 9 22 15 -8 -9 19 11 -12 -13 -14 14 21 16 -18 18 -20 -21 -22 -23 -24 -25 -26 -27 -28 -29 -30 -31
leaf_value=-0.0069485285501109011 0.0018842381256561791 0.01729308763729432 0.0016538278414630807 -0.04513828493548569 -0.0015306496953556622 0.018029677093035826 0.0083102583489652118 0.0084856580373200534 -0.00076464200617258604 -0.0021766092501149092 4.2115342185576785e-06 -0.01050138750371615 0.00029659896368345695 0.00072264276804765142 -0.0031714846575056411 -0.033497631874228995 0.049018587047099237 0.012483548413628811 -0.017505033414890479 0.013401546422544661 0.035983977073097029 -0.011944648852621406 -0.012521288417497207 -0.012745997432968998 0.028288547658663107 0.010481084309504746 0.027934201086236312 -0.0037390280782385703 0.012359005356403269 -0.020990494404066078
leaf_weight=2131.8222004547715 2050.0226441547275 331.83002821356058 744.35796289891005 74.175483010709286 690.84030368924141 175.81906718015671 756.0354323387146 481.84749706834555 207.8693300485611 1601.5699498131871 290.85315978527069 1072.1268028393388 328.24064623564482 3805.548527225852 1678.6154641211033 20.883407838642601 7.3468306735157958 516.7247719168663 41.367581851780415 905.73819690942764 249.06760638207197 546.86069195717573 409.44061212986708 1085.3729954510927 16.280767560005188 772.7933436781168 32.482083313167095 749.66472371667624 335.95818740874529 143.30506823211908
leaf_count=11131 12136 2528 4338 382 3914 1592 4736 3052 1204 9150 1643 5686 2329 21987 9437 154 79 3299 255 6047 2845 2948 2220 5721 85 4980 217 4472 2161 733
internal_value=-0.000153684 0.00489432 -0.00248013 -0.00343468 0.00283251 0.0158362 -0.00144107 -0.00229389 0.0047672 -0.00777681 -0.0122539 -0.00511328 0.00884106 -0.0029302 -0.00150981 0.0260264 -0.012023 0.00296129 0.0102607 0.0107572 0.0285544 -0.00532729 -0.00562053 -0.0149566 -0.0252208 0.00615018 -0.00157806 0.00166212 0.00335914 -0.0292265
internal_weight=22254.9 7020.81 15234 13716.9 5907.63 1113.19 9400.73 8644.69 4807.35 4316.17 1609.99 2706.18 660.071 8162.85 6031.02 453.117 28.2302 3693.74 558.092 1113.61 424.887 2225.48 1100.28 1319.13 233.761 1517.15 1634.05 3135.65 2385.98 217.481
internal_count=131461 45235 86226 76908 35708 9527 53291 48555 29574 23617 8564 15053 4857 45503 34372 4670 233 22323 3554 7251 4437 12385 6134 6921 1200 9318 9367 18769 14297 1115
is_linear=0
shrinkage=0.05


Tree=32
num_leaves=31
num_cat=0
split_feature=4 1 15 10 7 17 16 0 15 3 3 16 16 17 1 0 16 1 1 16 7 7 7 0 1 17 8 14 4 3
split_gain=104.496 81.0013 40.1832 39.8121 37.199 33.5341 27.2809 24.2966 23.3041 23.0724 22.6495 22.4668 22.2232 36.098 21.8967 20.0811 18.9854 18.4298 18.4 18.1581 15.5135 14.6463 13.9334 14.7759 13.53 13.2844 12.9439 13.5118 12.6109 12.2558
threshold=1.5000000000000002 3.5000000000000004 17.500000000000004 1.0000000180025095e-35 1.0000000180025095e-35 12.500000000000002 58.500000000000007 57.500000000000007 57.500000000000007 1.0000000180025095e-35 3.5000000000000004 53.500000000000007 1.0000000180025095e-35 1.0000000180025095e-35 1.5000000000000002 1.0000000180025095e-35 23.500000000000004 49.500000000000007 7.5000000000000009 11.500000000000002 1.5000000000000002 1.5000000000000002 1.0000000180025095e-35 4.5000000000000009 2.5000000000000004 6.5000000000000009 1.0000000180025095e-35 1.0000000180025095e-35 45.500000000000007 37.500000000000007
decision_type=2 2 2 2 2 2 2 2 2 2 2 2 2 2 2 2 2 2 2 2 2 2 2 2 2 2 2 2 2 2
left_child=2 3 5 6 10 9 22 11 15 12 -3 26 13 14 -1 -5 17 18 25 21 24 28 23 -2 -11 -6 -4 -28 -17 -25
right_child=1 4 7 8 16 -7 -8 -9 -10 20 -12 -13 -14 -15 -16 19 -18 -19 -20 -21 -22 -23 -24 29 -26 -27 27 -29 -30 -31
leaf_value=-0.049146886817465728 0.0035974297820608181 0.012020837783363552 0.0056775428372873443 -0.009984752278765819 -0.0048954161397703339 0.0028415598178299743 0.020868654643117997 -0.11091692039902921 0.011511724753988746 -0.0048548903162223527 0.025618856216728991 0.028980387429382078 -0.0079324146950689838 -0.0092024471546787775 -0.0010519934245483925 -0.0018882325360987115 0.020014750181016581 -0.033139031335824812 0.016781346686527251 0.0067618431284202016 -0.011754049096816984 -0.016301934999228815 -0.0016913508758031768 0.014405113180154068 0.0010681495157187084 0.010137310238917098 -0.047538080127456035 -0.0024481326755324672 -0.051084359685628605 -0.072314297950834605
leaf_weight=123.97230705618858 3179.0266117379069 804.08592840284109 1081.2576709389687 949.65108668059111 496.39382001012564 1245.5727966725826 230.93172362446785 4.6200995072722426 268.97589492797852 3912.8147719874978 494.59048214554787 84.800671681761742 1905.3514412567019 252.50516936182976 29.249376088380814 1906.4683166593313 171.95352673530579 35.998721867799759 198.69644471257925 530.51470217108727 621.56027897447348 204.43913032859564 1088.6775266453624 417.51959324628115 1279.415804952383 208.77077719569206 17.188192717730999 498.03945013135672 13.116009362041948 4.1144231855869284
leaf_count=608 18994 5595 6505 5168 3182 7153 1637 30 1800 21155 4530 584 9943 1296 156 11016 1416 253 1539 3360 3214 1066 6476 2764 7617 1448 97 2845 83 29
internal_value=-7.06992e-05 0.00333241 -0.00351923 0.00110652 0.0114524 -0.0047978 0.00409146 0.00358717 -0.00268541 -0.00596894 0.0171995 0.00390182 -0.0101949 -0.0208201 -0.0399658 -0.00374492 0.00473943 0.00194471 0.00334201 -0.00151265 -0.00428903 -0.00357935 0.00326525 0.00476391 -0.0033954 -0.000444833 0.00256972 -0.00395235 -0.00222438 0.0135589
internal_weight=22260.3 11203.9 11056.3 8793.44 2410.49 9370.44 4920.27 1685.91 3873.17 8124.87 1298.68 1681.29 2311.08 405.727 153.222 3604.19 1111.81 939.86 903.861 2654.54 5813.79 2124.02 4689.34 3600.66 5192.23 705.165 1596.49 515.228 1919.58 421.634
internal_count=131559 70356 61203 52393 17963 51142 29900 10061 22493 43989 10125 10031 12003 2060 764 20693 7838 6422 6169 15525 31986 12165 28263 21787 28772 4630 9447 2942 11099 2793
is_linear=0
shrinkage=0.05


Tree=33
num_leaves=31
num_cat=0
split_feature=1 16 7 5 1 1 2 15 1 15 7 9 3 5 4 4 16 8 17 17 3 2 1 6 17 17 3 4 15 4
split_gain=110.66 64.2898 61.3072 50.6157 48.9342 31.579 27.9357 25.4473 23.0419 21.3328 18.0703 17.9855 25.6477 17.3346 17.1795 16.9054 16.7651 15.5137 15.1876 14.9701 13.7641 13.2263 13.0882 13.0419 12.6725 12.5287 12.4891 12.406 14.6416 12.2835
threshold=4.5000000000000009 21.500000000000004 1.0000000180025095e-35 6.5000000000000009 1.0000000180025095e-35 19.500000000000004 3.5000000000000004 59.500000000000007 7.5000000000000009 48.500000000000007 1.0000000180025095e-35 1.0000000180025095e-35 1.0000000180025095e-35 53.500000000000007 43.500000000000007 16.500000000000004 58.500000000000007 1.0000000180025095e-35 1.0000000180025095e-35 11.500000000000002 5.5000000000000009 1.0000000180025095e-35 42.500000000000007 1.0000000180025095e-35 24.500000000000004 17.500000000000004 18.500000000000004 1.5000000000000002 38.500000000000007 1.0000000180025095e-35
decision_type=2 2 2 2 2 2 2 2 2 2 2 2 2 2 2 2 2 2 2 2 2 2 2 2 2 2 2 2 2 2
left_child=1 2 4 5 17 7 9 8 10 24 25 12 -4 15 29 16 -3 23 -17 -8 -14 -19 -5 -1 27 -2 -18 28 -6 -13
right_child=3 13 11 22 6 -7 19 -9 -10 -11 -12 14 20 -15 -16 18 26 21 -20 -21 -22 -23 -24 -25 -26 -27 -28 -29 -30 -31
leaf_value=-0.00023193620414221208 0.0078640972725670198 0.0039790082892372887 -0.010134201313071987 0.034078186540816104 -0.0025523471885370323 -0.011017013224027887 0.005955456584185414 0.03060308607392568 0.017895229013415049 0.010866528035175498 -0.00073715788279984668 -0.016951041631667215 -0.0020679230698560326 0.046986743290113056 -0.09513839638674787 -0.10591492937889475 0.014282166275119773 -0.025311172974653452 -0.012809498726164376 0.018967778440676961 0.016008736419054103 -0.0073485389240044432 0.0020905019163643922 -0.0074433658544657243 0.0076507349665029178 0.027210255523270721 -0.037953512237098398 0.0016858848082205926 -0.032339572905107708 -0.0078243040401993254
leaf_weight=2078.4666663408279 612.56368312984705 1349.4083090946078 1267.2331981360912 246.99486407265067 2886.3370740935206 208.43878529220819 1116.8163872212172 132.54435627162457 443.04086207598448 483.01938236504793 719.81125294417143 519.07699898630381 1939.6046642139554 26.830501057207584 6.011085905134677 4.8109118789434424 706.37348453700542 111.11948676407337 48.908473901450634 275.56991793215275 111.35129208862782 1318.0077358260751 36.734214276075363 897.76396635174751 492.69434551894665 96.929195426404476 11.63132371753454 2778.899900354445 41.852476119995117 1272.2701185941696
leaf_count=11238 4228 8355 6671 2863 15882 1345 7189 1037 3143 3152 4519 2655 11166 273 39 35 4716 563 372 1934 714 6948 330 4767 3051 759 83 16336 244 6929
internal_value=0.00013711 -0.00111714 -0.00211398 0.0100543 -0.000224482 0.00750559 0.00208798 0.00943129 0.00793253 0.0007456 0.0048444 -0.00672385 -0.00454186 0.00704902 -0.0107521 0.00654384 0.00726338 -0.0044633 -0.0211477 0.00853075 -0.0010865 -0.00874519 0.0299368 -0.00240723 -4.29122e-05 0.0105071 0.013436 -0.000707107 -0.00297809 -0.010469
internal_weight=22241.1 19744.1 17596.1 2497.06 12480.5 2213.33 8075.19 2004.89 1872.34 6682.8 1429.3 5115.55 3318.19 2147.96 1797.36 2121.13 2067.41 4405.36 53.7194 1392.39 2050.96 1429.13 283.729 2976.23 6199.78 709.493 718.005 5707.09 2928.19 1791.35
internal_count=131536 113312 99478 18224 71304 15031 47788 13686 12649 38665 9506 28174 18551 13834 9623 13561 13154 23516 407 9123 11880 7511 3193 16005 35513 4987 4799 32462 16126 9584
is_linear=0
shrinkage=0.05


Tree=34
num_leaves=31
num_cat=0
split_feature=2 16 0 0 6 2 4 8 15 2 9 3 15 1 15 1 17 3 16 1 4 17 1 8 17 16 11 3 2 17
split_gain=103.243 54.226 50.6144 45.4211 42.3741 34.9571 29.0099 28.9911 26.6234 23.3885 20.1586 19.9234 18.8902 17.9328 17.557 18.7303 16.7195 15.511 14.9551 14.3517 15.2319 13.7745 12.9931 12.7861 12.4492 12.3037 13.8405 12.2557 14.1393 12.1499
threshold=3.5000000000000004 59.500000000000007 1.5000000000000002 3.5000000000000004 1.5000000000000002 35.500000000000007 2.5000000000000004 1.5000000000000002 137.50000000000003 1.0000000180025095e-35 1.0000000180025095e-35 1.5000000000000002 46.500000000000007 7.5000000000000009 1.0000000180025095e-35 1.5000000000000002 26.500000000000004 1.0000000180025095e-35 9.5000000000000018 1.0000000180025095e-35 2.5000000000000004 6.5000000000000009 3.5000000000000004 1.5000000000000002 26.500000000000004 42.500000000000007 1.5000000000000002 38.500000000000007 10.500000000000002 13.500000000000002
decision_type=2 2 2 2 2 2 2 2 2 2 2 2 2 2 2 2 2 2 2 2 2 2 2 2 2 2 2 2 2 2
left_child=1 2 7 12 11 6 23 8 9 10 17 -4 19 29 15 -12 18 -1 -13 -2 -21 27 -3 -5 -6 26 -7 -8 -29 -11
right_child=3 22 4 5 24 25 21 -9 -10 13 14 16 -14 -15 -16 -17 -18 -19 -20 20 -22 -23 -24 -25 -26 -27 -28 28 -30 -31
leaf_value=-0.010219716049694589 -0.0046906337978544384 0.0091179840605623477 -0.00052056391899068383 0.012938920367750807 -0.0085724165176007498 -0.017315439245145052 0.020480429939384284 -0.013610888339400606 0.035763925608789278 -0.0033952512436264252 -0.0397545043408064 0.0021036931451520213 0.015399587179607946 0.023392504832169238 -0.010538330761400908 -0.0030900464023418828 0.015699758779274729 -0.00075899029769375004 0.010543009195942213 0.0011505688034441151 0.010103807779414071 0.034834373946538405 0.026842196279101824 -0.0076016878720000227 0.0097368211360776766 0.020037085382031024 -0.098409012045978697 0.027435497730254745 -0.12066386188947641 0.0034872723403843748
leaf_weight=731.95982763916254 556.71404127031565 504.12848262488842 3344.970340244472 417.74472502619028 1300.505037471652 66.696295041590929 339.71738260984421 832.03076042234898 42.263934947550297 4631.3064685836434 113.39738044887781 2660.1447977796197 314.66377027332783 68.020304478704929 810.38068653643131 50.277573898434639 322.2004207894206 1061.5931181311607 654.00520244985819 1327.7548567056656 739.68955059349537 236.73235189914703 130.07960075139999 92.546155996620655 99.978508859872818 20.654112577438354 5.7122284844517699 3.119594730436801 3.3339866101741791 744.28882341831923
leaf_count=3748 3102 3332 19355 2851 6998 482 3013 4188 283 25436 574 16146 2291 445 4225 269 2242 5817 4255 8021 5251 2455 977 565 608 182 47 26 28 4360
internal_value=1.81184e-05 -0.00160864 -0.00213009 0.00715658 0.000672112 0.0154147 0.017919 -0.00471525 -0.00381849 -0.00402222 -0.0077647 0.0022644 0.0038232 -0.0021195 -0.0135552 -0.0284919 0.00482621 -0.00461997 0.00376908 0.00243507 0.00435386 0.0255399 0.0127533 0.00921368 -0.00726535 -0.0140031 -0.0237128 0.0191837 -0.0490742 -0.00244232
internal_weight=22226.6 18101.5 17467.3 4125.08 8381.8 1186.26 1093.19 9085.52 8253.49 8211.22 2767.61 6981.32 2938.82 5443.62 974.056 163.675 3636.35 1793.55 3314.15 2624.16 2067.44 582.903 634.208 510.291 1400.48 93.0626 72.4085 346.171 6.45358 5375.6
internal_count=131572 103258 98949 28314 49604 9649 8938 49345 45157 44874 14633 41998 18665 30241 5068 843 22643 9565 20401 16374 13272 5522 4309 3416 7606 711 529 3067 54 29796
is_linear=0
shrinkage=0.05


Tree=35
num_leaves=31
num_cat=0
split_feature=0 3 2 6 6 15 4 17 3 8 8 6 2 3 2 17 17 1 10 9 8 4 2 4 3 7 15 17 4 1
split_gain=92.7598 68.2536 50.4594 32.6495 32.3577 28.1167 26.4644 25.907 21.1757 21.1193 20.1993 19.284 17.9267 17.5826 17.5507 16.6297 16.4965 13.4342 12.9546 12.6374 12.6793 14.302 12.443 11.7474 19.4627 11.4685 13.0081 11.4436 11.0017 10.9501
threshold=1.5000000000000002 1.5000000000000002 2.5000000000000004 1.0000000180025095e-35 2.5000000000000004 53.500000000000007 5.5000000000000009 26.500000000000004 38.500000000000007 1.0000000180025095e-35 1.0000000180025095e-35 1.0000000180025095e-35 1.5000000000000002 1.0000000180025095e-35 1.0000000180025095e-35 54.500000000000007 20.500000000000004 37.500000000000007 3.5000000000000004 1.0000000180025095e-35 1.0000000180025095e-35 10.500000000000002 54.500000000000007 41.500000000000007 10.500000000000002 1.0000000180025095e-35 8.5000000000000018 20.500000000000004 16.500000000000004 7.5000000000000009
decision_type=2 2 2 2 2 2 2 2 2 2 2 2 2 2 2 2 2 2 2 2 2 2 2 2 2 2 2 2 2 2
left_child=3 11 4 5 7 10 9 19 -8 17 14 -2 -12 -5 -1 25 29 -4 22 -3 21 -21 28 -15 -25 -13 -27 -7 -14 -16
right_child=1 2 6 13 -6 27 8 -9 -10 -11 12 15 18 23 16 -17 -18 -19 -20 20 -22 -23 -24 24 -26 26 -28 -29 -30 -31
leaf_value=-0.0048600924100709493 0.0017297621768533546 0.005386165169498738 0.014905807418899459 -0.015667986050148745 -0.016051239413631575 0.0058307751820585521 0.027547977231989686 0.018350511432676728 -0.0031186768431917689 0.0037718535131212386 -0.012128455151909242 -0.0025242451167055259 -0.0021378483365083749 -0.0055166137988495898 -0.00045876238951169648 0.018094387522289795 0.011126267290548775 -0.024457848894737729 -0.031919078528638754 0.0026660883177449871 -0.010156786467389961 -0.038686442039777537 -0.066345469244287983 -0.16386930411615397 0.0011810317292738164 -0.013600030303031519 0.00071930134180228991 0.025533382855425814 -0.0487496399036315 0.021907999898264773
leaf_weight=1949.156045563519 2738.7083401307464 1903.2657870203257 1140.8071311451495 653.20875728875399 210.1817806661129 469.26331542432308 390.45373712852597 294.03196046501398 65.774395458400249 845.20847027748823 877.72349361330271 1425.6090707331896 1722.4255460426211 1481.6070558056235 3360.1296730339527 78.995792970061302 362.29793044924736 22.094852015376091 38.94473584741354 920.2176026403904 294.73586585372686 21.395172104239464 7.6603945493698111 3.1098709776997557 4.1961094588041306 616.59940689057112 213.52392759174109 87.428989335894585 12.752963200211523 55.626385435461998
leaf_count=10377 16450 11747 8212 3331 1117 3003 3944 2053 577 5594 4530 8080 9540 8114 18987 520 2246 150 200 5508 1669 149 50 22 34 3301 1229 658 95 384
internal_value=-4.33389e-05 0.00316991 0.00673012 -0.00328443 0.00299283 -0.00195642 0.0122562 0.00415857 0.0231268 0.00978644 -0.00267871 -0.00111642 -0.00627963 -0.0088289 -0.00100658 -0.00445507 0.000981507 0.0141579 -0.00339845 0.00282946 -0.0011064 0.00172648 -0.00276114 -0.00582849 -0.0690745 -0.00524476 -0.00991682 0.00892509 -0.00248043 -9.45144e-05
internal_weight=22267.1 11181.6 6108.17 11085.5 3643.83 8943.41 2464.34 3433.65 456.228 2008.11 8386.72 5073.44 2659.51 2142.12 5727.21 2334.73 3778.05 1162.9 1781.78 3139.61 1236.35 941.613 1742.84 1488.91 7.30598 2255.73 830.123 556.692 1735.18 3415.76
internal_count=131871 70300 40720 61571 22243 50070 18477 21126 4521 13956 46409 29580 14415 11501 31994 13130 21617 8362 9885 19073 7326 5657 9685 8170 56 12610 4530 3661 9635 19371
is_linear=0
shrinkage=0.05


Tree=36
num_leaves=31
num_cat=0
split_feature=5 2 5 16 16 7 11 1 2 5 10 1 2 15 4 8 16 7 2 2 5 16 2 4 11 1 15 17 17 8
split_gain=103.131 67.9368 34.9796 34.1446 33.9547 33.6966 32.0251 29.4929 19.5312 18.6562 16.914 16.6878 16.6449 14.939 14.9238 19.0731 14.4894 13.9634 13.9296 13.7926 20.6013 17.3365 14.6213 13.621 16.1936 14.8599 12.7884 11.6149 11.4714 10.7913
threshold=1.5000000000000002 3.5000000000000004 6.5000000000000009 58.500000000000007 19.500000000000004 1.0000000180025095e-35 1.0000000180025095e-35 1.0000000180025095e-35 23.500000000000004 13.500000000000002 1.5000000000000002 4.5000000000000009 7.5000000000000009 120.00000000000001 3.5000000000000004 1.0000000180025095e-35 16.500000000000004 1.0000000180025095e-35 1.0000000180025095e-35 25.500000000000004 43.500000000000007 42.500000000000007 6.5000000000000009 1.5000000000000002 1.0000000180025095e-35 1.5000000000000002 137.50000000000003 42.500000000000007 93.500000000000014 1.0000000180025095e-35
decision_type=2 2 2 2 2 2 2 2 2 2 2 2 2 2 2 2 2 2 2 2 2 2 2 2 2 2 2 2 2 2
left_child=4 3 8 6 5 7 9 26 14 11 23 13 -9 28 16 -16 -3 18 -8 22 21 -21 -4 24 -7 -26 27 -1 -2 -20
right_child=1 2 19 -5 -6 10 17 12 -10 -11 -12 -13 -14 -15 15 -17 -18 -19 29 20 -22 -23 -24 -25 25 -27 -28 -29 -30 -31
leaf_value=-0.0074485641175934987 0.0015782966075631223 0.0042777599132188876 0.020002394203387369 0.015439073103461856 0.0050364263306706385 -0.0070418962133206812 -0.0065655006691607209 -0.00028068903698239949 -0.015093859512984099 0.042179309964986637 -0.017012461836202728 0.011878369878092092 0.018784537440742943 0.031050287936957174 0.024601275845117371 0.0052273442699437931 0.017936501044771482 -0.0073757894904313602 0.0045830166956946994 -0.038747925903146296 0.041210722441652005 0.044694776511464231 0.041718513389715384 -0.0024875386527289066 -0.029280809672819381 -0.0097935794657208908 0.058389835502740996 0.01129959639076778 0.03068583550268927 -0.0038276932529524108
leaf_weight=2379.8517893999815 4005.3188394010067 1127.4168993607163 186.53872314840555 412.47563686221838 1090.7761098742485 1390.2503508329391 713.15873919427395 4261.0501448512077 85.148825474083424 30.887809410691261 482.34842368960381 493.09527158737183 117.64280660450459 44.202746875584126 306.22853764519095 217.09597511589527 234.56045230478048 1155.7719883024693 1133.8170995414257 28.394737463444471 21.581009268760681 7.972533766180276 132.61473983153701 1089.1316015347838 176.92316336929798 218.8170460909605 7.5466209053993216 85.581894338130951 34.137330509722233 574.6692159101367
leaf_count=12020 24025 7296 1782 3002 6457 7168 4041 24049 573 301 2375 3537 735 315 2715 1756 1639 6636 6961 255 266 77 1615 6162 863 1121 43 460 230 3282
internal_value=1.88579e-06 0.00346109 0.0109997 0.00140267 -0.0033487 -0.00424459 0.000695326 -0.00223375 0.00832969 0.00345114 -0.00834814 0.00318977 0.000231538 0.00214063 0.0093876 0.0165642 0.00663008 -0.00285411 -0.000696055 0.0249513 0.00251021 -0.0204554 0.0290259 -0.00689456 -0.00958205 -0.0185057 -0.00659884 -0.00679776 0.00182428 0.00175398
internal_weight=22245 10945.1 2347.55 8597.53 11299.9 10209.1 8185.06 6851.67 1970.45 4607.64 3357.47 4576.75 4378.69 4083.66 1885.3 523.325 1361.98 3577.42 2421.65 377.102 57.9483 36.3673 319.153 2875.12 1785.99 395.74 2472.98 2465.43 4039.46 1708.49
internal_count=131757 70304 17974 52330 61453 54996 49328 37307 13979 28408 17689 28107 24784 24570 13406 4471 8935 20920 14284 3995 598 332 3397 15314 9152 1984 12523 12480 24255 10243
is_linear=0
shrinkage=0.05


Tree=37
num_leaves=31
num_cat=0
split_feature=2 8 0 2 16 1 17 3 6 17 0 15 0 4 2 4 0 6 9 0 15 1 17 8 6 15 16 6 4 0
split_gain=83.0111 51.0148 41.9758 38.6126 27.8289 23.0153 22.63 22.5248 24.1067 20.0781 18.0662 17.7392 17.2599 19.7942 25.3203 15.4306 14.0557 13.7655 13.3077 15.9266 13.1525 13.0701 13.0189 12.9924 12.3797 12.2432 11.9331 11.7202 11.6681 11.4461
threshold=3.5000000000000004 1.0000000180025095e-35 3.5000000000000004 1.0000000180025095e-35 19.500000000000004 5.5000000000000009 7.5000000000000009 1.5000000000000002 5.5000000000000009 9.5000000000000018 20.500000000000004 17.500000000000004 1.0000000180025095e-35 1.0000000180025095e-35 1.0000000180025095e-35 13.500000000000002 1.5000000000000002 1.5000000000000002 1.0000000180025095e-35 2.5000000000000004 53.500000000000007 3.5000000000000004 1.5000000000000002 1.0000000180025095e-35 1.0000000180025095e-35 25.500000000000004 3.5000000000000004 1.5000000000000002 5.5000000000000009 24.500000000000004
decision_type=2 2 2 2 2 2 2 2 2 2 2 2 2 2 2 2 2 2 2 2 2 2 2 2 2 2 2 2 2 2
left_child=1 3 21 11 7 9 24 20 15 12 -8 18 13 14 22 16 -9 -14 27 -20 -5 25 -3 -23 29 -2 -13 -1 -18 -4
right_child=2 5 6 4 -6 -7 10 8 -10 -11 -12 26 17 -15 -16 -17 28 -19 19 -21 -22 23 -24 -25 -26 -27 -28 -29 -30 -31
leaf_value=-0.0016944015100498978 -0.00026194165127221283 -0.058123920444025305 0.017562849208126133 -0.0024743711703926058 0.0098520385196705154 0.0096836090030914812 0.02861070237011655 0.00094867469462187591 -0.091909977612902427 0.0002131873979439735 -0.004031759900050615 -0.0026062551212626991 -0.0042819955806724158 -0.0085481384435290905 -0.015714413777889097 -0.029604213306347084 0.0061080111330604758 -0.013251260607074459 -0.011979927032704061 0.0009017245390687056 0.011183970983521021 0.016024752121157549 -0.013387361031295945 0.0024012062821085339 0.0025735543826807903 0.010198886091962518 0.0099803725154483398 -0.012522537198628211 0.021073573954959752 -0.013070272287526314
leaf_weight=2461.8900941461325 1905.4632636532187 63.06825840473175 397.31316722929478 3383.7818160504103 1029.314929947257 227.88425122201443 329.71190856024623 1683.077673189342 6.5655147284269324 886.51261149346828 48.641070507466793 383.57903371751308 2241.0230445191264 746.08738674968481 303.87028029561043 33.877603307366371 1812.5262144058943 528.69726986438036 1004.998106636107 315.20811888575554 185.94541510939598 344.4398108869791 21.913063138723373 355.76079939678311 352.47420079261065 327.82933975756168 369.91012162715197 278.13423588126898 140.32669374346733 33.029187098145485
leaf_count=13509 11436 330 3268 18888 6850 1457 3148 9646 35 5093 413 2244 12424 3870 1502 235 11367 2652 5220 1778 1203 2655 103 2447 2603 2221 2332 1433 1024 244
internal_value=-0.000101836 -0.00155564 0.00632744 8.77342e-05 0.00215895 -0.00584137 0.0143739 0.00106614 0.00381312 -0.00657979 0.0244142 -0.00347295 -0.00812206 -0.0133152 -0.0224617 0.00398437 0.00429733 -0.00599409 -0.0047805 -0.00890435 -0.00176291 0.00314239 -0.0465883 0.00910285 0.00952121 0.00127362 0.00357289 -0.00279354 0.0071834 0.0152117
internal_weight=22202.9 18108.2 4094.66 13089.1 8275.42 5019.06 1161.17 7246.1 3676.37 4791.17 378.353 4813.72 3904.66 1134.94 388.852 3669.81 3635.93 2769.72 4060.23 1320.21 3569.73 2933.49 84.9813 700.201 782.817 2233.29 753.489 2740.02 1952.85 430.342
internal_count=131630 103195 28435 75764 49248 27431 9676 42398 22307 25974 3561 26516 20881 5805 1935 22272 22037 15076 21940 6998 20091 18759 433 5102 6115 13657 4576 14942 12391 3512
is_linear=0
shrinkage=0.05


Tree=38
num_leaves=31
num_cat=0
split_feature=16 1 8 0 7 1 6 4 15 4 4 9 7 16 1 6 17 3 17 17 15 0 3 15 10 1 15 16 4 17
split_gain=81.657 60.5417 53.0415 36.1749 28.2377 24.2805 23.1357 24.392 19.6517 19.1606 18.0096 20.1795 16.2978 16.1277 14.6765 14.4743 14.875 12.7573 12.1605 11.9486 11.7087 10.7422 9.82097 10.9327 10.0312 11.9703 9.70939 9.53839 9.47741 9.38819
threshold=58.500000000000007 5.5000000000000009 1.0000000180025095e-35 1.5000000000000002 1.0000000180025095e-35 17.500000000000004 1.0000000180025095e-35 53.500000000000007 23.500000000000004 5.5000000000000009 1.0000000180025095e-35 1.0000000180025095e-35 4.5000000000000009 104.50000000000001 2.5000000000000004 1.0000000180025095e-35 19.500000000000004 1.0000000180025095e-35 52.500000000000007 4.5000000000000009 100.50000000000001 1.5000000000000002 1.5000000000000002 73.500000000000014 1.0000000180025095e-35 1.0000000180025095e-35 9.5000000000000018 9.5000000000000018 1.5000000000000002 14.500000000000002
decision_type=2 2 2 2 2 2 2 2 2 2 2 2 2 2 2 2 2 2 2 2 2 2 2 2 2 2 2 2 2 2
left_child=1 2 3 15 10 9 14 17 13 12 22 -12 -3 29 19 16 26 -8 20 28 -6 -11 23 24 -4 -26 -1 -17 -5 -2
right_child=8 5 4 6 18 -7 7 -9 -10 21 11 -13 -14 -15 -16 27 -18 -19 -20 -21 -22 -23 -24 -25 25 -27 -28 -29 -30 -31
leaf_value=-0.003150402165533256 0.0037783452204747285 0.010652739373563841 -0.011156255870924557 -0.002894578962947124 -0.011049923414676173 -0.0044114615653880499 -0.0062091498472124883 -0.10824588849049535 0.028186829723993053 0.0033749140716931927 0.0021437854701210394 -0.0064999152290804336 -0.022655523549575313 0.025649627819817375 0.010077441057884841 -0.0089759355118270798 0.0067583996919298624 0.0016686784166482682 0.0079954750405230833 0.0077445316745172136 0.02028605783113395 0.032780435855533509 -0.0027913487928534287 0.039719043212633143 -0.051202636137124308 -0.0075652697561296965 0.0019331073468196328 0.0026093641031252812 0.0044909047879645699 0.021397779425437951
leaf_weight=3826.8213286697865 448.25100080296397 993.47108484059572 524.65151467174292 837.41181480139494 2030.1464724056423 272.02164008840919 685.2161165997386 5.2433958128094664 210.38940065726638 39.132408451288939 2010.2115115262568 1016.7563757188618 38.13491765409708 142.76525711640716 1201.4482111744583 1039.8902160227299 549.44866912439466 2055.5589395798743 91.941845785826445 1023.6068913638592 30.254132069647312 150.52503855153918 451.32306960970163 9.8357640355825406 35.977357521653175 27.904563322663307 1244.85218334198 214.27287037670612 902.55428368598223 90.941113352775574
leaf_count=20676 3040 7011 2705 4793 10799 1997 3749 36 1792 316 11793 5813 209 1055 8171 5488 3320 12385 574 6384 194 1744 2455 57 179 150 7253 1204 5600 720
internal_value=9.87566e-06 -0.000610665 -0.00134229 0.00040931 -0.00516278 0.00909776 0.00302071 -0.000506959 0.0148279 0.0121068 -0.00271666 -0.000759627 0.00942145 0.0107066 0.00546383 -0.0021397 -0.00105605 -0.000300843 -0.00979589 0.00345809 -0.0105898 0.0267131 -0.00836009 -0.0125603 -0.0134341 -0.0321412 -0.00190264 -0.0069966 0.000936415 0.00675007
internal_weight=22201 21308.6 19815.3 13586.3 6229 1493.29 6711.04 2746.02 892.347 1221.26 4076.66 3026.97 1031.61 681.957 3965.02 6875.29 5621.12 2740.78 2152.34 2763.57 2060.4 189.657 1049.69 598.369 588.533 63.8819 5071.67 1254.16 1739.97 539.192
internal_count=131662 125055 113778 79059 34719 11277 41118 16170 6607 9280 23152 17606 7220 4815 24948 37941 31249 16134 11567 16777 10993 2060 5546 3091 3034 329 27929 6692 10393 3760
is_linear=0
shrinkage=0.05


Tree=39
num_leaves=31
num_cat=0
split_feature=2 5 4 15 1 0 8 8 10 3 2 3 2 5 4 15 10 0 0 9 16 8 4 0 5 0 16 2 7 16
split_gain=77.547 62.5412 42.6636 29.2955 22.6092 20.9953 19.9979 19.2371 18.2724 17.8204 15.9032 15.8243 14.1958 17.4309 12.9269 12.619 13.2065 13.864 12.1365 11.8465 11.4825 11.4626 11.2046 10.9135 10.8866 12.7219 10.7489 14.366 10.6526 14.7163
threshold=1.5000000000000002 6.5000000000000009 1.5000000000000002 9.5000000000000018 4.5000000000000009 23.500000000000004 1.0000000180025095e-35 1.0000000180025095e-35 1.0000000180025095e-35 3.5000000000000004 5.5000000000000009 2.5000000000000004 25.500000000000004 49.500000000000007 4.5000000000000009 83.500000000000014 1.5000000000000002 3.5000000000000004 1.0000000180025095e-35 7.5000000000000009 53.500000000000007 1.0000000180025095e-35 22.500000000000004 20.500000000000004 1.0000000180025095e-35 3.5000000000000004 1.5000000000000002 7.5000000000000009 1.5000000000000002 10.500000000000002
decision_type=2 2 2 2 2 2 2 2 2 2 2 2 2 2 2 2 2 2 2 2 2 2 2 2 2 2 2 2 2 2
left_child=3 2 7 6 8 9 11 18 24 -6 21 14 -12 20 -1 16 17 -5 -2 22 -14 -3 28 -19 -4 -26 -24 -28 -10 -30
right_child=1 10 4 15 5 -7 -8 -9 19 -11 12 -13 13 -15 -16 -17 -18 23 -20 -21 -22 -23 26 -25 25 -27 27 -29 29 -31
leaf_value=-0.0049932944405750596 -0.0044510084726121849 0.018766817329905604 0.00032307726672189637 0.00049669920297935367 0.009322631687134637 -0.015889893897978732 -0.0089852627059109885 -0.0043557762881286525 0.002236578025046987 0.024988716448750989 0.036407762637136361 0.0012873259991145851 -0.022485102709790775 0.048966359472843959 0.0052163979999320081 0.014284151637814525 -0.0092154982799794952 0.013217296813669191 0.0036901704109879442 -0.062332739287177724 0.048889091898320879 0.0014360257266463313 -0.079579378473492571 -0.026041303003375389 0.0061655926123094585 0.015304329157399694 0.0060195703656290723 -0.10292384891708353 -0.017732529830955527 0.017336781732408043
leaf_weight=4617.1117841675878 588.0471418350935 268.53596428781748 547.64473851770163 1852.7924231663346 490.68799941241741 58.705100148916245 1679.7789675444365 2306.3552274256945 1686.5144159644842 288.10789220035076 168.63114491477609 1697.0433830469847 33.482010994106531 17.78268925473094 332.35027878731489 190.83832467347383 283.52790132164955 343.43643199652433 2066.5514386817813 7.5295060202479354 6.7752888686954966 147.98657188564539 7.9637982472777393 18.664505057036877 1709.2346546277404 489.98887295275927 18.474106118083004 3.6187994405627242 144.70756762474775 37.710455611348152
leaf_count=24705 3261 2351 3212 10781 3575 401 8692 12445 10316 2691 2076 9842 302 239 1957 1301 1579 2161 12367 38 73 1211 47 125 10758 3518 119 23 767 221
internal_value=0.000326145 0.00327661 0.00234537 -0.00264561 0.0053818 0.0129446 -0.00411102 -0.00101542 0.00402067 0.0151181 0.0184092 -0.00287915 0.0290669 0.00773854 -0.00430773 0.00189147 0.00094487 0.0022455 0.00188674 0.000259858 -0.0104729 0.0126093 0.000508038 0.0111937 0.00663094 0.00820171 -0.0297773 -0.0118253 0.000995096 -0.0104828
internal_weight=22110.6 11095 10451.8 11015.5 5490.89 837.501 8326.28 4960.95 4653.39 778.796 643.194 6646.51 226.671 58.04 4949.46 2689.26 2498.42 2214.89 2654.6 1906.52 40.2573 416.523 1898.99 362.101 2746.87 2199.22 30.0567 22.0929 1868.93 182.418
internal_count=131154 70011 63759 61143 35686 6667 45196 28073 29019 6266 6252 36504 2690 614 26662 15947 14646 13067 15628 11531 375 3562 11493 2286 17488 14276 189 142 11304 988
is_linear=0
shrinkage=0.05


Tree=40
num_leaves=31
num_cat=0
split_feature=5 0 5 11 4 17 16 1 5 15 3 4 1 1 0 2 5 10 15 5 16 3 16 15 4 5 4 7 10 16
split_gain=76.1399 39.3555 38.9345 40.1469 24.8581 24.4502 25.3251 24.3719 23.563 20.6912 18.6798 18.8808 16.1959 15.5764 23.9056 18.0311 16.6783 15.0305 13.8442 13.6137 13.3045 17.9814 13.2112 12.6649 12.4659 21.2379 12.3192 12.7591 11.6643 11.3237
threshold=3.5000000000000004 3.5000000000000004 1.0000000180025095e-35 1.0000000180025095e-35 1.5000000000000002 1.0000000180025095e-35 1.0000000180025095e-35 1.0000000180025095e-35 56.500000000000007 18.500000000000004 1.0000000180025095e-35 18.500000000000004 4.5000000000000009 3.5000000000000004 21.500000000000004 14.500000000000002 8.5000000000000018 1.0000000180025095e-35 7.5000000000000009 41.500000000000007 56.500000000000007 16.500000000000004 1.5000000000000002 2.5000000000000004 60.500000000000007 44.500000000000007 4.5000000000000009 1.0000000180025095e-35 1.5000000000000002 9.5000000000000018
decision_type=2 2 2 2 2 2 2 2 2 2 2 2 2 2 2 2 2 2 2 2 2 2 2 2 2 2 2 2 2 2
left_child=2 8 5 9 23 6 7 18 10 12 -2 20 17 15 -15 -6 -16 29 -1 -17 -12 -22 -13 -3 -18 -26 27 -5 -8 -4
right_child=1 4 3 26 13 -7 28 -9 -10 -11 11 22 -14 14 16 19 24 -19 -20 -21 21 -23 -24 -25 25 -27 -28 -29 -30 -31
leaf_value=-0.047320126721116011 -0.0051945633435493245 -0.010623801605742202 0.00057895554394520293 -0.0023463717227804378 0.014150369112352673 -0.0032599439750630511 -0.0052364459877636705 -0.0089102562634746189 0.050112560614699923 0.0078748445549566646 0.0046724635510771214 -0.07768130450845441 0.0082144657875581322 0.032683770828401064 -0.031030088970126171 -0.098540728317108334 0.038694606958239286 -0.0035937038360461452 0.0067645010147205746 0.055372220647050885 0.022744804357253911 -0.087739174337733927 -0.012521105897416455 0.010169931763688654 -0.12390767046814317 0.042967844952437301 0.0051952463758180543 -0.0082012454327091092 -0.024775792063663576 0.0067148982445830495
leaf_weight=110.82299081981182 571.50850923359394 112.27033969759941 3613.0553467869759 2641.373998619616 385.33655431866646 4464.6079363971949 655.17284195870161 106.15257692337036 26.627891063690186 1370.2843139097095 1960.6306138932705 9.0329369604587537 729.27492618560791 303.29290933907032 26.963458437472582 6.050655134022235 25.536934852600098 1750.7898158207536 13.246257215738295 1.8840692490339277 148.65481103211641 3.7762393392622462 56.030398603528738 210.57415570318699 3.5381856113672248 4.1346973516047001 363.66302902251482 1436.6192853972316 86.459024786949158 949.51322063803673
leaf_count=570 3555 752 20331 14709 2993 23984 3499 559 303 8724 13238 68 4856 3577 213 51 293 9862 63 22 1204 35 476 1482 27 51 2287 7607 425 5725
internal_value=6.88759e-05 0.00645415 -0.00127717 0.000223022 0.0145547 -0.0048244 -0.0120113 -0.0264979 0.00330415 0.00225335 0.00285085 0.00496185 0.00115958 0.0195104 0.0269722 0.0126141 -0.00181619 0.000344644 -0.0415458 -0.0619947 0.00577871 0.0200077 -0.0215675 0.00293884 0.0219029 -0.0339832 -0.00362261 -0.00440896 -0.00751433 0.0018559
internal_weight=22146.9 3855.84 18291 12854.6 1079.58 5436.46 971.854 230.222 2776.26 8412.92 2749.63 2178.12 7042.63 756.737 363.466 393.271 60.1733 6313.36 124.069 7.93472 2113.06 152.431 65.0633 322.844 33.2098 7.67288 4441.66 4077.99 741.632 4562.57
internal_count=131541 28340 103201 74101 9461 29100 5116 1192 18879 49498 18576 15021 40774 7227 4161 3066 584 35918 633 73 14477 1239 544 2234 371 78 24603 22316 3924 26056
is_linear=0
shrinkage=0.05


Tree=41
num_leaves=31
num_cat=0
split_feature=15 4 10 4 5 16 4 5 5 0 2 0 17 2 15 0 2 6 7 5 6 7 0 11 4 5 2 15 5 16
split_gain=69.3868 45.8895 45.0294 42.3445 25.5254 19.2628 19.2495 22.3611 21.3832 16.7001 14.8516 20.4103 13.893 13.2551 14.1253 14.115 12.9462 13.5245 12.7011 12.5727 11.9944 11.5755 11.5028 11.442 11.6173 15.4099 11.379 11.2862 14.2167 12.103
threshold=30.500000000000004 4.5000000000000009 1.0000000180025095e-35 1.0000000180025095e-35 5.5000000000000009 27.500000000000004 33.500000000000007 44.500000000000007 4.5000000000000009 1.0000000180025095e-35 2.5000000000000004 3.5000000000000004 76.500000000000014 18.500000000000004 113.50000000000001 1.5000000000000002 1.5000000000000002 1.0000000180025095e-35 1.0000000180025095e-35 17.500000000000004 1.0000000180025095e-35 2.5000000000000004 14.500000000000002 1.0000000180025095e-35 6.5000000000000009 60.500000000000007 3.5000000000000004 1.0000000180025095e-35 1.5000000000000002 1.0000000180025095e-35
decision_type=2 2 2 2 2 2 2 2 2 2 2 2 2 2 2 2 2 2 2 2 2 2 2 2 2 2 2 2 2 2
left_child=1 2 3 19 12 10 8 -8 -3 27 18 21 13 14 15 -2 -11 -18 -5 20 -1 -12 -13 -6 -25 -26 -17 28 29 -4
right_child=4 6 9 5 23 -7 7 -9 -10 16 11 22 -14 -15 -16 26 17 -19 -20 -21 -22 -23 -24 24 25 -27 -28 -29 -30 -31
leaf_value=-0.0024496581839999207 -0.00039499800466940817 0.0046850869479787977 -0.047015308356008853 0.0012261936193495812 0.028930320124819754 0.010259509820934707 -0.026390233087233813 0.046963197288561569 0.018339062846375664 -0.0068806169715335116 0.0024781240140334579 0.015236921233293638 0.03728264650020343 -0.024251243806413712 0.017604362885098344 0.0054482644122642509 0.0027592809301851037 -0.0062287464591617055 -0.0042523008733947173 0.057219807267858872 -0.0079278711824165623 -0.027604047585773773 -0.012291791203231194 0.020935484401501815 -0.013469590736251669 0.047230312713607024 0.0186200446318317 -0.0084333444745549949 -0.0022535994025641667 -0.018672767315115798
leaf_weight=2927.9672334641218 865.6033263579011 1508.5149992778897 57.389747858047485 3718.5768582448363 178.68302073702216 629.56844920292497 77.110159911215305 12.007226578891276 354.04150034859776 1932.9536005854607 1770.4684220030904 488.54024917259812 34.118484206497669 37.72610305249691 220.4661167152226 708.8777626529336 1020.6247422769666 709.47270940989256 1478.6009828001261 8.3153393045067769 1516.7834212630987 32.567075692117214 41.142276003956795 126.3013269752264 64.8121039532125 12.467306118458508 213.30596055462956 1182.3721359521151 75.381535477936268 109.60152363777161
leaf_count=15941 5193 9726 314 21016 1865 4256 534 149 3588 10343 10754 3466 249 252 1520 4570 6267 4029 8191 77 8028 185 283 1085 638 154 1631 6149 415 541
internal_value=-9.06014e-05 -0.00108199 -0.00188429 -0.000282551 0.00782163 0.00185771 0.0061943 -0.016507 0.00728048 -0.00585496 0.00115524 0.00446972 0.0056393 0.00511162 0.00566322 0.00419066 -0.00406843 -0.0009265 -0.000332442 -0.0042042 -0.00431911 0.00193477 0.0130987 0.0196968 0.0115926 -0.00367702 0.00849497 -0.0104482 -0.0202772 -0.0284132
internal_weight=22114.4 19652 17700.3 12612.5 2462.36 8159.46 1951.67 89.1174 1862.56 5087.8 7529.9 2332.72 2080.1 2045.98 2008.25 1787.79 3663.05 1730.1 5197.18 4453.07 4444.75 1803.04 529.683 382.264 203.581 77.2794 922.184 1424.74 242.373 166.991
internal_count=131409 114252 100255 72197 17157 48151 13997 683 13314 28058 43895 14688 13415 13166 12914 11394 20639 10296 29207 24046 23969 10939 3749 3742 1877 792 6201 7419 1270 855
is_linear=0
shrinkage=0.05


Tree=42
num_leaves=31
num_cat=0
split_feature=5 5 11 9 4 2 16 8 2 2 2 7 1 3 4 16 1 16 5 2 0 14 4 5 5 5 6 17 0 3
split_gain=71.6559 49.2904 42.464 24.9353 21.0085 24.2627 18.4567 18.0487 16.9171 16.0782 15.3447 14.9036 14.8234 14.7399 17.5487 14.5983 14.1266 13.2146 14.5284 12.3206 12.3145 12.1182 11.579 21.2157 12.6546 11.3678 11.2986 14.0475 10.8902 10.5467
threshold=1.5000000000000002 9.5000000000000018 1.0000000180025095e-35 1.0000000180025095e-35 2.5000000000000004 3.5000000000000004 11.500000000000002 1.5000000000000002 34.500000000000007 49.500000000000007 1.0000000180025095e-35 1.5000000000000002 4.5000000000000009 1.0000000180025095e-35 16.500000000000004 70.500000000000014 2.5000000000000004 19.500000000000004 1.0000000180025095e-35 1.0000000180025095e-35 4.5000000000000009 43.000000000000007 12.500000000000002 52.500000000000007 14.500000000000002 4.5000000000000009 1.0000000180025095e-35 48.500000000000007 1.5000000000000002 1.0000000180025095e-35
decision_type=2 2 2 2 2 2 2 2 2 2 2 2 2 2 2 2 2 2 2 2 2 2 2 2 2 2 2 2 2 2
left_child=3 2 4 7 -2 -6 11 15 25 19 -8 13 22 -4 21 16 20 18 29 -9 26 -15 24 -24 -3 -7 27 -1 -12 -5
right_child=1 12 6 17 5 8 10 9 -10 -11 28 -13 -14 14 -16 -17 -18 -19 -20 -21 -22 -23 23 -25 -26 -27 -28 -29 -30 -31
leaf_value=-0.0018117816923153831 0.0027121174347081835 0.0089454441772685647 -0.0080108383836261874 -0.021858093978310397 0.005601881826595892 0.014696077258081012 -0.007498117387811064 -0.041871864349352549 -0.023633727884018085 -0.096702737036302777 0.0013532271467520931 -0.011816173825536748 0.0330856177071309 0.0023718272959857142 -0.044570364249466372 0.017887847680988719 0.0029757141865991016 0.0030360731887839236 -0.0037876516101587737 -0.0069427866801770946 0.0068975204797741205 -0.0064646917107791212 -0.018577857795596071 0.038212754040052303 0.034502633113838825 0.030256225880633245 -0.0067303828948601999 0.017150455981564946 0.01392303312128588 -0.0090339507401851326
leaf_weight=3182.1080201342702 3845.7625204473734 116.16459794342518 751.87672153860331 179.29205793142319 1589.1513703428209 416.523552659899 195.20507569611073 26.290993392467499 24.144814152270555 5.1872763931751242 309.16996122896671 434.99373842030764 138.49018474295735 1802.3000490069389 21.832287795841694 107.36246840655804 1895.6804956644773 352.42367935925722 1638.4372980967164 635.34425614029169 352.99473956227303 494.41929266601801 58.977655425667763 22.804101631045341 83.072707980871201 163.43491045758128 1304.5395415276289 100.76221188157797 389.270029168576 1515.439961232245
leaf_count=17055 23536 979 4146 914 10580 3337 1160 132 172 28 1923 2368 1860 10952 144 699 11128 2055 8684 3306 2020 3015 495 257 814 1843 6800 584 2835 7841
internal_value=-7.75623e-06 0.00289271 0.00221734 -0.00279569 0.00493921 0.0088443 -0.00151923 -0.00116086 0.0173738 -0.0090182 0.00489515 -0.00315446 0.0196971 -0.00192734 4.54608e-05 -0.000406274 -0.000693588 -0.00617139 -0.00714492 -0.00833074 -0.00210153 0.000469572 0.0130991 -0.00274231 0.0196016 0.019081 -0.002794 -0.00122977 0.00835891 -0.0103907
internal_weight=22153.5 10857.6 10438.1 11295.9 6039.02 2193.25 4399.07 7610.27 604.103 666.823 893.645 3505.42 419.509 3070.43 2318.55 6943.45 6836.09 3685.59 3333.17 661.635 4940.4 2296.72 281.019 81.7818 199.237 579.958 4587.41 3282.87 698.44 1694.73
internal_count=131662 70416 66011 61246 39468 15932 26543 41752 5352 3466 5918 20625 4405 18257 14111 38286 37587 19494 17439 3438 26459 13967 2545 752 1793 5180 24439 17639 4758 8755
is_linear=0
shrinkage=0.05


Tree=43
num_leaves=31
num_cat=0
split_feature=1 2 5 8 8 0 7 15 0 4 16 16 2 3 4 3 15 6 5 16 2 0 3 9 0 5 2 1 0 6
split_gain=62.7256 40.0385 33.3796 30.8078 24.8674 18.2173 19.2326 17.0271 16.2435 17.0659 17.6108 15.2166 13.9604 13.7577 14.5449 12.9876 12.9575 12.3854 12.2432 11.3606 10.5504 10.1836 10.105 12.7717 9.65875 12.0129 11.1752 15.7609 9.41742 8.92188
threshold=4.5000000000000009 1.5000000000000002 7.5000000000000009 1.0000000180025095e-35 1.0000000180025095e-35 14.500000000000002 2.5000000000000004 52.500000000000007 4.5000000000000009 13.500000000000002 38.500000000000007 35.500000000000007 1.0000000180025095e-35 1.0000000180025095e-35 18.500000000000004 2.5000000000000004 47.500000000000007 1.5000000000000002 1.0000000180025095e-35 35.500000000000007 3.5000000000000004 1.5000000000000002 1.5000000000000002 2.5000000000000004 1.0000000180025095e-35 8.5000000000000018 1.0000000180025095e-35 1.0000000180025095e-35 5.5000000000000009 5.5000000000000009
decision_type=2 2 2 2 2 2 2 2 2 2 2 2 2 2 2 2 2 2 2 2 2 2 2 2 2 2 2 2 2 2
left_child=1 4 5 8 7 6 15 12 22 10 29 13 16 -5 18 -2 17 21 -15 28 -20 -1 -3 -24 25 26 27 -6 -8 -10
right_child=2 3 -4 11 24 -7 19 -9 9 -11 -12 -13 -14 14 -16 -17 -18 -19 20 -21 -22 -23 23 -25 -26 -27 -28 -29 -30 -31
leaf_value=-0.005089345157423722 0.0053823215974448807 0.00051174966695195691 0.02751503043002821 -0.0078105824356251262 -0.039795463045222107 -0.0095583818751808613 -0.01401016787054667 0.0074411987139753168 0.010650859096427233 -0.039167681391691203 0.03935548447796728 0.0088940909183196203 5.4015718180760207e-05 -0.0060574218447265842 -0.041562820681562321 0.013919743544335611 -0.031801852162974917 -0.011377158264676451 -0.0014569825242611541 0.036560349274919732 0.0057350806974325796 0.00028784251886753299 0.0057675931362226908 -0.015843334428594865 -0.0055597534542846209 0.052501945625416491 -0.0096722115315483938 -0.009374789263002092 0.025440481239716539 -0.072572199431047341
leaf_weight=2214.5027798041701 1066.5775709152222 2143.4885989353061 196.48020261526108 938.22990889102221 85.398619070649147 173.19298160821199 171.37549363076687 476.82860408723354 566.52961388230324 16.18994965031743 56.877539165318012 314.36803712695837 3466.6717061474919 744.26256090402603 21.766771093010902 764.96228615194559 42.184586502611637 494.84792567789555 1287.5945872887969 13.745782218873499 844.26752068847418 1461.6855147406459 2475.89743398875 70.307843014597893 1403.0121988505125 6.9351798743009558 468.38126862049103 84.914127759635448 16.591963529586792 3.2388050332665435
leaf_count=11517 7011 12563 2601 4966 455 1153 967 3141 3966 136 478 2169 19442 3921 156 6300 257 2492 7250 99 5403 8344 15844 420 7416 54 2328 416 107 18
internal_value=0.000140482 -0.000790298 0.00776683 0.00154878 -0.00296382 0.00600828 0.00733426 -0.00172688 0.00406304 0.0115166 0.0128261 -0.00168153 -0.00229611 -0.00254819 -0.000844428 0.00894807 -0.00422982 -0.00395096 -0.000536268 -0.00731901 0.00139124 -0.00295133 0.00304135 0.00517086 -0.00788869 -0.0129497 -0.0136604 -0.0246284 -0.0105278 0.0101778
internal_weight=22091.3 19688.4 2402.93 9483.02 10205.4 2206.45 2033.25 8156.72 5332.53 642.836 626.646 4150.49 7679.89 3836.12 2897.89 1831.54 4213.22 4171.04 2876.12 201.713 2131.86 3676.19 4689.69 2546.21 2048.64 645.629 638.694 170.313 187.967 569.768
internal_count=131390 113152 18238 57290 55862 15637 14484 45193 33425 4598 4462 23865 42052 21696 16730 13311 22610 22353 16574 1173 12653 19861 28827 16264 10669 3253 3199 871 1074 3984
is_linear=0
shrinkage=0.05


Tree=44
num_leaves=31
num_cat=0
split_feature=15 1 17 4 10 11 5 16 0 10 0 2 4 5 4 4 5 3 3 2 8 2 2 11 3 1 0 10 3 0
split_gain=56.3943 44.6044 32.6442 23.577 29.0046 19.1352 22.4352 17.286 16.243 15.2538 13.5816 13.1579 12.633 16.5488 11.9927 16.9521 13.7787 11.1572 10.4854 10.3666 23.1006 10.2797 10.2518 10.1083 9.76089 9.85165 9.65254 9.54462 9.02877 10.2669
threshold=53.500000000000007 1.5000000000000002 14.500000000000002 1.0000000180025095e-35 1.0000000180025095e-35 1.0000000180025095e-35 1.5000000000000002 20.500000000000004 2.5000000000000004 1.5000000000000002 55.500000000000007 1.5000000000000002 53.500000000000007 44.500000000000007 6.5000000000000009 33.500000000000007 5.5000000000000009 6.5000000000000009 5.5000000000000009 1.0000000180025095e-35 1.0000000180025095e-35 47.500000000000007 1.0000000180025095e-35 1.5000000000000002 2.5000000000000004 33.500000000000007 1.5000000000000002 1.0000000180025095e-35 15.500000000000002 5.5000000000000009
decision_type=2 2 2 2 2 2 2 2 2 2 2 2 2 2 2 2 2 2 2 2 2 2 2 2 2 2 2 2 2 2
left_child=1 3 5 9 23 6 -3 12 -2 19 18 -11 24 -14 21 -16 -17 -7 -10 20 -1 -8 -9 -5 25 -4 -26 -27 -19 -30
right_child=8 2 7 4 -6 17 14 22 10 11 -12 -13 13 -15 15 16 -18 28 -20 -21 -22 -23 -24 -25 26 27 -28 -29 29 -31
leaf_value=-0.0075435911377618242 0.0057439061366818117 -0.00041833196976657464 0.0038862095218403035 0.001857414780480227 -0.0050825729894798475 -0.0037815482804562867 0.0050148012910141348 -0.0051024175637534907 0.014177006064931967 -0.044658766665108429 -0.039995322847353458 0.0093535498485726957 -0.1167545351998865 0.05410219416967809 0.022989416153838416 -0.082148865372334789 0.022085914194239425 0.018184466162521649 0.031679754297472794 -0.0040957901442661036 -0.031851748004569198 -0.040044504779345381 0.025440226981959958 -0.0075381842148302472 0.0029216986426303074 -0.0066437610994358361 0.017473977578547798 -0.10855834334812045 -0.03999864898076344 0.018197088078200589
leaf_weight=751.10867719352245 937.50464894995093 3575.0252406075597 788.42088067531586 4174.9394107758999 3090.9632722958922 2401.9324913956225 2432.9464902095497 31.893703259527683 401.08037445321679 46.081865854561329 10.331126611679791 14.928495086729525 4.492485247552394 2.0703771151602268 157.83729911595583 7.2628029957413656 5.6267400830984116 102.63741957396269 108.77487375214696 1893.2166697084904 112.35720111429691 12.723845042288302 198.27278426662087 307.33810440450907 178.39593870192766 5.7908763363957387 315.44119550287724 3.8080728054046631 16.227695994079117 14.219767089933155
leaf_count=3783 6369 20118 4899 23643 16645 14320 16194 231 3072 238 76 77 33 31 1549 49 57 810 1176 9935 572 85 1746 1755 1145 38 2607 26 117 122
internal_value=0.000170713 -0.000500362 0.00183902 -0.00280914 -0.00135638 0.000658339 0.00215652 0.00857929 0.00967545 -0.00671378 0.0167611 -0.0314426 0.00634065 -0.0628546 0.00567477 0.018487 -0.0366467 -0.00300075 0.0179111 -0.00616649 -0.0107067 0.00478038 0.021208 0.00121318 0.00669217 0.00327322 0.012217 -0.0470751 0.0110913 -0.0128197
internal_weight=22103.7 20646 10255 10390.9 7573.24 8726.44 6191.42 1528.59 1457.69 2817.69 520.186 61.0104 1298.42 6.56286 2616.4 170.727 12.8895 2535.02 509.855 2756.68 863.466 2445.67 230.166 4482.28 1291.86 798.02 493.837 9.59895 133.085 30.4475
internal_count=131518 120825 64177 56648 42043 53421 38052 10756 10693 14605 4324 315 8779 64 17934 1655 106 15369 4248 14290 4355 16279 1977 25398 8715 4963 3752 64 1049 239
is_linear=0
shrinkage=0.05


Tree=45
num_leaves=31
num_cat=0
split_feature=5 9 15 5 2 6 16 16 1 2 15 10 1 0 4 5 1 0 16 8 4 4 2 10 6 4 15 0 0 0
split_gain=56.5589 42.9044 35.9901 29.8578 21.5796 19.9485 18.8802 16.6068 15.7995 15.5171 15.3308 14.5667 12.9737 12.7216 11.8387 24.8684 11.7039 12.8019 11.683 13.3824 11.4467 11.3831 11.1952 11.1365 11.8425 11.1297 10.3518 16.9052 10.0473 9.99811
threshold=9.5000000000000018 1.0000000180025095e-35 10.500000000000002 1.0000000180025095e-35 4.5000000000000009 1.5000000000000002 34.500000000000007 9.5000000000000018 7.5000000000000009 54.500000000000007 113.50000000000001 1.0000000180025095e-35 6.5000000000000009 1.5000000000000002 18.500000000000004 53.500000000000007 17.500000000000004 4.5000000000000009 5.5000000000000009 1.5000000000000002 46.500000000000007 5.5000000000000009 28.500000000000004 1.0000000180025095e-35 5.5000000000000009 1.0000000180025095e-35 2.5000000000000004 1.0000000180025095e-35 9.5000000000000018 2.5000000000000004
decision_type=2 2 2 2 2 2 2 2 2 2 2 2 2 2 2 2 2 2 2 2 2 2 2 2 2 2 2 2 2 2
left_child=1 2 4 18 5 6 8 10 13 11 23 25 20 -1 -2 -16 17 -6 26 28 21 22 -13 29 -25 -5 27 -3 -20 -4
right_child=14 3 7 9 16 -7 -8 -9 -10 -11 -12 12 -14 -15 15 -17 -18 -19 19 -21 -22 -23 -24 24 -26 -27 -28 -29 -30 -31
leaf_value=-0.0026146567556697914 0.024060139036296002 -0.028077348571653577 0.002674730802674375 -0.0033781350631982908 0.0053578078406460996 -0.0076774391841373385 0.0088731227259023771 0.012187114782622889 0.014453980997451189 -0.043771197373932758 0.021419092139826134 -0.0064600684505477504 0.016061388567475073 0.001247329564989536 -0.008664865226490532 0.04448922791273368 -0.013556748406949259 0.019923563175925755 0.0021682655375977258 -0.018841285216704095 -0.04513381271169864 0.0064954467766762773 -0.069297883330583163 -0.0015592583941870326 -0.090653693459827406 0.0029030845598398687 -0.0074162721387981516 -0.010154684461934687 -0.050660529160629575 0.010498803721803394
leaf_weight=4758.0187110155821 291.32103641703725 200.8145248144865 1258.5593193881214 1055.8408861979842 877.50039341300726 934.95010916516185 561.29777089878917 787.33485981449485 171.23572684451938 21.498286530375481 120.01237671822309 1473.9591634124517 71.091555114835501 3864.1055742651224 84.999538253992796 29.691022761166096 67.865764584392309 182.16708513721824 437.2873972132802 103.9124366119504 18.244770273566246 181.77791190892458 7.1223401799798003 745.57041393220425 3.7485327646136275 2123.8295906670392 737.2632220685482 381.56103973090649 9.1892718225717527 604.39474422857165
leaf_count=25395 3147 1018 7467 5763 5688 4970 3711 5495 1178 137 879 8179 557 22996 839 411 457 1611 2370 514 111 1226 44 4533 20 13326 3814 1955 56 4091
internal_value=0.000213031 -0.000131964 0.00136863 -0.00341683 5.91773e-06 -0.000713661 -1.76672e-05 0.00578905 -0.000585184 -0.00138461 0.00394539 -0.00119984 -0.00486038 -0.000883863 0.018703 0.00509563 0.00657263 0.0078618 -0.00879984 -0.00268033 -0.00574513 -0.00531296 -0.00676225 0.00314262 -0.00200496 0.000817344 -0.0113521 -0.0163348 0.00108096 0.00521308
internal_weight=22166.2 21760.2 14936.8 6823.39 11417.1 10289.6 9354.66 3519.62 8793.36 4953.36 2732.29 4931.87 1752.2 8622.12 406.012 114.691 1127.53 1059.67 1870.03 550.389 1681.1 1662.86 1481.08 2612.27 749.319 3179.67 1319.64 582.376 446.477 1862.95
internal_count=131958 127561 88491 39070 66006 58250 53280 22485 49569 29343 16990 29206 10117 48391 4397 1250 7756 7299 9727 2940 9560 9449 8223 16111 4553 19089 6787 2973 2426 11558
is_linear=0
shrinkage=0.05


Tree=46
num_leaves=31
num_cat=0
split_feature=1 6 0 15 5 11 5 2 15 4 1 3 1 16 1 1 0 9 3 3 2 16 4 5 5 15 5 16 0 16
split_gain=53.0413 33.6636 32.377 25.4922 21.4379 18.0928 19.9316 16.9696 16.9155 14.4319 13.2254 12.5948 12.5092 12.1397 12.0291 11.7888 10.2897 10.2814 10.0439 9.97658 9.69047 9.67658 9.61535 12.4737 9.50709 9.493 9.15985 18.5213 8.96125 8.93539
threshold=4.5000000000000009 1.5000000000000002 4.5000000000000009 30.500000000000004 9.5000000000000018 1.0000000180025095e-35 1.0000000180025095e-35 26.500000000000004 12.500000000000002 1.0000000180025095e-35 7.5000000000000009 1.0000000180025095e-35 17.500000000000004 58.500000000000007 31.500000000000004 1.0000000180025095e-35 29.500000000000004 1.5000000000000002 4.5000000000000009 17.500000000000004 4.5000000000000009 11.500000000000002 28.500000000000004 47.500000000000007 1.0000000180025095e-35 65.500000000000014 1.0000000180025095e-35 1.0000000180025095e-35 48.500000000000007 10.500000000000002
decision_type=2 2 2 2 2 2 2 2 2 2 2 2 2 2 2 2 2 2 2 2 2 2 2 2 2 2 2 2 2 2
left_child=1 2 3 5 7 6 17 8 10 26 -2 -8 -12 22 -6 -13 -10 -1 -18 21 25 -11 24 -24 -5 -4 27 -7 -22 -17
right_child=4 -3 20 13 14 9 11 -9 16 19 12 15 -14 -15 -16 29 18 -19 -20 -21 28 -23 23 -25 -26 -27 -28 -29 -30 -31
leaf_value=-0.0025602618262357342 0.0014578588217120864 -0.0070877479428197235 0.0042572160736959628 -0.0037392869338254984 0.036067131701740557 -0.046400469505471997 -0.00279129903649938 -0.012249106426415414 0.015960110609526432 -0.003566419145571282 0.01657922789151239 -0.0018113045520610962 -0.0023672578354020559 0.021142390817703832 0.00065209129952661059 0.0025055632874513476 0.0023189300085102063 -0.011518457336309493 -0.080400265996146025 -0.031766492799817463 0.018007994328840586 0.0035652209636098005 -0.039698772575387731 0.0460525946574619 0.0061987582855093405 0.025183780871472983 -0.007464658565120851 -0.0068321305931682563 -0.067844944363309054 0.0084359682631154342
leaf_weight=3158.6627942994237 1139.5878957137465 2008.4981463700533 1126.8424453139305 296.48946201056242 93.956651046872139 47.438231639564037 1544.7247264310718 122.4947199895978 507.72035778313875 2554.7154035121202 330.77807984501123 1283.143328346312 118.26720317080617 107.67713559046388 32.192579906433821 3130.0393434837461 11.770422801375391 356.44115760177374 5.3320824578404418 28.869106858968735 212.82671143859625 584.46219792962074 24.098238214850429 5.1465755775570861 1277.7705669254065 56.931596081703901 1051.0159123688936 78.536292880773544 3.083509884774684 796.86609926819801
leaf_count=16640 7863 10709 7198 1712 1461 267 8487 798 4160 14180 2580 7078 780 904 359 18607 80 1764 41 182 1748 3640 161 58 8447 448 5582 388 21 5217
internal_value=-0.000105332 -0.000952862 -0.000257721 -0.000883411 0.0069754 -0.00155947 -0.000415171 0.00584398 0.00689264 -0.00426411 0.0043216 0.00117382 0.0115892 0.00489067 0.0270294 0.00234944 0.0146752 -0.00346865 -0.0234706 -0.0025077 0.00704041 -0.00223863 0.00379935 -0.024608 0.00432707 0.00526364 -0.00899175 -0.0217324 0.0167819 0.00370899
internal_weight=22096.4 19734.3 17725.8 16326.1 2362.1 14614.9 10269.9 2235.95 2113.46 4345.04 1588.63 6754.77 449.045 1711.18 126.149 5210.05 524.823 3515.1 17.1025 3168.05 1399.68 3139.18 1603.5 29.2448 1574.26 1183.77 1176.99 125.975 215.91 3926.91
internal_count=131560 113438 102729 93314 18122 82032 57793 16302 15504 24239 11223 39389 3360 11282 1820 30902 4281 18404 121 18002 9415 17820 10378 219 10159 7646 6237 655 1769 23824
is_linear=0
shrinkage=0.05


Tree=47
num_leaves=31
num_cat=0
split_feature=16 7 1 5 5 5 11 11 3 3 15 16 1 2 16 1 3 16 16 1 14 4 10 1 3 1 2 8 14 1
split_gain=54.0899 39.4338 45.0789 24.9392 24.0269 18.9253 15.8832 12.6808 12.5151 12.1474 14.7027 12.0587 11.8736 10.9373 10.435 10.313 10.1176 9.46111 9.69172 9.23085 10.2656 9.16301 12.9345 9.08937 10.7998 9.00588 8.77861 8.69977 9.73269 11.454
threshold=19.500000000000004 1.0000000180025095e-35 1.5000000000000002 9.5000000000000018 4.5000000000000009 1.5000000000000002 1.0000000180025095e-35 1.5000000000000002 4.5000000000000009 1.0000000180025095e-35 21.500000000000004 104.50000000000001 1.0000000180025095e-35 4.5000000000000009 10.500000000000002 4.5000000000000009 48.500000000000007 14.500000000000002 3.5000000000000004 5.5000000000000009 43.000000000000007 1.5000000000000002 1.0000000180025095e-35 2.5000000000000004 23.500000000000004 47.500000000000007 23.500000000000004 1.5000000000000002 15.000000000000002 1.0000000180025095e-35
decision_type=2 2 2 2 2 2 2 2 2 2 2 2 2 2 2 2 2 2 2 2 2 2 2 2 2 2 2 2 2 2
left_child=1 2 12 11 9 7 23 15 -6 10 25 13 -1 16 19 17 -2 18 -3 20 -11 22 -14 24 -7 -4 -21 -15 29 -29
right_child=3 5 4 -5 8 6 -8 -9 -10 14 -12 -13 21 27 -16 -17 -18 -19 -20 26 -22 -23 -24 -25 -26 -27 -28 28 -30 -31
leaf_value=-0.0033515049723943841 0.003453324367262544 -0.0086054688258618683 -0.0038143238325365051 0.025589328425178134 0.009258862759322745 -0.0011526994891770991 -0.0050207624809817213 -0.018062425429457695 0.025199916052708937 0.004223468291415431 0.013633298590326146 0.018755721251291557 3.2095216608001768e-05 0.017335712349345847 0.012751395290561372 0.0010806910385850056 -0.081843113484866378 -0.022110691837550087 -0.0022164907371788251 0.013722577693852876 -0.0028173530665881077 0.0032182503878093738 -0.011030401875339366 0.0063280153912605892 -0.086760212857210889 -0.081163573132165392 -0.016310101589886345 -0.11446339230656616 0.0080861772552570602 -0.014143437085218081
leaf_weight=4388.295293495059 2014.8174301832914 1687.1439052149653 868.97278824448586 166.31187169253826 469.23990995064378 667.17758826911449 1277.2770576290786 223.64169551432133 166.92093420773745 2393.1934942379594 134.09705571830273 162.78990767896175 1521.4090729281306 259.60784990713 340.52458518370986 471.33556292206049 3.4826235696673384 98.936325788497925 915.76768813282251 313.24762241542339 660.60367673635483 1678.9400081411004 319.7654527425766 773.26986558362842 3.7045558989047995 3.7795405238866797 26.381199158728123 3.6167551577091244 51.942703910171986 13.338622733950613
leaf_count=23204 12932 8679 4902 1961 3618 3973 7513 1064 1901 14682 827 1240 8376 2171 2239 2742 25 523 4734 2316 4045 10011 1688 5473 26 22 165 21 373 100
internal_value=0.000174631 -0.000744394 0.000785249 0.00683869 0.00431745 -0.00406591 -0.000959093 -0.00655499 0.0134416 0.0030931 -0.00178092 0.00559608 -0.00161631 0.00468324 0.00440736 -0.00574396 0.00330614 -0.00693452 -0.00635767 0.00357005 0.00270038 0.00054684 -0.00188918 0.00263324 -0.00162542 -0.00414929 0.0113897 0.0131439 -0.00265061 -0.0355427
internal_weight=22079.5 19403.6 13285.4 2675.91 5376.96 6118.25 2721.43 3396.83 636.161 4740.8 1006.85 2509.6 7908.41 2346.81 3733.95 3173.18 2018.3 2701.85 2602.91 3393.43 3053.8 3520.11 1841.17 1444.15 670.882 872.752 339.629 328.506 68.8981 16.9554
internal_count=131546 112723 77996 18823 34717 34727 16985 17742 5519 29198 5751 16862 43279 15622 23447 16678 12957 13936 13413 21208 18727 20075 10064 9472 3999 4924 2481 2665 494 121
is_linear=0
shrinkage=0.05


Tree=48
num_leaves=31
num_cat=0
split_feature=3 9 15 11 5 4 0 6 17 3 5 11 4 17 7 4 8 5 5 4 3 15 14 2 4 5 14 14 4 0
split_gain=45.2946 35.2748 29.9844 25.4881 19.1922 20.1014 18.4508 17.7029 17.3877 15.0982 13.9803 12.9729 16.0441 12.7775 12.5929 11.3696 14.9507 11.1754 10.937 17.5871 10.6613 10.1081 17.7693 9.9889 9.97716 11.6831 9.85015 9.84101 9.76297 9.73215
threshold=2.5000000000000004 1.0000000180025095e-35 10.500000000000002 1.0000000180025095e-35 42.500000000000007 38.500000000000007 3.5000000000000004 1.0000000180025095e-35 46.500000000000007 4.5000000000000009 9.5000000000000018 1.5000000000000002 7.5000000000000009 1.0000000180025095e-35 1.0000000180025095e-35 3.5000000000000004 4.5000000000000009 1.0000000180025095e-35 11.500000000000002 12.500000000000002 1.0000000180025095e-35 1.0000000180025095e-35 13.000000000000002 2.5000000000000004 30.500000000000004 42.500000000000007 1.0000000180025095e-35 45.000000000000007 1.5000000000000002 5.5000000000000009
decision_type=2 2 2 2 2 2 2 2 2 2 2 2 2 2 2 2 2 2 2 2 2 2 2 2 2 2 2 2 2 2
left_child=2 6 3 7 5 10 11 -1 13 -8 14 -2 -13 21 23 16 -15 -11 -4 -20 -9 28 -23 -3 -19 29 -10 -25 -5 -26
right_child=1 4 18 8 -6 -7 9 20 26 17 -12 12 -14 15 -16 -17 -18 24 19 -21 -22 22 -24 27 25 -27 -28 -29 -30 -31
leaf_value=0.00044164062123233563 0.0055577103962488718 -0.001071758537929542 0.0022111042265820675 -0.034416626285454714 0.041880684574444382 -0.031787913495223107 0.0072452673167597683 -0.0089145225523315167 -0.056845357576286115 -0.0017730672507601864 0.024865681976780154 -0.0041666512345717097 -0.060437205089866643 -0.0072737356304783483 -0.005335589481649603 0.0024879545301087179 0.020376939621424145 0.025462396245940662 0.038330759211199703 -0.01304461627560706 -0.0021287366229455866 -0.03100542968540624 -0.0050258355485057853 0.0090462974257713349 -0.09555637677533399 0.053904579748662987 0.011568411931689454 -0.0055299507309506373 -0.0062703236150490936 -0.0076648823663905104
leaf_weight=5619.0267789512873 2510.7117183543742 1331.3984999880195 3334.264981508255 95.476533845067024 26.58578822389245 51.416244357824326 538.1266317628324 915.24351631104946 5.432890072464942 51.752624198794365 54.363197717815638 154.66224493831396 13.797669865190981 2537.6415342912078 994.95684868842363 383.12519649416208 49.846796683967113 333.46701658517122 50.708638783544302 24.807487595826387 1574.747420348227 81.059563972055912 350.04971243441105 590.94021785631776 3.8433305844664636 6.3161177262663832 166.61587443202734 144.01409607753158 45.487352170050144 17.449038811028004
leaf_count=31514 16181 7710 20120 523 353 343 4003 4762 35 329 654 1009 118 13501 5915 2339 233 3403 546 235 8733 440 1871 4050 32 101 1038 986 258 135
internal_value=2.29454e-05 0.0034083 -0.00149351 -0.00268476 -0.0004244 -0.000779525 0.00678019 -0.00111352 -0.00611466 0.0127634 -0.000267811 0.00465647 -0.00877548 -0.00686851 -0.000714135 -0.00555078 -0.00674106 0.0199564 0.00263727 0.0214536 -0.00462298 -0.0137111 -0.00991066 0.00151111 0.0230709 -0.00581459 0.00940807 0.00619009 -0.0253342 -0.0235295
internal_weight=22057.3 6823.8 15233.5 11823.8 3193.67 3167.09 3630.13 8109.02 3714.74 950.955 3115.67 2679.17 168.46 3542.69 3061.31 2970.61 2587.49 412.828 3409.78 75.5161 2489.99 572.073 431.109 2066.35 361.076 27.6085 172.049 734.954 140.964 21.2924
internal_count=131470 45322 86148 65247 20011 19658 25311 45009 20238 8003 19315 17308 1127 19165 18661 16073 13734 4000 20901 781 13495 3092 2311 12746 3671 268 1073 5036 781 167
is_linear=0
shrinkage=0.05


Tree=49
num_leaves=31
num_cat=0
split_feature=2 0 1 5 11 2 5 5 10 5 4 4 16 8 0 6 2 9 7 16 16 9 10 1 0 4 3 4 3 16
split_gain=47.1318 28.3307 27.6154 24.9519 22.3102 22.2847 27.4138 15.6685 15.8244 12.2105 21.4869 11.9318 13.4888 11.001 10.8532 10.8474 10.4344 10.0783 10.0195 12.5322 9.9938 9.74747 9.73855 11.1886 9.7731 9.71499 9.3121 9.30153 9.31704 12.9641
threshold=3.5000000000000004 3.5000000000000004 7.5000000000000009 1.0000000180025095e-35 1.0000000180025095e-35 26.500000000000004 4.5000000000000009 11.500000000000002 1.0000000180025095e-35 39.500000000000007 31.500000000000004 16.500000000000004 46.500000000000007 1.5000000000000002 11.500000000000002 5.5000000000000009 33.500000000000007 1.0000000180025095e-35 1.0000000180025095e-35 38.500000000000007 42.500000000000007 1.5000000000000002 1.5000000000000002 5.5000000000000009 1.0000000180025095e-35 2.5000000000000004 6.5000000000000009 4.5000000000000009 1.5000000000000002 16.500000000000004
decision_type=2 2 2 2 2 2 2 2 2 2 2 2 2 2 2 2 2 2 2 2 2 2 2 2 2 2 2 2 2 2
left_child=2 9 3 21 7 6 13 8 -5 10 16 12 18 -3 -4 17 27 -10 19 -6 -7 22 -1 24 -24 -20 -12 28 -2 -30
right_child=1 5 14 4 11 20 -8 -9 15 -11 26 -13 -14 -15 -16 -17 -18 -19 25 -21 -22 -23 23 -25 -26 -27 -28 -29 29 -31
leaf_value=-0.0026248356667456577 -0.0013560858052662423 0.012429244856217478 0.01713078894751795 0.0028593434845987156 -0.00098752091196734125 -0.016388890231403545 0.028661287374189062 0.032122627940163143 0.00032837960409081102 0.039207744774637891 -0.087792501977987825 -0.023069948955380185 0.0080441104318985587 -0.0035074139827679304 -0.0042140737771968299 -0.074389796964917862 -0.015125076141401794 -0.0069435663959366957 -0.0083587556558078879 -0.032066836000449836 0.022814231901978649 -0.010434204338788021 -0.020634769664139754 -0.081961364901812606 -0.0040579918721066807 0.00059322344130132755 -0.021825544187313417 0.01085390501391079 0.0027332034852465235 0.016155694916657883
leaf_weight=3622.7291098460555 1080.591289691627 591.23520376905799 290.57856145501137 5735.3080669417977 3144.8731947243214 89.957879960536957 251.89991527795792 41.911547809839249 1527.7820404954255 22.570778001099825 8.3740444481372851 70.108162615448236 296.72906817495823 132.56711569055915 74.906071022152901 5.1784037053585044 79.98224463313818 692.39414662495255 1220.6034053936601 32.773884728550911 19.842370357364416 568.2525584474206 137.23573680222034 5.4612140655517569 252.52237023413181 403.17859269678593 14.813161969184874 346.58699206262827 1119.1766148209572 214.3475805670023
leaf_count=19207 6362 4580 2113 34122 17774 665 3341 460 8964 313 62 522 2063 866 512 26 503 3975 6345 216 205 2779 673 32 1264 2338 103 2743 7087 1537
internal_value=0.000232648 0.00516544 -0.000848481 -0.0011285 -2.2496e-05 0.0120514 0.0144546 0.00163126 0.00147073 0.00257585 0.00228715 -0.00258319 -0.00230146 0.00951039 0.0127562 -0.00210807 0.00267843 -0.00193948 -0.00294082 -0.00130807 -0.00930436 -0.00430476 -0.00343788 -0.0108906 -0.00989476 -0.00613601 -0.0456495 0.00319423 0.00209455 0.0048907
internal_weight=22094.5 3971.95 18122.5 17757 13170.8 1085.5 975.702 8002.57 7960.66 2886.44 2863.87 5168.27 5098.16 723.802 365.485 2225.35 2840.68 2220.18 4801.43 3177.65 109.8 4586.2 4017.95 395.219 389.758 1623.78 23.1872 2760.7 2414.12 1333.52
internal_count=131752 28367 103385 100760 76805 9657 8787 47547 47087 18710 18397 29258 28736 5446 2625 12965 18232 12939 26673 17990 870 23955 21176 1969 1937 8683 165 17729 14986 8624
is_linear=0
shrinkage=0.05


Tree=50
num_leaves=31
num_cat=0
split_feature=16 15 17 11 9 3 2 5 1 4 5 16 8 0 0 4 5 0 11 1 8 5 4 14 16 1 0 1 5 4
split_gain=39.8163 30.5872 27.2589 26.877 18.9366 18.2117 14.8103 14.559 14.4744 14.2631 13.718 18.7953 13.5851 12.8042 12.2309 13.2494 14.0931 12.1929 11.0419 12.8519 10.8205 10.424 13.5488 11.5588 10.6048 10.3782 10.3615 9.92737 9.65969 9.57768
threshold=27.500000000000004 53.500000000000007 52.500000000000007 1.0000000180025095e-35 1.0000000180025095e-35 1.5000000000000002 3.5000000000000004 52.500000000000007 42.500000000000007 5.5000000000000009 1.0000000180025095e-35 1.0000000180025095e-35 3.5000000000000004 13.500000000000002 5.5000000000000009 9.5000000000000018 10.500000000000002 33.500000000000007 1.5000000000000002 43.500000000000007 1.0000000180025095e-35 1.0000000180025095e-35 38.500000000000007 55.000000000000007 5.5000000000000009 2.5000000000000004 2.5000000000000004 56.500000000000007 2.5000000000000004 28.500000000000004
decision_type=2 2 2 2 2 2 2 2 2 2 2 2 2 2 2 2 2 2 2 2 2 2 2 2 2 2 2 2 2 2
left_child=1 2 3 4 6 8 12 14 10 13 11 -5 -1 25 15 16 -2 26 -7 -20 -17 24 23 -23 -6 -8 -3 -10 -16 -4
right_child=7 17 29 5 21 18 9 -9 27 -11 -12 -13 -14 -15 28 20 -18 -19 19 -21 -22 22 -24 -25 -26 -27 -28 -29 -30 -31
leaf_value=0.00035202476034216725 0.0054021915134466747 0.0044563967051587721 0.0092890720102426459 -0.03876527774138129 -0.0088600971404689862 0.00091113306264228313 0.0014222699137467669 0.0422166142156358 -0.099705642466815958 0.020718166892447123 -0.0056446531928752239 -0.0094563230700431163 -0.032652422426291253 -0.026269250550290231 0.0047698238021402963 -0.0022029626511684995 0.035091915340298832 -0.034819823071339101 -0.0057818588727151423 -0.085473570951800096 -0.041791988873879748 -0.0016055697553551925 -0.056156565926065598 0.013720638408441073 0.00096797605840255618 0.010499614904755504 0.014287745612317444 -0.00044531642833805737 0.027191287021794228 -0.029285087552562969
leaf_weight=7342.2979020811617 1474.8177029415965 800.1309656240046 718.8330905996263 74.623019970953465 1094.1318003684282 1808.7527686916292 834.89304806292057 29.195513505488634 7.0556053146719915 142.09694749489427 2697.8214100748301 204.88299676775932 31.31167858839035 33.899890601634979 79.819445855915546 54.801601406186819 41.083436720073223 17.059740733355284 738.07240828499198 5.0941183418035498 25.195220679044724 2193.4376766644418 11.084627717733381 130.33152259141207 366.38981495052576 505.54583415016532 402.9759326428175 3.9176252335309982 120.64139058813453 16.46037944406271
leaf_count=41293 9979 5310 4793 411 5524 10922 5023 434 45 1367 14428 1022 145 236 568 480 465 125 4268 35 216 13022 68 776 1890 3669 3288 25 1340 128
internal_value=0.000120451 -0.000519209 -0.001013 -0.00139379 -0.000124884 -0.00429921 0.00113736 0.00719174 -0.00694834 0.00563752 -0.00673708 -0.0172813 0.000211873 0.00407829 0.0066225 0.00516027 0.00620683 0.00715419 -0.00119707 -0.00632811 -0.0146716 -0.00308149 -0.00100904 -0.00074598 -0.0063946 0.00484579 0.00774937 -0.0642681 0.0182635 0.00842555
internal_weight=22006.7 20181.1 18960.9 18225.6 12685.4 5540.22 8890.05 1825.55 2988.3 1516.44 2977.33 279.506 7373.61 1374.34 1796.36 1595.9 1515.9 1220.17 2551.92 743.167 79.9968 3795.38 2334.85 2323.77 1460.52 1340.44 1203.11 10.9732 200.461 735.293
internal_count=131295 117813 109090 104169 73013 31156 51733 13482 15931 10295 15861 1433 41438 8928 13048 11140 10444 8723 15225 4303 696 21280 13866 13798 7414 8692 8598 70 1908 4921
is_linear=0
shrinkage=0.05


Tree=51
num_leaves=31
num_cat=0
split_feature=4 10 0 2 15 16 16 8 1 15 8 0 16 1 2 11 1 0 2 16 2 0 11 17 6 14 15 4 4 8
split_gain=42.1711 59.7841 25.773 20.2853 18.0361 17.9356 17.528 15.4135 14.4878 13.9394 13.6986 11.2767 18.9091 17.0174 11.7318 11.4056 11.161 19.4442 10.697 10.425 10.0457 13.8435 9.85355 24.4694 9.81999 9.61914 9.50541 8.92629 14.7129 11.0416
threshold=1.0000000180025095e-35 1.0000000180025095e-35 4.5000000000000009 2.5000000000000004 66.500000000000014 11.500000000000002 9.5000000000000018 2.5000000000000004 34.500000000000007 53.500000000000007 1.0000000180025095e-35 1.0000000180025095e-35 1.0000000180025095e-35 1.0000000180025095e-35 1.0000000180025095e-35 1.5000000000000002 3.5000000000000004 1.5000000000000002 2.5000000000000004 2.5000000000000004 6.5000000000000009 32.500000000000007 2.5000000000000004 5.5000000000000009 1.0000000180025095e-35 57.000000000000007 103.50000000000001 4.5000000000000009 21.500000000000004 3.5000000000000004
decision_type=2 2 2 2 2 2 2 2 2 2 2 2 2 2 2 2 2 2 2 2 2 2 2 2 2 2 2 2 2 2
left_child=4 2 6 19 7 26 9 11 20 10 18 12 13 14 -1 25 -8 -18 -2 -4 -5 -22 -12 -24 -13 -15 27 -3 29 -29
right_child=1 5 3 8 -6 -7 16 -9 -10 -11 22 24 -14 15 -16 -17 17 -19 -20 -21 21 -23 23 -25 -26 -27 -28 28 -30 -31
leaf_value=-0.044829546090293632 0.0007930432243559919 -0.0052596128814554922 -0.0031182010386768075 0.014941554413342781 0.01279047552097411 0.0026726947745836721 0.0047288907458495474 -0.017081098878883122 -0.0086256099853241949 0.0099348884408068452 -0.0024172884871780805 -0.00027399228802572846 -0.0050078679808504218 -0.0018818381353926915 -0.011647587123169514 -0.059475066501301299 0.0016162779044659804 0.024259138060983936 0.0064211979559519869 0.0092119195376252783 0.034096678626170135 -0.030043348798970682 0.0048988929498323978 -0.079098283757143631 -0.0055708979738632244 -0.080289514269767104 0.013863547206006792 0.0031584945580748584 -0.02054041181803937 -0.039364381484385841
leaf_weight=80.012801453471184 3576.6345256865025 4253.0543986819685 290.37249027192593 408.04335087537766 153.77464079484344 1221.6525015048683 1574.9084630087018 235.58151448518038 51.9843789935112 432.7889629304409 1854.9750868938863 2072.8543646223843 1131.3003151081502 127.80766389518976 39.932170949876308 10.075433053076265 170.15875277295709 214.12229193747044 1105.1043098345399 418.50135963410139 138.01437501609325 8.9586363956332189 21.614335298538208 14.477904319763182 1514.1551873981953 4.0351415872573844 72.931525450199842 777.98943349346519 77.203260906040668 15.571592975407837
leaf_count=467 20283 23242 1801 3488 1018 8308 10053 1138 384 3051 10569 11706 5851 654 190 49 1223 1799 7234 2794 1722 86 117 84 8058 21 542 5182 515 94
internal_value=-0.000231795 0.00100761 0.00337146 0.00990585 -0.00408629 -0.00277868 0.00241232 -0.00458387 0.0166146 0.00124314 0.000670827 -0.0039927 -0.00781041 -0.019918 -0.0337826 -0.0082 0.00659304 0.0142329 0.00212154 0.00416119 0.0189787 0.0301871 -0.00292073 -0.0287954 -0.00250993 -0.00428156 -0.00406019 -0.00431532 0.000296891 0.00232409
internal_weight=22068.6 16699.1 10280.7 1315.87 5369.53 6418.4 8964.78 5215.75 607.001 7005.6 6572.81 4980.17 1393.16 261.863 119.945 141.918 1959.19 384.281 4681.74 708.874 555.016 146.973 1891.07 36.0922 3587.01 131.843 5196.75 5123.82 870.764 793.561
internal_count=131723 102571 64688 10275 29152 37883 54413 28134 5680 41338 38287 26996 7232 1381 657 724 13075 3022 27517 4595 5296 1808 10770 201 19764 675 29575 29033 5791 5276
is_linear=0
shrinkage=0.05


Tree=52
num_leaves=31
num_cat=0
split_feature=0 6 5 8 1 2 2 1 2 6 5 3 9 8 5 15 0 15 0 1 3 2 16 14 5 11 15 1 2 15
split_gain=40.0655 24.728 24.3908 21.3213 19.4551 20.0385 17.0655 16.711 22.9466 15.194 14.6621 12.0285 11.8089 11.7191 11.6965 11.313 10.3656 9.9956 15.1509 9.32018 10.4551 10.1213 10.6363 9.28798 9.15966 10.6773 9.15195 8.96989 9.24425 8.96085
threshold=2.5000000000000004 1.0000000180025095e-35 3.5000000000000004 1.0000000180025095e-35 2.5000000000000004 14.500000000000002 1.0000000180025095e-35 20.500000000000004 3.5000000000000004 1.0000000180025095e-35 37.500000000000007 2.5000000000000004 3.5000000000000004 1.5000000000000002 43.500000000000007 22.500000000000004 1.0000000180025095e-35 20.500000000000004 29.500000000000004 1.0000000180025095e-35 4.5000000000000009 1.5000000000000002 7.5000000000000009 25.000000000000004 55.500000000000007 1.5000000000000002 1.5000000000000002 5.5000000000000009 7.5000000000000009 130.50000000000003
decision_type=2 2 2 2 2 2 2 2 2 2 2 2 2 2 2 2 2 2 2 2 2 2 2 2 2 2 2 2 2 2
left_child=1 3 9 6 5 -4 -1 8 13 17 -7 12 29 23 16 -15 -5 19 -19 26 -21 -22 -23 -6 25 -9 -2 -18 -29 -8
right_child=2 -3 4 14 7 10 11 24 -10 -11 -12 -13 -14 15 -16 -17 27 18 -20 20 21 22 -24 -25 -26 -27 -28 28 -30 -31
leaf_value=-0.0022362592766311954 0.0067515369753033449 -0.0050239339850942991 0.004040467054664521 -0.0066022724005322378 0.0030922285923483581 -0.09796521962838485 0.0010279663581593559 -0.0042554372534912184 0.027987060008489675 -0.001280815144202278 0.054194391677913283 0.0062637936246559486 -0.077289542013292023 -0.052525633220658612 0.046516584338226835 0.058962092433720095 -0.002036083971836362 0.012938521069677479 -0.045288057772214688 0.0028987374211193496 -0.0007427024207492921 0.011843777336331573 0.037889045856127394 0.01904024652658251 0.053560417721591994 -0.058597830862539238 -0.0083345308302566323 0.021409668096631567 -0.01310733022741745 0.032060031202949479
leaf_weight=2613.6755484119058 147.72547749429941 3774.1382789686322 739.10094007849693 1670.0725105963647 185.31989208236337 7.9235611036419851 3700.1816475875676 61.11879275739193 279.57580832019448 2520.2080218754709 1.9785409606993196 1636.8289484381676 4.7954499721527091 13.028265181928871 11.621697627007959 2.7569401562213889 1803.5922142677009 398.37749009951949 11.49449513107538 1580.4142176955938 82.421208404004574 118.35058139264584 58.611104890704155 179.94014660641551 5.7000976502895346 10.607913333922623 314.67983900010586 79.493274249136448 25.658545847982168 23.410305120050907
leaf_count=14164 819 20535 5336 8823 1544 62 21403 592 3718 14632 29 10527 25 88 156 23 10252 2820 71 9947 516 860 481 1486 96 95 1753 554 191 176
internal_value=-9.95362e-05 -0.00150956 0.00312023 -0.000363104 0.00877093 0.00309385 0.00107677 0.0145323 0.017108 0.00151426 -0.0675622 0.00269072 0.00112208 0.00912593 -0.00356289 -0.0330539 -0.00372551 0.00411159 0.0113056 0.00283081 0.00442572 0.0137296 0.0204702 0.0109488 -0.0074443 -0.0122923 -0.00351496 -0.00120847 0.012987 0.00122307
internal_weight=22062.8 15343.5 6719.33 11569.3 1487.05 749.003 7978.89 738.048 660.621 5232.28 9.9021 5365.22 3728.39 381.045 3590.44 15.7852 3578.82 2712.07 409.872 2302.2 1839.8 259.383 176.962 365.26 77.4268 71.7267 462.405 1908.74 105.152 3723.59
internal_count=131774 86806 44968 66271 13069 5427 46295 7642 6859 31899 91 32131 21604 3141 19976 111 19820 17267 2891 14376 11804 1857 1341 3030 783 687 2572 10997 745 21579
is_linear=0
shrinkage=0.05


Tree=53
num_leaves=31
num_cat=0
split_feature=5 2 3 5 0 9 15 11 16 9 2 2 3 1 5 3 2 7 7 1 3 2 15 16 14 14 4 9 1 4
split_gain=39.7536 34.1786 35.1629 30.0513 23.3296 19.424 21.1477 17.3526 14.7522 11.4995 11.1973 14.9522 14.0257 10.4073 9.9145 9.39146 9.40714 9.25869 9.01888 11.4762 8.87139 9.93348 16.1656 8.56432 8.46446 8.41615 11.1506 14.498 14.1116 10.6051
threshold=1.0000000180025095e-35 1.0000000180025095e-35 1.0000000180025095e-35 6.5000000000000009 1.5000000000000002 1.0000000180025095e-35 24.500000000000004 1.0000000180025095e-35 53.500000000000007 3.5000000000000004 26.500000000000004 8.5000000000000018 4.5000000000000009 4.5000000000000009 43.500000000000007 11.500000000000002 38.500000000000007 1.0000000180025095e-35 1.0000000180025095e-35 1.0000000180025095e-35 1.5000000000000002 10.500000000000002 89.500000000000014 78.500000000000014 7.0000000000000009 21.000000000000004 30.500000000000004 1.0000000180025095e-35 2.5000000000000004 1.5000000000000002
decision_type=2 2 2 2 2 2 2 2 2 2 2 2 2 2 2 2 2 2 2 2 2 2 2 2 2 2 2 2 2 2
left_child=18 9 -3 4 7 6 -6 15 10 13 11 25 17 -2 -14 -4 -17 -12 19 -1 -7 -22 -23 -20 -11 26 -5 -28 -29 -27
right_child=1 2 3 8 5 20 -8 -9 -10 24 12 -13 14 -15 -16 16 -18 -19 23 -21 21 22 -24 -25 -26 29 27 28 -30 -31
leaf_value=-0.0056609657913717151 -0.0031374910090775131 -0.0023450916201639815 0.0034208195518046144 0.0052863363066610932 0.0062403522340717821 -0.0057702908972929196 0.017641712416282592 -0.0034825269217384647 0.032020255968770908 -0.071904095609029467 -0.1517384110829911 0.03963894555929387 -0.020508295558822054 0.0070038812364851336 0.042451063667504105 -0.010393360951496846 -0.076314465519935759 -0.020401099836507307 -0.006632495386722584 0.00015634137402424238 0.0041910382384860731 -0.0093762119600559329 -0.11756357047076554 0.03188754927083725 -0.016553443713972632 0.00095911142583598855 0.014505908529960147 -0.15426444763333858 -0.0024719157689706687 0.022658745277479433
leaf_weight=1372.8818197697401 3459.6136280223727 2784.4996446706355 2693.9864736571908 165.90421630069613 2767.4192669317126 350.68872594088316 476.78563845157623 1614.5994806736708 101.79462470114231 7.7168206945061675 2.8573595881462088 48.237137634307146 21.976971652358774 272.93842789530754 8.7396957725286466 35.941746264696121 6.371230147778987 2.5300432220101357 1875.3403468802571 2216.6818705871701 1271.4388205707073 69.673293203115463 3.632896911352872 14.541664011776446 65.823497205972672 81.331582430750132 5.5742351748049241 3.9596162214875221 2.4965089410543442 182.98711308091879
leaf_count=6850 19107 15809 15924 1551 18595 2050 3734 9032 1308 39 25 829 195 1818 141 228 38 22 9719 12465 8387 504 27 93 326 630 48 30 26 1836
internal_value=0.000149778 0.00137455 0.00261981 0.00401359 0.00329784 0.00564934 0.00791596 0.000628142 0.0145958 -0.00278169 0.0112275 0.0132056 -0.0156461 -0.00239592 -0.00259471 0.00305371 -0.0203194 -0.0900595 -0.00354046 -0.00206857 0.00131217 0.00315917 -0.0147377 -0.0063361 -0.0223616 0.0103225 0.00191579 -0.0445656 -0.095568 0.0159817
internal_weight=21989 16509.5 12703.4 9918.93 9290.54 4939.64 3244.2 4350.9 628.389 3806.09 526.594 490.49 36.1041 3732.55 30.7167 2736.3 42.313 5.3874 5479.45 3589.56 1695.43 1344.75 73.3062 1889.88 73.5403 442.253 177.935 12.0304 6.45613 264.319
internal_count=131386 102259 80969 65160 58519 33297 22329 25222 6641 21290 5333 4950 383 20925 336 16190 266 47 29127 19315 10968 8918 531 9812 365 4121 1655 104 56 2466
is_linear=0
shrinkage=0.05


Tree=54
num_leaves=31
num_cat=0
split_feature=17 2 10 8 7 1 16 2 0 4 4 1 16 11 1 1 2 9 16 3 17 4 16 4 14 3 14 16 16 11
split_gain=48.0401 33.7661 26.764 22.3058 18.9353 18.1305 15.8659 15.6975 19.9176 14.3542 13.0987 13.0053 12.9863 12.7631 11.803 10.6633 14.0531 9.36461 9.36391 15.1452 9.07362 9.05572 10.0458 9.05042 9.03252 8.56501 8.48455 9.59905 8.47597 8.37032
threshold=52.500000000000007 3.5000000000000004 1.5000000000000002 1.5000000000000002 1.0000000180025095e-35 1.0000000180025095e-35 44.500000000000007 26.500000000000004 3.5000000000000004 1.5000000000000002 2.5000000000000004 3.5000000000000004 123.50000000000001 1.0000000180025095e-35 9.5000000000000018 1.0000000180025095e-35 1.0000000180025095e-35 1.0000000180025095e-35 5.5000000000000009 39.500000000000007 26.500000000000004 1.0000000180025095e-35 6.5000000000000009 44.500000000000007 31.000000000000004 60.500000000000007 45.000000000000007 22.500000000000004 9.5000000000000018 1.5000000000000002
decision_type=2 2 2 2 2 2 2 2 2 2 2 2 2 2 2 2 2 2 2 2 2 2 2 2 2 2 2 2 2 2
left_child=1 2 4 7 5 -1 13 8 29 20 -10 -11 21 14 17 16 -15 -6 19 -12 -7 22 -4 24 -23 -5 27 -26 -13 -3
right_child=-2 3 12 25 6 9 -8 -9 10 11 18 28 -14 15 -16 -17 -18 -19 -20 -21 -22 23 -24 -25 26 -27 -28 -29 -30 -31
leaf_value=-0.002668087784227122 0.010828219062882472 0.0047855910458214305 -0.032677307437483226 -0.0034015570283184543 -0.0010333487249929185 -0.00090966936108854654 0.0093168480890383036 -0.010985976151234284 0.0067900248078055711 0.002539449581500903 0.014464689201435232 0.0070712013106036158 0.06158160848710606 -0.039475212458070924 0.017522238159951652 -0.0067627028130421776 -0.0065455767253163807 -0.0071123417253525223 0.028565154904422404 -0.094405038972216512 0.012879432091166444 -0.0092663826297059316 0.010989650068391763 -0.045330235414471787 0.0063235320871654031 -0.059060084575893727 -0.007556095508408355 -0.026813987521663876 0.020276884589496908 -0.0084577867578774276
leaf_weight=3582.701871547848 951.70929539203644 1920.9128740616143 65.102463684976101 757.21335010230541 2080.1429790891707 3650.7213943973184 227.73329308256507 134.6496042534709 361.40762561932206 2847.2391445934772 193.18668470904231 480.06414411962032 6.8154527842998496 60.279846452176571 72.574793983250856 1278.0926517657936 70.050271898508072 910.97556899860501 175.14545818418264 3.2481895275413981 123.33263494819403 1076.0319887660444 16.511429309844971 15.108637183904646 300.87237207591534 6.9756835624575606 320.20288510620594 23.565555214881897 162.68620667979121 127.21368435770273
leaf_count=18983 7004 12716 341 4639 11674 20616 1584 956 2672 17432 2040 3413 49 317 475 6952 356 4894 2150 30 778 5670 84 88 1560 56 1676 147 1319 859
internal_value=-0.000159766 -0.000656535 -0.00157823 0.00369422 -0.000905943 0.000242687 -0.00355686 0.00568711 0.00649435 0.00167831 0.0135674 0.00398965 -0.00730771 -0.00421242 -0.00240135 -0.00815198 -0.0217761 -0.00288477 0.0201593 0.0126645 -0.000459054 -0.00756606 -0.023843 -0.00680074 -0.00646242 -0.00390962 -0.00178207 0.00391659 0.0104137 0.00396302
internal_weight=22002.5 21050.8 17370.8 3679.95 15546.6 10846.7 4699.85 2915.76 2781.11 7264.04 732.988 3489.99 1824.21 4472.12 3063.69 1408.42 130.33 2991.12 371.58 196.435 3774.05 1817.4 81.6139 1735.78 1720.67 764.189 644.641 324.438 642.75 2048.13
internal_count=131530 124526 98408 26118 88793 62541 26252 21423 20467 43558 6892 22164 9615 24668 17043 7625 673 16568 4220 2070 21394 9566 425 9141 9053 4695 3383 1707 4732 13575
is_linear=0
shrinkage=0.05


Tree=55
num_leaves=31
num_cat=0
split_feature=17 3 9 1 5 1 3 3 15 4 4 16 14 3 2 16 9 1 5 15 16 9 14 7 4 14 5 9 2 1
split_gain=37.8447 27.8244 24.9106 24.7111 16.1665 13.1635 15.5543 15.7319 13.3288 12.3112 11.1289 10.8744 12.8314 11.7843 13.0657 10.8137 10.7032 12.5559 11.4929 10.1227 10.0312 9.79095 9.1615 8.66174 8.54843 8.47527 9.3044 8.45138 8.30905 8.18563
threshold=14.500000000000002 1.0000000180025095e-35 1.0000000180025095e-35 4.5000000000000009 53.500000000000007 1.5000000000000002 1.5000000000000002 20.500000000000004 127.00000000000001 5.5000000000000009 26.500000000000004 9.5000000000000018 43.000000000000007 2.5000000000000004 1.5000000000000002 21.500000000000004 3.5000000000000004 80.500000000000014 10.500000000000002 113.50000000000001 114.50000000000001 1.5000000000000002 23.000000000000004 3.5000000000000004 1.0000000180025095e-35 47.000000000000007 1.5000000000000002 2.5000000000000004 1.5000000000000002 1.5000000000000002
decision_type=2 2 2 2 2 2 2 2 2 2 2 2 2 2 2 2 2 2 2 2 2 2 2 2 2 2 2 2 2 2
left_child=1 21 3 11 5 8 -7 15 10 23 -2 12 19 14 -13 -8 17 18 20 -3 28 22 -1 -5 -23 26 -12 -26 -4 -16
right_child=4 2 16 9 -6 6 7 -9 -10 -11 25 13 -14 -15 29 -17 -18 -19 -20 -21 -22 24 -24 -25 27 -27 -28 -29 -30 -31
leaf_value=-0.0060968057197994434 0.0014976716454193483 0.0011204527387923952 -0.0039798447147571083 0.0080908070980916045 0.043211860664599276 0.0020111218076850988 0.011087273911728862 -0.014914636204942724 0.04530022966425238 0.023411367621116126 0.0285243288838136 -0.0039266882396042039 -0.0042293540280465376 0.010493688263358347 0.0011538732236781215 0.025655422795393526 -0.011149513448575505 -0.097485325976573459 0.02243187015719314 0.023588939227139824 0.025265241493973717 -0.038739017772871455 -0.0016469637944686658 -0.023718972132136903 -0.018420809091442652 0.045667539966579219 -0.056424358476124307 0.033431694548413472 5.319916746368344e-05 0.013549114282716455
leaf_weight=2152.6250767335296 1371.7707244828343 4686.9590906724334 2617.6383785381913 837.27849552035332 27.857805695384741 649.89975494146347 777.13447410240769 51.501160327345133 17.096410639584064 137.11261178180575 3.8806008696556153 531.63591212034225 1310.4831650219858 576.83647296950221 275.35317900031805 152.35439014807343 315.52505151927471 3.4165654368698588 49.269443977624178 50.671041749417782 33.928198929876089 37.48835726082325 2500.088647890836 21.961824029684067 33.256815224885941 3.1308338716626158 19.033551752567291 10.289637759327887 2493.7702688388526 257.98530308902264
leaf_count=11560 8150 27137 13971 6189 446 4173 5928 465 133 1640 21 3112 7577 4055 1703 1534 1559 24 556 376 256 202 13428 135 171 22 133 50 15103 1763
internal_value=0.000149335 -0.000686078 0.000420616 0.00208909 0.00529543 0.00494864 0.00801031 0.0119847 0.00141963 0.00949798 0.000882931 0.00112915 0.000149517 0.00473792 0.00162035 0.0134752 -0.00220797 -0.00166521 -0.00160218 0.00136076 -0.00183232 -0.00400583 -0.00370573 0.00727776 -0.0212363 -0.031495 -0.042038 -0.00616853 -0.00201219 0.00714967
internal_weight=22007.2 18933.6 14199.8 8686.28 3073.66 3045.8 1630.89 980.99 1414.91 996.353 1397.82 7689.92 6048.11 1641.81 1064.97 929.489 5513.55 5198.02 5194.61 4737.63 5145.34 4733.75 4652.71 859.24 81.0348 26.045 22.9142 43.5465 5111.41 533.338
internal_count=131572 110567 85156 53687 21005 20559 12100 7927 8459 7964 8326 45723 35090 10633 6578 7462 31469 29910 29886 27513 29330 25411 24988 6324 423 176 154 221 29074 3466
is_linear=0
shrinkage=0.05


Tree=56
num_leaves=31
num_cat=0
split_feature=3 9 6 16 0 5 3 4 11 16 0 1 1 8 14 8 5 4 2 16 14 3 6 0 0 2 5 2 5 1
split_gain=37.1906 27.9214 20.8426 19.6121 14.5212 13.7866 14.4343 12.0342 11.7299 11.5473 11.1685 11.4223 10.0677 9.65339 10.5156 9.03287 10.477 12.1036 10.1759 9.44254 8.99082 8.61365 8.20083 10.7694 9.37615 7.93093 7.70158 7.4527 7.37693 7.23865
threshold=2.5000000000000004 1.0000000180025095e-35 1.0000000180025095e-35 9.5000000000000018 1.0000000180025095e-35 9.5000000000000018 32.500000000000007 3.5000000000000004 1.5000000000000002 9.5000000000000018 1.5000000000000002 37.500000000000007 1.5000000000000002 1.5000000000000002 57.000000000000007 1.0000000180025095e-35 1.0000000180025095e-35 45.500000000000007 13.500000000000002 10.500000000000002 13.000000000000002 1.0000000180025095e-35 1.5000000000000002 37.500000000000007 3.5000000000000004 3.5000000000000004 16.500000000000004 1.5000000000000002 1.5000000000000002 4.5000000000000009
decision_type=2 2 2 2 2 2 2 2 2 2 2 2 2 2 2 2 2 2 2 2 2 2 2 2 2 2 2 2 2 2
left_child=2 3 4 7 13 6 8 -2 15 10 -4 21 -5 26 -15 29 18 -18 19 27 -11 -12 -14 24 -24 -6 -1 -17 -9 -3
right_child=1 5 9 12 25 -7 -8 28 -10 20 11 -13 22 14 -16 16 17 -19 -20 -21 -22 -23 23 -25 -26 -27 -28 -29 -30 -31
leaf_value=-0.0016678441189737526 0.0023333910100145736 0.0019286903107879087 -0.0087048358160115979 0.0059752468423026435 0.00072160723934222061 0.01947179562039443 -0.019528192471498243 0.0031714861712420338 -0.0090239105847821442 -0.0091544734731833482 -0.0065668155637482644 -0.032888838320519469 0.018715431402521864 -0.0079264174430914384 -0.052068404903865086 -0.022648843278536727 0.0011383530192155399 -0.071309618108393674 0.028670954764963744 -0.034194030125041741 0.0034316123985214833 -0.00053590619523283473 -0.030213570602129144 -0.080532963182230952 0.023857481490886574 0.0053883324281590022 0.030581777206420298 -0.0023941401900142026 0.014253095268365724 0.011826062675836862
leaf_weight=3135.2741679400206 2046.7986084409058 1580.6140194013715 1364.6177073344588 333.10569972917438 5653.3427629768848 87.394637107849121 98.204347644001245 237.95986770093441 324.62980837002397 173.96627531200647 933.54370012134314 31.811892911791801 504.93677016347647 439.12499891966581 13.919417843222616 68.267466709017754 616.83047124743462 5.8194461166858664 14.945428244769571 46.265625059604645 769.60277749598026 1618.5218991786242 12.646757837384937 4.2216368876397601 21.902590230107307 1085.1714965924621 18.622685253620148 135.67138662189245 407.11333618685603 209.18820163607597
leaf_count=16727 12823 9436 6906 2252 32751 1118 620 1510 1879 1043 4934 192 4623 2182 69 325 3852 35 86 252 4666 9171 96 32 228 7330 181 692 3784 1755
internal_value=0.000200106 0.00328777 -0.001169 0.00632565 0.000102622 -0.000113049 -0.000665104 0.00421019 -4.80836e-05 -0.00385817 -0.00504567 -0.00311317 0.0128202 -0.00245778 -0.00928264 0.00104014 -0.00308326 0.000461236 -0.0114068 -0.0138007 0.00111111 -0.00274201 0.0170139 -0.00514674 0.00406482 0.00147314 -0.00147742 -0.0091743 0.0101652 0.00308547
internal_weight=21994 6756.52 15237.5 3568.69 10345.5 3187.83 3100.44 2691.87 3002.23 4892.06 3948.5 2583.88 876.813 3606.94 453.044 2677.6 887.8 622.65 265.15 250.204 943.569 2552.07 543.708 38.771 34.5493 6738.51 3153.9 203.939 645.073 1789.8
internal_count=131550 45398 86152 25348 59240 20050 18932 18117 18312 26912 21203 14297 7231 19159 2251 16433 5242 3887 1355 1269 5709 14105 4979 356 324 40081 16908 1017 5294 11191
is_linear=0
shrinkage=0.05


Tree=57
num_leaves=31
num_cat=0
split_feature=5 3 9 17 0 4 5 11 14 17 4 16 0 5 3 15 15 2 6 2 15 0 9 4 3 4 16 15 15 2
split_gain=31.3438 25.7081 32.2126 18.3528 21.5276 17.1133 24.8693 14.6256 10.8301 10.47 10.2592 12.5843 10.7447 9.78676 9.85996 9.4693 9.30065 11.5398 9.23331 11.9568 10.443 16.7382 9.41019 8.74305 8.33259 8.22786 20.3659 11.282 9.25324 16.1774
threshold=9.5000000000000018 1.0000000180025095e-35 1.0000000180025095e-35 9.5000000000000018 3.5000000000000004 16.500000000000004 53.500000000000007 1.0000000180025095e-35 21.000000000000004 47.500000000000007 1.5000000000000002 9.5000000000000018 1.0000000180025095e-35 3.5000000000000004 18.500000000000004 47.500000000000007 24.500000000000004 42.500000000000007 1.0000000180025095e-35 13.500000000000002 8.5000000000000018 1.0000000180025095e-35 1.0000000180025095e-35 7.5000000000000009 4.5000000000000009 45.500000000000007 1.5000000000000002 84.500000000000014 54.500000000000007 14.500000000000002
decision_type=2 2 2 2 2 2 2 2 2 2 2 2 2 2 2 2 2 2 2 2 2 2 2 2 2 2 2 2 2 2
left_child=1 18 3 10 8 -2 7 -7 -5 15 -3 -12 23 -14 -15 -10 17 24 -1 20 21 22 -20 -13 -6 28 -27 -28 -4 -30
right_child=5 2 25 4 16 6 -8 -9 9 -11 11 12 13 14 -16 -17 -18 -19 19 -21 -22 -23 -24 -25 -26 26 27 -29 29 -31
leaf_value=-0.0020475132781344807 0.02130583364205996 -0.00064942644484387922 -0.0026912479833405387 -0.0013727771453857858 0.010540266059846476 0.016280275923507902 0.041835560534884894 -0.028209240303085154 0.002393883944674307 0.016784136787151859 0.0014311879047582837 -0.00065291650954898224 0.0073873379261194016 0.022235111345663423 -0.066029131998539325 0.023110724058399115 0.032520433936529362 -0.05034328578948364 -0.016783153961831221 -0.061378431815444015 0.00076327792972920338 -0.0063432946125597123 -0.045794832780543297 -0.050475592526708482 0.030023898254069065 -0.094434601401954019 0.0077023437711225455 -0.092655345264115119 0.0075469357393973596 -0.042022168374257471
leaf_weight=3496.618076607585 256.33707463741302 3930.8021457269788 5899.7823003903031 607.15951479971409 277.43898536637425 26.536461319774389 25.036714117974043 60.794634100049734 625.20752220973372 218.77158478274941 3161.3622434549034 156.27803752571344 572.43782611936331 179.46819173172116 3.2208514735102645 60.495473697781563 74.752480406314135 7.0236121118068686 109.53578071296215 9.8513609170913679 419.86808913201094 1237.0820448026061 37.526499576866627 9.3311513103544694 68.405948579311371 8.3964611887931806 22.549580324441198 3.1975255310535422 366.55206619203091 17.233711287379265
leaf_count=19072 3047 22384 33396 3879 2027 359 426 544 3839 1510 19860 978 3954 1628 31 455 739 44 546 57 2314 6328 218 63 716 41 138 20 2549 117
internal_value=-0.000281507 -0.000528479 0.000457462 0.00223007 0.00659462 0.0141738 -0.00209601 -0.0146906 0.00379269 0.00726019 0.00117377 0.0029294 0.00807352 0.010603 0.020679 0.00422161 0.0164994 0.0131055 -0.00354913 -0.00644383 -0.00614385 -0.00823906 -0.0241862 -0.00346015 0.014394 -0.00233488 -0.0268132 -0.00476105 -0.00220187 0.00532106
internal_weight=21949.1 21580.3 16269.9 9952.16 1939.26 368.705 112.368 87.3311 1511.63 904.475 8012.9 4082.1 920.736 755.127 182.689 685.703 427.621 352.869 5310.48 1813.86 1804.01 1384.14 147.062 165.609 345.845 6317.71 34.1436 25.7471 6283.57 383.786
internal_count=131279 126903 98368 62107 13209 4376 1329 903 9683 5804 48898 26514 6654 5613 1659 4294 3526 2787 28535 9463 9406 7092 764 1041 2743 36261 199 158 36062 2666
is_linear=0
shrinkage=0.05


Tree=58
num_leaves=31
num_cat=0
split_feature=17 3 16 9 1 4 10 5 9 8 1 5 6 16 1 15 4 14 16 1 5 1 16 2 10 14 5 16 15 11
split_gain=33.2901 21.7685 17.2846 17.0278 17.63 12.0178 11.7385 13.9527 11.7067 10.895 10.8175 11.2338 10.6427 10.9383 10.5551 10.4047 10.1639 9.41839 9.93888 10.9006 9.28773 10.5442 9.22238 9.35699 9.12043 9.42875 9.07757 8.69069 14.7191 8.55204
threshold=14.500000000000002 1.0000000180025095e-35 17.500000000000004 1.5000000000000002 5.5000000000000009 1.0000000180025095e-35 1.0000000180025095e-35 3.5000000000000004 1.5000000000000002 2.5000000000000004 17.500000000000004 9.5000000000000018 2.5000000000000004 43.500000000000007 2.5000000000000004 47.500000000000007 7.5000000000000009 51.000000000000007 12.500000000000002 1.5000000000000002 2.5000000000000004 67.500000000000014 23.500000000000004 18.500000000000004 2.5000000000000004 5.0000000000000009 2.5000000000000004 1.0000000180025095e-35 1.0000000180025095e-35 1.0000000180025095e-35
decision_type=2 2 2 2 2 2 2 2 2 2 2 2 2 2 2 2 2 2 2 2 2 2 2 2 2 2 2 2 2 2
left_child=1 5 15 4 6 8 7 -3 9 27 11 -6 13 -8 -9 24 20 18 26 -20 21 22 -12 -24 -2 -26 -14 28 -1 -30
right_child=2 3 -4 -5 10 -7 12 14 -10 -11 16 -13 17 -15 -16 -17 -18 -19 19 -21 -22 -23 23 -25 25 -27 -28 -29 29 -31
leaf_value=-0.034920754340296241 0.0027995744262677255 0.00048681556402846692 0.013377213767874298 -0.0042196832053843494 0.0090337668151234726 -0.002045635041733274 -0.0024507320990570982 0.003021303138364571 -0.034878923613725535 -0.02621533990292603 0.011844498653266698 0.043298838968811405 -0.0066237540135304198 0.0097182367998410631 0.012642865478431672 0.012997726869750238 0.020177958812978979 0.025953237374091921 -0.12288575237980703 -0.026784369703994476 -0.029297731201043321 -0.065807998582313718 -0.092731335811247803 0.012021507703425268 0.037429216485461513 -0.018750074914426696 -0.048546329454064882 -0.0038673706791511374 0.0016110975682680603 -0.021954100797014826
leaf_weight=64.114038810133934 2227.6212350837886 6882.6850015074015 499.59342008084059 1865.748136125505 713.78612626343966 3340.972143355757 2946.4391322024167 882.79121603816748 38.127606123685837 68.579636566340923 60.324313558638096 24.749574765563011 50.012058570981026 197.01146840676665 420.96789428964257 245.53024410456419 32.80998257920146 10.256940409541128 5.0336909517645818 7.1308662667870522 44.603197433054447 5.700272172689437 4.5464122518897039 4.0138800144195557 8.2318288609385473 80.557874720543623 17.406888335943222 1070.9377954304218 108.34810273349285 59.722454316914082
leaf_count=379 14155 39661 4405 10042 5717 18205 17001 5928 209 323 364 481 251 1417 3324 2011 334 53 30 45 347 32 31 27 46 449 101 5472 534 296
internal_value=3.23577e-05 -0.000750102 0.00486963 0.000231537 0.000906165 -0.00367923 0.000377769 0.00138522 -0.00755049 -0.00679087 0.00768204 0.010182 -0.00217302 -0.00168806 0.00612799 0.0032106 -0.00446511 -0.0191414 -0.0249533 -0.0665511 -0.0112488 -0.000455243 0.00495276 -0.0436132 0.00217321 -0.0135416 -0.0174477 -0.00576862 -0.014538 -0.0067626
internal_weight=21988.4 18926.8 3061.53 14176 12310.3 4750.8 11419.7 8186.44 1409.83 1371.7 890.534 738.536 3233.29 3143.45 1303.76 2561.94 151.998 89.8404 79.5835 12.1646 119.188 74.5849 68.8846 8.56029 2316.41 88.7897 67.4189 1303.12 232.185 168.071
internal_count=131670 110604 21066 85186 75144 25418 67811 48913 7213 7004 7333 6198 18898 18418 9252 16661 1135 480 427 75 801 454 422 58 14650 495 352 6681 1209 830
is_linear=0
shrinkage=0.05


Tree=59
num_leaves=31
num_cat=0
split_feature=7 1 0 15 11 5 16 2 1 1 17 1 5 6 15 2 0 1 0 17 0 5 15 2 1 15 14 11 5 2
split_gain=28.8598 22.7374 18.7104 16.8957 15.3927 13.9214 13.0986 13.3269 12.7307 13.8728 12.2746 15.1786 12.5028 13.7595 10.6318 10.2838 10.6434 9.76984 13.6218 16.079 9.24395 10.7849 9.05895 9.04884 8.79413 10.6966 12.7993 9.08583 8.61543 8.44331
threshold=1.0000000180025095e-35 3.5000000000000004 3.5000000000000004 73.500000000000014 1.5000000000000002 1.0000000180025095e-35 35.500000000000007 48.500000000000007 7.5000000000000009 34.500000000000007 14.500000000000002 17.500000000000004 3.5000000000000004 3.5000000000000004 30.500000000000004 1.0000000180025095e-35 23.500000000000004 1.0000000180025095e-35 1.0000000180025095e-35 1.0000000180025095e-35 1.0000000180025095e-35 11.500000000000002 70.500000000000014 2.5000000000000004 50.500000000000007 1.5000000000000002 21.000000000000004 1.0000000180025095e-35 1.5000000000000002 8.5000000000000018
decision_type=2 2 2 2 2 2 2 2 2 2 2 2 2 2 2 2 2 2 2 2 2 2 2 2 2 2 2 2 2 2
left_child=1 4 -3 6 5 -1 7 8 17 -10 11 12 13 -4 -8 16 -7 18 19 23 21 -17 29 -2 25 26 -13 -27 -22 -19
right_child=3 2 10 -5 -6 15 14 -9 9 -11 -12 24 -14 -15 -16 20 -18 22 -20 -21 28 -23 -24 -25 -26 27 -28 -29 -30 -31
leaf_value=-0.001885432187475982 -0.050849635581925214 0.0028430412879493464 0.0081361739355371721 0.011152373061498074 -0.0051203529076875066 -0.00090437615603715285 0.0021144505837004607 -0.030721698703566881 0.011629094406205583 -0.01189508494638275 0.02690917586894059 -0.019154164593119267 0.025068949747589764 -0.084272891331115748 0.025093440152870784 -0.00096194921544412101 -0.056495064694431177 -0.0036346498860574967 -0.0049795544772851044 -0.011657005565127781 0.0012304155963350077 0.042650355354359092 -0.037097793932082103 0.030574503925943367 0.0041498037474981498 0.0098310707746796008 -0.14693903175375159 -0.071090592878889122 0.0054543893963363323 0.01279819670564479
leaf_weight=3207.6326875910163 49.744923256337643 1297.5369816981256 286.32682592794299 211.73666688613594 1151.6574802994728 2034.9741416797042 385.07360469922423 45.558631762862206 255.22309859842062 83.070791114121675 132.68044125847518 3.7446905635297325 139.03911560960114 4.0856927037239066 57.905899493023753 1485.8826054260135 8.6468522623181325 5330.9167455509305 317.31906791031361 106.67440263181925 1903.6594228520989 14.312085740268229 20.010403726249933 3.663423240184783 25.139565236866474 11.302850533276798 4.1107916869223118 5.0046647600829592 3299.5879361107945 79.330851640552282
leaf_count=16925 310 9172 2142 1648 6527 11320 2771 291 1980 540 1589 34 1738 27 548 8311 51 29556 1614 516 10841 154 135 18 164 128 38 52 21773 572
internal_value=-8.98945e-05 0.0011429 0.00624107 -0.00275478 0.000400344 0.000932181 -0.00319202 -0.00377714 -0.00358061 0.00585254 0.0134521 0.00972264 0.0127392 0.00683611 0.00511824 0.00196543 -0.00113959 -0.00412078 -0.0109784 -0.0228695 0.00291203 -0.000545881 -0.00351789 -0.0452645 -0.016553 -0.0380924 -0.0860243 -0.0150032 0.00390901 -0.00339369
internal_weight=21961.6 15015.3 1908.97 6946.23 13106.4 11954.7 6734.49 6291.51 6245.95 338.294 611.435 478.754 429.452 290.413 442.98 8747.06 2043.62 5907.66 477.402 160.083 6703.44 1500.19 5430.26 53.4083 49.3026 24.163 7.85548 16.3075 5203.25 5410.25
internal_count=131485 90986 15084 40499 75902 69375 38851 35532 35241 2520 5912 4323 3907 2169 3319 52450 11371 32721 2458 844 41079 8465 30263 328 416 252 72 180 32614 30128
is_linear=0
shrinkage=0.05


Tree=60
num_leaves=31
num_cat=0
split_feature=0 17 2 8 4 5 4 17 2 1 8 16 1 16 16 5 17 16 3 1 1 9 15 7 14 7 15 3 16 16
split_gain=26.2371 19.9906 17.8481 20.9324 14.0422 15.154 13.3769 12.2013 11.7049 10.571 9.12678 15.8946 12.5477 9.01815 11.5351 11.1132 8.79774 8.74204 8.45019 8.78751 9.71184 8.3533 8.17489 8.09824 7.80637 7.67718 7.57905 8.06784 7.99977 7.75281
threshold=3.5000000000000004 9.5000000000000018 1.0000000180025095e-35 1.0000000180025095e-35 26.500000000000004 46.500000000000007 5.5000000000000009 77.500000000000014 59.500000000000007 7.5000000000000009 1.0000000180025095e-35 1.0000000180025095e-35 1.5000000000000002 17.500000000000004 15.500000000000002 1.0000000180025095e-35 29.500000000000004 82.500000000000014 4.5000000000000009 19.500000000000004 22.500000000000004 1.0000000180025095e-35 68.500000000000014 3.5000000000000004 3.0000000000000004 1.0000000180025095e-35 12.500000000000002 6.5000000000000009 46.500000000000007 81.500000000000014
decision_type=2 2 2 2 2 2 2 2 2 2 2 2 2 2 2 2 2 2 2 2 2 2 2 2 2 2 2 2 2 2
left_child=2 18 7 9 6 -6 13 10 -8 -4 23 12 -12 14 -3 16 -15 -5 19 -2 -21 24 -20 26 25 -13 27 -1 -29 -28
right_child=1 4 3 17 5 -7 8 -9 -10 -11 11 21 -14 15 -16 -17 -18 -19 22 20 -22 -23 -24 -25 -26 -27 29 28 -30 -31
leaf_value=-0.0040899354348208593 0.0012467371366814007 0.0074438972723825979 0.0015255045404332346 -0.0024705314215646007 -0.038642822687505775 0.036552348235984404 0.029029804025322448 0.021703458128446405 -0.062789205746664009 0.014538480871989813 -0.041161702154770996 -0.0068567708776971648 -0.00019801674509849481 0.0042573765086748464 -0.049598430942915807 0.028115625767405394 -0.084012613141401335 0.016086108569891445 0.0059103892175333345 -0.075509351458556639 -0.010388973992107958 -0.015177549581970366 0.029462477062935907 -0.01909015917194869 0.0030539960050608053 -0.089123040771678597 0.0012502134167361116 0.017644063596035292 -0.044834635149965316 0.044451943129168892
leaf_weight=3178.9560199230909 2484.0462960749865 574.83739943429828 7904.8058226704597 5299.1479144841433 27.130458761006594 8.8975393492728454 126.7856305912137 47.719735912978649 3.5686003640294066 159.20667953789234 64.18119727820158 7.3658609837293607 26.377046570181847 11.024636849761007 9.0014972202479822 97.939640462398529 3.7943722307682028 64.237280733883381 468.26652592420578 6.1769634261727324 78.322994939982891 139.27200438827276 39.990165799856186 76.511722944676876 195.47586315870285 4.6113909482955933 741.34353966265917 66.496440380811691 5.5510337166488162 10.532307263463734
leaf_count=16688 15801 4116 47597 29398 225 166 1625 306 24 1328 387 39 134 71 70 935 27 499 4013 44 498 686 429 362 1001 23 4378 372 36 90
internal_value=6.3508e-05 0.00375918 -0.000745759 0.000172413 0.0104842 -0.0200725 0.0118155 -0.00344681 0.0265162 0.00178242 -0.00371253 -0.0105774 -0.0292301 0.00906458 0.00656443 0.0220098 -0.0183439 -0.00224828 0.00187295 0.000707341 -0.0151493 -0.00570571 0.00776349 -0.00297665 0.000653137 -0.0385303 -0.00266866 -0.00371496 0.0128303 0.00185538
internal_weight=21931.6 3939.78 17991.8 13427.4 862.98 36.028 826.952 4564.39 130.354 8064.01 4516.67 437.283 90.5582 696.598 583.839 112.759 14.819 5363.39 3076.8 2568.55 84.5 346.725 508.257 4079.39 207.453 11.9773 4002.88 3251 72.0475 751.876
internal_count=131368 28044 103324 78822 7259 391 6868 24502 1649 48925 24196 2270 521 5219 4186 1033 98 29897 20785 16343 542 1749 4442 21926 1063 62 21564 17096 408 4468
is_linear=0
shrinkage=0.05


Tree=61
num_leaves=31
num_cat=0
split_feature=17 10 4 5 0 0 4 2 1 7 14 5 4 5 5 9 3 5 5 14 4 3 6 3 16 4 4 16 4 16
split_gain=25.7167 18.916 16.8617 13.1474 17.0935 12.6017 12.0376 13.0415 11.7074 13.8792 11.6864 9.21317 9.44389 15.3052 9.01166 8.92586 8.92461 8.42824 8.41158 8.37653 8.77641 9.96495 8.36338 11.6445 8.27999 8.25319 13.5334 11.0865 8.17902 8.00253
threshold=14.500000000000002 1.0000000180025095e-35 1.0000000180025095e-35 2.5000000000000004 1.0000000180025095e-35 3.5000000000000004 1.5000000000000002 38.500000000000007 3.5000000000000004 2.5000000000000004 19.000000000000004 2.5000000000000004 29.500000000000004 47.500000000000007 56.500000000000007 3.5000000000000004 15.500000000000002 13.500000000000002 9.5000000000000018 39.000000000000007 16.500000000000004 1.0000000180025095e-35 1.0000000180025095e-35 1.5000000000000002 21.500000000000004 33.500000000000007 6.5000000000000009 1.5000000000000002 36.500000000000007 4.5000000000000009
decision_type=2 2 2 2 2 2 2 2 2 2 2 2 2 2 2 2 2 2 2 2 2 2 2 2 2 2 2 2 2 2
left_child=1 2 17 -4 -5 14 7 18 16 10 22 -7 -13 -14 19 25 -6 -1 -3 20 -2 -22 -10 -24 -23 26 -8 -27 -29 -11
right_child=5 6 3 4 8 11 15 -9 9 29 -12 12 13 -15 -16 -17 -18 -19 -20 -21 21 24 23 -25 -26 27 -28 28 -30 -31
leaf_value=-0.0022851845348365388 0.0010982294537762603 -0.0062554722650807392 0.00034887280987053014 -0.003818027394467341 0.0046986182821879517 0.0045067319621610166 -0.0016757203543497211 -0.071693285091402367 0.011725420606412157 -0.05137978368325713 0.020051375713128414 0.018972116782211737 -0.041519614722311179 0.041503453247674515 0.045423824889822793 -0.01486703298490915 -0.037247776142144279 0.04532394614926135 0.036392195796549835 0.0071792078462261325 -0.10523690851694344 -0.03710026782054883 -0.042402426856976094 0.0046136437772620669 0.010131706295707822 -0.052455863166023735 0.0088571989762329887 -0.069350912019625996 0.001363563087309142 0.010250032495216787
leaf_weight=4329.0550996288657 1697.2760652154684 1938.7086975052953 6036.4942233487964 492.44571009650826 1588.3887298703194 322.57065489888191 3429.5696801804006 7.584496594965457 124.30099920928478 12.898661594837906 336.01635685376823 294.91044394671917 16.280484933406118 8.4231766890734416 12.213774491101502 120.36520601063967 12.782646041363476 9.3160126097500306 11.631211344152687 656.16846010833979 3.3342717364430419 19.844061367213726 19.789429362863302 39.36867780983448 17.4282396286726 17.775123838335276 334.72985352948308 4.5501709878444663 40.351462036371231 8.9028054773807508
leaf_count=23151 10735 10043 34781 3037 10568 2178 19975 42 1186 101 3168 3166 144 160 212 605 99 102 106 4168 26 136 142 399 155 103 2483 33 296 73
internal_value=-1.65101e-05 -0.000703361 0.000361925 0.00163515 0.00458198 0.00424527 -0.00305027 -0.00625561 0.00651274 0.0128698 0.01451 0.0104681 0.0164846 -0.0132113 0.00258452 -0.00146039 0.00436375 -0.00218295 -0.00600114 0.00236596 0.000548638 -0.0224232 0.00436062 -0.0111141 -0.015015 -0.00103873 -0.00073911 -0.0190333 -0.00580239 -0.0262127
internal_weight=21963.5 18915 13009.8 8671.39 2634.89 3048.45 5905.27 1957.92 2142.45 541.277 519.475 642.185 319.614 24.7037 2406.26 3947.34 1601.17 4338.37 1950.34 2394.05 1737.88 40.6066 183.459 59.1581 37.2723 3826.98 3764.3 62.6768 44.9016 21.8015
internal_count=131573 110493 76807 53554 18773 21080 33686 10191 15736 5069 4895 5648 3470 304 15432 23495 10667 23253 10149 15220 11052 317 1727 541 291 22890 22458 432 329 174
is_linear=0
shrinkage=0.05


Tree=62
num_leaves=31
num_cat=0
split_feature=8 2 1 10 3 9 0 0 4 16 16 7 2 17 4 3 10 2 2 4 6 7 6 17 3 4 17 4 2 3
split_gain=26.2916 28.2812 18.4562 13.9838 13.8633 16.3653 11.4655 10.5672 10.5127 10.413 9.97411 11.4642 9.49203 18.0449 9.20437 10.9204 9.25706 8.40307 8.48076 9.45247 12.8782 8.07036 7.34528 14.2772 9.6123 8.8095 10.0728 7.31992 10.2622 7.28243
threshold=1.0000000180025095e-35 1.5000000000000002 3.5000000000000004 1.0000000180025095e-35 1.5000000000000002 2.5000000000000004 1.0000000180025095e-35 1.0000000180025095e-35 3.5000000000000004 97.500000000000014 35.500000000000007 1.0000000180025095e-35 1.0000000180025095e-35 1.0000000180025095e-35 1.5000000000000002 17.500000000000004 2.5000000000000004 60.500000000000007 6.5000000000000009 26.500000000000004 1.0000000180025095e-35 1.5000000000000002 1.0000000180025095e-35 12.500000000000002 39.500000000000007 14.500000000000002 1.5000000000000002 8.5000000000000018 1.5000000000000002 4.5000000000000009
decision_type=2 2 2 2 2 2 2 2 2 2 2 2 2 2 2 2 2 2 2 2 2 2 2 2 2 2 2 2 2 2
left_child=1 3 6 8 -4 9 -3 12 -1 17 11 -9 13 -2 -5 -16 -17 18 19 -6 -21 27 23 -8 25 -24 -27 -12 -29 -7
right_child=7 2 4 14 5 29 22 10 -10 -11 21 -13 -14 -15 15 16 -18 -19 -20 20 -22 -23 24 -25 -26 26 -28 28 -30 -31
leaf_value=-8.3484092429759351e-05 -0.038855351278529147 -0.0024326263046402369 0.0020301116944566964 -0.007657899744290363 0.011952137716328722 -0.068305033147097155 0.0034036506151306871 -0.00021314236326715216 0.0067017358090418581 0.052647153165796073 0.0059865265583789384 -0.0053111495500337107 -0.0047112237212417994 -0.0050093553748051696 -0.0011548729290647784 -0.021517005183675775 -0.10621901410920064 -0.020848610845342515 0.02462420684490696 0.0042113612957734052 -0.13440645875778248 0.025288120510235625 0.0012119493533345495 0.013605104360510635 -0.053432697970781012 -0.10263267570515494 -0.011680626264412327 -0.10801468107344539 -0.010235445742972405 -0.0094251082108365095
leaf_weight=5391.0829914137721 61.09758734703064 1031.9824771024287 482.03882417082787 944.00548139587045 663.04882560297847 7.6008949652314213 2068.7088835909963 3027.231896461919 638.46521892026067 16.864902513101697 291.25751614570618 1734.681565605104 1702.1534098275006 110.79038963466883 1847.6899775899947 21.682503946125511 3.7894714660942546 17.979361465200782 146.08787005580962 4.6954529508948317 2.6051957979798317 49.267282778397202 1216.1669326834381 411.13444862514734 8.2429403476417047 4.2360200360417357 10.819039560854433 2.9765785858035114 27.245948441326618 16.98974815942347
leaf_count=30028 375 5922 3333 4850 5763 51 13196 18010 4128 232 2198 9689 8982 537 10430 144 25 147 1899 50 28 375 7592 2987 63 32 84 24 324 150
internal_value=-0.00010108 0.00108301 0.00369946 -0.000723799 0.00884012 0.012588 0.00223026 -0.00262855 0.000634999 0.0137496 -0.00145524 -0.00207026 -0.00584202 -0.0170399 -0.00363202 -0.00160312 -0.0341181 0.0129635 0.0137081 0.0113291 -0.0452536 0.00644404 0.00352406 0.00509495 0.000381102 0.000741382 -0.0372717 0.00355615 -0.0198656 -0.0276247
internal_weight=21962.6 14955.9 6109.2 8846.72 1357.91 875.872 4751.29 7006.7 6029.55 851.282 5132.66 4761.91 1874.04 171.888 2817.17 1873.16 25.472 834.417 816.437 670.349 7.30065 370.747 3719.31 2479.84 1239.46 1231.22 15.0551 321.48 30.2225 24.5906
internal_count=131648 91134 41529 49605 11653 8320 29876 40514 34156 8119 30620 27699 9894 912 15449 10599 169 7887 7740 5841 78 2921 23954 16183 7771 7708 116 2546 348 201
is_linear=0
shrinkage=0.05


Tree=63
num_leaves=31
num_cat=0
split_feature=3 5 15 11 9 16 1 5 17 3 15 13 15 2 2 16 17 15 17 10 16 15 7 14 17 11 3 4 17 17
split_gain=28.5265 19.8934 18.1153 13.5897 12.3526 11.4499 12.2627 11.2292 11.0846 11.0827 11.9809 11.0686 10.7049 10.4482 10.107 12.5828 16.1199 15.0299 9.50058 9.46594 9.07461 9.9643 8.74552 8.54022 8.06922 7.93904 7.84621 11.5593 7.74868 8.05198
threshold=2.5000000000000004 3.5000000000000004 10.500000000000002 1.5000000000000002 1.0000000180025095e-35 7.5000000000000009 49.500000000000007 7.5000000000000009 23.500000000000004 15.500000000000002 84.500000000000014 1.0000000180025095e-35 84.500000000000014 71.500000000000014 1.0000000180025095e-35 1.0000000180025095e-35 1.0000000180025095e-35 1.0000000180025095e-35 27.500000000000004 1.5000000000000002 17.500000000000004 64.500000000000014 5.5000000000000009 7.0000000000000009 102.50000000000001 1.5000000000000002 29.500000000000004 57.500000000000007 44.500000000000007 38.500000000000007
decision_type=2 2 2 2 2 2 2 2 2 2 2 2 2 2 2 2 2 2 2 2 2 2 2 2 2 2 2 2 2 2
left_child=2 4 8 7 13 6 12 26 14 28 -11 -5 -4 20 15 16 17 -1 -10 -9 21 25 -20 -23 -7 -2 27 -3 29 -6
right_child=1 3 5 11 9 24 -8 19 18 10 -12 -13 -14 -15 -16 -17 -18 -19 22 -21 -22 23 -24 -25 -26 -27 -28 -29 -30 -31
leaf_value=-0.043179516187130479 0.0024881031507303759 0.0087916912512697402 -0.00034658012156895562 0.0054134402839327474 -0.00091887223577563507 0.0064007000942171129 -0.061482751444045004 0.022981187806026513 0.014300395425226493 -0.011490307886025381 -0.073359686826288628 -0.016315626963606056 0.013625490095675215 -0.080068263694231673 -0.001627228451661416 -0.0036193667914853657 -0.0063173245748192044 -0.011254254152883104 0.0012079047003411185 -0.0083954930870210019 0.011101075066065925 -0.015116155605693292 -0.079829442602572145 0.023215051806514314 0.058042392615525157 -0.012855387810076816 -0.019507440012040824 -0.068889475068624972 0.01124870469974109 -0.042327328398679115
leaf_weight=69.22824065387249 2125.0108783356845 925.01810251176357 2345.5029056966305 156.78422200679779 2284.3202276863158 897.00322544947267 8.0130651220679265 221.16650575958192 160.36708860099316 119.99819844216108 8.3707095831632596 93.592412829399109 145.59784270077944 3.7220741361379615 7997.0832688808441 2501.091758698225 329.42791487276554 78.863393805921078 706.75001986324787 26.968603389337659 364.10682239755988 17.207141138613224 3.3450742959976187 93.443938564509153 7.6286629997193804 87.789122555404902 25.907243102788925 4.813881490379571 133.74792145565152 11.800559166818855
leaf_count=450 13237 7807 13781 1262 13052 6066 51 2992 937 711 51 747 1047 20 44444 12876 1664 392 4433 343 2681 126 17 704 74 523 192 31 865 76
internal_value=-3.75674e-06 0.00271465 -0.00119875 0.00788959 0.00128106 0.00201616 0.000271405 0.0100938 -0.00212249 -0.00120664 -0.0155247 -0.00270903 0.000470048 0.00364579 -0.00255322 -0.00503935 -0.0124768 -0.0261783 0.00330855 0.019571 0.00376173 0.00261158 0.000826159 0.0172542 0.00683619 0.00187938 0.00763332 0.00838952 -0.000450227 -0.00113168
internal_weight=21953.7 6703.77 15249.9 1454.25 5249.52 3403.75 2499.11 1203.87 11846.2 2558.24 128.369 250.377 2491.1 2691.28 10975.7 2978.61 477.52 148.092 870.462 248.135 2687.56 2323.45 710.095 110.651 904.632 2212.8 955.739 929.832 2429.87 2296.12
internal_count=131652 45420 86232 13374 32046 21019 14879 11365 65213 14755 762 2009 14828 17291 59826 15382 2506 842 5387 3335 17271 14590 4450 830 6140 13760 8030 7838 13993 13128
is_linear=0
shrinkage=0.05


Tree=64
num_leaves=31
num_cat=0
split_feature=17 1 7 15 8 16 17 17 2 16 10 4 5 16 2 4 0 0 3 10 14 1 15 0 3 17 16 8 17 5
split_gain=28.8587 26.7141 16.9712 14.5112 14.3257 13.519 11.6667 11.5739 10.5999 24.5216 10.3172 13.7982 11.0704 10.1758 9.6767 9.05889 8.98974 15.045 8.93645 8.65261 7.94969 7.78243 7.57878 7.13838 7.13825 6.97403 6.76415 7.22001 6.72175 6.65154
threshold=52.500000000000007 2.5000000000000004 2.5000000000000004 12.500000000000002 1.0000000180025095e-35 81.500000000000014 46.500000000000007 1.0000000180025095e-35 1.0000000180025095e-35 5.5000000000000009 1.0000000180025095e-35 4.5000000000000009 9.5000000000000018 56.500000000000007 4.5000000000000009 21.500000000000004 54.500000000000007 5.5000000000000009 3.5000000000000004 9.5000000000000018 47.000000000000007 9.5000000000000018 115.50000000000001 2.5000000000000004 37.500000000000007 6.5000000000000009 63.500000000000007 8.5000000000000018 34.500000000000007 3.5000000000000004
decision_type=2 2 2 2 2 2 2 2 2 2 2 2 2 2 2 2 2 2 2 2 2 2 2 2 2 2 2 2 2 2
left_child=1 4 3 18 10 7 26 8 9 -6 13 12 22 23 19 -10 17 21 -3 -9 -2 -5 -12 -1 -13 -26 27 -4 -23 -20
right_child=20 2 6 16 5 -7 -8 14 15 -11 11 24 -14 -15 -16 -17 -18 -19 29 -21 -22 28 -24 -25 25 -27 -28 -29 -30 -31
leaf_value=-0.00056335749451718611 0.0070559032929902238 0.00075670811768322149 -0.0061062052759714774 0.0053697810160366812 -0.036439749997202779 0.021926577733747503 -0.093781076273740216 -0.0039005140965830774 -0.0067725443000337523 0.032258463992174455 -0.004600702179378976 0.006316724216529704 0.033963745647196668 0.011162463368048348 0.0034547770003194541 -0.071284280464728372 -0.026423133456480986 0.0219780406836356 0.0036649813138562417 0.051204773569085052 0.020731136906681814 0.029160567383920855 0.025542271515659788 0.003068914243840645 -0.056268181851909731 0.030729359094996741 0.027920126469555408 -0.063310161283456373 -0.050775219027172851 0.013021034193630147
leaf_weight=4848.8098381944001 797.64369416050613 3475.7324804291129 459.36275988817215 1101.957354798913 79.255812302231789 51.272367566823959 3.7930869050323954 3352.9668923169374 658.05101013183594 15.535944074392317 2576.6373688355088 448.64829614385962 18.984622120857239 229.23399242013693 535.30950640887022 5.487112767994403 18.857154957950115 175.6188424360007 699.52220727875829 7.1387800127267829 122.60781854949892 50.263183157891035 21.023070923984051 1875.9717444479465 8.6493382900953275 3.1398671939969054 14.470151761546729 5.5830575525760642 2.7751049622893325 260.7873616963625
leaf_count=26710 6066 21492 2471 7949 475 372 26 17637 3474 78 13831 2805 176 1643 3262 33 129 1906 4764 35 932 465 147 11459 51 23 107 29 32 2959
internal_value=0.000211385 -0.000168307 0.00256559 0.00331745 -0.0013313 -0.00360761 -0.00643643 -0.00388893 -0.00954033 -0.0251804 -0.000263619 -0.00267422 -0.00407872 0.000803047 -0.00278876 -0.00730602 0.00785756 0.00834338 0.00193631 -0.00378344 0.00887789 0.00627021 -0.00435675 0.000449915 0.00530754 -0.0330978 -0.00574536 -0.00679311 0.0249781 0.00620577
internal_weight=21925.1 21004.8 6268.72 5785.51 14736.1 4705.02 483.209 4653.75 758.33 94.7918 10031.1 3077.08 2616.65 6954.02 3895.42 663.538 1349.47 1330.61 4436.04 3360.11 920.252 1155 2597.66 6724.78 460.438 11.7892 479.416 464.946 53.0383 960.31
internal_count=131538 124540 42329 39696 82211 25366 2633 24994 4060 553 56845 17033 14154 39812 20934 3507 10481 10352 29215 17672 6998 8446 13978 38169 2879 74 2607 2500 497 7723
is_linear=0
shrinkage=0.05


Tree=65
num_leaves=31
num_cat=0
split_feature=5 0 6 4 1 15 5 0 8 15 15 5 4 3 14 1 9 16 14 16 16 4 5 15 0 3 14 3 4 6
split_gain=20.4968 19.2687 20.702 25.5325 16.8737 11.1923 10.5848 14.792 9.73384 11.3394 9.26622 8.90552 8.71123 13.3624 8.43217 13.7954 9.63049 7.68026 7.65869 9.39865 10.5714 8.69039 7.85473 8.18074 7.63819 9.36736 7.47422 7.34618 8.23574 7.90963
threshold=56.500000000000007 1.0000000180025095e-35 1.0000000180025095e-35 14.500000000000002 5.5000000000000009 2.5000000000000004 4.5000000000000009 85.500000000000014 1.0000000180025095e-35 24.500000000000004 12.500000000000002 1.0000000180025095e-35 3.5000000000000004 33.500000000000007 1.0000000180025095e-35 2.5000000000000004 1.5000000000000002 120.00000000000001 9.0000000000000018 2.5000000000000004 21.500000000000004 2.5000000000000004 2.5000000000000004 4.5000000000000009 33.500000000000007 8.5000000000000018 1.0000000180025095e-35 4.5000000000000009 4.5000000000000009 1.5000000000000002
decision_type=2 2 2 2 2 2 2 2 2 2 2 2 2 2 2 2 2 2 2 2 2 2 2 2 2 2 2 2 2 2
left_child=1 5 4 10 8 14 -6 -8 9 11 17 -3 18 -14 15 16 -1 -4 19 -13 21 -21 -22 -24 27 -26 -5 -12 29 -29
right_child=-2 2 3 26 6 -7 7 -9 -10 -11 24 12 13 -15 -16 -17 -18 -19 -20 20 22 -23 23 -25 25 -27 -28 28 -30 -31
leaf_value=-0.028507655284856378 0.040739122721481738 -0.001752377624792911 -0.0022125642150724652 -0.11207561924457894 0.0062586188071010298 -0.00077925015392848465 0.022204976621450229 -0.13376702974251001 -0.00098065547672769224 0.0080036130785304822 0.0017484618601319676 0.0042242698837664161 0.0081303642467566752 -0.062024343233985514 -0.0048870901168107956 0.019740032387124202 -0.098089965269960416 0.027588405570000113 0.0027612054853186855 -0.017978186722575885 0.027466678130805479 0.007173206843065303 0.010480686768718158 -0.052128908345090166 -0.0092626791562560734 -0.08647111724061754 -0.025520927331618898 -0.0014974849951969434 0.032330655622313527 0.027579055822180773
leaf_weight=40.366186425089836 30.760001640766859 1348.5249629020691 4977.5397911816835 2.5678519979119292 578.74491276219487 3166.8781031630933 160.24772255308926 1.5346645265817631 2659.4873153269291 846.48899231106043 1111.651445467025 213.2790045067668 812.05687604658306 6.8447268679738036 2184.2059833593667 13.910523630678652 5.6713270023465148 21.714293075725436 3173.9579306207597 207.53862610831857 30.265125893056393 41.15479402244091 14.999712560325863 8.0000138953328115 18.718283649533991 4.9720132797956458 86.911412699148059 85.431081626564264 41.669231463223696 32.206207945942879
leaf_count=210 538 7422 28017 18 4366 17458 2376 12 15843 6162 6962 1255 5858 47 11545 78 28 177 19133 1222 200 262 111 59 128 34 716 644 486 223
internal_value=-4.72657e-05 -0.000104559 0.000745158 -0.00148386 0.00215351 -0.00269351 0.00941917 0.0207254 0.00157883 0.00259432 -0.00110682 0.00181249 0.00287886 0.00754398 -0.00539484 -0.0238949 -0.0370794 -0.00208312 0.00184333 -0.00381096 -0.00948641 -0.013816 0.0107286 -0.0112969 0.00266315 -0.0254668 -0.0280049 0.00318748 0.0132291 0.00646296
internal_weight=21928.3 21897.5 16486.5 6383.38 10103.1 5411.03 740.527 161.782 9362.6 6703.11 6293.9 5856.62 4508.1 818.902 2244.15 59.948 46.0375 4999.25 3689.2 515.237 301.958 248.693 53.2649 22.9997 1294.65 23.6903 89.4793 1270.96 159.307 117.637
internal_count=131590 131052 101733 37405 64328 29319 6754 2388 57574 41731 36671 35569 28147 5905 11861 316 238 28194 22242 3109 1854 1484 370 170 8477 162 734 8315 1353 867
is_linear=0
shrinkage=0.05


Tree=66
num_leaves=31
num_cat=0
split_feature=5 15 16 17 17 2 2 8 5 4 2 3 16 16 4 16 8 0 2 9 5 3 10 4 4 10 14 17 4 4
split_gain=26.8311 17.808 18.2169 14.8059 13.8052 12.7868 12.6667 13.6202 12.666 19.9458 9.86795 10.7818 9.63932 9.10349 8.09888 7.93902 9.40489 7.92077 9.27408 11.4618 7.69666 11.9649 12.4423 13.4075 7.59367 7.50274 9.35658 9.71905 7.06304 6.93957
threshold=9.5000000000000018 23.500000000000004 58.500000000000007 52.500000000000007 88.500000000000014 54.500000000000007 1.0000000180025095e-35 1.5000000000000002 60.500000000000007 16.500000000000004 59.500000000000007 4.5000000000000009 10.500000000000002 8.5000000000000018 1.5000000000000002 2.5000000000000004 1.0000000180025095e-35 1.5000000000000002 7.5000000000000009 1.5000000000000002 14.500000000000002 21.500000000000004 2.5000000000000004 5.5000000000000009 22.500000000000004 5.5000000000000009 17.000000000000004 8.5000000000000018 76.500000000000014 33.500000000000007
decision_type=2 2 2 2 2 2 2 2 2 2 2 2 2 2 2 2 2 2 2 2 2 2 2 2 2 2 2 2 2 2
left_child=1 3 4 6 10 -5 15 12 9 20 11 -3 13 29 -14 16 -1 24 -19 -20 21 22 23 -2 -13 -9 -27 -28 -11 -8
right_child=8 2 -4 5 -6 -7 7 25 -10 28 -12 17 14 -15 -16 -17 -18 18 19 -21 -22 -23 -24 -25 -26 26 27 -29 -30 -31
leaf_value=-0.0045041784079015148 0.0075514734044098463 0.0011105940180137614 0.021617612769701283 0.0069697079117435256 0.039610645854403465 -0.068901040167827818 3.9093797742241291e-05 -0.0037986403062911728 0.049171015745478497 -0.010708948239075569 -0.044532287635698171 0.0039964246372467668 3.3324635718713146e-05 -0.0072011995490844499 0.0060315701579953572 -0.0014838650040513014 -0.01561964374057518 0.020877529940945078 0.0071070051192161981 -0.062494634535939841 0.030093410272032075 -0.093219101948058658 -0.084275082012972666 0.045775346077082134 -0.046317130503367721 -0.060052771526436149 -0.022076788846441844 0.052036339513080399 0.057995256079036953 -0.032165776290214262
leaf_weight=1822.0114618763328 104.46956392377615 2154.0827380232513 132.72237622179091 691.45115685835481 24.975949142128229 5.5982709527015677 9013.6432565525174 1785.3435241021216 23.408410111442208 93.094408707693219 11.219942830502985 136.44444734975696 1046.4122379980981 464.08747865259647 1217.524591781199 2568.4219549112022 212.49376221746206 185.69799050316215 31.208795800805092 7.2982513625174752 93.919642958790064 2.6712632775306693 3.1702571455389252 29.396912626922131 7.9354719817638388 13.085774928331373 26.995528843253851 5.2904950566589823 3.8974158987402907 16.758534416556358
leaf_count=9467 1060 14003 1168 4740 205 34 52278 9361 437 1018 63 921 6256 2766 8794 13690 1121 1606 340 62 1266 33 33 526 45 62 128 28 41 91
internal_value=-2.48801e-05 -0.00024886 0.00355607 -0.00079104 0.00261926 0.00636036 -0.00106505 -0.000297193 0.0136284 0.0111119 0.00225465 0.00246274 0.000327407 -0.000371654 0.00325913 -0.003332 -0.00566513 0.0103649 0.0162468 -0.00608461 0.0190248 0.0115839 0.0136269 0.0159454 0.00123107 -0.00430891 -0.0243877 -0.00993237 -0.00794821 -2.06717e-05
internal_weight=21934.7 21580.7 2691.59 18889.1 2558.86 697.049 18192.1 13589.1 354.028 330.619 2533.89 2522.67 11758.4 9494.49 2263.94 4602.93 2034.51 368.585 224.205 38.507 233.628 139.708 137.037 133.866 144.38 1830.72 45.3718 32.286 96.9918 9030.4
internal_count=131643 127229 18413 108816 17245 4774 104042 79764 4414 3977 17040 16977 70185 55135 15050 24278 10588 2974 2008 402 2918 1652 1619 1586 966 9579 218 156 1059 52369
is_linear=0
shrinkage=0.05


Tree=67
num_leaves=31
num_cat=0
split_feature=17 10 4 5 1 6 4 0 17 17 2 15 0 11 6 2 3 17 1 5 11 0 17 3 0 1 1 14 6 7
split_gain=25.7211 19.0761 21.7224 17.6745 16.1871 13.4552 16.2927 10.5046 10.3915 10.8406 10.1228 9.88926 11.7435 9.8278 11.5265 9.56785 9.52753 8.8084 8.37436 7.8556 7.83266 7.73652 8.70983 7.58303 8.60403 8.79996 7.48226 7.84054 8.64263 8.03041
threshold=52.500000000000007 1.0000000180025095e-35 3.5000000000000004 17.500000000000004 6.5000000000000009 1.0000000180025095e-35 41.500000000000007 3.5000000000000004 6.5000000000000009 43.500000000000007 37.500000000000007 50.500000000000007 38.500000000000007 1.0000000180025095e-35 1.5000000000000002 3.5000000000000004 3.5000000000000004 2.5000000000000004 79.500000000000014 9.5000000000000018 1.5000000000000002 21.500000000000004 19.500000000000004 7.5000000000000009 18.500000000000004 8.5000000000000018 7.5000000000000009 57.000000000000007 1.0000000180025095e-35 1.0000000180025095e-35
decision_type=2 2 2 2 2 2 2 2 2 2 2 2 2 2 2 2 2 2 2 2 2 2 2 2 2 2 2 2 2 2
left_child=1 2 3 11 5 7 -7 10 18 -10 -3 13 19 -1 16 -11 -15 -12 26 -13 -8 -6 -23 24 25 -16 27 29 -29 -4
right_child=-2 4 8 -5 21 6 20 -9 9 15 17 12 -14 14 23 -17 -18 -19 -20 -21 -22 22 -24 -25 -26 -27 -28 28 -30 -31
leaf_value=0.00059176096916664775 0.0084034232338116299 -0.0020290758697662846 0.0060374983553735332 0.045809937716568744 0.01310586720685223 -0.0057701381739300485 -0.067739182390882155 0.0059653054951612355 0.014438548644438668 -0.031968045538716704 -0.0073288183958581127 0.0056354445696501819 -0.056897007989529284 -0.0027308875357607365 -0.010131820451561793 0.021582483814250878 0.0051691745606785681 -0.10537329953345981 -0.083914685074578887 0.047003312814174358 0.018243963954982439 -0.001425899001092091 -0.069227564125860661 -0.06837216406484585 0.035613374012933206 -0.067320901665595165 0.01840845861056515 -0.036869899305199856 0.022071706320280868 -0.0031957802604092008
leaf_weight=8442.1822505034506 909.87721312232316 3707.9597347155213 868.89252277649939 21.114888090640306 232.31283845379949 2103.6936915591359 15.318405952304603 445.58489781618118 444.22209489531815 24.442520972341299 4.7499745525419694 714.33993852511048 7.4261728823184958 2578.5464081279933 355.91489917039871 12.662241868674753 447.94405461475253 4.4248252622783184 2.7229870259761801 11.663437291979788 3.2023425213992587 41.889633031561971 5.3404957801103583 5.6375656574964514 10.082615070044993 6.8561581224203101 82.791271748021245 23.793506141752005 8.4202485308051092 323.0351724717766
leaf_count=48221 6986 20772 6150 260 2014 11493 93 3152 3782 193 28 4959 46 14238 1811 158 2835 29 21 139 22 300 44 34 60 44 991 170 56 2241
internal_value=0.000173521 -0.000183789 0.000834985 0.000102694 -0.00241746 -0.0029411 -0.0061812 -0.00128924 0.00598753 0.0122699 -0.00215887 2.59802e-05 0.00566014 -0.000322817 -0.00259039 -0.0136936 -0.00156162 -0.0546137 0.00367863 0.00630003 -0.0528722 0.00935535 -0.0090925 -0.0108166 -0.0099464 -0.0112127 0.00386113 0.00287726 -0.0214633 0.0035351
internal_weight=21867 20957.2 14392.7 12601.7 6564.48 6284.93 2122.21 4162.72 1790.98 481.327 3717.13 12580.6 733.43 11847.2 3404.98 37.1048 3026.49 9.1748 1309.66 726.003 18.5207 279.543 47.2301 378.491 372.854 362.771 1306.93 1224.14 32.2138 1191.93
internal_count=131342 124356 86409 72647 37947 35589 11608 23981 13762 4133 20829 72387 5144 67243 19022 351 17073 57 9629 5098 115 2358 344 1949 1915 1855 9608 8617 226 8391
is_linear=0
shrinkage=0.05


Tree=68
num_leaves=31
num_cat=0
split_feature=17 6 0 8 1 4 16 2 11 4 2 2 5 1 5 16 8 4 15 16 6 0 14 14 8 15 2 17 16 14
split_gain=21.8935 20.3182 28.8023 12.8632 12.3584 11.92 11.777 9.48099 8.79432 10.2258 10.2571 11.0639 8.79818 8.7409 8.3051 7.65641 9.66451 8.88266 7.53484 9.01227 8.73664 7.93739 7.78926 7.68522 8.94788 7.48407 7.43114 8.83471 8.14299 8.60217
threshold=50.500000000000007 1.0000000180025095e-35 4.5000000000000009 1.0000000180025095e-35 9.5000000000000018 1.5000000000000002 112.50000000000001 42.500000000000007 1.0000000180025095e-35 12.500000000000002 7.5000000000000009 2.5000000000000004 10.500000000000002 1.0000000180025095e-35 60.500000000000007 1.0000000180025095e-35 4.5000000000000009 2.5000000000000004 53.500000000000007 76.500000000000014 3.5000000000000004 1.5000000000000002 7.0000000000000009 21.000000000000004 2.5000000000000004 174.00000000000003 1.5000000000000002 39.500000000000007 1.5000000000000002 23.000000000000004
decision_type=2 2 2 2 2 2 2 2 2 2 2 2 2 2 2 2 2 2 2 2 2 2 2 2 2 2 2 2 2 2
left_child=1 2 3 4 13 -4 8 26 12 15 11 -11 -3 -1 -2 16 17 -10 19 -17 23 -21 -23 -20 -25 -15 27 -5 -29 -30
right_child=14 6 5 7 -6 -7 -8 -9 9 10 -12 -13 -14 25 -16 18 -18 -19 20 21 -22 22 -24 24 -26 -27 -28 28 29 -31
leaf_value=-0.001572458610081055 0.007024283112250825 -0.0015465749268244828 0.0019957593242157959 -0.0045811379817812014 0.022982067123824411 0.012916918505675041 0.024167931026103023 -0.027768883798745231 -0.018089981027786178 -0.021810414810972137 0.015797441790078397 -0.084187383547005445 0.027268253706180547 0.0019155252698184627 0.052747472917514741 -0.0040093926606456108 0.042314713221715407 0.0025777716421783096 -0.0039186376136370387 -0.094259646365447647 -0.036697207853502764 -0.086970882472781605 -0.00042936589064352629 0.02853432597558191 -0.044087922552842315 0.037867355263132146 -0.00044010955931022584 -0.098254844790599649 -0.078395091295403091 0.010303806076604976
leaf_weight=2297.3832359574735 954.01346748694777 4339.1072231121361 402.40823674201965 1254.0376267582178 64.961099689826369 659.03663490712643 41.137375295162201 35.73385613784194 234.30737629905343 19.961897887289528 9.3195372447371465 11.040631182491778 26.653870681300759 6832.7966236099601 10.035905027762054 1708.419579686597 7.9595122411847106 66.811017956584692 41.915970476344228 4.7646897733211544 9.7186709083616716 3.3635251633822909 11.455280996859072 61.055294826626778 4.5581679418683043 14.506315208971499 2752.821756221354 4.5471528470516231 4.1410302445292464 8.041708540171383
leaf_count=12355 7224 24898 2604 6513 576 5957 350 229 1264 138 104 95 382 41631 220 9346 38 415 294 31 58 24 90 454 28 122 15993 25 24 47
internal_value=0.000133098 -0.000206207 0.000851101 0.000217108 0.00125066 0.00877656 -0.00250137 -0.00212777 -0.00266861 -0.00525059 -0.0301977 -0.0440241 -0.00137065 0.00109628 0.00750027 -0.00478366 -0.0120668 -0.0135043 -0.00356373 -0.00439599 0.00870214 -0.0381222 -0.0200723 0.0128054 0.0234893 0.00199169 -0.00190005 -0.00506267 -0.0411572 -0.0198458
internal_weight=21896 20932 14330.4 13269 9209.65 1061.44 6601.55 4059.32 6560.41 2194.65 40.3221 31.0025 4365.76 9144.69 964.049 2154.33 309.078 301.118 1845.25 1728 117.248 19.5835 14.8188 107.529 65.6135 6847.3 4023.59 1270.77 16.7299 12.1827
internal_count=131529 124085 86076 77515 54684 8561 38009 22831 37659 12379 337 233 25280 54108 7444 12042 1717 1679 10325 9491 834 145 114 776 482 41753 22602 6609 96 71
is_linear=0
shrinkage=0.05


Tree=69
num_leaves=31
num_cat=0
split_feature=2 1 16 7 5 3 11 0 0 8 17 0 0 11 14 15 0 15 14 0 15 3 1 0 1 17 3 5 10 0
split_gain=24.7028 18.2638 16.2918 13.8891 12.3886 11.3626 11.2138 8.18505 11.3114 12.4122 8.09864 9.63263 9.2853 7.17968 7.07071 7.82255 9.04564 9.48322 6.97086 6.84533 8.61534 6.70892 6.62433 6.43288 12.3465 11.9346 9.28005 7.20311 6.17678 6.09017
threshold=3.5000000000000004 7.5000000000000009 138.50000000000003 1.0000000180025095e-35 6.5000000000000009 2.5000000000000004 1.0000000180025095e-35 30.500000000000004 42.500000000000007 1.0000000180025095e-35 13.500000000000002 19.500000000000004 3.5000000000000004 1.5000000000000002 1.0000000180025095e-35 18.500000000000004 1.0000000180025095e-35 38.500000000000007 51.000000000000007 2.5000000000000004 113.50000000000001 1.5000000000000002 31.500000000000004 1.0000000180025095e-35 1.0000000180025095e-35 1.0000000180025095e-35 4.5000000000000009 1.0000000180025095e-35 1.0000000180025095e-35 29.500000000000004
decision_type=2 2 2 2 2 2 2 2 2 2 2 2 2 2 2 2 2 2 2 2 2 2 2 2 2 2 2 2 2 2
left_child=1 2 3 5 10 19 -6 -3 9 -9 14 12 -12 -7 15 -2 -17 -18 -15 20 -1 22 -8 24 25 27 -27 -5 -21 -13
right_child=4 7 -4 23 6 13 21 8 -10 -11 11 29 -14 18 -16 16 17 -19 -20 28 -22 -23 -24 -25 -26 26 -28 -29 -30 -31
leaf_value=-0.0019085335570566823 -0.0052416349616268105 0.013720170441672994 0.030797452578054427 -0.050381268081492195 0.02363408859937928 0.0031156604310533381 -0.0082895568845086417 -0.020152328231000355 0.0099538537673111716 -0.12816646271360804 0.0060388340111514156 -0.08867386862123694 0.020919509260761915 -0.008319350106764694 0.0023698790500279268 -0.11808886859651258 -0.08091828020223632 0.011552667281900748 0.017189973670536467 0.0030562470604617161 0.019243841259420708 0.010146518591081316 -0.084235626881652217 -0.0019241257106014091 -0.0042517500448208314 -0.0058577007984093521 -0.073656244786597616 -0.0070576985835931506 -0.0027337260243397738 -0.012967205873327919
leaf_weight=6400.8321641758084 69.30534440279007 301.57904458418489 40.654912993311882 37.28244286775589 144.41506873629987 3214.6274465806782 32.208693139255047 12.591815009713171 27.475673612207174 3.3718836009502402 426.8612289018929 3.0321412831544903 138.95726658403873 236.15959721803665 2890.1680190935731 3.306885488331317 4.5366488285362703 7.130290187895298 30.206599146127701 1645.3508129604161 48.503462303429842 104.14929958432913 3.15226075798273 3947.3808005824685 1362.2500685453415 96.02928114309907 5.3271809145808211 12.918771907687185 639.72077925130725 21.439578093588352
leaf_count=34681 446 2302 342 261 2252 20059 295 84 189 23 2978 24 1457 1447 19204 21 32 53 186 9883 358 1402 28 22115 7044 462 29 62 3778 136
internal_value=0.000178857 -0.000596107 -0.000817979 -0.000890692 0.00381586 4.64341e-05 0.0138675 0.0107974 -0.00949433 -0.0429673 0.00301526 0.008365 0.00969332 0.00246201 0.00195359 -0.0123222 -0.045094 -0.0244043 -0.00542653 -0.000916265 -0.00174945 0.0037576 -0.0150598 -0.00298682 -0.0057579 -0.0192957 -0.00942112 -0.0392324 0.00143531 -0.0223476
internal_weight=21910.9 18062.3 17717.2 17676.6 3848.66 12215.4 283.925 345.018 43.4394 15.9637 3564.74 590.29 565.818 3480.99 2974.45 84.2792 14.9738 11.6669 266.366 8734.41 6449.34 139.51 35.361 5461.19 1513.81 151.558 101.356 50.2012 2285.07 24.4717
internal_count=131633 103305 100707 100365 28328 70392 3977 2598 296 107 24351 4595 4435 21692 19756 552 106 85 1633 48700 35039 1725 323 29973 7858 814 491 323 13661 160
is_linear=0
shrinkage=0.05


Tree=70
num_leaves=31
num_cat=0
split_feature=8 0 16 6 0 2 15 4 15 3 5 5 11 4 4 14 5 4 16 9 4 6 14 3 4 14 15 16 16 0
split_gain=21.1955 19.0597 14.8374 11.7147 12.145 14.0032 10.2959 10.501 8.90255 9.51233 8.15539 8.10562 10.0679 14.4858 13.7129 12.025 8.33213 8.25185 13.668 9.45211 7.85513 7.78577 12.6823 8.37179 10.8634 8.45772 8.22745 10.0779 8.31969 7.6636
threshold=1.0000000180025095e-35 4.5000000000000009 16.500000000000004 6.5000000000000009 19.500000000000004 6.5000000000000009 61.500000000000007 21.500000000000004 86.500000000000014 13.500000000000002 55.500000000000007 10.500000000000002 1.0000000180025095e-35 9.5000000000000018 14.500000000000002 31.000000000000004 59.500000000000007 45.500000000000007 48.500000000000007 1.0000000180025095e-35 5.5000000000000009 1.0000000180025095e-35 3.0000000000000004 17.500000000000004 4.5000000000000009 25.000000000000004 1.0000000180025095e-35 8.5000000000000018 7.5000000000000009 1.0000000180025095e-35
decision_type=2 2 2 2 2 2 2 2 2 2 2 2 2 2 2 2 2 2 2 2 2 2 2 2 2 2 2 2 2 2
left_child=1 2 8 4 5 6 7 20 21 -10 -4 17 -13 -14 -15 16 -16 29 19 -19 -3 22 26 -23 -25 -26 -1 28 -28 -2
right_child=11 3 10 -5 -6 -7 -8 -9 9 -11 -12 12 13 14 15 -17 -18 18 -20 -21 -22 23 -24 24 25 -27 27 -29 -30 -31
leaf_value=-0.024642860135365274 -0.0053809524111311513 0.0045752928963637167 0.0042185928418707322 -0.044270514832437005 -0.0062271664871179928 0.025509831318971221 0.025156974935547156 -0.038679545147787202 0.012750532286986596 -0.066390723855520001 0.053304326501589089 0.032186143558195011 0.02546126758418156 -0.11793819402461823 -0.052787398399016056 0.027104636752326602 0.052894845764751924 0.034501371158855092 -0.11436407273160919 -0.042671189987074754 0.018174638158286804 -0.0026321212679468568 0.00063354343611231453 -0.118593871010041 0.03871191969605918 -0.069149701986237738 -0.0037286860882272464 -0.02669878101063344 0.039077980241698854 -0.0016283752501002392
leaf_weight=63.221281353384256 1863.5263611413538 1141.8988614156842 1741.86632941477 11.55352111905813 173.90126207843423 103.16988374106586 69.335120230913162 13.386451102793215 164.57564126886427 3.886491620913147 8.5033334046602231 37.328928275033832 27.709901863709092 3.4626182075589922 14.697369733825331 11.413775660097597 2.1361243594437829 6.3329335898160997 4.2247166112065306 10.623824760317801 117.06969046406448 3098.0490926466882 7742.7974443417042 3.5357690751552564 3.8798541091382504 3.4189938586205244 340.48567560501397 48.110184013843536 11.7421996332705 5040.8059051390737
leaf_count=353 9696 7769 11950 57 1286 1500 706 107 1279 30 159 574 331 50 139 126 46 38 28 56 1197 17111 45078 21 27 25 1992 291 71 29488
internal_value=-0.000272239 0.000797229 0.000168819 0.00589834 0.00625641 0.00775892 0.00639395 0.00537149 -0.000484803 0.0109247 0.00445705 -0.00253604 0.0118363 -0.000947923 -0.0240258 -0.0125138 -0.0393766 -0.00273682 -0.0338972 -0.0138491 0.00583988 -0.000654668 0.000152596 -0.00278556 -0.0466603 -0.0118136 -0.00788063 -0.00523354 -0.00230164 -0.00264122
internal_weight=21886.6 14864.4 13234.1 1630.31 1618.76 1444.86 1341.69 1272.36 11483.7 168.462 1750.37 7022.26 96.7487 59.4198 31.7099 28.2473 16.8335 6925.51 21.1815 16.9568 1258.97 11315.2 8206.36 3108.88 10.8346 7.29885 463.559 400.338 352.228 6904.33
internal_count=131581 91009 78387 12622 12565 11279 9779 9073 66278 1309 12109 40572 1266 692 361 311 185 39306 122 94 8966 64969 47785 17184 73 52 2707 2354 2063 39184
is_linear=0
shrinkage=0.05


Tree=71
num_leaves=31
num_cat=0
split_feature=17 16 3 9 2 4 15 6 17 17 0 5 3 8 0 1 0 1 9 17 4 16 15 0 10 5 15 2 1 0
split_gain=21.4845 19.2929 15.5145 18.5515 14.1612 14.7327 12.6246 9.94928 10.5291 8.89414 8.36156 8.28673 8.73383 7.99444 7.89956 7.74727 7.44637 10.529 13.0942 10.608 7.23518 13.3313 6.90961 15.082 7.53798 6.98083 6.68999 6.6064 13.5184 9.19136
threshold=52.500000000000007 100.50000000000001 1.5000000000000002 1.0000000180025095e-35 4.5000000000000009 1.5000000000000002 83.500000000000014 1.0000000180025095e-35 51.500000000000007 7.5000000000000009 7.5000000000000009 43.500000000000007 77.500000000000014 3.5000000000000004 26.500000000000004 10.500000000000002 1.0000000180025095e-35 1.0000000180025095e-35 1.0000000180025095e-35 1.0000000180025095e-35 45.500000000000007 1.5000000000000002 47.500000000000007 33.500000000000007 2.5000000000000004 8.5000000000000018 75.500000000000014 12.500000000000002 57.500000000000007 3.5000000000000004
decision_type=2 2 2 2 2 2 2 2 2 2 2 2 2 2 2 2 2 2 2 2 2 2 2 2 2 2 2 2 2 2
left_child=1 2 6 4 10 -6 7 8 13 14 15 12 20 -1 -7 -4 17 18 19 -9 22 -22 -5 24 25 -24 -23 -18 29 -29
right_child=-2 -3 3 11 5 9 -8 16 -10 -11 -12 -13 -14 -15 -16 -17 27 -19 -20 -21 21 26 23 -25 -26 -27 -28 28 -30 -31
leaf_value=-0.00078622095787762847 0.007457948491752334 0.01726676360331621 0.0011821452563611032 -0.0020239914743101581 -0.00041113960682870521 0.011711756785006765 0.012568561338369444 -0.038431654425816766 -0.06909705913791496 0.025172237799189146 0.012335375685779457 0.038892803907116726 -0.06933837430476944 -0.016456248494930048 -0.022262376595339101 0.027842388260118561 -0.0034200898022893771 -0.0044157620554951572 -0.04649135062161508 0.0027243174800377556 -0.074414044088237291 0.0088135483395162962 0.0069251548480225612 -0.072392310536512211 -0.022886046854907111 0.044084540081486795 -0.059733034491226848 -0.015779567518581349 0.05270122405622725 -0.092357764602213011
leaf_weight=6961.7650465779006 901.05783307552338 152.9536445364356 4764.2303607296199 4094.4066067039967 271.96002959087491 357.56455452740192 148.77872893586755 23.458171725273132 5.6758783012628546 132.0522978939116 179.19609692879021 12.616863021627067 4.7655470371246329 82.356152445077896 17.969717897474766 27.406377952545881 3126.0188828743994 177.22652877867222 41.010216183960438 47.080756239593029 9.6441271156072599 18.533069267868999 317.74837024696171 6.151072744280099 20.437655087560415 13.162474311888216 4.4057210050523272 8.0524928048253077 3.7438099011778823 7.6323875188827506
leaf_count=38757 6998 1343 29720 23670 1820 3359 1083 139 37 1560 1386 190 27 392 146 243 16627 886 252 224 47 115 2252 39 128 189 28 48 22 48
internal_value=-0.000102535 -0.00042635 -0.000555928 0.000831901 0.00271381 0.00897945 -0.00189409 -0.00209933 -0.00102428 0.0140108 0.0017312 -0.00157192 -0.00168564 -0.000969427 0.0100861 0.00133463 -0.00430619 -0.0119902 -0.0240243 -0.0109624 -0.00161375 -0.0250893 -0.00144193 0.00522432 0.00658315 0.00840323 -0.0043518 -0.00360074 -0.0326667 -0.0530431
internal_weight=21939.1 21038 20885 10252.3 5750.38 779.547 10632.8 10484 7049.8 507.587 4970.83 4501.87 4489.25 7044.12 375.534 4791.64 3434.22 288.776 111.549 70.5389 4484.49 32.5829 4451.91 357.5 351.348 330.911 22.9388 3145.45 19.4287 15.6849
internal_count=131775 124777 123434 64919 38234 6885 58515 57432 39186 5065 31349 26685 26495 39149 3505 29963 18246 1501 615 363 26468 190 26278 2608 2569 2441 143 16745 118 96
is_linear=0
shrinkage=0.05


Tree=72
num_leaves=31
num_cat=0
split_feature=4 2 8 5 5 11 0 5 0 14 3 5 3 9 2 1 1 15 17 15 15 7 14 17 16 16 9 3 2 3
split_gain=20.176 17.0702 18.165 14.6872 13.3208 11.3541 11.107 9.83283 10.025 9.4083 11.2604 11.3937 11.1625 9.61723 9.24157 9.41436 9.19124 9.02584 8.9892 8.6671 8.66269 8.15748 7.86351 7.42504 8.39722 8.76676 7.61659 8.15157 7.32998 7.31084
threshold=1.0000000180025095e-35 2.5000000000000004 1.0000000180025095e-35 17.500000000000004 1.0000000180025095e-35 1.0000000180025095e-35 3.5000000000000004 3.5000000000000004 10.500000000000002 29.000000000000004 10.500000000000002 8.5000000000000018 1.5000000000000002 1.0000000180025095e-35 33.500000000000007 1.0000000180025095e-35 7.5000000000000009 36.500000000000007 9.5000000000000018 35.500000000000007 71.500000000000014 1.0000000180025095e-35 51.000000000000007 12.500000000000002 58.500000000000007 76.500000000000014 4.5000000000000009 6.5000000000000009 6.5000000000000009 3.5000000000000004
decision_type=2 2 2 2 2 2 2 2 2 2 2 2 2 2 2 2 2 2 2 2 2 2 2 2 2 2 2 2 2 2
left_child=3 21 6 9 -4 19 16 8 18 12 11 14 20 17 15 23 -3 -13 -8 29 -1 -2 -23 24 26 -26 27 -11 -12 -6
right_child=1 2 4 -5 5 -7 7 -9 -10 10 28 13 -14 -15 -16 -17 -18 -19 -20 -21 -22 22 -24 -25 25 -27 -28 -29 -30 -31
leaf_value=-0.0040481284432099 0.00074293224290921148 0.0035699333163596325 -0.0066822569649982351 0.050982564756836504 0.001109675127281646 -0.0028510205544330478 0.0061044998073669166 0.019316401105898516 -0.011620992279575127 -0.01113794852523768 -0.083987116841791998 -0.099568466941474101 0.0023406287241816057 0.013683289711408609 -0.054677974487177011 -0.0023663660769187148 0.022413568938824235 0.013179929218448775 0.024255029412965212 0.016803715392833596 0.023006680735487669 -0.0029803100181083507 0.0046491474065832733 0.0057359133739052805 -0.095759989626906794 0.0048833189606844272 -0.067444926413182213 0.038248474166759215 -0.015764661408329959 0.010841454631613083
leaf_weight=1783.9633296877146 7812.1786206252873 1977.574759952724 552.29634630680084 12.761111300438641 756.89659915864468 703.0291537810117 321.54468788951635 254.11922090873122 62.017089631408453 499.63217858225107 7.3178087472915641 8.1166052855551225 1402.2658505514264 4.3441327735781661 9.1966758295893651 1521.5341629087925 66.90116929449141 2.2718741297721854 86.584104929119349 141.38959338329732 30.086184520274401 3134.0959093756974 378.5184665247798 68.053370848298073 5.9018008783459646 3.4162504225969315 5.9012425839900962 8.4974808692932111 8.5226482599973661 259.02862204425037
leaf_count=9261 45569 13391 3045 168 4841 4715 2467 3483 454 2515 42 60 7918 35 55 8350 684 23 787 1268 195 17512 2090 369 34 21 27 45 48 2137
internal_value=6.38991e-05 0.00093071 0.00330787 -0.00259465 0.000136403 0.00216072 0.00607144 0.0113922 0.007109 -0.00272199 -0.00528037 -0.00496902 -0.00100965 -0.0487879 -0.00466482 -0.00444713 0.00418655 -0.0749113 0.00995512 0.00520518 -0.00359942 -0.000156901 -0.00215816 -0.00980043 -0.0118207 -0.0588614 -0.010968 -0.0103121 -0.0472814 0.00359097
internal_weight=21888 16506.2 5181.38 5381.78 2412.64 1860.34 2768.74 724.265 470.146 5369.02 2152.71 2136.87 3216.32 14.7326 2122.13 2112.94 2044.48 10.3885 408.129 1157.31 1814.05 11324.8 3512.61 591.402 523.349 9.31805 514.031 508.13 15.8405 1015.93
internal_count=131609 102443 37272 29166 16006 12961 21266 7191 3708 28998 11624 11534 17374 118 11416 11361 14075 83 3254 8246 9456 65171 19602 3011 2642 55 2587 2560 90 6978
is_linear=0
shrinkage=0.05


Tree=73
num_leaves=31
num_cat=0
split_feature=3 16 11 5 8 17 1 17 10 1 1 9 16 17 5 11 1 1 2 17 2 8 17 1 2 15 6 16 10 1
split_gain=20.8636 12.4951 10.6785 11.1468 10.889 10.1621 9.977 9.06938 9.03385 13.6959 8.4406 7.95218 7.64792 7.3221 7.21205 10.755 8.94587 7.62335 7.16019 7.12616 6.80989 6.70122 8.58319 8.73487 8.30038 7.62258 8.93139 6.45136 6.88405 6.40208
threshold=2.5000000000000004 11.500000000000002 1.0000000180025095e-35 15.500000000000002 3.5000000000000004 39.500000000000007 1.0000000180025095e-35 18.500000000000004 1.0000000180025095e-35 8.5000000000000018 36.500000000000007 2.5000000000000004 69.500000000000014 6.5000000000000009 1.0000000180025095e-35 1.5000000000000002 19.500000000000004 5.5000000000000009 60.500000000000007 50.500000000000007 67.500000000000014 1.0000000180025095e-35 5.5000000000000009 2.5000000000000004 1.0000000180025095e-35 1.0000000180025095e-35 1.0000000180025095e-35 82.500000000000014 2.5000000000000004 7.5000000000000009
decision_type=2 2 2 2 2 2 2 2 2 2 2 2 2 2 2 2 2 2 2 2 2 2 2 2 2 2 2 2 2 2
left_child=2 14 3 4 8 10 11 18 12 -10 -4 -3 -1 -12 19 -16 17 -17 27 -2 -20 24 23 -23 25 -14 -27 -8 -29 -21
right_child=1 6 5 -5 -6 -7 7 -9 9 -11 13 -13 21 -15 15 16 -18 -19 20 29 -22 22 -24 -25 -26 26 -28 28 -30 -31
leaf_value=0.00071585556706747126 -0.0029649905716419133 -0.0048568959695106462 -0.0033878935366174531 0.04002842806378535 -0.014536228937590323 0.0062732149834004982 0.0057134594235967034 0.018396400189119217 -0.0027725524726534079 0.023498942248271867 -0.020515440681597937 0.025116544915255952 0.051132949659226448 -0.093744659464902694 0.0031220299712970594 -0.00603595472549913 -0.056062243846240201 0.020928732522799885 -0.091232028967718065 0.021413958373386936 -0.0039617615645745879 -0.0006347590991533904 0.026264028616154556 -0.063212755253916314 0.028842386377467024 -0.0017428133045983023 -0.086321767901913968 0.023799853305369066 -0.051915497568061457 -0.048137214936597922
leaf_weight=7131.3870997354388 1160.8786859288812 242.41109868884087 4541.1170218102634 17.248102556914091 130.78722713142633 279.84493803977966 827.39733557403088 196.38679635152221 2941.4330931901932 50.460227567702532 19.343937031924728 24.351481553167105 4.5757225602865246 4.1450121738016596 3593.8787451330572 391.76642289757729 8.4935935661196691 28.09116031602025 3.5635099373757821 45.942200094461441 5.9976062178611755 16.062617011368278 14.380597878247498 8.5418152920901758 69.325169079005718 13.476229041814806 4.0621416568756095 74.807432999834418 3.1275460124015799 3.5654327794909468
leaf_count=40742 6326 1580 24931 244 613 1942 6552 2191 16252 351 119 144 30 28 24679 2320 69 271 28 283 54 109 105 67 533 93 28 735 26 23
internal_value=-1.93106e-05 0.00232669 -0.00103652 -0.000133471 -0.000200178 -0.00297551 0.0065626 0.00864704 -1.73198e-05 -0.00232947 -0.00354253 -0.00212076 0.000935293 -0.0334379 0.00121114 0.00222942 -0.00525957 -0.00423184 0.00655428 -0.00217271 -0.0364881 0.0129338 -0.00442362 -0.0223597 0.0203341 -0.00633838 -0.0213325 0.00700885 0.0207614 0.016405
internal_weight=21856.8 6610.66 15246.2 10401.7 10384.5 4844.45 1378.04 1111.28 10253.7 2991.89 4564.61 266.763 7261.81 23.4889 5232.62 4022.23 428.351 419.858 914.893 1210.39 9.56112 130.424 38.985 24.6044 91.4393 22.1141 17.5384 905.332 77.935 49.5076
internal_count=131468 45281 86187 59167 58923 27020 11310 9586 58310 16603 25078 1724 41707 147 33971 27339 2660 2591 7395 6632 82 965 281 176 684 151 121 7313 761 306
is_linear=0
shrinkage=0.05


Tree=74
num_leaves=31
num_cat=0
split_feature=1 2 4 3 2 5 4 17 1 7 5 16 16 3 2 17 16 1 7 1 1 7 16 5 16 10 1 2 4 6
split_gain=19.5052 15.519 13.4013 11.7829 13.4006 11.315 8.91671 8.49519 8.19285 8.04263 7.39389 7.23685 10.4238 7.47512 8.30709 7.23093 7.08039 6.85635 6.73711 9.70891 7.00484 6.46462 7.80678 6.58304 6.37149 6.2628 6.19827 8.55765 6.78982 5.89261
threshold=1.5000000000000002 3.5000000000000004 2.5000000000000004 1.0000000180025095e-35 33.500000000000007 9.5000000000000018 52.500000000000007 99.500000000000014 7.5000000000000009 1.0000000180025095e-35 55.500000000000007 33.500000000000007 32.500000000000007 4.5000000000000009 1.0000000180025095e-35 66.500000000000014 10.500000000000002 2.5000000000000004 1.5000000000000002 15.500000000000002 22.500000000000004 1.0000000180025095e-35 45.500000000000007 1.5000000000000002 7.5000000000000009 1.5000000000000002 1.0000000180025095e-35 23.500000000000004 3.5000000000000004 1.0000000180025095e-35
decision_type=2 2 2 2 2 2 2 2 2 2 2 2 2 2 2 2 2 2 2 2 2 2 2 2 2 2 2 2 2 2
left_child=7 8 18 -4 5 6 16 21 9 -2 17 12 -11 -13 -15 -10 -5 -6 19 -3 24 26 23 -23 29 -24 -1 -28 -29 -21
right_child=1 2 3 4 10 -7 -8 -9 15 11 -12 13 -14 14 -16 -17 -18 -19 -20 20 -22 22 25 -25 -26 -27 27 28 -30 -31
leaf_value=-0.0021281458774895551 0.0016308891705523274 0.0047844201102864373 -0.0049188221187486331 0.0094835951100818924 -0.074972749358768492 0.035832128714741472 -0.067861174260451032 0.017780194552231485 0.0069719152488562294 -0.0020158886832586979 0.052145493883498872 0.010685996185966653 -0.086188757534877536 -0.060311677211514994 -0.00034620868017831892 0.052290867464803437 0.020756532773365866 -0.0076320347274620145 -0.0060517319033541279 -0.058634070710090538 -0.0074464652351313044 -0.0068927091161240673 0.015662949547250872 -0.0011626944671959524 -0.10570077015917177 -0.018455373539334359 0.00063606544187466045 -0.0049248113756173856 -0.10167001642689913 0.030218892151997689
leaf_weight=4903.867269333452 4608.949325941503 1015.5559539012611 120.40352130681276 505.91535205207765 3.9844152256846419 54.544513784348965 3.4614394605159751 57.165285959839821 330.01627663522959 3357.4663956575096 4.9155735429376355 195.84183082729578 3.6821199655532828 7.8628331348300007 21.755266092717648 9.0430406127125007 192.21136908605695 73.63243624381721 220.13967541232705 4.9610504582524282 58.720773033797741 1262.0726702213287 80.182920578867197 831.48813455179334 3.5595357343554497 16.161317855119705 3928.5437393635511 3.5959157496690741 3.658993661403656 2.9909251481294632
leaf_count=26259 28959 7112 884 4749 26 1240 28 417 2484 18634 136 1375 24 59 188 94 2253 566 1304 34 371 6220 548 4595 25 101 22843 21 27 19
internal_value=2.83278e-05 0.00154069 0.00521991 0.00970784 0.0118077 0.0138958 0.0121904 -0.00144487 0.000564264 0.000249167 -0.00732273 -0.00152641 -0.0021081 0.00714545 -0.0162655 0.00818062 0.0125873 -0.0110889 0.001924 0.00354105 -0.014438 -0.00154451 -0.00397653 -0.00461695 -0.050102 0.00993975 -0.00094201 0.000535874 -0.053718 -0.0252144
internal_weight=21886.3 10799.6 2265 959.069 838.665 756.133 701.588 11086.7 8534.62 8195.56 82.5324 3586.61 3361.15 225.46 29.6181 339.059 698.127 77.6169 1305.93 1085.79 70.2323 11029.6 2189.91 2093.56 11.5115 96.3442 8839.67 3935.8 7.25491 7.95198
internal_count=131595 70564 18747 9882 8998 8270 7030 61031 51817 49239 728 20280 18658 1622 247 2578 7002 592 8865 7561 449 60614 11464 10815 78 649 49150 22891 48 53
is_linear=0
shrinkage=0.05


Tree=75
num_leaves=31
num_cat=0
split_feature=5 10 4 5 5 2 3 17 3 3 16 1 5 2 9 2 16 1 2 3 16 4 4 16 16 9 15 1 2 11
split_gain=14.0193 12.6126 13.7947 12.4338 15.6887 12.1088 13.4897 11.9062 11.3143 10.3795 9.03194 9.70872 8.47643 9.79283 8.39643 12.1926 8.03735 7.9505 8.46869 8.75042 7.06284 7.62527 15.0742 6.83809 7.47887 6.7985 6.75857 6.49451 11.9924 6.23173
threshold=56.500000000000007 1.0000000180025095e-35 1.0000000180025095e-35 11.500000000000002 8.5000000000000018 2.5000000000000004 1.0000000180025095e-35 50.500000000000007 23.500000000000004 6.5000000000000009 20.500000000000004 1.0000000180025095e-35 4.5000000000000009 45.500000000000007 1.0000000180025095e-35 49.500000000000007 1.5000000000000002 6.5000000000000009 23.500000000000004 67.500000000000014 100.50000000000001 18.500000000000004 6.5000000000000009 41.500000000000007 20.500000000000004 1.0000000180025095e-35 98.500000000000014 5.5000000000000009 10.500000000000002 1.5000000000000002
decision_type=2 2 2 2 2 2 2 2 2 2 2 2 2 2 2 2 2 2 2 2 2 2 2 2 2 2 2 2 2 2
left_child=1 2 3 4 27 7 -7 -4 9 14 11 -6 -11 -14 15 -8 -13 20 -19 -20 21 22 26 24 -23 -9 -3 28 -1 -16
right_child=-2 17 5 -5 10 6 8 25 -10 12 -12 16 13 -15 29 -17 -18 18 19 -21 -22 23 -24 -25 -26 -27 -28 -29 -30 -31
leaf_value=-0.0022030793922091147 0.037205269576915376 -0.003049538265007356 1.5794846000703655e-06 0.04115271271371089 0.039172801331336937 -0.0027371651066661219 0.0073958542696249104 0.016294894411794037 -0.014085567601598051 0.0096288006417359108 -0.10289952365117694 -0.10645780725576898 0.033753180111663221 -0.05840243509874931 0.0020272320830211454 -0.062249878176723041 -0.025522352558061925 0.0096528952380152081 -0.019281473273095401 0.05372337680985656 0.015848362628277459 -0.013527076701998236 0.0079402588810798709 -0.036255594247332434 0.030419519423093535 -0.00085525215596973239 0.011367215404836725 0.0062099235944914942 0.026774273777302779 -0.015646051157971522
leaf_weight=4525.1083902642131 25.032435635104775 5993.462373116985 6503.0105742476881 16.942941475659609 4.5240248590707841 590.13852174580097 1663.0812176913023 180.48827750235796 71.068324839696288 157.07921842113137 4.6470286138355723 3.8852701857686069 71.97751340828836 3.0030068382620803 693.83983191289008 6.3079773411154738 14.572346244007347 252.57431220635772 46.023713087663054 4.5064505301415911 52.788491593673825 81.826418984681368 341.62207502126694 28.694404736161232 10.980224072933195 84.998455610126257 82.412035262212157 255.99568773806095 35.989013753831387 53.742011938244104
leaf_count=24104 525 33308 38130 203 31 3575 12449 1317 560 1311 40 28 1297 31 4775 40 111 2265 332 32 440 485 2465 222 78 600 632 1617 208 361
internal_value=-0.000191385 -0.000234257 0.000582091 -0.00160544 -0.00175498 0.00163729 0.00411547 0.000425296 0.00560218 0.00613037 -0.039325 -0.0264698 0.016231 0.0300623 0.00516057 0.00713269 -0.042559 -0.00200318 0.00591469 -0.0127707 -0.00236727 -0.00251432 -0.00227938 -0.0149233 -0.00832763 0.0108041 -0.00285399 -0.00153949 -0.00197444 0.000756739
internal_weight=21860.3 21835.3 14940.4 4861.66 4844.72 10078.7 3310.24 6768.5 2720.1 2649.03 27.6287 22.9816 232.06 74.9805 2416.97 1669.39 18.4576 6894.89 303.104 50.5302 6591.79 6539 6417.5 121.501 92.8066 265.487 6075.87 4817.09 4561.1 747.582
internal_count=131572 131047 90788 26342 26139 64446 24399 40047 20824 20264 210 170 2639 1328 17625 12489 139 40259 2629 364 37630 37190 36405 785 563 1917 33940 25929 24312 5136
is_linear=0
shrinkage=0.05


Tree=76
num_leaves=31
num_cat=0
split_feature=5 1 11 5 4 6 5 6 15 17 8 1 15 16 5 5 4 4 1 7 9 5 8 15 5 14 3 14 16 17
split_gain=17.4106 15.9986 15.1964 17.4375 16.1525 10.0747 9.90922 10.109 9.64178 9.53308 9.78321 9.21183 8.59042 9.89457 8.22934 8.76816 11.106 8.05266 8.00859 7.6038 8.06212 7.58729 7.29267 9.14581 8.05434 10.231 8.17428 9.26813 8.61899 10.8034
threshold=60.500000000000007 1.0000000180025095e-35 1.0000000180025095e-35 11.500000000000002 16.500000000000004 1.0000000180025095e-35 1.0000000180025095e-35 7.5000000000000009 6.5000000000000009 23.500000000000004 2.5000000000000004 4.5000000000000009 26.500000000000004 56.500000000000007 15.500000000000002 28.500000000000004 7.5000000000000009 40.500000000000007 74.500000000000014 1.0000000180025095e-35 1.5000000000000002 36.500000000000007 1.0000000180025095e-35 168.50000000000003 3.5000000000000004 49.000000000000007 1.0000000180025095e-35 43.000000000000007 4.5000000000000009 2.5000000000000004
decision_type=2 2 2 2 2 2 2 2 2 2 2 2 2 2 2 2 2 2 2 2 2 2 2 2 2 2 2 2 2 2
left_child=1 8 3 6 14 -6 -3 9 19 12 -11 21 17 -14 22 -16 -17 -8 -5 -1 -21 -7 23 24 -4 26 27 28 -26 -30
right_child=-2 2 4 18 5 11 7 -9 -10 10 -12 -13 13 -15 15 16 -18 -19 -20 20 -22 -23 -24 -25 25 -27 -28 -29 29 -31
leaf_value=-0.0030214022752464878 0.047716079016164252 -0.00055652685234736099 -0.0016519797551054394 0.031716298756541771 -0.0095084145103667729 -0.052184838690303485 0.0015333309066790717 -0.075982160197673287 0.0008257332988390073 0.0090407372849632059 -0.031417276196122494 -0.01554488988143073 0.0055173566228824559 0.029290968743160603 0.049132868377229348 0.023506023437080227 -0.054588296841694674 -0.038703405312665418 -0.059156193521141688 -0.0077091630658812074 -0.029650639702574949 -0.13290829027152171 -0.004028831925762125 0.045025390287900341 0.0026882586802481363 -0.0096969255298447396 0.008900386145403897 0.036506549535676544 0.0054752450774578649 -0.038636566274637268
leaf_weight=3458.6302486881614 19.108579259365797 3604.0999551415443 2300.3504479266703 60.15718705765903 54.766492055729032 14.765714708715679 6172.0540880095214 4.088701754808425 1648.0237017422915 696.44922688230872 15.269734788686035 15.25442925468087 804.68856397643685 46.284387381747365 16.675960501655936 15.945085320621731 6.3718768507242194 12.459768231958149 2.5263727940618983 320.08692608773708 48.165384195744991 3.6256575398147097 1672.9908877871931 11.263964252546428 83.784970615059137 117.35272392258048 585.82888784818351 12.965233895927666 22.11442007869482 37.276074942201376
leaf_count=17984 427 19556 13195 1080 471 98 38770 21 9336 5484 106 144 6040 463 228 214 86 71 22 1665 246 30 9538 101 502 859 4475 82 134 244
internal_value=1.01059e-05 -3.15873e-05 0.00075013 0.00175474 -0.00155725 -0.0227378 0.00160957 0.00261673 -0.0023717 0.00265821 0.00817272 -0.0442716 0.00210036 0.0068104 -0.00117374 0.0217043 0.00120875 0.00145227 0.0280538 -0.00374865 -0.010579 -0.0680986 -0.00135791 5.12746e-05 -0.000109054 0.00402126 0.00619098 -0.00397453 -0.00764029 -0.0222113
internal_weight=21883.4 21864.3 16389.4 11418.1 4971.33 88.4123 11355.4 7751.29 5474.91 7747.21 711.719 33.6458 7035.49 850.973 4882.92 38.9929 22.317 6184.51 62.6836 3826.88 368.252 18.3914 4843.93 3170.94 3159.67 859.322 741.97 156.141 143.175 59.3905
internal_count=131672 131245 102014 71613 30401 743 70511 50955 29231 50934 5590 272 45344 6503 29658 528 300 38841 1102 19895 1911 128 29130 19592 19491 6296 5437 962 880 378
is_linear=0
shrinkage=0.05


Tree=77
num_leaves=31
num_cat=0
split_feature=16 15 0 6 2 17 14 4 14 7 14 17 16 14 16 15 14 17 10 1 2 4 6 16 14 2 1 16 17 0
split_gain=13.9609 12.8837 11.6093 10.5893 9.17378 14.9976 8.10676 10.3485 8.01911 7.809 8.01736 7.64381 7.61004 7.16603 7.02026 6.46776 6.73523 6.44709 7.3899 10.8703 6.71535 6.36202 5.98506 7.46171 6.33004 5.95546 7.25649 8.02375 5.80863 5.65779
threshold=104.50000000000001 113.50000000000001 1.5000000000000002 1.0000000180025095e-35 21.500000000000004 11.500000000000002 9.0000000000000018 2.5000000000000004 39.000000000000007 1.0000000180025095e-35 53.000000000000007 48.500000000000007 80.500000000000014 7.0000000000000009 4.5000000000000009 7.5000000000000009 29.000000000000004 6.5000000000000009 1.0000000180025095e-35 2.5000000000000004 5.5000000000000009 1.0000000180025095e-35 1.0000000180025095e-35 10.500000000000002 47.000000000000007 5.5000000000000009 7.5000000000000009 17.500000000000004 67.500000000000014 27.500000000000004
decision_type=2 2 2 2 2 2 2 2 2 2 2 2 2 2 2 2 2 2 2 2 2 2 2 2 2 2 2 2 2 2
left_child=1 2 4 6 22 -6 7 -4 -3 11 -11 12 -5 -2 -8 16 -14 -16 19 -19 -20 -13 25 24 -24 26 -1 -28 -25 -22
right_child=13 8 3 9 5 -7 14 -9 -10 10 -12 21 15 -15 17 -17 -18 18 20 -21 29 -23 23 28 -26 -27 27 -29 -30 -31
leaf_value=-0.0010419572049048197 -0.072747527230773837 0.017538223707685305 -0.0062019780817097019 0.00042136318549513857 -0.031308340724843682 0.023658439392735407 0.0016725390961560968 0.0055260238721442975 -0.0015367951878123903 -0.0045812169529679189 0.0078777790357588747 -0.012086933466453193 -0.078367110579015367 0.016292251324082057 0.0037064639579423978 0.012346459615396861 0.0042250124752662649 0.0069360576588282669 -0.0026209573958921105 0.02386963681768357 0.035599006677799534 0.017246473909260596 -0.0035606519415818522 0.0020426309936251883 -0.011658109125309783 0.0054656164357066508 0.0068933196143825884 0.048287707365830296 0.041431375680912583 -0.037275255224090913
leaf_weight=8257.5450253523886 2.2934233751147977 167.50635879859328 543.73112242668867 2787.4833762608469 55.907741533592343 15.950157482177017 3051.5602125842124 287.57119428366423 82.104895513504744 1514.0433238651603 141.16242543235421 22.124830018728971 8.2689431756734866 153.67401467822492 1441.7070629261434 5.4041467458009711 3.5188124608248463 234.44763711094856 147.59329509548843 159.07772829569876 20.493217874318365 112.34635778702796 1492.8319751285017 338.84697056561708 287.89610823243856 386.26259901188314 80.141797076910734 13.709270752966402 9.625744700431822 3.0612761434167615
leaf_count=45245 23 1477 3377 16894 330 144 19745 2300 739 8777 826 149 64 1449 9868 48 26 1649 1116 1613 251 949 7643 1949 1470 2515 585 118 68 29
internal_value=7.72682e-05 -3.00044e-05 -0.0001616 0.00102736 -0.00130109 -0.0191075 0.00243092 -0.00214493 0.0112639 -0.000771782 -0.00351867 0.000775149 0.000216823 0.014983 0.00318299 -0.0329471 -0.0537122 0.00548027 0.0100091 0.0137812 0.00133564 0.0124202 -0.00118335 -0.00356041 -0.00486979 -0.000604099 -0.000884831 0.01294 0.00313065 0.0261279
internal_weight=21827.9 21671.9 21422.3 10483.6 10938.7 71.8579 5889.24 831.302 249.611 4594.35 1655.21 2939.15 2804.68 155.967 5057.94 17.1919 11.7878 2006.38 564.673 393.525 171.148 134.471 10866.9 2129.2 1780.73 8737.66 8351.4 93.8511 348.473 23.5545
internal_count=131436 129964 127748 67681 60067 474 39948 5677 2216 27733 9603 18130 17032 1472 34271 138 90 14526 4658 3262 1396 1098 59593 11130 9113 48463 45948 703 2017 280
is_linear=0
shrinkage=0.05


Tree=78
num_leaves=31
num_cat=0
split_feature=15 10 4 5 5 5 2 9 15 4 4 0 0 17 11 17 17 1 3 15 15 5 0 3 9 1 5 17 8 7
split_gain=13.2562 11.6246 11.1082 12.6348 9.86319 9.77996 8.28608 7.68834 7.30629 9.32472 9.20411 7.1224 7.33227 6.76964 6.75997 6.46128 6.58638 6.55973 14.2316 7.50881 6.29197 6.04205 7.03808 7.87765 6.04163 5.84764 12.1346 6.15424 6.36361 6.5838
threshold=53.500000000000007 1.0000000180025095e-35 1.5000000000000002 17.500000000000004 6.5000000000000009 5.5000000000000009 9.5000000000000018 1.0000000180025095e-35 60.500000000000007 11.500000000000002 18.500000000000004 51.500000000000007 2.5000000000000004 6.5000000000000009 1.0000000180025095e-35 52.500000000000007 41.500000000000007 21.500000000000004 49.500000000000007 10.500000000000002 19.500000000000004 1.5000000000000002 6.5000000000000009 1.0000000180025095e-35 2.5000000000000004 6.5000000000000009 6.5000000000000009 16.500000000000004 1.0000000180025095e-35 1.0000000180025095e-35
decision_type=2 2 2 2 2 2 2 2 2 2 2 2 2 2 2 2 2 2 2 2 2 2 2 2 2 2 2 2 2 2
left_child=1 2 3 4 7 6 11 14 9 -7 -11 12 -2 -12 -1 16 17 25 19 -19 -17 -16 23 -23 -8 27 -27 28 -4 -30
right_child=5 -3 15 -5 -6 8 24 -9 -10 10 13 -13 -14 -15 21 20 -18 18 -20 -21 -22 22 -24 -25 -26 26 -28 -29 29 -31
leaf_value=0.0017123529385830239 0.0014970641273653255 -0.0019776608950978088 0.0026525542977246254 0.054713126102524656 -0.012407296405628434 0.01065053202884869 -0.012887127243769073 -0.0026786624470263257 0.019870860847754527 -0.1404154877866029 0.058202090972054393 -0.068938517808785155 0.010379475794086416 -0.047474979047757389 -0.0062039543581868216 0.013214397708331677 -0.011818887315025419 -0.032503794736138708 0.046448553175509139 0.012950549690800423 -0.010826537089050011 -0.0063448677118905896 0.020578845336443944 0.0027109752405681926 -0.087290509254281085 0.006002454975687189 0.041935791659895555 0.0080166450650028098 0.00081436753888334027 -0.0070567976411240064
leaf_weight=4117.3552960380912 751.88210682570934 6466.0376085527241 3298.7973058819771 10.327160701155661 173.9886164739728 27.207697106525302 43.493878906592727 2525.4450476616621 159.53927556984127 2.0377723090350619 2.0041027311235649 3.3350860327482215 336.23454368114471 6.2154149617999792 576.6708826571703 217.03440027870238 85.508167743682861 43.713049566373229 8.4992357809096557 11.46971222758293 31.11815508082509 382.49773935973644 40.547856837511063 645.28400903195143 2.9110164158046237 201.02462338097394 26.603979714214802 392.34549257904291 902.83113466762006 376.43844563886523
leaf_count=22895 5013 37030 21012 140 1286 316 330 13399 2098 30 22 19 2709 80 2927 1835 683 346 61 92 318 1969 255 3732 17 1832 591 2773 5622 2231
internal_value=9.09732e-05 -0.000222902 0.000583661 -0.000558173 -0.000625629 0.00491917 0.00313838 -0.000378292 0.0152047 -0.00466548 -0.0452915 0.00401817 0.00424178 -0.0217085 0.000629882 0.00231254 0.00194652 0.00217022 -0.0137798 -0.0230561 0.0101997 -0.00207949 0.000146846 -0.000659234 -0.0175545 0.00236563 0.0102021 0.00200674 0.00149168 -0.00150181
internal_weight=21868.4 20533.5 14067.5 8472.12 8461.79 1334.86 1137.86 8287.8 197.004 37.465 10.2573 1091.45 1088.12 8.21952 5762.36 5595.38 5347.23 5261.72 63.682 55.1828 248.153 1645 1068.33 1027.78 46.4049 5198.04 227.629 4970.41 4578.07 1279.27
internal_count=131663 121029 83999 46603 46463 10634 8088 45177 2546 448 132 7741 7722 102 31778 37396 35243 34560 499 438 2153 8883 5956 5701 347 34061 2423 31638 28865 7853
is_linear=0
shrinkage=0.05


Tree=79
num_leaves=31
num_cat=0
split_feature=8 2 3 9 10 4 16 15 1 4 3 1 15 6 15 0 14 2 9 2 2 14 17 16 7 17 1 9 3 13
split_gain=14.7413 15.0384 9.57999 10.7318 9.48295 8.56162 8.83723 9.71739 7.91634 7.48303 7.35008 7.27911 7.19253 7.13105 7.10799 6.64612 8.17987 8.56097 7.85016 10.0333 9.50365 9.77909 13.7914 7.76597 8.23112 6.65646 6.50997 6.78591 8.83836 7.8263
threshold=1.0000000180025095e-35 1.5000000000000002 3.5000000000000004 2.5000000000000004 1.0000000180025095e-35 31.500000000000004 11.500000000000002 22.500000000000004 4.5000000000000009 8.5000000000000018 9.5000000000000018 2.5000000000000004 33.500000000000007 5.5000000000000009 1.0000000180025095e-35 1.0000000180025095e-35 57.000000000000007 1.0000000180025095e-35 1.0000000180025095e-35 53.500000000000007 3.5000000000000004 7.0000000000000009 3.5000000000000004 35.500000000000007 1.0000000180025095e-35 1.0000000180025095e-35 1.0000000180025095e-35 2.5000000000000004 1.5000000000000002 1.0000000180025095e-35
decision_type=2 2 2 2 2 2 2 2 2 2 2 2 2 2 2 2 2 2 2 2 2 2 2 2 2 2 2 2 2 2
left_child=1 4 9 5 -1 8 7 -7 -4 -3 11 -8 -5 -6 -11 16 18 -18 -2 20 25 22 -22 24 -17 26 -20 28 -28 -30
right_child=15 2 3 12 13 6 10 -9 -10 14 -12 -13 -14 -15 -16 23 17 -19 19 -21 21 -23 -24 -25 -26 -27 27 -29 29 -31
leaf_value=0.00065333905916278628 -0.0013156528732121392 0.001428863000210352 0.0061378027264583227 -0.020380331248608961 -0.0026142231366048339 -0.063487671130383561 0.015545834628109432 0.0084158750537671016 0.015882870385177141 -0.022009397108159384 0.027883673050995258 -0.11605912650798207 0.02439206168297774 -0.028780905201193627 0.022491526571935955 3.9802470944904408e-05 0.035719328942794462 -0.031870179813692667 -0.037470859377746905 -0.088796277271667348 -0.06404694048969066 0.0076550945373093761 0.023921369698103101 0.0060493916323077759 -0.004269951583008808 -0.0080994871592916205 0.005986330533413734 0.02350181786627973 -0.057555366513920292 -0.00253845750428434
leaf_weight=6010.5734072625637 1119.7915314137936 4566.1492908895016 983.50258906371891 55.543204974383116 2802.6035703644156 13.306737242266538 2.1854020059108761 7.2637767214328042 264.42981122806668 10.287716537714003 13.599254205822943 2.0235713180154562 10.697881896048782 26.281476527452469 70.228454608470201 3018.5935887228698 5.246637523174285 43.761034075170755 41.545396916568279 3.8221912067383519 11.726621061563494 141.66388497501612 7.1856405697762957 362.50629966147244 1750.2660227511078 457.41146197170019 19.545520305633545 11.148685671389101 18.001139968633652 10.085729666054251
leaf_count=34164 5948 29210 7273 365 15347 95 19 68 3463 79 200 23 97 120 628 17999 27 227 261 27 63 798 46 2934 9700 2248 90 51 91 51
internal_value=-5.20476e-05 0.000841144 0.00277329 0.00647667 -0.000470175 0.00748737 -0.0157735 -0.0380974 0.00820273 0.00169531 0.0100132 -0.0477266 -0.0131496 -0.00285732 0.0168056 -0.00193943 -0.00447335 -0.0246342 -0.00393694 -0.00800167 -0.00757175 0.00314671 -0.0306237 -0.00100567 -0.00154196 -0.0106577 -0.022321 -0.0116133 -0.0198323 -0.0377993
internal_weight=21861 14838.7 5999.22 1352.55 8839.46 1286.31 38.3787 20.5705 1247.93 4646.67 17.8082 4.20897 66.2411 2828.89 80.5162 7022.3 1890.94 49.0077 1841.93 722.136 718.314 160.576 18.9123 5131.37 4768.86 557.738 100.326 58.7811 47.6324 28.0869
internal_count=131712 91151 41520 11603 49631 11141 405 163 10736 29917 242 42 462 15467 707 40561 9928 254 9674 3726 3699 907 109 30633 27699 2792 544 283 232 142
is_linear=0
shrinkage=0.05


Tree=80
num_leaves=31
num_cat=0
split_feature=5 11 4 3 14 3 2 1 11 0 0 1 0 2 16 8 16 15 17 5 6 7 6 3 2 0 1 16 14 1
split_gain=13.5313 11.0712 12.6159 10.09 9.87463 8.83699 10.5909 12.1417 18.0401 15.1483 15.265 9.02688 9.86767 10.6681 13.4832 8.80074 8.78652 9.79925 9.02521 7.81626 8.57098 7.74653 8.25643 8.23448 7.72714 18.5901 13.4458 8.39345 7.32237 10.5701
threshold=12.500000000000002 1.0000000180025095e-35 4.5000000000000009 1.0000000180025095e-35 1.0000000180025095e-35 16.500000000000004 4.5000000000000009 18.500000000000004 1.5000000000000002 53.500000000000007 2.5000000000000004 7.5000000000000009 11.500000000000002 1.5000000000000002 7.5000000000000009 1.0000000180025095e-35 70.500000000000014 10.500000000000002 54.500000000000007 3.5000000000000004 4.5000000000000009 1.0000000180025095e-35 2.5000000000000004 7.5000000000000009 10.500000000000002 19.500000000000004 53.500000000000007 6.5000000000000009 43.000000000000007 3.5000000000000004
decision_type=2 2 2 2 2 2 2 2 2 2 2 2 2 2 2 2 2 2 2 2 2 2 2 2 2 2 2 2 2 2
left_child=3 -2 -3 -1 -4 6 11 9 24 10 -8 21 -13 14 15 -14 -7 18 -18 20 -12 22 23 28 25 26 27 -9 29 -5
right_child=1 2 4 5 -6 16 7 8 -10 -11 19 12 13 -15 -16 -17 17 -19 -20 -21 -22 -23 -24 -25 -26 -27 -28 -29 -30 -31
leaf_value=-0.0016689644859751611 0.029462048089273614 0.026697643630857162 -0.10414562650445552 0.001200548127036878 -0.0027542139669506235 -0.006287949650459139 0.0018296881399134429 -0.0027789562565312172 -0.10594552456904044 -0.09919442938129884 0.0088414251470799524 0.013705368330090666 0.002855693993844245 0.010877737812164976 -0.095618720593432807 -0.078270200265723261 -0.11459245265122915 -0.00018191928513731242 -0.0010735308787980971 0.019553083345336911 -0.045543697851401152 -0.0014442940329460622 -0.0084107070026330673 0.010792213961376121 0.0019012337042122079 0.01915020890377012 -0.15314488982274621 -0.10667008119679569 -0.0015608153009036736 0.0074185625726735788
leaf_weight=5331.0314740538597 68.623622845858335 45.218504494056106 2.4652727786451569 6593.4979064129293 92.636904876679182 216.6188646722585 956.56251690723002 5.5227375049144047 5.0187250003218642 3.4379331916570655 441.68071598932147 237.95033529400826 17.41116593033076 31.464354490861297 6.3506955504417411 4.1374385058879843 5.9883627183735353 6.6179329585283986 2.4743586033582687 214.42667274363339 7.3653370067477217 4204.2641321085393 222.05560893192887 225.08092557452619 54.891828645020723 9.5106429476290923 3.7328024730086318 3.0002878196537495 2009.0724851302803 762.5040429700166
leaf_count=28582 1252 572 31 38347 1097 1417 6422 46 34 29 3480 1996 111 234 45 24 49 57 20 2980 40 23701 1165 1595 386 71 27 29 11937 5531
internal_value=0.000341202 0.0130041 0.00495535 0.000218606 -0.00538252 0.000837824 0.000978052 0.00470297 -0.0141076 0.00564933 0.00587182 0.000534316 0.00915563 -0.00908134 -0.0315908 -0.0127209 -0.00885703 -0.0457594 -0.0814014 0.0116996 0.00794939 0.000351443 0.00112087 0.00134157 -0.00809508 -0.0333043 -0.0740095 -0.0393509 0.00111443 0.00184509
internal_weight=21790.6 208.944 140.321 21581.7 95.1022 16250.6 16018.9 1705.15 81.677 1623.47 1620.04 14313.8 297.314 59.3637 27.8993 21.5486 231.7 15.0807 8.46272 663.473 449.046 14016.5 9812.21 9590.16 76.6583 21.7665 12.2558 8.52303 9365.07 7356
internal_count=131307 2952 1700 128355 1128 99773 98230 13544 593 12951 12922 84686 2410 414 180 135 1543 126 69 6500 3520 82276 58575 57410 559 173 102 75 55815 43878
is_linear=0
shrinkage=0.05


Tree=81
num_leaves=31
num_cat=0
split_feature=0 6 9 8 15 7 15 0 17 7 2 5 16 1 0 5 9 17 15 0 2 2 2 17 5 17 15 17 17 1
split_gain=14.5188 13.1262 11.7302 11.8998 10.7396 9.51413 9.32396 9.10818 8.35613 7.97487 7.95604 8.44474 7.75698 7.32338 7.56838 11.3368 8.06541 7.27174 9.49946 9.26258 7.21926 7.04324 6.50389 6.40048 10.7546 13.6547 14.8935 6.36836 10.5887 6.24776
threshold=4.5000000000000009 1.0000000180025095e-35 1.0000000180025095e-35 3.5000000000000004 2.5000000000000004 1.0000000180025095e-35 18.500000000000004 2.5000000000000004 64.500000000000014 6.5000000000000009 28.500000000000004 4.5000000000000009 73.500000000000014 2.5000000000000004 20.500000000000004 4.5000000000000009 2.5000000000000004 21.500000000000004 7.5000000000000009 34.500000000000007 35.500000000000007 5.5000000000000009 59.500000000000007 43.500000000000007 31.500000000000004 2.5000000000000004 65.500000000000014 3.5000000000000004 6.5000000000000009 1.0000000180025095e-35
decision_type=2 2 2 2 2 2 2 2 2 2 2 2 2 2 2 2 2 2 2 2 2 2 2 2 2 2 2 2 2 2
left_child=1 2 3 6 9 10 -1 12 13 -2 11 -4 21 -6 15 16 -15 18 -16 -19 -12 23 -21 24 -8 -26 -27 -22 -29 -7
right_child=4 -3 5 -5 8 29 7 -9 -10 -11 20 -13 -14 14 17 -17 -18 19 -20 22 27 -23 -24 -25 25 26 -28 28 -30 -31
leaf_value=0.00093144964906302001 -0.00017562247823037455 -0.0023639695321626096 -0.00068325767967459378 -0.019510566767520617 0.0022475945178129808 -0.017174951292512633 0.0011529877543380803 0.013177372128725101 0.025544509078891598 -0.083384945308062508 -0.073828838605310934 0.008856668783375354 0.027284985018320856 0.0092539854677819843 0.019944919642243437 0.024803997971900266 -0.030259020550318178 -0.096242272908002649 -0.010429386162389637 0.0068221613839320227 0.016224383880201657 0.01749933561296807 -0.074027231791694764 0.017471137457496618 0.033644933491537965 -0.20259642982598969 -0.0056939745224081906 -0.14887376081482503 -0.011346810945497995 -0.0041903446171270408
leaf_weight=8028.2362991012633 896.0348792988807 5645.6136749442667 2622.3366438001394 67.154686193913221 714.41290034353733 100.02642804384232 1053.2204440236092 289.83236444741488 55.527861010283232 2.8888000026345244 6.5322971567511585 254.4842036832124 32.870246050879359 396.587715562433 47.344760615378618 132.23062268085778 13.349478229880331 4.1673010122031 56.411710446700454 10.994496796280144 9.1201228983700293 74.984186884015799 3.2148259058594695 60.624496098607779 2.2427788414061061 2.3117709644138817 1.64283050596714 1.8749561980366696 5.5206192322075367 1254.8516750205308
leaf_count=46764 6379 31551 14758 338 4709 528 6697 2334 669 15 47 2027 317 3102 330 2133 79 43 435 93 53 602 24 509 26 26 22 12 50 7024
internal_value=0.000114193 -0.000331513 0.0004959 0.00146333 0.00384187 -0.00168991 0.00161088 0.00520484 0.00652747 -0.000443026 -7.3771e-05 0.000160646 0.00332301 0.00576155 0.00954059 0.0120736 0.00796726 -0.00170389 0.00343061 -0.0306938 -0.0293334 0.00266392 -0.0114698 0.00167072 0.000766551 -0.0649069 -0.120799 -0.0117346 -0.0462132 -0.00514896
internal_weight=21846.6 19513.5 13867.9 9613.12 2333.17 4254.75 9545.97 1517.73 1434.24 898.924 2899.87 2876.82 1227.9 1378.71 664.301 542.168 409.937 122.133 103.756 18.3766 23.048 1195.03 14.2093 1120.04 1059.42 6.19738 3.9546 16.5157 7.39558 1354.88
internal_count=131696 113685 82134 57635 18011 24499 57297 10533 11617 6394 16947 16785 8199 10948 6239 5314 3181 925 765 160 162 7882 117 7280 6771 74 48 115 62 7552
is_linear=0
shrinkage=0.05


Tree=82
num_leaves=31
num_cat=0
split_feature=5 11 15 4 5 5 15 8 4 4 5 5 15 15 4 3 1 1 4 16 9 3 16 4 1 0 16 0 0 8
split_gain=12.6002 11.1387 13.2822 12.0966 12.2483 9.99455 8.40546 7.73824 6.79312 9.64337 16.4939 9.16291 13.1502 22.0898 9.12402 8.37579 7.5864 8.19484 8.64829 6.62207 6.44935 7.41077 9.61958 10.6769 10.4604 6.88955 9.54786 11.7596 11.7066 6.95061
threshold=60.500000000000007 1.0000000180025095e-35 24.500000000000004 62.500000000000007 17.500000000000004 9.5000000000000018 1.5000000000000002 3.5000000000000004 16.500000000000004 4.5000000000000009 13.500000000000002 28.500000000000004 40.500000000000007 71.500000000000014 17.500000000000004 2.5000000000000004 47.500000000000007 60.500000000000007 1.0000000180025095e-35 58.500000000000007 1.0000000180025095e-35 1.5000000000000002 11.500000000000002 10.500000000000002 1.5000000000000002 12.500000000000002 18.500000000000004 49.500000000000007 29.500000000000004 1.0000000180025095e-35
decision_type=2 2 2 2 2 2 2 2 2 2 2 2 2 2 2 2 2 2 2 2 2 2 2 2 2 2 2 2 2 2
left_child=1 2 3 4 7 19 -5 20 9 10 16 -11 -13 15 -10 -14 -3 18 -18 -4 21 -1 23 -23 -24 -22 29 28 -28 -27
right_child=-2 8 5 6 -6 -7 -8 -9 14 11 -12 12 13 -15 -16 -17 17 -19 -20 -21 25 22 24 -25 -26 26 27 -29 -30 -31
leaf_value=-0.00018210719559760353 0.041724120129131945 -0.0022114215401700839 0.0035083935969294298 0.0021719864888422257 0.042588193342353517 0.028622095756758364 -0.11709820694894744 -0.010869408646570681 -0.096870853547557756 0.0054750181239914897 0.031036205601259106 0.017455306119834729 -0.088624439498177665 0.036092337898665089 -0.011227606256932456 -0.21982423524152184 -0.0021315827698125574 0.014531988721218842 -0.078996450596424281 0.01826136113331699 -0.0011469233392696152 0.001190254993202816 0.00093146865022057678 0.028747351294375952 0.013384612605717952 -0.022627649767657774 -0.046131185333022351 0.025610031947744819 -0.17954031750704308 0.014331383837617019
leaf_weight=5374.2035785242915 18.065654844045639 6014.4732730947435 1642.2399398870766 2.4477118570357552 17.020243488252163 42.907291706651449 3.7255832385271788 157.54933866299689 3.1946258023381224 588.95905839279294 37.289008418098092 6.5341733898967487 3.1058194227516651 2.7344307918101549 117.19636579044163 1.9996889419853685 5.7563507333397892 6.8347809314727774 10.045744098722933 79.757346890866756 3843.3366357441992 3015.1472870856524 294.84973216056824 35.5639170370996 393.9148786328733 36.074257647618651 4.2304008956998569 2.665806520730257 2.6899589598178864 19.650435790419579
leaf_count=29750 425 33878 11460 21 284 772 28 750 30 4567 482 80 35 41 909 26 32 40 59 772 21819 19040 1899 344 3349 254 40 19 19 123
internal_value=-1.57976e-05 -5.04413e-05 0.000711831 0.000167269 0.000200002 0.00478564 -0.0698076 0.000145263 -0.0017288 -0.00151657 -0.00211539 0.0045124 -0.0349297 -0.0785898 -0.0135002 -0.140012 -0.00232016 -0.0312113 -0.0509963 0.0041917 0.000278523 0.00100722 0.00271648 0.0015115 0.00805361 -0.00142057 -0.0175238 -0.0636165 -0.0979876 -0.00959463
internal_weight=21784.2 21766.1 14968 13203.1 13196.9 1764.9 6.1733 13179.9 6798.12 6677.73 6074.4 603.333 14.3741 7.83994 120.391 5.10551 6037.11 22.6369 15.8021 1722 13022.3 9113.68 3739.48 3050.71 688.765 3908.65 65.3109 9.58617 6.92036 55.7247
internal_count=131347 130922 90743 77739 77690 13004 49 77406 40179 39240 34491 4749 182 102 939 61 34009 131 91 12232 76656 54382 24632 19384 5248 22274 455 78 59 377
is_linear=0
shrinkage=0.05


Tree=83
num_leaves=31
num_cat=0
split_feature=17 0 4 5 10 4 5 4 14 2 15 1 3 5 1 8 0 13 7 15 5 15 14 15 17 2 5 17 9 14
split_gain=11.9128 11.5795 9.96484 13.634 10.9337 9.64784 10.1083 9.22152 9.56509 8.5918 8.58589 7.48381 7.02934 6.66869 7.523 9.69581 7.08609 8.47197 11.8906 11.5852 9.64032 9.53967 8.72169 7.64463 7.77764 7.42718 6.32752 8.59784 10.4154 6.73481
threshold=14.500000000000002 3.5000000000000004 4.5000000000000009 15.500000000000002 1.0000000180025095e-35 30.500000000000004 53.500000000000007 1.0000000180025095e-35 57.000000000000007 60.500000000000007 3.5000000000000004 7.5000000000000009 8.5000000000000018 1.5000000000000002 17.500000000000004 1.5000000000000002 1.0000000180025095e-35 1.0000000180025095e-35 1.5000000000000002 1.5000000000000002 2.5000000000000004 71.500000000000014 17.000000000000004 84.500000000000014 2.5000000000000004 1.0000000180025095e-35 6.5000000000000009 4.5000000000000009 1.0000000180025095e-35 31.000000000000004
decision_type=2 2 2 2 2 2 2 2 2 2 2 2 2 2 2 2 2 2 2 2 2 2 2 2 2 2 2 2 2 2
left_child=2 -2 3 4 7 10 -7 26 13 11 -3 -6 -10 -9 16 -16 17 19 20 -15 -19 -21 -22 24 -23 -24 29 28 -28 -1
right_child=1 5 -4 -5 9 6 -8 8 12 -11 -12 -13 -14 14 15 -17 -18 18 -20 21 22 23 25 -25 -26 -27 27 -29 -30 -31
leaf_value=-0.00020852080076369118 0.0012806181693642282 0.0040386872661322733 0.0030073059183057115 0.036358410040217941 -0.0031881217629376167 -0.031496103775612669 0.052181167263048583 -0.00029249373534133601 -0.0083171779586940411 -0.07534519643193939 0.016307925986376714 0.0098969358490956887 -0.071391570553630573 -0.010419216529983443 -0.0095564896299977879 -0.084491176047408259 0.004041458199683292 0.0048873701372026904 -0.046735771499334167 0.0095060174267653213 -0.0050179351621026371 -0.012434527395517028 -0.062841693573398583 0.0050155550974384511 -0.10863982346478894 -0.019478873564794982 -0.020318495794879082 -0.041913543227074523 0.024731816619851001 -0.0043150407790796324
leaf_weight=2660.1235852204263 2381.9972263276577 271.94536245428026 1777.4341729413718 24.483829468488693 4856.8716405890882 24.552127523347739 4.231094751507043 3864.9539130479097 204.82618249580264 4.0953191369771949 299.77011803910136 111.78779052570462 4.5145754329860202 120.46749299764633 29.153010819107294 5.0670569837093344 2874.2738663814962 128.31106796860695 18.438267767429352 324.85325938463211 104.43222211301327 4.0137993693351763 12.874241150915621 8.2091927453875524 4.4079495668411255 42.384926170110703 39.517572779208422 22.75443797186017 18.997536726295948 1598.3362085223198
leaf_count=14107 15602 2242 13450 340 26210 211 124 21530 1216 21 3050 800 33 678 198 34 19133 716 102 1886 630 26 75 62 30 255 279 164 134 8440
internal_value=-9.15147e-05 0.00284488 -0.000555735 -0.000926347 -0.000979845 0.00904984 -0.0191957 -0.000168163 0.000865048 -0.00295339 0.0104719 -0.00289373 -0.00967742 0.00115768 0.00268202 -0.0206523 0.00290123 -0.00136394 -0.00781002 0.00291214 -0.00531794 0.00761513 -0.0135178 -0.0293197 -0.0627884 -0.0295815 -0.00201358 -0.0158339 -0.00569244 -0.00174983
internal_weight=21848.1 2982.5 18865.6 17088.1 17063.7 600.499 28.7832 12090.9 7751.18 4972.75 571.715 4968.66 209.341 7541.84 3676.89 34.2201 3642.67 768.392 306.441 461.952 288.002 341.484 159.691 16.6309 8.42175 55.2592 4339.73 81.2695 58.5151 4258.46
internal_count=131778 21229 110549 97099 96759 5627 335 69728 46604 27031 5292 27010 1249 45355 23825 232 23593 4460 1778 2682 1676 2004 960 118 56 330 23124 577 413 22547
is_linear=0
shrinkage=0.05


Tree=84
num_leaves=31
num_cat=0
split_feature=2 10 3 1 2 3 5 5 17 15 16 2 16 15 16 9 14 3 1 6 5 2 5 5 1 4 3 4 14 5
split_gain=13.8565 9.99052 9.60094 14.4085 15.1756 12.5796 11.6964 9.2374 8.89099 8.0163 7.67812 7.41985 7.68403 7.21953 7.06328 10.9399 7.51983 7.0434 6.82793 6.6512 6.97332 7.14842 6.58717 7.84214 12.8714 9.47511 14.924 6.52348 6.33862 6.11387
threshold=1.5000000000000002 1.0000000180025095e-35 3.5000000000000004 4.5000000000000009 54.500000000000007 13.500000000000002 8.5000000000000018 40.500000000000007 100.50000000000001 95.500000000000014 5.5000000000000009 65.500000000000014 45.500000000000007 6.5000000000000009 7.5000000000000009 2.5000000000000004 39.000000000000007 4.5000000000000009 64.500000000000014 1.0000000180025095e-35 1.0000000180025095e-35 30.500000000000004 41.500000000000007 9.5000000000000018 1.0000000180025095e-35 31.500000000000004 23.500000000000004 50.500000000000007 21.000000000000004 1.5000000000000002
decision_type=2 2 2 2 2 2 2 2 2 2 2 2 2 2 2 2 2 2 2 2 2 2 2 2 2 2 2 2 2 2
left_child=1 7 8 5 6 19 13 -1 27 10 17 12 18 28 15 -12 -17 -3 -6 20 -4 -22 23 -7 -25 26 -26 -2 -5 -19
right_child=2 9 3 4 11 22 -8 -9 -10 -11 14 -13 -14 -15 -16 16 -18 29 -20 -21 21 -23 -24 24 25 -27 -28 -29 -30 -31
leaf_value=-0.00038610019655585016 0.00027138166408895463 -0.0029911943934414716 -0.0026982395893237403 0.01569447110608492 -0.058972198737688955 -0.011213109080401224 0.038152365273481564 0.054711577082782951 0.022133218493921431 0.016245856860921806 -0.011208263629659973 0.0050723138240001686 0.02760085420112245 0.020037387129543865 -0.0049537372897418006 -0.029640095041992432 -0.094691779767616543 0.016208400591291201 0.0022289703070806437 -0.0017287700198986488 0.0074478387485240709 -0.039569765782256454 0.033810339831882884 0.039197622005546905 0.055121371017731374 -0.16934461299980746 -0.13273211341096389 -0.044777629201128016 -0.00084940607705176778 -0.0019608304580589985
leaf_weight=7372.8551230803132 8406.0330393053591 2276.1799895353615 226.82454277575016 101.57973691448569 17.224555537104614 134.02872241660953 47.174348241649568 7.6150316111743441 46.580601487308741 50.561345100402832 257.4719398021698 28.562291862443089 4.6477571297436944 159.34038100205362 866.28558580204844 15.747531846165659 6.1883271485567084 92.852929010987282 6.1969187445938578 491.57687197625637 952.52894708141685 8.1532485447823984 7.4866816010326138 2.4722826108336431 1.9237971976399419 2.5889014303684235 2.3472758419811726 8.0438590440899116 134.63636760786176 92.349282585084438
leaf_count=41235 51317 11751 1322 1030 121 850 1271 111 385 398 1348 243 55 1897 5002 73 29 478 38 3355 7046 51 145 22 27 18 22 54 1358 575
internal_value=-0.000142678 -0.0013882 0.00113149 0.00397403 0.011502 0.00191976 0.0146194 -0.000329251 0.000348913 -0.00352497 -0.00380211 -0.0128691 -0.0311257 0.0118128 -0.00718334 -0.0140961 -0.0479918 -0.00222825 -0.0427794 0.00316233 0.00518703 0.0070488 -0.0119112 -0.0142989 -0.0586166 -0.0938681 -0.0481182 0.000228315 0.00626494 0.00714849
internal_weight=21828.1 11038.1 10790 2329.29 499.362 1829.93 442.731 7380.47 8460.66 3657.64 3607.08 56.6315 28.0692 395.556 1145.69 279.408 21.9359 2461.38 23.4215 1679.08 1187.51 960.682 150.848 143.361 9.33226 6.85997 4.27107 8414.08 236.216 185.202
internal_count=131627 61000 70627 18871 6013 12858 5556 41346 51756 19654 19256 457 214 4285 6452 1450 102 12804 159 11774 8419 7097 1084 939 89 67 49 51371 2388 1053
is_linear=0
shrinkage=0.05


Tree=85
num_leaves=31
num_cat=0
split_feature=5 11 5 4 3 4 5 4 4 17 2 14 14 15 15 16 16 3 14 10 4 17 16 14 2 3 5 2 11 11
split_gain=13.4713 10.9646 12.164 19.3955 14.3048 11.3653 12.7855 8.26794 8.0066 11.8958 9.71034 8.96589 7.938 8.74629 9.66712 7.46374 7.07733 9.28497 10.2309 6.91817 6.67468 7.21761 9.83376 6.82836 6.77517 8.32983 7.5672 9.09102 6.75014 8.56768
threshold=60.500000000000007 1.0000000180025095e-35 4.5000000000000009 4.5000000000000009 34.500000000000007 42.500000000000007 43.500000000000007 49.500000000000007 1.0000000180025095e-35 3.5000000000000004 1.5000000000000002 29.000000000000004 25.000000000000004 12.500000000000002 4.5000000000000009 114.50000000000001 9.5000000000000018 2.5000000000000004 35.000000000000007 4.5000000000000009 16.500000000000004 40.500000000000007 7.5000000000000009 51.000000000000007 24.500000000000004 6.5000000000000009 4.5000000000000009 53.500000000000007 1.5000000000000002 6.5000000000000009
decision_type=2 2 2 2 2 2 2 2 2 2 2 2 2 2 2 2 2 2 2 2 2 2 2 2 2 2 2 2 2 2
left_child=1 2 7 4 8 -5 -7 15 9 -4 11 -11 13 14 -12 19 17 18 -14 -1 21 24 28 -22 25 -3 -26 -28 -23 -30
right_child=-2 20 3 5 -6 6 -8 -9 -10 10 12 -13 16 -15 -16 -17 -18 -19 -20 -21 23 22 -24 -25 26 -27 27 -29 29 -31
leaf_value=0.00042347680319490804 0.046262514370366402 -0.0020628971922782772 0.0062142922818159965 0.022534221199730687 -0.092793981922614385 -0.035637324974394403 0.053116991748500646 -0.032152872573152719 0.0053733064644211756 0.019335672166690854 -0.066477078324459524 -0.034447175744838236 -0.0035299885672981633 -0.1193151458186209 0.030848283413760363 0.017728555264862403 0.036953228916637743 0.03228679549814728 -0.10339370783570773 -0.015674055826028887 -0.017387250105838966 -0.0059346384043922088 0.016883187508088697 0.020575344406010266 -0.0091012657669420922 0.0081992738050857741 -0.081639657846922592 0.015256527360790582 0.01304214605797574 -0.073602711560935632
leaf_weight=13902.824378490448 15.740143495611845 6057.0909568164498 72.975525643676519 207.51833747699857 3.944065783172845 17.291061330586675 5.3018986694514743 19.505075290799141 563.25567345134914 19.078744489699602 10.250170670449736 13.048940617591141 4.6203178651630896 5.0420934706926337 3.3970099911093703 62.030163265764713 4.5900510996580115 3.8106292821466914 5.7646527327597141 67.066043965518475 108.82766407355666 178.54174358583987 122.11950886808336 13.292018372565506 36.290459722280502 204.41473595052958 8.7341381050646287 3.3488266095519057 94.509002652019262 2.9419160559773436
leaf_count=80697 397 34459 510 3044 36 138 111 106 4838 139 79 92 32 44 26 529 42 35 40 324 844 1259 1095 103 206 1662 69 29 627 21
internal_value=2.30101e-05 -1.03432e-05 0.000746174 0.00625311 0.00216343 0.0188677 -0.0148093 0.000377818 0.00269404 -0.00789043 -0.0226787 -0.0025087 -0.0399706 -0.0630419 -0.0422512 0.000423038 -0.0170177 -0.0344688 -0.0589639 0.000346196 -0.00167081 -0.00145992 0.00506956 -0.0132552 -0.00187188 -0.00172788 -0.0205123 -0.0547846 -0.000157662 0.0104265
internal_weight=21837.2 21821.4 14991.3 939.889 709.778 230.111 22.593 14051.4 705.834 142.578 69.6026 32.1277 37.4749 18.6893 13.6472 14031.9 18.7857 14.1956 10.385 13969.9 6830.11 6707.99 398.112 122.12 6309.88 6261.51 48.3734 12.083 275.993 97.4509
internal_count=131633 131236 90862 9206 5913 3293 249 81656 5877 1039 529 231 298 149 105 81550 149 107 72 81021 40374 39427 3002 947 36425 36121 304 98 1907 648
is_linear=0
shrinkage=0.05


Tree=86
num_leaves=31
num_cat=0
split_feature=8 6 5 6 4 2 4 14 15 15 13 0 1 14 4 0 14 5 3 0 4 2 1 16 10 5 11 14 6 16
split_gain=12.9807 15.0252 8.99071 8.82468 18.0678 9.8009 8.91456 7.67676 7.1501 7.10526 7.25699 6.74919 7.12715 10.17 16.0513 6.5774 6.47182 6.97079 6.31187 5.41028 5.08866 9.79648 10.3958 9.71364 6.14248 5.75088 5.59694 5.45099 5.35279 6.49595
threshold=1.0000000180025095e-35 5.5000000000000009 60.500000000000007 1.0000000180025095e-35 14.500000000000002 6.5000000000000009 8.5000000000000018 17.000000000000004 71.500000000000014 174.00000000000003 1.0000000180025095e-35 79.500000000000014 1.5000000000000002 41.000000000000007 1.5000000000000002 4.5000000000000009 3.0000000000000004 1.0000000180025095e-35 8.5000000000000018 63.500000000000007 1.0000000180025095e-35 1.0000000180025095e-35 2.5000000000000004 4.5000000000000009 2.5000000000000004 1.5000000000000002 1.0000000180025095e-35 49.000000000000007 1.0000000180025095e-35 21.500000000000004
decision_type=2 2 2 2 2 2 2 2 2 2 2 2 2 2 2 2 2 2 2 2 2 2 2 2 2 2 2 2 2 2
left_child=1 2 3 5 6 9 8 -8 -5 16 -11 12 13 -7 -15 -10 -1 -18 -19 -6 21 22 23 -2 -23 26 -24 28 -25 -30
right_child=20 -3 -4 4 19 11 7 -9 15 10 -12 -13 -14 14 -16 -17 17 18 -20 -21 -22 24 25 27 -26 -27 -28 -29 29 -31
leaf_value=-0.0041131267132933948 -0.029249841157399425 -0.027351292265253149 0.047636108903696184 -0.0014289222232081629 -0.031587289702701672 0.0082244596683917134 -0.0083187446013864158 0.03246673146607798 0.0052054304190712469 0.038280779759578158 -0.057987139515673913 -0.079563757509313632 0.016040659749450778 -0.079660074383140447 0.0075608858107309154 0.034894473314333929 -0.0009863272486802081 0.0019975611312913633 0.013044927775304353 0.043182504186770332 -0.00119153079028528 -0.0029016627155015414 -0.019841472545050906 0.023047175680325927 -0.060349688369933097 0.040293121034255537 0.042234732390459884 -0.046741964423870186 -0.030559591968756308 0.043010145558722158
leaf_weight=555.65975118242204 103.60195968300104 47.894140880554914 10.19546754285693 4163.9203133508563 57.543618189170957 76.523840896785259 16.911632336676121 36.305550767108798 94.572117455303669 20.566751329228286 2.1635839231312266 2.0786936283111563 209.49049618281424 9.4078269377350825 12.006941918283699 23.239496977999806 2254.8160802721977 7060.5091664157808 131.70653446763754 2.5255864113569251 5178.7430061157793 1687.382546056062 15.116168394684797 20.477060452103615 4.6658727973699561 10.871414095163344 4.77913874387741 5.7054736316204062 13.78262969106436 3.8353909924626342
leaf_count=3366 592 226 262 24221 472 523 168 359 707 194 21 14 2376 58 88 234 12242 44329 1098 18 30997 8712 72 98 21 59 23 27 63 21
internal_value=-0.000233153 0.000608494 0.000699341 0.000666854 -0.00120983 0.00146493 -0.000832457 0.0195057 -0.00108524 0.00119439 0.0291175 0.0102282 0.0108353 -0.000298941 -0.0307566 0.0110619 0.00113094 0.00143938 0.00219986 -0.0284436 -0.00199885 -0.00423435 -0.0153863 -0.0209041 -0.00306008 0.0110497 -0.00492988 -0.00116385 0.00566235 -0.0145437
internal_weight=21837 14788 14740.1 14729.9 4395.02 10334.9 4334.95 53.2172 4281.73 10025.4 22.7303 309.508 307.429 97.9386 21.4148 117.812 10002.7 9447.03 7192.22 60.0692 7048.96 1870.22 178.169 147.403 1692.05 30.7667 19.8953 43.8006 38.0951 17.618
internal_count=131661 90976 90750 90488 26179 64309 25689 527 25162 61250 215 3059 3045 669 146 941 61035 57669 45427 490 40685 9688 955 801 8733 154 95 209 182 84
is_linear=0
shrinkage=0.05


Tree=87
num_leaves=31
num_cat=0
split_feature=0 6 17 3 17 1 15 15 3 7 16 17 14 17 6 15 15 11 9 3 15 1 14 7 4 9 3 15 1 10
split_gain=12.3021 11.8372 9.04347 10.3193 11.953 8.7132 11.0872 8.08469 9.4791 7.78454 10.3364 9.17319 17.5417 9.29149 9.10696 8.98039 7.47309 11.3932 7.02512 8.81345 8.48851 7.94243 6.73002 6.66617 6.51522 8.01709 6.51279 6.42037 6.36432 6.59609
threshold=2.5000000000000004 1.5000000000000002 25.500000000000004 1.0000000180025095e-35 79.500000000000014 17.500000000000004 157.50000000000003 50.500000000000007 1.0000000180025095e-35 1.5000000000000002 123.50000000000001 14.500000000000002 11.000000000000002 68.500000000000014 1.5000000000000002 86.500000000000014 89.500000000000014 1.0000000180025095e-35 1.0000000180025095e-35 5.5000000000000009 34.500000000000007 12.500000000000002 29.000000000000004 3.5000000000000004 2.5000000000000004 4.5000000000000009 17.500000000000004 52.500000000000007 7.5000000000000009 1.0000000180025095e-35
decision_type=2 2 2 2 2 2 2 2 2 2 2 2 2 2 2 2 2 2 2 2 2 2 2 2 2 2 2 2 2 2
left_child=9 2 5 4 -4 7 22 18 27 15 11 16 13 14 -13 28 -11 -18 19 -2 21 23 -7 -20 25 -14 -17 -9 29 -1
right_child=1 -3 3 -5 -6 6 -8 8 -10 10 -12 12 24 -15 -16 26 17 -19 20 -21 -22 -23 -24 -25 -26 -27 -28 -29 -30 -31
leaf_value=0.00020214916619225475 0.0026914342348066111 -0.0024500523956452495 -0.015877425795035715 0.012730672456369286 0.041148917647839532 0.0016409407478899637 -0.10609694780695583 -0.068946143050885172 0.01381423598877962 -0.0051605494067157448 0.06057148640277147 -0.030125927922762002 0.0024119946839528394 -0.08326035408307797 0.04877926517275117 0.011725529467919001 -0.0026870638895155766 -0.080805528848794078 -0.00040700162550440645 0.013702721353036086 -0.025035371380892242 0.051438293085465242 -0.020953234713966953 -0.048361563085299125 0.026153334954509746 0.059178230906066137 -0.031768534637186936 -0.0043011002946908711 0.0086067679076916644 -0.0022104755081091198
leaf_weight=9107.9775163829327 2919.1755258738995 1237.6829209402204 63.241880632936954 400.98052464239299 10.75102625787258 77.52327087521553 2.9410925749689332 4.1831100657582274 281.20528274774551 1406.9715666696429 6.1938725411891928 19.48534641601146 120.37096074223518 6.3678756896406403 4.5016277804970732 205.24915836937726 10.705707781016828 8.2752343341708166 1158.2664241399616 193.78649357333779 35.981826692819595 7.3483829554170361 57.332431295886636 7.292598493397235 53.464047694578767 6.5587031841278067 8.9836312010884267 46.946390729397535 192.59786023572087 4112.0346715860069
leaf_count=51994 19090 7277 458 3992 88 589 29 28 2708 7104 51 112 665 40 23 1629 74 52 7512 2007 275 88 447 41 366 31 82 348 1556 22677
internal_value=0.000129081 0.00195 0.00298397 0.0095648 -0.00759161 0.00233169 -0.0100592 0.00269855 0.0102135 -0.000646599 -0.00389795 -0.00414192 0.00559487 -0.0295709 -0.0153178 -0.000254606 -0.00558097 -0.0367448 0.00212068 0.0033769 -0.00111419 -0.000380345 -0.00796473 -0.000707041 0.0115122 0.00534522 0.00990165 -0.00958997 -0.000416827 -0.000548289
internal_weight=21774.4 6504.64 5266.96 474.973 73.9929 4791.98 137.797 4654.19 332.335 15269.7 1642.89 1636.7 210.749 30.3548 23.987 13626.8 1425.95 18.9809 4321.85 3112.96 1208.89 1172.91 134.856 1165.56 180.394 126.93 214.233 51.1295 13412.6 13220
internal_count=131433 44977 37700 4538 546 33162 1065 32097 3084 86456 8518 8467 1237 175 135 77938 7230 126 29013 21097 7916 7641 1036 7553 1062 696 1711 376 76227 74671
is_linear=0
shrinkage=0.05


Tree=88
num_leaves=31
num_cat=0
split_feature=16 6 0 17 5 0 4 2 4 15 14 1 16 17 14 16 16 3 2 1 17 16 0 3 14 16 0 17 4 16
split_gain=14.68 10.3823 10.3154 7.33334 6.90708 6.40516 6.26595 7.99365 6.26117 6.50373 8.37438 7.50564 5.69243 9.91148 7.08279 7.95527 5.93537 6.25741 5.63643 10.4067 9.97411 7.67802 7.55807 6.63173 5.9267 5.47952 5.47213 5.44434 6.30192 8.57225
threshold=104.50000000000001 1.0000000180025095e-35 4.5000000000000009 14.500000000000002 12.500000000000002 74.500000000000014 14.500000000000002 67.500000000000014 1.5000000000000002 1.5000000000000002 57.000000000000007 2.5000000000000004 16.500000000000004 5.5000000000000009 49.000000000000007 36.500000000000007 2.5000000000000004 1.5000000000000002 21.500000000000004 7.5000000000000009 4.5000000000000009 12.500000000000002 1.5000000000000002 32.500000000000007 19.000000000000004 31.500000000000004 45.500000000000007 125.50000000000001 16.500000000000004 1.5000000000000002
decision_type=2 2 2 2 2 2 2 2 2 2 2 2 2 2 2 2 2 2 2 2 2 2 2 2 2 2 2 2 2 2
left_child=1 2 3 18 5 8 -3 -8 12 10 25 -12 16 14 -14 -16 -4 -18 19 -1 22 24 23 -20 -22 26 -10 28 -5 -30
right_child=-2 6 4 27 -6 -7 7 -9 9 -11 11 -13 13 -15 15 -17 17 -19 20 -21 21 -23 -24 -25 -26 -27 -28 -29 29 -31
leaf_value=-0.00048312116647537384 0.015298100455371957 -0.001732336439433975 -0.0046004713842094759 0.003128175660844194 0.028479063305332161 -0.058921514749720662 -0.017992597581418766 0.03973405305453187 0.00083787204334922192 0.010766624083039075 -0.11925805098177954 -0.0057048524080619573 -0.018726537150083045 0.020960544032812146 -0.12778590541695756 -0.013310960349178162 0.018110848636637148 -0.00050817571215582469 -0.0099576050477368557 0.011404995658989871 -0.024885834034507545 0.0074955440681090642 0.017426310824179704 -0.065286854870524283 -0.10768418760652365 0.033129759573665249 -0.046357818874548838 0.023107713426250454 -0.063556035716243395 -0.0058113739738351738
leaf_weight=11625.862303860486 151.80850968230516 6727.7646044157445 167.06009913235903 1740.1257884539664 30.788885801099241 3.971882499754428 94.060219977982342 6.4053606092929831 146.29984875582159 473.93611766397953 2.7634630128741255 3.0739374831318855 35.593330886214972 14.290282968431709 3.4111560061573973 2.7340782880783081 87.179578270763159 93.546153154224157 36.35443852096796 187.05044846236706 3.3866992052644473 3.6830566897988311 22.850241538137197 6.3637411445379248 5.9730936884880066 12.626241201534866 6.4108784645795813 33.136420959606767 7.794356044381856 36.637295724824071
leaf_count=66619 1477 38795 1061 11589 645 23 814 63 1210 4487 19 28 254 120 22 22 530 639 203 1570 22 30 155 39 36 146 41 292 56 350
internal_value=-0.000195948 -0.000304736 0.000439662 6.8442e-05 0.0051358 0.0044532 -0.00191743 -0.0143121 0.00469317 0.0077495 -0.000604127 -0.0594617 -0.000189432 -0.0149798 -0.0272849 -0.0768548 0.00219331 0.00847338 -0.000383681 -0.00029488 -0.0137278 -0.0536602 -0.00578444 -0.0182 -0.0777249 0.0014739 -0.00114343 0.00302627 0.00265339 -0.0159411
internal_weight=21772.9 21621.1 14792.9 13709.2 1083.69 1052.9 6828.23 100.466 1048.93 645.11 171.174 5.8374 403.815 56.0288 41.7386 6.14523 347.786 180.726 11891.5 11812.9 78.6113 13.0428 65.5684 42.7182 9.35979 165.337 152.711 1817.69 1784.56 44.4317
internal_count=131357 129880 90208 80961 9247 8602 39672 877 8579 5931 1444 47 2648 418 298 44 2230 1169 68674 68189 485 88 397 242 58 1397 1251 12287 11995 406
is_linear=0
shrinkage=0.05


Tree=89
num_leaves=31
num_cat=0
split_feature=17 16 11 3 5 0 3 16 9 2 2 10 4 10 7 15 5 4 15 3 4 5 0 15 15 15 15 8 5 15
split_gain=9.88603 9.56019 8.85528 8.32003 7.0801 8.00576 7.91888 8.11623 12.433 9.69655 7.53684 6.98856 6.95604 6.84077 6.78283 6.4985 6.35577 6.33065 6.60377 6.29929 6.16518 8.62689 6.13524 10.8133 5.92357 6.71011 6.50065 5.83378 5.93112 5.78899
threshold=52.500000000000007 10.500000000000002 1.5000000000000002 1.5000000000000002 1.0000000180025095e-35 37.500000000000007 5.5000000000000009 8.5000000000000018 2.5000000000000004 1.5000000000000002 2.5000000000000004 3.5000000000000004 40.500000000000007 1.5000000000000002 1.0000000180025095e-35 71.500000000000014 6.5000000000000009 2.5000000000000004 51.500000000000007 4.5000000000000009 16.500000000000004 53.500000000000007 5.5000000000000009 5.5000000000000009 29.500000000000004 3.5000000000000004 5.5000000000000009 1.0000000180025095e-35 6.5000000000000009 194.00000000000003
decision_type=2 2 2 2 2 2 2 2 2 2 2 2 2 2 2 2 2 2 2 2 2 2 2 2 2 2 2 2 2 2
left_child=1 2 4 11 -1 6 7 15 10 -10 24 -3 17 14 19 -6 -5 18 -8 27 -2 -22 -16 -24 25 -9 -27 28 -12 -17
right_child=20 3 -4 16 5 -7 12 8 9 -11 13 -13 -14 -15 22 29 -18 -19 -20 -21 21 -23 23 -25 -26 26 -28 -29 -30 -31
leaf_value=-0.0018001567548754213 0.0065694508209114657 -0.00056228302616445115 -0.0039620496501669164 0.0036132366876105468 0.00042430074525532085 -0.014805014975043197 0.00023419155801348405 0.0033275242434279012 -0.0094761566519609049 -0.11907601371852349 0.0095857847259039671 0.024792200190327553 -0.023297379939734467 0.028304948107548463 -0.027977082574680751 0.009651475783445532 0.014005989942523037 0.011696037234140685 0.024663503121049781 -0.06323299741909473 -0.017980683416483262 0.038995288479315542 -0.16946685551891583 -0.011793318531875487 0.019650964438902453 -0.027996801454665848 -0.004101183778573987 -0.020646296758667856 -0.058550551586126612 -0.028480175066443111
leaf_weight=4444.1370682232082 814.90458660200238 1840.0603988338262 1661.1390947047621 1925.110569762066 9299.3894199002534 84.029855320230126 348.05187680758536 179.71302075684071 3.8213252276182157 4.2765699997544289 44.851995147764683 27.585474994033575 20.047045221552253 8.7477371096611005 33.779458431527019 264.96552882157266 159.28368888888508 324.4765799343586 30.052236950024962 5.3018600158393374 49.78455195762217 7.666842281818389 2.1868847310543051 2.16277776658535 31.860051579773426 41.16243364661932 92.242745541036129 42.627399124205112 3.4387566931545726 10.341896865516899
leaf_count=23011 6366 11158 8913 13427 54402 564 2198 990 20 24 312 146 144 61 221 2045 2204 3048 247 46 438 240 19 21 215 229 527 273 35 90
internal_value=0.000238201 2.08846e-05 -0.000494551 0.00223583 -0.000118613 0.000568401 0.000688087 0.000325306 -0.00591003 -0.0673568 -0.00489053 -0.000187793 0.00574397 -0.0145378 -0.0173273 0.000648429 0.00440742 0.00657262 0.00217587 -0.0102551 0.00545338 -0.0103773 -0.0351742 -0.091067 -0.00088887 -0.00297882 -0.0114742 -0.00716576 0.00473384 0.00821906
internal_weight=21807.2 20934.8 16982.8 3952.04 15321.7 10877.5 10793.5 10070.9 496.173 8.0979 488.075 1867.65 722.628 143.097 134.349 9574.7 2084.39 702.581 378.104 96.22 872.356 57.4514 38.1291 4.34966 344.978 313.118 133.405 90.9182 48.2908 275.307
internal_count=131634 124590 97655 26935 88742 65731 65167 59530 2993 44 2949 11304 5637 988 927 56537 15631 5493 2445 666 7044 678 261 40 1961 1746 756 620 347 2135
is_linear=0
shrinkage=0.05


Tree=90
num_leaves=31
num_cat=0
split_feature=5 4 5 4 14 16 10 0 3 16 3 5 11 5 15 11 17 0 15 2 6 2 8 14 5 11 5 14 17 14
split_gain=12.4511 8.71834 16.6249 9.98334 11.4882 8.32618 7.80283 8.28606 7.63012 14.1399 10.6062 6.81729 14.6327 9.0592 13.0428 14.7516 9.04558 7.83117 6.76783 6.54656 6.39372 6.47871 7.18809 6.15905 7.59114 6.58882 6.85048 6.0544 5.84576 7.94848
threshold=60.500000000000007 4.5000000000000009 16.500000000000004 21.500000000000004 47.000000000000007 64.500000000000014 1.5000000000000002 39.500000000000007 41.500000000000007 4.5000000000000009 49.500000000000007 6.5000000000000009 1.0000000180025095e-35 26.500000000000004 23.500000000000004 1.5000000000000002 23.500000000000004 2.5000000000000004 9.5000000000000018 4.5000000000000009 1.0000000180025095e-35 67.500000000000014 1.5000000000000002 23.000000000000004 5.5000000000000009 2.5000000000000004 2.5000000000000004 31.000000000000004 5.5000000000000009 7.0000000000000009
decision_type=2 2 2 2 2 2 2 2 2 2 2 2 2 2 2 2 2 2 2 2 2 2 2 2 2 2 2 2 2 2
left_child=1 2 5 11 20 6 8 23 -1 -10 -11 -3 -13 16 19 -16 18 -17 -14 -15 -5 22 -22 25 -25 28 -27 -12 29 -8
right_child=-2 3 -4 4 -6 -7 7 -9 9 10 27 12 13 14 15 17 -18 -19 -20 -21 21 -23 -24 24 -26 26 -28 -29 -30 -31
leaf_value=-0.00026889964853528148 0.045652427906660534 0.0030567523114582874 0.031764759496651661 -0.004931163570280857 0.019402865890188664 0.0060585194575797875 0.00052617206122740942 -0.076816393325371338 -0.00011073952291045925 -0.11796803630002739 0.0092608831351977429 0.028035619200804548 -0.016995579537968483 0.056747345732101884 -0.021134765619792079 -0.070757095536848252 0.040138539121716409 -0.20345720410539814 0.017794865309839075 -0.054438321450175423 -0.03399781108577199 0.03806930210477364 0.020599266312621503 -0.0017767840530504755 0.02349145152945992 0.01814550852650727 -0.0075113520881371371 -0.081456969203349355 -0.0014780886488386471 -0.015110375739843957
leaf_weight=17243.162898782641 14.900826235301791 1840.8718791287392 40.073425158858299 103.60861378163099 33.045496677979827 475.97160188294947 103.62946425750852 3.8824049010872832 23.955099061131477 5.4556451477110368 4.6276214867830276 86.695423105731606 32.288859141990542 4.7972475141286877 8.3483325894922 2.3409081846475592 16.471355548128486 2.1174623183906078 24.650835098698735 1.8285201676189897 58.224224021658301 3.8920940142124882 6.7248765006661406 900.45835866034031 30.737950313836336 49.763497322797775 54.520686790347099 3.0522668063640594 195.33134270831943 376.71042241901159
leaf_count=99797 415 13448 616 821 277 3622 521 24 137 33 31 1613 395 51 93 24 250 26 343 30 406 30 54 4546 212 227 279 18 1045 1896
internal_value=-3.74643e-05 -6.87846e-05 -0.000407001 0.00289587 -0.00760374 -0.000473213 -0.000636881 -0.00385359 -0.000317628 -0.0229712 -0.0646616 0.00396379 0.0132639 -0.000529631 -0.0308864 -0.0603503 0.00750604 -0.133782 -0.00193379 0.0260633 -0.0127789 -0.0245899 -0.0283448 -0.00368805 -0.000942702 -0.00696574 0.00473188 -0.0267937 -0.00877117 -0.0117369
internal_weight=21752.1 21737.2 19511.3 2225.91 205.495 19471.3 18995.3 1715.03 17280.3 37.0906 13.1355 2020.41 179.539 92.8435 19.4325 12.8067 73.411 4.45837 56.9397 6.62577 172.45 68.8412 64.9491 1711.15 931.196 779.955 104.284 7.67989 675.671 480.34
internal_count=131280 130865 113004 17861 1588 112388 108766 8750 100016 219 82 16273 2825 1212 224 143 988 50 738 81 1311 490 460 8726 4758 3968 506 49 3462 2417
is_linear=0
shrinkage=0.05


Tree=91
num_leaves=31
num_cat=0
split_feature=16 7 2 8 17 16 3 1 17 9 16 10 14 2 2 6 10 15 16 16 16 1 14 15 15 17 3 1 11 0
split_gain=11.1746 10.488 11.8691 8.48297 8.75922 8.477 11.9186 7.56728 7.35206 6.67014 9.66631 11.2489 8.83288 15.8412 6.72592 6.64298 6.9561 6.47263 6.4545 8.85555 10.103 9.77424 7.42487 7.34278 7.63742 6.37083 6.36858 6.27444 6.27202 6.2193
threshold=104.50000000000001 1.0000000180025095e-35 6.5000000000000009 3.5000000000000004 21.500000000000004 98.500000000000014 1.5000000000000002 1.0000000180025095e-35 2.5000000000000004 1.0000000180025095e-35 33.500000000000007 1.5000000000000002 17.000000000000004 3.5000000000000004 2.5000000000000004 1.5000000000000002 9.5000000000000018 30.500000000000004 10.500000000000002 45.500000000000007 46.500000000000007 1.5000000000000002 15.000000000000002 53.500000000000007 42.500000000000007 70.500000000000014 2.5000000000000004 1.0000000180025095e-35 1.0000000180025095e-35 1.0000000180025095e-35
decision_type=2 2 2 2 2 2 2 2 2 2 2 2 2 2 2 2 2 2 2 2 2 2 2 2 2 2 2 2 2 2
left_child=1 2 3 7 28 9 -7 25 29 10 -3 17 14 -14 -13 -11 -17 27 23 26 21 -21 -23 24 -9 -1 -20 -12 -5 -4
right_child=-2 5 8 4 -6 6 -8 18 -10 15 11 12 13 -15 -16 16 -18 -19 19 20 -22 22 -24 -25 -26 -27 -28 -29 -30 -31
leaf_value=-0.0015222327087569864 0.013445795241425716 -0.0012083666900090887 -0.015530384413247739 -0.020674919952148488 -0.053833309588294867 -0.14782196857836838 0.004597499023589989 0.0003938624231925623 0.011723532409841322 -0.0052051505886188051 0.045493760192417763 0.043001841466191772 -0.069302164443294886 0.037059621004040727 -0.049416572691023529 0.00053787751919329282 0.049369919019044167 0.032059080670970595 0.0035434777371564675 -0.093740757515403117 -0.00068655518935116337 -0.076702767316558784 0.019848349813065918 0.006907229660662333 -0.010908927914541313 0.013440568478859494 0.010947496303348124 0.0066320963370539365 0.0034047288336336774 0.0044370033451574913
leaf_weight=4604.929452765733 150.74634720943868 4177.25051292032 47.715143229812384 53.624100804328918 11.837942514568565 2.3860921785235396 2.7732840385288 6953.5684146378189 373.67448970023543 1938.0486827269197 10.996438458561896 7.0345190577209014 13.526112381368877 4.7231080569326869 2.7337421532720327 492.0746455071494 7.4025387354195109 35.180359675548971 881.49378037266433 5.7302809134125701 454.48602656833827 2.9080764278769475 6.3154946677386761 426.26686054654419 152.73968254774809 72.255632340908051 433.14699809812009 187.2793737007305 54.553981821984053 213.45535694621503
leaf_count=24455 1491 24338 292 258 65 17 26 41695 3547 11056 71 46 92 51 27 2476 38 388 5569 36 3677 22 53 3352 1057 497 3385 1437 265 1738
internal_value=-0.000120279 -0.000214825 0.000537227 0.000236403 -0.013 -0.00182667 -0.065893 0.000349923 0.00722515 -0.0017786 -0.000624599 0.00870155 -0.0212349 -0.0417745 0.0171377 -0.00388004 0.0012616 0.0122943 0.00117375 0.00387793 -0.00201708 -0.042455 -0.010593 0.000533263 0.000150926 -0.00129108 0.00598295 0.00878738 -0.0085316 0.000789016
internal_weight=21780.9 21630.1 14748.7 14113.9 120.016 6881.41 5.15938 13993.8 634.845 6876.25 4438.72 261.474 28.0175 18.2492 9.76826 2437.53 499.477 233.456 9316.66 1784.08 469.44 14.9539 9.22357 7532.57 7106.31 4677.19 1314.64 198.276 108.178 261.171
internal_count=131517 130026 89963 84386 588 40063 43 83798 5577 40020 26450 2112 216 143 73 13570 2514 1896 58846 12742 3788 111 75 46104 42752 24952 8954 1508 523 2030
is_linear=0
shrinkage=0.05


Tree=92
num_leaves=31
num_cat=0
split_feature=17 16 8 2 5 16 10 4 0 3 16 4 0 7 5 15 10 17 2 3 9 3 1 4 7 16 7 4 0 15
split_gain=10.6373 9.021 8.44954 9.60038 8.55533 8.08202 9.76693 9.72911 8.6434 8.2362 11.0799 12.3924 7.6566 8.06626 7.52696 7.15442 6.86775 7.1201 6.24869 7.10109 13.5728 10.9581 6.48446 6.38174 8.26246 6.18011 6.16367 6.14452 5.77521 5.60029
threshold=23.500000000000004 104.50000000000001 1.0000000180025095e-35 1.0000000180025095e-35 39.500000000000007 18.500000000000004 2.5000000000000004 14.500000000000002 3.5000000000000004 38.500000000000007 4.5000000000000009 4.5000000000000009 1.0000000180025095e-35 2.5000000000000004 1.5000000000000002 1.0000000180025095e-35 1.0000000180025095e-35 24.500000000000004 8.5000000000000018 15.500000000000002 1.0000000180025095e-35 1.5000000000000002 7.5000000000000009 40.500000000000007 1.0000000180025095e-35 1.5000000000000002 1.0000000180025095e-35 61.500000000000007 1.5000000000000002 168.50000000000003
decision_type=2 2 2 2 2 2 2 2 2 2 2 2 2 2 2 2 2 2 2 2 2 2 2 2 2 2 2 2 2 2
left_child=1 2 3 -1 12 6 9 8 14 28 -11 -12 13 29 -8 -15 17 -7 23 21 -21 22 -20 -14 -25 -17 -16 -18 -2 -5
right_child=5 -3 -4 4 -6 16 7 -9 -10 10 11 -13 18 15 26 25 27 -19 19 20 -22 -23 -24 24 -26 -27 -28 -29 -30 -31
leaf_value=-0.0016754080772385051 0.00018901907859239031 0.012808840941211611 -0.0019970923078604951 -0.0013206752583674269 0.042926272070257294 -0.031801079415693219 -0.041581665618389295 -0.09129292715349277 0.036231483572065466 -0.0018195394528859638 -0.17824531270090041 -0.037618810613647545 0.0017346243933396321 -0.067935965010662069 -0.026289797570084525 0.017027131416952019 -0.00078912994106683097 0.019307967108033969 0.0054556257616186071 0.032778285874583014 -0.02870191901521639 0.026848380740993272 -0.04746754173909129 -0.048867916029216175 0.031545481455157572 -0.030426050597431611 0.021790740315830059 0.056951749571134802 0.0064662973021804224 0.049682775418660979
leaf_weight=4483.6646306589246 715.04937429912388 128.23358110710979 6362.5469465069473 1966.0511471927166 12.242892600595949 7.0956875365227452 22.074630811810493 4.1630961168557397 7.9527794588357201 16.782011780887846 2.071308456361292 6.4294392159208655 6782.3465089108795 7.5894382968544951 13.253134038299324 10.634074069559576 110.22268834896386 171.9279619269073 23.056735400110487 13.964898029342292 25.134724633768201 87.620199329219759 7.7278206497430793 12.837300635874273 4.2526493594050399 19.3393894135952 13.410292342305182 4.8084526704624286 751.48861621879041 5.3968662098050109
leaf_count=24057 4411 1193 35696 11045 196 62 108 34 65 134 14 58 43536 39 83 56 1103 1826 162 155 186 1041 56 77 28 106 79 90 5908 44
internal_value=-7.40731e-05 -0.000410092 -0.000495599 0.00021406 0.00115765 0.00355638 0.00211691 -0.0175177 -0.0121 0.00291785 -0.0253772 -0.0718841 0.00110062 -0.00161838 -0.0199865 -0.0245708 0.0111571 0.0172822 0.0018858 0.0117315 -0.00674353 0.0178323 -0.00782963 0.00165773 -0.0288579 -0.0135905 -0.00210783 0.00162451 0.00340564 -0.00118105
internal_weight=21799.4 19952.6 19824.4 13461.9 8978.19 1846.73 1552.67 60.8539 56.6908 1491.82 25.2828 8.50075 8965.95 2009.01 48.7381 37.5629 294.055 179.024 6956.94 157.504 39.0996 118.405 30.7846 6799.44 17.0899 29.9735 26.6634 115.031 1466.54 1971.45
internal_count=131648 117673 116480 80784 56727 13975 10894 369 335 10525 206 72 56531 11290 270 201 3081 1888 45241 1600 341 1259 218 43641 105 162 162 1193 10319 11089
is_linear=0
shrinkage=0.05


Tree=93
num_leaves=31
num_cat=0
split_feature=5 15 0 0 14 3 3 7 9 16 8 16 14 10 2 11 5 8 11 5 8 16 0 15 14 2 16 5 16 14
split_gain=10.2025 9.5554 11.5354 15.0628 9.50965 12.0882 7.96289 7.67325 7.09117 6.94694 6.98036 6.88963 6.83296 6.56476 6.38932 6.29112 9.13321 10.5572 6.01547 8.51788 8.14777 7.48812 5.95169 5.88125 8.57782 9.69179 7.46952 5.88119 5.82727 5.81504
threshold=60.500000000000007 10.500000000000002 19.500000000000004 6.5000000000000009 9.0000000000000018 13.500000000000002 1.0000000180025095e-35 14.500000000000002 1.0000000180025095e-35 27.500000000000004 3.5000000000000004 1.0000000180025095e-35 57.000000000000007 1.5000000000000002 45.500000000000007 1.0000000180025095e-35 2.5000000000000004 5.5000000000000009 1.0000000180025095e-35 1.0000000180025095e-35 3.5000000000000004 1.0000000180025095e-35 1.0000000180025095e-35 13.500000000000002 19.000000000000004 3.5000000000000004 1.5000000000000002 6.5000000000000009 5.5000000000000009 1.0000000180025095e-35
decision_type=2 2 2 2 2 2 2 2 2 2 2 2 2 2 2 2 2 2 2 2 2 2 2 2 2 2 2 2 2 2
left_child=1 6 3 4 5 -3 9 8 15 14 -11 -6 28 -5 18 16 17 -8 20 21 -1 -20 -22 -15 25 -25 -26 -7 -4 -17
right_child=-2 2 12 13 11 27 7 -9 -10 10 -12 -13 -14 23 -16 29 -18 -19 19 -21 22 -23 -24 24 26 -27 -28 -29 -30 -31
leaf_value=-0.0010179658530404044 0.04201015441075584 -0.0032476531307027165 -0.031804455215941489 0.018292519573085277 0.0078884823072442236 -0.034675482205634579 0.00098564569972551738 0.073064657926989976 -0.0013066668577985773 0.0067762907817406296 -0.066486616163604462 0.0018286298730706748 0.062797655670990368 0.049390926378560254 -0.065101532969547612 -0.017617384343177351 0.0057438830051040326 -0.077105273551146533 -0.033784304801003043 -0.0040850197607057211 0.0011210772339473555 -0.0092742662970161874 -0.037416355311624724 -0.13522709411473954 -0.069607917630999799 -0.002401450711684835 0.028055929113512925 -0.12432934902101152 -0.0029341920268970184 -0.00077048651641124951
leaf_weight=2628.5846639946103 14.557646926492451 601.27399802207947 43.538878235965967 189.39772010780871 538.33688133209944 5.6068506017327291 4163.8919787332416 3.6121802106499663 4870.8721666317433 245.39940079674125 3.2948964387178412 3643.8975792061538 2.5663899015635243 3.1694599390029934 4.1118223667144767 52.548288181424141 1272.6045855758712 4.3325185626745215 45.244471434503794 1195.7146738618612 15.999850280582903 100.11758707463741 26.800992652773857 3.0411857552826396 2.6624653171747905 2.5042012687772512 7.3970290813595057 2.7149808295071125 29.201127192005515 2028.7609093859792
leaf_count=13769 424 3912 308 2056 3381 38 24193 18 27396 1536 18 24225 20 23 22 324 9791 21 314 6082 70 473 119 22 22 30 74 30 261 12396
internal_value=0.000166319 0.000138295 0.00203773 0.00233027 0.00175826 -0.00407598 -0.000440282 0.000200875 0.000179638 -0.00230375 0.00580565 0.00260865 -0.0173856 0.015497 -0.00280586 0.00114208 0.00203641 0.000904477 -0.00274202 -0.0054744 -0.00137033 -0.0169031 -0.0230103 -0.0127046 -0.0253166 -0.0752453 0.00220705 -0.0639249 -0.0202146 -0.00119583
internal_weight=21751.8 21737.2 5075.31 5000 4791.83 609.596 16661.9 12396.6 12393 4265.27 248.694 4182.23 75.3064 208.172 4016.57 7522.14 5440.83 4168.22 4012.46 1341.08 2671.39 145.362 42.8008 18.7743 15.6049 5.54539 10.0595 8.32183 72.74 2081.31
internal_count=131368 130944 34402 33813 31586 3980 96542 74139 74121 22403 1554 27606 589 2227 20849 46725 34005 24214 20827 6869 13958 787 189 171 148 52 96 68 569 12720
is_linear=0
shrinkage=0.05


Tree=94
num_leaves=31
num_cat=0
split_feature=5 15 11 5 5 4 4 15 10 1 2 3 7 14 3 16 17 4 14 6 3 17 14 15 10 6 5 17 5 14
split_gain=10.8656 9.79915 8.73525 12.3603 9.78132 10.0601 11.7478 9.76361 9.0545 10.375 8.80971 7.86711 7.70905 6.98948 6.74121 7.20834 7.11544 12.9552 10.1564 7.2306 6.69979 6.54732 6.62701 6.61019 6.54353 6.75876 6.42929 6.19161 6.15603 6.67523
threshold=60.500000000000007 113.50000000000001 1.0000000180025095e-35 36.500000000000007 1.0000000180025095e-35 40.500000000000007 8.5000000000000018 83.500000000000014 1.0000000180025095e-35 7.5000000000000009 47.500000000000007 8.5000000000000018 5.5000000000000009 29.000000000000004 1.5000000000000002 82.500000000000014 1.0000000180025095e-35 3.5000000000000004 49.000000000000007 1.5000000000000002 10.500000000000002 1.0000000180025095e-35 53.000000000000007 46.500000000000007 2.5000000000000004 2.5000000000000004 1.5000000000000002 28.500000000000004 8.5000000000000018 21.000000000000004
decision_type=2 2 2 2 2 2 2 2 2 2 2 2 2 2 2 2 2 2 2 2 2 2 2 2 2 2 2 2 2 2
left_child=1 2 3 4 21 6 8 -4 10 12 -6 -9 14 20 15 16 17 19 24 -10 -12 22 -1 -24 27 -26 -8 28 -18 -30
right_child=-2 -3 7 -5 5 -7 26 11 9 -11 13 -13 -14 -15 -16 -17 18 -19 -20 -21 -22 -23 23 -25 25 -27 -28 -29 29 -31
leaf_value=-0.0039454359520071933 0.04476905850792897 0.010198124803018675 -0.0013868038411669571 0.046935638102102495 0.0023791468745561033 -0.024839821229216241 -0.0027617063892446999 -0.016674006551021359 0.01526138501835449 0.01633997459816398 -0.037897596065735707 -0.086935907353227551 -0.069132934282878589 -0.06447348092771775 0.0009128919919697174 0.034719153199247663 -0.0080000609840208316 -0.020432026272555543 0.0060303465288728958 -0.024597423660208215 0.029115661078899471 -0.00041323737111917283 -0.016639258199463196 -0.086309446619216496 -0.019205304149639793 -0.077307422043510765 0.018919464726131097 0.0074269275586681368 -0.0020266430024411595 -0.11309413484845375
leaf_weight=795.75177869200706 13.585889047943054 234.85603624768555 6652.0750063117594 14.383440315723417 6933.7745967246592 36.176654152572155 44.615435414016247 55.036401901394129 128.09501668065786 81.962277308106422 8.3004573360085505 4.2948592007160178 4.2354923188686362 8.505948491394518 1291.1920681372285 11.76236332207918 789.02359491586685 40.312179148197174 146.77702287584543 12.487167611718176 6.773276161402463 4109.7775571122766 62.261454664170742 3.6014857068657866 43.360075831413269 5.6583906710147849 146.37085594888777 67.325156182050705 2.5311960317194453 2.9058016315102577
leaf_count=4140 417 2152 38942 269 44412 238 292 436 687 736 50 34 21 52 8364 91 4378 239 828 61 41 21723 320 20 233 27 1785 433 26 25
internal_value=6.81244e-05 4.0195e-05 -7.07174e-05 0.000607862 0.000562788 0.00147824 0.00157563 -0.00156691 0.00133097 -0.00116965 0.00227539 -0.0217601 -0.0017334 -0.0282348 -0.00162107 -0.00423804 -0.00460804 0.00455567 -0.00617545 0.0117209 -0.00778566 -0.00124406 -0.00520698 -0.0204489 -0.00814243 -0.0259123 0.0138546 -0.00713168 -0.00836542 -0.0613866
internal_weight=21757.8 21744.2 21509.3 14797.9 14783.5 9812.15 9775.97 6711.41 9584.98 2627.63 6957.35 59.3313 2545.67 23.5797 2541.43 1250.24 1238.48 180.894 1057.58 140.582 15.0737 4971.39 861.615 65.8629 910.804 49.0185 190.986 861.786 794.461 5.437
internal_count=131472 131055 128903 89491 89222 63019 62781 39412 60704 16149 44555 470 15413 143 15392 7028 6937 987 5950 748 91 26203 4480 340 5122 260 2077 4862 4429 51
is_linear=0
shrinkage=0.05


Tree=95
num_leaves=31
num_cat=0
split_feature=2 3 0 5 17 7 0 15 11 11 3 3 4 15 5 5 15 10 14 2 1 2 14 0 16 3 16 17 2 14
split_gain=9.30909 10.6044 7.96065 11.0463 7.07936 6.79835 7.54551 6.73041 7.439 7.09645 6.69909 8.73583 8.24053 10.7937 7.2122 6.65659 8.09306 8.58121 6.1954 5.7905 8.83335 7.05534 6.19631 5.69273 8.5215 5.91501 7.2571 8.06069 6.53861 5.8216
threshold=1.0000000180025095e-35 1.0000000180025095e-35 1.5000000000000002 1.5000000000000002 1.0000000180025095e-35 3.5000000000000004 4.5000000000000009 10.500000000000002 1.5000000000000002 1.0000000180025095e-35 4.5000000000000009 14.500000000000002 3.5000000000000004 22.500000000000004 30.500000000000004 29.500000000000004 8.5000000000000018 1.0000000180025095e-35 23.000000000000004 24.500000000000004 6.5000000000000009 69.500000000000014 51.000000000000007 4.5000000000000009 10.500000000000002 2.5000000000000004 3.5000000000000004 4.5000000000000009 3.5000000000000004 29.000000000000004
decision_type=2 2 2 2 2 2 2 2 2 2 2 2 2 2 2 2 2 2 2 2 2 2 2 2 2 2 2 2 2 2
left_child=-1 4 -3 23 -2 10 7 8 9 -7 -5 12 13 -12 18 -14 -17 -18 -13 20 -20 22 -21 -4 25 26 27 -25 -28 -27
right_child=1 2 3 5 -6 6 -8 -9 -10 -11 11 14 15 -15 -16 16 17 -19 19 21 -22 -23 -24 24 -26 29 28 -29 -30 -31
leaf_value=-0.0014593617551204399 0.0036421693051410346 0.00034473838172180833 -0.00043707575687712086 0.0038717813532069528 -0.0022628723578097753 -0.01364131168803346 -0.04760329237101258 0.038766692055432733 0.0092486560723122127 -0.10130947741849894 0.0031945085333136372 0.0051037525922994218 0.020435827966787376 0.024618068096384865 0.029983025464946012 0.057197152135723656 0.0012001970672461965 -0.14868121718530736 -0.021454440544019224 -0.061014672557173938 0.04199489953834401 0.021121801853055233 0.0045974863427368515 0.015894921532386332 -0.007188374569139175 0.008710098987559799 0.017427041500080696 -0.0067373388616798245 0.050371644549829668 -0.0081139034464795656
leaf_weight=5342.4567653499544 600.89962258562446 6060.2522932272404 2412.064998794347 2734.0958927161992 3267.5930909104645 5.7843719925731474 12.557011874392627 7.7280445080250493 13.12057965993881 3.8412060961127281 316.94632102735341 47.276945461519063 224.45518943294883 72.183278102427721 14.186281949281691 1.648922805674373 1.8701910497620704 1.9514427520334718 19.217734964564446 17.749751508235939 7.6766222100704899 4.4699312523007384 4.5133322495967141 106.36149785667658 113.3819328956306 129.62429045513272 58.590894438326359 62.436676375567913 20.272167354822159 85.226461831480265
leaf_count=29016 3208 35041 14113 20189 17966 37 113 56 69 21 2514 468 3316 724 326 29 36 31 159 129 173 27 40 616 799 843 332 380 134 546
internal_value=0.000353696 0.000943311 0.00164834 0.00286389 -0.00134563 0.00476541 -0.0149862 -0.00154618 -0.0152425 -0.0486264 0.00501048 0.00925119 0.0116029 0.00716856 -0.00339838 0.0191077 -0.0353866 -0.0753338 -0.00809152 -0.0197242 -0.0033437 -0.0362036 -0.0477133 0.000629324 0.00509581 0.00810721 0.0133737 0.00752349 0.0258956 0.0020364
internal_weight=21770.4 16428 12559.5 6499.23 3868.49 3511.27 43.0312 30.4742 22.7462 9.62558 3468.24 734.146 619.055 389.13 115.091 229.926 5.47056 3.82163 100.904 53.6274 26.8944 26.733 22.2631 2987.96 575.894 462.512 247.661 168.798 78.8631 214.851
internal_count=131451 102435 81261 46220 21174 28457 296 183 127 58 28161 7972 6650 3238 1322 3412 96 67 996 528 332 196 169 17763 3650 2851 1462 996 466 1389
is_linear=0
shrinkage=0.05


Tree=96
num_leaves=31
num_cat=0
split_feature=4 5 2 5 2 1 15 7 14 5 15 11 5 17 9 14 1 15 8 15 14 4 0 15 17 7 4 4 9 15
split_gain=8.28862 16.1843 8.79481 8.55397 7.11003 9.94091 8.99103 7.28951 8.74675 7.01529 8.07967 10.5984 7.5314 6.99501 6.46791 7.03501 7.37862 6.29922 5.68559 5.57374 5.10686 5.0944 5.08735 5.59712 6.21286 7.19521 7.13968 8.31303 5.64603 5.04174
threshold=1.5000000000000002 15.500000000000002 1.5000000000000002 6.5000000000000009 25.500000000000004 7.5000000000000009 1.0000000180025095e-35 1.5000000000000002 1.0000000180025095e-35 31.500000000000004 7.5000000000000009 1.0000000180025095e-35 60.500000000000007 74.500000000000014 4.5000000000000009 13.000000000000002 1.0000000180025095e-35 5.5000000000000009 7.5000000000000009 140.50000000000003 31.000000000000004 5.5000000000000009 4.5000000000000009 1.0000000180025095e-35 3.5000000000000004 1.0000000180025095e-35 9.5000000000000018 6.5000000000000009 1.0000000180025095e-35 5.5000000000000009
decision_type=2 2 2 2 2 2 2 2 2 2 2 2 2 2 2 2 2 2 2 2 2 2 2 2 2 2 2 2 2 2
left_child=1 3 9 -1 5 7 -7 14 -9 19 -11 -12 -13 -6 22 -16 17 -17 20 -2 -10 -8 -4 24 26 -26 27 -24 -27 -22
right_child=2 -3 4 -5 13 6 21 8 18 10 11 12 -14 -15 15 16 -18 -19 -20 -21 29 -23 23 -25 25 28 -28 -29 -30 -31
leaf_value=-0.00094051161108659105 -0.0005967522844654489 0.043858775680994236 0.0021422755460017468 -0.010718593901159409 -0.011324525796418858 -0.011734095419469388 0.0108799072986808 -0.044562394869547307 -0.0065287920630665852 0.021722574056886546 0.023739839237455856 -0.072423469313356081 0.028819045949321664 0.035936651255819956 0.040953730919616474 -0.041203513783859946 -0.071128763748371307 0.037010518544643239 -0.042583363645228467 0.023587111574501874 0.011856919864453485 0.027497917136554129 -0.018830824293209661 0.0089342698141859338 0.01950187943458356 -0.0077233738607048923 -0.092735945328774883 0.058039209852896415 -0.10162075073277416 -0.0056607913732022921
leaf_weight=10799.891161434352 4997.0440061204135 20.01534403860569 4137.0373628120869 228.39641660451889 137.67131998669356 33.507603370584548 146.13557090237737 12.936737287789581 251.49215180240571 6.8977724220603731 4.9530649073421982 14.500377655029299 2.1033761650323859 8.3013180522248131 3.5059787854552296 6.1265842914581317 8.3971931152045709 4.4398365691304207 8.8125894442200643 23.939278785139322 100.41965904831886 67.383968201465905 40.127448439598083 532.42820476554334 33.894676061347127 6.0215835925191623 2.9273417908698312 3.8549884725362054 2.180730227380991 69.501520216464996
leaf_count=58810 28832 334 27772 1723 1093 386 1517 79 1558 75 90 144 49 111 19 29 52 23 49 202 594 1367 310 5150 324 58 29 38 21 462
internal_value=-0.000101654 -0.00106149 0.000892534 -0.00114302 0.00225378 0.00254435 0.0123455 0.00208089 -0.00405374 -0.000621746 -0.0253783 -0.0404496 -0.059598 -0.00863683 0.00264953 -0.0241133 -0.0361428 -0.00833926 -0.00283566 -0.000481447 -0.00200446 0.0161243 0.0027759 0.00699412 -0.00461164 0.0093331 -0.0171257 -0.0120933 -0.0326877 0.00469179
internal_weight=21714.8 11048.3 10666.5 11028.3 5617.1 5471.13 247.027 5224.1 443.163 5049.44 28.4546 21.5568 16.6038 145.973 4780.94 22.4696 18.9636 10.5664 430.226 5020.98 421.413 213.52 4758.47 621.435 89.0068 42.097 46.9098 43.9824 8.20231 169.921
internal_count=131300 60867 70433 60533 41041 39837 3270 36567 2742 29392 358 283 193 1204 33825 123 104 52 2663 29034 2614 2884 33702 5930 780 403 377 348 79 1056
is_linear=0
shrinkage=0.05


Tree=97
num_leaves=31
num_cat=0
split_feature=2 1 4 16 7 17 17 6 17 4 14 8 16 4 2 6 16 3 0 16 2 7 0 9 3 10 14 16 16 3
split_gain=8.41453 10.0533 8.2755 6.49937 6.09123 6.0701 13.8525 9.0517 8.20922 7.40131 7.8402 5.67409 6.3641 9.18531 6.49727 6.07058 6.37209 5.56477 5.55928 6.36819 11.2097 10.1139 5.55604 5.33631 5.33875 4.91191 8.74009 4.9027 6.14058 5.39047
threshold=4.5000000000000009 7.5000000000000009 38.500000000000007 139.50000000000003 1.0000000180025095e-35 13.500000000000002 20.500000000000004 1.5000000000000002 23.500000000000004 1.5000000000000002 29.000000000000004 1.0000000180025095e-35 5.5000000000000009 1.5000000000000002 1.5000000000000002 1.5000000000000002 9.5000000000000018 17.500000000000004 11.500000000000002 7.5000000000000009 1.5000000000000002 1.0000000180025095e-35 1.5000000000000002 1.0000000180025095e-35 2.5000000000000004 2.5000000000000004 31.000000000000004 66.500000000000014 83.500000000000014 2.5000000000000004
decision_type=2 2 2 2 2 2 2 2 2 2 2 2 2 2 2 2 2 2 2 2 2 2 2 2 2 2 2 2 2 2
left_child=1 3 18 4 11 -2 22 8 9 10 -8 17 -13 14 -14 16 -16 -1 25 -20 21 -21 -7 -15 -25 -3 -27 -18 29 -29
right_child=5 2 -4 -5 -6 6 7 -9 -10 -11 -12 12 13 23 15 -17 27 -19 19 20 -22 -23 -24 24 -26 26 -28 28 -30 -31
leaf_value=0.00087136107317526378 0.0017450506159760505 0.012796477477688277 -0.068178708196009449 0.019805730404860264 -0.0017716894350944504 0.0093418031906589184 -0.010810924437915054 -0.022010197556886598 0.0089850842932016183 -0.002363253558979947 -0.10249933309937138 -0.00010315674313107812 -0.002275874179970527 0.0033981101681535004 -0.019596331468037451 -0.032405179573209653 -0.0025912556594633704 -0.018324496287557616 0.0051801659097666436 0.013086481908567069 0.0094483316536614226 -0.093785813184483924 0.032599079725240628 -0.015516933726102267 0.0011011176926657481 -0.068615550715756174 0.034321458971186859 -0.069707641195684414 0.015177737314780749 -0.0030011069535389547
leaf_weight=9535.6045287977904 1848.6417308356613 288.34710315614939 3.5547664100304237 39.720373027026653 5931.3566960170865 41.455983703956008 4.7854910902678984 32.333055477589369 247.88353377860039 22.05774281360209 4.5466764941811562 2480.7719475291669 219.91799173504114 374.0705710016191 128.88059101253748 36.882962327450514 173.70637537539005 37.90490943659097 63.3918571844697 3.1266104802489298 10.897902043536304 7.5821685753762722 67.47873174212873 92.409710265696049 101.32153719104826 4.957135219126938 3.5309507381170988 9.0325279906392115 5.524200201034545 4.5561438575386992
leaf_count=56837 13854 2444 42 390 32751 276 33 311 2701 244 31 13479 1156 2429 686 196 997 263 421 24 104 49 755 527 657 39 28 58 42 30
internal_value=9.6348e-05 -0.000238061 0.00775758 -0.00039879 -0.000440737 0.00297847 0.00840042 0.00303493 0.00593454 -0.0181554 -0.055482 0.000157294 -0.00152685 -0.00460794 -0.00904212 -0.0131918 -0.010989 0.000795358 0.00846453 -0.00280989 -0.0262519 -0.0625826 0.0237483 -9.01994e-05 -0.00682568 0.0116929 -0.0257949 -0.0052359 -0.0292716 -0.0473416
internal_weight=21826.2 19557 385.388 19171.7 19131.9 2269.18 420.541 311.606 279.273 31.3899 9.33217 13200.6 3627.07 1146.3 578.501 358.583 321.7 9573.51 381.834 84.9985 21.6067 10.7088 108.935 567.802 193.731 296.835 8.48809 192.819 19.1129 13.5887
internal_count=131854 113649 3151 110498 110108 18205 4351 3320 3009 308 64 77357 20257 6778 3165 2009 1813 57100 3109 598 177 73 1031 3613 1184 2511 67 1127 130 88
is_linear=0
shrinkage=0.05


Tree=98
num_leaves=31
num_cat=0
split_feature=6 9 4 5 16 4 10 14 4 17 7 1 11 17 8 17 14 7 17 14 8 5 16 16 14 3 14 2 14 5
split_gain=8.99196 7.95961 8.84045 7.13475 6.1583 6.49073 7.38947 6.63363 9.52252 5.78155 6.60805 5.98538 5.80416 6.73523 8.20347 8.27162 12.706 7.40955 5.90224 5.6348 6.00166 5.8863 5.37221 11.7163 6.14281 5.32915 5.32449 9.16793 8.91345 5.70351
threshold=1.0000000180025095e-35 1.0000000180025095e-35 10.500000000000002 43.500000000000007 9.5000000000000018 12.500000000000002 2.5000000000000004 13.000000000000002 17.500000000000004 71.500000000000014 2.5000000000000004 1.0000000180025095e-35 1.0000000180025095e-35 11.500000000000002 1.5000000000000002 50.500000000000007 21.000000000000004 2.5000000000000004 1.0000000180025095e-35 1.0000000180025095e-35 1.5000000000000002 1.0000000180025095e-35 15.500000000000002 16.500000000000004 11.000000000000002 1.5000000000000002 39.000000000000007 1.5000000000000002 49.000000000000007 1.5000000000000002
decision_type=2 2 2 2 2 2 2 2 2 2 2 2 2 2 2 2 2 2 2 2 2 2 2 2 2 2 2 2 2 2
left_child=1 2 9 -3 -2 22 7 -7 -9 11 -11 19 13 17 -15 -16 -17 -13 -19 20 21 25 -6 -24 -25 -1 -20 28 -28 -29
right_child=4 3 -4 -5 5 6 -8 8 -10 10 -12 12 -14 14 15 16 -18 18 26 -21 -22 -23 23 24 -26 -27 27 29 -30 -31
leaf_value=-0.020088128086427574 -0.002336619600474862 -0.0012314227138058142 0.014559274353243425 0.037228847779900223 0.0063744152541330397 -0.062032813731880777 0.041815403367409465 -0.069868945319141409 -0.0024237568287243522 0.012090220959519577 -0.059949285304255834 0.0021899844523578338 -0.0004712428215717493 0.008270613815822064 -0.0032355341397031648 -0.13313505754076038 -0.0097089841596165391 0.01322356509004494 -0.0097682485521597851 -0.00072135220907067112 0.035104220305788934 -0.030317007027166849 -0.024999511599205743 -0.008687281249271114 0.0029070101823088119 0.038341880797246514 -0.053736729936538719 -0.044653551752946608 0.047058598086276063 -0.11942582242587374
leaf_weight=8.9347327649593336 5492.3365970840678 4570.0780531903729 125.58272944111377 12.090431178919969 466.16876338049769 8.5093295155093056 5.007959538139402 6.2374329920858136 32.514709517359734 157.11310346331447 3.2490859851241103 4622.7773008504882 2131.3431612402201 730.32201952673495 43.7352783549577 3.3431895673274976 5.5411482769995928 20.094507362693548 64.849048279225826 2330.0931681953371 5.2933521121740332 42.007275465875864 45.359854934737086 135.6835836134851 722.85235987976193 6.9284256249666205 4.0929873362183589 8.7367164120078069 4.7257557660341263 3.6017530169337979
leaf_count=45 30776 26961 1429 259 2740 92 49 78 353 1301 26 29000 13242 5387 289 24 39 114 364 12603 27 231 277 918 5069 37 22 46 25 27
internal_value=-8.70561e-05 0.000604304 0.00137415 -0.00112994 -0.00157728 0.00135491 -0.0159378 -0.0220575 -0.0132795 0.00121176 0.0106306 0.00106127 0.00174452 0.00260133 0.00689682 -0.0121704 -0.0561544 0.00189014 -0.0111739 -0.0011208 -0.0158564 -0.0205177 0.00201465 -0.000233828 0.00107464 0.00543188 -0.0168742 -0.0386546 0.000277101 -0.0664805
internal_weight=21819.2 14904.5 10322.4 4582.17 6914.67 1422.33 52.2694 47.2615 38.7521 10196.8 160.362 10036.4 7643.16 5511.82 782.942 52.6196 8.88434 4728.88 106.101 2393.26 63.1638 57.8704 1370.06 903.896 858.536 15.8632 86.0063 21.1572 8.81874 12.3385
internal_count=131850 91498 64278 27220 40352 9576 572 523 431 62849 1327 61522 48579 35337 5739 352 63 29598 598 12943 340 313 9004 6264 5987 82 484 120 47 73
is_linear=0
shrinkage=0.05


Tree=99
num_leaves=31
num_cat=0
split_feature=10 1 4 16 11 0 0 0 4 4 15 7 6 7 16 15 15 17 1 9 15 0 8 17 0 2 0 4 17 14
split_gain=8.62999 8.41808 8.8972 7.97473 7.14604 7.11633 8.04869 7.33766 7.12637 7.07337 6.66101 7.03184 9.28132 6.75666 6.28012 6.12423 6.18002 6.52118 8.08788 6.05202 5.89846 5.7886 5.77547 5.68202 5.99409 6.16924 9.97659 7.91756 7.01757 5.48463
threshold=1.5000000000000002 1.5000000000000002 1.5000000000000002 7.5000000000000009 1.0000000180025095e-35 3.5000000000000004 28.500000000000004 34.500000000000007 3.5000000000000004 2.5000000000000004 1.0000000180025095e-35 1.0000000180025095e-35 1.0000000180025095e-35 3.5000000000000004 3.5000000000000004 11.500000000000002 19.500000000000004 1.0000000180025095e-35 4.5000000000000009 2.5000000000000004 6.5000000000000009 4.5000000000000009 15.500000000000002 40.500000000000007 4.5000000000000009 1.5000000000000002 8.5000000000000018 3.5000000000000004 2.5000000000000004 21.000000000000004
decision_type=2 2 2 2 2 2 2 2 2 2 2 2 2 2 2 2 2 2 2 2 2 2 2 2 2 2 2 2 2 2
left_child=1 -1 -3 5 -5 -4 10 8 -8 -9 23 -12 13 -13 29 20 -17 -18 -19 -6 -14 -22 -2 24 -7 26 27 28 -26 -11
right_child=22 2 3 4 19 6 7 9 -10 14 11 12 15 -15 -16 16 17 18 -20 -21 21 -23 -24 -25 25 -27 -28 -29 -30 -31
leaf_value=-0.00057417663655898816 -0.0026921385256045965 1.5106459324707244e-05 0.0004751915687660981 0.0086821529403858198 0.001717251882237016 0.0098143162259048313 -0.013609244774756347 -0.037312635335143216 -0.11446412667628647 0.015713572948064813 0.013131994350144352 0.013454493144494798 -0.0087416702388842717 -0.074835797273490601 0.03260046328225813 0.048818211168874553 -0.070821789569187721 -0.018242415655022048 0.045929107402597202 -0.035585882510915573 -0.082681085441884947 -0.019504821291237678 -0.066833348751716121 0.041472999369298186 0.0064448019696395215 -0.028267417507390275 0.062700781242130396 0.026719962327767983 -0.076917855000440127 -0.024514586457169838
leaf_weight=9860.8259456064552 2287.0491381371394 4926.919593250379 2580.091830516234 943.4011510098353 381.23254009243101 32.796325320377946 3.9137108623981467 13.293458715081213 3.1703580319881439 14.723590623587368 412.63484602514654 119.68167325947434 65.951045911759138 2.2068941276520482 13.649897921830414 7.9534022547304657 3.0161664001643684 12.022733733057978 8.2997084511443955 11.192219423130153 5.7725722044706336 9.749725900590418 3.5149537511169902 6.30193325318396 4.3343230709433609 40.425280837342143 5.530368246138095 6.9924510270357123 6.0461710840463638 19.957450341433287
leaf_count=54784 12653 28815 16699 8310 3346 237 26 81 35 107 3840 1078 456 18 105 67 22 91 98 89 36 74 18 76 26 369 37 47 37 136
internal_value=0.000112874 0.00045354 0.00150249 0.00305037 0.00632353 0.00176381 0.0058262 -0.0105528 -0.0587452 -0.00501278 0.00732727 0.00920205 0.00229131 0.0118559 0.00387132 -0.00804712 0.0107547 -0.00221675 0.00796531 0.000653341 -0.0152684 -0.0429994 -0.00279057 -0.00452043 -0.00753575 -0.0165209 0.00421213 -0.0144067 -0.0421102 -0.00743601
internal_weight=21812.7 19522.1 9661.26 4734.34 1335.83 3398.52 818.424 68.7085 7.08407 61.6244 749.716 647.289 234.654 121.889 48.3309 112.765 31.292 23.3386 20.3224 392.425 81.4733 15.5223 2290.56 102.427 96.1249 63.3286 22.9033 17.3729 10.3805 34.681
internal_count=131813 119142 64358 35543 11745 23798 7099 490 61 429 6609 5780 1940 1096 348 844 278 211 189 3435 566 110 12671 829 753 516 147 110 63 243
is_linear=0
shrinkage=0.05


Tree=100
num_leaves=31
num_cat=0
split_feature=16 15 3 16 17 14 1 15 1 0 3 1 14 1 14 5 3 8 15 17 0 2 0 3 17 15 14 16 14 15
split_gain=9.34317 6.89956 7.70625 6.45645 6.29285 10.2688 6.12882 6.21634 6.11923 9.87096 7.85522 7.01325 9.19548 6.23016 6.05405 9.01498 6.97036 5.99168 5.90159 5.89886 5.71389 5.66194 6.03837 7.53143 6.68066 9.03651 7.64056 6.59518 6.43795 7.05258
threshold=64.500000000000014 31.500000000000004 60.500000000000007 78.500000000000014 52.500000000000007 47.000000000000007 43.500000000000007 63.500000000000007 5.5000000000000009 28.500000000000004 5.5000000000000009 26.500000000000004 7.0000000000000009 49.500000000000007 21.000000000000004 2.5000000000000004 1.5000000000000002 1.0000000180025095e-35 6.5000000000000009 10.500000000000002 63.500000000000007 1.0000000180025095e-35 1.0000000180025095e-35 6.5000000000000009 1.0000000180025095e-35 2.5000000000000004 1.0000000180025095e-35 36.500000000000007 43.000000000000007 60.500000000000007
decision_type=2 2 2 2 2 2 2 2 2 2 2 2 2 2 2 2 2 2 2 2 2 2 2 2 2 2 2 2 2 2
left_child=4 2 19 -4 8 6 7 -6 17 10 13 12 -11 -10 16 -16 -15 21 -17 -2 -8 -1 23 24 -23 26 -26 28 29 -25
right_child=1 -3 3 -5 5 -7 20 -9 9 11 -12 -13 -14 14 15 18 -18 -19 -20 -21 -22 22 -24 27 25 -27 -28 -29 -30 -31
leaf_value=-0.0014056903176806188 0.0015318273267746719 0.017891850633637921 0.00046442125459473881 -0.13737992283952039 0.0013033822485020981 0.018635782219061359 -0.051600268724962178 0.019279177626989538 0.003579315036301314 -0.09755024808143864 0.014736689678960616 -0.0014183242917982443 -0.018856393959092606 -0.025299744429962447 -0.065295640580608938 -0.038904300615133551 0.046170309006661997 -0.0018531278473196784 0.047253090507493989 0.015153910121434539 0.014229879719261478 0.0058844722974756214 0.0015173638475481106 -0.037210581585128778 -0.035838034748765527 0.00072828812485897462 -0.0058849377470209874 0.047654939911701 0.0080855118340687707 0.03483016840836687
leaf_weight=4425.3840652089566 402.44928770232946 103.36249019671232 1.6323999995365732 1.7712013423442838 640.47553258016706 106.33805868774652 9.9459089078009111 51.999582832679152 936.6552012488246 4.0788148343563071 161.49494371749461 81.763959182426333 41.301872294396162 7.6001479104161245 11.310282595455648 3.9742507189512244 6.190076544880867 6083.0406735073775 3.9760527834296227 99.028912774287164 4.9302492775022975 292.07259497046471 6630.5815963316709 42.415256939828396 22.040615811944008 966.76204641535878 625.39563230425119 3.5386895090341559 13.266090579330919 3.6930825859308234
leaf_count=23478 3104 1249 19 22 4855 862 88 586 7242 32 2242 523 314 43 63 30 43 33240 34 982 32 1589 41741 251 116 5480 3365 25 82 26
internal_value=1.25889e-05 0.00612243 0.00371293 -0.0712684 -0.000162871 0.00414892 0.00197107 0.00265323 -0.000335137 0.00304216 0.00452683 -0.0101669 -0.0259294 0.00282648 -0.0185088 -0.0366161 0.00678132 -0.000557544 0.00418416 0.00422183 -0.0297829 4.75224e-05 0.000795336 -0.00163585 -0.0010741 -0.00233319 -0.00690463 -0.0186569 -0.0226091 -0.0314404
internal_weight=21788.5 608.244 504.882 3.4036 21180.2 813.689 707.351 692.475 20366.5 1258.35 1131.2 127.145 45.3807 969.706 33.0508 19.2606 13.7902 19108.2 7.9503 501.478 14.8762 13025.1 8599.77 1969.18 1906.27 1614.2 647.436 62.9131 59.3744 46.1083
internal_count=131758 5376 4127 41 126382 6423 5561 5441 119959 10566 9697 869 346 7455 213 127 86 109393 64 4086 120 76153 52675 10934 10550 8961 3481 384 359 277
is_linear=0
shrinkage=0.05


Tree=101
num_leaves=31
num_cat=0
split_feature=5 10 5 4 3 2 11 3 14 4 14 0 0 1 16 14 5 17 17 14 14 16 3 6 14 16 7 5 11 16
split_gain=7.61557 7.26051 8.07554 7.4194 7.83427 7.16744 8.71874 7.92445 8.44935 6.93167 8.37628 6.75294 7.08979 13.9631 6.61917 8.60812 6.04411 8.97421 8.13397 5.98948 8.32638 5.95666 5.65287 5.58748 5.55638 5.55628 7.57709 7.83341 6.5946 12.7582
threshold=56.500000000000007 1.0000000180025095e-35 12.500000000000002 1.0000000180025095e-35 1.0000000180025095e-35 2.5000000000000004 3.5000000000000004 14.500000000000002 57.000000000000007 16.500000000000004 15.000000000000002 3.5000000000000004 52.500000000000007 17.500000000000004 59.500000000000007 3.0000000000000004 6.5000000000000009 37.500000000000007 3.5000000000000004 17.000000000000004 11.000000000000002 139.50000000000003 3.5000000000000004 1.0000000180025095e-35 23.000000000000004 26.500000000000004 1.0000000180025095e-35 2.5000000000000004 1.0000000180025095e-35 2.5000000000000004
decision_type=2 2 2 2 2 2 2 2 2 2 2 2 2 2 2 2 2 2 2 2 2 2 2 2 2 2 2 2 2 2
left_child=1 2 3 16 14 24 7 8 11 -4 23 -7 -13 -14 -5 -16 19 18 22 20 -1 -3 -18 -11 -6 28 27 -27 -10 -30
right_child=-2 21 9 4 5 6 -8 -9 25 10 -12 12 13 -15 15 -17 17 -19 -20 -21 -22 -23 -24 -25 -26 26 -28 -29 29 -31
leaf_value=-0.0013514178178512869 0.032894756932753663 -0.0012016721949950002 0.02659494148345698 -0.0015597825034001488 -0.00059779591030720758 0.0040671439653023568 -0.045332464756368297 -0.011132741184368846 0.0032275399191840056 -0.016783603618279973 0.011894871896707217 0.010938734993076956 -0.11249817500928133 0.0063742762937451323 -0.05726599782662696 0.020911043209483112 -0.013853682989019815 0.036065368785905487 -0.035140185114514402 -0.0017562391593422119 0.0062986345359043738 0.025896642881015276 0.025877129495175861 -0.10464261408829056 0.002724197230993979 -0.12403574150093562 0.021442497370271887 -0.0077657947756856029 -0.084197736151961758 0.004216208836782461
leaf_weight=787.20861050486565 17.842982503585517 6892.7549034934491 55.938222233206034 2119.9028382152319 2332.3443124741316 1842.5984932910651 8.7748753726482374 77.723547119647264 45.231023460626602 5.3571229204535467 25.631868484430015 590.72370046656579 3.4663109462708226 8.5977613478898984 3.7713075801730147 53.09377110004425 38.414659723639488 8.4418952912092191 38.58108713850379 3339.8777771480381 648.86480270698667 20.339382601901889 11.673190575093029 2.7326894551515579 2734.5222530029714 3.7966687269508821 2.6535362061113119 2.3423554431647062 7.1240171119570759 9.549909904599188
leaf_count=4187 528 40131 994 11825 14149 12733 69 584 332 71 316 6009 28 54 25 390 251 66 271 17858 3485 205 92 31 16598 30 25 32 46 71
internal_value=0.000242793 0.000215972 0.000840537 0.00074941 0.00153914 0.00229052 0.00442325 0.00459158 0.00507731 0.0158008 -0.00210487 0.00556997 0.0101638 -0.0277808 -0.00110821 0.0157263 -0.000846267 -0.0131953 -0.0178852 -0.000595171 0.00210513 -0.00112194 -0.00459424 -0.0464618 0.00119504 -0.0119635 -0.0491568 -0.0796727 -0.00668084 -0.0335591
internal_weight=21739.9 21722 14808.9 14719.3 9846.22 7669.45 2602.58 2593.81 2516.08 89.6599 33.7217 2445.39 602.788 12.0641 2176.77 56.8651 4873.06 97.1108 88.6689 4775.95 1436.07 6913.09 50.0879 8.08981 5066.87 70.6975 8.79256 6.13902 61.905 16.6739
internal_count=131486 130958 90622 89210 63000 50760 20013 19944 19360 1412 418 18824 6091 82 12240 415 26210 680 614 25530 7672 40336 343 102 30747 536 87 62 449 117
is_linear=0
shrinkage=0.05


Tree=102
num_leaves=31
num_cat=0
split_feature=7 16 15 0 2 4 5 9 5 4 5 0 15 15 15 5 3 1 2 3 5 0 0 3 3 1 16 16 1 1
split_gain=8.98284 7.54415 8.12367 8.43848 7.64084 7.41459 7.63198 7.12868 7.09954 8.174 8.55158 8.06399 7.25749 13.0501 5.98967 5.77282 5.67405 7.63844 5.9593 5.6342 5.33755 7.71771 5.28255 5.22668 5.1668 6.43644 5.08191 7.35681 5.03017 6.18108
threshold=1.0000000180025095e-35 47.500000000000007 50.500000000000007 33.500000000000007 54.500000000000007 4.5000000000000009 14.500000000000002 1.0000000180025095e-35 53.500000000000007 21.500000000000004 24.500000000000004 2.5000000000000004 71.500000000000014 43.500000000000007 8.5000000000000018 4.5000000000000009 8.5000000000000018 19.500000000000004 1.0000000180025095e-35 2.5000000000000004 2.5000000000000004 1.0000000180025095e-35 1.5000000000000002 69.500000000000014 62.500000000000007 62.500000000000007 3.5000000000000004 19.500000000000004 17.500000000000004 34.500000000000007
decision_type=2 2 2 2 2 2 2 2 2 2 2 2 2 2 2 2 2 2 2 2 2 2 2 2 2 2 2 2 2 2
left_child=5 4 7 -4 -2 6 28 -3 9 10 11 14 13 -12 20 -13 17 -17 -18 -15 -7 26 -6 24 25 -11 -22 -28 -1 -30
right_child=1 2 3 -5 22 8 -8 -9 -10 23 12 15 -14 19 -16 16 18 -19 -20 -21 21 -23 -24 -25 -26 -27 27 -29 29 -31
leaf_value=0.00050246046445434048 -0.0015549838790867071 0.0090226858668878054 0.032263537771413039 -0.07938489657057389 -0.058210850256202609 0.0087401247485040575 0.026250795837997623 -0.0068628210107521889 0.041322748025229124 -0.010039594760869908 0.0014744528377770216 0.0074132960954983954 0.037500327380447694 -0.069927603514917502 -0.003713087412348744 0.016509571325324907 -0.064941924315664409 -0.091001104342551584 0.048630066530275844 -0.17637955274388342 -0.0003572029131217961 0.0049872057312311691 -0.013604649619848403 0.03861229813079347 -0.0557163923948851 0.061590777199447472 -0.048310009915523047 0.002124038102994965 -0.040144313522363646 -0.0035744466139481
leaf_weight=13223.359567249194 6569.6575486892834 191.06915275286883 37.735763160511851 1.7718489132821549 8.9258640296757203 374.58726365864277 28.701890654861927 112.03271297365427 12.749803177081047 113.59165589138865 5.5296017909422499 416.82460513338447 2.8070071805268517 3.5095343142747879 276.63108204677701 92.950537655502558 1.2210395522415662 1.682015249505638 21.365197260864079 1.9246374778449533 25.578149266541004 135.87212876975536 25.887283264659345 5.6958772093057624 5.9790690690278998 3.2251498885452738 20.305142458528284 11.229632396250961 16.614231737330556 37.942479953169823
leaf_count=77651 37508 1549 466 20 53 2246 471 830 333 831 80 3425 47 34 2028 1449 13 20 608 20 174 1077 173 40 37 26 136 88 119 233
internal_value=0.000180354 -0.0013035 0.00593074 0.0272563 -0.00167878 0.000875002 0.000495623 0.00315107 0.00416749 0.00385594 0.00496974 0.00536147 -0.0342365 -0.052603 0.00231956 0.01017 0.0199729 0.0145987 0.0424902 -0.10763 0.00525983 -0.00149547 -0.0250414 -0.00821046 -0.0103823 -0.00806198 -0.0169178 -0.0303503 0.00043995 -0.0147111
internal_weight=21787 6947.08 342.609 39.5076 6604.47 14839.9 13306.6 303.102 1533.26 1520.51 1392.02 1378.25 13.7708 10.9638 844.203 534.043 117.219 94.6326 22.5862 5.43417 567.572 192.985 34.8131 128.492 122.796 116.817 57.1129 31.5348 13277.9 54.5567
internal_count=131785 40599 2865 486 37734 91186 78474 2379 12712 12379 11445 11264 181 134 5749 5515 2090 1469 621 54 3721 1475 226 934 894 857 398 224 78003 352
is_linear=0
shrinkage=0.05


Tree=103
num_leaves=31
num_cat=0
split_feature=0 15 1 16 14 9 1 14 16 1 1 5 16 2 17 1 4 5 17 14 5 1 8 14 6 15 6 1 5 8
split_gain=7.90664 7.45123 7.00818 7.04515 5.97227 11.8535 5.95477 11.072 9.00943 9.06343 6.44703 6.92171 6.71556 5.8383 7.11919 5.35554 5.32011 8.30122 7.42866 7.40404 5.82545 5.23956 5.32279 5.0091 10.4655 6.50841 7.89512 5.00043 8.84784 5.63265
threshold=4.5000000000000009 2.5000000000000004 7.5000000000000009 13.500000000000002 57.000000000000007 1.0000000180025095e-35 18.500000000000004 11.000000000000002 6.5000000000000009 60.500000000000007 44.500000000000007 1.5000000000000002 36.500000000000007 54.500000000000007 3.5000000000000004 22.500000000000004 31.500000000000004 4.5000000000000009 74.500000000000014 21.000000000000004 42.500000000000007 1.0000000180025095e-35 13.500000000000002 7.0000000000000009 4.5000000000000009 4.5000000000000009 2.5000000000000004 2.5000000000000004 27.500000000000004 1.0000000180025095e-35
decision_type=2 2 2 2 2 2 2 2 2 2 2 2 2 2 2 2 2 2 2 2 2 2 2 2 2 2 2 2 2 2
left_child=2 6 21 4 13 -6 -2 -8 15 10 11 -10 -13 -4 -15 -9 17 18 -3 20 -18 -1 23 24 25 -23 -27 28 -19 -30
right_child=1 16 3 -5 5 -7 7 8 9 -11 -12 12 -14 14 -16 -17 19 27 -20 -21 -22 22 -24 -25 -26 26 -28 -29 29 -31
leaf_value=-0.0017006875963563426 0.00053882973556916439 0.0034407705525225508 0.0058436743981165216 0.020666995029622676 -0.080213741073934669 0.045322930374163357 0.026364852925169546 -0.071216398193878913 -0.10486045702465568 0.012264478759272505 -0.1119918206977335 -0.058311698090498409 0.056873022057590344 0.0066759982484331758 -0.069756649628101172 -0.0051255296302180229 -0.051137320985867013 0.0087467043292415794 0.038767190340932248 0.0037270889239746927 0.032974757994480484 0.00053158275538372276 -0.053805828843102269 0.0005203495391642133 -0.060942594592565236 -0.0069258076781390969 0.033816504798954553 0.020009501303573457 -0.016474864876306599 -0.12824618617171693
leaf_weight=5072.9200406298041 819.39882549829781 1103.8678794614971 290.04251841455698 71.48824187554419 5.6200628057122213 2.8258490320295095 13.420732812955974 3.3480536434799424 2.9186917692422885 4.0818957053124896 5.9299529194831839 2.9262320455163717 2.2295578140765429 6.448885487392543 5.7746314443647861 36.283004203811288 13.882184309884908 92.777158552780747 15.085019536316393 27.985313274897635 2.4168947488069525 884.93829459324479 4.5653447806835166 12523.086256900802 7.6273809596896163 612.40390462055802 12.126144357025622 144.98576553538442 2.7839532457292071 1.8940412010997532
leaf_count=26834 5879 7650 2308 775 42 23 101 25 17 34 37 28 32 36 47 241 101 843 146 284 62 5078 21 74626 35 3840 63 2555 43 25
internal_value=0.000137424 0.00291257 -0.000189365 0.00651456 0.00325838 -0.0382114 -0.000665874 -0.0145422 -0.0240541 -0.0532961 -0.0724052 -0.0433325 -0.00850148 0.00441713 -0.0294323 -0.0107089 0.00517962 0.0057344 0.00391702 -0.0118755 -0.0386648 -0.00032339 0.000174086 0.000191639 -0.00252175 -0.00222655 -0.00613474 0.0141223 0.00536375 -0.0617292
internal_weight=21796.1 2296.22 19499.9 382.2 310.712 8.44591 890.537 71.1381 57.7174 18.0863 14.0044 8.07448 5.15579 302.266 12.2235 39.6311 1405.68 1361.39 1118.95 44.2844 16.2991 19117.7 14044.7 14040.2 1517.1 1509.47 624.53 242.441 97.4552 4.67799
internal_count=131831 18103 113728 3231 2456 65 6394 515 414 148 114 77 60 2391 83 266 11709 11262 7796 447 163 110497 83663 83642 9016 8981 3903 3466 911 68
is_linear=0
shrinkage=0.05


Tree=104
num_leaves=31
num_cat=0
split_feature=4 2 17 11 15 16 0 4 17 4 1 14 4 14 14 17 1 15 15 2 4 0 2 6 0 14 11 17 10 15
split_gain=11.194 10.9792 7.13855 7.43705 6.54804 6.38813 6.85738 6.77043 6.14244 5.85307 9.05275 6.81394 6.10859 6.52115 6.07743 7.40191 9.18207 6.53749 6.77727 6.20485 6.60553 5.89816 5.80057 5.7475 5.74904 5.58657 7.58992 8.94059 6.37697 6.53516
threshold=1.0000000180025095e-35 3.5000000000000004 99.500000000000014 1.0000000180025095e-35 86.500000000000014 9.5000000000000018 59.500000000000007 13.500000000000002 123.50000000000001 2.5000000000000004 1.0000000180025095e-35 45.000000000000007 4.5000000000000009 53.000000000000007 39.000000000000007 1.5000000000000002 25.500000000000004 2.5000000000000004 77.500000000000014 12.500000000000002 1.5000000000000002 1.0000000180025095e-35 5.5000000000000009 10.500000000000002 53.500000000000007 17.000000000000004 1.0000000180025095e-35 25.500000000000004 2.5000000000000004 16.500000000000004
decision_type=2 2 2 2 2 2 2 2 2 2 2 2 2 2 2 2 2 2 2 2 2 2 2 2 2 2 2 2 2 2
left_child=4 5 3 9 25 6 23 8 -7 14 11 -11 13 22 -3 16 -16 19 -19 20 21 -17 -13 24 -2 28 -27 -28 29 -1
right_child=1 2 -4 -5 -6 7 -8 -9 -10 10 -12 12 -14 -15 15 17 -18 18 -20 -21 -22 -23 -24 -25 -26 26 27 -29 -30 -31
leaf_value=-0.00081227681029175471 -0.00058089075994838453 0.0044737467515985757 0.027226775508107089 -0.00091715628903356111 0.01476629725640945 0.0023501961299350338 0.042513200320482739 -0.013031964625764326 0.042472488803298528 0.0016261728849808017 0.0096193053250882496 -0.038309091988280718 0.0035549271423395627 -0.0090122903197622211 0.011061897212161624 -0.043162232547226086 -0.068910066567507089 0.00059910088661043869 -0.05562692634632968 0.04080423657252194 -0.041115796756766042 -0.0018768285937090263 -0.11393710052609402 -0.046385667966823745 -0.043239977761305635 -0.0017085971674580553 -0.0076073422152206334 0.0094716957084207305 -0.051537467858659695 0.0087489465973734446
leaf_weight=1391.5103103518486 10587.481496552005 804.26888071373105 30.923235560767353 832.01923510618508 57.166520912200212 2694.7024827431887 9.2130217626690847 72.105188670568168 9.5730352625250799 121.33887351490557 812.93747236952186 6.3676226586103493 11.688887283205984 8.1979994177818281 89.802471309900284 11.277265131473539 3.7386907041072837 120.99120238237083 5.6078534033149472 4.0025522112846366 30.777023408561945 37.146577544510365 4.212801031768322 6.862492859363555 7.9038080759346476 2487.3830284047872 1166.883165512234 82.012083683162928 5.9284337647259227 205.05449972487986
leaf_count=7379 60179 5373 383 6585 430 17718 59 633 95 786 8241 39 78 50 575 61 22 834 47 25 207 234 28 31 50 13432 6116 527 31 1226
internal_value=-9.16552e-05 0.000560985 0.00333036 0.00307594 -0.00206594 -4.62046e-05 -0.000604872 0.00208905 0.00249223 0.0046791 0.0075263 -0.00368196 -0.0248221 -0.0424857 0.00219916 -0.00383156 0.00786555 -0.00904676 -0.0018915 -0.0199339 -0.0230034 -0.0114916 -0.0684219 -0.00064234 -0.000612713 -0.00224618 -0.00330543 -0.0064858 0.000223516 0.000415717
internal_weight=21719.1 16323.1 2935.3 2904.38 5395.94 13387.8 10611.5 2776.38 2704.28 2072.36 964.744 151.806 30.4673 18.7784 1107.61 303.344 93.5412 209.802 126.599 83.2034 79.2009 48.4238 10.5804 10602.2 10595.4 5338.77 3736.28 1248.9 1602.49 1596.56
internal_count=131474 102333 23568 23185 29141 78765 60319 18446 17813 16600 9222 981 195 117 7378 2005 597 1408 881 527 502 295 67 60260 60229 28711 20075 6643 8636 8605
is_linear=0
shrinkage=0.05


Tree=105
num_leaves=31
num_cat=0
split_feature=5 1 16 3 4 4 15 14 5 1 17 5 4 17 14 0 5 0 17 15 15 17 17 15 4 16 0 10 15 11
split_gain=9.38914 7.15246 7.24846 7.07419 7.41957 7.13425 8.314 6.84437 6.44805 5.88163 5.33577 9.76703 9.08657 5.87531 5.21905 5.02126 4.87084 5.956 7.77993 7.12139 10.7836 10.7776 5.8992 10.2647 10.836 8.65505 11.9585 6.41845 5.89818 5.59126
threshold=60.500000000000007 4.5000000000000009 113.50000000000001 77.500000000000014 51.500000000000007 54.500000000000007 49.500000000000007 45.000000000000007 8.5000000000000018 123.50000000000001 50.500000000000007 46.500000000000007 7.5000000000000009 64.500000000000014 7.0000000000000009 3.5000000000000004 1.5000000000000002 11.500000000000002 25.500000000000004 47.500000000000007 79.500000000000014 18.500000000000004 32.500000000000007 11.500000000000002 1.5000000000000002 9.5000000000000018 2.5000000000000004 1.0000000180025095e-35 24.500000000000004 1.0000000180025095e-35
decision_type=2 2 2 2 2 2 2 2 2 2 2 2 2 2 2 2 2 2 2 2 2 2 2 2 2 2 2 2 2 2
left_child=1 3 8 4 10 6 -6 -7 -3 -10 16 14 -13 -14 15 -12 22 -18 19 21 -21 28 29 24 -24 -26 27 -27 -19 -1
right_child=-2 2 -4 -5 5 7 -8 -9 9 -11 11 12 13 -15 -16 -17 17 18 -20 20 -22 -23 23 -25 25 26 -28 -29 -30 -31
leaf_value=-0.00037966335888667811 0.043751521020314529 0.0018805983406474215 0.032126525085335506 -0.065535358444387584 -0.020663385908251609 -0.021753439851428656 -0.12191223907279303 0.040007876584312874 0.016659843199045274 -0.090925176139805927 -0.011538160279032331 0.017669932447729266 -0.15878182460910562 -0.045022034807294643 0.0060928564366048849 0.016438439753656962 0.00061272713982137939 -0.010313245178342222 0.059053018426090148 -0.11358541982532847 0.0099773956048738333 -0.097810711780275519 -0.0024782376797121866 0.016649827390391163 -0.022130872549973635 0.0061008974192046711 -0.14018737865903097 -0.083256633952955114 0.060131010474653135 -0.003344223343652062
leaf_weight=7964.9251424670219 12.284771327860652 2043.5665594041348 20.808002803474665 4.15149320103228 4.845545116811989 25.560161879286174 3.4863468110561371 5.4406392071396104 93.771343438886106 1.2878285013139237 82.058930024504662 2.7938059754669657 2.0817211531102657 2.4956869501620531 651.9842825923115 19.934704368934035 8608.0110498294234 62.869748715311289 3.5731044337153426 4.3420746065676203 2.9759282059967518 3.4362094663083544 70.529383160173893 28.848362952470779 54.890143945813179 4.4604975730180723 3.9547505974769583 3.6573288440704346 3.1188451871275893 1987.3229079060256
leaf_count=42449 429 15805 310 27 26 162 22 38 1878 9 550 51 22 35 4781 179 53342 438 37 41 27 26 380 183 313 30 27 20 26 10096
internal_value=5.19835e-05 2.73252e-05 0.00275847 -0.000273399 -0.000259581 -0.0219539 -0.0630293 -0.0109143 0.00247273 0.0152023 -0.000215975 0.00388757 -0.053388 -0.0967579 0.00444752 -0.00607012 -0.000382097 0.000486274 -0.0130665 -0.0164244 -0.0633375 -0.0114793 -0.00112772 -0.010466 -0.0161554 -0.0305611 -0.0688908 -0.0341574 -0.00698381 -0.000971644
internal_weight=21783.5 21771.2 2159.43 19611.7 19607.6 39.3327 8.33189 31.0008 2138.63 95.0592 19568.3 761.349 7.37121 4.57741 753.978 101.994 18806.9 8688.33 80.3159 76.7428 7.318 69.4248 10118.6 166.34 137.492 66.9627 12.0726 8.11783 65.9886 9952.25
internal_count=131759 131330 18002 113328 113301 248 48 200 17692 1887 113053 5618 108 57 5510 729 107435 53937 595 558 68 490 53498 953 770 390 77 50 464 52545
is_linear=0
shrinkage=0.05


Tree=106
num_leaves=31
num_cat=0
split_feature=8 5 6 4 15 5 6 5 5 17 9 0 0 15 15 0 0 10 15 15 6 16 4 16 1 15 1 1 4 14
split_gain=7.4974 9.29823 8.28608 6.97183 6.16434 10.1984 12.6398 7.71028 7.38312 5.98349 5.47033 8.28669 7.09914 6.78383 8.80247 7.63362 6.48203 7.49632 10.1999 6.41678 6.08622 6.02692 6.86314 5.58501 11.4681 5.43949 13.1117 5.28745 5.24135 8.61294
threshold=1.0000000180025095e-35 55.500000000000007 5.5000000000000009 31.500000000000004 12.500000000000002 46.500000000000007 1.0000000180025095e-35 17.500000000000004 9.5000000000000018 59.500000000000007 1.0000000180025095e-35 48.500000000000007 6.5000000000000009 30.500000000000004 26.500000000000004 17.500000000000004 3.5000000000000004 1.5000000000000002 39.500000000000007 53.500000000000007 3.5000000000000004 32.500000000000007 10.500000000000002 7.5000000000000009 1.5000000000000002 62.500000000000007 3.5000000000000004 9.5000000000000018 1.0000000180025095e-35 1.0000000180025095e-35
decision_type=2 2 2 2 2 2 2 2 2 2 2 2 2 2 2 2 2 2 2 2 2 2 2 2 2 2 2 2 2 2
left_child=1 2 3 4 7 8 9 -1 10 -7 12 16 20 14 15 -14 -12 21 -19 -20 27 22 23 -18 -25 -26 -27 -6 29 -2
right_child=28 -3 -4 -5 5 6 -8 -9 -10 -11 11 -13 13 -15 -16 -17 17 18 19 -21 -22 -23 -24 24 25 26 -28 -29 -30 -31
leaf_value=1.8556413840577537e-07 -0.02398594295683926 0.044367714535159107 -0.019956684255232515 -0.01261858940566897 0.0030625954526247974 -0.054054556605823471 -0.16041932760389138 0.03081343649673092 0.019538095543518874 0.054056087013519771 -0.0025879849275734176 -0.058205510636658402 0.021037982197394736 0.029151114620707075 -0.05945836378527887 -0.030554040140953944 0.017016440375904992 0.018107115937055739 -0.13109623678630206 -0.031711033604667892 -0.03436318108218421 0.048249231921832669 -0.068498254314981535 0.030721428994894176 -0.020458260370445111 -0.1972900470972011 0.00013470048069393035 0.030874794008072432 -0.00070562247740955757 -0.0032258327168195283
leaf_weight=11559.195687411353 51.366606891155243 12.044117034412919 49.734249856323004 100.78708166256547 1942.9129616897553 3.6298330258578053 2.0735191069543362 20.337550880387425 64.064034631475806 1.9768722075968979 696.79057432338595 6.2830966636538497 34.907548438757658 52.489496636204422 5.0184732303023329 9.0230471119284612 93.046900158748031 6.5672139171510917 2.5918917804956436 4.3496163338422775 10.781262561678885 10.846121668815611 2.7660069707781068 11.085665151476862 13.107874002307655 1.5707959532737725 1.81015551649034 17.240596873685718 5123.6903659971431 1825.9576884116977
leaf_count=68401 264 350 232 695 13193 47 26 318 1030 34 4361 35 308 570 44 59 718 48 18 37 60 121 35 76 112 15 26 200 30779 9424
internal_value=-0.000186512 0.000453504 0.000417585 0.000486633 0.00057726 0.0025992 -0.0549437 5.4304e-05 0.00274715 -0.0159357 0.00237916 -0.000996546 0.00376506 0.0166646 0.00327491 0.0104413 -0.000570927 0.00894204 -0.026561 -0.0688205 0.00310116 0.0125149 0.00937377 0.0111595 -0.00860416 -0.0350433 -0.0915892 0.00330722 -0.00153374 -0.00379386
internal_weight=21738 14737 14725 14675.3 14574.5 2994.93 7.68022 11579.5 2987.25 5.60671 2923.19 850.816 2072.37 101.439 48.9491 43.9306 844.533 147.742 13.5087 6.94151 1970.93 134.234 123.387 120.621 27.5745 16.4888 3.38095 1960.15 7001.01 1877.32
internal_count=131636 91169 90819 90587 89892 21173 107 68719 21066 81 20036 5602 14434 981 411 367 5567 1206 103 55 13453 1103 982 947 229 153 41 13393 40467 9688
is_linear=0
shrinkage=0.05


Tree=107
num_leaves=31
num_cat=0
split_feature=1 0 10 15 10 4 2 3 15 0 2 16 5 0 0 8 16 3 3 0 5 8 3 16 4 15 3 1 1 0
split_gain=7.31213 7.46518 8.47234 8.26083 10.5731 8.46826 7.30212 8.43458 10.21 7.1191 5.73743 5.81723 5.36463 5.30775 8.16451 5.27236 5.23835 5.27902 5.33923 5.26368 5.06659 5.76877 5.75391 9.31442 10.0323 5.63833 5.47761 4.75452 6.52948 7.02524
threshold=1.5000000000000002 3.5000000000000004 5.5000000000000009 20.500000000000004 1.0000000180025095e-35 60.500000000000007 3.5000000000000004 1.0000000180025095e-35 1.5000000000000002 14.500000000000002 9.5000000000000018 47.500000000000007 11.500000000000002 58.500000000000007 11.500000000000002 7.5000000000000009 75.500000000000014 2.5000000000000004 3.5000000000000004 28.500000000000004 4.5000000000000009 1.0000000180025095e-35 8.5000000000000018 1.5000000000000002 1.5000000000000002 4.5000000000000009 12.500000000000002 37.500000000000007 50.500000000000007 12.500000000000002
decision_type=2 2 2 2 2 2 2 2 2 2 2 2 2 2 2 2 2 2 2 2 2 2 2 2 2 2 2 2 2 2
left_child=-1 -2 3 5 9 6 16 8 -8 -5 11 -10 -11 14 -7 -9 17 27 19 -19 22 -22 -20 -24 -25 26 -26 -3 29 -29
right_child=1 2 -4 4 -6 13 7 15 10 12 -12 -13 -14 -15 -16 -17 -18 18 20 -21 21 -23 23 24 25 -27 -28 28 -30 -31
leaf_value=-0.0011956243413064553 -5.0504830766289857e-05 0.0026264885640766168 -0.056012929372610765 0.018701213004522845 -0.0018390986982746293 -0.0010307149650404205 -0.031411898421710494 0.010217760533480065 0.017261984490128231 -0.012964075000819079 -0.036701192388424855 -0.053761907931434261 0.038350086794666269 0.012988494047720636 -0.14467332711806452 -0.067583453818264749 0.023613847188621109 -0.0092563805563126763 -0.00048516164169267308 -0.047488003798428609 0.024577406726424753 -0.017412013802408092 -0.07860418130003792 -0.06880727754302797 -0.044174447048360523 0.060413304702518135 0.036621885289576626 -0.10449971640491229 0.014134631958056016 -0.020598668484951552
leaf_weight=11106.477995079942 8359.2617495954037 831.06099188700318 6.0277191195636979 234.21376169007272 130.93748892471194 1.6213018521666516 29.126332249492407 440.64089881069958 41.159208469092846 31.646637263707817 6.9099969565868369 3.100168038159608 6.0703692892566314 1.8572132028639314 2.5375262489542365 2.1883844882249823 23.374497169628739 172.6063639819622 199.09191131591797 9.4983516670763475 35.535590665414929 10.625718230381606 6.2975169047713306 4.9110845103859928 4.7942070215940458 4.4894086569547644 3.7296399064362049 3.5241121053695705 7.5710173696279517 8.5436383709311468
leaf_count=61180 51647 5119 43 2615 1365 24 199 4873 296 239 45 28 150 21 29 13 231 1211 1417 65 397 105 41 31 40 35 27 20 42 47
internal_value=-0.000298604 0.000639246 0.00318633 0.00334438 0.00983399 0.00193482 0.00212754 0.00712978 -0.00777999 0.0154547 0.00567163 0.0122871 -0.00470531 -0.0572903 -0.0886749 0.00983328 0.000153573 -0.000267513 -0.00463685 -0.0112505 -0.000167506 0.014912 -0.0032846 -0.0262946 -0.00791624 0.0150635 -0.00882172 0.00205187 -0.0222643 -0.0451001
internal_weight=21729.4 10623 2263.69 2257.66 402.868 1854.8 1848.78 523.125 80.2957 271.931 51.1694 44.2594 37.717 6.01604 4.15883 442.829 1325.65 1302.28 451.58 182.105 269.475 46.1613 223.314 24.2219 17.9243 13.0133 8.52385 850.7 19.6388 12.0678
internal_count=131595 70415 18768 18725 4369 14356 14282 5454 568 3004 369 324 389 74 53 4886 8828 8597 3369 1276 2093 502 1591 174 133 102 67 5228 109 67
is_linear=0
shrinkage=0.05


Tree=108
num_leaves=31
num_cat=0
split_feature=16 15 4 2 17 11 15 10 17 16 5 17 15 7 17 5 14 2 4 15 4 5 2 2 2 4 7 16 7 16
split_gain=7.42689 10.1387 8.35431 6.97614 6.20323 11.8998 6.06054 6.89348 6.03077 5.79021 5.23173 5.10436 6.49329 6.34957 4.88037 5.58117 5.99695 4.69019 6.83399 4.92193 4.51695 4.66212 6.32971 4.98138 4.43474 7.4874 5.36732 6.988 4.24193 5.19075
threshold=64.500000000000014 31.500000000000004 23.500000000000004 2.5000000000000004 1.5000000000000002 1.5000000000000002 13.500000000000002 2.5000000000000004 8.5000000000000018 130.50000000000003 6.5000000000000009 99.500000000000014 47.500000000000007 14.500000000000002 9.5000000000000018 3.5000000000000004 27.000000000000004 6.5000000000000009 28.500000000000004 32.500000000000007 1.5000000000000002 1.5000000000000002 8.5000000000000018 2.5000000000000004 1.5000000000000002 1.0000000180025095e-35 1.0000000180025095e-35 81.500000000000014 1.0000000180025095e-35 47.500000000000007
decision_type=2 2 2 2 2 2 2 2 2 2 2 2 2 2 2 2 2 2 2 2 2 2 2 2 2 2 2 2 2 2
left_child=11 2 6 9 -4 -6 7 20 -9 24 14 13 17 28 -8 -16 -17 18 19 -13 21 23 -23 -2 -3 -26 27 -27 -1 -30
right_child=1 3 4 -5 5 -7 10 8 -10 -11 -12 12 -14 -15 15 16 -18 -19 -20 -21 -22 22 -24 -25 25 26 -28 -29 29 -31
leaf_value=0.00013223727492828256 0.0020130337707738853 0.023643144870884064 -0.093766794906043505 0.03349003717193267 0.011068101203994735 -0.11894308133061544 -0.022683532345744054 -0.045832785753876178 0.024865758877927593 -0.037236489551484668 0.036255388249531 0.0066954805413666349 0.042161260553931337 0.054481304311411877 0.035204392727308784 0.027946678338670462 -0.099717545040604996 0.038546922229960902 -0.07305919363203299 -0.065239862867688528 0.011584456372794434 -0.0036698954644806127 -0.0692288190823072 0.0293543689038262 -0.1034789984965028 0.01492547975060023 0.057536592529253618 -0.079582661910824748 -0.0016036181326903793 0.0077425685893748528
leaf_weight=14314.293827723712 57.273467108607292 32.120348928496242 3.4589975569397202 48.415711768902838 8.2776884185150248 2.2353028766810885 46.024383302778006 11.371768660843371 4.1054012663662425 6.4362800661474457 5.3899945449084035 88.474934479221702 13.92614012211561 5.2804895900189868 8.4940663501620275 1.7680696919560426 1.9175194501876829 9.8912447579205018 2.9114296045154324 2.4435590840876094 228.80790941417217 96.753684036433697 3.8274480551481238 23.492175154387951 1.859415154904126 5.9102226402610523 3.4053180478513232 2.9234119616448879 6552.9735781848431 152.00573670025915
leaf_count=86645 347 327 27 711 98 21 366 74 33 82 86 700 181 27 74 21 20 115 21 24 2084 708 29 147 17 62 36 32 37368 1184
internal_value=-0.000125796 0.00533982 0.00243721 0.019791 -0.0356853 -0.0165753 0.00352597 0.00567708 -0.0270796 0.00719479 -0.0108713 -0.00028201 0.0101037 -0.000340125 -0.0152355 0.0129092 -0.0384738 0.00579954 0.00234742 0.00476212 0.00691315 0.00101929 -0.00616463 0.00996576 0.0133822 -0.00999548 0.00420709 -0.0163511 -0.000353898 -0.00139173
internal_weight=21746.5 604.269 503.198 101.071 13.972 10.513 489.226 425.632 15.4772 52.655 63.594 21142.2 117.647 21024.6 58.204 12.1797 3.68559 103.721 93.8299 90.9185 410.155 181.347 100.581 80.7656 46.2187 14.0984 12.239 8.83363 21019.3 6704.98
internal_count=131667 5402 4135 1267 146 119 3989 3422 107 556 567 126265 1041 125224 481 115 41 860 745 724 3315 1231 737 494 474 147 130 94 125197 38552
is_linear=0
shrinkage=0.05


Tree=109
num_leaves=31
num_cat=0
split_feature=5 10 9 11 5 4 15 9 9 15 0 0 4 0 9 3 4 5 15 10 2 15 7 10 9 7 1 16 2 2
split_gain=5.92226 8.43302 8.1982 6.94446 12.4774 10.4243 7.25072 8.04948 6.50651 6.28508 5.70583 11.344 10.1409 6.77519 5.33836 8.00007 5.10824 7.17176 6.04482 8.86459 5.70343 5.53689 5.47377 5.66172 6.30122 7.68985 7.8121 5.83502 6.74268 5.42328
threshold=1.0000000180025095e-35 4.5000000000000009 7.5000000000000009 1.0000000180025095e-35 43.500000000000007 49.500000000000007 30.500000000000004 3.5000000000000004 1.5000000000000002 39.500000000000007 30.500000000000004 42.500000000000007 2.5000000000000004 7.5000000000000009 1.0000000180025095e-35 2.5000000000000004 8.5000000000000018 6.5000000000000009 8.5000000000000018 1.0000000180025095e-35 47.500000000000007 1.0000000180025095e-35 2.5000000000000004 2.5000000000000004 1.5000000000000002 4.5000000000000009 4.5000000000000009 1.0000000180025095e-35 1.5000000000000002 6.5000000000000009
decision_type=2 2 2 2 2 2 2 2 2 2 2 2 2 2 2 2 2 2 2 2 2 2 2 2 2 2 2 2 2 2
left_child=1 -1 -3 4 5 6 16 9 -7 -8 13 -12 -13 -11 -15 -16 20 18 21 -20 22 -18 29 24 27 26 -26 -24 -29 -2
right_child=3 2 -4 -5 -6 8 7 -9 -10 10 11 12 -14 14 15 -17 17 -19 19 -21 -22 -23 23 -25 25 -27 -28 28 -30 -31
leaf_value=-0.0012315670804849623 0.00065555101914377824 -0.026302801926025621 0.040587921989738054 -0.00083326341033037341 0.046178560470383184 -0.016369392760708628 0.013584283744498465 0.056051409708783917 -0.074562261715281283 0.0027213610305024481 -0.12074340494371105 -0.065126890586268749 0.043159503995350429 0.038795937491446254 -0.072209156955407902 0.025408557553149261 -0.011902967361942856 0.03522661649528791 -0.043152517819437727 0.012035446301366633 -0.02194182645235597 0.016901368823404268 -0.036870259657836663 -0.042860048263269973 0.059061661614005723 -0.034638028554815833 -0.016143322339266873 0.0084369046430380745 -0.017449286712598593 0.0071498736963663788
leaf_weight=5470.0767246410251 8133.7212917432189 52.538205251097679 5.0181639790534964 6311.7415959862992 15.455602411180733 21.031127180904154 171.62246259301901 7.7246248535811892 6.2252041324973098 843.24592798110098 2.73533672094345 3.8392507657408697 4.9491695556789637 23.300388592295349 3.0616676658391935 6.6738943252712488 20.987913452088833 23.56774456705898 14.174749322235586 14.951099116355179 27.796103090047836 81.350109899416566 17.736816130578518 11.211528915911911 11.225987605750566 5.0672629550099364 4.9872245453298083 45.771835941821337 55.850445514544845 334.69314821064472
leaf_count=28903 49859 236 22 37752 429 138 1248 60 36 6818 22 24 37 388 29 129 168 532 142 123 166 669 99 59 56 25 32 252 361 2861
internal_value=-1.84476e-05 -0.0014319 -0.0204708 0.000463103 0.00128852 0.00121842 0.00130369 0.00519594 -0.0296603 0.00482514 0.0031319 -0.031822 -0.00414577 0.00359157 0.0258038 -0.00529054 0.000831856 0.0098276 0.00527428 -0.014823 0.000670591 0.0109941 0.000743505 -0.00866553 -0.00593961 0.0191253 0.0359284 -0.0104084 -0.00578985 0.000912223
internal_weight=21752.3 5527.63 57.5564 16224.7 9912.96 9897.5 9870.25 1067.15 27.2563 1059.43 887.806 11.5238 8.78842 876.282 33.036 9.73556 8803.09 155.032 131.464 29.1258 8648.06 102.338 8620.27 151.851 140.64 21.2805 16.2132 119.359 101.622 8468.41
internal_count=131675 29161 258 102514 64762 64333 64159 8755 174 8695 7447 83 61 7364 546 158 55404 1634 1102 265 53770 837 53604 884 825 113 88 712 613 52720
is_linear=0
shrinkage=0.05


Tree=110
num_leaves=31
num_cat=0
split_feature=2 4 14 14 3 15 13 1 7 10 7 16 17 17 2 14 16 15 8 4 17 3 7 2 14 15 1 1 15 3
split_gain=7.87516 8.50737 6.29545 6.00194 6.9357 6.82038 6.69033 11.7284 8.8207 6.70403 11.5553 6.66143 6.22464 6.224 6.04287 6.2411 6.02497 6.71957 6.48391 6.00284 5.95675 5.93609 8.47822 6.53974 6.61494 8.8866 5.85179 7.56989 6.61872 7.61959
threshold=1.5000000000000002 1.0000000180025095e-35 29.000000000000004 35.000000000000007 77.500000000000014 114.50000000000001 1.0000000180025095e-35 1.5000000000000002 2.5000000000000004 3.5000000000000004 1.0000000180025095e-35 1.0000000180025095e-35 1.0000000180025095e-35 4.5000000000000009 4.5000000000000009 15.000000000000002 1.0000000180025095e-35 64.500000000000014 3.5000000000000004 28.500000000000004 3.5000000000000004 7.5000000000000009 1.0000000180025095e-35 64.500000000000014 29.000000000000004 4.5000000000000009 12.500000000000002 52.500000000000007 4.5000000000000009 4.5000000000000009
decision_type=2 2 2 2 2 2 2 2 2 2 2 2 2 2 2 2 2 2 2 2 2 2 2 2 2 2 2 2 2 2
left_child=-1 2 26 5 11 6 8 9 21 12 -11 19 14 -14 -8 -16 17 18 -9 -5 -12 -3 -23 24 -24 -26 -2 28 29 -28
right_child=1 3 -4 4 -6 -7 7 16 -10 10 20 -13 13 -15 15 -17 -18 -19 -20 -21 -22 22 23 -25 25 -27 27 -29 -30 -31
leaf_value=-0.00083779095219082699 0.0010116415259681789 -0.0013093993584891938 -0.0046468386979632691 -0.0015990879474969515 -0.068399964778984509 0.018522804763045266 -0.012805151828689604 -0.0051298232478804631 -0.017293208492139327 0.00058648576270605075 -0.098438731147263911 0.0048720635676235621 0.0038323015374029791 -0.003504391167488078 -0.0084776817085572605 0.031946683285041667 0.0062256842856802672 0.045110387127131377 0.051532946497369031 -0.055948863087565519 -0.021304517438687866 0.018990270263720056 0.0090664585567716005 -0.072225438290650631 -0.09245986106145021 0.0077110943130715122 -0.033690688153366073 0.024303237836011057 -0.06911666915350366 0.049338559088675682
leaf_weight=11083.924595018849 1431.7411206159741 2169.2427266221493 973.09883984737098 364.93245078809559 3.3239377513527861 54.349329582415521 166.93819446116686 224.66150707751513 82.951382528059185 15.981096342206003 6.1729050725698453 2299.7231270815246 687.70690544322133 498.69902548380196 21.974456056952477 16.884475223720074 1471.2564055323601 7.226400955580174 5.1647856682538977 5.1521689360961309 4.2100445255637169 84.20984763931483 29.223942440003157 3.6785364989191285 4.2460165964439494 4.6266026636585593 12.061699029058223 7.1898268423974505 8.6773595549166185 3.5842986330389968
leaf_count=61264 8016 14515 5445 2373 40 602 947 1613 483 80 27 15993 3972 3119 136 106 11293 74 27 34 22 871 291 37 42 47 72 44 62 25
internal_value=9.55813e-05 0.00106526 -0.00153014 0.00183335 0.00378029 0.000897202 0.000723192 0.00224332 -0.0012755 -0.00111709 -0.0260951 0.00387016 -0.000644083 0.000748364 -0.00867144 0.00908699 0.00503378 -0.00236374 -0.00385647 -0.00235572 -0.0671626 -0.000696608 0.0098546 -0.00856099 -0.00241366 -0.040226 0.000542539 -0.0207703 -0.0340937 -0.0146697
internal_weight=21752.8 10668.9 2436.35 8232.54 2673.13 5559.4 5505.06 3126.88 2378.18 1418.57 26.364 2669.81 1392.2 1186.41 205.797 38.8589 1708.31 237.053 229.826 370.085 10.3829 2295.23 125.985 41.7751 38.0966 8.87262 1463.25 31.5132 24.3234 15.646
internal_count=131672 70408 13664 56744 18440 38304 37702 21416 16286 8409 129 18400 8280 7091 1189 242 13007 1714 1640 2407 49 15803 1288 417 380 89 8219 203 159 97
is_linear=0
shrinkage=0.05


Tree=111
num_leaves=31
num_cat=0
split_feature=5 17 0 16 1 15 16 8 4 3 5 0 16 0 4 11 5 4 17 14 16 15 3 14 17 9 17 16 14 15
split_gain=5.73061 5.5293 5.22083 5.38989 5.93442 5.72239 7.35525 5.17626 5.32568 5.66624 5.01433 8.0228 7.0588 6.66509 6.59439 7.58053 6.37545 6.29327 6.61063 5.89004 5.8464 6.43716 6.0267 5.87099 5.8197 5.79832 6.03434 5.73592 8.32473 10.6115
threshold=65.500000000000014 125.50000000000001 1.5000000000000002 18.500000000000004 1.0000000180025095e-35 7.5000000000000009 3.5000000000000004 1.0000000180025095e-35 69.500000000000014 84.500000000000014 2.5000000000000004 11.500000000000002 28.500000000000004 1.0000000180025095e-35 1.0000000180025095e-35 1.5000000000000002 3.5000000000000004 60.500000000000007 49.500000000000007 23.000000000000004 2.5000000000000004 7.5000000000000009 6.5000000000000009 49.000000000000007 1.0000000180025095e-35 6.5000000000000009 4.5000000000000009 3.5000000000000004 17.000000000000004 1.5000000000000002
decision_type=2 2 2 2 2 2 2 2 2 2 2 2 2 2 2 2 2 2 2 2 2 2 2 2 2 2 2 2 2 2
left_child=1 7 3 4 -3 6 -6 10 9 -9 25 13 16 19 20 -16 -13 18 27 -12 21 22 -15 -23 -21 -1 -27 -18 -29 -30
right_child=-2 2 -4 -5 5 -7 -8 8 -10 -11 11 12 -14 14 15 -17 17 -19 -20 24 -22 23 -24 -25 -26 26 -28 28 29 -31
leaf_value=-4.2277272843719028e-05 0.044681646657961947 0.032178930210050409 0.02978752848306131 0.040438790006130376 -0.01047672997094959 0.027124906992513027 -0.09495128712526002 -0.0011499345490673769 0.048120377060587076 -0.061693025367214209 -0.0059192953222676845 -0.033424882717828563 0.020614060438751133 0.0010820066177587493 0.005571111962275891 -0.0020275231122718483 0.0045527547584977707 -0.080716361371617029 0.049364592602569056 0.016436499413296623 -0.0048793934275008334 0.021749797677471802 -0.05110396859069976 -0.017573791679948741 9.0347902555839698e-05 -0.052067752742584766 0.014771985989882689 -0.068473434485140053 -0.072232603286760136 0.017338176947417471
leaf_weight=10390.030381582677 7.1820905441418281 4.9652880169451299 30.224688856862485 5.8657346330583087 5.5485021583735925 3.1633429713547221 4.8112753033638 7015.0857544820756 5.4814521372318259 3.8667430467903605 411.7360433768481 33.921461442485452 15.385274519212542 167.59907327592373 2247.2253183405846 384.36086892709136 34.922470337711275 2.7687319740653029 5.3750708652660242 62.776986751705408 403.37431382015347 70.118341520428658 5.7212321311235419 10.977746412158011 410.58216907456517 10.534265637397764 4.9698413163423529 8.1049549682065862 4.5250000031664994 12.280614058487116
leaf_count=58997 286 34 323 63 39 28 34 40330 54 24 2568 228 273 984 18015 2654 376 22 88 378 2575 457 39 67 2575 49 23 90 53 168
internal_value=2.63125e-05 1.15846e-05 0.0159061 -0.00132136 -0.0145704 -0.0317354 -0.0497083 -2.83526e-05 -0.00114481 -0.00118329 0.00050525 0.00194329 -0.010954 0.00230565 0.00334201 0.00446128 -0.0157203 -0.00688548 -0.00375063 -0.00154589 -0.0011358 0.00479963 -0.000640631 0.0164267 0.00225818 -8.78709e-05 -0.0306423 -0.00852221 -0.0268522 -0.00677923
internal_weight=21783.5 21776.3 54.5788 24.3541 18.4884 13.5231 10.3598 21721.7 7024.43 7018.95 14697.3 4291.76 117.284 4174.47 3289.38 2631.59 101.898 67.9768 65.2081 885.095 657.791 254.416 173.32 81.0961 473.359 10405.5 15.5041 59.833 24.9106 16.8056
internal_count=131894 131608 521 198 135 101 73 131087 40408 40354 90679 31610 1298 30312 24791 20669 1025 797 775 5521 4122 1547 1023 524 2953 59069 72 687 311 221
is_linear=0
shrinkage=0.05


Tree=112
num_leaves=31
num_cat=0
split_feature=6 0 0 9 14 1 15 3 3 15 8 17 4 3 7 3 3 4 15 5 11 15 4 17 3 15 5 14 14 3
split_gain=9.97907 8.53059 9.53535 6.22324 5.3194 6.02545 6.14451 5.87605 9.05608 5.31855 5.094 16.2255 5.00612 4.89685 5.99 5.93568 8.81986 4.80012 4.73568 5.15516 5.50624 4.77048 5.10501 6.29066 6.21574 5.56653 9.2232 5.32209 4.53361 4.49255
threshold=1.0000000180025095e-35 7.5000000000000009 14.500000000000002 1.0000000180025095e-35 47.000000000000007 6.5000000000000009 75.500000000000014 15.500000000000002 9.5000000000000018 174.00000000000003 2.5000000000000004 17.500000000000004 1.0000000180025095e-35 6.5000000000000009 1.0000000180025095e-35 29.500000000000004 41.500000000000007 52.500000000000007 49.500000000000007 4.5000000000000009 1.5000000000000002 52.500000000000007 1.0000000180025095e-35 1.5000000000000002 1.0000000180025095e-35 55.500000000000007 1.0000000180025095e-35 19.000000000000004 19.000000000000004 22.500000000000004
decision_type=2 2 2 2 2 2 2 2 2 2 2 2 2 2 2 2 2 2 2 2 2 2 2 2 2 2 2 2 2 2
left_child=1 3 -3 9 7 6 10 8 17 -1 13 12 -12 -6 15 -15 -17 18 -5 21 -21 -20 -23 25 -25 -24 -27 -28 -22 -9
right_child=-2 2 -4 4 5 -7 -8 29 -10 -11 11 -13 -14 14 -16 16 -18 -19 19 20 28 22 23 24 -26 26 27 -29 -30 -31
leaf_value=0.0012346553423168752 -0.0015334011283373089 0.015475143211414705 -0.0030080676391071731 -0.000624308568079234 -0.0053893880385159189 0.019679375882510647 -0.040387076073165058 -0.03103871695758886 0.018963971594619062 0.026486296392000227 0.018451330450631423 -0.11840352748500878 -0.026740713359450288 0.0091050008331752356 0.037633586608987087 -0.10910556180842793 0.013506638270699782 -0.036669568679878001 0.02608858042804052 0.034402648021854353 -0.047542128250474269 0.017379807819748516 -0.072176442032454283 -0.046631053038607026 0.0059382108169143272 -0.059028023924540679 0.028357868839835466 -0.015530202806433864 0.016259603330411324 -0.0060193594418810458
leaf_weight=10014.43449816294 6888.1609577299096 199.73685322329402 107.24473410658538 3343.0372096374631 604.83045377023518 24.123819016851485 12.564454223960636 24.488751707598567 62.622176528908312 20.895809246227145 9.4340428113937431 4.0364065244793883 17.486502636224031 27.886216187849641 14.801864525303243 2.8592552356421939 3.0113939726725221 9.007198313251136 20.741071224212646 29.201863113790751 4.2075916901230803 37.604677185416222 4.4615238681435576 5.9392532780766478 105.60627321153879 8.5811782628297788 10.556977413594725 19.982679583132267 8.2312564104795438 67.119384310208261
leaf_count=61669 40238 2147 993 18992 3408 219 88 161 466 214 43 23 88 195 99 17 23 56 127 339 39 234 30 38 762 54 73 140 76 473
internal_value=3.91254e-05 0.000769784 0.00901799 0.000595373 -0.000953579 -0.00488764 -0.00573804 -0.000199445 0.000112793 0.00128723 -0.00510189 -0.0249203 -0.0109036 -0.00416291 0.0111136 -0.000514942 -0.0462107 -0.000214473 -0.000123216 0.00644314 0.0225361 0.003304 0.000852021 -0.00315449 0.00313915 -0.0192626 -0.013228 -0.000358933 -0.00532211 -0.0127076
internal_weight=21712.9 14824.7 306.982 14517.8 4482.42 721.034 696.911 3761.39 3669.78 10035.3 684.346 30.957 26.9205 653.389 48.5587 33.7569 5.87065 3607.16 3598.15 255.114 41.6407 213.474 192.733 155.128 111.546 43.5824 39.1208 30.5397 12.4388 91.6081
internal_count=131524 91286 3140 88146 26263 4203 3984 22060 21426 61883 3896 154 131 3742 334 235 40 20960 20904 1912 454 1458 1331 1097 800 297 267 213 115 634
is_linear=0
shrinkage=0.05


Tree=113
num_leaves=31
num_cat=0
split_feature=5 3 4 14 8 6 0 14 4 9 17 0 14 1 15 15 17 16 3 6 1 7 15 16 16 9 15 7 15 16
split_gain=5.28577 5.09446 5.26631 6.51059 4.79789 6.41467 5.10028 6.52365 7.21819 8.6229 6.50386 6.86217 6.50289 6.32298 5.4306 5.40541 5.3504 5.08483 4.98238 4.95134 5.00674 5.29556 4.85632 4.73174 6.40158 7.61617 4.66971 4.65188 5.48262 9.29516
threshold=56.500000000000007 85.500000000000014 51.500000000000007 53.000000000000007 1.0000000180025095e-35 5.5000000000000009 1.5000000000000002 9.0000000000000018 2.5000000000000004 1.5000000000000002 2.5000000000000004 2.5000000000000004 5.0000000000000009 1.0000000180025095e-35 89.500000000000014 138.50000000000003 6.5000000000000009 11.500000000000002 8.5000000000000018 1.0000000180025095e-35 7.5000000000000009 2.5000000000000004 72.500000000000014 17.500000000000004 8.5000000000000018 1.0000000180025095e-35 104.50000000000001 1.0000000180025095e-35 1.0000000180025095e-35 3.5000000000000004
decision_type=2 2 2 2 2 2 2 2 2 2 2 2 2 2 2 2 2 2 2 2 2 2 2 2 2 2 2 2 2 2
left_child=1 2 4 -4 5 6 15 8 9 18 17 -12 16 27 22 19 -13 -11 -8 20 -1 23 -15 24 -22 -26 -21 28 29 -10
right_child=-2 -3 3 -5 -6 -7 7 -9 13 10 11 12 -14 14 -16 -17 -18 -19 -20 26 21 -23 -24 -25 25 -27 -28 -29 -30 -31
leaf_value=0.00011146855334691886 0.029415991840505102 -0.046078978826392968 -0.018645541445741699 0.050397500537402995 -0.00098643647367556843 -0.017540442858723339 -0.0040057981539863797 0.0022044647499882149 -0.0022650213778776917 -0.018313774175733502 -0.012371581680564694 -0.060829541458664184 -0.028032196120866371 0.0068685962184390067 -0.067427914644571027 0.021465689631881019 -0.14307358222151409 0.042289491264294266 0.043495226631972236 -0.0028564636240385848 0.018736591673256198 -0.022140663555920356 0.050372440201415583 0.051756062808160169 0.0082361849811473965 -0.10377511810703366 -0.043057634043107688 0.041221946361807503 -0.0088924709841176185 -0.11756730417987767
leaf_weight=5932.2302270103246 15.323525873012839 5.9863981176167718 57.799337459728122 3.6288191173225632 6970.3996464088559 48.536487087607384 618.46193880029023 6261.2433650102466 3.7147759050130835 15.683397527784111 10.599130615592005 4.762459345161913 6.5401421189308158 252.79760764352977 2.4102209005504838 28.526153203099966 3.3816691972315311 4.4413408264517775 5.5701286830008021 1347.6599413529038 50.543263016268611 9.3471731040626747 6.5819495711475602 9.002916142344473 4.0102436468005171 2.4415213577449322 7.2625075355172148 3.893052600324153 43.565294861793518 3.3012665137648582
leaf_count=33431 522 34 408 32 40077 224 3785 42308 22 86 58 28 41 2098 27 255 23 28 41 7116 418 62 72 94 36 20 56 22 266 20
internal_value=6.03496e-05 3.96433e-05 5.23553e-05 -0.0145669 9.38216e-05 0.000606526 0.000666697 0.00160924 -0.00217165 -0.00511255 -0.0261492 -0.0430317 -0.0651623 0.00405338 0.00727835 -0.000257473 -0.0949796 -0.0049392 -0.0035818 -0.000341639 0.000274142 0.0130821 0.00797254 0.0180706 0.0127497 -0.0341519 -0.00307195 -0.011445 -0.0154986 -0.0565183
internal_weight=21739.6 21724.3 21718.3 61.4282 21656.9 14686.5 14638 7246.95 985.704 669.44 45.4081 25.2834 14.6843 316.264 261.79 7391.02 8.14413 20.1247 624.032 7362.5 6007.58 75.3451 259.38 65.9979 56.995 6.45177 1354.92 54.4744 50.5813 7.01604
internal_count=131710 131188 131154 440 130714 90637 90413 48925 6617 4090 264 150 92 2527 2197 41488 51 114 3826 41233 34061 630 2170 568 474 56 7172 330 308 42
is_linear=0
shrinkage=0.05


Tree=114
num_leaves=31
num_cat=0
split_feature=5 16 16 3 3 3 11 16 16 17 1 2 3 15 5 4 17 4 2 2 5 17 16 14 17 14 2 1 11 4
split_gain=6.0977 4.6736 7.91075 4.79905 4.94258 5.94728 5.20945 8.02322 10.3819 8.65518 5.08343 6.35843 4.74891 4.59825 6.22072 7.22536 5.7406 5.71705 10.4203 7.89038 6.09893 5.01054 9.09968 4.85139 9.45626 5.14399 6.04108 4.83777 7.02316 6.08689
threshold=60.500000000000007 174.00000000000003 198.00000000000003 38.500000000000007 49.500000000000007 48.500000000000007 1.0000000180025095e-35 2.5000000000000004 45.500000000000007 28.500000000000004 105.50000000000001 75.500000000000014 85.500000000000014 10.500000000000002 17.500000000000004 2.5000000000000004 100.50000000000001 4.5000000000000009 28.500000000000004 8.5000000000000018 5.5000000000000009 46.500000000000007 17.500000000000004 57.000000000000007 47.500000000000007 37.000000000000007 5.5000000000000009 2.5000000000000004 1.0000000180025095e-35 9.5000000000000018
decision_type=2 2 2 2 2 2 2 2 2 2 2 2 2 2 2 2 2 2 2 2 2 2 2 2 2 2 2 2 2 2
left_child=1 3 -3 13 5 6 7 -5 9 -9 11 12 -6 14 17 -16 -15 -1 19 23 -20 -17 -23 25 -25 -19 27 -27 -29 -30
right_child=-2 2 -4 4 10 -7 -8 8 -10 -11 -12 -13 -14 16 15 21 -18 18 20 -21 -22 22 -24 24 -26 26 -28 28 29 -31
leaf_value=-0.00072142025025200961 0.037686848109164846 0.043875262055127269 -0.020589863720584772 0.00057473554570319882 -0.00030726469750008202 -0.069694377971858013 0.0068548076631177318 -0.05082455338783709 0.0072445479767711922 -0.14726010261127645 -0.066852019865996745 0.054006543570257998 -0.056756664273146511 0.001211089959886699 0.054103288975309062 0.017287790568227622 0.023109384106266895 0.0009359774651446029 -0.019638051948526847 0.023838338003101936 -0.090415330660450127 -0.088827799539514876 0.026434883732415676 -0.0084619641009245541 -0.10572321648962797 0.010539838836600741 0.031677881467499981 0.0061303935195053047 -0.012161874060238881 -0.071859240463647986
leaf_weight=15121.163627540693 10.723306857980786 14.777109760791065 7.019534518942236 14.517961729317902 76.245654283091426 5.6026198808103791 17.255641046911478 9.4114821292459983 5.6018815897405139 3.0908197723329058 2.9047262966632834 5.1965946517884722 3.9171742126345626 4947.4318096814677 10.792394315823911 24.247700809501115 30.110053611919284 940.95095950271934 12.561044059693815 44.349103547632694 4.017139457166194 3.4214344928041092 3.4279118906706572 31.667547985911369 2.7131914477795354 221.83344756066799 24.947108472697437 81.890695802867413 31.354014489799738 4.9431617800146332
leaf_count=84790 429 161 73 88 564 39 117 61 55 22 16 40 22 33596 170 295 330 6814 85 721 46 49 58 235 25 1388 298 689 251 45
internal_value=-7.93546e-06 -2.65565e-05 0.0231145 -4.9816e-05 -0.0091554 -0.0208497 -0.0153631 -0.0271154 -0.0493204 -0.0746654 -0.0018047 0.000408822 -0.00306568 1.09438e-05 -0.000389504 0.0188542 0.00134356 -0.000438293 0.00261704 0.00308883 -0.0367884 0.00662079 -0.031142 0.00240225 -0.0161374 0.00289034 0.00792903 0.0061866 -0.00198424 -0.0202918
internal_weight=21718.1 21707.4 21.7966 21685.6 143.745 55.4804 49.8778 32.6221 18.1042 12.5023 88.2641 85.3594 80.1628 21541.8 16564.3 41.8894 4977.54 16522.4 1401.23 1384.65 16.5782 31.097 6.84935 1340.3 34.3807 1305.92 364.968 340.021 118.188 36.2972
internal_count=131572 131143 234 130909 1024 382 343 226 138 83 642 626 586 129885 95959 572 33926 95387 10597 10466 131 402 107 9745 260 9485 2671 2373 985 296
is_linear=0
shrinkage=0.05


Tree=115
num_leaves=31
num_cat=0
split_feature=6 8 2 16 9 5 5 2 4 17 4 16 0 11 11 11 5 0 7 1 4 3 17 5 3 2 1 4 15 17
split_gain=7.40152 6.92054 7.46397 8.65569 7.16214 6.64204 8.16535 8.63493 7.81892 6.12303 9.63788 8.10335 8.23619 7.84268 7.59231 11.014 8.65677 7.11397 9.40092 9.70509 6.51142 6.0344 5.78279 7.54841 5.69488 6.88115 5.67103 5.5689 5.55982 5.5307
threshold=1.0000000180025095e-35 1.0000000180025095e-35 6.5000000000000009 131.50000000000003 1.0000000180025095e-35 11.500000000000002 4.5000000000000009 1.0000000180025095e-35 1.5000000000000002 3.5000000000000004 1.5000000000000002 18.500000000000004 1.0000000180025095e-35 1.0000000180025095e-35 3.5000000000000004 1.0000000180025095e-35 6.5000000000000009 1.5000000000000002 1.0000000180025095e-35 4.5000000000000009 55.500000000000007 29.500000000000004 63.500000000000007 2.5000000000000004 1.5000000000000002 7.5000000000000009 9.5000000000000018 13.500000000000002 54.500000000000007 17.500000000000004
decision_type=2 2 2 2 2 2 2 2 2 2 2 2 2 2 2 2 2 2 2 2 2 2 2 2 2 2 2 2 2 2
left_child=1 2 3 26 24 6 22 8 -8 17 11 14 -13 -14 15 -11 -17 18 -9 -20 21 -12 -3 -24 25 -4 -1 -2 -25 -18
right_child=27 5 4 -5 -6 -7 7 9 -10 10 20 12 13 -15 -16 16 29 -19 19 -21 -22 -23 23 28 -26 -27 -28 -29 -30 -31
leaf_value=0.0010244518548804928 -0.0010879456493127766 -0.00015580010147424003 0.022860009239913326 0.030681106257282584 -0.0018391538460496874 0.018264619320792215 -0.0039232714570314629 0.020365526928792364 -0.066886205291212183 -0.0013763718527372865 0.00035721909101773863 -0.0057568961868689822 -0.15942171058317281 -0.054244387683703203 0.033476321703141722 -0.027374024500374478 -0.11100557375682835 -0.010118336653375054 -0.028500156303714799 0.049127346939615575 -0.087538838302647831 -0.066315456026975236 -0.003572869849458371 -0.042038751974054052 0.021175993421202726 -0.009266499266403978 0.014254526806752224 -0.012435541820103682 0.027283930367588839 -0.031050635878341129
leaf_weight=9825.714663553983 6787.1584381991997 4088.2956927083433 27.473560048267245 24.847658021375537 96.344550282694399 44.799616540782154 8.6178110316395777 64.639365594834089 11.524944294244049 25.345010921359062 106.27197596430779 3.7295506224036199 2.9859137907624245 4.3610442280769348 6.0293239057064048 20.054154261946682 6.5769267156720144 84.6715028854087 22.472738422453407 4.9051476456224909 2.2585007920861235 3.5056900307536116 69.841063652187586 25.254186473786834 125.72028355766088 42.376617971807718 81.671847824007273 109.8690785234794 3.2664491236209861 3.222655177116394
leaf_count=60116 39240 22598 205 276 945 743 50 425 75 174 1045 27 28 34 34 120 41 731 133 40 14 29 446 188 1654 309 828 984 31 22
internal_value=8.46106e-05 0.000713716 0.00143904 0.00120743 0.00931923 -0.000894 -0.0010819 -0.00808799 -0.0399483 -0.00631042 -0.0126853 -0.0269167 -0.0662711 -0.09699 -0.0197973 -0.0256163 -0.0461954 0.000340601 0.0099646 -0.0145921 -0.00350088 -0.00177194 -0.000444035 -0.0124242 0.0148162 0.00336954 0.00113351 -0.00126871 -0.0340993 -0.0847119
internal_weight=21733.8 14836.8 10224.1 9932.23 291.915 4612.63 4567.83 381.172 20.1428 361.03 184.341 72.3046 11.0765 7.34696 61.2281 55.1987 29.8537 176.689 92.0173 27.3779 112.036 109.778 4186.66 98.3617 195.57 69.8502 9907.39 6897.03 28.5206 9.79958
internal_count=131585 91361 64333 61220 3113 27028 26285 3022 125 2897 1568 480 89 62 391 357 183 1329 598 173 1088 1074 23263 665 2168 514 60944 40224 219 63
is_linear=0
shrinkage=0.05


Tree=116
num_leaves=31
num_cat=0
split_feature=15 15 14 16 7 14 3 8 14 16 0 17 17 16 14 17 17 17 3 8 1 15 17 4 3 15 4 17 0 15
split_gain=5.66295 7.38719 6.04246 6.98514 5.38231 7.12175 5.52482 8.27804 7.3487 13.1841 4.35276 7.09563 6.16486 5.3735 4.96116 6.64856 8.96432 7.40226 6.98218 6.12407 5.93676 7.17169 7.59623 9.38866 10.0056 8.82749 8.0413 7.64004 7.14191 6.98011
threshold=113.50000000000001 111.00000000000001 35.000000000000007 25.500000000000004 1.0000000180025095e-35 19.000000000000004 1.0000000180025095e-35 1.0000000180025095e-35 19.000000000000004 2.5000000000000004 1.5000000000000002 168.50000000000003 164.00000000000003 174.00000000000003 51.000000000000007 56.500000000000007 42.500000000000007 66.500000000000014 2.5000000000000004 4.5000000000000009 1.0000000180025095e-35 34.500000000000007 1.0000000180025095e-35 11.500000000000002 1.0000000180025095e-35 40.500000000000007 31.500000000000004 2.5000000000000004 4.5000000000000009 30.500000000000004
decision_type=2 2 2 2 2 2 2 2 2 2 2 2 2 2 2 2 2 2 2 2 2 2 2 2 2 2 2 2 2 2
left_child=1 10 -2 -4 6 -6 -3 8 -8 -10 12 13 -1 14 20 16 19 -17 -19 -16 21 29 -23 24 27 -26 -25 -24 -29 -12
right_child=2 4 3 -5 5 -7 7 -9 9 -11 11 -13 -14 -15 15 17 -18 18 -20 -21 -22 22 23 26 25 -27 -28 28 -30 -31
leaf_value=-0.00056908991856840444 0.015314704007315072 -0.09900206579939469 -0.005802682364643718 0.030650034318430653 -0.070748337057103136 0.03113861544621643 0.02165193457711374 0.034580966577036305 -0.16614517879440863 -0.030539157672560588 -0.0014783674651238461 0.040384189425585824 -0.03891102904579221 0.034790256580528325 0.003665503518562466 0.055305707686941374 -0.022794932715353496 -0.022317836245234424 0.042791419970161351 0.048613515920761602 0.0010288580022233503 0.014754003792772445 -0.075227704145697183 -0.1170186467443118 -0.042183796842352753 0.00050009025861299822 -0.016370838844556226 -0.0068054088422769658 -0.079514605837255406 0.027746810458756474
leaf_weight=11008.833074213006 126.03916164766997 3.4152111038565698 94.478612060658634 15.265171361155806 2.2938925260677916 6.7973434869199991 2.6520411251112792 3.8509084209799758 2.6395767452195287 5.5845385733991861 1873.8482463955879 11.319668181240557 10.493711877614258 11.598298806231467 1082.1009333739057 13.083281002007427 32.183401264250278 9.7443030904978531 7.1308786077424875 7.6315221376717082 7214.6128180925734 22.480384811758995 9.6187771931290644 4.1862666197121134 14.137028247117994 84.601503595709801 3.7732831994071603 16.792875442653898 4.2275913916528216 20.65613180398941
leaf_count=60498 1216 24 854 206 20 58 25 32 22 49 10234 119 79 152 6950 131 260 81 94 38 49318 145 56 33 89 593 35 102 30 132
internal_value=0.000139128 5.45732e-05 0.00784578 -0.000732172 -0.0259699 0.00543059 -0.041705 -0.0284178 -0.0507236 -0.0740627 8.75945e-05 0.000818997 -0.000605603 0.000776067 0.000738209 0.00383294 0.0032122 0.0270791 0.00519512 0.00398028 0.000353619 -0.00201777 -0.0121892 -0.0165995 -0.0133569 -0.00561124 -0.0693058 -0.0383181 -0.0214285 -0.00115972
internal_weight=21726.1 21490.3 235.783 109.744 27.2335 9.09124 18.1423 14.7271 10.8762 8.22412 21463.1 10443.7 11019.3 10432.4 10420.8 1151.87 1121.92 29.9585 16.8752 1089.73 9268.93 2054.32 159.818 137.337 129.378 98.7385 7.95955 30.6392 21.0205 1894.5
internal_count=131675 129399 2276 1060 230 78 152 128 96 71 129169 68592 60577 68473 68321 7554 7248 306 175 6988 60767 11449 1083 938 870 682 68 188 132 10366
is_linear=0
shrinkage=0.05


Tree=117
num_leaves=31
num_cat=0
split_feature=10 14 5 16 14 5 16 5 3 7 7 6 5 8 11 5 16 15 17 17 1 17 1 17 14 15 2 0 17 16
split_gain=6.63893 11.4288 14.0437 18.4736 9.2773 10.5485 9.05558 10.1641 8.60069 7.00854 10.4583 9.52274 6.31519 6.19754 6.6845 5.58415 7.36909 5.93556 5.57961 8.32153 7.29389 10.0253 5.31886 8.13555 5.64346 5.25524 7.92326 10.4751 9.09329 7.18543
threshold=1.5000000000000002 37.000000000000007 48.500000000000007 5.5000000000000009 45.000000000000007 5.5000000000000009 34.500000000000007 2.5000000000000004 4.5000000000000009 2.5000000000000004 6.5000000000000009 2.5000000000000004 62.500000000000007 12.500000000000002 2.5000000000000004 1.0000000180025095e-35 1.5000000000000002 2.5000000000000004 1.0000000180025095e-35 4.5000000000000009 2.5000000000000004 7.5000000000000009 3.5000000000000004 2.5000000000000004 27.000000000000004 28.500000000000004 1.0000000180025095e-35 3.5000000000000004 5.5000000000000009 7.5000000000000009
decision_type=2 2 2 2 2 2 2 2 2 2 2 2 2 2 2 2 2 2 2 2 2 2 2 2 2 2 2 2 2 2
left_child=12 2 13 -4 6 9 8 -8 18 25 11 15 -1 14 -2 17 -17 -11 -3 -20 21 -21 24 -24 -16 -6 -27 28 29 -28
right_child=1 4 3 -5 5 -7 7 -9 -10 10 -12 -13 -14 -15 22 16 -18 -19 19 20 -22 -23 23 -25 -26 26 27 -29 -30 -31
leaf_value=0.0003871309839687291 -0.0055147040075921184 -0.0037271787736451231 -0.19828315137144112 -0.017791647157780945 0.001002248587963209 0.029791430205623626 -0.071716401295599294 0.01451939523865077 -0.015698085161677817 -0.040595105313335794 0.028050713785258002 0.0047534885909491431 0.051457172584368716 -0.069386698061781618 0.011668070219230376 0.014845743292083938 -0.056483031636754256 -0.11715277293632514 0.028361819658988714 -0.014729592437327941 -0.017872481103125202 0.030704421312539049 0.019485293687865637 -0.043588915228679782 -0.012753939224684818 0.017483784491267054 -0.017320761655427296 -0.10274496121981741 -0.070852649286242464 0.062387452456772255
leaf_weight=19383.989240136929 1395.2537260660902 30.723877631127834 2.1481681745499364 4.1689906241372228 315.60755789652467 25.29314137622714 6.8982776626944524 6.770600282587111 23.766140950843692 5.0502278655767459 8.5481160804629308 11.454693518579004 6.0552174416370681 3.6680912785232058 138.95359631255269 5.5760024338960639 10.327426258474587 5.0769209712743759 106.56489730626345 17.755879998207092 21.562752272933722 38.398743361234665 8.3954076189547795 13.073483338579534 28.508076794445515 10.851079836487768 12.939788579940805 4.4994248785078517 6.2100505381822577 3.6179308071732512
leaf_count=118429 7677 165 27 100 1670 256 41 77 147 22 41 51 269 18 689 25 50 22 545 93 131 206 54 85 145 59 71 34 36 24
internal_value=0.00010347 -0.00245388 -0.00476586 -0.0791683 0.00298631 -0.00152277 0.0105785 -0.0290013 0.0128443 -0.00350404 -0.021856 -0.0332366 0.000403079 -0.00446986 -0.00431954 -0.0499541 -0.031474 -0.0789748 0.0159993 0.0192882 0.00684653 0.0163384 0.00450672 -0.0189238 0.00751055 -0.00111575 -0.0186521 -0.0330326 -0.0192558 9.58159e-05
internal_weight=21661.7 2271.66 1594.17 6.31716 677.494 425.052 252.441 13.6689 238.772 399.759 46.0334 37.4853 19390 1587.85 1584.18 26.0306 15.9034 10.1271 215.006 184.282 77.7174 56.1546 188.931 21.4689 167.462 353.726 38.1183 27.2672 22.7678 16.5577
internal_count=131259 12561 8795 127 3766 2361 1405 118 1287 2105 211 170 118698 8668 8650 119 75 44 1140 975 430 299 973 139 834 1894 224 165 131 95
is_linear=0
shrinkage=0.05


Tree=118
num_leaves=31
num_cat=0
split_feature=9 6 17 8 1 3 0 16 16 17 0 17 17 16 2 4 17 0 1 14 2 17 1 1 14 4 14 0 0 14
split_gain=8.94681 8.14359 8.09794 11.4292 8.01776 7.43521 8.14989 6.9344 8.01353 6.3153 6.28776 7.24805 7.10597 6.25728 6.06916 5.84521 5.82816 5.80061 5.66737 7.92211 6.4328 6.08308 5.005 4.99802 5.06743 5.89695 4.89722 5.54524 4.81062 4.79235
threshold=1.0000000180025095e-35 1.5000000000000002 1.0000000180025095e-35 1.0000000180025095e-35 72.500000000000014 6.5000000000000009 2.5000000000000004 17.500000000000004 1.5000000000000002 53.500000000000007 22.500000000000004 1.0000000180025095e-35 59.500000000000007 122.00000000000001 42.500000000000007 1.5000000000000002 6.5000000000000009 54.500000000000007 1.0000000180025095e-35 1.0000000180025095e-35 6.5000000000000009 104.50000000000001 58.500000000000007 19.500000000000004 35.000000000000007 2.5000000000000004 27.000000000000004 2.5000000000000004 14.500000000000002 39.000000000000007
decision_type=2 2 2 2 2 2 2 2 2 2 2 2 2 2 2 2 2 2 2 2 2 2 2 2 2 2 2 2 2 2
left_child=1 5 3 7 -2 14 13 8 15 29 -8 -12 16 -7 18 26 -13 -14 19 -1 22 -21 -20 -22 -25 -26 -3 -28 -16 -4
right_child=4 2 9 -5 -6 6 10 -9 -10 -11 11 12 17 -15 28 -17 -18 -19 20 21 23 -23 -24 24 25 -27 27 -29 -30 -31
leaf_value=-0.015392738787065881 -0.0014741355807735773 -0.054116726487898718 -0.0041902939438301133 -0.028061479838910788 -0.05021859494388195 0.0017892751748457077 0.019090633988128308 -0.034891394020432148 0.0097819795919895942 0.017577315303036842 -0.070372755608634568 -0.0032184801658185014 -0.099530173962401686 -0.07547962266287872 -0.011933316470445286 0.0050884154617975765 0.049196244473388578 0.0051950664960563452 0.0012279740710800405 -0.00067212963323546389 0.0098535755693005891 0.037180610667809443 -0.049635373099385385 0.00337330900188128 -0.014881881539320628 -0.093536429049478675 -0.047209204151782029 0.02209627266051847 -0.062818565684121516 0.0031692932721531907
leaf_weight=92.486868970096111 6918.5662176669575 12.916921705007555 789.04246035404503 73.001029409468174 8.4464138979092223 202.62795341107994 161.94990820297971 15.649119385518132 79.573855638504028 42.22978447843343 3.7577313808724275 14.857086995616561 2.7259388305246821 2.6544105261564246 24.816795552149419 17.199704192578793 8.247719497419892 2.5677590370178223 9458.7390584321693 3074.8553650379181 333.63209508638829 10.650520246475933 4.8390058055520049 25.070975225418806 8.8825794234871847 3.2566573377698651 5.290589787065981 6.3507266342639923 5.7141596078872672 307.36372711788863
leaf_count=495 40350 68 4389 391 65 1537 2203 105 430 338 37 115 33 38 153 101 93 20 58867 16590 2971 86 32 179 57 29 26 33 32 1702
internal_value=-5.06453e-05 0.00064385 -0.00306017 -0.0120824 -0.00153357 0.00101546 0.00773546 -0.0035667 0.000473498 -0.00139633 0.0150807 -0.0051149 0.00352012 0.000790147 0.000809687 -0.0172647 0.015492 -0.0487322 0.000861931 -0.000973676 0.00145511 -0.00054147 0.00120197 0.00791505 -0.00946604 -0.035983 -0.0329201 -0.00940075 -0.021457 -0.00212713
internal_weight=21718 14791 1348.62 209.982 6927.01 13442.3 399.389 136.981 121.332 1138.64 194.106 32.1562 28.3985 205.282 13042.9 41.7579 23.1048 5.2937 13012.4 3177.99 9834.42 3085.51 9463.58 370.842 37.2102 12.1392 24.5582 11.6413 30.531 1096.41
internal_count=131565 91150 7583 1154 40415 83567 4076 763 658 6429 2501 298 261 1575 79491 228 208 53 79306 17171 62135 16676 58899 3236 265 86 127 59 185 6091
is_linear=0
shrinkage=0.05


Tree=119
num_leaves=31
num_cat=0
split_feature=5 15 14 6 7 0 15 0 17 15 16 16 17 17 10 4 4 4 5 3 17 3 16 4 16 2 5 15 16 5
split_gain=8.45349 7.12452 6.51343 7.36124 6.26296 5.98829 5.85221 7.81372 6.76298 6.09016 8.44702 5.87297 5.73229 5.62612 6.94846 7.38418 6.0893 5.99253 8.65994 8.3892 5.69856 5.59838 5.32136 5.14072 5.08809 5.02095 6.1958 5.85334 7.69461 5.78552
threshold=1.0000000180025095e-35 139.50000000000003 9.0000000000000018 1.0000000180025095e-35 1.5000000000000002 33.500000000000007 12.500000000000002 33.500000000000007 2.5000000000000004 183.00000000000003 5.5000000000000009 30.500000000000004 1.0000000180025095e-35 1.5000000000000002 1.5000000000000002 4.5000000000000009 22.500000000000004 4.5000000000000009 3.5000000000000004 10.500000000000002 54.500000000000007 8.5000000000000018 17.500000000000004 1.0000000180025095e-35 4.5000000000000009 1.0000000180025095e-35 4.5000000000000009 1.0000000180025095e-35 3.5000000000000004 6.5000000000000009
decision_type=2 2 2 2 2 2 2 2 2 2 2 2 2 2 2 2 2 2 2 2 2 2 2 2 2 2 2 2 2 2
left_child=1 -1 4 21 24 -6 13 8 11 -10 -11 -8 -9 17 -15 20 -17 19 -19 -5 22 -4 -16 -14 25 26 -2 -28 29 -29
right_child=2 -3 3 6 5 -7 7 12 9 10 -12 -13 23 14 15 16 -18 18 -20 -21 -22 -23 -24 -25 -26 -27 27 28 -30 -31
leaf_value=-0.001765517379814453 -0.0025875335526794243 0.029437281382343378 0.0015640102578921011 0.00304760648277435 -0.0091055895433050007 -0.070618733039539375 -0.0034790900247836862 -0.078812759514005626 0.0076017855825768936 -0.10939749712060283 0.0066284806730533569 0.018127097390979261 -0.071850160618362538 -0.0040881054438855055 -0.0042158497637760604 0.023837475586043141 -0.031801578703561165 -0.023483388472018175 0.011583306215383109 -0.050881963582080303 0.031758136566739169 0.0088584611177462188 0.019290782001549711 -0.0031164036779391759 -0.0042207280244327744 0.0027842429746682989 0.026446725730635681 -0.078062613679333925 0.02417309326946598 -0.015495330619063746
leaf_weight=5508.08668795228 267.29952440410852 18.354953557252884 9382.5911742886528 903.74701473116875 197.19045390654355 4.0374733237549654 357.07141103595495 4.1517510302364853 542.18246150948107 2.6679544178768984 3.807179975323379 34.489427122287452 3.2466402910649803 2053.7621618341655 220.54271122813225 57.898225975222886 5.3739745728671542 52.554368726909161 26.475809673778713 7.2691877335309973 13.458552375435827 270.62408242560923 27.026195742189884 16.781465006060898 782.52637753542513 911.74419631622732 3.9313758090138462 10.223229907453065 3.7437752261757842 5.7858269214630118
leaf_count=29024 1429 129 59428 4940 1118 28 2287 27 4056 28 44 303 20 12311 1057 376 34 340 260 45 81 2750 153 139 5298 5731 24 63 23 40
internal_value=2.63541e-05 -0.00166188 0.000603267 0.00100002 -0.00193455 -0.0103398 -0.000712239 0.00272196 0.0034437 0.0070261 -0.0411778 -0.00157598 -0.0253426 -0.00169556 -0.00301411 0.00378738 0.0191118 0.00147156 -0.0117357 0.00261729 7.27895e-05 0.00176851 -0.00164972 -0.0142584 -0.00108258 0.000959183 -0.00475931 -0.0292699 -0.0403591 -0.0554502
internal_weight=21698.6 5526.44 16172.2 13985.7 2186.48 201.228 4332.51 964.398 940.218 548.658 6.47513 391.561 24.1799 3368.11 2378.06 324.3 63.2722 990.046 79.0302 911.016 261.027 9653.22 247.569 20.0281 1985.25 1202.73 290.984 23.6842 19.7528 16.0091
internal_count=131586 29153 102433 88679 13754 1146 26501 6904 6718 4128 72 2590 186 19597 14012 1701 410 5585 600 4985 1291 62178 1210 159 12608 7310 1579 150 126 103
is_linear=0
shrinkage=0.05


Tree=120
num_leaves=31
num_cat=0
split_feature=3 14 17 14 7 10 1 11 2 9 17 6 3 5 0 16 8 5 8 9 2 5 16 0 16 16 14 14 14 3
split_gain=6.7559 6.64217 5.6515 5.51347 6.83226 6.81192 7.36062 5.96785 7.76794 6.83893 7.8681 7.9855 16.1689 11.1523 8.59661 6.68534 6.47559 5.62843 9.28764 7.69649 5.40551 5.24635 5.07181 5.02757 7.60336 8.35492 5.64382 4.91913 4.7825 7.34496
threshold=2.5000000000000004 51.000000000000007 10.500000000000002 47.000000000000007 1.0000000180025095e-35 1.5000000000000002 4.5000000000000009 1.5000000000000002 2.5000000000000004 1.5000000000000002 11.500000000000002 1.0000000180025095e-35 3.5000000000000004 3.5000000000000004 2.5000000000000004 91.500000000000014 3.5000000000000004 2.5000000000000004 1.0000000180025095e-35 1.0000000180025095e-35 3.5000000000000004 41.500000000000007 64.500000000000014 1.0000000180025095e-35 1.5000000000000002 2.5000000000000004 15.000000000000002 27.000000000000004 11.000000000000002 4.5000000000000009
decision_type=2 2 2 2 2 2 2 2 2 2 2 2 2 2 2 2 2 2 2 2 2 2 2 2 2 2 2 2 2 2
left_child=-1 3 -3 4 7 -5 20 8 15 10 28 17 -13 -14 -15 -2 21 27 -19 -20 -7 -10 -6 26 -25 -26 -11 -12 29 -9
right_child=1 2 -4 5 22 6 -8 9 16 23 11 12 13 14 -16 -17 -18 18 19 -21 -22 -23 -24 24 25 -27 -28 -29 -30 -31
leaf_value=-0.00042112419653070722 0.00099136488886582014 0.0038340154834677325 0.014970192688518938 -0.0027712320867003012 -0.001942283052479308 -0.046287796795702038 0.03158969211735 -0.0047428244134069845 0.0063983190757522304 -0.01134341365802187 -0.015961757354028154 0.017295453908240468 -0.18018918863844766 -0.1489357712866107 -0.021242215837558504 0.026643064088877053 -0.023382484827006847 0.02545000280456813 -0.0063085686547268904 -0.11459183267105583 0.0019817110652261974 0.052868764064333842 0.011978452759571677 0.028064102026600764 -0.06473177641755444 -0.0030842465865170855 0.036523052079077523 -0.093427778180269996 -4.3044046600838033e-05 -0.05445954045626205
leaf_weight=15253.464949363843 2177.5842912439257 566.98150058370084 142.57751117274165 310.13792525138706 1568.8241060599685 23.776090860366825 4.8624985776841632 22.403082966804504 1250.2711887788028 8.4782161135226506 4.9594849571585673 4.4859068170189849 2.8727462217211706 1.9114522179588673 4.2455907501280308 25.699614400044084 18.240946315228939 13.17290487047285 4.5379794389009467 2.5705606546252966 7.6714404318481675 6.1032100156880906 68.277876926120371 16.289171552285552 6.3937638700008383 39.14462208840996 22.50380041077733 3.4923791624605656 129.7789917010814 11.114488705992697
leaf_count=86403 13539 3744 1212 2205 10384 132 47 139 10566 44 30 34 19 16 47 256 112 133 46 27 53 190 729 98 36 244 121 23 900 89
internal_value=0.000153124 0.00150709 0.0060717 0.000944766 0.00133612 -0.00517018 -0.0256606 0.00250569 0.00308786 -0.00428073 -0.00936747 -0.0285998 -0.0602944 -0.0988403 -0.0608846 0.00129057 0.00619464 -0.0136911 0.000594487 -0.0454655 -0.0345127 0.00662406 -0.0013617 0.0069849 -0.00125301 -0.0117398 0.0234244 -0.0479713 -0.00439158 -0.021229
internal_weight=21722.8 6469.36 709.559 5759.8 5413.36 346.448 36.31 3776.25 3477.9 298.355 205.546 42.249 13.5157 9.02979 6.15704 2203.28 1274.62 28.7333 20.2814 7.10854 31.4475 1256.37 1637.1 92.8096 61.8276 45.5384 30.982 8.45186 163.297 33.5176
internal_count=131618 45215 4956 40259 37822 2437 232 26709 24663 2046 1503 375 116 82 63 13795 10868 259 206 73 185 10756 11113 543 378 280 165 53 1128 228
is_linear=0
shrinkage=0.05


Tree=121
num_leaves=31
num_cat=0
split_feature=5 11 5 14 5 6 8 0 5 17 2 7 15 15 0 3 5 2 13 17 5 7 2 15 4 4 5 15 17 6
split_gain=5.29158 5.23483 8.44416 6.65756 6.16435 5.69595 4.8388 7.42322 4.93446 4.50385 4.44901 9.80148 7.02459 5.71292 4.80381 4.56145 5.40084 5.04923 6.84501 4.92459 4.42526 4.54979 4.36923 7.32516 9.77487 5.58623 5.5612 4.98664 7.32206 6.63667
threshold=60.500000000000007 1.0000000180025095e-35 34.500000000000007 1.0000000180025095e-35 43.500000000000007 2.5000000000000004 3.5000000000000004 4.5000000000000009 4.5000000000000009 26.500000000000004 51.500000000000007 1.5000000000000002 6.5000000000000009 55.500000000000007 67.500000000000014 31.500000000000004 5.5000000000000009 4.5000000000000009 1.0000000180025095e-35 168.50000000000003 15.500000000000002 1.5000000000000002 3.5000000000000004 32.500000000000007 31.500000000000004 35.500000000000007 37.500000000000007 52.500000000000007 56.500000000000007 1.0000000180025095e-35
decision_type=2 2 2 2 2 2 2 2 2 2 2 2 2 2 2 2 2 2 2 2 2 2 2 2 2 2 2 2 2 2
left_child=1 4 -3 -4 6 22 10 8 9 -8 15 13 -13 14 -12 19 -17 -18 -19 20 -1 -22 23 24 -5 27 -24 28 -25 -29
right_child=-2 2 3 5 -6 -7 7 -9 -10 -11 11 12 -14 -15 -16 16 17 18 -20 -21 21 -23 26 25 -26 -27 -28 29 -30 -31
leaf_value=0.00069979604795285006 0.036539013580601958 -0.00096109844463152275 -0.12021827540060766 0.03019935715957708 0.038731444499521976 -0.10648508755714994 -0.010061070903602592 0.026529201053922449 0.039984096743516107 -0.046806267906133091 -0.019741675057379525 -0.088197912903753242 -0.013260856202207389 0.03528722069039282 0.026387408497173838 -0.0068594078586727341 -0.0026165130009717669 -0.1386291253119574 -0.014673374352849503 0.034996367655272663 0.031351777096378083 -0.067396898129043759 -0.071738692340980084 -0.13830147033083068 -0.069375421118232541 0.021749891880762318 0.019743703696790085 -0.0075318656039337368 -0.025718304538691963 -0.093947040765865131
leaf_weight=14519.350063762628 9.9323385297320765 6770.6710095824674 1.6562097407877434 9.3735477942973393 10.569752937182782 1.7621305175125588 152.74075815081596 14.647562366910277 4.6852353736758223 8.8207622542977315 29.257371660321951 6.5394967645406705 5.9934477359056473 8.2365132644772512 6.9928012490272513 78.010215040296316 3.2028280831873408 2.5570088094100356 1.9731650855392215 10.493524754419921 17.734366164542738 1.2485804026946414 1.911898836493491 3.5412987396121087 3.3438473269343367 2.6855390891432753 12.671369055286048 7.0044086296111328 2.438762117177248 3.2540145553648472
leaf_count=88382 423 39642 17 105 251 14 704 90 36 44 177 35 33 55 40 476 30 35 24 100 422 32 21 32 24 25 201 88 32 33
internal_value=5.20537e-05 3.53558e-05 -0.00111175 -0.021658 0.000561027 -0.0182563 0.000533899 -0.00759382 -0.0106003 -0.0120672 0.000633974 -0.0133055 -0.0523619 -0.00230235 -0.0108432 0.000688285 -0.0108103 -0.0506671 -0.0846389 0.000756052 0.000731338 0.0248567 -0.0148929 -0.025329 0.00401767 -0.0450506 0.00775016 -0.0560982 -0.0923883 -0.0349431
internal_weight=21713.3 21703.4 6820.31 49.643 14883.1 47.9868 14872.5 180.894 166.247 161.562 14691.6 57.0196 12.5329 44.4867 36.2502 14634.6 85.7432 7.733 4.53017 14548.8 14538.3 18.9829 46.2247 31.6414 12.7174 18.924 14.5833 16.2385 5.98006 10.2584
internal_count=131623 131200 40234 592 90966 575 90715 874 784 748 89841 340 68 272 217 89501 565 89 59 88936 88836 454 561 339 129 210 222 185 64 121
is_linear=0
shrinkage=0.05


Tree=122
num_leaves=31
num_cat=0
split_feature=0 3 2 17 16 6 5 4 10 8 4 13 3 10 16 3 0 3 3 9 11 4 5 1 0 2 8 17 0 4
split_gain=5.9896 8.22831 10.7176 6.28314 4.92399 6.10575 5.19582 8.22069 5.16244 10.6925 7.44717 6.13283 4.85985 8.94397 14.2142 12.872 7.97383 6.71109 8.56993 4.79906 7.47997 7.86703 6.14493 5.38253 5.96203 5.1082 5.33516 5.28652 8.23204 5.92869
threshold=1.5000000000000002 4.5000000000000009 23.500000000000004 139.50000000000003 4.5000000000000009 1.0000000180025095e-35 1.0000000180025095e-35 2.5000000000000004 2.5000000000000004 1.5000000000000002 1.5000000000000002 1.0000000180025095e-35 19.500000000000004 1.5000000000000002 5.5000000000000009 21.500000000000004 1.0000000180025095e-35 49.500000000000007 32.500000000000007 1.0000000180025095e-35 1.5000000000000002 3.5000000000000004 1.5000000000000002 73.500000000000014 63.500000000000007 45.500000000000007 1.5000000000000002 72.500000000000014 7.5000000000000009 1.5000000000000002
decision_type=2 2 2 2 2 2 2 2 2 2 2 2 2 2 2 2 2 2 2 2 2 2 2 2 2 2 2 2 2 2
left_child=4 2 3 -2 5 6 7 8 -1 10 -10 -12 -6 14 -14 -16 -17 18 -18 20 21 -3 -22 25 -25 27 -27 -21 29 -29
right_child=1 19 -4 -5 12 -7 -8 -9 9 -11 11 -13 13 -15 15 16 17 -19 -20 23 22 -23 -24 24 -26 26 -28 28 -30 -31
leaf_value=-0.0033261631220004926 0.00020569258833154824 0.0043753201578505029 -0.024035580451213817 0.031999035731170127 -0.0021731615621719083 -0.003124743773585765 0.0015329153890296058 0.0048242999823709075 -0.086268239881241326 0.021383174714952668 -0.054395975761434373 0.015641236710339772 -0.13058919184644399 0.022001511366487047 -0.13749957246630332 0.011455200587673842 -0.0095959194303922597 0.0065937006085318266 -0.1156896162003366 0.0016693492085321886 0.06330673642678783 0.016080598425836173 -0.017658143449160123 -0.088003194998206302 0.0029758529391377109 0.011508317455502109 0.063381390220369413 -0.096385309338994807 0.057296240816318289 -0.022691078884332833
leaf_weight=1181.3847681246698 9198.03223216068 378.20345616340637 45.619200720451772 15.566050928086041 4126.3996695624664 1400.3951694499701 3969.0373533666134 354.68890871852636 7.0928447097539946 8.6575484275817853 6.8001120686531067 5.7845272272825241 3.2559130070731035 10.270282973535357 2.1895791925489929 16.104200360365212 3.3332728259265441 4.4919870160520077 4.4373347051441669 629.81161767570302 2.4897171184420577 231.35357789834961 39.901965642347932 3.5280308704823247 3.6780608482658863 26.838741125538945 6.0796736655756822 3.5099711567163494 2.5773701574653378 12.268758018966762
leaf_count=5896 57691 2992 297 160 23778 7133 22177 1867 37 38 30 26 18 80 14 144 22 50 31 4919 17 3230 432 30 26 200 57 27 44 141
internal_value=-0.000180447 0.000669722 0.000139707 0.000259406 -0.000991963 -0.000175403 0.000571012 -0.00186942 -0.00383201 -0.0249226 -0.0452959 -0.0222034 -0.00234958 -0.0188631 -0.0312755 -0.0206932 -0.0116772 -0.0420564 -0.0701798 0.00433139 0.00740562 0.00881799 -0.012903 0.00141949 -0.0415666 0.00187429 0.0210887 0.000898453 -0.0255516 -0.0390843
internal_weight=21703.8 10599.5 9259.22 9213.6 11104.3 6933.84 5533.45 1564.41 1209.72 28.335 19.6775 12.5846 4170.48 44.0826 33.8123 30.5564 28.3668 12.2626 7.77061 1340.24 651.949 609.557 42.3917 688.292 7.20609 681.086 32.9184 648.168 18.3561 15.7787
internal_count=131604 70263 58148 57851 61341 37204 30071 7894 6027 131 93 56 24137 359 279 261 247 103 53 12115 6671 6222 449 5444 56 5388 257 5131 212 168
is_linear=0
shrinkage=0.05


Tree=123
num_leaves=31
num_cat=0
split_feature=16 5 10 2 7 4 2 1 11 0 2 16 4 4 1 5 7 0 0 2 4 3 0 17 1 5 3 2 14 17
split_gain=5.28645 5.09161 4.73553 5.1864 4.12519 5.94264 5.8814 5.65986 6.40457 6.25868 11.0251 21.0901 9.51585 13.042 7.34774 5.63813 7.19337 8.7693 4.80766 5.18632 5.68988 4.4534 5.7721 7.69194 6.39867 5.1784 4.87526 4.53247 4.34703 4.82688
threshold=147.50000000000003 60.500000000000007 9.5000000000000018 1.5000000000000002 1.0000000180025095e-35 61.500000000000007 33.500000000000007 7.5000000000000009 3.5000000000000004 6.5000000000000009 1.5000000000000002 13.500000000000002 2.5000000000000004 1.0000000180025095e-35 33.500000000000007 4.5000000000000009 1.5000000000000002 61.500000000000007 7.5000000000000009 57.500000000000007 58.500000000000007 63.500000000000007 24.500000000000004 17.500000000000004 55.500000000000007 1.5000000000000002 1.0000000180025095e-35 69.500000000000014 13.000000000000002 1.5000000000000002
decision_type=2 2 2 2 2 2 2 2 2 2 2 2 2 2 2 2 2 2 2 2 2 2 2 2 2 2 2 2 2 2
left_child=1 2 4 -4 5 18 7 -6 9 -9 11 12 13 -11 -15 16 17 -12 19 20 -1 22 24 25 26 -24 -8 -23 -28 -30
right_child=-2 -3 3 -5 6 -7 21 8 -10 10 15 -13 -14 14 -16 -17 -18 -19 -20 -21 -22 27 23 -25 -26 -27 28 -29 29 -31
leaf_value=0.00030554969419570083 0.018018682190968582 0.036192769783279344 0.048695005993625452 -0.0036106898104436222 -0.0011326381269327593 0.030863306372413381 -0.046709815751760093 0.011559280442141601 -0.052975215213531227 0.014119944850455025 -0.01910960005028961 -0.096429975843043636 0.029371269654593773 -0.096176197840783711 -0.013221040499190307 0.031701512074669889 0.022854785116343881 0.06354839245368285 0.0056249015996951649 0.040559485662989357 -0.056954520877501073 0.056265622222428695 0.019816668144907294 -0.075116454494326967 0.053941600768145581 -0.039537800152216314 -0.034564339622250827 -0.016433855352496727 0.023284874096125861 -0.011600432928802536
leaf_weight=14255.315178167075 41.093405779916793 9.7497363556176406 10.429506786167623 8.6863665804266912 6450.6120150377974 16.099655328318477 8.9622416198253614 210.2956928415224 4.6208158712834111 10.449680190533401 37.001035138964653 8.0181416757404786 12.06558236479759 6.7894717901945096 4.3988007158041 19.213536567054689 23.449432019144297 3.5134308189153662 438.68161210976541 7.9992600660771123 4.3398209400475016 4.4832160007208568 6.0781061351299313 8.6013529375195485 3.8412743452936402 9.2935200706124288 11.383879380300639 4.1088447142392397 14.890606384724377 29.678778843954206
leaf_count=86187 477 427 52 48 36533 136 47 1746 40 60 279 52 84 39 26 390 159 22 4016 51 27 35 32 51 25 56 74 30 92 206
internal_value=0.000102153 6.81348e-05 5.18541e-05 0.024927 2.98542e-05 0.000502458 -0.000979742 -0.00080132 0.00548799 0.00629393 -0.00257146 -0.0235465 -0.00620742 -0.0260465 -0.0635614 0.00794961 0.000814985 -0.0119415 0.000469221 0.000310701 0.000288123 -0.0129373 -0.0161281 -0.0372545 -0.00876215 -0.0160684 -0.0124725 0.0214997 -0.00698864 5.47284e-05
internal_weight=21684.1 21643.1 21633.3 19.1159 21614.2 14722.4 6891.75 6790.43 339.816 335.195 124.899 41.7217 33.7035 21.638 11.1883 83.1774 63.9639 40.5145 14706.3 14267.7 14259.7 101.322 92.7298 23.973 68.7568 15.3716 64.9155 8.59206 55.9533 44.5694
internal_count=131499 131022 130595 100 130495 90417 40078 39430 2897 2857 1111 261 209 125 65 850 460 301 90281 86265 86214 648 583 139 444 88 419 65 372 298
is_linear=0
shrinkage=0.05


Tree=124
num_leaves=31
num_cat=0
split_feature=9 0 15 4 15 8 7 16 4 8 2 0 4 15 16 1 1 10 2 13 15 15 15 16 16 15 16 16 0 15
split_gain=5.79744 7.96959 9.92758 7.19029 7.4332 10.0861 6.17039 5.63597 9.87853 5.52892 6.36359 9.94386 6.03703 5.44251 5.21695 5.37389 8.36641 5.91972 9.24077 18.3357 8.34947 7.98933 5.62717 5.56248 6.01976 5.28339 6.71723 5.39036 5.20861 5.66124
threshold=1.0000000180025095e-35 4.5000000000000009 73.500000000000014 5.5000000000000009 57.500000000000007 1.0000000180025095e-35 1.0000000180025095e-35 12.500000000000002 52.500000000000007 3.5000000000000004 5.5000000000000009 1.0000000180025095e-35 2.5000000000000004 65.500000000000014 2.5000000000000004 37.500000000000007 64.500000000000014 1.0000000180025095e-35 15.500000000000002 1.0000000180025095e-35 15.500000000000002 30.500000000000004 49.500000000000007 49.500000000000007 15.500000000000002 2.5000000000000004 5.5000000000000009 5.5000000000000009 6.5000000000000009 62.500000000000007
decision_type=2 2 2 2 2 2 2 2 2 2 2 2 2 2 2 2 2 2 2 2 2 2 2 2 2 2 2 2 2 2
left_child=1 9 3 4 14 28 13 8 -5 -1 11 -11 -13 -7 -3 17 25 18 23 -20 -19 -22 -23 24 -16 27 -27 -17 29 -6
right_child=-2 2 -4 7 5 6 -8 -9 -10 10 -12 12 -14 -15 15 16 -18 20 19 -21 21 22 -24 -25 -26 26 -28 -29 -30 -31
leaf_value=0.00039000571126321121 -0.0010599510991969221 -0.001126013587410907 0.025055867293852885 0.009792081358422567 -0.077443958239870866 -0.083903114062478037 -0.12480080444559474 0.026449419081471248 -0.062224053604079482 0.0042410487491840133 0.012716714811716752 -0.020862295749101749 -0.062926042202102225 0.0090988416796428471 0.010460726366647858 -0.013603443276352968 0.038377325902162397 0.0030326114522242213 0.043399657140843609 -0.13977817685146587 -0.04535291777748738 0.033235879450974226 -0.040205688853880088 0.026103258173802435 -0.0035678149706215969 -0.049583037385632939 0.029445659260238084 -0.082145924560504041 0.023201039860836502 -0.0028909650178475877
leaf_weight=13034.799882125109 6959.0622132834978 546.76363342441618 54.265198902226985 122.98329983092844 3.6744026876986089 3.1611823923885805 2.99617600440979 52.57337092095986 4.9536182731389991 40.240853898227215 25.042489040642977 55.333429969847202 10.084570333361624 3.1313402745872736 407.67706914804876 4.992970131337648 5.6406833268702021 162.12903433665633 2.5232498738914719 2.9790212456136942 19.026225175708536 7.4419154319912177 4.015624787658453 45.411674851551652 94.126460991799831 4.7342624962329847 6.2233434319496155 6.7410003021359444 9.9321509553119522 8.2944447509944421
leaf_count=77604 40565 3635 758 1485 34 30 28 893 41 181 142 255 54 38 2919 29 37 1114 23 29 143 70 36 468 781 27 47 41 104 85
internal_value=0.000129639 0.000690817 0.00403876 0.00329437 0.00204261 -0.0220832 -0.065743 0.0126672 0.00700367 0.000287403 -0.00994514 -0.0153163 -0.0273467 -0.0376227 0.00261248 0.00525456 -0.0161188 0.00606703 0.00869752 -0.0557759 -0.00148138 -0.0254892 0.00749617 0.0093458 0.0078293 -0.0296655 -0.0046989 -0.0529801 -0.00356618 -0.0257785
internal_weight=21711 14751.9 1586.39 1532.13 1351.62 31.1897 9.2887 180.51 127.937 13165.5 130.701 105.659 65.418 6.29252 1320.43 773.663 28.3323 745.33 552.717 5.50227 192.613 30.4838 11.4575 547.215 501.804 22.6916 10.9576 11.734 21.901 11.9688
internal_count=131696 91131 12895 12137 9718 319 96 2419 1526 78236 632 490 309 68 9399 5764 181 5583 4220 52 1363 249 106 4168 3700 144 74 70 223 119
is_linear=0
shrinkage=0.05


Tree=125
num_leaves=31
num_cat=0
split_feature=1 14 15 9 2 15 15 15 5 0 3 5 5 4 15 9 2 2 16 16 10 17 5 1 15 2 14 6 5 16
split_gain=4.80636 7.60956 10.0972 9.28752 6.40954 6.0516 5.31176 5.89965 5.13447 4.79622 4.62355 6.26057 7.18352 6.65991 5.21316 8.42823 8.2844 5.44264 4.72405 7.99011 7.10419 10.4174 6.69314 7.56551 6.19109 4.76494 4.61475 6.73905 4.93326 5.79766
threshold=5.5000000000000009 1.0000000180025095e-35 2.5000000000000004 1.0000000180025095e-35 23.500000000000004 31.500000000000004 164.00000000000003 174.00000000000003 5.5000000000000009 60.500000000000007 15.500000000000002 2.5000000000000004 42.500000000000007 39.500000000000007 1.0000000180025095e-35 1.5000000000000002 29.500000000000004 5.5000000000000009 47.500000000000007 45.500000000000007 1.0000000180025095e-35 11.500000000000002 3.5000000000000004 1.5000000000000002 1.5000000000000002 1.0000000180025095e-35 57.000000000000007 1.5000000000000002 8.5000000000000018 67.500000000000014
decision_type=2 2 2 2 2 2 2 2 2 2 2 2 2 2 2 2 2 2 2 2 2 2 2 2 2 2 2 2 2 2
left_child=9 2 3 -2 -4 26 -7 8 -8 10 18 14 -13 -14 15 17 -16 -12 19 -1 22 -22 24 -24 -21 -26 28 -28 -3 -30
right_child=1 5 4 -5 -6 6 7 -9 -10 -11 11 12 13 -15 16 -17 -18 -19 -20 20 21 -23 23 -25 25 -27 27 -29 29 -31
leaf_value=-7.7640709627742211e-05 -0.090357495982687386 0.0010633918815190465 0.0067588489163535317 -0.0011255257303251654 -0.077381792729163637 0.014253019851126168 -0.072173693206111431 0.024125922653976693 0.016605533845797431 0.04199879871581938 -0.013519073641588676 -0.022589178108937121 -0.056502053285554334 0.05357121525626804 -0.0015717084450558854 0.026744470992647415 0.039853222778115795 -0.082673978239457963 0.0034491259077272639 -0.063605795161051901 0.027876500884244888 -0.065770316399434647 -0.015711170005736578 -0.12588934567168386 -0.056712213287031424 0.0076829652131338135 0.02969623350083201 -0.036420142286100403 0.022880709405979003 -0.037443847842146258
leaf_weight=19112.529410566203 7.6112169418483955 1073.4306650115177 23.645459772087637 4.7272067088633776 2.5029550320468834 175.01319601945579 5.5347635205835086 4.8452465105801821 2.3076048688963056 6.7905838061124077 5.4429996386170405 76.584581408649683 1.7892625061795104 5.9236226305365562 77.21690110117197 5.2793283164501181 14.305091090500353 5.9611028209328651 969.80366725753993 6.6937544867396417 12.455112911760809 3.8994405176490536 2.6450344286859027 3.7914257943630219 3.6948930248618153 12.909861620515583 28.489749250002205 4.4570208191871634 43.879044570028782 4.3805784662254146
leaf_count=109856 63 8405 231 37 26 2193 46 92 41 47 29 546 32 164 438 25 79 34 7592 42 81 33 22 36 22 89 245 33 897 126
internal_value=0.000178743 0.00303329 -0.0188874 -0.0561701 -0.00129519 0.00366179 0.0119883 -0.019251 -0.0460505 -1.51616e-05 -2.92013e-05 -0.0077413 -0.0179572 0.028036 0.000217383 -0.0254875 0.0049031 -0.0496674 4.45551e-05 -0.000127783 -0.020921 0.00554815 -0.0354794 -0.0806121 -0.023011 -0.00664626 0.00230821 0.020752 0.00176647 0.017405
internal_weight=21708.5 1380.82 38.4868 12.3384 26.1484 1342.34 187.701 12.6876 7.84237 20327.7 20320.9 192.503 84.2975 7.71289 108.205 16.6834 91.522 11.4041 20128.4 19158.6 46.0895 16.3546 29.735 6.43646 23.2985 16.6048 1154.64 32.9468 1121.69 48.2596
internal_count=131602 12435 357 100 257 12078 2372 179 87 119167 119120 1347 742 196 605 88 517 63 117773 110181 325 114 211 58 153 111 9706 278 9428 1023
is_linear=0
shrinkage=0.05


Tree=126
num_leaves=31
num_cat=0
split_feature=2 17 17 17 6 0 3 15 5 16 0 2 15 3 5 2 17 5 17 17 15 7 16 15 15 4 7 6 15 0
split_gain=6.19564 8.64895 11.1008 7.51255 8.8662 5.89321 6.92671 8.99029 6.20106 5.56888 5.18356 5.06309 8.11364 7.65949 5.44543 5.98424 7.85163 5.20448 5.37132 5.64536 6.95776 5.22385 9.09377 13.2058 5.10907 7.15113 5.02036 4.99902 4.73886 7.10726
threshold=4.5000000000000009 13.500000000000002 20.500000000000004 24.500000000000004 1.5000000000000002 10.500000000000002 1.0000000180025095e-35 17.500000000000004 3.5000000000000004 11.500000000000002 20.500000000000004 55.500000000000007 16.500000000000004 5.5000000000000009 1.5000000000000002 9.5000000000000018 41.500000000000007 5.5000000000000009 70.500000000000014 28.500000000000004 14.500000000000002 1.0000000180025095e-35 4.5000000000000009 6.5000000000000009 31.500000000000004 1.0000000180025095e-35 8.5000000000000018 1.0000000180025095e-35 64.500000000000014 8.5000000000000018
decision_type=2 2 2 2 2 2 2 2 2 2 2 2 2 2 2 2 2 2 2 2 2 2 2 2 2 2 2 2 2 2
left_child=26 5 -3 10 9 28 7 8 -7 11 -4 13 -13 14 15 16 -5 18 19 20 -16 22 23 -20 27 -26 -1 -15 29 -2
right_child=1 2 3 4 -6 6 -8 -9 -10 -11 -12 12 -14 24 17 -17 -18 -19 21 -21 -22 -23 -24 -25 25 -27 -28 -29 -30 -31
leaf_value=-0.00022924587217685991 0.00082701617427711365 0.022892142865377857 -0.011153511513980068 0.054649128117931878 -0.01852274882234518 -0.04126786556438581 -0.0046812537053638227 -0.11107659654908791 0.03412126780673029 0.022814783670632291 -0.083148320044987123 -0.07010031770370298 0.025269999846505423 0.049629193294099552 -0.01542226174645308 -0.023797405170334452 0.0062414580130583288 0.020080657450432041 -0.0091076054985305185 0.0029874012062265799 -0.11663995824979022 -0.097807794353062291 0.058775210247167621 -0.15847798416496614 -0.10408947221684151 0.013265593456013226 0.02362107876901021 0.0032525970244762694 0.012771362174479637 0.028892611108730499
leaf_weight=19356.215366726741 1601.6872674617916 108.00129458447918 37.255657064728439 13.091586656868456 29.525916908401996 10.080566272139551 102.99194326344877 3.4518847092986098 3.7394969537854186 66.328719174023718 2.6799990674480787 5.3588998420163971 3.8197102975100279 21.791046408005062 6.5955043993890268 8.1214724257588369 23.258930999785662 14.038439444266258 5.0946425572037679 36.358058990910649 2.2864191178232431 3.1939218007028094 2.4674139320850372 2.0853897668421268 1.4937232062220562 9.912445515394209 22.089282296597958 7.9235259816050521 93.958825284615159 22.879879709333181
leaf_count=112820 11466 1068 370 92 275 55 1091 28 29 1017 20 32 42 275 53 55 161 200 43 313 22 30 22 22 10 162 106 85 949 320
internal_value=8.62709e-05 0.00257012 0.00913042 0.00422003 0.00729106 0.00110491 -0.00959525 -0.0388972 -0.0208687 0.0105591 -0.0159849 0.00568826 -0.0304116 0.00778922 0.00124536 0.0150059 0.0236754 -0.00723996 -0.0138434 -0.00574247 -0.0414781 -0.042383 -0.0240339 -0.0524912 0.0263433 -0.00210293 -0.000202059 0.0372627 0.00185372 0.00122228
internal_weight=21627.8 2249.47 410.683 302.681 262.746 1838.79 120.264 17.2719 13.8201 233.22 39.9357 166.891 9.17861 157.713 116.592 44.472 36.3505 72.1198 58.0814 45.24 8.88192 12.8414 9.64745 7.18003 41.1207 11.4062 19378.3 29.7146 1718.53 1624.57
internal_count=131233 18307 4369 3301 2911 13938 1203 112 84 2636 390 1619 74 1545 1013 308 253 705 505 388 75 117 87 65 532 172 112926 360 12735 11786
is_linear=0
shrinkage=0.05


Tree=127
num_leaves=31
num_cat=0
split_feature=9 15 1 17 16 5 2 16 15 4 4 17 14 17 17 14 8 16 3 4 17 6 15 8 2 10 4 3 5 11
split_gain=6.30645 6.55412 7.58991 4.82933 4.52182 4.41989 7.22497 5.9148 11.9394 5.66219 4.84049 6.01907 6.49333 6.46047 5.44019 4.69246 7.4983 5.58044 5.46262 6.97158 5.02052 4.58393 4.39262 4.37508 5.50994 4.32991 4.29029 10.6456 9.92776 6.31937
threshold=1.0000000180025095e-35 190.50000000000003 1.0000000180025095e-35 131.50000000000003 10.500000000000002 1.0000000180025095e-35 12.500000000000002 1.0000000180025095e-35 1.0000000180025095e-35 6.5000000000000009 1.5000000000000002 3.5000000000000004 47.000000000000007 38.500000000000007 1.5000000000000002 23.000000000000004 4.5000000000000009 4.5000000000000009 9.5000000000000018 7.5000000000000009 55.500000000000007 3.5000000000000004 47.500000000000007 3.5000000000000004 9.5000000000000018 10.500000000000002 16.500000000000004 7.5000000000000009 10.500000000000002 1.5000000000000002
decision_type=2 2 2 2 2 2 2 2 2 2 2 2 2 2 2 2 2 2 2 2 2 2 2 2 2 2 2 2 2 2
left_child=3 5 -3 23 -4 6 7 8 -2 10 11 12 -10 -13 -14 17 18 -9 20 -20 21 -17 -12 -1 -25 26 28 29 -7 -28
right_child=1 2 4 -5 -6 25 -8 15 9 -11 22 13 14 -15 -16 16 -18 -19 19 -21 -22 -23 -24 24 -26 -27 27 -29 -30 -31
leaf_value=0.00042923949545419686 -0.028463104348398213 -0.11504827354767129 -0.039860074243622791 0.021399825925884165 0.038056201867470683 -0.00064501648136739993 0.017341808969374758 -0.0092325565938882036 -0.011425255965081541 -0.054005147126964297 0.0084318001582425004 0.010208895569734916 -0.024823656795015869 -0.049124222430234711 -0.08901850134419434 -8.8157501677162028e-05 0.029574581048192314 -0.00011240799379609954 -0.051803964488801639 0.014935021032875787 0.027352872324553995 -0.02055369486906565 -0.03066910024995663 -0.010736656417437894 0.032910830034343828 0.043467380925136939 -0.019249695541840656 0.0020856127402366178 0.023253041199804925 -0.064590600971095272
leaf_weight=14566.140844683163 69.364216670393944 2.5550813991576424 6.4975079912692291 27.282886042259634 2.610078782774508 4875.9936430715024 40.934151075780392 425.97024214267731 79.574075438082218 5.7445845305919638 85.169017478823662 46.132083408534527 9.1338554024696332 5.0945062190294257 5.1674334257841101 759.89186955988407 20.752613067626953 276.66643036901951 11.290416397154333 5.9885108098387709 16.131272174417973 28.382957130670547 7.844286121428012 134.40230225492269 7.6416015392169347 5.5664389543235293 35.603561375290155 69.596622291021049 43.848439052700996 9.800108013674615
leaf_count=90023 433 20 54 294 30 29032 230 2089 384 32 436 222 44 27 24 3826 90 1433 63 30 97 126 47 655 52 33 245 664 729 75
internal_value=-0.000202553 -0.00144396 -0.038895 0.000383067 -0.0175306 -0.00138102 -0.00343668 -0.00389438 -0.0101595 -0.00495317 -0.00376978 -0.00947743 -0.0170001 0.00430819 -0.0480189 -0.00262429 -0.000107816 -0.00564146 -0.000857479 -0.0286736 -0.000259978 -0.000825048 0.00513422 0.000344082 -0.00838853 -0.000606445 -0.000655172 -0.0102017 -0.000432023 -0.0290363
internal_weight=21686.8 6951.3 11.6627 14735.5 9.10759 6939.64 1899.23 1858.3 313.224 243.86 238.115 145.102 93.8754 51.2266 14.3013 1545.07 842.438 702.637 821.685 17.2789 804.406 788.275 93.0133 14708.2 142.044 5040.41 5034.84 115 4919.84 45.4037
internal_count=131539 40515 104 91024 84 40411 9633 9403 1649 1216 1184 701 452 249 68 7754 4232 3522 4142 93 4049 3952 483 90730 707 30778 30745 984 29761 320
is_linear=0
shrinkage=0.05


Tree=128
num_leaves=31
num_cat=0
split_feature=0 4 3 2 14 4 15 0 3 10 1 6 17 8 15 11 15 17 0 1 4 11 1 4 5 5 6 5 4 3
split_gain=5.55521 10.9114 6.34247 5.87279 6.63714 6.64638 5.73239 6.32472 6.5544 6.41148 9.96842 10.0846 7.837 7.3493 9.65282 8.85154 12.8736 12.2745 11.0025 7.83761 5.77661 5.4055 5.24957 5.16465 7.01072 11.192 8.5906 7.22468 7.74638 6.31334
threshold=1.5000000000000002 61.500000000000007 4.5000000000000009 34.500000000000007 21.000000000000004 2.5000000000000004 24.500000000000004 20.500000000000004 4.5000000000000009 1.0000000180025095e-35 2.5000000000000004 4.5000000000000009 2.5000000000000004 1.5000000000000002 117.00000000000001 1.0000000180025095e-35 30.500000000000004 48.500000000000007 3.5000000000000004 4.5000000000000009 5.5000000000000009 3.5000000000000004 1.5000000000000002 12.500000000000002 35.500000000000007 42.500000000000007 1.0000000180025095e-35 2.5000000000000004 51.500000000000007 1.5000000000000002
decision_type=2 2 2 2 2 2 2 2 2 2 2 2 2 2 2 2 2 2 2 2 2 2 2 2 2 2 2 2 2 2
left_child=1 2 23 -4 5 -5 -2 8 9 21 12 13 -11 14 15 20 -17 19 -19 -18 -12 -8 -14 -1 26 -26 27 29 -29 -25
right_child=6 -3 3 4 -6 -7 7 -9 -10 10 11 -13 22 -15 -16 16 17 18 -20 -21 -22 -23 -24 24 25 -27 -28 28 -30 -31
leaf_value=-0.00029379868563529144 0.00045532945017488617 0.062853451447115724 -0.0039061087779415481 -0.022105469729777467 -0.0071899017065797091 -0.094848162236913114 0.0051587630381454003 -0.013148566337642329 0.012333905239586482 -0.0071357254188290616 -0.0076753461294707852 -0.10820177496368127 0.004895931533839307 0.025921171813070406 -0.066869847679747532 -0.115011014846781 -0.025831055136173516 -0.16735287520203279 -0.0021311197677542099 0.041388712047795033 0.035517431398510581 0.046398785355306706 0.027004913741775813 -0.08111321270141017 -0.13614256767420202 -0.015396037477982308 -0.055942948032076459 0.031970838654892947 -0.044410923075552597 0.0037555986099497615
leaf_weight=10110.215267539024 9215.5186755363829 6.7500371914356938 918.72248745709658 7.2540099583566171 19.380854459479451 5.5369680412113667 732.42663858179003 52.130027032457292 227.07521212892607 102.58654695749283 49.292491847649217 2.833041548728942 91.911475887522101 11.083513811230658 8.8380421511828882 4.2626664917916086 13.713986605405813 2.4357542749494305 1.7185440659523008 6.3416539039462796 9.1829876024276 8.0329552553594095 37.928430682048202 4.0205762833356875 2.9784590750932676 5.3957159770652652 7.5242762565612784 18.705434538424019 4.0355293080210677 4.8162928819656372
leaf_count=54980 58640 95 5760 41 133 42 5728 454 2752 670 395 17 641 90 95 34 100 26 24 68 112 55 297 22 20 69 43 138 23 29
internal_value=8.25471e-05 -0.000697984 -0.000736601 -0.00464142 -0.0256395 -0.0535944 0.000902781 0.00393077 0.0046106 0.00299062 -0.00267012 -0.015093 0.00319334 -0.0126247 -0.0170849 -0.0120244 -0.0348869 -0.0207793 -0.0990042 -0.00457596 -0.000892354 0.00560616 0.0113543 -0.000371058 -0.0168237 -0.0583422 -0.00793198 0.00350794 0.0184164 -0.0348578
internal_weight=21692.6 11115.3 11108.6 950.894 32.1718 12.791 10577.3 1361.79 1309.66 1082.59 342.129 109.703 232.426 106.87 95.7861 86.9481 28.4726 24.2099 4.1543 20.0556 58.4755 740.46 129.84 10157.7 47.4763 8.37418 39.1021 31.5778 22.741 8.83687
internal_count=131593 61395 61300 5976 216 83 70198 11558 11104 8352 2569 961 1608 944 854 759 252 218 50 168 507 5783 938 55324 344 89 255 212 161 51
is_linear=0
shrinkage=0.05


Tree=129
num_leaves=31
num_cat=0
split_feature=4 5 13 5 6 15 15 15 1 16 14 14 2 1 3 2 3 3 5 11 1 4 5 16 8 14 16 4 16 10
split_gain=6.2267 10.2357 6.20076 6.82805 6.35244 6.03252 16.3692 8.11362 8.28083 7.80837 8.22534 7.79232 7.52613 6.9856 7.15114 9.36828 6.76488 5.89016 5.83211 10.9492 10.1245 6.04268 5.97116 5.81067 10.5879 5.76384 6.82386 6.73115 5.68623 6.0919
threshold=5.5000000000000009 15.500000000000002 1.0000000180025095e-35 1.0000000180025095e-35 10.500000000000002 10.500000000000002 7.5000000000000009 9.5000000000000018 1.0000000180025095e-35 19.500000000000004 35.000000000000007 15.000000000000002 4.5000000000000009 1.5000000000000002 7.5000000000000009 4.5000000000000009 4.5000000000000009 57.500000000000007 15.500000000000002 1.0000000180025095e-35 54.500000000000007 74.500000000000014 9.5000000000000018 1.0000000180025095e-35 3.5000000000000004 41.000000000000007 22.500000000000004 1.0000000180025095e-35 6.5000000000000009 4.5000000000000009
decision_type=2 2 2 2 2 2 2 2 2 2 2 2 2 2 2 2 2 2 2 2 2 2 2 2 2 2 2 2 2 2
left_child=1 2 3 -1 -4 6 17 8 9 11 -11 -8 25 -10 16 -16 -15 -5 22 20 -20 -21 -2 24 -7 -9 27 -27 -25 -30
right_child=18 -3 4 5 -6 23 7 12 13 10 -12 -13 -14 14 15 -17 -18 -19 19 21 -22 -23 -24 28 -26 26 -28 -29 29 -31
leaf_value=-0.0028322314613263302 0.003607639641601719 0.024055016120226674 0.00095874734140798308 -0.00015321636009341826 -0.063921599641118543 0.01005375690457478 -0.058500466500773299 0.0044295673637189045 -0.027058064696554987 -0.097049449136714927 0.007156709780880669 0.0076893472702309444 0.034302260807609307 -0.012284673351140113 -0.12936014079234565 0.0023355564289017469 0.024294928461339651 -0.066121394665939456 0.038092609137527038 -0.019571559784022041 -0.039005773513062891 0.057217362953757428 0.022688905644870118 -0.00089579232580898501 -0.057608097214867961 -0.037647959310129236 -0.069328891091776909 0.00090096291828999542 0.0050765639749442036 -0.060387464933673897
leaf_weight=3290.0814214386046 1248.1852290313691 43.621815261431038 7693.1398628139868 6483.084677118808 3.7745690643787375 284.16578543372452 4.699128493666648 96.778801344335079 110.10364722833037 4.0782643854618064 3.5351977497339249 82.730347193777561 14.651362210512159 172.50433207675815 2.8908109776675692 2.5341648757457733 13.63856003526598 3.3855169899761668 19.256953831762079 77.317749104928225 5.4670403599739066 2.6497600032016626 42.392541347071528 1267.4910393469036 5.9018902294337741 15.805180504918097 5.3136422485113135 39.941561713814735 688.75520031061023 3.5721835121512404
leaf_count=17260 9963 789 44864 37865 17 1867 24 564 617 27 22 430 108 1067 22 24 113 21 596 901 68 64 815 8188 34 82 35 234 5131 22
internal_value=8.25425e-05 -0.000139149 -0.000191158 -0.000874396 0.00092693 -0.000182183 -0.000901067 -0.00903095 -0.0129672 -9.7343e-05 -0.0486629 0.0041318 2.2188e-05 -0.017022 -0.0112537 -0.0678412 -0.00960451 -0.000187647 0.00331372 -0.00803614 0.0210444 -0.0170271 0.00423442 0.00207225 0.00867707 -0.00315985 -0.0151888 -0.0100283 0.00109469 0.00473879
internal_weight=21731.4 20336.2 20292.6 12595.6 7696.91 9305.56 7055.68 569.205 396.714 95.0429 7.61346 87.4295 172.491 301.672 191.568 5.42498 186.143 6486.47 1395.27 104.692 24.724 79.9675 1290.58 2249.89 290.068 157.839 61.0604 55.7467 1959.82 692.327
internal_count=131834 119427 118638 73757 44881 56497 41255 3369 2346 503 49 454 1023 1843 1226 46 1180 37886 12407 1629 664 965 10778 15242 1901 915 351 316 13341 5153
is_linear=0
shrinkage=0.05


Tree=130
num_leaves=31
num_cat=0
split_feature=6 9 6 17 4 16 17 10 14 1 5 5 5 1 3 15 11 14 8 6 8 5 11 16 3 14 14 2 17 5
split_gain=5.85136 4.91535 9.38194 9.41075 7.00613 6.41111 6.30184 5.7944 6.45451 5.77703 11.0886 8.39163 6.1873 5.73888 5.70598 5.69255 6.03188 6.54302 5.52952 5.43137 7.75572 10.3425 8.20376 11.7017 5.35414 5.86059 8.39681 5.97724 5.22204 5.15068
threshold=14.500000000000002 1.0000000180025095e-35 1.5000000000000002 1.0000000180025095e-35 9.5000000000000018 108.50000000000001 71.500000000000014 2.5000000000000004 33.000000000000007 2.5000000000000004 4.5000000000000009 4.5000000000000009 1.0000000180025095e-35 5.5000000000000009 7.5000000000000009 55.500000000000007 1.5000000000000002 47.000000000000007 3.5000000000000004 6.5000000000000009 1.5000000000000002 1.5000000000000002 2.5000000000000004 5.5000000000000009 1.5000000000000002 23.000000000000004 33.000000000000007 1.5000000000000002 2.5000000000000004 1.5000000000000002
decision_type=2 2 2 2 2 2 2 2 2 2 2 2 2 2 2 2 2 2 2 2 2 2 2 2 2 2 2 2 2 2
left_child=1 2 14 4 9 6 7 -5 19 11 12 24 13 -11 18 16 -16 -18 -1 20 22 -22 23 -9 -4 27 -27 -26 -10 -28
right_child=-2 -3 3 5 -6 -7 -8 8 28 10 -12 -13 -14 -15 15 -17 17 -19 -20 -21 21 -23 -24 -25 25 26 29 -29 -30 -31
leaf_value=0.00066862393870199171 0.046411786886354112 -0.0012760044863656618 -0.026780315247206865 -0.0015755186895146597 -0.070902713389352778 0.057921552550693138 0.026752490515709354 -0.086380617704463133 0.031413762568318425 -0.00075930579454747864 -0.074396184518531805 0.035915125835606208 0.018696118103951508 -0.06577463159761214 0.0072140659070691381 0.026766952369988908 -0.038744381998679793 0.058821402181452945 -0.012075389441749924 -0.082350682759972746 0.036461243801209145 -0.036540396956373851 0.0054479966742947798 -0.0059182269062965955 0.043341602558391513 -0.065478898896300763 0.028113661218942085 -0.012683061308006401 -0.012719911979875291 -0.032551851245813987
leaf_weight=13024.4353722753 6.7399289645254603 6977.8534775851294 94.446842558681965 1019.5287631629035 5.1740715568885198 4.4667540760710827 18.610110843554139 12.087281461805111 10.457970306277277 13.778731510043146 4.5139201022684565 6.9947757571935645 37.533937711268663 4.5035777986049643 219.84638097602874 34.925228449515998 12.86517986981198 1.9833034928888071 85.676680706441402 4.0001012757420531 10.38909985125065 9.1028108522295934 7.4565460234880439 7.2161944266408673 9.4590605869889277 7.5390877351164844 7.5283306986093503 9.5850601047277433 18.664991662837565 6.5368135124444962
leaf_count=80071 34 40674 470 5742 41 50 156 60 50 69 47 46 221 25 2284 541 123 23 430 18 45 45 37 43 49 41 40 55 95 37
internal_value=-0.000168627 -0.000183103 0.000335352 -0.00367043 -0.0134498 -0.00186101 -0.00209996 -0.00258858 -0.0156008 -0.0119812 0.000981881 -0.0174853 0.00707779 -0.0167749 0.000733416 0.00793352 0.00513089 -0.0257126 0.00058534 -0.0264551 -0.021621 0.00236915 -0.0390953 -0.0563015 -0.0202502 -0.00507732 -0.0229023 0.0151439 0.00312836 -8.07985e-05
internal_weight=21693.9 21687.2 14709.3 1329.57 207.594 1121.98 1117.51 1098.9 79.375 202.42 60.3302 142.09 55.8162 18.2823 13379.7 269.62 234.695 14.8485 13110.1 50.252 46.2519 19.4919 26.76 19.3035 135.095 40.6484 21.6042 19.0441 29.123 14.0651
internal_count=131662 131628 90954 7482 1141 6341 6291 6135 393 1100 362 738 315 94 83472 2971 2430 146 80501 248 230 90 140 103 692 222 118 104 145 77
is_linear=0
shrinkage=0.05


Tree=131
num_leaves=31
num_cat=0
split_feature=17 2 17 16 17 6 16 5 0 8 3 8 3 1 4 4 3 4 0 1 15 1 10 11 0 4 4 3 1 15
split_gain=5.55245 4.82675 9.22918 7.95485 6.04586 5.78816 6.4248 5.78882 5.67914 9.24029 7.14882 5.61148 4.9918 9.76871 5.97569 4.96433 5.77378 6.60676 5.36727 5.0061 4.82283 6.85677 4.39755 6.2163 5.16278 4.51676 4.82015 10.382 5.97265 5.10832
threshold=14.500000000000002 4.5000000000000009 20.500000000000004 4.5000000000000009 23.500000000000004 1.5000000000000002 37.500000000000007 6.5000000000000009 3.5000000000000004 4.5000000000000009 2.5000000000000004 1.5000000000000002 4.5000000000000009 6.5000000000000009 1.5000000000000002 9.5000000000000018 7.5000000000000009 3.5000000000000004 2.5000000000000004 4.5000000000000009 1.5000000000000002 2.5000000000000004 2.5000000000000004 2.5000000000000004 3.5000000000000004 1.5000000000000002 3.5000000000000004 1.0000000180025095e-35 1.0000000180025095e-35 2.5000000000000004
decision_type=2 2 2 2 2 2 2 2 2 2 2 2 2 2 2 2 2 2 2 2 2 2 2 2 2 2 2 2 2 2
left_child=-1 11 3 -3 12 -6 8 -8 9 10 -7 22 13 14 -4 16 17 -13 -17 -19 -16 -22 -2 24 25 -24 27 -27 -29 -30
right_child=1 2 4 -5 5 6 7 -9 -10 -11 -12 15 -14 -15 20 18 -18 19 -20 -21 21 -23 23 -25 -26 26 -28 28 29 -31
leaf_value=-0.00043053398319425196 0.0022728084297141821 0.0081039041719475815 -0.050611758536293031 0.038151208138191568 0.0080755225819019259 -0.0095034710838426354 -0.114899373254661 -0.00020143321009558849 0.015991461011513965 0.041290758032507258 -0.10068661931058076 -0.0073831673645624631 0.010264735968054824 -0.11746622287951197 -0.055107754551449555 -0.013208880746347365 -0.059047785353863805 0.025001765531328841 -0.10239471806976333 -0.038904225369745367 0.053037282002384306 -0.037871852550888208 0.012195723031340516 0.020177393731250867 0.015349878528727587 -0.10669441486241023 -0.016115159989821434 -0.075311167727833292 0.045023086723132363 -0.035729847249264722
leaf_weight=18788.629915186204 2191.1650296570733 50.632343252189457 8.2913312762975746 38.989337065257132 237.19633157365024 4.0496114939451271 2.7791377529501906 1.8207896091043947 14.151915286667643 3.2250083759427062 4.5812892895191908 184.96104305423796 11.339343726634977 2.8185988953337064 2.6184182465076438 4.3974961442872873 4.8405195213854304 27.000147493556145 2.7368402015417814 3.4568234402686349 6.0375058166682702 3.1596705503761768 7.5319483280181876 13.839265894144772 10.279667895287274 5.5325684025883701 25.808173997327685 3.7680292949080449 3.6093004792928696 4.2815819829702377
leaf_count=110466 15082 436 51 473 2712 26 25 42 144 16 34 1003 148 32 22 31 33 183 25 27 45 38 38 81 79 27 169 19 18 24
internal_value=-0.000116942 0.00192541 0.00708529 0.0211758 0.00290474 0.00543498 -0.0150281 -0.0694985 -0.00539403 -0.030921 -0.0579036 0.00111477 -0.0168709 -0.0302926 -0.0180726 -0.00637301 -0.00504341 -0.00382991 -0.0474219 0.0177485 0.0047611 0.0218056 0.00186623 -0.0100677 -0.0169508 -0.0235218 -0.0297781 -0.0502893 -0.023523 0.00120666
internal_weight=21673.5 2884.9 391.691 89.6217 302.069 267.804 30.6078 4.59993 26.0078 11.8559 8.6309 2493.21 34.2649 22.9255 20.1069 227.393 220.259 215.418 7.13434 30.457 11.8156 9.19718 2265.82 74.6505 60.8113 50.5316 42.9997 17.1915 11.6589 7.89088
internal_count=131549 21083 4244 909 3335 2999 287 67 220 76 60 16839 336 188 156 1302 1246 1213 56 210 105 83 15537 455 374 295 257 88 61 42
is_linear=0
shrinkage=0.05


Tree=132
num_leaves=31
num_cat=0
split_feature=3 14 8 14 2 14 16 16 17 14 5 0 1 4 3 3 14 2 9 3 11 1 17 1 16 17 1 17 17 2
split_gain=5.57273 7.55676 8.87761 7.536 8.22546 6.77003 7.61871 10.2664 6.89205 6.3841 6.99965 8.55645 6.13297 5.49795 7.10929 8.56325 6.15919 7.55141 6.66681 8.97471 7.52336 5.68283 5.38712 6.02126 5.3829 5.4947 6.09512 5.26004 6.98465 7.06451
threshold=1.0000000180025095e-35 43.000000000000007 9.5000000000000018 51.000000000000007 4.5000000000000009 35.000000000000007 95.500000000000014 80.500000000000014 53.500000000000007 37.000000000000007 1.0000000180025095e-35 12.500000000000002 4.5000000000000009 2.5000000000000004 29.500000000000004 48.500000000000007 45.000000000000007 10.500000000000002 2.5000000000000004 2.5000000000000004 1.0000000180025095e-35 1.0000000180025095e-35 1.5000000000000002 29.500000000000004 65.500000000000014 8.5000000000000018 66.500000000000014 9.5000000000000018 5.5000000000000009 6.5000000000000009
decision_type=2 2 2 2 2 2 2 2 2 2 2 2 2 2 2 2 2 2 2 2 2 2 2 2 2 2 2 2 2 2
left_child=5 2 9 13 22 -1 7 8 -7 -2 -11 -12 -13 16 27 -16 18 -18 20 -20 -3 -22 -5 -24 25 26 -6 28 -15 -30
right_child=1 3 -4 4 24 6 -8 -9 -10 10 11 12 -14 14 15 -17 17 -19 19 -21 21 -23 23 -25 -26 -27 -28 -29 29 -31
leaf_value=-0.0028399361328183912 0.00045639135419436091 -0.015857164575803016 -0.044122737773381659 0.0037176436840691187 0.0050067867606534561 0.00048071786191179001 0.058171939787364152 -0.075952102755498851 0.022166895434350058 -0.0025857128652748067 0.0067070166762229462 -0.079908911910632568 -0.010180826881122054 0.00093116884807005007 -0.08090268216720603 -0.0046449736370226102 -0.0044815763134453609 0.03271313839690411 -0.0028649110570128583 -0.084000154167182414 0.022311852146144187 -0.0060087290872329318 -0.0024412045860043433 -0.065226216063168627 0.057846213168576681 0.022915105640722539 -0.076420125452764789 0.0099335753471475313 -0.012847646311600694 -0.078839855835610331
leaf_weight=3673.2840330116451 11440.402823695447 203.6493062172085 10.990516368299721 474.93765765987337 143.08364453725517 1687.2864282354712 5.7975140511989585 4.3506683968007556 37.450376952067018 297.66635543107986 991.00874042045325 4.5463539212942115 10.293412659317253 346.11800084449351 5.86652314569801 9.8835530742071551 903.78918830305338 13.855203747749327 6.383932098746298 7.3123055770993233 23.965088024735451 67.90119531005621 1087.7346505336463 3.8321519643068305 5.7146423868834963 49.988389399833977 2.3357064314186564 126.5366117763333 53.117601342499256 4.3906449843198052
leaf_count=19816 71998 1190 57 2735 1133 9003 55 33 270 1596 6477 38 115 2401 50 89 5204 91 30 36 129 401 6545 26 74 542 13 1123 371 65
internal_value=-0.000233436 0.000228129 0.000795405 -0.00181558 0.000494597 -0.00162418 0.000949964 0.000758102 0.000951605 0.000834143 0.00414951 0.0061427 -0.0315429 -0.00411906 5.52011e-05 -0.0330491 -0.00597647 -0.00391999 -0.0120795 -0.0461823 -0.0104989 0.00137924 -0.000727537 -0.00266162 0.0100136 0.00861472 0.00369892 0.00103866 -0.00174989 -0.017886
internal_weight=21703.5 16295.3 12754.9 3540.4 1767.63 5408.17 1734.88 1729.09 1724.74 12743.9 1303.51 1005.85 14.8398 1772.77 545.913 15.7501 1226.86 917.644 309.212 13.6962 295.516 91.8663 1566.5 1091.57 201.122 195.408 145.419 530.163 403.626 57.5082
internal_count=131706 102529 80281 22248 11068 29177 9361 9306 9273 80224 8226 6630 153 11180 4099 139 7081 5295 1786 66 1720 530 9306 6571 1762 1688 1146 3960 2837 436
is_linear=0
shrinkage=0.05


Tree=133
num_leaves=31
num_cat=0
split_feature=3 9 9 16 14 10 14 5 3 14 15 16 2 17 11 4 2 2 15 4 5 17 17 15 17 16 16 11 2 9
split_gain=3.94344 6.69843 7.68296 6.51363 6.09435 7.96702 7.24851 6.16881 8.15643 9.27603 10.6079 12.084 9.40704 6.18716 7.00598 5.58176 5.41776 11.7496 6.1662 8.30169 5.70982 5.35356 14.6992 6.46658 5.29397 5.25699 5.25672 7.71652 7.45049 7.00616
threshold=1.0000000180025095e-35 3.5000000000000004 1.5000000000000002 22.500000000000004 27.000000000000004 1.0000000180025095e-35 35.000000000000007 11.500000000000002 10.500000000000002 53.000000000000007 3.5000000000000004 2.5000000000000004 25.500000000000004 1.0000000180025095e-35 1.0000000180025095e-35 16.500000000000004 8.5000000000000018 13.500000000000002 81.500000000000014 5.5000000000000009 5.5000000000000009 41.500000000000007 39.500000000000007 19.500000000000004 45.500000000000007 24.500000000000004 3.5000000000000004 5.5000000000000009 25.500000000000004 3.5000000000000004
decision_type=2 2 2 2 2 2 2 2 2 2 2 2 2 2 2 2 2 2 2 2 2 2 2 2 2 2 2 2 2 2
left_child=1 2 -1 -4 16 7 -7 8 15 10 11 12 -10 -13 -15 -6 -2 20 -19 -20 -18 22 23 26 -23 -11 27 28 -8 -28
right_child=4 -3 3 -5 5 6 21 -9 9 25 -12 13 -14 14 -16 -17 17 18 19 -21 -22 24 -24 -25 -26 -27 29 -29 -30 -31
leaf_value=-0.0007189555717966574 0.0012904229297613708 0.052011298742251702 -0.012270744268527096 -0.069086897974026271 0.00086460718199366437 -0.0077890876466667619 3.5808111189478286e-06 0.021481899337193817 -0.11144356709530462 0.032412374998977894 -0.0062358410490108897 0.04687974469486797 -0.013541789486156287 -0.060879654662193708 0.017834846171633511 -0.053101287884187998 0.015703409360090837 0.0015963225340374547 -0.11145808263001684 0.0086581406478393949 0.046097907419403276 0.046405201791818236 -0.077852409514533774 0.005641370872097074 0.0063989913423680269 -0.049973915467617341 -0.0052642942641877057 0.056184913781551486 -0.05177104003002736 -0.031044860030561807
leaf_weight=5315.7593561653048 8934.502066899091 5.9752197191119185 79.619253642857075 5.3857494108378878 4700.7960596745834 569.8090421394445 661.93849450815469 35.422403038013726 8.7956488253548759 12.883607376366852 38.016319992020726 3.0035097189247599 3.4029332697391501 8.0143276685848814 4.3672540429979554 4.7963984208181492 98.360845962539315 160.01089829672128 2.8619819786399594 2.8920898139476776 18.331215633545071 9.1372436769306642 6.3535637538880101 254.4142788387835 87.04993856465444 2.2787463711574665 588.85160790756345 6.0495763197541228 7.0222146883606902 27.587985973805189
leaf_count=28673 55062 29 423 30 29494 3531 3639 702 62 103 331 21 17 64 35 46 840 1343 24 63 438 68 45 1806 748 24 3524 31 42 131
internal_value=0.000270856 -0.000898894 -0.000957432 -0.0158705 0.000659892 -0.000447807 -0.0029277 0.000693047 0.000539195 -0.0152159 -0.0233625 -0.0469668 -0.0841328 -0.0174985 -0.0331153 0.0008096 0.00150596 0.00832378 -0.000232389 -0.0510857 0.0204781 -0.00124726 -0.00195658 -0.00164464 0.0101994 0.0200306 -0.00307998 -3.15286e-05 -0.000539908 -0.00641807
internal_weight=21663.7 5406.74 5400.76 85.005 16257 7039.99 2218.21 4821.78 4786.35 80.7623 65.6 27.5837 12.1986 15.3851 12.3816 4705.59 9216.96 282.457 165.765 5.75407 116.692 1648.4 1552.22 1545.86 96.1872 15.1624 1291.45 675.01 668.961 616.44
internal_count=131389 29155 29126 453 102234 44464 13565 30899 30197 657 530 199 79 120 99 29540 57770 2708 1430 87 1278 10034 9218 9173 816 127 7367 3712 3681 3655
is_linear=0
shrinkage=0.05


Tree=134
num_leaves=31
num_cat=0
split_feature=8 15 1 6 14 0 1 15 14 17 7 0 15 2 5 2 0 10 1 5 16 11 1 16 15 2 11 16 15 15
split_gain=5.2363 5.18168 7.03064 10.8798 4.43965 7.80059 8.20752 6.28581 6.23283 7.23828 7.47493 5.19357 5.15198 9.95795 6.28251 6.08862 5.75532 7.86333 9.67437 6.62171 5.7511 5.73218 5.19354 4.98001 10.978 8.1412 5.95717 5.04694 4.89347 6.51271
threshold=1.0000000180025095e-35 194.00000000000003 1.5000000000000002 1.0000000180025095e-35 43.000000000000007 7.5000000000000009 9.5000000000000018 164.00000000000003 51.000000000000007 10.500000000000002 1.5000000000000002 6.5000000000000009 2.5000000000000004 6.5000000000000009 3.5000000000000004 3.5000000000000004 4.5000000000000009 1.5000000000000002 2.5000000000000004 1.5000000000000002 6.5000000000000009 1.0000000180025095e-35 2.5000000000000004 14.500000000000002 8.5000000000000018 1.0000000180025095e-35 1.0000000180025095e-35 27.500000000000004 8.5000000000000018 1.0000000180025095e-35
decision_type=2 2 2 2 2 2 2 2 2 2 2 2 2 2 2 2 2 2 2 2 2 2 2 2 2 2 2 2 2 2
left_child=4 -2 -3 -4 -1 6 8 23 12 -10 28 -8 13 14 16 -16 -6 18 -18 -20 -17 22 -15 -7 25 -25 27 -27 29 -11
right_child=1 2 3 -5 5 7 11 -9 9 10 -12 -13 -14 21 15 20 17 -19 19 -21 -22 -23 -24 24 -26 26 -28 -29 -30 -31
leaf_value=0.0010613443224809606 -0.00099892982657385576 -0.076506478510520046 0.046926122543283551 -0.085615302845194516 7.2734446532498421e-05 0.019092893471171074 0.035223621229599898 -0.071026577974918681 -0.0010002778710092291 0.022615751952576573 0.03650483603545026 -0.05301896707317949 -0.0063522593236410218 -0.098068449658359244 0.019315224397730785 -0.059159352334351573 -0.0097867111319611053 0.052516957709881462 -0.10267422797633854 -0.018598892581465003 0.02649328093269241 0.0076205322471398539 -0.020902571939063044 -0.096227627980801603 0.048106950876290515 -0.10954414361289616 0.043283993592063669 -0.011472311175991607 0.017820773759400436 -0.0034927253471002751
leaf_weight=11535.837141456548 6983.5732739465311 5.3573976363986713 4.3856218275614083 2.3932168632745743 458.957405641675 86.134185205213726 21.145423974841837 2.2256167321465901 1286.5858511785045 29.067284543067217 21.542002264410257 1.8101811399683345 923.21643675630912 5.2180174700915796 65.743905458599329 5.0909822098910791 20.766639940440658 3.2619485929608336 6.0170740857720357 3.8342768140137196 3.1864098850637674 3.775944720953702 3.7457405366003513 3.7207174971699741 5.9741214709356418 1.7779969805851559 3.480339378118515 5.003525722771883 60.409939832985401 133.9940781891346
leaf_count=71644 40265 39 50 24 2519 704 230 24 7500 190 136 26 5779 36 443 47 124 18 38 31 35 33 39 24 106 20 37 69 501 891
internal_value=7.03605e-05 -0.00105566 -0.0336984 0.000133392 0.000606175 -0.00105247 -0.00151964 0.0121339 -0.00174496 0.000499719 0.00837633 0.0282652 -0.00403264 -0.00033783 0.000644673 0.014227 -0.00139531 -0.0212822 -0.0291446 -0.069951 -0.0261871 -0.0440547 -0.0658227 0.0138785 -0.00862704 -0.0328669 -0.00989374 -0.037185 0.00566483 0.00116137
internal_weight=21697.2 6995.71 12.1362 6.77884 14701.5 3165.69 3057.37 108.317 3034.41 1531.6 245.013 22.9556 1502.81 579.598 566.859 74.0213 492.837 33.8799 30.618 9.85135 8.27739 12.7397 8.96376 106.091 19.9567 13.9826 10.2619 6.78152 223.471 163.061
internal_count=131622 40378 113 74 91244 19600 18616 984 18360 9218 1718 256 9142 3363 3255 525 2730 211 193 69 82 108 75 960 256 150 126 89 1582 1081
is_linear=0
shrinkage=0.05


Tree=135
num_leaves=31
num_cat=0
split_feature=4 5 5 9 15 15 15 0 1 15 16 5 14 6 16 2 4 6 2 15 14 5 0 0 14 6 14 16 1 13
split_gain=5.86212 8.38504 8.39319 11.073 11.3424 6.10185 8.02868 5.37462 7.27531 9.25852 6.47134 9.95845 6.0944 9.55008 10.4343 8.23762 8.23635 5.93597 5.50193 5.71188 5.30237 7.46466 5.15879 4.97806 6.34564 6.34529 5.30325 6.18417 8.90237 4.95619
threshold=1.0000000180025095e-35 17.500000000000004 8.5000000000000018 1.0000000180025095e-35 47.500000000000007 86.500000000000014 122.00000000000001 2.5000000000000004 1.0000000180025095e-35 1.5000000000000002 1.0000000180025095e-35 1.5000000000000002 25.000000000000004 1.5000000000000002 6.5000000000000009 6.5000000000000009 2.5000000000000004 1.5000000000000002 3.5000000000000004 5.5000000000000009 53.000000000000007 5.5000000000000009 10.500000000000002 19.500000000000004 29.000000000000004 10.500000000000002 45.000000000000007 1.0000000180025095e-35 23.500000000000004 1.0000000180025095e-35
decision_type=2 2 2 2 2 2 2 2 2 2 2 2 2 2 2 2 2 2 2 2 2 2 2 2 2 2 2 2 2 2
left_child=1 2 5 4 -4 -1 -7 -2 9 12 11 18 13 15 16 -9 -15 -14 -11 -20 22 -22 -12 25 29 -10 -26 28 -28 -25
right_child=7 -3 3 -5 -6 6 -8 8 23 10 20 -13 17 14 -16 -17 -18 -19 19 -21 21 -23 -24 24 26 -27 27 -29 -30 -31
leaf_value=-0.0016341051327568416 -0.0002679173631837809 0.047465774014353937 -0.053682589246493932 0.016978670217522633 0.033904047160431418 0.033616280104570344 -0.0048907443432070798 0.0083468566028611427 0.0031231620557098916 -0.025751216384749271 -0.0053887710510481671 -0.00096875524672004193 0.008923255696861079 0.014723901199701918 -0.06717074450261086 -0.061275764615447217 -0.054196513143642593 0.037741021946556957 -0.11404501633356452 -0.024985319348543589 0.01728187626037125 -0.049573007942684696 0.022340451802442842 0.015931830797814902 -0.027766929661712278 -0.048136417968581091 -0.12415921806722963 0.005759835060117297 -3.6768511840122699e-05 -0.0054669379630613441
leaf_weight=5322.60646366328 11232.379222169518 8.7087414283305389 24.858479432761673 11.660292390733956 4.3419425282627335 28.333505928516388 25.919606998562813 107.67108504474163 3835.0921492455527 43.005697406828403 562.30487295519561 49.660496011376381 103.27084187045693 14.780543282628065 10.200369685888289 4.4230812555178991 6.1338663399219504 21.608449179679155 3.8929842561483374 3.3492375463247299 50.179259091615677 4.5542063005268565 17.28877373225987 43.11820762231946 43.132667019497603 6.0468001514673224 2.3897188799455753 34.064258947968483 3.6525887930765748 72.65161394700408
leaf_count=28342 65305 174 187 98 48 198 197 619 29627 220 3393 307 602 73 54 30 33 113 22 20 289 39 113 320 327 32 18 282 29 568
internal_value=-0.000133641 -0.00155681 -0.00163561 -0.0242111 -0.0406589 -0.00146405 0.0152194 0.000340878 0.001697 -0.00211601 -0.00501975 -0.0168476 0.0058367 -0.00120304 -0.0257104 0.00559964 -0.00548937 0.0139097 -0.0325408 -0.0728585 -0.00315684 0.0117191 -0.00456163 0.00264298 -0.00506774 0.00304247 -0.0155972 -0.0025092 -0.0491269 0.00250298
internal_weight=21701.3 5426.43 5417.72 40.8607 29.2004 5376.86 54.2531 16274.9 5042.47 1002.32 734.236 99.9084 268.088 143.209 31.1148 112.094 20.9144 124.879 50.2479 7.24222 634.327 54.7335 579.594 4040.15 199.009 3841.14 83.2392 40.1066 6.04231 115.77
internal_count=131679 29244 29070 333 235 28737 395 102435 37130 5927 4403 569 1524 809 160 649 106 715 262 42 3834 328 3506 31203 1544 29659 656 329 47 888
is_linear=0
shrinkage=0.05


Tree=136
num_leaves=31
num_cat=0
split_feature=5 16 6 16 17 17 15 15 16 2 2 11 5 16 7 7 5 15 15 2 2 1 6 15 15 15 15 5 5 4
split_gain=4.44807 4.05284 3.88571 3.73959 3.3603 5.63894 3.41743 3.72071 9.88797 6.36827 4.03981 3.1782 10.1995 5.35828 5.63283 10.3228 9.11551 6.76768 7.33003 5.65494 5.49531 7.96072 7.10969 6.82383 6.23975 9.12155 6.45311 9.102 7.69917 7.46211
threshold=65.500000000000014 157.50000000000003 14.500000000000002 164.00000000000003 10.500000000000002 6.5000000000000009 20.500000000000004 1.5000000000000002 168.50000000000003 1.5000000000000002 2.5000000000000004 1.0000000180025095e-35 33.500000000000007 1.5000000000000002 4.5000000000000009 1.5000000000000002 1.0000000180025095e-35 37.500000000000007 59.500000000000007 2.5000000000000004 1.5000000000000002 1.0000000180025095e-35 1.0000000180025095e-35 12.500000000000002 82.500000000000014 68.500000000000014 53.500000000000007 4.5000000000000009 4.5000000000000009 2.5000000000000004
decision_type=2 2 2 2 2 2 2 2 2 2 2 2 2 2 2 2 2 2 2 2 2 2 2 2 2 2 2 2 2 2
left_child=1 2 11 -3 5 6 7 10 -9 -10 -5 12 -1 14 15 20 -17 -18 -19 -16 22 23 -13 -22 25 26 28 29 -23 -28
right_child=-2 3 -4 4 -6 -7 -8 8 9 -11 -12 13 -14 -15 19 16 17 18 -20 -21 21 24 -24 -25 -26 -27 27 -29 -30 -31
leaf_value=0.00017409264349771728 0.043035666601224126 0.056244542683935132 0.041375648087437329 0.058692656911024349 0.041000176216079764 -0.072361834676344328 0.055495094737086817 -0.10603761108617038 -0.042256306744339306 0.039771740919736842 -0.012094853357799336 0.0026808702428889968 0.040663459431699606 -0.0019655721244057323 0.033344560268176733 -0.039264211320671503 -0.0029830138679328715 -0.062984458216212846 -0.0010494625205208206 -0.015129360899311405 0.0095643202871131816 0.00030028660248728779 -0.0067887169744191705 0.033545368057850897 -0.037247834340992138 0.050054943016643087 0.026304760634293906 -0.086413806519786709 0.016800119253061473 -0.061620355425026842
leaf_weight=14796.979358159006 5.9628984238952389 5.0423537753522387 5.6229837685823432 4.570812826976189 6.9212754131294778 2.3331485129892817 3.4006765307858577 2.4448137935250989 3.9922223687171918 5.809028459712863 3.6053024036809802 602.52514374256134 15.570193013641981 4892.7679635854438 24.974986173212528 22.516520295292139 192.70592034049332 10.248472750186922 8.9483893010765296 7.9260403998196116 162.34321235865355 425.33806806430221 295.38291721791029 36.296439450234175 9.8163174604997021 10.096226595342157 7.0282773971557599 4.8567707668989888 84.795873561874032 3.6748216524720192
leaf_count=90161 299 62 29 41 105 27 44 25 36 65 41 3266 386 29378 114 130 965 60 58 41 851 2539 1555 218 91 87 48 54 704 27
internal_value=-0.000142791 -0.000154678 -0.000183398 0.0161343 0.0100198 0.00182191 0.00908727 0.0013595 -0.0160789 0.00636027 0.0274785 -0.000194209 0.000216653 -0.0010889 0.00115745 0.000797865 -0.00901728 -0.00580327 -0.0341142 0.0216669 0.00219899 0.00537598 -0.00043432 0.0139463 0.00225579 0.00297955 0.00207544 -0.0296441 0.00304293 -0.00388361
internal_weight=21664.5 21658.5 21620.4 38.1196 33.0773 26.156 23.8229 20.4222 12.2461 9.80125 8.17612 21614.8 14812.5 6802.24 1909.47 1876.57 234.419 211.903 19.1969 32.901 1642.15 744.246 897.908 198.64 545.606 535.79 525.694 15.5599 510.134 10.7031
internal_count=131507 131208 130762 446 384 279 252 208 126 101 82 130733 90547 40186 10808 10653 1213 1083 118 155 9440 4619 4821 1069 3550 3459 3372 129 3243 75
is_linear=0
shrinkage=0.05


Tree=137
num_leaves=31
num_cat=0
split_feature=2 0 16 8 14 0 0 16 1 5 14 6 17 17 14 9 7 16 17 6 2 0 1 5 11 11 16 14 6 16
split_gain=5.96511 6.65149 6.38611 8.20793 7.3697 6.84095 9.32805 9.74088 5.6095 6.66462 12.5303 5.5507 8.73377 7.22702 5.06441 5.27435 5.20045 5.06076 6.91142 5.95786 8.09125 7.27859 9.06584 5.7259 8.32197 6.18504 6.95657 7.3547 7.02122 5.20033
threshold=1.0000000180025095e-35 1.0000000180025095e-35 1.5000000000000002 1.0000000180025095e-35 57.000000000000007 56.500000000000007 12.500000000000002 21.500000000000004 1.0000000180025095e-35 2.5000000000000004 13.000000000000002 1.0000000180025095e-35 6.5000000000000009 71.500000000000014 1.0000000180025095e-35 1.5000000000000002 1.0000000180025095e-35 11.500000000000002 130.50000000000003 1.5000000000000002 1.5000000000000002 6.5000000000000009 1.0000000180025095e-35 43.500000000000007 1.0000000180025095e-35 1.0000000180025095e-35 22.500000000000004 53.000000000000007 3.5000000000000004 13.500000000000002
decision_type=2 2 2 2 2 2 2 2 2 2 2 2 2 2 2 2 2 2 2 2 2 2 2 2 2 2 2 2 2 2
left_child=2 14 3 11 8 6 -4 -8 -5 -10 -11 -1 -13 -14 15 -2 -17 -3 19 20 29 -22 -23 25 -25 26 28 -28 -21 -19
right_child=1 17 5 4 -6 -7 7 -9 9 10 -12 12 13 -15 -16 16 -18 18 -20 23 21 22 -24 24 -26 -27 27 -29 -30 -31
leaf_value=-0.00076071259608169017 -0.0076951180632846977 0.00040467864704231513 -0.00031653304371958294 -0.025591217812984332 -0.080584748698126346 0.050010158081907022 -0.015059998798179203 -0.088340937556982774 -0.00029882793276783882 0.043816582055826246 -0.053806655501820191 -0.010925223651653002 0.0078544643730631553 -0.053223587540618011 -0.0011751242988666507 -0.067873849373916648 -0.0091870579861768244 0.011397616940300575 0.049220671660099052 0.0068839036453908382 0.0047877314658983953 -0.024309832786025221 0.021958925135722597 0.052148446435631171 -0.11431085639661327 0.0059684465496027328 -0.014544616516554332 -0.068306014617018518 -0.046269239811689705 -0.0025758615545314937
leaf_weight=934.30839446559548 93.475843613967299 10122.615889854729 3730.8979317806661 57.697687201201916 4.140679992735385 6.697015304118394 33.234699280932546 5.2513054013252249 86.771149449050426 4.1929594874382046 15.211925782263277 380.10260022804141 105.37766931951046 5.0764741897582999 3790.8414386748336 7.8153562545776349 7.3015197366476059 75.615634553134441 8.0588660798966867 67.608259267173707 1268.7289792587981 11.703877320513127 110.94036673521623 1.0561200128868216 2.5975972726009786 110.44476134888828 83.585200703702867 6.8856237139552823 6.8416244331747285 557.37118200212717
leaf_count=5022 509 62931 20373 387 25 42 200 41 414 23 84 1921 555 30 20860 38 35 454 125 408 10264 94 1639 34 44 708 610 53 42 3746
internal_value=-0.000153606 0.000321653 -0.00159944 -0.00425449 -0.0147067 -0.000479453 -0.000569157 -0.025059 -0.0130421 -0.00622279 -0.0327125 -0.003022 -0.00732883 0.00504732 -0.0014801 -0.0121265 -0.0395279 0.0008867 0.00299764 0.00283592 0.00378 0.00591211 0.0175435 -0.00401358 -0.0661952 -0.00318852 -0.0093208 -0.0186363 0.00199936 -0.000906611
internal_weight=21702.4 16333.5 5368.96 1592.88 168.014 3776.08 3769.38 38.486 163.874 106.176 19.4049 1424.87 490.557 110.454 3899.43 108.593 15.1169 12434.1 2311.44 2303.38 2024.36 1391.37 122.644 279.019 3.65372 275.365 164.921 90.4708 74.4499 632.987
internal_count=131711 102594 29117 8461 933 20656 20614 241 908 521 107 7528 2506 585 21442 582 73 81152 18221 18096 16197 11997 1733 1899 78 1821 1113 663 450 4200
is_linear=0
shrinkage=0.05


Tree=138
num_leaves=31
num_cat=0
split_feature=5 10 15 5 17 15 15 16 0 6 15 2 17 14 1 15 3 4 15 16 17 14 16 15 16 1 4 0 9 14
split_gain=4.12755 3.23841 4.95625 13.4343 8.80623 6.23374 5.04347 9.93609 11.461 4.86418 4.29965 5.51043 4.2721 4.33355 5.80719 4.22495 13.9801 4.91008 4.00899 3.95643 6.3613 9.48742 7.96845 14.6209 6.44041 6.33237 4.37074 8.87855 6.73931 5.39396
threshold=60.500000000000007 1.0000000180025095e-35 198.00000000000003 2.5000000000000004 5.5000000000000009 174.00000000000003 164.00000000000003 10.500000000000002 42.500000000000007 9.5000000000000018 114.50000000000001 27.500000000000004 1.5000000000000002 31.000000000000004 2.5000000000000004 103.50000000000001 1.0000000180025095e-35 1.5000000000000002 95.500000000000014 19.500000000000004 9.5000000000000018 1.0000000180025095e-35 34.500000000000007 4.5000000000000009 24.500000000000004 5.5000000000000009 1.5000000000000002 9.5000000000000018 3.5000000000000004 57.000000000000007
decision_type=2 2 2 2 2 2 2 2 2 2 2 2 2 2 2 2 2 2 2 2 2 2 2 2 2 2 2 2 2 2
left_child=1 2 5 -4 -5 6 9 8 -8 10 15 12 13 -12 -15 18 17 -17 19 -1 21 22 23 -21 -22 -26 27 -23 29 -28
right_child=-2 -3 3 4 -6 -7 7 -9 -10 -11 11 -13 -14 14 -16 16 -18 -19 -20 20 24 26 -24 -25 25 -27 28 -29 -30 -31
leaf_value=0.00018323280827007272 0.034404884976429774 -0.00079142684597918408 0.027116051788415221 -0.023627580510216604 -0.15556672128131158 0.027566554397340279 0.012915459542725711 -0.087321576150018065 -0.10992577150996917 0.040961157937402327 -0.032817942138340293 -0.049336148276913377 0.022317632868550832 -0.014549077804336284 0.058203577955261668 -0.044127775350755544 -0.002312439528689703 -0.13401463328382079 0.026195584483223334 -0.0072910573089812998 0.02328218394621075 7.3676797208757075e-05 -0.0032718539116569955 -0.10297791686690726 0.002633253944916843 0.026962511146237801 0.0065294001667718024 -0.042808128729471789 -0.075914991162401801 -0.022074696378278535
leaf_weight=12988.050282241777 8.7731897882185859 6903.7130834115669 4.533414348959921 2.4625959824770689 2.5998702738434076 21.311038355343044 13.119284289889039 4.7954508410766712 2.2200893312692633 7.438612423837184 8.1309960149228591 3.468691509217023 54.59901400282979 6.7571991868317109 4.6170526929199696 3.2935337126255027 28.677095682360232 2.8202077224850655 15.161137795075772 8.9304432347416896 64.393571832217276 663.2457017917186 20.833942061290145 7.2195388060063115 221.87099752854556 30.411313427612185 536.73311273753643 12.294546756893395 2.5440594144165507 17.003414306789637
leaf_count=76946 427 40353 36 28 36 230 129 53 12 36 70 30 555 56 49 22 272 21 139 53 520 4139 154 51 1970 496 4440 89 20 139
internal_value=0.000116318 0.000102432 0.000520531 -0.0354017 -0.091386 0.000543901 0.000504801 -0.0245023 -0.00486353 0.000539034 0.000518581 0.012259 0.0151421 -0.00494352 0.0149828 0.000456302 -0.016947 -0.0855917 0.000497805 0.000471071 0.002829 0.00124676 -0.0237057 -0.050066 0.00916846 0.00556602 0.00199593 -0.000706754 0.00527803 0.00565106
internal_weight=21672 21663.2 14759.5 9.59588 5.06247 14749.9 14728.6 20.1348 15.3394 14708.5 14701.1 77.573 74.1043 19.5052 11.3743 14623.5 34.7908 6.11374 14588.7 14573.5 1585.48 1268.8 36.9839 16.15 316.676 252.282 1231.82 675.54 556.281 553.737
internal_count=131571 131144 90791 100 64 90691 90461 194 141 90267 90231 760 730 175 105 89471 315 43 89156 89017 12071 9085 258 104 2986 2466 8827 4228 4599 4579
is_linear=0
shrinkage=0.05


Tree=139
num_leaves=31
num_cat=0
split_feature=7 2 15 15 2 0 1 16 3 1 15 16 9 14 10 2 14 0 9 16 1 3 0 7 0 0 4 14 10 15
split_gain=4.02627 3.8826 4.14766 7.01549 5.81725 10.3497 9.70063 6.5629 6.88971 8.09902 5.47315 8.0249 8.25407 8.0164 7.4768 6.30128 6.13165 7.23241 6.32231 5.73032 5.71636 5.5021 5.44678 5.31173 5.40249 8.13058 6.52594 5.3012 8.78369 7.79913
threshold=14.500000000000002 1.5000000000000002 30.500000000000004 5.5000000000000009 26.500000000000004 1.5000000000000002 4.5000000000000009 3.5000000000000004 6.5000000000000009 42.500000000000007 39.500000000000007 17.500000000000004 1.5000000000000002 49.000000000000007 1.5000000000000002 2.5000000000000004 21.000000000000004 33.500000000000007 1.0000000180025095e-35 22.500000000000004 2.5000000000000004 61.500000000000007 1.0000000180025095e-35 7.5000000000000009 1.5000000000000002 4.5000000000000009 32.500000000000007 15.000000000000002 3.5000000000000004 1.5000000000000002
decision_type=2 2 2 2 2 2 2 2 2 2 2 2 2 2 2 2 2 2 2 2 2 2 2 2 2 2 2 2 2 2
left_child=1 -1 3 22 6 -6 -5 8 9 -8 11 13 -13 -4 15 -15 -12 19 21 20 -18 -19 27 24 -9 -26 -27 28 -3 -29
right_child=-2 2 10 4 5 -7 7 23 -10 -11 16 12 -14 14 -16 -17 17 18 -20 -21 -22 -23 -24 -25 25 26 -28 29 -30 -31
leaf_value=-0.00061925756820608799 0.043035223178323367 0.004515837230590217 0.011383509235089934 -0.002497096123782315 -0.050578669651938968 -0.0016872308688225457 -0.001137067926092237 0.028416040182112523 0.035563140206869327 -0.060526071532918127 -0.0030326332291719135 0.046320845559380958 -0.033523439423394759 0.031096995438423466 -0.098484382864773012 -0.029764113471171656 0.0078883549078256187 -0.020763150095199745 -0.061011504029525723 0.016845504194109927 -0.0028592787208727767 0.063094327163455685 0.0020403863731775712 -0.054621015129985219 -0.0029801425085060557 0.028319528860409077 -0.079445613717425909 -0.0078659447028907471 -0.054764667522736635 0.00052537607066817729
leaf_weight=11059.725237895735 5.4455800652503958 394.22173921018839 140.13730296771973 2446.3473122082651 16.834627370350063 30.318842696025968 136.75961691420525 51.220193258486688 12.168826027773319 5.9921722114086142 378.30149718280882 24.588385916315023 3.7275293190032235 6.2835548780858579 2.728289943188428 13.160291733220218 326.04863286390901 8.6264599775895494 7.5432477481663218 100.42354149115272 199.36798648862168 2.529682424850761 5084.7144447108731 2.7838358320295802 62.561843501403928 43.719551982358098 1.4514801735058416 489.63862656988204 6.3493950068950644 637.32112880330533
leaf_count=61134 31 2156 976 15152 98 214 1116 395 215 38 3293 259 32 41 17 101 2325 64 52 1259 1991 25 33188 17 617 679 20 2651 30 3507
internal_value=4.74657e-05 3.66758e-05 0.000718749 0.000364411 -0.00172839 -0.0191423 -0.0014312 0.00680342 -0.000551418 -0.00362999 0.00347014 0.0112485 0.0358101 0.00696359 -0.0209722 -0.010096 0.0020205 0.00498634 -0.0256548 0.00590186 0.00381019 -0.00174826 0.00125383 0.0138483 0.0150474 0.0086915 0.0248567 -0.00136437 0.00357619 -0.00312046
internal_weight=21701 21695.6 10635.9 9422.4 2810.16 47.1535 2763 316.658 154.921 142.752 1213.47 190.625 28.3159 162.309 22.1721 19.4438 1022.84 644.54 18.6994 625.84 525.417 11.1561 6612.25 161.737 158.953 107.733 45.171 1527.53 400.571 1126.96
internal_count=131693 131662 70528 60093 18561 312 18249 3097 1369 1154 10435 1426 291 1135 159 142 9009 5716 141 5575 4316 89 41532 1728 1711 1316 699 8344 2186 6158
is_linear=0
shrinkage=0.05


Tree=140
num_leaves=31
num_cat=0
split_feature=0 10 5 5 2 8 6 8 6 2 14 16 13 5 5 17 4 4 16 0 5 17 9 16 8 6 2 11 8 17
split_gain=5.54252 7.52401 5.88643 6.25675 7.10316 5.59245 5.2499 4.98274 8.13224 6.46717 5.99678 6.37658 5.80201 10.1122 4.53373 6.9255 5.85921 9.32001 6.69912 7.1104 6.05165 7.66301 5.43692 8.6298 9.31823 7.03979 6.70416 6.13687 7.82757 13.7265
threshold=1.0000000180025095e-35 1.5000000000000002 42.500000000000007 2.5000000000000004 45.500000000000007 4.5000000000000009 14.500000000000002 1.5000000000000002 1.5000000000000002 1.0000000180025095e-35 57.000000000000007 5.5000000000000009 1.0000000180025095e-35 1.5000000000000002 2.5000000000000004 100.50000000000001 14.500000000000002 5.5000000000000009 57.500000000000007 69.500000000000014 53.500000000000007 72.500000000000014 1.0000000180025095e-35 39.500000000000007 1.5000000000000002 1.5000000000000002 4.5000000000000009 1.5000000000000002 1.0000000180025095e-35 83.500000000000014
decision_type=2 2 2 2 2 2 2 2 2 2 2 2 2 2 2 2 2 2 2 2 2 2 2 2 2 2 2 2 2 2
left_child=1 2 3 4 5 7 14 -1 9 -9 11 -11 -13 -14 -2 16 17 18 19 22 21 -18 27 25 -25 -24 -27 28 -16 -30
right_child=6 -3 -4 -5 -6 -7 -8 8 -10 10 -12 12 13 -15 15 -17 20 -19 -20 -21 -22 -23 23 24 -26 26 -28 -29 29 -31
leaf_value=0.0005234411648012443 -0.0004404217197309114 -0.0066004185538120919 0.038729435019895245 -0.0042908924380569658 -0.0390618776214815 0.021284739572950892 0.04835191343085532 -0.031807246704359325 -0.055648221526081822 0.0027562569143341816 -0.044487755579324176 -0.0025804718320855558 -0.041510035952477875 0.019101188043648187 0.0043525750699947036 0.021568351728653127 -0.0085078571678810395 0.0089450177833149264 0.0096569731045372739 -0.055463142604557369 0.033785217010979279 -0.063575947378331582 5.4602745512348561e-05 -0.03350403546871987 0.041267226916378498 -0.014696971628733549 0.017174211867294568 -0.0037378579657130549 -0.0015333702509296155 -0.1017205864004453
leaf_weight=3158.8452047109604 11408.185820482671 690.94154039071873 9.298078219406305 1155.1252635419369 11.633890882134436 30.798704102635384 5.6398620828986159 20.491871997714043 7.9577189423143855 229.18915236741304 8.4382136911153776 58.484087578952312 29.821733698248863 8.945682540535925 1776.9995885826647 42.141147679649293 129.42097422294319 387.16484385775402 205.14202800486237 5.6891033127903929 7.9122806370723984 6.641606372781097 963.82755015045404 36.31837376113981 4.7068264223635188 146.73147823289037 18.590716578066349 447.21292983554304 645.36774607561529 3.4370261989533892
leaf_count=16609 65076 3505 201 7056 58 138 29 117 47 1096 39 297 146 47 12874 545 1264 4804 2045 37 319 63 6574 307 35 813 145 2778 4459 32
internal_value=-0.000342189 -0.00172669 -0.00101461 -0.0010929 -5.65813e-05 7.1138e-05 0.000119845 -0.000114359 -0.00565951 -0.00454013 -0.0028716 -0.00179586 -0.0125237 -0.0275238 0.00010309 0.00138755 0.00120983 0.00151798 0.000842036 0.000395416 -0.00872391 -0.0111959 0.000474013 -0.00239894 -0.0249255 -0.00158048 -0.011113 0.00164416 0.00263637 -0.00206411
internal_weight=21661.1 5419.97 4729.03 4719.73 3564.61 3552.97 16241.1 3522.17 363.328 355.371 334.879 326.441 97.2515 38.7674 16235.5 4827.3 4785.16 4641.19 4254.02 4048.88 143.975 136.063 4043.19 1170.17 41.0252 1129.15 165.322 2873.02 2425.8 648.805
internal_count=131555 29356 25851 25650 18594 18536 102199 18398 1789 1742 1625 1586 490 193 102170 37094 36549 34903 30099 28054 1646 1327 28017 7874 342 7532 958 20143 17365 4491
is_linear=0
shrinkage=0.05


Tree=141
num_leaves=31
num_cat=0
split_feature=4 5 5 1 10 3 4 1 5 1 1 6 13 7 5 4 5 4 15 10 14 5 4 3 8 13 0 4 5 11
split_gain=6.21218 8.66755 8.27803 6.54671 5.03736 4.4149 6.56742 4.40171 5.75718 8.38818 7.96018 5.84359 6.57926 5.18003 4.36808 7.32876 9.29024 6.86981 10.1255 8.8858 8.46673 6.88 6.80038 6.23641 6.58106 5.83213 8.01755 5.5938 5.5309 5.30761
threshold=5.5000000000000009 16.500000000000004 51.500000000000007 1.0000000180025095e-35 11.500000000000002 1.5000000000000002 1.5000000000000002 17.500000000000004 5.5000000000000009 58.500000000000007 50.500000000000007 1.5000000000000002 1.0000000180025095e-35 1.0000000180025095e-35 26.500000000000004 44.500000000000007 9.5000000000000018 21.500000000000004 43.500000000000007 1.5000000000000002 7.0000000000000009 46.500000000000007 60.500000000000007 1.5000000000000002 1.0000000180025095e-35 1.0000000180025095e-35 2.5000000000000004 32.500000000000007 13.500000000000002 1.5000000000000002
decision_type=2 2 2 2 2 2 2 2 2 2 2 2 2 2 2 2 2 2 2 2 2 2 2 2 2 2 2 2 2 2
left_child=1 7 -3 -4 14 6 -5 -1 -9 10 11 12 13 -10 15 16 -2 18 29 21 -20 22 -19 -21 25 26 -25 -18 -29 -16
right_child=4 2 3 5 -6 -7 -8 8 9 -11 -12 -13 -14 -15 17 -17 27 19 20 23 -22 -23 -24 24 -26 -27 -28 28 -30 -31
leaf_value=-0.00014932893935160088 0.0037641111389273537 0.033580752784917171 -0.10959405617994514 0.052508337269086727 0.04591732196751034 0.052752841374372583 -0.13385903171409452 -0.0047591536209673282 -0.099864692559843815 0.045807709505126526 -0.12056237528404608 -0.10104252913306928 0.043257637053662507 -0.014270325281925973 0.045231092122522465 -0.010578158329677 0.032794640643649856 0.010068363837046585 -0.16659023792464514 0.029348973287682562 -0.042750843066821712 0.042750225491032398 -0.062744161363156664 -0.19261063642388518 0.0078275505126198363 -0.027298088995670974 -0.047260438178961639 0.059636903086581795 -0.028544448604691519 -0.036665820104247342
leaf_weight=20032.082786549814 1177.73340034578 32.290949713438749 1.8214932791888703 0.84976085554808367 6.8904019705951205 2.1917923456057906 1.0653497353196142 181.04457612708211 2.5065302979201132 2.8969369865953913 2.9737388119101515 2.4440566077828398 3.3465547692030659 5.9957730807363987 5.0839077671989816 83.933883581310511 43.611365143675357 18.711999746039513 1.5339016262441862 2.9378243107348672 13.772785801440476 13.461176676442845 3.869919402524828 1.9563617315143331 2.9792278190143406 2.8294119546189904 1.8420637529343364 2.3021634342148882 7.8130836002528667 3.2386403549462557
leaf_count=117074 9610 588 32 23 42 64 20 1085 25 20 20 17 32 52 95 491 1075 170 16 25 192 433 30 24 56 33 31 20 67 46
internal_value=4.37545e-05 -0.000178305 0.0236102 -0.0306978 0.00327177 0.00429426 -0.0511653 -0.00022324 -0.00758172 -0.0329249 -0.0461344 -0.0306491 -0.0161291 -0.0395041 0.00306001 0.00371732 0.00469168 -0.0089126 -0.0310263 0.0018417 -0.0551609 0.0144564 -0.0024097 -0.0344019 -0.0538968 -0.0816421 -0.122122 0.0250247 -0.00847496 0.0133617
internal_weight=21666 20271.5 38.2193 5.9284 1394.5 4.1069 1.91511 20233.3 201.208 20.1636 17.2667 14.2929 11.8489 8.5023 1387.61 1315.39 1231.46 72.2172 23.6292 48.588 15.3067 36.0431 22.5819 12.5449 9.60707 6.62784 3.79843 53.7266 10.1152 8.32255
internal_count=131508 119052 727 139 12456 107 43 118325 1251 166 146 126 109 77 12414 11263 10772 1151 349 802 208 633 200 169 144 88 55 1162 87 141
is_linear=0
shrinkage=0.05


Tree=142
num_leaves=31
num_cat=0
split_feature=14 15 3 4 11 1 4 3 15 16 16 16 2 15 2 15 15 1 5 16 16 5 1 10 14 17 1 16 15 17
split_gain=5.75263 5.36399 9.39644 14.577 7.30301 6.97731 6.80275 5.68342 5.1973 4.59194 4.58385 7.1185 8.7094 8.09462 4.9887 4.58292 6.3694 5.95752 4.41014 4.06649 4.43719 3.50147 5.37632 5.61059 5.63878 4.83922 4.50368 4.00666 8.90531 12.8978
threshold=9.0000000000000018 13.500000000000002 13.500000000000002 51.500000000000007 3.5000000000000004 1.5000000000000002 55.500000000000007 6.5000000000000009 99.500000000000014 1.5000000000000002 104.50000000000001 98.500000000000014 3.5000000000000004 6.5000000000000009 5.5000000000000009 94.500000000000014 87.500000000000014 3.5000000000000004 6.5000000000000009 1.5000000000000002 5.5000000000000009 7.5000000000000009 1.5000000000000002 1.0000000180025095e-35 7.0000000000000009 9.5000000000000018 1.0000000180025095e-35 5.5000000000000009 7.5000000000000009 34.500000000000007
decision_type=2 2 2 2 2 2 2 2 2 2 2 2 2 2 2 2 2 2 2 2 2 2 2 2 2 2 2 2 2 2
left_child=1 6 4 9 7 -6 21 8 15 -4 11 -2 13 -13 -14 16 -3 19 -11 -17 -21 27 23 24 25 26 -23 28 -1 -30
right_child=10 2 3 -5 5 -7 -8 -9 -10 18 -12 12 14 -15 -16 17 -18 -19 -20 20 -22 22 -24 -25 -26 -27 -28 -29 29 -31
leaf_value=-0.0011860536751142165 0.00018959246814976872 -0.0065436518248550195 -0.012204865306421257 0.04719617909815442 -0.012874128249606407 -0.095882413686170301 -0.066788502646223047 0.01980227846878788 0.047779600848181759 -0.070003095113318412 0.0094321616481498581 -0.050065847179402871 -0.15995826481063888 0.045399643707107445 -0.044886361178000385 -0.013815061711068555 0.032515214199251165 0.024400315375887618 -0.15090633573708986 -0.13139366758290763 -0.04169489602665085 0.061076393020488833 0.026536974239029218 0.029634600549598274 -0.095008217989727861 -0.066070705450535935 -0.023830616535009872 -0.004345161846599061 0.014606322482869947 -0.038325650084619162
leaf_weight=1449.8737566974014 18575.005917415721 464.5866094334051 1.9428868219256381 2.9354454879648975 6.1527975723147375 4.3012927304953337 3.9397000381723037 22.424606953747571 4.4620679020881644 4.7632381543517113 134.36634367099032 5.3700294941663724 1.8347830604761832 3.7859010025858879 1.9353587634395806 3.296321973204611 10.677448228932915 2.9397268258035174 2.6060601631179452 2.6076488718390465 2.9254672080278397 2.7729741185903567 27.616203841753304 6.2324099503457537 2.5406733714044085 2.7576964199542999 3.5756307132542133 740.34011298231781 160.64898329414427 12.396582627668975
leaf_count=8065 112246 3100 15 42 34 28 34 231 40 35 1470 38 18 39 26 22 87 27 38 20 22 22 374 46 19 23 29 4465 886 86
internal_value=-9.30265e-05 -0.0021455 -0.00666687 -0.0499593 -0.0056557 -0.0470275 -0.00113987 -0.00481412 -0.00593725 -0.0805853 0.000230298 0.000163781 -0.0369282 -0.0105917 -0.100887 -0.00642939 -0.00566614 -0.0372511 -0.0986135 -0.0577777 -0.0839682 -0.0010325 0.012707 -0.00865461 -0.0291435 -0.0107672 0.0132555 -0.001297 9.35078e-05 0.0108144
internal_weight=21671.6 2949.32 536.622 12.2476 524.374 10.4541 2412.69 513.92 491.495 9.31219 18722.3 18587.9 12.9261 9.15593 3.77014 487.033 475.264 11.7692 7.3693 8.82944 5.53312 2408.76 45.4956 17.8794 11.647 9.1063 6.3486 2363.26 1622.92 173.046
internal_count=131627 17790 3741 130 3611 62 14049 3549 3318 88 113837 112367 121 77 44 3278 3187 91 73 64 42 14015 513 139 93 74 51 13502 9037 972
is_linear=0
shrinkage=0.05


Tree=143
num_leaves=31
num_cat=0
split_feature=5 4 11 6 5 16 3 3 16 3 0 15 2 3 8 2 2 16 5 4 2 2 14 0 4 4 16 15 16 14
split_gain=7.38436 4.73654 4.79088 6.71158 5.93131 6.23741 5.75533 5.71178 17.1899 6.87481 7.20362 5.91231 9.01379 5.18286 6.49627 6.36855 8.92872 6.9839 6.07616 8.8401 5.49397 5.16711 4.94566 4.87903 4.84732 7.32348 4.95898 4.68416 4.61368 4.39587
threshold=1.0000000180025095e-35 82.500000000000014 1.0000000180025095e-35 7.5000000000000009 16.500000000000004 17.500000000000004 32.500000000000007 21.500000000000004 78.500000000000014 52.500000000000007 30.500000000000004 67.500000000000014 9.5000000000000018 1.0000000180025095e-35 3.5000000000000004 8.5000000000000018 51.500000000000007 129.50000000000003 9.5000000000000018 2.5000000000000004 1.5000000000000002 49.500000000000007 41.000000000000007 5.5000000000000009 10.500000000000002 33.500000000000007 22.500000000000004 174.00000000000003 2.5000000000000004 19.000000000000004
decision_type=2 2 2 2 2 2 2 2 2 2 2 2 2 2 2 2 2 2 2 2 2 2 2 2 2 2 2 2 2 2
left_child=27 2 3 4 7 6 29 13 9 10 11 23 -13 14 18 24 17 -17 -2 -20 -21 -12 -11 -9 -15 26 -26 -1 -16 -6
right_child=1 -3 -4 -5 5 -7 -8 8 -10 22 21 12 -14 15 28 16 -18 -19 19 20 -22 -23 -24 -25 25 -27 -28 -29 -30 -31
leaf_value=-0.0016664380762284139 -0.00048734514286231744 0.052188542382083404 -0.00059180802382681268 -0.054631432721086476 -0.020320020428806922 0.048852943820248816 -0.036162411808403482 -0.010400530941425531 -0.10321548791839148 0.029913508096475441 -0.11456026987632562 0.0060893479250878242 -0.12342543752480213 0.0015085684601261699 -0.074348428424754323 0.016004572523578217 -0.021949011867837355 -0.070684930335589091 -0.088390720704897743 -0.060397695067433546 0.054888025312983826 -0.028518914678674324 -0.028011029874707549 0.03157600882798451 0.03251716751701527 -0.010808695821777271 -0.0034755762076603769 0.039324201607824495 -0.01579098804847456 0.042277501878855289
leaf_weight=5547.592108476907 2149.1176802180707 4.4306569080799809 6304.0859609213658 5.3849182277917853 4.0652019632980254 13.298408759292213 6.0282010328955939 38.158562341704965 4.8407011535018674 17.359152007848028 2.8145611211657515 2.7076156651601186 2.6663420824334025 7284.0506323957816 4.6158766299486187 162.44812001660466 18.41037580370903 2.3570080348290494 4.7705956324934942 1.6886845454573629 2.6632082462310791 4.5913786441087723 4.6780744418501845 8.4565858580172044 41.05574259813875 20.839935626834631 12.478409704752265 6.9782841354608527 12.400189682841299 9.0442966199479979
leaf_count=29201 12126 89 37738 25 105 448 83 240 42 111 23 21 22 48165 21 1856 108 39 43 17 42 25 29 86 427 122 179 52 60 225
internal_value=-4.23702e-05 0.00049851 0.000484325 0.00117369 0.00120424 0.0225501 0.00427277 0.00113362 -0.0116749 -0.00623332 -0.0150826 -0.00851045 -0.0581707 0.00124734 -0.000902812 0.00186751 0.0110756 0.0147648 -0.000660192 -0.0413802 0.0101532 -0.0612182 0.0176173 -0.00278545 0.00163824 0.0143383 0.0241275 -0.00161494 -0.0316756 0.0228663
internal_weight=21704.1 16149.5 16145.1 9840.99 9835.61 32.4361 19.1377 9803.17 86.273 81.4323 59.395 51.9891 5.37396 9716.9 2175.26 7541.64 183.216 164.805 2158.24 9.12249 4.35189 7.40594 22.0372 46.6151 7358.42 74.3741 53.5342 5554.57 17.0161 13.1095
internal_count=131770 102517 102428 64690 64665 861 413 63804 599 557 417 369 43 63205 12309 50896 2003 1895 12228 102 59 48 140 326 48893 728 606 29253 81 330
is_linear=0
shrinkage=0.05


Tree=144
num_leaves=31
num_cat=0
split_feature=7 17 14 16 15 2 16 15 6 10 17 0 6 8 7 8 0 5 15 14 14 14 16 3 8 6 15 15 15 17
split_gain=5.4395 6.8847 7.99901 14.5387 6.50323 6.61704 6.61559 5.74689 6.81604 5.60887 5.12348 5.02381 4.95047 9.67625 4.80401 6.10523 4.37296 6.47076 6.43566 6.18349 6.65192 8.31768 8.65827 6.15984 8.26746 6.04826 5.93011 10.3115 5.58556 8.1956
threshold=2.5000000000000004 2.5000000000000004 5.0000000000000009 14.500000000000002 1.5000000000000002 1.5000000000000002 5.5000000000000009 2.5000000000000004 4.5000000000000009 1.0000000180025095e-35 5.5000000000000009 7.5000000000000009 5.5000000000000009 1.0000000180025095e-35 7.5000000000000009 1.0000000180025095e-35 12.500000000000002 2.5000000000000004 5.5000000000000009 39.000000000000007 27.000000000000004 29.000000000000004 3.5000000000000004 1.5000000000000002 1.0000000180025095e-35 2.5000000000000004 10.500000000000002 7.5000000000000009 16.500000000000004 19.500000000000004
decision_type=2 2 2 2 2 2 2 2 2 2 2 2 2 2 2 2 2 2 2 2 2 2 2 2 2 2 2 2 2 2
left_child=11 2 3 9 -3 -6 7 -7 10 -2 -9 -1 14 -14 -4 -16 19 18 -18 20 23 22 -22 28 -25 -23 27 -21 29 -13
right_child=1 4 12 -5 5 6 -8 8 -10 -11 -12 16 13 -15 15 -17 17 -19 -20 26 21 25 -24 24 -26 -27 -28 -29 -30 -31
leaf_value=2.2954857789087025e-05 -0.036094626703897417 0.0096432944068624571 -0.0070829458039641611 -0.11960836491978843 0.003440349278658922 -0.044933362047711353 0.0032960385146268908 0.0055745364586854808 -0.058261390634460931 0.010559070437651634 -0.019556953615215342 -0.002777512787087271 -0.042473683479173824 0.039256221925017071 0.00450577981799138 -0.071936724958798798 0.013623360280364963 -0.0070924377008416799 -0.0067356864977622354 0.015714308454242844 -0.10930078280795069 0.0028276056382517192 -0.01098768099702627 0.022768603344851097 -0.0041693246550393286 -0.062584233044470208 0.037735110985315901 -0.062616631116468299 0.025272326389111557 -0.058126504048047083
leaf_weight=20156.429011265514 18.526441443711523 128.9727278649807 306.30314954882488 4.1932932361960402 165.05285891331732 16.726403295993805 55.188692277297378 35.266554509289563 7.629475148394703 9.8769102022051793 47.72336164303124 58.387815326452255 4.8853948302567032 13.99794354662299 4.3918830305337888 6.445106565952301 116.27664072439075 160.06039105309173 58.268477737903595 69.717097552493215 4.0856963358819467 40.850082443095744 4.9560202797874808 93.292390424292535 41.00067316647619 3.8685993552207938 28.772207207977772 4.470847360789775 14.38246384449303 7.5532755218446246
leaf_count=120998 93 651 1537 22 823 80 374 187 36 45 274 376 22 64 22 30 682 1729 354 601 33 435 60 1048 431 27 339 44 119 59
internal_value=1.06761e-05 -0.00397087 -0.0090536 -0.0327017 0.000132862 -0.00361144 -0.0107725 -0.0180054 -0.0130351 -0.0198714 -0.00887733 0.00016816 -0.00675957 0.0181115 -0.00824046 -0.040957 0.00431414 0.000168503 0.00682689 0.00804969 0.00405333 -0.0116746 -0.0554126 0.0079931 0.0145443 -0.00283115 0.0184666 0.0109938 -0.00295978 -0.00911751
internal_weight=21687.6 825.18 368.62 32.5966 456.56 327.587 162.534 107.346 90.6194 28.4034 82.9899 20862.4 336.023 18.8833 317.14 10.837 705.943 334.606 174.545 371.337 268.377 53.7604 9.04172 214.617 134.293 44.7187 102.96 74.1879 80.3236 65.9411
internal_count=131595 4260 1835 160 2425 1774 951 577 497 138 461 127335 1675 86 1589 52 6337 2765 1036 3572 2588 555 93 2033 1479 462 984 645 554 435
is_linear=0
shrinkage=0.05


Tree=145
num_leaves=31
num_cat=0
split_feature=1 3 1 15 4 1 0 16 9 4 11 3 17 15 2 16 1 7 10 17 15 7 2 16 13 15 3 17 1 7
split_gain=5.30115 7.44886 4.80417 7.71479 6.06298 8.49086 6.90249 9.45222 13.1677 6.13743 7.96406 6.21882 5.91385 5.61038 7.85612 5.63759 5.37891 4.87384 4.65359 6.43967 5.57424 4.61591 5.32739 4.72491 5.62526 5.7538 6.21833 7.26722 5.53545 6.88812
threshold=5.5000000000000009 81.500000000000014 17.500000000000004 67.500000000000014 1.0000000180025095e-35 12.500000000000002 3.5000000000000004 13.500000000000002 1.0000000180025095e-35 1.5000000000000002 1.0000000180025095e-35 2.5000000000000004 5.5000000000000009 16.500000000000004 1.5000000000000002 1.5000000000000002 64.500000000000014 2.5000000000000004 2.5000000000000004 7.5000000000000009 2.5000000000000004 1.0000000180025095e-35 55.500000000000007 47.500000000000007 1.0000000180025095e-35 51.500000000000007 7.5000000000000009 13.500000000000002 2.5000000000000004 3.5000000000000004
decision_type=2 2 2 2 2 2 2 2 2 2 2 2 2 2 2 2 2 2 2 2 2 2 2 2 2 2 2 2 2 2
left_child=1 21 3 4 6 17 13 -8 -9 10 11 -7 -4 -2 -15 -16 -14 -6 -19 20 -20 22 -1 -23 25 26 -25 -28 -26 -30
right_child=2 -3 12 -5 5 9 7 8 -10 -11 -12 -13 16 14 15 -17 -18 18 19 -21 -22 23 -24 24 28 -27 27 -29 29 -31
leaf_value=0.00041939463529190151 0.020060686523927476 -0.069030824501138094 0.0028404357137848226 0.022848536939033177 0.0018859174543660647 0.052046127695240169 0.0051591441697896425 -0.0074111454551977068 -0.13545739661396461 0.033510282135423855 -0.075505324856887324 -0.040308209707534605 -0.017596170961868246 0.030091710344517155 -0.095699183253463466 -0.014774909298869699 0.012177329174944735 -0.0051313812487997577 -0.11071235859946862 0.0045073484007311336 -0.032162603656428743 -0.0014931605682725153 0.048694304626069239 0.010232879762440389 0.0060123569240176332 0.036776055727784897 -0.060906345029566482 0.038686636093744037 -0.022084102733789232 0.064953689982944762
leaf_weight=14142.120953782927 137.62151259183884 3.915392354130744 177.12950679520145 55.276616541668773 693.20779322320595 4.9225501045584661 44.030724585056305 5.8570200428366643 3.0550304874777794 33.712352649774402 3.2280277125537395 2.8946304228156805 84.273980948142707 7.7175955325365093 2.8812053278088561 8.5054977610707265 18.499595624394715 66.853438734076917 3.5246205106377619 6.2658239491283885 6.2878371328115463 5922.115556627512 5.7172451140359035 138.50604306906462 60.068036029115319 19.105964512564242 6.4524261318147165 2.5577749358490109 41.606930899433792 2.4045014530420294
leaf_count=84803 866 29 1240 881 6790 35 305 49 24 517 23 25 812 53 22 62 149 451 18 40 35 32417 38 1019 424 230 51 29 347 15
internal_value=0.000129735 -7.2699e-05 0.00314525 0.00465087 0.0036748 0.0017366 0.0112632 -0.00434569 -0.0513051 0.0229123 -0.00943495 0.0178482 -0.00269557 0.016536 -0.00885462 -0.0352514 -0.0122368 0.000515464 -0.0109398 -0.0350914 -0.0603776 -5.94252e-05 0.000438903 -0.00119788 0.00526187 0.0109584 0.00761458 -0.0326343 -0.00385782 -0.0173289
internal_weight=21710.3 20344.6 1365.75 1085.84 1030.57 820.897 209.669 52.9428 8.91205 44.7576 11.0452 7.81718 279.903 156.726 19.1043 11.3867 102.774 776.14 82.9317 16.0783 9.81246 20340.7 14147.8 6192.82 270.702 166.622 147.516 9.0102 104.079 44.0114
internal_count=131799 119402 12397 10196 9315 7934 1381 378 73 600 83 60 2201 1003 137 84 961 7334 544 93 53 119373 84841 34532 2115 1329 1099 80 786 362
is_linear=0
shrinkage=0.05


Tree=146
num_leaves=31
num_cat=0
split_feature=6 14 16 16 3 3 3 3 5 16 0 2 1 8 0 11 13 14 1 0 0 4 16 0 2 14 16 6 16 1
split_gain=5.92791 6.61237 5.1812 5.03781 7.09114 6.18378 5.5074 5.37227 8.364 5.20518 8.06138 9.6003 5.70548 4.56329 4.54431 4.66664 6.6442 4.93233 8.74612 8.5756 9.5652 5.46822 7.61278 4.64738 5.34863 5.25634 12.0618 4.87308 4.61919 4.5234
threshold=1.0000000180025095e-35 1.0000000180025095e-35 157.50000000000003 77.500000000000014 34.500000000000007 65.500000000000014 42.500000000000007 6.5000000000000009 15.500000000000002 1.0000000180025095e-35 1.0000000180025095e-35 1.5000000000000002 1.5000000000000002 1.0000000180025095e-35 9.5000000000000018 1.0000000180025095e-35 1.0000000180025095e-35 11.000000000000002 53.500000000000007 42.500000000000007 28.500000000000004 3.5000000000000004 4.5000000000000009 7.5000000000000009 53.500000000000007 7.0000000000000009 2.5000000000000004 1.5000000000000002 58.500000000000007 2.5000000000000004
decision_type=2 2 2 2 2 2 2 2 2 2 2 2 2 2 2 2 2 2 2 2 2 2 2 2 2 2 2 2 2 2
left_child=1 29 3 5 7 9 -6 8 -5 10 11 -2 -13 -14 23 16 -16 19 21 20 -18 22 -19 24 -11 26 -25 -28 -17 -1
right_child=2 -3 -4 4 6 -7 -8 -9 -10 14 -12 12 13 -15 15 28 17 18 -20 -21 -22 -23 -24 25 -26 -27 27 -29 -30 -31
leaf_value=-0.0090411238879783799 -0.028164738295062441 0.000960411536340952 0.030544764581789199 -0.010693436426238649 -0.16390569630628155 0.037723480306897886 -0.033381122109532327 0.030455691140232544 -0.091198577711646744 -0.00035908237553931789 -0.0028269328530321331 0.025780945624583208 -0.045097738266224777 0.017964593475999959 -0.004325946100566776 0.0001069309768056705 -0.0081748977983185558 -0.01699579218121498 -0.11996602253979538 0.041669572353521797 -0.10342668101190362 0.0019229242872309011 -0.07467719293256829 0.066067849790150193 0.04132326959027699 0.013912909488241323 -0.014327703062001405 -0.082206479818271005 0.05812532687549065 0.0025932252529108075
leaf_weight=279.72285177372396 68.300959214568138 14363.311140221078 12.998793417587875 67.388021036051214 1.3212999831885093 10.345304160378872 2.0810095258057117 7.3169747446663669 3.3885494982823721 5411.8997208815999 902.17401039972901 16.262399777770046 7.1350160613656026 4.7975019067525864 105.07648580055684 80.731516879983246 14.217875979840761 12.779270756989719 2.9158660583198062 6.4417463941499582 3.2354185283184043 9.6915553389117104 10.355481062084435 3.2156283166259518 7.707187636755406 100.00175508856773 5.9795593880116922 4.7400976829230785 3.5828905068337908 119.12394800363109
leaf_count=1573 446 88830 148 545 10 102 35 103 57 30728 5073 80 40 25 788 578 127 78 17 45 20 100 68 21 55 792 54 31 44 866
internal_value=0.000218978 0.000784072 -0.000992452 -0.0010521 -0.0134097 -0.000903812 -0.0840708 -0.0103312 -0.0145478 -0.000962741 -0.00429611 -0.0180319 0.00651437 -0.0197434 -0.000387057 -0.00699431 -0.0118914 -0.0252211 -0.0369782 -0.00763478 -0.0258323 -0.0296066 -0.0428149 -8.97086e-05 -0.000299806 0.00990393 -0.0188651 -0.0443428 0.00257239 -0.00556628
internal_weight=21648.2 14762.2 6886.08 6873.08 81.4959 6791.59 3.40231 78.0935 70.7766 6781.24 998.67 96.4959 28.1949 11.9325 5782.57 249.028 164.714 59.6372 35.7422 23.895 17.4533 32.8263 23.1348 5533.54 5419.61 113.937 13.9353 10.7197 84.3144 398.847
internal_count=131479 91269 40210 40062 750 39312 45 705 602 39210 5664 591 145 65 33546 1865 1243 455 263 192 147 246 146 31681 30783 898 106 85 622 2439
is_linear=0
shrinkage=0.05


Tree=147
num_leaves=31
num_cat=0
split_feature=2 16 5 4 13 14 17 15 14 5 10 7 17 17 16 0 16 5 0 7 11 16 5 17 5 1 14 14 0 0
split_gain=4.0504 6.00859 6.85584 6.95878 6.16648 5.89312 10.5 15.5417 10.3318 9.50988 8.71619 6.39673 8.19427 6.52968 8.66421 5.67594 5.5311 8.63337 5.50198 5.48051 5.71971 6.60527 5.43206 5.35881 5.31906 8.41775 7.11719 7.42272 6.46141 5.77087
threshold=1.0000000180025095e-35 3.5000000000000004 11.500000000000002 7.5000000000000009 1.0000000180025095e-35 9.0000000000000018 7.5000000000000009 69.500000000000014 7.0000000000000009 1.0000000180025095e-35 2.5000000000000004 1.0000000180025095e-35 68.500000000000014 13.500000000000002 7.5000000000000009 55.500000000000007 10.500000000000002 8.5000000000000018 7.5000000000000009 3.5000000000000004 4.5000000000000009 1.0000000180025095e-35 3.5000000000000004 66.500000000000014 1.5000000000000002 1.0000000180025095e-35 27.000000000000004 23.000000000000004 4.5000000000000009 1.0000000180025095e-35
decision_type=2 2 2 2 2 2 2 2 2 2 2 2 2 2 2 2 2 2 2 2 2 2 2 2 2 2 2 2 2 2
left_child=5 4 16 -4 15 6 -1 8 10 -10 11 13 -13 14 -8 19 17 18 -3 -2 21 -21 -15 -19 -18 26 27 -26 -29 -28
right_child=1 2 3 -5 -6 -7 7 -9 9 -11 -12 12 -14 22 -16 -17 24 23 -20 20 -22 -23 -24 -25 25 -27 29 28 -30 -31
leaf_value=-0.0024147701707766707 3.7571896320198384e-05 -0.0021359754199758202 0.026648823625468922 0.001252652729473567 0.0028965565521584602 -0.00061673329563431819 -0.0053195552572112958 -0.095336093933419921 0.0073170300390602155 -0.0599007112347585 0.049637633711061585 -0.017323860402109811 -0.081134654681579071 0.018048313158206954 -0.067766744482373228 -0.025027305027164201 -0.0015255330655665408 -0.028623215356873701 0.0079727672762002367 0.029253716836542817 0.04848105135255832 -0.00051697886607718899 -0.023731491085566051 0.055660367063250109 -0.0028744244795423433 0.0044524980496453703 -0.030615284216409522 0.029012217257051016 -0.032979488339142098 -0.0071740519254143197
leaf_weight=587.85429732128978 5230.2083330196328 4253.8647083407268 45.440742859616876 66.371206204639748 3326.3858440481126 4648.1142928116024 22.169363260269169 6.1107257129624477 7.1864204257726696 19.649404909461737 6.3140708785504094 28.704134467989206 6.1003188118338576 36.373012386262417 7.4113813564181319 22.282410191372037 1423.7904740534723 39.863037937320769 139.00460139475763 26.017120081931353 9.6093984991312009 65.635354433208704 9.896664407104252 1.9795700311660755 166.83690385892987 1325.5437399670482 34.474859654903412 34.122205704450607 4.7939412593841544 110.12485180795193
leaf_count=3097 31325 25081 874 1210 19847 25225 114 51 37 112 32 157 35 208 41 134 8639 423 1087 125 47 312 75 31 1065 11255 203 209 36 720
internal_value=-8.66564e-05 0.000305582 -0.00071642 0.0115737 0.00120585 -0.00127566 -0.00542703 -0.0172388 -0.0139202 -0.0419003 -0.00750084 -0.0107612 -0.0285082 -0.00261788 -0.0209655 0.000155382 -0.000898809 -0.00203141 -0.0018161 0.000260631 0.0117817 0.00793394 0.00911199 -0.0246358 0.000721602 0.0026307 -0.00426199 0.00171224 0.0213757 -0.0127628
internal_weight=21712.2 16326.3 7646.21 111.812 8680.14 5385.88 737.77 149.915 143.805 26.8358 116.969 110.655 34.8045 75.8504 29.5807 5353.75 7534.4 4434.71 4392.87 5331.47 101.262 91.6525 46.2697 41.8426 3099.69 1675.9 350.353 205.753 38.9161 144.6
internal_count=131807 102623 50833 2084 51790 29184 3959 862 811 149 662 630 192 438 155 31943 48749 26622 26168 31809 484 437 283 454 22127 13488 2233 1310 245 923
is_linear=0
shrinkage=0.05


Tree=148
num_leaves=31
num_cat=0
split_feature=16 7 7 11 8 17 16 0 1 14 1 2 1 3 11 17 16 0 3 17 15 16 16 6 1 6 5 15 15 14
split_gain=5.08765 3.16982 3.10029 3.57215 2.71791 2.70835 2.60497 4.83898 3.69369 6.29975 7.32035 2.81844 2.77165 4.87661 2.44779 6.08429 4.99131 5.35107 7.05934 5.4406 5.04606 7.55938 7.16436 6.67365 6.40407 4.65605 7.22988 5.5046 4.62893 4.066
threshold=147.50000000000003 14.500000000000002 11.500000000000002 10.500000000000002 2.5000000000000004 183.00000000000003 198.00000000000003 1.5000000000000002 2.5000000000000004 39.000000000000007 5.5000000000000009 6.5000000000000009 3.5000000000000004 2.5000000000000004 2.5000000000000004 55.500000000000007 3.5000000000000004 2.5000000000000004 1.5000000000000002 17.500000000000004 3.5000000000000004 24.500000000000004 11.500000000000002 1.5000000000000002 2.5000000000000004 4.5000000000000009 2.5000000000000004 33.500000000000007 22.500000000000004 23.000000000000004
decision_type=2 2 2 2 2 2 2 2 2 2 2 2 2 2 2 2 2 2 2 2 2 2 2 2 2 2 2 2 2 2
left_child=1 2 3 5 -5 14 8 -8 11 12 -11 -2 13 -10 -1 16 28 18 -18 20 21 22 -19 -23 25 26 -22 -28 -16 -30
right_child=6 -3 -4 4 -6 -7 7 -9 9 10 -12 -13 -14 -15 15 -17 17 19 -20 -21 24 23 -24 -25 -26 -27 27 -29 29 -31
leaf_value=-0.00010725175110285041 0.047144923012868989 0.039411963005992645 -0.040542923600740979 -0.007000286633533602 -0.062505593059993481 0.025416072743507503 -0.067368959399374734 0.02590730807078084 0.055709526770180984 -0.08604159193497847 0.023482700052908281 -0.014849763566665189 0.055412194691687622 -0.062795034229652977 0.0035086232344502034 0.024388321460647445 0.0079840918791259236 -0.033110229087705306 -0.008873603966306055 0.021881156839254637 -0.091294199973089324 -0.11942050699245904 0.036063324277762376 -0.020190064098744624 0.021196658151167877 0.020446892177476656 -0.0016950969556156011 -0.066869253369564716 0.0031654781045805367 0.030506214689500211
leaf_weight=20877.261777294567 15.14466943498701 5.0987361669540396 4.7180868163704863 4.9737074598669988 3.9626659452915192 10.481174191460012 2.3732209280133238 3.3576262081041932 1.7828082460910066 3.1709541995078316 2.9402988245710731 2.085824714973568 5.3232773693744093 1.6921037547290323 320.2933889888227 31.290127784945071 150.36402759049088 20.136845210567124 105.79846620559692 9.5358973159454745 4.0540787130594316 4.1636108811944714 4.5978222563862792 2.8570929598063231 13.70103972032666 5.4965524002909651 13.527483098208906 4.2600347436964503 23.334151626564562 32.591840144246817
leaf_count=126916 156 30 23 35 23 105 20 49 22 40 36 23 98 23 1603 250 768 107 596 81 21 34 26 18 114 26 86 33 137 192
internal_value=2.50458e-05 -6.97951e-06 -1.62641e-05 -7.4293e-06 -0.0316131 5.62622e-06 0.0183354 -0.0127196 0.0238728 0.00565081 -0.0333463 0.0396402 0.0327383 -0.00199611 -6.69067e-06 0.00280756 0.00186276 -0.00254236 0.00102164 -0.0136314 -0.0182834 -0.0332488 -0.0202519 -0.0790384 -0.00670349 -0.0206862 -0.0310375 -0.017304 0.00582614 0.0190988
internal_weight=21690.4 21652.5 21647.4 21642.7 8.93637 21633.7 37.8708 5.73085 32.1399 14.9094 6.11125 17.2305 8.79819 3.47491 21623.3 746.002 714.712 338.493 256.162 82.3305 72.7946 31.7554 24.7347 7.0207 41.0392 27.3381 21.8416 17.7875 376.219 55.926
internal_count=131691 131224 131194 131171 58 131113 467 69 398 219 76 179 143 45 131008 4092 3842 1910 1364 546 465 185 133 52 280 166 140 119 1932 329
is_linear=0
shrinkage=0.05


end of trees

feature_importances:
precursor_rate_1=429
read_rate_t-1=415
precursor_rate_0=395
read_rate_t-5=393
read_rate_t-2=389
read_rate_t-4=361
read_rate_t-6=353
precursor_rate_2=351
read_rate_t-3=314
second=218
write_rate_t-4=159
write_rate_t-6=152
write_rate_t-5=147
write_rate_t-3=130
write_rate_t-2=124
write_rate_t-1=124
minute=16

parameters:
[boosting: gbdt]
[objective: binary]
[metric: binary_logloss]
[tree_learner: serial]
[device_type: cpu]
[data_sample_strategy: bagging]
[data: ]
[valid: ]
[num_iterations: 500]
[learning_rate: 0.05]
[num_leaves: 31]
[num_threads: 0]
[seed: 42]
[deterministic: 0]
[force_col_wise: 0]
[force_row_wise: 0]
[histogram_pool_size: -1]
[max_depth: -1]
[min_data_in_leaf: 20]
[min_sum_hessian_in_leaf: 0.001]
[bagging_fraction: 0.8]
[pos_bagging_fraction: 1]
[neg_bagging_fraction: 1]
[bagging_freq: 1]
[bagging_seed: 400]
[bagging_by_query: 0]
[feature_fraction: 0.9]
[feature_fraction_bynode: 1]
[feature_fraction_seed: 30056]
[extra_trees: 0]
[extra_seed: 12879]
[early_stopping_round: 0]
[early_stopping_min_delta: 0]
[first_metric_only: 0]
[max_delta_step: 0]
[lambda_l1: 0]
[lambda_l2: 0]
[linear_lambda: 0]
[min_gain_to_split: 0]
[drop_rate: 0.1]
[max_drop: 50]
[skip_drop: 0.5]
[xgboost_dart_mode: 0]
[uniform_drop: 0]
[drop_seed: 17869]
[top_rate: 0.2]
[other_rate: 0.1]
[min_data_per_group: 100]
[max_cat_threshold: 32]
[cat_l2: 10]
[cat_smooth: 10]
[max_cat_to_onehot: 4]
[top_k: 20]
[monotone_constraints: ]
[monotone_constraints_method: basic]
[monotone_penalty: 0]
[feature_contri: ]
[forcedsplits_filename: ]
[refit_decay_rate: 0.9]
[cegb_tradeoff: 1]
[cegb_penalty_split: 0]
[cegb_penalty_feature_lazy: ]
[cegb_penalty_feature_coupled: ]
[path_smooth: 0]
[interaction_constraints: ]
[verbosity: -1]
[saved_feature_importance_type: 0]
[use_quantized_grad: 0]
[num_grad_quant_bins: 4]
[quant_train_renew_leaf: 0]
[stochastic_rounding: 1]
[linear_tree: 0]
[max_bin: 255]
[max_bin_by_feature: ]
[min_data_in_bin: 3]
[bin_construct_sample_cnt: 200000]
[data_random_seed: 175]
[is_enable_sparse: 1]
[enable_bundle: 1]
[use_missing: 1]
[zero_as_missing: 0]
[feature_pre_filter: 1]
[pre_partition: 0]
[two_round: 0]
[header: 0]
[label_column: ]
[weight_column: ]
[group_column: ]
[ignore_column: ]
[categorical_feature: ]
[forcedbins_filename: ]
[precise_float_parser: 0]
[parser_config_file: ]
[objective_seed: 16083]
[num_class: 1]
[is_unbalance: 0]
[scale_pos_weight: 1]
[sigmoid: 1]
[boost_from_average: 1]
[reg_sqrt: 0]
[alpha: 0.9]
[fair_c: 1]
[poisson_max_delta_step: 0.7]
[tweedie_variance_power: 1.5]
[lambdarank_truncation_level: 30]
[lambdarank_norm: 1]
[label_gain: ]
[lambdarank_position_bias_regularization: 0]
[eval_at: ]
[multi_error_top_k: 1]
[auc_mu_weights: ]
[num_machines: 1]
[local_listen_port: 12400]
[time_out: 120]
[machine_list_filename: ]
[machines: ]
[gpu_platform_id: -1]
[gpu_device_id: -1]
[gpu_device_id_list: ]
[gpu_use_dp: 0]
[num_gpu: 1]

end of parameters

pandas_categorical:null
